#VRML V2.0 utf8
# 3D model generated by easyeda2kicad.py (https://github.com/uPesy/easyeda2kicad.py)

Shape{
    appearance Appearance {
        material  Material 	{
            diffuseColor 0.7529411764705882 0.7529411764705882 0.7529411764705882
            specularColor 0.3764705882352941 0.3764705882352941 0.3764705882352941
            ambientIntensity 0.2
            transparency 0
            shininess 0.5
        }
    }
    geometry IndexedFaceSet {
        ccw TRUE
        solid FALSE
        coord DEF co Coordinate {
            point [
                -1.2598 0.7173 0.6476, -1.2598 0.6988 0.6378, -1.2598 0.7382 0.6824, -1.2598 -0.9469 0.2598, -1.2598 0.4823 0.2598, -1.2598 -0.2403 0.1496, -1.2598 0.6988 0.1496, -1.2598 -0.9733 0.1211, -1.2598 -0.9744 0.1305, -1.2598 -0.9384 0.0945, -1.2598 0.7382 1.1531, -1.2598 -0.3917 0.0945, -1.2598 -0.9567 0.099, -1.2598 -0.9645 0.1044, -1.2598 -0.9699 0.1122, -1.2598 0.7346 0.6659, -1.2598 0.7302 0.6586, -1.2598 0.7243 0.6524, -1.2598 -0.9731 0.2262, -1.2598 -0.9691 0.2357, -1.2598 -0.9629 0.2438, -1.2598 -0.9478 0.0956, -1.2598 -0.9744 0.216, -1.2598 0.6694 1.2115, -1.2598 0.6782 1.2082, -1.2598 0.7373 0.6739, -1.2598 0.4823 1.2126, -1.2598 0.66 1.2126, -1.2598 0.717 1.188, -1.2598 0.7241 1.1832, -1.2598 0.7373 1.1616, -1.2598 0.73 1.1771, -1.2598 0.7345 1.1697, -1.1614 0.6594 0.1693, -1.1614 0.4626 0.1693, -1.1614 0.4626 0.1496, -1.1614 0.6988 0.1496, -1.1614 0.6988 0.6378, -1.1614 0.6594 1.2126, -1.1614 0.7173 0.6476, -1.1614 0.66 1.2126, -1.1614 0.6694 1.2115, -1.1614 0.7382 0.6824, -1.1614 0.7373 0.6739, -1.1614 0.7243 0.6524, -1.1614 0.7346 0.6659, -1.1614 0.7302 0.6586, -1.1614 0.7382 1.1531, -1.1614 0.717 1.188, -1.1614 0.7373 1.1616, -1.1614 0.6782 1.2082, -1.1614 0.7345 1.1697, -1.1614 0.73 1.1771, -1.1614 0.7241 1.1832, -1.1614 -0.9384 0.0945, -1.1614 -0.3917 0.0945, -1.1614 -0.2944 0.1299, -1.1614 -0.9744 0.1299, -1.1614 -0.9733 0.1211, -1.1614 -0.9699 0.1122, -1.1614 -0.9645 0.1044, -1.1614 -0.9567 0.099, -1.1614 -0.9478 0.0956, -1.1614 -0.9629 0.2438, -1.1614 -0.8618 0.3449, -1.2598 -0.8618 0.3449, -1.1614 0.1476 1.0536, -1.1614 0.3864 1.0536, -1.2598 0.1476 1.0536, -1.2598 0.3864 1.0536, -1.2598 0.3864 1.1339, -1.1614 0.3864 1.1339, -1.2598 0.4651 1.2126, -1.1614 0.4651 1.2126, -1.1614 -0.2403 0.1496, -1.1614 -0.9744 0.216, -1.1614 -0.9744 0.1305, -1.1614 -0.9731 0.2262, -1.1614 -0.9691 0.2357, -1.1614 -0.9691 0.2357
            ]
        }
        coordIndex [
            0,1,2,-1,3,4,5,-1,5,4,6,-1,7,8,9,-1,2,1,10,-1,9,8,11,-1,12,13,14,-1,15,16,17,-1,18,19,5,-1,5,19,20,-1,5,20,3,-1,7,9,14,-1,14,9,21,-1,14,21,12,-1,11,8,5,-1,5,8,22,-1,5,22,18,-1,23,24,10,-1,0,2,17,-1,17,2,25,-1,17,25,15,-1,6,4,1,-1,1,4,26,-1,1,26,10,-1,10,26,27,-1,10,27,23,-1,24,28,10,-1,10,28,29,-1,10,29,30,-1,30,29,31,-1,30,31,32,-1,33,34,35,-1,35,36,33,-1,33,36,37,-1,33,37,38,-1,38,37,39,-1,38,39,40,-1,40,39,41,-1,42,39,43,-1,43,39,44,-1,43,44,45,-1,45,44,46,-1,42,47,48,-1,48,47,49,-1,42,48,39,-1,39,48,50,-1,39,50,41,-1,49,51,48,-1,48,51,52,-1,48,52,53,-1,54,55,56,-1,56,57,54,-1,54,57,58,-1,54,58,59,-1,60,61,59,-1,59,61,62,-1,59,62,54,-1,20,63,3,-1,3,63,64,-1,3,64,65,-1,66,67,68,-1,68,67,69,-1,70,69,71,-1,71,69,67,-1,72,70,73,-1,73,70,71,-1,72,73,26,-1,26,73,38,-1,26,38,27,-1,27,38,40,-1,50,48,24,-1,24,48,28,-1,47,42,10,-1,10,42,2,-1,39,37,0,-1,0,37,1,-1,6,1,36,-1,36,1,37,-1,74,5,35,-1,35,5,6,-1,35,6,36,-1,55,11,56,-1,56,11,5,-1,56,5,74,-1,9,11,54,-1,54,11,55,-1,22,8,75,-1,75,8,76,-1,27,40,41,-1,27,41,23,-1,23,41,50,-1,23,50,24,-1,28,48,53,-1,28,53,29,-1,29,53,52,-1,29,52,31,-1,31,52,51,-1,31,51,32,-1,32,51,49,-1,32,49,30,-1,30,49,47,-1,30,47,10,-1,2,42,43,-1,2,43,25,-1,25,43,45,-1,25,45,15,-1,15,45,46,-1,15,46,16,-1,16,46,44,-1,16,44,17,-1,17,44,39,-1,17,39,0,-1,22,75,77,-1,22,77,18,-1,18,77,78,-1,18,78,19,-1,19,78,63,-1,19,63,20,-1,9,54,62,-1,9,62,21,-1,21,62,61,-1,21,61,12,-1,12,61,60,-1,12,60,13,-1,76,8,57,-1,57,8,7,-1,57,7,58,-1,58,7,14,-1,58,14,59,-1,59,14,13,-1,59,13,60,-1,
        ]
    }
}
Shape{
    appearance Appearance {
        material  Material 	{
            diffuseColor 1.0 0.9764705882352941 0.9058823529411765
            specularColor 0.5019607843137255 0.48627450980392156 0.45098039215686275
            ambientIntensity 0.2
            transparency 0
            shininess 0.5
        }
    }
    geometry IndexedFaceSet {
        ccw TRUE
        solid FALSE
        coord DEF co Coordinate {
            point [
                -1.2598 0.4823 1.2126, -1.2598 0.4823 1.2323, -1.2598 0.4651 1.2126, -1.2598 0.4626 1.2323, -1.2598 0.3864 1.1339, -1.2598 0.1476 1.0536, -1.2598 0.3864 1.0536, -1.2598 -0.9744 0.2598, -1.2598 -0.9469 0.2598, -1.2598 -0.9744 1.2835, -1.2598 -0.8618 0.3449, -1.2598 0.4626 1.2835, -1.2598 0.1476 0.3449, -1.1614 0.4626 0.1496, -1.1614 0.4626 0.1299, -1.1614 -0.2403 0.1496, -1.1614 -0.2944 0.1299, -1.1614 -0.9941 0.2598, -1.1614 -0.9731 0.2262, -1.1614 -0.9744 0.216, -1.1614 0.6594 1.2323, -1.1614 0.6594 1.2126, -1.1614 0.4626 1.2323, -1.1614 0.4651 1.2126, -1.1614 0.3864 1.1339, -1.1614 -0.9941 0.1299, -1.1614 -0.9744 0.1305, -1.1614 -0.9744 0.1299, -1.1614 0.4626 1.2835, -1.1614 -0.9744 1.2835, -1.1614 0.1476 1.0536, -1.1614 0.3864 1.0536, -1.1614 0.1476 0.3449, -1.1614 -0.8618 0.3449, -1.1614 -0.9744 0.2598, -1.1614 -0.9629 0.2438, -1.1614 -0.9691 0.2357, 1.1614 -0.2403 0.1496, 1.1614 -0.2944 0.1299, 1.1614 0.4626 0.1496, 1.1614 0.4626 0.1299, 1.437 -0.4555 1.0973, 1.437 -0.4645 1.0962, 1.437 -0.4342 1.0958, 1.437 0.0389 0.2598, 1.437 0.4626 0.2598, 1.437 0.4626 1.0746, 1.437 -0.5523 1.0856, 1.437 -0.551 1.087, 1.437 -0.551 1.0958, 1.437 -0.6322 1.1924, 1.437 -0.6331 1.1945, 1.437 -0.6331 1.1805, 1.437 -0.5753 1.0959, 1.437 -0.5762 1.0958, 1.437 -0.5635 1.0958, 1.437 -0.5179 1.1496, 1.437 -0.5011 1.1496, 1.437 -0.5011 1.1648, 1.437 -0.7339 1.1927, 1.437 -0.7236 1.184, 1.437 -0.6876 1.2348, 1.437 -0.6876 1.1805, 1.437 -0.7835 1.2397, 1.437 -0.7762 1.2348, 1.437 -0.7676 1.2289, 1.437 -0.7549 1.2143, 1.437 -0.7471 1.1989, 1.437 -0.7452 1.1983, 1.437 -0.855 1.2398, 1.437 -0.8375 1.2464, 1.437 -0.9941 1.3307, 1.437 -0.6876 1.3307, 1.437 -0.8192 1.2486, 1.437 -0.8024 1.2467, 1.437 -0.9941 1.2348, 1.437 -0.9051 1.216, 1.437 -0.8901 1.2179, 1.437 -0.9941 1.1805, 1.437 -0.9462 1.1805, 1.437 -0.9429 1.188, 1.437 -0.9338 1.1997, 1.437 -0.8632 1.2348, 1.437 -0.8647 1.2338, 1.437 -0.8736 1.2262, 1.437 -0.8858 1.2176, 1.437 -0.8814 1.2171, 1.437 -0.9312 1.2021, 1.437 -0.9192 1.2106, 1.437 -0.9053 1.0968, 1.437 -0.9101 1.0983, 1.437 -0.9941 1.0958, 1.437 -0.9238 1.1049, 1.437 -0.9357 1.115, 1.437 -0.9444 1.1274, 1.437 -0.9498 1.1415, 1.437 -0.9941 1.1648, 1.437 -0.9516 1.1564, 1.437 -0.9515 1.16, 1.437 -0.9507 1.1648, 1.437 -0.949 1.1743, 1.437 -0.8884 1.0761, 1.437 -0.8959 1.0817, 1.437 -0.9941 1.0746, 1.437 -0.9015 1.0887, 1.437 -0.9049 1.0958, 1.437 -0.6876 0.2598, 1.437 -0.6876 1.0746, 1.437 -0.8536 1.0746, 1.437 -0.9941 0.2598, 1.437 -0.8797 1.0724, 1.437 -0.885 1.0746, 1.437 -0.8601 1.0721, 1.437 -0.8693 1.071, 1.437 -0.8707 1.071, 1.437 -0.6876 1.0958, 1.437 -0.8337 1.0958, 1.437 -0.8338 1.0956, 1.437 -0.8383 1.0872, 1.437 -0.8441 1.0807, 1.437 -0.8516 1.0754, 1.437 -0.7112 1.1616, 1.437 -0.7095 1.1492, 1.437 -0.6876 1.1648, 1.437 -0.7853 1.1182, 1.437 -0.7826 1.1192, 1.437 -0.7782 1.1408, 1.437 -0.7235 1.1131, 1.437 -0.7339 1.1044, 1.437 -0.8408 1.1344, 1.437 -0.79 1.161, 1.437 -0.8474 1.1404, 1.437 -0.8555 1.1447, 1.437 -0.7876 1.1165, 1.437 -0.716 1.1236, 1.437 -0.7332 1.1522, 1.437 -0.735 1.1594, 1.437 -0.7379 1.1648, 1.437 -0.9268 1.1648, 1.437 -0.7112 1.1356, 1.437 -0.7797 1.1196, 1.437 -0.7793 1.1196, 1.437 -0.7782 1.1193, 1.437 -0.9245 1.142, 1.437 -0.92 1.1343, 1.437 -0.9008 1.1304, 1.437 -0.9132 1.1273, 1.437 -0.9049 1.1222, 1.437 -0.8867 1.143, 1.437 -0.8945 1.1376, 1.437 -0.9277 1.1572, 1.437 -0.9273 1.1513, 1.437 -0.8783 1.1462, 1.437 -0.8693 1.1473, 1.437 -0.8647 1.147, 1.437 -0.7915 1.1078, 1.437 -0.7914 1.1093, 1.437 -0.8313 1.1128, 1.437 -0.7906 1.1122, 1.437 -0.7892 1.1148, 1.437 -0.7407 1.1287, 1.437 -0.7366 1.1346, 1.437 -0.7339 1.1414, 1.437 -0.733 1.1488, 1.437 -0.7826 1.0964, 1.437 -0.7851 1.0974, 1.437 -0.7876 1.0991, 1.437 -0.7885 1.1, 1.437 -0.7901 1.1024, 1.437 -0.7911 1.105, 1.437 -0.8315 1.105, 1.437 -0.8313 1.109, 1.437 -0.7454 1.0987, 1.437 -0.7581 1.0961, 1.437 -0.7805 1.0961, 1.437 -0.7774 1.1192, 1.437 -0.7604 1.1192, 1.437 -0.7535 1.1205, 1.437 -0.7468 1.1236, 1.437 -0.7412 1.1282, 1.437 -0.7657 1.1784, 1.437 -0.9233 1.1748, 1.437 -0.9266 1.1664, 1.437 -0.7626 1.1784, 1.437 -0.7385 1.166, 1.437 -0.7429 1.1709, 1.437 -0.7488 1.175, 1.437 -0.7554 1.1775, 1.437 -0.7739 1.2012, 1.437 -0.7824 1.2115, 1.437 -0.8697 1.1894, 1.437 -0.7834 1.2123, 1.437 -0.794 1.2197, 1.437 -0.8639 1.2014, 1.437 -0.9194 1.1805, 1.437 -0.8723 1.1909, 1.437 -0.7661 1.1805, 1.437 -0.768 1.189, 1.437 -0.8808 1.194, 1.437 -0.8898 1.1951, 1.437 -0.8937 1.1949, 1.437 -0.8553 1.2116, 1.437 -0.8059 1.2243, 1.437 -0.8452 1.219, 1.437 -0.8188 1.2259, 1.437 -0.8328 1.2241, 1.437 -0.9031 1.1927, 1.437 -0.9116 1.1882, 1.437 -0.9181 1.1824, 1.437 -0.7211 1.1805, 1.437 -0.7159 1.1732, 1.437 -0.7125 1.1648, 1.437 -0.4905 1.1435, 1.437 -0.4842 1.0958, 1.437 -0.4842 1.1648, 1.437 -0.4905 1.1496, 1.437 -0.492 1.1203, 1.437 -0.492 1.1264, 1.437 -0.5011 1.1264, 1.437 -0.5011 1.1435, 1.437 -0.5111 1.1264, 1.437 -0.5111 1.1435, 1.437 -0.5443 1.1057, 1.437 -0.5435 1.1026, 1.437 -0.5433 1.1026, 1.437 -0.5111 1.1203, 1.437 -0.5111 1.1023, 1.437 -0.5011 1.1203, 1.437 -0.5011 1.1023, 1.437 -0.4892 1.1023, 1.437 -0.4892 1.0962, 1.437 -0.5011 1.0958, 1.437 -0.5011 1.0962, 1.437 -0.5179 1.0962, 1.437 -0.5252 1.1344, 1.437 -0.551 1.1648, 1.437 -0.5321 1.1344, 1.437 -0.551 1.1251, 1.437 -0.5425 1.1057, 1.437 -0.543 1.1039, 1.437 -0.591 1.1045, 1.437 -0.5978 1.1648, 1.437 -0.5978 1.0958, 1.437 -0.5885 1.103, 1.437 -0.5879 1.1027, 1.437 -0.5879 1.1169, 1.437 -0.589 1.118, 1.437 -0.5899 1.1194, 1.437 -0.5906 1.1215, 1.437 -0.5909 1.1241, 1.437 -0.5907 1.1265, 1.437 -0.5879 1.1169, 1.437 -0.5847 1.0958, 1.437 -0.5866 1.096, 1.437 -0.5879 1.0958, 1.437 -0.5879 1.0965, 1.437 -0.591 1.0976, 1.437 -0.5671 1.1335, 1.437 -0.5671 1.1271, 1.437 -0.5866 1.1322, 1.437 -0.5847 1.1334, 1.437 -0.5879 1.1648, 1.437 -0.5655 1.1039, 1.437 -0.5664 1.1018, 1.437 -0.5676 1.1, 1.437 -0.5899 1.1286, 1.437 -0.5886 1.1304, 1.437 -0.5879 1.1311, 1.437 -0.5811 1.1347, 1.437 -0.5761 1.1352, 1.437 -0.5635 1.1648, 1.437 -0.5717 1.1349, 1.437 -0.5675 1.1129, 1.437 -0.5662 1.1111, 1.437 -0.5655 1.1091, 1.437 -0.5652 1.1066, 1.437 -0.5695 1.0984, 1.437 -0.5716 1.0972, 1.437 -0.5767 1.1298, 1.437 -0.5787 1.1297, 1.437 -0.584 1.1247, 1.437 -0.5805 1.1292, 1.437 -0.582 1.1284, 1.437 -0.584 1.1238, 1.437 -0.5837 1.1227, 1.437 -0.5832 1.1218, 1.437 -0.5826 1.1211, 1.437 -0.5802 1.1197, 1.437 -0.5722 1.1293, 1.437 -0.5761 1.1179, 1.437 -0.5684 1.1278, 1.437 -0.5735 1.1168, 1.437 -0.5691 1.1143, 1.437 -0.583 1.1275, 1.437 -0.5836 1.1266, 1.437 -0.5839 1.1257, 1.437 -0.5844 1.1013, 1.437 -0.5808 1.113, 1.437 -0.5848 1.1148, 1.437 -0.58 1.1008, 1.437 -0.5797 1.1008, 1.437 -0.5764 1.1112, 1.437 -0.5763 1.1012, 1.437 -0.5721 1.106, 1.437 -0.5722 1.1068, 1.437 -0.5745 1.1018, 1.437 -0.5739 1.1022, 1.437 -0.5732 1.1029, 1.437 -0.5726 1.1037, 1.437 -0.5722 1.1047, 1.437 -0.5725 1.1078, 1.437 -0.573 1.1087, 1.437 -0.5738 1.1096, 1.437 -0.4342 1.1805, 1.437 -0.4515 1.1809, 1.437 -0.4592 1.1809, 1.437 -0.4646 1.1955, 1.437 -0.4842 1.1955, 1.437 -0.4842 1.1805, 1.437 -0.4719 1.2343, 1.437 -0.4342 1.2348, 1.437 -0.4842 1.2348, 1.437 -0.4868 1.1955, 1.437 -0.492 1.1809, 1.437 -0.5011 1.1805, 1.437 -0.4996 1.1809, 1.437 -0.5011 1.2348, 1.437 -0.4842 1.2213, 1.437 -0.4792 1.2343, 1.437 -0.5573 1.2343, 1.437 -0.551 1.2348, 1.437 -0.5635 1.2348, 1.437 -0.5779 1.205, 1.437 -0.5779 1.187, 1.437 -0.5635 1.205, 1.437 -0.5635 1.187, 1.437 -0.5588 1.205, 1.437 -0.5561 1.187, 1.437 -0.5588 1.2111, 1.437 -0.5573 1.2282, 1.437 -0.5635 1.2111, 1.437 -0.5635 1.2282, 1.437 -0.5779 1.2111, 1.437 -0.5779 1.2282, 1.437 -0.5848 1.1809, 1.437 -0.5879 1.1805, 1.437 -0.5635 1.1805, 1.437 -0.551 1.1805, 1.437 -0.5561 1.1809, 1.437 -0.5635 1.1809, 1.437 -0.5879 1.2348, 1.437 -0.5848 1.2343, 1.437 -0.5635 1.2343, 1.437 -0.5978 1.2268, 1.437 -0.6093 1.1862, 1.437 -0.6059 1.1863, 1.437 -0.623 1.2226, 1.437 -0.6256 1.2189, 1.437 -0.6281 1.205, 1.437 -0.6273 1.1996, 1.437 -0.6 1.1876, 1.437 -0.5978 1.1887, 1.437 -0.5961 1.2261, 1.437 -0.5955 1.1897, 1.437 -0.5955 1.2258, 1.437 -0.6081 1.229, 1.437 -0.6103 1.2289, 1.437 -0.6226 1.2231, 1.437 -0.6149 1.228, 1.437 -0.6191 1.226, 1.437 -0.6273 1.2143, 1.437 -0.6282 1.207, 1.437 -0.6255 1.1953, 1.437 -0.623 1.1918, 1.437 -0.6217 1.1905, 1.437 -0.6015 1.2282, 1.437 -0.6181 1.1881, 1.437 -0.6142 1.1867, 1.437 -0.6024 1.2348, 1.437 -0.6011 1.2347, 1.437 -0.5978 1.2348, 1.437 -0.5978 1.2337, 1.437 -0.5955 1.233, 1.437 -0.6081 1.2352, 1.437 -0.5978 1.3307, 1.437 -0.6119 1.2348, 1.437 -0.6331 1.3307, 1.437 -0.6331 1.2348, 1.437 -0.6316 1.2223, 1.437 -0.6277 1.2273, 1.437 -0.6266 1.2285, 1.437 -0.6214 1.2321, 1.437 -0.6158 1.2343, 1.437 -0.6363 1.2348, 1.437 -0.6341 1.2164, 1.437 -0.6331 1.2189, 1.437 -0.6344 1.198, 1.437 -0.6363 1.1805, 1.437 -0.6354 1.2066, 1.437 -0.6354 1.2094, 1.437 -0.6198 1.1816, 1.437 -0.6248 1.1841, 1.437 -0.6286 1.1873, 1.437 -0.6291 1.1878, 1.437 -0.6151 1.1805, 1.437 -0.6331 1.1648, 1.437 -0.6142 1.1802, 1.437 -0.6103 1.18, 1.437 -0.6055 1.1805, 1.437 -0.5955 1.1831, 1.437 -0.5964 1.1827, 1.437 -0.5978 1.1805, 1.437 -0.5978 1.1822, 1.437 -0.6021 1.1808, 1.437 -0.628 1.1144, 1.437 -0.6269 1.1252, 1.437 -0.6293 1.1125, 1.437 -0.6302 1.1101, 1.437 -0.626 1.1162, 1.437 -0.6231 1.1176, 1.437 -0.6227 1.1279, 1.437 -0.618 1.1189, 1.437 -0.6122 1.1296, 1.437 -0.6144 1.1298, 1.437 -0.6186 1.1294, 1.437 -0.6251 1.0968, 1.437 -0.6274 1.0983, 1.437 -0.6331 1.0958, 1.437 -0.6281 1.0991, 1.437 -0.6295 1.1012, 1.437 -0.6099 1.1349, 1.437 -0.6071 1.1341, 1.437 -0.6048 1.1328, 1.437 -0.603 1.1311, 1.437 -0.6016 1.129, 1.437 -0.6067 1.1021, 1.437 -0.6069 1.1021, 1.437 -0.6067 1.0962, 1.437 -0.608 1.1005, 1.437 -0.6101 1.0983, 1.437 -0.6303 1.1034, 1.437 -0.6307 1.1064, 1.437 -0.6269 1.1317, 1.437 -0.6006 1.126, 1.437 -0.6 1.1208, 1.437 -0.6 1.0962, 1.437 -0.6255 1.1325, 1.437 -0.6206 1.1344, 1.437 -0.6138 1.1352, 1.437 -0.6067 1.1205, 1.437 -0.607 1.1234, 1.437 -0.6076 1.1258, 1.437 -0.6084 1.1272, 1.437 -0.6094 1.1283, 1.437 -0.6106 1.129, 1.437 -0.6149 1.0958, 1.437 -0.6151 1.0957, 1.437 -0.5978 1.0746, 1.437 -0.6331 1.0746, 1.437 -0.6186 1.0953, 1.437 -0.6225 1.0958, 1.437 -0.6226 1.0958, 1.437 -0.551 1.1071, 1.437 -0.5617 1.1344, 1.437 -0.5543 1.1344, 1.437 -0.547 1.0958, 1.437 -0.5468 1.0963, 1.437 -0.551 1.087, 1.437 -0.5497 1.0894, 1.437 -0.5635 1.0746, 1.437 -0.5604 1.0788, 1.437 -0.5604 1.0848, 1.437 -0.5806 1.0953, 1.437 -0.5879 1.0746, 1.437 -0.559 1.0843, 1.437 -0.5566 1.084, 1.437 -0.551 1.0795, 1.437 -0.5534 1.0786, 1.437 -0.551 1.0746, 1.437 -0.5561 1.0783, 1.437 -0.5575 1.0783, 1.437 -0.555 1.0842, 1.437 -0.5535 1.0847, 1.437 -0.5425 1.0905, 1.437 -0.5455 1.0846, 1.437 -0.5011 1.0746, 1.437 -0.5404 1.0958, 1.437 -0.5479 1.0816, 1.437 -0.5484 1.0812, 1.437 -0.5507 1.0796, 1.437 0.0389 1.0746, 1.437 -0.4342 0.2598, 1.437 -0.4342 1.0746, 1.437 -0.4842 0.2598, 1.437 -0.4842 1.0746, 1.437 -0.5011 0.2598, 1.437 -0.551 0.2598, 1.437 -0.5635 0.2598, 1.437 -0.5879 0.2598, 1.437 -0.5978 0.2598, 1.437 -0.6331 0.2598, 1.437 -0.6124 1.0967, 1.437 0.0389 1.0958, 1.437 -0.6658 1.1496, 1.437 -0.6658 1.0962, 1.437 -0.6363 1.0958, 1.437 -0.6363 1.0746, 1.437 -0.6363 0.2598, 1.437 -0.6383 1.1496, 1.437 -0.6363 1.1648, 1.437 -0.6383 1.1435, 1.437 -0.6589 1.1203, 1.437 -0.6589 1.1023, 1.437 -0.6398 1.1203, 1.437 -0.6371 1.1023, 1.437 -0.6398 1.1264, 1.437 -0.6589 1.1435, 1.437 -0.6589 1.1264, 1.437 -0.6371 1.0962, 1.437 -0.4792 1.0962, 1.437 -0.4374 1.1131, 1.437 -0.4403 1.1077, 1.437 -0.4437 1.1037, 1.437 -0.4494 1.0997, 1.437 -0.4792 1.1496, 1.437 -0.4639 1.1496, 1.437 -0.4342 1.1648, 1.437 -0.4558 1.1487, 1.437 -0.4493 1.1464, 1.437 -0.4437 1.1426, 1.437 -0.4418 1.1407, 1.437 -0.4385 1.136, 1.437 -0.4366 1.1309, 1.437 -0.4357 1.1236, 1.437 -0.436 1.1192, 1.437 -0.4251 1.0962, 1.437 -0.4327 1.0962, 1.437 -0.3923 1.0962, 1.437 -0.3978 1.1108, 1.437 -0.42 1.1108, 1.437 -0.4124 1.1496, 1.437 -0.405 1.1496, 1.437 -0.6589 1.2343, 1.437 -0.6589 1.187, 1.437 -0.6376 1.187, 1.437 -0.6658 1.1809, 1.437 -0.6658 1.2343, 1.437 -0.6376 1.1809, 1.437 -0.5308 1.2343, 1.437 -0.5226 1.2334, 1.437 -0.5162 1.231, 1.437 -0.5043 1.1978, 1.437 -0.5071 1.1924, 1.437 -0.5106 1.1884, 1.437 -0.5162 1.1844, 1.437 -0.5223 1.182, 1.437 -0.5313 1.1809, 1.437 -0.546 1.1809, 1.437 -0.546 1.2343, 1.437 -0.5106 1.2272, 1.437 -0.5087 1.2254, 1.437 -0.5054 1.2207, 1.437 -0.5034 1.2156, 1.437 -0.5025 1.2083, 1.437 -0.5028 1.2039, 1.437 -0.3847 1.0962, 1.437 0.0389 1.1648, 1.437 0.0389 1.1805, 1.437 0.0389 1.2348, 1.437 0.4626 1.0958, 1.437 0.4626 1.1648, 1.437 0.4626 1.1805, 1.437 0.4626 1.2348, 1.437 -0.6363 1.3307, 1.437 0.4626 1.3307, 1.437 0.0389 1.3307, 1.437 -0.4342 1.3307, 1.437 -0.4842 1.3307, 1.437 -0.5011 1.3307, 1.437 -0.551 1.3307, 1.437 -0.5635 1.3307, 1.437 -0.5879 1.3307, -1.437 -0.9941 0.2598, -1.437 -0.9941 1.3307, -1.437 0.4626 0.2598, -1.437 0.4626 1.3307, -1.3228 0.4823 0.2598, -1.2598 0.4823 0.2598, -1.3228 0.4626 0.2598, -0.9055 -0.935 1.0256, -0.9055 0.1476 1.0256, -0.9055 -0.935 1.1437, -0.9055 0.1476 1.1437, 0.9055 0.1476 0.3169, 0.9055 -0.935 0.3169, 0.9055 0.1476 0.3782, 0.9055 -0.935 0.75, 0.9055 0.1476 0.7164, 0.9055 0.1476 0.75, 1.3228 0.4626 0.2598, 1.2598 -0.9469 0.2598, 1.2598 0.4823 0.2598, 1.3228 0.4823 0.2598, 1.2598 -0.9744 0.2598, 1.1614 -0.9941 0.2598, 1.1614 -0.9744 0.2598, 1.2598 0.4823 1.2323, 1.3228 0.4823 1.2323, 1.2598 0.4823 1.2126, -0.0886 0.6594 1.2323, -0.0886 0.6594 0.1693, -0.3051 0.6594 1.2323, -0.3051 0.6594 0.1693, 0.3051 0.6594 1.2323, 0.3051 0.6594 0.1693, 0.0886 0.6594 1.2323, 0.0886 0.6594 0.1693, 0.6988 0.6594 1.2323, 0.6988 0.6594 0.1693, 0.4823 0.6594 1.2323, 0.4823 0.6594 0.1693, 1.1614 0.6594 0.1693, 0.876 0.6594 0.1693, 1.1614 0.6594 1.2126, 0.876 0.6594 1.2323, 1.1614 0.6594 1.2323, -0.3445 0.5913 0.1693, -0.0492 0.5913 0.1693, -0.3445 0.4626 0.1693, -0.0492 0.4626 0.1693, 0.3445 0.4626 0.1693, 0.0492 0.4626 0.1693, 0.0492 0.5913 0.1693, 0.3445 0.5913 0.1693, 0.4429 0.5913 0.1693, 0.7382 0.5913 0.1693, 0.4429 0.4626 0.1693, 0.7382 0.4626 0.1693, 0.8366 0.5913 0.1693, 1.1614 0.4626 0.1693, 0.8366 0.4626 0.1693, -0.4823 0.6594 1.2323, -0.4823 0.6594 0.1693, -0.6988 0.6594 1.2323, -0.6988 0.6594 0.1693, -0.7382 0.5913 0.1693, -0.4429 0.5913 0.1693, -0.7382 0.4626 0.1693, -0.4429 0.4626 0.1693, -1.1319 0.4626 0.1299, -0.7431 0.4626 0.1299, -0.438 0.4626 0.1299, -0.3494 0.4626 0.1299, -0.0443 0.4626 0.1299, 1.1614 -0.9941 0.1299, 0.0443 0.4626 0.1299, 0.3494 0.4626 0.1299, 0.7431 0.4626 0.1299, 0.438 0.4626 0.1299, 1.1614 -0.9744 0.1299, -0.876 0.6594 1.2323, -0.876 0.6594 0.1693, -1.1614 0.6594 0.1693, 0.7431 0.4626 1.3307, 0.438 0.4626 1.3307, 0.3494 0.4626 1.3307, 0.0443 0.4626 1.3307, -0.0443 0.4626 1.3307, -0.3494 0.4626 1.3307, -0.438 0.4626 1.3307, -0.7431 0.4626 1.3307, -1.1319 0.4626 1.3307, 0.9646 -0.9941 1.2028, 0.9646 -0.9941 1.0846, 1.0827 -0.9941 1.0846, 1.0827 -0.9941 0.6909, 0.9646 -0.9941 0.6909, 0.9646 -0.9941 0.2579, -0.9646 -0.9941 0.2579, -0.9646 -0.9941 0.6909, -1.0827 -0.9941 0.6909, -1.0827 -0.9941 1.0846, -0.9646 -0.9941 1.0846, -0.9646 -0.9941 1.2028, -1.3228 0.4823 1.2323, 1.1614 0.3864 1.0536, 1.1614 0.3864 1.1339, 1.1614 0.1476 1.0536, 1.1614 -0.9744 1.2835, 1.1614 0.4651 1.2126, 1.1614 0.4626 1.2323, 1.1614 0.4626 1.2835, 1.1614 0.1476 0.3449, 1.1614 -0.8618 0.3449, 1.1614 -0.9629 0.2438, 1.1614 -0.9691 0.2357, 1.1614 -0.9731 0.2262, 1.1614 -0.9744 0.216, 1.1614 -0.9744 0.1305, -1.1319 0.4626 0.1693, -1.1614 0.4626 0.1693, -0.8366 0.5913 0.1693, -0.8366 0.4626 0.1693, -0.438 0.4626 0.2487, -0.0443 0.4626 0.2487, 0.3494 0.4626 0.2487, 1.3228 0.4626 1.2323, 1.2598 0.4626 1.2323, 1.2598 0.4626 1.2835, 0.8268 0.4626 1.1218, 0.748 0.4626 1.1218, 0.8366 0.4626 0.2487, 0.7431 0.4626 0.2487, 0.748 0.4626 0.3281, 0.8366 0.4626 1.2323, 0.8268 0.4626 0.3281, -1.3228 0.4626 1.2323, -0.748 0.4626 1.1218, -0.7431 0.4626 0.2487, -0.8366 0.4626 1.2323, -1.1319 0.4626 1.2323, -0.8268 0.4626 1.1218, -0.8366 0.4626 0.2487, -0.8268 0.4626 0.3281, -0.748 0.4626 0.3281, 0.4429 0.4626 1.2323, 0.7382 0.4626 1.2323, 0.4429 0.4626 0.2487, 0.438 0.4626 0.2487, 0.0492 0.4626 1.2323, 0.3445 0.4626 1.2323, 0.0492 0.4626 0.2487, 0.0443 0.4626 0.2487, -0.3445 0.4626 1.2323, -0.0492 0.4626 1.2323, -0.3445 0.4626 0.2487, -0.3494 0.4626 0.2487, -0.4429 0.4626 1.2323, -0.4429 0.4626 0.2487, -0.7382 0.4626 1.2323, -0.7382 0.4626 0.2487, 0.7382 0.4626 0.2487, 0.3445 0.4626 0.2487, -0.0492 0.4626 0.2487, 0.4331 0.4626 1.1218, 0.3543 0.4626 1.1218, 0.3543 0.4626 0.3281, 0.4331 0.4626 0.3281, 0.0394 0.4626 1.1218, -0.0394 0.4626 1.1218, -0.0394 0.4626 0.3281, 0.0394 0.4626 0.3281, -0.3543 0.4626 1.1218, -0.4331 0.4626 1.1218, -0.4331 0.4626 0.3281, -0.3543 0.4626 0.3281, -0.7382 0.5913 1.2323, -0.8366 0.5913 1.2323, 0.8366 0.5913 1.2323, 0.7382 0.5913 1.2323, 0.4429 0.5913 1.2323, 0.3445 0.5913 1.2323, 0.0492 0.5913 1.2323, -0.0492 0.5913 1.2323, -0.3445 0.5913 1.2323, -0.4429 0.5913 1.2323, 1.2598 -0.9744 1.2835, 1.2598 -0.8618 0.3449, 1.2598 0.1476 0.3449, 1.2598 0.3864 1.1339, 1.2598 0.3864 1.0536, 1.2598 0.1476 1.0536, 1.2598 0.4651 1.2126, -0.9055 0.1476 0.7164, -0.9055 0.1476 0.75, -0.9055 -0.935 0.75, -0.9055 0.1476 0.3782, -0.9055 -0.935 0.3169, -0.9055 0.1476 0.3169, 0.5906 0.1476 1.1437, 0.9055 0.1476 1.1437, 0.9055 -0.935 1.1437, -0.5906 0.1476 1.1437, -0.1969 0.1476 1.1437, 0.1969 0.1476 1.1437, 0.9055 -0.935 1.0256, 0.9055 0.1476 1.0256, -0.5906 0.1476 0.3169, 0.5906 0.1476 0.3169, 0.1969 0.1476 0.3169, -0.1969 0.1476 0.3169, 0.9252 0.1476 0.75, 1.0236 0.1476 0.75, 1.0236 0.1476 1.0256, 0.8268 0.1476 0.9722, 0.8268 0.1476 0.8148, 0.748 0.1476 0.8148, 0.748 0.1476 0.9722, 0.5906 0.1476 0.7164, 0.9252 0.1476 1.0256, 0.8268 0.1476 0.618, 0.748 0.1476 0.618, 0.748 0.1476 0.4395, 0.5906 0.1476 0.3782, 0.8268 0.1476 0.4395, -0.748 0.1476 0.618, -0.5906 0.1476 0.7164, -0.8268 0.1476 0.618, -0.8268 0.1476 0.4395, -0.748 0.1476 0.4395, -0.5906 0.1476 0.3782, -1.0236 0.1476 1.0256, -1.0236 0.1476 0.75, -0.748 0.1476 0.8148, -0.748 0.1476 0.9722, -0.8268 0.1476 0.9722, -0.8268 0.1476 0.8148, 0.1969 0.1476 0.3782, -0.1969 0.1476 0.3782, -0.3543 0.1476 0.618, -0.1969 0.1476 0.7164, -0.4331 0.1476 0.618, -0.4331 0.1476 0.4395, -0.3543 0.1476 0.4395, 0.0394 0.1476 0.618, 0.1969 0.1476 0.7164, -0.0394 0.1476 0.618, -0.0394 0.1476 0.4395, 0.0394 0.1476 0.4395, 0.4331 0.1476 0.618, 0.3543 0.1476 0.618, 0.3543 0.1476 0.4395, 0.4331 0.1476 0.4395, -0.3543 0.1476 0.9722, -0.4331 0.1476 0.9722, -0.4331 0.1476 0.8148, -0.3543 0.1476 0.8148, 0.0394 0.1476 0.9722, -0.0394 0.1476 0.9722, -0.0394 0.1476 0.8148, 0.0394 0.1476 0.8148, 0.4331 0.1476 0.9722, 0.3543 0.1476 0.9722, 0.3543 0.1476 0.8148, 0.4331 0.1476 0.8148, 1.0236 -0.935 0.75, 1.0236 -0.935 1.0256, -1.0236 -0.935 1.0256, -1.0236 -0.935 0.75, -1.0236 -0.935 0.75
            ]
        }
        coordIndex [
            0,1,2,-1,2,1,3,-1,2,3,4,-1,5,6,4,-1,7,8,9,-1,9,8,10,-1,3,11,4,-1,4,11,9,-1,4,9,5,-1,5,9,10,-1,5,10,12,-1,13,14,15,-1,15,14,16,-1,17,18,19,-1,20,21,22,-1,22,21,23,-1,22,23,24,-1,17,19,25,-1,25,19,26,-1,25,26,27,-1,28,22,29,-1,29,22,24,-1,29,24,30,-1,30,24,31,-1,30,32,29,-1,29,32,33,-1,29,33,34,-1,34,33,35,-1,34,35,17,-1,17,35,36,-1,17,36,18,-1,37,38,39,-1,39,38,40,-1,41,42,43,-1,44,45,46,-1,47,48,49,-1,50,51,52,-1,53,54,55,-1,56,57,58,-1,59,60,61,-1,61,60,62,-1,63,64,61,-1,61,64,65,-1,61,65,66,-1,66,67,61,-1,61,67,68,-1,61,68,59,-1,69,70,71,-1,71,70,72,-1,72,70,73,-1,72,73,74,-1,75,76,77,-1,78,79,75,-1,75,79,80,-1,75,80,81,-1,69,71,82,-1,82,71,75,-1,82,75,83,-1,83,75,77,-1,83,77,84,-1,84,77,85,-1,84,85,86,-1,81,87,75,-1,75,87,88,-1,75,88,76,-1,89,90,91,-1,91,90,92,-1,91,92,93,-1,93,94,91,-1,91,94,95,-1,91,95,96,-1,96,95,97,-1,97,98,96,-1,96,98,99,-1,96,99,78,-1,78,99,100,-1,78,100,79,-1,101,102,103,-1,103,102,104,-1,103,104,91,-1,91,104,105,-1,91,105,89,-1,106,107,108,-1,109,110,103,-1,103,110,111,-1,103,111,101,-1,108,112,106,-1,106,112,113,-1,106,113,109,-1,109,113,114,-1,109,114,110,-1,115,116,107,-1,107,116,117,-1,107,117,118,-1,118,119,107,-1,107,119,120,-1,107,120,108,-1,121,122,123,-1,124,125,126,-1,127,128,115,-1,129,130,131,-1,131,130,132,-1,124,126,133,-1,127,115,134,-1,135,136,130,-1,130,136,137,-1,130,137,138,-1,123,122,115,-1,115,122,139,-1,115,139,134,-1,125,140,126,-1,126,140,141,-1,126,141,142,-1,143,144,145,-1,145,144,146,-1,145,146,147,-1,148,138,149,-1,149,138,150,-1,149,150,145,-1,145,150,151,-1,145,151,143,-1,148,152,138,-1,138,152,153,-1,138,153,130,-1,130,153,154,-1,130,154,132,-1,155,156,157,-1,157,156,158,-1,157,158,126,-1,126,158,159,-1,126,159,133,-1,160,161,126,-1,126,161,162,-1,126,162,130,-1,130,162,163,-1,130,163,135,-1,164,165,116,-1,116,165,166,-1,116,166,167,-1,167,168,116,-1,116,168,169,-1,116,169,170,-1,170,169,155,-1,170,155,171,-1,171,155,157,-1,128,172,115,-1,115,172,173,-1,115,173,116,-1,116,173,174,-1,116,174,164,-1,142,175,126,-1,126,175,176,-1,126,176,177,-1,177,178,126,-1,126,178,179,-1,126,179,160,-1,180,181,182,-1,182,138,180,-1,180,138,137,-1,180,137,183,-1,183,137,184,-1,184,185,183,-1,183,185,186,-1,183,186,187,-1,188,189,190,-1,189,191,190,-1,190,191,192,-1,190,192,193,-1,194,190,195,-1,181,180,194,-1,194,180,196,-1,194,196,190,-1,190,196,197,-1,190,197,188,-1,195,198,194,-1,194,198,199,-1,194,199,200,-1,193,192,201,-1,201,192,202,-1,201,202,203,-1,203,202,204,-1,203,204,205,-1,206,207,200,-1,200,207,208,-1,200,208,194,-1,60,209,62,-1,62,209,210,-1,62,210,123,-1,123,210,211,-1,123,211,121,-1,212,213,214,-1,58,57,214,-1,214,57,215,-1,214,215,212,-1,216,213,217,-1,217,213,212,-1,217,212,218,-1,218,212,219,-1,218,219,220,-1,220,219,221,-1,222,223,224,-1,225,226,227,-1,227,226,228,-1,227,228,216,-1,216,228,229,-1,216,229,213,-1,213,229,230,-1,213,230,231,-1,231,230,232,-1,231,232,233,-1,234,235,236,-1,236,235,237,-1,236,237,238,-1,238,237,222,-1,238,222,239,-1,239,222,224,-1,240,241,242,-1,243,244,245,-1,246,247,240,-1,247,248,240,-1,240,248,249,-1,240,249,241,-1,241,249,250,-1,243,245,240,-1,240,245,251,-1,240,251,246,-1,252,253,254,-1,254,253,255,-1,254,255,242,-1,242,255,256,-1,242,256,240,-1,257,258,55,-1,259,260,261,-1,262,263,55,-1,55,263,264,-1,250,265,241,-1,241,265,266,-1,241,266,261,-1,261,266,267,-1,261,267,259,-1,260,268,261,-1,261,268,269,-1,261,269,270,-1,270,269,271,-1,270,271,257,-1,272,273,258,-1,258,273,274,-1,258,274,55,-1,55,274,275,-1,55,275,262,-1,264,276,55,-1,55,276,277,-1,55,277,53,-1,278,279,280,-1,280,279,281,-1,280,281,282,-1,280,283,278,-1,278,283,284,-1,278,284,285,-1,285,286,278,-1,278,286,287,-1,278,287,288,-1,288,287,289,-1,288,289,290,-1,290,289,291,-1,290,291,258,-1,258,291,292,-1,258,292,272,-1,293,294,282,-1,282,294,295,-1,282,295,280,-1,296,297,244,-1,244,297,298,-1,244,298,245,-1,296,299,297,-1,297,299,300,-1,297,300,301,-1,301,300,302,-1,301,303,304,-1,302,305,301,-1,301,305,306,-1,301,306,307,-1,307,308,301,-1,301,308,309,-1,301,309,303,-1,304,310,301,-1,301,310,311,-1,301,311,312,-1,313,314,315,-1,316,317,315,-1,315,317,318,-1,315,318,313,-1,314,313,319,-1,319,313,320,-1,319,320,321,-1,317,322,318,-1,318,322,323,-1,318,323,324,-1,324,323,325,-1,324,325,326,-1,326,325,327,-1,326,327,321,-1,321,327,328,-1,321,328,319,-1,329,330,331,-1,332,333,334,-1,334,333,335,-1,334,335,336,-1,336,335,337,-1,336,337,338,-1,338,337,339,-1,338,339,340,-1,340,339,341,-1,340,341,342,-1,342,341,343,-1,344,345,346,-1,329,339,330,-1,330,339,337,-1,330,337,347,-1,347,337,348,-1,347,348,346,-1,346,348,349,-1,346,349,344,-1,350,351,331,-1,331,351,352,-1,331,352,329,-1,353,354,355,-1,353,356,357,-1,353,358,359,-1,355,360,353,-1,353,360,361,-1,353,361,362,-1,362,361,363,-1,362,363,364,-1,364,363,345,-1,364,345,350,-1,350,345,344,-1,350,344,351,-1,365,366,367,-1,367,366,368,-1,367,368,369,-1,357,370,353,-1,353,370,371,-1,353,371,358,-1,359,372,353,-1,353,372,373,-1,353,373,374,-1,356,353,367,-1,367,353,375,-1,367,375,365,-1,374,376,353,-1,353,376,377,-1,353,377,354,-1,378,379,380,-1,380,379,381,-1,380,381,350,-1,350,381,382,-1,350,382,364,-1,383,384,385,-1,385,384,386,-1,387,388,389,-1,389,390,387,-1,387,390,391,-1,387,391,392,-1,393,394,387,-1,387,394,395,-1,387,395,388,-1,51,396,397,-1,397,396,398,-1,397,398,393,-1,393,398,399,-1,393,399,394,-1,52,400,401,-1,401,402,52,-1,52,402,403,-1,52,403,50,-1,400,52,404,-1,404,52,405,-1,404,405,406,-1,406,405,407,-1,407,405,241,-1,407,241,408,-1,363,409,345,-1,345,409,410,-1,345,410,411,-1,411,410,412,-1,411,412,413,-1,414,415,416,-1,416,415,417,-1,414,418,415,-1,415,418,419,-1,415,419,420,-1,420,419,421,-1,422,423,421,-1,421,423,424,-1,421,424,420,-1,425,426,427,-1,427,426,428,-1,427,428,429,-1,430,431,241,-1,431,432,241,-1,241,432,433,-1,241,433,434,-1,435,436,437,-1,437,436,438,-1,437,438,439,-1,429,440,427,-1,427,440,441,-1,427,441,405,-1,405,441,417,-1,405,417,442,-1,442,417,415,-1,434,443,241,-1,241,443,444,-1,241,444,242,-1,242,444,445,-1,242,445,437,-1,442,446,405,-1,405,446,447,-1,405,447,241,-1,241,447,448,-1,241,448,430,-1,449,450,421,-1,421,450,451,-1,421,451,452,-1,452,453,421,-1,421,453,454,-1,421,454,422,-1,455,456,457,-1,457,456,458,-1,456,459,458,-1,458,459,460,-1,458,460,427,-1,427,460,461,-1,427,461,425,-1,462,463,55,-1,257,55,270,-1,270,55,463,-1,270,463,235,-1,235,463,464,-1,235,464,237,-1,55,49,462,-1,462,49,465,-1,462,465,466,-1,48,467,49,-1,49,467,468,-1,49,468,465,-1,469,470,471,-1,472,473,54,-1,54,473,469,-1,54,469,55,-1,55,469,471,-1,55,471,49,-1,49,471,474,-1,49,474,475,-1,476,477,478,-1,478,477,479,-1,478,479,469,-1,469,479,480,-1,469,480,470,-1,475,481,49,-1,49,481,482,-1,49,482,47,-1,483,484,485,-1,483,485,486,-1,484,487,485,-1,485,487,488,-1,485,488,478,-1,478,488,489,-1,478,489,476,-1,44,490,491,-1,491,490,492,-1,491,492,493,-1,493,492,494,-1,493,494,495,-1,495,494,485,-1,495,485,496,-1,496,485,478,-1,496,478,497,-1,497,478,469,-1,497,469,498,-1,498,469,473,-1,498,473,499,-1,499,473,457,-1,499,457,500,-1,500,457,458,-1,472,252,473,-1,473,252,254,-1,473,254,457,-1,457,254,242,-1,457,242,455,-1,455,242,437,-1,455,437,501,-1,501,437,439,-1,490,502,492,-1,492,502,43,-1,492,43,494,-1,494,43,213,-1,494,213,485,-1,485,213,231,-1,485,231,486,-1,486,231,233,-1,486,233,234,-1,234,233,56,-1,234,56,235,-1,235,56,58,-1,503,123,504,-1,504,123,115,-1,504,115,505,-1,505,115,107,-1,505,107,506,-1,506,107,106,-1,506,106,507,-1,503,508,509,-1,509,508,510,-1,511,512,513,-1,513,512,514,-1,513,514,515,-1,516,517,510,-1,510,517,515,-1,510,515,509,-1,509,515,514,-1,509,514,505,-1,505,514,518,-1,505,518,504,-1,43,42,213,-1,213,42,519,-1,213,519,214,-1,43,520,521,-1,521,522,43,-1,43,522,523,-1,43,523,41,-1,519,524,214,-1,214,524,525,-1,214,525,526,-1,526,525,527,-1,526,527,528,-1,528,529,526,-1,526,529,530,-1,526,530,531,-1,531,532,526,-1,526,532,533,-1,526,533,43,-1,43,533,534,-1,43,534,520,-1,535,536,43,-1,537,538,539,-1,43,536,526,-1,526,536,540,-1,526,540,541,-1,51,397,52,-1,52,397,509,-1,52,509,405,-1,405,509,505,-1,405,505,427,-1,427,505,506,-1,427,506,458,-1,458,506,507,-1,458,507,500,-1,526,313,214,-1,214,313,318,-1,214,318,58,-1,58,318,324,-1,58,324,235,-1,235,324,347,-1,235,347,270,-1,270,347,346,-1,270,346,261,-1,261,346,345,-1,261,345,241,-1,241,345,411,-1,241,411,408,-1,408,411,413,-1,542,543,544,-1,503,509,123,-1,123,509,397,-1,123,397,62,-1,62,397,545,-1,62,545,61,-1,545,546,61,-1,61,546,542,-1,61,542,393,-1,393,542,544,-1,393,544,397,-1,397,544,547,-1,397,547,545,-1,330,548,326,-1,326,548,549,-1,326,549,550,-1,551,552,324,-1,324,552,553,-1,324,553,554,-1,554,555,324,-1,324,555,556,-1,324,556,347,-1,347,556,557,-1,347,557,330,-1,330,557,558,-1,330,558,548,-1,550,559,326,-1,326,559,560,-1,326,560,561,-1,561,562,326,-1,326,562,563,-1,326,563,324,-1,324,563,564,-1,324,564,551,-1,539,535,537,-1,537,535,43,-1,537,43,565,-1,565,43,502,-1,565,502,541,-1,541,502,566,-1,541,566,526,-1,526,566,567,-1,526,567,313,-1,313,567,568,-1,313,568,320,-1,44,46,490,-1,490,46,569,-1,490,569,502,-1,502,569,570,-1,502,570,566,-1,566,570,571,-1,566,571,567,-1,567,571,572,-1,567,572,568,-1,392,385,387,-1,387,385,386,-1,387,386,393,-1,393,386,573,-1,393,573,61,-1,61,573,72,-1,61,72,63,-1,63,72,74,-1,572,574,568,-1,568,574,575,-1,568,575,320,-1,320,575,576,-1,320,576,321,-1,321,576,577,-1,321,577,326,-1,326,577,578,-1,326,578,330,-1,330,578,579,-1,330,579,331,-1,331,579,580,-1,331,580,350,-1,350,580,581,-1,350,581,380,-1,380,581,384,-1,380,384,378,-1,378,384,383,-1,582,583,584,-1,584,583,585,-1,586,587,588,-1,588,587,8,-1,34,17,7,-1,7,17,582,-1,7,582,8,-1,8,582,584,-1,8,584,588,-1,589,590,591,-1,591,590,592,-1,593,594,595,-1,595,594,596,-1,595,596,597,-1,597,596,598,-1,599,45,44,-1,44,600,599,-1,599,600,601,-1,599,601,602,-1,44,491,600,-1,600,491,493,-1,600,493,495,-1,495,496,600,-1,600,496,497,-1,600,497,498,-1,106,109,603,-1,603,109,604,-1,603,604,605,-1,498,499,600,-1,600,499,500,-1,600,500,603,-1,603,500,507,-1,603,507,106,-1,606,607,608,-1,608,607,602,-1,608,602,601,-1,609,610,611,-1,611,610,612,-1,613,614,615,-1,615,614,616,-1,617,618,619,-1,619,618,620,-1,621,622,623,-1,623,622,624,-1,623,624,625,-1,612,610,626,-1,626,610,627,-1,626,627,628,-1,628,627,629,-1,630,631,632,-1,616,614,632,-1,632,614,633,-1,632,633,630,-1,620,618,634,-1,634,618,635,-1,634,635,636,-1,636,635,637,-1,622,621,638,-1,638,621,639,-1,638,639,640,-1,641,642,643,-1,643,642,644,-1,644,642,645,-1,645,642,646,-1,645,646,647,-1,647,646,648,-1,16,14,649,-1,16,649,27,-1,27,649,25,-1,25,649,650,-1,25,650,651,-1,651,652,25,-1,25,652,653,-1,25,653,654,-1,654,653,655,-1,654,655,656,-1,657,40,38,-1,656,658,654,-1,654,658,657,-1,654,657,659,-1,659,657,38,-1,20,660,21,-1,21,660,661,-1,21,661,662,-1,71,72,583,-1,583,72,573,-1,573,386,663,-1,386,384,663,-1,663,384,581,-1,663,581,580,-1,663,664,573,-1,573,664,665,-1,573,665,583,-1,583,665,666,-1,580,579,663,-1,663,579,578,-1,663,578,577,-1,666,667,583,-1,583,667,668,-1,583,668,669,-1,669,670,583,-1,583,670,671,-1,583,671,585,-1,577,576,663,-1,663,576,575,-1,663,575,574,-1,672,673,674,-1,103,674,109,-1,109,674,675,-1,109,675,604,-1,604,675,676,-1,604,676,654,-1,654,676,677,-1,654,677,25,-1,25,677,678,-1,25,678,17,-1,17,678,679,-1,17,679,582,-1,582,679,680,-1,582,680,583,-1,583,680,681,-1,583,681,682,-1,103,91,674,-1,674,91,96,-1,674,96,78,-1,682,683,583,-1,583,683,672,-1,583,672,71,-1,71,672,674,-1,71,674,75,-1,75,674,78,-1,587,586,0,-1,0,586,684,-1,0,684,1,-1,685,686,687,-1,687,686,688,-1,623,625,689,-1,689,625,690,-1,689,690,686,-1,686,690,691,-1,686,691,688,-1,692,687,693,-1,693,687,688,-1,693,688,694,-1,694,688,605,-1,694,605,695,-1,695,605,604,-1,695,604,696,-1,696,604,697,-1,697,604,698,-1,698,604,654,-1,698,654,659,-1,699,700,662,-1,662,661,699,-1,699,661,701,-1,699,701,702,-1,652,651,703,-1,655,653,704,-1,658,656,705,-1,13,700,699,-1,14,13,649,-1,649,13,699,-1,649,699,650,-1,650,699,702,-1,640,639,657,-1,657,639,39,-1,657,39,40,-1,574,706,707,-1,574,572,706,-1,706,572,571,-1,706,571,570,-1,707,708,574,-1,574,708,691,-1,574,691,663,-1,709,710,663,-1,45,599,46,-1,46,599,706,-1,46,706,569,-1,569,706,570,-1,640,657,711,-1,711,657,712,-1,711,712,713,-1,691,690,663,-1,663,690,714,-1,663,714,709,-1,709,714,711,-1,709,711,715,-1,715,711,713,-1,22,28,671,-1,671,28,11,-1,671,11,585,-1,588,584,716,-1,716,584,585,-1,716,585,3,-1,3,585,11,-1,717,670,718,-1,670,719,671,-1,671,719,720,-1,671,720,22,-1,670,717,719,-1,719,717,721,-1,719,721,722,-1,722,721,723,-1,722,723,718,-1,718,723,724,-1,718,724,717,-1,725,664,726,-1,726,664,663,-1,726,663,712,-1,712,663,710,-1,712,710,713,-1,725,727,728,-1,728,727,636,-1,729,666,730,-1,730,666,665,-1,730,665,705,-1,729,731,732,-1,732,731,631,-1,733,668,734,-1,734,668,667,-1,734,667,704,-1,733,735,736,-1,736,735,628,-1,669,703,737,-1,737,703,738,-1,669,737,670,-1,670,737,739,-1,670,739,718,-1,718,739,740,-1,718,740,647,-1,738,703,648,-1,648,703,651,-1,648,651,647,-1,647,651,650,-1,647,650,718,-1,718,650,702,-1,718,702,722,-1,705,728,658,-1,658,728,636,-1,658,636,657,-1,657,636,637,-1,657,637,712,-1,712,637,741,-1,712,741,726,-1,704,732,655,-1,655,732,631,-1,655,631,656,-1,656,631,630,-1,656,630,705,-1,705,630,742,-1,705,742,730,-1,703,736,652,-1,652,736,628,-1,652,628,653,-1,653,628,629,-1,653,629,704,-1,704,629,743,-1,704,743,734,-1,725,728,664,-1,664,728,744,-1,664,744,665,-1,665,744,745,-1,665,745,705,-1,705,745,746,-1,705,746,728,-1,728,746,747,-1,728,747,744,-1,729,732,666,-1,666,732,748,-1,666,748,667,-1,667,748,749,-1,667,749,704,-1,704,749,750,-1,704,750,732,-1,732,750,751,-1,732,751,748,-1,733,736,668,-1,668,736,752,-1,668,752,669,-1,669,752,753,-1,669,753,703,-1,703,753,754,-1,703,754,736,-1,736,754,755,-1,736,755,752,-1,739,756,740,-1,740,756,645,-1,740,645,647,-1,757,719,701,-1,701,719,722,-1,701,722,702,-1,644,645,643,-1,643,645,756,-1,701,661,757,-1,757,661,660,-1,714,758,711,-1,711,758,638,-1,711,638,640,-1,759,726,635,-1,635,726,741,-1,635,741,637,-1,725,760,727,-1,727,760,634,-1,727,634,636,-1,761,730,633,-1,633,730,742,-1,633,742,630,-1,729,762,731,-1,731,762,632,-1,731,632,631,-1,763,734,627,-1,627,734,743,-1,627,743,629,-1,733,764,735,-1,735,764,626,-1,735,626,628,-1,765,737,646,-1,646,737,738,-1,646,738,648,-1,612,626,611,-1,611,626,764,-1,646,642,765,-1,765,642,641,-1,616,632,615,-1,615,632,762,-1,627,610,763,-1,763,610,609,-1,620,634,619,-1,619,634,760,-1,633,614,761,-1,761,614,613,-1,622,638,624,-1,624,638,758,-1,635,618,759,-1,759,618,617,-1,9,29,7,-1,7,29,34,-1,29,9,28,-1,28,9,11,-1,688,766,605,-1,605,766,603,-1,766,708,707,-1,707,606,608,-1,600,603,767,-1,767,603,766,-1,767,766,768,-1,769,770,771,-1,608,772,707,-1,707,772,769,-1,707,769,766,-1,766,769,771,-1,766,771,768,-1,766,688,708,-1,708,688,691,-1,773,774,775,-1,773,775,776,-1,776,775,777,-1,776,777,778,-1,779,780,781,-1,592,782,591,-1,591,782,783,-1,591,783,781,-1,781,783,784,-1,781,784,779,-1,781,780,785,-1,785,780,786,-1,787,778,777,-1,593,788,594,-1,594,788,789,-1,594,789,777,-1,777,789,790,-1,777,790,787,-1,791,792,793,-1,786,794,795,-1,796,797,779,-1,794,786,797,-1,797,786,780,-1,797,780,779,-1,779,798,796,-1,796,798,597,-1,796,597,795,-1,795,597,598,-1,795,598,786,-1,786,598,791,-1,786,791,799,-1,799,791,793,-1,800,597,801,-1,801,597,798,-1,801,798,802,-1,802,798,803,-1,802,803,804,-1,804,803,595,-1,804,595,800,-1,800,595,597,-1,805,806,807,-1,807,806,773,-1,807,773,808,-1,808,773,776,-1,808,776,809,-1,809,776,810,-1,809,810,805,-1,805,810,806,-1,811,812,774,-1,782,592,590,-1,811,774,590,-1,774,773,813,-1,813,773,806,-1,813,806,814,-1,814,806,782,-1,814,782,815,-1,815,782,590,-1,815,590,816,-1,816,590,774,-1,816,774,813,-1,593,595,788,-1,788,595,803,-1,788,803,789,-1,789,803,817,-1,789,817,790,-1,790,817,818,-1,790,818,787,-1,787,818,810,-1,787,810,778,-1,778,810,776,-1,819,820,821,-1,821,820,806,-1,821,806,822,-1,822,806,810,-1,822,810,823,-1,823,810,818,-1,823,818,819,-1,819,818,820,-1,824,825,826,-1,826,825,820,-1,826,820,827,-1,827,820,818,-1,827,818,828,-1,828,818,817,-1,828,817,824,-1,824,817,825,-1,829,798,830,-1,830,798,825,-1,830,825,831,-1,831,825,817,-1,831,817,832,-1,832,817,803,-1,832,803,829,-1,829,803,798,-1,833,783,834,-1,834,783,782,-1,834,782,835,-1,835,782,806,-1,835,806,836,-1,836,806,820,-1,836,820,833,-1,833,820,783,-1,837,784,838,-1,838,784,783,-1,838,783,839,-1,839,783,820,-1,839,820,840,-1,840,820,825,-1,840,825,837,-1,837,825,784,-1,841,779,842,-1,842,779,784,-1,842,784,843,-1,843,784,825,-1,843,825,844,-1,844,825,798,-1,844,798,841,-1,841,798,779,-1,598,596,791,-1,791,596,845,-1,791,845,792,-1,846,793,845,-1,845,793,792,-1,793,846,799,-1,799,846,785,-1,799,785,786,-1,847,811,589,-1,589,811,590,-1,848,812,847,-1,847,812,811,-1,775,774,848,-1,848,774,812,-1,674,846,675,-1,675,846,845,-1,673,785,674,-1,674,785,846,-1,596,676,845,-1,845,676,675,-1,672,781,673,-1,673,781,785,-1,594,677,596,-1,596,677,676,-1,683,591,672,-1,672,591,781,-1,777,678,594,-1,594,678,677,-1,682,589,683,-1,683,589,591,-1,775,679,777,-1,777,679,678,-1,681,847,682,-1,682,847,589,-1,848,680,775,-1,775,680,679,-1,680,848,681,-1,681,848,847,-1,
        ]
    }
}
Shape{
    appearance Appearance {
        material  Material 	{
            diffuseColor 0.7529411764705882 0.7529411764705882 0.7529411764705882
            specularColor 0.3764705882352941 0.3764705882352941 0.3764705882352941
            ambientIntensity 0.2
            transparency 0
            shininess 0.5
        }
    }
    geometry IndexedFaceSet {
        ccw TRUE
        solid FALSE
        coord DEF co Coordinate {
            point [
                -0.383 -0.6319 0.8434, -0.383 -0.6319 0.9436, -0.4044 -0.6319 0.8434, -0.4044 -0.6319 0.9436, -0.3543 -0.5531 0.8148, -0.3543 0.1476 0.8148, -0.3543 -0.5531 0.9722, -0.3543 0.1476 0.9722, -0.4331 -0.5531 0.9722, -0.4331 0.1476 0.9722, -0.4331 -0.5531 0.8148, -0.4331 0.1476 0.8148, -0.4331 0.0882 0.618, -0.4331 0.0882 0.4395, -0.3543 0.0882 0.618, -0.3543 0.0882 0.4395, -0.4331 0.1476 0.4395, -0.4331 0.1476 0.618, -0.3543 0.1476 0.618, -0.3543 0.1476 0.4395, -0.4331 0.4626 1.1218, -0.3543 0.4626 1.1218, -0.3543 0.4749 1.1284, -0.4331 0.4749 1.1284, -0.3543 0.4883 1.1325, -0.4331 0.4883 1.1325, -0.3543 0.5022 1.1339, -0.4331 0.5022 1.1339, -0.3543 0.6714 0.1068, -0.3543 0.4626 0.3281, -0.4331 0.6714 0.1068, -0.4331 0.4626 0.3281, -0.4331 0.5886 0.3588, -0.4331 0.5908 0.3411, -0.4331 0.5886 1.0628, -0.4331 0.5175 1.1339, -0.4331 0.5862 1.0812, -0.4331 0.7 0.0945, -0.4331 0.6921 0.0953, -0.4331 0.7199 0.1961, -0.4331 0.5974 0.3244, -0.4331 0.608 0.31, -0.4331 0.9744 0.1339, -0.4331 0.7355 0.1929, -0.4331 0.9744 0.1535, -0.4331 0.935 0.1929, -0.4331 0.6845 0.0977, -0.4331 0.6775 0.1016, -0.4331 0.7129 0.2, -0.4331 0.7069 0.2053, -0.4331 0.7275 0.1937, -0.4331 0.935 0.0945, -0.4331 0.9452 0.0958, -0.4331 0.9547 0.0998, -0.4331 0.5359 1.1314, -0.4331 0.5531 1.1243, -0.4331 0.5791 1.0983, -0.4331 0.5678 1.113, -0.4331 0.9629 0.106, -0.4331 0.9731 0.1237, -0.4331 0.9691 0.1142, -0.4331 0.9547 0.1876, -0.4331 0.9629 0.1814, -0.4331 0.9452 0.1916, -0.4331 0.9691 0.1732, -0.4331 0.9731 0.1637, -0.3543 0.5974 0.3244, -0.3543 0.5908 0.3411, -0.3543 0.5886 0.3588, -0.3543 0.5886 1.0628, -0.3543 0.6775 0.1016, -0.3543 0.7199 0.1961, -0.3543 0.935 0.1929, -0.3543 0.7355 0.1929, -0.3543 0.9744 0.1535, -0.3543 0.9744 0.1339, -0.3543 0.6845 0.0977, -0.3543 0.6921 0.0953, -0.3543 0.7275 0.1937, -0.3543 0.7 0.0945, -0.3543 0.5175 1.1339, -0.3543 0.5862 1.0812, -0.3543 0.5359 1.1314, -0.3543 0.935 0.0945, -0.3543 0.9452 0.0958, -0.3543 0.7129 0.2, -0.3543 0.7069 0.2053, -0.3543 0.608 0.31, -0.3543 0.9547 0.0998, -0.3543 0.9629 0.106, -0.3543 0.9731 0.1237, -0.3543 0.9691 0.1142, -0.3543 0.5531 1.1243, -0.3543 0.5791 1.0983, -0.3543 0.5678 1.113, -0.3543 0.9731 0.1637, -0.3543 0.9691 0.1732, -0.3543 0.9452 0.1916, -0.3543 0.9629 0.1814, -0.3543 0.9547 0.1876, -0.7767 -0.6319 0.8434, -0.7767 -0.6319 0.9436, -0.7981 -0.6319 0.8434, -0.7981 -0.6319 0.9436, -0.748 -0.5531 0.8148, -0.748 0.1476 0.8148, -0.748 -0.5531 0.9722, -0.748 0.1476 0.9722, -0.8268 -0.5531 0.9722, -0.8268 0.1476 0.9722, -0.8268 -0.5531 0.8148, -0.8268 0.1476 0.8148, -0.8268 0.0882 0.618, -0.8268 0.0882 0.4395, -0.748 0.0882 0.618, -0.748 0.0882 0.4395, -0.8268 0.1476 0.4395, -0.8268 0.1476 0.618, -0.748 0.1476 0.618, -0.748 0.1476 0.4395, -0.8268 0.4626 1.1218, -0.748 0.4626 1.1218, -0.748 0.4749 1.1284, -0.8268 0.4749 1.1284, -0.748 0.4883 1.1325, -0.8268 0.4883 1.1325, -0.748 0.5022 1.1339, -0.8268 0.5022 1.1339, -0.748 0.6714 0.1068, -0.748 0.4626 0.3281, -0.8268 0.6714 0.1068, -0.8268 0.4626 0.3281, -0.8268 0.5886 0.3588, -0.8268 0.5908 0.3411, -0.8268 0.5886 1.0628, -0.8268 0.5175 1.1339, -0.8268 0.7 0.0945, -0.8268 0.6921 0.0953, -0.8268 0.7199 0.1961, -0.8268 0.5974 0.3244, -0.8268 0.608 0.31, -0.8268 0.9744 0.1535, -0.8268 0.9744 0.1339, -0.8268 0.935 0.0945, -0.8268 0.9734 0.1251, -0.8268 0.9438 0.0955, -0.8268 0.5359 1.1314, -0.8268 0.5531 1.1243, -0.8268 0.5862 1.0812, -0.8268 0.5678 1.113, -0.8268 0.5791 1.0983, -0.8268 0.6845 0.0977, -0.8268 0.6775 0.1016, -0.8268 0.7129 0.2, -0.8268 0.7069 0.2053, -0.8268 0.7275 0.1937, -0.8268 0.7355 0.1929, -0.8268 0.935 0.1929, -0.8268 0.9705 0.1168, -0.8268 0.9658 0.1093, -0.8268 0.9596 0.1031, -0.8268 0.9547 0.1876, -0.8268 0.9629 0.1814, -0.8268 0.9452 0.1916, -0.8268 0.9691 0.1732, -0.8268 0.9731 0.1637, -0.8268 0.9521 0.0984, -0.748 0.5974 0.3244, -0.748 0.5908 0.3411, -0.748 0.6775 0.1016, -0.748 0.7199 0.1961, -0.748 0.5886 0.3588, -0.748 0.7 0.0945, -0.748 0.935 0.0945, -0.748 0.935 0.1929, -0.748 0.7355 0.1929, -0.748 0.7275 0.1937, -0.748 0.6921 0.0953, -0.748 0.6845 0.0977, -0.748 0.7129 0.2, -0.748 0.7069 0.2053, -0.748 0.608 0.31, -0.748 0.5531 1.1243, -0.748 0.5862 1.0812, -0.748 0.5678 1.113, -0.748 0.5791 1.0983, -0.748 0.5359 1.1314, -0.748 0.5175 1.1339, -0.748 0.5886 1.0628, -0.748 0.9658 0.1093, -0.748 0.9705 0.1168, -0.748 0.9596 0.1031, -0.748 0.9734 0.1251, -0.748 0.9521 0.0984, -0.748 0.9744 0.1535, -0.748 0.9744 0.1339, -0.748 0.9438 0.0955, -0.748 0.9731 0.1637, -0.748 0.9691 0.1732, -0.748 0.9452 0.1916, -0.748 0.9629 0.1814, -0.748 0.9547 0.1876, 0.0107 -0.6319 0.8434, 0.0107 -0.6319 0.9436, -0.0107 -0.6319 0.8434, -0.0107 -0.6319 0.9436, 0.0394 -0.5531 0.8148, 0.0394 0.1476 0.8148, 0.0394 -0.5531 0.9722, 0.0394 0.1476 0.9722, -0.0394 -0.5531 0.9722, -0.0394 0.1476 0.9722, -0.0394 -0.5531 0.8148, -0.0394 0.1476 0.8148, -0.0394 0.0882 0.618, -0.0394 0.0882 0.4395, 0.0394 0.0882 0.618, 0.0394 0.0882 0.4395, -0.0394 0.1476 0.4395, -0.0394 0.1476 0.618, 0.0394 0.1476 0.618, 0.0394 0.1476 0.4395, -0.0394 0.4626 1.1218, 0.0394 0.4626 1.1218, 0.0394 0.4749 1.1284, -0.0394 0.4749 1.1284, 0.0394 0.4883 1.1325, -0.0394 0.4883 1.1325, 0.0394 0.5022 1.1339, -0.0394 0.5022 1.1339, 0.0394 0.6714 0.1068, 0.0394 0.4626 0.3281, -0.0394 0.6714 0.1068, -0.0394 0.4626 0.3281, -0.0394 0.5886 0.3588, -0.0394 0.5908 0.3411, -0.0394 0.5886 1.0628, -0.0394 0.5175 1.1339, -0.0394 0.7 0.0945, -0.0394 0.6921 0.0953, -0.0394 0.7199 0.1961, -0.0394 0.5974 0.3244, -0.0394 0.608 0.31, -0.0394 0.9744 0.1535, -0.0394 0.9744 0.1339, -0.0394 0.935 0.0945, -0.0394 0.9734 0.1251, -0.0394 0.9438 0.0955, -0.0394 0.5359 1.1314, -0.0394 0.5531 1.1243, -0.0394 0.5862 1.0812, -0.0394 0.5678 1.113, -0.0394 0.5791 1.0983, -0.0394 0.6845 0.0977, -0.0394 0.6775 0.1016, -0.0394 0.7129 0.2, -0.0394 0.7069 0.2053, -0.0394 0.7275 0.1937, -0.0394 0.7355 0.1929, -0.0394 0.935 0.1929, -0.0394 0.9705 0.1168, -0.0394 0.9658 0.1093, -0.0394 0.9596 0.1031, -0.0394 0.9547 0.1876, -0.0394 0.9629 0.1814, -0.0394 0.9452 0.1916, -0.0394 0.9691 0.1732, -0.0394 0.9731 0.1637, -0.0394 0.9521 0.0984, 0.0394 0.5974 0.3244, 0.0394 0.5908 0.3411, 0.0394 0.6775 0.1016, 0.0394 0.7199 0.1961, 0.0394 0.5886 0.3588, 0.0394 0.7 0.0945, 0.0394 0.935 0.0945, 0.0394 0.935 0.1929, 0.0394 0.7355 0.1929, 0.0394 0.7275 0.1937, 0.0394 0.6921 0.0953, 0.0394 0.6845 0.0977, 0.0394 0.7129 0.2, 0.0394 0.7069 0.2053, 0.0394 0.608 0.31, 0.0394 0.5531 1.1243, 0.0394 0.5862 1.0812, 0.0394 0.5678 1.113, 0.0394 0.5791 1.0983, 0.0394 0.5359 1.1314, 0.0394 0.5175 1.1339, 0.0394 0.5886 1.0628, 0.0394 0.9658 0.1093, 0.0394 0.9705 0.1168, 0.0394 0.9596 0.1031, 0.0394 0.9734 0.1251, 0.0394 0.9521 0.0984, 0.0394 0.9744 0.1535, 0.0394 0.9744 0.1339, 0.0394 0.9438 0.0955, 0.0394 0.9731 0.1637, 0.0394 0.9691 0.1732, 0.0394 0.9452 0.1916, 0.0394 0.9629 0.1814, 0.0394 0.9547 0.1876, 0.4044 -0.6319 0.8434, 0.4044 -0.6319 0.9436, 0.383 -0.6319 0.8434, 0.383 -0.6319 0.9436, 0.4331 -0.5531 0.8148, 0.4331 0.1476 0.8148, 0.4331 -0.5531 0.9722, 0.4331 0.1476 0.9722, 0.3543 -0.5531 0.9722, 0.3543 0.1476 0.9722, 0.3543 -0.5531 0.8148, 0.3543 0.1476 0.8148, 0.3543 0.0882 0.618, 0.3543 0.0882 0.4395, 0.4331 0.0882 0.618, 0.4331 0.0882 0.4395, 0.3543 0.1476 0.4395, 0.3543 0.1476 0.618, 0.4331 0.1476 0.618, 0.4331 0.1476 0.4395, 0.3543 0.4626 1.1218, 0.4331 0.4626 1.1218, 0.4331 0.4749 1.1284, 0.3543 0.4749 1.1284, 0.4331 0.4883 1.1325, 0.3543 0.4883 1.1325, 0.4331 0.5022 1.1339, 0.3543 0.5022 1.1339, 0.4331 0.6714 0.1068, 0.4331 0.4626 0.3281, 0.3543 0.6714 0.1068, 0.3543 0.4626 0.3281, 0.3543 0.5886 0.3588, 0.3543 0.5908 0.3411, 0.3543 0.5886 1.0628, 0.3543 0.5175 1.1339, 0.3543 0.7 0.0945, 0.3543 0.6921 0.0953, 0.3543 0.7199 0.1961, 0.3543 0.5974 0.3244, 0.3543 0.608 0.31, 0.3543 0.9744 0.1535, 0.3543 0.9744 0.1339, 0.3543 0.935 0.0945, 0.3543 0.9734 0.1251, 0.3543 0.9438 0.0955, 0.3543 0.5359 1.1314, 0.3543 0.5531 1.1243, 0.3543 0.5862 1.0812, 0.3543 0.5678 1.113, 0.3543 0.5791 1.0983, 0.3543 0.6845 0.0977, 0.3543 0.6775 0.1016, 0.3543 0.7129 0.2, 0.3543 0.7069 0.2053, 0.3543 0.7275 0.1937, 0.3543 0.7355 0.1929, 0.3543 0.935 0.1929, 0.3543 0.9705 0.1168, 0.3543 0.9658 0.1093, 0.3543 0.9596 0.1031, 0.3543 0.9547 0.1876, 0.3543 0.9629 0.1814, 0.3543 0.9452 0.1916, 0.3543 0.9691 0.1732, 0.3543 0.9731 0.1637, 0.3543 0.9521 0.0984, 0.4331 0.5974 0.3244, 0.4331 0.5908 0.3411, 0.4331 0.6775 0.1016, 0.4331 0.7199 0.1961, 0.4331 0.5886 0.3588, 0.4331 0.7 0.0945, 0.4331 0.935 0.0945, 0.4331 0.935 0.1929, 0.4331 0.7355 0.1929, 0.4331 0.7275 0.1937, 0.4331 0.6921 0.0953, 0.4331 0.6845 0.0977, 0.4331 0.7129 0.2, 0.4331 0.7069 0.2053, 0.4331 0.608 0.31, 0.4331 0.5531 1.1243, 0.4331 0.5862 1.0812, 0.4331 0.5678 1.113, 0.4331 0.5791 1.0983, 0.4331 0.5359 1.1314, 0.4331 0.5175 1.1339, 0.4331 0.5886 1.0628, 0.4331 0.9658 0.1093, 0.4331 0.9705 0.1168, 0.4331 0.9596 0.1031, 0.4331 0.9734 0.1251, 0.4331 0.9521 0.0984, 0.4331 0.9744 0.1535, 0.4331 0.9744 0.1339, 0.4331 0.9438 0.0955, 0.4331 0.9731 0.1637, 0.4331 0.9691 0.1732, 0.4331 0.9452 0.1916, 0.4331 0.9629 0.1814, 0.4331 0.9547 0.1876, 0.7981 -0.6319 0.8434, 0.7981 -0.6319 0.9436, 0.7767 -0.6319 0.8434, 0.7767 -0.6319 0.9436, 0.8268 -0.5531 0.8148, 0.8268 0.1476 0.8148, 0.8268 -0.5531 0.9722, 0.8268 0.1476 0.9722, 0.748 -0.5531 0.9722, 0.748 0.1476 0.9722, 0.748 -0.5531 0.8148, 0.748 0.1476 0.8148, 0.748 0.0882 0.618, 0.748 0.0882 0.4395, 0.8268 0.0882 0.618, 0.8268 0.0882 0.4395, 0.748 0.1476 0.4395, 0.748 0.1476 0.618, 0.8268 0.1476 0.618, 0.8268 0.1476 0.4395, 0.748 0.4626 1.1218, 0.8268 0.4626 1.1218, 0.8268 0.4749 1.1284, 0.748 0.4749 1.1284, 0.8268 0.4883 1.1325, 0.748 0.4883 1.1325, 0.8268 0.5022 1.1339, 0.748 0.5022 1.1339, 0.8268 0.6714 0.1068, 0.8268 0.4626 0.3281, 0.748 0.6714 0.1068, 0.748 0.4626 0.3281, 0.748 0.5886 0.3588, 0.748 0.5908 0.3411, 0.748 0.5886 1.0628, 0.748 0.5175 1.1339, 0.748 0.7 0.0945, 0.748 0.6921 0.0953, 0.748 0.7199 0.1961, 0.748 0.5974 0.3244, 0.748 0.608 0.31, 0.748 0.9744 0.1535, 0.748 0.9744 0.1339, 0.748 0.935 0.0945, 0.748 0.9734 0.1251, 0.748 0.9438 0.0955, 0.748 0.5359 1.1314, 0.748 0.5531 1.1243, 0.748 0.5862 1.0812, 0.748 0.5678 1.113, 0.748 0.5791 1.0983, 0.748 0.6845 0.0977, 0.748 0.6775 0.1016, 0.748 0.7129 0.2, 0.748 0.7069 0.2053, 0.748 0.7275 0.1937, 0.748 0.7355 0.1929, 0.748 0.935 0.1929, 0.748 0.9705 0.1168, 0.748 0.9658 0.1093, 0.748 0.9596 0.1031, 0.748 0.9547 0.1876, 0.748 0.9629 0.1814, 0.748 0.9452 0.1916, 0.748 0.9691 0.1732, 0.748 0.9731 0.1637, 0.748 0.9521 0.0984, 0.8268 0.5974 0.3244, 0.8268 0.5908 0.3411, 0.8268 0.6775 0.1016, 0.8268 0.7199 0.1961, 0.8268 0.5886 0.3588, 0.8268 0.7 0.0945, 0.8268 0.935 0.0945, 0.8268 0.935 0.1929, 0.8268 0.7355 0.1929, 0.8268 0.7275 0.1937, 0.8268 0.6921 0.0953, 0.8268 0.6845 0.0977, 0.8268 0.7129 0.2, 0.8268 0.7069 0.2053, 0.8268 0.608 0.31, 0.8268 0.5531 1.1243, 0.8268 0.5862 1.0812, 0.8268 0.5678 1.113, 0.8268 0.5791 1.0983, 0.8268 0.5359 1.1314, 0.8268 0.5175 1.1339, 0.8268 0.5886 1.0628, 0.8268 0.9658 0.1093, 0.8268 0.9705 0.1168, 0.8268 0.9596 0.1031, 0.8268 0.9734 0.1251, 0.8268 0.9521 0.0984, 0.8268 0.9744 0.1535, 0.8268 0.9744 0.1339, 0.8268 0.9438 0.0955, 0.8268 0.9731 0.1637, 0.8268 0.9691 0.1732, 0.8268 0.9452 0.1916, 0.8268 0.9629 0.1814, 0.8268 0.9547 0.1876, 0.8268 0.9547 0.1876
            ]
        }
        coordIndex [
            0,1,2,-1,2,1,3,-1,4,5,6,-1,6,5,7,-1,8,9,10,-1,10,9,11,-1,10,11,4,-1,4,11,5,-1,6,7,8,-1,8,7,9,-1,12,13,14,-1,14,13,15,-1,13,12,16,-1,16,12,17,-1,18,14,19,-1,19,14,15,-1,17,12,18,-1,18,12,14,-1,19,15,16,-1,16,15,13,-1,20,21,22,-1,20,22,23,-1,23,22,24,-1,23,24,25,-1,25,24,26,-1,25,26,27,-1,28,29,30,-1,30,29,31,-1,20,23,31,-1,31,23,32,-1,31,32,33,-1,23,25,32,-1,32,25,27,-1,32,27,34,-1,34,27,35,-1,34,35,36,-1,37,38,39,-1,33,40,31,-1,31,40,41,-1,31,41,30,-1,42,43,44,-1,44,43,45,-1,38,46,39,-1,39,46,47,-1,39,47,48,-1,48,47,30,-1,48,30,49,-1,49,30,41,-1,39,50,37,-1,37,50,43,-1,37,43,51,-1,51,43,42,-1,51,42,52,-1,52,42,53,-1,35,54,36,-1,36,54,55,-1,36,55,56,-1,56,55,57,-1,53,42,58,-1,58,42,59,-1,58,59,60,-1,61,62,63,-1,63,62,64,-1,63,64,45,-1,45,64,65,-1,45,65,44,-1,66,67,29,-1,29,67,68,-1,26,68,69,-1,28,70,71,-1,72,73,74,-1,74,73,75,-1,70,76,71,-1,71,76,77,-1,71,77,78,-1,78,77,79,-1,78,79,73,-1,26,69,80,-1,80,69,81,-1,80,81,82,-1,21,29,22,-1,22,29,68,-1,22,68,24,-1,24,68,26,-1,73,79,75,-1,75,79,83,-1,75,83,84,-1,71,85,28,-1,28,85,86,-1,28,86,29,-1,29,86,87,-1,29,87,66,-1,84,88,75,-1,75,88,89,-1,75,89,90,-1,90,89,91,-1,82,81,92,-1,92,81,93,-1,92,93,94,-1,74,95,72,-1,72,95,96,-1,72,96,97,-1,97,96,98,-1,97,98,99,-1,35,27,80,-1,80,27,26,-1,35,80,82,-1,35,82,54,-1,54,82,92,-1,54,92,55,-1,55,92,94,-1,55,94,57,-1,57,94,93,-1,57,93,56,-1,56,93,81,-1,56,81,36,-1,36,81,69,-1,36,69,34,-1,32,34,68,-1,68,34,69,-1,32,68,33,-1,33,68,67,-1,33,67,40,-1,40,67,66,-1,40,66,41,-1,41,66,87,-1,49,41,86,-1,86,41,87,-1,73,72,43,-1,43,72,45,-1,42,44,75,-1,75,44,74,-1,37,51,79,-1,79,51,83,-1,73,43,78,-1,78,43,50,-1,78,50,71,-1,71,50,39,-1,71,39,85,-1,85,39,48,-1,85,48,86,-1,86,48,49,-1,37,79,77,-1,37,77,38,-1,38,77,76,-1,38,76,46,-1,46,76,70,-1,46,70,47,-1,47,70,28,-1,47,28,30,-1,42,75,90,-1,42,90,59,-1,59,90,91,-1,59,91,60,-1,60,91,89,-1,60,89,58,-1,58,89,88,-1,58,88,53,-1,53,88,84,-1,53,84,52,-1,52,84,83,-1,52,83,51,-1,45,72,97,-1,45,97,63,-1,63,97,99,-1,63,99,61,-1,61,99,98,-1,61,98,62,-1,62,98,96,-1,62,96,64,-1,64,96,95,-1,64,95,65,-1,65,95,74,-1,65,74,44,-1,8,3,6,-1,6,3,1,-1,10,2,8,-1,8,2,3,-1,0,4,1,-1,1,4,6,-1,4,0,10,-1,10,0,2,-1,100,101,102,-1,102,101,103,-1,104,105,106,-1,106,105,107,-1,108,109,110,-1,110,109,111,-1,110,111,104,-1,104,111,105,-1,106,107,108,-1,108,107,109,-1,112,113,114,-1,114,113,115,-1,113,112,116,-1,116,112,117,-1,118,114,119,-1,119,114,115,-1,117,112,118,-1,118,112,114,-1,119,115,116,-1,116,115,113,-1,120,121,122,-1,120,122,123,-1,123,122,124,-1,123,124,125,-1,125,124,126,-1,125,126,127,-1,128,129,130,-1,130,129,131,-1,120,123,131,-1,131,123,132,-1,131,132,133,-1,123,125,132,-1,132,125,127,-1,132,127,134,-1,134,127,135,-1,136,137,138,-1,133,139,131,-1,131,139,140,-1,131,140,130,-1,141,142,143,-1,143,142,144,-1,143,144,145,-1,135,146,134,-1,134,146,147,-1,134,147,148,-1,148,147,149,-1,148,149,150,-1,137,151,138,-1,138,151,152,-1,138,152,153,-1,153,152,130,-1,153,130,154,-1,154,130,140,-1,138,155,136,-1,136,155,156,-1,136,156,143,-1,143,156,157,-1,143,157,141,-1,158,159,160,-1,161,162,163,-1,163,162,164,-1,163,164,157,-1,157,164,165,-1,157,165,141,-1,158,160,144,-1,144,160,166,-1,144,166,145,-1,167,168,129,-1,128,169,170,-1,168,171,129,-1,129,171,122,-1,129,122,121,-1,172,173,174,-1,174,175,172,-1,172,175,176,-1,172,176,177,-1,177,176,170,-1,177,170,178,-1,178,170,169,-1,170,179,128,-1,128,179,180,-1,128,180,129,-1,129,180,181,-1,129,181,167,-1,182,183,184,-1,184,183,185,-1,182,186,183,-1,183,186,187,-1,183,187,188,-1,188,187,126,-1,188,126,171,-1,171,126,124,-1,171,124,122,-1,189,190,191,-1,191,190,192,-1,191,192,193,-1,194,174,195,-1,195,174,173,-1,195,173,192,-1,192,173,196,-1,192,196,193,-1,194,197,174,-1,174,197,198,-1,174,198,199,-1,199,198,200,-1,199,200,201,-1,135,127,187,-1,187,127,126,-1,135,187,186,-1,135,186,146,-1,146,186,182,-1,146,182,147,-1,147,182,184,-1,147,184,149,-1,149,184,185,-1,149,185,150,-1,150,185,183,-1,150,183,148,-1,148,183,188,-1,148,188,134,-1,132,134,171,-1,171,134,188,-1,132,171,133,-1,133,171,168,-1,133,168,139,-1,139,168,167,-1,139,167,140,-1,140,167,181,-1,154,140,180,-1,180,140,181,-1,175,174,156,-1,156,174,157,-1,142,141,195,-1,195,141,194,-1,136,143,172,-1,172,143,173,-1,202,203,204,-1,204,203,205,-1,206,207,208,-1,208,207,209,-1,210,211,212,-1,212,211,213,-1,212,213,206,-1,206,213,207,-1,208,209,210,-1,210,209,211,-1,214,215,216,-1,216,215,217,-1,215,214,218,-1,218,214,219,-1,220,216,221,-1,221,216,217,-1,219,214,220,-1,220,214,216,-1,221,217,218,-1,218,217,215,-1,222,223,224,-1,222,224,225,-1,225,224,226,-1,225,226,227,-1,227,226,228,-1,227,228,229,-1,230,231,232,-1,232,231,233,-1,222,225,233,-1,233,225,234,-1,233,234,235,-1,225,227,234,-1,234,227,229,-1,234,229,236,-1,236,229,237,-1,238,239,240,-1,235,241,233,-1,233,241,242,-1,233,242,232,-1,243,244,245,-1,245,244,246,-1,245,246,247,-1,237,248,236,-1,236,248,249,-1,236,249,250,-1,250,249,251,-1,250,251,252,-1,239,253,240,-1,240,253,254,-1,240,254,255,-1,255,254,232,-1,255,232,256,-1,256,232,242,-1,240,257,238,-1,238,257,258,-1,238,258,245,-1,245,258,259,-1,245,259,243,-1,260,261,262,-1,263,264,265,-1,265,264,266,-1,265,266,259,-1,259,266,267,-1,259,267,243,-1,260,262,246,-1,246,262,268,-1,246,268,247,-1,269,270,231,-1,230,271,272,-1,270,273,231,-1,231,273,224,-1,231,224,223,-1,274,275,276,-1,276,277,274,-1,274,277,278,-1,274,278,279,-1,279,278,272,-1,279,272,280,-1,280,272,271,-1,272,281,230,-1,230,281,282,-1,230,282,231,-1,231,282,283,-1,231,283,269,-1,284,285,286,-1,286,285,287,-1,284,288,285,-1,285,288,289,-1,285,289,290,-1,290,289,228,-1,290,228,273,-1,273,228,226,-1,273,226,224,-1,291,292,293,-1,293,292,294,-1,293,294,295,-1,296,276,297,-1,297,276,275,-1,297,275,294,-1,294,275,298,-1,294,298,295,-1,296,299,276,-1,276,299,300,-1,276,300,301,-1,301,300,302,-1,301,302,303,-1,237,229,289,-1,289,229,228,-1,237,289,288,-1,237,288,248,-1,248,288,284,-1,248,284,249,-1,249,284,286,-1,249,286,251,-1,251,286,287,-1,251,287,252,-1,252,287,285,-1,252,285,250,-1,250,285,290,-1,250,290,236,-1,234,236,273,-1,273,236,290,-1,234,273,235,-1,235,273,270,-1,235,270,241,-1,241,270,269,-1,241,269,242,-1,242,269,283,-1,256,242,282,-1,282,242,283,-1,277,276,258,-1,258,276,259,-1,244,243,297,-1,297,243,296,-1,238,245,274,-1,274,245,275,-1,304,305,306,-1,306,305,307,-1,308,309,310,-1,310,309,311,-1,312,313,314,-1,314,313,315,-1,314,315,308,-1,308,315,309,-1,310,311,312,-1,312,311,313,-1,316,317,318,-1,318,317,319,-1,317,316,320,-1,320,316,321,-1,322,318,323,-1,323,318,319,-1,321,316,322,-1,322,316,318,-1,323,319,320,-1,320,319,317,-1,324,325,326,-1,324,326,327,-1,327,326,328,-1,327,328,329,-1,329,328,330,-1,329,330,331,-1,332,333,334,-1,334,333,335,-1,324,327,335,-1,335,327,336,-1,335,336,337,-1,327,329,336,-1,336,329,331,-1,336,331,338,-1,338,331,339,-1,340,341,342,-1,337,343,335,-1,335,343,344,-1,335,344,334,-1,345,346,347,-1,347,346,348,-1,347,348,349,-1,339,350,338,-1,338,350,351,-1,338,351,352,-1,352,351,353,-1,352,353,354,-1,341,355,342,-1,342,355,356,-1,342,356,357,-1,357,356,334,-1,357,334,358,-1,358,334,344,-1,342,359,340,-1,340,359,360,-1,340,360,347,-1,347,360,361,-1,347,361,345,-1,362,363,364,-1,365,366,367,-1,367,366,368,-1,367,368,361,-1,361,368,369,-1,361,369,345,-1,362,364,348,-1,348,364,370,-1,348,370,349,-1,371,372,333,-1,332,373,374,-1,372,375,333,-1,333,375,326,-1,333,326,325,-1,376,377,378,-1,378,379,376,-1,376,379,380,-1,376,380,381,-1,381,380,374,-1,381,374,382,-1,382,374,373,-1,374,383,332,-1,332,383,384,-1,332,384,333,-1,333,384,385,-1,333,385,371,-1,386,387,388,-1,388,387,389,-1,386,390,387,-1,387,390,391,-1,387,391,392,-1,392,391,330,-1,392,330,375,-1,375,330,328,-1,375,328,326,-1,393,394,395,-1,395,394,396,-1,395,396,397,-1,398,378,399,-1,399,378,377,-1,399,377,396,-1,396,377,400,-1,396,400,397,-1,398,401,378,-1,378,401,402,-1,378,402,403,-1,403,402,404,-1,403,404,405,-1,339,331,391,-1,391,331,330,-1,339,391,390,-1,339,390,350,-1,350,390,386,-1,350,386,351,-1,351,386,388,-1,351,388,353,-1,353,388,389,-1,353,389,354,-1,354,389,387,-1,354,387,352,-1,352,387,392,-1,352,392,338,-1,336,338,375,-1,375,338,392,-1,336,375,337,-1,337,375,372,-1,337,372,343,-1,343,372,371,-1,343,371,344,-1,344,371,385,-1,358,344,384,-1,384,344,385,-1,379,378,360,-1,360,378,361,-1,346,345,399,-1,399,345,398,-1,340,347,376,-1,376,347,377,-1,406,407,408,-1,408,407,409,-1,410,411,412,-1,412,411,413,-1,414,415,416,-1,416,415,417,-1,416,417,410,-1,410,417,411,-1,412,413,414,-1,414,413,415,-1,418,419,420,-1,420,419,421,-1,419,418,422,-1,422,418,423,-1,424,420,425,-1,425,420,421,-1,423,418,424,-1,424,418,420,-1,425,421,422,-1,422,421,419,-1,426,427,428,-1,426,428,429,-1,429,428,430,-1,429,430,431,-1,431,430,432,-1,431,432,433,-1,434,435,436,-1,436,435,437,-1,426,429,437,-1,437,429,438,-1,437,438,439,-1,429,431,438,-1,438,431,433,-1,438,433,440,-1,440,433,441,-1,442,443,444,-1,439,445,437,-1,437,445,446,-1,437,446,436,-1,447,448,449,-1,449,448,450,-1,449,450,451,-1,441,452,440,-1,440,452,453,-1,440,453,454,-1,454,453,455,-1,454,455,456,-1,443,457,444,-1,444,457,458,-1,444,458,459,-1,459,458,436,-1,459,436,460,-1,460,436,446,-1,444,461,442,-1,442,461,462,-1,442,462,449,-1,449,462,463,-1,449,463,447,-1,464,465,466,-1,467,468,469,-1,469,468,470,-1,469,470,463,-1,463,470,471,-1,463,471,447,-1,464,466,450,-1,450,466,472,-1,450,472,451,-1,473,474,435,-1,434,475,476,-1,474,477,435,-1,435,477,428,-1,435,428,427,-1,478,479,480,-1,480,481,478,-1,478,481,482,-1,478,482,483,-1,483,482,476,-1,483,476,484,-1,484,476,475,-1,476,485,434,-1,434,485,486,-1,434,486,435,-1,435,486,487,-1,435,487,473,-1,488,489,490,-1,490,489,491,-1,488,492,489,-1,489,492,493,-1,489,493,494,-1,494,493,432,-1,494,432,477,-1,477,432,430,-1,477,430,428,-1,495,496,497,-1,497,496,498,-1,497,498,499,-1,500,480,501,-1,501,480,479,-1,501,479,498,-1,498,479,502,-1,498,502,499,-1,500,503,480,-1,480,503,504,-1,480,504,505,-1,505,504,506,-1,505,506,507,-1,441,433,493,-1,493,433,432,-1,441,493,492,-1,441,492,452,-1,452,492,488,-1,452,488,453,-1,453,488,490,-1,453,490,455,-1,455,490,491,-1,455,491,456,-1,456,491,489,-1,456,489,454,-1,454,489,494,-1,454,494,440,-1,438,440,477,-1,477,440,494,-1,438,477,439,-1,439,477,474,-1,439,474,445,-1,445,474,473,-1,445,473,446,-1,446,473,487,-1,460,446,486,-1,486,446,487,-1,481,480,462,-1,462,480,463,-1,448,447,501,-1,501,447,500,-1,442,449,478,-1,478,449,479,-1,175,156,176,-1,176,156,155,-1,176,155,170,-1,170,155,138,-1,170,138,179,-1,179,138,153,-1,179,153,180,-1,180,153,154,-1,136,172,177,-1,136,177,137,-1,137,177,178,-1,137,178,151,-1,151,178,169,-1,151,169,152,-1,152,169,128,-1,152,128,130,-1,142,195,192,-1,142,192,144,-1,144,192,190,-1,144,190,158,-1,158,190,189,-1,158,189,159,-1,159,189,191,-1,159,191,160,-1,160,191,193,-1,160,193,166,-1,166,193,196,-1,166,196,145,-1,145,196,173,-1,145,173,143,-1,157,174,199,-1,157,199,163,-1,163,199,201,-1,163,201,161,-1,161,201,200,-1,161,200,162,-1,162,200,198,-1,162,198,164,-1,164,198,197,-1,164,197,165,-1,165,197,194,-1,165,194,141,-1,277,258,278,-1,278,258,257,-1,278,257,272,-1,272,257,240,-1,272,240,281,-1,281,240,255,-1,281,255,282,-1,282,255,256,-1,238,274,279,-1,238,279,239,-1,239,279,280,-1,239,280,253,-1,253,280,271,-1,253,271,254,-1,254,271,230,-1,254,230,232,-1,244,297,294,-1,244,294,246,-1,246,294,292,-1,246,292,260,-1,260,292,291,-1,260,291,261,-1,261,291,293,-1,261,293,262,-1,262,293,295,-1,262,295,268,-1,268,295,298,-1,268,298,247,-1,247,298,275,-1,247,275,245,-1,259,276,301,-1,259,301,265,-1,265,301,303,-1,265,303,263,-1,263,303,302,-1,263,302,264,-1,264,302,300,-1,264,300,266,-1,266,300,299,-1,266,299,267,-1,267,299,296,-1,267,296,243,-1,379,360,380,-1,380,360,359,-1,380,359,374,-1,374,359,342,-1,374,342,383,-1,383,342,357,-1,383,357,384,-1,384,357,358,-1,340,376,381,-1,340,381,341,-1,341,381,382,-1,341,382,355,-1,355,382,373,-1,355,373,356,-1,356,373,332,-1,356,332,334,-1,346,399,396,-1,346,396,348,-1,348,396,394,-1,348,394,362,-1,362,394,393,-1,362,393,363,-1,363,393,395,-1,363,395,364,-1,364,395,397,-1,364,397,370,-1,370,397,400,-1,370,400,349,-1,349,400,377,-1,349,377,347,-1,361,378,403,-1,361,403,367,-1,367,403,405,-1,367,405,365,-1,365,405,404,-1,365,404,366,-1,366,404,402,-1,366,402,368,-1,368,402,401,-1,368,401,369,-1,369,401,398,-1,369,398,345,-1,481,462,482,-1,482,462,461,-1,482,461,476,-1,476,461,444,-1,476,444,485,-1,485,444,459,-1,485,459,486,-1,486,459,460,-1,442,478,483,-1,442,483,443,-1,443,483,484,-1,443,484,457,-1,457,484,475,-1,457,475,458,-1,458,475,434,-1,458,434,436,-1,448,501,498,-1,448,498,450,-1,450,498,496,-1,450,496,464,-1,464,496,495,-1,464,495,465,-1,465,495,497,-1,465,497,466,-1,466,497,499,-1,466,499,472,-1,472,499,502,-1,472,502,451,-1,451,502,479,-1,451,479,449,-1,463,480,505,-1,463,505,469,-1,469,505,507,-1,469,507,467,-1,467,507,506,-1,467,506,468,-1,468,506,504,-1,468,504,470,-1,470,504,503,-1,470,503,471,-1,471,503,500,-1,471,500,447,-1,108,103,106,-1,106,103,101,-1,110,102,108,-1,108,102,103,-1,100,104,101,-1,101,104,106,-1,104,100,110,-1,110,100,102,-1,210,205,208,-1,208,205,203,-1,212,204,210,-1,210,204,205,-1,202,206,203,-1,203,206,208,-1,206,202,212,-1,212,202,204,-1,312,307,310,-1,310,307,305,-1,314,306,312,-1,312,306,307,-1,304,308,305,-1,305,308,310,-1,308,304,314,-1,314,304,306,-1,414,409,412,-1,412,409,407,-1,416,408,414,-1,414,408,409,-1,406,410,407,-1,407,410,412,-1,410,406,416,-1,416,406,408,-1,
        ]
    }
}
Shape{
    appearance Appearance {
        material  Material 	{
            diffuseColor 1.0 0.9764705882352941 0.9058823529411765
            specularColor 0.5019607843137255 0.48627450980392156 0.45098039215686275
            ambientIntensity 0.2
            transparency 0
            shininess 0.5
        }
    }
    geometry IndexedFaceSet {
        ccw TRUE
        solid FALSE
        coord DEF co Coordinate {
            point [
                1.3228 0.4823 1.2323, 1.2598 0.4823 1.2323, 1.3228 0.4626 1.2323, 1.2598 0.4626 1.2323, 1.1614 0.6594 1.2323, 0.876 0.6594 1.2323, 1.1614 0.4626 1.2323, 0.8366 0.5913 1.2323, 0.8366 0.4626 1.2323, -1.3228 0.4626 1.2323, -1.2598 0.4626 1.2323, -1.3228 0.4823 1.2323, -1.2598 0.4823 1.2323, -1.1614 0.6594 1.2323, -1.1614 0.4626 1.2323, -1.1319 0.4626 1.2323, -0.876 0.6594 1.2323, -0.8366 0.5913 1.2323, -0.8366 0.4626 1.2323, 0.4429 0.4626 1.2323, 0.7382 0.4626 1.2323, 0.7382 0.5913 1.2323, 0.6988 0.6594 1.2323, 0.4823 0.6594 1.2323, 0.4429 0.5913 1.2323, 0.0492 0.4626 1.2323, 0.3445 0.4626 1.2323, 0.3445 0.5913 1.2323, 0.3051 0.6594 1.2323, 0.0886 0.6594 1.2323, 0.0492 0.5913 1.2323, -0.3445 0.4626 1.2323, -0.0492 0.4626 1.2323, -0.0492 0.5913 1.2323, -0.0886 0.6594 1.2323, -0.3051 0.6594 1.2323, -0.3445 0.5913 1.2323, -0.4823 0.6594 1.2323, -0.6988 0.6594 1.2323, -0.4429 0.5913 1.2323, -0.7382 0.5913 1.2323, -0.4429 0.4626 1.2323, -0.7382 0.4626 1.2323, 1.3228 0.4626 0.2598, 1.3228 0.4823 0.2598, -1.3228 0.4823 0.2598, -1.3228 0.4626 0.2598, -1.3228 0.4626 0.2598
            ]
        }
        coordIndex [
            0,1,2,-1,2,1,3,-1,4,5,6,-1,6,5,7,-1,6,7,8,-1,9,10,11,-1,11,10,12,-1,13,14,15,-1,16,13,17,-1,17,13,15,-1,17,15,18,-1,19,20,21,-1,22,23,21,-1,21,23,24,-1,21,24,19,-1,25,26,27,-1,28,29,27,-1,27,29,30,-1,27,30,25,-1,31,32,33,-1,34,35,33,-1,33,35,36,-1,33,36,31,-1,37,38,39,-1,39,38,40,-1,39,40,41,-1,41,40,42,-1,43,44,2,-1,2,44,0,-1,45,46,11,-1,11,46,9,-1,
        ]
    }
}
Shape{
    appearance Appearance {
        material  Material 	{
            diffuseColor 0.0 0.0 0.0
            specularColor 0.0 0.0 0.0
            ambientIntensity 0.2
            transparency 0
            shininess 0.5
        }
    }
    geometry IndexedFaceSet {
        ccw TRUE
        solid FALSE
        coord DEF co Coordinate {
            point [
                1.4409 -0.6376 1.187, 1.4409 -0.6376 1.1809, 1.437 -0.6376 1.187, 1.437 -0.6376 1.1809, 1.4409 -0.6589 1.187, 1.437 -0.6589 1.187, 1.4409 -0.6589 1.2343, 1.437 -0.6589 1.2343, 1.4409 -0.6658 1.2343, 1.437 -0.6658 1.2343, 1.4409 -0.6658 1.1809, 1.437 -0.6658 1.1809, 1.437 -0.5955 1.1831, 1.4409 -0.5955 1.1831, 1.4409 -0.5964 1.1827, 1.4409 -0.6103 1.18, 1.437 -0.6103 1.18, 1.4409 -0.6021 1.1808, 1.437 -0.6055 1.1805, 1.437 -0.6021 1.1808, 1.437 -0.5978 1.1822, 1.437 -0.5964 1.1827, 1.4409 -0.5955 1.1897, 1.437 -0.5955 1.1897, 1.4409 -0.6 1.1876, 1.437 -0.5978 1.1887, 1.437 -0.6 1.1876, 1.437 -0.6059 1.1863, 1.4409 -0.6059 1.1863, 1.437 -0.6093 1.1862, 1.4409 -0.6093 1.1862, 1.437 -0.6142 1.1867, 1.4409 -0.6142 1.1867, 1.437 -0.6181 1.1881, 1.4409 -0.6181 1.1881, 1.437 -0.6217 1.1905, 1.4409 -0.6217 1.1905, 1.437 -0.623 1.1918, 1.4409 -0.623 1.1918, 1.437 -0.6255 1.1953, 1.4409 -0.6255 1.1953, 1.437 -0.6273 1.1996, 1.4409 -0.6273 1.1996, 1.437 -0.6281 1.205, 1.4409 -0.6281 1.205, 1.437 -0.6282 1.207, 1.4409 -0.6282 1.207, 1.437 -0.6273 1.2143, 1.4409 -0.6273 1.2143, 1.437 -0.6256 1.2189, 1.4409 -0.6256 1.2189, 1.437 -0.623 1.2226, 1.4409 -0.623 1.2226, 1.437 -0.6226 1.2231, 1.4409 -0.6226 1.2231, 1.437 -0.6191 1.226, 1.4409 -0.6191 1.226, 1.437 -0.6149 1.228, 1.4409 -0.6149 1.228, 1.437 -0.6103 1.2289, 1.4409 -0.6103 1.2289, 1.437 -0.6081 1.229, 1.4409 -0.6081 1.229, 1.437 -0.5955 1.2258, 1.4409 -0.5955 1.2258, 1.4409 -0.5961 1.2261, 1.437 -0.6015 1.2282, 1.4409 -0.6015 1.2282, 1.437 -0.5978 1.2268, 1.437 -0.5961 1.2261, 1.4409 -0.5955 1.233, 1.437 -0.5955 1.233, 1.437 -0.5978 1.2337, 1.4409 -0.6011 1.2347, 1.437 -0.6081 1.2352, 1.4409 -0.6081 1.2352, 1.437 -0.6024 1.2348, 1.437 -0.6011 1.2347, 1.437 -0.6119 1.2348, 1.4409 -0.6158 1.2343, 1.437 -0.6158 1.2343, 1.437 -0.6214 1.2321, 1.4409 -0.6214 1.2321, 1.437 -0.6266 1.2285, 1.4409 -0.6266 1.2285, 1.437 -0.6277 1.2273, 1.4409 -0.6277 1.2273, 1.437 -0.6316 1.2223, 1.437 -0.6331 1.2189, 1.4409 -0.6341 1.2164, 1.4409 -0.6316 1.2223, 1.437 -0.6341 1.2164, 1.437 -0.6354 1.2094, 1.4409 -0.6354 1.2094, 1.437 -0.6354 1.2066, 1.4409 -0.6354 1.2066, 1.437 -0.6344 1.198, 1.4409 -0.6344 1.198, 1.437 -0.6331 1.1945, 1.4409 -0.6322 1.1924, 1.437 -0.6322 1.1924, 1.437 -0.6291 1.1878, 1.4409 -0.6291 1.1878, 1.437 -0.6286 1.1873, 1.4409 -0.6286 1.1873, 1.4409 -0.6142 1.1802, 1.437 -0.6248 1.1841, 1.4409 -0.6248 1.1841, 1.437 -0.6198 1.1816, 1.4409 -0.6198 1.1816, 1.437 -0.6151 1.1805, 1.437 -0.6142 1.1802, 1.4409 -0.5561 1.187, 1.4409 -0.5561 1.1809, 1.437 -0.5561 1.187, 1.437 -0.5561 1.1809, 1.437 -0.5779 1.187, 1.4409 -0.5779 1.187, 1.437 -0.5635 1.187, 1.4409 -0.5779 1.205, 1.437 -0.5779 1.205, 1.4409 -0.5588 1.205, 1.437 -0.5635 1.205, 1.437 -0.5588 1.205, 1.4409 -0.5588 1.2111, 1.437 -0.5588 1.2111, 1.437 -0.5779 1.2111, 1.4409 -0.5779 1.2111, 1.437 -0.5635 1.2111, 1.4409 -0.5779 1.2282, 1.437 -0.5779 1.2282, 1.4409 -0.5573 1.2282, 1.437 -0.5635 1.2282, 1.437 -0.5573 1.2282, 1.4409 -0.5573 1.2343, 1.437 -0.5573 1.2343, 1.437 -0.5848 1.2343, 1.4409 -0.5848 1.2343, 1.437 -0.5635 1.2343, 1.4409 -0.5848 1.1809, 1.437 -0.5848 1.1809, 1.437 -0.5635 1.1809, 1.4409 -0.5128 1.1959, 1.4409 -0.5155 1.1926, 1.4409 -0.5106 1.1884, 1.4409 -0.5161 1.192, 1.4409 -0.5162 1.1844, 1.4409 -0.5196 1.1896, 1.4409 -0.5223 1.182, 1.4409 -0.524 1.1879, 1.4409 -0.5313 1.1809, 1.4409 -0.5314 1.187, 1.4409 -0.546 1.1809, 1.4409 -0.5391 1.187, 1.4409 -0.546 1.2343, 1.4409 -0.5391 1.2282, 1.4409 -0.5308 1.2343, 1.4409 -0.531 1.2282, 1.4409 -0.5226 1.2334, 1.4409 -0.524 1.2274, 1.4409 -0.5162 1.231, 1.4409 -0.5194 1.2257, 1.4409 -0.5106 1.2272, 1.4409 -0.5156 1.2231, 1.4409 -0.5087 1.2254, 1.4409 -0.5137 1.2211, 1.4409 -0.5054 1.2207, 1.4409 -0.5117 1.2179, 1.4409 -0.5034 1.2156, 1.4409 -0.5103 1.2138, 1.4409 -0.5025 1.2083, 1.4409 -0.5098 1.2081, 1.4409 -0.5028 1.2039, 1.4409 -0.51 1.2048, 1.4409 -0.5043 1.1978, 1.4409 -0.511 1.1999, 1.4409 -0.5071 1.1924, 1.437 -0.5313 1.1809, 1.437 -0.546 1.1809, 1.437 -0.5223 1.182, 1.437 -0.5162 1.1844, 1.437 -0.5106 1.1884, 1.437 -0.5071 1.1924, 1.437 -0.5043 1.1978, 1.437 -0.5028 1.2039, 1.437 -0.5025 1.2083, 1.437 -0.5034 1.2156, 1.437 -0.5054 1.2207, 1.437 -0.5087 1.2254, 1.437 -0.5106 1.2272, 1.437 -0.5162 1.231, 1.437 -0.5226 1.2334, 1.437 -0.5308 1.2343, 1.437 -0.546 1.2343, 1.437 -0.531 1.2282, 1.437 -0.5391 1.2282, 1.437 -0.5391 1.187, 1.437 -0.5314 1.187, 1.437 -0.5155 1.1926, 1.437 -0.5161 1.192, 1.437 -0.5196 1.1896, 1.437 -0.524 1.1879, 1.437 -0.5098 1.2081, 1.437 -0.51 1.2048, 1.437 -0.511 1.1999, 1.437 -0.5128 1.1959, 1.437 -0.5156 1.2231, 1.437 -0.5137 1.2211, 1.437 -0.5117 1.2179, 1.437 -0.5103 1.2138, 1.437 -0.524 1.2274, 1.437 -0.5194 1.2257, 1.437 -0.5194 1.2257
            ]
        }
        coordIndex [
            0,1,2,-1,2,1,3,-1,4,0,5,-1,5,0,2,-1,6,4,7,-1,7,4,5,-1,8,6,9,-1,9,6,7,-1,10,8,11,-1,11,8,9,-1,1,10,3,-1,3,10,11,-1,6,8,4,-1,4,8,10,-1,4,10,0,-1,0,10,1,-1,12,13,14,-1,15,16,17,-1,17,16,18,-1,18,19,17,-1,17,19,20,-1,17,20,14,-1,14,20,21,-1,14,21,12,-1,22,13,23,-1,23,13,12,-1,22,23,24,-1,24,23,25,-1,25,26,24,-1,24,26,27,-1,24,27,28,-1,28,27,29,-1,28,29,30,-1,30,29,31,-1,30,31,32,-1,32,31,33,-1,32,33,34,-1,34,33,35,-1,34,35,36,-1,36,35,37,-1,36,37,38,-1,38,37,39,-1,38,39,40,-1,40,39,41,-1,40,41,42,-1,42,41,43,-1,42,43,44,-1,44,43,45,-1,44,45,46,-1,46,45,47,-1,46,47,48,-1,48,47,49,-1,48,49,50,-1,50,49,51,-1,50,51,52,-1,52,51,53,-1,52,53,54,-1,54,53,55,-1,54,55,56,-1,56,55,57,-1,56,57,58,-1,58,57,59,-1,58,59,60,-1,60,59,61,-1,60,61,62,-1,63,64,65,-1,62,61,66,-1,62,66,67,-1,67,66,68,-1,67,68,65,-1,65,68,69,-1,65,69,63,-1,70,64,71,-1,71,64,63,-1,70,71,72,-1,70,72,73,-1,74,75,76,-1,76,75,73,-1,76,73,77,-1,77,73,72,-1,75,74,78,-1,75,78,79,-1,78,80,79,-1,79,80,81,-1,79,81,82,-1,82,81,83,-1,82,83,84,-1,84,83,85,-1,84,85,86,-1,86,85,87,-1,88,89,87,-1,87,89,90,-1,87,90,86,-1,88,91,89,-1,89,91,92,-1,89,92,93,-1,93,92,94,-1,93,94,95,-1,95,94,96,-1,95,96,97,-1,97,96,98,-1,97,98,99,-1,98,100,99,-1,99,100,101,-1,99,101,102,-1,102,101,103,-1,102,103,104,-1,16,15,105,-1,104,103,106,-1,104,106,107,-1,107,106,108,-1,107,108,109,-1,109,108,110,-1,109,110,105,-1,105,110,111,-1,105,111,16,-1,48,50,90,-1,56,58,79,-1,90,50,86,-1,79,58,75,-1,79,82,56,-1,56,82,84,-1,56,84,54,-1,54,84,86,-1,54,86,52,-1,52,86,50,-1,58,60,75,-1,75,60,62,-1,75,62,73,-1,73,62,67,-1,73,67,70,-1,70,67,65,-1,70,65,64,-1,95,46,93,-1,93,46,48,-1,93,48,89,-1,89,48,90,-1,13,22,14,-1,14,22,24,-1,14,24,17,-1,17,24,28,-1,17,28,15,-1,15,28,30,-1,15,30,105,-1,105,30,32,-1,105,32,109,-1,109,32,34,-1,109,34,107,-1,107,34,36,-1,107,36,104,-1,104,36,38,-1,104,38,102,-1,102,38,40,-1,102,40,99,-1,99,40,97,-1,97,40,42,-1,97,42,95,-1,95,42,44,-1,95,44,46,-1,112,113,114,-1,114,113,115,-1,116,117,118,-1,118,117,112,-1,118,112,114,-1,119,117,120,-1,120,117,116,-1,119,120,121,-1,121,120,122,-1,121,122,123,-1,124,121,125,-1,125,121,123,-1,126,127,128,-1,128,127,124,-1,128,124,125,-1,129,127,130,-1,130,127,126,-1,129,130,131,-1,131,130,132,-1,131,132,133,-1,134,131,135,-1,135,131,133,-1,136,137,138,-1,138,137,134,-1,138,134,135,-1,139,137,140,-1,140,137,136,-1,139,140,113,-1,113,140,141,-1,113,141,115,-1,139,113,112,-1,112,117,139,-1,139,117,119,-1,139,119,137,-1,131,134,129,-1,129,134,137,-1,129,137,127,-1,127,137,119,-1,127,119,124,-1,124,119,121,-1,142,143,144,-1,144,143,145,-1,144,145,146,-1,146,145,147,-1,146,147,148,-1,148,147,149,-1,148,149,150,-1,150,149,151,-1,150,151,152,-1,152,151,153,-1,152,153,154,-1,154,153,155,-1,154,155,156,-1,156,155,157,-1,156,157,158,-1,158,157,159,-1,158,159,160,-1,160,159,161,-1,160,161,162,-1,162,161,163,-1,162,163,164,-1,164,163,165,-1,164,165,166,-1,166,165,167,-1,166,167,168,-1,168,167,169,-1,168,169,170,-1,170,169,171,-1,170,171,172,-1,172,171,173,-1,172,173,174,-1,174,173,175,-1,174,175,176,-1,176,175,142,-1,176,142,144,-1,150,152,177,-1,177,152,178,-1,150,177,179,-1,150,179,148,-1,148,179,180,-1,148,180,146,-1,146,180,181,-1,146,181,144,-1,144,181,182,-1,144,182,176,-1,176,182,183,-1,176,183,174,-1,174,183,184,-1,174,184,172,-1,172,184,185,-1,172,185,170,-1,170,185,186,-1,170,186,168,-1,168,186,187,-1,168,187,166,-1,166,187,188,-1,166,188,164,-1,164,188,189,-1,164,189,162,-1,162,189,190,-1,162,190,160,-1,160,190,191,-1,160,191,158,-1,158,191,192,-1,158,192,156,-1,154,156,193,-1,193,156,192,-1,152,154,178,-1,178,154,193,-1,157,155,194,-1,194,155,195,-1,155,153,195,-1,195,153,196,-1,153,151,196,-1,196,151,197,-1,143,198,199,-1,143,199,145,-1,145,199,200,-1,145,200,147,-1,147,200,201,-1,147,201,149,-1,149,201,197,-1,149,197,151,-1,171,202,203,-1,171,203,173,-1,173,203,204,-1,173,204,175,-1,175,204,205,-1,175,205,142,-1,142,205,198,-1,142,198,143,-1,163,206,207,-1,163,207,165,-1,165,207,208,-1,165,208,167,-1,167,208,209,-1,167,209,169,-1,169,209,202,-1,169,202,171,-1,157,194,210,-1,157,210,159,-1,159,210,211,-1,159,211,161,-1,161,211,206,-1,161,206,163,-1,
        ]
    }
}
Shape{
    appearance Appearance {
        material  Material 	{
            diffuseColor 1.0 0.9764705882352941 0.9058823529411765
            specularColor 0.5019607843137255 0.48627450980392156 0.45098039215686275
            ambientIntensity 0.2
            transparency 0
            shininess 0.5
        }
    }
    geometry IndexedFaceSet {
        ccw TRUE
        solid FALSE
        coord DEF co Coordinate {
            point [
                1.437 -0.5391 1.2282, 1.437 -0.5391 1.187, 1.437 -0.531 1.2282, 1.437 -0.5314 1.187, 1.437 -0.524 1.1879, 1.437 -0.5196 1.1896, 1.437 -0.5161 1.192, 1.437 -0.5098 1.2081, 1.437 -0.5156 1.2231, 1.437 -0.5194 1.2257, 1.437 -0.5155 1.1926, 1.437 -0.5128 1.1959, 1.437 -0.511 1.1999, 1.437 -0.5137 1.2211, 1.437 -0.5103 1.2138, 1.437 -0.5117 1.2179, 1.437 -0.51 1.2048, 1.437 -0.524 1.2274, 1.437 -0.524 1.2274
            ]
        }
        coordIndex [
            0,1,2,-1,2,1,3,-1,3,4,2,-1,2,4,5,-1,2,5,6,-1,7,8,9,-1,6,10,2,-1,2,10,11,-1,2,11,12,-1,8,7,13,-1,13,7,14,-1,13,14,15,-1,12,16,2,-1,2,16,7,-1,2,7,17,-1,17,7,9,-1,
        ]
    }
}
Shape{
    appearance Appearance {
        material  Material 	{
            diffuseColor 0.0 0.0 0.0
            specularColor 0.0 0.0 0.0
            ambientIntensity 0.2
            transparency 0
            shininess 0.5
        }
    }
    geometry IndexedFaceSet {
        ccw TRUE
        solid FALSE
        coord DEF co Coordinate {
            point [
                1.4409 -0.4847 1.2016, 1.4409 -0.4868 1.1955, 1.4409 -0.4667 1.2016, 1.4409 -0.4646 1.1955, 1.4409 -0.4767 1.2237, 1.4409 -0.4792 1.2343, 1.4409 -0.4996 1.1809, 1.4409 -0.492 1.1809, 1.4409 -0.4762 1.2253, 1.4409 -0.4758 1.2275, 1.4409 -0.4719 1.2343, 1.4409 -0.4756 1.2275, 1.4409 -0.4752 1.2252, 1.4409 -0.4748 1.2237, 1.4409 -0.4515 1.1809, 1.4409 -0.4592 1.1809, 1.437 -0.4719 1.2343, 1.437 -0.4515 1.1809, 1.437 -0.4792 1.2343, 1.437 -0.4996 1.1809, 1.437 -0.4842 1.2213, 1.437 -0.492 1.1809, 1.437 -0.4868 1.1955, 1.437 -0.4646 1.1955, 1.437 -0.4842 1.1955, 1.437 -0.4592 1.1809, 1.437 -0.4847 1.2016, 1.437 -0.4667 1.2016, 1.437 -0.4748 1.2237, 1.437 -0.4756 1.2275, 1.437 -0.4752 1.2252, 1.437 -0.4758 1.2275, 1.437 -0.4767 1.2237, 1.437 -0.4762 1.2253, 1.437 -0.4762 1.2253
            ]
        }
        coordIndex [
            0,1,2,-1,2,1,3,-1,4,5,0,-1,0,5,6,-1,0,6,1,-1,1,6,7,-1,4,8,5,-1,5,8,9,-1,5,9,10,-1,10,9,11,-1,10,11,12,-1,12,13,10,-1,10,13,2,-1,10,2,14,-1,14,2,3,-1,14,3,15,-1,10,14,16,-1,16,14,17,-1,5,10,18,-1,18,10,16,-1,19,6,20,-1,20,6,5,-1,20,5,18,-1,7,6,21,-1,21,6,19,-1,1,7,22,-1,22,7,21,-1,23,3,24,-1,24,3,1,-1,24,1,22,-1,15,3,25,-1,25,3,23,-1,14,15,17,-1,17,15,25,-1,0,2,26,-1,26,2,27,-1,2,13,27,-1,27,13,28,-1,11,29,30,-1,11,30,12,-1,12,30,28,-1,12,28,13,-1,11,9,29,-1,29,9,31,-1,4,32,33,-1,4,33,8,-1,8,33,31,-1,8,31,9,-1,4,0,32,-1,32,0,26,-1,
        ]
    }
}
Shape{
    appearance Appearance {
        material  Material 	{
            diffuseColor 1.0 0.9764705882352941 0.9058823529411765
            specularColor 0.5019607843137255 0.48627450980392156 0.45098039215686275
            ambientIntensity 0.2
            transparency 0
            shininess 0.5
        }
    }
    geometry IndexedFaceSet {
        ccw TRUE
        solid FALSE
        coord DEF co Coordinate {
            point [
                1.437 -0.4756 1.2275, 1.437 -0.4758 1.2275, 1.437 -0.4752 1.2252, 1.437 -0.4762 1.2253, 1.437 -0.4748 1.2237, 1.437 -0.4767 1.2237, 1.437 -0.4667 1.2016, 1.437 -0.4847 1.2016, 1.437 -0.4847 1.2016
            ]
        }
        coordIndex [
            0,1,2,-1,2,1,3,-1,2,3,4,-1,4,3,5,-1,4,5,6,-1,6,5,7,-1,
        ]
    }
}
Shape{
    appearance Appearance {
        material  Material 	{
            diffuseColor 0.0 0.0 0.0
            specularColor 0.0 0.0 0.0
            ambientIntensity 0.2
            transparency 0
            shininess 0.5
        }
    }
    geometry IndexedFaceSet {
        ccw TRUE
        solid FALSE
        coord DEF co Coordinate {
            point [
                1.4409 -0.6371 1.1023, 1.4409 -0.6371 1.0962, 1.437 -0.6371 1.1023, 1.437 -0.6371 1.0962, 1.4409 -0.6589 1.1023, 1.437 -0.6589 1.1023, 1.4409 -0.6589 1.1203, 1.437 -0.6589 1.1203, 1.4409 -0.6398 1.1203, 1.437 -0.6398 1.1203, 1.4409 -0.6398 1.1264, 1.437 -0.6398 1.1264, 1.4409 -0.6589 1.1264, 1.437 -0.6589 1.1264, 1.4409 -0.6589 1.1435, 1.437 -0.6589 1.1435, 1.4409 -0.6383 1.1435, 1.437 -0.6383 1.1435, 1.4409 -0.6383 1.1496, 1.437 -0.6383 1.1496, 1.4409 -0.6658 1.1496, 1.437 -0.6658 1.1496, 1.4409 -0.6658 1.0962, 1.437 -0.6658 1.0962, 1.4409 -0.6069 1.1021, 1.4409 -0.6067 1.1021, 1.4409 -0.6072 1.1083, 1.4409 -0.6067 1.1113, 1.4409 -0.6 1.1208, 1.4409 -0.6067 1.1117, 1.4409 -0.6067 1.1154, 1.4409 -0.6067 1.0962, 1.4409 -0.6 1.0962, 1.4409 -0.6213 1.1125, 1.4409 -0.6197 1.1132, 1.4409 -0.6231 1.1176, 1.4409 -0.6081 1.1059, 1.4409 -0.6096 1.1039, 1.4409 -0.608 1.1005, 1.4409 -0.6104 1.1031, 1.4409 -0.6101 1.0983, 1.4409 -0.6123 1.1018, 1.4409 -0.6124 1.0967, 1.4409 -0.6143 1.1011, 1.4409 -0.6151 1.0957, 1.4409 -0.6168 1.1008, 1.4409 -0.6186 1.0953, 1.4409 -0.6191 1.1011, 1.4409 -0.6226 1.0958, 1.4409 -0.6206 1.1016, 1.4409 -0.6251 1.0968, 1.4409 -0.6219 1.1025, 1.4409 -0.6274 1.0983, 1.4409 -0.6225 1.1031, 1.4409 -0.618 1.1189, 1.4409 -0.6156 1.1142, 1.4409 -0.6067 1.1205, 1.4409 -0.6221 1.1118, 1.4409 -0.626 1.1162, 1.4409 -0.6229 1.1108, 1.4409 -0.628 1.1144, 1.4409 -0.6235 1.1096, 1.4409 -0.6293 1.1125, 1.4409 -0.6238 1.1081, 1.4409 -0.6302 1.1101, 1.4409 -0.6239 1.107, 1.4409 -0.6307 1.1064, 1.4409 -0.6237 1.1055, 1.4409 -0.6303 1.1034, 1.4409 -0.6233 1.1042, 1.4409 -0.6295 1.1012, 1.4409 -0.6281 1.0991, 1.4409 -0.6269 1.1317, 1.4409 -0.6269 1.1252, 1.4409 -0.6255 1.1325, 1.4409 -0.6227 1.1279, 1.4409 -0.6206 1.1344, 1.4409 -0.6186 1.1294, 1.4409 -0.6138 1.1352, 1.4409 -0.6144 1.1298, 1.4409 -0.6099 1.1349, 1.4409 -0.6122 1.1296, 1.4409 -0.6071 1.1341, 1.4409 -0.6106 1.129, 1.4409 -0.6048 1.1328, 1.4409 -0.6094 1.1283, 1.4409 -0.603 1.1311, 1.4409 -0.6084 1.1272, 1.4409 -0.6016 1.129, 1.4409 -0.6076 1.1258, 1.4409 -0.6006 1.126, 1.4409 -0.607 1.1234, 1.437 -0.6138 1.1352, 1.437 -0.6206 1.1344, 1.437 -0.6255 1.1325, 1.437 -0.6269 1.1317, 1.437 -0.6269 1.1252, 1.437 -0.6227 1.1279, 1.437 -0.6186 1.1294, 1.437 -0.6144 1.1298, 1.437 -0.6122 1.1296, 1.437 -0.6106 1.129, 1.437 -0.6094 1.1283, 1.437 -0.6084 1.1272, 1.437 -0.6076 1.1258, 1.437 -0.607 1.1234, 1.437 -0.6067 1.1205, 1.437 -0.618 1.1189, 1.437 -0.6231 1.1176, 1.437 -0.626 1.1162, 1.437 -0.628 1.1144, 1.437 -0.6293 1.1125, 1.437 -0.6302 1.1101, 1.437 -0.6307 1.1064, 1.437 -0.6303 1.1034, 1.437 -0.6295 1.1012, 1.437 -0.6281 1.0991, 1.437 -0.6274 1.0983, 1.437 -0.6186 1.0953, 1.437 -0.6225 1.0958, 1.437 -0.6226 1.0958, 1.437 -0.6251 1.0968, 1.437 -0.6151 1.0957, 1.437 -0.6149 1.0958, 1.437 -0.6124 1.0967, 1.437 -0.6101 1.0983, 1.437 -0.608 1.1005, 1.437 -0.6069 1.1021, 1.437 -0.6067 1.1021, 1.437 -0.6067 1.0962, 1.437 -0.6 1.0962, 1.437 -0.6 1.1208, 1.437 -0.6006 1.126, 1.437 -0.6016 1.129, 1.437 -0.603 1.1311, 1.437 -0.6048 1.1328, 1.437 -0.6071 1.1341, 1.437 -0.6099 1.1349, 1.437 -0.6221 1.1118, 1.437 -0.6213 1.1125, 1.437 -0.6197 1.1132, 1.437 -0.6156 1.1142, 1.437 -0.6239 1.107, 1.437 -0.6238 1.1081, 1.437 -0.6235 1.1096, 1.437 -0.6229 1.1108, 1.437 -0.6219 1.1025, 1.437 -0.6225 1.1031, 1.437 -0.6233 1.1042, 1.437 -0.6237 1.1055, 1.437 -0.6168 1.1008, 1.437 -0.6191 1.1011, 1.437 -0.6206 1.1016, 1.437 -0.6096 1.1039, 1.437 -0.6104 1.1031, 1.437 -0.6123 1.1018, 1.437 -0.6143 1.1011, 1.437 -0.6067 1.1117, 1.437 -0.6067 1.1113, 1.437 -0.6072 1.1083, 1.437 -0.6081 1.1059, 1.437 -0.6067 1.1154, 1.437 -0.6067 1.1154
            ]
        }
        coordIndex [
            0,1,2,-1,2,1,3,-1,4,0,5,-1,5,0,2,-1,6,4,7,-1,7,4,5,-1,8,6,9,-1,9,6,7,-1,10,8,11,-1,11,8,9,-1,12,10,13,-1,13,10,11,-1,14,12,15,-1,15,12,13,-1,16,14,17,-1,17,14,15,-1,18,16,19,-1,19,16,17,-1,20,18,21,-1,21,18,19,-1,22,20,23,-1,23,20,21,-1,1,22,3,-1,3,22,23,-1,22,1,0,-1,0,4,22,-1,22,4,6,-1,22,6,20,-1,16,18,14,-1,14,18,20,-1,14,20,12,-1,12,20,6,-1,12,6,10,-1,10,6,8,-1,24,25,26,-1,27,28,29,-1,29,28,30,-1,31,32,25,-1,25,32,28,-1,25,28,26,-1,26,28,27,-1,33,34,35,-1,26,36,24,-1,24,36,37,-1,24,37,38,-1,38,37,39,-1,38,39,40,-1,40,39,41,-1,40,41,42,-1,42,41,43,-1,42,43,44,-1,44,43,45,-1,44,45,46,-1,46,45,47,-1,46,47,48,-1,48,47,49,-1,48,49,50,-1,50,49,51,-1,50,51,52,-1,52,51,53,-1,35,34,54,-1,54,34,55,-1,54,55,56,-1,33,35,57,-1,57,35,58,-1,57,58,59,-1,59,58,60,-1,59,60,61,-1,61,60,62,-1,61,62,63,-1,63,62,64,-1,63,64,65,-1,65,64,66,-1,65,66,67,-1,67,66,68,-1,67,68,69,-1,69,68,70,-1,69,70,53,-1,53,70,71,-1,53,71,52,-1,72,73,74,-1,74,73,75,-1,74,75,76,-1,76,75,77,-1,76,77,78,-1,78,77,79,-1,78,79,80,-1,80,79,81,-1,80,81,82,-1,82,81,83,-1,82,83,84,-1,84,83,85,-1,84,85,86,-1,86,85,87,-1,86,87,88,-1,88,87,89,-1,88,89,90,-1,90,89,91,-1,90,91,28,-1,28,91,56,-1,28,56,30,-1,30,56,55,-1,78,92,93,-1,78,93,76,-1,76,93,94,-1,76,94,74,-1,74,94,95,-1,74,95,72,-1,73,72,96,-1,96,72,95,-1,73,96,97,-1,73,97,75,-1,75,97,98,-1,75,98,77,-1,77,98,99,-1,77,99,79,-1,79,99,100,-1,79,100,81,-1,81,100,101,-1,81,101,83,-1,83,101,102,-1,83,102,85,-1,85,102,103,-1,85,103,87,-1,87,103,104,-1,87,104,89,-1,89,104,105,-1,89,105,91,-1,91,105,106,-1,91,106,56,-1,54,56,107,-1,107,56,106,-1,54,107,108,-1,54,108,35,-1,35,108,109,-1,35,109,58,-1,58,109,110,-1,58,110,60,-1,60,110,111,-1,60,111,62,-1,62,111,112,-1,62,112,64,-1,64,112,113,-1,64,113,66,-1,66,113,114,-1,66,114,68,-1,68,114,115,-1,68,115,70,-1,70,115,116,-1,70,116,71,-1,71,116,117,-1,71,117,52,-1,118,46,119,-1,119,46,48,-1,119,48,120,-1,120,48,50,-1,120,50,121,-1,121,50,52,-1,121,52,117,-1,46,118,122,-1,46,122,44,-1,44,122,123,-1,44,123,42,-1,123,124,42,-1,42,124,125,-1,42,125,40,-1,40,125,126,-1,40,126,38,-1,38,126,127,-1,38,127,24,-1,25,24,128,-1,128,24,127,-1,31,25,129,-1,129,25,128,-1,32,31,130,-1,130,31,129,-1,28,32,131,-1,131,32,130,-1,28,131,132,-1,28,132,90,-1,90,132,133,-1,90,133,88,-1,88,133,134,-1,88,134,86,-1,86,134,135,-1,86,135,84,-1,84,135,136,-1,84,136,82,-1,82,136,137,-1,82,137,80,-1,80,137,92,-1,80,92,78,-1,57,138,139,-1,57,139,33,-1,33,139,140,-1,33,140,34,-1,34,140,141,-1,34,141,55,-1,65,142,143,-1,65,143,63,-1,63,143,144,-1,63,144,61,-1,61,144,145,-1,61,145,59,-1,59,145,138,-1,59,138,57,-1,51,146,147,-1,51,147,53,-1,53,147,148,-1,53,148,69,-1,69,148,149,-1,69,149,67,-1,67,149,142,-1,67,142,65,-1,45,150,151,-1,45,151,47,-1,47,151,152,-1,47,152,49,-1,49,152,146,-1,49,146,51,-1,37,153,154,-1,37,154,39,-1,39,154,155,-1,39,155,41,-1,41,155,156,-1,41,156,43,-1,43,156,150,-1,43,150,45,-1,29,157,158,-1,29,158,27,-1,27,158,159,-1,27,159,26,-1,26,159,160,-1,26,160,36,-1,36,160,153,-1,36,153,37,-1,29,30,157,-1,157,30,161,-1,30,55,161,-1,161,55,141,-1,
        ]
    }
}
Shape{
    appearance Appearance {
        material  Material 	{
            diffuseColor 1.0 0.9764705882352941 0.9058823529411765
            specularColor 0.5019607843137255 0.48627450980392156 0.45098039215686275
            ambientIntensity 0.2
            transparency 0
            shininess 0.5
        }
    }
    geometry IndexedFaceSet {
        ccw TRUE
        solid FALSE
        coord DEF co Coordinate {
            point [
                1.437 -0.6067 1.1113, 1.437 -0.6067 1.1117, 1.437 -0.6221 1.1118, 1.437 -0.6067 1.1154, 1.437 -0.6156 1.1142, 1.437 -0.6197 1.1132, 1.437 -0.6213 1.1125, 1.437 -0.6072 1.1083, 1.437 -0.6229 1.1108, 1.437 -0.6081 1.1059, 1.437 -0.6225 1.1031, 1.437 -0.6219 1.1025, 1.437 -0.6104 1.1031, 1.437 -0.6233 1.1042, 1.437 -0.6123 1.1018, 1.437 -0.6143 1.1011, 1.437 -0.6168 1.1008, 1.437 -0.6235 1.1096, 1.437 -0.6238 1.1081, 1.437 -0.6096 1.1039, 1.437 -0.6239 1.107, 1.437 -0.6237 1.1055, 1.437 -0.6206 1.1016, 1.437 -0.6191 1.1011, 1.437 -0.6191 1.1011
            ]
        }
        coordIndex [
            0,1,2,-1,1,3,4,-1,4,5,1,-1,1,5,6,-1,1,6,2,-1,0,2,7,-1,7,2,8,-1,7,8,9,-1,10,11,12,-1,10,12,13,-1,14,12,15,-1,15,12,16,-1,8,17,9,-1,9,17,18,-1,9,18,19,-1,19,18,20,-1,19,20,12,-1,12,20,21,-1,12,21,13,-1,11,22,12,-1,12,22,23,-1,12,23,16,-1,
        ]
    }
}
Shape{
    appearance Appearance {
        material  Material 	{
            diffuseColor 0.0 0.0 0.0
            specularColor 0.0 0.0 0.0
            ambientIntensity 0.2
            transparency 0
            shininess 0.5
        }
    }
    geometry IndexedFaceSet {
        ccw TRUE
        solid FALSE
        coord DEF co Coordinate {
            point [
                1.437 -0.591 1.1045, 1.4409 -0.591 1.1045, 1.4409 -0.5885 1.103, 1.4409 -0.58 1.1008, 1.437 -0.58 1.1008, 1.437 -0.5844 1.1013, 1.4409 -0.5844 1.1013, 1.437 -0.5879 1.1027, 1.437 -0.5885 1.103, 1.4409 -0.591 1.0976, 1.437 -0.591 1.0976, 1.437 -0.5879 1.0965, 1.4409 -0.5866 1.096, 1.437 -0.5806 1.0953, 1.4409 -0.5806 1.0953, 1.437 -0.5847 1.0958, 1.437 -0.5866 1.096, 1.437 -0.5762 1.0958, 1.4409 -0.5753 1.0959, 1.437 -0.5753 1.0959, 1.437 -0.5716 1.0972, 1.4409 -0.5716 1.0972, 1.437 -0.5695 1.0984, 1.4409 -0.5695 1.0984, 1.437 -0.5676 1.1, 1.4409 -0.5676 1.1, 1.437 -0.5664 1.1018, 1.4409 -0.5664 1.1018, 1.437 -0.5655 1.1039, 1.4409 -0.5655 1.1039, 1.437 -0.5652 1.1066, 1.4409 -0.5652 1.1066, 1.437 -0.5655 1.1091, 1.4409 -0.5655 1.1091, 1.437 -0.5662 1.1111, 1.4409 -0.5662 1.1111, 1.437 -0.5675 1.1129, 1.4409 -0.5675 1.1129, 1.437 -0.5691 1.1143, 1.4409 -0.5691 1.1143, 1.437 -0.5735 1.1168, 1.4409 -0.5735 1.1168, 1.437 -0.5761 1.1179, 1.4409 -0.5761 1.1179, 1.437 -0.5802 1.1197, 1.4409 -0.5802 1.1197, 1.437 -0.5826 1.1211, 1.4409 -0.5826 1.1211, 1.437 -0.5832 1.1218, 1.4409 -0.5832 1.1218, 1.437 -0.5837 1.1227, 1.4409 -0.5837 1.1227, 1.437 -0.584 1.1238, 1.4409 -0.584 1.1238, 1.437 -0.584 1.1247, 1.4409 -0.584 1.1247, 1.437 -0.5839 1.1257, 1.4409 -0.5839 1.1257, 1.437 -0.5836 1.1266, 1.4409 -0.5836 1.1266, 1.437 -0.583 1.1275, 1.4409 -0.583 1.1275, 1.437 -0.582 1.1284, 1.4409 -0.582 1.1284, 1.437 -0.5805 1.1292, 1.4409 -0.5805 1.1292, 1.437 -0.5787 1.1297, 1.4409 -0.5787 1.1297, 1.437 -0.5767 1.1298, 1.4409 -0.5767 1.1298, 1.437 -0.5722 1.1293, 1.4409 -0.5722 1.1293, 1.437 -0.5684 1.1278, 1.4409 -0.5684 1.1278, 1.437 -0.5671 1.1271, 1.4409 -0.5671 1.1271, 1.4409 -0.5671 1.1335, 1.437 -0.5671 1.1335, 1.437 -0.5717 1.1349, 1.4409 -0.5717 1.1349, 1.437 -0.5761 1.1352, 1.4409 -0.5761 1.1352, 1.437 -0.5811 1.1347, 1.4409 -0.5811 1.1347, 1.437 -0.5847 1.1334, 1.4409 -0.5847 1.1334, 1.437 -0.5866 1.1322, 1.4409 -0.5866 1.1322, 1.437 -0.5879 1.1311, 1.4409 -0.5886 1.1304, 1.437 -0.5886 1.1304, 1.437 -0.5899 1.1286, 1.4409 -0.5899 1.1286, 1.437 -0.5907 1.1265, 1.4409 -0.5907 1.1265, 1.437 -0.5909 1.1241, 1.4409 -0.5909 1.1241, 1.437 -0.5906 1.1215, 1.4409 -0.5906 1.1215, 1.437 -0.5899 1.1194, 1.4409 -0.5899 1.1194, 1.437 -0.589 1.118, 1.4409 -0.589 1.118, 1.437 -0.5808 1.113, 1.4409 -0.5808 1.113, 1.4409 -0.5848 1.1148, 1.437 -0.5879 1.1169, 1.4409 -0.5879 1.1169, 1.437 -0.5879 1.1169, 1.437 -0.5848 1.1148, 1.437 -0.5764 1.1112, 1.4409 -0.5764 1.1112, 1.437 -0.5738 1.1096, 1.4409 -0.5738 1.1096, 1.437 -0.573 1.1087, 1.4409 -0.573 1.1087, 1.437 -0.5725 1.1078, 1.4409 -0.5725 1.1078, 1.437 -0.5722 1.1068, 1.4409 -0.5722 1.1068, 1.437 -0.5721 1.106, 1.4409 -0.5721 1.106, 1.437 -0.5722 1.1047, 1.4409 -0.5722 1.1047, 1.437 -0.5726 1.1037, 1.4409 -0.5726 1.1037, 1.437 -0.5732 1.1029, 1.4409 -0.5732 1.1029, 1.437 -0.5739 1.1022, 1.4409 -0.5739 1.1022, 1.437 -0.5745 1.1018, 1.4409 -0.5745 1.1018, 1.437 -0.5763 1.1012, 1.4409 -0.5763 1.1012, 1.437 -0.5797 1.1008, 1.4409 -0.5797 1.1008, 1.4409 -0.5321 1.1344, 1.4409 -0.5252 1.1344, 1.437 -0.5321 1.1344, 1.437 -0.5252 1.1344, 1.4409 -0.5425 1.1057, 1.437 -0.5425 1.1057, 1.437 -0.543 1.1039, 1.4409 -0.543 1.1039, 1.437 -0.5433 1.1026, 1.4409 -0.5433 1.1026, 1.4409 -0.5435 1.1026, 1.437 -0.5435 1.1026, 1.4409 -0.5443 1.1057, 1.437 -0.5443 1.1057, 1.4409 -0.5543 1.1344, 1.437 -0.551 1.1251, 1.437 -0.5543 1.1344, 1.4409 -0.5617 1.1344, 1.437 -0.5617 1.1344, 1.4409 -0.5468 1.0963, 1.437 -0.551 1.1071, 1.437 -0.5468 1.0963, 1.437 -0.5497 1.0894, 1.4409 -0.5497 1.0894, 1.437 -0.547 1.0958, 1.437 -0.551 1.087, 1.437 -0.551 1.087, 1.4409 -0.5523 1.0856, 1.4409 -0.551 1.087, 1.437 -0.5523 1.0856, 1.437 -0.5535 1.0847, 1.4409 -0.5535 1.0847, 1.437 -0.555 1.0842, 1.4409 -0.555 1.0842, 1.437 -0.5566 1.084, 1.4409 -0.5566 1.084, 1.437 -0.559 1.0843, 1.4409 -0.559 1.0843, 1.437 -0.5604 1.0848, 1.4409 -0.5604 1.0848, 1.4409 -0.5604 1.0788, 1.437 -0.5604 1.0788, 1.437 -0.5575 1.0783, 1.4409 -0.5575 1.0783, 1.437 -0.5561 1.0783, 1.4409 -0.5561 1.0783, 1.437 -0.5534 1.0786, 1.4409 -0.5534 1.0786, 1.437 -0.551 1.0795, 1.4409 -0.5507 1.0796, 1.437 -0.5507 1.0796, 1.437 -0.5484 1.0812, 1.4409 -0.5484 1.0812, 1.437 -0.5479 1.0816, 1.4409 -0.5479 1.0816, 1.437 -0.5455 1.0846, 1.4409 -0.5455 1.0846, 1.437 -0.5425 1.0905, 1.4409 -0.5425 1.0905, 1.437 -0.5404 1.0958, 1.4409 -0.4892 1.1023, 1.4409 -0.4892 1.0962, 1.437 -0.4892 1.1023, 1.437 -0.4892 1.0962, 1.4409 -0.5111 1.1023, 1.437 -0.5011 1.1023, 1.437 -0.5111 1.1023, 1.4409 -0.5111 1.1203, 1.437 -0.5111 1.1203, 1.4409 -0.492 1.1203, 1.437 -0.5011 1.1203, 1.437 -0.492 1.1203, 1.4409 -0.492 1.1264, 1.437 -0.492 1.1264, 1.437 -0.5111 1.1264, 1.4409 -0.5111 1.1264, 1.437 -0.5011 1.1264, 1.4409 -0.5111 1.1435, 1.437 -0.5111 1.1435, 1.437 -0.4905 1.1435, 1.4409 -0.4905 1.1435, 1.437 -0.5011 1.1435, 1.4409 -0.4905 1.1496, 1.437 -0.4905 1.1496, 1.437 -0.5179 1.1496, 1.4409 -0.5179 1.1496, 1.437 -0.5011 1.1496, 1.4409 -0.5179 1.0962, 1.437 -0.5179 1.0962, 1.437 -0.5011 1.0962, 1.4409 -0.446 1.1112, 1.4409 -0.4486 1.1079, 1.4409 -0.4437 1.1037, 1.4409 -0.4493 1.1073, 1.4409 -0.4494 1.0997, 1.4409 -0.4528 1.1049, 1.4409 -0.4555 1.0973, 1.4409 -0.4572 1.1032, 1.4409 -0.4645 1.0962, 1.4409 -0.4645 1.1023, 1.4409 -0.4792 1.0962, 1.4409 -0.4723 1.1023, 1.4409 -0.4792 1.1496, 1.4409 -0.4723 1.1435, 1.4409 -0.4639 1.1496, 1.4409 -0.4642 1.1435, 1.4409 -0.4558 1.1487, 1.4409 -0.4571 1.1427, 1.4409 -0.4493 1.1464, 1.4409 -0.4525 1.141, 1.4409 -0.4437 1.1426, 1.4409 -0.4488 1.1385, 1.4409 -0.4418 1.1407, 1.4409 -0.4468 1.1364, 1.4409 -0.4385 1.136, 1.4409 -0.4449 1.1333, 1.4409 -0.4366 1.1309, 1.4409 -0.4435 1.1291, 1.4409 -0.4357 1.1236, 1.4409 -0.4429 1.1234, 1.4409 -0.436 1.1192, 1.4409 -0.4431 1.1201, 1.4409 -0.4374 1.1131, 1.4409 -0.4441 1.1152, 1.4409 -0.4403 1.1077, 1.437 -0.4645 1.0962, 1.437 -0.4792 1.0962, 1.437 -0.4555 1.0973, 1.437 -0.4494 1.0997, 1.437 -0.4437 1.1037, 1.437 -0.4403 1.1077, 1.437 -0.4374 1.1131, 1.437 -0.436 1.1192, 1.437 -0.4357 1.1236, 1.437 -0.4366 1.1309, 1.437 -0.4385 1.136, 1.437 -0.4418 1.1407, 1.437 -0.4437 1.1426, 1.437 -0.4493 1.1464, 1.437 -0.4558 1.1487, 1.437 -0.4639 1.1496, 1.437 -0.4792 1.1496, 1.437 -0.4642 1.1435, 1.437 -0.4723 1.1435, 1.437 -0.4723 1.1023, 1.437 -0.4645 1.1023, 1.437 -0.4486 1.1079, 1.437 -0.4493 1.1073, 1.437 -0.4528 1.1049, 1.437 -0.4572 1.1032, 1.437 -0.4429 1.1234, 1.437 -0.4431 1.1201, 1.437 -0.4441 1.1152, 1.437 -0.446 1.1112, 1.437 -0.4488 1.1385, 1.437 -0.4468 1.1364, 1.437 -0.4449 1.1333, 1.437 -0.4435 1.1291, 1.437 -0.4571 1.1427, 1.437 -0.4525 1.141, 1.437 -0.4525 1.141
            ]
        }
        coordIndex [
            0,1,2,-1,3,4,5,-1,3,5,6,-1,6,5,7,-1,6,7,2,-1,2,7,8,-1,2,8,0,-1,9,1,10,-1,10,1,0,-1,10,11,9,-1,9,11,12,-1,13,14,15,-1,15,14,12,-1,15,12,16,-1,16,12,11,-1,13,17,14,-1,14,17,18,-1,17,19,18,-1,18,19,20,-1,18,20,21,-1,21,20,22,-1,21,22,23,-1,23,22,24,-1,23,24,25,-1,25,24,26,-1,25,26,27,-1,27,26,28,-1,27,28,29,-1,29,28,30,-1,29,30,31,-1,31,30,32,-1,31,32,33,-1,33,32,34,-1,33,34,35,-1,35,34,36,-1,35,36,37,-1,37,36,38,-1,37,38,39,-1,39,38,40,-1,39,40,41,-1,41,40,42,-1,41,42,43,-1,43,42,44,-1,43,44,45,-1,45,44,46,-1,45,46,47,-1,47,46,48,-1,47,48,49,-1,49,48,50,-1,49,50,51,-1,51,50,52,-1,51,52,53,-1,53,52,54,-1,53,54,55,-1,55,54,56,-1,55,56,57,-1,57,56,58,-1,57,58,59,-1,59,58,60,-1,59,60,61,-1,61,60,62,-1,61,62,63,-1,63,62,64,-1,63,64,65,-1,65,64,66,-1,65,66,67,-1,67,66,68,-1,67,68,69,-1,69,68,70,-1,69,70,71,-1,71,70,72,-1,71,72,73,-1,73,72,74,-1,73,74,75,-1,76,75,77,-1,77,75,74,-1,76,77,78,-1,76,78,79,-1,79,78,80,-1,79,80,81,-1,81,80,82,-1,81,82,83,-1,83,82,84,-1,83,84,85,-1,85,84,86,-1,85,86,87,-1,86,88,87,-1,87,88,89,-1,88,90,89,-1,89,90,91,-1,89,91,92,-1,92,91,93,-1,92,93,94,-1,94,93,95,-1,94,95,96,-1,96,95,97,-1,96,97,98,-1,98,97,99,-1,98,99,100,-1,100,99,101,-1,100,101,102,-1,103,104,105,-1,102,101,106,-1,102,106,107,-1,107,106,108,-1,107,108,105,-1,105,108,109,-1,105,109,103,-1,104,103,110,-1,104,110,111,-1,111,110,112,-1,111,112,113,-1,113,112,114,-1,113,114,115,-1,115,114,116,-1,115,116,117,-1,117,116,118,-1,117,118,119,-1,119,118,120,-1,119,120,121,-1,121,120,122,-1,121,122,123,-1,123,122,124,-1,123,124,125,-1,125,124,126,-1,125,126,127,-1,127,126,128,-1,127,128,129,-1,129,128,130,-1,129,130,131,-1,131,130,132,-1,131,132,133,-1,133,132,134,-1,133,134,135,-1,135,134,4,-1,135,4,3,-1,61,63,85,-1,85,63,83,-1,111,43,104,-1,104,43,45,-1,21,23,127,-1,127,23,25,-1,127,25,125,-1,125,25,27,-1,125,27,123,-1,123,27,29,-1,123,29,121,-1,121,29,31,-1,121,31,119,-1,119,31,33,-1,119,33,117,-1,117,33,35,-1,117,35,115,-1,115,35,37,-1,115,37,113,-1,113,37,39,-1,113,39,111,-1,111,39,41,-1,111,41,43,-1,14,3,12,-1,12,3,6,-1,12,6,9,-1,9,6,2,-1,9,2,1,-1,63,65,83,-1,83,65,67,-1,83,67,81,-1,81,67,69,-1,81,69,79,-1,79,69,71,-1,79,71,76,-1,76,71,73,-1,76,73,75,-1,127,129,21,-1,21,129,131,-1,21,131,18,-1,18,131,133,-1,18,133,14,-1,14,133,135,-1,14,135,3,-1,85,87,61,-1,61,87,89,-1,61,89,59,-1,59,89,92,-1,59,92,57,-1,57,92,94,-1,57,94,55,-1,55,94,96,-1,55,96,53,-1,53,96,98,-1,53,98,51,-1,51,98,100,-1,51,100,49,-1,49,100,102,-1,49,102,47,-1,47,102,107,-1,47,107,45,-1,45,107,105,-1,45,105,104,-1,136,137,138,-1,138,137,139,-1,140,136,141,-1,141,136,138,-1,140,141,142,-1,140,142,143,-1,143,142,144,-1,143,144,145,-1,146,145,147,-1,147,145,144,-1,148,146,149,-1,149,146,147,-1,148,149,150,-1,150,149,151,-1,150,151,152,-1,153,150,154,-1,154,150,152,-1,153,154,155,-1,155,154,156,-1,155,156,157,-1,158,159,160,-1,160,159,155,-1,160,155,157,-1,159,158,161,-1,162,163,161,-1,161,163,164,-1,161,164,159,-1,162,165,163,-1,163,165,166,-1,163,166,167,-1,167,166,168,-1,167,168,169,-1,169,168,170,-1,169,170,171,-1,171,170,172,-1,171,172,173,-1,173,172,174,-1,173,174,175,-1,176,175,177,-1,177,175,174,-1,176,177,178,-1,176,178,179,-1,179,178,180,-1,179,180,181,-1,181,180,182,-1,181,182,183,-1,183,182,184,-1,183,184,185,-1,184,186,185,-1,185,186,187,-1,185,187,188,-1,188,187,189,-1,188,189,190,-1,190,189,191,-1,190,191,192,-1,192,191,193,-1,192,193,194,-1,139,137,195,-1,195,137,194,-1,195,194,193,-1,143,145,194,-1,137,136,194,-1,194,136,140,-1,194,140,143,-1,150,153,148,-1,148,153,155,-1,148,155,146,-1,175,176,173,-1,173,176,179,-1,173,179,171,-1,171,179,181,-1,171,181,169,-1,169,181,183,-1,169,183,167,-1,167,183,185,-1,167,185,163,-1,192,164,190,-1,190,164,163,-1,190,163,188,-1,188,163,185,-1,145,146,194,-1,194,146,155,-1,194,155,192,-1,192,155,159,-1,192,159,164,-1,196,197,198,-1,198,197,199,-1,196,198,200,-1,200,198,201,-1,200,201,202,-1,203,200,204,-1,204,200,202,-1,203,204,205,-1,205,204,206,-1,205,206,207,-1,208,205,209,-1,209,205,207,-1,210,211,212,-1,212,211,208,-1,212,208,209,-1,213,211,214,-1,214,211,210,-1,215,216,217,-1,217,216,213,-1,217,213,214,-1,218,216,219,-1,219,216,215,-1,220,221,222,-1,222,221,218,-1,222,218,219,-1,223,221,224,-1,224,221,220,-1,223,224,197,-1,197,224,225,-1,197,225,199,-1,223,197,196,-1,196,200,223,-1,223,200,203,-1,223,203,221,-1,216,218,213,-1,213,218,221,-1,213,221,211,-1,211,221,203,-1,211,203,208,-1,208,203,205,-1,226,227,228,-1,228,227,229,-1,228,229,230,-1,230,229,231,-1,230,231,232,-1,232,231,233,-1,232,233,234,-1,234,233,235,-1,234,235,236,-1,236,235,237,-1,236,237,238,-1,238,237,239,-1,238,239,240,-1,240,239,241,-1,240,241,242,-1,242,241,243,-1,242,243,244,-1,244,243,245,-1,244,245,246,-1,246,245,247,-1,246,247,248,-1,248,247,249,-1,248,249,250,-1,250,249,251,-1,250,251,252,-1,252,251,253,-1,252,253,254,-1,254,253,255,-1,254,255,256,-1,256,255,257,-1,256,257,258,-1,258,257,259,-1,258,259,260,-1,260,259,226,-1,260,226,228,-1,234,236,261,-1,261,236,262,-1,234,261,263,-1,234,263,232,-1,232,263,264,-1,232,264,230,-1,230,264,265,-1,230,265,228,-1,228,265,266,-1,228,266,260,-1,260,266,267,-1,260,267,258,-1,258,267,268,-1,258,268,256,-1,256,268,269,-1,256,269,254,-1,254,269,270,-1,254,270,252,-1,252,270,271,-1,252,271,250,-1,250,271,272,-1,250,272,248,-1,248,272,273,-1,248,273,246,-1,246,273,274,-1,246,274,244,-1,244,274,275,-1,244,275,242,-1,242,275,276,-1,242,276,240,-1,238,240,277,-1,277,240,276,-1,236,238,262,-1,262,238,277,-1,241,239,278,-1,278,239,279,-1,239,237,279,-1,279,237,280,-1,237,235,280,-1,280,235,281,-1,227,282,283,-1,227,283,229,-1,229,283,284,-1,229,284,231,-1,231,284,285,-1,231,285,233,-1,233,285,281,-1,233,281,235,-1,255,286,287,-1,255,287,257,-1,257,287,288,-1,257,288,259,-1,259,288,289,-1,259,289,226,-1,226,289,282,-1,226,282,227,-1,247,290,291,-1,247,291,249,-1,249,291,292,-1,249,292,251,-1,251,292,293,-1,251,293,253,-1,253,293,286,-1,253,286,255,-1,241,278,294,-1,241,294,243,-1,243,294,295,-1,243,295,245,-1,245,295,290,-1,245,290,247,-1,
        ]
    }
}
Shape{
    appearance Appearance {
        material  Material 	{
            diffuseColor 1.0 0.9764705882352941 0.9058823529411765
            specularColor 0.5019607843137255 0.48627450980392156 0.45098039215686275
            ambientIntensity 0.2
            transparency 0
            shininess 0.5
        }
    }
    geometry IndexedFaceSet {
        ccw TRUE
        solid FALSE
        coord DEF co Coordinate {
            point [
                1.437 -0.4723 1.1435, 1.437 -0.4723 1.1023, 1.437 -0.4642 1.1435, 1.437 -0.4645 1.1023, 1.437 -0.4572 1.1032, 1.437 -0.4528 1.1049, 1.437 -0.4493 1.1073, 1.437 -0.4429 1.1234, 1.437 -0.4488 1.1385, 1.437 -0.4525 1.141, 1.437 -0.4486 1.1079, 1.437 -0.446 1.1112, 1.437 -0.4441 1.1152, 1.437 -0.4468 1.1364, 1.437 -0.4435 1.1291, 1.437 -0.4449 1.1333, 1.437 -0.4431 1.1201, 1.437 -0.4571 1.1427, 1.437 -0.4571 1.1427
            ]
        }
        coordIndex [
            0,1,2,-1,2,1,3,-1,3,4,2,-1,2,4,5,-1,2,5,6,-1,7,8,9,-1,6,10,2,-1,2,10,11,-1,2,11,12,-1,8,7,13,-1,13,7,14,-1,13,14,15,-1,12,16,2,-1,2,16,7,-1,2,7,17,-1,17,7,9,-1,
        ]
    }
}
Shape{
    appearance Appearance {
        material  Material 	{
            diffuseColor 0.0 0.0 0.0
            specularColor 0.0 0.0 0.0
            ambientIntensity 0.2
            transparency 0
            shininess 0.5
        }
    }
    geometry IndexedFaceSet {
        ccw TRUE
        solid FALSE
        coord DEF co Coordinate {
            point [
                1.4409 -0.4178 1.1169, 1.4409 -0.42 1.1108, 1.4409 -0.3999 1.1169, 1.4409 -0.3978 1.1108, 1.4409 -0.4098 1.1391, 1.4409 -0.4124 1.1496, 1.4409 -0.4327 1.0962, 1.4409 -0.4251 1.0962, 1.4409 -0.4094 1.1407, 1.4409 -0.4089 1.1428, 1.4409 -0.405 1.1496, 1.4409 -0.4088 1.1428, 1.4409 -0.4084 1.1405, 1.4409 -0.408 1.1391, 1.4409 -0.3847 1.0962, 1.4409 -0.3923 1.0962, 1.437 -0.405 1.1496, 1.437 -0.3847 1.0962, 1.437 -0.4124 1.1496, 1.437 -0.4327 1.0962, 1.437 -0.4251 1.0962, 1.437 -0.42 1.1108, 1.437 -0.3978 1.1108, 1.437 -0.3923 1.0962, 1.437 -0.4178 1.1169, 1.437 -0.3999 1.1169, 1.437 -0.408 1.1391, 1.437 -0.4088 1.1428, 1.437 -0.4084 1.1405, 1.437 -0.4089 1.1428, 1.437 -0.4098 1.1391, 1.437 -0.4094 1.1407, 1.437 -0.4094 1.1407
            ]
        }
        coordIndex [
            0,1,2,-1,2,1,3,-1,4,5,0,-1,0,5,6,-1,0,6,1,-1,1,6,7,-1,4,8,5,-1,5,8,9,-1,5,9,10,-1,10,9,11,-1,10,11,12,-1,12,13,10,-1,10,13,2,-1,10,2,14,-1,14,2,3,-1,14,3,15,-1,10,14,16,-1,16,14,17,-1,5,10,18,-1,18,10,16,-1,6,5,19,-1,19,5,18,-1,7,6,20,-1,20,6,19,-1,1,7,21,-1,21,7,20,-1,3,1,22,-1,22,1,21,-1,15,3,23,-1,23,3,22,-1,14,15,17,-1,17,15,23,-1,0,2,24,-1,24,2,25,-1,2,13,25,-1,25,13,26,-1,11,27,28,-1,11,28,12,-1,12,28,26,-1,12,26,13,-1,11,9,27,-1,27,9,29,-1,4,30,31,-1,4,31,8,-1,8,31,29,-1,8,29,9,-1,4,0,30,-1,30,0,24,-1,
        ]
    }
}
Shape{
    appearance Appearance {
        material  Material 	{
            diffuseColor 1.0 0.9764705882352941 0.9058823529411765
            specularColor 0.5019607843137255 0.48627450980392156 0.45098039215686275
            ambientIntensity 0.2
            transparency 0
            shininess 0.5
        }
    }
    geometry IndexedFaceSet {
        ccw TRUE
        solid FALSE
        coord DEF co Coordinate {
            point [
                1.437 -0.4088 1.1428, 1.437 -0.4089 1.1428, 1.437 -0.4084 1.1405, 1.437 -0.4094 1.1407, 1.437 -0.408 1.1391, 1.437 -0.4098 1.1391, 1.437 -0.3999 1.1169, 1.437 -0.4178 1.1169, 1.437 -0.4178 1.1169
            ]
        }
        coordIndex [
            0,1,2,-1,2,1,3,-1,2,3,4,-1,4,3,5,-1,4,5,6,-1,6,5,7,-1,
        ]
    }
}
Shape{
    appearance Appearance {
        material  Material 	{
            diffuseColor 0.0 0.0 0.0
            specularColor 0.0 0.0 0.0
            ambientIntensity 0.2
            transparency 0
            shininess 0.5
        }
    }
    geometry IndexedFaceSet {
        ccw TRUE
        solid FALSE
        coord DEF co Coordinate {
            point [
                1.4409 -0.9116 1.1882, 1.4409 -0.9031 1.1927, 1.4409 -0.9051 1.216, 1.4409 -0.8383 1.0872, 1.4409 -0.8338 1.0956, 1.4409 -0.8315 1.105, 1.4409 -0.8814 1.2171, 1.4409 -0.8697 1.1894, 1.4409 -0.8639 1.2014, 1.4409 -0.8837 1.1039, 1.4409 -0.8844 1.1075, 1.4409 -0.9049 1.1222, 1.4409 -0.9053 1.0968, 1.4409 -0.9101 1.0983, 1.4409 -0.9132 1.1273, 1.4409 -0.8901 1.2179, 1.4409 -0.7782 1.1408, 1.4409 -0.79 1.161, 1.4409 -0.8313 1.1128, 1.4409 -0.8408 1.1344, 1.4409 -0.8313 1.109, 1.4409 -0.8516 1.0754, 1.4409 -0.8441 1.0807, 1.4409 -0.8822 1.1007, 1.4409 -0.8959 1.0817, 1.4409 -0.9015 1.0887, 1.4409 -0.7657 1.1784, 1.4409 -0.7626 1.1784, 1.4409 -0.7471 1.1989, 1.4409 -0.7554 1.1775, 1.4409 -0.7452 1.1983, 1.4409 -0.7488 1.175, 1.4409 -0.7339 1.1927, 1.4409 -0.7236 1.184, 1.4409 -0.8736 1.2262, 1.4409 -0.8553 1.2116, 1.4409 -0.8647 1.2338, 1.4409 -0.8452 1.219, 1.4409 -0.855 1.2398, 1.4409 -0.8937 1.1949, 1.4409 -0.8898 1.1951, 1.4409 -0.8858 1.2176, 1.4409 -0.8808 1.194, 1.4409 -0.8723 1.1909, 1.4409 -0.8576 1.1, 1.4409 -0.8597 1.0976, 1.4409 -0.8626 1.0956, 1.4409 -0.8601 1.0721, 1.4409 -0.8659 1.0943, 1.4409 -0.8693 1.071, 1.4409 -0.8697 1.0938, 1.4409 -0.8707 1.071, 1.4409 -0.8703 1.0938, 1.4409 -0.8797 1.0724, 1.4409 -0.8737 1.0943, 1.4409 -0.8884 1.0761, 1.4409 -0.8771 1.0958, 1.4409 -0.88 1.098, 1.4409 -0.8558 1.1139, 1.4409 -0.855 1.1104, 1.4409 -0.855 1.1069, 1.4409 -0.8559 1.1032, 1.4409 -0.7235 1.1131, 1.4409 -0.7412 1.1282, 1.4409 -0.7339 1.1044, 1.4409 -0.7468 1.1236, 1.4409 -0.7454 1.0987, 1.4409 -0.7535 1.1205, 1.4409 -0.7581 1.0961, 1.4409 -0.7604 1.1192, 1.4409 -0.7805 1.0961, 1.4409 -0.7774 1.1192, 1.4409 -0.7826 1.0964, 1.4409 -0.8842 1.1112, 1.4409 -0.8831 1.1148, 1.4409 -0.9008 1.1304, 1.4409 -0.8811 1.1179, 1.4409 -0.8945 1.1376, 1.4409 -0.8796 1.1195, 1.4409 -0.8867 1.143, 1.4409 -0.8767 1.1216, 1.4409 -0.8783 1.1462, 1.4409 -0.8734 1.1229, 1.4409 -0.8693 1.1473, 1.4409 -0.8697 1.1234, 1.4409 -0.8647 1.147, 1.4409 -0.8665 1.123, 1.4409 -0.8555 1.1447, 1.4409 -0.863 1.1218, 1.4409 -0.8474 1.1404, 1.4409 -0.8599 1.1197, 1.4409 -0.8575 1.117, 1.4409 -0.7429 1.1709, 1.4409 -0.7385 1.166, 1.4409 -0.7159 1.1732, 1.4409 -0.735 1.1594, 1.4409 -0.7112 1.1616, 1.4409 -0.7332 1.1522, 1.4409 -0.7095 1.1492, 1.4409 -0.733 1.1488, 1.4409 -0.7112 1.1356, 1.4409 -0.7339 1.1414, 1.4409 -0.716 1.1236, 1.4409 -0.7366 1.1346, 1.4409 -0.7407 1.1287, 1.4409 -0.7676 1.2289, 1.4409 -0.7824 1.2115, 1.4409 -0.7549 1.2143, 1.4409 -0.7739 1.2012, 1.4409 -0.768 1.189, 1.4409 -0.9266 1.1664, 1.4409 -0.9515 1.16, 1.4409 -0.9277 1.1572, 1.4409 -0.9516 1.1564, 1.4409 -0.9273 1.1513, 1.4409 -0.9498 1.1415, 1.4409 -0.9245 1.142, 1.4409 -0.9444 1.1274, 1.4409 -0.92 1.1343, 1.4409 -0.9357 1.115, 1.4409 -0.9238 1.1049, 1.4409 -0.8375 1.2464, 1.4409 -0.8328 1.2241, 1.4409 -0.8192 1.2486, 1.4409 -0.8188 1.2259, 1.4409 -0.8024 1.2467, 1.4409 -0.8059 1.2243, 1.4409 -0.7835 1.2397, 1.4409 -0.794 1.2197, 1.4409 -0.7834 1.2123, 1.4409 -0.9192 1.2106, 1.4409 -0.9312 1.2021, 1.4409 -0.9181 1.1824, 1.4409 -0.9338 1.1997, 1.4409 -0.9233 1.1748, 1.4409 -0.9429 1.188, 1.4409 -0.949 1.1743, 1.4409 -0.7793 1.1196, 1.4409 -0.7885 1.1, 1.4409 -0.7876 1.0991, 1.4409 -0.7782 1.1193, 1.4409 -0.7851 1.0974, 1.4409 -0.7915 1.1078, 1.4409 -0.7911 1.105, 1.4409 -0.7901 1.1024, 1.4409 -0.7826 1.1192, 1.4409 -0.7853 1.1182, 1.4409 -0.7914 1.1093, 1.4409 -0.7876 1.1165, 1.4409 -0.7892 1.1148, 1.4409 -0.7906 1.1122, 1.4409 -0.7797 1.1196, 1.437 -0.7211 1.1805, 1.437 -0.7159 1.1732, 1.437 -0.7125 1.1648, 1.437 -0.7112 1.1616, 1.437 -0.7095 1.1492, 1.437 -0.7236 1.184, 1.437 -0.7339 1.1927, 1.437 -0.7452 1.1983, 1.437 -0.7471 1.1989, 1.437 -0.7549 1.2143, 1.437 -0.7676 1.2289, 1.437 -0.7762 1.2348, 1.437 -0.7835 1.2397, 1.437 -0.8024 1.2467, 1.437 -0.8192 1.2486, 1.437 -0.8647 1.2338, 1.437 -0.8632 1.2348, 1.437 -0.855 1.2398, 1.437 -0.8375 1.2464, 1.437 -0.8736 1.2262, 1.437 -0.8814 1.2171, 1.437 -0.8858 1.2176, 1.437 -0.8901 1.2179, 1.437 -0.9051 1.216, 1.437 -0.9192 1.2106, 1.437 -0.9312 1.2021, 1.437 -0.9338 1.1997, 1.437 -0.9429 1.188, 1.437 -0.9462 1.1805, 1.437 -0.949 1.1743, 1.437 -0.9507 1.1648, 1.437 -0.9515 1.16, 1.437 -0.9516 1.1564, 1.437 -0.9498 1.1415, 1.437 -0.9444 1.1274, 1.437 -0.9357 1.115, 1.437 -0.9238 1.1049, 1.437 -0.9101 1.0983, 1.437 -0.9053 1.0968, 1.437 -0.9049 1.0958, 1.437 -0.9015 1.0887, 1.437 -0.8959 1.0817, 1.437 -0.8884 1.0761, 1.437 -0.885 1.0746, 1.437 -0.8797 1.0724, 1.437 -0.8707 1.071, 1.437 -0.8693 1.071, 1.437 -0.8313 1.109, 1.437 -0.8601 1.0721, 1.437 -0.8536 1.0746, 1.437 -0.8516 1.0754, 1.437 -0.8441 1.0807, 1.437 -0.8383 1.0872, 1.437 -0.8338 1.0956, 1.437 -0.8337 1.0958, 1.437 -0.8315 1.105, 1.437 -0.8313 1.1128, 1.437 -0.7782 1.1408, 1.437 -0.79 1.161, 1.437 -0.8408 1.1344, 1.437 -0.8474 1.1404, 1.437 -0.8555 1.1447, 1.437 -0.8647 1.147, 1.437 -0.8693 1.1473, 1.437 -0.8783 1.1462, 1.437 -0.8867 1.143, 1.437 -0.8945 1.1376, 1.437 -0.9008 1.1304, 1.437 -0.9049 1.1222, 1.437 -0.9132 1.1273, 1.437 -0.92 1.1343, 1.437 -0.9245 1.142, 1.437 -0.9273 1.1513, 1.437 -0.9277 1.1572, 1.437 -0.9268 1.1648, 1.437 -0.9266 1.1664, 1.437 -0.9233 1.1748, 1.437 -0.9194 1.1805, 1.437 -0.9181 1.1824, 1.437 -0.9116 1.1882, 1.437 -0.9031 1.1927, 1.437 -0.8937 1.1949, 1.437 -0.8898 1.1951, 1.437 -0.8808 1.194, 1.437 -0.8723 1.1909, 1.437 -0.8697 1.1894, 1.437 -0.8639 1.2014, 1.437 -0.8553 1.2116, 1.437 -0.8452 1.219, 1.437 -0.8328 1.2241, 1.437 -0.8188 1.2259, 1.437 -0.7657 1.1784, 1.437 -0.7661 1.1805, 1.437 -0.768 1.189, 1.437 -0.7739 1.2012, 1.437 -0.7824 1.2115, 1.437 -0.7834 1.2123, 1.437 -0.794 1.2197, 1.437 -0.8059 1.2243, 1.437 -0.7626 1.1784, 1.437 -0.7554 1.1775, 1.437 -0.7488 1.175, 1.437 -0.7429 1.1709, 1.437 -0.7385 1.166, 1.437 -0.7379 1.1648, 1.437 -0.735 1.1594, 1.437 -0.7332 1.1522, 1.437 -0.733 1.1488, 1.437 -0.7339 1.1414, 1.437 -0.7366 1.1346, 1.437 -0.7407 1.1287, 1.437 -0.7412 1.1282, 1.437 -0.7468 1.1236, 1.437 -0.7535 1.1205, 1.437 -0.7604 1.1192, 1.437 -0.7774 1.1192, 1.437 -0.7782 1.1193, 1.437 -0.7793 1.1196, 1.437 -0.7797 1.1196, 1.437 -0.7826 1.1192, 1.437 -0.7853 1.1182, 1.437 -0.7876 1.1165, 1.437 -0.7892 1.1148, 1.437 -0.7906 1.1122, 1.437 -0.7914 1.1093, 1.437 -0.7915 1.1078, 1.437 -0.7911 1.105, 1.437 -0.7901 1.1024, 1.437 -0.7885 1.1, 1.437 -0.7876 1.0991, 1.437 -0.7851 1.0974, 1.437 -0.7826 1.0964, 1.437 -0.7805 1.0961, 1.437 -0.7581 1.0961, 1.437 -0.7454 1.0987, 1.437 -0.7339 1.1044, 1.437 -0.7235 1.1131, 1.437 -0.716 1.1236, 1.437 -0.7112 1.1356, 1.437 -0.8697 1.1234, 1.437 -0.8665 1.123, 1.437 -0.863 1.1218, 1.437 -0.8599 1.1197, 1.437 -0.8575 1.117, 1.437 -0.8558 1.1139, 1.437 -0.855 1.1104, 1.437 -0.855 1.1069, 1.437 -0.8559 1.1032, 1.437 -0.8576 1.1, 1.437 -0.8597 1.0976, 1.437 -0.8626 1.0956, 1.437 -0.8659 1.0943, 1.437 -0.8697 1.0938, 1.437 -0.8703 1.0938, 1.437 -0.8737 1.0943, 1.437 -0.8771 1.0958, 1.437 -0.88 1.098, 1.437 -0.8822 1.1007, 1.437 -0.8837 1.1039, 1.437 -0.8844 1.1075, 1.437 -0.8842 1.1112, 1.437 -0.8831 1.1148, 1.437 -0.8811 1.1179, 1.437 -0.8796 1.1195, 1.437 -0.8767 1.1216, 1.437 -0.8734 1.1229, 1.437 -0.8734 1.1229
            ]
        }
        coordIndex [
            0,1,2,-1,3,4,5,-1,6,7,8,-1,9,10,11,-1,12,11,13,-1,13,11,14,-1,2,1,15,-1,16,17,18,-1,18,17,19,-1,18,19,20,-1,20,19,21,-1,20,21,5,-1,5,21,22,-1,5,22,3,-1,23,9,24,-1,24,9,11,-1,24,11,25,-1,25,11,12,-1,26,27,28,-1,28,27,29,-1,28,29,30,-1,30,29,31,-1,30,31,32,-1,32,31,33,-1,6,8,34,-1,34,8,35,-1,34,35,36,-1,36,35,37,-1,36,37,38,-1,1,39,15,-1,15,39,40,-1,15,40,41,-1,41,40,42,-1,41,42,6,-1,6,42,43,-1,6,43,7,-1,44,45,21,-1,21,45,46,-1,21,46,47,-1,47,46,48,-1,47,48,49,-1,49,48,50,-1,49,50,51,-1,51,50,52,-1,51,52,53,-1,53,52,54,-1,53,54,55,-1,55,54,56,-1,55,56,24,-1,24,56,57,-1,24,57,23,-1,58,59,19,-1,19,59,60,-1,19,60,21,-1,21,60,61,-1,21,61,44,-1,62,63,64,-1,64,63,65,-1,64,65,66,-1,66,65,67,-1,66,67,68,-1,68,67,69,-1,68,69,70,-1,70,69,71,-1,70,71,72,-1,10,73,11,-1,11,73,74,-1,11,74,75,-1,75,74,76,-1,75,76,77,-1,77,76,78,-1,77,78,79,-1,79,78,80,-1,79,80,81,-1,81,80,82,-1,81,82,83,-1,83,82,84,-1,83,84,85,-1,85,84,86,-1,85,86,87,-1,87,86,88,-1,87,88,89,-1,89,88,90,-1,89,90,19,-1,19,90,91,-1,19,91,58,-1,31,92,33,-1,33,92,93,-1,33,93,94,-1,94,93,95,-1,94,95,96,-1,96,95,97,-1,96,97,98,-1,98,97,99,-1,98,99,100,-1,100,99,101,-1,100,101,102,-1,102,101,103,-1,102,103,62,-1,62,103,104,-1,62,104,63,-1,105,106,107,-1,107,106,108,-1,107,108,28,-1,28,108,109,-1,28,109,26,-1,110,111,112,-1,112,111,113,-1,112,113,114,-1,114,113,115,-1,114,115,116,-1,116,115,117,-1,116,117,118,-1,118,117,119,-1,118,119,14,-1,14,119,120,-1,14,120,13,-1,38,37,121,-1,121,37,122,-1,121,122,123,-1,123,122,124,-1,123,124,125,-1,125,124,126,-1,125,126,127,-1,127,126,128,-1,127,128,105,-1,105,128,129,-1,105,129,106,-1,2,130,0,-1,0,130,131,-1,0,131,132,-1,132,131,133,-1,132,133,134,-1,134,133,135,-1,134,135,110,-1,110,135,136,-1,110,136,111,-1,137,138,139,-1,71,140,72,-1,72,140,137,-1,72,137,141,-1,141,137,139,-1,142,143,137,-1,137,143,144,-1,137,144,138,-1,145,146,147,-1,146,148,147,-1,147,148,149,-1,147,149,150,-1,142,137,147,-1,147,137,151,-1,147,151,145,-1,152,33,153,-1,153,33,94,-1,153,94,154,-1,154,94,96,-1,154,96,155,-1,155,96,98,-1,155,98,156,-1,152,157,33,-1,33,157,158,-1,33,158,32,-1,32,158,159,-1,32,159,30,-1,30,159,160,-1,30,160,28,-1,28,160,161,-1,28,161,107,-1,107,161,162,-1,107,162,105,-1,105,162,127,-1,127,162,163,-1,163,164,127,-1,127,164,165,-1,127,165,125,-1,125,165,166,-1,125,166,123,-1,167,36,168,-1,168,36,38,-1,168,38,169,-1,169,38,121,-1,169,121,170,-1,170,121,123,-1,170,123,166,-1,36,167,171,-1,36,171,34,-1,34,171,172,-1,34,172,6,-1,6,172,173,-1,6,173,41,-1,41,173,174,-1,41,174,15,-1,15,174,175,-1,15,175,2,-1,2,175,176,-1,2,176,130,-1,130,176,177,-1,130,177,131,-1,131,177,178,-1,131,178,133,-1,136,135,179,-1,179,135,133,-1,179,133,178,-1,179,180,136,-1,136,180,181,-1,136,181,111,-1,111,181,182,-1,182,183,111,-1,111,183,184,-1,111,184,113,-1,113,184,185,-1,113,185,115,-1,115,185,186,-1,115,186,117,-1,117,186,187,-1,117,187,119,-1,119,187,188,-1,119,188,120,-1,120,188,189,-1,120,189,13,-1,13,189,190,-1,13,190,12,-1,12,190,191,-1,12,191,25,-1,191,192,25,-1,25,192,193,-1,25,193,24,-1,24,193,194,-1,24,194,55,-1,55,194,195,-1,55,195,53,-1,195,196,53,-1,53,196,197,-1,53,197,51,-1,51,197,198,-1,51,198,49,-1,199,20,5,-1,49,198,200,-1,49,200,47,-1,47,200,201,-1,47,201,21,-1,201,202,21,-1,21,202,203,-1,21,203,22,-1,22,203,204,-1,22,204,3,-1,3,204,205,-1,3,205,4,-1,4,205,206,-1,4,206,5,-1,5,206,207,-1,5,207,199,-1,18,20,208,-1,208,20,199,-1,16,18,209,-1,209,18,208,-1,17,16,210,-1,210,16,209,-1,19,17,211,-1,211,17,210,-1,19,211,212,-1,19,212,89,-1,89,212,213,-1,89,213,87,-1,87,213,214,-1,87,214,85,-1,85,214,215,-1,85,215,83,-1,83,215,216,-1,83,216,81,-1,81,216,217,-1,81,217,79,-1,79,217,218,-1,79,218,77,-1,77,218,219,-1,77,219,75,-1,75,219,220,-1,75,220,11,-1,11,220,221,-1,11,221,14,-1,14,221,222,-1,14,222,118,-1,118,222,223,-1,118,223,116,-1,116,223,224,-1,116,224,114,-1,114,224,225,-1,114,225,112,-1,112,225,226,-1,112,226,110,-1,110,226,227,-1,110,227,228,-1,229,132,228,-1,228,132,134,-1,228,134,110,-1,229,230,132,-1,132,230,231,-1,132,231,0,-1,0,231,232,-1,0,232,1,-1,1,232,233,-1,1,233,39,-1,39,233,234,-1,39,234,40,-1,40,234,235,-1,40,235,42,-1,42,235,236,-1,42,236,43,-1,43,236,237,-1,43,237,7,-1,7,237,238,-1,7,238,8,-1,8,238,239,-1,8,239,35,-1,35,239,240,-1,35,240,37,-1,37,240,241,-1,37,241,122,-1,122,241,242,-1,122,242,124,-1,243,26,244,-1,244,26,109,-1,244,109,245,-1,245,109,108,-1,245,108,246,-1,246,108,106,-1,246,106,247,-1,247,106,129,-1,247,129,248,-1,248,129,128,-1,248,128,249,-1,249,128,126,-1,249,126,250,-1,250,126,124,-1,250,124,242,-1,27,26,251,-1,251,26,243,-1,27,251,252,-1,27,252,29,-1,29,252,253,-1,29,253,31,-1,31,253,254,-1,31,254,92,-1,92,254,255,-1,92,255,93,-1,93,255,256,-1,93,256,95,-1,256,257,95,-1,95,257,258,-1,95,258,97,-1,97,258,259,-1,97,259,99,-1,99,259,260,-1,99,260,101,-1,101,260,261,-1,101,261,103,-1,103,261,262,-1,103,262,104,-1,104,262,263,-1,104,263,63,-1,63,263,264,-1,63,264,65,-1,65,264,265,-1,65,265,67,-1,67,265,266,-1,67,266,69,-1,71,69,267,-1,267,69,266,-1,71,267,268,-1,71,268,140,-1,140,268,269,-1,140,269,137,-1,137,269,270,-1,137,270,151,-1,151,270,271,-1,151,271,145,-1,145,271,272,-1,145,272,146,-1,146,272,273,-1,146,273,148,-1,148,273,274,-1,148,274,149,-1,149,274,275,-1,149,275,150,-1,150,275,276,-1,150,276,147,-1,147,276,277,-1,147,277,142,-1,142,277,278,-1,142,278,143,-1,143,278,279,-1,143,279,144,-1,144,279,280,-1,144,280,138,-1,138,280,281,-1,138,281,139,-1,139,281,282,-1,139,282,141,-1,141,282,283,-1,141,283,72,-1,72,283,284,-1,72,284,70,-1,68,70,285,-1,285,70,284,-1,68,285,286,-1,68,286,66,-1,66,286,287,-1,66,287,64,-1,64,287,288,-1,64,288,62,-1,62,288,289,-1,62,289,102,-1,102,289,290,-1,102,290,100,-1,100,290,156,-1,100,156,98,-1,84,291,292,-1,84,292,86,-1,86,292,293,-1,86,293,88,-1,88,293,294,-1,88,294,90,-1,90,294,295,-1,90,295,91,-1,91,295,296,-1,91,296,58,-1,58,296,297,-1,58,297,59,-1,59,297,298,-1,59,298,60,-1,60,298,299,-1,60,299,61,-1,61,299,300,-1,61,300,44,-1,44,300,301,-1,44,301,45,-1,45,301,302,-1,45,302,46,-1,46,302,303,-1,46,303,48,-1,48,303,304,-1,48,304,50,-1,50,304,305,-1,50,305,52,-1,52,305,306,-1,52,306,54,-1,54,306,307,-1,54,307,56,-1,56,307,308,-1,56,308,57,-1,57,308,309,-1,57,309,23,-1,23,309,310,-1,23,310,9,-1,9,310,311,-1,9,311,10,-1,10,311,312,-1,10,312,73,-1,73,312,313,-1,73,313,74,-1,74,313,314,-1,74,314,76,-1,76,314,315,-1,76,315,78,-1,78,315,316,-1,78,316,80,-1,80,316,317,-1,80,317,82,-1,82,317,291,-1,82,291,84,-1,
        ]
    }
}
Shape{
    appearance Appearance {
        material  Material 	{
            diffuseColor 1.0 0.9764705882352941 0.9058823529411765
            specularColor 0.5019607843137255 0.48627450980392156 0.45098039215686275
            ambientIntensity 0.2
            transparency 0
            shininess 0.5
        }
    }
    geometry IndexedFaceSet {
        ccw TRUE
        solid FALSE
        coord DEF co Coordinate {
            point [
                1.437 -0.8703 1.0938, 1.437 -0.8796 1.1195, 1.437 -0.8811 1.1179, 1.437 -0.8659 1.0943, 1.437 -0.8626 1.0956, 1.437 -0.8665 1.123, 1.437 -0.8697 1.1234, 1.437 -0.8734 1.1229, 1.437 -0.8767 1.1216, 1.437 -0.8837 1.1039, 1.437 -0.8822 1.1007, 1.437 -0.88 1.098, 1.437 -0.8697 1.0938, 1.437 -0.8831 1.1148, 1.437 -0.8842 1.1112, 1.437 -0.8844 1.1075, 1.437 -0.8771 1.0958, 1.437 -0.8737 1.0943, 1.437 -0.8597 1.0976, 1.437 -0.8576 1.1, 1.437 -0.8559 1.1032, 1.437 -0.855 1.1069, 1.437 -0.855 1.1104, 1.437 -0.8558 1.1139, 1.437 -0.8575 1.117, 1.437 -0.8599 1.1197, 1.437 -0.863 1.1218, 1.437 -0.863 1.1218
            ]
        }
        coordIndex [
            0,1,2,-1,3,4,5,-1,6,7,0,-1,0,7,8,-1,0,8,1,-1,9,10,2,-1,2,10,11,-1,6,0,5,-1,5,0,12,-1,5,12,3,-1,13,14,2,-1,2,14,15,-1,2,15,9,-1,11,16,2,-1,2,16,17,-1,2,17,0,-1,4,18,5,-1,5,18,19,-1,5,19,20,-1,20,21,5,-1,5,21,22,-1,5,22,23,-1,23,24,5,-1,5,24,25,-1,5,25,26,-1,
        ]
    }
}
Shape{
    appearance Appearance {
        material  Material 	{
            diffuseColor 0.7529411764705882 0.7529411764705882 0.7529411764705882
            specularColor 0.3764705882352941 0.3764705882352941 0.3764705882352941
            ambientIntensity 0.2
            transparency 0
            shininess 0.5
        }
    }
    geometry IndexedFaceSet {
        ccw TRUE
        solid FALSE
        coord DEF co Coordinate {
            point [
                1.2598 -0.2403 0.1496, 1.2598 0.6988 0.1496, 1.2598 0.4823 0.2598, 1.2598 0.4823 1.2126, 1.2598 -0.9384 0.0945, 1.2598 -0.3917 0.0945, 1.2598 0.6988 0.6378, 1.2598 0.7173 0.6476, 1.2598 0.7243 0.6524, 1.2598 0.6694 1.2115, 1.2598 0.66 1.2126, 1.2598 0.7382 0.6824, 1.2598 0.7373 0.6739, 1.2598 -0.9469 0.2598, 1.2598 -0.9629 0.2438, 1.2598 -0.9691 0.2357, 1.2598 -0.9744 0.1305, 1.2598 -0.9733 0.1211, 1.2598 -0.9699 0.1122, 1.2598 -0.9731 0.2262, 1.2598 -0.9744 0.216, 1.2598 -0.9645 0.1044, 1.2598 -0.9567 0.099, 1.2598 -0.9478 0.0956, 1.2598 0.7302 0.6586, 1.2598 0.7346 0.6659, 1.2598 0.7345 1.1697, 1.2598 0.73 1.1771, 1.2598 0.7373 1.1616, 1.2598 0.7382 1.1531, 1.2598 0.7241 1.1832, 1.2598 0.717 1.188, 1.2598 0.6782 1.2082, 1.1614 -0.2944 0.1299, 1.1614 -0.3917 0.0945, 1.1614 -0.9744 0.1299, 1.1614 -0.9384 0.0945, 1.1614 -0.9733 0.1211, 1.1614 -0.9567 0.099, 1.1614 -0.9645 0.1044, 1.1614 -0.9699 0.1122, 1.1614 -0.9478 0.0956, 1.1614 0.7173 0.6476, 1.1614 0.6988 0.6378, 1.1614 0.7382 0.6824, 1.1614 0.7382 1.1531, 1.1614 0.6782 1.2082, 1.1614 0.717 1.188, 1.1614 0.7346 0.6659, 1.1614 0.7302 0.6586, 1.1614 0.7243 0.6524, 1.1614 0.6694 1.2115, 1.1614 0.7241 1.1832, 1.1614 0.73 1.1771, 1.1614 0.7373 1.1616, 1.1614 0.7345 1.1697, 1.1614 0.7373 0.6739, 1.1614 0.4626 0.1496, 1.1614 0.4626 0.1693, 1.1614 0.6988 0.1496, 1.1614 0.6594 0.1693, 1.1614 0.6594 1.2126, 1.1614 0.66 1.2126, 1.2598 -0.8618 0.3449, 1.1614 -0.8618 0.3449, 1.1614 -0.9629 0.2438, 1.2598 0.1476 1.0536, 1.2598 0.3864 1.0536, 1.1614 0.1476 1.0536, 1.1614 0.3864 1.0536, 1.2598 0.3864 1.1339, 1.1614 0.3864 1.1339, 1.2598 0.4651 1.2126, 1.1614 0.4651 1.2126, 1.1614 -0.2403 0.1496, 1.1614 -0.9744 0.1305, 1.1614 -0.9744 0.216, 1.1614 -0.9691 0.2357, 1.1614 -0.9731 0.2262, 1.1614 -0.9731 0.2262
            ]
        }
        coordIndex [
            0,1,2,-1,2,1,3,-1,4,5,0,-1,1,6,3,-1,3,6,7,-1,3,7,8,-1,9,10,11,-1,11,10,3,-1,11,3,12,-1,2,13,0,-1,0,13,14,-1,0,14,15,-1,0,16,4,-1,4,16,17,-1,4,17,18,-1,15,19,0,-1,0,19,20,-1,0,20,16,-1,21,22,18,-1,18,22,23,-1,18,23,4,-1,8,24,3,-1,3,24,25,-1,3,25,12,-1,26,27,28,-1,28,27,29,-1,27,30,29,-1,29,30,31,-1,29,31,11,-1,11,31,32,-1,11,32,9,-1,33,34,35,-1,35,34,36,-1,35,36,37,-1,38,39,40,-1,37,36,40,-1,40,36,41,-1,40,41,38,-1,42,43,44,-1,44,43,45,-1,46,47,45,-1,48,49,50,-1,46,45,51,-1,47,52,45,-1,45,52,53,-1,45,53,54,-1,54,53,55,-1,42,44,50,-1,50,44,56,-1,50,56,48,-1,57,58,59,-1,59,58,60,-1,59,60,43,-1,43,60,61,-1,43,61,45,-1,45,61,62,-1,45,62,51,-1,63,64,13,-1,13,64,65,-1,13,65,14,-1,66,67,68,-1,68,67,69,-1,67,70,69,-1,69,70,71,-1,70,72,71,-1,71,72,73,-1,73,72,3,-1,73,3,61,-1,61,3,10,-1,61,10,62,-1,47,46,31,-1,31,46,32,-1,44,45,11,-1,11,45,29,-1,43,42,6,-1,6,42,7,-1,6,1,43,-1,43,1,59,-1,0,74,1,-1,1,74,57,-1,1,57,59,-1,5,34,0,-1,0,34,33,-1,0,33,74,-1,5,4,34,-1,34,4,36,-1,16,20,75,-1,75,20,76,-1,32,46,51,-1,32,51,9,-1,9,51,62,-1,9,62,10,-1,29,45,54,-1,29,54,28,-1,28,54,55,-1,28,55,26,-1,26,55,53,-1,26,53,27,-1,27,53,52,-1,27,52,30,-1,30,52,47,-1,30,47,31,-1,7,42,50,-1,7,50,8,-1,8,50,49,-1,8,49,24,-1,24,49,48,-1,24,48,25,-1,25,48,56,-1,25,56,12,-1,12,56,44,-1,12,44,11,-1,14,65,77,-1,14,77,15,-1,15,77,78,-1,15,78,19,-1,19,78,76,-1,19,76,20,-1,21,39,38,-1,21,38,22,-1,22,38,41,-1,22,41,23,-1,23,41,36,-1,23,36,4,-1,16,75,35,-1,16,35,17,-1,35,37,17,-1,17,37,40,-1,17,40,18,-1,18,40,39,-1,18,39,21,-1,
        ]
    }
}
Shape{
    appearance Appearance {
        material  Material 	{
            diffuseColor 1.0 0.9764705882352941 0.9058823529411765
            specularColor 0.5019607843137255 0.48627450980392156 0.45098039215686275
            ambientIntensity 0.2
            transparency 0
            shininess 0.5
        }
    }
    geometry IndexedFaceSet {
        ccw TRUE
        solid FALSE
        coord DEF co Coordinate {
            point [
                1.1614 0.1476 0.3449, 1.2598 0.1476 0.3449, 1.1614 0.1476 1.0536, 1.2598 0.1476 1.0536, 1.2598 -0.8618 0.3449, 1.1614 -0.8618 0.3449, -1.1614 0.1476 1.0536, -1.2598 0.1476 1.0536, -1.1614 0.1476 0.3449, -1.2598 0.1476 0.3449, -1.1614 -0.8618 0.3449, -1.2598 -0.8618 0.3449, -1.2598 -0.8618 0.3449
            ]
        }
        coordIndex [
            0,1,2,-1,2,1,3,-1,4,1,5,-1,5,1,0,-1,6,7,8,-1,8,7,9,-1,10,8,11,-1,11,8,9,-1,
        ]
    }
}