#VRML V2.0 utf8
# 3D model generated by easyeda2kicad.py (https://github.com/uPesy/easyeda2kicad.py)

Shape{
    appearance Appearance {
        material  Material 	{
            diffuseColor 1.0 1.0 1.0
            specularColor 0.5019607843137255 0.5019607843137255 0.5019607843137255
            ambientIntensity 0.2
            transparency 0
            shininess 0.5
        }
    }
    geometry IndexedFaceSet {
        ccw TRUE
        solid FALSE
        coord DEF co Coordinate {
            point [
                2.1654 1.6535 0.4543, 2.1654 1.6535 0.4778, 2.1654 1.3376 0.4778, 2.1654 1.2007 0.3509, 2.1654 1.1998 0.3508, 2.1654 1.2187 0.3508, 2.1654 1.1402 0.5585, 2.1654 1.1461 0.5592, 2.1654 1.1143 0.5592, 2.1654 1.1607 0.4783, 2.1654 1.1556 0.4778, 2.1654 1.1821 0.4778, 2.1654 1.3752 0.4785, 2.1654 1.367 0.5004, 2.1654 1.3376 0.5004, 2.1654 0.963 0.4961, 2.1654 0.9785 0.483, 2.1654 1.0324 0.5592, 2.1654 1.0324 0.4778, 2.1654 0.8896 0.5662, 2.1654 0.8998 0.5592, 2.1654 0.9126 0.5504, 2.1654 0.9318 0.528, 2.1654 0.9433 0.5054, 2.1654 0.9461 0.5045, 2.1654 0.7823 0.5672, 2.1654 0.8086 0.5769, 2.1654 0.5938 0.7087, 2.1654 1.0324 0.7087, 2.1654 0.8351 0.58, 2.1654 0.8612 0.577, 2.1654 0.5938 0.5592, 2.1654 0.7063 0.5311, 2.1654 0.7287 0.5339, 2.1654 0.5938 0.4778, 2.1654 0.6445 0.4778, 2.1654 0.6495 0.489, 2.1654 0.6632 0.5066, 2.1654 0.7691 0.5592, 2.1654 0.7668 0.5578, 2.1654 0.7534 0.5464, 2.1654 0.7352 0.5335, 2.1654 0.7418 0.5328, 2.1654 0.6671 0.5102, 2.1654 0.6852 0.5229, 2.1654 0.7059 0.3523, 2.1654 0.6987 0.3544, 2.1654 0.5938 0.3508, 2.1654 0.6781 0.3645, 2.1654 0.6604 0.3796, 2.1654 0.6474 0.3982, 2.1654 0.6392 0.4194, 2.1654 0.5938 0.4543, 2.1654 0.6365 0.4417, 2.1654 0.6366 0.4471, 2.1654 0.6379 0.4543, 2.1654 0.6404 0.4685, 2.1654 0.7312 0.3212, 2.1654 0.7201 0.3296, 2.1654 0.5938 0.319, 2.1654 0.7116 0.3401, 2.1654 0.7066 0.3508, 2.1654 0.7836 0.319, 2.1654 0.7738 0.3153, 2.1654 1.0324 0.2362, 2.1654 0.76 0.3136, 2.1654 0.5938 0.2362, 2.1654 0.7578 0.3136, 2.1654 0.7444 0.3157, 2.1654 0.7364 0.319, 2.1654 0.8133 0.3508, 2.1654 0.8133 0.3505, 2.1654 1.0324 0.319, 2.1654 0.8065 0.3378, 2.1654 0.7978 0.3281, 2.1654 0.7865 0.3202, 2.1654 0.9971 0.4494, 2.1654 0.9997 0.4309, 2.1654 1.0324 0.4543, 2.1654 0.886 0.3843, 2.1654 0.8899 0.3859, 2.1654 0.8966 0.4183, 2.1654 0.9786 0.3768, 2.1654 0.9631 0.3637, 2.1654 1.0324 0.3508, 2.1654 0.8027 0.4087, 2.1654 0.879 0.4485, 2.1654 0.7927 0.4177, 2.1654 0.7806 0.4242, 2.1654 0.8825 0.3819, 2.1654 0.9899 0.3925, 2.1654 0.9641 0.4353, 2.1654 0.9614 0.4462, 2.1654 0.957 0.4543, 2.1654 0.6737 0.4543, 2.1654 0.997 0.4105, 2.1654 0.8943 0.3865, 2.1654 0.8949 0.3864, 2.1654 0.8966 0.386, 2.1654 0.6771 0.4201, 2.1654 0.6839 0.4086, 2.1654 0.7128 0.4027, 2.1654 0.6941 0.3981, 2.1654 0.7065 0.3904, 2.1654 0.7338 0.4215, 2.1654 0.7222 0.4134, 2.1654 0.6723 0.4428, 2.1654 0.673 0.434, 2.1654 0.7464 0.4263, 2.1654 0.76 0.428, 2.1654 0.7669 0.4276, 2.1654 0.8767 0.3688, 2.1654 0.8768 0.3711, 2.1654 0.8169 0.3762, 2.1654 0.878 0.3754, 2.1654 0.8802 0.3793, 2.1654 0.9528 0.4002, 2.1654 0.9591 0.4091, 2.1654 0.963 0.4192, 2.1654 0.9644 0.4303, 2.1654 0.89 0.3517, 2.1654 0.8862 0.3532, 2.1654 0.8825 0.3558, 2.1654 0.8812 0.3571, 2.1654 0.8787 0.3607, 2.1654 0.8772 0.3646, 2.1654 0.8166 0.3646, 2.1654 0.8169 0.3705, 2.1654 0.9457 0.3552, 2.1654 0.9268 0.3512, 2.1654 0.8932 0.3512, 2.1654 0.8978 0.3859, 2.1654 0.9234 0.3859, 2.1654 0.9336 0.3878, 2.1654 0.9436 0.3925, 2.1654 0.9521 0.3994, 2.1654 0.9154 0.4747, 2.1654 0.6789 0.4693, 2.1654 0.674 0.4566, 2.1654 0.92 0.4747, 2.1654 0.9561 0.456, 2.1654 0.9496 0.4634, 2.1654 0.9407 0.4695, 2.1654 0.9308 0.4734, 2.1654 0.9031 0.5089, 2.1654 0.8903 0.5242, 2.1654 0.7594 0.4912, 2.1654 0.8889 0.5255, 2.1654 0.8729 0.5366, 2.1654 0.7681 0.5092, 2.1654 0.6848 0.4778, 2.1654 0.7554 0.4934, 2.1654 0.9147 0.4778, 2.1654 0.9119 0.4906, 2.1654 0.7426 0.4981, 2.1654 0.7292 0.4997, 2.1654 0.7233 0.4994, 2.1654 0.7809 0.5245, 2.1654 0.855 0.5435, 2.1654 0.7961 0.5356, 2.1654 0.8357 0.5459, 2.1654 0.8147 0.5432, 2.1654 0.7093 0.4961, 2.1654 0.6966 0.4894, 2.1654 0.6868 0.4806, 2.1654 0.9822 0.4778, 2.1654 0.9901 0.4668, 2.1654 0.9951 0.4543, 2.1654 1.3866 0.4785, 2.1654 1.3561 0.5585, 2.1654 1.6535 0.5592, 2.1654 1.3376 0.5592, 2.1654 1.3259 0.4785, 2.1654 1.3145 0.4785, 2.1654 1.3123 0.4778, 2.1654 1.3336 0.5004, 2.1654 1.3123 0.5592, 2.1654 1.3376 0.539, 2.1654 1.345 0.5585, 2.1654 1.2187 0.5145, 2.1654 1.197 0.5145, 2.1654 1.2187 0.4876, 2.1654 1.197 0.4876, 2.1654 1.2373 0.5592, 2.1654 1.2187 0.5592, 2.1654 1.228 0.5585, 2.1654 1.2187 0.5585, 2.1654 1.228 0.5493, 2.1654 1.2298 0.4876, 2.1654 1.2373 0.4778, 2.1654 1.2298 0.4785, 2.1654 1.2187 0.4778, 2.1654 1.2257 0.5145, 2.1654 1.2257 0.5237, 2.1654 1.2187 0.5237, 2.1654 1.2187 0.5493, 2.1654 1.197 0.5493, 2.1654 1.197 0.5237, 2.1654 1.1867 0.5585, 2.1654 1.1821 0.5592, 2.1654 1.1867 0.4785, 2.1654 1.1707 0.5566, 2.1654 1.1622 0.5591, 2.1654 1.1603 0.5592, 2.1654 1.2187 0.4785, 2.1654 1.1707 0.5458, 2.1654 1.1693 0.4811, 2.1654 1.1518 0.5505, 2.1654 1.1482 0.5504, 2.1654 1.1428 0.4871, 2.1654 1.15 0.4863, 2.1654 1.1537 0.4865, 2.1654 1.1698 0.5463, 2.1654 1.1628 0.4881, 2.1654 1.1707 0.4917, 2.1654 1.1707 0.4818, 2.1654 1.1316 0.4927, 2.1654 1.1217 0.5142, 2.1654 1.1294 0.4947, 2.1654 1.123 0.5063, 2.1654 1.1257 0.4999, 2.1654 1.1617 0.5494, 2.1654 1.1413 0.5489, 2.1654 1.1351 0.5459, 2.1654 1.13 0.5417, 2.1654 1.1294 0.541, 2.1654 1.1256 0.5355, 2.1654 1.1229 0.5285, 2.1654 1.1216 0.5176, 2.1654 1.137 0.4891, 2.1654 1.1165 0.5405, 2.1654 1.1223 0.5481, 2.1654 1.1243 0.55, 2.1654 1.1318 0.5552, 2.1654 1.1143 0.4988, 2.1654 1.1123 0.504, 2.1654 1.1095 0.4778, 2.1654 1.1107 0.517, 2.1654 1.1109 0.5212, 2.1654 1.1095 0.5592, 2.1654 1.1127 0.5316, 2.1654 1.1143 0.5354, 2.1654 1.1143 0.4543, 2.1654 1.1411 0.4778, 2.1654 1.1143 0.4778, 2.1654 1.1339 0.4795, 2.1654 1.1265 0.4833, 2.1654 1.121 0.488, 2.1654 1.1203 0.4888, 2.1654 1.1156 0.4956, 2.1654 1.1821 0.4543, 2.1654 1.1485 0.4771, 2.1654 1.1424 0.4775, 2.1654 1.3079 0.505, 2.1654 1.304 0.4968, 2.1654 1.2816 0.5592, 2.1654 1.2816 0.5566, 2.1654 1.2896 0.5536, 2.1654 1.2816 0.4805, 2.1654 1.2816 0.4778, 2.1654 1.2896 0.4837, 2.1654 1.298 0.4897, 2.1654 1.298 0.5479, 2.1654 1.3009 0.5451, 2.1654 1.3058 0.5381, 2.1654 1.3088 0.5305, 2.1654 1.3101 0.5195, 2.1654 1.3098 0.5144, 2.1654 1.2677 0.5585, 2.1654 1.28 0.5572, 2.1654 1.2805 0.4801, 2.1654 1.2669 0.4785, 2.1654 1.2449 0.4785, 2.1654 1.2449 0.5585, 2.1654 1.1453 0.3521, 2.1654 1.1415 0.3508, 2.1654 1.1538 0.3514, 2.1654 1.122 0.3788, 2.1654 1.1235 0.3949, 2.1654 1.12 0.3759, 2.1654 1.1186 0.3724, 2.1654 1.1488 0.3544, 2.1654 1.13 0.3508, 2.1654 1.1262 0.3522, 2.1654 1.1143 0.3508, 2.1654 1.1196 0.3588, 2.1654 1.1184 0.3622, 2.1654 1.1235 0.4046, 2.1654 1.1256 0.4058, 2.1654 1.1535 0.4081, 2.1654 1.1791 0.4, 2.1654 1.181 0.4027, 2.1654 1.1251 0.3814, 2.1654 1.1294 0.3836, 2.1654 1.1296 0.3988, 2.1654 1.1369 0.3854, 2.1654 1.1456 0.4014, 2.1654 1.1422 0.4018, 2.1654 1.1358 0.4011, 2.1654 1.1228 0.3546, 2.1654 1.1217 0.3557, 2.1654 1.1538 0.3603, 2.1654 1.1535 0.3603, 2.1654 1.1519 0.3578, 2.1654 1.133 0.4087, 2.1654 1.1432 0.4099, 2.1654 1.1492 0.4094, 2.1654 1.1179 0.3667, 2.1654 1.1179 0.3681, 2.1654 1.1568 0.4062, 2.1654 1.1595 0.4036, 2.1654 1.1779 0.3968, 2.1654 1.1615 0.4004, 2.1654 1.1631 0.3958, 2.1654 1.1538 0.3878, 2.1654 1.1535 0.3922, 2.1654 1.1524 0.3958, 2.1654 1.1513 0.3979, 2.1654 1.182 0.3824, 2.1654 1.1774 0.3638, 2.1654 1.1821 0.3824, 2.1654 1.1813 0.3614, 2.1654 1.1821 0.3611, 2.1654 1.1803 0.3841, 2.1654 1.179 0.3862, 2.1654 1.1638 0.3882, 2.1654 1.1779 0.3893, 2.1654 1.1775 0.3932, 2.1654 1.1497 0.3995, 2.1654 1.148 0.4006, 2.1654 1.1412 0.3507, 2.1654 1.1821 0.319, 2.1654 1.1143 0.319, 2.1654 1.136 0.3501, 2.1654 1.1302 0.3508, 2.1654 1.1774 0.3534, 2.1654 1.1638 0.3514, 2.1654 1.1821 0.3517, 2.1654 1.1821 0.3508, 2.1654 1.1837 0.3511, 2.1654 1.187 0.3508, 2.1654 1.193 0.3501, 2.1654 1.2133 0.4074, 2.1654 1.2133 0.3976, 2.1654 1.1839 0.4054, 2.1654 1.187 0.4072, 2.1654 1.2156 0.363, 2.1654 1.2143 0.3598, 2.1654 1.2125 0.3571, 2.1654 1.1821 0.4037, 2.1654 1.1925 0.4092, 2.1654 1.1998 0.4099, 2.1654 1.2187 0.4543, 2.1654 1.2066 0.4093, 2.1654 1.2127 0.3764, 2.1654 1.2146 0.3737, 2.1654 1.2156 0.3707, 2.1654 1.2161 0.367, 2.1654 1.2096 0.3546, 2.1654 1.2063 0.3527, 2.1654 1.1988 0.4018, 2.1654 1.1958 0.4016, 2.1654 1.1878 0.3941, 2.1654 1.1931 0.4009, 2.1654 1.1909 0.3997, 2.1654 1.1879 0.3928, 2.1654 1.1883 0.3912, 2.1654 1.189 0.3898, 2.1654 1.19 0.3888, 2.1654 1.1936 0.3866, 2.1654 1.2054 0.401, 2.1654 1.1998 0.3839, 2.1654 1.2111 0.3989, 2.1654 1.2036 0.3823, 2.1654 1.2103 0.3786, 2.1654 1.1894 0.3983, 2.1654 1.1885 0.397, 2.1654 1.188 0.3957, 2.1654 1.1876 0.359, 2.1654 1.1927 0.3766, 2.1654 1.1867 0.3793, 2.1654 1.1939 0.3583, 2.1654 1.1944 0.3583, 2.1654 1.1993 0.3738, 2.1654 1.1995 0.3588, 2.1654 1.2058 0.366, 2.1654 1.2057 0.3673, 2.1654 1.2021 0.3598, 2.1654 1.203 0.3604, 2.1654 1.2042 0.3614, 2.1654 1.205 0.3627, 2.1654 1.2056 0.3641, 2.1654 1.2052 0.3688, 2.1654 1.2044 0.3702, 2.1654 1.2032 0.3715, 2.1654 1.2658 0.4086, 2.1654 1.2762 0.4086, 2.1654 1.2816 0.4543, 2.1654 1.2474 0.3656, 2.1654 1.2487 0.3609, 2.1654 1.2489 0.3609, 2.1654 1.2373 0.4543, 2.1654 1.2373 0.3947, 2.1654 1.2502 0.3656, 2.1654 1.2494 0.3629, 2.1654 1.2373 0.3508, 2.1654 1.2373 0.3678, 2.1654 1.2213 0.4086, 2.1654 1.2325 0.4086, 2.1654 1.2437 0.3516, 2.1654 1.2434 0.3508, 2.1654 1.2393 0.3412, 2.1654 1.2187 0.319, 2.1654 1.2233 0.3253, 2.1654 1.2233 0.3342, 2.1654 1.2355 0.3354, 2.1654 1.2373 0.3375, 2.1654 1.2373 0.3375, 2.1654 1.2254 0.3336, 2.1654 1.229 0.3331, 2.1654 1.2373 0.3263, 2.1654 1.2339 0.325, 2.1654 1.2373 0.319, 2.1654 1.2298 0.3245, 2.1654 1.2276 0.3246, 2.1654 1.2315 0.3334, 2.1654 1.2337 0.3342, 2.1654 1.2502 0.3428, 2.1654 1.2457 0.334, 2.1654 1.2816 0.319, 2.1654 1.2534 0.3508, 2.1654 1.242 0.3295, 2.1654 1.2413 0.3289, 2.1654 1.2378 0.3265, 2.1654 1.3123 0.3875, 2.1654 1.2973 0.3875, 2.1654 1.3123 0.3606, 2.1654 1.2973 0.3606, 2.1654 1.3282 0.4315, 2.1654 1.3282 0.4223, 2.1654 1.3376 0.4543, 2.1654 1.33 0.3606, 2.1654 1.3376 0.3508, 2.1654 1.33 0.3514, 2.1654 1.3123 0.3508, 2.1654 1.3259 0.3875, 2.1654 1.3259 0.3967, 2.1654 1.3123 0.3967, 2.1654 1.3123 0.4223, 2.1654 1.2973 0.4223, 2.1654 1.2973 0.3967, 2.1654 1.3123 0.3514, 2.1654 1.287 0.3514, 2.1654 1.2816 0.3508, 2.1654 1.287 0.4315, 2.1654 1.3123 0.4315, 2.1654 1.3123 0.4543, 2.1654 1.1821 0.7087, 2.1654 1.2187 0.7087, 2.1654 1.2373 0.7087, 2.1654 1.2816 0.7087, 2.1654 1.3123 0.7087, 2.1654 1.3376 0.7087, 2.1654 1.6535 0.7087, 2.1654 1.1095 0.7087, 2.1654 1.1143 0.7087, 2.1654 1.1517 0.5599, 2.1654 1.1075 0.4876, 2.1654 1.1075 0.4785, 2.1654 1.0652 0.4785, 2.1654 1.0652 0.5585, 2.1654 1.0756 0.5585, 2.1654 1.0756 0.4876, 2.1654 1.1095 0.4543, 2.1654 1.4101 0.3874, 2.1654 1.4082 0.378, 2.1654 1.4148 0.3514, 2.1654 1.4042 0.3697, 2.1654 1.3983 0.3627, 2.1654 1.4453 0.4315, 2.1654 1.4563 0.4315, 2.1654 1.4104 0.3925, 2.1654 1.409 0.4035, 2.1654 1.368 0.4315, 2.1654 1.3802 0.4302, 2.1654 1.3899 0.3566, 2.1654 1.3807 0.3531, 2.1654 1.3672 0.3514, 2.1654 1.3983 0.4209, 2.1654 1.4011 0.4181, 2.1654 1.4061 0.4111, 2.1654 1.4673 0.3733, 2.1654 1.4339 0.3733, 2.1654 1.4754 0.3514, 2.1654 1.4262 0.3514, 2.1654 1.6535 0.3508, 2.1654 1.3899 0.4266, 2.1654 1.4868 0.3514, 2.1654 1.3452 0.3514, 2.1654 1.3452 0.4315, 2.1654 1.1095 0.3508, 2.1654 1.0652 0.3514, 2.1654 1.1083 0.3514, 2.1654 1.1083 0.3606, 2.1654 1.1065 0.4223, 2.1654 1.0652 0.4315, 2.1654 1.1065 0.4315, 2.1654 1.0756 0.3875, 2.1654 1.0756 0.3606, 2.1654 1.1042 0.3875, 2.1654 1.1042 0.3967, 2.1654 1.0756 0.3967, 2.1654 1.0756 0.4223, 2.1654 1.3123 0.319, 2.1654 1.3376 0.319, 2.1654 1.6535 0.319, 2.1654 1.1095 0.319, 2.1654 1.1095 0.2362, 2.1654 1.1143 0.2362, 2.1654 1.1821 0.2362, 2.1654 1.2187 0.2362, 2.1654 1.2373 0.2362, 2.1654 1.2816 0.2362, 2.1654 1.3123 0.2362, 2.1654 1.3376 0.2362, 2.1654 1.6535 0.2362, 2.1654 0.5512 0.7087, 2.1654 0.5512 0.5592, 2.1654 0.5512 0.4778, 2.1654 0.5512 0.4543, 2.1654 0.5512 0.3508, 2.1654 0.5512 0.319, 2.1654 0.5512 0.2362, 2.1654 0.5512 0.2362
            ]
        }
        coordIndex [
            0,1,2,-1,3,4,5,-1,6,7,8,-1,9,10,11,-1,12,13,14,-1,15,16,17,-1,17,16,18,-1,19,20,17,-1,17,20,21,-1,17,21,22,-1,22,23,17,-1,17,23,24,-1,17,24,15,-1,25,26,27,-1,27,26,28,-1,28,26,29,-1,28,29,30,-1,31,32,33,-1,34,35,31,-1,31,35,36,-1,31,36,37,-1,25,27,38,-1,38,27,31,-1,38,31,39,-1,39,31,33,-1,39,33,40,-1,40,33,41,-1,40,41,42,-1,37,43,31,-1,31,43,44,-1,31,44,32,-1,45,46,47,-1,47,46,48,-1,47,48,49,-1,49,50,47,-1,47,50,51,-1,47,51,52,-1,52,51,53,-1,53,54,52,-1,52,54,55,-1,52,55,34,-1,34,55,56,-1,34,56,35,-1,57,58,59,-1,59,58,60,-1,59,60,47,-1,47,60,61,-1,47,61,45,-1,62,63,64,-1,64,63,65,-1,64,65,66,-1,65,67,66,-1,66,67,68,-1,66,68,59,-1,59,68,69,-1,59,69,57,-1,70,71,72,-1,72,71,73,-1,73,74,72,-1,72,74,75,-1,72,75,62,-1,76,77,78,-1,79,80,81,-1,82,83,84,-1,85,86,87,-1,87,86,88,-1,79,81,89,-1,82,84,90,-1,91,92,86,-1,86,92,93,-1,86,93,94,-1,78,77,84,-1,84,77,95,-1,84,95,90,-1,80,96,81,-1,81,96,97,-1,81,97,98,-1,99,100,101,-1,101,100,102,-1,101,102,103,-1,104,94,105,-1,105,94,106,-1,105,106,101,-1,101,106,107,-1,101,107,99,-1,104,108,94,-1,94,108,109,-1,94,109,86,-1,86,109,110,-1,86,110,88,-1,111,112,113,-1,113,112,114,-1,113,114,81,-1,81,114,115,-1,81,115,89,-1,116,117,81,-1,81,117,118,-1,81,118,86,-1,86,118,119,-1,86,119,91,-1,120,121,70,-1,70,121,122,-1,70,122,123,-1,123,124,70,-1,70,124,125,-1,70,125,126,-1,126,125,111,-1,126,111,127,-1,127,111,113,-1,83,128,84,-1,84,128,129,-1,84,129,70,-1,70,129,130,-1,70,130,120,-1,98,131,81,-1,81,131,132,-1,81,132,133,-1,133,134,81,-1,81,134,135,-1,81,135,116,-1,136,137,138,-1,138,94,136,-1,136,94,93,-1,136,93,139,-1,139,93,140,-1,140,141,139,-1,139,141,142,-1,139,142,143,-1,144,145,146,-1,145,147,146,-1,146,147,148,-1,146,148,149,-1,150,146,151,-1,137,136,150,-1,150,136,152,-1,150,152,146,-1,146,152,153,-1,146,153,144,-1,151,154,150,-1,150,154,155,-1,150,155,156,-1,149,148,157,-1,157,148,158,-1,157,158,159,-1,159,158,160,-1,159,160,161,-1,162,163,156,-1,156,163,164,-1,156,164,150,-1,16,165,18,-1,18,165,166,-1,18,166,78,-1,78,166,167,-1,78,167,76,-1,12,2,168,-1,168,2,1,-1,168,1,169,-1,169,1,170,-1,169,170,171,-1,172,173,174,-1,12,14,2,-1,2,14,175,-1,2,175,172,-1,174,173,176,-1,176,173,177,-1,176,177,171,-1,171,177,178,-1,171,178,169,-1,179,180,181,-1,181,180,182,-1,183,184,185,-1,185,184,186,-1,185,187,183,-1,183,187,188,-1,183,188,189,-1,189,188,190,-1,189,190,191,-1,179,181,192,-1,192,181,188,-1,192,188,193,-1,193,188,187,-1,193,187,194,-1,187,195,194,-1,194,195,196,-1,194,196,197,-1,186,184,198,-1,198,184,199,-1,198,199,200,-1,201,199,202,-1,202,199,203,-1,190,204,191,-1,191,204,200,-1,191,200,11,-1,11,200,199,-1,11,199,205,-1,205,199,201,-1,9,11,206,-1,207,208,209,-1,210,211,212,-1,212,211,213,-1,212,213,205,-1,205,213,214,-1,205,214,11,-1,11,214,215,-1,11,215,206,-1,216,217,218,-1,218,217,219,-1,218,219,220,-1,210,212,209,-1,209,212,221,-1,209,221,207,-1,208,222,209,-1,209,222,223,-1,209,223,224,-1,224,225,209,-1,209,225,226,-1,209,226,227,-1,227,228,209,-1,209,228,217,-1,209,217,229,-1,229,217,216,-1,8,230,231,-1,231,232,8,-1,8,232,233,-1,8,233,6,-1,234,235,236,-1,236,235,237,-1,237,238,239,-1,239,238,240,-1,239,240,8,-1,8,240,241,-1,8,241,230,-1,242,243,244,-1,244,243,245,-1,244,245,246,-1,246,247,244,-1,244,247,248,-1,244,248,249,-1,250,251,242,-1,242,251,252,-1,242,252,243,-1,253,254,174,-1,255,256,176,-1,176,256,257,-1,258,259,260,-1,260,259,174,-1,260,174,261,-1,261,174,254,-1,257,262,176,-1,176,262,263,-1,176,263,264,-1,264,265,176,-1,176,265,266,-1,176,266,174,-1,174,266,267,-1,174,267,253,-1,183,268,255,-1,255,268,269,-1,255,269,256,-1,258,270,259,-1,259,270,271,-1,259,271,189,-1,189,271,272,-1,189,272,183,-1,183,272,273,-1,183,273,268,-1,274,275,276,-1,277,278,279,-1,279,278,280,-1,274,276,281,-1,282,283,284,-1,284,285,286,-1,242,287,288,-1,289,290,291,-1,277,292,278,-1,278,292,293,-1,278,293,294,-1,294,293,295,-1,296,297,295,-1,295,297,298,-1,295,298,294,-1,283,299,284,-1,284,299,300,-1,284,300,285,-1,301,302,276,-1,276,302,303,-1,276,303,281,-1,288,304,242,-1,242,304,305,-1,242,305,306,-1,286,307,284,-1,284,307,308,-1,284,308,242,-1,242,308,280,-1,242,280,287,-1,287,280,278,-1,289,309,290,-1,290,309,310,-1,290,310,311,-1,311,310,312,-1,311,312,313,-1,314,315,295,-1,295,315,316,-1,295,316,317,-1,318,319,320,-1,320,319,321,-1,320,321,322,-1,323,324,325,-1,325,324,326,-1,325,326,313,-1,313,326,327,-1,313,327,311,-1,317,328,295,-1,295,328,329,-1,295,329,296,-1,275,330,331,-1,331,330,332,-1,332,330,333,-1,332,333,334,-1,318,323,319,-1,319,323,325,-1,319,325,335,-1,335,325,336,-1,335,336,337,-1,337,336,338,-1,337,338,339,-1,339,338,340,-1,341,340,331,-1,331,340,338,-1,331,338,275,-1,275,338,336,-1,275,336,276,-1,342,343,5,-1,344,345,250,-1,346,347,5,-1,5,347,348,-1,306,289,242,-1,242,289,291,-1,242,291,250,-1,250,291,349,-1,250,349,344,-1,345,350,250,-1,250,350,351,-1,250,351,352,-1,352,351,353,-1,352,353,342,-1,354,355,343,-1,343,355,356,-1,343,356,5,-1,5,356,357,-1,5,357,346,-1,348,358,5,-1,5,358,359,-1,5,359,3,-1,360,361,362,-1,362,361,363,-1,362,363,364,-1,362,365,360,-1,360,365,366,-1,360,366,367,-1,367,368,360,-1,360,368,369,-1,360,369,370,-1,370,369,371,-1,370,371,372,-1,372,371,373,-1,372,373,343,-1,343,373,374,-1,343,374,354,-1,375,376,364,-1,364,376,377,-1,364,377,362,-1,378,379,322,-1,322,379,380,-1,322,380,320,-1,378,381,379,-1,379,381,382,-1,379,382,383,-1,383,382,384,-1,383,385,386,-1,384,387,383,-1,383,387,388,-1,383,388,389,-1,389,390,383,-1,383,390,391,-1,383,391,385,-1,386,392,383,-1,383,392,393,-1,383,393,394,-1,395,396,397,-1,398,399,400,-1,397,401,395,-1,395,401,402,-1,395,402,403,-1,403,402,398,-1,403,398,404,-1,404,398,400,-1,405,406,5,-1,5,406,407,-1,342,5,352,-1,352,5,407,-1,352,407,401,-1,401,407,408,-1,401,408,402,-1,409,406,410,-1,410,406,405,-1,410,405,411,-1,412,413,414,-1,415,416,405,-1,405,416,417,-1,405,417,411,-1,341,331,4,-1,4,331,412,-1,4,412,5,-1,5,412,414,-1,5,414,405,-1,405,414,418,-1,405,418,419,-1,420,421,422,-1,422,421,423,-1,422,423,412,-1,412,423,424,-1,412,424,413,-1,419,425,405,-1,405,425,426,-1,405,426,415,-1,427,428,429,-1,427,429,430,-1,428,431,429,-1,429,431,432,-1,429,432,422,-1,422,432,433,-1,422,433,420,-1,434,435,436,-1,436,435,437,-1,438,439,440,-1,440,439,441,-1,440,441,442,-1,442,441,443,-1,442,443,444,-1,434,436,445,-1,445,436,441,-1,445,441,446,-1,446,441,439,-1,446,439,447,-1,439,448,447,-1,447,448,449,-1,447,449,450,-1,443,451,444,-1,444,451,452,-1,444,452,453,-1,453,452,454,-1,438,440,455,-1,455,440,456,-1,455,456,454,-1,454,456,397,-1,454,397,453,-1,453,397,396,-1,453,396,430,-1,203,199,457,-1,457,199,184,-1,457,184,458,-1,458,184,183,-1,458,183,459,-1,459,183,255,-1,459,255,460,-1,460,255,176,-1,460,176,461,-1,461,176,171,-1,461,171,462,-1,462,171,170,-1,462,170,463,-1,28,239,464,-1,464,239,8,-1,464,8,465,-1,465,8,7,-1,465,7,457,-1,457,7,466,-1,457,466,203,-1,237,239,236,-1,236,239,467,-1,236,467,468,-1,18,469,17,-1,17,469,470,-1,17,470,471,-1,472,467,471,-1,471,467,239,-1,471,239,17,-1,17,239,28,-1,17,28,19,-1,19,28,30,-1,440,174,456,-1,456,174,259,-1,456,259,397,-1,397,259,189,-1,397,189,401,-1,401,189,191,-1,401,191,352,-1,352,191,11,-1,352,11,250,-1,250,11,10,-1,250,10,251,-1,468,469,236,-1,236,469,18,-1,236,18,473,-1,473,18,78,-1,474,475,476,-1,476,475,477,-1,476,477,478,-1,440,479,480,-1,474,476,481,-1,481,476,479,-1,481,479,482,-1,483,484,440,-1,478,485,476,-1,476,485,486,-1,476,486,487,-1,488,489,479,-1,479,489,490,-1,479,490,482,-1,491,492,493,-1,493,492,494,-1,493,494,495,-1,440,484,479,-1,479,484,496,-1,479,496,488,-1,172,174,2,-1,2,174,440,-1,2,440,0,-1,0,440,480,-1,0,480,495,-1,495,480,497,-1,495,497,493,-1,494,476,495,-1,495,476,487,-1,495,487,442,-1,442,487,498,-1,442,498,440,-1,440,498,499,-1,440,499,483,-1,249,234,244,-1,244,234,236,-1,244,236,242,-1,242,236,473,-1,242,473,284,-1,284,473,500,-1,84,500,501,-1,501,500,502,-1,502,500,503,-1,503,500,473,-1,503,473,504,-1,84,501,78,-1,78,501,505,-1,78,505,473,-1,473,505,506,-1,473,506,504,-1,507,508,509,-1,509,508,503,-1,509,503,510,-1,510,503,504,-1,510,504,511,-1,511,504,512,-1,430,429,453,-1,453,429,513,-1,453,513,444,-1,444,513,514,-1,444,514,442,-1,442,514,515,-1,442,515,495,-1,70,72,84,-1,84,72,516,-1,84,516,500,-1,500,516,332,-1,500,332,284,-1,284,332,334,-1,284,334,282,-1,62,64,72,-1,72,64,517,-1,72,517,516,-1,516,517,518,-1,516,518,332,-1,332,518,519,-1,332,519,331,-1,331,519,520,-1,331,520,412,-1,412,520,521,-1,412,521,422,-1,422,521,522,-1,422,522,429,-1,429,522,523,-1,429,523,513,-1,513,523,524,-1,513,524,514,-1,514,524,525,-1,514,525,515,-1,27,526,31,-1,31,526,527,-1,31,527,34,-1,34,527,528,-1,34,528,52,-1,52,528,529,-1,52,529,47,-1,47,529,530,-1,47,530,59,-1,59,530,531,-1,59,531,66,-1,66,531,532,-1,
        ]
    }
}
Shape{
    appearance Appearance {
        material  Material 	{
            diffuseColor 0.7529411764705882 0.7529411764705882 0.7529411764705882
            specularColor 0.3764705882352941 0.3764705882352941 0.3764705882352941
            ambientIntensity 0.2
            transparency 0
            shininess 0.5
        }
    }
    geometry IndexedFaceSet {
        ccw TRUE
        solid FALSE
        coord DEF co Coordinate {
            point [
                2.2441 1.5748 0.0197, 2.2441 1.5748 -0.0787, 2.1693 1.6496 0.0197, 2.1693 1.6496 -0.0787, -2.2441 1.5748 -0.0787, -2.2441 1.5748 0.0197, -2.1693 1.6496 -0.0787, -2.1693 1.6496 0.0197, -1.8386 1.6496 -0.0787, -2.2441 0.8661 -0.0787, -2.1654 0.7874 -0.0787, -1.8386 0.7874 -0.0787, -1.7954 1.6496 -0.0734, -1.7954 0.7874 -0.0734, -1.7548 1.6496 -0.0577, -1.7548 0.7874 -0.0577, -1.7193 1.6496 -0.0326, -1.7193 0.7874 -0.0326, -1.691 1.6496 0.0004, -1.691 0.7874 0.0004, -1.6715 1.6496 0.0394, -1.6715 0.7874 0.0394, -1.7865 0.7874 0.0394, -1.7865 1.6496 0.0394, -1.8021 0.7874 0.0286, -1.8021 1.6496 0.0286, -1.8198 0.7874 0.022, -1.8198 1.6496 0.022, -1.8386 0.7874 0.0197, -1.8386 1.6496 0.0197, -2.2441 0.8661 0.0197, -2.1654 0.7874 0.0197, 1.6715 0.7874 0.0394, 1.6715 1.6496 0.0394, 1.691 1.6496 0.0004, 1.691 0.7874 0.0004, 1.7193 1.6496 -0.0326, 1.7193 0.7874 -0.0326, 1.7548 1.6496 -0.0577, 1.7548 0.7874 -0.0577, 1.7954 1.6496 -0.0734, 1.7954 0.7874 -0.0734, 1.8386 1.6496 -0.0787, 1.8386 0.7874 -0.0787, 2.2441 0.8661 -0.0787, 2.1654 0.7874 -0.0787, 1.8386 1.6496 0.0197, 1.8386 0.7874 0.0197, 2.1654 0.7874 0.0197, 2.2441 0.8661 0.0197, 1.8198 0.7874 0.022, 1.8198 1.6496 0.022, 1.8021 0.7874 0.0286, 1.8021 1.6496 0.0286, 1.7865 0.7874 0.0394, 1.7865 1.6496 0.0394, 1.7865 1.6496 0.0394
            ]
        }
        coordIndex [
            0,1,2,-1,2,1,3,-1,4,5,6,-1,6,5,7,-1,4,6,8,-1,9,4,10,-1,10,4,8,-1,10,8,11,-1,11,8,12,-1,11,12,13,-1,13,12,14,-1,13,14,15,-1,15,14,16,-1,15,16,17,-1,17,16,18,-1,17,18,19,-1,19,18,20,-1,19,20,21,-1,22,23,24,-1,24,23,25,-1,24,25,26,-1,26,25,27,-1,26,27,28,-1,28,27,29,-1,29,7,5,-1,5,30,29,-1,29,30,31,-1,29,31,28,-1,32,33,34,-1,32,34,35,-1,35,34,36,-1,35,36,37,-1,37,36,38,-1,37,38,39,-1,39,38,40,-1,39,40,41,-1,41,40,42,-1,41,42,43,-1,43,42,3,-1,1,44,3,-1,3,44,45,-1,3,45,43,-1,46,47,48,-1,48,49,46,-1,46,49,0,-1,46,0,2,-1,47,46,50,-1,50,46,51,-1,50,51,52,-1,52,51,53,-1,52,53,54,-1,54,53,55,-1,
        ]
    }
}
Shape{
    appearance Appearance {
        material  Material 	{
            diffuseColor 1.0 1.0 1.0
            specularColor 0.5019607843137255 0.5019607843137255 0.5019607843137255
            ambientIntensity 0.2
            transparency 0
            shininess 0.5
        }
    }
    geometry IndexedFaceSet {
        ccw TRUE
        solid FALSE
        coord DEF co Coordinate {
            point [
                -0.5551 1.5551 0.6004, -0.9213 1.5551 0.6004, -0.5551 1.5551 0.3051, -0.9213 1.5551 0.3051, -1.0472 1.5551 0.6004, -1.3439 1.5551 0.7972, -1.0472 1.5551 0.3051, -1.3501 1.5551 0.7891, -1.3583 1.5551 0.7828, -1.3501 1.5551 0.4707, -1.3439 1.5551 0.4626, -1.3399 1.5551 0.4531, -1.3386 1.5551 0.4429, -1.3386 1.5551 0.1575, -0.2461 1.5551 0.1575, -1.3386 1.5551 0.8514, -1.3386 1.5551 0.8169, -1.3399 1.5551 0.8067, -0.2461 1.5551 0.8514, -0.4291 1.5551 0.6004, -0.4291 1.5551 0.3051, -1.4567 1.5551 0.7972, -1.4567 1.5551 0.4626, -1.3881 1.5551 0.7789, -1.3881 1.5551 0.4809, -1.3779 1.5551 0.7776, -1.3779 1.5551 0.4823, -1.3678 1.5551 0.7789, -1.3678 1.5551 0.4809, -1.3583 1.5551 0.477, -1.3386 1.5551 1.1024, -0.2461 1.5551 1.1024, 1.3386 1.5551 1.1024, 1.3386 1.5551 0.8514, 0.5551 1.5551 0.6004, 0.9213 1.5551 0.3051, 0.9213 1.5551 0.6004, 0.063 1.5551 0.3051, 0.4291 1.5551 0.3051, 0.063 1.5551 0.6004, 0.4291 1.5551 0.6004, 0.5551 1.5551 0.3051, 1.3386 1.5551 0.1575, 1.0472 1.5551 0.3051, 1.3583 1.5551 0.7828, 1.3501 1.5551 0.7891, 1.0472 1.5551 0.6004, 1.3439 1.5551 0.7972, 1.3399 1.5551 0.8067, -0.063 1.5551 0.3051, -0.063 1.5551 0.6004, 1.3386 1.5551 0.4429, 1.3399 1.5551 0.4531, 1.3439 1.5551 0.4626, 1.3501 1.5551 0.4707, 1.3583 1.5551 0.477, 1.3678 1.5551 0.4809, 1.3386 1.5551 0.8169, 1.4567 1.5551 0.4626, 1.4567 1.5551 0.7972, 1.3881 1.5551 0.4809, 1.3881 1.5551 0.7789, 1.3779 1.5551 0.4823, 1.3779 1.5551 0.7776, 1.3678 1.5551 0.7789, -0.9213 2.0472 0.4626, -1.0472 2.0472 0.4626, -1.5748 2.0472 0.8612, -1.5748 2.0472 0.0, -1.4961 2.0472 0.0, -1.2992 2.0472 0.0, -1.4961 2.0472 -0.0787, -1.2992 2.0472 -0.0787, -1.0472 2.0472 0.2362, -0.9213 2.0472 0.2362, -0.5551 2.0472 0.2362, -0.4291 2.0472 0.2362, -0.2461 2.0472 0.0, -0.2461 2.0472 0.8612, -0.4291 2.0472 0.4626, -0.5551 2.0472 0.4626, 0.063 2.0472 0.4626, -0.063 2.0472 0.4626, 1.5748 2.0472 0.8612, 1.5748 2.0472 0.0, 1.4961 2.0472 0.0, 1.4961 2.0472 -0.0787, 1.2992 2.0472 -0.0787, 1.2992 2.0472 0.0, 0.5551 2.0472 0.4626, 0.4291 2.0472 0.4626, -0.063 2.0472 0.2362, 0.063 2.0472 0.2362, 0.5551 2.0472 0.2362, 0.9213 2.0472 0.4626, 1.0472 2.0472 0.4626, 1.0472 2.0472 0.2362, 0.9213 2.0472 0.2362, -1.5748 2.0472 1.2598, -0.2461 2.0472 1.2598, 1.5748 2.0472 1.2598, 0.4291 2.0472 0.2362, 0.4291 2.0472 0.2362
            ]
        }
        coordIndex [
            0,1,2,-1,2,1,3,-1,4,5,6,-1,6,5,7,-1,6,7,8,-1,8,9,6,-1,6,9,10,-1,6,10,11,-1,11,12,6,-1,6,12,13,-1,6,13,3,-1,3,13,14,-1,3,14,2,-1,15,16,4,-1,4,16,17,-1,4,17,5,-1,4,1,15,-1,15,1,0,-1,15,0,18,-1,18,0,19,-1,18,19,14,-1,14,19,20,-1,14,20,2,-1,21,22,23,-1,23,22,24,-1,23,24,25,-1,25,24,26,-1,25,26,27,-1,27,26,28,-1,27,28,8,-1,8,28,29,-1,8,29,9,-1,30,15,31,-1,31,15,18,-1,31,18,32,-1,32,18,33,-1,34,35,36,-1,37,38,39,-1,39,38,40,-1,39,40,18,-1,34,41,35,-1,35,41,42,-1,35,42,43,-1,44,45,46,-1,46,45,47,-1,46,47,48,-1,41,38,42,-1,42,38,37,-1,42,37,14,-1,14,37,49,-1,14,49,18,-1,18,49,50,-1,18,50,39,-1,43,42,46,-1,46,42,51,-1,46,51,52,-1,52,53,46,-1,46,53,54,-1,46,54,44,-1,44,54,55,-1,44,55,56,-1,40,34,18,-1,18,34,36,-1,18,36,33,-1,33,36,46,-1,33,46,57,-1,57,46,48,-1,58,59,60,-1,60,59,61,-1,60,61,62,-1,62,61,63,-1,62,63,56,-1,56,63,64,-1,56,64,44,-1,65,66,67,-1,68,67,69,-1,69,67,70,-1,69,70,71,-1,71,70,72,-1,67,66,70,-1,70,66,73,-1,70,73,74,-1,75,76,77,-1,77,76,78,-1,78,76,79,-1,78,79,80,-1,81,82,78,-1,83,84,85,-1,86,87,85,-1,85,87,88,-1,83,89,90,-1,78,82,77,-1,77,82,91,-1,77,91,92,-1,93,89,94,-1,94,89,83,-1,94,83,95,-1,95,83,85,-1,95,85,96,-1,96,85,88,-1,96,88,97,-1,97,88,77,-1,98,99,67,-1,67,99,78,-1,67,78,65,-1,65,78,80,-1,65,80,74,-1,74,80,75,-1,74,75,70,-1,70,75,77,-1,99,100,78,-1,78,100,83,-1,78,83,81,-1,81,83,90,-1,81,90,92,-1,92,90,101,-1,92,101,77,-1,77,101,93,-1,77,93,97,-1,97,93,94,-1,
        ]
    }
}
Shape{
    appearance Appearance {
        material  Material 	{
            diffuseColor 0.7529411764705882 0.7529411764705882 0.7529411764705882
            specularColor 0.3764705882352941 0.3764705882352941 0.3764705882352941
            ambientIntensity 0.2
            transparency 0
            shininess 0.5
        }
    }
    geometry IndexedFaceSet {
        ccw TRUE
        solid FALSE
        coord DEF co Coordinate {
            point [
                2.1654 0.7874 -0.0787, 2.2441 0.8661 -0.0787, 2.1654 0.7874 0.0197, 2.2441 0.8661 0.0197, -2.1654 0.7874 0.0197, -2.2441 0.8661 0.0197, -2.1654 0.7874 -0.0787, -2.2441 0.8661 -0.0787, -2.2441 0.8661 -0.0787
            ]
        }
        coordIndex [
            0,1,2,-1,2,1,3,-1,4,5,6,-1,6,5,7,-1,
        ]
    }
}
Shape{
    appearance Appearance {
        material  Material 	{
            diffuseColor 1.0 1.0 1.0
            specularColor 0.5019607843137255 0.5019607843137255 0.5019607843137255
            ambientIntensity 0.2
            transparency 0
            shininess 0.5
        }
    }
    geometry IndexedFaceSet {
        ccw TRUE
        solid FALSE
        coord DEF co Coordinate {
            point [
                -1.691 0.7874 0.0004, -1.6715 0.7874 0.0394, -1.7865 0.7874 0.0394, -2.1654 0.7874 0.0197, -2.1654 0.7874 -0.0787, -1.8386 0.7874 0.0197, -1.8386 0.7874 -0.0787, -1.8198 0.7874 0.022, -1.7954 0.7874 -0.0734, -1.8021 0.7874 0.0286, -1.7548 0.7874 -0.0577, -1.7193 0.7874 -0.0326, -1.7193 0.7874 -0.0326
            ]
        }
        coordIndex [
            0,1,2,-1,3,4,5,-1,5,4,6,-1,5,6,7,-1,7,6,8,-1,7,8,9,-1,9,8,10,-1,9,10,2,-1,2,10,11,-1,2,11,0,-1,
        ]
    }
}
Shape{
    appearance Appearance {
        material  Material 	{
            diffuseColor 0.7529411764705882 0.7529411764705882 0.7529411764705882
            specularColor 0.3764705882352941 0.3764705882352941 0.3764705882352941
            ambientIntensity 0.2
            transparency 0
            shininess 0.5
        }
    }
    geometry IndexedFaceSet {
        ccw TRUE
        solid FALSE
        coord DEF co Coordinate {
            point [
                -2.2441 0.8661 0.0197, -2.2441 1.5748 0.0197, -2.2441 0.8661 -0.0787, -2.2441 1.5748 -0.0787, 2.1654 0.7874 -0.0787, 2.1654 0.7874 0.0197, 1.8386 0.7874 -0.0787, 1.8386 0.7874 0.0197, 1.7954 0.7874 -0.0734, 1.8198 0.7874 0.022, 1.7548 0.7874 -0.0577, 1.8021 0.7874 0.0286, 1.7193 0.7874 -0.0326, 1.7865 0.7874 0.0394, 1.691 0.7874 0.0004, 1.6715 0.7874 0.0394, 2.2441 0.8661 -0.0787, 2.2441 1.5748 -0.0787, 2.2441 0.8661 0.0197, 2.2441 1.5748 0.0197, 2.2441 1.5748 0.0197
            ]
        }
        coordIndex [
            0,1,2,-1,2,1,3,-1,4,5,6,-1,6,5,7,-1,6,7,8,-1,8,7,9,-1,8,9,10,-1,10,9,11,-1,10,11,12,-1,12,11,13,-1,12,13,14,-1,14,13,15,-1,16,17,18,-1,18,17,19,-1,
        ]
    }
}
Shape{
    appearance Appearance {
        material  Material 	{
            diffuseColor 1.0 1.0 1.0
            specularColor 0.5019607843137255 0.5019607843137255 0.5019607843137255
            ambientIntensity 0.2
            transparency 0
            shininess 0.5
        }
    }
    geometry IndexedFaceSet {
        ccw TRUE
        solid FALSE
        coord DEF co Coordinate {
            point [
                0.5217 1.4173 0.1575, 0.5217 1.4173 0.0, 0.9547 1.4173 0.1575, 0.9547 1.4173 0.0, 0.9547 0.9646 0.1575, 0.9547 0.9646 -0.0, 0.5217 0.9646 0.1575, 0.5217 0.9646 -0.0, 0.6791 0.9646 0.1575, 0.6791 0.9646 -0.0, 0.6791 0.3937 0.0787, 0.6791 0.3937 -0.0, 0.6791 0.4724 0.1575, 0.7972 0.9646 0.1575, 0.7972 0.9646 -0.0, 0.7972 0.4724 0.1575, 0.7972 0.3937 -0.0, 0.7972 0.3937 0.0787, -0.5217 1.4173 0.1575, -0.9547 1.4173 0.1575, -0.5217 1.4173 0.0, -0.9547 1.4173 0.0, -0.5217 0.9646 0.1575, -0.5217 0.9646 -0.0, -0.6791 0.9646 0.1575, -0.6791 0.9646 -0.0, -0.6791 0.4724 0.1575, -0.6791 0.3937 0.0787, -0.6791 0.3937 -0.0, -0.7972 0.9646 0.1575, -0.7972 0.4724 0.1575, -0.7972 0.9646 -0.0, -0.7972 0.3937 0.0787, -0.7972 0.3937 -0.0, -0.9547 0.9646 0.1575, -0.9547 0.9646 -0.0, 1.2008 0.7874 1.1811, 1.2008 0.8661 1.1024, 1.3386 0.7874 1.1811, 1.3386 0.8661 1.1024, -1.2008 1.0236 1.1811, -1.2008 1.1024 1.1024, 1.2008 1.0236 1.1811, 1.2008 1.1024 1.1024, -1.3386 0.7874 1.1811, -1.3386 0.8661 1.1024, -1.2008 0.7874 1.1811, -1.2008 0.8661 1.1024, 1.3881 0.4394 0.7789, 1.3467 0.467 0.793, 1.3501 0.4648 0.7891, 1.3399 0.4715 0.8067, 1.3416 0.4704 0.8019, 1.3439 0.4689 0.7972, 1.3583 0.4593 0.7828, 1.3678 0.453 0.7789, 1.3779 0.4462 0.7776, 1.4567 0.3937 1.1024, 1.3386 0.4724 1.1024, 1.4567 0.3937 0.7972, 1.3386 0.4724 0.8169, 1.3389 0.4722 0.8118, -1.3881 0.4394 0.4809, -1.3467 0.467 0.4669, -1.3501 0.4648 0.4707, -1.3399 0.4715 0.4531, -1.3416 0.4704 0.458, -1.3439 0.4689 0.4626, -1.3583 0.4593 0.477, -1.3678 0.453 0.4809, -1.3779 0.4462 0.4823, -1.4567 0.3937 0.0787, -1.3386 0.4724 0.1575, -1.4567 0.3937 0.4626, -1.3386 0.4724 0.4429, -1.3389 0.4722 0.4481, 1.3386 0.4724 0.4429, 1.3386 0.4724 0.1575, 1.4567 0.3937 0.0787, 1.3501 0.4648 0.4707, 1.3467 0.467 0.4669, 1.3881 0.4394 0.4809, 1.3779 0.4462 0.4823, 1.3678 0.453 0.4809, 1.3583 0.4593 0.477, 1.3439 0.4689 0.4626, 1.3416 0.4704 0.458, 1.3399 0.4715 0.4531, 1.4567 0.3937 0.4626, 1.3389 0.4722 0.4481, -1.3386 0.4724 0.8169, -1.3386 0.4724 1.1024, -1.4567 0.3937 1.1024, -1.3501 0.4648 0.7891, -1.3467 0.467 0.793, -1.3881 0.4394 0.7789, -1.3779 0.4462 0.7776, -1.3678 0.453 0.7789, -1.3583 0.4593 0.7828, -1.3439 0.4689 0.7972, -1.3416 0.4704 0.8019, -1.3399 0.4715 0.8067, -1.4567 0.3937 0.7972, -1.3389 0.4722 0.8118, -1.7717 1.6535 0.7874, -1.5748 1.6535 0.9843, -1.5748 1.6535 0.0394, -2.0866 1.6535 0.7874, -2.1654 1.6535 0.7087, -2.1654 1.6535 0.2362, -1.9685 1.6535 0.0394, -1.5748 0.5512 0.0394, -1.5748 0.5512 0.9843, -1.7717 0.5512 0.7874, -2.1654 0.5512 0.2362, -1.9685 0.5512 0.0394, -2.1654 0.5512 0.7087, -2.0866 0.5512 0.7874, -1.7865 1.6496 0.0394, -1.7865 0.7874 0.0394, -1.6715 0.7874 0.0394, -1.6715 1.6496 0.0394, 1.5748 1.6535 0.0394, 1.5748 1.6535 0.9843, 1.7717 1.6535 0.7874, 2.1654 1.6535 0.2362, 1.9685 1.6535 0.0394, 2.1654 1.6535 0.7087, 2.0866 1.6535 0.7874, 1.7717 0.5512 0.7874, 1.5748 0.5512 0.9843, 1.5748 0.5512 0.0394, 2.0866 0.5512 0.7874, 2.1654 0.5512 0.7087, 2.1654 0.5512 0.2362, 1.9685 0.5512 0.0394, 1.7865 1.6496 0.0394, 1.7865 0.7874 0.0394, 1.6715 0.7874 0.0394, 1.6715 1.6496 0.0394, 1.3386 0.7874 1.1024, 1.5748 0.7874 1.1024, 1.5748 0.3937 1.1024, -1.2008 0.7874 1.2598, -1.5748 0.7874 1.2598, -1.3386 0.7874 1.1024, -1.5748 0.7874 1.1024, -1.2008 1.0236 1.2598, 1.2008 1.0236 1.2598, 1.2008 0.7874 1.2598, 1.5748 0.7874 1.2598, -1.5748 0.3937 1.1024, -1.4567 1.5551 0.7972, -1.3881 1.5551 0.7789, -1.3779 1.5551 0.7776, -1.3678 1.5551 0.7789, -1.3583 1.5551 0.7828, -1.3501 1.5551 0.7891, -1.3439 1.5551 0.7972, -1.3399 1.5551 0.8067, -1.3386 1.5551 0.8169, -1.3386 1.5551 1.1024, 1.3386 1.5551 1.1024, 1.3386 1.5551 0.8169, 1.3399 1.5551 0.8067, 1.3439 1.5551 0.7972, 1.3501 1.5551 0.7891, 1.3583 1.5551 0.7828, 1.3678 1.5551 0.7789, 1.3779 1.5551 0.7776, 1.3881 1.5551 0.7789, 1.4567 1.5551 0.7972, 1.4567 1.5551 0.4626, 1.3881 1.5551 0.4809, 1.3779 1.5551 0.4823, 1.3678 1.5551 0.4809, 1.3583 1.5551 0.477, 1.3501 1.5551 0.4707, 1.3439 1.5551 0.4626, 1.3399 1.5551 0.4531, 1.3386 1.5551 0.4429, 1.3386 1.5551 0.1575, -1.3386 1.5551 0.1575, -1.3386 1.5551 0.4429, -1.3399 1.5551 0.4531, -1.3439 1.5551 0.4626, -1.3501 1.5551 0.4707, -1.3583 1.5551 0.477, -1.3678 1.5551 0.4809, -1.3779 1.5551 0.4823, -1.3881 1.5551 0.4809, -1.4567 1.5551 0.4626, 1.4961 2.0472 -0.0787, 1.4961 1.6535 -0.0787, 1.2992 2.0472 -0.0787, 1.2992 1.6535 -0.0787, 1.2992 1.6535 -0.0, 1.4961 1.6535 0.0, 1.4961 2.0472 0.0, 1.2992 2.0472 0.0, 1.4961 0.7874 -0.0787, 1.4961 0.3937 -0.0787, 1.2992 0.7874 -0.0787, 1.2992 0.3937 -0.0787, 1.4961 0.3937 -0.0, 1.4961 0.7874 -0.0, 1.2992 0.7874 -0.0, 1.2992 0.3937 -0.0, -1.2992 2.0472 -0.0787, -1.2992 1.6535 -0.0787, -1.4961 2.0472 -0.0787, -1.4961 1.6535 -0.0787, -1.4961 1.6535 -0.0, -1.2992 1.6535 0.0, -1.2992 2.0472 0.0, -1.4961 2.0472 0.0, -1.2992 0.7874 -0.0787, -1.2992 0.3937 -0.0787, -1.4961 0.7874 -0.0787, -1.4961 0.3937 -0.0787, -1.2992 0.3937 -0.0, -1.2992 0.7874 -0.0, -1.4961 0.7874 -0.0, -1.4961 0.3937 -0.0, 1.5748 2.0472 1.2598, 1.5748 0.3937 -0.0, 1.5748 2.0472 0.0, -1.5748 2.0472 1.2598, -1.5748 0.3937 -0.0, -1.5748 2.0472 0.0, -1.5748 2.0472 0.0
            ]
        }
        coordIndex [
            0,1,2,-1,2,1,3,-1,2,3,4,-1,4,3,5,-1,6,7,0,-1,0,7,1,-1,8,9,6,-1,6,9,7,-1,10,11,12,-1,12,11,9,-1,12,9,8,-1,13,14,15,-1,15,14,16,-1,15,16,17,-1,4,5,13,-1,13,5,14,-1,18,19,20,-1,20,19,21,-1,22,18,23,-1,23,18,20,-1,24,22,25,-1,25,22,23,-1,26,24,27,-1,27,24,25,-1,27,25,28,-1,29,30,31,-1,31,30,32,-1,31,32,33,-1,34,29,35,-1,35,29,31,-1,19,34,21,-1,21,34,35,-1,36,37,38,-1,38,37,39,-1,40,41,42,-1,42,41,43,-1,44,45,46,-1,46,45,47,-1,48,49,50,-1,51,52,48,-1,48,52,53,-1,48,53,49,-1,54,55,50,-1,50,55,56,-1,50,56,48,-1,57,58,59,-1,59,58,60,-1,59,60,48,-1,48,60,61,-1,48,61,51,-1,62,63,64,-1,65,66,62,-1,62,66,67,-1,62,67,63,-1,68,69,64,-1,64,69,70,-1,64,70,62,-1,71,72,73,-1,73,72,74,-1,73,74,62,-1,62,74,75,-1,62,75,65,-1,76,77,78,-1,79,80,81,-1,81,82,79,-1,79,82,83,-1,79,83,84,-1,80,85,81,-1,81,85,86,-1,81,86,87,-1,78,88,76,-1,76,88,81,-1,76,81,89,-1,89,81,87,-1,90,91,92,-1,93,94,95,-1,95,96,93,-1,93,96,97,-1,93,97,98,-1,94,99,95,-1,95,99,100,-1,95,100,101,-1,92,102,90,-1,90,102,95,-1,90,95,103,-1,103,95,101,-1,104,105,106,-1,107,104,108,-1,108,104,106,-1,108,106,109,-1,109,106,110,-1,111,112,113,-1,114,115,116,-1,116,115,111,-1,116,111,117,-1,117,111,113,-1,115,114,110,-1,110,114,109,-1,118,110,106,-1,110,118,115,-1,115,118,119,-1,115,119,111,-1,111,119,120,-1,111,120,106,-1,106,120,121,-1,106,121,118,-1,113,112,104,-1,104,112,105,-1,117,113,107,-1,107,113,104,-1,116,117,108,-1,108,117,107,-1,114,116,109,-1,109,116,108,-1,122,123,124,-1,125,126,127,-1,127,126,122,-1,127,122,128,-1,128,122,124,-1,129,130,131,-1,132,129,133,-1,133,129,131,-1,133,131,134,-1,134,131,135,-1,136,126,137,-1,137,126,135,-1,137,135,138,-1,138,135,131,-1,138,131,139,-1,139,131,122,-1,139,122,136,-1,136,122,126,-1,134,135,125,-1,125,135,126,-1,132,133,128,-1,128,133,127,-1,129,132,124,-1,124,132,128,-1,130,129,123,-1,123,129,124,-1,140,58,141,-1,141,58,57,-1,141,57,142,-1,46,143,44,-1,44,143,144,-1,44,144,145,-1,145,144,146,-1,47,41,40,-1,47,40,46,-1,46,40,147,-1,46,147,143,-1,42,148,40,-1,40,148,147,-1,149,148,36,-1,36,148,42,-1,36,42,37,-1,37,42,43,-1,140,141,38,-1,38,141,150,-1,38,150,36,-1,36,150,149,-1,91,145,92,-1,92,145,146,-1,92,146,151,-1,102,152,95,-1,95,152,153,-1,95,153,154,-1,95,154,96,-1,96,154,155,-1,96,155,97,-1,97,155,156,-1,97,156,98,-1,98,156,157,-1,98,157,93,-1,158,99,157,-1,157,99,94,-1,157,94,93,-1,159,160,90,-1,90,103,159,-1,159,103,101,-1,159,101,158,-1,158,101,100,-1,158,100,99,-1,45,44,145,-1,91,90,145,-1,145,90,160,-1,145,160,45,-1,45,160,161,-1,39,37,43,-1,47,45,41,-1,41,45,161,-1,41,161,43,-1,43,161,162,-1,43,162,39,-1,39,162,163,-1,38,39,140,-1,140,39,163,-1,140,163,58,-1,58,163,60,-1,164,51,163,-1,163,51,61,-1,163,61,60,-1,50,49,165,-1,165,49,53,-1,165,53,164,-1,164,53,52,-1,164,52,51,-1,165,166,50,-1,50,166,167,-1,50,167,54,-1,54,167,168,-1,54,168,55,-1,55,168,169,-1,55,169,56,-1,56,169,170,-1,56,170,48,-1,48,170,59,-1,59,170,171,-1,171,172,59,-1,59,172,88,-1,88,172,81,-1,81,172,173,-1,81,173,174,-1,81,174,82,-1,82,174,175,-1,82,175,83,-1,83,175,176,-1,83,176,84,-1,84,176,177,-1,84,177,79,-1,178,85,177,-1,177,85,80,-1,177,80,79,-1,179,180,76,-1,76,89,179,-1,179,89,87,-1,179,87,178,-1,178,87,86,-1,178,86,85,-1,76,180,77,-1,77,180,181,-1,72,182,74,-1,74,182,183,-1,184,65,183,-1,183,65,75,-1,183,75,74,-1,64,63,185,-1,185,63,67,-1,185,67,184,-1,184,67,66,-1,184,66,65,-1,185,186,64,-1,64,186,187,-1,64,187,68,-1,68,187,188,-1,68,188,69,-1,69,188,189,-1,69,189,70,-1,70,189,190,-1,70,190,62,-1,62,190,73,-1,73,190,191,-1,191,152,73,-1,73,152,102,-1,192,193,194,-1,194,193,195,-1,195,193,196,-1,196,193,197,-1,193,192,197,-1,197,192,198,-1,194,195,199,-1,199,195,196,-1,200,201,202,-1,202,201,203,-1,201,200,204,-1,204,200,205,-1,200,202,205,-1,205,202,206,-1,202,203,206,-1,206,203,207,-1,208,209,210,-1,210,209,211,-1,211,209,212,-1,212,209,213,-1,209,208,213,-1,213,208,214,-1,210,211,215,-1,215,211,212,-1,216,217,218,-1,218,217,219,-1,217,216,220,-1,220,216,221,-1,216,218,221,-1,221,218,222,-1,218,219,222,-1,222,219,223,-1,224,150,123,-1,123,150,141,-1,123,141,130,-1,130,141,142,-1,130,142,131,-1,131,142,225,-1,131,225,122,-1,122,225,226,-1,122,226,123,-1,123,226,224,-1,149,150,148,-1,148,150,224,-1,148,224,147,-1,147,224,227,-1,147,227,143,-1,143,227,144,-1,223,219,217,-1,33,32,220,-1,220,32,71,-1,217,220,223,-1,223,220,71,-1,223,71,228,-1,228,71,73,-1,228,73,151,-1,151,73,102,-1,151,102,92,-1,146,144,227,-1,112,111,228,-1,228,111,106,-1,228,151,112,-1,112,151,146,-1,112,146,105,-1,105,146,227,-1,105,227,106,-1,106,227,229,-1,106,229,228,-1,72,71,30,-1,30,71,32,-1,22,24,26,-1,18,181,182,-1,30,29,72,-1,72,29,34,-1,72,34,182,-1,182,34,19,-1,182,19,18,-1,12,8,6,-1,13,15,4,-1,4,15,77,-1,4,77,2,-1,2,77,181,-1,2,181,0,-1,0,181,18,-1,0,18,6,-1,6,18,22,-1,6,22,12,-1,12,22,26,-1,35,31,33,-1,28,25,11,-1,11,25,23,-1,197,198,226,-1,20,21,213,-1,221,222,212,-1,9,11,7,-1,7,11,23,-1,7,23,1,-1,1,23,20,-1,225,204,205,-1,223,228,222,-1,222,228,229,-1,222,229,212,-1,212,229,215,-1,33,220,35,-1,35,220,221,-1,35,221,21,-1,21,221,212,-1,21,212,213,-1,213,214,20,-1,20,214,199,-1,20,199,1,-1,1,199,196,-1,1,196,3,-1,3,196,5,-1,16,14,207,-1,207,14,5,-1,207,5,206,-1,206,5,196,-1,206,196,205,-1,205,196,197,-1,205,197,225,-1,225,197,226,-1,10,27,11,-1,11,27,28,-1,12,26,10,-1,10,26,27,-1,17,78,15,-1,15,78,77,-1,78,17,16,-1,203,201,204,-1,203,204,207,-1,57,59,142,-1,142,59,88,-1,16,207,78,-1,78,207,204,-1,78,204,88,-1,88,204,225,-1,88,225,142,-1,
        ]
    }
}
Shape{
    appearance Appearance {
        material  Material 	{
            diffuseColor 0.7529411764705882 0.7529411764705882 0.7529411764705882
            specularColor 0.3764705882352941 0.3764705882352941 0.3764705882352941
            ambientIntensity 0.2
            transparency 0
            shininess 0.5
        }
    }
    geometry IndexedFaceSet {
        ccw TRUE
        solid FALSE
        coord DEF co Coordinate {
            point [
                0.9213 2.3228 0.4626, 0.9213 2.0472 0.4626, 1.0472 2.3228 0.4626, 1.0472 2.0472 0.4626, 0.9213 2.3228 0.1181, 1.0472 2.3228 0.1181, 0.9213 2.4409 0.1181, 1.0472 2.4409 0.1181, 0.9213 2.4409 0.0, 1.0472 2.4409 0.0, 0.9213 2.3622 -0.0787, 1.0472 2.3622 -0.0787, 0.9213 2.2047 -0.0787, 1.0472 2.2047 -0.0787, 0.9213 2.126 0.0, 1.0472 2.126 0.0, 0.9213 2.126 0.2362, 1.0472 2.126 0.2362, 0.9213 2.0472 0.2362, 1.0472 2.0472 0.2362, 0.9213 0.9449 0.3051, 0.9213 1.5551 0.3051, 1.0472 0.9449 0.3051, 1.0472 1.5551 0.3051, 0.9213 0.6693 0.3642, 1.0472 0.6693 0.3642, 0.9213 0.6693 0.5217, 1.0472 0.6693 0.5217, 0.9213 1.063 0.6004, 1.0472 1.063 0.6004, 0.9213 1.5551 0.6004, 1.0472 1.5551 0.6004, 0.4291 2.3228 0.4626, 0.4291 2.0472 0.4626, 0.5551 2.3228 0.4626, 0.5551 2.0472 0.4626, 0.4291 2.3228 0.1181, 0.5551 2.3228 0.1181, 0.4291 2.4409 0.1181, 0.5551 2.4409 0.1181, 0.4291 2.4409 0.0, 0.5551 2.4409 0.0, 0.4291 2.3622 -0.0787, 0.5551 2.3622 -0.0787, 0.4291 2.2047 -0.0787, 0.5551 2.2047 -0.0787, 0.4291 2.126 0.0, 0.5551 2.126 0.0, 0.4291 2.126 0.2362, 0.5551 2.126 0.2362, 0.4291 2.0472 0.2362, 0.5551 2.0472 0.2362, 0.4291 0.9449 0.3051, 0.4291 1.5551 0.3051, 0.5551 0.9449 0.3051, 0.5551 1.5551 0.3051, 0.4291 0.6693 0.3642, 0.5551 0.6693 0.3642, 0.4291 0.6693 0.5217, 0.5551 0.6693 0.5217, 0.4291 1.063 0.6004, 0.5551 1.063 0.6004, 0.4291 1.5551 0.6004, 0.5551 1.5551 0.6004, -0.063 2.3228 0.4626, -0.063 2.0472 0.4626, 0.063 2.3228 0.4626, 0.063 2.0472 0.4626, -0.063 2.3228 0.1181, 0.063 2.3228 0.1181, -0.063 2.4409 0.1181, 0.063 2.4409 0.1181, -0.063 2.4409 0.0, 0.063 2.4409 0.0, -0.063 2.3622 -0.0787, 0.063 2.3622 -0.0787, -0.063 2.2047 -0.0787, 0.063 2.2047 -0.0787, -0.063 2.126 0.0, 0.063 2.126 0.0, -0.063 2.126 0.2362, 0.063 2.126 0.2362, -0.063 2.0472 0.2362, 0.063 2.0472 0.2362, -0.063 0.9449 0.3051, -0.063 1.5551 0.3051, 0.063 0.9449 0.3051, 0.063 1.5551 0.3051, -0.063 0.6693 0.3642, 0.063 0.6693 0.3642, -0.063 0.6693 0.5217, 0.063 0.6693 0.5217, -0.063 1.063 0.6004, 0.063 1.063 0.6004, -0.063 1.5551 0.6004, 0.063 1.5551 0.6004, -0.5551 2.3228 0.4626, -0.5551 2.0472 0.4626, -0.4291 2.3228 0.4626, -0.4291 2.0472 0.4626, -0.5551 2.3228 0.1181, -0.4291 2.3228 0.1181, -0.5551 2.4409 0.1181, -0.4291 2.4409 0.1181, -0.5551 2.4409 0.0, -0.4291 2.4409 0.0, -0.5551 2.3622 -0.0787, -0.4291 2.3622 -0.0787, -0.5551 2.2047 -0.0787, -0.4291 2.2047 -0.0787, -0.5551 2.126 0.0, -0.4291 2.126 0.0, -0.5551 2.126 0.2362, -0.4291 2.126 0.2362, -0.5551 2.0472 0.2362, -0.4291 2.0472 0.2362, -0.5551 0.9449 0.3051, -0.5551 1.5551 0.3051, -0.4291 0.9449 0.3051, -0.4291 1.5551 0.3051, -0.5551 0.6693 0.3642, -0.4291 0.6693 0.3642, -0.5551 0.6693 0.5217, -0.4291 0.6693 0.5217, -0.5551 1.063 0.6004, -0.4291 1.063 0.6004, -0.5551 1.5551 0.6004, -0.4291 1.5551 0.6004, -1.0472 2.3228 0.4626, -1.0472 2.0472 0.4626, -0.9213 2.3228 0.4626, -0.9213 2.0472 0.4626, -1.0472 2.3228 0.1181, -0.9213 2.3228 0.1181, -1.0472 2.4409 0.1181, -0.9213 2.4409 0.1181, -1.0472 2.4409 0.0, -0.9213 2.4409 0.0, -1.0472 2.3622 -0.0787, -0.9213 2.3622 -0.0787, -1.0472 2.2047 -0.0787, -0.9213 2.2047 -0.0787, -1.0472 2.126 0.0, -0.9213 2.126 0.0, -1.0472 2.126 0.2362, -0.9213 2.126 0.2362, -1.0472 2.0472 0.2362, -0.9213 2.0472 0.2362, -1.0472 0.9449 0.3051, -1.0472 1.5551 0.3051, -0.9213 0.9449 0.3051, -0.9213 1.5551 0.3051, -1.0472 0.6693 0.3642, -0.9213 0.6693 0.3642, -1.0472 0.6693 0.5217, -0.9213 0.6693 0.5217, -1.0472 1.063 0.6004, -0.9213 1.063 0.6004, -1.0472 1.5551 0.6004, -0.9213 1.5551 0.6004, 1.691 1.6496 0.0004, 1.6715 1.6496 0.0394, 1.7865 1.6496 0.0394, 2.1693 1.6496 0.0197, 2.1693 1.6496 -0.0787, 1.8386 1.6496 0.0197, 1.8386 1.6496 -0.0787, 1.8198 1.6496 0.022, 1.7954 1.6496 -0.0734, 1.8021 1.6496 0.0286, 1.7548 1.6496 -0.0577, 1.7193 1.6496 -0.0326, -1.6715 1.6496 0.0394, -1.691 1.6496 0.0004, -1.7865 1.6496 0.0394, -1.7193 1.6496 -0.0326, -1.8021 1.6496 0.0286, -1.7548 1.6496 -0.0577, -1.8198 1.6496 0.022, -1.7954 1.6496 -0.0734, -1.8386 1.6496 0.0197, -1.8386 1.6496 -0.0787, -2.1693 1.6496 0.0197, -2.1693 1.6496 -0.0787, -2.1693 1.6496 -0.0787
            ]
        }
        coordIndex [
            0,1,2,-1,2,1,3,-1,4,0,5,-1,5,0,2,-1,6,4,7,-1,7,4,5,-1,8,6,9,-1,9,6,7,-1,10,8,11,-1,11,8,9,-1,12,10,13,-1,13,10,11,-1,14,12,15,-1,15,12,13,-1,16,14,17,-1,17,14,15,-1,18,16,19,-1,19,16,17,-1,16,18,1,-1,10,12,8,-1,8,12,4,-1,8,4,6,-1,12,14,4,-1,4,14,16,-1,4,16,0,-1,0,16,1,-1,9,7,5,-1,17,15,13,-1,9,5,11,-1,3,19,2,-1,2,19,17,-1,2,17,5,-1,5,17,13,-1,5,13,11,-1,20,21,22,-1,22,21,23,-1,24,20,25,-1,25,20,22,-1,26,24,27,-1,27,24,25,-1,28,26,29,-1,29,26,27,-1,30,28,31,-1,31,28,29,-1,30,21,28,-1,28,21,20,-1,28,20,26,-1,26,20,24,-1,27,25,29,-1,29,25,22,-1,29,22,31,-1,31,22,23,-1,32,33,34,-1,34,33,35,-1,36,32,37,-1,37,32,34,-1,38,36,39,-1,39,36,37,-1,40,38,41,-1,41,38,39,-1,42,40,43,-1,43,40,41,-1,44,42,45,-1,45,42,43,-1,46,44,47,-1,47,44,45,-1,48,46,49,-1,49,46,47,-1,50,48,51,-1,51,48,49,-1,48,50,33,-1,42,44,40,-1,40,44,36,-1,40,36,38,-1,44,46,36,-1,36,46,48,-1,36,48,32,-1,32,48,33,-1,41,39,37,-1,49,47,45,-1,41,37,43,-1,35,51,34,-1,34,51,49,-1,34,49,37,-1,37,49,45,-1,37,45,43,-1,52,53,54,-1,54,53,55,-1,56,52,57,-1,57,52,54,-1,58,56,59,-1,59,56,57,-1,60,58,61,-1,61,58,59,-1,62,60,63,-1,63,60,61,-1,62,53,60,-1,60,53,52,-1,60,52,58,-1,58,52,56,-1,59,57,61,-1,61,57,54,-1,61,54,63,-1,63,54,55,-1,64,65,66,-1,66,65,67,-1,68,64,69,-1,69,64,66,-1,70,68,71,-1,71,68,69,-1,72,70,73,-1,73,70,71,-1,74,72,75,-1,75,72,73,-1,76,74,77,-1,77,74,75,-1,78,76,79,-1,79,76,77,-1,80,78,81,-1,81,78,79,-1,82,80,83,-1,83,80,81,-1,80,82,65,-1,74,76,72,-1,72,76,68,-1,72,68,70,-1,76,78,68,-1,68,78,80,-1,68,80,64,-1,64,80,65,-1,73,71,69,-1,81,79,77,-1,73,69,75,-1,67,83,66,-1,66,83,81,-1,66,81,69,-1,69,81,77,-1,69,77,75,-1,84,85,86,-1,86,85,87,-1,88,84,89,-1,89,84,86,-1,90,88,91,-1,91,88,89,-1,92,90,93,-1,93,90,91,-1,94,92,95,-1,95,92,93,-1,94,85,92,-1,92,85,84,-1,92,84,90,-1,90,84,88,-1,91,89,93,-1,93,89,86,-1,93,86,95,-1,95,86,87,-1,96,97,98,-1,98,97,99,-1,100,96,101,-1,101,96,98,-1,102,100,103,-1,103,100,101,-1,104,102,105,-1,105,102,103,-1,106,104,107,-1,107,104,105,-1,108,106,109,-1,109,106,107,-1,110,108,111,-1,111,108,109,-1,112,110,113,-1,113,110,111,-1,114,112,115,-1,115,112,113,-1,112,114,97,-1,106,108,104,-1,104,108,100,-1,104,100,102,-1,108,110,100,-1,100,110,112,-1,100,112,96,-1,96,112,97,-1,105,103,101,-1,113,111,109,-1,105,101,107,-1,99,115,98,-1,98,115,113,-1,98,113,101,-1,101,113,109,-1,101,109,107,-1,116,117,118,-1,118,117,119,-1,120,116,121,-1,121,116,118,-1,122,120,123,-1,123,120,121,-1,124,122,125,-1,125,122,123,-1,126,124,127,-1,127,124,125,-1,126,117,124,-1,124,117,116,-1,124,116,122,-1,122,116,120,-1,123,121,125,-1,125,121,118,-1,125,118,127,-1,127,118,119,-1,128,129,130,-1,130,129,131,-1,132,128,133,-1,133,128,130,-1,134,132,135,-1,135,132,133,-1,136,134,137,-1,137,134,135,-1,138,136,139,-1,139,136,137,-1,140,138,141,-1,141,138,139,-1,142,140,143,-1,143,140,141,-1,144,142,145,-1,145,142,143,-1,146,144,147,-1,147,144,145,-1,144,146,129,-1,138,140,136,-1,136,140,132,-1,136,132,134,-1,140,142,132,-1,132,142,144,-1,132,144,128,-1,128,144,129,-1,137,135,133,-1,145,143,141,-1,137,133,139,-1,131,147,130,-1,130,147,145,-1,130,145,133,-1,133,145,141,-1,133,141,139,-1,148,149,150,-1,150,149,151,-1,152,148,153,-1,153,148,150,-1,154,152,155,-1,155,152,153,-1,156,154,157,-1,157,154,155,-1,158,156,159,-1,159,156,157,-1,158,149,156,-1,156,149,148,-1,156,148,154,-1,154,148,152,-1,155,153,157,-1,157,153,150,-1,157,150,159,-1,159,150,151,-1,160,161,162,-1,163,164,165,-1,165,164,166,-1,165,166,167,-1,167,166,168,-1,167,168,169,-1,169,168,170,-1,169,170,162,-1,162,170,171,-1,162,171,160,-1,172,173,174,-1,174,173,175,-1,174,175,176,-1,176,175,177,-1,176,177,178,-1,178,177,179,-1,178,179,180,-1,180,179,181,-1,180,181,182,-1,182,181,183,-1,
        ]
    }
}
Shape{
    appearance Appearance {
        material  Material 	{
            diffuseColor 0.0 0.0 0.0
            specularColor 0.0 0.0 0.0
            ambientIntensity 0.2
            transparency 0
            shininess 0.5
        }
    }
    geometry IndexedFaceSet {
        ccw TRUE
        solid FALSE
        coord DEF co Coordinate {
            point [
                2.1693 1.1075 0.4876, 2.1693 1.1075 0.4785, 2.1654 1.1075 0.4876, 2.1654 1.1075 0.4785, 2.1693 1.0756 0.4876, 2.1654 1.0756 0.4876, 2.1693 1.0756 0.5585, 2.1654 1.0756 0.5585, 2.1693 1.0652 0.5585, 2.1654 1.0652 0.5585, 2.1693 1.0652 0.4785, 2.1654 1.0652 0.4785, 2.1693 1.1485 0.4771, 2.1654 1.1485 0.4771, 2.1693 1.1607 0.4783, 2.1654 1.1556 0.4778, 2.1654 1.1607 0.4783, 2.1654 1.1693 0.4811, 2.1693 1.1693 0.4811, 2.1654 1.1707 0.4818, 2.1693 1.1707 0.4818, 2.1693 1.1707 0.4917, 2.1654 1.1707 0.4917, 2.1654 1.1628 0.4881, 2.1693 1.1628 0.4881, 2.1654 1.1537 0.4865, 2.1693 1.1537 0.4865, 2.1654 1.15 0.4863, 2.1693 1.15 0.4863, 2.1654 1.1428 0.4871, 2.1693 1.1428 0.4871, 2.1654 1.137 0.4891, 2.1693 1.137 0.4891, 2.1654 1.1316 0.4927, 2.1693 1.1316 0.4927, 2.1654 1.1294 0.4947, 2.1693 1.1294 0.4947, 2.1654 1.1257 0.4999, 2.1693 1.1257 0.4999, 2.1654 1.123 0.5063, 2.1693 1.123 0.5063, 2.1654 1.1217 0.5142, 2.1693 1.1217 0.5142, 2.1654 1.1216 0.5176, 2.1693 1.1216 0.5176, 2.1654 1.1229 0.5285, 2.1693 1.1229 0.5285, 2.1654 1.1256 0.5355, 2.1693 1.1256 0.5355, 2.1654 1.1294 0.541, 2.1693 1.1294 0.541, 2.1654 1.13 0.5417, 2.1693 1.13 0.5417, 2.1654 1.1351 0.5459, 2.1693 1.1351 0.5459, 2.1654 1.1413 0.5489, 2.1693 1.1413 0.5489, 2.1654 1.1482 0.5504, 2.1693 1.1482 0.5504, 2.1654 1.1518 0.5505, 2.1693 1.1518 0.5505, 2.1654 1.1617 0.5494, 2.1693 1.1617 0.5494, 2.1654 1.1698 0.5463, 2.1693 1.1698 0.5463, 2.1654 1.1707 0.5458, 2.1693 1.1707 0.5458, 2.1693 1.1707 0.5566, 2.1654 1.1707 0.5566, 2.1654 1.1517 0.5599, 2.1693 1.1517 0.5599, 2.1654 1.1603 0.5592, 2.1693 1.1622 0.5591, 2.1654 1.1622 0.5591, 2.1654 1.1461 0.5592, 2.1693 1.1402 0.5585, 2.1654 1.1402 0.5585, 2.1654 1.1318 0.5552, 2.1693 1.1318 0.5552, 2.1654 1.1243 0.55, 2.1693 1.1243 0.55, 2.1654 1.1223 0.5481, 2.1693 1.1223 0.5481, 2.1654 1.1165 0.5405, 2.1654 1.1143 0.5354, 2.1693 1.1127 0.5316, 2.1693 1.1165 0.5405, 2.1654 1.1127 0.5316, 2.1654 1.1109 0.5212, 2.1693 1.1109 0.5212, 2.1654 1.1107 0.517, 2.1693 1.1107 0.517, 2.1654 1.1123 0.504, 2.1654 1.1143 0.4988, 2.1693 1.1156 0.4956, 2.1693 1.1123 0.504, 2.1654 1.1156 0.4956, 2.1654 1.1203 0.4888, 2.1693 1.1203 0.4888, 2.1654 1.121 0.488, 2.1693 1.121 0.488, 2.1693 1.1424 0.4775, 2.1654 1.1265 0.4833, 2.1693 1.1265 0.4833, 2.1654 1.1339 0.4795, 2.1693 1.1339 0.4795, 2.1654 1.1411 0.4778, 2.1654 1.1424 0.4775, 2.1693 1.2298 0.4876, 2.1693 1.2298 0.4785, 2.1654 1.2298 0.4876, 2.1654 1.2298 0.4785, 2.1654 1.197 0.4876, 2.1693 1.197 0.4876, 2.1654 1.2187 0.4876, 2.1693 1.197 0.5145, 2.1654 1.197 0.5145, 2.1693 1.2257 0.5145, 2.1654 1.2187 0.5145, 2.1654 1.2257 0.5145, 2.1693 1.2257 0.5237, 2.1654 1.2257 0.5237, 2.1654 1.197 0.5237, 2.1693 1.197 0.5237, 2.1654 1.2187 0.5237, 2.1693 1.197 0.5493, 2.1654 1.197 0.5493, 2.1693 1.228 0.5493, 2.1654 1.2187 0.5493, 2.1654 1.228 0.5493, 2.1693 1.228 0.5585, 2.1654 1.228 0.5585, 2.1654 1.1867 0.5585, 2.1693 1.1867 0.5585, 2.1654 1.2187 0.5585, 2.1693 1.1867 0.4785, 2.1654 1.1867 0.4785, 2.1654 1.2187 0.4785, 2.1693 1.2946 0.5008, 2.1693 1.2907 0.4959, 2.1693 1.298 0.4897, 2.1693 1.2897 0.495, 2.1693 1.2896 0.4837, 2.1693 1.2845 0.4915, 2.1693 1.2805 0.4801, 2.1693 1.2779 0.4889, 2.1693 1.2669 0.4785, 2.1693 1.2669 0.4876, 2.1693 1.2449 0.4785, 2.1693 1.2552 0.4876, 2.1693 1.2449 0.5585, 2.1693 1.2552 0.5493, 2.1693 1.2677 0.5585, 2.1693 1.2673 0.5493, 2.1693 1.28 0.5572, 2.1693 1.2782 0.548, 2.1693 1.2896 0.5536, 2.1693 1.285 0.5454, 2.1693 1.298 0.5479, 2.1693 1.2904 0.5418, 2.1693 1.3009 0.5451, 2.1693 1.2927 0.5396, 2.1693 1.3058 0.5381, 2.1693 1.2958 0.5351, 2.1693 1.3088 0.5305, 2.1693 1.298 0.5292, 2.1693 1.3101 0.5195, 2.1693 1.2992 0.5192, 2.1693 1.3098 0.5144, 2.1693 1.2989 0.514, 2.1693 1.3079 0.505, 2.1693 1.2974 0.5067, 2.1693 1.304 0.4968, 2.1654 1.2669 0.4785, 2.1654 1.2449 0.4785, 2.1654 1.298 0.4897, 2.1654 1.2805 0.4801, 2.1654 1.2816 0.4805, 2.1654 1.2896 0.4837, 2.1654 1.304 0.4968, 2.1654 1.3079 0.505, 2.1654 1.3098 0.5144, 2.1654 1.3101 0.5195, 2.1654 1.3088 0.5305, 2.1654 1.3058 0.5381, 2.1654 1.3009 0.5451, 2.1654 1.298 0.5479, 2.1654 1.2677 0.5585, 2.1654 1.2896 0.5536, 2.1654 1.2816 0.5566, 2.1654 1.28 0.5572, 2.1654 1.2449 0.5585, 2.1654 1.2673 0.5493, 2.1654 1.2552 0.5493, 2.1654 1.2552 0.4876, 2.1654 1.2669 0.4876, 2.1654 1.2907 0.4959, 2.1654 1.2897 0.495, 2.1654 1.2845 0.4915, 2.1654 1.2779 0.4889, 2.1654 1.2992 0.5192, 2.1654 1.2989 0.514, 2.1654 1.2974 0.5067, 2.1654 1.2946 0.5008, 2.1654 1.2904 0.5418, 2.1654 1.2927 0.5396, 2.1654 1.2958 0.5351, 2.1654 1.298 0.5292, 2.1654 1.2782 0.548, 2.1654 1.285 0.5454, 2.1654 1.285 0.5454
            ]
        }
        coordIndex [
            0,1,2,-1,2,1,3,-1,4,0,5,-1,5,0,2,-1,6,4,7,-1,7,4,5,-1,8,6,9,-1,9,6,7,-1,10,8,11,-1,11,8,9,-1,1,10,3,-1,3,10,11,-1,6,8,4,-1,4,8,10,-1,4,10,0,-1,0,10,1,-1,12,13,14,-1,14,13,15,-1,15,16,14,-1,14,16,17,-1,14,17,18,-1,18,17,19,-1,18,19,20,-1,21,20,22,-1,22,20,19,-1,21,22,23,-1,21,23,24,-1,24,23,25,-1,24,25,26,-1,26,25,27,-1,26,27,28,-1,28,27,29,-1,28,29,30,-1,30,29,31,-1,30,31,32,-1,32,31,33,-1,32,33,34,-1,34,33,35,-1,34,35,36,-1,36,35,37,-1,36,37,38,-1,38,37,39,-1,38,39,40,-1,40,39,41,-1,40,41,42,-1,42,41,43,-1,42,43,44,-1,44,43,45,-1,44,45,46,-1,46,45,47,-1,46,47,48,-1,48,47,49,-1,48,49,50,-1,50,49,51,-1,50,51,52,-1,52,51,53,-1,52,53,54,-1,54,53,55,-1,54,55,56,-1,56,55,57,-1,56,57,58,-1,58,57,59,-1,58,59,60,-1,60,59,61,-1,60,61,62,-1,62,61,63,-1,62,63,64,-1,64,63,65,-1,64,65,66,-1,67,66,68,-1,68,66,65,-1,69,70,71,-1,71,70,72,-1,71,72,73,-1,73,72,67,-1,73,67,68,-1,70,69,74,-1,70,74,75,-1,74,76,75,-1,75,76,77,-1,75,77,78,-1,78,77,79,-1,78,79,80,-1,80,79,81,-1,80,81,82,-1,82,81,83,-1,84,85,83,-1,83,85,86,-1,83,86,82,-1,84,87,85,-1,85,87,88,-1,85,88,89,-1,89,88,90,-1,89,90,91,-1,91,90,92,-1,93,94,92,-1,92,94,95,-1,92,95,91,-1,93,96,94,-1,94,96,97,-1,94,97,98,-1,98,97,99,-1,98,99,100,-1,13,12,101,-1,100,99,102,-1,100,102,103,-1,103,102,104,-1,103,104,105,-1,105,104,106,-1,105,106,101,-1,101,106,107,-1,101,107,13,-1,82,52,80,-1,80,52,54,-1,80,54,78,-1,91,44,89,-1,89,44,46,-1,89,46,85,-1,85,46,86,-1,86,46,48,-1,86,48,82,-1,82,48,50,-1,82,50,52,-1,78,54,75,-1,75,54,56,-1,75,56,70,-1,20,21,18,-1,18,21,24,-1,18,24,14,-1,14,24,26,-1,14,26,12,-1,12,26,28,-1,12,28,101,-1,101,28,30,-1,101,30,105,-1,105,30,32,-1,105,32,103,-1,103,32,34,-1,103,34,100,-1,100,34,36,-1,100,36,98,-1,98,36,38,-1,98,38,94,-1,94,38,95,-1,95,38,40,-1,95,40,91,-1,91,40,42,-1,91,42,44,-1,56,58,70,-1,70,58,60,-1,70,60,72,-1,72,60,62,-1,72,62,67,-1,67,62,64,-1,67,64,66,-1,108,109,110,-1,110,109,111,-1,112,113,114,-1,114,113,108,-1,114,108,110,-1,115,113,116,-1,116,113,112,-1,115,116,117,-1,117,116,118,-1,117,118,119,-1,120,117,121,-1,121,117,119,-1,122,123,124,-1,124,123,120,-1,124,120,121,-1,125,123,126,-1,126,123,122,-1,125,126,127,-1,127,126,128,-1,127,128,129,-1,130,127,131,-1,131,127,129,-1,132,133,134,-1,134,133,130,-1,134,130,131,-1,135,133,136,-1,136,133,132,-1,135,136,109,-1,109,136,137,-1,109,137,111,-1,135,109,108,-1,108,113,135,-1,135,113,115,-1,135,115,133,-1,127,130,125,-1,125,130,133,-1,125,133,123,-1,123,133,115,-1,123,115,120,-1,120,115,117,-1,138,139,140,-1,140,139,141,-1,140,141,142,-1,142,141,143,-1,142,143,144,-1,144,143,145,-1,144,145,146,-1,146,145,147,-1,146,147,148,-1,148,147,149,-1,148,149,150,-1,150,149,151,-1,150,151,152,-1,152,151,153,-1,152,153,154,-1,154,153,155,-1,154,155,156,-1,156,155,157,-1,156,157,158,-1,158,157,159,-1,158,159,160,-1,160,159,161,-1,160,161,162,-1,162,161,163,-1,162,163,164,-1,164,163,165,-1,164,165,166,-1,166,165,167,-1,166,167,168,-1,168,167,169,-1,168,169,170,-1,170,169,171,-1,170,171,172,-1,172,171,138,-1,172,138,140,-1,146,148,173,-1,173,148,174,-1,175,140,142,-1,146,173,176,-1,146,176,144,-1,144,176,177,-1,144,177,142,-1,142,177,178,-1,142,178,175,-1,140,175,179,-1,140,179,172,-1,172,179,180,-1,172,180,170,-1,170,180,181,-1,170,181,168,-1,168,181,182,-1,168,182,166,-1,166,182,183,-1,166,183,164,-1,164,183,184,-1,164,184,162,-1,162,184,185,-1,162,185,160,-1,160,185,186,-1,160,186,158,-1,187,152,154,-1,158,186,188,-1,158,188,156,-1,156,188,189,-1,156,189,154,-1,154,189,190,-1,154,190,187,-1,150,152,191,-1,191,152,187,-1,148,150,174,-1,174,150,191,-1,153,151,192,-1,192,151,193,-1,151,149,193,-1,193,149,194,-1,149,147,194,-1,194,147,195,-1,139,196,197,-1,139,197,141,-1,141,197,198,-1,141,198,143,-1,143,198,199,-1,143,199,145,-1,145,199,195,-1,145,195,147,-1,167,200,201,-1,167,201,169,-1,169,201,202,-1,169,202,171,-1,171,202,203,-1,171,203,138,-1,138,203,196,-1,138,196,139,-1,159,204,205,-1,159,205,161,-1,161,205,206,-1,161,206,163,-1,163,206,207,-1,163,207,165,-1,165,207,200,-1,165,200,167,-1,153,192,208,-1,153,208,155,-1,155,208,209,-1,155,209,157,-1,157,209,204,-1,157,204,159,-1,
        ]
    }
}
Shape{
    appearance Appearance {
        material  Material 	{
            diffuseColor 1.0 1.0 1.0
            specularColor 0.5019607843137255 0.5019607843137255 0.5019607843137255
            ambientIntensity 0.2
            transparency 0
            shininess 0.5
        }
    }
    geometry IndexedFaceSet {
        ccw TRUE
        solid FALSE
        coord DEF co Coordinate {
            point [
                2.1654 1.2552 0.5493, 2.1654 1.2552 0.4876, 2.1654 1.2673 0.5493, 2.1654 1.2669 0.4876, 2.1654 1.2779 0.4889, 2.1654 1.2845 0.4915, 2.1654 1.2897 0.495, 2.1654 1.2907 0.4959, 2.1654 1.2946 0.5008, 2.1654 1.2974 0.5067, 2.1654 1.2992 0.5192, 2.1654 1.2904 0.5418, 2.1654 1.285 0.5454, 2.1654 1.298 0.5292, 2.1654 1.2958 0.5351, 2.1654 1.2927 0.5396, 2.1654 1.2989 0.514, 2.1654 1.2782 0.548, 2.1654 1.2782 0.548
            ]
        }
        coordIndex [
            0,1,2,-1,2,1,3,-1,3,4,2,-1,2,4,5,-1,2,5,6,-1,6,7,2,-1,2,7,8,-1,2,8,9,-1,10,11,12,-1,13,14,10,-1,10,14,15,-1,10,15,11,-1,9,16,2,-1,2,16,10,-1,2,10,17,-1,17,10,12,-1,
        ]
    }
}
Shape{
    appearance Appearance {
        material  Material 	{
            diffuseColor 0.0 0.0 0.0
            specularColor 0.0 0.0 0.0
            ambientIntensity 0.2
            transparency 0
            shininess 0.5
        }
    }
    geometry IndexedFaceSet {
        ccw TRUE
        solid FALSE
        coord DEF co Coordinate {
            point [
                2.1693 1.3369 0.5094, 2.1693 1.3336 0.5004, 2.1693 1.3638 0.5094, 2.1693 1.367 0.5004, 2.1693 1.3489 0.5427, 2.1693 1.345 0.5585, 2.1693 1.3145 0.4785, 2.1693 1.3259 0.4785, 2.1693 1.3496 0.5451, 2.1693 1.3502 0.5483, 2.1693 1.3561 0.5585, 2.1693 1.3504 0.5483, 2.1693 1.3511 0.5449, 2.1693 1.3517 0.5427, 2.1693 1.3866 0.4785, 2.1693 1.3752 0.4785, 2.1654 1.3561 0.5585, 2.1654 1.3866 0.4785, 2.1654 1.345 0.5585, 2.1654 1.3145 0.4785, 2.1654 1.3376 0.539, 2.1654 1.3259 0.4785, 2.1654 1.3336 0.5004, 2.1654 1.367 0.5004, 2.1654 1.3376 0.5004, 2.1654 1.3752 0.4785, 2.1654 1.3369 0.5094, 2.1654 1.3638 0.5094, 2.1654 1.3517 0.5427, 2.1654 1.3504 0.5483, 2.1654 1.3511 0.5449, 2.1654 1.3502 0.5483, 2.1654 1.3489 0.5427, 2.1654 1.3496 0.5451, 2.1654 1.3496 0.5451
            ]
        }
        coordIndex [
            0,1,2,-1,2,1,3,-1,4,5,0,-1,0,5,6,-1,0,6,1,-1,1,6,7,-1,4,8,5,-1,5,8,9,-1,5,9,10,-1,10,9,11,-1,10,11,12,-1,12,13,10,-1,10,13,2,-1,10,2,14,-1,14,2,3,-1,14,3,15,-1,10,14,16,-1,16,14,17,-1,5,10,18,-1,18,10,16,-1,19,6,20,-1,20,6,5,-1,20,5,18,-1,7,6,21,-1,21,6,19,-1,1,7,22,-1,22,7,21,-1,23,3,24,-1,24,3,1,-1,24,1,22,-1,15,3,25,-1,25,3,23,-1,14,15,17,-1,17,15,25,-1,0,2,26,-1,26,2,27,-1,2,13,27,-1,27,13,28,-1,11,29,30,-1,11,30,12,-1,12,30,28,-1,12,28,13,-1,11,9,29,-1,29,9,31,-1,4,32,33,-1,4,33,8,-1,8,33,31,-1,8,31,9,-1,4,0,32,-1,32,0,26,-1,
        ]
    }
}
Shape{
    appearance Appearance {
        material  Material 	{
            diffuseColor 1.0 1.0 1.0
            specularColor 0.5019607843137255 0.5019607843137255 0.5019607843137255
            ambientIntensity 0.2
            transparency 0
            shininess 0.5
        }
    }
    geometry IndexedFaceSet {
        ccw TRUE
        solid FALSE
        coord DEF co Coordinate {
            point [
                2.1654 1.3504 0.5483, 2.1654 1.3502 0.5483, 2.1654 1.3511 0.5449, 2.1654 1.3496 0.5451, 2.1654 1.3517 0.5427, 2.1654 1.3489 0.5427, 2.1654 1.3638 0.5094, 2.1654 1.3369 0.5094, 2.1654 1.3369 0.5094
            ]
        }
        coordIndex [
            0,1,2,-1,2,1,3,-1,2,3,4,-1,4,3,5,-1,4,5,6,-1,6,5,7,-1,
        ]
    }
}
Shape{
    appearance Appearance {
        material  Material 	{
            diffuseColor 0.0 0.0 0.0
            specularColor 0.0 0.0 0.0
            ambientIntensity 0.2
            transparency 0
            shininess 0.5
        }
    }
    geometry IndexedFaceSet {
        ccw TRUE
        solid FALSE
        coord DEF co Coordinate {
            point [
                2.1693 1.1083 0.3606, 2.1693 1.1083 0.3514, 2.1654 1.1083 0.3606, 2.1654 1.1083 0.3514, 2.1693 1.0756 0.3606, 2.1654 1.0756 0.3606, 2.1693 1.0756 0.3875, 2.1654 1.0756 0.3875, 2.1693 1.1042 0.3875, 2.1654 1.1042 0.3875, 2.1693 1.1042 0.3967, 2.1654 1.1042 0.3967, 2.1693 1.0756 0.3967, 2.1654 1.0756 0.3967, 2.1693 1.0756 0.4223, 2.1654 1.0756 0.4223, 2.1693 1.1065 0.4223, 2.1654 1.1065 0.4223, 2.1693 1.1065 0.4315, 2.1654 1.1065 0.4315, 2.1693 1.0652 0.4315, 2.1654 1.0652 0.4315, 2.1693 1.0652 0.3514, 2.1654 1.0652 0.3514, 2.1693 1.1535 0.3603, 2.1693 1.1538 0.3603, 2.1693 1.1532 0.3695, 2.1693 1.1538 0.374, 2.1693 1.1638 0.3882, 2.1693 1.1538 0.3746, 2.1693 1.1538 0.3801, 2.1693 1.1538 0.3514, 2.1693 1.1638 0.3514, 2.1693 1.1282 0.3692, 2.1693 1.1286 0.3715, 2.1693 1.12 0.3759, 2.1693 1.1517 0.3659, 2.1693 1.1495 0.363, 2.1693 1.1519 0.3578, 2.1693 1.1483 0.3617, 2.1693 1.1488 0.3544, 2.1693 1.1454 0.3598, 2.1693 1.1453 0.3521, 2.1693 1.1424 0.3587, 2.1693 1.1412 0.3507, 2.1693 1.1386 0.3583, 2.1693 1.136 0.3501, 2.1693 1.1352 0.3587, 2.1693 1.13 0.3508, 2.1693 1.133 0.3595, 2.1693 1.1262 0.3522, 2.1693 1.131 0.3609, 2.1693 1.1228 0.3546, 2.1693 1.1301 0.3617, 2.1693 1.122 0.3788, 2.1693 1.1295 0.3733, 2.1693 1.1251 0.3814, 2.1693 1.1307 0.3748, 2.1693 1.1294 0.3836, 2.1693 1.132 0.3758, 2.1693 1.1343 0.3769, 2.1693 1.1369 0.3854, 2.1693 1.1404 0.3783, 2.1693 1.1538 0.3878, 2.1693 1.1186 0.3724, 2.1693 1.1179 0.3681, 2.1693 1.1281 0.3676, 2.1693 1.1179 0.3667, 2.1693 1.1283 0.3653, 2.1693 1.1184 0.3622, 2.1693 1.129 0.3634, 2.1693 1.1196 0.3588, 2.1693 1.1217 0.3557, 2.1693 1.1235 0.4046, 2.1693 1.1235 0.3949, 2.1693 1.1256 0.4058, 2.1693 1.1296 0.3988, 2.1693 1.133 0.4087, 2.1693 1.1358 0.4011, 2.1693 1.1432 0.4099, 2.1693 1.1422 0.4018, 2.1693 1.1492 0.4094, 2.1693 1.1456 0.4014, 2.1693 1.1535 0.4081, 2.1693 1.148 0.4006, 2.1693 1.1568 0.4062, 2.1693 1.1497 0.3995, 2.1693 1.1595 0.4036, 2.1693 1.1513 0.3979, 2.1693 1.1615 0.4004, 2.1693 1.1524 0.3958, 2.1693 1.1631 0.3958, 2.1693 1.1535 0.3922, 2.1654 1.1432 0.4099, 2.1654 1.133 0.4087, 2.1654 1.1256 0.4058, 2.1654 1.1235 0.4046, 2.1654 1.1235 0.3949, 2.1654 1.1296 0.3988, 2.1654 1.1358 0.4011, 2.1654 1.1422 0.4018, 2.1654 1.1456 0.4014, 2.1654 1.148 0.4006, 2.1654 1.1497 0.3995, 2.1654 1.1513 0.3979, 2.1654 1.1524 0.3958, 2.1654 1.1535 0.3922, 2.1654 1.1538 0.3878, 2.1654 1.1369 0.3854, 2.1654 1.1294 0.3836, 2.1654 1.1251 0.3814, 2.1654 1.122 0.3788, 2.1654 1.12 0.3759, 2.1654 1.1186 0.3724, 2.1654 1.1179 0.3681, 2.1654 1.1179 0.3667, 2.1654 1.1184 0.3622, 2.1654 1.1196 0.3588, 2.1654 1.1217 0.3557, 2.1654 1.1228 0.3546, 2.1654 1.136 0.3501, 2.1654 1.1302 0.3508, 2.1654 1.13 0.3508, 2.1654 1.1262 0.3522, 2.1654 1.1412 0.3507, 2.1654 1.1415 0.3508, 2.1654 1.1453 0.3521, 2.1654 1.1488 0.3544, 2.1654 1.1519 0.3578, 2.1654 1.1535 0.3603, 2.1654 1.1538 0.3603, 2.1654 1.1538 0.3514, 2.1654 1.1638 0.3514, 2.1654 1.1638 0.3882, 2.1654 1.1631 0.3958, 2.1654 1.1615 0.4004, 2.1654 1.1595 0.4036, 2.1654 1.1568 0.4062, 2.1654 1.1535 0.4081, 2.1654 1.1492 0.4094, 2.1654 1.1307 0.3748, 2.1654 1.132 0.3758, 2.1654 1.1343 0.3769, 2.1654 1.1404 0.3783, 2.1654 1.1281 0.3676, 2.1654 1.1282 0.3692, 2.1654 1.1286 0.3715, 2.1654 1.1295 0.3733, 2.1654 1.131 0.3609, 2.1654 1.1301 0.3617, 2.1654 1.129 0.3634, 2.1654 1.1283 0.3653, 2.1654 1.1386 0.3583, 2.1654 1.1352 0.3587, 2.1654 1.133 0.3595, 2.1654 1.1495 0.363, 2.1654 1.1483 0.3617, 2.1654 1.1454 0.3598, 2.1654 1.1424 0.3587, 2.1654 1.1538 0.3746, 2.1654 1.1538 0.374, 2.1654 1.1532 0.3695, 2.1654 1.1517 0.3659, 2.1654 1.1538 0.3801, 2.1654 1.1538 0.3801
            ]
        }
        coordIndex [
            0,1,2,-1,2,1,3,-1,4,0,5,-1,5,0,2,-1,6,4,7,-1,7,4,5,-1,8,6,9,-1,9,6,7,-1,10,8,11,-1,11,8,9,-1,12,10,13,-1,13,10,11,-1,14,12,15,-1,15,12,13,-1,16,14,17,-1,17,14,15,-1,18,16,19,-1,19,16,17,-1,20,18,21,-1,21,18,19,-1,22,20,23,-1,23,20,21,-1,1,22,3,-1,3,22,23,-1,22,1,0,-1,0,4,22,-1,22,4,6,-1,22,6,20,-1,16,18,14,-1,14,18,20,-1,14,20,12,-1,12,20,6,-1,12,6,10,-1,10,6,8,-1,24,25,26,-1,27,28,29,-1,29,28,30,-1,31,32,25,-1,25,32,28,-1,25,28,26,-1,26,28,27,-1,33,34,35,-1,26,36,24,-1,24,36,37,-1,24,37,38,-1,38,37,39,-1,38,39,40,-1,40,39,41,-1,40,41,42,-1,42,41,43,-1,42,43,44,-1,44,43,45,-1,44,45,46,-1,46,45,47,-1,46,47,48,-1,48,47,49,-1,48,49,50,-1,50,49,51,-1,50,51,52,-1,52,51,53,-1,35,34,54,-1,54,34,55,-1,54,55,56,-1,56,55,57,-1,56,57,58,-1,57,59,58,-1,58,59,60,-1,58,60,61,-1,61,60,62,-1,61,62,63,-1,35,64,33,-1,33,64,65,-1,33,65,66,-1,66,65,67,-1,66,67,68,-1,68,67,69,-1,68,69,70,-1,70,69,71,-1,70,71,53,-1,53,71,72,-1,53,72,52,-1,73,74,75,-1,75,74,76,-1,75,76,77,-1,77,76,78,-1,77,78,79,-1,79,78,80,-1,79,80,81,-1,81,80,82,-1,81,82,83,-1,83,82,84,-1,83,84,85,-1,85,84,86,-1,85,86,87,-1,87,86,88,-1,87,88,89,-1,89,88,90,-1,89,90,91,-1,91,90,92,-1,91,92,28,-1,28,92,63,-1,28,63,30,-1,30,63,62,-1,79,93,94,-1,79,94,77,-1,77,94,95,-1,77,95,75,-1,75,95,96,-1,75,96,73,-1,74,73,97,-1,97,73,96,-1,74,97,98,-1,74,98,76,-1,76,98,99,-1,76,99,78,-1,78,99,100,-1,78,100,80,-1,80,100,101,-1,80,101,82,-1,82,101,102,-1,82,102,84,-1,84,102,103,-1,84,103,86,-1,86,103,104,-1,86,104,88,-1,88,104,105,-1,88,105,90,-1,90,105,106,-1,90,106,92,-1,92,106,107,-1,92,107,63,-1,61,63,108,-1,108,63,107,-1,61,108,109,-1,61,109,58,-1,58,109,110,-1,58,110,56,-1,56,110,111,-1,56,111,54,-1,54,111,112,-1,54,112,35,-1,35,112,113,-1,35,113,64,-1,64,113,114,-1,64,114,65,-1,65,114,115,-1,65,115,67,-1,67,115,116,-1,67,116,69,-1,69,116,117,-1,69,117,71,-1,71,117,118,-1,71,118,72,-1,72,118,119,-1,72,119,52,-1,120,46,121,-1,121,46,48,-1,121,48,122,-1,122,48,50,-1,122,50,123,-1,123,50,52,-1,123,52,119,-1,46,120,124,-1,46,124,44,-1,44,124,125,-1,44,125,42,-1,125,126,42,-1,42,126,127,-1,42,127,40,-1,40,127,128,-1,40,128,38,-1,38,128,129,-1,38,129,24,-1,25,24,130,-1,130,24,129,-1,31,25,131,-1,131,25,130,-1,32,31,132,-1,132,31,131,-1,28,32,133,-1,133,32,132,-1,28,133,134,-1,28,134,91,-1,91,134,135,-1,91,135,89,-1,89,135,136,-1,89,136,87,-1,87,136,137,-1,87,137,85,-1,85,137,138,-1,85,138,83,-1,83,138,139,-1,83,139,81,-1,81,139,93,-1,81,93,79,-1,57,140,141,-1,57,141,59,-1,59,141,142,-1,59,142,60,-1,60,142,143,-1,60,143,62,-1,66,144,145,-1,66,145,33,-1,33,145,146,-1,33,146,34,-1,34,146,147,-1,34,147,55,-1,55,147,140,-1,55,140,57,-1,51,148,149,-1,51,149,53,-1,53,149,150,-1,53,150,70,-1,70,150,151,-1,70,151,68,-1,68,151,144,-1,68,144,66,-1,45,152,153,-1,45,153,47,-1,47,153,154,-1,47,154,49,-1,49,154,148,-1,49,148,51,-1,37,155,156,-1,37,156,39,-1,39,156,157,-1,39,157,41,-1,41,157,158,-1,41,158,43,-1,43,158,152,-1,43,152,45,-1,29,159,160,-1,29,160,27,-1,27,160,161,-1,27,161,26,-1,26,161,162,-1,26,162,36,-1,36,162,155,-1,36,155,37,-1,29,30,159,-1,159,30,163,-1,30,62,163,-1,163,62,143,-1,
        ]
    }
}
Shape{
    appearance Appearance {
        material  Material 	{
            diffuseColor 1.0 1.0 1.0
            specularColor 0.5019607843137255 0.5019607843137255 0.5019607843137255
            ambientIntensity 0.2
            transparency 0
            shininess 0.5
        }
    }
    geometry IndexedFaceSet {
        ccw TRUE
        solid FALSE
        coord DEF co Coordinate {
            point [
                2.1654 1.1538 0.374, 2.1654 1.1538 0.3746, 2.1654 1.1307 0.3748, 2.1654 1.1538 0.3801, 2.1654 1.1404 0.3783, 2.1654 1.1343 0.3769, 2.1654 1.132 0.3758, 2.1654 1.1532 0.3695, 2.1654 1.1295 0.3733, 2.1654 1.1517 0.3659, 2.1654 1.1301 0.3617, 2.1654 1.131 0.3609, 2.1654 1.1483 0.3617, 2.1654 1.129 0.3634, 2.1654 1.1454 0.3598, 2.1654 1.1424 0.3587, 2.1654 1.1386 0.3583, 2.1654 1.1286 0.3715, 2.1654 1.1282 0.3692, 2.1654 1.1495 0.363, 2.1654 1.1281 0.3676, 2.1654 1.1283 0.3653, 2.1654 1.133 0.3595, 2.1654 1.1352 0.3587, 2.1654 1.1352 0.3587
            ]
        }
        coordIndex [
            0,1,2,-1,1,3,4,-1,4,5,1,-1,1,5,6,-1,1,6,2,-1,0,2,7,-1,7,2,8,-1,7,8,9,-1,10,11,12,-1,10,12,13,-1,14,12,15,-1,15,12,16,-1,8,17,9,-1,9,17,18,-1,9,18,19,-1,19,18,20,-1,19,20,12,-1,12,20,21,-1,12,21,13,-1,11,22,12,-1,12,22,23,-1,12,23,16,-1,
        ]
    }
}
Shape{
    appearance Appearance {
        material  Material 	{
            diffuseColor 0.0 0.0 0.0
            specularColor 0.0 0.0 0.0
            ambientIntensity 0.2
            transparency 0
            shininess 0.5
        }
    }
    geometry IndexedFaceSet {
        ccw TRUE
        solid FALSE
        coord DEF co Coordinate {
            point [
                2.1654 1.1774 0.3638, 2.1693 1.1774 0.3638, 2.1693 1.1813 0.3614, 2.1693 1.1939 0.3583, 2.1654 1.1939 0.3583, 2.1654 1.1876 0.359, 2.1693 1.1876 0.359, 2.1654 1.1821 0.3611, 2.1654 1.1813 0.3614, 2.1693 1.1774 0.3534, 2.1654 1.1774 0.3534, 2.1654 1.1821 0.3517, 2.1693 1.1837 0.3511, 2.1654 1.193 0.3501, 2.1693 1.193 0.3501, 2.1654 1.187 0.3508, 2.1654 1.1837 0.3511, 2.1654 1.1998 0.3508, 2.1693 1.2007 0.3509, 2.1654 1.2007 0.3509, 2.1654 1.2063 0.3527, 2.1693 1.2063 0.3527, 2.1654 1.2096 0.3546, 2.1693 1.2096 0.3546, 2.1654 1.2125 0.3571, 2.1693 1.2125 0.3571, 2.1654 1.2143 0.3598, 2.1693 1.2143 0.3598, 2.1654 1.2156 0.363, 2.1693 1.2156 0.363, 2.1654 1.2161 0.367, 2.1693 1.2161 0.367, 2.1654 1.2156 0.3707, 2.1693 1.2156 0.3707, 2.1654 1.2146 0.3737, 2.1693 1.2146 0.3737, 2.1654 1.2127 0.3764, 2.1693 1.2127 0.3764, 2.1654 1.2103 0.3786, 2.1693 1.2103 0.3786, 2.1654 1.2036 0.3823, 2.1693 1.2036 0.3823, 2.1654 1.1998 0.3839, 2.1693 1.1998 0.3839, 2.1654 1.1936 0.3866, 2.1693 1.1936 0.3866, 2.1654 1.19 0.3888, 2.1693 1.19 0.3888, 2.1654 1.189 0.3898, 2.1693 1.189 0.3898, 2.1654 1.1883 0.3912, 2.1693 1.1883 0.3912, 2.1654 1.1879 0.3928, 2.1693 1.1879 0.3928, 2.1654 1.1878 0.3941, 2.1693 1.1878 0.3941, 2.1654 1.188 0.3957, 2.1693 1.188 0.3957, 2.1654 1.1885 0.397, 2.1693 1.1885 0.397, 2.1654 1.1894 0.3983, 2.1693 1.1894 0.3983, 2.1654 1.1909 0.3997, 2.1693 1.1909 0.3997, 2.1654 1.1931 0.4009, 2.1693 1.1931 0.4009, 2.1654 1.1958 0.4016, 2.1693 1.1958 0.4016, 2.1654 1.1988 0.4018, 2.1693 1.1988 0.4018, 2.1654 1.2054 0.401, 2.1693 1.2054 0.401, 2.1654 1.2111 0.3989, 2.1693 1.2111 0.3989, 2.1654 1.2133 0.3976, 2.1693 1.2133 0.3976, 2.1693 1.2133 0.4074, 2.1654 1.2133 0.4074, 2.1654 1.2066 0.4093, 2.1693 1.2066 0.4093, 2.1654 1.1998 0.4099, 2.1693 1.1998 0.4099, 2.1654 1.1925 0.4092, 2.1693 1.1925 0.4092, 2.1654 1.187 0.4072, 2.1693 1.187 0.4072, 2.1654 1.1839 0.4054, 2.1693 1.1839 0.4054, 2.1654 1.1821 0.4037, 2.1693 1.181 0.4027, 2.1654 1.181 0.4027, 2.1654 1.1791 0.4, 2.1693 1.1791 0.4, 2.1654 1.1779 0.3968, 2.1693 1.1779 0.3968, 2.1654 1.1775 0.3932, 2.1693 1.1775 0.3932, 2.1654 1.1779 0.3893, 2.1693 1.1779 0.3893, 2.1654 1.179 0.3862, 2.1693 1.179 0.3862, 2.1654 1.1803 0.3841, 2.1693 1.1803 0.3841, 2.1654 1.1927 0.3766, 2.1693 1.1927 0.3766, 2.1693 1.1867 0.3793, 2.1654 1.182 0.3824, 2.1693 1.182 0.3824, 2.1654 1.1821 0.3824, 2.1654 1.1867 0.3793, 2.1654 1.1993 0.3738, 2.1693 1.1993 0.3738, 2.1654 1.2032 0.3715, 2.1693 1.2032 0.3715, 2.1654 1.2044 0.3702, 2.1693 1.2044 0.3702, 2.1654 1.2052 0.3688, 2.1693 1.2052 0.3688, 2.1654 1.2057 0.3673, 2.1693 1.2057 0.3673, 2.1654 1.2058 0.366, 2.1693 1.2058 0.366, 2.1654 1.2056 0.3641, 2.1693 1.2056 0.3641, 2.1654 1.205 0.3627, 2.1693 1.205 0.3627, 2.1654 1.2042 0.3614, 2.1693 1.2042 0.3614, 2.1654 1.203 0.3604, 2.1693 1.203 0.3604, 2.1654 1.2021 0.3598, 2.1693 1.2021 0.3598, 2.1654 1.1995 0.3588, 2.1693 1.1995 0.3588, 2.1654 1.1944 0.3583, 2.1693 1.1944 0.3583, 2.1693 1.2658 0.4086, 2.1693 1.2762 0.4086, 2.1654 1.2658 0.4086, 2.1654 1.2762 0.4086, 2.1693 1.2502 0.3656, 2.1654 1.2502 0.3656, 2.1654 1.2494 0.3629, 2.1693 1.2494 0.3629, 2.1654 1.2489 0.3609, 2.1693 1.2489 0.3609, 2.1693 1.2487 0.3609, 2.1654 1.2487 0.3609, 2.1693 1.2474 0.3656, 2.1654 1.2474 0.3656, 2.1654 1.2325 0.4086, 2.1693 1.2325 0.4086, 2.1654 1.2373 0.3947, 2.1693 1.2213 0.4086, 2.1654 1.2213 0.4086, 2.1654 1.2437 0.3516, 2.1693 1.2437 0.3516, 2.1654 1.2373 0.3678, 2.1654 1.2393 0.3412, 2.1693 1.2393 0.3412, 2.1654 1.2434 0.3508, 2.1654 1.2373 0.3375, 2.1693 1.2373 0.3375, 2.1654 1.2373 0.3375, 2.1654 1.2355 0.3354, 2.1693 1.2355 0.3354, 2.1654 1.2337 0.3342, 2.1693 1.2337 0.3342, 2.1654 1.2315 0.3334, 2.1693 1.2315 0.3334, 2.1654 1.229 0.3331, 2.1693 1.229 0.3331, 2.1654 1.2254 0.3336, 2.1693 1.2254 0.3336, 2.1654 1.2233 0.3342, 2.1693 1.2233 0.3342, 2.1693 1.2233 0.3253, 2.1654 1.2233 0.3253, 2.1654 1.2276 0.3246, 2.1693 1.2276 0.3246, 2.1654 1.2298 0.3245, 2.1693 1.2298 0.3245, 2.1654 1.2339 0.325, 2.1693 1.2339 0.325, 2.1654 1.2373 0.3263, 2.1693 1.2378 0.3265, 2.1654 1.2378 0.3265, 2.1654 1.2413 0.3289, 2.1693 1.2413 0.3289, 2.1654 1.242 0.3295, 2.1693 1.242 0.3295, 2.1654 1.2457 0.334, 2.1693 1.2457 0.334, 2.1654 1.2502 0.3428, 2.1693 1.2502 0.3428, 2.1654 1.2534 0.3508, 2.1693 1.33 0.3606, 2.1693 1.33 0.3514, 2.1654 1.33 0.3606, 2.1654 1.33 0.3514, 2.1654 1.2973 0.3606, 2.1693 1.2973 0.3606, 2.1654 1.3123 0.3606, 2.1693 1.2973 0.3875, 2.1654 1.2973 0.3875, 2.1654 1.3259 0.3875, 2.1693 1.3259 0.3875, 2.1654 1.3123 0.3875, 2.1693 1.3259 0.3967, 2.1654 1.3259 0.3967, 2.1654 1.2973 0.3967, 2.1693 1.2973 0.3967, 2.1654 1.3123 0.3967, 2.1693 1.2973 0.4223, 2.1654 1.2973 0.4223, 2.1654 1.3282 0.4223, 2.1693 1.3282 0.4223, 2.1654 1.3123 0.4223, 2.1693 1.3282 0.4315, 2.1654 1.3282 0.4315, 2.1654 1.287 0.4315, 2.1693 1.287 0.4315, 2.1654 1.3123 0.4315, 2.1693 1.287 0.3514, 2.1654 1.287 0.3514, 2.1654 1.3123 0.3514, 2.1693 1.3948 0.3737, 2.1693 1.3909 0.3689, 2.1693 1.3983 0.3627, 2.1693 1.39 0.368, 2.1693 1.3899 0.3566, 2.1693 1.3848 0.3644, 2.1693 1.3807 0.3531, 2.1693 1.3782 0.3619, 2.1693 1.3672 0.3514, 2.1693 1.3671 0.3606, 2.1693 1.3452 0.3514, 2.1693 1.3555 0.3606, 2.1693 1.3452 0.4315, 2.1693 1.3555 0.4223, 2.1693 1.368 0.4315, 2.1693 1.3676 0.4223, 2.1693 1.3802 0.4302, 2.1693 1.3784 0.421, 2.1693 1.3899 0.4266, 2.1693 1.3853 0.4184, 2.1693 1.3983 0.4209, 2.1693 1.3907 0.4148, 2.1693 1.4011 0.4181, 2.1693 1.393 0.4125, 2.1693 1.4061 0.4111, 2.1693 1.3961 0.408, 2.1693 1.409 0.4035, 2.1693 1.3983 0.4022, 2.1693 1.4104 0.3925, 2.1693 1.3995 0.3922, 2.1693 1.4101 0.3874, 2.1693 1.3992 0.387, 2.1693 1.4082 0.378, 2.1693 1.3976 0.3797, 2.1693 1.4042 0.3697, 2.1654 1.3672 0.3514, 2.1654 1.3452 0.3514, 2.1654 1.3807 0.3531, 2.1654 1.3899 0.3566, 2.1654 1.3983 0.3627, 2.1654 1.4042 0.3697, 2.1654 1.4082 0.378, 2.1654 1.4101 0.3874, 2.1654 1.4104 0.3925, 2.1654 1.409 0.4035, 2.1654 1.4061 0.4111, 2.1654 1.4011 0.4181, 2.1654 1.3983 0.4209, 2.1654 1.3899 0.4266, 2.1654 1.3802 0.4302, 2.1654 1.368 0.4315, 2.1654 1.3452 0.4315, 2.1654 1.3676 0.4223, 2.1654 1.3555 0.4223, 2.1654 1.3555 0.3606, 2.1654 1.3671 0.3606, 2.1654 1.3909 0.3689, 2.1654 1.39 0.368, 2.1654 1.3848 0.3644, 2.1654 1.3782 0.3619, 2.1654 1.3995 0.3922, 2.1654 1.3992 0.387, 2.1654 1.3976 0.3797, 2.1654 1.3948 0.3737, 2.1654 1.3907 0.4148, 2.1654 1.393 0.4125, 2.1654 1.3961 0.408, 2.1654 1.3983 0.4022, 2.1654 1.3784 0.421, 2.1654 1.3853 0.4184, 2.1654 1.3853 0.4184
            ]
        }
        coordIndex [
            0,1,2,-1,3,4,5,-1,3,5,6,-1,6,5,7,-1,6,7,2,-1,2,7,8,-1,2,8,0,-1,9,1,10,-1,10,1,0,-1,10,11,9,-1,9,11,12,-1,13,14,15,-1,15,14,12,-1,15,12,16,-1,16,12,11,-1,13,17,14,-1,14,17,18,-1,17,19,18,-1,18,19,20,-1,18,20,21,-1,21,20,22,-1,21,22,23,-1,23,22,24,-1,23,24,25,-1,25,24,26,-1,25,26,27,-1,27,26,28,-1,27,28,29,-1,29,28,30,-1,29,30,31,-1,31,30,32,-1,31,32,33,-1,33,32,34,-1,33,34,35,-1,35,34,36,-1,35,36,37,-1,37,36,38,-1,37,38,39,-1,39,38,40,-1,39,40,41,-1,41,40,42,-1,41,42,43,-1,43,42,44,-1,43,44,45,-1,45,44,46,-1,45,46,47,-1,47,46,48,-1,47,48,49,-1,49,48,50,-1,49,50,51,-1,51,50,52,-1,51,52,53,-1,53,52,54,-1,53,54,55,-1,55,54,56,-1,55,56,57,-1,57,56,58,-1,57,58,59,-1,59,58,60,-1,59,60,61,-1,61,60,62,-1,61,62,63,-1,63,62,64,-1,63,64,65,-1,65,64,66,-1,65,66,67,-1,67,66,68,-1,67,68,69,-1,69,68,70,-1,69,70,71,-1,71,70,72,-1,71,72,73,-1,73,72,74,-1,73,74,75,-1,76,75,77,-1,77,75,74,-1,76,77,78,-1,76,78,79,-1,79,78,80,-1,79,80,81,-1,81,80,82,-1,81,82,83,-1,83,82,84,-1,83,84,85,-1,85,84,86,-1,85,86,87,-1,86,88,87,-1,87,88,89,-1,88,90,89,-1,89,90,91,-1,89,91,92,-1,92,91,93,-1,92,93,94,-1,94,93,95,-1,94,95,96,-1,96,95,97,-1,96,97,98,-1,98,97,99,-1,98,99,100,-1,100,99,101,-1,100,101,102,-1,103,104,105,-1,102,101,106,-1,102,106,107,-1,107,106,108,-1,107,108,105,-1,105,108,109,-1,105,109,103,-1,104,103,110,-1,104,110,111,-1,111,110,112,-1,111,112,113,-1,113,112,114,-1,113,114,115,-1,115,114,116,-1,115,116,117,-1,117,116,118,-1,117,118,119,-1,119,118,120,-1,119,120,121,-1,121,120,122,-1,121,122,123,-1,123,122,124,-1,123,124,125,-1,125,124,126,-1,125,126,127,-1,127,126,128,-1,127,128,129,-1,129,128,130,-1,129,130,131,-1,131,130,132,-1,131,132,133,-1,133,132,134,-1,133,134,135,-1,135,134,4,-1,135,4,3,-1,61,63,85,-1,85,63,83,-1,45,104,43,-1,43,104,111,-1,43,111,41,-1,14,3,12,-1,12,3,6,-1,12,6,9,-1,9,6,2,-1,9,2,1,-1,63,65,83,-1,83,65,67,-1,83,67,81,-1,81,67,69,-1,81,69,79,-1,79,69,71,-1,79,71,76,-1,76,71,73,-1,76,73,75,-1,41,111,39,-1,39,111,113,-1,39,113,37,-1,37,113,115,-1,37,115,35,-1,35,115,117,-1,35,117,33,-1,33,117,119,-1,33,119,31,-1,31,119,121,-1,31,121,29,-1,29,121,123,-1,29,123,27,-1,27,123,125,-1,27,125,25,-1,25,125,127,-1,25,127,23,-1,23,127,129,-1,23,129,21,-1,21,129,131,-1,21,131,18,-1,18,131,133,-1,18,133,14,-1,14,133,135,-1,14,135,3,-1,85,87,61,-1,61,87,89,-1,61,89,59,-1,59,89,92,-1,59,92,57,-1,57,92,94,-1,57,94,55,-1,55,94,96,-1,55,96,53,-1,53,96,98,-1,53,98,51,-1,51,98,100,-1,51,100,49,-1,49,100,102,-1,49,102,47,-1,47,102,107,-1,47,107,45,-1,45,107,105,-1,45,105,104,-1,136,137,138,-1,138,137,139,-1,140,136,141,-1,141,136,138,-1,140,141,142,-1,140,142,143,-1,143,142,144,-1,143,144,145,-1,146,145,147,-1,147,145,144,-1,148,146,149,-1,149,146,147,-1,150,151,152,-1,152,151,148,-1,152,148,149,-1,153,151,154,-1,154,151,150,-1,155,156,157,-1,157,156,153,-1,157,153,154,-1,158,159,160,-1,160,159,156,-1,160,156,155,-1,158,161,159,-1,159,161,162,-1,161,163,162,-1,162,163,164,-1,162,164,165,-1,165,164,166,-1,165,166,167,-1,167,166,168,-1,167,168,169,-1,169,168,170,-1,169,170,171,-1,171,170,172,-1,171,172,173,-1,173,172,174,-1,173,174,175,-1,176,175,177,-1,177,175,174,-1,176,177,178,-1,176,178,179,-1,179,178,180,-1,179,180,181,-1,181,180,182,-1,181,182,183,-1,183,182,184,-1,183,184,185,-1,184,186,185,-1,185,186,187,-1,185,187,188,-1,188,187,189,-1,188,189,190,-1,190,189,191,-1,190,191,192,-1,192,191,193,-1,192,193,194,-1,139,137,195,-1,195,137,194,-1,195,194,193,-1,143,145,194,-1,137,136,194,-1,194,136,140,-1,194,140,143,-1,151,153,148,-1,148,153,156,-1,148,156,146,-1,175,176,173,-1,173,176,179,-1,173,179,171,-1,171,179,181,-1,171,181,169,-1,169,181,183,-1,169,183,167,-1,167,183,185,-1,167,185,165,-1,145,146,194,-1,194,146,156,-1,194,156,192,-1,156,159,192,-1,192,159,162,-1,192,162,190,-1,190,162,165,-1,190,165,188,-1,188,165,185,-1,196,197,198,-1,198,197,199,-1,200,201,202,-1,202,201,196,-1,202,196,198,-1,203,201,204,-1,204,201,200,-1,205,206,207,-1,207,206,203,-1,207,203,204,-1,208,206,209,-1,209,206,205,-1,210,211,212,-1,212,211,208,-1,212,208,209,-1,213,211,214,-1,214,211,210,-1,215,216,217,-1,217,216,213,-1,217,213,214,-1,218,216,219,-1,219,216,215,-1,220,221,222,-1,222,221,218,-1,222,218,219,-1,223,221,224,-1,224,221,220,-1,199,197,225,-1,225,197,223,-1,225,223,224,-1,216,218,213,-1,213,218,221,-1,213,221,211,-1,197,196,223,-1,223,196,201,-1,223,201,203,-1,206,208,203,-1,203,208,211,-1,203,211,223,-1,223,211,221,-1,226,227,228,-1,228,227,229,-1,228,229,230,-1,230,229,231,-1,230,231,232,-1,232,231,233,-1,232,233,234,-1,234,233,235,-1,234,235,236,-1,236,235,237,-1,236,237,238,-1,238,237,239,-1,238,239,240,-1,240,239,241,-1,240,241,242,-1,242,241,243,-1,242,243,244,-1,244,243,245,-1,244,245,246,-1,246,245,247,-1,246,247,248,-1,248,247,249,-1,248,249,250,-1,250,249,251,-1,250,251,252,-1,252,251,253,-1,252,253,254,-1,254,253,255,-1,254,255,256,-1,256,255,257,-1,256,257,258,-1,258,257,259,-1,258,259,260,-1,260,259,226,-1,260,226,228,-1,234,236,261,-1,261,236,262,-1,234,261,263,-1,234,263,232,-1,232,263,264,-1,232,264,230,-1,230,264,265,-1,230,265,228,-1,228,265,266,-1,228,266,260,-1,260,266,267,-1,260,267,258,-1,258,267,268,-1,258,268,256,-1,256,268,269,-1,256,269,254,-1,254,269,270,-1,254,270,252,-1,252,270,271,-1,252,271,250,-1,250,271,272,-1,250,272,248,-1,248,272,273,-1,248,273,246,-1,246,273,274,-1,246,274,244,-1,244,274,275,-1,244,275,242,-1,242,275,276,-1,242,276,240,-1,238,240,277,-1,277,240,276,-1,236,238,262,-1,262,238,277,-1,241,239,278,-1,278,239,279,-1,239,237,279,-1,279,237,280,-1,237,235,280,-1,280,235,281,-1,227,282,283,-1,227,283,229,-1,229,283,284,-1,229,284,231,-1,231,284,285,-1,231,285,233,-1,233,285,281,-1,233,281,235,-1,255,286,287,-1,255,287,257,-1,257,287,288,-1,257,288,259,-1,259,288,289,-1,259,289,226,-1,226,289,282,-1,226,282,227,-1,247,290,291,-1,247,291,249,-1,249,291,292,-1,249,292,251,-1,251,292,293,-1,251,293,253,-1,253,293,286,-1,253,286,255,-1,241,278,294,-1,241,294,243,-1,243,294,295,-1,243,295,245,-1,245,295,290,-1,245,290,247,-1,
        ]
    }
}
Shape{
    appearance Appearance {
        material  Material 	{
            diffuseColor 1.0 1.0 1.0
            specularColor 0.5019607843137255 0.5019607843137255 0.5019607843137255
            ambientIntensity 0.2
            transparency 0
            shininess 0.5
        }
    }
    geometry IndexedFaceSet {
        ccw TRUE
        solid FALSE
        coord DEF co Coordinate {
            point [
                2.1654 1.3555 0.4223, 2.1654 1.3555 0.3606, 2.1654 1.3676 0.4223, 2.1654 1.3671 0.3606, 2.1654 1.3782 0.3619, 2.1654 1.3848 0.3644, 2.1654 1.39 0.368, 2.1654 1.3909 0.3689, 2.1654 1.3948 0.3737, 2.1654 1.3976 0.3797, 2.1654 1.3995 0.3922, 2.1654 1.3907 0.4148, 2.1654 1.3853 0.4184, 2.1654 1.3983 0.4022, 2.1654 1.3961 0.408, 2.1654 1.393 0.4125, 2.1654 1.3992 0.387, 2.1654 1.3784 0.421, 2.1654 1.3784 0.421
            ]
        }
        coordIndex [
            0,1,2,-1,2,1,3,-1,3,4,2,-1,2,4,5,-1,2,5,6,-1,6,7,2,-1,2,7,8,-1,2,8,9,-1,10,11,12,-1,13,14,10,-1,10,14,15,-1,10,15,11,-1,9,16,2,-1,2,16,10,-1,2,10,17,-1,17,10,12,-1,
        ]
    }
}
Shape{
    appearance Appearance {
        material  Material 	{
            diffuseColor 0.0 0.0 0.0
            specularColor 0.0 0.0 0.0
            ambientIntensity 0.2
            transparency 0
            shininess 0.5
        }
    }
    geometry IndexedFaceSet {
        ccw TRUE
        solid FALSE
        coord DEF co Coordinate {
            point [
                2.1693 1.4372 0.3824, 2.1693 1.4339 0.3733, 2.1693 1.4641 0.3824, 2.1693 1.4673 0.3733, 2.1693 1.4492 0.4157, 2.1693 1.4453 0.4315, 2.1693 1.4148 0.3514, 2.1693 1.4262 0.3514, 2.1693 1.4499 0.4181, 2.1693 1.4505 0.4213, 2.1693 1.4563 0.4315, 2.1693 1.4507 0.4213, 2.1693 1.4514 0.4179, 2.1693 1.452 0.4157, 2.1693 1.4868 0.3514, 2.1693 1.4754 0.3514, 2.1654 1.4563 0.4315, 2.1654 1.4868 0.3514, 2.1654 1.4453 0.4315, 2.1654 1.4148 0.3514, 2.1654 1.4262 0.3514, 2.1654 1.4339 0.3733, 2.1654 1.4673 0.3733, 2.1654 1.4754 0.3514, 2.1654 1.4372 0.3824, 2.1654 1.4641 0.3824, 2.1654 1.452 0.4157, 2.1654 1.4507 0.4213, 2.1654 1.4514 0.4179, 2.1654 1.4505 0.4213, 2.1654 1.4492 0.4157, 2.1654 1.4499 0.4181, 2.1654 1.4499 0.4181
            ]
        }
        coordIndex [
            0,1,2,-1,2,1,3,-1,4,5,0,-1,0,5,6,-1,0,6,1,-1,1,6,7,-1,4,8,5,-1,5,8,9,-1,5,9,10,-1,10,9,11,-1,10,11,12,-1,12,13,10,-1,10,13,2,-1,10,2,14,-1,14,2,3,-1,14,3,15,-1,10,14,16,-1,16,14,17,-1,5,10,18,-1,18,10,16,-1,6,5,19,-1,19,5,18,-1,7,6,20,-1,20,6,19,-1,1,7,21,-1,21,7,20,-1,3,1,22,-1,22,1,21,-1,15,3,23,-1,23,3,22,-1,14,15,17,-1,17,15,23,-1,0,2,24,-1,24,2,25,-1,2,13,25,-1,25,13,26,-1,11,27,28,-1,11,28,12,-1,12,28,26,-1,12,26,13,-1,11,9,27,-1,27,9,29,-1,4,30,31,-1,4,31,8,-1,8,31,29,-1,8,29,9,-1,4,0,30,-1,30,0,24,-1,
        ]
    }
}
Shape{
    appearance Appearance {
        material  Material 	{
            diffuseColor 1.0 1.0 1.0
            specularColor 0.5019607843137255 0.5019607843137255 0.5019607843137255
            ambientIntensity 0.2
            transparency 0
            shininess 0.5
        }
    }
    geometry IndexedFaceSet {
        ccw TRUE
        solid FALSE
        coord DEF co Coordinate {
            point [
                2.1654 1.4507 0.4213, 2.1654 1.4505 0.4213, 2.1654 1.4514 0.4179, 2.1654 1.4499 0.4181, 2.1654 1.452 0.4157, 2.1654 1.4492 0.4157, 2.1654 1.4641 0.3824, 2.1654 1.4372 0.3824, 2.1654 1.4372 0.3824
            ]
        }
        coordIndex [
            0,1,2,-1,2,1,3,-1,2,3,4,-1,4,3,5,-1,4,5,6,-1,6,5,7,-1,
        ]
    }
}
Shape{
    appearance Appearance {
        material  Material 	{
            diffuseColor 0.0 0.0 0.0
            specularColor 0.0 0.0 0.0
            ambientIntensity 0.2
            transparency 0
            shininess 0.5
        }
    }
    geometry IndexedFaceSet {
        ccw TRUE
        solid FALSE
        coord DEF co Coordinate {
            point [
                2.1693 0.6966 0.4894, 2.1693 0.7093 0.4961, 2.1693 0.7063 0.5311, 2.1693 0.8065 0.3378, 2.1693 0.8133 0.3505, 2.1693 0.8166 0.3646, 2.1693 0.7418 0.5328, 2.1693 0.7594 0.4912, 2.1693 0.7681 0.5092, 2.1693 0.7383 0.363, 2.1693 0.7373 0.3683, 2.1693 0.7065 0.3904, 2.1693 0.7059 0.3523, 2.1693 0.6987 0.3544, 2.1693 0.6941 0.3981, 2.1693 0.7287 0.5339, 2.1693 0.8966 0.4183, 2.1693 0.879 0.4485, 2.1693 0.8169 0.3762, 2.1693 0.8027 0.4087, 2.1693 0.8169 0.3705, 2.1693 0.7865 0.3202, 2.1693 0.7978 0.3281, 2.1693 0.7799 0.3784, 2.1693 0.7814 0.3732, 2.1693 0.7815 0.3677, 2.1693 0.7802 0.3622, 2.1693 0.7776 0.3573, 2.1693 0.7406 0.3582, 2.1693 0.7201 0.3296, 2.1693 0.7116 0.3401, 2.1693 0.9154 0.4747, 2.1693 0.92 0.4747, 2.1693 0.9433 0.5054, 2.1693 0.9308 0.4734, 2.1693 0.9461 0.5045, 2.1693 0.9407 0.4695, 2.1693 0.963 0.4961, 2.1693 0.9785 0.483, 2.1693 0.7534 0.5464, 2.1693 0.7809 0.5245, 2.1693 0.7668 0.5578, 2.1693 0.7961 0.5356, 2.1693 0.7823 0.5672, 2.1693 0.7233 0.4994, 2.1693 0.7292 0.4997, 2.1693 0.7352 0.5335, 2.1693 0.7426 0.4981, 2.1693 0.7554 0.4934, 2.1693 0.7743 0.3535, 2.1693 0.77 0.3504, 2.1693 0.7738 0.3153, 2.1693 0.765 0.3485, 2.1693 0.76 0.3136, 2.1693 0.7594 0.3477, 2.1693 0.7578 0.3136, 2.1693 0.7584 0.3478, 2.1693 0.7444 0.3157, 2.1693 0.7533 0.3486, 2.1693 0.7312 0.3212, 2.1693 0.7482 0.3508, 2.1693 0.7438 0.3541, 2.1693 0.9786 0.3768, 2.1693 0.9521 0.3994, 2.1693 0.9631 0.3637, 2.1693 0.9436 0.3925, 2.1693 0.9457 0.3552, 2.1693 0.9336 0.3878, 2.1693 0.9268 0.3512, 2.1693 0.9234 0.3859, 2.1693 0.8932 0.3512, 2.1693 0.8978 0.3859, 2.1693 0.89 0.3517, 2.1693 0.9496 0.4634, 2.1693 0.9561 0.456, 2.1693 0.9901 0.4668, 2.1693 0.9614 0.4462, 2.1693 0.9971 0.4494, 2.1693 0.9641 0.4353, 2.1693 0.9997 0.4309, 2.1693 0.9644 0.4303, 2.1693 0.997 0.4105, 2.1693 0.963 0.4192, 2.1693 0.9899 0.3925, 2.1693 0.9591 0.4091, 2.1693 0.9528 0.4002, 2.1693 0.9126 0.5504, 2.1693 0.8903 0.5242, 2.1693 0.9318 0.528, 2.1693 0.9031 0.5089, 2.1693 0.9119 0.4906, 2.1693 0.674 0.4566, 2.1693 0.6366 0.4471, 2.1693 0.6723 0.4428, 2.1693 0.6365 0.4417, 2.1693 0.673 0.434, 2.1693 0.6392 0.4194, 2.1693 0.6771 0.4201, 2.1693 0.6474 0.3982, 2.1693 0.6839 0.4086, 2.1693 0.6604 0.3796, 2.1693 0.6781 0.3645, 2.1693 0.7376 0.3738, 2.1693 0.7392 0.3792, 2.1693 0.7128 0.4027, 2.1693 0.7422 0.3839, 2.1693 0.7222 0.4134, 2.1693 0.7444 0.3863, 2.1693 0.7338 0.4215, 2.1693 0.7489 0.3895, 2.1693 0.7464 0.4263, 2.1693 0.7539 0.3914, 2.1693 0.76 0.428, 2.1693 0.7594 0.3921, 2.1693 0.7669 0.4276, 2.1693 0.7636 0.3918, 2.1693 0.7806 0.4242, 2.1693 0.7689 0.39, 2.1693 0.7927 0.4177, 2.1693 0.7736 0.387, 2.1693 0.7773 0.383, 2.1693 0.8086 0.5769, 2.1693 0.8147 0.5432, 2.1693 0.8351 0.58, 2.1693 0.8357 0.5459, 2.1693 0.8612 0.577, 2.1693 0.855 0.5435, 2.1693 0.8896 0.5662, 2.1693 0.8729 0.5366, 2.1693 0.8889 0.5255, 2.1693 0.6852 0.5229, 2.1693 0.6671 0.5102, 2.1693 0.6868 0.4806, 2.1693 0.6632 0.5066, 2.1693 0.6789 0.4693, 2.1693 0.6495 0.489, 2.1693 0.6404 0.4685, 2.1693 0.8949 0.3864, 2.1693 0.8812 0.3571, 2.1693 0.8825 0.3558, 2.1693 0.8966 0.386, 2.1693 0.8862 0.3532, 2.1693 0.8767 0.3688, 2.1693 0.8772 0.3646, 2.1693 0.8787 0.3607, 2.1693 0.8899 0.3859, 2.1693 0.886 0.3843, 2.1693 0.8768 0.3711, 2.1693 0.8825 0.3819, 2.1693 0.8802 0.3793, 2.1693 0.878 0.3754, 2.1693 0.8943 0.3865, 2.1654 0.9822 0.4778, 2.1654 0.9901 0.4668, 2.1654 0.9951 0.4543, 2.1654 0.9971 0.4494, 2.1654 0.9997 0.4309, 2.1654 0.9785 0.483, 2.1654 0.963 0.4961, 2.1654 0.9461 0.5045, 2.1654 0.9433 0.5054, 2.1654 0.9318 0.528, 2.1654 0.9126 0.5504, 2.1654 0.8998 0.5592, 2.1654 0.8896 0.5662, 2.1654 0.8612 0.577, 2.1654 0.8351 0.58, 2.1654 0.8086 0.5769, 2.1654 0.7823 0.5672, 2.1654 0.7691 0.5592, 2.1654 0.7668 0.5578, 2.1654 0.7534 0.5464, 2.1654 0.7418 0.5328, 2.1654 0.7352 0.5335, 2.1654 0.7287 0.5339, 2.1654 0.7063 0.5311, 2.1654 0.6852 0.5229, 2.1654 0.6671 0.5102, 2.1654 0.6632 0.5066, 2.1654 0.6495 0.489, 2.1654 0.6445 0.4778, 2.1654 0.6404 0.4685, 2.1654 0.6379 0.4543, 2.1654 0.6366 0.4471, 2.1654 0.6365 0.4417, 2.1654 0.6392 0.4194, 2.1654 0.6474 0.3982, 2.1654 0.6604 0.3796, 2.1654 0.6781 0.3645, 2.1654 0.6987 0.3544, 2.1654 0.7059 0.3523, 2.1654 0.7066 0.3508, 2.1654 0.7116 0.3401, 2.1654 0.7201 0.3296, 2.1654 0.7312 0.3212, 2.1654 0.7364 0.319, 2.1654 0.7444 0.3157, 2.1654 0.7578 0.3136, 2.1654 0.76 0.3136, 2.1654 0.8169 0.3705, 2.1654 0.7738 0.3153, 2.1654 0.7836 0.319, 2.1654 0.7865 0.3202, 2.1654 0.7978 0.3281, 2.1654 0.8065 0.3378, 2.1654 0.8133 0.3505, 2.1654 0.8133 0.3508, 2.1654 0.8166 0.3646, 2.1654 0.8169 0.3762, 2.1654 0.8966 0.4183, 2.1654 0.879 0.4485, 2.1654 0.8027 0.4087, 2.1654 0.7927 0.4177, 2.1654 0.7806 0.4242, 2.1654 0.7669 0.4276, 2.1654 0.76 0.428, 2.1654 0.7464 0.4263, 2.1654 0.7338 0.4215, 2.1654 0.7222 0.4134, 2.1654 0.7128 0.4027, 2.1654 0.7065 0.3904, 2.1654 0.6941 0.3981, 2.1654 0.6839 0.4086, 2.1654 0.6771 0.4201, 2.1654 0.673 0.434, 2.1654 0.6723 0.4428, 2.1654 0.6737 0.4543, 2.1654 0.674 0.4566, 2.1654 0.6789 0.4693, 2.1654 0.6848 0.4778, 2.1654 0.6868 0.4806, 2.1654 0.6966 0.4894, 2.1654 0.7093 0.4961, 2.1654 0.7233 0.4994, 2.1654 0.7292 0.4997, 2.1654 0.7426 0.4981, 2.1654 0.7554 0.4934, 2.1654 0.7594 0.4912, 2.1654 0.7681 0.5092, 2.1654 0.7809 0.5245, 2.1654 0.7961 0.5356, 2.1654 0.8147 0.5432, 2.1654 0.8357 0.5459, 2.1654 0.855 0.5435, 2.1654 0.8729 0.5366, 2.1654 0.8889 0.5255, 2.1654 0.8903 0.5242, 2.1654 0.9031 0.5089, 2.1654 0.9119 0.4906, 2.1654 0.9147 0.4778, 2.1654 0.9154 0.4747, 2.1654 0.92 0.4747, 2.1654 0.9308 0.4734, 2.1654 0.9407 0.4695, 2.1654 0.9496 0.4634, 2.1654 0.9561 0.456, 2.1654 0.957 0.4543, 2.1654 0.9614 0.4462, 2.1654 0.9641 0.4353, 2.1654 0.9644 0.4303, 2.1654 0.963 0.4192, 2.1654 0.9591 0.4091, 2.1654 0.9528 0.4002, 2.1654 0.9521 0.3994, 2.1654 0.9436 0.3925, 2.1654 0.9336 0.3878, 2.1654 0.9234 0.3859, 2.1654 0.8978 0.3859, 2.1654 0.8966 0.386, 2.1654 0.8949 0.3864, 2.1654 0.8943 0.3865, 2.1654 0.8899 0.3859, 2.1654 0.886 0.3843, 2.1654 0.8825 0.3819, 2.1654 0.8802 0.3793, 2.1654 0.878 0.3754, 2.1654 0.8768 0.3711, 2.1654 0.8767 0.3688, 2.1654 0.8772 0.3646, 2.1654 0.8787 0.3607, 2.1654 0.8812 0.3571, 2.1654 0.8825 0.3558, 2.1654 0.8862 0.3532, 2.1654 0.89 0.3517, 2.1654 0.8932 0.3512, 2.1654 0.9268 0.3512, 2.1654 0.9457 0.3552, 2.1654 0.9631 0.3637, 2.1654 0.9786 0.3768, 2.1654 0.9899 0.3925, 2.1654 0.997 0.4105, 2.1654 0.7594 0.3921, 2.1654 0.7636 0.3918, 2.1654 0.7689 0.39, 2.1654 0.7736 0.387, 2.1654 0.7773 0.383, 2.1654 0.7799 0.3784, 2.1654 0.7814 0.3732, 2.1654 0.7815 0.3677, 2.1654 0.7802 0.3622, 2.1654 0.7776 0.3573, 2.1654 0.7743 0.3535, 2.1654 0.77 0.3504, 2.1654 0.765 0.3485, 2.1654 0.7594 0.3477, 2.1654 0.7584 0.3478, 2.1654 0.7533 0.3486, 2.1654 0.7482 0.3508, 2.1654 0.7438 0.3541, 2.1654 0.7406 0.3582, 2.1654 0.7383 0.363, 2.1654 0.7373 0.3683, 2.1654 0.7376 0.3738, 2.1654 0.7392 0.3792, 2.1654 0.7422 0.3839, 2.1654 0.7444 0.3863, 2.1654 0.7489 0.3895, 2.1654 0.7539 0.3914, 2.1654 0.7539 0.3914
            ]
        }
        coordIndex [
            0,1,2,-1,3,4,5,-1,6,7,8,-1,9,10,11,-1,12,11,13,-1,13,11,14,-1,2,1,15,-1,16,17,18,-1,18,17,19,-1,18,19,20,-1,20,19,21,-1,20,21,5,-1,5,21,22,-1,5,22,3,-1,23,24,19,-1,19,24,25,-1,19,25,21,-1,21,25,26,-1,21,26,27,-1,28,9,29,-1,29,9,11,-1,29,11,30,-1,30,11,12,-1,31,32,33,-1,33,32,34,-1,33,34,35,-1,35,34,36,-1,35,36,37,-1,37,36,38,-1,6,8,39,-1,39,8,40,-1,39,40,41,-1,41,40,42,-1,41,42,43,-1,1,44,15,-1,15,44,45,-1,15,45,46,-1,46,45,47,-1,46,47,6,-1,6,47,48,-1,6,48,7,-1,27,49,21,-1,21,49,50,-1,21,50,51,-1,51,50,52,-1,51,52,53,-1,53,52,54,-1,53,54,55,-1,55,54,56,-1,55,56,57,-1,57,56,58,-1,57,58,59,-1,59,58,60,-1,59,60,29,-1,29,60,61,-1,29,61,28,-1,62,63,64,-1,64,63,65,-1,64,65,66,-1,66,65,67,-1,66,67,68,-1,68,67,69,-1,68,69,70,-1,70,69,71,-1,70,71,72,-1,36,73,38,-1,38,73,74,-1,38,74,75,-1,75,74,76,-1,75,76,77,-1,77,76,78,-1,77,78,79,-1,79,78,80,-1,79,80,81,-1,81,80,82,-1,81,82,83,-1,83,82,84,-1,83,84,62,-1,62,84,85,-1,62,85,63,-1,86,87,88,-1,88,87,89,-1,88,89,33,-1,33,89,90,-1,33,90,31,-1,91,92,93,-1,93,92,94,-1,93,94,95,-1,95,94,96,-1,95,96,97,-1,97,96,98,-1,97,98,99,-1,99,98,100,-1,99,100,14,-1,14,100,101,-1,14,101,13,-1,10,102,11,-1,11,102,103,-1,11,103,104,-1,104,103,105,-1,104,105,106,-1,106,105,107,-1,106,107,108,-1,108,107,109,-1,108,109,110,-1,110,109,111,-1,110,111,112,-1,112,111,113,-1,112,113,114,-1,114,113,115,-1,114,115,116,-1,116,115,117,-1,116,117,118,-1,118,117,119,-1,118,119,19,-1,19,119,120,-1,19,120,23,-1,43,42,121,-1,121,42,122,-1,121,122,123,-1,123,122,124,-1,123,124,125,-1,125,124,126,-1,125,126,127,-1,127,126,128,-1,127,128,86,-1,86,128,129,-1,86,129,87,-1,2,130,0,-1,0,130,131,-1,0,131,132,-1,132,131,133,-1,132,133,134,-1,134,133,135,-1,134,135,91,-1,91,135,136,-1,91,136,92,-1,137,138,139,-1,71,140,72,-1,72,140,137,-1,72,137,141,-1,141,137,139,-1,142,143,137,-1,137,143,144,-1,137,144,138,-1,145,146,147,-1,146,148,147,-1,147,148,149,-1,147,149,150,-1,142,137,147,-1,147,137,151,-1,147,151,145,-1,152,38,153,-1,153,38,75,-1,153,75,154,-1,154,75,77,-1,154,77,155,-1,155,77,79,-1,155,79,156,-1,152,157,38,-1,38,157,158,-1,38,158,37,-1,37,158,159,-1,37,159,35,-1,35,159,160,-1,35,160,33,-1,33,160,161,-1,33,161,88,-1,88,161,162,-1,88,162,86,-1,127,86,163,-1,163,86,162,-1,163,164,127,-1,127,164,165,-1,127,165,125,-1,125,165,166,-1,125,166,123,-1,123,166,167,-1,123,167,121,-1,121,167,168,-1,121,168,43,-1,43,168,41,-1,41,168,169,-1,41,169,170,-1,41,170,171,-1,41,171,39,-1,39,171,172,-1,39,172,6,-1,6,172,173,-1,6,173,46,-1,46,173,174,-1,46,174,15,-1,15,174,175,-1,15,175,2,-1,2,175,176,-1,2,176,130,-1,130,176,177,-1,130,177,131,-1,131,177,178,-1,131,178,133,-1,136,135,179,-1,179,135,133,-1,179,133,178,-1,179,180,136,-1,136,180,181,-1,136,181,92,-1,92,181,182,-1,182,183,92,-1,92,183,184,-1,92,184,94,-1,94,184,185,-1,94,185,96,-1,96,185,186,-1,96,186,98,-1,98,186,187,-1,98,187,100,-1,100,187,188,-1,100,188,101,-1,101,188,189,-1,101,189,13,-1,13,189,190,-1,13,190,12,-1,12,190,191,-1,12,191,30,-1,191,192,30,-1,30,192,193,-1,30,193,29,-1,29,193,194,-1,29,194,59,-1,59,194,195,-1,59,195,57,-1,195,196,57,-1,57,196,197,-1,57,197,55,-1,55,197,198,-1,55,198,53,-1,199,20,5,-1,53,198,200,-1,201,21,200,-1,200,21,51,-1,200,51,53,-1,201,202,21,-1,21,202,203,-1,21,203,22,-1,22,203,204,-1,22,204,3,-1,3,204,205,-1,3,205,4,-1,4,205,206,-1,4,206,5,-1,5,206,207,-1,5,207,199,-1,18,20,208,-1,208,20,199,-1,16,18,209,-1,209,18,208,-1,17,16,210,-1,210,16,209,-1,19,17,211,-1,211,17,210,-1,19,211,212,-1,19,212,118,-1,118,212,213,-1,118,213,116,-1,116,213,214,-1,116,214,114,-1,114,214,215,-1,114,215,112,-1,112,215,216,-1,112,216,110,-1,110,216,217,-1,110,217,108,-1,108,217,218,-1,108,218,106,-1,106,218,219,-1,106,219,104,-1,104,219,220,-1,104,220,11,-1,11,220,221,-1,11,221,14,-1,14,221,222,-1,14,222,99,-1,99,222,223,-1,99,223,97,-1,97,223,224,-1,97,224,95,-1,95,224,225,-1,95,225,93,-1,91,93,225,-1,225,226,91,-1,91,226,227,-1,91,227,228,-1,229,132,228,-1,228,132,134,-1,228,134,91,-1,229,230,132,-1,132,230,231,-1,132,231,0,-1,0,231,232,-1,0,232,1,-1,1,232,233,-1,1,233,44,-1,44,233,234,-1,44,234,45,-1,45,234,235,-1,45,235,47,-1,47,235,236,-1,47,236,48,-1,48,236,237,-1,48,237,7,-1,7,237,238,-1,7,238,8,-1,8,238,239,-1,8,239,40,-1,40,239,240,-1,40,240,42,-1,42,240,241,-1,42,241,122,-1,122,241,242,-1,122,242,124,-1,124,242,243,-1,124,243,126,-1,126,243,244,-1,126,244,128,-1,128,244,245,-1,128,245,129,-1,129,245,246,-1,129,246,87,-1,87,246,247,-1,87,247,89,-1,89,247,248,-1,89,248,90,-1,90,248,31,-1,31,248,249,-1,31,249,250,-1,32,31,251,-1,251,31,250,-1,32,251,252,-1,32,252,34,-1,34,252,253,-1,34,253,36,-1,36,253,254,-1,36,254,73,-1,73,254,255,-1,73,255,74,-1,74,255,256,-1,74,256,76,-1,256,257,76,-1,76,257,258,-1,76,258,78,-1,78,258,259,-1,78,259,80,-1,80,259,260,-1,80,260,82,-1,82,260,261,-1,82,261,84,-1,84,261,262,-1,84,262,85,-1,85,262,263,-1,85,263,63,-1,63,263,264,-1,63,264,65,-1,65,264,265,-1,65,265,67,-1,67,265,266,-1,67,266,69,-1,71,69,267,-1,267,69,266,-1,71,267,268,-1,71,268,140,-1,140,268,269,-1,140,269,137,-1,137,269,270,-1,137,270,151,-1,151,270,271,-1,151,271,145,-1,145,271,272,-1,145,272,146,-1,146,272,273,-1,146,273,148,-1,148,273,274,-1,148,274,149,-1,149,274,275,-1,149,275,150,-1,150,275,276,-1,150,276,147,-1,147,276,277,-1,147,277,142,-1,142,277,278,-1,142,278,143,-1,143,278,279,-1,143,279,144,-1,144,279,280,-1,144,280,138,-1,138,280,281,-1,138,281,139,-1,139,281,282,-1,139,282,141,-1,141,282,283,-1,141,283,72,-1,72,283,284,-1,72,284,70,-1,68,70,285,-1,285,70,284,-1,68,285,286,-1,68,286,66,-1,66,286,287,-1,66,287,64,-1,64,287,288,-1,64,288,62,-1,62,288,289,-1,62,289,83,-1,83,289,290,-1,83,290,81,-1,81,290,156,-1,81,156,79,-1,113,291,292,-1,113,292,115,-1,115,292,293,-1,115,293,117,-1,117,293,294,-1,117,294,119,-1,119,294,295,-1,119,295,120,-1,120,295,296,-1,120,296,23,-1,23,296,297,-1,23,297,24,-1,24,297,298,-1,24,298,25,-1,25,298,299,-1,25,299,26,-1,26,299,300,-1,26,300,27,-1,27,300,301,-1,27,301,49,-1,49,301,302,-1,49,302,50,-1,50,302,303,-1,50,303,52,-1,52,303,304,-1,52,304,54,-1,54,304,305,-1,54,305,56,-1,56,305,306,-1,56,306,58,-1,58,306,307,-1,58,307,60,-1,60,307,308,-1,60,308,61,-1,61,308,309,-1,61,309,28,-1,28,309,310,-1,28,310,9,-1,9,310,311,-1,9,311,10,-1,10,311,312,-1,10,312,102,-1,102,312,313,-1,102,313,103,-1,103,313,314,-1,103,314,105,-1,105,314,315,-1,105,315,107,-1,107,315,316,-1,107,316,109,-1,109,316,317,-1,109,317,111,-1,111,317,291,-1,111,291,113,-1,
        ]
    }
}
Shape{
    appearance Appearance {
        material  Material 	{
            diffuseColor 1.0 1.0 1.0
            specularColor 0.5019607843137255 0.5019607843137255 0.5019607843137255
            ambientIntensity 0.2
            transparency 0
            shininess 0.5
        }
    }
    geometry IndexedFaceSet {
        ccw TRUE
        solid FALSE
        coord DEF co Coordinate {
            point [
                2.1654 0.7584 0.3478, 2.1654 0.7444 0.3863, 2.1654 0.7422 0.3839, 2.1654 0.765 0.3485, 2.1654 0.77 0.3504, 2.1654 0.7636 0.3918, 2.1654 0.7594 0.3921, 2.1654 0.7539 0.3914, 2.1654 0.7489 0.3895, 2.1654 0.7383 0.363, 2.1654 0.7406 0.3582, 2.1654 0.7438 0.3541, 2.1654 0.7594 0.3477, 2.1654 0.7799 0.3784, 2.1654 0.7773 0.383, 2.1654 0.7776 0.3573, 2.1654 0.7736 0.387, 2.1654 0.7392 0.3792, 2.1654 0.7376 0.3738, 2.1654 0.7373 0.3683, 2.1654 0.7482 0.3508, 2.1654 0.7533 0.3486, 2.1654 0.7743 0.3535, 2.1654 0.7689 0.39, 2.1654 0.7802 0.3622, 2.1654 0.7815 0.3677, 2.1654 0.7814 0.3732, 2.1654 0.7814 0.3732
            ]
        }
        coordIndex [
            0,1,2,-1,3,4,5,-1,6,7,0,-1,0,7,8,-1,0,8,1,-1,9,10,2,-1,2,10,11,-1,6,0,5,-1,5,0,12,-1,5,12,3,-1,13,14,15,-1,15,14,16,-1,17,18,2,-1,2,18,19,-1,2,19,9,-1,11,20,2,-1,2,20,21,-1,2,21,0,-1,4,22,5,-1,5,22,15,-1,5,15,23,-1,23,15,16,-1,24,25,15,-1,15,25,26,-1,15,26,13,-1,
        ]
    }
}