#VRML V2.0 utf8
# 3D model generated by easyeda2kicad.py (https://github.com/uPesy/easyeda2kicad.py)

Shape{
    appearance Appearance {
        material  Material 	{
            diffuseColor 1.0 0.9098039215686274 0.8745098039215686
            specularColor 0.5019607843137255 0.4549019607843137 0.4392156862745098
            ambientIntensity 0.2
            transparency 0
            shininess 0.5
        }
    }
    geometry IndexedFaceSet {
        ccw TRUE
        solid FALSE
        coord DEF co Coordinate {
            point [
                1.4764 1.0236 0.3873, 1.4764 1.0236 0.4147, 1.4764 0.7542 0.4147, 1.4764 0.6351 0.2486, 1.4764 0.6372 0.2511, 1.4764 0.6372 0.2665, 1.4764 0.5947 0.2666, 1.4764 0.5933 0.2665, 1.4764 0.6155 0.2665, 1.4764 0.5239 0.5088, 1.4764 0.5308 0.5097, 1.4764 0.4937 0.5097, 1.4764 0.5479 0.4152, 1.4764 0.5419 0.4147, 1.4764 0.5728 0.4147, 1.4764 0.798 0.4155, 1.4764 0.7885 0.441, 1.4764 0.7542 0.441, 1.4764 0.3172 0.436, 1.4764 0.3352 0.4208, 1.4764 0.3982 0.5097, 1.4764 0.3982 0.4147, 1.4764 0.2806 0.4736, 1.4764 0.2942 0.4469, 1.4764 0.2975 0.4458, 1.4764 0.2311 0.5181, 1.4764 0.2434 0.5097, 1.4764 0.2583 0.4994, 1.4764 0.3982 2.2835, 1.4764 -0.9091 1.6582, 1.4764 -0.8856 1.6208, 1.4764 0.198 0.5305, 1.4764 0.168 0.5339, 1.4764 0.1366 0.5303, 1.4764 -1.0555 1.7314, 1.4764 -1.0192 1.7273, 1.4764 -1.0555 2.2835, 1.4764 -0.9776 1.7128, 1.4764 -0.9403 1.6893, 1.4764 0.1059 0.5188, 1.4764 -0.1575 0.9055, 1.4764 0.091 0.5097, 1.4764 -0.1575 0.5097, 1.4764 0.0883 0.508, 1.4764 -0.1575 0.4147, 1.4764 -0.0544 0.4147, 1.4764 -0.0485 0.4278, 1.4764 -0.0326 0.4483, 1.4764 0.0176 0.4769, 1.4764 0.0438 0.4801, 1.4764 0.0727 0.4947, 1.4764 0.0514 0.4797, 1.4764 0.0591 0.4788, 1.4764 -0.0281 0.4525, 1.4764 -0.007 0.4674, 1.4764 0.0172 0.2683, 1.4764 0.0088 0.2708, 1.4764 -0.1575 0.2665, 1.4764 -0.0152 0.2825, 1.4764 -0.0359 0.3001, 1.4764 -0.0511 0.3218, 1.4764 -0.0606 0.3465, 1.4764 -0.1575 0.3873, 1.4764 -0.0638 0.3725, 1.4764 -0.0636 0.3789, 1.4764 -0.0621 0.3873, 1.4764 -0.0591 0.4039, 1.4764 0.0468 0.232, 1.4764 0.0338 0.2418, 1.4764 -0.1575 0.2295, 1.4764 0.0239 0.254, 1.4764 0.0181 0.2665, 1.4764 0.0803 0.2231, 1.4764 -0.1575 -0.0787, 1.4764 0.0964 0.2251, 1.4764 0.3982 -0.0787, 1.4764 0.1078 0.2295, 1.4764 0.0778 0.2232, 1.4764 0.0621 0.2256, 1.4764 0.0529 0.2295, 1.4764 0.1426 0.2665, 1.4764 0.1425 0.2662, 1.4764 0.3982 0.2295, 1.4764 0.1346 0.2514, 1.4764 0.1245 0.24, 1.4764 0.1112 0.2308, 1.4764 0.3569 0.3816, 1.4764 0.36 0.3599, 1.4764 0.3982 0.3873, 1.4764 0.2274 0.3057, 1.4764 0.2319 0.3075, 1.4764 0.2397 0.3453, 1.4764 0.3354 0.2968, 1.4764 0.3173 0.2815, 1.4764 0.3982 0.2665, 1.4764 0.1301 0.334, 1.4764 0.2191 0.3805, 1.4764 0.1185 0.3446, 1.4764 0.1044 0.3521, 1.4764 0.2233 0.3028, 1.4764 0.3486 0.3152, 1.4764 0.3184 0.3651, 1.4764 0.3153 0.3779, 1.4764 0.3102 0.3873, 1.4764 -0.0203 0.3873, 1.4764 0.3569 0.3362, 1.4764 0.2371 0.3081, 1.4764 0.2377 0.3081, 1.4764 0.2397 0.3076, 1.4764 -0.0164 0.3474, 1.4764 -0.0085 0.3339, 1.4764 0.0252 0.327, 1.4764 0.0034 0.3217, 1.4764 0.0179 0.3128, 1.4764 0.0498 0.349, 1.4764 0.0362 0.3396, 1.4764 -0.0219 0.3739, 1.4764 -0.0211 0.3636, 1.4764 0.0645 0.3546, 1.4764 0.0803 0.3566, 1.4764 0.0884 0.3561, 1.4764 0.2165 0.2875, 1.4764 0.2167 0.2902, 1.4764 0.1468 0.2962, 1.4764 0.218 0.2952, 1.4764 0.2205 0.2997, 1.4764 0.3053 0.3241, 1.4764 0.3126 0.3345, 1.4764 0.3172 0.3463, 1.4764 0.3188 0.3593, 1.4764 0.232 0.2675, 1.4764 0.2276 0.2693, 1.4764 0.2233 0.2723, 1.4764 0.2218 0.2739, 1.4764 0.2189 0.2781, 1.4764 0.2171 0.2826, 1.4764 0.1464 0.2826, 1.4764 0.1468 0.2895, 1.4764 0.297 0.2716, 1.4764 0.2749 0.2669, 1.4764 0.2358 0.2669, 1.4764 0.2411 0.3075, 1.4764 0.271 0.3075, 1.4764 0.2829 0.3097, 1.4764 0.2946 0.3152, 1.4764 0.3044 0.3232, 1.4764 0.2617 0.4111, 1.4764 -0.0143 0.4048, 1.4764 -0.02 0.39, 1.4764 0.267 0.4111, 1.4764 0.3091 0.3893, 1.4764 0.3015 0.3978, 1.4764 0.2912 0.405, 1.4764 0.2796 0.4095, 1.4764 0.2473 0.451, 1.4764 0.2323 0.4689, 1.4764 0.0797 0.4303, 1.4764 0.2307 0.4704, 1.4764 0.212 0.4833, 1.4764 0.0898 0.4513, 1.4764 -0.0074 0.4147, 1.4764 0.075 0.4329, 1.4764 0.2609 0.4147, 1.4764 0.2576 0.4296, 1.4764 0.0601 0.4384, 1.4764 0.0445 0.4403, 1.4764 0.0375 0.4399, 1.4764 0.1047 0.4691, 1.4764 0.1912 0.4913, 1.4764 0.1225 0.4821, 1.4764 0.1687 0.4941, 1.4764 0.1442 0.4909, 1.4764 0.0211 0.436, 1.4764 0.0063 0.4282, 1.4764 -0.0051 0.418, 1.4764 0.3396 0.4147, 1.4764 0.3488 0.4019, 1.4764 0.3546 0.3873, 1.4764 0.7542 0.4861, 1.4764 0.7629 0.5089, 1.4764 0.7542 0.5097, 1.4764 0.7758 0.5089, 1.4764 0.8114 0.4155, 1.4764 1.0236 0.5097, 1.4764 0.7406 0.4155, 1.4764 0.7273 0.4155, 1.4764 0.7247 0.4147, 1.4764 0.7247 0.5097, 1.4764 0.7496 0.441, 1.4764 0.6155 0.4575, 1.4764 0.5902 0.4575, 1.4764 0.6155 0.4261, 1.4764 0.5902 0.4261, 1.4764 0.6155 0.5097, 1.4764 0.6155 0.5089, 1.4764 0.6263 0.5089, 1.4764 0.6155 0.4682, 1.4764 0.6236 0.4682, 1.4764 0.6263 0.4981, 1.4764 0.6372 0.5097, 1.4764 0.6372 0.4147, 1.4764 0.6236 0.4575, 1.4764 0.6284 0.4261, 1.4764 0.6284 0.4155, 1.4764 0.6155 0.4147, 1.4764 0.6155 0.4981, 1.4764 0.5902 0.4981, 1.4764 0.5902 0.4682, 1.4764 0.5782 0.5089, 1.4764 0.5728 0.5097, 1.4764 0.5782 0.4155, 1.4764 0.5595 0.5066, 1.4764 0.5496 0.5095, 1.4764 0.5474 0.5097, 1.4764 0.6155 0.4155, 1.4764 0.5595 0.494, 1.4764 0.5579 0.4185, 1.4764 0.5375 0.4996, 1.4764 0.5334 0.4994, 1.4764 0.5269 0.4255, 1.4764 0.5354 0.4246, 1.4764 0.5414 0.4249, 1.4764 0.5584 0.4946, 1.4764 0.5517 0.4272, 1.4764 0.5595 0.4309, 1.4764 0.5595 0.4193, 1.4764 0.5138 0.4321, 1.4764 0.5023 0.4573, 1.4764 0.5114 0.4345, 1.4764 0.5039 0.4481, 1.4764 0.5069 0.4406, 1.4764 0.549 0.4982, 1.4764 0.5253 0.4977, 1.4764 0.518 0.4942, 1.4764 0.512 0.4892, 1.4764 0.5113 0.4885, 1.4764 0.5068 0.482, 1.4764 0.5037 0.4739, 1.4764 0.5022 0.4611, 1.4764 0.52 0.428, 1.4764 0.5373 0.5104, 1.4764 0.4937 2.2835, 1.4764 0.5728 2.2835, 1.4764 0.4963 0.4878, 1.4764 0.503 0.4967, 1.4764 0.5051 0.4987, 1.4764 0.5141 0.505, 1.4764 0.4937 0.4392, 1.4764 0.4914 0.4453, 1.4764 0.4881 0.4147, 1.4764 0.4895 0.4604, 1.4764 0.4897 0.4653, 1.4764 0.4881 0.5097, 1.4764 0.4918 0.4775, 1.4764 0.4937 0.4819, 1.4764 0.4937 0.3873, 1.4764 0.525 0.4147, 1.4764 0.4937 0.4147, 1.4764 0.5167 0.4166, 1.4764 0.508 0.4211, 1.4764 0.5015 0.4266, 1.4764 0.5007 0.4275, 1.4764 0.4952 0.4355, 1.4764 0.5728 0.3873, 1.4764 0.5336 0.4139, 1.4764 0.5266 0.4143, 1.4764 0.7542 1.7655, 1.4764 0.748 1.7717, 1.4764 1.0236 1.4961, 1.4764 -0.8711 1.5792, 1.4764 -0.8661 1.5354, 1.4764 -0.8661 1.4173, 1.4764 -1.0555 0.9055, 1.4764 -1.0555 1.4173, 1.4764 -1.811 0.9055, 1.4764 -2.0472 1.4173, 1.4764 -1.811 0.7087, 1.4764 -2.0472 0.5097, 1.4764 -1.1024 0.7087, 1.4764 -2.0472 -0.0787, 1.4764 -1.1024 -0.0787, 1.4764 -2.0472 0.2295, 1.4764 -1.1024 0.2295, 1.4764 -2.0472 0.2665, 1.4764 -1.1024 0.2665, 1.4764 -2.0472 0.3873, 1.4764 -1.1024 0.3873, 1.4764 -2.0472 0.4147, 1.4764 -1.1024 0.4147, 1.4764 -1.1024 0.5097, 1.4764 -2.0472 2.2835, 1.4764 -2.0472 1.7323, 1.4764 -1.063 1.7323, 1.4764 0.7196 0.4465, 1.4764 0.715 0.4368, 1.4764 0.6889 0.5097, 1.4764 0.6889 0.5066, 1.4764 0.6983 0.5032, 1.4764 0.6889 0.4179, 1.4764 0.6889 0.4147, 1.4764 0.6982 0.4215, 1.4764 0.708 0.4285, 1.4764 0.708 0.4965, 1.4764 0.7114 0.4932, 1.4764 0.7171 0.4851, 1.4764 0.7206 0.4762, 1.4764 0.7221 0.4634, 1.4764 0.7218 0.4574, 1.4764 0.6727 0.5089, 1.4764 0.687 0.5073, 1.4764 0.6876 0.4174, 1.4764 0.6718 0.4155, 1.4764 0.6461 0.4155, 1.4764 0.6461 0.5089, 1.4764 0.5299 0.2681, 1.4764 0.5254 0.2665, 1.4764 0.5398 0.2673, 1.4764 0.5026 0.2991, 1.4764 0.5044 0.3179, 1.4764 0.5003 0.2957, 1.4764 0.4987 0.2916, 1.4764 0.5339 0.2708, 1.4764 0.5121 0.2665, 1.4764 0.5076 0.2682, 1.4764 0.4937 0.2665, 1.4764 0.4999 0.2759, 1.4764 0.4985 0.2798, 1.4764 0.5044 0.3293, 1.4764 0.5069 0.3307, 1.4764 0.5393 0.3334, 1.4764 0.5693 0.3239, 1.4764 0.5715 0.3271, 1.4764 0.5062 0.3022, 1.4764 0.5112 0.3047, 1.4764 0.5116 0.3226, 1.4764 0.52 0.3069, 1.4764 0.5303 0.3256, 1.4764 0.5263 0.326, 1.4764 0.5189 0.3252, 1.4764 0.5036 0.2709, 1.4764 0.5023 0.2723, 1.4764 0.5398 0.2776, 1.4764 0.5395 0.2776, 1.4764 0.5376 0.2747, 1.4764 0.5156 0.3341, 1.4764 0.5274 0.3355, 1.4764 0.5344 0.3349, 1.4764 0.4979 0.2851, 1.4764 0.4979 0.2866, 1.4764 0.5432 0.3312, 1.4764 0.5463 0.3282, 1.4764 0.5679 0.3202, 1.4764 0.5487 0.3244, 1.4764 0.5506 0.3191, 1.4764 0.5398 0.3097, 1.4764 0.5394 0.3148, 1.4764 0.5382 0.319, 1.4764 0.5368 0.3214, 1.4764 0.5727 0.3034, 1.4764 0.5674 0.2817, 1.4764 0.5728 0.3034, 1.4764 0.5718 0.279, 1.4764 0.5728 0.2786, 1.4764 0.5708 0.3054, 1.4764 0.5692 0.3079, 1.4764 0.5515 0.3102, 1.4764 0.5679 0.3114, 1.4764 0.5674 0.316, 1.4764 0.535 0.3233, 1.4764 0.533 0.3246, 1.4764 0.5251 0.2664, 1.4764 0.5728 0.2295, 1.4764 0.4937 0.2295, 1.4764 0.5191 0.2657, 1.4764 0.5123 0.2665, 1.4764 0.5674 0.2696, 1.4764 0.5515 0.2673, 1.4764 0.5728 0.2676, 1.4764 0.5728 0.2665, 1.4764 0.5748 0.2669, 1.4764 0.5785 0.2665, 1.4764 0.5855 0.2657, 1.4764 0.6092 0.3325, 1.4764 0.6092 0.3212, 1.4764 0.5749 0.3302, 1.4764 0.5785 0.3323, 1.4764 0.6119 0.2807, 1.4764 0.6104 0.277, 1.4764 0.6082 0.2739, 1.4764 0.5728 0.3283, 1.4764 0.5849 0.3346, 1.4764 0.5934 0.3355, 1.4764 0.6155 0.3873, 1.4764 0.6013 0.3348, 1.4764 0.6085 0.2964, 1.4764 0.6107 0.2932, 1.4764 0.6119 0.2898, 1.4764 0.6124 0.2854, 1.4764 0.6049 0.271, 1.4764 0.6011 0.2688, 1.4764 0.5923 0.326, 1.4764 0.5888 0.3257, 1.4764 0.5795 0.317, 1.4764 0.5857 0.3249, 1.4764 0.583 0.3235, 1.4764 0.5796 0.3155, 1.4764 0.5801 0.3137, 1.4764 0.5809 0.3121, 1.4764 0.582 0.3108, 1.4764 0.5862 0.3082, 1.4764 0.6001 0.3251, 1.4764 0.5934 0.3051, 1.4764 0.6067 0.3227, 1.4764 0.5979 0.3033, 1.4764 0.6057 0.2989, 1.4764 0.5813 0.322, 1.4764 0.5803 0.3205, 1.4764 0.5797 0.3189, 1.4764 0.5791 0.2761, 1.4764 0.5851 0.2966, 1.4764 0.5782 0.2998, 1.4764 0.5866 0.2752, 1.4764 0.5871 0.2752, 1.4764 0.5928 0.2934, 1.4764 0.5931 0.2759, 1.4764 0.6004 0.2843, 1.4764 0.6003 0.2857, 1.4764 0.5961 0.277, 1.4764 0.5972 0.2777, 1.4764 0.5986 0.2789, 1.4764 0.5996 0.2804, 1.4764 0.6002 0.282, 1.4764 0.5998 0.2875, 1.4764 0.5989 0.2891, 1.4764 0.5974 0.2906, 1.4764 0.6704 0.334, 1.4764 0.6826 0.334, 1.4764 0.6889 0.3873, 1.4764 0.649 0.2838, 1.4764 0.6505 0.2783, 1.4764 0.6508 0.2783, 1.4764 0.6372 0.3873, 1.4764 0.6372 0.3177, 1.4764 0.6522 0.2837, 1.4764 0.6513 0.2806, 1.4764 0.6372 0.2863, 1.4764 0.6185 0.334, 1.4764 0.6316 0.334, 1.4764 0.6447 0.2674, 1.4764 0.6443 0.2665, 1.4764 0.6395 0.2553, 1.4764 0.6155 0.2295, 1.4764 0.6209 0.2368, 1.4764 0.6209 0.2472, 1.4764 0.6233 0.2464, 1.4764 0.6276 0.2459, 1.4764 0.6372 0.2379, 1.4764 0.6332 0.2364, 1.4764 0.6372 0.2295, 1.4764 0.6285 0.2358, 1.4764 0.6259 0.2359, 1.4764 0.6304 0.2462, 1.4764 0.633 0.2472, 1.4764 0.6523 0.2572, 1.4764 0.647 0.2469, 1.4764 0.6889 0.2295, 1.4764 0.6559 0.2665, 1.4764 0.6427 0.2417, 1.4764 0.6419 0.241, 1.4764 0.6378 0.2381, 1.4764 0.7247 0.3093, 1.4764 0.7072 0.3093, 1.4764 0.7247 0.2779, 1.4764 0.7072 0.2779, 1.4764 0.7542 0.3873, 1.4764 0.7433 0.3607, 1.4764 0.7433 0.3499, 1.4764 0.7406 0.32, 1.4764 0.7406 0.3093, 1.4764 0.7542 0.2665, 1.4764 0.7454 0.2779, 1.4764 0.7454 0.2673, 1.4764 0.7247 0.2665, 1.4764 0.7247 0.3499, 1.4764 0.7247 0.32, 1.4764 0.7072 0.3499, 1.4764 0.7072 0.32, 1.4764 0.7247 0.2673, 1.4764 0.6952 0.2673, 1.4764 0.6889 0.2665, 1.4764 0.6952 0.3607, 1.4764 0.7247 0.3607, 1.4764 0.7247 0.3873, 1.4764 0.6155 2.2835, 1.4764 0.6372 2.2835, 1.4764 0.6889 2.2835, 1.4764 0.7247 2.2835, 1.4764 0.748 2.2835, 1.4764 0.4881 2.2835, 1.4764 0.4857 0.4261, 1.4764 0.4857 0.4155, 1.4764 0.4365 0.4155, 1.4764 0.4365 0.5089, 1.4764 0.4485 0.5089, 1.4764 0.4485 0.4261, 1.4764 0.4881 0.3873, 1.4764 0.8388 0.3092, 1.4764 0.8366 0.2983, 1.4764 0.8443 0.2673, 1.4764 0.832 0.2886, 1.4764 0.763 0.2673, 1.4764 0.7887 0.2673, 1.4764 1.0236 0.2665, 1.4764 0.763 0.3607, 1.4764 0.8799 0.3607, 1.4764 0.8928 0.3607, 1.4764 0.8391 0.3152, 1.4764 0.8376 0.328, 1.4764 0.825 0.2803, 1.4764 0.8152 0.2733, 1.4764 0.8045 0.2692, 1.4764 0.825 0.3483, 1.4764 0.8283 0.3451, 1.4764 0.8341 0.3369, 1.4764 0.7897 0.3607, 1.4764 0.804 0.3591, 1.4764 0.8152 0.355, 1.4764 0.9283 0.2673, 1.4764 0.915 0.2673, 1.4764 0.8576 0.2673, 1.4764 0.8666 0.2928, 1.4764 0.9055 0.2928, 1.4764 0.4881 0.2665, 1.4764 0.4365 0.2673, 1.4764 0.4485 0.3093, 1.4764 0.4485 0.2779, 1.4764 0.4819 0.3093, 1.4764 0.4867 0.2779, 1.4764 0.4819 0.32, 1.4764 0.4365 0.3607, 1.4764 0.4846 0.3607, 1.4764 0.4846 0.3499, 1.4764 0.4485 0.3499, 1.4764 0.4485 0.32, 1.4764 0.4867 0.2673, 1.4764 0.7247 0.2295, 1.4764 0.7542 0.2295, 1.4764 1.0236 0.2295, 1.4764 0.4881 0.2295, 1.4764 0.4881 -0.0787, 1.4764 0.4937 -0.0787, 1.4764 0.5728 -0.0787, 1.4764 0.6155 -0.0787, 1.4764 0.6372 -0.0787, 1.4764 0.6889 -0.0787, 1.4764 0.7247 -0.0787, 1.4764 0.7542 -0.0787, 1.4764 1.0236 -0.0787, 0.7087 0.4724 0.9055, 0.7087 0.4724 0.1969, 0.8268 0.4724 0.9055, 1.2008 0.4724 0.1969, 0.8268 0.4724 2.0079, 1.2008 0.4724 2.0079, 0.2756 0.4724 0.1969, 0.2756 0.4724 0.9055, -0.2756 0.4724 0.1969, 0.1575 0.4724 0.9055, -0.2756 0.4724 0.9055, -0.1575 0.4724 0.9055, -0.1575 0.4724 2.0079, 0.1575 0.4724 2.0079, 0.7087 0.3937 0.1969, 0.2756 0.3937 0.1969, -1.2008 -1.9685 0.1969, 1.2008 -1.9685 0.1969, -0.7087 0.4724 0.1969, -1.2008 0.4724 0.1969, -0.7087 0.3937 0.1969, -0.2756 0.3937 0.1969, 0.7087 0.3937 0.9055, 0.8268 0.3543 0.9055, 0.2756 0.3937 0.9055, 0.1575 0.3543 0.9055, 0.8268 0.3543 2.0079, 1.2008 -1.9685 2.0079, -1.2008 -1.9685 2.0079, -1.2008 0.4724 2.0079, -0.8268 0.3543 2.0079, -0.8268 0.4724 2.0079, -0.6886 -0.8014 2.0079, -0.7563 -0.912 2.0079, -0.7547 -1.795 2.0079, -0.8178 -1.9685 2.0079, -0.8465 -1.5982 2.0079, 0.8178 -1.9685 2.0079, 0.7547 -1.795 2.0079, 0.8465 -1.5982 2.0079, -0.6043 -0.7027 2.0079, 0.6886 -0.8014 2.0079, 0.6043 -0.7027 2.0079, -0.1575 0.3543 2.0079, 0.5709 -0.6693 2.0079, -0.5709 -0.6693 2.0079, 0.1575 0.3543 2.0079, 0.7563 -0.912 2.0079, -0.806 -1.0319 2.0079, -0.8363 -1.158 2.0079, -0.8465 -1.2873 2.0079, 0.8465 -1.2873 2.0079, 0.8363 -1.158 2.0079, 0.806 -1.0319 2.0079, -0.8268 0.4724 0.9055, -0.7087 0.4724 0.9055, -0.2756 0.3937 0.9055, -0.1575 0.3543 0.9055, -0.7087 0.3937 0.9055, -0.8268 0.3543 0.9055, -0.8268 0.3543 0.9055
            ]
        }
        coordIndex [
            0,1,2,-1,3,4,5,-1,6,7,8,-1,9,10,11,-1,12,13,14,-1,15,16,17,-1,18,19,20,-1,20,19,21,-1,22,23,20,-1,20,23,24,-1,20,24,18,-1,25,26,20,-1,20,26,27,-1,20,27,22,-1,28,29,30,-1,31,28,32,-1,32,28,33,-1,34,35,36,-1,36,35,37,-1,36,37,28,-1,28,37,38,-1,28,38,29,-1,33,28,39,-1,39,28,40,-1,39,40,41,-1,41,40,42,-1,41,42,43,-1,44,45,42,-1,42,45,46,-1,42,46,47,-1,42,48,43,-1,43,48,49,-1,43,49,50,-1,50,49,51,-1,50,51,52,-1,47,53,42,-1,42,53,54,-1,42,54,48,-1,55,56,57,-1,57,56,58,-1,57,58,59,-1,59,60,57,-1,57,60,61,-1,57,61,62,-1,62,61,63,-1,63,64,62,-1,62,64,65,-1,62,65,44,-1,44,65,66,-1,44,66,45,-1,67,68,69,-1,69,68,70,-1,69,70,57,-1,57,70,71,-1,57,71,55,-1,72,73,74,-1,74,73,75,-1,74,75,76,-1,72,77,73,-1,73,77,78,-1,73,78,69,-1,69,78,79,-1,69,79,67,-1,80,81,82,-1,82,81,83,-1,83,84,82,-1,82,84,85,-1,82,85,76,-1,86,87,88,-1,89,90,91,-1,92,93,94,-1,95,96,97,-1,97,96,98,-1,89,91,99,-1,92,94,100,-1,101,102,96,-1,96,102,103,-1,96,103,104,-1,88,87,94,-1,94,87,105,-1,94,105,100,-1,90,106,91,-1,91,106,107,-1,91,107,108,-1,109,110,111,-1,111,110,112,-1,111,112,113,-1,114,104,115,-1,115,104,116,-1,115,116,111,-1,111,116,117,-1,111,117,109,-1,114,118,104,-1,104,118,119,-1,104,119,96,-1,96,119,120,-1,96,120,98,-1,121,122,123,-1,123,122,124,-1,123,124,91,-1,91,124,125,-1,91,125,99,-1,126,127,91,-1,91,127,128,-1,91,128,96,-1,96,128,129,-1,96,129,101,-1,130,131,80,-1,80,131,132,-1,80,132,133,-1,133,134,80,-1,80,134,135,-1,80,135,136,-1,136,135,121,-1,136,121,137,-1,137,121,123,-1,93,138,94,-1,94,138,139,-1,94,139,80,-1,80,139,140,-1,80,140,130,-1,108,141,91,-1,91,141,142,-1,91,142,143,-1,143,144,91,-1,91,144,145,-1,91,145,126,-1,146,147,148,-1,148,104,146,-1,146,104,103,-1,146,103,149,-1,149,103,150,-1,150,151,149,-1,149,151,152,-1,149,152,153,-1,154,155,156,-1,155,157,156,-1,156,157,158,-1,156,158,159,-1,160,156,161,-1,147,146,160,-1,160,146,162,-1,160,162,156,-1,156,162,163,-1,156,163,154,-1,161,164,160,-1,160,164,165,-1,160,165,166,-1,159,158,167,-1,167,158,168,-1,167,168,169,-1,169,168,170,-1,169,170,171,-1,172,173,166,-1,166,173,174,-1,166,174,160,-1,19,175,21,-1,21,175,176,-1,21,176,88,-1,88,176,177,-1,88,177,86,-1,178,179,180,-1,180,179,181,-1,15,2,182,-1,182,2,1,-1,182,1,181,-1,181,1,183,-1,181,183,180,-1,184,185,186,-1,186,185,187,-1,15,17,2,-1,2,17,188,-1,2,188,184,-1,189,190,191,-1,191,190,192,-1,193,194,195,-1,196,197,198,-1,193,195,199,-1,199,195,198,-1,199,198,200,-1,200,198,197,-1,200,197,201,-1,189,191,201,-1,201,191,202,-1,201,202,200,-1,200,202,203,-1,200,203,204,-1,198,205,196,-1,196,205,206,-1,196,206,207,-1,194,193,208,-1,208,193,209,-1,208,209,210,-1,211,209,212,-1,212,209,213,-1,203,214,204,-1,204,214,210,-1,204,210,14,-1,14,210,209,-1,14,209,215,-1,215,209,211,-1,12,14,216,-1,217,218,219,-1,220,221,222,-1,222,221,223,-1,222,223,215,-1,215,223,224,-1,215,224,14,-1,14,224,225,-1,14,225,216,-1,226,227,228,-1,228,227,229,-1,228,229,230,-1,220,222,219,-1,219,222,231,-1,219,231,217,-1,218,232,219,-1,219,232,233,-1,219,233,234,-1,234,235,219,-1,219,235,236,-1,219,236,237,-1,237,238,219,-1,219,238,227,-1,219,227,239,-1,239,227,226,-1,240,213,241,-1,241,213,242,-1,11,243,244,-1,244,245,11,-1,11,245,246,-1,11,246,9,-1,247,248,249,-1,249,248,250,-1,250,251,252,-1,252,251,253,-1,252,253,11,-1,11,253,254,-1,11,254,243,-1,255,256,257,-1,257,256,258,-1,257,258,259,-1,259,260,257,-1,257,260,261,-1,257,261,262,-1,263,264,255,-1,255,264,265,-1,255,265,256,-1,266,267,187,-1,185,178,187,-1,187,178,180,-1,187,180,266,-1,266,180,183,-1,266,183,268,-1,30,269,28,-1,28,269,270,-1,28,270,40,-1,40,270,271,-1,40,271,272,-1,272,271,273,-1,272,273,274,-1,274,273,275,-1,274,275,276,-1,276,275,277,-1,276,277,278,-1,279,280,281,-1,281,280,282,-1,281,282,283,-1,283,282,284,-1,283,284,285,-1,285,284,286,-1,285,286,287,-1,287,286,288,-1,287,288,277,-1,277,288,289,-1,277,289,278,-1,290,291,36,-1,36,291,292,-1,36,292,34,-1,293,294,186,-1,295,296,187,-1,187,296,297,-1,298,299,300,-1,300,299,186,-1,300,186,301,-1,301,186,294,-1,297,302,187,-1,187,302,303,-1,187,303,304,-1,304,305,187,-1,187,305,306,-1,187,306,186,-1,186,306,307,-1,186,307,293,-1,199,308,295,-1,295,308,309,-1,295,309,296,-1,298,310,299,-1,299,310,311,-1,299,311,200,-1,200,311,312,-1,200,312,199,-1,199,312,313,-1,199,313,308,-1,314,315,316,-1,317,318,319,-1,319,318,320,-1,314,316,321,-1,322,323,324,-1,324,325,326,-1,255,327,328,-1,329,330,331,-1,317,332,318,-1,318,332,333,-1,318,333,334,-1,334,333,335,-1,336,337,335,-1,335,337,338,-1,335,338,334,-1,323,339,324,-1,324,339,340,-1,324,340,325,-1,341,342,316,-1,316,342,343,-1,316,343,321,-1,328,344,255,-1,255,344,345,-1,255,345,346,-1,326,347,324,-1,324,347,348,-1,324,348,255,-1,255,348,320,-1,255,320,327,-1,327,320,318,-1,329,349,330,-1,330,349,350,-1,330,350,351,-1,351,350,352,-1,351,352,353,-1,354,355,335,-1,335,355,356,-1,335,356,357,-1,358,359,360,-1,360,359,361,-1,360,361,362,-1,363,364,365,-1,365,364,366,-1,365,366,353,-1,353,366,367,-1,353,367,351,-1,357,368,335,-1,335,368,369,-1,335,369,336,-1,315,370,371,-1,371,370,372,-1,372,370,373,-1,372,373,374,-1,358,363,359,-1,359,363,365,-1,359,365,375,-1,375,365,376,-1,375,376,377,-1,377,376,378,-1,377,378,379,-1,379,378,380,-1,381,380,371,-1,371,380,378,-1,371,378,315,-1,315,378,376,-1,315,376,316,-1,382,383,8,-1,384,385,263,-1,386,387,8,-1,8,387,388,-1,346,329,255,-1,255,329,331,-1,255,331,263,-1,263,331,389,-1,263,389,384,-1,385,390,263,-1,263,390,391,-1,263,391,392,-1,392,391,393,-1,392,393,382,-1,394,395,383,-1,383,395,396,-1,383,396,8,-1,8,396,397,-1,8,397,386,-1,388,398,8,-1,8,398,399,-1,8,399,6,-1,400,401,402,-1,402,401,403,-1,402,403,404,-1,402,405,400,-1,400,405,406,-1,400,406,407,-1,407,408,400,-1,400,408,409,-1,400,409,410,-1,410,409,411,-1,410,411,412,-1,412,411,413,-1,412,413,383,-1,383,413,414,-1,383,414,394,-1,415,416,404,-1,404,416,417,-1,404,417,402,-1,418,419,362,-1,362,419,420,-1,362,420,360,-1,418,421,419,-1,419,421,422,-1,419,422,423,-1,423,422,424,-1,423,425,426,-1,424,427,423,-1,423,427,428,-1,423,428,429,-1,429,430,423,-1,423,430,431,-1,423,431,425,-1,426,432,423,-1,423,432,433,-1,423,433,434,-1,435,436,437,-1,438,439,440,-1,437,441,435,-1,435,441,442,-1,435,442,443,-1,443,442,438,-1,443,438,444,-1,444,438,440,-1,5,445,8,-1,8,445,446,-1,382,8,392,-1,392,8,446,-1,392,446,441,-1,441,446,447,-1,441,447,442,-1,448,445,449,-1,449,445,5,-1,449,5,450,-1,450,5,4,-1,451,452,453,-1,381,371,7,-1,7,371,451,-1,7,451,8,-1,8,451,453,-1,8,453,5,-1,5,453,454,-1,5,454,455,-1,456,457,458,-1,458,457,459,-1,458,459,451,-1,451,459,460,-1,451,460,452,-1,455,461,5,-1,5,461,462,-1,5,462,3,-1,463,464,465,-1,463,465,466,-1,464,467,465,-1,465,467,468,-1,465,468,458,-1,458,468,469,-1,458,469,456,-1,470,471,472,-1,472,471,473,-1,474,475,476,-1,477,478,479,-1,470,472,478,-1,478,472,480,-1,478,480,479,-1,479,480,481,-1,479,481,482,-1,476,483,484,-1,484,483,485,-1,484,485,486,-1,481,487,482,-1,482,487,488,-1,482,488,489,-1,489,488,490,-1,475,474,491,-1,491,474,492,-1,491,492,490,-1,490,492,437,-1,490,437,489,-1,489,437,436,-1,489,436,466,-1,213,209,242,-1,242,209,193,-1,242,193,493,-1,493,193,199,-1,493,199,494,-1,494,199,295,-1,494,295,495,-1,495,295,187,-1,495,187,496,-1,496,187,267,-1,496,267,497,-1,28,252,498,-1,498,252,11,-1,498,11,241,-1,241,11,10,-1,241,10,240,-1,250,252,249,-1,249,252,499,-1,249,499,500,-1,21,501,20,-1,20,501,502,-1,20,502,503,-1,504,499,503,-1,503,499,252,-1,503,252,20,-1,20,252,28,-1,20,28,25,-1,25,28,31,-1,474,186,492,-1,492,186,299,-1,492,299,437,-1,437,299,200,-1,437,200,441,-1,441,200,204,-1,441,204,392,-1,392,204,14,-1,392,14,263,-1,263,14,13,-1,263,13,264,-1,500,501,249,-1,249,501,21,-1,249,21,505,-1,505,21,88,-1,506,507,508,-1,508,507,509,-1,510,479,511,-1,511,479,512,-1,484,477,476,-1,476,477,479,-1,476,479,474,-1,474,479,510,-1,474,510,513,-1,474,514,515,-1,506,508,516,-1,516,508,514,-1,516,514,517,-1,509,518,508,-1,508,518,519,-1,508,519,520,-1,521,522,514,-1,514,522,523,-1,514,523,517,-1,513,524,474,-1,474,524,525,-1,474,525,514,-1,514,525,526,-1,514,526,521,-1,184,186,2,-1,2,186,474,-1,2,474,0,-1,0,474,515,-1,0,515,512,-1,512,515,527,-1,512,527,528,-1,520,511,508,-1,508,511,512,-1,508,512,529,-1,529,512,528,-1,529,528,530,-1,530,528,531,-1,262,247,257,-1,257,247,249,-1,257,249,255,-1,255,249,505,-1,255,505,324,-1,324,505,532,-1,533,94,532,-1,534,535,536,-1,536,535,537,-1,536,537,538,-1,94,533,88,-1,88,533,539,-1,88,539,505,-1,505,539,540,-1,505,540,541,-1,542,543,541,-1,541,543,538,-1,541,538,505,-1,505,538,537,-1,505,537,532,-1,532,537,544,-1,532,544,533,-1,466,465,489,-1,489,465,545,-1,489,545,482,-1,482,545,546,-1,482,546,479,-1,479,546,547,-1,479,547,512,-1,80,82,94,-1,94,82,548,-1,94,548,532,-1,532,548,372,-1,532,372,324,-1,324,372,374,-1,324,374,322,-1,76,75,82,-1,82,75,549,-1,82,549,548,-1,548,549,550,-1,548,550,372,-1,372,550,551,-1,372,551,371,-1,371,551,552,-1,371,552,451,-1,451,552,553,-1,451,553,458,-1,458,553,554,-1,458,554,465,-1,465,554,555,-1,465,555,545,-1,545,555,556,-1,545,556,546,-1,546,556,557,-1,546,557,547,-1,558,559,560,-1,560,559,561,-1,560,561,562,-1,562,561,563,-1,564,565,566,-1,566,565,567,-1,568,566,569,-1,569,566,567,-1,569,567,570,-1,570,567,571,-1,561,559,572,-1,573,574,572,-1,572,574,575,-1,572,575,561,-1,576,577,578,-1,578,577,574,-1,578,574,579,-1,579,574,573,-1,579,573,566,-1,566,573,564,-1,558,560,580,-1,580,560,581,-1,580,581,582,-1,582,581,583,-1,582,583,565,-1,565,583,567,-1,562,563,584,-1,584,563,585,-1,586,587,588,-1,588,587,589,-1,590,591,588,-1,592,593,594,-1,594,593,586,-1,595,596,585,-1,585,596,597,-1,590,588,598,-1,599,600,601,-1,601,600,602,-1,601,602,588,-1,588,602,603,-1,588,603,598,-1,570,571,601,-1,601,571,604,-1,601,604,599,-1,599,604,584,-1,599,584,605,-1,591,606,588,-1,588,606,607,-1,588,607,586,-1,586,607,608,-1,586,608,594,-1,597,609,585,-1,585,609,610,-1,585,610,584,-1,584,610,611,-1,584,611,605,-1,589,587,612,-1,612,587,577,-1,612,577,613,-1,613,577,576,-1,568,569,614,-1,614,569,615,-1,614,615,616,-1,616,615,617,-1,616,617,613,-1,613,617,612,-1,
        ]
    }
}
Shape{
    appearance Appearance {
        material  Material 	{
            diffuseColor 0.7529411764705882 0.7529411764705882 0.7529411764705882
            specularColor 0.3764705882352941 0.3764705882352941 0.3764705882352941
            ambientIntensity 0.2
            transparency 0
            shininess 0.5
        }
    }
    geometry IndexedFaceSet {
        ccw TRUE
        solid FALSE
        coord DEF co Coordinate {
            point [
                -1.5551 -2.0079 0.5462, -1.5551 -2.0079 0.6299, -1.7126 -2.0079 0.5462, -1.7126 -2.0079 0.6299, -1.7126 -2.0079 0.32, -1.7126 -2.0079 -0.0787, -1.5551 -2.0079 0.32, -1.5551 -2.0079 -0.0787, -1.7126 -1.6586 -0.1575, -1.7126 -1.2205 -0.1575, -1.5551 -1.6586 -0.1575, -1.5551 -1.2205 -0.1575, -1.5551 -1.8847 -0.1575, -1.5551 -1.9291 -0.1575, -1.7126 -1.8847 -0.1575, -1.7126 -1.9291 -0.1575, 1.7126 -2.0079 0.5462, 1.7126 -2.0079 0.6299, 1.5551 -2.0079 0.5462, 1.5551 -2.0079 0.6299, 1.7126 -1.8847 -0.1575, 1.7126 -1.9291 -0.1575, 1.5551 -1.8847 -0.1575, 1.5551 -1.9291 -0.1575, 1.5551 -1.9291 -0.1575
            ]
        }
        coordIndex [
            0,1,2,-1,2,1,3,-1,4,5,6,-1,6,5,7,-1,8,9,10,-1,10,9,11,-1,12,13,14,-1,14,13,15,-1,16,17,18,-1,18,17,19,-1,20,21,22,-1,22,21,23,-1,
        ]
    }
}
Shape{
    appearance Appearance {
        material  Material 	{
            diffuseColor 1.0 0.9098039215686274 0.8745098039215686
            specularColor 0.5019607843137255 0.4549019607843137 0.4392156862745098
            ambientIntensity 0.2
            transparency 0
            shininess 0.5
        }
    }
    geometry IndexedFaceSet {
        ccw TRUE
        solid FALSE
        coord DEF co Coordinate {
            point [
                1.7126 -1.1024 0.7087, 1.7126 -1.1024 0.315, 1.7126 -1.1417 0.7087, 1.7126 -1.1417 0.315, 1.5551 -1.811 0.7087, 1.4764 -1.811 0.7087, 1.5551 -1.1417 0.7087, 1.4764 -1.1024 0.7087, -0.3661 0.6299 1.3543, 0.3661 0.6299 1.3543, -0.3661 0.6299 1.1024, 0.3661 0.6299 1.1024, -0.6181 0.6299 1.1024, -1.2008 0.6299 0.9843, -0.6181 0.6299 1.3543, -1.2008 0.6299 1.6929, 1.2008 0.6299 1.6929, 1.2008 0.6299 0.9843, 0.6181 0.6299 1.1024, 0.6181 0.6299 1.3543, -1.2008 0.5512 1.6929, 1.2008 0.5512 1.6929, -1.2008 0.748 1.7717, -1.4764 0.748 1.7717, -1.2008 0.748 2.0079, -1.4764 0.748 2.2835, 1.2008 0.748 2.0079, 1.4764 0.748 2.2835, 1.2008 0.748 1.7717, 1.4764 0.748 1.7717, 1.2008 1.0236 1.4961, 1.4764 1.0236 1.4961, 1.2008 1.0236 0.1969, 1.4764 1.0236 -0.0787, 0.689 1.0236 0.1969, 0.689 1.0236 -0.0787, 1.2008 0.6299 0.1969, 0.689 0.6299 0.1969, 0.2953 1.0236 -0.0787, -0.2953 1.0236 -0.0787, 0.2953 1.0236 0.1969, -0.2953 1.0236 0.1969, -0.2953 0.6299 0.1969, 0.2953 0.6299 0.1969, 0.689 0.6299 -0.0787, -0.2953 0.6299 -0.0787, 1.4764 -1.1024 -0.0787, 1.4764 -2.0472 -0.0787, -1.4764 -2.0472 -0.0787, -1.9685 -1.1024 -0.0787, -1.9685 -0.1575 -0.0787, -1.4764 -1.1024 -0.0787, -1.4764 -0.1575 -0.0787, 1.9685 -0.1575 -0.0787, 1.9685 -1.1024 -0.0787, 1.4764 -0.1575 -0.0787, 0.2953 0.6299 -0.0787, -1.4764 1.0236 -0.0787, -0.689 1.0236 -0.0787, -0.689 0.6299 -0.0787, -0.8465 -2.0472 2.0866, -0.8465 -2.0472 2.2835, -1.2795 -2.0472 2.0866, -1.4764 -2.0472 2.2835, -1.2795 -2.0472 1.7323, -1.4764 -2.0472 1.7323, 1.2795 -2.0472 1.7323, 1.4764 -2.0472 1.7323, 1.2795 -2.0472 2.0866, 1.4764 -2.0472 2.2835, 0.8465 -2.0472 2.0866, 0.8465 -2.0472 2.2835, -0.7547 -1.795 2.2835, -0.806 -1.0319 2.2835, -0.7563 -0.912 2.2835, -0.6886 -0.8014 2.2835, 0.6886 -0.8014 2.2835, 0.7563 -0.912 2.2835, 0.7547 -1.795 2.2835, 0.8465 -1.5982 2.2835, 0.6043 -0.7027 2.2835, -0.8465 -1.5982 2.2835, -0.8465 -1.2873 2.2835, -0.8363 -1.158 2.2835, -0.6043 -0.7027 2.2835, -0.5709 -0.6693 2.2835, 0.5709 -0.6693 2.2835, 0.806 -1.0319 2.2835, 0.8363 -1.158 2.2835, 0.8465 -1.2873 2.2835, -1.2795 -2.0472 1.4173, -1.4764 -2.0472 1.4173, -1.2795 -2.0472 0.1181, 1.2795 -2.0472 0.1181, 1.2795 -2.0472 1.4173, 1.4764 -2.0472 1.4173, -0.689 1.0236 0.1969, -1.2008 1.0236 0.1969, -1.2008 1.0236 1.4961, -1.4764 1.0236 1.4961, -1.9685 -1.811 0.315, -1.9685 -1.811 0.9055, -1.9685 -1.1024 0.315, -1.9685 -0.1575 0.9055, 1.9685 -1.1024 0.315, 1.9685 -0.1575 0.9055, 1.9685 -1.811 0.315, 1.9685 -1.811 0.9055, 1.4764 -0.1575 0.9055, 1.4764 -1.811 0.9055, 1.7126 -1.811 0.315, 1.7126 -1.811 0.7087, -1.7126 -1.1024 0.315, -1.7126 -1.1024 0.7087, -1.4764 -1.1024 0.7087, -1.7126 -1.811 0.315, -1.7126 -1.1417 0.315, -1.7126 -1.811 0.7087, -1.4764 -1.811 0.9055, -1.5551 -1.811 0.7087, -1.4764 -1.811 0.7087, -1.4764 -0.1575 0.9055, -1.4764 -0.8661 1.4173, -1.4764 -0.9091 1.6582, -1.4764 -0.9403 1.6893, -1.4764 -0.8661 1.5354, -1.4764 -0.8711 1.5792, -1.4764 -0.8856 1.6208, -1.4764 -0.9776 1.7128, -1.4764 -1.0192 1.7273, -1.4764 -1.063 1.7323, -1.7126 -1.1417 0.7087, -1.5551 -1.1417 0.7087, 1.2008 0.5512 2.0079, 1.2008 0.5118 0.4331, 1.2008 0.5118 0.9843, 1.2008 0.6299 0.4331, -1.2008 0.5512 2.0079, -1.2008 0.5118 0.9843, -1.2008 0.5118 0.4331, -1.2008 0.6299 0.1969, -1.2008 0.6299 0.4331, -0.689 0.6299 0.1969, 1.2008 -0.8711 1.5792, 1.2008 -0.8856 1.6208, 1.2008 0.4724 2.0079, 1.2008 -0.9091 1.6582, 1.2008 -0.9403 1.6893, 1.2008 -0.9776 1.7128, 1.2008 -1.0192 1.7273, 1.2008 -1.063 1.7323, 1.2008 -1.9685 2.0079, 1.2008 -1.9685 1.7323, 1.2008 -1.9685 0.1969, 1.2008 -1.9685 1.4173, 1.2008 0.4724 0.1969, 1.2008 -0.8661 1.4173, 1.2008 -0.8661 1.5354, -1.2008 0.4724 2.0079, -1.2008 -1.0192 1.7273, -1.2008 -0.9776 1.7128, -1.2008 -0.9403 1.6893, -1.2008 -0.9091 1.6582, -1.2008 -0.8856 1.6208, -1.2008 -1.063 1.7323, -1.2008 -1.9685 2.0079, -1.2008 -1.9685 1.7323, -1.2008 -1.9685 1.4173, -1.2008 -1.9685 0.1969, -1.2008 -0.8661 1.4173, -1.2008 0.4724 0.1969, -1.2008 -0.8661 1.5354, -1.2008 -0.8711 1.5792, -0.8178 -1.9685 2.0079, -0.7547 -1.795 2.0079, -0.8465 -1.5982 2.0079, -0.8465 -1.2873 2.0079, -0.6043 -0.7027 2.0079, -0.6886 -0.8014 2.0079, -0.7563 -0.912 2.0079, -0.806 -1.0319 2.0079, -0.8363 -1.158 2.0079, -0.5709 -0.6693 2.0079, 0.5709 -0.6693 2.0079, 0.6043 -0.7027 2.0079, 0.8465 -1.2873 2.0079, 0.8363 -1.158 2.0079, 0.806 -1.0319 2.0079, 0.7563 -0.912 2.0079, 0.6886 -0.8014 2.0079, 0.8465 -1.5982 2.0079, 0.7547 -1.795 2.0079, 0.8178 -1.9685 2.0079, 1.4764 -1.063 1.7323, 1.4764 -0.8661 1.5354, 1.4764 -0.8711 1.5792, 1.4764 -0.8856 1.6208, 1.4764 -0.9091 1.6582, 1.4764 -0.9403 1.6893, 1.4764 -0.9776 1.7128, 1.4764 -1.0192 1.7273, 1.4764 -0.8661 1.4173, 1.4764 -0.8661 1.4173
            ]
        }
        coordIndex [
            0,1,2,-1,2,1,3,-1,4,5,6,-1,6,5,7,-1,6,7,2,-1,2,7,0,-1,8,9,10,-1,10,9,11,-1,12,13,14,-1,14,13,15,-1,14,15,8,-1,8,15,16,-1,8,16,9,-1,12,10,13,-1,13,10,11,-1,13,11,17,-1,17,11,18,-1,17,18,16,-1,16,18,19,-1,16,19,9,-1,20,21,15,-1,15,21,16,-1,22,23,24,-1,24,23,25,-1,24,25,26,-1,26,25,27,-1,26,27,28,-1,28,27,29,-1,30,31,32,-1,32,31,33,-1,32,33,34,-1,34,33,35,-1,36,32,37,-1,37,32,34,-1,38,39,40,-1,40,39,41,-1,41,42,40,-1,40,42,43,-1,44,35,33,-1,45,39,38,-1,46,47,48,-1,49,50,51,-1,51,50,52,-1,53,54,55,-1,55,54,46,-1,33,55,44,-1,44,55,46,-1,44,46,56,-1,56,46,48,-1,56,48,51,-1,57,58,52,-1,52,58,59,-1,52,59,51,-1,51,59,45,-1,51,45,56,-1,56,45,38,-1,60,61,62,-1,62,61,63,-1,62,63,64,-1,64,63,65,-1,66,67,68,-1,68,67,69,-1,68,69,70,-1,70,69,71,-1,28,29,30,-1,30,29,31,-1,63,61,72,-1,73,74,25,-1,25,74,75,-1,76,77,27,-1,78,71,79,-1,79,71,69,-1,76,27,80,-1,72,81,63,-1,63,81,82,-1,63,82,25,-1,25,82,83,-1,25,83,73,-1,75,84,25,-1,25,84,85,-1,25,85,27,-1,27,85,86,-1,27,86,80,-1,77,87,27,-1,27,87,88,-1,27,88,69,-1,69,88,89,-1,69,89,79,-1,90,91,92,-1,92,91,48,-1,92,48,93,-1,93,48,47,-1,93,47,94,-1,94,47,95,-1,96,58,97,-1,97,58,57,-1,97,57,98,-1,98,57,99,-1,98,99,22,-1,22,99,23,-1,100,101,102,-1,102,101,103,-1,102,103,49,-1,49,103,50,-1,54,53,104,-1,104,53,105,-1,104,105,106,-1,106,105,107,-1,55,108,53,-1,53,108,105,-1,108,109,105,-1,105,109,107,-1,110,106,111,-1,111,106,107,-1,111,107,4,-1,4,107,109,-1,4,109,5,-1,1,104,3,-1,3,104,106,-1,3,106,110,-1,0,7,1,-1,1,7,46,-1,1,46,104,-1,104,46,54,-1,102,49,112,-1,112,49,51,-1,112,51,113,-1,113,51,114,-1,115,100,116,-1,116,100,102,-1,116,102,112,-1,100,115,101,-1,101,115,117,-1,101,117,118,-1,118,117,119,-1,118,119,120,-1,118,121,101,-1,101,121,103,-1,121,52,103,-1,103,52,50,-1,120,114,51,-1,91,122,121,-1,121,118,91,-1,91,118,120,-1,91,120,48,-1,48,120,51,-1,57,52,99,-1,99,52,121,-1,99,121,23,-1,23,121,122,-1,25,123,124,-1,122,125,23,-1,23,125,126,-1,23,126,25,-1,25,126,127,-1,25,127,123,-1,124,128,25,-1,25,128,129,-1,25,129,63,-1,63,129,130,-1,63,130,65,-1,116,112,131,-1,131,112,113,-1,131,113,132,-1,132,113,114,-1,132,114,119,-1,119,114,120,-1,30,32,36,-1,133,26,28,-1,134,135,136,-1,136,135,17,-1,21,133,16,-1,16,133,28,-1,16,28,17,-1,17,28,30,-1,17,30,136,-1,136,30,36,-1,137,20,15,-1,13,138,139,-1,137,15,24,-1,140,97,141,-1,141,97,98,-1,139,141,13,-1,13,141,98,-1,13,98,15,-1,15,98,22,-1,15,22,24,-1,97,140,96,-1,96,140,142,-1,143,144,145,-1,144,146,145,-1,145,146,147,-1,145,147,148,-1,148,149,145,-1,145,149,150,-1,145,150,151,-1,151,150,152,-1,153,154,155,-1,155,154,156,-1,155,156,145,-1,145,156,157,-1,145,157,143,-1,158,159,160,-1,160,161,158,-1,158,161,162,-1,158,162,163,-1,159,158,164,-1,164,158,165,-1,164,165,166,-1,167,168,169,-1,169,168,170,-1,169,170,171,-1,171,170,158,-1,171,158,172,-1,172,158,163,-1,61,60,72,-1,72,60,173,-1,72,173,174,-1,174,175,72,-1,72,175,81,-1,175,176,81,-1,81,176,82,-1,177,84,178,-1,178,84,75,-1,178,75,179,-1,179,75,74,-1,179,74,180,-1,180,74,73,-1,180,73,181,-1,181,73,83,-1,181,83,176,-1,176,83,82,-1,177,182,84,-1,84,182,85,-1,182,183,85,-1,85,183,86,-1,183,184,86,-1,86,184,80,-1,185,89,186,-1,186,89,88,-1,186,88,187,-1,187,88,87,-1,187,87,188,-1,188,87,77,-1,188,77,189,-1,189,77,76,-1,189,76,184,-1,184,76,80,-1,185,190,89,-1,89,190,79,-1,190,191,79,-1,79,191,78,-1,70,71,192,-1,192,71,78,-1,192,78,191,-1,167,169,90,-1,90,169,122,-1,90,122,91,-1,169,171,122,-1,122,171,125,-1,125,171,126,-1,126,171,172,-1,126,172,127,-1,127,172,163,-1,127,163,123,-1,123,163,162,-1,123,162,124,-1,124,162,161,-1,124,161,128,-1,128,161,160,-1,128,160,129,-1,129,160,159,-1,129,159,130,-1,130,159,164,-1,164,166,130,-1,130,166,64,-1,130,64,65,-1,150,193,152,-1,152,193,67,-1,152,67,66,-1,157,194,143,-1,143,194,195,-1,143,195,144,-1,144,195,196,-1,144,196,146,-1,146,196,197,-1,146,197,147,-1,147,197,198,-1,147,198,148,-1,148,198,199,-1,148,199,149,-1,149,199,200,-1,149,200,150,-1,150,200,193,-1,194,157,201,-1,201,157,156,-1,94,95,154,-1,154,95,201,-1,154,201,156,-1,42,41,45,-1,45,41,39,-1,142,59,96,-1,96,59,58,-1,37,34,44,-1,44,34,35,-1,43,56,40,-1,40,56,38,-1,133,137,26,-1,26,137,24,-1,20,137,21,-1,21,137,133,-1,142,140,141,-1,141,136,37,-1,37,136,36,-1,42,45,59,-1,59,142,42,-1,42,142,141,-1,42,141,43,-1,43,141,37,-1,43,37,56,-1,56,37,44,-1,
        ]
    }
}
Shape{
    appearance Appearance {
        material  Material 	{
            diffuseColor 0.7529411764705882 0.7529411764705882 0.7529411764705882
            specularColor 0.3764705882352941 0.3764705882352941 0.3764705882352941
            ambientIntensity 0.2
            transparency 0
            shininess 0.5
        }
    }
    geometry IndexedFaceSet {
        ccw TRUE
        solid FALSE
        coord DEF co Coordinate {
            point [
                0.6181 0.6755 1.1024, 0.3661 0.6755 1.1024, 0.6181 0.6854 1.1011, 0.3661 0.6854 1.1011, 0.6181 0.6948 1.0973, 0.3661 0.6948 1.0973, 0.6181 0.7028 1.0913, 0.3661 0.7028 1.0913, 0.6181 0.7091 1.0835, 0.3661 0.7091 1.0835, 0.6181 0.7132 1.0743, 0.3661 0.7132 1.0743, 0.6181 0.7148 1.0644, 0.3661 0.7148 1.0644, 0.6181 0.7482 0.1085, 0.3661 0.7482 0.1085, 0.3661 0.7596 0.0391, 0.6181 0.7596 0.0391, 0.3661 0.7882 -0.0252, 0.6181 0.7882 -0.0252, 0.3661 0.8322 -0.0801, 0.6181 0.8322 -0.0801, 0.3661 0.8886 -0.1221, 0.6181 0.8886 -0.1221, 0.3661 0.9538 -0.1485, 0.6181 0.9538 -0.1485, 0.3661 1.0236 -0.1575, 0.6181 1.0236 -0.1575, 0.6181 1.8898 -0.1575, 0.3661 1.8898 -0.1575, 0.4378 2.0866 -0.0858, 0.4378 2.0866 0.0228, 0.5465 2.0866 -0.0858, 0.5465 2.0866 0.0228, 0.3661 1.8898 0.0945, 0.3661 1.0236 0.0945, 0.6181 1.8898 0.0945, 0.6181 1.0236 0.0945, 0.6181 1.0176 0.0953, 0.3661 1.0176 0.0953, 0.6181 1.012 0.0975, 0.3661 1.012 0.0975, 0.6181 1.0072 0.1011, 0.3661 1.0072 0.1011, 0.6181 1.0034 0.1058, 0.3661 1.0034 0.1058, 0.6181 1.001 0.1113, 0.3661 1.001 0.1113, 0.6181 1.0 0.1173, 0.3661 1.0 0.1173, 0.6181 0.9666 1.0732, 0.3661 0.9666 1.0732, 0.3661 0.9546 1.1465, 0.6181 0.9546 1.1465, 0.3661 0.9243 1.2145, 0.6181 0.9243 1.2145, 0.3661 0.8779 1.2726, 0.6181 0.8779 1.2726, 0.3661 0.8182 1.317, 0.6181 0.8182 1.317, 0.3661 0.7492 1.3448, 0.6181 0.7492 1.3448, 0.3661 0.6755 1.3543, 0.6181 0.6755 1.3543, 0.6181 0.6299 1.1024, 0.6181 0.6299 1.3543, 0.3661 0.6299 1.3543, 0.3661 0.6299 1.1024, -0.3661 0.6755 1.1024, -0.6181 0.6755 1.1024, -0.3661 0.6854 1.1011, -0.6181 0.6854 1.1011, -0.3661 0.6948 1.0973, -0.6181 0.6948 1.0973, -0.3661 0.7028 1.0913, -0.6181 0.7028 1.0913, -0.3661 0.7091 1.0835, -0.6181 0.7091 1.0835, -0.3661 0.7132 1.0743, -0.6181 0.7132 1.0743, -0.3661 0.7148 1.0644, -0.6181 0.7148 1.0644, -0.3661 0.7482 0.1085, -0.6181 0.7482 0.1085, -0.6181 0.7596 0.0391, -0.3661 0.7596 0.0391, -0.6181 0.7882 -0.0252, -0.3661 0.7882 -0.0252, -0.6181 0.8322 -0.0801, -0.3661 0.8322 -0.0801, -0.6181 0.8886 -0.1221, -0.3661 0.8886 -0.1221, -0.6181 0.9538 -0.1485, -0.3661 0.9538 -0.1485, -0.6181 1.0236 -0.1575, -0.3661 1.0236 -0.1575, -0.3661 1.8898 -0.1575, -0.6181 1.8898 -0.1575, -0.5465 2.0866 -0.0858, -0.5465 2.0866 0.0228, -0.4378 2.0866 -0.0858, -0.4378 2.0866 0.0228, -0.6181 1.8898 0.0945, -0.6181 1.0236 0.0945, -0.3661 1.8898 0.0945, -0.3661 1.0236 0.0945, -0.3661 1.0176 0.0953, -0.6181 1.0176 0.0953, -0.3661 1.012 0.0975, -0.6181 1.012 0.0975, -0.3661 1.0072 0.1011, -0.6181 1.0072 0.1011, -0.3661 1.0034 0.1058, -0.6181 1.0034 0.1058, -0.3661 1.001 0.1113, -0.6181 1.001 0.1113, -0.3661 1.0 0.1173, -0.6181 1.0 0.1173, -0.3661 0.9666 1.0732, -0.6181 0.9666 1.0732, -0.6181 0.9546 1.1465, -0.3661 0.9546 1.1465, -0.6181 0.9243 1.2145, -0.3661 0.9243 1.2145, -0.6181 0.8779 1.2726, -0.3661 0.8779 1.2726, -0.6181 0.8182 1.317, -0.3661 0.8182 1.317, -0.6181 0.7492 1.3448, -0.3661 0.7492 1.3448, -0.6181 0.6755 1.3543, -0.3661 0.6755 1.3543, -0.3661 0.6299 1.1024, -0.3661 0.6299 1.3543, -0.6181 0.6299 1.3543, -0.6181 0.6299 1.1024, -0.6181 0.6299 1.1024
            ]
        }
        coordIndex [
            0,1,2,-1,2,1,3,-1,2,3,4,-1,4,3,5,-1,4,5,6,-1,6,5,7,-1,6,7,8,-1,8,7,9,-1,8,9,10,-1,10,9,11,-1,10,11,12,-1,12,11,13,-1,14,12,15,-1,15,12,13,-1,14,15,16,-1,14,16,17,-1,17,16,18,-1,17,18,19,-1,19,18,20,-1,19,20,21,-1,21,20,22,-1,21,22,23,-1,23,22,24,-1,23,24,25,-1,25,24,26,-1,25,26,27,-1,28,27,29,-1,29,27,26,-1,30,31,32,-1,32,31,33,-1,34,35,36,-1,36,35,37,-1,37,35,38,-1,38,35,39,-1,38,39,40,-1,40,39,41,-1,40,41,42,-1,42,41,43,-1,42,43,44,-1,44,43,45,-1,44,45,46,-1,46,45,47,-1,46,47,48,-1,48,47,49,-1,50,48,51,-1,51,48,49,-1,50,51,52,-1,50,52,53,-1,53,52,54,-1,53,54,55,-1,55,54,56,-1,55,56,57,-1,57,56,58,-1,57,58,59,-1,59,58,60,-1,59,60,61,-1,61,60,62,-1,61,62,63,-1,28,36,27,-1,27,36,37,-1,27,37,25,-1,25,37,38,-1,25,38,23,-1,23,38,40,-1,23,40,21,-1,21,40,42,-1,21,42,19,-1,19,42,44,-1,19,44,17,-1,17,44,46,-1,17,46,14,-1,14,46,48,-1,14,48,12,-1,12,48,50,-1,12,50,10,-1,10,50,53,-1,10,53,8,-1,8,53,55,-1,8,55,6,-1,6,55,57,-1,6,57,4,-1,4,57,59,-1,4,59,2,-1,2,59,61,-1,2,61,0,-1,0,61,63,-1,0,63,64,-1,64,63,65,-1,34,29,35,-1,35,29,26,-1,35,26,39,-1,39,26,24,-1,39,24,41,-1,41,24,22,-1,41,22,43,-1,43,22,20,-1,43,20,45,-1,45,20,18,-1,45,18,47,-1,47,18,16,-1,47,16,49,-1,49,16,15,-1,49,15,51,-1,51,15,13,-1,51,13,52,-1,52,13,11,-1,52,11,54,-1,54,11,9,-1,54,9,56,-1,56,9,7,-1,56,7,58,-1,58,7,5,-1,58,5,60,-1,60,5,3,-1,60,3,62,-1,62,3,1,-1,62,1,66,-1,66,1,67,-1,1,0,67,-1,67,0,64,-1,65,63,66,-1,66,63,62,-1,36,33,34,-1,34,33,31,-1,28,32,36,-1,36,32,33,-1,30,29,31,-1,31,29,34,-1,29,30,28,-1,28,30,32,-1,68,69,70,-1,70,69,71,-1,70,71,72,-1,72,71,73,-1,72,73,74,-1,74,73,75,-1,74,75,76,-1,76,75,77,-1,76,77,78,-1,78,77,79,-1,78,79,80,-1,80,79,81,-1,82,80,83,-1,83,80,81,-1,82,83,84,-1,82,84,85,-1,85,84,86,-1,85,86,87,-1,87,86,88,-1,87,88,89,-1,89,88,90,-1,89,90,91,-1,91,90,92,-1,91,92,93,-1,93,92,94,-1,93,94,95,-1,96,95,97,-1,97,95,94,-1,98,99,100,-1,100,99,101,-1,102,103,104,-1,104,103,105,-1,105,103,106,-1,106,103,107,-1,106,107,108,-1,108,107,109,-1,108,109,110,-1,110,109,111,-1,110,111,112,-1,112,111,113,-1,112,113,114,-1,114,113,115,-1,114,115,116,-1,116,115,117,-1,118,116,119,-1,119,116,117,-1,118,119,120,-1,118,120,121,-1,121,120,122,-1,121,122,123,-1,123,122,124,-1,123,124,125,-1,125,124,126,-1,125,126,127,-1,127,126,128,-1,127,128,129,-1,129,128,130,-1,129,130,131,-1,96,104,95,-1,95,104,105,-1,95,105,93,-1,93,105,106,-1,93,106,91,-1,91,106,108,-1,91,108,89,-1,89,108,110,-1,89,110,87,-1,87,110,112,-1,87,112,85,-1,85,112,114,-1,85,114,82,-1,82,114,116,-1,82,116,80,-1,80,116,118,-1,80,118,78,-1,78,118,121,-1,78,121,76,-1,76,121,123,-1,76,123,74,-1,74,123,125,-1,74,125,72,-1,72,125,127,-1,72,127,70,-1,70,127,129,-1,70,129,68,-1,68,129,131,-1,68,131,132,-1,132,131,133,-1,102,97,103,-1,103,97,94,-1,103,94,107,-1,107,94,92,-1,107,92,109,-1,109,92,90,-1,109,90,111,-1,111,90,88,-1,111,88,113,-1,113,88,86,-1,113,86,115,-1,115,86,84,-1,115,84,117,-1,117,84,83,-1,117,83,119,-1,119,83,81,-1,119,81,120,-1,120,81,79,-1,120,79,122,-1,122,79,77,-1,122,77,124,-1,124,77,75,-1,124,75,126,-1,126,75,73,-1,126,73,128,-1,128,73,71,-1,128,71,130,-1,130,71,69,-1,130,69,134,-1,134,69,135,-1,69,68,135,-1,135,68,132,-1,133,131,134,-1,134,131,130,-1,104,101,102,-1,102,101,99,-1,96,100,104,-1,104,100,101,-1,98,97,99,-1,99,97,102,-1,97,98,96,-1,96,98,100,-1,
        ]
    }
}
Shape{
    appearance Appearance {
        material  Material 	{
            diffuseColor 1.0 0.9098039215686274 0.8745098039215686
            specularColor 0.5019607843137255 0.4549019607843137 0.4392156862745098
            ambientIntensity 0.2
            transparency 0
            shininess 0.5
        }
    }
    geometry IndexedFaceSet {
        ccw TRUE
        solid FALSE
        coord DEF co Coordinate {
            point [
                1.2008 0.5118 0.9843, -1.2008 0.5118 0.9843, 1.2008 0.6299 0.9843, -1.2008 0.6299 0.9843, -1.2008 0.5118 0.4331, 1.2008 0.5118 0.4331, -1.2008 0.6299 0.4331, 1.2008 0.6299 0.4331, 1.2008 0.6299 0.4331
            ]
        }
        coordIndex [
            0,1,2,-1,2,1,3,-1,4,5,6,-1,6,5,7,-1,4,1,5,-1,5,1,0,-1,
        ]
    }
}
Shape{
    appearance Appearance {
        material  Material 	{
            diffuseColor 0.7529411764705882 0.7529411764705882 0.7529411764705882
            specularColor 0.3764705882352941 0.3764705882352941 0.3764705882352941
            ambientIntensity 0.2
            transparency 0
            shininess 0.5
        }
    }
    geometry IndexedFaceSet {
        ccw TRUE
        solid FALSE
        coord DEF co Coordinate {
            point [
                1.7126 -1.9291 0.7087, 1.7126 -1.811 0.7087, 1.5551 -1.9291 0.7087, 1.5551 -1.811 0.7087, 1.7126 -1.9505 0.419, 1.7126 -1.9555 0.4057, 1.7126 -1.811 0.315, 1.7126 -1.9636 0.394, 1.7126 -1.799 -0.1051, 1.7126 -1.7857 -0.1001, 1.7126 -1.8107 -0.1132, 1.7126 -2.0079 -0.0787, 1.7126 -1.8201 -0.1237, 1.7126 -1.9741 0.4815, 1.7126 -1.9636 0.4721, 1.7126 -1.7326 -0.1132, 1.7126 -1.7232 -0.1237, 1.7126 -1.1417 0.315, 1.7126 -1.7106 -0.1378, 1.7126 -1.695 -0.1485, 1.7126 -1.9555 0.4604, 1.7126 -1.9505 0.4471, 1.7126 -1.9488 0.4331, 1.7126 -1.7717 -0.0984, 1.7126 -1.7576 -0.1001, 1.7126 -1.7443 -0.1051, 1.7126 -1.6773 -0.1552, 1.7126 -1.6586 -0.1575, 1.7126 -1.1417 -0.0787, 1.7126 -1.2205 -0.1575, 1.7126 -1.2001 -0.1548, 1.7126 -1.9741 0.3846, 1.7126 -1.9882 0.372, 1.7126 -1.9989 0.3564, 1.7126 -2.0056 0.3388, 1.7126 -2.0079 0.32, 1.7126 -1.9291 -0.1575, 1.7126 -1.8847 -0.1575, 1.7126 -1.866 -0.1552, 1.7126 -2.0052 0.6503, 1.7126 -2.0079 0.6299, 1.7126 -1.8483 -0.1485, 1.7126 -1.8327 -0.1378, 1.7126 -1.1811 -0.1469, 1.7126 -1.1648 -0.1344, 1.7126 -1.1444 -0.0991, 1.7126 -1.1523 -0.1181, 1.7126 -2.0079 0.5462, 1.7126 -2.0056 0.5274, 1.7126 -1.9848 -0.1344, 1.7126 -1.9973 -0.1181, 1.7126 -2.0052 -0.0991, 1.7126 -1.9685 -0.1469, 1.7126 -1.9495 -0.1548, 1.7126 -1.9495 0.706, 1.7126 -1.9685 0.6981, 1.7126 -1.9848 0.6856, 1.7126 -1.9989 0.5097, 1.7126 -1.9882 0.4941, 1.7126 -1.9973 0.6693, 1.5551 -1.1417 0.7087, 1.7126 -1.1417 0.7087, 1.5551 -1.1417 -0.0787, 1.5551 -2.0079 -0.0787, 1.5551 -2.0079 0.32, 1.5551 -1.8847 -0.1575, 1.5551 -1.7232 -0.1237, 1.5551 -1.7326 -0.1132, 1.5551 -1.6586 -0.1575, 1.5551 -1.6773 -0.1552, 1.5551 -1.695 -0.1485, 1.5551 -1.7443 -0.1051, 1.5551 -1.7576 -0.1001, 1.5551 -1.9555 0.4057, 1.5551 -1.9488 0.4331, 1.5551 -1.9505 0.4471, 1.5551 -1.9555 0.4604, 1.5551 -1.9636 0.4721, 1.5551 -1.9741 0.4815, 1.5551 -1.7717 -0.0984, 1.5551 -1.7857 -0.1001, 1.5551 -1.9636 0.394, 1.5551 -1.9505 0.419, 1.5551 -1.799 -0.1051, 1.5551 -1.8107 -0.1132, 1.5551 -1.8201 -0.1237, 1.5551 -1.8327 -0.1378, 1.5551 -1.1444 -0.0991, 1.5551 -1.1523 -0.1181, 1.5551 -1.1648 -0.1344, 1.5551 -1.9989 0.3564, 1.5551 -1.9882 0.372, 1.5551 -1.9741 0.3846, 1.5551 -1.7106 -0.1378, 1.5551 -1.2205 -0.1575, 1.5551 -1.2001 -0.1548, 1.5551 -1.1811 -0.1469, 1.5551 -2.0056 0.3388, 1.5551 -1.8483 -0.1485, 1.5551 -1.866 -0.1552, 1.5551 -1.9882 0.4941, 1.5551 -1.9989 0.5097, 1.5551 -2.0056 0.5274, 1.5551 -1.9685 0.6981, 1.5551 -1.9495 0.706, 1.5551 -1.9848 0.6856, 1.5551 -1.9973 0.6693, 1.5551 -1.9291 -0.1575, 1.5551 -1.9495 -0.1548, 1.5551 -1.9685 -0.1469, 1.5551 -1.9848 -0.1344, 1.5551 -1.9973 -0.1181, 1.5551 -2.0052 -0.0991, 1.5551 -2.0079 0.5462, 1.5551 -2.0079 0.6299, 1.5551 -2.0052 0.6503, -1.7126 -1.9636 0.394, -1.7126 -1.9555 0.4057, -1.7126 -1.811 0.315, -1.7126 -1.9741 0.3846, -1.7126 -1.7857 -0.1001, -1.7126 -1.799 -0.1051, -1.7126 -1.7717 -0.0984, -1.7126 -2.0079 -0.0787, -1.7126 -2.0079 0.32, -1.7126 -2.0056 0.3388, -1.7126 -1.9505 0.419, -1.7126 -1.9488 0.4331, -1.7126 -1.811 0.7087, -1.7126 -1.9505 0.4471, -1.7126 -1.9555 0.4604, -1.7126 -1.1417 -0.0787, -1.7126 -1.6586 -0.1575, -1.7126 -1.1417 0.315, -1.7126 -1.6773 -0.1552, -1.7126 -1.695 -0.1485, -1.7126 -1.7106 -0.1378, -1.7126 -1.7232 -0.1237, -1.7126 -1.7326 -0.1132, -1.7126 -1.7443 -0.1051, -1.7126 -1.7576 -0.1001, -1.7126 -1.8107 -0.1132, -1.7126 -1.8201 -0.1237, -1.7126 -1.8327 -0.1378, -1.7126 -1.9989 0.3564, -1.7126 -1.9882 0.372, -1.7126 -1.9636 0.4721, -1.7126 -1.9741 0.4815, -1.7126 -1.9882 0.4941, -1.7126 -1.9291 0.7087, -1.7126 -2.0079 0.6299, -1.7126 -2.0079 0.5462, -1.7126 -1.1444 -0.0991, -1.7126 -1.1523 -0.1181, -1.7126 -1.1648 -0.1344, -1.7126 -1.8483 -0.1485, -1.7126 -1.866 -0.1552, -1.7126 -1.8847 -0.1575, -1.7126 -1.9989 0.5097, -1.7126 -2.0056 0.5274, -1.7126 -1.9848 0.6856, -1.7126 -1.9685 0.6981, -1.7126 -1.9495 0.706, -1.7126 -1.1811 -0.1469, -1.7126 -1.2001 -0.1548, -1.7126 -1.2205 -0.1575, -1.7126 -1.9291 -0.1575, -1.7126 -1.9495 -0.1548, -1.7126 -1.9685 -0.1469, -1.7126 -1.9848 -0.1344, -1.7126 -1.9973 -0.1181, -1.7126 -2.0052 -0.0991, -1.7126 -1.9973 0.6693, -1.7126 -2.0052 0.6503, -1.7126 -1.1417 0.7087, -1.5551 -1.1417 0.7087, -1.5551 -1.1417 -0.0787, -1.5551 -1.9555 0.4604, -1.5551 -1.9505 0.4471, -1.5551 -1.8327 -0.1378, -1.5551 -1.8201 -0.1237, -1.5551 -2.0079 0.32, -1.5551 -1.7326 -0.1132, -1.5551 -1.7232 -0.1237, -1.5551 -1.7106 -0.1378, -1.5551 -1.695 -0.1485, -1.5551 -1.9636 0.4721, -1.5551 -1.811 0.7087, -1.5551 -1.9741 0.4815, -1.5551 -1.9291 -0.1575, -1.5551 -1.8847 -0.1575, -1.5551 -2.0079 -0.0787, -1.5551 -1.7576 -0.1001, -1.5551 -1.9555 0.4057, -1.5551 -1.7717 -0.0984, -1.5551 -1.7857 -0.1001, -1.5551 -1.9488 0.4331, -1.5551 -1.9505 0.419, -1.5551 -1.7443 -0.1051, -1.5551 -1.6773 -0.1552, -1.5551 -1.6586 -0.1575, -1.5551 -1.2205 -0.1575, -1.5551 -1.2001 -0.1548, -1.5551 -1.8483 -0.1485, -1.5551 -1.9636 0.394, -1.5551 -1.9741 0.3846, -1.5551 -1.9882 0.372, -1.5551 -1.1811 -0.1469, -1.5551 -1.1648 -0.1344, -1.5551 -1.1444 -0.0991, -1.5551 -1.1523 -0.1181, -1.5551 -2.0079 0.5462, -1.5551 -2.0056 0.5274, -1.5551 -1.866 -0.1552, -1.5551 -1.8107 -0.1132, -1.5551 -1.799 -0.1051, -1.5551 -2.0056 0.3388, -1.5551 -1.9989 0.3564, -1.5551 -2.0079 0.6299, -1.5551 -1.9291 0.7087, -1.5551 -1.9495 0.706, -1.5551 -1.9989 0.5097, -1.5551 -1.9882 0.4941, -1.5551 -1.9848 -0.1344, -1.5551 -1.9973 -0.1181, -1.5551 -2.0052 -0.0991, -1.5551 -1.9685 -0.1469, -1.5551 -1.9495 -0.1548, -1.5551 -1.9685 0.6981, -1.5551 -1.9848 0.6856, -1.5551 -1.9973 0.6693, -1.5551 -2.0052 0.6503, -1.5551 -2.0052 0.6503
            ]
        }
        coordIndex [
            0,1,2,-1,2,1,3,-1,4,5,6,-1,6,5,7,-1,6,8,9,-1,8,6,10,-1,10,6,11,-1,10,11,12,-1,13,14,1,-1,15,16,17,-1,17,16,18,-1,17,18,19,-1,14,20,1,-1,1,20,21,-1,1,21,6,-1,6,21,22,-1,6,22,4,-1,9,23,6,-1,6,23,24,-1,6,24,17,-1,17,24,25,-1,17,25,15,-1,19,26,17,-1,17,26,27,-1,17,27,28,-1,28,27,29,-1,28,29,30,-1,7,31,6,-1,6,31,32,-1,6,32,33,-1,33,34,6,-1,6,34,35,-1,6,35,11,-1,36,37,11,-1,11,37,38,-1,39,40,0,-1,38,41,11,-1,11,41,42,-1,11,42,12,-1,30,43,28,-1,28,43,44,-1,28,44,45,-1,45,44,46,-1,0,40,1,-1,1,40,47,-1,1,47,48,-1,49,11,50,-1,50,11,51,-1,49,52,11,-1,11,52,53,-1,11,53,36,-1,54,55,56,-1,48,57,1,-1,1,57,58,-1,1,58,13,-1,54,56,0,-1,0,56,59,-1,0,59,39,-1,60,61,62,-1,62,61,17,-1,62,17,28,-1,63,64,65,-1,66,67,62,-1,68,69,70,-1,71,72,73,-1,74,75,60,-1,60,75,76,-1,60,76,3,-1,3,76,77,-1,3,77,78,-1,72,79,73,-1,73,79,80,-1,73,80,81,-1,74,60,82,-1,82,60,62,-1,82,62,73,-1,73,62,67,-1,73,67,71,-1,83,84,64,-1,64,84,85,-1,64,85,86,-1,87,88,89,-1,90,91,80,-1,80,91,92,-1,80,92,81,-1,70,93,68,-1,68,93,66,-1,68,66,94,-1,94,66,62,-1,94,62,95,-1,95,62,87,-1,95,87,96,-1,96,87,89,-1,83,64,80,-1,80,64,97,-1,80,97,90,-1,86,98,64,-1,64,98,99,-1,64,99,65,-1,78,100,3,-1,3,100,101,-1,3,101,102,-1,103,104,105,-1,105,104,2,-1,105,2,106,-1,65,107,63,-1,63,107,108,-1,63,108,109,-1,109,110,63,-1,63,110,111,-1,63,111,112,-1,102,113,3,-1,3,113,114,-1,3,114,2,-1,2,114,115,-1,2,115,106,-1,64,63,35,-1,35,63,11,-1,68,94,27,-1,27,94,29,-1,66,16,67,-1,67,16,15,-1,67,15,71,-1,71,15,25,-1,71,25,72,-1,72,25,24,-1,72,24,79,-1,79,24,23,-1,79,23,80,-1,80,23,9,-1,80,9,83,-1,83,9,8,-1,83,8,84,-1,84,8,10,-1,84,10,85,-1,85,10,12,-1,92,31,81,-1,81,31,7,-1,81,7,73,-1,73,7,5,-1,73,5,82,-1,82,5,4,-1,82,4,74,-1,74,4,22,-1,74,22,75,-1,75,22,21,-1,75,21,76,-1,76,21,20,-1,76,20,77,-1,77,20,14,-1,77,14,78,-1,78,14,13,-1,68,27,26,-1,68,26,69,-1,69,26,19,-1,69,19,70,-1,70,19,18,-1,70,18,93,-1,93,18,16,-1,93,16,66,-1,85,12,42,-1,85,42,86,-1,86,42,41,-1,86,41,98,-1,98,41,38,-1,98,38,99,-1,99,38,37,-1,99,37,65,-1,64,35,34,-1,64,34,97,-1,97,34,33,-1,97,33,90,-1,90,33,32,-1,90,32,91,-1,91,32,31,-1,91,31,92,-1,78,13,58,-1,78,58,100,-1,100,58,57,-1,100,57,101,-1,101,57,48,-1,101,48,102,-1,102,48,47,-1,102,47,113,-1,29,94,95,-1,29,95,30,-1,30,95,96,-1,30,96,43,-1,43,96,89,-1,43,89,44,-1,44,89,88,-1,44,88,46,-1,46,88,87,-1,46,87,45,-1,45,87,62,-1,45,62,28,-1,0,2,104,-1,0,104,54,-1,54,104,103,-1,54,103,55,-1,55,103,105,-1,55,105,56,-1,56,105,106,-1,56,106,59,-1,59,106,115,-1,59,115,39,-1,39,115,114,-1,39,114,40,-1,107,36,53,-1,107,53,108,-1,108,53,52,-1,108,52,109,-1,109,52,49,-1,109,49,110,-1,110,49,50,-1,110,50,111,-1,111,50,51,-1,111,51,112,-1,112,51,11,-1,112,11,63,-1,116,117,118,-1,116,118,119,-1,120,121,118,-1,120,118,122,-1,121,123,118,-1,118,123,124,-1,118,124,125,-1,117,126,118,-1,118,126,127,-1,118,127,128,-1,128,127,129,-1,128,129,130,-1,131,132,133,-1,133,132,134,-1,134,135,133,-1,133,135,136,-1,133,136,137,-1,137,138,133,-1,133,138,139,-1,133,139,118,-1,118,139,140,-1,118,140,122,-1,121,141,123,-1,123,141,142,-1,123,142,143,-1,125,144,118,-1,118,144,145,-1,118,145,119,-1,130,146,128,-1,128,146,147,-1,128,147,148,-1,149,128,150,-1,150,128,151,-1,152,153,154,-1,143,155,123,-1,123,155,156,-1,123,156,157,-1,148,158,128,-1,128,158,159,-1,128,159,151,-1,160,161,162,-1,154,163,152,-1,152,163,164,-1,152,164,131,-1,131,164,165,-1,131,165,132,-1,157,166,123,-1,123,166,167,-1,123,167,168,-1,168,169,123,-1,123,169,170,-1,123,170,171,-1,160,162,172,-1,149,150,162,-1,162,150,173,-1,162,173,172,-1,174,175,133,-1,133,175,176,-1,133,176,131,-1,175,177,178,-1,179,180,181,-1,182,183,175,-1,175,183,184,-1,175,184,185,-1,177,175,186,-1,186,175,187,-1,186,187,188,-1,189,190,191,-1,192,193,194,-1,194,193,195,-1,178,196,175,-1,175,196,197,-1,175,197,182,-1,182,197,193,-1,182,193,198,-1,198,193,192,-1,185,199,175,-1,175,199,200,-1,175,200,176,-1,176,200,201,-1,176,201,202,-1,179,181,203,-1,193,204,195,-1,195,204,205,-1,195,205,206,-1,202,207,176,-1,176,207,208,-1,176,208,209,-1,209,208,210,-1,187,211,212,-1,191,190,181,-1,181,190,213,-1,181,213,203,-1,180,214,181,-1,181,214,215,-1,181,215,216,-1,216,215,195,-1,216,195,217,-1,217,195,206,-1,211,187,218,-1,218,187,219,-1,218,219,220,-1,212,221,187,-1,187,221,222,-1,187,222,188,-1,223,191,224,-1,224,191,225,-1,223,226,191,-1,191,226,227,-1,191,227,189,-1,220,228,229,-1,229,230,220,-1,220,230,231,-1,220,231,218,-1,219,187,149,-1,149,187,128,-1,180,142,214,-1,214,142,141,-1,214,141,215,-1,215,141,121,-1,215,121,195,-1,195,121,120,-1,195,120,194,-1,194,120,122,-1,194,122,192,-1,192,122,140,-1,192,140,198,-1,198,140,139,-1,198,139,182,-1,182,139,138,-1,182,138,183,-1,183,138,137,-1,188,147,186,-1,186,147,146,-1,186,146,177,-1,177,146,130,-1,177,130,178,-1,178,130,129,-1,178,129,196,-1,196,129,127,-1,196,127,197,-1,197,127,126,-1,197,126,193,-1,193,126,117,-1,193,117,204,-1,204,117,116,-1,204,116,205,-1,205,116,119,-1,183,137,136,-1,183,136,184,-1,184,136,135,-1,184,135,185,-1,185,135,134,-1,185,134,199,-1,199,134,132,-1,199,132,200,-1,190,157,156,-1,190,156,213,-1,213,156,155,-1,213,155,203,-1,203,155,143,-1,203,143,179,-1,179,143,142,-1,179,142,180,-1,205,119,145,-1,205,145,206,-1,206,145,144,-1,206,144,217,-1,217,144,125,-1,217,125,216,-1,216,125,124,-1,216,124,181,-1,211,151,159,-1,211,159,212,-1,212,159,158,-1,212,158,221,-1,221,158,148,-1,221,148,222,-1,222,148,147,-1,222,147,188,-1,201,165,164,-1,201,164,202,-1,202,164,163,-1,202,163,207,-1,207,163,154,-1,207,154,208,-1,208,154,153,-1,208,153,210,-1,210,153,152,-1,210,152,209,-1,209,152,131,-1,209,131,176,-1,219,149,162,-1,219,162,220,-1,220,162,161,-1,220,161,228,-1,228,161,160,-1,228,160,229,-1,229,160,172,-1,229,172,230,-1,230,172,173,-1,230,173,231,-1,231,173,150,-1,231,150,218,-1,166,189,227,-1,166,227,167,-1,167,227,226,-1,167,226,168,-1,168,226,223,-1,168,223,169,-1,169,223,224,-1,169,224,170,-1,170,224,225,-1,170,225,171,-1,171,225,191,-1,171,191,123,-1,
        ]
    }
}
Shape{
    appearance Appearance {
        material  Material 	{
            diffuseColor 1.0 0.9098039215686274 0.8745098039215686
            specularColor 0.5019607843137255 0.4549019607843137 0.4392156862745098
            ambientIntensity 0.2
            transparency 0
            shininess 0.5
        }
    }
    geometry IndexedFaceSet {
        ccw TRUE
        solid FALSE
        coord DEF co Coordinate {
            point [
                -0.1575 0.3543 2.0079, -0.1575 0.3543 0.9055, -0.1575 0.4724 2.0079, -0.1575 0.4724 0.9055, -0.8268 0.3543 0.9055, -0.8268 0.3543 2.0079, -0.8268 0.4724 0.9055, -0.8268 0.4724 2.0079, -0.6181 0.3543 1.1024, -0.6181 0.3543 1.3543, -0.3661 0.3543 1.1024, -0.3661 0.3543 1.3543, -0.3661 0.3543 1.3543
            ]
        }
        coordIndex [
            0,1,2,-1,2,1,3,-1,4,5,6,-1,6,5,7,-1,4,8,9,-1,8,4,10,-1,10,4,1,-1,10,1,11,-1,11,1,0,-1,11,0,9,-1,9,0,5,-1,9,5,4,-1,
        ]
    }
}
Shape{
    appearance Appearance {
        material  Material 	{
            diffuseColor 0.7529411764705882 0.7529411764705882 0.7529411764705882
            specularColor 0.3764705882352941 0.3764705882352941 0.3764705882352941
            ambientIntensity 0.2
            transparency 0
            shininess 0.5
        }
    }
    geometry IndexedFaceSet {
        ccw TRUE
        solid FALSE
        coord DEF co Coordinate {
            point [
                -0.5465 -1.4899 1.2827, -0.5465 -1.4899 1.174, -0.4378 -1.4899 1.2827, -0.4378 -1.4899 1.174, -0.6181 -1.293 1.3543, -0.3661 -1.293 1.3543, -0.3661 -1.293 1.1024, -0.6181 -1.293 1.1024, -0.3661 0.3543 1.3543, -0.3661 0.3543 1.1024, -0.6181 0.3543 1.1024, -0.6181 0.3543 1.3543, -0.6181 0.3543 1.3543
            ]
        }
        coordIndex [
            0,1,2,-1,2,1,3,-1,4,0,5,-1,5,0,2,-1,6,3,7,-1,7,3,1,-1,5,2,6,-1,6,2,3,-1,0,4,1,-1,1,4,7,-1,5,6,8,-1,8,6,9,-1,10,7,11,-1,11,7,4,-1,9,6,10,-1,10,6,7,-1,4,5,11,-1,11,5,8,-1,
        ]
    }
}
Shape{
    appearance Appearance {
        material  Material 	{
            diffuseColor 1.0 0.9098039215686274 0.8745098039215686
            specularColor 0.5019607843137255 0.4549019607843137 0.4392156862745098
            ambientIntensity 0.2
            transparency 0
            shininess 0.5
        }
    }
    geometry IndexedFaceSet {
        ccw TRUE
        solid FALSE
        coord DEF co Coordinate {
            point [
                -0.2756 0.3937 0.9055, -0.2756 0.3937 0.1969, -0.2756 0.4724 0.9055, -0.2756 0.4724 0.1969, -0.7087 0.3937 0.1969, -0.7087 0.3937 0.9055, -0.7087 0.4724 0.1969, -0.7087 0.4724 0.9055, 0.8268 0.3543 2.0079, 0.8268 0.3543 0.9055, 0.8268 0.4724 2.0079, 0.8268 0.4724 0.9055, 0.1575 0.3543 0.9055, 0.1575 0.3543 2.0079, 0.1575 0.4724 0.9055, 0.1575 0.4724 2.0079, 0.3661 0.3543 1.1024, 0.3661 0.3543 1.3543, 0.6181 0.3543 1.1024, 0.6181 0.3543 1.3543, 0.6181 0.3543 1.3543
            ]
        }
        coordIndex [
            0,1,2,-1,2,1,3,-1,4,5,6,-1,6,5,7,-1,5,4,0,-1,0,4,1,-1,8,9,10,-1,10,9,11,-1,12,13,14,-1,14,13,15,-1,12,16,17,-1,16,12,18,-1,18,12,9,-1,18,9,19,-1,19,9,8,-1,19,8,17,-1,17,8,13,-1,17,13,12,-1,
        ]
    }
}
Shape{
    appearance Appearance {
        material  Material 	{
            diffuseColor 0.7529411764705882 0.7529411764705882 0.7529411764705882
            specularColor 0.3764705882352941 0.3764705882352941 0.3764705882352941
            ambientIntensity 0.2
            transparency 0
            shininess 0.5
        }
    }
    geometry IndexedFaceSet {
        ccw TRUE
        solid FALSE
        coord DEF co Coordinate {
            point [
                0.4378 -1.4899 1.2827, 0.4378 -1.4899 1.174, 0.5465 -1.4899 1.2827, 0.5465 -1.4899 1.174, 0.3661 -1.293 1.3543, 0.6181 -1.293 1.3543, 0.6181 -1.293 1.1024, 0.3661 -1.293 1.1024, 0.6181 0.3543 1.3543, 0.6181 0.3543 1.1024, 0.3661 0.3543 1.1024, 0.3661 0.3543 1.3543, 0.3661 0.3543 1.3543
            ]
        }
        coordIndex [
            0,1,2,-1,2,1,3,-1,4,0,5,-1,5,0,2,-1,6,3,7,-1,7,3,1,-1,5,2,6,-1,6,2,3,-1,0,4,1,-1,1,4,7,-1,5,6,8,-1,8,6,9,-1,10,7,11,-1,11,7,4,-1,9,6,10,-1,10,6,7,-1,4,5,11,-1,11,5,8,-1,
        ]
    }
}
Shape{
    appearance Appearance {
        material  Material 	{
            diffuseColor 1.0 0.9098039215686274 0.8745098039215686
            specularColor 0.5019607843137255 0.4549019607843137 0.4392156862745098
            ambientIntensity 0.2
            transparency 0
            shininess 0.5
        }
    }
    geometry IndexedFaceSet {
        ccw TRUE
        solid FALSE
        coord DEF co Coordinate {
            point [
                0.7087 0.3937 0.9055, 0.7087 0.3937 0.1969, 0.7087 0.4724 0.9055, 0.7087 0.4724 0.1969, 0.2756 0.3937 0.1969, 0.2756 0.3937 0.9055, 0.2756 0.4724 0.1969, 0.2756 0.4724 0.9055, -1.2795 -2.0472 2.0866, -1.2008 -1.9685 2.0079, -0.8465 -2.0472 2.0866, -0.8178 -1.9685 2.0079, -1.2795 -2.0472 1.7323, -1.2008 -1.9685 1.7323, 1.2795 -2.0472 2.0866, 1.2008 -1.9685 2.0079, 1.2795 -2.0472 1.7323, 1.2008 -1.9685 1.7323, 0.8465 -2.0472 2.0866, 0.8178 -1.9685 2.0079, 1.2008 -1.9685 0.1969, 1.2795 -2.0472 0.1181, 1.2008 -1.9685 1.4173, 1.2795 -2.0472 1.4173, -1.2008 -1.9685 0.1969, -1.2795 -2.0472 0.1181, -1.2795 -2.0472 1.4173, -1.2008 -1.9685 1.4173, -1.2008 -1.9685 1.4173
            ]
        }
        coordIndex [
            0,1,2,-1,2,1,3,-1,4,5,6,-1,6,5,7,-1,5,4,0,-1,0,4,1,-1,8,9,10,-1,10,9,11,-1,12,13,8,-1,8,13,9,-1,14,15,16,-1,16,15,17,-1,18,19,14,-1,14,19,15,-1,20,21,22,-1,22,21,23,-1,24,25,20,-1,20,25,21,-1,25,24,26,-1,26,24,27,-1,
        ]
    }
}
Shape{
    appearance Appearance {
        material  Material 	{
            diffuseColor 0.0 0.0 0.0
            specularColor 0.0 0.0 0.0
            ambientIntensity 0.2
            transparency 0
            shininess 0.5
        }
    }
    geometry IndexedFaceSet {
        ccw TRUE
        solid FALSE
        coord DEF co Coordinate {
            point [
                1.4803 0.4857 0.4261, 1.4803 0.4857 0.4155, 1.4764 0.4857 0.4261, 1.4764 0.4857 0.4155, 1.4803 0.4485 0.4261, 1.4764 0.4485 0.4261, 1.4803 0.4485 0.5089, 1.4764 0.4485 0.5089, 1.4803 0.4365 0.5089, 1.4764 0.4365 0.5089, 1.4803 0.4365 0.4155, 1.4764 0.4365 0.4155, 1.4803 0.5336 0.4139, 1.4764 0.5336 0.4139, 1.4803 0.5479 0.4152, 1.4764 0.5419 0.4147, 1.4764 0.5479 0.4152, 1.4764 0.5579 0.4185, 1.4803 0.5579 0.4185, 1.4764 0.5595 0.4193, 1.4803 0.5595 0.4193, 1.4803 0.5595 0.4309, 1.4764 0.5595 0.4309, 1.4764 0.5517 0.4272, 1.4803 0.5517 0.4272, 1.4764 0.5414 0.4249, 1.4803 0.5414 0.4249, 1.4764 0.5354 0.4246, 1.4803 0.5354 0.4246, 1.4764 0.5269 0.4255, 1.4803 0.5269 0.4255, 1.4764 0.52 0.428, 1.4803 0.52 0.428, 1.4764 0.5138 0.4321, 1.4803 0.5138 0.4321, 1.4764 0.5114 0.4345, 1.4803 0.5114 0.4345, 1.4764 0.5069 0.4406, 1.4803 0.5069 0.4406, 1.4764 0.5039 0.4481, 1.4803 0.5039 0.4481, 1.4764 0.5023 0.4573, 1.4803 0.5023 0.4573, 1.4764 0.5022 0.4611, 1.4803 0.5022 0.4611, 1.4764 0.5037 0.4739, 1.4803 0.5037 0.4739, 1.4764 0.5068 0.482, 1.4803 0.5068 0.482, 1.4764 0.5113 0.4885, 1.4803 0.5113 0.4885, 1.4764 0.512 0.4892, 1.4803 0.512 0.4892, 1.4764 0.518 0.4942, 1.4803 0.518 0.4942, 1.4764 0.5253 0.4977, 1.4803 0.5253 0.4977, 1.4764 0.5334 0.4994, 1.4803 0.5334 0.4994, 1.4764 0.5375 0.4996, 1.4803 0.5375 0.4996, 1.4764 0.549 0.4982, 1.4803 0.549 0.4982, 1.4764 0.5584 0.4946, 1.4803 0.5584 0.4946, 1.4764 0.5595 0.494, 1.4803 0.5595 0.494, 1.4803 0.5595 0.5066, 1.4764 0.5595 0.5066, 1.4764 0.5373 0.5104, 1.4803 0.5373 0.5104, 1.4764 0.5474 0.5097, 1.4803 0.5496 0.5095, 1.4764 0.5496 0.5095, 1.4764 0.5308 0.5097, 1.4803 0.5239 0.5088, 1.4764 0.5239 0.5088, 1.4764 0.5141 0.505, 1.4803 0.5141 0.505, 1.4764 0.5051 0.4987, 1.4803 0.5051 0.4987, 1.4764 0.503 0.4967, 1.4803 0.503 0.4967, 1.4764 0.4963 0.4878, 1.4764 0.4937 0.4819, 1.4803 0.4918 0.4775, 1.4803 0.4963 0.4878, 1.4764 0.4918 0.4775, 1.4764 0.4897 0.4653, 1.4803 0.4897 0.4653, 1.4764 0.4895 0.4604, 1.4803 0.4895 0.4604, 1.4764 0.4914 0.4453, 1.4764 0.4937 0.4392, 1.4803 0.4952 0.4355, 1.4803 0.4914 0.4453, 1.4764 0.4952 0.4355, 1.4764 0.5007 0.4275, 1.4803 0.5007 0.4275, 1.4764 0.5015 0.4266, 1.4803 0.5015 0.4266, 1.4803 0.5266 0.4143, 1.4764 0.508 0.4211, 1.4803 0.508 0.4211, 1.4764 0.5167 0.4166, 1.4803 0.5167 0.4166, 1.4764 0.525 0.4147, 1.4764 0.5266 0.4143, 1.4803 0.6284 0.4261, 1.4803 0.6284 0.4155, 1.4764 0.6284 0.4261, 1.4764 0.6284 0.4155, 1.4764 0.5902 0.4261, 1.4803 0.5902 0.4261, 1.4764 0.6155 0.4261, 1.4803 0.5902 0.4575, 1.4764 0.5902 0.4575, 1.4803 0.6236 0.4575, 1.4764 0.6155 0.4575, 1.4764 0.6236 0.4575, 1.4803 0.6236 0.4682, 1.4764 0.6236 0.4682, 1.4764 0.5902 0.4682, 1.4803 0.5902 0.4682, 1.4764 0.6155 0.4682, 1.4803 0.5902 0.4981, 1.4764 0.5902 0.4981, 1.4803 0.6263 0.4981, 1.4764 0.6155 0.4981, 1.4764 0.6263 0.4981, 1.4803 0.6263 0.5089, 1.4764 0.6263 0.5089, 1.4764 0.5782 0.5089, 1.4803 0.5782 0.5089, 1.4764 0.6155 0.5089, 1.4803 0.5782 0.4155, 1.4764 0.5782 0.4155, 1.4764 0.6155 0.4155, 1.4803 0.7041 0.4416, 1.4803 0.6995 0.4358, 1.4803 0.708 0.4285, 1.4803 0.6983 0.4348, 1.4803 0.6982 0.4215, 1.4803 0.6923 0.4306, 1.4803 0.6876 0.4174, 1.4803 0.6846 0.4276, 1.4803 0.6718 0.4155, 1.4803 0.6717 0.4261, 1.4803 0.6461 0.4155, 1.4803 0.6581 0.4261, 1.4803 0.6461 0.5089, 1.4803 0.6581 0.4981, 1.4803 0.6727 0.5089, 1.4803 0.6722 0.4981, 1.4803 0.687 0.5073, 1.4803 0.6848 0.4967, 1.4803 0.6983 0.5032, 1.4803 0.6928 0.4937, 1.4803 0.708 0.4965, 1.4803 0.6992 0.4893, 1.4803 0.7114 0.4932, 1.4803 0.7018 0.4867, 1.4803 0.7171 0.4851, 1.4803 0.7055 0.4815, 1.4803 0.7206 0.4762, 1.4803 0.7081 0.4746, 1.4803 0.7221 0.4634, 1.4803 0.7094 0.463, 1.4803 0.7218 0.4574, 1.4803 0.7091 0.457, 1.4803 0.7196 0.4465, 1.4803 0.7073 0.4485, 1.4803 0.715 0.4368, 1.4764 0.6718 0.4155, 1.4764 0.6461 0.4155, 1.4764 0.708 0.4285, 1.4764 0.6876 0.4174, 1.4764 0.6889 0.4179, 1.4764 0.6982 0.4215, 1.4764 0.715 0.4368, 1.4764 0.7196 0.4465, 1.4764 0.7218 0.4574, 1.4764 0.7221 0.4634, 1.4764 0.7206 0.4762, 1.4764 0.7171 0.4851, 1.4764 0.7114 0.4932, 1.4764 0.708 0.4965, 1.4764 0.6727 0.5089, 1.4764 0.6983 0.5032, 1.4764 0.6889 0.5066, 1.4764 0.687 0.5073, 1.4764 0.6461 0.5089, 1.4764 0.6722 0.4981, 1.4764 0.6581 0.4981, 1.4764 0.6581 0.4261, 1.4764 0.6717 0.4261, 1.4764 0.6995 0.4358, 1.4764 0.6983 0.4348, 1.4764 0.6923 0.4306, 1.4764 0.6846 0.4276, 1.4764 0.7094 0.463, 1.4764 0.7091 0.457, 1.4764 0.7073 0.4485, 1.4764 0.7041 0.4416, 1.4764 0.6992 0.4893, 1.4764 0.7018 0.4867, 1.4764 0.7055 0.4815, 1.4764 0.7081 0.4746, 1.4764 0.6848 0.4967, 1.4764 0.6928 0.4937, 1.4764 0.6928 0.4937
            ]
        }
        coordIndex [
            0,1,2,-1,2,1,3,-1,4,0,5,-1,5,0,2,-1,6,4,7,-1,7,4,5,-1,8,6,9,-1,9,6,7,-1,10,8,11,-1,11,8,9,-1,1,10,3,-1,3,10,11,-1,6,8,4,-1,4,8,10,-1,4,10,0,-1,0,10,1,-1,12,13,14,-1,14,13,15,-1,15,16,14,-1,14,16,17,-1,14,17,18,-1,18,17,19,-1,18,19,20,-1,21,20,22,-1,22,20,19,-1,21,22,23,-1,21,23,24,-1,24,23,25,-1,24,25,26,-1,26,25,27,-1,26,27,28,-1,28,27,29,-1,28,29,30,-1,30,29,31,-1,30,31,32,-1,32,31,33,-1,32,33,34,-1,34,33,35,-1,34,35,36,-1,36,35,37,-1,36,37,38,-1,38,37,39,-1,38,39,40,-1,40,39,41,-1,40,41,42,-1,42,41,43,-1,42,43,44,-1,44,43,45,-1,44,45,46,-1,46,45,47,-1,46,47,48,-1,48,47,49,-1,48,49,50,-1,50,49,51,-1,50,51,52,-1,52,51,53,-1,52,53,54,-1,54,53,55,-1,54,55,56,-1,56,55,57,-1,56,57,58,-1,58,57,59,-1,58,59,60,-1,60,59,61,-1,60,61,62,-1,62,61,63,-1,62,63,64,-1,64,63,65,-1,64,65,66,-1,67,66,68,-1,68,66,65,-1,69,70,71,-1,71,70,72,-1,71,72,73,-1,73,72,67,-1,73,67,68,-1,70,69,74,-1,70,74,75,-1,74,76,75,-1,75,76,77,-1,75,77,78,-1,78,77,79,-1,78,79,80,-1,80,79,81,-1,80,81,82,-1,82,81,83,-1,84,85,83,-1,83,85,86,-1,83,86,82,-1,84,87,85,-1,85,87,88,-1,85,88,89,-1,89,88,90,-1,89,90,91,-1,91,90,92,-1,93,94,92,-1,92,94,95,-1,92,95,91,-1,93,96,94,-1,94,96,97,-1,94,97,98,-1,98,97,99,-1,98,99,100,-1,13,12,101,-1,100,99,102,-1,100,102,103,-1,103,102,104,-1,103,104,105,-1,105,104,106,-1,105,106,101,-1,101,106,107,-1,101,107,13,-1,46,48,86,-1,54,56,75,-1,86,48,82,-1,75,56,70,-1,75,78,54,-1,54,78,80,-1,54,80,52,-1,52,80,82,-1,52,82,50,-1,50,82,48,-1,56,58,70,-1,70,58,60,-1,70,60,72,-1,72,60,62,-1,72,62,67,-1,67,62,64,-1,67,64,66,-1,91,44,89,-1,89,44,46,-1,89,46,85,-1,85,46,86,-1,20,21,18,-1,18,21,24,-1,18,24,14,-1,14,24,26,-1,14,26,12,-1,12,26,28,-1,12,28,101,-1,101,28,30,-1,101,30,105,-1,105,30,32,-1,105,32,103,-1,103,32,34,-1,103,34,100,-1,100,34,36,-1,100,36,98,-1,98,36,38,-1,98,38,94,-1,94,38,95,-1,95,38,40,-1,95,40,91,-1,91,40,42,-1,91,42,44,-1,108,109,110,-1,110,109,111,-1,112,113,114,-1,114,113,108,-1,114,108,110,-1,115,113,116,-1,116,113,112,-1,115,116,117,-1,117,116,118,-1,117,118,119,-1,120,117,121,-1,121,117,119,-1,122,123,124,-1,124,123,120,-1,124,120,121,-1,125,123,126,-1,126,123,122,-1,125,126,127,-1,127,126,128,-1,127,128,129,-1,130,127,131,-1,131,127,129,-1,132,133,134,-1,134,133,130,-1,134,130,131,-1,135,133,136,-1,136,133,132,-1,111,109,137,-1,137,109,135,-1,137,135,136,-1,135,109,108,-1,108,113,135,-1,135,113,115,-1,135,115,133,-1,127,130,125,-1,125,130,133,-1,125,133,123,-1,123,133,115,-1,123,115,120,-1,120,115,117,-1,138,139,140,-1,140,139,141,-1,140,141,142,-1,142,141,143,-1,142,143,144,-1,144,143,145,-1,144,145,146,-1,146,145,147,-1,146,147,148,-1,148,147,149,-1,148,149,150,-1,150,149,151,-1,150,151,152,-1,152,151,153,-1,152,153,154,-1,154,153,155,-1,154,155,156,-1,156,155,157,-1,156,157,158,-1,158,157,159,-1,158,159,160,-1,160,159,161,-1,160,161,162,-1,162,161,163,-1,162,163,164,-1,164,163,165,-1,164,165,166,-1,166,165,167,-1,166,167,168,-1,168,167,169,-1,168,169,170,-1,170,169,171,-1,170,171,172,-1,172,171,138,-1,172,138,140,-1,146,148,173,-1,173,148,174,-1,175,140,142,-1,146,173,176,-1,146,176,144,-1,144,176,177,-1,144,177,142,-1,142,177,178,-1,142,178,175,-1,140,175,179,-1,140,179,172,-1,172,179,180,-1,172,180,170,-1,170,180,181,-1,170,181,168,-1,168,181,182,-1,168,182,166,-1,166,182,183,-1,166,183,164,-1,164,183,184,-1,164,184,162,-1,162,184,185,-1,162,185,160,-1,160,185,186,-1,160,186,158,-1,187,152,154,-1,158,186,188,-1,158,188,156,-1,156,188,189,-1,156,189,154,-1,154,189,190,-1,154,190,187,-1,150,152,191,-1,191,152,187,-1,148,150,174,-1,174,150,191,-1,153,151,192,-1,192,151,193,-1,151,149,193,-1,193,149,194,-1,149,147,194,-1,194,147,195,-1,139,196,197,-1,139,197,141,-1,141,197,198,-1,141,198,143,-1,143,198,199,-1,143,199,145,-1,145,199,195,-1,145,195,147,-1,167,200,201,-1,167,201,169,-1,169,201,202,-1,169,202,171,-1,171,202,203,-1,171,203,138,-1,138,203,196,-1,138,196,139,-1,159,204,205,-1,159,205,161,-1,161,205,206,-1,161,206,163,-1,163,206,207,-1,163,207,165,-1,165,207,200,-1,165,200,167,-1,153,192,208,-1,153,208,155,-1,155,208,209,-1,155,209,157,-1,157,209,204,-1,157,204,159,-1,
        ]
    }
}
Shape{
    appearance Appearance {
        material  Material 	{
            diffuseColor 1.0 0.9098039215686274 0.8745098039215686
            specularColor 0.5019607843137255 0.4549019607843137 0.4392156862745098
            ambientIntensity 0.2
            transparency 0
            shininess 0.5
        }
    }
    geometry IndexedFaceSet {
        ccw TRUE
        solid FALSE
        coord DEF co Coordinate {
            point [
                1.4764 0.6581 0.4981, 1.4764 0.6581 0.4261, 1.4764 0.6722 0.4981, 1.4764 0.6717 0.4261, 1.4764 0.6846 0.4276, 1.4764 0.6923 0.4306, 1.4764 0.6983 0.4348, 1.4764 0.6995 0.4358, 1.4764 0.7041 0.4416, 1.4764 0.7073 0.4485, 1.4764 0.7094 0.463, 1.4764 0.6992 0.4893, 1.4764 0.6928 0.4937, 1.4764 0.7081 0.4746, 1.4764 0.7055 0.4815, 1.4764 0.7018 0.4867, 1.4764 0.7091 0.457, 1.4764 0.6848 0.4967, 1.4764 0.6848 0.4967
            ]
        }
        coordIndex [
            0,1,2,-1,2,1,3,-1,3,4,2,-1,2,4,5,-1,2,5,6,-1,6,7,2,-1,2,7,8,-1,2,8,9,-1,10,11,12,-1,13,14,10,-1,10,14,15,-1,10,15,11,-1,9,16,2,-1,2,16,10,-1,2,10,17,-1,17,10,12,-1,
        ]
    }
}
Shape{
    appearance Appearance {
        material  Material 	{
            diffuseColor 0.0 0.0 0.0
            specularColor 0.0 0.0 0.0
            ambientIntensity 0.2
            transparency 0
            shininess 0.5
        }
    }
    geometry IndexedFaceSet {
        ccw TRUE
        solid FALSE
        coord DEF co Coordinate {
            point [
                1.4803 0.7534 0.4516, 1.4803 0.7496 0.441, 1.4803 0.7848 0.4516, 1.4803 0.7885 0.441, 1.4803 0.7674 0.4904, 1.4803 0.7629 0.5089, 1.4803 0.7273 0.4155, 1.4803 0.7406 0.4155, 1.4803 0.7682 0.4932, 1.4803 0.7689 0.4969, 1.4803 0.7758 0.5089, 1.4803 0.7692 0.4969, 1.4803 0.77 0.493, 1.4803 0.7707 0.4904, 1.4803 0.8114 0.4155, 1.4803 0.798 0.4155, 1.4764 0.7758 0.5089, 1.4764 0.8114 0.4155, 1.4764 0.7629 0.5089, 1.4764 0.7273 0.4155, 1.4764 0.7542 0.4861, 1.4764 0.7406 0.4155, 1.4764 0.7496 0.441, 1.4764 0.7885 0.441, 1.4764 0.7542 0.441, 1.4764 0.798 0.4155, 1.4764 0.7534 0.4516, 1.4764 0.7848 0.4516, 1.4764 0.7707 0.4904, 1.4764 0.7692 0.4969, 1.4764 0.77 0.493, 1.4764 0.7689 0.4969, 1.4764 0.7674 0.4904, 1.4764 0.7682 0.4932, 1.4764 0.7682 0.4932
            ]
        }
        coordIndex [
            0,1,2,-1,2,1,3,-1,4,5,0,-1,0,5,6,-1,0,6,1,-1,1,6,7,-1,4,8,5,-1,5,8,9,-1,5,9,10,-1,10,9,11,-1,10,11,12,-1,12,13,10,-1,10,13,2,-1,10,2,14,-1,14,2,3,-1,14,3,15,-1,10,14,16,-1,16,14,17,-1,5,10,18,-1,18,10,16,-1,19,6,20,-1,20,6,5,-1,20,5,18,-1,7,6,21,-1,21,6,19,-1,1,7,22,-1,22,7,21,-1,23,3,24,-1,24,3,1,-1,24,1,22,-1,15,3,25,-1,25,3,23,-1,14,15,17,-1,17,15,25,-1,0,2,26,-1,26,2,27,-1,2,13,27,-1,27,13,28,-1,11,29,30,-1,11,30,12,-1,12,30,28,-1,12,28,13,-1,11,9,29,-1,29,9,31,-1,4,32,33,-1,4,33,8,-1,8,33,31,-1,8,31,9,-1,4,0,32,-1,32,0,26,-1,
        ]
    }
}
Shape{
    appearance Appearance {
        material  Material 	{
            diffuseColor 1.0 0.9098039215686274 0.8745098039215686
            specularColor 0.5019607843137255 0.4549019607843137 0.4392156862745098
            ambientIntensity 0.2
            transparency 0
            shininess 0.5
        }
    }
    geometry IndexedFaceSet {
        ccw TRUE
        solid FALSE
        coord DEF co Coordinate {
            point [
                1.4764 0.7692 0.4969, 1.4764 0.7689 0.4969, 1.4764 0.77 0.493, 1.4764 0.7682 0.4932, 1.4764 0.7707 0.4904, 1.4764 0.7674 0.4904, 1.4764 0.7848 0.4516, 1.4764 0.7534 0.4516, 1.4764 0.7534 0.4516
            ]
        }
        coordIndex [
            0,1,2,-1,2,1,3,-1,2,3,4,-1,4,3,5,-1,4,5,6,-1,6,5,7,-1,
        ]
    }
}
Shape{
    appearance Appearance {
        material  Material 	{
            diffuseColor 0.0 0.0 0.0
            specularColor 0.0 0.0 0.0
            ambientIntensity 0.2
            transparency 0
            shininess 0.5
        }
    }
    geometry IndexedFaceSet {
        ccw TRUE
        solid FALSE
        coord DEF co Coordinate {
            point [
                1.4803 0.4867 0.2779, 1.4803 0.4867 0.2673, 1.4764 0.4867 0.2779, 1.4764 0.4867 0.2673, 1.4803 0.4485 0.2779, 1.4764 0.4485 0.2779, 1.4803 0.4485 0.3093, 1.4764 0.4485 0.3093, 1.4803 0.4819 0.3093, 1.4764 0.4819 0.3093, 1.4803 0.4819 0.32, 1.4764 0.4819 0.32, 1.4803 0.4485 0.32, 1.4764 0.4485 0.32, 1.4803 0.4485 0.3499, 1.4764 0.4485 0.3499, 1.4803 0.4846 0.3499, 1.4764 0.4846 0.3499, 1.4803 0.4846 0.3607, 1.4764 0.4846 0.3607, 1.4803 0.4365 0.3607, 1.4764 0.4365 0.3607, 1.4803 0.4365 0.2673, 1.4764 0.4365 0.2673, 1.4803 0.5395 0.2776, 1.4803 0.5398 0.2776, 1.4803 0.539 0.2883, 1.4803 0.5398 0.2936, 1.4803 0.5515 0.3102, 1.4803 0.5398 0.2943, 1.4803 0.5398 0.3007, 1.4803 0.5398 0.2673, 1.4803 0.5515 0.2673, 1.4803 0.5099 0.2879, 1.4803 0.5104 0.2906, 1.4803 0.5003 0.2957, 1.4803 0.5373 0.2842, 1.4803 0.5348 0.2807, 1.4803 0.5376 0.2747, 1.4803 0.5333 0.2793, 1.4803 0.5339 0.2708, 1.4803 0.53 0.2771, 1.4803 0.5299 0.2681, 1.4803 0.5265 0.2758, 1.4803 0.5251 0.2664, 1.4803 0.5221 0.2753, 1.4803 0.5191 0.2657, 1.4803 0.5181 0.2757, 1.4803 0.5121 0.2665, 1.4803 0.5155 0.2767, 1.4803 0.5076 0.2682, 1.4803 0.5132 0.2783, 1.4803 0.5036 0.2709, 1.4803 0.5122 0.2793, 1.4803 0.5026 0.2991, 1.4803 0.5115 0.2928, 1.4803 0.5062 0.3022, 1.4803 0.5129 0.2945, 1.4803 0.5112 0.3047, 1.4803 0.5143 0.2957, 1.4803 0.5171 0.297, 1.4803 0.52 0.3069, 1.4803 0.5242 0.2986, 1.4803 0.5398 0.3097, 1.4803 0.4987 0.2916, 1.4803 0.4979 0.2866, 1.4803 0.5098 0.2861, 1.4803 0.4979 0.2851, 1.4803 0.5101 0.2834, 1.4803 0.4985 0.2798, 1.4803 0.5108 0.2813, 1.4803 0.4999 0.2759, 1.4803 0.5023 0.2723, 1.4803 0.5044 0.3293, 1.4803 0.5044 0.3179, 1.4803 0.5069 0.3307, 1.4803 0.5116 0.3226, 1.4803 0.5156 0.3341, 1.4803 0.5189 0.3252, 1.4803 0.5274 0.3355, 1.4803 0.5263 0.326, 1.4803 0.5344 0.3349, 1.4803 0.5303 0.3256, 1.4803 0.5393 0.3334, 1.4803 0.533 0.3246, 1.4803 0.5432 0.3312, 1.4803 0.535 0.3233, 1.4803 0.5463 0.3282, 1.4803 0.5368 0.3214, 1.4803 0.5487 0.3244, 1.4803 0.5382 0.319, 1.4803 0.5506 0.3191, 1.4803 0.5394 0.3148, 1.4764 0.5274 0.3355, 1.4764 0.5156 0.3341, 1.4764 0.5069 0.3307, 1.4764 0.5044 0.3293, 1.4764 0.5044 0.3179, 1.4764 0.5116 0.3226, 1.4764 0.5189 0.3252, 1.4764 0.5263 0.326, 1.4764 0.5303 0.3256, 1.4764 0.533 0.3246, 1.4764 0.535 0.3233, 1.4764 0.5368 0.3214, 1.4764 0.5382 0.319, 1.4764 0.5394 0.3148, 1.4764 0.5398 0.3097, 1.4764 0.52 0.3069, 1.4764 0.5112 0.3047, 1.4764 0.5062 0.3022, 1.4764 0.5026 0.2991, 1.4764 0.5003 0.2957, 1.4764 0.4987 0.2916, 1.4764 0.4979 0.2866, 1.4764 0.4979 0.2851, 1.4764 0.4985 0.2798, 1.4764 0.4999 0.2759, 1.4764 0.5023 0.2723, 1.4764 0.5036 0.2709, 1.4764 0.5191 0.2657, 1.4764 0.5123 0.2665, 1.4764 0.5121 0.2665, 1.4764 0.5076 0.2682, 1.4764 0.5251 0.2664, 1.4764 0.5254 0.2665, 1.4764 0.5299 0.2681, 1.4764 0.5339 0.2708, 1.4764 0.5376 0.2747, 1.4764 0.5395 0.2776, 1.4764 0.5398 0.2776, 1.4764 0.5398 0.2673, 1.4764 0.5515 0.2673, 1.4764 0.5515 0.3102, 1.4764 0.5506 0.3191, 1.4764 0.5487 0.3244, 1.4764 0.5463 0.3282, 1.4764 0.5432 0.3312, 1.4764 0.5393 0.3334, 1.4764 0.5344 0.3349, 1.4764 0.5129 0.2945, 1.4764 0.5143 0.2957, 1.4764 0.5171 0.297, 1.4764 0.5242 0.2986, 1.4764 0.5098 0.2861, 1.4764 0.5099 0.2879, 1.4764 0.5104 0.2906, 1.4764 0.5115 0.2928, 1.4764 0.5132 0.2783, 1.4764 0.5122 0.2793, 1.4764 0.5108 0.2813, 1.4764 0.5101 0.2834, 1.4764 0.5221 0.2753, 1.4764 0.5181 0.2757, 1.4764 0.5155 0.2767, 1.4764 0.5348 0.2807, 1.4764 0.5333 0.2793, 1.4764 0.53 0.2771, 1.4764 0.5265 0.2758, 1.4764 0.5398 0.2943, 1.4764 0.5398 0.2936, 1.4764 0.539 0.2883, 1.4764 0.5373 0.2842, 1.4764 0.5398 0.3007, 1.4764 0.5398 0.3007
            ]
        }
        coordIndex [
            0,1,2,-1,2,1,3,-1,4,0,5,-1,5,0,2,-1,6,4,7,-1,7,4,5,-1,8,6,9,-1,9,6,7,-1,10,8,11,-1,11,8,9,-1,12,10,13,-1,13,10,11,-1,14,12,15,-1,15,12,13,-1,16,14,17,-1,17,14,15,-1,18,16,19,-1,19,16,17,-1,20,18,21,-1,21,18,19,-1,22,20,23,-1,23,20,21,-1,1,22,3,-1,3,22,23,-1,1,0,22,-1,22,0,4,-1,8,10,6,-1,6,10,12,-1,16,18,14,-1,14,18,20,-1,14,20,12,-1,12,20,22,-1,12,22,6,-1,6,22,4,-1,24,25,26,-1,27,28,29,-1,29,28,30,-1,31,32,25,-1,25,32,28,-1,25,28,26,-1,26,28,27,-1,33,34,35,-1,26,36,24,-1,24,36,37,-1,24,37,38,-1,38,37,39,-1,38,39,40,-1,40,39,41,-1,40,41,42,-1,42,41,43,-1,42,43,44,-1,44,43,45,-1,44,45,46,-1,46,45,47,-1,46,47,48,-1,48,47,49,-1,48,49,50,-1,50,49,51,-1,50,51,52,-1,52,51,53,-1,35,34,54,-1,54,34,55,-1,54,55,56,-1,56,55,57,-1,56,57,58,-1,57,59,58,-1,58,59,60,-1,58,60,61,-1,61,60,62,-1,61,62,63,-1,35,64,33,-1,33,64,65,-1,33,65,66,-1,66,65,67,-1,66,67,68,-1,68,67,69,-1,68,69,70,-1,70,69,71,-1,70,71,53,-1,53,71,72,-1,53,72,52,-1,73,74,75,-1,75,74,76,-1,75,76,77,-1,77,76,78,-1,77,78,79,-1,79,78,80,-1,79,80,81,-1,81,80,82,-1,81,82,83,-1,83,82,84,-1,83,84,85,-1,85,84,86,-1,85,86,87,-1,87,86,88,-1,87,88,89,-1,89,88,90,-1,89,90,91,-1,91,90,92,-1,91,92,28,-1,28,92,63,-1,28,63,30,-1,30,63,62,-1,79,93,94,-1,79,94,77,-1,77,94,95,-1,77,95,75,-1,75,95,96,-1,75,96,73,-1,74,73,97,-1,97,73,96,-1,74,97,98,-1,74,98,76,-1,76,98,99,-1,76,99,78,-1,78,99,100,-1,78,100,80,-1,80,100,101,-1,80,101,82,-1,82,101,102,-1,82,102,84,-1,84,102,103,-1,84,103,86,-1,86,103,104,-1,86,104,88,-1,88,104,105,-1,88,105,90,-1,90,105,106,-1,90,106,92,-1,92,106,107,-1,92,107,63,-1,61,63,108,-1,108,63,107,-1,61,108,109,-1,61,109,58,-1,58,109,110,-1,58,110,56,-1,56,110,111,-1,56,111,54,-1,54,111,112,-1,54,112,35,-1,35,112,113,-1,35,113,64,-1,64,113,114,-1,64,114,65,-1,65,114,115,-1,65,115,67,-1,67,115,116,-1,67,116,69,-1,69,116,117,-1,69,117,71,-1,71,117,118,-1,71,118,72,-1,72,118,119,-1,72,119,52,-1,120,46,121,-1,121,46,48,-1,121,48,122,-1,122,48,50,-1,122,50,123,-1,123,50,52,-1,123,52,119,-1,46,120,124,-1,46,124,44,-1,44,124,125,-1,44,125,42,-1,125,126,42,-1,42,126,127,-1,42,127,40,-1,40,127,128,-1,40,128,38,-1,38,128,129,-1,38,129,24,-1,25,24,130,-1,130,24,129,-1,31,25,131,-1,131,25,130,-1,32,31,132,-1,132,31,131,-1,28,32,133,-1,133,32,132,-1,28,133,134,-1,28,134,91,-1,91,134,135,-1,91,135,89,-1,89,135,136,-1,89,136,87,-1,87,136,137,-1,87,137,85,-1,85,137,138,-1,85,138,83,-1,83,138,139,-1,83,139,81,-1,81,139,93,-1,81,93,79,-1,57,140,141,-1,57,141,59,-1,59,141,142,-1,59,142,60,-1,60,142,143,-1,60,143,62,-1,66,144,145,-1,66,145,33,-1,33,145,146,-1,33,146,34,-1,34,146,147,-1,34,147,55,-1,55,147,140,-1,55,140,57,-1,51,148,149,-1,51,149,53,-1,53,149,150,-1,53,150,70,-1,70,150,151,-1,70,151,68,-1,68,151,144,-1,68,144,66,-1,45,152,153,-1,45,153,47,-1,47,153,154,-1,47,154,49,-1,49,154,148,-1,49,148,51,-1,37,155,156,-1,37,156,39,-1,39,156,157,-1,39,157,41,-1,41,157,158,-1,41,158,43,-1,43,158,152,-1,43,152,45,-1,29,159,160,-1,29,160,27,-1,27,160,161,-1,27,161,26,-1,26,161,162,-1,26,162,36,-1,36,162,155,-1,36,155,37,-1,29,30,159,-1,159,30,163,-1,30,62,163,-1,163,62,143,-1,
        ]
    }
}
Shape{
    appearance Appearance {
        material  Material 	{
            diffuseColor 1.0 0.9098039215686274 0.8745098039215686
            specularColor 0.5019607843137255 0.4549019607843137 0.4392156862745098
            ambientIntensity 0.2
            transparency 0
            shininess 0.5
        }
    }
    geometry IndexedFaceSet {
        ccw TRUE
        solid FALSE
        coord DEF co Coordinate {
            point [
                1.4764 0.5398 0.2936, 1.4764 0.5398 0.2943, 1.4764 0.5129 0.2945, 1.4764 0.5398 0.3007, 1.4764 0.5242 0.2986, 1.4764 0.5171 0.297, 1.4764 0.5143 0.2957, 1.4764 0.539 0.2883, 1.4764 0.5115 0.2928, 1.4764 0.5373 0.2842, 1.4764 0.5122 0.2793, 1.4764 0.5132 0.2783, 1.4764 0.5333 0.2793, 1.4764 0.5108 0.2813, 1.4764 0.53 0.2771, 1.4764 0.5265 0.2758, 1.4764 0.5221 0.2753, 1.4764 0.5104 0.2906, 1.4764 0.5099 0.2879, 1.4764 0.5348 0.2807, 1.4764 0.5098 0.2861, 1.4764 0.5101 0.2834, 1.4764 0.5155 0.2767, 1.4764 0.5181 0.2757, 1.4764 0.5181 0.2757
            ]
        }
        coordIndex [
            0,1,2,-1,1,3,4,-1,4,5,1,-1,1,5,6,-1,1,6,2,-1,0,2,7,-1,7,2,8,-1,7,8,9,-1,10,11,12,-1,10,12,13,-1,14,12,15,-1,15,12,16,-1,8,17,9,-1,9,17,18,-1,9,18,19,-1,19,18,20,-1,19,20,12,-1,12,20,21,-1,12,21,13,-1,11,22,12,-1,12,22,23,-1,12,23,16,-1,
        ]
    }
}
Shape{
    appearance Appearance {
        material  Material 	{
            diffuseColor 0.0 0.0 0.0
            specularColor 0.0 0.0 0.0
            ambientIntensity 0.2
            transparency 0
            shininess 0.5
        }
    }
    geometry IndexedFaceSet {
        ccw TRUE
        solid FALSE
        coord DEF co Coordinate {
            point [
                1.4764 0.5674 0.2817, 1.4803 0.5674 0.2817, 1.4803 0.5718 0.279, 1.4803 0.5866 0.2752, 1.4764 0.5866 0.2752, 1.4764 0.5791 0.2761, 1.4803 0.5791 0.2761, 1.4764 0.5728 0.2786, 1.4764 0.5718 0.279, 1.4803 0.5674 0.2696, 1.4764 0.5674 0.2696, 1.4764 0.5728 0.2676, 1.4803 0.5748 0.2669, 1.4764 0.5855 0.2657, 1.4803 0.5855 0.2657, 1.4764 0.5785 0.2665, 1.4764 0.5748 0.2669, 1.4764 0.5933 0.2665, 1.4803 0.5947 0.2666, 1.4764 0.5947 0.2666, 1.4764 0.6011 0.2688, 1.4803 0.6011 0.2688, 1.4764 0.6049 0.271, 1.4803 0.6049 0.271, 1.4764 0.6082 0.2739, 1.4803 0.6082 0.2739, 1.4764 0.6104 0.277, 1.4803 0.6104 0.277, 1.4764 0.6119 0.2807, 1.4803 0.6119 0.2807, 1.4764 0.6124 0.2854, 1.4803 0.6124 0.2854, 1.4764 0.6119 0.2898, 1.4803 0.6119 0.2898, 1.4764 0.6107 0.2932, 1.4803 0.6107 0.2932, 1.4764 0.6085 0.2964, 1.4803 0.6085 0.2964, 1.4764 0.6057 0.2989, 1.4803 0.6057 0.2989, 1.4764 0.5979 0.3033, 1.4803 0.5979 0.3033, 1.4764 0.5934 0.3051, 1.4803 0.5934 0.3051, 1.4764 0.5862 0.3082, 1.4803 0.5862 0.3082, 1.4764 0.582 0.3108, 1.4803 0.582 0.3108, 1.4764 0.5809 0.3121, 1.4803 0.5809 0.3121, 1.4764 0.5801 0.3137, 1.4803 0.5801 0.3137, 1.4764 0.5796 0.3155, 1.4803 0.5796 0.3155, 1.4764 0.5795 0.317, 1.4803 0.5795 0.317, 1.4764 0.5797 0.3189, 1.4803 0.5797 0.3189, 1.4764 0.5803 0.3205, 1.4803 0.5803 0.3205, 1.4764 0.5813 0.322, 1.4803 0.5813 0.322, 1.4764 0.583 0.3235, 1.4803 0.583 0.3235, 1.4764 0.5857 0.3249, 1.4803 0.5857 0.3249, 1.4764 0.5888 0.3257, 1.4803 0.5888 0.3257, 1.4764 0.5923 0.326, 1.4803 0.5923 0.326, 1.4764 0.6001 0.3251, 1.4803 0.6001 0.3251, 1.4764 0.6067 0.3227, 1.4803 0.6067 0.3227, 1.4764 0.6092 0.3212, 1.4803 0.6092 0.3212, 1.4803 0.6092 0.3325, 1.4764 0.6092 0.3325, 1.4764 0.6013 0.3348, 1.4803 0.6013 0.3348, 1.4764 0.5934 0.3355, 1.4803 0.5934 0.3355, 1.4764 0.5849 0.3346, 1.4803 0.5849 0.3346, 1.4764 0.5785 0.3323, 1.4803 0.5785 0.3323, 1.4764 0.5749 0.3302, 1.4803 0.5749 0.3302, 1.4764 0.5728 0.3283, 1.4803 0.5715 0.3271, 1.4764 0.5715 0.3271, 1.4764 0.5693 0.3239, 1.4803 0.5693 0.3239, 1.4764 0.5679 0.3202, 1.4803 0.5679 0.3202, 1.4764 0.5674 0.316, 1.4803 0.5674 0.316, 1.4764 0.5679 0.3114, 1.4803 0.5679 0.3114, 1.4764 0.5692 0.3079, 1.4803 0.5692 0.3079, 1.4764 0.5708 0.3054, 1.4803 0.5708 0.3054, 1.4764 0.5851 0.2966, 1.4803 0.5851 0.2966, 1.4803 0.5782 0.2998, 1.4764 0.5727 0.3034, 1.4803 0.5727 0.3034, 1.4764 0.5728 0.3034, 1.4764 0.5782 0.2998, 1.4764 0.5928 0.2934, 1.4803 0.5928 0.2934, 1.4764 0.5974 0.2906, 1.4803 0.5974 0.2906, 1.4764 0.5989 0.2891, 1.4803 0.5989 0.2891, 1.4764 0.5998 0.2875, 1.4803 0.5998 0.2875, 1.4764 0.6003 0.2857, 1.4803 0.6003 0.2857, 1.4764 0.6004 0.2843, 1.4803 0.6004 0.2843, 1.4764 0.6002 0.282, 1.4803 0.6002 0.282, 1.4764 0.5996 0.2804, 1.4803 0.5996 0.2804, 1.4764 0.5986 0.2789, 1.4803 0.5986 0.2789, 1.4764 0.5972 0.2777, 1.4803 0.5972 0.2777, 1.4764 0.5961 0.277, 1.4803 0.5961 0.277, 1.4764 0.5931 0.2759, 1.4803 0.5931 0.2759, 1.4764 0.5871 0.2752, 1.4803 0.5871 0.2752, 1.4803 0.6704 0.334, 1.4803 0.6826 0.334, 1.4764 0.6704 0.334, 1.4764 0.6826 0.334, 1.4803 0.6522 0.2837, 1.4764 0.6522 0.2837, 1.4764 0.6513 0.2806, 1.4803 0.6513 0.2806, 1.4764 0.6508 0.2783, 1.4803 0.6508 0.2783, 1.4803 0.6505 0.2783, 1.4764 0.6505 0.2783, 1.4803 0.649 0.2838, 1.4764 0.649 0.2838, 1.4764 0.6316 0.334, 1.4803 0.6316 0.334, 1.4764 0.6372 0.3177, 1.4803 0.6185 0.334, 1.4764 0.6185 0.334, 1.4764 0.6447 0.2674, 1.4803 0.6447 0.2674, 1.4764 0.6372 0.2863, 1.4764 0.6395 0.2553, 1.4803 0.6395 0.2553, 1.4764 0.6443 0.2665, 1.4764 0.6372 0.2511, 1.4803 0.6372 0.2511, 1.4764 0.6351 0.2486, 1.4803 0.6351 0.2486, 1.4764 0.633 0.2472, 1.4803 0.633 0.2472, 1.4764 0.6304 0.2462, 1.4803 0.6304 0.2462, 1.4764 0.6276 0.2459, 1.4803 0.6276 0.2459, 1.4764 0.6233 0.2464, 1.4803 0.6233 0.2464, 1.4764 0.6209 0.2472, 1.4803 0.6209 0.2472, 1.4803 0.6209 0.2368, 1.4764 0.6209 0.2368, 1.4764 0.6259 0.2359, 1.4803 0.6259 0.2359, 1.4764 0.6285 0.2358, 1.4803 0.6285 0.2358, 1.4764 0.6332 0.2364, 1.4803 0.6332 0.2364, 1.4764 0.6372 0.2379, 1.4803 0.6378 0.2381, 1.4764 0.6378 0.2381, 1.4764 0.6419 0.241, 1.4803 0.6419 0.241, 1.4764 0.6427 0.2417, 1.4803 0.6427 0.2417, 1.4764 0.647 0.2469, 1.4803 0.647 0.2469, 1.4764 0.6523 0.2572, 1.4803 0.6523 0.2572, 1.4764 0.6559 0.2665, 1.4803 0.7454 0.2779, 1.4803 0.7454 0.2673, 1.4764 0.7454 0.2779, 1.4764 0.7454 0.2673, 1.4764 0.7072 0.2779, 1.4803 0.7072 0.2779, 1.4764 0.7247 0.2779, 1.4803 0.7072 0.3093, 1.4764 0.7072 0.3093, 1.4764 0.7406 0.3093, 1.4803 0.7406 0.3093, 1.4764 0.7247 0.3093, 1.4803 0.7406 0.32, 1.4764 0.7406 0.32, 1.4764 0.7072 0.32, 1.4803 0.7072 0.32, 1.4764 0.7247 0.32, 1.4803 0.7072 0.3499, 1.4764 0.7072 0.3499, 1.4764 0.7433 0.3499, 1.4803 0.7433 0.3499, 1.4764 0.7247 0.3499, 1.4803 0.7433 0.3607, 1.4764 0.7433 0.3607, 1.4764 0.6952 0.3607, 1.4803 0.6952 0.3607, 1.4764 0.7247 0.3607, 1.4803 0.6952 0.2673, 1.4764 0.6952 0.2673, 1.4764 0.7247 0.2673, 1.4803 0.8211 0.2934, 1.4803 0.8164 0.2877, 1.4803 0.825 0.2803, 1.4803 0.8153 0.2866, 1.4803 0.8152 0.2733, 1.4803 0.8093 0.2824, 1.4803 0.8045 0.2692, 1.4803 0.8015 0.2794, 1.4803 0.7887 0.2673, 1.4803 0.7887 0.2779, 1.4803 0.763 0.2673, 1.4803 0.7751 0.2779, 1.4803 0.763 0.3607, 1.4803 0.7751 0.3499, 1.4803 0.7897 0.3607, 1.4803 0.7892 0.3499, 1.4803 0.804 0.3591, 1.4803 0.8018 0.3485, 1.4803 0.8152 0.355, 1.4803 0.8098 0.3455, 1.4803 0.825 0.3483, 1.4803 0.8162 0.3411, 1.4803 0.8283 0.3451, 1.4803 0.8188 0.3385, 1.4803 0.8341 0.3369, 1.4803 0.8224 0.3333, 1.4803 0.8376 0.328, 1.4803 0.8251 0.3264, 1.4803 0.8391 0.3152, 1.4803 0.8264 0.3148, 1.4803 0.8388 0.3092, 1.4803 0.8261 0.3088, 1.4803 0.8366 0.2983, 1.4803 0.8243 0.3003, 1.4803 0.832 0.2886, 1.4764 0.7887 0.2673, 1.4764 0.763 0.2673, 1.4764 0.8045 0.2692, 1.4764 0.8152 0.2733, 1.4764 0.825 0.2803, 1.4764 0.832 0.2886, 1.4764 0.8366 0.2983, 1.4764 0.8388 0.3092, 1.4764 0.8391 0.3152, 1.4764 0.8376 0.328, 1.4764 0.8341 0.3369, 1.4764 0.8283 0.3451, 1.4764 0.825 0.3483, 1.4764 0.8152 0.355, 1.4764 0.804 0.3591, 1.4764 0.7897 0.3607, 1.4764 0.763 0.3607, 1.4764 0.7892 0.3499, 1.4764 0.7751 0.3499, 1.4764 0.7751 0.2779, 1.4764 0.7887 0.2779, 1.4764 0.8164 0.2877, 1.4764 0.8153 0.2866, 1.4764 0.8093 0.2824, 1.4764 0.8015 0.2794, 1.4764 0.8264 0.3148, 1.4764 0.8261 0.3088, 1.4764 0.8243 0.3003, 1.4764 0.8211 0.2934, 1.4764 0.8162 0.3411, 1.4764 0.8188 0.3385, 1.4764 0.8224 0.3333, 1.4764 0.8251 0.3264, 1.4764 0.8018 0.3485, 1.4764 0.8098 0.3455, 1.4764 0.8098 0.3455
            ]
        }
        coordIndex [
            0,1,2,-1,3,4,5,-1,3,5,6,-1,6,5,7,-1,6,7,2,-1,2,7,8,-1,2,8,0,-1,9,1,10,-1,10,1,0,-1,10,11,9,-1,9,11,12,-1,13,14,15,-1,15,14,12,-1,15,12,16,-1,16,12,11,-1,13,17,14,-1,14,17,18,-1,17,19,18,-1,18,19,20,-1,18,20,21,-1,21,20,22,-1,21,22,23,-1,23,22,24,-1,23,24,25,-1,25,24,26,-1,25,26,27,-1,27,26,28,-1,27,28,29,-1,29,28,30,-1,29,30,31,-1,31,30,32,-1,31,32,33,-1,33,32,34,-1,33,34,35,-1,35,34,36,-1,35,36,37,-1,37,36,38,-1,37,38,39,-1,39,38,40,-1,39,40,41,-1,41,40,42,-1,41,42,43,-1,43,42,44,-1,43,44,45,-1,45,44,46,-1,45,46,47,-1,47,46,48,-1,47,48,49,-1,49,48,50,-1,49,50,51,-1,51,50,52,-1,51,52,53,-1,53,52,54,-1,53,54,55,-1,55,54,56,-1,55,56,57,-1,57,56,58,-1,57,58,59,-1,59,58,60,-1,59,60,61,-1,61,60,62,-1,61,62,63,-1,63,62,64,-1,63,64,65,-1,65,64,66,-1,65,66,67,-1,67,66,68,-1,67,68,69,-1,69,68,70,-1,69,70,71,-1,71,70,72,-1,71,72,73,-1,73,72,74,-1,73,74,75,-1,76,75,77,-1,77,75,74,-1,76,77,78,-1,76,78,79,-1,79,78,80,-1,79,80,81,-1,81,80,82,-1,81,82,83,-1,83,82,84,-1,83,84,85,-1,85,84,86,-1,85,86,87,-1,86,88,87,-1,87,88,89,-1,88,90,89,-1,89,90,91,-1,89,91,92,-1,92,91,93,-1,92,93,94,-1,94,93,95,-1,94,95,96,-1,96,95,97,-1,96,97,98,-1,98,97,99,-1,98,99,100,-1,100,99,101,-1,100,101,102,-1,103,104,105,-1,102,101,106,-1,102,106,107,-1,107,106,108,-1,107,108,105,-1,105,108,109,-1,105,109,103,-1,104,103,110,-1,104,110,111,-1,111,110,112,-1,111,112,113,-1,113,112,114,-1,113,114,115,-1,115,114,116,-1,115,116,117,-1,117,116,118,-1,117,118,119,-1,119,118,120,-1,119,120,121,-1,121,120,122,-1,121,122,123,-1,123,122,124,-1,123,124,125,-1,125,124,126,-1,125,126,127,-1,127,126,128,-1,127,128,129,-1,129,128,130,-1,129,130,131,-1,131,130,132,-1,131,132,133,-1,133,132,134,-1,133,134,135,-1,135,134,4,-1,135,4,3,-1,61,63,85,-1,85,63,83,-1,111,43,104,-1,104,43,45,-1,21,23,127,-1,127,23,25,-1,127,25,125,-1,125,25,27,-1,125,27,123,-1,123,27,29,-1,123,29,121,-1,121,29,31,-1,121,31,119,-1,119,31,33,-1,119,33,117,-1,117,33,35,-1,117,35,115,-1,115,35,37,-1,115,37,113,-1,113,37,39,-1,113,39,111,-1,111,39,41,-1,111,41,43,-1,14,3,12,-1,12,3,6,-1,12,6,9,-1,9,6,2,-1,9,2,1,-1,63,65,83,-1,83,65,67,-1,83,67,81,-1,81,67,69,-1,81,69,79,-1,79,69,71,-1,79,71,76,-1,76,71,73,-1,76,73,75,-1,127,129,21,-1,21,129,131,-1,21,131,18,-1,18,131,133,-1,18,133,14,-1,14,133,135,-1,14,135,3,-1,85,87,61,-1,61,87,89,-1,61,89,59,-1,59,89,92,-1,59,92,57,-1,57,92,94,-1,57,94,55,-1,55,94,96,-1,55,96,53,-1,53,96,98,-1,53,98,51,-1,51,98,100,-1,51,100,49,-1,49,100,102,-1,49,102,47,-1,47,102,107,-1,47,107,45,-1,45,107,105,-1,45,105,104,-1,136,137,138,-1,138,137,139,-1,140,136,141,-1,141,136,138,-1,140,141,142,-1,140,142,143,-1,143,142,144,-1,143,144,145,-1,146,145,147,-1,147,145,144,-1,148,146,149,-1,149,146,147,-1,150,151,152,-1,152,151,148,-1,152,148,149,-1,153,151,154,-1,154,151,150,-1,155,156,157,-1,157,156,153,-1,157,153,154,-1,158,159,160,-1,160,159,156,-1,160,156,155,-1,159,158,161,-1,159,161,162,-1,162,161,163,-1,162,163,164,-1,164,163,165,-1,164,165,166,-1,166,165,167,-1,166,167,168,-1,168,167,169,-1,168,169,170,-1,170,169,171,-1,170,171,172,-1,172,171,173,-1,172,173,174,-1,175,174,176,-1,176,174,173,-1,175,176,177,-1,175,177,178,-1,178,177,179,-1,178,179,180,-1,180,179,181,-1,180,181,182,-1,182,181,183,-1,182,183,184,-1,183,185,184,-1,184,185,186,-1,184,186,187,-1,187,186,188,-1,187,188,189,-1,189,188,190,-1,189,190,191,-1,191,190,192,-1,191,192,193,-1,139,137,194,-1,194,137,193,-1,194,193,192,-1,143,145,193,-1,137,136,193,-1,193,136,140,-1,193,140,143,-1,151,153,148,-1,148,153,156,-1,148,156,146,-1,174,175,172,-1,172,175,178,-1,172,178,170,-1,170,178,180,-1,170,180,168,-1,168,180,182,-1,168,182,166,-1,166,182,184,-1,166,184,164,-1,191,162,189,-1,189,162,164,-1,189,164,187,-1,187,164,184,-1,145,146,193,-1,193,146,156,-1,193,156,191,-1,191,156,159,-1,191,159,162,-1,195,196,197,-1,197,196,198,-1,199,200,201,-1,201,200,195,-1,201,195,197,-1,202,200,203,-1,203,200,199,-1,204,205,206,-1,206,205,202,-1,206,202,203,-1,207,205,208,-1,208,205,204,-1,209,210,211,-1,211,210,207,-1,211,207,208,-1,212,210,213,-1,213,210,209,-1,214,215,216,-1,216,215,212,-1,216,212,213,-1,217,215,218,-1,218,215,214,-1,219,220,221,-1,221,220,217,-1,221,217,218,-1,222,220,223,-1,223,220,219,-1,198,196,224,-1,224,196,222,-1,224,222,223,-1,222,196,195,-1,195,200,222,-1,222,200,202,-1,222,202,220,-1,215,217,212,-1,212,217,220,-1,212,220,210,-1,210,220,202,-1,210,202,207,-1,207,202,205,-1,225,226,227,-1,227,226,228,-1,227,228,229,-1,229,228,230,-1,229,230,231,-1,231,230,232,-1,231,232,233,-1,233,232,234,-1,233,234,235,-1,235,234,236,-1,235,236,237,-1,237,236,238,-1,237,238,239,-1,239,238,240,-1,239,240,241,-1,241,240,242,-1,241,242,243,-1,243,242,244,-1,243,244,245,-1,245,244,246,-1,245,246,247,-1,247,246,248,-1,247,248,249,-1,249,248,250,-1,249,250,251,-1,251,250,252,-1,251,252,253,-1,253,252,254,-1,253,254,255,-1,255,254,256,-1,255,256,257,-1,257,256,258,-1,257,258,259,-1,259,258,225,-1,259,225,227,-1,233,235,260,-1,260,235,261,-1,233,260,262,-1,233,262,231,-1,231,262,263,-1,231,263,229,-1,229,263,264,-1,229,264,227,-1,227,264,265,-1,227,265,259,-1,259,265,266,-1,259,266,257,-1,257,266,267,-1,257,267,255,-1,255,267,268,-1,255,268,253,-1,253,268,269,-1,253,269,251,-1,251,269,270,-1,251,270,249,-1,249,270,271,-1,249,271,247,-1,247,271,272,-1,247,272,245,-1,245,272,273,-1,245,273,243,-1,243,273,274,-1,243,274,241,-1,241,274,275,-1,241,275,239,-1,237,239,276,-1,276,239,275,-1,235,237,261,-1,261,237,276,-1,240,238,277,-1,277,238,278,-1,238,236,278,-1,278,236,279,-1,236,234,279,-1,279,234,280,-1,226,281,282,-1,226,282,228,-1,228,282,283,-1,228,283,230,-1,230,283,284,-1,230,284,232,-1,232,284,280,-1,232,280,234,-1,254,285,286,-1,254,286,256,-1,256,286,287,-1,256,287,258,-1,258,287,288,-1,258,288,225,-1,225,288,281,-1,225,281,226,-1,246,289,290,-1,246,290,248,-1,248,290,291,-1,248,291,250,-1,250,291,292,-1,250,292,252,-1,252,292,285,-1,252,285,254,-1,240,277,293,-1,240,293,242,-1,242,293,294,-1,242,294,244,-1,244,294,289,-1,244,289,246,-1,
        ]
    }
}
Shape{
    appearance Appearance {
        material  Material 	{
            diffuseColor 1.0 0.9098039215686274 0.8745098039215686
            specularColor 0.5019607843137255 0.4549019607843137 0.4392156862745098
            ambientIntensity 0.2
            transparency 0
            shininess 0.5
        }
    }
    geometry IndexedFaceSet {
        ccw TRUE
        solid FALSE
        coord DEF co Coordinate {
            point [
                1.4764 0.7751 0.3499, 1.4764 0.7751 0.2779, 1.4764 0.7892 0.3499, 1.4764 0.7887 0.2779, 1.4764 0.8015 0.2794, 1.4764 0.8093 0.2824, 1.4764 0.8153 0.2866, 1.4764 0.8164 0.2877, 1.4764 0.8211 0.2934, 1.4764 0.8243 0.3003, 1.4764 0.8264 0.3148, 1.4764 0.8162 0.3411, 1.4764 0.8098 0.3455, 1.4764 0.8251 0.3264, 1.4764 0.8224 0.3333, 1.4764 0.8188 0.3385, 1.4764 0.8261 0.3088, 1.4764 0.8018 0.3485, 1.4764 0.8018 0.3485
            ]
        }
        coordIndex [
            0,1,2,-1,2,1,3,-1,3,4,2,-1,2,4,5,-1,2,5,6,-1,6,7,2,-1,2,7,8,-1,2,8,9,-1,10,11,12,-1,13,14,10,-1,10,14,15,-1,10,15,11,-1,9,16,2,-1,2,16,10,-1,2,10,17,-1,17,10,12,-1,
        ]
    }
}
Shape{
    appearance Appearance {
        material  Material 	{
            diffuseColor 0.0 0.0 0.0
            specularColor 0.0 0.0 0.0
            ambientIntensity 0.2
            transparency 0
            shininess 0.5
        }
    }
    geometry IndexedFaceSet {
        ccw TRUE
        solid FALSE
        coord DEF co Coordinate {
            point [
                1.4803 0.8704 0.3034, 1.4803 0.8666 0.2928, 1.4803 0.9018 0.3034, 1.4803 0.9055 0.2928, 1.4803 0.8844 0.3422, 1.4803 0.8799 0.3607, 1.4803 0.8443 0.2673, 1.4803 0.8576 0.2673, 1.4803 0.8852 0.345, 1.4803 0.8859 0.3487, 1.4803 0.8928 0.3607, 1.4803 0.8862 0.3487, 1.4803 0.8869 0.3448, 1.4803 0.8876 0.3422, 1.4803 0.9283 0.2673, 1.4803 0.915 0.2673, 1.4764 0.8928 0.3607, 1.4764 0.9283 0.2673, 1.4764 0.8799 0.3607, 1.4764 0.8443 0.2673, 1.4764 0.8576 0.2673, 1.4764 0.8666 0.2928, 1.4764 0.9055 0.2928, 1.4764 0.915 0.2673, 1.4764 0.8704 0.3034, 1.4764 0.9018 0.3034, 1.4764 0.8876 0.3422, 1.4764 0.8862 0.3487, 1.4764 0.8869 0.3448, 1.4764 0.8859 0.3487, 1.4764 0.8844 0.3422, 1.4764 0.8852 0.345, 1.4764 0.8852 0.345
            ]
        }
        coordIndex [
            0,1,2,-1,2,1,3,-1,4,5,0,-1,0,5,6,-1,0,6,1,-1,1,6,7,-1,4,8,5,-1,5,8,9,-1,5,9,10,-1,10,9,11,-1,10,11,12,-1,12,13,10,-1,10,13,2,-1,10,2,14,-1,14,2,3,-1,14,3,15,-1,10,14,16,-1,16,14,17,-1,5,10,18,-1,18,10,16,-1,6,5,19,-1,19,5,18,-1,7,6,20,-1,20,6,19,-1,1,7,21,-1,21,7,20,-1,3,1,22,-1,22,1,21,-1,15,3,23,-1,23,3,22,-1,14,15,17,-1,17,15,23,-1,0,2,24,-1,24,2,25,-1,2,13,25,-1,25,13,26,-1,11,27,28,-1,11,28,12,-1,12,28,26,-1,12,26,13,-1,11,9,27,-1,27,9,29,-1,4,30,31,-1,4,31,8,-1,8,31,29,-1,8,29,9,-1,4,0,30,-1,30,0,24,-1,
        ]
    }
}
Shape{
    appearance Appearance {
        material  Material 	{
            diffuseColor 1.0 0.9098039215686274 0.8745098039215686
            specularColor 0.5019607843137255 0.4549019607843137 0.4392156862745098
            ambientIntensity 0.2
            transparency 0
            shininess 0.5
        }
    }
    geometry IndexedFaceSet {
        ccw TRUE
        solid FALSE
        coord DEF co Coordinate {
            point [
                1.4764 0.8862 0.3487, 1.4764 0.8859 0.3487, 1.4764 0.8869 0.3448, 1.4764 0.8852 0.345, 1.4764 0.8876 0.3422, 1.4764 0.8844 0.3422, 1.4764 0.9018 0.3034, 1.4764 0.8704 0.3034, 1.4764 0.8704 0.3034
            ]
        }
        coordIndex [
            0,1,2,-1,2,1,3,-1,2,3,4,-1,4,3,5,-1,4,5,6,-1,6,5,7,-1,
        ]
    }
}
Shape{
    appearance Appearance {
        material  Material 	{
            diffuseColor 0.0 0.0 0.0
            specularColor 0.0 0.0 0.0
            ambientIntensity 0.2
            transparency 0
            shininess 0.5
        }
    }
    geometry IndexedFaceSet {
        ccw TRUE
        solid FALSE
        coord DEF co Coordinate {
            point [
                1.4803 0.0063 0.4282, 1.4803 0.0211 0.436, 1.4803 0.0176 0.4769, 1.4803 0.1346 0.2514, 1.4803 0.1425 0.2662, 1.4803 0.1464 0.2826, 1.4803 0.0591 0.4788, 1.4803 0.0797 0.4303, 1.4803 0.0898 0.4513, 1.4803 0.0551 0.2807, 1.4803 0.0538 0.287, 1.4803 0.0179 0.3128, 1.4803 0.0172 0.2683, 1.4803 0.0088 0.2708, 1.4803 0.0034 0.3217, 1.4803 0.0438 0.4801, 1.4803 0.2397 0.3453, 1.4803 0.2191 0.3805, 1.4803 0.1468 0.2962, 1.4803 0.1301 0.334, 1.4803 0.1468 0.2895, 1.4803 0.1112 0.2308, 1.4803 0.1245 0.24, 1.4803 0.0577 0.2751, 1.4803 0.0338 0.2418, 1.4803 0.0239 0.254, 1.4803 0.2617 0.4111, 1.4803 0.267 0.4111, 1.4803 0.2942 0.4469, 1.4803 0.2796 0.4095, 1.4803 0.2975 0.4458, 1.4803 0.2912 0.405, 1.4803 0.3172 0.436, 1.4803 0.3352 0.4208, 1.4803 0.0727 0.4947, 1.4803 0.1047 0.4691, 1.4803 0.0883 0.508, 1.4803 0.1225 0.4821, 1.4803 0.1059 0.5188, 1.4803 0.0375 0.4399, 1.4803 0.0445 0.4403, 1.4803 0.0514 0.4797, 1.4803 0.0601 0.4384, 1.4803 0.075 0.4329, 1.4803 0.1008 0.2739, 1.4803 0.0971 0.2697, 1.4803 0.0921 0.2661, 1.4803 0.0964 0.2251, 1.4803 0.0863 0.2638, 1.4803 0.0803 0.2231, 1.4803 0.0797 0.263, 1.4803 0.0778 0.2232, 1.4803 0.0785 0.263, 1.4803 0.0621 0.2256, 1.4803 0.0726 0.264, 1.4803 0.0468 0.232, 1.4803 0.0666 0.2665, 1.4803 0.0615 0.2704, 1.4803 0.1039 0.298, 1.4803 0.1054 0.2919, 1.4803 0.1054 0.286, 1.4803 0.1038 0.2796, 1.4803 0.3354 0.2968, 1.4803 0.3044 0.3232, 1.4803 0.3173 0.2815, 1.4803 0.2946 0.3152, 1.4803 0.297 0.2716, 1.4803 0.2829 0.3097, 1.4803 0.2749 0.2669, 1.4803 0.271 0.3075, 1.4803 0.2358 0.2669, 1.4803 0.2411 0.3075, 1.4803 0.232 0.2675, 1.4803 0.0542 0.2934, 1.4803 0.0561 0.2997, 1.4803 0.0252 0.327, 1.4803 0.0596 0.3052, 1.4803 0.0362 0.3396, 1.4803 0.0622 0.3079, 1.4803 0.0498 0.349, 1.4803 0.0674 0.3116, 1.4803 0.0645 0.3546, 1.4803 0.0732 0.3139, 1.4803 0.0803 0.3566, 1.4803 0.0797 0.3148, 1.4803 0.0884 0.3561, 1.4803 0.0853 0.3141, 1.4803 0.1044 0.3521, 1.4803 0.0915 0.3119, 1.4803 0.1185 0.3446, 1.4803 0.0968 0.3083, 1.4803 0.101 0.3035, 1.4803 0.3015 0.3978, 1.4803 0.3091 0.3893, 1.4803 0.3488 0.4019, 1.4803 0.3153 0.3779, 1.4803 0.3569 0.3816, 1.4803 0.3184 0.3651, 1.4803 0.36 0.3599, 1.4803 0.3188 0.3593, 1.4803 0.3569 0.3362, 1.4803 0.3172 0.3463, 1.4803 0.3486 0.3152, 1.4803 0.3126 0.3345, 1.4803 0.3053 0.3241, 1.4803 0.2583 0.4994, 1.4803 0.2323 0.4689, 1.4803 0.2806 0.4736, 1.4803 0.2473 0.451, 1.4803 0.2576 0.4296, 1.4803 -0.02 0.39, 1.4803 -0.0636 0.3789, 1.4803 -0.0219 0.3739, 1.4803 -0.0638 0.3725, 1.4803 -0.0211 0.3636, 1.4803 -0.0606 0.3465, 1.4803 -0.0164 0.3474, 1.4803 -0.0511 0.3218, 1.4803 -0.0085 0.3339, 1.4803 -0.0359 0.3001, 1.4803 -0.0152 0.2825, 1.4803 0.1366 0.5303, 1.4803 0.1442 0.4909, 1.4803 0.168 0.5339, 1.4803 0.1687 0.4941, 1.4803 0.198 0.5305, 1.4803 0.1912 0.4913, 1.4803 0.2311 0.5181, 1.4803 0.212 0.4833, 1.4803 0.2307 0.4704, 1.4803 -0.007 0.4674, 1.4803 -0.0281 0.4525, 1.4803 -0.0051 0.418, 1.4803 -0.0326 0.4483, 1.4803 -0.0143 0.4048, 1.4803 -0.0485 0.4278, 1.4803 -0.0591 0.4039, 1.4803 0.2377 0.3081, 1.4803 0.2218 0.2739, 1.4803 0.2233 0.2723, 1.4803 0.2397 0.3076, 1.4803 0.2276 0.2693, 1.4803 0.2165 0.2875, 1.4803 0.2171 0.2826, 1.4803 0.2189 0.2781, 1.4803 0.2319 0.3075, 1.4803 0.2274 0.3057, 1.4803 0.2167 0.2902, 1.4803 0.2233 0.3028, 1.4803 0.2205 0.2997, 1.4803 0.218 0.2952, 1.4803 0.2371 0.3081, 1.4764 0.3396 0.4147, 1.4764 0.3488 0.4019, 1.4764 0.3546 0.3873, 1.4764 0.3569 0.3816, 1.4764 0.36 0.3599, 1.4764 0.3352 0.4208, 1.4764 0.3172 0.436, 1.4764 0.2975 0.4458, 1.4764 0.2942 0.4469, 1.4764 0.2806 0.4736, 1.4764 0.2583 0.4994, 1.4764 0.2434 0.5097, 1.4764 0.2311 0.5181, 1.4764 0.198 0.5305, 1.4764 0.168 0.5339, 1.4764 0.1366 0.5303, 1.4764 0.1059 0.5188, 1.4764 0.091 0.5097, 1.4764 0.0883 0.508, 1.4764 0.0727 0.4947, 1.4764 0.0591 0.4788, 1.4764 0.0514 0.4797, 1.4764 0.0438 0.4801, 1.4764 0.0176 0.4769, 1.4764 -0.007 0.4674, 1.4764 -0.0281 0.4525, 1.4764 -0.0326 0.4483, 1.4764 -0.0485 0.4278, 1.4764 -0.0544 0.4147, 1.4764 -0.0591 0.4039, 1.4764 -0.0621 0.3873, 1.4764 -0.0636 0.3789, 1.4764 -0.0638 0.3725, 1.4764 -0.0606 0.3465, 1.4764 -0.0511 0.3218, 1.4764 -0.0359 0.3001, 1.4764 -0.0152 0.2825, 1.4764 0.0088 0.2708, 1.4764 0.0172 0.2683, 1.4764 0.0181 0.2665, 1.4764 0.0239 0.254, 1.4764 0.0338 0.2418, 1.4764 0.0468 0.232, 1.4764 0.0529 0.2295, 1.4764 0.0621 0.2256, 1.4764 0.0778 0.2232, 1.4764 0.0803 0.2231, 1.4764 0.1468 0.2895, 1.4764 0.0964 0.2251, 1.4764 0.1078 0.2295, 1.4764 0.1112 0.2308, 1.4764 0.1245 0.24, 1.4764 0.1346 0.2514, 1.4764 0.1425 0.2662, 1.4764 0.1426 0.2665, 1.4764 0.1464 0.2826, 1.4764 0.1468 0.2962, 1.4764 0.2397 0.3453, 1.4764 0.2191 0.3805, 1.4764 0.1301 0.334, 1.4764 0.1185 0.3446, 1.4764 0.1044 0.3521, 1.4764 0.0884 0.3561, 1.4764 0.0803 0.3566, 1.4764 0.0645 0.3546, 1.4764 0.0498 0.349, 1.4764 0.0362 0.3396, 1.4764 0.0252 0.327, 1.4764 0.0179 0.3128, 1.4764 0.0034 0.3217, 1.4764 -0.0085 0.3339, 1.4764 -0.0164 0.3474, 1.4764 -0.0211 0.3636, 1.4764 -0.0219 0.3739, 1.4764 -0.0203 0.3873, 1.4764 -0.02 0.39, 1.4764 -0.0143 0.4048, 1.4764 -0.0074 0.4147, 1.4764 -0.0051 0.418, 1.4764 0.0063 0.4282, 1.4764 0.0211 0.436, 1.4764 0.0375 0.4399, 1.4764 0.0445 0.4403, 1.4764 0.0601 0.4384, 1.4764 0.075 0.4329, 1.4764 0.0797 0.4303, 1.4764 0.0898 0.4513, 1.4764 0.1047 0.4691, 1.4764 0.1225 0.4821, 1.4764 0.1442 0.4909, 1.4764 0.1687 0.4941, 1.4764 0.1912 0.4913, 1.4764 0.212 0.4833, 1.4764 0.2307 0.4704, 1.4764 0.2323 0.4689, 1.4764 0.2473 0.451, 1.4764 0.2576 0.4296, 1.4764 0.2609 0.4147, 1.4764 0.2617 0.4111, 1.4764 0.267 0.4111, 1.4764 0.2796 0.4095, 1.4764 0.2912 0.405, 1.4764 0.3015 0.3978, 1.4764 0.3091 0.3893, 1.4764 0.3102 0.3873, 1.4764 0.3153 0.3779, 1.4764 0.3184 0.3651, 1.4764 0.3188 0.3593, 1.4764 0.3172 0.3463, 1.4764 0.3126 0.3345, 1.4764 0.3053 0.3241, 1.4764 0.3044 0.3232, 1.4764 0.2946 0.3152, 1.4764 0.2829 0.3097, 1.4764 0.271 0.3075, 1.4764 0.2411 0.3075, 1.4764 0.2397 0.3076, 1.4764 0.2377 0.3081, 1.4764 0.2371 0.3081, 1.4764 0.2319 0.3075, 1.4764 0.2274 0.3057, 1.4764 0.2233 0.3028, 1.4764 0.2205 0.2997, 1.4764 0.218 0.2952, 1.4764 0.2167 0.2902, 1.4764 0.2165 0.2875, 1.4764 0.2171 0.2826, 1.4764 0.2189 0.2781, 1.4764 0.2218 0.2739, 1.4764 0.2233 0.2723, 1.4764 0.2276 0.2693, 1.4764 0.232 0.2675, 1.4764 0.2358 0.2669, 1.4764 0.2749 0.2669, 1.4764 0.297 0.2716, 1.4764 0.3173 0.2815, 1.4764 0.3354 0.2968, 1.4764 0.3486 0.3152, 1.4764 0.3569 0.3362, 1.4764 0.0797 0.3148, 1.4764 0.0853 0.3141, 1.4764 0.0915 0.3119, 1.4764 0.0968 0.3083, 1.4764 0.101 0.3035, 1.4764 0.1039 0.298, 1.4764 0.1054 0.2919, 1.4764 0.1054 0.286, 1.4764 0.1038 0.2796, 1.4764 0.1008 0.2739, 1.4764 0.0971 0.2697, 1.4764 0.0921 0.2661, 1.4764 0.0863 0.2638, 1.4764 0.0797 0.263, 1.4764 0.0785 0.263, 1.4764 0.0726 0.264, 1.4764 0.0666 0.2665, 1.4764 0.0615 0.2704, 1.4764 0.0577 0.2751, 1.4764 0.0551 0.2807, 1.4764 0.0538 0.287, 1.4764 0.0542 0.2934, 1.4764 0.0561 0.2997, 1.4764 0.0596 0.3052, 1.4764 0.0622 0.3079, 1.4764 0.0674 0.3116, 1.4764 0.0732 0.3139, 1.4764 0.0732 0.3139
            ]
        }
        coordIndex [
            0,1,2,-1,3,4,5,-1,6,7,8,-1,9,10,11,-1,12,11,13,-1,13,11,14,-1,2,1,15,-1,16,17,18,-1,18,17,19,-1,18,19,20,-1,20,19,21,-1,20,21,5,-1,5,21,22,-1,5,22,3,-1,23,9,24,-1,24,9,11,-1,24,11,25,-1,25,11,12,-1,26,27,28,-1,28,27,29,-1,28,29,30,-1,30,29,31,-1,30,31,32,-1,32,31,33,-1,6,8,34,-1,34,8,35,-1,34,35,36,-1,36,35,37,-1,36,37,38,-1,1,39,15,-1,15,39,40,-1,15,40,41,-1,41,40,42,-1,41,42,6,-1,6,42,43,-1,6,43,7,-1,44,45,21,-1,21,45,46,-1,21,46,47,-1,47,46,48,-1,47,48,49,-1,49,48,50,-1,49,50,51,-1,51,50,52,-1,51,52,53,-1,53,52,54,-1,53,54,55,-1,55,54,56,-1,55,56,24,-1,24,56,57,-1,24,57,23,-1,58,59,19,-1,19,59,60,-1,19,60,21,-1,21,60,61,-1,21,61,44,-1,62,63,64,-1,64,63,65,-1,64,65,66,-1,66,65,67,-1,66,67,68,-1,68,67,69,-1,68,69,70,-1,70,69,71,-1,70,71,72,-1,10,73,11,-1,11,73,74,-1,11,74,75,-1,75,74,76,-1,75,76,77,-1,77,76,78,-1,77,78,79,-1,79,78,80,-1,79,80,81,-1,81,80,82,-1,81,82,83,-1,83,82,84,-1,83,84,85,-1,85,84,86,-1,85,86,87,-1,87,86,88,-1,87,88,89,-1,89,88,90,-1,89,90,19,-1,19,90,91,-1,19,91,58,-1,31,92,33,-1,33,92,93,-1,33,93,94,-1,94,93,95,-1,94,95,96,-1,96,95,97,-1,96,97,98,-1,98,97,99,-1,98,99,100,-1,100,99,101,-1,100,101,102,-1,102,101,103,-1,102,103,62,-1,62,103,104,-1,62,104,63,-1,105,106,107,-1,107,106,108,-1,107,108,28,-1,28,108,109,-1,28,109,26,-1,110,111,112,-1,112,111,113,-1,112,113,114,-1,114,113,115,-1,114,115,116,-1,116,115,117,-1,116,117,118,-1,118,117,119,-1,118,119,14,-1,14,119,120,-1,14,120,13,-1,38,37,121,-1,121,37,122,-1,121,122,123,-1,123,122,124,-1,123,124,125,-1,125,124,126,-1,125,126,127,-1,127,126,128,-1,127,128,105,-1,105,128,129,-1,105,129,106,-1,2,130,0,-1,0,130,131,-1,0,131,132,-1,132,131,133,-1,132,133,134,-1,134,133,135,-1,134,135,110,-1,110,135,136,-1,110,136,111,-1,137,138,139,-1,71,140,72,-1,72,140,137,-1,72,137,141,-1,141,137,139,-1,142,143,137,-1,137,143,144,-1,137,144,138,-1,145,146,147,-1,146,148,147,-1,147,148,149,-1,147,149,150,-1,142,137,147,-1,147,137,151,-1,147,151,145,-1,152,33,153,-1,153,33,94,-1,153,94,154,-1,154,94,96,-1,154,96,155,-1,155,96,98,-1,155,98,156,-1,152,157,33,-1,33,157,158,-1,33,158,32,-1,32,158,159,-1,32,159,30,-1,30,159,160,-1,30,160,28,-1,28,160,161,-1,28,161,107,-1,107,161,162,-1,107,162,105,-1,127,105,163,-1,163,105,162,-1,163,164,127,-1,127,164,165,-1,127,165,125,-1,125,165,166,-1,125,166,123,-1,123,166,167,-1,123,167,121,-1,121,167,168,-1,121,168,38,-1,38,168,36,-1,36,168,169,-1,36,169,170,-1,36,170,171,-1,36,171,34,-1,34,171,172,-1,34,172,6,-1,6,172,173,-1,6,173,41,-1,41,173,174,-1,41,174,15,-1,15,174,175,-1,15,175,2,-1,2,175,176,-1,2,176,130,-1,130,176,177,-1,130,177,131,-1,131,177,178,-1,131,178,133,-1,136,135,179,-1,179,135,133,-1,179,133,178,-1,179,180,136,-1,136,180,181,-1,136,181,111,-1,111,181,182,-1,182,183,111,-1,111,183,184,-1,111,184,113,-1,113,184,185,-1,113,185,115,-1,115,185,186,-1,115,186,117,-1,117,186,187,-1,117,187,119,-1,119,187,188,-1,119,188,120,-1,120,188,189,-1,120,189,13,-1,13,189,190,-1,13,190,12,-1,12,190,191,-1,12,191,25,-1,191,192,25,-1,25,192,193,-1,25,193,24,-1,24,193,194,-1,24,194,55,-1,55,194,195,-1,55,195,53,-1,195,196,53,-1,53,196,197,-1,53,197,51,-1,51,197,198,-1,51,198,49,-1,199,20,5,-1,49,198,200,-1,201,21,200,-1,200,21,47,-1,200,47,49,-1,201,202,21,-1,21,202,203,-1,21,203,22,-1,22,203,204,-1,22,204,3,-1,3,204,205,-1,3,205,4,-1,4,205,206,-1,4,206,5,-1,5,206,207,-1,5,207,199,-1,18,20,208,-1,208,20,199,-1,16,18,209,-1,209,18,208,-1,17,16,210,-1,210,16,209,-1,19,17,211,-1,211,17,210,-1,19,211,212,-1,19,212,89,-1,89,212,213,-1,89,213,87,-1,87,213,214,-1,87,214,85,-1,85,214,215,-1,85,215,83,-1,83,215,216,-1,83,216,81,-1,81,216,217,-1,81,217,79,-1,79,217,218,-1,79,218,77,-1,77,218,219,-1,77,219,75,-1,75,219,220,-1,75,220,11,-1,11,220,221,-1,11,221,14,-1,14,221,222,-1,14,222,118,-1,118,222,223,-1,118,223,116,-1,116,223,224,-1,116,224,114,-1,114,224,225,-1,114,225,112,-1,110,112,225,-1,225,226,110,-1,110,226,227,-1,110,227,228,-1,229,132,228,-1,228,132,134,-1,228,134,110,-1,229,230,132,-1,132,230,231,-1,132,231,0,-1,0,231,232,-1,0,232,1,-1,1,232,233,-1,1,233,39,-1,39,233,234,-1,39,234,40,-1,40,234,235,-1,40,235,42,-1,42,235,236,-1,42,236,43,-1,43,236,237,-1,43,237,7,-1,7,237,238,-1,7,238,8,-1,8,238,239,-1,8,239,35,-1,35,239,240,-1,35,240,37,-1,37,240,241,-1,37,241,122,-1,122,241,242,-1,122,242,124,-1,124,242,243,-1,124,243,126,-1,126,243,244,-1,126,244,128,-1,128,244,245,-1,128,245,129,-1,129,245,246,-1,129,246,106,-1,106,246,247,-1,106,247,108,-1,108,247,248,-1,108,248,109,-1,109,248,26,-1,26,248,249,-1,26,249,250,-1,27,26,251,-1,251,26,250,-1,27,251,252,-1,27,252,29,-1,29,252,253,-1,29,253,31,-1,31,253,254,-1,31,254,92,-1,92,254,255,-1,92,255,93,-1,93,255,256,-1,93,256,95,-1,256,257,95,-1,95,257,258,-1,95,258,97,-1,97,258,259,-1,97,259,99,-1,99,259,260,-1,99,260,101,-1,101,260,261,-1,101,261,103,-1,103,261,262,-1,103,262,104,-1,104,262,263,-1,104,263,63,-1,63,263,264,-1,63,264,65,-1,65,264,265,-1,65,265,67,-1,67,265,266,-1,67,266,69,-1,71,69,267,-1,267,69,266,-1,71,267,268,-1,71,268,140,-1,140,268,269,-1,140,269,137,-1,137,269,270,-1,137,270,151,-1,151,270,271,-1,151,271,145,-1,145,271,272,-1,145,272,146,-1,146,272,273,-1,146,273,148,-1,148,273,274,-1,148,274,149,-1,149,274,275,-1,149,275,150,-1,150,275,276,-1,150,276,147,-1,147,276,277,-1,147,277,142,-1,142,277,278,-1,142,278,143,-1,143,278,279,-1,143,279,144,-1,144,279,280,-1,144,280,138,-1,138,280,281,-1,138,281,139,-1,139,281,282,-1,139,282,141,-1,141,282,283,-1,141,283,72,-1,72,283,284,-1,72,284,70,-1,68,70,285,-1,285,70,284,-1,68,285,286,-1,68,286,66,-1,66,286,287,-1,66,287,64,-1,64,287,288,-1,64,288,62,-1,62,288,289,-1,62,289,102,-1,102,289,290,-1,102,290,100,-1,100,290,156,-1,100,156,98,-1,84,291,292,-1,84,292,86,-1,86,292,293,-1,86,293,88,-1,88,293,294,-1,88,294,90,-1,90,294,295,-1,90,295,91,-1,91,295,296,-1,91,296,58,-1,58,296,297,-1,58,297,59,-1,59,297,298,-1,59,298,60,-1,60,298,299,-1,60,299,61,-1,61,299,300,-1,61,300,44,-1,44,300,301,-1,44,301,45,-1,45,301,302,-1,45,302,46,-1,46,302,303,-1,46,303,48,-1,48,303,304,-1,48,304,50,-1,50,304,305,-1,50,305,52,-1,52,305,306,-1,52,306,54,-1,54,306,307,-1,54,307,56,-1,56,307,308,-1,56,308,57,-1,57,308,309,-1,57,309,23,-1,23,309,310,-1,23,310,9,-1,9,310,311,-1,9,311,10,-1,10,311,312,-1,10,312,73,-1,73,312,313,-1,73,313,74,-1,74,313,314,-1,74,314,76,-1,76,314,315,-1,76,315,78,-1,78,315,316,-1,78,316,80,-1,80,316,317,-1,80,317,82,-1,82,317,291,-1,82,291,84,-1,
        ]
    }
}
Shape{
    appearance Appearance {
        material  Material 	{
            diffuseColor 1.0 0.9098039215686274 0.8745098039215686
            specularColor 0.5019607843137255 0.4549019607843137 0.4392156862745098
            ambientIntensity 0.2
            transparency 0
            shininess 0.5
        }
    }
    geometry IndexedFaceSet {
        ccw TRUE
        solid FALSE
        coord DEF co Coordinate {
            point [
                1.4764 0.0785 0.263, 1.4764 0.0622 0.3079, 1.4764 0.0596 0.3052, 1.4764 0.0863 0.2638, 1.4764 0.0921 0.2661, 1.4764 0.0853 0.3141, 1.4764 0.0797 0.3148, 1.4764 0.0732 0.3139, 1.4764 0.0674 0.3116, 1.4764 0.0551 0.2807, 1.4764 0.0577 0.2751, 1.4764 0.0615 0.2704, 1.4764 0.0797 0.263, 1.4764 0.0561 0.2997, 1.4764 0.0542 0.2934, 1.4764 0.0538 0.287, 1.4764 0.0666 0.2665, 1.4764 0.0726 0.264, 1.4764 0.0971 0.2697, 1.4764 0.1008 0.2739, 1.4764 0.1038 0.2796, 1.4764 0.1054 0.286, 1.4764 0.1054 0.2919, 1.4764 0.1039 0.298, 1.4764 0.101 0.3035, 1.4764 0.0968 0.3083, 1.4764 0.0915 0.3119, 1.4764 0.0915 0.3119
            ]
        }
        coordIndex [
            0,1,2,-1,3,4,5,-1,6,7,0,-1,0,7,8,-1,0,8,1,-1,9,10,2,-1,2,10,11,-1,6,0,5,-1,5,0,12,-1,5,12,3,-1,13,14,2,-1,2,14,15,-1,2,15,9,-1,11,16,2,-1,2,16,17,-1,2,17,0,-1,4,18,5,-1,5,18,19,-1,5,19,20,-1,20,21,5,-1,5,21,22,-1,5,22,23,-1,23,24,5,-1,5,24,25,-1,5,25,26,-1,
        ]
    }
}