#VRML V2.0 utf8
# 3D model generated by easyeda2kicad.py (https://github.com/uPesy/easyeda2kicad.py)

Shape{
    appearance Appearance {
        material  Material 	{
            diffuseColor 0.6666666666666666 0.6666666666666666 0.6666666666666666
            specularColor 0.4666666666666667 0.4666666666666667 0.4666666666666667
            ambientIntensity 0.2
            transparency 0
            shininess 0.5
        }
    }
    geometry IndexedFaceSet {
        ccw TRUE
        solid FALSE
        coord DEF co Coordinate {
            point [
                2.5492 -0.3976 -0.9843, 2.5492 -0.3976 0.0, 2.5492 -0.3189 -0.9843, 2.5492 -0.3189 0.0, 2.5492 -0.3189 -1.1417, 2.5492 0.3189 -1.1417, 2.5492 -0.3189 -1.2205, 2.5492 0.3189 -1.2205, 2.687 -0.3976 -1.063, 2.687 -0.3976 -1.1417, 3.1398 -0.3976 -1.1417, 2.6286 -0.3976 -0.9869, 2.6476 -0.3976 -0.9948, 3.1398 -0.3976 0.0, 2.6639 -0.3976 -1.0073, 2.6765 -0.3976 -1.0236, 2.6843 -0.3976 -1.0426, 2.6083 -0.3976 -0.9843, 2.687 -0.3189 -1.1417, 2.687 -0.3189 -1.063, 3.1398 -0.3189 -1.1417, 2.6843 -0.3189 -1.0426, 3.1398 -0.3189 0.0, 2.6765 -0.3189 -1.0236, 2.6639 -0.3189 -1.0073, 2.6476 -0.3189 -0.9948, 2.6286 -0.3189 -0.9869, 2.6083 -0.3189 -0.9843, 2.687 -0.3189 -1.2205, 2.687 0.3189 -1.2205, 3.1398 -0.3189 -1.2205, 3.1398 0.3189 -1.2205, 2.5492 0.3189 0.0, 2.5492 0.3976 0.0, 2.5492 0.3189 -0.9843, 2.5492 0.3976 -0.9843, 3.1398 0.3189 -1.1417, 3.1398 0.3189 0.0, 2.687 0.3189 -1.063, 2.687 0.3189 -1.1417, 2.6286 0.3189 -0.9869, 2.6476 0.3189 -0.9948, 2.6639 0.3189 -1.0073, 2.6765 0.3189 -1.0236, 2.6843 0.3189 -1.0426, 2.6083 0.3189 -0.9843, 2.687 0.3976 -1.1417, 2.687 0.3976 -1.063, 3.1398 0.3976 -1.1417, 2.6843 0.3976 -1.0426, 3.1398 0.3976 0.0, 2.6765 0.3976 -1.0236, 2.6639 0.3976 -1.0073, 2.6476 0.3976 -0.9948, 2.6286 0.3976 -0.9869, 2.6083 0.3976 -0.9843, 3.2185 -0.3189 -1.1417, 3.2185 0.3189 -1.1417, 3.2185 -0.3189 0.0, 3.2185 0.3189 0.0, 3.1601 0.395 0.0, 3.1791 0.3871 0.0, 3.1954 -0.3746 0.0, 3.208 -0.3583 0.0, 3.2158 -0.3393 0.0, 3.2158 0.3393 0.0, 3.1601 -0.395 0.0, 3.1791 -0.3871 0.0, 3.208 0.3583 0.0, 3.1954 0.3746 0.0, 2.687 0.395 -1.1621, 2.687 0.3871 -1.1811, 2.687 0.3746 -1.1974, 2.687 0.3583 -1.2099, 2.687 0.3393 -1.2178, 2.687 -0.395 -1.1621, 2.687 -0.3583 -1.2099, 2.687 -0.3393 -1.2178, 2.687 -0.3746 -1.1974, 2.687 -0.3871 -1.1811, 3.1699 0.3916 -1.1417, 3.16 0.3946 -1.1417, 3.1551 0.3961 -1.1417, 3.2052 0.3626 -1.1417, 3.1954 0.3746 -1.1417, 3.1835 0.3844 -1.1417, 3.179 0.3868 -1.1417, 3.2077 0.3581 -1.1417, 3.2125 0.349 -1.1417, 3.2155 0.3392 -1.1417, 3.217 0.3343 -1.1417, 3.1398 0.3961 -1.1571, 3.1398 0.3946 -1.162, 3.1398 0.3916 -1.1719, 3.1398 0.3868 -1.1809, 3.1398 0.3844 -1.1855, 3.1398 0.3746 -1.1974, 3.1398 0.3626 -1.2072, 3.1398 0.3581 -1.2096, 3.1398 0.349 -1.2145, 3.1398 0.3343 -1.219, 3.1398 0.3392 -1.2175, 3.1548 0.3219 -1.219, 3.1551 0.3189 -1.219, 3.1428 0.334 -1.219, 3.16 0.3189 -1.2175, 3.2155 0.334 -1.1571, 3.2111 0.3485 -1.1571, 3.1827 0.3831 -1.1571, 3.1693 0.3902 -1.1571, 3.1548 0.3946 -1.1571, 3.154 0.3902 -1.1719, 3.217 0.3189 -1.1571, 3.2155 0.3189 -1.162, 3.2111 0.3331 -1.1719, 3.1525 0.3831 -1.1855, 3.2125 0.3189 -1.1719, 3.2077 0.3189 -1.1809, 3.204 0.3317 -1.1855, 3.2052 0.3189 -1.1855, 3.1944 0.3298 -1.1974, 3.1954 0.3189 -1.1974, 3.1827 0.3274 -1.2072, 3.1506 0.3735 -1.1974, 3.1483 0.3618 -1.2072, 3.1456 0.3485 -1.2145, 3.207 0.3467 -1.1719, 3.2002 0.344 -1.1855, 3.1912 0.3402 -1.1974, 3.1802 0.3356 -1.2072, 3.1676 0.3304 -1.2145, 3.1693 0.3248 -1.2145, 3.154 0.3248 -1.219, 3.1699 0.3189 -1.2145, 3.179 0.3189 -1.2096, 3.1835 0.3189 -1.2072, 3.1676 0.3861 -1.1719, 3.1648 0.3794 -1.1855, 3.1611 0.3703 -1.1974, 3.1565 0.3593 -1.2072, 3.1513 0.3467 -1.2145, 3.1456 0.3331 -1.219, 3.1802 0.3794 -1.1719, 3.1761 0.3733 -1.1855, 3.1707 0.3652 -1.1974, 3.1641 0.3553 -1.2072, 3.1565 0.344 -1.2145, 3.1483 0.3317 -1.219, 3.1944 0.3735 -1.1571, 3.204 0.3618 -1.1571, 3.1912 0.3703 -1.1719, 3.2002 0.3593 -1.1719, 3.1861 0.3652 -1.1855, 3.1942 0.3553 -1.1855, 3.1791 0.3583 -1.1974, 3.1861 0.3498 -1.1974, 3.1707 0.3498 -1.2072, 3.1761 0.3432 -1.2072, 3.1611 0.3402 -1.2145, 3.1648 0.3356 -1.2145, 3.1506 0.3298 -1.219, 3.1525 0.3274 -1.219, 3.2125 -0.349 -1.1417, 3.2155 -0.3392 -1.1417, 3.217 -0.3343 -1.1417, 3.1835 -0.3844 -1.1417, 3.1954 -0.3746 -1.1417, 3.2052 -0.3626 -1.1417, 3.2077 -0.3581 -1.1417, 3.179 -0.3868 -1.1417, 3.1699 -0.3916 -1.1417, 3.16 -0.3946 -1.1417, 3.1551 -0.3961 -1.1417, 3.217 -0.3189 -1.1571, 3.2155 -0.3189 -1.162, 3.2125 -0.3189 -1.1719, 3.2077 -0.3189 -1.1809, 3.2052 -0.3189 -1.1855, 3.1954 -0.3189 -1.1974, 3.1835 -0.3189 -1.2072, 3.179 -0.3189 -1.2096, 3.1699 -0.3189 -1.2145, 3.16 -0.3189 -1.2175, 3.1551 -0.3189 -1.219, 3.1428 -0.334 -1.219, 3.1398 -0.3343 -1.219, 3.1548 -0.3219 -1.219, 3.1398 -0.3392 -1.2175, 3.1548 -0.3946 -1.1571, 3.1693 -0.3902 -1.1571, 3.204 -0.3618 -1.1571, 3.2111 -0.3485 -1.1571, 3.2155 -0.334 -1.1571, 3.2111 -0.3331 -1.1719, 3.1398 -0.3961 -1.1571, 3.1398 -0.3946 -1.162, 3.154 -0.3902 -1.1719, 3.204 -0.3317 -1.1855, 3.1398 -0.3916 -1.1719, 3.1398 -0.3868 -1.1809, 3.1525 -0.3831 -1.1855, 3.1398 -0.3844 -1.1855, 3.1506 -0.3735 -1.1974, 3.1398 -0.3746 -1.1974, 3.1483 -0.3618 -1.2072, 3.1944 -0.3298 -1.1974, 3.1827 -0.3274 -1.2072, 3.1693 -0.3248 -1.2145, 3.1676 -0.3861 -1.1719, 3.1648 -0.3794 -1.1855, 3.1611 -0.3703 -1.1974, 3.1565 -0.3593 -1.2072, 3.1513 -0.3467 -1.2145, 3.1456 -0.3485 -1.2145, 3.1456 -0.3331 -1.219, 3.1398 -0.349 -1.2145, 3.1398 -0.3581 -1.2096, 3.1398 -0.3626 -1.2072, 3.207 -0.3467 -1.1719, 3.2002 -0.344 -1.1855, 3.1912 -0.3402 -1.1974, 3.1802 -0.3356 -1.2072, 3.1676 -0.3304 -1.2145, 3.154 -0.3248 -1.219, 3.2002 -0.3593 -1.1719, 3.1942 -0.3553 -1.1855, 3.1861 -0.3498 -1.1974, 3.1761 -0.3432 -1.2072, 3.1648 -0.3356 -1.2145, 3.1525 -0.3274 -1.219, 3.1944 -0.3735 -1.1571, 3.1827 -0.3831 -1.1571, 3.1912 -0.3703 -1.1719, 3.1802 -0.3794 -1.1719, 3.1861 -0.3652 -1.1855, 3.1761 -0.3733 -1.1855, 3.1791 -0.3583 -1.1974, 3.1707 -0.3652 -1.1974, 3.1707 -0.3498 -1.2072, 3.1641 -0.3553 -1.2072, 3.1611 -0.3402 -1.2145, 3.1565 -0.344 -1.2145, 3.1506 -0.3298 -1.219, 3.1483 -0.3317 -1.219, -2.5492 -0.3976 0.0, -2.5492 -0.3976 -0.9843, -2.5492 -0.3189 0.0, -2.5492 -0.3189 -0.9843, -2.5492 0.3189 -1.1417, -2.5492 -0.3189 -1.1417, -2.5492 0.3189 -1.2205, -2.5492 -0.3189 -1.2205, -2.687 -0.3976 -1.1417, -2.687 -0.3976 -1.063, -3.1398 -0.3976 -1.1417, -2.6843 -0.3976 -1.0426, -3.1398 -0.3976 0.0, -2.6765 -0.3976 -1.0236, -2.6639 -0.3976 -1.0073, -2.6476 -0.3976 -0.9948, -2.6286 -0.3976 -0.9869, -2.6083 -0.3976 -0.9843, -2.687 -0.3189 -1.063, -2.687 -0.3189 -1.1417, -3.1398 -0.3189 -1.1417, -2.6286 -0.3189 -0.9869, -2.6476 -0.3189 -0.9948, -3.1398 -0.3189 0.0, -2.6639 -0.3189 -1.0073, -2.6765 -0.3189 -1.0236, -2.6843 -0.3189 -1.0426, -2.6083 -0.3189 -0.9843, -2.687 0.3189 -1.2205, -2.687 -0.3189 -1.2205, -3.1398 0.3189 -1.2205, -3.1398 -0.3189 -1.2205, -2.5492 0.3976 0.0, -2.5492 0.3189 0.0, -2.5492 0.3976 -0.9843, -2.5492 0.3189 -0.9843, -3.1398 0.3189 0.0, -3.1398 0.3189 -1.1417, -2.687 0.3189 -1.1417, -2.687 0.3189 -1.063, -2.6843 0.3189 -1.0426, -2.6765 0.3189 -1.0236, -2.6639 0.3189 -1.0073, -2.6476 0.3189 -0.9948, -2.6286 0.3189 -0.9869, -2.6083 0.3189 -0.9843, -2.687 0.3976 -1.063, -2.687 0.3976 -1.1417, -3.1398 0.3976 -1.1417, -2.6286 0.3976 -0.9869, -2.6476 0.3976 -0.9948, -3.1398 0.3976 0.0, -2.6639 0.3976 -1.0073, -2.6765 0.3976 -1.0236, -2.6843 0.3976 -1.0426, -2.6083 0.3976 -0.9843, -3.2185 0.3189 -1.1417, -3.2185 -0.3189 -1.1417, -3.2185 0.3189 0.0, -3.2185 -0.3189 0.0, -3.1601 -0.395 0.0, -3.1791 -0.3871 0.0, -3.1954 0.3746 0.0, -3.208 0.3583 0.0, -3.2158 0.3393 0.0, -3.2158 -0.3393 0.0, -3.1601 0.395 0.0, -3.1791 0.3871 0.0, -3.208 -0.3583 0.0, -3.1954 -0.3746 0.0, -2.687 0.3393 -1.2178, -2.687 0.3583 -1.2099, -2.687 0.3746 -1.1974, -2.687 0.3871 -1.1811, -2.687 0.395 -1.1621, -2.687 -0.395 -1.1621, -2.687 -0.3871 -1.1811, -2.687 -0.3746 -1.1974, -2.687 -0.3583 -1.2099, -2.687 -0.3393 -1.2178, -3.2125 0.349 -1.1417, -3.2155 0.3392 -1.1417, -3.217 0.3343 -1.1417, -3.1835 0.3844 -1.1417, -3.1954 0.3746 -1.1417, -3.2052 0.3626 -1.1417, -3.2077 0.3581 -1.1417, -3.179 0.3868 -1.1417, -3.1699 0.3916 -1.1417, -3.16 0.3946 -1.1417, -3.1551 0.3961 -1.1417, -3.1398 0.3343 -1.219, -3.1398 0.3392 -1.2175, -3.1398 0.349 -1.2145, -3.1398 0.3581 -1.2096, -3.1398 0.3626 -1.2072, -3.1398 0.3746 -1.1974, -3.1398 0.3844 -1.1855, -3.1398 0.3868 -1.1809, -3.1398 0.3916 -1.1719, -3.1398 0.3961 -1.1571, -3.1398 0.3946 -1.162, -3.1428 0.334 -1.219, -3.1551 0.3189 -1.219, -3.1548 0.3219 -1.219, -3.1548 0.3946 -1.1571, -3.1693 0.3902 -1.1571, -3.204 0.3618 -1.1571, -3.2111 0.3485 -1.1571, -3.217 0.3189 -1.1571, -3.2155 0.334 -1.1571, -3.2155 0.3189 -1.162, -3.2111 0.3331 -1.1719, -3.2125 0.3189 -1.1719, -3.154 0.3902 -1.1719, -3.2077 0.3189 -1.1809, -3.204 0.3317 -1.1855, -3.2052 0.3189 -1.1855, -3.1525 0.3831 -1.1855, -3.1506 0.3735 -1.1974, -3.1483 0.3618 -1.2072, -3.1954 0.3189 -1.1974, -3.1944 0.3298 -1.1974, -3.1835 0.3189 -1.2072, -3.1827 0.3274 -1.2072, -3.179 0.3189 -1.2096, -3.1693 0.3248 -1.2145, -3.1699 0.3189 -1.2145, -3.1676 0.3861 -1.1719, -3.1648 0.3794 -1.1855, -3.1611 0.3703 -1.1974, -3.1565 0.3593 -1.2072, -3.1513 0.3467 -1.2145, -3.1456 0.3485 -1.2145, -3.1456 0.3331 -1.219, -3.16 0.3189 -1.2175, -3.207 0.3467 -1.1719, -3.2002 0.344 -1.1855, -3.1912 0.3402 -1.1974, -3.1802 0.3356 -1.2072, -3.1676 0.3304 -1.2145, -3.154 0.3248 -1.219, -3.2002 0.3593 -1.1719, -3.1942 0.3553 -1.1855, -3.1861 0.3498 -1.1974, -3.1761 0.3432 -1.2072, -3.1648 0.3356 -1.2145, -3.1525 0.3274 -1.219, -3.1944 0.3735 -1.1571, -3.1827 0.3831 -1.1571, -3.1912 0.3703 -1.1719, -3.1802 0.3794 -1.1719, -3.1861 0.3652 -1.1855, -3.1761 0.3733 -1.1855, -3.1791 0.3583 -1.1974, -3.1707 0.3652 -1.1974, -3.1707 0.3498 -1.2072, -3.1641 0.3553 -1.2072, -3.1611 0.3402 -1.2145, -3.1565 0.344 -1.2145, -3.1506 0.3298 -1.219, -3.1483 0.3317 -1.219, -3.1699 -0.3916 -1.1417, -3.16 -0.3946 -1.1417, -3.1551 -0.3961 -1.1417, -3.2052 -0.3626 -1.1417, -3.1954 -0.3746 -1.1417, -3.1835 -0.3844 -1.1417, -3.179 -0.3868 -1.1417, -3.2077 -0.3581 -1.1417, -3.2125 -0.349 -1.1417, -3.2155 -0.3392 -1.1417, -3.217 -0.3343 -1.1417, -3.1551 -0.3189 -1.219, -3.16 -0.3189 -1.2175, -3.1699 -0.3189 -1.2145, -3.179 -0.3189 -1.2096, -3.1835 -0.3189 -1.2072, -3.1954 -0.3189 -1.1974, -3.2052 -0.3189 -1.1855, -3.2077 -0.3189 -1.1809, -3.2125 -0.3189 -1.1719, -3.2155 -0.3189 -1.162, -3.217 -0.3189 -1.1571, -3.1548 -0.3219 -1.219, -3.1398 -0.3343 -1.219, -3.1428 -0.334 -1.219, -3.2155 -0.334 -1.1571, -3.2111 -0.3485 -1.1571, -3.1827 -0.3831 -1.1571, -3.1693 -0.3902 -1.1571, -3.1398 -0.3961 -1.1571, -3.1548 -0.3946 -1.1571, -3.1398 -0.3946 -1.162, -3.154 -0.3902 -1.1719, -3.1398 -0.3916 -1.1719, -3.2111 -0.3331 -1.1719, -3.1398 -0.3868 -1.1809, -3.1525 -0.3831 -1.1855, -3.1398 -0.3844 -1.1855, -3.204 -0.3317 -1.1855, -3.1944 -0.3298 -1.1974, -3.1827 -0.3274 -1.2072, -3.1398 -0.3746 -1.1974, -3.1506 -0.3735 -1.1974, -3.1398 -0.3626 -1.2072, -3.1483 -0.3618 -1.2072, -3.1398 -0.3581 -1.2096, -3.1456 -0.3485 -1.2145, -3.1398 -0.349 -1.2145, -3.207 -0.3467 -1.1719, -3.2002 -0.344 -1.1855, -3.1912 -0.3402 -1.1974, -3.1802 -0.3356 -1.2072, -3.1676 -0.3304 -1.2145, -3.1693 -0.3248 -1.2145, -3.154 -0.3248 -1.219, -3.1398 -0.3392 -1.2175, -3.1676 -0.3861 -1.1719, -3.1648 -0.3794 -1.1855, -3.1611 -0.3703 -1.1974, -3.1565 -0.3593 -1.2072, -3.1513 -0.3467 -1.2145, -3.1456 -0.3331 -1.219, -3.1802 -0.3794 -1.1719, -3.1761 -0.3733 -1.1855, -3.1707 -0.3652 -1.1974, -3.1641 -0.3553 -1.2072, -3.1565 -0.344 -1.2145, -3.1483 -0.3317 -1.219, -3.1944 -0.3735 -1.1571, -3.204 -0.3618 -1.1571, -3.1912 -0.3703 -1.1719, -3.2002 -0.3593 -1.1719, -3.1861 -0.3652 -1.1855, -3.1942 -0.3553 -1.1855, -3.1791 -0.3583 -1.1974, -3.1861 -0.3498 -1.1974, -3.1707 -0.3498 -1.2072, -3.1761 -0.3432 -1.2072, -3.1611 -0.3402 -1.2145, -3.1648 -0.3356 -1.2145, -3.1506 -0.3298 -1.219, -3.1525 -0.3274 -1.219, -3.1525 -0.3274 -1.219
            ]
        }
        coordIndex [
            0,1,2,-1,2,1,3,-1,4,5,6,-1,6,5,7,-1,8,9,10,-1,11,12,13,-1,12,14,13,-1,13,14,15,-1,13,15,10,-1,10,15,16,-1,10,16,8,-1,11,13,17,-1,17,13,1,-1,17,1,0,-1,18,19,20,-1,20,19,21,-1,20,21,22,-1,22,21,23,-1,22,23,24,-1,24,25,22,-1,22,25,26,-1,22,26,3,-1,3,26,27,-1,3,27,2,-1,6,7,28,-1,28,7,29,-1,28,29,30,-1,30,29,31,-1,32,33,34,-1,34,33,35,-1,20,22,36,-1,36,22,37,-1,38,39,36,-1,40,41,37,-1,41,42,37,-1,37,42,43,-1,37,43,36,-1,36,43,44,-1,36,44,38,-1,40,37,45,-1,45,37,32,-1,45,32,34,-1,46,47,48,-1,48,47,49,-1,48,49,50,-1,50,49,51,-1,50,51,52,-1,52,53,50,-1,50,53,54,-1,50,54,33,-1,33,54,55,-1,33,55,35,-1,56,57,58,-1,58,57,59,-1,33,32,50,-1,50,32,37,-1,50,37,60,-1,60,37,61,-1,3,1,22,-1,22,1,13,-1,22,62,63,-1,63,64,22,-1,22,64,58,-1,22,58,37,-1,37,58,59,-1,37,59,65,-1,13,66,22,-1,22,66,67,-1,22,67,62,-1,65,68,37,-1,37,68,69,-1,37,69,61,-1,5,4,39,-1,39,4,18,-1,39,18,36,-1,36,18,20,-1,38,47,39,-1,39,47,46,-1,46,70,39,-1,39,70,71,-1,39,71,72,-1,72,73,39,-1,39,73,74,-1,39,74,29,-1,45,55,40,-1,40,55,54,-1,40,54,41,-1,41,54,53,-1,41,53,42,-1,42,53,52,-1,42,52,43,-1,43,52,51,-1,43,51,44,-1,44,51,49,-1,44,49,38,-1,38,49,47,-1,45,34,55,-1,55,34,35,-1,7,5,29,-1,29,5,39,-1,2,27,0,-1,0,27,17,-1,19,8,21,-1,21,8,16,-1,21,16,23,-1,23,16,15,-1,23,15,24,-1,24,15,14,-1,24,14,25,-1,25,14,12,-1,25,12,26,-1,26,12,11,-1,26,11,27,-1,27,11,17,-1,8,19,9,-1,9,19,18,-1,9,18,75,-1,76,18,77,-1,77,18,28,-1,76,78,18,-1,18,78,79,-1,18,79,75,-1,28,18,6,-1,6,18,4,-1,61,80,60,-1,60,80,81,-1,60,81,50,-1,50,81,82,-1,50,82,48,-1,83,84,69,-1,69,84,85,-1,69,85,61,-1,61,85,86,-1,61,86,80,-1,83,69,87,-1,87,69,68,-1,87,68,88,-1,88,68,65,-1,88,65,89,-1,89,65,90,-1,90,65,59,-1,90,59,57,-1,48,91,46,-1,46,91,70,-1,91,92,70,-1,70,92,93,-1,70,93,71,-1,93,94,71,-1,71,94,95,-1,71,95,72,-1,95,96,72,-1,72,96,97,-1,72,97,73,-1,97,98,73,-1,73,98,99,-1,73,99,74,-1,31,29,100,-1,100,29,74,-1,100,74,101,-1,101,74,99,-1,102,103,31,-1,100,104,31,-1,103,102,105,-1,106,90,57,-1,90,106,89,-1,87,88,107,-1,86,85,108,-1,81,80,109,-1,48,82,91,-1,91,82,110,-1,91,110,92,-1,92,110,111,-1,92,111,93,-1,57,112,106,-1,106,112,113,-1,106,113,114,-1,93,111,94,-1,94,111,115,-1,94,115,95,-1,113,116,114,-1,114,116,117,-1,114,117,118,-1,118,117,119,-1,118,119,120,-1,120,119,121,-1,120,121,122,-1,95,115,96,-1,96,115,123,-1,96,123,97,-1,97,123,124,-1,97,124,98,-1,98,124,125,-1,98,125,99,-1,88,89,107,-1,107,89,106,-1,107,106,126,-1,126,106,114,-1,126,114,127,-1,127,114,118,-1,127,118,128,-1,128,118,120,-1,128,120,129,-1,129,120,122,-1,129,122,130,-1,130,122,131,-1,130,131,132,-1,133,131,134,-1,134,131,122,-1,134,122,135,-1,135,122,121,-1,104,100,125,-1,125,100,101,-1,125,101,99,-1,82,81,110,-1,110,81,109,-1,110,109,111,-1,111,109,136,-1,111,136,115,-1,115,136,137,-1,115,137,123,-1,123,137,138,-1,123,138,124,-1,124,138,139,-1,124,139,125,-1,125,139,140,-1,125,140,104,-1,104,140,141,-1,104,141,31,-1,80,86,109,-1,109,86,108,-1,109,108,136,-1,136,108,142,-1,136,142,137,-1,137,142,143,-1,137,143,138,-1,138,143,144,-1,138,144,139,-1,139,144,145,-1,139,145,140,-1,140,145,146,-1,140,146,141,-1,141,146,147,-1,141,147,31,-1,84,83,148,-1,148,83,149,-1,148,149,150,-1,150,149,151,-1,150,151,152,-1,152,151,153,-1,152,153,154,-1,154,153,155,-1,154,155,156,-1,156,155,157,-1,156,157,158,-1,158,157,159,-1,158,159,160,-1,160,159,161,-1,160,161,31,-1,83,87,149,-1,149,87,107,-1,149,107,151,-1,151,107,126,-1,151,126,153,-1,153,126,127,-1,153,127,155,-1,155,127,128,-1,155,128,157,-1,157,128,129,-1,157,129,159,-1,159,129,130,-1,159,130,161,-1,161,130,132,-1,161,132,31,-1,85,84,108,-1,108,84,148,-1,108,148,142,-1,142,148,150,-1,142,150,143,-1,143,150,152,-1,143,152,144,-1,144,152,154,-1,144,154,145,-1,145,154,156,-1,145,156,146,-1,146,156,158,-1,146,158,147,-1,147,158,160,-1,147,160,31,-1,133,105,131,-1,131,105,102,-1,131,102,132,-1,132,102,31,-1,63,162,64,-1,64,162,163,-1,64,163,58,-1,58,163,164,-1,58,164,56,-1,165,166,62,-1,62,166,167,-1,62,167,63,-1,63,167,168,-1,63,168,162,-1,165,62,169,-1,169,62,67,-1,169,67,170,-1,170,67,66,-1,170,66,171,-1,171,66,172,-1,172,66,13,-1,172,13,10,-1,57,56,112,-1,112,56,173,-1,112,173,113,-1,113,173,174,-1,113,174,116,-1,116,174,175,-1,116,175,117,-1,117,175,176,-1,117,176,119,-1,119,176,177,-1,119,177,121,-1,121,177,178,-1,121,178,135,-1,135,178,179,-1,135,179,134,-1,134,179,180,-1,134,180,133,-1,133,180,181,-1,133,181,105,-1,105,181,182,-1,105,182,103,-1,103,182,183,-1,103,183,31,-1,31,183,30,-1,184,185,30,-1,183,186,30,-1,185,184,187,-1,188,172,10,-1,172,188,171,-1,169,170,189,-1,168,167,190,-1,163,162,191,-1,56,164,173,-1,173,164,192,-1,173,192,174,-1,174,192,193,-1,174,193,175,-1,10,194,188,-1,188,194,195,-1,188,195,196,-1,175,193,176,-1,176,193,197,-1,176,197,177,-1,195,198,196,-1,196,198,199,-1,196,199,200,-1,200,199,201,-1,200,201,202,-1,202,201,203,-1,202,203,204,-1,177,197,178,-1,178,197,205,-1,178,205,179,-1,179,205,206,-1,179,206,180,-1,180,206,207,-1,180,207,181,-1,170,171,189,-1,189,171,188,-1,189,188,208,-1,208,188,196,-1,208,196,209,-1,209,196,200,-1,209,200,210,-1,210,200,202,-1,210,202,211,-1,211,202,204,-1,211,204,212,-1,212,204,213,-1,212,213,214,-1,215,213,216,-1,216,213,204,-1,216,204,217,-1,217,204,203,-1,186,183,207,-1,207,183,182,-1,207,182,181,-1,164,163,192,-1,192,163,191,-1,192,191,193,-1,193,191,218,-1,193,218,197,-1,197,218,219,-1,197,219,205,-1,205,219,220,-1,205,220,206,-1,206,220,221,-1,206,221,207,-1,207,221,222,-1,207,222,186,-1,186,222,223,-1,186,223,30,-1,162,168,191,-1,191,168,190,-1,191,190,218,-1,218,190,224,-1,218,224,219,-1,219,224,225,-1,219,225,220,-1,220,225,226,-1,220,226,221,-1,221,226,227,-1,221,227,222,-1,222,227,228,-1,222,228,223,-1,223,228,229,-1,223,229,30,-1,166,165,230,-1,230,165,231,-1,230,231,232,-1,232,231,233,-1,232,233,234,-1,234,233,235,-1,234,235,236,-1,236,235,237,-1,236,237,238,-1,238,237,239,-1,238,239,240,-1,240,239,241,-1,240,241,242,-1,242,241,243,-1,242,243,30,-1,165,169,231,-1,231,169,189,-1,231,189,233,-1,233,189,208,-1,233,208,235,-1,235,208,209,-1,235,209,237,-1,237,209,210,-1,237,210,239,-1,239,210,211,-1,239,211,241,-1,241,211,212,-1,241,212,243,-1,243,212,214,-1,243,214,30,-1,167,166,190,-1,190,166,230,-1,190,230,224,-1,224,230,232,-1,224,232,225,-1,225,232,234,-1,225,234,226,-1,226,234,236,-1,226,236,227,-1,227,236,238,-1,227,238,228,-1,228,238,240,-1,228,240,229,-1,229,240,242,-1,229,242,30,-1,215,187,213,-1,213,187,184,-1,213,184,214,-1,214,184,30,-1,10,9,194,-1,194,9,75,-1,194,75,195,-1,195,75,198,-1,198,75,79,-1,198,79,199,-1,199,79,201,-1,201,79,78,-1,201,78,203,-1,203,78,217,-1,217,78,76,-1,217,76,216,-1,216,76,215,-1,215,76,77,-1,215,77,187,-1,187,77,185,-1,185,77,28,-1,185,28,30,-1,244,245,246,-1,246,245,247,-1,248,249,250,-1,250,249,251,-1,252,253,254,-1,254,253,255,-1,254,255,256,-1,256,255,257,-1,256,257,258,-1,258,259,256,-1,256,259,260,-1,256,260,244,-1,244,260,261,-1,244,261,245,-1,262,263,264,-1,265,266,267,-1,266,268,267,-1,267,268,269,-1,267,269,264,-1,264,269,270,-1,264,270,262,-1,265,267,271,-1,271,267,246,-1,271,246,247,-1,250,251,272,-1,272,251,273,-1,272,273,274,-1,274,273,275,-1,276,277,278,-1,278,277,279,-1,267,264,280,-1,280,264,281,-1,282,283,281,-1,281,283,284,-1,281,284,280,-1,280,284,285,-1,280,285,286,-1,286,287,280,-1,280,287,288,-1,280,288,277,-1,277,288,289,-1,277,289,279,-1,290,291,292,-1,293,294,295,-1,294,296,295,-1,295,296,297,-1,295,297,292,-1,292,297,298,-1,292,298,290,-1,293,295,299,-1,299,295,276,-1,299,276,278,-1,300,301,302,-1,302,301,303,-1,244,246,256,-1,256,246,267,-1,256,267,304,-1,304,267,305,-1,277,276,280,-1,280,276,295,-1,280,306,307,-1,307,308,280,-1,280,308,302,-1,280,302,267,-1,267,302,303,-1,267,303,309,-1,295,310,280,-1,280,310,311,-1,280,311,306,-1,309,312,267,-1,267,312,313,-1,267,313,305,-1,249,248,263,-1,263,248,282,-1,263,282,264,-1,264,282,281,-1,290,283,291,-1,291,283,282,-1,272,314,282,-1,282,314,315,-1,282,315,316,-1,316,317,282,-1,282,317,318,-1,282,318,291,-1,283,290,284,-1,284,290,298,-1,284,298,285,-1,285,298,297,-1,285,297,286,-1,286,297,296,-1,286,296,287,-1,287,296,294,-1,287,294,288,-1,288,294,293,-1,288,293,289,-1,289,293,299,-1,279,289,278,-1,278,289,299,-1,248,250,282,-1,282,250,272,-1,271,247,261,-1,261,247,245,-1,271,261,265,-1,265,261,260,-1,265,260,266,-1,266,260,259,-1,266,259,268,-1,268,259,258,-1,268,258,269,-1,269,258,257,-1,269,257,270,-1,270,257,255,-1,270,255,262,-1,262,255,253,-1,262,253,263,-1,263,253,252,-1,252,319,263,-1,263,319,320,-1,263,320,321,-1,321,322,263,-1,263,322,323,-1,263,323,273,-1,263,273,249,-1,249,273,251,-1,307,324,308,-1,308,324,325,-1,308,325,302,-1,302,325,326,-1,302,326,300,-1,327,328,306,-1,306,328,329,-1,306,329,307,-1,307,329,330,-1,307,330,324,-1,327,306,331,-1,331,306,311,-1,331,311,332,-1,332,311,310,-1,332,310,333,-1,333,310,334,-1,334,310,295,-1,334,295,292,-1,274,335,272,-1,272,335,314,-1,335,336,314,-1,314,336,337,-1,314,337,315,-1,337,338,315,-1,315,338,339,-1,315,339,316,-1,339,340,316,-1,316,340,341,-1,316,341,317,-1,341,342,317,-1,317,342,343,-1,317,343,318,-1,292,291,344,-1,344,291,318,-1,344,318,345,-1,345,318,343,-1,346,335,274,-1,347,348,274,-1,335,346,336,-1,349,334,292,-1,334,349,333,-1,331,332,350,-1,330,329,351,-1,325,324,352,-1,300,326,353,-1,353,326,354,-1,353,354,355,-1,355,354,356,-1,355,356,357,-1,292,344,349,-1,349,344,345,-1,349,345,358,-1,357,356,359,-1,359,356,360,-1,359,360,361,-1,345,343,358,-1,358,343,342,-1,358,342,362,-1,362,342,341,-1,362,341,363,-1,363,341,340,-1,363,340,364,-1,361,360,365,-1,365,360,366,-1,365,366,367,-1,367,366,368,-1,367,368,369,-1,369,368,370,-1,369,370,371,-1,332,333,350,-1,350,333,349,-1,350,349,372,-1,372,349,358,-1,372,358,373,-1,373,358,362,-1,373,362,374,-1,374,362,363,-1,374,363,375,-1,375,363,364,-1,375,364,376,-1,376,364,377,-1,376,377,378,-1,337,377,338,-1,338,377,364,-1,338,364,339,-1,339,364,340,-1,348,347,370,-1,370,347,379,-1,370,379,371,-1,326,325,354,-1,354,325,352,-1,354,352,356,-1,356,352,380,-1,356,380,360,-1,360,380,381,-1,360,381,366,-1,366,381,382,-1,366,382,368,-1,368,382,383,-1,368,383,370,-1,370,383,384,-1,370,384,348,-1,348,384,385,-1,348,385,274,-1,324,330,352,-1,352,330,351,-1,352,351,380,-1,380,351,386,-1,380,386,381,-1,381,386,387,-1,381,387,382,-1,382,387,388,-1,382,388,383,-1,383,388,389,-1,383,389,384,-1,384,389,390,-1,384,390,385,-1,385,390,391,-1,385,391,274,-1,328,327,392,-1,392,327,393,-1,392,393,394,-1,394,393,395,-1,394,395,396,-1,396,395,397,-1,396,397,398,-1,398,397,399,-1,398,399,400,-1,400,399,401,-1,400,401,402,-1,402,401,403,-1,402,403,404,-1,404,403,405,-1,404,405,274,-1,327,331,393,-1,393,331,350,-1,393,350,395,-1,395,350,372,-1,395,372,397,-1,397,372,373,-1,397,373,399,-1,399,373,374,-1,399,374,401,-1,401,374,375,-1,401,375,403,-1,403,375,376,-1,403,376,405,-1,405,376,378,-1,405,378,274,-1,329,328,351,-1,351,328,392,-1,351,392,386,-1,386,392,394,-1,386,394,387,-1,387,394,396,-1,387,396,388,-1,388,396,398,-1,388,398,389,-1,389,398,400,-1,389,400,390,-1,390,400,402,-1,390,402,391,-1,391,402,404,-1,391,404,274,-1,337,336,377,-1,377,336,346,-1,377,346,378,-1,378,346,274,-1,305,406,304,-1,304,406,407,-1,304,407,256,-1,256,407,408,-1,256,408,254,-1,409,410,313,-1,313,410,411,-1,313,411,305,-1,305,411,412,-1,305,412,406,-1,409,313,413,-1,413,313,312,-1,413,312,414,-1,414,312,309,-1,414,309,415,-1,415,309,416,-1,416,309,303,-1,416,303,301,-1,274,275,347,-1,347,275,417,-1,347,417,379,-1,379,417,418,-1,379,418,371,-1,371,418,419,-1,371,419,369,-1,369,419,420,-1,369,420,367,-1,367,420,421,-1,367,421,365,-1,365,421,422,-1,365,422,361,-1,361,422,423,-1,361,423,359,-1,359,423,424,-1,359,424,357,-1,357,424,425,-1,357,425,355,-1,355,425,426,-1,355,426,353,-1,353,426,427,-1,353,427,300,-1,300,427,301,-1,428,417,275,-1,429,430,275,-1,417,428,418,-1,431,416,301,-1,416,431,415,-1,413,414,432,-1,412,411,433,-1,407,406,434,-1,254,408,435,-1,435,408,436,-1,435,436,437,-1,437,436,438,-1,437,438,439,-1,301,427,431,-1,431,427,426,-1,431,426,440,-1,439,438,441,-1,441,438,442,-1,441,442,443,-1,426,425,440,-1,440,425,424,-1,440,424,444,-1,444,424,423,-1,444,423,445,-1,445,423,422,-1,445,422,446,-1,443,442,447,-1,447,442,448,-1,447,448,449,-1,449,448,450,-1,449,450,451,-1,451,450,452,-1,451,452,453,-1,414,415,432,-1,432,415,431,-1,432,431,454,-1,454,431,440,-1,454,440,455,-1,455,440,444,-1,455,444,456,-1,456,444,445,-1,456,445,457,-1,457,445,446,-1,457,446,458,-1,458,446,459,-1,458,459,460,-1,419,459,420,-1,420,459,446,-1,420,446,421,-1,421,446,422,-1,430,429,452,-1,452,429,461,-1,452,461,453,-1,408,407,436,-1,436,407,434,-1,436,434,438,-1,438,434,462,-1,438,462,442,-1,442,462,463,-1,442,463,448,-1,448,463,464,-1,448,464,450,-1,450,464,465,-1,450,465,452,-1,452,465,466,-1,452,466,430,-1,430,466,467,-1,430,467,275,-1,406,412,434,-1,434,412,433,-1,434,433,462,-1,462,433,468,-1,462,468,463,-1,463,468,469,-1,463,469,464,-1,464,469,470,-1,464,470,465,-1,465,470,471,-1,465,471,466,-1,466,471,472,-1,466,472,467,-1,467,472,473,-1,467,473,275,-1,410,409,474,-1,474,409,475,-1,474,475,476,-1,476,475,477,-1,476,477,478,-1,478,477,479,-1,478,479,480,-1,480,479,481,-1,480,481,482,-1,482,481,483,-1,482,483,484,-1,484,483,485,-1,484,485,486,-1,486,485,487,-1,486,487,275,-1,409,413,475,-1,475,413,432,-1,475,432,477,-1,477,432,454,-1,477,454,479,-1,479,454,455,-1,479,455,481,-1,481,455,456,-1,481,456,483,-1,483,456,457,-1,483,457,485,-1,485,457,458,-1,485,458,487,-1,487,458,460,-1,487,460,275,-1,411,410,433,-1,433,410,474,-1,433,474,468,-1,468,474,476,-1,468,476,469,-1,469,476,478,-1,469,478,470,-1,470,478,480,-1,470,480,471,-1,471,480,482,-1,471,482,472,-1,472,482,484,-1,472,484,473,-1,473,484,486,-1,473,486,275,-1,419,418,459,-1,459,418,428,-1,459,428,460,-1,460,428,275,-1,275,273,429,-1,429,273,323,-1,429,323,461,-1,461,323,453,-1,453,323,322,-1,453,322,451,-1,451,322,449,-1,449,322,321,-1,449,321,447,-1,447,321,443,-1,443,321,320,-1,443,320,441,-1,441,320,439,-1,439,320,319,-1,439,319,437,-1,437,319,435,-1,435,319,252,-1,435,252,254,-1,
        ]
    }
}
Shape{
    appearance Appearance {
        material  Material 	{
            diffuseColor 0.20784313725490197 0.20784313725490197 0.20784313725490197
            specularColor 0.01568627450980392 0.01568627450980392 0.01568627450980392
            ambientIntensity 0.2
            transparency 0
            shininess 0.5
        }
    }
    geometry IndexedFaceSet {
        ccw TRUE
        solid FALSE
        coord DEF co Coordinate {
            point [
                -3.0715 0.3937 0.2781, -3.0715 0.3937 0.2615, -3.1116 0.3937 0.2615, -3.0715 0.3937 0.3442, -3.0715 0.3937 0.332, -3.1116 0.3937 0.332, 2.4705 0.3937 0.0, 0.3046 0.3937 0.0, 0.3046 0.3937 0.2615, -3.1572 0.3937 0.3815, -3.1572 0.3937 0.3681, -3.1684 0.3937 0.3681, -3.2094 0.3937 0.3153, -3.2094 0.3937 0.302, -3.2172 0.3937 0.302, -2.9589 0.3937 0.2843, -2.9572 0.3937 0.2781, -2.9906 0.3937 0.2852, -3.1507 0.3937 0.2781, -3.1494 0.3937 0.2786, -3.1494 0.3937 0.2781, -3.1593 0.3937 0.2781, -3.1584 0.3937 0.2781, -3.1684 0.3937 0.2781, -3.2457 0.3937 0.356, -3.2304 0.3937 0.356, -3.25 0.3937 0.3446, -3.2304 0.3937 0.3442, -3.2559 0.3937 0.3446, -3.24 0.3937 0.3863, -3.4744 0.3937 0.3442, -3.4744 0.3937 0.3866, -3.2283 0.3937 0.356, -3.2243 0.3937 0.3446, -3.2172 0.3937 0.3442, -3.2184 0.3937 0.3446, -3.2172 0.3937 0.3866, -3.2304 0.3937 0.3761, -3.2304 0.3937 0.3866, -3.2343 0.3937 0.3863, -3.1393 0.3937 0.3865, -3.1435 0.3937 0.3853, -3.1494 0.3937 0.3866, -3.1435 0.3937 0.3796, -3.1494 0.3937 0.3442, -3.1435 0.3937 0.3515, -3.1435 0.3937 0.3463, -3.1387 0.3937 0.3446, -3.1353 0.3937 0.3442, -3.1344 0.3937 0.3487, -3.1392 0.3937 0.3496, -3.1179 0.3937 0.3646, -3.1179 0.3937 0.3649, -3.1217 0.3937 0.3768, -3.1198 0.3937 0.3739, -3.1184 0.3937 0.3701, -3.1385 0.3937 0.3816, -3.1336 0.3937 0.3821, -3.1318 0.3937 0.382, -3.1282 0.3937 0.3813, -3.1185 0.3937 0.3594, -3.1199 0.3937 0.356, -3.122 0.3937 0.3531, -3.1258 0.3937 0.3502, -3.1288 0.3937 0.3491, -3.1327 0.3937 0.3487, -3.1428 0.3937 0.38, -3.1249 0.3937 0.3797, -3.1223 0.3937 0.3775, -3.123 0.3937 0.3521, -3.1304 0.3937 0.3866, -3.1336 0.3937 0.387, -3.1141 0.3937 0.5118, -3.1494 0.3937 0.5118, -3.134 0.3937 0.387, -3.1379 0.3937 0.3866, -3.1141 0.3937 0.3866, -3.128 0.3937 0.3864, -3.1236 0.3937 0.3848, -3.1154 0.3937 0.3771, -3.1183 0.3937 0.3808, -3.1195 0.3937 0.382, -3.1141 0.3937 0.3551, -3.1129 0.3937 0.3585, -3.1116 0.3937 0.3442, -3.1122 0.3937 0.3646, -3.1123 0.3937 0.3671, -3.1116 0.3937 0.3866, -3.1133 0.3937 0.3725, -3.1141 0.3937 0.3742, -3.1207 0.3937 0.3469, -3.1176 0.3937 0.3496, -3.1141 0.3937 0.3442, -3.1169 0.3937 0.3503, -3.1145 0.3937 0.354, -3.1319 0.3937 0.3439, -3.1291 0.3937 0.344, -3.1141 0.3937 0.332, -3.1282 0.3937 0.3442, -3.1246 0.3937 0.345, -3.193 0.3937 0.3082, -3.1984 0.3937 0.3082, -3.2012 0.3937 0.332, -3.1834 0.3937 0.2858, -3.1841 0.3937 0.2833, -3.1842 0.3937 0.2833, -3.1782 0.3937 0.332, -3.1782 0.3937 0.3009, -3.1849 0.3937 0.2858, -3.1845 0.3937 0.2844, -3.1698 0.3937 0.3082, -3.1684 0.3937 0.332, -3.1782 0.3937 0.2869, -3.1757 0.3937 0.3082, -3.1782 0.3937 0.2781, -3.1813 0.3937 0.2781, -3.1815 0.3937 0.2785, -3.1782 0.3937 0.2712, -3.1782 0.3937 0.2712, -3.1792 0.3937 0.2731, -3.1684 0.3937 0.2615, -3.1709 0.3937 0.2648, -3.1709 0.3937 0.2694, -3.1738 0.3937 0.2689, -3.1751 0.3937 0.269, -3.1782 0.3937 0.2653, -3.1764 0.3937 0.2646, -3.1782 0.3937 0.2615, -3.1743 0.3937 0.2644, -3.1731 0.3937 0.2644, -3.1762 0.3937 0.2694, -3.1772 0.3937 0.2701, -3.1849 0.3937 0.2739, -3.1825 0.3937 0.2693, -3.2012 0.3937 0.2615, -3.1865 0.3937 0.2781, -3.1806 0.3937 0.267, -3.1803 0.3937 0.2667, -3.1784 0.3937 0.2654, 3.4154 0.3937 0.496, 3.4398 0.3937 0.4772, 3.3869 0.3937 0.5078, 3.4586 0.3937 0.4528, 3.3563 0.3937 0.5118, 3.4704 0.3937 0.4243, 3.4744 0.3937 0.3937, -3.4744 0.3937 0.3937, -3.4714 0.3937 0.42, -3.4299 0.3937 0.486, -3.4075 0.3937 0.5001, -3.3826 0.3937 0.5088, -3.3563 0.3937 0.5118, -3.4627 0.3937 0.4449, -3.4486 0.3937 0.4673, -3.1653 0.3937 0.2914, -3.1663 0.3937 0.29, -3.1657 0.3937 0.3025, -3.1662 0.3937 0.2828, -3.1652 0.3937 0.2814, -3.1488 0.3937 0.3051, -3.1494 0.3937 0.3056, -3.1494 0.3937 0.332, -3.1504 0.3937 0.3065, -3.1519 0.3937 0.3074, -3.1669 0.3937 0.2885, -3.1671 0.3937 0.2865, -3.1668 0.3937 0.2844, -3.1548 0.3937 0.3085, -3.1586 0.3937 0.3089, -3.1657 0.3937 0.3075, -3.1615 0.3937 0.3087, -3.1637 0.3937 0.2801, -3.1622 0.3937 0.2791, -3.1581 0.3937 0.3046, -3.1565 0.3937 0.3045, -3.1524 0.3937 0.3006, -3.1551 0.3937 0.3041, -3.154 0.3937 0.3035, -3.1524 0.3937 0.2999, -3.1526 0.3937 0.2991, -3.153 0.3937 0.2984, -3.1535 0.3937 0.2978, -3.1554 0.3937 0.2967, -3.1615 0.3937 0.3042, -3.1586 0.3937 0.2953, -3.1645 0.3937 0.3032, -3.1606 0.3937 0.2945, -3.1641 0.3937 0.2925, -3.1532 0.3937 0.3028, -3.1527 0.3937 0.3022, -3.1525 0.3937 0.3015, -3.1181 0.3937 0.2927, -3.1189 0.3937 0.301, -3.1171 0.3937 0.2912, -3.1163 0.3937 0.2894, -3.147 0.3937 0.2848, -3.1399 0.3937 0.2976, -3.147 0.3937 0.2794, -3.1399 0.3937 0.2784, -3.1321 0.3937 0.28, -3.1302 0.3937 0.2788, -3.1347 0.3937 0.2784, -3.1282 0.3937 0.2781, -3.1141 0.3937 0.2781, -3.1168 0.3937 0.2822, -3.1162 0.3937 0.284, -3.1141 0.3937 0.2615, -3.1224 0.3937 0.2781, -3.1223 0.3937 0.2781, -3.1203 0.3937 0.2788, -3.1242 0.3937 0.3083, -3.1203 0.3937 0.3069, -3.1189 0.3937 0.3061, -3.1198 0.3937 0.294, -3.122 0.3937 0.2952, -3.1222 0.3937 0.3032, -3.1258 0.3937 0.2961, -3.1304 0.3937 0.3044, -3.1286 0.3937 0.3046, -3.1255 0.3937 0.3043, -3.1185 0.3937 0.28, -3.1179 0.3937 0.2806, -3.1347 0.3937 0.283, -3.1345 0.3937 0.283, -3.1337 0.3937 0.2818, -3.149 0.3937 0.2836, -3.1494 0.3937 0.2834, -3.1494 0.3937 0.2945, -3.1472 0.3937 0.302, -3.1478 0.3937 0.3037, -3.1376 0.3937 0.3056, -3.1291 0.3937 0.3089, -3.1323 0.3937 0.3086, -3.1345 0.3937 0.3079, -3.116 0.3937 0.2864, -3.116 0.3937 0.2871, -3.1395 0.3937 0.3014, -3.1472 0.3937 0.2981, -3.1363 0.3937 0.3069, -3.1347 0.3937 0.2973, -3.1345 0.3937 0.2996, -3.1339 0.3937 0.3015, -3.1333 0.3937 0.3026, -3.1387 0.3937 0.3038, -3.147 0.3937 0.3002, -3.1493 0.3937 0.2945, -3.1485 0.3937 0.2954, -3.1478 0.3937 0.2965, -3.1325 0.3937 0.3034, -3.1316 0.3937 0.304, -3.1523 0.3937 0.2823, -3.1549 0.3937 0.2915, -3.1518 0.3937 0.2929, -3.1556 0.3937 0.282, -3.1558 0.3937 0.282, -3.1583 0.3937 0.2901, -3.1585 0.3937 0.2823, -3.1617 0.3937 0.286, -3.1617 0.3937 0.2866, -3.1598 0.3937 0.2828, -3.1603 0.3937 0.283, -3.1609 0.3937 0.2836, -3.1614 0.3937 0.2843, -3.1616 0.3937 0.285, -3.1614 0.3937 0.2875, -3.161 0.3937 0.2882, -3.1604 0.3937 0.2888, -3.1516 0.3937 0.2781, -3.1494 0.3937 0.2615, -3.1551 0.3937 0.2777, -3.172 0.3937 0.2691, -3.1281 0.3937 0.278, -3.1254 0.3937 0.2777, -3.0359 0.3937 0.3533, -3.0438 0.3937 0.3464, -3.0715 0.3937 0.3866, -3.0022 0.3937 0.3866, -3.009 0.3937 0.382, -3.0187 0.3937 0.3708, -3.025 0.3937 0.3586, -3.0272 0.3937 0.3579, -2.954 0.3937 0.3956, -2.9687 0.3937 0.3975, -3.0715 0.3937 0.5118, -2.9809 0.3937 0.3962, -2.9958 0.3937 0.3909, 0.3046 0.3937 0.3866, 0.3046 0.3937 0.3442, -2.8693 0.3937 0.3442, -2.9403 0.3937 0.3904, 0.3046 0.3937 0.5118, -2.9343 0.3937 0.3866, -2.9331 0.3937 0.3859, -2.8729 0.3937 0.3514, -2.8791 0.3937 0.3592, -2.8821 0.3937 0.362, -2.9032 0.3937 0.3724, -2.9132 0.3937 0.3734, -2.9261 0.3937 0.3799, -2.9166 0.3937 0.3733, -2.9201 0.3937 0.3728, -2.8921 0.3937 0.3685, -2.9017 0.3937 0.2781, -2.9014 0.3937 0.2789, -2.8959 0.3937 0.2806, -2.8652 0.3937 0.3254, -2.8654 0.3937 0.3293, 0.3046 0.3937 0.332, -2.8659 0.3937 0.332, -2.8678 0.3937 0.341, -2.8776 0.3937 0.2931, -2.8763 0.3937 0.2947, 0.3046 0.3937 0.2781, -2.8701 0.3937 0.3043, -2.8662 0.3937 0.3154, -2.8854 0.3937 0.2862, -2.9173 0.3937 0.2615, -2.9148 0.3937 0.2625, -2.909 0.3937 0.2669, -2.9045 0.3937 0.2723, -2.4705 0.3937 0.0, -2.9217 0.3937 0.2597, -2.9418 0.3937 0.2615, -2.937 0.3937 0.2596, -3.0715 0.3937 0.0, -2.9295 0.3937 0.2587, -2.9287 0.3937 0.2587, -2.9569 0.3937 0.277, -2.9532 0.3937 0.2706, -2.9495 0.3937 0.2664, -2.9436 0.3937 0.2623, -2.9464 0.3937 0.3131, -2.9518 0.3937 0.3082, -2.9915 0.3937 0.329, -2.9934 0.3937 0.2943, -2.9952 0.3937 0.2955, -3.0007 0.3937 0.3132, -2.9973 0.3937 0.2785, -2.9953 0.3937 0.2793, -2.9934 0.3937 0.2807, -3.0357 0.3937 0.3228, -3.0342 0.3937 0.3285, -3.0321 0.3937 0.332, -2.8846 0.3937 0.332, -2.9972 0.3937 0.2963, -2.9995 0.3937 0.2966, -2.9998 0.3937 0.2966, -2.9927 0.3937 0.2814, -2.9914 0.3937 0.2832, -2.9592 0.3937 0.2883, -2.9903 0.3937 0.2875, -2.9592 0.3937 0.2913, -2.9904 0.3937 0.2886, -2.991 0.3937 0.2909, -2.9921 0.3937 0.2929, -3.0489 0.3937 0.2991, -3.0434 0.3937 0.2916, -3.0424 0.3937 0.2906, -3.0346 0.3937 0.2843, -2.9222 0.3937 0.3173, -2.9295 0.3937 0.3183, -2.9328 0.3937 0.3181, -2.94 0.3937 0.3164, -3.0007 0.3937 0.2964, -3.0013 0.3937 0.2963, -3.0146 0.3937 0.2963, -3.0532 0.3937 0.3288, -3.0544 0.3937 0.3198, -3.0543 0.3937 0.3181, -3.0528 0.3937 0.3084, -3.0255 0.3937 0.2801, -3.0164 0.3937 0.2783, -2.9989 0.3937 0.2783, -2.9048 0.3937 0.3049, -2.8844 0.3937 0.3205, -2.8867 0.3937 0.3133, -2.8897 0.3937 0.3084, -2.895 0.3937 0.3029, -2.9017 0.3937 0.2987, -2.8839 0.3937 0.326, -2.9096 0.3937 0.3105, -2.9157 0.3937 0.3148, -3.0299 0.3937 0.3037, -3.0331 0.3937 0.3082, -3.0352 0.3937 0.3135, -3.036 0.3937 0.3195, -3.0203 0.3937 0.2975, -3.0255 0.3937 0.3, -3.0105 0.3937 0.3426, -2.8874 0.3937 0.3401, -2.8848 0.3937 0.3335, -3.0129 0.3937 0.3426, -3.0313 0.3937 0.3335, -3.0285 0.3937 0.3365, -3.0239 0.3937 0.3398, -3.0187 0.3937 0.3418, -2.8904 0.3937 0.3442, -2.9292 0.3937 0.3512, -2.927 0.3937 0.3524, -3.0055 0.3937 0.358, -2.9994 0.3937 0.3664, -2.996 0.3937 0.3697, -2.9875 0.3937 0.3753, -2.9782 0.3937 0.3786, -2.9204 0.3937 0.3548, -2.9135 0.3937 0.3557, -2.9095 0.3937 0.3554, -3.0102 0.3937 0.3442, -3.0095 0.3937 0.3481, -2.969 0.3937 0.3797, -2.9674 0.3937 0.3796, -2.9332 0.3937 0.3597, -2.9575 0.3937 0.3781, -2.9397 0.3937 0.3678, -2.9478 0.3937 0.374, -2.9022 0.3937 0.3534, -2.8957 0.3937 0.3497, -2.8916 0.3937 0.3459, -3.0453 0.3937 0.3442, -3.0497 0.3937 0.3379, -3.052 0.3937 0.332, -3.2148 0.3937 0.3582, -3.2127 0.3937 0.3539, -3.2012 0.3937 0.3866, -3.2012 0.3937 0.3853, -3.2056 0.3937 0.3836, -3.2098 0.3937 0.3807, -3.2115 0.3937 0.379, -3.214 0.3937 0.3753, -3.2012 0.3937 0.3457, -3.2012 0.3937 0.3442, -3.2049 0.3937 0.347, -3.2098 0.3937 0.3504, -3.209 0.3937 0.3497, -3.2155 0.3937 0.3712, -3.2161 0.3937 0.366, -3.2159 0.3937 0.363, -3.1782 0.3937 0.3866, -3.194 0.3937 0.3863, -3.2006 0.3937 0.3855, -3.2 0.3937 0.3453, -3.1936 0.3937 0.3446, -3.1782 0.3937 0.3442, -3.1821 0.3937 0.3446, -3.1821 0.3937 0.3863, -3.2094 0.3937 0.2832, -3.2172 0.3937 0.2832, -3.2094 0.3937 0.2972, -3.2172 0.3937 0.2972, -3.2255 0.3937 0.3201, -3.2255 0.3937 0.3153, -3.2304 0.3937 0.332, -3.2265 0.3937 0.2832, -3.2304 0.3937 0.2781, -3.2265 0.3937 0.2784, -3.2172 0.3937 0.2781, -3.2243 0.3937 0.2972, -3.2243 0.3937 0.302, -3.2172 0.3937 0.3153, -3.2172 0.3937 0.2784, -3.204 0.3937 0.2784, -3.2012 0.3937 0.2781, -3.204 0.3937 0.3201, -3.2172 0.3937 0.3201, -3.2172 0.3937 0.332, -3.1572 0.3937 0.3493, -3.1684 0.3937 0.3493, -3.1572 0.3937 0.3633, -3.1684 0.3937 0.3633, -3.1684 0.3937 0.3866, -3.1733 0.3937 0.3863, -3.1684 0.3937 0.3863, -3.1721 0.3937 0.3633, -3.1742 0.3937 0.3493, -3.1721 0.3937 0.3681, -3.1733 0.3937 0.3815, -3.1684 0.3937 0.3815, -3.1742 0.3937 0.3446, -3.1684 0.3937 0.3442, -3.1684 0.3937 0.3446, -3.1518 0.3937 0.3446, -3.1518 0.3937 0.3863, 3.4744 0.3937 0.0, 3.4744 0.3937 0.2615, 3.4744 0.3937 0.2781, 3.4744 0.3937 0.332, 3.4744 0.3937 0.3442, 3.4744 0.3937 0.3866, -3.1105 0.3937 0.3493, -3.1105 0.3937 0.3446, -3.0885 0.3937 0.3446, -3.0939 0.3937 0.3863, -3.0939 0.3937 0.3493, -3.0885 0.3937 0.3863, -3.1116 0.3937 0.2781, -3.111 0.3937 0.2784, -3.0885 0.3937 0.2784, -3.111 0.3937 0.2832, -3.11 0.3937 0.3153, -3.0939 0.3937 0.2972, -3.0939 0.3937 0.2832, -3.1088 0.3937 0.2972, -3.1088 0.3937 0.302, -3.0939 0.3937 0.302, -3.0939 0.3937 0.3153, -3.0885 0.3937 0.3201, -3.11 0.3937 0.3201, -3.1116 0.3937 0.5118, -3.2304 0.3937 0.5118, -3.2172 0.3937 0.5118, -3.2012 0.3937 0.5118, -3.1782 0.3937 0.5118, -3.1684 0.3937 0.5118, -3.2766 0.3937 0.2784, -3.2706 0.3937 0.2784, -3.3022 0.3937 0.2784, -3.2979 0.3937 0.2898, -3.2806 0.3937 0.2898, -3.3081 0.3937 0.2784, -3.4744 0.3937 0.2781, -3.2922 0.3937 0.3201, -3.4744 0.3937 0.332, -3.2677 0.3937 0.3051, -3.2683 0.3937 0.2998, -3.2865 0.3937 0.3201, -3.2681 0.3937 0.2968, -3.2671 0.3937 0.292, -3.265 0.3937 0.2877, -3.262 0.3937 0.2842, -3.2612 0.3937 0.2836, -3.2571 0.3937 0.2809, -3.2343 0.3937 0.3201, -3.2343 0.3937 0.2784, -3.2458 0.3937 0.2784, -3.2523 0.3937 0.2791, -3.262 0.3937 0.3146, -3.2637 0.3937 0.3129, -3.2663 0.3937 0.3091, -3.2462 0.3937 0.3201, -3.2529 0.3937 0.3193, -3.2579 0.3937 0.3174, -3.2172 0.3937 0.2615, -3.2304 0.3937 0.2615, -3.4744 0.3937 0.2615, -3.1116 0.3937 0.0, -3.1141 0.3937 0.0, -3.1494 0.3937 0.0, -3.1684 0.3937 0.0, -3.1782 0.3937 0.0, -3.2012 0.3937 0.0, -3.2172 0.3937 0.0, -3.2304 0.3937 0.0, -3.4744 0.3937 0.0, -3.4744 0.3937 0.0
            ]
        }
        coordIndex [
            0,1,2,-1,3,4,5,-1,6,7,8,-1,9,10,11,-1,12,13,14,-1,15,16,17,-1,18,19,20,-1,21,22,23,-1,24,25,26,-1,26,25,27,-1,26,27,28,-1,29,30,31,-1,25,32,27,-1,27,32,33,-1,27,33,34,-1,34,33,35,-1,34,35,36,-1,36,35,37,-1,36,37,38,-1,38,37,39,-1,38,39,29,-1,40,41,42,-1,42,41,43,-1,42,43,44,-1,45,46,44,-1,44,46,47,-1,44,47,48,-1,49,50,51,-1,51,50,45,-1,51,45,52,-1,53,54,45,-1,45,54,55,-1,45,55,52,-1,56,57,45,-1,45,57,58,-1,45,58,59,-1,60,61,62,-1,63,64,51,-1,51,64,65,-1,51,65,49,-1,44,43,45,-1,45,43,66,-1,45,66,56,-1,59,67,45,-1,45,67,68,-1,45,68,53,-1,60,62,51,-1,51,62,69,-1,51,69,63,-1,70,71,72,-1,72,71,73,-1,73,71,74,-1,73,74,75,-1,70,76,77,-1,77,76,78,-1,79,80,76,-1,76,80,81,-1,76,81,78,-1,82,83,84,-1,85,86,87,-1,87,86,88,-1,87,88,76,-1,76,88,89,-1,76,89,79,-1,90,91,92,-1,92,91,93,-1,92,93,94,-1,95,96,97,-1,97,96,98,-1,97,98,92,-1,92,98,99,-1,92,99,90,-1,100,101,102,-1,103,104,105,-1,102,106,100,-1,100,106,107,-1,100,107,108,-1,108,107,103,-1,108,103,109,-1,109,103,105,-1,110,111,23,-1,110,23,112,-1,111,110,106,-1,106,110,113,-1,106,113,107,-1,23,114,112,-1,112,114,115,-1,112,115,116,-1,117,118,114,-1,114,118,119,-1,114,119,115,-1,120,121,122,-1,114,123,124,-1,125,126,127,-1,127,126,128,-1,127,128,120,-1,120,128,129,-1,120,129,121,-1,124,130,114,-1,114,130,131,-1,114,131,117,-1,132,133,134,-1,132,134,135,-1,133,136,134,-1,134,136,137,-1,134,137,127,-1,127,137,138,-1,127,138,125,-1,139,140,141,-1,141,140,142,-1,141,142,143,-1,143,142,144,-1,143,144,145,-1,29,31,38,-1,38,31,146,-1,38,146,147,-1,148,149,38,-1,38,149,150,-1,38,150,151,-1,147,152,38,-1,38,152,153,-1,38,153,148,-1,154,155,156,-1,23,157,158,-1,159,160,161,-1,161,160,162,-1,161,162,163,-1,164,165,23,-1,23,165,166,-1,23,166,157,-1,163,167,161,-1,161,167,168,-1,161,168,111,-1,155,164,156,-1,156,164,23,-1,156,23,169,-1,169,23,111,-1,169,111,170,-1,170,111,168,-1,158,171,23,-1,23,171,172,-1,23,172,21,-1,173,174,175,-1,175,174,176,-1,175,176,177,-1,175,178,173,-1,173,178,179,-1,173,179,180,-1,180,181,173,-1,173,181,182,-1,173,182,183,-1,183,182,184,-1,183,184,185,-1,185,184,186,-1,185,186,156,-1,156,186,187,-1,156,187,154,-1,188,189,177,-1,177,189,190,-1,177,190,175,-1,191,192,193,-1,193,192,194,-1,195,196,197,-1,197,196,198,-1,197,198,19,-1,199,200,201,-1,201,200,202,-1,201,202,198,-1,203,204,205,-1,206,207,203,-1,203,207,208,-1,203,208,209,-1,210,97,211,-1,211,97,212,-1,191,213,192,-1,192,213,214,-1,192,214,215,-1,215,214,216,-1,217,218,216,-1,216,218,219,-1,216,219,215,-1,209,220,203,-1,203,220,221,-1,203,221,204,-1,222,223,201,-1,201,223,224,-1,201,224,199,-1,225,226,227,-1,228,229,230,-1,210,231,97,-1,97,231,232,-1,97,232,233,-1,205,234,203,-1,203,234,235,-1,203,235,97,-1,97,235,194,-1,97,194,212,-1,212,194,192,-1,236,196,237,-1,48,95,161,-1,161,95,97,-1,161,97,159,-1,159,97,233,-1,159,233,229,-1,229,233,238,-1,229,238,230,-1,239,240,216,-1,216,240,241,-1,216,241,242,-1,225,227,195,-1,230,243,228,-1,228,243,236,-1,228,236,244,-1,244,236,237,-1,227,245,195,-1,195,245,246,-1,195,246,196,-1,196,246,247,-1,196,247,237,-1,242,248,216,-1,216,248,249,-1,216,249,217,-1,250,251,226,-1,226,251,252,-1,226,252,227,-1,250,253,251,-1,251,253,254,-1,251,254,255,-1,255,254,256,-1,255,257,258,-1,256,259,255,-1,255,259,260,-1,255,260,261,-1,261,262,255,-1,255,262,263,-1,255,263,257,-1,258,264,255,-1,255,264,265,-1,255,265,266,-1,18,20,267,-1,267,20,268,-1,267,268,269,-1,269,268,22,-1,22,268,120,-1,22,120,23,-1,23,120,122,-1,23,122,114,-1,114,122,270,-1,114,270,123,-1,19,198,20,-1,20,198,202,-1,20,202,268,-1,268,202,271,-1,268,271,206,-1,206,271,272,-1,206,272,207,-1,273,274,275,-1,275,274,3,-1,276,277,275,-1,275,277,278,-1,278,279,275,-1,275,279,280,-1,275,280,273,-1,281,282,283,-1,283,282,284,-1,283,284,285,-1,286,287,288,-1,281,283,289,-1,289,283,290,-1,289,290,291,-1,291,290,286,-1,291,286,292,-1,288,293,286,-1,286,293,294,-1,286,294,295,-1,296,297,298,-1,298,297,299,-1,298,299,300,-1,295,301,286,-1,286,301,296,-1,286,296,292,-1,292,296,298,-1,302,303,304,-1,305,306,307,-1,307,306,308,-1,307,308,287,-1,287,308,309,-1,287,309,288,-1,310,311,312,-1,312,311,313,-1,312,313,307,-1,307,313,314,-1,307,314,305,-1,302,304,312,-1,312,304,315,-1,312,315,310,-1,8,316,312,-1,312,316,317,-1,317,318,312,-1,312,318,319,-1,312,319,302,-1,8,7,316,-1,316,7,320,-1,316,320,321,-1,322,323,324,-1,324,323,325,-1,324,325,320,-1,320,325,326,-1,320,326,321,-1,0,16,1,-1,1,16,327,-1,1,327,328,-1,328,329,1,-1,1,329,330,-1,1,330,322,-1,331,332,333,-1,334,335,336,-1,337,338,16,-1,16,338,339,-1,340,341,333,-1,333,341,342,-1,333,342,343,-1,335,344,336,-1,336,344,345,-1,336,345,346,-1,339,347,16,-1,16,347,348,-1,16,348,17,-1,15,17,349,-1,349,17,350,-1,349,350,351,-1,350,352,351,-1,351,352,353,-1,351,353,336,-1,336,353,354,-1,336,354,334,-1,355,356,0,-1,0,356,357,-1,0,357,358,-1,359,360,343,-1,343,360,361,-1,343,361,333,-1,333,361,362,-1,333,362,331,-1,346,363,336,-1,336,363,364,-1,336,364,365,-1,366,367,4,-1,4,367,368,-1,4,368,0,-1,0,368,369,-1,0,369,355,-1,358,370,0,-1,0,370,371,-1,0,371,16,-1,16,371,372,-1,16,372,337,-1,373,374,375,-1,375,376,373,-1,373,376,377,-1,373,377,378,-1,374,373,379,-1,379,373,380,-1,379,380,343,-1,343,380,381,-1,343,381,359,-1,382,383,336,-1,336,383,384,-1,336,384,333,-1,333,384,385,-1,333,385,340,-1,365,386,336,-1,336,386,387,-1,336,387,382,-1,388,389,390,-1,390,343,388,-1,388,343,342,-1,388,342,391,-1,391,342,392,-1,392,393,391,-1,391,393,394,-1,391,394,395,-1,396,397,398,-1,399,400,397,-1,400,401,397,-1,397,401,402,-1,397,402,403,-1,398,404,396,-1,396,404,405,-1,396,405,406,-1,389,388,396,-1,396,388,407,-1,396,407,397,-1,397,407,408,-1,397,408,399,-1,403,409,397,-1,397,409,410,-1,397,410,411,-1,411,410,412,-1,411,412,413,-1,413,412,414,-1,415,416,406,-1,406,416,417,-1,406,417,396,-1,274,418,3,-1,3,418,419,-1,3,419,4,-1,4,419,420,-1,4,420,366,-1,421,422,34,-1,423,424,36,-1,36,424,425,-1,425,426,36,-1,36,426,427,-1,36,427,428,-1,429,430,431,-1,431,430,34,-1,422,432,34,-1,34,432,433,-1,34,433,431,-1,428,434,36,-1,36,434,435,-1,36,435,34,-1,34,435,436,-1,34,436,421,-1,437,438,423,-1,423,438,439,-1,423,439,424,-1,429,440,430,-1,430,440,441,-1,430,441,442,-1,442,441,443,-1,442,443,437,-1,437,443,444,-1,437,444,438,-1,445,446,447,-1,447,446,448,-1,449,450,451,-1,451,450,452,-1,451,452,453,-1,453,452,454,-1,453,454,455,-1,448,446,456,-1,456,446,452,-1,456,452,457,-1,457,452,450,-1,457,450,14,-1,14,450,458,-1,14,458,12,-1,454,459,455,-1,455,459,460,-1,455,460,461,-1,461,460,462,-1,449,451,463,-1,463,451,464,-1,463,464,462,-1,462,464,102,-1,462,102,461,-1,461,102,101,-1,461,101,135,-1,465,466,467,-1,467,466,468,-1,437,469,470,-1,470,469,471,-1,468,466,472,-1,472,466,473,-1,472,473,474,-1,474,473,475,-1,474,475,11,-1,11,475,476,-1,11,476,9,-1,470,475,437,-1,437,475,473,-1,437,473,442,-1,442,473,477,-1,442,477,478,-1,478,477,479,-1,478,479,480,-1,471,469,481,-1,481,469,42,-1,481,42,480,-1,480,42,44,-1,480,44,478,-1,482,6,483,-1,483,6,8,-1,483,8,484,-1,484,8,312,-1,484,312,485,-1,485,312,307,-1,485,307,486,-1,486,307,287,-1,486,287,487,-1,487,287,286,-1,487,286,145,-1,145,286,290,-1,145,290,143,-1,488,489,84,-1,84,489,490,-1,491,87,275,-1,83,85,84,-1,84,85,87,-1,84,87,488,-1,488,87,491,-1,488,491,492,-1,5,84,3,-1,3,84,490,-1,3,490,275,-1,275,490,493,-1,275,493,491,-1,494,495,496,-1,495,494,497,-1,497,494,5,-1,497,5,498,-1,499,500,501,-1,501,500,497,-1,501,497,502,-1,502,497,498,-1,502,498,503,-1,503,498,504,-1,2,494,0,-1,0,494,496,-1,0,496,4,-1,4,496,505,-1,4,505,5,-1,5,505,506,-1,5,506,498,-1,70,72,76,-1,76,72,507,-1,76,507,87,-1,87,507,283,-1,87,283,275,-1,275,283,285,-1,275,285,276,-1,2,206,494,-1,494,206,203,-1,494,203,5,-1,5,203,97,-1,5,97,84,-1,84,97,92,-1,84,92,82,-1,82,92,94,-1,151,508,38,-1,38,508,509,-1,38,509,36,-1,36,509,510,-1,36,510,423,-1,423,510,511,-1,423,511,437,-1,437,511,512,-1,437,512,469,-1,469,512,73,-1,469,73,42,-1,42,73,75,-1,42,75,40,-1,48,161,44,-1,44,161,111,-1,44,111,478,-1,478,111,106,-1,478,106,442,-1,442,106,102,-1,442,102,430,-1,430,102,464,-1,430,464,34,-1,34,464,451,-1,34,451,27,-1,513,514,453,-1,515,516,517,-1,517,513,515,-1,515,513,453,-1,515,453,518,-1,518,453,519,-1,518,519,520,-1,520,519,521,-1,522,523,524,-1,524,523,525,-1,524,525,514,-1,514,525,526,-1,514,526,527,-1,527,528,514,-1,514,528,529,-1,514,529,530,-1,29,28,30,-1,30,28,27,-1,30,27,521,-1,521,27,451,-1,521,451,520,-1,520,451,524,-1,531,451,532,-1,532,451,453,-1,532,453,533,-1,533,453,514,-1,533,514,534,-1,534,514,530,-1,535,536,524,-1,524,536,537,-1,524,537,522,-1,531,538,451,-1,451,538,539,-1,451,539,524,-1,524,539,540,-1,524,540,535,-1,135,134,461,-1,461,134,541,-1,461,541,455,-1,455,541,542,-1,455,542,453,-1,453,542,543,-1,453,543,519,-1,322,324,1,-1,1,324,544,-1,1,544,2,-1,2,544,545,-1,2,545,206,-1,206,545,546,-1,206,546,268,-1,268,546,547,-1,268,547,120,-1,120,547,548,-1,120,548,127,-1,127,548,549,-1,127,549,134,-1,134,549,550,-1,134,550,541,-1,541,550,551,-1,541,551,542,-1,542,551,552,-1,542,552,543,-1,
        ]
    }
}
Shape{
    appearance Appearance {
        material  Material 	{
            diffuseColor 0.5882352941176471 0.5725490196078431 0.5254901960784314
            specularColor 0.043137254901960784 0.0392156862745098 0.0392156862745098
            ambientIntensity 0.2
            transparency 0
            shininess 0.5
        }
    }
    geometry IndexedFaceSet {
        ccw TRUE
        solid FALSE
        coord DEF co Coordinate {
            point [
                1.9431 0.3189 -1.1417, 1.9114 0.3189 -1.0236, 1.9939 0.3189 -1.1417, 2.0256 0.3189 -1.0236, 1.7462 0.3189 -1.1417, 1.7146 0.3189 -1.0236, 1.7971 0.3189 -1.1417, 1.8287 0.3189 -1.0236, 1.5494 0.3189 -1.1417, 1.5177 0.3189 -1.0236, 1.6002 0.3189 -1.1417, 1.6319 0.3189 -1.0236, 1.3525 0.3189 -1.1417, 1.3209 0.3189 -1.0236, 1.4034 0.3189 -1.1417, 1.435 0.3189 -1.0236, 1.1557 0.3189 -1.1417, 1.124 0.3189 -1.0236, 1.2065 0.3189 -1.1417, 1.2382 0.3189 -1.0236, 0.9588 0.3189 -1.1417, 0.9272 0.3189 -1.0236, 1.0097 0.3189 -1.1417, 1.0413 0.3189 -1.0236, 0.762 0.3189 -1.1417, 0.7303 0.3189 -1.0236, 0.8128 0.3189 -1.1417, 0.8445 0.3189 -1.0236, 0.5651 0.3189 -1.1417, 0.5335 0.3189 -1.0236, 0.616 0.3189 -1.1417, 0.6476 0.3189 -1.0236, 0.3683 0.3189 -1.1417, 0.3366 0.3189 -1.0236, 0.4191 0.3189 -1.1417, 0.4508 0.3189 -1.0236, 0.1714 0.3189 -1.1417, 0.1398 0.3189 -1.0236, 0.2223 0.3189 -1.1417, 0.2539 0.3189 -1.0236, -0.0254 0.3189 -1.1417, -0.0571 0.3189 -1.0236, 0.0254 0.3189 -1.1417, 0.0571 0.3189 -1.0236, -0.2223 0.3189 -1.1417, -0.2539 0.3189 -1.0236, -0.1714 0.3189 -1.1417, -0.1398 0.3189 -1.0236, -0.4191 0.3189 -1.1417, -0.4508 0.3189 -1.0236, -0.3683 0.3189 -1.1417, -0.3366 0.3189 -1.0236, -0.616 0.3189 -1.1417, -0.6476 0.3189 -1.0236, -0.5651 0.3189 -1.1417, -0.5335 0.3189 -1.0236, -0.8128 0.3189 -1.1417, -0.8445 0.3189 -1.0236, -0.762 0.3189 -1.1417, -0.7303 0.3189 -1.0236, -1.0097 0.3189 -1.1417, -1.0413 0.3189 -1.0236, -0.9588 0.3189 -1.1417, -0.9272 0.3189 -1.0236, -1.2065 0.3189 -1.1417, -1.2382 0.3189 -1.0236, -1.1557 0.3189 -1.1417, -1.124 0.3189 -1.0236, -1.4034 0.3189 -1.1417, -1.435 0.3189 -1.0236, -1.3525 0.3189 -1.1417, -1.3209 0.3189 -1.0236, -1.6002 0.3189 -1.1417, -1.6319 0.3189 -1.0236, -1.5494 0.3189 -1.1417, -1.5177 0.3189 -1.0236, -1.7971 0.3189 -1.1417, -1.8287 0.3189 -1.0236, -1.7462 0.3189 -1.1417, -1.7146 0.3189 -1.0236, -1.9939 0.3189 -1.1417, -2.0256 0.3189 -1.0236, -1.9431 0.3189 -1.1417, -1.9114 0.3189 -1.0236, -2.1908 0.3189 -1.1417, -2.2224 0.3189 -1.0236, -2.1399 0.3189 -1.1417, -2.1083 0.3189 -1.0236, -2.3051 0.3189 -1.0236, -2.3368 0.3189 -1.1417, -2.4705 0.3189 -1.0236, -3.1398 0.3189 -1.1417, -2.4705 0.3189 0.0, -3.1398 0.3189 0.0, 1.9114 -0.3189 -1.0236, 1.9431 -0.3189 -1.1417, 2.0256 -0.3189 -1.0236, 1.9939 -0.3189 -1.1417, 1.7146 -0.3189 -1.0236, 1.7462 -0.3189 -1.1417, 1.8287 -0.3189 -1.0236, 1.7971 -0.3189 -1.1417, 1.5177 -0.3189 -1.0236, 1.5494 -0.3189 -1.1417, 1.6319 -0.3189 -1.0236, 1.6002 -0.3189 -1.1417, 1.3209 -0.3189 -1.0236, 1.3525 -0.3189 -1.1417, 1.435 -0.3189 -1.0236, 1.4034 -0.3189 -1.1417, 1.124 -0.3189 -1.0236, 1.1557 -0.3189 -1.1417, 1.2382 -0.3189 -1.0236, 1.2065 -0.3189 -1.1417, 0.9272 -0.3189 -1.0236, 0.9588 -0.3189 -1.1417, 1.0413 -0.3189 -1.0236, 1.0097 -0.3189 -1.1417, 0.7303 -0.3189 -1.0236, 0.762 -0.3189 -1.1417, 0.8445 -0.3189 -1.0236, 0.8128 -0.3189 -1.1417, 0.5335 -0.3189 -1.0236, 0.5651 -0.3189 -1.1417, 0.6476 -0.3189 -1.0236, 0.616 -0.3189 -1.1417, 0.3366 -0.3189 -1.0236, 0.3683 -0.3189 -1.1417, 0.4508 -0.3189 -1.0236, 0.4191 -0.3189 -1.1417, 0.1398 -0.3189 -1.0236, 0.1714 -0.3189 -1.1417, 0.2539 -0.3189 -1.0236, 0.2223 -0.3189 -1.1417, -0.0571 -0.3189 -1.0236, -0.0254 -0.3189 -1.1417, 0.0571 -0.3189 -1.0236, 0.0254 -0.3189 -1.1417, -0.2539 -0.3189 -1.0236, -0.2223 -0.3189 -1.1417, -0.1398 -0.3189 -1.0236, -0.1714 -0.3189 -1.1417, -0.4508 -0.3189 -1.0236, -0.4191 -0.3189 -1.1417, -0.3366 -0.3189 -1.0236, -0.3683 -0.3189 -1.1417, -0.6476 -0.3189 -1.0236, -0.616 -0.3189 -1.1417, -0.5335 -0.3189 -1.0236, -0.5651 -0.3189 -1.1417, -0.8445 -0.3189 -1.0236, -0.8128 -0.3189 -1.1417, -0.7303 -0.3189 -1.0236, -0.762 -0.3189 -1.1417, -1.0413 -0.3189 -1.0236, -1.0097 -0.3189 -1.1417, -0.9272 -0.3189 -1.0236, -0.9588 -0.3189 -1.1417, -1.2382 -0.3189 -1.0236, -1.2065 -0.3189 -1.1417, -1.124 -0.3189 -1.0236, -1.1557 -0.3189 -1.1417, -1.435 -0.3189 -1.0236, -1.4034 -0.3189 -1.1417, -1.3209 -0.3189 -1.0236, -1.3525 -0.3189 -1.1417, -1.6319 -0.3189 -1.0236, -1.6002 -0.3189 -1.1417, -1.5177 -0.3189 -1.0236, -1.5494 -0.3189 -1.1417, -1.8287 -0.3189 -1.0236, -1.7971 -0.3189 -1.1417, -1.7146 -0.3189 -1.0236, -1.7462 -0.3189 -1.1417, -2.0256 -0.3189 -1.0236, -1.9939 -0.3189 -1.1417, -1.9114 -0.3189 -1.0236, -1.9431 -0.3189 -1.1417, -2.2224 -0.3189 -1.0236, -2.1908 -0.3189 -1.1417, -2.1083 -0.3189 -1.0236, -2.1399 -0.3189 -1.1417, -2.3368 -0.3189 -1.1417, -2.3051 -0.3189 -1.0236, -2.4705 -0.3189 -1.0236, -2.4705 -0.3189 0.0, -2.4803 -0.3189 0.0, -3.1398 -0.3189 -1.1417, -3.1398 -0.3189 0.0, 2.2224 0.3189 -1.0236, 2.1908 0.3189 -1.1417, 2.1083 0.3189 -1.0236, 2.1399 0.3189 -1.1417, 2.1908 -0.3189 -1.1417, 2.2224 -0.3189 -1.0236, 2.1399 -0.3189 -1.1417, 2.1083 -0.3189 -1.0236, 2.4705 0.3976 -1.0236, 2.3868 0.3976 -1.0236, 2.4705 0.3976 0.0, 2.2234 0.3976 -1.0236, 2.1073 0.3976 -1.0236, 2.0266 0.3976 -1.0236, 1.8297 0.3976 -1.0236, 1.7136 0.3976 -1.0236, 1.6329 0.3976 -1.0236, 1.5167 0.3976 -1.0236, 1.436 0.3976 -1.0236, 1.2392 0.3976 -1.0236, 1.123 0.3976 -1.0236, 1.0423 0.3976 -1.0236, 0.9262 0.3976 -1.0236, 0.8455 0.3976 -1.0236, 0.6486 0.3976 -1.0236, 0.5325 0.3976 -1.0236, 0.4518 0.3976 -1.0236, 0.3356 0.3976 -1.0236, 0.0581 0.3976 -1.0236, -2.4705 0.3976 0.0, -0.0581 0.3976 -1.0236, -0.1388 0.3976 -1.0236, -0.2549 0.3976 -1.0236, -0.3356 0.3976 -1.0236, -0.5325 0.3976 -1.0236, -0.6486 0.3976 -1.0236, -0.7293 0.3976 -1.0236, -0.8455 0.3976 -1.0236, -0.9262 0.3976 -1.0236, -1.123 0.3976 -1.0236, -1.2392 0.3976 -1.0236, -1.3199 0.3976 -1.0236, -1.436 0.3976 -1.0236, -1.5167 0.3976 -1.0236, -1.7136 0.3976 -1.0236, -1.8297 0.3976 -1.0236, -1.9104 0.3976 -1.0236, -2.0266 0.3976 -1.0236, -2.1073 0.3976 -1.0236, -2.4705 0.3976 -1.0236, 2.4705 0.3583 -1.0236, 2.4705 0.3937 0.0, 2.4705 0.3189 -1.0236, 2.4705 0.3189 0.0, -2.4705 0.3583 -1.0236, -2.4705 0.3937 0.0, 2.4705 -0.3189 -1.0236, 2.4705 -0.3189 0.0, 2.4705 -0.3976 -1.0236, 2.4705 -0.3976 0.0, -2.4705 -0.3976 0.0, -2.4705 -0.3976 -1.0236, 3.1398 0.3189 -1.1417, 3.1398 0.3189 0.0, 3.1398 -0.3189 -1.1417, 3.1398 -0.3189 0.0, 2.3051 0.3189 -1.0236, 2.3868 0.3189 -1.0236, 2.3368 0.3189 -1.1417, 2.4803 -0.3189 0.0, 2.3368 -0.3189 -1.1417, 2.3868 -0.3189 -1.0236, 2.3051 -0.3189 -1.0236, -2.4803 0.0787 0.0, -2.4016 -0.122 0.0, -2.4016 -0.3976 0.0, 0.7283 -0.0039 0.0, 0.7283 -0.122 0.0, 0.8465 -0.122 0.0, -2.3031 -0.122 0.0, -2.3031 -0.0039 0.0, -2.2244 -0.0039 0.0, -1.2402 -0.0039 0.0, -1.2402 -0.122 0.0, -1.122 -0.122 0.0, -2.2244 -0.122 0.0, -2.1063 -0.122 0.0, -2.1063 -0.0039 0.0, -2.0276 -0.0039 0.0, -1.0433 -0.0039 0.0, -1.0433 -0.122 0.0, -0.9252 -0.122 0.0, 1.3189 -0.0039 0.0, 1.3189 -0.122 0.0, 1.437 -0.122 0.0, 0.3346 -0.0039 0.0, 0.3346 -0.122 0.0, 0.4528 -0.122 0.0, 2.2244 -0.0039 0.0, 2.3031 -0.0039 0.0, 2.4803 0.0787 0.0, 2.3031 -0.122 0.0, 2.4016 -0.122 0.0, 2.4016 -0.3976 0.0, 1.8307 -0.0039 0.0, 1.9094 -0.0039 0.0, -0.6496 -0.0039 0.0, -0.6496 -0.122 0.0, -0.5315 -0.122 0.0, 1.7126 -0.0039 0.0, 1.7126 -0.122 0.0, 1.8307 -0.122 0.0, 2.1063 -0.0039 0.0, 2.1063 -0.122 0.0, 2.2244 -0.122 0.0, 2.0276 -0.0039 0.0, 2.0276 -0.122 0.0, 1.9094 -0.122 0.0, -1.8307 -0.122 0.0, -1.7126 -0.122 0.0, -1.8307 -0.0039 0.0, -1.7126 -0.0039 0.0, -0.9252 -0.0039 0.0, -0.8465 -0.0039 0.0, -1.122 -0.0039 0.0, -0.5315 -0.0039 0.0, -0.4528 -0.0039 0.0, -0.7283 -0.0039 0.0, -0.7283 -0.122 0.0, -0.8465 -0.122 0.0, -2.0276 -0.122 0.0, -1.9094 -0.122 0.0, -1.9094 -0.0039 0.0, -1.6339 -0.0039 0.0, -1.6339 -0.122 0.0, -1.5157 -0.122 0.0, -1.5157 -0.0039 0.0, -1.437 -0.0039 0.0, 0.8465 -0.0039 0.0, 0.9252 -0.0039 0.0, 1.437 -0.0039 0.0, 1.5157 -0.0039 0.0, -1.3189 -0.0039 0.0, -1.3189 -0.122 0.0, -1.437 -0.122 0.0, 1.122 -0.0039 0.0, 1.0433 -0.0039 0.0, 1.0433 -0.122 0.0, 0.9252 -0.122 0.0, 0.4528 -0.0039 0.0, 0.5315 -0.0039 0.0, 1.2402 -0.0039 0.0, 1.2402 -0.122 0.0, 1.122 -0.122 0.0, 1.6339 -0.0039 0.0, 1.6339 -0.122 0.0, 1.5157 -0.122 0.0, -0.4528 -0.122 0.0, -0.3346 -0.122 0.0, -0.3346 -0.0039 0.0, -0.2559 -0.0039 0.0, -0.2559 -0.122 0.0, -0.1378 -0.122 0.0, -0.1378 -0.0039 0.0, -0.0591 -0.0039 0.0, -0.0591 -0.122 0.0, 0.0591 -0.122 0.0, 0.0591 -0.0039 0.0, 0.1378 -0.0039 0.0, 0.1378 -0.122 0.0, 0.2559 -0.122 0.0, 0.2559 -0.0039 0.0, 0.6496 -0.0039 0.0, 0.6496 -0.122 0.0, 0.5315 -0.122 0.0, 1.5167 -0.3976 -1.0236, 1.6329 -0.3976 -1.0236, 1.7136 -0.3976 -1.0236, -2.4016 -0.3976 0.5118, -1.123 -0.3976 -1.0236, -0.9262 -0.3976 -1.0236, -2.1073 -0.3976 -1.0236, -2.0266 -0.3976 -1.0236, -1.9104 -0.3976 -1.0236, 1.8297 -0.3976 -1.0236, 2.0266 -0.3976 -1.0236, 2.1073 -0.3976 -1.0236, -0.8455 -0.3976 -1.0236, -0.7293 -0.3976 -1.0236, -0.6486 -0.3976 -1.0236, -1.8297 -0.3976 -1.0236, -1.7136 -0.3976 -1.0236, -1.5167 -0.3976 -1.0236, -1.436 -0.3976 -1.0236, -1.3199 -0.3976 -1.0236, -1.2392 -0.3976 -1.0236, 2.3868 -0.3976 -1.0236, 2.2234 -0.3976 -1.0236, -0.5325 -0.3976 -1.0236, -0.3356 -0.3976 -1.0236, -0.2549 -0.3976 -1.0236, -0.1388 -0.3976 -1.0236, -0.0581 -0.3976 -1.0236, 2.4016 -0.3976 0.5118, 0.0581 -0.3976 -1.0236, 0.3356 -0.3976 -1.0236, 0.4518 -0.3976 -1.0236, 0.5325 -0.3976 -1.0236, 0.6486 -0.3976 -1.0236, 0.8455 -0.3976 -1.0236, 0.9262 -0.3976 -1.0236, 1.0423 -0.3976 -1.0236, 1.123 -0.3976 -1.0236, 1.2392 -0.3976 -1.0236, 1.436 -0.3976 -1.0236, 1.436 -0.3976 -1.0236
            ]
        }
        coordIndex [
            0,1,2,-1,2,1,3,-1,4,5,6,-1,6,5,7,-1,8,9,10,-1,10,9,11,-1,12,13,14,-1,14,13,15,-1,16,17,18,-1,18,17,19,-1,20,21,22,-1,22,21,23,-1,24,25,26,-1,26,25,27,-1,28,29,30,-1,30,29,31,-1,32,33,34,-1,34,33,35,-1,36,37,38,-1,38,37,39,-1,40,41,42,-1,42,41,43,-1,44,45,46,-1,46,45,47,-1,48,49,50,-1,50,49,51,-1,52,53,54,-1,54,53,55,-1,56,57,58,-1,58,57,59,-1,60,61,62,-1,62,61,63,-1,64,65,66,-1,66,65,67,-1,68,69,70,-1,70,69,71,-1,72,73,74,-1,74,73,75,-1,76,77,78,-1,78,77,79,-1,80,81,82,-1,82,81,83,-1,84,85,86,-1,86,85,87,-1,88,89,90,-1,90,89,91,-1,90,91,92,-1,92,91,93,-1,94,95,96,-1,96,95,97,-1,98,99,100,-1,100,99,101,-1,102,103,104,-1,104,103,105,-1,106,107,108,-1,108,107,109,-1,110,111,112,-1,112,111,113,-1,114,115,116,-1,116,115,117,-1,118,119,120,-1,120,119,121,-1,122,123,124,-1,124,123,125,-1,126,127,128,-1,128,127,129,-1,130,131,132,-1,132,131,133,-1,134,135,136,-1,136,135,137,-1,138,139,140,-1,140,139,141,-1,142,143,144,-1,144,143,145,-1,146,147,148,-1,148,147,149,-1,150,151,152,-1,152,151,153,-1,154,155,156,-1,156,155,157,-1,158,159,160,-1,160,159,161,-1,162,163,164,-1,164,163,165,-1,166,167,168,-1,168,167,169,-1,170,171,172,-1,172,171,173,-1,174,175,176,-1,176,175,177,-1,178,179,180,-1,180,179,181,-1,182,183,184,-1,184,185,186,-1,182,184,187,-1,187,184,186,-1,187,186,188,-1,95,0,97,-1,97,0,2,-1,99,4,101,-1,101,4,6,-1,103,8,105,-1,105,8,10,-1,107,12,109,-1,109,12,14,-1,111,16,113,-1,113,16,18,-1,115,20,117,-1,117,20,22,-1,119,24,121,-1,121,24,26,-1,123,28,125,-1,125,28,30,-1,127,32,129,-1,129,32,34,-1,131,36,133,-1,133,36,38,-1,135,40,137,-1,137,40,42,-1,139,44,141,-1,141,44,46,-1,143,48,145,-1,145,48,50,-1,147,52,149,-1,149,52,54,-1,151,56,153,-1,153,56,58,-1,155,60,157,-1,157,60,62,-1,159,64,161,-1,161,64,66,-1,163,68,165,-1,165,68,70,-1,167,72,169,-1,169,72,74,-1,171,76,173,-1,173,76,78,-1,175,80,177,-1,177,80,82,-1,179,84,181,-1,181,84,86,-1,187,91,182,-1,182,91,89,-1,189,190,191,-1,191,190,192,-1,193,194,195,-1,195,194,196,-1,190,193,192,-1,192,193,195,-1,197,198,199,-1,199,198,200,-1,200,201,199,-1,199,201,202,-1,199,202,203,-1,203,204,199,-1,199,204,205,-1,199,205,206,-1,206,207,199,-1,199,207,208,-1,199,208,209,-1,209,210,199,-1,199,210,211,-1,199,211,212,-1,212,213,199,-1,199,213,214,-1,199,214,215,-1,215,216,199,-1,199,216,217,-1,199,217,218,-1,218,217,219,-1,218,219,220,-1,220,221,218,-1,218,221,222,-1,218,222,223,-1,223,224,218,-1,218,224,225,-1,218,225,226,-1,226,227,218,-1,218,227,228,-1,218,228,229,-1,229,230,218,-1,218,230,231,-1,218,231,232,-1,232,233,218,-1,218,233,234,-1,218,234,235,-1,235,236,218,-1,218,236,237,-1,218,237,238,-1,197,199,239,-1,239,199,240,-1,239,240,241,-1,241,240,242,-1,90,92,243,-1,243,92,244,-1,243,244,238,-1,238,244,218,-1,245,246,247,-1,247,246,248,-1,249,185,250,-1,250,185,184,-1,251,252,253,-1,253,252,254,-1,187,188,91,-1,91,188,93,-1,241,242,252,-1,255,256,257,-1,257,256,241,-1,257,241,251,-1,251,241,252,-1,258,246,245,-1,254,258,253,-1,253,258,245,-1,253,245,259,-1,259,245,260,-1,259,260,261,-1,262,186,185,-1,263,262,264,-1,264,262,185,-1,264,185,249,-1,265,266,267,-1,263,268,262,-1,262,268,269,-1,262,269,270,-1,271,272,273,-1,274,275,270,-1,270,275,276,-1,270,276,262,-1,262,276,277,-1,278,279,280,-1,281,282,283,-1,284,285,286,-1,287,288,289,-1,289,288,290,-1,289,290,291,-1,258,289,246,-1,246,289,291,-1,246,291,248,-1,248,291,292,-1,293,294,289,-1,295,296,297,-1,298,299,300,-1,301,302,303,-1,303,287,301,-1,301,287,289,-1,301,289,304,-1,304,289,294,-1,304,294,305,-1,305,294,306,-1,307,308,309,-1,309,308,310,-1,289,311,312,-1,280,311,278,-1,278,311,289,-1,278,289,313,-1,314,315,289,-1,297,314,295,-1,295,314,289,-1,295,289,316,-1,316,289,312,-1,316,312,317,-1,317,312,318,-1,319,320,277,-1,277,320,321,-1,277,321,262,-1,262,321,309,-1,262,309,289,-1,289,309,310,-1,289,310,322,-1,323,324,322,-1,322,324,325,-1,322,325,289,-1,289,325,326,-1,327,328,289,-1,329,330,289,-1,273,313,271,-1,271,313,289,-1,271,289,331,-1,331,289,326,-1,331,326,332,-1,332,326,333,-1,334,289,335,-1,335,289,328,-1,335,328,336,-1,336,328,337,-1,289,338,339,-1,283,329,281,-1,281,329,289,-1,281,289,340,-1,340,289,334,-1,340,334,341,-1,341,334,342,-1,300,293,298,-1,298,293,289,-1,298,289,343,-1,343,289,330,-1,343,330,344,-1,344,330,345,-1,346,347,315,-1,315,347,348,-1,315,348,289,-1,289,348,349,-1,350,351,349,-1,349,351,352,-1,349,352,289,-1,289,352,353,-1,354,355,353,-1,353,355,356,-1,353,356,289,-1,289,356,357,-1,358,359,357,-1,357,359,360,-1,357,360,289,-1,289,360,284,-1,289,284,338,-1,338,284,286,-1,267,327,265,-1,265,327,289,-1,265,289,361,-1,361,289,339,-1,361,339,362,-1,362,339,363,-1,264,249,250,-1,364,365,292,-1,292,365,366,-1,367,368,369,-1,250,370,264,-1,264,370,371,-1,264,371,372,-1,366,373,292,-1,292,373,374,-1,292,374,375,-1,369,376,367,-1,367,376,377,-1,367,377,378,-1,372,379,264,-1,264,379,380,-1,264,380,381,-1,381,382,264,-1,264,382,383,-1,264,383,367,-1,367,383,384,-1,367,384,368,-1,247,248,385,-1,385,248,292,-1,385,292,386,-1,386,292,375,-1,378,387,367,-1,367,387,388,-1,367,388,389,-1,389,390,367,-1,367,390,391,-1,367,391,392,-1,392,391,393,-1,392,393,394,-1,394,395,392,-1,392,395,396,-1,392,396,397,-1,397,398,392,-1,392,398,399,-1,392,399,400,-1,400,401,392,-1,392,401,402,-1,392,402,292,-1,292,402,403,-1,292,403,364,-1,244,240,218,-1,218,240,199,-1,
        ]
    }
}
Shape{
    appearance Appearance {
        material  Material 	{
            diffuseColor 0.20784313725490197 0.20784313725490197 0.20784313725490197
            specularColor 0.01568627450980392 0.01568627450980392 0.01568627450980392
            ambientIntensity 0.2
            transparency 0
            shininess 0.5
        }
    }
    geometry IndexedFaceSet {
        ccw TRUE
        solid FALSE
        coord DEF co Coordinate {
            point [
                2.4803 -0.3937 0.0, 2.4803 -0.3189 0.0, 3.1398 -0.3189 0.0, 2.4705 0.3189 0.0, 2.4705 0.3937 0.0, 3.1398 0.3189 0.0, 3.4744 0.3937 0.0, 3.4744 -0.3937 0.0, 3.3563 -0.3937 0.5118, 2.5591 -0.3937 0.5118, 2.4803 -0.3937 0.4331, 3.4744 -0.3937 0.3937, 3.4704 -0.3937 0.4243, 3.4586 -0.3937 0.4528, 3.4398 -0.3937 0.4772, 3.3869 -0.3937 0.5078, 3.4154 -0.3937 0.496, -3.4744 0.3937 0.3937, -3.4744 0.3937 0.0, -3.4744 -0.3937 0.3937, -3.4744 -0.3937 0.0, -2.4803 -0.3937 0.0, -2.4803 -0.3937 0.4331, -2.5591 -0.3937 0.5118, -3.3563 -0.3937 0.5118, -3.4154 -0.3937 0.496, -3.4398 -0.3937 0.4772, -3.3869 -0.3937 0.5078, -3.4586 -0.3937 0.4528, -3.4704 -0.3937 0.4243, 3.4744 0.3937 0.3937, 2.5591 0.0787 0.5118, 3.3563 0.3937 0.5118, -2.5591 0.0787 0.5118, -3.3563 0.3937 0.5118, -2.4705 0.3937 0.0, -2.4705 0.3189 0.0, -3.1398 0.3189 0.0, -2.4803 -0.3189 0.0, -3.1398 -0.3189 0.0, 2.4803 0.0787 0.4331, 2.4803 0.0787 0.0, -2.4803 0.0787 0.0, -2.4803 0.0787 0.4331, -3.4704 0.3937 0.4243, -3.4586 0.3937 0.4528, -3.4398 0.3937 0.4772, -3.4154 0.3937 0.496, -3.3869 0.3937 0.5078, 3.4704 0.3937 0.4243, 3.4586 0.3937 0.4528, 3.4398 0.3937 0.4772, 3.4154 0.3937 0.496, 3.3869 0.3937 0.5078, 3.3869 0.3937 0.5078
            ]
        }
        coordIndex [
            0,1,2,-1,3,4,5,-1,5,4,6,-1,5,6,2,-1,2,6,7,-1,2,7,0,-1,8,9,10,-1,0,7,10,-1,10,7,11,-1,10,11,8,-1,8,11,12,-1,12,13,8,-1,8,13,14,-1,8,14,15,-1,15,14,16,-1,17,18,19,-1,19,18,20,-1,19,20,21,-1,21,22,19,-1,19,22,23,-1,19,23,24,-1,25,26,27,-1,27,26,28,-1,27,28,24,-1,24,28,29,-1,24,29,19,-1,11,7,30,-1,30,7,6,-1,9,8,31,-1,31,8,32,-1,31,32,33,-1,33,32,34,-1,33,34,23,-1,23,34,24,-1,35,36,37,-1,38,21,39,-1,39,21,20,-1,39,20,37,-1,37,20,18,-1,37,18,35,-1,0,10,1,-1,1,10,40,-1,1,40,41,-1,42,43,38,-1,38,43,22,-1,38,22,21,-1,31,33,43,-1,42,41,43,-1,43,41,40,-1,43,40,31,-1,23,22,33,-1,33,22,43,-1,31,40,9,-1,9,40,10,-1,17,19,29,-1,17,29,44,-1,44,29,28,-1,44,28,45,-1,45,28,26,-1,45,26,46,-1,46,26,25,-1,46,25,47,-1,47,25,27,-1,47,27,48,-1,48,27,24,-1,48,24,34,-1,11,30,49,-1,11,49,12,-1,12,49,50,-1,12,50,13,-1,13,50,51,-1,13,51,14,-1,14,51,52,-1,14,52,16,-1,16,52,53,-1,16,53,15,-1,15,53,32,-1,15,32,8,-1,
        ]
    }
}
Shape{
    appearance Appearance {
        material  Material 	{
            diffuseColor 0.5882352941176471 0.5725490196078431 0.5254901960784314
            specularColor 0.043137254901960784 0.0392156862745098 0.0392156862745098
            ambientIntensity 0.2
            transparency 0
            shininess 0.5
        }
    }
    geometry IndexedFaceSet {
        ccw TRUE
        solid FALSE
        coord DEF co Coordinate {
            point [
                -2.4016 -0.3976 0.5118, -2.4016 -0.2402 0.5118, -2.4016 -0.3976 0.0, -2.4016 -0.122 0.3072, -2.4016 -0.122 0.0, 2.4016 -0.122 0.0, 2.3031 -0.122 0.0, 2.4016 -0.122 0.3072, 2.3031 -0.122 0.2589, 2.2244 -0.122 0.2589, 2.2244 -0.122 0.0, 2.1063 -0.122 0.0, 2.1063 -0.122 0.2589, 2.0276 -0.122 0.2589, 2.0276 -0.122 0.0, 1.9094 -0.122 0.0, 1.9094 -0.122 0.2589, 1.8307 -0.122 0.2589, 1.8307 -0.122 0.0, 1.7126 -0.122 0.0, 1.7126 -0.122 0.2589, 1.6339 -0.122 0.2589, 1.6339 -0.122 0.0, 1.5157 -0.122 0.0, 1.5157 -0.122 0.2589, 1.437 -0.122 0.2589, 1.437 -0.122 0.0, 1.3189 -0.122 0.0, 1.3189 -0.122 0.2589, 1.2402 -0.122 0.2589, 0.8465 -0.122 0.2589, 0.8465 -0.122 0.0, 0.7283 -0.122 0.0, 1.2402 -0.122 0.0, 1.122 -0.122 0.0, 1.122 -0.122 0.2589, 1.0433 -0.122 0.2589, 0.2559 -0.122 0.2589, 0.2559 -0.122 0.0, 0.1378 -0.122 0.0, 0.7283 -0.122 0.2589, 0.6496 -0.122 0.2589, 1.0433 -0.122 0.0, 0.9252 -0.122 0.0, 0.9252 -0.122 0.2589, -1.5157 -0.122 0.2589, -1.5157 -0.122 0.0, -1.6339 -0.122 0.0, -1.6339 -0.122 0.2589, -1.7126 -0.122 0.2589, 0.0591 -0.122 0.0, -0.0591 -0.122 0.0, 0.0591 -0.122 0.2589, -0.0591 -0.122 0.2589, 0.6496 -0.122 0.0, 0.5315 -0.122 0.0, 0.5315 -0.122 0.2589, 0.4528 -0.122 0.2589, -0.1378 -0.122 0.2589, 0.1378 -0.122 0.2589, -1.9094 -0.122 0.2589, -1.9094 -0.122 0.0, -2.0276 -0.122 0.0, 0.4528 -0.122 0.0, 0.3346 -0.122 0.0, 0.3346 -0.122 0.2589, -0.5315 -0.122 0.2589, -0.5315 -0.122 0.0, -0.6496 -0.122 0.0, -2.0276 -0.122 0.2589, -2.1063 -0.122 0.2589, -1.8307 -0.122 0.2589, -1.8307 -0.122 0.0, -1.7126 -0.122 0.0, -0.6496 -0.122 0.2589, -0.7283 -0.122 0.2589, -0.9252 -0.122 0.2589, -0.9252 -0.122 0.0, -1.0433 -0.122 0.0, -2.3031 -0.122 0.0, -2.3031 -0.122 0.2589, -2.2244 -0.122 0.2589, -2.2244 -0.122 0.0, -2.1063 -0.122 0.0, -1.0433 -0.122 0.2589, -1.122 -0.122 0.2589, -0.1378 -0.122 0.0, -0.2559 -0.122 0.0, -0.2559 -0.122 0.2589, -0.3346 -0.122 0.2589, -0.3346 -0.122 0.0, -0.4528 -0.122 0.0, -0.4528 -0.122 0.2589, -1.3189 -0.122 0.2589, -1.2402 -0.122 0.2589, -1.2402 -0.122 0.0, -1.122 -0.122 0.0, -1.437 -0.122 0.2589, -1.437 -0.122 0.0, -1.3189 -0.122 0.0, -0.7283 -0.122 0.0, -0.8465 -0.122 0.0, -0.8465 -0.122 0.2589, 2.4016 -0.2402 0.5118, 2.4016 -0.3976 0.5118, 2.4016 -0.3976 0.0, 3.1398 0.3189 -1.1417, 3.1398 -0.3189 -1.1417, 2.3368 0.3189 -1.1417, 2.3368 -0.3189 -1.1417, 1.8297 0.3976 -1.0236, 2.0266 0.3976 -1.0236, 2.0266 0.3583 -1.0236, 0.8455 0.3976 -1.0236, 0.9262 0.3976 -1.0236, 0.9262 0.3583 -1.0236, 0.6486 0.3976 -1.0236, 0.8455 0.3583 -1.0236, -0.2549 0.3976 -1.0236, -0.1388 0.3976 -1.0236, -0.1388 0.3583 -1.0236, -0.3356 0.3976 -1.0236, -0.2549 0.3583 -1.0236, -0.5325 0.3976 -1.0236, -0.3356 0.3583 -1.0236, -0.8455 0.3976 -1.0236, -0.7293 0.3976 -1.0236, -0.7293 0.3583 -1.0236, -0.9262 0.3976 -1.0236, -0.8455 0.3583 -1.0236, -1.123 0.3976 -1.0236, -0.9262 0.3583 -1.0236, -1.5167 0.3976 -1.0236, -1.436 0.3976 -1.0236, -1.436 0.3583 -1.0236, -1.7136 0.3976 -1.0236, -1.5167 0.3583 -1.0236, -2.3051 0.3189 -1.0236, -2.4705 0.3189 -1.0236, -2.4705 0.3583 -1.0236, 2.4705 -0.3189 -1.0236, 2.4705 -0.3976 -1.0236, 2.3868 -0.3189 -1.0236, 2.3868 -0.3976 -1.0236, 2.3051 -0.3189 -1.0236, 2.2234 -0.3976 -1.0236, 2.3031 0.3189 -1.0236, 2.2244 0.3189 -1.0236, 2.2234 0.3583 -1.0236, 2.2244 -0.3189 -1.0236, 2.3031 -0.3189 -1.0236, 2.3051 0.3189 -1.0236, 2.4705 0.3583 -1.0236, 2.4705 0.3189 -1.0236, 2.3868 0.3583 -1.0236, 2.3868 0.3189 -1.0236, -2.2224 -0.3189 -1.0236, -2.1083 -0.3189 -1.0236, -2.1073 -0.3976 -1.0236, -2.1083 0.3189 -1.0236, -2.1073 0.3583 -1.0236, -2.2224 0.3189 -1.0236, -2.4705 -0.3976 -1.0236, -2.4705 -0.3189 -1.0236, -2.3051 -0.3189 -1.0236, -2.2244 -0.3189 -1.0236, -2.3031 -0.3189 -1.0236, -2.3031 0.3189 -1.0236, -2.2244 0.3189 -1.0236, -1.9104 0.3976 -1.0236, -1.9104 0.3583 -1.0236, -2.0266 0.3976 -1.0236, -2.0266 0.3583 -1.0236, -2.1073 0.3976 -1.0236, -2.4705 0.3976 -1.0236, -1.7136 0.3583 -1.0236, -1.8297 0.3976 -1.0236, -1.8297 0.3583 -1.0236, -1.123 0.3583 -1.0236, -1.2392 0.3976 -1.0236, -1.2392 0.3583 -1.0236, -1.3199 0.3976 -1.0236, -1.3199 0.3583 -1.0236, -0.5325 0.3583 -1.0236, -0.6486 0.3976 -1.0236, -0.6486 0.3583 -1.0236, -0.0581 0.3583 -1.0236, -0.0581 0.3976 -1.0236, 0.0581 0.3583 -1.0236, 0.4518 0.3976 -1.0236, 0.4518 0.3583 -1.0236, 0.3356 0.3976 -1.0236, 0.3356 0.3583 -1.0236, 0.0581 0.3976 -1.0236, 0.6486 0.3583 -1.0236, 0.5325 0.3976 -1.0236, 0.5325 0.3583 -1.0236, 1.2392 0.3976 -1.0236, 1.2392 0.3583 -1.0236, 1.123 0.3976 -1.0236, 1.123 0.3583 -1.0236, 1.0423 0.3976 -1.0236, 1.0423 0.3583 -1.0236, 1.6329 0.3976 -1.0236, 1.6329 0.3583 -1.0236, 1.5167 0.3976 -1.0236, 1.5167 0.3583 -1.0236, 1.436 0.3976 -1.0236, 1.436 0.3583 -1.0236, 1.8297 0.3583 -1.0236, 1.7136 0.3976 -1.0236, 1.7136 0.3583 -1.0236, 2.4705 0.3976 -1.0236, 2.3868 0.3976 -1.0236, 2.2234 0.3976 -1.0236, 2.1073 0.3976 -1.0236, 2.1073 0.3583 -1.0236, -2.1063 0.3189 -1.0236, -2.1063 -0.3189 -1.0236, -2.0266 -0.3976 -1.0236, -2.0276 0.3189 -1.0236, -2.0276 -0.3189 -1.0236, -1.9104 -0.3976 -1.0236, -2.0256 -0.3189 -1.0236, -2.0256 0.3189 -1.0236, -1.9114 0.3189 -1.0236, -1.9114 -0.3189 -1.0236, -1.9094 -0.3189 -1.0236, -1.8297 -0.3976 -1.0236, -1.8307 -0.3189 -1.0236, -1.8307 0.3189 -1.0236, -1.9094 0.3189 -1.0236, -1.8287 0.3189 -1.0236, -1.8287 -0.3189 -1.0236, -1.7146 -0.3189 -1.0236, -1.7136 -0.3976 -1.0236, -1.7146 0.3189 -1.0236, -1.5177 -0.3189 -1.0236, -1.5177 0.3189 -1.0236, -1.7126 -0.3189 -1.0236, -1.6339 -0.3189 -1.0236, -1.6319 0.3189 -1.0236, -1.5167 -0.3976 -1.0236, -1.6319 -0.3189 -1.0236, -1.6339 0.3189 -1.0236, -1.7126 0.3189 -1.0236, -1.5157 -0.3189 -1.0236, -1.436 -0.3976 -1.0236, -1.437 -0.3189 -1.0236, -1.437 0.3189 -1.0236, -1.5157 0.3189 -1.0236, -1.435 0.3189 -1.0236, -1.435 -0.3189 -1.0236, -1.3209 -0.3189 -1.0236, -1.3199 -0.3976 -1.0236, -1.3209 0.3189 -1.0236, -1.2402 0.3189 -1.0236, -1.3189 0.3189 -1.0236, -1.3189 -0.3189 -1.0236, -1.2402 -0.3189 -1.0236, -1.2392 -0.3976 -1.0236, -1.2382 0.3189 -1.0236, -1.2382 -0.3189 -1.0236, -1.124 -0.3189 -1.0236, -1.123 -0.3976 -1.0236, -1.124 0.3189 -1.0236, -1.0413 -0.3189 -1.0236, -0.9272 -0.3189 -1.0236, -0.9262 -0.3976 -1.0236, -0.9272 0.3189 -1.0236, -1.0413 0.3189 -1.0236, -1.122 -0.3189 -1.0236, -1.0433 -0.3189 -1.0236, -1.0433 0.3189 -1.0236, -1.122 0.3189 -1.0236, -0.9252 0.3189 -1.0236, -0.9252 -0.3189 -1.0236, -0.8465 -0.3189 -1.0236, -0.8455 -0.3976 -1.0236, -0.8465 0.3189 -1.0236, -0.8445 0.3189 -1.0236, -0.8445 -0.3189 -1.0236, -0.7303 -0.3189 -1.0236, -0.7293 -0.3976 -1.0236, -0.7303 0.3189 -1.0236, -0.7283 0.3189 -1.0236, -0.7283 -0.3189 -1.0236, -0.6496 -0.3189 -1.0236, -0.6486 -0.3976 -1.0236, -0.6496 0.3189 -1.0236, -0.6476 0.3189 -1.0236, -0.6476 -0.3189 -1.0236, -0.5335 -0.3189 -1.0236, -0.5325 -0.3976 -1.0236, -0.5335 0.3189 -1.0236, -0.3366 -0.3189 -1.0236, -0.3366 0.3189 -1.0236, -0.5315 -0.3189 -1.0236, -0.4528 -0.3189 -1.0236, -0.4508 0.3189 -1.0236, -0.3356 -0.3976 -1.0236, -0.4508 -0.3189 -1.0236, -0.4528 0.3189 -1.0236, -0.5315 0.3189 -1.0236, -0.3346 -0.3189 -1.0236, -0.2549 -0.3976 -1.0236, -0.2559 -0.3189 -1.0236, -0.2559 0.3189 -1.0236, -0.3346 0.3189 -1.0236, -0.2539 0.3189 -1.0236, -0.2539 -0.3189 -1.0236, -0.1398 -0.3189 -1.0236, -0.1388 -0.3976 -1.0236, -0.1398 0.3189 -1.0236, -0.0591 0.3189 -1.0236, -0.1378 0.3189 -1.0236, -0.1378 -0.3189 -1.0236, -0.0591 -0.3189 -1.0236, -0.0581 -0.3976 -1.0236, -0.0571 0.3189 -1.0236, -0.0571 -0.3189 -1.0236, 0.0571 0.3189 -1.0236, 0.0571 -0.3189 -1.0236, 0.0581 -0.3976 -1.0236, 0.3346 -0.3189 -1.0236, 0.3346 0.3189 -1.0236, 0.2559 0.3189 -1.0236, 0.1398 -0.3189 -1.0236, 0.3356 -0.3976 -1.0236, 0.2539 -0.3189 -1.0236, 0.1378 0.3189 -1.0236, 0.0591 0.3189 -1.0236, 0.0591 -0.3189 -1.0236, 0.1378 -0.3189 -1.0236, 0.1398 0.3189 -1.0236, 0.2539 0.3189 -1.0236, 0.2559 -0.3189 -1.0236, 0.4518 -0.3976 -1.0236, 0.3366 -0.3189 -1.0236, 0.3366 0.3189 -1.0236, 0.4508 0.3189 -1.0236, 0.4508 -0.3189 -1.0236, 0.4528 -0.3189 -1.0236, 0.5325 -0.3976 -1.0236, 0.5315 -0.3189 -1.0236, 0.5315 0.3189 -1.0236, 0.4528 0.3189 -1.0236, 0.5335 0.3189 -1.0236, 0.5335 -0.3189 -1.0236, 0.6476 -0.3189 -1.0236, 0.6486 -0.3976 -1.0236, 0.6476 0.3189 -1.0236, 0.7303 -0.3189 -1.0236, 0.8445 -0.3189 -1.0236, 0.8455 -0.3976 -1.0236, 0.6496 -0.3189 -1.0236, 0.7283 -0.3189 -1.0236, 0.8445 0.3189 -1.0236, 0.7303 0.3189 -1.0236, 0.7283 0.3189 -1.0236, 0.6496 0.3189 -1.0236, 0.8465 0.3189 -1.0236, 0.8465 -0.3189 -1.0236, 0.9252 -0.3189 -1.0236, 0.9262 -0.3976 -1.0236, 0.9252 0.3189 -1.0236, 0.9272 0.3189 -1.0236, 0.9272 -0.3189 -1.0236, 1.0413 -0.3189 -1.0236, 1.0423 -0.3976 -1.0236, 1.0413 0.3189 -1.0236, 1.122 0.3189 -1.0236, 1.0433 0.3189 -1.0236, 1.0433 -0.3189 -1.0236, 1.122 -0.3189 -1.0236, 1.123 -0.3976 -1.0236, 1.124 0.3189 -1.0236, 1.124 -0.3189 -1.0236, 1.2382 -0.3189 -1.0236, 1.2392 -0.3976 -1.0236, 1.2382 0.3189 -1.0236, 1.3209 -0.3189 -1.0236, 1.435 -0.3189 -1.0236, 1.436 -0.3976 -1.0236, 1.435 0.3189 -1.0236, 1.2402 -0.3189 -1.0236, 1.3189 -0.3189 -1.0236, 1.3209 0.3189 -1.0236, 1.3189 0.3189 -1.0236, 1.2402 0.3189 -1.0236, 1.437 0.3189 -1.0236, 1.437 -0.3189 -1.0236, 1.5167 -0.3976 -1.0236, 1.5157 0.3189 -1.0236, 1.5157 -0.3189 -1.0236, 1.6329 -0.3976 -1.0236, 1.5177 -0.3189 -1.0236, 1.5177 0.3189 -1.0236, 1.6319 0.3189 -1.0236, 1.6319 -0.3189 -1.0236, 1.6339 -0.3189 -1.0236, 1.7136 -0.3976 -1.0236, 1.7126 -0.3189 -1.0236, 1.7126 0.3189 -1.0236, 1.6339 0.3189 -1.0236, 1.7146 0.3189 -1.0236, 1.7146 -0.3189 -1.0236, 1.8287 -0.3189 -1.0236, 1.8297 -0.3976 -1.0236, 1.8287 0.3189 -1.0236, 2.0256 -0.3189 -1.0236, 2.0256 0.3189 -1.0236, 1.8307 -0.3189 -1.0236, 1.9094 -0.3189 -1.0236, 1.9114 0.3189 -1.0236, 2.0266 -0.3976 -1.0236, 1.9114 -0.3189 -1.0236, 1.9094 0.3189 -1.0236, 1.8307 0.3189 -1.0236, 2.0276 -0.3189 -1.0236, 2.1073 -0.3976 -1.0236, 2.1063 -0.3189 -1.0236, 2.1063 0.3189 -1.0236, 2.0276 0.3189 -1.0236, 2.1083 0.3189 -1.0236, 2.1083 -0.3189 -1.0236, 2.2224 0.3189 -1.0236, 2.2224 -0.3189 -1.0236, 2.1908 0.3189 -1.1417, 2.1908 -0.3189 -1.1417, -2.3368 0.3189 -1.1417, -2.3368 -0.3189 -1.1417, -2.1908 0.3189 -1.1417, -2.1908 -0.3189 -1.1417, -2.1399 0.3189 -1.1417, -2.1399 -0.3189 -1.1417, -1.9939 0.3189 -1.1417, -1.9939 -0.3189 -1.1417, -1.9431 0.3189 -1.1417, -1.9431 -0.3189 -1.1417, -1.7971 0.3189 -1.1417, -1.7971 -0.3189 -1.1417, -1.7462 0.3189 -1.1417, -1.7462 -0.3189 -1.1417, -1.6002 0.3189 -1.1417, -1.6002 -0.3189 -1.1417, -1.5494 0.3189 -1.1417, -1.5494 -0.3189 -1.1417, -1.4034 0.3189 -1.1417, -1.4034 -0.3189 -1.1417, -1.3525 0.3189 -1.1417, -1.3525 -0.3189 -1.1417, -1.2065 0.3189 -1.1417, -1.2065 -0.3189 -1.1417, -1.1557 0.3189 -1.1417, -1.1557 -0.3189 -1.1417, -1.0097 0.3189 -1.1417, -1.0097 -0.3189 -1.1417, -0.9588 0.3189 -1.1417, -0.9588 -0.3189 -1.1417, -0.8128 0.3189 -1.1417, -0.8128 -0.3189 -1.1417, -0.762 0.3189 -1.1417, -0.762 -0.3189 -1.1417, -0.616 0.3189 -1.1417, -0.616 -0.3189 -1.1417, -0.5651 0.3189 -1.1417, -0.5651 -0.3189 -1.1417, -0.4191 0.3189 -1.1417, -0.4191 -0.3189 -1.1417, -0.3683 0.3189 -1.1417, -0.3683 -0.3189 -1.1417, -0.2223 0.3189 -1.1417, -0.2223 -0.3189 -1.1417, -0.1714 0.3189 -1.1417, -0.1714 -0.3189 -1.1417, -0.0254 0.3189 -1.1417, -0.0254 -0.3189 -1.1417, 0.0254 0.3189 -1.1417, 0.0254 -0.3189 -1.1417, 0.1714 0.3189 -1.1417, 0.1714 -0.3189 -1.1417, 0.2223 0.3189 -1.1417, 0.2223 -0.3189 -1.1417, 0.3683 0.3189 -1.1417, 0.3683 -0.3189 -1.1417, 0.4191 0.3189 -1.1417, 0.4191 -0.3189 -1.1417, 0.5651 0.3189 -1.1417, 0.5651 -0.3189 -1.1417, 0.616 0.3189 -1.1417, 0.616 -0.3189 -1.1417, 0.762 0.3189 -1.1417, 0.762 -0.3189 -1.1417, 0.8128 0.3189 -1.1417, 0.8128 -0.3189 -1.1417, 0.9588 0.3189 -1.1417, 0.9588 -0.3189 -1.1417, 1.0097 0.3189 -1.1417, 1.0097 -0.3189 -1.1417, 1.1557 0.3189 -1.1417, 1.1557 -0.3189 -1.1417, 1.2065 0.3189 -1.1417, 1.2065 -0.3189 -1.1417, 1.3525 0.3189 -1.1417, 1.3525 -0.3189 -1.1417, 1.4034 0.3189 -1.1417, 1.4034 -0.3189 -1.1417, 1.5494 0.3189 -1.1417, 1.5494 -0.3189 -1.1417, 1.6002 0.3189 -1.1417, 1.6002 -0.3189 -1.1417, 1.7462 0.3189 -1.1417, 1.7462 -0.3189 -1.1417, 1.7971 0.3189 -1.1417, 1.7971 -0.3189 -1.1417, 1.9431 0.3189 -1.1417, 1.9431 -0.3189 -1.1417, 1.9939 0.3189 -1.1417, 1.9939 -0.3189 -1.1417, 2.1399 0.3189 -1.1417, 2.1399 -0.3189 -1.1417, 2.1399 -0.3189 -1.1417
            ]
        }
        coordIndex [
            0,1,2,-1,2,1,3,-1,2,3,4,-1,5,6,7,-1,7,6,8,-1,7,8,9,-1,10,11,9,-1,9,11,12,-1,9,12,7,-1,7,12,13,-1,14,15,13,-1,13,15,16,-1,13,16,7,-1,7,16,17,-1,18,19,17,-1,17,19,20,-1,17,20,7,-1,7,20,21,-1,22,23,21,-1,21,23,24,-1,21,24,7,-1,7,24,25,-1,26,27,25,-1,25,27,28,-1,25,28,7,-1,7,28,29,-1,30,31,32,-1,33,34,29,-1,29,34,35,-1,29,35,7,-1,7,35,36,-1,37,38,39,-1,40,41,7,-1,42,43,36,-1,36,43,44,-1,36,44,7,-1,7,44,30,-1,7,30,40,-1,40,30,32,-1,45,46,47,-1,48,49,3,-1,50,51,52,-1,52,51,53,-1,54,55,41,-1,41,55,56,-1,41,56,7,-1,7,56,57,-1,58,3,53,-1,53,3,7,-1,53,7,52,-1,52,7,59,-1,60,61,62,-1,63,64,57,-1,57,64,65,-1,57,65,7,-1,7,65,37,-1,7,37,59,-1,59,37,39,-1,66,67,68,-1,69,70,3,-1,62,69,60,-1,60,69,3,-1,60,3,71,-1,71,3,49,-1,71,49,72,-1,72,49,73,-1,74,75,3,-1,76,77,78,-1,79,4,80,-1,80,4,3,-1,80,3,81,-1,81,3,70,-1,81,70,82,-1,82,70,83,-1,84,85,3,-1,86,87,58,-1,58,87,88,-1,58,88,3,-1,3,88,89,-1,90,91,89,-1,89,91,92,-1,89,92,3,-1,3,92,66,-1,3,66,74,-1,74,66,68,-1,93,3,94,-1,94,3,85,-1,94,85,95,-1,95,85,96,-1,47,48,45,-1,45,48,3,-1,45,3,97,-1,97,3,93,-1,97,93,98,-1,98,93,99,-1,100,101,75,-1,75,101,102,-1,75,102,3,-1,3,102,76,-1,3,76,84,-1,84,76,78,-1,103,104,7,-1,7,104,105,-1,7,105,5,-1,1,0,103,-1,103,0,104,-1,103,7,1,-1,1,7,3,-1,106,107,108,-1,108,107,109,-1,110,111,112,-1,113,114,115,-1,116,113,117,-1,118,119,120,-1,121,118,122,-1,123,121,124,-1,125,126,127,-1,128,125,129,-1,130,128,131,-1,132,133,134,-1,135,132,136,-1,137,138,139,-1,140,141,142,-1,142,141,143,-1,142,143,144,-1,144,143,145,-1,146,147,148,-1,148,147,149,-1,148,149,145,-1,145,149,150,-1,145,150,144,-1,144,150,151,-1,152,153,154,-1,154,153,155,-1,154,155,148,-1,148,155,151,-1,148,151,146,-1,146,151,150,-1,156,157,158,-1,157,159,160,-1,160,159,161,-1,160,161,139,-1,162,163,164,-1,165,162,166,-1,166,162,164,-1,166,164,167,-1,164,137,167,-1,167,137,139,-1,167,139,168,-1,168,139,161,-1,168,161,165,-1,165,161,156,-1,165,156,162,-1,162,156,158,-1,169,170,171,-1,171,170,172,-1,171,172,173,-1,173,172,160,-1,173,160,174,-1,174,160,139,-1,135,175,176,-1,176,175,177,-1,176,177,169,-1,130,178,179,-1,179,178,180,-1,179,180,181,-1,181,180,182,-1,181,182,133,-1,123,183,184,-1,184,183,185,-1,184,185,126,-1,120,119,186,-1,186,119,187,-1,186,187,188,-1,189,190,191,-1,191,190,192,-1,191,192,193,-1,116,194,195,-1,195,194,196,-1,195,196,189,-1,197,198,199,-1,199,198,200,-1,199,200,201,-1,201,200,202,-1,201,202,114,-1,203,204,205,-1,205,204,206,-1,205,206,207,-1,207,206,208,-1,207,208,197,-1,110,209,210,-1,210,209,211,-1,210,211,203,-1,212,152,213,-1,213,152,154,-1,213,154,214,-1,214,154,148,-1,214,148,215,-1,215,148,216,-1,215,216,111,-1,160,217,218,-1,157,160,158,-1,158,160,218,-1,158,218,219,-1,217,160,220,-1,220,160,172,-1,220,172,221,-1,222,219,223,-1,218,221,219,-1,219,221,172,-1,219,172,223,-1,223,172,224,-1,224,172,225,-1,225,172,170,-1,225,170,226,-1,222,227,228,-1,228,227,229,-1,169,177,170,-1,170,177,230,-1,170,230,231,-1,223,226,222,-1,222,226,170,-1,222,170,227,-1,227,170,231,-1,177,232,233,-1,234,235,233,-1,233,235,228,-1,233,228,177,-1,177,228,229,-1,177,229,230,-1,232,177,236,-1,236,177,175,-1,236,175,234,-1,237,238,136,-1,234,175,235,-1,235,175,239,-1,235,239,240,-1,135,136,175,-1,175,136,238,-1,175,238,241,-1,242,235,243,-1,243,235,240,-1,243,240,241,-1,241,240,244,-1,241,244,175,-1,175,244,245,-1,175,245,239,-1,242,246,247,-1,247,246,248,-1,132,134,136,-1,136,134,249,-1,136,249,250,-1,243,237,242,-1,242,237,136,-1,242,136,246,-1,246,136,250,-1,134,251,252,-1,253,254,252,-1,252,254,247,-1,252,247,134,-1,134,247,248,-1,134,248,249,-1,133,182,134,-1,134,182,255,-1,134,255,251,-1,180,256,182,-1,182,256,257,-1,182,257,258,-1,259,260,258,-1,258,260,254,-1,258,254,182,-1,182,254,253,-1,182,253,255,-1,180,261,262,-1,263,264,262,-1,262,264,260,-1,262,260,180,-1,180,260,259,-1,180,259,256,-1,261,180,265,-1,265,180,178,-1,265,178,263,-1,266,267,268,-1,130,131,178,-1,178,131,269,-1,178,269,270,-1,263,178,264,-1,264,178,271,-1,264,271,272,-1,268,264,266,-1,266,264,272,-1,266,272,270,-1,270,272,273,-1,270,273,178,-1,178,273,274,-1,178,274,271,-1,131,275,276,-1,277,278,276,-1,276,278,268,-1,276,268,131,-1,131,268,267,-1,131,267,269,-1,128,129,131,-1,131,129,279,-1,131,279,275,-1,129,280,281,-1,282,283,281,-1,281,283,278,-1,281,278,129,-1,129,278,277,-1,129,277,279,-1,125,127,129,-1,129,127,284,-1,129,284,280,-1,127,285,286,-1,287,288,286,-1,286,288,283,-1,286,283,127,-1,127,283,282,-1,127,282,284,-1,126,185,127,-1,127,185,289,-1,127,289,285,-1,185,290,291,-1,292,293,291,-1,291,293,288,-1,291,288,185,-1,185,288,287,-1,185,287,289,-1,290,185,294,-1,294,185,183,-1,294,183,292,-1,295,296,124,-1,292,183,293,-1,293,183,297,-1,293,297,298,-1,123,124,183,-1,183,124,296,-1,183,296,299,-1,300,293,301,-1,301,293,298,-1,301,298,299,-1,299,298,302,-1,299,302,183,-1,183,302,303,-1,183,303,297,-1,300,304,305,-1,305,304,306,-1,121,122,124,-1,124,122,307,-1,124,307,308,-1,301,295,300,-1,300,295,124,-1,300,124,304,-1,304,124,308,-1,122,309,310,-1,311,312,310,-1,310,312,305,-1,310,305,122,-1,122,305,306,-1,122,306,307,-1,118,120,122,-1,122,120,313,-1,122,313,309,-1,186,314,120,-1,120,314,315,-1,120,315,316,-1,317,318,316,-1,316,318,312,-1,316,312,120,-1,120,312,311,-1,120,311,313,-1,186,319,320,-1,319,186,321,-1,321,186,188,-1,321,188,322,-1,322,188,323,-1,322,323,320,-1,320,323,318,-1,320,318,186,-1,186,318,317,-1,186,317,314,-1,324,325,192,-1,187,193,188,-1,188,193,192,-1,188,192,326,-1,326,192,325,-1,323,327,328,-1,328,327,329,-1,330,331,188,-1,188,331,332,-1,188,332,323,-1,323,332,333,-1,323,333,327,-1,327,333,334,-1,333,330,334,-1,334,330,188,-1,334,188,335,-1,335,188,326,-1,335,326,329,-1,329,326,336,-1,329,336,328,-1,337,328,338,-1,336,324,328,-1,328,324,192,-1,328,192,338,-1,338,192,339,-1,339,192,340,-1,340,192,190,-1,340,190,341,-1,337,342,343,-1,343,342,344,-1,189,196,190,-1,190,196,345,-1,190,345,346,-1,338,341,337,-1,337,341,190,-1,337,190,342,-1,342,190,346,-1,196,347,348,-1,349,350,348,-1,348,350,343,-1,348,343,196,-1,196,343,344,-1,196,344,345,-1,347,196,351,-1,351,196,194,-1,351,194,349,-1,352,353,354,-1,349,194,350,-1,350,194,355,-1,350,355,356,-1,116,117,194,-1,194,117,357,-1,194,357,358,-1,354,350,352,-1,352,350,356,-1,352,356,358,-1,358,356,359,-1,358,359,194,-1,194,359,360,-1,194,360,355,-1,117,361,362,-1,363,364,362,-1,362,364,354,-1,362,354,117,-1,117,354,353,-1,117,353,357,-1,113,115,117,-1,117,115,365,-1,117,365,361,-1,115,366,367,-1,368,369,367,-1,367,369,364,-1,367,364,115,-1,115,364,363,-1,115,363,365,-1,114,202,115,-1,115,202,370,-1,115,370,366,-1,200,371,202,-1,202,371,372,-1,202,372,373,-1,374,375,373,-1,373,375,369,-1,373,369,202,-1,202,369,368,-1,202,368,370,-1,200,376,377,-1,378,379,377,-1,377,379,375,-1,377,375,200,-1,200,375,374,-1,200,374,371,-1,376,200,380,-1,380,200,198,-1,380,198,378,-1,381,382,383,-1,382,384,208,-1,378,198,379,-1,379,198,385,-1,379,385,386,-1,197,208,198,-1,198,208,384,-1,198,384,387,-1,383,379,381,-1,381,379,386,-1,381,386,387,-1,387,386,388,-1,387,388,198,-1,198,388,389,-1,198,389,385,-1,208,390,391,-1,382,208,383,-1,383,208,391,-1,383,391,392,-1,390,208,393,-1,393,208,206,-1,393,206,394,-1,395,392,396,-1,391,394,392,-1,392,394,206,-1,392,206,396,-1,396,206,397,-1,397,206,398,-1,398,206,204,-1,398,204,399,-1,395,400,401,-1,401,400,402,-1,203,211,204,-1,204,211,403,-1,204,403,404,-1,396,399,395,-1,395,399,204,-1,395,204,400,-1,400,204,404,-1,211,405,406,-1,407,408,406,-1,406,408,401,-1,406,401,211,-1,211,401,402,-1,211,402,403,-1,405,211,409,-1,409,211,209,-1,409,209,407,-1,410,411,112,-1,407,209,408,-1,408,209,412,-1,408,412,413,-1,110,112,209,-1,209,112,411,-1,209,411,414,-1,415,408,416,-1,416,408,413,-1,416,413,414,-1,414,413,417,-1,414,417,209,-1,209,417,418,-1,209,418,412,-1,415,419,420,-1,420,419,421,-1,111,216,112,-1,112,216,422,-1,112,422,423,-1,416,410,415,-1,415,410,112,-1,415,112,419,-1,419,112,423,-1,216,424,425,-1,424,216,426,-1,426,216,148,-1,426,148,427,-1,427,148,145,-1,427,145,425,-1,425,145,420,-1,425,420,216,-1,216,420,421,-1,216,421,422,-1,428,426,429,-1,429,426,427,-1,151,108,144,-1,144,108,109,-1,430,137,431,-1,431,137,164,-1,161,432,156,-1,156,432,433,-1,434,159,435,-1,435,159,157,-1,224,436,223,-1,223,436,437,-1,438,225,439,-1,439,225,226,-1,232,440,233,-1,233,440,441,-1,442,236,443,-1,443,236,234,-1,241,444,243,-1,243,444,445,-1,446,238,447,-1,447,238,237,-1,251,448,252,-1,252,448,449,-1,450,255,451,-1,451,255,253,-1,261,452,262,-1,262,452,453,-1,454,265,455,-1,455,265,263,-1,270,456,266,-1,266,456,457,-1,458,269,459,-1,459,269,267,-1,280,460,281,-1,281,460,461,-1,462,284,463,-1,463,284,282,-1,290,464,291,-1,291,464,465,-1,466,294,467,-1,467,294,292,-1,299,468,301,-1,301,468,469,-1,470,296,471,-1,471,296,295,-1,309,472,310,-1,310,472,473,-1,474,313,475,-1,475,313,311,-1,319,476,320,-1,320,476,477,-1,478,321,479,-1,479,321,322,-1,334,480,327,-1,327,480,481,-1,482,335,483,-1,483,335,329,-1,339,484,338,-1,338,484,485,-1,486,340,487,-1,487,340,341,-1,347,488,348,-1,348,488,489,-1,490,351,491,-1,491,351,349,-1,358,492,352,-1,352,492,493,-1,494,357,495,-1,495,357,353,-1,366,496,367,-1,367,496,497,-1,498,370,499,-1,499,370,368,-1,376,500,377,-1,377,500,501,-1,502,380,503,-1,503,380,378,-1,387,504,381,-1,381,504,505,-1,506,384,507,-1,507,384,382,-1,397,508,396,-1,396,508,509,-1,510,398,511,-1,511,398,399,-1,405,512,406,-1,406,512,513,-1,514,409,515,-1,515,409,407,-1,414,516,416,-1,416,516,517,-1,518,411,519,-1,519,411,410,-1,424,520,425,-1,425,520,521,-1,
        ]
    }
}
Shape{
    appearance Appearance {
        material  Material 	{
            diffuseColor 0.6666666666666666 0.6666666666666666 0.6666666666666666
            specularColor 0.4666666666666667 0.4666666666666667 0.4666666666666667
            ambientIntensity 0.2
            transparency 0
            shininess 0.5
        }
    }
    geometry IndexedFaceSet {
        ccw TRUE
        solid FALSE
        coord DEF co Coordinate {
            point [
                2.2244 -0.3189 -1.1417, 2.2244 0.0907 -1.1417, 2.3031 -0.3189 -1.1417, 2.3031 0.0907 -1.1417, 2.2244 -0.3189 -1.0236, 2.3031 -0.3189 -1.0236, 2.2244 0.4528 -1.114, 2.2244 0.3189 -1.0236, 2.3031 0.4528 -1.114, 2.3031 0.3189 -1.0236, 2.2244 0.6372 -1.1811, 2.3031 0.6372 -1.1811, 2.3031 0.6543 -1.1898, 2.2244 0.6543 -1.1898, 2.3031 0.6688 -1.2024, 2.2244 0.6688 -1.2024, 2.3031 0.6798 -1.2181, 2.2244 0.6798 -1.2181, 2.3031 0.6866 -1.236, 2.2244 0.6866 -1.236, 2.3031 0.689 -1.2551, 2.2244 0.689 -1.2551, 2.2244 0.689 -1.2598, 2.3031 0.689 -1.2598, 2.2244 0.2953 -1.2598, 2.3031 0.2953 -1.2598, 2.1063 0.3189 -1.1417, 2.1063 -0.0907 -1.1417, 2.0276 0.3189 -1.1417, 2.0276 -0.0907 -1.1417, 2.1063 0.3189 -1.0236, 2.0276 0.3189 -1.0236, 2.1063 -0.4528 -1.114, 2.1063 -0.3189 -1.0236, 2.0276 -0.4528 -1.114, 2.0276 -0.3189 -1.0236, 2.1063 -0.6372 -1.1811, 2.0276 -0.6372 -1.1811, 2.0276 -0.6543 -1.1898, 2.1063 -0.6543 -1.1898, 2.0276 -0.6688 -1.2024, 2.1063 -0.6688 -1.2024, 2.0276 -0.6798 -1.2181, 2.1063 -0.6798 -1.2181, 2.0276 -0.6866 -1.236, 2.1063 -0.6866 -1.236, 2.0276 -0.689 -1.2551, 2.1063 -0.689 -1.2551, 2.1063 -0.689 -1.2598, 2.0276 -0.689 -1.2598, 2.1063 -0.2953 -1.2598, 2.0276 -0.2953 -1.2598, 1.8307 -0.3189 -1.1417, 1.8307 0.0907 -1.1417, 1.9094 -0.3189 -1.1417, 1.9094 0.0907 -1.1417, 1.8307 -0.3189 -1.0236, 1.9094 -0.3189 -1.0236, 1.8307 0.4528 -1.114, 1.8307 0.3189 -1.0236, 1.9094 0.4528 -1.114, 1.9094 0.3189 -1.0236, 1.8307 0.6372 -1.1811, 1.9094 0.6372 -1.1811, 1.9094 0.6543 -1.1898, 1.8307 0.6543 -1.1898, 1.9094 0.6688 -1.2024, 1.8307 0.6688 -1.2024, 1.9094 0.6798 -1.2181, 1.8307 0.6798 -1.2181, 1.9094 0.6866 -1.236, 1.8307 0.6866 -1.236, 1.9094 0.689 -1.2551, 1.8307 0.689 -1.2551, 1.8307 0.689 -1.2598, 1.9094 0.689 -1.2598, 1.8307 0.2953 -1.2598, 1.9094 0.2953 -1.2598, 1.7126 0.3189 -1.1417, 1.7126 -0.0907 -1.1417, 1.6339 0.3189 -1.1417, 1.6339 -0.0907 -1.1417, 1.7126 0.3189 -1.0236, 1.6339 0.3189 -1.0236, 1.7126 -0.4528 -1.114, 1.7126 -0.3189 -1.0236, 1.6339 -0.4528 -1.114, 1.6339 -0.3189 -1.0236, 1.7126 -0.6372 -1.1811, 1.6339 -0.6372 -1.1811, 1.6339 -0.6543 -1.1898, 1.7126 -0.6543 -1.1898, 1.6339 -0.6688 -1.2024, 1.7126 -0.6688 -1.2024, 1.6339 -0.6798 -1.2181, 1.7126 -0.6798 -1.2181, 1.6339 -0.6866 -1.236, 1.7126 -0.6866 -1.236, 1.6339 -0.689 -1.2551, 1.7126 -0.689 -1.2551, 1.7126 -0.689 -1.2598, 1.6339 -0.689 -1.2598, 1.7126 -0.2953 -1.2598, 1.6339 -0.2953 -1.2598, 1.437 -0.3189 -1.1417, 1.437 0.0907 -1.1417, 1.5157 -0.3189 -1.1417, 1.5157 0.0907 -1.1417, 1.437 -0.3189 -1.0236, 1.5157 -0.3189 -1.0236, 1.437 0.4528 -1.114, 1.437 0.3189 -1.0236, 1.5157 0.4528 -1.114, 1.5157 0.3189 -1.0236, 1.437 0.6372 -1.1811, 1.5157 0.6372 -1.1811, 1.5157 0.6543 -1.1898, 1.437 0.6543 -1.1898, 1.5157 0.6688 -1.2024, 1.437 0.6688 -1.2024, 1.5157 0.6798 -1.2181, 1.437 0.6798 -1.2181, 1.5157 0.6866 -1.236, 1.437 0.6866 -1.236, 1.5157 0.689 -1.2551, 1.437 0.689 -1.2551, 1.437 0.689 -1.2598, 1.5157 0.689 -1.2598, 1.437 0.2953 -1.2598, 1.5157 0.2953 -1.2598, 1.3189 0.3189 -1.1417, 1.3189 -0.0907 -1.1417, 1.2402 0.3189 -1.1417, 1.2402 -0.0907 -1.1417, 1.3189 0.3189 -1.0236, 1.2402 0.3189 -1.0236, 1.3189 -0.4528 -1.114, 1.3189 -0.3189 -1.0236, 1.2402 -0.4528 -1.114, 1.2402 -0.3189 -1.0236, 1.3189 -0.6372 -1.1811, 1.2402 -0.6372 -1.1811, 1.2402 -0.6543 -1.1898, 1.3189 -0.6543 -1.1898, 1.2402 -0.6688 -1.2024, 1.3189 -0.6688 -1.2024, 1.2402 -0.6798 -1.2181, 1.3189 -0.6798 -1.2181, 1.2402 -0.6866 -1.236, 1.3189 -0.6866 -1.236, 1.2402 -0.689 -1.2551, 1.3189 -0.689 -1.2551, 1.3189 -0.689 -1.2598, 1.2402 -0.689 -1.2598, 1.3189 -0.2953 -1.2598, 1.2402 -0.2953 -1.2598, 1.0433 -0.3189 -1.1417, 1.0433 0.0907 -1.1417, 1.122 -0.3189 -1.1417, 1.122 0.0907 -1.1417, 1.0433 -0.3189 -1.0236, 1.122 -0.3189 -1.0236, 1.0433 0.4528 -1.114, 1.0433 0.3189 -1.0236, 1.122 0.4528 -1.114, 1.122 0.3189 -1.0236, 1.0433 0.6372 -1.1811, 1.122 0.6372 -1.1811, 1.122 0.6543 -1.1898, 1.0433 0.6543 -1.1898, 1.122 0.6688 -1.2024, 1.0433 0.6688 -1.2024, 1.122 0.6798 -1.2181, 1.0433 0.6798 -1.2181, 1.122 0.6866 -1.236, 1.0433 0.6866 -1.236, 1.122 0.689 -1.2551, 1.0433 0.689 -1.2551, 1.0433 0.689 -1.2598, 1.122 0.689 -1.2598, 1.0433 0.2953 -1.2598, 1.122 0.2953 -1.2598, 0.9252 0.3189 -1.1417, 0.9252 -0.0907 -1.1417, 0.8465 0.3189 -1.1417, 0.8465 -0.0907 -1.1417, 0.9252 0.3189 -1.0236, 0.8465 0.3189 -1.0236, 0.9252 -0.4528 -1.114, 0.9252 -0.3189 -1.0236, 0.8465 -0.4528 -1.114, 0.8465 -0.3189 -1.0236, 0.9252 -0.6372 -1.1811, 0.8465 -0.6372 -1.1811, 0.8465 -0.6543 -1.1898, 0.9252 -0.6543 -1.1898, 0.8465 -0.6688 -1.2024, 0.9252 -0.6688 -1.2024, 0.8465 -0.6798 -1.2181, 0.9252 -0.6798 -1.2181, 0.8465 -0.6866 -1.236, 0.9252 -0.6866 -1.236, 0.8465 -0.689 -1.2551, 0.9252 -0.689 -1.2551, 0.9252 -0.689 -1.2598, 0.8465 -0.689 -1.2598, 0.9252 -0.2953 -1.2598, 0.8465 -0.2953 -1.2598, 0.6496 -0.3189 -1.1417, 0.6496 0.0907 -1.1417, 0.7283 -0.3189 -1.1417, 0.7283 0.0907 -1.1417, 0.6496 -0.3189 -1.0236, 0.7283 -0.3189 -1.0236, 0.6496 0.4528 -1.114, 0.6496 0.3189 -1.0236, 0.7283 0.4528 -1.114, 0.7283 0.3189 -1.0236, 0.6496 0.6372 -1.1811, 0.7283 0.6372 -1.1811, 0.7283 0.6543 -1.1898, 0.6496 0.6543 -1.1898, 0.7283 0.6688 -1.2024, 0.6496 0.6688 -1.2024, 0.7283 0.6798 -1.2181, 0.6496 0.6798 -1.2181, 0.7283 0.6866 -1.236, 0.6496 0.6866 -1.236, 0.7283 0.689 -1.2551, 0.6496 0.689 -1.2551, 0.6496 0.689 -1.2598, 0.7283 0.689 -1.2598, 0.6496 0.2953 -1.2598, 0.7283 0.2953 -1.2598, 0.5315 0.3189 -1.1417, 0.5315 -0.0907 -1.1417, 0.4528 0.3189 -1.1417, 0.4528 -0.0907 -1.1417, 0.5315 0.3189 -1.0236, 0.4528 0.3189 -1.0236, 0.5315 -0.4528 -1.114, 0.5315 -0.3189 -1.0236, 0.4528 -0.4528 -1.114, 0.4528 -0.3189 -1.0236, 0.5315 -0.6372 -1.1811, 0.4528 -0.6372 -1.1811, 0.4528 -0.6543 -1.1898, 0.5315 -0.6543 -1.1898, 0.4528 -0.6688 -1.2024, 0.5315 -0.6688 -1.2024, 0.4528 -0.6798 -1.2181, 0.5315 -0.6798 -1.2181, 0.4528 -0.6866 -1.236, 0.5315 -0.6866 -1.236, 0.4528 -0.689 -1.2551, 0.5315 -0.689 -1.2551, 0.5315 -0.689 -1.2598, 0.4528 -0.689 -1.2598, 0.5315 -0.2953 -1.2598, 0.4528 -0.2953 -1.2598, 0.2559 -0.3189 -1.1417, 0.2559 0.0907 -1.1417, 0.3346 -0.3189 -1.1417, 0.3346 0.0907 -1.1417, 0.2559 -0.3189 -1.0236, 0.3346 -0.3189 -1.0236, 0.2559 0.4528 -1.114, 0.2559 0.3189 -1.0236, 0.3346 0.4528 -1.114, 0.3346 0.3189 -1.0236, 0.2559 0.6372 -1.1811, 0.3346 0.6372 -1.1811, 0.3346 0.6543 -1.1898, 0.2559 0.6543 -1.1898, 0.3346 0.6688 -1.2024, 0.2559 0.6688 -1.2024, 0.3346 0.6798 -1.2181, 0.2559 0.6798 -1.2181, 0.3346 0.6866 -1.236, 0.2559 0.6866 -1.236, 0.3346 0.689 -1.2551, 0.2559 0.689 -1.2551, 0.2559 0.689 -1.2598, 0.3346 0.689 -1.2598, 0.2559 0.2953 -1.2598, 0.3346 0.2953 -1.2598, 0.1378 0.3189 -1.1417, 0.1378 -0.0907 -1.1417, 0.0591 0.3189 -1.1417, 0.0591 -0.0907 -1.1417, 0.1378 0.3189 -1.0236, 0.0591 0.3189 -1.0236, 0.1378 -0.4528 -1.114, 0.1378 -0.3189 -1.0236, 0.0591 -0.4528 -1.114, 0.0591 -0.3189 -1.0236, 0.1378 -0.6372 -1.1811, 0.0591 -0.6372 -1.1811, 0.0591 -0.6543 -1.1898, 0.1378 -0.6543 -1.1898, 0.0591 -0.6688 -1.2024, 0.1378 -0.6688 -1.2024, 0.0591 -0.6798 -1.2181, 0.1378 -0.6798 -1.2181, 0.0591 -0.6866 -1.236, 0.1378 -0.6866 -1.236, 0.0591 -0.689 -1.2551, 0.1378 -0.689 -1.2551, 0.1378 -0.689 -1.2598, 0.0591 -0.689 -1.2598, 0.1378 -0.2953 -1.2598, 0.0591 -0.2953 -1.2598, -0.1378 -0.3189 -1.1417, -0.1378 0.0907 -1.1417, -0.0591 -0.3189 -1.1417, -0.0591 0.0907 -1.1417, -0.1378 -0.3189 -1.0236, -0.0591 -0.3189 -1.0236, -0.1378 0.4528 -1.114, -0.1378 0.3189 -1.0236, -0.0591 0.4528 -1.114, -0.0591 0.3189 -1.0236, -0.1378 0.6372 -1.1811, -0.0591 0.6372 -1.1811, -0.0591 0.6543 -1.1898, -0.1378 0.6543 -1.1898, -0.0591 0.6688 -1.2024, -0.1378 0.6688 -1.2024, -0.0591 0.6798 -1.2181, -0.1378 0.6798 -1.2181, -0.0591 0.6866 -1.236, -0.1378 0.6866 -1.236, -0.0591 0.689 -1.2551, -0.1378 0.689 -1.2551, -0.1378 0.689 -1.2598, -0.0591 0.689 -1.2598, -0.1378 0.2953 -1.2598, -0.0591 0.2953 -1.2598, -0.2559 0.3189 -1.1417, -0.2559 -0.0907 -1.1417, -0.3346 0.3189 -1.1417, -0.3346 -0.0907 -1.1417, -0.2559 0.3189 -1.0236, -0.3346 0.3189 -1.0236, -0.2559 -0.4528 -1.114, -0.2559 -0.3189 -1.0236, -0.3346 -0.4528 -1.114, -0.3346 -0.3189 -1.0236, -0.2559 -0.6372 -1.1811, -0.3346 -0.6372 -1.1811, -0.3346 -0.6543 -1.1898, -0.2559 -0.6543 -1.1898, -0.3346 -0.6688 -1.2024, -0.2559 -0.6688 -1.2024, -0.3346 -0.6798 -1.2181, -0.2559 -0.6798 -1.2181, -0.3346 -0.6866 -1.236, -0.2559 -0.6866 -1.236, -0.3346 -0.689 -1.2551, -0.2559 -0.689 -1.2551, -0.2559 -0.689 -1.2598, -0.3346 -0.689 -1.2598, -0.2559 -0.2953 -1.2598, -0.3346 -0.2953 -1.2598, -0.5315 -0.3189 -1.1417, -0.5315 0.0907 -1.1417, -0.4528 -0.3189 -1.1417, -0.4528 0.0907 -1.1417, -0.5315 -0.3189 -1.0236, -0.4528 -0.3189 -1.0236, -0.5315 0.4528 -1.114, -0.5315 0.3189 -1.0236, -0.4528 0.4528 -1.114, -0.4528 0.3189 -1.0236, -0.5315 0.6372 -1.1811, -0.4528 0.6372 -1.1811, -0.4528 0.6543 -1.1898, -0.5315 0.6543 -1.1898, -0.4528 0.6688 -1.2024, -0.5315 0.6688 -1.2024, -0.4528 0.6798 -1.2181, -0.5315 0.6798 -1.2181, -0.4528 0.6866 -1.236, -0.5315 0.6866 -1.236, -0.4528 0.689 -1.2551, -0.5315 0.689 -1.2551, -0.5315 0.689 -1.2598, -0.4528 0.689 -1.2598, -0.5315 0.2953 -1.2598, -0.4528 0.2953 -1.2598, -0.6496 0.3189 -1.1417, -0.6496 -0.0907 -1.1417, -0.7283 0.3189 -1.1417, -0.7283 -0.0907 -1.1417, -0.6496 0.3189 -1.0236, -0.7283 0.3189 -1.0236, -0.6496 -0.4528 -1.114, -0.6496 -0.3189 -1.0236, -0.7283 -0.4528 -1.114, -0.7283 -0.3189 -1.0236, -0.6496 -0.6372 -1.1811, -0.7283 -0.6372 -1.1811, -0.7283 -0.6543 -1.1898, -0.6496 -0.6543 -1.1898, -0.7283 -0.6688 -1.2024, -0.6496 -0.6688 -1.2024, -0.7283 -0.6798 -1.2181, -0.6496 -0.6798 -1.2181, -0.7283 -0.6866 -1.236, -0.6496 -0.6866 -1.236, -0.7283 -0.689 -1.2551, -0.6496 -0.689 -1.2551, -0.6496 -0.689 -1.2598, -0.7283 -0.689 -1.2598, -0.6496 -0.2953 -1.2598, -0.7283 -0.2953 -1.2598, -0.9252 -0.3189 -1.1417, -0.9252 0.0907 -1.1417, -0.8465 -0.3189 -1.1417, -0.8465 0.0907 -1.1417, -0.9252 -0.3189 -1.0236, -0.8465 -0.3189 -1.0236, -0.9252 0.4528 -1.114, -0.9252 0.3189 -1.0236, -0.8465 0.4528 -1.114, -0.8465 0.3189 -1.0236, -0.9252 0.6372 -1.1811, -0.8465 0.6372 -1.1811, -0.8465 0.6543 -1.1898, -0.9252 0.6543 -1.1898, -0.8465 0.6688 -1.2024, -0.9252 0.6688 -1.2024, -0.8465 0.6798 -1.2181, -0.9252 0.6798 -1.2181, -0.8465 0.6866 -1.236, -0.9252 0.6866 -1.236, -0.8465 0.689 -1.2551, -0.9252 0.689 -1.2551, -0.9252 0.689 -1.2598, -0.8465 0.689 -1.2598, -0.9252 0.2953 -1.2598, -0.8465 0.2953 -1.2598, -1.0433 0.3189 -1.1417, -1.0433 -0.0907 -1.1417, -1.122 0.3189 -1.1417, -1.122 -0.0907 -1.1417, -1.0433 0.3189 -1.0236, -1.122 0.3189 -1.0236, -1.0433 -0.4528 -1.114, -1.0433 -0.3189 -1.0236, -1.122 -0.4528 -1.114, -1.122 -0.3189 -1.0236, -1.0433 -0.6372 -1.1811, -1.122 -0.6372 -1.1811, -1.122 -0.6543 -1.1898, -1.0433 -0.6543 -1.1898, -1.122 -0.6688 -1.2024, -1.0433 -0.6688 -1.2024, -1.122 -0.6798 -1.2181, -1.0433 -0.6798 -1.2181, -1.122 -0.6866 -1.236, -1.0433 -0.6866 -1.236, -1.122 -0.689 -1.2551, -1.0433 -0.689 -1.2551, -1.0433 -0.689 -1.2598, -1.122 -0.689 -1.2598, -1.0433 -0.2953 -1.2598, -1.122 -0.2953 -1.2598, -1.3189 -0.3189 -1.1417, -1.3189 0.0907 -1.1417, -1.2402 -0.3189 -1.1417, -1.2402 0.0907 -1.1417, -1.3189 -0.3189 -1.0236, -1.2402 -0.3189 -1.0236, -1.3189 0.4528 -1.114, -1.3189 0.3189 -1.0236, -1.2402 0.4528 -1.114, -1.2402 0.3189 -1.0236, -1.3189 0.6372 -1.1811, -1.2402 0.6372 -1.1811, -1.2402 0.6543 -1.1898, -1.3189 0.6543 -1.1898, -1.2402 0.6688 -1.2024, -1.3189 0.6688 -1.2024, -1.2402 0.6798 -1.2181, -1.3189 0.6798 -1.2181, -1.2402 0.6866 -1.236, -1.3189 0.6866 -1.236, -1.2402 0.689 -1.2551, -1.3189 0.689 -1.2551, -1.3189 0.689 -1.2598, -1.2402 0.689 -1.2598, -1.3189 0.2953 -1.2598, -1.2402 0.2953 -1.2598, -1.437 0.3189 -1.1417, -1.437 -0.0907 -1.1417, -1.5157 0.3189 -1.1417, -1.5157 -0.0907 -1.1417, -1.437 0.3189 -1.0236, -1.5157 0.3189 -1.0236, -1.437 -0.4528 -1.114, -1.437 -0.3189 -1.0236, -1.5157 -0.4528 -1.114, -1.5157 -0.3189 -1.0236, -1.437 -0.6372 -1.1811, -1.5157 -0.6372 -1.1811, -1.5157 -0.6543 -1.1898, -1.437 -0.6543 -1.1898, -1.5157 -0.6688 -1.2024, -1.437 -0.6688 -1.2024, -1.5157 -0.6798 -1.2181, -1.437 -0.6798 -1.2181, -1.5157 -0.6866 -1.236, -1.437 -0.6866 -1.236, -1.5157 -0.689 -1.2551, -1.437 -0.689 -1.2551, -1.437 -0.689 -1.2598, -1.5157 -0.689 -1.2598, -1.437 -0.2953 -1.2598, -1.5157 -0.2953 -1.2598, -1.7126 -0.3189 -1.1417, -1.7126 0.0907 -1.1417, -1.6339 -0.3189 -1.1417, -1.6339 0.0907 -1.1417, -1.7126 -0.3189 -1.0236, -1.6339 -0.3189 -1.0236, -1.7126 0.4528 -1.114, -1.7126 0.3189 -1.0236, -1.6339 0.4528 -1.114, -1.6339 0.3189 -1.0236, -1.7126 0.6372 -1.1811, -1.6339 0.6372 -1.1811, -1.6339 0.6543 -1.1898, -1.7126 0.6543 -1.1898, -1.6339 0.6688 -1.2024, -1.7126 0.6688 -1.2024, -1.6339 0.6798 -1.2181, -1.7126 0.6798 -1.2181, -1.6339 0.6866 -1.236, -1.7126 0.6866 -1.236, -1.6339 0.689 -1.2551, -1.7126 0.689 -1.2551, -1.7126 0.689 -1.2598, -1.6339 0.689 -1.2598, -1.7126 0.2953 -1.2598, -1.6339 0.2953 -1.2598, -1.8307 0.3189 -1.1417, -1.8307 -0.0907 -1.1417, -1.9094 0.3189 -1.1417, -1.9094 -0.0907 -1.1417, -1.8307 0.3189 -1.0236, -1.9094 0.3189 -1.0236, -1.8307 -0.4528 -1.114, -1.8307 -0.3189 -1.0236, -1.9094 -0.4528 -1.114, -1.9094 -0.3189 -1.0236, -1.8307 -0.6372 -1.1811, -1.9094 -0.6372 -1.1811, -1.9094 -0.6543 -1.1898, -1.8307 -0.6543 -1.1898, -1.9094 -0.6688 -1.2024, -1.8307 -0.6688 -1.2024, -1.9094 -0.6798 -1.2181, -1.8307 -0.6798 -1.2181, -1.9094 -0.6866 -1.236, -1.8307 -0.6866 -1.236, -1.9094 -0.689 -1.2551, -1.8307 -0.689 -1.2551, -1.8307 -0.689 -1.2598, -1.9094 -0.689 -1.2598, -1.8307 -0.2953 -1.2598, -1.9094 -0.2953 -1.2598, -2.1063 -0.3189 -1.1417, -2.1063 0.0907 -1.1417, -2.0276 -0.3189 -1.1417, -2.0276 0.0907 -1.1417, -2.1063 -0.3189 -1.0236, -2.0276 -0.3189 -1.0236, -2.1063 0.4528 -1.114, -2.1063 0.3189 -1.0236, -2.0276 0.4528 -1.114, -2.0276 0.3189 -1.0236, -2.1063 0.6372 -1.1811, -2.0276 0.6372 -1.1811, -2.0276 0.6543 -1.1898, -2.1063 0.6543 -1.1898, -2.0276 0.6688 -1.2024, -2.1063 0.6688 -1.2024, -2.0276 0.6798 -1.2181, -2.1063 0.6798 -1.2181, -2.0276 0.6866 -1.236, -2.1063 0.6866 -1.236, -2.0276 0.689 -1.2551, -2.1063 0.689 -1.2551, -2.1063 0.689 -1.2598, -2.0276 0.689 -1.2598, -2.1063 0.2953 -1.2598, -2.0276 0.2953 -1.2598, -2.2244 0.3189 -1.1417, -2.2244 -0.0907 -1.1417, -2.3031 0.3189 -1.1417, -2.3031 -0.0907 -1.1417, -2.2244 0.3189 -1.0236, -2.3031 0.3189 -1.0236, -2.2244 -0.4528 -1.114, -2.2244 -0.3189 -1.0236, -2.3031 -0.4528 -1.114, -2.3031 -0.3189 -1.0236, -2.2244 -0.6372 -1.1811, -2.3031 -0.6372 -1.1811, -2.3031 -0.6543 -1.1898, -2.2244 -0.6543 -1.1898, -2.3031 -0.6688 -1.2024, -2.2244 -0.6688 -1.2024, -2.3031 -0.6798 -1.2181, -2.2244 -0.6798 -1.2181, -2.3031 -0.6866 -1.236, -2.2244 -0.6866 -1.236, -2.3031 -0.689 -1.2551, -2.2244 -0.689 -1.2551, -2.2244 -0.689 -1.2598, -2.3031 -0.689 -1.2598, -2.2244 -0.2953 -1.2598, -2.3031 -0.2953 -1.2598, 2.2244 -0.0039 0.0, 2.2244 -0.0039 0.1181, 2.3031 -0.0039 0.0, 2.3031 -0.0039 0.1181, 2.2244 -0.122 0.2589, 2.3031 -0.122 0.2589, 2.2244 -0.122 0.0, 2.3031 -0.122 0.0, 2.0276 -0.0039 0.0, 2.0276 -0.0039 0.1181, 2.1063 -0.0039 0.0, 2.1063 -0.0039 0.1181, 2.0276 -0.122 0.2589, 2.1063 -0.122 0.2589, 2.0276 -0.122 0.0, 2.1063 -0.122 0.0, 1.8307 -0.0039 0.0, 1.8307 -0.0039 0.1181, 1.9094 -0.0039 0.0, 1.9094 -0.0039 0.1181, 1.8307 -0.122 0.2589, 1.9094 -0.122 0.2589, 1.8307 -0.122 0.0, 1.9094 -0.122 0.0, 1.6339 -0.0039 0.0, 1.6339 -0.0039 0.1181, 1.7126 -0.0039 0.0, 1.7126 -0.0039 0.1181, 1.6339 -0.122 0.2589, 1.7126 -0.122 0.2589, 1.6339 -0.122 0.0, 1.7126 -0.122 0.0, 1.437 -0.0039 0.0, 1.437 -0.0039 0.1181, 1.5157 -0.0039 0.0, 1.5157 -0.0039 0.1181, 1.437 -0.122 0.2589, 1.5157 -0.122 0.2589, 1.437 -0.122 0.0, 1.5157 -0.122 0.0, 1.2402 -0.0039 0.0, 1.2402 -0.0039 0.1181, 1.3189 -0.0039 0.0, 1.3189 -0.0039 0.1181, 1.2402 -0.122 0.2589, 1.3189 -0.122 0.2589, 1.2402 -0.122 0.0, 1.3189 -0.122 0.0, 1.0433 -0.0039 0.0, 1.0433 -0.0039 0.1181, 1.122 -0.0039 0.0, 1.122 -0.0039 0.1181, 1.0433 -0.122 0.2589, 1.122 -0.122 0.2589, 1.0433 -0.122 0.0, 1.122 -0.122 0.0, 0.8465 -0.0039 0.0, 0.8465 -0.0039 0.1181, 0.9252 -0.0039 0.0, 0.9252 -0.0039 0.1181, 0.8465 -0.122 0.2589, 0.9252 -0.122 0.2589, 0.8465 -0.122 0.0, 0.9252 -0.122 0.0, 0.6496 -0.0039 0.0, 0.6496 -0.0039 0.1181, 0.7283 -0.0039 0.0, 0.7283 -0.0039 0.1181, 0.6496 -0.122 0.2589, 0.7283 -0.122 0.2589, 0.6496 -0.122 0.0, 0.7283 -0.122 0.0, 0.4528 -0.0039 0.0, 0.4528 -0.0039 0.1181, 0.5315 -0.0039 0.0, 0.5315 -0.0039 0.1181, 0.4528 -0.122 0.2589, 0.5315 -0.122 0.2589, 0.4528 -0.122 0.0, 0.5315 -0.122 0.0, 0.2559 -0.0039 0.0, 0.2559 -0.0039 0.1181, 0.3346 -0.0039 0.0, 0.3346 -0.0039 0.1181, 0.2559 -0.122 0.2589, 0.3346 -0.122 0.2589, 0.2559 -0.122 0.0, 0.3346 -0.122 0.0, 0.0591 -0.0039 0.0, 0.0591 -0.0039 0.1181, 0.1378 -0.0039 0.0, 0.1378 -0.0039 0.1181, 0.0591 -0.122 0.2589, 0.1378 -0.122 0.2589, 0.0591 -0.122 0.0, 0.1378 -0.122 0.0, -0.1378 -0.0039 0.0, -0.1378 -0.0039 0.1181, -0.0591 -0.0039 0.0, -0.0591 -0.0039 0.1181, -0.1378 -0.122 0.2589, -0.0591 -0.122 0.2589, -0.1378 -0.122 0.0, -0.0591 -0.122 0.0, -0.3346 -0.0039 0.0, -0.3346 -0.0039 0.1181, -0.2559 -0.0039 0.0, -0.2559 -0.0039 0.1181, -0.3346 -0.122 0.2589, -0.2559 -0.122 0.2589, -0.3346 -0.122 0.0, -0.2559 -0.122 0.0, -0.5315 -0.0039 0.0, -0.5315 -0.0039 0.1181, -0.4528 -0.0039 0.0, -0.4528 -0.0039 0.1181, -0.5315 -0.122 0.2589, -0.4528 -0.122 0.2589, -0.5315 -0.122 0.0, -0.4528 -0.122 0.0, -0.7283 -0.0039 0.0, -0.7283 -0.0039 0.1181, -0.6496 -0.0039 0.0, -0.6496 -0.0039 0.1181, -0.7283 -0.122 0.2589, -0.6496 -0.122 0.2589, -0.7283 -0.122 0.0, -0.6496 -0.122 0.0, -0.9252 -0.0039 0.0, -0.9252 -0.0039 0.1181, -0.8465 -0.0039 0.0, -0.8465 -0.0039 0.1181, -0.9252 -0.122 0.2589, -0.8465 -0.122 0.2589, -0.9252 -0.122 0.0, -0.8465 -0.122 0.0, -1.122 -0.0039 0.0, -1.122 -0.0039 0.1181, -1.0433 -0.0039 0.0, -1.0433 -0.0039 0.1181, -1.122 -0.122 0.2589, -1.0433 -0.122 0.2589, -1.122 -0.122 0.0, -1.0433 -0.122 0.0, -1.3189 -0.0039 0.0, -1.3189 -0.0039 0.1181, -1.2402 -0.0039 0.0, -1.2402 -0.0039 0.1181, -1.3189 -0.122 0.2589, -1.2402 -0.122 0.2589, -1.3189 -0.122 0.0, -1.2402 -0.122 0.0, -1.5157 -0.0039 0.0, -1.5157 -0.0039 0.1181, -1.437 -0.0039 0.0, -1.437 -0.0039 0.1181, -1.5157 -0.122 0.2589, -1.437 -0.122 0.2589, -1.5157 -0.122 0.0, -1.437 -0.122 0.0, -1.7126 -0.0039 0.0, -1.7126 -0.0039 0.1181, -1.6339 -0.0039 0.0, -1.6339 -0.0039 0.1181, -1.7126 -0.122 0.2589, -1.6339 -0.122 0.2589, -1.7126 -0.122 0.0, -1.6339 -0.122 0.0, -1.9094 -0.0039 0.0, -1.9094 -0.0039 0.1181, -1.8307 -0.0039 0.0, -1.8307 -0.0039 0.1181, -1.9094 -0.122 0.2589, -1.8307 -0.122 0.2589, -1.9094 -0.122 0.0, -1.8307 -0.122 0.0, -2.1063 -0.0039 0.0, -2.1063 -0.0039 0.1181, -2.0276 -0.0039 0.0, -2.0276 -0.0039 0.1181, -2.1063 -0.122 0.2589, -2.0276 -0.122 0.2589, -2.1063 -0.122 0.0, -2.0276 -0.122 0.0, -2.3031 -0.0039 0.0, -2.3031 -0.0039 0.1181, -2.2244 -0.0039 0.0, -2.2244 -0.0039 0.1181, -2.3031 -0.122 0.2589, -2.2244 -0.122 0.2589, -2.3031 -0.122 0.0, -2.2244 -0.122 0.0, -2.2244 -0.122 0.0
            ]
        }
        coordIndex [
            0,1,2,-1,2,1,3,-1,4,0,5,-1,5,0,2,-1,6,7,8,-1,8,7,9,-1,10,6,11,-1,11,6,8,-1,10,11,12,-1,10,12,13,-1,13,12,14,-1,13,14,15,-1,15,14,16,-1,15,16,17,-1,17,16,18,-1,17,18,19,-1,19,18,20,-1,19,20,21,-1,22,21,23,-1,23,21,20,-1,24,22,25,-1,25,22,23,-1,1,24,3,-1,3,24,25,-1,0,4,1,-1,1,4,7,-1,1,7,24,-1,24,7,6,-1,24,6,10,-1,17,19,24,-1,24,19,21,-1,24,21,22,-1,10,13,24,-1,24,13,15,-1,24,15,17,-1,5,2,9,-1,9,2,3,-1,9,3,8,-1,8,3,25,-1,8,25,11,-1,23,20,25,-1,25,20,18,-1,25,18,16,-1,16,14,25,-1,25,14,12,-1,25,12,11,-1,26,27,28,-1,28,27,29,-1,30,26,31,-1,31,26,28,-1,32,33,34,-1,34,33,35,-1,36,32,37,-1,37,32,34,-1,36,37,38,-1,36,38,39,-1,39,38,40,-1,39,40,41,-1,41,40,42,-1,41,42,43,-1,43,42,44,-1,43,44,45,-1,45,44,46,-1,45,46,47,-1,48,47,49,-1,49,47,46,-1,50,48,51,-1,51,48,49,-1,27,50,29,-1,29,50,51,-1,47,48,50,-1,26,30,27,-1,27,30,33,-1,27,33,50,-1,47,50,45,-1,33,32,50,-1,50,32,36,-1,50,36,39,-1,39,41,50,-1,50,41,43,-1,50,43,45,-1,31,28,35,-1,35,28,29,-1,35,29,34,-1,34,29,51,-1,34,51,37,-1,49,46,51,-1,51,46,44,-1,51,44,42,-1,42,40,51,-1,51,40,38,-1,51,38,37,-1,52,53,54,-1,54,53,55,-1,56,52,57,-1,57,52,54,-1,58,59,60,-1,60,59,61,-1,62,58,63,-1,63,58,60,-1,62,63,64,-1,62,64,65,-1,65,64,66,-1,65,66,67,-1,67,66,68,-1,67,68,69,-1,69,68,70,-1,69,70,71,-1,71,70,72,-1,71,72,73,-1,74,73,75,-1,75,73,72,-1,76,74,77,-1,77,74,75,-1,53,76,55,-1,55,76,77,-1,52,56,53,-1,53,56,59,-1,53,59,76,-1,76,59,58,-1,76,58,62,-1,62,65,76,-1,76,65,67,-1,76,67,69,-1,69,71,76,-1,76,71,73,-1,76,73,74,-1,77,75,72,-1,57,54,61,-1,61,54,55,-1,61,55,60,-1,60,55,77,-1,66,64,77,-1,77,64,63,-1,77,63,60,-1,72,70,77,-1,77,70,68,-1,77,68,66,-1,78,79,80,-1,80,79,81,-1,82,78,83,-1,83,78,80,-1,84,85,86,-1,86,85,87,-1,88,84,89,-1,89,84,86,-1,88,89,90,-1,88,90,91,-1,91,90,92,-1,91,92,93,-1,93,92,94,-1,93,94,95,-1,95,94,96,-1,95,96,97,-1,97,96,98,-1,97,98,99,-1,100,99,101,-1,101,99,98,-1,102,100,103,-1,103,100,101,-1,79,102,81,-1,81,102,103,-1,99,100,102,-1,78,82,79,-1,79,82,85,-1,79,85,102,-1,99,102,97,-1,85,84,102,-1,102,84,88,-1,102,88,91,-1,91,93,102,-1,102,93,95,-1,102,95,97,-1,83,80,87,-1,87,80,81,-1,87,81,86,-1,86,81,103,-1,86,103,89,-1,101,98,103,-1,103,98,96,-1,103,96,94,-1,94,92,103,-1,103,92,90,-1,103,90,89,-1,104,105,106,-1,106,105,107,-1,108,104,109,-1,109,104,106,-1,110,111,112,-1,112,111,113,-1,114,110,115,-1,115,110,112,-1,114,115,116,-1,114,116,117,-1,117,116,118,-1,117,118,119,-1,119,118,120,-1,119,120,121,-1,121,120,122,-1,121,122,123,-1,123,122,124,-1,123,124,125,-1,126,125,127,-1,127,125,124,-1,128,126,129,-1,129,126,127,-1,105,128,107,-1,107,128,129,-1,104,108,105,-1,105,108,111,-1,105,111,128,-1,128,111,110,-1,128,110,114,-1,114,117,128,-1,128,117,119,-1,128,119,121,-1,121,123,128,-1,128,123,125,-1,128,125,126,-1,129,127,124,-1,109,106,113,-1,113,106,107,-1,113,107,112,-1,112,107,129,-1,118,116,129,-1,129,116,115,-1,129,115,112,-1,124,122,129,-1,129,122,120,-1,129,120,118,-1,130,131,132,-1,132,131,133,-1,134,130,135,-1,135,130,132,-1,136,137,138,-1,138,137,139,-1,140,136,141,-1,141,136,138,-1,140,141,142,-1,140,142,143,-1,143,142,144,-1,143,144,145,-1,145,144,146,-1,145,146,147,-1,147,146,148,-1,147,148,149,-1,149,148,150,-1,149,150,151,-1,152,151,153,-1,153,151,150,-1,154,152,155,-1,155,152,153,-1,131,154,133,-1,133,154,155,-1,151,152,154,-1,130,134,131,-1,131,134,137,-1,131,137,154,-1,151,154,149,-1,137,136,154,-1,154,136,140,-1,154,140,143,-1,143,145,154,-1,154,145,147,-1,154,147,149,-1,135,132,139,-1,139,132,133,-1,139,133,138,-1,138,133,155,-1,138,155,141,-1,153,150,155,-1,155,150,148,-1,155,148,146,-1,146,144,155,-1,155,144,142,-1,155,142,141,-1,156,157,158,-1,158,157,159,-1,160,156,161,-1,161,156,158,-1,162,163,164,-1,164,163,165,-1,166,162,167,-1,167,162,164,-1,166,167,168,-1,166,168,169,-1,169,168,170,-1,169,170,171,-1,171,170,172,-1,171,172,173,-1,173,172,174,-1,173,174,175,-1,175,174,176,-1,175,176,177,-1,178,177,179,-1,179,177,176,-1,180,178,181,-1,181,178,179,-1,157,180,159,-1,159,180,181,-1,156,160,157,-1,157,160,163,-1,157,163,180,-1,180,163,162,-1,180,162,166,-1,166,169,180,-1,180,169,171,-1,180,171,173,-1,173,175,180,-1,180,175,177,-1,180,177,178,-1,181,179,176,-1,161,158,165,-1,165,158,159,-1,165,159,164,-1,164,159,181,-1,170,168,181,-1,181,168,167,-1,181,167,164,-1,176,174,181,-1,181,174,172,-1,181,172,170,-1,182,183,184,-1,184,183,185,-1,186,182,187,-1,187,182,184,-1,188,189,190,-1,190,189,191,-1,192,188,193,-1,193,188,190,-1,192,193,194,-1,192,194,195,-1,195,194,196,-1,195,196,197,-1,197,196,198,-1,197,198,199,-1,199,198,200,-1,199,200,201,-1,201,200,202,-1,201,202,203,-1,204,203,205,-1,205,203,202,-1,206,204,207,-1,207,204,205,-1,183,206,185,-1,185,206,207,-1,203,204,206,-1,182,186,183,-1,183,186,189,-1,183,189,206,-1,203,206,201,-1,189,188,206,-1,206,188,192,-1,206,192,195,-1,195,197,206,-1,206,197,199,-1,206,199,201,-1,187,184,191,-1,191,184,185,-1,191,185,190,-1,190,185,207,-1,190,207,193,-1,205,202,207,-1,207,202,200,-1,207,200,198,-1,198,196,207,-1,207,196,194,-1,207,194,193,-1,208,209,210,-1,210,209,211,-1,212,208,213,-1,213,208,210,-1,214,215,216,-1,216,215,217,-1,218,214,219,-1,219,214,216,-1,218,219,220,-1,218,220,221,-1,221,220,222,-1,221,222,223,-1,223,222,224,-1,223,224,225,-1,225,224,226,-1,225,226,227,-1,227,226,228,-1,227,228,229,-1,230,229,231,-1,231,229,228,-1,232,230,233,-1,233,230,231,-1,209,232,211,-1,211,232,233,-1,208,212,209,-1,209,212,215,-1,209,215,232,-1,232,215,214,-1,232,214,218,-1,218,221,232,-1,232,221,223,-1,232,223,225,-1,225,227,232,-1,232,227,229,-1,232,229,230,-1,233,231,228,-1,213,210,217,-1,217,210,211,-1,217,211,216,-1,216,211,233,-1,222,220,233,-1,233,220,219,-1,233,219,216,-1,228,226,233,-1,233,226,224,-1,233,224,222,-1,234,235,236,-1,236,235,237,-1,238,234,239,-1,239,234,236,-1,240,241,242,-1,242,241,243,-1,244,240,245,-1,245,240,242,-1,244,245,246,-1,244,246,247,-1,247,246,248,-1,247,248,249,-1,249,248,250,-1,249,250,251,-1,251,250,252,-1,251,252,253,-1,253,252,254,-1,253,254,255,-1,256,255,257,-1,257,255,254,-1,258,256,259,-1,259,256,257,-1,235,258,237,-1,237,258,259,-1,255,256,258,-1,234,238,235,-1,235,238,241,-1,235,241,258,-1,255,258,253,-1,241,240,258,-1,258,240,244,-1,258,244,247,-1,247,249,258,-1,258,249,251,-1,258,251,253,-1,239,236,243,-1,243,236,237,-1,243,237,242,-1,242,237,259,-1,242,259,245,-1,257,254,259,-1,259,254,252,-1,259,252,250,-1,250,248,259,-1,259,248,246,-1,259,246,245,-1,260,261,262,-1,262,261,263,-1,264,260,265,-1,265,260,262,-1,266,267,268,-1,268,267,269,-1,270,266,271,-1,271,266,268,-1,270,271,272,-1,270,272,273,-1,273,272,274,-1,273,274,275,-1,275,274,276,-1,275,276,277,-1,277,276,278,-1,277,278,279,-1,279,278,280,-1,279,280,281,-1,282,281,283,-1,283,281,280,-1,284,282,285,-1,285,282,283,-1,261,284,263,-1,263,284,285,-1,260,264,261,-1,261,264,267,-1,261,267,284,-1,284,267,266,-1,284,266,270,-1,277,279,284,-1,284,279,281,-1,284,281,282,-1,270,273,284,-1,284,273,275,-1,284,275,277,-1,265,262,269,-1,269,262,263,-1,269,263,268,-1,268,263,285,-1,268,285,271,-1,283,280,285,-1,285,280,278,-1,285,278,276,-1,276,274,285,-1,285,274,272,-1,285,272,271,-1,286,287,288,-1,288,287,289,-1,290,286,291,-1,291,286,288,-1,292,293,294,-1,294,293,295,-1,296,292,297,-1,297,292,294,-1,296,297,298,-1,296,298,299,-1,299,298,300,-1,299,300,301,-1,301,300,302,-1,301,302,303,-1,303,302,304,-1,303,304,305,-1,305,304,306,-1,305,306,307,-1,308,307,309,-1,309,307,306,-1,310,308,311,-1,311,308,309,-1,287,310,289,-1,289,310,311,-1,307,308,310,-1,286,290,287,-1,287,290,293,-1,287,293,310,-1,307,310,305,-1,293,292,310,-1,310,292,296,-1,310,296,299,-1,299,301,310,-1,310,301,303,-1,310,303,305,-1,291,288,295,-1,295,288,289,-1,295,289,294,-1,294,289,311,-1,294,311,297,-1,309,306,311,-1,311,306,304,-1,311,304,302,-1,302,300,311,-1,311,300,298,-1,311,298,297,-1,312,313,314,-1,314,313,315,-1,316,312,317,-1,317,312,314,-1,318,319,320,-1,320,319,321,-1,322,318,323,-1,323,318,320,-1,322,323,324,-1,322,324,325,-1,325,324,326,-1,325,326,327,-1,327,326,328,-1,327,328,329,-1,329,328,330,-1,329,330,331,-1,331,330,332,-1,331,332,333,-1,334,333,335,-1,335,333,332,-1,336,334,337,-1,337,334,335,-1,313,336,315,-1,315,336,337,-1,312,316,313,-1,313,316,319,-1,313,319,336,-1,336,319,318,-1,336,318,322,-1,329,331,336,-1,336,331,333,-1,336,333,334,-1,322,325,336,-1,336,325,327,-1,336,327,329,-1,317,314,321,-1,321,314,315,-1,321,315,320,-1,320,315,337,-1,320,337,323,-1,335,332,337,-1,337,332,330,-1,337,330,328,-1,328,326,337,-1,337,326,324,-1,337,324,323,-1,338,339,340,-1,340,339,341,-1,342,338,343,-1,343,338,340,-1,344,345,346,-1,346,345,347,-1,348,344,349,-1,349,344,346,-1,348,349,350,-1,348,350,351,-1,351,350,352,-1,351,352,353,-1,353,352,354,-1,353,354,355,-1,355,354,356,-1,355,356,357,-1,357,356,358,-1,357,358,359,-1,360,359,361,-1,361,359,358,-1,362,360,363,-1,363,360,361,-1,339,362,341,-1,341,362,363,-1,359,360,362,-1,338,342,339,-1,339,342,345,-1,339,345,362,-1,359,362,357,-1,345,344,362,-1,362,344,348,-1,362,348,351,-1,351,353,362,-1,362,353,355,-1,362,355,357,-1,343,340,347,-1,347,340,341,-1,347,341,346,-1,346,341,363,-1,346,363,349,-1,361,358,363,-1,363,358,356,-1,363,356,354,-1,354,352,363,-1,363,352,350,-1,363,350,349,-1,364,365,366,-1,366,365,367,-1,368,364,369,-1,369,364,366,-1,370,371,372,-1,372,371,373,-1,374,370,375,-1,375,370,372,-1,374,375,376,-1,374,376,377,-1,377,376,378,-1,377,378,379,-1,379,378,380,-1,379,380,381,-1,381,380,382,-1,381,382,383,-1,383,382,384,-1,383,384,385,-1,386,385,387,-1,387,385,384,-1,388,386,389,-1,389,386,387,-1,365,388,367,-1,367,388,389,-1,364,368,365,-1,365,368,371,-1,365,371,388,-1,388,371,370,-1,388,370,374,-1,374,377,388,-1,388,377,379,-1,388,379,381,-1,381,383,388,-1,388,383,385,-1,388,385,386,-1,389,387,384,-1,369,366,373,-1,373,366,367,-1,373,367,372,-1,372,367,389,-1,378,376,389,-1,389,376,375,-1,389,375,372,-1,384,382,389,-1,389,382,380,-1,389,380,378,-1,390,391,392,-1,392,391,393,-1,394,390,395,-1,395,390,392,-1,396,397,398,-1,398,397,399,-1,400,396,401,-1,401,396,398,-1,400,401,402,-1,400,402,403,-1,403,402,404,-1,403,404,405,-1,405,404,406,-1,405,406,407,-1,407,406,408,-1,407,408,409,-1,409,408,410,-1,409,410,411,-1,412,411,413,-1,413,411,410,-1,414,412,415,-1,415,412,413,-1,391,414,393,-1,393,414,415,-1,411,412,414,-1,390,394,391,-1,391,394,397,-1,391,397,414,-1,411,414,409,-1,397,396,414,-1,414,396,400,-1,414,400,403,-1,403,405,414,-1,414,405,407,-1,414,407,409,-1,395,392,399,-1,399,392,393,-1,399,393,398,-1,398,393,415,-1,398,415,401,-1,413,410,415,-1,415,410,408,-1,415,408,406,-1,406,404,415,-1,415,404,402,-1,415,402,401,-1,416,417,418,-1,418,417,419,-1,420,416,421,-1,421,416,418,-1,422,423,424,-1,424,423,425,-1,426,422,427,-1,427,422,424,-1,426,427,428,-1,426,428,429,-1,429,428,430,-1,429,430,431,-1,431,430,432,-1,431,432,433,-1,433,432,434,-1,433,434,435,-1,435,434,436,-1,435,436,437,-1,438,437,439,-1,439,437,436,-1,440,438,441,-1,441,438,439,-1,417,440,419,-1,419,440,441,-1,416,420,417,-1,417,420,423,-1,417,423,440,-1,440,423,422,-1,440,422,426,-1,426,429,440,-1,440,429,431,-1,440,431,433,-1,433,435,440,-1,440,435,437,-1,440,437,438,-1,441,439,436,-1,421,418,425,-1,425,418,419,-1,425,419,424,-1,424,419,441,-1,430,428,441,-1,441,428,427,-1,441,427,424,-1,436,434,441,-1,441,434,432,-1,441,432,430,-1,442,443,444,-1,444,443,445,-1,446,442,447,-1,447,442,444,-1,448,449,450,-1,450,449,451,-1,452,448,453,-1,453,448,450,-1,452,453,454,-1,452,454,455,-1,455,454,456,-1,455,456,457,-1,457,456,458,-1,457,458,459,-1,459,458,460,-1,459,460,461,-1,461,460,462,-1,461,462,463,-1,464,463,465,-1,465,463,462,-1,466,464,467,-1,467,464,465,-1,443,466,445,-1,445,466,467,-1,463,464,466,-1,442,446,443,-1,443,446,449,-1,443,449,466,-1,463,466,461,-1,449,448,466,-1,466,448,452,-1,466,452,455,-1,455,457,466,-1,466,457,459,-1,466,459,461,-1,447,444,451,-1,451,444,445,-1,451,445,450,-1,450,445,467,-1,450,467,453,-1,465,462,467,-1,467,462,460,-1,467,460,458,-1,458,456,467,-1,467,456,454,-1,467,454,453,-1,468,469,470,-1,470,469,471,-1,472,468,473,-1,473,468,470,-1,474,475,476,-1,476,475,477,-1,478,474,479,-1,479,474,476,-1,478,479,480,-1,478,480,481,-1,481,480,482,-1,481,482,483,-1,483,482,484,-1,483,484,485,-1,485,484,486,-1,485,486,487,-1,487,486,488,-1,487,488,489,-1,490,489,491,-1,491,489,488,-1,492,490,493,-1,493,490,491,-1,469,492,471,-1,471,492,493,-1,468,472,469,-1,469,472,475,-1,469,475,492,-1,492,475,474,-1,492,474,478,-1,478,481,492,-1,492,481,483,-1,492,483,485,-1,485,487,492,-1,492,487,489,-1,492,489,490,-1,493,491,488,-1,473,470,477,-1,477,470,471,-1,477,471,476,-1,476,471,493,-1,482,480,493,-1,493,480,479,-1,493,479,476,-1,488,486,493,-1,493,486,484,-1,493,484,482,-1,494,495,496,-1,496,495,497,-1,498,494,499,-1,499,494,496,-1,500,501,502,-1,502,501,503,-1,504,500,505,-1,505,500,502,-1,504,505,506,-1,504,506,507,-1,507,506,508,-1,507,508,509,-1,509,508,510,-1,509,510,511,-1,511,510,512,-1,511,512,513,-1,513,512,514,-1,513,514,515,-1,516,515,517,-1,517,515,514,-1,518,516,519,-1,519,516,517,-1,495,518,497,-1,497,518,519,-1,515,516,518,-1,494,498,495,-1,495,498,501,-1,495,501,518,-1,515,518,513,-1,501,500,518,-1,518,500,504,-1,518,504,507,-1,507,509,518,-1,518,509,511,-1,518,511,513,-1,499,496,503,-1,503,496,497,-1,503,497,502,-1,502,497,519,-1,502,519,505,-1,517,514,519,-1,519,514,512,-1,519,512,510,-1,510,508,519,-1,519,508,506,-1,519,506,505,-1,520,521,522,-1,522,521,523,-1,524,520,525,-1,525,520,522,-1,526,527,528,-1,528,527,529,-1,530,526,531,-1,531,526,528,-1,530,531,532,-1,530,532,533,-1,533,532,534,-1,533,534,535,-1,535,534,536,-1,535,536,537,-1,537,536,538,-1,537,538,539,-1,539,538,540,-1,539,540,541,-1,542,541,543,-1,543,541,540,-1,544,542,545,-1,545,542,543,-1,521,544,523,-1,523,544,545,-1,520,524,521,-1,521,524,527,-1,521,527,544,-1,544,527,526,-1,544,526,530,-1,537,539,544,-1,544,539,541,-1,544,541,542,-1,530,533,544,-1,544,533,535,-1,544,535,537,-1,525,522,529,-1,529,522,523,-1,529,523,528,-1,528,523,545,-1,528,545,531,-1,543,540,545,-1,545,540,538,-1,545,538,536,-1,536,534,545,-1,545,534,532,-1,545,532,531,-1,546,547,548,-1,548,547,549,-1,550,546,551,-1,551,546,548,-1,552,553,554,-1,554,553,555,-1,556,552,557,-1,557,552,554,-1,556,557,558,-1,556,558,559,-1,559,558,560,-1,559,560,561,-1,561,560,562,-1,561,562,563,-1,563,562,564,-1,563,564,565,-1,565,564,566,-1,565,566,567,-1,568,567,569,-1,569,567,566,-1,570,568,571,-1,571,568,569,-1,547,570,549,-1,549,570,571,-1,567,568,570,-1,546,550,547,-1,547,550,553,-1,547,553,570,-1,567,570,565,-1,553,552,570,-1,570,552,556,-1,570,556,559,-1,559,561,570,-1,570,561,563,-1,570,563,565,-1,551,548,555,-1,555,548,549,-1,555,549,554,-1,554,549,571,-1,554,571,557,-1,569,566,571,-1,571,566,564,-1,571,564,562,-1,562,560,571,-1,571,560,558,-1,571,558,557,-1,572,573,574,-1,574,573,575,-1,576,572,577,-1,577,572,574,-1,578,579,580,-1,580,579,581,-1,582,578,583,-1,583,578,580,-1,582,583,584,-1,582,584,585,-1,585,584,586,-1,585,586,587,-1,587,586,588,-1,587,588,589,-1,589,588,590,-1,589,590,591,-1,591,590,592,-1,591,592,593,-1,594,593,595,-1,595,593,592,-1,596,594,597,-1,597,594,595,-1,573,596,575,-1,575,596,597,-1,572,576,573,-1,573,576,579,-1,573,579,596,-1,596,579,578,-1,596,578,582,-1,589,591,596,-1,596,591,593,-1,596,593,594,-1,582,585,596,-1,596,585,587,-1,596,587,589,-1,577,574,581,-1,581,574,575,-1,581,575,580,-1,580,575,597,-1,580,597,583,-1,595,592,597,-1,597,592,590,-1,597,590,588,-1,588,586,597,-1,597,586,584,-1,597,584,583,-1,598,599,600,-1,600,599,601,-1,602,598,603,-1,603,598,600,-1,604,605,606,-1,606,605,607,-1,608,604,609,-1,609,604,606,-1,608,609,610,-1,608,610,611,-1,611,610,612,-1,611,612,613,-1,613,612,614,-1,613,614,615,-1,615,614,616,-1,615,616,617,-1,617,616,618,-1,617,618,619,-1,620,619,621,-1,621,619,618,-1,622,620,623,-1,623,620,621,-1,599,622,601,-1,601,622,623,-1,619,620,622,-1,598,602,599,-1,599,602,605,-1,599,605,622,-1,619,622,617,-1,605,604,622,-1,622,604,608,-1,622,608,611,-1,611,613,622,-1,622,613,615,-1,622,615,617,-1,603,600,607,-1,607,600,601,-1,607,601,606,-1,606,601,623,-1,606,623,609,-1,621,618,623,-1,623,618,616,-1,623,616,614,-1,614,612,623,-1,623,612,610,-1,623,610,609,-1,624,625,626,-1,626,625,627,-1,625,628,627,-1,627,628,629,-1,630,628,624,-1,624,628,625,-1,629,631,627,-1,627,631,626,-1,632,633,634,-1,634,633,635,-1,633,636,635,-1,635,636,637,-1,638,636,632,-1,632,636,633,-1,637,639,635,-1,635,639,634,-1,640,641,642,-1,642,641,643,-1,641,644,643,-1,643,644,645,-1,646,644,640,-1,640,644,641,-1,645,647,643,-1,643,647,642,-1,648,649,650,-1,650,649,651,-1,649,652,651,-1,651,652,653,-1,654,652,648,-1,648,652,649,-1,653,655,651,-1,651,655,650,-1,656,657,658,-1,658,657,659,-1,657,660,659,-1,659,660,661,-1,662,660,656,-1,656,660,657,-1,661,663,659,-1,659,663,658,-1,664,665,666,-1,666,665,667,-1,665,668,667,-1,667,668,669,-1,670,668,664,-1,664,668,665,-1,669,671,667,-1,667,671,666,-1,672,673,674,-1,674,673,675,-1,673,676,675,-1,675,676,677,-1,678,676,672,-1,672,676,673,-1,677,679,675,-1,675,679,674,-1,680,681,682,-1,682,681,683,-1,681,684,683,-1,683,684,685,-1,686,684,680,-1,680,684,681,-1,685,687,683,-1,683,687,682,-1,688,689,690,-1,690,689,691,-1,689,692,691,-1,691,692,693,-1,694,692,688,-1,688,692,689,-1,693,695,691,-1,691,695,690,-1,696,697,698,-1,698,697,699,-1,697,700,699,-1,699,700,701,-1,702,700,696,-1,696,700,697,-1,701,703,699,-1,699,703,698,-1,704,705,706,-1,706,705,707,-1,705,708,707,-1,707,708,709,-1,710,708,704,-1,704,708,705,-1,709,711,707,-1,707,711,706,-1,712,713,714,-1,714,713,715,-1,713,716,715,-1,715,716,717,-1,718,716,712,-1,712,716,713,-1,717,719,715,-1,715,719,714,-1,720,721,722,-1,722,721,723,-1,721,724,723,-1,723,724,725,-1,726,724,720,-1,720,724,721,-1,725,727,723,-1,723,727,722,-1,728,729,730,-1,730,729,731,-1,729,732,731,-1,731,732,733,-1,734,732,728,-1,728,732,729,-1,733,735,731,-1,731,735,730,-1,736,737,738,-1,738,737,739,-1,737,740,739,-1,739,740,741,-1,742,740,736,-1,736,740,737,-1,741,743,739,-1,739,743,738,-1,744,745,746,-1,746,745,747,-1,745,748,747,-1,747,748,749,-1,750,748,744,-1,744,748,745,-1,749,751,747,-1,747,751,746,-1,752,753,754,-1,754,753,755,-1,753,756,755,-1,755,756,757,-1,758,756,752,-1,752,756,753,-1,757,759,755,-1,755,759,754,-1,760,761,762,-1,762,761,763,-1,761,764,763,-1,763,764,765,-1,766,764,760,-1,760,764,761,-1,765,767,763,-1,763,767,762,-1,768,769,770,-1,770,769,771,-1,769,772,771,-1,771,772,773,-1,774,772,768,-1,768,772,769,-1,773,775,771,-1,771,775,770,-1,776,777,778,-1,778,777,779,-1,777,780,779,-1,779,780,781,-1,782,780,776,-1,776,780,777,-1,781,783,779,-1,779,783,778,-1,784,785,786,-1,786,785,787,-1,785,788,787,-1,787,788,789,-1,790,788,784,-1,784,788,785,-1,789,791,787,-1,787,791,786,-1,792,793,794,-1,794,793,795,-1,793,796,795,-1,795,796,797,-1,798,796,792,-1,792,796,793,-1,797,799,795,-1,795,799,794,-1,800,801,802,-1,802,801,803,-1,801,804,803,-1,803,804,805,-1,806,804,800,-1,800,804,801,-1,805,807,803,-1,803,807,802,-1,808,809,810,-1,810,809,811,-1,809,812,811,-1,811,812,813,-1,814,812,808,-1,808,812,809,-1,813,815,811,-1,811,815,810,-1,
        ]
    }
}
Shape{
    appearance Appearance {
        material  Material 	{
            diffuseColor 1.0 1.0 1.0
            specularColor 0.5019607843137255 0.5019607843137255 0.5019607843137255
            ambientIntensity 0.2
            transparency 0
            shininess 0.5
        }
    }
    geometry IndexedFaceSet {
        ccw TRUE
        solid FALSE
        coord DEF co Coordinate {
            point [
                -3.2625 0.3976 0.2973, -3.2681 0.3976 0.2968, -3.2626 0.3976 0.2996, -3.2683 0.3976 0.2998, -3.2621 0.3976 0.3043, -3.2677 0.3976 0.3051, -3.261 0.3976 0.3075, -3.2663 0.3976 0.3091, -3.2595 0.3976 0.3099, -3.2637 0.3976 0.3129, -3.2581 0.3976 0.3114, -3.262 0.3976 0.3146, -3.2549 0.3976 0.3135, -3.2579 0.3976 0.3174, -3.2512 0.3976 0.3148, -3.2529 0.3976 0.3193, -3.246 0.3976 0.3153, -3.2462 0.3976 0.3201, -3.2397 0.3976 0.3153, -3.2343 0.3976 0.3201, -3.2397 0.3976 0.2832, -3.2343 0.3976 0.2784, -3.2458 0.3976 0.2832, -3.2458 0.3976 0.2784, -3.251 0.3976 0.2837, -3.2523 0.3976 0.2791, -3.2546 0.3976 0.285, -3.2571 0.3976 0.2809, -3.2573 0.3976 0.2868, -3.2612 0.3976 0.2836, -3.2582 0.3976 0.2875, -3.262 0.3976 0.2842, -3.2604 0.3976 0.2903, -3.265 0.3976 0.2877, -3.2618 0.3976 0.2934, -3.2671 0.3976 0.292, -3.262 0.3937 0.2842, -3.265 0.3937 0.2877, -3.2671 0.3937 0.292, -3.2681 0.3937 0.2968, -3.2683 0.3937 0.2998, -3.2677 0.3937 0.3051, -3.2663 0.3937 0.3091, -3.2637 0.3937 0.3129, -3.262 0.3937 0.3146, -3.2579 0.3937 0.3174, -3.2529 0.3937 0.3193, -3.2462 0.3937 0.3201, -3.2343 0.3937 0.3201, -3.2343 0.3937 0.2784, -3.2458 0.3937 0.2784, -3.2523 0.3937 0.2791, -3.2571 0.3937 0.2809, -3.2612 0.3937 0.2836, -3.2581 0.3937 0.3114, -3.2595 0.3937 0.3099, -3.261 0.3937 0.3075, -3.2621 0.3937 0.3043, -3.2626 0.3937 0.2996, -3.246 0.3937 0.3153, -3.2512 0.3937 0.3148, -3.2549 0.3937 0.3135, -3.2397 0.3937 0.3153, -3.2397 0.3937 0.2832, -3.2458 0.3937 0.2832, -3.2582 0.3937 0.2875, -3.2573 0.3937 0.2868, -3.2546 0.3937 0.285, -3.251 0.3937 0.2837, -3.2625 0.3937 0.2973, -3.2618 0.3937 0.2934, -3.2604 0.3937 0.2903, -3.2604 0.3937 0.2903
            ]
        }
        coordIndex [
            0,1,2,-1,2,1,3,-1,2,3,4,-1,4,3,5,-1,4,5,6,-1,6,5,7,-1,6,7,8,-1,8,7,9,-1,8,9,10,-1,10,9,11,-1,10,11,12,-1,12,11,13,-1,12,13,14,-1,14,13,15,-1,14,15,16,-1,16,15,17,-1,16,17,18,-1,18,17,19,-1,18,19,20,-1,20,19,21,-1,20,21,22,-1,22,21,23,-1,22,23,24,-1,24,23,25,-1,24,25,26,-1,26,25,27,-1,26,27,28,-1,28,27,29,-1,28,29,30,-1,30,29,31,-1,30,31,32,-1,32,31,33,-1,32,33,34,-1,34,33,35,-1,34,35,0,-1,0,35,1,-1,31,36,37,-1,31,37,33,-1,33,37,38,-1,33,38,35,-1,35,38,39,-1,35,39,1,-1,1,39,40,-1,1,40,3,-1,3,40,41,-1,3,41,5,-1,5,41,42,-1,5,42,7,-1,7,42,43,-1,7,43,9,-1,9,43,44,-1,9,44,11,-1,11,44,45,-1,11,45,13,-1,13,45,46,-1,13,46,15,-1,15,46,47,-1,15,47,17,-1,19,17,48,-1,48,17,47,-1,21,19,49,-1,49,19,48,-1,23,21,50,-1,50,21,49,-1,23,50,51,-1,23,51,25,-1,25,51,52,-1,25,52,27,-1,27,52,53,-1,27,53,29,-1,29,53,36,-1,29,36,31,-1,10,54,55,-1,10,55,8,-1,8,55,56,-1,8,56,6,-1,6,56,57,-1,6,57,4,-1,4,57,58,-1,4,58,2,-1,16,59,60,-1,16,60,14,-1,14,60,61,-1,14,61,12,-1,12,61,54,-1,12,54,10,-1,16,18,59,-1,59,18,62,-1,18,20,62,-1,62,20,63,-1,20,22,63,-1,63,22,64,-1,30,65,66,-1,30,66,28,-1,28,66,67,-1,28,67,26,-1,26,67,68,-1,26,68,24,-1,24,68,64,-1,24,64,22,-1,2,58,69,-1,2,69,0,-1,0,69,70,-1,0,70,34,-1,34,70,71,-1,34,71,32,-1,32,71,65,-1,32,65,30,-1,
        ]
    }
}
Shape{
    appearance Appearance {
        material  Material 	{
            diffuseColor 0.20784313725490197 0.20784313725490197 0.20784313725490197
            specularColor 0.01568627450980392 0.01568627450980392 0.01568627450980392
            ambientIntensity 0.2
            transparency 0
            shininess 0.5
        }
    }
    geometry IndexedFaceSet {
        ccw TRUE
        solid FALSE
        coord DEF co Coordinate {
            point [
                -3.2397 0.3937 0.3153, -3.2397 0.3937 0.2832, -3.246 0.3937 0.3153, -3.2458 0.3937 0.2832, -3.251 0.3937 0.2837, -3.2546 0.3937 0.285, -3.2573 0.3937 0.2868, -3.2582 0.3937 0.2875, -3.2604 0.3937 0.2903, -3.2618 0.3937 0.2934, -3.2625 0.3937 0.2973, -3.2626 0.3937 0.2996, -3.2621 0.3937 0.3043, -3.261 0.3937 0.3075, -3.2595 0.3937 0.3099, -3.2581 0.3937 0.3114, -3.2512 0.3937 0.3148, -3.2549 0.3937 0.3135, -3.2549 0.3937 0.3135
            ]
        }
        coordIndex [
            0,1,2,-1,2,1,3,-1,2,3,4,-1,4,5,2,-1,2,5,6,-1,2,6,7,-1,7,8,2,-1,2,8,9,-1,2,9,10,-1,10,11,2,-1,2,11,12,-1,2,12,13,-1,13,14,2,-1,2,14,15,-1,2,15,16,-1,16,15,17,-1,
        ]
    }
}
Shape{
    appearance Appearance {
        material  Material 	{
            diffuseColor 1.0 1.0 1.0
            specularColor 0.5019607843137255 0.5019607843137255 0.5019607843137255
            ambientIntensity 0.2
            transparency 0
            shininess 0.5
        }
    }
    geometry IndexedFaceSet {
        ccw TRUE
        solid FALSE
        coord DEF co Coordinate {
            point [
                -3.1849 0.3976 0.2858, -3.1849 0.3937 0.2858, -3.1845 0.3937 0.2844, -3.1845 0.3976 0.2844, -3.1842 0.3937 0.2833, -3.1842 0.3976 0.2833, -3.1841 0.3976 0.2833, -3.1841 0.3937 0.2833, -3.1834 0.3976 0.2858, -3.1834 0.3937 0.2858, -3.1757 0.3976 0.3082, -3.1782 0.3937 0.3009, -3.1757 0.3937 0.3082, -3.1698 0.3976 0.3082, -3.1698 0.3937 0.3082, -3.1815 0.3976 0.2785, -3.1782 0.3937 0.2869, -3.1815 0.3937 0.2785, -3.1792 0.3937 0.2731, -3.1792 0.3976 0.2731, -3.1813 0.3937 0.2781, -3.1782 0.3937 0.2712, -3.1782 0.3976 0.2712, -3.1782 0.3937 0.2712, -3.1772 0.3976 0.2701, -3.1772 0.3937 0.2701, -3.1762 0.3937 0.2694, -3.1762 0.3976 0.2694, -3.1751 0.3937 0.269, -3.1751 0.3976 0.269, -3.1738 0.3937 0.2689, -3.1738 0.3976 0.2689, -3.172 0.3937 0.2691, -3.172 0.3976 0.2691, -3.1709 0.3937 0.2694, -3.1709 0.3976 0.2694, -3.1709 0.3976 0.2648, -3.1709 0.3937 0.2648, -3.1731 0.3937 0.2644, -3.1731 0.3976 0.2644, -3.1743 0.3937 0.2644, -3.1743 0.3976 0.2644, -3.1764 0.3937 0.2646, -3.1764 0.3976 0.2646, -3.1782 0.3937 0.2653, -3.1784 0.3976 0.2654, -3.1784 0.3937 0.2654, -3.1803 0.3937 0.2667, -3.1803 0.3976 0.2667, -3.1806 0.3937 0.267, -3.1806 0.3976 0.267, -3.1825 0.3937 0.2693, -3.1825 0.3976 0.2693, -3.1849 0.3937 0.2739, -3.1849 0.3976 0.2739, -3.1984 0.3937 0.3082, -3.1984 0.3976 0.3082, -3.1865 0.3937 0.2781, -3.193 0.3976 0.3082, -3.193 0.3937 0.3082, -3.1551 0.3937 0.2777, -3.1584 0.3937 0.2781, -3.1551 0.3976 0.2777, -3.1593 0.3976 0.2781, -3.1593 0.3937 0.2781, -3.1622 0.3937 0.2791, -3.1622 0.3976 0.2791, -3.1637 0.3937 0.2801, -3.1637 0.3976 0.2801, -3.1652 0.3937 0.2814, -3.1652 0.3976 0.2814, -3.1662 0.3937 0.2828, -3.1662 0.3976 0.2828, -3.1668 0.3937 0.2844, -3.1668 0.3976 0.2844, -3.1671 0.3937 0.2865, -3.1671 0.3976 0.2865, -3.1669 0.3937 0.2885, -3.1669 0.3976 0.2885, -3.1663 0.3937 0.29, -3.1663 0.3976 0.29, -3.1653 0.3937 0.2914, -3.1653 0.3976 0.2914, -3.1641 0.3937 0.2925, -3.1641 0.3976 0.2925, -3.1606 0.3937 0.2945, -3.1606 0.3976 0.2945, -3.1586 0.3937 0.2953, -3.1586 0.3976 0.2953, -3.1554 0.3937 0.2967, -3.1554 0.3976 0.2967, -3.1535 0.3937 0.2978, -3.1535 0.3976 0.2978, -3.153 0.3937 0.2984, -3.153 0.3976 0.2984, -3.1526 0.3937 0.2991, -3.1526 0.3976 0.2991, -3.1524 0.3937 0.2999, -3.1524 0.3976 0.2999, -3.1524 0.3937 0.3006, -3.1524 0.3976 0.3006, -3.1525 0.3937 0.3015, -3.1525 0.3976 0.3015, -3.1527 0.3937 0.3022, -3.1527 0.3976 0.3022, -3.1532 0.3937 0.3028, -3.1532 0.3976 0.3028, -3.154 0.3937 0.3035, -3.154 0.3976 0.3035, -3.1551 0.3937 0.3041, -3.1551 0.3976 0.3041, -3.1565 0.3937 0.3045, -3.1565 0.3976 0.3045, -3.1581 0.3937 0.3046, -3.1581 0.3976 0.3046, -3.1615 0.3937 0.3042, -3.1615 0.3976 0.3042, -3.1645 0.3937 0.3032, -3.1645 0.3976 0.3032, -3.1657 0.3937 0.3025, -3.1657 0.3976 0.3025, -3.1657 0.3976 0.3075, -3.1657 0.3937 0.3075, -3.1615 0.3937 0.3087, -3.1615 0.3976 0.3087, -3.1586 0.3937 0.3089, -3.1586 0.3976 0.3089, -3.1548 0.3937 0.3085, -3.1548 0.3976 0.3085, -3.1519 0.3937 0.3074, -3.1519 0.3976 0.3074, -3.1504 0.3937 0.3065, -3.1504 0.3976 0.3065, -3.1494 0.3937 0.3056, -3.1488 0.3976 0.3051, -3.1488 0.3937 0.3051, -3.1478 0.3937 0.3037, -3.1478 0.3976 0.3037, -3.1472 0.3937 0.302, -3.1472 0.3976 0.302, -3.147 0.3937 0.3002, -3.147 0.3976 0.3002, -3.1472 0.3937 0.2981, -3.1472 0.3976 0.2981, -3.1478 0.3937 0.2965, -3.1478 0.3976 0.2965, -3.1485 0.3937 0.2954, -3.1485 0.3976 0.2954, -3.1549 0.3937 0.2915, -3.1549 0.3976 0.2915, -3.1518 0.3976 0.2929, -3.1493 0.3937 0.2945, -3.1493 0.3976 0.2945, -3.1494 0.3937 0.2945, -3.1518 0.3937 0.2929, -3.1583 0.3937 0.2901, -3.1583 0.3976 0.2901, -3.1604 0.3937 0.2888, -3.1604 0.3976 0.2888, -3.161 0.3937 0.2882, -3.161 0.3976 0.2882, -3.1614 0.3937 0.2875, -3.1614 0.3976 0.2875, -3.1617 0.3937 0.2866, -3.1617 0.3976 0.2866, -3.1617 0.3937 0.286, -3.1617 0.3976 0.286, -3.1616 0.3937 0.285, -3.1616 0.3976 0.285, -3.1614 0.3937 0.2843, -3.1614 0.3976 0.2843, -3.1609 0.3937 0.2836, -3.1609 0.3976 0.2836, -3.1603 0.3937 0.283, -3.1603 0.3976 0.283, -3.1598 0.3937 0.2828, -3.1598 0.3976 0.2828, -3.1585 0.3937 0.2823, -3.1585 0.3976 0.2823, -3.1558 0.3937 0.282, -3.1558 0.3976 0.282, -3.1556 0.3937 0.282, -3.1556 0.3976 0.282, -3.147 0.3937 0.2848, -3.147 0.3976 0.2848, -3.149 0.3976 0.2836, -3.1523 0.3937 0.2823, -3.1523 0.3976 0.2823, -3.1494 0.3937 0.2834, -3.149 0.3937 0.2836, -3.147 0.3976 0.2794, -3.147 0.3937 0.2794, -3.1494 0.3937 0.2786, -3.1507 0.3976 0.2781, -3.1516 0.3937 0.2781, -3.1507 0.3937 0.2781, -3.1347 0.3976 0.2784, -3.1399 0.3976 0.2784, -3.1347 0.3976 0.283, -3.1399 0.3976 0.2976, -3.1347 0.3976 0.2973, -3.1234 0.3976 0.2911, -3.1246 0.3976 0.2917, -3.1345 0.3976 0.283, -3.1318 0.3976 0.2838, -3.1337 0.3976 0.2818, -3.1303 0.3976 0.2828, -3.1277 0.3976 0.2924, -3.1347 0.3976 0.2933, -3.1347 0.3976 0.2905, -3.1347 0.3976 0.2901, -3.1343 0.3976 0.2878, -3.1336 0.3976 0.286, -3.1324 0.3976 0.2844, -3.1345 0.3976 0.2996, -3.1395 0.3976 0.3014, -3.1339 0.3976 0.3015, -3.1387 0.3976 0.3038, -3.1333 0.3976 0.3026, -3.1376 0.3976 0.3056, -3.1325 0.3976 0.3034, -3.1363 0.3976 0.3069, -3.1316 0.3976 0.304, -3.1345 0.3976 0.3079, -3.1304 0.3976 0.3044, -3.1323 0.3976 0.3086, -3.1286 0.3976 0.3046, -3.1291 0.3976 0.3089, -3.1255 0.3976 0.3043, -3.1242 0.3976 0.3083, -3.1222 0.3976 0.3032, -3.1203 0.3976 0.3069, -3.1189 0.3976 0.301, -3.1189 0.3976 0.3061, -3.1223 0.3976 0.2838, -3.1185 0.3976 0.28, -3.1228 0.3976 0.2833, -3.1203 0.3976 0.2788, -3.1238 0.3976 0.2826, -3.1223 0.3976 0.2781, -3.125 0.3976 0.2822, -3.1254 0.3976 0.2777, -3.1268 0.3976 0.282, -3.1281 0.3976 0.278, -3.1287 0.3976 0.2822, -3.1302 0.3976 0.2788, -3.1321 0.3976 0.28, -3.1213 0.3976 0.2876, -3.116 0.3976 0.2871, -3.1213 0.3976 0.2868, -3.116 0.3976 0.2864, -3.1214 0.3976 0.2856, -3.1162 0.3976 0.284, -3.1217 0.3976 0.2847, -3.1168 0.3976 0.2822, -3.1179 0.3976 0.2806, -3.1258 0.3976 0.2961, -3.122 0.3976 0.2952, -3.1226 0.3976 0.2906, -3.1198 0.3976 0.294, -3.122 0.3976 0.2898, -3.1181 0.3976 0.2927, -3.1216 0.3976 0.2888, -3.1171 0.3976 0.2912, -3.1163 0.3976 0.2894, -3.1286 0.3937 0.3046, -3.1304 0.3937 0.3044, -3.1316 0.3937 0.304, -3.1325 0.3937 0.3034, -3.1333 0.3937 0.3026, -3.1339 0.3937 0.3015, -3.1345 0.3937 0.2996, -3.1347 0.3937 0.2973, -3.1258 0.3937 0.2961, -3.122 0.3937 0.2952, -3.1198 0.3937 0.294, -3.1181 0.3937 0.2927, -3.1171 0.3937 0.2912, -3.1163 0.3937 0.2894, -3.116 0.3937 0.2871, -3.116 0.3937 0.2864, -3.1162 0.3937 0.284, -3.1168 0.3937 0.2822, -3.1179 0.3937 0.2806, -3.1185 0.3937 0.28, -3.1254 0.3937 0.2777, -3.1224 0.3937 0.2781, -3.1223 0.3937 0.2781, -3.1203 0.3937 0.2788, -3.1281 0.3937 0.278, -3.1282 0.3937 0.2781, -3.1302 0.3937 0.2788, -3.1321 0.3937 0.28, -3.1337 0.3937 0.2818, -3.1345 0.3937 0.283, -3.1347 0.3937 0.283, -3.1347 0.3937 0.2784, -3.1399 0.3937 0.2784, -3.1399 0.3937 0.2976, -3.1395 0.3937 0.3014, -3.1387 0.3937 0.3038, -3.1376 0.3937 0.3056, -3.1363 0.3937 0.3069, -3.1345 0.3937 0.3079, -3.1323 0.3937 0.3086, -3.1291 0.3937 0.3089, -3.1242 0.3937 0.3083, -3.1203 0.3937 0.3069, -3.1189 0.3937 0.3061, -3.1189 0.3937 0.301, -3.1222 0.3937 0.3032, -3.1255 0.3937 0.3043, -3.1324 0.3937 0.2844, -3.1318 0.3937 0.2838, -3.1303 0.3937 0.2828, -3.1287 0.3937 0.2822, -3.1268 0.3937 0.282, -3.1347 0.3937 0.2905, -3.1347 0.3937 0.2901, -3.1343 0.3937 0.2878, -3.1336 0.3937 0.286, -3.1347 0.3937 0.2933, -3.1277 0.3937 0.2924, -3.1226 0.3937 0.2906, -3.1234 0.3937 0.2911, -3.1246 0.3937 0.2917, -3.1213 0.3937 0.2868, -3.1213 0.3937 0.2876, -3.1216 0.3937 0.2888, -3.122 0.3937 0.2898, -3.1228 0.3937 0.2833, -3.1223 0.3937 0.2838, -3.1217 0.3937 0.2847, -3.1214 0.3937 0.2856, -3.125 0.3937 0.2822, -3.1238 0.3937 0.2826, -3.1238 0.3937 0.2826
            ]
        }
        coordIndex [
            0,1,2,-1,0,2,3,-1,3,2,4,-1,3,4,5,-1,6,5,7,-1,7,5,4,-1,8,6,9,-1,9,6,7,-1,8,9,10,-1,10,9,11,-1,10,11,12,-1,13,10,14,-1,14,10,12,-1,13,14,15,-1,15,14,16,-1,15,16,17,-1,18,19,20,-1,20,19,15,-1,20,15,17,-1,19,18,21,-1,19,21,22,-1,22,21,23,-1,22,23,24,-1,23,25,24,-1,24,25,26,-1,24,26,27,-1,27,26,28,-1,27,28,29,-1,29,28,30,-1,29,30,31,-1,31,30,32,-1,31,32,33,-1,33,32,34,-1,33,34,35,-1,36,35,37,-1,37,35,34,-1,36,37,38,-1,36,38,39,-1,39,38,40,-1,39,40,41,-1,41,40,42,-1,41,42,43,-1,43,42,44,-1,43,44,45,-1,44,46,45,-1,45,46,47,-1,45,47,48,-1,48,47,49,-1,48,49,50,-1,50,49,51,-1,50,51,52,-1,52,51,53,-1,52,53,54,-1,55,56,57,-1,57,56,54,-1,57,54,53,-1,58,56,59,-1,59,56,55,-1,0,58,1,-1,1,58,59,-1,3,5,54,-1,56,58,54,-1,54,58,0,-1,54,0,3,-1,10,13,8,-1,8,13,15,-1,8,15,6,-1,52,22,50,-1,50,22,24,-1,35,36,33,-1,33,36,39,-1,33,39,31,-1,31,39,41,-1,31,41,29,-1,29,41,43,-1,29,43,27,-1,27,43,45,-1,27,45,24,-1,24,45,48,-1,24,48,50,-1,5,6,54,-1,54,6,15,-1,54,15,52,-1,52,15,19,-1,52,19,22,-1,60,61,62,-1,62,61,63,-1,61,64,63,-1,63,64,65,-1,63,65,66,-1,66,65,67,-1,66,67,68,-1,68,67,69,-1,68,69,70,-1,70,69,71,-1,70,71,72,-1,72,71,73,-1,72,73,74,-1,74,73,75,-1,74,75,76,-1,76,75,77,-1,76,77,78,-1,78,77,79,-1,78,79,80,-1,80,79,81,-1,80,81,82,-1,82,81,83,-1,82,83,84,-1,84,83,85,-1,84,85,86,-1,86,85,87,-1,86,87,88,-1,88,87,89,-1,88,89,90,-1,90,89,91,-1,90,91,92,-1,92,91,93,-1,92,93,94,-1,94,93,95,-1,94,95,96,-1,96,95,97,-1,96,97,98,-1,98,97,99,-1,98,99,100,-1,100,99,101,-1,100,101,102,-1,102,101,103,-1,102,103,104,-1,104,103,105,-1,104,105,106,-1,106,105,107,-1,106,107,108,-1,108,107,109,-1,108,109,110,-1,110,109,111,-1,110,111,112,-1,112,111,113,-1,112,113,114,-1,114,113,115,-1,114,115,116,-1,116,115,117,-1,116,117,118,-1,118,117,119,-1,118,119,120,-1,121,120,122,-1,122,120,119,-1,121,122,123,-1,121,123,124,-1,124,123,125,-1,124,125,126,-1,126,125,127,-1,126,127,128,-1,128,127,129,-1,128,129,130,-1,130,129,131,-1,130,131,132,-1,131,133,132,-1,132,133,134,-1,133,135,134,-1,134,135,136,-1,134,136,137,-1,137,136,138,-1,137,138,139,-1,139,138,140,-1,139,140,141,-1,141,140,142,-1,141,142,143,-1,143,142,144,-1,143,144,145,-1,145,144,146,-1,145,146,147,-1,148,149,150,-1,147,146,151,-1,147,151,152,-1,152,151,153,-1,152,153,150,-1,150,153,154,-1,150,154,148,-1,149,148,155,-1,149,155,156,-1,156,155,157,-1,156,157,158,-1,158,157,159,-1,158,159,160,-1,160,159,161,-1,160,161,162,-1,162,161,163,-1,162,163,164,-1,164,163,165,-1,164,165,166,-1,166,165,167,-1,166,167,168,-1,168,167,169,-1,168,169,170,-1,170,169,171,-1,170,171,172,-1,172,171,173,-1,172,173,174,-1,174,173,175,-1,174,175,176,-1,176,175,177,-1,176,177,178,-1,178,177,179,-1,178,179,180,-1,180,179,181,-1,180,181,182,-1,183,184,185,-1,182,181,186,-1,182,186,187,-1,187,186,188,-1,187,188,185,-1,185,188,189,-1,185,189,183,-1,190,184,191,-1,191,184,183,-1,191,192,190,-1,190,192,193,-1,60,62,194,-1,194,62,193,-1,194,193,195,-1,195,193,192,-1,106,108,130,-1,130,108,128,-1,156,88,149,-1,149,88,90,-1,66,68,172,-1,172,68,70,-1,172,70,170,-1,170,70,72,-1,170,72,168,-1,168,72,74,-1,168,74,166,-1,166,74,76,-1,166,76,164,-1,164,76,78,-1,164,78,162,-1,162,78,80,-1,162,80,160,-1,160,80,82,-1,160,82,158,-1,158,82,84,-1,158,84,156,-1,156,84,86,-1,156,86,88,-1,62,182,193,-1,193,182,187,-1,193,187,190,-1,190,187,185,-1,190,185,184,-1,108,110,128,-1,128,110,112,-1,128,112,126,-1,126,112,114,-1,126,114,124,-1,124,114,116,-1,124,116,121,-1,121,116,118,-1,121,118,120,-1,172,174,66,-1,66,174,176,-1,66,176,63,-1,63,176,178,-1,63,178,62,-1,62,178,180,-1,62,180,182,-1,130,132,106,-1,106,132,134,-1,106,134,104,-1,104,134,137,-1,104,137,102,-1,102,137,139,-1,102,139,100,-1,100,139,141,-1,100,141,98,-1,98,141,143,-1,98,143,96,-1,96,143,145,-1,96,145,94,-1,94,145,147,-1,94,147,92,-1,92,147,152,-1,92,152,90,-1,90,152,150,-1,90,150,149,-1,196,197,198,-1,198,197,199,-1,200,201,202,-1,203,204,205,-1,205,204,206,-1,207,208,199,-1,199,208,209,-1,209,210,199,-1,199,210,211,-1,199,211,198,-1,198,211,212,-1,198,212,203,-1,203,212,213,-1,203,213,204,-1,202,207,200,-1,200,207,199,-1,200,199,214,-1,214,199,215,-1,214,215,216,-1,216,215,217,-1,216,217,218,-1,218,217,219,-1,218,219,220,-1,220,219,221,-1,220,221,222,-1,222,221,223,-1,222,223,224,-1,224,223,225,-1,224,225,226,-1,226,225,227,-1,226,227,228,-1,228,227,229,-1,228,229,230,-1,230,229,231,-1,230,231,232,-1,232,231,233,-1,234,235,236,-1,236,235,237,-1,236,237,238,-1,238,237,239,-1,238,239,240,-1,240,239,241,-1,240,241,242,-1,242,241,243,-1,242,243,244,-1,244,243,245,-1,244,245,206,-1,206,245,246,-1,206,246,205,-1,247,248,249,-1,249,248,250,-1,249,250,251,-1,251,250,252,-1,251,252,253,-1,253,252,254,-1,253,254,234,-1,234,254,255,-1,234,255,235,-1,200,256,201,-1,201,256,257,-1,201,257,258,-1,258,257,259,-1,258,259,260,-1,260,259,261,-1,260,261,262,-1,262,261,263,-1,262,263,247,-1,247,263,264,-1,247,264,248,-1,226,265,266,-1,226,266,224,-1,224,266,267,-1,224,267,222,-1,222,267,268,-1,222,268,220,-1,220,268,269,-1,220,269,218,-1,218,269,270,-1,218,270,216,-1,216,270,271,-1,216,271,214,-1,214,271,272,-1,214,272,200,-1,256,200,273,-1,273,200,272,-1,256,273,274,-1,256,274,257,-1,257,274,275,-1,257,275,259,-1,259,275,276,-1,259,276,261,-1,261,276,277,-1,261,277,263,-1,263,277,278,-1,263,278,264,-1,264,278,279,-1,264,279,248,-1,248,279,280,-1,248,280,250,-1,250,280,281,-1,250,281,252,-1,252,281,282,-1,252,282,254,-1,254,282,283,-1,254,283,255,-1,255,283,284,-1,255,284,235,-1,285,241,286,-1,286,241,239,-1,286,239,287,-1,287,239,237,-1,287,237,288,-1,288,237,235,-1,288,235,284,-1,241,285,289,-1,241,289,243,-1,243,289,290,-1,243,290,245,-1,290,291,245,-1,245,291,292,-1,245,292,246,-1,246,292,293,-1,246,293,205,-1,205,293,294,-1,205,294,203,-1,198,203,295,-1,295,203,294,-1,196,198,296,-1,296,198,295,-1,197,196,297,-1,297,196,296,-1,199,197,298,-1,298,197,297,-1,199,298,299,-1,199,299,215,-1,215,299,300,-1,215,300,217,-1,217,300,301,-1,217,301,219,-1,219,301,302,-1,219,302,221,-1,221,302,303,-1,221,303,223,-1,223,303,304,-1,223,304,225,-1,225,304,305,-1,225,305,227,-1,227,305,306,-1,227,306,229,-1,229,306,307,-1,229,307,231,-1,231,307,308,-1,231,308,233,-1,232,233,309,-1,309,233,308,-1,232,309,310,-1,232,310,230,-1,230,310,311,-1,230,311,228,-1,228,311,265,-1,228,265,226,-1,213,312,313,-1,213,313,204,-1,204,313,314,-1,204,314,206,-1,206,314,315,-1,206,315,244,-1,244,315,316,-1,244,316,242,-1,209,317,318,-1,209,318,210,-1,210,318,319,-1,210,319,211,-1,211,319,320,-1,211,320,212,-1,212,320,312,-1,212,312,213,-1,209,208,317,-1,317,208,321,-1,208,207,321,-1,321,207,322,-1,258,323,324,-1,258,324,201,-1,201,324,325,-1,201,325,202,-1,202,325,322,-1,202,322,207,-1,249,326,327,-1,249,327,247,-1,247,327,328,-1,247,328,262,-1,262,328,329,-1,262,329,260,-1,260,329,323,-1,260,323,258,-1,236,330,331,-1,236,331,234,-1,234,331,332,-1,234,332,253,-1,253,332,333,-1,253,333,251,-1,251,333,326,-1,251,326,249,-1,242,316,334,-1,242,334,240,-1,240,334,335,-1,240,335,238,-1,238,335,330,-1,238,330,236,-1,
        ]
    }
}
Shape{
    appearance Appearance {
        material  Material 	{
            diffuseColor 0.20784313725490197 0.20784313725490197 0.20784313725490197
            specularColor 0.01568627450980392 0.01568627450980392 0.01568627450980392
            ambientIntensity 0.2
            transparency 0
            shininess 0.5
        }
    }
    geometry IndexedFaceSet {
        ccw TRUE
        solid FALSE
        coord DEF co Coordinate {
            point [
                -3.1347 0.3937 0.2933, -3.1277 0.3937 0.2924, -3.1347 0.3937 0.2905, -3.1246 0.3937 0.2917, -3.1234 0.3937 0.2911, -3.1226 0.3937 0.2906, -3.1347 0.3937 0.2901, -3.1343 0.3937 0.2878, -3.122 0.3937 0.2898, -3.1336 0.3937 0.286, -3.1223 0.3937 0.2838, -3.1228 0.3937 0.2833, -3.1318 0.3937 0.2838, -3.1217 0.3937 0.2847, -3.1303 0.3937 0.2828, -3.1287 0.3937 0.2822, -3.1268 0.3937 0.282, -3.1216 0.3937 0.2888, -3.1213 0.3937 0.2876, -3.1324 0.3937 0.2844, -3.1213 0.3937 0.2868, -3.1214 0.3937 0.2856, -3.1238 0.3937 0.2826, -3.125 0.3937 0.2822, -3.125 0.3937 0.2822
            ]
        }
        coordIndex [
            0,1,2,-1,2,1,3,-1,3,4,2,-1,2,4,5,-1,2,5,6,-1,6,5,7,-1,7,5,8,-1,7,8,9,-1,10,11,12,-1,10,12,13,-1,14,12,15,-1,15,12,16,-1,8,17,9,-1,9,17,18,-1,9,18,19,-1,19,18,20,-1,19,20,12,-1,12,20,21,-1,12,21,13,-1,11,22,12,-1,12,22,23,-1,12,23,16,-1,
        ]
    }
}
Shape{
    appearance Appearance {
        material  Material 	{
            diffuseColor 1.0 1.0 1.0
            specularColor 0.5019607843137255 0.5019607843137255 0.5019607843137255
            ambientIntensity 0.2
            transparency 0
            shininess 0.5
        }
    }
    geometry IndexedFaceSet {
        ccw TRUE
        solid FALSE
        coord DEF co Coordinate {
            point [
                -2.9045 0.3976 0.2723, -2.909 0.3976 0.2669, -2.9017 0.3976 0.2987, -3.0007 0.3976 0.3132, -2.9915 0.3976 0.329, -2.9518 0.3976 0.3082, -2.9317 0.3976 0.2993, -2.9345 0.3976 0.2984, -3.0255 0.3976 0.3, -3.0203 0.3976 0.2975, -3.0255 0.3976 0.2801, -2.895 0.3976 0.3029, -2.8959 0.3976 0.2806, -2.9014 0.3976 0.2789, -2.94 0.3976 0.3164, -2.9328 0.3976 0.3181, -2.9263 0.3976 0.2992, -2.9368 0.3976 0.2967, -2.9388 0.3976 0.2946, -2.9592 0.3976 0.2913, -2.9177 0.3976 0.2872, -2.9179 0.3976 0.2901, -2.9187 0.3976 0.2929, -2.9048 0.3976 0.3049, -2.9203 0.3976 0.2953, -2.9096 0.3976 0.3105, -2.9214 0.3976 0.2966, -2.9157 0.3976 0.3148, -2.9238 0.3976 0.2982, -2.9222 0.3976 0.3173, -2.9295 0.3976 0.3183, -3.0105 0.3976 0.3426, -3.0129 0.3976 0.3426, -3.025 0.3976 0.3586, -3.0187 0.3976 0.3418, -3.0272 0.3976 0.3579, -3.0239 0.3976 0.3398, -3.0359 0.3976 0.3533, -3.0438 0.3976 0.3464, -3.0164 0.3976 0.2783, -3.0146 0.3976 0.2963, -2.9989 0.3976 0.2783, -3.0013 0.3976 0.2963, -2.9973 0.3976 0.2785, -2.927 0.3976 0.3524, -2.9292 0.3976 0.3512, -2.9201 0.3976 0.3728, -2.9332 0.3976 0.3597, -2.9261 0.3976 0.3799, -2.9397 0.3976 0.3678, -2.9331 0.3976 0.3859, -2.9478 0.3976 0.374, -2.9403 0.3976 0.3904, -2.94 0.3976 0.2922, -2.9407 0.3976 0.2894, -2.9592 0.3976 0.2883, -2.9407 0.3976 0.2867, -2.9589 0.3976 0.2843, -2.9292 0.3976 0.2996, -2.9464 0.3976 0.3131, -3.0285 0.3976 0.3365, -3.0313 0.3976 0.3335, -3.0497 0.3976 0.3379, -3.0342 0.3976 0.3285, -3.0532 0.3976 0.3288, -3.0357 0.3976 0.3228, -3.0544 0.3976 0.3198, -3.036 0.3976 0.3195, -3.0543 0.3976 0.3181, -3.0352 0.3976 0.3135, -2.954 0.3976 0.3956, -2.9575 0.3976 0.3781, -2.9687 0.3976 0.3975, -3.009 0.3976 0.382, -2.9994 0.3976 0.3664, -3.0187 0.3976 0.3708, -3.0055 0.3976 0.358, -3.0095 0.3976 0.3481, -3.0346 0.3976 0.2843, -3.0424 0.3976 0.2906, -3.0299 0.3976 0.3037, -3.0434 0.3976 0.2916, -3.0331 0.3976 0.3082, -3.0489 0.3976 0.2991, -3.0528 0.3976 0.3084, -2.8897 0.3976 0.3084, -2.8776 0.3976 0.2931, -2.8854 0.3976 0.2862, -2.8848 0.3976 0.3335, -2.8654 0.3976 0.3293, -2.8839 0.3976 0.326, -2.8652 0.3976 0.3254, -2.8844 0.3976 0.3205, -2.8662 0.3976 0.3154, -2.8867 0.3976 0.3133, -2.8701 0.3976 0.3043, -2.8763 0.3976 0.2947, -2.9204 0.3976 0.3548, -2.9166 0.3976 0.3733, -2.9135 0.3976 0.3557, -2.9132 0.3976 0.3734, -2.9095 0.3976 0.3554, -2.9032 0.3976 0.3724, -2.9022 0.3976 0.3534, -2.8921 0.3976 0.3685, -2.8957 0.3976 0.3497, -2.8821 0.3976 0.362, -2.8916 0.3976 0.3459, -2.8791 0.3976 0.3592, -2.8874 0.3976 0.3401, -2.8729 0.3976 0.3514, -2.8678 0.3976 0.341, -2.9183 0.3976 0.2844, -2.9194 0.3976 0.2819, -2.9998 0.3976 0.2966, -2.9927 0.3976 0.2814, -2.9934 0.3976 0.2807, -2.9674 0.3976 0.3796, -2.969 0.3976 0.3797, -2.9809 0.3976 0.3962, -2.9782 0.3976 0.3786, -2.9958 0.3976 0.3909, -2.9875 0.3976 0.3753, -2.996 0.3976 0.3697, -2.9569 0.3976 0.277, -2.94 0.3976 0.2839, -2.9532 0.3976 0.2706, -2.9386 0.3976 0.2813, -2.9495 0.3976 0.2664, -2.937 0.3976 0.2795, -2.9436 0.3976 0.2623, -2.9348 0.3976 0.2779, -2.937 0.3976 0.2596, -2.9322 0.3976 0.2769, -2.9295 0.3976 0.2587, -2.9292 0.3976 0.2765, -2.9287 0.3976 0.2587, -2.9287 0.3976 0.2765, -2.9217 0.3976 0.2597, -2.9261 0.3976 0.2769, -2.9148 0.3976 0.2625, -2.9234 0.3976 0.2781, -2.9211 0.3976 0.2798, -3.0007 0.3976 0.2964, -2.9953 0.3976 0.2793, -2.9903 0.3976 0.2875, -2.9906 0.3976 0.2852, -2.9914 0.3976 0.2832, -2.9972 0.3976 0.2963, -2.9952 0.3976 0.2955, -2.9904 0.3976 0.2886, -2.9934 0.3976 0.2943, -2.9921 0.3976 0.2929, -2.991 0.3976 0.2909, -2.9995 0.3976 0.2966, -3.0453 0.3937 0.3442, -3.0497 0.3937 0.3379, -3.052 0.3937 0.332, -3.0532 0.3937 0.3288, -3.0544 0.3937 0.3198, -3.0438 0.3937 0.3464, -3.0359 0.3937 0.3533, -3.0272 0.3937 0.3579, -3.025 0.3937 0.3586, -3.0187 0.3937 0.3708, -3.009 0.3937 0.382, -3.0022 0.3937 0.3866, -2.9958 0.3937 0.3909, -2.9809 0.3937 0.3962, -2.9687 0.3937 0.3975, -2.9331 0.3937 0.3859, -2.9343 0.3937 0.3866, -2.9403 0.3937 0.3904, -2.954 0.3937 0.3956, -2.9261 0.3937 0.3799, -2.9201 0.3937 0.3728, -2.9166 0.3937 0.3733, -2.9132 0.3937 0.3734, -2.9032 0.3937 0.3724, -2.8921 0.3937 0.3685, -2.8821 0.3937 0.362, -2.8791 0.3937 0.3592, -2.8729 0.3937 0.3514, -2.8693 0.3937 0.3442, -2.8678 0.3937 0.341, -2.8659 0.3937 0.332, -2.8654 0.3937 0.3293, -2.8652 0.3937 0.3254, -2.8662 0.3937 0.3154, -2.8701 0.3937 0.3043, -2.8763 0.3937 0.2947, -2.8776 0.3937 0.2931, -2.8854 0.3937 0.2862, -2.8959 0.3937 0.2806, -2.9014 0.3937 0.2789, -2.9017 0.3937 0.2781, -2.9045 0.3937 0.2723, -2.909 0.3937 0.2669, -2.9148 0.3937 0.2625, -2.9173 0.3937 0.2615, -2.9217 0.3937 0.2597, -2.9287 0.3937 0.2587, -2.9295 0.3937 0.2587, -2.9592 0.3937 0.2883, -2.937 0.3937 0.2596, -2.9418 0.3937 0.2615, -2.9436 0.3937 0.2623, -2.9495 0.3937 0.2664, -2.9532 0.3937 0.2706, -2.9569 0.3937 0.277, -2.9572 0.3937 0.2781, -2.9589 0.3937 0.2843, -2.9592 0.3937 0.2913, -3.0007 0.3937 0.3132, -2.9915 0.3937 0.329, -2.9518 0.3937 0.3082, -2.9464 0.3937 0.3131, -2.94 0.3937 0.3164, -2.9328 0.3937 0.3181, -2.9295 0.3937 0.3183, -2.9222 0.3937 0.3173, -2.9157 0.3937 0.3148, -2.9096 0.3937 0.3105, -2.9048 0.3937 0.3049, -2.9017 0.3937 0.2987, -2.895 0.3937 0.3029, -2.8897 0.3937 0.3084, -2.8867 0.3937 0.3133, -2.8844 0.3937 0.3205, -2.8839 0.3937 0.326, -2.8846 0.3937 0.332, -2.8848 0.3937 0.3335, -2.8874 0.3937 0.3401, -2.8904 0.3937 0.3442, -2.8916 0.3937 0.3459, -2.8957 0.3937 0.3497, -2.9022 0.3937 0.3534, -2.9095 0.3937 0.3554, -2.9135 0.3937 0.3557, -2.9204 0.3937 0.3548, -2.927 0.3937 0.3524, -2.9292 0.3937 0.3512, -2.9332 0.3937 0.3597, -2.9397 0.3937 0.3678, -2.9478 0.3937 0.374, -2.9575 0.3937 0.3781, -2.9674 0.3937 0.3796, -2.969 0.3937 0.3797, -3.0105 0.3937 0.3426, -3.0102 0.3937 0.3442, -3.0095 0.3937 0.3481, -3.0055 0.3937 0.358, -2.9994 0.3937 0.3664, -2.996 0.3937 0.3697, -2.9875 0.3937 0.3753, -2.9782 0.3937 0.3786, -3.0129 0.3937 0.3426, -3.0187 0.3937 0.3418, -3.0239 0.3937 0.3398, -3.0285 0.3937 0.3365, -3.0313 0.3937 0.3335, -3.0321 0.3937 0.332, -3.0342 0.3937 0.3285, -3.0357 0.3937 0.3228, -3.036 0.3937 0.3195, -3.0352 0.3937 0.3135, -3.0331 0.3937 0.3082, -3.0299 0.3937 0.3037, -3.0255 0.3937 0.3, -3.0203 0.3937 0.2975, -3.0146 0.3937 0.2963, -3.0013 0.3937 0.2963, -3.0007 0.3937 0.2964, -2.9998 0.3937 0.2966, -2.9995 0.3937 0.2966, -2.9972 0.3937 0.2963, -2.9952 0.3937 0.2955, -2.9934 0.3937 0.2943, -2.9921 0.3937 0.2929, -2.991 0.3937 0.2909, -2.9904 0.3937 0.2886, -2.9903 0.3937 0.2875, -2.9906 0.3937 0.2852, -2.9914 0.3937 0.2832, -2.9927 0.3937 0.2814, -2.9934 0.3937 0.2807, -2.9953 0.3937 0.2793, -2.9973 0.3937 0.2785, -2.9989 0.3937 0.2783, -3.0164 0.3937 0.2783, -3.0255 0.3937 0.2801, -3.0346 0.3937 0.2843, -3.0424 0.3937 0.2906, -3.0434 0.3937 0.2916, -3.0489 0.3937 0.2991, -3.0528 0.3937 0.3084, -3.0543 0.3937 0.3181, -2.9292 0.3937 0.2996, -2.9317 0.3937 0.2993, -2.9345 0.3937 0.2984, -2.9368 0.3937 0.2967, -2.9388 0.3937 0.2946, -2.94 0.3937 0.2922, -2.9407 0.3937 0.2894, -2.9407 0.3937 0.2867, -2.94 0.3937 0.2839, -2.9386 0.3937 0.2813, -2.937 0.3937 0.2795, -2.9348 0.3937 0.2779, -2.9322 0.3937 0.2769, -2.9292 0.3937 0.2765, -2.9287 0.3937 0.2765, -2.9261 0.3937 0.2769, -2.9234 0.3937 0.2781, -2.9211 0.3937 0.2798, -2.9194 0.3937 0.2819, -2.9183 0.3937 0.2844, -2.9177 0.3937 0.2872, -2.9179 0.3937 0.2901, -2.9187 0.3937 0.2929, -2.9203 0.3937 0.2953, -2.9214 0.3937 0.2966, -2.9238 0.3937 0.2982, -2.9263 0.3937 0.2992, -2.9263 0.3937 0.2992
            ]
        }
        coordIndex [
            0,1,2,-1,3,4,5,-1,6,7,3,-1,8,9,10,-1,11,12,2,-1,2,12,13,-1,2,13,0,-1,14,15,16,-1,7,17,3,-1,3,17,18,-1,3,18,19,-1,20,21,2,-1,2,21,22,-1,2,22,23,-1,23,22,24,-1,23,24,25,-1,25,24,26,-1,25,26,27,-1,27,26,28,-1,27,28,29,-1,29,28,16,-1,29,16,30,-1,30,16,15,-1,31,32,33,-1,33,32,34,-1,33,34,35,-1,35,34,36,-1,35,36,37,-1,37,36,38,-1,10,9,39,-1,39,9,40,-1,39,40,41,-1,41,40,42,-1,41,42,43,-1,44,45,46,-1,46,45,47,-1,46,47,48,-1,48,47,49,-1,48,49,50,-1,50,49,51,-1,50,51,52,-1,18,53,19,-1,19,53,54,-1,19,54,55,-1,55,54,56,-1,55,56,57,-1,6,3,58,-1,58,3,5,-1,58,5,16,-1,16,5,59,-1,16,59,14,-1,36,60,38,-1,38,60,61,-1,38,61,62,-1,62,61,63,-1,62,63,64,-1,64,63,65,-1,64,65,66,-1,66,65,67,-1,66,67,68,-1,68,67,69,-1,52,51,70,-1,70,51,71,-1,70,71,72,-1,73,74,75,-1,75,74,76,-1,75,76,33,-1,33,76,77,-1,33,77,31,-1,10,78,8,-1,8,78,79,-1,8,79,80,-1,80,79,81,-1,80,81,82,-1,82,81,83,-1,82,83,69,-1,69,83,84,-1,69,84,68,-1,85,86,11,-1,11,86,87,-1,11,87,12,-1,88,89,90,-1,90,89,91,-1,90,91,92,-1,92,91,93,-1,92,93,94,-1,94,93,95,-1,94,95,85,-1,85,95,96,-1,85,96,86,-1,44,46,97,-1,97,46,98,-1,97,98,99,-1,99,98,100,-1,99,100,101,-1,101,100,102,-1,101,102,103,-1,103,102,104,-1,103,104,105,-1,105,104,106,-1,105,106,107,-1,107,106,108,-1,107,108,109,-1,109,108,110,-1,109,110,88,-1,88,110,111,-1,88,111,89,-1,20,2,112,-1,112,2,1,-1,112,1,113,-1,114,115,116,-1,71,117,72,-1,72,117,118,-1,72,118,119,-1,119,118,120,-1,119,120,121,-1,121,120,122,-1,121,122,73,-1,73,122,123,-1,73,123,74,-1,57,56,124,-1,124,56,125,-1,124,125,126,-1,126,125,127,-1,126,127,128,-1,128,127,129,-1,128,129,130,-1,130,129,131,-1,130,131,132,-1,132,131,133,-1,132,133,134,-1,134,133,135,-1,134,135,136,-1,136,135,137,-1,136,137,138,-1,138,137,139,-1,138,139,140,-1,140,139,141,-1,140,141,1,-1,1,141,142,-1,1,142,113,-1,42,143,43,-1,43,143,114,-1,43,114,144,-1,144,114,116,-1,145,146,114,-1,114,146,147,-1,114,147,115,-1,148,149,150,-1,149,151,150,-1,150,151,152,-1,150,152,153,-1,145,114,150,-1,150,114,154,-1,150,154,148,-1,155,38,156,-1,156,38,62,-1,156,62,157,-1,157,62,64,-1,157,64,158,-1,158,64,66,-1,158,66,159,-1,155,160,38,-1,38,160,161,-1,38,161,37,-1,37,161,162,-1,37,162,35,-1,35,162,163,-1,35,163,33,-1,33,163,164,-1,33,164,75,-1,75,164,165,-1,75,165,73,-1,73,165,121,-1,121,165,166,-1,166,167,121,-1,121,167,168,-1,121,168,119,-1,119,168,169,-1,119,169,72,-1,170,50,171,-1,171,50,52,-1,171,52,172,-1,172,52,70,-1,172,70,173,-1,173,70,72,-1,173,72,169,-1,50,170,174,-1,50,174,48,-1,48,174,175,-1,48,175,46,-1,46,175,176,-1,46,176,98,-1,98,176,177,-1,98,177,100,-1,100,177,178,-1,100,178,102,-1,102,178,179,-1,102,179,104,-1,104,179,180,-1,104,180,106,-1,106,180,181,-1,106,181,108,-1,111,110,182,-1,182,110,108,-1,182,108,181,-1,182,183,111,-1,111,183,184,-1,111,184,89,-1,89,184,185,-1,185,186,89,-1,89,186,187,-1,89,187,91,-1,91,187,188,-1,91,188,93,-1,93,188,189,-1,93,189,95,-1,95,189,190,-1,95,190,96,-1,96,190,191,-1,96,191,86,-1,86,191,192,-1,86,192,87,-1,87,192,193,-1,87,193,12,-1,12,193,194,-1,12,194,13,-1,13,194,195,-1,13,195,0,-1,195,196,0,-1,0,196,197,-1,0,197,1,-1,1,197,198,-1,1,198,140,-1,140,198,199,-1,140,199,138,-1,199,200,138,-1,138,200,201,-1,138,201,136,-1,136,201,202,-1,136,202,134,-1,203,55,57,-1,134,202,204,-1,134,204,132,-1,132,204,205,-1,132,205,130,-1,205,206,130,-1,130,206,207,-1,130,207,128,-1,128,207,208,-1,128,208,126,-1,126,208,209,-1,126,209,124,-1,124,209,210,-1,124,210,57,-1,57,210,211,-1,57,211,203,-1,19,55,212,-1,212,55,203,-1,3,19,213,-1,213,19,212,-1,4,3,214,-1,214,3,213,-1,5,4,215,-1,215,4,214,-1,5,215,216,-1,5,216,59,-1,59,216,217,-1,59,217,14,-1,14,217,218,-1,14,218,15,-1,15,218,219,-1,15,219,30,-1,30,219,220,-1,30,220,29,-1,29,220,221,-1,29,221,27,-1,27,221,222,-1,27,222,25,-1,25,222,223,-1,25,223,23,-1,23,223,224,-1,23,224,2,-1,2,224,225,-1,2,225,11,-1,11,225,226,-1,11,226,85,-1,85,226,227,-1,85,227,94,-1,94,227,228,-1,94,228,92,-1,92,228,229,-1,92,229,90,-1,229,230,90,-1,90,230,88,-1,230,231,88,-1,88,231,232,-1,88,232,109,-1,109,232,233,-1,109,233,107,-1,233,234,107,-1,107,234,235,-1,107,235,105,-1,105,235,236,-1,105,236,103,-1,103,236,237,-1,103,237,101,-1,101,237,238,-1,101,238,99,-1,99,238,239,-1,99,239,97,-1,97,239,240,-1,97,240,44,-1,44,240,241,-1,44,241,45,-1,45,241,242,-1,45,242,47,-1,47,242,243,-1,47,243,49,-1,49,243,244,-1,49,244,51,-1,51,244,245,-1,51,245,71,-1,71,245,246,-1,71,246,117,-1,117,246,247,-1,117,247,118,-1,248,31,249,-1,249,31,77,-1,249,77,250,-1,250,77,76,-1,250,76,251,-1,251,76,74,-1,251,74,252,-1,252,74,123,-1,252,123,253,-1,253,123,122,-1,253,122,254,-1,254,122,120,-1,254,120,255,-1,255,120,118,-1,255,118,247,-1,32,31,256,-1,256,31,248,-1,32,256,257,-1,32,257,34,-1,34,257,258,-1,34,258,36,-1,36,258,259,-1,36,259,60,-1,60,259,260,-1,60,260,61,-1,61,260,261,-1,61,261,63,-1,261,262,63,-1,63,262,263,-1,63,263,65,-1,65,263,264,-1,65,264,67,-1,67,264,265,-1,67,265,69,-1,69,265,266,-1,69,266,82,-1,82,266,267,-1,82,267,80,-1,80,267,268,-1,80,268,8,-1,8,268,269,-1,8,269,9,-1,9,269,270,-1,9,270,40,-1,42,40,271,-1,271,40,270,-1,42,271,272,-1,42,272,143,-1,143,272,273,-1,143,273,114,-1,114,273,274,-1,114,274,154,-1,154,274,275,-1,154,275,148,-1,148,275,276,-1,148,276,149,-1,149,276,277,-1,149,277,151,-1,151,277,278,-1,151,278,152,-1,152,278,279,-1,152,279,153,-1,153,279,280,-1,153,280,150,-1,150,280,281,-1,150,281,145,-1,145,281,282,-1,145,282,146,-1,146,282,283,-1,146,283,147,-1,147,283,284,-1,147,284,115,-1,115,284,285,-1,115,285,116,-1,116,285,286,-1,116,286,144,-1,144,286,287,-1,144,287,43,-1,43,287,288,-1,43,288,41,-1,39,41,289,-1,289,41,288,-1,39,289,290,-1,39,290,10,-1,10,290,291,-1,10,291,78,-1,78,291,292,-1,78,292,79,-1,79,292,293,-1,79,293,81,-1,81,293,294,-1,81,294,83,-1,83,294,295,-1,83,295,84,-1,84,295,296,-1,84,296,68,-1,68,296,159,-1,68,159,66,-1,58,297,298,-1,58,298,6,-1,6,298,299,-1,6,299,7,-1,7,299,300,-1,7,300,17,-1,17,300,301,-1,17,301,18,-1,18,301,302,-1,18,302,53,-1,53,302,303,-1,53,303,54,-1,54,303,304,-1,54,304,56,-1,56,304,305,-1,56,305,125,-1,125,305,306,-1,125,306,127,-1,127,306,307,-1,127,307,129,-1,129,307,308,-1,129,308,131,-1,131,308,309,-1,131,309,133,-1,133,309,310,-1,133,310,135,-1,135,310,311,-1,135,311,137,-1,137,311,312,-1,137,312,139,-1,139,312,313,-1,139,313,141,-1,141,313,314,-1,141,314,142,-1,142,314,315,-1,142,315,113,-1,113,315,316,-1,113,316,112,-1,112,316,317,-1,112,317,20,-1,20,317,318,-1,20,318,21,-1,21,318,319,-1,21,319,22,-1,22,319,320,-1,22,320,24,-1,24,320,321,-1,24,321,26,-1,26,321,322,-1,26,322,28,-1,28,322,323,-1,28,323,16,-1,16,323,297,-1,16,297,58,-1,
        ]
    }
}
Shape{
    appearance Appearance {
        material  Material 	{
            diffuseColor 0.20784313725490197 0.20784313725490197 0.20784313725490197
            specularColor 0.01568627450980392 0.01568627450980392 0.01568627450980392
            ambientIntensity 0.2
            transparency 0
            shininess 0.5
        }
    }
    geometry IndexedFaceSet {
        ccw TRUE
        solid FALSE
        coord DEF co Coordinate {
            point [
                -2.9287 0.3937 0.2765, -2.9214 0.3937 0.2966, -2.9203 0.3937 0.2953, -2.9322 0.3937 0.2769, -2.9348 0.3937 0.2779, -2.9317 0.3937 0.2993, -2.9292 0.3937 0.2996, -2.9263 0.3937 0.2992, -2.9238 0.3937 0.2982, -2.9183 0.3937 0.2844, -2.9194 0.3937 0.2819, -2.9211 0.3937 0.2798, -2.9292 0.3937 0.2765, -2.9187 0.3937 0.2929, -2.9179 0.3937 0.2901, -2.9177 0.3937 0.2872, -2.9234 0.3937 0.2781, -2.9261 0.3937 0.2769, -2.937 0.3937 0.2795, -2.9386 0.3937 0.2813, -2.94 0.3937 0.2839, -2.9407 0.3937 0.2867, -2.9407 0.3937 0.2894, -2.94 0.3937 0.2922, -2.9388 0.3937 0.2946, -2.9368 0.3937 0.2967, -2.9345 0.3937 0.2984, -2.9345 0.3937 0.2984
            ]
        }
        coordIndex [
            0,1,2,-1,3,4,5,-1,6,7,0,-1,0,7,8,-1,0,8,1,-1,9,10,2,-1,2,10,11,-1,6,0,5,-1,5,0,12,-1,5,12,3,-1,13,14,2,-1,2,14,15,-1,2,15,9,-1,11,16,2,-1,2,16,17,-1,2,17,0,-1,4,18,5,-1,5,18,19,-1,5,19,20,-1,20,21,5,-1,5,21,22,-1,5,22,23,-1,23,24,5,-1,5,24,25,-1,5,25,26,-1,
        ]
    }
}
Shape{
    appearance Appearance {
        material  Material 	{
            diffuseColor 1.0 1.0 1.0
            specularColor 0.5019607843137255 0.5019607843137255 0.5019607843137255
            ambientIntensity 0.2
            transparency 0
            shininess 0.5
        }
    }
    geometry IndexedFaceSet {
        ccw TRUE
        solid FALSE
        coord DEF co Coordinate {
            point [
                -3.2103 0.3976 0.3634, -3.2159 0.3976 0.363, -3.2104 0.3976 0.3658, -3.2161 0.3976 0.366, -3.2099 0.3976 0.3705, -3.2155 0.3976 0.3712, -3.2088 0.3976 0.3737, -3.214 0.3976 0.3753, -3.2073 0.3976 0.3761, -3.2115 0.3976 0.379, -3.2058 0.3976 0.3775, -3.2098 0.3976 0.3807, -3.2026 0.3976 0.3797, -3.2056 0.3976 0.3836, -3.199 0.3976 0.3809, -3.2006 0.3976 0.3855, -3.1938 0.3976 0.3815, -3.194 0.3976 0.3863, -3.1875 0.3976 0.3815, -3.1821 0.3976 0.3863, -3.1875 0.3976 0.3493, -3.1821 0.3976 0.3446, -3.1936 0.3976 0.3493, -3.1936 0.3976 0.3446, -3.1987 0.3976 0.3499, -3.2 0.3976 0.3453, -3.2023 0.3976 0.3511, -3.2049 0.3976 0.347, -3.2051 0.3976 0.3529, -3.209 0.3976 0.3497, -3.2059 0.3976 0.3537, -3.2098 0.3976 0.3504, -3.2081 0.3976 0.3564, -3.2127 0.3976 0.3539, -3.2095 0.3976 0.3595, -3.2148 0.3976 0.3582, -3.2098 0.3937 0.3504, -3.2127 0.3937 0.3539, -3.2148 0.3937 0.3582, -3.2159 0.3937 0.363, -3.2161 0.3937 0.366, -3.2155 0.3937 0.3712, -3.214 0.3937 0.3753, -3.2115 0.3937 0.379, -3.2098 0.3937 0.3807, -3.194 0.3937 0.3863, -3.2056 0.3937 0.3836, -3.2012 0.3937 0.3853, -3.2006 0.3937 0.3855, -3.1821 0.3937 0.3863, -3.1821 0.3937 0.3446, -3.1936 0.3937 0.3446, -3.2 0.3937 0.3453, -3.2012 0.3937 0.3457, -3.2049 0.3937 0.347, -3.209 0.3937 0.3497, -3.2058 0.3937 0.3775, -3.2073 0.3937 0.3761, -3.2088 0.3937 0.3737, -3.2099 0.3937 0.3705, -3.2104 0.3937 0.3658, -3.1938 0.3937 0.3815, -3.199 0.3937 0.3809, -3.2026 0.3937 0.3797, -3.1875 0.3937 0.3815, -3.1875 0.3937 0.3493, -3.1936 0.3937 0.3493, -3.2059 0.3937 0.3537, -3.2051 0.3937 0.3529, -3.2023 0.3937 0.3511, -3.1987 0.3937 0.3499, -3.2103 0.3937 0.3634, -3.2095 0.3937 0.3595, -3.2081 0.3937 0.3564, -3.2081 0.3937 0.3564
            ]
        }
        coordIndex [
            0,1,2,-1,2,1,3,-1,2,3,4,-1,4,3,5,-1,4,5,6,-1,6,5,7,-1,6,7,8,-1,8,7,9,-1,8,9,10,-1,10,9,11,-1,10,11,12,-1,12,11,13,-1,12,13,14,-1,14,13,15,-1,14,15,16,-1,16,15,17,-1,16,17,18,-1,18,17,19,-1,18,19,20,-1,20,19,21,-1,20,21,22,-1,22,21,23,-1,22,23,24,-1,24,23,25,-1,24,25,26,-1,26,25,27,-1,26,27,28,-1,28,27,29,-1,28,29,30,-1,30,29,31,-1,30,31,32,-1,32,31,33,-1,32,33,34,-1,34,33,35,-1,34,35,0,-1,0,35,1,-1,31,36,37,-1,31,37,33,-1,33,37,38,-1,33,38,35,-1,35,38,39,-1,35,39,1,-1,1,39,40,-1,1,40,3,-1,3,40,41,-1,3,41,5,-1,5,41,42,-1,5,42,7,-1,7,42,43,-1,7,43,9,-1,9,43,44,-1,9,44,11,-1,45,17,15,-1,11,44,46,-1,11,46,13,-1,13,46,47,-1,13,47,15,-1,15,47,48,-1,15,48,45,-1,19,17,49,-1,49,17,45,-1,21,19,50,-1,50,19,49,-1,23,21,51,-1,51,21,50,-1,23,51,52,-1,23,52,25,-1,25,52,53,-1,25,53,27,-1,53,54,27,-1,27,54,55,-1,27,55,29,-1,29,55,36,-1,29,36,31,-1,10,56,57,-1,10,57,8,-1,8,57,58,-1,8,58,6,-1,6,58,59,-1,6,59,4,-1,4,59,60,-1,4,60,2,-1,16,61,62,-1,16,62,14,-1,14,62,63,-1,14,63,12,-1,12,63,56,-1,12,56,10,-1,16,18,61,-1,61,18,64,-1,18,20,64,-1,64,20,65,-1,20,22,65,-1,65,22,66,-1,30,67,68,-1,30,68,28,-1,28,68,69,-1,28,69,26,-1,26,69,70,-1,26,70,24,-1,24,70,66,-1,24,66,22,-1,2,60,71,-1,2,71,0,-1,0,71,72,-1,0,72,34,-1,34,72,73,-1,34,73,32,-1,32,73,67,-1,32,67,30,-1,
        ]
    }
}
Shape{
    appearance Appearance {
        material  Material 	{
            diffuseColor 0.20784313725490197 0.20784313725490197 0.20784313725490197
            specularColor 0.01568627450980392 0.01568627450980392 0.01568627450980392
            ambientIntensity 0.2
            transparency 0
            shininess 0.5
        }
    }
    geometry IndexedFaceSet {
        ccw TRUE
        solid FALSE
        coord DEF co Coordinate {
            point [
                -3.1875 0.3937 0.3815, -3.1875 0.3937 0.3493, -3.1938 0.3937 0.3815, -3.1936 0.3937 0.3493, -3.1987 0.3937 0.3499, -3.2023 0.3937 0.3511, -3.2051 0.3937 0.3529, -3.2059 0.3937 0.3537, -3.2081 0.3937 0.3564, -3.2095 0.3937 0.3595, -3.2103 0.3937 0.3634, -3.2104 0.3937 0.3658, -3.2099 0.3937 0.3705, -3.2088 0.3937 0.3737, -3.2073 0.3937 0.3761, -3.2058 0.3937 0.3775, -3.199 0.3937 0.3809, -3.2026 0.3937 0.3797, -3.2026 0.3937 0.3797
            ]
        }
        coordIndex [
            0,1,2,-1,2,1,3,-1,2,3,4,-1,4,5,2,-1,2,5,6,-1,2,6,7,-1,7,8,2,-1,2,8,9,-1,2,9,10,-1,10,11,2,-1,2,11,12,-1,2,12,13,-1,13,14,2,-1,2,14,15,-1,2,15,16,-1,16,15,17,-1,
        ]
    }
}
Shape{
    appearance Appearance {
        material  Material 	{
            diffuseColor 1.0 1.0 1.0
            specularColor 0.5019607843137255 0.5019607843137255 0.5019607843137255
            ambientIntensity 0.2
            transparency 0
            shininess 0.5
        }
    }
    geometry IndexedFaceSet {
        ccw TRUE
        solid FALSE
        coord DEF co Coordinate {
            point [
                -3.1327 0.3976 0.3487, -3.1327 0.3937 0.3487, -3.1288 0.3937 0.3491, -3.1288 0.3976 0.3491, -3.1258 0.3937 0.3502, -3.1258 0.3976 0.3502, -3.123 0.3937 0.3521, -3.123 0.3976 0.3521, -3.122 0.3937 0.3531, -3.122 0.3976 0.3531, -3.1199 0.3937 0.356, -3.1199 0.3976 0.356, -3.1185 0.3937 0.3594, -3.1185 0.3976 0.3594, -3.1179 0.3937 0.3646, -3.1179 0.3976 0.3646, -3.1179 0.3937 0.3649, -3.1179 0.3976 0.3649, -3.1184 0.3937 0.3701, -3.1184 0.3976 0.3701, -3.1198 0.3937 0.3739, -3.1198 0.3976 0.3739, -3.1217 0.3937 0.3768, -3.1217 0.3976 0.3768, -3.1223 0.3937 0.3775, -3.1223 0.3976 0.3775, -3.1249 0.3937 0.3797, -3.1249 0.3976 0.3797, -3.1282 0.3937 0.3813, -3.1282 0.3976 0.3813, -3.1318 0.3937 0.382, -3.1318 0.3976 0.382, -3.1336 0.3937 0.3821, -3.1336 0.3976 0.3821, -3.1385 0.3937 0.3816, -3.1385 0.3976 0.3816, -3.1428 0.3937 0.38, -3.1428 0.3976 0.38, -3.1435 0.3937 0.3796, -3.1435 0.3976 0.3796, -3.1435 0.3976 0.3853, -3.1435 0.3937 0.3853, -3.1336 0.3937 0.387, -3.1336 0.3976 0.387, -3.134 0.3976 0.387, -3.1393 0.3937 0.3865, -3.1393 0.3976 0.3865, -3.1379 0.3937 0.3866, -3.134 0.3937 0.387, -3.128 0.3976 0.3864, -3.1304 0.3937 0.3866, -3.128 0.3937 0.3864, -3.1236 0.3937 0.3848, -3.1236 0.3976 0.3848, -3.1195 0.3937 0.382, -3.1195 0.3976 0.382, -3.1183 0.3937 0.3808, -3.1183 0.3976 0.3808, -3.1154 0.3937 0.3771, -3.1154 0.3976 0.3771, -3.1141 0.3937 0.3742, -3.1133 0.3976 0.3725, -3.1133 0.3937 0.3725, -3.1123 0.3937 0.3671, -3.1123 0.3976 0.3671, -3.1122 0.3937 0.3646, -3.1122 0.3976 0.3646, -3.1129 0.3937 0.3585, -3.1129 0.3976 0.3585, -3.1141 0.3937 0.3551, -3.1145 0.3976 0.354, -3.1145 0.3937 0.354, -3.1169 0.3937 0.3503, -3.1169 0.3976 0.3503, -3.1176 0.3937 0.3496, -3.1176 0.3976 0.3496, -3.1319 0.3937 0.3439, -3.1319 0.3976 0.3439, -3.1291 0.3976 0.344, -3.1207 0.3937 0.3469, -3.1207 0.3976 0.3469, -3.1246 0.3937 0.345, -3.1246 0.3976 0.345, -3.1282 0.3937 0.3442, -3.1291 0.3937 0.344, -3.1435 0.3937 0.3463, -3.1435 0.3976 0.3463, -3.1387 0.3976 0.3446, -3.1353 0.3937 0.3442, -3.1387 0.3937 0.3446, -3.1435 0.3976 0.3515, -3.1435 0.3937 0.3515, -3.1392 0.3937 0.3496, -3.1392 0.3976 0.3496, -3.1344 0.3937 0.3487, -3.1344 0.3976 0.3487, -3.2823 0.3976 0.2945, -3.2885 0.3976 0.3119, -3.2865 0.3976 0.3201, -3.2706 0.3976 0.2784, -3.2766 0.3976 0.2784, -3.2806 0.3976 0.2898, -3.2889 0.3976 0.3131, -3.2892 0.3976 0.3148, -3.2922 0.3976 0.3201, -3.2893 0.3976 0.3148, -3.2897 0.3976 0.313, -3.29 0.3976 0.3119, -3.2963 0.3976 0.2945, -3.3081 0.3976 0.2784, -3.3022 0.3976 0.2784, -3.2979 0.3976 0.2898, -3.2865 0.3937 0.3201, -3.2922 0.3937 0.3201, -3.2706 0.3937 0.2784, -3.2766 0.3937 0.2784, -3.2806 0.3937 0.2898, -3.2979 0.3937 0.2898, -3.3022 0.3937 0.2784, -3.3081 0.3937 0.2784, -3.2885 0.3937 0.3119, -3.2889 0.3937 0.3131, -3.2892 0.3937 0.3148, -3.2823 0.3937 0.2945, -3.2963 0.3937 0.2945, -3.29 0.3937 0.3119, -3.2893 0.3937 0.3148, -3.2897 0.3937 0.313, -3.2897 0.3937 0.313
            ]
        }
        coordIndex [
            0,1,2,-1,0,2,3,-1,3,2,4,-1,3,4,5,-1,5,4,6,-1,5,6,7,-1,7,6,8,-1,7,8,9,-1,9,8,10,-1,9,10,11,-1,11,10,12,-1,11,12,13,-1,13,12,14,-1,13,14,15,-1,15,14,16,-1,15,16,17,-1,17,16,18,-1,17,18,19,-1,19,18,20,-1,19,20,21,-1,21,20,22,-1,21,22,23,-1,23,22,24,-1,23,24,25,-1,25,24,26,-1,25,26,27,-1,27,26,28,-1,27,28,29,-1,29,28,30,-1,29,30,31,-1,31,30,32,-1,31,32,33,-1,33,32,34,-1,33,34,35,-1,35,34,36,-1,35,36,37,-1,37,36,38,-1,37,38,39,-1,40,39,41,-1,41,39,38,-1,42,43,44,-1,40,41,45,-1,40,45,46,-1,46,45,47,-1,46,47,44,-1,44,47,48,-1,44,48,42,-1,43,42,49,-1,49,42,50,-1,50,51,49,-1,49,51,52,-1,49,52,53,-1,53,52,54,-1,53,54,55,-1,55,54,56,-1,55,56,57,-1,57,56,58,-1,57,58,59,-1,59,58,60,-1,59,60,61,-1,60,62,61,-1,61,62,63,-1,61,63,64,-1,64,63,65,-1,64,65,66,-1,66,65,67,-1,66,67,68,-1,68,67,69,-1,68,69,70,-1,69,71,70,-1,70,71,72,-1,70,72,73,-1,73,72,74,-1,73,74,75,-1,76,77,78,-1,75,74,79,-1,75,79,80,-1,80,79,81,-1,80,81,82,-1,82,81,83,-1,82,83,78,-1,78,83,84,-1,78,84,76,-1,85,86,87,-1,77,76,88,-1,77,88,87,-1,87,88,89,-1,87,89,85,-1,90,86,91,-1,91,86,85,-1,90,91,92,-1,90,92,93,-1,93,92,94,-1,93,94,95,-1,95,94,1,-1,95,1,0,-1,37,39,40,-1,11,13,68,-1,19,21,59,-1,68,13,66,-1,59,21,57,-1,37,40,35,-1,35,40,46,-1,35,46,33,-1,33,46,44,-1,33,44,31,-1,31,44,43,-1,31,43,29,-1,29,43,49,-1,29,49,27,-1,86,90,87,-1,87,90,93,-1,87,93,77,-1,49,53,27,-1,27,53,55,-1,27,55,25,-1,25,55,57,-1,25,57,23,-1,23,57,21,-1,68,70,11,-1,11,70,73,-1,11,73,9,-1,9,73,75,-1,9,75,7,-1,7,75,80,-1,7,80,5,-1,5,80,82,-1,5,82,3,-1,3,82,78,-1,3,78,0,-1,0,78,77,-1,0,77,95,-1,95,77,93,-1,13,15,66,-1,66,15,17,-1,66,17,64,-1,64,17,19,-1,64,19,61,-1,61,19,59,-1,96,97,98,-1,99,100,101,-1,97,102,98,-1,98,102,103,-1,98,103,104,-1,104,103,105,-1,104,105,106,-1,106,107,104,-1,104,107,108,-1,104,108,109,-1,110,109,111,-1,111,109,108,-1,111,108,101,-1,101,108,96,-1,101,96,99,-1,99,96,98,-1,98,104,112,-1,112,104,113,-1,99,98,114,-1,114,98,112,-1,100,99,115,-1,115,99,114,-1,101,100,116,-1,116,100,115,-1,111,101,117,-1,117,101,116,-1,110,111,118,-1,118,111,117,-1,109,110,119,-1,119,110,118,-1,104,109,113,-1,113,109,119,-1,97,120,121,-1,97,121,102,-1,102,121,122,-1,102,122,103,-1,97,96,120,-1,120,96,123,-1,96,108,123,-1,123,108,124,-1,108,107,124,-1,124,107,125,-1,105,126,127,-1,105,127,106,-1,106,127,125,-1,106,125,107,-1,105,103,126,-1,126,103,122,-1,
        ]
    }
}
Shape{
    appearance Appearance {
        material  Material 	{
            diffuseColor 0.20784313725490197 0.20784313725490197 0.20784313725490197
            specularColor 0.01568627450980392 0.01568627450980392 0.01568627450980392
            ambientIntensity 0.2
            transparency 0
            shininess 0.5
        }
    }
    geometry IndexedFaceSet {
        ccw TRUE
        solid FALSE
        coord DEF co Coordinate {
            point [
                -3.2893 0.3937 0.3148, -3.2892 0.3937 0.3148, -3.2897 0.3937 0.313, -3.2889 0.3937 0.3131, -3.29 0.3937 0.3119, -3.2885 0.3937 0.3119, -3.2963 0.3937 0.2945, -3.2823 0.3937 0.2945, -3.2823 0.3937 0.2945
            ]
        }
        coordIndex [
            0,1,2,-1,2,1,3,-1,2,3,4,-1,4,3,5,-1,4,5,6,-1,6,5,7,-1,
        ]
    }
}
Shape{
    appearance Appearance {
        material  Material 	{
            diffuseColor 1.0 1.0 1.0
            specularColor 0.5019607843137255 0.5019607843137255 0.5019607843137255
            ambientIntensity 0.2
            transparency 0
            shininess 0.5
        }
    }
    geometry IndexedFaceSet {
        ccw TRUE
        solid FALSE
        coord DEF co Coordinate {
            point [
                -3.2265 0.3976 0.2832, -3.2265 0.3937 0.2832, -3.2094 0.3976 0.2832, -3.2172 0.3937 0.2832, -3.2094 0.3937 0.2832, -3.2094 0.3976 0.2972, -3.2094 0.3937 0.2972, -3.2243 0.3976 0.2972, -3.2172 0.3937 0.2972, -3.2243 0.3937 0.2972, -3.2243 0.3976 0.302, -3.2243 0.3937 0.302, -3.2094 0.3937 0.302, -3.2094 0.3976 0.302, -3.2172 0.3937 0.302, -3.2094 0.3976 0.3153, -3.2094 0.3937 0.3153, -3.2255 0.3937 0.3153, -3.2255 0.3976 0.3153, -3.2172 0.3937 0.3153, -3.2255 0.3976 0.3201, -3.2255 0.3937 0.3201, -3.204 0.3937 0.3201, -3.204 0.3976 0.3201, -3.2172 0.3937 0.3201, -3.204 0.3976 0.2784, -3.204 0.3937 0.2784, -3.2265 0.3976 0.2784, -3.2172 0.3937 0.2784, -3.2265 0.3937 0.2784, -3.0939 0.3976 0.2832, -3.111 0.3976 0.2832, -3.0939 0.3937 0.2832, -3.111 0.3937 0.2832, -3.0939 0.3976 0.2972, -3.0939 0.3937 0.2972, -3.1088 0.3976 0.2972, -3.1088 0.3937 0.2972, -3.1088 0.3976 0.302, -3.1088 0.3937 0.302, -3.0939 0.3976 0.302, -3.0939 0.3937 0.302, -3.0939 0.3976 0.3153, -3.0939 0.3937 0.3153, -3.11 0.3976 0.3153, -3.11 0.3937 0.3153, -3.11 0.3976 0.3201, -3.11 0.3937 0.3201, -3.0885 0.3976 0.3201, -3.0885 0.3937 0.3201, -3.0885 0.3976 0.2784, -3.0885 0.3937 0.2784, -3.111 0.3976 0.2784, -3.111 0.3937 0.2784, -3.23 0.3976 0.3607, -3.2363 0.3976 0.378, -3.2343 0.3976 0.3863, -3.2184 0.3976 0.3446, -3.2243 0.3976 0.3446, -3.2283 0.3976 0.356, -3.2366 0.3976 0.3793, -3.237 0.3976 0.3809, -3.24 0.3976 0.3863, -3.2371 0.3976 0.3809, -3.2374 0.3976 0.3792, -3.2377 0.3976 0.378, -3.244 0.3976 0.3607, -3.2559 0.3976 0.3446, -3.25 0.3976 0.3446, -3.2457 0.3976 0.356, -3.2343 0.3937 0.3863, -3.24 0.3937 0.3863, -3.2184 0.3937 0.3446, -3.2304 0.3937 0.3761, -3.2243 0.3937 0.3446, -3.2283 0.3937 0.356, -3.2457 0.3937 0.356, -3.2304 0.3937 0.356, -3.25 0.3937 0.3446, -3.2559 0.3937 0.3446, -3.2363 0.3937 0.378, -3.2366 0.3937 0.3793, -3.237 0.3937 0.3809, -3.23 0.3937 0.3607, -3.244 0.3937 0.3607, -3.2377 0.3937 0.378, -3.2371 0.3937 0.3809, -3.2374 0.3937 0.3792, -3.2374 0.3937 0.3792
            ]
        }
        coordIndex [
            0,1,2,-1,2,1,3,-1,2,3,4,-1,5,2,6,-1,6,2,4,-1,5,6,7,-1,7,6,8,-1,7,8,9,-1,10,7,11,-1,11,7,9,-1,12,13,14,-1,14,13,10,-1,14,10,11,-1,15,13,16,-1,16,13,12,-1,17,18,19,-1,19,18,15,-1,19,15,16,-1,20,18,21,-1,21,18,17,-1,22,23,24,-1,24,23,20,-1,24,20,21,-1,25,23,26,-1,26,23,22,-1,25,26,27,-1,27,26,28,-1,27,28,29,-1,0,27,1,-1,1,27,29,-1,25,27,0,-1,0,2,25,-1,25,2,5,-1,25,5,23,-1,18,20,15,-1,15,20,23,-1,15,23,13,-1,13,23,5,-1,13,5,10,-1,10,5,7,-1,30,31,32,-1,32,31,33,-1,34,30,35,-1,35,30,32,-1,36,34,37,-1,37,34,35,-1,38,36,39,-1,39,36,37,-1,40,38,41,-1,41,38,39,-1,42,40,43,-1,43,40,41,-1,44,42,45,-1,45,42,43,-1,46,44,47,-1,47,44,45,-1,48,46,49,-1,49,46,47,-1,50,48,51,-1,51,48,49,-1,52,50,53,-1,53,50,51,-1,31,52,33,-1,33,52,53,-1,50,52,31,-1,31,30,50,-1,50,30,34,-1,50,34,48,-1,44,46,42,-1,42,46,48,-1,42,48,40,-1,40,48,34,-1,40,34,38,-1,38,34,36,-1,54,55,56,-1,57,58,59,-1,55,60,56,-1,56,60,61,-1,56,61,62,-1,62,61,63,-1,62,63,64,-1,64,65,62,-1,62,65,66,-1,62,66,67,-1,68,67,69,-1,69,67,66,-1,69,66,59,-1,59,66,54,-1,59,54,57,-1,57,54,56,-1,56,62,70,-1,70,62,71,-1,72,57,73,-1,73,57,56,-1,73,56,70,-1,58,57,74,-1,74,57,72,-1,59,58,75,-1,75,58,74,-1,76,69,77,-1,77,69,59,-1,77,59,75,-1,68,69,78,-1,78,69,76,-1,67,68,79,-1,79,68,78,-1,62,67,71,-1,71,67,79,-1,55,80,81,-1,55,81,60,-1,60,81,82,-1,60,82,61,-1,55,54,80,-1,80,54,83,-1,54,66,83,-1,83,66,84,-1,66,65,84,-1,84,65,85,-1,63,86,87,-1,63,87,64,-1,64,87,85,-1,64,85,65,-1,63,61,86,-1,86,61,82,-1,
        ]
    }
}
Shape{
    appearance Appearance {
        material  Material 	{
            diffuseColor 0.20784313725490197 0.20784313725490197 0.20784313725490197
            specularColor 0.01568627450980392 0.01568627450980392 0.01568627450980392
            ambientIntensity 0.2
            transparency 0
            shininess 0.5
        }
    }
    geometry IndexedFaceSet {
        ccw TRUE
        solid FALSE
        coord DEF co Coordinate {
            point [
                -3.2371 0.3937 0.3809, -3.237 0.3937 0.3809, -3.2374 0.3937 0.3792, -3.2366 0.3937 0.3793, -3.2377 0.3937 0.378, -3.2363 0.3937 0.378, -3.244 0.3937 0.3607, -3.23 0.3937 0.3607, -3.23 0.3937 0.3607
            ]
        }
        coordIndex [
            0,1,2,-1,2,1,3,-1,2,3,4,-1,4,3,5,-1,4,5,6,-1,6,5,7,-1,
        ]
    }
}
Shape{
    appearance Appearance {
        material  Material 	{
            diffuseColor 1.0 1.0 1.0
            specularColor 0.5019607843137255 0.5019607843137255 0.5019607843137255
            ambientIntensity 0.2
            transparency 0
            shininess 0.5
        }
    }
    geometry IndexedFaceSet {
        ccw TRUE
        solid FALSE
        coord DEF co Coordinate {
            point [
                -3.1572 0.3937 0.3493, -3.1572 0.3976 0.3493, -3.1684 0.3937 0.3493, -3.1742 0.3976 0.3493, -3.1742 0.3937 0.3493, -3.1572 0.3976 0.3633, -3.1572 0.3937 0.3633, -3.1721 0.3976 0.3633, -3.1684 0.3937 0.3633, -3.1721 0.3937 0.3633, -3.1721 0.3976 0.3681, -3.1721 0.3937 0.3681, -3.1572 0.3937 0.3681, -3.1572 0.3976 0.3681, -3.1684 0.3937 0.3681, -3.1572 0.3976 0.3815, -3.1572 0.3937 0.3815, -3.1733 0.3976 0.3815, -3.1684 0.3937 0.3815, -3.1733 0.3937 0.3815, -3.1733 0.3976 0.3863, -3.1733 0.3937 0.3863, -3.1518 0.3937 0.3863, -3.1518 0.3976 0.3863, -3.1684 0.3937 0.3863, -3.1518 0.3976 0.3446, -3.1518 0.3937 0.3446, -3.1742 0.3976 0.3446, -3.1684 0.3937 0.3446, -3.1742 0.3937 0.3446, -3.0939 0.3976 0.3493, -3.1105 0.3976 0.3493, -3.0939 0.3937 0.3493, -3.1105 0.3937 0.3493, -3.0939 0.3976 0.3863, -3.0939 0.3937 0.3863, -3.0885 0.3976 0.3863, -3.0885 0.3937 0.3863, -3.0885 0.3976 0.3446, -3.0885 0.3937 0.3446, -3.1105 0.3976 0.3446, -3.1105 0.3937 0.3446, -3.1105 0.3937 0.3446
            ]
        }
        coordIndex [
            0,1,2,-1,2,1,3,-1,2,3,4,-1,5,1,6,-1,6,1,0,-1,5,6,7,-1,7,6,8,-1,7,8,9,-1,10,7,11,-1,11,7,9,-1,12,13,14,-1,14,13,10,-1,14,10,11,-1,15,13,16,-1,16,13,12,-1,15,16,17,-1,17,16,18,-1,17,18,19,-1,20,17,21,-1,21,17,19,-1,22,23,24,-1,24,23,20,-1,24,20,21,-1,25,23,26,-1,26,23,22,-1,25,26,27,-1,27,26,28,-1,27,28,29,-1,3,27,4,-1,4,27,29,-1,25,27,3,-1,3,1,25,-1,25,1,5,-1,25,5,23,-1,17,20,15,-1,15,20,23,-1,15,23,13,-1,13,23,5,-1,13,5,10,-1,10,5,7,-1,30,31,32,-1,32,31,33,-1,34,30,35,-1,35,30,32,-1,36,34,37,-1,37,34,35,-1,38,36,39,-1,39,36,37,-1,40,38,41,-1,41,38,39,-1,31,40,33,-1,33,40,41,-1,34,36,30,-1,30,36,38,-1,30,38,31,-1,31,38,40,-1,
        ]
    }
}