#VRML V2.0 utf8
# 3D model generated by easyeda2kicad.py (https://github.com/uPesy/easyeda2kicad.py)

Shape{
    appearance Appearance {
        material  Material 	{
            diffuseColor 0.25098039215686274 0.25098039215686274 0.25098039215686274
            specularColor 0.12549019607843137 0.12549019607843137 0.12549019607843137
            ambientIntensity 0.2
            transparency 0
            shininess 0.5
        }
    }
    geometry IndexedFaceSet {
        ccw TRUE
        solid FALSE
        coord DEF co Coordinate {
            point [
                -0.5315 0.786 0.2165, -0.5315 0.0394 0.2165, -0.5315 0.6496 0.1378, -0.5315 0.0394 0.1378, 0.5315 0.0394 0.1378, 0.7677 0.0394 0.1378, 0.5315 0.0394 0.2165, 0.7677 0.0394 0.3937, -0.7677 0.0394 0.3937, -0.7677 0.0394 0.1378, -0.7677 0.6496 0.1378, -0.7677 0.8071 0.3937, -0.7677 0.8071 0.2287, 0.7677 0.8071 0.2287, 0.7677 0.8071 0.3937, 0.5315 0.786 0.2165, 0.5315 0.6496 0.1378, 0.7677 0.6496 0.1378, 0.7677 0.6496 0.1378
            ]
        }
        coordIndex [
            0,1,2,-1,2,1,3,-1,4,5,6,-1,6,5,7,-1,6,7,1,-1,1,7,8,-1,1,8,3,-1,3,8,9,-1,9,8,10,-1,10,8,11,-1,10,11,12,-1,12,11,13,-1,13,11,14,-1,2,3,10,-1,10,3,9,-1,14,11,7,-1,7,11,8,-1,15,6,0,-1,0,6,1,-1,16,4,15,-1,15,4,6,-1,7,5,14,-1,14,5,17,-1,14,17,13,-1,17,5,16,-1,16,5,4,-1,2,10,0,-1,0,10,12,-1,0,12,15,-1,15,12,13,-1,15,13,16,-1,16,13,17,-1,
        ]
    }
}
Shape{
    appearance Appearance {
        material  Material 	{
            diffuseColor 0.7529411764705882 0.7529411764705882 0.7529411764705882
            specularColor 0.3764705882352941 0.3764705882352941 0.3764705882352941
            ambientIntensity 0.2
            transparency 0
            shininess 0.5
        }
    }
    geometry IndexedFaceSet {
        ccw TRUE
        solid FALSE
        coord DEF co Coordinate {
            point [
                0.8858 -0.1471 0.374, 0.8858 -0.1471 0.0512, 0.8268 -0.1471 0.374, 0.8268 -0.1471 0.0512, 0.8858 -0.5256 0.374, 0.8268 -0.5256 0.374, 0.8268 -0.5307 0.3733, 0.8858 -0.5307 0.3733, 0.8268 -0.5354 0.3714, 0.8858 -0.5354 0.3714, 0.8268 -0.5395 0.3683, 0.8858 -0.5395 0.3683, 0.8268 -0.5426 0.3642, 0.8858 -0.5426 0.3642, 0.8268 -0.5446 0.3594, 0.8858 -0.5446 0.3594, 0.8268 -0.5453 0.3543, 0.8858 -0.5453 0.3543, 0.8858 -0.5453 0.315, 0.8268 -0.5453 0.315, 0.8858 -0.5377 0.314, 0.8268 -0.5377 0.314, 0.8858 -0.5306 0.3111, 0.8268 -0.5306 0.3111, 0.8858 -0.5245 0.3064, 0.8268 -0.5245 0.3064, 0.8858 -0.5199 0.3003, 0.8268 -0.5199 0.3003, 0.8858 -0.5169 0.2932, 0.8268 -0.5169 0.2932, 0.8858 -0.5159 0.2856, 0.8268 -0.5159 0.2856, 0.8858 -0.5169 0.2781, 0.8268 -0.5169 0.2781, 0.8858 -0.5199 0.271, 0.8268 -0.5199 0.271, 0.8858 -0.5245 0.2649, 0.8268 -0.5245 0.2649, 0.8858 -0.5306 0.2602, 0.8268 -0.5306 0.2602, 0.8858 -0.5377 0.2573, 0.8268 -0.5377 0.2573, 0.8858 -0.5453 0.2563, 0.8268 -0.5453 0.2563, 0.8858 -0.5453 0.0906, 0.8268 -0.5453 0.0906, 0.8268 -0.5446 0.0855, 0.8858 -0.5446 0.0855, 0.8268 -0.5426 0.0807, 0.8858 -0.5426 0.0807, 0.8268 -0.5395 0.0766, 0.8858 -0.5395 0.0766, 0.8268 -0.5354 0.0735, 0.8858 -0.5354 0.0735, 0.8268 -0.5307 0.0715, 0.8858 -0.5307 0.0715, 0.8268 -0.5256 0.0709, 0.8858 -0.5256 0.0709, 0.8858 -0.4921 0.0709, 0.8268 -0.4921 0.0709, 0.8858 -0.487 0.0702, 0.8268 -0.487 0.0702, 0.8858 -0.4823 0.0682, 0.8268 -0.4823 0.0682, 0.8858 -0.4782 0.0651, 0.8268 -0.4782 0.0651, 0.8858 -0.4751 0.061, 0.8268 -0.4751 0.061, 0.8858 -0.4731 0.0563, 0.8268 -0.4731 0.0563, 0.8858 -0.4724 0.0512, 0.8268 -0.4724 0.0512, 0.8858 -0.4724 0.0118, 0.8268 -0.4724 0.0118, 0.8268 -0.4718 0.0067, 0.8858 -0.4718 0.0067, 0.8268 -0.4698 0.002, 0.8858 -0.4698 0.002, 0.8268 -0.4667 -0.0021, 0.8858 -0.4667 -0.0021, 0.8268 -0.4626 -0.0052, 0.8858 -0.4626 -0.0052, 0.8268 -0.4579 -0.0072, 0.8858 -0.4579 -0.0072, 0.8268 -0.4528 -0.0079, 0.8858 -0.4528 -0.0079, 0.8858 -0.2953 -0.0079, 0.8268 -0.2953 -0.0079, 0.8268 -0.2902 -0.0072, 0.8858 -0.2902 -0.0072, 0.8268 -0.2854 -0.0052, 0.8858 -0.2854 -0.0052, 0.8268 -0.2814 -0.0021, 0.8858 -0.2814 -0.0021, 0.8268 -0.2782 0.002, 0.8858 -0.2782 0.002, 0.8268 -0.2763 0.0067, 0.8858 -0.2763 0.0067, 0.8268 -0.2756 0.0118, 0.8858 -0.2756 0.0118, 0.8858 -0.2756 0.0315, 0.8268 -0.2756 0.0315, 0.8858 -0.2749 0.0366, 0.8268 -0.2749 0.0366, 0.8858 -0.273 0.0413, 0.8268 -0.273 0.0413, 0.8858 -0.2698 0.0454, 0.8268 -0.2698 0.0454, 0.8858 -0.2657 0.0485, 0.8268 -0.2657 0.0485, 0.8858 -0.261 0.0505, 0.8268 -0.261 0.0505, 0.8858 -0.2559 0.0512, 0.8268 -0.2559 0.0512, -0.8858 -0.1471 0.0512, -0.8858 -0.1471 0.374, -0.8268 -0.1471 0.0512, -0.8268 -0.1471 0.374, -0.8858 -0.5256 0.374, -0.8268 -0.5256 0.374, -0.8858 -0.5453 0.3543, -0.8268 -0.5453 0.3543, -0.8268 -0.5446 0.3594, -0.8858 -0.5446 0.3594, -0.8268 -0.5426 0.3642, -0.8858 -0.5426 0.3642, -0.8268 -0.5395 0.3683, -0.8858 -0.5395 0.3683, -0.8268 -0.5354 0.3714, -0.8858 -0.5354 0.3714, -0.8268 -0.5307 0.3733, -0.8858 -0.5307 0.3733, -0.8858 -0.5453 0.315, -0.8268 -0.5453 0.315, -0.8858 -0.5453 0.2563, -0.8268 -0.5453 0.2563, -0.8858 -0.5377 0.2573, -0.8268 -0.5377 0.2573, -0.8858 -0.5306 0.2602, -0.8268 -0.5306 0.2602, -0.8858 -0.5245 0.2649, -0.8268 -0.5245 0.2649, -0.8858 -0.5199 0.271, -0.8268 -0.5199 0.271, -0.8858 -0.5169 0.2781, -0.8268 -0.5169 0.2781, -0.8858 -0.5159 0.2856, -0.8268 -0.5159 0.2856, -0.8858 -0.5169 0.2932, -0.8268 -0.5169 0.2932, -0.8858 -0.5199 0.3003, -0.8268 -0.5199 0.3003, -0.8858 -0.5245 0.3064, -0.8268 -0.5245 0.3064, -0.8858 -0.5306 0.3111, -0.8268 -0.5306 0.3111, -0.8858 -0.5377 0.314, -0.8268 -0.5377 0.314, -0.8858 -0.5453 0.0906, -0.8268 -0.5453 0.0906, -0.8858 -0.5256 0.0709, -0.8268 -0.5256 0.0709, -0.8268 -0.5307 0.0715, -0.8858 -0.5307 0.0715, -0.8268 -0.5354 0.0735, -0.8858 -0.5354 0.0735, -0.8268 -0.5395 0.0766, -0.8858 -0.5395 0.0766, -0.8268 -0.5426 0.0807, -0.8858 -0.5426 0.0807, -0.8268 -0.5446 0.0855, -0.8858 -0.5446 0.0855, -0.8858 -0.4921 0.0709, -0.8268 -0.4921 0.0709, -0.8858 -0.4724 0.0512, -0.8268 -0.4724 0.0512, -0.8858 -0.4731 0.0563, -0.8268 -0.4731 0.0563, -0.8858 -0.4751 0.061, -0.8268 -0.4751 0.061, -0.8858 -0.4782 0.0651, -0.8268 -0.4782 0.0651, -0.8858 -0.4823 0.0682, -0.8268 -0.4823 0.0682, -0.8858 -0.487 0.0702, -0.8268 -0.487 0.0702, -0.8858 -0.4724 0.0118, -0.8268 -0.4724 0.0118, -0.8858 -0.4528 -0.0079, -0.8268 -0.4528 -0.0079, -0.8268 -0.4579 -0.0072, -0.8858 -0.4579 -0.0072, -0.8268 -0.4626 -0.0052, -0.8858 -0.4626 -0.0052, -0.8268 -0.4667 -0.0021, -0.8858 -0.4667 -0.0021, -0.8268 -0.4698 0.002, -0.8858 -0.4698 0.002, -0.8268 -0.4718 0.0067, -0.8858 -0.4718 0.0067, -0.8858 -0.2953 -0.0079, -0.8268 -0.2953 -0.0079, -0.8858 -0.2756 0.0118, -0.8268 -0.2756 0.0118, -0.8268 -0.2763 0.0067, -0.8858 -0.2763 0.0067, -0.8268 -0.2782 0.002, -0.8858 -0.2782 0.002, -0.8268 -0.2814 -0.0021, -0.8858 -0.2814 -0.0021, -0.8268 -0.2854 -0.0052, -0.8858 -0.2854 -0.0052, -0.8268 -0.2902 -0.0072, -0.8858 -0.2902 -0.0072, -0.8858 -0.2756 0.0315, -0.8268 -0.2756 0.0315, -0.8858 -0.2559 0.0512, -0.8268 -0.2559 0.0512, -0.8858 -0.261 0.0505, -0.8268 -0.261 0.0505, -0.8858 -0.2657 0.0485, -0.8268 -0.2657 0.0485, -0.8858 -0.2698 0.0454, -0.8268 -0.2698 0.0454, -0.8858 -0.273 0.0413, -0.8268 -0.273 0.0413, -0.8858 -0.2749 0.0366, -0.8268 -0.2749 0.0366, -0.8268 -0.2749 0.0366
            ]
        }
        coordIndex [
            0,1,2,-1,2,1,3,-1,4,0,5,-1,5,0,2,-1,4,5,6,-1,4,6,7,-1,7,6,8,-1,7,8,9,-1,9,8,10,-1,9,10,11,-1,11,10,12,-1,11,12,13,-1,13,12,14,-1,13,14,15,-1,15,14,16,-1,15,16,17,-1,18,17,19,-1,19,17,16,-1,18,19,20,-1,20,19,21,-1,20,21,22,-1,22,21,23,-1,22,23,24,-1,24,23,25,-1,24,25,26,-1,26,25,27,-1,26,27,28,-1,28,27,29,-1,28,29,30,-1,30,29,31,-1,30,31,32,-1,32,31,33,-1,32,33,34,-1,34,33,35,-1,34,35,36,-1,36,35,37,-1,36,37,38,-1,38,37,39,-1,38,39,40,-1,40,39,41,-1,40,41,42,-1,42,41,43,-1,44,42,45,-1,45,42,43,-1,44,45,46,-1,44,46,47,-1,47,46,48,-1,47,48,49,-1,49,48,50,-1,49,50,51,-1,51,50,52,-1,51,52,53,-1,53,52,54,-1,53,54,55,-1,55,54,56,-1,55,56,57,-1,58,57,59,-1,59,57,56,-1,58,59,60,-1,60,59,61,-1,60,61,62,-1,62,61,63,-1,62,63,64,-1,64,63,65,-1,64,65,66,-1,66,65,67,-1,66,67,68,-1,68,67,69,-1,68,69,70,-1,70,69,71,-1,72,70,73,-1,73,70,71,-1,72,73,74,-1,72,74,75,-1,75,74,76,-1,75,76,77,-1,77,76,78,-1,77,78,79,-1,79,78,80,-1,79,80,81,-1,81,80,82,-1,81,82,83,-1,83,82,84,-1,83,84,85,-1,86,85,87,-1,87,85,84,-1,86,87,88,-1,86,88,89,-1,89,88,90,-1,89,90,91,-1,91,90,92,-1,91,92,93,-1,93,92,94,-1,93,94,95,-1,95,94,96,-1,95,96,97,-1,97,96,98,-1,97,98,99,-1,100,99,101,-1,101,99,98,-1,100,101,102,-1,102,101,103,-1,102,103,104,-1,104,103,105,-1,104,105,106,-1,106,105,107,-1,106,107,108,-1,108,107,109,-1,108,109,110,-1,110,109,111,-1,110,111,112,-1,112,111,113,-1,1,112,3,-1,3,112,113,-1,108,110,68,-1,24,0,22,-1,22,0,4,-1,22,4,20,-1,24,26,0,-1,0,26,28,-1,0,28,30,-1,110,112,68,-1,68,112,1,-1,68,1,66,-1,66,1,0,-1,66,0,64,-1,64,0,62,-1,99,100,72,-1,102,104,68,-1,68,104,106,-1,68,106,108,-1,18,20,17,-1,17,20,4,-1,17,4,15,-1,15,4,7,-1,7,9,15,-1,15,9,11,-1,15,11,13,-1,102,68,100,-1,100,68,70,-1,100,70,72,-1,62,38,60,-1,60,38,40,-1,60,40,58,-1,75,77,85,-1,30,32,0,-1,0,32,34,-1,0,34,62,-1,62,34,36,-1,62,36,38,-1,79,81,77,-1,77,81,83,-1,77,83,85,-1,53,47,51,-1,51,47,49,-1,40,42,58,-1,58,42,44,-1,58,44,57,-1,57,44,47,-1,57,47,55,-1,55,47,53,-1,95,86,93,-1,93,86,89,-1,93,89,91,-1,95,97,86,-1,86,97,99,-1,86,99,85,-1,85,99,72,-1,85,72,75,-1,29,27,2,-1,2,27,25,-1,2,25,5,-1,107,69,109,-1,109,69,111,-1,35,33,111,-1,25,23,5,-1,5,23,21,-1,5,21,19,-1,33,31,111,-1,111,31,29,-1,111,29,113,-1,113,29,2,-1,113,2,3,-1,74,73,84,-1,45,43,41,-1,84,73,87,-1,8,14,10,-1,10,14,12,-1,19,16,5,-1,5,16,14,-1,5,14,6,-1,6,14,8,-1,80,78,76,-1,41,39,63,-1,69,67,111,-1,111,67,65,-1,111,65,35,-1,35,65,63,-1,35,63,37,-1,37,63,39,-1,74,84,76,-1,76,84,82,-1,76,82,80,-1,90,88,92,-1,92,88,87,-1,92,87,94,-1,107,105,69,-1,69,105,103,-1,69,103,71,-1,71,103,101,-1,71,101,73,-1,73,101,98,-1,73,98,87,-1,87,98,96,-1,87,96,94,-1,63,61,41,-1,41,61,59,-1,41,59,45,-1,45,59,56,-1,45,56,46,-1,46,56,54,-1,54,52,46,-1,46,52,50,-1,46,50,48,-1,114,115,116,-1,116,115,117,-1,115,118,117,-1,117,118,119,-1,120,121,122,-1,120,122,123,-1,123,122,124,-1,123,124,125,-1,125,124,126,-1,125,126,127,-1,127,126,128,-1,127,128,129,-1,129,128,130,-1,129,130,131,-1,131,130,119,-1,131,119,118,-1,120,132,121,-1,121,132,133,-1,134,135,136,-1,136,135,137,-1,136,137,138,-1,138,137,139,-1,138,139,140,-1,140,139,141,-1,140,141,142,-1,142,141,143,-1,142,143,144,-1,144,143,145,-1,144,145,146,-1,146,145,147,-1,146,147,148,-1,148,147,149,-1,148,149,150,-1,150,149,151,-1,150,151,152,-1,152,151,153,-1,152,153,154,-1,154,153,155,-1,154,155,156,-1,156,155,157,-1,156,157,132,-1,132,157,133,-1,134,158,135,-1,135,158,159,-1,160,161,162,-1,160,162,163,-1,163,162,164,-1,163,164,165,-1,165,164,166,-1,165,166,167,-1,167,166,168,-1,167,168,169,-1,169,168,170,-1,169,170,171,-1,171,170,159,-1,171,159,158,-1,160,172,161,-1,161,172,173,-1,174,175,176,-1,176,175,177,-1,176,177,178,-1,178,177,179,-1,178,179,180,-1,180,179,181,-1,180,181,182,-1,182,181,183,-1,182,183,184,-1,184,183,185,-1,184,185,172,-1,172,185,173,-1,174,186,175,-1,175,186,187,-1,188,189,190,-1,188,190,191,-1,191,190,192,-1,191,192,193,-1,193,192,194,-1,193,194,195,-1,195,194,196,-1,195,196,197,-1,197,196,198,-1,197,198,199,-1,199,198,187,-1,199,187,186,-1,188,200,189,-1,189,200,201,-1,202,203,204,-1,202,204,205,-1,205,204,206,-1,205,206,207,-1,207,206,208,-1,207,208,209,-1,209,208,210,-1,209,210,211,-1,211,210,212,-1,211,212,213,-1,213,212,201,-1,213,201,200,-1,202,214,203,-1,203,214,215,-1,216,217,218,-1,218,217,219,-1,218,219,220,-1,220,219,221,-1,220,221,222,-1,222,221,223,-1,222,223,224,-1,224,223,225,-1,224,225,226,-1,226,225,227,-1,226,227,214,-1,214,227,215,-1,216,114,217,-1,217,114,116,-1,222,176,220,-1,220,176,218,-1,178,114,176,-1,176,114,216,-1,176,216,218,-1,158,134,136,-1,178,180,114,-1,114,180,144,-1,114,144,115,-1,115,144,146,-1,115,146,148,-1,180,182,144,-1,144,182,184,-1,144,184,142,-1,142,184,140,-1,118,156,132,-1,222,224,176,-1,176,224,226,-1,176,226,174,-1,174,226,214,-1,174,214,186,-1,186,214,202,-1,148,150,115,-1,115,150,152,-1,115,152,118,-1,118,152,154,-1,118,154,156,-1,129,123,127,-1,127,123,125,-1,132,120,118,-1,118,120,123,-1,118,123,131,-1,131,123,129,-1,188,191,197,-1,197,191,193,-1,197,193,195,-1,211,202,209,-1,209,202,205,-1,209,205,207,-1,163,171,160,-1,160,171,158,-1,160,158,172,-1,172,158,136,-1,172,136,184,-1,184,136,138,-1,184,138,140,-1,163,165,171,-1,171,165,167,-1,171,167,169,-1,197,199,188,-1,188,199,186,-1,188,186,200,-1,200,186,202,-1,200,202,213,-1,213,202,211,-1,221,219,177,-1,145,116,147,-1,147,116,117,-1,147,117,149,-1,149,117,151,-1,119,157,155,-1,141,139,185,-1,185,139,137,-1,185,137,173,-1,219,217,177,-1,177,217,116,-1,177,116,179,-1,179,116,181,-1,181,116,183,-1,183,116,145,-1,183,145,185,-1,185,145,143,-1,185,143,141,-1,203,215,187,-1,227,225,177,-1,177,225,223,-1,177,223,221,-1,119,155,117,-1,117,155,153,-1,117,153,151,-1,227,177,215,-1,215,177,175,-1,215,175,187,-1,133,157,121,-1,121,157,119,-1,121,119,122,-1,122,119,130,-1,130,128,122,-1,122,128,126,-1,122,126,124,-1,196,189,198,-1,198,189,187,-1,164,170,166,-1,166,170,168,-1,137,135,173,-1,173,135,159,-1,173,159,161,-1,161,159,170,-1,161,170,162,-1,162,170,164,-1,194,192,196,-1,196,192,190,-1,196,190,189,-1,212,210,203,-1,203,210,208,-1,203,208,204,-1,204,208,206,-1,187,189,203,-1,203,189,201,-1,203,201,212,-1,
        ]
    }
}
Shape{
    appearance Appearance {
        material  Material 	{
            diffuseColor 1.0 0.9686274509803922 0.9058823529411765
            specularColor 0.5019607843137255 0.48627450980392156 0.45098039215686275
            ambientIntensity 0.2
            transparency 0
            shininess 0.5
        }
    }
    geometry IndexedFaceSet {
        ccw TRUE
        solid FALSE
        coord DEF co Coordinate {
            point [
                0.9843 0.1062 0.1704, 0.9843 0.1062 0.1557, 0.9843 0.1418 0.1557, 0.9843 0.1062 0.2292, 0.9843 0.1062 0.2184, 0.9843 0.1418 0.2184, 0.9843 0.2002 0.1633, 0.9843 0.201 0.1643, 0.9843 0.201 0.1704, 0.9843 0.156 0.2666, 0.9843 0.1588 0.2669, 0.9843 0.1441 0.2669, 0.9843 0.1656 0.2294, 0.9843 0.1632 0.2292, 0.9843 0.1754 0.2292, 0.9843 0.1824 0.2623, 0.9843 0.1824 0.2505, 0.9843 0.1924 0.2505, 0.9843 0.1841 0.1705, 0.9843 0.1836 0.1704, 0.9843 0.1924 0.1704, 0.9843 0.1762 0.1706, 0.9843 0.1754 0.1709, 0.9843 0.1754 0.1704, 0.9843 0.2288 0.2035, 0.9843 0.2288 0.1917, 0.9843 0.2357 0.1917, 0.9843 0.074 0.2377, 0.9843 0.0812 0.2316, 0.9843 0.1062 0.2669, 0.9843 0.0448 0.2669, 0.9843 0.0507 0.2628, 0.9843 0.0596 0.2524, 0.9843 0.0649 0.242, 0.9843 0.0662 0.2416, 0.9843 -0.0096 0.2706, 0.9843 0.0026 0.2751, 0.9843 -0.1468 0.3937, 0.9843 0.1062 0.3937, 0.9843 0.0269 0.2751, 0.9843 0.04 0.2702, 0.9843 0.0148 0.2765, 0.9843 -0.0157 0.2669, 0.9843 -0.1468 0.2669, 0.9843 -0.0168 0.2663, 0.9843 -0.1468 0.2292, 0.9843 -0.0734 0.2292, 0.9843 -0.0711 0.2344, 0.9843 -0.0648 0.2425, 0.9843 -0.0448 0.2539, 0.9843 -0.0345 0.2552, 0.9843 -0.023 0.261, 0.9843 -0.0314 0.255, 0.9843 -0.0284 0.2547, 0.9843 -0.063 0.2442, 0.9843 -0.0546 0.2501, 0.9843 -0.0579 0.1768, 0.9843 -0.0661 0.1838, 0.9843 -0.1468 0.1704, 0.9843 -0.0483 0.1721, 0.9843 -0.0721 0.1924, 0.9843 -0.0759 0.2022, 0.9843 -0.1468 0.2184, 0.9843 -0.0772 0.2125, 0.9843 -0.0771 0.215, 0.9843 -0.0765 0.2184, 0.9843 -0.0753 0.2249, 0.9843 -0.045 0.1711, 0.9843 -0.0447 0.1704, 0.9843 -0.0424 0.1655, 0.9843 -0.1468 0.1557, 0.9843 -0.0384 0.1606, 0.9843 -0.0333 0.1567, 0.9843 -0.1468 0.0, 0.9843 -0.0272 0.1542, 0.9843 -0.0309 0.1557, 0.9843 -0.0091 0.1557, 0.9843 -0.0136 0.154, 0.9843 0.1062 0.0, 0.9843 -0.02 0.1532, 0.9843 -0.021 0.1532, 0.9843 0.0047 0.1704, 0.9843 0.0047 0.1703, 0.9843 0.0016 0.1644, 0.9843 -0.0025 0.1599, 0.9843 -0.0077 0.1562, 0.9843 0.0898 0.2161, 0.9843 0.091 0.2075, 0.9843 0.0384 0.186, 0.9843 0.0402 0.1867, 0.9843 0.0433 0.2017, 0.9843 0.0812 0.1825, 0.9843 0.0741 0.1764, 0.9843 -0.0002 0.1972, 0.9843 0.0351 0.2157, 0.9843 -0.0048 0.2014, 0.9843 -0.0104 0.2044, 0.9843 0.0368 0.1848, 0.9843 0.0865 0.1897, 0.9843 0.0745 0.2095, 0.9843 0.0733 0.2146, 0.9843 0.0713 0.2184, 0.9843 -0.0599 0.2184, 0.9843 0.0898 0.1981, 0.9843 0.0422 0.1869, 0.9843 0.0425 0.1869, 0.9843 0.0433 0.1867, 0.9843 -0.0583 0.2025, 0.9843 -0.0552 0.1972, 0.9843 -0.0418 0.1944, 0.9843 -0.0505 0.1923, 0.9843 -0.0447 0.1888, 0.9843 -0.0321 0.2032, 0.9843 -0.0375 0.1994, 0.9843 -0.0606 0.213, 0.9843 -0.0602 0.209, 0.9843 -0.0263 0.2054, 0.9843 -0.02 0.2062, 0.9843 -0.0168 0.206, 0.9843 0.0341 0.1788, 0.9843 0.0341 0.1798, 0.9843 0.0064 0.1822, 0.9843 0.0347 0.1818, 0.9843 0.0357 0.1836, 0.9843 0.0693 0.1933, 0.9843 0.0722 0.1974, 0.9843 0.074 0.2021, 0.9843 0.0746 0.2072, 0.9843 0.0402 0.1708, 0.9843 0.0385 0.1715, 0.9843 0.0368 0.1727, 0.9843 0.0362 0.1734, 0.9843 0.035 0.175, 0.9843 0.0343 0.1768, 0.9843 0.0062 0.1768, 0.9843 0.0064 0.1796, 0.9843 0.066 0.1725, 0.9843 0.0573 0.1706, 0.9843 0.0417 0.1706, 0.9843 0.0438 0.1867, 0.9843 0.0557 0.1867, 0.9843 0.0604 0.1876, 0.9843 0.0651 0.1897, 0.9843 0.069 0.1929, 0.9843 0.052 0.2278, 0.9843 -0.0575 0.2253, 0.9843 -0.0598 0.2194, 0.9843 0.0541 0.2278, 0.9843 0.0708 0.2192, 0.9843 0.0678 0.2225, 0.9843 0.0637 0.2254, 0.9843 0.0591 0.2272, 0.9843 0.0463 0.2436, 0.9843 0.0404 0.2507, 0.9843 -0.0202 0.2354, 0.9843 0.0397 0.2513, 0.9843 0.0323 0.2565, 0.9843 -0.0162 0.2438, 0.9843 -0.0548 0.2292, 0.9843 -0.0221 0.2365, 0.9843 0.0517 0.2292, 0.9843 0.0504 0.2351, 0.9843 -0.028 0.2386, 0.9843 -0.0342 0.2394, 0.9843 -0.0369 0.2392, 0.9843 -0.0103 0.2508, 0.9843 0.024 0.2596, 0.9843 -0.0032 0.256, 0.9843 0.0151 0.2607, 0.9843 0.0054 0.2595, 0.9843 -0.0435 0.2377, 0.9843 -0.0493 0.2346, 0.9843 -0.0539 0.2305, 0.9843 0.0829 0.2292, 0.9843 0.0866 0.2241, 0.9843 0.0889 0.2184, 0.9843 0.2439 0.175, 0.9843 0.2439 0.1707, 0.9843 0.2474 0.1704, 0.9843 0.2357 0.1704, 0.9843 0.2474 0.2184, 0.9843 0.2431 0.2035, 0.9843 0.2431 0.2078, 0.9843 0.2288 0.175, 0.9843 0.2357 0.175, 0.9843 0.2288 0.1874, 0.9843 0.2357 0.1874, 0.9843 0.242 0.1874, 0.9843 0.242 0.1917, 0.9843 0.2357 0.2035, 0.9843 0.2357 0.1707, 0.9843 0.224 0.1707, 0.9843 0.2215 0.1704, 0.9843 0.224 0.2078, 0.9843 0.1476 0.1834, 0.9843 0.1483 0.1908, 0.9843 0.1467 0.1821, 0.9843 0.1461 0.1804, 0.9843 0.1733 0.1764, 0.9843 0.167 0.1878, 0.9843 0.1733 0.1717, 0.9843 0.167 0.1707, 0.9843 0.16 0.1721, 0.9843 0.1584 0.1711, 0.9843 0.1624 0.1707, 0.9843 0.1567 0.1704, 0.9843 0.1441 0.1704, 0.9843 0.1465 0.1741, 0.9843 0.146 0.1757, 0.9843 0.1527 0.1972, 0.9843 0.1441 0.2184, 0.9843 0.1493 0.1959, 0.9843 0.1483 0.1953, 0.9843 0.1441 0.1557, 0.9843 0.1514 0.1704, 0.9843 0.1513 0.1704, 0.9843 0.1496 0.1711, 0.9843 0.1491 0.1846, 0.9843 0.1511 0.1856, 0.9843 0.1511 0.1927, 0.9843 0.1545 0.1865, 0.9843 0.1586 0.1939, 0.9843 0.157 0.194, 0.9843 0.154 0.1937, 0.9843 0.148 0.1722, 0.9843 0.1475 0.1727, 0.9843 0.1624 0.1748, 0.9843 0.1622 0.1748, 0.9843 0.1615 0.1737, 0.9843 0.1751 0.1753, 0.9843 0.1754 0.1752, 0.9843 0.1754 0.185, 0.9843 0.1457 0.1778, 0.9843 0.1457 0.1784, 0.9843 0.1666 0.1913, 0.9843 0.1735 0.1883, 0.9843 0.1735 0.1917, 0.9843 0.1741 0.1932, 0.9843 0.165 0.1949, 0.9843 0.1574 0.1978, 0.9843 0.1602 0.1976, 0.9843 0.1622 0.197, 0.9843 0.1624 0.1876, 0.9843 0.1622 0.1896, 0.9843 0.1617 0.1913, 0.9843 0.1612 0.1922, 0.9843 0.1659 0.1934, 0.9843 0.1733 0.1901, 0.9843 0.1754 0.1851, 0.9843 0.1746 0.1859, 0.9843 0.174 0.1868, 0.9843 0.1605 0.193, 0.9843 0.1596 0.1935, 0.9843 0.1777 0.1704, 0.9843 0.1754 0.1557, 0.9843 0.1805 0.1701, 0.9843 0.1899 0.1966, 0.9843 0.1899 0.1921, 0.9843 0.191 0.1761, 0.9843 0.1904 0.1746, 0.9843 0.1895 0.1734, 0.9843 0.1749 0.1945, 0.9843 0.1754 0.1949, 0.9843 0.1754 0.2184, 0.9843 0.1763 0.1957, 0.9843 0.1777 0.1966, 0.9843 0.1803 0.1975, 0.9843 0.1836 0.1978, 0.9843 0.1924 0.2184, 0.9843 0.1868 0.1975, 0.9843 0.1896 0.1823, 0.9843 0.1905 0.181, 0.9843 0.191 0.1797, 0.9843 0.1912 0.1779, 0.9843 0.1882 0.1722, 0.9843 0.1867 0.1713, 0.9843 0.1832 0.194, 0.9843 0.1818 0.1939, 0.9843 0.1781 0.1905, 0.9843 0.1806 0.1936, 0.9843 0.1795 0.1931, 0.9843 0.1782 0.1899, 0.9843 0.1783 0.1891, 0.9843 0.1787 0.1885, 0.9843 0.1791 0.188, 0.9843 0.1808 0.187, 0.9843 0.1862 0.1937, 0.9843 0.1836 0.1857, 0.9843 0.1889 0.1927, 0.9843 0.1854 0.185, 0.9843 0.1885 0.1833, 0.9843 0.1788 0.1924, 0.9843 0.1784 0.1918, 0.9843 0.1782 0.1912, 0.9843 0.178 0.1742, 0.9843 0.1804 0.1824, 0.9843 0.1776 0.1836, 0.9843 0.1809 0.1739, 0.9843 0.1811 0.1739, 0.9843 0.1834 0.1811, 0.9843 0.1835 0.1742, 0.9843 0.1864 0.1775, 0.9843 0.1864 0.1781, 0.9843 0.1847 0.1746, 0.9843 0.1851 0.1749, 0.9843 0.1857 0.1753, 0.9843 0.1861 0.1759, 0.9843 0.1863 0.1766, 0.9843 0.1862 0.1788, 0.9843 0.1858 0.1794, 0.9843 0.1852 0.18, 0.9843 0.261 0.2397, 0.9843 0.2474 0.2397, 0.9843 0.2648 0.2295, 0.9843 0.2474 0.2292, 0.9843 0.2701 0.2295, 0.9843 0.5709 0.2292, 0.9843 0.5709 0.2669, 0.9843 0.256 0.2666, 0.9843 0.2474 0.2669, 0.9843 0.2456 0.2397, 0.9843 0.242 0.2295, 0.9843 0.2357 0.2292, 0.9843 0.2368 0.2295, 0.9843 0.2357 0.2669, 0.9843 0.2474 0.2576, 0.9843 0.2509 0.2666, 0.9843 0.2215 0.2669, 0.9843 0.201 0.2669, 0.9843 0.2151 0.2666, 0.9843 0.2045 0.2666, 0.9843 0.2045 0.2295, 0.9843 0.201 0.2292, 0.9843 0.2147 0.2295, 0.9843 0.2215 0.2292, 0.9843 0.221 0.2303, 0.9843 0.2337 0.2418, 0.9843 0.2319 0.238, 0.9843 0.2304 0.2604, 0.9843 0.2327 0.2572, 0.9843 0.2291 0.2347, 0.9843 0.2252 0.2319, 0.9843 0.2215 0.2305, 0.9843 0.2291 0.2617, 0.9843 0.2208 0.266, 0.9843 0.2215 0.2657, 0.9843 0.2252 0.2643, 0.9843 0.2341 0.2536, 0.9843 0.2347 0.2485, 0.9843 0.2346 0.2462, 0.9843 0.1924 0.2669, 0.9843 0.1967 0.2666, 0.9843 0.1924 0.2666, 0.9843 0.1967 0.2623, 0.9843 0.1975 0.2338, 0.9843 0.1975 0.2295, 0.9843 0.1924 0.2292, 0.9843 0.1824 0.2338, 0.9843 0.1924 0.2338, 0.9843 0.1824 0.2462, 0.9843 0.1924 0.2462, 0.9843 0.1956 0.2462, 0.9843 0.1956 0.2505, 0.9843 0.1924 0.2623, 0.9843 0.1776 0.2666, 0.9843 0.1754 0.2669, 0.9843 0.1776 0.2295, 0.9843 0.1702 0.2657, 0.9843 0.1662 0.2668, 0.9843 0.1654 0.2669, 0.9843 0.1924 0.2295, 0.9843 0.1702 0.2607, 0.9843 0.1695 0.2308, 0.9843 0.1614 0.2629, 0.9843 0.1598 0.2628, 0.9843 0.1573 0.2335, 0.9843 0.1606 0.2332, 0.9843 0.1623 0.2332, 0.9843 0.1698 0.2609, 0.9843 0.1665 0.234, 0.9843 0.1702 0.2357, 0.9843 0.1702 0.2311, 0.9843 0.1521 0.2361, 0.9843 0.1475 0.2461, 0.9843 0.1511 0.2371, 0.9843 0.1481 0.2424, 0.9843 0.1493 0.2395, 0.9843 0.166 0.2624, 0.9843 0.1566 0.2622, 0.9843 0.1537 0.2608, 0.9843 0.1513 0.2588, 0.9843 0.1511 0.2585, 0.9843 0.1493 0.2559, 0.9843 0.148 0.2527, 0.9843 0.1474 0.2477, 0.9843 0.1546 0.2345, 0.9843 0.1614 0.2672, 0.9843 0.1441 0.3937, 0.9843 0.1754 0.3937, 0.9843 0.1451 0.2583, 0.9843 0.1478 0.2618, 0.9843 0.1487 0.2627, 0.9843 0.1522 0.2651, 0.9843 0.1441 0.239, 0.9843 0.1431 0.2414, 0.9843 0.1418 0.2292, 0.9843 0.1424 0.2474, 0.9843 0.1425 0.2493, 0.9843 0.1418 0.2669, 0.9843 0.1433 0.2541, 0.9843 0.1441 0.2559, 0.9843 0.1497 0.2318, 0.9843 0.1472 0.234, 0.9843 0.1441 0.2292, 0.9843 0.1469 0.2343, 0.9843 0.1446 0.2375, 0.9843 0.1599 0.2289, 0.9843 0.1571 0.2291, 0.9843 0.1565 0.2292, 0.9843 0.1531 0.23, 0.9843 0.1637 0.1961, 0.9843 0.1565 0.1704, 0.9843 0.1541 0.1701, 0.9843 0.2142 0.1972, 0.9843 0.219 0.1972, 0.9843 0.2215 0.2184, 0.9843 0.2357 0.2078, 0.9843 0.2357 0.2184, 0.9843 0.2084 0.1704, 0.9843 0.2057 0.1773, 0.9843 0.2063 0.1751, 0.9843 0.2064 0.1751, 0.9843 0.201 0.2184, 0.9843 0.201 0.1908, 0.9843 0.207 0.1773, 0.9843 0.2066 0.176, 0.9843 0.201 0.1783, 0.9843 0.1936 0.1972, 0.9843 0.1988 0.1972, 0.9843 0.204 0.1708, 0.9843 0.2038 0.1704, 0.9843 0.2019 0.166, 0.9843 0.1924 0.1557, 0.9843 0.1945 0.1586, 0.9843 0.1945 0.1628, 0.9843 0.1955 0.1625, 0.9843 0.1972 0.1622, 0.9843 0.201 0.1591, 0.9843 0.1994 0.1585, 0.9843 0.201 0.1557, 0.9843 0.1975 0.1583, 0.9843 0.1965 0.1583, 0.9843 0.1983 0.1624, 0.9843 0.1993 0.1628, 0.9843 0.207 0.1667, 0.9843 0.2049 0.1626, 0.9843 0.2215 0.1557, 0.9843 0.2032 0.1606, 0.9843 0.2029 0.1603, 0.9843 0.2013 0.1592, 0.9843 -0.2165 0.0, 0.9843 -0.2165 0.1557, 0.9843 -0.2165 0.1704, 0.9843 -0.2165 0.2184, 0.9843 -0.2165 0.2292, 0.9843 -0.2165 0.2669, 0.9843 -0.2165 0.3937, 0.9843 0.1409 0.2338, 0.9843 0.1409 0.2295, 0.9843 0.1213 0.2295, 0.9843 0.1261 0.2666, 0.9843 0.1261 0.2338, 0.9843 0.1213 0.2666, 0.9843 0.1418 0.1704, 0.9843 0.1413 0.1707, 0.9843 0.1213 0.1707, 0.9843 0.1413 0.175, 0.9843 0.1404 0.2035, 0.9843 0.1261 0.1874, 0.9843 0.1261 0.175, 0.9843 0.1394 0.1874, 0.9843 0.1394 0.1917, 0.9843 0.1261 0.1917, 0.9843 0.1261 0.2035, 0.9843 0.1213 0.2078, 0.9843 0.1404 0.2078, 0.9843 0.1418 0.3937, 0.9843 0.1924 0.3937, 0.9843 0.201 0.3937, 0.9843 0.2215 0.3937, 0.9843 0.2357 0.3937, 0.9843 0.2474 0.3937, 0.9843 0.5709 0.3937, 0.9843 0.2611 0.1707, 0.9843 0.2509 0.1707, 0.9843 0.2509 0.2078, 0.9843 0.3113 0.1707, 0.9843 0.3165 0.1707, 0.9843 0.5709 0.1704, 0.9843 0.3024 0.2078, 0.9843 0.5709 0.2184, 0.9843 0.3075 0.1809, 0.9843 0.292 0.1809, 0.9843 0.2885 0.1707, 0.9843 0.2832 0.1707, 0.9843 0.2973 0.2078, 0.9843 0.2783 0.1792, 0.9843 0.2755 0.1759, 0.9843 0.2716 0.1731, 0.9843 0.2674 0.1715, 0.9843 0.2755 0.2029, 0.9843 0.2769 0.2016, 0.9843 0.2791 0.1984, 0.9843 0.2805 0.1948, 0.9843 0.2615 0.2078, 0.9843 0.2672 0.2072, 0.9843 0.2717 0.2055, 0.9843 0.2811 0.1897, 0.9843 0.281 0.1874, 0.9843 0.2801 0.183, 0.9843 0.2357 0.1557, 0.9843 0.2474 0.1557, 0.9843 0.5709 0.1557, 0.9843 0.1418 0.0, 0.9843 0.1441 0.0, 0.9843 0.1754 0.0, 0.9843 0.1924 0.0, 0.9843 0.201 0.0, 0.9843 0.2215 0.0, 0.9843 0.2357 0.0, 0.9843 0.2474 0.0, 0.9843 0.5709 0.0, -0.5906 -0.5709 0.315, -0.5906 -0.5709 0.3937, -0.7028 -0.5709 0.315, -0.8268 -0.5709 0.3937, -0.7028 -0.5709 0.1181, -0.8268 -0.5709 0.0, 0.7028 -0.5709 0.1181, 0.8268 -0.5709 0.0, 0.7028 -0.5709 0.315, 0.8268 -0.5709 0.3937, 0.5906 -0.5709 0.315, 0.5906 -0.5709 0.3937, -0.7874 0.0197 0.3937, -0.7874 0.5709 0.3937, -0.9843 0.5709 0.3937, -0.8268 -0.2165 0.3937, -0.5512 -0.5315 0.3937, -0.9843 -0.2165 0.3937, 0.7874 0.0197 0.3937, 0.5512 -0.5315 0.3937, 0.8268 -0.2165 0.3937, 0.7874 0.5709 0.3937, -0.9843 0.5709 0.0, -0.9843 -0.2165 0.0, 0.8268 -0.2165 0.0, -0.8268 -0.2165 0.0, -0.7874 0.5709 0.0, -0.7874 0.5315 0.0, 0.7874 0.5709 0.0, 0.7874 0.5315 0.0, 0.4528 0.0197 0.1181, 0.4528 -0.0984 0.1181, 0.4577 -0.2313 0.1181, 0.0591 0.0197 0.1181, 0.0591 -0.0984 0.1181, 0.064 -0.2313 0.1181, -0.1378 0.0197 0.1181, -0.1378 -0.0984 0.1181, -0.1329 -0.2313 0.1181, -0.3346 0.0197 0.1181, -0.3346 -0.0984 0.1181, -0.3297 -0.2313 0.1181, 0.3297 -0.5709 0.1181, 0.4577 -0.5709 0.1181, -0.4577 -0.5709 0.1181, -0.3297 -0.5709 0.1181, -0.128 -0.3641 0.1181, -0.128 -0.2313 0.1181, 0.0689 -0.3641 0.1181, 0.0689 -0.2313 0.1181, 0.689 -0.2313 0.1181, 0.7028 -0.2313 0.1181, 0.7028 0.0197 0.1181, 0.7874 0.0197 0.1181, 0.7874 0.5315 0.1181, 0.689 0.5315 0.1181, -0.5266 -0.5709 0.1181, -0.5266 -0.2313 0.1181, -0.7028 -0.2313 0.1181, -0.7874 0.5315 0.1181, -0.7874 0.0197 0.1181, -0.7028 0.0197 0.1181, -0.5266 0.5315 0.1181, -0.6545 0.5315 0.1181, -0.5315 0.0197 0.1181, -0.5906 0.0197 0.1181, -0.5315 -0.0984 0.1181, -0.5906 -0.0984 0.1181, 0.2608 -0.2313 0.1181, 0.2559 -0.0984 0.1181, 0.128 -0.2313 0.1181, 0.1378 -0.0984 0.1181, 0.128 0.2983 0.1181, 0.1378 0.0197 0.1181, 0.2559 0.0197 0.1181, 0.064 0.5315 0.1181, 0.0689 0.2983 0.1181, 0.1969 0.5315 0.1181, 0.2608 0.5315 0.1181, 0.2608 -0.5709 0.1181, 0.128 -0.3641 0.1181, 0.064 -0.5709 0.1181, 0.3248 0.2983 0.1181, 0.3297 0.5315 0.1181, 0.2657 0.2983 0.1181, 0.3297 -0.2313 0.1181, 0.3248 -0.2313 0.1181, 0.3248 -0.3641 0.1181, 0.5217 0.2983 0.1181, 0.5266 0.5315 0.1181, 0.4626 0.2983 0.1181, 0.4577 0.5315 0.1181, 0.4626 -0.2313 0.1181, 0.4626 -0.3641 0.1181, 0.5217 -0.3641 0.1181, 0.5266 -0.5709 0.1181, -0.0689 0.2983 0.1181, -0.064 0.5315 0.1181, -0.128 0.2983 0.1181, -0.1329 0.5315 0.1181, -0.1329 -0.5709 0.1181, -0.064 -0.5709 0.1181, -0.0689 -0.3641 0.1181, -0.2657 0.2983 0.1181, -0.2608 0.5315 0.1181, -0.3248 0.2983 0.1181, -0.3297 0.5315 0.1181, -0.3248 -0.2313 0.1181, -0.3248 -0.3641 0.1181, -0.2657 -0.3641 0.1181, -0.2608 -0.5709 0.1181, -0.4626 0.2983 0.1181, -0.4577 0.5315 0.1181, -0.5217 0.2983 0.1181, -0.4577 -0.2313 0.1181, -0.4626 -0.2313 0.1181, -0.4626 -0.3641 0.1181, -0.5217 -0.3641 0.1181, -0.5217 -0.2313 0.1181, -0.2608 -0.2313 0.1181, -0.2657 -0.2313 0.1181, -0.064 -0.2313 0.1181, -0.0689 -0.2313 0.1181, 0.2657 -0.3641 0.1181, 0.2657 -0.2313 0.1181, 0.689 -0.5709 0.1181, 0.5266 -0.2313 0.1181, 0.5217 -0.2313 0.1181, -0.4528 -0.0984 0.1181, -0.4528 0.0197 0.1181, -0.3937 0.5315 0.1181, -0.2559 -0.0984 0.1181, -0.2559 0.0197 0.1181, -0.1969 0.5315 0.1181, -0.0591 -0.0984 0.1181, -0.0591 0.0197 0.1181, 0.0 0.5315 0.1181, 0.3346 -0.0984 0.1181, 0.3346 0.0197 0.1181, 0.3937 0.5315 0.1181, 0.5315 -0.0984 0.1181, 0.5315 0.0197 0.1181, 0.5906 -0.0984 0.1181, 0.5906 0.0197 0.1181, -0.7874 0.5315 0.0126, -0.5906 0.0197 0.315, -0.5906 -0.0984 0.315, 0.7874 0.5315 0.0126, 0.5906 -0.0984 0.315, 0.5906 0.0197 0.315, 0.5315 -0.0984 0.315, 0.4528 -0.0984 0.315, 0.3346 -0.0984 0.315, 0.2559 -0.0984 0.315, 0.1378 -0.0984 0.315, -0.4528 -0.0984 0.315, -0.3346 -0.0984 0.315, -0.5315 -0.0984 0.315, -0.2559 -0.0984 0.315, -0.1378 -0.0984 0.315, -0.0591 -0.0984 0.315, 0.0591 -0.0984 0.315, 0.7028 0.0197 0.315, 0.4528 0.0197 0.315, 0.3346 0.0197 0.315, 0.5315 0.0197 0.315, 0.2559 0.0197 0.315, 0.0591 0.0197 0.315, -0.0591 0.0197 0.315, -0.1378 0.0197 0.315, 0.1378 0.0197 0.315, -0.3346 0.0197 0.315, -0.4528 0.0197 0.315, -0.5315 0.0197 0.315, -0.2559 0.0197 0.315, -0.7028 0.0197 0.315, 0.5512 -0.5315 0.315, -0.5512 -0.5315 0.315, 0.4626 0.5315 0.1102, 0.4626 0.5315 0.0251, 0.3937 0.5315 0.0126, 0.5217 0.5315 0.0251, 0.5217 0.5315 0.1102, 0.3248 0.5315 0.0251, 0.3248 0.5315 0.1102, 0.2657 0.5315 0.1102, 0.2657 0.5315 0.0251, 0.1969 0.5315 0.0126, -0.0689 0.5315 0.0251, -0.0689 0.5315 0.1102, 0.0 0.5315 0.0126, 0.0689 0.5315 0.1102, 0.128 0.5315 0.1102, 0.128 0.5315 0.0251, 0.0689 0.5315 0.0251, -0.128 0.5315 0.0251, -0.1969 0.5315 0.0126, -0.128 0.5315 0.1102, -0.2657 0.5315 0.0251, -0.2657 0.5315 0.1102, -0.3248 0.5315 0.0251, -0.3937 0.5315 0.0126, -0.3248 0.5315 0.1102, -0.4626 0.5315 0.0251, -0.4626 0.5315 0.1102, -0.5217 0.5315 0.0251, -0.6545 0.5315 0.0126, -0.5217 0.5315 0.1102, 0.3937 0.5315 0.0, 0.1969 0.5315 0.0, 0.0 0.5315 0.0, -0.1969 0.5315 0.0, -0.3937 0.5315 0.0, -0.6545 0.5315 0.0, -0.6545 0.5315 0.0
            ]
        }
        coordIndex [
            0,1,2,-1,3,4,5,-1,6,7,8,-1,9,10,11,-1,12,13,14,-1,15,16,17,-1,18,19,20,-1,21,22,23,-1,24,25,26,-1,27,28,29,-1,29,28,3,-1,30,31,29,-1,29,31,32,-1,32,33,29,-1,29,33,34,-1,29,34,27,-1,35,36,37,-1,38,39,40,-1,37,36,38,-1,38,36,41,-1,38,41,39,-1,35,37,42,-1,42,37,43,-1,42,43,44,-1,45,46,43,-1,43,46,47,-1,43,47,48,-1,43,49,44,-1,44,49,50,-1,44,50,51,-1,51,50,52,-1,51,52,53,-1,48,54,43,-1,43,54,55,-1,43,55,49,-1,56,57,58,-1,56,58,59,-1,57,60,58,-1,58,60,61,-1,58,61,62,-1,62,61,63,-1,63,64,62,-1,62,64,65,-1,62,65,45,-1,45,65,66,-1,45,66,46,-1,67,59,68,-1,68,59,58,-1,68,58,69,-1,69,58,70,-1,69,70,71,-1,71,70,72,-1,73,74,70,-1,70,74,75,-1,70,75,72,-1,76,77,78,-1,78,77,79,-1,78,79,73,-1,73,79,80,-1,73,80,74,-1,0,81,1,-1,1,81,82,-1,1,82,83,-1,83,84,1,-1,1,84,85,-1,1,85,76,-1,86,87,4,-1,88,89,90,-1,91,92,0,-1,93,94,95,-1,95,94,96,-1,88,90,97,-1,91,0,98,-1,99,100,94,-1,94,100,101,-1,94,101,102,-1,4,87,0,-1,0,87,103,-1,0,103,98,-1,89,104,90,-1,90,104,105,-1,90,105,106,-1,107,108,109,-1,109,108,110,-1,109,110,111,-1,112,102,113,-1,113,102,114,-1,113,114,109,-1,109,114,115,-1,109,115,107,-1,112,116,102,-1,102,116,117,-1,102,117,94,-1,94,117,118,-1,94,118,96,-1,119,120,121,-1,121,120,122,-1,121,122,90,-1,90,122,123,-1,90,123,97,-1,124,125,90,-1,90,125,126,-1,90,126,94,-1,94,126,127,-1,94,127,99,-1,128,129,81,-1,81,129,130,-1,81,130,131,-1,131,132,81,-1,81,132,133,-1,81,133,134,-1,134,133,119,-1,134,119,135,-1,135,119,121,-1,92,136,0,-1,0,136,137,-1,0,137,81,-1,81,137,138,-1,81,138,128,-1,106,139,90,-1,90,139,140,-1,90,140,141,-1,141,142,90,-1,90,142,143,-1,90,143,124,-1,144,145,146,-1,146,102,144,-1,144,102,101,-1,144,101,147,-1,147,101,148,-1,148,149,147,-1,147,149,150,-1,147,150,151,-1,152,153,154,-1,153,155,154,-1,154,155,156,-1,154,156,157,-1,158,154,159,-1,145,144,158,-1,158,144,160,-1,158,160,154,-1,154,160,161,-1,154,161,152,-1,159,162,158,-1,158,162,163,-1,158,163,164,-1,157,156,165,-1,165,156,166,-1,165,166,167,-1,167,166,168,-1,167,168,169,-1,170,171,164,-1,164,171,172,-1,164,172,158,-1,28,173,3,-1,3,173,174,-1,3,174,4,-1,4,174,175,-1,4,175,86,-1,176,177,178,-1,178,177,179,-1,176,180,181,-1,181,180,182,-1,183,184,185,-1,185,184,186,-1,186,184,187,-1,187,184,176,-1,187,176,188,-1,188,176,181,-1,188,181,26,-1,26,181,189,-1,26,189,24,-1,177,190,179,-1,179,190,191,-1,179,191,192,-1,192,191,193,-1,194,195,196,-1,196,195,197,-1,198,199,200,-1,200,199,201,-1,200,201,22,-1,202,203,204,-1,204,203,205,-1,204,205,201,-1,206,207,208,-1,209,210,211,-1,211,210,212,-1,213,214,206,-1,206,214,215,-1,206,215,216,-1,194,217,195,-1,195,217,218,-1,195,218,219,-1,219,218,220,-1,221,222,220,-1,220,222,223,-1,220,223,219,-1,216,224,206,-1,206,224,225,-1,206,225,207,-1,226,227,204,-1,204,227,228,-1,204,228,202,-1,229,230,231,-1,208,232,206,-1,206,232,233,-1,206,233,210,-1,210,233,197,-1,210,197,212,-1,212,197,195,-1,234,199,235,-1,236,237,238,-1,209,239,210,-1,210,239,240,-1,210,240,241,-1,242,243,220,-1,220,243,244,-1,220,244,245,-1,229,231,198,-1,238,246,236,-1,236,246,234,-1,236,234,247,-1,247,234,235,-1,231,248,198,-1,198,248,249,-1,198,249,199,-1,199,249,250,-1,199,250,235,-1,245,251,220,-1,220,251,252,-1,220,252,221,-1,21,23,253,-1,253,23,254,-1,253,254,255,-1,256,257,20,-1,258,259,20,-1,20,259,260,-1,261,262,263,-1,263,262,264,-1,263,264,265,-1,265,266,263,-1,263,266,267,-1,263,267,268,-1,268,267,269,-1,268,269,256,-1,270,271,257,-1,257,271,272,-1,257,272,20,-1,20,272,273,-1,20,273,258,-1,260,274,20,-1,20,274,275,-1,20,275,18,-1,276,277,278,-1,278,277,279,-1,278,279,280,-1,278,281,276,-1,276,281,282,-1,276,282,283,-1,283,284,276,-1,276,284,285,-1,276,285,286,-1,286,285,287,-1,286,287,288,-1,288,287,289,-1,288,289,257,-1,257,289,290,-1,257,290,270,-1,291,292,280,-1,280,292,293,-1,280,293,278,-1,294,295,230,-1,230,295,296,-1,230,296,231,-1,294,297,295,-1,295,297,298,-1,295,298,299,-1,299,298,300,-1,299,301,302,-1,300,303,299,-1,299,303,304,-1,299,304,305,-1,305,306,299,-1,299,306,307,-1,299,307,301,-1,302,308,299,-1,299,308,309,-1,299,309,310,-1,311,312,313,-1,313,312,314,-1,313,314,315,-1,316,317,318,-1,318,317,319,-1,312,320,314,-1,314,320,321,-1,314,321,322,-1,322,321,323,-1,322,323,324,-1,324,323,325,-1,324,325,319,-1,319,325,326,-1,319,326,318,-1,327,328,329,-1,329,328,330,-1,330,328,331,-1,331,328,332,-1,331,332,333,-1,333,332,334,-1,333,334,335,-1,336,337,322,-1,338,339,324,-1,337,340,322,-1,322,340,341,-1,322,341,334,-1,334,341,342,-1,334,342,335,-1,338,324,343,-1,329,344,327,-1,327,344,345,-1,327,345,324,-1,324,345,346,-1,324,346,343,-1,339,347,324,-1,324,347,348,-1,324,348,322,-1,322,348,349,-1,322,349,336,-1,328,350,351,-1,351,350,352,-1,351,353,328,-1,328,353,354,-1,328,354,332,-1,332,354,355,-1,332,355,356,-1,357,358,359,-1,359,358,360,-1,360,358,361,-1,361,358,354,-1,361,354,362,-1,362,354,353,-1,362,353,17,-1,17,353,363,-1,17,363,15,-1,352,350,364,-1,364,350,365,-1,364,365,366,-1,367,365,368,-1,368,365,369,-1,355,370,356,-1,356,370,366,-1,356,366,14,-1,14,366,365,-1,14,365,371,-1,371,365,367,-1,12,14,372,-1,373,374,375,-1,376,377,378,-1,378,377,379,-1,378,379,371,-1,371,379,380,-1,371,380,14,-1,14,380,381,-1,14,381,372,-1,382,383,384,-1,384,383,385,-1,384,385,386,-1,376,378,375,-1,375,378,387,-1,375,387,373,-1,374,388,375,-1,375,388,389,-1,375,389,390,-1,390,391,375,-1,375,391,392,-1,375,392,393,-1,393,394,375,-1,375,394,383,-1,375,383,395,-1,395,383,382,-1,10,396,397,-1,397,396,369,-1,397,369,398,-1,11,399,400,-1,400,401,11,-1,11,401,402,-1,11,402,9,-1,403,404,405,-1,406,407,408,-1,408,407,409,-1,408,409,11,-1,11,409,410,-1,11,410,399,-1,411,412,413,-1,413,412,414,-1,413,414,415,-1,416,417,210,-1,210,417,418,-1,210,418,413,-1,413,418,419,-1,413,419,411,-1,13,416,263,-1,263,416,210,-1,263,210,261,-1,261,210,241,-1,261,241,237,-1,237,241,420,-1,237,420,238,-1,22,201,23,-1,23,201,205,-1,23,205,254,-1,254,205,421,-1,254,421,213,-1,213,421,422,-1,213,422,214,-1,423,424,425,-1,182,180,426,-1,426,180,427,-1,426,427,193,-1,193,427,425,-1,193,425,192,-1,192,425,424,-1,192,424,428,-1,429,430,431,-1,425,432,423,-1,423,432,433,-1,423,433,434,-1,434,433,429,-1,434,429,435,-1,435,429,431,-1,8,436,20,-1,20,436,437,-1,256,20,268,-1,268,20,437,-1,268,437,432,-1,432,437,438,-1,432,438,433,-1,439,436,440,-1,440,436,8,-1,440,8,441,-1,441,8,7,-1,442,443,444,-1,255,254,19,-1,19,254,442,-1,19,442,20,-1,20,442,444,-1,20,444,8,-1,8,444,445,-1,8,445,446,-1,447,448,449,-1,449,448,450,-1,449,450,442,-1,442,450,451,-1,442,451,443,-1,446,452,8,-1,8,452,453,-1,8,453,6,-1,454,455,456,-1,454,456,428,-1,455,457,456,-1,456,457,458,-1,456,458,449,-1,449,458,459,-1,449,459,447,-1,460,73,461,-1,461,73,70,-1,461,70,462,-1,462,70,58,-1,462,58,463,-1,463,58,62,-1,463,62,464,-1,464,62,45,-1,464,45,465,-1,465,45,43,-1,465,43,466,-1,466,43,37,-1,467,468,405,-1,405,468,469,-1,470,408,29,-1,404,406,405,-1,405,406,408,-1,405,408,467,-1,467,408,470,-1,467,470,471,-1,5,405,3,-1,3,405,469,-1,3,469,29,-1,29,469,472,-1,29,472,470,-1,473,474,475,-1,474,473,476,-1,476,473,5,-1,476,5,477,-1,478,479,480,-1,480,479,476,-1,480,476,481,-1,481,476,477,-1,481,477,482,-1,482,477,483,-1,2,473,0,-1,0,473,475,-1,0,475,4,-1,4,475,484,-1,4,484,5,-1,5,484,485,-1,5,485,477,-1,10,397,11,-1,11,397,486,-1,11,486,408,-1,408,486,38,-1,408,38,29,-1,29,38,40,-1,29,40,30,-1,2,213,473,-1,473,213,206,-1,473,206,5,-1,5,206,210,-1,5,210,405,-1,405,210,413,-1,405,413,403,-1,403,413,415,-1,13,263,14,-1,14,263,268,-1,14,268,356,-1,356,268,432,-1,356,432,332,-1,332,432,425,-1,332,425,334,-1,334,425,427,-1,334,427,322,-1,322,427,180,-1,322,180,314,-1,369,365,398,-1,398,365,350,-1,398,350,487,-1,487,350,328,-1,487,328,488,-1,488,328,327,-1,488,327,489,-1,489,327,324,-1,489,324,490,-1,490,324,319,-1,490,319,491,-1,491,319,317,-1,491,317,492,-1,493,494,178,-1,176,178,180,-1,180,178,494,-1,180,494,495,-1,496,178,497,-1,497,178,498,-1,497,498,499,-1,499,498,500,-1,501,502,496,-1,496,502,503,-1,496,503,178,-1,178,503,504,-1,178,504,493,-1,318,315,316,-1,316,315,314,-1,316,314,500,-1,500,314,180,-1,500,180,499,-1,499,180,505,-1,504,506,507,-1,507,508,504,-1,504,508,509,-1,504,509,493,-1,510,511,505,-1,505,511,512,-1,505,512,513,-1,495,514,180,-1,180,514,515,-1,180,515,505,-1,505,515,516,-1,505,516,510,-1,513,517,505,-1,505,517,518,-1,505,518,504,-1,504,518,519,-1,504,519,506,-1,428,456,192,-1,192,456,520,-1,192,520,179,-1,179,520,521,-1,179,521,178,-1,178,521,522,-1,178,522,498,-1,76,78,1,-1,1,78,523,-1,1,523,2,-1,2,523,524,-1,2,524,213,-1,213,524,525,-1,213,525,254,-1,254,525,526,-1,254,526,442,-1,442,526,527,-1,442,527,449,-1,449,527,528,-1,449,528,456,-1,456,528,529,-1,456,529,520,-1,520,529,530,-1,520,530,521,-1,521,530,531,-1,521,531,522,-1,532,533,534,-1,534,533,535,-1,534,535,536,-1,536,535,537,-1,536,537,538,-1,538,537,539,-1,538,539,540,-1,540,539,541,-1,540,541,542,-1,542,541,543,-1,544,545,546,-1,535,533,547,-1,547,533,548,-1,546,549,544,-1,544,549,547,-1,544,547,550,-1,550,547,548,-1,550,548,551,-1,543,541,551,-1,551,541,552,-1,551,552,550,-1,550,552,466,-1,550,466,553,-1,553,466,492,-1,546,554,549,-1,549,554,555,-1,539,537,556,-1,556,537,557,-1,554,558,559,-1,531,530,557,-1,557,530,529,-1,560,531,561,-1,561,531,557,-1,561,557,559,-1,559,557,555,-1,559,555,554,-1,529,528,557,-1,557,528,527,-1,557,527,556,-1,556,527,526,-1,526,525,556,-1,556,525,524,-1,556,524,523,-1,523,78,556,-1,556,78,73,-1,556,73,460,-1,562,563,564,-1,565,566,567,-1,568,569,570,-1,571,572,573,-1,574,575,564,-1,576,577,573,-1,578,579,570,-1,580,581,567,-1,582,583,584,-1,585,586,584,-1,584,586,587,-1,584,587,582,-1,588,589,536,-1,536,589,590,-1,591,592,593,-1,594,595,596,-1,596,595,597,-1,589,598,590,-1,590,598,599,-1,590,599,593,-1,593,599,597,-1,593,597,591,-1,591,597,595,-1,600,601,602,-1,602,601,603,-1,602,603,604,-1,604,603,605,-1,604,605,606,-1,607,608,609,-1,609,608,604,-1,609,604,610,-1,610,604,606,-1,600,602,611,-1,611,602,612,-1,611,612,613,-1,614,615,616,-1,616,615,610,-1,616,610,600,-1,600,610,606,-1,600,606,601,-1,617,618,619,-1,620,621,622,-1,622,621,623,-1,624,564,625,-1,625,564,575,-1,625,575,626,-1,626,575,627,-1,628,629,630,-1,630,629,631,-1,632,633,634,-1,635,636,637,-1,637,636,638,-1,639,573,640,-1,640,573,577,-1,640,577,641,-1,641,577,642,-1,643,644,645,-1,645,644,594,-1,645,594,589,-1,589,594,596,-1,589,596,598,-1,646,647,648,-1,573,646,576,-1,576,646,648,-1,576,648,588,-1,588,648,649,-1,588,649,589,-1,589,649,650,-1,589,650,645,-1,634,578,632,-1,632,578,570,-1,632,570,642,-1,642,570,651,-1,642,651,641,-1,641,651,652,-1,612,580,613,-1,613,580,567,-1,613,567,633,-1,633,567,653,-1,633,653,634,-1,634,653,654,-1,564,617,574,-1,574,617,619,-1,574,619,611,-1,611,619,655,-1,611,655,600,-1,600,655,656,-1,600,656,616,-1,538,583,657,-1,657,583,582,-1,657,582,627,-1,627,582,658,-1,627,658,626,-1,626,658,659,-1,573,572,646,-1,646,572,660,-1,646,660,661,-1,639,637,573,-1,573,637,638,-1,573,638,571,-1,571,638,662,-1,571,662,661,-1,661,662,644,-1,661,644,646,-1,646,644,643,-1,646,643,647,-1,570,569,651,-1,651,569,663,-1,651,663,664,-1,579,630,570,-1,570,630,631,-1,570,631,568,-1,568,631,665,-1,568,665,664,-1,664,665,636,-1,664,636,651,-1,651,636,635,-1,651,635,652,-1,567,566,653,-1,653,566,666,-1,653,666,667,-1,581,608,567,-1,567,608,607,-1,567,607,565,-1,565,607,668,-1,565,668,667,-1,667,668,629,-1,667,629,653,-1,653,629,628,-1,653,628,654,-1,564,563,617,-1,617,563,669,-1,617,669,670,-1,624,622,564,-1,564,622,623,-1,564,623,562,-1,562,623,671,-1,562,671,670,-1,670,671,615,-1,670,615,617,-1,617,615,614,-1,617,614,618,-1,658,672,673,-1,672,658,674,-1,674,658,582,-1,674,582,675,-1,675,582,587,-1,675,587,673,-1,673,587,621,-1,673,621,658,-1,658,621,620,-1,658,620,659,-1,544,592,545,-1,545,592,591,-1,545,591,558,-1,558,591,676,-1,558,676,559,-1,597,599,677,-1,677,599,678,-1,586,585,550,-1,561,679,560,-1,560,679,586,-1,560,586,553,-1,553,586,550,-1,680,674,681,-1,681,674,675,-1,553,492,560,-1,560,492,531,-1,672,674,682,-1,682,674,680,-1,683,684,563,-1,563,684,669,-1,685,686,601,-1,601,686,603,-1,660,572,687,-1,687,572,688,-1,689,678,598,-1,598,678,599,-1,663,569,690,-1,690,569,691,-1,666,566,692,-1,692,566,693,-1,585,584,550,-1,550,584,694,-1,550,694,681,-1,562,670,695,-1,695,670,696,-1,675,673,681,-1,681,673,697,-1,681,697,550,-1,550,697,695,-1,550,695,544,-1,544,695,696,-1,544,696,698,-1,699,565,667,-1,700,701,544,-1,667,700,699,-1,699,700,544,-1,699,544,702,-1,702,544,698,-1,702,698,605,-1,605,698,606,-1,703,571,661,-1,704,705,544,-1,661,704,703,-1,703,704,544,-1,703,544,706,-1,706,544,701,-1,706,701,664,-1,664,701,568,-1,593,592,707,-1,707,592,544,-1,707,544,677,-1,677,544,705,-1,677,705,597,-1,597,705,596,-1,554,546,558,-1,558,546,545,-1,538,540,583,-1,583,540,694,-1,583,694,584,-1,534,536,707,-1,707,536,590,-1,707,590,593,-1,689,534,678,-1,678,534,707,-1,678,707,677,-1,688,708,687,-1,687,708,709,-1,705,704,689,-1,689,704,687,-1,689,687,534,-1,534,687,709,-1,534,709,532,-1,691,701,700,-1,700,692,691,-1,691,692,708,-1,691,708,690,-1,690,708,688,-1,690,688,706,-1,706,688,703,-1,699,702,693,-1,693,702,686,-1,540,542,708,-1,685,698,696,-1,684,683,540,-1,696,684,685,-1,685,684,540,-1,685,540,686,-1,686,540,708,-1,686,708,693,-1,693,708,692,-1,681,694,680,-1,680,694,540,-1,680,540,682,-1,682,540,683,-1,682,683,697,-1,697,683,695,-1,605,603,702,-1,702,603,686,-1,699,693,565,-1,565,693,566,-1,667,666,700,-1,700,666,692,-1,701,691,568,-1,568,691,569,-1,664,663,706,-1,706,663,690,-1,703,688,571,-1,571,688,572,-1,661,660,704,-1,704,660,687,-1,705,689,596,-1,596,689,598,-1,670,669,696,-1,696,669,684,-1,698,685,606,-1,606,685,601,-1,673,672,697,-1,697,672,682,-1,695,683,562,-1,562,683,563,-1,587,586,679,-1,710,711,712,-1,712,711,713,-1,712,713,679,-1,679,713,714,-1,679,714,587,-1,715,716,712,-1,712,716,671,-1,712,671,710,-1,710,671,623,-1,710,623,714,-1,714,623,621,-1,714,621,587,-1,717,610,716,-1,716,610,615,-1,716,615,671,-1,715,712,718,-1,718,712,719,-1,718,719,717,-1,717,719,609,-1,717,609,610,-1,720,721,722,-1,722,721,668,-1,722,668,723,-1,723,668,607,-1,723,607,724,-1,724,607,609,-1,724,609,725,-1,725,609,719,-1,725,719,726,-1,726,719,722,-1,726,722,723,-1,720,722,727,-1,727,722,728,-1,727,728,729,-1,730,731,728,-1,728,731,665,-1,728,665,729,-1,729,665,631,-1,729,631,721,-1,721,631,629,-1,721,629,668,-1,730,728,732,-1,732,728,733,-1,732,733,734,-1,735,736,733,-1,733,736,662,-1,733,662,734,-1,734,662,638,-1,734,638,731,-1,731,638,636,-1,731,636,665,-1,735,733,737,-1,737,733,738,-1,737,738,739,-1,676,591,738,-1,738,591,595,-1,738,595,739,-1,739,595,594,-1,739,594,736,-1,736,594,644,-1,736,644,662,-1,679,561,712,-1,712,561,740,-1,712,740,719,-1,719,740,741,-1,719,741,722,-1,722,741,742,-1,722,742,728,-1,728,742,743,-1,728,743,733,-1,733,743,744,-1,733,744,738,-1,738,744,745,-1,738,745,676,-1,676,745,559,-1,
        ]
    }
}
Shape{
    appearance Appearance {
        material  Material 	{
            diffuseColor 1.0 1.0 0.0
            specularColor 0.5019607843137255 0.5019607843137255 0.0
            ambientIntensity 0.2
            transparency 0
            shininess 0.5
        }
    }
    geometry IndexedFaceSet {
        ccw TRUE
        solid FALSE
        coord DEF co Coordinate {
            point [
                0.128 0.5591 -0.0079, 0.128 0.5591 0.0251, 0.0689 0.5591 -0.0079, 0.0689 0.5591 0.0251, 0.128 0.7087 -0.0079, 0.0689 0.7087 -0.0079, 0.128 0.7087 0.1102, 0.0689 0.7087 0.1102, 0.0689 0.5315 0.0251, 0.0689 0.5315 0.1102, 0.128 0.5315 0.0251, 0.128 0.5315 0.1102, 0.0689 0.2983 0.1181, 0.0689 0.2299 0.2986, 0.128 0.2983 0.1181, 0.128 0.2299 0.2986, 0.128 -0.3681 0.1299, 0.0689 -0.3681 0.1299, 0.0689 -0.3676 0.1257, 0.128 -0.3676 0.1257, 0.0689 -0.3663 0.1217, 0.128 -0.3663 0.1217, 0.0689 -0.3641 0.1181, 0.128 -0.3641 0.1181, 0.128 -0.3776 0.2422, 0.128 0.2115 0.3113, 0.128 -0.3807 0.246, 0.128 -0.3847 0.249, 0.128 -0.4293 0.2514, 0.128 -0.3943 0.2514, 0.128 -0.4489 0.2711, 0.128 -0.3249 0.2363, 0.128 -0.3755 0.2377, 0.128 -0.3212 0.2375, 0.128 -0.3173 0.2379, 0.128 0.1149 0.2379, 0.128 0.2162 0.3107, 0.128 -0.2849 0.1645, 0.128 -0.2313 0.1181, 0.128 0.1149 0.1645, 0.128 0.2277 0.3028, 0.128 -0.3658 0.1395, 0.128 -0.3675 0.135, 0.128 -0.3681 0.1303, 0.128 0.2245 0.3063, 0.128 0.2206 0.309, 0.128 -0.363 0.1434, 0.128 -0.447 0.3001, 0.128 -0.4484 0.296, 0.128 -0.4489 0.2916, 0.128 -0.3743 0.2339, 0.128 -0.3445 0.2235, 0.128 -0.3283 0.2345, 0.128 -0.3116 0.1781, 0.128 -0.3162 0.1758, 0.128 -0.2889 0.1705, 0.128 -0.3594 0.1466, 0.128 -0.3894 0.2508, 0.128 -0.4293 0.3113, 0.128 -0.4336 0.3108, 0.128 -0.4378 0.3093, 0.128 -0.4415 0.307, 0.128 -0.4446 0.3039, 0.128 -0.4484 0.2667, 0.128 -0.447 0.2626, 0.128 -0.4446 0.2588, 0.128 -0.4415 0.2557, 0.128 -0.4378 0.2534, 0.128 -0.4336 0.2519, 0.128 -0.3724 0.2297, 0.128 -0.3697 0.2261, 0.128 -0.3661 0.2232, 0.128 -0.362 0.2212, 0.128 -0.3576 0.2203, 0.128 -0.3486 0.2214, 0.128 -0.353 0.2203, 0.128 -0.2923 0.1743, 0.128 -0.2966 0.1772, 0.128 -0.3066 0.1791, 0.128 -0.3015 0.1788, 0.0689 -0.4336 0.3108, 0.0689 -0.4293 0.3113, 0.0689 -0.3943 0.2514, 0.0689 -0.2849 0.1645, 0.0689 -0.3681 0.1303, 0.0689 0.2162 0.3107, 0.0689 0.2206 0.309, 0.0689 0.1149 0.2379, 0.0689 0.1149 0.1645, 0.0689 -0.2313 0.1181, 0.0689 -0.3675 0.135, 0.0689 -0.3658 0.1395, 0.0689 0.2245 0.3063, 0.0689 0.2277 0.3028, 0.0689 0.2115 0.3113, 0.0689 -0.3173 0.2379, 0.0689 -0.3776 0.2422, 0.0689 -0.3743 0.2339, 0.0689 -0.3755 0.2377, 0.0689 -0.3445 0.2235, 0.0689 -0.3807 0.246, 0.0689 -0.3847 0.249, 0.0689 -0.3894 0.2508, 0.0689 -0.363 0.1434, 0.0689 -0.3594 0.1466, 0.0689 -0.3162 0.1758, 0.0689 -0.2889 0.1705, 0.0689 -0.2923 0.1743, 0.0689 -0.4293 0.2514, 0.0689 -0.4489 0.2711, 0.0689 -0.4489 0.2916, 0.0689 -0.3066 0.1791, 0.0689 -0.3015 0.1788, 0.0689 -0.2966 0.1772, 0.0689 -0.3212 0.2375, 0.0689 -0.3249 0.2363, 0.0689 -0.3283 0.2345, 0.0689 -0.3116 0.1781, 0.0689 -0.4336 0.2519, 0.0689 -0.447 0.2626, 0.0689 -0.4484 0.2667, 0.0689 -0.4378 0.2534, 0.0689 -0.4415 0.2557, 0.0689 -0.4446 0.2588, 0.0689 -0.4484 0.296, 0.0689 -0.447 0.3001, 0.0689 -0.4446 0.3039, 0.0689 -0.3486 0.2214, 0.0689 -0.353 0.2203, 0.0689 -0.3576 0.2203, 0.0689 -0.4415 0.307, 0.0689 -0.4378 0.3093, 0.0689 -0.362 0.2212, 0.0689 -0.3661 0.2232, 0.0689 -0.3697 0.2261, 0.0689 -0.3724 0.2297, 0.3248 0.5591 -0.0079, 0.3248 0.5591 0.0251, 0.2657 0.5591 -0.0079, 0.2657 0.5591 0.0251, 0.3248 0.7087 -0.0079, 0.2657 0.7087 -0.0079, 0.3248 0.7087 0.1102, 0.2657 0.7087 0.1102, 0.2657 0.5315 0.0251, 0.2657 0.5315 0.1102, 0.3248 0.5315 0.0251, 0.3248 0.5315 0.1102, 0.2657 0.2983 0.1181, 0.2657 0.2299 0.2986, 0.3248 0.2983 0.1181, 0.3248 0.2299 0.2986, 0.3248 -0.3681 0.1299, 0.2657 -0.3681 0.1299, 0.2657 -0.3676 0.1257, 0.3248 -0.3676 0.1257, 0.2657 -0.3663 0.1217, 0.3248 -0.3663 0.1217, 0.2657 -0.3641 0.1181, 0.3248 -0.3641 0.1181, 0.3248 -0.3776 0.2422, 0.3248 0.2115 0.3113, 0.3248 -0.3807 0.246, 0.3248 -0.3847 0.249, 0.3248 -0.4293 0.2514, 0.3248 -0.3943 0.2514, 0.3248 -0.4489 0.2711, 0.3248 -0.3249 0.2363, 0.3248 -0.3755 0.2377, 0.3248 -0.3212 0.2375, 0.3248 -0.3173 0.2379, 0.3248 0.1149 0.2379, 0.3248 0.2162 0.3107, 0.3248 -0.2849 0.1645, 0.3248 -0.2313 0.1181, 0.3248 0.1149 0.1645, 0.3248 0.2277 0.3028, 0.3248 -0.3658 0.1395, 0.3248 -0.3675 0.135, 0.3248 -0.3681 0.1303, 0.3248 0.2245 0.3063, 0.3248 0.2206 0.309, 0.3248 -0.363 0.1434, 0.3248 -0.447 0.3001, 0.3248 -0.4484 0.296, 0.3248 -0.4489 0.2916, 0.3248 -0.3743 0.2339, 0.3248 -0.3445 0.2235, 0.3248 -0.3283 0.2345, 0.3248 -0.3116 0.1781, 0.3248 -0.3162 0.1758, 0.3248 -0.2889 0.1705, 0.3248 -0.3594 0.1466, 0.3248 -0.3894 0.2508, 0.3248 -0.4293 0.3113, 0.3248 -0.4336 0.3108, 0.3248 -0.4378 0.3093, 0.3248 -0.4415 0.307, 0.3248 -0.4446 0.3039, 0.3248 -0.4484 0.2667, 0.3248 -0.447 0.2626, 0.3248 -0.4446 0.2588, 0.3248 -0.4415 0.2557, 0.3248 -0.4378 0.2534, 0.3248 -0.4336 0.2519, 0.3248 -0.3724 0.2297, 0.3248 -0.3697 0.2261, 0.3248 -0.3661 0.2232, 0.3248 -0.362 0.2212, 0.3248 -0.3576 0.2203, 0.3248 -0.3486 0.2214, 0.3248 -0.353 0.2203, 0.3248 -0.2923 0.1743, 0.3248 -0.2966 0.1772, 0.3248 -0.3066 0.1791, 0.3248 -0.3015 0.1788, 0.2657 -0.4336 0.3108, 0.2657 -0.4293 0.3113, 0.2657 -0.3943 0.2514, 0.2657 -0.2849 0.1645, 0.2657 -0.3681 0.1303, 0.2657 0.2162 0.3107, 0.2657 0.2206 0.309, 0.2657 0.1149 0.2379, 0.2657 0.1149 0.1645, 0.2657 -0.2313 0.1181, 0.2657 -0.3675 0.135, 0.2657 -0.3658 0.1395, 0.2657 0.2245 0.3063, 0.2657 0.2277 0.3028, 0.2657 0.2115 0.3113, 0.2657 -0.3173 0.2379, 0.2657 -0.3776 0.2422, 0.2657 -0.3743 0.2339, 0.2657 -0.3755 0.2377, 0.2657 -0.3445 0.2235, 0.2657 -0.3807 0.246, 0.2657 -0.3847 0.249, 0.2657 -0.3894 0.2508, 0.2657 -0.363 0.1434, 0.2657 -0.3594 0.1466, 0.2657 -0.3162 0.1758, 0.2657 -0.2889 0.1705, 0.2657 -0.2923 0.1743, 0.2657 -0.4293 0.2514, 0.2657 -0.4489 0.2711, 0.2657 -0.4489 0.2916, 0.2657 -0.3066 0.1791, 0.2657 -0.3015 0.1788, 0.2657 -0.2966 0.1772, 0.2657 -0.3212 0.2375, 0.2657 -0.3249 0.2363, 0.2657 -0.3283 0.2345, 0.2657 -0.3116 0.1781, 0.2657 -0.4336 0.2519, 0.2657 -0.447 0.2626, 0.2657 -0.4484 0.2667, 0.2657 -0.4378 0.2534, 0.2657 -0.4415 0.2557, 0.2657 -0.4446 0.2588, 0.2657 -0.4484 0.296, 0.2657 -0.447 0.3001, 0.2657 -0.4446 0.3039, 0.2657 -0.3486 0.2214, 0.2657 -0.353 0.2203, 0.2657 -0.3576 0.2203, 0.2657 -0.4415 0.307, 0.2657 -0.4378 0.3093, 0.2657 -0.362 0.2212, 0.2657 -0.3661 0.2232, 0.2657 -0.3697 0.2261, 0.2657 -0.3724 0.2297, 0.5217 0.5591 -0.0079, 0.5217 0.5591 0.0251, 0.4626 0.5591 -0.0079, 0.4626 0.5591 0.0251, 0.5217 0.7087 -0.0079, 0.4626 0.7087 -0.0079, 0.5217 0.7087 0.1102, 0.4626 0.7087 0.1102, 0.4626 0.5315 0.0251, 0.4626 0.5315 0.1102, 0.5217 0.5315 0.0251, 0.5217 0.5315 0.1102, 0.4626 0.2983 0.1181, 0.4626 0.2299 0.2986, 0.5217 0.2983 0.1181, 0.5217 0.2299 0.2986, 0.5217 -0.3681 0.1299, 0.4626 -0.3681 0.1299, 0.4626 -0.3676 0.1257, 0.5217 -0.3676 0.1257, 0.4626 -0.3663 0.1217, 0.5217 -0.3663 0.1217, 0.4626 -0.3641 0.1181, 0.5217 -0.3641 0.1181, 0.5217 -0.3776 0.2422, 0.5217 0.2115 0.3113, 0.5217 -0.3807 0.246, 0.5217 -0.3847 0.249, 0.5217 -0.4293 0.2514, 0.5217 -0.3943 0.2514, 0.5217 -0.4489 0.2711, 0.5217 -0.3249 0.2363, 0.5217 -0.3755 0.2377, 0.5217 -0.3212 0.2375, 0.5217 -0.3173 0.2379, 0.5217 0.1149 0.2379, 0.5217 0.2162 0.3107, 0.5217 -0.2849 0.1645, 0.5217 -0.2313 0.1181, 0.5217 0.1149 0.1645, 0.5217 0.2277 0.3028, 0.5217 -0.3658 0.1395, 0.5217 -0.3675 0.135, 0.5217 -0.3681 0.1303, 0.5217 0.2245 0.3063, 0.5217 0.2206 0.309, 0.5217 -0.363 0.1434, 0.5217 -0.447 0.3001, 0.5217 -0.4484 0.296, 0.5217 -0.4489 0.2916, 0.5217 -0.3743 0.2339, 0.5217 -0.3445 0.2235, 0.5217 -0.3283 0.2345, 0.5217 -0.3116 0.1781, 0.5217 -0.3162 0.1758, 0.5217 -0.2889 0.1705, 0.5217 -0.3594 0.1466, 0.5217 -0.3894 0.2508, 0.5217 -0.4293 0.3113, 0.5217 -0.4336 0.3108, 0.5217 -0.4378 0.3093, 0.5217 -0.4415 0.307, 0.5217 -0.4446 0.3039, 0.5217 -0.4484 0.2667, 0.5217 -0.447 0.2626, 0.5217 -0.4446 0.2588, 0.5217 -0.4415 0.2557, 0.5217 -0.4378 0.2534, 0.5217 -0.4336 0.2519, 0.5217 -0.3724 0.2297, 0.5217 -0.3697 0.2261, 0.5217 -0.3661 0.2232, 0.5217 -0.362 0.2212, 0.5217 -0.3576 0.2203, 0.5217 -0.3486 0.2214, 0.5217 -0.353 0.2203, 0.5217 -0.2923 0.1743, 0.5217 -0.2966 0.1772, 0.5217 -0.3066 0.1791, 0.5217 -0.3015 0.1788, 0.4626 -0.4336 0.3108, 0.4626 -0.4293 0.3113, 0.4626 -0.3943 0.2514, 0.4626 -0.2849 0.1645, 0.4626 -0.3681 0.1303, 0.4626 0.2162 0.3107, 0.4626 0.2206 0.309, 0.4626 0.1149 0.2379, 0.4626 0.1149 0.1645, 0.4626 -0.2313 0.1181, 0.4626 -0.3675 0.135, 0.4626 -0.3658 0.1395, 0.4626 0.2245 0.3063, 0.4626 0.2277 0.3028, 0.4626 0.2115 0.3113, 0.4626 -0.3173 0.2379, 0.4626 -0.3776 0.2422, 0.4626 -0.3743 0.2339, 0.4626 -0.3755 0.2377, 0.4626 -0.3445 0.2235, 0.4626 -0.3807 0.246, 0.4626 -0.3847 0.249, 0.4626 -0.3894 0.2508, 0.4626 -0.363 0.1434, 0.4626 -0.3594 0.1466, 0.4626 -0.3162 0.1758, 0.4626 -0.2889 0.1705, 0.4626 -0.2923 0.1743, 0.4626 -0.4293 0.2514, 0.4626 -0.4489 0.2711, 0.4626 -0.4489 0.2916, 0.4626 -0.3066 0.1791, 0.4626 -0.3015 0.1788, 0.4626 -0.2966 0.1772, 0.4626 -0.3212 0.2375, 0.4626 -0.3249 0.2363, 0.4626 -0.3283 0.2345, 0.4626 -0.3116 0.1781, 0.4626 -0.4336 0.2519, 0.4626 -0.447 0.2626, 0.4626 -0.4484 0.2667, 0.4626 -0.4378 0.2534, 0.4626 -0.4415 0.2557, 0.4626 -0.4446 0.2588, 0.4626 -0.4484 0.296, 0.4626 -0.447 0.3001, 0.4626 -0.4446 0.3039, 0.4626 -0.3486 0.2214, 0.4626 -0.353 0.2203, 0.4626 -0.3576 0.2203, 0.4626 -0.4415 0.307, 0.4626 -0.4378 0.3093, 0.4626 -0.362 0.2212, 0.4626 -0.3661 0.2232, 0.4626 -0.3697 0.2261, 0.4626 -0.3724 0.2297, -0.0689 0.5591 -0.0079, -0.0689 0.5591 0.0251, -0.128 0.5591 -0.0079, -0.128 0.5591 0.0251, -0.0689 0.7087 -0.0079, -0.128 0.7087 -0.0079, -0.0689 0.7087 0.1102, -0.128 0.7087 0.1102, -0.128 0.5315 0.0251, -0.128 0.5315 0.1102, -0.0689 0.5315 0.0251, -0.0689 0.5315 0.1102, -0.128 0.2983 0.1181, -0.128 0.2299 0.2986, -0.0689 0.2983 0.1181, -0.0689 0.2299 0.2986, -0.0689 -0.3681 0.1299, -0.128 -0.3681 0.1299, -0.128 -0.3676 0.1257, -0.0689 -0.3676 0.1257, -0.128 -0.3663 0.1217, -0.0689 -0.3663 0.1217, -0.128 -0.3641 0.1181, -0.0689 -0.3641 0.1181, -0.0689 -0.3776 0.2422, -0.0689 0.2115 0.3113, -0.0689 -0.3807 0.246, -0.0689 -0.3847 0.249, -0.0689 -0.4293 0.2514, -0.0689 -0.3943 0.2514, -0.0689 -0.4489 0.2711, -0.0689 -0.3249 0.2363, -0.0689 -0.3755 0.2377, -0.0689 -0.3212 0.2375, -0.0689 -0.3173 0.2379, -0.0689 0.1149 0.2379, -0.0689 0.2162 0.3107, -0.0689 -0.2849 0.1645, -0.0689 -0.2313 0.1181, -0.0689 0.1149 0.1645, -0.0689 0.2277 0.3028, -0.0689 -0.3658 0.1395, -0.0689 -0.3675 0.135, -0.0689 -0.3681 0.1303, -0.0689 0.2245 0.3063, -0.0689 0.2206 0.309, -0.0689 -0.363 0.1434, -0.0689 -0.447 0.3001, -0.0689 -0.4484 0.296, -0.0689 -0.4489 0.2916, -0.0689 -0.3743 0.2339, -0.0689 -0.3445 0.2235, -0.0689 -0.3283 0.2345, -0.0689 -0.3116 0.1781, -0.0689 -0.3162 0.1758, -0.0689 -0.2889 0.1705, -0.0689 -0.3594 0.1466, -0.0689 -0.3894 0.2508, -0.0689 -0.4293 0.3113, -0.0689 -0.4336 0.3108, -0.0689 -0.4378 0.3093, -0.0689 -0.4415 0.307, -0.0689 -0.4446 0.3039, -0.0689 -0.4484 0.2667, -0.0689 -0.447 0.2626, -0.0689 -0.4446 0.2588, -0.0689 -0.4415 0.2557, -0.0689 -0.4378 0.2534, -0.0689 -0.4336 0.2519, -0.0689 -0.3724 0.2297, -0.0689 -0.3697 0.2261, -0.0689 -0.3661 0.2232, -0.0689 -0.362 0.2212, -0.0689 -0.3576 0.2203, -0.0689 -0.3486 0.2214, -0.0689 -0.353 0.2203, -0.0689 -0.2923 0.1743, -0.0689 -0.2966 0.1772, -0.0689 -0.3066 0.1791, -0.0689 -0.3015 0.1788, -0.128 -0.4336 0.3108, -0.128 -0.4293 0.3113, -0.128 -0.3943 0.2514, -0.128 -0.2849 0.1645, -0.128 -0.3681 0.1303, -0.128 0.2162 0.3107, -0.128 0.2206 0.309, -0.128 0.1149 0.2379, -0.128 0.1149 0.1645, -0.128 -0.2313 0.1181, -0.128 -0.3675 0.135, -0.128 -0.3658 0.1395, -0.128 0.2245 0.3063, -0.128 0.2277 0.3028, -0.128 0.2115 0.3113, -0.128 -0.3173 0.2379, -0.128 -0.3776 0.2422, -0.128 -0.3743 0.2339, -0.128 -0.3755 0.2377, -0.128 -0.3445 0.2235, -0.128 -0.3807 0.246, -0.128 -0.3847 0.249, -0.128 -0.3894 0.2508, -0.128 -0.363 0.1434, -0.128 -0.3594 0.1466, -0.128 -0.3162 0.1758, -0.128 -0.2889 0.1705, -0.128 -0.2923 0.1743, -0.128 -0.4293 0.2514, -0.128 -0.4489 0.2711, -0.128 -0.4489 0.2916, -0.128 -0.3066 0.1791, -0.128 -0.3015 0.1788, -0.128 -0.2966 0.1772, -0.128 -0.3212 0.2375, -0.128 -0.3249 0.2363, -0.128 -0.3283 0.2345, -0.128 -0.3116 0.1781, -0.128 -0.4336 0.2519, -0.128 -0.447 0.2626, -0.128 -0.4484 0.2667, -0.128 -0.4378 0.2534, -0.128 -0.4415 0.2557, -0.128 -0.4446 0.2588, -0.128 -0.4484 0.296, -0.128 -0.447 0.3001, -0.128 -0.4446 0.3039, -0.128 -0.3486 0.2214, -0.128 -0.353 0.2203, -0.128 -0.3576 0.2203, -0.128 -0.4415 0.307, -0.128 -0.4378 0.3093, -0.128 -0.362 0.2212, -0.128 -0.3661 0.2232, -0.128 -0.3697 0.2261, -0.128 -0.3724 0.2297, -0.2657 0.5591 -0.0079, -0.2657 0.5591 0.0251, -0.3248 0.5591 -0.0079, -0.3248 0.5591 0.0251, -0.2657 0.7087 -0.0079, -0.3248 0.7087 -0.0079, -0.2657 0.7087 0.1102, -0.3248 0.7087 0.1102, -0.3248 0.5315 0.0251, -0.3248 0.5315 0.1102, -0.2657 0.5315 0.0251, -0.2657 0.5315 0.1102, -0.3248 0.2983 0.1181, -0.3248 0.2299 0.2986, -0.2657 0.2983 0.1181, -0.2657 0.2299 0.2986, -0.2657 -0.3681 0.1299, -0.3248 -0.3681 0.1299, -0.3248 -0.3676 0.1257, -0.2657 -0.3676 0.1257, -0.3248 -0.3663 0.1217, -0.2657 -0.3663 0.1217, -0.3248 -0.3641 0.1181, -0.2657 -0.3641 0.1181, -0.2657 -0.3776 0.2422, -0.2657 0.2115 0.3113, -0.2657 -0.3807 0.246, -0.2657 -0.3847 0.249, -0.2657 -0.4293 0.2514, -0.2657 -0.3943 0.2514, -0.2657 -0.4489 0.2711, -0.2657 -0.3249 0.2363, -0.2657 -0.3755 0.2377, -0.2657 -0.3212 0.2375, -0.2657 -0.3173 0.2379, -0.2657 0.1149 0.2379, -0.2657 0.2162 0.3107, -0.2657 -0.2849 0.1645, -0.2657 -0.2313 0.1181, -0.2657 0.1149 0.1645, -0.2657 0.2277 0.3028, -0.2657 -0.3658 0.1395, -0.2657 -0.3675 0.135, -0.2657 -0.3681 0.1303, -0.2657 0.2245 0.3063, -0.2657 0.2206 0.309, -0.2657 -0.363 0.1434, -0.2657 -0.447 0.3001, -0.2657 -0.4484 0.296, -0.2657 -0.4489 0.2916, -0.2657 -0.3743 0.2339, -0.2657 -0.3445 0.2235, -0.2657 -0.3283 0.2345, -0.2657 -0.3116 0.1781, -0.2657 -0.3162 0.1758, -0.2657 -0.2889 0.1705, -0.2657 -0.3594 0.1466, -0.2657 -0.3894 0.2508, -0.2657 -0.4293 0.3113, -0.2657 -0.4336 0.3108, -0.2657 -0.4378 0.3093, -0.2657 -0.4415 0.307, -0.2657 -0.4446 0.3039, -0.2657 -0.4484 0.2667, -0.2657 -0.447 0.2626, -0.2657 -0.4446 0.2588, -0.2657 -0.4415 0.2557, -0.2657 -0.4378 0.2534, -0.2657 -0.4336 0.2519, -0.2657 -0.3724 0.2297, -0.2657 -0.3697 0.2261, -0.2657 -0.3661 0.2232, -0.2657 -0.362 0.2212, -0.2657 -0.3576 0.2203, -0.2657 -0.3486 0.2214, -0.2657 -0.353 0.2203, -0.2657 -0.2923 0.1743, -0.2657 -0.2966 0.1772, -0.2657 -0.3066 0.1791, -0.2657 -0.3015 0.1788, -0.3248 -0.4336 0.3108, -0.3248 -0.4293 0.3113, -0.3248 -0.3943 0.2514, -0.3248 -0.2849 0.1645, -0.3248 -0.3681 0.1303, -0.3248 0.2162 0.3107, -0.3248 0.2206 0.309, -0.3248 0.1149 0.2379, -0.3248 0.1149 0.1645, -0.3248 -0.2313 0.1181, -0.3248 -0.3675 0.135, -0.3248 -0.3658 0.1395, -0.3248 0.2245 0.3063, -0.3248 0.2277 0.3028, -0.3248 0.2115 0.3113, -0.3248 -0.3173 0.2379, -0.3248 -0.3776 0.2422, -0.3248 -0.3743 0.2339, -0.3248 -0.3755 0.2377, -0.3248 -0.3445 0.2235, -0.3248 -0.3807 0.246, -0.3248 -0.3847 0.249, -0.3248 -0.3894 0.2508, -0.3248 -0.363 0.1434, -0.3248 -0.3594 0.1466, -0.3248 -0.3162 0.1758, -0.3248 -0.2889 0.1705, -0.3248 -0.2923 0.1743, -0.3248 -0.4293 0.2514, -0.3248 -0.4489 0.2711, -0.3248 -0.4489 0.2916, -0.3248 -0.3066 0.1791, -0.3248 -0.3015 0.1788, -0.3248 -0.2966 0.1772, -0.3248 -0.3212 0.2375, -0.3248 -0.3249 0.2363, -0.3248 -0.3283 0.2345, -0.3248 -0.3116 0.1781, -0.3248 -0.4336 0.2519, -0.3248 -0.447 0.2626, -0.3248 -0.4484 0.2667, -0.3248 -0.4378 0.2534, -0.3248 -0.4415 0.2557, -0.3248 -0.4446 0.2588, -0.3248 -0.4484 0.296, -0.3248 -0.447 0.3001, -0.3248 -0.4446 0.3039, -0.3248 -0.3486 0.2214, -0.3248 -0.353 0.2203, -0.3248 -0.3576 0.2203, -0.3248 -0.4415 0.307, -0.3248 -0.4378 0.3093, -0.3248 -0.362 0.2212, -0.3248 -0.3661 0.2232, -0.3248 -0.3697 0.2261, -0.3248 -0.3724 0.2297, -0.4626 0.5591 -0.0079, -0.4626 0.5591 0.0251, -0.5217 0.5591 -0.0079, -0.5217 0.5591 0.0251, -0.4626 0.7087 -0.0079, -0.5217 0.7087 -0.0079, -0.4626 0.7087 0.1102, -0.5217 0.7087 0.1102, -0.5217 0.5315 0.0251, -0.5217 0.5315 0.1102, -0.4626 0.5315 0.0251, -0.4626 0.5315 0.1102, -0.5217 0.2983 0.1181, -0.5217 0.2299 0.2986, -0.4626 0.2983 0.1181, -0.4626 0.2299 0.2986, -0.4626 -0.3681 0.1299, -0.5217 -0.3681 0.1299, -0.5217 -0.3676 0.1257, -0.4626 -0.3676 0.1257, -0.5217 -0.3663 0.1217, -0.4626 -0.3663 0.1217, -0.5217 -0.3641 0.1181, -0.4626 -0.3641 0.1181, -0.4626 -0.3776 0.2422, -0.4626 0.2115 0.3113, -0.4626 -0.3807 0.246, -0.4626 -0.3847 0.249, -0.4626 -0.4293 0.2514, -0.4626 -0.3943 0.2514, -0.4626 -0.4489 0.2711, -0.4626 -0.3249 0.2363, -0.4626 -0.3755 0.2377, -0.4626 -0.3212 0.2375, -0.4626 -0.3173 0.2379, -0.4626 0.1149 0.2379, -0.4626 0.2162 0.3107, -0.4626 -0.2849 0.1645, -0.4626 -0.2313 0.1181, -0.4626 0.1149 0.1645, -0.4626 0.2277 0.3028, -0.4626 -0.3658 0.1395, -0.4626 -0.3675 0.135, -0.4626 -0.3681 0.1303, -0.4626 0.2245 0.3063, -0.4626 0.2206 0.309, -0.4626 -0.363 0.1434, -0.4626 -0.447 0.3001, -0.4626 -0.4484 0.296, -0.4626 -0.4489 0.2916, -0.4626 -0.3743 0.2339, -0.4626 -0.3445 0.2235, -0.4626 -0.3283 0.2345, -0.4626 -0.3116 0.1781, -0.4626 -0.3162 0.1758, -0.4626 -0.2889 0.1705, -0.4626 -0.3594 0.1466, -0.4626 -0.3894 0.2508, -0.4626 -0.4293 0.3113, -0.4626 -0.4336 0.3108, -0.4626 -0.4378 0.3093, -0.4626 -0.4415 0.307, -0.4626 -0.4446 0.3039, -0.4626 -0.4484 0.2667, -0.4626 -0.447 0.2626, -0.4626 -0.4446 0.2588, -0.4626 -0.4415 0.2557, -0.4626 -0.4378 0.2534, -0.4626 -0.4336 0.2519, -0.4626 -0.3724 0.2297, -0.4626 -0.3697 0.2261, -0.4626 -0.3661 0.2232, -0.4626 -0.362 0.2212, -0.4626 -0.3576 0.2203, -0.4626 -0.3486 0.2214, -0.4626 -0.353 0.2203, -0.4626 -0.2923 0.1743, -0.4626 -0.2966 0.1772, -0.4626 -0.3066 0.1791, -0.4626 -0.3015 0.1788, -0.5217 -0.4336 0.3108, -0.5217 -0.4293 0.3113, -0.5217 -0.3943 0.2514, -0.5217 -0.2849 0.1645, -0.5217 -0.3681 0.1303, -0.5217 0.2162 0.3107, -0.5217 0.2206 0.309, -0.5217 0.1149 0.2379, -0.5217 0.1149 0.1645, -0.5217 -0.2313 0.1181, -0.5217 -0.3675 0.135, -0.5217 -0.3658 0.1395, -0.5217 0.2245 0.3063, -0.5217 0.2277 0.3028, -0.5217 0.2115 0.3113, -0.5217 -0.3173 0.2379, -0.5217 -0.3776 0.2422, -0.5217 -0.3743 0.2339, -0.5217 -0.3755 0.2377, -0.5217 -0.3445 0.2235, -0.5217 -0.3807 0.246, -0.5217 -0.3847 0.249, -0.5217 -0.3894 0.2508, -0.5217 -0.363 0.1434, -0.5217 -0.3594 0.1466, -0.5217 -0.3162 0.1758, -0.5217 -0.2889 0.1705, -0.5217 -0.2923 0.1743, -0.5217 -0.4293 0.2514, -0.5217 -0.4489 0.2711, -0.5217 -0.4489 0.2916, -0.5217 -0.3066 0.1791, -0.5217 -0.3015 0.1788, -0.5217 -0.2966 0.1772, -0.5217 -0.3212 0.2375, -0.5217 -0.3249 0.2363, -0.5217 -0.3283 0.2345, -0.5217 -0.3116 0.1781, -0.5217 -0.4336 0.2519, -0.5217 -0.447 0.2626, -0.5217 -0.4484 0.2667, -0.5217 -0.4378 0.2534, -0.5217 -0.4415 0.2557, -0.5217 -0.4446 0.2588, -0.5217 -0.4484 0.296, -0.5217 -0.447 0.3001, -0.5217 -0.4446 0.3039, -0.5217 -0.3486 0.2214, -0.5217 -0.353 0.2203, -0.5217 -0.3576 0.2203, -0.5217 -0.4415 0.307, -0.5217 -0.4378 0.3093, -0.5217 -0.362 0.2212, -0.5217 -0.3661 0.2232, -0.5217 -0.3697 0.2261, -0.5217 -0.3724 0.2297, -0.5217 -0.3724 0.2297
            ]
        }
        coordIndex [
            0,1,2,-1,2,1,3,-1,4,0,5,-1,5,0,2,-1,6,4,7,-1,7,4,5,-1,8,9,3,-1,3,9,7,-1,3,7,2,-1,2,7,5,-1,0,4,1,-1,1,4,6,-1,1,6,10,-1,10,6,11,-1,6,7,11,-1,11,7,9,-1,3,1,8,-1,8,1,10,-1,12,13,14,-1,14,13,15,-1,16,17,18,-1,16,18,19,-1,19,18,20,-1,19,20,21,-1,21,20,22,-1,21,22,23,-1,24,25,26,-1,26,25,27,-1,28,29,30,-1,31,24,32,-1,31,33,24,-1,24,33,34,-1,24,34,25,-1,25,34,35,-1,25,35,36,-1,37,38,39,-1,39,38,14,-1,39,14,35,-1,35,14,15,-1,35,15,40,-1,41,42,43,-1,43,16,37,-1,37,16,19,-1,40,44,35,-1,35,44,45,-1,35,45,36,-1,19,21,37,-1,37,21,23,-1,37,23,38,-1,41,43,46,-1,47,48,29,-1,29,48,49,-1,29,49,30,-1,50,51,32,-1,32,51,52,-1,32,52,31,-1,53,54,55,-1,55,54,37,-1,37,54,43,-1,43,54,56,-1,43,56,46,-1,27,25,57,-1,57,25,58,-1,57,58,29,-1,29,58,59,-1,29,59,60,-1,60,61,29,-1,29,61,62,-1,29,62,47,-1,30,63,28,-1,28,63,64,-1,28,64,65,-1,65,66,28,-1,28,66,67,-1,28,67,68,-1,50,69,51,-1,51,69,70,-1,51,70,71,-1,71,72,51,-1,51,72,73,-1,51,73,74,-1,74,73,75,-1,55,76,53,-1,53,76,77,-1,53,77,78,-1,78,77,79,-1,80,81,82,-1,20,18,83,-1,83,18,17,-1,83,17,84,-1,85,86,87,-1,88,87,13,-1,13,12,88,-1,88,12,89,-1,88,89,83,-1,83,89,22,-1,83,22,20,-1,84,90,91,-1,86,92,87,-1,87,92,93,-1,87,93,13,-1,85,87,94,-1,94,87,95,-1,94,95,96,-1,97,98,99,-1,96,100,94,-1,94,100,101,-1,94,101,81,-1,81,101,102,-1,81,102,82,-1,91,103,84,-1,84,103,104,-1,84,104,83,-1,83,104,105,-1,83,105,106,-1,106,105,107,-1,108,109,82,-1,82,109,110,-1,111,112,113,-1,95,114,96,-1,96,114,115,-1,96,115,98,-1,98,115,116,-1,98,116,99,-1,107,105,113,-1,113,105,117,-1,113,117,111,-1,118,119,108,-1,108,119,120,-1,108,120,109,-1,118,121,119,-1,119,121,122,-1,119,122,123,-1,110,124,82,-1,82,124,125,-1,82,125,126,-1,127,128,129,-1,126,130,82,-1,82,130,131,-1,82,131,80,-1,127,129,99,-1,99,129,132,-1,99,132,133,-1,133,134,99,-1,99,134,135,-1,99,135,97,-1,15,13,93,-1,15,93,40,-1,40,93,92,-1,40,92,44,-1,44,92,86,-1,44,86,45,-1,45,86,85,-1,45,85,36,-1,36,85,94,-1,36,94,25,-1,58,25,81,-1,81,25,94,-1,58,81,80,-1,58,80,59,-1,59,80,131,-1,59,131,60,-1,60,131,130,-1,60,130,61,-1,61,130,126,-1,61,126,62,-1,62,126,125,-1,62,125,47,-1,47,125,124,-1,47,124,48,-1,48,124,110,-1,48,110,49,-1,30,49,109,-1,109,49,110,-1,30,109,120,-1,30,120,63,-1,63,120,119,-1,63,119,64,-1,64,119,123,-1,64,123,65,-1,65,123,122,-1,65,122,66,-1,66,122,121,-1,66,121,67,-1,67,121,118,-1,67,118,68,-1,68,118,108,-1,68,108,28,-1,29,28,82,-1,82,28,108,-1,29,82,57,-1,57,82,102,-1,57,102,27,-1,27,102,101,-1,27,101,26,-1,26,101,100,-1,26,100,24,-1,24,100,96,-1,24,96,32,-1,32,96,98,-1,50,32,97,-1,97,32,98,-1,50,97,135,-1,50,135,69,-1,69,135,134,-1,69,134,70,-1,70,134,133,-1,70,133,71,-1,71,133,132,-1,71,132,72,-1,72,132,129,-1,72,129,73,-1,73,129,128,-1,73,128,75,-1,75,128,127,-1,75,127,74,-1,74,127,99,-1,74,99,51,-1,52,51,116,-1,116,51,99,-1,52,116,31,-1,31,116,115,-1,31,115,33,-1,33,115,114,-1,33,114,34,-1,34,114,95,-1,35,34,87,-1,87,34,95,-1,39,35,88,-1,88,35,87,-1,37,39,83,-1,83,39,88,-1,55,37,106,-1,106,37,83,-1,55,106,107,-1,55,107,76,-1,76,107,113,-1,76,113,77,-1,77,113,112,-1,77,112,79,-1,79,112,111,-1,79,111,78,-1,78,111,117,-1,78,117,53,-1,53,117,105,-1,53,105,54,-1,56,54,104,-1,104,54,105,-1,56,104,103,-1,56,103,46,-1,46,103,91,-1,46,91,41,-1,41,91,90,-1,41,90,42,-1,42,90,84,-1,42,84,43,-1,16,43,17,-1,17,43,84,-1,136,137,138,-1,138,137,139,-1,140,136,141,-1,141,136,138,-1,142,140,143,-1,143,140,141,-1,144,145,139,-1,139,145,143,-1,139,143,138,-1,138,143,141,-1,136,140,137,-1,137,140,142,-1,137,142,146,-1,146,142,147,-1,142,143,147,-1,147,143,145,-1,139,137,144,-1,144,137,146,-1,148,149,150,-1,150,149,151,-1,152,153,154,-1,152,154,155,-1,155,154,156,-1,155,156,157,-1,157,156,158,-1,157,158,159,-1,160,161,162,-1,162,161,163,-1,164,165,166,-1,167,160,168,-1,167,169,160,-1,160,169,170,-1,160,170,161,-1,161,170,171,-1,161,171,172,-1,173,174,175,-1,175,174,150,-1,175,150,171,-1,171,150,151,-1,171,151,176,-1,177,178,179,-1,179,152,173,-1,173,152,155,-1,176,180,171,-1,171,180,181,-1,171,181,172,-1,155,157,173,-1,173,157,159,-1,173,159,174,-1,177,179,182,-1,183,184,165,-1,165,184,185,-1,165,185,166,-1,186,187,168,-1,168,187,188,-1,168,188,167,-1,189,190,191,-1,191,190,173,-1,173,190,179,-1,179,190,192,-1,179,192,182,-1,163,161,193,-1,193,161,194,-1,193,194,165,-1,165,194,195,-1,165,195,196,-1,196,197,165,-1,165,197,198,-1,165,198,183,-1,166,199,164,-1,164,199,200,-1,164,200,201,-1,201,202,164,-1,164,202,203,-1,164,203,204,-1,186,205,187,-1,187,205,206,-1,187,206,207,-1,207,208,187,-1,187,208,209,-1,187,209,210,-1,210,209,211,-1,191,212,189,-1,189,212,213,-1,189,213,214,-1,214,213,215,-1,216,217,218,-1,156,154,219,-1,219,154,153,-1,219,153,220,-1,221,222,223,-1,224,223,149,-1,149,148,224,-1,224,148,225,-1,224,225,219,-1,219,225,158,-1,219,158,156,-1,220,226,227,-1,222,228,223,-1,223,228,229,-1,223,229,149,-1,221,223,230,-1,230,223,231,-1,230,231,232,-1,233,234,235,-1,232,236,230,-1,230,236,237,-1,230,237,217,-1,217,237,238,-1,217,238,218,-1,227,239,220,-1,220,239,240,-1,220,240,219,-1,219,240,241,-1,219,241,242,-1,242,241,243,-1,244,245,218,-1,218,245,246,-1,247,248,249,-1,231,250,232,-1,232,250,251,-1,232,251,234,-1,234,251,252,-1,234,252,235,-1,243,241,249,-1,249,241,253,-1,249,253,247,-1,254,255,244,-1,244,255,256,-1,244,256,245,-1,254,257,255,-1,255,257,258,-1,255,258,259,-1,246,260,218,-1,218,260,261,-1,218,261,262,-1,263,264,265,-1,262,266,218,-1,218,266,267,-1,218,267,216,-1,263,265,235,-1,235,265,268,-1,235,268,269,-1,269,270,235,-1,235,270,271,-1,235,271,233,-1,151,149,229,-1,151,229,176,-1,176,229,228,-1,176,228,180,-1,180,228,222,-1,180,222,181,-1,181,222,221,-1,181,221,172,-1,172,221,230,-1,172,230,161,-1,194,161,217,-1,217,161,230,-1,194,217,216,-1,194,216,195,-1,195,216,267,-1,195,267,196,-1,196,267,266,-1,196,266,197,-1,197,266,262,-1,197,262,198,-1,198,262,261,-1,198,261,183,-1,183,261,260,-1,183,260,184,-1,184,260,246,-1,184,246,185,-1,166,185,245,-1,245,185,246,-1,166,245,256,-1,166,256,199,-1,199,256,255,-1,199,255,200,-1,200,255,259,-1,200,259,201,-1,201,259,258,-1,201,258,202,-1,202,258,257,-1,202,257,203,-1,203,257,254,-1,203,254,204,-1,204,254,244,-1,204,244,164,-1,165,164,218,-1,218,164,244,-1,165,218,193,-1,193,218,238,-1,193,238,163,-1,163,238,237,-1,163,237,162,-1,162,237,236,-1,162,236,160,-1,160,236,232,-1,160,232,168,-1,168,232,234,-1,186,168,233,-1,233,168,234,-1,186,233,271,-1,186,271,205,-1,205,271,270,-1,205,270,206,-1,206,270,269,-1,206,269,207,-1,207,269,268,-1,207,268,208,-1,208,268,265,-1,208,265,209,-1,209,265,264,-1,209,264,211,-1,211,264,263,-1,211,263,210,-1,210,263,235,-1,210,235,187,-1,188,187,252,-1,252,187,235,-1,188,252,167,-1,167,252,251,-1,167,251,169,-1,169,251,250,-1,169,250,170,-1,170,250,231,-1,171,170,223,-1,223,170,231,-1,175,171,224,-1,224,171,223,-1,173,175,219,-1,219,175,224,-1,191,173,242,-1,242,173,219,-1,191,242,243,-1,191,243,212,-1,212,243,249,-1,212,249,213,-1,213,249,248,-1,213,248,215,-1,215,248,247,-1,215,247,214,-1,214,247,253,-1,214,253,189,-1,189,253,241,-1,189,241,190,-1,192,190,240,-1,240,190,241,-1,192,240,239,-1,192,239,182,-1,182,239,227,-1,182,227,177,-1,177,227,226,-1,177,226,178,-1,178,226,220,-1,178,220,179,-1,152,179,153,-1,153,179,220,-1,272,273,274,-1,274,273,275,-1,276,272,277,-1,277,272,274,-1,278,276,279,-1,279,276,277,-1,280,281,275,-1,275,281,279,-1,275,279,274,-1,274,279,277,-1,272,276,273,-1,273,276,278,-1,273,278,282,-1,282,278,283,-1,278,279,283,-1,283,279,281,-1,275,273,280,-1,280,273,282,-1,284,285,286,-1,286,285,287,-1,288,289,290,-1,288,290,291,-1,291,290,292,-1,291,292,293,-1,293,292,294,-1,293,294,295,-1,296,297,298,-1,298,297,299,-1,300,301,302,-1,303,296,304,-1,303,305,296,-1,296,305,306,-1,296,306,297,-1,297,306,307,-1,297,307,308,-1,309,310,311,-1,311,310,286,-1,311,286,307,-1,307,286,287,-1,307,287,312,-1,313,314,315,-1,315,288,309,-1,309,288,291,-1,312,316,307,-1,307,316,317,-1,307,317,308,-1,291,293,309,-1,309,293,295,-1,309,295,310,-1,313,315,318,-1,319,320,301,-1,301,320,321,-1,301,321,302,-1,322,323,304,-1,304,323,324,-1,304,324,303,-1,325,326,327,-1,327,326,309,-1,309,326,315,-1,315,326,328,-1,315,328,318,-1,299,297,329,-1,329,297,330,-1,329,330,301,-1,301,330,331,-1,301,331,332,-1,332,333,301,-1,301,333,334,-1,301,334,319,-1,302,335,300,-1,300,335,336,-1,300,336,337,-1,337,338,300,-1,300,338,339,-1,300,339,340,-1,322,341,323,-1,323,341,342,-1,323,342,343,-1,343,344,323,-1,323,344,345,-1,323,345,346,-1,346,345,347,-1,327,348,325,-1,325,348,349,-1,325,349,350,-1,350,349,351,-1,352,353,354,-1,292,290,355,-1,355,290,289,-1,355,289,356,-1,357,358,359,-1,360,359,285,-1,285,284,360,-1,360,284,361,-1,360,361,355,-1,355,361,294,-1,355,294,292,-1,356,362,363,-1,358,364,359,-1,359,364,365,-1,359,365,285,-1,357,359,366,-1,366,359,367,-1,366,367,368,-1,369,370,371,-1,368,372,366,-1,366,372,373,-1,366,373,353,-1,353,373,374,-1,353,374,354,-1,363,375,356,-1,356,375,376,-1,356,376,355,-1,355,376,377,-1,355,377,378,-1,378,377,379,-1,380,381,354,-1,354,381,382,-1,383,384,385,-1,367,386,368,-1,368,386,387,-1,368,387,370,-1,370,387,388,-1,370,388,371,-1,379,377,385,-1,385,377,389,-1,385,389,383,-1,390,391,380,-1,380,391,392,-1,380,392,381,-1,390,393,391,-1,391,393,394,-1,391,394,395,-1,382,396,354,-1,354,396,397,-1,354,397,398,-1,399,400,401,-1,398,402,354,-1,354,402,403,-1,354,403,352,-1,399,401,371,-1,371,401,404,-1,371,404,405,-1,405,406,371,-1,371,406,407,-1,371,407,369,-1,287,285,365,-1,287,365,312,-1,312,365,364,-1,312,364,316,-1,316,364,358,-1,316,358,317,-1,317,358,357,-1,317,357,308,-1,308,357,366,-1,308,366,297,-1,330,297,353,-1,353,297,366,-1,330,353,352,-1,330,352,331,-1,331,352,403,-1,331,403,332,-1,332,403,402,-1,332,402,333,-1,333,402,398,-1,333,398,334,-1,334,398,397,-1,334,397,319,-1,319,397,396,-1,319,396,320,-1,320,396,382,-1,320,382,321,-1,302,321,381,-1,381,321,382,-1,302,381,392,-1,302,392,335,-1,335,392,391,-1,335,391,336,-1,336,391,395,-1,336,395,337,-1,337,395,394,-1,337,394,338,-1,338,394,393,-1,338,393,339,-1,339,393,390,-1,339,390,340,-1,340,390,380,-1,340,380,300,-1,301,300,354,-1,354,300,380,-1,301,354,329,-1,329,354,374,-1,329,374,299,-1,299,374,373,-1,299,373,298,-1,298,373,372,-1,298,372,296,-1,296,372,368,-1,296,368,304,-1,304,368,370,-1,322,304,369,-1,369,304,370,-1,322,369,407,-1,322,407,341,-1,341,407,406,-1,341,406,342,-1,342,406,405,-1,342,405,343,-1,343,405,404,-1,343,404,344,-1,344,404,401,-1,344,401,345,-1,345,401,400,-1,345,400,347,-1,347,400,399,-1,347,399,346,-1,346,399,371,-1,346,371,323,-1,324,323,388,-1,388,323,371,-1,324,388,303,-1,303,388,387,-1,303,387,305,-1,305,387,386,-1,305,386,306,-1,306,386,367,-1,307,306,359,-1,359,306,367,-1,311,307,360,-1,360,307,359,-1,309,311,355,-1,355,311,360,-1,327,309,378,-1,378,309,355,-1,327,378,379,-1,327,379,348,-1,348,379,385,-1,348,385,349,-1,349,385,384,-1,349,384,351,-1,351,384,383,-1,351,383,350,-1,350,383,389,-1,350,389,325,-1,325,389,377,-1,325,377,326,-1,328,326,376,-1,376,326,377,-1,328,376,375,-1,328,375,318,-1,318,375,363,-1,318,363,313,-1,313,363,362,-1,313,362,314,-1,314,362,356,-1,314,356,315,-1,288,315,289,-1,289,315,356,-1,408,409,410,-1,410,409,411,-1,412,408,413,-1,413,408,410,-1,414,412,415,-1,415,412,413,-1,416,417,411,-1,411,417,415,-1,411,415,410,-1,410,415,413,-1,408,412,409,-1,409,412,414,-1,409,414,418,-1,418,414,419,-1,414,415,419,-1,419,415,417,-1,411,409,416,-1,416,409,418,-1,420,421,422,-1,422,421,423,-1,424,425,426,-1,424,426,427,-1,427,426,428,-1,427,428,429,-1,429,428,430,-1,429,430,431,-1,432,433,434,-1,434,433,435,-1,436,437,438,-1,439,432,440,-1,439,441,432,-1,432,441,442,-1,432,442,433,-1,433,442,443,-1,433,443,444,-1,445,446,447,-1,447,446,422,-1,447,422,443,-1,443,422,423,-1,443,423,448,-1,449,450,451,-1,451,424,445,-1,445,424,427,-1,448,452,443,-1,443,452,453,-1,443,453,444,-1,427,429,445,-1,445,429,431,-1,445,431,446,-1,449,451,454,-1,455,456,437,-1,437,456,457,-1,437,457,438,-1,458,459,440,-1,440,459,460,-1,440,460,439,-1,461,462,463,-1,463,462,445,-1,445,462,451,-1,451,462,464,-1,451,464,454,-1,435,433,465,-1,465,433,466,-1,465,466,437,-1,437,466,467,-1,437,467,468,-1,468,469,437,-1,437,469,470,-1,437,470,455,-1,438,471,436,-1,436,471,472,-1,436,472,473,-1,473,474,436,-1,436,474,475,-1,436,475,476,-1,458,477,459,-1,459,477,478,-1,459,478,479,-1,479,480,459,-1,459,480,481,-1,459,481,482,-1,482,481,483,-1,463,484,461,-1,461,484,485,-1,461,485,486,-1,486,485,487,-1,488,489,490,-1,428,426,491,-1,491,426,425,-1,491,425,492,-1,493,494,495,-1,496,495,421,-1,421,420,496,-1,496,420,497,-1,496,497,491,-1,491,497,430,-1,491,430,428,-1,492,498,499,-1,494,500,495,-1,495,500,501,-1,495,501,421,-1,493,495,502,-1,502,495,503,-1,502,503,504,-1,505,506,507,-1,504,508,502,-1,502,508,509,-1,502,509,489,-1,489,509,510,-1,489,510,490,-1,499,511,492,-1,492,511,512,-1,492,512,491,-1,491,512,513,-1,491,513,514,-1,514,513,515,-1,516,517,490,-1,490,517,518,-1,519,520,521,-1,503,522,504,-1,504,522,523,-1,504,523,506,-1,506,523,524,-1,506,524,507,-1,515,513,521,-1,521,513,525,-1,521,525,519,-1,526,527,516,-1,516,527,528,-1,516,528,517,-1,526,529,527,-1,527,529,530,-1,527,530,531,-1,518,532,490,-1,490,532,533,-1,490,533,534,-1,535,536,537,-1,534,538,490,-1,490,538,539,-1,490,539,488,-1,535,537,507,-1,507,537,540,-1,507,540,541,-1,541,542,507,-1,507,542,543,-1,507,543,505,-1,423,421,501,-1,423,501,448,-1,448,501,500,-1,448,500,452,-1,452,500,494,-1,452,494,453,-1,453,494,493,-1,453,493,444,-1,444,493,502,-1,444,502,433,-1,466,433,489,-1,489,433,502,-1,466,489,488,-1,466,488,467,-1,467,488,539,-1,467,539,468,-1,468,539,538,-1,468,538,469,-1,469,538,534,-1,469,534,470,-1,470,534,533,-1,470,533,455,-1,455,533,532,-1,455,532,456,-1,456,532,518,-1,456,518,457,-1,438,457,517,-1,517,457,518,-1,438,517,528,-1,438,528,471,-1,471,528,527,-1,471,527,472,-1,472,527,531,-1,472,531,473,-1,473,531,530,-1,473,530,474,-1,474,530,529,-1,474,529,475,-1,475,529,526,-1,475,526,476,-1,476,526,516,-1,476,516,436,-1,437,436,490,-1,490,436,516,-1,437,490,465,-1,465,490,510,-1,465,510,435,-1,435,510,509,-1,435,509,434,-1,434,509,508,-1,434,508,432,-1,432,508,504,-1,432,504,440,-1,440,504,506,-1,458,440,505,-1,505,440,506,-1,458,505,543,-1,458,543,477,-1,477,543,542,-1,477,542,478,-1,478,542,541,-1,478,541,479,-1,479,541,540,-1,479,540,480,-1,480,540,537,-1,480,537,481,-1,481,537,536,-1,481,536,483,-1,483,536,535,-1,483,535,482,-1,482,535,507,-1,482,507,459,-1,460,459,524,-1,524,459,507,-1,460,524,439,-1,439,524,523,-1,439,523,441,-1,441,523,522,-1,441,522,442,-1,442,522,503,-1,443,442,495,-1,495,442,503,-1,447,443,496,-1,496,443,495,-1,445,447,491,-1,491,447,496,-1,463,445,514,-1,514,445,491,-1,463,514,515,-1,463,515,484,-1,484,515,521,-1,484,521,485,-1,485,521,520,-1,485,520,487,-1,487,520,519,-1,487,519,486,-1,486,519,525,-1,486,525,461,-1,461,525,513,-1,461,513,462,-1,464,462,512,-1,512,462,513,-1,464,512,511,-1,464,511,454,-1,454,511,499,-1,454,499,449,-1,449,499,498,-1,449,498,450,-1,450,498,492,-1,450,492,451,-1,424,451,425,-1,425,451,492,-1,544,545,546,-1,546,545,547,-1,548,544,549,-1,549,544,546,-1,550,548,551,-1,551,548,549,-1,552,553,547,-1,547,553,551,-1,547,551,546,-1,546,551,549,-1,544,548,545,-1,545,548,550,-1,545,550,554,-1,554,550,555,-1,550,551,555,-1,555,551,553,-1,547,545,552,-1,552,545,554,-1,556,557,558,-1,558,557,559,-1,560,561,562,-1,560,562,563,-1,563,562,564,-1,563,564,565,-1,565,564,566,-1,565,566,567,-1,568,569,570,-1,570,569,571,-1,572,573,574,-1,575,568,576,-1,575,577,568,-1,568,577,578,-1,568,578,569,-1,569,578,579,-1,569,579,580,-1,581,582,583,-1,583,582,558,-1,583,558,579,-1,579,558,559,-1,579,559,584,-1,585,586,587,-1,587,560,581,-1,581,560,563,-1,584,588,579,-1,579,588,589,-1,579,589,580,-1,563,565,581,-1,581,565,567,-1,581,567,582,-1,585,587,590,-1,591,592,573,-1,573,592,593,-1,573,593,574,-1,594,595,576,-1,576,595,596,-1,576,596,575,-1,597,598,599,-1,599,598,581,-1,581,598,587,-1,587,598,600,-1,587,600,590,-1,571,569,601,-1,601,569,602,-1,601,602,573,-1,573,602,603,-1,573,603,604,-1,604,605,573,-1,573,605,606,-1,573,606,591,-1,574,607,572,-1,572,607,608,-1,572,608,609,-1,609,610,572,-1,572,610,611,-1,572,611,612,-1,594,613,595,-1,595,613,614,-1,595,614,615,-1,615,616,595,-1,595,616,617,-1,595,617,618,-1,618,617,619,-1,599,620,597,-1,597,620,621,-1,597,621,622,-1,622,621,623,-1,624,625,626,-1,564,562,627,-1,627,562,561,-1,627,561,628,-1,629,630,631,-1,632,631,557,-1,557,556,632,-1,632,556,633,-1,632,633,627,-1,627,633,566,-1,627,566,564,-1,628,634,635,-1,630,636,631,-1,631,636,637,-1,631,637,557,-1,629,631,638,-1,638,631,639,-1,638,639,640,-1,641,642,643,-1,640,644,638,-1,638,644,645,-1,638,645,625,-1,625,645,646,-1,625,646,626,-1,635,647,628,-1,628,647,648,-1,628,648,627,-1,627,648,649,-1,627,649,650,-1,650,649,651,-1,652,653,626,-1,626,653,654,-1,655,656,657,-1,639,658,640,-1,640,658,659,-1,640,659,642,-1,642,659,660,-1,642,660,643,-1,651,649,657,-1,657,649,661,-1,657,661,655,-1,662,663,652,-1,652,663,664,-1,652,664,653,-1,662,665,663,-1,663,665,666,-1,663,666,667,-1,654,668,626,-1,626,668,669,-1,626,669,670,-1,671,672,673,-1,670,674,626,-1,626,674,675,-1,626,675,624,-1,671,673,643,-1,643,673,676,-1,643,676,677,-1,677,678,643,-1,643,678,679,-1,643,679,641,-1,559,557,637,-1,559,637,584,-1,584,637,636,-1,584,636,588,-1,588,636,630,-1,588,630,589,-1,589,630,629,-1,589,629,580,-1,580,629,638,-1,580,638,569,-1,602,569,625,-1,625,569,638,-1,602,625,624,-1,602,624,603,-1,603,624,675,-1,603,675,604,-1,604,675,674,-1,604,674,605,-1,605,674,670,-1,605,670,606,-1,606,670,669,-1,606,669,591,-1,591,669,668,-1,591,668,592,-1,592,668,654,-1,592,654,593,-1,574,593,653,-1,653,593,654,-1,574,653,664,-1,574,664,607,-1,607,664,663,-1,607,663,608,-1,608,663,667,-1,608,667,609,-1,609,667,666,-1,609,666,610,-1,610,666,665,-1,610,665,611,-1,611,665,662,-1,611,662,612,-1,612,662,652,-1,612,652,572,-1,573,572,626,-1,626,572,652,-1,573,626,601,-1,601,626,646,-1,601,646,571,-1,571,646,645,-1,571,645,570,-1,570,645,644,-1,570,644,568,-1,568,644,640,-1,568,640,576,-1,576,640,642,-1,594,576,641,-1,641,576,642,-1,594,641,679,-1,594,679,613,-1,613,679,678,-1,613,678,614,-1,614,678,677,-1,614,677,615,-1,615,677,676,-1,615,676,616,-1,616,676,673,-1,616,673,617,-1,617,673,672,-1,617,672,619,-1,619,672,671,-1,619,671,618,-1,618,671,643,-1,618,643,595,-1,596,595,660,-1,660,595,643,-1,596,660,575,-1,575,660,659,-1,575,659,577,-1,577,659,658,-1,577,658,578,-1,578,658,639,-1,579,578,631,-1,631,578,639,-1,583,579,632,-1,632,579,631,-1,581,583,627,-1,627,583,632,-1,599,581,650,-1,650,581,627,-1,599,650,651,-1,599,651,620,-1,620,651,657,-1,620,657,621,-1,621,657,656,-1,621,656,623,-1,623,656,655,-1,623,655,622,-1,622,655,661,-1,622,661,597,-1,597,661,649,-1,597,649,598,-1,600,598,648,-1,648,598,649,-1,600,648,647,-1,600,647,590,-1,590,647,635,-1,590,635,585,-1,585,635,634,-1,585,634,586,-1,586,634,628,-1,586,628,587,-1,560,587,561,-1,561,587,628,-1,680,681,682,-1,682,681,683,-1,684,680,685,-1,685,680,682,-1,686,684,687,-1,687,684,685,-1,688,689,683,-1,683,689,687,-1,683,687,682,-1,682,687,685,-1,680,684,681,-1,681,684,686,-1,681,686,690,-1,690,686,691,-1,686,687,691,-1,691,687,689,-1,683,681,688,-1,688,681,690,-1,692,693,694,-1,694,693,695,-1,696,697,698,-1,696,698,699,-1,699,698,700,-1,699,700,701,-1,701,700,702,-1,701,702,703,-1,704,705,706,-1,706,705,707,-1,708,709,710,-1,711,704,712,-1,711,713,704,-1,704,713,714,-1,704,714,705,-1,705,714,715,-1,705,715,716,-1,717,718,719,-1,719,718,694,-1,719,694,715,-1,715,694,695,-1,715,695,720,-1,721,722,723,-1,723,696,717,-1,717,696,699,-1,720,724,715,-1,715,724,725,-1,715,725,716,-1,699,701,717,-1,717,701,703,-1,717,703,718,-1,721,723,726,-1,727,728,709,-1,709,728,729,-1,709,729,710,-1,730,731,712,-1,712,731,732,-1,712,732,711,-1,733,734,735,-1,735,734,717,-1,717,734,723,-1,723,734,736,-1,723,736,726,-1,707,705,737,-1,737,705,738,-1,737,738,709,-1,709,738,739,-1,709,739,740,-1,740,741,709,-1,709,741,742,-1,709,742,727,-1,710,743,708,-1,708,743,744,-1,708,744,745,-1,745,746,708,-1,708,746,747,-1,708,747,748,-1,730,749,731,-1,731,749,750,-1,731,750,751,-1,751,752,731,-1,731,752,753,-1,731,753,754,-1,754,753,755,-1,735,756,733,-1,733,756,757,-1,733,757,758,-1,758,757,759,-1,760,761,762,-1,700,698,763,-1,763,698,697,-1,763,697,764,-1,765,766,767,-1,768,767,693,-1,693,692,768,-1,768,692,769,-1,768,769,763,-1,763,769,702,-1,763,702,700,-1,764,770,771,-1,766,772,767,-1,767,772,773,-1,767,773,693,-1,765,767,774,-1,774,767,775,-1,774,775,776,-1,777,778,779,-1,776,780,774,-1,774,780,781,-1,774,781,761,-1,761,781,782,-1,761,782,762,-1,771,783,764,-1,764,783,784,-1,764,784,763,-1,763,784,785,-1,763,785,786,-1,786,785,787,-1,788,789,762,-1,762,789,790,-1,791,792,793,-1,775,794,776,-1,776,794,795,-1,776,795,778,-1,778,795,796,-1,778,796,779,-1,787,785,793,-1,793,785,797,-1,793,797,791,-1,798,799,788,-1,788,799,800,-1,788,800,789,-1,798,801,799,-1,799,801,802,-1,799,802,803,-1,790,804,762,-1,762,804,805,-1,762,805,806,-1,807,808,809,-1,806,810,762,-1,762,810,811,-1,762,811,760,-1,807,809,779,-1,779,809,812,-1,779,812,813,-1,813,814,779,-1,779,814,815,-1,779,815,777,-1,695,693,773,-1,695,773,720,-1,720,773,772,-1,720,772,724,-1,724,772,766,-1,724,766,725,-1,725,766,765,-1,725,765,716,-1,716,765,774,-1,716,774,705,-1,738,705,761,-1,761,705,774,-1,738,761,760,-1,738,760,739,-1,739,760,811,-1,739,811,740,-1,740,811,810,-1,740,810,741,-1,741,810,806,-1,741,806,742,-1,742,806,805,-1,742,805,727,-1,727,805,804,-1,727,804,728,-1,728,804,790,-1,728,790,729,-1,710,729,789,-1,789,729,790,-1,710,789,800,-1,710,800,743,-1,743,800,799,-1,743,799,744,-1,744,799,803,-1,744,803,745,-1,745,803,802,-1,745,802,746,-1,746,802,801,-1,746,801,747,-1,747,801,798,-1,747,798,748,-1,748,798,788,-1,748,788,708,-1,709,708,762,-1,762,708,788,-1,709,762,737,-1,737,762,782,-1,737,782,707,-1,707,782,781,-1,707,781,706,-1,706,781,780,-1,706,780,704,-1,704,780,776,-1,704,776,712,-1,712,776,778,-1,730,712,777,-1,777,712,778,-1,730,777,815,-1,730,815,749,-1,749,815,814,-1,749,814,750,-1,750,814,813,-1,750,813,751,-1,751,813,812,-1,751,812,752,-1,752,812,809,-1,752,809,753,-1,753,809,808,-1,753,808,755,-1,755,808,807,-1,755,807,754,-1,754,807,779,-1,754,779,731,-1,732,731,796,-1,796,731,779,-1,732,796,711,-1,711,796,795,-1,711,795,713,-1,713,795,794,-1,713,794,714,-1,714,794,775,-1,715,714,767,-1,767,714,775,-1,719,715,768,-1,768,715,767,-1,717,719,763,-1,763,719,768,-1,735,717,786,-1,786,717,763,-1,735,786,787,-1,735,787,756,-1,756,787,793,-1,756,793,757,-1,757,793,792,-1,757,792,759,-1,759,792,791,-1,759,791,758,-1,758,791,797,-1,758,797,733,-1,733,797,785,-1,733,785,734,-1,736,734,784,-1,784,734,785,-1,736,784,783,-1,736,783,726,-1,726,783,771,-1,726,771,721,-1,721,771,770,-1,721,770,722,-1,722,770,764,-1,722,764,723,-1,696,723,697,-1,697,723,764,-1,
        ]
    }
}
Shape{
    appearance Appearance {
        material  Material 	{
            diffuseColor 1.0 0.9686274509803922 0.9058823529411765
            specularColor 0.5019607843137255 0.48627450980392156 0.45098039215686275
            ambientIntensity 0.2
            transparency 0
            shininess 0.5
        }
    }
    geometry IndexedFaceSet {
        ccw TRUE
        solid FALSE
        coord DEF co Coordinate {
            point [
                -0.5906 -0.5709 0.315, -0.5512 -0.5315 0.315, -0.5906 -0.5709 0.3937, -0.5512 -0.5315 0.3937, 0.5512 -0.5315 0.315, 0.5512 -0.5315 0.3937, 0.5906 -0.5709 0.315, 0.5906 -0.5709 0.3937, 0.8268 -0.2165 0.3937, 0.8268 -0.2165 0.0, 0.9843 -0.2165 0.3937, 0.9843 -0.2165 0.0, 0.8268 -0.5709 0.3937, 0.8268 -0.5709 0.0, -0.8268 -0.2165 0.0, -0.8268 -0.2165 0.3937, -0.9843 -0.2165 0.0, -0.9843 -0.2165 0.3937, -0.8268 -0.5709 0.3937, -0.8268 -0.5709 0.0, -0.8268 -0.5709 0.0
            ]
        }
        coordIndex [
            0,1,2,-1,2,1,3,-1,1,4,3,-1,3,4,5,-1,4,6,5,-1,5,6,7,-1,8,9,10,-1,10,9,11,-1,8,12,9,-1,9,12,13,-1,14,15,16,-1,16,15,17,-1,18,15,19,-1,19,15,14,-1,
        ]
    }
}
Shape{
    appearance Appearance {
        material  Material 	{
            diffuseColor 0.0 0.0 0.0
            specularColor 0.0 0.0 0.0
            ambientIntensity 0.2
            transparency 0
            shininess 0.5
        }
    }
    geometry IndexedFaceSet {
        ccw TRUE
        solid FALSE
        coord DEF co Coordinate {
            point [
                0.9882 0.1409 0.2338, 0.9882 0.1409 0.2295, 0.9843 0.1409 0.2338, 0.9843 0.1409 0.2295, 0.9882 0.1261 0.2338, 0.9843 0.1261 0.2338, 0.9882 0.1261 0.2666, 0.9843 0.1261 0.2666, 0.9882 0.1213 0.2666, 0.9843 0.1213 0.2666, 0.9882 0.1213 0.2295, 0.9843 0.1213 0.2295, 0.9882 0.1599 0.2289, 0.9843 0.1599 0.2289, 0.9882 0.1656 0.2294, 0.9843 0.1632 0.2292, 0.9843 0.1656 0.2294, 0.9843 0.1695 0.2308, 0.9882 0.1695 0.2308, 0.9843 0.1702 0.2311, 0.9882 0.1702 0.2311, 0.9882 0.1702 0.2357, 0.9843 0.1702 0.2357, 0.9843 0.1665 0.234, 0.9882 0.1665 0.234, 0.9843 0.1623 0.2332, 0.9882 0.1623 0.2332, 0.9843 0.1606 0.2332, 0.9882 0.1606 0.2332, 0.9843 0.1573 0.2335, 0.9882 0.1573 0.2335, 0.9843 0.1546 0.2345, 0.9882 0.1546 0.2345, 0.9843 0.1521 0.2361, 0.9882 0.1521 0.2361, 0.9843 0.1511 0.2371, 0.9882 0.1511 0.2371, 0.9843 0.1493 0.2395, 0.9882 0.1493 0.2395, 0.9843 0.1481 0.2424, 0.9882 0.1481 0.2424, 0.9843 0.1475 0.2461, 0.9882 0.1475 0.2461, 0.9843 0.1474 0.2477, 0.9882 0.1474 0.2477, 0.9843 0.148 0.2527, 0.9882 0.148 0.2527, 0.9843 0.1493 0.2559, 0.9882 0.1493 0.2559, 0.9843 0.1511 0.2585, 0.9882 0.1511 0.2585, 0.9843 0.1513 0.2588, 0.9882 0.1513 0.2588, 0.9843 0.1537 0.2608, 0.9882 0.1537 0.2608, 0.9843 0.1566 0.2622, 0.9882 0.1566 0.2622, 0.9843 0.1598 0.2628, 0.9882 0.1598 0.2628, 0.9843 0.1614 0.2629, 0.9882 0.1614 0.2629, 0.9843 0.166 0.2624, 0.9882 0.166 0.2624, 0.9843 0.1698 0.2609, 0.9882 0.1698 0.2609, 0.9843 0.1702 0.2607, 0.9882 0.1702 0.2607, 0.9882 0.1702 0.2657, 0.9843 0.1702 0.2657, 0.9843 0.1614 0.2672, 0.9882 0.1614 0.2672, 0.9843 0.1654 0.2669, 0.9882 0.1662 0.2668, 0.9843 0.1662 0.2668, 0.9843 0.1588 0.2669, 0.9882 0.156 0.2666, 0.9843 0.156 0.2666, 0.9843 0.1522 0.2651, 0.9882 0.1522 0.2651, 0.9843 0.1487 0.2627, 0.9882 0.1487 0.2627, 0.9843 0.1478 0.2618, 0.9882 0.1478 0.2618, 0.9843 0.1451 0.2583, 0.9882 0.1451 0.2583, 0.9843 0.1441 0.2559, 0.9882 0.1433 0.2541, 0.9843 0.1433 0.2541, 0.9843 0.1425 0.2493, 0.9882 0.1425 0.2493, 0.9843 0.1424 0.2474, 0.9882 0.1424 0.2474, 0.9843 0.1431 0.2414, 0.9882 0.1431 0.2414, 0.9843 0.1441 0.239, 0.9882 0.1446 0.2375, 0.9843 0.1446 0.2375, 0.9843 0.1469 0.2343, 0.9882 0.1469 0.2343, 0.9843 0.1472 0.234, 0.9882 0.1472 0.234, 0.9882 0.1571 0.2291, 0.9843 0.1497 0.2318, 0.9882 0.1497 0.2318, 0.9843 0.1531 0.23, 0.9882 0.1531 0.23, 0.9843 0.1565 0.2292, 0.9843 0.1571 0.2291, 0.9882 0.1975 0.2338, 0.9882 0.1975 0.2295, 0.9843 0.1975 0.2338, 0.9843 0.1975 0.2295, 0.9843 0.1824 0.2338, 0.9882 0.1824 0.2338, 0.9843 0.1924 0.2338, 0.9882 0.1824 0.2462, 0.9843 0.1824 0.2462, 0.9882 0.1956 0.2462, 0.9843 0.1924 0.2462, 0.9843 0.1956 0.2462, 0.9882 0.1956 0.2505, 0.9843 0.1956 0.2505, 0.9843 0.1824 0.2505, 0.9882 0.1824 0.2505, 0.9843 0.1924 0.2505, 0.9882 0.1824 0.2623, 0.9843 0.1824 0.2623, 0.9882 0.1967 0.2623, 0.9843 0.1924 0.2623, 0.9843 0.1967 0.2623, 0.9882 0.1967 0.2666, 0.9843 0.1967 0.2666, 0.9843 0.1776 0.2666, 0.9882 0.1776 0.2666, 0.9843 0.1924 0.2666, 0.9882 0.1776 0.2295, 0.9843 0.1776 0.2295, 0.9843 0.1924 0.2295, 0.9882 0.2275 0.2399, 0.9882 0.2257 0.2376, 0.9882 0.2291 0.2347, 0.9882 0.2253 0.2372, 0.9882 0.2252 0.2319, 0.9882 0.2229 0.2356, 0.9882 0.221 0.2303, 0.9882 0.2198 0.2344, 0.9882 0.2147 0.2295, 0.9882 0.2147 0.2338, 0.9882 0.2045 0.2295, 0.9882 0.2093 0.2338, 0.9882 0.2045 0.2666, 0.9882 0.2093 0.2623, 0.9882 0.2151 0.2666, 0.9882 0.2149 0.2623, 0.9882 0.2208 0.266, 0.9882 0.2199 0.2617, 0.9882 0.2252 0.2643, 0.9882 0.2231 0.2605, 0.9882 0.2291 0.2617, 0.9882 0.2256 0.2589, 0.9882 0.2304 0.2604, 0.9882 0.2267 0.2578, 0.9882 0.2327 0.2572, 0.9882 0.2281 0.2557, 0.9882 0.2341 0.2536, 0.9882 0.2291 0.253, 0.9882 0.2347 0.2485, 0.9882 0.2297 0.2484, 0.9882 0.2346 0.2462, 0.9882 0.2295 0.246, 0.9882 0.2337 0.2418, 0.9882 0.2288 0.2426, 0.9882 0.2319 0.238, 0.9843 0.2147 0.2295, 0.9843 0.2045 0.2295, 0.9843 0.2291 0.2347, 0.9843 0.221 0.2303, 0.9843 0.2215 0.2305, 0.9843 0.2252 0.2319, 0.9843 0.2319 0.238, 0.9843 0.2337 0.2418, 0.9843 0.2346 0.2462, 0.9843 0.2347 0.2485, 0.9843 0.2341 0.2536, 0.9843 0.2327 0.2572, 0.9843 0.2304 0.2604, 0.9843 0.2291 0.2617, 0.9843 0.2151 0.2666, 0.9843 0.2252 0.2643, 0.9843 0.2215 0.2657, 0.9843 0.2208 0.266, 0.9843 0.2045 0.2666, 0.9843 0.2149 0.2623, 0.9843 0.2093 0.2623, 0.9843 0.2093 0.2338, 0.9843 0.2147 0.2338, 0.9843 0.2257 0.2376, 0.9843 0.2253 0.2372, 0.9843 0.2229 0.2356, 0.9843 0.2198 0.2344, 0.9843 0.2297 0.2484, 0.9843 0.2295 0.246, 0.9843 0.2288 0.2426, 0.9843 0.2275 0.2399, 0.9843 0.2256 0.2589, 0.9843 0.2267 0.2578, 0.9843 0.2281 0.2557, 0.9843 0.2291 0.253, 0.9843 0.2199 0.2617, 0.9843 0.2231 0.2605, 0.9843 0.2231 0.2605
            ]
        }
        coordIndex [
            0,1,2,-1,2,1,3,-1,4,0,5,-1,5,0,2,-1,6,4,7,-1,7,4,5,-1,8,6,9,-1,9,6,7,-1,10,8,11,-1,11,8,9,-1,1,10,3,-1,3,10,11,-1,6,8,4,-1,4,8,10,-1,4,10,0,-1,0,10,1,-1,12,13,14,-1,14,13,15,-1,15,16,14,-1,14,16,17,-1,14,17,18,-1,18,17,19,-1,18,19,20,-1,21,20,22,-1,22,20,19,-1,21,22,23,-1,21,23,24,-1,24,23,25,-1,24,25,26,-1,26,25,27,-1,26,27,28,-1,28,27,29,-1,28,29,30,-1,30,29,31,-1,30,31,32,-1,32,31,33,-1,32,33,34,-1,34,33,35,-1,34,35,36,-1,36,35,37,-1,36,37,38,-1,38,37,39,-1,38,39,40,-1,40,39,41,-1,40,41,42,-1,42,41,43,-1,42,43,44,-1,44,43,45,-1,44,45,46,-1,46,45,47,-1,46,47,48,-1,48,47,49,-1,48,49,50,-1,50,49,51,-1,50,51,52,-1,52,51,53,-1,52,53,54,-1,54,53,55,-1,54,55,56,-1,56,55,57,-1,56,57,58,-1,58,57,59,-1,58,59,60,-1,60,59,61,-1,60,61,62,-1,62,61,63,-1,62,63,64,-1,64,63,65,-1,64,65,66,-1,67,66,68,-1,68,66,65,-1,69,70,71,-1,71,70,72,-1,71,72,73,-1,73,72,67,-1,73,67,68,-1,70,69,74,-1,70,74,75,-1,74,76,75,-1,75,76,77,-1,75,77,78,-1,78,77,79,-1,78,79,80,-1,80,79,81,-1,80,81,82,-1,82,81,83,-1,82,83,84,-1,84,83,85,-1,84,85,86,-1,85,87,86,-1,86,87,88,-1,86,88,89,-1,89,88,90,-1,89,90,91,-1,91,90,92,-1,91,92,93,-1,93,92,94,-1,93,94,95,-1,94,96,95,-1,95,96,97,-1,95,97,98,-1,98,97,99,-1,98,99,100,-1,13,12,101,-1,100,99,102,-1,100,102,103,-1,103,102,104,-1,103,104,105,-1,105,104,106,-1,105,106,101,-1,101,106,107,-1,101,107,13,-1,82,52,80,-1,80,52,54,-1,80,54,78,-1,91,44,89,-1,89,44,46,-1,89,46,86,-1,86,46,84,-1,84,46,48,-1,84,48,82,-1,82,48,50,-1,82,50,52,-1,78,54,75,-1,75,54,56,-1,75,56,70,-1,20,21,18,-1,18,21,24,-1,18,24,14,-1,14,24,26,-1,14,26,12,-1,12,26,28,-1,12,28,101,-1,101,28,30,-1,101,30,105,-1,105,30,32,-1,105,32,103,-1,103,32,34,-1,103,34,100,-1,100,34,36,-1,100,36,98,-1,98,36,38,-1,98,38,95,-1,95,38,93,-1,93,38,40,-1,93,40,91,-1,91,40,42,-1,91,42,44,-1,56,58,70,-1,70,58,60,-1,70,60,72,-1,72,60,62,-1,72,62,67,-1,67,62,64,-1,67,64,66,-1,108,109,110,-1,110,109,111,-1,112,113,114,-1,114,113,108,-1,114,108,110,-1,115,113,116,-1,116,113,112,-1,115,116,117,-1,117,116,118,-1,117,118,119,-1,120,117,121,-1,121,117,119,-1,122,123,124,-1,124,123,120,-1,124,120,121,-1,125,123,126,-1,126,123,122,-1,125,126,127,-1,127,126,128,-1,127,128,129,-1,130,127,131,-1,131,127,129,-1,132,133,134,-1,134,133,130,-1,134,130,131,-1,135,133,136,-1,136,133,132,-1,135,136,109,-1,109,136,137,-1,109,137,111,-1,135,109,108,-1,108,113,135,-1,135,113,115,-1,135,115,133,-1,127,130,125,-1,125,130,133,-1,125,133,123,-1,123,133,115,-1,123,115,120,-1,120,115,117,-1,138,139,140,-1,140,139,141,-1,140,141,142,-1,142,141,143,-1,142,143,144,-1,144,143,145,-1,144,145,146,-1,146,145,147,-1,146,147,148,-1,148,147,149,-1,148,149,150,-1,150,149,151,-1,150,151,152,-1,152,151,153,-1,152,153,154,-1,154,153,155,-1,154,155,156,-1,156,155,157,-1,156,157,158,-1,158,157,159,-1,158,159,160,-1,160,159,161,-1,160,161,162,-1,162,161,163,-1,162,163,164,-1,164,163,165,-1,164,165,166,-1,166,165,167,-1,166,167,168,-1,168,167,169,-1,168,169,170,-1,170,169,171,-1,170,171,172,-1,172,171,138,-1,172,138,140,-1,146,148,173,-1,173,148,174,-1,175,140,142,-1,146,173,176,-1,146,176,144,-1,144,176,177,-1,144,177,142,-1,142,177,178,-1,142,178,175,-1,140,175,179,-1,140,179,172,-1,172,179,180,-1,172,180,170,-1,170,180,181,-1,170,181,168,-1,168,181,182,-1,168,182,166,-1,166,182,183,-1,166,183,164,-1,164,183,184,-1,164,184,162,-1,162,184,185,-1,162,185,160,-1,160,185,186,-1,160,186,158,-1,187,152,154,-1,158,186,188,-1,158,188,156,-1,156,188,189,-1,156,189,154,-1,154,189,190,-1,154,190,187,-1,150,152,191,-1,191,152,187,-1,148,150,174,-1,174,150,191,-1,153,151,192,-1,192,151,193,-1,151,149,193,-1,193,149,194,-1,149,147,194,-1,194,147,195,-1,139,196,197,-1,139,197,141,-1,141,197,198,-1,141,198,143,-1,143,198,199,-1,143,199,145,-1,145,199,195,-1,145,195,147,-1,167,200,201,-1,167,201,169,-1,169,201,202,-1,169,202,171,-1,171,202,203,-1,171,203,138,-1,138,203,196,-1,138,196,139,-1,159,204,205,-1,159,205,161,-1,161,205,206,-1,161,206,163,-1,163,206,207,-1,163,207,165,-1,165,207,200,-1,165,200,167,-1,153,192,208,-1,153,208,155,-1,155,208,209,-1,155,209,157,-1,157,209,204,-1,157,204,159,-1,
        ]
    }
}
Shape{
    appearance Appearance {
        material  Material 	{
            diffuseColor 1.0 0.9686274509803922 0.9058823529411765
            specularColor 0.5019607843137255 0.48627450980392156 0.45098039215686275
            ambientIntensity 0.2
            transparency 0
            shininess 0.5
        }
    }
    geometry IndexedFaceSet {
        ccw TRUE
        solid FALSE
        coord DEF co Coordinate {
            point [
                0.9843 0.2093 0.2623, 0.9843 0.2093 0.2338, 0.9843 0.2149 0.2623, 0.9843 0.2147 0.2338, 0.9843 0.2198 0.2344, 0.9843 0.2229 0.2356, 0.9843 0.2253 0.2372, 0.9843 0.2257 0.2376, 0.9843 0.2275 0.2399, 0.9843 0.2288 0.2426, 0.9843 0.2297 0.2484, 0.9843 0.2256 0.2589, 0.9843 0.2231 0.2605, 0.9843 0.2291 0.253, 0.9843 0.2281 0.2557, 0.9843 0.2267 0.2578, 0.9843 0.2295 0.246, 0.9843 0.2199 0.2617, 0.9843 0.2199 0.2617
            ]
        }
        coordIndex [
            0,1,2,-1,2,1,3,-1,3,4,2,-1,2,4,5,-1,2,5,6,-1,6,7,2,-1,2,7,8,-1,2,8,9,-1,10,11,12,-1,13,14,10,-1,10,14,15,-1,10,15,11,-1,9,16,2,-1,2,16,10,-1,2,10,17,-1,17,10,12,-1,
        ]
    }
}
Shape{
    appearance Appearance {
        material  Material 	{
            diffuseColor 0.0 0.0 0.0
            specularColor 0.0 0.0 0.0
            ambientIntensity 0.2
            transparency 0
            shininess 0.5
        }
    }
    geometry IndexedFaceSet {
        ccw TRUE
        solid FALSE
        coord DEF co Coordinate {
            point [
                0.9882 0.2471 0.2439, 0.9882 0.2456 0.2397, 0.9882 0.2596 0.2439, 0.9882 0.261 0.2397, 0.9882 0.2527 0.2593, 0.9882 0.2509 0.2666, 0.9882 0.2368 0.2295, 0.9882 0.242 0.2295, 0.9882 0.253 0.2604, 0.9882 0.2533 0.2619, 0.9882 0.256 0.2666, 0.9882 0.2534 0.2619, 0.9882 0.2537 0.2603, 0.9882 0.254 0.2593, 0.9882 0.2701 0.2295, 0.9882 0.2648 0.2295, 0.9843 0.256 0.2666, 0.9843 0.2701 0.2295, 0.9843 0.2509 0.2666, 0.9843 0.2368 0.2295, 0.9843 0.2474 0.2576, 0.9843 0.242 0.2295, 0.9843 0.2456 0.2397, 0.9843 0.261 0.2397, 0.9843 0.2474 0.2397, 0.9843 0.2648 0.2295, 0.9843 0.2471 0.2439, 0.9843 0.2596 0.2439, 0.9843 0.254 0.2593, 0.9843 0.2534 0.2619, 0.9843 0.2537 0.2603, 0.9843 0.2533 0.2619, 0.9843 0.2527 0.2593, 0.9843 0.253 0.2604, 0.9843 0.253 0.2604
            ]
        }
        coordIndex [
            0,1,2,-1,2,1,3,-1,4,5,0,-1,0,5,6,-1,0,6,1,-1,1,6,7,-1,4,8,5,-1,5,8,9,-1,5,9,10,-1,10,9,11,-1,10,11,12,-1,12,13,10,-1,10,13,2,-1,10,2,14,-1,14,2,3,-1,14,3,15,-1,10,14,16,-1,16,14,17,-1,5,10,18,-1,18,10,16,-1,19,6,20,-1,20,6,5,-1,20,5,18,-1,7,6,21,-1,21,6,19,-1,1,7,22,-1,22,7,21,-1,23,3,24,-1,24,3,1,-1,24,1,22,-1,15,3,25,-1,25,3,23,-1,14,15,17,-1,17,15,25,-1,0,2,26,-1,26,2,27,-1,2,13,27,-1,27,13,28,-1,11,29,30,-1,11,30,12,-1,12,30,28,-1,12,28,13,-1,11,9,29,-1,29,9,31,-1,4,32,33,-1,4,33,8,-1,8,33,31,-1,8,31,9,-1,4,0,32,-1,32,0,26,-1,
        ]
    }
}
Shape{
    appearance Appearance {
        material  Material 	{
            diffuseColor 1.0 0.9686274509803922 0.9058823529411765
            specularColor 0.5019607843137255 0.48627450980392156 0.45098039215686275
            ambientIntensity 0.2
            transparency 0
            shininess 0.5
        }
    }
    geometry IndexedFaceSet {
        ccw TRUE
        solid FALSE
        coord DEF co Coordinate {
            point [
                0.9843 0.2534 0.2619, 0.9843 0.2533 0.2619, 0.9843 0.2537 0.2603, 0.9843 0.253 0.2604, 0.9843 0.254 0.2593, 0.9843 0.2527 0.2593, 0.9843 0.2596 0.2439, 0.9843 0.2471 0.2439, 0.9843 0.2471 0.2439
            ]
        }
        coordIndex [
            0,1,2,-1,2,1,3,-1,2,3,4,-1,4,3,5,-1,4,5,6,-1,6,5,7,-1,
        ]
    }
}
Shape{
    appearance Appearance {
        material  Material 	{
            diffuseColor 0.0 0.0 0.0
            specularColor 0.0 0.0 0.0
            ambientIntensity 0.2
            transparency 0
            shininess 0.5
        }
    }
    geometry IndexedFaceSet {
        ccw TRUE
        solid FALSE
        coord DEF co Coordinate {
            point [
                0.9882 0.1413 0.175, 0.9882 0.1413 0.1707, 0.9843 0.1413 0.175, 0.9843 0.1413 0.1707, 0.9882 0.1261 0.175, 0.9843 0.1261 0.175, 0.9882 0.1261 0.1874, 0.9843 0.1261 0.1874, 0.9882 0.1394 0.1874, 0.9843 0.1394 0.1874, 0.9882 0.1394 0.1917, 0.9843 0.1394 0.1917, 0.9882 0.1261 0.1917, 0.9843 0.1261 0.1917, 0.9882 0.1261 0.2035, 0.9843 0.1261 0.2035, 0.9882 0.1404 0.2035, 0.9843 0.1404 0.2035, 0.9882 0.1404 0.2078, 0.9843 0.1404 0.2078, 0.9882 0.1213 0.2078, 0.9843 0.1213 0.2078, 0.9882 0.1213 0.1707, 0.9843 0.1213 0.1707, 0.9882 0.1622 0.1748, 0.9882 0.1624 0.1748, 0.9882 0.1621 0.1791, 0.9882 0.1624 0.1812, 0.9882 0.167 0.1878, 0.9882 0.1624 0.1815, 0.9882 0.1624 0.184, 0.9882 0.1624 0.1707, 0.9882 0.167 0.1707, 0.9882 0.1505 0.1789, 0.9882 0.1507 0.18, 0.9882 0.1467 0.1821, 0.9882 0.1614 0.1774, 0.9882 0.1604 0.1761, 0.9882 0.1615 0.1737, 0.9882 0.1598 0.1755, 0.9882 0.16 0.1721, 0.9882 0.1585 0.1746, 0.9882 0.1584 0.1711, 0.9882 0.1571 0.1741, 0.9882 0.1565 0.1704, 0.9882 0.1553 0.1739, 0.9882 0.1541 0.1701, 0.9882 0.1538 0.1741, 0.9882 0.1513 0.1704, 0.9882 0.1527 0.1745, 0.9882 0.1496 0.1711, 0.9882 0.1518 0.1751, 0.9882 0.148 0.1722, 0.9882 0.1514 0.1755, 0.9882 0.1476 0.1834, 0.9882 0.1511 0.1809, 0.9882 0.1491 0.1846, 0.9882 0.1517 0.1815, 0.9882 0.1511 0.1856, 0.9882 0.1522 0.182, 0.9882 0.1533 0.1825, 0.9882 0.1545 0.1865, 0.9882 0.1562 0.1832, 0.9882 0.1624 0.1876, 0.9882 0.1461 0.1804, 0.9882 0.1457 0.1784, 0.9882 0.1504 0.1782, 0.9882 0.1457 0.1778, 0.9882 0.1506 0.1771, 0.9882 0.146 0.1757, 0.9882 0.1509 0.1763, 0.9882 0.1465 0.1741, 0.9882 0.1475 0.1727, 0.9882 0.1483 0.1953, 0.9882 0.1483 0.1908, 0.9882 0.1493 0.1959, 0.9882 0.1511 0.1927, 0.9882 0.1527 0.1972, 0.9882 0.154 0.1937, 0.9882 0.1574 0.1978, 0.9882 0.157 0.194, 0.9882 0.1602 0.1976, 0.9882 0.1586 0.1939, 0.9882 0.1622 0.197, 0.9882 0.1596 0.1935, 0.9882 0.1637 0.1961, 0.9882 0.1605 0.193, 0.9882 0.165 0.1949, 0.9882 0.1612 0.1922, 0.9882 0.1659 0.1934, 0.9882 0.1617 0.1913, 0.9882 0.1666 0.1913, 0.9882 0.1622 0.1896, 0.9843 0.1574 0.1978, 0.9843 0.1527 0.1972, 0.9843 0.1493 0.1959, 0.9843 0.1483 0.1953, 0.9843 0.1483 0.1908, 0.9843 0.1511 0.1927, 0.9843 0.154 0.1937, 0.9843 0.157 0.194, 0.9843 0.1586 0.1939, 0.9843 0.1596 0.1935, 0.9843 0.1605 0.193, 0.9843 0.1612 0.1922, 0.9843 0.1617 0.1913, 0.9843 0.1622 0.1896, 0.9843 0.1624 0.1876, 0.9843 0.1545 0.1865, 0.9843 0.1511 0.1856, 0.9843 0.1491 0.1846, 0.9843 0.1476 0.1834, 0.9843 0.1467 0.1821, 0.9843 0.1461 0.1804, 0.9843 0.1457 0.1784, 0.9843 0.1457 0.1778, 0.9843 0.146 0.1757, 0.9843 0.1465 0.1741, 0.9843 0.1475 0.1727, 0.9843 0.148 0.1722, 0.9843 0.1541 0.1701, 0.9843 0.1514 0.1704, 0.9843 0.1513 0.1704, 0.9843 0.1496 0.1711, 0.9843 0.1565 0.1704, 0.9843 0.1567 0.1704, 0.9843 0.1584 0.1711, 0.9843 0.16 0.1721, 0.9843 0.1615 0.1737, 0.9843 0.1622 0.1748, 0.9843 0.1624 0.1748, 0.9843 0.1624 0.1707, 0.9843 0.167 0.1707, 0.9843 0.167 0.1878, 0.9843 0.1666 0.1913, 0.9843 0.1659 0.1934, 0.9843 0.165 0.1949, 0.9843 0.1637 0.1961, 0.9843 0.1622 0.197, 0.9843 0.1602 0.1976, 0.9843 0.1517 0.1815, 0.9843 0.1522 0.182, 0.9843 0.1533 0.1825, 0.9843 0.1562 0.1832, 0.9843 0.1504 0.1782, 0.9843 0.1505 0.1789, 0.9843 0.1507 0.18, 0.9843 0.1511 0.1809, 0.9843 0.1518 0.1751, 0.9843 0.1514 0.1755, 0.9843 0.1509 0.1763, 0.9843 0.1506 0.1771, 0.9843 0.1553 0.1739, 0.9843 0.1538 0.1741, 0.9843 0.1527 0.1745, 0.9843 0.1604 0.1761, 0.9843 0.1598 0.1755, 0.9843 0.1585 0.1746, 0.9843 0.1571 0.1741, 0.9843 0.1624 0.1815, 0.9843 0.1624 0.1812, 0.9843 0.1621 0.1791, 0.9843 0.1614 0.1774, 0.9843 0.1624 0.184, 0.9843 0.1624 0.184
            ]
        }
        coordIndex [
            0,1,2,-1,2,1,3,-1,4,0,5,-1,5,0,2,-1,6,4,7,-1,7,4,5,-1,8,6,9,-1,9,6,7,-1,10,8,11,-1,11,8,9,-1,12,10,13,-1,13,10,11,-1,14,12,15,-1,15,12,13,-1,16,14,17,-1,17,14,15,-1,18,16,19,-1,19,16,17,-1,20,18,21,-1,21,18,19,-1,22,20,23,-1,23,20,21,-1,1,22,3,-1,3,22,23,-1,8,10,6,-1,6,10,12,-1,1,0,22,-1,22,0,4,-1,16,18,14,-1,14,18,20,-1,14,20,12,-1,12,20,22,-1,12,22,6,-1,6,22,4,-1,24,25,26,-1,27,28,29,-1,29,28,30,-1,31,32,25,-1,25,32,28,-1,25,28,26,-1,26,28,27,-1,33,34,35,-1,26,36,24,-1,24,36,37,-1,24,37,38,-1,38,37,39,-1,38,39,40,-1,40,39,41,-1,40,41,42,-1,42,41,43,-1,42,43,44,-1,44,43,45,-1,44,45,46,-1,46,45,47,-1,46,47,48,-1,48,47,49,-1,48,49,50,-1,50,49,51,-1,50,51,52,-1,52,51,53,-1,35,34,54,-1,54,34,55,-1,54,55,56,-1,56,55,57,-1,56,57,58,-1,57,59,58,-1,58,59,60,-1,58,60,61,-1,61,60,62,-1,61,62,63,-1,35,64,33,-1,33,64,65,-1,33,65,66,-1,66,65,67,-1,66,67,68,-1,68,67,69,-1,68,69,70,-1,70,69,71,-1,70,71,53,-1,53,71,72,-1,53,72,52,-1,73,74,75,-1,75,74,76,-1,75,76,77,-1,77,76,78,-1,77,78,79,-1,79,78,80,-1,79,80,81,-1,81,80,82,-1,81,82,83,-1,83,82,84,-1,83,84,85,-1,85,84,86,-1,85,86,87,-1,87,86,88,-1,87,88,89,-1,89,88,90,-1,89,90,91,-1,91,90,92,-1,91,92,28,-1,28,92,63,-1,28,63,30,-1,30,63,62,-1,79,93,94,-1,79,94,77,-1,77,94,95,-1,77,95,75,-1,75,95,96,-1,75,96,73,-1,74,73,97,-1,97,73,96,-1,74,97,98,-1,74,98,76,-1,76,98,99,-1,76,99,78,-1,78,99,100,-1,78,100,80,-1,80,100,101,-1,80,101,82,-1,82,101,102,-1,82,102,84,-1,84,102,103,-1,84,103,86,-1,86,103,104,-1,86,104,88,-1,88,104,105,-1,88,105,90,-1,90,105,106,-1,90,106,92,-1,92,106,107,-1,92,107,63,-1,61,63,108,-1,108,63,107,-1,61,108,109,-1,61,109,58,-1,58,109,110,-1,58,110,56,-1,56,110,111,-1,56,111,54,-1,54,111,112,-1,54,112,35,-1,35,112,113,-1,35,113,64,-1,64,113,114,-1,64,114,65,-1,65,114,115,-1,65,115,67,-1,67,115,116,-1,67,116,69,-1,69,116,117,-1,69,117,71,-1,71,117,118,-1,71,118,72,-1,72,118,119,-1,72,119,52,-1,120,46,121,-1,121,46,48,-1,121,48,122,-1,122,48,50,-1,122,50,123,-1,123,50,52,-1,123,52,119,-1,46,120,124,-1,46,124,44,-1,44,124,125,-1,44,125,42,-1,125,126,42,-1,42,126,127,-1,42,127,40,-1,40,127,128,-1,40,128,38,-1,38,128,129,-1,38,129,24,-1,25,24,130,-1,130,24,129,-1,31,25,131,-1,131,25,130,-1,32,31,132,-1,132,31,131,-1,28,32,133,-1,133,32,132,-1,28,133,134,-1,28,134,91,-1,91,134,135,-1,91,135,89,-1,89,135,136,-1,89,136,87,-1,87,136,137,-1,87,137,85,-1,85,137,138,-1,85,138,83,-1,83,138,139,-1,83,139,81,-1,81,139,93,-1,81,93,79,-1,57,140,141,-1,57,141,59,-1,59,141,142,-1,59,142,60,-1,60,142,143,-1,60,143,62,-1,66,144,145,-1,66,145,33,-1,33,145,146,-1,33,146,34,-1,34,146,147,-1,34,147,55,-1,55,147,140,-1,55,140,57,-1,51,148,149,-1,51,149,53,-1,53,149,150,-1,53,150,70,-1,70,150,151,-1,70,151,68,-1,68,151,144,-1,68,144,66,-1,45,152,153,-1,45,153,47,-1,47,153,154,-1,47,154,49,-1,49,154,148,-1,49,148,51,-1,37,155,156,-1,37,156,39,-1,39,156,157,-1,39,157,41,-1,41,157,158,-1,41,158,43,-1,43,158,152,-1,43,152,45,-1,29,159,160,-1,29,160,27,-1,27,160,161,-1,27,161,26,-1,26,161,162,-1,26,162,36,-1,36,162,155,-1,36,155,37,-1,29,30,159,-1,159,30,163,-1,30,62,163,-1,163,62,143,-1,
        ]
    }
}
Shape{
    appearance Appearance {
        material  Material 	{
            diffuseColor 1.0 0.9686274509803922 0.9058823529411765
            specularColor 0.5019607843137255 0.48627450980392156 0.45098039215686275
            ambientIntensity 0.2
            transparency 0
            shininess 0.5
        }
    }
    geometry IndexedFaceSet {
        ccw TRUE
        solid FALSE
        coord DEF co Coordinate {
            point [
                0.9843 0.1624 0.1812, 0.9843 0.1624 0.1815, 0.9843 0.1517 0.1815, 0.9843 0.1624 0.184, 0.9843 0.1562 0.1832, 0.9843 0.1533 0.1825, 0.9843 0.1522 0.182, 0.9843 0.1621 0.1791, 0.9843 0.1511 0.1809, 0.9843 0.1614 0.1774, 0.9843 0.1514 0.1755, 0.9843 0.1518 0.1751, 0.9843 0.1598 0.1755, 0.9843 0.1509 0.1763, 0.9843 0.1585 0.1746, 0.9843 0.1571 0.1741, 0.9843 0.1553 0.1739, 0.9843 0.1507 0.18, 0.9843 0.1505 0.1789, 0.9843 0.1604 0.1761, 0.9843 0.1504 0.1782, 0.9843 0.1506 0.1771, 0.9843 0.1527 0.1745, 0.9843 0.1538 0.1741, 0.9843 0.1538 0.1741
            ]
        }
        coordIndex [
            0,1,2,-1,1,3,4,-1,4,5,1,-1,1,5,6,-1,1,6,2,-1,0,2,7,-1,7,2,8,-1,7,8,9,-1,10,11,12,-1,10,12,13,-1,14,12,15,-1,15,12,16,-1,8,17,9,-1,9,17,18,-1,9,18,19,-1,19,18,20,-1,19,20,12,-1,12,20,21,-1,12,21,13,-1,11,22,12,-1,12,22,23,-1,12,23,16,-1,
        ]
    }
}
Shape{
    appearance Appearance {
        material  Material 	{
            diffuseColor 0.0 0.0 0.0
            specularColor 0.0 0.0 0.0
            ambientIntensity 0.2
            transparency 0
            shininess 0.5
        }
    }
    geometry IndexedFaceSet {
        ccw TRUE
        solid FALSE
        coord DEF co Coordinate {
            point [
                0.9843 0.1733 0.1764, 0.9882 0.1733 0.1764, 0.9882 0.1751 0.1753, 0.9882 0.1809 0.1739, 0.9843 0.1809 0.1739, 0.9843 0.178 0.1742, 0.9882 0.178 0.1742, 0.9843 0.1754 0.1752, 0.9843 0.1751 0.1753, 0.9882 0.1733 0.1717, 0.9843 0.1733 0.1717, 0.9843 0.1754 0.1709, 0.9882 0.1762 0.1706, 0.9843 0.1805 0.1701, 0.9882 0.1805 0.1701, 0.9843 0.1777 0.1704, 0.9843 0.1762 0.1706, 0.9843 0.1836 0.1704, 0.9882 0.1841 0.1705, 0.9843 0.1841 0.1705, 0.9843 0.1867 0.1713, 0.9882 0.1867 0.1713, 0.9843 0.1882 0.1722, 0.9882 0.1882 0.1722, 0.9843 0.1895 0.1734, 0.9882 0.1895 0.1734, 0.9843 0.1904 0.1746, 0.9882 0.1904 0.1746, 0.9843 0.191 0.1761, 0.9882 0.191 0.1761, 0.9843 0.1912 0.1779, 0.9882 0.1912 0.1779, 0.9843 0.191 0.1797, 0.9882 0.191 0.1797, 0.9843 0.1905 0.181, 0.9882 0.1905 0.181, 0.9843 0.1896 0.1823, 0.9882 0.1896 0.1823, 0.9843 0.1885 0.1833, 0.9882 0.1885 0.1833, 0.9843 0.1854 0.185, 0.9882 0.1854 0.185, 0.9843 0.1836 0.1857, 0.9882 0.1836 0.1857, 0.9843 0.1808 0.187, 0.9882 0.1808 0.187, 0.9843 0.1791 0.188, 0.9882 0.1791 0.188, 0.9843 0.1787 0.1885, 0.9882 0.1787 0.1885, 0.9843 0.1783 0.1891, 0.9882 0.1783 0.1891, 0.9843 0.1782 0.1899, 0.9882 0.1782 0.1899, 0.9843 0.1781 0.1905, 0.9882 0.1781 0.1905, 0.9843 0.1782 0.1912, 0.9882 0.1782 0.1912, 0.9843 0.1784 0.1918, 0.9882 0.1784 0.1918, 0.9843 0.1788 0.1924, 0.9882 0.1788 0.1924, 0.9843 0.1795 0.1931, 0.9882 0.1795 0.1931, 0.9843 0.1806 0.1936, 0.9882 0.1806 0.1936, 0.9843 0.1818 0.1939, 0.9882 0.1818 0.1939, 0.9843 0.1832 0.194, 0.9882 0.1832 0.194, 0.9843 0.1862 0.1937, 0.9882 0.1862 0.1937, 0.9843 0.1889 0.1927, 0.9882 0.1889 0.1927, 0.9843 0.1899 0.1921, 0.9882 0.1899 0.1921, 0.9882 0.1899 0.1966, 0.9843 0.1899 0.1966, 0.9843 0.1868 0.1975, 0.9882 0.1868 0.1975, 0.9843 0.1836 0.1978, 0.9882 0.1836 0.1978, 0.9843 0.1803 0.1975, 0.9882 0.1803 0.1975, 0.9843 0.1777 0.1966, 0.9882 0.1777 0.1966, 0.9843 0.1763 0.1957, 0.9882 0.1763 0.1957, 0.9843 0.1754 0.1949, 0.9882 0.1749 0.1945, 0.9843 0.1749 0.1945, 0.9843 0.1741 0.1932, 0.9882 0.1741 0.1932, 0.9843 0.1735 0.1917, 0.9882 0.1735 0.1917, 0.9843 0.1733 0.1901, 0.9882 0.1733 0.1901, 0.9843 0.1735 0.1883, 0.9882 0.1735 0.1883, 0.9843 0.174 0.1868, 0.9882 0.174 0.1868, 0.9843 0.1746 0.1859, 0.9882 0.1746 0.1859, 0.9843 0.1804 0.1824, 0.9882 0.1804 0.1824, 0.9882 0.1776 0.1836, 0.9843 0.1754 0.1851, 0.9882 0.1754 0.1851, 0.9843 0.1754 0.185, 0.9843 0.1776 0.1836, 0.9843 0.1834 0.1811, 0.9882 0.1834 0.1811, 0.9843 0.1852 0.18, 0.9882 0.1852 0.18, 0.9843 0.1858 0.1794, 0.9882 0.1858 0.1794, 0.9843 0.1862 0.1788, 0.9882 0.1862 0.1788, 0.9843 0.1864 0.1781, 0.9882 0.1864 0.1781, 0.9843 0.1864 0.1775, 0.9882 0.1864 0.1775, 0.9843 0.1863 0.1766, 0.9882 0.1863 0.1766, 0.9843 0.1861 0.1759, 0.9882 0.1861 0.1759, 0.9843 0.1857 0.1753, 0.9882 0.1857 0.1753, 0.9843 0.1851 0.1749, 0.9882 0.1851 0.1749, 0.9843 0.1847 0.1746, 0.9882 0.1847 0.1746, 0.9843 0.1835 0.1742, 0.9882 0.1835 0.1742, 0.9843 0.1811 0.1739, 0.9882 0.1811 0.1739, 0.9882 0.2142 0.1972, 0.9882 0.219 0.1972, 0.9843 0.2142 0.1972, 0.9843 0.219 0.1972, 0.9882 0.207 0.1773, 0.9843 0.207 0.1773, 0.9843 0.2066 0.176, 0.9882 0.2066 0.176, 0.9843 0.2064 0.1751, 0.9882 0.2064 0.1751, 0.9882 0.2063 0.1751, 0.9843 0.2063 0.1751, 0.9882 0.2057 0.1773, 0.9843 0.2057 0.1773, 0.9882 0.1988 0.1972, 0.9843 0.201 0.1908, 0.9843 0.1988 0.1972, 0.9882 0.1936 0.1972, 0.9843 0.1936 0.1972, 0.9882 0.204 0.1708, 0.9843 0.201 0.1783, 0.9843 0.204 0.1708, 0.9843 0.2019 0.166, 0.9882 0.2019 0.166, 0.9843 0.2038 0.1704, 0.9843 0.201 0.1643, 0.9882 0.201 0.1643, 0.9843 0.2002 0.1633, 0.9882 0.2002 0.1633, 0.9843 0.1993 0.1628, 0.9882 0.1993 0.1628, 0.9843 0.1983 0.1624, 0.9882 0.1983 0.1624, 0.9843 0.1972 0.1622, 0.9882 0.1972 0.1622, 0.9843 0.1955 0.1625, 0.9882 0.1955 0.1625, 0.9843 0.1945 0.1628, 0.9882 0.1945 0.1628, 0.9882 0.1945 0.1586, 0.9843 0.1945 0.1586, 0.9843 0.1965 0.1583, 0.9882 0.1965 0.1583, 0.9843 0.1975 0.1583, 0.9882 0.1975 0.1583, 0.9843 0.1994 0.1585, 0.9882 0.1994 0.1585, 0.9843 0.201 0.1591, 0.9882 0.2013 0.1592, 0.9843 0.2013 0.1592, 0.9843 0.2029 0.1603, 0.9882 0.2029 0.1603, 0.9843 0.2032 0.1606, 0.9882 0.2032 0.1606, 0.9843 0.2049 0.1626, 0.9882 0.2049 0.1626, 0.9843 0.207 0.1667, 0.9882 0.207 0.1667, 0.9843 0.2084 0.1704, 0.9882 0.2439 0.175, 0.9882 0.2439 0.1707, 0.9843 0.2439 0.175, 0.9843 0.2439 0.1707, 0.9882 0.2288 0.175, 0.9843 0.2357 0.175, 0.9843 0.2288 0.175, 0.9882 0.2288 0.1874, 0.9843 0.2288 0.1874, 0.9882 0.242 0.1874, 0.9843 0.2357 0.1874, 0.9843 0.242 0.1874, 0.9882 0.242 0.1917, 0.9843 0.242 0.1917, 0.9843 0.2288 0.1917, 0.9882 0.2288 0.1917, 0.9843 0.2357 0.1917, 0.9882 0.2288 0.2035, 0.9843 0.2288 0.2035, 0.9843 0.2431 0.2035, 0.9882 0.2431 0.2035, 0.9843 0.2357 0.2035, 0.9882 0.2431 0.2078, 0.9843 0.2431 0.2078, 0.9843 0.224 0.2078, 0.9882 0.224 0.2078, 0.9843 0.2357 0.2078, 0.9882 0.224 0.1707, 0.9843 0.224 0.1707, 0.9843 0.2357 0.1707, 0.9882 0.2739 0.181, 0.9882 0.2721 0.1788, 0.9882 0.2755 0.1759, 0.9882 0.2717 0.1784, 0.9882 0.2716 0.1731, 0.9882 0.2693 0.1767, 0.9882 0.2674 0.1715, 0.9882 0.2662 0.1756, 0.9882 0.2611 0.1707, 0.9882 0.2611 0.175, 0.9882 0.2509 0.1707, 0.9882 0.2557 0.175, 0.9882 0.2509 0.2078, 0.9882 0.2557 0.2035, 0.9882 0.2615 0.2078, 0.9882 0.2613 0.2035, 0.9882 0.2672 0.2072, 0.9882 0.2664 0.2029, 0.9882 0.2717 0.2055, 0.9882 0.2695 0.2017, 0.9882 0.2755 0.2029, 0.9882 0.272 0.2, 0.9882 0.2769 0.2016, 0.9882 0.2731 0.199, 0.9882 0.2791 0.1984, 0.9882 0.2745 0.1969, 0.9882 0.2805 0.1948, 0.9882 0.2756 0.1942, 0.9882 0.2811 0.1897, 0.9882 0.2761 0.1896, 0.9882 0.281 0.1874, 0.9882 0.276 0.1872, 0.9882 0.2801 0.183, 0.9882 0.2752 0.1838, 0.9882 0.2783 0.1792, 0.9843 0.2611 0.1707, 0.9843 0.2509 0.1707, 0.9843 0.2674 0.1715, 0.9843 0.2716 0.1731, 0.9843 0.2755 0.1759, 0.9843 0.2783 0.1792, 0.9843 0.2801 0.183, 0.9843 0.281 0.1874, 0.9843 0.2811 0.1897, 0.9843 0.2805 0.1948, 0.9843 0.2791 0.1984, 0.9843 0.2769 0.2016, 0.9843 0.2755 0.2029, 0.9843 0.2717 0.2055, 0.9843 0.2672 0.2072, 0.9843 0.2615 0.2078, 0.9843 0.2509 0.2078, 0.9843 0.2613 0.2035, 0.9843 0.2557 0.2035, 0.9843 0.2557 0.175, 0.9843 0.2611 0.175, 0.9843 0.2721 0.1788, 0.9843 0.2717 0.1784, 0.9843 0.2693 0.1767, 0.9843 0.2662 0.1756, 0.9843 0.2761 0.1896, 0.9843 0.276 0.1872, 0.9843 0.2752 0.1838, 0.9843 0.2739 0.181, 0.9843 0.272 0.2, 0.9843 0.2731 0.199, 0.9843 0.2745 0.1969, 0.9843 0.2756 0.1942, 0.9843 0.2664 0.2029, 0.9843 0.2695 0.2017, 0.9843 0.2695 0.2017
            ]
        }
        coordIndex [
            0,1,2,-1,3,4,5,-1,3,5,6,-1,6,5,7,-1,6,7,2,-1,2,7,8,-1,2,8,0,-1,9,1,10,-1,10,1,0,-1,10,11,9,-1,9,11,12,-1,13,14,15,-1,15,14,12,-1,15,12,16,-1,16,12,11,-1,13,17,14,-1,14,17,18,-1,17,19,18,-1,18,19,20,-1,18,20,21,-1,21,20,22,-1,21,22,23,-1,23,22,24,-1,23,24,25,-1,25,24,26,-1,25,26,27,-1,27,26,28,-1,27,28,29,-1,29,28,30,-1,29,30,31,-1,31,30,32,-1,31,32,33,-1,33,32,34,-1,33,34,35,-1,35,34,36,-1,35,36,37,-1,37,36,38,-1,37,38,39,-1,39,38,40,-1,39,40,41,-1,41,40,42,-1,41,42,43,-1,43,42,44,-1,43,44,45,-1,45,44,46,-1,45,46,47,-1,47,46,48,-1,47,48,49,-1,49,48,50,-1,49,50,51,-1,51,50,52,-1,51,52,53,-1,53,52,54,-1,53,54,55,-1,55,54,56,-1,55,56,57,-1,57,56,58,-1,57,58,59,-1,59,58,60,-1,59,60,61,-1,61,60,62,-1,61,62,63,-1,63,62,64,-1,63,64,65,-1,65,64,66,-1,65,66,67,-1,67,66,68,-1,67,68,69,-1,69,68,70,-1,69,70,71,-1,71,70,72,-1,71,72,73,-1,73,72,74,-1,73,74,75,-1,76,75,77,-1,77,75,74,-1,76,77,78,-1,76,78,79,-1,79,78,80,-1,79,80,81,-1,81,80,82,-1,81,82,83,-1,83,82,84,-1,83,84,85,-1,85,84,86,-1,85,86,87,-1,86,88,87,-1,87,88,89,-1,88,90,89,-1,89,90,91,-1,89,91,92,-1,92,91,93,-1,92,93,94,-1,94,93,95,-1,94,95,96,-1,96,95,97,-1,96,97,98,-1,98,97,99,-1,98,99,100,-1,100,99,101,-1,100,101,102,-1,103,104,105,-1,102,101,106,-1,102,106,107,-1,107,106,108,-1,107,108,105,-1,105,108,109,-1,105,109,103,-1,104,103,110,-1,104,110,111,-1,111,110,112,-1,111,112,113,-1,113,112,114,-1,113,114,115,-1,115,114,116,-1,115,116,117,-1,117,116,118,-1,117,118,119,-1,119,118,120,-1,119,120,121,-1,121,120,122,-1,121,122,123,-1,123,122,124,-1,123,124,125,-1,125,124,126,-1,125,126,127,-1,127,126,128,-1,127,128,129,-1,129,128,130,-1,129,130,131,-1,131,130,132,-1,131,132,133,-1,133,132,134,-1,133,134,135,-1,135,134,4,-1,135,4,3,-1,61,63,85,-1,85,63,83,-1,45,104,43,-1,43,104,111,-1,43,111,41,-1,14,3,12,-1,12,3,6,-1,12,6,9,-1,9,6,2,-1,9,2,1,-1,63,65,83,-1,83,65,67,-1,83,67,81,-1,81,67,69,-1,81,69,79,-1,79,69,71,-1,79,71,76,-1,76,71,73,-1,76,73,75,-1,41,111,39,-1,39,111,113,-1,39,113,37,-1,37,113,115,-1,37,115,35,-1,35,115,117,-1,35,117,33,-1,33,117,119,-1,33,119,31,-1,31,119,121,-1,31,121,29,-1,29,121,123,-1,29,123,27,-1,27,123,125,-1,27,125,25,-1,25,125,127,-1,25,127,23,-1,23,127,129,-1,23,129,21,-1,21,129,131,-1,21,131,18,-1,18,131,133,-1,18,133,14,-1,14,133,135,-1,14,135,3,-1,85,87,61,-1,61,87,89,-1,61,89,59,-1,59,89,92,-1,59,92,57,-1,57,92,94,-1,57,94,55,-1,55,94,96,-1,55,96,53,-1,53,96,98,-1,53,98,51,-1,51,98,100,-1,51,100,49,-1,49,100,102,-1,49,102,47,-1,47,102,107,-1,47,107,45,-1,45,107,105,-1,45,105,104,-1,136,137,138,-1,138,137,139,-1,140,136,141,-1,141,136,138,-1,140,141,142,-1,140,142,143,-1,143,142,144,-1,143,144,145,-1,146,145,147,-1,147,145,144,-1,148,146,149,-1,149,146,147,-1,148,149,150,-1,150,149,151,-1,150,151,152,-1,153,150,154,-1,154,150,152,-1,153,154,155,-1,155,154,156,-1,155,156,157,-1,158,159,160,-1,160,159,155,-1,160,155,157,-1,159,158,161,-1,159,161,162,-1,162,161,163,-1,162,163,164,-1,164,163,165,-1,164,165,166,-1,166,165,167,-1,166,167,168,-1,168,167,169,-1,168,169,170,-1,170,169,171,-1,170,171,172,-1,172,171,173,-1,172,173,174,-1,175,174,176,-1,176,174,173,-1,175,176,177,-1,175,177,178,-1,178,177,179,-1,178,179,180,-1,180,179,181,-1,180,181,182,-1,182,181,183,-1,182,183,184,-1,183,185,184,-1,184,185,186,-1,184,186,187,-1,187,186,188,-1,187,188,189,-1,189,188,190,-1,189,190,191,-1,191,190,192,-1,191,192,193,-1,139,137,194,-1,194,137,193,-1,194,193,192,-1,143,145,193,-1,137,136,193,-1,193,136,140,-1,193,140,143,-1,150,153,148,-1,148,153,155,-1,148,155,146,-1,174,175,172,-1,172,175,178,-1,172,178,170,-1,170,178,180,-1,170,180,168,-1,168,180,182,-1,168,182,166,-1,166,182,184,-1,166,184,164,-1,145,146,193,-1,193,146,155,-1,193,155,191,-1,155,159,191,-1,191,159,162,-1,191,162,189,-1,189,162,164,-1,189,164,187,-1,187,164,184,-1,195,196,197,-1,197,196,198,-1,195,197,199,-1,199,197,200,-1,199,200,201,-1,202,199,203,-1,203,199,201,-1,202,203,204,-1,204,203,205,-1,204,205,206,-1,207,204,208,-1,208,204,206,-1,209,210,211,-1,211,210,207,-1,211,207,208,-1,212,210,213,-1,213,210,209,-1,214,215,216,-1,216,215,212,-1,216,212,213,-1,217,215,218,-1,218,215,214,-1,219,220,221,-1,221,220,217,-1,221,217,218,-1,222,220,223,-1,223,220,219,-1,222,223,196,-1,196,223,224,-1,196,224,198,-1,196,195,222,-1,222,195,199,-1,204,207,202,-1,202,207,210,-1,215,217,212,-1,212,217,220,-1,212,220,210,-1,210,220,222,-1,210,222,202,-1,202,222,199,-1,225,226,227,-1,227,226,228,-1,227,228,229,-1,229,228,230,-1,229,230,231,-1,231,230,232,-1,231,232,233,-1,233,232,234,-1,233,234,235,-1,235,234,236,-1,235,236,237,-1,237,236,238,-1,237,238,239,-1,239,238,240,-1,239,240,241,-1,241,240,242,-1,241,242,243,-1,243,242,244,-1,243,244,245,-1,245,244,246,-1,245,246,247,-1,247,246,248,-1,247,248,249,-1,249,248,250,-1,249,250,251,-1,251,250,252,-1,251,252,253,-1,253,252,254,-1,253,254,255,-1,255,254,256,-1,255,256,257,-1,257,256,258,-1,257,258,259,-1,259,258,225,-1,259,225,227,-1,233,235,260,-1,260,235,261,-1,233,260,262,-1,233,262,231,-1,231,262,263,-1,231,263,229,-1,229,263,264,-1,229,264,227,-1,227,264,265,-1,227,265,259,-1,259,265,266,-1,259,266,257,-1,257,266,267,-1,257,267,255,-1,255,267,268,-1,255,268,253,-1,253,268,269,-1,253,269,251,-1,251,269,270,-1,251,270,249,-1,249,270,271,-1,249,271,247,-1,247,271,272,-1,247,272,245,-1,245,272,273,-1,245,273,243,-1,243,273,274,-1,243,274,241,-1,241,274,275,-1,241,275,239,-1,237,239,276,-1,276,239,275,-1,235,237,261,-1,261,237,276,-1,240,238,277,-1,277,238,278,-1,238,236,278,-1,278,236,279,-1,236,234,279,-1,279,234,280,-1,226,281,282,-1,226,282,228,-1,228,282,283,-1,228,283,230,-1,230,283,284,-1,230,284,232,-1,232,284,280,-1,232,280,234,-1,254,285,286,-1,254,286,256,-1,256,286,287,-1,256,287,258,-1,258,287,288,-1,258,288,225,-1,225,288,281,-1,225,281,226,-1,246,289,290,-1,246,290,248,-1,248,290,291,-1,248,291,250,-1,250,291,292,-1,250,292,252,-1,252,292,285,-1,252,285,254,-1,240,277,293,-1,240,293,242,-1,242,293,294,-1,242,294,244,-1,244,294,289,-1,244,289,246,-1,
        ]
    }
}
Shape{
    appearance Appearance {
        material  Material 	{
            diffuseColor 1.0 0.9686274509803922 0.9058823529411765
            specularColor 0.5019607843137255 0.48627450980392156 0.45098039215686275
            ambientIntensity 0.2
            transparency 0
            shininess 0.5
        }
    }
    geometry IndexedFaceSet {
        ccw TRUE
        solid FALSE
        coord DEF co Coordinate {
            point [
                0.9843 0.2557 0.2035, 0.9843 0.2557 0.175, 0.9843 0.2613 0.2035, 0.9843 0.2611 0.175, 0.9843 0.2662 0.1756, 0.9843 0.2693 0.1767, 0.9843 0.2717 0.1784, 0.9843 0.2721 0.1788, 0.9843 0.2739 0.181, 0.9843 0.2752 0.1838, 0.9843 0.2761 0.1896, 0.9843 0.272 0.2, 0.9843 0.2695 0.2017, 0.9843 0.2756 0.1942, 0.9843 0.2745 0.1969, 0.9843 0.2731 0.199, 0.9843 0.276 0.1872, 0.9843 0.2664 0.2029, 0.9843 0.2664 0.2029
            ]
        }
        coordIndex [
            0,1,2,-1,2,1,3,-1,3,4,2,-1,2,4,5,-1,2,5,6,-1,6,7,2,-1,2,7,8,-1,2,8,9,-1,10,11,12,-1,13,14,10,-1,10,14,15,-1,10,15,11,-1,9,16,2,-1,2,16,10,-1,2,10,17,-1,17,10,12,-1,
        ]
    }
}
Shape{
    appearance Appearance {
        material  Material 	{
            diffuseColor 0.0 0.0 0.0
            specularColor 0.0 0.0 0.0
            ambientIntensity 0.2
            transparency 0
            shininess 0.5
        }
    }
    geometry IndexedFaceSet {
        ccw TRUE
        solid FALSE
        coord DEF co Coordinate {
            point [
                0.9882 0.2936 0.1851, 0.9882 0.292 0.1809, 0.9882 0.306 0.1851, 0.9882 0.3075 0.1809, 0.9882 0.2991 0.2005, 0.9882 0.2973 0.2078, 0.9882 0.2832 0.1707, 0.9882 0.2885 0.1707, 0.9882 0.2994 0.2016, 0.9882 0.2997 0.2031, 0.9882 0.3024 0.2078, 0.9882 0.2998 0.2031, 0.9882 0.3001 0.2015, 0.9882 0.3004 0.2005, 0.9882 0.3165 0.1707, 0.9882 0.3113 0.1707, 0.9843 0.3024 0.2078, 0.9843 0.3165 0.1707, 0.9843 0.2973 0.2078, 0.9843 0.2832 0.1707, 0.9843 0.2885 0.1707, 0.9843 0.292 0.1809, 0.9843 0.3075 0.1809, 0.9843 0.3113 0.1707, 0.9843 0.2936 0.1851, 0.9843 0.306 0.1851, 0.9843 0.3004 0.2005, 0.9843 0.2998 0.2031, 0.9843 0.3001 0.2015, 0.9843 0.2997 0.2031, 0.9843 0.2991 0.2005, 0.9843 0.2994 0.2016, 0.9843 0.2994 0.2016
            ]
        }
        coordIndex [
            0,1,2,-1,2,1,3,-1,4,5,0,-1,0,5,6,-1,0,6,1,-1,1,6,7,-1,4,8,5,-1,5,8,9,-1,5,9,10,-1,10,9,11,-1,10,11,12,-1,12,13,10,-1,10,13,2,-1,10,2,14,-1,14,2,3,-1,14,3,15,-1,10,14,16,-1,16,14,17,-1,5,10,18,-1,18,10,16,-1,6,5,19,-1,19,5,18,-1,7,6,20,-1,20,6,19,-1,1,7,21,-1,21,7,20,-1,3,1,22,-1,22,1,21,-1,15,3,23,-1,23,3,22,-1,14,15,17,-1,17,15,23,-1,0,2,24,-1,24,2,25,-1,2,13,25,-1,25,13,26,-1,11,27,28,-1,11,28,12,-1,12,28,26,-1,12,26,13,-1,11,9,27,-1,27,9,29,-1,4,30,31,-1,4,31,8,-1,8,31,29,-1,8,29,9,-1,4,0,30,-1,30,0,24,-1,
        ]
    }
}
Shape{
    appearance Appearance {
        material  Material 	{
            diffuseColor 1.0 0.9686274509803922 0.9058823529411765
            specularColor 0.5019607843137255 0.48627450980392156 0.45098039215686275
            ambientIntensity 0.2
            transparency 0
            shininess 0.5
        }
    }
    geometry IndexedFaceSet {
        ccw TRUE
        solid FALSE
        coord DEF co Coordinate {
            point [
                0.9843 0.2998 0.2031, 0.9843 0.2997 0.2031, 0.9843 0.3001 0.2015, 0.9843 0.2994 0.2016, 0.9843 0.3004 0.2005, 0.9843 0.2991 0.2005, 0.9843 0.306 0.1851, 0.9843 0.2936 0.1851, 0.9843 0.2936 0.1851
            ]
        }
        coordIndex [
            0,1,2,-1,2,1,3,-1,2,3,4,-1,4,3,5,-1,4,5,6,-1,6,5,7,-1,
        ]
    }
}
Shape{
    appearance Appearance {
        material  Material 	{
            diffuseColor 0.0 0.0 0.0
            specularColor 0.0 0.0 0.0
            ambientIntensity 0.2
            transparency 0
            shininess 0.5
        }
    }
    geometry IndexedFaceSet {
        ccw TRUE
        solid FALSE
        coord DEF co Coordinate {
            point [
                0.9882 -0.0493 0.2346, 0.9882 -0.0435 0.2377, 0.9882 -0.0448 0.2539, 0.9882 0.0016 0.1644, 0.9882 0.0047 0.1703, 0.9882 0.0062 0.1768, 0.9882 -0.0284 0.2547, 0.9882 -0.0202 0.2354, 0.9882 -0.0162 0.2438, 0.9882 -0.03 0.176, 0.9882 -0.0305 0.1785, 0.9882 -0.0447 0.1888, 0.9882 -0.045 0.1711, 0.9882 -0.0483 0.1721, 0.9882 -0.0505 0.1923, 0.9882 -0.0345 0.2552, 0.9882 0.0433 0.2017, 0.9882 0.0351 0.2157, 0.9882 0.0064 0.1822, 0.9882 -0.0002 0.1972, 0.9882 0.0064 0.1796, 0.9882 -0.0077 0.1562, 0.9882 -0.0025 0.1599, 0.9882 -0.0107 0.1832, 0.9882 -0.0101 0.1808, 0.9882 -0.01 0.1783, 0.9882 -0.0106 0.1757, 0.9882 -0.0118 0.1734, 0.9882 -0.0289 0.1738, 0.9882 -0.0384 0.1606, 0.9882 -0.0424 0.1655, 0.9882 0.052 0.2278, 0.9882 0.0541 0.2278, 0.9882 0.0649 0.242, 0.9882 0.0591 0.2272, 0.9882 0.0662 0.2416, 0.9882 0.0637 0.2254, 0.9882 0.074 0.2377, 0.9882 0.0812 0.2316, 0.9882 -0.023 0.261, 0.9882 -0.0103 0.2508, 0.9882 -0.0168 0.2663, 0.9882 -0.0032 0.256, 0.9882 -0.0096 0.2706, 0.9882 -0.0369 0.2392, 0.9882 -0.0342 0.2394, 0.9882 -0.0314 0.255, 0.9882 -0.028 0.2386, 0.9882 -0.0221 0.2365, 0.9882 -0.0133 0.1717, 0.9882 -0.0154 0.1702, 0.9882 -0.0136 0.154, 0.9882 -0.0176 0.1693, 0.9882 -0.02 0.1532, 0.9882 -0.0202 0.169, 0.9882 -0.021 0.1532, 0.9882 -0.0207 0.169, 0.9882 -0.0272 0.1542, 0.9882 -0.023 0.1694, 0.9882 -0.0333 0.1567, 0.9882 -0.0254 0.1704, 0.9882 -0.0274 0.172, 0.9882 0.0812 0.1825, 0.9882 0.069 0.1929, 0.9882 0.0741 0.1764, 0.9882 0.0651 0.1897, 0.9882 0.066 0.1725, 0.9882 0.0604 0.1876, 0.9882 0.0573 0.1706, 0.9882 0.0557 0.1867, 0.9882 0.0417 0.1706, 0.9882 0.0438 0.1867, 0.9882 0.0402 0.1708, 0.9882 0.0678 0.2225, 0.9882 0.0708 0.2192, 0.9882 0.0866 0.2241, 0.9882 0.0733 0.2146, 0.9882 0.0898 0.2161, 0.9882 0.0745 0.2095, 0.9882 0.091 0.2075, 0.9882 0.0746 0.2072, 0.9882 0.0898 0.1981, 0.9882 0.074 0.2021, 0.9882 0.0865 0.1897, 0.9882 0.0722 0.1974, 0.9882 0.0693 0.1933, 0.9882 0.0507 0.2628, 0.9882 0.0404 0.2507, 0.9882 0.0596 0.2524, 0.9882 0.0463 0.2436, 0.9882 0.0504 0.2351, 0.9882 -0.0598 0.2194, 0.9882 -0.0771 0.215, 0.9882 -0.0606 0.213, 0.9882 -0.0772 0.2125, 0.9882 -0.0602 0.209, 0.9882 -0.0759 0.2022, 0.9882 -0.0583 0.2025, 0.9882 -0.0721 0.1924, 0.9882 -0.0552 0.1972, 0.9882 -0.0661 0.1838, 0.9882 -0.0579 0.1768, 0.9882 -0.0304 0.1811, 0.9882 -0.0296 0.1836, 0.9882 -0.0418 0.1944, 0.9882 -0.0282 0.1858, 0.9882 -0.0375 0.1994, 0.9882 -0.0272 0.1869, 0.9882 -0.0321 0.2032, 0.9882 -0.0251 0.1883, 0.9882 -0.0263 0.2054, 0.9882 -0.0228 0.1892, 0.9882 -0.02 0.2062, 0.9882 -0.0202 0.1896, 0.9882 -0.0168 0.206, 0.9882 -0.0183 0.1894, 0.9882 -0.0104 0.2044, 0.9882 -0.0159 0.1886, 0.9882 -0.0048 0.2014, 0.9882 -0.0137 0.1872, 0.9882 -0.0119 0.1854, 0.9882 0.0026 0.2751, 0.9882 0.0054 0.2595, 0.9882 0.0148 0.2765, 0.9882 0.0151 0.2607, 0.9882 0.0269 0.2751, 0.9882 0.024 0.2596, 0.9882 0.04 0.2702, 0.9882 0.0323 0.2565, 0.9882 0.0397 0.2513, 0.9882 -0.0546 0.2501, 0.9882 -0.063 0.2442, 0.9882 -0.0539 0.2305, 0.9882 -0.0648 0.2425, 0.9882 -0.0575 0.2253, 0.9882 -0.0711 0.2344, 0.9882 -0.0753 0.2249, 0.9882 0.0425 0.1869, 0.9882 0.0362 0.1734, 0.9882 0.0368 0.1727, 0.9882 0.0433 0.1867, 0.9882 0.0385 0.1715, 0.9882 0.0341 0.1788, 0.9882 0.0343 0.1768, 0.9882 0.035 0.175, 0.9882 0.0402 0.1867, 0.9882 0.0384 0.186, 0.9882 0.0341 0.1798, 0.9882 0.0368 0.1848, 0.9882 0.0357 0.1836, 0.9882 0.0347 0.1818, 0.9882 0.0422 0.1869, 0.9843 0.0829 0.2292, 0.9843 0.0866 0.2241, 0.9843 0.0889 0.2184, 0.9843 0.0898 0.2161, 0.9843 0.091 0.2075, 0.9843 0.0812 0.2316, 0.9843 0.074 0.2377, 0.9843 0.0662 0.2416, 0.9843 0.0649 0.242, 0.9843 0.0596 0.2524, 0.9843 0.0507 0.2628, 0.9843 0.0448 0.2669, 0.9843 0.04 0.2702, 0.9843 0.0269 0.2751, 0.9843 0.0148 0.2765, 0.9843 -0.0168 0.2663, 0.9843 -0.0157 0.2669, 0.9843 -0.0096 0.2706, 0.9843 0.0026 0.2751, 0.9843 -0.023 0.261, 0.9843 -0.0284 0.2547, 0.9843 -0.0314 0.255, 0.9843 -0.0345 0.2552, 0.9843 -0.0448 0.2539, 0.9843 -0.0546 0.2501, 0.9843 -0.063 0.2442, 0.9843 -0.0648 0.2425, 0.9843 -0.0711 0.2344, 0.9843 -0.0734 0.2292, 0.9843 -0.0753 0.2249, 0.9843 -0.0765 0.2184, 0.9843 -0.0771 0.215, 0.9843 -0.0772 0.2125, 0.9843 -0.0759 0.2022, 0.9843 -0.0721 0.1924, 0.9843 -0.0661 0.1838, 0.9843 -0.0579 0.1768, 0.9843 -0.0483 0.1721, 0.9843 -0.045 0.1711, 0.9843 -0.0447 0.1704, 0.9843 -0.0424 0.1655, 0.9843 -0.0384 0.1606, 0.9843 -0.0333 0.1567, 0.9843 -0.0309 0.1557, 0.9843 -0.0272 0.1542, 0.9843 -0.021 0.1532, 0.9843 -0.02 0.1532, 0.9843 0.0064 0.1796, 0.9843 -0.0136 0.154, 0.9843 -0.0091 0.1557, 0.9843 -0.0077 0.1562, 0.9843 -0.0025 0.1599, 0.9843 0.0016 0.1644, 0.9843 0.0047 0.1703, 0.9843 0.0047 0.1704, 0.9843 0.0062 0.1768, 0.9843 0.0064 0.1822, 0.9843 0.0433 0.2017, 0.9843 0.0351 0.2157, 0.9843 -0.0002 0.1972, 0.9843 -0.0048 0.2014, 0.9843 -0.0104 0.2044, 0.9843 -0.0168 0.206, 0.9843 -0.02 0.2062, 0.9843 -0.0263 0.2054, 0.9843 -0.0321 0.2032, 0.9843 -0.0375 0.1994, 0.9843 -0.0418 0.1944, 0.9843 -0.0447 0.1888, 0.9843 -0.0505 0.1923, 0.9843 -0.0552 0.1972, 0.9843 -0.0583 0.2025, 0.9843 -0.0602 0.209, 0.9843 -0.0606 0.213, 0.9843 -0.0599 0.2184, 0.9843 -0.0598 0.2194, 0.9843 -0.0575 0.2253, 0.9843 -0.0548 0.2292, 0.9843 -0.0539 0.2305, 0.9843 -0.0493 0.2346, 0.9843 -0.0435 0.2377, 0.9843 -0.0369 0.2392, 0.9843 -0.0342 0.2394, 0.9843 -0.028 0.2386, 0.9843 -0.0221 0.2365, 0.9843 -0.0202 0.2354, 0.9843 -0.0162 0.2438, 0.9843 -0.0103 0.2508, 0.9843 -0.0032 0.256, 0.9843 0.0054 0.2595, 0.9843 0.0151 0.2607, 0.9843 0.052 0.2278, 0.9843 0.0517 0.2292, 0.9843 0.0504 0.2351, 0.9843 0.0463 0.2436, 0.9843 0.0404 0.2507, 0.9843 0.0397 0.2513, 0.9843 0.0323 0.2565, 0.9843 0.024 0.2596, 0.9843 0.0541 0.2278, 0.9843 0.0591 0.2272, 0.9843 0.0637 0.2254, 0.9843 0.0678 0.2225, 0.9843 0.0708 0.2192, 0.9843 0.0713 0.2184, 0.9843 0.0733 0.2146, 0.9843 0.0745 0.2095, 0.9843 0.0746 0.2072, 0.9843 0.074 0.2021, 0.9843 0.0722 0.1974, 0.9843 0.0693 0.1933, 0.9843 0.069 0.1929, 0.9843 0.0651 0.1897, 0.9843 0.0604 0.1876, 0.9843 0.0557 0.1867, 0.9843 0.0438 0.1867, 0.9843 0.0433 0.1867, 0.9843 0.0425 0.1869, 0.9843 0.0422 0.1869, 0.9843 0.0402 0.1867, 0.9843 0.0384 0.186, 0.9843 0.0368 0.1848, 0.9843 0.0357 0.1836, 0.9843 0.0347 0.1818, 0.9843 0.0341 0.1798, 0.9843 0.0341 0.1788, 0.9843 0.0343 0.1768, 0.9843 0.035 0.175, 0.9843 0.0362 0.1734, 0.9843 0.0368 0.1727, 0.9843 0.0385 0.1715, 0.9843 0.0402 0.1708, 0.9843 0.0417 0.1706, 0.9843 0.0573 0.1706, 0.9843 0.066 0.1725, 0.9843 0.0741 0.1764, 0.9843 0.0812 0.1825, 0.9843 0.0865 0.1897, 0.9843 0.0898 0.1981, 0.9843 -0.0202 0.1896, 0.9843 -0.0183 0.1894, 0.9843 -0.0159 0.1886, 0.9843 -0.0137 0.1872, 0.9843 -0.0119 0.1854, 0.9843 -0.0107 0.1832, 0.9843 -0.0101 0.1808, 0.9843 -0.01 0.1783, 0.9843 -0.0106 0.1757, 0.9843 -0.0118 0.1734, 0.9843 -0.0133 0.1717, 0.9843 -0.0154 0.1702, 0.9843 -0.0176 0.1693, 0.9843 -0.0202 0.169, 0.9843 -0.0207 0.169, 0.9843 -0.023 0.1694, 0.9843 -0.0254 0.1704, 0.9843 -0.0274 0.172, 0.9843 -0.0289 0.1738, 0.9843 -0.03 0.176, 0.9843 -0.0305 0.1785, 0.9843 -0.0304 0.1811, 0.9843 -0.0296 0.1836, 0.9843 -0.0282 0.1858, 0.9843 -0.0272 0.1869, 0.9843 -0.0251 0.1883, 0.9843 -0.0228 0.1892, 0.9843 -0.0228 0.1892
            ]
        }
        coordIndex [
            0,1,2,-1,3,4,5,-1,6,7,8,-1,9,10,11,-1,12,11,13,-1,13,11,14,-1,2,1,15,-1,16,17,18,-1,18,17,19,-1,18,19,20,-1,20,19,21,-1,20,21,5,-1,5,21,22,-1,5,22,3,-1,23,24,19,-1,19,24,25,-1,19,25,21,-1,21,25,26,-1,21,26,27,-1,28,9,29,-1,29,9,11,-1,29,11,30,-1,30,11,12,-1,31,32,33,-1,33,32,34,-1,33,34,35,-1,35,34,36,-1,35,36,37,-1,37,36,38,-1,6,8,39,-1,39,8,40,-1,39,40,41,-1,41,40,42,-1,41,42,43,-1,1,44,15,-1,15,44,45,-1,15,45,46,-1,46,45,47,-1,46,47,6,-1,6,47,48,-1,6,48,7,-1,27,49,21,-1,21,49,50,-1,21,50,51,-1,51,50,52,-1,51,52,53,-1,53,52,54,-1,53,54,55,-1,55,54,56,-1,55,56,57,-1,57,56,58,-1,57,58,59,-1,59,58,60,-1,59,60,29,-1,29,60,61,-1,29,61,28,-1,62,63,64,-1,64,63,65,-1,64,65,66,-1,66,65,67,-1,66,67,68,-1,68,67,69,-1,68,69,70,-1,70,69,71,-1,70,71,72,-1,36,73,38,-1,38,73,74,-1,38,74,75,-1,75,74,76,-1,75,76,77,-1,77,76,78,-1,77,78,79,-1,79,78,80,-1,79,80,81,-1,81,80,82,-1,81,82,83,-1,83,82,84,-1,83,84,62,-1,62,84,85,-1,62,85,63,-1,86,87,88,-1,88,87,89,-1,88,89,33,-1,33,89,90,-1,33,90,31,-1,91,92,93,-1,93,92,94,-1,93,94,95,-1,95,94,96,-1,95,96,97,-1,97,96,98,-1,97,98,99,-1,99,98,100,-1,99,100,14,-1,14,100,101,-1,14,101,13,-1,10,102,11,-1,11,102,103,-1,11,103,104,-1,104,103,105,-1,104,105,106,-1,106,105,107,-1,106,107,108,-1,108,107,109,-1,108,109,110,-1,110,109,111,-1,110,111,112,-1,112,111,113,-1,112,113,114,-1,114,113,115,-1,114,115,116,-1,116,115,117,-1,116,117,118,-1,118,117,119,-1,118,119,19,-1,19,119,120,-1,19,120,23,-1,43,42,121,-1,121,42,122,-1,121,122,123,-1,123,122,124,-1,123,124,125,-1,125,124,126,-1,125,126,127,-1,127,126,128,-1,127,128,86,-1,86,128,129,-1,86,129,87,-1,2,130,0,-1,0,130,131,-1,0,131,132,-1,132,131,133,-1,132,133,134,-1,134,133,135,-1,134,135,91,-1,91,135,136,-1,91,136,92,-1,137,138,139,-1,71,140,72,-1,72,140,137,-1,72,137,141,-1,141,137,139,-1,142,143,137,-1,137,143,144,-1,137,144,138,-1,145,146,147,-1,146,148,147,-1,147,148,149,-1,147,149,150,-1,142,137,147,-1,147,137,151,-1,147,151,145,-1,152,38,153,-1,153,38,75,-1,153,75,154,-1,154,75,77,-1,154,77,155,-1,155,77,79,-1,155,79,156,-1,152,157,38,-1,38,157,158,-1,38,158,37,-1,37,158,159,-1,37,159,35,-1,35,159,160,-1,35,160,33,-1,33,160,161,-1,33,161,88,-1,88,161,162,-1,88,162,86,-1,86,162,127,-1,127,162,163,-1,163,164,127,-1,127,164,165,-1,127,165,125,-1,125,165,166,-1,125,166,123,-1,167,41,168,-1,168,41,43,-1,168,43,169,-1,169,43,121,-1,169,121,170,-1,170,121,123,-1,170,123,166,-1,41,167,171,-1,41,171,39,-1,39,171,172,-1,39,172,6,-1,6,172,173,-1,6,173,46,-1,46,173,174,-1,46,174,15,-1,15,174,175,-1,15,175,2,-1,2,175,176,-1,2,176,130,-1,130,176,177,-1,130,177,131,-1,131,177,178,-1,131,178,133,-1,136,135,179,-1,179,135,133,-1,179,133,178,-1,179,180,136,-1,136,180,181,-1,136,181,92,-1,92,181,182,-1,182,183,92,-1,92,183,184,-1,92,184,94,-1,94,184,185,-1,94,185,96,-1,96,185,186,-1,96,186,98,-1,98,186,187,-1,98,187,100,-1,100,187,188,-1,100,188,101,-1,101,188,189,-1,101,189,13,-1,13,189,190,-1,13,190,12,-1,12,190,191,-1,12,191,30,-1,191,192,30,-1,30,192,193,-1,30,193,29,-1,29,193,194,-1,29,194,59,-1,59,194,195,-1,59,195,57,-1,195,196,57,-1,57,196,197,-1,57,197,55,-1,55,197,198,-1,55,198,53,-1,199,20,5,-1,53,198,200,-1,53,200,51,-1,51,200,201,-1,51,201,21,-1,201,202,21,-1,21,202,203,-1,21,203,22,-1,22,203,204,-1,22,204,3,-1,3,204,205,-1,3,205,4,-1,4,205,206,-1,4,206,5,-1,5,206,207,-1,5,207,199,-1,18,20,208,-1,208,20,199,-1,16,18,209,-1,209,18,208,-1,17,16,210,-1,210,16,209,-1,19,17,211,-1,211,17,210,-1,19,211,212,-1,19,212,118,-1,118,212,213,-1,118,213,116,-1,116,213,214,-1,116,214,114,-1,114,214,215,-1,114,215,112,-1,112,215,216,-1,112,216,110,-1,110,216,217,-1,110,217,108,-1,108,217,218,-1,108,218,106,-1,106,218,219,-1,106,219,104,-1,104,219,220,-1,104,220,11,-1,11,220,221,-1,11,221,14,-1,14,221,222,-1,14,222,99,-1,99,222,223,-1,99,223,97,-1,97,223,224,-1,97,224,95,-1,95,224,225,-1,95,225,93,-1,225,226,93,-1,93,226,91,-1,226,227,91,-1,91,227,228,-1,91,228,134,-1,134,228,229,-1,134,229,132,-1,229,230,132,-1,132,230,231,-1,132,231,0,-1,0,231,232,-1,0,232,1,-1,1,232,233,-1,1,233,44,-1,44,233,234,-1,44,234,45,-1,45,234,235,-1,45,235,47,-1,47,235,236,-1,47,236,48,-1,48,236,237,-1,48,237,7,-1,7,237,238,-1,7,238,8,-1,8,238,239,-1,8,239,40,-1,40,239,240,-1,40,240,42,-1,42,240,241,-1,42,241,122,-1,122,241,242,-1,122,242,124,-1,243,31,244,-1,244,31,90,-1,244,90,245,-1,245,90,89,-1,245,89,246,-1,246,89,87,-1,246,87,247,-1,247,87,129,-1,247,129,248,-1,248,129,128,-1,248,128,249,-1,249,128,126,-1,249,126,250,-1,250,126,124,-1,250,124,242,-1,32,31,251,-1,251,31,243,-1,32,251,252,-1,32,252,34,-1,34,252,253,-1,34,253,36,-1,36,253,254,-1,36,254,73,-1,73,254,255,-1,73,255,74,-1,74,255,256,-1,74,256,76,-1,256,257,76,-1,76,257,258,-1,76,258,78,-1,78,258,259,-1,78,259,80,-1,80,259,260,-1,80,260,82,-1,82,260,261,-1,82,261,84,-1,84,261,262,-1,84,262,85,-1,85,262,263,-1,85,263,63,-1,63,263,264,-1,63,264,65,-1,65,264,265,-1,65,265,67,-1,67,265,266,-1,67,266,69,-1,71,69,267,-1,267,69,266,-1,71,267,268,-1,71,268,140,-1,140,268,269,-1,140,269,137,-1,137,269,270,-1,137,270,151,-1,151,270,271,-1,151,271,145,-1,145,271,272,-1,145,272,146,-1,146,272,273,-1,146,273,148,-1,148,273,274,-1,148,274,149,-1,149,274,275,-1,149,275,150,-1,150,275,276,-1,150,276,147,-1,147,276,277,-1,147,277,142,-1,142,277,278,-1,142,278,143,-1,143,278,279,-1,143,279,144,-1,144,279,280,-1,144,280,138,-1,138,280,281,-1,138,281,139,-1,139,281,282,-1,139,282,141,-1,141,282,283,-1,141,283,72,-1,72,283,284,-1,72,284,70,-1,68,70,285,-1,285,70,284,-1,68,285,286,-1,68,286,66,-1,66,286,287,-1,66,287,64,-1,64,287,288,-1,64,288,62,-1,62,288,289,-1,62,289,83,-1,83,289,290,-1,83,290,81,-1,81,290,156,-1,81,156,79,-1,113,291,292,-1,113,292,115,-1,115,292,293,-1,115,293,117,-1,117,293,294,-1,117,294,119,-1,119,294,295,-1,119,295,120,-1,120,295,296,-1,120,296,23,-1,23,296,297,-1,23,297,24,-1,24,297,298,-1,24,298,25,-1,25,298,299,-1,25,299,26,-1,26,299,300,-1,26,300,27,-1,27,300,301,-1,27,301,49,-1,49,301,302,-1,49,302,50,-1,50,302,303,-1,50,303,52,-1,52,303,304,-1,52,304,54,-1,54,304,305,-1,54,305,56,-1,56,305,306,-1,56,306,58,-1,58,306,307,-1,58,307,60,-1,60,307,308,-1,60,308,61,-1,61,308,309,-1,61,309,28,-1,28,309,310,-1,28,310,9,-1,9,310,311,-1,9,311,10,-1,10,311,312,-1,10,312,102,-1,102,312,313,-1,102,313,103,-1,103,313,314,-1,103,314,105,-1,105,314,315,-1,105,315,107,-1,107,315,316,-1,107,316,109,-1,109,316,317,-1,109,317,111,-1,111,317,291,-1,111,291,113,-1,
        ]
    }
}
Shape{
    appearance Appearance {
        material  Material 	{
            diffuseColor 1.0 0.9686274509803922 0.9058823529411765
            specularColor 0.5019607843137255 0.48627450980392156 0.45098039215686275
            ambientIntensity 0.2
            transparency 0
            shininess 0.5
        }
    }
    geometry IndexedFaceSet {
        ccw TRUE
        solid FALSE
        coord DEF co Coordinate {
            point [
                0.9843 -0.0207 0.169, 0.9843 -0.0272 0.1869, 0.9843 -0.0282 0.1858, 0.9843 -0.0176 0.1693, 0.9843 -0.0154 0.1702, 0.9843 -0.0183 0.1894, 0.9843 -0.0202 0.1896, 0.9843 -0.0228 0.1892, 0.9843 -0.0251 0.1883, 0.9843 -0.03 0.176, 0.9843 -0.0289 0.1738, 0.9843 -0.0274 0.172, 0.9843 -0.0202 0.169, 0.9843 -0.0107 0.1832, 0.9843 -0.0119 0.1854, 0.9843 -0.0118 0.1734, 0.9843 -0.0137 0.1872, 0.9843 -0.0296 0.1836, 0.9843 -0.0304 0.1811, 0.9843 -0.0305 0.1785, 0.9843 -0.0254 0.1704, 0.9843 -0.023 0.1694, 0.9843 -0.0133 0.1717, 0.9843 -0.0159 0.1886, 0.9843 -0.0106 0.1757, 0.9843 -0.01 0.1783, 0.9843 -0.0101 0.1808, 0.9843 -0.0101 0.1808
            ]
        }
        coordIndex [
            0,1,2,-1,3,4,5,-1,6,7,0,-1,0,7,8,-1,0,8,1,-1,9,10,2,-1,2,10,11,-1,6,0,5,-1,5,0,12,-1,5,12,3,-1,13,14,15,-1,15,14,16,-1,17,18,2,-1,2,18,19,-1,2,19,9,-1,11,20,2,-1,2,20,21,-1,2,21,0,-1,4,22,5,-1,5,22,15,-1,5,15,23,-1,23,15,16,-1,24,25,15,-1,15,25,26,-1,15,26,13,-1,
        ]
    }
}