#VRML V2.0 utf8
# 3D model generated by easyeda2kicad.py (https://github.com/uPesy/easyeda2kicad.py)

Shape{
    appearance Appearance {
        material  Material 	{
            diffuseColor 0.25098039215686274 0.25098039215686274 0.25098039215686274
            specularColor 0.12549019607843137 0.12549019607843137 0.12549019607843137
            ambientIntensity 0.2
            transparency 0
            shininess 0.5
        }
    }
    geometry IndexedFaceSet {
        ccw TRUE
        solid FALSE
        coord DEF co Coordinate {
            point [
                0.5 -0.0937 0.8624, 0.5 -0.0937 0.7678, 0.5 -0.0511 0.7678, 0.5 0.222 0.7234, 0.5 0.2557 0.7234, 0.5 0.2557 0.7547, 0.5 0.6407 0.1969, 0.5 0.8268 0.1969, 0.5 0.8268 0.5431, 0.5 -0.0404 0.7786, 0.5 -0.042 0.7828, 0.5 -0.042 0.7547, 0.5 -0.2437 0.7792, 0.5 -0.2231 0.7618, 0.5 -0.1512 0.8633, 0.5 -0.1512 0.7547, 0.5 -0.3432 0.8735, 0.5 -0.3282 0.8633, 0.5 -0.311 0.8516, 0.5 -0.2858 0.8224, 0.5 -0.27 0.7916, 0.5 -0.2663 0.7904, 0.5 -0.4862 0.8732, 0.5 -0.4512 0.8866, 0.5 -0.8268 1.0, 0.5 -0.4142 0.891, 0.5 -0.1512 1.0, 0.5 -0.3811 0.8874, 0.5 -0.5023 0.8633, 0.5 -0.8268 0.8633, 0.5 -0.5053 0.8614, 0.5 -0.8268 0.7547, 0.5 -0.6684 0.7547, 0.5 -0.6617 0.7697, 0.5 -0.6435 0.7931, 0.5 -0.5861 0.8259, 0.5 -0.5562 0.8296, 0.5 -0.5232 0.8462, 0.5 -0.5475 0.8291, 0.5 -0.5387 0.828, 0.5 -0.6384 0.798, 0.5 -0.6142 0.815, 0.5 -0.6236 0.6037, 0.5 -0.6473 0.6239, 0.5 -0.8268 0.5854, 0.5 -0.5962 0.5903, 0.5 -0.6646 0.6486, 0.5 -0.6755 0.6769, 0.5 -0.8268 0.7234, 0.5 -0.6792 0.7066, 0.5 -0.6789 0.7139, 0.5 -0.6772 0.7234, 0.5 -0.6738 0.7424, 0.5 -0.5865 0.5874, 0.5 -0.5856 0.5854, 0.5 -0.5789 0.5711, 0.5 -0.8268 0.5431, 0.5 -0.5676 0.5572, 0.5 -0.5528 0.546, 0.5 -0.1512 0.1969, 0.5 -0.1512 0.5431, 0.5 -0.483 0.5431, 0.5 -0.8268 0.1969, 0.5 -0.5353 0.5387, 0.5 -0.5458 0.5431, 0.5 -0.496 0.5381, 0.5 -0.5144 0.5358, 0.5 -0.5173 0.5359, 0.5 -0.1512 0.5854, 0.5 -0.4433 0.5854, 0.5 -0.4434 0.585, 0.5 -0.4524 0.5681, 0.5 -0.464 0.5551, 0.5 -0.4791 0.5446, 0.5 -0.1984 0.717, 0.5 -0.1949 0.6922, 0.5 -0.1512 0.7234, 0.5 -0.3464 0.6302, 0.5 -0.3412 0.6322, 0.5 -0.3323 0.6755, 0.5 -0.223 0.6201, 0.5 -0.2436 0.6026, 0.5 -0.4575 0.6626, 0.5 -0.3558 0.7157, 0.5 -0.4708 0.6747, 0.5 -0.4869 0.6833, 0.5 -0.3511 0.6269, 0.5 -0.2079 0.6411, 0.5 -0.2423 0.6981, 0.5 -0.2459 0.7127, 0.5 -0.2517 0.7234, 0.5 -0.6294 0.7234, 0.5 -0.1984 0.6651, 0.5 -0.3353 0.633, 0.5 -0.3346 0.6329, 0.5 -0.3323 0.6324, 0.5 -0.625 0.6778, 0.5 -0.6159 0.6625, 0.5 -0.5774 0.6546, 0.5 -0.6023 0.6485, 0.5 -0.5858 0.6383, 0.5 -0.5493 0.6797, 0.5 -0.5649 0.6689, 0.5 -0.6313 0.7081, 0.5 -0.6304 0.6964, 0.5 -0.5326 0.6861, 0.5 -0.5144 0.6884, 0.5 -0.5052 0.6878, 0.5 -0.3588 0.6094, 0.5 -0.3586 0.6124, 0.5 -0.4385 0.6193, 0.5 -0.3571 0.6182, 0.5 -0.3542 0.6234, 0.5 -0.2574 0.6513, 0.5 -0.249 0.6631, 0.5 -0.2438 0.6766, 0.5 -0.2419 0.6914, 0.5 -0.3411 0.5866, 0.5 -0.3461 0.5886, 0.5 -0.351 0.5921, 0.5 -0.3528 0.5939, 0.5 -0.3561 0.5986, 0.5 -0.3581 0.6038, 0.5 -0.439 0.6038, 0.5 -0.4385 0.6117, 0.5 -0.2668 0.5913, 0.5 -0.292 0.5859, 0.5 -0.3368 0.5859, 0.5 -0.3307 0.6322, 0.5 -0.2966 0.6322, 0.5 -0.2829 0.6348, 0.5 -0.2695 0.6411, 0.5 -0.2583 0.6502, 0.5 -0.3072 0.7506, 0.5 -0.6226 0.7434, 0.5 -0.6291 0.7265, 0.5 -0.3011 0.7506, 0.5 -0.253 0.7258, 0.5 -0.2617 0.7355, 0.5 -0.2734 0.7437, 0.5 -0.2867 0.7488, 0.5 -0.3236 0.7963, 0.5 -0.3407 0.8167, 0.5 -0.5152 0.7726, 0.5 -0.3426 0.8184, 0.5 -0.3639 0.8332, 0.5 -0.5036 0.7967, 0.5 -0.6147 0.7547, 0.5 -0.5205 0.7756, 0.5 -0.3081 0.7547, 0.5 -0.3119 0.7718, 0.5 -0.5376 0.7818, 0.5 -0.5554 0.784, 0.5 -0.5634 0.7836, 0.5 -0.4866 0.817, 0.5 -0.3877 0.8423, 0.5 -0.4662 0.8319, 0.5 -0.4135 0.8455, 0.5 -0.4414 0.8419, 0.5 -0.5821 0.7792, 0.5 -0.599 0.7702, 0.5 -0.612 0.7586, 0.5 -0.2181 0.7547, 0.5 -0.2076 0.7402, 0.5 -0.2009 0.7234, 0.5 0.2432 0.693, 0.5 0.222 0.693, 0.5 0.1882 0.693, 0.5 0.202 0.6344, 0.5 0.202 0.5985, 0.5 0.222 0.6344, 0.5 0.222 0.5985, 0.5 0.2402 0.6344, 0.5 0.2456 0.5985, 0.5 0.2402 0.6466, 0.5 0.2432 0.6808, 0.5 0.222 0.6466, 0.5 0.222 0.6808, 0.5 0.202 0.6466, 0.5 0.202 0.6808, 0.5 0.1599 0.6625, 0.5 0.1738 0.6625, 0.5 0.122 0.7234, 0.5 0.122 0.644, 0.5 0.1355 0.6052, 0.5 0.1391 0.6051, 0.5 0.2557 0.5854, 0.5 0.2456 0.5863, 0.5 0.222 0.5854, 0.5 0.222 0.5863, 0.5 0.1882 0.5863, 0.5 0.1371 0.5989, 0.5 0.1375 0.5989, 0.5 0.1381 0.6016, 0.5 0.0422 0.6028, 0.5 0.0286 0.7234, 0.5 0.0286 0.5854, 0.5 0.0469 0.5998, 0.5 0.0483 0.5992, 0.5 0.0483 0.6275, 0.5 0.046 0.6299, 0.5 0.0443 0.6327, 0.5 0.0428 0.6368, 0.5 0.0422 0.642, 0.5 0.0428 0.6467, 0.5 0.0482 0.6276, 0.5 0.0547 0.5854, 0.5 0.051 0.5858, 0.5 0.0483 0.5854, 0.5 0.0483 0.5867, 0.5 0.0422 0.589, 0.5 0.0628 0.5845, 0.5 0.0483 0.5431, 0.5 0.0715 0.5854, 0.5 0.0971 0.5431, 0.5 0.0892 0.6196, 0.5 0.0917 0.6159, 0.5 0.09 0.6479, 0.5 0.0508 0.6582, 0.5 0.0546 0.6605, 0.5 0.0483 0.7234, 0.5 0.0971 0.5854, 0.5 0.0914 0.5974, 0.5 0.0889 0.5939, 0.5 0.0444 0.651, 0.5 0.0468 0.6547, 0.5 0.0483 0.656, 0.5 0.0931 0.612, 0.5 0.0937 0.607, 0.5 0.093 0.6016, 0.5 0.0619 0.6632, 0.5 0.0719 0.6643, 0.5 0.0971 0.7234, 0.5 0.09 0.6609, 0.5 0.0806 0.6636, 0.5 0.0851 0.5905, 0.5 0.081 0.5881, 0.5 0.0737 0.5856, 0.5 0.0706 0.6534, 0.5 0.0667 0.6531, 0.5 0.056 0.6432, 0.5 0.0631 0.6522, 0.5 0.0601 0.6506, 0.5 0.0561 0.6414, 0.5 0.0567 0.6393, 0.5 0.0576 0.6375, 0.5 0.0589 0.6361, 0.5 0.0637 0.6331, 0.5 0.0798 0.6523, 0.5 0.0719 0.6295, 0.5 0.0874 0.6494, 0.5 0.0771 0.6274, 0.5 0.086 0.6225, 0.5 0.0581 0.6488, 0.5 0.0569 0.6471, 0.5 0.0563 0.6453, 0.5 0.0553 0.5965, 0.5 0.0625 0.6198, 0.5 0.0545 0.6234, 0.5 0.0642 0.5954, 0.5 0.0647 0.5954, 0.5 0.0713 0.6161, 0.5 0.0716 0.5962, 0.5 0.0799 0.6057, 0.5 0.0798 0.6074, 0.5 0.0751 0.5974, 0.5 0.0763 0.5982, 0.5 0.0778 0.5995, 0.5 0.079 0.6013, 0.5 0.0797 0.6032, 0.5 0.0792 0.6095, 0.5 0.0782 0.6112, 0.5 0.0765 0.613, 0.5 0.3557 0.7547, 0.5 0.321 0.7556, 0.5 0.3058 0.7556, 0.5 0.2803 0.8624, 0.5 0.3557 0.8633, 0.5 0.2557 0.8633, 0.5 0.2402 0.7556, 0.5 0.225 0.7556, 0.5 0.222 0.7547, 0.5 0.2557 0.7848, 0.5 0.2504 0.7848, 0.5 0.222 0.8633, 0.5 0.2557 0.8364, 0.5 0.2656 0.8624, 0.5 0.0971 0.8633, 0.5 0.1095 0.8624, 0.5 0.122 0.8633, 0.5 0.1095 0.8501, 0.5 0.1065 0.816, 0.5 0.1065 0.8037, 0.5 0.122 0.7547, 0.5 0.0683 0.8501, 0.5 0.0683 0.816, 0.5 0.0971 0.8501, 0.5 0.0971 0.816, 0.5 0.0545 0.7556, 0.5 0.0483 0.7547, 0.5 0.0971 0.7547, 0.5 0.0683 0.8037, 0.5 0.0683 0.7678, 0.5 0.0971 0.8037, 0.5 0.0971 0.7678, 0.5 0.1119 0.7678, 0.5 0.1119 0.7556, 0.5 0.0971 0.7556, 0.5 0.0483 0.8633, 0.5 0.0545 0.8624, 0.5 0.0971 0.8624, 0.5 0.0286 0.8474, 0.5 0.0056 0.7661, 0.5 0.0121 0.7664, 0.5 0.024 0.769, 0.5 0.0286 0.7711, 0.5 0.032 0.8461, 0.5 0.0332 0.7733, 0.5 0.0332 0.8454, 0.5 0.008 0.8518, 0.5 0.0037 0.8516, 0.5 -0.0211 0.8399, 0.5 -0.0056 0.8498, 0.5 -0.014 0.8458, 0.5 -0.0219 0.8391, 0.5 -0.027 0.8316, 0.5 -0.0306 0.8224, 0.5 -0.0323 0.8078, 0.5 -0.0322 0.8038, 0.5 -0.0305 0.7932, 0.5 -0.0193 0.7749, 0.5 -0.0121 0.77, 0.5 -0.0044 0.7672, 0.5 0.0211 0.8502, 0.5 -0.027 0.7846, 0.5 -0.0218 0.7774, 0.5 0.0193 0.8633, 0.5 0.0218 0.8631, 0.5 0.0286 0.8633, 0.5 0.0286 0.8612, 0.5 0.0332 0.8598, 0.5 0.0079 0.8642, 0.5 0.0286 1.0, 0.5 0.0004 0.8633, 0.5 -0.042 1.0, 0.5 -0.0187 0.858, 0.5 -0.0075 0.8624, 0.5 -0.042 0.8633, 0.5 -0.0381 0.84, 0.5 -0.0314 0.8485, 0.5 -0.029 0.8508, 0.5 -0.0484 0.8633, 0.5 -0.0436 0.8285, 0.5 -0.042 0.8318, 0.5 -0.0447 0.7898, 0.5 -0.0484 0.7547, 0.5 -0.0468 0.807, 0.5 -0.0464 0.815, 0.5 -0.0155 0.7569, 0.5 -0.0254 0.7619, 0.5 -0.0331 0.7684, 0.5 -0.034 0.7695, 0.5 -0.0061 0.7547, 0.5 -0.042 0.7234, 0.5 -0.0041 0.7543, 0.5 0.0036 0.7538, 0.5 0.013 0.7547, 0.5 0.0332 0.7601, 0.5 0.0313 0.7592, 0.5 0.0286 0.7547, 0.5 0.0286 0.7583, 0.5 0.0199 0.7554, 0.5 -0.0319 0.6225, 0.5 -0.0298 0.6442, 0.5 -0.0346 0.6187, 0.5 -0.0364 0.6139, 0.5 -0.0279 0.6261, 0.5 -0.0222 0.629, 0.5 -0.0213 0.6496, 0.5 -0.0119 0.6316, 0.5 -0.0002 0.6529, 0.5 -0.0048 0.6534, 0.5 -0.0129 0.6525, 0.5 -0.0262 0.5873, 0.5 -0.0307 0.5905, 0.5 -0.042 0.5854, 0.5 -0.0322 0.592, 0.5 -0.035 0.5961, 0.5 0.0042 0.6636, 0.5 0.0099 0.6619, 0.5 0.0144 0.6594, 0.5 0.018 0.6561, 0.5 0.0208 0.6518, 0.5 0.0107 0.5981, 0.5 0.0103 0.5981, 0.5 0.0107 0.5863, 0.5 0.0082 0.5949, 0.5 0.004 0.5903, 0.5 -0.0366 0.6006, 0.5 -0.0372 0.6067, 0.5 -0.0298 0.6572, 0.5 0.0229 0.6459, 0.5 0.024 0.6353, 0.5 0.024 0.5863, 0.5 -0.0269 0.6588, 0.5 -0.017 0.6627, 0.5 -0.0035 0.6643, 0.5 0.0107 0.6347, 0.5 0.0102 0.6407, 0.5 0.0088 0.6454, 0.5 0.0072 0.6482, 0.5 0.0052 0.6503, 0.5 0.0029 0.6519, 0.5 -0.0058 0.5854, 0.5 -0.0061 0.5852, 0.5 0.0286 0.5431, 0.5 -0.042 0.5431, 0.5 -0.013 0.5845, 0.5 -0.0208 0.5854, 0.5 -0.021 0.5854, 0.5 0.1156 0.6625, 0.5 0.1006 0.6625, 0.5 0.1301 0.5854, 0.5 0.1305 0.5864, 0.5 0.122 0.6081, 0.5 0.1247 0.5726, 0.5 0.122 0.5854, 0.5 0.122 0.5678, 0.5 0.122 0.5678, 0.5 0.1034 0.5634, 0.5 0.1034 0.5515, 0.5 0.1061 0.5625, 0.5 0.111 0.5618, 0.5 0.1142 0.5622, 0.5 0.122 0.5528, 0.5 0.1174 0.551, 0.5 0.122 0.5431, 0.5 0.112 0.5504, 0.5 0.109 0.5505, 0.5 0.1171 0.5633, 0.5 0.1196 0.565, 0.5 0.1392 0.5748, 0.5 0.1332 0.563, 0.5 0.222 0.5431, 0.5 0.1434 0.5854, 0.5 0.1283 0.5571, 0.5 0.1273 0.5563, 0.5 0.1227 0.553, 0.5 0.6407 0.5431, 0.5 0.3557 0.1969, 0.5 0.3557 0.5431, 0.5 0.2557 0.1969, 0.5 0.2557 0.5431, 0.5 0.222 0.1969, 0.5 0.122 0.1969, 0.5 0.0971 0.1969, 0.5 0.0483 0.1969, 0.5 0.0286 0.1969, 0.5 -0.042 0.1969, 0.5 -0.0007 0.5872, 0.5 -0.1074 0.693, 0.5 -0.1074 0.5863, 0.5 -0.0484 0.5854, 0.5 -0.0484 0.5431, 0.5 -0.0484 0.1969, 0.5 -0.0525 0.693, 0.5 -0.0484 0.7234, 0.5 -0.0525 0.6808, 0.5 -0.05 0.5985, 0.5 -0.05 0.5863, 0.5 -0.0937 0.6344, 0.5 -0.0937 0.5985, 0.5 -0.0555 0.6344, 0.5 -0.0555 0.6466, 0.5 -0.0937 0.6466, 0.5 -0.0937 0.6808, 0.5 0.3126 0.6912, 0.5 0.3254 0.6865, 0.5 0.3557 0.7234, 0.5 0.347 0.6658, 0.5 0.351 0.6556, 0.5 0.3527 0.641, 0.5 0.3557 0.5854, 0.5 0.3522 0.6323, 0.5 0.3493 0.6201, 0.5 0.3436 0.6093, 0.5 0.3366 0.6012, 0.5 0.3254 0.5932, 0.5 0.3132 0.5885, 0.5 0.2952 0.5863, 0.5 0.2658 0.5863, 0.5 0.2658 0.693, 0.5 0.2963 0.693, 0.5 0.3366 0.6789, 0.5 0.3404 0.6752, 0.5 0.3739 0.5863, 0.5 0.3586 0.5863, 0.5 0.4395 0.5863, 0.5 0.4286 0.6155, 0.5 0.3841 0.6155, 0.5 0.3993 0.693, 0.5 0.414 0.693, 0.5 0.6407 0.5854, 0.5 0.2949 0.7848, 0.5 -0.1074 0.7556, 0.5 -0.1074 0.8624, 0.5 -0.0511 0.7556, 0.5 0.1615 0.7556, 0.5 0.1321 0.7556, 0.5 0.2156 0.7895, 0.5 0.2099 0.7786, 0.5 0.1321 0.8624, 0.5 0.1626 0.8624, 0.5 0.1789 0.8606, 0.5 0.1918 0.8559, 0.5 0.2133 0.8352, 0.5 0.2173 0.825, 0.5 0.219 0.8104, 0.5 0.2185 0.8017, 0.5 0.2029 0.7706, 0.5 0.1917 0.7626, 0.5 0.1795 0.7578, 0.5 0.2029 0.8483, 0.5 0.2067 0.8445, 0.5 0.4547 0.5863, 0.5 0.6407 0.7234, 0.5 0.6407 0.7547, 0.5 0.6407 0.8633, 0.5 0.8268 0.5854, 0.5 0.8268 0.7234, 0.5 0.8268 0.7547, 0.5 0.8268 0.8633, 0.5 -0.0484 1.0, 0.5 0.8268 1.0, 0.5 0.6407 1.0, 0.5 0.3557 1.0, 0.5 0.2557 1.0, 0.5 0.222 1.0, 0.5 0.122 1.0, 0.5 0.0971 1.0, 0.5 0.0483 1.0, 0.5 0.0483 1.0
            ]
        }
        coordIndex [
            0,1,2,-1,3,4,5,-1,6,7,8,-1,9,10,11,-1,12,13,14,-1,14,13,15,-1,16,17,14,-1,14,17,18,-1,14,18,19,-1,19,20,14,-1,14,20,21,-1,14,21,12,-1,22,23,24,-1,24,23,25,-1,24,25,26,-1,26,25,27,-1,22,24,28,-1,28,24,29,-1,28,29,30,-1,31,32,29,-1,29,32,33,-1,29,33,34,-1,29,35,30,-1,30,35,36,-1,30,36,37,-1,37,36,38,-1,37,38,39,-1,34,40,29,-1,29,40,41,-1,29,41,35,-1,42,43,44,-1,42,44,45,-1,43,46,44,-1,44,46,47,-1,44,47,48,-1,48,47,49,-1,49,50,48,-1,48,50,51,-1,48,51,31,-1,31,51,52,-1,31,52,32,-1,53,45,54,-1,54,45,44,-1,54,44,55,-1,55,44,56,-1,55,56,57,-1,57,56,58,-1,59,60,61,-1,62,63,56,-1,56,63,64,-1,56,64,58,-1,61,65,59,-1,59,65,66,-1,59,66,62,-1,62,66,67,-1,62,67,63,-1,68,69,60,-1,60,69,70,-1,60,70,71,-1,71,72,60,-1,60,72,73,-1,60,73,61,-1,74,75,76,-1,77,78,79,-1,80,81,68,-1,82,83,84,-1,84,83,85,-1,77,79,86,-1,80,68,87,-1,88,89,83,-1,83,89,90,-1,83,90,91,-1,76,75,68,-1,68,75,92,-1,68,92,87,-1,78,93,79,-1,79,93,94,-1,79,94,95,-1,96,97,98,-1,98,97,99,-1,98,99,100,-1,101,91,102,-1,102,91,103,-1,102,103,98,-1,98,103,104,-1,98,104,96,-1,101,105,91,-1,91,105,106,-1,91,106,83,-1,83,106,107,-1,83,107,85,-1,108,109,110,-1,110,109,111,-1,110,111,79,-1,79,111,112,-1,79,112,86,-1,113,114,79,-1,79,114,115,-1,79,115,83,-1,83,115,116,-1,83,116,88,-1,117,118,69,-1,69,118,119,-1,69,119,120,-1,120,121,69,-1,69,121,122,-1,69,122,123,-1,123,122,108,-1,123,108,124,-1,124,108,110,-1,81,125,68,-1,68,125,126,-1,68,126,69,-1,69,126,127,-1,69,127,117,-1,95,128,79,-1,79,128,129,-1,79,129,130,-1,130,131,79,-1,79,131,132,-1,79,132,113,-1,133,134,135,-1,135,91,133,-1,133,91,90,-1,133,90,136,-1,136,90,137,-1,137,138,136,-1,136,138,139,-1,136,139,140,-1,141,142,143,-1,142,144,143,-1,143,144,145,-1,143,145,146,-1,147,143,148,-1,134,133,147,-1,147,133,149,-1,147,149,143,-1,143,149,150,-1,143,150,141,-1,148,151,147,-1,147,151,152,-1,147,152,153,-1,146,145,154,-1,154,145,155,-1,154,155,156,-1,156,155,157,-1,156,157,158,-1,159,160,153,-1,153,160,161,-1,153,161,147,-1,13,162,15,-1,15,162,163,-1,15,163,76,-1,76,163,164,-1,76,164,74,-1,165,4,166,-1,166,4,3,-1,166,3,167,-1,168,169,170,-1,170,169,171,-1,170,171,172,-1,172,171,173,-1,172,173,174,-1,174,173,175,-1,174,175,176,-1,176,175,177,-1,176,177,178,-1,178,177,179,-1,180,181,182,-1,183,184,185,-1,165,175,4,-1,4,175,173,-1,4,173,186,-1,186,173,187,-1,186,187,188,-1,188,187,189,-1,188,189,190,-1,191,192,184,-1,184,192,193,-1,184,193,185,-1,194,195,196,-1,197,198,199,-1,200,201,194,-1,201,202,194,-1,194,202,203,-1,194,203,195,-1,195,203,204,-1,197,199,194,-1,194,199,205,-1,194,205,200,-1,206,207,208,-1,208,207,209,-1,208,209,196,-1,196,209,210,-1,196,210,194,-1,211,212,213,-1,213,212,214,-1,215,216,217,-1,218,219,220,-1,221,222,223,-1,204,224,195,-1,195,224,225,-1,195,225,220,-1,220,225,226,-1,220,226,218,-1,227,228,221,-1,221,228,229,-1,221,229,222,-1,219,230,220,-1,220,230,231,-1,220,231,232,-1,216,227,217,-1,217,227,221,-1,217,221,233,-1,233,221,232,-1,233,232,234,-1,234,232,231,-1,223,235,221,-1,221,235,236,-1,221,236,237,-1,238,239,240,-1,240,239,241,-1,240,241,242,-1,240,243,238,-1,238,243,244,-1,238,244,245,-1,245,246,238,-1,238,246,247,-1,238,247,248,-1,248,247,249,-1,248,249,250,-1,250,249,251,-1,250,251,217,-1,217,251,252,-1,217,252,215,-1,253,254,242,-1,242,254,255,-1,242,255,240,-1,256,257,198,-1,198,257,258,-1,198,258,199,-1,256,259,257,-1,257,259,260,-1,257,260,261,-1,261,260,262,-1,261,263,264,-1,262,265,261,-1,261,265,266,-1,261,266,267,-1,267,268,261,-1,261,268,269,-1,261,269,263,-1,264,270,261,-1,261,270,271,-1,261,271,272,-1,273,274,275,-1,274,273,276,-1,276,273,277,-1,276,277,278,-1,279,280,281,-1,5,282,283,-1,281,280,284,-1,284,280,285,-1,284,285,278,-1,278,285,286,-1,278,286,276,-1,287,288,289,-1,289,288,290,-1,291,292,293,-1,294,295,296,-1,296,295,297,-1,296,297,290,-1,298,299,300,-1,301,302,303,-1,303,302,304,-1,303,304,292,-1,292,304,305,-1,292,305,293,-1,293,305,306,-1,293,306,300,-1,300,306,307,-1,300,307,298,-1,308,309,287,-1,287,309,310,-1,287,310,288,-1,311,312,313,-1,313,314,311,-1,311,314,315,-1,311,315,316,-1,316,315,317,-1,316,317,318,-1,318,317,299,-1,318,299,308,-1,308,299,298,-1,308,298,309,-1,319,320,321,-1,321,320,322,-1,321,322,323,-1,324,325,311,-1,311,325,326,-1,326,327,311,-1,311,327,328,-1,311,328,329,-1,330,331,311,-1,311,331,332,-1,311,332,312,-1,324,311,321,-1,321,311,333,-1,321,333,319,-1,329,334,311,-1,311,334,335,-1,311,335,330,-1,336,337,338,-1,338,337,339,-1,338,339,308,-1,308,339,340,-1,308,340,318,-1,341,342,343,-1,343,342,344,-1,345,346,347,-1,348,349,347,-1,347,349,350,-1,347,350,345,-1,351,352,347,-1,347,352,353,-1,347,353,348,-1,10,354,355,-1,355,354,356,-1,355,356,351,-1,351,356,357,-1,351,357,352,-1,358,359,11,-1,359,360,11,-1,11,360,361,-1,11,361,9,-1,358,11,362,-1,362,11,363,-1,362,363,364,-1,364,363,365,-1,365,363,195,-1,365,195,366,-1,317,367,299,-1,299,367,368,-1,299,368,369,-1,369,368,370,-1,369,370,371,-1,372,373,374,-1,374,373,375,-1,372,376,373,-1,373,376,377,-1,373,377,378,-1,378,377,379,-1,380,381,379,-1,379,381,382,-1,379,382,378,-1,383,384,385,-1,385,384,386,-1,385,386,387,-1,388,389,195,-1,389,390,195,-1,195,390,391,-1,195,391,392,-1,393,394,395,-1,395,394,396,-1,395,396,397,-1,387,398,385,-1,385,398,399,-1,385,399,363,-1,363,399,375,-1,363,375,400,-1,400,375,373,-1,392,401,195,-1,195,401,402,-1,195,402,196,-1,196,402,403,-1,196,403,395,-1,400,404,363,-1,363,404,405,-1,363,405,195,-1,195,405,406,-1,195,406,388,-1,407,408,379,-1,379,408,409,-1,379,409,410,-1,410,411,379,-1,379,411,412,-1,379,412,380,-1,413,414,415,-1,415,414,416,-1,414,417,416,-1,416,417,418,-1,416,418,385,-1,385,418,419,-1,385,419,383,-1,185,180,183,-1,183,180,182,-1,183,182,420,-1,420,182,421,-1,422,423,424,-1,425,426,427,-1,427,426,428,-1,426,221,429,-1,237,213,221,-1,221,213,214,-1,221,214,429,-1,429,214,430,-1,429,431,426,-1,426,431,432,-1,426,432,433,-1,434,435,436,-1,436,435,437,-1,436,437,214,-1,214,437,438,-1,214,438,430,-1,433,439,426,-1,426,439,440,-1,426,440,428,-1,441,442,443,-1,441,443,444,-1,442,445,443,-1,443,445,446,-1,443,446,436,-1,436,446,447,-1,436,447,434,-1,6,448,449,-1,449,448,450,-1,449,450,451,-1,451,450,452,-1,451,452,453,-1,453,452,443,-1,453,443,454,-1,454,443,436,-1,454,436,455,-1,455,436,214,-1,455,214,456,-1,456,214,212,-1,456,212,457,-1,457,212,415,-1,457,415,458,-1,458,415,416,-1,211,206,212,-1,212,206,208,-1,212,208,415,-1,415,208,196,-1,415,196,413,-1,413,196,395,-1,413,395,459,-1,459,395,397,-1,460,76,461,-1,461,76,68,-1,461,68,462,-1,462,68,60,-1,462,60,463,-1,463,60,59,-1,463,59,464,-1,460,465,466,-1,465,467,466,-1,466,467,468,-1,466,468,462,-1,462,468,469,-1,462,469,461,-1,470,471,472,-1,472,471,468,-1,472,468,473,-1,473,468,467,-1,473,467,474,-1,474,467,475,-1,476,477,478,-1,479,480,478,-1,478,480,481,-1,478,481,482,-1,482,481,483,-1,482,483,484,-1,484,485,482,-1,482,485,486,-1,482,486,487,-1,487,488,482,-1,482,488,489,-1,482,489,186,-1,186,489,490,-1,186,490,4,-1,4,490,491,-1,4,491,492,-1,477,493,478,-1,478,493,494,-1,478,494,479,-1,495,496,482,-1,497,498,499,-1,482,496,478,-1,478,496,500,-1,478,500,501,-1,10,355,11,-1,11,355,466,-1,11,466,363,-1,363,466,462,-1,363,462,385,-1,385,462,463,-1,385,463,416,-1,416,463,464,-1,416,464,458,-1,371,366,369,-1,369,366,195,-1,369,195,299,-1,299,195,220,-1,299,220,300,-1,300,220,232,-1,300,232,293,-1,448,502,450,-1,450,502,482,-1,450,482,452,-1,452,482,186,-1,452,186,443,-1,443,186,188,-1,443,188,444,-1,444,188,190,-1,444,190,181,-1,181,190,167,-1,181,167,182,-1,182,167,3,-1,182,3,281,-1,281,3,5,-1,281,5,279,-1,279,5,283,-1,503,282,275,-1,275,282,5,-1,275,5,273,-1,273,5,4,-1,273,4,478,-1,478,4,492,-1,478,492,476,-1,460,466,76,-1,76,466,355,-1,76,355,15,-1,15,355,504,-1,15,504,14,-1,504,505,14,-1,14,505,0,-1,14,0,351,-1,351,0,2,-1,351,2,355,-1,355,2,506,-1,355,506,504,-1,507,508,293,-1,297,291,290,-1,290,291,293,-1,290,293,289,-1,289,293,508,-1,281,509,510,-1,508,511,289,-1,289,511,512,-1,289,512,284,-1,284,512,513,-1,284,513,514,-1,515,516,284,-1,284,516,517,-1,284,517,281,-1,281,517,518,-1,281,518,509,-1,510,519,281,-1,281,519,520,-1,281,520,521,-1,521,507,281,-1,281,507,293,-1,281,293,182,-1,182,293,232,-1,182,232,421,-1,421,232,221,-1,421,221,424,-1,424,221,426,-1,424,426,422,-1,422,426,425,-1,514,522,284,-1,284,522,523,-1,284,523,515,-1,499,495,497,-1,497,495,482,-1,497,482,524,-1,524,482,502,-1,524,502,501,-1,501,502,525,-1,501,525,478,-1,478,525,526,-1,478,526,273,-1,273,526,527,-1,273,527,277,-1,6,8,448,-1,448,8,528,-1,448,528,502,-1,502,528,529,-1,502,529,525,-1,525,529,530,-1,525,530,526,-1,526,530,531,-1,526,531,527,-1,346,343,347,-1,347,343,344,-1,347,344,351,-1,351,344,532,-1,351,532,14,-1,14,532,26,-1,14,26,16,-1,16,26,27,-1,531,533,527,-1,527,533,534,-1,527,534,277,-1,277,534,535,-1,277,535,278,-1,278,535,536,-1,278,536,284,-1,284,536,537,-1,284,537,289,-1,289,537,538,-1,289,538,287,-1,287,538,539,-1,287,539,308,-1,308,539,540,-1,308,540,338,-1,338,540,342,-1,338,342,336,-1,336,342,341,-1,
        ]
    }
}
Shape{
    appearance Appearance {
        material  Material 	{
            diffuseColor 0.9686274509803922 0.8784313725490196 0.6
            specularColor 0.6784313725490196 0.615686274509804 0.4196078431372549
            ambientIntensity 0.2
            transparency 0
            shininess 0.5
        }
    }
    geometry IndexedFaceSet {
        ccw TRUE
        solid FALSE
        coord DEF co Coordinate {
            point [
                -0.874 0.626 -0.8268, -0.874 0.626 0.1969, -0.874 0.374 -0.8268, -0.874 0.374 0.1969, -1.126 0.374 -0.8268, -1.126 0.374 0.1969, -1.126 0.626 -0.8268, -1.126 0.626 0.1969, -2.874 -0.374 -0.8268, -2.874 -0.374 0.1969, -2.874 -0.626 -0.8268, -2.874 -0.626 0.1969, -3.126 -0.626 -0.8268, -3.126 -0.626 0.1969, -3.126 -0.374 -0.8268, -3.126 -0.374 0.1969, -3.126 -0.374 0.1969
            ]
        }
        coordIndex [
            0,1,2,-1,2,1,3,-1,4,5,6,-1,6,5,7,-1,2,3,4,-1,4,3,5,-1,6,7,0,-1,0,7,1,-1,8,9,10,-1,10,9,11,-1,12,13,14,-1,14,13,15,-1,10,11,12,-1,12,11,13,-1,14,15,8,-1,8,15,9,-1,
        ]
    }
}
Shape{
    appearance Appearance {
        material  Material 	{
            diffuseColor 0.25098039215686274 0.25098039215686274 0.25098039215686274
            specularColor 0.12549019607843137 0.12549019607843137 0.12549019607843137
            ambientIntensity 0.2
            transparency 0
            shininess 0.5
        }
    }
    geometry IndexedFaceSet {
        ccw TRUE
        solid FALSE
        coord DEF co Coordinate {
            point [
                -0.3425 0.9843 0.0, 0.3425 0.9843 0.0, -0.4409 0.8858 0.0, 0.4409 0.8858 0.0, 0.4409 0.8858 0.1969, 0.3425 0.9843 1.0, 0.5 0.8268 0.1969, 0.5 0.8268 1.0, -0.4409 0.8858 0.1969, -0.5 0.8268 0.1969, -0.5 0.8268 1.0, -0.3425 0.9843 1.0, 0.3425 -0.9843 1.0, -0.3425 -0.9843 1.0, 0.3425 -0.9843 0.0, -0.3425 -0.9843 0.0, -0.126 0.626 1.0, 0.126 0.626 1.0, -2.6575 -0.9843 1.0, -2.5 -0.8268 1.0, -2.5 -0.8051 1.0, -0.6575 -0.9843 1.0, -0.5 -0.8268 1.0, -0.5 -0.8051 1.0, 0.5 -0.8051 1.0, 0.5 -0.8268 1.0, -1.5 -0.8268 1.0, -1.3425 -0.9843 1.0, -1.5 -0.8051 1.0, -1.6575 -0.9843 1.0, -2.3425 -0.9843 1.0, -3.5 -0.8268 1.0, -3.3425 -0.9843 1.0, -3.5 -0.8051 1.0, -3.6575 -0.9843 1.0, -4.313 -0.8051 1.0, -4.313 -0.9843 1.0, -4.5 -0.8268 1.0, -4.3425 -0.9843 1.0, -4.313 0.0 1.0, -4.313 0.9843 1.0, -4.3425 0.9843 1.0, -3.874 0.626 1.0, -3.874 0.374 1.0, -3.5 0.0 1.0, -4.126 0.374 1.0, -4.126 0.626 1.0, -3.6575 0.9843 1.0, -2.874 0.626 1.0, -2.874 0.374 1.0, -2.5 0.0 1.0, -3.126 0.374 1.0, -3.126 0.626 1.0, -3.5 0.8268 1.0, -3.3425 0.9843 1.0, -2.6575 0.9843 1.0, -1.874 0.626 1.0, -1.874 0.374 1.0, -1.5 0.0 1.0, -2.126 0.374 1.0, -2.126 0.626 1.0, -2.5 0.8268 1.0, -2.3425 0.9843 1.0, -1.6575 0.9843 1.0, -0.874 0.626 1.0, -0.874 0.374 1.0, -0.5 0.0 1.0, -1.126 0.374 1.0, -1.126 0.626 1.0, -1.5 0.8268 1.0, -1.3425 0.9843 1.0, -0.6575 0.9843 1.0, 0.5 0.0 1.0, 0.126 0.374 1.0, -0.126 0.374 1.0, -0.126 -0.374 1.0, -0.126 -0.626 1.0, 0.126 -0.626 1.0, 0.126 -0.374 1.0, -1.126 -0.374 1.0, -1.126 -0.626 1.0, -0.874 -0.626 1.0, -0.874 -0.374 1.0, -2.126 -0.374 1.0, -2.126 -0.626 1.0, -1.874 -0.626 1.0, -1.874 -0.374 1.0, -3.126 -0.374 1.0, -3.126 -0.626 1.0, -2.874 -0.626 1.0, -2.874 -0.374 1.0, -4.126 -0.374 1.0, -4.126 -0.626 1.0, -3.874 -0.626 1.0, -3.874 -0.374 1.0, -4.5 0.8268 1.0, -4.5 0.0 1.0, -4.5 -0.8051 1.0, 0.4409 -0.8858 0.0, -0.4409 -0.8858 0.0, 0.4409 -0.8858 0.1969, 0.5 -0.8268 0.1969, -0.4409 -0.8858 0.1969, -0.5 -0.8268 0.1969, 0.313 0.8858 0.1969, 0.313 -0.8858 0.1969, -4.5 -0.8268 0.1969, -4.5 -0.7559 0.1969, -3.5 -0.7559 0.1969, 0.313 -0.7559 0.1969, 0.313 -0.0 0.1969, -0.5 -0.0 0.1969, -0.126 0.374 0.1969, -0.126 0.626 0.1969, 0.126 0.626 0.1969, 0.126 0.374 0.1969, -1.126 0.374 0.1969, -1.5 0.8268 0.1969, -1.126 0.626 0.1969, -1.4409 0.8858 0.1969, -0.874 0.626 0.1969, -2.126 0.374 0.1969, -1.874 0.374 0.1969, -1.5 -0.0 0.1969, -2.5 -0.0 0.1969, -2.5 0.8268 0.1969, -2.126 0.626 0.1969, -2.4409 0.8858 0.1969, -1.874 0.626 0.1969, -1.5591 0.8858 0.1969, -0.5591 0.8858 0.1969, -0.874 0.374 0.1969, -3.126 0.374 0.1969, -3.5 0.8268 0.1969, -3.126 0.626 0.1969, -3.4409 0.8858 0.1969, -2.874 0.626 0.1969, -3.874 0.374 0.1969, -3.5 -0.0 0.1969, -4.126 0.374 0.1969, -4.5 -0.0 0.1969, -4.126 0.626 0.1969, -4.5 0.8268 0.1969, -4.4409 0.8858 0.1969, -3.874 0.626 0.1969, -3.5591 0.8858 0.1969, -2.874 0.374 0.1969, -2.5591 0.8858 0.1969, -2.5591 -0.8858 0.1969, -3.4409 -0.8858 0.1969, -3.5 -0.8268 0.1969, -2.5 -0.8268 0.1969, -2.5 -0.7559 0.1969, -3.5591 -0.8858 0.1969, -4.4409 -0.8858 0.1969, -2.4409 -0.8858 0.1969, -1.5 -0.7559 0.1969, -1.5591 -0.8858 0.1969, -1.5 -0.8268 0.1969, -0.5 -0.7559 0.1969, -1.4409 -0.8858 0.1969, -0.5591 -0.8858 0.1969, -3.874 -0.374 0.1969, -3.874 -0.626 0.1969, -4.126 -0.626 0.1969, -4.126 -0.374 0.1969, -2.874 -0.374 0.1969, -2.874 -0.626 0.1969, -3.126 -0.626 0.1969, -3.126 -0.374 0.1969, -1.874 -0.374 0.1969, -1.874 -0.626 0.1969, -2.126 -0.626 0.1969, -2.126 -0.374 0.1969, -0.874 -0.374 0.1969, -0.874 -0.626 0.1969, -1.126 -0.626 0.1969, -1.126 -0.374 0.1969, 0.126 -0.374 0.1969, 0.126 -0.626 0.1969, -0.126 -0.626 0.1969, -0.126 -0.374 0.1969, 0.5 -0.0 0.1969, 0.5 -0.7559 0.1969, 0.5 -0.7559 0.1969
            ]
        }
        coordIndex [
            0,1,2,-1,2,1,3,-1,3,1,4,-1,4,1,5,-1,4,5,6,-1,6,5,7,-1,0,2,8,-1,9,10,8,-1,8,10,11,-1,8,11,0,-1,1,0,5,-1,5,0,11,-1,12,13,14,-1,14,13,15,-1,16,17,5,-1,18,19,20,-1,21,22,23,-1,23,22,24,-1,13,12,22,-1,22,12,25,-1,22,25,24,-1,26,27,21,-1,20,19,28,-1,21,23,26,-1,26,23,28,-1,26,28,29,-1,29,28,19,-1,29,19,30,-1,31,32,18,-1,18,20,31,-1,31,20,33,-1,31,33,34,-1,34,33,35,-1,34,35,36,-1,36,35,37,-1,36,37,38,-1,39,40,41,-1,42,43,44,-1,44,43,39,-1,39,43,45,-1,39,45,40,-1,40,45,46,-1,40,46,47,-1,48,49,50,-1,50,49,44,-1,44,49,51,-1,44,51,52,-1,46,42,47,-1,47,42,44,-1,47,44,53,-1,53,44,52,-1,53,52,54,-1,54,52,55,-1,56,57,58,-1,58,57,50,-1,50,57,59,-1,50,59,60,-1,52,48,55,-1,55,48,50,-1,55,50,61,-1,61,50,60,-1,61,60,62,-1,62,60,63,-1,64,65,66,-1,66,65,58,-1,58,65,67,-1,58,67,68,-1,60,56,63,-1,63,56,58,-1,63,58,69,-1,69,58,68,-1,69,68,70,-1,70,68,71,-1,72,7,5,-1,5,17,72,-1,72,17,73,-1,72,73,66,-1,66,73,74,-1,66,74,16,-1,68,64,71,-1,71,64,66,-1,71,66,10,-1,10,66,16,-1,10,16,11,-1,11,16,5,-1,75,66,76,-1,76,66,23,-1,76,23,77,-1,77,23,24,-1,77,24,78,-1,78,24,72,-1,78,72,75,-1,75,72,66,-1,79,58,80,-1,80,58,28,-1,80,28,81,-1,81,28,23,-1,81,23,82,-1,82,23,66,-1,82,66,79,-1,79,66,58,-1,83,50,84,-1,84,50,20,-1,84,20,85,-1,85,20,28,-1,85,28,86,-1,86,28,58,-1,86,58,83,-1,83,58,50,-1,87,44,88,-1,88,44,33,-1,88,33,89,-1,89,33,20,-1,89,20,90,-1,90,20,50,-1,90,50,87,-1,87,50,44,-1,91,39,92,-1,92,39,35,-1,92,35,93,-1,93,35,33,-1,93,33,94,-1,94,33,44,-1,94,44,91,-1,91,44,39,-1,41,95,39,-1,39,95,96,-1,39,96,35,-1,35,96,97,-1,35,97,37,-1,98,14,99,-1,99,14,15,-1,14,98,100,-1,101,25,100,-1,100,25,12,-1,100,12,14,-1,99,15,102,-1,102,15,13,-1,102,13,103,-1,103,13,22,-1,8,2,104,-1,104,2,3,-1,104,3,4,-1,99,102,98,-1,98,102,105,-1,98,105,100,-1,106,107,108,-1,100,105,101,-1,101,105,109,-1,104,4,6,-1,110,111,112,-1,112,111,9,-1,112,9,113,-1,113,9,8,-1,113,8,114,-1,114,8,104,-1,114,104,115,-1,115,104,110,-1,115,110,112,-1,116,117,118,-1,118,117,119,-1,118,119,120,-1,121,122,123,-1,123,124,121,-1,121,124,125,-1,121,125,126,-1,126,125,127,-1,126,127,128,-1,128,127,129,-1,128,129,117,-1,119,130,120,-1,120,130,9,-1,120,9,131,-1,131,9,111,-1,131,111,116,-1,116,111,123,-1,116,123,117,-1,117,123,122,-1,117,122,128,-1,132,133,134,-1,134,133,135,-1,134,135,136,-1,137,138,139,-1,139,138,140,-1,139,140,141,-1,140,142,141,-1,141,142,143,-1,141,143,144,-1,144,143,145,-1,144,145,137,-1,137,145,133,-1,137,133,138,-1,138,133,132,-1,138,132,124,-1,124,132,146,-1,124,146,125,-1,125,146,136,-1,125,136,147,-1,147,136,135,-1,148,149,150,-1,151,148,152,-1,152,148,150,-1,152,150,108,-1,108,150,153,-1,108,153,106,-1,106,153,154,-1,151,152,155,-1,155,152,156,-1,155,156,157,-1,157,156,158,-1,158,156,159,-1,158,159,160,-1,105,102,109,-1,109,102,103,-1,109,103,159,-1,159,103,161,-1,159,161,160,-1,162,138,163,-1,163,138,108,-1,163,108,164,-1,164,108,107,-1,164,107,165,-1,165,107,140,-1,165,140,162,-1,162,140,138,-1,166,124,167,-1,167,124,152,-1,167,152,168,-1,168,152,108,-1,168,108,169,-1,169,108,138,-1,169,138,166,-1,166,138,124,-1,170,123,171,-1,171,123,156,-1,171,156,172,-1,172,156,152,-1,172,152,173,-1,173,152,124,-1,173,124,170,-1,170,124,123,-1,174,111,175,-1,175,111,159,-1,175,159,176,-1,176,159,156,-1,176,156,177,-1,177,156,123,-1,177,123,174,-1,174,123,111,-1,178,110,179,-1,179,110,109,-1,179,109,180,-1,180,109,159,-1,180,159,181,-1,181,159,111,-1,181,111,178,-1,178,111,110,-1,104,6,110,-1,110,6,182,-1,110,182,109,-1,109,182,183,-1,109,183,101,-1,
        ]
    }
}
Shape{
    appearance Appearance {
        material  Material 	{
            diffuseColor 0.9686274509803922 0.8784313725490196 0.6
            specularColor 0.6784313725490196 0.615686274509804 0.4196078431372549
            ambientIntensity 0.2
            transparency 0
            shininess 0.5
        }
    }
    geometry IndexedFaceSet {
        ccw TRUE
        solid FALSE
        coord DEF co Coordinate {
            point [
                0.126 0.374 -0.2283, -0.126 0.374 -0.2283, -0.126 0.3823 -0.2915, 0.126 0.3823 -0.2915, -0.126 0.4067 -0.3504, 0.126 0.4067 -0.3504, -0.126 0.4455 -0.4009, 0.126 0.4455 -0.4009, -0.126 0.4961 -0.4397, 0.126 0.4961 -0.4397, -0.126 0.5549 -0.4641, 0.126 0.5549 -0.4641, -0.126 0.6181 -0.4724, 0.126 0.6181 -0.4724, 0.126 1.2402 -0.4724, -0.126 1.2402 -0.4724, -0.0687 1.3976 -0.4151, -0.0687 1.3976 -0.2778, 0.0687 1.3976 -0.4151, 0.0687 1.3976 -0.2778, -0.126 1.2402 -0.2205, -0.126 0.626 -0.2205, 0.126 1.2402 -0.2205, 0.126 0.626 -0.2205, 0.126 0.626 0.1969, 0.126 0.374 0.1969, -0.126 0.374 0.1969, -0.126 0.626 0.1969, 0.126 0.626 3.7953, 0.126 0.626 1.0, -0.126 0.626 3.7953, -0.126 0.626 1.0, -0.126 0.374 3.7953, -0.126 0.374 1.0, 0.126 0.374 3.7953, 0.126 0.374 1.0, -0.0687 0.5687 3.9528, -0.0687 0.4313 3.9528, 0.0687 0.5687 3.9528, 0.0687 0.4313 3.9528, 0.126 -1.2402 -0.2205, 0.126 -0.626 -0.2205, -0.126 -1.2402 -0.2205, -0.126 -0.626 -0.2205, -0.0687 -1.3976 -0.2778, -0.0687 -1.3976 -0.4151, 0.0687 -1.3976 -0.2778, 0.0687 -1.3976 -0.4151, -0.126 -1.2402 -0.4724, -0.126 -0.6181 -0.4724, 0.126 -1.2402 -0.4724, 0.126 -0.6181 -0.4724, -0.126 -0.5549 -0.4641, 0.126 -0.5549 -0.4641, -0.126 -0.4961 -0.4397, 0.126 -0.4961 -0.4397, -0.126 -0.4455 -0.4009, 0.126 -0.4455 -0.4009, -0.126 -0.4067 -0.3504, 0.126 -0.4067 -0.3504, -0.126 -0.3823 -0.2915, 0.126 -0.3823 -0.2915, -0.126 -0.374 -0.2283, 0.126 -0.374 -0.2283, 0.126 -0.374 0.1969, 0.126 -0.626 0.1969, -0.126 -0.626 0.1969, -0.126 -0.374 0.1969, 0.126 -0.374 3.7953, 0.126 -0.374 1.0, -0.126 -0.374 3.7953, -0.126 -0.374 1.0, -0.126 -0.626 3.7953, -0.126 -0.626 1.0, 0.126 -0.626 3.7953, 0.126 -0.626 1.0, -0.0687 -0.4313 3.9528, -0.0687 -0.5687 3.9528, 0.0687 -0.4313 3.9528, 0.0687 -0.5687 3.9528, 0.0687 -0.5687 3.9528
            ]
        }
        coordIndex [
            0,1,2,-1,0,2,3,-1,3,2,4,-1,3,4,5,-1,5,4,6,-1,5,6,7,-1,7,6,8,-1,7,8,9,-1,9,8,10,-1,9,10,11,-1,11,10,12,-1,11,12,13,-1,14,13,15,-1,15,13,12,-1,16,17,18,-1,18,17,19,-1,20,21,22,-1,22,21,23,-1,23,7,9,-1,24,25,23,-1,23,25,0,-1,14,22,13,-1,13,22,23,-1,13,23,11,-1,11,23,9,-1,0,3,23,-1,23,3,5,-1,23,5,7,-1,21,6,4,-1,20,15,21,-1,21,15,12,-1,26,27,1,-1,1,27,21,-1,1,21,2,-1,2,21,4,-1,12,10,21,-1,21,10,8,-1,21,8,6,-1,1,0,26,-1,26,0,25,-1,24,23,27,-1,27,23,21,-1,28,29,30,-1,30,29,31,-1,32,33,34,-1,34,33,35,-1,34,35,28,-1,28,35,29,-1,30,31,32,-1,32,31,33,-1,36,37,38,-1,38,37,39,-1,34,39,32,-1,32,39,37,-1,28,38,34,-1,34,38,39,-1,36,30,37,-1,37,30,32,-1,30,36,28,-1,28,36,38,-1,22,19,20,-1,20,19,17,-1,14,18,22,-1,22,18,19,-1,16,15,17,-1,17,15,20,-1,15,16,14,-1,14,16,18,-1,40,41,42,-1,42,41,43,-1,44,45,46,-1,46,45,47,-1,48,49,50,-1,50,49,51,-1,51,49,52,-1,51,52,53,-1,53,52,54,-1,53,54,55,-1,55,54,56,-1,55,56,57,-1,57,56,58,-1,57,58,59,-1,59,58,60,-1,59,60,61,-1,61,60,62,-1,61,62,63,-1,40,50,41,-1,41,50,51,-1,41,51,53,-1,64,65,63,-1,63,65,41,-1,63,41,61,-1,61,41,59,-1,53,55,41,-1,41,55,57,-1,41,57,59,-1,48,42,49,-1,49,42,43,-1,66,67,43,-1,43,67,62,-1,56,54,43,-1,43,54,52,-1,43,52,49,-1,62,60,43,-1,43,60,58,-1,43,58,56,-1,43,41,66,-1,66,41,65,-1,64,63,67,-1,67,63,62,-1,68,69,70,-1,70,69,71,-1,72,73,74,-1,74,73,75,-1,74,75,68,-1,68,75,69,-1,70,71,72,-1,72,71,73,-1,76,77,78,-1,78,77,79,-1,74,79,72,-1,72,79,77,-1,68,78,74,-1,74,78,79,-1,76,70,77,-1,77,70,72,-1,70,76,68,-1,68,76,78,-1,50,47,48,-1,48,47,45,-1,40,46,50,-1,50,46,47,-1,44,42,45,-1,45,42,48,-1,42,44,40,-1,40,44,46,-1,
        ]
    }
}
Shape{
    appearance Appearance {
        material  Material 	{
            diffuseColor 0.25098039215686274 0.25098039215686274 0.25098039215686274
            specularColor 0.12549019607843137 0.12549019607843137 0.12549019607843137
            ambientIntensity 0.2
            transparency 0
            shininess 0.5
        }
    }
    geometry IndexedFaceSet {
        ccw TRUE
        solid FALSE
        coord DEF co Coordinate {
            point [
                -0.6575 -0.9843 1.0, -1.3425 -0.9843 1.0, -0.6575 -0.9843 0.0, -1.3425 -0.9843 0.0, -0.5591 -0.8858 0.0, -1.4409 -0.8858 0.0, -0.5591 -0.8858 0.1969, -0.5 -0.8268 0.1969, -0.5 -0.8268 1.0, -1.4409 -0.8858 0.1969, -1.5 -0.8268 0.1969, -1.5 -0.8268 1.0, -0.6575 0.9843 0.0, -1.3425 0.9843 0.0, -0.6575 0.9843 1.0, -1.3425 0.9843 1.0, -1.4409 0.8858 0.0, -0.5591 0.8858 0.0, -1.4409 0.8858 0.1969, -0.5591 0.8858 0.1969, -1.5 0.8268 0.1969, -1.5 0.8268 1.0, -0.5 0.8268 0.1969, -0.5 0.8268 1.0, -1.6575 -0.9843 1.0, -2.3425 -0.9843 1.0, -1.6575 -0.9843 0.0, -2.3425 -0.9843 0.0, -1.5591 -0.8858 0.0, -2.4409 -0.8858 0.0, -1.5591 -0.8858 0.1969, -2.4409 -0.8858 0.1969, -2.5 -0.8268 0.1969, -2.5 -0.8268 1.0, -1.6575 0.9843 0.0, -2.3425 0.9843 0.0, -1.6575 0.9843 1.0, -2.3425 0.9843 1.0, -2.4409 0.8858 0.0, -1.5591 0.8858 0.0, -2.4409 0.8858 0.1969, -1.5591 0.8858 0.1969, -2.5 0.8268 0.1969, -2.5 0.8268 1.0, -2.6575 -0.9843 1.0, -3.3425 -0.9843 1.0, -2.6575 -0.9843 0.0, -3.3425 -0.9843 0.0, -2.5591 -0.8858 0.0, -3.4409 -0.8858 0.0, -2.5591 -0.8858 0.1969, -3.4409 -0.8858 0.1969, -3.5 -0.8268 0.1969, -3.5 -0.8268 1.0, -2.6575 0.9843 0.0, -3.3425 0.9843 0.0, -2.6575 0.9843 1.0, -3.3425 0.9843 1.0, -3.4409 0.8858 0.0, -2.5591 0.8858 0.0, -3.4409 0.8858 0.1969, -2.5591 0.8858 0.1969, -3.5 0.8268 0.1969, -3.5 0.8268 1.0, -4.5 -0.8268 0.1969, -4.5 -0.8268 1.0, -4.5 -0.7559 0.1969, -4.5 -0.8051 1.0, -4.5 -0.0 0.1969, -4.5 0.0 1.0, -4.5 0.8268 0.1969, -4.5 0.8268 1.0, -4.3425 -0.9843 1.0, -4.3425 -0.9843 0.0, -4.313 -0.9843 1.0, -3.6575 -0.9843 0.0, -3.6575 -0.9843 1.0, -3.5591 -0.8858 0.0, -4.4409 -0.8858 0.0, -3.5591 -0.8858 0.1969, -4.4409 -0.8858 0.1969, -3.6575 0.9843 1.0, -3.6575 0.9843 0.0, -4.313 0.9843 1.0, -4.3425 0.9843 0.0, -4.3425 0.9843 1.0, -4.4409 0.8858 0.0, -3.5591 0.8858 0.0, -4.4409 0.8858 0.1969, -3.5591 0.8858 0.1969, -3.5591 0.8858 0.1969
            ]
        }
        coordIndex [
            0,1,2,-1,2,1,3,-1,4,2,5,-1,5,2,3,-1,2,4,6,-1,7,8,6,-1,6,8,0,-1,6,0,2,-1,5,9,4,-1,4,9,6,-1,5,3,9,-1,9,3,1,-1,9,1,10,-1,10,1,11,-1,12,13,14,-1,14,13,15,-1,13,12,16,-1,16,12,17,-1,16,17,18,-1,18,17,19,-1,13,16,18,-1,20,21,18,-1,18,21,15,-1,18,15,13,-1,17,12,19,-1,19,12,14,-1,19,14,22,-1,22,14,23,-1,24,25,26,-1,26,25,27,-1,28,26,29,-1,29,26,27,-1,26,28,30,-1,10,11,30,-1,30,11,24,-1,30,24,26,-1,29,31,28,-1,28,31,30,-1,29,27,31,-1,31,27,25,-1,31,25,32,-1,32,25,33,-1,34,35,36,-1,36,35,37,-1,35,34,38,-1,38,34,39,-1,38,39,40,-1,40,39,41,-1,35,38,40,-1,42,43,40,-1,40,43,37,-1,40,37,35,-1,39,34,41,-1,41,34,36,-1,41,36,20,-1,20,36,21,-1,44,45,46,-1,46,45,47,-1,48,46,49,-1,49,46,47,-1,46,48,50,-1,32,33,50,-1,50,33,44,-1,50,44,46,-1,49,51,48,-1,48,51,50,-1,49,47,51,-1,51,47,45,-1,51,45,52,-1,52,45,53,-1,54,55,56,-1,56,55,57,-1,55,54,58,-1,58,54,59,-1,58,59,60,-1,60,59,61,-1,55,58,60,-1,62,63,60,-1,60,63,57,-1,60,57,55,-1,59,54,61,-1,61,54,56,-1,61,56,42,-1,42,56,43,-1,64,65,66,-1,66,65,67,-1,66,67,68,-1,68,67,69,-1,68,69,70,-1,70,69,71,-1,72,73,74,-1,74,73,75,-1,74,75,76,-1,77,75,78,-1,78,75,73,-1,75,77,79,-1,52,53,79,-1,79,53,76,-1,79,76,75,-1,78,80,77,-1,77,80,79,-1,78,73,80,-1,80,73,72,-1,80,72,64,-1,64,72,65,-1,81,82,83,-1,83,82,84,-1,83,84,85,-1,84,82,86,-1,86,82,87,-1,86,87,88,-1,88,87,89,-1,84,86,88,-1,70,71,88,-1,88,71,85,-1,88,85,84,-1,87,82,89,-1,89,82,81,-1,89,81,62,-1,62,81,63,-1,
        ]
    }
}
Shape{
    appearance Appearance {
        material  Material 	{
            diffuseColor 0.9686274509803922 0.8784313725490196 0.6
            specularColor 0.6784313725490196 0.615686274509804 0.4196078431372549
            ambientIntensity 0.2
            transparency 0
            shininess 0.5
        }
    }
    geometry IndexedFaceSet {
        ccw TRUE
        solid FALSE
        coord DEF co Coordinate {
            point [
                -0.874 0.626 3.7953, -0.874 0.626 1.0, -1.126 0.626 3.7953, -1.126 0.626 1.0, -1.126 0.374 3.7953, -1.126 0.374 1.0, -0.874 0.374 3.7953, -0.874 0.374 1.0, -1.0687 0.5687 3.9528, -1.0687 0.4313 3.9528, -0.9313 0.5687 3.9528, -0.9313 0.4313 3.9528, -1.874 0.374 -0.2283, -2.126 0.374 -0.2283, -2.126 0.3823 -0.2915, -1.874 0.3823 -0.2915, -2.126 0.4067 -0.3504, -1.874 0.4067 -0.3504, -2.126 0.4455 -0.4009, -1.874 0.4455 -0.4009, -2.126 0.4961 -0.4397, -1.874 0.4961 -0.4397, -2.126 0.5549 -0.4641, -1.874 0.5549 -0.4641, -2.126 0.6181 -0.4724, -1.874 0.6181 -0.4724, -1.874 1.2402 -0.4724, -2.126 1.2402 -0.4724, -2.0687 1.3976 -0.4151, -2.0687 1.3976 -0.2778, -1.9313 1.3976 -0.4151, -1.9313 1.3976 -0.2778, -2.126 1.2402 -0.2205, -2.126 0.626 -0.2205, -1.874 1.2402 -0.2205, -1.874 0.626 -0.2205, -1.874 0.626 0.1969, -1.874 0.374 0.1969, -2.126 0.374 0.1969, -2.126 0.626 0.1969, -1.874 0.626 3.7953, -1.874 0.626 1.0, -2.126 0.626 3.7953, -2.126 0.626 1.0, -2.126 0.374 3.7953, -2.126 0.374 1.0, -1.874 0.374 3.7953, -1.874 0.374 1.0, -2.0687 0.5687 3.9528, -2.0687 0.4313 3.9528, -1.9313 0.5687 3.9528, -1.9313 0.4313 3.9528, -2.874 0.374 -0.2283, -3.126 0.374 -0.2283, -3.126 0.3823 -0.2915, -2.874 0.3823 -0.2915, -3.126 0.4067 -0.3504, -2.874 0.4067 -0.3504, -3.126 0.4455 -0.4009, -2.874 0.4455 -0.4009, -3.126 0.4961 -0.4397, -2.874 0.4961 -0.4397, -3.126 0.5549 -0.4641, -2.874 0.5549 -0.4641, -3.126 0.6181 -0.4724, -2.874 0.6181 -0.4724, -2.874 1.2402 -0.4724, -3.126 1.2402 -0.4724, -3.0687 1.3976 -0.4151, -3.0687 1.3976 -0.2778, -2.9313 1.3976 -0.4151, -2.9313 1.3976 -0.2778, -3.126 1.2402 -0.2205, -3.126 0.626 -0.2205, -2.874 1.2402 -0.2205, -2.874 0.626 -0.2205, -2.874 0.626 0.1969, -2.874 0.374 0.1969, -3.126 0.374 0.1969, -3.126 0.626 0.1969, -2.874 0.626 3.7953, -2.874 0.626 1.0, -3.126 0.626 3.7953, -3.126 0.626 1.0, -3.126 0.374 3.7953, -3.126 0.374 1.0, -2.874 0.374 3.7953, -2.874 0.374 1.0, -3.0687 0.5687 3.9528, -3.0687 0.4313 3.9528, -2.9313 0.5687 3.9528, -2.9313 0.4313 3.9528, -3.874 0.374 -0.2283, -4.126 0.374 -0.2283, -4.126 0.3823 -0.2915, -3.874 0.3823 -0.2915, -4.126 0.4067 -0.3504, -3.874 0.4067 -0.3504, -4.126 0.4455 -0.4009, -3.874 0.4455 -0.4009, -4.126 0.4961 -0.4397, -3.874 0.4961 -0.4397, -4.126 0.5549 -0.4641, -3.874 0.5549 -0.4641, -4.126 0.6181 -0.4724, -3.874 0.6181 -0.4724, -3.874 1.2402 -0.4724, -4.126 1.2402 -0.4724, -4.0687 1.3976 -0.4151, -4.0687 1.3976 -0.2778, -3.9313 1.3976 -0.4151, -3.9313 1.3976 -0.2778, -4.126 1.2402 -0.2205, -4.126 0.626 -0.2205, -3.874 1.2402 -0.2205, -3.874 0.626 -0.2205, -3.874 0.626 0.1969, -3.874 0.374 0.1969, -4.126 0.374 0.1969, -4.126 0.626 0.1969, -3.874 0.626 3.7953, -3.874 0.626 1.0, -4.126 0.626 3.7953, -4.126 0.626 1.0, -4.126 0.374 3.7953, -4.126 0.374 1.0, -3.874 0.374 3.7953, -3.874 0.374 1.0, -4.0687 0.5687 3.9528, -4.0687 0.4313 3.9528, -3.9313 0.5687 3.9528, -3.9313 0.4313 3.9528, -0.874 -1.2402 -0.2205, -0.874 -0.626 -0.2205, -1.126 -1.2402 -0.2205, -1.126 -0.626 -0.2205, -1.0687 -1.3976 -0.2778, -1.0687 -1.3976 -0.4151, -0.9313 -1.3976 -0.2778, -0.9313 -1.3976 -0.4151, -1.126 -1.2402 -0.4724, -1.126 -0.6181 -0.4724, -0.874 -1.2402 -0.4724, -0.874 -0.6181 -0.4724, -1.126 -0.5549 -0.4641, -0.874 -0.5549 -0.4641, -1.126 -0.4961 -0.4397, -0.874 -0.4961 -0.4397, -1.126 -0.4455 -0.4009, -0.874 -0.4455 -0.4009, -1.126 -0.4067 -0.3504, -0.874 -0.4067 -0.3504, -1.126 -0.3823 -0.2915, -0.874 -0.3823 -0.2915, -1.126 -0.374 -0.2283, -0.874 -0.374 -0.2283, -0.874 -0.374 0.1969, -0.874 -0.626 0.1969, -1.126 -0.626 0.1969, -1.126 -0.374 0.1969, -0.874 -0.374 3.7953, -0.874 -0.374 1.0, -1.126 -0.374 3.7953, -1.126 -0.374 1.0, -1.126 -0.626 3.7953, -1.126 -0.626 1.0, -0.874 -0.626 3.7953, -0.874 -0.626 1.0, -1.0687 -0.4313 3.9528, -1.0687 -0.5687 3.9528, -0.9313 -0.4313 3.9528, -0.9313 -0.5687 3.9528, -1.874 -1.2402 -0.2205, -1.874 -0.626 -0.2205, -2.126 -1.2402 -0.2205, -2.126 -0.626 -0.2205, -2.0687 -1.3976 -0.2778, -2.0687 -1.3976 -0.4151, -1.9313 -1.3976 -0.2778, -1.9313 -1.3976 -0.4151, -2.126 -1.2402 -0.4724, -2.126 -0.6181 -0.4724, -1.874 -1.2402 -0.4724, -1.874 -0.6181 -0.4724, -2.126 -0.5549 -0.4641, -1.874 -0.5549 -0.4641, -2.126 -0.4961 -0.4397, -1.874 -0.4961 -0.4397, -2.126 -0.4455 -0.4009, -1.874 -0.4455 -0.4009, -2.126 -0.4067 -0.3504, -1.874 -0.4067 -0.3504, -2.126 -0.3823 -0.2915, -1.874 -0.3823 -0.2915, -2.126 -0.374 -0.2283, -1.874 -0.374 -0.2283, -1.874 -0.374 0.1969, -1.874 -0.626 0.1969, -2.126 -0.626 0.1969, -2.126 -0.374 0.1969, -1.874 -0.374 3.7953, -1.874 -0.374 1.0, -2.126 -0.374 3.7953, -2.126 -0.374 1.0, -2.126 -0.626 3.7953, -2.126 -0.626 1.0, -1.874 -0.626 3.7953, -1.874 -0.626 1.0, -2.0687 -0.4313 3.9528, -2.0687 -0.5687 3.9528, -1.9313 -0.4313 3.9528, -1.9313 -0.5687 3.9528, -2.874 -0.374 3.7953, -2.874 -0.374 1.0, -3.126 -0.374 3.7953, -3.126 -0.374 1.0, -3.126 -0.626 3.7953, -3.126 -0.626 1.0, -2.874 -0.626 3.7953, -2.874 -0.626 1.0, -3.0687 -0.4313 3.9528, -3.0687 -0.5687 3.9528, -2.9313 -0.4313 3.9528, -2.9313 -0.5687 3.9528, -3.874 -1.2402 -0.2205, -3.874 -0.626 -0.2205, -4.126 -1.2402 -0.2205, -4.126 -0.626 -0.2205, -4.0687 -1.3976 -0.2778, -4.0687 -1.3976 -0.4151, -3.9313 -1.3976 -0.2778, -3.9313 -1.3976 -0.4151, -4.126 -1.2402 -0.4724, -4.126 -0.6181 -0.4724, -3.874 -1.2402 -0.4724, -3.874 -0.6181 -0.4724, -4.126 -0.5549 -0.4641, -3.874 -0.5549 -0.4641, -4.126 -0.4961 -0.4397, -3.874 -0.4961 -0.4397, -4.126 -0.4455 -0.4009, -3.874 -0.4455 -0.4009, -4.126 -0.4067 -0.3504, -3.874 -0.4067 -0.3504, -4.126 -0.3823 -0.2915, -3.874 -0.3823 -0.2915, -4.126 -0.374 -0.2283, -3.874 -0.374 -0.2283, -3.874 -0.374 0.1969, -3.874 -0.626 0.1969, -4.126 -0.626 0.1969, -4.126 -0.374 0.1969, -3.874 -0.374 3.7953, -3.874 -0.374 1.0, -4.126 -0.374 3.7953, -4.126 -0.374 1.0, -4.126 -0.626 3.7953, -4.126 -0.626 1.0, -3.874 -0.626 3.7953, -3.874 -0.626 1.0, -4.0687 -0.4313 3.9528, -4.0687 -0.5687 3.9528, -3.9313 -0.4313 3.9528, -3.9313 -0.5687 3.9528, -0.9313 0.4313 -0.9843, -1.0687 0.4313 -0.9843, -0.9313 0.5687 -0.9843, -1.0687 0.5687 -0.9843, -2.9313 -0.5687 -0.9843, -3.0687 -0.5687 -0.9843, -2.9313 -0.4313 -0.9843, -3.0687 -0.4313 -0.9843, -3.126 -0.626 -0.8268, -3.126 -0.374 -0.8268, -2.874 -0.626 -0.8268, -2.874 -0.374 -0.8268, -1.126 0.374 -0.8268, -1.126 0.626 -0.8268, -0.874 0.374 -0.8268, -0.874 0.626 -0.8268, -0.874 0.626 -0.8268
            ]
        }
        coordIndex [
            0,1,2,-1,2,1,3,-1,4,5,6,-1,6,5,7,-1,6,7,0,-1,0,7,1,-1,2,3,4,-1,4,3,5,-1,8,9,10,-1,10,9,11,-1,12,13,14,-1,12,14,15,-1,15,14,16,-1,15,16,17,-1,17,16,18,-1,17,18,19,-1,19,18,20,-1,19,20,21,-1,21,20,22,-1,21,22,23,-1,23,22,24,-1,23,24,25,-1,26,25,27,-1,27,25,24,-1,28,29,30,-1,30,29,31,-1,32,33,34,-1,34,33,35,-1,35,19,21,-1,36,37,35,-1,35,37,12,-1,26,34,25,-1,25,34,35,-1,25,35,23,-1,23,35,21,-1,12,15,35,-1,35,15,17,-1,35,17,19,-1,33,18,16,-1,32,27,33,-1,33,27,24,-1,38,39,13,-1,13,39,33,-1,13,33,14,-1,14,33,16,-1,24,22,33,-1,33,22,20,-1,33,20,18,-1,13,12,38,-1,38,12,37,-1,36,35,39,-1,39,35,33,-1,40,41,42,-1,42,41,43,-1,44,45,46,-1,46,45,47,-1,46,47,40,-1,40,47,41,-1,42,43,44,-1,44,43,45,-1,48,49,50,-1,50,49,51,-1,52,53,54,-1,52,54,55,-1,55,54,56,-1,55,56,57,-1,57,56,58,-1,57,58,59,-1,59,58,60,-1,59,60,61,-1,61,60,62,-1,61,62,63,-1,63,62,64,-1,63,64,65,-1,66,65,67,-1,67,65,64,-1,68,69,70,-1,70,69,71,-1,72,73,74,-1,74,73,75,-1,75,59,61,-1,76,77,75,-1,75,77,52,-1,66,74,65,-1,65,74,75,-1,65,75,63,-1,63,75,61,-1,52,55,75,-1,75,55,57,-1,75,57,59,-1,73,58,56,-1,72,67,73,-1,73,67,64,-1,78,79,53,-1,53,79,73,-1,53,73,54,-1,54,73,56,-1,64,62,73,-1,73,62,60,-1,73,60,58,-1,53,52,78,-1,78,52,77,-1,76,75,79,-1,79,75,73,-1,80,81,82,-1,82,81,83,-1,84,85,86,-1,86,85,87,-1,86,87,80,-1,80,87,81,-1,82,83,84,-1,84,83,85,-1,88,89,90,-1,90,89,91,-1,92,93,94,-1,92,94,95,-1,95,94,96,-1,95,96,97,-1,97,96,98,-1,97,98,99,-1,99,98,100,-1,99,100,101,-1,101,100,102,-1,101,102,103,-1,103,102,104,-1,103,104,105,-1,106,105,107,-1,107,105,104,-1,108,109,110,-1,110,109,111,-1,112,113,114,-1,114,113,115,-1,115,99,101,-1,116,117,115,-1,115,117,92,-1,106,114,105,-1,105,114,115,-1,105,115,103,-1,103,115,101,-1,92,95,115,-1,115,95,97,-1,115,97,99,-1,113,98,96,-1,112,107,113,-1,113,107,104,-1,118,119,93,-1,93,119,113,-1,93,113,94,-1,94,113,96,-1,104,102,113,-1,113,102,100,-1,113,100,98,-1,93,92,118,-1,118,92,117,-1,116,115,119,-1,119,115,113,-1,120,121,122,-1,122,121,123,-1,124,125,126,-1,126,125,127,-1,126,127,120,-1,120,127,121,-1,122,123,124,-1,124,123,125,-1,128,129,130,-1,130,129,131,-1,6,11,4,-1,4,11,9,-1,0,10,6,-1,6,10,11,-1,8,2,9,-1,9,2,4,-1,2,8,0,-1,0,8,10,-1,46,51,44,-1,44,51,49,-1,40,50,46,-1,46,50,51,-1,48,42,49,-1,49,42,44,-1,42,48,40,-1,40,48,50,-1,34,31,32,-1,32,31,29,-1,26,30,34,-1,34,30,31,-1,28,27,29,-1,29,27,32,-1,27,28,26,-1,26,28,30,-1,86,91,84,-1,84,91,89,-1,80,90,86,-1,86,90,91,-1,88,82,89,-1,89,82,84,-1,82,88,80,-1,80,88,90,-1,74,71,72,-1,72,71,69,-1,66,70,74,-1,74,70,71,-1,68,67,69,-1,69,67,72,-1,67,68,66,-1,66,68,70,-1,126,131,124,-1,124,131,129,-1,120,130,126,-1,126,130,131,-1,128,122,129,-1,129,122,124,-1,122,128,120,-1,120,128,130,-1,114,111,112,-1,112,111,109,-1,106,110,114,-1,114,110,111,-1,108,107,109,-1,109,107,112,-1,107,108,106,-1,106,108,110,-1,132,133,134,-1,134,133,135,-1,136,137,138,-1,138,137,139,-1,140,141,142,-1,142,141,143,-1,143,141,144,-1,143,144,145,-1,145,144,146,-1,145,146,147,-1,147,146,148,-1,147,148,149,-1,149,148,150,-1,149,150,151,-1,151,150,152,-1,151,152,153,-1,153,152,154,-1,153,154,155,-1,132,142,133,-1,133,142,143,-1,133,143,145,-1,156,157,155,-1,155,157,133,-1,155,133,153,-1,153,133,151,-1,145,147,133,-1,133,147,149,-1,133,149,151,-1,140,134,141,-1,141,134,135,-1,158,159,135,-1,135,159,154,-1,148,146,135,-1,135,146,144,-1,135,144,141,-1,154,152,135,-1,135,152,150,-1,135,150,148,-1,135,133,158,-1,158,133,157,-1,156,155,159,-1,159,155,154,-1,160,161,162,-1,162,161,163,-1,164,165,166,-1,166,165,167,-1,166,167,160,-1,160,167,161,-1,162,163,164,-1,164,163,165,-1,168,169,170,-1,170,169,171,-1,166,171,164,-1,164,171,169,-1,160,170,166,-1,166,170,171,-1,168,162,169,-1,169,162,164,-1,162,168,160,-1,160,168,170,-1,142,139,140,-1,140,139,137,-1,132,138,142,-1,142,138,139,-1,136,134,137,-1,137,134,140,-1,134,136,132,-1,132,136,138,-1,172,173,174,-1,174,173,175,-1,176,177,178,-1,178,177,179,-1,180,181,182,-1,182,181,183,-1,183,181,184,-1,183,184,185,-1,185,184,186,-1,185,186,187,-1,187,186,188,-1,187,188,189,-1,189,188,190,-1,189,190,191,-1,191,190,192,-1,191,192,193,-1,193,192,194,-1,193,194,195,-1,172,182,173,-1,173,182,183,-1,173,183,185,-1,196,197,195,-1,195,197,173,-1,195,173,193,-1,193,173,191,-1,185,187,173,-1,173,187,189,-1,173,189,191,-1,180,174,181,-1,181,174,175,-1,198,199,175,-1,175,199,194,-1,188,186,175,-1,175,186,184,-1,175,184,181,-1,194,192,175,-1,175,192,190,-1,175,190,188,-1,175,173,198,-1,198,173,197,-1,196,195,199,-1,199,195,194,-1,200,201,202,-1,202,201,203,-1,204,205,206,-1,206,205,207,-1,206,207,200,-1,200,207,201,-1,202,203,204,-1,204,203,205,-1,208,209,210,-1,210,209,211,-1,206,211,204,-1,204,211,209,-1,200,210,206,-1,206,210,211,-1,208,202,209,-1,209,202,204,-1,202,208,200,-1,200,208,210,-1,182,179,180,-1,180,179,177,-1,172,178,182,-1,182,178,179,-1,176,174,177,-1,177,174,180,-1,174,176,172,-1,172,176,178,-1,212,213,214,-1,214,213,215,-1,216,217,218,-1,218,217,219,-1,218,219,212,-1,212,219,213,-1,214,215,216,-1,216,215,217,-1,220,221,222,-1,222,221,223,-1,218,223,216,-1,216,223,221,-1,212,222,218,-1,218,222,223,-1,220,214,221,-1,221,214,216,-1,214,220,212,-1,212,220,222,-1,224,225,226,-1,226,225,227,-1,228,229,230,-1,230,229,231,-1,232,233,234,-1,234,233,235,-1,235,233,236,-1,235,236,237,-1,237,236,238,-1,237,238,239,-1,239,238,240,-1,239,240,241,-1,241,240,242,-1,241,242,243,-1,243,242,244,-1,243,244,245,-1,245,244,246,-1,245,246,247,-1,224,234,225,-1,225,234,235,-1,225,235,237,-1,248,249,247,-1,247,249,225,-1,247,225,245,-1,245,225,243,-1,237,239,225,-1,225,239,241,-1,225,241,243,-1,232,226,233,-1,233,226,227,-1,250,251,227,-1,227,251,246,-1,240,238,227,-1,227,238,236,-1,227,236,233,-1,246,244,227,-1,227,244,242,-1,227,242,240,-1,227,225,250,-1,250,225,249,-1,248,247,251,-1,251,247,246,-1,252,253,254,-1,254,253,255,-1,256,257,258,-1,258,257,259,-1,258,259,252,-1,252,259,253,-1,254,255,256,-1,256,255,257,-1,260,261,262,-1,262,261,263,-1,258,263,256,-1,256,263,261,-1,252,262,258,-1,258,262,263,-1,260,254,261,-1,261,254,256,-1,254,260,252,-1,252,260,262,-1,234,231,232,-1,232,231,229,-1,224,230,234,-1,234,230,231,-1,228,226,229,-1,229,226,232,-1,226,228,224,-1,224,228,230,-1,264,265,266,-1,266,265,267,-1,268,269,270,-1,270,269,271,-1,269,272,271,-1,271,272,273,-1,268,274,269,-1,269,274,272,-1,275,270,273,-1,273,270,271,-1,270,275,268,-1,268,275,274,-1,265,276,267,-1,267,276,277,-1,264,278,265,-1,265,278,276,-1,279,266,277,-1,277,266,267,-1,266,279,264,-1,264,279,278,-1,
        ]
    }
}
Shape{
    appearance Appearance {
        material  Material 	{
            diffuseColor 1.0 1.0 1.0
            specularColor 0.5019607843137255 0.5019607843137255 0.5019607843137255
            ambientIntensity 0.2
            transparency 0
            shininess 0.5
        }
    }
    geometry IndexedFaceSet {
        ccw TRUE
        solid FALSE
        coord DEF co Coordinate {
            point [
                0.5039 -0.0511 0.7678, 0.5039 -0.0511 0.7556, 0.5 -0.0511 0.7678, 0.5 -0.0511 0.7556, 0.5039 -0.0937 0.7678, 0.5 -0.0937 0.7678, 0.5039 -0.0937 0.8624, 0.5 -0.0937 0.8624, 0.5039 -0.1074 0.8624, 0.5 -0.1074 0.8624, 0.5039 -0.1074 0.7556, 0.5 -0.1074 0.7556, 0.5039 0.0199 0.7554, 0.5039 0.0036 0.7538, 0.5 0.0036 0.7538, 0.5 0.013 0.7547, 0.5 0.0199 0.7554, 0.5039 0.0313 0.7592, 0.5 0.0286 0.7583, 0.5 0.0313 0.7592, 0.5 0.0332 0.7601, 0.5039 0.0332 0.7601, 0.5039 0.0332 0.7733, 0.5 0.0332 0.7733, 0.5 0.0286 0.7711, 0.5039 0.024 0.769, 0.5 0.024 0.769, 0.5 0.0121 0.7664, 0.5039 0.0121 0.7664, 0.5 0.0056 0.7661, 0.5039 0.0056 0.7661, 0.5 -0.0044 0.7672, 0.5039 -0.0044 0.7672, 0.5 -0.0121 0.77, 0.5039 -0.0121 0.77, 0.5 -0.0193 0.7749, 0.5039 -0.0193 0.7749, 0.5 -0.0218 0.7774, 0.5039 -0.0218 0.7774, 0.5 -0.027 0.7846, 0.5039 -0.027 0.7846, 0.5 -0.0305 0.7932, 0.5039 -0.0305 0.7932, 0.5 -0.0322 0.8038, 0.5039 -0.0322 0.8038, 0.5 -0.0323 0.8078, 0.5039 -0.0323 0.8078, 0.5 -0.0306 0.8224, 0.5039 -0.0306 0.8224, 0.5 -0.027 0.8316, 0.5039 -0.027 0.8316, 0.5 -0.0219 0.8391, 0.5039 -0.0219 0.8391, 0.5 -0.0211 0.8399, 0.5039 -0.0211 0.8399, 0.5 -0.014 0.8458, 0.5039 -0.014 0.8458, 0.5 -0.0056 0.8498, 0.5039 -0.0056 0.8498, 0.5 0.0037 0.8516, 0.5039 0.0037 0.8516, 0.5 0.008 0.8518, 0.5039 0.008 0.8518, 0.5 0.0211 0.8502, 0.5 0.0286 0.8474, 0.5039 0.032 0.8461, 0.5039 0.0211 0.8502, 0.5 0.032 0.8461, 0.5 0.0332 0.8454, 0.5039 0.0332 0.8454, 0.5039 0.0332 0.8598, 0.5 0.0332 0.8598, 0.5 0.0286 0.8612, 0.5039 0.0218 0.8631, 0.5 0.0079 0.8642, 0.5039 0.0079 0.8642, 0.5 0.0193 0.8633, 0.5 0.0218 0.8631, 0.5 0.0004 0.8633, 0.5039 -0.0075 0.8624, 0.5 -0.0075 0.8624, 0.5 -0.0187 0.858, 0.5039 -0.0187 0.858, 0.5 -0.029 0.8508, 0.5039 -0.029 0.8508, 0.5 -0.0314 0.8485, 0.5039 -0.0314 0.8485, 0.5 -0.0381 0.84, 0.5 -0.042 0.8318, 0.5039 -0.0436 0.8285, 0.5039 -0.0381 0.84, 0.5 -0.0436 0.8285, 0.5 -0.0464 0.815, 0.5039 -0.0464 0.815, 0.5 -0.0468 0.807, 0.5039 -0.0468 0.807, 0.5 -0.0447 0.7898, 0.5 -0.042 0.7828, 0.5039 -0.0404 0.7786, 0.5039 -0.0447 0.7898, 0.5 -0.0404 0.7786, 0.5 -0.034 0.7695, 0.5039 -0.034 0.7695, 0.5 -0.0331 0.7684, 0.5039 -0.0331 0.7684, 0.5039 -0.0041 0.7543, 0.5 -0.0254 0.7619, 0.5039 -0.0254 0.7619, 0.5 -0.0155 0.7569, 0.5039 -0.0155 0.7569, 0.5 -0.0061 0.7547, 0.5 -0.0041 0.7543, 0.5039 0.1119 0.7678, 0.5039 0.1119 0.7556, 0.5 0.1119 0.7678, 0.5 0.1119 0.7556, 0.5 0.0683 0.7678, 0.5039 0.0683 0.7678, 0.5 0.0971 0.7678, 0.5039 0.0683 0.8037, 0.5 0.0683 0.8037, 0.5039 0.1065 0.8037, 0.5 0.0971 0.8037, 0.5 0.1065 0.8037, 0.5039 0.1065 0.816, 0.5 0.1065 0.816, 0.5 0.0683 0.816, 0.5039 0.0683 0.816, 0.5 0.0971 0.816, 0.5039 0.0683 0.8501, 0.5 0.0683 0.8501, 0.5 0.1095 0.8501, 0.5039 0.1095 0.8501, 0.5 0.0971 0.8501, 0.5039 0.1095 0.8624, 0.5 0.1095 0.8624, 0.5 0.0545 0.8624, 0.5039 0.0545 0.8624, 0.5 0.0971 0.8624, 0.5039 0.0545 0.7556, 0.5 0.0545 0.7556, 0.5 0.0971 0.7556, 0.5039 0.1985 0.7857, 0.5039 0.1931 0.779, 0.5039 0.2029 0.7706, 0.5039 0.1918 0.7777, 0.5039 0.1917 0.7626, 0.5039 0.1849 0.7729, 0.5039 0.1795 0.7578, 0.5039 0.176 0.7695, 0.5039 0.1615 0.7556, 0.5039 0.1614 0.7678, 0.5039 0.1321 0.7556, 0.5039 0.1459 0.7678, 0.5039 0.1321 0.8624, 0.5039 0.1459 0.8501, 0.5039 0.1626 0.8624, 0.5039 0.162 0.8501, 0.5039 0.1789 0.8606, 0.5039 0.1761 0.8485, 0.5039 0.1918 0.8559, 0.5039 0.1853 0.8451, 0.5039 0.2029 0.8483, 0.5039 0.1928 0.8401, 0.5039 0.2067 0.8445, 0.5039 0.1967 0.8361, 0.5039 0.2133 0.8352, 0.5039 0.2006 0.8298, 0.5039 0.2173 0.825, 0.5039 0.2034 0.8215, 0.5039 0.219 0.8104, 0.5039 0.2045 0.81, 0.5039 0.2185 0.8017, 0.5039 0.2042 0.8035, 0.5039 0.2156 0.7895, 0.5039 0.2022 0.7937, 0.5039 0.2099 0.7786, 0.5 0.1615 0.7556, 0.5 0.1321 0.7556, 0.5 0.1795 0.7578, 0.5 0.1917 0.7626, 0.5 0.2029 0.7706, 0.5 0.2099 0.7786, 0.5 0.2156 0.7895, 0.5 0.2185 0.8017, 0.5 0.219 0.8104, 0.5 0.2173 0.825, 0.5 0.2133 0.8352, 0.5 0.2067 0.8445, 0.5 0.2029 0.8483, 0.5 0.1918 0.8559, 0.5 0.1789 0.8606, 0.5 0.1626 0.8624, 0.5 0.1321 0.8624, 0.5 0.162 0.8501, 0.5 0.1459 0.8501, 0.5 0.1459 0.7678, 0.5 0.1614 0.7678, 0.5 0.1931 0.779, 0.5 0.1918 0.7777, 0.5 0.1849 0.7729, 0.5 0.176 0.7695, 0.5 0.2045 0.81, 0.5 0.2042 0.8035, 0.5 0.2022 0.7937, 0.5 0.1985 0.7857, 0.5 0.1928 0.8401, 0.5 0.1967 0.8361, 0.5 0.2006 0.8298, 0.5 0.2034 0.8215, 0.5 0.1761 0.8485, 0.5 0.1853 0.8451, 0.5 0.1853 0.8451
            ]
        }
        coordIndex [
            0,1,2,-1,2,1,3,-1,4,0,5,-1,5,0,2,-1,6,4,7,-1,7,4,5,-1,8,6,9,-1,9,6,7,-1,10,8,11,-1,11,8,9,-1,1,10,3,-1,3,10,11,-1,6,8,4,-1,4,8,10,-1,4,10,0,-1,0,10,1,-1,12,13,14,-1,14,15,12,-1,12,15,16,-1,12,16,17,-1,17,16,18,-1,18,19,17,-1,17,19,20,-1,17,20,21,-1,22,21,23,-1,23,21,20,-1,22,23,24,-1,22,24,25,-1,24,26,25,-1,25,26,27,-1,25,27,28,-1,28,27,29,-1,28,29,30,-1,30,29,31,-1,30,31,32,-1,32,31,33,-1,32,33,34,-1,34,33,35,-1,34,35,36,-1,36,35,37,-1,36,37,38,-1,38,37,39,-1,38,39,40,-1,40,39,41,-1,40,41,42,-1,42,41,43,-1,42,43,44,-1,44,43,45,-1,44,45,46,-1,46,45,47,-1,46,47,48,-1,48,47,49,-1,48,49,50,-1,50,49,51,-1,50,51,52,-1,52,51,53,-1,52,53,54,-1,54,53,55,-1,54,55,56,-1,56,55,57,-1,56,57,58,-1,58,57,59,-1,58,59,60,-1,60,59,61,-1,60,61,62,-1,62,61,63,-1,64,65,63,-1,63,65,66,-1,63,66,62,-1,64,67,65,-1,65,67,68,-1,65,68,69,-1,70,69,71,-1,71,69,68,-1,70,71,72,-1,70,72,73,-1,74,75,76,-1,76,75,73,-1,76,73,77,-1,77,73,72,-1,75,74,78,-1,75,78,79,-1,78,80,79,-1,79,80,81,-1,79,81,82,-1,82,81,83,-1,82,83,84,-1,84,83,85,-1,84,85,86,-1,86,85,87,-1,88,89,87,-1,87,89,90,-1,87,90,86,-1,88,91,89,-1,89,91,92,-1,89,92,93,-1,93,92,94,-1,93,94,95,-1,95,94,96,-1,97,98,96,-1,96,98,99,-1,96,99,95,-1,97,100,98,-1,98,100,101,-1,98,101,102,-1,102,101,103,-1,102,103,104,-1,14,13,105,-1,104,103,106,-1,104,106,107,-1,107,106,108,-1,107,108,109,-1,109,108,110,-1,109,110,105,-1,105,110,111,-1,105,111,14,-1,48,50,90,-1,56,58,79,-1,90,50,86,-1,79,58,75,-1,79,82,56,-1,56,82,84,-1,56,84,54,-1,54,84,86,-1,54,86,52,-1,52,86,50,-1,58,60,75,-1,75,60,62,-1,75,62,73,-1,73,62,66,-1,73,66,70,-1,70,66,65,-1,70,65,69,-1,95,46,93,-1,93,46,48,-1,93,48,89,-1,89,48,90,-1,21,22,17,-1,17,22,25,-1,17,25,12,-1,12,25,28,-1,12,28,13,-1,13,28,30,-1,13,30,105,-1,105,30,32,-1,105,32,109,-1,109,32,34,-1,109,34,107,-1,107,34,36,-1,107,36,104,-1,104,36,38,-1,104,38,102,-1,102,38,40,-1,102,40,98,-1,98,40,99,-1,99,40,42,-1,99,42,95,-1,95,42,44,-1,95,44,46,-1,112,113,114,-1,114,113,115,-1,116,117,118,-1,118,117,112,-1,118,112,114,-1,119,117,120,-1,120,117,116,-1,119,120,121,-1,121,120,122,-1,121,122,123,-1,124,121,125,-1,125,121,123,-1,126,127,128,-1,128,127,124,-1,128,124,125,-1,129,127,130,-1,130,127,126,-1,131,132,133,-1,133,132,129,-1,133,129,130,-1,134,132,135,-1,135,132,131,-1,136,137,138,-1,138,137,134,-1,138,134,135,-1,139,137,140,-1,140,137,136,-1,115,113,141,-1,141,113,139,-1,141,139,140,-1,139,113,112,-1,112,117,139,-1,139,117,119,-1,139,119,137,-1,132,134,129,-1,129,134,137,-1,129,137,127,-1,127,137,119,-1,127,119,124,-1,124,119,121,-1,142,143,144,-1,144,143,145,-1,144,145,146,-1,146,145,147,-1,146,147,148,-1,148,147,149,-1,148,149,150,-1,150,149,151,-1,150,151,152,-1,152,151,153,-1,152,153,154,-1,154,153,155,-1,154,155,156,-1,156,155,157,-1,156,157,158,-1,158,157,159,-1,158,159,160,-1,160,159,161,-1,160,161,162,-1,162,161,163,-1,162,163,164,-1,164,163,165,-1,164,165,166,-1,166,165,167,-1,166,167,168,-1,168,167,169,-1,168,169,170,-1,170,169,171,-1,170,171,172,-1,172,171,173,-1,172,173,174,-1,174,173,175,-1,174,175,176,-1,176,175,142,-1,176,142,144,-1,150,152,177,-1,177,152,178,-1,150,177,179,-1,150,179,148,-1,148,179,180,-1,148,180,146,-1,146,180,181,-1,146,181,144,-1,144,181,182,-1,144,182,176,-1,176,182,183,-1,176,183,174,-1,174,183,184,-1,174,184,172,-1,172,184,185,-1,172,185,170,-1,170,185,186,-1,170,186,168,-1,168,186,187,-1,168,187,166,-1,166,187,188,-1,166,188,164,-1,164,188,189,-1,164,189,162,-1,162,189,190,-1,162,190,160,-1,160,190,191,-1,160,191,158,-1,158,191,192,-1,158,192,156,-1,154,156,193,-1,193,156,192,-1,152,154,178,-1,178,154,193,-1,157,155,194,-1,194,155,195,-1,155,153,195,-1,195,153,196,-1,153,151,196,-1,196,151,197,-1,143,198,199,-1,143,199,145,-1,145,199,200,-1,145,200,147,-1,147,200,201,-1,147,201,149,-1,149,201,197,-1,149,197,151,-1,171,202,203,-1,171,203,173,-1,173,203,204,-1,173,204,175,-1,175,204,205,-1,175,205,142,-1,142,205,198,-1,142,198,143,-1,163,206,207,-1,163,207,165,-1,165,207,208,-1,165,208,167,-1,167,208,209,-1,167,209,169,-1,169,209,202,-1,169,202,171,-1,157,194,210,-1,157,210,159,-1,159,210,211,-1,159,211,161,-1,161,211,206,-1,161,206,163,-1,
        ]
    }
}
Shape{
    appearance Appearance {
        material  Material 	{
            diffuseColor 0.25098039215686274 0.25098039215686274 0.25098039215686274
            specularColor 0.12549019607843137 0.12549019607843137 0.12549019607843137
            ambientIntensity 0.2
            transparency 0
            shininess 0.5
        }
    }
    geometry IndexedFaceSet {
        ccw TRUE
        solid FALSE
        coord DEF co Coordinate {
            point [
                0.5 0.1459 0.8501, 0.5 0.1459 0.7678, 0.5 0.162 0.8501, 0.5 0.1614 0.7678, 0.5 0.176 0.7695, 0.5 0.1849 0.7729, 0.5 0.1918 0.7777, 0.5 0.2045 0.81, 0.5 0.1928 0.8401, 0.5 0.1853 0.8451, 0.5 0.1931 0.779, 0.5 0.1985 0.7857, 0.5 0.2022 0.7937, 0.5 0.1967 0.8361, 0.5 0.2034 0.8215, 0.5 0.2006 0.8298, 0.5 0.2042 0.8035, 0.5 0.1761 0.8485, 0.5 0.1761 0.8485
            ]
        }
        coordIndex [
            0,1,2,-1,2,1,3,-1,3,4,2,-1,2,4,5,-1,2,5,6,-1,7,8,9,-1,6,10,2,-1,2,10,11,-1,2,11,12,-1,8,7,13,-1,13,7,14,-1,13,14,15,-1,12,16,2,-1,2,16,7,-1,2,7,17,-1,17,7,9,-1,
        ]
    }
}
Shape{
    appearance Appearance {
        material  Material 	{
            diffuseColor 1.0 1.0 1.0
            specularColor 0.5019607843137255 0.5019607843137255 0.5019607843137255
            ambientIntensity 0.2
            transparency 0
            shininess 0.5
        }
    }
    geometry IndexedFaceSet {
        ccw TRUE
        solid FALSE
        coord DEF co Coordinate {
            point [
                0.5039 0.2548 0.7969, 0.5039 0.2504 0.7848, 0.5039 0.2906 0.7969, 0.5039 0.2949 0.7848, 0.5039 0.2708 0.8413, 0.5039 0.2656 0.8624, 0.5039 0.225 0.7556, 0.5039 0.2402 0.7556, 0.5039 0.2717 0.8445, 0.5039 0.2725 0.8488, 0.5039 0.2803 0.8624, 0.5039 0.2728 0.8488, 0.5039 0.2737 0.8442, 0.5039 0.2745 0.8413, 0.5039 0.321 0.7556, 0.5039 0.3058 0.7556, 0.5 0.2803 0.8624, 0.5 0.321 0.7556, 0.5 0.2656 0.8624, 0.5 0.225 0.7556, 0.5 0.2557 0.8364, 0.5 0.2402 0.7556, 0.5 0.2504 0.7848, 0.5 0.2949 0.7848, 0.5 0.2557 0.7848, 0.5 0.3058 0.7556, 0.5 0.2548 0.7969, 0.5 0.2906 0.7969, 0.5 0.2745 0.8413, 0.5 0.2728 0.8488, 0.5 0.2737 0.8442, 0.5 0.2725 0.8488, 0.5 0.2708 0.8413, 0.5 0.2717 0.8445, 0.5 0.2717 0.8445
            ]
        }
        coordIndex [
            0,1,2,-1,2,1,3,-1,4,5,0,-1,0,5,6,-1,0,6,1,-1,1,6,7,-1,4,8,5,-1,5,8,9,-1,5,9,10,-1,10,9,11,-1,10,11,12,-1,12,13,10,-1,10,13,2,-1,10,2,14,-1,14,2,3,-1,14,3,15,-1,10,14,16,-1,16,14,17,-1,5,10,18,-1,18,10,16,-1,19,6,20,-1,20,6,5,-1,20,5,18,-1,7,6,21,-1,21,6,19,-1,1,7,22,-1,22,7,21,-1,23,3,24,-1,24,3,1,-1,24,1,22,-1,15,3,25,-1,25,3,23,-1,14,15,17,-1,17,15,25,-1,0,2,26,-1,26,2,27,-1,2,13,27,-1,27,13,28,-1,11,29,30,-1,11,30,12,-1,12,30,28,-1,12,28,13,-1,11,9,29,-1,29,9,31,-1,4,32,33,-1,4,33,8,-1,8,33,31,-1,8,31,9,-1,4,0,32,-1,32,0,26,-1,
        ]
    }
}
Shape{
    appearance Appearance {
        material  Material 	{
            diffuseColor 0.25098039215686274 0.25098039215686274 0.25098039215686274
            specularColor 0.12549019607843137 0.12549019607843137 0.12549019607843137
            ambientIntensity 0.2
            transparency 0
            shininess 0.5
        }
    }
    geometry IndexedFaceSet {
        ccw TRUE
        solid FALSE
        coord DEF co Coordinate {
            point [
                0.5 0.2728 0.8488, 0.5 0.2725 0.8488, 0.5 0.2737 0.8442, 0.5 0.2717 0.8445, 0.5 0.2745 0.8413, 0.5 0.2708 0.8413, 0.5 0.2906 0.7969, 0.5 0.2548 0.7969, 0.5 0.2548 0.7969
            ]
        }
        coordIndex [
            0,1,2,-1,2,1,3,-1,2,3,4,-1,4,3,5,-1,4,5,6,-1,6,5,7,-1,
        ]
    }
}
Shape{
    appearance Appearance {
        material  Material 	{
            diffuseColor 1.0 1.0 1.0
            specularColor 0.5019607843137255 0.5019607843137255 0.5019607843137255
            ambientIntensity 0.2
            transparency 0
            shininess 0.5
        }
    }
    geometry IndexedFaceSet {
        ccw TRUE
        solid FALSE
        coord DEF co Coordinate {
            point [
                0.5039 -0.05 0.5985, 0.5039 -0.05 0.5863, 0.5 -0.05 0.5985, 0.5 -0.05 0.5863, 0.5039 -0.0937 0.5985, 0.5 -0.0937 0.5985, 0.5039 -0.0937 0.6344, 0.5 -0.0937 0.6344, 0.5039 -0.0555 0.6344, 0.5 -0.0555 0.6344, 0.5039 -0.0555 0.6466, 0.5 -0.0555 0.6466, 0.5039 -0.0937 0.6466, 0.5 -0.0937 0.6466, 0.5039 -0.0937 0.6808, 0.5 -0.0937 0.6808, 0.5039 -0.0525 0.6808, 0.5 -0.0525 0.6808, 0.5039 -0.0525 0.693, 0.5 -0.0525 0.693, 0.5039 -0.1074 0.693, 0.5 -0.1074 0.693, 0.5039 -0.1074 0.5863, 0.5 -0.1074 0.5863, 0.5039 0.0103 0.5981, 0.5039 0.0107 0.5981, 0.5039 0.0098 0.6104, 0.5039 0.0107 0.6163, 0.5039 0.024 0.6353, 0.5039 0.0107 0.6172, 0.5039 0.0107 0.6245, 0.5039 0.0107 0.5863, 0.5039 0.024 0.5863, 0.5039 -0.0184 0.6188, 0.5039 -0.0152 0.6203, 0.5039 -0.0222 0.629, 0.5039 0.0078 0.6056, 0.5039 0.0049 0.6017, 0.5039 0.0082 0.5949, 0.5039 0.0033 0.6, 0.5039 0.004 0.5903, 0.5039 -0.0005 0.5975, 0.5039 -0.0007 0.5872, 0.5039 -0.0046 0.596, 0.5039 -0.0061 0.5852, 0.5039 -0.0096 0.5955, 0.5039 -0.013 0.5845, 0.5039 -0.0141 0.596, 0.5039 -0.021 0.5854, 0.5039 -0.0171 0.5971, 0.5039 -0.0262 0.5873, 0.5039 -0.0198 0.5989, 0.5039 -0.0307 0.5905, 0.5039 -0.0209 0.6, 0.5039 -0.0119 0.6316, 0.5039 -0.0072 0.6221, 0.5039 0.0107 0.6347, 0.5039 -0.0201 0.6174, 0.5039 -0.0279 0.6261, 0.5039 -0.0217 0.6155, 0.5039 -0.0319 0.6225, 0.5039 -0.0229 0.613, 0.5039 -0.0346 0.6187, 0.5039 -0.0236 0.6099, 0.5039 -0.0364 0.6139, 0.5039 -0.0237 0.6078, 0.5039 -0.0372 0.6067, 0.5039 -0.0233 0.6047, 0.5039 -0.0366 0.6006, 0.5039 -0.0224 0.6023, 0.5039 -0.035 0.5961, 0.5039 -0.0322 0.592, 0.5039 -0.0298 0.6572, 0.5039 -0.0298 0.6442, 0.5039 -0.0269 0.6588, 0.5039 -0.0213 0.6496, 0.5039 -0.017 0.6627, 0.5039 -0.0129 0.6525, 0.5039 -0.0035 0.6643, 0.5039 -0.0048 0.6534, 0.5039 0.0042 0.6636, 0.5039 -0.0002 0.6529, 0.5039 0.0099 0.6619, 0.5039 0.0029 0.6519, 0.5039 0.0144 0.6594, 0.5039 0.0052 0.6503, 0.5039 0.018 0.6561, 0.5039 0.0072 0.6482, 0.5039 0.0208 0.6518, 0.5039 0.0088 0.6454, 0.5039 0.0229 0.6459, 0.5039 0.0102 0.6407, 0.5 -0.0035 0.6643, 0.5 -0.017 0.6627, 0.5 -0.0269 0.6588, 0.5 -0.0298 0.6572, 0.5 -0.0298 0.6442, 0.5 -0.0213 0.6496, 0.5 -0.0129 0.6525, 0.5 -0.0048 0.6534, 0.5 -0.0002 0.6529, 0.5 0.0029 0.6519, 0.5 0.0052 0.6503, 0.5 0.0072 0.6482, 0.5 0.0088 0.6454, 0.5 0.0102 0.6407, 0.5 0.0107 0.6347, 0.5 -0.0119 0.6316, 0.5 -0.0222 0.629, 0.5 -0.0279 0.6261, 0.5 -0.0319 0.6225, 0.5 -0.0346 0.6187, 0.5 -0.0364 0.6139, 0.5 -0.0372 0.6067, 0.5 -0.0366 0.6006, 0.5 -0.035 0.5961, 0.5 -0.0322 0.592, 0.5 -0.0307 0.5905, 0.5 -0.013 0.5845, 0.5 -0.0208 0.5854, 0.5 -0.021 0.5854, 0.5 -0.0262 0.5873, 0.5 -0.0061 0.5852, 0.5 -0.0058 0.5854, 0.5 -0.0007 0.5872, 0.5 0.004 0.5903, 0.5 0.0082 0.5949, 0.5 0.0103 0.5981, 0.5 0.0107 0.5981, 0.5 0.0107 0.5863, 0.5 0.024 0.5863, 0.5 0.024 0.6353, 0.5 0.0229 0.6459, 0.5 0.0208 0.6518, 0.5 0.018 0.6561, 0.5 0.0144 0.6594, 0.5 0.0099 0.6619, 0.5 0.0042 0.6636, 0.5 -0.0201 0.6174, 0.5 -0.0184 0.6188, 0.5 -0.0152 0.6203, 0.5 -0.0072 0.6221, 0.5 -0.0237 0.6078, 0.5 -0.0236 0.6099, 0.5 -0.0229 0.613, 0.5 -0.0217 0.6155, 0.5 -0.0198 0.5989, 0.5 -0.0209 0.6, 0.5 -0.0224 0.6023, 0.5 -0.0233 0.6047, 0.5 -0.0096 0.5955, 0.5 -0.0141 0.596, 0.5 -0.0171 0.5971, 0.5 0.0049 0.6017, 0.5 0.0033 0.6, 0.5 -0.0005 0.5975, 0.5 -0.0046 0.596, 0.5 0.0107 0.6172, 0.5 0.0107 0.6163, 0.5 0.0098 0.6104, 0.5 0.0078 0.6056, 0.5 0.0107 0.6245, 0.5 0.0107 0.6245
            ]
        }
        coordIndex [
            0,1,2,-1,2,1,3,-1,4,0,5,-1,5,0,2,-1,6,4,7,-1,7,4,5,-1,8,6,9,-1,9,6,7,-1,10,8,11,-1,11,8,9,-1,12,10,13,-1,13,10,11,-1,14,12,15,-1,15,12,13,-1,16,14,17,-1,17,14,15,-1,18,16,19,-1,19,16,17,-1,20,18,21,-1,21,18,19,-1,22,20,23,-1,23,20,21,-1,1,22,3,-1,3,22,23,-1,22,1,0,-1,0,4,22,-1,22,4,6,-1,22,6,20,-1,16,18,14,-1,14,18,20,-1,14,20,12,-1,12,20,6,-1,12,6,10,-1,10,6,8,-1,24,25,26,-1,27,28,29,-1,29,28,30,-1,31,32,25,-1,25,32,28,-1,25,28,26,-1,26,28,27,-1,33,34,35,-1,26,36,24,-1,24,36,37,-1,24,37,38,-1,38,37,39,-1,38,39,40,-1,40,39,41,-1,40,41,42,-1,42,41,43,-1,42,43,44,-1,44,43,45,-1,44,45,46,-1,46,45,47,-1,46,47,48,-1,48,47,49,-1,48,49,50,-1,50,49,51,-1,50,51,52,-1,52,51,53,-1,35,34,54,-1,54,34,55,-1,54,55,56,-1,33,35,57,-1,57,35,58,-1,57,58,59,-1,59,58,60,-1,59,60,61,-1,61,60,62,-1,61,62,63,-1,63,62,64,-1,63,64,65,-1,65,64,66,-1,65,66,67,-1,67,66,68,-1,67,68,69,-1,69,68,70,-1,69,70,53,-1,53,70,71,-1,53,71,52,-1,72,73,74,-1,74,73,75,-1,74,75,76,-1,76,75,77,-1,76,77,78,-1,78,77,79,-1,78,79,80,-1,80,79,81,-1,80,81,82,-1,82,81,83,-1,82,83,84,-1,84,83,85,-1,84,85,86,-1,86,85,87,-1,86,87,88,-1,88,87,89,-1,88,89,90,-1,90,89,91,-1,90,91,28,-1,28,91,56,-1,28,56,30,-1,30,56,55,-1,78,92,93,-1,78,93,76,-1,76,93,94,-1,76,94,74,-1,74,94,95,-1,74,95,72,-1,73,72,96,-1,96,72,95,-1,73,96,97,-1,73,97,75,-1,75,97,98,-1,75,98,77,-1,77,98,99,-1,77,99,79,-1,79,99,100,-1,79,100,81,-1,81,100,101,-1,81,101,83,-1,83,101,102,-1,83,102,85,-1,85,102,103,-1,85,103,87,-1,87,103,104,-1,87,104,89,-1,89,104,105,-1,89,105,91,-1,91,105,106,-1,91,106,56,-1,54,56,107,-1,107,56,106,-1,54,107,108,-1,54,108,35,-1,35,108,109,-1,35,109,58,-1,58,109,110,-1,58,110,60,-1,60,110,111,-1,60,111,62,-1,62,111,112,-1,62,112,64,-1,64,112,113,-1,64,113,66,-1,66,113,114,-1,66,114,68,-1,68,114,115,-1,68,115,70,-1,70,115,116,-1,70,116,71,-1,71,116,117,-1,71,117,52,-1,118,46,119,-1,119,46,48,-1,119,48,120,-1,120,48,50,-1,120,50,121,-1,121,50,52,-1,121,52,117,-1,46,118,122,-1,46,122,44,-1,44,122,123,-1,44,123,42,-1,123,124,42,-1,42,124,125,-1,42,125,40,-1,40,125,126,-1,40,126,38,-1,38,126,127,-1,38,127,24,-1,25,24,128,-1,128,24,127,-1,31,25,129,-1,129,25,128,-1,32,31,130,-1,130,31,129,-1,28,32,131,-1,131,32,130,-1,28,131,132,-1,28,132,90,-1,90,132,133,-1,90,133,88,-1,88,133,134,-1,88,134,86,-1,86,134,135,-1,86,135,84,-1,84,135,136,-1,84,136,82,-1,82,136,137,-1,82,137,80,-1,80,137,92,-1,80,92,78,-1,57,138,139,-1,57,139,33,-1,33,139,140,-1,33,140,34,-1,34,140,141,-1,34,141,55,-1,65,142,143,-1,65,143,63,-1,63,143,144,-1,63,144,61,-1,61,144,145,-1,61,145,59,-1,59,145,138,-1,59,138,57,-1,51,146,147,-1,51,147,53,-1,53,147,148,-1,53,148,69,-1,69,148,149,-1,69,149,67,-1,67,149,142,-1,67,142,65,-1,45,150,151,-1,45,151,47,-1,47,151,152,-1,47,152,49,-1,49,152,146,-1,49,146,51,-1,37,153,154,-1,37,154,39,-1,39,154,155,-1,39,155,41,-1,41,155,156,-1,41,156,43,-1,43,156,150,-1,43,150,45,-1,29,157,158,-1,29,158,27,-1,27,158,159,-1,27,159,26,-1,26,159,160,-1,26,160,36,-1,36,160,153,-1,36,153,37,-1,29,30,157,-1,157,30,161,-1,30,55,161,-1,161,55,141,-1,
        ]
    }
}
Shape{
    appearance Appearance {
        material  Material 	{
            diffuseColor 0.25098039215686274 0.25098039215686274 0.25098039215686274
            specularColor 0.12549019607843137 0.12549019607843137 0.12549019607843137
            ambientIntensity 0.2
            transparency 0
            shininess 0.5
        }
    }
    geometry IndexedFaceSet {
        ccw TRUE
        solid FALSE
        coord DEF co Coordinate {
            point [
                0.5 0.0107 0.6163, 0.5 0.0107 0.6172, 0.5 -0.0201 0.6174, 0.5 0.0107 0.6245, 0.5 -0.0072 0.6221, 0.5 -0.0152 0.6203, 0.5 -0.0184 0.6188, 0.5 0.0098 0.6104, 0.5 -0.0217 0.6155, 0.5 0.0078 0.6056, 0.5 -0.0209 0.6, 0.5 -0.0198 0.5989, 0.5 0.0033 0.6, 0.5 -0.0224 0.6023, 0.5 -0.0005 0.5975, 0.5 -0.0046 0.596, 0.5 -0.0096 0.5955, 0.5 -0.0229 0.613, 0.5 -0.0236 0.6099, 0.5 0.0049 0.6017, 0.5 -0.0237 0.6078, 0.5 -0.0233 0.6047, 0.5 -0.0171 0.5971, 0.5 -0.0141 0.596, 0.5 -0.0141 0.596
            ]
        }
        coordIndex [
            0,1,2,-1,1,3,4,-1,4,5,1,-1,1,5,6,-1,1,6,2,-1,0,2,7,-1,7,2,8,-1,7,8,9,-1,10,11,12,-1,10,12,13,-1,14,12,15,-1,15,12,16,-1,8,17,9,-1,9,17,18,-1,9,18,19,-1,19,18,20,-1,19,20,12,-1,12,20,21,-1,12,21,13,-1,11,22,12,-1,12,22,23,-1,12,23,16,-1,
        ]
    }
}
Shape{
    appearance Appearance {
        material  Material 	{
            diffuseColor 1.0 1.0 1.0
            specularColor 0.5019607843137255 0.5019607843137255 0.5019607843137255
            ambientIntensity 0.2
            transparency 0
            shininess 0.5
        }
    }
    geometry IndexedFaceSet {
        ccw TRUE
        solid FALSE
        coord DEF co Coordinate {
            point [
                0.5 0.0422 0.6028, 0.5039 0.0422 0.6028, 0.5039 0.0469 0.5998, 0.5039 0.0642 0.5954, 0.5 0.0642 0.5954, 0.5 0.0553 0.5965, 0.5039 0.0553 0.5965, 0.5 0.0483 0.5992, 0.5 0.0469 0.5998, 0.5039 0.0422 0.589, 0.5 0.0422 0.589, 0.5039 0.051 0.5858, 0.5 0.0483 0.5867, 0.5 0.0628 0.5845, 0.5039 0.0628 0.5845, 0.5 0.0547 0.5854, 0.5 0.051 0.5858, 0.5 0.0715 0.5854, 0.5039 0.0737 0.5856, 0.5 0.0737 0.5856, 0.5 0.081 0.5881, 0.5039 0.081 0.5881, 0.5 0.0851 0.5905, 0.5039 0.0851 0.5905, 0.5 0.0889 0.5939, 0.5039 0.0889 0.5939, 0.5 0.0914 0.5974, 0.5039 0.0914 0.5974, 0.5 0.093 0.6016, 0.5039 0.093 0.6016, 0.5 0.0937 0.607, 0.5039 0.0937 0.607, 0.5 0.0931 0.612, 0.5039 0.0931 0.612, 0.5 0.0917 0.6159, 0.5039 0.0917 0.6159, 0.5 0.0892 0.6196, 0.5039 0.0892 0.6196, 0.5 0.086 0.6225, 0.5039 0.086 0.6225, 0.5 0.0771 0.6274, 0.5039 0.0771 0.6274, 0.5 0.0719 0.6295, 0.5039 0.0719 0.6295, 0.5 0.0637 0.6331, 0.5039 0.0637 0.6331, 0.5 0.0589 0.6361, 0.5039 0.0589 0.6361, 0.5 0.0576 0.6375, 0.5039 0.0576 0.6375, 0.5 0.0567 0.6393, 0.5039 0.0567 0.6393, 0.5 0.0561 0.6414, 0.5039 0.0561 0.6414, 0.5 0.056 0.6432, 0.5039 0.056 0.6432, 0.5 0.0563 0.6453, 0.5039 0.0563 0.6453, 0.5 0.0569 0.6471, 0.5039 0.0569 0.6471, 0.5 0.0581 0.6488, 0.5039 0.0581 0.6488, 0.5 0.0601 0.6506, 0.5039 0.0601 0.6506, 0.5 0.0631 0.6522, 0.5039 0.0631 0.6522, 0.5 0.0667 0.6531, 0.5039 0.0667 0.6531, 0.5 0.0706 0.6534, 0.5039 0.0706 0.6534, 0.5 0.0798 0.6523, 0.5039 0.0798 0.6523, 0.5 0.0874 0.6494, 0.5039 0.0874 0.6494, 0.5 0.09 0.6479, 0.5039 0.09 0.6479, 0.5039 0.09 0.6609, 0.5 0.09 0.6609, 0.5 0.0806 0.6636, 0.5039 0.0806 0.6636, 0.5 0.0719 0.6643, 0.5039 0.0719 0.6643, 0.5 0.0619 0.6632, 0.5039 0.0619 0.6632, 0.5 0.0546 0.6605, 0.5039 0.0546 0.6605, 0.5 0.0508 0.6582, 0.5039 0.0508 0.6582, 0.5 0.0483 0.656, 0.5039 0.0468 0.6547, 0.5 0.0468 0.6547, 0.5 0.0444 0.651, 0.5039 0.0444 0.651, 0.5 0.0428 0.6467, 0.5039 0.0428 0.6467, 0.5 0.0422 0.642, 0.5039 0.0422 0.642, 0.5 0.0428 0.6368, 0.5039 0.0428 0.6368, 0.5 0.0443 0.6327, 0.5039 0.0443 0.6327, 0.5 0.046 0.6299, 0.5039 0.046 0.6299, 0.5 0.0625 0.6198, 0.5039 0.0625 0.6198, 0.5039 0.0545 0.6234, 0.5 0.0482 0.6276, 0.5039 0.0482 0.6276, 0.5 0.0483 0.6275, 0.5 0.0545 0.6234, 0.5 0.0713 0.6161, 0.5039 0.0713 0.6161, 0.5 0.0765 0.613, 0.5039 0.0765 0.613, 0.5 0.0782 0.6112, 0.5039 0.0782 0.6112, 0.5 0.0792 0.6095, 0.5039 0.0792 0.6095, 0.5 0.0798 0.6074, 0.5039 0.0798 0.6074, 0.5 0.0799 0.6057, 0.5039 0.0799 0.6057, 0.5 0.0797 0.6032, 0.5039 0.0797 0.6032, 0.5 0.079 0.6013, 0.5039 0.079 0.6013, 0.5 0.0778 0.5995, 0.5039 0.0778 0.5995, 0.5 0.0763 0.5982, 0.5039 0.0763 0.5982, 0.5 0.0751 0.5974, 0.5039 0.0751 0.5974, 0.5 0.0716 0.5962, 0.5039 0.0716 0.5962, 0.5 0.0647 0.5954, 0.5039 0.0647 0.5954, 0.5039 0.1599 0.6625, 0.5039 0.1738 0.6625, 0.5 0.1599 0.6625, 0.5 0.1738 0.6625, 0.5039 0.1391 0.6051, 0.5 0.1391 0.6051, 0.5 0.1381 0.6016, 0.5039 0.1381 0.6016, 0.5 0.1375 0.5989, 0.5039 0.1375 0.5989, 0.5039 0.1371 0.5989, 0.5 0.1371 0.5989, 0.5039 0.1355 0.6052, 0.5 0.1355 0.6052, 0.5 0.1156 0.6625, 0.5039 0.1156 0.6625, 0.5 0.122 0.644, 0.5039 0.1006 0.6625, 0.5 0.1006 0.6625, 0.5 0.1305 0.5864, 0.5039 0.1305 0.5864, 0.5 0.122 0.6081, 0.5 0.1247 0.5726, 0.5039 0.1247 0.5726, 0.5 0.1301 0.5854, 0.5 0.122 0.5678, 0.5039 0.122 0.5678, 0.5 0.122 0.5678, 0.5039 0.1196 0.565, 0.5 0.1196 0.565, 0.5 0.1171 0.5633, 0.5039 0.1171 0.5633, 0.5 0.1142 0.5622, 0.5039 0.1142 0.5622, 0.5 0.111 0.5618, 0.5039 0.111 0.5618, 0.5 0.1061 0.5625, 0.5039 0.1061 0.5625, 0.5 0.1034 0.5634, 0.5039 0.1034 0.5634, 0.5039 0.1034 0.5515, 0.5 0.1034 0.5515, 0.5 0.109 0.5505, 0.5039 0.109 0.5505, 0.5 0.112 0.5504, 0.5039 0.112 0.5504, 0.5 0.1174 0.551, 0.5039 0.1174 0.551, 0.5 0.122 0.5528, 0.5039 0.1227 0.553, 0.5 0.1227 0.553, 0.5 0.1273 0.5563, 0.5039 0.1273 0.5563, 0.5 0.1283 0.5571, 0.5039 0.1283 0.5571, 0.5 0.1332 0.563, 0.5039 0.1332 0.563, 0.5 0.1392 0.5748, 0.5039 0.1392 0.5748, 0.5 0.1434 0.5854, 0.5039 0.2456 0.5985, 0.5039 0.2456 0.5863, 0.5 0.2456 0.5985, 0.5 0.2456 0.5863, 0.5 0.202 0.5985, 0.5039 0.202 0.5985, 0.5 0.222 0.5985, 0.5039 0.202 0.6344, 0.5 0.202 0.6344, 0.5 0.2402 0.6344, 0.5039 0.2402 0.6344, 0.5 0.222 0.6344, 0.5039 0.2402 0.6466, 0.5 0.2402 0.6466, 0.5 0.202 0.6466, 0.5039 0.202 0.6466, 0.5 0.222 0.6466, 0.5039 0.202 0.6808, 0.5 0.202 0.6808, 0.5 0.2432 0.6808, 0.5039 0.2432 0.6808, 0.5 0.222 0.6808, 0.5039 0.2432 0.693, 0.5 0.2432 0.693, 0.5 0.1882 0.693, 0.5039 0.1882 0.693, 0.5 0.222 0.693, 0.5039 0.1882 0.5863, 0.5 0.1882 0.5863, 0.5 0.222 0.5863, 0.5039 0.3322 0.6163, 0.5039 0.3268 0.6096, 0.5039 0.3366 0.6012, 0.5039 0.3255 0.6084, 0.5039 0.3254 0.5932, 0.5039 0.3186 0.6036, 0.5039 0.3132 0.5885, 0.5039 0.3097 0.6002, 0.5039 0.2952 0.5863, 0.5039 0.2951 0.5985, 0.5039 0.2658 0.5863, 0.5039 0.2796 0.5985, 0.5039 0.2658 0.693, 0.5039 0.2796 0.6808, 0.5039 0.2963 0.693, 0.5039 0.2957 0.6808, 0.5039 0.3126 0.6912, 0.5039 0.3097 0.6792, 0.5039 0.3254 0.6865, 0.5039 0.319 0.6758, 0.5039 0.3366 0.6789, 0.5039 0.3265 0.6707, 0.5039 0.3404 0.6752, 0.5039 0.3304 0.6667, 0.5039 0.347 0.6658, 0.5039 0.3343 0.6604, 0.5039 0.351 0.6556, 0.5039 0.3371 0.6521, 0.5039 0.3527 0.641, 0.5039 0.3382 0.6406, 0.5039 0.3522 0.6323, 0.5039 0.3379 0.6341, 0.5039 0.3493 0.6201, 0.5039 0.3359 0.6243, 0.5039 0.3436 0.6093, 0.5 0.2952 0.5863, 0.5 0.2658 0.5863, 0.5 0.3132 0.5885, 0.5 0.3254 0.5932, 0.5 0.3366 0.6012, 0.5 0.3436 0.6093, 0.5 0.3493 0.6201, 0.5 0.3522 0.6323, 0.5 0.3527 0.641, 0.5 0.351 0.6556, 0.5 0.347 0.6658, 0.5 0.3404 0.6752, 0.5 0.3366 0.6789, 0.5 0.3254 0.6865, 0.5 0.3126 0.6912, 0.5 0.2963 0.693, 0.5 0.2658 0.693, 0.5 0.2957 0.6808, 0.5 0.2796 0.6808, 0.5 0.2796 0.5985, 0.5 0.2951 0.5985, 0.5 0.3268 0.6096, 0.5 0.3255 0.6084, 0.5 0.3186 0.6036, 0.5 0.3097 0.6002, 0.5 0.3382 0.6406, 0.5 0.3379 0.6341, 0.5 0.3359 0.6243, 0.5 0.3322 0.6163, 0.5 0.3265 0.6707, 0.5 0.3304 0.6667, 0.5 0.3343 0.6604, 0.5 0.3371 0.6521, 0.5 0.3097 0.6792, 0.5 0.319 0.6758, 0.5 0.319 0.6758
            ]
        }
        coordIndex [
            0,1,2,-1,3,4,5,-1,3,5,6,-1,6,5,7,-1,6,7,2,-1,2,7,8,-1,2,8,0,-1,9,1,10,-1,10,1,0,-1,9,10,11,-1,11,10,12,-1,13,14,15,-1,15,14,11,-1,15,11,16,-1,16,11,12,-1,13,17,14,-1,14,17,18,-1,17,19,18,-1,18,19,20,-1,18,20,21,-1,21,20,22,-1,21,22,23,-1,23,22,24,-1,23,24,25,-1,25,24,26,-1,25,26,27,-1,27,26,28,-1,27,28,29,-1,29,28,30,-1,29,30,31,-1,31,30,32,-1,31,32,33,-1,33,32,34,-1,33,34,35,-1,35,34,36,-1,35,36,37,-1,37,36,38,-1,37,38,39,-1,39,38,40,-1,39,40,41,-1,41,40,42,-1,41,42,43,-1,43,42,44,-1,43,44,45,-1,45,44,46,-1,45,46,47,-1,47,46,48,-1,47,48,49,-1,49,48,50,-1,49,50,51,-1,51,50,52,-1,51,52,53,-1,53,52,54,-1,53,54,55,-1,55,54,56,-1,55,56,57,-1,57,56,58,-1,57,58,59,-1,59,58,60,-1,59,60,61,-1,61,60,62,-1,61,62,63,-1,63,62,64,-1,63,64,65,-1,65,64,66,-1,65,66,67,-1,67,66,68,-1,67,68,69,-1,69,68,70,-1,69,70,71,-1,71,70,72,-1,71,72,73,-1,73,72,74,-1,73,74,75,-1,76,75,77,-1,77,75,74,-1,76,77,78,-1,76,78,79,-1,79,78,80,-1,79,80,81,-1,81,80,82,-1,81,82,83,-1,83,82,84,-1,83,84,85,-1,85,84,86,-1,85,86,87,-1,86,88,87,-1,87,88,89,-1,88,90,89,-1,89,90,91,-1,89,91,92,-1,92,91,93,-1,92,93,94,-1,94,93,95,-1,94,95,96,-1,96,95,97,-1,96,97,98,-1,98,97,99,-1,98,99,100,-1,100,99,101,-1,100,101,102,-1,103,104,105,-1,102,101,106,-1,102,106,107,-1,107,106,108,-1,107,108,105,-1,105,108,109,-1,105,109,103,-1,104,103,110,-1,104,110,111,-1,111,110,112,-1,111,112,113,-1,113,112,114,-1,113,114,115,-1,115,114,116,-1,115,116,117,-1,117,116,118,-1,117,118,119,-1,119,118,120,-1,119,120,121,-1,121,120,122,-1,121,122,123,-1,123,122,124,-1,123,124,125,-1,125,124,126,-1,125,126,127,-1,127,126,128,-1,127,128,129,-1,129,128,130,-1,129,130,131,-1,131,130,132,-1,131,132,133,-1,133,132,134,-1,133,134,135,-1,135,134,4,-1,135,4,3,-1,61,63,85,-1,85,63,83,-1,111,43,104,-1,104,43,45,-1,21,23,127,-1,127,23,25,-1,127,25,125,-1,125,25,27,-1,125,27,123,-1,123,27,29,-1,123,29,121,-1,121,29,31,-1,121,31,119,-1,119,31,33,-1,119,33,117,-1,117,33,35,-1,117,35,115,-1,115,35,37,-1,115,37,113,-1,113,37,39,-1,113,39,111,-1,111,39,41,-1,111,41,43,-1,14,3,11,-1,11,3,6,-1,11,6,9,-1,9,6,2,-1,9,2,1,-1,63,65,83,-1,83,65,67,-1,83,67,81,-1,81,67,69,-1,81,69,79,-1,79,69,71,-1,79,71,76,-1,76,71,73,-1,76,73,75,-1,127,129,21,-1,21,129,131,-1,21,131,18,-1,18,131,133,-1,18,133,14,-1,14,133,135,-1,14,135,3,-1,85,87,61,-1,61,87,89,-1,61,89,59,-1,59,89,92,-1,59,92,57,-1,57,92,94,-1,57,94,55,-1,55,94,96,-1,55,96,53,-1,53,96,98,-1,53,98,51,-1,51,98,100,-1,51,100,49,-1,49,100,102,-1,49,102,47,-1,47,102,107,-1,47,107,45,-1,45,107,105,-1,45,105,104,-1,136,137,138,-1,138,137,139,-1,140,136,141,-1,141,136,138,-1,140,141,142,-1,140,142,143,-1,143,142,144,-1,143,144,145,-1,146,145,147,-1,147,145,144,-1,148,146,149,-1,149,146,147,-1,150,151,152,-1,152,151,148,-1,152,148,149,-1,153,151,154,-1,154,151,150,-1,155,156,157,-1,157,156,153,-1,157,153,154,-1,158,159,160,-1,160,159,156,-1,160,156,155,-1,159,158,161,-1,159,161,162,-1,162,161,163,-1,162,163,164,-1,163,165,164,-1,164,165,166,-1,164,166,167,-1,167,166,168,-1,167,168,169,-1,169,168,170,-1,169,170,171,-1,171,170,172,-1,171,172,173,-1,173,172,174,-1,173,174,175,-1,176,175,177,-1,177,175,174,-1,176,177,178,-1,176,178,179,-1,179,178,180,-1,179,180,181,-1,181,180,182,-1,181,182,183,-1,183,182,184,-1,183,184,185,-1,184,186,185,-1,185,186,187,-1,185,187,188,-1,188,187,189,-1,188,189,190,-1,190,189,191,-1,190,191,192,-1,192,191,193,-1,192,193,194,-1,139,137,195,-1,195,137,194,-1,195,194,193,-1,143,145,194,-1,137,136,194,-1,194,136,140,-1,194,140,143,-1,151,153,148,-1,148,153,156,-1,148,156,146,-1,192,162,190,-1,190,162,164,-1,175,176,173,-1,173,176,179,-1,173,179,171,-1,171,179,181,-1,171,181,169,-1,169,181,183,-1,169,183,167,-1,167,183,185,-1,167,185,164,-1,164,185,188,-1,164,188,190,-1,145,146,194,-1,194,146,156,-1,194,156,192,-1,192,156,159,-1,192,159,162,-1,196,197,198,-1,198,197,199,-1,200,201,202,-1,202,201,196,-1,202,196,198,-1,203,201,204,-1,204,201,200,-1,205,206,207,-1,207,206,203,-1,207,203,204,-1,208,206,209,-1,209,206,205,-1,210,211,212,-1,212,211,208,-1,212,208,209,-1,213,211,214,-1,214,211,210,-1,215,216,217,-1,217,216,213,-1,217,213,214,-1,218,216,219,-1,219,216,215,-1,220,221,222,-1,222,221,218,-1,222,218,219,-1,223,221,224,-1,224,221,220,-1,199,197,225,-1,225,197,223,-1,225,223,224,-1,223,197,196,-1,196,201,223,-1,223,201,203,-1,223,203,221,-1,216,218,213,-1,213,218,221,-1,213,221,211,-1,211,221,203,-1,211,203,208,-1,208,203,206,-1,226,227,228,-1,228,227,229,-1,228,229,230,-1,230,229,231,-1,230,231,232,-1,232,231,233,-1,232,233,234,-1,234,233,235,-1,234,235,236,-1,236,235,237,-1,236,237,238,-1,238,237,239,-1,238,239,240,-1,240,239,241,-1,240,241,242,-1,242,241,243,-1,242,243,244,-1,244,243,245,-1,244,245,246,-1,246,245,247,-1,246,247,248,-1,248,247,249,-1,248,249,250,-1,250,249,251,-1,250,251,252,-1,252,251,253,-1,252,253,254,-1,254,253,255,-1,254,255,256,-1,256,255,257,-1,256,257,258,-1,258,257,259,-1,258,259,260,-1,260,259,226,-1,260,226,228,-1,234,236,261,-1,261,236,262,-1,234,261,263,-1,234,263,232,-1,232,263,264,-1,232,264,230,-1,230,264,265,-1,230,265,228,-1,228,265,266,-1,228,266,260,-1,260,266,267,-1,260,267,258,-1,258,267,268,-1,258,268,256,-1,256,268,269,-1,256,269,254,-1,254,269,270,-1,254,270,252,-1,252,270,271,-1,252,271,250,-1,250,271,272,-1,250,272,248,-1,248,272,273,-1,248,273,246,-1,246,273,274,-1,246,274,244,-1,244,274,275,-1,244,275,242,-1,242,275,276,-1,242,276,240,-1,238,240,277,-1,277,240,276,-1,236,238,262,-1,262,238,277,-1,241,239,278,-1,278,239,279,-1,239,237,279,-1,279,237,280,-1,237,235,280,-1,280,235,281,-1,227,282,283,-1,227,283,229,-1,229,283,284,-1,229,284,231,-1,231,284,285,-1,231,285,233,-1,233,285,281,-1,233,281,235,-1,255,286,287,-1,255,287,257,-1,257,287,288,-1,257,288,259,-1,259,288,289,-1,259,289,226,-1,226,289,282,-1,226,282,227,-1,247,290,291,-1,247,291,249,-1,249,291,292,-1,249,292,251,-1,251,292,293,-1,251,293,253,-1,253,293,286,-1,253,286,255,-1,241,278,294,-1,241,294,243,-1,243,294,295,-1,243,295,245,-1,245,295,290,-1,245,290,247,-1,
        ]
    }
}
Shape{
    appearance Appearance {
        material  Material 	{
            diffuseColor 0.25098039215686274 0.25098039215686274 0.25098039215686274
            specularColor 0.12549019607843137 0.12549019607843137 0.12549019607843137
            ambientIntensity 0.2
            transparency 0
            shininess 0.5
        }
    }
    geometry IndexedFaceSet {
        ccw TRUE
        solid FALSE
        coord DEF co Coordinate {
            point [
                0.5 0.2796 0.6808, 0.5 0.2796 0.5985, 0.5 0.2957 0.6808, 0.5 0.2951 0.5985, 0.5 0.3097 0.6002, 0.5 0.3186 0.6036, 0.5 0.3255 0.6084, 0.5 0.3382 0.6406, 0.5 0.3265 0.6707, 0.5 0.319 0.6758, 0.5 0.3268 0.6096, 0.5 0.3322 0.6163, 0.5 0.3359 0.6243, 0.5 0.3304 0.6667, 0.5 0.3371 0.6521, 0.5 0.3343 0.6604, 0.5 0.3379 0.6341, 0.5 0.3097 0.6792, 0.5 0.3097 0.6792
            ]
        }
        coordIndex [
            0,1,2,-1,2,1,3,-1,3,4,2,-1,2,4,5,-1,2,5,6,-1,7,8,9,-1,6,10,2,-1,2,10,11,-1,2,11,12,-1,8,7,13,-1,13,7,14,-1,13,14,15,-1,12,16,2,-1,2,16,7,-1,2,7,17,-1,17,7,9,-1,
        ]
    }
}
Shape{
    appearance Appearance {
        material  Material 	{
            diffuseColor 1.0 1.0 1.0
            specularColor 0.5019607843137255 0.5019607843137255 0.5019607843137255
            ambientIntensity 0.2
            transparency 0
            shininess 0.5
        }
    }
    geometry IndexedFaceSet {
        ccw TRUE
        solid FALSE
        coord DEF co Coordinate {
            point [
                0.5039 0.3885 0.6275, 0.5039 0.3841 0.6155, 0.5039 0.4243 0.6275, 0.5039 0.4286 0.6155, 0.5039 0.4045 0.6719, 0.5039 0.3993 0.693, 0.5039 0.3586 0.5863, 0.5039 0.3739 0.5863, 0.5039 0.4054 0.6751, 0.5039 0.4062 0.6794, 0.5039 0.414 0.693, 0.5039 0.4065 0.6794, 0.5039 0.4074 0.6749, 0.5039 0.4082 0.6719, 0.5039 0.4547 0.5863, 0.5039 0.4395 0.5863, 0.5 0.414 0.693, 0.5 0.4547 0.5863, 0.5 0.3993 0.693, 0.5 0.3586 0.5863, 0.5 0.3739 0.5863, 0.5 0.3841 0.6155, 0.5 0.4286 0.6155, 0.5 0.4395 0.5863, 0.5 0.3885 0.6275, 0.5 0.4243 0.6275, 0.5 0.4082 0.6719, 0.5 0.4065 0.6794, 0.5 0.4074 0.6749, 0.5 0.4062 0.6794, 0.5 0.4045 0.6719, 0.5 0.4054 0.6751, 0.5 0.4054 0.6751
            ]
        }
        coordIndex [
            0,1,2,-1,2,1,3,-1,4,5,0,-1,0,5,6,-1,0,6,1,-1,1,6,7,-1,4,8,5,-1,5,8,9,-1,5,9,10,-1,10,9,11,-1,10,11,12,-1,12,13,10,-1,10,13,2,-1,10,2,14,-1,14,2,3,-1,14,3,15,-1,10,14,16,-1,16,14,17,-1,5,10,18,-1,18,10,16,-1,6,5,19,-1,19,5,18,-1,7,6,20,-1,20,6,19,-1,1,7,21,-1,21,7,20,-1,3,1,22,-1,22,1,21,-1,15,3,23,-1,23,3,22,-1,14,15,17,-1,17,15,23,-1,0,2,24,-1,24,2,25,-1,2,13,25,-1,25,13,26,-1,11,27,28,-1,11,28,12,-1,12,28,26,-1,12,26,13,-1,11,9,27,-1,27,9,29,-1,4,30,31,-1,4,31,8,-1,8,31,29,-1,8,29,9,-1,4,0,30,-1,30,0,24,-1,
        ]
    }
}
Shape{
    appearance Appearance {
        material  Material 	{
            diffuseColor 0.25098039215686274 0.25098039215686274 0.25098039215686274
            specularColor 0.12549019607843137 0.12549019607843137 0.12549019607843137
            ambientIntensity 0.2
            transparency 0
            shininess 0.5
        }
    }
    geometry IndexedFaceSet {
        ccw TRUE
        solid FALSE
        coord DEF co Coordinate {
            point [
                0.5 0.4065 0.6794, 0.5 0.4062 0.6794, 0.5 0.4074 0.6749, 0.5 0.4054 0.6751, 0.5 0.4082 0.6719, 0.5 0.4045 0.6719, 0.5 0.4243 0.6275, 0.5 0.3885 0.6275, 0.5 0.3885 0.6275
            ]
        }
        coordIndex [
            0,1,2,-1,2,1,3,-1,2,3,4,-1,4,3,5,-1,4,5,6,-1,6,5,7,-1,
        ]
    }
}
Shape{
    appearance Appearance {
        material  Material 	{
            diffuseColor 1.0 1.0 1.0
            specularColor 0.5019607843137255 0.5019607843137255 0.5019607843137255
            ambientIntensity 0.2
            transparency 0
            shininess 0.5
        }
    }
    geometry IndexedFaceSet {
        ccw TRUE
        solid FALSE
        coord DEF co Coordinate {
            point [
                0.5039 -0.599 0.7702, 0.5039 -0.5821 0.7792, 0.5039 -0.5861 0.8259, 0.5039 -0.4524 0.5681, 0.5039 -0.4434 0.585, 0.5039 -0.439 0.6038, 0.5039 -0.5387 0.828, 0.5039 -0.5152 0.7726, 0.5039 -0.5036 0.7967, 0.5039 -0.5433 0.6017, 0.5039 -0.5447 0.6088, 0.5039 -0.5858 0.6383, 0.5039 -0.5865 0.5874, 0.5039 -0.5962 0.5903, 0.5039 -0.6023 0.6485, 0.5039 -0.5562 0.8296, 0.5039 -0.3323 0.6755, 0.5039 -0.3558 0.7157, 0.5039 -0.4385 0.6193, 0.5039 -0.4575 0.6626, 0.5039 -0.4385 0.6117, 0.5039 -0.4791 0.5446, 0.5039 -0.464 0.5551, 0.5039 -0.5403 0.5953, 0.5039 -0.5676 0.5572, 0.5039 -0.5789 0.5711, 0.5039 -0.3072 0.7506, 0.5039 -0.3011 0.7506, 0.5039 -0.27 0.7916, 0.5039 -0.2867 0.7488, 0.5039 -0.2663 0.7904, 0.5039 -0.2734 0.7437, 0.5039 -0.2437 0.7792, 0.5039 -0.2231 0.7618, 0.5039 -0.5232 0.8462, 0.5039 -0.4866 0.817, 0.5039 -0.5053 0.8614, 0.5039 -0.4662 0.8319, 0.5039 -0.4862 0.8732, 0.5039 -0.5634 0.7836, 0.5039 -0.5554 0.784, 0.5039 -0.5475 0.8291, 0.5039 -0.5376 0.7818, 0.5039 -0.5205 0.7756, 0.5039 -0.4911 0.5938, 0.5039 -0.4953 0.5891, 0.5039 -0.501 0.585, 0.5039 -0.496 0.5381, 0.5039 -0.5076 0.5823, 0.5039 -0.5144 0.5358, 0.5039 -0.5152 0.5814, 0.5039 -0.5173 0.5359, 0.5039 -0.5165 0.5814, 0.5039 -0.5353 0.5387, 0.5039 -0.5233 0.5825, 0.5039 -0.5528 0.546, 0.5039 -0.5302 0.5854, 0.5039 -0.536 0.5899, 0.5039 -0.4875 0.6215, 0.5039 -0.4858 0.6145, 0.5039 -0.4858 0.6076, 0.5039 -0.4876 0.6003, 0.5039 -0.223 0.6201, 0.5039 -0.2583 0.6502, 0.5039 -0.2436 0.6026, 0.5039 -0.2695 0.6411, 0.5039 -0.2668 0.5913, 0.5039 -0.2829 0.6348, 0.5039 -0.292 0.5859, 0.5039 -0.2966 0.6322, 0.5039 -0.3368 0.5859, 0.5039 -0.3307 0.6322, 0.5039 -0.3411 0.5866, 0.5039 -0.5443 0.6162, 0.5039 -0.5421 0.6233, 0.5039 -0.5774 0.6546, 0.5039 -0.5382 0.6296, 0.5039 -0.5649 0.6689, 0.5039 -0.5352 0.6328, 0.5039 -0.5493 0.6797, 0.5039 -0.5292 0.637, 0.5039 -0.5326 0.6861, 0.5039 -0.5226 0.6396, 0.5039 -0.5144 0.6884, 0.5039 -0.5152 0.6406, 0.5039 -0.5052 0.6878, 0.5039 -0.5089 0.6399, 0.5039 -0.4869 0.6833, 0.5039 -0.5018 0.6374, 0.5039 -0.4708 0.6747, 0.5039 -0.4957 0.6332, 0.5039 -0.4908 0.6278, 0.5039 -0.2617 0.7355, 0.5039 -0.253 0.7258, 0.5039 -0.2076 0.7402, 0.5039 -0.2459 0.7127, 0.5039 -0.1984 0.717, 0.5039 -0.2423 0.6981, 0.5039 -0.1949 0.6922, 0.5039 -0.2419 0.6914, 0.5039 -0.1984 0.6651, 0.5039 -0.2438 0.6766, 0.5039 -0.2079 0.6411, 0.5039 -0.249 0.6631, 0.5039 -0.2574 0.6513, 0.5039 -0.311 0.8516, 0.5039 -0.3407 0.8167, 0.5039 -0.2858 0.8224, 0.5039 -0.3236 0.7963, 0.5039 -0.3119 0.7718, 0.5039 -0.6291 0.7265, 0.5039 -0.6789 0.7139, 0.5039 -0.6313 0.7081, 0.5039 -0.6792 0.7066, 0.5039 -0.6304 0.6964, 0.5039 -0.6755 0.6769, 0.5039 -0.625 0.6778, 0.5039 -0.6646 0.6486, 0.5039 -0.6159 0.6625, 0.5039 -0.6473 0.6239, 0.5039 -0.6236 0.6037, 0.5039 -0.4512 0.8866, 0.5039 -0.4414 0.8419, 0.5039 -0.4142 0.891, 0.5039 -0.4135 0.8455, 0.5039 -0.3811 0.8874, 0.5039 -0.3877 0.8423, 0.5039 -0.3432 0.8735, 0.5039 -0.3639 0.8332, 0.5039 -0.3426 0.8184, 0.5039 -0.6142 0.815, 0.5039 -0.6384 0.798, 0.5039 -0.612 0.7586, 0.5039 -0.6435 0.7931, 0.5039 -0.6226 0.7434, 0.5039 -0.6617 0.7697, 0.5039 -0.6738 0.7424, 0.5039 -0.3346 0.6329, 0.5039 -0.3528 0.5939, 0.5039 -0.351 0.5921, 0.5039 -0.3323 0.6324, 0.5039 -0.3461 0.5886, 0.5039 -0.3588 0.6094, 0.5039 -0.3581 0.6038, 0.5039 -0.3561 0.5986, 0.5039 -0.3412 0.6322, 0.5039 -0.3464 0.6302, 0.5039 -0.3586 0.6124, 0.5039 -0.3511 0.6269, 0.5039 -0.3542 0.6234, 0.5039 -0.3571 0.6182, 0.5039 -0.3353 0.633, 0.5 -0.2181 0.7547, 0.5 -0.2076 0.7402, 0.5 -0.2009 0.7234, 0.5 -0.1984 0.717, 0.5 -0.1949 0.6922, 0.5 -0.2231 0.7618, 0.5 -0.2437 0.7792, 0.5 -0.2663 0.7904, 0.5 -0.27 0.7916, 0.5 -0.2858 0.8224, 0.5 -0.311 0.8516, 0.5 -0.3282 0.8633, 0.5 -0.3432 0.8735, 0.5 -0.3811 0.8874, 0.5 -0.4142 0.891, 0.5 -0.4512 0.8866, 0.5 -0.4862 0.8732, 0.5 -0.5023 0.8633, 0.5 -0.5053 0.8614, 0.5 -0.5232 0.8462, 0.5 -0.5387 0.828, 0.5 -0.5475 0.8291, 0.5 -0.5562 0.8296, 0.5 -0.5861 0.8259, 0.5 -0.6142 0.815, 0.5 -0.6384 0.798, 0.5 -0.6435 0.7931, 0.5 -0.6772 0.7234, 0.5 -0.6738 0.7424, 0.5 -0.6684 0.7547, 0.5 -0.6617 0.7697, 0.5 -0.6789 0.7139, 0.5 -0.6792 0.7066, 0.5 -0.6755 0.6769, 0.5 -0.6646 0.6486, 0.5 -0.6473 0.6239, 0.5 -0.6236 0.6037, 0.5 -0.5962 0.5903, 0.5 -0.5865 0.5874, 0.5 -0.5856 0.5854, 0.5 -0.5789 0.5711, 0.5 -0.5676 0.5572, 0.5 -0.5528 0.546, 0.5 -0.5458 0.5431, 0.5 -0.5353 0.5387, 0.5 -0.5173 0.5359, 0.5 -0.5144 0.5358, 0.5 -0.4385 0.6117, 0.5 -0.496 0.5381, 0.5 -0.483 0.5431, 0.5 -0.4791 0.5446, 0.5 -0.464 0.5551, 0.5 -0.4524 0.5681, 0.5 -0.4434 0.585, 0.5 -0.4433 0.5854, 0.5 -0.439 0.6038, 0.5 -0.4385 0.6193, 0.5 -0.3323 0.6755, 0.5 -0.3558 0.7157, 0.5 -0.4575 0.6626, 0.5 -0.4708 0.6747, 0.5 -0.4869 0.6833, 0.5 -0.5052 0.6878, 0.5 -0.5144 0.6884, 0.5 -0.5326 0.6861, 0.5 -0.5493 0.6797, 0.5 -0.5649 0.6689, 0.5 -0.5774 0.6546, 0.5 -0.5858 0.6383, 0.5 -0.6023 0.6485, 0.5 -0.6159 0.6625, 0.5 -0.625 0.6778, 0.5 -0.6304 0.6964, 0.5 -0.6313 0.7081, 0.5 -0.6294 0.7234, 0.5 -0.6291 0.7265, 0.5 -0.6226 0.7434, 0.5 -0.6147 0.7547, 0.5 -0.612 0.7586, 0.5 -0.599 0.7702, 0.5 -0.5821 0.7792, 0.5 -0.5634 0.7836, 0.5 -0.5554 0.784, 0.5 -0.5376 0.7818, 0.5 -0.5205 0.7756, 0.5 -0.5152 0.7726, 0.5 -0.5036 0.7967, 0.5 -0.4866 0.817, 0.5 -0.4662 0.8319, 0.5 -0.4414 0.8419, 0.5 -0.4135 0.8455, 0.5 -0.3877 0.8423, 0.5 -0.3639 0.8332, 0.5 -0.3426 0.8184, 0.5 -0.3407 0.8167, 0.5 -0.3236 0.7963, 0.5 -0.3119 0.7718, 0.5 -0.3081 0.7547, 0.5 -0.3072 0.7506, 0.5 -0.3011 0.7506, 0.5 -0.2867 0.7488, 0.5 -0.2734 0.7437, 0.5 -0.2617 0.7355, 0.5 -0.253 0.7258, 0.5 -0.2517 0.7234, 0.5 -0.2459 0.7127, 0.5 -0.2423 0.6981, 0.5 -0.2419 0.6914, 0.5 -0.2438 0.6766, 0.5 -0.249 0.6631, 0.5 -0.2574 0.6513, 0.5 -0.2583 0.6502, 0.5 -0.2695 0.6411, 0.5 -0.2829 0.6348, 0.5 -0.2966 0.6322, 0.5 -0.3307 0.6322, 0.5 -0.3323 0.6324, 0.5 -0.3346 0.6329, 0.5 -0.3353 0.633, 0.5 -0.3412 0.6322, 0.5 -0.3464 0.6302, 0.5 -0.3511 0.6269, 0.5 -0.3542 0.6234, 0.5 -0.3571 0.6182, 0.5 -0.3586 0.6124, 0.5 -0.3588 0.6094, 0.5 -0.3581 0.6038, 0.5 -0.3561 0.5986, 0.5 -0.3528 0.5939, 0.5 -0.351 0.5921, 0.5 -0.3461 0.5886, 0.5 -0.3411 0.5866, 0.5 -0.3368 0.5859, 0.5 -0.292 0.5859, 0.5 -0.2668 0.5913, 0.5 -0.2436 0.6026, 0.5 -0.223 0.6201, 0.5 -0.2079 0.6411, 0.5 -0.1984 0.6651, 0.5 -0.5152 0.6406, 0.5 -0.5089 0.6399, 0.5 -0.5018 0.6374, 0.5 -0.4957 0.6332, 0.5 -0.4908 0.6278, 0.5 -0.4875 0.6215, 0.5 -0.4858 0.6145, 0.5 -0.4858 0.6076, 0.5 -0.4876 0.6003, 0.5 -0.4911 0.5938, 0.5 -0.4953 0.5891, 0.5 -0.501 0.585, 0.5 -0.5076 0.5823, 0.5 -0.5152 0.5814, 0.5 -0.5165 0.5814, 0.5 -0.5233 0.5825, 0.5 -0.5302 0.5854, 0.5 -0.536 0.5899, 0.5 -0.5403 0.5953, 0.5 -0.5433 0.6017, 0.5 -0.5447 0.6088, 0.5 -0.5443 0.6162, 0.5 -0.5421 0.6233, 0.5 -0.5382 0.6296, 0.5 -0.5352 0.6328, 0.5 -0.5292 0.637, 0.5 -0.5226 0.6396, 0.5 -0.5226 0.6396
            ]
        }
        coordIndex [
            0,1,2,-1,3,4,5,-1,6,7,8,-1,9,10,11,-1,12,11,13,-1,13,11,14,-1,2,1,15,-1,16,17,18,-1,18,17,19,-1,18,19,20,-1,20,19,21,-1,20,21,5,-1,5,21,22,-1,5,22,3,-1,23,9,24,-1,24,9,11,-1,24,11,25,-1,25,11,12,-1,26,27,28,-1,28,27,29,-1,28,29,30,-1,30,29,31,-1,30,31,32,-1,32,31,33,-1,6,8,34,-1,34,8,35,-1,34,35,36,-1,36,35,37,-1,36,37,38,-1,1,39,15,-1,15,39,40,-1,15,40,41,-1,41,40,42,-1,41,42,6,-1,6,42,43,-1,6,43,7,-1,44,45,21,-1,21,45,46,-1,21,46,47,-1,47,46,48,-1,47,48,49,-1,49,48,50,-1,49,50,51,-1,51,50,52,-1,51,52,53,-1,53,52,54,-1,53,54,55,-1,55,54,56,-1,55,56,24,-1,24,56,57,-1,24,57,23,-1,58,59,19,-1,19,59,60,-1,19,60,21,-1,21,60,61,-1,21,61,44,-1,62,63,64,-1,64,63,65,-1,64,65,66,-1,66,65,67,-1,66,67,68,-1,68,67,69,-1,68,69,70,-1,70,69,71,-1,70,71,72,-1,10,73,11,-1,11,73,74,-1,11,74,75,-1,75,74,76,-1,75,76,77,-1,77,76,78,-1,77,78,79,-1,79,78,80,-1,79,80,81,-1,81,80,82,-1,81,82,83,-1,83,82,84,-1,83,84,85,-1,85,84,86,-1,85,86,87,-1,87,86,88,-1,87,88,89,-1,89,88,90,-1,89,90,19,-1,19,90,91,-1,19,91,58,-1,31,92,33,-1,33,92,93,-1,33,93,94,-1,94,93,95,-1,94,95,96,-1,96,95,97,-1,96,97,98,-1,98,97,99,-1,98,99,100,-1,100,99,101,-1,100,101,102,-1,102,101,103,-1,102,103,62,-1,62,103,104,-1,62,104,63,-1,105,106,107,-1,107,106,108,-1,107,108,28,-1,28,108,109,-1,28,109,26,-1,110,111,112,-1,112,111,113,-1,112,113,114,-1,114,113,115,-1,114,115,116,-1,116,115,117,-1,116,117,118,-1,118,117,119,-1,118,119,14,-1,14,119,120,-1,14,120,13,-1,38,37,121,-1,121,37,122,-1,121,122,123,-1,123,122,124,-1,123,124,125,-1,125,124,126,-1,125,126,127,-1,127,126,128,-1,127,128,105,-1,105,128,129,-1,105,129,106,-1,2,130,0,-1,0,130,131,-1,0,131,132,-1,132,131,133,-1,132,133,134,-1,134,133,135,-1,134,135,110,-1,110,135,136,-1,110,136,111,-1,137,138,139,-1,71,140,72,-1,72,140,137,-1,72,137,141,-1,141,137,139,-1,142,143,137,-1,137,143,144,-1,137,144,138,-1,145,146,147,-1,146,148,147,-1,147,148,149,-1,147,149,150,-1,142,137,147,-1,147,137,151,-1,147,151,145,-1,152,33,153,-1,153,33,94,-1,153,94,154,-1,154,94,96,-1,154,96,155,-1,155,96,98,-1,155,98,156,-1,152,157,33,-1,33,157,158,-1,33,158,32,-1,32,158,159,-1,32,159,30,-1,30,159,160,-1,30,160,28,-1,28,160,161,-1,28,161,107,-1,107,161,162,-1,107,162,105,-1,127,105,163,-1,163,105,162,-1,163,164,127,-1,127,164,165,-1,127,165,125,-1,125,165,166,-1,125,166,123,-1,123,166,167,-1,123,167,121,-1,121,167,168,-1,121,168,38,-1,38,168,36,-1,36,168,169,-1,36,169,170,-1,36,170,171,-1,36,171,34,-1,34,171,172,-1,34,172,6,-1,6,172,173,-1,6,173,41,-1,41,173,174,-1,41,174,15,-1,15,174,175,-1,15,175,2,-1,2,175,176,-1,2,176,130,-1,130,176,177,-1,130,177,131,-1,131,177,178,-1,131,178,133,-1,179,111,180,-1,180,111,136,-1,180,136,181,-1,181,136,135,-1,181,135,182,-1,182,135,133,-1,182,133,178,-1,179,183,111,-1,111,183,184,-1,111,184,113,-1,113,184,185,-1,113,185,115,-1,115,185,186,-1,115,186,117,-1,117,186,187,-1,117,187,119,-1,119,187,188,-1,119,188,120,-1,120,188,189,-1,120,189,13,-1,13,189,190,-1,13,190,12,-1,12,190,191,-1,12,191,25,-1,191,192,25,-1,25,192,193,-1,25,193,24,-1,24,193,194,-1,24,194,55,-1,55,194,195,-1,55,195,53,-1,195,196,53,-1,53,196,197,-1,53,197,51,-1,51,197,198,-1,51,198,49,-1,199,20,5,-1,49,198,200,-1,201,21,200,-1,200,21,47,-1,200,47,49,-1,201,202,21,-1,21,202,203,-1,21,203,22,-1,22,203,204,-1,22,204,3,-1,3,204,205,-1,3,205,4,-1,4,205,206,-1,4,206,5,-1,5,206,207,-1,5,207,199,-1,18,20,208,-1,208,20,199,-1,16,18,209,-1,209,18,208,-1,17,16,210,-1,210,16,209,-1,19,17,211,-1,211,17,210,-1,19,211,212,-1,19,212,89,-1,89,212,213,-1,89,213,87,-1,87,213,214,-1,87,214,85,-1,85,214,215,-1,85,215,83,-1,83,215,216,-1,83,216,81,-1,81,216,217,-1,81,217,79,-1,79,217,218,-1,79,218,77,-1,77,218,219,-1,77,219,75,-1,75,219,220,-1,75,220,11,-1,11,220,221,-1,11,221,14,-1,14,221,222,-1,14,222,118,-1,118,222,223,-1,118,223,116,-1,116,223,224,-1,116,224,114,-1,114,224,225,-1,114,225,112,-1,110,112,225,-1,225,226,110,-1,110,226,227,-1,110,227,228,-1,229,132,228,-1,228,132,134,-1,228,134,110,-1,229,230,132,-1,132,230,231,-1,132,231,0,-1,0,231,232,-1,0,232,1,-1,1,232,233,-1,1,233,39,-1,39,233,234,-1,39,234,40,-1,40,234,235,-1,40,235,42,-1,42,235,236,-1,42,236,43,-1,43,236,237,-1,43,237,7,-1,7,237,238,-1,7,238,8,-1,8,238,239,-1,8,239,35,-1,35,239,240,-1,35,240,37,-1,37,240,241,-1,37,241,122,-1,122,241,242,-1,122,242,124,-1,124,242,243,-1,124,243,126,-1,126,243,244,-1,126,244,128,-1,128,244,245,-1,128,245,129,-1,129,245,246,-1,129,246,106,-1,106,246,247,-1,106,247,108,-1,108,247,248,-1,108,248,109,-1,109,248,26,-1,26,248,249,-1,26,249,250,-1,27,26,251,-1,251,26,250,-1,27,251,252,-1,27,252,29,-1,29,252,253,-1,29,253,31,-1,31,253,254,-1,31,254,92,-1,92,254,255,-1,92,255,93,-1,93,255,256,-1,93,256,95,-1,256,257,95,-1,95,257,258,-1,95,258,97,-1,97,258,259,-1,97,259,99,-1,99,259,260,-1,99,260,101,-1,101,260,261,-1,101,261,103,-1,103,261,262,-1,103,262,104,-1,104,262,263,-1,104,263,63,-1,63,263,264,-1,63,264,65,-1,65,264,265,-1,65,265,67,-1,67,265,266,-1,67,266,69,-1,71,69,267,-1,267,69,266,-1,71,267,268,-1,71,268,140,-1,140,268,269,-1,140,269,137,-1,137,269,270,-1,137,270,151,-1,151,270,271,-1,151,271,145,-1,145,271,272,-1,145,272,146,-1,146,272,273,-1,146,273,148,-1,148,273,274,-1,148,274,149,-1,149,274,275,-1,149,275,150,-1,150,275,276,-1,150,276,147,-1,147,276,277,-1,147,277,142,-1,142,277,278,-1,142,278,143,-1,143,278,279,-1,143,279,144,-1,144,279,280,-1,144,280,138,-1,138,280,281,-1,138,281,139,-1,139,281,282,-1,139,282,141,-1,141,282,283,-1,141,283,72,-1,72,283,284,-1,72,284,70,-1,68,70,285,-1,285,70,284,-1,68,285,286,-1,68,286,66,-1,66,286,287,-1,66,287,64,-1,64,287,288,-1,64,288,62,-1,62,288,289,-1,62,289,102,-1,102,289,290,-1,102,290,100,-1,100,290,156,-1,100,156,98,-1,84,291,292,-1,84,292,86,-1,86,292,293,-1,86,293,88,-1,88,293,294,-1,88,294,90,-1,90,294,295,-1,90,295,91,-1,91,295,296,-1,91,296,58,-1,58,296,297,-1,58,297,59,-1,59,297,298,-1,59,298,60,-1,60,298,299,-1,60,299,61,-1,61,299,300,-1,61,300,44,-1,44,300,301,-1,44,301,45,-1,45,301,302,-1,45,302,46,-1,46,302,303,-1,46,303,48,-1,48,303,304,-1,48,304,50,-1,50,304,305,-1,50,305,52,-1,52,305,306,-1,52,306,54,-1,54,306,307,-1,54,307,56,-1,56,307,308,-1,56,308,57,-1,57,308,309,-1,57,309,23,-1,23,309,310,-1,23,310,9,-1,9,310,311,-1,9,311,10,-1,10,311,312,-1,10,312,73,-1,73,312,313,-1,73,313,74,-1,74,313,314,-1,74,314,76,-1,76,314,315,-1,76,315,78,-1,78,315,316,-1,78,316,80,-1,80,316,317,-1,80,317,82,-1,82,317,291,-1,82,291,84,-1,
        ]
    }
}
Shape{
    appearance Appearance {
        material  Material 	{
            diffuseColor 0.25098039215686274 0.25098039215686274 0.25098039215686274
            specularColor 0.12549019607843137 0.12549019607843137 0.12549019607843137
            ambientIntensity 0.2
            transparency 0
            shininess 0.5
        }
    }
    geometry IndexedFaceSet {
        ccw TRUE
        solid FALSE
        coord DEF co Coordinate {
            point [
                0.5 -0.5165 0.5814, 0.5 -0.5352 0.6328, 0.5 -0.5382 0.6296, 0.5 -0.5076 0.5823, 0.5 -0.501 0.585, 0.5 -0.5089 0.6399, 0.5 -0.5152 0.6406, 0.5 -0.5226 0.6396, 0.5 -0.5292 0.637, 0.5 -0.5433 0.6017, 0.5 -0.5403 0.5953, 0.5 -0.536 0.5899, 0.5 -0.5152 0.5814, 0.5 -0.5421 0.6233, 0.5 -0.5443 0.6162, 0.5 -0.5447 0.6088, 0.5 -0.5302 0.5854, 0.5 -0.5233 0.5825, 0.5 -0.4953 0.5891, 0.5 -0.4911 0.5938, 0.5 -0.4876 0.6003, 0.5 -0.4858 0.6076, 0.5 -0.4858 0.6145, 0.5 -0.4875 0.6215, 0.5 -0.4908 0.6278, 0.5 -0.4957 0.6332, 0.5 -0.5018 0.6374, 0.5 -0.5018 0.6374
            ]
        }
        coordIndex [
            0,1,2,-1,3,4,5,-1,6,7,0,-1,0,7,8,-1,0,8,1,-1,9,10,2,-1,2,10,11,-1,6,0,5,-1,5,0,12,-1,5,12,3,-1,13,14,2,-1,2,14,15,-1,2,15,9,-1,11,16,2,-1,2,16,17,-1,2,17,0,-1,4,18,5,-1,5,18,19,-1,5,19,20,-1,20,21,5,-1,5,21,22,-1,5,22,23,-1,23,24,5,-1,5,24,25,-1,5,25,26,-1,
        ]
    }
}