#VRML V2.0 utf8
# 3D model generated by easyeda2kicad.py (https://github.com/uPesy/easyeda2kicad.py)

Shape{
    appearance Appearance {
        material  Material 	{
            diffuseColor 0.2235294117647059 0.2235294117647059 0.2235294117647059
            specularColor 0.11372549019607843 0.11372549019607843 0.11372549019607843
            ambientIntensity 0.2
            transparency 0
            shininess 0.5
        }
    }
    geometry IndexedFaceSet {
        ccw TRUE
        solid FALSE
        coord DEF co Coordinate {
            point [
                0.1291 0.4921 0.4182, 0.1291 0.4921 0.3548, -0.0251 0.4921 0.3548, 0.1291 0.4921 0.6723, 0.1291 0.4921 0.6253, -0.0251 0.4921 0.6253, -0.086 0.4921 0.8336, -0.0985 0.4921 0.8351, -0.0347 0.4921 0.8351, -0.1275 0.4921 0.6733, -0.1172 0.4921 0.6723, -0.1702 0.4921 0.6723, -0.2001 0.4921 0.8153, -0.2001 0.4921 0.7641, -0.2434 0.4921 0.7641, -0.2086 0.4921 0.4187, -0.2045 0.4921 0.4182, -0.2434 0.4921 0.4182, -0.1749 0.4921 0.4187, -0.1702 0.4921 0.4203, -0.1702 0.4921 0.4182, -0.4007 0.4921 0.5613, -0.4007 0.4921 0.51, -0.4307 0.4921 0.51, 0.2682 0.4921 0.7091, 0.2372 0.4921 0.683, 0.1291 0.4921 0.8351, 0.395 0.4921 0.8351, 0.3689 0.4921 0.8175, 0.3314 0.4921 0.7743, 0.3074 0.4921 0.7276, 0.3021 0.4921 0.7258, 0.4768 0.4921 0.8718, 0.4196 0.4921 0.8517, 0.1291 0.4921 3.3465, 0.6326 0.4921 0.8495, 0.5801 0.4921 0.8698, 1.5097 0.4921 3.3465, 0.5237 0.4921 0.8767, 0.6558 0.4921 0.8351, 1.5097 0.4921 0.8351, 0.6603 0.4921 0.8323, 1.5097 0.4921 0.6723, 0.9049 0.4921 0.6723, 0.895 0.4921 0.6945, 0.8675 0.4921 0.7299, 0.7816 0.4921 0.7789, 0.7366 0.4921 0.7845, 0.6871 0.4921 0.8094, 0.7235 0.4921 0.7838, 0.7104 0.4921 0.7822, 0.86 0.4921 0.737, 0.8238 0.4921 0.7625, 0.8378 0.4921 0.4457, 0.8732 0.4921 0.4759, 1.5097 0.4921 0.4182, 0.7967 0.4921 0.4257, 0.8991 0.4921 0.5128, 0.9155 0.4921 0.5552, 1.5097 0.4921 0.6253, 0.9211 0.4921 0.6001, 0.9208 0.4921 0.6107, 0.9182 0.4921 0.6253, 0.9132 0.4921 0.6535, 0.7822 0.4921 0.4213, 0.7807 0.4921 0.4182, 0.7709 0.4921 0.3972, 1.5097 0.4921 0.3548, 0.7541 0.4921 0.3762, 0.7319 0.4921 0.3594, 1.5097 0.4921 0.0, 0.7056 0.4921 0.3483, 0.721 0.4921 0.3548, 0.6267 0.4921 0.3548, 0.6472 0.4921 0.3471, 0.1291 0.4921 0.0, 0.674 0.4921 0.3439, 0.6788 0.4921 0.344, 0.5801 0.4921 0.3935, 0.5674 0.4921 0.4182, 0.5669 0.4921 0.419, 0.599 0.4921 0.3722, 0.6218 0.4921 0.3566, 0.1999 0.4921 0.6159, 0.1946 0.4921 0.5784, 0.5886 0.4921 0.534, 0.436 0.4921 0.6137, 0.6084 0.4921 0.5521, 0.6325 0.4921 0.565, 0.418 0.4921 0.4214, 0.4259 0.4921 0.4258, 0.4325 0.4921 0.4321, 0.2658 0.4921 0.587, 0.271 0.4921 0.6089, 0.2798 0.4921 0.6253, 0.8466 0.4921 0.6253, 0.84 0.4921 0.5573, 0.8254 0.4921 0.5327, 0.768 0.4921 0.5227, 0.8048 0.4921 0.512, 0.781 0.4921 0.4976, 0.4277 0.4921 0.4815, 0.4205 0.4921 0.4861, 0.4007 0.4921 0.5534, 0.4126 0.4921 0.4888, 0.7257 0.4921 0.5601, 0.7491 0.4921 0.544, 0.8493 0.4921 0.6023, 0.848 0.4921 0.5853, 0.2141 0.4921 0.502, 0.2368 0.4921 0.4703, 0.2676 0.4921 0.4441, 0.3023 0.4921 0.4271, 0.1998 0.4921 0.538, 0.4053 0.4921 0.4896, 0.4042 0.4921 0.4895, 0.4008 0.4921 0.4888, 0.7005 0.4921 0.5695, 0.674 0.4921 0.5727, 0.66 0.4921 0.5719, 0.3404 0.4921 0.419, 0.4076 0.4921 0.419, 0.4103 0.4921 0.4193, 0.4406 0.4921 0.4543, 0.4403 0.4921 0.4585, 0.5601 0.4921 0.4691, 0.4381 0.4921 0.4672, 0.4338 0.4921 0.475, 0.4371 0.4921 0.4393, 0.4398 0.4921 0.4471, 0.5606 0.4921 0.4472, 0.5601 0.4921 0.4577, 0.2883 0.4921 0.5171, 0.2758 0.4921 0.5349, 0.268 0.4921 0.5552, 0.2652 0.4921 0.5773, 0.3985 0.4921 0.4885, 0.3472 0.4921 0.4885, 0.327 0.4921 0.4923, 0.3069 0.4921 0.5016, 0.29 0.4921 0.5153, 0.8366 0.4921 0.6545, 0.8461 0.4921 0.6291, 0.3632 0.4921 0.6661, 0.354 0.4921 0.6661, 0.2816 0.4921 0.6286, 0.2949 0.4921 0.6435, 0.3126 0.4921 0.6558, 0.3325 0.4921 0.6634, 0.3882 0.4921 0.7352, 0.414 0.4921 0.7657, 0.6751 0.4921 0.6991, 0.4161 0.4921 0.7676, 0.448 0.4921 0.7899, 0.6576 0.4921 0.7353, 0.8244 0.4921 0.6723, 0.6841 0.4921 0.704, 0.3645 0.4921 0.6723, 0.3704 0.4921 0.6986, 0.7097 0.4921 0.7131, 0.7355 0.4921 0.7162, 0.746 0.4921 0.7157, 0.6321 0.4921 0.7658, 0.4837 0.4921 0.8036, 0.6018 0.4921 0.7878, 0.5226 0.4921 0.8084, 0.5647 0.4921 0.803, 0.7742 0.4921 0.7094, 0.7998 0.4921 0.6962, 0.821 0.4921 0.6773, 0.2295 0.4921 0.6723, 0.2139 0.4921 0.6507, 0.2037 0.4921 0.6253, -0.4625 0.4921 0.5797, -0.4625 0.4921 0.5613, -0.4812 0.4921 0.6253, -0.4661 0.4921 0.4378, -0.4812 0.4921 0.4182, -0.4661 0.4921 0.4196, -0.4307 0.4921 0.4182, -0.4007 0.4921 0.4378, -0.4307 0.4921 0.4378, -0.4007 0.4921 0.4917, -0.4307 0.4921 0.4917, -0.4579 0.4921 0.4917, -0.4579 0.4921 0.51, -0.4307 0.4921 0.5613, -0.4307 0.4921 0.4196, -0.38 0.4921 0.4196, -0.3692 0.4921 0.4182, -0.38 0.4921 0.5797, -0.0499 0.4921 0.4741, -0.053 0.4921 0.5064, -0.0459 0.4921 0.4683, -0.0432 0.4921 0.4613, -0.1337 0.4921 0.4196, -0.1137 0.4921 0.4196, -0.0893 0.4921 0.4182, -0.1609 0.4921 0.4443, -0.1337 0.4921 0.4932, -0.1609 0.4921 0.4236, -0.0347 0.4921 0.4182, -0.0456 0.4921 0.4337, -0.043 0.4921 0.4404, -0.0718 0.4921 0.534, -0.0347 0.4921 0.6253, -0.0569 0.4921 0.5282, -0.053 0.4921 0.5259, -0.1137 0.4921 0.4373, -0.1131 0.4921 0.4373, -0.1084 0.4921 0.4305, -0.0561 0.4921 0.4794, -0.0646 0.4921 0.4838, -0.067 0.4921 0.5152, -0.0798 0.4921 0.4875, -0.0796 0.4921 0.5192, -0.1019 0.4921 0.4242, -0.0973 0.4921 0.4213, -0.0574 0.4921 0.4217, -0.0517 0.4921 0.4259, -0.0498 0.4921 0.4277, -0.1128 0.4921 0.533, -0.1195 0.4921 0.5292, -0.1619 0.4921 0.5105, -0.1248 0.4921 0.5241, -0.1137 0.4921 0.4923, -0.1131 0.4921 0.5006, -0.111 0.4921 0.508, -0.0418 0.4921 0.4502, -0.0419 0.4921 0.4526, -0.1087 0.4921 0.5122, -0.1057 0.4921 0.5155, -0.1022 0.4921 0.5178, -0.0977 0.4921 0.5195, -0.0905 0.4921 0.5203, -0.0924 0.4921 0.5366, -0.1043 0.4921 0.5355, -0.1681 0.4921 0.4398, -0.1702 0.4921 0.439, -0.1702 0.4921 0.4814, -0.1321 0.4921 0.5086, -0.1618 0.4921 0.4955, -0.129 0.4921 0.5177, -0.161 0.4921 0.5031, -0.17 0.4921 0.4816, -0.1667 0.4921 0.485, -0.164 0.4921 0.4894, -0.1791 0.4921 0.4182, -0.1702 0.4921 0.3548, -0.1919 0.4921 0.4169, -0.2434 0.4921 0.3548, -0.2327 0.4921 0.5315, -0.2327 0.4921 0.512, -0.1681 0.4921 0.5224, -0.1702 0.4921 0.5242, -0.1702 0.4921 0.6253, -0.1739 0.4921 0.5275, -0.1786 0.4921 0.5304, -0.2372 0.4921 0.4425, -0.2347 0.4921 0.4361, -0.2309 0.4921 0.4308, -0.1893 0.4921 0.5346, -0.2056 0.4921 0.5366, -0.2434 0.4921 0.6253, -0.2196 0.4921 0.5353, -0.2314 0.4921 0.4696, -0.2352 0.4921 0.464, -0.2374 0.4921 0.458, -0.2382 0.4921 0.4507, -0.2253 0.4921 0.426, -0.2195 0.4921 0.4225, -0.2036 0.4921 0.5203, -0.1977 0.4921 0.5198, -0.1817 0.4921 0.5049, -0.1923 0.4921 0.5184, -0.1878 0.4921 0.516, -0.1819 0.4921 0.5022, -0.1827 0.4921 0.4991, -0.1841 0.4921 0.4964, -0.1861 0.4921 0.4942, -0.1932 0.4921 0.4898, -0.2177 0.4921 0.5186, -0.2056 0.4921 0.4844, -0.229 0.4921 0.5141, -0.2133 0.4921 0.4813, -0.2267 0.4921 0.4739, -0.1848 0.4921 0.5133, -0.1831 0.4921 0.5108, -0.1821 0.4921 0.5081, -0.1807 0.4921 0.4349, -0.1914 0.4921 0.4698, -0.1795 0.4921 0.4753, -0.1939 0.4921 0.4332, -0.1948 0.4921 0.4333, -0.2046 0.4921 0.4643, -0.2051 0.4921 0.4344, -0.2176 0.4921 0.4487, -0.2174 0.4921 0.4512, -0.2102 0.4921 0.4363, -0.2121 0.4921 0.4374, -0.2144 0.4921 0.4395, -0.2161 0.4921 0.442, -0.2171 0.4921 0.4449, -0.2165 0.4921 0.4543, -0.2149 0.4921 0.457, -0.2124 0.4921 0.4596, -0.54 0.4921 0.7174, -0.4812 0.4921 0.7174, -0.5563 0.4921 0.6736, -0.4812 0.4921 0.6723, -0.5792 0.4921 0.6736, -2.0984 0.4921 0.6723, -2.0984 0.4921 0.8351, -0.5182 0.4921 0.8338, -0.4812 0.4921 0.8351, -0.4733 0.4921 0.7174, -0.4579 0.4921 0.6736, -0.4307 0.4921 0.6723, -0.4351 0.4921 0.6736, -0.4307 0.4921 0.8351, -0.4812 0.4921 0.7948, -0.4961 0.4921 0.8338, -0.3692 0.4921 0.8351, -0.2807 0.4921 0.8351, -0.3415 0.4921 0.8338, -0.2958 0.4921 0.8338, -0.2958 0.4921 0.6736, -0.2807 0.4921 0.6723, -0.3399 0.4921 0.6736, -0.3692 0.4921 0.6723, -0.3671 0.4921 0.677, -0.4219 0.4921 0.7269, -0.414 0.4921 0.7103, -0.4075 0.4921 0.8073, -0.4175 0.4921 0.7934, -0.4021 0.4921 0.6961, -0.3854 0.4921 0.6841, -0.3692 0.4921 0.6777, -0.4021 0.4921 0.8126, -0.3659 0.4921 0.8311, -0.3692 0.4921 0.8299, -0.3853 0.4921 0.824, -0.4235 0.4921 0.7782, -0.4262 0.4921 0.7557, -0.4257 0.4921 0.7456, -0.2434 0.4921 0.8351, -0.2619 0.4921 0.8338, -0.2434 0.4921 0.8338, -0.2619 0.4921 0.8153, -0.2656 0.4921 0.6919, -0.2656 0.4921 0.6736, -0.2434 0.4921 0.6723, -0.2001 0.4921 0.6919, -0.2434 0.4921 0.6919, -0.2001 0.4921 0.7457, -0.2434 0.4921 0.7457, -0.2574 0.4921 0.7457, -0.2574 0.4921 0.7641, -0.2434 0.4921 0.8153, -0.1795 0.4921 0.8338, -0.1702 0.4921 0.8351, -0.1795 0.4921 0.6736, -0.1474 0.4921 0.8299, -0.1309 0.4921 0.8347, -0.1263 0.4921 0.8351, -0.2434 0.4921 0.6736, -0.1474 0.4921 0.8083, -0.1447 0.4921 0.6789, -0.1137 0.4921 0.6896, -0.1317 0.4921 0.693, -0.1474 0.4921 0.7001, -0.1474 0.4921 0.6803, -0.0571 0.4921 0.717, -0.0649 0.4921 0.7062, -0.068 0.4921 0.7032, -0.0784 0.4921 0.6958, -0.0898 0.4921 0.6913, -0.1061 0.4921 0.6893, -0.1294 0.4921 0.8154, -0.064 0.4921 0.7978, -0.1456 0.4921 0.8093, -0.0565 0.4921 0.7864, -0.0514 0.4921 0.7721, -0.1097 0.4921 0.8178, -0.1035 0.4921 0.8176, -0.066 0.4921 0.8, -0.0896 0.4921 0.8149, -0.077 0.4921 0.8091, -0.0492 0.4921 0.7519, -0.0494 0.4921 0.746, -0.0519 0.4921 0.7299, -0.1095 0.4921 0.8365, -0.0347 0.4921 3.3465, -0.1702 0.4921 3.3465, -0.11 0.4921 0.8365, -0.039 0.4921 0.7977, -0.0506 0.4921 0.8129, -0.0543 0.4921 0.8164, -0.0693 0.4921 0.827, -0.0347 0.4921 0.7141, -0.0301 0.4921 0.7268, -0.0251 0.4921 0.6723, -0.0275 0.4921 0.7507, -0.0278 0.4921 0.759, -0.0251 0.4921 0.8351, -0.0314 0.4921 0.7799, -0.0347 0.4921 0.7875, -0.061 0.4921 0.6821, -0.0481 0.4921 0.6928, -0.0347 0.4921 0.6723, -0.0455 0.4921 0.6956, -0.0363 0.4921 0.7096, -0.1031 0.4921 0.6709, -0.0934 0.4921 0.6714, -0.0891 0.4921 0.6723, -0.0761 0.4921 0.6749, -0.1643 0.4921 0.517, -0.0781 0.4921 0.4169, -0.0347 0.4921 0.3548, -0.0893 0.4921 0.4182, -0.0741 0.4921 0.417, -0.067 0.4921 0.4182, -0.0649 0.4921 0.4186, -0.3376 0.4921 0.5339, -0.3584 0.4921 0.5339, -0.3692 0.4921 0.6253, -0.4307 0.4921 0.5797, -0.4307 0.4921 0.6253, -0.3128 0.4921 0.4182, -0.3009 0.4921 0.448, -0.3034 0.4921 0.4386, -0.3039 0.4921 0.4386, -0.2807 0.4921 0.6253, -0.2807 0.4921 0.5061, -0.3064 0.4921 0.4478, -0.3048 0.4921 0.4425, -0.2807 0.4921 0.4523, -0.2486 0.4921 0.5339, -0.271 0.4921 0.5339, -0.2928 0.4921 0.4182, -0.2935 0.4921 0.4198, -0.2807 0.4921 0.3918, -0.2808 0.4921 0.3919, -0.2807 0.4921 0.4182, -0.2847 0.4921 0.399, -0.2527 0.4921 0.3852, -0.2527 0.4921 0.3673, -0.2574 0.4921 0.3837, -0.2641 0.4921 0.3829, -0.2688 0.4921 0.3834, -0.2807 0.4921 0.3692, -0.2732 0.4921 0.3665, -0.2807 0.4921 0.3548, -0.2657 0.4921 0.3657, -0.2586 0.4921 0.3661, -0.2732 0.4921 0.385, -0.277 0.4921 0.3877, -0.3065 0.4921 0.4023, -0.3001 0.4921 0.3889, -0.3692 0.4921 0.3548, -0.2914 0.4921 0.3771, -0.2882 0.4921 0.3741, -0.2812 0.4921 0.3694, 2.0984 0.4921 0.0, 2.0984 0.4921 0.3548, 2.0984 0.4921 0.4182, 2.0984 0.4921 0.6253, 2.0984 0.4921 0.6723, 2.0984 0.4921 0.8351, 2.0984 0.4921 3.3465, -0.021 0.4921 0.6919, -0.021 0.4921 0.6736, 0.0635 0.4921 0.6736, 0.0428 0.4921 0.8338, 0.0428 0.4921 0.6919, 0.0635 0.4921 0.8338, -0.0251 0.4921 0.4182, -0.0226 0.4921 0.4196, 0.0635 0.4921 0.4196, -0.0226 0.4921 0.4378, -0.019 0.4921 0.5613, 0.0428 0.4921 0.4917, 0.0428 0.4921 0.4378, -0.0144 0.4921 0.4917, -0.0144 0.4921 0.51, 0.0428 0.4921 0.51, 0.0428 0.4921 0.5613, 0.0635 0.4921 0.5797, -0.019 0.4921 0.5797, -0.0251 0.4921 3.3465, -0.2434 0.4921 3.3465, -0.2807 0.4921 3.3465, -0.3692 0.4921 3.3465, -0.4307 0.4921 3.3465, -0.4812 0.4921 3.3465, -2.0984 0.4921 3.3465, -0.6585 0.4921 0.4196, -0.6356 0.4921 0.4196, -0.7569 0.4921 0.4196, -0.7406 0.4921 0.4634, -0.6739 0.4921 0.4634, -0.7797 0.4921 0.4196, -2.0984 0.4921 0.4182, -0.7187 0.4921 0.5797, -2.0984 0.4921 0.6253, -0.6224 0.4921 0.4728, -0.6263 0.4921 0.4916, -0.6966 0.4921 0.5797, -0.6268 0.4921 0.5017, -0.624 0.4921 0.5241, -0.6146 0.4921 0.4563, -0.6026 0.4921 0.442, -0.5859 0.4921 0.43, -0.4964 0.4921 0.5797, -0.4964 0.4921 0.4196, -0.5404 0.4921 0.4196, -0.5677 0.4921 0.4229, -0.6026 0.4921 0.5585, -0.608 0.4921 0.5532, -0.618 0.4921 0.5393, -0.5421 0.4921 0.5797, -0.5665 0.4921 0.577, -0.5858 0.4921 0.57, -0.4307 0.4921 0.3548, -0.4812 0.4921 0.3548, -2.0984 0.4921 0.3548, -0.0251 0.4921 0.0, -0.0347 0.4921 0.0, -0.1702 0.4921 0.0, -0.2434 0.4921 0.0, -0.2807 0.4921 0.0, -0.3692 0.4921 0.0, -0.4307 0.4921 0.0, -0.4812 0.4921 0.0, -2.0984 0.4921 0.0, 2.0984 0.374 0.0, -2.0984 0.374 0.0, -0.6969 0.1969 3.2283, -0.6969 -0.1969 3.2283, -0.6969 0.1969 0.1181, -0.6969 -0.1969 0.1181, -0.3031 0.1969 3.2283, -0.3031 0.1969 0.1181, -0.3031 -0.1969 3.2283, -0.3031 -0.1969 0.1181, 1.6969 0.1969 3.2283, 1.3031 0.1969 3.2283, 1.6969 0.1969 0.1181, 1.3031 0.1969 0.1181, 1.3031 -0.1969 3.2283, 1.3031 -0.1969 0.1181, 1.6969 -0.1969 3.2283, 1.6969 -0.1969 0.1181, 0.6969 0.1969 3.2283, 0.3031 0.1969 3.2283, 0.6969 0.1969 0.1181, 0.3031 0.1969 0.1181, 0.3031 -0.1969 3.2283, 0.3031 -0.1969 0.1181, 0.6969 -0.1969 3.2283, 0.6969 -0.1969 0.1181, -1.3031 0.1969 3.2283, -1.6969 0.1969 3.2283, -1.3031 0.1969 0.1181, -1.6969 0.1969 0.1181, -1.6969 -0.1969 3.2283, -1.6969 -0.1969 0.1181, -1.3031 -0.1969 3.2283, -1.3031 -0.1969 0.1181, -1.185 0.315 3.3465, -2.0984 -0.4921 3.3465, 2.0984 -0.4921 3.3465, 1.185 -0.315 3.3465, 1.815 -0.315 3.3465, -0.185 0.315 3.3465, 0.185 -0.315 3.3465, 0.815 -0.315 3.3465, 0.815 0.315 3.3465, 1.185 0.315 3.3465, -0.815 0.315 3.3465, 1.815 0.315 3.3465, 0.185 0.315 3.3465, -0.815 -0.315 3.3465, -0.185 -0.315 3.3465, -1.185 -0.315 3.3465, -1.815 -0.315 3.3465, -1.815 0.315 3.3465, -2.0984 -0.374 0.0, -2.0984 -0.4921 0.0, -2.0984 -0.374 0.1181, -2.0984 0.374 0.1181, 2.0984 -0.4921 0.0, 2.0984 -0.374 0.1181, 2.0984 -0.374 0.0, 2.0984 0.374 0.1181, 2.0984 0.374 0.1181
            ]
        }
        coordIndex [
            0,1,2,-1,3,4,5,-1,6,7,8,-1,9,10,11,-1,12,13,14,-1,15,16,17,-1,18,19,20,-1,21,22,23,-1,24,25,26,-1,26,25,3,-1,27,28,26,-1,26,28,29,-1,29,30,26,-1,26,30,31,-1,26,31,24,-1,32,33,34,-1,35,36,37,-1,37,36,34,-1,34,36,38,-1,34,38,32,-1,35,37,39,-1,39,37,40,-1,39,40,41,-1,42,43,40,-1,40,43,44,-1,40,44,45,-1,40,46,41,-1,41,46,47,-1,41,47,48,-1,48,47,49,-1,48,49,50,-1,45,51,40,-1,40,51,52,-1,40,52,46,-1,53,54,55,-1,53,55,56,-1,54,57,55,-1,55,57,58,-1,55,58,59,-1,59,58,60,-1,60,61,59,-1,59,61,62,-1,59,62,42,-1,42,62,63,-1,42,63,43,-1,64,56,65,-1,65,56,55,-1,65,55,66,-1,66,55,67,-1,66,67,68,-1,68,67,69,-1,70,71,67,-1,67,71,72,-1,67,72,69,-1,73,74,75,-1,75,74,76,-1,75,76,70,-1,70,76,77,-1,70,77,71,-1,78,1,79,-1,79,1,0,-1,79,0,80,-1,78,81,1,-1,1,81,82,-1,1,82,73,-1,83,84,4,-1,85,86,87,-1,87,86,88,-1,89,90,80,-1,80,90,91,-1,92,93,86,-1,86,93,94,-1,86,94,95,-1,96,97,98,-1,98,97,99,-1,98,99,100,-1,101,102,103,-1,103,102,104,-1,105,95,106,-1,106,95,107,-1,106,107,98,-1,98,107,108,-1,98,108,96,-1,109,110,0,-1,0,110,111,-1,0,111,112,-1,4,84,0,-1,0,84,113,-1,0,113,109,-1,104,114,103,-1,103,114,115,-1,103,115,116,-1,105,117,95,-1,95,117,118,-1,95,118,86,-1,86,118,119,-1,86,119,88,-1,112,120,0,-1,0,120,121,-1,0,121,80,-1,80,121,122,-1,80,122,89,-1,123,124,125,-1,125,124,126,-1,125,126,103,-1,103,126,127,-1,103,127,101,-1,91,128,80,-1,80,128,129,-1,80,129,130,-1,130,129,123,-1,130,123,131,-1,131,123,125,-1,132,133,103,-1,103,133,134,-1,103,134,86,-1,86,134,135,-1,86,135,92,-1,116,136,103,-1,103,136,137,-1,103,137,138,-1,138,139,103,-1,103,139,140,-1,103,140,132,-1,141,142,143,-1,142,95,143,-1,143,95,94,-1,143,94,144,-1,144,94,145,-1,145,146,144,-1,144,146,147,-1,144,147,148,-1,149,150,151,-1,150,152,151,-1,151,152,153,-1,151,153,154,-1,155,151,156,-1,141,143,155,-1,155,143,157,-1,155,157,151,-1,151,157,158,-1,151,158,149,-1,156,159,155,-1,155,159,160,-1,155,160,161,-1,154,153,162,-1,162,153,163,-1,162,163,164,-1,164,163,165,-1,164,165,166,-1,167,168,161,-1,161,168,169,-1,161,169,155,-1,25,170,3,-1,3,170,171,-1,3,171,4,-1,4,171,172,-1,4,172,83,-1,173,174,175,-1,175,174,176,-1,175,176,177,-1,177,176,178,-1,177,178,179,-1,180,181,182,-1,182,181,183,-1,183,181,184,-1,184,181,176,-1,184,176,185,-1,185,176,174,-1,185,174,23,-1,23,174,186,-1,23,186,21,-1,178,187,179,-1,179,187,188,-1,179,188,189,-1,189,188,190,-1,191,192,193,-1,193,192,194,-1,195,196,197,-1,198,199,200,-1,200,199,195,-1,201,202,203,-1,204,205,206,-1,206,205,207,-1,208,209,196,-1,196,209,210,-1,191,211,192,-1,192,211,212,-1,192,212,213,-1,213,212,214,-1,213,214,215,-1,210,216,196,-1,196,216,217,-1,196,217,197,-1,218,219,201,-1,201,219,220,-1,201,220,202,-1,221,222,223,-1,223,222,224,-1,225,226,214,-1,214,226,227,-1,203,228,201,-1,201,228,229,-1,201,229,205,-1,205,229,194,-1,205,194,207,-1,207,194,192,-1,227,230,214,-1,214,230,231,-1,214,231,232,-1,232,233,214,-1,214,233,234,-1,214,234,215,-1,204,235,205,-1,205,235,236,-1,205,236,221,-1,237,238,239,-1,240,199,241,-1,224,242,223,-1,223,242,240,-1,223,240,243,-1,243,240,241,-1,237,239,198,-1,239,244,198,-1,198,244,245,-1,198,245,199,-1,199,245,246,-1,199,246,241,-1,18,20,247,-1,247,20,248,-1,247,248,249,-1,249,248,16,-1,16,248,250,-1,16,250,17,-1,251,252,17,-1,253,254,255,-1,255,254,256,-1,255,256,257,-1,258,259,17,-1,17,259,260,-1,257,261,255,-1,255,261,262,-1,255,262,263,-1,263,262,264,-1,263,264,251,-1,265,266,252,-1,252,266,267,-1,252,267,17,-1,17,267,268,-1,17,268,258,-1,260,269,17,-1,17,269,270,-1,17,270,15,-1,271,272,273,-1,273,272,274,-1,273,274,275,-1,273,276,271,-1,271,276,277,-1,271,277,278,-1,278,279,271,-1,271,279,280,-1,271,280,281,-1,281,280,282,-1,281,282,283,-1,283,282,284,-1,283,284,252,-1,252,284,285,-1,252,285,265,-1,286,287,275,-1,275,287,288,-1,275,288,273,-1,289,290,238,-1,238,290,291,-1,238,291,239,-1,289,292,290,-1,290,292,293,-1,290,293,294,-1,294,293,295,-1,294,296,297,-1,295,298,294,-1,294,298,299,-1,294,299,300,-1,300,301,294,-1,294,301,302,-1,294,302,296,-1,297,303,294,-1,294,303,304,-1,294,304,305,-1,306,307,308,-1,308,307,309,-1,308,309,310,-1,311,312,313,-1,313,312,314,-1,307,315,309,-1,309,315,316,-1,309,316,317,-1,317,316,318,-1,317,318,319,-1,319,318,320,-1,319,320,314,-1,314,320,321,-1,314,321,313,-1,322,323,324,-1,324,323,325,-1,325,323,326,-1,326,323,327,-1,326,327,328,-1,328,327,329,-1,328,329,330,-1,331,332,317,-1,333,334,319,-1,332,335,317,-1,317,335,336,-1,317,336,329,-1,329,336,337,-1,329,337,330,-1,333,319,338,-1,324,339,322,-1,322,339,340,-1,322,340,319,-1,319,340,341,-1,319,341,338,-1,334,342,319,-1,319,342,343,-1,319,343,317,-1,317,343,344,-1,317,344,331,-1,323,345,346,-1,346,345,347,-1,346,348,323,-1,323,348,349,-1,323,349,327,-1,327,349,350,-1,327,350,351,-1,352,353,354,-1,354,353,355,-1,355,353,356,-1,356,353,349,-1,356,349,357,-1,357,349,348,-1,357,348,14,-1,14,348,358,-1,14,358,12,-1,347,345,359,-1,359,345,360,-1,359,360,361,-1,362,360,363,-1,363,360,364,-1,350,365,351,-1,351,365,361,-1,351,361,11,-1,11,361,360,-1,11,360,366,-1,366,360,362,-1,9,11,367,-1,368,369,366,-1,366,369,370,-1,366,370,11,-1,11,370,371,-1,11,371,367,-1,372,373,366,-1,366,373,374,-1,366,374,375,-1,375,376,366,-1,366,376,377,-1,366,377,368,-1,378,379,380,-1,380,379,381,-1,380,381,382,-1,378,383,379,-1,379,383,384,-1,379,384,385,-1,385,384,386,-1,385,386,387,-1,382,388,380,-1,380,388,389,-1,380,389,366,-1,366,389,390,-1,366,390,372,-1,7,391,392,-1,392,391,393,-1,393,391,394,-1,393,394,364,-1,8,395,396,-1,396,397,8,-1,8,397,398,-1,8,398,6,-1,399,400,401,-1,402,403,404,-1,404,403,405,-1,404,405,8,-1,8,405,406,-1,8,406,395,-1,407,408,409,-1,409,408,410,-1,409,410,411,-1,412,413,205,-1,205,413,414,-1,205,414,409,-1,409,414,415,-1,409,415,407,-1,10,412,255,-1,255,412,205,-1,255,205,253,-1,253,205,221,-1,253,221,416,-1,416,221,223,-1,417,418,419,-1,419,418,248,-1,419,248,197,-1,197,248,20,-1,197,20,195,-1,195,20,19,-1,195,19,200,-1,417,420,418,-1,418,420,421,-1,418,421,201,-1,201,421,422,-1,201,422,218,-1,423,424,425,-1,173,175,426,-1,426,175,427,-1,426,427,190,-1,190,427,425,-1,190,425,189,-1,189,425,424,-1,189,424,428,-1,429,430,431,-1,425,432,423,-1,423,432,433,-1,423,433,434,-1,434,433,429,-1,434,429,435,-1,435,429,431,-1,436,437,17,-1,251,17,263,-1,263,17,437,-1,263,437,432,-1,432,437,438,-1,432,438,433,-1,439,440,436,-1,441,442,443,-1,443,442,444,-1,443,444,439,-1,439,436,443,-1,443,436,17,-1,443,17,445,-1,445,17,250,-1,445,250,446,-1,445,447,443,-1,443,447,448,-1,443,448,449,-1,450,451,452,-1,452,451,453,-1,452,453,250,-1,250,453,454,-1,250,454,446,-1,449,455,443,-1,443,455,456,-1,443,456,441,-1,457,458,459,-1,457,459,428,-1,458,460,459,-1,459,460,461,-1,459,461,452,-1,452,461,462,-1,452,462,450,-1,463,70,464,-1,464,70,67,-1,464,67,465,-1,465,67,55,-1,465,55,466,-1,466,55,59,-1,466,59,467,-1,467,59,42,-1,467,42,468,-1,468,42,40,-1,468,40,469,-1,469,40,37,-1,470,471,401,-1,401,471,472,-1,473,404,26,-1,400,402,401,-1,401,402,404,-1,401,404,470,-1,470,404,473,-1,470,473,474,-1,5,401,3,-1,3,401,472,-1,3,472,26,-1,26,472,475,-1,26,475,473,-1,476,477,478,-1,477,476,479,-1,479,476,5,-1,479,5,480,-1,481,482,483,-1,483,482,479,-1,483,479,484,-1,484,479,480,-1,484,480,485,-1,485,480,486,-1,2,476,0,-1,0,476,478,-1,0,478,4,-1,4,478,487,-1,4,487,5,-1,5,487,488,-1,5,488,480,-1,7,392,8,-1,8,392,489,-1,8,489,404,-1,404,489,34,-1,404,34,26,-1,26,34,33,-1,26,33,27,-1,2,418,476,-1,476,418,201,-1,476,201,5,-1,5,201,205,-1,5,205,401,-1,401,205,409,-1,401,409,399,-1,399,409,411,-1,10,255,11,-1,11,255,263,-1,11,263,351,-1,351,263,432,-1,351,432,327,-1,327,432,425,-1,327,425,329,-1,329,425,427,-1,329,427,317,-1,317,427,175,-1,317,175,309,-1,364,360,393,-1,393,360,345,-1,393,345,490,-1,490,345,323,-1,490,323,491,-1,491,323,322,-1,491,322,492,-1,492,322,319,-1,492,319,493,-1,493,319,314,-1,493,314,494,-1,494,314,312,-1,494,312,495,-1,496,497,177,-1,498,499,500,-1,500,496,498,-1,498,496,177,-1,498,177,501,-1,501,177,502,-1,501,502,503,-1,503,502,504,-1,505,497,506,-1,506,497,507,-1,506,507,508,-1,508,507,509,-1,505,510,497,-1,497,510,511,-1,497,511,512,-1,513,175,514,-1,514,175,177,-1,514,177,515,-1,515,177,497,-1,515,497,516,-1,516,497,512,-1,313,310,311,-1,311,310,309,-1,311,309,504,-1,504,309,175,-1,504,175,503,-1,503,175,507,-1,517,518,507,-1,507,518,519,-1,507,519,509,-1,513,520,175,-1,175,520,521,-1,175,521,507,-1,507,521,522,-1,507,522,517,-1,428,459,189,-1,189,459,523,-1,189,523,179,-1,179,523,524,-1,179,524,177,-1,177,524,525,-1,177,525,502,-1,73,75,1,-1,1,75,526,-1,1,526,2,-1,2,526,527,-1,2,527,418,-1,418,527,528,-1,418,528,248,-1,248,528,529,-1,248,529,250,-1,250,529,530,-1,250,530,452,-1,452,530,531,-1,452,531,459,-1,459,531,532,-1,459,532,523,-1,523,532,533,-1,523,533,524,-1,524,533,534,-1,524,534,525,-1,535,536,526,-1,526,75,535,-1,535,75,70,-1,535,70,463,-1,529,528,536,-1,536,528,527,-1,536,527,526,-1,534,533,536,-1,536,533,532,-1,532,531,536,-1,536,531,530,-1,536,530,529,-1,537,538,539,-1,539,538,540,-1,541,537,542,-1,542,537,539,-1,543,541,544,-1,544,541,542,-1,538,543,540,-1,540,543,544,-1,545,546,547,-1,547,546,548,-1,546,549,548,-1,548,549,550,-1,549,551,550,-1,550,551,552,-1,551,545,552,-1,552,545,547,-1,553,554,555,-1,555,554,556,-1,554,557,556,-1,556,557,558,-1,557,559,558,-1,558,559,560,-1,559,553,560,-1,560,553,555,-1,561,562,563,-1,563,562,564,-1,562,565,564,-1,564,565,566,-1,565,567,566,-1,566,567,568,-1,567,561,568,-1,568,561,563,-1,569,494,495,-1,570,571,572,-1,572,571,573,-1,574,489,392,-1,392,393,574,-1,574,393,490,-1,574,490,491,-1,575,570,576,-1,576,570,572,-1,576,572,577,-1,577,572,578,-1,491,492,574,-1,574,492,493,-1,574,493,579,-1,573,571,580,-1,580,571,469,-1,580,469,578,-1,578,469,37,-1,578,37,577,-1,577,37,34,-1,577,34,581,-1,582,570,583,-1,583,570,575,-1,583,575,574,-1,574,575,581,-1,574,581,489,-1,489,581,34,-1,493,494,579,-1,579,494,569,-1,579,569,582,-1,582,569,584,-1,582,584,570,-1,570,584,585,-1,570,585,495,-1,495,585,586,-1,495,586,569,-1,587,588,589,-1,589,588,570,-1,570,495,589,-1,589,495,312,-1,589,312,311,-1,534,536,525,-1,525,536,590,-1,525,590,502,-1,502,590,589,-1,502,589,504,-1,504,589,311,-1,571,570,591,-1,591,570,588,-1,571,591,592,-1,592,591,593,-1,535,463,594,-1,594,463,464,-1,594,464,592,-1,592,464,465,-1,592,465,466,-1,469,571,468,-1,468,571,592,-1,468,592,467,-1,467,592,466,-1,593,591,587,-1,587,591,588,-1,574,541,583,-1,583,541,543,-1,579,537,574,-1,574,537,541,-1,538,582,543,-1,543,582,583,-1,582,538,579,-1,579,538,537,-1,578,546,580,-1,580,546,545,-1,580,545,573,-1,573,545,551,-1,549,572,551,-1,551,572,573,-1,572,549,578,-1,578,549,546,-1,581,554,577,-1,577,554,553,-1,577,553,576,-1,576,553,559,-1,557,575,559,-1,559,575,576,-1,575,557,581,-1,581,557,554,-1,586,562,569,-1,569,562,561,-1,569,561,584,-1,584,561,567,-1,565,585,567,-1,567,585,584,-1,585,565,586,-1,586,565,562,-1,589,550,592,-1,592,550,552,-1,592,552,594,-1,589,540,544,-1,563,564,590,-1,560,555,548,-1,552,547,594,-1,594,547,548,-1,594,548,590,-1,590,548,555,-1,590,555,556,-1,590,564,589,-1,564,566,589,-1,589,566,568,-1,589,568,540,-1,540,568,539,-1,548,550,560,-1,560,550,589,-1,560,589,558,-1,558,589,544,-1,558,544,556,-1,556,544,542,-1,556,542,590,-1,590,542,539,-1,590,539,563,-1,563,539,568,-1,594,590,535,-1,535,590,536,-1,589,592,587,-1,587,592,593,-1,
        ]
    }
}
Shape{
    appearance Appearance {
        material  Material 	{
            diffuseColor 1.0 1.0 1.0
            specularColor 0.5019607843137255 0.5019607843137255 0.5019607843137255
            ambientIntensity 0.2
            transparency 0
            shininess 0.5
        }
    }
    geometry IndexedFaceSet {
        ccw TRUE
        solid FALSE
        coord DEF co Coordinate {
            point [
                -0.021 0.4961 0.6919, -0.021 0.4961 0.6736, -0.021 0.4921 0.6919, -0.021 0.4921 0.6736, 0.0428 0.4961 0.6919, 0.0428 0.4921 0.6919, 0.0428 0.4961 0.8338, 0.0428 0.4921 0.8338, 0.0635 0.4961 0.8338, 0.0635 0.4921 0.8338, 0.0635 0.4961 0.6736, 0.0635 0.4921 0.6736, -0.1031 0.4961 0.6709, -0.1031 0.4921 0.6709, -0.1275 0.4961 0.6733, -0.1172 0.4921 0.6723, -0.1275 0.4921 0.6733, -0.1447 0.4921 0.6789, -0.1447 0.4961 0.6789, -0.1474 0.4921 0.6803, -0.1474 0.4961 0.6803, -0.1474 0.4961 0.7001, -0.1474 0.4921 0.7001, -0.1317 0.4921 0.693, -0.1317 0.4961 0.693, -0.1137 0.4921 0.6896, -0.1137 0.4961 0.6896, -0.1061 0.4921 0.6893, -0.1061 0.4961 0.6893, -0.0898 0.4921 0.6913, -0.0898 0.4961 0.6913, -0.0784 0.4921 0.6958, -0.0784 0.4961 0.6958, -0.068 0.4921 0.7032, -0.068 0.4961 0.7032, -0.0649 0.4921 0.7062, -0.0649 0.4961 0.7062, -0.0571 0.4921 0.717, -0.0571 0.4961 0.717, -0.0519 0.4921 0.7299, -0.0519 0.4961 0.7299, -0.0494 0.4921 0.746, -0.0494 0.4961 0.746, -0.0492 0.4921 0.7519, -0.0492 0.4961 0.7519, -0.0514 0.4921 0.7721, -0.0514 0.4961 0.7721, -0.0565 0.4921 0.7864, -0.0565 0.4961 0.7864, -0.064 0.4921 0.7978, -0.064 0.4961 0.7978, -0.066 0.4921 0.8, -0.066 0.4961 0.8, -0.077 0.4921 0.8091, -0.077 0.4961 0.8091, -0.0896 0.4921 0.8149, -0.0896 0.4961 0.8149, -0.1035 0.4921 0.8176, -0.1035 0.4961 0.8176, -0.1097 0.4921 0.8178, -0.1097 0.4961 0.8178, -0.1294 0.4921 0.8154, -0.1294 0.4961 0.8154, -0.1456 0.4921 0.8093, -0.1456 0.4961 0.8093, -0.1474 0.4921 0.8083, -0.1474 0.4961 0.8083, -0.1474 0.4961 0.8299, -0.1474 0.4921 0.8299, -0.1095 0.4921 0.8365, -0.1095 0.4961 0.8365, -0.11 0.4961 0.8365, -0.1309 0.4921 0.8347, -0.1309 0.4961 0.8347, -0.1263 0.4921 0.8351, -0.11 0.4921 0.8365, -0.0985 0.4921 0.8351, -0.086 0.4961 0.8336, -0.086 0.4921 0.8336, -0.0693 0.4921 0.827, -0.0693 0.4961 0.827, -0.0543 0.4921 0.8164, -0.0543 0.4961 0.8164, -0.0506 0.4921 0.8129, -0.0506 0.4961 0.8129, -0.039 0.4921 0.7977, -0.0347 0.4921 0.7875, -0.0314 0.4961 0.7799, -0.039 0.4961 0.7977, -0.0314 0.4921 0.7799, -0.0278 0.4921 0.759, -0.0278 0.4961 0.759, -0.0275 0.4921 0.7507, -0.0275 0.4961 0.7507, -0.0301 0.4921 0.7268, -0.0347 0.4921 0.7141, -0.0363 0.4961 0.7096, -0.0301 0.4961 0.7268, -0.0363 0.4921 0.7096, -0.0455 0.4921 0.6956, -0.0455 0.4961 0.6956, -0.0481 0.4921 0.6928, -0.0481 0.4961 0.6928, -0.0761 0.4921 0.6749, -0.061 0.4961 0.6821, -0.061 0.4921 0.6821, -0.0891 0.4921 0.6723, -0.0934 0.4961 0.6714, -0.0761 0.4961 0.6749, -0.0934 0.4921 0.6714, -0.2656 0.4961 0.6919, -0.2656 0.4961 0.6736, -0.2656 0.4921 0.6919, -0.2656 0.4921 0.6736, -0.2001 0.4921 0.6919, -0.2001 0.4961 0.6919, -0.2434 0.4921 0.6919, -0.2001 0.4961 0.7457, -0.2001 0.4921 0.7457, -0.2574 0.4921 0.7457, -0.2574 0.4961 0.7457, -0.2434 0.4921 0.7457, -0.2574 0.4961 0.7641, -0.2574 0.4921 0.7641, -0.2001 0.4921 0.7641, -0.2001 0.4961 0.7641, -0.2434 0.4921 0.7641, -0.2001 0.4961 0.8153, -0.2001 0.4921 0.8153, -0.2619 0.4921 0.8153, -0.2619 0.4961 0.8153, -0.2434 0.4921 0.8153, -0.2619 0.4961 0.8338, -0.2619 0.4921 0.8338, -0.1795 0.4921 0.8338, -0.1795 0.4961 0.8338, -0.2434 0.4921 0.8338, -0.1795 0.4961 0.6736, -0.1795 0.4921 0.6736, -0.2434 0.4921 0.6736, -0.3953 0.4961 0.7185, -0.3874 0.4961 0.7086, -0.4021 0.4961 0.6961, -0.3844 0.4961 0.7059, -0.3854 0.4961 0.6841, -0.3738 0.4961 0.6989, -0.3671 0.4961 0.677, -0.3601 0.4961 0.6941, -0.3399 0.4961 0.6736, -0.3398 0.4961 0.6919, -0.2958 0.4961 0.6736, -0.3165 0.4961 0.6919, -0.2958 0.4961 0.8338, -0.3165 0.4961 0.8153, -0.3415 0.4961 0.8338, -0.3407 0.4961 0.8153, -0.3659 0.4961 0.8311, -0.3613 0.4961 0.8131, -0.3853 0.4961 0.824, -0.3752 0.4961 0.808, -0.4021 0.4961 0.8126, -0.3869 0.4961 0.8003, -0.4075 0.4961 0.8073, -0.3922 0.4961 0.7949, -0.4175 0.4961 0.7934, -0.3982 0.4961 0.7857, -0.4235 0.4961 0.7782, -0.4025 0.4961 0.7736, -0.4262 0.4961 0.7557, -0.4045 0.4961 0.7552, -0.4257 0.4961 0.7456, -0.4039 0.4961 0.745, -0.4219 0.4961 0.7269, -0.4008 0.4961 0.7304, -0.414 0.4961 0.7103, -0.3399 0.4921 0.6736, -0.2958 0.4921 0.6736, -0.4021 0.4921 0.6961, -0.3671 0.4921 0.677, -0.3692 0.4921 0.6777, -0.3854 0.4921 0.6841, -0.414 0.4921 0.7103, -0.4219 0.4921 0.7269, -0.4257 0.4921 0.7456, -0.4262 0.4921 0.7557, -0.4235 0.4921 0.7782, -0.4175 0.4921 0.7934, -0.4075 0.4921 0.8073, -0.4021 0.4921 0.8126, -0.3853 0.4921 0.824, -0.3692 0.4921 0.8299, -0.3659 0.4921 0.8311, -0.3415 0.4921 0.8338, -0.2958 0.4921 0.8338, -0.3407 0.4921 0.8153, -0.3165 0.4921 0.8153, -0.3165 0.4921 0.6919, -0.3398 0.4921 0.6919, -0.3874 0.4921 0.7086, -0.3844 0.4921 0.7059, -0.3738 0.4921 0.6989, -0.3601 0.4921 0.6941, -0.4045 0.4921 0.7552, -0.4039 0.4921 0.745, -0.4008 0.4921 0.7304, -0.3953 0.4921 0.7185, -0.3869 0.4921 0.8003, -0.3922 0.4921 0.7949, -0.3982 0.4921 0.7857, -0.4025 0.4921 0.7736, -0.3613 0.4921 0.8131, -0.3752 0.4921 0.808, -0.3752 0.4921 0.808
            ]
        }
        coordIndex [
            0,1,2,-1,2,1,3,-1,4,0,5,-1,5,0,2,-1,6,4,7,-1,7,4,5,-1,8,6,9,-1,9,6,7,-1,10,8,11,-1,11,8,9,-1,1,10,3,-1,3,10,11,-1,6,8,4,-1,4,8,10,-1,4,10,0,-1,0,10,1,-1,12,13,14,-1,14,13,15,-1,15,16,14,-1,14,16,17,-1,14,17,18,-1,18,17,19,-1,18,19,20,-1,21,20,22,-1,22,20,19,-1,21,22,23,-1,21,23,24,-1,24,23,25,-1,24,25,26,-1,26,25,27,-1,26,27,28,-1,28,27,29,-1,28,29,30,-1,30,29,31,-1,30,31,32,-1,32,31,33,-1,32,33,34,-1,34,33,35,-1,34,35,36,-1,36,35,37,-1,36,37,38,-1,38,37,39,-1,38,39,40,-1,40,39,41,-1,40,41,42,-1,42,41,43,-1,42,43,44,-1,44,43,45,-1,44,45,46,-1,46,45,47,-1,46,47,48,-1,48,47,49,-1,48,49,50,-1,50,49,51,-1,50,51,52,-1,52,51,53,-1,52,53,54,-1,54,53,55,-1,54,55,56,-1,56,55,57,-1,56,57,58,-1,58,57,59,-1,58,59,60,-1,60,59,61,-1,60,61,62,-1,62,61,63,-1,62,63,64,-1,64,63,65,-1,64,65,66,-1,67,66,68,-1,68,66,65,-1,69,70,71,-1,67,68,72,-1,67,72,73,-1,73,72,74,-1,73,74,71,-1,71,74,75,-1,71,75,69,-1,70,69,76,-1,70,76,77,-1,76,78,77,-1,77,78,79,-1,77,79,80,-1,80,79,81,-1,80,81,82,-1,82,81,83,-1,82,83,84,-1,84,83,85,-1,86,87,85,-1,85,87,88,-1,85,88,84,-1,86,89,87,-1,87,89,90,-1,87,90,91,-1,91,90,92,-1,91,92,93,-1,93,92,94,-1,95,96,94,-1,94,96,97,-1,94,97,93,-1,95,98,96,-1,96,98,99,-1,96,99,100,-1,100,99,101,-1,100,101,102,-1,103,104,105,-1,105,104,102,-1,105,102,101,-1,106,107,103,-1,103,107,108,-1,103,108,104,-1,106,109,107,-1,107,109,13,-1,107,13,12,-1,64,66,67,-1,46,48,88,-1,64,67,62,-1,62,67,73,-1,62,73,60,-1,60,73,71,-1,60,71,58,-1,58,71,70,-1,58,70,56,-1,56,70,77,-1,56,77,54,-1,20,21,18,-1,18,21,24,-1,18,24,14,-1,14,24,26,-1,14,26,12,-1,12,26,28,-1,12,28,107,-1,107,28,30,-1,107,30,108,-1,108,30,32,-1,108,32,104,-1,104,32,34,-1,104,34,102,-1,102,34,36,-1,102,36,100,-1,100,36,38,-1,100,38,96,-1,88,48,84,-1,77,80,54,-1,54,80,82,-1,54,82,52,-1,52,82,84,-1,52,84,50,-1,50,84,48,-1,93,44,91,-1,91,44,46,-1,91,46,87,-1,87,46,88,-1,96,38,97,-1,97,38,40,-1,97,40,93,-1,93,40,42,-1,93,42,44,-1,110,111,112,-1,112,111,113,-1,114,115,116,-1,116,115,110,-1,116,110,112,-1,117,115,118,-1,118,115,114,-1,119,120,121,-1,121,120,117,-1,121,117,118,-1,122,120,123,-1,123,120,119,-1,124,125,126,-1,126,125,122,-1,126,122,123,-1,127,125,128,-1,128,125,124,-1,129,130,131,-1,131,130,127,-1,131,127,128,-1,132,130,133,-1,133,130,129,-1,134,135,136,-1,136,135,132,-1,136,132,133,-1,137,135,138,-1,138,135,134,-1,113,111,139,-1,139,111,137,-1,139,137,138,-1,137,111,110,-1,110,115,137,-1,137,115,117,-1,137,117,135,-1,130,132,127,-1,127,132,135,-1,127,135,125,-1,125,135,117,-1,125,117,122,-1,122,117,120,-1,140,141,142,-1,142,141,143,-1,142,143,144,-1,144,143,145,-1,144,145,146,-1,146,145,147,-1,146,147,148,-1,148,147,149,-1,148,149,150,-1,150,149,151,-1,150,151,152,-1,152,151,153,-1,152,153,154,-1,154,153,155,-1,154,155,156,-1,156,155,157,-1,156,157,158,-1,158,157,159,-1,158,159,160,-1,160,159,161,-1,160,161,162,-1,162,161,163,-1,162,163,164,-1,164,163,165,-1,164,165,166,-1,166,165,167,-1,166,167,168,-1,168,167,169,-1,168,169,170,-1,170,169,171,-1,170,171,172,-1,172,171,173,-1,172,173,174,-1,174,173,140,-1,174,140,142,-1,148,150,175,-1,175,150,176,-1,177,142,144,-1,148,175,178,-1,148,178,146,-1,146,178,179,-1,146,179,144,-1,144,179,180,-1,144,180,177,-1,142,177,181,-1,142,181,174,-1,174,181,182,-1,174,182,172,-1,172,182,183,-1,172,183,170,-1,170,183,184,-1,170,184,168,-1,168,184,185,-1,168,185,166,-1,166,185,186,-1,166,186,164,-1,164,186,187,-1,164,187,162,-1,162,187,188,-1,162,188,160,-1,160,188,189,-1,190,156,189,-1,189,156,158,-1,189,158,160,-1,190,191,156,-1,156,191,192,-1,156,192,154,-1,152,154,193,-1,193,154,192,-1,150,152,176,-1,176,152,193,-1,155,153,194,-1,194,153,195,-1,153,151,195,-1,195,151,196,-1,151,149,196,-1,196,149,197,-1,141,198,199,-1,141,199,143,-1,143,199,200,-1,143,200,145,-1,145,200,201,-1,145,201,147,-1,147,201,197,-1,147,197,149,-1,169,202,203,-1,169,203,171,-1,171,203,204,-1,171,204,173,-1,173,204,205,-1,173,205,140,-1,140,205,198,-1,140,198,141,-1,161,206,207,-1,161,207,163,-1,163,207,208,-1,163,208,165,-1,165,208,209,-1,165,209,167,-1,167,209,202,-1,167,202,169,-1,155,194,210,-1,155,210,157,-1,157,210,211,-1,157,211,159,-1,159,211,206,-1,159,206,161,-1,
        ]
    }
}
Shape{
    appearance Appearance {
        material  Material 	{
            diffuseColor 0.2235294117647059 0.2235294117647059 0.2235294117647059
            specularColor 0.11372549019607843 0.11372549019607843 0.11372549019607843
            ambientIntensity 0.2
            transparency 0
            shininess 0.5
        }
    }
    geometry IndexedFaceSet {
        ccw TRUE
        solid FALSE
        coord DEF co Coordinate {
            point [
                -0.3165 0.4921 0.8153, -0.3165 0.4921 0.6919, -0.3407 0.4921 0.8153, -0.3398 0.4921 0.6919, -0.3601 0.4921 0.6941, -0.3738 0.4921 0.6989, -0.3844 0.4921 0.7059, -0.3874 0.4921 0.7086, -0.3953 0.4921 0.7185, -0.4008 0.4921 0.7304, -0.4039 0.4921 0.745, -0.4045 0.4921 0.7552, -0.4025 0.4921 0.7736, -0.3982 0.4921 0.7857, -0.3922 0.4921 0.7949, -0.3869 0.4921 0.8003, -0.3613 0.4921 0.8131, -0.3752 0.4921 0.808, -0.3752 0.4921 0.808
            ]
        }
        coordIndex [
            0,1,2,-1,2,1,3,-1,2,3,4,-1,4,5,2,-1,2,5,6,-1,2,6,7,-1,7,8,2,-1,2,8,9,-1,2,9,10,-1,10,11,2,-1,2,11,12,-1,2,12,13,-1,13,14,2,-1,2,14,15,-1,2,15,16,-1,16,15,17,-1,
        ]
    }
}
Shape{
    appearance Appearance {
        material  Material 	{
            diffuseColor 1.0 1.0 1.0
            specularColor 0.5019607843137255 0.5019607843137255 0.5019607843137255
            ambientIntensity 0.2
            transparency 0
            shininess 0.5
        }
    }
    geometry IndexedFaceSet {
        ccw TRUE
        solid FALSE
        coord DEF co Coordinate {
            point [
                -0.4799 0.4961 0.7355, -0.4733 0.4961 0.7174, -0.5336 0.4961 0.7355, -0.54 0.4961 0.7174, -0.5038 0.4961 0.8021, -0.4961 0.4961 0.8338, -0.4351 0.4961 0.6736, -0.4579 0.4961 0.6736, -0.5052 0.4961 0.8069, -0.5064 0.4961 0.8133, -0.5182 0.4961 0.8338, -0.5069 0.4961 0.8133, -0.5082 0.4961 0.8065, -0.5094 0.4961 0.8021, -0.5792 0.4961 0.6736, -0.5563 0.4961 0.6736, -0.5182 0.4921 0.8338, -0.5792 0.4921 0.6736, -0.4961 0.4921 0.8338, -0.4351 0.4921 0.6736, -0.4812 0.4921 0.7948, -0.4579 0.4921 0.6736, -0.4733 0.4921 0.7174, -0.54 0.4921 0.7174, -0.4812 0.4921 0.7174, -0.5563 0.4921 0.6736, -0.4799 0.4921 0.7355, -0.5336 0.4921 0.7355, -0.5094 0.4921 0.8021, -0.5069 0.4921 0.8133, -0.5082 0.4921 0.8065, -0.5064 0.4921 0.8133, -0.5038 0.4921 0.8021, -0.5052 0.4921 0.8069, -0.5052 0.4921 0.8069
            ]
        }
        coordIndex [
            0,1,2,-1,2,1,3,-1,4,5,0,-1,0,5,6,-1,0,6,1,-1,1,6,7,-1,4,8,5,-1,5,8,9,-1,5,9,10,-1,10,9,11,-1,10,11,12,-1,12,13,10,-1,10,13,2,-1,10,2,14,-1,14,2,3,-1,14,3,15,-1,10,14,16,-1,16,14,17,-1,5,10,18,-1,18,10,16,-1,19,6,20,-1,20,6,5,-1,20,5,18,-1,7,6,21,-1,21,6,19,-1,1,7,22,-1,22,7,21,-1,23,3,24,-1,24,3,1,-1,24,1,22,-1,15,3,25,-1,25,3,23,-1,14,15,17,-1,17,15,25,-1,0,2,26,-1,26,2,27,-1,2,13,27,-1,27,13,28,-1,11,29,30,-1,11,30,12,-1,12,30,28,-1,12,28,13,-1,11,9,29,-1,29,9,31,-1,4,32,33,-1,4,33,8,-1,8,33,31,-1,8,31,9,-1,4,0,32,-1,32,0,26,-1,
        ]
    }
}
Shape{
    appearance Appearance {
        material  Material 	{
            diffuseColor 0.2235294117647059 0.2235294117647059 0.2235294117647059
            specularColor 0.11372549019607843 0.11372549019607843 0.11372549019607843
            ambientIntensity 0.2
            transparency 0
            shininess 0.5
        }
    }
    geometry IndexedFaceSet {
        ccw TRUE
        solid FALSE
        coord DEF co Coordinate {
            point [
                -0.5069 0.4921 0.8133, -0.5064 0.4921 0.8133, -0.5082 0.4921 0.8065, -0.5052 0.4921 0.8069, -0.5094 0.4921 0.8021, -0.5038 0.4921 0.8021, -0.5336 0.4921 0.7355, -0.4799 0.4921 0.7355, -0.4799 0.4921 0.7355
            ]
        }
        coordIndex [
            0,1,2,-1,2,1,3,-1,2,3,4,-1,4,3,5,-1,4,5,6,-1,6,5,7,-1,
        ]
    }
}
Shape{
    appearance Appearance {
        material  Material 	{
            diffuseColor 1.0 1.0 1.0
            specularColor 0.5019607843137255 0.5019607843137255 0.5019607843137255
            ambientIntensity 0.2
            transparency 0
            shininess 0.5
        }
    }
    geometry IndexedFaceSet {
        ccw TRUE
        solid FALSE
        coord DEF co Coordinate {
            point [
                -0.0226 0.4961 0.4378, -0.0226 0.4961 0.4196, -0.0226 0.4921 0.4378, -0.0226 0.4921 0.4196, 0.0428 0.4961 0.4378, 0.0428 0.4921 0.4378, 0.0428 0.4961 0.4917, 0.0428 0.4921 0.4917, -0.0144 0.4961 0.4917, -0.0144 0.4921 0.4917, -0.0144 0.4961 0.51, -0.0144 0.4921 0.51, 0.0428 0.4961 0.51, 0.0428 0.4921 0.51, 0.0428 0.4961 0.5613, 0.0428 0.4921 0.5613, -0.019 0.4961 0.5613, -0.019 0.4921 0.5613, -0.019 0.4961 0.5797, -0.019 0.4921 0.5797, 0.0635 0.4961 0.5797, 0.0635 0.4921 0.5797, 0.0635 0.4961 0.4196, 0.0635 0.4921 0.4196, -0.1137 0.4961 0.4196, -0.1337 0.4961 0.4196, -0.1137 0.4961 0.4373, -0.1337 0.4961 0.4932, -0.1137 0.4961 0.4923, -0.0702 0.4961 0.4684, -0.075 0.4961 0.4706, -0.1131 0.4961 0.4373, -0.1025 0.4961 0.4401, -0.1084 0.4961 0.4305, -0.0968 0.4961 0.4363, -0.0869 0.4961 0.4734, -0.1137 0.4961 0.477, -0.1137 0.4961 0.466, -0.1136 0.4961 0.4636, -0.1123 0.4961 0.4555, -0.1093 0.4961 0.4484, -0.1051 0.4961 0.4427, -0.1131 0.4961 0.5006, -0.1321 0.4961 0.5086, -0.111 0.4961 0.508, -0.129 0.4961 0.5177, -0.1087 0.4961 0.5122, -0.1248 0.4961 0.5241, -0.1057 0.4961 0.5155, -0.1195 0.4961 0.5292, -0.1022 0.4961 0.5178, -0.1128 0.4961 0.533, -0.0977 0.4961 0.5195, -0.1043 0.4961 0.5355, -0.0905 0.4961 0.5203, -0.0924 0.4961 0.5366, -0.0796 0.4961 0.5192, -0.0718 0.4961 0.534, -0.067 0.4961 0.5152, -0.0569 0.4961 0.5282, -0.053 0.4961 0.5064, -0.053 0.4961 0.5259, -0.0663 0.4961 0.4402, -0.0517 0.4961 0.4259, -0.068 0.4961 0.4385, -0.0574 0.4961 0.4217, -0.072 0.4961 0.4358, -0.0649 0.4961 0.4186, -0.0765 0.4961 0.4341, -0.0741 0.4961 0.417, -0.0833 0.4961 0.4333, -0.0781 0.4961 0.4169, -0.0893 0.4961 0.4182, -0.0907 0.4961 0.4341, -0.0973 0.4961 0.4213, -0.1019 0.4961 0.4242, -0.0623 0.4961 0.455, -0.0419 0.4961 0.4526, -0.0622 0.4961 0.4518, -0.0418 0.4961 0.4502, -0.0627 0.4961 0.4472, -0.043 0.4961 0.4404, -0.064 0.4961 0.4436, -0.0456 0.4961 0.4337, -0.0498 0.4961 0.4277, -0.0798 0.4961 0.4875, -0.0646 0.4961 0.4838, -0.0675 0.4961 0.4663, -0.0561 0.4961 0.4794, -0.0651 0.4961 0.4634, -0.0499 0.4961 0.4741, -0.0633 0.4961 0.4596, -0.0459 0.4961 0.4683, -0.0432 0.4961 0.4613, -0.0924 0.4921 0.5366, -0.0718 0.4921 0.534, -0.0569 0.4921 0.5282, -0.053 0.4921 0.5259, -0.053 0.4921 0.5064, -0.067 0.4921 0.5152, -0.0796 0.4921 0.5192, -0.0905 0.4921 0.5203, -0.0977 0.4921 0.5195, -0.1022 0.4921 0.5178, -0.1057 0.4921 0.5155, -0.1087 0.4921 0.5122, -0.111 0.4921 0.508, -0.1131 0.4921 0.5006, -0.1137 0.4921 0.4923, -0.0798 0.4921 0.4875, -0.0646 0.4921 0.4838, -0.0561 0.4921 0.4794, -0.0499 0.4921 0.4741, -0.0459 0.4921 0.4683, -0.0432 0.4921 0.4613, -0.0419 0.4921 0.4526, -0.0418 0.4921 0.4502, -0.043 0.4921 0.4404, -0.0456 0.4921 0.4337, -0.0498 0.4921 0.4277, -0.0517 0.4921 0.4259, -0.0781 0.4921 0.4169, -0.0574 0.4921 0.4217, -0.0649 0.4921 0.4186, -0.067 0.4921 0.4182, -0.0741 0.4921 0.417, -0.0893 0.4921 0.4182, -0.0893 0.4921 0.4182, -0.0973 0.4921 0.4213, -0.1019 0.4921 0.4242, -0.1084 0.4921 0.4305, -0.1131 0.4921 0.4373, -0.1137 0.4921 0.4373, -0.1137 0.4921 0.4196, -0.1337 0.4921 0.4196, -0.1337 0.4921 0.4932, -0.1321 0.4921 0.5086, -0.129 0.4921 0.5177, -0.1248 0.4921 0.5241, -0.1195 0.4921 0.5292, -0.1128 0.4921 0.533, -0.1043 0.4921 0.5355, -0.0675 0.4921 0.4663, -0.0702 0.4921 0.4684, -0.075 0.4921 0.4706, -0.0869 0.4921 0.4734, -0.0622 0.4921 0.4518, -0.0623 0.4921 0.455, -0.0633 0.4921 0.4596, -0.0651 0.4921 0.4634, -0.068 0.4921 0.4385, -0.0663 0.4921 0.4402, -0.064 0.4921 0.4436, -0.0627 0.4921 0.4472, -0.0833 0.4921 0.4333, -0.0765 0.4921 0.4341, -0.072 0.4921 0.4358, -0.1051 0.4921 0.4427, -0.1025 0.4921 0.4401, -0.0968 0.4921 0.4363, -0.0907 0.4921 0.4341, -0.1137 0.4921 0.466, -0.1136 0.4921 0.4636, -0.1123 0.4921 0.4555, -0.1093 0.4921 0.4484, -0.1137 0.4921 0.477, -0.1137 0.4921 0.477
            ]
        }
        coordIndex [
            0,1,2,-1,2,1,3,-1,4,0,5,-1,5,0,2,-1,6,4,7,-1,7,4,5,-1,8,6,9,-1,9,6,7,-1,10,8,11,-1,11,8,9,-1,12,10,13,-1,13,10,11,-1,14,12,15,-1,15,12,13,-1,16,14,17,-1,17,14,15,-1,18,16,19,-1,19,16,17,-1,20,18,21,-1,21,18,19,-1,22,20,23,-1,23,20,21,-1,1,22,3,-1,3,22,23,-1,22,1,0,-1,0,4,22,-1,22,4,6,-1,22,6,20,-1,16,18,14,-1,14,18,20,-1,14,20,12,-1,12,20,6,-1,12,6,10,-1,10,6,8,-1,24,25,26,-1,26,25,27,-1,28,29,30,-1,31,32,33,-1,33,32,34,-1,35,36,27,-1,27,36,37,-1,37,38,27,-1,27,38,39,-1,27,39,26,-1,26,39,40,-1,26,40,31,-1,31,40,41,-1,31,41,32,-1,30,35,28,-1,28,35,27,-1,28,27,42,-1,42,27,43,-1,42,43,44,-1,44,43,45,-1,44,45,46,-1,46,45,47,-1,46,47,48,-1,48,47,49,-1,48,49,50,-1,50,49,51,-1,50,51,52,-1,52,51,53,-1,52,53,54,-1,54,53,55,-1,54,55,56,-1,56,55,57,-1,56,57,58,-1,58,57,59,-1,58,59,60,-1,60,59,61,-1,62,63,64,-1,64,63,65,-1,64,65,66,-1,66,65,67,-1,66,67,68,-1,68,67,69,-1,68,69,70,-1,69,71,70,-1,70,71,72,-1,70,72,73,-1,73,72,74,-1,73,74,34,-1,34,74,75,-1,34,75,33,-1,76,77,78,-1,78,77,79,-1,78,79,80,-1,80,79,81,-1,80,81,82,-1,82,81,83,-1,82,83,62,-1,62,83,84,-1,62,84,63,-1,28,85,29,-1,29,85,86,-1,29,86,87,-1,87,86,88,-1,87,88,89,-1,89,88,90,-1,89,90,91,-1,91,90,92,-1,91,92,76,-1,76,92,93,-1,76,93,77,-1,55,94,95,-1,55,95,57,-1,57,95,96,-1,57,96,59,-1,59,96,97,-1,59,97,61,-1,60,61,98,-1,98,61,97,-1,60,98,99,-1,60,99,58,-1,58,99,100,-1,58,100,56,-1,56,100,101,-1,56,101,54,-1,54,101,102,-1,54,102,52,-1,52,102,103,-1,52,103,50,-1,50,103,104,-1,50,104,48,-1,48,104,105,-1,48,105,46,-1,46,105,106,-1,46,106,44,-1,44,106,107,-1,44,107,42,-1,42,107,108,-1,42,108,28,-1,85,28,109,-1,109,28,108,-1,85,109,110,-1,85,110,86,-1,86,110,111,-1,86,111,88,-1,88,111,112,-1,88,112,90,-1,90,112,113,-1,90,113,92,-1,92,113,114,-1,92,114,93,-1,93,114,115,-1,93,115,77,-1,77,115,116,-1,77,116,79,-1,79,116,117,-1,79,117,81,-1,81,117,118,-1,81,118,83,-1,83,118,119,-1,83,119,84,-1,84,119,120,-1,84,120,63,-1,121,71,69,-1,63,120,122,-1,63,122,65,-1,65,122,123,-1,65,123,67,-1,67,123,124,-1,67,124,69,-1,69,124,125,-1,69,125,121,-1,71,121,126,-1,127,74,126,-1,126,74,72,-1,126,72,71,-1,127,128,74,-1,74,128,129,-1,74,129,75,-1,75,129,130,-1,75,130,33,-1,33,130,131,-1,33,131,31,-1,26,31,132,-1,132,31,131,-1,24,26,133,-1,133,26,132,-1,25,24,134,-1,134,24,133,-1,27,25,135,-1,135,25,134,-1,27,135,136,-1,27,136,43,-1,43,136,137,-1,43,137,45,-1,45,137,138,-1,45,138,47,-1,47,138,139,-1,47,139,49,-1,49,139,140,-1,49,140,51,-1,51,140,141,-1,51,141,53,-1,53,141,94,-1,53,94,55,-1,87,142,143,-1,87,143,29,-1,29,143,144,-1,29,144,30,-1,30,144,145,-1,30,145,35,-1,78,146,147,-1,78,147,76,-1,76,147,148,-1,76,148,91,-1,91,148,149,-1,91,149,89,-1,89,149,142,-1,89,142,87,-1,64,150,151,-1,64,151,62,-1,62,151,152,-1,62,152,82,-1,82,152,153,-1,82,153,80,-1,80,153,146,-1,80,146,78,-1,70,154,155,-1,70,155,68,-1,68,155,156,-1,68,156,66,-1,66,156,150,-1,66,150,64,-1,41,157,158,-1,41,158,32,-1,32,158,159,-1,32,159,34,-1,34,159,160,-1,34,160,73,-1,73,160,154,-1,73,154,70,-1,37,161,162,-1,37,162,38,-1,38,162,163,-1,38,163,39,-1,39,163,164,-1,39,164,40,-1,40,164,157,-1,40,157,41,-1,37,36,161,-1,161,36,165,-1,36,35,165,-1,165,35,145,-1,
        ]
    }
}
Shape{
    appearance Appearance {
        material  Material 	{
            diffuseColor 0.2235294117647059 0.2235294117647059 0.2235294117647059
            specularColor 0.11372549019607843 0.11372549019607843 0.11372549019607843
            ambientIntensity 0.2
            transparency 0
            shininess 0.5
        }
    }
    geometry IndexedFaceSet {
        ccw TRUE
        solid FALSE
        coord DEF co Coordinate {
            point [
                -0.1137 0.4921 0.477, -0.0869 0.4921 0.4734, -0.1137 0.4921 0.466, -0.075 0.4921 0.4706, -0.0702 0.4921 0.4684, -0.0675 0.4921 0.4663, -0.1136 0.4921 0.4636, -0.1123 0.4921 0.4555, -0.0651 0.4921 0.4634, -0.1093 0.4921 0.4484, -0.0663 0.4921 0.4402, -0.068 0.4921 0.4385, -0.1025 0.4921 0.4401, -0.064 0.4921 0.4436, -0.0968 0.4921 0.4363, -0.0907 0.4921 0.4341, -0.0833 0.4921 0.4333, -0.0633 0.4921 0.4596, -0.0623 0.4921 0.455, -0.1051 0.4921 0.4427, -0.0622 0.4921 0.4518, -0.0627 0.4921 0.4472, -0.072 0.4921 0.4358, -0.0765 0.4921 0.4341, -0.0765 0.4921 0.4341
            ]
        }
        coordIndex [
            0,1,2,-1,2,1,3,-1,3,4,2,-1,2,4,5,-1,2,5,6,-1,6,5,7,-1,7,5,8,-1,7,8,9,-1,10,11,12,-1,10,12,13,-1,14,12,15,-1,15,12,16,-1,8,17,9,-1,9,17,18,-1,9,18,19,-1,19,18,20,-1,19,20,12,-1,12,20,21,-1,12,21,13,-1,11,22,12,-1,12,22,23,-1,12,23,16,-1,
        ]
    }
}
Shape{
    appearance Appearance {
        material  Material 	{
            diffuseColor 1.0 1.0 1.0
            specularColor 0.5019607843137255 0.5019607843137255 0.5019607843137255
            ambientIntensity 0.2
            transparency 0
            shininess 0.5
        }
    }
    geometry IndexedFaceSet {
        ccw TRUE
        solid FALSE
        coord DEF co Coordinate {
            point [
                -0.1609 0.4921 0.4443, -0.1609 0.4961 0.4443, -0.1681 0.4961 0.4398, -0.1939 0.4961 0.4332, -0.1939 0.4921 0.4332, -0.1807 0.4921 0.4349, -0.1807 0.4961 0.4349, -0.1702 0.4921 0.439, -0.1681 0.4921 0.4398, -0.1609 0.4961 0.4236, -0.1609 0.4921 0.4236, -0.1749 0.4961 0.4187, -0.1702 0.4921 0.4203, -0.1919 0.4921 0.4169, -0.1919 0.4961 0.4169, -0.1791 0.4921 0.4182, -0.1749 0.4921 0.4187, -0.2086 0.4961 0.4187, -0.2045 0.4921 0.4182, -0.2086 0.4921 0.4187, -0.2195 0.4921 0.4225, -0.2195 0.4961 0.4225, -0.2253 0.4921 0.426, -0.2253 0.4961 0.426, -0.2309 0.4921 0.4308, -0.2309 0.4961 0.4308, -0.2347 0.4921 0.4361, -0.2347 0.4961 0.4361, -0.2372 0.4921 0.4425, -0.2372 0.4961 0.4425, -0.2382 0.4921 0.4507, -0.2382 0.4961 0.4507, -0.2374 0.4921 0.458, -0.2374 0.4961 0.458, -0.2352 0.4921 0.464, -0.2352 0.4961 0.464, -0.2314 0.4921 0.4696, -0.2314 0.4961 0.4696, -0.2267 0.4921 0.4739, -0.2267 0.4961 0.4739, -0.2133 0.4921 0.4813, -0.2133 0.4961 0.4813, -0.2056 0.4921 0.4844, -0.2056 0.4961 0.4844, -0.1932 0.4921 0.4898, -0.1932 0.4961 0.4898, -0.1861 0.4921 0.4942, -0.1861 0.4961 0.4942, -0.1841 0.4921 0.4964, -0.1841 0.4961 0.4964, -0.1827 0.4921 0.4991, -0.1827 0.4961 0.4991, -0.1819 0.4921 0.5022, -0.1819 0.4961 0.5022, -0.1817 0.4921 0.5049, -0.1817 0.4961 0.5049, -0.1821 0.4921 0.5081, -0.1821 0.4961 0.5081, -0.1831 0.4921 0.5108, -0.1831 0.4961 0.5108, -0.1848 0.4921 0.5133, -0.1848 0.4961 0.5133, -0.1878 0.4921 0.516, -0.1878 0.4961 0.516, -0.1923 0.4921 0.5184, -0.1923 0.4961 0.5184, -0.1977 0.4921 0.5198, -0.1977 0.4961 0.5198, -0.2036 0.4921 0.5203, -0.2036 0.4961 0.5203, -0.2177 0.4921 0.5186, -0.2177 0.4961 0.5186, -0.229 0.4921 0.5141, -0.229 0.4961 0.5141, -0.2327 0.4921 0.512, -0.2327 0.4961 0.512, -0.2327 0.4961 0.5315, -0.2327 0.4921 0.5315, -0.2196 0.4921 0.5353, -0.2196 0.4961 0.5353, -0.2056 0.4921 0.5366, -0.2056 0.4961 0.5366, -0.1893 0.4921 0.5346, -0.1893 0.4961 0.5346, -0.1786 0.4921 0.5304, -0.1786 0.4961 0.5304, -0.1739 0.4921 0.5275, -0.1739 0.4961 0.5275, -0.1681 0.4961 0.5224, -0.1702 0.4921 0.5242, -0.1681 0.4921 0.5224, -0.1643 0.4921 0.517, -0.1643 0.4961 0.517, -0.1619 0.4921 0.5105, -0.1619 0.4961 0.5105, -0.161 0.4921 0.5031, -0.161 0.4961 0.5031, -0.1618 0.4921 0.4955, -0.1618 0.4961 0.4955, -0.164 0.4921 0.4894, -0.164 0.4961 0.4894, -0.1667 0.4921 0.485, -0.1667 0.4961 0.485, -0.1914 0.4921 0.4698, -0.1914 0.4961 0.4698, -0.1795 0.4961 0.4753, -0.17 0.4921 0.4816, -0.17 0.4961 0.4816, -0.1702 0.4921 0.4814, -0.1795 0.4921 0.4753, -0.2046 0.4921 0.4643, -0.2046 0.4961 0.4643, -0.2124 0.4921 0.4596, -0.2124 0.4961 0.4596, -0.2149 0.4921 0.457, -0.2149 0.4961 0.457, -0.2165 0.4921 0.4543, -0.2165 0.4961 0.4543, -0.2174 0.4921 0.4512, -0.2174 0.4961 0.4512, -0.2176 0.4921 0.4487, -0.2176 0.4961 0.4487, -0.2171 0.4921 0.4449, -0.2171 0.4961 0.4449, -0.2161 0.4921 0.442, -0.2161 0.4961 0.442, -0.2144 0.4921 0.4395, -0.2144 0.4961 0.4395, -0.2121 0.4921 0.4374, -0.2121 0.4961 0.4374, -0.2102 0.4921 0.4363, -0.2102 0.4961 0.4363, -0.2051 0.4921 0.4344, -0.2051 0.4961 0.4344, -0.1948 0.4921 0.4333, -0.1948 0.4961 0.4333, -0.3376 0.4961 0.5339, -0.3584 0.4961 0.5339, -0.3376 0.4921 0.5339, -0.3584 0.4921 0.5339, -0.3064 0.4961 0.4478, -0.3064 0.4921 0.4478, -0.3048 0.4921 0.4425, -0.3048 0.4961 0.4425, -0.3039 0.4921 0.4386, -0.3039 0.4961 0.4386, -0.3034 0.4961 0.4386, -0.3034 0.4921 0.4386, -0.3009 0.4961 0.448, -0.3009 0.4921 0.448, -0.271 0.4921 0.5339, -0.271 0.4961 0.5339, -0.2807 0.4921 0.5061, -0.2486 0.4961 0.5339, -0.2486 0.4921 0.5339, -0.2935 0.4921 0.4198, -0.2935 0.4961 0.4198, -0.2807 0.4921 0.4523, -0.2847 0.4921 0.399, -0.2847 0.4961 0.399, -0.2928 0.4921 0.4182, -0.2808 0.4921 0.3919, -0.2808 0.4961 0.3919, -0.2807 0.4921 0.3918, -0.277 0.4961 0.3877, -0.277 0.4921 0.3877, -0.2732 0.4921 0.385, -0.2732 0.4961 0.385, -0.2688 0.4921 0.3834, -0.2688 0.4961 0.3834, -0.2641 0.4921 0.3829, -0.2641 0.4961 0.3829, -0.2574 0.4921 0.3837, -0.2574 0.4961 0.3837, -0.2527 0.4921 0.3852, -0.2527 0.4961 0.3852, -0.2527 0.4961 0.3673, -0.2527 0.4921 0.3673, -0.2586 0.4921 0.3661, -0.2586 0.4961 0.3661, -0.2657 0.4921 0.3657, -0.2657 0.4961 0.3657, -0.2732 0.4921 0.3665, -0.2732 0.4961 0.3665, -0.2807 0.4921 0.3692, -0.2812 0.4961 0.3694, -0.2812 0.4921 0.3694, -0.2882 0.4921 0.3741, -0.2882 0.4961 0.3741, -0.2914 0.4921 0.3771, -0.2914 0.4961 0.3771, -0.3001 0.4921 0.3889, -0.3001 0.4961 0.3889, -0.3065 0.4921 0.4023, -0.3065 0.4961 0.4023, -0.3128 0.4921 0.4182, -0.4661 0.4961 0.4378, -0.4661 0.4961 0.4196, -0.4661 0.4921 0.4378, -0.4661 0.4921 0.4196, -0.4007 0.4921 0.4378, -0.4007 0.4961 0.4378, -0.4307 0.4921 0.4378, -0.4007 0.4961 0.4917, -0.4007 0.4921 0.4917, -0.4579 0.4921 0.4917, -0.4579 0.4961 0.4917, -0.4307 0.4921 0.4917, -0.4579 0.4961 0.51, -0.4579 0.4921 0.51, -0.4007 0.4921 0.51, -0.4007 0.4961 0.51, -0.4307 0.4921 0.51, -0.4007 0.4961 0.5613, -0.4007 0.4921 0.5613, -0.4625 0.4921 0.5613, -0.4625 0.4961 0.5613, -0.4307 0.4921 0.5613, -0.4625 0.4961 0.5797, -0.4625 0.4921 0.5797, -0.38 0.4921 0.5797, -0.38 0.4961 0.5797, -0.4307 0.4921 0.5797, -0.38 0.4961 0.4196, -0.38 0.4921 0.4196, -0.4307 0.4921 0.4196, -0.5959 0.4961 0.4644, -0.5879 0.4961 0.4545, -0.6026 0.4961 0.442, -0.5849 0.4961 0.4518, -0.5859 0.4961 0.43, -0.5743 0.4961 0.4449, -0.5677 0.4961 0.4229, -0.5606 0.4961 0.44, -0.5404 0.4961 0.4196, -0.5403 0.4961 0.4378, -0.4964 0.4961 0.4196, -0.517 0.4961 0.4378, -0.4964 0.4961 0.5797, -0.517 0.4961 0.5613, -0.5421 0.4961 0.5797, -0.5412 0.4961 0.5613, -0.5665 0.4961 0.577, -0.5619 0.4961 0.559, -0.5858 0.4961 0.57, -0.5758 0.4961 0.554, -0.6026 0.4961 0.5585, -0.5875 0.4961 0.5462, -0.608 0.4961 0.5532, -0.5927 0.4961 0.5409, -0.618 0.4961 0.5393, -0.5987 0.4961 0.5317, -0.624 0.4961 0.5241, -0.603 0.4961 0.5195, -0.6268 0.4961 0.5017, -0.605 0.4961 0.5011, -0.6263 0.4961 0.4916, -0.6045 0.4961 0.491, -0.6224 0.4961 0.4728, -0.6014 0.4961 0.4763, -0.6146 0.4961 0.4563, -0.5404 0.4921 0.4196, -0.4964 0.4921 0.4196, -0.5677 0.4921 0.4229, -0.5859 0.4921 0.43, -0.6026 0.4921 0.442, -0.6146 0.4921 0.4563, -0.6224 0.4921 0.4728, -0.6263 0.4921 0.4916, -0.6268 0.4921 0.5017, -0.624 0.4921 0.5241, -0.618 0.4921 0.5393, -0.608 0.4921 0.5532, -0.6026 0.4921 0.5585, -0.5858 0.4921 0.57, -0.5665 0.4921 0.577, -0.5421 0.4921 0.5797, -0.4964 0.4921 0.5797, -0.5412 0.4921 0.5613, -0.517 0.4921 0.5613, -0.517 0.4921 0.4378, -0.5403 0.4921 0.4378, -0.5879 0.4921 0.4545, -0.5849 0.4921 0.4518, -0.5743 0.4921 0.4449, -0.5606 0.4921 0.44, -0.605 0.4921 0.5011, -0.6045 0.4921 0.491, -0.6014 0.4921 0.4763, -0.5959 0.4921 0.4644, -0.5875 0.4921 0.5462, -0.5927 0.4921 0.5409, -0.5987 0.4921 0.5317, -0.603 0.4921 0.5195, -0.5619 0.4921 0.559, -0.5758 0.4921 0.554, -0.5758 0.4921 0.554
            ]
        }
        coordIndex [
            0,1,2,-1,3,4,5,-1,3,5,6,-1,6,5,7,-1,6,7,2,-1,2,7,8,-1,2,8,0,-1,9,1,10,-1,10,1,0,-1,9,10,11,-1,11,10,12,-1,13,14,15,-1,15,14,11,-1,15,11,16,-1,16,11,12,-1,14,13,17,-1,17,13,18,-1,18,19,17,-1,17,19,20,-1,17,20,21,-1,21,20,22,-1,21,22,23,-1,23,22,24,-1,23,24,25,-1,25,24,26,-1,25,26,27,-1,27,26,28,-1,27,28,29,-1,29,28,30,-1,29,30,31,-1,31,30,32,-1,31,32,33,-1,33,32,34,-1,33,34,35,-1,35,34,36,-1,35,36,37,-1,37,36,38,-1,37,38,39,-1,39,38,40,-1,39,40,41,-1,41,40,42,-1,41,42,43,-1,43,42,44,-1,43,44,45,-1,45,44,46,-1,45,46,47,-1,47,46,48,-1,47,48,49,-1,49,48,50,-1,49,50,51,-1,51,50,52,-1,51,52,53,-1,53,52,54,-1,53,54,55,-1,55,54,56,-1,55,56,57,-1,57,56,58,-1,57,58,59,-1,59,58,60,-1,59,60,61,-1,61,60,62,-1,61,62,63,-1,63,62,64,-1,63,64,65,-1,65,64,66,-1,65,66,67,-1,67,66,68,-1,67,68,69,-1,69,68,70,-1,69,70,71,-1,71,70,72,-1,71,72,73,-1,73,72,74,-1,73,74,75,-1,76,75,77,-1,77,75,74,-1,76,77,78,-1,76,78,79,-1,79,78,80,-1,79,80,81,-1,81,80,82,-1,81,82,83,-1,83,82,84,-1,83,84,85,-1,85,84,86,-1,85,86,87,-1,87,86,88,-1,88,86,89,-1,89,90,88,-1,88,90,91,-1,88,91,92,-1,92,91,93,-1,92,93,94,-1,94,93,95,-1,94,95,96,-1,96,95,97,-1,96,97,98,-1,98,97,99,-1,98,99,100,-1,100,99,101,-1,100,101,102,-1,103,104,105,-1,102,101,106,-1,102,106,107,-1,107,106,108,-1,107,108,105,-1,105,108,109,-1,105,109,103,-1,104,103,110,-1,104,110,111,-1,111,110,112,-1,111,112,113,-1,113,112,114,-1,113,114,115,-1,115,114,116,-1,115,116,117,-1,117,116,118,-1,117,118,119,-1,119,118,120,-1,119,120,121,-1,121,120,122,-1,121,122,123,-1,123,122,124,-1,123,124,125,-1,125,124,126,-1,125,126,127,-1,127,126,128,-1,127,128,129,-1,129,128,130,-1,129,130,131,-1,131,130,132,-1,131,132,133,-1,133,132,134,-1,133,134,135,-1,135,134,4,-1,135,4,3,-1,61,63,85,-1,85,63,83,-1,111,43,104,-1,104,43,45,-1,21,23,127,-1,127,23,25,-1,127,25,125,-1,125,25,27,-1,125,27,123,-1,123,27,29,-1,123,29,121,-1,121,29,31,-1,121,31,119,-1,119,31,33,-1,119,33,117,-1,117,33,35,-1,117,35,115,-1,115,35,37,-1,115,37,113,-1,113,37,39,-1,113,39,111,-1,111,39,41,-1,111,41,43,-1,14,3,11,-1,11,3,6,-1,11,6,9,-1,9,6,2,-1,9,2,1,-1,63,65,83,-1,83,65,67,-1,83,67,81,-1,81,67,69,-1,81,69,79,-1,79,69,71,-1,79,71,76,-1,76,71,73,-1,76,73,75,-1,127,129,21,-1,21,129,131,-1,21,131,17,-1,17,131,133,-1,17,133,14,-1,14,133,135,-1,14,135,3,-1,85,87,61,-1,61,87,88,-1,61,88,59,-1,59,88,92,-1,59,92,57,-1,57,92,94,-1,57,94,55,-1,55,94,96,-1,55,96,53,-1,53,96,98,-1,53,98,51,-1,51,98,100,-1,51,100,49,-1,49,100,102,-1,49,102,47,-1,47,102,107,-1,47,107,45,-1,45,107,105,-1,45,105,104,-1,136,137,138,-1,138,137,139,-1,140,136,141,-1,141,136,138,-1,140,141,142,-1,140,142,143,-1,143,142,144,-1,143,144,145,-1,146,145,147,-1,147,145,144,-1,148,146,149,-1,149,146,147,-1,150,151,152,-1,152,151,148,-1,152,148,149,-1,153,151,154,-1,154,151,150,-1,155,156,157,-1,157,156,153,-1,157,153,154,-1,158,159,160,-1,160,159,156,-1,160,156,155,-1,159,158,161,-1,159,161,162,-1,162,161,163,-1,162,163,164,-1,163,165,164,-1,164,165,166,-1,164,166,167,-1,167,166,168,-1,167,168,169,-1,169,168,170,-1,169,170,171,-1,171,170,172,-1,171,172,173,-1,173,172,174,-1,173,174,175,-1,176,175,177,-1,177,175,174,-1,176,177,178,-1,176,178,179,-1,179,178,180,-1,179,180,181,-1,181,180,182,-1,181,182,183,-1,183,182,184,-1,183,184,185,-1,184,186,185,-1,185,186,187,-1,185,187,188,-1,188,187,189,-1,188,189,190,-1,190,189,191,-1,190,191,192,-1,192,191,193,-1,192,193,194,-1,139,137,195,-1,195,137,194,-1,195,194,193,-1,143,145,194,-1,137,136,194,-1,194,136,140,-1,194,140,143,-1,151,153,148,-1,148,153,156,-1,148,156,146,-1,175,176,173,-1,173,176,179,-1,173,179,171,-1,171,179,181,-1,171,181,169,-1,169,181,183,-1,169,183,167,-1,167,183,185,-1,167,185,164,-1,164,185,188,-1,164,188,162,-1,162,188,190,-1,162,190,159,-1,159,190,192,-1,159,192,156,-1,156,192,194,-1,156,194,146,-1,146,194,145,-1,196,197,198,-1,198,197,199,-1,200,201,202,-1,202,201,196,-1,202,196,198,-1,203,201,204,-1,204,201,200,-1,205,206,207,-1,207,206,203,-1,207,203,204,-1,208,206,209,-1,209,206,205,-1,210,211,212,-1,212,211,208,-1,212,208,209,-1,213,211,214,-1,214,211,210,-1,215,216,217,-1,217,216,213,-1,217,213,214,-1,218,216,219,-1,219,216,215,-1,220,221,222,-1,222,221,218,-1,222,218,219,-1,223,221,224,-1,224,221,220,-1,199,197,225,-1,225,197,223,-1,225,223,224,-1,223,197,196,-1,196,201,223,-1,223,201,203,-1,223,203,221,-1,216,218,213,-1,213,218,221,-1,213,221,211,-1,211,221,203,-1,211,203,208,-1,208,203,206,-1,226,227,228,-1,228,227,229,-1,228,229,230,-1,230,229,231,-1,230,231,232,-1,232,231,233,-1,232,233,234,-1,234,233,235,-1,234,235,236,-1,236,235,237,-1,236,237,238,-1,238,237,239,-1,238,239,240,-1,240,239,241,-1,240,241,242,-1,242,241,243,-1,242,243,244,-1,244,243,245,-1,244,245,246,-1,246,245,247,-1,246,247,248,-1,248,247,249,-1,248,249,250,-1,250,249,251,-1,250,251,252,-1,252,251,253,-1,252,253,254,-1,254,253,255,-1,254,255,256,-1,256,255,257,-1,256,257,258,-1,258,257,259,-1,258,259,260,-1,260,259,226,-1,260,226,228,-1,234,236,261,-1,261,236,262,-1,234,261,263,-1,234,263,232,-1,232,263,264,-1,232,264,230,-1,230,264,265,-1,230,265,228,-1,228,265,266,-1,228,266,260,-1,260,266,267,-1,260,267,258,-1,258,267,268,-1,258,268,256,-1,256,268,269,-1,256,269,254,-1,254,269,270,-1,254,270,252,-1,252,270,271,-1,252,271,250,-1,250,271,272,-1,250,272,248,-1,248,272,273,-1,248,273,246,-1,246,273,274,-1,246,274,244,-1,244,274,275,-1,244,275,242,-1,242,275,276,-1,242,276,240,-1,238,240,277,-1,277,240,276,-1,236,238,262,-1,262,238,277,-1,241,239,278,-1,278,239,279,-1,239,237,279,-1,279,237,280,-1,237,235,280,-1,280,235,281,-1,227,282,283,-1,227,283,229,-1,229,283,284,-1,229,284,231,-1,231,284,285,-1,231,285,233,-1,233,285,281,-1,233,281,235,-1,255,286,287,-1,255,287,257,-1,257,287,288,-1,257,288,259,-1,259,288,289,-1,259,289,226,-1,226,289,282,-1,226,282,227,-1,247,290,291,-1,247,291,249,-1,249,291,292,-1,249,292,251,-1,251,292,293,-1,251,293,253,-1,253,293,286,-1,253,286,255,-1,241,278,294,-1,241,294,243,-1,243,294,295,-1,243,295,245,-1,245,295,290,-1,245,290,247,-1,
        ]
    }
}
Shape{
    appearance Appearance {
        material  Material 	{
            diffuseColor 0.2235294117647059 0.2235294117647059 0.2235294117647059
            specularColor 0.11372549019607843 0.11372549019607843 0.11372549019607843
            ambientIntensity 0.2
            transparency 0
            shininess 0.5
        }
    }
    geometry IndexedFaceSet {
        ccw TRUE
        solid FALSE
        coord DEF co Coordinate {
            point [
                -0.517 0.4921 0.5613, -0.517 0.4921 0.4378, -0.5412 0.4921 0.5613, -0.5403 0.4921 0.4378, -0.5606 0.4921 0.44, -0.5743 0.4921 0.4449, -0.5849 0.4921 0.4518, -0.5879 0.4921 0.4545, -0.5959 0.4921 0.4644, -0.6014 0.4921 0.4763, -0.6045 0.4921 0.491, -0.605 0.4921 0.5011, -0.603 0.4921 0.5195, -0.5987 0.4921 0.5317, -0.5927 0.4921 0.5409, -0.5875 0.4921 0.5462, -0.5619 0.4921 0.559, -0.5758 0.4921 0.554, -0.5758 0.4921 0.554
            ]
        }
        coordIndex [
            0,1,2,-1,2,1,3,-1,2,3,4,-1,4,5,2,-1,2,5,6,-1,2,6,7,-1,7,8,2,-1,2,8,9,-1,2,9,10,-1,10,11,2,-1,2,11,12,-1,2,12,13,-1,13,14,2,-1,2,14,15,-1,2,15,16,-1,16,15,17,-1,
        ]
    }
}
Shape{
    appearance Appearance {
        material  Material 	{
            diffuseColor 1.0 1.0 1.0
            specularColor 0.5019607843137255 0.5019607843137255 0.5019607843137255
            ambientIntensity 0.2
            transparency 0
            shininess 0.5
        }
    }
    geometry IndexedFaceSet {
        ccw TRUE
        solid FALSE
        coord DEF co Coordinate {
            point [
                -0.6804 0.4961 0.4815, -0.6739 0.4961 0.4634, -0.7342 0.4961 0.4815, -0.7406 0.4961 0.4634, -0.7044 0.4961 0.548, -0.6966 0.4961 0.5797, -0.6356 0.4961 0.4196, -0.6585 0.4961 0.4196, -0.7058 0.4961 0.5528, -0.707 0.4961 0.5592, -0.7187 0.4961 0.5797, -0.7075 0.4961 0.5592, -0.7088 0.4961 0.5525, -0.71 0.4961 0.548, -0.7797 0.4961 0.4196, -0.7569 0.4961 0.4196, -0.7187 0.4921 0.5797, -0.7797 0.4921 0.4196, -0.6966 0.4921 0.5797, -0.6356 0.4921 0.4196, -0.6585 0.4921 0.4196, -0.6739 0.4921 0.4634, -0.7406 0.4921 0.4634, -0.7569 0.4921 0.4196, -0.6804 0.4921 0.4815, -0.7342 0.4921 0.4815, -0.71 0.4921 0.548, -0.7075 0.4921 0.5592, -0.7088 0.4921 0.5525, -0.707 0.4921 0.5592, -0.7044 0.4921 0.548, -0.7058 0.4921 0.5528, -0.7058 0.4921 0.5528
            ]
        }
        coordIndex [
            0,1,2,-1,2,1,3,-1,4,5,0,-1,0,5,6,-1,0,6,1,-1,1,6,7,-1,4,8,5,-1,5,8,9,-1,5,9,10,-1,10,9,11,-1,10,11,12,-1,12,13,10,-1,10,13,2,-1,10,2,14,-1,14,2,3,-1,14,3,15,-1,10,14,16,-1,16,14,17,-1,5,10,18,-1,18,10,16,-1,6,5,19,-1,19,5,18,-1,7,6,20,-1,20,6,19,-1,1,7,21,-1,21,7,20,-1,3,1,22,-1,22,1,21,-1,15,3,23,-1,23,3,22,-1,14,15,17,-1,17,15,23,-1,0,2,24,-1,24,2,25,-1,2,13,25,-1,25,13,26,-1,11,27,28,-1,11,28,12,-1,12,28,26,-1,12,26,13,-1,11,9,27,-1,27,9,29,-1,4,30,31,-1,4,31,8,-1,8,31,29,-1,8,29,9,-1,4,0,30,-1,30,0,24,-1,
        ]
    }
}
Shape{
    appearance Appearance {
        material  Material 	{
            diffuseColor 0.2235294117647059 0.2235294117647059 0.2235294117647059
            specularColor 0.11372549019607843 0.11372549019607843 0.11372549019607843
            ambientIntensity 0.2
            transparency 0
            shininess 0.5
        }
    }
    geometry IndexedFaceSet {
        ccw TRUE
        solid FALSE
        coord DEF co Coordinate {
            point [
                -0.7075 0.4921 0.5592, -0.707 0.4921 0.5592, -0.7088 0.4921 0.5525, -0.7058 0.4921 0.5528, -0.71 0.4921 0.548, -0.7044 0.4921 0.548, -0.7342 0.4921 0.4815, -0.6804 0.4921 0.4815, -0.6804 0.4921 0.4815
            ]
        }
        coordIndex [
            0,1,2,-1,2,1,3,-1,2,3,4,-1,4,3,5,-1,4,5,6,-1,6,5,7,-1,
        ]
    }
}
Shape{
    appearance Appearance {
        material  Material 	{
            diffuseColor 1.0 1.0 1.0
            specularColor 0.5019607843137255 0.5019607843137255 0.5019607843137255
            ambientIntensity 0.2
            transparency 0
            shininess 0.5
        }
    }
    geometry IndexedFaceSet {
        ccw TRUE
        solid FALSE
        coord DEF co Coordinate {
            point [
                0.7709 0.4961 0.3972, 0.7541 0.4961 0.3762, 0.781 0.4961 0.4976, 0.7998 0.4961 0.6962, 0.7742 0.4961 0.7094, 0.7816 0.4961 0.7789, 0.7104 0.4961 0.7822, 0.6751 0.4961 0.6991, 0.6576 0.4961 0.7353, 0.5601 0.4961 0.4577, 0.5601 0.4961 0.4691, 0.6567 0.4961 0.497, 0.6674 0.4961 0.5003, 0.7366 0.4961 0.7845, 0.6396 0.4961 0.4833, 0.6343 0.4961 0.4741, 0.5606 0.4961 0.4472, 0.4007 0.4961 0.5534, 0.436 0.4961 0.6137, 0.5886 0.4961 0.534, 0.6751 0.4961 0.501, 0.6859 0.4961 0.4997, 0.7005 0.4961 0.5695, 0.6959 0.4961 0.4958, 0.7257 0.4961 0.5601, 0.7048 0.4961 0.4896, 0.7491 0.4961 0.544, 0.7104 0.4961 0.4836, 0.768 0.4961 0.5227, 0.716 0.4961 0.474, 0.719 0.4961 0.4632, 0.6325 0.4961 0.565, 0.66 0.4961 0.5719, 0.674 0.4961 0.5727, 0.6473 0.4961 0.4911, 0.705 0.4961 0.4237, 0.6959 0.4961 0.4174, 0.7319 0.4961 0.3594, 0.6855 0.4961 0.4134, 0.3632 0.4961 0.6661, 0.354 0.4961 0.6661, 0.3074 0.4961 0.7276, 0.3325 0.4961 0.6634, 0.3021 0.4961 0.7258, 0.3126 0.4961 0.6558, 0.2682 0.4961 0.7091, 0.2372 0.4961 0.683, 0.6871 0.4961 0.8094, 0.6321 0.4961 0.7658, 0.6603 0.4961 0.8323, 0.6018 0.4961 0.7878, 0.6326 0.4961 0.8495, 0.8048 0.4961 0.512, 0.7967 0.4961 0.4257, 0.7822 0.4961 0.4213, 0.746 0.4961 0.7157, 0.7355 0.4961 0.7162, 0.7235 0.4961 0.7838, 0.7097 0.4961 0.7131, 0.6841 0.4961 0.704, 0.6084 0.4961 0.5521, 0.2949 0.4961 0.6435, 0.2816 0.4961 0.6286, 0.2139 0.4961 0.6507, 0.271 0.4961 0.6089, 0.1999 0.4961 0.6159, 0.1946 0.4961 0.5784, 0.2658 0.4961 0.587, 0.2652 0.4961 0.5773, 0.1998 0.4961 0.538, 0.268 0.4961 0.5552, 0.2141 0.4961 0.502, 0.2758 0.4961 0.5349, 0.2368 0.4961 0.4703, 0.8238 0.4961 0.7625, 0.86 0.4961 0.737, 0.821 0.4961 0.6773, 0.8675 0.4961 0.7299, 0.8366 0.4961 0.6545, 0.895 0.4961 0.6945, 0.8461 0.4961 0.6291, 0.7122 0.4961 0.4321, 0.7169 0.4961 0.4415, 0.7193 0.4961 0.4521, 0.3689 0.4961 0.8175, 0.414 0.4961 0.7657, 0.3314 0.4961 0.7743, 0.3882 0.4961 0.7352, 0.3704 0.4961 0.6986, 0.6313 0.4961 0.4638, 0.6309 0.4961 0.4527, 0.5669 0.4961 0.419, 0.6333 0.4961 0.4417, 0.5801 0.4961 0.3935, 0.6384 0.4961 0.4318, 0.599 0.4961 0.3722, 0.6456 0.4961 0.4235, 0.6218 0.4961 0.3566, 0.6543 0.4961 0.4174, 0.6472 0.4961 0.3471, 0.6642 0.4961 0.4135, 0.674 0.4961 0.3439, 0.6751 0.4961 0.4122, 0.6788 0.4961 0.344, 0.7056 0.4961 0.3483, 0.5801 0.4961 0.8698, 0.5647 0.4961 0.803, 0.5237 0.4961 0.8767, 0.5226 0.4961 0.8084, 0.4768 0.4961 0.8718, 0.4837 0.4961 0.8036, 0.4196 0.4961 0.8517, 0.448 0.4961 0.7899, 0.4161 0.4961 0.7676, 0.9132 0.4961 0.6535, 0.9208 0.4961 0.6107, 0.8493 0.4961 0.6023, 0.9211 0.4961 0.6001, 0.848 0.4961 0.5853, 0.9155 0.4961 0.5552, 0.84 0.4961 0.5573, 0.8991 0.4961 0.5128, 0.8254 0.4961 0.5327, 0.8732 0.4961 0.4759, 0.8378 0.4961 0.4457, 0.4398 0.4961 0.4471, 0.4371 0.4961 0.4393, 0.4042 0.4961 0.4895, 0.4325 0.4961 0.4321, 0.4406 0.4961 0.4543, 0.4053 0.4961 0.4896, 0.4403 0.4961 0.4585, 0.4126 0.4961 0.4888, 0.4205 0.4961 0.4861, 0.2883 0.4961 0.5171, 0.29 0.4961 0.5153, 0.2676 0.4961 0.4441, 0.3069 0.4961 0.5016, 0.3023 0.4961 0.4271, 0.327 0.4961 0.4923, 0.3404 0.4961 0.419, 0.3472 0.4961 0.4885, 0.4076 0.4961 0.419, 0.3985 0.4961 0.4885, 0.4103 0.4961 0.4193, 0.4008 0.4961 0.4888, 0.418 0.4961 0.4214, 0.4259 0.4961 0.4258, 0.4277 0.4961 0.4815, 0.4338 0.4961 0.475, 0.4381 0.4961 0.4672, 0.1946 0.4921 0.5784, 0.1999 0.4921 0.6159, 0.2295 0.4921 0.6723, 0.2037 0.4921 0.6253, 0.2139 0.4921 0.6507, 0.2372 0.4921 0.683, 0.2682 0.4921 0.7091, 0.3021 0.4921 0.7258, 0.3074 0.4921 0.7276, 0.3314 0.4921 0.7743, 0.3689 0.4921 0.8175, 0.395 0.4921 0.8351, 0.4196 0.4921 0.8517, 0.4768 0.4921 0.8718, 0.5237 0.4921 0.8767, 0.5801 0.4921 0.8698, 0.6326 0.4921 0.8495, 0.6558 0.4921 0.8351, 0.6603 0.4921 0.8323, 0.6871 0.4921 0.8094, 0.7104 0.4921 0.7822, 0.7235 0.4921 0.7838, 0.7366 0.4921 0.7845, 0.7816 0.4921 0.7789, 0.8238 0.4921 0.7625, 0.86 0.4921 0.737, 0.8675 0.4921 0.7299, 0.9211 0.4921 0.6001, 0.895 0.4921 0.6945, 0.9049 0.4921 0.6723, 0.9132 0.4921 0.6535, 0.9182 0.4921 0.6253, 0.9208 0.4921 0.6107, 0.9155 0.4921 0.5552, 0.8991 0.4921 0.5128, 0.8732 0.4921 0.4759, 0.8378 0.4921 0.4457, 0.7967 0.4921 0.4257, 0.7822 0.4921 0.4213, 0.7807 0.4921 0.4182, 0.7709 0.4921 0.3972, 0.7541 0.4921 0.3762, 0.7319 0.4921 0.3594, 0.721 0.4921 0.3548, 0.7056 0.4921 0.3483, 0.6788 0.4921 0.344, 0.674 0.4921 0.3439, 0.6472 0.4921 0.3471, 0.6267 0.4921 0.3548, 0.6218 0.4921 0.3566, 0.599 0.4921 0.3722, 0.5801 0.4921 0.3935, 0.5674 0.4921 0.4182, 0.5669 0.4921 0.419, 0.5606 0.4921 0.4472, 0.5601 0.4921 0.4577, 0.5601 0.4921 0.4691, 0.4007 0.4921 0.5534, 0.436 0.4921 0.6137, 0.5886 0.4921 0.534, 0.6084 0.4921 0.5521, 0.6325 0.4921 0.565, 0.66 0.4921 0.5719, 0.674 0.4921 0.5727, 0.7005 0.4921 0.5695, 0.7257 0.4921 0.5601, 0.7491 0.4921 0.544, 0.768 0.4921 0.5227, 0.781 0.4921 0.4976, 0.8048 0.4921 0.512, 0.8254 0.4921 0.5327, 0.84 0.4921 0.5573, 0.848 0.4921 0.5853, 0.8493 0.4921 0.6023, 0.8466 0.4921 0.6253, 0.8461 0.4921 0.6291, 0.8366 0.4921 0.6545, 0.8244 0.4921 0.6723, 0.821 0.4921 0.6773, 0.7998 0.4921 0.6962, 0.7742 0.4921 0.7094, 0.746 0.4921 0.7157, 0.7355 0.4921 0.7162, 0.7097 0.4921 0.7131, 0.6841 0.4921 0.704, 0.6751 0.4921 0.6991, 0.6576 0.4921 0.7353, 0.6321 0.4921 0.7658, 0.6018 0.4921 0.7878, 0.5647 0.4921 0.803, 0.5226 0.4921 0.8084, 0.4837 0.4921 0.8036, 0.448 0.4921 0.7899, 0.4161 0.4921 0.7676, 0.414 0.4921 0.7657, 0.3882 0.4921 0.7352, 0.3704 0.4921 0.6986, 0.3645 0.4921 0.6723, 0.3632 0.4921 0.6661, 0.354 0.4921 0.6661, 0.3325 0.4921 0.6634, 0.3126 0.4921 0.6558, 0.2949 0.4921 0.6435, 0.2816 0.4921 0.6286, 0.2798 0.4921 0.6253, 0.271 0.4921 0.6089, 0.2658 0.4921 0.587, 0.2652 0.4921 0.5773, 0.268 0.4921 0.5552, 0.2758 0.4921 0.5349, 0.2883 0.4921 0.5171, 0.29 0.4921 0.5153, 0.3069 0.4921 0.5016, 0.327 0.4921 0.4923, 0.3472 0.4921 0.4885, 0.3985 0.4921 0.4885, 0.4008 0.4921 0.4888, 0.4042 0.4921 0.4895, 0.4053 0.4921 0.4896, 0.4126 0.4921 0.4888, 0.4205 0.4921 0.4861, 0.4277 0.4921 0.4815, 0.4338 0.4921 0.475, 0.4381 0.4921 0.4672, 0.4403 0.4921 0.4585, 0.4406 0.4921 0.4543, 0.4398 0.4921 0.4471, 0.4371 0.4921 0.4393, 0.4325 0.4921 0.4321, 0.4259 0.4921 0.4258, 0.418 0.4921 0.4214, 0.4103 0.4921 0.4193, 0.4076 0.4921 0.419, 0.3404 0.4921 0.419, 0.3023 0.4921 0.4271, 0.2676 0.4921 0.4441, 0.2368 0.4921 0.4703, 0.2141 0.4921 0.502, 0.1998 0.4921 0.538, 0.6751 0.4921 0.501, 0.6674 0.4921 0.5003, 0.6567 0.4921 0.497, 0.6473 0.4921 0.4911, 0.6396 0.4921 0.4833, 0.6343 0.4921 0.4741, 0.6313 0.4921 0.4638, 0.6309 0.4921 0.4527, 0.6333 0.4921 0.4417, 0.6384 0.4921 0.4318, 0.6456 0.4921 0.4235, 0.6543 0.4921 0.4174, 0.6642 0.4921 0.4135, 0.6751 0.4921 0.4122, 0.6855 0.4921 0.4134, 0.6959 0.4921 0.4174, 0.705 0.4921 0.4237, 0.7122 0.4921 0.4321, 0.7169 0.4921 0.4415, 0.7193 0.4921 0.4521, 0.719 0.4921 0.4632, 0.716 0.4921 0.474, 0.7104 0.4921 0.4836, 0.7048 0.4921 0.4896, 0.6959 0.4921 0.4958, 0.6859 0.4921 0.4997, 0.6859 0.4921 0.4997
            ]
        }
        coordIndex [
            0,1,2,-1,3,4,5,-1,6,7,8,-1,9,10,11,-1,11,10,12,-1,5,4,13,-1,14,15,16,-1,17,18,10,-1,10,18,19,-1,10,19,12,-1,12,19,20,-1,21,22,23,-1,23,22,24,-1,23,24,25,-1,25,24,26,-1,25,26,27,-1,27,26,28,-1,27,28,29,-1,29,28,2,-1,29,2,30,-1,31,32,21,-1,21,32,33,-1,21,33,22,-1,9,11,16,-1,16,11,34,-1,16,34,14,-1,35,1,36,-1,36,1,37,-1,36,37,38,-1,39,40,41,-1,41,40,42,-1,41,42,43,-1,43,42,44,-1,43,44,45,-1,45,44,46,-1,6,8,47,-1,47,8,48,-1,47,48,49,-1,49,48,50,-1,49,50,51,-1,52,53,2,-1,2,53,54,-1,2,54,0,-1,4,55,13,-1,13,55,56,-1,13,56,57,-1,57,56,58,-1,57,58,6,-1,6,58,59,-1,6,59,7,-1,20,19,21,-1,21,19,60,-1,21,60,31,-1,44,61,46,-1,46,61,62,-1,46,62,63,-1,63,62,64,-1,63,64,65,-1,65,64,66,-1,64,67,66,-1,66,67,68,-1,66,68,69,-1,69,68,70,-1,69,70,71,-1,71,70,72,-1,71,72,73,-1,5,74,3,-1,3,74,75,-1,3,75,76,-1,76,75,77,-1,76,77,78,-1,78,77,79,-1,78,79,80,-1,35,81,1,-1,1,81,82,-1,1,82,2,-1,2,82,83,-1,2,83,30,-1,84,85,86,-1,86,85,87,-1,86,87,41,-1,41,87,88,-1,41,88,39,-1,15,89,16,-1,16,89,90,-1,16,90,91,-1,91,90,92,-1,91,92,93,-1,93,92,94,-1,93,94,95,-1,95,94,96,-1,95,96,97,-1,97,96,98,-1,97,98,99,-1,99,98,100,-1,99,100,101,-1,101,100,102,-1,101,102,103,-1,103,102,38,-1,103,38,104,-1,104,38,37,-1,51,50,105,-1,105,50,106,-1,105,106,107,-1,107,106,108,-1,107,108,109,-1,109,108,110,-1,109,110,111,-1,111,110,112,-1,111,112,84,-1,84,112,113,-1,84,113,85,-1,79,114,80,-1,80,114,115,-1,80,115,116,-1,116,115,117,-1,116,117,118,-1,118,117,119,-1,118,119,120,-1,120,119,121,-1,120,121,122,-1,122,121,123,-1,122,123,52,-1,52,123,124,-1,52,124,53,-1,125,126,127,-1,127,126,128,-1,125,127,129,-1,129,127,130,-1,129,130,131,-1,131,130,132,-1,131,132,133,-1,72,134,73,-1,73,134,135,-1,73,135,136,-1,136,135,137,-1,136,137,138,-1,138,137,139,-1,138,139,140,-1,140,139,141,-1,140,141,142,-1,142,141,143,-1,142,143,144,-1,144,143,145,-1,144,145,146,-1,146,145,127,-1,146,127,147,-1,147,127,128,-1,133,148,131,-1,131,148,149,-1,131,149,150,-1,66,151,152,-1,153,46,63,-1,66,152,65,-1,65,152,154,-1,65,154,63,-1,63,154,155,-1,63,155,153,-1,153,156,46,-1,46,156,157,-1,46,157,45,-1,45,157,158,-1,45,158,43,-1,43,158,159,-1,43,159,41,-1,41,159,160,-1,41,160,86,-1,86,160,161,-1,86,161,84,-1,111,84,162,-1,162,84,161,-1,162,163,111,-1,111,163,164,-1,111,164,109,-1,109,164,165,-1,109,165,107,-1,107,165,166,-1,107,166,105,-1,105,166,167,-1,105,167,51,-1,51,167,49,-1,49,167,168,-1,49,168,169,-1,49,169,170,-1,49,170,47,-1,47,170,171,-1,47,171,6,-1,6,171,172,-1,6,172,57,-1,57,172,173,-1,57,173,13,-1,13,173,174,-1,13,174,5,-1,5,174,175,-1,5,175,74,-1,74,175,176,-1,74,176,75,-1,75,176,177,-1,75,177,77,-1,178,117,115,-1,77,177,179,-1,77,179,79,-1,79,179,180,-1,79,180,114,-1,180,181,114,-1,114,181,182,-1,114,182,115,-1,115,182,183,-1,115,183,178,-1,117,178,184,-1,117,184,119,-1,119,184,185,-1,119,185,121,-1,121,185,186,-1,121,186,123,-1,123,186,187,-1,123,187,124,-1,124,187,188,-1,124,188,53,-1,53,188,189,-1,53,189,54,-1,54,189,190,-1,54,190,0,-1,190,191,0,-1,0,191,192,-1,0,192,1,-1,1,192,193,-1,1,193,37,-1,37,193,194,-1,37,194,104,-1,194,195,104,-1,104,195,196,-1,104,196,103,-1,103,196,197,-1,103,197,101,-1,101,197,198,-1,199,97,198,-1,198,97,99,-1,198,99,101,-1,199,200,97,-1,97,200,201,-1,97,201,95,-1,95,201,202,-1,95,202,93,-1,93,202,203,-1,93,203,91,-1,203,204,91,-1,91,204,205,-1,91,205,16,-1,16,205,206,-1,16,206,9,-1,10,9,207,-1,207,9,206,-1,17,10,208,-1,208,10,207,-1,18,17,209,-1,209,17,208,-1,19,18,210,-1,210,18,209,-1,19,210,211,-1,19,211,60,-1,60,211,212,-1,60,212,31,-1,31,212,213,-1,31,213,32,-1,32,213,214,-1,32,214,33,-1,33,214,215,-1,33,215,22,-1,22,215,216,-1,22,216,24,-1,24,216,217,-1,24,217,26,-1,26,217,218,-1,26,218,28,-1,28,218,219,-1,28,219,2,-1,2,219,220,-1,2,220,52,-1,52,220,221,-1,52,221,122,-1,122,221,222,-1,122,222,120,-1,120,222,223,-1,120,223,118,-1,118,223,224,-1,118,224,116,-1,80,116,224,-1,224,225,80,-1,80,225,226,-1,80,226,227,-1,228,76,227,-1,227,76,78,-1,227,78,80,-1,228,229,76,-1,76,229,230,-1,76,230,3,-1,3,230,231,-1,3,231,4,-1,4,231,232,-1,4,232,55,-1,55,232,233,-1,55,233,56,-1,56,233,234,-1,56,234,58,-1,58,234,235,-1,58,235,59,-1,59,235,236,-1,59,236,7,-1,7,236,237,-1,7,237,8,-1,8,237,238,-1,8,238,48,-1,48,238,239,-1,48,239,50,-1,50,239,240,-1,50,240,106,-1,106,240,241,-1,106,241,108,-1,108,241,242,-1,108,242,110,-1,110,242,243,-1,110,243,112,-1,112,243,244,-1,112,244,113,-1,113,244,245,-1,113,245,85,-1,85,245,246,-1,85,246,87,-1,87,246,247,-1,87,247,88,-1,88,247,39,-1,39,247,248,-1,39,248,249,-1,40,39,250,-1,250,39,249,-1,40,250,251,-1,40,251,42,-1,42,251,252,-1,42,252,44,-1,44,252,253,-1,44,253,61,-1,61,253,254,-1,61,254,62,-1,62,254,255,-1,62,255,64,-1,255,256,64,-1,64,256,257,-1,64,257,67,-1,67,257,258,-1,67,258,68,-1,68,258,259,-1,68,259,70,-1,70,259,260,-1,70,260,72,-1,72,260,261,-1,72,261,134,-1,134,261,262,-1,134,262,135,-1,135,262,263,-1,135,263,137,-1,137,263,264,-1,137,264,139,-1,139,264,265,-1,139,265,141,-1,143,141,266,-1,266,141,265,-1,143,266,267,-1,143,267,145,-1,145,267,268,-1,145,268,127,-1,127,268,269,-1,127,269,130,-1,130,269,270,-1,130,270,132,-1,132,270,271,-1,132,271,133,-1,133,271,272,-1,133,272,148,-1,148,272,273,-1,148,273,149,-1,149,273,274,-1,149,274,150,-1,150,274,275,-1,150,275,131,-1,131,275,276,-1,131,276,129,-1,129,276,277,-1,129,277,125,-1,125,277,278,-1,125,278,126,-1,126,278,279,-1,126,279,128,-1,128,279,280,-1,128,280,147,-1,147,280,281,-1,147,281,146,-1,146,281,282,-1,146,282,144,-1,144,282,283,-1,144,283,142,-1,140,142,284,-1,284,142,283,-1,140,284,285,-1,140,285,138,-1,138,285,286,-1,138,286,136,-1,136,286,287,-1,136,287,73,-1,73,287,288,-1,73,288,71,-1,71,288,289,-1,71,289,69,-1,69,289,151,-1,69,151,66,-1,20,290,291,-1,20,291,12,-1,12,291,292,-1,12,292,11,-1,11,292,293,-1,11,293,34,-1,34,293,294,-1,34,294,14,-1,14,294,295,-1,14,295,15,-1,15,295,296,-1,15,296,89,-1,89,296,297,-1,89,297,90,-1,90,297,298,-1,90,298,92,-1,92,298,299,-1,92,299,94,-1,94,299,300,-1,94,300,96,-1,96,300,301,-1,96,301,98,-1,98,301,302,-1,98,302,100,-1,100,302,303,-1,100,303,102,-1,102,303,304,-1,102,304,38,-1,38,304,305,-1,38,305,36,-1,36,305,306,-1,36,306,35,-1,35,306,307,-1,35,307,81,-1,81,307,308,-1,81,308,82,-1,82,308,309,-1,82,309,83,-1,83,309,310,-1,83,310,30,-1,30,310,311,-1,30,311,29,-1,29,311,312,-1,29,312,27,-1,27,312,313,-1,27,313,25,-1,25,313,314,-1,25,314,23,-1,23,314,315,-1,23,315,21,-1,21,315,290,-1,21,290,20,-1,
        ]
    }
}
Shape{
    appearance Appearance {
        material  Material 	{
            diffuseColor 0.2235294117647059 0.2235294117647059 0.2235294117647059
            specularColor 0.11372549019607843 0.11372549019607843 0.11372549019607843
            ambientIntensity 0.2
            transparency 0
            shininess 0.5
        }
    }
    geometry IndexedFaceSet {
        ccw TRUE
        solid FALSE
        coord DEF co Coordinate {
            point [
                0.6751 0.4921 0.4122, 0.7048 0.4921 0.4896, 0.7104 0.4921 0.4836, 0.6751 0.4921 0.501, 0.6674 0.4921 0.5003, 0.6642 0.4921 0.4135, 0.6859 0.4921 0.4997, 0.6959 0.4921 0.4958, 0.6456 0.4921 0.4235, 0.6396 0.4921 0.4833, 0.6473 0.4921 0.4911, 0.7169 0.4921 0.4415, 0.7122 0.4921 0.4321, 0.705 0.4921 0.4237, 0.6543 0.4921 0.4174, 0.6567 0.4921 0.497, 0.716 0.4921 0.474, 0.719 0.4921 0.4632, 0.7193 0.4921 0.4521, 0.6959 0.4921 0.4174, 0.6855 0.4921 0.4134, 0.6333 0.4921 0.4417, 0.6309 0.4921 0.4527, 0.6384 0.4921 0.4318, 0.6313 0.4921 0.4638, 0.6343 0.4921 0.4741, 0.6343 0.4921 0.4741
            ]
        }
        coordIndex [
            0,1,2,-1,3,0,4,-1,4,0,5,-1,3,6,0,-1,0,6,7,-1,0,7,1,-1,8,9,10,-1,11,12,2,-1,2,12,13,-1,5,14,4,-1,4,14,8,-1,4,8,15,-1,15,8,10,-1,16,17,2,-1,2,17,18,-1,2,18,11,-1,13,19,2,-1,2,19,20,-1,2,20,0,-1,21,22,23,-1,23,22,24,-1,23,24,8,-1,8,24,25,-1,8,25,9,-1,
        ]
    }
}
Shape{
    appearance Appearance {
        material  Material 	{
            diffuseColor 0.9686274509803922 0.8784313725490196 0.6
            specularColor 0.6784313725490196 0.615686274509804 0.4196078431372549
            ambientIntensity 0.2
            transparency 0
            shininess 0.5
        }
    }
    geometry IndexedFaceSet {
        ccw TRUE
        solid FALSE
        coord DEF co Coordinate {
            point [
                -0.6181 -0.199 2.6997, -0.6181 -0.1597 2.6997, -0.6181 -0.199 2.6272, -0.6181 -0.1597 2.6272, -0.6181 -0.197 2.5963, -0.6181 -0.153 2.5762, -0.6181 -0.1575 0.9843, -0.6181 -0.1969 0.9843, -0.6181 -0.1575 2.2094, -0.6181 -0.1969 2.2094, -0.6181 -0.1545 2.2436, -0.6181 -0.1933 2.2504, -0.6181 -0.1456 2.2767, -0.6181 -0.1826 2.2902, -0.6181 -0.1248 2.3338, -0.6181 -0.1618 2.3472, -0.6181 -0.1181 2.3564, -0.6181 -0.154 2.3783, -0.6181 -0.1181 2.4457, -0.6181 -0.1526 2.4102, -0.6181 -0.1197 2.452, -0.6181 -0.1577 2.4418, -0.6181 -0.191 2.566, -0.6597 -0.1181 2.6272, -0.6597 -0.1181 2.6997, -0.699 -0.1181 2.6997, -0.6969 -0.1181 0.9843, -0.6575 -0.1181 0.9843, -0.6969 -0.1181 2.2094, -0.6575 -0.1181 2.2094, -0.6933 -0.1181 2.2504, -0.6545 -0.1181 2.2436, -0.6826 -0.1181 2.2902, -0.6456 -0.1181 2.2767, -0.6618 -0.1181 2.3472, -0.6248 -0.1181 2.3338, -0.654 -0.1181 2.3783, -0.6526 -0.1181 2.4102, -0.6577 -0.1181 2.4418, -0.6197 -0.1181 2.452, -0.691 -0.1181 2.566, -0.653 -0.1181 2.5762, -0.697 -0.1181 2.5963, -0.699 -0.1181 2.6272, -0.5984 -0.8465 -0.1575, -0.5984 -0.1969 -0.1575, -0.4016 -0.1969 -0.1575, -0.5197 -0.9252 -0.1575, -0.4016 -0.8465 -0.1575, -0.5401 -0.9225 -0.1575, -0.5591 -0.9146 -0.1575, -0.4043 -0.8668 -0.1575, -0.4599 -0.9225 -0.1575, -0.4803 -0.9252 -0.1575, -0.5754 -0.9021 -0.1575, -0.5879 -0.8858 -0.1575, -0.5957 -0.8668 -0.1575, -0.4121 -0.8858 -0.1575, -0.4246 -0.9021 -0.1575, -0.4409 -0.9146 -0.1575, -0.4803 -0.9252 -0.1181, -0.5197 -0.9252 -0.1181, -0.4043 -0.8668 -0.1181, -0.4016 -0.8465 -0.1181, -0.4599 -0.9225 -0.1181, -0.4016 -0.1969 -0.1181, -0.5984 -0.1969 -0.1181, -0.5984 -0.8465 -0.1181, -0.5401 -0.9225 -0.1181, -0.5879 -0.8858 -0.1181, -0.5754 -0.9021 -0.1181, -0.5591 -0.9146 -0.1181, -0.5957 -0.8668 -0.1181, -0.4409 -0.9146 -0.1181, -0.4246 -0.9021 -0.1181, -0.4121 -0.8858 -0.1181, -0.5984 -0.1969 0.6693, -0.4016 -0.1969 0.6693, -0.3465 -0.1969 0.6693, -0.3465 -0.1969 0.9843, -0.3819 -0.1969 0.9843, -0.3819 -0.1969 2.2094, -0.6535 -0.1969 0.9843, -0.6535 -0.1969 0.6693, -0.4016 -0.1575 -0.1181, -0.5984 -0.1575 -0.1181, -0.4016 -0.1575 0.6693, -0.5984 -0.1575 0.6693, -0.6535 -0.1575 0.6693, -0.6535 -0.1575 0.9843, -0.3819 -0.1575 2.2094, -0.3819 -0.1575 0.9843, -0.3465 -0.1575 0.9843, -0.3465 -0.1575 0.6693, -0.4016 -0.1588 -0.1283, -0.5984 -0.1588 -0.1283, -0.4016 -0.1628 -0.1378, -0.5984 -0.1628 -0.1378, -0.4016 -0.169 -0.1459, -0.5984 -0.169 -0.1459, -0.4016 -0.1772 -0.1522, -0.5984 -0.1772 -0.1522, -0.4016 -0.1867 -0.1561, -0.5984 -0.1867 -0.1561, -0.3425 0.1181 0.6693, -0.3031 0.1181 0.6693, -0.3425 -0.1535 0.6693, -0.3031 -0.1535 0.6693, -0.3427 -0.1546 0.6693, -0.3046 -0.1648 0.6693, -0.343 -0.1555 0.6693, -0.309 -0.1752 0.6693, -0.3437 -0.1563 0.6693, -0.3158 -0.1842 0.6693, -0.3445 -0.157 0.6693, -0.3248 -0.191 0.6693, -0.3454 -0.1573 0.6693, -0.3352 -0.1954 0.6693, -0.3819 -0.199 2.6997, -0.3819 -0.199 2.6272, -0.3819 -0.1597 2.6997, -0.3819 -0.1597 2.6272, -0.3819 -0.153 2.5762, -0.3819 -0.1197 2.452, -0.6132 -0.1132 2.3925, -0.3849 -0.1151 2.3726, -0.6159 -0.1159 2.3727, -0.3819 -0.1181 2.3564, -0.3819 -0.1248 2.3338, -0.3819 -0.1181 2.4457, -0.6133 -0.1133 2.4125, -0.3867 -0.1133 2.4125, -0.3868 -0.1132 2.3925, -0.3819 -0.1456 2.2767, -0.3819 -0.1545 2.2436, -0.6546 -0.1573 0.6693, -0.6648 -0.1954 0.6693, -0.6555 -0.157 0.6693, -0.6752 -0.191 0.6693, -0.6563 -0.1563 0.6693, -0.6842 -0.1842 0.6693, -0.657 -0.1555 0.6693, -0.691 -0.1752 0.6693, -0.6573 -0.1546 0.6693, -0.6954 -0.1648 0.6693, -0.6575 -0.1535 0.6693, -0.6969 -0.1535 0.6693, -0.6575 0.1181 0.6693, -0.6969 0.1181 0.6693, -0.3819 -0.1933 2.2504, -0.3819 -0.1826 2.2902, -0.3819 -0.1618 2.3472, -0.3819 -0.154 2.3783, -0.3819 -0.1526 2.4102, -0.3819 -0.1577 2.4418, -0.3819 -0.191 2.566, -0.3819 -0.197 2.5963, -0.3425 -0.1181 0.9843, -0.3031 -0.1181 0.9843, -0.3425 -0.1181 2.2094, -0.3031 -0.1181 2.2094, -0.3455 -0.1181 2.2436, -0.3067 -0.1181 2.2504, -0.3544 -0.1181 2.2767, -0.3174 -0.1181 2.2902, -0.3752 -0.1181 2.3338, -0.3382 -0.1181 2.3472, -0.346 -0.1181 2.3783, -0.3474 -0.1181 2.4102, -0.3803 -0.1181 2.452, -0.3423 -0.1181 2.4418, -0.347 -0.1181 2.5762, -0.301 -0.1181 2.6997, -0.3403 -0.1181 2.6997, -0.301 -0.1181 2.6272, -0.3403 -0.1181 2.6272, -0.303 -0.1181 2.5963, -0.309 -0.1181 2.566, -0.301 0.1181 2.6997, -0.301 0.1181 2.6272, -0.3403 0.1181 2.6997, -0.3403 0.1181 2.6272, -0.347 0.1181 2.5762, -0.3803 0.1181 2.452, -0.3867 0.1181 2.4125, -0.3849 0.1181 2.3726, -0.3752 0.1181 2.3338, -0.3544 0.1181 2.2767, -0.3455 0.1181 2.2436, -0.3425 0.1181 2.2094, -0.3425 -0.1535 0.9843, -0.3031 -0.1535 0.9843, -0.3031 0.1181 2.2094, -0.3067 0.1181 2.2504, -0.3174 0.1181 2.2902, -0.3382 0.1181 2.3472, -0.346 0.1181 2.3783, -0.3474 0.1181 2.4102, -0.3423 0.1181 2.4418, -0.309 0.1181 2.566, -0.303 0.1181 2.5963, -0.699 0.1181 2.6997, -0.699 0.1181 2.6272, -0.6597 0.1181 2.6997, -0.6597 0.1181 2.6272, -0.653 0.1181 2.5762, -0.6197 0.1181 2.452, -0.6248 0.1181 2.3338, -0.6151 0.1181 2.3726, -0.6133 0.1181 2.4125, -0.6456 0.1181 2.2767, -0.6545 0.1181 2.2436, -0.6575 0.1181 2.2094, -0.6575 -0.1535 0.9843, -0.6969 0.1181 2.2094, -0.6969 -0.1535 0.9843, -0.6933 0.1181 2.2504, -0.6826 0.1181 2.2902, -0.6618 0.1181 2.3472, -0.654 0.1181 2.3783, -0.6526 0.1181 2.4102, -0.6577 0.1181 2.4418, -0.691 0.1181 2.566, -0.697 0.1181 2.5963, -0.3352 -0.1954 0.9843, -0.3248 -0.191 0.9843, -0.3158 -0.1842 0.9843, -0.309 -0.1752 0.9843, -0.3046 -0.1648 0.9843, -0.3427 -0.1546 0.9843, -0.343 -0.1555 0.9843, -0.3437 -0.1563 0.9843, -0.3445 -0.157 0.9843, -0.3454 -0.1573 0.9843, -0.6954 -0.1648 0.9843, -0.691 -0.1752 0.9843, -0.6842 -0.1842 0.9843, -0.6752 -0.191 0.9843, -0.6648 -0.1954 0.9843, -0.6546 -0.1573 0.9843, -0.6555 -0.157 0.9843, -0.6563 -0.1563 0.9843, -0.657 -0.1555 0.9843, -0.6573 -0.1546 0.9843, -1.6181 0.1597 2.6272, -1.6181 0.1597 2.6997, -1.6181 0.199 2.6997, -1.6181 0.199 2.6272, -1.6181 0.197 2.5963, -1.6181 0.153 2.5762, -1.6181 0.191 2.566, -1.6181 0.1197 2.452, -1.6181 0.1577 2.4418, -1.6181 0.1181 2.4457, -1.6181 0.1526 2.4102, -1.6181 0.1181 2.3564, -1.6181 0.154 2.3783, -1.6181 0.1248 2.3338, -1.6181 0.1618 2.3472, -1.6181 0.1456 2.2767, -1.6181 0.1826 2.2902, -1.6181 0.1545 2.2436, -1.6181 0.1933 2.2504, -1.6181 0.1575 2.2094, -1.6181 0.1969 2.2094, -1.6181 0.1575 0.9843, -1.6181 0.1969 0.9843, -1.699 0.1181 2.6997, -1.6597 0.1181 2.6997, -1.699 0.1181 2.6272, -1.6597 0.1181 2.6272, -1.697 0.1181 2.5963, -1.653 0.1181 2.5762, -1.6575 0.1181 0.9843, -1.6969 0.1181 0.9843, -1.6575 0.1181 2.2094, -1.6969 0.1181 2.2094, -1.6545 0.1181 2.2436, -1.6933 0.1181 2.2504, -1.6456 0.1181 2.2767, -1.6826 0.1181 2.2902, -1.6248 0.1181 2.3338, -1.6618 0.1181 2.3472, -1.654 0.1181 2.3783, -1.6526 0.1181 2.4102, -1.6197 0.1181 2.452, -1.6577 0.1181 2.4418, -1.691 0.1181 2.566, -1.4016 0.8465 -0.1575, -1.4016 0.1969 -0.1575, -1.5984 0.1969 -0.1575, -1.5754 0.9021 -0.1575, -1.5984 0.8465 -0.1575, -1.5879 0.8858 -0.1575, -1.5957 0.8668 -0.1575, -1.5197 0.9252 -0.1575, -1.4803 0.9252 -0.1575, -1.5591 0.9146 -0.1575, -1.5401 0.9225 -0.1575, -1.4599 0.9225 -0.1575, -1.4409 0.9146 -0.1575, -1.4043 0.8668 -0.1575, -1.4246 0.9021 -0.1575, -1.4121 0.8858 -0.1575, -1.5197 0.9252 -0.1181, -1.4803 0.9252 -0.1181, -1.5879 0.8858 -0.1181, -1.5957 0.8668 -0.1181, -1.5984 0.8465 -0.1181, -1.5984 0.1969 -0.1181, -1.4016 0.1969 -0.1181, -1.4016 0.8465 -0.1181, -1.5401 0.9225 -0.1181, -1.5591 0.9146 -0.1181, -1.5754 0.9021 -0.1181, -1.4121 0.8858 -0.1181, -1.4246 0.9021 -0.1181, -1.4043 0.8668 -0.1181, -1.4409 0.9146 -0.1181, -1.4599 0.9225 -0.1181, -1.4016 0.1969 0.6693, -1.5984 0.1969 0.6693, -1.6535 0.1969 0.6693, -1.6535 0.1969 0.9843, -1.3819 0.1969 2.2094, -1.3819 0.1969 0.9843, -1.3465 0.1969 0.9843, -1.3465 0.1969 0.6693, -1.5984 0.1575 -0.1181, -1.4016 0.1575 -0.1181, -1.5984 0.1575 0.6693, -1.4016 0.1575 0.6693, -1.3465 0.1575 0.6693, -1.3465 0.1575 0.9843, -1.3819 0.1575 0.9843, -1.3819 0.1575 2.2094, -1.6535 0.1575 0.9843, -1.6535 0.1575 0.6693, -1.4016 0.1867 -0.1561, -1.5984 0.1867 -0.1561, -1.4016 0.1772 -0.1522, -1.5984 0.1772 -0.1522, -1.4016 0.169 -0.1459, -1.5984 0.169 -0.1459, -1.4016 0.1628 -0.1378, -1.5984 0.1628 -0.1378, -1.4016 0.1588 -0.1283, -1.5984 0.1588 -0.1283, -1.3031 -0.1181 0.6693, -1.3425 -0.1181 0.6693, -1.3031 0.1535 0.6693, -1.3425 0.1535 0.6693, -1.3046 0.1648 0.6693, -1.3426 0.1544 0.6693, -1.309 0.1752 0.6693, -1.3429 0.1553 0.6693, -1.3158 0.1842 0.6693, -1.3456 0.1574 0.6693, -1.3352 0.1954 0.6693, -1.3447 0.1571 0.6693, -1.3248 0.191 0.6693, -1.344 0.1566 0.6693, -1.3434 0.156 0.6693, -1.3819 0.199 2.6272, -1.3819 0.199 2.6997, -1.3819 0.1597 2.6997, -1.3819 0.1597 2.6272, -1.3819 0.153 2.5762, -1.3819 0.1197 2.452, -1.6133 0.1133 2.4125, -1.3819 0.1181 2.4457, -1.3819 0.1248 2.3338, -1.3819 0.1181 2.3564, -1.6159 0.1159 2.3727, -1.3849 0.1151 2.3726, -1.6132 0.1132 2.3925, -1.3868 0.1132 2.3925, -1.3867 0.1133 2.4125, -1.3819 0.1456 2.2767, -1.3819 0.1545 2.2436, -1.6575 -0.1181 0.6693, -1.6969 -0.1181 0.6693, -1.6575 0.1535 0.6693, -1.6969 0.1535 0.6693, -1.6573 0.1546 0.6693, -1.6954 0.1648 0.6693, -1.657 0.1555 0.6693, -1.691 0.1752 0.6693, -1.6563 0.1563 0.6693, -1.6842 0.1842 0.6693, -1.6555 0.157 0.6693, -1.6752 0.191 0.6693, -1.6546 0.1573 0.6693, -1.6648 0.1954 0.6693, -1.3819 0.1826 2.2902, -1.3819 0.1933 2.2504, -1.3819 0.1618 2.3472, -1.3819 0.1577 2.4418, -1.3819 0.1526 2.4102, -1.3819 0.154 2.3783, -1.3819 0.191 2.566, -1.3819 0.197 2.5963, -1.3403 0.1181 2.6272, -1.3403 0.1181 2.6997, -1.301 0.1181 2.6997, -1.301 0.1181 2.6272, -1.303 0.1181 2.5963, -1.347 0.1181 2.5762, -1.309 0.1181 2.566, -1.3803 0.1181 2.452, -1.3423 0.1181 2.4418, -1.3474 0.1181 2.4102, -1.346 0.1181 2.3783, -1.3752 0.1181 2.3338, -1.3382 0.1181 2.3472, -1.3544 0.1181 2.2767, -1.3174 0.1181 2.2902, -1.3455 0.1181 2.2436, -1.3067 0.1181 2.2504, -1.3425 0.1181 2.2094, -1.3031 0.1181 2.2094, -1.3425 0.1181 0.9843, -1.3031 0.1181 0.9843, -1.301 -0.1181 2.6272, -1.301 -0.1181 2.6997, -1.3403 -0.1181 2.6997, -1.3403 -0.1181 2.6272, -1.347 -0.1181 2.5762, -1.3803 -0.1181 2.452, -1.3752 -0.1181 2.3338, -1.3849 -0.1181 2.3726, -1.3867 -0.1181 2.4125, -1.3544 -0.1181 2.2767, -1.3425 -0.1181 2.2094, -1.3455 -0.1181 2.2436, -1.3425 0.1535 0.9843, -1.3031 -0.1181 2.2094, -1.3031 0.1535 0.9843, -1.3174 -0.1181 2.2902, -1.3067 -0.1181 2.2504, -1.3382 -0.1181 2.3472, -1.3423 -0.1181 2.4418, -1.3474 -0.1181 2.4102, -1.346 -0.1181 2.3783, -1.309 -0.1181 2.566, -1.303 -0.1181 2.5963, -1.699 -0.1181 2.6272, -1.699 -0.1181 2.6997, -1.6597 -0.1181 2.6997, -1.6597 -0.1181 2.6272, -1.653 -0.1181 2.5762, -1.6197 -0.1181 2.452, -1.6133 -0.1181 2.4125, -1.6151 -0.1181 2.3726, -1.6248 -0.1181 2.3338, -1.6456 -0.1181 2.2767, -1.6575 -0.1181 2.2094, -1.6545 -0.1181 2.2436, -1.6575 0.1535 0.9843, -1.6969 0.1535 0.9843, -1.6969 -0.1181 2.2094, -1.6826 -0.1181 2.2902, -1.6933 -0.1181 2.2504, -1.6618 -0.1181 2.3472, -1.6577 -0.1181 2.4418, -1.6526 -0.1181 2.4102, -1.654 -0.1181 2.3783, -1.691 -0.1181 2.566, -1.697 -0.1181 2.5963, -1.3046 0.1648 0.9843, -1.309 0.1752 0.9843, -1.3158 0.1842 0.9843, -1.3248 0.191 0.9843, -1.3352 0.1954 0.9843, -1.3456 0.1574 0.9843, -1.3447 0.1571 0.9843, -1.344 0.1566 0.9843, -1.3434 0.156 0.9843, -1.3429 0.1553 0.9843, -1.3426 0.1544 0.9843, -1.6648 0.1954 0.9843, -1.6752 0.191 0.9843, -1.6842 0.1842 0.9843, -1.691 0.1752 0.9843, -1.6954 0.1648 0.9843, -1.6573 0.1546 0.9843, -1.657 0.1555 0.9843, -1.6563 0.1563 0.9843, -1.6555 0.157 0.9843, -1.6546 0.1573 0.9843, 1.3819 -0.199 2.6997, 1.3819 -0.1597 2.6997, 1.3819 -0.199 2.6272, 1.3819 -0.1597 2.6272, 1.3819 -0.197 2.5963, 1.3819 -0.153 2.5762, 1.3819 -0.1575 0.9843, 1.3819 -0.1969 0.9843, 1.3819 -0.1575 2.2094, 1.3819 -0.1969 2.2094, 1.3819 -0.1545 2.2436, 1.3819 -0.1933 2.2504, 1.3819 -0.1456 2.2767, 1.3819 -0.1826 2.2902, 1.3819 -0.1248 2.3338, 1.3819 -0.1618 2.3472, 1.3819 -0.1181 2.3564, 1.3819 -0.154 2.3783, 1.3819 -0.1181 2.4457, 1.3819 -0.1526 2.4102, 1.3819 -0.1197 2.452, 1.3819 -0.1577 2.4418, 1.3819 -0.191 2.566, 1.3403 -0.1181 2.6272, 1.3403 -0.1181 2.6997, 1.301 -0.1181 2.6997, 1.3031 -0.1181 0.9843, 1.3425 -0.1181 0.9843, 1.3031 -0.1181 2.2094, 1.3425 -0.1181 2.2094, 1.3067 -0.1181 2.2504, 1.3455 -0.1181 2.2436, 1.3174 -0.1181 2.2902, 1.3544 -0.1181 2.2767, 1.3382 -0.1181 2.3472, 1.3752 -0.1181 2.3338, 1.346 -0.1181 2.3783, 1.3474 -0.1181 2.4102, 1.3423 -0.1181 2.4418, 1.3803 -0.1181 2.452, 1.309 -0.1181 2.566, 1.347 -0.1181 2.5762, 1.303 -0.1181 2.5963, 1.301 -0.1181 2.6272, 1.4043 -0.8668 -0.1575, 1.4016 -0.8465 -0.1575, 1.4803 -0.9252 -0.1575, 1.5401 -0.9225 -0.1575, 1.5197 -0.9252 -0.1575, 1.5984 -0.8465 -0.1575, 1.5984 -0.1969 -0.1575, 1.4016 -0.1969 -0.1575, 1.4599 -0.9225 -0.1575, 1.4409 -0.9146 -0.1575, 1.4121 -0.8858 -0.1575, 1.4246 -0.9021 -0.1575, 1.5957 -0.8668 -0.1575, 1.5879 -0.8858 -0.1575, 1.5591 -0.9146 -0.1575, 1.5754 -0.9021 -0.1575, 1.5197 -0.9252 -0.1181, 1.4803 -0.9252 -0.1181, 1.5957 -0.8668 -0.1181, 1.5984 -0.8465 -0.1181, 1.5401 -0.9225 -0.1181, 1.5984 -0.1969 -0.1181, 1.4016 -0.1969 -0.1181, 1.4016 -0.8465 -0.1181, 1.4599 -0.9225 -0.1181, 1.4121 -0.8858 -0.1181, 1.4246 -0.9021 -0.1181, 1.4409 -0.9146 -0.1181, 1.4043 -0.8668 -0.1181, 1.5879 -0.8858 -0.1181, 1.5591 -0.9146 -0.1181, 1.5754 -0.9021 -0.1181, 1.4016 -0.1969 0.6693, 1.5984 -0.1969 0.6693, 1.6535 -0.1969 0.6693, 1.6535 -0.1969 0.9843, 1.6181 -0.1969 0.9843, 1.6181 -0.1969 2.2094, 1.3465 -0.1969 0.9843, 1.3465 -0.1969 0.6693, 1.5984 -0.1575 -0.1181, 1.4016 -0.1575 -0.1181, 1.5984 -0.1575 0.6693, 1.4016 -0.1575 0.6693, 1.3465 -0.1575 0.6693, 1.3465 -0.1575 0.9843, 1.6181 -0.1575 2.2094, 1.6181 -0.1575 0.9843, 1.6535 -0.1575 0.9843, 1.6535 -0.1575 0.6693, 1.5984 -0.1588 -0.1283, 1.4016 -0.1588 -0.1283, 1.5984 -0.1628 -0.1378, 1.4016 -0.1628 -0.1378, 1.5984 -0.169 -0.1459, 1.4016 -0.169 -0.1459, 1.5984 -0.1772 -0.1522, 1.4016 -0.1772 -0.1522, 1.5984 -0.1867 -0.1561, 1.4016 -0.1867 -0.1561, 1.6648 -0.1954 0.6693, 1.6544 -0.1574 0.6693, 1.6752 -0.191 0.6693, 1.6553 -0.1571 0.6693, 1.6842 -0.1842 0.6693, 1.6575 0.1181 0.6693, 1.6969 0.1181 0.6693, 1.6575 -0.1535 0.6693, 1.6969 -0.1535 0.6693, 1.6574 -0.1544 0.6693, 1.6954 -0.1648 0.6693, 1.6571 -0.1553 0.6693, 1.691 -0.1752 0.6693, 1.6566 -0.156 0.6693, 1.656 -0.1566 0.6693, 1.6181 -0.199 2.6997, 1.6181 -0.199 2.6272, 1.6181 -0.1597 2.6997, 1.6181 -0.1597 2.6272, 1.6181 -0.153 2.5762, 1.6181 -0.1197 2.452, 1.3868 -0.1132 2.3925, 1.6151 -0.1151 2.3726, 1.3841 -0.1159 2.3727, 1.6181 -0.1181 2.3564, 1.6181 -0.1248 2.3338, 1.6181 -0.1181 2.4457, 1.3867 -0.1133 2.4125, 1.6133 -0.1133 2.4125, 1.6132 -0.1132 2.3925, 1.6181 -0.1456 2.2767, 1.6181 -0.1545 2.2436, 1.3454 -0.1573 0.6693, 1.3352 -0.1954 0.6693, 1.3445 -0.157 0.6693, 1.3248 -0.191 0.6693, 1.3437 -0.1563 0.6693, 1.3158 -0.1842 0.6693, 1.343 -0.1555 0.6693, 1.309 -0.1752 0.6693, 1.3427 -0.1546 0.6693, 1.3046 -0.1648 0.6693, 1.3425 -0.1535 0.6693, 1.3031 -0.1535 0.6693, 1.3425 0.1181 0.6693, 1.3031 0.1181 0.6693, 1.6181 -0.1933 2.2504, 1.6181 -0.1826 2.2902, 1.6181 -0.1618 2.3472, 1.6181 -0.154 2.3783, 1.6181 -0.1526 2.4102, 1.6181 -0.1577 2.4418, 1.6181 -0.191 2.566, 1.6181 -0.197 2.5963, 1.699 -0.1181 2.6997, 1.6597 -0.1181 2.6997, 1.699 -0.1181 2.6272, 1.6597 -0.1181 2.6272, 1.697 -0.1181 2.5963, 1.653 -0.1181 2.5762, 1.6575 -0.1181 0.9843, 1.6969 -0.1181 0.9843, 1.6575 -0.1181 2.2094, 1.6969 -0.1181 2.2094, 1.6545 -0.1181 2.2436, 1.6933 -0.1181 2.2504, 1.6456 -0.1181 2.2767, 1.6826 -0.1181 2.2902, 1.6248 -0.1181 2.3338, 1.6618 -0.1181 2.3472, 1.654 -0.1181 2.3783, 1.6526 -0.1181 2.4102, 1.6197 -0.1181 2.452, 1.6577 -0.1181 2.4418, 1.691 -0.1181 2.566, 1.699 0.1181 2.6997, 1.699 0.1181 2.6272, 1.6597 0.1181 2.6997, 1.6597 0.1181 2.6272, 1.653 0.1181 2.5762, 1.6197 0.1181 2.452, 1.6133 0.1181 2.4125, 1.6151 0.1181 2.3726, 1.6248 0.1181 2.3338, 1.6456 0.1181 2.2767, 1.6545 0.1181 2.2436, 1.6575 0.1181 2.2094, 1.6575 -0.1535 0.9843, 1.6969 -0.1535 0.9843, 1.6969 0.1181 2.2094, 1.6933 0.1181 2.2504, 1.6826 0.1181 2.2902, 1.6618 0.1181 2.3472, 1.654 0.1181 2.3783, 1.6526 0.1181 2.4102, 1.6577 0.1181 2.4418, 1.691 0.1181 2.566, 1.697 0.1181 2.5963, 1.301 0.1181 2.6997, 1.301 0.1181 2.6272, 1.3403 0.1181 2.6997, 1.3403 0.1181 2.6272, 1.347 0.1181 2.5762, 1.3803 0.1181 2.452, 1.3752 0.1181 2.3338, 1.3849 0.1181 2.3726, 1.3867 0.1181 2.4125, 1.3544 0.1181 2.2767, 1.3455 0.1181 2.2436, 1.3425 0.1181 2.2094, 1.3425 -0.1535 0.9843, 1.3031 0.1181 2.2094, 1.3031 -0.1535 0.9843, 1.3067 0.1181 2.2504, 1.3174 0.1181 2.2902, 1.3382 0.1181 2.3472, 1.346 0.1181 2.3783, 1.3474 0.1181 2.4102, 1.3423 0.1181 2.4418, 1.309 0.1181 2.566, 1.303 0.1181 2.5963, 1.6648 -0.1954 0.9843, 1.6752 -0.191 0.9843, 1.6842 -0.1842 0.9843, 1.691 -0.1752 0.9843, 1.6954 -0.1648 0.9843, 1.6574 -0.1544 0.9843, 1.6571 -0.1553 0.9843, 1.6566 -0.156 0.9843, 1.656 -0.1566 0.9843, 1.6553 -0.1571 0.9843, 1.6544 -0.1574 0.9843, 1.3046 -0.1648 0.9843, 1.309 -0.1752 0.9843, 1.3158 -0.1842 0.9843, 1.3248 -0.191 0.9843, 1.3352 -0.1954 0.9843, 1.3454 -0.1573 0.9843, 1.3445 -0.157 0.9843, 1.3437 -0.1563 0.9843, 1.343 -0.1555 0.9843, 1.3427 -0.1546 0.9843, 0.3819 0.1597 2.6272, 0.3819 0.1597 2.6997, 0.3819 0.199 2.6997, 0.3819 0.199 2.6272, 0.3819 0.197 2.5963, 0.3819 0.153 2.5762, 0.3819 0.191 2.566, 0.3819 0.1197 2.452, 0.3819 0.1577 2.4418, 0.3819 0.1181 2.4457, 0.3819 0.1526 2.4102, 0.3819 0.1181 2.3564, 0.3819 0.154 2.3783, 0.3819 0.1248 2.3338, 0.3819 0.1618 2.3472, 0.3819 0.1456 2.2767, 0.3819 0.1826 2.2902, 0.3819 0.1545 2.2436, 0.3819 0.1933 2.2504, 0.3819 0.1575 2.2094, 0.3819 0.1969 2.2094, 0.3819 0.1575 0.9843, 0.3819 0.1969 0.9843, 0.301 0.1181 2.6997, 0.3403 0.1181 2.6997, 0.301 0.1181 2.6272, 0.3403 0.1181 2.6272, 0.303 0.1181 2.5963, 0.347 0.1181 2.5762, 0.3425 0.1181 0.9843, 0.3031 0.1181 0.9843, 0.3425 0.1181 2.2094, 0.3031 0.1181 2.2094, 0.3455 0.1181 2.2436, 0.3067 0.1181 2.2504, 0.3544 0.1181 2.2767, 0.3174 0.1181 2.2902, 0.3752 0.1181 2.3338, 0.3382 0.1181 2.3472, 0.346 0.1181 2.3783, 0.3474 0.1181 2.4102, 0.3803 0.1181 2.452, 0.3423 0.1181 2.4418, 0.309 0.1181 2.566, 0.5984 0.1969 -0.1575, 0.4803 0.9252 -0.1575, 0.5984 0.8465 -0.1575, 0.5197 0.9252 -0.1575, 0.4016 0.1969 -0.1575, 0.4016 0.8465 -0.1575, 0.4043 0.8668 -0.1575, 0.4409 0.9146 -0.1575, 0.4599 0.9225 -0.1575, 0.4246 0.9021 -0.1575, 0.4121 0.8858 -0.1575, 0.5754 0.9021 -0.1575, 0.5591 0.9146 -0.1575, 0.5401 0.9225 -0.1575, 0.5879 0.8858 -0.1575, 0.5957 0.8668 -0.1575, 0.4803 0.9252 -0.1181, 0.5197 0.9252 -0.1181, 0.4043 0.8668 -0.1181, 0.4016 0.8465 -0.1181, 0.4599 0.9225 -0.1181, 0.4409 0.9146 -0.1181, 0.4246 0.9021 -0.1181, 0.4121 0.8858 -0.1181, 0.4016 0.1969 -0.1181, 0.5984 0.1969 -0.1181, 0.5984 0.8465 -0.1181, 0.5957 0.8668 -0.1181, 0.5879 0.8858 -0.1181, 0.5754 0.9021 -0.1181, 0.5591 0.9146 -0.1181, 0.5401 0.9225 -0.1181, 0.5984 0.1969 0.6693, 0.4016 0.1969 0.6693, 0.3465 0.1969 0.6693, 0.3465 0.1969 0.9843, 0.6181 0.1969 2.2094, 0.6181 0.1969 0.9843, 0.6535 0.1969 0.9843, 0.6535 0.1969 0.6693, 0.4016 0.1575 -0.1181, 0.5984 0.1575 -0.1181, 0.4016 0.1575 0.6693, 0.5984 0.1575 0.6693, 0.6535 0.1575 0.6693, 0.6535 0.1575 0.9843, 0.6181 0.1575 0.9843, 0.6181 0.1575 2.2094, 0.3465 0.1575 0.9843, 0.3465 0.1575 0.6693, 0.5984 0.1867 -0.1561, 0.4016 0.1867 -0.1561, 0.5984 0.1772 -0.1522, 0.4016 0.1772 -0.1522, 0.5984 0.169 -0.1459, 0.4016 0.169 -0.1459, 0.5984 0.1628 -0.1378, 0.4016 0.1628 -0.1378, 0.5984 0.1588 -0.1283, 0.4016 0.1588 -0.1283, 0.6969 -0.1181 0.6693, 0.6575 -0.1181 0.6693, 0.6969 0.1535 0.6693, 0.6575 0.1535 0.6693, 0.6954 0.1648 0.6693, 0.6574 0.1544 0.6693, 0.691 0.1752 0.6693, 0.6571 0.1553 0.6693, 0.6842 0.1842 0.6693, 0.6544 0.1574 0.6693, 0.6648 0.1954 0.6693, 0.6553 0.1571 0.6693, 0.6752 0.191 0.6693, 0.656 0.1566 0.6693, 0.6566 0.156 0.6693, 0.6181 0.199 2.6272, 0.6181 0.199 2.6997, 0.6181 0.1597 2.6997, 0.6181 0.1597 2.6272, 0.6181 0.153 2.5762, 0.6181 0.1197 2.452, 0.3867 0.1133 2.4125, 0.6181 0.1181 2.4457, 0.6181 0.1248 2.3338, 0.6181 0.1181 2.3564, 0.3841 0.1159 2.3727, 0.6151 0.1151 2.3726, 0.3868 0.1132 2.3925, 0.6132 0.1132 2.3925, 0.6133 0.1133 2.4125, 0.6181 0.1456 2.2767, 0.6181 0.1545 2.2436, 0.3425 -0.1181 0.6693, 0.3031 -0.1181 0.6693, 0.3425 0.1535 0.6693, 0.3031 0.1535 0.6693, 0.3427 0.1546 0.6693, 0.3046 0.1648 0.6693, 0.343 0.1555 0.6693, 0.309 0.1752 0.6693, 0.3437 0.1563 0.6693, 0.3158 0.1842 0.6693, 0.3445 0.157 0.6693, 0.3248 0.191 0.6693, 0.3454 0.1573 0.6693, 0.3352 0.1954 0.6693, 0.6181 0.1826 2.2902, 0.6181 0.1933 2.2504, 0.6181 0.1618 2.3472, 0.6181 0.1577 2.4418, 0.6181 0.1526 2.4102, 0.6181 0.154 2.3783, 0.6181 0.191 2.566, 0.6181 0.197 2.5963, 0.6597 0.1181 2.6272, 0.6597 0.1181 2.6997, 0.699 0.1181 2.6997, 0.699 0.1181 2.6272, 0.697 0.1181 2.5963, 0.653 0.1181 2.5762, 0.691 0.1181 2.566, 0.6197 0.1181 2.452, 0.6577 0.1181 2.4418, 0.6526 0.1181 2.4102, 0.654 0.1181 2.3783, 0.6248 0.1181 2.3338, 0.6618 0.1181 2.3472, 0.6456 0.1181 2.2767, 0.6826 0.1181 2.2902, 0.6545 0.1181 2.2436, 0.6933 0.1181 2.2504, 0.6575 0.1181 2.2094, 0.6969 0.1181 2.2094, 0.6575 0.1181 0.9843, 0.6969 0.1181 0.9843, 0.699 -0.1181 2.6272, 0.699 -0.1181 2.6997, 0.6597 -0.1181 2.6997, 0.6597 -0.1181 2.6272, 0.653 -0.1181 2.5762, 0.6197 -0.1181 2.452, 0.6248 -0.1181 2.3338, 0.6151 -0.1181 2.3726, 0.6133 -0.1181 2.4125, 0.6456 -0.1181 2.2767, 0.6575 -0.1181 2.2094, 0.6545 -0.1181 2.2436, 0.6575 0.1535 0.9843, 0.6969 -0.1181 2.2094, 0.6969 0.1535 0.9843, 0.6826 -0.1181 2.2902, 0.6933 -0.1181 2.2504, 0.6618 -0.1181 2.3472, 0.6577 -0.1181 2.4418, 0.6526 -0.1181 2.4102, 0.654 -0.1181 2.3783, 0.691 -0.1181 2.566, 0.697 -0.1181 2.5963, 0.301 -0.1181 2.6272, 0.301 -0.1181 2.6997, 0.3403 -0.1181 2.6997, 0.3403 -0.1181 2.6272, 0.347 -0.1181 2.5762, 0.3803 -0.1181 2.452, 0.3867 -0.1181 2.4125, 0.3849 -0.1181 2.3726, 0.3752 -0.1181 2.3338, 0.3544 -0.1181 2.2767, 0.3425 -0.1181 2.2094, 0.3455 -0.1181 2.2436, 0.3425 0.1535 0.9843, 0.3031 0.1535 0.9843, 0.3031 -0.1181 2.2094, 0.3174 -0.1181 2.2902, 0.3067 -0.1181 2.2504, 0.3382 -0.1181 2.3472, 0.3423 -0.1181 2.4418, 0.3474 -0.1181 2.4102, 0.346 -0.1181 2.3783, 0.309 -0.1181 2.566, 0.303 -0.1181 2.5963, 0.6954 0.1648 0.9843, 0.691 0.1752 0.9843, 0.6842 0.1842 0.9843, 0.6752 0.191 0.9843, 0.6648 0.1954 0.9843, 0.6544 0.1574 0.9843, 0.6553 0.1571 0.9843, 0.656 0.1566 0.9843, 0.6566 0.156 0.9843, 0.6571 0.1553 0.9843, 0.6574 0.1544 0.9843, 0.3352 0.1954 0.9843, 0.3248 0.191 0.9843, 0.3158 0.1842 0.9843, 0.309 0.1752 0.9843, 0.3046 0.1648 0.9843, 0.3427 0.1546 0.9843, 0.343 0.1555 0.9843, 0.3437 0.1563 0.9843, 0.3445 0.157 0.9843, 0.3454 0.1573 0.9843, 0.3454 0.1573 0.9843
            ]
        }
        coordIndex [
            0,1,2,-1,2,1,3,-1,2,3,4,-1,4,3,5,-1,6,7,8,-1,8,7,9,-1,8,9,10,-1,10,9,11,-1,10,11,12,-1,12,11,13,-1,12,13,14,-1,14,13,15,-1,14,15,16,-1,16,15,17,-1,16,17,18,-1,18,17,19,-1,18,19,20,-1,20,19,21,-1,20,21,5,-1,5,21,22,-1,5,22,4,-1,23,24,25,-1,26,27,28,-1,28,27,29,-1,28,29,30,-1,30,29,31,-1,30,31,32,-1,32,31,33,-1,32,33,34,-1,34,33,35,-1,34,35,36,-1,36,35,16,-1,36,16,37,-1,37,16,18,-1,37,18,38,-1,38,18,39,-1,38,39,40,-1,40,39,41,-1,40,41,42,-1,42,41,23,-1,42,23,43,-1,43,23,25,-1,44,45,46,-1,47,46,48,-1,46,47,44,-1,44,47,49,-1,44,49,50,-1,51,52,48,-1,48,52,53,-1,48,53,47,-1,54,55,50,-1,50,55,56,-1,50,56,44,-1,51,57,52,-1,52,57,58,-1,52,58,59,-1,60,61,53,-1,53,61,47,-1,62,63,64,-1,65,66,61,-1,61,66,67,-1,61,67,68,-1,69,70,71,-1,65,61,63,-1,63,61,60,-1,63,60,64,-1,68,67,71,-1,71,67,72,-1,71,72,69,-1,73,74,64,-1,64,74,75,-1,64,75,62,-1,66,65,76,-1,76,65,77,-1,78,79,77,-1,77,79,80,-1,81,9,80,-1,80,9,7,-1,80,7,77,-1,77,7,82,-1,77,82,76,-1,76,82,83,-1,84,85,86,-1,86,85,87,-1,88,89,87,-1,87,89,6,-1,8,90,6,-1,6,90,91,-1,6,91,87,-1,87,91,92,-1,87,92,86,-1,86,92,93,-1,85,84,94,-1,85,94,95,-1,95,94,96,-1,95,96,97,-1,97,96,98,-1,97,98,99,-1,99,98,100,-1,99,100,101,-1,101,100,102,-1,101,102,103,-1,103,102,46,-1,103,46,45,-1,44,67,45,-1,45,67,66,-1,76,87,66,-1,66,87,85,-1,99,101,66,-1,66,101,103,-1,66,103,45,-1,85,95,66,-1,66,95,97,-1,66,97,99,-1,86,77,84,-1,84,77,65,-1,63,48,65,-1,65,48,46,-1,98,96,65,-1,65,96,94,-1,65,94,84,-1,46,102,65,-1,65,102,100,-1,65,100,98,-1,104,105,106,-1,106,105,107,-1,106,107,108,-1,108,107,109,-1,108,109,110,-1,110,109,111,-1,110,111,112,-1,112,111,113,-1,112,113,114,-1,114,113,115,-1,114,115,116,-1,116,115,117,-1,116,117,93,-1,93,117,78,-1,93,78,86,-1,86,78,77,-1,0,2,118,-1,118,2,119,-1,1,0,120,-1,120,0,118,-1,3,1,121,-1,121,1,120,-1,3,121,5,-1,5,121,122,-1,20,5,123,-1,123,5,122,-1,124,125,126,-1,126,125,127,-1,126,127,16,-1,16,127,128,-1,16,128,14,-1,20,123,18,-1,18,123,129,-1,18,129,130,-1,130,129,131,-1,130,131,124,-1,124,131,132,-1,124,132,125,-1,12,14,133,-1,133,14,128,-1,12,133,10,-1,10,133,134,-1,10,134,8,-1,8,134,90,-1,87,76,88,-1,88,76,83,-1,88,83,135,-1,135,83,136,-1,135,136,137,-1,137,136,138,-1,137,138,139,-1,139,138,140,-1,139,140,141,-1,141,140,142,-1,141,142,143,-1,143,142,144,-1,143,144,145,-1,145,144,146,-1,145,146,147,-1,147,146,148,-1,9,81,149,-1,9,149,11,-1,11,149,150,-1,11,150,13,-1,15,13,151,-1,151,13,150,-1,15,151,17,-1,17,151,152,-1,17,152,19,-1,19,152,153,-1,19,153,21,-1,21,153,154,-1,22,21,155,-1,155,21,154,-1,22,155,156,-1,22,156,4,-1,4,156,119,-1,4,119,2,-1,121,120,118,-1,118,119,121,-1,121,119,156,-1,121,156,122,-1,122,156,155,-1,122,155,123,-1,123,155,154,-1,123,154,129,-1,129,154,153,-1,129,153,127,-1,127,153,152,-1,127,152,128,-1,128,152,151,-1,128,151,133,-1,133,151,150,-1,133,150,134,-1,134,150,149,-1,134,149,90,-1,90,149,81,-1,90,81,91,-1,91,81,80,-1,157,158,159,-1,159,158,160,-1,159,160,161,-1,161,160,162,-1,161,162,163,-1,163,162,164,-1,163,164,165,-1,165,164,166,-1,165,166,127,-1,127,166,167,-1,127,167,129,-1,129,167,168,-1,129,168,169,-1,169,168,170,-1,169,170,171,-1,172,173,174,-1,174,173,175,-1,174,175,176,-1,176,175,171,-1,176,171,177,-1,177,171,170,-1,172,174,178,-1,178,174,179,-1,173,172,180,-1,180,172,178,-1,175,173,181,-1,181,173,180,-1,175,181,171,-1,171,181,182,-1,169,171,183,-1,183,171,182,-1,169,183,129,-1,129,183,184,-1,129,184,131,-1,131,184,132,-1,132,184,185,-1,132,185,125,-1,125,185,127,-1,127,185,186,-1,127,186,165,-1,163,165,187,-1,187,165,186,-1,163,187,161,-1,161,187,188,-1,161,188,159,-1,159,188,189,-1,159,189,157,-1,157,189,104,-1,157,104,190,-1,190,104,106,-1,191,107,158,-1,158,107,105,-1,158,105,160,-1,160,105,192,-1,160,192,193,-1,160,193,162,-1,162,193,194,-1,162,194,164,-1,166,164,195,-1,195,164,194,-1,166,195,167,-1,167,195,196,-1,167,196,168,-1,168,196,197,-1,168,197,170,-1,170,197,198,-1,177,170,199,-1,199,170,198,-1,177,199,200,-1,177,200,176,-1,176,200,179,-1,176,179,174,-1,181,180,178,-1,178,179,181,-1,181,179,200,-1,181,200,182,-1,182,200,199,-1,182,199,183,-1,183,199,198,-1,183,198,184,-1,184,198,197,-1,184,197,185,-1,185,197,196,-1,185,196,186,-1,186,196,195,-1,186,195,187,-1,187,195,194,-1,187,194,188,-1,188,194,193,-1,188,193,189,-1,189,193,192,-1,189,192,104,-1,104,192,105,-1,201,202,25,-1,25,202,43,-1,203,201,24,-1,24,201,25,-1,204,203,23,-1,23,203,24,-1,204,23,205,-1,205,23,41,-1,206,205,39,-1,39,205,41,-1,35,207,16,-1,16,207,208,-1,16,208,126,-1,126,208,124,-1,124,208,130,-1,130,208,209,-1,130,209,18,-1,18,209,206,-1,18,206,39,-1,210,207,33,-1,33,207,35,-1,210,33,211,-1,211,33,31,-1,211,31,212,-1,212,31,29,-1,213,145,27,-1,27,145,147,-1,27,147,29,-1,29,147,212,-1,28,214,26,-1,26,214,148,-1,26,148,215,-1,215,148,146,-1,214,28,30,-1,214,30,216,-1,216,30,32,-1,216,32,217,-1,218,217,34,-1,34,217,32,-1,218,34,219,-1,219,34,36,-1,219,36,220,-1,220,36,37,-1,220,37,221,-1,221,37,38,-1,222,221,40,-1,40,221,38,-1,222,40,42,-1,222,42,223,-1,223,42,43,-1,223,43,202,-1,201,203,202,-1,202,203,204,-1,202,204,223,-1,223,204,205,-1,147,148,212,-1,212,148,214,-1,212,214,211,-1,211,214,216,-1,211,216,210,-1,210,216,217,-1,210,217,207,-1,207,217,218,-1,207,218,208,-1,208,218,219,-1,208,219,209,-1,209,219,220,-1,209,220,206,-1,206,220,221,-1,206,221,205,-1,205,221,222,-1,205,222,223,-1,79,78,117,-1,79,117,224,-1,224,117,115,-1,224,115,225,-1,225,115,113,-1,225,113,226,-1,226,113,111,-1,226,111,227,-1,227,111,109,-1,227,109,228,-1,228,109,107,-1,228,107,191,-1,190,106,229,-1,229,106,108,-1,229,108,230,-1,230,108,110,-1,230,110,231,-1,231,110,112,-1,231,112,232,-1,232,112,114,-1,232,114,233,-1,233,114,116,-1,233,116,92,-1,92,116,93,-1,91,80,92,-1,92,80,79,-1,92,79,233,-1,233,79,224,-1,233,224,232,-1,232,224,225,-1,232,225,231,-1,231,225,226,-1,231,226,230,-1,230,226,227,-1,230,227,229,-1,229,227,228,-1,229,228,190,-1,190,228,191,-1,190,191,157,-1,157,191,158,-1,215,146,144,-1,215,144,234,-1,234,144,142,-1,234,142,235,-1,235,142,140,-1,235,140,236,-1,236,140,138,-1,236,138,237,-1,237,138,136,-1,237,136,238,-1,238,136,83,-1,238,83,82,-1,89,88,239,-1,239,88,135,-1,239,135,240,-1,240,135,137,-1,240,137,241,-1,241,137,139,-1,241,139,242,-1,242,139,141,-1,242,141,243,-1,243,141,143,-1,243,143,213,-1,213,143,145,-1,27,26,213,-1,213,26,215,-1,213,215,243,-1,243,215,234,-1,243,234,242,-1,242,234,235,-1,242,235,241,-1,241,235,236,-1,241,236,240,-1,240,236,237,-1,240,237,239,-1,239,237,238,-1,239,238,89,-1,89,238,82,-1,89,82,6,-1,6,82,7,-1,48,63,62,-1,48,62,51,-1,51,62,75,-1,51,75,57,-1,57,75,74,-1,57,74,58,-1,58,74,73,-1,58,73,59,-1,59,73,64,-1,59,64,52,-1,52,64,60,-1,52,60,53,-1,67,44,56,-1,67,56,72,-1,72,56,55,-1,72,55,69,-1,69,55,54,-1,69,54,70,-1,70,54,50,-1,70,50,71,-1,71,50,49,-1,71,49,68,-1,68,49,47,-1,68,47,61,-1,244,245,246,-1,246,247,244,-1,244,247,248,-1,244,248,249,-1,249,248,250,-1,249,250,251,-1,251,250,252,-1,251,252,253,-1,253,252,254,-1,253,254,255,-1,255,254,256,-1,255,256,257,-1,257,256,258,-1,257,258,259,-1,259,258,260,-1,259,260,261,-1,261,260,262,-1,261,262,263,-1,263,262,264,-1,263,264,265,-1,265,264,266,-1,267,268,269,-1,269,268,270,-1,269,270,271,-1,271,270,272,-1,273,274,275,-1,275,274,276,-1,275,276,277,-1,277,276,278,-1,277,278,279,-1,279,278,280,-1,279,280,281,-1,281,280,282,-1,281,282,255,-1,255,282,283,-1,255,283,253,-1,253,283,284,-1,253,284,285,-1,285,284,286,-1,285,286,272,-1,272,286,287,-1,272,287,271,-1,288,289,290,-1,291,292,293,-1,293,292,294,-1,290,292,288,-1,288,292,295,-1,288,295,296,-1,291,297,292,-1,292,297,298,-1,292,298,295,-1,296,299,288,-1,288,299,300,-1,288,300,301,-1,301,300,302,-1,301,302,303,-1,304,305,295,-1,295,305,296,-1,306,307,308,-1,309,310,308,-1,308,310,311,-1,311,305,308,-1,308,305,304,-1,308,304,312,-1,312,313,308,-1,308,313,314,-1,308,314,306,-1,315,316,317,-1,317,316,318,-1,317,318,311,-1,311,318,319,-1,311,319,305,-1,310,309,320,-1,320,309,321,-1,322,323,321,-1,321,323,266,-1,264,324,266,-1,266,324,325,-1,266,325,321,-1,321,325,326,-1,321,326,320,-1,320,326,327,-1,328,329,330,-1,330,329,331,-1,332,333,331,-1,331,333,334,-1,335,263,334,-1,334,263,265,-1,334,265,331,-1,331,265,336,-1,331,336,330,-1,330,336,337,-1,290,289,338,-1,290,338,339,-1,339,338,340,-1,339,340,341,-1,341,340,342,-1,341,342,343,-1,343,342,344,-1,343,344,345,-1,345,344,346,-1,345,346,347,-1,347,346,329,-1,347,329,328,-1,330,321,328,-1,328,321,309,-1,308,292,309,-1,309,292,290,-1,343,345,309,-1,309,345,347,-1,309,347,328,-1,290,339,309,-1,309,339,341,-1,309,341,343,-1,310,342,340,-1,320,331,310,-1,310,331,329,-1,288,311,289,-1,289,311,310,-1,289,310,338,-1,338,310,340,-1,329,346,310,-1,310,346,344,-1,310,344,342,-1,348,349,350,-1,350,349,351,-1,350,351,352,-1,352,351,353,-1,352,353,354,-1,354,353,355,-1,354,355,356,-1,331,320,332,-1,332,320,327,-1,332,327,357,-1,357,327,358,-1,357,358,359,-1,359,358,360,-1,359,360,361,-1,361,360,356,-1,361,356,362,-1,362,356,355,-1,247,246,363,-1,363,246,364,-1,246,245,364,-1,364,245,365,-1,245,244,365,-1,365,244,366,-1,249,367,244,-1,244,367,366,-1,249,251,367,-1,367,251,368,-1,369,370,253,-1,253,370,368,-1,253,368,251,-1,257,371,255,-1,255,371,372,-1,255,372,373,-1,373,372,374,-1,373,374,375,-1,375,374,376,-1,375,376,369,-1,369,376,377,-1,369,377,370,-1,257,259,371,-1,371,259,378,-1,263,335,261,-1,261,335,379,-1,261,379,259,-1,259,379,378,-1,380,381,382,-1,382,381,383,-1,382,383,384,-1,384,383,385,-1,384,385,386,-1,386,385,387,-1,386,387,388,-1,388,387,389,-1,388,389,390,-1,390,389,391,-1,390,391,392,-1,392,391,393,-1,392,393,337,-1,337,393,322,-1,337,322,330,-1,330,322,321,-1,260,394,395,-1,260,395,262,-1,262,395,324,-1,262,324,264,-1,260,258,394,-1,394,258,396,-1,252,397,254,-1,254,397,398,-1,254,398,256,-1,256,398,399,-1,256,399,258,-1,258,399,396,-1,252,250,397,-1,397,250,400,-1,247,363,401,-1,247,401,248,-1,248,401,400,-1,248,400,250,-1,364,365,363,-1,363,365,366,-1,363,366,401,-1,401,366,367,-1,334,325,335,-1,335,325,324,-1,335,324,379,-1,379,324,395,-1,379,395,378,-1,378,395,394,-1,378,394,371,-1,371,394,396,-1,371,396,372,-1,372,396,399,-1,372,399,370,-1,370,399,398,-1,370,398,368,-1,368,398,397,-1,368,397,367,-1,367,397,400,-1,367,400,401,-1,402,403,404,-1,404,405,402,-1,402,405,406,-1,402,406,407,-1,407,406,408,-1,407,408,409,-1,409,408,410,-1,409,410,370,-1,370,410,411,-1,370,411,372,-1,372,411,412,-1,372,412,413,-1,413,412,414,-1,413,414,415,-1,415,414,416,-1,415,416,417,-1,417,416,418,-1,417,418,419,-1,419,418,420,-1,419,420,421,-1,421,420,422,-1,405,404,423,-1,423,404,424,-1,404,403,424,-1,424,403,425,-1,403,402,425,-1,425,402,426,-1,407,427,402,-1,402,427,426,-1,407,409,427,-1,427,409,428,-1,413,429,372,-1,372,429,430,-1,372,430,374,-1,374,430,376,-1,376,430,377,-1,377,430,431,-1,377,431,370,-1,370,431,428,-1,370,428,409,-1,413,415,429,-1,429,415,432,-1,419,433,417,-1,417,433,434,-1,417,434,415,-1,415,434,432,-1,435,351,421,-1,421,351,349,-1,421,349,419,-1,419,349,433,-1,420,436,422,-1,422,436,348,-1,422,348,437,-1,437,348,350,-1,416,438,439,-1,416,439,418,-1,418,439,436,-1,418,436,420,-1,416,414,438,-1,438,414,440,-1,410,441,411,-1,411,441,442,-1,411,442,412,-1,412,442,443,-1,412,443,414,-1,414,443,440,-1,410,408,441,-1,441,408,444,-1,405,423,445,-1,405,445,406,-1,406,445,444,-1,406,444,408,-1,424,425,423,-1,423,425,426,-1,423,426,445,-1,445,426,427,-1,349,348,433,-1,433,348,436,-1,433,436,434,-1,434,436,439,-1,434,439,432,-1,432,439,438,-1,432,438,429,-1,429,438,440,-1,429,440,430,-1,430,440,443,-1,430,443,431,-1,431,443,442,-1,431,442,428,-1,428,442,441,-1,428,441,427,-1,427,441,444,-1,427,444,445,-1,446,447,269,-1,269,447,267,-1,447,448,267,-1,267,448,268,-1,448,449,268,-1,268,449,270,-1,450,272,449,-1,449,272,270,-1,450,451,272,-1,272,451,285,-1,285,451,253,-1,253,451,452,-1,253,452,369,-1,369,452,375,-1,375,452,453,-1,375,453,373,-1,373,453,255,-1,255,453,454,-1,255,454,281,-1,454,455,281,-1,281,455,279,-1,456,275,457,-1,457,275,277,-1,457,277,455,-1,455,277,279,-1,275,456,273,-1,273,456,380,-1,273,380,458,-1,458,380,382,-1,459,383,274,-1,274,383,381,-1,274,381,276,-1,276,381,460,-1,461,280,278,-1,461,278,462,-1,462,278,276,-1,462,276,460,-1,461,463,280,-1,280,463,282,-1,464,286,465,-1,465,286,284,-1,465,284,466,-1,466,284,283,-1,466,283,463,-1,463,283,282,-1,464,467,286,-1,286,467,287,-1,446,269,271,-1,446,271,468,-1,468,271,287,-1,468,287,467,-1,449,448,447,-1,447,446,449,-1,449,446,468,-1,449,468,450,-1,450,468,467,-1,450,467,451,-1,451,467,464,-1,451,464,452,-1,452,464,465,-1,452,465,453,-1,453,465,466,-1,453,466,454,-1,454,466,463,-1,454,463,455,-1,455,463,461,-1,455,461,457,-1,457,461,462,-1,457,462,456,-1,456,462,460,-1,456,460,380,-1,380,460,381,-1,437,350,352,-1,437,352,469,-1,469,352,354,-1,469,354,470,-1,470,354,356,-1,470,356,471,-1,471,356,360,-1,471,360,472,-1,472,360,358,-1,472,358,473,-1,473,358,327,-1,473,327,326,-1,333,332,474,-1,474,332,357,-1,474,357,475,-1,475,357,359,-1,475,359,476,-1,476,359,361,-1,476,361,477,-1,477,361,362,-1,477,362,478,-1,478,362,355,-1,478,355,479,-1,479,355,353,-1,479,353,435,-1,435,353,351,-1,325,334,326,-1,326,334,333,-1,326,333,473,-1,473,333,474,-1,473,474,472,-1,472,474,475,-1,472,475,471,-1,421,422,435,-1,435,422,437,-1,435,437,479,-1,479,437,469,-1,479,469,478,-1,478,469,470,-1,478,470,477,-1,477,470,471,-1,477,471,476,-1,476,471,475,-1,323,322,393,-1,323,393,480,-1,480,393,391,-1,480,391,481,-1,481,391,389,-1,481,389,482,-1,482,389,387,-1,482,387,483,-1,483,387,385,-1,483,385,484,-1,484,385,383,-1,484,383,459,-1,458,382,485,-1,485,382,384,-1,485,384,486,-1,486,384,386,-1,486,386,487,-1,487,386,388,-1,487,388,488,-1,488,388,390,-1,488,390,489,-1,489,390,392,-1,489,392,336,-1,336,392,337,-1,265,266,336,-1,336,266,323,-1,336,323,489,-1,489,323,480,-1,489,480,488,-1,488,480,481,-1,488,481,487,-1,487,481,482,-1,487,482,486,-1,486,482,483,-1,486,483,485,-1,485,483,484,-1,485,484,458,-1,458,484,459,-1,458,459,273,-1,273,459,274,-1,296,305,319,-1,296,319,299,-1,299,319,318,-1,299,318,300,-1,300,318,316,-1,300,316,302,-1,302,316,315,-1,302,315,303,-1,303,315,317,-1,303,317,301,-1,301,317,311,-1,301,311,288,-1,304,295,298,-1,304,298,312,-1,312,298,297,-1,312,297,313,-1,313,297,291,-1,313,291,314,-1,314,291,293,-1,314,293,306,-1,306,293,294,-1,306,294,307,-1,307,294,292,-1,307,292,308,-1,490,491,492,-1,492,491,493,-1,492,493,494,-1,494,493,495,-1,496,497,498,-1,498,497,499,-1,498,499,500,-1,500,499,501,-1,500,501,502,-1,502,501,503,-1,502,503,504,-1,504,503,505,-1,504,505,506,-1,506,505,507,-1,506,507,508,-1,508,507,509,-1,508,509,510,-1,510,509,511,-1,510,511,495,-1,495,511,512,-1,495,512,494,-1,513,514,515,-1,516,517,518,-1,518,517,519,-1,518,519,520,-1,520,519,521,-1,520,521,522,-1,522,521,523,-1,522,523,524,-1,524,523,525,-1,524,525,526,-1,526,525,506,-1,526,506,527,-1,527,506,508,-1,527,508,528,-1,528,508,529,-1,528,529,530,-1,530,529,531,-1,530,531,532,-1,532,531,513,-1,532,513,533,-1,533,513,515,-1,534,535,536,-1,537,538,539,-1,539,538,536,-1,539,536,540,-1,540,536,535,-1,540,535,541,-1,536,542,534,-1,534,542,543,-1,534,543,544,-1,544,543,545,-1,539,546,537,-1,537,546,547,-1,537,547,548,-1,548,547,549,-1,550,551,538,-1,538,551,536,-1,552,553,554,-1,555,556,551,-1,551,556,557,-1,551,557,558,-1,559,560,561,-1,555,551,553,-1,553,551,550,-1,553,550,554,-1,558,557,561,-1,561,557,562,-1,561,562,559,-1,552,554,563,-1,563,554,564,-1,563,564,565,-1,556,555,566,-1,566,555,567,-1,568,569,567,-1,567,569,570,-1,571,499,570,-1,570,499,497,-1,570,497,567,-1,567,497,572,-1,567,572,566,-1,566,572,573,-1,574,575,576,-1,576,575,577,-1,578,579,577,-1,577,579,496,-1,498,580,496,-1,496,580,581,-1,496,581,577,-1,577,581,582,-1,577,582,576,-1,576,582,583,-1,575,574,584,-1,575,584,585,-1,585,584,586,-1,585,586,587,-1,587,586,588,-1,587,588,589,-1,589,588,590,-1,589,590,591,-1,591,590,592,-1,591,592,593,-1,593,592,540,-1,593,540,541,-1,535,557,541,-1,541,557,556,-1,566,577,556,-1,556,577,575,-1,589,591,556,-1,556,591,593,-1,556,593,541,-1,575,585,556,-1,556,585,587,-1,556,587,589,-1,576,567,574,-1,574,567,555,-1,553,539,555,-1,555,539,540,-1,588,586,555,-1,555,586,584,-1,555,584,574,-1,540,592,555,-1,555,592,590,-1,555,590,588,-1,567,576,568,-1,568,576,583,-1,568,583,594,-1,594,583,595,-1,594,595,596,-1,596,595,597,-1,596,597,598,-1,599,600,601,-1,601,600,602,-1,601,602,603,-1,603,602,604,-1,603,604,605,-1,605,604,606,-1,605,606,607,-1,607,606,598,-1,607,598,608,-1,608,598,597,-1,490,492,609,-1,609,492,610,-1,491,490,611,-1,611,490,609,-1,493,491,612,-1,612,491,611,-1,493,612,495,-1,495,612,613,-1,510,495,614,-1,614,495,613,-1,615,616,617,-1,617,616,618,-1,617,618,506,-1,506,618,619,-1,506,619,504,-1,510,614,508,-1,508,614,620,-1,508,620,621,-1,621,620,622,-1,621,622,615,-1,615,622,623,-1,615,623,616,-1,502,504,624,-1,624,504,619,-1,502,624,500,-1,500,624,625,-1,500,625,498,-1,498,625,580,-1,577,566,578,-1,578,566,573,-1,578,573,626,-1,626,573,627,-1,626,627,628,-1,628,627,629,-1,628,629,630,-1,630,629,631,-1,630,631,632,-1,632,631,633,-1,632,633,634,-1,634,633,635,-1,634,635,636,-1,636,635,637,-1,636,637,638,-1,638,637,639,-1,499,571,640,-1,499,640,501,-1,501,640,641,-1,501,641,503,-1,505,503,642,-1,642,503,641,-1,505,642,507,-1,507,642,643,-1,507,643,509,-1,509,643,644,-1,509,644,511,-1,511,644,645,-1,512,511,646,-1,646,511,645,-1,512,646,647,-1,512,647,494,-1,494,647,610,-1,494,610,492,-1,612,611,609,-1,609,610,612,-1,612,610,647,-1,612,647,613,-1,613,647,646,-1,613,646,614,-1,614,646,645,-1,614,645,620,-1,620,645,644,-1,620,644,618,-1,618,644,643,-1,618,643,619,-1,619,643,642,-1,619,642,624,-1,624,642,641,-1,624,641,625,-1,625,641,640,-1,625,640,580,-1,580,640,571,-1,580,571,581,-1,581,571,570,-1,648,649,650,-1,650,649,651,-1,650,651,652,-1,652,651,653,-1,654,655,656,-1,656,655,657,-1,656,657,658,-1,658,657,659,-1,658,659,660,-1,660,659,661,-1,660,661,662,-1,662,661,663,-1,662,663,618,-1,618,663,664,-1,618,664,620,-1,620,664,665,-1,620,665,666,-1,666,665,667,-1,666,667,653,-1,653,667,668,-1,653,668,652,-1,648,650,669,-1,669,650,670,-1,649,648,671,-1,671,648,669,-1,651,649,672,-1,672,649,671,-1,651,672,653,-1,653,672,673,-1,666,653,674,-1,674,653,673,-1,666,674,620,-1,620,674,675,-1,620,675,622,-1,622,675,623,-1,623,675,676,-1,623,676,616,-1,616,676,618,-1,618,676,677,-1,618,677,662,-1,660,662,678,-1,678,662,677,-1,660,678,658,-1,658,678,679,-1,658,679,656,-1,656,679,680,-1,656,680,654,-1,654,680,599,-1,654,599,681,-1,681,599,601,-1,682,602,655,-1,655,602,600,-1,655,600,657,-1,657,600,683,-1,657,683,684,-1,657,684,659,-1,659,684,685,-1,659,685,661,-1,663,661,686,-1,686,661,685,-1,663,686,664,-1,664,686,687,-1,664,687,665,-1,665,687,688,-1,665,688,667,-1,667,688,689,-1,668,667,690,-1,690,667,689,-1,668,690,691,-1,668,691,652,-1,652,691,670,-1,652,670,650,-1,672,671,669,-1,669,670,672,-1,672,670,691,-1,672,691,673,-1,673,691,690,-1,673,690,674,-1,674,690,689,-1,674,689,675,-1,675,689,688,-1,675,688,676,-1,676,688,687,-1,676,687,677,-1,677,687,686,-1,677,686,678,-1,678,686,685,-1,678,685,679,-1,679,685,684,-1,679,684,680,-1,680,684,683,-1,680,683,599,-1,599,683,600,-1,692,693,515,-1,515,693,533,-1,694,692,514,-1,514,692,515,-1,695,694,513,-1,513,694,514,-1,695,513,696,-1,696,513,531,-1,697,696,529,-1,529,696,531,-1,525,698,506,-1,506,698,699,-1,506,699,617,-1,617,699,615,-1,615,699,621,-1,621,699,700,-1,621,700,508,-1,508,700,697,-1,508,697,529,-1,701,698,523,-1,523,698,525,-1,701,523,702,-1,702,523,521,-1,702,521,703,-1,703,521,519,-1,704,636,517,-1,517,636,638,-1,517,638,519,-1,519,638,703,-1,518,705,516,-1,516,705,639,-1,516,639,706,-1,706,639,637,-1,705,518,520,-1,705,520,707,-1,707,520,522,-1,707,522,708,-1,709,708,524,-1,524,708,522,-1,709,524,710,-1,710,524,526,-1,710,526,711,-1,711,526,527,-1,711,527,712,-1,712,527,528,-1,713,712,530,-1,530,712,528,-1,713,530,532,-1,713,532,714,-1,714,532,533,-1,714,533,693,-1,692,694,693,-1,693,694,695,-1,693,695,714,-1,714,695,696,-1,638,639,703,-1,703,639,705,-1,703,705,702,-1,702,705,707,-1,702,707,701,-1,701,707,708,-1,701,708,698,-1,698,708,709,-1,698,709,699,-1,699,709,710,-1,699,710,700,-1,700,710,711,-1,700,711,697,-1,697,711,712,-1,697,712,696,-1,696,712,713,-1,696,713,714,-1,569,568,594,-1,569,594,715,-1,715,594,596,-1,715,596,716,-1,716,596,598,-1,716,598,717,-1,717,598,606,-1,717,606,718,-1,718,606,604,-1,718,604,719,-1,719,604,602,-1,719,602,682,-1,681,601,720,-1,720,601,603,-1,720,603,721,-1,721,603,605,-1,721,605,722,-1,722,605,607,-1,722,607,723,-1,723,607,608,-1,723,608,724,-1,724,608,597,-1,724,597,725,-1,725,597,595,-1,725,595,582,-1,582,595,583,-1,655,654,682,-1,682,654,681,-1,682,681,719,-1,719,681,720,-1,719,720,718,-1,718,720,721,-1,718,721,717,-1,581,570,582,-1,582,570,569,-1,582,569,725,-1,725,569,715,-1,725,715,724,-1,724,715,716,-1,724,716,723,-1,723,716,717,-1,723,717,722,-1,722,717,721,-1,706,637,635,-1,706,635,726,-1,726,635,633,-1,726,633,727,-1,727,633,631,-1,727,631,728,-1,728,631,629,-1,728,629,729,-1,729,629,627,-1,729,627,730,-1,730,627,573,-1,730,573,572,-1,579,578,731,-1,731,578,626,-1,731,626,732,-1,732,626,628,-1,732,628,733,-1,733,628,630,-1,733,630,734,-1,734,630,632,-1,734,632,735,-1,735,632,634,-1,735,634,704,-1,704,634,636,-1,517,516,704,-1,704,516,706,-1,704,706,735,-1,735,706,726,-1,735,726,734,-1,734,726,727,-1,734,727,733,-1,733,727,728,-1,733,728,732,-1,732,728,729,-1,732,729,731,-1,731,729,730,-1,731,730,579,-1,579,730,572,-1,579,572,496,-1,496,572,497,-1,539,553,552,-1,539,552,546,-1,546,552,563,-1,546,563,547,-1,547,563,565,-1,547,565,549,-1,549,565,564,-1,549,564,548,-1,548,564,554,-1,548,554,537,-1,537,554,550,-1,537,550,538,-1,557,535,534,-1,557,534,562,-1,562,534,544,-1,562,544,559,-1,559,544,545,-1,559,545,560,-1,560,545,543,-1,560,543,561,-1,561,543,542,-1,561,542,558,-1,558,542,536,-1,558,536,551,-1,736,737,738,-1,738,739,736,-1,736,739,740,-1,736,740,741,-1,741,740,742,-1,741,742,743,-1,743,742,744,-1,743,744,745,-1,745,744,746,-1,745,746,747,-1,747,746,748,-1,747,748,749,-1,749,748,750,-1,749,750,751,-1,751,750,752,-1,751,752,753,-1,753,752,754,-1,753,754,755,-1,755,754,756,-1,755,756,757,-1,757,756,758,-1,759,760,761,-1,761,760,762,-1,761,762,763,-1,763,762,764,-1,765,766,767,-1,767,766,768,-1,767,768,769,-1,769,768,770,-1,769,770,771,-1,771,770,772,-1,771,772,773,-1,773,772,774,-1,773,774,747,-1,747,774,775,-1,747,775,745,-1,745,775,776,-1,745,776,777,-1,777,776,778,-1,777,778,764,-1,764,778,779,-1,764,779,763,-1,780,781,782,-1,782,781,783,-1,780,784,781,-1,781,784,785,-1,781,785,786,-1,787,788,789,-1,789,788,781,-1,789,781,790,-1,790,781,786,-1,791,783,792,-1,792,783,793,-1,791,794,783,-1,783,794,795,-1,783,795,782,-1,796,797,781,-1,781,797,783,-1,798,799,796,-1,796,799,797,-1,800,801,802,-1,800,802,796,-1,796,802,803,-1,796,803,798,-1,804,805,799,-1,799,805,806,-1,799,806,797,-1,797,806,807,-1,797,807,808,-1,808,809,797,-1,797,809,810,-1,797,810,811,-1,805,804,812,-1,812,804,813,-1,814,815,813,-1,813,815,758,-1,756,816,758,-1,758,816,817,-1,758,817,813,-1,813,817,818,-1,813,818,812,-1,812,818,819,-1,820,821,822,-1,822,821,823,-1,824,825,823,-1,823,825,826,-1,827,755,826,-1,826,755,757,-1,826,757,823,-1,823,757,828,-1,823,828,822,-1,822,828,829,-1,784,780,830,-1,784,830,831,-1,831,830,832,-1,831,832,833,-1,833,832,834,-1,833,834,835,-1,835,834,836,-1,835,836,837,-1,837,836,838,-1,837,838,839,-1,839,838,821,-1,839,821,820,-1,822,813,820,-1,820,813,804,-1,799,785,804,-1,804,785,784,-1,835,837,804,-1,804,837,839,-1,804,839,820,-1,784,831,804,-1,804,831,833,-1,804,833,835,-1,805,834,832,-1,812,823,805,-1,805,823,821,-1,782,806,780,-1,780,806,805,-1,780,805,830,-1,830,805,832,-1,821,838,805,-1,805,838,836,-1,805,836,834,-1,840,841,842,-1,842,841,843,-1,842,843,844,-1,844,843,845,-1,844,845,846,-1,846,845,847,-1,846,847,848,-1,823,812,824,-1,824,812,819,-1,824,819,849,-1,849,819,850,-1,849,850,851,-1,851,850,852,-1,851,852,853,-1,853,852,848,-1,853,848,854,-1,854,848,847,-1,739,738,855,-1,855,738,856,-1,738,737,856,-1,856,737,857,-1,737,736,857,-1,857,736,858,-1,741,859,736,-1,736,859,858,-1,741,743,859,-1,859,743,860,-1,861,862,745,-1,745,862,860,-1,745,860,743,-1,749,863,747,-1,747,863,864,-1,747,864,865,-1,865,864,866,-1,865,866,867,-1,867,866,868,-1,867,868,861,-1,861,868,869,-1,861,869,862,-1,749,751,863,-1,863,751,870,-1,755,827,753,-1,753,827,871,-1,753,871,751,-1,751,871,870,-1,872,873,874,-1,874,873,875,-1,874,875,876,-1,876,875,877,-1,876,877,878,-1,878,877,879,-1,878,879,880,-1,880,879,881,-1,880,881,882,-1,882,881,883,-1,882,883,884,-1,884,883,885,-1,884,885,829,-1,829,885,814,-1,829,814,822,-1,822,814,813,-1,752,886,887,-1,752,887,754,-1,754,887,816,-1,754,816,756,-1,752,750,886,-1,886,750,888,-1,744,889,746,-1,746,889,890,-1,746,890,748,-1,748,890,891,-1,748,891,750,-1,750,891,888,-1,744,742,889,-1,889,742,892,-1,739,855,893,-1,739,893,740,-1,740,893,892,-1,740,892,742,-1,856,857,855,-1,855,857,858,-1,855,858,893,-1,893,858,859,-1,826,817,827,-1,827,817,816,-1,827,816,871,-1,871,816,887,-1,871,887,870,-1,870,887,886,-1,870,886,863,-1,863,886,888,-1,863,888,864,-1,864,888,891,-1,864,891,862,-1,862,891,890,-1,862,890,860,-1,860,890,889,-1,860,889,859,-1,859,889,892,-1,859,892,893,-1,894,895,896,-1,896,897,894,-1,894,897,898,-1,894,898,899,-1,899,898,900,-1,899,900,901,-1,901,900,902,-1,901,902,862,-1,862,902,903,-1,862,903,864,-1,864,903,904,-1,864,904,905,-1,905,904,906,-1,905,906,907,-1,907,906,908,-1,907,908,909,-1,909,908,910,-1,909,910,911,-1,911,910,912,-1,911,912,913,-1,913,912,914,-1,897,896,915,-1,915,896,916,-1,896,895,916,-1,916,895,917,-1,895,894,917,-1,917,894,918,-1,899,919,894,-1,894,919,918,-1,899,901,919,-1,919,901,920,-1,905,921,864,-1,864,921,922,-1,864,922,866,-1,866,922,868,-1,868,922,869,-1,869,922,923,-1,869,923,862,-1,862,923,920,-1,862,920,901,-1,905,907,921,-1,921,907,924,-1,911,925,909,-1,909,925,926,-1,909,926,907,-1,907,926,924,-1,927,843,913,-1,913,843,841,-1,913,841,911,-1,911,841,925,-1,912,928,914,-1,914,928,840,-1,914,840,929,-1,929,840,842,-1,908,930,931,-1,908,931,910,-1,910,931,928,-1,910,928,912,-1,908,906,930,-1,930,906,932,-1,902,933,903,-1,903,933,934,-1,903,934,904,-1,904,934,935,-1,904,935,906,-1,906,935,932,-1,902,900,933,-1,933,900,936,-1,897,915,937,-1,897,937,898,-1,898,937,936,-1,898,936,900,-1,916,917,915,-1,915,917,918,-1,915,918,937,-1,937,918,919,-1,841,840,925,-1,925,840,928,-1,925,928,926,-1,926,928,931,-1,926,931,924,-1,924,931,930,-1,924,930,921,-1,921,930,932,-1,921,932,922,-1,922,932,935,-1,922,935,923,-1,923,935,934,-1,923,934,920,-1,920,934,933,-1,920,933,919,-1,919,933,936,-1,919,936,937,-1,938,939,761,-1,761,939,759,-1,939,940,759,-1,759,940,760,-1,940,941,760,-1,760,941,762,-1,942,764,941,-1,941,764,762,-1,942,943,764,-1,764,943,777,-1,777,943,745,-1,745,943,944,-1,745,944,861,-1,861,944,867,-1,867,944,945,-1,867,945,865,-1,865,945,747,-1,747,945,946,-1,747,946,773,-1,946,947,773,-1,773,947,771,-1,948,767,949,-1,949,767,769,-1,949,769,947,-1,947,769,771,-1,767,948,765,-1,765,948,872,-1,765,872,950,-1,950,872,874,-1,951,875,766,-1,766,875,873,-1,766,873,768,-1,768,873,952,-1,953,772,770,-1,953,770,954,-1,954,770,768,-1,954,768,952,-1,953,955,772,-1,772,955,774,-1,956,778,957,-1,957,778,776,-1,957,776,958,-1,958,776,775,-1,958,775,955,-1,955,775,774,-1,956,959,778,-1,778,959,779,-1,938,761,763,-1,938,763,960,-1,960,763,779,-1,960,779,959,-1,941,940,939,-1,873,872,952,-1,952,872,948,-1,952,948,954,-1,954,948,949,-1,954,949,953,-1,953,949,947,-1,953,947,955,-1,955,947,946,-1,955,946,958,-1,958,946,945,-1,958,945,957,-1,957,945,944,-1,957,944,956,-1,956,944,943,-1,956,943,959,-1,959,943,942,-1,959,942,960,-1,960,942,941,-1,960,941,938,-1,938,941,939,-1,929,842,844,-1,929,844,961,-1,961,844,846,-1,961,846,962,-1,962,846,848,-1,962,848,963,-1,963,848,852,-1,963,852,964,-1,964,852,850,-1,964,850,965,-1,965,850,819,-1,965,819,818,-1,825,824,966,-1,966,824,849,-1,966,849,967,-1,967,849,851,-1,967,851,968,-1,968,851,853,-1,968,853,969,-1,969,853,854,-1,969,854,970,-1,970,854,847,-1,970,847,971,-1,971,847,845,-1,971,845,927,-1,927,845,843,-1,817,826,818,-1,818,826,825,-1,818,825,965,-1,965,825,966,-1,965,966,964,-1,964,966,967,-1,964,967,963,-1,913,914,927,-1,927,914,929,-1,927,929,971,-1,971,929,961,-1,971,961,970,-1,970,961,962,-1,970,962,969,-1,969,962,963,-1,969,963,968,-1,968,963,967,-1,815,814,885,-1,815,885,972,-1,972,885,883,-1,972,883,973,-1,973,883,881,-1,973,881,974,-1,974,881,879,-1,974,879,975,-1,975,879,877,-1,975,877,976,-1,976,877,875,-1,976,875,951,-1,950,874,977,-1,977,874,876,-1,977,876,978,-1,978,876,878,-1,978,878,979,-1,979,878,880,-1,979,880,980,-1,980,880,882,-1,980,882,981,-1,981,882,884,-1,981,884,828,-1,828,884,829,-1,757,758,828,-1,828,758,815,-1,828,815,981,-1,981,815,972,-1,981,972,980,-1,980,972,973,-1,980,973,979,-1,979,973,974,-1,979,974,978,-1,978,974,975,-1,978,975,977,-1,977,975,976,-1,977,976,950,-1,950,976,951,-1,950,951,765,-1,765,951,766,-1,783,797,811,-1,783,811,793,-1,793,811,810,-1,793,810,792,-1,792,810,809,-1,792,809,791,-1,791,809,808,-1,791,808,794,-1,794,808,807,-1,794,807,795,-1,795,807,806,-1,795,806,782,-1,796,781,788,-1,796,788,800,-1,800,788,787,-1,800,787,801,-1,801,787,789,-1,801,789,802,-1,802,789,790,-1,802,790,803,-1,803,790,786,-1,803,786,798,-1,798,786,785,-1,798,785,799,-1,
        ]
    }
}