#VRML V2.0 utf8
# 3D model generated by easyeda2kicad.py (https://github.com/uPesy/easyeda2kicad.py)

Shape{
    appearance Appearance {
        material  Material 	{
            diffuseColor 0.25098039215686274 0.25098039215686274 0.25098039215686274
            specularColor 0.12549019607843137 0.12549019607843137 0.12549019607843137
            ambientIntensity 0.2
            transparency 0
            shininess 0.5
        }
    }
    geometry IndexedFaceSet {
        ccw TRUE
        solid FALSE
        coord DEF co Coordinate {
            point [
                3.5 -0.0937 0.8624, 3.5 -0.0937 0.7678, 3.5 -0.0511 0.7678, 3.5 -0.0404 0.7786, 3.5 -0.042 0.7828, 3.5 -0.042 0.7547, 3.5 0.2557 0.0787, 3.5 0.3557 0.0787, 3.5 0.3557 0.5431, 3.5 0.6407 0.0787, 3.5 0.6407 0.5431, 3.5 0.0742 0.5857, 3.5 0.0711 0.5854, 3.5 0.0971 0.5854, 3.5 0.1882 0.693, 3.5 0.222 0.693, 3.5 0.222 0.7234, 3.5 -0.2437 0.7792, 3.5 -0.2232 0.7618, 3.5 -0.1512 0.8633, 3.5 -0.1512 0.7547, 3.5 -0.3449 0.8743, 3.5 -0.3285 0.8633, 3.5 -0.311 0.8516, 3.5 -0.2858 0.8224, 3.5 -0.27 0.7916, 3.5 -0.2663 0.7904, 3.5 -0.4868 0.8729, 3.5 -0.4518 0.8864, 3.5 -0.8268 0.9843, 3.5 -0.4142 0.891, 3.5 -0.1512 0.9843, 3.5 -0.383 0.8878, 3.5 -0.5023 0.8633, 3.5 -0.8268 0.8633, 3.5 -0.5053 0.8614, 3.5 -0.8268 0.7547, 3.5 -0.6684 0.7547, 3.5 -0.6617 0.7697, 3.5 -0.6435 0.7931, 3.5 -0.5861 0.8259, 3.5 -0.5562 0.8296, 3.5 -0.5232 0.8462, 3.5 -0.5475 0.8291, 3.5 -0.5387 0.828, 3.5 -0.6384 0.798, 3.5 -0.6142 0.8149, 3.5 -0.6236 0.6037, 3.5 -0.6473 0.6239, 3.5 -0.8268 0.5854, 3.5 -0.5962 0.5903, 3.5 -0.6646 0.6486, 3.5 -0.6755 0.6768, 3.5 -0.8268 0.7234, 3.5 -0.6792 0.7066, 3.5 -0.6789 0.7139, 3.5 -0.6772 0.7234, 3.5 -0.6738 0.7424, 3.5 -0.5865 0.5874, 3.5 -0.5856 0.5854, 3.5 -0.5789 0.5711, 3.5 -0.8268 0.5431, 3.5 -0.5676 0.5572, 3.5 -0.5528 0.546, 3.5 -0.8268 0.0, 3.5 -0.7874 0.0787, 3.5 -0.7874 0.0, 3.5 -0.1512 0.5431, 3.5 -0.483 0.5431, 3.5 -0.1512 0.0787, 3.5 -0.496 0.5381, 3.5 -0.5144 0.5358, 3.5 -0.5173 0.5359, 3.5 -0.5352 0.5387, 3.5 -0.5458 0.5431, 3.5 -0.1512 0.5854, 3.5 -0.4433 0.5854, 3.5 -0.4434 0.585, 3.5 -0.4524 0.5681, 3.5 -0.464 0.5551, 3.5 -0.4791 0.5446, 3.5 -0.1984 0.717, 3.5 -0.1949 0.6922, 3.5 -0.1512 0.7234, 3.5 -0.3464 0.6302, 3.5 -0.3412 0.6322, 3.5 -0.3323 0.6755, 3.5 -0.223 0.6201, 3.5 -0.2436 0.6026, 3.5 -0.4575 0.6626, 3.5 -0.3558 0.7157, 3.5 -0.4708 0.6747, 3.5 -0.4869 0.6833, 3.5 -0.3511 0.6269, 3.5 -0.2079 0.6411, 3.5 -0.2423 0.6982, 3.5 -0.2459 0.7127, 3.5 -0.2517 0.7234, 3.5 -0.6294 0.7234, 3.5 -0.1984 0.6651, 3.5 -0.3353 0.633, 3.5 -0.3346 0.6329, 3.5 -0.3323 0.6324, 3.5 -0.6249 0.6777, 3.5 -0.616 0.6625, 3.5 -0.5774 0.6546, 3.5 -0.6024 0.6485, 3.5 -0.5858 0.6383, 3.5 -0.5494 0.6797, 3.5 -0.5649 0.6689, 3.5 -0.6313 0.7081, 3.5 -0.6304 0.6963, 3.5 -0.5326 0.6861, 3.5 -0.5144 0.6884, 3.5 -0.5052 0.6878, 3.5 -0.3588 0.6094, 3.5 -0.3586 0.6124, 3.5 -0.4385 0.6193, 3.5 -0.3571 0.6182, 3.5 -0.3542 0.6234, 3.5 -0.2574 0.6513, 3.5 -0.249 0.6631, 3.5 -0.2438 0.6766, 3.5 -0.2419 0.6914, 3.5 -0.3411 0.5866, 3.5 -0.3461 0.5886, 3.5 -0.351 0.5921, 3.5 -0.3528 0.5939, 3.5 -0.3561 0.5986, 3.5 -0.3581 0.6038, 3.5 -0.439 0.6037, 3.5 -0.4385 0.6117, 3.5 -0.2668 0.5913, 3.5 -0.292 0.5859, 3.5 -0.3368 0.5859, 3.5 -0.3307 0.6322, 3.5 -0.2966 0.6322, 3.5 -0.2829 0.6348, 3.5 -0.2695 0.6411, 3.5 -0.2583 0.6503, 3.5 -0.3072 0.7506, 3.5 -0.6225 0.7435, 3.5 -0.6291 0.7265, 3.5 -0.3011 0.7506, 3.5 -0.253 0.7258, 3.5 -0.2617 0.7355, 3.5 -0.2734 0.7437, 3.5 -0.2867 0.7488, 3.5 -0.3236 0.7963, 3.5 -0.3408 0.8168, 3.5 -0.5152 0.7726, 3.5 -0.3426 0.8184, 3.5 -0.3639 0.8332, 3.5 -0.5036 0.7967, 3.5 -0.6147 0.7547, 3.5 -0.5205 0.7755, 3.5 -0.3081 0.7547, 3.5 -0.3119 0.7719, 3.5 -0.5375 0.7818, 3.5 -0.5554 0.784, 3.5 -0.5634 0.7836, 3.5 -0.4866 0.817, 3.5 -0.3877 0.8423, 3.5 -0.4662 0.8318, 3.5 -0.4135 0.8455, 3.5 -0.4415 0.8419, 3.5 -0.5822 0.7791, 3.5 -0.5991 0.7701, 3.5 -0.612 0.7586, 3.5 -0.2181 0.7547, 3.5 -0.2077 0.7402, 3.5 -0.2009 0.7234, 3.5 0.2456 0.5985, 3.5 0.2456 0.5863, 3.5 0.2557 0.5854, 3.5 0.2557 0.7234, 3.5 0.2432 0.693, 3.5 0.2432 0.6808, 3.5 0.202 0.6344, 3.5 0.202 0.5985, 3.5 0.222 0.6344, 3.5 0.222 0.5985, 3.5 0.2402 0.6344, 3.5 0.2402 0.6466, 3.5 0.202 0.6808, 3.5 0.202 0.6466, 3.5 0.222 0.6808, 3.5 0.222 0.6466, 3.5 0.222 0.5854, 3.5 0.222 0.5863, 3.5 0.1882 0.5863, 3.5 0.1355 0.6052, 3.5 0.1371 0.5989, 3.5 0.1375 0.5989, 3.5 0.1738 0.6625, 3.5 0.122 0.7234, 3.5 0.1599 0.6625, 3.5 0.122 0.644, 3.5 0.1391 0.6051, 3.5 0.1381 0.6016, 3.5 0.0422 0.642, 3.5 0.0428 0.6467, 3.5 0.0286 0.7234, 3.5 0.0443 0.6327, 3.5 0.0428 0.6368, 3.5 0.0422 0.6028, 3.5 0.0483 0.5993, 3.5 0.0483 0.6275, 3.5 0.0465 0.6, 3.5 0.0482 0.6276, 3.5 0.046 0.6299, 3.5 0.0543 0.5854, 3.5 0.0514 0.5857, 3.5 0.0483 0.5854, 3.5 0.0483 0.5868, 3.5 0.0286 0.5854, 3.5 0.0422 0.589, 3.5 0.0628 0.5845, 3.5 0.0483 0.5431, 3.5 0.0971 0.5431, 3.5 0.09 0.6609, 3.5 0.09 0.6479, 3.5 0.0508 0.6582, 3.5 0.0542 0.6603, 3.5 0.0483 0.7234, 3.5 0.0444 0.651, 3.5 0.0468 0.6547, 3.5 0.0483 0.656, 3.5 0.093 0.6016, 3.5 0.0914 0.5974, 3.5 0.0889 0.5939, 3.5 0.0614 0.663, 3.5 0.0719 0.6643, 3.5 0.0971 0.7234, 3.5 0.0802 0.6636, 3.5 0.0892 0.6196, 3.5 0.0917 0.6159, 3.5 0.0931 0.612, 3.5 0.0937 0.607, 3.5 0.0851 0.5905, 3.5 0.0814 0.5883, 3.5 0.0706 0.6534, 3.5 0.0667 0.6531, 3.5 0.056 0.6432, 3.5 0.0631 0.6522, 3.5 0.0601 0.6506, 3.5 0.0561 0.6414, 3.5 0.0567 0.6393, 3.5 0.0576 0.6375, 3.5 0.0589 0.6361, 3.5 0.0637 0.6331, 3.5 0.0803 0.6522, 3.5 0.0719 0.6295, 3.5 0.0878 0.6492, 3.5 0.0771 0.6274, 3.5 0.086 0.6225, 3.5 0.0581 0.6488, 3.5 0.0569 0.6471, 3.5 0.0563 0.6453, 3.5 0.0549 0.5966, 3.5 0.0625 0.6198, 3.5 0.0545 0.6234, 3.5 0.0642 0.5954, 3.5 0.0647 0.5954, 3.5 0.0713 0.6161, 3.5 0.0716 0.5962, 3.5 0.0799 0.6057, 3.5 0.0798 0.6074, 3.5 0.0751 0.5974, 3.5 0.0763 0.5982, 3.5 0.0778 0.5995, 3.5 0.079 0.6013, 3.5 0.0797 0.6032, 3.5 0.0792 0.6095, 3.5 0.0782 0.6112, 3.5 0.0765 0.613, 3.5 0.3557 0.7547, 3.5 0.321 0.7556, 3.5 0.3058 0.7556, 3.5 0.2949 0.7848, 3.5 0.2557 0.7848, 3.5 0.2557 0.7547, 3.5 0.2803 0.8624, 3.5 0.3557 0.8633, 3.5 0.2557 0.8633, 3.5 0.2504 0.7848, 3.5 0.2402 0.7556, 3.5 0.222 0.7547, 3.5 0.225 0.7556, 3.5 0.222 0.8633, 3.5 0.2557 0.8364, 3.5 0.2656 0.8624, 3.5 0.122 0.8633, 3.5 0.0971 0.8633, 3.5 0.1095 0.8624, 3.5 0.0971 0.8624, 3.5 0.0683 0.8037, 3.5 0.0683 0.7678, 3.5 0.0971 0.8037, 3.5 0.0971 0.7678, 3.5 0.1065 0.8037, 3.5 0.1119 0.7678, 3.5 0.1065 0.816, 3.5 0.1095 0.8501, 3.5 0.0971 0.816, 3.5 0.0971 0.8501, 3.5 0.0683 0.816, 3.5 0.0683 0.8501, 3.5 0.0545 0.7556, 3.5 0.0483 0.7547, 3.5 0.0971 0.7547, 3.5 0.122 0.7547, 3.5 0.1119 0.7556, 3.5 0.0971 0.7556, 3.5 0.0545 0.8624, 3.5 0.0483 0.8633, 3.5 0.7874 0.0, 3.5 0.8268 0.0, 3.5 0.7874 0.0787, 3.5 0.8268 0.5431, 3.5 0.2557 0.5431, 3.5 0.222 0.0787, 3.5 0.222 0.5431, 3.5 0.122 0.0787, 3.5 0.122 0.5431, 3.5 0.0971 0.0787, 3.5 0.0483 0.0787, 3.5 0.0286 0.0787, 3.5 0.0286 0.5431, 3.5 0.0332 0.8454, 3.5 0.0332 0.7733, 3.5 0.0308 0.8467, 3.5 0.0286 0.7712, 3.5 0.0286 0.8474, 3.5 0.0198 0.8505, 3.5 0.0116 0.7664, 3.5 0.0235 0.7688, 3.5 -0.0323 0.8067, 3.5 -0.0323 0.8078, 3.5 0.008 0.8518, 3.5 0.0042 0.8516, 3.5 -0.0052 0.8499, 3.5 -0.0229 0.8378, 3.5 -0.0278 0.8301, 3.5 -0.0311 0.8204, 3.5 -0.0306 0.7936, 3.5 -0.0272 0.785, 3.5 -0.0218 0.7774, 3.5 -0.0125 0.7702, 3.5 -0.0049 0.7674, 3.5 0.0056 0.7661, 3.5 -0.0136 0.8461, 3.5 -0.0211 0.8399, 3.5 -0.0196 0.7751, 3.5 0.0186 0.8633, 3.5 0.0231 0.8629, 3.5 0.0286 0.8633, 3.5 0.0286 0.8612, 3.5 0.0332 0.8598, 3.5 -0.042 0.9843, 3.5 0.0004 0.8633, 3.5 0.0286 0.9843, 3.5 0.0079 0.8642, 3.5 0.0094 0.8642, 3.5 -0.0186 0.8581, 3.5 -0.0074 0.8624, 3.5 -0.042 0.8633, 3.5 -0.0384 0.8396, 3.5 -0.0314 0.8485, 3.5 -0.029 0.8508, 3.5 -0.0484 0.8633, 3.5 -0.0437 0.8279, 3.5 -0.042 0.8317, 3.5 -0.0447 0.7898, 3.5 -0.0484 0.7547, 3.5 -0.0468 0.807, 3.5 -0.0465 0.8143, 3.5 -0.015 0.7567, 3.5 -0.025 0.7616, 3.5 -0.0331 0.7684, 3.5 -0.0341 0.7695, 3.5 -0.0059 0.7547, 3.5 -0.042 0.7234, 3.5 -0.0035 0.7542, 3.5 0.0036 0.7538, 3.5 0.013 0.7547, 3.5 0.0332 0.7601, 3.5 0.0313 0.7592, 3.5 0.0286 0.7547, 3.5 0.0286 0.7583, 3.5 0.0199 0.7554, 3.5 -0.0321 0.6223, 3.5 -0.0298 0.6442, 3.5 -0.0349 0.6179, 3.5 -0.0366 0.6131, 3.5 0.024 0.5863, 3.5 0.0107 0.5863, 3.5 0.0228 0.6463, 3.5 0.024 0.6353, 3.5 -0.0282 0.6259, 3.5 -0.0227 0.6288, 3.5 -0.0208 0.6499, 3.5 -0.0119 0.6316, 3.5 -0.0002 0.6529, 3.5 -0.0048 0.6534, 3.5 -0.0125 0.6526, 3.5 -0.0262 0.5873, 3.5 -0.0307 0.5905, 3.5 -0.042 0.5854, 3.5 -0.0322 0.592, 3.5 -0.035 0.5961, 3.5 0.0107 0.5981, 3.5 0.0103 0.5981, 3.5 0.0082 0.5949, 3.5 0.004 0.5904, 3.5 -0.0366 0.6006, 3.5 -0.0372 0.6067, 3.5 -0.0298 0.6572, 3.5 0.0051 0.6634, 3.5 0.0106 0.6617, 3.5 0.0149 0.6591, 3.5 0.0107 0.6347, 3.5 0.0102 0.6407, 3.5 0.0088 0.6454, 3.5 0.0072 0.6482, 3.5 0.0178 0.6563, 3.5 0.0206 0.6521, 3.5 -0.0256 0.6595, 3.5 -0.0154 0.663, 3.5 -0.0035 0.6643, 3.5 0.0052 0.6503, 3.5 0.0029 0.6519, 3.5 -0.0058 0.5854, 3.5 -0.0062 0.5852, 3.5 -0.042 0.5431, 3.5 -0.042 0.0787, 3.5 -0.013 0.5845, 3.5 -0.0208 0.5854, 3.5 -0.021 0.5854, 3.5 0.122 0.6081, 3.5 0.1006 0.6625, 3.5 0.1156 0.6625, 3.5 0.1301 0.5854, 3.5 0.1305 0.5864, 3.5 0.122 0.5678, 3.5 0.122 0.5678, 3.5 0.122 0.5854, 3.5 0.1247 0.5726, 3.5 0.1034 0.5634, 3.5 0.1034 0.5515, 3.5 0.1061 0.5625, 3.5 0.111 0.5618, 3.5 0.1142 0.5622, 3.5 0.122 0.5528, 3.5 0.1174 0.551, 3.5 0.112 0.5504, 3.5 0.109 0.5505, 3.5 0.1171 0.5633, 3.5 0.1196 0.565, 3.5 0.1392 0.5748, 3.5 0.1332 0.563, 3.5 0.1434 0.5854, 3.5 0.1283 0.5571, 3.5 0.1273 0.5563, 3.5 0.1227 0.553, 3.5 -0.0007 0.5872, 3.5 0.6407 0.5854, 3.5 0.3557 0.5854, 3.5 -0.1074 0.693, 3.5 -0.1074 0.5863, 3.5 -0.0484 0.5854, 3.5 -0.0484 0.5431, 3.5 -0.0484 0.0787, 3.5 -0.0525 0.693, 3.5 -0.0484 0.7234, 3.5 -0.0525 0.6808, 3.5 -0.05 0.5985, 3.5 -0.05 0.5863, 3.5 -0.0937 0.6344, 3.5 -0.0937 0.5985, 3.5 -0.0555 0.6344, 3.5 -0.0555 0.6466, 3.5 -0.0937 0.6466, 3.5 -0.0937 0.6808, 3.5 0.2658 0.5863, 3.5 0.3494 0.6206, 3.5 0.3439 0.6097, 3.5 0.3131 0.5884, 3.5 0.2952 0.5863, 3.5 0.3479 0.6641, 3.5 0.3515 0.6535, 3.5 0.3557 0.7234, 3.5 0.3527 0.641, 3.5 0.3523 0.6329, 3.5 0.3366 0.6012, 3.5 0.3253 0.5932, 3.5 0.3144 0.6908, 3.5 0.3271 0.6857, 3.5 0.2658 0.693, 3.5 0.2963 0.693, 3.5 0.2983 0.693, 3.5 0.3366 0.6789, 3.5 0.3416 0.6738, 3.5 0.3739 0.5863, 3.5 0.3586 0.5863, 3.5 0.4395 0.5863, 3.5 0.4286 0.6155, 3.5 0.3841 0.6155, 3.5 0.3993 0.693, 3.5 0.414 0.693, 3.5 -0.1074 0.7556, 3.5 -0.1074 0.8624, 3.5 -0.0511 0.7556, 3.5 0.1807 0.8601, 3.5 0.1934 0.855, 3.5 0.1626 0.8624, 3.5 0.1646 0.8624, 3.5 0.2142 0.8334, 3.5 0.2178 0.8228, 3.5 0.219 0.8104, 3.5 0.2186 0.8023, 3.5 0.2157 0.79, 3.5 0.2102 0.7791, 3.5 0.2029 0.7706, 3.5 0.1916 0.7625, 3.5 0.1794 0.7578, 3.5 0.1615 0.7556, 3.5 0.1321 0.7556, 3.5 0.1321 0.8624, 3.5 0.2029 0.8483, 3.5 0.2079 0.8432, 3.5 0.4547 0.5863, 3.5 0.6407 0.7234, 3.5 0.6407 0.7547, 3.5 0.6407 0.8633, 3.5 0.8268 0.5854, 3.5 0.8268 0.7234, 3.5 0.8268 0.7547, 3.5 0.8268 0.8633, 3.5 -0.0484 0.9843, 3.5 0.8268 0.9843, 3.5 0.6407 0.9843, 3.5 0.3557 0.9843, 3.5 0.2557 0.9843, 3.5 0.222 0.9843, 3.5 0.122 0.9843, 3.5 0.0971 0.9843, 3.5 0.0483 0.9843, -3.126 -0.9843 0.0, -3.3425 -0.9843 0.0, -3.126 -0.7874 0.0, -3.5 -0.8268 0.0, -3.5 -0.7874 0.0, -2.5 -0.8268 0.0, -2.6575 -0.9843 0.0, -2.874 -0.9843 0.0, -2.126 -0.9843 0.0, -2.3425 -0.9843 0.0, -2.126 -0.7874 0.0, -2.874 -0.7874 0.0, -1.5 -0.8268 0.0, -1.6575 -0.9843 0.0, -1.874 -0.9843 0.0, -1.126 -0.9843 0.0, -1.3425 -0.9843 0.0, -1.126 -0.7874 0.0, -1.874 -0.7874 0.0, 2.5 -0.8268 0.0, 2.3425 -0.9843 0.0, 2.126 -0.9843 0.0, 2.874 -0.9843 0.0, 2.6575 -0.9843 0.0, 2.874 -0.7874 0.0, 2.126 -0.7874 0.0, 1.5 -0.8268 0.0, 1.3425 -0.9843 0.0, 1.126 -0.9843 0.0, 1.874 -0.9843 0.0, 1.6575 -0.9843 0.0, 1.874 -0.7874 0.0, 1.126 -0.7874 0.0, 0.5 -0.8268 0.0, 0.3425 -0.9843 0.0, 0.126 -0.9843 0.0, 0.874 -0.9843 0.0, 0.6575 -0.9843 0.0, 0.874 -0.7874 0.0, 0.126 -0.7874 0.0, -3.3425 0.9843 0.0, -3.126 0.9843 0.0, -3.5 0.8268 0.0, -3.126 0.7874 0.0, -3.5 0.7874 0.0, -2.5 0.8268 0.0, -2.3425 0.9843 0.0, -2.126 0.9843 0.0, -2.874 0.9843 0.0, -2.6575 0.9843 0.0, -2.874 0.7874 0.0, -2.126 0.7874 0.0, -1.5 0.8268 0.0, -1.3425 0.9843 0.0, -1.126 0.9843 0.0, -1.874 0.9843 0.0, -1.6575 0.9843 0.0, -1.874 0.7874 0.0, -1.126 0.7874 0.0, 2.5 0.8268 0.0, 2.6575 0.9843 0.0, 2.874 0.9843 0.0, 2.126 0.9843 0.0, 2.3425 0.9843 0.0, 2.126 0.7874 0.0, 2.874 0.7874 0.0, 1.5 0.8268 0.0, 1.6575 0.9843 0.0, 1.874 0.9843 0.0, 1.126 0.9843 0.0, 1.3425 0.9843 0.0, 1.126 0.7874 0.0, 1.874 0.7874 0.0, 0.5 0.8268 0.0, 0.6575 0.9843 0.0, 0.874 0.9843 0.0, 0.126 0.9843 0.0, 0.3425 0.9843 0.0, 0.126 0.7874 0.0, 0.874 0.7874 0.0, -0.5 -0.8268 0.0, -0.6575 -0.9843 0.0, -0.874 -0.9843 0.0, -0.126 -0.9843 0.0, -0.3425 -0.9843 0.0, -0.126 -0.7874 0.0, -0.874 -0.7874 0.0, -0.5 0.8268 0.0, -0.3425 0.9843 0.0, -0.126 0.9843 0.0, -0.874 0.9843 0.0, -0.6575 0.9843 0.0, -0.874 0.7874 0.0, -0.126 0.7874 0.0, 3.3425 0.9843 0.0, 3.126 0.7874 0.0, 3.126 0.9843 0.0, -0.3425 0.9843 0.9843, 0.3425 0.9843 0.9843, 0.3425 -0.9843 0.9843, -0.3425 -0.9843 0.9843, 2.3425 -0.9843 0.9843, 2.5 -0.8268 0.9843, 2.5 -0.8051 0.9843, 2.874 0.626 0.9843, 3.126 0.626 0.9843, 3.3425 0.9843 0.9843, -1.6575 -0.9843 0.9843, -1.5 -0.8268 0.9843, -1.5 -0.8051 0.9843, 0.5 -0.8051 0.9843, -0.5 -0.8051 0.9843, -0.5 -0.8268 0.9843, -0.6575 -0.9843 0.9843, -1.3425 -0.9843 0.9843, -2.5 -0.8268 0.9843, -2.3425 -0.9843 0.9843, -2.5 -0.8051 0.9843, -2.6575 -0.9843 0.9843, -3.313 -0.8051 0.9843, -3.313 -0.9843 0.9843, -3.5 -0.8268 0.9843, -3.3425 -0.9843 0.9843, -3.313 0.0 0.9843, -3.313 0.9843 0.9843, -3.3425 0.9843 0.9843, -2.874 0.626 0.9843, -2.874 0.374 0.9843, -2.5 0.0 0.9843, -3.126 0.374 0.9843, -3.126 0.626 0.9843, -2.6575 0.9843 0.9843, -1.874 0.626 0.9843, -1.874 0.374 0.9843, -1.5 0.0 0.9843, -2.126 0.374 0.9843, -2.126 0.626 0.9843, -2.5 0.8268 0.9843, -2.3425 0.9843 0.9843, -1.6575 0.9843 0.9843, -0.874 0.626 0.9843, -0.874 0.374 0.9843, -0.5 0.0 0.9843, -1.126 0.374 0.9843, -1.126 0.626 0.9843, -1.5 0.8268 0.9843, -1.3425 0.9843 0.9843, -0.6575 0.9843 0.9843, 0.126 0.626 0.9843, 0.126 0.374 0.9843, 0.5 0.0 0.9843, -0.126 0.374 0.9843, -0.126 0.626 0.9843, -0.5 0.8268 0.9843, 1.126 0.626 0.9843, 1.126 0.374 0.9843, 1.5 0.0 0.9843, 0.874 0.374 0.9843, 0.874 0.626 0.9843, 0.5 0.8268 0.9843, 0.6575 0.9843 0.9843, 1.3425 0.9843 0.9843, 2.126 0.626 0.9843, 2.126 0.374 0.9843, 2.5 0.0 0.9843, 1.874 0.374 0.9843, 1.874 0.626 0.9843, 1.5 0.8268 0.9843, 1.6575 0.9843 0.9843, 2.3425 0.9843 0.9843, 3.5 0.0 0.9843, 3.126 0.374 0.9843, 2.874 0.374 0.9843, 2.5 0.8268 0.9843, 2.6575 0.9843 0.9843, 3.5 -0.8051 0.9843, 2.6575 -0.9843 0.9843, 3.3425 -0.9843 0.9843, 1.5 -0.8268 0.9843, 1.6575 -0.9843 0.9843, 0.5 -0.8268 0.9843, 1.5 -0.8051 0.9843, 1.3425 -0.9843 0.9843, 0.6575 -0.9843 0.9843, 2.874 -0.374 0.9843, 2.874 -0.626 0.9843, 3.126 -0.626 0.9843, 3.126 -0.374 0.9843, 1.874 -0.374 0.9843, 1.874 -0.626 0.9843, 2.126 -0.626 0.9843, 2.126 -0.374 0.9843, 0.874 -0.374 0.9843, 0.874 -0.626 0.9843, 1.126 -0.626 0.9843, 1.126 -0.374 0.9843, -0.126 -0.374 0.9843, -0.126 -0.626 0.9843, 0.126 -0.626 0.9843, 0.126 -0.374 0.9843, -1.126 -0.374 0.9843, -1.126 -0.626 0.9843, -0.874 -0.626 0.9843, -0.874 -0.374 0.9843, -2.126 -0.374 0.9843, -2.126 -0.626 0.9843, -1.874 -0.626 0.9843, -1.874 -0.374 0.9843, -3.126 -0.374 0.9843, -3.126 -0.626 0.9843, -2.874 -0.626 0.9843, -2.874 -0.374 0.9843, -3.5 0.8268 0.9843, -3.5 0.0 0.9843, -3.5 -0.8051 0.9843, 3.3425 -0.9843 0.0, 3.126 -0.9843 0.0, 3.126 -0.7874 0.0, -2.874 0.626 0.0787, -2.5 0.7874 0.0787, -2.874 0.374 0.0787, -2.5 0.0 0.0787, -3.126 0.374 0.0787, -3.5 0.0 0.0787, -3.126 0.626 0.0787, -3.5 0.7874 0.0787, -1.874 0.626 0.0787, -1.5 0.7874 0.0787, -1.874 0.374 0.0787, -1.5 0.0 0.0787, -2.126 0.374 0.0787, -2.126 0.626 0.0787, -0.874 0.626 0.0787, -0.5 0.7874 0.0787, -0.874 0.374 0.0787, -0.5 0.0 0.0787, -1.126 0.374 0.0787, -1.126 0.626 0.0787, 0.126 0.626 0.0787, 0.5 0.7874 0.0787, 0.126 0.374 0.0787, 0.5 0.0 0.0787, -0.126 0.374 0.0787, -0.126 0.626 0.0787, 1.126 0.626 0.0787, 1.5 0.7874 0.0787, 1.126 0.374 0.0787, 1.5 0.0 0.0787, 0.874 0.374 0.0787, 0.874 0.626 0.0787, 2.126 0.626 0.0787, 2.5 0.7874 0.0787, 2.126 0.374 0.0787, 2.5 0.0 0.0787, 1.874 0.374 0.0787, 1.874 0.626 0.0787, 3.126 0.626 0.0787, 3.313 0.7874 0.0787, 3.126 0.374 0.0787, 3.313 0.0 0.0787, 2.874 0.374 0.0787, 2.874 0.626 0.0787, -3.5 -0.7874 0.0787, -3.5 -0.7067 0.0787, -2.5 -0.7067 0.0787, -2.874 -0.626 0.0787, -2.874 -0.374 0.0787, -3.126 -0.374 0.0787, -3.126 -0.626 0.0787, -1.874 -0.374 0.0787, -1.874 -0.626 0.0787, -1.5 -0.7067 0.0787, -2.126 -0.626 0.0787, -2.126 -0.374 0.0787, -0.874 -0.374 0.0787, -0.874 -0.626 0.0787, -0.5 -0.7067 0.0787, -1.126 -0.626 0.0787, -1.126 -0.374 0.0787, 0.126 -0.374 0.0787, 0.126 -0.626 0.0787, 0.5 -0.7067 0.0787, -0.126 -0.626 0.0787, -0.126 -0.374 0.0787, 1.126 -0.374 0.0787, 1.126 -0.626 0.0787, 1.5 -0.7067 0.0787, 0.874 -0.626 0.0787, 0.874 -0.374 0.0787, 2.126 -0.374 0.0787, 2.126 -0.626 0.0787, 2.5 -0.7067 0.0787, 1.874 -0.626 0.0787, 1.874 -0.374 0.0787, 3.126 -0.374 0.0787, 3.126 -0.626 0.0787, 3.313 -0.7067 0.0787, 2.874 -0.626 0.0787, 2.874 -0.374 0.0787, 3.5 0.0 0.0787, 3.5 -0.7067 0.0787, -2.5 -0.7874 0.0787, -1.5 -0.7874 0.0787, -0.5 -0.7874 0.0787, 0.5 -0.7874 0.0787, 1.5 -0.7874 0.0787, 2.5 -0.7874 0.0787, 3.313 -0.7874 0.0787, 3.313 -0.7874 0.0787
            ]
        }
        coordIndex [
            0,1,2,-1,3,4,5,-1,6,7,8,-1,7,9,10,-1,11,12,13,-1,14,15,16,-1,17,18,19,-1,19,18,20,-1,21,22,19,-1,19,22,23,-1,19,23,24,-1,24,25,19,-1,19,25,26,-1,19,26,17,-1,27,28,29,-1,29,28,30,-1,29,30,31,-1,31,30,32,-1,27,29,33,-1,33,29,34,-1,33,34,35,-1,36,37,34,-1,34,37,38,-1,34,38,39,-1,34,40,35,-1,35,40,41,-1,35,41,42,-1,42,41,43,-1,42,43,44,-1,39,45,34,-1,34,45,46,-1,34,46,40,-1,47,48,49,-1,47,49,50,-1,48,51,49,-1,49,51,52,-1,49,52,53,-1,53,52,54,-1,54,55,53,-1,53,55,56,-1,53,56,36,-1,36,56,57,-1,36,57,37,-1,58,50,59,-1,59,50,49,-1,59,49,60,-1,60,49,61,-1,60,61,62,-1,62,61,63,-1,61,64,65,-1,65,64,66,-1,67,68,69,-1,69,68,70,-1,69,70,65,-1,65,70,71,-1,71,72,65,-1,65,72,73,-1,65,73,61,-1,61,73,74,-1,61,74,63,-1,75,76,67,-1,67,76,77,-1,67,77,78,-1,78,79,67,-1,67,79,80,-1,67,80,68,-1,81,82,83,-1,84,85,86,-1,87,88,75,-1,89,90,91,-1,91,90,92,-1,84,86,93,-1,87,75,94,-1,95,96,90,-1,90,96,97,-1,90,97,98,-1,83,82,75,-1,75,82,99,-1,75,99,94,-1,85,100,86,-1,86,100,101,-1,86,101,102,-1,103,104,105,-1,105,104,106,-1,105,106,107,-1,108,98,109,-1,109,98,110,-1,109,110,105,-1,105,110,111,-1,105,111,103,-1,108,112,98,-1,98,112,113,-1,98,113,90,-1,90,113,114,-1,90,114,92,-1,115,116,117,-1,117,116,118,-1,117,118,86,-1,86,118,119,-1,86,119,93,-1,120,121,86,-1,86,121,122,-1,86,122,90,-1,90,122,123,-1,90,123,95,-1,124,125,76,-1,76,125,126,-1,76,126,127,-1,127,128,76,-1,76,128,129,-1,76,129,130,-1,130,129,115,-1,130,115,131,-1,131,115,117,-1,88,132,75,-1,75,132,133,-1,75,133,76,-1,76,133,134,-1,76,134,124,-1,102,135,86,-1,86,135,136,-1,86,136,137,-1,137,138,86,-1,86,138,139,-1,86,139,120,-1,140,141,142,-1,142,98,140,-1,140,98,97,-1,140,97,143,-1,143,97,144,-1,144,145,143,-1,143,145,146,-1,143,146,147,-1,148,149,150,-1,149,151,150,-1,150,151,152,-1,150,152,153,-1,154,150,155,-1,141,140,154,-1,154,140,156,-1,154,156,150,-1,150,156,157,-1,150,157,148,-1,155,158,154,-1,154,158,159,-1,154,159,160,-1,153,152,161,-1,161,152,162,-1,161,162,163,-1,163,162,164,-1,163,164,165,-1,166,167,160,-1,160,167,168,-1,160,168,154,-1,18,169,20,-1,20,169,170,-1,20,170,83,-1,83,170,171,-1,83,171,81,-1,172,173,174,-1,16,15,175,-1,175,15,176,-1,175,176,177,-1,178,179,180,-1,180,179,181,-1,180,181,182,-1,182,181,172,-1,182,172,183,-1,184,185,186,-1,186,185,187,-1,186,187,177,-1,174,173,188,-1,188,173,189,-1,188,189,190,-1,191,192,193,-1,194,195,196,-1,196,195,197,-1,196,197,198,-1,198,197,191,-1,198,191,199,-1,199,191,193,-1,200,201,202,-1,203,204,205,-1,206,207,208,-1,208,207,209,-1,208,209,205,-1,205,209,210,-1,205,210,203,-1,211,212,213,-1,213,212,214,-1,213,214,215,-1,215,214,216,-1,215,216,205,-1,217,218,12,-1,12,218,219,-1,12,219,13,-1,220,221,13,-1,222,223,224,-1,201,225,202,-1,202,225,226,-1,202,226,224,-1,224,226,227,-1,224,227,222,-1,228,229,13,-1,13,229,230,-1,223,231,224,-1,224,231,232,-1,224,232,233,-1,233,232,234,-1,233,234,220,-1,235,236,221,-1,221,236,237,-1,221,237,13,-1,13,237,238,-1,13,238,228,-1,230,239,13,-1,13,239,240,-1,13,240,11,-1,241,242,243,-1,243,242,244,-1,243,244,245,-1,243,246,241,-1,241,246,247,-1,241,247,248,-1,248,249,241,-1,241,249,250,-1,241,250,251,-1,251,250,252,-1,251,252,253,-1,253,252,254,-1,253,254,221,-1,221,254,255,-1,221,255,235,-1,256,257,245,-1,245,257,258,-1,245,258,243,-1,259,260,206,-1,206,260,261,-1,206,261,207,-1,259,262,260,-1,260,262,263,-1,260,263,264,-1,264,263,265,-1,264,266,267,-1,265,268,264,-1,264,268,269,-1,264,269,270,-1,270,271,264,-1,264,271,272,-1,264,272,266,-1,267,273,264,-1,264,273,274,-1,264,274,275,-1,276,277,278,-1,279,280,278,-1,278,280,281,-1,278,281,276,-1,277,276,282,-1,282,276,283,-1,282,283,284,-1,280,285,281,-1,281,285,286,-1,281,286,287,-1,287,286,288,-1,287,288,289,-1,289,288,290,-1,289,290,284,-1,284,290,291,-1,284,291,282,-1,292,293,294,-1,294,293,295,-1,296,297,298,-1,298,297,299,-1,298,299,300,-1,300,299,301,-1,300,301,302,-1,302,301,303,-1,302,303,304,-1,304,303,305,-1,304,305,306,-1,306,305,307,-1,308,309,310,-1,294,303,292,-1,292,303,301,-1,292,301,311,-1,311,301,312,-1,311,312,310,-1,310,312,313,-1,310,313,308,-1,295,293,314,-1,314,293,315,-1,314,315,308,-1,316,317,318,-1,318,317,319,-1,318,319,9,-1,6,320,321,-1,321,320,322,-1,321,322,323,-1,323,322,324,-1,323,324,325,-1,325,324,219,-1,325,219,326,-1,326,219,218,-1,326,218,327,-1,327,218,328,-1,308,315,309,-1,309,315,329,-1,309,329,330,-1,330,329,331,-1,330,331,332,-1,332,331,333,-1,332,333,334,-1,335,336,337,-1,337,336,332,-1,337,332,338,-1,334,339,332,-1,332,339,340,-1,332,340,341,-1,342,343,332,-1,332,343,344,-1,332,344,338,-1,345,346,347,-1,348,349,337,-1,337,349,350,-1,337,350,335,-1,341,351,332,-1,332,351,352,-1,332,352,342,-1,345,347,337,-1,337,347,353,-1,337,353,348,-1,354,355,356,-1,356,355,357,-1,356,357,315,-1,315,357,358,-1,315,358,329,-1,359,360,361,-1,361,360,362,-1,361,362,363,-1,364,365,366,-1,367,368,366,-1,366,368,369,-1,366,369,364,-1,370,371,366,-1,366,371,372,-1,366,372,367,-1,4,373,374,-1,374,373,375,-1,374,375,370,-1,370,375,376,-1,370,376,371,-1,377,378,5,-1,378,379,5,-1,5,379,380,-1,5,380,3,-1,377,5,381,-1,381,5,382,-1,381,382,383,-1,383,382,384,-1,384,382,202,-1,384,202,385,-1,330,386,309,-1,309,386,387,-1,309,387,388,-1,388,387,389,-1,388,389,390,-1,391,392,393,-1,393,392,394,-1,215,395,396,-1,202,397,398,-1,391,399,392,-1,392,399,400,-1,392,400,401,-1,401,400,402,-1,403,404,402,-1,402,404,405,-1,402,405,401,-1,204,200,205,-1,205,200,202,-1,205,202,215,-1,215,202,398,-1,215,398,395,-1,406,407,408,-1,408,407,409,-1,408,409,410,-1,411,412,396,-1,396,412,413,-1,396,413,414,-1,410,415,408,-1,408,415,416,-1,408,416,382,-1,382,416,394,-1,382,394,417,-1,417,394,392,-1,418,419,202,-1,202,419,420,-1,421,422,402,-1,402,422,423,-1,402,423,424,-1,420,425,202,-1,202,425,426,-1,202,426,397,-1,417,427,382,-1,382,427,428,-1,382,428,202,-1,202,428,429,-1,202,429,418,-1,424,430,402,-1,402,430,431,-1,402,431,403,-1,432,433,328,-1,433,434,328,-1,328,434,435,-1,328,435,327,-1,433,436,434,-1,434,436,437,-1,434,437,408,-1,408,437,438,-1,408,438,406,-1,439,440,13,-1,220,13,233,-1,233,13,440,-1,233,440,195,-1,195,440,441,-1,195,441,197,-1,442,443,439,-1,444,445,446,-1,446,445,447,-1,446,447,442,-1,442,439,446,-1,446,439,13,-1,446,13,448,-1,448,13,219,-1,448,219,449,-1,448,450,446,-1,446,450,451,-1,446,451,452,-1,453,454,324,-1,324,454,455,-1,324,455,219,-1,219,455,456,-1,219,456,449,-1,452,457,446,-1,446,457,458,-1,446,458,444,-1,459,460,322,-1,459,322,461,-1,460,462,322,-1,322,462,463,-1,322,463,324,-1,324,463,464,-1,324,464,453,-1,217,211,218,-1,218,211,213,-1,218,213,328,-1,328,213,215,-1,328,215,432,-1,432,215,396,-1,432,396,465,-1,465,396,414,-1,320,174,322,-1,322,174,188,-1,322,188,461,-1,461,188,190,-1,461,190,194,-1,194,190,14,-1,194,14,195,-1,195,14,16,-1,7,10,8,-1,8,10,466,-1,8,466,467,-1,468,83,469,-1,469,83,75,-1,469,75,470,-1,470,75,67,-1,470,67,471,-1,471,67,69,-1,471,69,472,-1,468,473,474,-1,473,475,474,-1,474,475,476,-1,474,476,470,-1,470,476,477,-1,470,477,469,-1,478,479,480,-1,480,479,476,-1,480,476,481,-1,481,476,475,-1,481,475,482,-1,482,475,483,-1,187,183,177,-1,177,183,172,-1,177,172,175,-1,175,172,174,-1,175,174,484,-1,467,485,486,-1,467,487,488,-1,489,490,491,-1,491,490,492,-1,491,492,467,-1,467,492,493,-1,467,493,485,-1,486,494,467,-1,467,494,495,-1,467,495,487,-1,6,8,320,-1,320,8,467,-1,320,467,174,-1,174,467,488,-1,174,488,484,-1,491,496,497,-1,484,498,175,-1,175,498,499,-1,175,499,491,-1,491,499,500,-1,491,500,496,-1,497,501,491,-1,491,501,502,-1,491,502,489,-1,503,504,467,-1,505,506,507,-1,467,504,491,-1,491,504,508,-1,491,508,509,-1,4,374,5,-1,5,374,474,-1,5,474,382,-1,382,474,470,-1,382,470,408,-1,408,470,471,-1,408,471,434,-1,434,471,472,-1,434,472,435,-1,491,276,175,-1,175,276,281,-1,175,281,16,-1,16,281,287,-1,16,287,195,-1,195,287,311,-1,195,311,233,-1,233,311,310,-1,233,310,224,-1,224,310,309,-1,224,309,202,-1,202,309,388,-1,202,388,385,-1,385,388,390,-1,468,474,83,-1,83,474,374,-1,83,374,20,-1,20,374,510,-1,20,510,19,-1,510,511,19,-1,19,511,0,-1,19,0,370,-1,370,0,2,-1,370,2,374,-1,374,2,512,-1,374,512,510,-1,289,513,514,-1,292,515,289,-1,289,515,516,-1,289,516,513,-1,517,518,289,-1,289,518,519,-1,289,519,287,-1,287,519,520,-1,287,520,521,-1,521,522,287,-1,287,522,523,-1,287,523,524,-1,524,525,287,-1,287,525,526,-1,287,526,311,-1,311,526,527,-1,311,527,292,-1,292,527,528,-1,292,528,515,-1,514,529,289,-1,289,529,530,-1,289,530,517,-1,507,503,505,-1,505,503,467,-1,505,467,531,-1,531,467,466,-1,531,466,509,-1,509,466,532,-1,509,532,491,-1,491,532,533,-1,491,533,276,-1,276,533,534,-1,276,534,283,-1,9,319,10,-1,10,319,535,-1,10,535,466,-1,466,535,536,-1,466,536,532,-1,532,536,537,-1,532,537,533,-1,533,537,538,-1,533,538,534,-1,365,360,366,-1,366,360,359,-1,366,359,370,-1,370,359,539,-1,370,539,19,-1,19,539,31,-1,19,31,21,-1,21,31,32,-1,538,540,534,-1,534,540,541,-1,534,541,283,-1,283,541,542,-1,283,542,284,-1,284,542,543,-1,284,543,289,-1,289,543,544,-1,289,544,292,-1,292,544,545,-1,292,545,293,-1,293,545,546,-1,293,546,315,-1,315,546,547,-1,315,547,356,-1,356,547,361,-1,356,361,354,-1,354,361,363,-1,548,549,550,-1,550,549,551,-1,550,551,552,-1,553,554,555,-1,556,557,558,-1,558,557,553,-1,558,553,559,-1,559,553,555,-1,560,561,562,-1,563,564,565,-1,565,564,560,-1,565,560,566,-1,566,560,562,-1,567,568,569,-1,570,571,572,-1,572,571,567,-1,572,567,573,-1,573,567,569,-1,574,575,576,-1,577,578,579,-1,579,578,574,-1,579,574,580,-1,580,574,576,-1,581,582,583,-1,584,585,586,-1,586,585,581,-1,586,581,587,-1,587,581,583,-1,588,589,590,-1,590,589,591,-1,590,591,592,-1,593,594,595,-1,596,597,598,-1,598,597,593,-1,598,593,599,-1,599,593,595,-1,600,601,602,-1,603,604,605,-1,605,604,600,-1,605,600,606,-1,606,600,602,-1,607,608,609,-1,610,611,612,-1,612,611,607,-1,612,607,613,-1,613,607,609,-1,614,615,616,-1,617,618,619,-1,619,618,614,-1,619,614,620,-1,620,614,616,-1,621,622,623,-1,624,625,626,-1,626,625,621,-1,626,621,627,-1,627,621,623,-1,628,629,630,-1,631,632,633,-1,633,632,628,-1,633,628,634,-1,634,628,630,-1,635,636,637,-1,638,639,640,-1,640,639,635,-1,640,635,641,-1,641,635,637,-1,317,316,642,-1,642,316,643,-1,642,643,644,-1,636,645,637,-1,637,645,646,-1,637,646,624,-1,624,646,625,-1,582,647,583,-1,583,647,648,-1,583,648,631,-1,631,648,632,-1,649,650,651,-1,652,653,654,-1,655,656,657,-1,658,659,660,-1,660,648,647,-1,657,656,659,-1,660,659,661,-1,661,659,656,-1,661,656,662,-1,663,664,655,-1,655,657,663,-1,663,657,665,-1,663,665,666,-1,666,665,667,-1,666,667,668,-1,668,667,669,-1,668,669,670,-1,671,672,673,-1,674,675,676,-1,676,675,671,-1,671,675,677,-1,671,677,672,-1,672,677,678,-1,672,678,679,-1,680,681,682,-1,682,681,676,-1,676,681,683,-1,676,683,684,-1,678,674,679,-1,679,674,676,-1,679,676,685,-1,685,676,684,-1,685,684,686,-1,686,684,687,-1,688,689,690,-1,690,689,682,-1,682,689,691,-1,682,691,692,-1,684,680,687,-1,687,680,682,-1,687,682,693,-1,693,682,692,-1,693,692,694,-1,694,692,695,-1,696,697,698,-1,698,697,690,-1,690,697,699,-1,690,699,700,-1,692,688,695,-1,695,688,690,-1,695,690,701,-1,701,690,700,-1,701,700,645,-1,645,700,646,-1,702,703,704,-1,704,703,698,-1,698,703,705,-1,698,705,706,-1,700,696,646,-1,646,696,698,-1,646,698,707,-1,707,698,706,-1,707,706,708,-1,708,706,709,-1,710,711,712,-1,712,711,704,-1,704,711,713,-1,704,713,714,-1,706,702,709,-1,709,702,704,-1,709,704,715,-1,715,704,714,-1,715,714,716,-1,716,714,717,-1,718,540,654,-1,654,653,718,-1,718,653,719,-1,718,719,712,-1,712,719,720,-1,712,720,652,-1,714,710,717,-1,717,710,712,-1,717,712,721,-1,721,712,652,-1,721,652,722,-1,722,652,654,-1,651,650,723,-1,724,725,650,-1,650,725,29,-1,650,29,723,-1,726,727,649,-1,660,647,658,-1,658,647,728,-1,658,728,729,-1,649,651,726,-1,726,651,729,-1,726,729,730,-1,730,729,728,-1,730,728,731,-1,732,712,733,-1,733,712,651,-1,733,651,734,-1,734,651,723,-1,734,723,735,-1,735,723,718,-1,735,718,732,-1,732,718,712,-1,736,704,737,-1,737,704,729,-1,737,729,738,-1,738,729,651,-1,738,651,739,-1,739,651,712,-1,739,712,736,-1,736,712,704,-1,740,698,741,-1,741,698,658,-1,741,658,742,-1,742,658,729,-1,742,729,743,-1,743,729,704,-1,743,704,740,-1,740,704,698,-1,744,690,745,-1,745,690,659,-1,745,659,746,-1,746,659,658,-1,746,658,747,-1,747,658,698,-1,747,698,744,-1,744,698,690,-1,748,682,749,-1,749,682,657,-1,749,657,750,-1,750,657,659,-1,750,659,751,-1,751,659,690,-1,751,690,748,-1,748,690,682,-1,752,676,753,-1,753,676,665,-1,753,665,754,-1,754,665,657,-1,754,657,755,-1,755,657,682,-1,755,682,752,-1,752,682,676,-1,756,671,757,-1,757,671,667,-1,757,667,758,-1,758,667,665,-1,758,665,759,-1,759,665,676,-1,759,676,756,-1,756,676,671,-1,673,760,671,-1,671,760,761,-1,671,761,667,-1,667,761,762,-1,667,762,669,-1,763,764,64,-1,64,764,765,-1,64,765,66,-1,582,581,647,-1,647,581,728,-1,628,632,660,-1,660,632,648,-1,621,625,707,-1,707,625,646,-1,636,635,645,-1,645,635,701,-1,766,767,768,-1,768,767,769,-1,768,769,770,-1,770,769,771,-1,770,771,772,-1,772,771,773,-1,772,773,766,-1,766,773,767,-1,774,775,776,-1,776,775,777,-1,776,777,778,-1,778,777,769,-1,778,769,779,-1,779,769,767,-1,779,767,774,-1,774,767,775,-1,780,781,782,-1,782,781,783,-1,782,783,784,-1,784,783,777,-1,784,777,785,-1,785,777,775,-1,785,775,780,-1,780,775,781,-1,786,787,788,-1,788,787,789,-1,788,789,790,-1,790,789,783,-1,790,783,791,-1,791,783,781,-1,791,781,786,-1,786,781,787,-1,792,793,794,-1,794,793,795,-1,794,795,796,-1,796,795,789,-1,796,789,797,-1,797,789,787,-1,797,787,792,-1,792,787,793,-1,798,799,800,-1,800,799,801,-1,800,801,802,-1,802,801,795,-1,802,795,803,-1,803,795,793,-1,803,793,798,-1,798,793,799,-1,804,805,806,-1,806,805,807,-1,806,807,808,-1,808,807,801,-1,808,801,809,-1,809,801,799,-1,809,799,804,-1,804,799,805,-1,810,811,812,-1,812,811,813,-1,812,813,769,-1,769,813,814,-1,769,814,771,-1,771,814,815,-1,771,815,811,-1,811,815,816,-1,811,816,813,-1,817,777,818,-1,818,777,819,-1,818,819,820,-1,820,819,812,-1,820,812,821,-1,821,812,769,-1,821,769,817,-1,817,769,777,-1,822,783,823,-1,823,783,824,-1,823,824,825,-1,825,824,819,-1,825,819,826,-1,826,819,777,-1,826,777,822,-1,822,777,783,-1,827,789,828,-1,828,789,829,-1,828,829,830,-1,830,829,824,-1,830,824,831,-1,831,824,783,-1,831,783,827,-1,827,783,789,-1,832,795,833,-1,833,795,834,-1,833,834,835,-1,835,834,829,-1,835,829,836,-1,836,829,789,-1,836,789,832,-1,832,789,795,-1,837,801,838,-1,838,801,839,-1,838,839,840,-1,840,839,834,-1,840,834,841,-1,841,834,795,-1,841,795,837,-1,837,795,801,-1,842,807,843,-1,843,807,844,-1,843,844,845,-1,845,844,839,-1,845,839,846,-1,846,839,801,-1,846,801,842,-1,842,801,807,-1,805,318,807,-1,807,318,847,-1,807,847,844,-1,844,847,848,-1,810,812,849,-1,849,812,819,-1,849,819,850,-1,850,819,824,-1,850,824,851,-1,851,824,829,-1,851,829,852,-1,852,829,834,-1,852,834,853,-1,853,834,839,-1,853,839,854,-1,854,839,844,-1,854,844,855,-1,855,844,848,-1,855,848,65,-1,640,641,781,-1,781,641,626,-1,781,626,787,-1,787,626,627,-1,787,627,793,-1,640,781,606,-1,606,781,775,-1,606,775,605,-1,605,775,599,-1,599,775,767,-1,599,767,598,-1,598,767,591,-1,591,767,773,-1,591,773,592,-1,627,619,793,-1,793,619,620,-1,793,620,799,-1,316,318,643,-1,643,318,805,-1,643,805,613,-1,613,805,799,-1,613,799,612,-1,612,799,620,-1,855,65,66,-1,852,587,633,-1,852,633,851,-1,851,633,634,-1,851,634,850,-1,853,580,852,-1,852,580,586,-1,852,586,587,-1,634,565,850,-1,850,565,566,-1,850,566,849,-1,66,765,855,-1,855,765,572,-1,855,572,854,-1,854,572,573,-1,854,573,853,-1,853,573,579,-1,853,579,580,-1,566,558,849,-1,849,558,559,-1,849,559,810,-1,810,559,550,-1,810,550,552,-1,
        ]
    }
}
Shape{
    appearance Appearance {
        material  Material 	{
            diffuseColor 0.7529411764705882 0.7529411764705882 0.7529411764705882
            specularColor 0.3764705882352941 0.3764705882352941 0.3764705882352941
            ambientIntensity 0.2
            transparency 0
            shininess 0.5
        }
    }
    geometry IndexedFaceSet {
        ccw TRUE
        solid FALSE
        coord DEF co Coordinate {
            point [
                0.126 0.374 -0.0079, -0.126 0.374 -0.0079, -0.126 0.3823 -0.0711, 0.126 0.3823 -0.0711, -0.126 0.4067 -0.1299, 0.126 0.4067 -0.1299, -0.126 0.4455 -0.1805, 0.126 0.4455 -0.1805, -0.126 0.4961 -0.2193, 0.126 0.4961 -0.2193, -0.126 0.5549 -0.2437, 0.126 0.5549 -0.2437, -0.126 0.6181 -0.252, 0.126 0.6181 -0.252, 0.126 1.2992 -0.252, -0.126 1.2992 -0.252, -0.0687 1.4567 -0.1947, -0.0687 1.4567 -0.0573, 0.0687 1.4567 -0.1947, 0.0687 1.4567 -0.0573, -0.126 0.7874 0.0, -0.126 0.626 -0.0, 0.126 0.7874 0.0, 0.126 0.626 -0.0, -0.126 0.374 0.0787, -0.126 0.626 0.0787, -0.126 0.9843 0.0, -0.126 1.2992 -0.0, 0.126 0.626 0.0787, 0.126 0.374 0.0787, 0.126 0.9843 0.0, 0.126 1.2992 -0.0, 0.126 0.626 3.189, 0.126 0.626 0.9843, -0.126 0.626 3.189, -0.126 0.626 0.9843, -0.126 0.374 3.189, -0.126 0.374 0.9843, 0.126 0.374 3.189, 0.126 0.374 0.9843, -0.0687 0.5687 3.3465, -0.0687 0.4313 3.3465, 0.0687 0.5687 3.3465, 0.0687 0.4313 3.3465, -0.0687 -1.4567 -0.0573, -0.0687 -1.4567 -0.1947, 0.0687 -1.4567 -0.0573, 0.0687 -1.4567 -0.1947, -0.126 -1.2992 -0.252, -0.126 -0.6181 -0.252, 0.126 -1.2992 -0.252, 0.126 -0.6181 -0.252, -0.126 -0.5549 -0.2437, 0.126 -0.5549 -0.2437, -0.126 -0.4961 -0.2193, 0.126 -0.4961 -0.2193, -0.126 -0.4455 -0.1805, 0.126 -0.4455 -0.1805, -0.126 -0.4067 -0.1299, 0.126 -0.4067 -0.1299, -0.126 -0.3823 -0.0711, 0.126 -0.3823 -0.0711, -0.126 -0.374 -0.0079, 0.126 -0.374 -0.0079, 0.126 -0.7874 0.0, 0.126 -0.626 -0.0, -0.126 -0.7874 0.0, -0.126 -0.626 -0.0, -0.126 -1.2992 -0.0, -0.126 -0.9843 0.0, -0.126 -0.626 0.0787, -0.126 -0.374 0.0787, 0.126 -0.374 0.0787, 0.126 -0.626 0.0787, 0.126 -0.9843 0.0, 0.126 -1.2992 -0.0, 0.126 -0.374 3.189, 0.126 -0.374 0.9843, -0.126 -0.374 3.189, -0.126 -0.374 0.9843, -0.126 -0.626 3.189, -0.126 -0.626 0.9843, 0.126 -0.626 3.189, 0.126 -0.626 0.9843, -0.0687 -0.4313 3.3465, -0.0687 -0.5687 3.3465, 0.0687 -0.4313 3.3465, 0.0687 -0.5687 3.3465, 0.0687 -0.5687 3.3465
            ]
        }
        coordIndex [
            0,1,2,-1,0,2,3,-1,3,2,4,-1,3,4,5,-1,5,4,6,-1,5,6,7,-1,7,6,8,-1,7,8,9,-1,9,8,10,-1,9,10,11,-1,11,10,12,-1,11,12,13,-1,14,13,15,-1,15,13,12,-1,16,17,18,-1,18,17,19,-1,20,21,22,-1,22,21,23,-1,24,25,1,-1,1,25,21,-1,1,21,2,-1,2,21,4,-1,10,8,21,-1,21,8,6,-1,21,6,4,-1,10,21,12,-1,12,21,20,-1,12,20,15,-1,15,20,26,-1,15,26,27,-1,28,29,23,-1,23,29,0,-1,7,9,23,-1,23,9,11,-1,23,11,22,-1,22,11,13,-1,22,13,30,-1,30,13,14,-1,30,14,31,-1,0,3,23,-1,23,3,5,-1,23,5,7,-1,1,0,24,-1,24,0,29,-1,28,23,25,-1,25,23,21,-1,27,26,31,-1,31,26,30,-1,32,33,34,-1,34,33,35,-1,36,37,38,-1,38,37,39,-1,38,39,32,-1,32,39,33,-1,34,35,36,-1,36,35,37,-1,40,41,42,-1,42,41,43,-1,38,43,36,-1,36,43,41,-1,32,42,38,-1,38,42,43,-1,40,34,41,-1,41,34,36,-1,34,40,32,-1,32,40,42,-1,31,19,27,-1,27,19,17,-1,14,18,31,-1,31,18,19,-1,16,15,17,-1,17,15,27,-1,15,16,14,-1,14,16,18,-1,44,45,46,-1,46,45,47,-1,48,49,50,-1,50,49,51,-1,51,49,52,-1,51,52,53,-1,53,52,54,-1,53,54,55,-1,55,54,56,-1,55,56,57,-1,57,56,58,-1,57,58,59,-1,59,58,60,-1,59,60,61,-1,61,60,62,-1,61,62,63,-1,64,65,66,-1,66,65,67,-1,48,68,69,-1,70,71,67,-1,67,71,62,-1,67,62,60,-1,48,69,49,-1,49,69,66,-1,49,66,52,-1,52,66,67,-1,52,67,54,-1,60,58,67,-1,67,58,56,-1,67,56,54,-1,72,73,63,-1,63,73,65,-1,63,65,61,-1,61,65,59,-1,53,55,65,-1,65,55,57,-1,65,57,59,-1,53,65,51,-1,51,65,64,-1,51,64,50,-1,50,64,74,-1,50,74,75,-1,67,65,70,-1,70,65,73,-1,72,63,71,-1,71,63,62,-1,75,74,68,-1,68,74,69,-1,76,77,78,-1,78,77,79,-1,80,81,82,-1,82,81,83,-1,82,83,76,-1,76,83,77,-1,78,79,80,-1,80,79,81,-1,84,85,86,-1,86,85,87,-1,82,87,80,-1,80,87,85,-1,76,86,82,-1,82,86,87,-1,84,78,85,-1,85,78,80,-1,78,84,76,-1,76,84,86,-1,50,47,48,-1,48,47,45,-1,75,46,50,-1,50,46,47,-1,44,68,45,-1,45,68,48,-1,68,44,75,-1,75,44,46,-1,
        ]
    }
}
Shape{
    appearance Appearance {
        material  Material 	{
            diffuseColor 0.25098039215686274 0.25098039215686274 0.25098039215686274
            specularColor 0.12549019607843137 0.12549019607843137 0.12549019607843137
            ambientIntensity 0.2
            transparency 0
            shininess 0.5
        }
    }
    geometry IndexedFaceSet {
        ccw TRUE
        solid FALSE
        coord DEF co Coordinate {
            point [
                -1.126 0.9843 0.0, -1.3425 0.9843 0.0, -1.3425 0.9843 0.9843, -0.874 0.9843 0.0, -0.6575 0.9843 0.9843, -0.6575 0.9843 0.0, -0.874 -0.9843 0.0, -0.6575 -0.9843 0.0, -0.6575 -0.9843 0.9843, -1.126 -0.9843 0.0, -1.3425 -0.9843 0.9843, -1.3425 -0.9843 0.0, -0.5 -0.8268 0.0, -0.5 -0.8268 0.9843, -0.5 0.8268 0.0, -0.5 0.8268 0.9843, -1.5 -0.8268 0.0, -1.5 -0.8268 0.9843, -1.5 0.8268 0.0, -1.5 0.8268 0.9843, -2.126 0.9843 0.0, -2.3425 0.9843 0.0, -2.3425 0.9843 0.9843, -1.874 0.9843 0.0, -1.6575 0.9843 0.9843, -1.6575 0.9843 0.0, -1.874 -0.9843 0.0, -1.6575 -0.9843 0.0, -1.6575 -0.9843 0.9843, -2.126 -0.9843 0.0, -2.3425 -0.9843 0.9843, -2.3425 -0.9843 0.0, -2.5 -0.8268 0.0, -2.5 -0.8268 0.9843, -2.5 0.8268 0.0, -2.5 0.8268 0.9843, -3.3425 0.9843 0.0, -3.3425 0.9843 0.9843, -3.126 0.9843 0.0, -3.313 0.9843 0.9843, -2.874 0.9843 0.0, -2.6575 0.9843 0.9843, -2.6575 0.9843 0.0, -3.3425 -0.9843 0.9843, -3.3425 -0.9843 0.0, -3.313 -0.9843 0.9843, -3.126 -0.9843 0.0, -2.6575 -0.9843 0.9843, -2.874 -0.9843 0.0, -2.6575 -0.9843 0.0, -3.5 -0.7874 0.0787, -3.5 -0.7874 0.0, -3.5 -0.8268 0.0, -3.5 0.0 0.9843, -3.5 0.8268 0.9843, -3.5 0.7874 0.0787, -3.5 0.8268 0.0, -3.5 0.7874 0.0, -3.5 -0.8268 0.9843, -3.5 -0.8051 0.9843, -3.5 -0.7067 0.0787, -3.5 0.0 0.0787, 0.874 0.9843 0.0, 0.6575 0.9843 0.0, 0.6575 0.9843 0.9843, 1.126 0.9843 0.0, 1.3425 0.9843 0.9843, 1.3425 0.9843 0.0, 1.126 -0.9843 0.0, 1.3425 -0.9843 0.0, 1.3425 -0.9843 0.9843, 0.874 -0.9843 0.0, 0.6575 -0.9843 0.9843, 0.6575 -0.9843 0.0, 1.5 -0.8268 0.0, 1.5 -0.8268 0.9843, 1.5 0.8268 0.0, 1.5 0.8268 0.9843, 0.5 -0.8268 0.0, 0.5 -0.8268 0.9843, 0.5 0.8268 0.0, 0.5 0.8268 0.9843, 1.874 0.9843 0.0, 1.6575 0.9843 0.0, 1.6575 0.9843 0.9843, 2.126 0.9843 0.0, 2.3425 0.9843 0.9843, 2.3425 0.9843 0.0, 2.126 -0.9843 0.0, 2.3425 -0.9843 0.0, 2.3425 -0.9843 0.9843, 1.874 -0.9843 0.0, 1.6575 -0.9843 0.9843, 1.6575 -0.9843 0.0, 2.5 -0.8268 0.0, 2.5 -0.8268 0.9843, 2.5 0.8268 0.0, 2.5 0.8268 0.9843, 2.874 0.9843 0.0, 2.6575 0.9843 0.0, 2.6575 0.9843 0.9843, 3.126 0.9843 0.0, 3.3425 0.9843 0.9843, 3.3425 0.9843 0.0, 3.126 -0.9843 0.0, 3.3425 -0.9843 0.0, 3.3425 -0.9843 0.9843, 2.874 -0.9843 0.0, 2.6575 -0.9843 0.9843, 2.6575 -0.9843 0.0, 3.5 -0.8268 0.0, 3.5 -0.8268 0.9843, 3.5 0.8268 0.0, 3.5 0.8268 0.9843, 3.5 0.8268 0.9843
            ]
        }
        coordIndex [
            0,1,2,-1,0,2,3,-1,3,2,4,-1,3,4,5,-1,6,7,8,-1,6,8,9,-1,9,8,10,-1,9,10,11,-1,7,12,8,-1,8,12,13,-1,14,5,15,-1,15,5,4,-1,16,11,17,-1,17,11,10,-1,1,18,2,-1,2,18,19,-1,20,21,22,-1,20,22,23,-1,23,22,24,-1,23,24,25,-1,26,27,28,-1,26,28,29,-1,29,28,30,-1,29,30,31,-1,27,16,28,-1,28,16,17,-1,18,25,19,-1,19,25,24,-1,32,31,33,-1,33,31,30,-1,21,34,22,-1,22,34,35,-1,36,37,38,-1,38,37,39,-1,38,39,40,-1,40,39,41,-1,40,41,42,-1,43,44,45,-1,45,44,46,-1,45,46,47,-1,47,46,48,-1,47,48,49,-1,49,32,47,-1,47,32,33,-1,34,42,35,-1,35,42,41,-1,50,51,52,-1,53,54,55,-1,55,54,56,-1,55,56,57,-1,52,58,50,-1,50,58,59,-1,50,59,60,-1,60,59,53,-1,60,53,61,-1,61,53,55,-1,52,44,58,-1,58,44,43,-1,36,56,37,-1,37,56,54,-1,62,63,64,-1,62,64,65,-1,65,64,66,-1,65,66,67,-1,68,69,70,-1,68,70,71,-1,71,70,72,-1,71,72,73,-1,69,74,70,-1,70,74,75,-1,76,67,77,-1,77,67,66,-1,78,73,79,-1,79,73,72,-1,63,80,64,-1,64,80,81,-1,82,83,84,-1,82,84,85,-1,85,84,86,-1,85,86,87,-1,88,89,90,-1,88,90,91,-1,91,90,92,-1,91,92,93,-1,89,94,90,-1,90,94,95,-1,96,87,97,-1,97,87,86,-1,74,93,75,-1,75,93,92,-1,83,76,84,-1,84,76,77,-1,98,99,100,-1,98,100,101,-1,101,100,102,-1,101,102,103,-1,104,105,106,-1,104,106,107,-1,107,106,108,-1,107,108,109,-1,105,110,106,-1,106,110,111,-1,112,103,113,-1,113,103,102,-1,94,109,95,-1,95,109,108,-1,99,96,100,-1,100,96,97,-1,
        ]
    }
}
Shape{
    appearance Appearance {
        material  Material 	{
            diffuseColor 0.7529411764705882 0.7529411764705882 0.7529411764705882
            specularColor 0.3764705882352941 0.3764705882352941 0.3764705882352941
            ambientIntensity 0.2
            transparency 0
            shininess 0.5
        }
    }
    geometry IndexedFaceSet {
        ccw TRUE
        solid FALSE
        coord DEF co Coordinate {
            point [
                1.126 0.374 -0.0079, 0.874 0.374 -0.0079, 0.874 0.3823 -0.0711, 1.126 0.3823 -0.0711, 0.874 0.4067 -0.1299, 1.126 0.4067 -0.1299, 0.874 0.4455 -0.1805, 1.126 0.4455 -0.1805, 0.874 0.4961 -0.2193, 1.126 0.4961 -0.2193, 0.874 0.5549 -0.2437, 1.126 0.5549 -0.2437, 0.874 0.6181 -0.252, 1.126 0.6181 -0.252, 1.126 1.2992 -0.252, 0.874 1.2992 -0.252, 0.9313 1.4567 -0.1947, 0.9313 1.4567 -0.0573, 1.0687 1.4567 -0.1947, 1.0687 1.4567 -0.0573, 0.874 1.2992 -0.0, 0.874 0.9843 0.0, 1.126 1.2992 -0.0, 1.126 0.9843 0.0, 0.874 0.7874 0.0, 0.874 0.626 -0.0, 1.126 0.7874 0.0, 1.126 0.626 -0.0, 0.874 0.374 0.0787, 0.874 0.626 0.0787, 1.126 0.626 0.0787, 1.126 0.374 0.0787, 1.126 0.626 3.189, 1.126 0.626 0.9843, 0.874 0.626 3.189, 0.874 0.626 0.9843, 0.874 0.374 3.189, 0.874 0.374 0.9843, 1.126 0.374 3.189, 1.126 0.374 0.9843, 0.9313 0.5687 3.3465, 0.9313 0.4313 3.3465, 1.0687 0.5687 3.3465, 1.0687 0.4313 3.3465, 2.126 0.374 -0.0079, 1.874 0.374 -0.0079, 1.874 0.3823 -0.0711, 2.126 0.3823 -0.0711, 1.874 0.4067 -0.1299, 2.126 0.4067 -0.1299, 1.874 0.4455 -0.1805, 2.126 0.4455 -0.1805, 1.874 0.4961 -0.2193, 2.126 0.4961 -0.2193, 1.874 0.5549 -0.2437, 2.126 0.5549 -0.2437, 1.874 0.6181 -0.252, 2.126 0.6181 -0.252, 2.126 1.2992 -0.252, 1.874 1.2992 -0.252, 1.9313 1.4567 -0.1947, 1.9313 1.4567 -0.0573, 2.0687 1.4567 -0.1947, 2.0687 1.4567 -0.0573, 1.874 1.2992 -0.0, 1.874 0.9843 0.0, 2.126 1.2992 -0.0, 2.126 0.9843 0.0, 1.874 0.7874 0.0, 1.874 0.626 -0.0, 2.126 0.7874 0.0, 2.126 0.626 -0.0, 1.874 0.374 0.0787, 1.874 0.626 0.0787, 2.126 0.626 0.0787, 2.126 0.374 0.0787, 2.126 0.626 3.189, 2.126 0.626 0.9843, 1.874 0.626 3.189, 1.874 0.626 0.9843, 1.874 0.374 3.189, 1.874 0.374 0.9843, 2.126 0.374 3.189, 2.126 0.374 0.9843, 1.9313 0.5687 3.3465, 1.9313 0.4313 3.3465, 2.0687 0.5687 3.3465, 2.0687 0.4313 3.3465, 3.126 0.374 -0.0079, 2.874 0.374 -0.0079, 2.874 0.3823 -0.0711, 3.126 0.3823 -0.0711, 2.874 0.4067 -0.1299, 3.126 0.4067 -0.1299, 2.874 0.4455 -0.1805, 3.126 0.4455 -0.1805, 2.874 0.4961 -0.2193, 3.126 0.4961 -0.2193, 2.874 0.5549 -0.2437, 3.126 0.5549 -0.2437, 2.874 0.6181 -0.252, 3.126 0.6181 -0.252, 3.126 1.2992 -0.252, 2.874 1.2992 -0.252, 2.9313 1.4567 -0.1947, 2.9313 1.4567 -0.0573, 3.0687 1.4567 -0.1947, 3.0687 1.4567 -0.0573, 2.874 1.2992 -0.0, 2.874 0.9843 0.0, 3.126 1.2992 -0.0, 3.126 0.9843 0.0, 2.874 0.7874 0.0, 2.874 0.626 -0.0, 3.126 0.7874 0.0, 3.126 0.626 -0.0, 2.874 0.374 0.0787, 2.874 0.626 0.0787, 3.126 0.626 0.0787, 3.126 0.374 0.0787, 3.126 0.626 3.189, 3.126 0.626 0.9843, 2.874 0.626 3.189, 2.874 0.626 0.9843, 2.874 0.374 3.189, 2.874 0.374 0.9843, 3.126 0.374 3.189, 3.126 0.374 0.9843, 2.9313 0.5687 3.3465, 2.9313 0.4313 3.3465, 3.0687 0.5687 3.3465, 3.0687 0.4313 3.3465, -0.874 0.374 -0.0079, -1.126 0.374 -0.0079, -1.126 0.3823 -0.0711, -0.874 0.3823 -0.0711, -1.126 0.4067 -0.1299, -0.874 0.4067 -0.1299, -1.126 0.4455 -0.1805, -0.874 0.4455 -0.1805, -1.126 0.4961 -0.2193, -0.874 0.4961 -0.2193, -1.126 0.5549 -0.2437, -0.874 0.5549 -0.2437, -1.126 0.6181 -0.252, -0.874 0.6181 -0.252, -0.874 1.2992 -0.252, -1.126 1.2992 -0.252, -1.0687 1.4567 -0.1947, -1.0687 1.4567 -0.0573, -0.9313 1.4567 -0.1947, -0.9313 1.4567 -0.0573, -1.126 1.2992 -0.0, -1.126 0.9843 0.0, -0.874 1.2992 -0.0, -0.874 0.9843 0.0, -1.126 0.7874 0.0, -1.126 0.626 -0.0, -0.874 0.7874 0.0, -0.874 0.626 -0.0, -1.126 0.374 0.0787, -1.126 0.626 0.0787, -0.874 0.626 0.0787, -0.874 0.374 0.0787, -0.874 0.626 3.189, -0.874 0.626 0.9843, -1.126 0.626 3.189, -1.126 0.626 0.9843, -1.126 0.374 3.189, -1.126 0.374 0.9843, -0.874 0.374 3.189, -0.874 0.374 0.9843, -1.0687 0.5687 3.3465, -1.0687 0.4313 3.3465, -0.9313 0.5687 3.3465, -0.9313 0.4313 3.3465, -1.874 0.374 -0.0079, -2.126 0.374 -0.0079, -2.126 0.3823 -0.0711, -1.874 0.3823 -0.0711, -2.126 0.4067 -0.1299, -1.874 0.4067 -0.1299, -2.126 0.4455 -0.1805, -1.874 0.4455 -0.1805, -2.126 0.4961 -0.2193, -1.874 0.4961 -0.2193, -2.126 0.5549 -0.2437, -1.874 0.5549 -0.2437, -2.126 0.6181 -0.252, -1.874 0.6181 -0.252, -1.874 1.2992 -0.252, -2.126 1.2992 -0.252, -2.0687 1.4567 -0.1947, -2.0687 1.4567 -0.0573, -1.9313 1.4567 -0.1947, -1.9313 1.4567 -0.0573, -2.126 1.2992 -0.0, -2.126 0.9843 0.0, -1.874 1.2992 -0.0, -1.874 0.9843 0.0, -2.126 0.7874 0.0, -2.126 0.626 -0.0, -1.874 0.7874 0.0, -1.874 0.626 -0.0, -2.126 0.374 0.0787, -2.126 0.626 0.0787, -1.874 0.626 0.0787, -1.874 0.374 0.0787, -1.874 0.626 3.189, -1.874 0.626 0.9843, -2.126 0.626 3.189, -2.126 0.626 0.9843, -2.126 0.374 3.189, -2.126 0.374 0.9843, -1.874 0.374 3.189, -1.874 0.374 0.9843, -2.0687 0.5687 3.3465, -2.0687 0.4313 3.3465, -1.9313 0.5687 3.3465, -1.9313 0.4313 3.3465, -2.874 0.374 -0.0079, -3.126 0.374 -0.0079, -3.126 0.3823 -0.0711, -2.874 0.3823 -0.0711, -3.126 0.4067 -0.1299, -2.874 0.4067 -0.1299, -3.126 0.4455 -0.1805, -2.874 0.4455 -0.1805, -3.126 0.4961 -0.2193, -2.874 0.4961 -0.2193, -3.126 0.5549 -0.2437, -2.874 0.5549 -0.2437, -3.126 0.6181 -0.252, -2.874 0.6181 -0.252, -2.874 1.2992 -0.252, -3.126 1.2992 -0.252, -3.0687 1.4567 -0.1947, -3.0687 1.4567 -0.0573, -2.9313 1.4567 -0.1947, -2.9313 1.4567 -0.0573, -3.126 1.2992 -0.0, -3.126 0.9843 0.0, -2.874 1.2992 -0.0, -2.874 0.9843 0.0, -3.126 0.7874 0.0, -3.126 0.626 -0.0, -2.874 0.7874 0.0, -2.874 0.626 -0.0, -3.126 0.374 0.0787, -3.126 0.626 0.0787, -2.874 0.626 0.0787, -2.874 0.374 0.0787, -2.874 0.626 3.189, -2.874 0.626 0.9843, -3.126 0.626 3.189, -3.126 0.626 0.9843, -3.126 0.374 3.189, -3.126 0.374 0.9843, -2.874 0.374 3.189, -2.874 0.374 0.9843, -3.0687 0.5687 3.3465, -3.0687 0.4313 3.3465, -2.9313 0.5687 3.3465, -2.9313 0.4313 3.3465, 0.874 -1.2992 -0.252, 0.874 -0.6181 -0.252, 1.126 -1.2992 -0.252, 1.126 -0.6181 -0.252, 0.874 -0.5549 -0.2437, 1.126 -0.5549 -0.2437, 0.874 -0.4961 -0.2193, 1.126 -0.4961 -0.2193, 0.874 -0.4455 -0.1805, 1.126 -0.4455 -0.1805, 0.874 -0.4067 -0.1299, 1.126 -0.4067 -0.1299, 0.874 -0.3823 -0.0711, 1.126 -0.3823 -0.0711, 0.874 -0.374 -0.0079, 1.126 -0.374 -0.0079, 0.9313 -1.4567 -0.0573, 0.9313 -1.4567 -0.1947, 1.0687 -1.4567 -0.0573, 1.0687 -1.4567 -0.1947, 1.126 -0.7874 0.0, 1.126 -0.626 -0.0, 0.874 -0.7874 0.0, 0.874 -0.626 -0.0, 1.126 -1.2992 -0.0, 1.126 -0.9843 0.0, 0.874 -1.2992 -0.0, 0.874 -0.9843 0.0, 0.874 -0.626 0.0787, 0.874 -0.374 0.0787, 1.126 -0.374 0.0787, 1.126 -0.626 0.0787, 1.126 -0.374 3.189, 1.126 -0.374 0.9843, 0.874 -0.374 3.189, 0.874 -0.374 0.9843, 0.874 -0.626 3.189, 0.874 -0.626 0.9843, 1.126 -0.626 3.189, 1.126 -0.626 0.9843, 0.9313 -0.4313 3.3465, 0.9313 -0.5687 3.3465, 1.0687 -0.4313 3.3465, 1.0687 -0.5687 3.3465, 1.874 -1.2992 -0.252, 1.874 -0.6181 -0.252, 2.126 -1.2992 -0.252, 2.126 -0.6181 -0.252, 1.874 -0.5549 -0.2437, 2.126 -0.5549 -0.2437, 1.874 -0.4961 -0.2193, 2.126 -0.4961 -0.2193, 1.874 -0.4455 -0.1805, 2.126 -0.4455 -0.1805, 1.874 -0.4067 -0.1299, 2.126 -0.4067 -0.1299, 1.874 -0.3823 -0.0711, 2.126 -0.3823 -0.0711, 1.874 -0.374 -0.0079, 2.126 -0.374 -0.0079, 1.9313 -1.4567 -0.0573, 1.9313 -1.4567 -0.1947, 2.0687 -1.4567 -0.0573, 2.0687 -1.4567 -0.1947, 2.126 -0.7874 0.0, 2.126 -0.626 -0.0, 1.874 -0.7874 0.0, 1.874 -0.626 -0.0, 2.126 -1.2992 -0.0, 2.126 -0.9843 0.0, 1.874 -1.2992 -0.0, 1.874 -0.9843 0.0, 1.874 -0.626 0.0787, 1.874 -0.374 0.0787, 2.126 -0.374 0.0787, 2.126 -0.626 0.0787, 2.126 -0.374 3.189, 2.126 -0.374 0.9843, 1.874 -0.374 3.189, 1.874 -0.374 0.9843, 1.874 -0.626 3.189, 1.874 -0.626 0.9843, 2.126 -0.626 3.189, 2.126 -0.626 0.9843, 1.9313 -0.4313 3.3465, 1.9313 -0.5687 3.3465, 2.0687 -0.4313 3.3465, 2.0687 -0.5687 3.3465, 2.874 -1.2992 -0.252, 2.874 -0.6181 -0.252, 3.126 -1.2992 -0.252, 3.126 -0.6181 -0.252, 2.874 -0.5549 -0.2437, 3.126 -0.5549 -0.2437, 2.874 -0.4961 -0.2193, 3.126 -0.4961 -0.2193, 2.874 -0.4455 -0.1805, 3.126 -0.4455 -0.1805, 2.874 -0.4067 -0.1299, 3.126 -0.4067 -0.1299, 2.874 -0.3823 -0.0711, 3.126 -0.3823 -0.0711, 2.874 -0.374 -0.0079, 3.126 -0.374 -0.0079, 2.9313 -1.4567 -0.0573, 2.9313 -1.4567 -0.1947, 3.0687 -1.4567 -0.0573, 3.0687 -1.4567 -0.1947, 3.126 -0.7874 0.0, 3.126 -0.626 -0.0, 2.874 -0.7874 0.0, 2.874 -0.626 -0.0, 3.126 -1.2992 -0.0, 3.126 -0.9843 0.0, 2.874 -1.2992 -0.0, 2.874 -0.9843 0.0, 2.874 -0.626 0.0787, 2.874 -0.374 0.0787, 3.126 -0.374 0.0787, 3.126 -0.626 0.0787, 3.126 -0.374 3.189, 3.126 -0.374 0.9843, 2.874 -0.374 3.189, 2.874 -0.374 0.9843, 2.874 -0.626 3.189, 2.874 -0.626 0.9843, 3.126 -0.626 3.189, 3.126 -0.626 0.9843, 2.9313 -0.4313 3.3465, 2.9313 -0.5687 3.3465, 3.0687 -0.4313 3.3465, 3.0687 -0.5687 3.3465, -1.126 -1.2992 -0.252, -1.126 -0.6181 -0.252, -0.874 -1.2992 -0.252, -0.874 -0.6181 -0.252, -1.126 -0.5549 -0.2437, -0.874 -0.5549 -0.2437, -1.126 -0.4961 -0.2193, -0.874 -0.4961 -0.2193, -1.126 -0.4455 -0.1805, -0.874 -0.4455 -0.1805, -1.126 -0.4067 -0.1299, -0.874 -0.4067 -0.1299, -1.126 -0.3823 -0.0711, -0.874 -0.3823 -0.0711, -1.126 -0.374 -0.0079, -0.874 -0.374 -0.0079, -1.0687 -1.4567 -0.0573, -1.0687 -1.4567 -0.1947, -0.9313 -1.4567 -0.0573, -0.9313 -1.4567 -0.1947, -0.874 -0.7874 0.0, -0.874 -0.626 -0.0, -1.126 -0.7874 0.0, -1.126 -0.626 -0.0, -0.874 -1.2992 -0.0, -0.874 -0.9843 0.0, -1.126 -1.2992 -0.0, -1.126 -0.9843 0.0, -1.126 -0.626 0.0787, -1.126 -0.374 0.0787, -0.874 -0.374 0.0787, -0.874 -0.626 0.0787, -0.874 -0.374 3.189, -0.874 -0.374 0.9843, -1.126 -0.374 3.189, -1.126 -0.374 0.9843, -1.126 -0.626 3.189, -1.126 -0.626 0.9843, -0.874 -0.626 3.189, -0.874 -0.626 0.9843, -1.0687 -0.4313 3.3465, -1.0687 -0.5687 3.3465, -0.9313 -0.4313 3.3465, -0.9313 -0.5687 3.3465, -2.126 -1.2992 -0.252, -2.126 -0.6181 -0.252, -1.874 -1.2992 -0.252, -1.874 -0.6181 -0.252, -2.126 -0.5549 -0.2437, -1.874 -0.5549 -0.2437, -2.126 -0.4961 -0.2193, -1.874 -0.4961 -0.2193, -2.126 -0.4455 -0.1805, -1.874 -0.4455 -0.1805, -2.126 -0.4067 -0.1299, -1.874 -0.4067 -0.1299, -2.126 -0.3823 -0.0711, -1.874 -0.3823 -0.0711, -2.126 -0.374 -0.0079, -1.874 -0.374 -0.0079, -2.0687 -1.4567 -0.0573, -2.0687 -1.4567 -0.1947, -1.9313 -1.4567 -0.0573, -1.9313 -1.4567 -0.1947, -1.874 -0.7874 0.0, -1.874 -0.626 -0.0, -2.126 -0.7874 0.0, -2.126 -0.626 -0.0, -1.874 -1.2992 -0.0, -1.874 -0.9843 0.0, -2.126 -1.2992 -0.0, -2.126 -0.9843 0.0, -2.126 -0.626 0.0787, -2.126 -0.374 0.0787, -1.874 -0.374 0.0787, -1.874 -0.626 0.0787, -1.874 -0.374 3.189, -1.874 -0.374 0.9843, -2.126 -0.374 3.189, -2.126 -0.374 0.9843, -2.126 -0.626 3.189, -2.126 -0.626 0.9843, -1.874 -0.626 3.189, -1.874 -0.626 0.9843, -2.0687 -0.4313 3.3465, -2.0687 -0.5687 3.3465, -1.9313 -0.4313 3.3465, -1.9313 -0.5687 3.3465, -3.126 -1.2992 -0.252, -3.126 -0.6181 -0.252, -2.874 -1.2992 -0.252, -2.874 -0.6181 -0.252, -3.126 -0.5549 -0.2437, -2.874 -0.5549 -0.2437, -3.126 -0.4961 -0.2193, -2.874 -0.4961 -0.2193, -3.126 -0.4455 -0.1805, -2.874 -0.4455 -0.1805, -3.126 -0.4067 -0.1299, -2.874 -0.4067 -0.1299, -3.126 -0.3823 -0.0711, -2.874 -0.3823 -0.0711, -3.126 -0.374 -0.0079, -2.874 -0.374 -0.0079, -3.0687 -1.4567 -0.0573, -3.0687 -1.4567 -0.1947, -2.9313 -1.4567 -0.0573, -2.9313 -1.4567 -0.1947, -2.874 -0.7874 0.0, -2.874 -0.626 -0.0, -3.126 -0.7874 0.0, -3.126 -0.626 -0.0, -2.874 -1.2992 -0.0, -2.874 -0.9843 0.0, -3.126 -1.2992 -0.0, -3.126 -0.9843 0.0, -3.126 -0.626 0.0787, -3.126 -0.374 0.0787, -2.874 -0.374 0.0787, -2.874 -0.626 0.0787, -2.874 -0.374 3.189, -2.874 -0.374 0.9843, -3.126 -0.374 3.189, -3.126 -0.374 0.9843, -3.126 -0.626 3.189, -3.126 -0.626 0.9843, -2.874 -0.626 3.189, -2.874 -0.626 0.9843, -3.0687 -0.4313 3.3465, -3.0687 -0.5687 3.3465, -2.9313 -0.4313 3.3465, -2.9313 -0.5687 3.3465, -2.9313 -0.5687 3.3465
            ]
        }
        coordIndex [
            0,1,2,-1,0,2,3,-1,3,2,4,-1,3,4,5,-1,5,4,6,-1,5,6,7,-1,7,6,8,-1,7,8,9,-1,9,8,10,-1,9,10,11,-1,11,10,12,-1,11,12,13,-1,14,13,15,-1,15,13,12,-1,16,17,18,-1,18,17,19,-1,20,21,22,-1,22,21,23,-1,24,25,26,-1,26,25,27,-1,28,29,1,-1,1,29,25,-1,1,25,2,-1,2,25,4,-1,10,8,25,-1,25,8,6,-1,25,6,4,-1,10,25,12,-1,12,25,24,-1,12,24,15,-1,15,24,21,-1,15,21,20,-1,30,31,27,-1,27,31,0,-1,7,9,27,-1,27,9,11,-1,27,11,26,-1,26,11,13,-1,26,13,23,-1,23,13,14,-1,23,14,22,-1,0,3,27,-1,27,3,5,-1,27,5,7,-1,1,0,28,-1,28,0,31,-1,30,27,29,-1,29,27,25,-1,32,33,34,-1,34,33,35,-1,36,37,38,-1,38,37,39,-1,38,39,32,-1,32,39,33,-1,34,35,36,-1,36,35,37,-1,40,41,42,-1,42,41,43,-1,44,45,46,-1,44,46,47,-1,47,46,48,-1,47,48,49,-1,49,48,50,-1,49,50,51,-1,51,50,52,-1,51,52,53,-1,53,52,54,-1,53,54,55,-1,55,54,56,-1,55,56,57,-1,58,57,59,-1,59,57,56,-1,60,61,62,-1,62,61,63,-1,64,65,66,-1,66,65,67,-1,68,69,70,-1,70,69,71,-1,72,73,45,-1,45,73,69,-1,45,69,46,-1,46,69,48,-1,54,52,69,-1,69,52,50,-1,69,50,48,-1,54,69,56,-1,56,69,68,-1,56,68,59,-1,59,68,65,-1,59,65,64,-1,74,75,71,-1,71,75,44,-1,51,53,71,-1,71,53,55,-1,71,55,70,-1,70,55,57,-1,70,57,67,-1,67,57,58,-1,67,58,66,-1,44,47,71,-1,71,47,49,-1,71,49,51,-1,45,44,72,-1,72,44,75,-1,74,71,73,-1,73,71,69,-1,76,77,78,-1,78,77,79,-1,80,81,82,-1,82,81,83,-1,82,83,76,-1,76,83,77,-1,78,79,80,-1,80,79,81,-1,84,85,86,-1,86,85,87,-1,88,89,90,-1,88,90,91,-1,91,90,92,-1,91,92,93,-1,93,92,94,-1,93,94,95,-1,95,94,96,-1,95,96,97,-1,97,96,98,-1,97,98,99,-1,99,98,100,-1,99,100,101,-1,102,101,103,-1,103,101,100,-1,104,105,106,-1,106,105,107,-1,108,109,110,-1,110,109,111,-1,112,113,114,-1,114,113,115,-1,116,117,89,-1,89,117,113,-1,89,113,90,-1,90,113,92,-1,98,96,113,-1,113,96,94,-1,113,94,92,-1,98,113,100,-1,100,113,112,-1,100,112,103,-1,103,112,109,-1,103,109,108,-1,118,119,115,-1,115,119,88,-1,95,97,115,-1,115,97,99,-1,115,99,114,-1,114,99,101,-1,114,101,111,-1,111,101,102,-1,111,102,110,-1,88,91,115,-1,115,91,93,-1,115,93,95,-1,89,88,116,-1,116,88,119,-1,118,115,117,-1,117,115,113,-1,120,121,122,-1,122,121,123,-1,124,125,126,-1,126,125,127,-1,126,127,120,-1,120,127,121,-1,122,123,124,-1,124,123,125,-1,128,129,130,-1,130,129,131,-1,132,133,134,-1,132,134,135,-1,135,134,136,-1,135,136,137,-1,137,136,138,-1,137,138,139,-1,139,138,140,-1,139,140,141,-1,141,140,142,-1,141,142,143,-1,143,142,144,-1,143,144,145,-1,146,145,147,-1,147,145,144,-1,148,149,150,-1,150,149,151,-1,152,153,154,-1,154,153,155,-1,156,157,158,-1,158,157,159,-1,160,161,133,-1,133,161,157,-1,133,157,134,-1,134,157,136,-1,142,140,157,-1,157,140,138,-1,157,138,136,-1,142,157,144,-1,144,157,156,-1,144,156,147,-1,147,156,153,-1,147,153,152,-1,162,163,159,-1,159,163,132,-1,139,141,159,-1,159,141,143,-1,159,143,158,-1,158,143,145,-1,158,145,155,-1,155,145,146,-1,155,146,154,-1,132,135,159,-1,159,135,137,-1,159,137,139,-1,133,132,160,-1,160,132,163,-1,162,159,161,-1,161,159,157,-1,164,165,166,-1,166,165,167,-1,168,169,170,-1,170,169,171,-1,170,171,164,-1,164,171,165,-1,166,167,168,-1,168,167,169,-1,172,173,174,-1,174,173,175,-1,176,177,178,-1,176,178,179,-1,179,178,180,-1,179,180,181,-1,181,180,182,-1,181,182,183,-1,183,182,184,-1,183,184,185,-1,185,184,186,-1,185,186,187,-1,187,186,188,-1,187,188,189,-1,190,189,191,-1,191,189,188,-1,192,193,194,-1,194,193,195,-1,196,197,198,-1,198,197,199,-1,200,201,202,-1,202,201,203,-1,204,205,177,-1,177,205,201,-1,177,201,178,-1,178,201,180,-1,186,184,201,-1,201,184,182,-1,201,182,180,-1,186,201,188,-1,188,201,200,-1,188,200,191,-1,191,200,197,-1,191,197,196,-1,206,207,203,-1,203,207,176,-1,183,185,203,-1,203,185,187,-1,203,187,202,-1,202,187,189,-1,202,189,199,-1,199,189,190,-1,199,190,198,-1,176,179,203,-1,203,179,181,-1,203,181,183,-1,177,176,204,-1,204,176,207,-1,206,203,205,-1,205,203,201,-1,208,209,210,-1,210,209,211,-1,212,213,214,-1,214,213,215,-1,214,215,208,-1,208,215,209,-1,210,211,212,-1,212,211,213,-1,216,217,218,-1,218,217,219,-1,220,221,222,-1,220,222,223,-1,223,222,224,-1,223,224,225,-1,225,224,226,-1,225,226,227,-1,227,226,228,-1,227,228,229,-1,229,228,230,-1,229,230,231,-1,231,230,232,-1,231,232,233,-1,234,233,235,-1,235,233,232,-1,236,237,238,-1,238,237,239,-1,240,241,242,-1,242,241,243,-1,244,245,246,-1,246,245,247,-1,248,249,221,-1,221,249,245,-1,221,245,222,-1,222,245,224,-1,230,228,245,-1,245,228,226,-1,245,226,224,-1,230,245,232,-1,232,245,244,-1,232,244,235,-1,235,244,241,-1,235,241,240,-1,250,251,247,-1,247,251,220,-1,227,229,247,-1,247,229,231,-1,247,231,246,-1,246,231,233,-1,246,233,243,-1,243,233,234,-1,243,234,242,-1,220,223,247,-1,247,223,225,-1,247,225,227,-1,221,220,248,-1,248,220,251,-1,250,247,249,-1,249,247,245,-1,252,253,254,-1,254,253,255,-1,256,257,258,-1,258,257,259,-1,258,259,252,-1,252,259,253,-1,254,255,256,-1,256,255,257,-1,260,261,262,-1,262,261,263,-1,38,43,36,-1,36,43,41,-1,32,42,38,-1,38,42,43,-1,40,34,41,-1,41,34,36,-1,34,40,32,-1,32,40,42,-1,22,19,20,-1,20,19,17,-1,14,18,22,-1,22,18,19,-1,16,15,17,-1,17,15,20,-1,15,16,14,-1,14,16,18,-1,82,87,80,-1,80,87,85,-1,76,86,82,-1,82,86,87,-1,84,78,85,-1,85,78,80,-1,78,84,76,-1,76,84,86,-1,66,63,64,-1,64,63,61,-1,58,62,66,-1,66,62,63,-1,60,59,61,-1,61,59,64,-1,59,60,58,-1,58,60,62,-1,126,131,124,-1,124,131,129,-1,120,130,126,-1,126,130,131,-1,128,122,129,-1,129,122,124,-1,122,128,120,-1,120,128,130,-1,110,107,108,-1,108,107,105,-1,102,106,110,-1,110,106,107,-1,104,103,105,-1,105,103,108,-1,103,104,102,-1,102,104,106,-1,170,175,168,-1,168,175,173,-1,164,174,170,-1,170,174,175,-1,172,166,173,-1,173,166,168,-1,166,172,164,-1,164,172,174,-1,154,151,152,-1,152,151,149,-1,146,150,154,-1,154,150,151,-1,148,147,149,-1,149,147,152,-1,147,148,146,-1,146,148,150,-1,214,219,212,-1,212,219,217,-1,208,218,214,-1,214,218,219,-1,216,210,217,-1,217,210,212,-1,210,216,208,-1,208,216,218,-1,198,195,196,-1,196,195,193,-1,190,194,198,-1,198,194,195,-1,192,191,193,-1,193,191,196,-1,191,192,190,-1,190,192,194,-1,258,263,256,-1,256,263,261,-1,252,262,258,-1,258,262,263,-1,260,254,261,-1,261,254,256,-1,254,260,252,-1,252,260,262,-1,242,239,240,-1,240,239,237,-1,234,238,242,-1,242,238,239,-1,236,235,237,-1,237,235,240,-1,235,236,234,-1,234,236,238,-1,264,265,266,-1,266,265,267,-1,267,265,268,-1,267,268,269,-1,269,268,270,-1,269,270,271,-1,271,270,272,-1,271,272,273,-1,273,272,274,-1,273,274,275,-1,275,274,276,-1,275,276,277,-1,277,276,278,-1,277,278,279,-1,280,281,282,-1,282,281,283,-1,284,285,286,-1,286,285,287,-1,288,289,290,-1,290,289,291,-1,264,290,291,-1,292,293,287,-1,287,293,278,-1,287,278,276,-1,264,291,265,-1,265,291,286,-1,265,286,268,-1,268,286,287,-1,268,287,270,-1,276,274,287,-1,287,274,272,-1,287,272,270,-1,294,295,279,-1,279,295,285,-1,279,285,277,-1,277,285,275,-1,269,271,285,-1,285,271,273,-1,285,273,275,-1,269,285,267,-1,267,285,284,-1,267,284,266,-1,266,284,289,-1,266,289,288,-1,287,285,292,-1,292,285,295,-1,294,279,293,-1,293,279,278,-1,296,297,298,-1,298,297,299,-1,300,301,302,-1,302,301,303,-1,302,303,296,-1,296,303,297,-1,298,299,300,-1,300,299,301,-1,304,305,306,-1,306,305,307,-1,302,307,300,-1,300,307,305,-1,296,306,302,-1,302,306,307,-1,304,298,305,-1,305,298,300,-1,298,304,296,-1,296,304,306,-1,266,283,264,-1,264,283,281,-1,288,282,266,-1,266,282,283,-1,280,290,281,-1,281,290,264,-1,290,280,288,-1,288,280,282,-1,308,309,310,-1,310,309,311,-1,311,309,312,-1,311,312,313,-1,313,312,314,-1,313,314,315,-1,315,314,316,-1,315,316,317,-1,317,316,318,-1,317,318,319,-1,319,318,320,-1,319,320,321,-1,321,320,322,-1,321,322,323,-1,324,325,326,-1,326,325,327,-1,328,329,330,-1,330,329,331,-1,332,333,334,-1,334,333,335,-1,308,334,335,-1,336,337,331,-1,331,337,322,-1,331,322,320,-1,308,335,309,-1,309,335,330,-1,309,330,312,-1,312,330,331,-1,312,331,314,-1,320,318,331,-1,331,318,316,-1,331,316,314,-1,338,339,323,-1,323,339,329,-1,323,329,321,-1,321,329,319,-1,313,315,329,-1,329,315,317,-1,329,317,319,-1,313,329,311,-1,311,329,328,-1,311,328,310,-1,310,328,333,-1,310,333,332,-1,331,329,336,-1,336,329,339,-1,338,323,337,-1,337,323,322,-1,340,341,342,-1,342,341,343,-1,344,345,346,-1,346,345,347,-1,346,347,340,-1,340,347,341,-1,342,343,344,-1,344,343,345,-1,348,349,350,-1,350,349,351,-1,346,351,344,-1,344,351,349,-1,340,350,346,-1,346,350,351,-1,348,342,349,-1,349,342,344,-1,342,348,340,-1,340,348,350,-1,310,327,308,-1,308,327,325,-1,332,326,310,-1,310,326,327,-1,324,334,325,-1,325,334,308,-1,334,324,332,-1,332,324,326,-1,352,353,354,-1,354,353,355,-1,355,353,356,-1,355,356,357,-1,357,356,358,-1,357,358,359,-1,359,358,360,-1,359,360,361,-1,361,360,362,-1,361,362,363,-1,363,362,364,-1,363,364,365,-1,365,364,366,-1,365,366,367,-1,368,369,370,-1,370,369,371,-1,372,373,374,-1,374,373,375,-1,376,377,378,-1,378,377,379,-1,352,378,379,-1,380,381,375,-1,375,381,366,-1,375,366,364,-1,352,379,353,-1,353,379,374,-1,353,374,356,-1,356,374,375,-1,356,375,358,-1,364,362,375,-1,375,362,360,-1,375,360,358,-1,382,383,367,-1,367,383,373,-1,367,373,365,-1,365,373,363,-1,357,359,373,-1,373,359,361,-1,373,361,363,-1,357,373,355,-1,355,373,372,-1,355,372,354,-1,354,372,377,-1,354,377,376,-1,375,373,380,-1,380,373,383,-1,382,367,381,-1,381,367,366,-1,384,385,386,-1,386,385,387,-1,388,389,390,-1,390,389,391,-1,390,391,384,-1,384,391,385,-1,386,387,388,-1,388,387,389,-1,392,393,394,-1,394,393,395,-1,390,395,388,-1,388,395,393,-1,384,394,390,-1,390,394,395,-1,392,386,393,-1,393,386,388,-1,386,392,384,-1,384,392,394,-1,354,371,352,-1,352,371,369,-1,376,370,354,-1,354,370,371,-1,368,378,369,-1,369,378,352,-1,378,368,376,-1,376,368,370,-1,396,397,398,-1,398,397,399,-1,399,397,400,-1,399,400,401,-1,401,400,402,-1,401,402,403,-1,403,402,404,-1,403,404,405,-1,405,404,406,-1,405,406,407,-1,407,406,408,-1,407,408,409,-1,409,408,410,-1,409,410,411,-1,412,413,414,-1,414,413,415,-1,416,417,418,-1,418,417,419,-1,420,421,422,-1,422,421,423,-1,396,422,423,-1,424,425,419,-1,419,425,410,-1,419,410,408,-1,396,423,397,-1,397,423,418,-1,397,418,400,-1,400,418,419,-1,400,419,402,-1,408,406,419,-1,419,406,404,-1,419,404,402,-1,426,427,411,-1,411,427,417,-1,411,417,409,-1,409,417,407,-1,401,403,417,-1,417,403,405,-1,417,405,407,-1,401,417,399,-1,399,417,416,-1,399,416,398,-1,398,416,421,-1,398,421,420,-1,419,417,424,-1,424,417,427,-1,426,411,425,-1,425,411,410,-1,428,429,430,-1,430,429,431,-1,432,433,434,-1,434,433,435,-1,434,435,428,-1,428,435,429,-1,430,431,432,-1,432,431,433,-1,436,437,438,-1,438,437,439,-1,434,439,432,-1,432,439,437,-1,428,438,434,-1,434,438,439,-1,436,430,437,-1,437,430,432,-1,430,436,428,-1,428,436,438,-1,398,415,396,-1,396,415,413,-1,420,414,398,-1,398,414,415,-1,412,422,413,-1,413,422,396,-1,422,412,420,-1,420,412,414,-1,440,441,442,-1,442,441,443,-1,443,441,444,-1,443,444,445,-1,445,444,446,-1,445,446,447,-1,447,446,448,-1,447,448,449,-1,449,448,450,-1,449,450,451,-1,451,450,452,-1,451,452,453,-1,453,452,454,-1,453,454,455,-1,456,457,458,-1,458,457,459,-1,460,461,462,-1,462,461,463,-1,464,465,466,-1,466,465,467,-1,440,466,467,-1,468,469,463,-1,463,469,454,-1,463,454,452,-1,440,467,441,-1,441,467,462,-1,441,462,444,-1,444,462,463,-1,444,463,446,-1,452,450,463,-1,463,450,448,-1,463,448,446,-1,470,471,455,-1,455,471,461,-1,455,461,453,-1,453,461,451,-1,445,447,461,-1,461,447,449,-1,461,449,451,-1,445,461,443,-1,443,461,460,-1,443,460,442,-1,442,460,465,-1,442,465,464,-1,463,461,468,-1,468,461,471,-1,470,455,469,-1,469,455,454,-1,472,473,474,-1,474,473,475,-1,476,477,478,-1,478,477,479,-1,478,479,472,-1,472,479,473,-1,474,475,476,-1,476,475,477,-1,480,481,482,-1,482,481,483,-1,478,483,476,-1,476,483,481,-1,472,482,478,-1,478,482,483,-1,480,474,481,-1,481,474,476,-1,474,480,472,-1,472,480,482,-1,442,459,440,-1,440,459,457,-1,464,458,442,-1,442,458,459,-1,456,466,457,-1,457,466,440,-1,466,456,464,-1,464,456,458,-1,484,485,486,-1,486,485,487,-1,487,485,488,-1,487,488,489,-1,489,488,490,-1,489,490,491,-1,491,490,492,-1,491,492,493,-1,493,492,494,-1,493,494,495,-1,495,494,496,-1,495,496,497,-1,497,496,498,-1,497,498,499,-1,500,501,502,-1,502,501,503,-1,504,505,506,-1,506,505,507,-1,508,509,510,-1,510,509,511,-1,484,510,511,-1,512,513,507,-1,507,513,498,-1,507,498,496,-1,484,511,485,-1,485,511,506,-1,485,506,488,-1,488,506,507,-1,488,507,490,-1,496,494,507,-1,507,494,492,-1,507,492,490,-1,514,515,499,-1,499,515,505,-1,499,505,497,-1,497,505,495,-1,489,491,505,-1,505,491,493,-1,505,493,495,-1,489,505,487,-1,487,505,504,-1,487,504,486,-1,486,504,509,-1,486,509,508,-1,507,505,512,-1,512,505,515,-1,514,499,513,-1,513,499,498,-1,516,517,518,-1,518,517,519,-1,520,521,522,-1,522,521,523,-1,522,523,516,-1,516,523,517,-1,518,519,520,-1,520,519,521,-1,524,525,526,-1,526,525,527,-1,522,527,520,-1,520,527,525,-1,516,526,522,-1,522,526,527,-1,524,518,525,-1,525,518,520,-1,518,524,516,-1,516,524,526,-1,486,503,484,-1,484,503,501,-1,508,502,486,-1,486,502,503,-1,500,510,501,-1,501,510,484,-1,510,500,508,-1,508,500,502,-1,
        ]
    }
}
Shape{
    appearance Appearance {
        material  Material 	{
            diffuseColor 1.0 1.0 1.0
            specularColor 0.5019607843137255 0.5019607843137255 0.5019607843137255
            ambientIntensity 0.2
            transparency 0
            shininess 0.5
        }
    }
    geometry IndexedFaceSet {
        ccw TRUE
        solid FALSE
        coord DEF co Coordinate {
            point [
                3.5039 -0.0511 0.7678, 3.5039 -0.0511 0.7556, 3.5 -0.0511 0.7678, 3.5 -0.0511 0.7556, 3.5039 -0.0937 0.7678, 3.5 -0.0937 0.7678, 3.5039 -0.0937 0.8624, 3.5 -0.0937 0.8624, 3.5039 -0.1074 0.8624, 3.5 -0.1074 0.8624, 3.5039 -0.1074 0.7556, 3.5 -0.1074 0.7556, 3.5039 0.0199 0.7554, 3.5039 0.0036 0.7538, 3.5 0.0036 0.7538, 3.5 0.013 0.7547, 3.5 0.0199 0.7554, 3.5039 0.0313 0.7592, 3.5 0.0286 0.7583, 3.5 0.0313 0.7592, 3.5 0.0332 0.7601, 3.5039 0.0332 0.7601, 3.5039 0.0332 0.7733, 3.5 0.0332 0.7733, 3.5 0.0286 0.7712, 3.5039 0.0235 0.7688, 3.5 0.0235 0.7688, 3.5 0.0116 0.7664, 3.5039 0.0116 0.7664, 3.5 0.0056 0.7661, 3.5039 0.0056 0.7661, 3.5 -0.0049 0.7674, 3.5039 -0.0049 0.7674, 3.5 -0.0125 0.7702, 3.5039 -0.0125 0.7702, 3.5 -0.0196 0.7751, 3.5039 -0.0196 0.7751, 3.5 -0.0218 0.7774, 3.5039 -0.0218 0.7774, 3.5 -0.0272 0.785, 3.5039 -0.0272 0.785, 3.5 -0.0306 0.7936, 3.5039 -0.0306 0.7936, 3.5 -0.0323 0.8067, 3.5039 -0.0323 0.8067, 3.5 -0.0323 0.8078, 3.5039 -0.0323 0.8078, 3.5 -0.0311 0.8204, 3.5039 -0.0311 0.8204, 3.5 -0.0278 0.8301, 3.5039 -0.0278 0.8301, 3.5 -0.0229 0.8378, 3.5039 -0.0229 0.8378, 3.5 -0.0211 0.8399, 3.5039 -0.0211 0.8399, 3.5 -0.0136 0.8461, 3.5039 -0.0136 0.8461, 3.5 -0.0052 0.8499, 3.5039 -0.0052 0.8499, 3.5 0.0042 0.8516, 3.5039 0.0042 0.8516, 3.5 0.008 0.8518, 3.5039 0.008 0.8518, 3.5 0.0198 0.8505, 3.5 0.0286 0.8474, 3.5039 0.0308 0.8467, 3.5039 0.0198 0.8505, 3.5 0.0308 0.8467, 3.5 0.0332 0.8454, 3.5039 0.0332 0.8454, 3.5039 0.0332 0.8598, 3.5 0.0332 0.8598, 3.5 0.0079 0.8642, 3.5039 0.0079 0.8642, 3.5039 0.0094 0.8642, 3.5 0.0286 0.8612, 3.5039 0.0231 0.8629, 3.5 0.0231 0.8629, 3.5 0.0186 0.8633, 3.5 0.0094 0.8642, 3.5 0.0004 0.8633, 3.5039 -0.0074 0.8624, 3.5 -0.0074 0.8624, 3.5 -0.0186 0.8581, 3.5039 -0.0186 0.8581, 3.5 -0.029 0.8508, 3.5039 -0.029 0.8508, 3.5 -0.0314 0.8485, 3.5039 -0.0314 0.8485, 3.5 -0.0384 0.8396, 3.5 -0.042 0.8317, 3.5039 -0.0437 0.8279, 3.5039 -0.0384 0.8396, 3.5 -0.0437 0.8279, 3.5 -0.0465 0.8143, 3.5039 -0.0465 0.8143, 3.5 -0.0468 0.807, 3.5039 -0.0468 0.807, 3.5 -0.0447 0.7898, 3.5 -0.042 0.7828, 3.5039 -0.0404 0.7786, 3.5039 -0.0447 0.7898, 3.5 -0.0404 0.7786, 3.5 -0.0341 0.7695, 3.5039 -0.0341 0.7695, 3.5 -0.0331 0.7684, 3.5039 -0.0331 0.7684, 3.5 -0.015 0.7567, 3.5039 -0.025 0.7616, 3.5 -0.025 0.7616, 3.5 -0.0059 0.7547, 3.5039 -0.0035 0.7542, 3.5039 -0.015 0.7567, 3.5 -0.0035 0.7542, 3.5039 0.1119 0.7678, 3.5039 0.1119 0.7556, 3.5 0.1119 0.7678, 3.5 0.1119 0.7556, 3.5 0.0683 0.7678, 3.5039 0.0683 0.7678, 3.5 0.0971 0.7678, 3.5039 0.0683 0.8037, 3.5 0.0683 0.8037, 3.5039 0.1065 0.8037, 3.5 0.0971 0.8037, 3.5 0.1065 0.8037, 3.5039 0.1065 0.816, 3.5 0.1065 0.816, 3.5 0.0683 0.816, 3.5039 0.0683 0.816, 3.5 0.0971 0.816, 3.5039 0.0683 0.8501, 3.5 0.0683 0.8501, 3.5 0.1095 0.8501, 3.5039 0.1095 0.8501, 3.5 0.0971 0.8501, 3.5039 0.1095 0.8624, 3.5 0.1095 0.8624, 3.5 0.0545 0.8624, 3.5039 0.0545 0.8624, 3.5 0.0971 0.8624, 3.5039 0.0545 0.7556, 3.5 0.0545 0.7556, 3.5 0.0971 0.7556, 3.5039 0.1756 0.8487, 3.5039 0.1646 0.8624, 3.5039 0.162 0.8501, 3.5039 0.1626 0.8624, 3.5039 0.1459 0.8501, 3.5039 0.1321 0.8624, 3.5039 0.1459 0.7678, 3.5039 0.1321 0.7556, 3.5039 0.1614 0.7678, 3.5039 0.1615 0.7556, 3.5039 0.174 0.7691, 3.5039 0.1794 0.7578, 3.5039 0.1834 0.7722, 3.5039 0.1916 0.7625, 3.5039 0.1906 0.7767, 3.5039 0.2029 0.7706, 3.5039 0.1931 0.779, 3.5039 0.1987 0.786, 3.5039 0.2102 0.7791, 3.5039 0.2023 0.794, 3.5039 0.2157 0.79, 3.5039 0.2043 0.8039, 3.5039 0.2186 0.8023, 3.5039 0.2045 0.81, 3.5039 0.219 0.8104, 3.5039 0.2033 0.822, 3.5039 0.2178 0.8228, 3.5039 0.2005 0.8302, 3.5039 0.2142 0.8334, 3.5039 0.1965 0.8364, 3.5039 0.2079 0.8432, 3.5039 0.1928 0.8401, 3.5039 0.2029 0.8483, 3.5039 0.1849 0.8454, 3.5039 0.1934 0.855, 3.5039 0.1807 0.8601, 3.5 0.1615 0.7556, 3.5 0.1321 0.7556, 3.5 0.1794 0.7578, 3.5 0.1916 0.7625, 3.5 0.2029 0.7706, 3.5 0.2102 0.7791, 3.5 0.2157 0.79, 3.5 0.2186 0.8023, 3.5 0.219 0.8104, 3.5 0.2178 0.8228, 3.5 0.2142 0.8334, 3.5 0.2079 0.8432, 3.5 0.2029 0.8483, 3.5 0.1934 0.855, 3.5 0.1807 0.8601, 3.5 0.1646 0.8624, 3.5 0.1626 0.8624, 3.5 0.1321 0.8624, 3.5 0.162 0.8501, 3.5 0.1459 0.8501, 3.5 0.1459 0.7678, 3.5 0.1614 0.7678, 3.5 0.1931 0.779, 3.5 0.1906 0.7767, 3.5 0.1834 0.7722, 3.5 0.174 0.7691, 3.5 0.2045 0.81, 3.5 0.2043 0.8039, 3.5 0.2023 0.794, 3.5 0.1987 0.786, 3.5 0.1928 0.8401, 3.5 0.1965 0.8364, 3.5 0.2005 0.8302, 3.5 0.2033 0.822, 3.5 0.1756 0.8487, 3.5 0.1849 0.8454, 3.5 0.1849 0.8454
            ]
        }
        coordIndex [
            0,1,2,-1,2,1,3,-1,4,0,5,-1,5,0,2,-1,6,4,7,-1,7,4,5,-1,8,6,9,-1,9,6,7,-1,10,8,11,-1,11,8,9,-1,1,10,3,-1,3,10,11,-1,6,8,4,-1,4,8,10,-1,4,10,0,-1,0,10,1,-1,12,13,14,-1,14,15,12,-1,12,15,16,-1,12,16,17,-1,17,16,18,-1,18,19,17,-1,17,19,20,-1,17,20,21,-1,22,21,23,-1,23,21,20,-1,22,23,24,-1,22,24,25,-1,24,26,25,-1,25,26,27,-1,25,27,28,-1,28,27,29,-1,28,29,30,-1,30,29,31,-1,30,31,32,-1,32,31,33,-1,32,33,34,-1,34,33,35,-1,34,35,36,-1,36,35,37,-1,36,37,38,-1,38,37,39,-1,38,39,40,-1,40,39,41,-1,40,41,42,-1,42,41,43,-1,42,43,44,-1,44,43,45,-1,44,45,46,-1,46,45,47,-1,46,47,48,-1,48,47,49,-1,48,49,50,-1,50,49,51,-1,50,51,52,-1,52,51,53,-1,52,53,54,-1,54,53,55,-1,54,55,56,-1,56,55,57,-1,56,57,58,-1,58,57,59,-1,58,59,60,-1,60,59,61,-1,60,61,62,-1,62,61,63,-1,64,65,63,-1,63,65,66,-1,63,66,62,-1,64,67,65,-1,65,67,68,-1,65,68,69,-1,70,69,71,-1,71,69,68,-1,72,73,74,-1,70,71,75,-1,70,75,76,-1,75,77,76,-1,76,77,78,-1,76,78,74,-1,74,78,79,-1,74,79,72,-1,73,72,80,-1,73,80,81,-1,80,82,81,-1,81,82,83,-1,81,83,84,-1,84,83,85,-1,84,85,86,-1,86,85,87,-1,86,87,88,-1,88,87,89,-1,90,91,89,-1,89,91,92,-1,89,92,88,-1,90,93,91,-1,91,93,94,-1,91,94,95,-1,95,94,96,-1,95,96,97,-1,97,96,98,-1,99,100,98,-1,98,100,101,-1,98,101,97,-1,99,102,100,-1,100,102,103,-1,100,103,104,-1,104,103,105,-1,104,105,106,-1,107,108,109,-1,109,108,106,-1,109,106,105,-1,110,111,107,-1,107,111,112,-1,107,112,108,-1,110,113,111,-1,111,113,14,-1,111,14,13,-1,65,69,70,-1,56,58,81,-1,40,42,101,-1,48,50,92,-1,81,58,73,-1,65,70,66,-1,101,42,97,-1,92,50,88,-1,58,60,73,-1,73,60,62,-1,73,62,74,-1,74,62,66,-1,74,66,76,-1,76,66,70,-1,81,84,56,-1,56,84,86,-1,56,86,54,-1,54,86,88,-1,54,88,52,-1,52,88,50,-1,101,100,40,-1,40,100,104,-1,40,104,38,-1,38,104,106,-1,38,106,36,-1,36,106,108,-1,36,108,34,-1,34,108,112,-1,34,112,32,-1,32,112,111,-1,32,111,30,-1,30,111,13,-1,30,13,28,-1,28,13,12,-1,28,12,25,-1,25,12,17,-1,25,17,22,-1,22,17,21,-1,42,44,97,-1,97,44,46,-1,97,46,95,-1,95,46,48,-1,95,48,91,-1,91,48,92,-1,114,115,116,-1,116,115,117,-1,118,119,120,-1,120,119,114,-1,120,114,116,-1,121,119,122,-1,122,119,118,-1,121,122,123,-1,123,122,124,-1,123,124,125,-1,126,123,127,-1,127,123,125,-1,128,129,130,-1,130,129,126,-1,130,126,127,-1,131,129,132,-1,132,129,128,-1,133,134,135,-1,135,134,131,-1,135,131,132,-1,136,134,137,-1,137,134,133,-1,138,139,140,-1,140,139,136,-1,140,136,137,-1,141,139,142,-1,142,139,138,-1,117,115,143,-1,143,115,141,-1,143,141,142,-1,141,115,114,-1,114,119,141,-1,141,119,121,-1,141,121,139,-1,134,136,131,-1,131,136,139,-1,131,139,129,-1,129,139,121,-1,129,121,126,-1,126,121,123,-1,144,145,146,-1,146,145,147,-1,146,147,148,-1,148,147,149,-1,148,149,150,-1,150,149,151,-1,150,151,152,-1,152,151,153,-1,152,153,154,-1,154,153,155,-1,154,155,156,-1,156,155,157,-1,156,157,158,-1,158,157,159,-1,158,159,160,-1,160,159,161,-1,161,159,162,-1,161,162,163,-1,163,162,164,-1,163,164,165,-1,165,164,166,-1,165,166,167,-1,167,166,168,-1,167,168,169,-1,169,168,170,-1,169,170,171,-1,171,170,172,-1,171,172,173,-1,173,172,174,-1,173,174,175,-1,175,174,176,-1,175,176,177,-1,177,176,178,-1,177,178,144,-1,144,178,179,-1,144,179,145,-1,153,151,180,-1,180,151,181,-1,153,180,182,-1,153,182,155,-1,155,182,183,-1,155,183,157,-1,157,183,184,-1,157,184,159,-1,159,184,185,-1,159,185,162,-1,162,185,186,-1,162,186,164,-1,164,186,187,-1,164,187,166,-1,166,187,188,-1,166,188,168,-1,168,188,189,-1,168,189,170,-1,170,189,190,-1,170,190,172,-1,172,190,191,-1,172,191,174,-1,174,191,192,-1,174,192,176,-1,176,192,193,-1,176,193,178,-1,178,193,194,-1,178,194,179,-1,179,194,195,-1,179,195,145,-1,145,195,196,-1,145,196,147,-1,149,147,197,-1,197,147,196,-1,151,149,181,-1,181,149,197,-1,146,148,198,-1,198,148,199,-1,148,150,199,-1,199,150,200,-1,150,152,200,-1,200,152,201,-1,160,202,203,-1,160,203,158,-1,158,203,204,-1,158,204,156,-1,156,204,205,-1,156,205,154,-1,154,205,201,-1,154,201,152,-1,167,206,207,-1,167,207,165,-1,165,207,208,-1,165,208,163,-1,163,208,209,-1,163,209,161,-1,161,209,202,-1,161,202,160,-1,175,210,211,-1,175,211,173,-1,173,211,212,-1,173,212,171,-1,171,212,213,-1,171,213,169,-1,169,213,206,-1,169,206,167,-1,146,198,214,-1,146,214,144,-1,144,214,215,-1,144,215,177,-1,177,215,210,-1,177,210,175,-1,
        ]
    }
}
Shape{
    appearance Appearance {
        material  Material 	{
            diffuseColor 0.25098039215686274 0.25098039215686274 0.25098039215686274
            specularColor 0.12549019607843137 0.12549019607843137 0.12549019607843137
            ambientIntensity 0.2
            transparency 0
            shininess 0.5
        }
    }
    geometry IndexedFaceSet {
        ccw TRUE
        solid FALSE
        coord DEF co Coordinate {
            point [
                3.5 0.1459 0.8501, 3.5 0.1459 0.7678, 3.5 0.162 0.8501, 3.5 0.1614 0.7678, 3.5 0.174 0.7691, 3.5 0.1834 0.7722, 3.5 0.1906 0.7767, 3.5 0.1931 0.779, 3.5 0.1987 0.786, 3.5 0.2023 0.794, 3.5 0.2043 0.8039, 3.5 0.2045 0.81, 3.5 0.2033 0.822, 3.5 0.2005 0.8302, 3.5 0.1965 0.8364, 3.5 0.1928 0.8401, 3.5 0.1756 0.8487, 3.5 0.1849 0.8454, 3.5 0.1849 0.8454
            ]
        }
        coordIndex [
            0,1,2,-1,2,1,3,-1,2,3,4,-1,4,5,2,-1,2,5,6,-1,2,6,7,-1,7,8,2,-1,2,8,9,-1,2,9,10,-1,10,11,2,-1,2,11,12,-1,2,12,13,-1,13,14,2,-1,2,14,15,-1,2,15,16,-1,16,15,17,-1,
        ]
    }
}
Shape{
    appearance Appearance {
        material  Material 	{
            diffuseColor 1.0 1.0 1.0
            specularColor 0.5019607843137255 0.5019607843137255 0.5019607843137255
            ambientIntensity 0.2
            transparency 0
            shininess 0.5
        }
    }
    geometry IndexedFaceSet {
        ccw TRUE
        solid FALSE
        coord DEF co Coordinate {
            point [
                3.5039 0.2548 0.7969, 3.5039 0.2504 0.7848, 3.5039 0.2906 0.7969, 3.5039 0.2949 0.7848, 3.5039 0.2708 0.8413, 3.5039 0.2656 0.8624, 3.5039 0.225 0.7556, 3.5039 0.2402 0.7556, 3.5039 0.2717 0.8445, 3.5039 0.2725 0.8488, 3.5039 0.2803 0.8624, 3.5039 0.2728 0.8488, 3.5039 0.2737 0.8442, 3.5039 0.2745 0.8413, 3.5039 0.321 0.7556, 3.5039 0.3058 0.7556, 3.5 0.2803 0.8624, 3.5 0.321 0.7556, 3.5 0.2656 0.8624, 3.5 0.225 0.7556, 3.5 0.2557 0.8364, 3.5 0.2402 0.7556, 3.5 0.2504 0.7848, 3.5 0.2949 0.7848, 3.5 0.2557 0.7848, 3.5 0.3058 0.7556, 3.5 0.2548 0.7969, 3.5 0.2906 0.7969, 3.5 0.2745 0.8413, 3.5 0.2728 0.8488, 3.5 0.2737 0.8442, 3.5 0.2725 0.8488, 3.5 0.2708 0.8413, 3.5 0.2717 0.8445, 3.5 0.2717 0.8445
            ]
        }
        coordIndex [
            0,1,2,-1,2,1,3,-1,4,5,0,-1,0,5,6,-1,0,6,1,-1,1,6,7,-1,4,8,5,-1,5,8,9,-1,5,9,10,-1,10,9,11,-1,10,11,12,-1,12,13,10,-1,10,13,2,-1,10,2,14,-1,14,2,3,-1,14,3,15,-1,10,14,16,-1,16,14,17,-1,5,10,18,-1,18,10,16,-1,19,6,20,-1,20,6,5,-1,20,5,18,-1,7,6,21,-1,21,6,19,-1,1,7,22,-1,22,7,21,-1,23,3,24,-1,24,3,1,-1,24,1,22,-1,15,3,25,-1,25,3,23,-1,14,15,17,-1,17,15,25,-1,0,2,26,-1,26,2,27,-1,2,13,27,-1,27,13,28,-1,11,29,30,-1,11,30,12,-1,12,30,28,-1,12,28,13,-1,11,9,29,-1,29,9,31,-1,4,32,33,-1,4,33,8,-1,8,33,31,-1,8,31,9,-1,4,0,32,-1,32,0,26,-1,
        ]
    }
}
Shape{
    appearance Appearance {
        material  Material 	{
            diffuseColor 0.25098039215686274 0.25098039215686274 0.25098039215686274
            specularColor 0.12549019607843137 0.12549019607843137 0.12549019607843137
            ambientIntensity 0.2
            transparency 0
            shininess 0.5
        }
    }
    geometry IndexedFaceSet {
        ccw TRUE
        solid FALSE
        coord DEF co Coordinate {
            point [
                3.5 0.2728 0.8488, 3.5 0.2725 0.8488, 3.5 0.2737 0.8442, 3.5 0.2717 0.8445, 3.5 0.2745 0.8413, 3.5 0.2708 0.8413, 3.5 0.2906 0.7969, 3.5 0.2548 0.7969, 3.5 0.2548 0.7969
            ]
        }
        coordIndex [
            0,1,2,-1,2,1,3,-1,2,3,4,-1,4,3,5,-1,4,5,6,-1,6,5,7,-1,
        ]
    }
}
Shape{
    appearance Appearance {
        material  Material 	{
            diffuseColor 1.0 1.0 1.0
            specularColor 0.5019607843137255 0.5019607843137255 0.5019607843137255
            ambientIntensity 0.2
            transparency 0
            shininess 0.5
        }
    }
    geometry IndexedFaceSet {
        ccw TRUE
        solid FALSE
        coord DEF co Coordinate {
            point [
                3.5039 -0.05 0.5985, 3.5039 -0.05 0.5863, 3.5 -0.05 0.5985, 3.5 -0.05 0.5863, 3.5039 -0.0937 0.5985, 3.5 -0.0937 0.5985, 3.5039 -0.0937 0.6344, 3.5 -0.0937 0.6344, 3.5039 -0.0555 0.6344, 3.5 -0.0555 0.6344, 3.5039 -0.0555 0.6466, 3.5 -0.0555 0.6466, 3.5039 -0.0937 0.6466, 3.5 -0.0937 0.6466, 3.5039 -0.0937 0.6808, 3.5 -0.0937 0.6808, 3.5039 -0.0525 0.6808, 3.5 -0.0525 0.6808, 3.5039 -0.0525 0.693, 3.5 -0.0525 0.693, 3.5039 -0.1074 0.693, 3.5 -0.1074 0.693, 3.5039 -0.1074 0.5863, 3.5 -0.1074 0.5863, 3.5039 0.0103 0.5981, 3.5039 0.0107 0.5981, 3.5039 0.0098 0.6104, 3.5039 0.0107 0.6163, 3.5039 0.024 0.6353, 3.5039 0.0107 0.6172, 3.5039 0.0107 0.6245, 3.5039 0.0107 0.5863, 3.5039 0.024 0.5863, 3.5039 -0.0227 0.6288, 3.5039 -0.0183 0.6188, 3.5039 -0.0151 0.6203, 3.5039 0.0078 0.6056, 3.5039 0.0049 0.6017, 3.5039 0.0082 0.5949, 3.5039 0.0033 0.6, 3.5039 0.004 0.5904, 3.5039 -0.0005 0.5975, 3.5039 -0.0007 0.5872, 3.5039 -0.0046 0.596, 3.5039 -0.0062 0.5852, 3.5039 -0.0096 0.5955, 3.5039 -0.013 0.5845, 3.5039 -0.0141 0.596, 3.5039 -0.021 0.5854, 3.5039 -0.0171 0.5971, 3.5039 -0.0262 0.5873, 3.5039 -0.0198 0.5989, 3.5039 -0.0307 0.5905, 3.5039 -0.0209 0.6, 3.5039 -0.0119 0.6316, 3.5039 -0.0072 0.6221, 3.5039 0.0107 0.6347, 3.5039 -0.0298 0.6572, 3.5039 -0.0298 0.6442, 3.5039 -0.0256 0.6595, 3.5039 -0.0208 0.6499, 3.5039 -0.0154 0.663, 3.5039 -0.0125 0.6526, 3.5039 -0.0035 0.6643, 3.5039 -0.0048 0.6534, 3.5039 0.0051 0.6634, 3.5039 -0.0002 0.6529, 3.5039 0.0106 0.6617, 3.5039 0.0029 0.6519, 3.5039 0.0149 0.6591, 3.5039 0.0052 0.6503, 3.5039 0.0178 0.6563, 3.5039 0.0072 0.6482, 3.5039 0.0206 0.6521, 3.5039 0.0088 0.6454, 3.5039 0.0228 0.6463, 3.5039 0.0102 0.6407, 3.5039 -0.0201 0.6174, 3.5039 -0.0282 0.6259, 3.5039 -0.0217 0.6155, 3.5039 -0.0321 0.6223, 3.5039 -0.0229 0.613, 3.5039 -0.0349 0.6179, 3.5039 -0.0236 0.6099, 3.5039 -0.0366 0.6131, 3.5039 -0.0237 0.6078, 3.5039 -0.0372 0.6067, 3.5039 -0.0233 0.6047, 3.5039 -0.0366 0.6006, 3.5039 -0.0224 0.6023, 3.5039 -0.035 0.5961, 3.5039 -0.0322 0.592, 3.5 -0.0035 0.6643, 3.5 -0.0154 0.663, 3.5 -0.0256 0.6595, 3.5 -0.0298 0.6572, 3.5 -0.0298 0.6442, 3.5 -0.0208 0.6499, 3.5 -0.0125 0.6526, 3.5 -0.0048 0.6534, 3.5 -0.0002 0.6529, 3.5 0.0029 0.6519, 3.5 0.0052 0.6503, 3.5 0.0072 0.6482, 3.5 0.0088 0.6454, 3.5 0.0102 0.6407, 3.5 0.0107 0.6347, 3.5 -0.0119 0.6316, 3.5 -0.0227 0.6288, 3.5 -0.0282 0.6259, 3.5 -0.0321 0.6223, 3.5 -0.0349 0.6179, 3.5 -0.0366 0.6131, 3.5 -0.0372 0.6067, 3.5 -0.0366 0.6006, 3.5 -0.035 0.5961, 3.5 -0.0322 0.592, 3.5 -0.0307 0.5905, 3.5 -0.013 0.5845, 3.5 -0.0208 0.5854, 3.5 -0.021 0.5854, 3.5 -0.0262 0.5873, 3.5 -0.0062 0.5852, 3.5 -0.0058 0.5854, 3.5 -0.0007 0.5872, 3.5 0.004 0.5904, 3.5 0.0082 0.5949, 3.5 0.0103 0.5981, 3.5 0.0107 0.5981, 3.5 0.0107 0.5863, 3.5 0.024 0.5863, 3.5 0.024 0.6353, 3.5 0.0228 0.6463, 3.5 0.0206 0.6521, 3.5 0.0178 0.6563, 3.5 0.0149 0.6591, 3.5 0.0106 0.6617, 3.5 0.0051 0.6634, 3.5 -0.0201 0.6174, 3.5 -0.0183 0.6188, 3.5 -0.0151 0.6203, 3.5 -0.0072 0.6221, 3.5 -0.0237 0.6078, 3.5 -0.0236 0.6099, 3.5 -0.0229 0.613, 3.5 -0.0217 0.6155, 3.5 -0.0198 0.5989, 3.5 -0.0209 0.6, 3.5 -0.0224 0.6023, 3.5 -0.0233 0.6047, 3.5 -0.0096 0.5955, 3.5 -0.0141 0.596, 3.5 -0.0171 0.5971, 3.5 0.0049 0.6017, 3.5 0.0033 0.6, 3.5 -0.0005 0.5975, 3.5 -0.0046 0.596, 3.5 0.0107 0.6172, 3.5 0.0107 0.6163, 3.5 0.0098 0.6104, 3.5 0.0078 0.6056, 3.5 0.0107 0.6245, 3.5 0.0107 0.6245
            ]
        }
        coordIndex [
            0,1,2,-1,2,1,3,-1,4,0,5,-1,5,0,2,-1,6,4,7,-1,7,4,5,-1,8,6,9,-1,9,6,7,-1,10,8,11,-1,11,8,9,-1,12,10,13,-1,13,10,11,-1,14,12,15,-1,15,12,13,-1,16,14,17,-1,17,14,15,-1,18,16,19,-1,19,16,17,-1,20,18,21,-1,21,18,19,-1,22,20,23,-1,23,20,21,-1,1,22,3,-1,3,22,23,-1,22,1,0,-1,0,4,22,-1,22,4,6,-1,22,6,20,-1,16,18,14,-1,14,18,20,-1,14,20,12,-1,12,20,6,-1,12,6,10,-1,10,6,8,-1,24,25,26,-1,27,28,29,-1,29,28,30,-1,31,32,25,-1,25,32,28,-1,25,28,26,-1,26,28,27,-1,33,34,35,-1,26,36,24,-1,24,36,37,-1,24,37,38,-1,38,37,39,-1,38,39,40,-1,40,39,41,-1,40,41,42,-1,42,41,43,-1,42,43,44,-1,44,43,45,-1,44,45,46,-1,46,45,47,-1,46,47,48,-1,48,47,49,-1,48,49,50,-1,50,49,51,-1,50,51,52,-1,52,51,53,-1,33,35,54,-1,54,35,55,-1,54,55,56,-1,57,58,59,-1,59,58,60,-1,59,60,61,-1,61,60,62,-1,61,62,63,-1,63,62,64,-1,63,64,65,-1,65,64,66,-1,65,66,67,-1,67,66,68,-1,67,68,69,-1,69,68,70,-1,69,70,71,-1,71,70,72,-1,71,72,73,-1,73,72,74,-1,73,74,75,-1,75,74,76,-1,75,76,28,-1,28,76,56,-1,28,56,30,-1,30,56,55,-1,34,33,77,-1,77,33,78,-1,77,78,79,-1,79,78,80,-1,79,80,81,-1,81,80,82,-1,81,82,83,-1,83,82,84,-1,83,84,85,-1,85,84,86,-1,85,86,87,-1,87,86,88,-1,87,88,89,-1,89,88,90,-1,89,90,53,-1,53,90,91,-1,53,91,52,-1,63,92,93,-1,63,93,61,-1,61,93,94,-1,61,94,59,-1,59,94,95,-1,59,95,57,-1,58,57,96,-1,96,57,95,-1,58,96,97,-1,58,97,60,-1,60,97,98,-1,60,98,62,-1,62,98,99,-1,62,99,64,-1,64,99,100,-1,64,100,66,-1,66,100,101,-1,66,101,68,-1,68,101,102,-1,68,102,70,-1,70,102,103,-1,70,103,72,-1,72,103,104,-1,72,104,74,-1,74,104,105,-1,74,105,76,-1,76,105,106,-1,76,106,56,-1,54,56,107,-1,107,56,106,-1,54,107,108,-1,54,108,33,-1,33,108,109,-1,33,109,78,-1,78,109,110,-1,78,110,80,-1,80,110,111,-1,80,111,82,-1,82,111,112,-1,82,112,84,-1,84,112,113,-1,84,113,86,-1,86,113,114,-1,86,114,88,-1,88,114,115,-1,88,115,90,-1,90,115,116,-1,90,116,91,-1,91,116,117,-1,91,117,52,-1,118,46,119,-1,119,46,48,-1,119,48,120,-1,120,48,50,-1,120,50,121,-1,121,50,52,-1,121,52,117,-1,46,118,122,-1,46,122,44,-1,44,122,123,-1,44,123,42,-1,123,124,42,-1,42,124,125,-1,42,125,40,-1,40,125,126,-1,40,126,38,-1,38,126,127,-1,38,127,24,-1,25,24,128,-1,128,24,127,-1,31,25,129,-1,129,25,128,-1,32,31,130,-1,130,31,129,-1,28,32,131,-1,131,32,130,-1,28,131,132,-1,28,132,75,-1,75,132,133,-1,75,133,73,-1,73,133,134,-1,73,134,71,-1,71,134,135,-1,71,135,69,-1,69,135,136,-1,69,136,67,-1,67,136,137,-1,67,137,65,-1,65,137,92,-1,65,92,63,-1,77,138,139,-1,77,139,34,-1,34,139,140,-1,34,140,35,-1,35,140,141,-1,35,141,55,-1,85,142,143,-1,85,143,83,-1,83,143,144,-1,83,144,81,-1,81,144,145,-1,81,145,79,-1,79,145,138,-1,79,138,77,-1,51,146,147,-1,51,147,53,-1,53,147,148,-1,53,148,89,-1,89,148,149,-1,89,149,87,-1,87,149,142,-1,87,142,85,-1,45,150,151,-1,45,151,47,-1,47,151,152,-1,47,152,49,-1,49,152,146,-1,49,146,51,-1,37,153,154,-1,37,154,39,-1,39,154,155,-1,39,155,41,-1,41,155,156,-1,41,156,43,-1,43,156,150,-1,43,150,45,-1,29,157,158,-1,29,158,27,-1,27,158,159,-1,27,159,26,-1,26,159,160,-1,26,160,36,-1,36,160,153,-1,36,153,37,-1,29,30,157,-1,157,30,161,-1,30,55,161,-1,161,55,141,-1,
        ]
    }
}
Shape{
    appearance Appearance {
        material  Material 	{
            diffuseColor 0.25098039215686274 0.25098039215686274 0.25098039215686274
            specularColor 0.12549019607843137 0.12549019607843137 0.12549019607843137
            ambientIntensity 0.2
            transparency 0
            shininess 0.5
        }
    }
    geometry IndexedFaceSet {
        ccw TRUE
        solid FALSE
        coord DEF co Coordinate {
            point [
                3.5 0.0107 0.6245, 3.5 -0.0072 0.6221, 3.5 0.0107 0.6172, 3.5 -0.0151 0.6203, 3.5 -0.0183 0.6188, 3.5 -0.0201 0.6174, 3.5 0.0107 0.6163, 3.5 0.0098 0.6104, 3.5 -0.0217 0.6155, 3.5 0.0078 0.6056, 3.5 -0.0209 0.6, 3.5 -0.0198 0.5989, 3.5 0.0033 0.6, 3.5 -0.0224 0.6023, 3.5 -0.0005 0.5975, 3.5 -0.0046 0.596, 3.5 -0.0096 0.5955, 3.5 -0.0229 0.613, 3.5 -0.0236 0.6099, 3.5 0.0049 0.6017, 3.5 -0.0237 0.6078, 3.5 -0.0233 0.6047, 3.5 -0.0171 0.5971, 3.5 -0.0141 0.596, 3.5 -0.0141 0.596
            ]
        }
        coordIndex [
            0,1,2,-1,2,1,3,-1,3,4,2,-1,2,4,5,-1,2,5,6,-1,6,5,7,-1,7,5,8,-1,7,8,9,-1,10,11,12,-1,10,12,13,-1,14,12,15,-1,15,12,16,-1,8,17,9,-1,9,17,18,-1,9,18,19,-1,19,18,20,-1,19,20,12,-1,12,20,21,-1,12,21,13,-1,11,22,12,-1,12,22,23,-1,12,23,16,-1,
        ]
    }
}
Shape{
    appearance Appearance {
        material  Material 	{
            diffuseColor 1.0 1.0 1.0
            specularColor 0.5019607843137255 0.5019607843137255 0.5019607843137255
            ambientIntensity 0.2
            transparency 0
            shininess 0.5
        }
    }
    geometry IndexedFaceSet {
        ccw TRUE
        solid FALSE
        coord DEF co Coordinate {
            point [
                3.5 0.0422 0.6028, 3.5039 0.0422 0.6028, 3.5039 0.0465 0.6, 3.5039 0.0642 0.5954, 3.5 0.0642 0.5954, 3.5 0.0549 0.5966, 3.5039 0.0549 0.5966, 3.5 0.0483 0.5993, 3.5 0.0465 0.6, 3.5039 0.0422 0.589, 3.5 0.0422 0.589, 3.5039 0.0514 0.5857, 3.5 0.0483 0.5868, 3.5 0.0628 0.5845, 3.5039 0.0628 0.5845, 3.5 0.0543 0.5854, 3.5 0.0514 0.5857, 3.5039 0.0742 0.5857, 3.5 0.0711 0.5854, 3.5 0.0742 0.5857, 3.5 0.0814 0.5883, 3.5039 0.0814 0.5883, 3.5 0.0851 0.5905, 3.5039 0.0851 0.5905, 3.5 0.0889 0.5939, 3.5039 0.0889 0.5939, 3.5 0.0914 0.5974, 3.5039 0.0914 0.5974, 3.5 0.093 0.6016, 3.5039 0.093 0.6016, 3.5 0.0937 0.607, 3.5039 0.0937 0.607, 3.5 0.0931 0.612, 3.5039 0.0931 0.612, 3.5 0.0917 0.6159, 3.5039 0.0917 0.6159, 3.5 0.0892 0.6196, 3.5039 0.0892 0.6196, 3.5 0.086 0.6225, 3.5039 0.086 0.6225, 3.5 0.0771 0.6274, 3.5039 0.0771 0.6274, 3.5 0.0719 0.6295, 3.5039 0.0719 0.6295, 3.5 0.0637 0.6331, 3.5039 0.0637 0.6331, 3.5 0.0589 0.6361, 3.5039 0.0589 0.6361, 3.5 0.0576 0.6375, 3.5039 0.0576 0.6375, 3.5 0.0567 0.6393, 3.5039 0.0567 0.6393, 3.5 0.0561 0.6414, 3.5039 0.0561 0.6414, 3.5 0.056 0.6432, 3.5039 0.056 0.6432, 3.5 0.0563 0.6453, 3.5039 0.0563 0.6453, 3.5 0.0569 0.6471, 3.5039 0.0569 0.6471, 3.5 0.0581 0.6488, 3.5039 0.0581 0.6488, 3.5 0.0601 0.6506, 3.5039 0.0601 0.6506, 3.5 0.0631 0.6522, 3.5039 0.0631 0.6522, 3.5 0.0667 0.6531, 3.5039 0.0667 0.6531, 3.5 0.0706 0.6534, 3.5039 0.0706 0.6534, 3.5 0.0803 0.6522, 3.5039 0.0803 0.6522, 3.5 0.0878 0.6492, 3.5039 0.0878 0.6492, 3.5 0.09 0.6479, 3.5039 0.09 0.6479, 3.5039 0.09 0.6609, 3.5 0.09 0.6609, 3.5 0.0802 0.6636, 3.5039 0.0802 0.6636, 3.5 0.0719 0.6643, 3.5039 0.0719 0.6643, 3.5 0.0614 0.663, 3.5039 0.0614 0.663, 3.5 0.0542 0.6603, 3.5039 0.0542 0.6603, 3.5 0.0508 0.6582, 3.5039 0.0508 0.6582, 3.5 0.0483 0.656, 3.5039 0.0468 0.6547, 3.5 0.0468 0.6547, 3.5 0.0444 0.651, 3.5039 0.0444 0.651, 3.5 0.0428 0.6467, 3.5039 0.0428 0.6467, 3.5 0.0422 0.642, 3.5039 0.0422 0.642, 3.5 0.0428 0.6368, 3.5039 0.0428 0.6368, 3.5 0.0443 0.6327, 3.5039 0.0443 0.6327, 3.5 0.046 0.6299, 3.5039 0.046 0.6299, 3.5 0.0625 0.6198, 3.5039 0.0625 0.6198, 3.5039 0.0545 0.6234, 3.5 0.0482 0.6276, 3.5039 0.0482 0.6276, 3.5 0.0483 0.6275, 3.5 0.0545 0.6234, 3.5 0.0713 0.6161, 3.5039 0.0713 0.6161, 3.5 0.0765 0.613, 3.5039 0.0765 0.613, 3.5 0.0782 0.6112, 3.5039 0.0782 0.6112, 3.5 0.0792 0.6095, 3.5039 0.0792 0.6095, 3.5 0.0798 0.6074, 3.5039 0.0798 0.6074, 3.5 0.0799 0.6057, 3.5039 0.0799 0.6057, 3.5 0.0797 0.6032, 3.5039 0.0797 0.6032, 3.5 0.079 0.6013, 3.5039 0.079 0.6013, 3.5 0.0778 0.5995, 3.5039 0.0778 0.5995, 3.5 0.0763 0.5982, 3.5039 0.0763 0.5982, 3.5 0.0751 0.5974, 3.5039 0.0751 0.5974, 3.5 0.0716 0.5962, 3.5039 0.0716 0.5962, 3.5 0.0647 0.5954, 3.5039 0.0647 0.5954, 3.5039 0.1599 0.6625, 3.5039 0.1738 0.6625, 3.5 0.1599 0.6625, 3.5 0.1738 0.6625, 3.5039 0.1391 0.6051, 3.5 0.1391 0.6051, 3.5 0.1381 0.6016, 3.5039 0.1381 0.6016, 3.5 0.1375 0.5989, 3.5039 0.1375 0.5989, 3.5039 0.1371 0.5989, 3.5 0.1371 0.5989, 3.5039 0.1355 0.6052, 3.5 0.1355 0.6052, 3.5 0.1156 0.6625, 3.5039 0.1156 0.6625, 3.5 0.122 0.644, 3.5039 0.1006 0.6625, 3.5 0.1006 0.6625, 3.5 0.1305 0.5864, 3.5039 0.1305 0.5864, 3.5 0.122 0.6081, 3.5 0.1247 0.5726, 3.5039 0.1247 0.5726, 3.5 0.1301 0.5854, 3.5 0.122 0.5678, 3.5039 0.122 0.5678, 3.5 0.122 0.5678, 3.5039 0.1196 0.565, 3.5 0.1196 0.565, 3.5 0.1171 0.5633, 3.5039 0.1171 0.5633, 3.5 0.1142 0.5622, 3.5039 0.1142 0.5622, 3.5 0.111 0.5618, 3.5039 0.111 0.5618, 3.5 0.1061 0.5625, 3.5039 0.1061 0.5625, 3.5 0.1034 0.5634, 3.5039 0.1034 0.5634, 3.5039 0.1034 0.5515, 3.5 0.1034 0.5515, 3.5 0.109 0.5505, 3.5039 0.109 0.5505, 3.5 0.112 0.5504, 3.5039 0.112 0.5504, 3.5 0.1174 0.551, 3.5039 0.1174 0.551, 3.5 0.122 0.5528, 3.5039 0.1227 0.553, 3.5 0.1227 0.553, 3.5 0.1273 0.5563, 3.5039 0.1273 0.5563, 3.5 0.1283 0.5571, 3.5039 0.1283 0.5571, 3.5 0.1332 0.563, 3.5039 0.1332 0.563, 3.5 0.1392 0.5748, 3.5039 0.1392 0.5748, 3.5 0.1434 0.5854, 3.5039 0.2456 0.5985, 3.5039 0.2456 0.5863, 3.5 0.2456 0.5985, 3.5 0.2456 0.5863, 3.5 0.202 0.5985, 3.5039 0.202 0.5985, 3.5 0.222 0.5985, 3.5039 0.202 0.6344, 3.5 0.202 0.6344, 3.5 0.2402 0.6344, 3.5039 0.2402 0.6344, 3.5 0.222 0.6344, 3.5039 0.2402 0.6466, 3.5 0.2402 0.6466, 3.5 0.202 0.6466, 3.5039 0.202 0.6466, 3.5 0.222 0.6466, 3.5039 0.202 0.6808, 3.5 0.202 0.6808, 3.5 0.2432 0.6808, 3.5039 0.2432 0.6808, 3.5 0.222 0.6808, 3.5039 0.2432 0.693, 3.5 0.2432 0.693, 3.5 0.1882 0.693, 3.5039 0.1882 0.693, 3.5 0.222 0.693, 3.5039 0.1882 0.5863, 3.5 0.1882 0.5863, 3.5 0.222 0.5863, 3.5039 0.3093 0.6793, 3.5039 0.2983 0.693, 3.5039 0.2957 0.6808, 3.5039 0.2963 0.693, 3.5039 0.2796 0.6808, 3.5039 0.2658 0.693, 3.5039 0.2796 0.5985, 3.5039 0.2658 0.5863, 3.5039 0.2951 0.5985, 3.5039 0.2952 0.5863, 3.5039 0.3077 0.5997, 3.5039 0.3131 0.5884, 3.5039 0.3171 0.6028, 3.5039 0.3253 0.5932, 3.5039 0.3243 0.6074, 3.5039 0.3366 0.6012, 3.5039 0.3268 0.6096, 3.5039 0.3324 0.6166, 3.5039 0.3439 0.6097, 3.5039 0.336 0.6246, 3.5039 0.3494 0.6206, 3.5039 0.3379 0.6346, 3.5039 0.3523 0.6329, 3.5039 0.3382 0.6406, 3.5039 0.3527 0.641, 3.5039 0.337 0.6526, 3.5039 0.3515 0.6535, 3.5039 0.3341 0.6608, 3.5039 0.3479 0.6641, 3.5039 0.3302 0.667, 3.5039 0.3416 0.6738, 3.5039 0.3265 0.6707, 3.5039 0.3366 0.6789, 3.5039 0.3185 0.676, 3.5039 0.3271 0.6857, 3.5039 0.3144 0.6908, 3.5 0.2952 0.5863, 3.5 0.2658 0.5863, 3.5 0.3131 0.5884, 3.5 0.3253 0.5932, 3.5 0.3366 0.6012, 3.5 0.3439 0.6097, 3.5 0.3494 0.6206, 3.5 0.3523 0.6329, 3.5 0.3527 0.641, 3.5 0.3515 0.6535, 3.5 0.3479 0.6641, 3.5 0.3416 0.6738, 3.5 0.3366 0.6789, 3.5 0.3271 0.6857, 3.5 0.3144 0.6908, 3.5 0.2983 0.693, 3.5 0.2963 0.693, 3.5 0.2658 0.693, 3.5 0.2957 0.6808, 3.5 0.2796 0.6808, 3.5 0.2796 0.5985, 3.5 0.2951 0.5985, 3.5 0.3268 0.6096, 3.5 0.3243 0.6074, 3.5 0.3171 0.6028, 3.5 0.3077 0.5997, 3.5 0.3382 0.6406, 3.5 0.3379 0.6346, 3.5 0.336 0.6246, 3.5 0.3324 0.6166, 3.5 0.3265 0.6707, 3.5 0.3302 0.667, 3.5 0.3341 0.6608, 3.5 0.337 0.6526, 3.5 0.3093 0.6793, 3.5 0.3185 0.676, 3.5 0.3185 0.676
            ]
        }
        coordIndex [
            0,1,2,-1,3,4,5,-1,3,5,6,-1,6,5,7,-1,6,7,2,-1,2,7,8,-1,2,8,0,-1,9,1,10,-1,10,1,0,-1,9,10,11,-1,11,10,12,-1,13,14,15,-1,15,14,11,-1,15,11,16,-1,16,11,12,-1,14,13,17,-1,17,13,18,-1,18,19,17,-1,17,19,20,-1,17,20,21,-1,21,20,22,-1,21,22,23,-1,23,22,24,-1,23,24,25,-1,25,24,26,-1,25,26,27,-1,27,26,28,-1,27,28,29,-1,29,28,30,-1,29,30,31,-1,31,30,32,-1,31,32,33,-1,33,32,34,-1,33,34,35,-1,35,34,36,-1,35,36,37,-1,37,36,38,-1,37,38,39,-1,39,38,40,-1,39,40,41,-1,41,40,42,-1,41,42,43,-1,43,42,44,-1,43,44,45,-1,45,44,46,-1,45,46,47,-1,47,46,48,-1,47,48,49,-1,49,48,50,-1,49,50,51,-1,51,50,52,-1,51,52,53,-1,53,52,54,-1,53,54,55,-1,55,54,56,-1,55,56,57,-1,57,56,58,-1,57,58,59,-1,59,58,60,-1,59,60,61,-1,61,60,62,-1,61,62,63,-1,63,62,64,-1,63,64,65,-1,65,64,66,-1,65,66,67,-1,67,66,68,-1,67,68,69,-1,69,68,70,-1,69,70,71,-1,71,70,72,-1,71,72,73,-1,73,72,74,-1,73,74,75,-1,76,75,77,-1,77,75,74,-1,76,77,78,-1,76,78,79,-1,79,78,80,-1,79,80,81,-1,81,80,82,-1,81,82,83,-1,83,82,84,-1,83,84,85,-1,85,84,86,-1,85,86,87,-1,86,88,87,-1,87,88,89,-1,88,90,89,-1,89,90,91,-1,89,91,92,-1,92,91,93,-1,92,93,94,-1,94,93,95,-1,94,95,96,-1,96,95,97,-1,96,97,98,-1,98,97,99,-1,98,99,100,-1,100,99,101,-1,100,101,102,-1,103,104,105,-1,102,101,106,-1,102,106,107,-1,107,106,108,-1,107,108,105,-1,105,108,109,-1,105,109,103,-1,104,103,110,-1,104,110,111,-1,111,110,112,-1,111,112,113,-1,113,112,114,-1,113,114,115,-1,115,114,116,-1,115,116,117,-1,117,116,118,-1,117,118,119,-1,119,118,120,-1,119,120,121,-1,121,120,122,-1,121,122,123,-1,123,122,124,-1,123,124,125,-1,125,124,126,-1,125,126,127,-1,127,126,128,-1,127,128,129,-1,129,128,130,-1,129,130,131,-1,131,130,132,-1,131,132,133,-1,133,132,134,-1,133,134,135,-1,135,134,4,-1,135,4,3,-1,61,63,85,-1,85,63,83,-1,111,43,104,-1,104,43,45,-1,14,3,11,-1,11,3,6,-1,11,6,9,-1,9,6,2,-1,9,2,1,-1,63,65,83,-1,83,65,67,-1,83,67,81,-1,81,67,69,-1,81,69,79,-1,79,69,71,-1,79,71,76,-1,76,71,73,-1,76,73,75,-1,21,23,127,-1,127,23,25,-1,127,25,125,-1,125,25,27,-1,125,27,123,-1,123,27,29,-1,123,29,121,-1,121,29,31,-1,121,31,119,-1,119,31,33,-1,119,33,117,-1,117,33,35,-1,117,35,115,-1,115,35,37,-1,115,37,113,-1,113,37,39,-1,113,39,111,-1,111,39,41,-1,111,41,43,-1,127,129,21,-1,21,129,131,-1,21,131,17,-1,17,131,133,-1,17,133,14,-1,14,133,135,-1,14,135,3,-1,85,87,61,-1,61,87,89,-1,61,89,59,-1,59,89,92,-1,59,92,57,-1,57,92,94,-1,57,94,55,-1,55,94,96,-1,55,96,53,-1,53,96,98,-1,53,98,51,-1,51,98,100,-1,51,100,49,-1,49,100,102,-1,49,102,47,-1,47,102,107,-1,47,107,45,-1,45,107,105,-1,45,105,104,-1,136,137,138,-1,138,137,139,-1,140,136,141,-1,141,136,138,-1,140,141,142,-1,140,142,143,-1,143,142,144,-1,143,144,145,-1,146,145,147,-1,147,145,144,-1,148,146,149,-1,149,146,147,-1,150,151,152,-1,152,151,148,-1,152,148,149,-1,153,151,154,-1,154,151,150,-1,155,156,157,-1,157,156,153,-1,157,153,154,-1,158,159,160,-1,160,159,156,-1,160,156,155,-1,159,158,161,-1,159,161,162,-1,162,161,163,-1,162,163,164,-1,163,165,164,-1,164,165,166,-1,164,166,167,-1,167,166,168,-1,167,168,169,-1,169,168,170,-1,169,170,171,-1,171,170,172,-1,171,172,173,-1,173,172,174,-1,173,174,175,-1,176,175,177,-1,177,175,174,-1,176,177,178,-1,176,178,179,-1,179,178,180,-1,179,180,181,-1,181,180,182,-1,181,182,183,-1,183,182,184,-1,183,184,185,-1,184,186,185,-1,185,186,187,-1,185,187,188,-1,188,187,189,-1,188,189,190,-1,190,189,191,-1,190,191,192,-1,192,191,193,-1,192,193,194,-1,139,137,195,-1,195,137,194,-1,195,194,193,-1,143,145,194,-1,137,136,194,-1,194,136,140,-1,194,140,143,-1,151,153,148,-1,148,153,156,-1,148,156,146,-1,192,162,190,-1,190,162,164,-1,175,176,173,-1,173,176,179,-1,173,179,171,-1,171,179,181,-1,171,181,169,-1,169,181,183,-1,169,183,167,-1,167,183,185,-1,167,185,164,-1,164,185,188,-1,164,188,190,-1,145,146,194,-1,194,146,156,-1,194,156,192,-1,192,156,159,-1,192,159,162,-1,196,197,198,-1,198,197,199,-1,200,201,202,-1,202,201,196,-1,202,196,198,-1,203,201,204,-1,204,201,200,-1,205,206,207,-1,207,206,203,-1,207,203,204,-1,208,206,209,-1,209,206,205,-1,210,211,212,-1,212,211,208,-1,212,208,209,-1,213,211,214,-1,214,211,210,-1,215,216,217,-1,217,216,213,-1,217,213,214,-1,218,216,219,-1,219,216,215,-1,220,221,222,-1,222,221,218,-1,222,218,219,-1,223,221,224,-1,224,221,220,-1,199,197,225,-1,225,197,223,-1,225,223,224,-1,223,197,196,-1,196,201,223,-1,223,201,203,-1,223,203,221,-1,216,218,213,-1,213,218,221,-1,213,221,211,-1,211,221,203,-1,211,203,208,-1,208,203,206,-1,226,227,228,-1,228,227,229,-1,228,229,230,-1,230,229,231,-1,230,231,232,-1,232,231,233,-1,232,233,234,-1,234,233,235,-1,234,235,236,-1,236,235,237,-1,236,237,238,-1,238,237,239,-1,238,239,240,-1,240,239,241,-1,240,241,242,-1,242,241,243,-1,243,241,244,-1,243,244,245,-1,245,244,246,-1,245,246,247,-1,247,246,248,-1,247,248,249,-1,249,248,250,-1,249,250,251,-1,251,250,252,-1,251,252,253,-1,253,252,254,-1,253,254,255,-1,255,254,256,-1,255,256,257,-1,257,256,258,-1,257,258,259,-1,259,258,260,-1,259,260,226,-1,226,260,261,-1,226,261,227,-1,235,233,262,-1,262,233,263,-1,235,262,264,-1,235,264,237,-1,237,264,265,-1,237,265,239,-1,239,265,266,-1,239,266,241,-1,241,266,267,-1,241,267,244,-1,244,267,268,-1,244,268,246,-1,246,268,269,-1,246,269,248,-1,248,269,270,-1,248,270,250,-1,250,270,271,-1,250,271,252,-1,252,271,272,-1,252,272,254,-1,254,272,273,-1,254,273,256,-1,256,273,274,-1,256,274,258,-1,258,274,275,-1,258,275,260,-1,260,275,276,-1,260,276,261,-1,261,276,277,-1,261,277,227,-1,227,277,278,-1,227,278,229,-1,231,229,279,-1,279,229,278,-1,233,231,263,-1,263,231,279,-1,228,230,280,-1,280,230,281,-1,230,232,281,-1,281,232,282,-1,232,234,282,-1,282,234,283,-1,242,284,285,-1,242,285,240,-1,240,285,286,-1,240,286,238,-1,238,286,287,-1,238,287,236,-1,236,287,283,-1,236,283,234,-1,249,288,289,-1,249,289,247,-1,247,289,290,-1,247,290,245,-1,245,290,291,-1,245,291,243,-1,243,291,284,-1,243,284,242,-1,257,292,293,-1,257,293,255,-1,255,293,294,-1,255,294,253,-1,253,294,295,-1,253,295,251,-1,251,295,288,-1,251,288,249,-1,228,280,296,-1,228,296,226,-1,226,296,297,-1,226,297,259,-1,259,297,292,-1,259,292,257,-1,
        ]
    }
}
Shape{
    appearance Appearance {
        material  Material 	{
            diffuseColor 0.25098039215686274 0.25098039215686274 0.25098039215686274
            specularColor 0.12549019607843137 0.12549019607843137 0.12549019607843137
            ambientIntensity 0.2
            transparency 0
            shininess 0.5
        }
    }
    geometry IndexedFaceSet {
        ccw TRUE
        solid FALSE
        coord DEF co Coordinate {
            point [
                3.5 0.2796 0.6808, 3.5 0.2796 0.5985, 3.5 0.2957 0.6808, 3.5 0.2951 0.5985, 3.5 0.3077 0.5997, 3.5 0.3171 0.6028, 3.5 0.3243 0.6074, 3.5 0.3268 0.6096, 3.5 0.3324 0.6166, 3.5 0.336 0.6246, 3.5 0.3379 0.6346, 3.5 0.3382 0.6406, 3.5 0.337 0.6526, 3.5 0.3341 0.6608, 3.5 0.3302 0.667, 3.5 0.3265 0.6707, 3.5 0.3093 0.6793, 3.5 0.3185 0.676, 3.5 0.3185 0.676
            ]
        }
        coordIndex [
            0,1,2,-1,2,1,3,-1,2,3,4,-1,4,5,2,-1,2,5,6,-1,2,6,7,-1,7,8,2,-1,2,8,9,-1,2,9,10,-1,10,11,2,-1,2,11,12,-1,2,12,13,-1,13,14,2,-1,2,14,15,-1,2,15,16,-1,16,15,17,-1,
        ]
    }
}
Shape{
    appearance Appearance {
        material  Material 	{
            diffuseColor 1.0 1.0 1.0
            specularColor 0.5019607843137255 0.5019607843137255 0.5019607843137255
            ambientIntensity 0.2
            transparency 0
            shininess 0.5
        }
    }
    geometry IndexedFaceSet {
        ccw TRUE
        solid FALSE
        coord DEF co Coordinate {
            point [
                3.5039 0.3885 0.6275, 3.5039 0.3841 0.6155, 3.5039 0.4243 0.6275, 3.5039 0.4286 0.6155, 3.5039 0.4045 0.6719, 3.5039 0.3993 0.693, 3.5039 0.3586 0.5863, 3.5039 0.3739 0.5863, 3.5039 0.4054 0.6751, 3.5039 0.4062 0.6794, 3.5039 0.414 0.693, 3.5039 0.4065 0.6794, 3.5039 0.4074 0.6749, 3.5039 0.4082 0.6719, 3.5039 0.4547 0.5863, 3.5039 0.4395 0.5863, 3.5 0.414 0.693, 3.5 0.4547 0.5863, 3.5 0.3993 0.693, 3.5 0.3586 0.5863, 3.5 0.3739 0.5863, 3.5 0.3841 0.6155, 3.5 0.4286 0.6155, 3.5 0.4395 0.5863, 3.5 0.3885 0.6275, 3.5 0.4243 0.6275, 3.5 0.4082 0.6719, 3.5 0.4065 0.6794, 3.5 0.4074 0.6749, 3.5 0.4062 0.6794, 3.5 0.4045 0.6719, 3.5 0.4054 0.6751, 3.5 0.4054 0.6751
            ]
        }
        coordIndex [
            0,1,2,-1,2,1,3,-1,4,5,0,-1,0,5,6,-1,0,6,1,-1,1,6,7,-1,4,8,5,-1,5,8,9,-1,5,9,10,-1,10,9,11,-1,10,11,12,-1,12,13,10,-1,10,13,2,-1,10,2,14,-1,14,2,3,-1,14,3,15,-1,10,14,16,-1,16,14,17,-1,5,10,18,-1,18,10,16,-1,6,5,19,-1,19,5,18,-1,7,6,20,-1,20,6,19,-1,1,7,21,-1,21,7,20,-1,3,1,22,-1,22,1,21,-1,15,3,23,-1,23,3,22,-1,14,15,17,-1,17,15,23,-1,0,2,24,-1,24,2,25,-1,2,13,25,-1,25,13,26,-1,11,27,28,-1,11,28,12,-1,12,28,26,-1,12,26,13,-1,11,9,27,-1,27,9,29,-1,4,30,31,-1,4,31,8,-1,8,31,29,-1,8,29,9,-1,4,0,30,-1,30,0,24,-1,
        ]
    }
}
Shape{
    appearance Appearance {
        material  Material 	{
            diffuseColor 0.25098039215686274 0.25098039215686274 0.25098039215686274
            specularColor 0.12549019607843137 0.12549019607843137 0.12549019607843137
            ambientIntensity 0.2
            transparency 0
            shininess 0.5
        }
    }
    geometry IndexedFaceSet {
        ccw TRUE
        solid FALSE
        coord DEF co Coordinate {
            point [
                3.5 0.4065 0.6794, 3.5 0.4062 0.6794, 3.5 0.4074 0.6749, 3.5 0.4054 0.6751, 3.5 0.4082 0.6719, 3.5 0.4045 0.6719, 3.5 0.4243 0.6275, 3.5 0.3885 0.6275, 3.5 0.3885 0.6275
            ]
        }
        coordIndex [
            0,1,2,-1,2,1,3,-1,2,3,4,-1,4,3,5,-1,4,5,6,-1,6,5,7,-1,
        ]
    }
}
Shape{
    appearance Appearance {
        material  Material 	{
            diffuseColor 1.0 1.0 1.0
            specularColor 0.5019607843137255 0.5019607843137255 0.5019607843137255
            ambientIntensity 0.2
            transparency 0
            shininess 0.5
        }
    }
    geometry IndexedFaceSet {
        ccw TRUE
        solid FALSE
        coord DEF co Coordinate {
            point [
                3.5039 -0.5991 0.7701, 3.5039 -0.5822 0.7791, 3.5039 -0.5861 0.8259, 3.5039 -0.4524 0.5681, 3.5039 -0.4434 0.585, 3.5039 -0.439 0.6037, 3.5039 -0.5387 0.828, 3.5039 -0.5152 0.7726, 3.5039 -0.5036 0.7967, 3.5039 -0.5433 0.6017, 3.5039 -0.5447 0.6088, 3.5039 -0.5858 0.6383, 3.5039 -0.5865 0.5874, 3.5039 -0.5962 0.5903, 3.5039 -0.6024 0.6485, 3.5039 -0.5562 0.8296, 3.5039 -0.3323 0.6755, 3.5039 -0.3558 0.7157, 3.5039 -0.4385 0.6193, 3.5039 -0.4575 0.6626, 3.5039 -0.4385 0.6117, 3.5039 -0.4791 0.5446, 3.5039 -0.464 0.5551, 3.5039 -0.5403 0.5953, 3.5039 -0.5676 0.5572, 3.5039 -0.5789 0.5711, 3.5039 -0.3072 0.7506, 3.5039 -0.3011 0.7506, 3.5039 -0.27 0.7916, 3.5039 -0.2867 0.7488, 3.5039 -0.2663 0.7904, 3.5039 -0.2734 0.7437, 3.5039 -0.2437 0.7792, 3.5039 -0.2232 0.7618, 3.5039 -0.5232 0.8462, 3.5039 -0.4866 0.817, 3.5039 -0.5053 0.8614, 3.5039 -0.4662 0.8318, 3.5039 -0.4868 0.8729, 3.5039 -0.5634 0.7836, 3.5039 -0.5554 0.784, 3.5039 -0.5475 0.8291, 3.5039 -0.5375 0.7818, 3.5039 -0.5205 0.7755, 3.5039 -0.4911 0.5938, 3.5039 -0.4953 0.5891, 3.5039 -0.501 0.585, 3.5039 -0.496 0.5381, 3.5039 -0.5076 0.5823, 3.5039 -0.5144 0.5358, 3.5039 -0.5152 0.5814, 3.5039 -0.5173 0.5359, 3.5039 -0.5165 0.5814, 3.5039 -0.5352 0.5387, 3.5039 -0.5233 0.5825, 3.5039 -0.5528 0.546, 3.5039 -0.5302 0.5854, 3.5039 -0.536 0.5899, 3.5039 -0.4875 0.6215, 3.5039 -0.4858 0.6145, 3.5039 -0.4858 0.6076, 3.5039 -0.4876 0.6003, 3.5039 -0.223 0.6201, 3.5039 -0.2583 0.6503, 3.5039 -0.2436 0.6026, 3.5039 -0.2695 0.6411, 3.5039 -0.2668 0.5913, 3.5039 -0.2829 0.6348, 3.5039 -0.292 0.5859, 3.5039 -0.2966 0.6322, 3.5039 -0.3368 0.5859, 3.5039 -0.3307 0.6322, 3.5039 -0.3411 0.5866, 3.5039 -0.5443 0.6162, 3.5039 -0.5421 0.6233, 3.5039 -0.5774 0.6546, 3.5039 -0.5382 0.6296, 3.5039 -0.5649 0.6689, 3.5039 -0.5352 0.6328, 3.5039 -0.5494 0.6797, 3.5039 -0.5292 0.637, 3.5039 -0.5326 0.6861, 3.5039 -0.5226 0.6396, 3.5039 -0.5144 0.6884, 3.5039 -0.5152 0.6406, 3.5039 -0.5052 0.6878, 3.5039 -0.5089 0.6399, 3.5039 -0.4869 0.6833, 3.5039 -0.5018 0.6374, 3.5039 -0.4708 0.6747, 3.5039 -0.4957 0.6332, 3.5039 -0.4908 0.6278, 3.5039 -0.2617 0.7355, 3.5039 -0.253 0.7258, 3.5039 -0.2077 0.7402, 3.5039 -0.2459 0.7127, 3.5039 -0.1984 0.717, 3.5039 -0.2423 0.6982, 3.5039 -0.1949 0.6922, 3.5039 -0.2419 0.6914, 3.5039 -0.1984 0.6651, 3.5039 -0.2438 0.6766, 3.5039 -0.2079 0.6411, 3.5039 -0.249 0.6631, 3.5039 -0.2574 0.6513, 3.5039 -0.311 0.8516, 3.5039 -0.3408 0.8168, 3.5039 -0.2858 0.8224, 3.5039 -0.3236 0.7963, 3.5039 -0.3119 0.7719, 3.5039 -0.6291 0.7265, 3.5039 -0.6789 0.7139, 3.5039 -0.6313 0.7081, 3.5039 -0.6792 0.7066, 3.5039 -0.6304 0.6963, 3.5039 -0.6755 0.6768, 3.5039 -0.6249 0.6777, 3.5039 -0.6646 0.6486, 3.5039 -0.616 0.6625, 3.5039 -0.6473 0.6239, 3.5039 -0.6236 0.6037, 3.5039 -0.4518 0.8864, 3.5039 -0.4415 0.8419, 3.5039 -0.4142 0.891, 3.5039 -0.4135 0.8455, 3.5039 -0.383 0.8878, 3.5039 -0.3877 0.8423, 3.5039 -0.3449 0.8743, 3.5039 -0.3639 0.8332, 3.5039 -0.3426 0.8184, 3.5039 -0.6142 0.8149, 3.5039 -0.6384 0.798, 3.5039 -0.612 0.7586, 3.5039 -0.6435 0.7931, 3.5039 -0.6225 0.7435, 3.5039 -0.6617 0.7697, 3.5039 -0.6738 0.7424, 3.5039 -0.3346 0.6329, 3.5039 -0.3528 0.5939, 3.5039 -0.351 0.5921, 3.5039 -0.3323 0.6324, 3.5039 -0.3461 0.5886, 3.5039 -0.3588 0.6094, 3.5039 -0.3581 0.6038, 3.5039 -0.3561 0.5986, 3.5039 -0.3412 0.6322, 3.5039 -0.3464 0.6302, 3.5039 -0.3586 0.6124, 3.5039 -0.3511 0.6269, 3.5039 -0.3542 0.6234, 3.5039 -0.3571 0.6182, 3.5039 -0.3353 0.633, 3.5 -0.2181 0.7547, 3.5 -0.2077 0.7402, 3.5 -0.2009 0.7234, 3.5 -0.1984 0.717, 3.5 -0.1949 0.6922, 3.5 -0.2232 0.7618, 3.5 -0.2437 0.7792, 3.5 -0.2663 0.7904, 3.5 -0.27 0.7916, 3.5 -0.2858 0.8224, 3.5 -0.311 0.8516, 3.5 -0.3285 0.8633, 3.5 -0.3449 0.8743, 3.5 -0.383 0.8878, 3.5 -0.4142 0.891, 3.5 -0.4518 0.8864, 3.5 -0.4868 0.8729, 3.5 -0.5023 0.8633, 3.5 -0.5053 0.8614, 3.5 -0.5232 0.8462, 3.5 -0.5387 0.828, 3.5 -0.5475 0.8291, 3.5 -0.5562 0.8296, 3.5 -0.5861 0.8259, 3.5 -0.6142 0.8149, 3.5 -0.6384 0.798, 3.5 -0.6435 0.7931, 3.5 -0.6772 0.7234, 3.5 -0.6738 0.7424, 3.5 -0.6684 0.7547, 3.5 -0.6617 0.7697, 3.5 -0.6789 0.7139, 3.5 -0.6792 0.7066, 3.5 -0.6755 0.6768, 3.5 -0.6646 0.6486, 3.5 -0.6473 0.6239, 3.5 -0.6236 0.6037, 3.5 -0.5962 0.5903, 3.5 -0.5865 0.5874, 3.5 -0.5856 0.5854, 3.5 -0.5789 0.5711, 3.5 -0.5676 0.5572, 3.5 -0.5528 0.546, 3.5 -0.5458 0.5431, 3.5 -0.5352 0.5387, 3.5 -0.5173 0.5359, 3.5 -0.5144 0.5358, 3.5 -0.4385 0.6117, 3.5 -0.496 0.5381, 3.5 -0.483 0.5431, 3.5 -0.4791 0.5446, 3.5 -0.464 0.5551, 3.5 -0.4524 0.5681, 3.5 -0.4434 0.585, 3.5 -0.4433 0.5854, 3.5 -0.439 0.6037, 3.5 -0.4385 0.6193, 3.5 -0.3323 0.6755, 3.5 -0.3558 0.7157, 3.5 -0.4575 0.6626, 3.5 -0.4708 0.6747, 3.5 -0.4869 0.6833, 3.5 -0.5052 0.6878, 3.5 -0.5144 0.6884, 3.5 -0.5326 0.6861, 3.5 -0.5494 0.6797, 3.5 -0.5649 0.6689, 3.5 -0.5774 0.6546, 3.5 -0.5858 0.6383, 3.5 -0.6024 0.6485, 3.5 -0.616 0.6625, 3.5 -0.6249 0.6777, 3.5 -0.6304 0.6963, 3.5 -0.6313 0.7081, 3.5 -0.6294 0.7234, 3.5 -0.6291 0.7265, 3.5 -0.6225 0.7435, 3.5 -0.6147 0.7547, 3.5 -0.612 0.7586, 3.5 -0.5991 0.7701, 3.5 -0.5822 0.7791, 3.5 -0.5634 0.7836, 3.5 -0.5554 0.784, 3.5 -0.5375 0.7818, 3.5 -0.5205 0.7755, 3.5 -0.5152 0.7726, 3.5 -0.5036 0.7967, 3.5 -0.4866 0.817, 3.5 -0.4662 0.8318, 3.5 -0.4415 0.8419, 3.5 -0.4135 0.8455, 3.5 -0.3877 0.8423, 3.5 -0.3639 0.8332, 3.5 -0.3426 0.8184, 3.5 -0.3408 0.8168, 3.5 -0.3236 0.7963, 3.5 -0.3119 0.7719, 3.5 -0.3081 0.7547, 3.5 -0.3072 0.7506, 3.5 -0.3011 0.7506, 3.5 -0.2867 0.7488, 3.5 -0.2734 0.7437, 3.5 -0.2617 0.7355, 3.5 -0.253 0.7258, 3.5 -0.2517 0.7234, 3.5 -0.2459 0.7127, 3.5 -0.2423 0.6982, 3.5 -0.2419 0.6914, 3.5 -0.2438 0.6766, 3.5 -0.249 0.6631, 3.5 -0.2574 0.6513, 3.5 -0.2583 0.6503, 3.5 -0.2695 0.6411, 3.5 -0.2829 0.6348, 3.5 -0.2966 0.6322, 3.5 -0.3307 0.6322, 3.5 -0.3323 0.6324, 3.5 -0.3346 0.6329, 3.5 -0.3353 0.633, 3.5 -0.3412 0.6322, 3.5 -0.3464 0.6302, 3.5 -0.3511 0.6269, 3.5 -0.3542 0.6234, 3.5 -0.3571 0.6182, 3.5 -0.3586 0.6124, 3.5 -0.3588 0.6094, 3.5 -0.3581 0.6038, 3.5 -0.3561 0.5986, 3.5 -0.3528 0.5939, 3.5 -0.351 0.5921, 3.5 -0.3461 0.5886, 3.5 -0.3411 0.5866, 3.5 -0.3368 0.5859, 3.5 -0.292 0.5859, 3.5 -0.2668 0.5913, 3.5 -0.2436 0.6026, 3.5 -0.223 0.6201, 3.5 -0.2079 0.6411, 3.5 -0.1984 0.6651, 3.5 -0.5152 0.6406, 3.5 -0.5089 0.6399, 3.5 -0.5018 0.6374, 3.5 -0.4957 0.6332, 3.5 -0.4908 0.6278, 3.5 -0.4875 0.6215, 3.5 -0.4858 0.6145, 3.5 -0.4858 0.6076, 3.5 -0.4876 0.6003, 3.5 -0.4911 0.5938, 3.5 -0.4953 0.5891, 3.5 -0.501 0.585, 3.5 -0.5076 0.5823, 3.5 -0.5152 0.5814, 3.5 -0.5165 0.5814, 3.5 -0.5233 0.5825, 3.5 -0.5302 0.5854, 3.5 -0.536 0.5899, 3.5 -0.5403 0.5953, 3.5 -0.5433 0.6017, 3.5 -0.5447 0.6088, 3.5 -0.5443 0.6162, 3.5 -0.5421 0.6233, 3.5 -0.5382 0.6296, 3.5 -0.5352 0.6328, 3.5 -0.5292 0.637, 3.5 -0.5226 0.6396, 3.5 -0.5226 0.6396
            ]
        }
        coordIndex [
            0,1,2,-1,3,4,5,-1,6,7,8,-1,9,10,11,-1,12,11,13,-1,13,11,14,-1,2,1,15,-1,16,17,18,-1,18,17,19,-1,18,19,20,-1,20,19,21,-1,20,21,5,-1,5,21,22,-1,5,22,3,-1,23,9,24,-1,24,9,11,-1,24,11,25,-1,25,11,12,-1,26,27,28,-1,28,27,29,-1,28,29,30,-1,30,29,31,-1,30,31,32,-1,32,31,33,-1,6,8,34,-1,34,8,35,-1,34,35,36,-1,36,35,37,-1,36,37,38,-1,1,39,15,-1,15,39,40,-1,15,40,41,-1,41,40,42,-1,41,42,6,-1,6,42,43,-1,6,43,7,-1,44,45,21,-1,21,45,46,-1,21,46,47,-1,47,46,48,-1,47,48,49,-1,49,48,50,-1,49,50,51,-1,51,50,52,-1,51,52,53,-1,53,52,54,-1,53,54,55,-1,55,54,56,-1,55,56,24,-1,24,56,57,-1,24,57,23,-1,58,59,19,-1,19,59,60,-1,19,60,21,-1,21,60,61,-1,21,61,44,-1,62,63,64,-1,64,63,65,-1,64,65,66,-1,66,65,67,-1,66,67,68,-1,68,67,69,-1,68,69,70,-1,70,69,71,-1,70,71,72,-1,10,73,11,-1,11,73,74,-1,11,74,75,-1,75,74,76,-1,75,76,77,-1,77,76,78,-1,77,78,79,-1,79,78,80,-1,79,80,81,-1,81,80,82,-1,81,82,83,-1,83,82,84,-1,83,84,85,-1,85,84,86,-1,85,86,87,-1,87,86,88,-1,87,88,89,-1,89,88,90,-1,89,90,19,-1,19,90,91,-1,19,91,58,-1,31,92,33,-1,33,92,93,-1,33,93,94,-1,94,93,95,-1,94,95,96,-1,96,95,97,-1,96,97,98,-1,98,97,99,-1,98,99,100,-1,100,99,101,-1,100,101,102,-1,102,101,103,-1,102,103,62,-1,62,103,104,-1,62,104,63,-1,105,106,107,-1,107,106,108,-1,107,108,28,-1,28,108,109,-1,28,109,26,-1,110,111,112,-1,112,111,113,-1,112,113,114,-1,114,113,115,-1,114,115,116,-1,116,115,117,-1,116,117,118,-1,118,117,119,-1,118,119,14,-1,14,119,120,-1,14,120,13,-1,38,37,121,-1,121,37,122,-1,121,122,123,-1,123,122,124,-1,123,124,125,-1,125,124,126,-1,125,126,127,-1,127,126,128,-1,127,128,105,-1,105,128,129,-1,105,129,106,-1,2,130,0,-1,0,130,131,-1,0,131,132,-1,132,131,133,-1,132,133,134,-1,134,133,135,-1,134,135,110,-1,110,135,136,-1,110,136,111,-1,137,138,139,-1,71,140,72,-1,72,140,137,-1,72,137,141,-1,141,137,139,-1,142,143,137,-1,137,143,144,-1,137,144,138,-1,145,146,147,-1,146,148,147,-1,147,148,149,-1,147,149,150,-1,142,137,147,-1,147,137,151,-1,147,151,145,-1,152,33,153,-1,153,33,94,-1,153,94,154,-1,154,94,96,-1,154,96,155,-1,155,96,98,-1,155,98,156,-1,152,157,33,-1,33,157,158,-1,33,158,32,-1,32,158,159,-1,32,159,30,-1,30,159,160,-1,30,160,28,-1,28,160,161,-1,28,161,107,-1,107,161,162,-1,107,162,105,-1,127,105,163,-1,163,105,162,-1,163,164,127,-1,127,164,165,-1,127,165,125,-1,125,165,166,-1,125,166,123,-1,123,166,167,-1,123,167,121,-1,121,167,168,-1,121,168,38,-1,38,168,36,-1,36,168,169,-1,36,169,170,-1,36,170,171,-1,36,171,34,-1,34,171,172,-1,34,172,6,-1,6,172,173,-1,6,173,41,-1,41,173,174,-1,41,174,15,-1,15,174,175,-1,15,175,2,-1,2,175,176,-1,2,176,130,-1,130,176,177,-1,130,177,131,-1,131,177,178,-1,131,178,133,-1,179,111,180,-1,180,111,136,-1,180,136,181,-1,181,136,135,-1,181,135,182,-1,182,135,133,-1,182,133,178,-1,179,183,111,-1,111,183,184,-1,111,184,113,-1,113,184,185,-1,113,185,115,-1,115,185,186,-1,115,186,117,-1,117,186,187,-1,117,187,119,-1,119,187,188,-1,119,188,120,-1,120,188,189,-1,120,189,13,-1,13,189,190,-1,13,190,12,-1,12,190,191,-1,12,191,25,-1,191,192,25,-1,25,192,193,-1,25,193,24,-1,24,193,194,-1,24,194,55,-1,55,194,195,-1,55,195,53,-1,195,196,53,-1,53,196,197,-1,53,197,51,-1,51,197,198,-1,51,198,49,-1,199,20,5,-1,49,198,200,-1,201,21,200,-1,200,21,47,-1,200,47,49,-1,201,202,21,-1,21,202,203,-1,21,203,22,-1,22,203,204,-1,22,204,3,-1,3,204,205,-1,3,205,4,-1,4,205,206,-1,4,206,5,-1,5,206,207,-1,5,207,199,-1,18,20,208,-1,208,20,199,-1,16,18,209,-1,209,18,208,-1,17,16,210,-1,210,16,209,-1,19,17,211,-1,211,17,210,-1,19,211,212,-1,19,212,89,-1,89,212,213,-1,89,213,87,-1,87,213,214,-1,87,214,85,-1,85,214,215,-1,85,215,83,-1,83,215,216,-1,83,216,81,-1,81,216,217,-1,81,217,79,-1,79,217,218,-1,79,218,77,-1,77,218,219,-1,77,219,75,-1,75,219,220,-1,75,220,11,-1,11,220,221,-1,11,221,14,-1,14,221,222,-1,14,222,118,-1,118,222,223,-1,118,223,116,-1,116,223,224,-1,116,224,114,-1,114,224,225,-1,114,225,112,-1,110,112,225,-1,225,226,110,-1,110,226,227,-1,110,227,228,-1,229,132,228,-1,228,132,134,-1,228,134,110,-1,229,230,132,-1,132,230,231,-1,132,231,0,-1,0,231,232,-1,0,232,1,-1,1,232,233,-1,1,233,39,-1,39,233,234,-1,39,234,40,-1,40,234,235,-1,40,235,42,-1,42,235,236,-1,42,236,43,-1,43,236,237,-1,43,237,7,-1,7,237,238,-1,7,238,8,-1,8,238,239,-1,8,239,35,-1,35,239,240,-1,35,240,37,-1,37,240,241,-1,37,241,122,-1,122,241,242,-1,122,242,124,-1,124,242,243,-1,124,243,126,-1,126,243,244,-1,126,244,128,-1,128,244,245,-1,128,245,129,-1,129,245,246,-1,129,246,106,-1,106,246,247,-1,106,247,108,-1,108,247,248,-1,108,248,109,-1,109,248,26,-1,26,248,249,-1,26,249,250,-1,27,26,251,-1,251,26,250,-1,27,251,252,-1,27,252,29,-1,29,252,253,-1,29,253,31,-1,31,253,254,-1,31,254,92,-1,92,254,255,-1,92,255,93,-1,93,255,256,-1,93,256,95,-1,256,257,95,-1,95,257,258,-1,95,258,97,-1,97,258,259,-1,97,259,99,-1,99,259,260,-1,99,260,101,-1,101,260,261,-1,101,261,103,-1,103,261,262,-1,103,262,104,-1,104,262,263,-1,104,263,63,-1,63,263,264,-1,63,264,65,-1,65,264,265,-1,65,265,67,-1,67,265,266,-1,67,266,69,-1,71,69,267,-1,267,69,266,-1,71,267,268,-1,71,268,140,-1,140,268,269,-1,140,269,137,-1,137,269,270,-1,137,270,151,-1,151,270,271,-1,151,271,145,-1,145,271,272,-1,145,272,146,-1,146,272,273,-1,146,273,148,-1,148,273,274,-1,148,274,149,-1,149,274,275,-1,149,275,150,-1,150,275,276,-1,150,276,147,-1,147,276,277,-1,147,277,142,-1,142,277,278,-1,142,278,143,-1,143,278,279,-1,143,279,144,-1,144,279,280,-1,144,280,138,-1,138,280,281,-1,138,281,139,-1,139,281,282,-1,139,282,141,-1,141,282,283,-1,141,283,72,-1,72,283,284,-1,72,284,70,-1,68,70,285,-1,285,70,284,-1,68,285,286,-1,68,286,66,-1,66,286,287,-1,66,287,64,-1,64,287,288,-1,64,288,62,-1,62,288,289,-1,62,289,102,-1,102,289,290,-1,102,290,100,-1,100,290,156,-1,100,156,98,-1,84,291,292,-1,84,292,86,-1,86,292,293,-1,86,293,88,-1,88,293,294,-1,88,294,90,-1,90,294,295,-1,90,295,91,-1,91,295,296,-1,91,296,58,-1,58,296,297,-1,58,297,59,-1,59,297,298,-1,59,298,60,-1,60,298,299,-1,60,299,61,-1,61,299,300,-1,61,300,44,-1,44,300,301,-1,44,301,45,-1,45,301,302,-1,45,302,46,-1,46,302,303,-1,46,303,48,-1,48,303,304,-1,48,304,50,-1,50,304,305,-1,50,305,52,-1,52,305,306,-1,52,306,54,-1,54,306,307,-1,54,307,56,-1,56,307,308,-1,56,308,57,-1,57,308,309,-1,57,309,23,-1,23,309,310,-1,23,310,9,-1,9,310,311,-1,9,311,10,-1,10,311,312,-1,10,312,73,-1,73,312,313,-1,73,313,74,-1,74,313,314,-1,74,314,76,-1,76,314,315,-1,76,315,78,-1,78,315,316,-1,78,316,80,-1,80,316,317,-1,80,317,82,-1,82,317,291,-1,82,291,84,-1,
        ]
    }
}
Shape{
    appearance Appearance {
        material  Material 	{
            diffuseColor 0.25098039215686274 0.25098039215686274 0.25098039215686274
            specularColor 0.12549019607843137 0.12549019607843137 0.12549019607843137
            ambientIntensity 0.2
            transparency 0
            shininess 0.5
        }
    }
    geometry IndexedFaceSet {
        ccw TRUE
        solid FALSE
        coord DEF co Coordinate {
            point [
                3.5 -0.5165 0.5814, 3.5 -0.5352 0.6328, 3.5 -0.5382 0.6296, 3.5 -0.5076 0.5823, 3.5 -0.501 0.585, 3.5 -0.5089 0.6399, 3.5 -0.5152 0.6406, 3.5 -0.5226 0.6396, 3.5 -0.5292 0.637, 3.5 -0.5433 0.6017, 3.5 -0.5403 0.5953, 3.5 -0.536 0.5899, 3.5 -0.5152 0.5814, 3.5 -0.5421 0.6233, 3.5 -0.5443 0.6162, 3.5 -0.5447 0.6088, 3.5 -0.5302 0.5854, 3.5 -0.5233 0.5825, 3.5 -0.4953 0.5891, 3.5 -0.4911 0.5938, 3.5 -0.4876 0.6003, 3.5 -0.4858 0.6076, 3.5 -0.4858 0.6145, 3.5 -0.4875 0.6215, 3.5 -0.4908 0.6278, 3.5 -0.4957 0.6332, 3.5 -0.5018 0.6374, 3.5 -0.5018 0.6374
            ]
        }
        coordIndex [
            0,1,2,-1,3,4,5,-1,6,7,0,-1,0,7,8,-1,0,8,1,-1,9,10,2,-1,2,10,11,-1,6,0,5,-1,5,0,12,-1,5,12,3,-1,13,14,2,-1,2,14,15,-1,2,15,9,-1,11,16,2,-1,2,16,17,-1,2,17,0,-1,4,18,5,-1,5,18,19,-1,5,19,20,-1,20,21,5,-1,5,21,22,-1,5,22,23,-1,23,24,5,-1,5,24,25,-1,5,25,26,-1,
        ]
    }
}