#VRML V2.0 utf8
# 3D model generated by easyeda2kicad.py (https://github.com/uPesy/easyeda2kicad.py)

Shape{
    appearance Appearance {
        material  Material 	{
            diffuseColor 0.25098039215686274 0.25098039215686274 0.25098039215686274
            specularColor 0.12549019607843137 0.12549019607843137 0.12549019607843137
            ambientIntensity 0.2
            transparency 0
            shininess 0.5
        }
    }
    geometry IndexedFaceSet {
        ccw TRUE
        solid FALSE
        coord DEF co Coordinate {
            point [
                0.0543 -0.4921 0.6188, 0.0543 -0.4921 0.5797, 0.1827 -0.4921 0.5797, 0.2335 -0.4921 0.7532, 0.2439 -0.4921 0.7545, 0.1907 -0.4921 0.7545, 0.2681 -0.4921 0.6196, 0.2595 -0.4921 0.6188, 0.3037 -0.4921 0.6188, -1.8937 -0.4921 0.1181, -1.3521 -0.4921 0.1181, -1.3521 -0.4921 0.3542, 0.1063 -0.4921 0.1181, 0.1827 -0.4921 0.1181, 0.1827 -0.4921 0.3542, 0.3286 -0.4921 0.738, 0.3286 -0.4921 0.6953, 0.3647 -0.4921 0.6953, 0.3357 -0.4921 0.4075, 0.3323 -0.4921 0.4071, 0.3647 -0.4921 0.4071, 0.3076 -0.4921 0.4075, 0.3037 -0.4921 0.4088, 0.3037 -0.4921 0.4071, 0.4957 -0.4921 0.4683, 0.4957 -0.4921 0.4234, 0.5207 -0.4921 0.4234, -0.3107 -0.4921 0.4075, -0.3109 -0.4921 0.4071, 0.0543 -0.4921 0.4071, -0.0574 -0.4921 0.6466, -0.0326 -0.4921 0.6241, 0.0543 -0.4921 0.7545, -0.1673 -0.4921 0.7545, -0.1455 -0.4921 0.7398, -0.1144 -0.4921 0.7039, -0.0943 -0.4921 0.6649, -0.0852 -0.4921 0.6617, -0.2355 -0.4921 0.7851, -0.1878 -0.4921 0.7683, 0.0543 -0.4921 1.9685, -0.3653 -0.4921 0.7665, -0.3216 -0.4921 0.7834, -1.3521 -0.4921 1.9685, -0.2746 -0.4921 0.7892, -0.3847 -0.4921 0.7545, -1.3521 -0.4921 0.7545, -0.3884 -0.4921 0.7522, -1.3521 -0.4921 0.6188, -0.5922 -0.4921 0.6188, -0.584 -0.4921 0.6374, -0.5611 -0.4921 0.6668, -0.4895 -0.4921 0.7077, -0.452 -0.4921 0.7123, -0.4107 -0.4921 0.7331, -0.4411 -0.4921 0.7117, -0.4302 -0.4921 0.7104, -0.5548 -0.4921 0.6728, -0.5246 -0.4921 0.694, -0.5364 -0.4921 0.43, -0.5659 -0.4921 0.4552, -1.3521 -0.4921 0.4071, -0.5021 -0.4921 0.4133, -0.5874 -0.4921 0.4859, -0.6011 -0.4921 0.5212, -1.3521 -0.4921 0.5797, -0.6057 -0.4921 0.5586, -0.6055 -0.4921 0.5675, -0.6033 -0.4921 0.5797, -0.5991 -0.4921 0.6032, -0.439 -0.4921 0.3542, -0.4478 -0.4921 0.3579, -0.4664 -0.4921 0.372, -0.49 -0.4921 0.4097, -0.4888 -0.4921 0.4071, -0.4805 -0.4921 0.3894, -1.1063 -0.4921 0.0, -0.8937 -0.4921 0.0, -1.1063 -0.4921 0.1181, -0.8937 -0.4921 0.1181, -0.1063 -0.4921 0.0, 0.0543 -0.4921 0.0, -0.1063 -0.4921 0.1181, 0.0543 -0.4921 0.3542, -0.426 -0.4921 0.3487, -0.4036 -0.4921 0.3452, -0.3998 -0.4921 0.3451, -0.337 -0.4921 0.3691, -0.3559 -0.4921 0.356, -0.3605 -0.4921 0.3542, -0.3771 -0.4921 0.3479, -0.3218 -0.4921 0.3862, -0.1864 -0.4921 0.4097, -0.1931 -0.4921 0.4134, -0.1985 -0.4921 0.4185, -0.3287 -0.4921 0.5036, -0.2015 -0.4921 0.57, -0.3452 -0.4921 0.5187, -0.3653 -0.4921 0.5295, -0.0036 -0.4921 0.5672, -0.0004 -0.4921 0.5406, -0.0596 -0.4921 0.5478, -0.064 -0.4921 0.566, -0.0714 -0.4921 0.5797, -0.5436 -0.4921 0.5797, -0.1947 -0.4921 0.4597, -0.1887 -0.4921 0.4636, -0.1721 -0.4921 0.5197, -0.1821 -0.4921 0.4659, -0.5383 -0.4921 0.5235, -0.5263 -0.4921 0.5029, -0.4784 -0.4921 0.4937, -0.5092 -0.4921 0.4856, -0.489 -0.4921 0.4732, -0.0047 -0.4921 0.507, -0.0165 -0.4921 0.4769, -0.0355 -0.4921 0.4505, -0.4433 -0.4921 0.5251, -0.4627 -0.4921 0.5116, -0.5459 -0.4921 0.5605, -0.5449 -0.4921 0.5468, -0.4224 -0.4921 0.5331, -0.3998 -0.4921 0.5359, -0.3882 -0.4921 0.5352, -0.0403 -0.4921 0.4455, -0.0656 -0.4921 0.4259, -0.0949 -0.4921 0.4129, -0.1759 -0.4921 0.4666, -0.175 -0.4921 0.4665, -0.1721 -0.4921 0.4659, -0.2053 -0.4921 0.4372, -0.2051 -0.4921 0.4406, -0.3049 -0.4921 0.4495, -0.2033 -0.4921 0.4478, -0.1997 -0.4921 0.4543, -0.2024 -0.4921 0.4246, -0.2046 -0.4921 0.4311, -0.3054 -0.4921 0.431, -0.3049 -0.4921 0.44, -0.1218 -0.4921 0.4078, -0.1778 -0.4921 0.4078, -0.18 -0.4921 0.408, -0.0784 -0.4921 0.4895, -0.068 -0.4921 0.5043, -0.0615 -0.4921 0.5212, -0.0592 -0.4921 0.5396, -0.1702 -0.4921 0.4656, -0.1275 -0.4921 0.4656, -0.1106 -0.4921 0.4689, -0.0939 -0.4921 0.4766, -0.0798 -0.4921 0.488, -0.1408 -0.4921 0.6137, -0.5351 -0.4921 0.6044, -0.5432 -0.4921 0.5833, -0.1332 -0.4921 0.6137, -0.0728 -0.4921 0.5824, -0.0839 -0.4921 0.5948, -0.0986 -0.4921 0.6051, -0.1152 -0.4921 0.6114, -0.1616 -0.4921 0.6713, -0.1832 -0.4921 0.6967, -0.4008 -0.4921 0.6412, -0.1849 -0.4921 0.6982, -0.2115 -0.4921 0.7168, -0.3862 -0.4921 0.6713, -0.5251 -0.4921 0.6188, -0.4079 -0.4921 0.645, -0.1419 -0.4921 0.6188, -0.1468 -0.4921 0.6408, -0.4291 -0.4921 0.6527, -0.451 -0.4921 0.6554, -0.4601 -0.4921 0.655, -0.3649 -0.4921 0.6967, -0.2412 -0.4921 0.7282, -0.3397 -0.4921 0.7151, -0.2736 -0.4921 0.7323, -0.3087 -0.4921 0.7277, -0.4836 -0.4921 0.6496, -0.5049 -0.4921 0.6386, -0.522 -0.4921 0.6234, -0.0291 -0.4921 0.6188, -0.0141 -0.4921 0.5964, -0.0081 -0.4921 0.5797, 0.5503 -0.4921 0.4234, 0.5503 -0.4921 0.4082, 0.5629 -0.4921 0.4071, 0.5207 -0.4921 0.4071, 0.5629 -0.4921 0.5797, 0.5472 -0.4921 0.5417, 0.5472 -0.4921 0.5263, 0.5435 -0.4921 0.4836, 0.5435 -0.4921 0.4683, 0.5207 -0.4921 0.4683, 0.5207 -0.4921 0.5263, 0.5207 -0.4921 0.4836, 0.4957 -0.4921 0.5263, 0.4957 -0.4921 0.4836, 0.5207 -0.4921 0.4082, 0.4785 -0.4921 0.4082, 0.4695 -0.4921 0.4071, 0.4785 -0.4921 0.5417, 0.2034 -0.4921 0.4536, 0.206 -0.4921 0.4806, 0.2001 -0.4921 0.4489, 0.1978 -0.4921 0.443, 0.2733 -0.4921 0.4082, 0.2566 -0.4921 0.4082, 0.2362 -0.4921 0.4071, 0.2959 -0.4921 0.4288, 0.2733 -0.4921 0.4696, 0.2959 -0.4921 0.4116, 0.1907 -0.4921 0.4071, 0.1993 -0.4921 0.4209, 0.1974 -0.4921 0.4267, 0.2217 -0.4921 0.5036, 0.1907 -0.4921 0.5797, 0.2093 -0.4921 0.4988, 0.206 -0.4921 0.4969, 0.2566 -0.4921 0.423, 0.2561 -0.4921 0.423, 0.2522 -0.4921 0.4173, 0.2086 -0.4921 0.4581, 0.2157 -0.4921 0.4617, 0.2177 -0.4921 0.4879, 0.2283 -0.4921 0.4649, 0.2281 -0.4921 0.4913, 0.2468 -0.4921 0.4121, 0.2429 -0.4921 0.4097, 0.2098 -0.4921 0.4099, 0.2049 -0.4921 0.4135, 0.2023 -0.4921 0.4162, 0.1967 -0.4921 0.4337, 0.1967 -0.4921 0.4357, 0.3019 -0.4921 0.4251, 0.3037 -0.4921 0.4244, 0.3037 -0.4921 0.4598, 0.2566 -0.4921 0.4688, 0.2561 -0.4921 0.4756, 0.2544 -0.4921 0.4818, 0.2719 -0.4921 0.4824, 0.2967 -0.4921 0.4714, 0.2967 -0.4921 0.4839, 0.2987 -0.4921 0.4893, 0.2659 -0.4921 0.4953, 0.2388 -0.4921 0.5057, 0.2487 -0.4921 0.5048, 0.2558 -0.4921 0.5027, 0.2525 -0.4921 0.4853, 0.25 -0.4921 0.4881, 0.2471 -0.4921 0.49, 0.2434 -0.4921 0.4914, 0.2373 -0.4921 0.4921, 0.2693 -0.4921 0.49, 0.296 -0.4921 0.4778, 0.3035 -0.4921 0.4599, 0.3008 -0.4921 0.4627, 0.2986 -0.4921 0.4663, 0.3111 -0.4921 0.4071, 0.3037 -0.4921 0.3542, 0.3218 -0.4921 0.406, 0.3557 -0.4921 0.5015, 0.3557 -0.4921 0.4853, 0.3595 -0.4921 0.4274, 0.3574 -0.4921 0.4221, 0.3543 -0.4921 0.4177, 0.3019 -0.4921 0.4938, 0.3037 -0.4921 0.4954, 0.3037 -0.4921 0.5797, 0.3067 -0.4921 0.4981, 0.3107 -0.4921 0.5006, 0.3196 -0.4921 0.5041, 0.3332 -0.4921 0.5057, 0.3647 -0.4921 0.5797, 0.3449 -0.4921 0.5047, 0.3547 -0.4921 0.4499, 0.3578 -0.4921 0.4453, 0.3596 -0.4921 0.4404, 0.3603 -0.4921 0.4342, 0.3496 -0.4921 0.4135, 0.3448 -0.4921 0.4107, 0.3315 -0.4921 0.4921, 0.3266 -0.4921 0.4918, 0.3133 -0.4921 0.4793, 0.3221 -0.4921 0.4906, 0.3183 -0.4921 0.4886, 0.3134 -0.4921 0.4771, 0.3141 -0.4921 0.4745, 0.3153 -0.4921 0.4722, 0.3169 -0.4921 0.4704, 0.3228 -0.4921 0.4668, 0.3432 -0.4921 0.4907, 0.3332 -0.4921 0.4623, 0.3527 -0.4921 0.487, 0.3396 -0.4921 0.4596, 0.3507 -0.4921 0.4535, 0.3158 -0.4921 0.4864, 0.3144 -0.4921 0.4842, 0.3136 -0.4921 0.482, 0.3124 -0.4921 0.421, 0.3213 -0.4921 0.4501, 0.3114 -0.4921 0.4547, 0.3234 -0.4921 0.4196, 0.3242 -0.4921 0.4196, 0.3323 -0.4921 0.4455, 0.3327 -0.4921 0.4206, 0.3431 -0.4921 0.4325, 0.343 -0.4921 0.4346, 0.337 -0.4921 0.4222, 0.3386 -0.4921 0.4231, 0.3405 -0.4921 0.4248, 0.342 -0.4921 0.427, 0.3428 -0.4921 0.4293, 0.3422 -0.4921 0.4372, 0.3409 -0.4921 0.4394, 0.3388 -0.4921 0.4416, 0.6119 -0.4921 0.6564, 0.5629 -0.4921 0.6564, 0.6255 -0.4921 0.6199, 0.5629 -0.4921 0.6188, 0.6445 -0.4921 0.6199, 2.0984 -0.4921 0.6188, 2.0984 -0.4921 0.7545, 0.5937 -0.4921 0.7534, 0.5629 -0.4921 0.7545, 0.5563 -0.4921 0.6564, 0.5435 -0.4921 0.6199, 0.5207 -0.4921 0.6188, 0.5244 -0.4921 0.6199, 0.5207 -0.4921 0.7545, 0.5629 -0.4921 0.7209, 0.5753 -0.4921 0.7534, 0.4695 -0.4921 0.7545, 0.3958 -0.4921 0.7545, 0.4464 -0.4921 0.7534, 0.4084 -0.4921 0.7534, 0.4084 -0.4921 0.6199, 0.3958 -0.4921 0.6188, 0.4451 -0.4921 0.6199, 0.4695 -0.4921 0.6188, 0.4659 -0.4921 0.6222, 0.5134 -0.4921 0.6643, 0.5068 -0.4921 0.6505, 0.4969 -0.4921 0.6386, 0.5014 -0.4921 0.7313, 0.5097 -0.4921 0.7197, 0.4945 -0.4921 0.6365, 0.4815 -0.4921 0.6279, 0.4695 -0.4921 0.6235, 0.4969 -0.4921 0.7357, 0.4668 -0.4921 0.7511, 0.4695 -0.4921 0.7501, 0.4829 -0.4921 0.7453, 0.5147 -0.4921 0.707, 0.517 -0.4921 0.6884, 0.5166 -0.4921 0.6799, 0.3647 -0.4921 0.7545, 0.3801 -0.4921 0.7534, 0.3647 -0.4921 0.7534, 0.3801 -0.4921 0.738, 0.3832 -0.4921 0.6351, 0.3832 -0.4921 0.6199, 0.3647 -0.4921 0.6188, 0.3286 -0.4921 0.6351, 0.3647 -0.4921 0.6351, 0.3286 -0.4921 0.68, 0.3647 -0.4921 0.68, 0.3763 -0.4921 0.68, 0.3763 -0.4921 0.6953, 0.3647 -0.4921 0.738, 0.3114 -0.4921 0.7534, 0.3037 -0.4921 0.7545, 0.3114 -0.4921 0.6199, -2.0984 -0.4921 0.3542, -2.0984 -0.4921 0.0, -1.8937 -0.4921 0.0, 0.8937 -0.4921 0.0, 1.1063 -0.4921 0.0, 0.8937 -0.4921 0.1181, 1.1063 -0.4921 0.1181, 1.8937 -0.4921 0.0, 2.0984 -0.4921 0.0, 1.8937 -0.4921 0.1181, 2.0984 -0.4921 0.3542, 0.5629 -0.4921 0.3542, 0.5629 -0.4921 0.1181, 0.5207 -0.4921 0.3542, 0.5207 -0.4921 0.1181, 0.4695 -0.4921 0.3542, 0.4695 -0.4921 0.1181, 0.3958 -0.4921 0.3542, 0.3958 -0.4921 0.1181, 0.3647 -0.4921 0.3542, 0.3647 -0.4921 0.1181, 0.3037 -0.4921 0.1181, 0.1907 -0.4921 0.3542, 0.1907 -0.4921 0.1181, 0.2847 -0.4921 0.7502, 0.2709 -0.4921 0.7542, 0.2671 -0.4921 0.7545, 0.3647 -0.4921 0.6199, 0.2847 -0.4921 0.7322, 0.2824 -0.4921 0.6243, 0.2565 -0.4921 0.6333, 0.2716 -0.4921 0.6361, 0.2847 -0.4921 0.642, 0.2847 -0.4921 0.6255, 0.2094 -0.4921 0.6561, 0.2159 -0.4921 0.6471, 0.2185 -0.4921 0.6446, 0.2272 -0.4921 0.6384, 0.2367 -0.4921 0.6347, 0.2502 -0.4921 0.633, 0.2697 -0.4921 0.7381, 0.2152 -0.4921 0.7234, 0.2832 -0.4921 0.733, 0.2089 -0.4921 0.7139, 0.2047 -0.4921 0.702, 0.2532 -0.4921 0.7401, 0.2481 -0.4921 0.7399, 0.2169 -0.4921 0.7253, 0.2365 -0.4921 0.7376, 0.226 -0.4921 0.7328, 0.2028 -0.4921 0.6852, 0.203 -0.4921 0.6802, 0.2051 -0.4921 0.6669, 0.2531 -0.4921 0.7556, 0.1907 -0.4921 1.9685, 0.3037 -0.4921 1.9685, 0.2535 -0.4921 0.7556, 0.1943 -0.4921 0.7233, 0.204 -0.4921 0.736, 0.2071 -0.4921 0.739, 0.2196 -0.4921 0.7478, 0.1907 -0.4921 0.6537, 0.1869 -0.4921 0.6642, 0.1827 -0.4921 0.6188, 0.1848 -0.4921 0.6841, 0.185 -0.4921 0.6911, 0.1827 -0.4921 0.7545, 0.188 -0.4921 0.7085, 0.1907 -0.4921 0.7149, 0.2126 -0.4921 0.627, 0.2019 -0.4921 0.6359, 0.1907 -0.4921 0.6188, 0.1998 -0.4921 0.6383, 0.1921 -0.4921 0.6499, 0.2477 -0.4921 0.6177, 0.2397 -0.4921 0.6181, 0.2361 -0.4921 0.6188, 0.2252 -0.4921 0.621, 0.2614 -0.4921 0.4996, 0.2269 -0.4921 0.406, 0.2362 -0.4921 0.4071, 0.2238 -0.4921 0.4061, 0.2177 -0.4921 0.4071, 0.216 -0.4921 0.4074, 0.4432 -0.4921 0.5035, 0.4605 -0.4921 0.5035, 0.4695 -0.4921 0.5797, 0.5207 -0.4921 0.5417, 0.5207 -0.4921 0.5797, 0.4225 -0.4921 0.4071, 0.4126 -0.4921 0.4319, 0.4146 -0.4921 0.4241, 0.4151 -0.4921 0.4241, 0.3958 -0.4921 0.5797, 0.3958 -0.4921 0.4803, 0.4171 -0.4921 0.4318, 0.4159 -0.4921 0.4273, 0.3958 -0.4921 0.4071, 0.3958 -0.4921 0.4355, 0.369 -0.4921 0.5035, 0.3877 -0.4921 0.5035, 0.4064 -0.4921 0.4084, 0.4058 -0.4921 0.4071, 0.3991 -0.4921 0.3911, 0.3724 -0.4921 0.3647, 0.3724 -0.4921 0.3796, 0.3762 -0.4921 0.3784, 0.3819 -0.4921 0.3777, 0.3926 -0.4921 0.3816, 0.3957 -0.4921 0.385, 0.3958 -0.4921 0.3851, 0.3958 -0.4921 0.3663, 0.3896 -0.4921 0.364, 0.3832 -0.4921 0.3633, 0.3774 -0.4921 0.3637, 0.3861 -0.4921 0.3782, 0.3898 -0.4921 0.3796, 0.4172 -0.4921 0.3938, 0.4116 -0.4921 0.3821, 0.4044 -0.4921 0.3726, 0.4021 -0.4921 0.3705, 0.3963 -0.4921 0.3665, -2.0984 -0.4921 0.4071, -2.0984 -0.4921 0.5797, -2.0984 -0.4921 0.6188, -2.0984 -0.4921 0.7545, -2.0984 -0.4921 1.9685, 0.1793 -0.4921 0.6351, 0.1793 -0.4921 0.6199, 0.1089 -0.4921 0.6199, 0.1262 -0.4921 0.7534, 0.1262 -0.4921 0.6351, 0.1089 -0.4921 0.7534, 0.1807 -0.4921 0.4082, 0.1827 -0.4921 0.4071, 0.1807 -0.4921 0.4234, 0.1777 -0.4921 0.5263, 0.1089 -0.4921 0.4082, 0.1089 -0.4921 0.5417, 0.1777 -0.4921 0.5417, 0.1262 -0.4921 0.4683, 0.1262 -0.4921 0.4234, 0.1739 -0.4921 0.4683, 0.1739 -0.4921 0.4836, 0.1262 -0.4921 0.4836, 0.1262 -0.4921 0.5263, 0.1063 -0.4921 0.0, 0.1827 -0.4921 1.9685, 0.3647 -0.4921 1.9685, 0.3958 -0.4921 1.9685, 0.4695 -0.4921 1.9685, 0.5207 -0.4921 1.9685, 0.5629 -0.4921 1.9685, 2.0984 -0.4921 1.9685, 0.5755 -0.4921 0.4082, 0.5755 -0.4921 0.5417, 0.6122 -0.4921 0.4082, 0.7926 -0.4921 0.4082, 0.8116 -0.4921 0.4082, 2.0984 -0.4921 0.4071, 0.7608 -0.4921 0.5417, 2.0984 -0.4921 0.5797, 0.779 -0.4921 0.4447, 0.7234 -0.4921 0.4447, 0.7106 -0.4921 0.4082, 0.6915 -0.4921 0.4082, 0.633 -0.4921 0.4105, 0.7424 -0.4921 0.5417, 0.674 -0.4921 0.4388, 0.664 -0.4921 0.4269, 0.6617 -0.4921 0.4248, 0.6486 -0.4921 0.4162, 0.664 -0.4921 0.524, 0.6686 -0.4921 0.5196, 0.6769 -0.4921 0.508, 0.6818 -0.4921 0.4953, 0.6136 -0.4921 0.5417, 0.6339 -0.4921 0.5394, 0.65 -0.4921 0.5336, 0.6841 -0.4921 0.4767, 0.6837 -0.4921 0.4682, 0.6805 -0.4921 0.4526, 0.8937 -0.374 0.0, 1.1063 -0.374 0.0, -0.1063 -0.374 0.0, 0.1063 -0.374 0.0, -0.8937 -0.374 0.0, -1.1063 -0.374 0.0, 0.8937 0.4921 0.0, 1.1063 0.4921 0.0, 0.8937 0.374 0.0, 1.1063 0.374 0.0, 0.1063 0.374 0.0, -0.1063 0.374 0.0, 0.1063 0.4921 0.0, -0.1063 0.4921 0.0, -0.8937 0.374 0.0, -1.1063 0.374 0.0, -0.8937 0.4921 0.0, -1.1063 0.4921 0.0, -1.1063 0.4921 0.0
            ]
        }
        coordIndex [
            0,1,2,-1,3,4,5,-1,6,7,8,-1,9,10,11,-1,12,13,14,-1,15,16,17,-1,18,19,20,-1,21,22,23,-1,24,25,26,-1,27,28,29,-1,30,31,32,-1,32,31,0,-1,33,34,32,-1,32,34,35,-1,35,36,32,-1,32,36,37,-1,32,37,30,-1,38,39,40,-1,41,42,43,-1,43,42,40,-1,40,42,44,-1,40,44,38,-1,41,43,45,-1,45,43,46,-1,45,46,47,-1,48,49,46,-1,46,49,50,-1,46,50,51,-1,46,52,47,-1,47,52,53,-1,47,53,54,-1,54,53,55,-1,54,55,56,-1,51,57,46,-1,46,57,58,-1,46,58,52,-1,59,60,61,-1,59,61,62,-1,60,63,61,-1,61,63,64,-1,61,64,65,-1,65,64,66,-1,66,67,65,-1,65,67,68,-1,65,68,48,-1,48,68,69,-1,48,69,49,-1,11,70,61,-1,61,70,71,-1,61,71,72,-1,73,62,74,-1,74,62,61,-1,74,61,75,-1,75,61,72,-1,76,77,78,-1,78,77,79,-1,80,81,82,-1,82,81,83,-1,11,10,70,-1,70,10,78,-1,70,78,84,-1,84,78,79,-1,84,79,85,-1,85,79,82,-1,85,82,86,-1,87,88,83,-1,83,88,89,-1,83,89,82,-1,82,89,90,-1,82,90,86,-1,29,28,83,-1,83,28,91,-1,83,91,87,-1,92,93,27,-1,27,93,94,-1,95,96,97,-1,97,96,98,-1,99,100,1,-1,101,102,96,-1,96,102,103,-1,96,103,104,-1,1,100,29,-1,105,106,107,-1,107,106,108,-1,109,110,111,-1,111,110,112,-1,111,112,113,-1,100,114,29,-1,29,114,115,-1,29,115,116,-1,117,104,118,-1,118,104,119,-1,118,119,111,-1,111,119,120,-1,111,120,109,-1,117,121,104,-1,104,121,122,-1,104,122,96,-1,96,122,123,-1,96,123,98,-1,116,124,29,-1,29,124,125,-1,29,125,126,-1,108,127,107,-1,107,127,128,-1,107,128,129,-1,130,131,132,-1,132,131,133,-1,132,133,107,-1,107,133,134,-1,107,134,105,-1,94,135,27,-1,27,135,136,-1,27,136,137,-1,137,136,130,-1,137,130,138,-1,138,130,132,-1,126,139,29,-1,29,139,140,-1,29,140,27,-1,27,140,141,-1,27,141,92,-1,142,143,107,-1,107,143,144,-1,107,144,96,-1,96,144,145,-1,96,145,101,-1,129,146,107,-1,107,146,147,-1,107,147,148,-1,148,149,107,-1,107,149,150,-1,107,150,142,-1,151,152,153,-1,153,104,151,-1,151,104,103,-1,151,103,154,-1,154,103,155,-1,155,156,154,-1,154,156,157,-1,154,157,158,-1,159,160,161,-1,160,162,161,-1,161,162,163,-1,161,163,164,-1,165,161,166,-1,152,151,165,-1,165,151,167,-1,165,167,161,-1,161,167,168,-1,161,168,159,-1,166,169,165,-1,165,169,170,-1,165,170,171,-1,164,163,172,-1,172,163,173,-1,172,173,174,-1,174,173,175,-1,174,175,176,-1,177,178,171,-1,171,178,179,-1,171,179,165,-1,31,180,0,-1,0,180,181,-1,0,181,1,-1,1,181,182,-1,1,182,99,-1,183,184,185,-1,185,184,186,-1,187,188,189,-1,190,191,183,-1,183,191,26,-1,26,191,192,-1,26,192,24,-1,189,193,194,-1,194,193,195,-1,194,195,196,-1,184,197,186,-1,186,197,198,-1,186,198,199,-1,199,198,200,-1,201,202,203,-1,203,202,204,-1,205,206,207,-1,208,209,210,-1,210,209,205,-1,211,212,213,-1,214,215,216,-1,216,215,217,-1,218,219,206,-1,206,219,220,-1,201,221,202,-1,202,221,222,-1,202,222,223,-1,223,222,224,-1,223,224,225,-1,220,226,206,-1,206,226,227,-1,206,227,207,-1,228,229,211,-1,211,229,230,-1,211,230,212,-1,213,231,211,-1,211,231,232,-1,211,232,215,-1,215,232,204,-1,215,204,217,-1,217,204,202,-1,233,234,235,-1,236,237,224,-1,224,237,238,-1,239,209,240,-1,241,242,243,-1,214,244,215,-1,215,244,245,-1,215,245,246,-1,238,247,224,-1,224,247,248,-1,224,248,249,-1,249,250,224,-1,224,250,251,-1,224,251,225,-1,233,235,208,-1,243,252,241,-1,241,252,239,-1,241,239,253,-1,253,239,240,-1,235,254,208,-1,208,254,255,-1,208,255,209,-1,209,255,256,-1,209,256,240,-1,21,23,257,-1,257,23,258,-1,257,258,259,-1,260,261,20,-1,262,263,20,-1,20,263,264,-1,265,266,267,-1,267,266,268,-1,267,268,269,-1,269,270,267,-1,267,270,271,-1,267,271,272,-1,272,271,273,-1,272,273,260,-1,274,275,261,-1,261,275,276,-1,261,276,20,-1,20,276,277,-1,20,277,262,-1,264,278,20,-1,20,278,279,-1,20,279,18,-1,280,281,282,-1,282,281,283,-1,282,283,284,-1,282,285,280,-1,280,285,286,-1,280,286,287,-1,287,288,280,-1,280,288,289,-1,280,289,290,-1,290,289,291,-1,290,291,292,-1,292,291,293,-1,292,293,261,-1,261,293,294,-1,261,294,274,-1,295,296,284,-1,284,296,297,-1,284,297,282,-1,298,299,234,-1,234,299,300,-1,234,300,235,-1,298,301,299,-1,299,301,302,-1,299,302,303,-1,303,302,304,-1,303,305,306,-1,304,307,303,-1,303,307,308,-1,303,308,309,-1,309,310,303,-1,303,310,311,-1,303,311,305,-1,306,312,303,-1,303,312,313,-1,303,313,314,-1,315,316,317,-1,317,316,318,-1,317,318,319,-1,320,321,322,-1,322,321,323,-1,316,324,318,-1,318,324,325,-1,318,325,326,-1,326,325,327,-1,326,327,328,-1,328,327,329,-1,328,329,323,-1,323,329,330,-1,323,330,322,-1,331,332,333,-1,333,332,334,-1,334,332,335,-1,335,332,336,-1,335,336,337,-1,337,336,338,-1,337,338,339,-1,340,341,326,-1,326,341,342,-1,343,344,328,-1,342,345,326,-1,326,345,346,-1,326,346,338,-1,338,346,347,-1,338,347,339,-1,343,328,348,-1,333,349,331,-1,331,349,350,-1,331,350,328,-1,328,350,351,-1,328,351,348,-1,344,352,328,-1,328,352,353,-1,328,353,326,-1,326,353,354,-1,326,354,340,-1,332,355,356,-1,356,355,357,-1,356,358,332,-1,332,358,359,-1,332,359,336,-1,336,359,360,-1,336,360,361,-1,362,363,364,-1,364,363,365,-1,365,363,366,-1,366,363,359,-1,366,359,367,-1,367,359,358,-1,367,358,17,-1,17,358,368,-1,17,368,15,-1,357,355,369,-1,369,355,370,-1,369,370,371,-1,372,373,374,-1,375,376,377,-1,377,376,378,-1,379,380,381,-1,381,380,382,-1,381,382,378,-1,378,382,377,-1,377,382,383,-1,377,383,384,-1,384,383,385,-1,384,385,386,-1,386,385,387,-1,386,387,388,-1,388,387,389,-1,388,389,390,-1,390,389,391,-1,390,391,392,-1,392,391,258,-1,392,258,393,-1,393,258,394,-1,393,394,395,-1,396,370,397,-1,397,370,398,-1,360,399,361,-1,361,399,371,-1,361,371,8,-1,8,371,370,-1,8,370,400,-1,400,370,396,-1,6,8,401,-1,402,403,400,-1,400,403,404,-1,400,404,8,-1,8,404,405,-1,8,405,401,-1,406,407,400,-1,400,407,408,-1,400,408,409,-1,409,410,400,-1,400,410,411,-1,400,411,402,-1,412,413,414,-1,414,413,415,-1,414,415,416,-1,412,417,413,-1,413,417,418,-1,413,418,419,-1,419,418,420,-1,419,420,421,-1,416,422,414,-1,414,422,423,-1,414,423,400,-1,400,423,424,-1,400,424,406,-1,4,425,426,-1,426,425,427,-1,427,425,428,-1,427,428,398,-1,5,429,430,-1,430,431,5,-1,5,431,432,-1,5,432,3,-1,433,434,435,-1,436,437,438,-1,438,437,439,-1,438,439,5,-1,5,439,440,-1,5,440,429,-1,441,442,443,-1,443,442,444,-1,443,444,445,-1,446,447,215,-1,215,447,448,-1,215,448,443,-1,443,448,449,-1,443,449,441,-1,7,446,267,-1,267,446,215,-1,267,215,265,-1,265,215,246,-1,265,246,242,-1,242,246,450,-1,242,450,243,-1,451,394,452,-1,452,394,258,-1,452,258,207,-1,207,258,23,-1,207,23,205,-1,205,23,22,-1,205,22,210,-1,451,453,394,-1,394,453,454,-1,394,454,211,-1,211,454,455,-1,211,455,228,-1,456,457,458,-1,188,187,459,-1,459,187,460,-1,459,460,200,-1,200,460,458,-1,200,458,199,-1,199,458,457,-1,199,457,461,-1,462,463,464,-1,458,465,456,-1,456,465,466,-1,456,466,467,-1,467,466,462,-1,467,462,468,-1,468,462,464,-1,469,470,20,-1,20,470,471,-1,260,20,272,-1,272,20,471,-1,272,471,465,-1,465,471,472,-1,465,472,466,-1,473,470,474,-1,474,470,469,-1,474,469,475,-1,391,476,477,-1,259,258,19,-1,19,258,391,-1,19,391,20,-1,20,391,477,-1,20,477,469,-1,469,477,478,-1,469,478,479,-1,480,481,469,-1,469,481,482,-1,469,482,475,-1,483,484,389,-1,389,484,485,-1,389,485,391,-1,391,485,486,-1,391,486,476,-1,479,487,469,-1,469,487,488,-1,469,488,480,-1,489,490,387,-1,489,387,461,-1,490,491,387,-1,387,491,492,-1,387,492,389,-1,389,492,493,-1,389,493,483,-1,374,9,372,-1,372,9,11,-1,372,11,494,-1,494,11,61,-1,494,61,495,-1,495,61,65,-1,495,65,496,-1,496,65,48,-1,496,48,497,-1,497,48,46,-1,497,46,498,-1,498,46,43,-1,499,500,435,-1,435,500,501,-1,502,438,32,-1,434,436,435,-1,435,436,438,-1,435,438,499,-1,499,438,502,-1,499,502,503,-1,2,435,0,-1,0,435,501,-1,0,501,32,-1,32,501,504,-1,32,504,502,-1,505,506,507,-1,507,506,2,-1,507,2,508,-1,29,509,1,-1,1,509,510,-1,1,510,2,-1,2,510,511,-1,2,511,508,-1,512,513,514,-1,514,513,507,-1,514,507,515,-1,515,507,508,-1,515,508,516,-1,516,508,517,-1,505,509,506,-1,506,509,29,-1,506,29,14,-1,14,29,83,-1,14,83,12,-1,12,83,81,-1,12,81,518,-1,4,426,5,-1,5,426,519,-1,5,519,438,-1,438,519,40,-1,438,40,32,-1,32,40,39,-1,32,39,33,-1,13,395,14,-1,14,395,394,-1,14,394,506,-1,506,394,211,-1,506,211,2,-1,2,211,215,-1,2,215,435,-1,435,215,443,-1,435,443,433,-1,433,443,445,-1,7,267,8,-1,8,267,272,-1,8,272,361,-1,361,272,465,-1,361,465,336,-1,336,465,458,-1,336,458,338,-1,338,458,460,-1,338,460,326,-1,326,460,187,-1,326,187,318,-1,398,370,427,-1,427,370,355,-1,427,355,520,-1,520,355,332,-1,520,332,521,-1,521,332,331,-1,521,331,522,-1,522,331,328,-1,522,328,523,-1,523,328,323,-1,523,323,524,-1,524,323,321,-1,524,321,525,-1,526,527,187,-1,194,190,189,-1,189,190,183,-1,189,183,187,-1,187,183,185,-1,187,185,526,-1,526,185,528,-1,529,185,530,-1,530,185,531,-1,530,531,532,-1,532,531,533,-1,534,535,529,-1,529,535,536,-1,529,536,185,-1,185,536,537,-1,185,537,528,-1,528,537,538,-1,322,319,320,-1,320,319,318,-1,320,318,533,-1,533,318,187,-1,533,187,532,-1,532,187,539,-1,537,540,541,-1,541,542,537,-1,537,542,543,-1,537,543,538,-1,544,545,539,-1,539,545,546,-1,539,546,547,-1,527,548,187,-1,187,548,549,-1,187,549,539,-1,539,549,550,-1,539,550,544,-1,547,551,539,-1,539,551,552,-1,539,552,537,-1,537,552,553,-1,537,553,540,-1,461,387,199,-1,199,387,385,-1,199,385,186,-1,186,385,383,-1,186,383,185,-1,185,383,382,-1,185,382,531,-1,554,555,375,-1,375,555,376,-1,80,556,81,-1,81,556,557,-1,81,557,518,-1,77,76,558,-1,558,76,559,-1,560,561,562,-1,562,561,563,-1,564,565,566,-1,566,565,567,-1,568,569,570,-1,570,569,571,-1,
        ]
    }
}
Shape{
    appearance Appearance {
        material  Material 	{
            diffuseColor 0.2235294117647059 0.2235294117647059 0.2235294117647059
            specularColor 0.11372549019607843 0.11372549019607843 0.11372549019607843
            ambientIntensity 0.2
            transparency 0
            shininess 0.5
        }
    }
    geometry IndexedFaceSet {
        ccw TRUE
        solid FALSE
        coord DEF co Coordinate {
            point [
                0.8937 -0.374 0.1181, 1.1063 -0.374 0.1181, 0.8937 -0.374 0.0, 1.1063 -0.374 0.0, 0.1063 -0.374 0.0, -0.1063 -0.374 0.0, 0.1063 -0.374 0.1181, -0.1063 -0.374 0.1181, -0.8937 -0.374 0.0, -1.1063 -0.374 0.0, -0.8937 -0.374 0.1181, -1.1063 -0.374 0.1181, 0.8937 0.374 0.0, 1.1063 0.374 0.0, 0.8937 0.374 0.1181, 1.1063 0.374 0.1181, 0.1063 0.374 0.1181, -0.1063 0.374 0.1181, 0.1063 0.374 0.0, -0.1063 0.374 0.0, -0.8937 0.374 0.1181, -1.1063 0.374 0.1181, -0.8937 0.374 0.0, -1.1063 0.374 0.0, -1.1063 0.374 0.0
            ]
        }
        coordIndex [
            0,1,2,-1,2,1,3,-1,4,5,6,-1,6,5,7,-1,8,9,10,-1,10,9,11,-1,12,13,14,-1,14,13,15,-1,16,17,18,-1,18,17,19,-1,20,21,22,-1,22,21,23,-1,
        ]
    }
}
Shape{
    appearance Appearance {
        material  Material 	{
            diffuseColor 0.25098039215686274 0.25098039215686274 0.25098039215686274
            specularColor 0.12549019607843137 0.12549019607843137 0.12549019607843137
            ambientIntensity 0.2
            transparency 0
            shininess 0.5
        }
    }
    geometry IndexedFaceSet {
        ccw TRUE
        solid FALSE
        coord DEF co Coordinate {
            point [
                1.8937 -0.374 0.0, 2.0984 -0.374 0.0, 1.8937 -0.4921 0.0, 2.0984 -0.4921 0.0, 1.8937 0.4921 0.0, 2.0984 0.4921 0.0, 1.8937 0.374 0.0, 2.0984 0.374 0.0, 2.0984 0.374 0.0
            ]
        }
        coordIndex [
            0,1,2,-1,2,1,3,-1,4,5,6,-1,6,5,7,-1,
        ]
    }
}
Shape{
    appearance Appearance {
        material  Material 	{
            diffuseColor 0.2235294117647059 0.2235294117647059 0.2235294117647059
            specularColor 0.11372549019607843 0.11372549019607843 0.11372549019607843
            ambientIntensity 0.2
            transparency 0
            shininess 0.5
        }
    }
    geometry IndexedFaceSet {
        ccw TRUE
        solid FALSE
        coord DEF co Coordinate {
            point [
                1.8937 -0.374 0.1181, 2.0984 -0.374 0.1181, 1.8937 -0.374 0.0, 2.0984 -0.374 0.0, 1.8937 0.374 0.0, 2.0984 0.374 0.0, 1.8937 0.374 0.1181, 2.0984 0.374 0.1181, 2.0984 0.374 0.1181
            ]
        }
        coordIndex [
            0,1,2,-1,2,1,3,-1,4,5,6,-1,6,5,7,-1,
        ]
    }
}
Shape{
    appearance Appearance {
        material  Material 	{
            diffuseColor 0.25098039215686274 0.25098039215686274 0.25098039215686274
            specularColor 0.12549019607843137 0.12549019607843137 0.12549019607843137
            ambientIntensity 0.2
            transparency 0
            shininess 0.5
        }
    }
    geometry IndexedFaceSet {
        ccw TRUE
        solid FALSE
        coord DEF co Coordinate {
            point [
                -1.8937 -0.4921 0.0, -2.0984 -0.4921 0.0, -1.8937 -0.374 0.0, -2.0984 -0.374 0.0, 0.2047 0.2953 1.1811, 0.2047 -0.2953 1.1811, 0.2047 0.2953 0.1181, 0.2047 -0.2953 0.1181, 0.7953 -0.2953 1.1811, 0.7953 -0.2953 0.1181, 0.7953 0.2953 1.1811, 0.7953 0.2953 0.1181, 1.2047 0.2953 1.1811, 1.2047 -0.2953 1.1811, 1.2047 0.2953 0.1181, 1.2047 -0.2953 0.1181, 1.7953 -0.2953 1.1811, 1.7953 -0.2953 0.1181, 1.7953 0.2953 1.1811, 1.7953 0.2953 0.1181, -1.7953 0.2953 1.1811, -1.7953 -0.2953 1.1811, -1.7953 0.2953 0.1181, -1.7953 -0.2953 0.1181, -1.2047 -0.2953 1.1811, -1.2047 -0.2953 0.1181, -1.2047 0.2953 1.1811, -1.2047 0.2953 0.1181, -0.7953 0.2953 1.1811, -0.7953 -0.2953 1.1811, -0.7953 0.2953 0.1181, -0.7953 -0.2953 0.1181, -0.2047 -0.2953 1.1811, -0.2047 -0.2953 0.1181, -0.2047 0.2953 1.1811, -0.2047 0.2953 0.1181, -0.3819 -0.1181 1.8504, -0.3819 0.1181 1.8504, -0.3819 -0.1181 1.1811, -0.3819 0.1181 1.1811, -0.6181 -0.1181 1.8504, -0.6181 -0.1181 1.1811, -0.6181 0.1181 1.8504, -0.6181 0.1181 1.1811, -1.3819 -0.1181 1.8504, -1.3819 0.1181 1.8504, -1.3819 -0.1181 1.1811, -1.3819 0.1181 1.1811, -1.6181 -0.1181 1.8504, -1.6181 -0.1181 1.1811, -1.6181 0.1181 1.8504, -1.6181 0.1181 1.1811, 1.6181 -0.1181 1.8504, 1.6181 0.1181 1.8504, 1.6181 -0.1181 1.1811, 1.6181 0.1181 1.1811, 1.3819 -0.1181 1.8504, 1.3819 -0.1181 1.1811, 1.3819 0.1181 1.8504, 1.3819 0.1181 1.1811, 0.6181 -0.1181 1.8504, 0.6181 0.1181 1.8504, 0.6181 -0.1181 1.1811, 0.6181 0.1181 1.1811, 0.3819 -0.1181 1.8504, 0.3819 -0.1181 1.1811, 0.3819 0.1181 1.8504, 0.3819 0.1181 1.1811, 2.0984 0.374 0.0, 2.0984 0.4921 0.0, 2.0984 0.374 0.1181, 2.0984 0.4921 1.9685, 2.0984 -0.4921 1.9685, 2.0984 -0.4921 0.7545, 2.0984 -0.4921 0.6188, 2.0984 -0.4921 0.0, 2.0984 -0.374 0.0, 2.0984 -0.4921 0.3542, 2.0984 -0.374 0.1181, 2.0984 -0.4921 0.4071, 2.0984 -0.4921 0.5797, 1.8937 0.4921 0.1181, 1.8937 0.4921 0.0, 0.1063 0.4921 0.1181, 0.1063 0.4921 0.0, -0.1063 0.4921 0.0, 1.1063 0.4921 0.0, 0.8937 0.4921 0.0, 1.1063 0.4921 0.1181, 0.8937 0.4921 0.1181, -0.1063 0.4921 0.1181, -0.8937 0.4921 0.1181, -2.0984 0.4921 1.9685, -1.8937 0.4921 0.0, -2.0984 0.4921 0.0, -1.8937 0.4921 0.1181, -1.1063 0.4921 0.1181, -1.1063 0.4921 0.0, -0.8937 0.4921 0.0, -2.0984 0.374 0.1181, -2.0984 0.374 0.0, -2.0984 -0.374 0.1181, -2.0984 -0.4921 0.3542, -2.0984 -0.4921 0.4071, -2.0984 -0.4921 0.5797, -2.0984 -0.4921 1.9685, -2.0984 -0.4921 0.7545, -2.0984 -0.4921 0.6188, 0.0543 -0.4921 1.9685, 0.1827 -0.4921 1.9685, 0.2638 -0.2362 1.9685, 0.5629 -0.4921 1.9685, 0.7362 -0.2362 1.9685, 1.2638 -0.2362 1.9685, 0.7362 0.2362 1.9685, -1.3521 -0.4921 1.9685, -1.2638 -0.2362 1.9685, 0.1907 -0.4921 1.9685, 0.3037 -0.4921 1.9685, 0.3647 -0.4921 1.9685, -1.7362 -0.2362 1.9685, -1.7362 0.2362 1.9685, -1.2638 0.2362 1.9685, -0.2638 0.2362 1.9685, -0.7362 0.2362 1.9685, -0.7362 -0.2362 1.9685, 1.2638 0.2362 1.9685, 1.7362 0.2362 1.9685, 1.7362 -0.2362 1.9685, 0.3958 -0.4921 1.9685, 0.4695 -0.4921 1.9685, 0.5207 -0.4921 1.9685, -0.2638 -0.2362 1.9685, 0.2638 0.2362 1.9685, -1.8937 0.374 0.0, -1.8937 0.374 0.0
            ]
        }
        coordIndex [
            0,1,2,-1,2,1,3,-1,4,5,6,-1,6,5,7,-1,5,8,7,-1,7,8,9,-1,8,10,9,-1,9,10,11,-1,10,4,11,-1,11,4,6,-1,12,13,14,-1,14,13,15,-1,13,16,15,-1,15,16,17,-1,16,18,17,-1,17,18,19,-1,18,12,19,-1,19,12,14,-1,20,21,22,-1,22,21,23,-1,21,24,23,-1,23,24,25,-1,24,26,25,-1,25,26,27,-1,26,20,27,-1,27,20,22,-1,28,29,30,-1,30,29,31,-1,29,32,31,-1,31,32,33,-1,32,34,33,-1,33,34,35,-1,34,28,35,-1,35,28,30,-1,36,37,38,-1,38,37,39,-1,40,36,41,-1,41,36,38,-1,42,40,43,-1,43,40,41,-1,37,42,39,-1,39,42,43,-1,44,45,46,-1,46,45,47,-1,48,44,49,-1,49,44,46,-1,50,48,51,-1,51,48,49,-1,45,50,47,-1,47,50,51,-1,52,53,54,-1,54,53,55,-1,56,52,57,-1,57,52,54,-1,58,56,59,-1,59,56,57,-1,53,58,55,-1,55,58,59,-1,60,61,62,-1,62,61,63,-1,64,60,65,-1,65,60,62,-1,66,64,67,-1,67,64,65,-1,61,66,63,-1,63,66,67,-1,68,69,70,-1,70,69,71,-1,71,72,70,-1,70,72,73,-1,70,73,74,-1,75,76,77,-1,77,76,78,-1,77,78,79,-1,79,78,70,-1,79,70,80,-1,80,70,74,-1,71,69,81,-1,81,69,82,-1,83,84,85,-1,86,87,88,-1,88,87,89,-1,90,91,92,-1,85,90,83,-1,83,90,92,-1,83,92,89,-1,89,92,71,-1,89,71,88,-1,88,71,81,-1,93,94,95,-1,95,94,92,-1,95,92,96,-1,96,92,91,-1,96,91,97,-1,97,91,98,-1,92,94,99,-1,99,94,100,-1,3,1,101,-1,101,1,102,-1,101,102,99,-1,99,102,103,-1,99,103,104,-1,105,92,106,-1,106,92,99,-1,106,99,107,-1,107,99,104,-1,108,109,110,-1,111,72,112,-1,112,72,113,-1,112,113,114,-1,115,108,116,-1,109,117,110,-1,110,117,118,-1,110,118,119,-1,115,116,105,-1,105,116,120,-1,105,120,92,-1,92,120,121,-1,92,121,122,-1,123,92,124,-1,124,92,122,-1,124,122,125,-1,92,126,71,-1,71,126,127,-1,71,127,72,-1,72,127,128,-1,72,128,113,-1,119,129,110,-1,110,129,130,-1,110,130,112,-1,112,130,131,-1,112,131,111,-1,122,116,125,-1,125,116,108,-1,125,108,132,-1,132,108,110,-1,132,110,123,-1,123,110,133,-1,123,133,92,-1,92,133,114,-1,92,114,126,-1,126,114,113,-1,134,100,93,-1,93,100,94,-1,110,64,133,-1,133,64,66,-1,112,60,110,-1,110,60,64,-1,61,114,66,-1,66,114,133,-1,114,61,112,-1,112,61,60,-1,62,8,65,-1,65,8,5,-1,65,5,67,-1,67,5,4,-1,67,4,63,-1,63,4,10,-1,63,10,62,-1,62,10,8,-1,125,40,124,-1,124,40,42,-1,132,36,125,-1,125,36,40,-1,37,123,42,-1,42,123,124,-1,123,37,132,-1,132,37,36,-1,120,48,121,-1,121,48,50,-1,116,44,120,-1,120,44,48,-1,45,122,50,-1,50,122,121,-1,122,45,116,-1,116,45,44,-1,113,56,126,-1,126,56,58,-1,128,52,113,-1,113,52,56,-1,53,127,58,-1,58,127,126,-1,127,53,128,-1,128,53,52,-1,54,16,57,-1,57,16,13,-1,57,13,59,-1,59,13,12,-1,59,12,55,-1,55,12,18,-1,55,18,54,-1,54,18,16,-1,46,24,49,-1,49,24,21,-1,49,21,51,-1,51,21,20,-1,51,20,47,-1,47,20,26,-1,47,26,46,-1,46,26,24,-1,38,32,41,-1,41,32,29,-1,41,29,43,-1,43,29,28,-1,43,28,39,-1,39,28,34,-1,39,34,38,-1,38,34,32,-1,
        ]
    }
}
Shape{
    appearance Appearance {
        material  Material 	{
            diffuseColor 0.2235294117647059 0.2235294117647059 0.2235294117647059
            specularColor 0.11372549019607843 0.11372549019607843 0.11372549019607843
            ambientIntensity 0.2
            transparency 0
            shininess 0.5
        }
    }
    geometry IndexedFaceSet {
        ccw TRUE
        solid FALSE
        coord DEF co Coordinate {
            point [
                -1.7953 0.2953 0.1181, -1.8937 0.374 0.1181, -1.2047 0.2953 0.1181, -1.8937 0.4921 0.1181, -1.7953 -0.2953 0.1181, -1.8937 -0.374 0.1181, -2.0984 0.374 0.1181, -2.0984 -0.374 0.1181, -0.8937 0.4921 0.1181, -0.2047 0.2953 0.1181, -0.8937 0.374 0.1181, -0.7953 0.2953 0.1181, -0.7953 -0.2953 0.1181, -1.1063 0.4921 0.1181, -1.1063 0.374 0.1181, -1.2047 -0.2953 0.1181, -0.8937 -0.374 0.1181, -1.1063 -0.374 0.1181, -1.1063 -0.4921 0.1181, -1.3521 -0.4921 0.1181, -1.8937 -0.4921 0.1181, 1.1063 0.374 0.1181, 1.7953 0.2953 0.1181, 1.2047 0.2953 0.1181, 0.1063 -0.374 0.1181, -0.1063 0.374 0.1181, 0.1063 0.374 0.1181, -0.1063 0.4921 0.1181, -0.2047 -0.2953 0.1181, -0.1063 -0.374 0.1181, -0.1063 -0.4921 0.1181, -0.8937 -0.4921 0.1181, 0.1063 0.4921 0.1181, 0.7953 0.2953 0.1181, 0.8937 0.4921 0.1181, 0.8937 0.374 0.1181, 1.8937 0.374 0.1181, 1.7953 -0.2953 0.1181, 1.1063 -0.374 0.1181, 0.8937 -0.374 0.1181, 0.7953 -0.2953 0.1181, 0.8937 -0.4921 0.1181, 2.0984 0.374 0.1181, 2.0984 -0.374 0.1181, 1.8937 -0.374 0.1181, 1.1063 0.4921 0.1181, 1.8937 0.4921 0.1181, 1.2047 -0.2953 0.1181, 0.5629 -0.4921 0.1181, 0.5207 -0.4921 0.1181, 0.2047 -0.2953 0.1181, 1.8937 -0.4921 0.1181, 1.1063 -0.4921 0.1181, 0.4695 -0.4921 0.1181, 0.3958 -0.4921 0.1181, 0.3647 -0.4921 0.1181, 0.3037 -0.4921 0.1181, 0.1907 -0.4921 0.1181, 0.1827 -0.4921 0.1181, 0.2047 0.2953 0.1181, 0.1063 -0.4921 0.1181, -1.8937 -0.374 0.0, -2.0984 -0.374 0.0, -1.8937 0.374 0.0, -2.0984 0.374 0.0, -2.0984 0.374 0.0
            ]
        }
        coordIndex [
            0,1,2,-1,2,1,3,-1,0,4,1,-1,1,4,5,-1,1,5,6,-1,6,5,7,-1,8,9,10,-1,10,9,11,-1,10,11,12,-1,3,13,2,-1,2,13,14,-1,2,14,15,-1,15,14,16,-1,15,16,17,-1,17,18,15,-1,15,18,19,-1,15,19,4,-1,4,19,20,-1,4,20,5,-1,21,22,23,-1,24,25,26,-1,8,27,9,-1,9,27,25,-1,9,25,28,-1,28,25,24,-1,28,24,29,-1,29,30,28,-1,28,30,31,-1,28,31,12,-1,12,31,16,-1,12,16,10,-1,10,16,14,-1,26,32,33,-1,33,32,34,-1,33,34,35,-1,36,37,22,-1,38,39,40,-1,40,39,41,-1,42,43,44,-1,21,45,22,-1,22,45,46,-1,22,46,36,-1,42,44,36,-1,23,47,21,-1,21,47,38,-1,21,38,35,-1,35,38,40,-1,35,40,33,-1,41,48,40,-1,40,48,49,-1,40,49,50,-1,36,44,37,-1,37,44,51,-1,37,51,47,-1,47,51,52,-1,47,52,38,-1,49,53,50,-1,50,53,54,-1,50,54,55,-1,55,56,50,-1,50,56,57,-1,50,57,58,-1,33,59,26,-1,26,59,50,-1,26,50,24,-1,24,50,58,-1,24,58,60,-1,61,62,5,-1,5,62,7,-1,1,6,63,-1,63,6,64,-1,
        ]
    }
}
Shape{
    appearance Appearance {
        material  Material 	{
            diffuseColor 0.25098039215686274 0.25098039215686274 0.25098039215686274
            specularColor 0.12549019607843137 0.12549019607843137 0.12549019607843137
            ambientIntensity 0.2
            transparency 0
            shininess 0.5
        }
    }
    geometry IndexedFaceSet {
        ccw TRUE
        solid FALSE
        coord DEF co Coordinate {
            point [
                1.1063 0.374 0.1181, 1.1063 0.374 0.0, 1.1063 0.4921 0.1181, 1.1063 0.4921 0.0, 1.8937 0.4921 0.1181, 1.8937 0.4921 0.0, 1.8937 0.374 0.1181, 1.8937 0.374 0.0, 1.8937 -0.374 0.0, 1.8937 -0.4921 0.0, 1.8937 -0.374 0.1181, 1.8937 -0.4921 0.1181, 1.1063 -0.374 0.1181, 1.1063 -0.4921 0.1181, 1.1063 -0.374 0.0, 1.1063 -0.4921 0.0, -1.8937 0.374 0.1181, -1.8937 0.374 0.0, -1.8937 0.4921 0.1181, -1.8937 0.4921 0.0, -1.1063 0.4921 0.1181, -1.1063 0.4921 0.0, -1.1063 0.374 0.1181, -1.1063 0.374 0.0, -0.8937 0.374 0.1181, -0.8937 0.374 0.0, -0.8937 0.4921 0.1181, -0.8937 0.4921 0.0, -0.1063 0.4921 0.1181, -0.1063 0.4921 0.0, -0.1063 0.374 0.1181, -0.1063 0.374 0.0, 0.1063 0.374 0.1181, 0.1063 0.374 0.0, 0.1063 0.4921 0.1181, 0.1063 0.4921 0.0, 0.8937 0.4921 0.1181, 0.8937 0.4921 0.0, 0.8937 0.374 0.1181, 0.8937 0.374 0.0, -1.1063 -0.374 0.0, -1.1063 -0.4921 0.0, -1.1063 -0.374 0.1181, -1.1063 -0.4921 0.1181, -1.8937 -0.374 0.1181, -1.8937 -0.4921 0.1181, -1.8937 -0.374 0.0, -1.8937 -0.4921 0.0, -0.1063 -0.374 0.0, -0.1063 -0.4921 0.0, -0.1063 -0.374 0.1181, -0.1063 -0.4921 0.1181, -0.8937 -0.374 0.1181, -0.8937 -0.4921 0.1181, -0.8937 -0.374 0.0, -0.8937 -0.4921 0.0, 0.8937 -0.374 0.0, 0.8937 -0.4921 0.0, 0.8937 -0.374 0.1181, 0.8937 -0.4921 0.1181, 0.1063 -0.374 0.1181, 0.1063 -0.4921 0.1181, 0.1063 -0.374 0.0, 0.1063 -0.4921 0.0, 0.1063 -0.4921 0.0
            ]
        }
        coordIndex [
            0,1,2,-1,2,1,3,-1,4,5,6,-1,6,5,7,-1,8,9,10,-1,10,9,11,-1,12,13,14,-1,14,13,15,-1,16,17,18,-1,18,17,19,-1,20,21,22,-1,22,21,23,-1,24,25,26,-1,26,25,27,-1,28,29,30,-1,30,29,31,-1,32,33,34,-1,34,33,35,-1,36,37,38,-1,38,37,39,-1,40,41,42,-1,42,41,43,-1,44,45,46,-1,46,45,47,-1,48,49,50,-1,50,49,51,-1,52,53,54,-1,54,53,55,-1,56,57,58,-1,58,57,59,-1,60,61,62,-1,62,61,63,-1,
        ]
    }
}
Shape{
    appearance Appearance {
        material  Material 	{
            diffuseColor 1.0 1.0 1.0
            specularColor 0.5019607843137255 0.5019607843137255 0.5019607843137255
            ambientIntensity 0.2
            transparency 0
            shininess 0.5
        }
    }
    geometry IndexedFaceSet {
        ccw TRUE
        solid FALSE
        coord DEF co Coordinate {
            point [
                0.1793 -0.4961 0.6351, 0.1793 -0.4961 0.6199, 0.1793 -0.4921 0.6351, 0.1793 -0.4921 0.6199, 0.1262 -0.4961 0.6351, 0.1262 -0.4921 0.6351, 0.1262 -0.4961 0.7534, 0.1262 -0.4921 0.7534, 0.1089 -0.4961 0.7534, 0.1089 -0.4921 0.7534, 0.1089 -0.4961 0.6199, 0.1089 -0.4921 0.6199, 0.2477 -0.4961 0.6177, 0.2477 -0.4921 0.6177, 0.2681 -0.4961 0.6196, 0.2595 -0.4921 0.6188, 0.2681 -0.4921 0.6196, 0.2824 -0.4921 0.6243, 0.2824 -0.4961 0.6243, 0.2847 -0.4921 0.6255, 0.2847 -0.4961 0.6255, 0.2847 -0.4961 0.642, 0.2847 -0.4921 0.642, 0.2716 -0.4921 0.6361, 0.2716 -0.4961 0.6361, 0.2565 -0.4921 0.6333, 0.2565 -0.4961 0.6333, 0.2502 -0.4921 0.633, 0.2502 -0.4961 0.633, 0.2367 -0.4921 0.6347, 0.2367 -0.4961 0.6347, 0.2272 -0.4921 0.6384, 0.2272 -0.4961 0.6384, 0.2185 -0.4921 0.6446, 0.2185 -0.4961 0.6446, 0.2159 -0.4921 0.6471, 0.2159 -0.4961 0.6471, 0.2094 -0.4921 0.6561, 0.2094 -0.4961 0.6561, 0.2051 -0.4921 0.6669, 0.2051 -0.4961 0.6669, 0.203 -0.4921 0.6802, 0.203 -0.4961 0.6802, 0.2028 -0.4921 0.6852, 0.2028 -0.4961 0.6852, 0.2047 -0.4921 0.702, 0.2047 -0.4961 0.702, 0.2089 -0.4921 0.7139, 0.2089 -0.4961 0.7139, 0.2152 -0.4921 0.7234, 0.2152 -0.4961 0.7234, 0.2169 -0.4921 0.7253, 0.2169 -0.4961 0.7253, 0.226 -0.4921 0.7328, 0.226 -0.4961 0.7328, 0.2365 -0.4921 0.7376, 0.2365 -0.4961 0.7376, 0.2481 -0.4921 0.7399, 0.2481 -0.4961 0.7399, 0.2532 -0.4921 0.7401, 0.2532 -0.4961 0.7401, 0.2697 -0.4921 0.7381, 0.2697 -0.4961 0.7381, 0.2832 -0.4921 0.733, 0.2832 -0.4961 0.733, 0.2847 -0.4921 0.7322, 0.2847 -0.4961 0.7322, 0.2847 -0.4961 0.7502, 0.2847 -0.4921 0.7502, 0.2531 -0.4921 0.7556, 0.2531 -0.4961 0.7556, 0.2535 -0.4961 0.7556, 0.2709 -0.4921 0.7542, 0.2709 -0.4961 0.7542, 0.2671 -0.4921 0.7545, 0.2535 -0.4921 0.7556, 0.2439 -0.4921 0.7545, 0.2335 -0.4961 0.7532, 0.2335 -0.4921 0.7532, 0.2196 -0.4921 0.7478, 0.2196 -0.4961 0.7478, 0.2071 -0.4921 0.739, 0.2071 -0.4961 0.739, 0.204 -0.4921 0.736, 0.204 -0.4961 0.736, 0.1943 -0.4921 0.7233, 0.1907 -0.4921 0.7149, 0.188 -0.4961 0.7085, 0.1943 -0.4961 0.7233, 0.188 -0.4921 0.7085, 0.185 -0.4921 0.6911, 0.185 -0.4961 0.6911, 0.1848 -0.4921 0.6841, 0.1848 -0.4961 0.6841, 0.1869 -0.4921 0.6642, 0.1907 -0.4921 0.6537, 0.1921 -0.4961 0.6499, 0.1869 -0.4961 0.6642, 0.1921 -0.4921 0.6499, 0.1998 -0.4921 0.6383, 0.1998 -0.4961 0.6383, 0.2019 -0.4921 0.6359, 0.2019 -0.4961 0.6359, 0.2252 -0.4921 0.621, 0.2126 -0.4961 0.627, 0.2126 -0.4921 0.627, 0.2361 -0.4921 0.6188, 0.2397 -0.4961 0.6181, 0.2252 -0.4961 0.621, 0.2397 -0.4921 0.6181, 0.3832 -0.4961 0.6351, 0.3832 -0.4961 0.6199, 0.3832 -0.4921 0.6351, 0.3832 -0.4921 0.6199, 0.3286 -0.4921 0.6351, 0.3286 -0.4961 0.6351, 0.3647 -0.4921 0.6351, 0.3286 -0.4961 0.68, 0.3286 -0.4921 0.68, 0.3763 -0.4961 0.68, 0.3647 -0.4921 0.68, 0.3763 -0.4921 0.68, 0.3763 -0.4961 0.6953, 0.3763 -0.4921 0.6953, 0.3286 -0.4921 0.6953, 0.3286 -0.4961 0.6953, 0.3647 -0.4921 0.6953, 0.3286 -0.4961 0.738, 0.3286 -0.4921 0.738, 0.3801 -0.4921 0.738, 0.3801 -0.4961 0.738, 0.3647 -0.4921 0.738, 0.3801 -0.4961 0.7534, 0.3801 -0.4921 0.7534, 0.3114 -0.4921 0.7534, 0.3114 -0.4961 0.7534, 0.3647 -0.4921 0.7534, 0.3114 -0.4961 0.6199, 0.3114 -0.4921 0.6199, 0.3647 -0.4921 0.6199, 0.4985 -0.4961 0.6794, 0.5166 -0.4961 0.6799, 0.4989 -0.4961 0.6879, 0.517 -0.4961 0.6884, 0.4973 -0.4961 0.7032, 0.5147 -0.4961 0.707, 0.4937 -0.4961 0.7133, 0.5097 -0.4961 0.7197, 0.4887 -0.4961 0.721, 0.5014 -0.4961 0.7313, 0.4843 -0.4961 0.7255, 0.4969 -0.4961 0.7357, 0.4745 -0.4961 0.732, 0.4829 -0.4961 0.7453, 0.463 -0.4961 0.7361, 0.4668 -0.4961 0.7511, 0.4458 -0.4961 0.738, 0.4464 -0.4961 0.7534, 0.4256 -0.4961 0.738, 0.4084 -0.4961 0.7534, 0.4256 -0.4961 0.6351, 0.4084 -0.4961 0.6199, 0.445 -0.4961 0.6351, 0.4451 -0.4961 0.6199, 0.4619 -0.4961 0.637, 0.4659 -0.4961 0.6222, 0.4733 -0.4961 0.641, 0.4815 -0.4961 0.6279, 0.4822 -0.4961 0.6468, 0.4945 -0.4961 0.6365, 0.4846 -0.4961 0.6491, 0.4969 -0.4961 0.6386, 0.4913 -0.4961 0.6573, 0.5068 -0.4961 0.6505, 0.4959 -0.4961 0.6672, 0.5134 -0.4961 0.6643, 0.4451 -0.4921 0.6199, 0.4084 -0.4921 0.6199, 0.4659 -0.4921 0.6222, 0.4695 -0.4921 0.6235, 0.4815 -0.4921 0.6279, 0.4945 -0.4921 0.6365, 0.4969 -0.4921 0.6386, 0.5068 -0.4921 0.6505, 0.5134 -0.4921 0.6643, 0.5166 -0.4921 0.6799, 0.517 -0.4921 0.6884, 0.5147 -0.4921 0.707, 0.5097 -0.4921 0.7197, 0.5014 -0.4921 0.7313, 0.4969 -0.4921 0.7357, 0.4829 -0.4921 0.7453, 0.4695 -0.4921 0.7501, 0.4668 -0.4921 0.7511, 0.4464 -0.4921 0.7534, 0.4084 -0.4921 0.7534, 0.4458 -0.4921 0.738, 0.4256 -0.4921 0.738, 0.4256 -0.4921 0.6351, 0.445 -0.4921 0.6351, 0.4846 -0.4921 0.6491, 0.4822 -0.4921 0.6468, 0.4733 -0.4921 0.641, 0.4619 -0.4921 0.637, 0.4989 -0.4921 0.6879, 0.4985 -0.4921 0.6794, 0.4959 -0.4921 0.6672, 0.4913 -0.4921 0.6573, 0.4843 -0.4921 0.7255, 0.4887 -0.4921 0.721, 0.4937 -0.4921 0.7133, 0.4973 -0.4921 0.7032, 0.463 -0.4921 0.7361, 0.4745 -0.4921 0.732, 0.4745 -0.4921 0.732
            ]
        }
        coordIndex [
            0,1,2,-1,2,1,3,-1,4,0,5,-1,5,0,2,-1,6,4,7,-1,7,4,5,-1,8,6,9,-1,9,6,7,-1,10,8,11,-1,11,8,9,-1,1,10,3,-1,3,10,11,-1,6,8,4,-1,4,8,10,-1,4,10,0,-1,0,10,1,-1,12,13,14,-1,14,13,15,-1,15,16,14,-1,14,16,17,-1,14,17,18,-1,18,17,19,-1,18,19,20,-1,21,20,22,-1,22,20,19,-1,21,22,23,-1,21,23,24,-1,24,23,25,-1,24,25,26,-1,26,25,27,-1,26,27,28,-1,28,27,29,-1,28,29,30,-1,30,29,31,-1,30,31,32,-1,32,31,33,-1,32,33,34,-1,34,33,35,-1,34,35,36,-1,36,35,37,-1,36,37,38,-1,38,37,39,-1,38,39,40,-1,40,39,41,-1,40,41,42,-1,42,41,43,-1,42,43,44,-1,44,43,45,-1,44,45,46,-1,46,45,47,-1,46,47,48,-1,48,47,49,-1,48,49,50,-1,50,49,51,-1,50,51,52,-1,52,51,53,-1,52,53,54,-1,54,53,55,-1,54,55,56,-1,56,55,57,-1,56,57,58,-1,58,57,59,-1,58,59,60,-1,60,59,61,-1,60,61,62,-1,62,61,63,-1,62,63,64,-1,64,63,65,-1,64,65,66,-1,67,66,68,-1,68,66,65,-1,69,70,71,-1,67,68,72,-1,67,72,73,-1,73,72,74,-1,73,74,71,-1,71,74,75,-1,71,75,69,-1,70,69,76,-1,70,76,77,-1,76,78,77,-1,77,78,79,-1,77,79,80,-1,80,79,81,-1,80,81,82,-1,82,81,83,-1,82,83,84,-1,84,83,85,-1,86,87,85,-1,85,87,88,-1,85,88,84,-1,86,89,87,-1,87,89,90,-1,87,90,91,-1,91,90,92,-1,91,92,93,-1,93,92,94,-1,95,96,94,-1,94,96,97,-1,94,97,93,-1,95,98,96,-1,96,98,99,-1,96,99,100,-1,100,99,101,-1,100,101,102,-1,103,104,105,-1,105,104,102,-1,105,102,101,-1,106,107,103,-1,103,107,108,-1,103,108,104,-1,106,109,107,-1,107,109,13,-1,107,13,12,-1,64,66,67,-1,46,48,88,-1,64,67,62,-1,62,67,73,-1,62,73,60,-1,60,73,71,-1,60,71,58,-1,58,71,70,-1,58,70,56,-1,56,70,77,-1,56,77,54,-1,20,21,18,-1,18,21,24,-1,18,24,14,-1,14,24,26,-1,14,26,12,-1,12,26,28,-1,12,28,107,-1,107,28,30,-1,107,30,108,-1,108,30,32,-1,108,32,104,-1,104,32,34,-1,104,34,102,-1,102,34,36,-1,102,36,100,-1,100,36,38,-1,100,38,96,-1,88,48,84,-1,77,80,54,-1,54,80,82,-1,54,82,52,-1,52,82,84,-1,52,84,50,-1,50,84,48,-1,93,44,91,-1,91,44,46,-1,91,46,87,-1,87,46,88,-1,96,38,97,-1,97,38,40,-1,97,40,93,-1,93,40,42,-1,93,42,44,-1,110,111,112,-1,112,111,113,-1,114,115,116,-1,116,115,110,-1,116,110,112,-1,117,115,118,-1,118,115,114,-1,117,118,119,-1,119,118,120,-1,119,120,121,-1,122,119,123,-1,123,119,121,-1,124,125,126,-1,126,125,122,-1,126,122,123,-1,127,125,128,-1,128,125,124,-1,129,130,131,-1,131,130,127,-1,131,127,128,-1,132,130,133,-1,133,130,129,-1,134,135,136,-1,136,135,132,-1,136,132,133,-1,137,135,138,-1,138,135,134,-1,113,111,139,-1,139,111,137,-1,139,137,138,-1,137,111,110,-1,110,115,137,-1,137,115,117,-1,137,117,135,-1,130,132,127,-1,127,132,135,-1,127,135,125,-1,125,135,117,-1,125,117,122,-1,122,117,119,-1,140,141,142,-1,142,141,143,-1,142,143,144,-1,144,143,145,-1,144,145,146,-1,146,145,147,-1,146,147,148,-1,148,147,149,-1,148,149,150,-1,150,149,151,-1,150,151,152,-1,152,151,153,-1,152,153,154,-1,154,153,155,-1,154,155,156,-1,156,155,157,-1,156,157,158,-1,158,157,159,-1,158,159,160,-1,160,159,161,-1,160,161,162,-1,162,161,163,-1,162,163,164,-1,164,163,165,-1,164,165,166,-1,166,165,167,-1,166,167,168,-1,168,167,169,-1,168,169,170,-1,170,169,171,-1,170,171,172,-1,172,171,173,-1,172,173,174,-1,174,173,175,-1,174,175,140,-1,140,175,141,-1,163,161,176,-1,176,161,177,-1,163,176,178,-1,163,178,165,-1,165,178,179,-1,165,179,167,-1,179,180,167,-1,167,180,181,-1,167,181,169,-1,169,181,182,-1,169,182,171,-1,171,182,183,-1,171,183,173,-1,173,183,184,-1,173,184,175,-1,175,184,185,-1,175,185,141,-1,141,185,186,-1,141,186,143,-1,143,186,187,-1,143,187,145,-1,145,187,188,-1,145,188,147,-1,147,188,189,-1,147,189,149,-1,149,189,190,-1,149,190,151,-1,151,190,191,-1,192,155,191,-1,191,155,153,-1,191,153,151,-1,192,193,155,-1,155,193,194,-1,155,194,157,-1,159,157,195,-1,195,157,194,-1,161,159,177,-1,177,159,195,-1,156,158,196,-1,196,158,197,-1,158,160,197,-1,197,160,198,-1,160,162,198,-1,198,162,199,-1,170,200,201,-1,170,201,168,-1,168,201,202,-1,168,202,166,-1,166,202,203,-1,166,203,164,-1,164,203,199,-1,164,199,162,-1,142,204,205,-1,142,205,140,-1,140,205,206,-1,140,206,174,-1,174,206,207,-1,174,207,172,-1,172,207,200,-1,172,200,170,-1,150,208,209,-1,150,209,148,-1,148,209,210,-1,148,210,146,-1,146,210,211,-1,146,211,144,-1,144,211,204,-1,144,204,142,-1,156,196,212,-1,156,212,154,-1,154,212,213,-1,154,213,152,-1,152,213,208,-1,152,208,150,-1,
        ]
    }
}
Shape{
    appearance Appearance {
        material  Material 	{
            diffuseColor 0.25098039215686274 0.25098039215686274 0.25098039215686274
            specularColor 0.12549019607843137 0.12549019607843137 0.12549019607843137
            ambientIntensity 0.2
            transparency 0
            shininess 0.5
        }
    }
    geometry IndexedFaceSet {
        ccw TRUE
        solid FALSE
        coord DEF co Coordinate {
            point [
                0.4256 -0.4921 0.738, 0.4256 -0.4921 0.6351, 0.4458 -0.4921 0.738, 0.445 -0.4921 0.6351, 0.4619 -0.4921 0.637, 0.4733 -0.4921 0.641, 0.4822 -0.4921 0.6468, 0.4846 -0.4921 0.6491, 0.4913 -0.4921 0.6573, 0.4959 -0.4921 0.6672, 0.4985 -0.4921 0.6794, 0.4989 -0.4921 0.6879, 0.4973 -0.4921 0.7032, 0.4937 -0.4921 0.7133, 0.4887 -0.4921 0.721, 0.4843 -0.4921 0.7255, 0.463 -0.4921 0.7361, 0.4745 -0.4921 0.732, 0.4745 -0.4921 0.732
            ]
        }
        coordIndex [
            0,1,2,-1,2,1,3,-1,2,3,4,-1,4,5,2,-1,2,5,6,-1,2,6,7,-1,7,8,2,-1,2,8,9,-1,2,9,10,-1,10,11,2,-1,2,11,12,-1,2,12,13,-1,13,14,2,-1,2,14,15,-1,2,15,16,-1,16,15,17,-1,
        ]
    }
}
Shape{
    appearance Appearance {
        material  Material 	{
            diffuseColor 1.0 1.0 1.0
            specularColor 0.5019607843137255 0.5019607843137255 0.5019607843137255
            ambientIntensity 0.2
            transparency 0
            shininess 0.5
        }
    }
    geometry IndexedFaceSet {
        ccw TRUE
        solid FALSE
        coord DEF co Coordinate {
            point [
                0.5617 -0.4961 0.6715, 0.5563 -0.4961 0.6564, 0.6065 -0.4961 0.6715, 0.6119 -0.4961 0.6564, 0.5817 -0.4961 0.727, 0.5753 -0.4961 0.7534, 0.5244 -0.4961 0.6199, 0.5435 -0.4961 0.6199, 0.5829 -0.4961 0.731, 0.5839 -0.4961 0.7363, 0.5937 -0.4961 0.7534, 0.5843 -0.4961 0.7363, 0.5854 -0.4961 0.7307, 0.5864 -0.4961 0.727, 0.6445 -0.4961 0.6199, 0.6255 -0.4961 0.6199, 0.5937 -0.4921 0.7534, 0.6445 -0.4921 0.6199, 0.5753 -0.4921 0.7534, 0.5244 -0.4921 0.6199, 0.5629 -0.4921 0.7209, 0.5435 -0.4921 0.6199, 0.5563 -0.4921 0.6564, 0.6119 -0.4921 0.6564, 0.5629 -0.4921 0.6564, 0.6255 -0.4921 0.6199, 0.5617 -0.4921 0.6715, 0.6065 -0.4921 0.6715, 0.5864 -0.4921 0.727, 0.5843 -0.4921 0.7363, 0.5854 -0.4921 0.7307, 0.5839 -0.4921 0.7363, 0.5817 -0.4921 0.727, 0.5829 -0.4921 0.731, 0.5829 -0.4921 0.731
            ]
        }
        coordIndex [
            0,1,2,-1,2,1,3,-1,4,5,0,-1,0,5,6,-1,0,6,1,-1,1,6,7,-1,4,8,5,-1,5,8,9,-1,5,9,10,-1,10,9,11,-1,10,11,12,-1,12,13,10,-1,10,13,2,-1,10,2,14,-1,14,2,3,-1,14,3,15,-1,10,14,16,-1,16,14,17,-1,5,10,18,-1,18,10,16,-1,19,6,20,-1,20,6,5,-1,20,5,18,-1,7,6,21,-1,21,6,19,-1,1,7,22,-1,22,7,21,-1,23,3,24,-1,24,3,1,-1,24,1,22,-1,15,3,25,-1,25,3,23,-1,14,15,17,-1,17,15,25,-1,0,2,26,-1,26,2,27,-1,2,13,27,-1,27,13,28,-1,11,29,30,-1,11,30,12,-1,12,30,28,-1,12,28,13,-1,11,9,29,-1,29,9,31,-1,4,32,33,-1,4,33,8,-1,8,33,31,-1,8,31,9,-1,4,0,32,-1,32,0,26,-1,
        ]
    }
}
Shape{
    appearance Appearance {
        material  Material 	{
            diffuseColor 0.25098039215686274 0.25098039215686274 0.25098039215686274
            specularColor 0.12549019607843137 0.12549019607843137 0.12549019607843137
            ambientIntensity 0.2
            transparency 0
            shininess 0.5
        }
    }
    geometry IndexedFaceSet {
        ccw TRUE
        solid FALSE
        coord DEF co Coordinate {
            point [
                0.5843 -0.4921 0.7363, 0.5839 -0.4921 0.7363, 0.5854 -0.4921 0.7307, 0.5829 -0.4921 0.731, 0.5864 -0.4921 0.727, 0.5817 -0.4921 0.727, 0.6065 -0.4921 0.6715, 0.5617 -0.4921 0.6715, 0.5617 -0.4921 0.6715
            ]
        }
        coordIndex [
            0,1,2,-1,2,1,3,-1,2,3,4,-1,4,3,5,-1,4,5,6,-1,6,5,7,-1,
        ]
    }
}
Shape{
    appearance Appearance {
        material  Material 	{
            diffuseColor 1.0 1.0 1.0
            specularColor 0.5019607843137255 0.5019607843137255 0.5019607843137255
            ambientIntensity 0.2
            transparency 0
            shininess 0.5
        }
    }
    geometry IndexedFaceSet {
        ccw TRUE
        solid FALSE
        coord DEF co Coordinate {
            point [
                0.1807 -0.4961 0.4234, 0.1807 -0.4961 0.4082, 0.1807 -0.4921 0.4234, 0.1807 -0.4921 0.4082, 0.1262 -0.4961 0.4234, 0.1262 -0.4921 0.4234, 0.1262 -0.4961 0.4683, 0.1262 -0.4921 0.4683, 0.1739 -0.4961 0.4683, 0.1739 -0.4921 0.4683, 0.1739 -0.4961 0.4836, 0.1739 -0.4921 0.4836, 0.1262 -0.4961 0.4836, 0.1262 -0.4921 0.4836, 0.1262 -0.4961 0.5263, 0.1262 -0.4921 0.5263, 0.1777 -0.4961 0.5263, 0.1777 -0.4921 0.5263, 0.1777 -0.4961 0.5417, 0.1777 -0.4921 0.5417, 0.1089 -0.4961 0.5417, 0.1089 -0.4921 0.5417, 0.1089 -0.4961 0.4082, 0.1089 -0.4921 0.4082, 0.2561 -0.4961 0.423, 0.2566 -0.4961 0.423, 0.2555 -0.4961 0.4383, 0.2565 -0.4961 0.4451, 0.2733 -0.4961 0.4696, 0.2566 -0.4961 0.4469, 0.2566 -0.4961 0.4561, 0.2566 -0.4961 0.4082, 0.2733 -0.4961 0.4082, 0.2152 -0.4961 0.4282, 0.2023 -0.4961 0.4162, 0.2171 -0.4961 0.4254, 0.2049 -0.4961 0.4135, 0.2185 -0.4961 0.424, 0.2098 -0.4961 0.4099, 0.2218 -0.4961 0.4217, 0.216 -0.4961 0.4074, 0.2256 -0.4961 0.4203, 0.2238 -0.4961 0.4061, 0.2313 -0.4961 0.4197, 0.2157 -0.4961 0.4617, 0.2203 -0.4961 0.4489, 0.2244 -0.4961 0.4508, 0.253 -0.4961 0.4323, 0.2494 -0.4961 0.4275, 0.2522 -0.4961 0.4173, 0.2473 -0.4961 0.4254, 0.2468 -0.4961 0.4121, 0.2426 -0.4961 0.4222, 0.2429 -0.4961 0.4097, 0.2375 -0.4961 0.4204, 0.2362 -0.4961 0.4071, 0.2269 -0.4961 0.406, 0.2283 -0.4961 0.4649, 0.2343 -0.4961 0.4531, 0.2566 -0.4961 0.4688, 0.206 -0.4961 0.4969, 0.206 -0.4961 0.4806, 0.2093 -0.4961 0.4988, 0.2177 -0.4961 0.4879, 0.2217 -0.4961 0.5036, 0.2281 -0.4961 0.4913, 0.2388 -0.4961 0.5057, 0.2373 -0.4961 0.4921, 0.2487 -0.4961 0.5048, 0.2434 -0.4961 0.4914, 0.2558 -0.4961 0.5027, 0.2471 -0.4961 0.49, 0.2614 -0.4961 0.4996, 0.25 -0.4961 0.4881, 0.2659 -0.4961 0.4953, 0.2525 -0.4961 0.4853, 0.2693 -0.4961 0.49, 0.2544 -0.4961 0.4818, 0.2719 -0.4961 0.4824, 0.2561 -0.4961 0.4756, 0.2138 -0.4961 0.4378, 0.1967 -0.4961 0.4357, 0.2137 -0.4961 0.4351, 0.1967 -0.4961 0.4337, 0.2141 -0.4961 0.4313, 0.1974 -0.4961 0.4267, 0.1993 -0.4961 0.4209, 0.2181 -0.4961 0.4472, 0.2086 -0.4961 0.4581, 0.2161 -0.4961 0.4447, 0.2034 -0.4961 0.4536, 0.2146 -0.4961 0.4416, 0.2001 -0.4961 0.4489, 0.1978 -0.4961 0.443, 0.2388 -0.4921 0.5057, 0.2217 -0.4921 0.5036, 0.2093 -0.4921 0.4988, 0.206 -0.4921 0.4969, 0.206 -0.4921 0.4806, 0.2177 -0.4921 0.4879, 0.2281 -0.4921 0.4913, 0.2373 -0.4921 0.4921, 0.2434 -0.4921 0.4914, 0.2471 -0.4921 0.49, 0.25 -0.4921 0.4881, 0.2525 -0.4921 0.4853, 0.2544 -0.4921 0.4818, 0.2561 -0.4921 0.4756, 0.2566 -0.4921 0.4688, 0.2283 -0.4921 0.4649, 0.2157 -0.4921 0.4617, 0.2086 -0.4921 0.4581, 0.2034 -0.4921 0.4536, 0.2001 -0.4921 0.4489, 0.1978 -0.4921 0.443, 0.1967 -0.4921 0.4357, 0.1967 -0.4921 0.4337, 0.1974 -0.4921 0.4267, 0.1993 -0.4921 0.4209, 0.2023 -0.4921 0.4162, 0.2049 -0.4921 0.4135, 0.2269 -0.4921 0.406, 0.2098 -0.4921 0.4099, 0.216 -0.4921 0.4074, 0.2177 -0.4921 0.4071, 0.2238 -0.4921 0.4061, 0.2362 -0.4921 0.4071, 0.2362 -0.4921 0.4071, 0.2429 -0.4921 0.4097, 0.2468 -0.4921 0.4121, 0.2522 -0.4921 0.4173, 0.2561 -0.4921 0.423, 0.2566 -0.4921 0.423, 0.2566 -0.4921 0.4082, 0.2733 -0.4921 0.4082, 0.2733 -0.4921 0.4696, 0.2719 -0.4921 0.4824, 0.2693 -0.4921 0.49, 0.2659 -0.4921 0.4953, 0.2614 -0.4921 0.4996, 0.2558 -0.4921 0.5027, 0.2487 -0.4921 0.5048, 0.2181 -0.4921 0.4472, 0.2203 -0.4921 0.4489, 0.2244 -0.4921 0.4508, 0.2343 -0.4921 0.4531, 0.2137 -0.4921 0.4351, 0.2138 -0.4921 0.4378, 0.2146 -0.4921 0.4416, 0.2161 -0.4921 0.4447, 0.2185 -0.4921 0.424, 0.2171 -0.4921 0.4254, 0.2152 -0.4921 0.4282, 0.2141 -0.4921 0.4313, 0.2313 -0.4921 0.4197, 0.2256 -0.4921 0.4203, 0.2218 -0.4921 0.4217, 0.2494 -0.4921 0.4275, 0.2473 -0.4921 0.4254, 0.2426 -0.4921 0.4222, 0.2375 -0.4921 0.4204, 0.2566 -0.4921 0.4469, 0.2565 -0.4921 0.4451, 0.2555 -0.4921 0.4383, 0.253 -0.4921 0.4323, 0.2566 -0.4921 0.4561, 0.2566 -0.4921 0.4561
            ]
        }
        coordIndex [
            0,1,2,-1,2,1,3,-1,4,0,5,-1,5,0,2,-1,6,4,7,-1,7,4,5,-1,8,6,9,-1,9,6,7,-1,10,8,11,-1,11,8,9,-1,12,10,13,-1,13,10,11,-1,14,12,15,-1,15,12,13,-1,16,14,17,-1,17,14,15,-1,18,16,19,-1,19,16,17,-1,20,18,21,-1,21,18,19,-1,22,20,23,-1,23,20,21,-1,1,22,3,-1,3,22,23,-1,22,1,0,-1,0,4,22,-1,22,4,6,-1,22,6,20,-1,16,18,14,-1,14,18,20,-1,14,20,12,-1,12,20,6,-1,12,6,10,-1,10,6,8,-1,24,25,26,-1,27,28,29,-1,29,28,30,-1,31,32,25,-1,25,32,28,-1,25,28,26,-1,26,28,27,-1,33,34,35,-1,35,34,36,-1,35,36,37,-1,37,36,38,-1,37,38,39,-1,39,38,40,-1,39,40,41,-1,41,40,42,-1,41,42,43,-1,44,45,46,-1,26,47,24,-1,24,47,48,-1,24,48,49,-1,49,48,50,-1,49,50,51,-1,51,50,52,-1,51,52,53,-1,53,52,54,-1,53,54,55,-1,55,54,43,-1,55,43,56,-1,56,43,42,-1,44,46,57,-1,57,46,58,-1,57,58,59,-1,60,61,62,-1,62,61,63,-1,62,63,64,-1,64,63,65,-1,64,65,66,-1,66,65,67,-1,66,67,68,-1,68,67,69,-1,68,69,70,-1,70,69,71,-1,70,71,72,-1,72,71,73,-1,72,73,74,-1,74,73,75,-1,74,75,76,-1,76,75,77,-1,76,77,78,-1,78,77,79,-1,78,79,28,-1,28,79,59,-1,28,59,30,-1,30,59,58,-1,80,81,82,-1,82,81,83,-1,82,83,84,-1,84,83,85,-1,84,85,33,-1,33,85,86,-1,33,86,34,-1,45,44,87,-1,87,44,88,-1,87,88,89,-1,89,88,90,-1,89,90,91,-1,91,90,92,-1,91,92,80,-1,80,92,93,-1,80,93,81,-1,66,94,95,-1,66,95,64,-1,64,95,96,-1,64,96,62,-1,62,96,97,-1,62,97,60,-1,61,60,98,-1,98,60,97,-1,61,98,99,-1,61,99,63,-1,63,99,100,-1,63,100,65,-1,65,100,101,-1,65,101,67,-1,67,101,102,-1,67,102,69,-1,69,102,103,-1,69,103,71,-1,71,103,104,-1,71,104,73,-1,73,104,105,-1,73,105,75,-1,75,105,106,-1,75,106,77,-1,77,106,107,-1,77,107,79,-1,79,107,108,-1,79,108,59,-1,57,59,109,-1,109,59,108,-1,57,109,110,-1,57,110,44,-1,44,110,111,-1,44,111,88,-1,88,111,112,-1,88,112,90,-1,90,112,113,-1,90,113,92,-1,92,113,114,-1,92,114,93,-1,93,114,115,-1,93,115,81,-1,81,115,116,-1,81,116,83,-1,83,116,117,-1,83,117,85,-1,85,117,118,-1,85,118,86,-1,86,118,119,-1,86,119,34,-1,34,119,120,-1,34,120,36,-1,121,56,42,-1,36,120,122,-1,36,122,38,-1,38,122,123,-1,38,123,40,-1,40,123,124,-1,40,124,42,-1,42,124,125,-1,42,125,121,-1,56,121,126,-1,56,126,55,-1,55,126,127,-1,55,127,53,-1,127,128,53,-1,53,128,129,-1,53,129,51,-1,51,129,130,-1,51,130,49,-1,49,130,131,-1,49,131,24,-1,25,24,132,-1,132,24,131,-1,31,25,133,-1,133,25,132,-1,32,31,134,-1,134,31,133,-1,28,32,135,-1,135,32,134,-1,28,135,136,-1,28,136,78,-1,78,136,137,-1,78,137,76,-1,76,137,138,-1,76,138,74,-1,74,138,139,-1,74,139,72,-1,72,139,140,-1,72,140,70,-1,70,140,141,-1,70,141,68,-1,68,141,94,-1,68,94,66,-1,87,142,143,-1,87,143,45,-1,45,143,144,-1,45,144,46,-1,46,144,145,-1,46,145,58,-1,82,146,147,-1,82,147,80,-1,80,147,148,-1,80,148,91,-1,91,148,149,-1,91,149,89,-1,89,149,142,-1,89,142,87,-1,37,150,151,-1,37,151,35,-1,35,151,152,-1,35,152,33,-1,33,152,153,-1,33,153,84,-1,84,153,146,-1,84,146,82,-1,43,154,155,-1,43,155,41,-1,41,155,156,-1,41,156,39,-1,39,156,150,-1,39,150,37,-1,48,157,158,-1,48,158,50,-1,50,158,159,-1,50,159,52,-1,52,159,160,-1,52,160,54,-1,54,160,154,-1,54,154,43,-1,29,161,162,-1,29,162,27,-1,27,162,163,-1,27,163,26,-1,26,163,164,-1,26,164,47,-1,47,164,157,-1,47,157,48,-1,29,30,161,-1,161,30,165,-1,30,58,165,-1,165,58,145,-1,
        ]
    }
}
Shape{
    appearance Appearance {
        material  Material 	{
            diffuseColor 0.25098039215686274 0.25098039215686274 0.25098039215686274
            specularColor 0.12549019607843137 0.12549019607843137 0.12549019607843137
            ambientIntensity 0.2
            transparency 0
            shininess 0.5
        }
    }
    geometry IndexedFaceSet {
        ccw TRUE
        solid FALSE
        coord DEF co Coordinate {
            point [
                0.2566 -0.4921 0.4561, 0.2343 -0.4921 0.4531, 0.2566 -0.4921 0.4469, 0.2244 -0.4921 0.4508, 0.2203 -0.4921 0.4489, 0.2181 -0.4921 0.4472, 0.2565 -0.4921 0.4451, 0.2555 -0.4921 0.4383, 0.2161 -0.4921 0.4447, 0.253 -0.4921 0.4323, 0.2171 -0.4921 0.4254, 0.2185 -0.4921 0.424, 0.2473 -0.4921 0.4254, 0.2152 -0.4921 0.4282, 0.2426 -0.4921 0.4222, 0.2375 -0.4921 0.4204, 0.2313 -0.4921 0.4197, 0.2146 -0.4921 0.4416, 0.2138 -0.4921 0.4378, 0.2494 -0.4921 0.4275, 0.2137 -0.4921 0.4351, 0.2141 -0.4921 0.4313, 0.2218 -0.4921 0.4217, 0.2256 -0.4921 0.4203, 0.2256 -0.4921 0.4203
            ]
        }
        coordIndex [
            0,1,2,-1,2,1,3,-1,3,4,2,-1,2,4,5,-1,2,5,6,-1,6,5,7,-1,7,5,8,-1,7,8,9,-1,10,11,12,-1,10,12,13,-1,14,12,15,-1,15,12,16,-1,8,17,9,-1,9,17,18,-1,9,18,19,-1,19,18,20,-1,19,20,12,-1,12,20,21,-1,12,21,13,-1,11,22,12,-1,12,22,23,-1,12,23,16,-1,
        ]
    }
}
Shape{
    appearance Appearance {
        material  Material 	{
            diffuseColor 1.0 1.0 1.0
            specularColor 0.5019607843137255 0.5019607843137255 0.5019607843137255
            ambientIntensity 0.2
            transparency 0
            shininess 0.5
        }
    }
    geometry IndexedFaceSet {
        ccw TRUE
        solid FALSE
        coord DEF co Coordinate {
            point [
                0.2959 -0.4921 0.4288, 0.2959 -0.4961 0.4288, 0.3019 -0.4961 0.4251, 0.3234 -0.4961 0.4196, 0.3234 -0.4921 0.4196, 0.3124 -0.4921 0.421, 0.3124 -0.4961 0.421, 0.3037 -0.4921 0.4244, 0.3019 -0.4921 0.4251, 0.2959 -0.4961 0.4116, 0.2959 -0.4921 0.4116, 0.3076 -0.4961 0.4075, 0.3037 -0.4921 0.4088, 0.3218 -0.4921 0.406, 0.3218 -0.4961 0.406, 0.3111 -0.4921 0.4071, 0.3076 -0.4921 0.4075, 0.3357 -0.4961 0.4075, 0.3323 -0.4921 0.4071, 0.3357 -0.4921 0.4075, 0.3448 -0.4921 0.4107, 0.3448 -0.4961 0.4107, 0.3496 -0.4921 0.4135, 0.3496 -0.4961 0.4135, 0.3543 -0.4921 0.4177, 0.3543 -0.4961 0.4177, 0.3574 -0.4921 0.4221, 0.3574 -0.4961 0.4221, 0.3595 -0.4921 0.4274, 0.3595 -0.4961 0.4274, 0.3603 -0.4921 0.4342, 0.3603 -0.4961 0.4342, 0.3596 -0.4921 0.4404, 0.3596 -0.4961 0.4404, 0.3578 -0.4921 0.4453, 0.3578 -0.4961 0.4453, 0.3547 -0.4921 0.4499, 0.3547 -0.4961 0.4499, 0.3507 -0.4921 0.4535, 0.3507 -0.4961 0.4535, 0.3396 -0.4921 0.4596, 0.3396 -0.4961 0.4596, 0.3332 -0.4921 0.4623, 0.3332 -0.4961 0.4623, 0.3228 -0.4921 0.4668, 0.3228 -0.4961 0.4668, 0.3169 -0.4921 0.4704, 0.3169 -0.4961 0.4704, 0.3153 -0.4921 0.4722, 0.3153 -0.4961 0.4722, 0.3141 -0.4921 0.4745, 0.3141 -0.4961 0.4745, 0.3134 -0.4921 0.4771, 0.3134 -0.4961 0.4771, 0.3133 -0.4921 0.4793, 0.3133 -0.4961 0.4793, 0.3136 -0.4921 0.482, 0.3136 -0.4961 0.482, 0.3144 -0.4921 0.4842, 0.3144 -0.4961 0.4842, 0.3158 -0.4921 0.4864, 0.3158 -0.4961 0.4864, 0.3183 -0.4921 0.4886, 0.3183 -0.4961 0.4886, 0.3221 -0.4921 0.4906, 0.3221 -0.4961 0.4906, 0.3266 -0.4921 0.4918, 0.3266 -0.4961 0.4918, 0.3315 -0.4921 0.4921, 0.3315 -0.4961 0.4921, 0.3432 -0.4921 0.4907, 0.3432 -0.4961 0.4907, 0.3527 -0.4921 0.487, 0.3527 -0.4961 0.487, 0.3557 -0.4921 0.4853, 0.3557 -0.4961 0.4853, 0.3557 -0.4961 0.5015, 0.3557 -0.4921 0.5015, 0.3449 -0.4921 0.5047, 0.3449 -0.4961 0.5047, 0.3332 -0.4921 0.5057, 0.3332 -0.4961 0.5057, 0.3196 -0.4921 0.5041, 0.3196 -0.4961 0.5041, 0.3107 -0.4921 0.5006, 0.3107 -0.4961 0.5006, 0.3067 -0.4921 0.4981, 0.3067 -0.4961 0.4981, 0.3019 -0.4961 0.4938, 0.3037 -0.4921 0.4954, 0.3019 -0.4921 0.4938, 0.2987 -0.4921 0.4893, 0.2987 -0.4961 0.4893, 0.2967 -0.4921 0.4839, 0.2967 -0.4961 0.4839, 0.296 -0.4921 0.4778, 0.296 -0.4961 0.4778, 0.2967 -0.4921 0.4714, 0.2967 -0.4961 0.4714, 0.2986 -0.4921 0.4663, 0.2986 -0.4961 0.4663, 0.3008 -0.4921 0.4627, 0.3008 -0.4961 0.4627, 0.3213 -0.4921 0.4501, 0.3213 -0.4961 0.4501, 0.3114 -0.4961 0.4547, 0.3035 -0.4921 0.4599, 0.3035 -0.4961 0.4599, 0.3037 -0.4921 0.4598, 0.3114 -0.4921 0.4547, 0.3323 -0.4921 0.4455, 0.3323 -0.4961 0.4455, 0.3388 -0.4921 0.4416, 0.3388 -0.4961 0.4416, 0.3409 -0.4921 0.4394, 0.3409 -0.4961 0.4394, 0.3422 -0.4921 0.4372, 0.3422 -0.4961 0.4372, 0.343 -0.4921 0.4346, 0.343 -0.4961 0.4346, 0.3431 -0.4921 0.4325, 0.3431 -0.4961 0.4325, 0.3428 -0.4921 0.4293, 0.3428 -0.4961 0.4293, 0.342 -0.4921 0.427, 0.342 -0.4961 0.427, 0.3405 -0.4921 0.4248, 0.3405 -0.4961 0.4248, 0.3386 -0.4921 0.4231, 0.3386 -0.4961 0.4231, 0.337 -0.4921 0.4222, 0.337 -0.4961 0.4222, 0.3327 -0.4921 0.4206, 0.3327 -0.4961 0.4206, 0.3242 -0.4921 0.4196, 0.3242 -0.4961 0.4196, 0.4432 -0.4961 0.5035, 0.4605 -0.4961 0.5035, 0.4432 -0.4921 0.5035, 0.4605 -0.4921 0.5035, 0.4171 -0.4961 0.4318, 0.4171 -0.4921 0.4318, 0.4159 -0.4921 0.4273, 0.4159 -0.4961 0.4273, 0.4151 -0.4921 0.4241, 0.4151 -0.4961 0.4241, 0.4146 -0.4961 0.4241, 0.4146 -0.4921 0.4241, 0.4126 -0.4961 0.4319, 0.4126 -0.4921 0.4319, 0.3877 -0.4921 0.5035, 0.3877 -0.4961 0.5035, 0.3958 -0.4921 0.4803, 0.369 -0.4961 0.5035, 0.369 -0.4921 0.5035, 0.4064 -0.4921 0.4084, 0.4064 -0.4961 0.4084, 0.3958 -0.4921 0.4355, 0.3991 -0.4921 0.3911, 0.3991 -0.4961 0.3911, 0.4058 -0.4921 0.4071, 0.3958 -0.4921 0.3851, 0.3957 -0.4961 0.385, 0.3957 -0.4921 0.385, 0.3926 -0.4921 0.3816, 0.3926 -0.4961 0.3816, 0.3898 -0.4921 0.3796, 0.3898 -0.4961 0.3796, 0.3861 -0.4921 0.3782, 0.3861 -0.4961 0.3782, 0.3819 -0.4921 0.3777, 0.3819 -0.4961 0.3777, 0.3762 -0.4921 0.3784, 0.3762 -0.4961 0.3784, 0.3724 -0.4921 0.3796, 0.3724 -0.4961 0.3796, 0.3724 -0.4961 0.3647, 0.3724 -0.4921 0.3647, 0.3774 -0.4921 0.3637, 0.3774 -0.4961 0.3637, 0.3832 -0.4921 0.3633, 0.3832 -0.4961 0.3633, 0.3896 -0.4921 0.364, 0.3896 -0.4961 0.364, 0.3958 -0.4921 0.3663, 0.3963 -0.4961 0.3665, 0.3963 -0.4921 0.3665, 0.4021 -0.4921 0.3705, 0.4021 -0.4961 0.3705, 0.4044 -0.4921 0.3726, 0.4044 -0.4961 0.3726, 0.4116 -0.4921 0.3821, 0.4116 -0.4961 0.3821, 0.4172 -0.4921 0.3938, 0.4172 -0.4961 0.3938, 0.4225 -0.4921 0.4071, 0.5503 -0.4961 0.4234, 0.5503 -0.4961 0.4082, 0.5503 -0.4921 0.4234, 0.5503 -0.4921 0.4082, 0.4957 -0.4921 0.4234, 0.4957 -0.4961 0.4234, 0.5207 -0.4921 0.4234, 0.4957 -0.4961 0.4683, 0.4957 -0.4921 0.4683, 0.5435 -0.4921 0.4683, 0.5435 -0.4961 0.4683, 0.5207 -0.4921 0.4683, 0.5435 -0.4961 0.4836, 0.5435 -0.4921 0.4836, 0.4957 -0.4921 0.4836, 0.4957 -0.4961 0.4836, 0.5207 -0.4921 0.4836, 0.4957 -0.4961 0.5263, 0.4957 -0.4921 0.5263, 0.5472 -0.4921 0.5263, 0.5472 -0.4961 0.5263, 0.5207 -0.4921 0.5263, 0.5472 -0.4961 0.5417, 0.5472 -0.4921 0.5417, 0.4785 -0.4921 0.5417, 0.4785 -0.4961 0.5417, 0.5207 -0.4921 0.5417, 0.4785 -0.4961 0.4082, 0.4785 -0.4921 0.4082, 0.5207 -0.4921 0.4082, 0.6656 -0.4961 0.4677, 0.6837 -0.4961 0.4682, 0.666 -0.4961 0.4762, 0.6841 -0.4961 0.4767, 0.6644 -0.4961 0.4915, 0.6818 -0.4961 0.4953, 0.6608 -0.4961 0.5016, 0.6769 -0.4961 0.508, 0.6558 -0.4961 0.5093, 0.6686 -0.4961 0.5196, 0.6514 -0.4961 0.5138, 0.664 -0.4961 0.524, 0.6417 -0.4961 0.5202, 0.65 -0.4961 0.5336, 0.6301 -0.4961 0.5244, 0.6339 -0.4961 0.5394, 0.6129 -0.4961 0.5263, 0.6136 -0.4961 0.5417, 0.5927 -0.4961 0.5263, 0.5755 -0.4961 0.5417, 0.5927 -0.4961 0.4234, 0.5755 -0.4961 0.4082, 0.6121 -0.4961 0.4234, 0.6122 -0.4961 0.4082, 0.629 -0.4961 0.4253, 0.633 -0.4961 0.4105, 0.6405 -0.4961 0.4293, 0.6486 -0.4961 0.4162, 0.6493 -0.4961 0.4351, 0.6617 -0.4961 0.4248, 0.6518 -0.4961 0.4374, 0.664 -0.4961 0.4269, 0.6584 -0.4961 0.4456, 0.674 -0.4961 0.4388, 0.663 -0.4961 0.4555, 0.6805 -0.4961 0.4526, 0.6122 -0.4921 0.4082, 0.5755 -0.4921 0.4082, 0.633 -0.4921 0.4105, 0.6486 -0.4921 0.4162, 0.6617 -0.4921 0.4248, 0.664 -0.4921 0.4269, 0.674 -0.4921 0.4388, 0.6805 -0.4921 0.4526, 0.6837 -0.4921 0.4682, 0.6841 -0.4921 0.4767, 0.6818 -0.4921 0.4953, 0.6769 -0.4921 0.508, 0.6686 -0.4921 0.5196, 0.664 -0.4921 0.524, 0.65 -0.4921 0.5336, 0.6339 -0.4921 0.5394, 0.6136 -0.4921 0.5417, 0.5755 -0.4921 0.5417, 0.6129 -0.4921 0.5263, 0.5927 -0.4921 0.5263, 0.5927 -0.4921 0.4234, 0.6121 -0.4921 0.4234, 0.6518 -0.4921 0.4374, 0.6493 -0.4921 0.4351, 0.6405 -0.4921 0.4293, 0.629 -0.4921 0.4253, 0.666 -0.4921 0.4762, 0.6656 -0.4921 0.4677, 0.663 -0.4921 0.4555, 0.6584 -0.4921 0.4456, 0.6514 -0.4921 0.5138, 0.6558 -0.4921 0.5093, 0.6608 -0.4921 0.5016, 0.6644 -0.4921 0.4915, 0.6301 -0.4921 0.5244, 0.6417 -0.4921 0.5202, 0.6417 -0.4921 0.5202
            ]
        }
        coordIndex [
            0,1,2,-1,3,4,5,-1,3,5,6,-1,6,5,7,-1,6,7,2,-1,2,7,8,-1,2,8,0,-1,9,1,10,-1,10,1,0,-1,9,10,11,-1,11,10,12,-1,13,14,15,-1,15,14,11,-1,15,11,16,-1,16,11,12,-1,14,13,17,-1,17,13,18,-1,18,19,17,-1,17,19,20,-1,17,20,21,-1,21,20,22,-1,21,22,23,-1,23,22,24,-1,23,24,25,-1,25,24,26,-1,25,26,27,-1,27,26,28,-1,27,28,29,-1,29,28,30,-1,29,30,31,-1,31,30,32,-1,31,32,33,-1,33,32,34,-1,33,34,35,-1,35,34,36,-1,35,36,37,-1,37,36,38,-1,37,38,39,-1,39,38,40,-1,39,40,41,-1,41,40,42,-1,41,42,43,-1,43,42,44,-1,43,44,45,-1,45,44,46,-1,45,46,47,-1,47,46,48,-1,47,48,49,-1,49,48,50,-1,49,50,51,-1,51,50,52,-1,51,52,53,-1,53,52,54,-1,53,54,55,-1,55,54,56,-1,55,56,57,-1,57,56,58,-1,57,58,59,-1,59,58,60,-1,59,60,61,-1,61,60,62,-1,61,62,63,-1,63,62,64,-1,63,64,65,-1,65,64,66,-1,65,66,67,-1,67,66,68,-1,67,68,69,-1,69,68,70,-1,69,70,71,-1,71,70,72,-1,71,72,73,-1,73,72,74,-1,73,74,75,-1,76,75,77,-1,77,75,74,-1,76,77,78,-1,76,78,79,-1,79,78,80,-1,79,80,81,-1,81,80,82,-1,81,82,83,-1,83,82,84,-1,83,84,85,-1,85,84,86,-1,85,86,87,-1,87,86,88,-1,88,86,89,-1,89,90,88,-1,88,90,91,-1,88,91,92,-1,92,91,93,-1,92,93,94,-1,94,93,95,-1,94,95,96,-1,96,95,97,-1,96,97,98,-1,98,97,99,-1,98,99,100,-1,100,99,101,-1,100,101,102,-1,103,104,105,-1,102,101,106,-1,102,106,107,-1,107,106,108,-1,107,108,105,-1,105,108,109,-1,105,109,103,-1,104,103,110,-1,104,110,111,-1,111,110,112,-1,111,112,113,-1,113,112,114,-1,113,114,115,-1,115,114,116,-1,115,116,117,-1,117,116,118,-1,117,118,119,-1,119,118,120,-1,119,120,121,-1,121,120,122,-1,121,122,123,-1,123,122,124,-1,123,124,125,-1,125,124,126,-1,125,126,127,-1,127,126,128,-1,127,128,129,-1,129,128,130,-1,129,130,131,-1,131,130,132,-1,131,132,133,-1,133,132,134,-1,133,134,135,-1,135,134,4,-1,135,4,3,-1,61,63,85,-1,85,63,83,-1,111,43,104,-1,104,43,45,-1,21,23,127,-1,127,23,25,-1,127,25,125,-1,125,25,27,-1,125,27,123,-1,123,27,29,-1,123,29,121,-1,121,29,31,-1,121,31,119,-1,119,31,33,-1,119,33,117,-1,117,33,35,-1,117,35,115,-1,115,35,37,-1,115,37,113,-1,113,37,39,-1,113,39,111,-1,111,39,41,-1,111,41,43,-1,14,3,11,-1,11,3,6,-1,11,6,9,-1,9,6,2,-1,9,2,1,-1,63,65,83,-1,83,65,67,-1,83,67,81,-1,81,67,69,-1,81,69,79,-1,79,69,71,-1,79,71,76,-1,76,71,73,-1,76,73,75,-1,127,129,21,-1,21,129,131,-1,21,131,17,-1,17,131,133,-1,17,133,14,-1,14,133,135,-1,14,135,3,-1,85,87,61,-1,61,87,88,-1,61,88,59,-1,59,88,92,-1,59,92,57,-1,57,92,94,-1,57,94,55,-1,55,94,96,-1,55,96,53,-1,53,96,98,-1,53,98,51,-1,51,98,100,-1,51,100,49,-1,49,100,102,-1,49,102,47,-1,47,102,107,-1,47,107,45,-1,45,107,105,-1,45,105,104,-1,136,137,138,-1,138,137,139,-1,140,136,141,-1,141,136,138,-1,140,141,142,-1,140,142,143,-1,143,142,144,-1,143,144,145,-1,146,145,147,-1,147,145,144,-1,148,146,149,-1,149,146,147,-1,150,151,152,-1,152,151,148,-1,152,148,149,-1,153,151,154,-1,154,151,150,-1,155,156,157,-1,157,156,153,-1,157,153,154,-1,158,159,160,-1,160,159,156,-1,160,156,155,-1,158,161,159,-1,159,161,162,-1,161,163,162,-1,162,163,164,-1,162,164,165,-1,165,164,166,-1,165,166,167,-1,167,166,168,-1,167,168,169,-1,169,168,170,-1,169,170,171,-1,171,170,172,-1,171,172,173,-1,173,172,174,-1,173,174,175,-1,176,175,177,-1,177,175,174,-1,176,177,178,-1,176,178,179,-1,179,178,180,-1,179,180,181,-1,181,180,182,-1,181,182,183,-1,183,182,184,-1,183,184,185,-1,184,186,185,-1,185,186,187,-1,185,187,188,-1,188,187,189,-1,188,189,190,-1,190,189,191,-1,190,191,192,-1,192,191,193,-1,192,193,194,-1,139,137,195,-1,195,137,194,-1,195,194,193,-1,143,145,194,-1,137,136,194,-1,194,136,140,-1,194,140,143,-1,151,153,148,-1,148,153,156,-1,148,156,146,-1,175,176,173,-1,173,176,179,-1,173,179,171,-1,171,179,181,-1,171,181,169,-1,169,181,183,-1,169,183,167,-1,167,183,185,-1,167,185,165,-1,165,185,188,-1,165,188,162,-1,162,188,190,-1,162,190,159,-1,159,190,192,-1,159,192,156,-1,156,192,194,-1,156,194,146,-1,146,194,145,-1,196,197,198,-1,198,197,199,-1,200,201,202,-1,202,201,196,-1,202,196,198,-1,203,201,204,-1,204,201,200,-1,205,206,207,-1,207,206,203,-1,207,203,204,-1,208,206,209,-1,209,206,205,-1,210,211,212,-1,212,211,208,-1,212,208,209,-1,213,211,214,-1,214,211,210,-1,215,216,217,-1,217,216,213,-1,217,213,214,-1,218,216,219,-1,219,216,215,-1,220,221,222,-1,222,221,218,-1,222,218,219,-1,223,221,224,-1,224,221,220,-1,199,197,225,-1,225,197,223,-1,225,223,224,-1,223,197,196,-1,196,201,223,-1,223,201,203,-1,223,203,221,-1,216,218,213,-1,213,218,221,-1,213,221,211,-1,211,221,203,-1,211,203,208,-1,208,203,206,-1,226,227,228,-1,228,227,229,-1,228,229,230,-1,230,229,231,-1,230,231,232,-1,232,231,233,-1,232,233,234,-1,234,233,235,-1,234,235,236,-1,236,235,237,-1,236,237,238,-1,238,237,239,-1,238,239,240,-1,240,239,241,-1,240,241,242,-1,242,241,243,-1,242,243,244,-1,244,243,245,-1,244,245,246,-1,246,245,247,-1,246,247,248,-1,248,247,249,-1,248,249,250,-1,250,249,251,-1,250,251,252,-1,252,251,253,-1,252,253,254,-1,254,253,255,-1,254,255,256,-1,256,255,257,-1,256,257,258,-1,258,257,259,-1,258,259,260,-1,260,259,261,-1,260,261,226,-1,226,261,227,-1,249,247,262,-1,262,247,263,-1,249,262,264,-1,249,264,251,-1,251,264,265,-1,251,265,253,-1,253,265,266,-1,253,266,255,-1,255,266,267,-1,255,267,257,-1,257,267,268,-1,257,268,259,-1,259,268,269,-1,259,269,261,-1,261,269,270,-1,261,270,227,-1,227,270,271,-1,227,271,229,-1,229,271,272,-1,229,272,231,-1,231,272,273,-1,231,273,233,-1,233,273,274,-1,233,274,235,-1,235,274,275,-1,235,275,237,-1,237,275,276,-1,237,276,239,-1,239,276,277,-1,239,277,241,-1,241,277,278,-1,241,278,243,-1,245,243,279,-1,279,243,278,-1,247,245,263,-1,263,245,279,-1,242,244,280,-1,280,244,281,-1,244,246,281,-1,281,246,282,-1,246,248,282,-1,282,248,283,-1,256,284,285,-1,256,285,254,-1,254,285,286,-1,254,286,252,-1,252,286,287,-1,252,287,250,-1,250,287,283,-1,250,283,248,-1,228,288,289,-1,228,289,226,-1,226,289,290,-1,226,290,260,-1,260,290,291,-1,260,291,258,-1,258,291,284,-1,258,284,256,-1,236,292,293,-1,236,293,234,-1,234,293,294,-1,234,294,232,-1,232,294,295,-1,232,295,230,-1,230,295,288,-1,230,288,228,-1,242,280,296,-1,242,296,240,-1,240,296,297,-1,240,297,238,-1,238,297,292,-1,238,292,236,-1,
        ]
    }
}
Shape{
    appearance Appearance {
        material  Material 	{
            diffuseColor 0.25098039215686274 0.25098039215686274 0.25098039215686274
            specularColor 0.12549019607843137 0.12549019607843137 0.12549019607843137
            ambientIntensity 0.2
            transparency 0
            shininess 0.5
        }
    }
    geometry IndexedFaceSet {
        ccw TRUE
        solid FALSE
        coord DEF co Coordinate {
            point [
                0.5927 -0.4921 0.5263, 0.5927 -0.4921 0.4234, 0.6129 -0.4921 0.5263, 0.6121 -0.4921 0.4234, 0.629 -0.4921 0.4253, 0.6405 -0.4921 0.4293, 0.6493 -0.4921 0.4351, 0.6518 -0.4921 0.4374, 0.6584 -0.4921 0.4456, 0.663 -0.4921 0.4555, 0.6656 -0.4921 0.4677, 0.666 -0.4921 0.4762, 0.6644 -0.4921 0.4915, 0.6608 -0.4921 0.5016, 0.6558 -0.4921 0.5093, 0.6514 -0.4921 0.5138, 0.6301 -0.4921 0.5244, 0.6417 -0.4921 0.5202, 0.6417 -0.4921 0.5202
            ]
        }
        coordIndex [
            0,1,2,-1,2,1,3,-1,2,3,4,-1,4,5,2,-1,2,5,6,-1,2,6,7,-1,7,8,2,-1,2,8,9,-1,2,9,10,-1,10,11,2,-1,2,11,12,-1,2,12,13,-1,13,14,2,-1,2,14,15,-1,2,15,16,-1,16,15,17,-1,
        ]
    }
}
Shape{
    appearance Appearance {
        material  Material 	{
            diffuseColor 1.0 1.0 1.0
            specularColor 0.5019607843137255 0.5019607843137255 0.5019607843137255
            ambientIntensity 0.2
            transparency 0
            shininess 0.5
        }
    }
    geometry IndexedFaceSet {
        ccw TRUE
        solid FALSE
        coord DEF co Coordinate {
            point [
                0.7289 -0.4961 0.4598, 0.7234 -0.4961 0.4447, 0.7736 -0.4961 0.4598, 0.779 -0.4961 0.4447, 0.7488 -0.4961 0.5153, 0.7424 -0.4961 0.5417, 0.6915 -0.4961 0.4082, 0.7106 -0.4961 0.4082, 0.75 -0.4961 0.5193, 0.751 -0.4961 0.5246, 0.7608 -0.4961 0.5417, 0.7514 -0.4961 0.5246, 0.7525 -0.4961 0.519, 0.7535 -0.4961 0.5153, 0.8116 -0.4961 0.4082, 0.7926 -0.4961 0.4082, 0.7608 -0.4921 0.5417, 0.8116 -0.4921 0.4082, 0.7424 -0.4921 0.5417, 0.6915 -0.4921 0.4082, 0.7106 -0.4921 0.4082, 0.7234 -0.4921 0.4447, 0.779 -0.4921 0.4447, 0.7926 -0.4921 0.4082, 0.7289 -0.4921 0.4598, 0.7736 -0.4921 0.4598, 0.7535 -0.4921 0.5153, 0.7514 -0.4921 0.5246, 0.7525 -0.4921 0.519, 0.751 -0.4921 0.5246, 0.7488 -0.4921 0.5153, 0.75 -0.4921 0.5193, 0.75 -0.4921 0.5193
            ]
        }
        coordIndex [
            0,1,2,-1,2,1,3,-1,4,5,0,-1,0,5,6,-1,0,6,1,-1,1,6,7,-1,4,8,5,-1,5,8,9,-1,5,9,10,-1,10,9,11,-1,10,11,12,-1,12,13,10,-1,10,13,2,-1,10,2,14,-1,14,2,3,-1,14,3,15,-1,10,14,16,-1,16,14,17,-1,5,10,18,-1,18,10,16,-1,6,5,19,-1,19,5,18,-1,7,6,20,-1,20,6,19,-1,1,7,21,-1,21,7,20,-1,3,1,22,-1,22,1,21,-1,15,3,23,-1,23,3,22,-1,14,15,17,-1,17,15,23,-1,0,2,24,-1,24,2,25,-1,2,13,25,-1,25,13,26,-1,11,27,28,-1,11,28,12,-1,12,28,26,-1,12,26,13,-1,11,9,27,-1,27,9,29,-1,4,30,31,-1,4,31,8,-1,8,31,29,-1,8,29,9,-1,4,0,30,-1,30,0,24,-1,
        ]
    }
}
Shape{
    appearance Appearance {
        material  Material 	{
            diffuseColor 0.25098039215686274 0.25098039215686274 0.25098039215686274
            specularColor 0.12549019607843137 0.12549019607843137 0.12549019607843137
            ambientIntensity 0.2
            transparency 0
            shininess 0.5
        }
    }
    geometry IndexedFaceSet {
        ccw TRUE
        solid FALSE
        coord DEF co Coordinate {
            point [
                0.7514 -0.4921 0.5246, 0.751 -0.4921 0.5246, 0.7525 -0.4921 0.519, 0.75 -0.4921 0.5193, 0.7535 -0.4921 0.5153, 0.7488 -0.4921 0.5153, 0.7736 -0.4921 0.4598, 0.7289 -0.4921 0.4598, 0.7289 -0.4921 0.4598
            ]
        }
        coordIndex [
            0,1,2,-1,2,1,3,-1,2,3,4,-1,4,3,5,-1,4,5,6,-1,6,5,7,-1,
        ]
    }
}
Shape{
    appearance Appearance {
        material  Material 	{
            diffuseColor 1.0 1.0 1.0
            specularColor 0.5019607843137255 0.5019607843137255 0.5019607843137255
            ambientIntensity 0.2
            transparency 0
            shininess 0.5
        }
    }
    geometry IndexedFaceSet {
        ccw TRUE
        solid FALSE
        coord DEF co Coordinate {
            point [
                -0.4805 -0.4961 0.3894, -0.4664 -0.4961 0.372, -0.489 -0.4961 0.4732, -0.5049 -0.4961 0.6386, -0.4836 -0.4961 0.6496, -0.4895 -0.4961 0.7077, -0.3218 -0.4961 0.3862, -0.3107 -0.4961 0.4075, -0.3054 -0.4961 0.431, -0.4302 -0.4961 0.7104, -0.4008 -0.4961 0.6412, -0.3862 -0.4961 0.6713, -0.452 -0.4961 0.7123, -0.1721 -0.4961 0.5197, -0.2015 -0.4961 0.57, -0.3049 -0.4961 0.4495, -0.3287 -0.4961 0.5036, -0.3049 -0.4961 0.44, -0.3559 -0.4961 0.356, -0.337 -0.4961 0.3691, -0.4256 -0.4961 0.4117, -0.4181 -0.4961 0.4064, -0.4478 -0.4961 0.3579, -0.4094 -0.4961 0.4031, -0.3667 -0.4961 0.4537, -0.3642 -0.4961 0.445, -0.3639 -0.4961 0.4359, -0.3659 -0.4961 0.4267, -0.3701 -0.4961 0.4184, -0.4107 -0.4961 0.7331, -0.3649 -0.4961 0.6967, -0.3884 -0.4961 0.7522, -0.3397 -0.4961 0.7151, -0.3653 -0.4961 0.7665, -0.5092 -0.4961 0.4856, -0.5021 -0.4961 0.4133, -0.49 -0.4961 0.4097, -0.4601 -0.4961 0.655, -0.451 -0.4961 0.6554, -0.4411 -0.4961 0.7117, -0.4291 -0.4961 0.6527, -0.4079 -0.4961 0.645, -0.4376 -0.4961 0.4353, -0.4356 -0.4961 0.4265, -0.4316 -0.4961 0.4187, -0.426 -0.4961 0.3487, -0.4036 -0.4961 0.3452, -0.4008 -0.4961 0.4021, -0.3998 -0.4961 0.3451, -0.3917 -0.4961 0.4032, -0.3771 -0.4961 0.3479, -0.3834 -0.4961 0.4064, -0.3761 -0.4961 0.4115, -0.1455 -0.4961 0.7398, -0.1832 -0.4961 0.6967, -0.1144 -0.4961 0.7039, -0.1616 -0.4961 0.6713, -0.0943 -0.4961 0.6649, -0.1468 -0.4961 0.6408, -0.1408 -0.4961 0.6137, -0.5432 -0.4961 0.5833, -0.6055 -0.4961 0.5675, -0.5459 -0.4961 0.5605, -0.6057 -0.4961 0.5586, -0.5449 -0.4961 0.5468, -0.6011 -0.4961 0.5212, -0.5383 -0.4961 0.5235, -0.5874 -0.4961 0.4859, -0.5263 -0.4961 0.5029, -0.5659 -0.4961 0.4552, -0.5364 -0.4961 0.43, -0.5246 -0.4961 0.694, -0.5548 -0.4961 0.6728, -0.522 -0.4961 0.6234, -0.5611 -0.4961 0.6668, -0.5351 -0.4961 0.6044, -0.584 -0.4961 0.6374, -0.5991 -0.4961 0.6032, -0.4374 -0.4961 0.4446, -0.4348 -0.4961 0.4536, -0.4784 -0.4961 0.4937, -0.4301 -0.4961 0.4616, -0.4627 -0.4961 0.5116, -0.4255 -0.4961 0.4666, -0.4433 -0.4961 0.5251, -0.418 -0.4961 0.4718, -0.4224 -0.4961 0.5331, -0.4097 -0.4961 0.475, -0.3998 -0.4961 0.5359, -0.4008 -0.4961 0.4761, -0.3882 -0.4961 0.5352, -0.3944 -0.4961 0.4755, -0.3653 -0.4961 0.5295, -0.3854 -0.4961 0.4727, -0.3452 -0.4961 0.5187, -0.3776 -0.4961 0.4679, -0.3712 -0.4961 0.4613, -0.3216 -0.4961 0.7834, -0.3087 -0.4961 0.7277, -0.2746 -0.4961 0.7892, -0.2736 -0.4961 0.7323, -0.2355 -0.4961 0.7851, -0.2412 -0.4961 0.7282, -0.1878 -0.4961 0.7683, -0.2115 -0.4961 0.7168, -0.1849 -0.4961 0.6982, -0.2046 -0.4961 0.4311, -0.2024 -0.4961 0.4246, -0.175 -0.4961 0.4665, -0.1985 -0.4961 0.4185, -0.2053 -0.4961 0.4372, -0.1759 -0.4961 0.4666, -0.2051 -0.4961 0.4406, -0.1821 -0.4961 0.4659, -0.1887 -0.4961 0.4636, -0.1332 -0.4961 0.6137, -0.1152 -0.4961 0.6114, -0.0852 -0.4961 0.6617, -0.0986 -0.4961 0.6051, -0.0574 -0.4961 0.6466, -0.0839 -0.4961 0.5948, -0.0326 -0.4961 0.6241, -0.0728 -0.4961 0.5824, -0.0141 -0.4961 0.5964, -0.064 -0.4961 0.566, -0.0036 -0.4961 0.5672, -0.0596 -0.4961 0.5478, -0.0004 -0.4961 0.5406, -0.0592 -0.4961 0.5396, -0.0047 -0.4961 0.507, -0.0615 -0.4961 0.5212, -0.0165 -0.4961 0.4769, -0.068 -0.4961 0.5043, -0.0355 -0.4961 0.4505, -0.0784 -0.4961 0.4895, -0.0403 -0.4961 0.4455, -0.0798 -0.4961 0.488, -0.0656 -0.4961 0.4259, -0.0939 -0.4961 0.4766, -0.0949 -0.4961 0.4129, -0.1106 -0.4961 0.4689, -0.1218 -0.4961 0.4078, -0.1275 -0.4961 0.4656, -0.1778 -0.4961 0.4078, -0.1702 -0.4961 0.4656, -0.18 -0.4961 0.408, -0.1721 -0.4961 0.4659, -0.1864 -0.4961 0.4097, -0.1931 -0.4961 0.4134, -0.1947 -0.4961 0.4597, -0.1997 -0.4961 0.4543, -0.2033 -0.4961 0.4478, -0.0291 -0.4921 0.6188, -0.0141 -0.4921 0.5964, -0.0081 -0.4921 0.5797, -0.0036 -0.4921 0.5672, -0.0004 -0.4921 0.5406, -0.0326 -0.4921 0.6241, -0.0574 -0.4921 0.6466, -0.0852 -0.4921 0.6617, -0.0943 -0.4921 0.6649, -0.1144 -0.4921 0.7039, -0.1455 -0.4921 0.7398, -0.1673 -0.4921 0.7545, -0.1878 -0.4921 0.7683, -0.2355 -0.4921 0.7851, -0.2746 -0.4921 0.7892, -0.3216 -0.4921 0.7834, -0.3653 -0.4921 0.7665, -0.3847 -0.4921 0.7545, -0.3884 -0.4921 0.7522, -0.4107 -0.4921 0.7331, -0.4302 -0.4921 0.7104, -0.4411 -0.4921 0.7117, -0.452 -0.4921 0.7123, -0.4895 -0.4921 0.7077, -0.5246 -0.4921 0.694, -0.5548 -0.4921 0.6728, -0.5611 -0.4921 0.6668, -0.6057 -0.4921 0.5586, -0.584 -0.4921 0.6374, -0.5922 -0.4921 0.6188, -0.5991 -0.4921 0.6032, -0.6033 -0.4921 0.5797, -0.6055 -0.4921 0.5675, -0.6011 -0.4921 0.5212, -0.5874 -0.4921 0.4859, -0.5659 -0.4921 0.4552, -0.5364 -0.4921 0.43, -0.5021 -0.4921 0.4133, -0.49 -0.4921 0.4097, -0.4888 -0.4921 0.4071, -0.4805 -0.4921 0.3894, -0.4664 -0.4921 0.372, -0.4478 -0.4921 0.3579, -0.439 -0.4921 0.3542, -0.426 -0.4921 0.3487, -0.4036 -0.4921 0.3452, -0.3998 -0.4921 0.3451, -0.3771 -0.4921 0.3479, -0.3605 -0.4921 0.3542, -0.3559 -0.4921 0.356, -0.337 -0.4921 0.3691, -0.3218 -0.4921 0.3862, -0.3109 -0.4921 0.4071, -0.3107 -0.4921 0.4075, -0.3054 -0.4921 0.431, -0.3049 -0.4921 0.44, -0.3049 -0.4921 0.4495, -0.1721 -0.4921 0.5197, -0.2015 -0.4921 0.57, -0.3287 -0.4921 0.5036, -0.3452 -0.4921 0.5187, -0.3653 -0.4921 0.5295, -0.3882 -0.4921 0.5352, -0.3998 -0.4921 0.5359, -0.4224 -0.4921 0.5331, -0.4433 -0.4921 0.5251, -0.4627 -0.4921 0.5116, -0.4784 -0.4921 0.4937, -0.489 -0.4921 0.4732, -0.5092 -0.4921 0.4856, -0.5263 -0.4921 0.5029, -0.5383 -0.4921 0.5235, -0.5449 -0.4921 0.5468, -0.5459 -0.4921 0.5605, -0.5436 -0.4921 0.5797, -0.5432 -0.4921 0.5833, -0.5351 -0.4921 0.6044, -0.5251 -0.4921 0.6188, -0.522 -0.4921 0.6234, -0.5049 -0.4921 0.6386, -0.4836 -0.4921 0.6496, -0.4601 -0.4921 0.655, -0.451 -0.4921 0.6554, -0.4291 -0.4921 0.6527, -0.4079 -0.4921 0.645, -0.4008 -0.4921 0.6412, -0.3862 -0.4921 0.6713, -0.3649 -0.4921 0.6967, -0.3397 -0.4921 0.7151, -0.3087 -0.4921 0.7277, -0.2736 -0.4921 0.7323, -0.2412 -0.4921 0.7282, -0.2115 -0.4921 0.7168, -0.1849 -0.4921 0.6982, -0.1832 -0.4921 0.6967, -0.1616 -0.4921 0.6713, -0.1468 -0.4921 0.6408, -0.1419 -0.4921 0.6188, -0.1408 -0.4921 0.6137, -0.1332 -0.4921 0.6137, -0.1152 -0.4921 0.6114, -0.0986 -0.4921 0.6051, -0.0839 -0.4921 0.5948, -0.0728 -0.4921 0.5824, -0.0714 -0.4921 0.5797, -0.064 -0.4921 0.566, -0.0596 -0.4921 0.5478, -0.0592 -0.4921 0.5396, -0.0615 -0.4921 0.5212, -0.068 -0.4921 0.5043, -0.0784 -0.4921 0.4895, -0.0798 -0.4921 0.488, -0.0939 -0.4921 0.4766, -0.1106 -0.4921 0.4689, -0.1275 -0.4921 0.4656, -0.1702 -0.4921 0.4656, -0.1721 -0.4921 0.4659, -0.175 -0.4921 0.4665, -0.1759 -0.4921 0.4666, -0.1821 -0.4921 0.4659, -0.1887 -0.4921 0.4636, -0.1947 -0.4921 0.4597, -0.1997 -0.4921 0.4543, -0.2033 -0.4921 0.4478, -0.2051 -0.4921 0.4406, -0.2053 -0.4921 0.4372, -0.2046 -0.4921 0.4311, -0.2024 -0.4921 0.4246, -0.1985 -0.4921 0.4185, -0.1931 -0.4921 0.4134, -0.1864 -0.4921 0.4097, -0.18 -0.4921 0.408, -0.1778 -0.4921 0.4078, -0.1218 -0.4921 0.4078, -0.0949 -0.4921 0.4129, -0.0656 -0.4921 0.4259, -0.0403 -0.4921 0.4455, -0.0355 -0.4921 0.4505, -0.0165 -0.4921 0.4769, -0.0047 -0.4921 0.507, -0.4008 -0.4921 0.4761, -0.3944 -0.4921 0.4755, -0.3854 -0.4921 0.4727, -0.3776 -0.4921 0.4679, -0.3712 -0.4921 0.4613, -0.3667 -0.4921 0.4537, -0.3642 -0.4921 0.445, -0.3639 -0.4921 0.4359, -0.3659 -0.4921 0.4267, -0.3701 -0.4921 0.4184, -0.3761 -0.4921 0.4115, -0.3834 -0.4921 0.4064, -0.3917 -0.4921 0.4032, -0.4008 -0.4921 0.4021, -0.4094 -0.4921 0.4031, -0.4181 -0.4921 0.4064, -0.4256 -0.4921 0.4117, -0.4316 -0.4921 0.4187, -0.4356 -0.4921 0.4265, -0.4376 -0.4921 0.4353, -0.4374 -0.4921 0.4446, -0.4348 -0.4921 0.4536, -0.4301 -0.4921 0.4616, -0.4255 -0.4921 0.4666, -0.418 -0.4921 0.4718, -0.4097 -0.4921 0.475, -0.4097 -0.4921 0.475
            ]
        }
        coordIndex [
            0,1,2,-1,3,4,5,-1,6,7,8,-1,9,10,11,-1,5,4,12,-1,13,14,15,-1,15,14,16,-1,15,16,17,-1,17,16,18,-1,17,18,8,-1,8,18,19,-1,8,19,6,-1,20,1,21,-1,21,1,22,-1,21,22,23,-1,24,25,16,-1,16,25,26,-1,16,26,18,-1,18,26,27,-1,18,27,28,-1,9,11,29,-1,29,11,30,-1,29,30,31,-1,31,30,32,-1,31,32,33,-1,34,35,2,-1,2,35,36,-1,2,36,0,-1,4,37,12,-1,12,37,38,-1,12,38,39,-1,39,38,40,-1,39,40,9,-1,9,40,41,-1,9,41,10,-1,42,2,43,-1,43,2,1,-1,43,1,44,-1,44,1,20,-1,22,45,23,-1,23,45,46,-1,23,46,47,-1,47,46,48,-1,47,48,49,-1,49,48,50,-1,49,50,51,-1,51,50,18,-1,51,18,52,-1,52,18,28,-1,53,54,55,-1,55,54,56,-1,55,56,57,-1,57,56,58,-1,57,58,59,-1,60,61,62,-1,62,61,63,-1,62,63,64,-1,64,63,65,-1,64,65,66,-1,66,65,67,-1,66,67,68,-1,68,67,69,-1,68,69,34,-1,34,69,70,-1,34,70,35,-1,5,71,3,-1,3,71,72,-1,3,72,73,-1,73,72,74,-1,73,74,75,-1,75,74,76,-1,75,76,60,-1,60,76,77,-1,60,77,61,-1,42,78,2,-1,2,78,79,-1,2,79,80,-1,80,79,81,-1,80,81,82,-1,82,81,83,-1,82,83,84,-1,84,83,85,-1,84,85,86,-1,86,85,87,-1,86,87,88,-1,88,87,89,-1,88,89,90,-1,90,89,91,-1,90,91,92,-1,92,91,93,-1,92,93,94,-1,94,93,95,-1,94,95,16,-1,16,95,96,-1,16,96,24,-1,33,32,97,-1,97,32,98,-1,97,98,99,-1,99,98,100,-1,99,100,101,-1,101,100,102,-1,101,102,103,-1,103,102,104,-1,103,104,53,-1,53,104,105,-1,53,105,54,-1,106,107,108,-1,108,107,109,-1,106,108,110,-1,110,108,111,-1,110,111,112,-1,112,111,113,-1,112,113,114,-1,59,115,57,-1,57,115,116,-1,57,116,117,-1,117,116,118,-1,117,118,119,-1,119,118,120,-1,119,120,121,-1,121,120,122,-1,121,122,123,-1,123,122,124,-1,123,124,125,-1,125,124,126,-1,125,126,127,-1,127,126,128,-1,127,128,129,-1,129,128,130,-1,129,130,131,-1,131,130,132,-1,131,132,133,-1,133,132,134,-1,133,134,135,-1,135,134,136,-1,135,136,137,-1,137,136,138,-1,137,138,139,-1,139,138,140,-1,139,140,141,-1,141,140,142,-1,141,142,143,-1,143,142,144,-1,143,144,145,-1,145,144,146,-1,145,146,147,-1,147,146,108,-1,147,108,148,-1,148,108,109,-1,114,149,112,-1,112,149,150,-1,112,150,151,-1,152,121,153,-1,153,121,123,-1,153,123,154,-1,154,123,125,-1,154,125,155,-1,155,125,127,-1,155,127,156,-1,152,157,121,-1,121,157,158,-1,121,158,119,-1,119,158,159,-1,119,159,117,-1,117,159,160,-1,117,160,57,-1,57,160,161,-1,57,161,55,-1,55,161,162,-1,55,162,53,-1,103,53,163,-1,163,53,162,-1,163,164,103,-1,103,164,165,-1,103,165,101,-1,101,165,166,-1,101,166,99,-1,99,166,167,-1,99,167,97,-1,97,167,168,-1,97,168,33,-1,33,168,31,-1,31,168,169,-1,31,169,170,-1,31,170,171,-1,31,171,29,-1,29,171,172,-1,29,172,9,-1,9,172,173,-1,9,173,39,-1,39,173,174,-1,39,174,12,-1,12,174,175,-1,12,175,5,-1,5,175,176,-1,5,176,71,-1,71,176,177,-1,71,177,72,-1,72,177,178,-1,72,178,74,-1,179,63,61,-1,74,178,180,-1,74,180,76,-1,76,180,181,-1,76,181,77,-1,181,182,77,-1,77,182,183,-1,77,183,61,-1,61,183,184,-1,61,184,179,-1,63,179,185,-1,63,185,65,-1,65,185,186,-1,65,186,67,-1,67,186,187,-1,67,187,69,-1,69,187,188,-1,69,188,70,-1,70,188,189,-1,70,189,35,-1,35,189,190,-1,35,190,36,-1,36,190,191,-1,36,191,0,-1,191,192,0,-1,0,192,193,-1,0,193,1,-1,1,193,194,-1,1,194,22,-1,22,194,195,-1,22,195,45,-1,195,196,45,-1,45,196,197,-1,45,197,46,-1,46,197,198,-1,46,198,48,-1,48,198,199,-1,200,18,199,-1,199,18,50,-1,199,50,48,-1,200,201,18,-1,18,201,202,-1,18,202,19,-1,19,202,203,-1,19,203,6,-1,6,203,204,-1,6,204,7,-1,204,205,7,-1,7,205,206,-1,7,206,8,-1,8,206,207,-1,8,207,17,-1,15,17,208,-1,208,17,207,-1,13,15,209,-1,209,15,208,-1,14,13,210,-1,210,13,209,-1,16,14,211,-1,211,14,210,-1,16,211,212,-1,16,212,94,-1,94,212,213,-1,94,213,92,-1,92,213,214,-1,92,214,90,-1,90,214,215,-1,90,215,88,-1,88,215,216,-1,88,216,86,-1,86,216,217,-1,86,217,84,-1,84,217,218,-1,84,218,82,-1,82,218,219,-1,82,219,80,-1,80,219,220,-1,80,220,2,-1,2,220,221,-1,2,221,34,-1,34,221,222,-1,34,222,68,-1,68,222,223,-1,68,223,66,-1,66,223,224,-1,66,224,64,-1,64,224,225,-1,64,225,62,-1,60,62,225,-1,225,226,60,-1,60,226,227,-1,60,227,228,-1,229,73,228,-1,228,73,75,-1,228,75,60,-1,229,230,73,-1,73,230,231,-1,73,231,3,-1,3,231,232,-1,3,232,4,-1,4,232,233,-1,4,233,37,-1,37,233,234,-1,37,234,38,-1,38,234,235,-1,38,235,40,-1,40,235,236,-1,40,236,41,-1,41,236,237,-1,41,237,10,-1,10,237,238,-1,10,238,11,-1,11,238,239,-1,11,239,30,-1,30,239,240,-1,30,240,32,-1,32,240,241,-1,32,241,98,-1,98,241,242,-1,98,242,100,-1,100,242,243,-1,100,243,102,-1,102,243,244,-1,102,244,104,-1,104,244,245,-1,104,245,105,-1,105,245,246,-1,105,246,54,-1,54,246,247,-1,54,247,56,-1,56,247,248,-1,56,248,58,-1,58,248,59,-1,59,248,249,-1,59,249,250,-1,115,59,251,-1,251,59,250,-1,115,251,252,-1,115,252,116,-1,116,252,253,-1,116,253,118,-1,118,253,254,-1,118,254,120,-1,120,254,255,-1,120,255,122,-1,122,255,256,-1,122,256,124,-1,256,257,124,-1,124,257,258,-1,124,258,126,-1,126,258,259,-1,126,259,128,-1,128,259,260,-1,128,260,130,-1,130,260,261,-1,130,261,132,-1,132,261,262,-1,132,262,134,-1,134,262,263,-1,134,263,136,-1,136,263,264,-1,136,264,138,-1,138,264,265,-1,138,265,140,-1,140,265,266,-1,140,266,142,-1,144,142,267,-1,267,142,266,-1,144,267,268,-1,144,268,146,-1,146,268,269,-1,146,269,108,-1,108,269,270,-1,108,270,111,-1,111,270,271,-1,111,271,113,-1,113,271,272,-1,113,272,114,-1,114,272,273,-1,114,273,149,-1,149,273,274,-1,149,274,150,-1,150,274,275,-1,150,275,151,-1,151,275,276,-1,151,276,112,-1,112,276,277,-1,112,277,110,-1,110,277,278,-1,110,278,106,-1,106,278,279,-1,106,279,107,-1,107,279,280,-1,107,280,109,-1,109,280,281,-1,109,281,148,-1,148,281,282,-1,148,282,147,-1,147,282,283,-1,147,283,145,-1,145,283,284,-1,145,284,143,-1,141,143,285,-1,285,143,284,-1,141,285,286,-1,141,286,139,-1,139,286,287,-1,139,287,137,-1,137,287,288,-1,137,288,135,-1,135,288,289,-1,135,289,133,-1,133,289,290,-1,133,290,131,-1,131,290,291,-1,131,291,129,-1,129,291,156,-1,129,156,127,-1,89,292,293,-1,89,293,91,-1,91,293,294,-1,91,294,93,-1,93,294,295,-1,93,295,95,-1,95,295,296,-1,95,296,96,-1,96,296,297,-1,96,297,24,-1,24,297,298,-1,24,298,25,-1,25,298,299,-1,25,299,26,-1,26,299,300,-1,26,300,27,-1,27,300,301,-1,27,301,28,-1,28,301,302,-1,28,302,52,-1,52,302,303,-1,52,303,51,-1,51,303,304,-1,51,304,49,-1,49,304,305,-1,49,305,47,-1,47,305,306,-1,47,306,23,-1,23,306,307,-1,23,307,21,-1,21,307,308,-1,21,308,20,-1,20,308,309,-1,20,309,44,-1,44,309,310,-1,44,310,43,-1,43,310,311,-1,43,311,42,-1,42,311,312,-1,42,312,78,-1,78,312,313,-1,78,313,79,-1,79,313,314,-1,79,314,81,-1,81,314,315,-1,81,315,83,-1,83,315,316,-1,83,316,85,-1,85,316,317,-1,85,317,87,-1,87,317,292,-1,87,292,89,-1,
        ]
    }
}
Shape{
    appearance Appearance {
        material  Material 	{
            diffuseColor 0.25098039215686274 0.25098039215686274 0.25098039215686274
            specularColor 0.12549019607843137 0.12549019607843137 0.12549019607843137
            ambientIntensity 0.2
            transparency 0
            shininess 0.5
        }
    }
    geometry IndexedFaceSet {
        ccw TRUE
        solid FALSE
        coord DEF co Coordinate {
            point [
                -0.4008 -0.4921 0.4021, -0.4255 -0.4921 0.4666, -0.4301 -0.4921 0.4616, -0.4008 -0.4921 0.4761, -0.3944 -0.4921 0.4755, -0.3917 -0.4921 0.4032, -0.4097 -0.4921 0.475, -0.418 -0.4921 0.4718, -0.3761 -0.4921 0.4115, -0.3712 -0.4921 0.4613, -0.3776 -0.4921 0.4679, -0.4356 -0.4921 0.4265, -0.4316 -0.4921 0.4187, -0.4256 -0.4921 0.4117, -0.3834 -0.4921 0.4064, -0.3854 -0.4921 0.4727, -0.4348 -0.4921 0.4536, -0.4374 -0.4921 0.4446, -0.4376 -0.4921 0.4353, -0.4181 -0.4921 0.4064, -0.4094 -0.4921 0.4031, -0.3659 -0.4921 0.4267, -0.3639 -0.4921 0.4359, -0.3701 -0.4921 0.4184, -0.3642 -0.4921 0.445, -0.3667 -0.4921 0.4537, -0.3667 -0.4921 0.4537
            ]
        }
        coordIndex [
            0,1,2,-1,3,0,4,-1,4,0,5,-1,3,6,0,-1,0,6,7,-1,0,7,1,-1,8,9,10,-1,11,12,2,-1,2,12,13,-1,5,14,4,-1,4,14,8,-1,4,8,15,-1,15,8,10,-1,16,17,2,-1,2,17,18,-1,2,18,11,-1,13,19,2,-1,2,19,20,-1,2,20,0,-1,21,22,23,-1,23,22,24,-1,23,24,8,-1,8,24,25,-1,8,25,9,-1,
        ]
    }
}
Shape{
    appearance Appearance {
        material  Material 	{
            diffuseColor 0.9686274509803922 0.8784313725490196 0.6
            specularColor 0.6784313725490196 0.615686274509804 0.4196078431372549
            ambientIntensity 0.2
            transparency 0
            shininess 0.5
        }
    }
    geometry IndexedFaceSet {
        ccw TRUE
        solid FALSE
        coord DEF co Coordinate {
            point [
                1.3976 -0.2559 -0.1181, 1.6024 -0.2559 -0.1181, 1.3976 -0.8858 -0.1181, 1.6024 -0.8858 -0.1181, 1.5236 -0.9646 -0.1181, 1.4764 -0.9646 -0.1181, 1.4003 -0.9062 -0.1181, 1.437 -0.954 -0.1181, 1.4207 -0.9415 -0.1181, 1.4082 -0.9252 -0.1181, 1.5918 -0.9252 -0.1181, 1.5793 -0.9415 -0.1181, 1.5997 -0.9062 -0.1181, 1.563 -0.954 -0.1181, 1.544 -0.9619 -0.1181, 1.456 -0.9619 -0.1181, 1.5236 -0.9646 -0.0394, 1.4764 -0.9646 -0.0394, 1.6024 -0.2953 -0.0394, 1.3976 -0.2953 -0.0394, 1.6024 -0.8858 -0.0394, 1.3976 -0.8858 -0.0394, 1.4082 -0.9252 -0.0394, 1.4003 -0.9062 -0.0394, 1.544 -0.9619 -0.0394, 1.4207 -0.9415 -0.0394, 1.437 -0.954 -0.0394, 1.456 -0.9619 -0.0394, 1.563 -0.954 -0.0394, 1.5793 -0.9415 -0.0394, 1.5997 -0.9062 -0.0394, 1.5918 -0.9252 -0.0394, 1.6024 -0.2953 0.3461, 1.7953 -0.2953 0.3461, 1.7953 -0.2953 1.1336, 1.2047 -0.2953 1.1336, 1.2047 -0.2953 0.3461, 1.3976 -0.2953 0.3461, 1.6024 -0.2165 0.3461, 1.6024 -0.2165 -0.0787, 1.3976 -0.2165 0.3461, 1.3976 -0.2165 -0.0787, 1.3976 -0.2457 -0.1168, 1.6024 -0.2457 -0.1168, 1.3976 -0.2362 -0.1128, 1.6024 -0.2362 -0.1128, 1.3976 -0.2281 -0.1066, 1.6024 -0.2281 -0.1066, 1.3976 -0.2218 -0.0984, 1.6024 -0.2218 -0.0984, 1.3976 -0.2179 -0.0889, 1.6024 -0.2179 -0.0889, 1.3031 0.1969 1.1336, 1.2047 0.2953 1.1336, 1.3031 -0.1969 1.1336, 1.6969 -0.1969 1.1336, 1.6969 0.1969 1.1336, 1.7953 0.2953 1.1336, 1.3031 -0.1969 0.3461, 1.6969 -0.1969 0.3461, 1.3031 0.1969 0.3461, 1.2047 0.2953 0.3461, 1.6969 0.1969 0.3461, 1.7953 0.2953 0.3461, -0.5997 -0.9062 -0.1181, -0.6024 -0.8858 -0.1181, -0.5236 -0.9646 -0.1181, -0.6024 -0.2559 -0.1181, -0.4764 -0.9646 -0.1181, -0.3976 -0.2559 -0.1181, -0.3976 -0.8858 -0.1181, -0.4082 -0.9252 -0.1181, -0.4207 -0.9415 -0.1181, -0.437 -0.954 -0.1181, -0.563 -0.954 -0.1181, -0.5793 -0.9415 -0.1181, -0.5918 -0.9252 -0.1181, -0.4003 -0.9062 -0.1181, -0.456 -0.9619 -0.1181, -0.544 -0.9619 -0.1181, -0.4764 -0.9646 -0.0394, -0.5236 -0.9646 -0.0394, -0.3976 -0.2953 -0.0394, -0.6024 -0.2953 -0.0394, -0.3976 -0.8858 -0.0394, -0.6024 -0.8858 -0.0394, -0.5918 -0.9252 -0.0394, -0.5793 -0.9415 -0.0394, -0.563 -0.954 -0.0394, -0.4003 -0.9062 -0.0394, -0.437 -0.954 -0.0394, -0.4207 -0.9415 -0.0394, -0.4082 -0.9252 -0.0394, -0.5997 -0.9062 -0.0394, -0.544 -0.9619 -0.0394, -0.456 -0.9619 -0.0394, -0.3976 -0.2953 0.3461, -0.2047 -0.2953 0.3461, -0.2047 -0.2953 1.1336, -0.7953 -0.2953 1.1336, -0.7953 -0.2953 0.3461, -0.6024 -0.2953 0.3461, -0.3976 -0.2165 0.3461, -0.3976 -0.2165 -0.0787, -0.6024 -0.2165 0.3461, -0.6024 -0.2165 -0.0787, -0.6024 -0.2457 -0.1168, -0.3976 -0.2457 -0.1168, -0.6024 -0.2362 -0.1128, -0.3976 -0.2362 -0.1128, -0.6024 -0.2281 -0.1066, -0.3976 -0.2281 -0.1066, -0.6024 -0.2218 -0.0984, -0.3976 -0.2218 -0.0984, -0.6024 -0.2179 -0.0889, -0.3976 -0.2179 -0.0889, -0.6969 0.1969 1.1336, -0.7953 0.2953 1.1336, -0.6969 -0.1969 1.1336, -0.3031 -0.1969 1.1336, -0.3031 0.1969 1.1336, -0.2047 0.2953 1.1336, -0.6969 -0.1969 0.3461, -0.3031 -0.1969 0.3461, -0.6969 0.1969 0.3461, -0.7953 0.2953 0.3461, -0.3031 0.1969 0.3461, -0.2047 0.2953 0.3461, 0.6024 0.2559 -0.1181, 0.3976 0.2559 -0.1181, 0.6024 0.8858 -0.1181, 0.3976 0.8858 -0.1181, 0.4082 0.9252 -0.1181, 0.4764 0.9646 -0.1181, 0.4003 0.9062 -0.1181, 0.5236 0.9646 -0.1181, 0.5997 0.9062 -0.1181, 0.563 0.954 -0.1181, 0.5793 0.9415 -0.1181, 0.5918 0.9252 -0.1181, 0.4207 0.9415 -0.1181, 0.437 0.954 -0.1181, 0.456 0.9619 -0.1181, 0.544 0.9619 -0.1181, 0.4764 0.9646 -0.0394, 0.5236 0.9646 -0.0394, 0.3976 0.8858 -0.0394, 0.3976 0.2953 -0.0394, 0.6024 0.2953 -0.0394, 0.4003 0.9062 -0.0394, 0.437 0.954 -0.0394, 0.4207 0.9415 -0.0394, 0.4082 0.9252 -0.0394, 0.6024 0.8858 -0.0394, 0.5997 0.9062 -0.0394, 0.5918 0.9252 -0.0394, 0.456 0.9619 -0.0394, 0.5793 0.9415 -0.0394, 0.563 0.954 -0.0394, 0.544 0.9619 -0.0394, 0.3976 0.2953 0.3461, 0.2047 0.2953 0.3461, 0.2047 0.2953 1.1336, 0.7953 0.2953 1.1336, 0.7953 0.2953 0.3461, 0.6024 0.2953 0.3461, 0.6024 0.2165 -0.0787, 0.6024 0.2165 0.3461, 0.3976 0.2165 -0.0787, 0.3976 0.2165 0.3461, 0.3976 0.2179 -0.0889, 0.6024 0.2179 -0.0889, 0.3976 0.2218 -0.0984, 0.6024 0.2218 -0.0984, 0.3976 0.2281 -0.1066, 0.6024 0.2281 -0.1066, 0.3976 0.2362 -0.1128, 0.6024 0.2362 -0.1128, 0.3976 0.2457 -0.1168, 0.6024 0.2457 -0.1168, 0.3031 0.1969 1.1336, 0.3031 -0.1969 1.1336, 0.2047 -0.2953 1.1336, 0.6969 -0.1969 1.1336, 0.7953 -0.2953 1.1336, 0.6969 0.1969 1.1336, 0.6969 0.1969 0.3461, 0.3031 0.1969 0.3461, 0.6969 -0.1969 0.3461, 0.7953 -0.2953 0.3461, 0.3031 -0.1969 0.3461, 0.2047 -0.2953 0.3461, -1.3976 0.2559 -0.1181, -1.6024 0.2559 -0.1181, -1.3976 0.8858 -0.1181, -1.6024 0.8858 -0.1181, -1.5918 0.9252 -0.1181, -1.5236 0.9646 -0.1181, -1.5997 0.9062 -0.1181, -1.4764 0.9646 -0.1181, -1.4003 0.9062 -0.1181, -1.5793 0.9415 -0.1181, -1.563 0.954 -0.1181, -1.544 0.9619 -0.1181, -1.456 0.9619 -0.1181, -1.437 0.954 -0.1181, -1.4082 0.9252 -0.1181, -1.4207 0.9415 -0.1181, -1.5236 0.9646 -0.0394, -1.4764 0.9646 -0.0394, -1.6024 0.2953 -0.0394, -1.3976 0.2953 -0.0394, -1.6024 0.8858 -0.0394, -1.3976 0.8858 -0.0394, -1.456 0.9619 -0.0394, -1.4082 0.9252 -0.0394, -1.4207 0.9415 -0.0394, -1.437 0.954 -0.0394, -1.5997 0.9062 -0.0394, -1.563 0.954 -0.0394, -1.5793 0.9415 -0.0394, -1.5918 0.9252 -0.0394, -1.4003 0.9062 -0.0394, -1.544 0.9619 -0.0394, -1.6024 0.2953 0.3461, -1.7953 0.2953 0.3461, -1.7953 0.2953 1.1336, -1.2047 0.2953 1.1336, -1.2047 0.2953 0.3461, -1.3976 0.2953 0.3461, -1.3976 0.2165 -0.0787, -1.3976 0.2165 0.3461, -1.6024 0.2165 -0.0787, -1.6024 0.2165 0.3461, -1.6024 0.2179 -0.0889, -1.3976 0.2179 -0.0889, -1.6024 0.2218 -0.0984, -1.3976 0.2218 -0.0984, -1.6024 0.2281 -0.1066, -1.3976 0.2281 -0.1066, -1.6024 0.2362 -0.1128, -1.3976 0.2362 -0.1128, -1.6024 0.2457 -0.1168, -1.3976 0.2457 -0.1168, -1.6969 0.1969 1.1336, -1.6969 -0.1969 1.1336, -1.7953 -0.2953 1.1336, -1.3031 -0.1969 1.1336, -1.2047 -0.2953 1.1336, -1.3031 0.1969 1.1336, -1.3031 0.1969 0.3461, -1.6969 0.1969 0.3461, -1.3031 -0.1969 0.3461, -1.2047 -0.2953 0.3461, -1.6969 -0.1969 0.3461, -1.7953 -0.2953 0.3461, -1.7953 -0.2953 0.3461
            ]
        }
        coordIndex [
            0,1,2,-1,2,1,3,-1,3,4,2,-1,2,4,5,-1,2,5,6,-1,7,8,9,-1,10,11,12,-1,12,11,13,-1,12,13,3,-1,3,13,14,-1,3,14,4,-1,6,5,9,-1,9,5,15,-1,9,15,7,-1,16,17,4,-1,4,17,5,-1,18,19,20,-1,20,19,21,-1,22,17,23,-1,23,17,21,-1,21,17,20,-1,20,17,16,-1,20,16,24,-1,25,26,22,-1,22,26,27,-1,22,27,17,-1,24,28,20,-1,20,28,29,-1,20,29,30,-1,30,29,31,-1,32,33,34,-1,35,36,37,-1,19,18,37,-1,37,18,32,-1,37,32,35,-1,35,32,34,-1,38,39,40,-1,40,39,41,-1,1,0,42,-1,1,42,43,-1,43,42,44,-1,43,44,45,-1,45,44,46,-1,45,46,47,-1,47,46,48,-1,47,48,49,-1,49,48,50,-1,49,50,51,-1,51,50,41,-1,51,41,39,-1,38,32,39,-1,39,32,18,-1,39,18,51,-1,51,18,49,-1,20,3,18,-1,18,3,1,-1,18,1,43,-1,43,45,18,-1,18,45,47,-1,18,47,49,-1,2,21,0,-1,0,21,19,-1,0,19,42,-1,42,19,44,-1,37,40,19,-1,19,40,41,-1,19,41,50,-1,50,48,19,-1,19,48,46,-1,19,46,44,-1,52,53,54,-1,54,53,35,-1,54,35,55,-1,55,35,34,-1,55,34,56,-1,56,34,57,-1,56,57,52,-1,52,57,53,-1,40,58,38,-1,38,58,59,-1,40,37,58,-1,58,37,36,-1,58,36,60,-1,60,36,61,-1,60,61,62,-1,62,61,63,-1,62,63,59,-1,59,63,33,-1,59,33,38,-1,38,33,32,-1,57,34,63,-1,63,34,33,-1,35,53,36,-1,36,53,61,-1,53,57,61,-1,61,57,63,-1,55,56,59,-1,59,56,62,-1,54,55,58,-1,58,55,59,-1,52,54,60,-1,60,54,58,-1,56,52,62,-1,62,52,60,-1,5,17,27,-1,5,27,15,-1,15,27,26,-1,15,26,7,-1,7,26,25,-1,7,25,8,-1,8,25,22,-1,8,22,9,-1,9,22,23,-1,9,23,6,-1,6,23,21,-1,6,21,2,-1,16,4,14,-1,16,14,24,-1,24,14,13,-1,24,13,28,-1,28,13,11,-1,28,11,29,-1,29,11,10,-1,29,10,31,-1,31,10,12,-1,31,12,30,-1,30,12,3,-1,30,3,20,-1,64,65,66,-1,66,65,67,-1,66,67,68,-1,68,67,69,-1,68,69,70,-1,71,72,73,-1,74,75,76,-1,70,77,68,-1,68,77,71,-1,68,71,78,-1,78,71,73,-1,64,66,76,-1,76,66,79,-1,76,79,74,-1,80,81,68,-1,68,81,66,-1,82,83,84,-1,84,83,85,-1,86,87,88,-1,85,81,84,-1,84,81,80,-1,84,80,89,-1,90,91,92,-1,85,93,81,-1,81,93,86,-1,81,86,94,-1,94,86,88,-1,89,80,92,-1,92,80,95,-1,92,95,90,-1,96,97,98,-1,99,100,101,-1,83,82,101,-1,101,82,96,-1,101,96,99,-1,99,96,98,-1,102,103,104,-1,104,103,105,-1,69,67,106,-1,69,106,107,-1,107,106,108,-1,107,108,109,-1,109,108,110,-1,109,110,111,-1,111,110,112,-1,111,112,113,-1,113,112,114,-1,113,114,115,-1,115,114,105,-1,115,105,103,-1,102,96,103,-1,103,96,82,-1,103,82,115,-1,115,82,113,-1,84,70,82,-1,82,70,69,-1,82,69,107,-1,107,109,82,-1,82,109,111,-1,82,111,113,-1,65,85,67,-1,67,85,83,-1,67,83,106,-1,106,83,108,-1,101,104,83,-1,83,104,105,-1,83,105,114,-1,114,112,83,-1,83,112,110,-1,83,110,108,-1,116,117,118,-1,118,117,99,-1,118,99,119,-1,119,99,98,-1,119,98,120,-1,120,98,121,-1,120,121,116,-1,116,121,117,-1,104,122,102,-1,102,122,123,-1,104,101,122,-1,122,101,100,-1,122,100,124,-1,124,100,125,-1,124,125,126,-1,126,125,127,-1,126,127,123,-1,123,127,97,-1,123,97,102,-1,102,97,96,-1,121,98,127,-1,127,98,97,-1,99,117,100,-1,100,117,125,-1,117,121,125,-1,125,121,127,-1,119,120,123,-1,123,120,126,-1,118,119,122,-1,122,119,123,-1,116,118,124,-1,124,118,122,-1,120,116,126,-1,126,116,124,-1,66,81,94,-1,66,94,79,-1,79,94,88,-1,79,88,74,-1,74,88,87,-1,74,87,75,-1,75,87,86,-1,75,86,76,-1,76,86,93,-1,76,93,64,-1,64,93,85,-1,64,85,65,-1,80,68,78,-1,80,78,95,-1,95,78,73,-1,95,73,90,-1,90,73,72,-1,90,72,91,-1,91,72,71,-1,91,71,92,-1,92,71,77,-1,92,77,89,-1,89,77,70,-1,89,70,84,-1,128,129,130,-1,130,129,131,-1,132,133,134,-1,134,133,131,-1,131,133,130,-1,130,133,135,-1,130,135,136,-1,137,138,139,-1,140,141,132,-1,132,141,142,-1,132,142,133,-1,136,135,139,-1,139,135,143,-1,139,143,137,-1,144,145,133,-1,133,145,135,-1,146,147,148,-1,149,146,144,-1,150,151,152,-1,146,148,144,-1,144,148,153,-1,144,153,145,-1,145,153,154,-1,145,154,155,-1,149,144,152,-1,152,144,156,-1,152,156,150,-1,157,158,155,-1,155,158,159,-1,155,159,145,-1,160,161,162,-1,163,164,165,-1,148,147,165,-1,165,147,160,-1,165,160,163,-1,163,160,162,-1,166,167,168,-1,168,167,169,-1,166,168,170,-1,166,170,171,-1,171,170,172,-1,171,172,173,-1,173,172,174,-1,173,174,175,-1,175,174,176,-1,175,176,177,-1,177,176,178,-1,177,178,179,-1,179,178,129,-1,179,129,128,-1,148,175,177,-1,165,167,148,-1,148,167,166,-1,130,153,128,-1,128,153,148,-1,128,148,179,-1,179,148,177,-1,166,171,148,-1,148,171,173,-1,148,173,175,-1,147,174,172,-1,146,131,147,-1,147,131,129,-1,169,160,168,-1,168,160,147,-1,168,147,170,-1,170,147,172,-1,129,178,147,-1,147,178,176,-1,147,176,174,-1,180,162,181,-1,181,162,182,-1,181,182,183,-1,183,182,184,-1,183,184,185,-1,185,184,163,-1,185,163,180,-1,180,163,162,-1,167,165,164,-1,169,186,187,-1,169,187,160,-1,169,167,186,-1,186,167,164,-1,186,164,188,-1,188,164,189,-1,188,189,190,-1,190,189,191,-1,190,191,187,-1,187,191,161,-1,187,161,160,-1,163,184,164,-1,164,184,189,-1,182,162,191,-1,191,162,161,-1,184,182,189,-1,189,182,191,-1,183,185,188,-1,188,185,186,-1,185,180,186,-1,186,180,187,-1,180,181,187,-1,187,181,190,-1,181,183,190,-1,190,183,188,-1,131,146,149,-1,131,149,134,-1,134,149,152,-1,134,152,132,-1,132,152,151,-1,132,151,140,-1,140,151,150,-1,140,150,141,-1,141,150,156,-1,141,156,142,-1,142,156,144,-1,142,144,133,-1,153,130,136,-1,153,136,154,-1,154,136,139,-1,154,139,155,-1,155,139,138,-1,155,138,157,-1,157,138,137,-1,157,137,158,-1,158,137,143,-1,158,143,159,-1,159,143,135,-1,159,135,145,-1,192,193,194,-1,194,193,195,-1,196,197,198,-1,198,197,195,-1,195,197,194,-1,194,197,199,-1,194,199,200,-1,201,202,196,-1,196,202,203,-1,196,203,197,-1,199,204,200,-1,200,204,205,-1,200,205,206,-1,206,205,207,-1,208,209,197,-1,197,209,199,-1,210,211,212,-1,212,211,213,-1,214,209,213,-1,215,216,217,-1,213,209,212,-1,212,209,208,-1,212,208,218,-1,219,220,221,-1,214,213,217,-1,217,213,222,-1,217,222,215,-1,218,208,221,-1,221,208,223,-1,221,223,219,-1,224,225,226,-1,227,228,229,-1,211,210,229,-1,229,210,224,-1,229,224,227,-1,227,224,226,-1,230,231,232,-1,232,231,233,-1,230,232,234,-1,230,234,235,-1,235,234,236,-1,235,236,237,-1,237,236,238,-1,237,238,239,-1,239,238,240,-1,239,240,241,-1,241,240,242,-1,241,242,243,-1,243,242,193,-1,243,193,192,-1,211,239,241,-1,229,231,211,-1,211,231,230,-1,194,213,192,-1,192,213,211,-1,192,211,243,-1,243,211,241,-1,230,235,211,-1,211,235,237,-1,211,237,239,-1,210,238,236,-1,212,195,210,-1,210,195,193,-1,233,224,232,-1,232,224,210,-1,232,210,234,-1,234,210,236,-1,193,242,210,-1,210,242,240,-1,210,240,238,-1,244,226,245,-1,245,226,246,-1,245,246,247,-1,247,246,248,-1,247,248,249,-1,249,248,227,-1,249,227,244,-1,244,227,226,-1,231,229,228,-1,233,250,251,-1,233,251,224,-1,233,231,250,-1,250,231,228,-1,250,228,252,-1,252,228,253,-1,252,253,254,-1,254,253,255,-1,254,255,251,-1,251,255,225,-1,251,225,224,-1,227,248,228,-1,228,248,253,-1,246,226,255,-1,255,226,225,-1,248,246,253,-1,253,246,255,-1,247,249,252,-1,252,249,250,-1,249,244,250,-1,250,244,251,-1,244,245,251,-1,251,245,254,-1,245,247,254,-1,254,247,252,-1,195,212,218,-1,195,218,198,-1,198,218,221,-1,198,221,196,-1,196,221,220,-1,196,220,201,-1,201,220,219,-1,201,219,202,-1,202,219,223,-1,202,223,203,-1,203,223,208,-1,203,208,197,-1,213,194,200,-1,213,200,222,-1,222,200,206,-1,222,206,215,-1,215,206,207,-1,215,207,216,-1,216,207,205,-1,216,205,217,-1,217,205,204,-1,217,204,214,-1,214,204,199,-1,214,199,209,-1,
        ]
    }
}