#VRML V2.0 utf8
# 3D model generated by easyeda2kicad.py (https://github.com/uPesy/easyeda2kicad.py)

Shape{
    appearance Appearance {
        material  Material 	{
            diffuseColor 0.8509803921568627 0.8509803921568627 0.8509803921568627
            specularColor 0.4235294117647059 0.4235294117647059 0.4235294117647059
            ambientIntensity 0.2
            transparency 0
            shininess 0.5
        }
    }
    geometry IndexedFaceSet {
        ccw TRUE
        solid FALSE
        coord DEF co Coordinate {
            point [
                -0.3267 0.4422 -1.5748, -0.3479 0.4304 -1.5748, -0.3501 0.453 -1.2774, 0.343 -0.4324 -1.5748, 0.3463 -0.4307 -1.5748, 0.3493 -0.4534 -1.2774, 0.6385 0.093 -1.5748, 0.6261 0.1287 -1.5748, 0.6429 0.1476 -1.2774, -0.03 -0.511 -1.5748, 0.0166 -0.5095 -1.5748, -0.0883 -0.5206 -1.2774, -0.0213 -0.5262 -1.2774, -0.6885 0.0 -0.9844, -0.6887 0.0077 -0.9843, -0.6637 0.0507 -1.2774, -0.6221 0.237 -0.9843, -0.6183 0.2425 -0.9843, -0.5751 0.2684 -1.2774, 0.3696 0.4479 -1.1286, 0.3158 0.4601 -1.2774, 0.2649 0.4797 -1.2774, 0.6466 0.1902 -0.9846, 0.6566 0.1653 -0.9846, 0.6505 -0.1324 -1.2037, 0.6438 -0.1504 -1.2037, 0.6346 -0.161 -1.2774, 0.6461 -0.1622 -1.1249, 0.6404 -0.1622 -1.195, 0.6451 -0.1492 -1.195, -0.5263 -0.3554 -0.9846, -0.4874 -0.3719 -1.1286, -0.4525 -0.3979 -1.1286, -0.5312 -0.351 -0.9847, -0.5515 -0.3294 -0.9847, -0.5187 -0.3453 -1.1286, -0.5711 -0.2911 -1.1286, -0.5689 -0.3109 -0.9848, -0.5715 -0.3076 -0.9847, -0.4134 -0.4233 -1.1286, -0.4615 -0.4085 -0.9847, -0.485 -0.3912 -0.9844, -0.4895 -0.3879 -0.9843, -0.4965 -0.3817 -0.9844, -0.3795 -0.4595 -0.9848, -0.3916 -0.4535 -0.985, -0.3697 -0.4478 -1.1286, -0.4212 -0.4354 -0.985, -0.4439 -0.4216 -0.985, -0.3749 -0.4618 -0.9848, -0.2651 -0.4797 -1.2774, -0.3369 -0.4808 -0.9843, -0.2102 -0.4966 -1.2774, -0.3217 -0.4869 -0.9843, -0.2793 -0.5039 -0.9844, -0.1513 -0.5105 -1.2774, -0.2605 -0.5097 -0.9845, -0.1713 -0.5339 -0.985, -0.1914 -0.5291 -0.9849, -0.2189 -0.5226 -0.9848, -0.2594 -0.51 -0.9846, -0.1146 -0.5432 -0.9848, -0.1292 -0.5408 -0.9848, 0.0059 -0.5506 -0.9842, -0.0304 -0.5504 -0.9843, 0.0494 -0.5262 -1.2774, -0.0384 -0.5503 -0.9843, -0.1053 -0.5447 -0.9847, 0.1232 -0.5199 -1.2774, 0.0454 -0.55 -0.9842, 0.0295 -0.5507 -0.9842, 0.1989 -0.5062 -1.2774, 0.1568 -0.5361 -0.9842, 0.1408 -0.5389 -0.9842, 0.1132 -0.5437 -0.9842, 0.0608 -0.5486 -0.9842, 0.2703 -0.5063 -0.9839, 0.2548 -0.5117 -0.9839, 0.2749 -0.4842 -1.2774, 0.2446 -0.5153 -0.9839, 0.1796 -0.5321 -0.9842, 0.3078 -0.4931 -0.984, 0.3478 -0.4758 -0.9842, 0.4034 -0.4468 -0.984, 0.3893 -0.4542 -0.984, 0.3514 -0.4739 -0.9842, 0.5036 -0.3762 -0.9842, 0.4931 -0.3843 -0.9841, 0.4793 -0.3701 -1.2774, 0.4554 -0.4136 -0.9838, 0.4184 -0.4147 -1.2774, 0.4391 -0.424 -0.9839, 0.5573 -0.3241 -0.9841, 0.5172 -0.3641 -0.9843, 0.5134 -0.3675 -0.9842, 0.6183 -0.2425 -0.9843, 0.5925 -0.2812 -0.9842, 0.5744 -0.2691 -1.2774, 0.5776 -0.2994 -0.9841, 0.5314 -0.3211 -1.2774, 0.5725 -0.3056 -0.9841, 0.6087 -0.2155 -1.2774, 0.6395 -0.2052 -0.9846, 0.6229 -0.2356 -0.9843, 0.6354 -0.1728 -1.2037, 0.6419 -0.1728 -1.1249, 0.6722 -0.1194 -0.9853, 0.6599 -0.1584 -0.9853, 0.6505 -0.1798 -0.985, 0.6403 -0.2032 -0.9847, 0.655 -0.1243 -1.1777, 0.6555 -0.1257 -1.1658, 0.6561 -0.1254 -1.1594, 0.6575 -0.1233 -1.15, 0.6594 -0.1191 -1.1414, 0.6617 -0.1129 -1.134, 0.664 -0.1055 -1.1287, 0.6663 -0.0974 -1.1255, 0.675 -0.1103 -0.9853, 0.6773 -0.0987 -0.9851, 0.6689 -0.0857 -1.124, 0.6691 -0.0849 -1.124, 0.6846 -0.0617 -0.9847, 0.66 -0.0986 -1.2036, 0.6583 -0.1061 -1.201, 0.6528 -0.1062 -1.2774, 0.6552 -0.1215 -1.1855, 0.6511 -0.1324 -1.195, 0.656 -0.1168 -1.1928, 0.6568 -0.113 -1.1965, 0.6721 -0.0671 -1.1271, 0.6744 -0.0518 -1.1249, 0.6708 -0.0755 -1.1247, 0.6694 -0.0829 -1.1241, 0.6763 -0.029 -1.1249, 0.6864 -0.0477 -0.9845, 0.6848 -0.0607 -0.9847, 0.6631 -0.0873 -1.196, 0.6636 -0.0848 -1.1959, 0.6685 -0.0842 -1.1328, 0.6655 -0.0755 -1.1945, 0.6701 -0.0757 -1.1339, 0.6673 -0.0671 -1.1909, 0.6712 -0.0671 -1.1377, 0.6686 -0.0518 -1.2037, 0.6666 -0.0671 -1.1996, 0.6649 -0.0757 -1.2031, 0.6621 -0.0888 -1.2046, 0.6607 -0.095 -1.204, 0.6867 0.0416 -0.9852, 0.6885 0.0094 -0.9845, 0.6777 -0.0114 -1.1249, 0.689 0.0005 -0.9843, 0.6885 -0.0077 -0.9843, 0.6736 -0.0342 -1.1595, 0.6751 -0.0134 -1.1595, 0.6771 -0.0114 -1.1336, 0.678 0.0058 -1.1249, 0.6706 -0.0396 -1.195, 0.6727 -0.0095 -1.195, 0.6745 -0.0134 -1.1681, 0.6724 0.0058 -1.2037, 0.6635 -0.052 -1.2774, 0.6723 0.011 -1.2037, 0.6674 0.0007 -1.2774, 0.6719 0.0273 -1.2037, 0.6695 -0.0409 -1.2037, 0.6721 -0.0095 -1.2037, 0.6749 0.0522 -1.1313, 0.6736 0.0596 -1.1373, 0.6799 0.0868 -0.9857, 0.6775 0.0221 -1.1249, 0.6774 0.0281 -1.1249, 0.6862 0.0491 -0.9854, 0.677 0.0336 -1.1252, 0.6761 0.0434 -1.1272, 0.6668 0.075 -1.2037, 0.665 0.052 -1.2774, 0.6647 0.0865 -1.2037, 0.6566 0.1012 -1.2774, 0.6647 0.094 -1.1816, 0.6725 0.0645 -1.1439, 0.6717 0.0672 -1.1503, 0.6663 0.1047 -1.1249, 0.6716 0.0675 -1.1511, 0.6705 0.0692 -1.1633, 0.6702 0.069 -1.1674, 0.6636 0.1153 -1.1249, 0.6726 0.1172 -0.9853, 0.6781 0.0977 -0.9858, 0.6487 0.146 -1.2037, 0.6525 0.1345 -1.2037, 0.6607 0.11 -1.1816, 0.6565 0.1265 -1.1816, 0.6421 0.1989 -0.9847, 0.6248 0.1908 -1.2774, 0.6308 0.2205 -0.985, 0.6027 0.2309 -1.2774, 0.6262 0.2293 -0.9851, 0.5714 0.2909 -1.1286, 0.5944 0.2787 -0.9843, 0.5774 0.2675 -1.2774, 0.6092 0.2563 -0.9847, 0.6231 0.2351 -0.9852, 0.5516 0.3296 -0.9848, 0.5607 0.3203 -0.9849, 0.5647 0.3153 -0.9848, 0.5925 0.2811 -0.9843, 0.5145 0.3666 -0.9844, 0.5227 0.3591 -0.9845, 0.4876 0.3717 -1.1286, 0.4702 0.4029 -0.9846, 0.4764 0.3978 -0.9846, 0.4526 0.3979 -1.1286, 0.4963 0.3815 -0.9845, 0.4215 0.436 -0.9851, 0.422 0.4357 -0.9851, 0.4134 0.4234 -1.1286, 0.4617 0.4087 -0.9847, 0.3698 0.4651 -0.9847, 0.3425 0.4783 -0.9844, 0.2101 0.4967 -1.2774, 0.375 0.4621 -0.9847, 0.3702 0.4649 -0.9847, 0.2484 0.5135 -0.9846, 0.2605 0.5096 -0.9845, 0.1511 0.5105 -1.2774, 0.2838 0.5023 -0.9844, 0.3216 0.4868 -0.9844, 0.2228 0.5216 -0.9848, 0.0879 0.5206 -1.2774, 0.1913 0.5289 -0.9849, 0.1001 0.5453 -0.9847, 0.1146 0.5431 -0.9848, 0.0208 0.5261 -1.2774, 0.1176 0.5426 -0.9848, 0.1596 0.5362 -0.985, 0.0327 0.5506 -0.9843, -0.0498 0.5261 -1.2774, 0.0304 0.5506 -0.9842, -0.1236 0.5198 -1.2774, -0.0353 0.5505 -0.9842, -0.0178 0.5505 -0.9842, -0.1271 0.5417 -0.9842, -0.1036 0.5449 -0.9842, -0.0608 0.5484 -0.9842, -0.2756 0.4839 -1.2774, -0.193 0.5291 -0.9841, -0.1994 0.5059 -1.2774, -0.1567 0.5361 -0.9842, -0.1524 0.5369 -0.9842, -0.2811 0.5025 -0.984, -0.3189 0.4886 -0.9841, -0.2571 0.5114 -0.9838, -0.2549 0.512 -0.9839, -0.3991 0.4491 -0.984, -0.3782 0.4607 -0.9842, -0.3512 0.4734 -0.9841, -0.4077 0.4443 -0.9839, -0.4192 0.4143 -1.2774, -0.4801 0.3696 -1.2774, -0.5132 0.3672 -0.9842, -0.5056 0.3745 -0.9842, -0.5015 0.3777 -0.9842, -0.4586 0.4113 -0.9839, -0.439 0.424 -0.9839, -0.5573 0.324 -0.9841, -0.5482 0.3338 -0.9842, -0.5321 0.3205 -1.2774, -0.5922 0.2817 -0.9841, -0.5841 0.2915 -0.9841, -0.5725 0.3056 -0.9841, -0.6468 0.1899 -0.9849, -0.6445 0.1943 -0.9848, -0.6093 0.2147 -1.2774, -0.6731 0.1178 -0.9853, -0.6725 0.1195 -0.9853, -0.6352 0.16 -1.2774, -0.6573 0.1652 -0.9852, -0.651 0.18 -0.985, -0.6792 0.0893 -0.985, -0.6531 0.1051 -1.2774, -0.6835 0.0692 -0.9848, -0.6888 0.0111 -0.9843, -0.6885 0.0195 -0.9843, -0.6843 0.0617 -0.9847, -0.6675 -0.0023 -1.2774, -0.6874 -0.0368 -0.9851, -0.6868 -0.0416 -0.9852, -0.6808 -0.0849 -0.9859, -0.6649 -0.0534 -1.2774, -0.6803 -0.0868 -0.9859, -0.6521 -0.178 -0.9844, -0.6567 -0.1653 -0.9845, -0.6425 -0.1484 -1.2774, -0.6687 -0.1327 -0.985, -0.6563 -0.1022 -1.2774, -0.6699 -0.1281 -0.9851, -0.6749 -0.1079 -0.9855, -0.6356 -0.2118 -0.985, -0.6419 -0.1988 -0.9848, -0.6244 -0.1916 -1.2774, -0.6262 -0.2292 -0.9851, -0.6146 -0.2305 -1.1286, -0.6035 -0.2659 -0.9845, -0.5926 -0.2812 -0.9843, 0.6698 0.0675 -1.1762, 0.6698 0.064 -1.1844, 0.6698 0.0629 -1.1859, 0.67 0.0584 -1.1917, 0.6701 0.0569 -1.1932, 0.6706 0.0488 -1.1988, 0.6711 0.0401 -1.2021, 0.6758 -0.0303 -1.1336, 0.675 -0.0412 -1.1336, 0.6731 -0.0412 -1.1595, 0.6729 -0.0355 -1.1681, 0.6724 -0.0412 -1.1681, 0.6705 -0.0412 -1.195, 0.6631 -0.1026 -1.149, 0.661 -0.1114 -1.1477, 0.6598 -0.1138 -1.1543, 0.6673 -0.0902 -1.1329, 0.6657 -0.0966 -1.1345, 0.6641 -0.1022 -1.1374, 0.6625 -0.1075 -1.142, 0.6683 -0.0856 -1.1326, 0.6583 -0.1149 -1.17, 0.6586 -0.1151 -1.1651, 0.6591 -0.1064 -1.1888, 0.6601 -0.1016 -1.1924, 0.6585 -0.1104 -1.1838, 0.6581 -0.1132 -1.1779, 0.6612 -0.0963 -1.1947, 0.6617 -0.0937 -1.1951, 0.5495 0.3008 -1.2774, 0.5188 0.3317 -1.2774, 0.519 0.3451 -1.1286, 0.4848 0.3609 -1.2774, 0.4476 0.3884 -1.2774, 0.4071 0.4142 -1.2774, -0.4842 -0.3613 -1.2774, -0.4472 -0.3887 -1.2774, -0.407 -0.4143 -1.2774, -0.3634 -0.4382 -1.2774, -0.5288 -0.2969 -1.5748, -0.5035 -0.3204 -1.5748, -0.549 -0.3013 -1.2774, -0.4788 -0.3435 -1.5748, -0.5183 -0.3321 -1.2774, -0.4616 -0.3595 -1.5748, -0.4593 -0.3616 -1.5748, -0.4141 -0.3913 -1.5748, -0.4498 -0.3773 -1.4261, -0.4044 -0.3977 -1.5748, -0.4069 -0.4055 -1.4261, -0.368 -0.4216 -1.5748, -0.3241 -0.4413 -1.5748, -0.3614 -0.4307 -1.4261, -0.3151 -0.4453 -1.5748, -0.2717 -0.4648 -1.5748, -0.1553 -0.497 -1.5748, -0.2081 -0.4824 -1.5748, -0.316 -0.4601 -1.2774, -0.2336 -0.4753 -1.5748, -0.263 -0.4672 -1.5748, 0.2017 -0.4866 -1.5748, 0.1862 -0.4894 -1.5748, 0.1843 -0.4898 -1.5748, 0.13 -0.4996 -1.5748, 0.0736 -0.5076 -1.5748, 0.0773 -0.5075 -1.5748, 0.088 -0.5071 -1.5748, -0.1532 -0.4972 -1.5748, -0.1346 -0.4994 -1.5748, -0.0967 -0.5038 -1.5748, -0.0402 -0.5104 -1.5748, -0.034 -0.5111 -1.5748, 0.397 -0.4044 -1.5748, 0.4444 -0.3725 -1.5748, 0.4879 -0.3351 -1.5748, 0.4016 -0.402 -1.5748, 0.4303 -0.3827 -1.5748, 0.4411 -0.3754 -1.5748, 0.5531 -0.2652 -1.5748, 0.5945 -0.2016 -1.5748, 0.6145 -0.1655 -1.5748, 0.5648 -0.2509 -1.5748, 0.5721 -0.2421 -1.5748, 0.5942 -0.2022 -1.5748, 0.4989 -0.3255 -1.5748, 0.5142 -0.3123 -1.5748, 0.5285 -0.295 -1.5748, 0.6407 -0.0845 -1.5748, 0.6441 -0.0522 -1.5748, 0.6453 -0.0407 -1.5748, 0.6496 0.0 -1.5748, 0.6495 0.011 -1.5748, 0.6138 0.1639 -1.5748, 0.6089 0.1781 -1.5748, 0.6064 0.1822 -1.5748, 0.5776 0.2309 -1.5748, 0.5772 0.2315 -1.5748, 0.5646 0.2527 -1.5748, 0.5433 0.2774 -1.5748, 0.6488 0.0164 -1.5748, 0.6483 0.0203 -1.5748, 0.6414 0.0736 -1.5748, 0.6391 0.0913 -1.5748, 0.6636 0.1153 -1.1249, 0.6649 0.1444 -0.9846, 0.6695 0.128 -0.985, 0.6192 -0.1511 -1.5748, 0.6268 -0.1276 -1.5748, 0.6367 -0.0967 -1.5748, 0.2408 -0.4734 -1.5748, 0.2474 -0.4712 -1.5748, 0.2949 -0.4552 -1.5748, 0.3067 -0.4512 -1.5748, 0.4617 0.3573 -1.5748, 0.4687 0.3515 -1.5748, 0.5049 0.3217 -1.5748, 0.529 0.2939 -1.5748, 0.4504 0.3665 -1.5748, 0.43 0.3833 -1.5748, 0.3154 0.445 -1.5748, 0.2856 0.457 -1.5748, 0.3632 0.4382 -1.2774, 0.2623 0.4663 -1.5748, 0.2377 0.4762 -1.5748, 0.416 0.3916 -1.5748, 0.3717 0.418 -1.5748, 0.3669 0.4208 -1.5748, 0.3487 0.4317 -1.5748, -0.0011 0.5118 -1.5748, 0.0398 0.5089 -1.5748, 0.0898 0.5052 -1.5748, 0.0966 0.5047 -1.5748, -0.2232 0.4806 -1.5748, -0.1868 0.4883 -1.5748, -0.1309 0.5001 -1.5748, -0.1242 0.5015 -1.5748, -0.0166 0.5108 -1.5748, -0.0174 0.5107 -1.5748, -0.0745 0.5068 -1.5748, -0.1111 0.5043 -1.5748, 0.2079 0.483 -1.5748, 0.1911 0.4868 -1.5748, 0.1524 0.4956 -1.5748, 0.1197 0.5031 -1.5748, -0.398 0.4027 -1.5748, -0.4843 0.3391 -1.5748, -0.4158 0.3929 -1.5748, -0.4167 0.3924 -1.5748, -0.4449 0.3701 -1.5748, -0.5448 0.2762 -1.5748, -0.5586 0.2609 -1.5748, -0.6053 0.1853 -1.5748, -0.6191 0.1485 -1.5748, -0.5658 0.2493 -1.5748, -0.5883 0.2128 -1.5748, -0.5958 0.2006 -1.5748, -0.49 0.3346 -1.5748, -0.4977 0.3285 -1.5748, -0.5295 0.2932 -1.5748, -0.6424 0.0624 -1.5748, -0.6464 0.0376 -1.5748, -0.6445 -0.063 -1.5748, -0.649 0.0213 -1.5748, -0.6473 -0.0104 -1.5748, -0.6469 -0.0191 -1.5748, -0.6209 -0.1497 -1.5748, -0.6194 -0.1528 -1.5748, -0.6042 -0.1831 -1.5748, -0.5848 -0.2217 -1.5748, -0.6023 -0.2316 -1.2774, -0.6304 -0.2225 -0.9852, -0.6411 -0.0755 -1.5748, -0.6394 -0.0818 -1.5748, -0.6261 -0.1306 -1.5748, -0.6229 0.1383 -1.5748, -0.6356 0.1046 -1.5748, -0.6373 0.0942 -1.5748, -0.2275 0.479 -1.5748, -0.242 0.4736 -1.5748, -0.2959 0.4537 -1.5748, -0.3263 0.4424 -1.5748, 0.5263 0.3554 -0.9846, -0.5827 -0.2259 -1.5748, -0.577 -0.2333 -1.5748, -0.5769 -0.2681 -1.2774, -0.5425 -0.2789 -1.5748, -0.5377 -0.2852 -1.5748, -0.5377 -0.2852 -1.5748
            ]
        }
        coordIndex [
            0,1,2,-1,3,4,5,-1,6,7,8,-1,9,10,11,-1,11,10,12,-1,13,14,15,-1,16,17,18,-1,19,20,21,-1,22,23,8,-1,24,25,26,-1,27,28,29,-1,30,31,32,-1,33,34,35,-1,36,37,38,-1,39,40,32,-1,32,40,41,-1,41,42,32,-1,32,42,43,-1,32,43,30,-1,44,45,46,-1,46,45,47,-1,46,47,39,-1,39,47,48,-1,39,48,40,-1,49,50,51,-1,51,50,52,-1,51,52,53,-1,53,52,54,-1,54,52,55,-1,54,55,56,-1,57,58,11,-1,11,58,59,-1,11,59,55,-1,55,59,60,-1,55,60,56,-1,12,61,11,-1,11,61,62,-1,11,62,57,-1,63,64,65,-1,65,64,66,-1,65,66,12,-1,12,66,67,-1,12,67,61,-1,68,69,65,-1,65,69,70,-1,65,70,63,-1,71,72,68,-1,68,72,73,-1,73,74,68,-1,68,74,75,-1,68,75,69,-1,76,77,78,-1,78,77,79,-1,78,79,71,-1,71,79,80,-1,71,80,72,-1,76,78,81,-1,81,78,5,-1,81,5,82,-1,83,84,5,-1,5,84,85,-1,5,85,82,-1,86,87,88,-1,88,87,89,-1,88,89,90,-1,90,89,91,-1,90,91,83,-1,92,93,88,-1,88,93,94,-1,88,94,86,-1,95,96,97,-1,97,96,98,-1,97,98,99,-1,99,98,100,-1,99,100,92,-1,101,102,103,-1,26,25,101,-1,101,25,104,-1,101,104,105,-1,29,106,27,-1,27,106,107,-1,27,107,105,-1,105,107,108,-1,105,108,101,-1,101,108,109,-1,101,109,102,-1,29,110,111,-1,111,112,29,-1,29,112,113,-1,29,113,106,-1,106,113,114,-1,106,114,115,-1,115,116,106,-1,106,116,117,-1,106,117,118,-1,118,117,119,-1,117,120,119,-1,119,120,121,-1,119,121,122,-1,123,124,125,-1,110,29,126,-1,126,29,127,-1,126,127,128,-1,128,127,24,-1,128,24,129,-1,130,131,132,-1,132,131,122,-1,132,122,133,-1,133,122,121,-1,134,135,131,-1,131,135,136,-1,131,136,122,-1,137,138,139,-1,139,138,140,-1,139,140,141,-1,141,140,142,-1,141,142,143,-1,130,143,131,-1,131,143,142,-1,131,142,144,-1,145,146,125,-1,146,147,125,-1,125,147,148,-1,125,148,123,-1,149,150,151,-1,151,150,152,-1,151,152,134,-1,134,152,153,-1,134,153,135,-1,154,155,156,-1,151,156,149,-1,149,156,155,-1,149,155,157,-1,158,159,160,-1,161,162,163,-1,163,162,164,-1,163,164,165,-1,142,145,144,-1,144,145,125,-1,144,125,166,-1,166,125,162,-1,166,162,167,-1,167,162,161,-1,167,161,159,-1,159,161,157,-1,159,157,160,-1,160,157,155,-1,168,169,170,-1,157,171,149,-1,149,171,172,-1,149,172,173,-1,173,172,174,-1,173,174,170,-1,170,174,175,-1,170,175,168,-1,176,177,178,-1,178,177,179,-1,178,179,180,-1,169,181,170,-1,170,181,182,-1,170,182,183,-1,183,182,184,-1,184,185,183,-1,183,185,186,-1,183,186,176,-1,187,188,183,-1,183,188,189,-1,183,189,170,-1,190,191,179,-1,180,179,192,-1,192,179,191,-1,192,191,193,-1,194,195,196,-1,196,195,197,-1,196,197,198,-1,199,200,201,-1,201,200,202,-1,201,202,197,-1,197,202,203,-1,197,203,198,-1,204,205,199,-1,205,206,199,-1,199,206,207,-1,199,207,200,-1,208,209,210,-1,211,212,213,-1,213,212,214,-1,213,214,208,-1,215,216,217,-1,217,216,218,-1,217,218,211,-1,219,21,220,-1,220,21,221,-1,215,19,222,-1,222,19,21,-1,222,21,223,-1,223,21,219,-1,224,225,226,-1,226,225,227,-1,226,227,221,-1,221,227,228,-1,221,228,220,-1,224,226,229,-1,229,226,230,-1,229,230,231,-1,232,233,234,-1,234,233,235,-1,234,235,230,-1,230,235,236,-1,230,236,231,-1,232,234,237,-1,237,234,238,-1,237,238,239,-1,240,241,238,-1,238,241,242,-1,238,242,239,-1,243,244,240,-1,240,244,245,-1,240,245,241,-1,246,247,248,-1,248,247,249,-1,248,249,240,-1,240,249,250,-1,240,250,243,-1,251,246,252,-1,252,246,2,-1,251,253,246,-1,246,253,254,-1,246,254,247,-1,255,256,2,-1,2,256,257,-1,2,257,252,-1,258,255,259,-1,260,261,262,-1,262,263,260,-1,260,263,264,-1,260,264,259,-1,259,264,265,-1,259,265,258,-1,266,267,268,-1,17,269,18,-1,18,269,270,-1,18,270,268,-1,268,270,271,-1,268,271,266,-1,272,273,274,-1,275,276,277,-1,277,276,278,-1,277,278,274,-1,274,278,279,-1,274,279,272,-1,280,275,281,-1,280,281,282,-1,14,283,15,-1,15,283,284,-1,15,284,281,-1,281,284,285,-1,281,285,282,-1,13,286,287,-1,287,286,288,-1,288,286,289,-1,289,286,290,-1,289,290,291,-1,292,293,294,-1,294,293,295,-1,294,295,296,-1,296,295,297,-1,296,297,298,-1,299,300,301,-1,301,300,292,-1,302,303,304,-1,304,303,36,-1,304,36,305,-1,305,36,38,-1,186,306,176,-1,176,306,307,-1,176,307,177,-1,177,307,308,-1,177,308,309,-1,309,310,177,-1,177,310,311,-1,177,311,312,-1,156,313,154,-1,154,313,314,-1,154,314,315,-1,160,316,158,-1,158,316,317,-1,158,317,318,-1,319,320,321,-1,319,322,323,-1,323,324,319,-1,319,324,325,-1,319,325,320,-1,326,322,327,-1,327,322,319,-1,327,319,328,-1,328,319,321,-1,329,330,139,-1,329,139,331,-1,326,327,139,-1,139,327,332,-1,139,332,331,-1,330,333,139,-1,139,333,334,-1,139,334,137,-1,335,336,337,-1,338,339,210,-1,208,210,213,-1,213,210,339,-1,213,339,340,-1,341,342,31,-1,31,342,32,-1,32,342,343,-1,32,343,39,-1,39,343,344,-1,39,344,46,-1,345,346,347,-1,347,346,348,-1,348,349,347,-1,347,349,35,-1,347,35,36,-1,36,35,34,-1,36,34,37,-1,348,350,349,-1,349,350,341,-1,349,341,35,-1,35,341,31,-1,35,31,33,-1,33,31,30,-1,351,352,353,-1,353,352,354,-1,353,354,355,-1,354,356,355,-1,355,356,357,-1,355,357,358,-1,358,357,359,-1,358,359,360,-1,361,50,362,-1,362,50,363,-1,362,363,364,-1,365,364,344,-1,344,364,363,-1,344,363,46,-1,46,363,50,-1,46,50,44,-1,44,50,49,-1,350,351,341,-1,341,351,353,-1,341,353,342,-1,342,353,355,-1,342,355,343,-1,343,355,358,-1,343,358,344,-1,344,358,360,-1,344,360,365,-1,366,71,367,-1,367,71,68,-1,367,68,368,-1,368,68,65,-1,368,65,369,-1,10,370,12,-1,12,370,371,-1,12,371,65,-1,65,371,372,-1,65,372,369,-1,361,373,50,-1,50,373,374,-1,50,374,52,-1,52,374,375,-1,52,375,55,-1,55,375,376,-1,55,376,11,-1,11,376,377,-1,11,377,9,-1,83,5,90,-1,90,5,4,-1,90,4,378,-1,92,88,99,-1,99,88,379,-1,99,379,380,-1,378,381,90,-1,90,381,382,-1,90,382,88,-1,88,382,383,-1,88,383,379,-1,384,101,97,-1,97,101,103,-1,97,103,95,-1,385,386,26,-1,26,386,125,-1,26,125,24,-1,24,125,124,-1,24,124,129,-1,384,387,101,-1,101,387,388,-1,101,388,26,-1,26,388,389,-1,26,389,385,-1,380,390,99,-1,99,390,391,-1,99,391,97,-1,97,391,392,-1,97,392,384,-1,162,393,394,-1,162,394,164,-1,164,394,395,-1,164,395,396,-1,396,397,164,-1,164,397,177,-1,164,177,165,-1,165,177,312,-1,398,399,195,-1,7,398,8,-1,8,398,195,-1,8,195,22,-1,22,195,194,-1,399,400,195,-1,195,400,401,-1,195,401,197,-1,197,401,402,-1,197,402,201,-1,201,402,403,-1,201,403,404,-1,397,405,177,-1,177,405,406,-1,177,406,179,-1,179,406,407,-1,179,407,408,-1,408,6,179,-1,179,6,8,-1,179,8,190,-1,190,8,23,-1,190,23,409,-1,409,23,410,-1,409,410,187,-1,187,410,411,-1,187,411,188,-1,386,412,125,-1,125,412,413,-1,125,413,162,-1,162,413,414,-1,162,414,393,-1,366,415,71,-1,71,415,416,-1,71,416,78,-1,78,416,417,-1,78,417,5,-1,5,417,418,-1,5,418,3,-1,419,336,420,-1,420,336,335,-1,420,335,421,-1,421,335,422,-1,423,424,338,-1,419,423,336,-1,336,423,338,-1,336,338,337,-1,337,338,210,-1,340,425,426,-1,211,213,217,-1,217,213,340,-1,217,340,427,-1,427,340,426,-1,427,426,428,-1,215,217,19,-1,19,217,427,-1,19,427,20,-1,20,427,428,-1,20,428,429,-1,424,430,338,-1,338,430,431,-1,338,431,339,-1,339,431,432,-1,339,432,340,-1,340,432,433,-1,340,433,425,-1,434,230,435,-1,435,230,226,-1,435,226,436,-1,436,226,221,-1,436,221,437,-1,438,248,439,-1,439,248,240,-1,439,240,440,-1,440,240,238,-1,440,238,441,-1,434,442,230,-1,230,442,443,-1,230,443,234,-1,234,443,444,-1,234,444,238,-1,238,444,445,-1,238,445,441,-1,429,446,20,-1,20,446,447,-1,20,447,21,-1,21,447,448,-1,21,448,221,-1,221,448,449,-1,221,449,437,-1,255,2,259,-1,259,2,1,-1,259,1,450,-1,451,268,260,-1,260,268,267,-1,260,267,261,-1,450,452,259,-1,259,452,453,-1,259,453,260,-1,260,453,454,-1,260,454,451,-1,455,456,18,-1,18,456,274,-1,18,274,16,-1,16,274,273,-1,275,277,281,-1,281,277,457,-1,281,457,458,-1,456,459,274,-1,274,459,460,-1,274,460,277,-1,277,460,461,-1,277,461,457,-1,451,462,268,-1,268,462,463,-1,268,463,18,-1,18,463,464,-1,18,464,455,-1,13,15,286,-1,286,15,465,-1,286,465,466,-1,467,296,290,-1,290,296,298,-1,290,298,291,-1,466,468,286,-1,286,468,469,-1,286,469,290,-1,290,469,470,-1,290,470,467,-1,294,471,472,-1,292,294,301,-1,301,294,472,-1,301,472,473,-1,473,474,301,-1,301,474,475,-1,301,475,299,-1,299,475,476,-1,467,477,296,-1,296,477,478,-1,296,478,294,-1,294,478,479,-1,294,479,471,-1,458,480,281,-1,281,480,481,-1,281,481,15,-1,15,481,482,-1,15,482,465,-1,438,483,248,-1,248,483,484,-1,248,484,246,-1,246,484,485,-1,246,485,2,-1,2,485,486,-1,2,486,0,-1,404,422,201,-1,201,422,335,-1,201,335,199,-1,199,335,337,-1,199,337,204,-1,204,337,210,-1,204,210,487,-1,487,210,209,-1,474,488,475,-1,475,488,489,-1,475,489,490,-1,490,489,491,-1,490,491,492,-1,302,476,303,-1,303,476,475,-1,303,475,36,-1,36,475,490,-1,36,490,347,-1,347,490,492,-1,347,492,345,-1,
        ]
    }
}
Shape{
    appearance Appearance {
        material  Material 	{
            diffuseColor 0.0 0.1843137254901961 0.16862745098039217
            specularColor 0.0 0.09411764705882353 0.08627450980392157
            ambientIntensity 0.2
            transparency 0
            shininess 0.5
        }
    }
    geometry IndexedFaceSet {
        ccw TRUE
        solid FALSE
        coord DEF co Coordinate {
            point [
                0.4109 -0.0891 -3.1496, 0.3185 -0.2274 -3.1496, 0.3909 -0.063 -3.1496, 0.3783 -0.0326 -3.1496, 0.374 0.0 -3.1496, 0.3185 0.2275 -3.1496, 0.3783 0.0326 -3.1496, 0.4674 -0.1217 -3.1496, 0.4072 -0.206 -3.1496, 0.437 -0.1091 -3.1496, 0.3785 -0.2131 -3.1496, 0.3312 -0.2248 -3.1496, 0.437 0.1091 -3.1496, 0.4109 0.0891 -3.1496, 0.3909 0.063 -3.1496, 0.5614 -0.1436 -3.1496, 0.5326 -0.1217 -3.1496, 0.563 -0.1091 -3.1496, 0.5891 -0.0891 -3.1496, 0.5952 -0.1223 -3.1496, 0.5759 -0.1357 -3.1496, 0.6388 -0.0857 -3.1496, 0.6091 -0.063 -3.1496, 0.6463 -0.0761 -3.1496, 0.6217 -0.0326 -3.1496, 0.6765 0.0127 -3.1496, 0.6766 -0.0 -3.1496, 0.626 0.0 -3.1496, 0.6766 -0.0121 -3.1496, 0.6764 -0.0132 -3.1496, 0.6576 0.0618 -3.1496, 0.6629 0.0516 -3.1496, 0.6217 0.0326 -3.1496, 0.67 0.0378 -3.1496, 0.6731 0.0261 -3.1496, 0.636 -0.0883 -3.1496, 0.6236 -0.0997 -3.1496, 0.6117 -0.1107 -3.1496, 0.663 -0.0516 -3.1496, 0.658 -0.0612 -3.1496, 0.6558 -0.0642 -3.1496, 0.6732 -0.0262 -3.1496, 0.6706 -0.0366 -3.1496, 0.6693 -0.0391 -3.1496, 0.636 0.0883 -3.1496, 0.6384 0.0861 -3.1496, 0.6091 0.063 -3.1496, 0.6463 0.0761 -3.1496, 0.6557 0.0641 -3.1496, 0.563 0.1091 -3.1496, 0.5326 0.1217 -3.1496, 0.5614 0.1436 -3.1496, 0.5 0.126 -3.1496, 0.5225 0.1637 -3.1496, 0.5303 0.1604 -3.1496, 0.5307 -0.1602 -3.1496, 0.5225 -0.1636 -3.1496, 0.5 -0.126 -3.1496, 0.4788 -0.1821 -3.1496, 0.4743 -0.184 -3.1496, 0.5755 0.136 -3.1496, 0.5952 0.1222 -3.1496, 0.5891 0.0891 -3.1496, 0.6113 0.111 -3.1496, 0.6236 0.0997 -3.1496, 0.3785 0.2131 -3.1496, 0.4005 0.2079 -3.1496, 0.4674 0.1217 -3.1496, 0.4741 0.184 -3.1496, 0.4788 0.1821 -3.1496, -0.437 -0.1091 -3.1496, -0.4109 -0.0891 -3.1496, -0.3185 -0.2274 -3.1496, -0.3909 -0.063 -3.1496, -0.3785 -0.2131 -3.1496, -0.4005 -0.2079 -3.1496, -0.4674 -0.1217 -3.1496, -0.4741 -0.184 -3.1496, -0.5 -0.126 -3.1496, -0.6236 -0.0997 -3.1496, -0.6091 -0.063 -3.1496, -0.5891 -0.0891 -3.1496, -0.4788 -0.1821 -3.1496, -0.5225 -0.1637 -3.1496, -0.5326 -0.1217 -3.1496, -0.3909 0.063 -3.1496, -0.4109 0.0891 -3.1496, -0.3185 0.2275 -3.1496, -0.6765 -0.0128 -3.1496, -0.6766 0.0 -3.1496, -0.626 0.0 -3.1496, -0.6766 0.0121 -3.1496, -0.6763 0.0132 -3.1496, -0.6578 -0.0617 -3.1496, -0.663 -0.0516 -3.1496, -0.6217 -0.0326 -3.1496, -0.67 -0.038 -3.1496, -0.6731 -0.0261 -3.1496, -0.563 -0.1091 -3.1496, -0.5952 -0.1222 -3.1496, -0.6113 -0.111 -3.1496, -0.3783 -0.0326 -3.1496, -0.374 0.0 -3.1496, -0.3783 0.0326 -3.1496, -0.6386 -0.0859 -3.1496, -0.6463 -0.0762 -3.1496, -0.6558 -0.0642 -3.1496, -0.5303 -0.1604 -3.1496, -0.5614 -0.1436 -3.1496, -0.5755 -0.136 -3.1496, -0.4674 0.1217 -3.1496, -0.4068 0.2061 -3.1496, -0.437 0.1091 -3.1496, -0.3785 0.2131 -3.1496, -0.3307 0.2249 -3.1496, -0.5614 0.1436 -3.1496, -0.5326 0.1217 -3.1496, -0.563 0.1091 -3.1496, -0.6731 0.0261 -3.1496, -0.6705 0.0364 -3.1496, -0.6217 0.0326 -3.1496, -0.6692 0.0391 -3.1496, -0.6629 0.0515 -3.1496, -0.6463 0.0761 -3.1496, -0.6091 0.063 -3.1496, -0.5303 0.1603 -3.1496, -0.5225 0.1636 -3.1496, -0.5 0.126 -3.1496, -0.4788 0.182 -3.1496, -0.4739 0.1841 -3.1496, -0.5891 0.0891 -3.1496, -0.5952 0.1223 -3.1496, -0.5757 0.1359 -3.1496, -0.6385 0.086 -3.1496, -0.6236 0.0997 -3.1496, -0.6114 0.1109 -3.1496, -0.6578 0.0615 -3.1496, -0.6557 0.0641 -3.1496, -0.6557 0.0641 -3.1496
            ]
        }
        coordIndex [
            0,1,2,-1,2,1,3,-1,3,1,4,-1,4,1,5,-1,4,5,6,-1,7,8,9,-1,9,8,10,-1,9,10,0,-1,0,10,11,-1,0,11,1,-1,12,13,5,-1,5,13,14,-1,5,14,6,-1,15,16,17,-1,18,19,17,-1,17,19,20,-1,17,20,15,-1,21,22,23,-1,23,22,24,-1,25,26,27,-1,27,26,28,-1,27,28,29,-1,30,31,32,-1,32,31,33,-1,32,33,27,-1,27,33,34,-1,27,34,25,-1,21,35,22,-1,22,35,36,-1,22,36,18,-1,18,36,37,-1,18,37,19,-1,38,39,24,-1,24,39,40,-1,24,40,23,-1,29,41,27,-1,27,41,42,-1,27,42,24,-1,24,42,43,-1,24,43,38,-1,44,45,46,-1,46,45,47,-1,46,47,32,-1,32,47,48,-1,32,48,30,-1,49,50,51,-1,52,53,50,-1,50,53,54,-1,50,54,51,-1,15,55,16,-1,16,55,56,-1,16,56,57,-1,57,56,58,-1,57,58,7,-1,7,58,59,-1,7,59,8,-1,51,60,49,-1,49,60,61,-1,49,61,62,-1,62,61,63,-1,62,63,46,-1,46,63,64,-1,46,64,44,-1,5,65,12,-1,12,65,66,-1,12,66,67,-1,67,66,68,-1,67,68,52,-1,52,68,69,-1,52,69,53,-1,70,71,72,-1,72,71,73,-1,72,74,70,-1,70,74,75,-1,70,75,76,-1,76,75,77,-1,76,77,78,-1,79,80,81,-1,77,82,78,-1,78,82,83,-1,78,83,84,-1,85,86,87,-1,88,89,90,-1,90,89,91,-1,90,91,92,-1,93,94,95,-1,95,94,96,-1,95,96,90,-1,90,96,97,-1,90,97,88,-1,98,99,81,-1,81,99,100,-1,81,100,79,-1,73,101,72,-1,72,101,102,-1,72,102,87,-1,87,102,103,-1,87,103,85,-1,79,104,80,-1,80,104,105,-1,80,105,95,-1,95,105,106,-1,95,106,93,-1,83,107,84,-1,84,107,108,-1,84,108,98,-1,98,108,109,-1,98,109,99,-1,110,111,112,-1,112,111,113,-1,112,113,86,-1,86,113,114,-1,86,114,87,-1,115,116,117,-1,92,118,90,-1,90,118,119,-1,90,119,120,-1,120,119,121,-1,120,121,122,-1,123,124,120,-1,115,125,116,-1,116,125,126,-1,116,126,127,-1,127,126,128,-1,127,128,110,-1,110,128,129,-1,110,129,111,-1,130,131,117,-1,117,131,132,-1,117,132,115,-1,123,133,124,-1,124,133,134,-1,124,134,130,-1,130,134,135,-1,130,135,131,-1,122,136,120,-1,120,136,137,-1,120,137,123,-1,
        ]
    }
}
Shape{
    appearance Appearance {
        material  Material 	{
            diffuseColor 0.8509803921568627 0.8509803921568627 0.8509803921568627
            specularColor 0.4235294117647059 0.4235294117647059 0.4235294117647059
            ambientIntensity 0.2
            transparency 0
            shininess 0.5
        }
    }
    geometry IndexedFaceSet {
        ccw TRUE
        solid FALSE
        coord DEF co Coordinate {
            point [
                -0.4895 -0.3879 -0.9843, -0.485 -0.3912 -0.9844, -0.4851 -0.3914 -0.5512, 0.3702 0.4649 -0.9847, 0.3698 0.4651 -0.9847, 0.3698 0.4651 -0.5512, -0.6304 -0.2225 -0.9852, -0.6258 -0.2272 -0.5512, -0.636 -0.212 -0.5512, -0.5715 -0.3076 -0.9847, -0.5716 -0.3077 -0.5512, -0.5926 -0.2812 -0.9843, -0.5813 -0.2933 -0.5512, -0.6035 -0.2659 -0.9845, -0.6262 -0.2292 -0.9851, -0.6699 -0.1281 -0.9851, -0.6687 -0.1327 -0.985, -0.6756 -0.1081 -0.5512, -0.6567 -0.1653 -0.9845, -0.6578 -0.1548 -0.5512, -0.6521 -0.178 -0.9844, -0.6419 -0.1988 -0.9848, -0.6356 -0.2118 -0.985, -0.6868 -0.0416 -0.9852, -0.6792 -0.0788 -0.5512, -0.6874 -0.0368 -0.9851, -0.689 0.0 -0.5512, -0.6808 -0.0849 -0.9859, -0.6803 -0.0868 -0.9859, -0.6749 -0.1079 -0.9855, -0.6731 0.1178 -0.9853, -0.6792 0.0893 -0.985, -0.6798 0.0895 -0.5512, -0.6835 0.0692 -0.9848, -0.6809 0.0794 -0.5512, -0.6843 0.0617 -0.9847, -0.6885 0.0195 -0.9843, -0.6888 0.0111 -0.9843, -0.6887 0.0077 -0.9843, -0.6885 0.0 -0.9844, -0.6447 0.1944 -0.5512, -0.6445 0.1943 -0.9848, -0.6468 0.1899 -0.9849, -0.6578 0.1553 -0.5512, -0.651 0.18 -0.985, -0.6573 0.1652 -0.9852, -0.6725 0.1195 -0.9853, -0.6221 0.237 -0.9843, -0.6246 0.227 -0.5512, -0.6183 0.2425 -0.9843, -0.5845 0.2918 -0.5512, -0.5922 0.2817 -0.9841, -0.5056 0.3745 -0.9842, -0.5132 0.3672 -0.9842, -0.5016 0.3778 -0.5512, -0.5269 0.3516 -0.5512, -0.5482 0.3338 -0.9842, -0.5821 0.2943 -0.5512, -0.5573 0.324 -0.9841, -0.5725 0.3056 -0.9841, -0.5841 0.2915 -0.9841, -0.4008 0.4481 -0.5512, -0.439 0.424 -0.9839, -0.4663 0.4025 -0.5512, -0.4586 0.4113 -0.9839, -0.5015 0.3777 -0.9842, -0.3189 0.4886 -0.9841, -0.3297 0.484 -0.5512, -0.2812 0.5027 -0.5512, -0.3512 0.4734 -0.9841, -0.3782 0.4607 -0.9842, -0.3992 0.4492 -0.5512, -0.3991 0.4491 -0.984, -0.4077 0.4443 -0.9839, -0.2056 0.5261 -0.5512, -0.2549 0.512 -0.9839, -0.2676 0.5079 -0.5512, -0.2571 0.5114 -0.9838, -0.2811 0.5025 -0.984, -0.0608 0.5484 -0.9842, -0.0806 0.5474 -0.5512, -0.0177 0.5508 -0.5512, -0.1036 0.5449 -0.9842, -0.1271 0.5417 -0.9842, -0.1417 0.5394 -0.5512, -0.1524 0.5369 -0.9842, -0.1524 0.5372 -0.5512, -0.1567 0.5361 -0.9842, -0.193 0.5291 -0.9841, 0.0533 0.5495 -0.5512, 0.1177 0.543 -0.5512, 0.1001 0.5453 -0.9847, 0.0327 0.5506 -0.9843, 0.0304 0.5506 -0.9842, -0.0136 0.5511 -0.5512, -0.0178 0.5505 -0.9842, -0.0353 0.5505 -0.9842, 0.1662 0.5349 -0.5512, 0.1596 0.5362 -0.985, 0.1203 0.5427 -0.5512, 0.1176 0.5426 -0.9848, 0.1146 0.5431 -0.9848, 0.3294 0.4841 -0.5512, 0.3425 0.4783 -0.9844, 0.3216 0.4868 -0.9844, 0.2901 0.4999 -0.5512, 0.2838 0.5023 -0.9844, 0.2605 0.5096 -0.9845, 0.2484 0.5135 -0.5512, 0.2484 0.5135 -0.9846, 0.2281 0.5201 -0.5512, 0.2228 0.5216 -0.9848, 0.1913 0.5289 -0.9849, 0.4671 0.404 -0.5512, 0.4617 0.4087 -0.9847, 0.422 0.4357 -0.9851, 0.3995 0.4464 -0.5512, 0.4215 0.436 -0.9851, 0.375 0.4621 -0.9847, 0.5607 0.3203 -0.9849, 0.5516 0.3296 -0.9848, 0.5649 0.3155 -0.5512, 0.5267 0.3513 -0.5512, 0.5263 0.3554 -0.9846, 0.5227 0.3591 -0.9845, 0.5145 0.3666 -0.9844, 0.4963 0.3815 -0.9845, 0.4766 0.398 -0.5512, 0.4764 0.3978 -0.9846, 0.4702 0.4029 -0.9846, 0.6231 0.2351 -0.9852, 0.6092 0.2563 -0.9847, 0.6263 0.2279 -0.5512, 0.5805 0.2932 -0.5512, 0.5944 0.2787 -0.9843, 0.5925 0.2811 -0.9843, 0.5647 0.3153 -0.9848, 0.6579 0.155 -0.5512, 0.6732 0.1174 -0.5512, 0.6695 0.128 -0.985, 0.6466 0.1902 -0.9846, 0.6313 0.2207 -0.5512, 0.6566 0.1653 -0.9846, 0.6649 0.1444 -0.9846, 0.6421 0.1989 -0.9847, 0.6308 0.2205 -0.985, 0.6262 0.2293 -0.9851, 0.6862 0.0491 -0.9854, 0.6799 0.0868 -0.9857, 0.6788 0.0788 -0.5512, 0.6781 0.0977 -0.9858, 0.6726 0.1172 -0.9853, 0.6848 -0.0607 -0.9847, 0.6864 -0.0477 -0.9845, 0.6798 -0.0794 -0.5512, 0.6885 -0.0077 -0.9843, 0.6879 -0.0001 -0.5512, 0.689 0.0005 -0.9843, 0.6889 0.0095 -0.5512, 0.6885 0.0094 -0.9845, 0.6867 0.0416 -0.9852, 0.6722 -0.1194 -0.9853, 0.675 -0.1103 -0.9853, 0.6778 -0.0988 -0.5512, 0.6773 -0.0987 -0.9851, 0.6846 -0.0617 -0.9847, 0.6599 -0.1584 -0.9853, 0.6576 -0.1554 -0.5512, 0.6505 -0.1798 -0.985, 0.6404 -0.2032 -0.5512, 0.6403 -0.2032 -0.9847, 0.5816 -0.2944 -0.5512, 0.6183 -0.2425 -0.9843, 0.6249 -0.2274 -0.5512, 0.6229 -0.2356 -0.9843, 0.6395 -0.2052 -0.9846, 0.4934 -0.3847 -0.5512, 0.4931 -0.3843 -0.9841, 0.5036 -0.3762 -0.9842, 0.5264 -0.3516 -0.5512, 0.5573 -0.3241 -0.9841, 0.5782 -0.2998 -0.5512, 0.5172 -0.3641 -0.9843, 0.5134 -0.3675 -0.9842, 0.5725 -0.3056 -0.9841, 0.5776 -0.2994 -0.9841, 0.5925 -0.2812 -0.9842, 0.4554 -0.4136 -0.9838, 0.4661 -0.4031 -0.5512, 0.4391 -0.424 -0.9839, 0.3998 -0.4477 -0.5512, 0.4034 -0.4468 -0.984, 0.3893 -0.4542 -0.984, 0.3895 -0.4546 -0.5512, 0.3514 -0.4739 -0.9842, 0.3291 -0.4842 -0.5512, 0.3478 -0.4758 -0.9842, 0.3078 -0.4931 -0.984, 0.2878 -0.5008 -0.5512, 0.2703 -0.5063 -0.9839, 0.2704 -0.5068 -0.5512, 0.2548 -0.5117 -0.9839, 0.2556 -0.5118 -0.5512, 0.2446 -0.5153 -0.9839, 0.1796 -0.5321 -0.9842, 0.1918 -0.5294 -0.5512, 0.1568 -0.5361 -0.9842, 0.1409 -0.5391 -0.5512, 0.1408 -0.5389 -0.9842, 0.1282 -0.5416 -0.5512, 0.1132 -0.5437 -0.9842, 0.0644 -0.5488 -0.5512, 0.0608 -0.5486 -0.9842, -0.0466 -0.5499 -0.5512, -0.1133 -0.5437 -0.5512, -0.1053 -0.5447 -0.9847, -0.0384 -0.5503 -0.9843, -0.0304 -0.5504 -0.9843, -0.0 -0.5512 -0.5512, 0.0059 -0.5506 -0.9842, 0.0059 -0.551 -0.5512, 0.0295 -0.5507 -0.9842, 0.0454 -0.55 -0.9842, -0.1787 -0.5323 -0.5512, -0.1713 -0.5339 -0.985, -0.1292 -0.5409 -0.5512, -0.1292 -0.5408 -0.9848, -0.1146 -0.5432 -0.9848, -0.3301 -0.4838 -0.5512, -0.3797 -0.4599 -0.5512, -0.3749 -0.4618 -0.9848, -0.3369 -0.4808 -0.9843, -0.3217 -0.4869 -0.9843, -0.2762 -0.5049 -0.5512, -0.2793 -0.5039 -0.9844, -0.2605 -0.5097 -0.9845, -0.2595 -0.5104 -0.5512, -0.2594 -0.51 -0.9846, -0.2435 -0.5156 -0.5512, -0.2189 -0.5226 -0.9848, -0.1914 -0.5291 -0.9849, -0.4672 -0.4031 -0.5512, -0.4003 -0.4466 -0.5512, -0.3916 -0.4535 -0.985, -0.3795 -0.4595 -0.9848, -0.4615 -0.4085 -0.9847, -0.4439 -0.4216 -0.985, -0.4212 -0.4354 -0.985, -0.5269 -0.3509 -0.5512, -0.5263 -0.3554 -0.9846, -0.4965 -0.3817 -0.9844, -0.5689 -0.3109 -0.9848, -0.5515 -0.3294 -0.9847, -0.5312 -0.351 -0.9847, 0.529 0.2939 -1.5748, 0.5433 0.2774 -1.5748, 0.5111 0.2557 -1.9685, 0.5646 0.2527 -1.5748, 0.5392 0.2175 -1.9685, 0.5688 0.1661 -1.9685, 0.5534 0.1983 -1.9685, 0.5776 0.2309 -1.5748, 0.5772 0.2315 -1.5748, 0.5428 0.2126 -1.9685, 0.6441 -0.0522 -1.5748, 0.6074 -0.0401 -1.9685, 0.6453 -0.0407 -1.5748, 0.6084 -0.0352 -1.9685, 0.6496 0.0 -1.5748, 0.608 0.0129 -1.9685, 0.6064 0.1822 -1.5748, 0.6089 0.1781 -1.5748, 0.5738 0.1554 -1.9685, 0.6138 0.1639 -1.5748, 0.5881 0.1255 -1.9685, 0.6261 0.1287 -1.5748, 0.59 0.1175 -1.9685, 0.6385 0.093 -1.5748, 0.5965 0.09 -1.9685, 0.6391 0.0913 -1.5748, 0.6022 0.0655 -1.9685, 0.6414 0.0736 -1.5748, 0.6078 0.0421 -1.9685, 0.6483 0.0203 -1.5748, 0.6079 0.0233 -1.9685, 0.6488 0.0164 -1.5748, 0.6495 0.011 -1.5748, 0.5918 -0.1139 -1.9685, 0.5964 -0.0924 -1.9685, 0.6066 -0.0441 -1.9685, 0.6407 -0.0845 -1.5748, 0.6367 -0.0967 -1.5748, 0.5911 -0.1155 -1.9685, 0.6268 -0.1276 -1.5748, 0.5791 -0.1428 -1.9685, 0.4879 -0.3351 -1.5748, 0.4444 -0.3725 -1.5748, 0.4119 -0.3453 -1.9685, 0.6192 -0.1511 -1.5748, 0.6145 -0.1655 -1.5748, 0.5605 -0.185 -1.9685, 0.5945 -0.2016 -1.5748, 0.5584 -0.1897 -1.9685, 0.5942 -0.2022 -1.5748, 0.5571 -0.1916 -1.9685, 0.5721 -0.2421 -1.5748, 0.5264 -0.2352 -1.9685, 0.5648 -0.2509 -1.5748, 0.5203 -0.2438 -1.9685, 0.5531 -0.2652 -1.5748, 0.5093 -0.2594 -1.9685, 0.5285 -0.295 -1.5748, 0.4924 -0.276 -1.9685, 0.5142 -0.3123 -1.5748, 0.4689 -0.2992 -1.9685, 0.4989 -0.3255 -1.5748, 0.4544 -0.3135 -1.9685, 0.4459 -0.3218 -1.9685, 0.2342 -0.4342 -1.9685, 0.27 -0.4235 -1.9685, 0.2949 -0.4552 -1.5748, 0.2725 -0.4223 -1.9685, 0.3067 -0.4512 -1.5748, 0.3207 -0.3994 -1.9685, 0.343 -0.4324 -1.5748, 0.3237 -0.398 -1.9685, 0.3463 -0.4307 -1.5748, 0.3627 -0.3794 -1.9685, 0.397 -0.4044 -1.5748, 0.3683 -0.3756 -1.9685, 0.4016 -0.402 -1.5748, 0.4042 -0.3507 -1.9685, 0.4303 -0.3827 -1.5748, 0.4411 -0.3754 -1.5748, 0.2474 -0.4712 -1.5748, 0.2408 -0.4734 -1.5748, 0.2215 -0.438 -1.9685, 0.2017 -0.4866 -1.5748, 0.1752 -0.4519 -1.9685, 0.1179 -0.4615 -1.9685, 0.1656 -0.4547 -1.9685, 0.1843 -0.4898 -1.5748, 0.1862 -0.4894 -1.5748, 0.1705 -0.4533 -1.9685, 0.13 -0.4996 -1.5748, 0.088 -0.5071 -1.5748, 0.0752 -0.4676 -1.9685, 0.0773 -0.5075 -1.5748, 0.0652 -0.469 -1.9685, 0.0736 -0.5076 -1.5748, 0.0537 -0.4706 -1.9685, 0.0166 -0.5095 -1.5748, -0.0248 -0.4709 -1.9685, -0.03 -0.511 -1.5748, -0.034 -0.5111 -1.5748, -0.0411 -0.4709 -1.9685, -0.0402 -0.5104 -1.5748, -0.0484 -0.4709 -1.9685, -0.0967 -0.5038 -1.5748, -0.1227 -0.4605 -1.9685, -0.1346 -0.4994 -1.5748, -0.1466 -0.4572 -1.9685, -0.1532 -0.4972 -1.5748, -0.1664 -0.4544 -1.9685, -0.1553 -0.497 -1.5748, -0.2081 -0.4824 -1.5748, -0.2149 -0.4395 -1.9685, -0.2336 -0.4753 -1.5748, -0.2486 -0.4292 -1.9685, -0.263 -0.4672 -1.5748, -0.2787 -0.4199 -1.9685, -0.2717 -0.4648 -1.5748, -0.3151 -0.4453 -1.5748, -0.3004 -0.4093 -1.9685, -0.3241 -0.4413 -1.5748, -0.3461 -0.3869 -1.9685, -0.368 -0.4216 -1.5748, -0.3704 -0.3749 -1.9685, -0.4044 -0.3977 -1.5748, -0.3773 -0.37 -1.9685, -0.4141 -0.3913 -1.5748, -0.4348 -0.3287 -1.9685, -0.4593 -0.3616 -1.5748, -0.4616 -0.3595 -1.5748, -0.4471 -0.3199 -1.9685, -0.4788 -0.3435 -1.5748, -0.454 -0.3149 -1.9685, -0.4747 -0.2937 -1.9685, -0.5035 -0.3204 -1.5748, -0.5288 -0.2969 -1.5748, -0.5021 -0.2655 -1.9685, -0.5377 -0.2852 -1.5748, -0.5119 -0.2554 -1.9685, -0.5425 -0.2789 -1.5748, -0.5166 -0.2506 -1.9685, -0.5426 -0.2119 -1.9685, -0.577 -0.2333 -1.5748, -0.5827 -0.2259 -1.5748, -0.5461 -0.2067 -1.9685, -0.5848 -0.2217 -1.5748, -0.5631 -0.1812 -1.9685, -0.6042 -0.1831 -1.5748, -0.5693 -0.1661 -1.9685, -0.6194 -0.1528 -1.5748, -0.5786 -0.1431 -1.9685, -0.6209 -0.1497 -1.5748, -0.5893 -0.1167 -1.9685, -0.6261 -0.1306 -1.5748, -0.5964 -0.0992 -1.9685, -0.6023 -0.0653 -1.9685, -0.6445 -0.063 -1.5748, -0.6094 -0.0239 -1.9685, -0.6469 -0.0191 -1.5748, -0.6099 -0.0123 -1.9685, -0.6001 -0.078 -1.9685, -0.6394 -0.0818 -1.5748, -0.6411 -0.0755 -1.5748, -0.5883 0.2128 -1.5748, -0.5552 0.1912 -1.9685, -0.5958 0.2006 -1.5748, -0.577 0.1529 -1.9685, -0.6099 -0.0108 -1.9685, -0.6473 -0.0104 -1.5748, -0.6102 -0.0027 -1.9685, -0.649 0.0213 -1.5748, -0.6056 0.0412 -1.9685, -0.6464 0.0376 -1.5748, -0.6039 0.0578 -1.9685, -0.6424 0.0624 -1.5748, -0.6019 0.0768 -1.9685, -0.6373 0.0942 -1.5748, -0.5965 0.0935 -1.9685, -0.6356 0.1046 -1.5748, -0.5851 0.1283 -1.9685, -0.6229 0.1383 -1.5748, -0.5799 0.1442 -1.9685, -0.6191 0.1485 -1.5748, -0.6053 0.1853 -1.5748, -0.4167 0.3924 -1.5748, -0.3968 0.3583 -1.9685, -0.4076 0.351 -1.9685, -0.4449 0.3701 -1.5748, -0.4124 0.347 -1.9685, -0.4843 0.3391 -1.5748, -0.4534 0.3131 -1.9685, -0.49 0.3346 -1.5748, -0.4535 0.313 -1.9685, -0.4977 0.3285 -1.5748, -0.479 0.2919 -1.9685, -0.5295 0.2932 -1.5748, -0.4919 0.2768 -1.9685, -0.5448 0.2762 -1.5748, -0.5102 0.2554 -1.9685, -0.5586 0.2609 -1.5748, -0.5267 0.2361 -1.9685, -0.5658 0.2493 -1.5748, -0.5355 0.2257 -1.9685, -0.552 0.1969 -1.9685, -0.3894 0.3624 -1.9685, -0.4158 0.3929 -1.5748, -0.3669 0.3748 -1.9685, -0.398 0.4027 -1.5748, -0.3204 0.4005 -1.9685, -0.3479 0.4304 -1.5748, -0.3067 0.4081 -1.9685, -0.3267 0.4422 -1.5748, -0.3059 0.4085 -1.9685, -0.3263 0.4424 -1.5748, -0.2717 0.4208 -1.9685, -0.2959 0.4537 -1.5748, -0.2216 0.4389 -1.9685, -0.242 0.4736 -1.5748, -0.2144 0.4415 -1.9685, -0.2275 0.479 -1.5748, -0.206 0.4445 -1.9685, -0.2232 0.4806 -1.5748, -0.17 0.4517 -1.9685, -0.0174 0.5107 -1.5748, -0.018 0.4702 -1.9685, -0.0745 0.5068 -1.5748, -0.0653 0.468 -1.9685, -0.1111 0.5043 -1.5748, -0.1868 0.4883 -1.5748, -0.1309 0.5001 -1.5748, -0.1181 0.4621 -1.9685, -0.1242 0.5015 -1.5748, -0.1178 0.4622 -1.9685, -0.096 0.4666 -1.9685, -0.0166 0.5108 -1.5748, -0.0011 0.5118 -1.5748, 0.0225 0.4721 -1.9685, 0.0398 0.5089 -1.5748, 0.0411 0.4702 -1.9685, 0.0898 0.5052 -1.5748, 0.0809 0.466 -1.9685, 0.0966 0.5047 -1.5748, 0.1197 0.5031 -1.5748, 0.1403 0.4597 -1.9685, 0.1524 0.4956 -1.5748, 0.1464 0.4581 -1.9685, 0.1911 0.4868 -1.5748, 0.1755 0.4503 -1.9685, 0.2623 0.4663 -1.5748, 0.2856 0.457 -1.5748, 0.2642 0.4248 -1.9685, 0.2541 0.4292 -1.9685, 0.2487 0.4307 -1.9685, 0.2377 0.4762 -1.5748, 0.2079 0.483 -1.5748, 0.3154 0.445 -1.5748, 0.3487 0.4317 -1.5748, 0.3449 0.3889 -1.9685, 0.3488 0.3871 -1.9685, 0.3717 0.418 -1.5748, 0.4184 0.3413 -1.9685, 0.416 0.3916 -1.5748, 0.5027 0.2671 -1.9685, 0.4933 0.2759 -1.9685, 0.5049 0.3217 -1.5748, 0.4742 0.2939 -1.9685, 0.4687 0.3515 -1.5748, 0.4367 0.3293 -1.9685, 0.4617 0.3573 -1.5748, 0.4366 0.3294 -1.9685, 0.4504 0.3665 -1.5748, 0.43 0.3833 -1.5748, 0.3669 0.4208 -1.5748, 0.3463 0.3882 -1.9685, -0.4165 -0.2494 -2.1666, -0.438 -0.0736 -2.3622, -0.4379 -0.074 -2.3622, -0.4796 -0.0457 -2.2656, -0.4006 -0.1526 -2.3622, -0.3957 -0.1597 -2.3622, -0.4386 -0.1615 -2.2656, 0.4054 0.1452 -2.3622, 0.3952 0.1594 -2.3622, 0.4386 0.1615 -2.2656, -0.4091 0.1382 -2.3621, -0.4142 0.1303 -2.3621, -0.4241 0.1754 -2.2656, -0.4449 0.0439 -2.3622, -0.4611 0.038 -2.3152, -0.4427 0.0528 -2.3622, -0.4533 0.0749 -2.3152, -0.4371 0.0753 -2.3622, -0.4451 0.0418 -2.3622, -0.4476 0.017 -2.3622, -0.464 0.0031 -2.3152, -0.4486 0.0072 -2.3622, -0.4487 0.0008 -2.3622, -0.4472 0.1366 -2.2656, -0.4318 0.0906 -2.3622, -0.4639 0.098 -2.2656, -0.4356 0.0812 -2.3622, -0.421 0.1173 -2.3621, -0.3634 0.1987 -2.3622, -0.3939 0.2139 -2.2656, -0.352 0.2099 -2.3623, -0.356 0.2508 -2.2656, -0.346 0.2157 -2.3623, -0.3664 0.1952 -2.3622, -0.3875 0.1703 -2.3622, -0.3914 0.1657 -2.3622, -0.3103 0.2446 -2.3623, -0.3103 0.2851 -2.2656, -0.3086 0.2459 -2.3623, -0.2571 0.3152 -2.2656, -0.267 0.2723 -2.3622, -0.3068 0.2471 -2.3623, -0.2288 0.2915 -2.3622, -0.2426 0.2846 -2.3622, -0.252 0.2799 -2.3622, -0.1655 0.3145 -2.3621, -0.1779 0.3111 -2.3621, -0.2066 0.3728 -2.1666, -0.1912 0.306 -2.3622, -0.2622 0.351 -2.1666, -0.0924 0.3989 -2.1666, -0.0671 0.3351 -2.3622, -0.0699 0.3348 -2.3622, -0.0809 0.3329 -2.3622, -0.1242 0.3257 -2.3621, -0.1495 0.3887 -2.1666, -0.1249 0.3256 -2.3621, -0.1288 0.3245 -2.3621, -0.0364 0.4039 -2.1666, -0.0078 0.3382 -2.3622, -0.0379 0.3377 -2.3622, 0.0096 0.3385 -2.3622, 0.0178 0.4043 -2.1666, 0.0184 0.3386 -2.3622, 0.0996 0.3298 -2.3622, 0.0979 0.3301 -2.3622, 0.0698 0.4006 -2.1666, 0.0739 0.3343 -2.3622, 0.0474 0.3364 -2.3622, 0.1833 0.3092 -2.3622, 0.1804 0.3103 -2.3622, 0.1658 0.3832 -2.1666, 0.1306 0.3243 -2.3622, 0.2584 0.2764 -2.3623, 0.252 0.2797 -2.3623, 0.2506 0.3552 -2.1666, 0.2275 0.2921 -2.3622, 0.1847 0.3087 -2.3622, 0.3249 0.3185 -2.1666, 0.2845 0.262 -2.3623, 0.272 0.2696 -2.3623, 0.3419 0.2186 -2.3623, 0.3238 0.2344 -2.3623, 0.3886 0.2744 -2.1666, 0.3219 0.2361 -2.3623, 0.3034 0.249 -2.3623, 0.4056 0.2067 -2.2656, 0.3707 0.1902 -2.3623, 0.3554 0.2068 -2.3623, 0.4228 0.1852 -2.2656, 0.3817 0.1781 -2.3622, 0.377 0.1832 -2.3622, 0.4164 0.1248 -2.3622, 0.4643 0.1079 -2.2656, 0.4184 0.1212 -2.3622, 0.4289 0.0989 -2.3622, 0.4277 0.1024 -2.3622, 0.4244 0.1099 -2.3621, 0.44 0.0665 -2.3622, 0.4375 0.0739 -2.3622, 0.4796 0.046 -2.2656, 0.4735 0.0779 -2.2656, 0.4628 0.0298 -2.3152, 0.4438 0.0463 -2.3622, 0.441 0.0611 -2.3622, 0.4481 0.0173 -2.3622, 0.4472 0.0274 -2.3622, 0.447 0.0296 -2.3622, 0.4481 0.0161 -2.3622, 0.464 -0.003 -2.3152, 0.4479 -0.0072 -2.3622, 0.4612 -0.038 -2.3152, 0.4479 -0.0171 -2.3622, 0.4533 -0.0748 -2.3152, 0.4446 -0.0417 -2.3622, 0.4479 -0.0205 -2.3622, 0.4473 -0.1365 -2.2656, 0.4318 -0.0906 -2.3622, 0.464 -0.0979 -2.2656, 0.4361 -0.0798 -2.3622, 0.4373 -0.0753 -2.3622, 0.4422 -0.0575 -2.3622, 0.4429 -0.0528 -2.3622, 0.3663 -0.1952 -2.3622, 0.3875 -0.1703 -2.3622, 0.394 -0.2138 -2.2656, 0.3897 -0.1677 -2.3622, 0.4242 -0.1753 -2.2656, 0.3911 -0.1661 -2.3622, 0.4012 -0.1518 -2.3622, 0.4089 -0.1382 -2.3621, 0.4137 -0.1299 -2.3621, 0.4213 -0.1166 -2.3621, 0.3287 -0.2306 -2.3623, 0.3562 -0.2507 -2.2656, 0.3102 -0.2445 -2.3623, 0.3104 -0.285 -2.2656, 0.3068 -0.2471 -2.3623, 0.3043 -0.249 -2.3623, 0.3396 -0.2207 -2.3623, 0.3517 -0.2096 -2.3622, 0.3623 -0.1999 -2.3622, 0.2775 -0.2655 -2.3622, 0.2572 -0.3152 -2.2656, 0.2611 -0.2756 -2.3622, 0.2143 -0.2978 -2.3622, 0.2425 -0.2844 -2.3622, 0.252 -0.2799 -2.3622, 0.1287 -0.324 -2.3621, 0.161 -0.3163 -2.3621, 0.2067 -0.3728 -2.1666, 0.1656 -0.3148 -2.3621, 0.1911 -0.3058 -2.3622, 0.2623 -0.351 -2.1666, 0.067 -0.3346 -2.3622, 0.0809 -0.3327 -2.3622, 0.0925 -0.3989 -2.1666, 0.1065 -0.3293 -2.3621, 0.1496 -0.3887 -2.1666, -0.0258 -0.3384 -2.3622, -0.0096 -0.3388 -2.3622, -0.0178 -0.4043 -2.1666, -0.006 -0.3389 -2.3622, 0.0364 -0.4039 -2.1666, 0.0078 -0.3384 -2.3622, 0.0507 -0.3368 -2.3622, -0.0996 -0.3299 -2.3622, -0.098 -0.3302 -2.3622, -0.0698 -0.4006 -2.1666, -0.0807 -0.3334 -2.3622, -0.0474 -0.3364 -2.3622, -0.1833 -0.3092 -2.3622, -0.134 -0.3235 -2.3622, -0.1659 -0.3832 -2.1666, -0.2507 -0.3552 -2.1666, -0.2083 -0.3002 -2.3622, -0.1858 -0.3085 -2.3622, -0.2585 -0.2767 -2.3623, -0.2529 -0.28 -2.3623, -0.2523 -0.2803 -2.3623, -0.3251 -0.3184 -2.1666, -0.2942 -0.2559 -2.3623, -0.342 -0.2188 -2.3623, -0.3358 -0.2248 -2.3623, -0.3887 -0.2742 -2.1666, -0.3235 -0.2339 -2.3623, -0.3034 -0.249 -2.3623, -0.3768 -0.183 -2.3622, -0.3708 -0.1903 -2.3622, -0.4057 -0.2065 -2.2656, -0.3669 -0.195 -2.3622, -0.3937 -0.1626 -2.3622, -0.4166 -0.125 -2.3622, -0.4643 -0.1078 -2.2656, -0.4187 -0.1214 -2.3621, -0.4735 -0.0777 -2.2656, -0.435 -0.0831 -2.3622, -0.4285 -0.0987 -2.3622, -0.4203 -0.1186 -2.3621, -0.4628 -0.0297 -2.3152, -0.444 -0.0463 -2.3622, -0.4408 -0.061 -2.3622, -0.4475 -0.0161 -2.3622, -0.4467 -0.0274 -2.3622, -0.446 -0.0367 -2.3622, 0.4163 0.2497 -2.1666, 0.4411 0.2232 -2.1666, -0.3599 0.2927 -2.1666, -0.3139 0.3239 -2.1666, -0.4343 0.2217 -2.1666, -0.4777 0.2306 -2.0675, -0.5063 0.1905 -2.0675, -0.4002 0.2584 -2.1666, -0.5592 0.0586 -2.0675, -0.5473 0.104 -2.0675, -0.4624 0.1836 -2.1666, -0.4851 0.1442 -2.1666, -0.5022 0.1041 -2.1666, -0.5296 0.1481 -2.0675, -0.514 0.0636 -2.1666, -0.5207 0.0233 -2.1666, -0.5223 -0.0166 -2.1666, -0.5109 -0.0937 -2.1666, -0.4986 -0.1296 -2.1666, -0.4826 -0.1632 -2.1666, -0.519 -0.0559 -2.1666, 0.3141 -0.3237 -2.1666, 0.3603 -0.2925 -2.1666, 0.4004 -0.2582 -2.1666, 0.4781 -0.2302 -2.0675, 0.4345 -0.2216 -2.1666, 0.5298 -0.1478 -2.0675, 0.5066 -0.1901 -2.0675, 0.5475 -0.1034 -2.0675, 0.5594 -0.0577 -2.0675, 0.519 0.0562 -2.1666, 0.5224 0.0173 -2.1666, 0.5208 -0.0227 -2.1666, 0.5141 -0.0632 -2.1666, 0.5024 -0.1038 -2.1666, 0.4853 -0.144 -2.1666, 0.4627 -0.1833 -2.1666, 0.5109 0.0939 -2.1666, 0.4986 0.1298 -2.1666, 0.4826 0.1633 -2.1666, 0.4632 0.1946 -2.1666, 0.4821 0.0123 -2.2656, 0.4807 -0.0231 -2.2656, 0.4749 -0.0599 -2.2656, -0.4821 -0.012 -2.2656, -0.4807 0.0233 -2.2656, -0.4748 0.06 -2.2656, -0.4413 -0.2229 -2.1666, -0.4633 -0.1944 -2.1666, -0.3293 -0.4826 -0.5118, -0.3281 -0.4808 -0.4949, -0.3992 -0.4457 -0.4921, -0.0992 0.0286 -0.0044, -0.0 0.0 -0.0, -0.0914 0.0548 -0.0052, -0.2157 0.1632 -0.0459, -0.1722 0.1319 -0.0278, -0.1578 0.1518 -0.0302, -0.2112 0.3101 -0.1219, -0.2308 0.3388 -0.1519, -0.271 0.3142 -0.1435, -0.1913 0.2809 -0.0972, -0.2064 0.303 -0.1159, -0.2407 0.281 -0.1084, -0.1319 0.1937 -0.042, -0.1528 0.2244 -0.0585, -0.1758 0.2081 -0.0534, -0.3989 0.4459 -0.4921, -0.2937 -0.4304 -0.2946, -0.2896 -0.4246 -0.2828, -0.3471 -0.3935 -0.2738, -0.5264 -0.3511 -0.4878, -0.2596 -0.3805 -0.2048, -0.253 -0.3708 -0.1919, -0.2993 -0.3439 -0.1828, -0.2766 -0.4054 -0.2451, -0.2726 -0.3995 -0.2355, -0.3247 -0.3704 -0.2263, -0.2369 -0.3472 -0.1616, -0.2309 -0.3385 -0.1521, -0.2713 -0.314 -0.1435, -0.4154 -0.2248 -0.1636, -0.4557 -0.2423 -0.2066, -0.4172 -0.2913 -0.2119, -0.6573 -0.155 -0.484, -0.6239 -0.2268 -0.4849, -0.2158 -0.1631 -0.0459, -0.197 -0.1875 -0.0493, -0.1579 -0.1517 -0.0302, -0.1019 0.0 -0.0041, -0.2084 0.0001 -0.0221, -0.2068 -0.0289 -0.0224, -0.0936 -0.1372 -0.0207, -0.0725 -0.1063 -0.0116, -0.0791 -0.0765 -0.0066, -0.0914 -0.0548 -0.0052, -0.1847 -0.1092 -0.0257, -0.1185 -0.1144 -0.016, -0.0693 -0.1015 -0.0108, -0.0628 -0.0921 -0.0092, -0.0517 -0.0758 -0.0064, -0.0393 -0.0576 -0.0032, -0.0197 -0.0289 -0.0016, -0.0992 -0.0286 -0.0044, -0.2022 -0.0572 -0.023, -0.2553 -0.071 -0.0393, -0.2454 -0.1044 -0.0409, -0.2321 -0.1352 -0.043, -0.3192 0.0001 -0.0588, -0.3165 -0.0426 -0.0592, -0.3087 -0.0841 -0.0604, -0.2961 -0.1235 -0.0624, -0.2091 -0.2456 -0.0784, -0.176 -0.2081 -0.0534, -0.2353 -0.2214 -0.0732, -0.2588 -0.1927 -0.0688, -0.2793 -0.1599 -0.0652, -0.2171 -0.3182 -0.1299, -0.2065 -0.3028 -0.1161, -0.2409 -0.2809 -0.1084, -0.2048 -0.3003 -0.1139, -0.1923 -0.282 -0.0975, -0.1882 -0.2759 -0.0932, -0.1805 -0.2646 -0.085, -0.1658 -0.2432 -0.0695, -0.158 -0.2317 -0.063, -0.1529 -0.2242 -0.0587, -0.137 -0.2009 -0.0455, -0.1319 -0.1934 -0.0423, -0.1238 -0.1815 -0.0372, -0.1059 -0.1552 -0.026, -0.0949 -0.1391 -0.0213, -0.6853 0.0002 -0.4833, -0.6782 -0.0786 -0.4835, -0.671 0.0002 -0.4178, -0.6641 -0.0774 -0.4182, -0.6474 0.0002 -0.3562, -0.6408 -0.0753 -0.3566, -0.6156 0.0002 -0.2986, -0.6094 -0.0726 -0.2992, -0.5766 0.0002 -0.2453, -0.571 -0.0691 -0.2459, -0.5319 0.0001 -0.197, -0.5268 -0.0649 -0.1976, -0.4826 0.0001 -0.1543, -0.4781 -0.0601 -0.1549, -0.4299 0.0001 -0.117, -0.426 -0.0548 -0.1175, -0.6438 -0.1525 -0.4192, -0.6113 -0.2232 -0.4208, -0.6215 -0.1485 -0.3579, -0.5904 -0.2174 -0.3602, -0.5913 -0.1431 -0.3007, -0.5622 -0.2095 -0.3034, -0.5543 -0.1362 -0.2476, -0.5276 -0.1995 -0.2505, -0.5118 -0.128 -0.1994, -0.4877 -0.1876 -0.2024, -0.4649 -0.1186 -0.1566, -0.4436 -0.1739 -0.1596, -0.4146 -0.1081 -0.1191, -0.3963 -0.1585 -0.1218, -0.3719 -0.205 -0.1256, -0.3813 -0.2704 -0.1689, -0.4922 -0.2576 -0.2546, -0.4495 -0.3096 -0.2598, -0.3424 -0.2467 -0.1305, -0.3423 -0.3102 -0.1753, -0.3086 -0.2832 -0.1364, -0.2399 -0.3516 -0.1664, -0.4007 -0.355 -0.2662, -0.3731 -0.3341 -0.2185, -0.2779 -0.4073 -0.2482, -0.5796 -0.2925 -0.4862, -0.5682 -0.2879 -0.4231, -0.5163 -0.3456 -0.4261, -0.5493 -0.2805 -0.3633, -0.4998 -0.3369 -0.3674, -0.5237 -0.2704 -0.3071, -0.4773 -0.3249 -0.3119, -0.3662 -0.4128 -0.3247, -0.3814 -0.4279 -0.3782, -0.3151 -0.4619 -0.385, -0.3075 -0.4508 -0.3469, -0.3058 -0.4483 -0.3404, -0.3038 -0.4454 -0.333, -0.4573 -0.396 -0.4298, -0.3925 -0.4389 -0.4341, -0.4433 -0.3861 -0.3723, -0.4243 -0.3724 -0.3178, -0.4657 -0.4022 -0.4897, -0.3251 -0.4764 -0.4534, -0.3238 -0.4745 -0.4438, -0.3231 -0.4736 -0.4392, -0.3173 -0.4651 -0.3961, -0.2345 0.3442 -0.1576, -0.2367 0.3474 -0.1616, -0.2991 0.3441 -0.1829, -0.2724 0.3999 -0.2353, -0.3244 0.3706 -0.2263, -0.2552 0.3747 -0.1963, -0.2528 0.3711 -0.1918, -0.2739 0.402 -0.2387, -0.2762 0.4054 -0.2451, -0.3469 0.3937 -0.2738, -0.2895 0.425 -0.2826, -0.2902 0.426 -0.2845, -0.3659 0.413 -0.3247, -0.304 0.4462 -0.3333, -0.3055 0.4484 -0.3404, -0.3811 0.4281 -0.3782, -0.315 0.4623 -0.3849, -0.3151 0.4625 -0.3854, -0.3922 0.4391 -0.4341, -0.3232 0.4743 -0.4392, -0.3236 0.4749 -0.4437, -0.3281 0.4815 -0.4948, -0.328 0.4815 -0.4943, -0.4654 0.4024 -0.4898, -0.5794 0.2928 -0.4862, -0.6572 0.1553 -0.484, -0.6237 0.2271 -0.4849, -0.0627 0.0922 -0.009, -0.0678 0.0998 -0.0102, -0.079 0.0766 -0.0066, -0.0683 0.1005 -0.0103, -0.0691 0.1017 -0.0107, -0.0057 0.0084 -0.0005, -0.0342 0.0504 -0.0027, -0.0376 0.0554 -0.003, -0.1184 0.1145 -0.0161, -0.0935 0.1373 -0.0206, -0.102 0.1498 -0.0241, -0.1178 0.173 -0.0335, -0.1237 0.1817 -0.037, -0.1416 0.1685 -0.0332, -0.1317 0.1933 -0.0418, -0.1589 0.2333 -0.0633, -0.1803 0.2648 -0.0848, -0.2089 0.2457 -0.0784, -0.185 0.2717 -0.0894, -0.188 0.276 -0.0931, -0.3084 0.2834 -0.1365, -0.3421 0.3104 -0.1753, -0.3729 0.3343 -0.2185, -0.4005 0.3552 -0.2663, -0.4241 0.3726 -0.3178, -0.4431 0.3863 -0.3723, -0.457 0.3963 -0.4298, -0.2351 0.2215 -0.0732, -0.2724 0.2534 -0.1022, -0.301 0.2208 -0.0969, -0.3422 0.2469 -0.1305, -0.3718 0.2052 -0.1256, -0.3811 0.2706 -0.1689, -0.4152 0.225 -0.1637, -0.417 0.2915 -0.212, -0.4556 0.2425 -0.2066, -0.4492 0.3098 -0.2599, -0.492 0.2579 -0.2546, -0.477 0.3251 -0.312, -0.5235 0.2707 -0.3072, -0.4995 0.3371 -0.3674, -0.5491 0.2808 -0.3633, -0.5161 0.3459 -0.4261, -0.568 0.2882 -0.4231, -0.5261 0.3513 -0.4878, -0.1969 0.1876 -0.0493, -0.2587 0.1928 -0.0688, -0.2792 0.1601 -0.0652, -0.326 0.1834 -0.0926, -0.3466 0.1418 -0.0893, -0.3962 0.1588 -0.1219, -0.4146 0.1083 -0.1191, -0.4435 0.1741 -0.1596, -0.4648 0.1189 -0.1567, -0.4875 0.1878 -0.2024, -0.5117 0.1283 -0.1994, -0.5275 0.1998 -0.2506, -0.5542 0.1365 -0.2477, -0.5621 0.2098 -0.3034, -0.5912 0.1434 -0.3008, -0.5902 0.2177 -0.3602, -0.6213 0.1489 -0.358, -0.6111 0.2235 -0.4208, -0.6437 0.1529 -0.4192, -0.1846 0.1093 -0.0257, -0.2453 0.1045 -0.0409, -0.1947 0.0843 -0.0242, -0.3087 0.0843 -0.0604, -0.2022 0.0574 -0.023, -0.232 0.1354 -0.0431, -0.296 0.1237 -0.0624, -0.362 0.0967 -0.0869, -0.426 0.055 -0.1175, -0.4781 0.0604 -0.1549, -0.5267 0.0652 -0.1976, -0.5709 0.0694 -0.2459, -0.6093 0.0729 -0.2992, -0.6407 0.0757 -0.3566, -0.664 0.0777 -0.4182, -0.6781 0.079 -0.4835, -0.2726 -0.2533 -0.1022, -0.3012 -0.2206 -0.0969, -0.3261 -0.1832 -0.0926, -0.3467 -0.1416 -0.0893, -0.3621 -0.0965 -0.0869, -0.3717 -0.0489 -0.0855, -0.3749 0.0001 -0.085, -0.3165 0.0427 -0.0592, -0.2068 0.0291 -0.0224, -0.3716 0.0491 -0.0855, -0.2404 -0.5055 -0.4437, -0.1119 -0.5332 -0.4437, 0.0636 -0.5382 -0.4437, 0.1894 -0.5191 -0.4437, -0.0547 -0.1039 -0.0106, -0.1072 -0.1997 -0.042, 0.0688 -0.1013 -0.0112, 0.0635 -0.0934 -0.0089, 0.0617 -0.1029 -0.0106, 0.0627 -0.0922 -0.0087, 0.0603 -0.0887 -0.0084, 0.0932 -0.1371 -0.0219, 0.0772 -0.2051 -0.042, 0.1067 -0.1569 -0.0279, 0.1149 -0.1979 -0.042, 0.1234 -0.1816 -0.0375, 0.117 -0.1721 -0.0324, 0.1745 -0.2568 -0.0794, 0.1703 -0.2505 -0.0743, 0.1364 -0.2908 -0.0929, 0.1522 -0.2239 -0.0601, 0.131 -0.1928 -0.0435, 0.2267 -0.3336 -0.1477, 0.2175 -0.32 -0.1315, 0.2065 -0.3581 -0.1614, 0.2056 -0.3025 -0.1171, 0.1811 -0.2785 -0.0929, 0.187 -0.2751 -0.0945, 0.1797 -0.2644 -0.0857, 0.271 -0.3987 -0.2365, 0.2573 -0.3786 -0.2015, 0.2557 -0.4136 -0.245, 0.2521 -0.3709 -0.1924, 0.2312 -0.3478 -0.1629, 0.2353 -0.3463 -0.1629, 0.2297 -0.338 -0.153, 0.304 -0.4473 -0.3411, 0.3021 -0.4445 -0.3337, 0.2733 -0.4614 -0.3403, 0.2892 -0.4256 -0.2832, 0.2747 -0.4043 -0.2462, 0.2842 -0.4908 -0.4437, 0.3214 -0.473 -0.4395, 0.3139 -0.4619 -0.3852, 0.3123 -0.4595 -0.3736, 0.3267 -0.4807 -0.4949, 0.3256 -0.4792 -0.47, 0.322 -0.4739 -0.4441, -0.2727 -0.4949 -0.4437, -0.2624 -0.4653 -0.3403, -0.2455 -0.4173 -0.245, -0.2229 -0.3526 -0.1614, -0.1726 -0.2811 -0.0929, -0.1273 -0.2928 -0.0929, -0.0683 -0.2064 -0.042, 0.2524 -0.5017 -0.4437, 0.2429 -0.4719 -0.3403, 0.2274 -0.4234 -0.245, 0.1823 -0.4885 -0.3403, 0.1708 -0.4389 -0.245, 0.1553 -0.3721 -0.1614, 0.1266 -0.5311 -0.4437, 0.1219 -0.5001 -0.3403, 0.1143 -0.4497 -0.245, 0.104 -0.3819 -0.1614, 0.0915 -0.2994 -0.0929, 0.0612 -0.5069 -0.3403, 0.0574 -0.4561 -0.245, 0.0523 -0.3878 -0.1614, 0.046 -0.3045 -0.0929, 0.0389 -0.2095 -0.042, 0.0312 -0.1064 -0.0106, 0.0299 -0.0439 -0.0042, -0.0 -0.5406 -0.4437, -0.0 -0.5092 -0.3403, -0.0 -0.4583 -0.245, -0.0 -0.3897 -0.1614, -0.0 -0.3062 -0.0929, -0.0 -0.2109 -0.042, -0.0 -0.1075 -0.0106, -0.0461 -0.5393 -0.4437, -0.0444 -0.508 -0.3403, -0.0416 -0.4572 -0.245, -0.0379 -0.3887 -0.1614, -0.0334 -0.3053 -0.0929, -0.0282 -0.2102 -0.042, -0.0226 -0.1069 -0.0106, -0.1078 -0.5021 -0.3403, -0.101 -0.4516 -0.245, -0.092 -0.3837 -0.1614, -0.0809 -0.3009 -0.0929, -0.1765 -0.522 -0.4437, -0.1699 -0.4913 -0.3403, -0.1592 -0.4415 -0.245, -0.1448 -0.3745 -0.1614, -0.2313 -0.4755 -0.3403, -0.2166 -0.4267 -0.245, -0.1968 -0.3611 -0.1614, -0.2642 0.4979 -0.4437, -0.203 0.5158 -0.4437, -0.2542 0.4681 -0.3403, -0.123 0.196 -0.042, -0.0681 0.1019 -0.0106, 0.0626 0.092 -0.0095, 0.0686 0.1008 -0.0119, 0.058 0.1035 -0.0106, 0.1797 0.2641 -0.0861, 0.1871 0.275 -0.0946, 0.1619 0.2842 -0.0929, 0.3265 0.4798 -0.495, 0.3243 0.4766 -0.4526, 0.3137 0.461 -0.3854, 0.3222 0.4736 -0.4393, 0.2864 0.49 -0.4437, 0.3229 0.4746 -0.4438, 0.2887 0.4243 -0.2831, 0.3026 0.4448 -0.3335, 0.2755 0.4606 -0.3403, 0.3046 0.4477 -0.3408, 0.3093 0.4546 -0.3579, 0.2526 0.3712 -0.1918, 0.2713 0.3987 -0.2365, 0.2578 0.4129 -0.245, 0.2752 0.4045 -0.246, 0.2848 0.4186 -0.269, 0.1845 0.3647 -0.1614, 0.2061 0.3029 -0.1162, 0.2105 0.3094 -0.1212, 0.2298 0.3378 -0.1533, 0.2314 0.34 -0.1558, 0.2329 0.3472 -0.163, 0.2356 0.3463 -0.1629, 0.2516 0.3698 -0.1894, 0.1635 0.2403 -0.0676, 0.0998 0.2012 -0.042, 0.1311 0.1926 -0.0437, 0.1423 0.2092 -0.052, 0.0725 0.2058 -0.042, 0.0875 0.1287 -0.0195, 0.0933 0.1371 -0.0219, 0.1114 0.1637 -0.0291, 0.1234 0.1813 -0.038, -0.0066 0.1075 -0.0106, 0.024 0.0353 -0.0029, 0.0258 0.1067 -0.0106, 0.0549 0.0807 -0.0066, 0.0554 0.0814 -0.0067, -0.039 0.1057 -0.0106, -0.0853 0.2039 -0.042, -0.1462 0.2884 -0.0929, -0.1664 0.3695 -0.1614, -0.216 0.3549 -0.1614, -0.2379 0.4199 -0.245, 0.2253 0.5099 -0.4437, 0.1641 0.5245 -0.4437, 0.1189 0.5322 -0.4437, 0.0526 0.539 -0.4437, -0.0134 0.5405 -0.4437, -0.0796 0.5369 -0.4437, -0.0487 0.2086 -0.042, -0.0082 0.2109 -0.042, 0.0322 0.2099 -0.042, -0.1011 0.2978 -0.0929, -0.1149 0.3802 -0.1614, -0.0576 0.3035 -0.0929, -0.0655 0.3867 -0.1614, -0.0097 0.3061 -0.0929, -0.0111 0.3897 -0.1614, 0.0381 0.305 -0.0929, 0.0433 0.3884 -0.1614, 0.0859 0.3002 -0.0929, 0.0977 0.3829 -0.1614, 0.1184 0.2947 -0.0929, 0.1347 0.3766 -0.1614, 0.1525 0.2241 -0.0595, -0.1399 0.529 -0.4437, -0.1954 0.4854 -0.3403, -0.1347 0.498 -0.3403, -0.0767 0.5056 -0.3403, -0.0129 0.5091 -0.3403, 0.0507 0.5077 -0.3403, 0.1145 0.5012 -0.3403, 0.158 0.4938 -0.3403, 0.2168 0.4797 -0.3403, -0.1831 0.436 -0.245, -0.1263 0.4478 -0.245, -0.0719 0.4549 -0.245, -0.0121 0.4582 -0.245, 0.0475 0.4568 -0.245, 0.1073 0.4507 -0.245, 0.1481 0.4438 -0.245, 0.203 0.4307 -0.245, 0.0991 -0.0286 -0.0044, 0.0913 -0.0549 -0.0052, 0.2155 -0.1634 -0.0459, 0.1721 -0.132 -0.0278, 0.1576 -0.1519 -0.0303, 0.2404 -0.2812 -0.1084, 0.3984 -0.4462 -0.4921, 0.6238 0.227 -0.4849, 0.4653 0.4025 -0.4898, 0.4648 0.1188 -0.1567, 0.4145 0.1082 -0.1192, 0.4259 0.0548 -0.1176, 0.478 0.0602 -0.155, 0.4298 -0.0001 -0.117, 0.1183 0.1145 -0.0161, 0.2087 0.2457 -0.0784, 0.1577 0.1518 -0.0303, 0.1018 -0.0 -0.0041, 0.0991 0.0286 -0.0044, 0.0913 0.0548 -0.0052, 0.079 0.0766 -0.0066, 0.2067 0.029 -0.0224, 0.2552 0.0711 -0.0393, 0.2021 0.0573 -0.0231, 0.2453 0.1045 -0.0409, 0.1845 0.1093 -0.0258, 0.2319 0.1354 -0.0431, 0.2156 0.1633 -0.0459, 0.1968 0.1877 -0.0493, 0.1757 0.2082 -0.0534, 0.235 0.2216 -0.0733, 0.2586 0.1929 -0.0689, 0.2791 0.1601 -0.0653, 0.296 0.1236 -0.0625, 0.3086 0.0842 -0.0605, 0.3164 0.0426 -0.0593, 0.3191 -0.0001 -0.0589, 0.2083 -0.0001 -0.0222, 0.3961 0.1587 -0.1219, 0.4435 0.1741 -0.1596, 0.4875 0.1878 -0.2024, 0.3717 0.2052 -0.1257, 0.4152 0.225 -0.1637, 0.4555 0.2426 -0.2066, 0.4919 0.2579 -0.2547, 0.664 0.0775 -0.4182, 0.6781 0.0787 -0.4835, 0.6573 0.1552 -0.484, 0.6853 -0.0002 -0.4833, 0.671 -0.0002 -0.4179, 0.6474 -0.0002 -0.3562, 0.6155 -0.0001 -0.2987, 0.6408 0.0754 -0.3566, 0.6437 0.1527 -0.4192, 0.3421 0.247 -0.1305, 0.381 0.2706 -0.1689, 0.4169 0.2916 -0.212, 0.4491 0.3099 -0.2599, 0.4769 0.3252 -0.312, 0.2989 0.3442 -0.1829, 0.2709 0.3143 -0.1435, 0.3466 0.3938 -0.2738, 0.3242 0.3707 -0.2263, 0.3083 0.2834 -0.1365, 0.3419 0.3104 -0.1753, 0.3727 0.3344 -0.2185, 0.4003 0.3553 -0.2663, 0.4239 0.3727 -0.3178, 0.4429 0.3864 -0.3723, 0.5318 -0.0001 -0.1971, 0.5766 -0.0001 -0.2454, 0.5709 0.0692 -0.246, 0.6093 0.0727 -0.2992, 0.5912 0.1433 -0.3008, 0.6214 0.1487 -0.358, 0.5903 0.2176 -0.3602, 0.6111 0.2234 -0.4208, 0.568 0.2882 -0.4232, 0.5794 0.2928 -0.4862, 0.526 0.3514 -0.4878, 0.3657 0.4131 -0.3248, 0.3809 0.4282 -0.3782, 0.392 0.4392 -0.4341, 0.4825 -0.0001 -0.1544, 0.5267 0.065 -0.1977, 0.5542 0.1364 -0.2477, 0.5621 0.2098 -0.3035, 0.5491 0.2808 -0.3634, 0.516 0.346 -0.4261, 0.2707 -0.3144 -0.1435, 0.2986 -0.3443 -0.1829, 0.324 -0.3708 -0.2263, 0.3464 -0.394 -0.2739, 0.3806 -0.4284 -0.3782, 0.3654 -0.4133 -0.3248, 0.3917 -0.4394 -0.4341, 0.465 -0.4027 -0.4898, 0.3081 -0.2836 -0.1365, 0.3417 -0.3106 -0.1753, 0.3725 -0.3346 -0.2186, 0.4001 -0.3555 -0.2663, 0.4237 -0.3729 -0.3179, 0.4426 -0.3866 -0.3724, 0.4566 -0.3966 -0.4298, 0.6571 -0.1555 -0.484, 0.6236 -0.2273 -0.4849, 0.5258 -0.3516 -0.4878, 0.079 -0.0766 -0.0066, 0.1182 -0.1146 -0.0161, 0.1414 -0.1686 -0.0332, 0.2086 -0.2458 -0.0785, 0.1756 -0.2083 -0.0534, 0.2348 -0.2217 -0.0733, 0.2721 -0.2536 -0.1022, 0.3008 -0.221 -0.097, 0.342 -0.2471 -0.1306, 0.3716 -0.2054 -0.1257, 0.3808 -0.2708 -0.1689, 0.415 -0.2252 -0.1637, 0.4167 -0.2918 -0.212, 0.4553 -0.2428 -0.2066, 0.4489 -0.3101 -0.2599, 0.4918 -0.2581 -0.2547, 0.4767 -0.3254 -0.312, 0.5233 -0.271 -0.3072, 0.4992 -0.3374 -0.3674, 0.5489 -0.2811 -0.3634, 0.5158 -0.3462 -0.4262, 0.5678 -0.2884 -0.4232, 0.5792 -0.293 -0.4862, 0.1967 -0.1878 -0.0494, 0.2585 -0.193 -0.0689, 0.279 -0.1602 -0.0653, 0.3258 -0.1835 -0.0927, 0.3464 -0.1419 -0.0893, 0.396 -0.1589 -0.1219, 0.4144 -0.1084 -0.1192, 0.4433 -0.1743 -0.1596, 0.4647 -0.119 -0.1567, 0.4874 -0.188 -0.2025, 0.5116 -0.1284 -0.1995, 0.5273 -0.2 -0.2506, 0.5541 -0.1367 -0.2477, 0.5619 -0.21 -0.3035, 0.5911 -0.1436 -0.3008, 0.5901 -0.2179 -0.3602, 0.6213 -0.149 -0.358, 0.611 -0.2237 -0.4209, 0.6436 -0.153 -0.4192, 0.1845 -0.1094 -0.0258, 0.2452 -0.1046 -0.0409, 0.1946 -0.0844 -0.0242, 0.3085 -0.0844 -0.0605, 0.2021 -0.0574 -0.0231, 0.2318 -0.1355 -0.0431, 0.2959 -0.1238 -0.0625, 0.3619 -0.0968 -0.087, 0.4259 -0.055 -0.1176, 0.478 -0.0604 -0.155, 0.5266 -0.0652 -0.1977, 0.5708 -0.0694 -0.246, 0.6093 -0.073 -0.2992, 0.6407 -0.0757 -0.3566, 0.664 -0.0778 -0.4182, 0.6781 -0.0791 -0.4835, 0.2067 -0.0291 -0.0224, 0.3164 -0.0428 -0.0593, 0.3748 -0.0001 -0.085, 0.3715 0.0489 -0.0855, 0.3619 0.0966 -0.0869, 0.3465 0.1417 -0.0893, 0.3259 0.1834 -0.0927, 0.3009 0.2208 -0.097, 0.2723 0.2535 -0.1022, 0.2405 0.2811 -0.1084, 0.5116 0.1282 -0.1995, 0.5274 0.1997 -0.2506, 0.5235 0.2707 -0.3072, 0.4994 0.3372 -0.3674, 0.4568 0.3964 -0.4298, 0.3987 0.446 -0.4921, 0.3715 -0.0491 -0.0855, 0.3715 -0.0491 -0.0855
            ]
        }
        coordIndex [
            0,1,2,-1,3,4,5,-1,6,7,8,-1,9,10,11,-1,11,10,12,-1,11,12,13,-1,13,12,7,-1,13,7,14,-1,14,7,6,-1,15,16,17,-1,17,16,18,-1,17,18,19,-1,18,20,19,-1,19,20,21,-1,19,21,8,-1,8,21,22,-1,8,22,6,-1,23,24,25,-1,25,24,26,-1,23,27,24,-1,24,27,28,-1,24,28,17,-1,17,28,29,-1,17,29,15,-1,30,31,32,-1,32,31,33,-1,32,33,34,-1,34,33,35,-1,34,35,26,-1,26,35,36,-1,26,36,37,-1,37,38,26,-1,26,38,39,-1,26,39,25,-1,40,41,42,-1,40,42,43,-1,42,44,43,-1,43,44,45,-1,43,45,32,-1,32,45,46,-1,32,46,30,-1,41,40,47,-1,47,40,48,-1,47,48,49,-1,49,48,50,-1,49,50,51,-1,52,53,54,-1,54,53,55,-1,55,53,56,-1,55,56,57,-1,56,58,57,-1,57,58,59,-1,57,59,50,-1,50,59,60,-1,50,60,51,-1,61,62,63,-1,63,62,64,-1,63,64,54,-1,54,64,65,-1,54,65,52,-1,66,67,68,-1,66,69,67,-1,67,69,70,-1,67,70,71,-1,71,70,72,-1,71,72,61,-1,61,72,73,-1,61,73,62,-1,74,75,76,-1,76,75,77,-1,76,77,68,-1,68,77,78,-1,68,78,66,-1,79,80,81,-1,79,82,80,-1,80,82,83,-1,80,83,84,-1,84,83,85,-1,84,85,86,-1,86,85,87,-1,86,87,74,-1,74,87,88,-1,74,88,75,-1,89,90,91,-1,91,92,89,-1,89,92,93,-1,89,93,94,-1,94,93,95,-1,94,95,81,-1,81,95,96,-1,81,96,79,-1,97,98,99,-1,99,98,100,-1,99,100,90,-1,90,100,101,-1,90,101,91,-1,5,4,102,-1,4,103,102,-1,102,103,104,-1,102,104,105,-1,104,106,105,-1,105,106,107,-1,105,107,108,-1,108,107,109,-1,108,109,110,-1,110,109,111,-1,110,111,97,-1,97,111,112,-1,97,112,98,-1,113,114,115,-1,113,115,116,-1,116,115,117,-1,116,117,5,-1,5,117,118,-1,5,118,3,-1,119,120,121,-1,121,120,122,-1,122,120,123,-1,122,123,124,-1,124,125,122,-1,122,125,126,-1,122,126,127,-1,127,126,128,-1,127,128,113,-1,113,128,129,-1,113,129,114,-1,130,131,132,-1,132,131,133,-1,131,134,133,-1,133,134,135,-1,133,135,121,-1,121,135,136,-1,121,136,119,-1,137,138,139,-1,140,141,142,-1,142,141,137,-1,142,137,143,-1,143,137,139,-1,140,144,141,-1,141,144,145,-1,141,145,132,-1,132,145,146,-1,132,146,130,-1,147,148,149,-1,149,148,150,-1,149,150,138,-1,138,150,151,-1,138,151,139,-1,152,153,154,-1,154,153,155,-1,154,155,156,-1,156,155,157,-1,156,157,158,-1,158,157,159,-1,158,159,149,-1,149,159,160,-1,149,160,147,-1,161,162,163,-1,163,162,164,-1,163,164,154,-1,154,164,165,-1,154,165,152,-1,161,163,166,-1,166,163,167,-1,166,167,168,-1,168,167,169,-1,168,169,170,-1,171,172,173,-1,173,172,174,-1,173,174,169,-1,169,174,175,-1,169,175,170,-1,176,177,178,-1,176,178,179,-1,180,181,182,-1,182,181,179,-1,182,179,183,-1,183,179,178,-1,180,184,181,-1,181,184,185,-1,181,185,171,-1,171,185,186,-1,171,186,172,-1,177,176,187,-1,187,176,188,-1,187,188,189,-1,189,188,190,-1,189,190,191,-1,191,190,192,-1,192,190,193,-1,192,193,194,-1,194,193,195,-1,194,195,196,-1,196,195,197,-1,197,195,198,-1,197,198,199,-1,199,198,200,-1,199,200,201,-1,201,200,202,-1,201,202,203,-1,203,202,204,-1,204,202,205,-1,204,205,206,-1,206,205,207,-1,206,207,208,-1,208,207,209,-1,208,209,210,-1,210,209,211,-1,210,211,212,-1,213,214,215,-1,215,216,213,-1,213,216,217,-1,213,217,218,-1,218,217,219,-1,218,219,220,-1,220,219,221,-1,220,221,211,-1,211,221,222,-1,211,222,212,-1,223,224,225,-1,225,224,226,-1,225,226,214,-1,214,226,227,-1,214,227,215,-1,228,229,230,-1,230,231,228,-1,228,231,232,-1,228,232,233,-1,232,234,233,-1,233,234,235,-1,233,235,236,-1,236,235,237,-1,236,237,238,-1,238,237,239,-1,238,239,223,-1,223,239,240,-1,223,240,224,-1,2,1,241,-1,242,243,229,-1,229,243,244,-1,229,244,230,-1,1,245,241,-1,241,245,246,-1,241,246,242,-1,242,246,247,-1,242,247,243,-1,248,249,2,-1,2,249,250,-1,2,250,0,-1,9,251,10,-1,10,251,252,-1,10,252,248,-1,248,252,253,-1,248,253,249,-1,254,255,256,-1,256,255,257,-1,256,257,258,-1,259,260,261,-1,257,262,258,-1,258,262,261,-1,258,261,263,-1,263,261,260,-1,264,265,266,-1,266,265,267,-1,266,267,268,-1,268,267,269,-1,261,270,259,-1,259,270,271,-1,259,271,272,-1,272,271,273,-1,272,273,274,-1,274,273,275,-1,274,275,276,-1,276,275,277,-1,276,277,278,-1,278,277,279,-1,278,279,280,-1,280,279,281,-1,280,281,282,-1,282,281,283,-1,282,283,284,-1,284,283,285,-1,284,285,269,-1,269,285,286,-1,269,286,268,-1,287,288,264,-1,264,288,289,-1,264,289,265,-1,264,290,287,-1,287,290,291,-1,287,291,292,-1,292,291,293,-1,292,293,294,-1,295,296,297,-1,293,298,294,-1,294,298,299,-1,294,299,300,-1,300,299,301,-1,300,301,302,-1,302,301,303,-1,302,303,304,-1,304,303,305,-1,304,305,306,-1,306,305,307,-1,306,307,308,-1,308,307,309,-1,308,309,310,-1,310,309,311,-1,310,311,312,-1,312,311,313,-1,312,313,314,-1,314,313,315,-1,314,315,316,-1,316,315,295,-1,316,295,317,-1,317,295,297,-1,318,319,320,-1,320,319,321,-1,320,321,322,-1,322,321,323,-1,322,323,324,-1,324,323,325,-1,324,325,326,-1,326,325,327,-1,326,327,328,-1,328,327,329,-1,328,329,330,-1,330,329,331,-1,330,331,332,-1,332,331,297,-1,332,297,333,-1,333,297,296,-1,320,334,318,-1,318,334,335,-1,318,335,336,-1,336,335,337,-1,336,337,338,-1,339,340,341,-1,337,342,338,-1,338,342,341,-1,338,341,343,-1,343,341,340,-1,341,344,339,-1,339,344,345,-1,339,345,346,-1,346,345,347,-1,346,347,348,-1,348,347,349,-1,348,349,350,-1,350,349,351,-1,350,351,352,-1,351,353,352,-1,352,353,354,-1,352,354,355,-1,355,354,356,-1,355,356,357,-1,357,356,358,-1,357,358,359,-1,359,358,360,-1,359,360,361,-1,361,360,362,-1,361,362,363,-1,362,364,363,-1,363,364,365,-1,363,365,366,-1,366,365,367,-1,366,367,368,-1,368,367,369,-1,368,369,370,-1,369,371,370,-1,370,371,372,-1,370,372,373,-1,373,372,374,-1,373,374,375,-1,375,374,376,-1,375,376,377,-1,377,376,378,-1,377,378,379,-1,379,378,380,-1,379,380,381,-1,380,382,381,-1,381,382,383,-1,381,383,384,-1,384,383,385,-1,384,385,386,-1,386,385,387,-1,385,388,387,-1,387,388,389,-1,387,389,390,-1,390,389,391,-1,390,391,392,-1,392,391,393,-1,392,393,394,-1,394,393,395,-1,393,396,395,-1,395,396,397,-1,395,397,398,-1,398,397,399,-1,398,399,400,-1,400,399,401,-1,400,401,402,-1,402,401,403,-1,402,403,404,-1,404,403,405,-1,404,405,406,-1,406,405,407,-1,406,407,408,-1,409,410,411,-1,411,410,412,-1,411,412,413,-1,408,407,414,-1,414,407,415,-1,414,415,409,-1,409,415,416,-1,409,416,410,-1,417,418,419,-1,419,418,420,-1,413,412,421,-1,421,412,422,-1,421,422,423,-1,423,422,424,-1,423,424,425,-1,425,424,426,-1,425,426,427,-1,427,426,428,-1,427,428,429,-1,429,428,430,-1,429,430,431,-1,431,430,432,-1,431,432,433,-1,433,432,434,-1,433,434,435,-1,435,434,436,-1,435,436,420,-1,420,436,437,-1,420,437,419,-1,438,439,440,-1,438,440,441,-1,441,440,442,-1,441,442,443,-1,443,442,444,-1,443,444,445,-1,445,444,446,-1,445,446,447,-1,447,446,448,-1,447,448,449,-1,449,448,450,-1,449,450,451,-1,451,450,452,-1,451,452,453,-1,453,452,454,-1,453,454,455,-1,455,454,456,-1,455,456,417,-1,417,456,457,-1,417,457,418,-1,439,438,458,-1,458,438,459,-1,458,459,460,-1,460,459,461,-1,460,461,462,-1,462,461,463,-1,462,463,464,-1,464,463,465,-1,464,465,466,-1,466,465,467,-1,466,467,468,-1,468,467,469,-1,468,469,470,-1,470,469,471,-1,470,471,472,-1,472,471,473,-1,472,473,474,-1,474,473,475,-1,474,475,476,-1,477,478,479,-1,479,478,480,-1,479,480,481,-1,475,482,476,-1,476,482,483,-1,476,483,484,-1,484,483,485,-1,484,485,486,-1,486,485,481,-1,486,481,487,-1,487,481,480,-1,477,488,478,-1,478,488,489,-1,478,489,490,-1,490,489,491,-1,490,491,492,-1,492,491,493,-1,492,493,494,-1,493,495,494,-1,494,495,496,-1,494,496,497,-1,497,496,498,-1,497,498,499,-1,499,498,500,-1,499,500,501,-1,502,503,504,-1,504,505,502,-1,502,505,506,-1,502,506,507,-1,507,506,501,-1,507,501,508,-1,508,501,500,-1,503,509,504,-1,504,509,510,-1,504,510,511,-1,512,513,514,-1,514,513,515,-1,256,516,254,-1,254,516,517,-1,254,517,518,-1,518,517,519,-1,518,519,520,-1,520,519,521,-1,520,521,522,-1,522,521,523,-1,522,523,524,-1,524,523,514,-1,524,514,525,-1,525,514,515,-1,510,526,511,-1,511,526,513,-1,511,513,527,-1,527,513,512,-1,386,387,528,-1,529,530,531,-1,532,533,534,-1,535,536,537,-1,538,539,540,-1,541,542,543,-1,543,542,544,-1,543,544,545,-1,541,546,542,-1,542,546,547,-1,542,547,548,-1,548,547,549,-1,548,549,550,-1,551,552,553,-1,553,552,554,-1,540,539,551,-1,551,539,555,-1,551,555,552,-1,556,557,558,-1,558,557,559,-1,558,559,560,-1,556,561,557,-1,557,561,562,-1,557,562,540,-1,540,562,563,-1,540,563,538,-1,560,559,564,-1,564,559,565,-1,564,565,566,-1,567,568,565,-1,565,568,569,-1,565,569,566,-1,570,571,567,-1,567,571,572,-1,567,572,568,-1,573,574,575,-1,575,574,576,-1,575,576,577,-1,578,579,580,-1,580,581,578,-1,578,581,582,-1,578,582,583,-1,583,582,584,-1,583,584,585,-1,586,587,588,-1,587,586,589,-1,589,586,590,-1,589,590,591,-1,592,593,594,-1,594,593,595,-1,594,595,590,-1,590,595,596,-1,590,596,591,-1,597,598,599,-1,599,598,600,-1,601,602,603,-1,603,602,604,-1,603,604,599,-1,599,604,605,-1,599,605,597,-1,606,607,608,-1,609,610,611,-1,611,610,612,-1,611,612,606,-1,606,612,613,-1,606,613,607,-1,614,615,616,-1,537,536,617,-1,617,536,618,-1,617,618,614,-1,614,618,619,-1,614,619,615,-1,535,537,620,-1,620,537,621,-1,620,621,622,-1,623,624,621,-1,621,624,625,-1,621,625,622,-1,626,627,628,-1,628,627,623,-1,628,623,629,-1,629,623,621,-1,630,631,628,-1,628,631,632,-1,628,632,626,-1,633,634,630,-1,630,634,635,-1,630,635,631,-1,633,630,636,-1,636,630,637,-1,636,637,638,-1,638,637,639,-1,638,639,640,-1,641,642,639,-1,639,642,643,-1,639,643,640,-1,644,645,646,-1,646,645,647,-1,648,649,641,-1,641,649,650,-1,641,650,642,-1,651,652,653,-1,653,652,654,-1,653,654,655,-1,655,654,656,-1,655,656,657,-1,657,658,655,-1,655,658,659,-1,655,659,644,-1,644,659,660,-1,644,660,645,-1,661,662,663,-1,663,662,664,-1,663,664,665,-1,665,664,666,-1,661,667,662,-1,662,667,668,-1,662,668,653,-1,653,668,669,-1,653,669,651,-1,666,664,670,-1,670,664,671,-1,670,671,672,-1,673,674,671,-1,671,674,675,-1,671,675,672,-1,676,677,678,-1,677,679,678,-1,678,679,680,-1,678,680,681,-1,682,683,684,-1,684,683,685,-1,684,685,686,-1,687,688,689,-1,689,688,690,-1,689,690,691,-1,691,690,692,-1,691,692,693,-1,694,695,696,-1,696,695,697,-1,696,697,689,-1,689,697,698,-1,689,698,687,-1,699,700,701,-1,701,700,694,-1,702,703,701,-1,701,703,704,-1,701,704,699,-1,705,706,702,-1,702,706,707,-1,702,707,703,-1,708,709,705,-1,710,711,712,-1,712,711,713,-1,712,713,708,-1,708,713,714,-1,708,714,709,-1,715,716,717,-1,717,716,718,-1,710,712,718,-1,718,712,528,-1,718,528,717,-1,534,533,717,-1,717,533,719,-1,717,719,715,-1,532,534,720,-1,720,534,721,-1,720,721,722,-1,531,530,723,-1,530,724,723,-1,723,724,725,-1,723,725,721,-1,721,725,726,-1,721,726,722,-1,727,728,531,-1,531,728,729,-1,531,729,529,-1,550,730,548,-1,548,730,731,-1,548,731,727,-1,727,731,732,-1,727,732,728,-1,733,611,523,-1,523,521,733,-1,733,521,519,-1,733,519,734,-1,734,519,517,-1,734,517,516,-1,505,504,603,-1,504,511,603,-1,603,511,606,-1,603,606,601,-1,601,606,608,-1,511,527,606,-1,606,527,512,-1,606,512,611,-1,611,512,514,-1,611,514,523,-1,494,497,594,-1,594,497,599,-1,594,599,592,-1,592,599,600,-1,487,586,578,-1,578,586,588,-1,578,588,579,-1,472,474,575,-1,575,474,583,-1,575,583,573,-1,573,583,585,-1,474,476,583,-1,583,476,484,-1,583,484,578,-1,578,484,486,-1,578,486,487,-1,487,480,586,-1,586,480,478,-1,586,478,590,-1,590,478,490,-1,590,490,594,-1,594,490,492,-1,594,492,494,-1,497,499,599,-1,599,499,501,-1,599,501,603,-1,603,501,506,-1,603,506,505,-1,439,458,735,-1,735,458,460,-1,735,460,736,-1,736,460,462,-1,736,462,577,-1,577,462,464,-1,448,737,450,-1,450,737,738,-1,450,738,452,-1,452,738,739,-1,452,739,454,-1,454,739,456,-1,448,446,737,-1,737,446,444,-1,737,444,740,-1,740,444,442,-1,740,442,735,-1,735,442,440,-1,735,440,439,-1,431,433,741,-1,741,433,742,-1,737,743,738,-1,738,743,744,-1,738,744,739,-1,739,744,745,-1,739,745,746,-1,746,745,747,-1,746,747,742,-1,742,747,748,-1,742,748,741,-1,741,748,749,-1,423,425,749,-1,749,425,427,-1,749,427,741,-1,741,427,429,-1,741,429,431,-1,414,750,408,-1,408,750,751,-1,408,751,406,-1,400,402,752,-1,752,402,404,-1,414,409,750,-1,750,409,411,-1,750,411,753,-1,753,411,413,-1,753,413,749,-1,749,413,421,-1,749,421,423,-1,433,435,742,-1,742,435,420,-1,742,420,746,-1,746,420,418,-1,746,418,739,-1,739,418,457,-1,739,457,456,-1,464,466,577,-1,577,466,468,-1,577,468,575,-1,575,468,470,-1,575,470,472,-1,370,373,702,-1,705,702,708,-1,708,702,373,-1,708,373,375,-1,375,377,708,-1,708,377,379,-1,708,379,712,-1,712,379,381,-1,712,381,528,-1,528,381,384,-1,528,384,386,-1,357,359,696,-1,694,696,701,-1,701,696,359,-1,701,359,361,-1,346,691,684,-1,684,691,693,-1,684,693,682,-1,336,338,678,-1,678,338,686,-1,678,686,676,-1,676,686,685,-1,338,343,686,-1,686,343,340,-1,686,340,684,-1,684,340,339,-1,684,339,346,-1,346,348,691,-1,691,348,350,-1,691,350,689,-1,689,350,352,-1,689,352,696,-1,696,352,355,-1,696,355,357,-1,361,363,701,-1,701,363,366,-1,701,366,702,-1,702,366,368,-1,702,368,370,-1,681,754,323,-1,331,755,756,-1,331,329,755,-1,755,329,327,-1,755,327,754,-1,754,327,325,-1,754,325,323,-1,310,312,757,-1,757,312,314,-1,757,314,758,-1,302,304,759,-1,759,304,306,-1,759,306,760,-1,760,306,757,-1,757,306,308,-1,757,308,310,-1,314,316,758,-1,758,316,317,-1,758,317,756,-1,756,317,297,-1,756,297,331,-1,287,761,762,-1,269,267,763,-1,763,267,764,-1,265,289,762,-1,762,289,288,-1,762,288,287,-1,267,265,764,-1,764,265,762,-1,764,762,765,-1,765,762,761,-1,765,761,766,-1,766,761,759,-1,766,759,767,-1,767,759,760,-1,767,760,768,-1,768,760,757,-1,768,757,769,-1,769,757,758,-1,278,770,771,-1,259,772,260,-1,260,772,773,-1,272,274,771,-1,771,274,276,-1,771,276,278,-1,278,280,770,-1,770,280,282,-1,770,282,763,-1,763,282,284,-1,763,284,269,-1,287,292,761,-1,761,292,294,-1,761,294,759,-1,759,294,300,-1,759,300,302,-1,323,321,681,-1,681,321,319,-1,681,319,678,-1,678,319,318,-1,678,318,336,-1,628,774,630,-1,630,774,775,-1,630,775,637,-1,637,775,776,-1,637,776,639,-1,639,776,646,-1,639,646,641,-1,641,646,647,-1,641,647,648,-1,537,771,621,-1,621,771,770,-1,621,770,629,-1,629,770,763,-1,629,763,628,-1,628,763,764,-1,628,764,774,-1,774,764,765,-1,774,765,775,-1,775,765,766,-1,775,766,776,-1,776,766,767,-1,776,767,646,-1,646,767,768,-1,646,768,644,-1,644,768,769,-1,644,769,655,-1,655,769,758,-1,655,758,653,-1,653,758,756,-1,653,756,662,-1,662,756,755,-1,662,755,664,-1,664,755,754,-1,664,754,671,-1,671,754,681,-1,671,681,673,-1,673,681,680,-1,531,777,727,-1,727,777,778,-1,727,778,548,-1,548,778,779,-1,548,779,542,-1,542,779,553,-1,542,553,544,-1,544,553,554,-1,544,554,545,-1,534,751,721,-1,721,751,750,-1,721,750,723,-1,723,750,753,-1,723,753,531,-1,531,753,749,-1,531,749,777,-1,777,749,748,-1,777,748,778,-1,778,748,747,-1,778,747,779,-1,779,747,745,-1,779,745,553,-1,553,745,744,-1,553,744,551,-1,551,744,743,-1,551,743,540,-1,540,743,737,-1,540,737,557,-1,557,737,740,-1,557,740,559,-1,559,740,735,-1,559,735,565,-1,565,735,736,-1,565,736,567,-1,567,736,577,-1,567,577,570,-1,570,577,576,-1,516,256,734,-1,734,256,258,-1,734,258,773,-1,773,258,263,-1,773,263,260,-1,390,392,780,-1,780,392,394,-1,780,394,781,-1,781,394,395,-1,781,395,752,-1,752,395,398,-1,752,398,400,-1,609,611,616,-1,616,611,733,-1,616,733,614,-1,614,733,734,-1,614,734,617,-1,617,734,773,-1,617,773,537,-1,537,773,772,-1,537,772,771,-1,771,772,259,-1,771,259,272,-1,387,390,528,-1,528,390,780,-1,528,780,717,-1,717,780,781,-1,717,781,534,-1,534,781,752,-1,534,752,751,-1,751,752,404,-1,751,404,406,-1,782,783,784,-1,785,786,787,-1,788,789,790,-1,791,792,793,-1,794,795,796,-1,797,798,799,-1,71,61,800,-1,801,802,803,-1,10,248,804,-1,805,806,807,-1,808,809,810,-1,811,812,813,-1,814,815,816,-1,17,19,817,-1,8,7,818,-1,819,820,821,-1,822,823,824,-1,825,826,827,-1,828,829,830,-1,826,831,827,-1,827,831,832,-1,827,832,833,-1,833,834,827,-1,827,834,835,-1,827,835,786,-1,786,822,836,-1,836,822,824,-1,836,824,837,-1,837,824,838,-1,837,838,839,-1,786,836,828,-1,828,836,837,-1,828,837,829,-1,829,837,839,-1,829,839,840,-1,823,841,824,-1,824,841,842,-1,824,842,838,-1,838,842,843,-1,838,843,839,-1,839,843,844,-1,839,844,840,-1,845,846,847,-1,847,846,820,-1,847,820,848,-1,848,820,819,-1,848,819,849,-1,850,851,852,-1,852,851,853,-1,854,855,845,-1,855,856,845,-1,845,856,857,-1,845,857,846,-1,846,857,858,-1,858,859,846,-1,846,859,860,-1,846,860,820,-1,820,860,861,-1,820,861,821,-1,821,861,862,-1,821,862,863,-1,844,849,840,-1,840,849,819,-1,840,819,829,-1,829,819,821,-1,829,821,830,-1,830,821,863,-1,830,863,864,-1,26,24,865,-1,865,24,866,-1,865,866,867,-1,867,866,868,-1,867,868,869,-1,869,868,870,-1,869,870,871,-1,871,870,872,-1,871,872,873,-1,873,872,874,-1,873,874,875,-1,875,874,876,-1,875,876,877,-1,877,876,878,-1,877,878,879,-1,879,878,880,-1,19,8,817,-1,817,8,818,-1,817,818,881,-1,881,818,882,-1,881,882,883,-1,883,882,884,-1,883,884,885,-1,885,884,886,-1,885,886,887,-1,887,886,888,-1,887,888,889,-1,889,888,890,-1,889,890,891,-1,891,890,892,-1,891,892,893,-1,893,892,894,-1,24,17,866,-1,866,17,817,-1,866,817,868,-1,868,817,881,-1,868,881,870,-1,870,881,883,-1,870,883,872,-1,872,883,885,-1,872,885,874,-1,874,885,887,-1,874,887,876,-1,876,887,889,-1,876,889,878,-1,878,889,891,-1,878,891,880,-1,880,891,893,-1,895,814,896,-1,815,897,898,-1,895,896,899,-1,899,896,900,-1,899,900,901,-1,901,900,807,-1,901,807,813,-1,807,806,813,-1,813,806,902,-1,813,902,811,-1,815,898,816,-1,816,898,903,-1,816,903,904,-1,904,903,803,-1,904,803,810,-1,803,802,810,-1,810,802,905,-1,810,905,808,-1,814,816,896,-1,896,816,904,-1,896,904,900,-1,900,904,810,-1,900,810,807,-1,807,810,809,-1,807,809,805,-1,12,10,906,-1,906,10,804,-1,906,804,907,-1,907,804,908,-1,907,908,909,-1,909,908,910,-1,909,910,911,-1,911,910,912,-1,911,912,897,-1,913,914,915,-1,915,916,913,-1,913,916,917,-1,913,917,918,-1,919,920,921,-1,921,920,914,-1,921,914,922,-1,922,914,913,-1,919,923,784,-1,919,784,920,-1,920,784,783,-1,920,783,924,-1,924,925,920,-1,920,925,926,-1,920,926,914,-1,914,926,927,-1,914,927,915,-1,248,2,804,-1,804,2,923,-1,804,923,908,-1,908,923,919,-1,908,919,910,-1,910,919,921,-1,910,921,912,-1,912,921,922,-1,897,912,898,-1,898,912,922,-1,898,922,903,-1,903,922,913,-1,903,913,803,-1,803,913,918,-1,803,918,801,-1,7,12,818,-1,818,12,906,-1,818,906,882,-1,882,906,907,-1,882,907,884,-1,884,907,909,-1,884,909,886,-1,886,909,911,-1,886,911,888,-1,888,911,897,-1,888,897,890,-1,890,897,815,-1,890,815,892,-1,892,815,814,-1,892,814,894,-1,894,814,895,-1,792,928,793,-1,793,928,929,-1,793,929,930,-1,931,932,933,-1,933,932,930,-1,933,930,934,-1,934,930,929,-1,931,935,932,-1,932,935,936,-1,932,936,937,-1,936,938,937,-1,937,938,939,-1,937,939,940,-1,939,941,940,-1,940,941,942,-1,940,942,943,-1,942,944,943,-1,943,944,945,-1,943,945,946,-1,945,947,946,-1,946,947,948,-1,946,948,800,-1,67,71,949,-1,949,71,800,-1,949,800,950,-1,950,800,948,-1,951,63,54,-1,952,57,50,-1,953,43,32,-1,954,48,40,-1,955,956,957,-1,957,956,958,-1,957,958,959,-1,957,786,960,-1,960,961,957,-1,957,961,962,-1,957,962,955,-1,963,964,965,-1,965,966,790,-1,966,967,968,-1,968,967,969,-1,970,971,972,-1,972,971,973,-1,794,796,974,-1,795,791,796,-1,796,791,793,-1,796,793,975,-1,975,793,930,-1,975,930,976,-1,976,930,932,-1,976,932,977,-1,977,932,937,-1,977,937,978,-1,978,937,940,-1,978,940,979,-1,979,940,943,-1,979,943,980,-1,980,943,946,-1,980,946,981,-1,981,946,800,-1,981,800,951,-1,951,800,61,-1,951,61,63,-1,798,970,799,-1,799,970,972,-1,799,972,982,-1,982,972,983,-1,982,983,984,-1,984,983,985,-1,984,985,986,-1,986,985,987,-1,986,987,988,-1,988,987,989,-1,988,989,990,-1,990,989,991,-1,990,991,992,-1,992,991,993,-1,992,993,994,-1,994,993,995,-1,994,995,996,-1,996,995,997,-1,996,997,998,-1,998,997,999,-1,998,999,952,-1,952,999,55,-1,952,55,57,-1,973,974,972,-1,972,974,796,-1,972,796,983,-1,983,796,975,-1,983,975,985,-1,985,975,976,-1,985,976,987,-1,987,976,977,-1,987,977,989,-1,989,977,978,-1,989,978,991,-1,991,978,979,-1,991,979,993,-1,993,979,980,-1,993,980,995,-1,995,980,981,-1,995,981,997,-1,997,981,951,-1,997,951,999,-1,999,951,54,-1,999,54,55,-1,966,968,790,-1,790,968,1000,-1,790,1000,788,-1,788,1000,1001,-1,788,1001,1002,-1,1002,1001,1003,-1,1002,1003,1004,-1,1004,1003,1005,-1,1004,1005,1006,-1,1006,1005,1007,-1,1006,1007,1008,-1,1008,1007,1009,-1,1008,1009,1010,-1,1010,1009,1011,-1,1010,1011,1012,-1,1012,1011,1013,-1,1012,1013,1014,-1,1014,1013,1015,-1,1014,1015,1016,-1,1016,1015,1017,-1,1016,1017,1018,-1,1018,1017,954,-1,1018,954,953,-1,953,954,40,-1,953,40,43,-1,1019,1020,1021,-1,1021,1020,1022,-1,1021,1022,1023,-1,789,788,1024,-1,1024,788,1002,-1,1024,1002,1025,-1,1025,1002,1004,-1,1025,1004,1026,-1,1026,1004,1006,-1,1026,1006,1027,-1,1027,1006,1008,-1,1027,1008,1028,-1,1028,1008,1010,-1,1028,1010,1029,-1,1029,1010,1012,-1,1029,1012,1030,-1,1030,1012,1014,-1,1030,1014,1031,-1,1031,1014,1016,-1,1031,1016,1032,-1,1032,1016,1018,-1,1032,1018,1033,-1,1033,1018,953,-1,1033,953,1034,-1,1034,953,32,-1,1034,32,34,-1,853,854,852,-1,852,854,845,-1,852,845,1035,-1,1035,845,847,-1,1035,847,1036,-1,1036,847,848,-1,1036,848,1037,-1,1037,848,849,-1,1037,849,1038,-1,1038,849,844,-1,1038,844,1039,-1,1039,844,843,-1,1039,843,1040,-1,1040,843,842,-1,1040,842,1041,-1,1041,842,841,-1,1041,841,1042,-1,1042,841,823,-1,1042,823,1043,-1,1043,823,822,-1,1043,822,785,-1,785,822,786,-1,957,787,786,-1,969,797,968,-1,968,797,799,-1,968,799,1000,-1,1000,799,982,-1,1000,982,1001,-1,1001,982,984,-1,1001,984,1003,-1,1003,984,986,-1,1003,986,1005,-1,1005,986,988,-1,1005,988,1007,-1,1007,988,990,-1,1007,990,1009,-1,1009,990,992,-1,1009,992,1011,-1,1011,992,994,-1,1011,994,1013,-1,1013,994,996,-1,1013,996,1015,-1,1015,996,998,-1,1015,998,1017,-1,1017,998,952,-1,1017,952,954,-1,954,952,50,-1,954,50,48,-1,228,782,229,-1,229,782,784,-1,229,784,242,-1,242,784,923,-1,242,923,241,-1,241,923,2,-1,965,790,963,-1,963,790,789,-1,963,789,1019,-1,1019,789,1024,-1,1019,1024,1020,-1,1020,1024,1025,-1,1020,1025,1022,-1,1022,1025,1026,-1,1022,1026,1044,-1,1044,1026,1027,-1,1044,1027,879,-1,879,1027,1028,-1,879,1028,877,-1,877,1028,1029,-1,877,1029,875,-1,875,1029,1030,-1,875,1030,873,-1,873,1030,1031,-1,873,1031,871,-1,871,1031,1032,-1,871,1032,869,-1,869,1032,1033,-1,869,1033,867,-1,867,1033,1034,-1,867,1034,865,-1,865,1034,34,-1,865,34,26,-1,812,850,813,-1,813,850,852,-1,813,852,901,-1,901,852,1035,-1,901,1035,899,-1,899,1035,1036,-1,899,1036,895,-1,895,1036,1037,-1,895,1037,894,-1,894,1037,1038,-1,894,1038,893,-1,893,1038,1039,-1,893,1039,880,-1,880,1039,1040,-1,880,1040,879,-1,879,1040,1041,-1,879,1041,1044,-1,1044,1041,1042,-1,1044,1042,1022,-1,1022,1042,1043,-1,1022,1043,1023,-1,1023,1043,785,-1,1023,785,1021,-1,1021,785,787,-1,1021,787,1019,-1,1019,787,957,-1,1019,957,963,-1,963,957,959,-1,963,959,964,-1,864,825,830,-1,830,825,827,-1,830,827,828,-1,828,827,786,-1,236,238,1045,-1,225,214,1046,-1,220,211,1047,-1,207,205,1048,-1,834,833,1049,-1,825,864,1050,-1,1051,1052,1053,-1,1053,1052,1054,-1,1053,1054,1055,-1,1051,1053,1056,-1,1056,1053,1057,-1,1056,1057,1058,-1,1059,1060,1061,-1,1062,1063,1064,-1,1064,1063,1065,-1,1064,1065,1059,-1,1059,1065,1066,-1,1059,1066,1060,-1,1067,1068,1069,-1,1069,1068,1070,-1,1069,1070,1071,-1,1071,1070,1072,-1,1071,1072,1073,-1,1074,1075,1076,-1,1076,1075,1077,-1,1076,1077,1078,-1,1078,1077,1079,-1,1078,1079,1080,-1,1081,1082,1083,-1,1083,1082,1084,-1,1083,1084,1076,-1,1076,1084,1085,-1,1076,1085,1074,-1,1086,1087,1088,-1,1086,1088,1083,-1,1083,1088,1089,-1,1083,1089,1081,-1,200,198,1086,-1,1086,198,195,-1,1086,195,1090,-1,1090,1091,1086,-1,1086,1091,1092,-1,1086,1092,1087,-1,233,1093,924,-1,924,783,233,-1,233,783,782,-1,233,782,228,-1,1094,917,916,-1,927,926,1093,-1,1093,926,925,-1,1093,925,924,-1,1094,916,1093,-1,1093,916,915,-1,1093,915,927,-1,802,1094,905,-1,905,1094,1095,-1,802,801,1094,-1,1094,801,918,-1,1094,918,917,-1,1096,811,902,-1,805,809,1095,-1,1095,809,808,-1,1095,808,905,-1,1096,902,1095,-1,1095,902,806,-1,1095,806,805,-1,1096,853,851,-1,851,850,1096,-1,1096,850,812,-1,1096,812,811,-1,858,857,1097,-1,1097,857,856,-1,1097,856,855,-1,859,1098,860,-1,860,1098,1050,-1,860,1050,861,-1,864,863,1050,-1,1050,863,862,-1,1050,862,861,-1,1099,1049,826,-1,833,832,1049,-1,1049,832,831,-1,1049,831,826,-1,202,200,1100,-1,1100,200,1086,-1,1100,1086,1101,-1,1101,1086,1083,-1,1101,1083,1102,-1,1102,1083,1076,-1,1102,1076,1069,-1,1069,1076,1078,-1,1069,1078,1067,-1,1067,1078,1080,-1,205,202,1048,-1,1048,202,1100,-1,1048,1100,1103,-1,1103,1100,1101,-1,1103,1101,1104,-1,1104,1101,1102,-1,1104,1102,1105,-1,1105,1102,1069,-1,1105,1069,1064,-1,1064,1069,1071,-1,1064,1071,1062,-1,1062,1071,1073,-1,209,207,1106,-1,1106,207,1048,-1,1106,1048,1107,-1,1107,1048,1103,-1,1107,1103,1108,-1,1108,1103,1104,-1,1108,1104,1109,-1,1109,1104,1105,-1,1109,1105,1110,-1,1110,1105,1064,-1,1110,1064,1057,-1,1057,1064,1059,-1,1057,1059,1058,-1,1058,1059,1061,-1,211,209,1047,-1,1047,209,1106,-1,1047,1106,1111,-1,1111,1106,1107,-1,1111,1107,1112,-1,1112,1107,1108,-1,1112,1108,1113,-1,1113,1108,1109,-1,1113,1109,1114,-1,1114,1109,1110,-1,1114,1110,1115,-1,1115,1110,1057,-1,1115,1057,1116,-1,1116,1057,1053,-1,1116,1053,1117,-1,1117,1053,1055,-1,218,220,1118,-1,1118,220,1047,-1,1118,1047,1119,-1,1119,1047,1111,-1,1119,1111,1120,-1,1120,1111,1112,-1,1120,1112,1121,-1,1121,1112,1113,-1,1121,1113,1122,-1,1122,1113,1114,-1,1122,1114,1123,-1,1123,1114,1115,-1,1123,1115,1124,-1,1124,1115,1116,-1,1124,1116,786,-1,786,1116,1117,-1,213,218,1125,-1,1125,218,1118,-1,1125,1118,1126,-1,1126,1118,1119,-1,1126,1119,1127,-1,1127,1119,1120,-1,1127,1120,1128,-1,1128,1120,1121,-1,1128,1121,1129,-1,1129,1121,1122,-1,1129,1122,1130,-1,1130,1122,1123,-1,1130,1123,1131,-1,1131,1123,1124,-1,1131,1124,835,-1,835,1124,786,-1,214,213,1046,-1,1046,213,1125,-1,1046,1125,1132,-1,1132,1125,1126,-1,1132,1126,1133,-1,1133,1126,1127,-1,1133,1127,1134,-1,1134,1127,1128,-1,1134,1128,1135,-1,1135,1128,1129,-1,1135,1129,1099,-1,1099,1129,1130,-1,1099,1130,1049,-1,1049,1130,1131,-1,1049,1131,834,-1,834,1131,835,-1,223,225,1136,-1,1136,225,1046,-1,1136,1046,1137,-1,1137,1046,1132,-1,1137,1132,1138,-1,1138,1132,1133,-1,1138,1133,1139,-1,1139,1133,1134,-1,1139,1134,1098,-1,1098,1134,1135,-1,1098,1135,1050,-1,1050,1135,1099,-1,1050,1099,825,-1,825,1099,826,-1,238,223,1045,-1,1045,223,1136,-1,1045,1136,1140,-1,1140,1136,1137,-1,1140,1137,1141,-1,1141,1137,1138,-1,1141,1138,1142,-1,1142,1138,1139,-1,1142,1139,1097,-1,1097,1139,1098,-1,1097,1098,858,-1,858,1098,859,-1,233,236,1093,-1,1093,236,1045,-1,1093,1045,1094,-1,1094,1045,1140,-1,1094,1140,1095,-1,1095,1140,1141,-1,1095,1141,1096,-1,1096,1141,1142,-1,1096,1142,853,-1,853,1142,1097,-1,853,1097,854,-1,854,1097,855,-1,76,1143,1144,-1,944,942,1145,-1,798,797,1146,-1,964,959,1147,-1,1148,1149,1150,-1,1151,1152,1153,-1,1154,102,105,-1,1154,105,1155,-1,1156,1157,1158,-1,1158,1157,1159,-1,1158,1159,1155,-1,1160,1161,1162,-1,1162,1161,1163,-1,1162,1163,1164,-1,1165,1166,1167,-1,1167,1166,1168,-1,1167,1168,1169,-1,1170,1171,1172,-1,1172,1173,1170,-1,1170,1173,1174,-1,1170,1174,1175,-1,1175,1174,1176,-1,1175,1176,1177,-1,1151,1153,1178,-1,1179,1180,1181,-1,1182,1183,1179,-1,1179,1183,1184,-1,1184,1185,1179,-1,1179,1185,1186,-1,1179,1186,1180,-1,1187,1188,1189,-1,1189,1188,1190,-1,1189,1190,1150,-1,1150,1190,1191,-1,1150,1191,1148,-1,962,961,1192,-1,1192,961,960,-1,1192,960,1187,-1,1187,960,786,-1,1187,786,1188,-1,959,958,1147,-1,1147,958,956,-1,1147,956,1192,-1,1192,956,955,-1,1192,955,962,-1,1146,966,1193,-1,1193,966,965,-1,1193,965,964,-1,797,969,1146,-1,1146,969,967,-1,1146,967,966,-1,794,974,1194,-1,1194,974,973,-1,973,971,1194,-1,1194,971,970,-1,1194,970,798,-1,1195,1196,794,-1,934,929,1196,-1,1196,929,928,-1,1196,928,792,-1,792,791,1196,-1,1196,791,795,-1,1196,795,794,-1,938,936,1197,-1,1197,936,935,-1,935,931,1197,-1,1197,931,933,-1,1197,933,934,-1,942,941,1145,-1,1145,941,939,-1,1145,939,938,-1,945,944,1143,-1,945,1143,947,-1,76,68,1143,-1,1143,68,67,-1,1143,67,949,-1,949,950,1143,-1,1143,950,948,-1,1143,948,947,-1,1155,105,1158,-1,1158,105,108,-1,1158,108,1198,-1,108,110,1198,-1,1198,110,97,-1,1198,97,1199,-1,1199,97,99,-1,1199,99,1200,-1,1200,99,90,-1,1200,90,1201,-1,90,89,1201,-1,1201,89,94,-1,1201,94,1202,-1,1202,94,81,-1,1202,81,1203,-1,964,1147,1193,-1,1193,1147,1192,-1,1193,1192,1204,-1,1204,1192,1187,-1,1204,1187,1205,-1,1205,1187,1189,-1,1205,1189,1206,-1,1206,1189,1150,-1,1206,1150,1182,-1,1182,1150,1149,-1,1182,1149,1183,-1,794,1194,1195,-1,1195,1194,1207,-1,1195,1207,1208,-1,1208,1207,1209,-1,1208,1209,1210,-1,1210,1209,1211,-1,1210,1211,1212,-1,1212,1211,1213,-1,1212,1213,1214,-1,1214,1213,1215,-1,1214,1215,1216,-1,1216,1215,1217,-1,1216,1217,1218,-1,1218,1217,1153,-1,1218,1153,1170,-1,1170,1153,1152,-1,1170,1152,1171,-1,798,1146,1194,-1,1194,1146,1193,-1,1194,1193,1207,-1,1207,1193,1204,-1,1207,1204,1209,-1,1209,1204,1205,-1,1209,1205,1211,-1,1211,1205,1206,-1,1211,1206,1213,-1,1213,1206,1182,-1,1213,1182,1215,-1,1215,1182,1179,-1,1215,1179,1217,-1,1217,1179,1181,-1,1217,1181,1153,-1,1153,1181,1219,-1,1153,1219,1178,-1,81,80,1203,-1,1203,80,84,-1,1203,84,1220,-1,1220,84,86,-1,1220,86,1144,-1,1144,86,74,-1,1144,74,76,-1,944,1145,1143,-1,1143,1145,1221,-1,1143,1221,1144,-1,1144,1221,1222,-1,1144,1222,1220,-1,1220,1222,1223,-1,1220,1223,1203,-1,1203,1223,1224,-1,1203,1224,1202,-1,1202,1224,1225,-1,1202,1225,1201,-1,1201,1225,1226,-1,1201,1226,1200,-1,1200,1226,1227,-1,1200,1227,1199,-1,1199,1227,1228,-1,1199,1228,1198,-1,1198,1228,1162,-1,1198,1162,1158,-1,1158,1162,1164,-1,1158,1164,1156,-1,938,1197,1145,-1,1145,1197,1229,-1,1145,1229,1221,-1,1221,1229,1230,-1,1221,1230,1222,-1,1222,1230,1231,-1,1222,1231,1223,-1,1223,1231,1232,-1,1223,1232,1224,-1,1224,1232,1233,-1,1224,1233,1225,-1,1225,1233,1234,-1,1225,1234,1226,-1,1226,1234,1235,-1,1226,1235,1227,-1,1227,1235,1236,-1,1227,1236,1228,-1,1228,1236,1167,-1,1228,1167,1162,-1,1162,1167,1169,-1,1162,1169,1160,-1,934,1196,1197,-1,1197,1196,1195,-1,1197,1195,1229,-1,1229,1195,1208,-1,1229,1208,1230,-1,1230,1208,1210,-1,1230,1210,1231,-1,1231,1210,1212,-1,1231,1212,1232,-1,1232,1212,1214,-1,1232,1214,1233,-1,1233,1214,1216,-1,1233,1216,1234,-1,1234,1216,1218,-1,1234,1218,1235,-1,1235,1218,1170,-1,1235,1170,1236,-1,1236,1170,1175,-1,1236,1175,1167,-1,1167,1175,1177,-1,1167,1177,1165,-1,1237,786,1238,-1,1239,1240,1241,-1,1072,1070,1242,-1,193,190,1243,-1,1244,132,133,-1,1245,113,116,-1,1246,1247,1248,-1,1249,1248,1250,-1,1185,1184,1251,-1,1152,1151,1252,-1,1180,1186,1253,-1,786,1254,1255,-1,1256,786,1255,-1,1183,1149,1257,-1,1257,1149,1148,-1,1257,1148,1191,-1,1191,1190,1257,-1,1257,1190,1188,-1,1257,1188,786,-1,1258,1259,1260,-1,1260,1259,1261,-1,1260,1261,1262,-1,1180,1253,1181,-1,1261,1263,1262,-1,1262,1263,1264,-1,1262,1264,1253,-1,1253,1264,1265,-1,1253,1265,1181,-1,1181,1265,1266,-1,1181,1266,1219,-1,1252,1266,1267,-1,1267,1266,1265,-1,1267,1265,1268,-1,1268,1265,1264,-1,1268,1264,1269,-1,1269,1264,1263,-1,1269,1263,1270,-1,1270,1263,1261,-1,1270,1261,1271,-1,1271,1261,1259,-1,1271,1259,1272,-1,1272,1259,1258,-1,1272,1258,1273,-1,1273,1258,1274,-1,1252,1151,1266,-1,1266,1151,1178,-1,1266,1178,1219,-1,1186,1185,1253,-1,1253,1185,1251,-1,1253,1251,1262,-1,1262,1251,1256,-1,1262,1256,1260,-1,1260,1256,1255,-1,1260,1255,1258,-1,1258,1255,1254,-1,1258,1254,1274,-1,1275,1247,1276,-1,1276,1247,1246,-1,1276,1246,1277,-1,1278,1275,1279,-1,1279,1275,1276,-1,1279,1276,1280,-1,1280,1276,1277,-1,1280,1277,1281,-1,1282,1283,1284,-1,156,158,1285,-1,1285,158,1283,-1,1285,1283,1286,-1,1286,1283,1282,-1,1286,1282,1287,-1,1288,1287,1289,-1,1289,1287,1282,-1,1289,1282,1290,-1,1290,1282,1284,-1,1290,1284,1244,-1,1244,1284,141,-1,1244,141,132,-1,158,149,1283,-1,1283,149,138,-1,1283,138,1284,-1,1284,138,137,-1,1284,137,141,-1,1291,1278,1292,-1,1292,1278,1279,-1,1292,1279,1293,-1,1293,1279,1280,-1,1293,1280,1294,-1,1294,1280,1281,-1,1294,1281,1295,-1,1296,1177,1297,-1,1297,1177,1176,-1,1297,1176,1174,-1,1298,1169,1168,-1,1298,1168,1299,-1,1299,1168,1166,-1,1299,1166,1296,-1,1296,1166,1165,-1,1296,1165,1177,-1,1300,1291,1301,-1,1301,1291,1292,-1,1301,1292,1302,-1,1302,1292,1293,-1,1302,1293,1303,-1,1303,1293,1294,-1,1303,1294,1304,-1,1304,1294,1295,-1,1304,1295,1305,-1,1306,1307,1308,-1,1308,1307,1309,-1,1308,1309,1310,-1,1310,1309,1311,-1,1310,1311,1312,-1,1312,1311,1313,-1,1312,1313,1314,-1,1314,1313,1315,-1,1314,1315,1316,-1,1297,1300,1296,-1,1296,1300,1301,-1,1296,1301,1299,-1,1299,1301,1302,-1,1299,1302,1298,-1,1298,1302,1303,-1,1298,1303,1317,-1,1317,1303,1304,-1,1317,1304,1318,-1,1318,1304,1305,-1,1318,1305,1319,-1,1154,1155,1319,-1,1155,1159,1319,-1,1319,1159,1157,-1,1319,1157,1318,-1,1318,1157,1156,-1,1315,121,1316,-1,1316,121,122,-1,1316,122,127,-1,1320,1306,1321,-1,1321,1306,1308,-1,1321,1308,1322,-1,1322,1308,1310,-1,1322,1310,1323,-1,1323,1310,1312,-1,1323,1312,1324,-1,1324,1312,1314,-1,1324,1314,1325,-1,1325,1314,1316,-1,1325,1316,1245,-1,1245,1316,127,-1,1245,127,113,-1,1156,1164,1318,-1,1318,1164,1163,-1,1318,1163,1317,-1,1317,1163,1161,-1,1317,1161,1298,-1,1298,1161,1160,-1,1298,1160,1169,-1,1307,1288,1309,-1,1309,1288,1289,-1,1309,1289,1311,-1,1311,1289,1290,-1,1311,1290,1313,-1,1313,1290,1244,-1,1313,1244,1315,-1,1315,1244,133,-1,1315,133,121,-1,1067,1080,1326,-1,1326,1080,1079,-1,1326,1079,1327,-1,1079,1077,1327,-1,1327,1077,1075,-1,1327,1075,1328,-1,1075,1074,1328,-1,1328,1074,1085,-1,1328,1085,1329,-1,1089,1330,1081,-1,1081,1330,1331,-1,1081,1331,1082,-1,1082,1331,1329,-1,1082,1329,1084,-1,1084,1329,1085,-1,1089,1088,1330,-1,1330,1088,1087,-1,1330,1087,1332,-1,1332,1087,1092,-1,1332,1092,1243,-1,195,193,1090,-1,1090,193,1243,-1,1090,1243,1091,-1,1091,1243,1092,-1,1333,188,176,-1,1242,1326,1334,-1,1334,1326,1327,-1,1334,1327,1335,-1,1335,1327,1328,-1,1335,1328,1336,-1,1336,1328,1329,-1,1336,1329,1337,-1,1337,1329,1331,-1,1337,1331,1338,-1,1338,1331,1330,-1,1338,1330,1339,-1,1339,1330,1332,-1,1339,1332,1340,-1,1340,1332,1243,-1,1340,1243,1333,-1,1333,1243,190,-1,1333,190,188,-1,1341,167,163,-1,1342,173,169,-1,1343,179,181,-1,1054,1052,1344,-1,1344,1052,1051,-1,786,1117,1344,-1,1344,1117,1055,-1,1344,1055,1054,-1,1058,1061,1241,-1,1345,1056,1058,-1,1061,1060,1346,-1,1065,1063,1347,-1,1347,1063,1062,-1,1347,1062,1073,-1,1242,1070,1326,-1,1326,1070,1068,-1,1326,1068,1067,-1,1066,1065,1348,-1,1348,1065,1347,-1,1348,1347,1349,-1,1349,1347,1350,-1,1349,1350,1351,-1,1351,1350,1352,-1,1351,1352,1353,-1,1353,1352,1354,-1,1353,1354,1355,-1,1355,1354,1356,-1,1355,1356,1357,-1,1357,1356,1358,-1,1357,1358,1359,-1,1359,1358,1360,-1,1359,1360,1361,-1,1361,1360,1362,-1,1361,1362,1363,-1,1363,1362,1364,-1,1363,1364,1365,-1,1365,1364,1343,-1,1365,1343,1366,-1,1366,1343,181,-1,1366,181,171,-1,1073,1072,1347,-1,1347,1072,1242,-1,1347,1242,1350,-1,1350,1242,1334,-1,1350,1334,1352,-1,1352,1334,1335,-1,1352,1335,1354,-1,1354,1335,1336,-1,1354,1336,1356,-1,1356,1336,1337,-1,1356,1337,1358,-1,1358,1337,1338,-1,1358,1338,1360,-1,1360,1338,1339,-1,1360,1339,1362,-1,1362,1339,1340,-1,1362,1340,1364,-1,1364,1340,1333,-1,1364,1333,1343,-1,1343,1333,176,-1,1343,176,179,-1,1061,1346,1241,-1,1241,1346,1367,-1,1241,1367,1239,-1,1239,1367,1368,-1,1239,1368,1369,-1,1369,1368,1370,-1,1369,1370,1371,-1,1371,1370,1372,-1,1371,1372,1373,-1,1373,1372,1374,-1,1373,1374,1375,-1,1375,1374,1376,-1,1375,1376,1377,-1,1377,1376,1378,-1,1377,1378,1379,-1,1379,1378,1380,-1,1379,1380,1381,-1,1381,1380,1382,-1,1381,1382,1383,-1,1383,1382,1384,-1,1383,1384,1385,-1,1385,1384,1342,-1,1385,1342,1341,-1,1341,1342,169,-1,1341,169,167,-1,1386,1387,1388,-1,1388,1387,1389,-1,1388,1389,1390,-1,1240,1239,1391,-1,1391,1239,1369,-1,1391,1369,1392,-1,1392,1369,1371,-1,1392,1371,1393,-1,1393,1371,1373,-1,1393,1373,1394,-1,1394,1373,1375,-1,1394,1375,1395,-1,1395,1375,1377,-1,1395,1377,1396,-1,1396,1377,1379,-1,1396,1379,1397,-1,1397,1379,1381,-1,1397,1381,1398,-1,1398,1381,1383,-1,1398,1383,1399,-1,1399,1383,1385,-1,1399,1385,1400,-1,1400,1385,1341,-1,1400,1341,1401,-1,1401,1341,163,-1,1401,163,154,-1,786,1237,1254,-1,1254,1237,1402,-1,1254,1402,1274,-1,1274,1402,1403,-1,1274,1403,1273,-1,1273,1403,1404,-1,1273,1404,1272,-1,1272,1404,1405,-1,1272,1405,1271,-1,1271,1405,1406,-1,1271,1406,1270,-1,1270,1406,1407,-1,1270,1407,1269,-1,1269,1407,1408,-1,1269,1408,1268,-1,1268,1408,1409,-1,1268,1409,1267,-1,1267,1409,1410,-1,1267,1410,1252,-1,1252,1410,1411,-1,1252,1411,1152,-1,1344,1238,786,-1,1060,1066,1346,-1,1346,1066,1348,-1,1346,1348,1367,-1,1367,1348,1349,-1,1367,1349,1368,-1,1368,1349,1351,-1,1368,1351,1370,-1,1370,1351,1353,-1,1370,1353,1372,-1,1372,1353,1355,-1,1372,1355,1374,-1,1374,1355,1357,-1,1374,1357,1376,-1,1376,1357,1359,-1,1376,1359,1378,-1,1378,1359,1361,-1,1378,1361,1380,-1,1380,1361,1363,-1,1380,1363,1382,-1,1382,1363,1365,-1,1382,1365,1384,-1,1384,1365,1366,-1,1384,1366,1342,-1,1342,1366,171,-1,1342,171,173,-1,1250,1320,1249,-1,1249,1320,1321,-1,1249,1321,1412,-1,1412,1321,1322,-1,1412,1322,1413,-1,1413,1322,1323,-1,1413,1323,1414,-1,1414,1323,1324,-1,1414,1324,1415,-1,1415,1324,1325,-1,1415,1325,1416,-1,1416,1325,1245,-1,1416,1245,1417,-1,1417,1245,116,-1,1417,116,5,-1,1248,1249,1246,-1,1246,1249,1412,-1,1246,1412,1277,-1,1277,1412,1413,-1,1277,1413,1281,-1,1281,1413,1414,-1,1281,1414,1295,-1,1295,1414,1415,-1,1295,1415,1305,-1,1305,1415,1416,-1,1305,1416,1319,-1,1319,1416,1417,-1,1319,1417,1154,-1,1154,1417,5,-1,1154,5,102,-1,1173,1172,1411,-1,1411,1172,1171,-1,1411,1171,1152,-1,1058,1241,1345,-1,1345,1241,1240,-1,1345,1240,1386,-1,1386,1240,1391,-1,1386,1391,1387,-1,1387,1391,1392,-1,1387,1392,1389,-1,1389,1392,1393,-1,1389,1393,1418,-1,1418,1393,1394,-1,1418,1394,1250,-1,1250,1394,1395,-1,1250,1395,1320,-1,1320,1395,1396,-1,1320,1396,1306,-1,1306,1396,1397,-1,1306,1397,1307,-1,1307,1397,1398,-1,1307,1398,1288,-1,1288,1398,1399,-1,1288,1399,1287,-1,1287,1399,1400,-1,1287,1400,1286,-1,1286,1400,1401,-1,1286,1401,1285,-1,1285,1401,154,-1,1285,154,156,-1,1174,1173,1297,-1,1297,1173,1411,-1,1297,1411,1300,-1,1300,1411,1410,-1,1300,1410,1291,-1,1291,1410,1409,-1,1291,1409,1278,-1,1278,1409,1408,-1,1278,1408,1275,-1,1275,1408,1407,-1,1275,1407,1247,-1,1247,1407,1406,-1,1247,1406,1248,-1,1248,1406,1405,-1,1248,1405,1250,-1,1250,1405,1404,-1,1250,1404,1418,-1,1418,1404,1403,-1,1418,1403,1389,-1,1389,1403,1402,-1,1389,1402,1390,-1,1390,1402,1237,-1,1390,1237,1388,-1,1388,1237,1238,-1,1388,1238,1386,-1,1386,1238,1344,-1,1386,1344,1345,-1,1345,1344,1051,-1,1345,1051,1056,-1,1184,1183,1251,-1,1251,1183,1257,-1,1251,1257,1256,-1,1256,1257,786,-1,
        ]
    }
}
Shape{
    appearance Appearance {
        material  Material 	{
            diffuseColor 0.0 0.1843137254901961 0.16862745098039217
            specularColor 0.0 0.09411764705882353 0.08627450980392157
            ambientIntensity 0.2
            transparency 0
            shininess 0.5
        }
    }
    geometry IndexedFaceSet {
        ccw TRUE
        solid FALSE
        coord DEF co Coordinate {
            point [
                -0.1224 -0.4566 -2.5899, -0.005 -0.4648 -2.59, -0.0058 -0.4489 -2.5445, 0.4655 -0.2951 -2.6347, 0.5008 -0.258 -2.6345, 0.4828 -0.2536 -2.5873, 0.5316 -0.2183 -2.6343, -0.3044 -0.3552 -2.497, -0.2896 -0.332 -2.4511, -0.364 -0.2826 -2.45, 0.2937 -0.3536 -2.4968, 0.3089 -0.3695 -2.5427, 0.3931 -0.3138 -2.5417, 0.581 0.1503 -2.6341, 0.5955 0.105 -2.6339, 0.6296 0.1079 -2.7312, 0.5659 0.2387 -2.7312, 0.534 0.2777 -2.7312, 0.5056 0.2736 -2.6345, -0.3225 0.3805 -2.5888, -0.3086 0.3684 -2.5428, -0.2126 0.411 -2.5436, -0.4099 0.3225 -2.5881, -0.3926 0.3125 -2.5418, -0.4824 0.2527 -2.5874, -0.5005 0.2575 -2.6345, -0.5314 0.2178 -2.6344, 0.6113 0.111 -3.1496, 0.5952 0.1222 -3.1496, 0.6005 0.1495 -3.0954, 0.6749 0.0501 -3.0946, 0.6689 0.0652 -3.0946, 0.6714 0.0767 -3.0404, 0.6613 0.0801 -3.0947, 0.6522 0.0946 -3.0948, 0.6547 0.1102 -3.0407, 0.6415 0.1089 -3.095, 0.6293 0.1228 -3.0951, 0.6317 0.1422 -3.0411, 0.5755 0.136 -3.1496, 0.5614 0.1436 -3.1496, 0.5663 0.1747 -3.0958, -0.4739 0.1841 -3.1496, -0.4788 0.182 -3.1496, -0.4826 0.2138 -3.0965, -0.6385 0.086 -3.1496, -0.6463 0.0761 -3.1496, -0.652 0.0872 -3.0948, -0.6114 0.1109 -3.1496, -0.6236 0.0997 -3.1496, -0.629 0.1154 -3.0951, -0.6612 0.0727 -3.0947, -0.6689 0.0579 -3.0946, -0.6712 0.0636 -3.0404, -0.6749 0.0429 -3.0946, -0.6792 0.0277 -3.0945, -0.6817 0.0292 -3.0402, -0.6123 0.1316 -2.7312, -0.5904 0.176 -2.7312, -0.614 0.168 -2.8314, -0.6384 0.0376 -2.7312, -0.6284 0.0853 -2.7312, -0.6532 0.081 -2.8313, -0.6291 -0.1215 -3.0951, -0.6314 -0.1403 -3.0412, -0.6545 -0.1086 -3.0408, -0.5268 -0.1968 -3.0962, -0.4827 -0.2184 -3.0966, -0.4846 -0.2504 -3.0433, -0.4308 -0.3475 -2.8843, -0.4787 -0.3197 -2.884, -0.4826 -0.3011 -2.9367, -0.6052 -0.195 -2.7809, -0.5927 -0.1973 -2.7312, -0.614 -0.1536 -2.7312, 0.6291 -0.1167 -3.095, 0.6314 -0.131 -3.041, 0.6025 -0.162 -3.0414, 0.6848 0.0083 -2.9867, 0.6817 0.0099 -2.9341, 0.678 -0.0329 -2.9342, 0.433 -0.3166 -2.937, 0.4815 -0.2889 -2.9365, 0.477 -0.3052 -2.8839, 0.3081 0.3246 -3.0329, 0.2989 0.3525 -2.9916, 0.3835 0.3262 -2.991, 0.2602 0.4129 -2.885, 0.2643 0.4122 -2.8851, 0.2646 0.4084 -2.8941, 0.1992 0.4536 -2.7899, 0.1906 0.4566 -2.7811, 0.2574 0.4407 -2.7811, 0.133 0.472 -2.7312, 0.1321 0.4721 -2.7307, 0.1294 0.4727 -2.6829, 0.3312 -0.2248 -3.1496, 0.3785 -0.2131 -3.1496, 0.3816 -0.2533 -3.0972, 0.3707 0.1902 -2.3623, 0.377 0.1832 -2.3622, 0.4257 0.2246 -2.449, 0.447 0.0296 -2.3622, 0.4472 0.0274 -2.3622, 0.5063 0.0409 -2.4473, 0.4137 -0.1299 -2.3621, 0.4089 -0.1382 -2.3621, 0.4653 -0.1567 -2.448, -0.4487 0.0008 -2.3622, -0.5081 0.0002 -2.4472, -0.4475 -0.0161 -2.3622, -0.5063 -0.0404 -2.4473, -0.4467 -0.0274 -2.3622, -0.446 -0.0367 -2.3622, -0.444 -0.0463 -2.3622, -0.4993 -0.0799 -2.4475, -0.4408 -0.061 -2.3622, -0.4709 -0.1549 -2.4481, -0.4166 -0.125 -2.3622, -0.4187 -0.1214 -2.3621, -0.4203 -0.1186 -2.3621, -0.4285 -0.0987 -2.3622, -0.4874 -0.1182 -2.4478, -0.435 -0.0831 -2.3622, -0.4379 -0.074 -2.3622, -0.438 -0.0736 -2.3622, -0.4006 -0.1526 -2.3622, -0.4501 -0.19 -2.4485, -0.3957 -0.1597 -2.3622, -0.3034 -0.249 -2.3623, -0.3235 -0.2339 -2.3623, -0.3358 -0.2248 -2.3623, -0.3669 -0.195 -2.3622, -0.4251 -0.2231 -2.449, -0.342 -0.2188 -2.3623, -0.3963 -0.254 -2.4495, -0.3708 -0.1903 -2.3622, -0.3768 -0.183 -2.3622, -0.3937 -0.1626 -2.3622, -0.2523 -0.2803 -2.3623, -0.2529 -0.28 -2.3623, -0.2585 -0.2767 -2.3623, -0.2942 -0.2559 -2.3623, -0.134 -0.3235 -2.3622, -0.1833 -0.3092 -2.3622, -0.204 -0.3694 -2.4519, -0.1858 -0.3085 -2.3622, -0.2083 -0.3002 -2.3622, -0.0096 -0.3388 -2.3622, -0.0258 -0.3384 -2.3622, -0.0086 -0.3708 -2.4057, -0.0076 -0.4018 -2.4528, -0.0474 -0.3364 -2.3622, -0.0807 -0.3334 -2.3622, -0.1093 -0.3932 -2.4525, -0.098 -0.3302 -2.3622, -0.0996 -0.3299 -2.3622, 0.0507 -0.3368 -2.3622, 0.0078 -0.3384 -2.3622, -0.006 -0.3389 -2.3622, 0.1287 -0.324 -2.3621, 0.1065 -0.3293 -2.3621, 0.0875 -0.3642 -2.4056, 0.0809 -0.3327 -2.3622, 0.067 -0.3346 -2.3622, 0.2143 -0.2978 -2.3622, 0.1911 -0.3058 -2.3622, 0.1776 -0.3434 -2.4051, 0.1656 -0.3148 -2.3621, 0.161 -0.3163 -2.3621, 0.317 -0.3105 -2.4504, 0.2773 -0.3337 -2.4509, 0.2775 -0.2655 -2.3622, 0.2611 -0.2756 -2.3622, 0.252 -0.2799 -2.3622, 0.2597 -0.3098 -2.4045, 0.2425 -0.2844 -2.3622, 0.3287 -0.2306 -2.3623, 0.3102 -0.2445 -2.3623, 0.3537 -0.2846 -2.4498, 0.3068 -0.2471 -2.3623, 0.3043 -0.249 -2.3623, 0.3396 -0.2207 -2.3623, 0.3871 -0.256 -2.4493, 0.3517 -0.2096 -2.3622, 0.4171 -0.2251 -2.4488, 0.3623 -0.1999 -2.3622, 0.3911 -0.1661 -2.3622, 0.3897 -0.1677 -2.3622, 0.4432 -0.1919 -2.4484, 0.3875 -0.1703 -2.3622, 0.3663 -0.1952 -2.3622, 0.4012 -0.1518 -2.3622, 0.4963 -0.0813 -2.4474, 0.4373 -0.0753 -2.3622, 0.4361 -0.0798 -2.3622, 0.4831 -0.1198 -2.4476, 0.4318 -0.0906 -2.3622, 0.4213 -0.1166 -2.3621, 0.4479 -0.0205 -2.3622, 0.4446 -0.0417 -2.3622, 0.5047 -0.0414 -2.4473, 0.4429 -0.0528 -2.3622, 0.4422 -0.0575 -2.3622, 0.4481 0.0173 -2.3622, 0.5081 -0.0002 -2.4472, 0.4481 0.0161 -2.3622, 0.4479 -0.0072 -2.3622, 0.4479 -0.0171 -2.3622, 0.4438 0.0463 -2.3622, 0.4994 0.0808 -2.4475, 0.441 0.0611 -2.3622, 0.4713 0.1563 -2.4481, 0.4184 0.1212 -2.3622, 0.4877 0.1193 -2.4477, 0.4244 0.1099 -2.3621, 0.4277 0.1024 -2.3622, 0.4289 0.0989 -2.3622, 0.4375 0.0739 -2.3622, 0.44 0.0665 -2.3622, 0.3817 0.1781 -2.3622, 0.3952 0.1594 -2.3622, 0.4506 0.1915 -2.4485, 0.4054 0.1452 -2.3622, 0.4164 0.1248 -2.3622, 0.3645 0.2842 -2.45, 0.3238 0.2344 -2.3623, 0.3419 0.2186 -2.3623, 0.3554 0.2068 -2.3623, 0.252 0.2797 -2.3623, 0.2584 0.2764 -2.3623, 0.29 0.3333 -2.451, 0.272 0.2696 -2.3623, 0.2845 0.262 -2.3623, 0.3034 0.249 -2.3623, 0.3219 0.2361 -2.3623, 0.2042 0.3703 -2.4519, 0.1833 0.3092 -2.3622, 0.1847 0.3087 -2.3622, 0.2275 0.2921 -2.3622, 0.0979 0.3301 -2.3622, 0.0996 0.3298 -2.3622, 0.1044 0.3626 -2.4056, 0.1306 0.3243 -2.3622, 0.0086 0.3708 -2.4057, 0.0184 0.3386 -2.3622, 0.0474 0.3364 -2.3622, 0.0739 0.3343 -2.3622, -0.0671 0.3351 -2.3622, -0.0379 0.3377 -2.3622, -0.0078 0.3382 -2.3622, 0.0096 0.3385 -2.3622, -0.1288 0.3245 -2.3621, -0.1249 0.3256 -2.3621, -0.1431 0.3834 -2.4522, -0.1242 0.3257 -2.3621, -0.0809 0.3329 -2.3622, -0.1912 0.306 -2.3622, -0.1779 0.3111 -2.3621, -0.19 0.3697 -2.4519, -0.1655 0.3145 -2.3621, -0.2769 0.3324 -2.451, -0.2288 0.2915 -2.3622, -0.3068 0.2471 -2.3623, -0.267 0.2723 -2.3622, -0.3103 0.2446 -2.3623, -0.3086 0.2459 -2.3623, -0.3532 0.2831 -2.45, -0.252 0.2799 -2.3622, -0.2426 0.2846 -2.3622, -0.346 0.2157 -2.3623, -0.3866 0.2545 -2.4495, -0.352 0.2099 -2.3623, -0.4166 0.2236 -2.449, -0.3634 0.1987 -2.3622, -0.4428 0.1905 -2.4485, -0.3875 0.1703 -2.3622, -0.3664 0.1952 -2.3622, -0.421 0.1173 -2.3621, -0.4142 0.1303 -2.3621, -0.4649 0.1554 -2.4481, -0.4091 0.1382 -2.3621, -0.3914 0.1657 -2.3622, -0.4318 0.0906 -2.3622, -0.4828 0.1187 -2.4477, -0.4356 0.0812 -2.3622, -0.4962 0.0804 -2.4475, -0.4371 0.0753 -2.3622, -0.4427 0.0528 -2.3622, -0.5047 0.0409 -2.4473, -0.4449 0.0439 -2.3622, -0.4486 0.0072 -2.3622, -0.4476 0.017 -2.3622, -0.4451 0.0418 -2.3622, 0.3785 0.2131 -3.1496, 0.3185 0.2275 -3.1496, 0.3184 0.228 -3.149, 0.3818 0.2569 -3.0973, 0.3115 -0.3039 -3.054, 0.3163 -0.2711 -3.0976, 0.3167 -0.2683 -3.1012, 0.3184 -0.2279 -3.149, 0.3185 -0.2274 -3.1496, 0.2988 -0.3451 -2.9915, 0.3025 -0.3366 -3.0054, 0.3825 -0.3171 -2.9908, 0.3087 -0.314 -3.0389, 0.262 -0.4028 -2.8875, 0.262 -0.4028 -2.8876, 0.3768 -0.361 -2.8845, 0.2756 -0.387 -2.9186, 0.2814 -0.3778 -2.9353, 0.3804 -0.3415 -2.9375, 0.2824 -0.3762 -2.9381, 0.2916 -0.3617 -2.9643, 0.231 -0.428 -2.8326, 0.2382 -0.4231 -2.8438, 0.258 -0.4202 -2.8325, 0.2403 -0.4217 -2.847, 0.2618 -0.4037 -2.8851, 0.2607 -0.4039 -2.8851, 0.2268 -0.4309 -2.826, 0.2531 -0.4314 -2.7811, 0.2007 -0.4448 -2.7917, 0.1315 -0.4668 -2.7297, 0.1334 -0.4663 -2.7312, 0.2471 -0.4375 -2.7312, 0.1615 -0.4592 -2.7523, 0.1805 -0.4527 -2.7705, 0.1892 -0.4497 -2.7788, 0.1912 -0.4488 -2.7811, -0.0036 -0.4803 -2.683, -0.0035 -0.4805 -2.6887, -0.0012 -0.4805 -2.6886, -0.0002 -0.4805 -2.6887, 0.0329 -0.4792 -2.6911, 0.1224 -0.4684 -2.6829, 0.0399 -0.4788 -2.6923, 0.0576 -0.4772 -2.6969, 0.0734 -0.4759 -2.701, 0.1056 -0.4716 -2.7147, 0.1176 -0.4694 -2.7217, 0.126 -0.4678 -2.7266, 0.24 -0.4384 -2.6828, -0.1098 -0.4756 -2.7169, -0.0764 -0.4788 -2.7021, -0.1294 -0.4727 -2.6829, -0.1179 -0.4744 -2.7219, -0.0579 -0.4797 -2.6971, -0.0394 -0.4805 -2.6922, -0.0051 -0.4806 -2.6887, -0.1892 -0.4618 -2.6829, -0.1328 -0.472 -2.7312, -0.1321 -0.4721 -2.7308, -0.1726 -0.463 -2.7622, -0.1413 -0.4706 -2.7365, -0.1936 -0.4615 -2.7312, -0.1808 -0.46 -2.7708, -0.2525 -0.4465 -2.7312, -0.1906 -0.4565 -2.7811, -0.2148 -0.4462 -2.8093, -0.2012 -0.4526 -2.7923, -0.2574 -0.4406 -2.7811, -0.2305 -0.4365 -2.8326, -0.2602 -0.4121 -2.8851, -0.2518 -0.421 -2.8675, -0.2613 -0.4289 -2.8326, -0.2398 -0.4307 -2.8463, -0.2384 -0.4316 -2.8443, -0.2645 -0.4076 -2.894, -0.2642 -0.4115 -2.8852, -0.2721 -0.3995 -2.9101, -0.3232 -0.3937 -2.8849, -0.2792 -0.3898 -2.9279, -0.3789 -0.3723 -2.8846, -0.2818 -0.3852 -2.9357, -0.3818 -0.351 -2.9377, -0.2826 -0.3837 -2.9383, -0.2945 -0.3623 -2.9744, -0.3832 -0.3244 -2.991, -0.2991 -0.3511 -2.9917, -0.2983 -0.3534 -2.9884, -0.3832 -0.2926 -3.0444, -0.3092 -0.3183 -3.0394, -0.3089 -0.3197 -3.0377, -0.3159 -0.2728 -3.0974, -0.3137 -0.2949 -3.0706, -0.31 -0.3142 -3.0449, -0.4005 -0.2079 -3.1496, -0.3785 -0.2131 -3.1496, -0.3816 -0.2557 -3.0974, -0.3185 -0.2274 -3.1496, -0.3178 -0.2535 -3.1207, -0.3815 0.2521 -3.0973, -0.3163 0.2701 -3.0977, -0.3166 0.2684 -3.0999, -0.3185 0.2275 -3.1496, -0.3307 0.2249 -3.1496, -0.3109 0.3055 -3.0498, -0.3828 0.286 -3.0443, -0.3099 0.3087 -3.0449, -0.3089 0.3123 -3.0395, -0.3824 0.3153 -2.991, -0.3014 0.3382 -3.0008, -0.3804 0.34 -2.9376, -0.2898 0.3638 -2.9586, -0.2989 0.3437 -2.9916, -0.2619 0.4018 -2.8878, -0.2734 0.3889 -2.9132, -0.3767 0.3599 -2.8846, -0.2816 0.3764 -2.9358, -0.2824 0.375 -2.9382, -0.258 0.4198 -2.8326, -0.231 0.4276 -2.8326, -0.2376 0.4233 -2.8426, -0.2385 0.4225 -2.8442, -0.2596 0.4045 -2.8826, -0.2618 0.4029 -2.8852, -0.2607 0.4032 -2.8851, -0.2243 0.4321 -2.8223, -0.2531 0.4314 -2.7811, -0.198 0.4459 -2.7886, -0.1326 0.4663 -2.7312, -0.1489 0.4627 -2.7421, -0.247 0.4375 -2.7312, -0.1575 0.4604 -2.749, -0.1809 0.4525 -2.7708, -0.1868 0.4506 -2.7763, -0.1912 0.4487 -2.7811, 0.0024 0.4805 -2.6886, -0.0001 0.4804 -2.6888, 0.0036 0.4803 -2.683, -0.0333 0.4792 -2.6912, -0.1224 0.4684 -2.6829, -0.058 0.4772 -2.697, -0.0686 0.4764 -2.6994, -0.0866 0.4743 -2.706, -0.1181 0.4695 -2.7216, -0.1187 0.4694 -2.7218, 0.1175 0.4744 -2.7218, 0.1072 0.476 -2.7155, 0.0738 0.479 -2.7012, 0.0576 0.4797 -2.697, 0.0368 0.4805 -2.6917, 0.0035 0.4805 -2.6887, 0.2466 0.4467 -2.6828, 0.2525 0.4464 -2.7312, 0.1388 0.4711 -2.7347, 0.1704 0.4636 -2.7601, 0.1804 0.4601 -2.7706, 0.2382 0.4323 -2.8438, 0.238 0.4324 -2.8433, 0.2613 0.4293 -2.8326, 0.2306 0.4368 -2.8326, 0.2127 0.4474 -2.8066, 0.25 0.4231 -2.8642, 0.2778 0.3929 -2.9242, 0.379 0.3733 -2.8846, 0.2815 0.3865 -2.9352, 0.382 0.3525 -2.9376, 0.2825 0.3848 -2.9382, 0.2934 0.3663 -2.9702, 0.2973 0.3574 -2.9844, 0.309 0.3201 -3.0389, 0.3834 0.2944 -3.0443, 0.3099 0.3157 -3.0448, 0.3177 0.2568 -3.1178, 0.316 0.2738 -3.0974, 0.3135 0.2976 -3.0688, 0.5522 -0.248 -2.8317, 0.5137 -0.2841 -2.8318, 0.5256 -0.2585 -2.936, 0.5649 -0.2257 -2.9356, 0.5991 -0.1907 -2.9352, 0.5858 -0.2094 -2.8315, 0.614 -0.1686 -2.8314, 0.6279 -0.1537 -2.9348, 0.6366 -0.1258 -2.8313, 0.6508 -0.1149 -2.9345, 0.6532 -0.0814 -2.8312, 0.6677 -0.0746 -2.9343, 0.6635 -0.0354 -2.8312, 0.4518 -0.331 -2.7312, 0.4153 -0.3576 -2.781, 0.4621 -0.3262 -2.781, 0.423 -0.3483 -2.8321, 0.4705 -0.3177 -2.832, 0.4289 -0.3346 -2.8842, 0.3715 -0.3757 -2.8323, 0.3647 -0.3858 -2.781, 0.3564 -0.3913 -2.7312, 0.6852 0.0061 -3.0402, 0.6766 -0.0 -3.1496, 0.6827 0.0033 -3.0945, 0.6843 -0.012 -3.0402, 0.6792 -0.0282 -3.0945, 0.6749 -0.0436 -3.0945, 0.6706 -0.0366 -3.1496, 0.6689 -0.0587 -3.0946, 0.6817 -0.0299 -3.0402, 0.6732 -0.0262 -3.1496, 0.6764 -0.0132 -3.1496, 0.6766 -0.0121 -3.1496, 0.6713 -0.0648 -3.0404, 0.6613 -0.0737 -3.0947, 0.6558 -0.0642 -3.1496, 0.6544 -0.0986 -3.0406, 0.6521 -0.0883 -3.0948, 0.6414 -0.1026 -3.0949, 0.6463 -0.0761 -3.1496, 0.658 -0.0612 -3.1496, 0.663 -0.0516 -3.1496, 0.6693 -0.0391 -3.1496, 0.5268 -0.1931 -3.096, 0.5662 -0.1693 -3.0957, 0.5682 -0.1912 -3.0419, 0.6004 -0.1437 -3.0953, 0.5952 -0.1223 -3.1496, 0.6117 -0.1107 -3.1496, 0.6236 -0.0997 -3.1496, 0.636 -0.0883 -3.1496, 0.6388 -0.0857 -3.1496, 0.4353 -0.2941 -2.9902, 0.3829 -0.2877 -3.0442, 0.3098 -0.3101 -3.0447, 0.484 -0.2685 -2.9897, 0.4357 -0.2671 -3.0436, 0.4844 -0.244 -3.043, 0.5283 -0.2404 -2.9891, 0.4072 -0.206 -3.1496, 0.4743 -0.184 -3.1496, 0.4827 -0.2152 -3.0964, 0.4788 -0.1821 -3.1496, 0.5225 -0.1636 -3.1496, 0.5307 -0.1602 -3.1496, 0.5614 -0.1436 -3.1496, 0.5759 -0.1357 -3.1496, -0.3612 -0.4042 -2.7312, -0.3686 -0.3989 -2.781, -0.3085 -0.4273 -2.7312, -0.3146 -0.4217 -2.7811, -0.3745 -0.3883 -2.8323, -0.3196 -0.4105 -2.8325, -0.473 -0.3336 -2.832, -0.4257 -0.3626 -2.8322, -0.419 -0.3726 -2.781, -0.5542 -0.2668 -2.8317, -0.5076 -0.31 -2.781, -0.5451 -0.2743 -2.7809, -0.4972 -0.314 -2.7312, -0.5339 -0.2777 -2.7312, -0.561 -0.2555 -2.8834, -0.5874 -0.2294 -2.8316, -0.5778 -0.2358 -2.7809, -0.5659 -0.2387 -2.7312, -0.6154 -0.1897 -2.8315, -0.5159 -0.3016 -2.8319, -0.5222 -0.2889 -2.8837, -0.5657 -0.2403 -2.9358, -0.5948 -0.2196 -2.8831, -0.6539 -0.104 -2.8313, -0.6457 -0.1413 -2.8826, -0.6377 -0.1478 -2.8314, -0.6231 -0.1814 -2.8828, -0.5998 -0.2064 -2.9353, -0.6284 -0.1704 -2.9349, -0.6513 -0.1325 -2.9346, -0.6421 -0.0115 -2.7312, -0.6671 -0.0117 -2.8312, -0.639 -0.0605 -2.7312, -0.6639 -0.0586 -2.8312, -0.6296 -0.1079 -2.7312, -0.4359 -0.2727 -3.0438, -0.4359 -0.3025 -2.9905, -0.4342 -0.3275 -2.9372, -0.6312 -0.1567 -2.9877, -0.6024 -0.1901 -2.9882, -0.5681 -0.2215 -2.9887, -0.5265 -0.272 -2.9362, -0.5682 -0.1991 -3.0421, -0.5288 -0.2258 -3.0427, -0.5287 -0.2509 -2.9893, -0.4845 -0.278 -2.9899, -0.6817 -0.0099 -2.9341, -0.6814 -0.0472 -2.9868, -0.6782 -0.0521 -2.9342, -0.671 -0.0851 -2.987, -0.668 -0.093 -2.9344, -0.6542 -0.1216 -2.9873, -0.5661 -0.1733 -3.0958, -0.6003 -0.1481 -3.0955, -0.5755 -0.136 -3.1496, -0.6026 -0.1706 -3.0416, -0.5614 -0.1436 -3.1496, -0.6612 -0.0791 -3.0947, -0.6558 -0.0642 -3.1496, -0.652 -0.0936 -3.0949, -0.6463 -0.0762 -3.1496, -0.6386 -0.0859 -3.1496, -0.6713 -0.0755 -3.0405, -0.6852 -0.0061 -3.0402, -0.6827 -0.0033 -3.0945, -0.6819 -0.0189 -3.0945, -0.6817 -0.0413 -3.0403, -0.6792 -0.0343 -3.0945, -0.6749 -0.0495 -3.0946, -0.6689 -0.0644 -3.0946, -0.6578 -0.0617 -3.1496, -0.6236 -0.0997 -3.1496, -0.6113 -0.111 -3.1496, -0.5952 -0.1222 -3.1496, -0.5303 -0.1604 -3.1496, -0.5225 -0.1637 -3.1496, -0.4788 -0.1821 -3.1496, -0.4741 -0.184 -3.1496, -0.5631 0.2185 -2.7312, -0.5858 0.2088 -2.8316, -0.5522 0.2474 -2.8317, -0.5307 0.2586 -2.7312, -0.5136 0.2835 -2.8319, -0.4934 0.2962 -2.7312, -0.4705 0.3171 -2.832, -0.4621 0.3261 -2.781, -0.4518 0.331 -2.7312, -0.4396 0.3319 -2.6826, -0.6635 0.0352 -2.8312, -0.6676 0.0736 -2.9343, -0.6781 0.0323 -2.9342, -0.3715 0.3752 -2.8323, -0.3647 0.3857 -2.781, -0.3564 0.3913 -2.7312, -0.4769 0.304 -2.884, -0.5254 0.2567 -2.9362, -0.5647 0.2239 -2.9357, 0.3011 0.4274 -2.6828, 0.3525 0.4043 -2.6827, 0.3613 0.4042 -2.7312, 0.4105 0.3774 -2.7312, 0.419 0.3727 -2.781, 0.4654 0.343 -2.781, 0.473 0.3342 -2.832, 0.5076 0.3101 -2.781, 0.516 0.3023 -2.8318, 0.5451 0.2744 -2.7809, 0.5542 0.2674 -2.8317, 0.5357 0.2348 -2.6344, 0.5609 0.1937 -2.6342, 0.5927 0.1973 -2.7312, 0.6141 0.1536 -2.7312, 0.6377 0.1483 -2.8313, 0.6539 0.1044 -2.8313, 0.3085 0.4272 -2.7312, 0.3146 0.4218 -2.7811, 0.3196 0.4109 -2.8324, 0.3233 0.3946 -2.8849, 0.2706 0.4023 -2.9065, 0.3686 0.399 -2.781, 0.3745 0.3888 -2.8323, 0.4828 0.3029 -2.9367, 0.4789 0.3209 -2.884, 0.5224 0.2902 -2.8837, 0.5268 0.2738 -2.9362, 0.5612 0.2567 -2.8833, 0.4935 -0.2961 -2.7312, 0.5307 -0.2586 -2.7312, 0.5631 -0.2184 -2.7312, 0.5904 -0.176 -2.7312, 0.6123 -0.1316 -2.7312, 0.6284 -0.0853 -2.7312, 0.6384 -0.0375 -2.7312, 0.6671 0.0117 -2.8312, 0.6757 0.0111 -2.8823, 0.6724 0.0563 -2.8823, 0.6681 0.0941 -2.9343, 0.6639 0.0588 -2.8312, 0.6527 0.0602 -2.7808, 0.6559 0.0119 -2.7808, -0.6843 0.0117 -3.0402, -0.6543 0.097 -3.0407, -0.6312 0.1292 -3.0411, -0.6308 0.1415 -2.9877, -0.6019 0.1756 -2.9882, -0.599 0.189 -2.9353, -0.5675 0.2079 -2.9887, -0.5281 0.2382 -2.9893, -0.5285 0.2165 -3.0426, -0.4351 0.2922 -2.9904, -0.4329 0.315 -2.9372, -0.4288 0.3335 -2.8843, -0.423 0.3477 -2.8322, -0.4153 0.3575 -2.781, -0.406 0.3628 -2.7312, -0.6763 0.0132 -3.1496, -0.6766 0.0121 -3.1496, -0.6766 0.0 -3.1496, -0.6731 0.0261 -3.1496, -0.6705 0.0364 -3.1496, -0.6692 0.0391 -3.1496, -0.6708 0.0689 -2.987, -0.6508 0.1136 -2.9346, -0.6366 0.1254 -2.8313, -0.6629 0.0515 -3.1496, -0.6578 0.0615 -3.1496, -0.6557 0.0641 -3.1496, -0.6277 0.1521 -2.9349, -0.6539 0.1058 -2.9873, -0.568 0.1892 -3.0421, -0.566 0.1678 -3.0958, -0.6002 0.1424 -3.0954, -0.6023 0.16 -3.0416, -0.5952 0.1223 -3.1496, -0.5267 0.1917 -3.0962, -0.5225 0.1636 -3.1496, -0.5303 0.1603 -3.1496, -0.5614 0.1436 -3.1496, -0.5757 0.1359 -3.1496, -0.3785 0.2131 -3.1496, -0.4068 0.2061 -3.1496, -0.4814 0.2871 -2.9367, -0.4838 0.2664 -2.9898, -0.4842 0.2419 -3.0432, 0.529 0.2531 -2.9892, 0.4849 0.2801 -2.9898, 0.5291 0.2279 -3.0426, 0.4849 0.2525 -3.0432, 0.527 0.1982 -3.0961, 0.4829 0.2199 -3.0965, 0.566 0.2422 -2.9357, 0.5684 0.2237 -2.9887, 0.5686 0.2013 -3.0421, 0.6236 0.0997 -3.1496, 0.636 0.0883 -3.1496, 0.6384 0.0861 -3.1496, 0.6463 0.0761 -3.1496, 0.6557 0.0641 -3.1496, 0.6576 0.0618 -3.1496, 0.6817 0.0419 -3.0403, 0.6819 0.0191 -3.0945, 0.6792 0.0347 -3.0945, 0.6765 0.0127 -3.1496, 0.6629 0.0516 -3.1496, 0.67 0.0378 -3.1496, 0.6731 0.0261 -3.1496, 0.6711 0.0863 -2.987, 0.6544 0.1232 -2.9873, 0.6514 0.1339 -2.9346, 0.6458 0.1422 -2.8826, 0.6029 0.1726 -3.0416, 0.6315 0.1586 -2.9877, 0.6027 0.1922 -2.9882, 0.6286 0.172 -2.9349, 0.6 0.2082 -2.9353, 0.6232 0.1825 -2.8828, 0.5949 0.2208 -2.8831, 0.6154 0.1902 -2.8314, 0.5875 0.23 -2.8316, 0.5303 0.1604 -3.1496, 0.5225 0.1637 -3.1496, 0.4788 0.1821 -3.1496, 0.4741 0.184 -3.1496, 0.4258 0.3632 -2.8321, 0.431 0.3487 -2.8843, 0.4344 0.3292 -2.9371, 0.4362 0.3046 -2.9904, 0.4362 0.2747 -3.0438, 0.4344 0.2395 -3.0969, 0.4005 0.2079 -3.1496, 0.6783 0.0527 -2.9342, 0.6814 0.0479 -2.9868, 0.5287 -0.2186 -3.0425, 0.5677 -0.21 -2.9885, 0.6021 -0.1776 -2.988, 0.6309 -0.1433 -2.9876, 0.654 -0.1074 -2.9872, 0.6708 -0.0701 -2.9869, -0.2017 0.3925 -2.4979, -0.2933 0.3523 -2.497, -0.1009 0.4183 -2.4986, -0.0699 0.3348 -2.3622, -0.0875 0.3639 -2.4056, -0.0944 0.3934 -2.4525, -0.4256 0.329 -2.635, -0.4652 0.2946 -2.6347, -0.126 0.4677 -2.7268, -0.2399 0.4383 -2.6828, -0.3465 0.3922 -2.6827, 0.0076 0.4018 -2.4528, 0.1094 0.3937 -2.4525, 0.1804 0.3103 -2.3622, 0.4972 0.2189 -2.5404, 0.4694 0.2557 -2.5409, 0.4485 0.2418 -2.4948, 0.4374 0.29 -2.5413, 0.3837 0.3048 -2.4958, 0.5342 0.0466 -2.493, 0.552 0.0959 -2.5394, 0.5387 0.1388 -2.5397, 0.5204 0.1799 -2.54, 0.3049 0.3566 -2.4969, 0.2142 0.3956 -2.4979, 0.1141 0.4199 -2.4986, 0.0067 0.4279 -2.4988, 0.4014 0.3215 -2.5418, 0.4175 0.3342 -2.5881, 0.3186 0.3755 -2.5428, 0.3312 0.3898 -2.5888, 0.2235 0.4159 -2.5436, 0.232 0.4314 -2.5894, 0.1185 0.441 -2.5442, 0.1225 0.457 -2.5899, 0.0058 0.4489 -2.5445, 0.005 0.4648 -2.59, -0.107 0.4385 -2.5442, -0.1126 0.4536 -2.5899, -0.2226 0.4249 -2.5894, -0.3352 0.3885 -2.6354, 0.3425 0.3994 -2.6354, 0.432 0.3428 -2.6349, 0.4005 0.3774 -2.6826, 0.2397 0.4417 -2.6357, 0.1261 0.4676 -2.636, 0.0043 0.4753 -2.6361, -0.1178 0.4637 -2.636, -0.2318 0.4341 -2.6357, 0.456 0.3473 -2.7312, 0.4448 0.3472 -2.6826, 0.4709 0.3096 -2.6347, 0.4972 0.3139 -2.7312, 0.6034 -0.0392 -2.6339, 0.6257 0.0107 -2.6822, 0.6069 0.0094 -2.6338, 0.6229 0.0597 -2.6822, 0.639 0.0605 -2.7312, 0.6421 0.0115 -2.7312, 0.6042 0.058 -2.6339, 0.5832 0.0552 -2.5862, 0.5857 0.0077 -2.5862, 0.5622 0.0055 -2.5392, 0.5587 -0.0405 -2.5392, 0.5599 0.0514 -2.5393, 0.5363 0.0028 -2.4929, 0.1071 -0.4389 -2.5442, 0.2128 -0.4118 -2.5435, 0.101 -0.4189 -2.4985, 0.2019 -0.3935 -2.4978, 0.0945 -0.3939 -2.4525, 0.1902 -0.3707 -2.4518, 0.4916 -0.2093 -2.5403, 0.4409 -0.2371 -2.4946, 0.4628 -0.2467 -2.5407, 0.3742 -0.3009 -2.4957, -0.214 -0.3946 -2.498, -0.2233 -0.4151 -2.5437, -0.114 -0.4194 -2.4986, -0.1184 -0.4406 -2.5443, -0.2319 -0.4307 -2.5895, -0.0067 -0.4279 -2.4988, 0.5938 -0.0866 -2.6339, 0.5496 -0.0852 -2.5394, 0.5784 -0.1323 -2.634, 0.5352 -0.1284 -2.5396, 0.5576 -0.1763 -2.6341, 0.5158 -0.1698 -2.5399, 0.1127 -0.4539 -2.5899, 0.2228 -0.4255 -2.5894, 0.3228 -0.3813 -2.5887, 0.4103 -0.3234 -2.588, 0.3466 -0.3923 -2.6827, 0.4397 -0.332 -2.6825, -0.3423 -0.399 -2.6354, -0.3309 -0.389 -2.5889, -0.3182 -0.3743 -2.5428, -0.3831 -0.3032 -2.4959, 0.4259 -0.3295 -2.6349, 0.3354 -0.389 -2.6353, 0.2319 -0.4344 -2.6357, 0.1178 -0.4638 -2.636, -0.0043 -0.4753 -2.6361, -0.1261 -0.4674 -2.636, -0.2396 -0.4413 -2.6357, -0.4171 -0.3332 -2.5882, -0.4009 -0.3201 -2.5419, -0.4368 -0.2885 -2.5414, -0.4689 -0.2543 -2.5409, -0.4967 -0.2176 -2.5405, -0.4881 -0.2653 -2.5874, -0.5053 -0.273 -2.6346, -0.4706 -0.3091 -2.6348, -0.3525 -0.4041 -2.6827, -0.301 -0.4273 -2.6828, -0.2465 -0.4466 -2.6828, -0.4559 -0.3473 -2.7312, -0.4447 -0.347 -2.6826, -0.4654 -0.3429 -2.781, -0.4105 -0.3775 -2.7312, -0.4004 -0.3773 -2.6826, -0.4317 -0.3423 -2.635, -0.3736 0.2993 -2.4959, -0.4294 0.2802 -2.5413, -0.4623 0.2453 -2.5409, -0.4911 0.208 -2.5404, -0.5154 0.1686 -2.54, -0.5574 0.1759 -2.6342, -0.5349 0.1273 -2.5397, -0.5783 0.132 -2.6341, -0.5495 0.0844 -2.5394, -0.5937 0.0863 -2.6339, -0.5586 0.0401 -2.5393, -0.6033 0.0391 -2.6339, -0.5622 -0.0055 -2.5392, -0.6069 -0.0094 -2.6338, -0.5598 -0.0509 -2.5393, -0.6042 -0.0578 -2.6339, -0.5518 -0.0951 -2.5395, -0.5954 -0.1047 -2.6339, -0.5385 -0.1378 -2.5397, -0.5808 -0.1499 -2.6341, -0.52 -0.1787 -2.5401, -0.5607 -0.1932 -2.6342, -0.5355 -0.2343 -2.6344, -0.6765 -0.0128 -3.1496, -0.6731 -0.0261 -3.1496, -0.67 -0.038 -3.1496, -0.663 -0.0516 -3.1496, -0.6023 0.0591 -3.5433, -0.6091 0.063 -3.5433, -0.5835 0.0835 -3.5433, -0.5891 0.0891 -3.5433, -0.5591 0.1023 -3.5433, -0.563 0.1091 -3.5433, -0.5306 0.1141 -3.5433, -0.5326 0.1217 -3.5433, -0.5 0.1181 -3.5433, -0.5 0.126 -3.5433, -0.4694 0.1141 -3.5433, -0.4674 0.1217 -3.5433, -0.4409 0.1023 -3.5433, -0.437 0.1091 -3.5433, -0.4165 0.0835 -3.5433, -0.4109 0.0891 -3.5433, -0.3977 0.0591 -3.5433, -0.3909 0.063 -3.5433, -0.3859 0.0306 -3.5433, -0.3783 0.0326 -3.5433, -0.3819 0.0 -3.5433, -0.374 0.0 -3.5433, -0.3859 -0.0306 -3.5433, -0.3783 -0.0326 -3.5433, -0.3977 -0.0591 -3.5433, -0.3909 -0.063 -3.5433, -0.4165 -0.0835 -3.5433, -0.4109 -0.0891 -3.5433, -0.4409 -0.1023 -3.5433, -0.437 -0.1091 -3.5433, -0.4694 -0.1141 -3.5433, -0.4674 -0.1217 -3.5433, -0.5 -0.1181 -3.5433, -0.5 -0.126 -3.5433, -0.5306 -0.1141 -3.5433, -0.5326 -0.1217 -3.5433, -0.5591 -0.1023 -3.5433, -0.563 -0.1091 -3.5433, -0.5835 -0.0835 -3.5433, -0.5891 -0.0891 -3.5433, -0.6023 -0.0591 -3.5433, -0.6091 -0.063 -3.5433, -0.6141 -0.0306 -3.5433, -0.6217 -0.0326 -3.5433, -0.6181 0.0 -3.5433, -0.626 0.0 -3.5433, -0.6141 0.0306 -3.5433, -0.6217 0.0326 -3.5433, -0.374 0.0 -3.1496, -0.3783 0.0326 -3.1496, -0.3909 0.063 -3.1496, -0.4109 0.0891 -3.1496, -0.437 0.1091 -3.1496, -0.4674 0.1217 -3.1496, -0.5 0.126 -3.1496, -0.5326 0.1217 -3.1496, -0.563 0.1091 -3.1496, -0.5891 0.0891 -3.1496, -0.6091 0.063 -3.1496, -0.6217 0.0326 -3.1496, -0.626 0.0 -3.1496, -0.6217 -0.0326 -3.1496, -0.6091 -0.063 -3.1496, -0.5891 -0.0891 -3.1496, -0.563 -0.1091 -3.1496, -0.5326 -0.1217 -3.1496, -0.5 -0.126 -3.1496, -0.4674 -0.1217 -3.1496, -0.437 -0.1091 -3.1496, -0.4109 -0.0891 -3.1496, -0.3909 -0.063 -3.1496, -0.3783 -0.0326 -3.1496, -0.3783 -0.0326 -3.1496
            ]
        }
        coordIndex [
            0,1,2,-1,3,4,5,-1,5,4,6,-1,7,8,9,-1,10,11,12,-1,13,14,15,-1,16,17,18,-1,19,20,21,-1,22,23,20,-1,24,25,26,-1,27,28,29,-1,30,31,32,-1,33,34,35,-1,36,37,38,-1,39,40,41,-1,42,43,44,-1,45,46,47,-1,48,49,50,-1,51,52,53,-1,54,55,56,-1,57,58,59,-1,60,61,62,-1,63,64,65,-1,66,67,68,-1,69,70,71,-1,72,73,74,-1,75,76,77,-1,78,79,80,-1,81,82,83,-1,84,85,86,-1,87,88,89,-1,90,91,92,-1,93,94,95,-1,96,97,98,-1,99,100,101,-1,102,103,104,-1,105,106,107,-1,108,109,110,-1,110,109,111,-1,110,111,112,-1,112,111,113,-1,113,111,114,-1,114,111,115,-1,114,115,116,-1,117,118,119,-1,119,120,117,-1,117,120,121,-1,117,121,122,-1,121,123,122,-1,122,123,124,-1,122,124,115,-1,115,124,125,-1,115,125,116,-1,118,117,126,-1,126,117,127,-1,126,127,128,-1,129,130,9,-1,9,130,131,-1,132,133,134,-1,134,133,135,-1,132,136,133,-1,133,136,137,-1,133,137,127,-1,127,137,138,-1,127,138,128,-1,139,140,8,-1,8,140,141,-1,8,141,9,-1,9,141,142,-1,9,142,129,-1,143,144,145,-1,145,144,146,-1,145,146,147,-1,148,149,150,-1,150,149,151,-1,152,153,154,-1,154,153,155,-1,154,155,156,-1,157,158,150,-1,150,158,159,-1,150,159,148,-1,160,161,162,-1,162,161,163,-1,162,163,164,-1,165,166,167,-1,167,166,168,-1,167,168,169,-1,10,170,171,-1,171,170,172,-1,172,173,171,-1,171,173,174,-1,171,174,175,-1,175,174,176,-1,177,178,179,-1,179,178,180,-1,179,180,181,-1,182,183,184,-1,184,183,185,-1,184,185,186,-1,187,188,189,-1,189,188,190,-1,189,190,185,-1,185,190,191,-1,185,191,186,-1,107,106,189,-1,189,106,192,-1,189,192,187,-1,193,194,195,-1,193,195,196,-1,196,195,197,-1,196,197,107,-1,107,197,198,-1,107,198,105,-1,199,200,201,-1,201,200,202,-1,201,202,193,-1,193,202,203,-1,193,203,194,-1,103,204,205,-1,204,206,205,-1,205,206,207,-1,205,207,208,-1,102,104,209,-1,210,211,209,-1,212,213,214,-1,214,213,215,-1,214,215,216,-1,216,217,214,-1,214,217,218,-1,214,218,210,-1,210,218,219,-1,210,219,211,-1,100,220,101,-1,101,220,221,-1,101,221,222,-1,222,221,223,-1,222,223,212,-1,212,223,224,-1,212,224,213,-1,225,226,227,-1,225,227,101,-1,101,227,228,-1,101,228,99,-1,229,230,231,-1,231,230,232,-1,232,233,231,-1,231,233,234,-1,231,234,225,-1,225,234,235,-1,225,235,226,-1,236,237,238,-1,236,238,231,-1,231,238,239,-1,231,239,229,-1,240,241,242,-1,242,241,243,-1,244,245,246,-1,244,246,242,-1,242,246,247,-1,242,247,240,-1,248,249,244,-1,249,250,244,-1,244,250,251,-1,244,251,245,-1,252,253,254,-1,254,253,255,-1,254,255,256,-1,257,258,259,-1,259,258,260,-1,259,260,252,-1,261,262,257,-1,263,264,261,-1,265,266,267,-1,267,266,263,-1,264,268,261,-1,261,268,269,-1,261,269,262,-1,265,267,270,-1,270,267,271,-1,270,271,272,-1,272,271,273,-1,272,273,274,-1,275,276,273,-1,273,276,277,-1,273,277,274,-1,278,279,280,-1,280,279,281,-1,280,281,275,-1,275,281,282,-1,275,282,276,-1,278,280,283,-1,283,280,284,-1,283,284,285,-1,285,284,286,-1,285,286,287,-1,287,286,288,-1,288,286,289,-1,288,289,290,-1,108,291,109,-1,109,291,292,-1,109,292,289,-1,289,292,293,-1,289,293,290,-1,294,295,296,-1,294,296,297,-1,298,299,98,-1,98,299,300,-1,98,300,96,-1,96,300,301,-1,96,301,302,-1,303,304,305,-1,305,304,306,-1,307,308,309,-1,308,310,309,-1,309,310,311,-1,309,311,312,-1,312,311,313,-1,312,313,314,-1,315,316,317,-1,317,316,318,-1,317,318,319,-1,319,318,320,-1,319,320,307,-1,315,317,321,-1,321,317,322,-1,321,322,323,-1,324,325,326,-1,326,325,327,-1,327,328,326,-1,326,328,329,-1,326,329,322,-1,322,329,330,-1,322,330,323,-1,331,332,333,-1,333,334,331,-1,331,334,335,-1,331,335,336,-1,336,335,337,-1,337,338,336,-1,336,338,339,-1,336,339,340,-1,340,341,336,-1,336,341,342,-1,336,342,343,-1,344,345,346,-1,344,346,347,-1,345,348,346,-1,346,348,349,-1,346,349,331,-1,331,349,350,-1,331,350,332,-1,351,352,346,-1,346,352,353,-1,346,353,347,-1,354,355,356,-1,354,356,357,-1,357,356,358,-1,357,358,359,-1,360,361,362,-1,360,362,363,-1,364,365,366,-1,366,365,367,-1,366,367,368,-1,369,370,371,-1,371,370,372,-1,371,372,373,-1,373,372,374,-1,373,374,375,-1,375,374,376,-1,375,376,377,-1,377,376,378,-1,379,380,376,-1,376,380,381,-1,376,381,378,-1,382,383,379,-1,379,383,384,-1,379,384,380,-1,385,386,382,-1,382,386,387,-1,382,387,383,-1,388,389,390,-1,390,389,391,-1,390,391,392,-1,393,394,395,-1,395,396,397,-1,394,393,398,-1,398,393,399,-1,398,399,400,-1,400,399,401,-1,401,399,402,-1,401,402,403,-1,404,405,402,-1,402,405,406,-1,402,406,403,-1,407,408,409,-1,409,408,410,-1,409,410,404,-1,404,410,411,-1,404,411,405,-1,412,413,414,-1,414,415,412,-1,412,415,416,-1,412,416,417,-1,417,416,418,-1,417,418,407,-1,413,412,419,-1,419,412,420,-1,419,420,421,-1,422,423,424,-1,424,423,425,-1,425,426,424,-1,424,426,427,-1,424,427,420,-1,420,427,428,-1,420,428,421,-1,429,430,431,-1,431,430,432,-1,431,432,433,-1,433,432,434,-1,433,434,435,-1,435,436,433,-1,433,436,437,-1,433,437,438,-1,94,439,95,-1,95,439,440,-1,95,440,441,-1,441,442,95,-1,95,442,443,-1,95,443,431,-1,431,443,444,-1,431,444,429,-1,95,445,93,-1,93,445,446,-1,93,446,447,-1,447,446,448,-1,92,91,446,-1,446,91,449,-1,446,449,448,-1,450,451,452,-1,452,451,453,-1,452,453,92,-1,92,453,454,-1,92,454,90,-1,88,87,452,-1,452,87,455,-1,452,455,450,-1,456,457,458,-1,458,457,459,-1,458,459,460,-1,460,459,461,-1,86,85,459,-1,459,85,462,-1,459,462,461,-1,84,86,463,-1,463,86,464,-1,463,464,465,-1,296,466,297,-1,297,466,467,-1,297,467,464,-1,464,467,468,-1,464,468,465,-1,469,470,471,-1,472,473,474,-1,474,473,475,-1,475,473,476,-1,475,476,477,-1,477,476,478,-1,477,478,479,-1,479,478,480,-1,479,480,481,-1,482,483,484,-1,484,483,485,-1,484,485,486,-1,486,485,487,-1,312,487,309,-1,309,487,485,-1,309,485,488,-1,488,485,483,-1,488,483,489,-1,489,483,482,-1,489,482,490,-1,307,309,319,-1,319,309,488,-1,319,488,317,-1,317,488,489,-1,317,489,322,-1,322,489,490,-1,322,490,326,-1,78,80,491,-1,492,493,494,-1,495,496,497,-1,498,496,499,-1,499,496,495,-1,499,495,494,-1,497,500,495,-1,495,500,501,-1,495,501,494,-1,494,501,502,-1,494,502,492,-1,499,503,498,-1,498,503,504,-1,498,504,505,-1,503,506,507,-1,76,75,506,-1,506,75,508,-1,506,508,507,-1,503,507,504,-1,504,507,509,-1,504,509,505,-1,505,510,498,-1,498,510,511,-1,498,511,496,-1,496,511,512,-1,496,512,497,-1,513,514,515,-1,515,514,516,-1,517,75,516,-1,516,75,77,-1,516,77,515,-1,517,518,75,-1,75,518,519,-1,75,519,508,-1,508,519,520,-1,508,520,507,-1,507,520,521,-1,507,521,509,-1,82,81,522,-1,522,81,305,-1,522,305,523,-1,523,305,306,-1,523,306,524,-1,470,83,471,-1,471,83,82,-1,471,82,525,-1,525,82,522,-1,525,522,526,-1,526,522,523,-1,524,298,523,-1,523,298,98,-1,523,98,526,-1,526,98,527,-1,526,527,525,-1,525,527,528,-1,525,528,471,-1,471,528,472,-1,471,472,469,-1,469,472,474,-1,529,530,531,-1,532,533,513,-1,513,533,534,-1,513,534,514,-1,514,534,535,-1,514,535,516,-1,516,535,536,-1,516,536,517,-1,537,538,539,-1,539,538,540,-1,539,540,358,-1,358,540,362,-1,358,362,359,-1,359,362,361,-1,538,541,540,-1,540,541,542,-1,540,542,362,-1,362,542,366,-1,362,366,363,-1,363,366,368,-1,543,544,545,-1,546,547,548,-1,548,547,549,-1,548,549,550,-1,551,546,552,-1,552,546,548,-1,552,548,553,-1,553,548,550,-1,553,550,554,-1,72,74,555,-1,556,557,70,-1,558,551,559,-1,559,551,552,-1,559,552,555,-1,555,552,553,-1,555,553,72,-1,72,553,554,-1,72,554,73,-1,560,561,562,-1,562,561,563,-1,564,563,565,-1,565,563,561,-1,565,561,566,-1,566,561,560,-1,567,568,569,-1,569,568,570,-1,569,570,571,-1,571,570,560,-1,571,560,74,-1,74,560,562,-1,74,562,555,-1,555,562,563,-1,555,563,559,-1,559,563,564,-1,559,564,558,-1,392,385,390,-1,390,385,382,-1,390,382,572,-1,572,382,379,-1,572,379,573,-1,573,379,376,-1,573,376,574,-1,574,376,374,-1,574,374,69,-1,566,575,565,-1,565,575,576,-1,565,576,564,-1,564,576,577,-1,564,577,558,-1,558,577,578,-1,558,578,551,-1,551,578,557,-1,551,557,546,-1,546,557,556,-1,546,556,547,-1,579,580,581,-1,581,580,582,-1,581,582,71,-1,583,584,585,-1,585,584,586,-1,585,586,587,-1,587,586,588,-1,589,590,591,-1,64,63,592,-1,592,63,590,-1,592,590,579,-1,579,590,589,-1,579,589,580,-1,591,593,589,-1,589,593,66,-1,589,66,580,-1,580,66,68,-1,580,68,582,-1,594,595,596,-1,596,595,597,-1,596,597,598,-1,599,594,65,-1,65,594,596,-1,65,596,63,-1,63,596,598,-1,600,601,602,-1,600,602,603,-1,602,604,603,-1,603,604,605,-1,603,605,599,-1,599,605,606,-1,599,606,594,-1,594,606,607,-1,594,607,595,-1,598,608,63,-1,63,608,609,-1,63,609,590,-1,590,609,610,-1,590,610,591,-1,593,611,66,-1,66,611,612,-1,66,612,67,-1,67,612,613,-1,67,613,614,-1,69,71,574,-1,574,71,582,-1,574,582,573,-1,573,582,68,-1,573,68,572,-1,572,68,67,-1,572,67,390,-1,390,67,614,-1,390,614,388,-1,568,583,570,-1,570,583,585,-1,570,585,560,-1,560,585,587,-1,560,587,566,-1,566,587,588,-1,566,588,575,-1,58,615,616,-1,617,618,619,-1,619,618,620,-1,621,619,622,-1,622,619,620,-1,622,620,623,-1,623,620,624,-1,60,62,625,-1,625,62,626,-1,625,626,627,-1,407,409,417,-1,417,409,628,-1,417,628,412,-1,412,628,629,-1,412,629,420,-1,420,629,630,-1,420,630,424,-1,621,631,619,-1,619,631,632,-1,619,632,617,-1,617,632,633,-1,634,635,636,-1,636,635,637,-1,636,637,638,-1,638,637,639,-1,638,639,640,-1,640,639,641,-1,640,641,642,-1,642,641,643,-1,642,643,644,-1,645,646,647,-1,647,646,648,-1,647,648,649,-1,649,648,650,-1,445,651,446,-1,446,651,652,-1,446,652,92,-1,92,652,653,-1,92,653,452,-1,452,653,654,-1,452,654,88,-1,88,654,655,-1,88,655,89,-1,651,656,652,-1,652,656,657,-1,652,657,653,-1,653,657,457,-1,653,457,654,-1,654,457,456,-1,654,456,655,-1,658,659,660,-1,661,660,662,-1,663,470,664,-1,664,470,469,-1,664,469,665,-1,665,469,474,-1,665,474,666,-1,666,474,475,-1,666,475,667,-1,667,475,477,-1,667,477,668,-1,668,477,479,-1,668,479,669,-1,669,479,481,-1,669,481,670,-1,670,481,671,-1,670,671,672,-1,673,650,674,-1,674,650,675,-1,674,675,676,-1,677,583,627,-1,627,583,568,-1,627,568,625,-1,625,568,567,-1,625,567,60,-1,47,678,679,-1,679,678,680,-1,679,680,681,-1,681,680,682,-1,681,682,633,-1,633,682,616,-1,633,616,617,-1,617,616,615,-1,617,615,618,-1,683,684,685,-1,399,686,402,-1,402,686,687,-1,402,687,404,-1,404,687,688,-1,404,688,409,-1,409,688,689,-1,409,689,628,-1,628,689,690,-1,628,690,629,-1,629,690,691,-1,629,691,630,-1,692,693,677,-1,677,693,694,-1,695,55,696,-1,696,55,54,-1,696,54,697,-1,695,692,55,-1,55,692,677,-1,55,677,56,-1,56,677,627,-1,56,627,698,-1,698,627,626,-1,698,626,699,-1,699,626,62,-1,699,62,700,-1,700,62,61,-1,700,61,57,-1,701,52,702,-1,702,52,51,-1,702,51,703,-1,58,616,59,-1,59,616,682,-1,59,682,704,-1,704,682,680,-1,704,680,705,-1,705,680,678,-1,705,678,53,-1,53,678,47,-1,53,47,51,-1,51,47,46,-1,51,46,703,-1,57,59,700,-1,700,59,704,-1,700,704,699,-1,699,704,705,-1,699,705,698,-1,698,705,53,-1,698,53,56,-1,56,53,52,-1,56,52,54,-1,54,52,701,-1,54,701,697,-1,706,707,708,-1,683,706,709,-1,709,706,708,-1,709,708,50,-1,50,708,710,-1,50,710,48,-1,683,685,706,-1,706,685,711,-1,706,711,707,-1,711,712,713,-1,711,713,707,-1,707,713,714,-1,707,714,708,-1,708,714,715,-1,708,715,710,-1,632,684,633,-1,633,684,683,-1,633,683,681,-1,681,683,709,-1,681,709,679,-1,679,709,50,-1,679,50,47,-1,47,50,49,-1,47,49,45,-1,395,397,393,-1,393,397,716,-1,393,716,717,-1,631,718,632,-1,632,718,719,-1,632,719,684,-1,684,719,720,-1,684,720,685,-1,685,720,44,-1,685,44,711,-1,711,44,43,-1,711,43,712,-1,660,661,658,-1,658,661,721,-1,658,721,722,-1,722,721,723,-1,722,723,724,-1,724,723,725,-1,724,725,726,-1,662,727,661,-1,661,727,728,-1,661,728,721,-1,721,728,729,-1,721,729,723,-1,723,729,41,-1,723,41,725,-1,725,41,40,-1,730,37,731,-1,731,37,36,-1,731,36,732,-1,733,34,734,-1,734,34,33,-1,734,33,735,-1,736,737,738,-1,738,737,739,-1,740,31,741,-1,741,31,30,-1,741,30,742,-1,740,735,31,-1,31,735,33,-1,31,33,32,-1,32,33,35,-1,32,35,743,-1,743,35,744,-1,743,744,673,-1,673,744,745,-1,673,745,650,-1,650,745,746,-1,650,746,649,-1,730,27,37,-1,37,27,29,-1,37,29,38,-1,38,29,747,-1,38,747,748,-1,748,747,749,-1,748,749,750,-1,750,749,751,-1,750,751,752,-1,752,751,753,-1,752,753,754,-1,754,753,755,-1,754,755,16,-1,40,756,725,-1,725,756,757,-1,725,757,726,-1,726,757,758,-1,726,758,759,-1,760,659,761,-1,761,659,658,-1,761,658,762,-1,762,658,722,-1,762,722,763,-1,763,722,724,-1,763,724,764,-1,764,724,726,-1,764,726,765,-1,765,726,759,-1,765,759,766,-1,656,760,657,-1,657,760,761,-1,657,761,457,-1,457,761,762,-1,457,762,459,-1,459,762,763,-1,459,763,86,-1,86,763,764,-1,86,764,464,-1,464,764,765,-1,464,765,297,-1,297,765,766,-1,297,766,294,-1,767,79,768,-1,768,79,78,-1,768,78,736,-1,736,78,491,-1,736,491,737,-1,97,529,98,-1,98,529,531,-1,98,531,527,-1,527,531,769,-1,527,769,528,-1,528,769,770,-1,528,770,472,-1,472,770,771,-1,472,771,473,-1,473,771,772,-1,473,772,476,-1,476,772,773,-1,476,773,478,-1,478,773,774,-1,478,774,480,-1,480,774,80,-1,480,80,481,-1,481,80,79,-1,481,79,671,-1,671,79,767,-1,671,767,672,-1,259,775,776,-1,252,254,259,-1,259,254,777,-1,259,777,775,-1,778,248,779,-1,779,248,244,-1,779,244,780,-1,20,19,22,-1,22,19,781,-1,22,781,24,-1,24,781,782,-1,24,782,25,-1,438,783,433,-1,433,783,422,-1,433,422,784,-1,784,422,424,-1,784,424,785,-1,785,424,630,-1,785,630,624,-1,624,630,691,-1,624,691,623,-1,623,691,690,-1,623,690,622,-1,622,690,689,-1,622,689,621,-1,621,689,688,-1,621,688,631,-1,631,688,687,-1,631,687,718,-1,718,687,686,-1,718,686,719,-1,719,686,399,-1,719,399,720,-1,720,399,393,-1,720,393,44,-1,44,393,717,-1,44,717,42,-1,780,244,786,-1,786,244,242,-1,786,242,787,-1,787,242,243,-1,787,243,236,-1,236,243,788,-1,236,788,237,-1,789,790,791,-1,791,790,792,-1,791,792,793,-1,103,205,104,-1,104,205,794,-1,104,794,795,-1,209,104,210,-1,210,104,795,-1,210,795,214,-1,214,795,796,-1,214,796,212,-1,212,796,797,-1,212,797,222,-1,797,789,222,-1,222,789,791,-1,222,791,101,-1,101,791,793,-1,101,793,225,-1,225,793,798,-1,225,798,231,-1,231,798,799,-1,231,799,236,-1,236,799,800,-1,236,800,787,-1,787,800,801,-1,787,801,786,-1,786,801,777,-1,786,777,780,-1,780,777,254,-1,780,254,779,-1,779,254,256,-1,779,256,778,-1,802,803,804,-1,804,803,805,-1,804,805,806,-1,806,805,807,-1,806,807,808,-1,808,807,809,-1,808,809,810,-1,810,809,811,-1,810,811,812,-1,812,811,813,-1,812,813,21,-1,21,813,814,-1,21,814,19,-1,19,814,815,-1,19,815,781,-1,445,634,651,-1,651,634,636,-1,651,636,656,-1,656,636,638,-1,656,638,760,-1,760,638,640,-1,760,640,659,-1,659,640,642,-1,659,642,660,-1,660,642,644,-1,660,644,662,-1,816,817,818,-1,23,776,20,-1,20,776,775,-1,20,775,21,-1,21,775,777,-1,21,777,812,-1,812,777,801,-1,812,801,810,-1,810,801,800,-1,810,800,808,-1,808,800,799,-1,808,799,806,-1,806,799,798,-1,806,798,804,-1,804,798,793,-1,804,793,802,-1,802,793,792,-1,802,792,803,-1,803,792,817,-1,803,817,805,-1,805,817,816,-1,805,816,807,-1,807,816,819,-1,807,819,809,-1,809,819,820,-1,809,820,811,-1,811,820,821,-1,811,821,813,-1,813,821,822,-1,813,822,814,-1,814,822,823,-1,814,823,815,-1,824,825,826,-1,18,17,826,-1,826,17,827,-1,826,827,824,-1,828,829,830,-1,830,829,831,-1,646,13,648,-1,648,13,15,-1,648,15,650,-1,650,15,832,-1,650,832,675,-1,675,832,833,-1,675,833,676,-1,18,645,16,-1,16,645,647,-1,16,647,754,-1,754,647,649,-1,754,649,752,-1,752,649,746,-1,752,746,750,-1,750,746,745,-1,750,745,748,-1,748,745,744,-1,748,744,38,-1,38,744,35,-1,38,35,36,-1,36,35,34,-1,36,34,732,-1,732,34,733,-1,834,835,836,-1,836,835,837,-1,836,837,838,-1,824,818,825,-1,825,818,817,-1,825,817,826,-1,826,817,792,-1,826,792,18,-1,18,792,790,-1,18,790,645,-1,645,790,789,-1,645,789,646,-1,646,789,797,-1,646,797,13,-1,13,797,796,-1,13,796,14,-1,14,796,795,-1,14,795,839,-1,839,795,794,-1,839,794,840,-1,840,794,205,-1,840,205,201,-1,201,205,208,-1,201,208,199,-1,841,842,843,-1,843,842,844,-1,843,844,845,-1,845,844,846,-1,845,846,162,-1,162,846,167,-1,162,167,160,-1,160,167,169,-1,842,11,844,-1,844,11,10,-1,844,10,846,-1,846,10,171,-1,846,171,167,-1,167,171,175,-1,167,175,165,-1,165,175,176,-1,847,848,849,-1,849,848,850,-1,147,139,145,-1,145,139,8,-1,145,8,851,-1,851,8,7,-1,851,7,852,-1,156,143,154,-1,154,143,145,-1,154,145,853,-1,853,145,851,-1,853,851,854,-1,854,851,852,-1,854,852,855,-1,2,841,856,-1,856,841,843,-1,856,843,151,-1,151,843,845,-1,151,845,150,-1,150,845,162,-1,150,162,157,-1,157,162,164,-1,831,834,830,-1,830,834,836,-1,830,836,828,-1,828,836,838,-1,828,838,857,-1,857,838,858,-1,857,858,859,-1,859,858,860,-1,859,860,861,-1,861,860,862,-1,861,862,6,-1,6,862,847,-1,6,847,5,-1,5,847,849,-1,5,849,12,-1,12,849,850,-1,12,850,10,-1,10,850,179,-1,10,179,170,-1,170,179,181,-1,170,181,172,-1,2,1,841,-1,841,1,863,-1,841,863,842,-1,842,863,864,-1,842,864,11,-1,11,864,865,-1,11,865,12,-1,12,865,866,-1,12,866,5,-1,342,324,343,-1,343,324,326,-1,343,326,867,-1,867,326,490,-1,867,490,868,-1,868,490,482,-1,868,482,663,-1,663,482,484,-1,663,484,470,-1,470,484,486,-1,470,486,83,-1,83,486,487,-1,83,487,81,-1,81,487,312,-1,81,312,305,-1,305,312,314,-1,305,314,303,-1,869,855,870,-1,870,855,852,-1,870,852,871,-1,871,852,7,-1,871,7,872,-1,872,7,9,-1,872,9,135,-1,135,9,131,-1,135,131,134,-1,3,5,873,-1,873,5,866,-1,873,866,874,-1,874,866,865,-1,874,865,875,-1,875,865,864,-1,875,864,876,-1,876,864,863,-1,876,863,877,-1,877,863,1,-1,877,1,878,-1,878,1,0,-1,878,0,879,-1,880,881,882,-1,883,884,885,-1,885,884,886,-1,885,886,887,-1,888,889,869,-1,869,889,879,-1,869,879,855,-1,855,879,0,-1,855,0,854,-1,854,0,2,-1,854,2,853,-1,853,2,856,-1,853,856,154,-1,154,856,151,-1,154,151,152,-1,152,151,149,-1,889,890,879,-1,879,890,351,-1,879,351,878,-1,878,351,346,-1,878,346,877,-1,877,346,331,-1,877,331,876,-1,876,331,336,-1,876,336,875,-1,875,336,343,-1,875,343,874,-1,874,343,867,-1,874,867,873,-1,873,867,868,-1,873,868,3,-1,3,868,663,-1,3,663,4,-1,4,663,664,-1,4,664,6,-1,6,664,665,-1,6,665,861,-1,861,665,666,-1,861,666,859,-1,859,666,667,-1,859,667,857,-1,857,667,668,-1,857,668,828,-1,828,668,669,-1,828,669,829,-1,888,537,889,-1,889,537,539,-1,889,539,890,-1,890,539,358,-1,890,358,351,-1,351,358,356,-1,351,356,352,-1,352,356,355,-1,891,892,887,-1,543,545,893,-1,893,545,894,-1,893,894,891,-1,891,894,895,-1,891,895,892,-1,892,895,896,-1,892,896,887,-1,887,896,880,-1,887,880,885,-1,885,880,882,-1,885,882,883,-1,257,259,261,-1,261,259,776,-1,261,776,897,-1,897,776,23,-1,897,23,898,-1,898,23,22,-1,898,22,899,-1,899,22,24,-1,899,24,900,-1,900,24,26,-1,900,26,901,-1,901,26,902,-1,901,902,903,-1,903,902,904,-1,903,904,905,-1,905,904,906,-1,905,906,907,-1,907,906,908,-1,907,908,909,-1,909,908,910,-1,909,910,911,-1,911,910,912,-1,911,912,913,-1,913,912,914,-1,913,914,915,-1,915,914,916,-1,915,916,917,-1,917,916,918,-1,917,918,884,-1,884,918,919,-1,884,919,886,-1,263,261,267,-1,267,261,897,-1,267,897,271,-1,271,897,898,-1,271,898,273,-1,273,898,899,-1,273,899,275,-1,275,899,900,-1,275,900,280,-1,280,900,901,-1,280,901,284,-1,284,901,903,-1,284,903,286,-1,286,903,905,-1,286,905,289,-1,289,905,907,-1,289,907,109,-1,109,907,909,-1,109,909,111,-1,111,909,911,-1,111,911,115,-1,115,911,913,-1,115,913,122,-1,122,913,915,-1,122,915,117,-1,117,915,917,-1,117,917,127,-1,127,917,884,-1,127,884,133,-1,133,884,883,-1,133,883,135,-1,135,883,882,-1,135,882,872,-1,872,882,881,-1,872,881,871,-1,871,881,880,-1,871,880,870,-1,870,880,896,-1,870,896,869,-1,869,896,895,-1,869,895,888,-1,888,895,894,-1,888,894,537,-1,537,894,545,-1,537,545,538,-1,538,545,544,-1,538,544,541,-1,530,532,531,-1,531,532,513,-1,531,513,769,-1,769,513,515,-1,769,515,770,-1,770,515,77,-1,770,77,771,-1,771,77,76,-1,771,76,772,-1,772,76,506,-1,772,506,773,-1,773,506,503,-1,773,503,774,-1,774,503,499,-1,774,499,80,-1,80,499,494,-1,80,494,491,-1,491,494,493,-1,491,493,737,-1,737,493,492,-1,737,492,739,-1,70,557,71,-1,71,557,578,-1,71,578,581,-1,581,578,577,-1,581,577,579,-1,579,577,576,-1,579,576,592,-1,592,576,575,-1,592,575,64,-1,64,575,588,-1,64,588,65,-1,65,588,586,-1,65,586,599,-1,599,586,584,-1,599,584,603,-1,603,584,583,-1,603,583,600,-1,600,583,677,-1,600,677,601,-1,601,677,694,-1,601,694,602,-1,602,694,920,-1,602,920,604,-1,604,920,921,-1,604,921,605,-1,605,921,922,-1,605,922,606,-1,606,922,923,-1,606,923,607,-1,739,742,738,-1,738,742,30,-1,738,30,736,-1,736,30,32,-1,736,32,768,-1,768,32,743,-1,768,743,767,-1,767,743,673,-1,767,673,672,-1,672,673,674,-1,672,674,670,-1,670,674,676,-1,670,676,669,-1,669,676,833,-1,669,833,829,-1,829,833,832,-1,829,832,831,-1,831,832,15,-1,831,15,834,-1,834,15,14,-1,834,14,835,-1,835,14,839,-1,835,839,837,-1,837,839,840,-1,837,840,838,-1,838,840,201,-1,838,201,858,-1,858,201,193,-1,858,193,860,-1,860,193,196,-1,860,196,862,-1,862,196,107,-1,862,107,847,-1,847,107,189,-1,847,189,848,-1,848,189,185,-1,848,185,850,-1,850,185,183,-1,850,183,179,-1,179,183,182,-1,179,182,177,-1,28,39,29,-1,29,39,41,-1,29,41,747,-1,747,41,729,-1,747,729,749,-1,749,729,728,-1,749,728,751,-1,751,728,727,-1,751,727,753,-1,753,727,662,-1,753,662,755,-1,755,662,644,-1,755,644,16,-1,16,644,643,-1,16,643,17,-1,17,643,641,-1,17,641,827,-1,827,641,639,-1,827,639,824,-1,824,639,637,-1,824,637,818,-1,818,637,635,-1,818,635,816,-1,816,635,634,-1,816,634,819,-1,819,634,445,-1,819,445,820,-1,820,445,95,-1,820,95,821,-1,821,95,431,-1,821,431,822,-1,822,431,433,-1,822,433,823,-1,823,433,784,-1,823,784,815,-1,815,784,785,-1,815,785,781,-1,781,785,624,-1,781,624,782,-1,782,624,620,-1,782,620,25,-1,25,620,618,-1,25,618,26,-1,26,618,615,-1,26,615,902,-1,902,615,58,-1,902,58,904,-1,904,58,57,-1,904,57,906,-1,906,57,61,-1,906,61,908,-1,908,61,60,-1,908,60,910,-1,910,60,567,-1,910,567,912,-1,912,567,569,-1,912,569,914,-1,914,569,571,-1,914,571,916,-1,916,571,74,-1,916,74,918,-1,918,74,73,-1,918,73,919,-1,919,73,554,-1,919,554,886,-1,886,554,550,-1,886,550,887,-1,887,550,549,-1,887,549,891,-1,891,549,547,-1,891,547,893,-1,893,547,556,-1,893,556,543,-1,543,556,70,-1,543,70,544,-1,544,70,69,-1,544,69,541,-1,541,69,374,-1,541,374,542,-1,542,374,372,-1,542,372,366,-1,366,372,370,-1,366,370,364,-1,364,370,369,-1,385,400,386,-1,386,400,387,-1,392,391,396,-1,396,395,392,-1,392,395,394,-1,392,394,385,-1,385,394,398,-1,385,398,400,-1,378,411,377,-1,377,411,375,-1,378,381,411,-1,411,381,380,-1,411,380,405,-1,387,400,383,-1,383,400,401,-1,383,401,384,-1,384,401,403,-1,384,403,380,-1,380,403,406,-1,380,406,405,-1,411,410,375,-1,375,410,408,-1,375,408,373,-1,373,408,407,-1,373,407,371,-1,365,364,415,-1,415,364,369,-1,415,369,416,-1,371,407,369,-1,369,407,418,-1,369,418,416,-1,421,428,357,-1,413,359,361,-1,361,360,413,-1,413,360,363,-1,413,363,414,-1,414,363,368,-1,414,368,415,-1,415,368,367,-1,415,367,365,-1,359,413,357,-1,357,413,419,-1,357,419,421,-1,428,427,357,-1,357,427,426,-1,357,426,354,-1,354,426,425,-1,354,425,355,-1,355,425,352,-1,425,423,352,-1,352,423,422,-1,352,422,783,-1,783,438,352,-1,352,438,437,-1,352,437,353,-1,348,345,436,-1,436,345,344,-1,436,344,437,-1,437,344,347,-1,437,347,353,-1,332,432,333,-1,333,432,430,-1,333,430,334,-1,436,435,348,-1,348,435,434,-1,348,434,349,-1,349,434,432,-1,349,432,350,-1,350,432,332,-1,444,338,429,-1,429,338,337,-1,429,337,430,-1,430,337,335,-1,430,335,334,-1,444,443,338,-1,338,443,442,-1,338,442,339,-1,339,442,340,-1,442,441,340,-1,340,441,440,-1,340,440,341,-1,341,440,439,-1,341,439,342,-1,327,325,93,-1,439,94,342,-1,342,94,93,-1,342,93,324,-1,324,93,325,-1,323,330,449,-1,91,90,315,-1,315,90,454,-1,91,315,449,-1,449,315,321,-1,449,321,323,-1,93,447,327,-1,327,447,448,-1,327,448,328,-1,328,448,449,-1,328,449,329,-1,329,449,330,-1,455,87,316,-1,316,87,89,-1,316,89,318,-1,454,453,315,-1,315,453,451,-1,315,451,316,-1,316,451,450,-1,316,450,455,-1,458,311,310,-1,458,310,456,-1,456,310,308,-1,456,308,655,-1,655,308,307,-1,655,307,89,-1,89,307,320,-1,89,320,318,-1,311,458,313,-1,313,458,460,-1,313,460,461,-1,461,462,313,-1,313,462,85,-1,313,85,314,-1,314,85,303,-1,468,467,524,-1,303,85,304,-1,304,85,84,-1,304,84,306,-1,306,84,463,-1,306,463,524,-1,524,463,465,-1,524,465,468,-1,301,300,466,-1,466,300,299,-1,466,299,467,-1,467,299,298,-1,467,298,524,-1,466,296,301,-1,301,296,295,-1,301,295,302,-1,924,925,926,-1,926,925,927,-1,926,927,928,-1,928,927,929,-1,928,929,930,-1,930,929,931,-1,930,931,932,-1,932,931,933,-1,932,933,934,-1,934,933,935,-1,934,935,936,-1,936,935,937,-1,936,937,938,-1,938,937,939,-1,938,939,940,-1,940,939,941,-1,940,941,942,-1,942,941,943,-1,942,943,944,-1,944,943,945,-1,944,945,946,-1,946,945,947,-1,946,947,948,-1,948,947,949,-1,948,949,950,-1,950,949,951,-1,950,951,952,-1,952,951,953,-1,952,953,954,-1,954,953,955,-1,954,955,956,-1,956,955,957,-1,956,957,958,-1,958,957,959,-1,958,959,960,-1,960,959,961,-1,960,961,962,-1,962,961,963,-1,962,963,964,-1,964,963,965,-1,964,965,966,-1,966,965,967,-1,966,967,968,-1,968,967,969,-1,968,969,970,-1,970,969,971,-1,970,971,924,-1,924,971,925,-1,972,943,973,-1,973,943,941,-1,973,941,974,-1,974,941,939,-1,974,939,975,-1,975,939,937,-1,975,937,976,-1,976,937,935,-1,976,935,977,-1,977,935,933,-1,977,933,978,-1,978,933,931,-1,978,931,979,-1,979,931,929,-1,979,929,980,-1,980,929,927,-1,980,927,981,-1,981,927,925,-1,981,925,982,-1,982,925,971,-1,982,971,983,-1,983,971,969,-1,983,969,984,-1,984,969,967,-1,984,967,985,-1,985,967,965,-1,985,965,986,-1,986,965,963,-1,986,963,987,-1,987,963,961,-1,987,961,988,-1,988,961,959,-1,988,959,989,-1,989,959,957,-1,989,957,990,-1,990,957,955,-1,990,955,991,-1,991,955,953,-1,991,953,992,-1,992,953,951,-1,992,951,993,-1,993,951,949,-1,993,949,994,-1,994,949,947,-1,994,947,995,-1,995,947,945,-1,995,945,972,-1,972,945,943,-1,
        ]
    }
}
Shape{
    appearance Appearance {
        material  Material 	{
            diffuseColor 0.6470588235294118 0.6470588235294118 0.6470588235294118
            specularColor 0.3215686274509804 0.3215686274509804 0.3215686274509804
            ambientIntensity 0.2
            transparency 0
            shininess 0.5
        }
    }
    geometry IndexedFaceSet {
        ccw TRUE
        solid FALSE
        coord DEF co Coordinate {
            point [
                -0.6023 -0.0591 -5.1181, -0.6141 -0.0306 -5.1181, -0.5 0.0 -5.1181, -0.6181 0.0 -5.1181, -0.6141 0.0306 -5.1181, -0.5306 -0.1141 -5.1181, -0.5591 -0.1023 -5.1181, -0.5835 -0.0835 -5.1181, -0.4409 -0.1023 -5.1181, -0.4694 -0.1141 -5.1181, -0.5 -0.1181 -5.1181, -0.3859 -0.0306 -5.1181, -0.3977 -0.0591 -5.1181, -0.4165 -0.0835 -5.1181, -0.3977 0.0591 -5.1181, -0.3859 0.0306 -5.1181, -0.3819 0.0 -5.1181, -0.4694 0.1141 -5.1181, -0.4409 0.1023 -5.1181, -0.4165 0.0835 -5.1181, -0.5591 0.1023 -5.1181, -0.5306 0.1141 -5.1181, -0.5 0.1181 -5.1181, -0.6023 0.0591 -5.1181, -0.5835 0.0835 -5.1181, -0.3819 0.0 -3.5433, -0.3859 0.0306 -3.5433, -0.3977 0.0591 -3.5433, -0.4165 0.0835 -3.5433, -0.4409 0.1023 -3.5433, -0.4694 0.1141 -3.5433, -0.5 0.1181 -3.5433, -0.5306 0.1141 -3.5433, -0.5591 0.1023 -3.5433, -0.5835 0.0835 -3.5433, -0.6023 0.0591 -3.5433, -0.6141 0.0306 -3.5433, -0.6181 0.0 -3.5433, -0.6141 -0.0306 -3.5433, -0.6023 -0.0591 -3.5433, -0.5835 -0.0835 -3.5433, -0.5591 -0.1023 -3.5433, -0.5306 -0.1141 -3.5433, -0.5 -0.1181 -3.5433, -0.4694 -0.1141 -3.5433, -0.4409 -0.1023 -3.5433, -0.4165 -0.0835 -3.5433, -0.3977 -0.0591 -3.5433, -0.3859 -0.0306 -3.5433, -0.3859 -0.0306 -3.5433
            ]
        }
        coordIndex [
            0,1,2,-1,2,1,3,-1,2,3,4,-1,5,6,2,-1,2,6,7,-1,2,7,0,-1,8,9,2,-1,2,9,10,-1,2,10,5,-1,11,12,2,-1,2,12,13,-1,2,13,8,-1,14,15,2,-1,2,15,16,-1,2,16,11,-1,17,18,2,-1,2,18,19,-1,2,19,14,-1,20,21,2,-1,2,21,22,-1,2,22,17,-1,4,23,2,-1,2,23,24,-1,2,24,20,-1,25,15,26,-1,26,15,14,-1,26,14,27,-1,27,14,19,-1,27,19,28,-1,28,19,18,-1,28,18,29,-1,29,18,17,-1,29,17,30,-1,30,17,22,-1,30,22,31,-1,31,22,21,-1,31,21,32,-1,32,21,20,-1,32,20,33,-1,33,20,24,-1,33,24,34,-1,34,24,23,-1,34,23,35,-1,35,23,4,-1,35,4,36,-1,36,4,3,-1,36,3,37,-1,37,3,1,-1,37,1,38,-1,38,1,0,-1,38,0,39,-1,39,0,7,-1,39,7,40,-1,40,7,6,-1,40,6,41,-1,41,6,5,-1,41,5,42,-1,42,5,10,-1,42,10,43,-1,43,10,9,-1,43,9,44,-1,44,9,8,-1,44,8,45,-1,45,8,13,-1,45,13,46,-1,46,13,12,-1,46,12,47,-1,47,12,11,-1,47,11,48,-1,48,11,16,-1,48,16,25,-1,25,16,15,-1,
        ]
    }
}
Shape{
    appearance Appearance {
        material  Material 	{
            diffuseColor 0.0 0.1843137254901961 0.16862745098039217
            specularColor 0.0 0.09411764705882353 0.08627450980392157
            ambientIntensity 0.2
            transparency 0
            shininess 0.5
        }
    }
    geometry IndexedFaceSet {
        ccw TRUE
        solid FALSE
        coord DEF co Coordinate {
            point [
                0.3977 0.0591 -3.5433, 0.3909 0.063 -3.5433, 0.4165 0.0835 -3.5433, 0.4109 0.0891 -3.5433, 0.4409 0.1023 -3.5433, 0.437 0.1091 -3.5433, 0.4694 0.1141 -3.5433, 0.4674 0.1217 -3.5433, 0.5 0.1181 -3.5433, 0.5 0.126 -3.5433, 0.5306 0.1141 -3.5433, 0.5326 0.1217 -3.5433, 0.5591 0.1023 -3.5433, 0.563 0.1091 -3.5433, 0.5835 0.0835 -3.5433, 0.5891 0.0891 -3.5433, 0.6023 0.0591 -3.5433, 0.6091 0.063 -3.5433, 0.6141 0.0306 -3.5433, 0.6217 0.0326 -3.5433, 0.6181 0.0 -3.5433, 0.626 0.0 -3.5433, 0.6141 -0.0306 -3.5433, 0.6217 -0.0326 -3.5433, 0.6023 -0.0591 -3.5433, 0.6091 -0.063 -3.5433, 0.5835 -0.0835 -3.5433, 0.5891 -0.0891 -3.5433, 0.5591 -0.1023 -3.5433, 0.563 -0.1091 -3.5433, 0.5306 -0.1141 -3.5433, 0.5326 -0.1217 -3.5433, 0.5 -0.1181 -3.5433, 0.5 -0.126 -3.5433, 0.4694 -0.1141 -3.5433, 0.4674 -0.1217 -3.5433, 0.4409 -0.1023 -3.5433, 0.437 -0.1091 -3.5433, 0.4165 -0.0835 -3.5433, 0.4109 -0.0891 -3.5433, 0.3977 -0.0591 -3.5433, 0.3909 -0.063 -3.5433, 0.3859 -0.0306 -3.5433, 0.3783 -0.0326 -3.5433, 0.3819 0.0 -3.5433, 0.374 0.0 -3.5433, 0.3859 0.0306 -3.5433, 0.3783 0.0326 -3.5433, 0.626 0.0 -3.1496, 0.6217 0.0326 -3.1496, 0.6091 0.063 -3.1496, 0.5891 0.0891 -3.1496, 0.563 0.1091 -3.1496, 0.5326 0.1217 -3.1496, 0.5 0.126 -3.1496, 0.4674 0.1217 -3.1496, 0.437 0.1091 -3.1496, 0.4109 0.0891 -3.1496, 0.3909 0.063 -3.1496, 0.3783 0.0326 -3.1496, 0.374 0.0 -3.1496, 0.3783 -0.0326 -3.1496, 0.3909 -0.063 -3.1496, 0.4109 -0.0891 -3.1496, 0.437 -0.1091 -3.1496, 0.4674 -0.1217 -3.1496, 0.5 -0.126 -3.1496, 0.5326 -0.1217 -3.1496, 0.563 -0.1091 -3.1496, 0.5891 -0.0891 -3.1496, 0.6091 -0.063 -3.1496, 0.6217 -0.0326 -3.1496, 0.6217 -0.0326 -3.1496
            ]
        }
        coordIndex [
            0,1,2,-1,2,1,3,-1,2,3,4,-1,4,3,5,-1,4,5,6,-1,6,5,7,-1,6,7,8,-1,8,7,9,-1,8,9,10,-1,10,9,11,-1,10,11,12,-1,12,11,13,-1,12,13,14,-1,14,13,15,-1,14,15,16,-1,16,15,17,-1,16,17,18,-1,18,17,19,-1,18,19,20,-1,20,19,21,-1,20,21,22,-1,22,21,23,-1,22,23,24,-1,24,23,25,-1,24,25,26,-1,26,25,27,-1,26,27,28,-1,28,27,29,-1,28,29,30,-1,30,29,31,-1,30,31,32,-1,32,31,33,-1,32,33,34,-1,34,33,35,-1,34,35,36,-1,36,35,37,-1,36,37,38,-1,38,37,39,-1,38,39,40,-1,40,39,41,-1,40,41,42,-1,42,41,43,-1,42,43,44,-1,44,43,45,-1,44,45,46,-1,46,45,47,-1,46,47,0,-1,0,47,1,-1,48,19,49,-1,49,19,17,-1,49,17,50,-1,50,17,15,-1,50,15,51,-1,51,15,13,-1,51,13,52,-1,52,13,11,-1,52,11,53,-1,53,11,9,-1,53,9,54,-1,54,9,7,-1,54,7,55,-1,55,7,5,-1,55,5,56,-1,56,5,3,-1,56,3,57,-1,57,3,1,-1,57,1,58,-1,58,1,47,-1,58,47,59,-1,59,47,45,-1,59,45,60,-1,60,45,43,-1,60,43,61,-1,61,43,41,-1,61,41,62,-1,62,41,39,-1,62,39,63,-1,63,39,37,-1,63,37,64,-1,64,37,35,-1,64,35,65,-1,65,35,33,-1,65,33,66,-1,66,33,31,-1,66,31,67,-1,67,31,29,-1,67,29,68,-1,68,29,27,-1,68,27,69,-1,69,27,25,-1,69,25,70,-1,70,25,23,-1,70,23,71,-1,71,23,21,-1,71,21,48,-1,48,21,19,-1,
        ]
    }
}
Shape{
    appearance Appearance {
        material  Material 	{
            diffuseColor 0.6470588235294118 0.6470588235294118 0.6470588235294118
            specularColor 0.3215686274509804 0.3215686274509804 0.3215686274509804
            ambientIntensity 0.2
            transparency 0
            shininess 0.5
        }
    }
    geometry IndexedFaceSet {
        ccw TRUE
        solid FALSE
        coord DEF co Coordinate {
            point [
                0.3977 -0.0591 -5.1181, 0.3859 -0.0306 -5.1181, 0.5 0.0 -5.1181, 0.3819 0.0 -5.1181, 0.3859 0.0306 -5.1181, 0.4694 -0.1141 -5.1181, 0.4409 -0.1023 -5.1181, 0.4165 -0.0835 -5.1181, 0.5591 -0.1023 -5.1181, 0.5306 -0.1141 -5.1181, 0.5 -0.1181 -5.1181, 0.6141 -0.0306 -5.1181, 0.6023 -0.0591 -5.1181, 0.5835 -0.0835 -5.1181, 0.6023 0.0591 -5.1181, 0.6141 0.0306 -5.1181, 0.6181 0.0 -5.1181, 0.5306 0.1141 -5.1181, 0.5591 0.1023 -5.1181, 0.5835 0.0835 -5.1181, 0.4409 0.1023 -5.1181, 0.4694 0.1141 -5.1181, 0.5 0.1181 -5.1181, 0.3977 0.0591 -5.1181, 0.4165 0.0835 -5.1181, 0.6181 0.0 -3.5433, 0.6141 0.0306 -3.5433, 0.6023 0.0591 -3.5433, 0.5835 0.0835 -3.5433, 0.5591 0.1023 -3.5433, 0.5306 0.1141 -3.5433, 0.5 0.1181 -3.5433, 0.4694 0.1141 -3.5433, 0.4409 0.1023 -3.5433, 0.4165 0.0835 -3.5433, 0.3977 0.0591 -3.5433, 0.3859 0.0306 -3.5433, 0.3819 0.0 -3.5433, 0.3859 -0.0306 -3.5433, 0.3977 -0.0591 -3.5433, 0.4165 -0.0835 -3.5433, 0.4409 -0.1023 -3.5433, 0.4694 -0.1141 -3.5433, 0.5 -0.1181 -3.5433, 0.5306 -0.1141 -3.5433, 0.5591 -0.1023 -3.5433, 0.5835 -0.0835 -3.5433, 0.6023 -0.0591 -3.5433, 0.6141 -0.0306 -3.5433, 0.6141 -0.0306 -3.5433
            ]
        }
        coordIndex [
            0,1,2,-1,2,1,3,-1,2,3,4,-1,5,6,2,-1,2,6,7,-1,2,7,0,-1,8,9,2,-1,2,9,10,-1,2,10,5,-1,11,12,2,-1,2,12,13,-1,2,13,8,-1,14,15,2,-1,2,15,16,-1,2,16,11,-1,17,18,2,-1,2,18,19,-1,2,19,14,-1,20,21,2,-1,2,21,22,-1,2,22,17,-1,4,23,2,-1,2,23,24,-1,2,24,20,-1,25,15,26,-1,26,15,14,-1,26,14,27,-1,27,14,19,-1,27,19,28,-1,28,19,18,-1,28,18,29,-1,29,18,17,-1,29,17,30,-1,30,17,22,-1,30,22,31,-1,31,22,21,-1,31,21,32,-1,32,21,20,-1,32,20,33,-1,33,20,24,-1,33,24,34,-1,34,24,23,-1,34,23,35,-1,35,23,4,-1,35,4,36,-1,36,4,3,-1,36,3,37,-1,37,3,1,-1,37,1,38,-1,38,1,0,-1,38,0,39,-1,39,0,7,-1,39,7,40,-1,40,7,6,-1,40,6,41,-1,41,6,5,-1,41,5,42,-1,42,5,10,-1,42,10,43,-1,43,10,9,-1,43,9,44,-1,44,9,8,-1,44,8,45,-1,45,8,13,-1,45,13,46,-1,46,13,12,-1,46,12,47,-1,47,12,11,-1,47,11,48,-1,48,11,16,-1,48,16,25,-1,25,16,15,-1,
        ]
    }
}
Shape{
    appearance Appearance {
        material  Material 	{
            diffuseColor 0.4117647058823529 0.4117647058823529 0.4117647058823529
            specularColor 0.20392156862745098 0.20392156862745098 0.20392156862745098
            ambientIntensity 0.2
            transparency 0
            shininess 0.5
        }
    }
    geometry IndexedFaceSet {
        ccw TRUE
        solid FALSE
        coord DEF co Coordinate {
            point [
                0.6604 0.1265 -1.1816, 0.662 0.123 -1.1729, 0.6648 0.1105 -1.1816, 0.6655 0.11 -1.1729, 0.6687 0.094 -1.1816, 0.6687 0.0967 -1.1729, 0.6682 0.1084 -1.1401, 0.6702 0.1047 -1.1249, 0.6687 0.0865 -1.2037, 0.6697 0.0808 -1.2037, 0.6707 0.075 -1.2037, 0.6683 0.1091 -1.1373, 0.6683 0.1097 -1.1345, 0.6689 0.1101 -1.1249, 0.6675 0.1153 -1.1249, 0.668 0.1103 -1.1365, 0.668 0.1103 -1.1366, 0.6677 0.111 -1.1392, 0.6676 0.1112 -1.1401, 0.6526 0.146 -1.2037, 0.6545 0.1403 -1.2037, 0.6564 0.1345 -1.2037, 0.6636 0.1153 -1.1249, 0.6636 0.1153 -1.1249, 0.6663 0.1047 -1.1249, 0.6487 0.146 -1.2037, 0.6525 0.1345 -1.2037, 0.6565 0.1265 -1.1816, 0.6607 0.11 -1.1816, 0.6647 0.094 -1.1816, 0.6647 0.0865 -1.2037, 0.6668 0.075 -1.2037, 0.6636 0.1112 -1.1401, 0.6641 0.1103 -1.1365, 0.6637 0.1109 -1.1392, 0.6644 0.1097 -1.1345, 0.6643 0.1092 -1.1373, 0.6643 0.1084 -1.1401, 0.6647 0.0967 -1.1729, 0.6581 0.123 -1.1729, 0.6581 0.123 -1.1729
            ]
        }
        coordIndex [
            0,1,2,-1,2,1,3,-1,2,3,4,-1,4,3,5,-1,5,6,7,-1,8,4,9,-1,9,4,5,-1,9,5,10,-1,10,5,7,-1,6,11,7,-1,7,11,12,-1,7,12,13,-1,13,12,14,-1,12,15,14,-1,14,15,16,-1,14,16,17,-1,17,18,14,-1,14,18,1,-1,14,1,19,-1,19,1,0,-1,19,0,20,-1,20,0,21,-1,14,22,23,-1,14,23,13,-1,13,23,24,-1,13,24,7,-1,25,22,19,-1,19,22,14,-1,25,19,26,-1,26,19,20,-1,26,20,21,-1,27,26,0,-1,0,26,21,-1,27,0,28,-1,28,0,2,-1,28,2,29,-1,29,2,4,-1,30,29,8,-1,8,29,4,-1,30,8,31,-1,31,8,9,-1,31,9,10,-1,24,31,7,-1,7,31,10,-1,32,18,17,-1,16,33,17,-1,17,33,34,-1,17,34,32,-1,16,15,33,-1,33,15,12,-1,33,12,35,-1,35,12,11,-1,35,11,36,-1,36,11,6,-1,36,6,37,-1,38,37,5,-1,5,37,6,-1,1,39,3,-1,3,39,38,-1,3,38,5,-1,32,39,18,-1,18,39,1,-1,
        ]
    }
}
Shape{
    appearance Appearance {
        material  Material 	{
            diffuseColor 0.8509803921568627 0.8509803921568627 0.8509803921568627
            specularColor 0.4235294117647059 0.4235294117647059 0.4235294117647059
            ambientIntensity 0.2
            transparency 0
            shininess 0.5
        }
    }
    geometry IndexedFaceSet {
        ccw TRUE
        solid FALSE
        coord DEF co Coordinate {
            point [
                0.6641 0.1103 -1.1365, 0.6644 0.1097 -1.1345, 0.6643 0.1092 -1.1373, 0.6647 0.0967 -1.1729, 0.6581 0.123 -1.1729, 0.6643 0.1084 -1.1401, 0.6636 0.1112 -1.1401, 0.6637 0.1109 -1.1392, 0.6637 0.1109 -1.1392
            ]
        }
        coordIndex [
            0,1,2,-1,3,4,5,-1,5,4,6,-1,5,6,2,-1,2,6,7,-1,2,7,0,-1,
        ]
    }
}
Shape{
    appearance Appearance {
        material  Material 	{
            diffuseColor 0.4117647058823529 0.4117647058823529 0.4117647058823529
            specularColor 0.20392156862745098 0.20392156862745098 0.20392156862745098
            ambientIntensity 0.2
            transparency 0
            shininess 0.5
        }
    }
    geometry IndexedFaceSet {
        ccw TRUE
        solid FALSE
        coord DEF co Coordinate {
            point [
                0.6762 0.0584 -1.1587, 0.6759 0.0587 -1.1635, 0.6744 0.0692 -1.1633, 0.6751 0.055 -1.1802, 0.6737 0.0664 -1.1794, 0.6753 0.0574 -1.1742, 0.6738 0.0673 -1.1762, 0.6753 0.0574 -1.174, 0.674 0.0686 -1.1711, 0.6742 0.0689 -1.1674, 0.6761 0.0323 -1.1947, 0.6758 0.0273 -1.2037, 0.676 0.0351 -1.1942, 0.6751 0.0401 -1.2021, 0.6757 0.0403 -1.1931, 0.6751 0.0403 -1.2021, 0.6756 0.0415 -1.1925, 0.6745 0.0488 -1.1987, 0.6754 0.0462 -1.1902, 0.6745 0.0494 -1.1985, 0.6753 0.047 -1.1895, 0.674 0.0568 -1.1932, 0.6752 0.0511 -1.1861, 0.674 0.0573 -1.1928, 0.6752 0.0517 -1.1853, 0.6739 0.0583 -1.1917, 0.6751 0.0548 -1.1809, 0.6737 0.0626 -1.1867, 0.6737 0.0638 -1.1844, 0.6768 0.0164 -1.195, 0.6762 0.0166 -1.2037, 0.6766 0.022 -1.195, 0.6764 0.0276 -1.195, 0.6809 0.0336 -1.1253, 0.6813 0.0281 -1.1249, 0.6807 0.028 -1.1336, 0.681 0.0222 -1.1336, 0.6818 0.017 -1.1249, 0.6811 0.0164 -1.1336, 0.6819 0.0058 -1.1249, 0.6763 0.0058 -1.2037, 0.6808 0.036 -1.1255, 0.6799 0.0384 -1.135, 0.68 0.0433 -1.1274, 0.6798 0.0392 -1.1351, 0.6798 0.0455 -1.128, 0.6792 0.0448 -1.1375, 0.6789 0.0521 -1.1315, 0.679 0.046 -1.138, 0.6786 0.0538 -1.1324, 0.6784 0.0504 -1.1414, 0.6776 0.0595 -1.1374, 0.6782 0.0512 -1.142, 0.6777 0.054 -1.1455, 0.6775 0.0602 -1.138, 0.6776 0.0543 -1.1459, 0.6765 0.0644 -1.1439, 0.677 0.0566 -1.1507, 0.6764 0.0647 -1.1444, 0.6769 0.0568 -1.1512, 0.6763 0.0583 -1.1583, 0.6755 0.0675 -1.1511, 0.6755 0.0675 -1.1511, 0.6719 0.0273 -1.2037, 0.6723 0.011 -1.2037, 0.6724 0.0058 -1.2037, 0.678 0.0058 -1.1249, 0.6775 0.0221 -1.1249, 0.6774 0.0281 -1.1249, 0.677 0.0336 -1.1252, 0.6761 0.0434 -1.1272, 0.6749 0.0522 -1.1313, 0.6736 0.0596 -1.1373, 0.6725 0.0645 -1.1439, 0.6705 0.0692 -1.1633, 0.6716 0.0675 -1.1511, 0.6717 0.0672 -1.1503, 0.6711 0.0401 -1.2021, 0.6702 0.069 -1.1674, 0.6698 0.0675 -1.1762, 0.6698 0.064 -1.1844, 0.6698 0.0629 -1.1859, 0.67 0.0584 -1.1917, 0.6701 0.0569 -1.1932, 0.6706 0.0488 -1.1988, 0.6725 0.0276 -1.195, 0.6729 0.0164 -1.195, 0.672 0.0351 -1.1944, 0.6717 0.0415 -1.1926, 0.6714 0.0471 -1.1896, 0.6712 0.0517 -1.1853, 0.6712 0.0551 -1.1802, 0.6713 0.0574 -1.174, 0.6719 0.0587 -1.1635, 0.6767 0.028 -1.1336, 0.676 0.0385 -1.1349, 0.6723 0.0584 -1.1583, 0.6731 0.0566 -1.1507, 0.6737 0.054 -1.1455, 0.6744 0.0505 -1.1413, 0.6753 0.0449 -1.1374, 0.6772 0.0164 -1.1336, 0.6772 0.0164 -1.1336
            ]
        }
        coordIndex [
            0,1,2,-1,3,4,5,-1,5,4,6,-1,5,6,7,-1,7,6,8,-1,7,8,1,-1,1,8,9,-1,1,9,2,-1,10,11,12,-1,12,11,13,-1,12,13,14,-1,14,13,15,-1,14,15,16,-1,16,15,17,-1,16,17,18,-1,18,17,19,-1,18,19,20,-1,20,19,21,-1,20,21,22,-1,22,21,23,-1,22,23,24,-1,24,23,25,-1,24,25,26,-1,26,25,27,-1,26,27,3,-1,3,27,28,-1,3,28,4,-1,29,30,31,-1,31,30,11,-1,31,11,32,-1,32,11,10,-1,33,34,35,-1,35,34,36,-1,36,34,37,-1,36,37,38,-1,38,37,39,-1,38,39,29,-1,29,39,40,-1,29,40,30,-1,33,35,41,-1,41,35,42,-1,41,42,43,-1,43,42,44,-1,43,44,45,-1,45,44,46,-1,45,46,47,-1,47,46,48,-1,47,48,49,-1,49,48,50,-1,49,50,51,-1,50,52,51,-1,51,52,53,-1,51,53,54,-1,54,53,55,-1,54,55,56,-1,56,55,57,-1,56,57,58,-1,58,57,59,-1,0,2,60,-1,60,2,61,-1,60,61,59,-1,59,61,62,-1,59,62,58,-1,63,11,64,-1,64,11,30,-1,64,30,65,-1,65,30,40,-1,66,65,39,-1,39,65,40,-1,66,39,67,-1,67,39,37,-1,67,37,68,-1,68,37,34,-1,68,34,33,-1,68,33,69,-1,69,33,41,-1,69,41,70,-1,41,43,70,-1,70,43,45,-1,70,45,71,-1,45,47,71,-1,71,47,49,-1,71,49,72,-1,49,51,72,-1,72,51,54,-1,72,54,73,-1,2,74,61,-1,61,74,75,-1,61,75,62,-1,62,75,76,-1,62,76,58,-1,58,76,73,-1,58,73,56,-1,56,73,54,-1,11,63,77,-1,74,2,9,-1,74,9,78,-1,78,9,8,-1,78,8,79,-1,8,6,79,-1,79,6,4,-1,79,4,80,-1,80,4,28,-1,80,28,81,-1,81,28,27,-1,81,27,82,-1,82,27,25,-1,82,25,83,-1,25,23,83,-1,83,23,21,-1,83,21,84,-1,84,21,19,-1,19,17,84,-1,84,17,15,-1,84,15,77,-1,77,15,13,-1,77,13,11,-1,32,85,31,-1,31,85,86,-1,31,86,29,-1,87,85,32,-1,32,10,87,-1,87,10,12,-1,87,12,88,-1,12,14,88,-1,88,14,16,-1,88,16,89,-1,16,18,89,-1,89,18,20,-1,89,20,90,-1,20,22,90,-1,90,22,24,-1,90,24,91,-1,24,26,91,-1,91,26,3,-1,91,3,92,-1,92,3,5,-1,5,7,92,-1,92,7,1,-1,92,1,93,-1,35,94,95,-1,96,93,1,-1,1,0,96,-1,96,0,60,-1,96,60,97,-1,60,59,97,-1,97,59,57,-1,97,57,98,-1,57,55,98,-1,98,55,53,-1,98,53,99,-1,99,53,52,-1,52,50,99,-1,99,50,48,-1,99,48,100,-1,48,46,100,-1,100,46,44,-1,100,44,95,-1,95,44,42,-1,95,42,35,-1,94,35,101,-1,101,35,36,-1,101,36,38,-1,86,101,29,-1,29,101,38,-1,
        ]
    }
}
Shape{
    appearance Appearance {
        material  Material 	{
            diffuseColor 0.8509803921568627 0.8509803921568627 0.8509803921568627
            specularColor 0.4235294117647059 0.4235294117647059 0.4235294117647059
            ambientIntensity 0.2
            transparency 0
            shininess 0.5
        }
    }
    geometry IndexedFaceSet {
        ccw TRUE
        solid FALSE
        coord DEF co Coordinate {
            point [
                0.6724 0.0433 -1.1793, 0.6712 0.0551 -1.1802, 0.6713 0.0574 -1.174, 0.6725 0.0276 -1.195, 0.672 0.0351 -1.1944, 0.6717 0.0415 -1.1926, 0.6714 0.0471 -1.1896, 0.6712 0.0517 -1.1853, 0.6719 0.0587 -1.1635, 0.6723 0.0584 -1.1583, 0.6731 0.0566 -1.1507, 0.6737 0.054 -1.1455, 0.6744 0.0505 -1.1413, 0.6753 0.0449 -1.1374, 0.6772 0.0164 -1.1336, 0.6729 0.0164 -1.195, 0.6767 0.028 -1.1336, 0.676 0.0385 -1.1349, 0.676 0.0385 -1.1349
            ]
        }
        coordIndex [
            0,1,2,-1,3,4,0,-1,0,4,5,-1,5,6,0,-1,0,6,7,-1,0,7,1,-1,2,8,0,-1,0,8,9,-1,0,9,3,-1,3,9,10,-1,10,11,3,-1,3,11,12,-1,3,12,13,-1,14,15,16,-1,16,15,3,-1,16,3,17,-1,17,3,13,-1,
        ]
    }
}
Shape{
    appearance Appearance {
        material  Material 	{
            diffuseColor 0.4117647058823529 0.4117647058823529 0.4117647058823529
            specularColor 0.20392156862745098 0.20392156862745098 0.20392156862745098
            ambientIntensity 0.2
            transparency 0
            shininess 0.5
        }
    }
    geometry IndexedFaceSet {
        ccw TRUE
        solid FALSE
        coord DEF co Coordinate {
            point [
                0.6761 -0.0095 -1.2037, 0.6767 -0.0095 -1.195, 0.6748 -0.0305 -1.2037, 0.6758 -0.0253 -1.195, 0.6726 -0.0518 -1.2037, 0.6744 -0.0412 -1.195, 0.6784 -0.0134 -1.1681, 0.679 -0.0134 -1.1595, 0.6776 -0.0272 -1.1681, 0.6782 -0.0272 -1.1595, 0.6764 -0.0412 -1.1681, 0.677 -0.0412 -1.1595, 0.681 -0.0114 -1.1336, 0.6816 -0.0114 -1.1249, 0.6802 -0.0262 -1.1336, 0.6805 -0.0314 -1.1249, 0.6789 -0.0412 -1.1336, 0.6784 -0.0518 -1.1249, 0.6745 -0.0134 -1.1681, 0.6751 -0.0134 -1.1595, 0.6724 -0.0412 -1.1681, 0.6729 -0.0355 -1.1681, 0.6705 -0.0412 -1.195, 0.6727 -0.0095 -1.195, 0.6706 -0.0396 -1.195, 0.6721 -0.0095 -1.2037, 0.6695 -0.0409 -1.2037, 0.6686 -0.0518 -1.2037, 0.6744 -0.0518 -1.1249, 0.6763 -0.029 -1.1249, 0.6777 -0.0114 -1.1249, 0.6771 -0.0114 -1.1336, 0.6758 -0.0303 -1.1336, 0.675 -0.0412 -1.1336, 0.6731 -0.0412 -1.1595, 0.6736 -0.0342 -1.1595, 0.6749 -0.0692 -1.1365, 0.6752 -0.0671 -1.1377, 0.676 -0.0671 -1.1271, 0.6688 -0.0758 -1.203, 0.6706 -0.0671 -1.1996, 0.6712 -0.0671 -1.1909, 0.6695 -0.0755 -1.1944, 0.6676 -0.0844 -1.1959, 0.6661 -0.0888 -1.2046, 0.6696 -0.0747 -1.1943, 0.6687 -0.0764 -1.2033, 0.6676 -0.0848 -1.1959, 0.667 -0.0873 -1.196, 0.6648 -0.0946 -1.2043, 0.6652 -0.0957 -1.1949, 0.6639 -0.0985 -1.2033, 0.6651 -0.0963 -1.1946, 0.6628 -0.1035 -1.2021, 0.6641 -0.1012 -1.1927, 0.6622 -0.106 -1.2008, 0.664 -0.1016 -1.1924, 0.6613 -0.1105 -1.1985, 0.6632 -0.1059 -1.1892, 0.6608 -0.1128 -1.1963, 0.6631 -0.1063 -1.1887, 0.66 -0.1166 -1.1929, 0.6625 -0.1098 -1.1848, 0.66 -0.1167 -1.1927, 0.6592 -0.1214 -1.1859, 0.6624 -0.1103 -1.1837, 0.6592 -0.1215 -1.1855, 0.6621 -0.1125 -1.1797, 0.6589 -0.1243 -1.1777, 0.6621 -0.1131 -1.1778, 0.6589 -0.1243 -1.1777, 0.6621 -0.1144 -1.1733, 0.6623 -0.1147 -1.17, 0.6594 -0.1257 -1.1658, 0.6625 -0.1151 -1.1651, 0.6599 -0.1255 -1.1605, 0.6601 -0.1253 -1.1595, 0.6612 -0.1236 -1.151, 0.6637 -0.1139 -1.1544, 0.6614 -0.1232 -1.1501, 0.6638 -0.1138 -1.1543, 0.663 -0.1198 -1.1423, 0.665 -0.1113 -1.1477, 0.665 -0.1112 -1.1473, 0.6633 -0.1191 -1.1414, 0.6664 -0.1075 -1.1421, 0.6651 -0.1145 -1.1356, 0.6665 -0.1073 -1.1418, 0.6656 -0.1128 -1.1342, 0.6681 -0.1022 -1.1374, 0.6676 -0.1068 -1.1294, 0.6682 -0.1018 -1.1371, 0.668 -0.1055 -1.1289, 0.6696 -0.0966 -1.1346, 0.6699 -0.0986 -1.1258, 0.6698 -0.096 -1.1343, 0.6702 -0.0973 -1.1256, 0.6712 -0.0901 -1.133, 0.6729 -0.0857 -1.124, 0.6714 -0.0894 -1.1328, 0.6722 -0.0856 -1.1326, 0.674 -0.0758 -1.134, 0.6747 -0.0756 -1.1248, 0.6738 -0.0767 -1.1337, 0.6746 -0.0764 -1.1246, 0.673 -0.0849 -1.124, 0.6666 -0.0671 -1.1996, 0.6673 -0.0671 -1.1909, 0.6621 -0.0888 -1.2046, 0.6649 -0.0757 -1.2031, 0.6607 -0.095 -1.204, 0.66 -0.0986 -1.2036, 0.6583 -0.1061 -1.201, 0.6568 -0.113 -1.1965, 0.656 -0.1168 -1.1928, 0.6552 -0.1215 -1.1855, 0.655 -0.1243 -1.1777, 0.6555 -0.1257 -1.1658, 0.6689 -0.0857 -1.124, 0.6663 -0.0974 -1.1255, 0.6561 -0.1254 -1.1594, 0.6575 -0.1233 -1.15, 0.6594 -0.1191 -1.1414, 0.6617 -0.1129 -1.134, 0.664 -0.1055 -1.1287, 0.6721 -0.0671 -1.1271, 0.6708 -0.0755 -1.1247, 0.6691 -0.0849 -1.124, 0.6694 -0.0829 -1.1241, 0.6712 -0.0671 -1.1377, 0.6701 -0.0757 -1.1339, 0.6685 -0.0842 -1.1328, 0.6683 -0.0856 -1.1326, 0.6673 -0.0902 -1.1329, 0.6657 -0.0966 -1.1345, 0.6641 -0.1022 -1.1374, 0.6625 -0.1075 -1.142, 0.661 -0.1114 -1.1477, 0.6586 -0.1151 -1.1651, 0.6598 -0.1138 -1.1543, 0.6583 -0.1149 -1.17, 0.6581 -0.1132 -1.1779, 0.6585 -0.1104 -1.1838, 0.6591 -0.1064 -1.1888, 0.6601 -0.1016 -1.1924, 0.6631 -0.0873 -1.196, 0.6617 -0.0937 -1.1951, 0.6612 -0.0963 -1.1947, 0.6636 -0.0848 -1.1959, 0.6655 -0.0755 -1.1945, 0.648 -0.1675 -1.1249, 0.6458 -0.1728 -1.1249, 0.6393 -0.1728 -1.2037, 0.6501 -0.1622 -1.1249, 0.6444 -0.1622 -1.195, 0.65 -0.1473 -1.195, 0.6474 -0.1526 -1.2037, 0.6551 -0.1324 -1.195, 0.6544 -0.1324 -1.2037, 0.6505 -0.1324 -1.2037, 0.6511 -0.1324 -1.195, 0.6438 -0.1504 -1.2037, 0.6354 -0.1728 -1.2037, 0.6419 -0.1728 -1.1249, 0.6461 -0.1622 -1.1249, 0.6404 -0.1622 -1.195, 0.6451 -0.1492 -1.195, 0.6451 -0.1492 -1.195
            ]
        }
        coordIndex [
            0,1,2,-1,2,1,3,-1,2,3,4,-1,4,3,5,-1,6,7,8,-1,8,7,9,-1,8,9,10,-1,10,9,11,-1,12,13,14,-1,14,13,15,-1,14,15,16,-1,16,15,17,-1,16,17,11,-1,11,17,4,-1,11,4,10,-1,10,4,5,-1,18,19,6,-1,6,19,7,-1,10,20,21,-1,18,6,21,-1,21,6,8,-1,21,8,10,-1,22,20,5,-1,5,20,10,-1,1,23,3,-1,3,23,24,-1,3,24,5,-1,5,24,22,-1,25,23,0,-1,0,23,1,-1,25,0,26,-1,26,0,2,-1,26,2,27,-1,27,2,4,-1,28,27,17,-1,17,27,4,-1,28,17,29,-1,29,17,15,-1,29,15,30,-1,30,15,13,-1,31,30,12,-1,12,30,13,-1,31,12,32,-1,32,12,14,-1,32,14,33,-1,33,14,16,-1,34,33,11,-1,11,33,16,-1,7,19,9,-1,9,19,35,-1,9,35,11,-1,11,35,34,-1,36,37,38,-1,39,40,41,-1,42,43,44,-1,41,45,39,-1,39,45,42,-1,39,42,46,-1,46,42,44,-1,43,47,44,-1,44,47,48,-1,44,48,49,-1,49,48,50,-1,49,50,51,-1,51,50,52,-1,51,52,53,-1,53,52,54,-1,53,54,55,-1,55,54,56,-1,55,56,57,-1,57,56,58,-1,57,58,59,-1,59,58,60,-1,59,60,61,-1,61,60,62,-1,61,62,63,-1,63,62,64,-1,64,62,65,-1,64,65,66,-1,66,65,67,-1,66,67,68,-1,68,67,69,-1,68,69,70,-1,69,71,70,-1,70,71,72,-1,70,72,73,-1,73,72,74,-1,73,74,75,-1,75,74,76,-1,76,74,77,-1,77,74,78,-1,77,78,79,-1,79,78,80,-1,79,80,81,-1,80,82,81,-1,81,82,83,-1,81,83,84,-1,84,83,85,-1,84,85,86,-1,86,85,87,-1,86,87,88,-1,88,87,89,-1,88,89,90,-1,90,89,91,-1,90,91,92,-1,92,91,93,-1,92,93,94,-1,94,93,95,-1,94,95,96,-1,96,95,97,-1,96,97,98,-1,98,97,99,-1,98,99,100,-1,36,38,101,-1,101,38,102,-1,101,102,103,-1,103,102,104,-1,103,104,100,-1,100,104,105,-1,100,105,98,-1,106,107,40,-1,40,107,41,-1,44,108,46,-1,46,108,109,-1,46,109,39,-1,39,109,106,-1,39,106,40,-1,108,44,110,-1,110,44,49,-1,110,49,111,-1,111,49,51,-1,111,51,112,-1,51,53,112,-1,112,53,55,-1,112,55,113,-1,55,57,113,-1,113,57,59,-1,113,59,114,-1,59,61,114,-1,114,61,63,-1,114,63,115,-1,115,63,64,-1,64,66,115,-1,115,66,68,-1,115,68,116,-1,116,68,70,-1,116,70,117,-1,117,70,73,-1,98,118,119,-1,120,117,73,-1,73,75,120,-1,120,75,76,-1,120,76,121,-1,76,77,121,-1,121,77,79,-1,121,79,122,-1,79,81,122,-1,122,81,84,-1,122,84,123,-1,84,86,123,-1,123,86,88,-1,123,88,124,-1,124,88,90,-1,90,92,124,-1,124,92,94,-1,124,94,119,-1,119,94,96,-1,119,96,98,-1,38,125,126,-1,127,118,105,-1,105,118,98,-1,127,105,128,-1,128,105,104,-1,128,104,126,-1,126,104,102,-1,126,102,38,-1,129,125,37,-1,37,125,38,-1,129,37,36,-1,129,36,130,-1,36,101,130,-1,130,101,103,-1,130,103,131,-1,131,103,100,-1,131,100,132,-1,100,99,132,-1,132,99,133,-1,99,97,133,-1,133,97,95,-1,133,95,134,-1,134,95,93,-1,134,93,135,-1,93,91,135,-1,135,91,89,-1,135,89,136,-1,89,87,136,-1,136,87,85,-1,136,85,137,-1,137,85,83,-1,74,138,78,-1,78,138,139,-1,78,139,80,-1,80,139,137,-1,80,137,82,-1,82,137,83,-1,138,74,72,-1,138,72,140,-1,140,72,71,-1,140,71,141,-1,71,69,141,-1,141,69,67,-1,141,67,142,-1,67,65,142,-1,142,65,62,-1,142,62,143,-1,62,60,143,-1,143,60,58,-1,143,58,144,-1,48,145,50,-1,50,145,146,-1,50,146,52,-1,52,146,147,-1,52,147,54,-1,54,147,144,-1,54,144,56,-1,56,144,58,-1,145,48,47,-1,145,47,148,-1,148,47,43,-1,148,43,149,-1,41,107,45,-1,45,107,149,-1,45,149,42,-1,42,149,43,-1,150,151,152,-1,153,150,154,-1,154,150,152,-1,154,152,155,-1,155,152,156,-1,155,156,157,-1,157,156,158,-1,159,160,158,-1,158,160,157,-1,159,158,161,-1,161,158,156,-1,161,156,162,-1,162,156,152,-1,163,162,151,-1,151,162,152,-1,163,151,164,-1,164,151,150,-1,164,150,153,-1,165,164,154,-1,154,164,153,-1,165,154,166,-1,166,154,155,-1,166,155,160,-1,160,155,157,-1,
        ]
    }
}