#VRML V2.0 utf8
# 3D model generated by easyeda2kicad.py (https://github.com/uPesy/easyeda2kicad.py)

Shape{
    appearance Appearance {
        material  Material 	{
            diffuseColor 0.8509803921568627 0.8509803921568627 0.8509803921568627
            specularColor 0.4235294117647059 0.4235294117647059 0.4235294117647059
            ambientIntensity 0.2
            transparency 0
            shininess 0.5
        }
    }
    geometry IndexedFaceSet {
        ccw TRUE
        solid FALSE
        coord DEF co Coordinate {
            point [
                0.3587 1.034 0.7634, 0.3534 1.0359 0.7629, 0.3534 1.0359 1.5748, 0.1618 1.0825 0.7561, 0.1508 1.084 0.7341, 0.04 1.0938 1.5748, 0.148 1.0844 0.7331, 0.1312 1.0866 0.7246, 0.1158 1.0883 0.7114, 0.1043 1.0895 0.6951, 0.1051 1.0894 0.6208, 0.1165 1.0883 0.6052, 0.0399 1.0908 0.0984, 0.0975 1.0901 0.6777, 0.095 1.0904 0.6591, 0.0978 1.0901 0.6388, 0.3522 1.0363 0.7628, 0.3404 1.0402 0.7763, 0.3269 1.0445 0.7877, 0.3107 1.0495 0.7974, 0.2842 1.0569 0.8067, 0.1988 1.0763 1.5748, 0.2585 1.0635 0.8094, 0.2316 1.0697 0.806, 0.2034 1.0754 0.7948, 0.1988 1.0762 0.7916, 0.1813 1.0794 0.7793, 0.4579 0.9941 0.678, 0.454 0.9959 0.6993, 0.5004 0.9734 1.5748, 0.417 1.0119 0.595, 0.4347 1.0045 0.6103, 0.4991 0.9708 0.0984, 0.3753 1.0281 0.5599, 0.3837 1.025 0.5704, 0.3893 1.0229 0.5826, 0.3965 1.0202 0.5848, 0.4475 0.9988 0.6289, 0.4555 0.9952 0.6502, 0.4575 0.9943 0.6612, 0.4581 0.994 0.6725, 0.4447 1.0001 0.7198, 0.4309 1.0061 0.7372, 0.427 1.0077 0.7408, 0.4088 1.0153 0.7534, 0.3877 1.0235 0.7614, 0.3653 1.0317 0.7641, 0.3642 1.0321 0.5514, 0.4281 1.0073 0.0984, 0.3534 1.0359 0.5467, 0.3524 1.0331 0.0984, 0.3511 1.0366 0.5458, 0.2051 1.0751 0.6149, 0.2006 1.0759 0.6154, 0.1988 1.0763 0.647, 0.2052 1.0751 0.5807, 0.209 1.0743 0.5822, 0.1983 1.0734 0.0984, 0.202 1.0757 0.5801, 0.132 1.0865 0.5922, 0.1495 1.0842 0.5838, 0.1197 1.0879 0.0984, 0.1684 1.0814 0.5799, 0.1988 1.0762 0.5801, 0.2976 1.0533 0.5577, 0.2888 1.0557 0.5675, 0.2127 1.0736 0.5848, 0.309 1.05 0.5499, 0.3217 1.0461 0.5451, 0.2768 1.0589 0.0984, 0.3355 1.0418 0.5435, 0.3377 1.0411 0.5438, 0.214 1.0734 0.5862, 0.2164 1.0729 0.5898, 0.282 1.0575 0.5801, 0.2179 1.0726 0.5937, 0.2798 1.0581 0.587, 0.2178 1.0726 0.6024, 0.2171 1.0727 0.6045, 0.2781 1.0586 0.6057, 0.2785 1.0585 0.5941, 0.2184 1.0725 0.5979, 0.2782 1.0585 0.6, 0.2183 1.0725 0.6002, 0.2149 1.0732 0.6084, 0.2125 1.0737 0.6109, 0.209 1.0744 0.6134, 0.1421 1.0852 0.6287, 0.1358 1.086 0.6376, 0.1981 1.0764 0.6473, 0.1318 1.0865 0.6477, 0.1303 1.0867 0.6588, 0.1306 1.0867 0.6638, 0.1331 1.0864 0.6747, 0.1384 1.0857 0.6846, 0.1449 1.0849 0.692, 0.1537 1.0836 0.6982, 0.1636 1.0822 0.7021, 0.1744 1.0805 0.7035, 0.1988 1.0763 0.6484, 0.179 1.0798 0.7035, 0.1823 1.0792 0.7194, 0.2001 1.076 0.6153, 0.1988 1.0763 0.6151, 0.1984 1.0764 0.615, 0.1972 1.0766 0.6148, 0.1716 1.081 0.6147, 0.1614 1.0825 0.6165, 0.1513 1.084 0.6211, 0.1428 1.0851 0.6279, 0.2389 1.0681 0.7727, 0.2581 1.0636 0.7752, 0.302 1.052 0.6474, 0.2791 1.0583 0.7727, 0.2978 1.0532 0.7653, 0.191 1.0777 0.7378, 0.1988 1.0763 0.7473, 0.2156 1.073 0.6776, 0.2921 1.0548 0.6383, 0.2037 1.0754 0.7532, 0.2051 1.0751 0.7546, 0.2211 1.0719 0.7658, 0.3534 1.0359 0.7284, 0.3534 1.0358 0.6545, 0.3483 1.0376 0.6564, 0.3131 1.0487 0.7542, 0.326 1.0448 0.7391, 0.3141 1.0485 0.654, 0.3348 1.042 0.7211, 0.3278 1.0443 0.6575, 0.3347 1.0421 0.6579, 0.3516 1.0365 0.7281, 0.3389 1.0407 0.7234, 0.3821 1.0256 0.6329, 0.4201 1.0107 0.6575, 0.4177 1.0117 0.6506, 0.411 1.0144 0.639, 0.4008 1.0185 0.6285, 0.3885 1.0232 0.6208, 0.4205 1.0105 0.6871, 0.4218 1.01 0.6803, 0.3726 1.0291 0.6436, 0.4223 1.0098 0.6734, 0.4216 1.01 0.6646, 0.3609 1.0333 0.6516, 0.4075 1.0158 0.7111, 0.4155 1.0126 0.6998, 0.3649 1.0319 0.7299, 0.3708 1.0297 0.7296, 0.3849 1.0246 0.7264, 0.3977 1.0197 0.7198, -0.2348 1.069 0.5773, -0.2499 1.0656 0.5772, -0.2349 1.069 0.5865, -0.2505 1.0654 0.6573, -0.1424 1.0852 0.553, -0.1384 1.0857 0.5515, -0.1194 1.085 0.0984, -0.1344 1.0862 0.5511, -0.1322 1.0865 0.5512, -0.1279 1.087 0.552, -0.1549 1.0835 0.5693, -0.1503 1.0841 0.5604, -0.1917 1.0776 0.5776, -0.1465 1.0846 0.5561, -0.1264 1.0872 0.6353, -0.1197 1.0879 0.5998, -0.1485 1.0844 0.5781, -0.1205 1.0878 0.5974, -0.128 1.087 0.5609, -0.13 1.0867 0.5602, -0.1197 1.0879 0.5878, -0.1337 1.0863 0.5597, -0.1362 1.086 0.56, -0.1384 1.0857 0.5608, -0.1401 1.0855 0.562, -0.1209 1.0878 0.5937, -0.1204 1.0878 0.5897, -0.144 1.085 0.5677, -0.142 1.0852 0.5641, -0.231 1.0698 0.6134, -0.2023 1.0756 0.6136, -0.2021 1.0757 0.5867, -0.2202 1.0721 0.7045, -0.2316 1.0697 0.7044, -0.1377 1.0858 0.6352, -0.1523 1.0838 0.5921, -0.1535 1.0837 0.5874, -0.1538 1.0836 0.5874, -0.1543 1.0836 0.5893, -0.155 1.0835 0.592, -0.1813 1.0794 0.6349, -0.1923 1.0775 0.6577, -0.1709 1.0811 0.635, -0.2728 1.0599 0.726, -0.2395 1.068 0.7262, -0.2768 1.0589 0.7149, -0.2335 1.0693 0.6574, -0.2026 1.0756 0.6484, -0.2024 1.0756 0.6228, -0.2335 1.0693 0.6482, -0.231 1.0698 0.6226, -0.2733 1.0598 0.6571, -0.2768 1.0589 0.6567, -0.2808 1.0579 0.704, -0.1726 1.0808 0.7048, -0.1506 1.0841 0.705, -0.2098 1.0742 0.7228, -0.2038 1.0754 0.7158, -0.1953 1.0769 0.7098, -0.1862 1.0785 0.7063, -0.2768 1.0589 1.5748, -0.1342 1.0862 0.7851, -0.1341 1.0862 0.7759, -0.1316 1.0865 0.7412, -0.1317 1.0865 0.7503, -0.1197 1.0878 0.7504, -0.2119 1.0738 0.7642, -0.2148 1.0732 0.7566, -0.216 1.073 0.7455, -0.2513 1.0653 0.7843, -0.2158 1.073 0.7404, -0.2138 1.0734 0.7311, -0.1958 1.0768 0.7798, -0.1862 1.0785 0.7834, -0.174 1.0806 0.7849, -0.2042 1.0753 0.774, -0.207 1.0747 0.7712, -0.1511 1.084 0.785, -0.1355 1.0861 0.7142, -0.1354 1.0861 0.7051, -0.1197 1.0877 0.7052, -0.3722 1.0293 0.5983, -0.3388 1.0407 0.5985, -0.3802 1.0263 0.5763, -0.331 1.0432 0.5766, -0.3916 1.022 0.5762, -0.4269 1.0046 0.0984, -0.3534 1.0359 0.0984, -0.3196 1.0468 0.5767, -0.2761 1.0561 0.0984, -0.3617 1.033 0.6565, -0.4281 1.0073 1.5748, -0.2922 1.0548 0.7039, -0.2856 1.0566 0.6557, -0.2952 1.0539 0.6521, -0.3035 1.0516 0.6463, -0.3063 1.0507 0.6435, -0.3506 1.0368 0.6566, -0.2623 1.0626 0.7842, -0.2768 1.0588 0.7453, -0.3113 1.0493 0.6365, -0.3142 1.0484 0.6288, -0.3151 1.0481 0.6234, -0.3131 1.0487 0.6034, -0.3151 1.0481 0.6127, -0.3154 1.0481 0.6178, -0.3091 1.0499 0.5951, -0.3031 1.0517 0.5881, -0.2947 1.0541 0.5821, -0.1459 1.0847 0.5554, -0.1988 1.0763 0.0984, -0.2719 1.0602 0.5771, -0.2768 1.0589 0.5776, -0.2855 1.0566 0.5786, -0.103 1.0896 0.7414, -0.1028 1.0897 0.7144, -0.1197 1.0878 0.7412, -0.1197 1.0878 0.7143, -0.1197 1.0878 0.776, -0.1032 1.0896 0.7761, -0.103 1.0896 0.7505, -0.025 1.0942 0.6034, -0.027 1.0942 0.6062, -0.0286 1.0941 0.6222, -0.0302 1.0941 0.6088, -0.0346 1.0939 0.611, -0.0345 1.0939 0.626, -0.0419 1.0937 0.6127, -0.0507 1.0933 0.6286, -0.0474 1.0935 0.629, -0.0408 1.0937 0.6283, -0.0588 1.0929 0.6149, -0.0585 1.0929 0.6194, -0.0575 1.093 0.6229, -0.0563 1.093 0.625, -0.0548 1.0931 0.6266, -0.0531 1.0932 0.6278, -0.0117 1.0944 0.6498, 0.0192 1.0943 0.65, 0.0193 1.0943 0.6244, -0.0235 1.0942 0.5999, -0.0093 1.0944 0.6242, -0.0092 1.0944 0.615, -0.1192 1.088 0.5865, -0.1173 1.0882 0.5839, -0.1144 1.0885 0.5814, -0.112 1.0887 0.5799, -0.1067 1.0893 0.5779, -0.0977 1.0901 0.5769, -0.04 1.0938 0.0984, -0.0883 1.0909 0.5781, -0.0822 1.0914 0.5804, -0.0823 1.0914 0.5908, -0.0429 1.0936 0.7163, -0.0455 1.0935 0.7178, -0.0375 1.0938 0.7199, -0.0352 1.0939 0.7221, -0.0487 1.0934 0.7143, -0.0557 1.0931 0.7135, -0.0595 1.0929 0.7136, -0.0685 1.0923 0.7152, -0.0764 1.0918 0.7187, -0.0118 1.0944 0.659, -0.0286 1.0941 0.632, -0.0307 1.0941 0.6332, -0.0382 1.0938 0.636, -0.0484 1.0934 0.6371, -0.0924 1.0906 0.7054, -0.0546 1.0931 0.6365, -0.0587 1.0929 0.6352, -0.062 1.0927 0.6332, -0.0647 1.0926 0.6306, -0.0667 1.0925 0.6273, -0.0682 1.0924 0.6227, -0.0689 1.0923 0.6153, -0.0131 1.0944 0.5789, -0.031 1.0941 0.5796, -0.0276 1.0941 0.5819, -0.0265 1.0942 0.5831, -0.0244 1.0942 0.5862, -0.0131 1.0944 0.588, -0.0232 1.0942 0.5896, -0.0228 1.0943 0.5941, -0.0228 1.0943 0.5956, 0.0196 1.0943 0.5883, 0.0194 1.0943 0.6152, -0.0407 1.0937 0.7064, -0.0331 1.094 0.71, -0.0131 1.0944 0.7059, -0.0493 1.0934 0.7045, -0.0764 1.0918 0.7088, -0.075 1.0919 0.7081, -0.0664 1.0925 0.7054, 0.0294 1.0941 0.6593, -0.0542 1.0931 0.7043, 0.0291 1.0941 0.7062, 0.03 1.0941 0.5792, -0.0586 1.0929 0.5874, -0.0584 1.0929 0.5874, -0.0586 1.0929 0.5786, -0.0557 1.0931 0.5837, -0.0524 1.0932 0.5807, -0.0505 1.0933 0.5796, -0.0465 1.0935 0.578, -0.0408 1.0937 0.5774, -0.0348 1.0939 0.5781, -0.0267 1.0942 0.7154, -0.0261 1.0942 0.7161, -0.0132 1.0944 0.7151, -0.0214 1.0943 0.723, 0.0187 1.0943 0.7153, -0.0182 1.0943 0.7314, -0.0167 1.0944 0.7444, 0.0182 1.0943 0.7862, -0.0168 1.0944 0.7486, -0.038 1.0938 0.7825, -0.0464 1.0935 0.7857, -0.1197 1.0879 1.5748, -0.0305 1.0941 0.7773, -0.0187 1.0943 0.759, -0.0226 1.0943 0.7679, -0.0285 1.0941 0.7754, 0.0285 1.0941 0.7863, -0.0579 1.093 0.787, -0.0684 1.0923 0.7861, -0.0769 1.0918 0.7836, -0.1197 1.0877 0.7852, -0.0929 1.0905 0.7854, -0.0768 1.0918 0.7728, -0.0992 1.09 0.5852, -0.0976 1.0901 0.6034, -0.0987 1.09 0.5851, -0.0926 1.0906 0.5859, -0.1043 1.0895 0.5857, -0.1069 1.0893 0.5866, -0.1078 1.0892 0.5871, -0.109 1.089 0.5882, -0.1095 1.089 0.5888, -0.1042 1.0895 0.6006, -0.1099 1.089 0.5894, -0.1104 1.0889 0.5909, -0.1106 1.0889 0.5928, -0.1105 1.0889 0.594, -0.1101 1.0889 0.5956, -0.1093 1.089 0.5969, -0.1081 1.0891 0.5982, -0.0863 1.0911 0.5883, -0.0917 1.0906 0.6062, -0.087 1.091 0.6094, -0.0853 1.0912 0.6111, -0.0686 1.0923 0.5785, -0.084 1.0913 0.6132, -0.083 1.0913 0.6163, -0.0826 1.0914 0.6202, -0.083 1.0913 0.6237, -0.0842 1.0912 0.627, -0.0861 1.0911 0.6297, -0.0891 1.0909 0.6323, -0.0923 1.0906 0.6342, -0.0979 1.0901 0.6361, -0.1049 1.0894 0.6367, -0.0678 1.0924 0.7764, -0.058 1.093 0.7777, -0.0759 1.0919 0.7733, -0.0542 1.0931 0.7775, -0.0473 1.0935 0.7761, -0.0411 1.0937 0.7731, -0.0316 1.094 0.7628, -0.0289 1.0941 0.7559, -0.0275 1.0941 0.745, -0.0356 1.0939 0.7684, -0.0276 1.0941 0.7413, -0.029 1.0941 0.7335, -0.0361 1.0939 0.769, -0.0316 1.094 0.7271, -0.112 1.0887 0.6361, -0.1185 1.0881 0.6341, -0.1184 1.0881 0.6244, -0.1195 1.0879 0.6004, -0.1176 1.0881 0.6032, -0.0945 1.0904 0.6252, -0.0936 1.0905 0.6239, -0.0944 1.0904 0.6238, -0.0931 1.0905 0.6226, -0.0929 1.0905 0.621, -0.1039 1.0895 0.6286, -0.1009 1.0898 0.6284, -0.0982 1.0901 0.6277, -0.096 1.0903 0.6265, -0.093 1.0905 0.6197, -0.0934 1.0905 0.6181, -0.0941 1.0904 0.6167, -0.0951 1.0904 0.6157, -0.0986 1.09 0.6134, -0.1103 1.0889 0.6278, -0.1048 1.0895 0.6107, -0.116 1.0883 0.6258, -0.1086 1.0891 0.6091, -0.1153 1.0884 0.6053, -1.0828 -0.1594 1.5748, -1.0945 0.0 1.5748, -1.0916 -0.0799 0.0984, -1.0799 -0.1589 0.0984, -1.0683 -0.238 0.0984, -1.0481 -0.3153 1.5748, -1.0453 -0.3145 0.0984, -1.0223 -0.391 0.0984, -0.991 -0.4646 1.5748, -0.9884 -0.4633 0.0984, -0.9544 -0.5357 0.0984, -0.9128 -0.6039 1.5748, -0.9104 -0.6023 0.0984, -0.8663 -0.6689 0.0984, -0.8151 -0.7304 1.5748, -0.813 -0.7284 0.0984, -0.7597 -0.7879 0.0984, -0.7001 -0.8413 1.5748, -0.6982 -0.839 0.0984, -0.6368 -0.8901 0.0984, -0.5702 -0.9342 1.5748, -0.5686 -0.9318 0.0984, -0.5004 -0.9734 0.0984, -0.4281 -1.0073 1.5748, -0.4269 -1.0046 0.0984, -0.3534 -1.0359 0.0984, -0.2768 -1.0589 1.5748, -0.2761 -1.0561 0.0984, -0.1988 -1.0763 0.0984, -0.1197 -1.0879 1.5748, -0.1194 -1.085 0.0984, -0.04 -1.0938 0.0984, 0.04 -1.0938 1.5748, 0.0399 -1.0908 0.0984, 0.1197 -1.0879 0.0984, 0.1988 -1.0763 1.5748, 0.1983 -1.0734 0.0984, 0.2768 -1.0589 0.0984, 0.3534 -1.0359 1.5748, 0.3524 -1.0331 0.0984, 0.4281 -1.0073 0.0984, 0.5004 -0.9734 1.5748, 0.4991 -0.9708 0.0984, 0.5702 -0.9342 0.0984, 0.6368 -0.8901 1.5748, 0.6351 -0.8878 0.0984, 0.7001 -0.8413 0.0984, 0.7597 -0.7879 1.5748, 0.7576 -0.7858 0.0984, 0.8151 -0.7304 0.0984, 0.8663 -0.6689 1.5748, 0.864 -0.6671 0.0984, 0.9128 -0.6039 0.0984, 0.9544 -0.5357 1.5748, 0.9519 -0.5342 0.0984, 0.991 -0.4646 0.0984, 1.0223 -0.391 1.5748, 1.0195 -0.3899 0.0984, 1.0481 -0.3153 0.0984, 1.0683 -0.238 1.5748, 1.0655 -0.2373 0.0984, 1.0828 -0.1594 0.0984, 1.0916 -0.0799 1.5748, 1.0887 -0.0797 0.0984, 1.0945 0.0 0.0984, 1.0916 0.0799 1.5748, 1.0887 0.0797 0.0984, 1.0828 0.1594 0.0984, 1.0683 0.238 1.5748, 1.0655 0.2373 0.0984, 1.0481 0.3153 0.0984, 1.0223 0.391 1.5748, 1.0195 0.3899 0.0984, 0.991 0.4646 0.0984, 0.9544 0.5357 1.5748, 0.9519 0.5342 0.0984, 0.9128 0.6039 0.0984, 0.8663 0.6689 1.5748, 0.864 0.6671 0.0984, 0.8151 0.7304 0.0984, 0.7597 0.7879 1.5748, 0.7576 0.7858 0.0984, 0.7001 0.8413 0.0984, 0.6368 0.8901 1.5748, 0.5702 0.9342 0.0984, 0.6351 0.8878 0.0984, -0.5004 0.9734 0.0984, -0.5702 0.9342 1.5748, -0.5686 0.9318 0.0984, -0.6368 0.8901 0.0984, -0.7001 0.8413 1.5748, -0.6982 0.839 0.0984, -0.7597 0.7879 0.0984, -0.8151 0.7304 1.5748, -0.813 0.7284 0.0984, -0.8663 0.6689 0.0984, -0.9128 0.6039 1.5748, -0.9104 0.6023 0.0984, -0.9544 0.5357 0.0984, -0.991 0.4646 1.5748, -0.9884 0.4633 0.0984, -1.0223 0.391 0.0984, -1.0481 0.3153 1.5748, -1.0453 0.3145 0.0984, -1.0683 0.238 0.0984, -1.0828 0.1594 1.5748, -1.0799 0.1589 0.0984, -1.0916 0.0799 0.0984, -1.0945 0.0 0.0984, -1.0828 0.1594 3.0512, -1.0481 0.3153 3.0512, -0.991 0.4646 3.0512, -0.9128 0.6039 3.0512, -0.8151 0.7304 3.0512, -0.7001 0.8413 3.0512, -0.5702 0.9342 3.0512, -0.4281 1.0073 3.0512, -0.2768 1.0589 3.0512, -0.1197 1.0879 3.0512, 0.04 1.0938 3.0512, 0.1988 1.0763 3.0512, 0.3534 1.0359 3.0512, 0.5004 0.9734 3.0512, 0.6368 0.8901 3.0512, 0.7597 0.7879 3.0512, 0.8663 0.6689 3.0512, 0.9544 0.5357 3.0512, 1.0223 0.391 3.0512, 1.0683 0.238 3.0512, 1.0916 0.0799 3.0512, 1.0916 -0.0799 3.0512, 1.0683 -0.238 3.0512, 1.0223 -0.391 3.0512, 0.9544 -0.5357 3.0512, 0.8663 -0.6689 3.0512, 0.7597 -0.7879 3.0512, 0.6368 -0.8901 3.0512, 0.5004 -0.9734 3.0512, 0.3534 -1.0359 3.0512, 0.1988 -1.0763 3.0512, 0.04 -1.0938 3.0512, -0.1197 -1.0879 3.0512, -0.2768 -1.0589 3.0512, -0.4281 -1.0073 3.0512, -0.5702 -0.9342 3.0512, -0.7001 -0.8413 3.0512, -0.8151 -0.7304 3.0512, -0.9128 -0.6039 3.0512, -0.991 -0.4646 3.0512, -1.0481 -0.3153 3.0512, -1.0828 -0.1594 3.0512, -1.0945 0.0 3.0512, 0.1238 0.5677 3.0419, 0.1586 0.5575 3.0407, 0.1885 0.6627 3.1496, 0.2509 0.5192 3.0373, 0.2568 0.5158 3.0371, 0.3071 0.6167 3.1496, 0.3388 0.4625 3.0339, 0.3452 0.4571 3.0337, 0.4152 0.5498 3.1496, 0.4181 -0.3429 3.0014, 0.3984 -0.3632 3.0003, 0.5092 -0.4642 3.1496, -0.4177 -0.282 2.9646, -0.4273 -0.2646 2.9638, -0.5858 -0.3627 3.1496, -0.4817 -0.1207 2.9574, -0.4867 -0.091 2.9562, -0.6772 -0.1266 3.1496, -0.5927 0.0846 3.0593, -0.4921 -0.0 2.9528, -0.5888 0.0983 3.0576, -0.4837 0.0904 2.9528, -0.588 0.1007 3.0573, -0.5908 0.096 3.0593, -0.6772 0.1266 3.1496, -0.689 -0.0 3.1496, -0.4795 0.1055 2.9528, -0.5717 0.1479 3.0511, -0.585 0.1093 3.0562, -0.4589 0.1778 2.9528, -0.55 0.1957 3.0444, -0.5572 0.1799 3.0466, -0.5046 0.2699 3.0329, -0.4449 0.2058 2.9528, -0.4184 0.2591 2.9528, -0.5153 0.2536 3.0355, -0.5333 0.2262 3.0399, -0.5421 0.21 3.0423, -0.4639 0.3194 3.0242, -0.472 0.3109 3.0258, -0.482 0.2984 3.028, -0.4354 0.349 3.0186, -0.3901 0.2966 2.9528, -0.4258 0.3579 3.0168, -0.3637 0.3315 2.9528, -0.4084 0.3722 3.0138, -0.2966 0.3927 2.9528, -0.3248 0.43 3.0001, -0.3174 0.3738 2.9528, -0.3409 0.4212 3.0025, -0.3421 0.4205 3.0027, -0.3624 0.4068 3.006, -0.3854 0.3911 3.0097, -0.4046 0.3753 3.0131, -0.2347 0.4714 2.9874, -0.2742 0.4558 2.9928, -0.2791 0.4539 2.9934, -0.2959 0.446 2.9958, -0.1858 0.4855 2.9805, -0.2051 0.48 2.9832, -0.2194 0.4405 2.9528, -0.23 0.434 2.9528, -0.2329 0.4721 2.9871, -0.1405 0.4936 2.974, -0.1347 0.4733 2.9528, -0.1373 0.4942 2.9735, -0.1316 0.4739 2.9528, -0.1327 0.4946 2.9729, -0.0486 0.4973 2.9603, -0.0588 0.4974 2.9619, -0.0454 0.49 2.9528, -0.0972 0.4976 2.9676, -0.0461 0.497 2.9599, -0.0266 0.4909 2.9528, 0.0 0.4921 2.9528, -0.4891 -0.0767 2.9557, -0.4907 -0.0517 2.9547, -0.4924 -0.0274 2.9538, -0.4622 -0.1895 2.9604, -0.4652 -0.1802 2.96, -0.6425 -0.2489 3.1496, -0.476 -0.146 2.9585, -0.4809 -0.1255 2.9576, -0.4323 -0.2555 2.9634, -0.4417 -0.2384 2.9626, -0.4611 -0.193 2.9605, -0.5092 -0.4642 3.1496, -0.3933 -0.3171 2.9664, -0.4035 -0.3037 2.9657, -0.3461 -0.3722 2.9693, -0.3735 -0.3429 2.9677, -0.3746 -0.3415 2.9676, -0.2924 -0.4193 2.972, -0.3023 -0.4118 2.9715, -0.4152 -0.5498 3.1496, -0.3075 -0.4073 2.9713, -0.3398 -0.379 2.9696, -0.2289 -0.4598 2.9747, -0.2337 -0.4574 2.9745, -0.3071 -0.6167 3.1496, -0.2389 -0.4547 2.9743, -0.2806 -0.4281 2.9725, -0.1416 -0.4978 2.9783, -0.1479 -0.4958 2.978, -0.1885 -0.6627 3.1496, -0.1687 -0.4876 2.9772, -0.1947 -0.4773 2.9761, -0.048 -0.5186 2.982, -0.0751 -0.5149 2.981, -0.0636 -0.686 3.1496, -0.0983 -0.5094 2.98, -0.1241 -0.5033 2.979, 0.0636 -0.686 3.1496, 0.0255 -0.5237 2.985, -0.0252 -0.5217 2.983, 0.1885 -0.6627 3.1496, 0.1447 -0.5085 2.9896, 0.1268 -0.5123 2.9889, 0.105 -0.5169 2.9881, 0.055 -0.5226 2.9861, 0.0518 -0.5227 2.986, 0.0485 -0.5229 2.9859, 0.2658 -0.4623 2.9943, 0.2373 -0.4765 2.9932, 0.3071 -0.6167 3.1496, 0.2318 -0.4793 2.993, 0.2027 -0.4911 2.9919, 0.199 -0.4923 2.9917, 0.1543 -0.5064 2.99, 0.3283 -0.4235 2.9969, 0.3229 -0.4276 2.9966, 0.4152 -0.5498 3.1496, 0.3198 -0.43 2.9965, 0.2769 -0.4567 2.9947, 0.3868 -0.3751 2.9997, 0.3823 -0.3797 2.9994, 0.3606 -0.3989 2.9984, 0.4387 -0.3173 3.0026, 0.5858 -0.3627 3.1496, 0.4503 -0.3029 3.0033, 0.4829 -0.2522 3.0056, 0.4788 -0.2597 3.0053, 0.4616 -0.2858 3.0041, 0.6425 -0.2489 3.1496, 0.5099 -0.1975 3.0079, 0.4948 -0.2308 3.0066, 0.488 -0.2431 3.006, 0.545 -0.0851 3.0123, 0.5411 -0.1011 3.0117, 0.6772 -0.1266 3.1496, 0.5399 -0.1061 3.0115, 0.5328 -0.1355 3.0104, 0.5171 -0.181 3.0086, 0.516 -0.1841 3.0085, 0.689 0.0 3.1496, 0.5521 -0.0303 3.0141, 0.5506 -0.0499 3.0135, 0.5539 0.0454 3.0167, 0.5546 0.0012 3.0152, 0.5545 0.0 3.0152, 0.5448 0.1228 3.0194, 0.5482 0.1046 3.0187, 0.6772 0.1266 3.1496, 0.5484 0.1025 3.0186, 0.5538 0.0528 3.0169, 0.5233 0.2027 3.0224, 0.5242 0.2002 3.0223, 0.6425 0.2489 3.1496, 0.5288 0.1877 3.0218, 0.5422 0.1371 3.0199, 0.4806 0.2976 3.0262, 0.4881 0.2845 3.0256, 0.5858 0.3627 3.1496, 0.4926 0.2752 3.0253, 0.5108 0.2369 3.0237, 0.4203 0.3832 3.03, 0.4402 0.3593 3.0289, 0.5092 0.4642 3.1496, 0.4499 0.3452 3.0283, 0.4698 0.3162 3.027, 0.3693 0.4368 3.0326, 0.3981 0.4081 3.0312, 0.4067 0.3996 3.0308, 0.2734 0.5061 3.0365, 0.2962 0.4928 3.0356, 0.3388 0.4625 3.0339, 0.168 0.5548 3.0403, 0.2021 0.542 3.0391, 0.2028 0.5417 3.0391, 0.0411 0.5822 3.0449, 0.0538 0.5809 3.0444, 0.0636 0.686 3.1496, 0.0645 0.5798 3.0441, 0.1169 0.5697 3.0422, -0.0542 0.5845 3.0483, -0.0437 0.5852 3.0479, -0.0636 0.686 3.1496, -0.0291 0.586 3.0474, 0.011 0.5852 3.046, -0.1617 0.5682 3.052, -0.135 0.5748 3.0511, -0.1885 0.6627 3.1496, -0.128 0.5759 3.0509, -0.0823 0.5829 3.0493, -0.2651 0.5323 3.0556, -0.2262 0.5489 3.0543, -0.3071 0.6167 3.1496, -0.2092 0.5546 3.0537, -0.1872 0.5619 3.0529, -0.4152 0.5498 3.1496, -0.3605 0.4773 3.0591, -0.3551 0.4809 3.0588, -0.3221 0.5026 3.0576, -0.2849 0.5227 3.0563, -0.2752 0.5279 3.056, -0.4435 0.4019 3.0593, -0.4424 0.4033 3.0593, -0.5092 0.4642 3.1496, -0.3814 0.4597 3.0593, -0.3672 0.4729 3.0593, -0.4955 0.3331 3.0593, -0.5858 0.3627 3.1496, -0.509 0.3152 3.0593, -0.5166 0.2999 3.0593, -0.6425 0.2489 3.1496, -0.5376 0.2577 3.0593, -0.5885 0.11 3.0593, -0.5691 0.178 3.0593, -0.5582 0.2163 3.0593, -0.3297 0.4171 -0.4451, -0.3211 0.4252 -0.4466, -0.2966 0.3927 -0.4055, -0.4953 0.319 -0.503, -0.5005 0.3099 -0.5027, -0.5858 0.3627 -0.6024, -0.5671 -0.0958 -0.4885, -0.5646 -0.1055 -0.4881, -0.6772 -0.1266 -0.6024, -0.4944 -0.2797 -0.4814, -0.4818 -0.2983 -0.4806, -0.5858 -0.3627 -0.6024, -0.367 -0.4242 -0.4744, -0.337 -0.4463 -0.4731, -0.4152 -0.5498 -0.6024, -0.0672 -0.5455 -0.463, -0.0506 -0.5461 -0.4623, -0.0636 -0.686 -0.6024, 0.0429 -0.5436 -0.4588, 0.0503 -0.5426 -0.4585, 0.0636 -0.686 -0.6024, 0.2856 -0.4533 -0.4493, 0.3219 -0.4263 -0.4477, 0.4152 -0.5498 -0.6024, 0.3818 0.3252 -0.4151, 0.3698 0.3371 -0.4144, 0.5092 0.4642 -0.6024, 0.2199 0.4417 -0.4073, 0.2122 0.4454 -0.407, 0.3071 0.6167 -0.6024, 0.207 0.4479 -0.4067, 0.1885 0.6627 -0.6024, 0.1772 0.4591 -0.4055, 0.1347 0.4733 -0.4055, 0.2996 0.3968 -0.4107, 0.2926 0.4018 -0.4104, 0.4152 0.5498 -0.6024, 0.2723 0.414 -0.4095, 0.2507 0.427 -0.4086, 0.3486 0.3581 -0.4132, 0.3292 0.3739 -0.4122, 0.3102 0.3894 -0.4112, 0.5858 0.3627 -0.6024, 0.4292 0.2657 -0.4182, 0.4291 0.2658 -0.4182, 0.4275 0.2682 -0.4181, 0.4156 0.2848 -0.4172, 0.3838 0.3233 -0.4152, 0.6425 0.2489 -0.6024, 0.4641 0.2043 -0.4211, 0.4548 0.2236 -0.4202, 0.4919 0.1362 -0.424, 0.4763 0.179 -0.4222, 0.4741 0.1836 -0.422, 0.5088 0.0656 -0.4268, 0.5032 0.0941 -0.4257, 0.6772 0.1266 -0.6024, 0.5012 0.1045 -0.4253, 0.4935 0.1321 -0.4242, 0.5156 -0.005 -0.4294, 0.5156 -0.0 -0.4292, 0.689 -0.0 -0.6024, 0.5156 0.0066 -0.429, 0.5108 0.0559 -0.4272, 0.5099 -0.0953 -0.4327, 0.5126 -0.0766 -0.432, 0.6772 -0.1266 -0.6024, 0.5137 -0.0689 -0.4317, 0.5156 -0.0434 -0.4308, 0.4872 -0.1887 -0.4364, 0.4945 -0.1679 -0.4356, 0.6425 -0.2489 -0.6024, 0.499 -0.1493 -0.4348, 0.5065 -0.1188 -0.4336, 0.5858 -0.3627 -0.6024, 0.4476 -0.2772 -0.4403, 0.4669 -0.2406 -0.4386, 0.4754 -0.2211 -0.4378, 0.4776 -0.216 -0.4376, 0.3838 -0.3672 -0.4446, 0.3918 -0.3572 -0.4441, 0.5092 -0.4642 -0.6024, 0.3962 -0.3518 -0.4438, 0.4157 -0.3275 -0.4426, 0.4407 -0.2894 -0.4408, 0.4434 -0.2852 -0.4406, 0.3239 -0.4248 -0.4476, 0.3438 -0.4068 -0.4467, 0.3614 -0.391 -0.4458, 0.148 -0.5201 -0.4547, 0.1513 -0.5191 -0.4546, 0.1885 -0.6627 -0.6024, 0.1658 -0.5146 -0.454, 0.3071 -0.6167 -0.6024, 0.2133 -0.4948 -0.4522, 0.2219 -0.4904 -0.4519, 0.2397 -0.4814 -0.4512, 0.2834 -0.455 -0.4494, 0.0658 -0.5405 -0.4579, 0.0757 -0.5385 -0.4575, 0.1166 -0.5299 -0.456, -0.0157 -0.5474 -0.461, -0.0032 -0.5467 -0.4605, 0.0357 -0.5445 -0.4591, -0.0829 -0.5434 -0.4636, -0.1885 -0.6627 -0.6024, -0.1187 -0.5386 -0.4649, -0.1608 -0.5289 -0.4665, -0.1546 -0.5308 -0.4662, -0.1512 -0.5315 -0.4661, -0.2515 -0.4963 -0.4698, -0.2479 -0.4978 -0.4697, -0.3071 -0.6167 -0.6024, -0.2346 -0.5033 -0.4692, -0.2038 -0.5159 -0.4681, -0.3261 -0.4543 -0.4727, -0.3028 -0.4689 -0.4717, -0.2976 -0.4722 -0.4715, -0.4255 -0.369 -0.4773, -0.416 -0.3792 -0.4768, -0.5092 -0.4642 -0.6024, -0.4076 -0.3883 -0.4763, -0.3683 -0.4232 -0.4745, -0.477 -0.3052 -0.4803, -0.4649 -0.3231 -0.4795, -0.4437 -0.3496 -0.4782, -0.6425 -0.2489 -0.6024, -0.5319 -0.206 -0.4844, -0.5198 -0.2338 -0.4833, -0.5195 -0.2343 -0.4833, -0.5542 -0.1466 -0.4867, -0.5504 -0.1577 -0.4863, -0.541 -0.1853 -0.4852, -0.5698 -0.0785 -0.4891, -0.689 0.0 -0.6024, -0.5752 -0.0439 -0.4902, -0.5715 0.1068 -0.4951, -0.5728 0.0999 -0.4949, -0.6772 0.1266 -0.6024, -0.5746 0.0808 -0.4942, -0.5778 0.0468 -0.4931, -0.5784 0.009 -0.4919, -0.5779 0.0008 -0.4916, -0.5779 0.0 -0.4916, -0.5457 0.2114 -0.4988, -0.5483 0.2044 -0.4986, -0.6425 0.2489 -0.6024, -0.5603 0.1622 -0.497, -0.563 0.1525 -0.4967, -0.5129 0.2883 -0.5018, -0.534 0.2426 -0.5, -0.5352 0.2398 -0.4999, -0.4381 0.3994 -0.5065, -0.4464 0.3894 -0.506, -0.5092 0.4642 -0.6024, -0.4552 0.3787 -0.5055, -0.4863 0.3346 -0.5037, -0.3594 0.476 -0.5101, -0.3882 0.4512 -0.5089, -0.4152 0.5498 -0.6024, -0.394 0.4462 -0.5086, -0.4311 0.4078 -0.5068, -0.2859 0.5254 -0.5121, -0.3096 0.5124 -0.5121, -0.3071 0.6167 -0.6024, -0.3228 0.503 -0.5116, -0.3535 0.4811 -0.5104, -0.1292 0.5823 -0.5121, -0.1638 0.5758 -0.5121, -0.1885 0.6627 -0.6024, -0.21 0.5579 -0.5121, -0.2669 0.5359 -0.5121, -0.0854 0.5905 -0.5121, -0.0636 0.686 -0.6024, -0.0552 0.5961 -0.5121, 0.0636 0.686 -0.6024, 0.0424 0.5961 -0.5121, -0.0443 0.5961 -0.5121, 0.0542 0.5851 -0.5012, 0.0603 0.5855 -0.502, 0.0454 0.49 -0.4055, 0.0793 0.4837 -0.4055, 0.1133 0.5845 -0.5088, 0.1243 0.5836 -0.5102, 0.1392 0.5823 -0.5121, 0.1276 0.5842 -0.5121, 0.0552 0.5961 -0.5121, -0.0266 0.49 -0.4055, 0.0248 0.5834 -0.4973, 0.0384 0.5842 -0.4991, -0.0454 0.49 -0.4055, -0.0455 0.5721 -0.4878, -0.0275 0.5763 -0.4903, -0.1296 0.5476 -0.4761, -0.1249 0.5492 -0.4768, -0.1316 0.4739 -0.4055, -0.079 0.5643 -0.4832, -0.0528 0.5704 -0.4868, -0.1974 0.516 -0.4663, -0.1347 0.4733 -0.4055, -0.2335 0.4952 -0.4609, -0.2194 0.4405 -0.4055, -0.1877 0.5216 -0.4677, -0.1529 0.5376 -0.4728, -0.1397 0.5437 -0.4747, -0.2768 0.4647 -0.4543, -0.23 0.434 -0.4055, -0.2938 0.4508 -0.4515, -0.3187 0.4274 -0.447, -0.2618 0.4752 -0.4566, -0.2475 0.4854 -0.4588, -0.2431 0.4884 -0.4594, -0.3621 0.38 -0.4383, -0.3174 0.3738 -0.4055, -0.3684 0.3712 -0.4367, -0.3836 0.3498 -0.433, -0.3637 0.3315 -0.4055, -0.3908 0.3396 -0.4312, -0.3901 0.2966 -0.4055, -0.4022 0.3209 -0.428, -0.4394 0.2404 -0.4146, -0.4293 0.2659 -0.4188, -0.4184 0.2591 -0.4055, -0.4247 0.2773 -0.4206, -0.4089 0.308 -0.4258, -0.4429 0.2316 -0.4131, -0.4453 0.206 -0.4055, -0.4564 0.184 -0.4055, 0.6965 -0.1194 -0.6024, 0.7067 0.0 -0.6024, 0.7993 -0.068 -0.5039, 0.7935 -0.1361 -0.5039, 0.7763 -0.2021 -0.5039, 0.6663 -0.2354 -0.6024, 0.7591 -0.2682 -0.5039, 0.731 -0.3304 -0.5039, 0.617 -0.3447 -0.6024, 0.7029 -0.3927 -0.5039, 0.6646 -0.4492 -0.5039, 0.5498 -0.444 -0.6024, 0.6264 -0.5058 -0.5039, 0.5792 -0.5551 -0.5039, 0.4669 -0.5305 -0.6024, 0.5319 -0.6044 -0.5039, 0.477 -0.645 -0.5039, 0.3705 -0.6018 -0.6024, 0.4221 -0.6856 -0.5039, 0.3612 -0.7163 -0.5039, 0.2635 -0.6557 -0.6024, 0.3002 -0.7471 -0.5039, 0.2349 -0.7671 -0.5039, 0.1489 -0.6908 -0.6024, 0.1696 -0.787 -0.5039, 0.1019 -0.7957 -0.5039, 0.03 -0.7061 -0.6024, 0.0342 -0.8044 -0.5039, -0.034 -0.8015 -0.5039, -0.0898 -0.701 -0.6024, -0.1023 -0.7986 -0.5039, -0.169 -0.7842 -0.5039, -0.2069 -0.6757 -0.6024, -0.2358 -0.7698 -0.5039, -0.2991 -0.7444 -0.5039, -0.3182 -0.631 -0.6024, -0.3625 -0.7189 -0.5039, -0.4206 -0.6831 -0.5039, -0.4202 -0.5682 -0.6024, -0.4787 -0.6473 -0.5039, -0.53 -0.6022 -0.5039, -0.5102 -0.489 -0.6024, -0.5813 -0.5571 -0.5039, -0.6242 -0.504 -0.5039, -0.5855 -0.3957 -0.6024, -0.667 -0.4508 -0.5039, -0.7003 -0.3912 -0.5039, -0.644 -0.2911 -0.6024, -0.7336 -0.3316 -0.5039, -0.7564 -0.2673 -0.5039, -0.6839 -0.1781 -0.6024, -0.7791 -0.2029 -0.5039, -0.7907 -0.1356 -0.5039, -0.7041 -0.0599 -0.6024, -0.8022 -0.0683 -0.5039, -0.7067 0.0 -0.6024, -0.8051 0.0 -0.5039, -0.7041 0.0599 -0.6024, -0.8022 0.0683 -0.5039, -0.7907 0.1356 -0.5039, -0.6839 0.1781 -0.6024, -0.7791 0.2029 -0.5039, -0.7564 0.2673 -0.5039, -0.644 0.2911 -0.6024, -0.7336 0.3316 -0.5039, -0.7003 0.3912 -0.5039, -0.5855 0.3957 -0.6024, -0.667 0.4508 -0.5039, -0.6242 0.504 -0.5039, -0.5102 0.489 -0.6024, -0.5813 0.5571 -0.5039, -0.53 0.6022 -0.5039, -0.4202 0.5682 -0.6024, -0.4787 0.6473 -0.5039, -0.4206 0.6831 -0.5039, -0.3182 0.631 -0.6024, -0.3625 0.7189 -0.5039, -0.2991 0.7444 -0.5039, -0.2069 0.6757 -0.6024, -0.2358 0.7698 -0.5039, -0.169 0.7842 -0.5039, -0.0898 0.701 -0.6024, -0.1023 0.7986 -0.5039, -0.034 0.8015 -0.5039, 0.03 0.7061 -0.6024, 0.0342 0.8044 -0.5039, 0.1019 0.7957 -0.5039, 0.1489 0.6908 -0.6024, 0.1696 0.787 -0.5039, 0.2349 0.7671 -0.5039, 0.2635 0.6557 -0.6024, 0.3002 0.7471 -0.5039, 0.3612 0.7163 -0.5039, 0.3705 0.6018 -0.6024, 0.4221 0.6856 -0.5039, 0.477 0.645 -0.5039, 0.4669 0.5305 -0.6024, 0.5319 0.6044 -0.5039, 0.5792 0.5551 -0.5039, 0.5498 0.444 -0.6024, 0.6264 0.5058 -0.5039, 0.6646 0.4492 -0.5039, 0.617 0.3447 -0.6024, 0.7029 0.3927 -0.5039, 0.731 0.3304 -0.5039, 0.6663 0.2354 -0.6024, 0.7591 0.2682 -0.5039, 0.7763 0.2021 -0.5039, 0.6965 0.1194 -0.6024, 0.7935 0.1361 -0.5039, 0.7993 0.068 -0.5039, 0.8051 0.0 -0.5039, -0.7935 -0.1361 -0.0, -0.8051 0.0 -0.0, -0.7591 -0.2682 -0.0, -0.7029 -0.3927 -0.0, -0.6264 -0.5058 -0.0, -0.5319 -0.6044 -0.0, -0.4221 -0.6856 -0.0, -0.3002 -0.7471 -0.0, -0.1696 -0.787 -0.0, -0.0342 -0.8044 -0.0, 0.1023 -0.7986 -0.0, 0.2358 -0.7698 -0.0, 0.3625 -0.7189 -0.0, 0.4787 -0.6473 -0.0, 0.5813 -0.5571 -0.0, 0.667 -0.4508 -0.0, 0.7336 -0.3316 -0.0, 0.7791 -0.2029 -0.0, 0.8022 -0.0683 -0.0, 0.8022 0.0683 -0.0, 0.7791 0.2029 -0.0, 0.7336 0.3316 -0.0, 0.667 0.4508 -0.0, 0.5813 0.5571 -0.0, 0.4787 0.6473 -0.0, 0.3625 0.7189 -0.0, 0.2358 0.7698 -0.0, 0.1023 0.7986 -0.0, -0.0342 0.8044 -0.0, -0.1696 0.787 -0.0, -0.3002 0.7471 -0.0, -0.4221 0.6856 -0.0, -0.5319 0.6044 -0.0, -0.6264 0.5058 -0.0, -0.7029 0.3927 -0.0, -0.7591 0.2682 -0.0, -0.7935 0.1361 -0.0, -0.9934 -0.0727 -0.0, 0.5189 -0.8502 -0.0, 0.3896 -0.9167 -0.0, 0.2519 -0.9637 -0.0, 0.1089 -0.9901 -0.0, -0.0364 -0.9954 -0.0, -0.1809 -0.9795 -0.0, -0.3216 -0.9427 -0.0, -0.4554 -0.8858 -0.0, -0.5796 -0.8101 -0.0, -0.6913 -0.7171 -0.0, -0.7884 -0.6088 -0.0, -0.8686 -0.4875 -0.0, -0.9303 -0.3558 -0.0, -0.9722 -0.2166 -0.0, 0.9961 0.0 -0.0, 0.9854 -0.145 -0.0, 0.9538 -0.287 -0.0, 0.9019 -0.4228 -0.0, 0.8307 -0.5496 -0.0, 0.7418 -0.6647 -0.0, 0.6372 -0.7656 -0.0, 0.5189 0.8502 -0.0, 0.6372 0.7656 -0.0, 0.7418 0.6647 -0.0, 0.8307 0.5496 -0.0, 0.9019 0.4228 -0.0, 0.9538 0.287 -0.0, 0.9854 0.145 -0.0, -0.4554 0.8858 -0.0, -0.3216 0.9427 -0.0, -0.1809 0.9795 -0.0, -0.0364 0.9954 -0.0, 0.1089 0.9901 -0.0, 0.2519 0.9637 -0.0, 0.3896 0.9167 -0.0, -0.9961 0.0 -0.0, -0.9934 0.0727 -0.0, -0.9722 0.2166 -0.0, -0.9303 0.3558 -0.0, -0.8686 0.4875 -0.0, -0.7884 0.6088 -0.0, -0.6913 0.7171 -0.0, -0.5796 0.8101 -0.0, -0.9854 0.145 3.1496, -0.9538 0.287 3.1496, -0.9019 0.4228 3.1496, -0.8307 0.5496 3.1496, -0.7418 0.6647 3.1496, -0.6372 0.7656 3.1496, -0.5189 0.8502 3.1496, -0.3896 0.9167 3.1496, -0.2519 0.9637 3.1496, -0.1089 0.9901 3.1496, 0.0364 0.9954 3.1496, 0.1809 0.9795 3.1496, 0.3216 0.9427 3.1496, 0.4554 0.8858 3.1496, 0.5796 0.8101 3.1496, 0.6913 0.7171 3.1496, 0.7884 0.6088 3.1496, 0.8686 0.4875 3.1496, 0.9303 0.3558 3.1496, 0.9722 0.2166 3.1496, 0.9934 0.0727 3.1496, 0.9934 -0.0727 3.1496, 0.9722 -0.2166 3.1496, 0.9303 -0.3558 3.1496, 0.8686 -0.4875 3.1496, 0.7884 -0.6088 3.1496, 0.6913 -0.7171 3.1496, 0.5796 -0.8101 3.1496, 0.4554 -0.8858 3.1496, 0.3216 -0.9427 3.1496, 0.1809 -0.9795 3.1496, 0.0364 -0.9954 3.1496, -0.1089 -0.9901 3.1496, -0.2519 -0.9637 3.1496, -0.3896 -0.9167 3.1496, -0.5189 -0.8502 3.1496, -0.6372 -0.7656 3.1496, -0.7418 -0.6647 3.1496, -0.8307 -0.5496 3.1496, -0.9019 -0.4228 3.1496, -0.9538 -0.287 3.1496, -0.9854 -0.145 3.1496, -0.9961 0.0 3.1496, -0.4458 -0.2085 2.7695, -0.4465 -0.2066 2.7694, -0.446 -0.2063 2.8186, -0.4512 -0.1964 2.8178, -0.4516 0.1955 2.7433, -0.446 0.2063 2.7425, -0.4464 0.2066 2.7917, -0.4454 0.2094 2.7915, 0.4248 -0.2484 2.6409, 0.4213 -0.2535 2.6405, 0.4209 -0.2533 2.6897, 0.4127 -0.2681 2.6886, -0.037 0.4907 2.5123, -0.0266 0.4908 2.5116, -0.0266 0.4903 2.5608, -0.0039 0.4921 2.5593, 0.3433 0.3526 2.4859, 0.3565 0.3378 2.4847, 0.3567 0.3378 2.5339, 0.4914 -0.0266 2.4591, 0.4881 -0.0531 2.4574, 0.4887 -0.0532 2.5067, -0.0219 -0.4916 1.8194, -0.0266 -0.4911 1.8191, -0.0266 -0.4908 1.8683, -0.0369 -0.4907 1.8676, 0.417 0.2613 1.6908, 0.4212 0.2535 1.6902, 0.4209 0.2532 1.7394, 0.4297 0.2398 1.7384, 0.4471 -0.2056 1.6599, 0.4209 -0.2533 1.6562, 0.4206 -0.2531 1.7054, 0.397 -0.2908 1.7025, -0.3171 -0.3764 1.6024, -0.3185 -0.375 1.6022, -0.3178 -0.3742 1.6514, -0.4454 -0.2092 1.5884, -0.4465 -0.2066 1.5883, -0.4455 -0.2061 1.6375, -0.4584 -0.1791 1.6355, -0.452 0.1947 1.5622, -0.446 0.2063 1.5614, -0.4456 0.2062 1.6106, -0.437 0.2263 1.6091, -0.4453 -0.2096 0.9979, -0.4464 -0.2066 0.9977, -0.4464 -0.2065 1.0469, -0.4481 -0.2034 1.0467, 0.4255 -0.2473 0.8693, 0.4213 -0.2534 0.8688, 0.4212 -0.2534 0.918, 0.4168 -0.2617 0.9174, 0.3895 0.3008 0.7098, 0.421 0.2533 0.706, 0.4206 0.2531 0.7552, 0.4425 0.2153 0.7523, 0.1859 -0.4557 0.6522, 0.1821 -0.4569 0.6519, 0.1817 -0.4561 0.7011, -0.0211 -0.4917 0.6384, -0.0266 -0.491 0.638, -0.0266 -0.4901 0.6872, -0.0556 -0.489 0.6853, -0.3821 -0.3102 0.6121, -0.3911 -0.2973 0.6111, -0.3909 -0.2971 0.6603, -0.0207 -0.4917 0.0478, -0.0266 -0.491 0.0474, -0.0266 -0.4912 0.0966, -0.0293 -0.4913 0.0965, 0.4164 0.2624 -0.0808, 0.4211 0.2534 -0.0814, 0.4212 0.2534 -0.0322, 0.426 0.2464 -0.0328, -0.0859 0.4846 -0.2403, -0.0266 0.4907 -0.2443, -0.0266 0.4902 -0.1951, 0.0161 0.4919 -0.1979, 0.4898 -0.0473 -0.2981, 0.4889 -0.0531 -0.2985, 0.4881 -0.0531 -0.2493, 0.4259 -0.2466 -0.3117, 0.4212 -0.2534 -0.3123, 0.4206 -0.2531 -0.2631, 0.4065 -0.2774 -0.2649, 0.0976 -0.4824 -0.338, 0.0795 -0.4847 -0.3392, 0.0794 -0.4846 -0.29, -0.4463 0.2065 -0.3579, -0.4613 0.1715 -0.4046, -0.4702 0.1452 -0.3536, -0.4805 0.1058 -0.4002, -0.4794 0.1055 -0.351, -0.481 0.104 -0.4001, -0.4861 0.0769 -0.3491, -0.4908 0.036 -0.3958, -0.492 0.0089 -0.345, -0.491 -0.0 -0.3937, -0.4916 0.0 -0.3445, -0.4911 -0.0311 -0.3919, -0.4886 -0.0588 -0.341, -0.482 -0.0992 -0.3876, -0.4796 -0.1056 -0.338, -0.4802 -0.1057 -0.3872, -0.4754 -0.1272 -0.3366, -0.463 -0.1667 -0.3831, -0.4522 -0.1942 -0.3319, -0.4455 -0.2061 -0.3802, -0.4459 -0.2063 -0.331, -0.4342 -0.2317 -0.3784, -0.4192 -0.2578 -0.3272, -0.3962 -0.292 -0.3736, -0.3909 -0.2972 -0.324, -0.3914 -0.2975 -0.3732, -0.3774 -0.3158 -0.3224, -0.3502 -0.3457 -0.369, -0.3284 -0.3665 -0.3179, -0.3178 -0.3742 -0.3663, -0.3181 -0.3745 -0.3171, -0.2981 -0.3916 -0.3646, -0.2739 -0.4088 -0.3136, -0.2417 -0.4287 -0.3606, -0.2301 -0.434 -0.3106, -0.2302 -0.4342 -0.3598, -0.2154 -0.4425 -0.3096, -0.1805 -0.4578 -0.3565, -0.1514 -0.4683 -0.3054, -0.1314 -0.4733 -0.3532, -0.1314 -0.4732 -0.304, -0.114 -0.4787 -0.3521, -0.0828 -0.4851 -0.3008, -0.0441 -0.4901 -0.3474, -0.0266 -0.4905 -0.297, -0.0266 -0.4904 -0.3463, 0.0271 -0.4914 -0.3427, -0.0117 -0.492 -0.2961, 0.0598 -0.4885 -0.2913, 0.1819 -0.4564 -0.2831, 0.1818 -0.4563 -0.3324, 0.165 -0.4636 -0.3335, 0.1294 -0.4748 -0.2866, 0.2276 -0.4363 -0.3293, 0.1951 -0.4518 -0.2823, 0.2759 -0.4068 -0.326, 0.2553 -0.4207 -0.2782, 0.2755 -0.4064 -0.2767, 0.2849 -0.4012 -0.3253, 0.3383 -0.3574 -0.321, 0.3111 -0.3813 -0.2741, 0.3564 -0.3376 -0.3193, 0.357 -0.3381 -0.2701, 0.3621 -0.3332 -0.2696, 0.3858 -0.3055 -0.3165, 0.4659 -0.1569 -0.256, 0.4652 -0.1568 -0.3052, 0.457 -0.1826 -0.307, 0.4424 -0.2155 -0.2602, 0.4784 -0.1154 -0.3024, 0.4689 -0.1493 -0.2555, 0.4854 -0.0811 -0.251, 0.4842 0.0877 -0.2899, 0.4881 0.0531 -0.2921, 0.4891 0.0546 -0.2428, 0.4917 0.0199 -0.2941, 0.492 -0.013 -0.2468, 0.4891 0.0532 -0.2429, 0.3564 0.3376 -0.222, 0.3572 0.3383 -0.2712, 0.3584 0.3372 -0.2713, 0.4669 0.1555 -0.2855, 0.4765 0.123 -0.2384, 0.4663 0.1571 -0.2853, 0.4652 0.1567 -0.2361, 0.4397 0.2211 -0.2808, 0.4539 0.1902 -0.2338, 0.4206 0.2531 -0.2783, 0.4217 0.2537 -0.2291, 0.4031 0.2823 -0.276, 0.4215 0.254 -0.229, 0.3802 0.3124 -0.2243, 0.3072 0.3845 -0.2669, 0.3316 0.3636 -0.2197, 0.2755 0.4064 -0.2646, 0.2774 0.4065 -0.2154, 0.2761 0.4072 -0.2153, 0.2514 0.4231 -0.2628, 0.1911 0.4535 -0.2588, 0.2192 0.4406 -0.2115, 0.182 0.4566 -0.2582, 0.1817 0.4561 -0.209, 0.1255 0.4759 -0.2544, 0.1555 0.4669 -0.2072, 0.0794 0.4845 -0.2514, 0.0872 0.4843 -0.2027, 0.0796 0.4851 -0.2022, 0.056 0.4889 -0.2498, -0.0152 0.4919 -0.2451, -0.0554 0.489 -0.1932, -0.1252 0.4759 -0.1885, -0.1314 0.4731 -0.2373, -0.1315 0.4738 -0.1881, -0.154 0.4674 -0.2358, -0.1912 0.4535 -0.1841, -0.2175 0.4414 -0.2316, -0.23 0.4338 -0.1815, -0.2301 0.4341 -0.2307, -0.2756 0.4077 -0.2276, -0.2517 0.4229 -0.1801, -0.3181 0.3744 -0.2243, -0.3078 0.384 -0.176, -0.3181 0.3745 -0.1751, -0.3297 0.3654 -0.2234, -0.3592 0.3364 -0.1715, -0.3783 0.3147 -0.2188, -0.3909 0.2972 -0.2174, -0.391 0.2972 -0.1682, -0.404 0.2811 -0.1668, -0.4198 0.2569 -0.2141, -0.4405 0.2194 -0.162, -0.4459 0.2063 -0.2103, -0.4459 0.2063 -0.1611, -0.4525 0.1936 -0.2093, -0.4755 0.1268 -0.2047, -0.4676 0.1535 -0.1573, -0.4796 0.1056 -0.2034, -0.4796 0.1055 -0.1541, -0.4886 0.0587 -0.2004, -0.4847 0.0853 -0.1528, -0.4918 0.0172 -0.1486, -0.4916 -0.0 -0.1969, -0.4912 0.0 -0.1476, -0.4921 -0.0086 -0.1964, -0.4895 -0.0504 -0.1446, -0.4862 -0.0763 -0.1922, -0.4794 -0.1055 -0.1903, -0.4799 -0.1057 -0.1411, -0.4776 -0.1188 -0.1403, -0.4705 -0.1442 -0.1878, -0.4556 -0.1861 -0.1357, -0.4464 -0.2065 -0.1834, -0.4456 -0.2061 -0.1342, -0.4449 -0.2103 -0.1831, -0.3664 -0.3285 -0.1737, -0.3348 -0.3607 -0.1216, -0.3184 -0.3749 -0.1694, -0.3179 -0.3743 -0.1202, -0.3162 -0.3771 -0.1692, -0.4099 -0.2724 -0.1784, -0.4237 -0.2502 -0.1309, -0.3908 -0.297 -0.1763, -0.3911 -0.2974 -0.1271, -0.383 -0.309 -0.1262, -0.261 -0.4172 -0.1651, -0.2808 -0.4041 -0.1173, -0.23 -0.4338 -0.163, -0.2303 -0.4344 -0.1138, -0.2229 -0.4387 -0.1133, -0.2017 -0.4489 -0.1611, -0.1596 -0.4655 -0.1091, -0.1368 -0.4727 -0.1568, 0.0032 -0.4921 -0.1474, 0.0511 -0.4895 -0.095, 0.0742 -0.4865 -0.1427, 0.0794 -0.4844 -0.0931, 0.0795 -0.4853 -0.1423, -0.1316 -0.4738 -0.1564, -0.1313 -0.473 -0.1072, -0.0678 -0.4874 -0.1522, -0.0915 -0.4836 -0.1045, -0.0266 -0.4902 -0.1494, -0.0266 -0.491 -0.1002, -0.0205 -0.4917 -0.0998, 0.1428 -0.4709 -0.1381, 0.121 -0.477 -0.0904, 0.1817 -0.4561 -0.1355, 0.182 -0.4568 -0.0863, 0.2073 -0.4464 -0.1338, 0.1873 -0.4551 -0.0859, 0.2661 -0.414 -0.1299, 0.2482 -0.425 -0.0819, 0.2758 -0.4068 -0.1291, 0.2755 -0.4064 -0.0799, 0.3209 -0.3731 -0.1257, 0.3045 -0.3866 -0.0778, 0.3566 -0.3377 -0.1224, 0.3562 -0.3396 -0.0733, 0.3572 -0.3384 -0.0732, 0.3707 -0.3237 -0.1212, 0.4014 -0.2847 -0.0687, 0.4134 -0.267 -0.1165, 0.4476 -0.2045 -0.1117, 0.4662 -0.1576 -0.0592, 0.4654 -0.1568 -0.1084, 0.4663 -0.1571 -0.0591, 0.4723 -0.1382 -0.1071, 0.4209 -0.2533 -0.1154, 0.4206 -0.253 -0.0662, 0.4385 -0.2234 -0.0639, 0.4871 -0.0701 -0.1026, 0.4839 -0.0895 -0.0547, 0.4884 -0.0531 -0.1016, 0.4881 -0.0531 -0.0524, 0.4921 -0.0026 -0.0986, 0.4917 -0.0213 -0.0505, 0.4886 0.0532 -0.0952, 0.49 0.0462 -0.0465, 0.4888 0.0531 -0.046, 0.4878 0.0649 -0.0945, 0.4786 0.1146 -0.0421, 0.4572 0.1821 -0.0375, 0.4499 0.1995 -0.0855, 0.4652 0.1568 -0.0393, 0.4653 0.1567 -0.0885, 0.4738 0.1329 -0.0901, 0.325 0.3696 -0.0715, 0.2843 0.4017 -0.0191, 0.2759 0.407 -0.0677, 0.2759 0.4068 -0.0185, 0.2705 0.4111 -0.0673, 0.3742 0.3196 -0.076, 0.3857 0.3056 -0.028, 0.3565 0.3376 -0.0744, 0.3564 0.3376 -0.0252, 0.3379 0.3578 -0.0234, 0.212 0.4441 -0.0633, 0.2266 0.4368 -0.0151, 0.1817 0.4561 -0.0613, 0.1818 0.4563 -0.0121, 0.148 0.4693 -0.0591, 0.1636 0.4641 -0.0109, 0.0796 0.4856 -0.0545, 0.0957 0.4827 -0.0064, 0.0795 0.4847 -0.0053, 0.0796 0.4856 -0.0545, 0.0249 0.4915 -0.0017, 0.0087 0.492 -0.0498, -0.0266 0.4901 -0.0474, -0.0266 0.4904 0.0018, -0.0624 0.4882 -0.0451, -0.0467 0.4899 0.0031, -0.1316 0.4742 -0.0404, -0.1168 0.4781 0.0078, -0.1317 0.4742 -0.0404, -0.1314 0.4734 0.0088, -0.1968 0.451 -0.0361, -0.1834 0.4567 0.0122, -0.23 0.4338 -0.0339, -0.2301 0.434 0.0153, -0.2566 0.42 -0.0321, -0.2446 0.427 0.0163, -0.3121 0.3805 -0.028, -0.3011 0.3892 0.0204, -0.3182 0.3747 -0.0274, -0.3179 0.3743 0.0218, -0.3628 0.3326 -0.0235, -0.3532 0.3427 0.0248, -0.3909 0.2971 -0.0205, -0.3912 0.2974 0.0287, -0.4068 0.277 -0.0188, -0.3989 0.2882 0.0295, -0.4425 0.2153 -0.0141, -0.4365 0.2273 0.0342, -0.4461 0.2064 -0.0135, -0.4456 0.2062 0.0358, -0.4689 0.1494 -0.0094, -0.4648 0.1618 0.039, -0.4795 0.1055 -0.0065, -0.4799 0.1056 0.0427, -0.4853 0.0816 -0.0049, -0.4831 0.0938 0.0435, -0.4919 0.0138 -0.0008, -0.4915 0.0255 0.0477, -0.4914 0.0 0.0, -0.491 0.0 0.0492, -0.4892 -0.0535 0.0032, -0.4903 -0.042 0.0517, -0.4798 -0.1056 0.0065, -0.4803 -0.1057 0.0557, -0.4796 -0.1104 0.056, -0.4769 -0.1216 0.0075, -0.4588 -0.178 0.0606, -0.1 -0.4819 0.0918, -0.0913 -0.4836 0.0431, -0.1313 -0.473 0.0897, -0.1313 -0.473 0.0405, -0.1676 -0.4627 0.0872, -0.1591 -0.4657 0.0386, -0.2303 -0.4349 0.0831, -0.2222 -0.4391 0.0344, -0.2305 -0.4348 0.0831, -0.2302 -0.4343 0.0338, -0.2877 -0.3993 0.0791, -0.2799 -0.4048 0.0304, -0.3178 -0.3742 0.0766, -0.318 -0.3743 0.0274, -0.341 -0.3548 0.0747, -0.3337 -0.3617 0.0262, -0.3885 -0.3021 0.0701, -0.3818 -0.3105 0.0216, -0.3915 -0.2976 0.0698, -0.391 -0.2973 0.0205, -0.4282 -0.2426 0.0654, -0.4226 -0.2522 0.0169, -0.4455 -0.2061 0.0627, -0.4457 -0.2062 0.0135, -0.4546 -0.1885 0.0121, 0.1821 -0.457 0.1106, 0.1821 -0.4569 0.0613, 0.1794 -0.4582 0.1104, 0.1202 -0.4772 0.0572, 0.0505 -0.4895 0.0526, 0.0423 -0.4903 0.1012, 0.0794 -0.4844 0.0545, 0.0794 -0.4844 0.1037, 0.1126 -0.4791 0.1059, -0.0381 -0.4906 0.2927, -0.0445 -0.4901 0.2431, -0.1085 -0.48 0.288, -0.1144 -0.4786 0.2384, -0.1313 -0.4731 0.2865, -0.1314 -0.4733 0.2373, -0.1756 -0.4597 0.2836, -0.1808 -0.4577 0.234, -0.2303 -0.4344 0.2799, -0.2302 -0.4341 0.2307, -0.2376 -0.431 0.2794, -0.2421 -0.4285 0.2299, -0.2945 -0.3943 0.2754, -0.2984 -0.3913 0.2259, -0.3178 -0.3742 0.2735, -0.3178 -0.3742 0.2243, -0.3472 -0.3487 0.271, -0.3505 -0.3454 0.2215, -0.3916 -0.2977 0.2666, -0.3914 -0.2975 0.2174, -0.3938 -0.2952 0.2664, -0.3964 -0.2916 0.2169, -0.4324 -0.2349 0.2616, -0.4344 -0.2313 0.2121, -0.4455 -0.2061 0.2595, -0.4455 -0.2061 0.2103, -0.4619 -0.1698 0.2569, -0.4632 -0.1663 0.2074, -0.4804 -0.1057 0.2526, -0.4802 -0.1057 0.2033, -0.4814 -0.102 0.2523, -0.4821 -0.0988 0.2029, -0.491 -0.0336 0.248, -0.4912 -0.0308 0.1987, -0.491 -0.0 0.2461, -0.491 -0.0 0.1968, -0.491 0.0338 0.2441, -0.4908 0.0364 0.1947, -0.4814 0.1022 0.2398, -0.4809 0.1044 0.1904, -0.4804 0.1057 0.2396, -0.4805 0.1058 0.1904, -0.4618 0.17 0.2352, -0.4611 0.1719 0.1859, -0.4455 0.2061 0.2326, -0.4455 0.2061 0.1834, -0.4323 0.2351 0.2305, -0.4316 0.2365 0.1812, -0.3937 0.2953 0.2257, -0.3929 0.2964 0.1764, -0.3916 0.2977 0.2255, -0.3917 0.2977 0.1763, -0.3471 0.3489 0.2211, -0.3464 0.3496 0.1718, -0.3178 0.3742 0.2186, -0.3178 0.3742 0.1694, -0.2944 0.3944 0.2167, -0.2939 0.3947 0.1675, -0.2374 0.4311 0.2127, -0.2372 0.4312 0.1635, -0.2303 0.4344 0.2122, -0.2303 0.4344 0.163, -0.1755 0.4598 0.2085, -0.1755 0.4598 0.1593, -0.1313 0.4731 0.2056, -0.1313 0.4731 0.1564, -0.1083 0.4801 0.2041, -0.1087 0.48 0.1549, -0.0379 0.4907 0.1994, -0.0387 0.4906 0.1502, -0.0266 0.4907 0.1986, -0.0266 0.4907 0.1494, 0.0337 0.491 0.1946, 0.0326 0.491 0.1455, 0.0795 0.4845 0.1916, 0.0795 0.4845 0.1423, 0.1043 0.4809 0.1899, 0.1029 0.4812 0.1408, 0.1716 0.4612 0.1854, 0.17 0.4618 0.1363, 0.1819 0.4566 0.1847, 0.1819 0.4565 0.1355, 0.234 0.433 0.1813, 0.2322 0.4339 0.1322, 0.2757 0.4066 0.1783, 0.2757 0.4066 0.1291, 0.2911 0.3968 0.1772, 0.2892 0.3982 0.1282, 0.3442 0.3518 0.1729, 0.3422 0.3537 0.1238, 0.3565 0.3378 0.1717, 0.3565 0.3377 0.1224, 0.3911 0.2987 0.1682, 0.3892 0.3011 0.1192, 0.4209 0.2532 0.1646, 0.421 0.2533 0.1154, 0.4303 0.2388 0.1635, 0.4286 0.2418 0.1145, 0.4604 0.1739 0.1587, 0.459 0.1775 0.1098, 0.4654 0.1569 0.1576, 0.4653 0.1568 0.1084, 0.4805 0.1062 0.1542, 0.4796 0.1102 0.1052, 0.4884 0.0531 0.1508, 0.4886 0.0531 0.1016, 0.4907 0.0378 0.1499, 0.4903 0.0421 0.1009, 0.4912 -0.0297 0.1459, 0.4915 -0.0251 0.097, 0.4882 -0.0531 0.1444, 0.4881 -0.0531 0.0952, 0.4823 -0.098 0.1417, 0.4833 -0.093 0.0928, 0.4658 -0.157 0.1377, 0.4661 -0.1571 0.0885, 0.4633 -0.1659 0.1371, 0.4652 -0.1607 0.0882, 0.4344 -0.2312 0.1324, 0.4372 -0.226 0.0835, 0.4207 -0.2531 0.1306, 0.4206 -0.2531 0.0814, 0.3963 -0.2918 0.1276, 0.3999 -0.2868 0.0788, 0.3568 -0.338 0.1236, 0.3571 -0.3383 0.0744, 0.3502 -0.3458 0.1229, 0.3547 -0.3412 0.0741, 0.2978 -0.3918 0.1185, 0.303 -0.3878 0.0697, 0.2756 -0.4064 0.117, 0.2755 -0.4064 0.0677, 0.241 -0.4291 0.1145, 0.2469 -0.4257 0.0657, 0.1862 -0.4555 0.0616, -0.4919 0.0142 0.5897, -0.4853 0.082 0.5856, -0.4799 0.1057 0.6333, -0.4795 0.1055 0.584, -0.4775 0.119 0.6324, -0.4688 0.1498 0.5811, -0.4555 0.1863 0.6278, -0.4461 0.2064 0.5771, -0.4456 0.2061 0.6263, -0.4424 0.2157 0.5764, -0.4236 0.2504 0.623, -0.4066 0.2773 0.5717, -0.3911 0.2973 0.6192, -0.3909 0.2971 0.57, -0.3829 0.3092 0.6183, -0.3625 0.3329 0.567, -0.3346 0.3609 0.6137, -0.3182 0.3747 0.5631, -0.3179 0.3743 0.6123, -0.3117 0.3808 0.5626, -0.2807 0.4042 0.6094, -0.2562 0.4202 0.5584, -0.2302 0.4344 0.6059, -0.23 0.4338 0.5567, -0.2228 0.4388 0.6054, -0.1965 0.4512 0.5544, -0.1594 0.4656 0.6012, -0.1316 0.4742 0.5501, -0.1313 0.473 0.5993, -0.1312 0.4743 0.5501, -0.0913 0.4836 0.5966, -0.062 0.4882 0.5455, -0.0266 0.491 0.5923, -0.0266 0.4901 0.5431, -0.0203 0.4917 0.5919, 0.0092 0.492 0.5407, 0.0513 0.4894 0.5871, 0.0796 0.4856 0.536, 0.0794 0.4844 0.5853, 0.08 0.4856 0.536, 0.1212 0.477 0.5825, 0.1484 0.4692 0.5314, 0.182 0.4568 0.5784, 0.1817 0.4561 0.5292, 0.1875 0.455 0.5781, 0.2124 0.4439 0.5272, 0.2484 0.4249 0.574, 0.2708 0.4109 0.5232, 0.2755 0.4064 0.572, 0.2759 0.407 0.5228, 0.3046 0.3865 0.5699, 0.3253 0.3693 0.519, 0.3563 0.3394 0.5655, 0.3565 0.3376 0.5161, 0.3572 0.3384 0.5654, 0.3745 0.3193 0.5145, 0.4016 0.2845 0.5608, 0.4166 0.262 0.5098, 0.4206 0.253 0.5583, 0.4211 0.2534 0.5091, 0.4386 0.2232 0.556, 0.4501 0.1991 0.505, 0.4663 0.1574 0.5513, 0.4653 0.1567 0.5021, 0.4663 0.1571 0.5513, 0.4739 0.1325 0.5004, 0.4839 0.0894 0.5468, 0.4879 0.0645 0.496, 0.4881 0.0531 0.5445, 0.4886 0.0532 0.4953, 0.4917 0.0211 0.5426, 0.4921 -0.003 0.492, 0.4899 -0.0464 0.5386, 0.4884 -0.0531 0.4889, 0.4888 -0.0531 0.5382, 0.487 -0.0705 0.4879, 0.4786 -0.1148 0.5343, 0.4722 -0.1385 0.4835, 0.4652 -0.1568 0.5314, 0.4654 -0.1568 0.4822, 0.4571 -0.1823 0.5296, 0.4475 -0.2049 0.4788, 0.4259 -0.2466 0.5249, 0.4209 -0.2533 0.4751, 0.4212 -0.2534 0.5243, 0.4132 -0.2674 0.4741, 0.3856 -0.3057 0.5201, 0.3704 -0.324 0.4694, 0.3564 -0.3376 0.5173, 0.3566 -0.3377 0.4681, 0.3378 -0.3579 0.5155, 0.3206 -0.3733 0.4649, 0.2841 -0.4018 0.5112, 0.2758 -0.4068 0.4614, 0.2759 -0.4068 0.5106, 0.2658 -0.4142 0.4607, 0.2265 -0.4369 0.5072, 0.2069 -0.4465 0.4567, 0.1818 -0.4563 0.5042, 0.1817 -0.4561 0.455, 0.1634 -0.4642 0.503, 0.1425 -0.4711 0.4524, 0.0955 -0.4828 0.4985, 0.0795 -0.4853 0.4482, 0.0795 -0.4847 0.4974, 0.0738 -0.4866 0.4478, 0.0247 -0.4915 0.4938, 0.0028 -0.4921 0.4431, -0.0266 -0.4903 0.4904, -0.0266 -0.4902 0.4411, -0.0469 -0.4899 0.489, -0.0682 -0.4874 0.4384, -0.117 -0.478 0.4843, -0.1316 -0.4738 0.4341, -0.1314 -0.4734 0.4834, -0.1372 -0.4726 0.4338, -0.1836 -0.4566 0.4799, -0.202 -0.4487 0.4294, -0.2301 -0.434 0.4768, -0.23 -0.4338 0.4276, -0.2448 -0.4269 0.4758, -0.2613 -0.417 0.4255, -0.3013 -0.3891 0.4717, -0.3165 -0.3769 0.4213, -0.3179 -0.3743 0.4703, -0.3185 -0.3749 0.4211, -0.3533 -0.3426 0.4673, -0.3667 -0.3282 0.4168, -0.3912 -0.2974 0.4634, -0.3908 -0.297 0.4142, -0.399 -0.2881 0.4626, -0.4101 -0.2721 0.4121, -0.4366 -0.2271 0.4579, -0.4451 -0.21 0.4074, -0.4456 -0.2062 0.4564, -0.4464 -0.2065 0.4071, -0.4648 -0.1616 0.4532, -0.4706 -0.1439 0.4027, -0.4799 -0.1056 0.4494, -0.4794 -0.1055 0.4002, -0.4831 -0.0936 0.4486, -0.4862 -0.0759 0.3983, -0.4915 -0.0253 0.4444, -0.4921 -0.0082 0.3942, -0.491 -0.0 0.4429, -0.4916 -0.0 0.3937, -0.4903 0.0422 0.4404, -0.4886 0.0591 0.3902, -0.4803 0.1057 0.4364, -0.4796 0.1056 0.3872, -0.4795 0.1106 0.4361, -0.4754 0.1272 0.3858, -0.4587 0.1782 0.4315, -0.4523 0.194 0.3812, -0.4455 0.2061 0.4295, -0.4459 0.2063 0.3803, -0.4281 0.2428 0.4268, -0.4195 0.2572 0.3764, -0.3915 0.2976 0.4224, -0.3909 0.2972 0.3732, -0.3883 0.3023 0.422, -0.3781 0.315 0.3717, -0.3409 0.3549 0.4174, -0.3294 0.3656 0.3672, -0.3178 0.3742 0.4155, -0.3181 0.3745 0.3663, -0.2876 0.3994 0.413, -0.2753 0.4079 0.3629, -0.2305 0.4348 0.4091, -0.2301 0.4341 0.3598, -0.2301 0.435 0.409, -0.2172 0.4416 0.359, -0.1675 0.4628 0.4049, -0.1536 0.4675 0.3547, -0.1313 0.473 0.4025, -0.1314 0.4731 0.3532, -0.0998 0.4819 0.4004, -0.0855 0.4846 0.3502, -0.0291 0.4913 0.3956, -0.0266 0.4907 0.3463, -0.0266 0.4912 0.3955, -0.0148 0.4919 0.3455, 0.0425 0.4903 0.3909, 0.0564 0.4889 0.3407, 0.0794 0.4844 0.3884, 0.0794 0.4845 0.3392, 0.1128 0.479 0.3862, 0.1259 0.4758 0.3361, 0.1796 0.4582 0.3817, 0.182 0.4566 0.3324, 0.1821 0.457 0.3816, 0.1915 0.4533 0.3317, 0.2412 0.429 0.3776, 0.2517 0.4229 0.3277, 0.2756 0.4064 0.3752, 0.2755 0.4064 0.326, 0.2979 0.3917 0.3736, 0.3075 0.3842 0.3236, 0.3503 0.3457 0.3692, 0.3572 0.3383 0.3193, 0.3568 0.338 0.3685, 0.3587 0.3369 0.3192, 0.3964 0.2916 0.3645, 0.4034 0.2819 0.3145, 0.4207 0.2531 0.3615, 0.4206 0.2531 0.3123, 0.4345 0.231 0.3597, 0.4399 0.2207 0.3098, 0.4634 0.1657 0.355, 0.4662 0.1571 0.3052, 0.4658 0.157 0.3544, 0.467 0.1551 0.3051, 0.4823 0.0978 0.3505, 0.4843 0.0873 0.3006, 0.4882 0.0531 0.3477, 0.4881 0.0531 0.2985, 0.4912 0.0295 0.3462, 0.4917 0.0195 0.2964, 0.4907 -0.038 0.3422, 0.4898 -0.0477 0.2924, 0.4884 -0.0531 0.3413, 0.4889 -0.0531 0.2921, 0.4805 -0.1064 0.338, 0.4783 -0.1158 0.2881, 0.4654 -0.1569 0.3345, 0.4652 -0.1568 0.2853, 0.4603 -0.1741 0.3334, 0.4569 -0.183 0.2835, 0.4302 -0.2389 0.3286, 0.4257 -0.247 0.2788, 0.4209 -0.2532 0.3275, 0.4213 -0.2534 0.2783, 0.391 -0.2988 0.3239, 0.3856 -0.3058 0.2741, 0.3565 -0.3378 0.3205, 0.3564 -0.3376 0.2713, 0.344 -0.3519 0.3192, 0.338 -0.3577 0.2695, 0.291 -0.3969 0.3149, 0.2846 -0.4015 0.2652, 0.2757 -0.4066 0.3138, 0.2759 -0.4068 0.2646, 0.2338 -0.433 0.3109, 0.2273 -0.4365 0.2612, 0.1819 -0.4566 0.3074, 0.1818 -0.4563 0.2582, 0.1715 -0.4613 0.3067, 0.1646 -0.4638 0.257, 0.1041 -0.481 0.3022, 0.0972 -0.4824 0.2525, 0.0795 -0.4845 0.3006, 0.0795 -0.4847 0.2514, 0.0335 -0.491 0.2975, 0.0267 -0.4914 0.2478, -0.0266 -0.4907 0.2935, -0.0266 -0.4904 0.2443, -0.4895 0.0506 0.6368, -0.4913 -0.0 0.6398, -0.4914 0.0 0.5906, -0.4918 -0.017 0.6408, -0.4893 -0.0531 0.5937, -0.4798 -0.1056 0.5971, -0.4847 -0.0851 0.6449, -0.4796 -0.1055 0.6463, -0.477 -0.1212 0.5981, -0.4547 -0.1881 0.6027, -0.4676 -0.1533 0.6494, -0.4457 -0.2062 0.604, -0.4459 -0.2063 0.6532, -0.4228 -0.2518 0.6074, -0.4406 -0.2193 0.6541, -0.4041 -0.2809 0.6589, -0.3181 -0.3745 0.6672, -0.318 -0.3743 0.618, -0.334 -0.3615 0.6167, -0.3593 -0.3363 0.6636, -0.2802 -0.4045 0.621, -0.308 -0.3839 0.6681, -0.2302 -0.4343 0.6244, -0.2519 -0.4228 0.6722, -0.23 -0.4338 0.6736, -0.2225 -0.4389 0.6249, -0.1595 -0.4656 0.6291, -0.1914 -0.4534 0.6762, -0.1313 -0.473 0.631, -0.1315 -0.4738 0.6802, -0.1254 -0.4759 0.6806, -0.0917 -0.4835 0.6337, 0.0501 -0.4896 0.6431, 0.0159 -0.4919 0.69, 0.0794 -0.4844 0.6451, 0.0796 -0.4852 0.6943, 0.1198 -0.4773 0.6478, 0.087 -0.4844 0.6948, 0.1553 -0.467 0.6993, 0.3027 -0.388 0.6603, 0.2755 -0.4064 0.6583, 0.2772 -0.4066 0.7076, 0.2466 -0.4259 0.6562, 0.219 -0.4407 0.7036, 0.2761 -0.4073 0.7075, 0.3544 -0.3415 0.6647, 0.3315 -0.3638 0.7118, 0.3571 -0.3383 0.6649, 0.3564 -0.3376 0.7142, 0.3997 -0.2871 0.6693, 0.3801 -0.3126 0.7164, 0.4206 -0.2531 0.672, 0.4832 -0.0934 0.6833, 0.4661 -0.1571 0.679, 0.4652 -0.1567 0.7282, 0.465 -0.1611 0.6788, 0.4538 -0.1904 0.7259, 0.437 -0.2263 0.6741, 0.4216 -0.2537 0.7212, 0.4214 -0.2542 0.7212, 0.4765 -0.1232 0.7306, 0.4891 -0.0548 0.7349, 0.4881 -0.0531 0.6858, 0.4891 -0.0532 0.735, 0.4915 -0.0254 0.6875, 0.4904 0.0417 0.6914, 0.492 0.0128 0.7389, 0.4886 0.0531 0.6922, 0.4881 0.0531 0.7414, 0.4797 0.1098 0.6957, 0.4854 0.0809 0.7431, 0.4654 0.1568 0.6989, 0.469 0.1491 0.7476, 0.4659 0.1569 0.7481, 0.4592 0.1771 0.7003, 0.4288 0.2415 0.705, 0.4066 0.2773 0.757, 0.3623 0.3331 0.7617, 0.3565 0.3377 0.713, 0.357 0.3381 0.7622, 0.3425 0.3534 0.7144, 0.3113 0.3812 0.7662, 0.2895 0.3979 0.7187, 0.2755 0.4064 0.7689, 0.2757 0.4066 0.7197, 0.2326 0.4337 0.7227, 0.2555 0.4206 0.7704, 0.1819 0.4565 0.7261, 0.1953 0.4517 0.7744, 0.1819 0.4564 0.7753, 0.1704 0.4617 0.7268, 0.1296 0.4748 0.7788, 0.1033 0.4812 0.7313, 0.0795 0.4845 0.7329, 0.0794 0.4846 0.7821, 0.06 0.4885 0.7834, 0.033 0.491 0.736, -0.0115 0.492 0.7882, -0.0266 0.4907 0.74, -0.0266 0.4905 0.7892, -0.0382 0.4906 0.7407, -0.1083 0.4801 0.7454, -0.0826 0.4851 0.7929, -0.1313 0.4731 0.7469, -0.1314 0.4732 0.7962, -0.1751 0.4599 0.7499, -0.1512 0.4683 0.7975, -0.2153 0.4425 0.8018, -0.2303 0.4344 0.7535, -0.2301 0.434 0.8028, -0.2369 0.4314 0.754, -0.2936 0.395 0.758, -0.2738 0.4089 0.8057, -0.3178 0.3742 0.76, -0.3181 0.3745 0.8092, -0.3283 0.3667 0.81, -0.3461 0.3498 0.7623, -0.3773 0.3159 0.8145, -0.3917 0.2978 0.7669, -0.3909 0.2972 0.8161, -0.3926 0.2967 0.767, -0.4191 0.258 0.8193, -0.4314 0.2369 0.7717, -0.461 0.1722 0.7764, -0.4754 0.1274 0.8287, -0.4806 0.1058 0.7809, -0.4796 0.1056 0.8301, -0.4808 0.1048 0.781, -0.4455 0.2061 0.7739, -0.4459 0.2063 0.8232, -0.4521 0.1944 0.8241, -0.4908 0.0368 0.7852, -0.4886 0.059 0.8331, -0.491 -0.0 0.7874, -0.4916 -0.0 0.8366, -0.492 -0.0087 0.8371, -0.4912 -0.0304 0.7892, -0.4861 -0.0767 0.8412, -0.4822 -0.0984 0.7934, -0.4346 -0.231 0.8027, -0.409 -0.2736 0.8552, -0.3966 -0.2913 0.8074, -0.3908 -0.297 0.8571, -0.3914 -0.2975 0.8079, -0.4802 -0.1057 0.7939, -0.4794 -0.1055 0.8431, -0.4633 -0.1659 0.7979, -0.4703 -0.145 0.8457, -0.4455 -0.2061 0.8009, -0.4463 -0.2065 0.8501, -0.4444 -0.2113 0.8504, -0.3508 -0.3451 0.812, -0.3652 -0.3299 0.8599, -0.3178 -0.3742 0.8148, -0.3184 -0.3748 0.864, -0.2987 -0.3911 0.8164, -0.3146 -0.3785 0.8644, -0.2424 -0.4283 0.8205, -0.259 -0.4185 0.8685, -0.2302 -0.4341 0.8213, -0.23 -0.4338 0.8705, -0.1812 -0.4575 0.8245, -0.1992 -0.45 0.8725, -0.1314 -0.4733 0.8279, -0.1338 -0.4736 0.8769, -0.1316 -0.474 0.8771, -0.1148 -0.4785 0.829, -0.0643 -0.4879 0.8815, -0.045 -0.4901 0.8336, 0.0263 -0.4914 0.8384, 0.0783 -0.4859 0.891, 0.0795 -0.4847 0.8419, 0.0796 -0.4856 0.8911, 0.0968 -0.4825 0.8431, -0.0266 -0.4904 0.8348, -0.0266 -0.4901 0.8841, 0.0071 -0.4921 0.8863, 0.1642 -0.4639 0.8476, 0.1471 -0.4696 0.8956, 0.1818 -0.4563 0.8487, 0.1817 -0.456 0.8979, 0.2269 -0.4367 0.8517, 0.2115 -0.4444 0.8999, 0.2759 -0.4068 0.8551, 0.2703 -0.4113 0.9039, 0.2759 -0.407 0.9043, 0.2843 -0.4017 0.8557, 0.325 -0.3695 0.9081, 0.3745 -0.3193 0.9127, 0.3853 -0.3061 0.8646, 0.3564 -0.3376 0.911, 0.3564 -0.3376 0.8618, 0.3377 -0.358 0.86, 0.4782 -0.1162 0.8787, 0.4881 -0.0632 0.9313, 0.4889 -0.0532 0.8827, 0.4887 -0.0532 0.9319, 0.4898 -0.0481 0.883, 0.4567 -0.1833 0.8741, 0.4503 -0.1985 0.9222, 0.4652 -0.1568 0.8759, 0.4652 -0.1567 0.9251, 0.4742 -0.1315 0.9268, 0.4036 0.2816 0.905, 0.3681 0.3266 0.958, 0.359 0.3366 0.9097, 0.3567 0.3378 0.9591, 0.3572 0.3383 0.9099, 0.4918 0.0191 0.8869, 0.4921 0.0046 0.9353, 0.4881 0.0531 0.889, 0.4883 0.0531 0.9382, 0.4844 0.0869 0.8911, 0.4868 0.0725 0.9394, 0.4672 0.1547 0.8956, 0.4715 0.1408 0.9439, 0.4662 0.1571 0.8958, 0.4655 0.1568 0.945, 0.44 0.2203 0.9003, 0.4463 0.2074 0.9485, 0.4206 0.2531 0.9028, 0.4208 0.2532 0.952, 0.4115 0.27 0.9533, 0.3078 0.384 0.9141, 0.3178 0.3757 0.9625, 0.2755 0.4064 0.9165, 0.2757 0.4066 0.9657, 0.2521 0.4227 0.9182, 0.2625 0.4163 0.9667, 0.1919 0.4532 0.9222, 0.203 0.4483 0.9707, 0.182 0.4566 0.9229, 0.1818 0.4562 0.9721, 0.1262 0.4757 0.9266, 0.1379 0.4724 0.9751, 0.0794 0.4845 0.9297, 0.0795 0.485 0.979, 0.0568 0.4888 0.9313, 0.0687 0.4873 0.9797, -0.0144 0.4919 0.936, -0.0027 0.4921 0.9844, -0.0266 0.4907 0.9368, -0.0266 0.4902 0.986, -0.0851 0.4847 0.9407, -0.074 0.4865 0.9892, -0.1314 0.4731 0.9438, -0.1315 0.4735 0.993, -0.1532 0.4677 0.9453, -0.143 0.4709 0.9938, -0.2168 0.4418 0.9495, -0.2077 0.4462 0.9981, -0.2301 0.4341 0.9504, -0.23 0.4338 0.9996, -0.2749 0.4082 0.9534, -0.2668 0.4135 1.0021, -0.3181 0.3745 0.9568, -0.3184 0.3749 1.006, -0.3291 0.3659 0.9577, -0.3218 0.3723 1.0063, -0.3778 0.3153 0.9622, -0.3716 0.3226 1.0108, -0.3909 0.2972 0.9637, -0.3908 0.2971 1.0129, -0.4193 0.2576 0.967, -0.4144 0.2654 1.0155, -0.4459 0.2063 0.9708, -0.4464 0.2065 1.02, -0.4521 0.1943 0.9717, -0.4485 0.2025 1.0203, -0.4753 0.1276 0.9763, -0.473 0.1357 1.025, -0.4796 0.1056 0.9777, -0.4794 0.1055 1.0269, -0.4885 0.0595 0.9807, -0.4875 0.0674 1.0294, -0.4917 -0.0 0.9842, -0.4921 -0.0 1.0335, -0.4921 -0.0005 1.0335, -0.4921 -0.0078 0.9847, -0.4874 -0.0683 1.0376, -0.4728 -0.1367 1.042, -0.4707 -0.1435 0.9932, -0.4794 -0.1055 1.04, -0.4794 -0.1055 0.9908, -0.4863 -0.0755 0.9888, -0.3185 -0.3749 1.0609, -0.3185 -0.375 1.0117, -0.3211 -0.3729 1.0607, -0.367 -0.3279 1.0074, -0.4103 -0.2717 1.0027, -0.4139 -0.2663 1.0514, -0.3908 -0.297 1.0048, -0.3907 -0.297 1.054, -0.371 -0.3233 1.0562, -0.4794 0.1055 1.2238, -0.4795 0.1055 1.1746, -0.4706 0.1441 1.2213, -0.4686 0.1502 1.1716, -0.4464 0.2065 1.2169, -0.446 0.2064 1.1677, -0.4449 0.2105 1.2166, -0.4422 0.216 1.167, -0.4096 0.2728 1.2118, -0.4063 0.2777 1.1622, -0.3908 0.297 1.2098, -0.3909 0.2971 1.1606, -0.3659 0.3291 1.2071, -0.3622 0.3332 1.1575, -0.3184 0.3749 1.2029, -0.3182 0.3747 1.1537, -0.3153 0.3779 1.2026, -0.3114 0.381 1.1531, -0.2598 0.418 1.1984, -0.2559 0.4204 1.149, -0.23 0.4338 1.1964, -0.23 0.4338 1.1472, -0.2 0.4496 1.1944, -0.1961 0.4514 1.145, -0.1347 0.4733 1.1901, -0.1316 0.4741 1.1407, -0.1316 0.474 1.1899, -0.1308 0.4744 1.1406, -0.0653 0.4878 1.1855, -0.0616 0.4883 1.136, -0.0266 0.4901 1.1829, -0.0266 0.4901 1.1337, 0.0061 0.4921 1.1807, 0.0096 0.492 1.1313, 0.0774 0.486 1.1759, 0.0796 0.4856 1.1266, 0.0796 0.4855 1.1758, 0.0804 0.4855 1.1265, 0.1462 0.4699 1.1714, 0.1488 0.4691 1.122, 0.1817 0.4561 1.169, 0.1817 0.4561 1.1198, 0.2107 0.4448 1.1671, 0.2127 0.4438 1.1177, 0.2695 0.4118 1.1631, 0.2711 0.4107 1.1138, 0.2759 0.4069 1.1626, 0.2759 0.407 1.1134, 0.3243 0.3701 1.1589, 0.3256 0.369 1.1095, 0.3565 0.3376 1.1559, 0.3564 0.3376 1.1067, 0.3739 0.32 1.1543, 0.3748 0.319 1.105, 0.4162 0.2625 1.1496, 0.4168 0.2617 1.1003, 0.4211 0.2534 1.1489, 0.4212 0.2534 1.0997, 0.4499 0.1994 1.1448, 0.4502 0.1987 1.0955, 0.4652 0.1567 1.1418, 0.4652 0.1567 1.0926, 0.474 0.1325 1.1401, 0.4741 0.1321 1.0909, 0.4879 0.0641 1.1357, 0.4879 0.0641 1.0865, 0.4886 0.0532 1.1351, 0.4886 0.0532 1.0859, 0.4921 -0.0037 1.1317, 0.4921 -0.0033 1.0825, 0.4883 -0.0531 1.1287, 0.4883 -0.0531 1.0795, 0.4869 -0.0716 1.1276, 0.487 -0.0709 1.0784, 0.4718 -0.1399 1.1231, 0.4721 -0.1389 1.074, 0.4655 -0.1568 1.1219, 0.4654 -0.1568 1.0727, 0.4467 -0.2065 1.1185, 0.4473 -0.2052 1.0693, 0.4208 -0.2532 1.1149, 0.4209 -0.2533 1.0657, 0.412 -0.2691 1.1137, 0.4129 -0.2677 1.0646, 0.3688 -0.3259 1.109, 0.3701 -0.3243 1.0599, 0.3566 -0.3378 1.1079, 0.3566 -0.3377 1.0587, 0.3186 -0.3751 1.1044, 0.3203 -0.3736 1.0554, 0.2757 -0.4067 1.1012, 0.2757 -0.4067 1.052, 0.2633 -0.4158 1.1003, 0.2655 -0.4144 1.0512, 0.2039 -0.4479 1.0963, 0.2066 -0.4467 1.0472, 0.1818 -0.4561 1.0948, 0.1817 -0.4561 1.0456, 0.1389 -0.4721 1.0919, 0.1421 -0.4712 1.0429, 0.0795 -0.485 1.088, 0.0795 -0.4852 1.0388, 0.0697 -0.4872 1.0873, 0.0734 -0.4866 1.0384, -0.0017 -0.4921 1.0826, 0.0024 -0.4921 1.0336, -0.0266 -0.4902 1.0809, -0.0266 -0.4902 1.0317, -0.073 -0.4867 1.0778, -0.0686 -0.4873 1.0289, -0.1315 -0.4735 1.0739, -0.1316 -0.4738 1.0247, -0.1421 -0.4712 1.0732, -0.1376 -0.4725 1.0243, -0.2068 -0.4465 1.0689, -0.2024 -0.4486 1.02, -0.23 -0.4338 1.0673, -0.23 -0.4338 1.0181, -0.266 -0.414 1.0649, -0.2616 -0.4168 1.016, -0.3168 -0.3766 1.0118, 0.0794 0.4846 1.5203, 0.1266 0.4756 1.5171, 0.1625 0.4645 1.564, 0.1819 0.4566 1.5135, 0.1818 0.4562 1.5627, 0.1922 0.453 1.5128, 0.2256 0.4373 1.5598, 0.2524 0.4225 1.5088, 0.2759 0.4069 1.5563, 0.2755 0.4064 1.5071, 0.2834 0.4024 1.5558, 0.3081 0.3837 1.5047, 0.3371 0.3586 1.5515, 0.3571 0.3383 1.5004, 0.3564 0.3376 1.5496, 0.3593 0.3363 1.5002, 0.385 0.3065 1.5469, 0.4038 0.2813 1.4956, 0.4213 0.2534 1.5426, 0.4206 0.2531 1.4934, 0.4254 0.2475 1.5421, 0.4402 0.22 1.4908, 0.4568 0.1832 1.5373, 0.4662 0.1571 1.4863, 0.4652 0.1568 1.5355, 0.4673 0.1544 1.4861, 0.4783 0.1157 1.5327, 0.4845 0.0865 1.4816, 0.4889 0.0531 1.5288, 0.4881 0.0531 1.4796, 0.4898 0.0473 1.5284, 0.4918 0.0187 1.4775, 0.4917 -0.0202 1.5244, 0.4897 -0.0485 1.4735, 0.4881 -0.0531 1.5224, 0.4889 -0.0532 1.4732, 0.4841 -0.0884 1.5202, 0.4781 -0.1166 1.4692, 0.4666 -0.1565 1.5157, 0.4652 -0.1568 1.4664, 0.4663 -0.1571 1.5157, 0.4566 -0.1837 1.4646, 0.439 -0.2223 1.511, 0.4253 -0.2477 1.4598, 0.4206 -0.253 1.5086, 0.4213 -0.2535 1.4594, 0.4021 -0.2837 1.5062, 0.3851 -0.3064 1.4551, 0.3573 -0.3384 1.5016, 0.3564 -0.3376 1.4524, 0.357 -0.3387 1.5015, 0.3374 -0.3583 1.4505, 0.3054 -0.3859 1.4971, 0.284 -0.4019 1.4462, 0.2755 -0.4064 1.4949, 0.2759 -0.4069 1.4457, 0.2491 -0.4244 1.493, 0.2266 -0.4369 1.4423, 0.1884 -0.4546 1.4889, 0.1818 -0.4563 1.4393, 0.182 -0.4568 1.4885, 0.1639 -0.464 1.4381, 0.1222 -0.4767 1.4845, 0.0964 -0.4826 1.4336, 0.0794 -0.4844 1.4817, 0.0795 -0.4847 1.4325, 0.0522 -0.4893 1.4799, 0.0259 -0.4914 1.4289, -0.0193 -0.4917 1.4751, -0.0266 -0.4904 1.4254, -0.0266 -0.4909 1.4746, -0.0454 -0.49 1.4241, -0.0903 -0.4838 1.4704, -0.1152 -0.4784 1.4195, -0.1314 -0.473 1.4676, -0.1314 -0.4733 1.4184, -0.1585 -0.4659 1.4658, -0.1816 -0.4574 1.4151, -0.2219 -0.4392 1.4616, -0.2302 -0.4341 1.4118, -0.2302 -0.4343 1.461, -0.2427 -0.4281 1.411, -0.2799 -0.4048 1.4576, -0.2991 -0.3908 1.407, -0.318 -0.3743 1.4546, -0.3178 -0.3742 1.4054, -0.3339 -0.3615 1.4533, -0.3511 -0.3448 1.4026, -0.3823 -0.3099 1.4487, -0.3914 -0.2975 1.3985, -0.3911 -0.2973 1.4477, -0.3969 -0.291 1.3979, -0.4231 -0.2513 1.444, -0.4348 -0.2306 1.3932, -0.4457 -0.2062 1.4406, -0.4455 -0.2062 1.3914, -0.4551 -0.1872 1.4392, -0.4634 -0.1656 1.3885, -0.4773 -0.1199 1.4346, -0.4801 -0.1057 1.3845, -0.4798 -0.1057 1.4337, -0.4823 -0.098 1.3839, -0.4894 -0.0515 1.4302, -0.4912 -0.03 1.3797, -0.4913 0.0 1.4272, -0.491 -0.0 1.3779, -0.4919 0.0161 1.4262, -0.4907 0.0372 1.3758, -0.4849 0.0842 1.4221, -0.4808 0.1052 1.3715, -0.4796 0.1055 1.4207, -0.4806 0.1058 1.3715, -0.4679 0.1524 1.4176, -0.4609 0.1726 1.3669, -0.4459 0.2063 1.4137, -0.4455 0.2061 1.3645, -0.441 0.2184 1.4129, -0.4312 0.2373 1.3622, -0.4046 0.2801 1.4081, -0.3924 0.297 1.3575, -0.3909 0.2971 1.4066, -0.3917 0.2978 1.3574, -0.36 0.3356 1.4034, -0.3458 0.3501 1.3529, -0.3181 0.3745 1.3997, -0.3178 0.3742 1.3505, -0.3087 0.3833 1.3989, -0.2933 0.3952 1.3485, -0.2527 0.4223 1.3948, -0.2365 0.4316 1.3445, -0.23 0.4338 1.3933, -0.2303 0.4344 1.3441, -0.1923 0.453 1.3908, -0.1748 0.46 1.3404, -0.1315 0.4738 1.3867, -0.1313 0.4731 1.3375, -0.1264 0.4756 1.3864, -0.1079 0.4801 1.3359, -0.0566 0.4889 1.3817, -0.0378 0.4907 1.3313, -0.0266 0.4901 1.3797, -0.0266 0.4907 1.3305, 0.0149 0.4919 1.377, 0.0335 0.491 1.3265, 0.0796 0.4852 1.3726, 0.0795 0.4845 1.3234, 0.086 0.4846 1.3722, 0.1037 0.4811 1.3218, 0.1544 0.4673 1.3677, 0.1708 0.4615 1.3174, 0.1817 0.4561 1.3658, 0.1819 0.4565 1.3166, 0.2182 0.4411 1.3634, 0.2329 0.4335 1.3132, 0.2762 0.4073 1.3595, 0.2757 0.4066 1.3102, 0.2765 0.4071 1.3594, 0.2899 0.3977 1.3092, 0.3307 0.3644 1.3552, 0.3428 0.3531 1.3049, 0.3564 0.3376 1.3528, 0.3565 0.3377 1.3035, 0.3795 0.3133 1.3506, 0.3897 0.3005 1.3003, 0.4209 0.255 1.3458, 0.421 0.2533 1.2965, 0.4216 0.2537 1.3457, 0.429 0.2411 1.2956, 0.4534 0.1913 1.3411, 0.4593 0.1767 1.2908, 0.4652 0.1567 1.3387, 0.4654 0.1568 1.2895, 0.4762 0.1241 1.3364, 0.4798 0.1094 1.2863, 0.489 0.0557 1.3321, 0.4886 0.0531 1.2827, 0.4891 0.0532 1.3319, 0.4904 0.0413 1.282, 0.492 -0.0119 1.328, 0.4914 -0.0258 1.278, 0.4881 -0.0531 1.3255, 0.4881 -0.0531 1.2763, 0.4856 -0.08 1.3239, 0.4831 -0.0938 1.2738, 0.4693 -0.1482 1.3194, 0.4661 -0.1571 1.2696, 0.4658 -0.1569 1.3188, 0.4649 -0.1615 1.2693, 0.4429 -0.2144 1.3147, 0.4368 -0.2267 1.2646, 0.4206 -0.2531 1.3117, 0.4206 -0.2531 1.2625, 0.4071 -0.2765 1.3099, 0.3995 -0.2874 1.2598, 0.3629 -0.3324 1.3052, 0.357 -0.3382 1.2555, 0.3569 -0.3381 1.3047, 0.3541 -0.3417 1.2552, 0.312 -0.3806 1.3008, 0.3024 -0.3882 1.2508, 0.2756 -0.4064 1.2981, 0.2755 -0.4064 1.2488, 0.2562 -0.4202 1.2966, 0.2463 -0.4261 1.2467, 0.1962 -0.4513 1.2926, 0.1855 -0.4558 1.2427, 0.1819 -0.4564 1.2917, 0.1821 -0.4569 1.2425, 0.1305 -0.4745 1.2882, 0.1194 -0.4774 1.2383, 0.0794 -0.4847 1.2848, 0.0794 -0.4844 1.2356, 0.061 -0.4883 1.2836, 0.0497 -0.4896 1.2336, -0.0105 -0.492 1.2788, -0.0215 -0.4917 1.2289, -0.0266 -0.4905 1.2778, -0.0266 -0.4911 1.2285, -0.0817 -0.4853 1.2741, -0.0921 -0.4834 1.2242, -0.1314 -0.4732 1.2708, -0.1313 -0.473 1.2216, -0.1503 -0.4686 1.2695, -0.1598 -0.4654 1.2197, -0.2144 -0.443 1.2652, -0.2229 -0.4388 1.2155, -0.2301 -0.434 1.2642, -0.2303 -0.4344 1.215, -0.273 -0.4095 1.2613, -0.2806 -0.4043 1.2115, -0.3182 -0.3745 1.2577, -0.318 -0.3743 1.2085, -0.3275 -0.3673 1.257, -0.3343 -0.3612 1.2072, -0.3767 -0.3167 1.2524, -0.3823 -0.3098 1.2027, -0.3908 -0.2971 1.2508, -0.3911 -0.2973 1.2016, -0.4186 -0.2588 1.2477, -0.423 -0.2515 1.1979, -0.446 -0.2063 1.2438, -0.4457 -0.2062 1.1946, -0.4517 -0.1953 1.2429, -0.4549 -0.1878 1.1932, -0.4751 -0.1283 1.2383, -0.4771 -0.1208 1.1886, -0.4795 -0.1056 1.2368, -0.4798 -0.1056 1.1876, -0.4885 -0.0599 1.2339, -0.4893 -0.0527 1.1842, -0.4917 0.0 1.2303, -0.4913 0.0 1.1811, -0.4921 0.0078 1.2299, -0.4919 0.0146 1.1803, -0.4863 0.0758 1.2257, -0.4852 0.0824 1.1761, 0.0946 0.4829 1.5685, 0.0795 0.4848 1.5695, 0.0572 0.4888 1.5218, -0.014 0.4919 1.5265, 0.0237 0.4916 1.5732, -0.0266 0.4907 1.5274, -0.0266 0.4903 1.5766, -0.0847 0.4848 1.5312, -0.0479 0.4898 1.578, -0.1314 0.4731 1.5344, -0.1179 0.4778 1.5827, -0.1314 0.4734 1.5836, -0.1528 0.4678 1.5358, -0.2165 0.442 1.54, -0.1844 0.4563 1.5871, -0.2301 0.434 1.5901, -0.2301 0.4341 1.5409, -0.2456 0.4265 1.5912, -0.2746 0.4084 1.544, -0.3181 0.3745 1.5474, -0.302 0.3886 1.5952, -0.3179 0.3743 1.5966, -0.3288 0.3662 1.5482, -0.3776 0.3156 1.5528, -0.354 0.3419 1.5997, -0.3909 0.2972 1.5543, -0.3912 0.2973 1.6035, -0.3996 0.2873 1.6043, -0.4191 0.2579 1.5575, -0.4799 0.1056 1.6175, -0.4796 0.1056 1.5683, -0.4752 0.128 1.5668, -0.4652 0.1607 1.6138, -0.4885 0.0599 1.5712, -0.4833 0.0926 1.6184, -0.4917 -0.0 1.5748, -0.4915 0.0244 1.6226, -0.4911 0.0 1.624, -0.4921 -0.0075 1.5752, -0.4864 -0.0751 1.5793, -0.4902 -0.0431 1.6266, -0.4794 -0.1055 1.5813, -0.4802 -0.1057 1.6305, -0.4793 -0.1115 1.6309, -0.4709 -0.1431 1.5838, -0.4105 -0.2714 1.5932, -0.4276 -0.2436 1.6402, -0.3908 -0.297 1.5953, -0.3914 -0.2976 1.6446, -0.3672 -0.3276 1.5979, -0.3877 -0.3031 1.645, -0.3402 -0.3556 1.6496, -0.262 -0.4166 1.6065, -0.2868 -0.3999 1.6539, -0.23 -0.4338 1.6087, -0.2305 -0.4347 1.6579, -0.2293 -0.4354 1.6579, -0.2027 -0.4484 1.6105, -0.1666 -0.4631 1.6621, -0.138 -0.4724 1.6148, -0.1316 -0.4738 1.6152, -0.1313 -0.473 1.6645, -0.069 -0.4873 1.6194, -0.0989 -0.4821 1.6666, -0.0266 -0.4902 1.6222, 0.1417 -0.4713 1.6335, 0.0795 -0.4852 1.6293, 0.0794 -0.4844 1.6785, 0.073 -0.4867 1.6289, 0.0435 -0.4902 1.6761, 0.002 -0.4921 1.6241, -0.0266 -0.4913 1.6715, -0.0281 -0.4913 1.6714, 0.1137 -0.4788 1.6808, 0.1805 -0.4578 1.6853, 0.1818 -0.4561 1.6361, 0.1821 -0.4571 1.6854, 0.2062 -0.4468 1.6378, 0.2651 -0.4146 1.6417, 0.242 -0.4285 1.6894, 0.2757 -0.4067 1.6425, 0.2756 -0.4064 1.6918, 0.32 -0.3739 1.6459, 0.2987 -0.3911 1.6934, 0.3566 -0.3377 1.6492, 0.351 -0.345 1.6978, 0.3568 -0.3381 1.6984, 0.3698 -0.3247 1.6504, 0.4127 -0.268 1.6551, 0.435 -0.2302 1.7072, 0.4637 -0.1648 1.712, 0.4654 -0.1568 1.6633, 0.4659 -0.157 1.7125, 0.472 -0.1393 1.6645, 0.4825 -0.0968 1.7165, 0.4869 -0.0713 1.6689, 0.4881 -0.0531 1.7192, 0.4883 -0.0531 1.67, 0.4921 -0.0037 1.673, 0.4913 -0.0285 1.7208, 0.4886 0.0532 1.6764, 0.4906 0.0389 1.7247, 0.4885 0.0531 1.7256, 0.488 0.0637 1.677, 0.4803 0.1073 1.729, 0.46 0.175 1.7336, 0.4504 0.1983 1.6861, 0.4654 0.1568 1.7324, 0.4652 0.1567 1.6832, 0.4742 0.1318 1.6814, 0.3259 0.3688 1.7001, 0.2902 0.3974 1.7521, 0.276 0.407 1.7039, 0.2757 0.4066 1.7531, 0.2715 0.4105 1.7043, 0.375 0.3187 1.6955, 0.3904 0.2996 1.7431, 0.3564 0.3376 1.6972, 0.3565 0.3377 1.7465, 0.3433 0.3526 1.7478, 0.2131 0.4436 1.7082, 0.233 0.4335 1.7561, 0.1817 0.4561 1.7103, 0.1819 0.4565 1.7595, 0.1706 0.4616 1.7603, 0.1491 0.469 1.7125, 0.1031 0.4812 1.7648, 0.0808 0.4854 1.7171, -0.0612 0.4883 1.7265, -0.1095 0.4798 1.779, -0.1304 0.4745 1.7311, -0.1313 0.4731 1.7804, -0.1316 0.4741 1.7312, 0.0796 0.4856 1.7171, 0.0795 0.4845 1.7664, 0.01 0.492 1.7218, 0.0325 0.491 1.7695, -0.0266 0.4901 1.7242, -0.0266 0.4907 1.7734, -0.0391 0.4906 1.7743, -0.1957 0.4515 1.7355, -0.1765 0.4594 1.7834, -0.23 0.4338 1.7378, -0.2303 0.4343 1.787, -0.2556 0.4206 1.7395, -0.2384 0.4305 1.7875, -0.3111 0.3813 1.7436, -0.2953 0.3937 1.7916, -0.3182 0.3746 1.7442, -0.3178 0.3742 1.7935, -0.3619 0.3335 1.7481, -0.3479 0.3481 1.796, -0.3909 0.2971 1.7511, -0.3916 0.2976 1.8003, -0.3944 0.2944 1.8006, -0.4061 0.278 1.7527, -0.4329 0.234 1.8054, -0.442 0.2164 1.7575, -0.446 0.2064 1.7582, -0.4455 0.2061 1.8074, -0.4685 0.1506 1.7622, -0.4622 0.1689 1.8101, -0.4795 0.1055 1.7651, -0.4803 0.1057 1.8144, -0.4851 0.0827 1.7666, -0.4816 0.101 1.8147, -0.4919 0.0149 1.7708, -0.491 0.0327 1.8189, -0.4913 0.0 1.7717, -0.491 0.0 1.8209, -0.4893 -0.0523 1.7748, -0.4909 -0.0348 1.8229, -0.4798 -0.1056 1.7782, -0.4812 -0.1031 1.8272, -0.4804 -0.1057 1.8274, -0.4772 -0.1204 1.7791, -0.4615 -0.1709 1.8318, -0.4551 -0.1874 1.7837, -0.4232 -0.2511 1.7884, -0.3931 -0.2961 1.8413, -0.3911 -0.2973 1.7922, -0.3917 -0.2977 1.8414, -0.3826 -0.3095 1.7932, -0.4457 -0.2062 1.7851, -0.4455 -0.2061 1.8343, -0.4319 -0.2359 1.8365, -0.3345 -0.3609 1.7977, -0.3464 -0.3496 1.8459, -0.3179 -0.3743 1.7991, -0.3178 -0.3742 1.8483, -0.2809 -0.4041 1.802, -0.2936 -0.3949 1.8503, -0.2303 -0.4344 1.8055, -0.2366 -0.4315 1.8543, -0.2303 -0.4344 1.8547, -0.2232 -0.4386 1.806, -0.1746 -0.4601 1.8584, -0.1074 -0.4803 1.8629, -0.0925 -0.4834 1.8147, -0.1313 -0.4731 1.8613, -0.1313 -0.473 1.8121, -0.1602 -0.4653 1.8102, 0.119 -0.4775 1.8288, 0.1725 -0.4609 1.8816, 0.1821 -0.457 1.833, 0.1819 -0.4566 1.8822, 0.1851 -0.456 1.8332, 0.0493 -0.4896 1.8242, 0.0347 -0.4909 1.8724, 0.0794 -0.4844 1.8262, 0.0794 -0.4845 1.8754, 0.1052 -0.4807 1.8771, 0.4366 -0.2271 1.8551, 0.4607 -0.173 1.9083, 0.4648 -0.1618 1.8598, 0.4655 -0.1569 1.9093, 0.466 -0.1571 1.8601, 0.2459 -0.4263 1.8373, 0.2348 -0.4325 1.8857, 0.2755 -0.4064 1.8394, 0.2757 -0.4065 1.8886, 0.3021 -0.3885 1.8413, 0.2919 -0.3962 1.8897, 0.3538 -0.342 1.8457, 0.3448 -0.3511 1.8941, 0.357 -0.3382 1.846, 0.3566 -0.3378 1.8953, 0.3992 -0.2878 1.8504, 0.3917 -0.2979 1.8987, 0.4206 -0.2531 1.8531, 0.4209 -0.2532 1.9023, 0.4308 -0.2379 1.9035, 0.483 -0.0942 1.8643, 0.4807 -0.1053 1.9128, 0.4881 -0.0531 1.8669, 0.4884 -0.0531 1.9161, 0.4914 -0.0262 1.8685, 0.4907 -0.0369 1.9171, 0.4904 0.0409 1.8725, 0.4912 0.0306 1.9211, 0.4885 0.0531 1.8733, 0.4882 0.0531 1.9225, 0.4799 0.109 1.8768, 0.4821 0.0989 1.9253, 0.4654 0.1568 1.88, 0.4658 0.157 1.9292, 0.4595 0.1763 1.8813, 0.463 0.1668 1.9299, 0.4292 0.2407 1.8861, 0.434 0.2321 1.9346, 0.421 0.2532 1.8871, 0.4207 0.2531 1.9363, 0.39 0.3002 1.8908, 0.3957 0.2926 1.9394, 0.3565 0.3377 1.8941, 0.3568 0.338 1.9433, 0.343 0.3529 1.8954, 0.3495 0.3465 1.9441, 0.2902 0.3975 1.8998, 0.297 0.3924 1.9485, 0.2757 0.4066 1.9008, 0.2756 0.4064 1.95, 0.2332 0.4333 1.9037, 0.2402 0.4295 1.9525, 0.1819 0.4566 1.9072, 0.182 0.4569 1.9564, 0.1712 0.4614 1.9079, 0.1786 0.4586 1.9566, 0.1041 0.481 1.9124, 0.1116 0.4793 1.9611, 0.0795 0.4845 1.914, 0.0794 0.4844 1.9632, 0.0339 0.491 1.917, 0.0413 0.4904 1.9657, -0.0266 0.4907 1.9211, -0.0266 0.4912 1.9703, -0.0374 0.4907 1.9218, -0.0303 0.4912 1.9705, -0.1075 0.4802 1.9265, -0.101 0.4817 1.9752, -0.1313 0.4731 1.928, -0.1313 0.473 1.9773, -0.1744 0.4602 1.9309, -0.1685 0.4624 1.9797, -0.2303 0.4344 1.9346, -0.2305 0.4348 1.9839, -0.2362 0.4317 1.935, -0.2311 0.4345 1.9839, -0.2929 0.3954 1.939, -0.2885 0.3987 1.9879, -0.3178 0.3742 1.9411, -0.3178 0.3741 1.9903, -0.3456 0.3504 1.9434, -0.3417 0.3541 1.9923, -0.3917 0.2978 1.948, -0.3891 0.3014 1.9969, -0.3915 0.2977 1.9972, -0.3921 0.2974 1.948, -0.4286 0.2418 2.0016, -0.431 0.2376 1.9527, -0.4804 0.1058 2.0112, -0.4806 0.1058 1.962, -0.4798 0.1095 2.011, -0.4607 0.173 1.9575, -0.4455 0.2061 1.955, -0.4455 0.2061 2.0043, -0.4592 0.1771 2.0064, 0.2755 0.4064 2.1468, 0.2755 0.4064 2.0976, 0.3037 0.3872 2.1448, 0.3084 0.3835 2.0952, 0.3555 0.3403 2.1403, 0.3571 0.3383 2.091, 0.3571 0.3383 2.1402, 0.3595 0.336 2.0907, 0.4009 0.2855 2.1357, 0.4041 0.2809 2.0861, 0.4206 0.253 2.1331, 0.4206 0.2531 2.0839, 0.4381 0.2243 2.1309, 0.4404 0.2196 2.0813, 0.4659 0.1585 2.1262, 0.4662 0.157 2.0769, 0.4663 0.1571 2.1261, 0.4674 0.154 2.0766, 0.4837 0.0905 2.1216, 0.4845 0.0862 2.0722, 0.4881 0.0531 2.1193, 0.4881 0.0531 2.0701, 0.4916 0.0222 2.1174, 0.4918 0.0183 2.068, 0.49 -0.0453 2.1135, 0.4897 -0.0489 2.064, 0.4887 -0.0531 2.113, 0.489 -0.0532 2.0638, 0.4788 -0.1137 2.1091, 0.478 -0.117 2.0597, 0.4652 -0.1568 2.1062, 0.4652 -0.1568 2.057, 0.4576 -0.1812 2.1045, 0.4564 -0.1841 2.0551, 0.4265 -0.2456 2.0998, 0.4251 -0.248 2.0504, 0.4212 -0.2534 2.0991, 0.4213 -0.2535 2.0499, 0.3864 -0.3048 2.095, 0.3848 -0.3068 2.0456, 0.3564 -0.3376 2.0921, 0.3564 -0.3376 2.0429, 0.3386 -0.3571 2.0904, 0.3371 -0.3585 2.0411, 0.2851 -0.4012 2.0861, 0.2837 -0.4021 2.0368, 0.2758 -0.4068 2.0854, 0.2759 -0.4069 2.0362, 0.2274 -0.4364 2.0821, 0.2262 -0.437 2.0328, 0.1818 -0.4563 2.079, 0.1818 -0.4563 2.0298, 0.1645 -0.4638 2.0779, 0.1635 -0.4642 2.0286, 0.0967 -0.4825 2.0734, 0.096 -0.4827 2.0241, 0.0795 -0.4847 2.0722, 0.0795 -0.4847 2.023, 0.0259 -0.4914 2.0687, 0.0255 -0.4915 2.0194, -0.0266 -0.4904 2.0652, -0.0266 -0.4904 2.0159, -0.0457 -0.49 2.0639, -0.0458 -0.49 2.0147, -0.1159 -0.4783 2.0592, -0.1156 -0.4784 2.01, -0.1314 -0.4733 2.0582, -0.1314 -0.4733 2.009, -0.1825 -0.457 2.0548, -0.182 -0.4573 2.0056, -0.2302 -0.4341 2.0516, -0.2302 -0.4341 2.0024, -0.2438 -0.4275 2.0507, -0.2431 -0.4279 2.0015, -0.3004 -0.3898 2.0466, -0.2994 -0.3906 1.9975, -0.3179 -0.3743 2.0451, -0.3179 -0.3742 1.9959, -0.3525 -0.3434 2.0422, -0.3514 -0.3446 1.9931, -0.3913 -0.2974 2.0382, -0.3913 -0.2975 1.989, -0.3983 -0.289 2.0375, -0.3971 -0.2906 1.9885, -0.436 -0.2282 2.0328, -0.4349 -0.2302 1.9837, -0.4456 -0.2062 2.0312, -0.4455 -0.2062 1.982, -0.4645 -0.1627 2.028, -0.4636 -0.1652 1.979, -0.48 -0.1056 2.0242, -0.4801 -0.1057 1.975, -0.4829 -0.0947 2.0235, -0.4824 -0.0976 1.9745, -0.4914 -0.0264 2.0193, -0.4912 -0.0296 1.9702, -0.491 -0.0 2.0177, -0.491 -0.0 1.9685, -0.4904 0.0411 2.0153, -0.4907 0.0375 1.9663, -0.4807 0.1056 1.962, 0.3753 -0.3184 2.4876, 0.4174 -0.2607 2.4923, 0.4206 -0.2531 2.4436, 0.4212 -0.2535 2.4928, 0.4364 -0.2274 2.4456, 0.399 -0.2881 2.4409, 0.357 -0.3382 2.4366, 0.3564 -0.3376 2.4858, 0.3535 -0.3423 2.4362, 0.3259 -0.3687 2.483, 0.3018 -0.3887 2.4318, 0.2759 -0.407 2.4791, 0.2755 -0.4064 2.4299, 0.2712 -0.4106 2.4788, 0.2456 -0.4265 2.4278, 0.2125 -0.4439 2.4748, 0.1848 -0.4561 2.4237, 0.1817 -0.456 2.4727, 0.1821 -0.457 2.4236, 0.1482 -0.4693 2.4705, 0.1186 -0.4776 2.4193, 0.0796 -0.4856 2.4659, 0.0794 -0.4844 2.4167, 0.0795 -0.4857 2.4659, 0.0489 -0.4897 2.4147, 0.0083 -0.4921 2.4612, -0.0223 -0.4916 2.4099, -0.0266 -0.4901 2.4589, -0.0266 -0.4911 2.4096, -0.0632 -0.4881 2.4564, -0.0929 -0.4833 2.4052, -0.1316 -0.4741 2.4519, -0.1313 -0.473 2.4027, -0.1327 -0.4739 2.4518, -0.1606 -0.4652 2.4007, -0.1981 -0.4505 2.4474, -0.2236 -0.4384 2.3965, -0.23 -0.4338 2.4453, -0.2303 -0.4344 2.3961, -0.258 -0.4191 2.4434, -0.2812 -0.4039 2.3926, -0.3137 -0.3792 2.4393, -0.3179 -0.3743 2.3896, -0.3183 -0.3748 2.4388, -0.3348 -0.3606 2.3883, -0.3644 -0.3307 2.4348, -0.3829 -0.3092 2.3837, -0.3908 -0.2971 2.4319, -0.3911 -0.2973 2.3827, -0.4084 -0.2746 2.4301, -0.4235 -0.2508 2.379, -0.4439 -0.2124 2.4253, -0.4457 -0.2062 2.3757, -0.4462 -0.2065 2.4249, -0.4552 -0.187 2.3742, -0.4699 -0.1461 2.4206, -0.4773 -0.12 2.3696, -0.4794 -0.1055 2.4179, -0.4798 -0.1057 2.3687, -0.4859 -0.0778 2.4161, -0.4894 -0.0519 2.3653, -0.492 -0.0098 2.412, -0.4913 0.0 2.3622, -0.4915 -0.0 2.4114, -0.4919 0.0153 2.3613, -0.4887 0.0578 2.408, -0.4851 0.0831 2.3572, -0.4796 0.1056 2.4049, -0.4796 0.1055 2.3557, -0.4757 0.1262 2.4036, -0.4684 0.151 2.3527, -0.4526 0.1934 2.3989, -0.446 0.2064 2.3488, -0.4459 0.2063 2.398, -0.4418 0.2168 2.348, -0.4197 0.257 2.3942, -0.4059 0.2783 2.3433, -0.3909 0.2972 2.3909, -0.3909 0.2971 2.3417, -0.3781 0.315 2.3894, -0.3617 0.3338 2.3386, -0.3291 0.3659 2.3849, -0.3182 0.3746 2.3348, -0.3181 0.3745 2.384, -0.3108 0.3815 2.3341, -0.2747 0.4083 2.3806, -0.2553 0.4208 2.33, -0.2301 0.4341 2.3776, -0.23 0.4338 2.3283, -0.2163 0.4421 2.3766, -0.1954 0.4517 2.326, -0.1523 0.468 2.3724, -0.1316 0.4741 2.3218, -0.1314 0.4731 2.371, -0.13 0.4746 2.3217, -0.0838 0.4849 2.3678, -0.0608 0.4884 2.317, -0.0266 0.4906 2.364, -0.0266 0.4901 2.3148, -0.0127 0.492 2.3631, 0.0104 0.492 2.3123, 0.0588 0.4886 2.3583, 0.0796 0.4855 2.3077, 0.0794 0.4846 2.3569, 0.0812 0.4854 2.3076, 0.1285 0.4751 2.3536, 0.1495 0.4689 2.303, 0.1819 0.4565 2.3501, 0.1817 0.4561 2.3009, 0.1943 0.4522 2.3493, 0.2134 0.4434 2.2988, 0.2545 0.4212 2.3452, 0.2718 0.4103 2.2948, 0.2755 0.4064 2.3437, 0.276 0.4071 2.2945, 0.3104 0.3819 2.3411, 0.3262 0.3685 2.2906, 0.357 0.3381 2.337, 0.3564 0.3376 2.2878, 0.3615 0.3339 2.3366, 0.3753 0.3184 2.2861, 0.4059 0.2782 2.3319, 0.4172 0.261 2.2813, 0.4206 0.2531 2.33, 0.4212 0.2535 2.2808, 0.442 0.2164 2.3272, 0.4505 0.198 2.2766, 0.4659 0.157 2.3229, 0.4652 0.1567 2.2737, 0.4686 0.1503 2.3225, 0.4743 0.1314 2.272, 0.4852 0.0821 2.318, 0.488 0.0633 2.2676, 0.4881 0.0531 2.3162, 0.4886 0.0532 2.267, 0.4919 0.0139 2.3138, 0.4921 -0.0041 2.2635, 0.4892 -0.0532 2.3098, 0.4883 -0.0531 2.2606, 0.4892 -0.0536 2.3098, 0.4869 -0.0717 2.2595, 0.4767 -0.1221 2.3054, 0.4719 -0.1397 2.255, 0.4652 -0.1567 2.303, 0.4655 -0.1568 2.2538, 0.4543 -0.1893 2.3008, 0.4469 -0.206 2.2504, 0.422 -0.2532 2.296, 0.4209 -0.2533 2.2468, 0.4216 -0.2537 2.296, 0.4125 -0.2684 2.2456, 0.3809 -0.3117 2.2913, 0.3696 -0.325 2.2409, 0.3564 -0.3376 2.289, 0.3566 -0.3378 2.2398, 0.3323 -0.363 2.2867, 0.3197 -0.3741 2.2364, 0.2782 -0.406 2.2824, 0.2757 -0.4067 2.2331, 0.2761 -0.4072 2.2823, 0.2648 -0.4148 2.2323, 0.22 -0.4402 2.2784, 0.2058 -0.447 2.2283, 0.1817 -0.4561 2.2759, 0.1818 -0.4561 2.2267, 0.1564 -0.4666 2.2742, 0.1413 -0.4714 2.224, 0.0881 -0.4842 2.2697, 0.0795 -0.4852 2.2199, 0.0796 -0.4851 2.2691, 0.0726 -0.4867 2.2194, 0.0171 -0.4918 2.2649, 0.0016 -0.4921 2.2147, -0.0266 -0.4902 2.262, -0.0266 -0.4902 2.2128, -0.0545 -0.4891 2.2601, -0.0695 -0.4872 2.2099, -0.1243 -0.4762 2.2555, -0.1316 -0.4737 2.2058, -0.1315 -0.4737 2.255, -0.1383 -0.4723 2.2053, -0.1904 -0.4538 2.2511, -0.2031 -0.4483 2.201, -0.23 -0.4339 2.2484, -0.23 -0.4338 2.1992, -0.251 -0.4233 2.247, -0.2623 -0.4164 2.1971, -0.3071 -0.3846 2.2429, -0.3174 -0.3761 2.1929, -0.318 -0.3745 2.242, -0.3185 -0.375 2.1928, -0.3585 -0.3371 2.2385, -0.3675 -0.3273 2.1884, -0.391 -0.2972 2.2351, -0.3908 -0.297 2.1859, -0.4034 -0.2819 2.2338, -0.4108 -0.271 2.1837, -0.4401 -0.2203 2.229, -0.4456 -0.2088 2.179, -0.4458 -0.2063 2.228, -0.4465 -0.2066 2.1788, -0.4673 -0.1544 2.2243, -0.471 -0.1427 2.1743, -0.4796 -0.1055 2.2211, -0.4794 -0.1055 2.1719, -0.4845 -0.0863 2.2198, -0.4864 -0.0747 2.1699, -0.4918 -0.0181 2.2156, -0.4921 -0.0071 2.1658, -0.4912 -0.0 2.2146, -0.4917 -0.0 2.1653, -0.4896 0.0494 2.2116, -0.4884 0.0603 2.1617, -0.4799 0.1057 2.2081, -0.4796 0.1056 2.1588, -0.4778 0.1179 2.2073, -0.4751 0.1284 2.1574, -0.4559 0.1852 2.2027, -0.4518 0.1951 2.1527, -0.4456 0.2061 2.2011, -0.446 0.2063 2.1519, -0.4242 0.2494 2.1979, -0.4189 0.2583 2.148, -0.3911 0.2974 2.194, -0.3909 0.2972 2.1448, -0.3836 0.3083 2.1932, -0.3773 0.316 2.1433, -0.3355 0.3601 2.1886, -0.3285 0.3664 2.1387, -0.3179 0.3742 2.1872, -0.3181 0.3745 2.1379, -0.2816 0.4036 2.1842, -0.2743 0.4086 2.1345, -0.2303 0.4344 2.1807, -0.2301 0.4341 2.1315, -0.2237 0.4383 2.1803, -0.2161 0.4421 2.1305, -0.1605 0.4652 2.1761, -0.1525 0.4679 2.1263, -0.1313 0.473 2.1741, -0.1314 0.4731 2.1249, -0.0924 0.4834 2.1715, -0.0843 0.4849 2.1218, -0.0266 0.4911 2.1671, -0.0266 0.4906 2.1179, -0.0215 0.4917 2.1668, -0.0135 0.4919 2.117, 0.0501 0.4896 2.162, 0.0576 0.4887 2.1123, 0.0794 0.4844 2.1601, 0.0794 0.4846 2.1108, 0.1201 0.4772 2.1573, 0.127 0.4754 2.1077, 0.1821 0.4569 2.1532, 0.1819 0.4565 2.104, 0.1864 0.4554 2.1529, 0.1926 0.4529 2.1033, 0.2474 0.4254 2.1489, 0.2527 0.4223 2.0993, 0.4652 -0.1567 2.4999, 0.466 -0.157 2.4507, 0.4646 -0.1622 2.4503, 0.4508 -0.1974 2.4971, 0.483 -0.0946 2.4549, 0.4745 -0.1304 2.5017, 0.4882 -0.062 2.5061, 0.4905 0.0405 2.463, 0.4921 0.0057 2.5102, 0.4885 0.0531 2.4638, 0.4882 0.0531 2.513, 0.4866 0.0736 2.5143, 0.48 0.1086 2.4673, 0.4654 0.1568 2.4706, 0.4712 0.1419 2.5187, 0.4655 0.1568 2.5198, 0.4596 0.1759 2.4719, 0.4294 0.2404 2.4766, 0.4458 0.2084 2.5234, 0.421 0.2532 2.4776, 0.4208 0.2532 2.5268, 0.3902 0.2999 2.4813, 0.4108 0.2709 2.5282, 0.3674 0.3275 2.5329, 0.2756 0.4066 2.5405, 0.2757 0.4066 2.4913, 0.2905 0.3972 2.4903, 0.317 0.3765 2.5374, 0.2336 0.4332 2.4943, 0.2616 0.4169 2.5416, 0.1819 0.4566 2.4977, 0.202 0.4488 2.5456, 0.1818 0.4562 2.5469, 0.1715 0.4613 2.4984, 0.1045 0.4809 2.5029, 0.1368 0.4727 2.5499, 0.0795 0.4845 2.5045, 0.0795 0.4849 2.5538, 0.0675 0.4875 2.5546, 0.0343 0.4909 2.5076, -0.1315 0.4734 2.5678, -0.1313 0.4731 2.5186, -0.1071 0.4803 2.517, -0.0752 0.4864 2.5641, -0.174 0.4603 2.5214, -0.1441 0.4706 2.5687, -0.2304 0.4345 2.5252, -0.2087 0.4457 2.573, -0.23 0.4339 2.5744, -0.2358 0.4319 2.5256, -0.2926 0.3957 2.5296, -0.2677 0.4129 2.5769, -0.3178 0.3742 2.5316, -0.3184 0.3748 2.5808, -0.3227 0.3716 2.5812, -0.3453 0.3507 2.5339, -0.3724 0.3217 2.5857, -0.3918 0.2978 2.5385, -0.3908 0.2971 2.5877, -0.3919 0.2977 2.5385, -0.415 0.2644 2.5904, -0.4308 0.238 2.5433, -0.4455 0.2061 2.5456, -0.4463 0.2065 2.5948, -0.4606 0.1734 2.548, -0.449 0.2014 2.5952, -0.4806 0.106 2.5526, -0.4734 0.1346 2.5999, -0.4806 0.1058 2.5526, -0.4794 0.1055 2.6018, -0.4907 0.0379 2.5568, -0.4876 0.0662 2.6043, -0.491 -0.0 2.5591, -0.492 -0.0 2.6083, -0.4921 -0.0016 2.6084, -0.4913 -0.0292 2.5608, -0.4872 -0.0694 2.6124, -0.4824 -0.0972 2.565, -0.4801 -0.1056 2.5656, -0.4794 -0.1055 2.6148, -0.4637 -0.1648 2.5695, -0.4724 -0.1378 2.6169, -0.4456 -0.2062 2.5725, -0.3517 -0.3443 2.5836, -0.3913 -0.2974 2.5796, -0.3907 -0.297 2.6288, -0.3974 -0.2903 2.579, -0.4132 -0.2673 2.6263, -0.4351 -0.2299 2.5742, -0.4465 -0.2066 2.6217, -0.4477 -0.2044 2.6216, -0.3702 -0.3242 2.631, -0.3202 -0.3737 2.6356, -0.3179 -0.3742 2.5865, -0.3185 -0.375 2.6357, -0.2997 -0.3904 2.588, -0.2651 -0.4146 2.6398, -0.2434 -0.4277 2.592, -0.23 -0.4338 2.6421, -0.2302 -0.4341 2.5929, -0.1823 -0.4571 2.5961, -0.2058 -0.447 2.6438, -0.1314 -0.4734 2.5995, -0.141 -0.4715 2.6481, -0.1315 -0.4736 2.6487, -0.116 -0.4783 2.6005, -0.0719 -0.4868 2.6527, -0.0462 -0.49 2.6052, 0.0251 -0.4915 2.6099, 0.0708 -0.487 2.6622, 0.0795 -0.4847 2.6136, 0.0795 -0.4851 2.6628, 0.0956 -0.4828 2.6146, -0.0266 -0.4904 2.6065, -0.0266 -0.4902 2.6557, -0.0005 -0.4921 2.6574, 0.1631 -0.4643 2.6191, 0.14 -0.4718 2.6668, 0.1818 -0.4563 2.6204, 0.1818 -0.4561 2.6696, 0.2259 -0.4372 2.6233, 0.2049 -0.4474 2.6711, 0.2759 -0.4069 2.6268, 0.2642 -0.4152 2.6751, 0.2757 -0.4067 2.676, 0.2833 -0.4024 2.6273, 0.3194 -0.3744 2.6793, 0.3695 -0.325 2.6838, 0.3846 -0.3071 2.6362, 0.3566 -0.3377 2.6827, 0.3564 -0.3376 2.6335, 0.3368 -0.3588 2.6316, 0.4779 -0.1174 2.6502, 0.4871 -0.0705 2.7025, 0.489 -0.0532 2.6543, 0.4883 -0.0531 2.7035, 0.4897 -0.0493 2.6546, 0.4562 -0.1845 2.6456, 0.4472 -0.2054 2.6933, 0.4652 -0.1568 2.6475, 0.4654 -0.1568 2.6968, 0.4722 -0.1388 2.698, 0.4918 0.0179 2.6585, 0.4921 -0.0026 2.7065, 0.4881 0.0531 2.6607, 0.4886 0.0532 2.7099, 0.4878 0.0652 2.7106, 0.4846 0.0858 2.6627, 0.4736 0.1336 2.715, 0.4675 0.1536 2.6672, 0.4043 0.2806 2.6766, 0.3731 0.3209 2.7292, 0.3598 0.3357 2.6813, 0.3565 0.3376 2.7307, 0.3571 0.3383 2.6815, 0.4661 0.157 2.6674, 0.4653 0.1567 2.7166, 0.4406 0.2192 2.6719, 0.4495 0.2004 2.7197, 0.4206 0.2531 2.6745, 0.4211 0.2534 2.7237, 0.4156 0.2635 2.7245, 0.3088 0.3832 2.6857, 0.3235 0.3709 2.7337, 0.2755 0.4064 2.6882, 0.2758 0.4069 2.7374, 0.253 0.4221 2.6898, 0.2686 0.4124 2.738, 0.193 0.4527 2.6938, 0.2096 0.4452 2.7419, 0.1819 0.4565 2.6946, 0.1817 0.4561 2.7438, 0.1274 0.4753 2.6982, 0.1451 0.4702 2.7462, 0.0794 0.4846 2.7014, 0.0796 0.4854 2.7506, 0.0762 0.4862 2.7508, 0.058 0.4887 2.7028, 0.0049 0.4921 2.7556, -0.0131 0.492 2.7076, -0.0266 0.4906 2.7085, -0.0266 0.4901 2.7577, -0.0839 0.4849 2.7123, -0.0665 0.4876 2.7603, -0.1314 0.4732 2.7155, -0.1316 0.4739 2.7647, -0.1521 0.468 2.7168, -0.1358 0.473 2.765, -0.2158 0.4423 2.7211, -0.2011 0.4492 2.7693, -0.2301 0.4341 2.7221, -0.23 0.4338 2.7712, -0.274 0.4088 2.725, -0.2607 0.4174 2.7733, -0.3182 0.3745 2.7285, -0.3162 0.3771 2.7775, -0.3184 0.3749 2.7777, -0.3282 0.3667 2.7293, -0.3666 0.3283 2.782, -0.4102 0.2718 2.7867, -0.4187 0.2586 2.7385, -0.3908 0.297 2.7846, -0.3909 0.2972 2.7354, -0.377 0.3163 2.7338, -0.475 0.1288 2.7479, -0.4709 0.143 2.7962, -0.4795 0.1056 2.7494, -0.4794 0.1055 2.7986, -0.4884 0.0607 2.7523, -0.4864 0.0747 2.8006, -0.4921 0.0067 2.8047, -0.4917 -0.0 2.7559, -0.4917 0.0 2.8051, -0.4921 -0.0067 2.7563, -0.4883 -0.061 2.8088, -0.4748 -0.1294 2.8132, -0.4711 -0.1423 2.7648, -0.4795 -0.1056 2.8116, -0.4794 -0.1055 2.7624, -0.4865 -0.0743 2.7604, -0.3678 -0.327 2.7789, -0.3267 -0.3681 2.8319, -0.3185 -0.375 2.7833, -0.3182 -0.3746 2.8325, -0.3177 -0.3758 2.7834, -0.411 -0.2707 2.7742, -0.418 -0.2598 2.8226, -0.3908 -0.297 2.7764, -0.3908 -0.2971 2.8256, -0.3759 -0.3176 2.8273, -0.2626 -0.4162 2.7876, -0.2721 -0.4101 2.8361, -0.23 -0.4338 2.7898, -0.2301 -0.434 2.839, -0.2035 -0.4481 2.7916, -0.2134 -0.4434 2.8401, -0.1387 -0.4722 2.7959, -0.1492 -0.469 2.8444, -0.1316 -0.4737 2.7963, -0.1314 -0.4732 2.8456, -0.0699 -0.4871 2.8005, -0.0805 -0.4855 2.849, -0.0266 -0.4902 2.8033, -0.0266 -0.4905 2.8526, 0.0012 -0.4921 2.8052, -0.0094 -0.492 2.8537, 0.0722 -0.4868 2.8099, 0.0621 -0.4882 2.8585, 0.0795 -0.4852 2.8104, 0.0794 -0.4847 2.8596, 0.1409 -0.4715 2.8145, 0.1317 -0.4742 2.8631, 0.1818 -0.4561 2.8172, 0.1819 -0.4563 2.8665, 0.2055 -0.4472 2.8188, 0.1972 -0.4509 2.8675, 0.2645 -0.415 2.8228, 0.2572 -0.4196 2.8715, 0.2757 -0.4067 2.8236, 0.2756 -0.4065 2.8729, 0.3194 -0.3744 2.827, 0.3129 -0.3799 2.8756, 0.3566 -0.3378 2.8303, 0.3569 -0.338 2.8795, 0.3693 -0.3253 2.8315, 0.3637 -0.3315 2.8801, 0.4123 -0.2687 2.8362, 0.4078 -0.2755 2.8848, 0.4208 -0.2533 2.8373, 0.4206 -0.2531 2.8865, 0.4468 -0.2064 2.8409, 0.4435 -0.2134 2.8896, 0.4655 -0.1568 2.8444, 0.4658 -0.1569 2.8936, 0.4718 -0.1401 2.8456, 0.4696 -0.1471 2.8943, 0.4868 -0.0721 2.85, 0.4858 -0.0789 2.8988, 0.4883 -0.0531 2.8511, 0.4881 -0.0531 2.9003, 0.4921 -0.0045 2.8541, 0.492 -0.0108 2.9029, 0.4887 0.0532 2.8575, 0.489 0.0532 2.9067, 0.4881 0.0629 2.8581, 0.4888 0.0568 2.9069, 0.4744 0.131 2.8625, 0.4759 0.1252 2.9113, 0.4652 0.1567 2.8643, 0.4652 0.1567 2.9135, 0.4507 0.1976 2.8671, 0.453 0.1924 2.916, 0.4212 0.2535 2.8713, 0.4215 0.2536 2.9205, 0.4174 0.2606 2.8719, 0.4203 0.2561 2.9207, 0.3755 0.318 2.8766, 0.3788 0.3142 2.9255, 0.3564 0.3376 2.8783, 0.3564 0.3376 2.9276, 0.3265 0.3682 2.8811, 0.3299 0.3652 2.93, 0.276 0.4071 2.885, 0.2761 0.4073 2.9343, 0.2721 0.41 2.8853, 0.2755 0.4078 2.9343, 0.2138 0.4433 2.8893, 0.2172 0.4416 2.9383, 0.1817 0.4561 2.8914, 0.1817 0.4561 2.9406, 0.1499 0.4687 2.8935, 0.1533 0.4676 2.9425, 0.0816 0.4853 2.8981, 0.0848 0.4848 2.9471, 0.0796 0.4855 2.8982, 0.0796 0.4853 2.9475, 0.0108 0.492 2.9028, -0.23 0.4338 2.9189, -0.195 0.4518 2.9165, -0.1316 0.4741 2.9123, -0.1296 0.4747 2.9122, -0.0604 0.4884 2.9076, -0.0266 0.4901 2.9053, 0.0138 0.4919 2.9518, -0.4416 0.2171 2.9385, -0.4056 0.2787 2.9338, -0.3909 0.2971 2.9322, -0.3614 0.3341 2.9291, -0.3182 0.3746 2.9253, -0.3105 0.3818 2.9247, -0.2549 0.421 2.9205, -0.4919 0.0157 2.9518, -0.485 0.0835 2.9477, -0.4796 0.1055 2.9462, -0.4683 0.1514 2.9432, -0.446 0.2064 2.9393, -0.23 0.4338 -0.3784, -0.2588 0.4186 -0.3764, -0.3144 0.3786 -0.3723, -0.3183 0.3748 -0.3719, -0.3651 0.33 -0.3678, -0.3908 0.2971 -0.365, -0.4089 0.2738 -0.3631, -0.4443 0.2115 -0.3583, 0.1473 0.4696 -0.4035, 0.0796 0.4856 -0.399, 0.0785 0.4858 -0.3989, 0.0073 0.4921 -0.3942, -0.0266 0.4901 -0.3919, -0.0641 0.4879 -0.3894, -0.1316 0.4741 -0.3849, -0.1336 0.4736 -0.3848, -0.199 0.4501 -0.3804, -0.5747 -0.1676 2.6784, -0.5832 -0.1284 2.6763, -0.5847 -0.1287 2.6886, 0.5984 0.017 2.3753, 0.5981 0.0091 2.3749, 0.5986 0.0091 2.3872, -0.3741 -0.4674 2.3167, -0.3063 -0.5144 2.3208, -0.3053 -0.515 2.3086, -0.4906 -0.3431 2.3076, -0.4363 -0.4099 2.3123, -0.4361 -0.4101 2.3, -0.5681 -0.1889 2.2982, -0.535 -0.2686 2.3029, -0.5353 -0.268 2.2905, -0.5809 -0.1449 1.5084, -0.5542 -0.2264 1.5129, -0.5537 -0.2278 1.5007, -0.5984 0.0196 1.5, -0.5954 -0.0622 1.504, -0.5954 -0.0626 1.4917, -0.5695 0.1845 1.4914, -0.5899 0.102 1.4959, -0.5898 0.1024 1.4836, -0.4656 0.3763 0.6921, -0.515 0.3053 0.6968, -0.5154 0.3046 0.6845, -0.342 0.4914 0.6832, -0.4072 0.4388 0.6875, -0.4071 0.439 0.6752, -0.3744 0.4671 -0.1144, -0.3729 0.4682 -0.1145, -0.373 0.4683 -0.1022, -0.3051 0.5151 -0.1063, -0.1519 0.5791 -0.1147, -0.2318 0.552 -0.1103, -0.2326 0.5516 -0.1226, 0.0191 0.5984 -0.1241, -0.0674 0.5949 -0.1193, -0.0674 0.5949 -0.1316, 0.1878 0.5684 -0.1333, 0.1051 0.5894 -0.1288, 0.106 0.5892 -0.1411, -0.4437 0.402 3.0525, -0.4968 0.3341 3.0571, -0.3151 0.5091 3.0439, -0.3151 0.5091 3.0562, -0.3823 0.4607 3.048, -0.3552 0.4811 3.0586, 0.1277 0.5849 -0.5114, 0.1247 0.5853 -0.5113, 0.0424 0.5972 -0.5068, 0.0392 0.5972 -0.5066, -0.0443 0.597 -0.502, -0.0475 0.5966 -0.5018, -0.1296 0.5845 -0.4973, -0.1292 0.5825 -0.509, -0.2109 0.5603 -0.5052, -0.2862 0.5258 -0.501, -0.3234 0.5038 -0.5113, -0.3544 0.4807 -0.5093, -0.3552 0.4819 -0.4971, -0.3904 0.4538 -0.5071, -0.4193 0.4273 -0.4927, -0.4182 0.4262 -0.505, -0.4512 0.3935 -0.5025, -0.4748 0.362 -0.5004, -0.4761 0.363 -0.4881, -0.5034 0.3241 -0.4978, -0.5235 0.2905 -0.4834, -0.5221 0.2897 -0.4957, -0.5451 0.2476 -0.493, -0.5584 0.2115 -0.491, -0.5599 0.212 -0.4786, -0.5751 0.1665 -0.4884, -0.5844 0.1301 -0.4741, -0.5829 0.1298 -0.4864, -0.5928 0.0833 -0.4839, -0.5954 0.0473 -0.4822, -0.5968 0.0474 -0.4698, -0.5987 0.0008 -0.4799, -0.5977 -0.0342 -0.4659, -0.5963 -0.0341 -0.4781, -0.5931 -0.0817 -0.4758, -0.5857 -0.1166 -0.4739, -0.5872 -0.1169 -0.4617, -0.5755 -0.1649 -0.4714, -0.5646 -0.1991 -0.4571, -0.5632 -0.1986 -0.4694, -0.5458 -0.2461 -0.4667, -0.5287 -0.2775 -0.4647, -0.5301 -0.2783 -0.4524, -0.5043 -0.3227 -0.4619, -0.4844 -0.3519 -0.4477, -0.4831 -0.3509 -0.46, -0.4523 -0.3923 -0.4572, -0.4279 -0.4166 -0.4554, -0.429 -0.4176 -0.443, -0.3917 -0.4528 -0.4527, -0.3659 -0.4738 -0.4387, -0.3651 -0.4727 -0.451, -0.3247 -0.5029 -0.4484, -0.2969 -0.5183 -0.4469, -0.2975 -0.5195 -0.4346, -0.2529 -0.5426 -0.4445, -0.2235 -0.5554 -0.4306, -0.223 -0.5541 -0.4428, -0.1742 -0.5728 -0.4402, -0.1426 -0.5799 -0.4384, -0.143 -0.5814 -0.4261, -0.0903 -0.5918 -0.4356, -0.0581 -0.5958 -0.4215, -0.058 -0.5944 -0.4338, -0.0035 -0.5987 -0.4308, 0.0284 -0.5965 -0.4291, 0.0285 -0.598 -0.4167, 0.0833 -0.5928 -0.426, 0.1142 -0.5877 -0.412, 0.1139 -0.5863 -0.4244, 0.1676 -0.5747 -0.4214, 0.196 -0.5642 -0.4199, 0.1965 -0.5655 -0.4075, 0.2468 -0.5455 -0.4171, 0.2729 -0.5328 -0.4033, 0.2723 -0.5317 -0.4157, 0.3191 -0.5065 -0.4131, 0.3421 -0.4897 -0.4117, 0.3429 -0.4907 -0.3994, 0.3865 -0.4572 -0.4089, 0.4081 -0.4381 -0.3951, 0.4071 -0.4371 -0.4074, 0.4477 -0.3975 -0.4044, 0.4652 -0.3746 -0.4028, 0.4663 -0.3754 -0.3905, 0.5004 -0.3286 -0.3997, 0.5156 -0.3043 -0.3858, 0.5144 -0.3036 -0.3981, 0.5428 -0.2525 -0.3949, 0.5528 -0.2262 -0.3934, 0.5541 -0.2267 -0.3811, 0.5736 -0.1715 -0.3902, 0.5808 -0.1453 -0.3765, 0.5795 -0.145 -0.3888, 0.5921 -0.0884 -0.3858, 0.5942 -0.0624 -0.3845, 0.5954 -0.0625 -0.3721, 0.5986 -0.0058 -0.3817, 0.5984 0.0193 -0.3682, 0.5972 0.0192 -0.3804, 0.5938 0.0766 -0.3776, 0.5887 0.1014 -0.3763, 0.59 0.1017 -0.364, 0.577 0.1598 -0.3732, 0.5696 0.1842 -0.3596, 0.5684 0.1837 -0.3718, 0.5479 0.2412 -0.3686, 0.5361 0.2635 -0.3672, 0.5373 0.2641 -0.3549, 0.5071 0.3182 -0.3638, 0.4935 0.3389 -0.3501, 0.4925 0.3382 -0.3624, 0.4557 0.3882 -0.3591, 0.4388 0.4054 -0.3578, 0.4397 0.4063 -0.3455, 0.3956 0.4493 -0.3545, 0.3779 0.4643 -0.341, 0.3772 0.4634 -0.3533, 0.329 0.5002 -0.3503, 0.3098 0.511 -0.3492, 0.3103 0.512 -0.3369, 0.2575 0.5405 -0.3463, 0.2376 0.5495 -0.3329, 0.2371 0.5485 -0.3452, 0.1792 0.5712 -0.342, 0.1578 0.5763 -0.3408, 0.1581 0.5774 -0.3285, 0.0955 0.591 -0.3374, 0.0739 0.5941 -0.3239, 0.0738 0.5929 -0.3362, 0.0089 0.5986 -0.3327, -0.0125 0.5974 -0.3315, -0.0126 0.5985 -0.3192, -0.078 0.5936 -0.3279, -0.0987 0.5905 -0.3145, -0.0985 0.5894 -0.3268, -0.1625 0.5762 -0.3233, -0.1814 0.5694 -0.3222, -0.1818 0.5704 -0.3099, -0.2421 0.5475 -0.3189, -0.2595 0.5395 -0.3057, -0.259 0.5386 -0.318, -0.3149 0.5092 -0.3149, -0.3298 0.4984 -0.314, -0.3304 0.4992 -0.3017, -0.3825 0.4606 -0.3108, -0.3966 0.4485 -0.2975, -0.3959 0.4477 -0.3098, -0.4441 0.4014 -0.3063, -0.4555 0.3869 -0.3053, -0.4563 0.3876 -0.293, -0.4975 0.3331 -0.3016, -0.5073 0.3179 -0.2883, -0.5064 0.3173 -0.3006, -0.5405 0.2573 -0.2968, -0.5469 0.2409 -0.2958, -0.5479 0.2413 -0.2835, -0.572 0.1766 -0.2921, -0.5768 0.1603 -0.2789, -0.5759 0.1601 -0.2912, -0.5913 0.0936 -0.2876, -0.5927 0.0775 -0.2868, -0.5936 0.0776 -0.2745, -0.5986 0.0108 -0.2835, -0.5987 -0.0044 -0.2705, -0.5978 -0.0043 -0.2827, -0.5944 -0.0715 -0.2795, -0.5915 -0.0864 -0.2787, -0.5924 -0.0865 -0.2664, -0.5783 -0.1547 -0.2751, -0.5743 -0.1692 -0.262, -0.5734 -0.1689 -0.2743, -0.5501 -0.2363 -0.2704, -0.5433 -0.2494 -0.2696, -0.5441 -0.2498 -0.2573, -0.51 -0.3136 -0.2657, -0.5023 -0.3257 -0.2526, -0.5016 -0.3252 -0.2649, -0.4592 -0.3842 -0.2609, -0.4496 -0.394 -0.2602, -0.4502 -0.3946 -0.2479, -0.3995 -0.4459 -0.2564, -0.3897 -0.4545 -0.2434, -0.3893 -0.4538 -0.2557, -0.3332 -0.4974 -0.2521, -0.3227 -0.5034 -0.2515, -0.323 -0.504 -0.2392, -0.2621 -0.5383 -0.2481, -0.2514 -0.5433 -0.2352, -0.2512 -0.5427 -0.2475, -0.1842 -0.5696 -0.2439, -0.1729 -0.5724 -0.2432, -0.1731 -0.5731 -0.2309, -0.1008 -0.5901 -0.2393, -0.0895 -0.5919 -0.2264, -0.0895 -0.5912 -0.2387, -0.0142 -0.5985 -0.2345, -0.0033 -0.598 -0.2339, -0.0033 -0.5987 -0.2216, 0.0727 -0.5942 -0.2298, 0.0831 -0.5929 -0.2169, 0.083 -0.5922 -0.2292, 0.1574 -0.5776 -0.2251, 0.1667 -0.5744 -0.2246, 0.1669 -0.5749 -0.2123, 0.2374 -0.5496 -0.2208, 0.2457 -0.5459 -0.208, 0.2455 -0.5454 -0.2203, 0.3106 -0.5118 -0.2167, 0.3175 -0.5069 -0.2163, 0.3178 -0.5074 -0.204, 0.3785 -0.4639 -0.2126, 0.3849 -0.4586 -0.1999, 0.3845 -0.4582 -0.2122, 0.4406 -0.4054 -0.2081, 0.4455 -0.3991 -0.2077, 0.4459 -0.3994 -0.1954, 0.4945 -0.3375 -0.2034, 0.4987 -0.3312 -0.1907, 0.4983 -0.3309 -0.203, 0.5382 -0.2622 -0.1986, 0.5409 -0.2555 -0.1983, 0.5413 -0.2557 -0.186, 0.5704 -0.1817 -0.1939, 0.5724 -0.1754 -0.1813, 0.572 -0.1753 -0.1936, 0.5905 -0.0987 -0.1895, 0.5911 -0.0927 -0.1892, 0.5914 -0.0928 -0.1768, 0.5985 -0.0159 -0.1853, 0.5986 -0.0105 -0.1727, 0.5982 -0.0105 -0.185, 0.595 0.0664 -0.1813, 0.5941 0.0713 -0.181, 0.5944 0.0714 -0.1687, 0.5797 0.1496 -0.1769, 0.5785 0.1541 -0.1644, 0.5782 0.154 -0.1767, 0.5522 0.2314 -0.1723, 0.5502 0.2352 -0.1721, 0.5505 0.2353 -0.1598, 0.5127 0.309 -0.1675, 0.5108 0.3123 -0.155, 0.5106 0.3121 -0.1673, 0.4626 0.3801 -0.1628, 0.4603 0.3824 -0.1626, 0.4605 0.3826 -0.1503, 0.4034 0.4424 -0.1582, 0.4013 0.4442 -0.1458, 0.4012 0.4441 -0.1581, 0.3375 0.4945 -0.1539, 0.3355 0.4956 -0.1538, 0.3356 0.4958 -0.1415, 0.2667 0.536 -0.1499, 0.265 0.5368 -0.1376, 0.265 0.5367 -0.1499, 0.1892 0.568 -0.1457, 0.0196 0.5984 -0.1364, -0.1523 0.579 -0.127, -0.3063 0.5144 -0.1185, -0.4352 0.4109 -0.1101, -0.4353 0.411 -0.0978, -0.437 0.4092 -0.11, -0.4898 0.3443 -0.0931, -0.4896 0.3442 -0.1054, -0.4914 0.3419 -0.1053, -0.5886 0.1079 -0.0915, -0.5688 0.1867 -0.0958, -0.5676 0.1903 -0.0837, -0.5674 0.1902 -0.096, -0.5343 0.27 -0.0884, -0.5359 0.267 -0.1005, -0.5341 0.2698 -0.1007, -0.5896 0.1038 -0.0913, -0.5889 0.1079 -0.0792, -0.5978 0.0254 -0.0873, -0.5981 0.0254 -0.075, -0.5983 0.0209 -0.0871, -0.5957 -0.0562 -0.0834, -0.581 -0.1445 -0.0788, -0.5819 -0.139 -0.0791, -0.5823 -0.139 -0.0668, -0.5955 -0.0613 -0.0831, -0.596 -0.0563 -0.0711, -0.5561 -0.2206 -0.0745, -0.5565 -0.2207 -0.0622, -0.5542 -0.2265 -0.0742, -0.5189 -0.2986 -0.0575, -0.47 -0.3701 -0.065, -0.5155 -0.3044 -0.0694, -0.5185 -0.2984 -0.0698, -0.4659 -0.3759 -0.0646, -0.4704 -0.3703 -0.0527, -0.4124 -0.4333 -0.0605, -0.4127 -0.4337 -0.0481, -0.4072 -0.4388 -0.0601, -0.3477 -0.4868 -0.0561, -0.3417 -0.4916 -0.0557, -0.348 -0.4871 -0.0438, -0.2782 -0.5296 -0.0522, -0.2784 -0.53 -0.0399, -0.2712 -0.5337 -0.0518, -0.2022 -0.5629 -0.048, -0.1941 -0.5663 -0.0475, -0.2024 -0.5634 -0.0357, -0.1204 -0.5858 -0.0435, -0.1206 -0.5864 -0.0312, -0.1113 -0.5882 -0.043, -0.0349 -0.597 -0.0388, -0.025 -0.5982 -0.0383, -0.035 -0.5976 -0.0265, 0.0516 -0.5958 -0.0341, 0.0516 -0.5964 -0.0218, 0.0621 -0.5954 -0.0335, 0.1366 -0.5822 -0.0294, 0.1472 -0.5803 -0.0288, 0.1367 -0.5829 -0.0171, 0.2174 -0.5571 -0.025, 0.2176 -0.5577 -0.0127, 0.2279 -0.5536 -0.0244, 0.2919 -0.5219 -0.0209, 0.3019 -0.517 -0.0204, 0.2922 -0.5225 -0.0086, 0.3605 -0.4771 -0.0169, 0.3609 -0.4777 -0.0046, 0.3704 -0.4703 -0.0163, 0.4239 -0.4216 -0.0125, 0.4333 -0.4131 -0.0118, 0.4244 -0.4222 -0.0002, 0.4799 -0.3566 -0.0079, 0.4805 -0.3571 0.0044, 0.4884 -0.3463 -0.0072, 0.5263 -0.2836 -0.0031, 0.5334 -0.2717 -0.0024, 0.527 -0.284 0.0092, 0.5616 -0.2048 0.0016, 0.5624 -0.2052 0.0139, 0.5671 -0.1918 0.0023, 0.585 -0.1229 0.0061, 0.5887 -0.1089 0.0069, 0.5859 -0.1231 0.0184, 0.5965 -0.0403 0.0103, 0.5973 -0.0404 0.0227, 0.5981 -0.0259 0.0111, 0.5964 0.0412 0.0143, 0.596 0.0562 0.015, 0.5973 0.0412 0.0266, 0.5848 0.1237 0.0186, 0.5857 0.1239 0.0308, 0.5822 0.1394 0.0194, 0.5612 0.2057 0.0231, 0.5562 0.2215 0.024, 0.5621 0.206 0.0354, 0.5257 0.2843 0.0278, 0.5266 0.2848 0.0401, 0.5182 0.2998 0.0287, 0.4792 0.3572 0.0325, 0.4693 0.3718 0.0335, 0.48 0.3578 0.0448, 0.4231 0.4221 0.0371, 0.4239 0.4228 0.0495, 0.4111 0.4352 0.0381, 0.3596 0.4774 0.0415, 0.3458 0.4887 0.0424, 0.3603 0.4781 0.0538, 0.291 0.5221 0.0455, 0.2915 0.5229 0.0578, 0.2757 0.5314 0.0464, 0.2164 0.5571 0.0497, 0.199 0.5646 0.0506, 0.2169 0.558 0.0619, 0.1356 0.582 0.0541, 0.1359 0.583 0.0664, 0.1165 0.5872 0.0551, 0.0507 0.5954 0.0587, 0.0303 0.5979 0.0599, 0.0508 0.5965 0.071, -0.0358 0.5964 0.0635, -0.0358 0.5976 0.0758, -0.0568 0.596 0.0646, -0.1212 0.5851 0.0682, -0.1421 0.5816 0.0693, -0.1214 0.5862 0.0805, -0.2028 0.5621 0.0726, -0.2032 0.5631 0.085, -0.2231 0.5556 0.0737, -0.2786 0.5287 0.0768, -0.2976 0.5195 0.0778, -0.2791 0.5296 0.0891, -0.348 0.4858 0.0808, -0.3486 0.4867 0.0931, -0.3663 0.4735 0.0819, -0.4125 0.4322 0.0851, -0.4297 0.4169 0.0863, -0.4133 0.4331 0.0974, -0.4699 0.3689 0.0897, -0.4709 0.3697 0.102, -0.4852 0.3507 0.091, -0.5182 0.2972 0.0944, -0.531 0.2765 0.0958, -0.5193 0.2979 0.1067, -0.5556 0.2194 0.0991, -0.5568 0.2199 0.1114, -0.5654 0.1968 0.1005, -0.5813 0.1379 0.1037, -0.5877 0.1141 0.105, -0.5825 0.1382 0.116, -0.5949 0.0553 0.108, -0.5961 0.0555 0.1203, -0.5979 0.031 0.1092, -0.5969 -0.0262 0.112, -0.5965 -0.0511 0.1132, -0.5981 -0.0262 0.1243, -0.5875 -0.1085 0.1162, -0.5887 -0.1087 0.1285, -0.5834 -0.1343 0.1175, -0.5661 -0.1907 0.1207, -0.5581 -0.2165 0.1221, -0.5674 -0.1911 0.133, -0.5327 -0.2701 0.1254, -0.534 -0.2707 0.1377, -0.5209 -0.2951 0.1269, -0.4882 -0.3442 0.1301, -0.4726 -0.3676 0.1316, -0.4893 -0.345 0.1424, -0.4338 -0.4107 0.1347, -0.4348 -0.4116 0.1471, -0.4149 -0.4316 0.1362, -0.3715 -0.4678 0.1392, -0.35 -0.4857 0.1406, -0.3724 -0.4688 0.1515, -0.3038 -0.5144 0.1432, -0.3044 -0.5155 0.1556, -0.2802 -0.5291 0.1446, -0.2305 -0.5511 0.1473, -0.2039 -0.5629 0.1488, -0.231 -0.5523 0.1596, -0.1507 -0.578 0.1517, -0.1511 -0.5793 0.164, -0.1217 -0.5862 0.1533, -0.0664 -0.5935 0.1563, -0.0357 -0.5976 0.158, -0.0666 -0.595 0.1686, 0.02 -0.5969 0.161, 0.02 -0.5983 0.1733, 0.0515 -0.5965 0.1628, 0.1057 -0.5878 0.1657, 0.137 -0.5828 0.1674, 0.1059 -0.5892 0.178, 0.1882 -0.5668 0.1703, 0.1886 -0.5682 0.1826, 0.2183 -0.5575 0.1719, 0.2652 -0.5352 0.1745, 0.2932 -0.5219 0.176, 0.2657 -0.5365 0.1868, 0.3355 -0.4942 0.1785, 0.3362 -0.4953 0.1908, 0.3622 -0.4767 0.1801, 0.401 -0.4426 0.1827, 0.426 -0.4207 0.1845, 0.4019 -0.4437 0.195, 0.4598 -0.381 0.1873, 0.461 -0.382 0.1996, 0.4821 -0.355 0.1891, 0.5099 -0.3108 0.192, 0.5285 -0.2813 0.1939, 0.5112 -0.3116 0.2043, 0.5494 -0.2339 0.1967, 0.5508 -0.2346 0.209, 0.5636 -0.2018 0.1986, 0.5773 -0.153 0.2013, 0.5867 -0.1192 0.2032, 0.5787 -0.1534 0.2136, 0.5931 -0.0704 0.2057, 0.5945 -0.0706 0.218, 0.5976 -0.0361 0.2074, 0.5972 0.0112 0.2097, 0.5969 0.046 0.2114, 0.5986 0.0113 0.222, 0.5899 0.0933 0.2138, 0.5913 0.0936 0.2261, 0.5846 0.1292 0.2157, 0.5707 0.1757 0.2183, 0.56 0.2116 0.2203, 0.5722 0.1761 0.2305, 0.5395 0.2558 0.2229, 0.541 0.2565 0.2352, 0.5235 0.2905 0.225, 0.497 0.331 0.2277, 0.4187 0.4279 0.2344, 0.4442 0.399 0.2323, 0.4454 0.4 0.2446, 0.4758 0.3633 0.2298, 0.4983 0.3319 0.24, 0.3833 0.4579 0.2368, 0.3843 0.4591 0.2491, 0.3542 0.4827 0.2388, 0.3172 0.5078 0.2533, 0.2444 0.5449 0.245, 0.2846 0.5267 0.2428, 0.3164 0.5066 0.2409, 0.1269 0.5851 0.2514, 0.1657 0.5737 0.2493, 0.1661 0.5752 0.2616, 0.2088 0.5611 0.2469, 0.245 0.5462 0.2572, -0.0461 0.5969 0.2609, -0.0041 0.5971 0.2586, -0.0041 0.5987 0.2709, 0.041 0.5973 0.2561, 0.0823 0.593 0.2662, 0.0821 0.5914 0.2539, -0.2134 0.5593 0.2701, -0.1734 0.5714 0.2679, -0.1738 0.5729 0.2802, -0.1318 0.584 0.2656, -0.0903 0.5918 0.2756, -0.0901 0.5903 0.2633, -0.3581 0.4798 0.2782, -0.3229 0.5024 0.2762, -0.3237 0.5036 0.2884, -0.2888 0.5244 0.2742, -0.2521 0.543 0.2845, -0.2515 0.5417 0.2722, -0.3893 0.4528 0.2804, -0.3903 0.4539 0.2926, -0.4222 0.4244 0.2826, -0.4508 0.394 0.2971, -0.4496 0.3929 0.2848, -0.4789 0.3593 0.2872, -0.5014 0.3242 0.2895, -0.5028 0.325 0.3018, -0.526 0.286 0.292, -0.5444 0.249 0.3066, -0.543 0.2484 0.2943, -0.5618 0.2068 0.2968, -0.573 0.168 0.2989, -0.5745 0.1684 0.3112, -0.5856 0.1243 0.3013, -0.5925 0.0857 0.3156, -0.5911 0.0855 0.3033, -0.5973 0.0411 0.3056, -0.5973 0.0036 0.3074, -0.5987 0.0036 0.3197, -0.5973 -0.0409 0.3096, -0.5935 -0.0784 0.3237, -0.5921 -0.0782 0.3115, -0.5857 -0.1241 0.3138, -0.5751 -0.1607 0.3159, -0.5766 -0.1611 0.3281, -0.5619 -0.2066 0.3184, -0.5476 -0.242 0.3328, -0.5461 -0.2414 0.3205, -0.5261 -0.2858 0.3231, -0.5056 -0.3177 0.3252, -0.5069 -0.3185 0.3375, -0.479 -0.3591 0.3279, -0.4558 -0.3882 0.3422, -0.4546 -0.3872 0.3299, -0.4224 -0.4242 0.3325, -0.395 -0.4479 0.3344, -0.396 -0.449 0.3467, -0.3583 -0.4796 0.3369, -0.3298 -0.4997 0.351, -0.329 -0.4985 0.3386, -0.289 -0.5243 0.341, -0.2582 -0.5386 0.3426, -0.2588 -0.5399 0.3549, -0.2137 -0.5592 0.3451, -0.181 -0.5707 0.3592, -0.1806 -0.5693 0.3469, -0.132 -0.5839 0.3496, -0.0977 -0.5891 0.3514, -0.0979 -0.5906 0.3637, -0.0464 -0.5969 0.3543, -0.0118 -0.5986 0.3684, -0.0118 -0.597 0.3561, 0.0408 -0.5973 0.359, 0.0745 -0.5925 0.3609, 0.0747 -0.594 0.3732, 0.1266 -0.5851 0.3637, 0.1589 -0.5772 0.3778, 0.1585 -0.5758 0.3655, 0.2086 -0.5612 0.3682, 0.2377 -0.548 0.3698, 0.2383 -0.5492 0.3822, 0.2844 -0.5268 0.3724, 0.311 -0.5116 0.3861, 0.3103 -0.5104 0.3739, 0.354 -0.4828 0.3764, 0.3776 -0.4628 0.378, 0.3785 -0.4638 0.3903, 0.4185 -0.4281 0.3807, 0.4403 -0.4057 0.3947, 0.4392 -0.4047 0.3824, 0.4757 -0.3635 0.3854, 0.4927 -0.3374 0.3871, 0.494 -0.3382 0.3994, 0.5234 -0.2907 0.3901, 0.5376 -0.2634 0.4041, 0.5363 -0.2628 0.3918, 0.56 -0.2118 0.3949, 0.5685 -0.183 0.3965, 0.5699 -0.1834 0.4088, 0.5845 -0.1294 0.3995, 0.5901 -0.1009 0.4133, 0.5888 -0.1007 0.401, 0.5969 -0.0462 0.4038, 0.5971 -0.0185 0.4051, 0.5984 -0.0185 0.4174, 0.5976 0.0358 0.4077, 0.5953 0.0633 0.4214, 0.594 0.0631 0.4091, 0.5867 0.1189 0.412, 0.5793 0.1457 0.4134, 0.5806 0.146 0.4257, 0.5637 0.2016 0.4165, 0.5538 0.2275 0.4303, 0.5525 0.2269 0.418, 0.5286 0.281 0.4213, 0.514 0.3043 0.4228, 0.5152 0.305 0.4351, 0.4822 0.3548 0.426, 0.4658 0.3761 0.4398, 0.4648 0.3752 0.4275, 0.4261 0.4205 0.4307, 0.4066 0.4377 0.432, 0.4075 0.4386 0.4444, 0.3624 0.4765 0.4351, 0.3423 0.4912 0.4486, 0.3416 0.4902 0.4363, 0.2934 0.5218 0.4391, 0.2717 0.5321 0.4403, 0.2722 0.5332 0.4526, 0.2185 0.5574 0.4432, 0.1957 0.5658 0.4568, 0.1953 0.5646 0.4445, 0.1372 0.5827 0.4477, 0.1132 0.5866 0.449, 0.1134 0.5878 0.4613, 0.0517 0.5964 0.4524, 0.0277 0.598 0.466, 0.0276 0.5968 0.4537, -0.0354 0.5976 0.4572, -0.0588 0.5945 0.4584, -0.059 0.5958 0.4708, -0.1214 0.5862 0.4619, -0.1437 0.5812 0.4754, -0.1434 0.58 0.4631, -0.2037 0.563 0.4664, -0.2237 0.5541 0.4675, -0.2242 0.5551 0.4798, -0.28 0.5292 0.4706, -0.2982 0.5191 0.4839, -0.2976 0.5182 0.4716, -0.3498 0.4858 0.4746, -0.3658 0.4725 0.4756, -0.3665 0.4734 0.4879, -0.4147 0.4318 0.4789, -0.4295 0.417 0.4923, -0.4287 0.4163 0.48, -0.4724 0.3678 0.4835, -0.4839 0.3506 0.4846, -0.4848 0.3512 0.4969, -0.5207 0.2954 0.4883, -0.5305 0.2775 0.5017, -0.5294 0.2771 0.4894, -0.5581 0.2168 0.493, -0.5638 0.198 0.4941, -0.5649 0.1983 0.5064, -0.5834 0.1345 0.4976, -0.5873 0.1161 0.5109, -0.5863 0.1159 0.4986, -0.5965 0.0513 0.5019, -0.5968 0.0334 0.5028, -0.5977 0.0334 0.5151, -0.5979 -0.0308 0.5059, -0.5967 -0.0482 0.5191, -0.5958 -0.0481 0.5068, -0.5878 -0.1138 0.5101, -0.5832 -0.1307 0.5111, -0.5842 -0.1309 0.5233, -0.5655 -0.1965 0.5147, -0.5596 -0.2128 0.5279, -0.5587 -0.2124 0.5156, -0.5311 -0.2763 0.5194, -0.5222 -0.2907 0.5203, -0.5231 -0.2912 0.5326, -0.4854 -0.3505 0.5242, -0.4756 -0.3636 0.5374, -0.4748 -0.363 0.5251, -0.4298 -0.4167 0.5288, -0.4181 -0.4272 0.5297, -0.4187 -0.4279 0.542, -0.3665 -0.4734 0.5333, -0.3546 -0.4824 0.5463, -0.3541 -0.4817 0.534, -0.2978 -0.5194 0.5373, -0.2851 -0.5255 0.538, -0.2855 -0.5262 0.5503, -0.2233 -0.5555 0.5414, -0.2102 -0.5606 0.5544, -0.2099 -0.5598 0.5421, -0.1423 -0.5815 0.5458, -0.1287 -0.5838 0.5466, -0.1288 -0.5847 0.5589, -0.057 -0.596 0.5505, -0.0435 -0.5971 0.5636, -0.0435 -0.5963 0.5513, 0.0301 -0.5979 0.5553, 0.0431 -0.5963 0.556, 0.0432 -0.5971 0.5683, 0.1162 -0.5873 0.56, 0.1285 -0.5847 0.573, 0.1283 -0.584 0.5607, 0.1988 -0.5647 0.5645, 0.2096 -0.56 0.5651, 0.2099 -0.5607 0.5774, 0.2755 -0.5315 0.5687, 0.2852 -0.5264 0.5816, 0.2849 -0.5258 0.5693, 0.3457 -0.4888 0.5727, 0.3539 -0.482 0.5733, 0.3543 -0.4825 0.5856, 0.4109 -0.4354 0.577, 0.4185 -0.4281 0.5899, 0.418 -0.4277 0.5776, 0.4691 -0.3719 0.5817, 0.4748 -0.3635 0.5822, 0.4754 -0.3639 0.5945, 0.5181 -0.3 0.5864, 0.5229 -0.2915 0.5992, 0.5223 -0.2912 0.5869, 0.5561 -0.2217 0.5912, 0.5589 -0.2129 0.5917, 0.5595 -0.2131 0.604, 0.5822 -0.1396 0.5958, 0.5841 -0.1312 0.6085, 0.5836 -0.1311 0.5962, 0.596 -0.0564 0.6001, 0.5962 -0.0485 0.6005, 0.5967 -0.0485 0.6128, 0.5981 0.0257 0.6041, 0.5978 0.0331 0.6168, 0.5973 0.0331 0.6045, 0.5887 0.1087 0.6083, 0.5869 0.1156 0.6087, 0.5874 0.1158 0.621, 0.5672 0.1915 0.6128, 0.565 0.198 0.6255, 0.5646 0.1978 0.6132, 0.5336 0.2715 0.6175, 0.5302 0.277 0.6179, 0.5306 0.2772 0.6302, 0.4885 0.3461 0.6223, 0.485 0.3509 0.6349, 0.4847 0.3507 0.6226, 0.4335 0.4129 0.627, 0.4295 0.4165 0.6273, 0.4297 0.4168 0.6396, 0.3706 0.4702 0.6314, 0.3668 0.4732 0.644, 0.3666 0.4729 0.6317, 0.3021 0.5168 0.6355, 0.2984 0.5187 0.6357, 0.2985 0.519 0.648, 0.2281 0.5535 0.6396, 0.2245 0.555 0.6521, 0.2244 0.5547 0.6398, 0.1475 0.5802 0.644, 0.144 0.5808 0.6442, 0.1441 0.5811 0.6565, 0.0624 0.5954 0.6486, 0.0593 0.5957 0.6611, 0.0593 0.5955 0.6488, -0.0247 0.5982 0.6534, -0.0273 0.5979 0.6536, -0.0273 0.5981 0.6659, -0.111 0.5883 0.6582, -0.1131 0.5879 0.6706, -0.1131 0.5878 0.6583, -0.1939 0.5664 0.6627, -0.1954 0.5658 0.6628, -0.1954 0.5659 0.6751, -0.271 0.5338 0.6669, -0.272 0.5333 0.6793, -0.3415 0.4917 0.6709, -0.4658 0.3761 0.6798, -0.5541 0.2267 0.6893, -0.5951 0.0636 0.6982, -0.5809 0.1447 0.6939, -0.5805 0.1464 0.7061, -0.5804 0.1463 0.6938, -0.5536 0.2278 0.7015, -0.5955 0.0615 0.6983, -0.5953 0.0636 0.7105, -0.5982 -0.0182 0.7021, -0.5984 -0.0182 0.7145, -0.5983 -0.0207 0.7023, -0.59 -0.1006 0.7063, -0.5902 -0.1006 0.7186, -0.5896 -0.1036 0.7064, -0.57 -0.1831 0.7231, -0.5698 -0.183 0.7108, -0.5689 -0.1865 0.7109, -0.5375 -0.263 0.7154, -0.5378 -0.2631 0.7277, -0.536 -0.2667 0.7157, -0.4942 -0.338 0.7325, -0.4402 -0.4052 0.7249, -0.4916 -0.3417 0.7204, -0.4939 -0.3378 0.7202, -0.4371 -0.4091 0.7251, -0.4405 -0.4054 0.7372, -0.3785 -0.4634 0.7293, -0.3788 -0.4636 0.7416, -0.3746 -0.467 0.7296, -0.3111 -0.5111 0.7334, -0.3065 -0.5143 0.7337, -0.3113 -0.5114 0.7457, -0.2384 -0.5487 0.7374, -0.2386 -0.5491 0.7497, -0.2329 -0.5515 0.7377, -0.159 -0.5767 0.7418, -0.1592 -0.5771 0.7541, -0.1526 -0.5789 0.7421, -0.075 -0.594 0.7587, -0.0749 -0.5935 0.7464, -0.0677 -0.5948 0.7468, 0.1806 -0.5702 0.7604, 0.1058 -0.5893 0.7563, 0.0976 -0.5907 0.7681, 0.0975 -0.5901 0.7558, 0.0115 -0.5986 0.7634, 0.0194 -0.5984 0.7516, 0.0115 -0.598 0.7511, 0.1889 -0.5681 0.7608, 0.1807 -0.5708 0.7727, 0.2583 -0.5395 0.7646, 0.2585 -0.54 0.777, 0.2664 -0.5361 0.7651, 0.3292 -0.4993 0.7686, 0.3373 -0.4946 0.7691, 0.3295 -0.4998 0.7809, 0.3953 -0.4487 0.7728, 0.3957 -0.4492 0.7851, 0.4032 -0.4425 0.7733, 0.4551 -0.388 0.7774, 0.4624 -0.3802 0.7779, 0.4555 -0.3884 0.7897, 0.5061 -0.3184 0.7821, 0.5067 -0.3188 0.7944, 0.5126 -0.3092 0.7827, 0.5468 -0.242 0.7868, 0.5521 -0.2316 0.7874, 0.5474 -0.2423 0.7991, 0.5758 -0.1612 0.7914, 0.5765 -0.1614 0.8037, 0.5796 -0.1498 0.7921, 0.5928 -0.0786 0.7958, 0.595 -0.0666 0.7964, 0.5935 -0.0787 0.8081, 0.5979 0.0033 0.7999, 0.5987 0.0033 0.8122, 0.5985 0.0156 0.8005, 0.5918 0.0854 0.8039, 0.5905 0.0985 0.8046, 0.5925 0.0854 0.8162, 0.5738 0.1679 0.8084, 0.5746 0.1681 0.8206, 0.5705 0.1814 0.8091, 0.5437 0.2484 0.813, 0.5383 0.2619 0.8138, 0.5445 0.2488 0.8253, 0.5022 0.3243 0.8177, 0.5029 0.3248 0.83, 0.4946 0.3373 0.8186, 0.4503 0.3932 0.8224, 0.4407 0.4052 0.8233, 0.451 0.3937 0.8347, 0.3899 0.4531 0.8269, 0.3906 0.4537 0.8392, 0.3787 0.4637 0.8277, 0.3234 0.5027 0.8311, 0.3108 0.5117 0.8319, 0.3239 0.5035 0.8434, 0.252 0.5421 0.8351, 0.2524 0.5429 0.8474, 0.2376 0.5495 0.8359, 0.1738 0.5719 0.8394, 0.1577 0.5775 0.8403, 0.1741 0.5728 0.8517, 0.0905 0.5908 0.844, 0.0907 0.5918 0.8563, 0.073 0.5942 0.8449, 0.0044 0.5976 0.8487, -0.014 0.5985 0.8497, 0.0044 0.5987 0.861, -0.0819 0.592 0.8534, -0.082 0.593 0.8657, -0.1005 0.5902 0.8544, -0.1656 0.5742 0.858, -0.184 0.5697 0.859, -0.1658 0.5753 0.8703, -0.2443 0.5454 0.8623, -0.2447 0.5464 0.8746, -0.2619 0.5384 0.8633, -0.3164 0.507 0.8663, -0.333 0.4975 0.8672, -0.3169 0.5079 0.8786, -0.3834 0.4584 0.8705, -0.384 0.4593 0.8828, -0.3993 0.446 0.8715, -0.4444 0.3995 0.8749, -0.459 0.3843 0.8761, -0.4452 0.4003 0.8872, -0.4971 0.3315 0.8796, -0.4981 0.3321 0.8919, -0.5098 0.3138 0.8808, -0.5398 0.2562 0.8844, -0.55 0.2365 0.8856, -0.5408 0.2568 0.8967, -0.5709 0.1761 0.889, -0.5721 0.1765 0.9013, -0.5783 0.1549 0.8902, -0.5901 0.0936 0.8935, -0.5944 0.0717 0.8946, -0.5913 0.0939 0.9058, -0.5974 0.0115 0.8976, -0.5986 0.0116 0.9099, -0.5986 -0.0106 0.8986, -0.5934 -0.0702 0.9016, -0.5914 -0.0933 0.9028, -0.5945 -0.0703 0.9139, -0.5776 -0.1528 0.906, -0.5788 -0.153 0.9182, -0.5721 -0.1764 0.9072, -0.5497 -0.2338 0.9106, -0.5407 -0.2571 0.9119, -0.5509 -0.2343 0.9229, -0.5102 -0.3107 0.9153, -0.5114 -0.3113 0.9276, -0.4976 -0.3329 0.9167, -0.4602 -0.3809 0.92, -0.4443 -0.4013 0.9214, -0.4612 -0.3817 0.9323, -0.4013 -0.4426 0.9245, -0.4022 -0.4435 0.9369, -0.3827 -0.4604 0.9259, -0.3358 -0.4942 0.9288, -0.3151 -0.5091 0.9301, -0.3365 -0.4952 0.9411, -0.2654 -0.5352 0.9328, -0.266 -0.5363 0.9451, -0.2423 -0.5475 0.9341, -0.1885 -0.5669 0.937, -0.1627 -0.5761 0.9384, -0.1889 -0.5681 0.9493, -0.106 -0.5878 0.9415, -0.1062 -0.5892 0.9538, -0.0783 -0.5935 0.9431, -0.0202 -0.5969 0.9462, 0.0086 -0.5986 0.9478, -0.0203 -0.5983 0.9585, 0.0661 -0.5936 0.951, 0.0663 -0.595 0.9633, 0.0953 -0.591 0.9526, 0.1505 -0.578 0.9556, 0.179 -0.5713 0.9571, 0.1508 -0.5794 0.9679, 0.2303 -0.5512 0.96, 0.2308 -0.5524 0.9723, 0.2573 -0.5406 0.9614, 0.3035 -0.5145 0.964, 0.3288 -0.5003 0.9654, 0.3042 -0.5157 0.9763, 0.3713 -0.4679 0.9681, 0.3721 -0.469 0.9804, 0.3954 -0.4495 0.9697, 0.4335 -0.4108 0.9725, 0.4556 -0.3884 0.9742, 0.4345 -0.4118 0.9848, 0.4879 -0.3443 0.9772, 0.4891 -0.3452 0.9895, 0.507 -0.3184 0.9789, 0.5325 -0.2703 0.9819, 0.5478 -0.2414 0.9837, 0.5338 -0.271 0.9942, 0.5659 -0.1909 0.9866, 0.5673 -0.1914 0.9989, 0.5769 -0.16 0.9884, 0.5873 -0.1088 0.9911, 0.5937 -0.0768 0.9928, 0.5887 -0.109 1.0034, 0.5967 -0.0264 0.9952, 0.5981 -0.0265 1.0076, 0.5986 0.0056 0.9968, 0.5948 0.0551 0.9993, 0.5921 0.0882 1.0009, 0.5961 0.0552 1.0115, 0.5811 0.1376 1.0036, 0.5826 0.1379 1.0158, 0.5736 0.1713 1.0054, 0.5555 0.2191 1.0081, 0.5429 0.2523 1.0101, 0.5569 0.2196 1.0204, 0.5181 0.2969 1.0129, 0.5194 0.2976 1.0252, 0.5006 0.3284 1.0148, 0.4699 0.3685 1.0176, 0.4478 0.3973 1.0195, 0.4711 0.3694 1.0299, 0.4125 0.4318 1.0222, 0.4135 0.4329 1.0345, 0.3866 0.4571 1.0241, 0.3481 0.4853 1.0265, 0.3193 0.5064 1.0282, 0.3489 0.4865 1.0388, 0.2787 0.5283 1.0305, 0.2794 0.5295 1.0428, 0.247 0.5454 1.0322, 0.203 0.5616 1.0346, 0.1678 0.5747 1.0366, 0.2035 0.563 1.0469, 0.1214 0.5847 1.0391, 0.1217 0.5862 1.0514, 0.0836 0.5928 1.0412, -0.09 0.5919 1.0507, -0.0504 0.595 1.0485, -0.0505 0.5965 1.0608, -0.0033 0.5987 1.0459, 0.0362 0.5976 1.0561, 0.036 0.596 1.0438, -0.2527 0.5427 1.0596, -0.216 0.5568 1.0576, -0.2166 0.5581 1.0699, -0.174 0.5728 1.0553, -0.1356 0.5831 1.0655, -0.1352 0.5816 1.0532, -0.3915 0.4529 1.0678, -0.3591 0.4772 1.0658, -0.36 0.4783 1.078, -0.3246 0.5031 1.0636, -0.2913 0.523 1.074, -0.2906 0.5218 1.0617, -0.5041 0.3229 1.0771, -0.4785 0.3571 1.0747, -0.4798 0.358 1.087, -0.4521 0.3924 1.0723, -0.4236 0.423 1.0824, -0.4226 0.4219 1.0701, -0.5755 0.1651 1.0865, -0.5606 0.2057 1.0842, -0.562 0.2063 1.0965, -0.5457 0.2463 1.0818, -0.5265 0.2851 1.0918, -0.5251 0.2843 1.0795, -0.5842 0.1239 1.0887, -0.5856 0.1242 1.101, -0.593 0.082 1.0909, -0.5972 0.0415 1.1053, -0.5958 0.0414 1.0929, -0.5987 -0.0006 1.095, -0.5959 -0.04 1.097, -0.5973 -0.0401 1.1092, -0.5929 -0.0831 1.0991, -0.5859 -0.1228 1.1135, -0.5845 -0.1225 1.1012, -0.5751 -0.1662 1.1035, -0.5611 -0.2043 1.1057, -0.5625 -0.2049 1.118, -0.5452 -0.2474 1.1082, -0.5272 -0.2838 1.1227, -0.5258 -0.283 1.1104, -0.5035 -0.3239 1.113, -0.4794 -0.3559 1.1151, -0.4807 -0.3569 1.1275, -0.4513 -0.3933 1.1177, -0.4247 -0.422 1.1321, -0.4236 -0.4209 1.1198, -0.3906 -0.4537 1.1222, -0.3603 -0.4763 1.1241, -0.3612 -0.4775 1.1365, -0.3236 -0.5037 1.1264, -0.2925 -0.5224 1.1405, -0.2918 -0.5211 1.1282, -0.2516 -0.5432 1.1304, -0.2174 -0.5563 1.1323, -0.2179 -0.5576 1.1446, -0.1728 -0.5732 1.1347, -0.137 -0.5828 1.149, -0.1367 -0.5813 1.1367, -0.0888 -0.592 1.1393, -0.0519 -0.5949 1.1414, -0.052 -0.5964 1.1536, -0.0021 -0.5987 1.1441, 0.0347 -0.5977 1.1584, 0.0346 -0.5961 1.1461, 0.0847 -0.5926 1.1488, 0.1199 -0.585 1.1508, 0.1202 -0.5865 1.1631, 0.1689 -0.5743 1.1534, 0.2021 -0.5635 1.1676, 0.2016 -0.5622 1.1552, 0.248 -0.5449 1.1578, 0.2775 -0.5289 1.1594, 0.2782 -0.5301 1.1717, 0.3203 -0.5058 1.1618, 0.3478 -0.4873 1.1757, 0.3469 -0.4862 1.1634, 0.3875 -0.4563 1.166, 0.4115 -0.4329 1.1677, 0.4125 -0.4339 1.18, 0.4486 -0.3964 1.1705, 0.4702 -0.3706 1.1846, 0.469 -0.3697 1.1723, 0.5012 -0.3274 1.1752, 0.5174 -0.2982 1.177, 0.5187 -0.2989 1.1893, 0.5434 -0.2512 1.18, 0.5564 -0.221 1.1941, 0.555 -0.2205 1.1817, 0.574 -0.1702 1.1847, 0.5808 -0.139 1.1863, 0.5822 -0.1393 1.1986, 0.5923 -0.0871 1.1891, 0.596 -0.0566 1.203, 0.5947 -0.0565 1.1906, 0.5987 -0.0045 1.1932, 0.5968 0.025 1.1946, 0.5981 0.0251 1.2069, 0.5936 0.078 1.1972, 0.5889 0.1076 1.2111, 0.5876 0.1073 1.1988, 0.5766 0.1612 1.2017, 0.5664 0.1895 1.2033, 0.5677 0.19 1.2156, 0.5474 0.2425 1.2063, 0.5345 0.2697 1.2203, 0.5332 0.269 1.208, 0.5064 0.3194 1.2111, 0.4888 0.3432 1.2127, 0.49 0.344 1.225, 0.4548 0.3893 1.2158, 0.4355 0.4107 1.2297, 0.4346 0.4098 1.2173, 0.3946 0.4503 1.2204, 0.3724 0.4671 1.2218, 0.3732 0.4681 1.2341, 0.3279 0.5009 1.2246, 0.3053 0.515 1.2382, 0.3047 0.5139 1.2259, 0.2563 0.5411 1.2286, 0.2316 0.5507 1.2299, 0.2321 0.5519 1.2422, 0.1779 0.5716 1.2329, 0.1522 0.579 1.2466, 0.1519 0.5777 1.2343, 0.0941 0.5912 1.2375, 0.0676 0.5935 1.2389, 0.0677 0.5948 1.2512, 0.0074 0.5986 1.2422, -0.0188 0.5984 1.256, -0.0187 0.597 1.2436, -0.0795 0.5934 1.247, -0.1045 0.5882 1.2483, -0.1048 0.5894 1.2607, -0.1639 0.5758 1.2516, -0.1875 0.5685 1.2652, -0.1871 0.5674 1.2529, -0.2433 0.547 1.256, -0.2642 0.5359 1.2571, -0.2648 0.5369 1.2694, -0.316 0.5085 1.26, -0.3353 0.4959 1.2734, -0.3346 0.495 1.2611, -0.3836 0.4597 1.2641, -0.4003 0.4436 1.2653, -0.4011 0.4444 1.2776, -0.4451 0.4004 1.2686, -0.4603 0.3829 1.2822, -0.4593 0.3821 1.2699, -0.4983 0.3319 1.2733, -0.5095 0.312 1.2746, -0.5106 0.3126 1.2869, -0.5412 0.256 1.2781, -0.5504 0.2356 1.2916, -0.5492 0.2352 1.2793, -0.5724 0.1753 1.2828, -0.5773 0.1542 1.2839, -0.5784 0.1544 1.2962, -0.5915 0.0922 1.2873, -0.5944 0.0717 1.3006, -0.5933 0.0716 1.2883, -0.5986 0.0095 1.2914, -0.5976 -0.0101 1.2923, -0.5986 -0.0102 1.3046, -0.5942 -0.0729 1.2954, -0.5915 -0.0925 1.3087, -0.5904 -0.0923 1.2964, -0.578 -0.1561 1.2998, -0.5715 -0.1747 1.3009, -0.5725 -0.1751 1.3132, -0.5495 -0.2376 1.3045, -0.5415 -0.2554 1.3178, -0.5405 -0.2549 1.3055, -0.5092 -0.3148 1.3092, -0.498 -0.3303 1.3103, -0.4989 -0.3309 1.3226, -0.4583 -0.3852 1.314, -0.4462 -0.3992 1.3273, -0.4454 -0.3985 1.3149, -0.3985 -0.4468 1.3185, -0.3845 -0.4576 1.3194, -0.3851 -0.4584 1.3317, -0.3321 -0.4981 1.3228, -0.3181 -0.5072 1.3359, -0.3176 -0.5064 1.3236, -0.2609 -0.5389 1.3267, -0.2457 -0.5449 1.3276, -0.246 -0.5458 1.3399, -0.1828 -0.5701 1.331, -0.1672 -0.5748 1.3442, -0.167 -0.5739 1.3319, -0.0994 -0.5904 1.3356, -0.0833 -0.5919 1.3365, -0.0834 -0.5928 1.3488, -0.0128 -0.5985 1.3403, 0.0029 -0.5987 1.3535, 0.0029 -0.5977 1.3412, 0.0742 -0.5941 1.3451, 0.089 -0.5911 1.3459, 0.0892 -0.592 1.3582, 0.1588 -0.5772 1.3497, 0.1727 -0.5732 1.3628, 0.1725 -0.5724 1.3505, 0.2386 -0.5491 1.3541, 0.2508 -0.5428 1.3548, 0.2511 -0.5435 1.3671, 0.3117 -0.5111 1.3581, 0.3228 -0.5042 1.3711, 0.3223 -0.5036 1.3588, 0.3795 -0.463 1.3623, 0.3889 -0.4541 1.363, 0.3895 -0.4547 1.3752, 0.4415 -0.4043 1.3668, 0.45 -0.3948 1.3797, 0.4494 -0.3943 1.3675, 0.4953 -0.3363 1.3715, 0.5015 -0.3256 1.3721, 0.5021 -0.326 1.3844, 0.5389 -0.2609 1.3762, 0.5439 -0.2501 1.3892, 0.5432 -0.2498 1.3769, 0.5709 -0.1803 1.3809, 0.5735 -0.1693 1.3815, 0.5742 -0.1695 1.3938, 0.5907 -0.0973 1.3854, 0.5923 -0.0868 1.3983, 0.5917 -0.0868 1.3859, 0.5985 -0.0145 1.3896, 0.5981 -0.0047 1.39, 0.5987 -0.0047 1.4023, 0.5948 0.0678 1.3936, 0.5937 0.0773 1.4064, 0.5931 0.0772 1.3941, 0.5793 0.151 1.398, 0.5763 0.1598 1.3985, 0.5769 0.16 1.4108, 0.5516 0.2327 1.4026, 0.548 0.241 1.4154, 0.5475 0.2407 1.4031, 0.512 0.3103 1.4074, 0.507 0.3172 1.4078, 0.5075 0.3176 1.4201, 0.4617 0.3812 1.4121, 0.4565 0.3873 1.4248, 0.4561 0.387 1.4125, 0.4024 0.4433 1.4167, 0.3965 0.4479 1.4171, 0.3968 0.4483 1.4294, 0.3363 0.4953 1.4209, 0.3307 0.4991 1.4336, 0.3305 0.4987 1.4213, 0.2654 0.5366 1.4249, 0.2596 0.539 1.4252, 0.2597 0.5394 1.4375, 0.1878 0.5684 1.4292, 0.1821 0.5703 1.4418, 0.182 0.5699 1.4295, 0.1046 0.5895 1.4337, 0.099 0.59 1.434, 0.099 0.5904 1.4463, 0.0182 0.5984 1.4385, 0.0129 0.5985 1.4511, 0.013 0.5982 1.4388, -0.0688 0.5947 1.4432, -0.0735 0.5938 1.4435, -0.0736 0.5941 1.4558, -0.1537 0.5786 1.4479, -0.1578 0.5775 1.4604, -0.1577 0.5772 1.4481, -0.2339 0.5511 1.4523, -0.2372 0.5494 1.4525, -0.2373 0.5497 1.4648, -0.3074 0.5137 1.4563, -0.3101 0.5121 1.4688, -0.31 0.5119 1.4565, -0.3755 0.4663 1.4604, -0.3775 0.4644 1.4606, -0.3777 0.4645 1.4729, -0.4379 0.4082 1.4649, -0.4395 0.4065 1.4773, -0.4394 0.4064 1.465, -0.4922 0.3407 1.4696, -0.4932 0.3391 1.4697, -0.4933 0.3392 1.482, -0.5365 0.2657 1.4744, -0.5371 0.2644 1.4867, -0.5693 0.1854 1.4791, -0.5984 0.0195 1.4877, -0.5806 -0.1459 1.4961, -0.5156 -0.3039 1.5054, -0.5148 -0.3057 1.5055, -0.5157 -0.304 1.5177, -0.4664 -0.3751 1.5101, -0.4665 -0.3752 1.5224, -0.465 -0.377 1.5102, -0.4081 -0.4377 1.5147, -0.4062 -0.4398 1.5148, -0.4083 -0.4378 1.527, -0.343 -0.4904 1.519, -0.3432 -0.4906 1.5313, -0.3405 -0.4924 1.5191, -0.2731 -0.5325 1.5229, -0.1928 -0.5668 1.5273, -0.1966 -0.5652 1.5271, -0.1968 -0.5654 1.5394, -0.27 -0.5343 1.5231, -0.2732 -0.5327 1.5352, -0.1144 -0.5873 1.5316, -0.1145 -0.5876 1.5439, -0.1099 -0.5885 1.5319, -0.0288 -0.598 1.5486, 0.0578 -0.5955 1.5411, -0.0235 -0.5982 1.5366, -0.0288 -0.5976 1.5363, 0.0635 -0.5953 1.5414, 0.0578 -0.5959 1.5534, 0.1426 -0.581 1.5457, 0.1426 -0.5814 1.558, 0.1486 -0.5799 1.546, 0.223 -0.5551 1.5501, 0.2292 -0.5531 1.5505, 0.2232 -0.5555 1.5624, 0.2971 -0.5193 1.5542, 0.2973 -0.5196 1.5665, 0.3031 -0.5163 1.5545, 0.3654 -0.4737 1.5582, 0.3656 -0.474 1.5705, 0.3715 -0.4695 1.5586, 0.4287 -0.4179 1.5749, 0.4837 -0.3518 1.5673, 0.4343 -0.4121 1.563, 0.4284 -0.4175 1.5626, 0.4892 -0.3451 1.5677, 0.4842 -0.3521 1.5796, 0.5294 -0.2782 1.572, 0.5299 -0.2786 1.5843, 0.5341 -0.2705 1.5725, 0.5639 -0.1991 1.5767, 0.5676 -0.1904 1.5772, 0.5645 -0.1994 1.589, 0.5865 -0.117 1.5812, 0.5871 -0.1172 1.5935, 0.5889 -0.1076 1.5817, 0.5971 -0.0345 1.5854, 0.5982 -0.0246 1.5859, 0.5977 -0.0345 1.5977, 0.5962 0.0471 1.5894, 0.5968 0.0471 1.6017, 0.5959 0.0575 1.5899, 0.5838 0.1297 1.5937, 0.5819 0.1408 1.5942, 0.5844 0.1298 1.606, 0.5593 0.2115 1.5982, 0.56 0.2117 1.6105, 0.5557 0.2228 1.5989, 0.5229 0.2899 1.6029, 0.5175 0.301 1.6036, 0.5236 0.2902 1.6152, 0.4756 0.3623 1.6077, 0.4763 0.3627 1.62, 0.4684 0.3729 1.6084, 0.4189 0.4265 1.6123, 0.4101 0.4362 1.613, 0.4195 0.4271 1.6246, 0.355 0.4811 1.6166, 0.3555 0.4817 1.6289, 0.3447 0.4895 1.6173, 0.286 0.525 1.6206, 0.2745 0.532 1.6213, 0.2864 0.5257 1.6329, 0.2109 0.5594 1.6248, 0.2112 0.5602 1.637, 0.1977 0.5651 1.6255, 0.1297 0.5835 1.6292, 0.1151 0.5875 1.63, 0.1299 0.5844 1.6415, 0.0445 0.5961 1.6339, 0.0446 0.597 1.6462, 0.0289 0.598 1.6347, -0.042 0.5962 1.6386, -0.0582 0.5958 1.6395, -0.042 0.5972 1.6509, -0.1272 0.584 1.6433, -0.1274 0.585 1.6556, -0.1435 0.5812 1.6442, -0.2086 0.5602 1.6477, -0.2244 0.555 1.6486, -0.2089 0.5611 1.6601, -0.2839 0.5261 1.6519, -0.2843 0.5269 1.6642, -0.2988 0.5188 1.6527, -0.3529 0.4824 1.6559, -0.3674 0.4727 1.6568, -0.3535 0.4832 1.6682, -0.417 0.4281 1.6602, -0.4177 0.4289 1.6725, -0.4306 0.4159 1.6612, -0.4739 0.3641 1.6648, -0.4861 0.3495 1.6659, -0.4747 0.3648 1.6771, -0.5214 0.2919 1.6696, -0.5223 0.2925 1.6819, -0.5317 0.2752 1.6706, -0.558 0.2137 1.6743, -0.5659 0.1954 1.6754, -0.5591 0.2142 1.6866, -0.5828 0.132 1.6788, -0.5839 0.1323 1.6911, -0.588 0.1127 1.6799, -0.5956 0.0494 1.6831, -0.5979 0.0296 1.6841, -0.5966 0.0496 1.6954, -0.5968 -0.032 1.6871, -0.5978 -0.0321 1.6994, -0.5964 -0.0524 1.6881, -0.5865 -0.1145 1.6913, -0.5831 -0.1357 1.6924, -0.5876 -0.1147 1.7036, -0.5642 -0.1966 1.6958, -0.5654 -0.1969 1.7081, -0.5576 -0.2179 1.697, -0.53 -0.2757 1.7005, -0.5202 -0.2964 1.7017, -0.5311 -0.2762 1.7128, -0.4847 -0.3493 1.7052, -0.4857 -0.35 1.7175, -0.4717 -0.3687 1.7065, -0.4296 -0.4152 1.7099, -0.4139 -0.4326 1.7111, -0.4305 -0.416 1.7222, -0.3669 -0.4716 1.7143, -0.3677 -0.4725 1.7266, -0.3489 -0.4865 1.7155, -0.2988 -0.5175 1.7183, -0.279 -0.5297 1.7195, -0.2994 -0.5184 1.7306, -0.225 -0.5535 1.7224, -0.2255 -0.5546 1.7347, -0.2026 -0.5633 1.7236, -0.1448 -0.5796 1.7268, -0.1203 -0.5865 1.7282, -0.1452 -0.5808 1.7391, -0.0603 -0.5943 1.7314, -0.0604 -0.5956 1.7437, -0.0342 -0.5977 1.7329, 0.0262 -0.5968 1.7362, 0.0529 -0.5963 1.7376, 0.0262 -0.5981 1.7485, 0.1118 -0.5868 1.7409, 0.112 -0.5881 1.7532, 0.1383 -0.5825 1.7423, 0.1939 -0.565 1.7454, 0.2196 -0.557 1.7468, 0.1943 -0.5663 1.7577, 0.2705 -0.5327 1.7496, 0.271 -0.5338 1.7619, 0.2944 -0.5213 1.7509, 0.3404 -0.4909 1.7536, 0.3633 -0.4758 1.7549, 0.3411 -0.492 1.7659, 0.4055 -0.4386 1.7578, 0.4064 -0.4396 1.7701, 0.427 -0.4197 1.7593, 0.4638 -0.3763 1.7624, 0.4829 -0.3538 1.764, 0.4649 -0.3772 1.7747, 0.5132 -0.3055 1.7671, 0.5144 -0.3063 1.7794, 0.5292 -0.28 1.7688, 0.5519 -0.2283 1.7718, 0.5641 -0.2005 1.7735, 0.5532 -0.2289 1.7842, 0.5789 -0.1471 1.7764, 0.5802 -0.1474 1.7888, 0.587 -0.1178 1.778, 0.5938 -0.0645 1.7808, 0.5977 -0.0347 1.7823, 0.5952 -0.0647 1.7931, 0.5971 0.0171 1.7848, 0.5984 0.0171 1.7971, 0.5968 0.0474 1.7863, 0.589 0.0993 1.7889, 0.5843 0.1305 1.7905, 0.5903 0.0995 1.8012, 0.5689 0.1816 1.7934, 0.5703 0.182 1.8057, 0.5595 0.2129 1.7951, 0.5369 0.2614 1.7981, 0.5228 0.2917 1.7999, 0.5383 0.2621 1.8104, 0.4935 0.3362 1.8028, 0.4948 0.337 1.8151, 0.4749 0.3645 1.8046, 0.4402 0.4036 1.8075, 0.4177 0.4289 1.8093, 0.4413 0.4046 1.8198, 0.3787 0.4618 1.8119, 0.3796 0.4629 1.8242, 0.3531 0.4835 1.8136, 0.3115 0.5097 1.816, 0.2834 0.5273 1.8176, 0.3122 0.5108 1.8284, 0.239 0.5474 1.8201, 0.2396 0.5486 1.8323, 0.2075 0.5616 1.8218, 0.1599 0.5754 1.8244, 0.1255 0.5854 1.8263, 0.1603 0.5768 1.8367, 0.0759 0.5923 1.829, 0.0762 0.5938 1.8413, 0.0396 0.5974 1.831, -0.0103 0.597 1.8337, -0.0475 0.5968 1.8358, -0.0103 0.5986 1.846, -0.0962 0.5893 1.8384, -0.0965 0.5909 1.8508, -0.1332 0.5837 1.8405, -0.1792 0.5697 1.843, -0.2147 0.5588 1.8449, -0.1796 0.5711 1.8553, -0.2569 0.5392 1.8472, -0.2575 0.5405 1.8596, -0.29 0.5237 1.8491, -0.3278 0.4992 1.8513, -0.3592 0.4789 1.8531, -0.3286 0.5004 1.8635, -0.3939 0.4488 1.8555, -0.3949 0.45 1.8677, -0.4232 0.4234 1.8575, -0.5266 0.2847 1.8669, -0.5048 0.3189 1.8647, -0.5061 0.3198 1.877, -0.4798 0.3581 1.8621, -0.4548 0.3893 1.8723, -0.4536 0.3883 1.86, -0.5859 0.1229 1.8762, -0.5747 0.1621 1.874, -0.5762 0.1625 1.8864, -0.5623 0.2055 1.8716, -0.547 0.2434 1.8817, -0.5455 0.2427 1.8694, -0.5972 -0.0423 1.8844, -0.5973 -0.0022 1.8825, -0.5987 -0.0022 1.8948, -0.5974 0.0398 1.8805, -0.5933 0.0798 1.8908, -0.5919 0.0796 1.8784, -0.5614 -0.2079 1.8933, -0.5734 -0.1666 1.891, -0.5749 -0.167 1.9033, -0.5854 -0.1254 1.8887, -0.5927 -0.0843 1.8989, -0.5912 -0.0841 1.8866, -0.4782 -0.3602 1.9028, -0.5022 -0.3229 1.9004, -0.5036 -0.3238 1.9127, -0.5254 -0.287 1.898, -0.545 -0.2477 1.9079, -0.5436 -0.2471 1.8956, -0.4506 -0.3918 1.905, -0.4517 -0.3929 1.9174, -0.4214 -0.4252 1.9074, -0.3914 -0.453 1.9219, -0.3904 -0.4519 1.9095, -0.3572 -0.4804 1.9118, -0.3241 -0.5017 1.9137, -0.3249 -0.5029 1.9261, -0.2879 -0.5249 1.9158, -0.2534 -0.5424 1.93, -0.2528 -0.5411 1.9177, -0.2124 -0.5597 1.92, -0.1748 -0.571 1.922, -0.1752 -0.5725 1.9343, -0.1307 -0.5842 1.9244, -0.0918 -0.5916 1.9389, -0.0916 -0.5901 1.9266, -0.0449 -0.597 1.9291, -0.0056 -0.5971 1.9313, -0.0056 -0.5986 1.9436, 0.0422 -0.5972 1.9339, 0.0808 -0.5932 1.9483, 0.0806 -0.5917 1.936, 0.128 -0.5848 1.9386, 0.1643 -0.5741 1.9406, 0.1647 -0.5756 1.9529, 0.2099 -0.5607 1.9431, 0.2437 -0.5468 1.9573, 0.2431 -0.5455 1.9449, 0.2856 -0.5262 1.9472, 0.3152 -0.5073 1.949, 0.316 -0.5085 1.9612, 0.3551 -0.482 1.9513, 0.3832 -0.46 1.9654, 0.3822 -0.4589 1.9531, 0.4195 -0.4271 1.9556, 0.4433 -0.4001 1.9576, 0.4444 -0.4011 1.9698, 0.4765 -0.3624 1.9603, 0.4974 -0.3331 1.9745, 0.4962 -0.3323 1.9622, 0.5241 -0.2894 1.965, 0.5389 -0.2571 1.967, 0.5403 -0.2578 1.9793, 0.5605 -0.2105 1.9698, 0.5717 -0.1775 1.9839, 0.5703 -0.1771 1.9716, 0.5848 -0.128 1.9744, 0.5897 -0.0948 1.9761, 0.5911 -0.095 1.9884, 0.597 -0.0449 1.9786, 0.5985 -0.0126 1.9925, 0.5972 -0.0126 1.9802, 0.5975 0.0372 1.9826, 0.5933 0.069 1.9842, 0.5947 0.0692 1.9965, 0.5865 0.1203 1.9869, 0.5791 0.152 2.0009, 0.5777 0.1516 1.9886, 0.5632 0.2029 1.9914, 0.55 0.2326 1.9932, 0.5514 0.2332 2.0055, 0.5279 0.2823 1.9961, 0.512 0.3103 2.0102, 0.5107 0.3095 1.9979, 0.4814 0.3559 2.0009, 0.4608 0.3799 2.0026, 0.4619 0.3808 2.0149, 0.4251 0.4215 2.0056, 0.403 0.4427 2.0195, 0.4021 0.4417 2.0072, 0.3613 0.4774 2.01, 0.3367 0.4935 2.0114, 0.3374 0.4945 2.0237, 0.2923 0.5225 2.014, 0.267 0.5358 2.0277, 0.2664 0.5347 2.0154, 0.2172 0.5579 2.0181, 0.1896 0.5664 2.0196, 0.19 0.5677 2.0319, 0.1358 0.5831 2.0226, 0.1074 0.589 2.0364, 0.1071 0.5876 2.0241, 0.0503 0.5966 2.0273, 0.0214 0.5969 2.0288, 0.0214 0.5983 2.0411, -0.0369 0.5975 2.032, -0.0651 0.5951 2.0459, -0.0649 0.5937 2.0336, -0.1228 0.5859 2.0368, -0.1493 0.5784 2.0382, -0.1497 0.5797 2.0505, -0.205 0.5625 2.0413, -0.2297 0.5528 2.0549, -0.2292 0.5517 2.0426, -0.2812 0.5285 2.0454, -0.3026 0.5152 2.0467, -0.3032 0.5162 2.0589, -0.3509 0.485 2.0494, -0.3712 0.4697 2.063, -0.3704 0.4687 2.0507, -0.4157 0.4308 2.0538, -0.4328 0.4118 2.0551, -0.4338 0.4126 2.0674, -0.4733 0.3666 2.0584, -0.4885 0.3462 2.0721, -0.4874 0.3454 2.0598, -0.5215 0.2941 2.0632, -0.5321 0.2715 2.0645, -0.5333 0.272 2.0768, -0.5586 0.2154 2.0679, -0.5669 0.1925 2.0815, -0.5657 0.1921 2.0692, -0.5837 0.1332 2.0725, -0.5873 0.11 2.0737, -0.5885 0.1101 2.086, -0.5966 0.05 2.0768, -0.598 0.0276 2.0902, -0.5969 0.0276 2.0779, -0.5978 -0.0321 2.0808, -0.5951 -0.0539 2.0819, -0.5962 -0.0541 2.0942, -0.5875 -0.1152 2.085, -0.5828 -0.1368 2.0985, -0.5817 -0.1365 2.0862, -0.565 -0.1979 2.0895, -0.5563 -0.2181 2.0907, -0.5574 -0.2186 2.103, -0.5304 -0.2776 2.0943, -0.52 -0.2966 2.1078, -0.519 -0.296 2.0955, -0.4845 -0.3516 2.099, -0.4709 -0.3678 2.1002, -0.4718 -0.3685 2.1125, -0.4288 -0.4177 2.1037, -0.4143 -0.4321 2.1171, -0.4136 -0.4313 2.1048, -0.3654 -0.4742 2.1081, -0.3492 -0.485 2.1091, -0.3498 -0.4859 2.1214, -0.2966 -0.52 2.1122, -0.2803 -0.529 2.1254, -0.2799 -0.5281 2.1131, -0.222 -0.556 2.1163, -0.2042 -0.5617 2.1173, -0.2045 -0.5626 2.1295, -0.141 -0.5818 2.1207, -0.1228 -0.5859 2.134, -0.1226 -0.5849 2.1217, -0.0556 -0.5961 2.1254, -0.0373 -0.5965 2.1264, -0.0373 -0.5975 2.1387, 0.0315 -0.5978 2.1302, 0.0494 -0.5966 2.1435, 0.0492 -0.5956 2.1311, 0.1176 -0.587 2.1349, 0.1342 -0.5824 2.1358, 0.1345 -0.5834 2.1481, 0.2001 -0.5642 2.1394, 0.2155 -0.5585 2.1526, 0.2152 -0.5577 2.1402, 0.2767 -0.5309 2.1436, 0.2899 -0.5228 2.1444, 0.2903 -0.5236 2.1567, 0.3468 -0.488 2.1476, 0.3591 -0.479 2.1607, 0.3586 -0.4783 2.1484, 0.4119 -0.4344 2.1519, 0.4222 -0.4232 2.1527, 0.4228 -0.4238 2.165, 0.47 -0.3708 2.1565, 0.4791 -0.359 2.1696, 0.4784 -0.3584 2.1573, 0.5188 -0.2988 2.1613, 0.5251 -0.2857 2.1621, 0.5259 -0.2861 2.1744, 0.5566 -0.2204 2.166, 0.5616 -0.2073 2.1791, 0.5608 -0.2071 2.1668, 0.5825 -0.1383 2.1707, 0.5846 -0.1252 2.1713, 0.5854 -0.1253 2.1837, 0.5961 -0.055 2.175, 0.5972 -0.0426 2.1879, 0.5964 -0.0426 2.1756, 0.5981 0.0271 2.179, 0.5967 0.0389 2.1796, 0.5974 0.039 2.1918, 0.5885 0.1101 2.1832, 0.5862 0.1217 2.1961, 0.5855 0.1215 2.1838, 0.5668 0.1929 2.1877, 0.5622 0.2035 2.1883, 0.5629 0.2038 2.2006, 0.5329 0.2728 2.1924, 0.5277 0.2827 2.2053, 0.5271 0.2824 2.193, 0.4877 0.3473 2.1972, 0.4809 0.3555 2.1978, 0.4814 0.3559 2.2101, 0.4325 0.4139 2.2019, 0.4255 0.4212 2.2147, 0.425 0.4207 2.2024, 0.3695 0.4711 2.2063, 0.3617 0.4763 2.2068, 0.362 0.4768 2.2191, 0.301 0.5175 2.2104, 0.2934 0.5218 2.2231, 0.2932 0.5214 2.2108, 0.2268 0.554 2.2144, 0.2188 0.5567 2.2149, 0.2189 0.5572 2.2272, 0.1461 0.5806 2.2189, 0.1381 0.5825 2.2316, 0.138 0.582 2.2193, 0.0609 0.5956 2.2235, 0.0531 0.5958 2.224, 0.0531 0.5963 2.2363, -0.0262 0.5981 2.2283, -0.0335 0.5977 2.241, -0.0335 0.5972 2.2287, -0.1124 0.588 2.233, -0.119 0.5863 2.2334, -0.1191 0.5867 2.2457, -0.1952 0.566 2.2376, -0.2011 0.5639 2.2502, -0.2009 0.5635 2.2379, -0.2722 0.5332 2.2418, -0.277 0.5303 2.2421, -0.2772 0.5306 2.2544, -0.3426 0.491 2.2458, -0.3469 0.488 2.2583, -0.3466 0.4877 2.246, -0.4081 0.438 2.2501, -0.4114 0.4344 2.2503, -0.4117 0.4347 2.2626, -0.4667 0.375 2.2547, -0.4695 0.3715 2.2672, -0.4692 0.3713 2.2549, -0.5161 0.3034 2.2594, -0.5179 0.2998 2.2596, -0.5181 0.2999 2.2719, -0.5546 0.2254 2.2642, -0.556 0.2221 2.2767, -0.5557 0.222 2.2644, -0.5813 0.1434 2.2688, -0.5818 0.1404 2.269, -0.582 0.1404 2.2813, -0.5956 0.0601 2.2731, -0.5959 0.0577 2.2856, -0.5957 0.0577 2.2733, -0.5983 -0.022 2.2771, -0.5981 -0.024 2.2772, -0.5982 -0.024 2.2895, -0.5894 -0.1049 2.2813, -0.5891 -0.1065 2.2937, -0.589 -0.1065 2.2814, -0.5684 -0.1878 2.2858, -0.4907 -0.3429 2.2953, -0.3735 -0.4678 2.3045, -0.233 -0.5513 2.3125, -0.1512 -0.5793 2.317, -0.1532 -0.5786 2.3169, -0.1533 -0.5787 2.3292, -0.2316 -0.5521 2.3126, -0.2331 -0.5514 2.3248, -0.0688 -0.5945 2.3215, -0.0689 -0.5947 2.3338, -0.0662 -0.595 2.3217, 0.0177 -0.5984 2.3386, 0.1036 -0.5894 2.331, 0.0208 -0.5983 2.3264, 0.0177 -0.5982 2.3263, 0.1072 -0.589 2.3312, 0.1037 -0.5896 2.3433, 0.1864 -0.5686 2.3355, 0.1865 -0.5689 2.3478, 0.1903 -0.5676 2.3357, 0.2637 -0.5372 2.3397, 0.2677 -0.5355 2.34, 0.2638 -0.5374 2.3521, 0.3343 -0.4963 2.3437, 0.3344 -0.4966 2.356, 0.3384 -0.4939 2.3439, 0.4 -0.4449 2.3479, 0.4003 -0.4452 2.3602, 0.4043 -0.4416 2.3482, 0.4595 -0.3837 2.3648, 0.4592 -0.3835 2.3525, 0.4633 -0.3791 2.3528, 0.5777 -0.1554 2.3666, 0.5526 -0.2303 2.3623, 0.5499 -0.2367 2.3742, 0.5495 -0.2365 2.3619, 0.51 -0.3135 2.3695, 0.5134 -0.308 2.3576, 0.5096 -0.3133 2.3572, 0.58 -0.1485 2.3669, 0.5781 -0.1555 2.3789, 0.5938 -0.0727 2.3709, 0.5942 -0.0728 2.3832, 0.5951 -0.0653 2.3713, 0.5911 0.0913 2.379, 0.5903 0.0998 2.3795, 0.5917 0.0914 2.3913, 0.5723 0.1738 2.3835, 0.5728 0.174 2.3958, 0.5701 0.1828 2.384, 0.5414 0.2541 2.3881, 0.5377 0.2632 2.3887, 0.5419 0.2544 2.4004, 0.499 0.3296 2.3929, 0.4995 0.33 2.4052, 0.4938 0.3385 2.3934, 0.4464 0.3979 2.3976, 0.4398 0.4062 2.3981, 0.4469 0.3983 2.4099, 0.3855 0.4571 2.402, 0.386 0.4576 2.4144, 0.3776 0.4646 2.4026, 0.3186 0.5061 2.4062, 0.3096 0.5124 2.4067, 0.319 0.5066 2.4185, 0.2467 0.5447 2.4102, 0.247 0.5453 2.4225, 0.2363 0.5501 2.4108, 0.168 0.5738 2.4145, 0.1563 0.5779 2.4152, 0.1683 0.5745 2.4268, 0.0844 0.5919 2.4191, 0.0846 0.5927 2.4314, 0.0716 0.5944 2.4198, -0.0018 0.5978 2.4238, -0.0154 0.5985 2.4246, -0.0018 0.5987 2.4361, -0.088 0.5913 2.4285, -0.0881 0.5922 2.4409, -0.1019 0.5899 2.4293, -0.1715 0.5727 2.4331, -0.1853 0.5693 2.4339, -0.1717 0.5735 2.4454, -0.2498 0.5431 2.4374, -0.2501 0.5439 2.4497, -0.2631 0.5378 2.4381, -0.3214 0.5041 2.4414, -0.3342 0.4967 2.4421, -0.3219 0.5048 2.4537, -0.3881 0.4547 2.4456, -0.3886 0.4554 2.4579, -0.4004 0.4451 2.4464, -0.4486 0.395 2.4501, -0.4599 0.3832 2.4509, -0.4493 0.3957 2.4624, -0.5007 0.3264 2.4548, -0.5015 0.327 2.4671, -0.5106 0.3126 2.4557, -0.5426 0.2507 2.4595, -0.5505 0.2352 2.4605, -0.5435 0.2511 2.4718, -0.5729 0.1703 2.4641, -0.5739 0.1706 2.4765, -0.5786 0.1536 2.4651, -0.5912 0.0877 2.4686, -0.5945 0.0704 2.4695, -0.5922 0.0879 2.4809, -0.5977 0.0057 2.4726, -0.5986 0.0057 2.485, -0.5986 -0.0119 2.4735, -0.5928 -0.0761 2.4767, -0.5911 -0.0947 2.4776, -0.5938 -0.0762 2.489, -0.5761 -0.1587 2.4811, -0.5772 -0.1589 2.4934, -0.5717 -0.1777 2.4821, -0.5474 -0.2395 2.4857, -0.54 -0.2584 2.4868, -0.5485 -0.24 2.498, -0.5071 -0.316 2.4904, -0.5081 -0.3166 2.5027, -0.4968 -0.3341 2.4916, -0.4563 -0.3857 2.4951, -0.4433 -0.4023 2.4963, -0.4572 -0.3865 2.5075, -0.3969 -0.4467 2.4997, -0.3977 -0.4475 2.512, -0.3816 -0.4613 2.5008, -0.331 -0.4976 2.5039, -0.3139 -0.5098 2.5049, -0.3316 -0.4985 2.5162, -0.2602 -0.5379 2.5079, -0.2607 -0.5389 2.5202, -0.241 -0.548 2.5089, -0.1827 -0.5689 2.5121, -0.1614 -0.5765 2.5133, -0.1831 -0.57 2.5244, -0.0999 -0.589 2.5167, -0.1002 -0.5902 2.529, -0.0769 -0.5937 2.5179, -0.014 -0.5972 2.5214, 0.0101 -0.5986 2.5227, -0.0141 -0.5985 2.5337, 0.0723 -0.593 2.5261, 0.0724 -0.5943 2.5384, 0.0967 -0.5908 2.5274, 0.1564 -0.5766 2.5307, 0.1803 -0.5709 2.532, 0.1567 -0.5778 2.543, 0.2358 -0.549 2.5351, 0.2363 -0.5501 2.5474, 0.2585 -0.54 2.5363, 0.3086 -0.5116 2.5391, 0.3299 -0.4996 2.5403, 0.3092 -0.5127 2.5514, 0.376 -0.4642 2.5432, 0.3768 -0.4652 2.5555, 0.3965 -0.4486 2.5445, 0.4378 -0.4064 2.5477, 0.4565 -0.3873 2.5491, 0.4387 -0.4073 2.5599, 0.4916 -0.3393 2.5523, 0.4927 -0.3401 2.5646, 0.5078 -0.3172 2.5538, 0.5354 -0.2648 2.5571, 0.5484 -0.2401 2.5586, 0.5366 -0.2654 2.5694, 0.5679 -0.1851 2.5617, 0.5692 -0.1856 2.574, 0.5773 -0.1587 2.5632, 0.5884 -0.1028 2.5662, 0.5939 -0.0755 2.5676, 0.5897 -0.1031 2.5785, 0.5971 -0.0206 2.5703, 0.5983 -0.0206 2.5827, 0.5986 0.0069 2.5717, 0.5943 0.061 2.5744, 0.5919 0.0896 2.5758, 0.5956 0.0611 2.5866, 0.5798 0.1436 2.5787, 0.5811 0.1439 2.591, 0.5732 0.1727 2.5803, 0.5533 0.2249 2.5833, 0.5423 0.2536 2.5849, 0.5546 0.2254 2.5956, 0.5151 0.3023 2.588, 0.5163 0.303 2.6003, 0.4998 0.3296 2.5897, 0.4661 0.3734 2.5927, 0.4469 0.3984 2.5944, 0.4673 0.3743 2.605, 0.4081 0.4361 2.5973, 0.4091 0.4371 2.6096, 0.3856 0.458 2.5989, 0.3433 0.4888 2.6016, 0.3182 0.5071 2.6031, 0.3441 0.4899 2.6139, 0.2736 0.531 2.6056, 0.2742 0.5322 2.6178, 0.2457 0.5459 2.6071, 0.1973 0.5637 2.6098, 0.1664 0.5751 2.6114, 0.1978 0.5651 2.622, 0.1153 0.5859 2.6143, 0.1156 0.5874 2.6265, 0.0822 0.593 2.6161, 0.0299 0.5964 2.6189, -0.0047 0.5987 2.6208, 0.03 0.5979 2.6312, -0.0566 0.5945 2.6237, -0.0567 0.596 2.636, -0.0914 0.5917 2.6256, -0.1412 0.5802 2.6283, -0.2221 0.5559 2.645, -0.2216 0.5546 2.6327, -0.1415 0.5817 2.6406, -0.1753 0.5724 2.6302, -0.3639 0.4736 2.6409, -0.3257 0.5023 2.6385, -0.2963 0.5202 2.6491, -0.2957 0.519 2.6368, -0.2539 0.5422 2.6345, -0.3925 0.452 2.6427, -0.3648 0.4747 2.6531, -0.4269 0.4176 2.6453, -0.4279 0.4187 2.6575, -0.453 0.3914 2.6472, -0.4822 0.3521 2.6499, -0.5049 0.3217 2.6519, -0.4835 0.3531 2.6622, -0.528 0.2788 2.6546, -0.5294 0.2796 2.6669, -0.5462 0.245 2.6567, -0.5627 0.1999 2.6593, -0.5641 0.2005 2.6716, -0.5758 0.1638 2.6614, -0.5869 0.1183 2.6762, -0.5854 0.118 2.6638, -0.5932 0.0806 2.6658, -0.5976 0.0356 2.6804, -0.5962 0.0355 2.668, -0.5969 -0.046 2.6843, -0.5927 -0.0845 2.674, -0.5955 -0.0459 2.672, -0.5987 -0.0019 2.6699, -0.5027 -0.3251 2.6878, -0.5228 -0.2884 2.6856, -0.5242 -0.2892 2.6979, -0.5446 -0.2487 2.6831, -0.5604 -0.2107 2.6931, -0.5589 -0.2101 2.6808, -0.4757 -0.3609 2.6903, -0.477 -0.3618 2.7026, -0.4504 -0.3944 2.6926, -0.4203 -0.4263 2.7072, -0.3225 -0.5044 2.7013, -0.3555 -0.4799 2.6992, -0.3564 -0.481 2.7116, -0.3896 -0.4546 2.6971, -0.4193 -0.4252 2.6949, -0.1715 -0.5736 2.7096, -0.2118 -0.5584 2.7074, -0.2123 -0.5598 2.7197, -0.2504 -0.5438 2.7053, -0.2874 -0.5252 2.7156, -0.2867 -0.5239 2.7033, -0.1307 -0.5826 2.7118, -0.131 -0.5842 2.7241, -0.0874 -0.5923 2.7142, -0.0458 -0.5969 2.7288, -0.0457 -0.5953 2.7165, -0.0007 -0.5987 2.719, 0.0408 -0.5957 2.7212, 0.0409 -0.5973 2.7335, 0.0862 -0.5924 2.7237, 0.1263 -0.5852 2.7382, 0.2078 -0.5614 2.7427, 0.1703 -0.574 2.7283, 0.1259 -0.5837 2.7259, 0.3214 -0.5051 2.7366, 0.2827 -0.5262 2.7345, 0.2833 -0.5274 2.7468, 0.2493 -0.5443 2.7327, 0.2073 -0.5601 2.7304, 0.3517 -0.4827 2.7385, 0.3526 -0.4838 2.7508, 0.3886 -0.4554 2.7408, 0.4169 -0.4297 2.7551, 0.502 -0.3262 2.7501, 0.4728 -0.3648 2.7474, 0.474 -0.3657 2.7597, 0.4496 -0.3954 2.7454, 0.4158 -0.4286 2.7429, 0.5204 -0.2928 2.7522, 0.5218 -0.2935 2.7645, 0.544 -0.2499 2.7549, 0.5586 -0.2152 2.7692, 0.5925 -0.0857 2.764, 0.5822 -0.1331 2.7614, 0.5836 -0.1334 2.7738, 0.5744 -0.1688 2.7595, 0.5572 -0.2147 2.7569, 0.5951 -0.0506 2.7657, 0.5965 -0.0507 2.778, 0.5987 -0.0031 2.7681, 0.5979 0.031 2.782, 0.5965 0.0309 2.7697, 0.5934 0.0793 2.7721, 0.5864 0.1133 2.7739, 0.5878 0.1136 2.7862, 0.5762 0.1625 2.7765, 0.5657 0.1958 2.7907, 0.5643 0.1953 2.7784, 0.5468 0.2438 2.7812, 0.5303 0.2745 2.7831, 0.5317 0.2752 2.7954, 0.5056 0.3206 2.786, 0.4864 0.3491 2.8002, 0.3935 0.4512 2.7952, 0.4303 0.4142 2.7925, 0.4313 0.4152 2.8048, 0.4539 0.3904 2.7907, 0.4852 0.3482 2.7878, 0.3677 0.4707 2.7969, 0.3685 0.4718 2.8092, 0.3267 0.5017 2.7995, 0.3003 0.5179 2.8133, 0.2997 0.5167 2.801, 0.255 0.5416 2.8034, 0.226 0.5529 2.805, 0.2265 0.5542 2.8173, 0.1765 0.5721 2.8077, 0.1463 0.5805 2.8217, 0.1459 0.5791 2.8094, 0.0927 0.5915 2.8123, 0.0614 0.594 2.8141, 0.0616 0.5955 2.8264, 0.006 0.5986 2.8171, -0.025 0.5982 2.8311, -0.0249 0.5967 2.8188, -0.0809 0.5932 2.8219, -0.1106 0.5869 2.8235, -0.1109 0.5883 2.8358, -0.1652 0.5754 2.8265, -0.1933 0.5666 2.8403, -0.1928 0.5653 2.828, -0.2446 0.5464 2.8308, -0.2694 0.5332 2.8322, -0.27 0.5343 2.8445, -0.3172 0.5078 2.8348, -0.3402 0.4926 2.8485, -0.3395 0.4916 2.8362, -0.3846 0.4588 2.839, -0.4046 0.4394 2.8405, -0.4056 0.4404 2.8527, -0.446 0.3993 2.8435, -0.4642 0.3781 2.8573, -0.4631 0.3772 2.845, -0.4991 0.3307 2.8482, -0.5126 0.3066 2.8497, -0.5138 0.3072 2.862, -0.5418 0.2547 2.853, -0.5528 0.2299 2.8668, -0.5515 0.2294 2.8545, -0.5729 0.1739 2.8577, -0.5787 0.1483 2.8591, -0.58 0.1485 2.8714, -0.5917 0.0908 2.8621, -0.5951 0.0658 2.8757, -0.5938 0.0657 2.8634, -0.5986 0.0081 2.8662, -0.5973 -0.0159 2.8674, -0.5985 -0.016 2.8797, -0.5941 -0.0742 2.8703, -0.5905 -0.0984 2.8838, -0.5893 -0.0982 2.8715, -0.5776 -0.1574 2.8747, -0.5695 -0.1805 2.876, -0.5707 -0.1809 2.8883, -0.5489 -0.2389 2.8793, -0.5388 -0.261 2.893, -0.5376 -0.2604 2.8807, -0.5084 -0.3161 2.8841, -0.4944 -0.3353 2.8854, -0.4954 -0.3361 2.8977, -0.4573 -0.3863 2.8888, -0.442 -0.4037 2.9024, -0.4412 -0.4029 2.8901, -0.3974 -0.4477 2.8934, -0.3798 -0.4613 2.8945, -0.3805 -0.4622 2.9069, -0.331 -0.4989 2.8976, -0.3131 -0.5103 2.911, -0.3126 -0.5093 2.8987, -0.2596 -0.5394 2.9016, -0.2402 -0.5472 2.9027, -0.2406 -0.5482 2.915, -0.1815 -0.5705 2.9059, -0.1614 -0.5765 2.9193, -0.1611 -0.5754 2.907, -0.098 -0.5906 2.9105, -0.0772 -0.5925 2.9116, -0.0773 -0.5937 2.9239, -0.0114 -0.5986 2.9152, 0.0092 -0.5986 2.9287, 0.0091 -0.5975 2.9163, 0.0756 -0.5939 2.92, 0.0951 -0.59 2.9211, 0.0953 -0.591 2.9334, 0.1602 -0.5769 2.9246, 0.1786 -0.5714 2.9379, 0.1782 -0.5704 2.9256, 0.2399 -0.5485 2.929, 0.256 -0.5401 2.9299, 0.2565 -0.5409 2.9422, 0.3129 -0.5104 2.933, 0.3277 -0.501 2.9462, 0.3271 -0.5002 2.9339, 0.3806 -0.4621 2.9372, 0.3934 -0.45 2.9381, 0.3941 -0.4507 2.9504, 0.4425 -0.4033 2.9416, 0.4541 -0.3902 2.9549, 0.4533 -0.3895 2.9426, 0.4961 -0.3351 2.9463, 0.5046 -0.3203 2.9473, 0.5055 -0.3208 2.9596, 0.5395 -0.2596 2.9511, 0.5465 -0.2444 2.9643, 0.5456 -0.2441 2.952, 0.5713 -0.179 2.9558, 0.575 -0.1634 2.9567, 0.5759 -0.1636 2.969, 0.5909 -0.0959 2.9603, 0.5932 -0.0809 2.9734, 0.5923 -0.0808 2.961, 0.5985 -0.0132 2.9644, 0.5979 0.0011 2.9651, 0.5987 0.0011 2.9774, 0.5947 0.0691 2.9684, 0.5929 0.0832 2.9815, 0.592 0.0831 2.9692, 0.579 0.1523 2.9728, 0.5744 0.1657 2.9736, 0.5752 0.1659 2.9859, 0.551 0.234 2.9775, 0.5455 0.2467 2.9905, 0.5447 0.2463 2.9782, 0.5113 0.3115 2.9822, 0.5035 0.3223 2.983, 0.5042 0.3228 2.9953, 0.4608 0.3823 2.987, 0.4525 0.392 3.0, 0.4519 0.3915 2.9877, 0.4013 0.4442 2.9916, 0.3918 0.4517 2.9922, 0.3923 0.4523 3.0045, 0.3352 0.496 2.9958, 0.3258 0.5023 3.0087, 0.3254 0.5017 2.9964, 0.2642 0.5372 2.9998, 0.2541 0.5413 3.0003, 0.2544 0.5419 3.0126, 0.1865 0.5689 3.0041, 0.1763 0.5721 3.0169, 0.1761 0.5715 3.0046, 0.1032 0.5897 3.0086, 0.0929 0.5908 3.0092, 0.0929 0.5914 3.0215, 0.0167 0.5984 3.0134, 0.0067 0.5986 3.0262, 0.0067 0.598 3.0139, -0.0703 0.5945 3.0181, -0.0796 0.5927 3.0186, -0.0797 0.5933 3.0309, -0.1551 0.5782 3.0228, -0.1637 0.5759 3.0355, -0.1635 0.5753 3.0232, -0.2352 0.5505 3.0272, -0.2425 0.5468 3.0276, -0.2427 0.5473 3.0399, -0.3086 0.513 3.0312, -0.3148 0.5087 3.0316, -0.3766 0.4654 3.0353, -0.382 0.4604 3.0357, -0.4389 0.4072 3.0398, -0.5909 0.0961 3.0587, -0.5901 0.1011 3.0585, -0.571 0.1785 3.0543, -0.5697 0.184 3.054, -0.5394 0.2587 3.0496, -0.5371 0.2644 3.0492, -0.4964 0.3338 3.0448, -0.4931 0.3396 3.0445, -0.4433 0.4017 3.0402, -0.1327 0.5836 -0.4972, -0.2862 0.5258 -0.4887, -0.2139 0.5589 -0.4927, -0.2109 0.5603 -0.4929, -0.2889 0.5241 -0.4886, -0.4193 0.4273 -0.4804, -0.3578 0.4797 -0.4846, -0.3552 0.4819 -0.4848, -0.4216 0.4247 -0.4802, -0.5235 0.2905 -0.4711, -0.478 0.36 -0.4756, -0.4761 0.363 -0.4758, -0.525 0.2872 -0.4709, -0.5844 0.1301 -0.4618, -0.5609 0.2085 -0.4661, -0.5599 0.212 -0.4663, -0.5849 0.1265 -0.4616, -0.5977 -0.0342 -0.4536, -0.5968 0.0438 -0.4573, -0.5968 0.0474 -0.4575, -0.5972 -0.0379 -0.4534, -0.5646 -0.1991 -0.4448, -0.5861 -0.1205 -0.4492, -0.5872 -0.1169 -0.4494, -0.563 -0.2027 -0.4446, -0.4844 -0.3519 -0.4354, -0.5279 -0.2817 -0.4399, -0.5301 -0.2783 -0.4401, -0.4817 -0.355 -0.4352, -0.3659 -0.4738 -0.4264, -0.4259 -0.4204 -0.4305, -0.429 -0.4176 -0.4307, -0.3625 -0.4761 -0.4261, -0.2235 -0.5554 -0.4182, -0.2939 -0.5212 -0.4221, -0.2975 -0.5195 -0.4223, -0.2195 -0.5567 -0.418, -0.0581 -0.5958 -0.4092, -0.1387 -0.5821 -0.4136, -0.143 -0.5814 -0.4138, -0.0537 -0.596 -0.4089, 0.1142 -0.5877 -0.3997, 0.033 -0.5975 -0.4042, 0.0285 -0.598 -0.4044, 0.1186 -0.5865 -0.3995, 0.2729 -0.5328 -0.391, 0.2006 -0.5637 -0.395, 0.1965 -0.5655 -0.3952, 0.2768 -0.5305 -0.3908, 0.4081 -0.4381 -0.3828, 0.3464 -0.4879 -0.3869, 0.3429 -0.4907 -0.3871, 0.4113 -0.4346 -0.3826, 0.5156 -0.3043 -0.3735, 0.4691 -0.3714 -0.378, 0.4663 -0.3754 -0.3782, 0.5178 -0.2998 -0.3732, 0.5808 -0.1453 -0.3642, 0.5556 -0.222 -0.3685, 0.5541 -0.2267 -0.3688, 0.5816 -0.1404 -0.3639, 0.5984 0.0193 -0.3559, 0.5956 -0.0576 -0.3596, 0.5954 -0.0625 -0.3598, 0.5979 0.0241 -0.3556, 0.5696 0.1842 -0.3473, 0.5888 0.1066 -0.3515, 0.59 0.1017 -0.3517, 0.5677 0.189 -0.347, 0.4935 0.3389 -0.3378, 0.5346 0.2687 -0.3423, 0.5373 0.2641 -0.3426, 0.4901 0.3432 -0.3375, 0.3779 0.4643 -0.3287, 0.4358 0.41 -0.3329, 0.4397 0.4063 -0.3332, 0.3735 0.4674 -0.3284, 0.2376 0.5495 -0.3206, 0.3057 0.5144 -0.3243, 0.3103 0.512 -0.3246, 0.2324 0.5513 -0.3203, 0.0739 0.5941 -0.3116, 0.1526 0.5785 -0.3159, 0.1581 0.5774 -0.3162, 0.0681 0.5944 -0.3113, -0.0987 0.5905 -0.3022, -0.0184 0.598 -0.3066, -0.0126 0.5985 -0.3069, -0.1044 0.5891 -0.3019, -0.2595 0.5395 -0.2934, -0.1872 0.5683 -0.2973, -0.1818 0.5704 -0.2976, -0.2644 0.5367 -0.2931, -0.3966 0.4485 -0.2852, -0.335 0.4957 -0.2891, -0.3304 0.4992 -0.2894, -0.4008 0.4442 -0.2849, -0.5073 0.3179 -0.276, -0.4599 0.3826 -0.2803, -0.4563 0.3876 -0.2807, -0.5103 0.3123 -0.2756, -0.5768 0.1603 -0.2666, -0.55 0.2354 -0.2709, -0.5479 0.2413 -0.2712, -0.5781 0.1542 -0.2662, -0.5987 -0.0044 -0.2582, -0.594 0.0714 -0.2619, -0.5936 0.0776 -0.2622, -0.5982 -0.0104 -0.2579, -0.5743 -0.1692 -0.2497, -0.591 -0.0927 -0.2538, -0.5924 -0.0865 -0.2541, -0.572 -0.1753 -0.2493, -0.5023 -0.3257 -0.2403, -0.5409 -0.2557 -0.2446, -0.5441 -0.2498 -0.245, -0.4982 -0.3311 -0.2399, -0.3897 -0.4545 -0.2311, -0.4454 -0.3993 -0.2352, -0.4502 -0.3946 -0.2356, -0.3844 -0.4584 -0.2307, -0.2514 -0.5433 -0.2229, -0.3173 -0.5072 -0.2266, -0.323 -0.504 -0.2269, -0.2452 -0.5457 -0.2226, -0.0895 -0.5919 -0.2141, -0.1663 -0.5746 -0.2183, -0.1731 -0.5731 -0.2186, -0.0825 -0.5925 -0.2137, 0.0831 -0.5929 -0.2046, 0.0039 -0.5982 -0.2089, -0.0033 -0.5987 -0.2093, 0.0901 -0.5914 -0.2042, 0.2457 -0.5459 -0.1957, 0.1736 -0.5725 -0.1996, 0.1669 -0.5749 -0.2, 0.2519 -0.5426 -0.1953, 0.3849 -0.4586 -0.1876, 0.3235 -0.5032 -0.1914, 0.3178 -0.5074 -0.1917, 0.3901 -0.4535 -0.1872, 0.4987 -0.3312 -0.1784, 0.4505 -0.3935 -0.1827, 0.4459 -0.3994 -0.1831, 0.5025 -0.3246 -0.178, 0.5724 -0.1754 -0.169, 0.5441 -0.2486 -0.1732, 0.5413 -0.2557 -0.1736, 0.5741 -0.168 -0.1686, 0.5986 -0.0105 -0.1604, 0.5921 -0.0853 -0.1642, 0.5914 -0.0928 -0.1645, 0.5982 -0.0032 -0.1601, 0.5785 0.1541 -0.1521, 0.593 0.0788 -0.156, 0.5944 0.0714 -0.1564, 0.5759 0.1615 -0.1517, 0.5108 0.3123 -0.1427, 0.5468 0.2424 -0.147, 0.5505 0.2353 -0.1475, 0.5061 0.3189 -0.1423, 0.4013 0.4442 -0.1335, 0.4549 0.3884 -0.1376, 0.4605 0.3826 -0.138, 0.395 0.4492 -0.133, 0.265 0.5368 -0.1253, 0.3288 0.4997 -0.1288, 0.3356 0.4958 -0.1292, 0.2577 0.5398 -0.1249, 0.1051 0.5894 -0.1165, 0.1799 0.5704 -0.1206, 0.1878 0.5684 -0.121, 0.0968 0.5902 -0.116, -0.0674 0.5949 -0.107, 0.0107 0.598 -0.1113, 0.0191 0.5984 -0.1118, -0.0758 0.5933 -0.1066, -0.2318 0.552 -0.098, -0.1599 0.5764 -0.102, -0.1519 0.5791 -0.1024, -0.2392 0.5482 -0.0976, -0.373 0.4683 -0.0899, -0.3118 0.5105 -0.0936, -0.3051 0.5151 -0.094, -0.3792 0.4625 -0.0895, -0.4898 0.3443 -0.0808, -0.4409 0.4042 -0.085, -0.4353 0.411 -0.0855, -0.4944 0.3366 -0.0804, -0.5676 0.1903 -0.0714, -0.5378 0.2617 -0.0756, -0.5343 0.27 -0.0761, -0.5698 0.1817 -0.0709, -0.5981 0.0254 -0.0627, -0.5898 0.0992 -0.0665, -0.5889 0.1079 -0.0669, -0.5979 0.0168 -0.0623, -0.5823 -0.139 -0.0545, -0.5946 -0.065 -0.0583, -0.596 -0.0563 -0.0588, -0.5796 -0.1477 -0.054, -0.5189 -0.2986 -0.0452, -0.5525 -0.2291 -0.0494, -0.5565 -0.2207 -0.0499, -0.5136 -0.3064 -0.0446, -0.4127 -0.4337 -0.0358, -0.4641 -0.3773 -0.0399, -0.4704 -0.3703 -0.0404, -0.4055 -0.4396 -0.0354, -0.2784 -0.53 -0.0276, -0.3402 -0.4919 -0.0311, -0.348 -0.4871 -0.0315, -0.2701 -0.5337 -0.0271, -0.1206 -0.5864 -0.0189, -0.1934 -0.566 -0.0229, -0.2024 -0.5634 -0.0234, -0.111 -0.5877 -0.0184, 0.0516 -0.5964 -0.0095, -0.0252 -0.5975 -0.0137, -0.035 -0.5976 -0.0142, 0.0614 -0.5949 -0.0089, 0.2176 -0.5577 -0.0004, 0.1461 -0.58 -0.0043, 0.1367 -0.5829 -0.0048, 0.2263 -0.5536 0.0001, 0.3609 -0.4777 0.0077, 0.3001 -0.5174 0.0042, 0.2922 -0.5225 0.0037, 0.3682 -0.4713 0.0082, 0.4805 -0.3571 0.0167, 0.431 -0.4146 0.0126, 0.4244 -0.4222 0.0121, 0.486 -0.3485 0.0173, 0.5624 -0.2052 0.0262, 0.5312 -0.2746 0.022, 0.527 -0.284 0.0215, 0.5652 -0.1953 0.0267, 0.5973 -0.0404 0.035, 0.5873 -0.113 0.0312, 0.5859 -0.1231 0.0307, 0.5973 -0.0305 0.0354, 0.5857 0.1239 0.0431, 0.5959 0.0511 0.0394, 0.5973 0.0412 0.0389, 0.5829 0.1338 0.0437, 0.5266 0.2848 0.0524, 0.5578 0.2156 0.0483, 0.5621 0.206 0.0477, 0.5208 0.2938 0.053, 0.4239 0.4228 0.0618, 0.473 0.3659 0.0577, 0.48 0.3578 0.0571, 0.4158 0.4298 0.0623, 0.2915 0.5229 0.0701, 0.3515 0.4838 0.0666, 0.3603 0.4781 0.0661, 0.2822 0.5273 0.0707, 0.1359 0.583 0.0787, 0.2067 0.5612 0.0748, 0.2169 0.558 0.0742, 0.1251 0.5848 0.0793, -0.0358 0.5976 0.0881, 0.0397 0.5967 0.0839, 0.0508 0.5965 0.0833, -0.0469 0.5961 0.0887, -0.2032 0.5631 0.0973, -0.1321 0.5832 0.0934, -0.1214 0.5862 0.0928, -0.2132 0.5587 0.0978, -0.3486 0.4867 0.1054, -0.2882 0.524 0.1019, -0.2791 0.5296 0.1014, -0.3571 0.4797 0.1059, -0.4709 0.3697 0.1143, -0.4209 0.4248 0.1103, -0.4133 0.4331 0.1097, -0.4773 0.3601 0.1149, -0.5568 0.2199 0.1237, -0.5243 0.2874 0.1197, -0.5193 0.2979 0.119, -0.5603 0.2089 0.1244, -0.5961 0.0555 0.1326, -0.5844 0.1269 0.1289, -0.5825 0.1382 0.1283, -0.5964 0.0442 0.1332, -0.5887 -0.1087 0.1408, -0.5968 -0.0373 0.1372, -0.5981 -0.0262 0.1366, -0.5858 -0.12 0.1414, -0.534 -0.2707 0.15, -0.5628 -0.2021 0.1459, -0.5674 -0.1911 0.1453, -0.5278 -0.281 0.1506, -0.4348 -0.4116 0.1594, -0.4817 -0.3543 0.1554, -0.4893 -0.345 0.1547, -0.4259 -0.4197 0.16, -0.3044 -0.5155 0.1679, -0.3626 -0.4755 0.1644, -0.3724 -0.4688 0.1638, -0.2942 -0.5206 0.1684, -0.1511 -0.5793 0.1763, -0.2198 -0.5561 0.1725, -0.231 -0.5523 0.1719, -0.1391 -0.5815 0.1769, 0.02 -0.5983 0.1856, -0.0542 -0.5954 0.1816, -0.0666 -0.595 0.1809, 0.0324 -0.597 0.1863, 0.1886 -0.5682 0.1949, 0.118 -0.5862 0.191, 0.1059 -0.5892 0.1904, 0.2 -0.5635 0.1955, 0.3362 -0.4953 0.2031, 0.2761 -0.5304 0.1997, 0.2657 -0.5365 0.1991, 0.3458 -0.4878 0.2037, 0.461 -0.382 0.2119, 0.4106 -0.4346 0.208, 0.4019 -0.4437 0.2073, 0.4684 -0.3715 0.2126, 0.5508 -0.2346 0.2213, 0.5171 -0.3001 0.2173, 0.5112 -0.3116 0.2166, 0.555 -0.2223 0.222, 0.5945 -0.0706 0.2303, 0.5811 -0.1408 0.2266, 0.5787 -0.1534 0.2259, 0.5951 -0.058 0.2309, 0.5913 0.0936 0.2384, 0.5975 0.0236 0.2349, 0.5986 0.0113 0.2343, 0.5884 0.1061 0.2391, 0.541 0.2565 0.2475, 0.5674 0.1884 0.2436, 0.5722 0.1761 0.2428, 0.5344 0.2681 0.2482, 0.4454 0.4 0.2569, 0.49 0.3425 0.253, 0.4983 0.3319 0.2523, 0.4358 0.4093 0.2576, 0.3172 0.5078 0.2656, 0.3736 0.4668 0.2621, 0.3843 0.4591 0.2614, 0.3059 0.5138 0.2662, 0.1661 0.5752 0.2739, 0.2327 0.5508 0.2702, 0.245 0.5462 0.2695, 0.1529 0.578 0.2746, -0.0041 0.5987 0.2832, 0.0686 0.5939 0.2792, 0.0823 0.593 0.2785, -0.0179 0.5976 0.284, -0.1738 0.5729 0.2925, -0.1038 0.5888 0.2887, -0.0903 0.5918 0.2879, -0.1866 0.568 0.2932, -0.3237 0.5036 0.3007, -0.2638 0.5366 0.2974, -0.2521 0.543 0.2968, -0.3344 0.4956 0.3014, -0.4508 0.394 0.3094, -0.4001 0.4442 0.3057, -0.3903 0.4539 0.3049, -0.4593 0.3827 0.3102, -0.5444 0.249 0.3189, -0.5096 0.3125 0.3149, -0.5028 0.325 0.3141, -0.5494 0.2357 0.3197, -0.5925 0.0857 0.3279, -0.5775 0.1546 0.3243, -0.5745 0.1684 0.3235, -0.5935 0.0719 0.3286, -0.5935 -0.0784 0.336, -0.5978 -0.01 0.3327, -0.5987 0.0036 0.332, -0.5907 -0.0922 0.3368, -0.5476 -0.242 0.3451, -0.5717 -0.1747 0.3412, -0.5766 -0.1611 0.3404, -0.5407 -0.255 0.3459, -0.4558 -0.3882 0.3545, -0.4982 -0.3304 0.3506, -0.5069 -0.3185 0.3498, -0.4455 -0.3987 0.3553, -0.3298 -0.4997 0.3633, -0.3845 -0.4578 0.3598, -0.396 -0.449 0.359, -0.3175 -0.5066 0.3639, -0.181 -0.5707 0.3715, -0.2455 -0.5451 0.3679, -0.2588 -0.5399 0.3672, -0.1667 -0.5741 0.3723, -0.0118 -0.5986 0.3808, -0.0829 -0.592 0.3769, -0.0979 -0.5906 0.376, 0.0034 -0.5978 0.3816, 0.1589 -0.5772 0.3901, 0.0896 -0.591 0.3863, 0.0747 -0.594 0.3855, 0.173 -0.5722 0.3909, 0.311 -0.5116 0.3984, 0.2513 -0.5425 0.3952, 0.2383 -0.5492 0.3945, 0.3229 -0.5032 0.3992, 0.4403 -0.4057 0.407, 0.3895 -0.4535 0.4034, 0.3785 -0.4638 0.4026, 0.4499 -0.3936 0.4079, 0.5376 -0.2634 0.4164, 0.5018 -0.3248 0.4125, 0.494 -0.3382 0.4117, 0.5435 -0.2489 0.4173, 0.5901 -0.1009 0.4256, 0.5736 -0.1683 0.4219, 0.5699 -0.1834 0.4211, 0.5916 -0.0857 0.4263, 0.5953 0.0633 0.4337, 0.5978 -0.0036 0.4304, 0.5984 -0.0185 0.4297, 0.5926 0.0783 0.4345, 0.5538 0.2275 0.4426, 0.5757 0.1609 0.4389, 0.5806 0.146 0.438, 0.5466 0.2418 0.4435, 0.4658 0.3761 0.4521, 0.506 0.3182 0.4483, 0.5152 0.305 0.4474, 0.4549 0.3878 0.453, 0.3423 0.4912 0.4609, 0.3952 0.4485 0.4575, 0.4075 0.4386 0.4567, 0.329 0.4991 0.4617, 0.1957 0.5658 0.4691, 0.258 0.5393 0.4657, 0.2722 0.5332 0.4649, 0.1803 0.5699 0.4699, 0.0277 0.598 0.4783, 0.0972 0.5898 0.4745, 0.1134 0.5878 0.4736, 0.0112 0.5976 0.4792, -0.1437 0.5812 0.4877, -0.0752 0.593 0.4839, -0.059 0.5958 0.4831, -0.1593 0.5761 0.4886, -0.2982 0.5191 0.4962, -0.2386 0.5481 0.4929, -0.2242 0.5551 0.4921, -0.3112 0.5104 0.4969, -0.4295 0.417 0.5046, -0.3786 0.4625 0.5011, -0.3665 0.4734 0.5002, -0.4402 0.4043 0.5055, -0.5305 0.2775 0.514, -0.4937 0.3368 0.5102, -0.4848 0.3512 0.5092, -0.5372 0.262 0.5149, -0.5873 0.1161 0.5232, -0.5693 0.182 0.5196, -0.5649 0.1983 0.5187, -0.5894 0.0996 0.5241, -0.5967 -0.0482 0.5314, -0.5975 0.0173 0.5282, -0.5977 0.0334 0.5274, -0.5943 -0.0644 0.5322, -0.5596 -0.2128 0.5402, -0.5793 -0.1471 0.5365, -0.5842 -0.1309 0.5356, -0.5523 -0.2284 0.5411, -0.4756 -0.3636 0.5497, -0.5135 -0.3058 0.5459, -0.5231 -0.2912 0.5449, -0.4641 -0.3766 0.5506, -0.3546 -0.4824 0.5586, -0.4056 -0.439 0.5552, -0.4187 -0.4279 0.5543, -0.3404 -0.4914 0.5594, -0.2102 -0.5606 0.5667, -0.2704 -0.5331 0.5634, -0.2855 -0.5262 0.5626, -0.1937 -0.5654 0.5676, -0.0435 -0.5971 0.5759, -0.1114 -0.5872 0.5721, -0.1288 -0.5847 0.5712, -0.0257 -0.5971 0.5768, 0.1285 -0.5847 0.5853, 0.0608 -0.5945 0.5816, 0.0432 -0.5971 0.5806, 0.1455 -0.5797 0.5862, 0.2852 -0.5264 0.5939, 0.2257 -0.5535 0.5906, 0.2099 -0.5607 0.5898, 0.2995 -0.5173 0.5947, 0.4185 -0.4281 0.6022, 0.3676 -0.4713 0.5988, 0.3543 -0.4825 0.5979, 0.4304 -0.4147 0.6032, 0.5229 -0.2915 0.6115, 0.4854 -0.3487 0.6078, 0.4754 -0.3639 0.6068, 0.5306 -0.2749 0.6125, 0.5841 -0.1312 0.6208, 0.5647 -0.1956 0.6172, 0.5595 -0.2131 0.6163, 0.5868 -0.1135 0.6218, 0.5978 0.0331 0.6291, 0.5969 -0.0309 0.626, 0.5967 -0.0485 0.6251, 0.5956 0.0506 0.6299, 0.565 0.198 0.6378, 0.5826 0.1333 0.6342, 0.5874 0.1158 0.6333, 0.5576 0.215 0.6388, 0.485 0.3509 0.6472, 0.5208 0.2932 0.6435, 0.5306 0.2772 0.6425, 0.473 0.3653 0.6482, 0.3668 0.4732 0.6563, 0.4159 0.4292 0.6528, 0.4297 0.4168 0.6519, 0.3517 0.4833 0.6572, 0.2245 0.555 0.6644, 0.2825 0.5267 0.6612, 0.2985 0.519 0.6603, 0.207 0.5607 0.6653, 0.0593 0.5957 0.6734, 0.1255 0.5843 0.6698, 0.1441 0.5811 0.6688, 0.0402 0.5962 0.6745, -0.1131 0.5879 0.6829, -0.0464 0.5958 0.6792, -0.0273 0.5981 0.6782, -0.1315 0.583 0.6839, -0.272 0.5333 0.6916, -0.2127 0.5585 0.6883, -0.1954 0.5659 0.6874, -0.2876 0.5239 0.6925, -0.4072 0.4388 0.6998, -0.3565 0.4797 0.6965, -0.342 0.4914 0.6955, -0.4203 0.4249 0.7008, -0.515 0.3053 0.7091, -0.4767 0.3603 0.7054, -0.4656 0.3763 0.7044, -0.5238 0.2877 0.7102, -0.5805 0.1464 0.7184, -0.5598 0.2092 0.7149, -0.5536 0.2278 0.7138, -0.5839 0.1273 0.7194, -0.5984 -0.0182 0.7268, -0.596 0.0447 0.7237, -0.5953 0.0636 0.7228, -0.5965 -0.0368 0.7277, -0.57 -0.1831 0.7354, -0.5856 -0.1194 0.7319, -0.5902 -0.1006 0.7309, -0.5626 -0.2015 0.7364, -0.4942 -0.338 0.7448, -0.5277 -0.2804 0.7411, -0.5378 -0.2631 0.74, -0.4817 -0.3537 0.7459, -0.3788 -0.4636 0.7539, -0.426 -0.4191 0.7505, -0.4405 -0.4054 0.7495, -0.3628 -0.4749 0.7549, -0.2386 -0.5491 0.762, -0.2944 -0.5201 0.759, -0.3113 -0.5114 0.758, -0.2201 -0.5556 0.763, -0.075 -0.594 0.771, -0.1395 -0.5811 0.7675, -0.1592 -0.5771 0.7664, -0.0546 -0.595 0.7721, 0.0976 -0.5907 0.7804, 0.0319 -0.5967 0.7768, 0.0115 -0.5986 0.7757, 0.1175 -0.5859 0.7815, 0.2585 -0.54 0.7893, 0.1994 -0.5634 0.786, 0.1807 -0.5708 0.785, 0.2756 -0.5303 0.7902, 0.3957 -0.4492 0.7974, 0.3452 -0.4878 0.7942, 0.3295 -0.4998 0.7932, 0.41 -0.4347 0.7985, 0.5067 -0.3188 0.8067, 0.4678 -0.3717 0.8031, 0.4555 -0.3884 0.802, 0.5166 -0.3003 0.8078, 0.5765 -0.1614 0.816, 0.5545 -0.2226 0.8125, 0.5474 -0.2423 0.8114, 0.5807 -0.1412 0.8171, 0.5987 0.0033 0.8245, 0.5948 -0.0585 0.8214, 0.5935 -0.0787 0.8204, 0.5972 0.0231 0.8254, 0.5746 0.1681 0.8329, 0.5882 0.1055 0.8296, 0.5925 0.0854 0.8285, 0.5672 0.1878 0.8341, 0.5029 0.3248 0.8423, 0.5343 0.2675 0.8388, 0.5445 0.2488 0.8376, 0.49 0.3419 0.8435, 0.3906 0.4537 0.8515, 0.4359 0.4087 0.8482, 0.451 0.3937 0.847, 0.3738 0.4662 0.8526, 0.2524 0.5429 0.8597, 0.3061 0.5133 0.8567, 0.3239 0.5035 0.8557, 0.233 0.5503 0.8608, 0.0907 0.5918 0.8686, 0.1533 0.5775 0.8651, 0.1741 0.5728 0.864, 0.069 0.5935 0.8697, -0.082 0.593 0.878, -0.0174 0.5972 0.8745, 0.0044 0.5987 0.8733, -0.1033 0.5885 0.8792, -0.2447 0.5464 0.8869, -0.186 0.5679 0.8837, -0.1658 0.5753 0.8826, -0.2633 0.5365 0.888, -0.384 0.4593 0.8951, -0.3338 0.4957 0.892, -0.3169 0.5079 0.8909, -0.3995 0.4443 0.8962, -0.4981 0.3321 0.9042, -0.4587 0.3829 0.9007, -0.4452 0.4003 0.8995, -0.5091 0.3128 0.9054, -0.5721 0.1765 0.9136, -0.5489 0.236 0.9102, -0.5408 0.2568 0.909, -0.5771 0.155 0.9148, -0.5986 0.0116 0.9222, -0.5932 0.0723 0.9192, -0.5913 0.0939 0.9181, -0.5975 -0.0095 0.9232, -0.5788 -0.153 0.9305, -0.5905 -0.0916 0.9273, -0.5945 -0.0703 0.9262, -0.5715 -0.1741 0.9317, -0.5114 -0.3113 0.9399, -0.5406 -0.2544 0.9364, -0.5509 -0.2343 0.9352, -0.4982 -0.3298 0.9411, -0.4022 -0.4435 0.9492, -0.4456 -0.3981 0.9458, -0.4612 -0.3817 0.9446, -0.3847 -0.4573 0.9503, -0.266 -0.5363 0.9574, -0.3177 -0.5061 0.9545, -0.3365 -0.4952 0.9534, -0.2458 -0.5447 0.9585, -0.1062 -0.5892 0.9661, -0.1671 -0.5737 0.9628, -0.1889 -0.5681 0.9616, -0.0834 -0.5916 0.9674, 0.0663 -0.595 0.9756, 0.0029 -0.5974 0.9721, -0.0203 -0.5983 0.9708, 0.089 -0.5908 0.9768, 0.2308 -0.5524 0.9846, 0.1725 -0.5721 0.9814, 0.1508 -0.5794 0.9802, 0.2508 -0.5424 0.9857, 0.3721 -0.469 0.9927, 0.3223 -0.5032 0.9897, 0.3042 -0.5157 0.9886, 0.3889 -0.4536 0.9939, 0.4891 -0.3452 1.0018, 0.4493 -0.3938 0.9984, 0.4345 -0.4118 0.9971, 0.5013 -0.325 1.0031, 0.5673 -0.1914 1.0112, 0.543 -0.2492 1.0078, 0.5338 -0.271 1.0065, 0.5732 -0.1687 1.0125, 0.5981 -0.0265 1.0199, 0.5913 -0.0862 1.0169, 0.5887 -0.109 1.0157, 0.5975 -0.0041 1.021, 0.5826 0.1379 1.0281, 0.5924 0.0778 1.025, 0.5961 0.0552 1.0238, 0.5755 0.1604 1.0294, 0.5194 0.2976 1.0375, 0.5466 0.2412 1.034, 0.5569 0.2196 1.0327, 0.506 0.3176 1.0388, 0.4135 0.4329 1.0468, 0.455 0.3872 1.0435, 0.4711 0.3694 1.0422, 0.3953 0.448 1.048, 0.2794 0.5295 1.0551, 0.3293 0.4986 1.0522, 0.3489 0.4865 1.0511, 0.2583 0.5388 1.0562, 0.1217 0.5862 1.0637, 0.1806 0.5695 1.0605, 0.2035 0.563 1.0592, 0.0976 0.5894 1.065, -0.0505 0.5965 1.0731, 0.0116 0.5973 1.0697, 0.0362 0.5976 1.0684, -0.0747 0.5927 1.0745, -0.2166 0.5581 1.0822, -0.1588 0.576 1.0791, -0.1356 0.5831 1.0778, -0.2381 0.548 1.0834, -0.36 0.4783 1.0903, -0.3107 0.5104 1.0875, -0.2913 0.523 1.0863, -0.3781 0.4626 1.0916, -0.4798 0.358 1.0993, -0.4397 0.4045 1.096, -0.4236 0.423 1.0947, -0.4932 0.3371 1.1007, -0.562 0.2063 1.1088, -0.5367 0.2623 1.1054, -0.5265 0.2851 1.1041, -0.5689 0.1824 1.1101, -0.5972 0.0415 1.1176, -0.589 0.1 1.1146, -0.5856 0.1242 1.1133, -0.5973 0.0177 1.1187, -0.5859 -0.1228 1.1258, -0.594 -0.0639 1.1227, -0.5973 -0.0401 1.1215, -0.5792 -0.1466 1.1271, -0.5272 -0.2838 1.135, -0.5522 -0.2279 1.1317, -0.5625 -0.2049 1.1303, -0.5135 -0.3052 1.1364, -0.4247 -0.422 1.1444, -0.4642 -0.3761 1.1411, -0.4807 -0.3569 1.1398, -0.4058 -0.4385 1.1457, -0.2925 -0.5224 1.1528, -0.3407 -0.4909 1.15, -0.3612 -0.4775 1.1488, -0.2707 -0.5327 1.154, -0.137 -0.5828 1.1613, -0.1941 -0.565 1.1582, -0.2179 -0.5576 1.1569, -0.1118 -0.5868 1.1627, 0.0347 -0.5977 1.1707, -0.0262 -0.5968 1.1674, -0.052 -0.5964 1.166, 0.0603 -0.5943 1.1721, 0.2021 -0.5635 1.1799, 0.1449 -0.5796 1.1767, 0.1202 -0.5865 1.1754, 0.2252 -0.5534 1.1811, 0.3478 -0.4873 1.188, 0.299 -0.5173 1.1852, 0.2782 -0.5301 1.184, 0.3671 -0.4714 1.1893, 0.4702 -0.3706 1.1969, 0.4298 -0.4149 1.1937, 0.4125 -0.4339 1.1923, 0.4849 -0.3489 1.1983, 0.5564 -0.221 1.2064, 0.5302 -0.2752 1.2031, 0.5187 -0.2989 1.2016, 0.5643 -0.196 1.2078, 0.596 -0.0566 1.2153, 0.5865 -0.1139 1.2123, 0.5822 -0.1393 1.2109, 0.5967 -0.0314 1.2165, 0.5889 0.1076 1.2234, 0.5953 0.0501 1.2205, 0.5981 0.0251 1.2192, 0.5825 0.1328 1.2248, 0.5345 0.2697 1.2326, 0.5575 0.2145 1.2293, 0.5677 0.19 1.2279, 0.5208 0.2926 1.234, 0.4355 0.4107 1.242, 0.4731 0.3647 1.2388, 0.49 0.344 1.2373, 0.4161 0.4286 1.2434, 0.3053 0.515 1.2505, 0.3519 0.4828 1.2477, 0.3732 0.4681 1.2464, 0.2828 0.5263 1.2517, 0.1522 0.579 1.2589, 0.2074 0.5603 1.2559, 0.2321 0.5519 1.2545, 0.1259 0.5839 1.2603, -0.0188 0.5984 1.2683, 0.0406 0.5959 1.265, 0.0677 0.5948 1.2635, -0.0459 0.5956 1.2697, -0.1875 0.5685 1.2775, -0.131 0.5828 1.2744, -0.1048 0.5894 1.273, -0.2121 0.5585 1.2788, -0.3353 0.4959 1.2857, -0.2871 0.524 1.283, -0.2648 0.5369 1.2817, -0.356 0.4798 1.287, -0.4603 0.3829 1.2945, -0.4198 0.425 1.2914, -0.4011 0.4444 1.2899, -0.4762 0.3605 1.296, -0.5504 0.2356 1.3039, -0.5233 0.288 1.3007, -0.5106 0.3126 1.2992, -0.5594 0.2096 1.3054, -0.5944 0.0717 1.3129, -0.5836 0.1277 1.31, -0.5784 0.1544 1.3086, -0.5957 0.0451 1.3142, -0.5915 -0.0925 1.321, -0.5963 -0.0364 1.3182, -0.5986 -0.0102 1.3169, -0.5854 -0.1189 1.3224, -0.5415 -0.2554 1.3301, -0.5625 -0.2009 1.327, -0.5725 -0.1751 1.3255, -0.5277 -0.2799 1.3317, -0.4462 -0.3992 1.3396, -0.4817 -0.3531 1.3364, -0.4989 -0.3309 1.3349, -0.4262 -0.4186 1.341, -0.3181 -0.5072 1.3482, -0.3631 -0.4744 1.3454, -0.3851 -0.4584 1.344, -0.2947 -0.5197 1.3495, -0.1672 -0.5748 1.3565, -0.2205 -0.5552 1.3536, -0.246 -0.5458 1.3522, -0.1399 -0.5807 1.358, 0.0029 -0.5987 1.3658, -0.0551 -0.5947 1.3626, -0.0834 -0.5928 1.3611, 0.0314 -0.5965 1.3674, 0.1727 -0.5732 1.3751, 0.1169 -0.5858 1.3721, 0.0892 -0.592 1.3705, 0.1989 -0.5633 1.3765, 0.3228 -0.5042 1.3834, 0.2751 -0.5304 1.3807, 0.2511 -0.5435 1.3794, 0.3447 -0.4879 1.3847, 0.45 -0.3948 1.3921, 0.4095 -0.4349 1.389, 0.3895 -0.4547 1.3876, 0.4673 -0.3719 1.3936, 0.5439 -0.2501 1.4015, 0.5161 -0.3006 1.3983, 0.5021 -0.326 1.3967, 0.5541 -0.223 1.4031, 0.5923 -0.0868 1.4106, 0.5803 -0.1416 1.4076, 0.5742 -0.1695 1.4061, 0.5945 -0.0589 1.412, 0.5937 0.0773 1.4187, 0.597 0.0227 1.416, 0.5987 -0.0047 1.4146, 0.588 0.105 1.4201, 0.548 0.241 1.4277, 0.5672 0.1873 1.4246, 0.5769 0.16 1.4231, 0.5343 0.2669 1.4293, 0.4565 0.3873 1.4371, 0.4901 0.3413 1.434, 0.5075 0.3176 1.4324, 0.4361 0.4082 1.4387, 0.3307 0.4991 1.4459, 0.3741 0.4658 1.4431, 0.3968 0.4483 1.4417, 0.3064 0.5129 1.4472, 0.1821 0.5703 1.4541, 0.2334 0.5499 1.4513, 0.2597 0.5394 1.4498, 0.1537 0.5772 1.4556, 0.0129 0.5985 1.4634, 0.0695 0.5932 1.4603, 0.099 0.5904 1.4586, -0.0169 0.597 1.465, -0.1578 0.5775 1.4727, -0.1028 0.5884 1.4697, -0.0736 0.5941 1.4681, -0.1855 0.5678 1.4742, -0.3101 0.5121 1.4811, -0.2628 0.5365 1.4785, -0.2373 0.5497 1.4771, -0.3333 0.4957 1.4825, -0.4395 0.4065 1.4896, -0.399 0.4445 1.4867, -0.3777 0.4645 1.4852, -0.4582 0.3831 1.4913, -0.5371 0.2644 1.4991, -0.5086 0.3131 1.496, -0.4933 0.3392 1.4943, -0.5485 0.2363 1.5007, -0.5899 0.102 1.5082, -0.5767 0.1554 1.5053, -0.5695 0.1845 1.5037, -0.5929 0.0727 1.5097, -0.5954 -0.0622 1.5163, -0.5973 -0.009 1.5137, -0.5984 0.0196 1.5124, -0.5903 -0.0911 1.5178, -0.5542 -0.2264 1.5253, -0.5715 -0.1736 1.5223, -0.5809 -0.1449 1.5207, -0.5406 -0.2539 1.5269, -0.4665 -0.3752 1.5347, -0.4982 -0.3293 1.5317, -0.5157 -0.304 1.53, -0.4457 -0.3976 1.5363, -0.3432 -0.4906 1.5436, -0.3849 -0.4568 1.5408, -0.4083 -0.4378 1.5393, -0.318 -0.5057 1.545, -0.1968 -0.5654 1.5517, -0.2461 -0.5443 1.549, -0.2732 -0.5327 1.5475, -0.1675 -0.5733 1.5533, -0.0288 -0.598 1.5609, -0.0838 -0.5913 1.5579, -0.1145 -0.5876 1.5562, 0.0024 -0.5972 1.5626, 0.1426 -0.5814 1.5703, 0.0885 -0.5906 1.5674, 0.0578 -0.5959 1.5657, 0.1719 -0.572 1.5719, 0.2973 -0.5196 1.5788, 0.2503 -0.5424 1.5762, 0.2232 -0.5555 1.5747, 0.3218 -0.5033 1.5802, 0.4287 -0.4179 1.5872, 0.3884 -0.4538 1.5844, 0.3656 -0.474 1.5828, 0.4488 -0.394 1.5889, 0.5299 -0.2786 1.5966, 0.5008 -0.3253 1.5936, 0.4842 -0.3521 1.5919, 0.5426 -0.2495 1.5983, 0.5871 -0.1172 1.6058, 0.5728 -0.1691 1.603, 0.5645 -0.1994 1.6013, 0.591 -0.0866 1.6074, 0.5968 0.0471 1.614, 0.5974 -0.0045 1.6115, 0.5977 -0.0345 1.61, 0.5923 0.0773 1.6156, 0.56 0.2117 1.6228, 0.5755 0.1599 1.6199, 0.5844 0.1298 1.6183, 0.5466 0.2407 1.6246, 0.4763 0.3627 1.6323, 0.5061 0.3171 1.6293, 0.5236 0.2902 1.6275, 0.4551 0.3867 1.634, 0.3555 0.4817 1.6412, 0.3955 0.4475 1.6385, 0.4195 0.4271 1.6369, 0.3295 0.4982 1.6427, 0.2112 0.5602 1.6493, 0.2587 0.5384 1.6468, 0.2864 0.5257 1.6452, 0.181 0.5692 1.651, 0.0446 0.597 1.6585, 0.0981 0.5891 1.6556, 0.1299 0.5844 1.6538, 0.0121 0.5971 1.6603, -0.1274 0.585 1.6679, -0.0742 0.5926 1.665, -0.042 0.5972 1.6632, -0.1583 0.5759 1.6696, -0.2843 0.5269 1.6765, -0.2376 0.548 1.6739, -0.2089 0.5611 1.6724, -0.3102 0.5105 1.678, -0.4177 0.4289 1.6848, -0.3776 0.4628 1.6821, -0.3535 0.4832 1.6805, -0.4392 0.4047 1.6866, -0.5223 0.2925 1.6942, -0.4928 0.3374 1.6912, -0.4747 0.3648 1.6894, -0.5363 0.2626 1.696, -0.5839 0.1323 1.7035, -0.5686 0.1828 1.7006, -0.5591 0.2142 1.6989, -0.5888 0.1004 1.7051, -0.5978 -0.0321 1.7117, -0.5971 0.0182 1.7093, -0.5966 0.0496 1.7077, -0.5939 -0.0635 1.7133, -0.5654 -0.1969 1.7204, -0.5791 -0.1461 1.7176, -0.5876 -0.1147 1.7159, -0.5522 -0.2274 1.7222, -0.4857 -0.35 1.7298, -0.5136 -0.3047 1.7269, -0.5311 -0.2762 1.7251, -0.4643 -0.3756 1.7316, -0.3677 -0.4725 1.7389, -0.406 -0.438 1.7362, -0.4305 -0.416 1.7345, -0.3409 -0.4905 1.7405, -0.2255 -0.5546 1.747, -0.271 -0.5323 1.7445, -0.2994 -0.5184 1.7429, -0.1945 -0.5647 1.7487, -0.0604 -0.5956 1.756, -0.1123 -0.5866 1.7532, -0.1452 -0.5808 1.7514, -0.0266 -0.5966 1.7579, 0.112 -0.5881 1.7655, 0.0598 -0.5942 1.7626, 0.0262 -0.5981 1.7608, 0.1444 -0.5795 1.7673, 0.271 -0.5338 1.7742, 0.2247 -0.5534 1.7717, 0.1943 -0.5663 1.77, 0.2985 -0.5174 1.7758, 0.4064 -0.4396 1.7824, 0.3666 -0.4715 1.7798, 0.3411 -0.492 1.7782, 0.4294 -0.4151 1.7842, 0.5144 -0.3063 1.7917, 0.4844 -0.3492 1.7889, 0.4649 -0.3772 1.787, 0.5298 -0.2756 1.7936, 0.5802 -0.1474 1.8011, 0.564 -0.1964 1.7983, 0.5532 -0.2289 1.7965, 0.5862 -0.1143 1.8028, 0.5984 0.0171 1.8094, 0.5965 -0.0318 1.807, 0.5952 -0.0647 1.8054, 0.5952 0.0497 1.811, 0.5703 0.182 1.818, 0.5824 0.1323 1.8153, 0.5903 0.0995 1.8135, 0.5575 0.2139 1.8198, 0.4948 0.337 1.8274, 0.5208 0.2921 1.8246, 0.5383 0.2621 1.8227, 0.4732 0.3642 1.8293, 0.3796 0.4629 1.8365, 0.4163 0.4282 1.8339, 0.4413 0.4046 1.8321, 0.3522 0.4824 1.8382, 0.2396 0.5486 1.8446, 0.2831 0.526 1.8423, 0.3122 0.5108 1.8407, 0.2077 0.56 1.8464, 0.0762 0.5938 1.8536, 0.1263 0.5837 1.8509, 0.1603 0.5768 1.849, 0.0411 0.5957 1.8555, -0.0965 0.5909 1.8631, -0.0454 0.5954 1.8603, -0.0103 0.5986 1.8583, -0.1305 0.5828 1.8649, -0.2575 0.5405 1.8719, -0.2116 0.5585 1.8694, -0.1796 0.5711 1.8676, -0.2867 0.524 1.8735, -0.3949 0.45 1.88, -0.3555 0.4799 1.8775, -0.3286 0.5004 1.8758, -0.4193 0.4252 1.8819, -0.5061 0.3198 1.8893, -0.4758 0.3608 1.8865, -0.4548 0.3893 1.8846, -0.5229 0.2884 1.8912, -0.5762 0.1625 1.8987, -0.5591 0.21 1.8959, -0.547 0.2434 1.894, -0.5833 0.1282 1.9005, -0.5987 -0.0022 1.9071, -0.5956 0.0456 1.9047, -0.5933 0.0798 1.9031, -0.5962 -0.0359 1.9088, -0.5749 -0.167 1.9156, -0.5854 -0.1184 1.913, -0.5927 -0.0843 1.9112, -0.5625 -0.2004 1.9175, -0.5036 -0.3238 1.925, -0.5278 -0.2794 1.9222, -0.545 -0.2477 1.9202, -0.4819 -0.3527 1.9269, -0.3914 -0.453 1.9342, -0.4264 -0.4181 1.9316, -0.4517 -0.3929 1.9297, -0.3633 -0.474 1.9359, -0.2534 -0.5424 1.9423, -0.295 -0.5194 1.94, -0.3249 -0.5029 1.9384, -0.2208 -0.5549 1.9441, -0.0918 -0.5916 1.9512, -0.1403 -0.5805 1.9485, -0.1752 -0.5725 1.9466, -0.0556 -0.5946 1.9532, 0.0808 -0.5932 1.9606, 0.0309 -0.5963 1.9579, -0.0056 -0.5986 1.9559, 0.1164 -0.5857 1.9626, 0.2437 -0.5468 1.9696, 0.1984 -0.5633 1.9671, 0.1647 -0.5756 1.9652, 0.2746 -0.5304 1.9713, 0.3832 -0.46 1.9777, 0.3443 -0.4881 1.9753, 0.316 -0.5085 1.9735, 0.4091 -0.4351 1.9796, 0.4974 -0.3331 1.9868, 0.4669 -0.3722 1.9841, 0.4444 -0.4011 1.9821, 0.5157 -0.301 1.9889, 0.5717 -0.1775 1.9962, 0.5538 -0.2234 1.9936, 0.5403 -0.2578 1.9916, 0.5801 -0.142 1.9982, 0.5985 -0.0126 2.0048, 0.5943 -0.0594 2.0025, 0.5911 -0.095 2.0007, 0.5969 0.0222 2.0065, 0.5791 0.152 2.0132, 0.588 0.1045 2.0107, 0.5947 0.0692 2.0088, 0.5672 0.1868 2.0151, 0.512 0.3103 2.0225, 0.5344 0.2664 2.0198, 0.5514 0.2332 2.0178, 0.4903 0.3409 2.0246, 0.403 0.4427 2.0318, 0.4363 0.4078 2.0292, 0.4619 0.3808 2.0272, 0.3743 0.4654 2.0336, 0.267 0.5358 2.04, 0.3067 0.5125 2.0378, 0.3374 0.4945 2.036, 0.2338 0.5496 2.0418, 0.1074 0.589 2.0487, 0.1542 0.5769 2.0462, 0.19 0.5677 2.0442, 0.07 0.593 2.0508, -0.0651 0.5951 2.0582, -0.0164 0.5969 2.0555, 0.0214 0.5983 2.0535, -0.1023 0.5883 2.0602, -0.2297 0.5528 2.0672, -0.185 0.5678 2.0648, -0.1497 0.5797 2.0628, -0.2623 0.5366 2.069, -0.3712 0.4697 2.0753, -0.3329 0.4959 2.073, -0.3032 0.5162 2.0712, -0.3986 0.4447 2.0773, -0.4885 0.3462 2.0844, -0.4578 0.3834 2.0818, -0.4338 0.4126 2.0797, -0.5083 0.3134 2.0865, -0.5669 0.1925 2.0938, -0.5482 0.2367 2.0912, -0.5333 0.272 2.0891, -0.5765 0.1558 2.0958, -0.598 0.0276 2.1025, -0.5927 0.0732 2.1002, -0.5885 0.1101 2.0983, -0.5972 -0.0086 2.1043, -0.5828 -0.1368 2.1108, -0.5903 -0.0907 2.1084, -0.5962 -0.0541 2.1065, -0.5715 -0.1731 2.1128, -0.52 -0.2966 2.1201, -0.5407 -0.2534 2.1175, -0.5574 -0.2186 2.1153, -0.4984 -0.3288 2.1222, -0.4143 -0.4321 2.1294, -0.4459 -0.3971 2.1269, -0.4718 -0.3685 2.1248, -0.3852 -0.4564 2.1313, -0.2803 -0.529 2.1377, -0.3184 -0.5054 2.1355, -0.3498 -0.4859 2.1337, -0.2465 -0.544 2.1395, -0.1228 -0.5859 2.1463, -0.1679 -0.5731 2.1439, -0.2045 -0.5626 2.1418, -0.0843 -0.5912 2.1484, 0.0494 -0.5966 2.1558, 0.0019 -0.5971 2.1532, -0.0373 -0.5975 2.151, 0.088 -0.5906 2.1579, 0.2155 -0.5585 2.1649, 0.1715 -0.572 2.1624, 0.1345 -0.5834 2.1604, 0.2498 -0.5425 2.1667, 0.3591 -0.479 2.173, 0.3214 -0.5034 2.1708, 0.2903 -0.5236 2.169, 0.388 -0.454 2.1749, 0.4791 -0.359 2.182, 0.4484 -0.3943 2.1794, 0.4228 -0.4238 2.1773, 0.5005 -0.3257 2.1841, 0.5616 -0.2073 2.1914, 0.5423 -0.2499 2.1889, 0.5259 -0.2861 2.1867, 0.5726 -0.1695 2.1935, 0.5972 -0.0426 2.2002, 0.5908 -0.087 2.1979, 0.5854 -0.1253 2.196, 0.5973 -0.005 2.202, 0.5862 0.1217 2.2084, 0.5923 0.0768 2.2061, 0.5974 0.039 2.2042, 0.5755 0.1594 2.2105, 0.5277 0.2827 2.2176, 0.5467 0.2402 2.2151, 0.5629 0.2038 2.2129, 0.5062 0.3166 2.2198, 0.4255 0.4212 2.227, 0.4554 0.3863 2.2245, 0.4814 0.3559 2.2224, 0.3958 0.4472 2.229, 0.2934 0.5218 2.2354, 0.3299 0.4979 2.2333, 0.362 0.4768 2.2314, 0.259 0.5382 2.2373, 0.1381 0.5825 2.2439, 0.1815 0.5689 2.2415, 0.2189 0.5572 2.2395, 0.0985 0.5889 2.2461, -0.0335 0.5977 2.2533, 0.0126 0.597 2.2508, 0.0531 0.5963 2.2486, -0.0737 0.5926 2.2555, -0.2011 0.5639 2.2625, -0.1578 0.5759 2.2601, -0.1191 0.5867 2.258, -0.2371 0.5482 2.2645, -0.3469 0.488 2.2706, -0.3098 0.5107 2.2685, -0.2772 0.5306 2.2667, -0.3772 0.463 2.2726, -0.4695 0.3715 2.2795, -0.4388 0.405 2.2771, -0.4117 0.4347 2.2749, -0.4924 0.3377 2.2818, -0.556 0.2221 2.289, -0.5361 0.263 2.2865, -0.5181 0.2999 2.2842, -0.5683 0.1832 2.2912, -0.5959 0.0577 2.2979, -0.5886 0.1009 2.2956, -0.582 0.1404 2.2936, -0.597 0.0186 2.2998, -0.5891 -0.1065 2.306, -0.5939 -0.063 2.3038, -0.5982 -0.024 2.3018, -0.5791 -0.1456 2.3081, -0.535 -0.2686 2.3152, -0.5523 -0.2269 2.3127, -0.5681 -0.1889 2.3105, -0.5138 -0.3042 2.3175, -0.4363 -0.4099 2.3246, -0.4645 -0.3752 2.3222, -0.4906 -0.3431 2.3199, -0.4063 -0.4376 2.3267, -0.3063 -0.5144 2.3331, -0.3413 -0.4901 2.331, -0.3741 -0.4674 2.329, -0.2714 -0.5321 2.335, -0.1533 -0.5787 2.3415, -0.1949 -0.5645 2.3392, -0.2331 -0.5514 2.3371, -0.1127 -0.5864 2.3437, 0.0177 -0.5984 2.3509, -0.0271 -0.5965 2.3484, -0.0689 -0.5947 2.3461, 0.0593 -0.5942 2.3532, 0.1865 -0.5689 2.3601, 0.144 -0.5795 2.3578, 0.1037 -0.5896 2.3556, 0.2242 -0.5535 2.3622, 0.3344 -0.4966 2.3683, 0.2981 -0.5176 2.3663, 0.2638 -0.5374 2.3644, 0.3662 -0.4718 2.3704, 0.4595 -0.3837 2.3771, 0.429 -0.4154 2.3748, 0.4003 -0.4452 2.3725, 0.4841 -0.3496 2.3794, 0.5499 -0.2367 2.3865, 0.5295 -0.276 2.3841, 0.51 -0.3135 2.3818, 0.5638 -0.1968 2.3888, 0.5964 -0.0323 2.3975, 0.5986 0.0091 2.3995, 0.5781 -0.1555 2.3912, 0.5861 -0.1148 2.3933, 0.5942 -0.0728 2.3955, 0.5952 0.0492 2.4015, 0.5728 0.174 2.4081, 0.5825 0.1318 2.4058, 0.5917 0.0914 2.4036, 0.5577 0.2135 2.4104, 0.4735 0.3638 2.4198, 0.5419 0.2544 2.4127, 0.521 0.2917 2.4151, 0.4995 0.33 2.4175, 0.3525 0.4821 2.4287, 0.4469 0.3983 2.4222, 0.4166 0.4278 2.4244, 0.386 0.4576 2.4267, 0.2082 0.5597 2.4369, 0.319 0.5066 2.4308, 0.2835 0.5257 2.4328, 0.247 0.5453 2.4348, 0.0416 0.5957 2.446, 0.1683 0.5745 2.4391, 0.1268 0.5835 2.4414, 0.0846 0.5927 2.4437, -0.13 0.5828 2.4555, -0.0018 0.5987 2.4484, -0.0449 0.5954 2.4508, -0.0881 0.5922 2.4532, -0.2862 0.5242 2.464, -0.1717 0.5735 2.4577, -0.2112 0.5586 2.4599, -0.2501 0.5439 2.462, -0.419 0.4255 2.4724, -0.3219 0.5048 2.466, -0.3551 0.4802 2.4681, -0.3886 0.4554 2.4702, -0.5226 0.2887 2.4818, -0.4493 0.3957 2.4747, -0.4755 0.3612 2.477, -0.5015 0.327 2.4794, -0.5832 0.1286 2.491, -0.5435 0.2511 2.4841, -0.5588 0.2104 2.4865, -0.5739 0.1706 2.4888, -0.5962 -0.0354 2.4993, -0.5922 0.0879 2.4932, -0.5955 0.046 2.4953, -0.5986 0.0057 2.4973, -0.5627 -0.2 2.508, -0.5938 -0.0762 2.5013, -0.5854 -0.1179 2.5035, -0.5772 -0.1589 2.5057, -0.4821 -0.3522 2.5174, -0.5485 -0.24 2.5103, -0.528 -0.2789 2.5127, -0.5081 -0.3166 2.515, -0.3637 -0.4737 2.5265, -0.4572 -0.3865 2.5198, -0.4267 -0.4177 2.5221, -0.3977 -0.4475 2.5243, -0.2213 -0.5547 2.5346, -0.3316 -0.4985 2.5285, -0.2954 -0.5191 2.5305, -0.2607 -0.5389 2.5325, -0.056 -0.5945 2.5437, -0.1831 -0.57 2.5367, -0.1408 -0.5803 2.539, -0.1002 -0.5902 2.5413, 0.116 -0.5858 2.5531, -0.0141 -0.5985 2.546, 0.0304 -0.5963 2.5484, 0.0724 -0.5943 2.5507, 0.2742 -0.5306 2.5618, 0.1567 -0.5778 2.5553, 0.1979 -0.5634 2.5576, 0.2363 -0.5501 2.5597, 0.4087 -0.4354 2.5701, 0.3092 -0.5127 2.5637, 0.3439 -0.4883 2.5658, 0.3768 -0.4652 2.5678, 0.5155 -0.3014 2.5794, 0.4387 -0.4073 2.5723, 0.4666 -0.3726 2.5747, 0.4927 -0.3401 2.5769, 0.5799 -0.1424 2.5887, 0.5366 -0.2654 2.5817, 0.5536 -0.2238 2.5841, 0.5692 -0.1856 2.5863, 0.5969 0.0217 2.597, 0.5897 -0.1031 2.5908, 0.5942 -0.0598 2.593, 0.5983 -0.0206 2.595, 0.5673 0.1864 2.6057, 0.5956 0.0611 2.5989, 0.5881 0.1041 2.6012, 0.5811 0.1439 2.6033, 0.4905 0.3405 2.6151, 0.5546 0.2254 2.6079, 0.5346 0.266 2.6103, 0.5163 0.303 2.6126, 0.3747 0.4651 2.6242, 0.4673 0.3743 2.6173, 0.4366 0.4074 2.6197, 0.4091 0.4371 2.6219, 0.2342 0.5494 2.6323, 0.3441 0.4899 2.6262, 0.3071 0.5123 2.6283, 0.2742 0.5322 2.6302, 0.0704 0.593 2.6413, 0.1978 0.5651 2.6343, 0.1546 0.5768 2.6367, 0.1156 0.5874 2.6388, -0.1018 0.5884 2.6508, 0.03 0.5979 2.6435, -0.0159 0.5969 2.6461, -0.0567 0.596 2.6483, -0.1415 0.5817 2.6529, -0.1846 0.568 2.6553, -0.2221 0.5559 2.6574, -0.2619 0.5368 2.6595, -0.2963 0.5202 2.6614, -0.3325 0.4962 2.6635, -0.4575 0.3838 2.6723, -0.3648 0.4747 2.6655, -0.3983 0.445 2.6678, -0.4279 0.4187 2.6698, -0.548 0.2372 2.6817, -0.4835 0.3531 2.6745, -0.508 0.3138 2.677, -0.5294 0.2796 2.6792, -0.5641 0.2005 2.6839, -0.5764 0.1562 2.6864, -0.5869 0.1183 2.6885, -0.5927 0.0736 2.6907, -0.5976 0.0356 2.6927, -0.5972 -0.0081 2.6948, -0.5716 -0.1727 2.7033, -0.5969 -0.046 2.6966, -0.5904 -0.0902 2.6989, -0.5847 -0.1287 2.7009, -0.4987 -0.3284 2.7127, -0.5604 -0.2107 2.7054, -0.5409 -0.253 2.708, -0.5242 -0.2892 2.7102, -0.477 -0.3618 2.7149, -0.4463 -0.3968 2.7174, -0.4203 -0.4263 2.7195, -0.3855 -0.4561 2.7219, -0.3564 -0.481 2.7239, -0.3187 -0.5051 2.726, -0.2874 -0.5252 2.7279, -0.2469 -0.5438 2.7301, -0.2123 -0.5598 2.732, -0.1683 -0.573 2.7344, 0.0014 -0.5971 2.7437, -0.131 -0.5842 2.7364, -0.0848 -0.5911 2.739, -0.0458 -0.5969 2.7411, 0.0409 -0.5973 2.7458, 0.0876 -0.5907 2.7484, 0.1263 -0.5852 2.7505, 0.171 -0.5722 2.753, 0.2078 -0.5614 2.755, 0.2494 -0.5427 2.7573, 0.2833 -0.5274 2.7591, 0.321 -0.5037 2.7613, 0.3526 -0.4838 2.7631, 0.3876 -0.4543 2.7655, 0.5002 -0.3261 2.7746, 0.4169 -0.4297 2.7674, 0.4481 -0.3947 2.77, 0.474 -0.3657 2.772, 0.5218 -0.2935 2.7768, 0.5421 -0.2504 2.7794, 0.5586 -0.2152 2.7815, 0.5725 -0.17 2.784, 0.5836 -0.1334 2.7861, 0.5908 -0.0875 2.7884, 0.5965 -0.0507 2.7904, 0.5973 -0.0054 2.7925, 0.5979 0.031 2.7943, 0.5923 0.0764 2.7966, 0.5878 0.1136 2.7985, 0.5756 0.1589 2.801, 0.5657 0.1958 2.803, 0.5469 0.2398 2.8056, 0.5317 0.2752 2.8077, 0.5065 0.3162 2.8103, 0.4864 0.3491 2.8125, 0.4557 0.3859 2.815, 0.4313 0.4152 2.8171, 0.3962 0.4469 2.8196, 0.3685 0.4718 2.8215, 0.3303 0.4977 2.8238, 0.3003 0.5179 2.8256, 0.2594 0.538 2.8278, 0.2265 0.5542 2.8296, 0.1819 0.5688 2.8321, 0.1463 0.5805 2.834, 0.099 0.5889 2.8366, 0.0616 0.5955 2.8387, 0.0131 0.597 2.8413, -0.025 0.5982 2.8434, -0.0732 0.5926 2.846, -0.1109 0.5883 2.8481, -0.1573 0.5761 2.8506, -0.1933 0.5666 2.8526, -0.2367 0.5483 2.855, -0.27 0.5343 2.8568, -0.3094 0.5109 2.859, -0.3402 0.4926 2.8608, -0.3768 0.4633 2.8632, -0.4056 0.4404 2.8651, -0.4385 0.4053 2.8676, -0.4642 0.3781 2.8696, -0.4922 0.3381 2.8723, -0.5138 0.3072 2.8743, -0.5359 0.2635 2.877, -0.5528 0.2299 2.8791, -0.5682 0.1837 2.8817, -0.58 0.1485 2.8837, -0.5886 0.1014 2.8862, -0.5951 0.0658 2.888, -0.597 0.0191 2.8903, -0.5985 -0.016 2.892, -0.594 -0.0625 2.8943, -0.5905 -0.0984 2.8961, -0.5793 -0.1452 2.8987, -0.5707 -0.1809 2.9006, -0.5525 -0.2265 2.9033, -0.5388 -0.261 2.9053, -0.5141 -0.3038 2.908, -0.4954 -0.3361 2.91, -0.4649 -0.3748 2.9127, -0.442 -0.4037 2.9147, -0.4067 -0.4373 2.9173, -0.3805 -0.4622 2.9192, -0.3417 -0.4899 2.9215, -0.3131 -0.5103 2.9233, -0.2718 -0.5319 2.9256, -0.2406 -0.5482 2.9273, -0.1953 -0.5644 2.9297, -0.1614 -0.5765 2.9316, -0.1132 -0.5863 2.9342, -0.0773 -0.5937 2.9362, -0.0276 -0.5965 2.9389, 0.0092 -0.5986 2.941, 0.0589 -0.5942 2.9437, 0.0953 -0.591 2.9457, 0.1435 -0.5797 2.9483, 0.1786 -0.5714 2.9502, 0.2238 -0.5537 2.9527, 0.2565 -0.5409 2.9545, 0.2977 -0.5178 2.9568, 0.3277 -0.501 2.9585, 0.3659 -0.4721 2.9609, 0.3941 -0.4507 2.9627, 0.4287 -0.4158 2.9653, 0.4541 -0.3902 2.9672, 0.4839 -0.35 2.9699, 0.5055 -0.3208 2.9719, 0.5293 -0.2764 2.9746, 0.5465 -0.2444 2.9766, 0.5636 -0.1973 2.9793, 0.5759 -0.1636 2.9813, 0.586 -0.1152 2.9838, 0.5932 -0.0809 2.9857, 0.5964 -0.0327 2.988, 0.5987 0.0011 2.9897, 0.5953 0.0487 2.9921, 0.5929 0.0832 2.9938, 0.5826 0.1313 2.9963, 0.5752 0.1659 2.9982, 0.5579 0.213 3.0009, 0.5455 0.2467 3.0028, 0.5213 0.2913 3.0056, 0.5042 0.3228 3.0076, 0.4738 0.3635 3.0103, 0.4525 0.392 3.0123, 0.417 0.4275 3.0149, 0.3923 0.4523 3.0168, 0.3529 0.4818 3.0193, 0.3258 0.5023 3.021, 0.2839 0.5255 3.0233, 0.2544 0.5419 3.0249, 0.2086 0.5596 3.0274, 0.1763 0.5721 3.0292, 0.1273 0.5835 3.0319, 0.0929 0.5914 3.0338, 0.0421 0.5957 3.0366, 0.0067 0.5986 3.0385, -0.0444 0.5955 3.0413, -0.0797 0.5933 3.0432, -0.1296 0.583 3.046, -0.1637 0.5759 3.0478, -0.2108 0.5588 3.0504, -0.2427 0.5473 3.0522, -0.2859 0.5245 3.0546, -0.4357 0.3281 -0.4449, -0.2482 -0.4857 2.9563, 0.4419 -0.3197 3.0007, 0.4834 -0.2525 3.0054, 0.3915 -0.3797 2.996, 0.3341 -0.4311 2.9916, 0.2044 -0.5057 2.9835, 0.2718 -0.4728 2.9876, 0.131 -0.5294 2.9791, 0.0538 -0.5427 2.9744, -0.1034 -0.5355 2.965, -0.0252 -0.5448 2.9697, -0.1784 -0.5154 2.9605, -0.312 -0.4473 2.9523, -0.3714 -0.3994 2.948, -0.4246 -0.3423 2.9435, -0.4695 -0.2775 2.9387, -0.5047 -0.2068 2.934, -0.529 -0.1326 2.9294, -0.5424 -0.0571 2.9251, -0.4785 0.2617 -0.4401, -0.5112 0.19 -0.4354, -0.3842 0.3871 -0.4495, -0.3261 0.4372 -0.4538, -0.2633 0.4777 -0.4578, -0.5331 0.1153 -0.4308, -0.5439 0.0399 -0.4266, -0.5443 -0.0345 -0.4226, -0.5342 -0.1099 -0.4184, -0.5132 -0.1848 -0.4139, -0.4812 -0.2568 -0.4092, -0.439 -0.3236 -0.4044, -0.3882 -0.3831 -0.3998, -0.3304 -0.4339 -0.3954, -0.2679 -0.4751 -0.3914, -0.2 -0.5074 -0.3873, -0.1264 -0.5306 -0.3828, -0.0489 -0.5432 -0.3782, 0.0301 -0.5446 -0.3734, 0.1081 -0.5346 -0.3687, 0.1829 -0.5138 -0.3642, 0.2523 -0.4836 -0.3601, 0.3158 -0.4447 -0.3561, 0.3749 -0.3961 -0.3518, 0.4276 -0.3385 -0.3472, 0.472 -0.2733 -0.3425, 0.5065 -0.2023 -0.3377, 0.5302 -0.1279 -0.3332, 0.5429 -0.0525 -0.3288, 0.545 0.022 -0.3249, 0.5367 0.0972 -0.3207, 0.5175 0.1723 -0.3162, 0.4873 0.245 -0.3115, 0.4468 0.3128 -0.3068, 0.3972 0.3737 -0.3021, 0.3405 0.4261 -0.2977, 0.2786 0.4689 -0.2936, 0.2118 0.5026 -0.2896, 0.139 0.5274 -0.2852, 0.0621 0.5419 -0.2806, -0.0168 0.5451 -0.2758, -0.0952 0.537 -0.2711, -0.1707 0.518 -0.2666, -0.2411 0.4892 -0.2623, -0.3054 0.4519 -0.2584, -0.3654 0.4049 -0.2541, -0.4193 0.3488 -0.2496, -0.4652 0.2847 -0.2449, -0.5014 0.2145 -0.2401, -0.527 0.1405 -0.2355, -0.5415 0.0651 -0.2311, -0.5453 -0.0095 -0.2271, -0.5388 -0.0846 -0.223, -0.5214 -0.1599 -0.2186, -0.4931 -0.2331 -0.2139, -0.4542 -0.3019 -0.2091, -0.4061 -0.3641 -0.2045, -0.3504 -0.418 -0.2, -0.2892 -0.4624 -0.1958, -0.2235 -0.4975 -0.1918, -0.1516 -0.5239 -0.1875, -0.0752 -0.5402 -0.1829, 0.0036 -0.5454 -0.1782, 0.0822 -0.5392 -0.1735, 0.1583 -0.5219 -0.1689, 0.2297 -0.4947 -0.1646, 0.2949 -0.4588 -0.1606, 0.3557 -0.4135 -0.1564, 0.4108 -0.3588 -0.1519, 0.4581 -0.2959 -0.1472, 0.4961 -0.2266 -0.1425, 0.5235 -0.1531 -0.1378, 0.5398 -0.0777 -0.1334, 0.5454 -0.0029 -0.1293, 0.5406 0.0719 -0.1253, 0.5251 0.1473 -0.1209, 0.4986 0.2211 -0.1163, 0.4614 0.2908 -0.1115, 0.4147 0.3542 -0.1068, 0.3602 0.4096 -0.1023, 0.2998 0.4556 -0.0981, 0.235 0.4922 -0.0941, 0.164 0.5202 -0.0898, 0.0882 0.5382 -0.0853, 0.0097 0.5453 -0.0806, -0.0691 0.541 -0.0758, -0.1458 0.5255 -0.0712, -0.2181 0.4999 -0.0668, -0.2843 0.4654 -0.0629, -0.3458 0.4217 -0.0587, -0.402 0.3686 -0.0543, -0.4508 0.307 -0.0496, -0.4904 0.2386 -0.0448, -0.5196 0.1656 -0.0402, -0.5379 0.0904 -0.0357, -0.5452 0.0153 -0.0316, -0.5422 -0.0593 -0.0276, -0.5285 -0.1347 -0.0232, -0.5038 -0.2089 -0.0186, -0.4684 -0.2795 -0.0139, -0.4232 -0.3441 -0.0092, -0.3698 -0.4009 -0.0046, -0.3102 -0.4486 -0.0003, -0.2463 -0.4866 0.0036, -0.1763 -0.5161 0.0078, -0.1012 -0.5359 0.0124, -0.0229 -0.5449 0.0171, 0.056 -0.5425 0.0218, 0.1332 -0.5289 0.0265, 0.2064 -0.5048 0.0309, 0.2737 -0.4718 0.0349, 0.3358 -0.4297 0.039, 0.3931 -0.3781 0.0434, 0.4432 -0.3178 0.048, 0.4845 -0.2504 0.0528, 0.5155 -0.1781 0.0575, 0.5356 -0.1031 0.062, 0.5447 -0.0278 0.0662, 0.5434 0.0467 0.0702, 0.5316 0.1221 0.0744, 0.5087 0.1967 0.079, 0.475 0.268 0.0837, 0.4314 0.3338 0.0885, 0.3792 0.392 0.0931, 0.3205 0.4413 0.0974, 0.2574 0.4809 0.1014, 0.1884 0.5118 0.1055, 0.114 0.5333 0.11, 0.0362 0.5442 0.1147, -0.0428 0.5437 0.1195, -0.1205 0.5319 0.1241, -0.1945 0.5095 0.1286, -0.2629 0.4779 0.1327, -0.3257 0.4375 0.1367, -0.3839 0.3874 0.1411, -0.4354 0.3285 0.1457, -0.4783 0.2621 0.1504, -0.5111 0.1905 0.1551, -0.533 0.1157 0.1597, -0.5439 0.0403 0.1639, -0.5443 -0.0341 0.1679, -0.5343 -0.1094 0.1721, -0.5133 -0.1843 0.1767, -0.4814 -0.2564 0.1814, -0.4393 -0.3232 0.1861, -0.3885 -0.3828 0.1908, -0.3307 -0.4337 0.1951, -0.2683 -0.4749 0.1992, -0.2004 -0.5072 0.2032, -0.1268 -0.5305 0.2077, -0.0494 -0.5432 0.2123, 0.0296 -0.5446 0.2171, 0.1077 -0.5347 0.2218, 0.1824 -0.514 0.2263, 0.2519 -0.4838 0.2305, 0.3154 -0.4449 0.2344, 0.3746 -0.3964 0.2387, 0.4273 -0.3389 0.2433, 0.4718 -0.2737 0.248, 0.5063 -0.2028 0.2528, 0.5301 -0.1284 0.2574, 0.5428 -0.0529 0.2617, 0.545 0.0216 0.2657, 0.5367 0.0968 0.2698, 0.5176 0.1719 0.2743, 0.4875 0.2446 0.279, 0.447 0.3125 0.2838, 0.3975 0.3734 0.2884, 0.3408 0.4258 0.2929, 0.279 0.4687 0.2969, 0.2122 0.5024 0.301, 0.1395 0.5273 0.3053, 0.0625 0.5418 0.31, -0.0164 0.5452 0.3147, -0.0948 0.5371 0.3194, -0.1702 0.5182 0.324, -0.2407 0.4894 0.3282, -0.3051 0.4521 0.3322, -0.365 0.4052 0.3364, -0.419 0.3491 0.341, -0.465 0.2851 0.3457, -0.5013 0.215 0.3504, -0.5269 0.141 0.355, -0.5414 0.0655 0.3594, -0.5453 -0.0091 0.3634, -0.5389 -0.0841 0.3675, -0.5216 -0.1594 0.372, -0.4933 -0.2327 0.3766, -0.4545 -0.3015 0.3814, -0.4064 -0.3637 0.3861, -0.3507 -0.4177 0.3906, -0.2896 -0.4622 0.3947, -0.2239 -0.4973 0.3987, -0.152 -0.5238 0.403, -0.0756 -0.5401 0.4076, 0.0031 -0.5454 0.4123, 0.0818 -0.5392 0.4171, 0.1579 -0.522 0.4217, 0.2293 -0.4949 0.4259, 0.2946 -0.459 0.4299, 0.3553 -0.4138 0.4341, 0.4105 -0.3591 0.4386, 0.4579 -0.2963 0.4433, 0.4959 -0.227 0.4481, 0.5233 -0.1535 0.4527, 0.5398 -0.0782 0.4571, 0.5454 -0.0033 0.4612, 0.5407 0.0715 0.4652, 0.5252 0.1469 0.4696, 0.4988 0.2207 0.4743, 0.4617 0.2904 0.479, 0.415 0.3539 0.4837, 0.3605 0.4093 0.4883, 0.3001 0.4554 0.4925, 0.2354 0.492 0.4964, 0.1644 0.52 0.5007, 0.0887 0.5381 0.5052, 0.0101 0.5453 0.51, -0.0687 0.5411 0.5147, -0.1454 0.5257 0.5193, -0.2177 0.5001 0.5237, -0.284 0.4656 0.5277, -0.3455 0.422 0.5318, -0.4017 0.3689 0.5363, -0.4506 0.3073 0.5409, -0.4902 0.239 0.5457, -0.5195 0.1661 0.5504, -0.5378 0.0908 0.5548, -0.5452 0.0157 0.559, -0.5422 -0.0588 0.563, -0.5286 -0.1343 0.5673, -0.504 -0.2085 0.5719, -0.4686 -0.2791 0.5766, -0.4234 -0.3437 0.5814, -0.3701 -0.4006 0.5859, -0.3106 -0.4483 0.5902, -0.2466 -0.4864 0.5942, -0.1767 -0.516 0.5984, -0.1016 -0.5359 0.6029, -0.0234 -0.5449 0.6076, 0.0556 -0.5426 0.6123, 0.1328 -0.529 0.617, 0.206 -0.505 0.6214, 0.2733 -0.472 0.6254, 0.3355 -0.43 0.6295, 0.3928 -0.3784 0.6339, 0.443 -0.3182 0.6386, 0.4843 -0.2508 0.6433, 0.5154 -0.1785 0.648, 0.5355 -0.1035 0.6525, 0.5447 -0.0282 0.6567, 0.5434 0.0462 0.6607, 0.5317 0.1217 0.665, 0.5089 0.1963 0.6695, 0.4752 0.2676 0.6743, 0.4316 0.3334 0.679, 0.3795 0.3917 0.6836, 0.3209 0.441 0.6879, 0.2577 0.4807 0.6919, 0.1889 0.5117 0.6961, 0.1145 0.5332 0.7005, 0.0366 0.5442 0.7052, -0.0424 0.5438 0.71, -0.1201 0.532 0.7147, -0.1941 0.5097 0.7191, -0.2625 0.4781 0.7232, -0.3254 0.4377 0.7272, -0.3836 0.3877 0.7316, -0.4351 0.3288 0.7362, -0.478 0.2625 0.7409, -0.5109 0.1909 0.7457, -0.5329 0.1162 0.7502, -0.5439 0.0407 0.7545, -0.5444 -0.0337 0.7584, -0.5344 -0.109 0.7627, -0.5135 -0.1839 0.7672, -0.4816 -0.256 0.7719, -0.4396 -0.3228 0.7766, -0.3888 -0.3825 0.7813, -0.3311 -0.4334 0.7857, -0.2686 -0.4747 0.7897, -0.2008 -0.5071 0.7938, -0.1273 -0.5303 0.7982, -0.0498 -0.5431 0.8029, 0.0292 -0.5446 0.8076, 0.1072 -0.5348 0.8123, 0.182 -0.5141 0.8168, 0.2515 -0.484 0.821, 0.3151 -0.4452 0.8249, 0.3742 -0.3967 0.8293, 0.427 -0.3393 0.8338, 0.4715 -0.2741 0.8386, 0.5061 -0.2032 0.8433, 0.53 -0.1288 0.8479, 0.5428 -0.0533 0.8522, 0.545 0.0211 0.8562, 0.5368 0.0964 0.8603, 0.5177 0.1715 0.8648, 0.4877 0.2442 0.8695, 0.4473 0.3121 0.8743, 0.3978 0.3731 0.8789, 0.3412 0.4255 0.8834, 0.2793 0.4684 0.8875, 0.2126 0.5022 0.8915, 0.1399 0.5271 0.8959, 0.063 0.5418 0.9005, -0.0159 0.5452 0.9052, -0.0943 0.5372 0.91, -0.1698 0.5183 0.9145, -0.2403 0.4896 0.9187, -0.3047 0.4524 0.9227, -0.3647 0.4055 0.9269, -0.4187 0.3495 0.9315, -0.4647 0.2855 0.9362, -0.5011 0.2154 0.9409, -0.5268 0.1414 0.9456, -0.5414 0.066 0.9499, -0.5453 -0.0087 0.9539, -0.5389 -0.0837 0.958, -0.5217 -0.159 0.9625, -0.4935 -0.2323 0.9672, -0.4547 -0.3011 0.9719, -0.4067 -0.3634 0.9766, -0.3511 -0.4174 0.9811, -0.29 -0.4619 0.9852, -0.2243 -0.4971 0.9892, -0.1525 -0.5237 0.9935, -0.0761 -0.5401 0.9981, 0.0027 -0.5454 1.0029, 0.0813 -0.5393 1.0076, 0.1575 -0.5222 1.0122, 0.2289 -0.495 1.0165, 0.2942 -0.4592 1.0204, 0.355 -0.414 1.0246, 0.4102 -0.3595 1.0291, 0.4576 -0.2967 1.0338, 0.4957 -0.2275 1.0386, 0.5232 -0.154 1.0432, 0.5397 -0.0786 1.0477, 0.5454 -0.0037 1.0517, 0.5408 0.071 1.0558, 0.5254 0.1465 1.0602, 0.499 0.2202 1.0648, 0.4619 0.29 1.0695, 0.4153 0.3535 1.0742, 0.3608 0.409 1.0788, 0.3005 0.4552 1.083, 0.2357 0.4918 1.087, 0.1649 0.5199 1.0912, 0.0891 0.5381 1.0958, 0.0106 0.5453 1.1005, -0.0682 0.5411 1.1052, -0.145 0.5258 1.1099, -0.2173 0.5002 1.1142, -0.2836 0.4659 1.1182, -0.3452 0.4223 1.1223, -0.4014 0.3692 1.1268, -0.4503 0.3077 1.1315, -0.49 0.2394 1.1362, -0.5194 0.1665 1.1409, -0.5377 0.0913 1.1454, -0.5452 0.0161 1.1495, -0.5423 -0.0584 1.1535, -0.5287 -0.1339 1.1578, -0.5041 -0.2081 1.1624, -0.4688 -0.2787 1.1672, -0.4237 -0.3434 1.1719, -0.3704 -0.4003 1.1765, -0.3109 -0.4481 1.1807, -0.247 -0.4863 1.1847, -0.1771 -0.5158 1.1889, -0.1021 -0.5358 1.1934, -0.0238 -0.5449 1.1981, 0.0551 -0.5426 1.2029, 0.1324 -0.5291 1.2075, 0.2056 -0.5052 1.2119, 0.2729 -0.4722 1.216, 0.3351 -0.4303 1.22, 0.3924 -0.3787 1.2244, 0.4427 -0.3185 1.2291, 0.4841 -0.2513 1.2338, 0.5152 -0.1789 1.2385, 0.5354 -0.1039 1.2431, 0.5446 -0.0286 1.2473, 0.5435 0.0458 1.2512, 0.5318 0.1212 1.2555, 0.509 0.1958 1.2601, 0.4755 0.2672 1.2648, 0.4319 0.333 1.2695, 0.3799 0.3914 1.2741, 0.3212 0.4408 1.2785, 0.2581 0.4805 1.2825, 0.1893 0.5115 1.2866, 0.1149 0.5332 1.2911, 0.0371 0.5441 1.2958, -0.0419 0.5438 1.3005, -0.1196 0.5321 1.3052, -0.1937 0.5099 1.3096, -0.2621 0.4783 1.3138, -0.325 0.438 1.3177, -0.3833 0.388 1.3221, -0.4349 0.3292 1.3267, -0.4778 0.2629 1.3315, -0.5107 0.1913 1.3362, -0.5328 0.1166 1.3407, -0.5438 0.0412 1.345, -0.5444 -0.0332 1.349, -0.5345 -0.1086 1.3532, -0.5136 -0.1835 1.3577, -0.4818 -0.2556 1.3624, -0.4399 -0.3225 1.3672, -0.3891 -0.3822 1.3718, -0.3314 -0.4331 1.3762, -0.269 -0.4744 1.3802, -0.2012 -0.5069 1.3843, -0.1277 -0.5302 1.3887, -0.0503 -0.5431 1.3934, 0.0287 -0.5446 1.3981, 0.1068 -0.5348 1.4028, 0.1816 -0.5143 1.4073, 0.2511 -0.4841 1.4115, 0.3147 -0.4454 1.4155, 0.3739 -0.397 1.4198, 0.4268 -0.3396 1.4244, 0.4713 -0.2745 1.4291, 0.506 -0.2036 1.4338, 0.5299 -0.1292 1.4384, 0.5427 -0.0538 1.4427, 0.545 0.0207 1.4467, 0.5369 0.0959 1.4509, 0.5179 0.1711 1.4554, 0.4879 0.2438 1.4601, 0.4475 0.3117 1.4648, 0.3981 0.3727 1.4695, 0.3415 0.4253 1.4739, 0.2797 0.4682 1.478, 0.213 0.5021 1.482, 0.1403 0.527 1.4864, 0.0634 0.5417 1.491, -0.0155 0.5452 1.4958, -0.0939 0.5373 1.5005, -0.1694 0.5184 1.505, -0.2399 0.4898 1.5093, -0.3043 0.4526 1.5132, -0.3644 0.4058 1.5175, -0.4184 0.3498 1.522, -0.4645 0.2859 1.5267, -0.5009 0.2158 1.5315, -0.5266 0.1418 1.5361, -0.5413 0.0664 1.5405, -0.5453 -0.0083 1.5445, -0.539 -0.0833 1.5486, -0.5218 -0.1586 1.553, -0.4937 -0.2319 1.5577, -0.455 -0.3008 1.5624, -0.407 -0.3631 1.5671, -0.3514 -0.4171 1.5716, -0.2903 -0.4617 1.5758, -0.2247 -0.497 1.5797, -0.1529 -0.5235 1.5841, -0.0765 -0.54 1.5887, 0.0022 -0.5454 1.5934, 0.0809 -0.5394 1.5981, 0.157 -0.5223 1.6027, 0.2285 -0.4952 1.607, 0.2938 -0.4595 1.611, 0.3547 -0.4143 1.6151, 0.4099 -0.3598 1.6197, 0.4574 -0.2971 1.6243, 0.4955 -0.2279 1.6291, 0.5231 -0.1544 1.6338, 0.5396 -0.079 1.6382, 0.5454 -0.0041 1.6423, 0.5408 0.0706 1.6463, 0.5255 0.146 1.6507, 0.4991 0.2198 1.6553, 0.4622 0.2896 1.6601, 0.4156 0.3532 1.6648, 0.3612 0.4087 1.6693, 0.3009 0.4549 1.6735, 0.2361 0.4916 1.6775, 0.1653 0.5197 1.6817, 0.0896 0.538 1.6863, 0.0111 0.5453 1.691, -0.0678 0.5412 1.6958, -0.1445 0.5259 1.7004, -0.2169 0.5004 1.7047, -0.2833 0.4661 1.7087, -0.3448 0.4226 1.7128, -0.4011 0.3696 1.7173, -0.4501 0.3081 1.722, -0.4898 0.2398 1.7267, -0.5192 0.1669 1.7314, -0.5376 0.0917 1.7359, -0.5451 0.0166 1.74, -0.5423 -0.058 1.744, -0.5288 -0.1334 1.7483, -0.5043 -0.2077 1.7529, -0.4691 -0.2783 1.7577, -0.424 -0.343 1.7624, -0.3708 -0.4 1.767, -0.3113 -0.4478 1.7713, -0.2474 -0.4861 1.7752, -0.1776 -0.5157 1.7794, -0.1025 -0.5357 1.7839, -0.0243 -0.5449 1.7886, 0.0547 -0.5427 1.7934, 0.1319 -0.5292 1.798, 0.2052 -0.5053 1.8025, 0.2726 -0.4724 1.8065, 0.3348 -0.4305 1.8106, 0.3921 -0.3791 1.815, 0.4424 -0.3189 1.8196, 0.4839 -0.2517 1.8244, 0.5151 -0.1794 1.8291, 0.5353 -0.1044 1.8336, 0.5446 -0.0291 1.8378, 0.5435 0.0454 1.8417, 0.5319 0.1208 1.846, 0.5092 0.1954 1.8506, 0.4757 0.2668 1.8553, 0.4322 0.3327 1.8601, 0.3802 0.3911 1.8647, 0.3216 0.4405 1.869, 0.2585 0.4803 1.873, 0.1897 0.5114 1.8771, 0.1154 0.5331 1.8816, 0.0375 0.5441 1.8863, -0.0415 0.5438 1.891, -0.1192 0.5322 1.8957, -0.1933 0.51 1.9002, -0.2618 0.4785 1.9043, -0.3246 0.4383 1.9083, -0.383 0.3883 1.9126, -0.4346 0.3295 1.9172, -0.4776 0.2633 1.922, -0.5106 0.1917 1.9267, -0.5327 0.117 1.9313, -0.5438 0.0416 1.9355, -0.5444 -0.0328 1.9395, -0.5346 -0.1081 1.9437, -0.5138 -0.1831 1.9482, -0.482 -0.2552 1.9529, -0.4401 -0.3221 1.9577, -0.3894 -0.3819 1.9623, -0.3318 -0.4329 1.9667, -0.2694 -0.4742 1.9708, -0.2016 -0.5068 1.9748, -0.1281 -0.5301 1.9793, -0.0507 -0.543 1.9839, 0.0283 -0.5447 1.9887, 0.1064 -0.5349 1.9934, 0.1812 -0.5144 1.9979, 0.2507 -0.4843 2.002, 0.3144 -0.4457 2.006, 0.3736 -0.3974 2.0103, 0.4265 -0.34 2.0149, 0.4711 -0.2749 2.0196, 0.5058 -0.204 2.0244, 0.5298 -0.1297 2.0289, 0.5427 -0.0542 2.0333, 0.545 0.0203 2.0372, 0.537 0.0955 2.0414, 0.518 0.1706 2.0459, 0.4881 0.2434 2.0506, 0.4478 0.3113 2.0553, 0.3985 0.3724 2.06, 0.3418 0.425 2.0644, 0.2801 0.468 2.0685, 0.2135 0.5019 2.0725, 0.1408 0.5269 2.0769, 0.0639 0.5416 2.0815, -0.015 0.5452 2.0863, -0.0934 0.5373 2.091, -0.169 0.5186 2.0955, -0.2395 0.49 2.0998, -0.304 0.4528 2.1037, -0.364 0.4061 2.108, -0.4181 0.3502 2.1125, -0.4642 0.2862 2.1172, -0.5007 0.2162 2.122, -0.5265 0.1423 2.1266, -0.5413 0.0668 2.131, -0.5453 -0.0078 2.135, -0.5391 -0.0828 2.1391, -0.522 -0.1581 2.1435, -0.4939 -0.2315 2.1482, -0.4552 -0.3004 2.153, -0.4073 -0.3627 2.1576, -0.3517 -0.4168 2.1621, -0.2907 -0.4615 2.1663, -0.2251 -0.4968 2.1703, -0.1533 -0.5234 2.1746, -0.077 -0.5399 2.1792, 0.0018 -0.5454 2.1839, 0.0804 -0.5394 2.1886, 0.1566 -0.5224 2.1932, 0.2281 -0.4954 2.1975, 0.2935 -0.4597 2.2015, 0.3543 -0.4146 2.2057, 0.4096 -0.3601 2.2102, 0.4572 -0.2974 2.2149, 0.4953 -0.2283 2.2196, 0.523 -0.1548 2.2243, 0.5396 -0.0795 2.2287, 0.5454 -0.0046 2.2328, 0.5409 0.0702 2.2368, 0.5256 0.1456 2.2412, 0.4993 0.2194 2.2458, 0.4624 0.2892 2.2506, 0.4159 0.3528 2.2553, 0.3615 0.4084 2.2598, 0.3012 0.4547 2.2641, 0.2365 0.4914 2.268, 0.1657 0.5196 2.2723, 0.09 0.5379 2.2768, 0.0115 0.5453 2.2815, -0.0673 0.5412 2.2863, -0.1441 0.526 2.2909, -0.2165 0.5006 2.2953, -0.2829 0.4663 2.2993, -0.3445 0.4229 2.3034, -0.4008 0.3699 2.3078, -0.4498 0.3085 2.3125, -0.4896 0.2402 2.3173, -0.5191 0.1673 2.3219, -0.5376 0.0921 2.3264, -0.5451 0.017 2.3306, -0.5424 -0.0575 2.3345, -0.5289 -0.133 2.3389, -0.5045 -0.2072 2.3435, -0.4693 -0.2779 2.3482, -0.4243 -0.3427 2.3529, -0.3711 -0.3997 2.3575, -0.3116 -0.4476 2.3618, -0.2478 -0.4859 2.3658, -0.178 -0.5155 2.37, -0.1029 -0.5356 2.3745, -0.0248 -0.5448 2.3792, 0.0542 -0.5427 2.3839, 0.1315 -0.5293 2.3886, 0.2048 -0.5055 2.393, 0.2722 -0.4726 2.397, 0.3345 -0.4308 2.4011, 0.3918 -0.3794 2.4055, 0.4422 -0.3193 2.4101, 0.4837 -0.2521 2.4149, 0.5149 -0.1798 2.4196, 0.5352 -0.1048 2.4241, 0.5446 -0.0295 2.4283, 0.5435 0.0449 2.4323, 0.532 0.1204 2.4365, 0.5094 0.195 2.4411, 0.4759 0.2664 2.4458, 0.4325 0.3323 2.4506, 0.3805 0.3907 2.4552, 0.3219 0.4402 2.4595, 0.2589 0.4801 2.4635, 0.1901 0.5112 2.4676, 0.1158 0.533 2.4721, 0.038 0.5441 2.4768, -0.041 0.5439 2.4816, -0.1187 0.5323 2.4862, -0.1929 0.5102 2.4907, -0.2614 0.4787 2.4948, -0.3243 0.4385 2.4988, -0.3826 0.3886 2.5032, -0.4343 0.3299 2.5078, -0.4774 0.2637 2.5125, -0.5104 0.1922 2.5172, -0.5326 0.1175 2.5218, -0.5438 0.042 2.5261, -0.5444 -0.0324 2.53, -0.5347 -0.1077 2.5342, -0.5139 -0.1826 2.5388, -0.4822 -0.2548 2.5435, -0.4404 -0.3217 2.5482, -0.3897 -0.3815 2.5529, -0.3321 -0.4326 2.5572, -0.2697 -0.474 2.5613, -0.2021 -0.5066 2.5654, -0.1286 -0.53 2.5698, -0.0512 -0.543 2.5744, 0.0278 -0.5447 2.5792, 0.1059 -0.535 2.5839, 0.1808 -0.5146 2.5884, 0.2504 -0.4845 2.5926, 0.314 -0.4459 2.5965, 0.3733 -0.3977 2.6008, 0.4262 -0.3403 2.6054, 0.4708 -0.2753 2.6101, 0.5056 -0.2044 2.6149, 0.5297 -0.1301 2.6195, 0.5427 -0.0546 2.6238, 0.545 0.0199 2.6278, 0.5371 0.095 2.6319, 0.5182 0.1702 2.6364, 0.4883 0.243 2.6411, 0.4481 0.311 2.6458, 0.3988 0.3721 2.6505, 0.3422 0.4247 2.655, 0.2804 0.4678 2.6591, 0.2139 0.5017 2.6631, 0.1412 0.5268 2.6674, 0.0643 0.5416 2.6721, -0.0146 0.5452 2.6768, -0.093 0.5374 2.6815, -0.1685 0.5187 2.6861, -0.2391 0.4902 2.6903, -0.3036 0.4531 2.6943, -0.3637 0.4064 2.6985, -0.4179 0.3505 2.7031, -0.464 0.2866 2.7078, -0.5005 0.2166 2.7125, -0.5264 0.1427 2.7171, -0.5412 0.0673 2.7215, -0.5454 -0.0074 2.7255, -0.5391 -0.0824 2.7296, -0.5221 -0.1577 2.7341, -0.494 -0.231 2.7387, -0.4555 -0.3 2.7435, -0.4076 -0.3624 2.7482, -0.3521 -0.4165 2.7527, -0.2911 -0.4612 2.7568, -0.2255 -0.4966 2.7608, -0.1537 -0.5233 2.7651, -0.0774 -0.5399 2.7697, 0.0013 -0.5454 2.7744, 0.08 -0.5395 2.7792, 0.1562 -0.5226 2.7838, 0.2277 -0.4956 2.7881, 0.2931 -0.4599 2.792, 0.354 -0.4149 2.7962, 0.4093 -0.3605 2.8007, 0.4569 -0.2978 2.8054, 0.4951 -0.2287 2.8101, 0.5228 -0.1553 2.8148, 0.5395 -0.0799 2.8192, 0.5454 -0.005 2.8233, 0.5409 0.0697 2.8273, 0.5257 0.1452 2.8317, 0.4995 0.219 2.8364, 0.4626 0.2888 2.8411, 0.4162 0.3525 2.8458, 0.3618 0.4081 2.8504, 0.3016 0.4544 2.8546, 0.2369 0.4913 2.8585, 0.1661 0.5195 2.8628, 0.0904 0.5378 2.8673, 0.012 0.5453 2.8721, -0.0669 0.5413 2.8768, -0.1437 0.5261 2.8814, -0.2161 0.5007 2.8858, -0.2825 0.4665 2.8898, -0.3441 0.4231 2.8939, -0.4005 0.3702 2.8984, -0.4495 0.3088 2.903, -0.4894 0.2406 2.9078, -0.519 0.1678 2.9125, -0.5375 0.0926 2.9169, -0.5451 0.0174 2.9211, -0.5454 -0.0017 2.6391, -0.5404 0.0734 2.6351, -0.5246 0.1492 2.6306, -0.4976 0.2232 2.626, -0.46 0.2931 2.6212, -0.4127 0.3565 2.6165, -0.3576 0.4118 2.6119, -0.2967 0.4576 2.6077, -0.2313 0.4939 2.6037, -0.1597 0.5215 2.5994, -0.0833 0.539 2.5948, -0.0043 0.5454 2.5901, 0.2899 0.462 2.5724, 0.3513 0.4172 2.5682, 0.4071 0.3629 2.5637, 0.4553 0.3003 2.559, 0.4941 0.231 2.5542, 0.5222 0.1573 2.5495, 0.5393 0.0816 2.545, 0.5454 0.0063 2.5409, 0.541 -0.0688 2.5369, 0.5259 -0.1445 2.5325, 0.4996 -0.2188 2.5278, 0.4626 -0.2889 2.5231, 0.4159 -0.3529 2.5183, 0.3612 -0.4087 2.5138, 0.3006 -0.4551 2.5095, 0.2355 -0.4919 2.5056, 0.1643 -0.5201 2.5013, 0.0881 -0.5382 2.4967, 0.0092 -0.5453 2.4919, -0.07 -0.5409 2.4872, -0.147 -0.5252 2.4825, -0.2196 -0.4992 2.4782, -0.286 -0.4644 2.4742, -0.3476 -0.4203 2.47, -0.4039 -0.3665 2.4655, -0.4526 -0.3043 2.4608, -0.492 -0.2354 2.456, -0.5208 -0.1619 2.4514, -0.5385 -0.0863 2.4469, -0.5453 -0.0109 2.4427, -0.5416 0.0641 2.4387, -0.5271 0.1399 2.4343, -0.5015 0.2143 2.4297, -0.4651 0.2848 2.4249, -0.419 0.3491 2.4202, -0.3647 0.4055 2.4156, -0.3044 0.4525 2.4114, -0.2397 0.4899 2.4074, -0.1688 0.5186 2.4031, -0.0929 0.5374 2.3985, -0.0141 0.5452 2.3938, 0.2821 0.4668 2.376, 0.344 0.4232 2.3719, 0.4006 0.3701 2.3674, 0.4499 0.3084 2.3627, 0.4899 0.2398 2.3579, 0.5194 0.1665 2.3532, 0.5378 0.0909 2.3487, 0.5034 -0.2098 2.3316, 0.4677 -0.2806 2.3268, 0.4221 -0.3454 2.322, 0.3683 -0.4023 2.3175, 0.3083 -0.4499 2.3132, 0.2438 -0.4879 2.3092, 0.1733 -0.5171 2.305, 0.0976 -0.5366 2.3004, 0.0189 -0.5451 2.2957, -0.5338 0.112 1.8454, -0.3856 0.3857 1.8267, -0.3272 0.4363 1.8223, -0.2642 0.4771 1.8183, -0.1956 0.5091 1.8142, -0.1213 0.5317 1.8097, -0.0433 0.5437 1.805, 0.0361 0.5442 1.8002, 0.1143 0.5333 1.7955, 0.189 0.5116 1.791, 0.2582 0.4804 1.7869, 0.3216 0.4405 1.7829, 0.3805 0.3908 1.7785, 0.4327 0.332 1.7739, 0.4763 0.2658 1.7691, 0.5098 0.1939 1.7644, 0.5323 0.1189 1.7598, 0.5437 0.0431 1.7555, 0.5445 -0.0316 1.7515, 0.5347 -0.1073 1.7473, 0.5139 -0.1826 1.7427, 0.4821 -0.2551 1.738, 0.44 -0.3223 1.7332, 0.389 -0.3823 1.7286, 0.331 -0.4335 1.7242, 0.2682 -0.4749 1.7201, 0.2 -0.5074 1.716, 0.126 -0.5306 1.7116, 0.0482 -0.5433 1.7069, -0.0312 -0.5445 1.7021, -0.1096 -0.5343 1.6974, -0.1846 -0.5132 1.6929, -0.2542 -0.4826 1.6887, -0.3178 -0.4432 1.6847, -0.377 -0.3941 1.6804, -0.4297 -0.3359 1.6758, -0.4739 -0.27 1.671, -0.508 -0.1985 1.6662, -0.5312 -0.1236 1.6616, -0.5433 -0.0478 1.6573, -0.5447 0.027 1.6533, -0.5357 0.1027 1.6491, -0.5155 0.178 1.6446, -0.4843 0.2507 1.6399, -0.4428 0.3184 1.6351, -0.3923 0.3789 1.6304, -0.3347 0.4306 1.626, -0.2722 0.4726 1.6219, -0.2044 0.5056 1.6179, -0.1307 0.5295 1.6134, -0.053 0.5428 1.6088, 0.0263 0.5448 1.604, 0.1048 0.5352 1.5993, 0.1801 0.5148 1.5947, 0.2501 0.4847 1.5905, 0.314 0.4459 1.5865, 0.3736 0.3974 1.5822, 0.4267 0.3397 1.5776, 0.4714 0.2743 1.5729, 0.5449 -0.0224 1.5552, 0.5365 -0.098 1.551, 0.5171 -0.1735 1.5465, 0.4866 -0.2464 1.5417, 0.4456 -0.3144 1.537, 0.3956 -0.3754 1.5323, 0.3384 -0.4277 1.5278, 0.2761 -0.4703 1.5237, 0.2088 -0.5039 1.5197, 0.1354 -0.5283 1.5153, 0.0579 -0.5423 1.5106, -0.0214 -0.545 1.5058, -0.1001 -0.5361 1.5011, -0.1756 -0.5164 1.4966, -0.246 -0.4868 1.4923, -0.3102 -0.4486 1.4884, -0.3701 -0.4006 1.4841, -0.4237 -0.3435 1.4795, -0.469 -0.2785 1.4747, -0.2302 0.4944 1.0289, -0.1585 0.5219 1.0245, -0.082 0.5392 1.0199, -0.003 0.5454 1.0152, 0.2909 0.4613 0.9975, 0.3522 0.4164 0.9933, 0.408 0.362 0.9888, 0.456 0.2992 0.9841, 0.4946 0.2298 0.9793, 0.5226 0.1561 0.9746, 0.5394 0.0804 0.9702, 0.5454 0.0051 0.9661, 0.5409 -0.07 0.962, 0.5256 -0.1458 0.9576, 0.4991 -0.2199 0.9529, 0.4619 -0.29 0.9482, 0.415 -0.3538 0.9434, 0.3602 -0.4095 0.9389, 0.2995 -0.4558 0.9347, 0.2344 -0.4925 0.9307, 0.163 -0.5205 0.9264, 0.0868 -0.5384 0.9218, 0.0079 -0.5453 0.9171, -0.0713 -0.5407 0.9123, -0.1483 -0.5249 0.9077, -0.2207 -0.4987 0.9033, -0.287 -0.4638 0.8993, -0.3486 -0.4194 0.8951, -0.4048 -0.3656 0.8906, -0.4533 -0.3032 0.8859, -0.4925 -0.2342 0.8812, -0.5212 -0.1607 0.8765, -0.5387 -0.085 0.872, -0.5453 -0.0096 0.8679, -0.5415 0.0653 0.8638, -0.5268 0.1412 0.8595, -0.501 0.2155 0.8548, -0.4645 0.2859 0.85, -0.4182 0.3501 0.8453, -0.3638 0.4063 0.8407, -0.3034 0.4532 0.8365, -0.2386 0.4905 0.8325, -0.1676 0.519 0.8282, -0.0916 0.5377 0.8237, -0.0128 0.5453 0.8189, 0.0665 0.5413 0.8142, 0.1436 0.5261 0.8095, 0.2164 0.5006 0.8051, 0.2831 0.4662 0.8011, 0.345 0.4225 0.797, 0.4015 0.3691 0.7925, 0.4506 0.3073 0.7878, 0.4904 0.2386 0.783, 0.5198 0.1653 0.7783, 0.538 0.0897 0.7738, 0.5029 -0.211 0.7567, 0.467 -0.2817 0.7519, 0.4213 -0.3464 0.7472, 0.3673 -0.4031 0.7426, 0.3072 -0.4506 0.7383, 0.2427 -0.4884 0.7343, 0.1721 -0.5175 0.7301, 0.0964 -0.5368 0.7255, 0.0176 -0.5451 0.7208, -0.3982 -0.3727 0.6944, -0.4478 -0.3113 0.6897, -0.4883 -0.243 0.6849, -0.5183 -0.1699 0.6802, -0.5372 -0.0944 0.6757, -0.5451 -0.0188 0.6715, -0.5425 0.056 0.6675, -0.5292 0.1319 0.6632, 0.2593 0.4798 0.212, 0.3226 0.4397 0.208, 0.3814 0.3899 0.2036, 0.4335 0.331 0.199, 0.4769 0.2646 0.1942, 0.5102 0.1927 0.1895, 0.5326 0.1177 0.1849, 0.5438 0.0419 0.1806, 0.5444 -0.0329 0.1767, 0.5345 -0.1086 0.1724, 0.5135 -0.1838 0.1679, 0.4815 -0.2562 0.1631, 0.4392 -0.3234 0.1584, 0.3881 -0.3832 0.1537, 0.33 -0.4342 0.1493, 0.2671 -0.4755 0.1453, 0.1989 -0.5079 0.1411, 0.1248 -0.5309 0.1367, 0.0469 -0.5434 0.132, -0.0325 -0.5444 0.1272, -0.1108 -0.534 0.1225, -0.1858 -0.5128 0.118, -0.2552 -0.482 0.1138, -0.3189 -0.4425 0.1098, -0.378 -0.3932 0.1055, -0.4305 -0.3348 0.1009, -0.4745 -0.2689 0.0961, -0.5085 -0.1973 0.0914, -0.5315 -0.1223 0.0868, -0.5434 -0.0465 0.0825, -0.5447 0.0282 0.0785, -0.5354 0.1039 0.0743, -0.5151 0.1793 0.0697, -0.4837 0.2519 0.065, -0.4421 0.3194 0.0602, -0.3914 0.3798 0.0556, -0.3337 0.4314 0.0511, -0.2711 0.4732 0.0471, -0.2032 0.5061 0.043, -0.1295 0.5298 0.0385, -0.0517 0.5429 0.0339, 0.0276 0.5447 0.0291, 0.1061 0.535 0.0244, 0.1813 0.5144 0.0199, 0.2512 0.4841 0.0156, 0.3151 0.4452 0.0117, 0.3745 0.3965 0.0073, 0.4275 0.3387 0.0027, 0.4721 0.2731 -0.002, 0.5067 0.2018 -0.0068, 0.5304 0.127 -0.0114, 0.543 0.0512 -0.0157, 0.5449 -0.0236 -0.0197, 0.5363 -0.0992 -0.0239, 0.5167 -0.1747 -0.0284, 0.486 -0.2476 -0.0331, 0.4449 -0.3155 -0.0379, 0.3948 -0.3763 -0.0426, 0.3374 -0.4285 -0.047, 0.2751 -0.471 -0.0511, 0.2076 -0.5043 -0.0552, 0.1341 -0.5286 -0.0596, 0.0566 -0.5425 -0.0643, -0.0227 -0.5449 -0.069, -0.1014 -0.5359 -0.0738, -0.1768 -0.5159 -0.0783, -0.2471 -0.4862 -0.0825, -0.3113 -0.4479 -0.0865, -0.371 -0.3998 -0.0908, -0.4245 -0.3425 -0.0954, -0.4696 -0.2773 -0.1002, -0.5049 -0.2063 -0.1049, -0.5293 -0.1317 -0.1095, -0.5425 -0.0558 -0.1139, -0.5451 0.019 -0.1179, -0.5371 0.0946 -0.1221, -0.5182 0.1701 -0.1266, -0.4882 0.2432 -0.1313, -0.4477 0.3115 -0.136, -0.3981 0.3728 -0.1407, -0.3411 0.4256 -0.1452, -0.3549 -0.4141 2.6663, -0.4103 -0.3593 2.6618, -0.0604 -0.5421 2.2909, -0.2781 -0.4692 2.2778, -0.3403 -0.4262 2.2737, 0.2066 0.5047 2.1837, 0.2742 0.4715 2.1796, -0.5044 -0.2075 1.47, -0.529 -0.1329 1.4653, -0.5401 -0.0757 1.0683, -0.0616 -0.5419 0.716, -0.139 -0.5274 0.7114, 0.2078 0.5043 0.6088, 0.2752 0.4709 0.6048, -0.4792 0.2605 0.2613, 0.3074 0.4505 -0.1847, 0.3675 0.403 -0.189, 0.1527 -0.5236 -0.4522, 0.0152 0.5452 2.9826, -0.064 0.5416 2.9874, -0.2142 0.5016 2.9964, -0.1413 0.5268 2.992, -0.3431 0.424 3.0046, -0.2811 0.4674 3.0004, 0.0759 -0.5401 -0.4568, 0.2248 -0.4969 -0.4478, 0.2907 -0.4614 -0.4439, 0.3521 -0.4165 -0.4397, 0.4078 -0.3621 -0.4352, 0.4945 -0.23 -0.4257, 0.4559 -0.2994 -0.4304, 0.5394 -0.0806 -0.4165, 0.5225 -0.1563 -0.421, 0.5454 -0.0053 -0.4124, 0.5409 0.0698 -0.4084, 0.4992 0.2197 -0.3993, 0.5256 0.1456 -0.404, 0.4152 0.3537 -0.3898, 0.462 0.2899 -0.3945, 0.3604 0.4094 -0.3853, 0.2997 0.4557 -0.381, 0.1632 0.5204 -0.3728, 0.2346 0.4924 -0.3771, 0.087 0.5384 -0.3682, 0.0081 0.5453 -0.3634, -0.1481 0.5249 -0.354, -0.0711 0.5407 -0.3587, -0.2205 0.4988 -0.3497, -0.2868 0.4639 -0.3457, -0.4046 0.3657 -0.337, -0.3484 0.4196 -0.3415, -0.4532 0.3034 -0.3323, -0.4924 0.2344 -0.3275, -0.5211 0.1609 -0.3228, -0.5387 0.0852 -0.3184, -0.5415 -0.0651 -0.3102, -0.5453 0.0099 -0.3142, -0.5269 -0.1409 -0.3058, -0.5011 -0.2153 -0.3012, -0.4646 -0.2857 -0.2964, -0.4183 -0.35 -0.2917, -0.3036 -0.4531 -0.2829, -0.364 -0.4062 -0.2871, -0.2388 -0.4904 -0.2789, -0.1678 -0.5189 -0.2746, -0.0918 -0.5376 -0.27, -0.013 -0.5452 -0.2653, 0.1434 -0.5262 -0.2559, 0.0663 -0.5414 -0.2605, 0.2162 -0.5007 -0.2515, 0.2829 -0.4663 -0.2475, 0.3448 -0.4226 -0.2434, 0.4014 -0.3693 -0.2389, 0.4903 -0.2388 -0.2294, 0.4505 -0.3075 -0.2342, 0.5197 -0.1655 -0.2247, 0.5379 -0.0899 -0.2202, 0.5452 -0.0144 -0.2161, 0.542 0.0605 -0.2121, 0.5281 0.1363 -0.2077, 0.503 0.2108 -0.203, 0.4671 0.2815 -0.1983, 0.4214 0.3462 -0.1935, 0.2429 0.4883 -0.1807, 0.1723 0.5175 -0.1765, 0.0179 0.5451 -0.1672, 0.0966 0.5368 -0.1719, -0.0614 0.5419 -0.1624, -0.2119 0.5025 -0.1533, -0.1388 0.5274 -0.1577, -0.279 0.4686 -0.1493, 0.1902 0.5112 0.2162, 0.1156 0.533 0.2207, 0.0374 0.5441 0.2254, -0.042 0.5438 0.2301, -0.1945 0.5096 0.2393, -0.1201 0.532 0.2348, -0.2631 0.4777 0.2434, -0.3262 0.4371 0.2475, -0.3847 0.3866 0.2518, -0.4363 0.3273 0.2565, -0.5118 0.1884 0.266, -0.5335 0.1132 0.2706, -0.5441 0.0375 0.2748, -0.5441 -0.0373 0.2788, -0.5119 -0.1882 0.2876, -0.5336 -0.113 0.2831, -0.4793 -0.2603 0.2924, -0.4364 -0.3271 0.2971, -0.3848 -0.3865 0.3018, -0.3264 -0.4369 0.3062, -0.1947 -0.5095 0.3143, -0.2633 -0.4776 0.3102, -0.1203 -0.532 0.3188, -0.0422 -0.5438 0.3235, 0.0371 -0.5441 0.3283, 0.1154 -0.5331 0.333, 0.2591 -0.4799 0.3416, 0.19 -0.5112 0.3375, 0.3225 -0.4399 0.3456, 0.3812 -0.39 0.35, 0.4333 -0.3312 0.3546, 0.4768 -0.2648 0.3594, 0.5325 -0.1179 0.3687, 0.5101 -0.1929 0.3641, 0.5438 -0.0421 0.373, 0.5444 0.0327 0.377, 0.5345 0.1084 0.3812, 0.5136 0.1836 0.3858, 0.4393 0.3232 0.3953, 0.4816 0.256 0.3905, 0.3882 0.3831 0.3999, 0.3302 0.4341 0.4043, 0.2673 0.4754 0.4084, 0.1991 0.5078 0.4125, 0.125 0.5309 0.4169, 0.0471 0.5434 0.4216, -0.0323 0.5444 0.4264, -0.1106 0.5341 0.4311, -0.1856 0.5129 0.4356, -0.2551 0.4821 0.4398, -0.3187 0.4426 0.4438, -0.3778 0.3933 0.4481, -0.4744 0.2691 0.4575, -0.4304 0.335 0.4528, -0.5084 0.1975 0.4623, -0.5315 0.1226 0.4669, -0.5434 0.0468 0.4712, -0.5447 -0.028 0.4752, -0.5152 -0.1791 0.4839, -0.5355 -0.1037 0.4794, -0.4838 -0.2517 0.4886, -0.4422 -0.3193 0.4934, -0.3916 -0.3796 0.4981, -0.3339 -0.4313 0.5025, -0.2034 -0.506 0.5106, -0.2713 -0.4731 0.5066, -0.1297 -0.5298 0.5151, -0.052 -0.5429 0.5198, 0.0274 -0.5447 0.5245, 0.1059 -0.535 0.5293, 0.251 -0.4842 0.538, 0.1811 -0.5145 0.5338, 0.3149 -0.4453 0.542, 0.3743 -0.3966 0.5463, 0.4274 -0.3388 0.5509, 0.472 -0.2733 0.5556, 0.5304 -0.1272 0.565, 0.5066 -0.202 0.5604, 0.543 -0.0514 0.5693, 0.5449 0.0234 0.5733, 0.5363 0.099 0.5775, 0.5167 0.1745 0.582, 0.4861 0.2474 0.5868, 0.445 0.3153 0.5915, 0.3949 0.3762 0.5962, 0.3376 0.4284 0.6007, 0.1343 0.5286 0.6132, 0.0568 0.5424 0.6179, -0.1011 0.5359 0.6274, -0.0225 0.5449 0.6227, -0.1766 0.516 0.6319, -0.2469 0.4863 0.6362, -0.3111 0.448 0.6401, -0.3708 0.3999 0.6444, -0.4695 0.2775 0.6538, -0.4243 0.3426 0.649, -0.5048 0.2065 0.6585, -0.3413 -0.4254 0.6988, -0.2792 -0.4685 0.7029, -0.2121 -0.5025 0.707, 0.5452 0.0142 0.7697, 0.542 -0.0607 0.7657, 0.528 -0.1365 0.7613, 0.225 0.4968 1.0015, 0.1529 0.5235 1.0058, 0.0761 0.5401 1.0104, -0.2957 0.4583 1.0328, -0.3567 0.4126 1.037, -0.4593 0.2942 1.0463, -0.4119 0.3575 1.0416, -0.4971 0.2244 1.0511, -0.5242 0.1504 1.0557, -0.5403 0.0747 1.0602, -0.5454 -0.0005 1.0642, -0.524 -0.1514 1.0728, -0.4967 -0.2254 1.0774, -0.4587 -0.2951 1.0822, -0.4112 -0.3583 1.0869, -0.2948 -0.4589 1.0957, -0.3559 -0.4133 1.0915, -0.2292 -0.4949 1.0996, -0.1575 -0.5222 1.104, -0.0809 -0.5394 1.1086, -0.0019 -0.5454 1.1133, 0.1539 -0.5232 1.1227, 0.0772 -0.5399 1.1181, 0.2259 -0.4964 1.127, 0.2918 -0.4608 1.131, 0.353 -0.4157 1.1352, 0.4087 -0.3612 1.1397, 0.4951 -0.2288 1.1492, 0.4566 -0.2983 1.1444, 0.5229 -0.155 1.1539, 0.5396 -0.0793 1.1583, 0.5454 -0.0041 1.1624, 0.5408 0.071 1.1665, 0.4986 0.2209 1.1756, 0.5253 0.1468 1.1709, 0.4613 0.291 1.1803, 0.4143 0.3547 1.1851, 0.3594 0.4102 1.1896, 0.2987 0.4563 1.1938, 0.162 0.5208 1.2021, 0.2335 0.4929 1.1978, 0.0857 0.5386 1.2067, 0.0068 0.5454 1.2115, -0.0724 0.5406 1.2162, -0.1493 0.5246 1.2208, -0.2217 0.4983 1.2252, -0.2879 0.4632 1.2292, -0.4055 0.3648 1.2379, -0.3494 0.4188 1.2334, -0.4539 0.3023 1.2426, -0.493 0.2332 1.2473, -0.5215 0.1597 1.252, -0.5389 0.084 1.2565, -0.5413 -0.0664 1.2647, -0.5453 0.0086 1.2606, -0.5265 -0.1422 1.269, -0.5006 -0.2165 1.2737, -0.4639 -0.2868 1.2785, -0.4175 -0.351 1.2832, -0.3025 -0.4538 1.292, -0.363 -0.407 1.2878, -0.2376 -0.4909 1.296, -0.1666 -0.5193 1.3003, -0.0905 -0.5378 1.3048, -0.0117 -0.5453 1.3096, 0.1447 -0.5259 1.319, 0.0676 -0.5412 1.3143, 0.2174 -0.5002 1.3234, 0.284 -0.4656 1.3274, 0.3458 -0.4218 1.3315, 0.4022 -0.3683 1.336, 0.4909 -0.2377 1.3455, 0.4512 -0.3064 1.3407, 0.5201 -0.1643 1.3502, 0.5381 -0.0887 1.3547, 0.5452 -0.0132 1.3588, 0.5419 0.0617 1.3628, 0.5278 0.1375 1.3672, 0.5025 0.212 1.3718, 0.4664 0.2827 1.3766, 0.4206 0.3472 1.3813, 0.3666 0.4039 1.3859, 0.3064 0.4512 1.3902, 0.2418 0.4889 1.3942, 0.1711 0.5179 1.3984, 0.0166 0.5451 1.4077, 0.0953 0.537 1.403, -0.0627 0.5418 1.4125, -0.14 0.5271 1.4171, -0.2131 0.502 1.4215, -0.2801 0.468 1.4256, -0.399 0.3719 1.4341, -0.3421 0.4248 1.4297, -0.4484 0.3104 1.4388, -0.4888 0.242 1.4436, -0.5186 0.1689 1.4483, -0.5374 0.0933 1.4528, -0.5424 -0.0571 1.461, -0.5451 0.0178 1.457, 0.5429 0.0524 1.5592, 0.5301 0.1282 1.5635, 0.5062 0.203 1.5681, -0.4371 0.3262 1.8314, -0.4798 0.2594 1.8361, -0.5123 0.1872 1.8409, -0.5442 0.0362 1.8497, -0.544 -0.0385 1.8537, -0.5115 -0.1894 1.8625, -0.5333 -0.1143 1.8579, -0.4786 -0.2615 1.8673, -0.4356 -0.3282 1.872, -0.3839 -0.3874 1.8767, -0.3254 -0.4377 1.881, -0.1935 -0.5099 1.8892, -0.2622 -0.4782 1.8851, -0.119 -0.5323 1.8937, -0.0409 -0.5439 1.8984, 0.0385 -0.544 1.9031, 0.1166 -0.5328 1.9079, 0.2602 -0.4793 1.9165, 0.1912 -0.5108 1.9123, 0.3235 -0.4391 1.9205, 0.3822 -0.3891 1.9249, 0.4341 -0.3301 1.9295, 0.4774 -0.2637 1.9343, 0.5328 -0.1167 1.9436, 0.5106 -0.1917 1.939, 0.5439 -0.0409 1.9479, 0.5443 0.0339 1.9518, 0.5343 0.1096 1.9561, 0.5131 0.1848 1.9606, 0.4385 0.3243 1.9702, 0.481 0.2572 1.9654, 0.3873 0.384 1.9748, 0.3292 0.4349 1.9792, 0.2663 0.476 1.9832, 0.1979 0.5082 1.9874, 0.0458 0.5435 1.9965, 0.1237 0.5312 1.9918, -0.0336 0.5444 2.0013, -0.1119 0.5338 2.006, -0.1868 0.5124 2.0105, -0.2561 0.4815 2.0147, -0.3787 0.3925 2.023, -0.3197 0.4419 2.0187, -0.475 0.2679 2.0324, -0.4312 0.334 2.0276, -0.5089 0.1963 2.0372, -0.5317 0.1213 2.0417, -0.5435 0.0455 2.046, -0.5446 -0.0293 2.05, -0.5147 -0.1803 2.0588, -0.5352 -0.1049 2.0542, -0.4832 -0.2529 2.0635, -0.4414 -0.3203 2.0683, -0.3907 -0.3806 2.073, -0.3329 -0.432 2.0774, -0.2023 -0.5065 2.0855, -0.2702 -0.4737 2.0814, -0.1284 -0.5301 2.09, -0.0507 -0.543 2.0946, 0.0287 -0.5446 2.0994, 0.1072 -0.5348 2.1041, 0.2521 -0.4837 2.1129, 0.1823 -0.514 2.1087, 0.3159 -0.4446 2.1168, 0.3753 -0.3958 2.1212, 0.4282 -0.3378 2.1258, 0.4726 -0.2722 2.1305, 0.5307 -0.126 2.1399, 0.5071 -0.2008 2.1353, 0.5431 -0.0502 2.1442, 0.5448 0.0247 2.1482, 0.5361 0.1003 2.1524, 0.5163 0.1757 2.1569, 0.4855 0.2485 2.1616, 0.4443 0.3164 2.1664, 0.394 0.3771 2.1711, 0.3366 0.4291 2.1755, 0.1331 0.5289 2.1881, 0.0555 0.5426 2.1928, -0.1024 0.5357 2.2023, -0.0238 0.5449 2.1975, -0.1778 0.5156 2.2068, -0.248 0.4858 2.211, -0.3121 0.4473 2.215, -0.3718 0.399 2.2193, -0.4702 0.2764 2.2287, -0.4251 0.3416 2.2239, -0.5053 0.2053 2.2334, -0.5295 0.1306 2.238, -0.5426 0.0548 2.2424, -0.545 -0.0201 2.2464, -0.537 -0.0956 2.2506, -0.5179 -0.1711 2.2551, -0.4877 -0.2442 2.2598, -0.3973 -0.3736 2.2692, -0.4471 -0.3124 2.2646, -0.211 -0.5029 2.2818, -0.1378 -0.5277 2.2863, 0.5452 0.0155 2.3446, 0.5422 -0.0594 2.3406, 0.5284 -0.1353 2.3362, 0.2153 0.5011 2.38, 0.1424 0.5265 2.3844, 0.0652 0.5415 2.389, 0.2239 0.4973 2.5763, 0.1516 0.5239 2.5807, 0.0748 0.5402 2.5853, -0.5399 -0.0769 2.6432, -0.5236 -0.1527 2.6476, -0.4961 -0.2266 2.6523, -0.458 -0.2962 2.6571, -0.2938 -0.4595 2.6705, -0.2281 -0.4954 2.6745, -0.0797 -0.5396 2.6834, -0.1562 -0.5225 2.6788, -0.0006 -0.5454 2.6882, 0.0785 -0.5397 2.693, 0.1551 -0.5229 2.6976, 0.2271 -0.4959 2.7019, 0.354 -0.4149 2.7101, 0.2928 -0.4601 2.7059, 0.4095 -0.3602 2.7146, 0.4573 -0.2972 2.7193, 0.4956 -0.2276 2.7241, 0.5233 -0.1538 2.7288, 0.5454 -0.0028 2.7373, 0.5398 -0.0781 2.7332, 0.5406 0.0723 2.7414, 0.5249 0.1481 2.7458, 0.4981 0.2221 2.7504, 0.4606 0.2921 2.7552, 0.3585 0.411 2.7645, 0.4135 0.3556 2.7599, 0.2976 0.457 2.7687, 0.2323 0.4934 2.7727, 0.1608 0.5212 2.777, 0.0845 0.5388 2.7816, -0.0737 0.5404 2.7911, 0.0055 0.5454 2.7863, -0.1505 0.5242 2.7957, -0.2228 0.4978 2.8001, -0.2889 0.4626 2.8041, -0.3504 0.418 2.8082, -0.4063 0.3638 2.8127, -0.4546 0.3013 2.8175, -0.5219 0.1584 2.8269, -0.4936 0.2321 2.8222, -0.5391 0.0827 2.8314, -0.5454 0.0074 2.8355, -0.5412 -0.0676 2.8395, -0.5262 -0.1434 2.8439, -0.4632 -0.2879 2.8533, -0.5001 -0.2177 2.8486, -0.4166 -0.352 2.8581, -0.3621 -0.4079 2.8626, -0.3015 -0.4545 2.8669, -0.2365 -0.4914 2.8709, -0.0893 -0.538 2.8797, -0.1654 -0.5197 2.8751, -0.0104 -0.5453 2.8845, 0.0688 -0.541 2.8892, 0.1459 -0.5255 2.8939, 0.2185 -0.4997 2.8982, 0.3468 -0.421 2.9064, 0.285 -0.465 2.9022, 0.4031 -0.3674 2.9109, 0.4519 -0.3053 2.9156, 0.4915 -0.2365 2.9204, 0.5205 -0.163 2.9251, 0.5453 -0.012 2.9337, 0.5384 -0.0874 2.9295, 0.5418 0.063 2.9377, 0.5274 0.1388 2.9421, 0.502 0.2132 2.9467, 0.4658 0.2838 2.9515, 0.3656 0.4047 2.9608, 0.4198 0.3482 2.9562, 0.3054 0.4519 2.9651, 0.2407 0.4894 2.969, 0.1699 0.5183 2.9733, 0.094 0.5372 2.9779, 0.094 0.5372 2.9779
            ]
        }
        coordIndex [
            0,1,2,-1,3,4,5,-1,5,4,6,-1,6,7,5,-1,5,7,8,-1,5,8,9,-1,10,11,12,-1,9,13,5,-1,5,13,14,-1,5,14,12,-1,12,14,15,-1,12,15,10,-1,1,16,2,-1,2,16,17,-1,2,17,18,-1,18,19,2,-1,2,19,20,-1,2,20,21,-1,21,20,22,-1,21,22,23,-1,23,24,21,-1,21,24,25,-1,21,25,5,-1,5,25,26,-1,5,26,3,-1,27,28,29,-1,30,31,32,-1,33,34,32,-1,34,35,32,-1,32,35,36,-1,32,36,30,-1,31,37,32,-1,32,37,38,-1,32,38,39,-1,27,29,40,-1,28,41,29,-1,29,41,42,-1,29,42,43,-1,43,44,29,-1,29,44,45,-1,29,45,2,-1,2,45,46,-1,2,46,0,-1,33,32,47,-1,47,32,48,-1,47,48,49,-1,49,48,50,-1,49,50,51,-1,52,53,54,-1,55,56,57,-1,55,57,58,-1,11,59,12,-1,12,59,60,-1,12,60,61,-1,61,60,62,-1,61,62,57,-1,57,62,63,-1,57,63,58,-1,64,57,65,-1,65,57,56,-1,65,56,66,-1,64,67,57,-1,57,67,68,-1,57,68,69,-1,69,68,70,-1,69,70,50,-1,50,70,71,-1,50,71,51,-1,66,72,65,-1,65,72,73,-1,65,73,74,-1,74,73,75,-1,74,75,76,-1,77,78,79,-1,76,75,80,-1,80,75,81,-1,80,81,82,-1,82,81,79,-1,79,81,83,-1,79,83,77,-1,78,84,79,-1,79,84,85,-1,79,85,54,-1,54,85,86,-1,54,86,52,-1,87,88,89,-1,89,88,90,-1,90,91,89,-1,89,91,92,-1,89,92,93,-1,93,94,89,-1,89,94,95,-1,89,95,96,-1,96,97,89,-1,89,97,98,-1,89,98,99,-1,99,98,100,-1,99,100,101,-1,53,102,54,-1,54,102,103,-1,54,103,89,-1,89,103,104,-1,104,105,89,-1,89,105,106,-1,89,106,107,-1,107,108,89,-1,89,108,109,-1,89,109,87,-1,110,111,112,-1,112,111,113,-1,112,113,114,-1,101,115,99,-1,99,115,116,-1,99,116,117,-1,117,116,118,-1,116,119,118,-1,118,119,120,-1,118,120,112,-1,112,120,121,-1,112,121,110,-1,122,123,124,-1,114,125,112,-1,112,125,126,-1,112,126,127,-1,127,126,128,-1,127,128,129,-1,129,128,130,-1,122,124,131,-1,130,128,124,-1,124,128,132,-1,124,132,131,-1,133,134,135,-1,135,136,133,-1,133,136,137,-1,133,137,138,-1,139,140,141,-1,141,140,142,-1,141,142,133,-1,133,142,143,-1,133,143,134,-1,144,145,141,-1,141,145,146,-1,141,146,139,-1,123,122,144,-1,144,122,147,-1,144,147,148,-1,148,149,144,-1,144,149,150,-1,144,150,145,-1,151,152,153,-1,153,152,154,-1,155,156,157,-1,156,158,157,-1,157,158,159,-1,157,159,160,-1,161,162,163,-1,163,162,164,-1,165,166,167,-1,167,166,168,-1,169,170,171,-1,171,170,172,-1,172,173,171,-1,171,173,174,-1,171,174,175,-1,168,176,167,-1,167,176,177,-1,167,177,178,-1,178,177,171,-1,178,171,179,-1,179,171,175,-1,180,181,182,-1,183,165,184,-1,184,165,185,-1,186,187,188,-1,188,189,186,-1,186,189,190,-1,186,190,185,-1,161,163,191,-1,191,163,192,-1,191,192,193,-1,194,195,196,-1,196,195,184,-1,190,193,185,-1,185,193,192,-1,185,192,184,-1,184,192,197,-1,184,197,196,-1,198,199,200,-1,200,199,201,-1,154,202,196,-1,196,202,203,-1,196,203,204,-1,197,200,196,-1,196,200,201,-1,196,201,154,-1,154,201,180,-1,154,180,153,-1,153,180,182,-1,205,206,165,-1,207,208,183,-1,183,208,209,-1,183,209,165,-1,165,209,210,-1,165,210,205,-1,211,212,213,-1,214,211,215,-1,215,211,213,-1,215,213,216,-1,217,218,211,-1,211,218,219,-1,211,219,220,-1,220,219,221,-1,220,221,183,-1,183,221,222,-1,183,222,207,-1,223,211,224,-1,224,211,225,-1,223,226,211,-1,211,226,227,-1,211,227,217,-1,228,229,206,-1,206,229,230,-1,206,230,165,-1,165,230,231,-1,165,231,166,-1,232,233,234,-1,234,233,235,-1,236,234,237,-1,237,234,235,-1,237,235,238,-1,238,235,239,-1,238,239,240,-1,211,241,242,-1,242,241,236,-1,204,203,243,-1,243,203,244,-1,243,244,245,-1,246,247,248,-1,220,249,211,-1,211,249,250,-1,211,250,241,-1,241,250,243,-1,241,243,248,-1,248,243,245,-1,248,245,246,-1,247,251,248,-1,248,251,252,-1,248,252,253,-1,254,239,255,-1,255,239,248,-1,255,248,256,-1,256,248,253,-1,254,257,239,-1,239,257,258,-1,239,258,259,-1,164,260,163,-1,163,260,155,-1,163,155,151,-1,151,155,157,-1,151,157,152,-1,152,157,261,-1,152,261,262,-1,262,261,240,-1,262,240,263,-1,263,240,239,-1,263,239,264,-1,264,239,259,-1,265,266,267,-1,267,266,268,-1,267,268,214,-1,214,268,229,-1,214,229,211,-1,211,229,228,-1,211,228,225,-1,213,269,216,-1,216,269,270,-1,216,270,271,-1,272,273,274,-1,273,275,274,-1,274,275,276,-1,274,276,277,-1,277,276,278,-1,279,280,278,-1,278,280,281,-1,278,281,277,-1,282,283,278,-1,278,283,284,-1,278,284,285,-1,285,286,278,-1,278,286,287,-1,278,287,279,-1,288,289,290,-1,272,274,291,-1,291,274,292,-1,291,292,293,-1,294,157,171,-1,171,157,160,-1,171,160,169,-1,294,295,157,-1,157,295,296,-1,157,296,297,-1,297,298,157,-1,157,298,299,-1,157,299,300,-1,300,299,301,-1,300,301,12,-1,12,301,302,-1,12,302,303,-1,304,305,306,-1,306,305,307,-1,304,308,305,-1,305,308,309,-1,305,309,310,-1,310,311,305,-1,305,311,312,-1,305,312,307,-1,290,292,288,-1,288,292,274,-1,288,274,313,-1,313,274,314,-1,313,314,315,-1,316,317,318,-1,317,319,318,-1,318,319,320,-1,318,320,231,-1,231,320,321,-1,231,321,322,-1,322,323,231,-1,231,323,324,-1,231,324,325,-1,326,327,328,-1,328,329,326,-1,326,329,330,-1,326,330,331,-1,331,330,332,-1,331,332,333,-1,333,334,331,-1,331,334,291,-1,331,291,335,-1,335,291,293,-1,335,293,336,-1,337,338,339,-1,337,339,340,-1,312,341,318,-1,318,341,342,-1,318,342,343,-1,315,316,313,-1,313,316,318,-1,313,318,344,-1,344,318,343,-1,344,343,345,-1,346,344,339,-1,339,344,345,-1,339,345,340,-1,326,347,12,-1,348,349,350,-1,350,349,351,-1,352,353,12,-1,353,354,12,-1,12,354,355,-1,12,355,326,-1,326,355,356,-1,326,356,327,-1,338,357,339,-1,339,357,358,-1,339,358,359,-1,359,358,360,-1,359,360,361,-1,360,362,361,-1,361,362,363,-1,361,363,364,-1,364,363,365,-1,366,367,368,-1,366,368,369,-1,365,370,364,-1,364,370,371,-1,364,371,372,-1,372,369,364,-1,364,369,368,-1,364,368,373,-1,373,368,5,-1,373,5,346,-1,346,5,12,-1,346,12,344,-1,344,12,347,-1,367,374,368,-1,368,374,375,-1,368,375,376,-1,212,211,377,-1,377,211,368,-1,377,368,378,-1,378,368,376,-1,378,376,379,-1,380,381,382,-1,382,381,383,-1,380,384,381,-1,381,384,385,-1,381,385,386,-1,386,387,381,-1,381,387,388,-1,381,388,389,-1,389,388,390,-1,390,391,389,-1,389,391,392,-1,389,392,393,-1,393,394,389,-1,389,394,395,-1,389,395,396,-1,383,381,397,-1,397,381,398,-1,397,398,303,-1,303,398,399,-1,303,399,400,-1,351,352,350,-1,350,352,12,-1,350,12,401,-1,401,12,303,-1,401,303,325,-1,325,303,400,-1,325,400,402,-1,402,403,325,-1,325,403,404,-1,325,404,405,-1,405,406,325,-1,325,406,407,-1,325,407,231,-1,231,407,408,-1,408,409,231,-1,231,409,410,-1,231,410,411,-1,412,413,307,-1,318,378,312,-1,312,378,379,-1,312,379,307,-1,307,379,414,-1,307,414,412,-1,413,415,307,-1,307,415,416,-1,307,416,417,-1,418,419,420,-1,418,420,421,-1,421,420,422,-1,421,422,423,-1,417,424,307,-1,307,424,421,-1,307,421,425,-1,425,421,423,-1,411,426,231,-1,231,426,427,-1,231,427,166,-1,166,427,428,-1,166,428,429,-1,429,428,430,-1,431,432,433,-1,433,432,434,-1,433,434,435,-1,436,437,435,-1,435,437,438,-1,435,438,433,-1,433,438,439,-1,433,439,431,-1,435,440,436,-1,436,440,441,-1,436,441,442,-1,442,443,436,-1,436,443,444,-1,436,444,445,-1,445,444,446,-1,445,446,447,-1,447,446,448,-1,447,448,428,-1,428,448,449,-1,428,449,430,-1,450,451,452,-1,452,453,450,-1,450,453,454,-1,450,454,455,-1,454,456,455,-1,455,456,457,-1,455,457,458,-1,457,459,458,-1,458,459,460,-1,458,460,461,-1,460,462,461,-1,461,462,463,-1,461,463,464,-1,463,465,464,-1,464,465,466,-1,464,466,467,-1,466,468,467,-1,467,468,469,-1,467,469,470,-1,469,471,470,-1,470,471,472,-1,470,472,473,-1,472,474,473,-1,473,474,475,-1,473,475,476,-1,475,477,476,-1,476,477,478,-1,476,478,479,-1,478,480,479,-1,479,480,481,-1,479,481,482,-1,481,483,482,-1,482,483,484,-1,482,484,485,-1,484,486,485,-1,485,486,487,-1,485,487,488,-1,487,489,488,-1,488,489,490,-1,488,490,491,-1,490,492,491,-1,491,492,493,-1,491,493,494,-1,493,495,494,-1,494,495,496,-1,494,496,497,-1,496,498,497,-1,497,498,499,-1,497,499,500,-1,499,501,500,-1,500,501,502,-1,500,502,503,-1,502,504,503,-1,503,504,505,-1,503,505,506,-1,505,507,506,-1,506,507,508,-1,506,508,509,-1,508,510,509,-1,509,510,511,-1,509,511,512,-1,511,513,512,-1,512,513,514,-1,512,514,515,-1,514,516,515,-1,515,516,517,-1,515,517,518,-1,517,519,518,-1,518,519,520,-1,518,520,521,-1,520,522,521,-1,521,522,523,-1,521,523,524,-1,523,525,524,-1,524,525,526,-1,524,526,527,-1,526,528,527,-1,527,528,529,-1,527,529,530,-1,529,531,530,-1,530,531,532,-1,530,532,533,-1,39,40,32,-1,32,40,29,-1,32,29,534,-1,534,29,533,-1,534,533,535,-1,535,533,532,-1,236,237,242,-1,242,237,536,-1,242,536,537,-1,536,538,537,-1,537,538,539,-1,537,539,540,-1,539,541,540,-1,540,541,542,-1,540,542,543,-1,542,544,543,-1,543,544,545,-1,543,545,546,-1,545,547,546,-1,546,547,548,-1,546,548,549,-1,548,550,549,-1,549,550,551,-1,549,551,552,-1,551,553,552,-1,552,553,554,-1,552,554,555,-1,554,556,555,-1,555,556,557,-1,555,557,451,-1,451,557,558,-1,451,558,452,-1,451,559,555,-1,555,559,560,-1,555,560,552,-1,552,560,561,-1,552,561,549,-1,549,561,562,-1,549,562,546,-1,546,562,563,-1,546,563,543,-1,543,563,564,-1,543,564,540,-1,540,564,565,-1,540,565,537,-1,537,565,566,-1,537,566,242,-1,242,566,567,-1,242,567,211,-1,211,567,568,-1,211,568,368,-1,368,568,569,-1,368,569,5,-1,5,569,570,-1,5,570,21,-1,21,570,571,-1,21,571,2,-1,2,571,572,-1,2,572,29,-1,29,572,573,-1,29,573,533,-1,533,573,574,-1,533,574,530,-1,530,574,575,-1,530,575,527,-1,527,575,576,-1,527,576,524,-1,524,576,577,-1,524,577,521,-1,521,577,578,-1,521,578,518,-1,518,578,579,-1,518,579,515,-1,515,579,580,-1,515,580,512,-1,512,580,581,-1,512,581,509,-1,509,581,582,-1,509,582,506,-1,506,582,583,-1,506,583,503,-1,503,583,584,-1,503,584,500,-1,500,584,585,-1,500,585,497,-1,497,585,586,-1,497,586,494,-1,494,586,587,-1,494,587,491,-1,491,587,588,-1,491,588,488,-1,488,588,589,-1,488,589,485,-1,485,589,590,-1,485,590,482,-1,482,590,591,-1,482,591,479,-1,479,591,592,-1,479,592,476,-1,476,592,593,-1,476,593,473,-1,473,593,594,-1,473,594,470,-1,470,594,595,-1,470,595,467,-1,467,595,596,-1,467,596,464,-1,464,596,597,-1,464,597,461,-1,461,597,598,-1,461,598,458,-1,458,598,599,-1,458,599,455,-1,455,599,600,-1,455,600,450,-1,450,600,601,-1,450,601,451,-1,451,601,559,-1,602,603,604,-1,605,606,607,-1,608,609,610,-1,611,612,613,-1,614,615,616,-1,617,618,619,-1,620,621,622,-1,622,621,623,-1,622,623,624,-1,625,626,620,-1,620,626,627,-1,620,627,621,-1,628,629,623,-1,623,629,630,-1,623,630,624,-1,631,632,628,-1,628,632,633,-1,628,633,629,-1,634,635,636,-1,634,637,635,-1,635,637,638,-1,635,638,631,-1,631,638,639,-1,631,639,632,-1,640,641,636,-1,636,641,642,-1,636,642,634,-1,640,636,643,-1,643,636,644,-1,643,644,645,-1,645,644,646,-1,645,646,647,-1,648,649,650,-1,650,649,651,-1,650,651,652,-1,652,653,650,-1,650,653,654,-1,650,654,646,-1,646,654,655,-1,646,655,647,-1,656,657,648,-1,657,658,648,-1,648,658,659,-1,648,659,649,-1,660,661,662,-1,648,663,656,-1,656,663,662,-1,656,662,664,-1,664,662,661,-1,660,662,665,-1,665,662,666,-1,665,666,667,-1,667,666,668,-1,667,668,669,-1,670,671,672,-1,672,671,668,-1,668,671,673,-1,668,673,669,-1,670,672,674,-1,674,672,675,-1,674,675,676,-1,618,677,619,-1,619,677,678,-1,619,678,627,-1,627,678,679,-1,627,679,621,-1,680,681,682,-1,682,681,683,-1,682,683,619,-1,619,683,684,-1,619,684,617,-1,615,685,616,-1,616,685,686,-1,616,686,682,-1,682,686,687,-1,682,687,680,-1,688,689,616,-1,616,689,690,-1,616,690,614,-1,691,692,688,-1,688,692,693,-1,688,693,689,-1,694,695,696,-1,696,695,697,-1,696,697,688,-1,688,697,698,-1,688,698,691,-1,699,700,701,-1,701,700,702,-1,701,702,696,-1,696,702,703,-1,696,703,694,-1,704,705,706,-1,706,705,707,-1,706,707,701,-1,701,707,708,-1,701,708,699,-1,709,710,711,-1,711,710,712,-1,711,712,706,-1,706,712,713,-1,706,713,704,-1,714,715,711,-1,711,715,716,-1,711,716,709,-1,717,718,719,-1,717,719,714,-1,714,719,720,-1,714,720,721,-1,721,722,714,-1,714,722,723,-1,714,723,715,-1,724,725,726,-1,726,725,727,-1,727,728,726,-1,726,728,729,-1,726,729,717,-1,717,729,730,-1,717,730,718,-1,731,732,733,-1,733,732,734,-1,733,734,726,-1,726,734,735,-1,726,735,724,-1,612,736,613,-1,613,736,737,-1,613,737,733,-1,733,737,738,-1,733,738,731,-1,611,613,739,-1,739,613,740,-1,739,740,741,-1,742,743,740,-1,740,743,744,-1,740,744,741,-1,745,746,747,-1,745,747,740,-1,740,747,748,-1,740,748,742,-1,749,750,751,-1,751,750,752,-1,752,753,751,-1,751,753,754,-1,751,754,745,-1,745,754,755,-1,745,755,746,-1,756,757,751,-1,751,757,758,-1,751,758,749,-1,759,760,756,-1,756,760,761,-1,756,761,757,-1,762,763,764,-1,764,763,765,-1,764,765,756,-1,756,765,766,-1,756,766,759,-1,767,768,769,-1,769,768,770,-1,769,770,764,-1,764,770,771,-1,764,771,762,-1,772,773,774,-1,774,773,775,-1,774,775,769,-1,769,775,776,-1,769,776,767,-1,777,778,779,-1,779,778,780,-1,779,780,774,-1,774,780,781,-1,774,781,772,-1,609,782,610,-1,610,782,783,-1,610,783,779,-1,779,783,784,-1,779,784,777,-1,606,785,607,-1,607,785,786,-1,607,786,610,-1,610,786,787,-1,610,787,608,-1,603,788,604,-1,604,788,789,-1,604,789,607,-1,607,789,790,-1,607,790,605,-1,791,792,793,-1,793,792,794,-1,793,794,604,-1,604,794,795,-1,604,795,602,-1,796,797,798,-1,798,797,799,-1,798,799,793,-1,793,799,800,-1,793,800,791,-1,801,802,803,-1,803,802,804,-1,803,804,798,-1,798,804,805,-1,798,805,796,-1,806,807,808,-1,808,807,809,-1,808,809,803,-1,803,809,810,-1,803,810,801,-1,811,812,813,-1,813,814,811,-1,811,814,815,-1,811,815,808,-1,808,815,816,-1,808,816,806,-1,817,818,819,-1,819,818,820,-1,819,820,811,-1,811,820,821,-1,811,821,812,-1,817,819,822,-1,822,819,823,-1,822,823,824,-1,824,823,825,-1,825,823,826,-1,825,826,827,-1,625,828,626,-1,626,828,829,-1,626,829,826,-1,826,829,830,-1,826,830,827,-1,831,832,833,-1,834,835,836,-1,837,838,839,-1,840,841,842,-1,843,844,845,-1,846,847,848,-1,849,850,851,-1,852,853,854,-1,855,856,857,-1,858,859,860,-1,860,859,861,-1,860,861,862,-1,862,861,863,-1,862,863,864,-1,865,866,867,-1,867,866,868,-1,867,868,860,-1,860,868,869,-1,860,869,858,-1,856,870,857,-1,857,870,871,-1,857,871,867,-1,867,871,872,-1,867,872,865,-1,873,874,875,-1,875,876,873,-1,873,876,877,-1,873,877,857,-1,857,877,878,-1,857,878,855,-1,879,880,873,-1,873,880,881,-1,873,881,874,-1,882,883,879,-1,879,883,884,-1,879,884,880,-1,885,886,887,-1,887,886,888,-1,887,888,879,-1,879,888,889,-1,879,889,882,-1,890,891,892,-1,892,891,893,-1,892,893,887,-1,887,893,894,-1,887,894,885,-1,895,896,897,-1,897,896,898,-1,897,898,892,-1,892,898,899,-1,892,899,890,-1,900,901,902,-1,902,901,903,-1,902,903,897,-1,897,903,904,-1,897,904,895,-1,905,906,902,-1,902,906,907,-1,907,908,902,-1,902,908,909,-1,902,909,900,-1,910,911,912,-1,912,911,913,-1,913,914,912,-1,912,914,915,-1,912,915,905,-1,905,915,916,-1,905,916,906,-1,853,917,854,-1,854,917,918,-1,854,918,912,-1,912,918,919,-1,912,919,910,-1,920,921,922,-1,922,921,923,-1,922,923,924,-1,924,923,925,-1,925,926,924,-1,924,926,927,-1,924,927,854,-1,854,927,928,-1,854,928,852,-1,850,929,851,-1,851,929,930,-1,851,930,922,-1,922,930,931,-1,922,931,920,-1,847,932,848,-1,848,932,933,-1,848,933,851,-1,851,933,934,-1,851,934,849,-1,846,848,935,-1,935,848,936,-1,935,936,937,-1,938,939,936,-1,936,939,940,-1,936,940,937,-1,941,942,943,-1,943,942,944,-1,943,944,936,-1,936,944,945,-1,936,945,938,-1,844,946,845,-1,845,946,947,-1,845,947,943,-1,943,947,948,-1,943,948,941,-1,949,950,951,-1,951,950,952,-1,951,952,845,-1,845,952,953,-1,845,953,843,-1,841,954,842,-1,842,954,955,-1,842,955,951,-1,951,955,956,-1,951,956,949,-1,957,958,959,-1,957,959,842,-1,842,959,960,-1,842,960,840,-1,838,961,839,-1,839,961,962,-1,839,962,957,-1,957,962,963,-1,957,963,958,-1,837,839,964,-1,964,839,965,-1,964,965,966,-1,967,968,969,-1,969,968,970,-1,969,970,965,-1,965,970,971,-1,965,971,972,-1,972,973,965,-1,965,973,974,-1,965,974,966,-1,975,976,977,-1,977,976,978,-1,977,978,969,-1,969,978,979,-1,969,979,967,-1,835,980,836,-1,836,980,981,-1,836,981,977,-1,977,981,982,-1,977,982,975,-1,983,984,985,-1,985,984,986,-1,985,986,836,-1,836,986,987,-1,836,987,834,-1,988,989,990,-1,990,989,991,-1,990,991,985,-1,985,991,992,-1,985,992,983,-1,993,994,995,-1,995,994,996,-1,995,996,990,-1,990,996,997,-1,990,997,988,-1,998,999,1000,-1,1000,999,1001,-1,1000,1001,995,-1,995,1001,1002,-1,995,1002,993,-1,998,1000,1003,-1,1003,1000,1004,-1,1003,1004,1005,-1,1006,1007,1004,-1,1004,1007,1008,-1,1004,1008,1005,-1,1009,1010,1011,-1,1011,1010,1012,-1,1010,1013,1012,-1,1012,1013,1014,-1,1012,1014,864,-1,864,1014,1015,-1,864,1015,862,-1,862,1015,1016,-1,862,1016,1006,-1,1006,1016,1017,-1,1006,1017,1007,-1,1018,1019,1011,-1,1011,1019,1020,-1,1011,1020,1009,-1,1021,1022,1018,-1,1018,1022,1023,-1,1018,1023,1019,-1,1024,1025,1026,-1,1026,1025,1027,-1,1026,1027,1021,-1,1021,1027,1028,-1,1021,1028,1022,-1,1029,1030,1031,-1,1031,1030,1032,-1,1029,1033,1030,-1,1030,1033,1034,-1,1030,1034,1026,-1,1026,1034,1035,-1,1026,1035,1024,-1,1036,1037,1038,-1,1038,1037,833,-1,1038,833,1039,-1,1039,833,832,-1,1036,1040,1037,-1,1037,1040,1041,-1,1037,1041,1032,-1,1032,1041,1042,-1,1032,1042,1031,-1,831,833,1043,-1,1043,833,1044,-1,1043,1044,1045,-1,1045,1044,1046,-1,1046,1044,1047,-1,1046,1047,1048,-1,1048,1047,1049,-1,1048,1049,1050,-1,1051,1052,1053,-1,1053,1052,1054,-1,1053,1054,1049,-1,1049,1054,1055,-1,1049,1055,1050,-1,1051,1053,1056,-1,1056,1053,1057,-1,1056,1057,1058,-1,1059,1060,1061,-1,1061,1062,1059,-1,1059,1062,1063,-1,1059,1063,1064,-1,1063,1065,1064,-1,1064,1065,1066,-1,1064,1066,1067,-1,1066,1068,1067,-1,1067,1068,1069,-1,1067,1069,1070,-1,1069,1071,1070,-1,1070,1071,1072,-1,1070,1072,1073,-1,1072,1074,1073,-1,1073,1074,1075,-1,1073,1075,1076,-1,1075,1077,1076,-1,1076,1077,1078,-1,1076,1078,1079,-1,1078,1080,1079,-1,1079,1080,1081,-1,1079,1081,1082,-1,1081,1083,1082,-1,1082,1083,1084,-1,1082,1084,1085,-1,1084,1086,1085,-1,1085,1086,1087,-1,1085,1087,1088,-1,1087,1089,1088,-1,1088,1089,1090,-1,1088,1090,1091,-1,1090,1092,1091,-1,1091,1092,1093,-1,1091,1093,1094,-1,1093,1095,1094,-1,1094,1095,1096,-1,1094,1096,1097,-1,1096,1098,1097,-1,1097,1098,1099,-1,1097,1099,1100,-1,1099,1101,1100,-1,1100,1101,1102,-1,1100,1102,1103,-1,1102,1104,1103,-1,1103,1104,1105,-1,1103,1105,1106,-1,1105,1107,1106,-1,1106,1107,1108,-1,1106,1108,1109,-1,1108,1110,1109,-1,1109,1110,1111,-1,1109,1111,1112,-1,1112,1111,1113,-1,1112,1113,1114,-1,1114,1113,1115,-1,1114,1115,1116,-1,1115,1117,1116,-1,1116,1117,1118,-1,1116,1118,1119,-1,1118,1120,1119,-1,1119,1120,1121,-1,1119,1121,1122,-1,1121,1123,1122,-1,1122,1123,1124,-1,1122,1124,1125,-1,1124,1126,1125,-1,1125,1126,1127,-1,1125,1127,1128,-1,1127,1129,1128,-1,1128,1129,1130,-1,1128,1130,1131,-1,1130,1132,1131,-1,1131,1132,1133,-1,1131,1133,1134,-1,1133,1135,1134,-1,1134,1135,1136,-1,1134,1136,1137,-1,1136,1138,1137,-1,1137,1138,1139,-1,1137,1139,1140,-1,1139,1141,1140,-1,1140,1141,1142,-1,1140,1142,1143,-1,1142,1144,1143,-1,1143,1144,1145,-1,1143,1145,1146,-1,1145,1147,1146,-1,1146,1147,1148,-1,1146,1148,1149,-1,1148,1150,1149,-1,1149,1150,1151,-1,1149,1151,1152,-1,1151,1153,1152,-1,1152,1153,1154,-1,1152,1154,1155,-1,1154,1156,1155,-1,1155,1156,1157,-1,1155,1157,1158,-1,1157,1159,1158,-1,1158,1159,1160,-1,1158,1160,1161,-1,1160,1162,1161,-1,1161,1162,1163,-1,1161,1163,1164,-1,1163,1165,1164,-1,1164,1165,1166,-1,1164,1166,1167,-1,1166,1168,1167,-1,1167,1168,1169,-1,1167,1169,1060,-1,1060,1169,1170,-1,1060,1170,1061,-1,1171,1172,1113,-1,1113,1111,1171,-1,1171,1111,1110,-1,1171,1110,1173,-1,1110,1108,1173,-1,1173,1108,1107,-1,1173,1107,1174,-1,1107,1105,1174,-1,1174,1105,1104,-1,1174,1104,1175,-1,1104,1102,1175,-1,1175,1102,1101,-1,1175,1101,1176,-1,1101,1099,1176,-1,1176,1099,1098,-1,1176,1098,1177,-1,1098,1096,1177,-1,1177,1096,1095,-1,1177,1095,1178,-1,1095,1093,1178,-1,1178,1093,1092,-1,1178,1092,1179,-1,1092,1090,1179,-1,1179,1090,1089,-1,1179,1089,1180,-1,1089,1087,1180,-1,1180,1087,1086,-1,1180,1086,1181,-1,1086,1084,1181,-1,1181,1084,1083,-1,1181,1083,1182,-1,1083,1081,1182,-1,1182,1081,1080,-1,1182,1080,1183,-1,1080,1078,1183,-1,1183,1078,1077,-1,1183,1077,1184,-1,1077,1075,1184,-1,1184,1075,1074,-1,1184,1074,1185,-1,1074,1072,1185,-1,1185,1072,1071,-1,1185,1071,1186,-1,1071,1069,1186,-1,1186,1069,1068,-1,1186,1068,1187,-1,1068,1066,1187,-1,1187,1066,1065,-1,1187,1065,1188,-1,1065,1063,1188,-1,1188,1063,1062,-1,1188,1062,1189,-1,1062,1061,1189,-1,1189,1061,1170,-1,1189,1170,1190,-1,1170,1169,1190,-1,1190,1169,1168,-1,1190,1168,1191,-1,1168,1166,1191,-1,1191,1166,1165,-1,1191,1165,1192,-1,1165,1163,1192,-1,1192,1163,1162,-1,1192,1162,1193,-1,1162,1160,1193,-1,1193,1160,1159,-1,1193,1159,1194,-1,1159,1157,1194,-1,1194,1157,1156,-1,1194,1156,1195,-1,1156,1154,1195,-1,1195,1154,1153,-1,1195,1153,1196,-1,1153,1151,1196,-1,1196,1151,1150,-1,1196,1150,1197,-1,1150,1148,1197,-1,1197,1148,1147,-1,1197,1147,1198,-1,1147,1145,1198,-1,1198,1145,1144,-1,1198,1144,1199,-1,1144,1142,1199,-1,1199,1142,1141,-1,1199,1141,1200,-1,1141,1139,1200,-1,1200,1139,1138,-1,1200,1138,1201,-1,1138,1136,1201,-1,1201,1136,1135,-1,1201,1135,1202,-1,1135,1133,1202,-1,1202,1133,1132,-1,1202,1132,1203,-1,1132,1130,1203,-1,1203,1130,1129,-1,1203,1129,1204,-1,1129,1127,1204,-1,1204,1127,1126,-1,1204,1126,1205,-1,1126,1124,1205,-1,1205,1124,1123,-1,1205,1123,1206,-1,1123,1121,1206,-1,1206,1121,1120,-1,1206,1120,1207,-1,1120,1118,1207,-1,1207,1118,1117,-1,1207,1117,1172,-1,1172,1117,1115,-1,1172,1115,1113,-1,1208,1172,1171,-1,1184,1209,1183,-1,1183,1209,1210,-1,1183,1210,1182,-1,1182,1210,1211,-1,1182,1211,1181,-1,1181,1211,1212,-1,1181,1212,1180,-1,1180,1212,1213,-1,1180,1213,1179,-1,1179,1213,1214,-1,1179,1214,1178,-1,1214,1215,1178,-1,1178,1215,1216,-1,1178,1216,1177,-1,1177,1216,1217,-1,1177,1217,1176,-1,1176,1217,1218,-1,1176,1218,1175,-1,1175,1218,1219,-1,1175,1219,1174,-1,1174,1219,1220,-1,1174,1220,1173,-1,1173,1220,1221,-1,1173,1221,1171,-1,1171,1221,1222,-1,1171,1222,1208,-1,1190,1223,1189,-1,1189,1223,1224,-1,1189,1224,1188,-1,1188,1224,1225,-1,1188,1225,1187,-1,1187,1225,1226,-1,1187,1226,1186,-1,1186,1226,1227,-1,1186,1227,1185,-1,1185,1227,1228,-1,1185,1228,1184,-1,1184,1228,1229,-1,1184,1229,1209,-1,1196,1230,1195,-1,1195,1230,1231,-1,1195,1231,1194,-1,1194,1231,1232,-1,1194,1232,1193,-1,1193,1232,1233,-1,1193,1233,1192,-1,1192,1233,1234,-1,1192,1234,1191,-1,1191,1234,1235,-1,1191,1235,1190,-1,1190,1235,1236,-1,1190,1236,1223,-1,1202,1237,1201,-1,1201,1237,1238,-1,1201,1238,1200,-1,1200,1238,1239,-1,1200,1239,1199,-1,1199,1239,1240,-1,1199,1240,1198,-1,1198,1240,1241,-1,1198,1241,1197,-1,1197,1241,1242,-1,1197,1242,1196,-1,1196,1242,1243,-1,1196,1243,1230,-1,1208,1244,1172,-1,1172,1244,1245,-1,1172,1245,1207,-1,1207,1245,1246,-1,1207,1246,1206,-1,1206,1246,1247,-1,1206,1247,1205,-1,1205,1247,1248,-1,1205,1248,1204,-1,1204,1248,1249,-1,1204,1249,1203,-1,1203,1249,1250,-1,1203,1250,1202,-1,1202,1250,1251,-1,1202,1251,1237,-1,513,1224,1223,-1,513,511,1224,-1,1224,511,510,-1,1224,510,1225,-1,510,508,1225,-1,1225,508,507,-1,1225,507,1226,-1,507,505,1226,-1,1226,505,504,-1,1226,504,1227,-1,504,502,1227,-1,1227,502,501,-1,1227,501,1228,-1,501,499,1228,-1,1228,499,498,-1,1228,498,1229,-1,498,496,1229,-1,1229,496,495,-1,1229,495,1209,-1,495,493,1209,-1,1209,493,492,-1,1209,492,1210,-1,492,490,1210,-1,1210,490,489,-1,1210,489,1211,-1,489,487,1211,-1,1211,487,486,-1,1211,486,1212,-1,486,484,1212,-1,1212,484,483,-1,1212,483,1213,-1,483,481,1213,-1,1213,481,480,-1,1213,480,1214,-1,480,478,1214,-1,1214,478,477,-1,1214,477,1215,-1,477,475,1215,-1,1215,475,474,-1,1215,474,1216,-1,474,472,1216,-1,1216,472,471,-1,1216,471,1217,-1,471,469,1217,-1,1217,469,468,-1,1217,468,1218,-1,468,466,1218,-1,1218,466,465,-1,1218,465,1219,-1,465,463,1219,-1,1219,463,462,-1,1219,462,1220,-1,462,460,1220,-1,1220,460,459,-1,1220,459,1221,-1,459,457,1221,-1,1221,457,456,-1,1221,456,1222,-1,456,454,1222,-1,1222,454,453,-1,1222,453,1208,-1,1208,453,452,-1,1208,452,1244,-1,1244,452,558,-1,1244,558,1245,-1,558,557,1245,-1,1245,557,556,-1,1245,556,1246,-1,556,554,1246,-1,1246,554,553,-1,1246,553,1247,-1,553,551,1247,-1,1247,551,550,-1,1247,550,1248,-1,550,548,1248,-1,1248,548,547,-1,1248,547,1249,-1,547,545,1249,-1,1249,545,544,-1,1249,544,1250,-1,544,542,1250,-1,1250,542,541,-1,1250,541,1251,-1,541,539,1251,-1,1251,539,538,-1,1251,538,1237,-1,538,536,1237,-1,1237,536,237,-1,1237,237,1238,-1,237,238,1238,-1,1238,238,240,-1,1238,240,1239,-1,240,261,1239,-1,1239,261,157,-1,1239,157,1240,-1,157,300,1240,-1,1240,300,12,-1,1240,12,1241,-1,12,61,1241,-1,1241,61,57,-1,1241,57,1242,-1,57,69,1242,-1,1242,69,50,-1,1242,50,1243,-1,50,48,1243,-1,1243,48,32,-1,1243,32,1230,-1,32,534,1230,-1,1230,534,535,-1,1230,535,1231,-1,535,532,1231,-1,1231,532,531,-1,1231,531,1232,-1,531,529,1232,-1,1232,529,528,-1,1232,528,1233,-1,528,526,1233,-1,1233,526,525,-1,1233,525,1234,-1,525,523,1234,-1,1234,523,522,-1,1234,522,1235,-1,522,520,1235,-1,1235,520,519,-1,1235,519,1236,-1,519,517,1236,-1,1236,517,516,-1,1236,516,1223,-1,1223,516,514,-1,1223,514,513,-1,601,1252,559,-1,559,1252,1253,-1,559,1253,560,-1,560,1253,1254,-1,560,1254,561,-1,561,1254,1255,-1,561,1255,562,-1,562,1255,1256,-1,562,1256,563,-1,563,1256,1257,-1,563,1257,564,-1,564,1257,1258,-1,564,1258,565,-1,565,1258,1259,-1,565,1259,566,-1,566,1259,1260,-1,566,1260,567,-1,567,1260,1261,-1,567,1261,568,-1,568,1261,1262,-1,568,1262,569,-1,569,1262,1263,-1,569,1263,570,-1,570,1263,1264,-1,570,1264,571,-1,571,1264,1265,-1,571,1265,572,-1,572,1265,1266,-1,572,1266,573,-1,573,1266,1267,-1,573,1267,574,-1,574,1267,1268,-1,574,1268,575,-1,575,1268,1269,-1,575,1269,576,-1,576,1269,1270,-1,576,1270,577,-1,577,1270,1271,-1,577,1271,578,-1,578,1271,1272,-1,578,1272,579,-1,579,1272,1273,-1,579,1273,580,-1,580,1273,1274,-1,580,1274,581,-1,581,1274,1275,-1,581,1275,582,-1,582,1275,1276,-1,582,1276,583,-1,583,1276,1277,-1,583,1277,584,-1,584,1277,1278,-1,584,1278,585,-1,585,1278,1279,-1,585,1279,586,-1,586,1279,1280,-1,586,1280,587,-1,587,1280,1281,-1,587,1281,588,-1,588,1281,1282,-1,588,1282,589,-1,589,1282,1283,-1,589,1283,590,-1,590,1283,1284,-1,590,1284,591,-1,591,1284,1285,-1,591,1285,592,-1,592,1285,1286,-1,592,1286,593,-1,593,1286,1287,-1,593,1287,594,-1,594,1287,1288,-1,594,1288,595,-1,595,1288,1289,-1,595,1289,596,-1,596,1289,1290,-1,596,1290,597,-1,597,1290,1291,-1,597,1291,598,-1,598,1291,1292,-1,598,1292,599,-1,599,1292,1293,-1,599,1293,600,-1,600,1293,1294,-1,600,1294,601,-1,601,1294,1252,-1,714,1282,717,-1,717,1282,1281,-1,717,1281,726,-1,726,1281,1280,-1,726,1280,733,-1,733,1280,1279,-1,733,1279,613,-1,696,1287,701,-1,701,1287,1286,-1,701,1286,706,-1,706,1286,1285,-1,706,1285,711,-1,711,1285,1284,-1,711,1284,714,-1,714,1284,1283,-1,714,1283,1282,-1,1279,1278,613,-1,613,1278,1277,-1,613,1277,740,-1,740,1277,1276,-1,740,1276,745,-1,745,1276,1275,-1,745,1275,751,-1,751,1275,1274,-1,751,1274,756,-1,619,1292,682,-1,682,1292,1291,-1,682,1291,616,-1,616,1291,1290,-1,616,1290,688,-1,688,1290,1289,-1,688,1289,696,-1,696,1289,1288,-1,696,1288,1287,-1,604,1263,793,-1,793,1263,1262,-1,793,1262,798,-1,798,1262,1261,-1,798,1261,803,-1,803,1261,1260,-1,803,1260,808,-1,774,1268,779,-1,779,1268,1267,-1,779,1267,610,-1,610,1267,1266,-1,610,1266,607,-1,607,1266,1265,-1,607,1265,604,-1,604,1265,1264,-1,604,1264,1263,-1,1274,1273,756,-1,756,1273,1272,-1,756,1272,764,-1,764,1272,1271,-1,764,1271,769,-1,769,1271,1270,-1,769,1270,774,-1,774,1270,1269,-1,774,1269,1268,-1,826,1253,626,-1,626,1253,1252,-1,626,1252,627,-1,627,1252,1294,-1,627,1294,619,-1,619,1294,1293,-1,619,1293,1292,-1,1260,1259,808,-1,808,1259,1258,-1,808,1258,811,-1,811,1258,1257,-1,811,1257,819,-1,819,1257,1256,-1,819,1256,823,-1,823,1256,1255,-1,823,1255,826,-1,826,1255,1254,-1,826,1254,1253,-1,1295,1296,1297,-1,1297,1296,1298,-1,1299,1300,1301,-1,1301,1300,1302,-1,1303,1304,1305,-1,1305,1304,1306,-1,1307,1308,1309,-1,1309,1308,1310,-1,1311,1312,1313,-1,1314,1315,1316,-1,1317,1318,1319,-1,1319,1318,1320,-1,1321,1322,1323,-1,1323,1322,1324,-1,1325,1326,1327,-1,1327,1326,1328,-1,1329,1330,1331,-1,1332,1333,1334,-1,1334,1333,1335,-1,1336,1337,1338,-1,1338,1337,1339,-1,1340,1341,1342,-1,1342,1341,1343,-1,1344,1345,1346,-1,1346,1345,1347,-1,1348,1349,1350,-1,1350,1349,1351,-1,1352,1353,1354,-1,1355,1356,1357,-1,1357,1356,1358,-1,1359,1360,1361,-1,1362,1363,1364,-1,1364,1363,1365,-1,1366,1367,1368,-1,1368,1367,1369,-1,1370,1371,1372,-1,1372,1371,1373,-1,1374,1375,1376,-1,1377,1378,1379,-1,1379,1378,1380,-1,1381,1382,1383,-1,1058,1057,1384,-1,1058,1384,1385,-1,1385,1384,1386,-1,1385,1386,1387,-1,1387,1386,1388,-1,1387,1388,1389,-1,1389,1388,1390,-1,1389,1390,1391,-1,1391,1390,1392,-1,1391,1392,1393,-1,1393,1392,1394,-1,1393,1394,1395,-1,1395,1394,1396,-1,1395,1396,1397,-1,1397,1396,1398,-1,1397,1398,1399,-1,1399,1398,1400,-1,1399,1400,1401,-1,1401,1400,1402,-1,1401,1402,1403,-1,1403,1402,1404,-1,1403,1404,1405,-1,1405,1404,1406,-1,1405,1406,1407,-1,1407,1406,1408,-1,1407,1408,1409,-1,1409,1408,1410,-1,1409,1410,1411,-1,1411,1410,1412,-1,1411,1412,1413,-1,1413,1412,1414,-1,1413,1414,1415,-1,1415,1414,1416,-1,1415,1416,1417,-1,1417,1416,1418,-1,1417,1418,1419,-1,1419,1418,1420,-1,1419,1420,1421,-1,1421,1420,1422,-1,1421,1422,1423,-1,1423,1422,1424,-1,1423,1424,1425,-1,1425,1424,1426,-1,1425,1426,1427,-1,1427,1426,1428,-1,1427,1428,1429,-1,1429,1428,1430,-1,1430,1428,1431,-1,1430,1431,1382,-1,1382,1431,1432,-1,1382,1432,1383,-1,1433,1434,1435,-1,1381,1383,1435,-1,1435,1383,1436,-1,1435,1436,1433,-1,1434,1433,1437,-1,1437,1433,1438,-1,1437,1438,1439,-1,1438,1440,1439,-1,1439,1440,1441,-1,1439,1441,1442,-1,1442,1441,1443,-1,1443,1441,1444,-1,1443,1444,1445,-1,1445,1444,1446,-1,1445,1446,1447,-1,1380,1378,1447,-1,1447,1378,1448,-1,1447,1448,1445,-1,1449,1450,1451,-1,1377,1379,1451,-1,1451,1379,1452,-1,1451,1452,1449,-1,1450,1449,1453,-1,1453,1449,1454,-1,1453,1454,1375,-1,1375,1454,1455,-1,1375,1455,1376,-1,1456,1457,1458,-1,1374,1376,1459,-1,1459,1376,1460,-1,1459,1460,1457,-1,1457,1460,1461,-1,1457,1461,1458,-1,1462,1463,1464,-1,1456,1458,1465,-1,1465,1458,1466,-1,1465,1466,1467,-1,1467,1466,1468,-1,1467,1468,1469,-1,1469,1468,1470,-1,1469,1470,1471,-1,1471,1470,1472,-1,1471,1472,1473,-1,1473,1472,1474,-1,1473,1474,1464,-1,1464,1474,1475,-1,1464,1475,1462,-1,1463,1462,1476,-1,1476,1462,1477,-1,1476,1477,1478,-1,1477,1479,1478,-1,1478,1479,1480,-1,1478,1480,1481,-1,1481,1480,1482,-1,1482,1480,1483,-1,1482,1483,1484,-1,1484,1483,1485,-1,1484,1485,1486,-1,1486,1485,1487,-1,1486,1487,1488,-1,1487,1489,1488,-1,1488,1489,1490,-1,1488,1490,1491,-1,1491,1490,1373,-1,1491,1373,1492,-1,1492,1373,1371,-1,1372,1493,1370,-1,1370,1493,1494,-1,1370,1494,1495,-1,1495,1494,1496,-1,1495,1496,1497,-1,1497,1496,1498,-1,1497,1498,1499,-1,1499,1498,1500,-1,1499,1500,1501,-1,1501,1500,1502,-1,1502,1500,1503,-1,1502,1503,1504,-1,1503,1505,1504,-1,1504,1505,1506,-1,1504,1506,1507,-1,1507,1506,1508,-1,1507,1508,1509,-1,1509,1508,1510,-1,1508,1511,1510,-1,1510,1511,1512,-1,1510,1512,1513,-1,1513,1512,1514,-1,1513,1514,1515,-1,1515,1514,1516,-1,1515,1516,1517,-1,1517,1516,1518,-1,1518,1516,1519,-1,1518,1519,1520,-1,1520,1519,1521,-1,1520,1521,1522,-1,1521,1523,1522,-1,1522,1523,1524,-1,1522,1524,1525,-1,1525,1524,1526,-1,1525,1526,1527,-1,1527,1526,1528,-1,1527,1528,1529,-1,1529,1528,1530,-1,1528,1531,1530,-1,1530,1531,1532,-1,1530,1532,1533,-1,1533,1532,1534,-1,1533,1534,1535,-1,1535,1534,1536,-1,1535,1536,1537,-1,1538,1539,1540,-1,1540,1539,1541,-1,1540,1541,1542,-1,1537,1536,1543,-1,1543,1536,1544,-1,1543,1544,1545,-1,1545,1544,1546,-1,1545,1546,1538,-1,1538,1546,1547,-1,1538,1547,1539,-1,1542,1541,1548,-1,1548,1541,1549,-1,1548,1549,1550,-1,1549,1551,1550,-1,1550,1551,1552,-1,1550,1552,1553,-1,1553,1552,1554,-1,1553,1554,1555,-1,1556,1557,1558,-1,1558,1557,1559,-1,1558,1559,1560,-1,1555,1554,1561,-1,1561,1554,1562,-1,1561,1562,1563,-1,1563,1562,1564,-1,1563,1564,1565,-1,1565,1564,1566,-1,1565,1566,1556,-1,1556,1566,1567,-1,1556,1567,1557,-1,1560,1559,1568,-1,1568,1559,1569,-1,1568,1569,1570,-1,1570,1569,1571,-1,1570,1571,1572,-1,1572,1571,1573,-1,1572,1573,1574,-1,1574,1573,1575,-1,1574,1575,1576,-1,1576,1575,1577,-1,1576,1577,1578,-1,1578,1577,1579,-1,1578,1579,1580,-1,1579,1581,1580,-1,1580,1581,1582,-1,1580,1582,1583,-1,1583,1582,1584,-1,1583,1584,1585,-1,1586,1587,1588,-1,1588,1587,1589,-1,1588,1589,1590,-1,1585,1584,1591,-1,1591,1584,1592,-1,1591,1592,1586,-1,1586,1592,1593,-1,1586,1593,1587,-1,1590,1589,1594,-1,1594,1589,1595,-1,1594,1595,1596,-1,1596,1595,1597,-1,1596,1597,1598,-1,1598,1597,1599,-1,1598,1599,1600,-1,1599,1601,1600,-1,1600,1601,1602,-1,1600,1602,1603,-1,1603,1602,1604,-1,1369,1367,1605,-1,1605,1367,1606,-1,1605,1606,1607,-1,1607,1606,1608,-1,1607,1608,1604,-1,1604,1608,1609,-1,1604,1609,1603,-1,1610,1611,1612,-1,1612,1611,1613,-1,1612,1613,1614,-1,1366,1368,1615,-1,1615,1368,1616,-1,1615,1616,1617,-1,1617,1616,1618,-1,1617,1618,1610,-1,1610,1618,1619,-1,1610,1619,1611,-1,1614,1613,1620,-1,1620,1613,1621,-1,1620,1621,1622,-1,1622,1621,1623,-1,1622,1623,1624,-1,1624,1623,1625,-1,1624,1625,1626,-1,1625,1627,1626,-1,1626,1627,1628,-1,1626,1628,1629,-1,1629,1628,1630,-1,1629,1630,1631,-1,1631,1630,1632,-1,1632,1630,1633,-1,1632,1633,1634,-1,1634,1633,1635,-1,1634,1635,1636,-1,1636,1635,1637,-1,1636,1637,1638,-1,1638,1637,1639,-1,1638,1639,1640,-1,1640,1639,1641,-1,1640,1641,1642,-1,1642,1641,1643,-1,1642,1643,1644,-1,1644,1643,1645,-1,1644,1645,1646,-1,1646,1645,1647,-1,1646,1647,1648,-1,1648,1647,1649,-1,1648,1649,1650,-1,1650,1649,1651,-1,1650,1651,1652,-1,1652,1651,1653,-1,1652,1653,1654,-1,1654,1653,1655,-1,1654,1655,1656,-1,1656,1655,1657,-1,1656,1657,1658,-1,1658,1657,1659,-1,1658,1659,1660,-1,1660,1659,1661,-1,1660,1661,1662,-1,1662,1661,1663,-1,1662,1663,1664,-1,1664,1663,1665,-1,1664,1665,1666,-1,1666,1665,1667,-1,1666,1667,1668,-1,1668,1667,1669,-1,1668,1669,1670,-1,1670,1669,1671,-1,1670,1671,1672,-1,1671,1673,1672,-1,1672,1673,1674,-1,1672,1674,1675,-1,1675,1674,1676,-1,1365,1363,1677,-1,1677,1363,1678,-1,1677,1678,1679,-1,1679,1678,1680,-1,1679,1680,1681,-1,1681,1680,1682,-1,1681,1682,1683,-1,1683,1682,1684,-1,1683,1684,1685,-1,1685,1684,1686,-1,1685,1686,1687,-1,1687,1686,1688,-1,1687,1688,1689,-1,1689,1688,1690,-1,1689,1690,1691,-1,1691,1690,1692,-1,1691,1692,1693,-1,1693,1692,1694,-1,1693,1694,1695,-1,1695,1694,1696,-1,1695,1696,1697,-1,1697,1696,1698,-1,1697,1698,1699,-1,1699,1698,1700,-1,1699,1700,1676,-1,1676,1700,1701,-1,1676,1701,1675,-1,1702,1703,1704,-1,1704,1703,1705,-1,1362,1364,1706,-1,1706,1364,1707,-1,1706,1707,1708,-1,1708,1707,1709,-1,1708,1709,1705,-1,1705,1709,1710,-1,1705,1710,1704,-1,1711,1712,1713,-1,1713,1712,1714,-1,1713,1714,1715,-1,1715,1714,1716,-1,1715,1716,1717,-1,1717,1716,1718,-1,1717,1718,1719,-1,1719,1718,1720,-1,1719,1720,1721,-1,1721,1720,1722,-1,1721,1722,1723,-1,1723,1722,1724,-1,1723,1724,1725,-1,1725,1724,1726,-1,1725,1726,1727,-1,1727,1726,1728,-1,1727,1728,1729,-1,1729,1728,1730,-1,1729,1730,1731,-1,1731,1730,1732,-1,1731,1732,1733,-1,1733,1732,1734,-1,1733,1734,1735,-1,1735,1734,1736,-1,1735,1736,1737,-1,1737,1736,1738,-1,1737,1738,1739,-1,1739,1738,1740,-1,1739,1740,1741,-1,1741,1740,1742,-1,1741,1742,1743,-1,1743,1742,1744,-1,1743,1744,1745,-1,1745,1744,1746,-1,1745,1746,1747,-1,1747,1746,1748,-1,1747,1748,1749,-1,1749,1748,1750,-1,1749,1750,1751,-1,1751,1750,1752,-1,1751,1752,1753,-1,1753,1752,1754,-1,1753,1754,1755,-1,1755,1754,1756,-1,1755,1756,1757,-1,1757,1756,1758,-1,1757,1758,1759,-1,1759,1758,1760,-1,1759,1760,1761,-1,1761,1760,1762,-1,1761,1762,1763,-1,1763,1762,1764,-1,1763,1764,1765,-1,1765,1764,1766,-1,1765,1766,1767,-1,1767,1766,1768,-1,1767,1768,1769,-1,1769,1768,1770,-1,1769,1770,1771,-1,1771,1770,1772,-1,1771,1772,1773,-1,1773,1772,1774,-1,1773,1774,1775,-1,1775,1774,1776,-1,1775,1776,1777,-1,1777,1776,1778,-1,1777,1778,1779,-1,1779,1778,1780,-1,1779,1780,1781,-1,1781,1780,1782,-1,1781,1782,1783,-1,1783,1782,1784,-1,1783,1784,1785,-1,1785,1784,1786,-1,1785,1786,1787,-1,1787,1786,1788,-1,1787,1788,1789,-1,1789,1788,1790,-1,1789,1790,1791,-1,1791,1790,1792,-1,1791,1792,1793,-1,1793,1792,1794,-1,1793,1794,1795,-1,1795,1794,1796,-1,1795,1796,1797,-1,1797,1796,1798,-1,1797,1798,1799,-1,1799,1798,1800,-1,1799,1800,1801,-1,1801,1800,1802,-1,1801,1802,1803,-1,1803,1802,1804,-1,1803,1804,1805,-1,1805,1804,1806,-1,1805,1806,1807,-1,1807,1806,1808,-1,1807,1808,1809,-1,1809,1808,1810,-1,1809,1810,1811,-1,1811,1810,1812,-1,1811,1812,1813,-1,1813,1812,1814,-1,1813,1814,1815,-1,1815,1814,1816,-1,1815,1816,1817,-1,1817,1816,1818,-1,1817,1818,1819,-1,1819,1818,1820,-1,1819,1820,1821,-1,1821,1820,1822,-1,1821,1822,1823,-1,1823,1822,1824,-1,1823,1824,1825,-1,1825,1824,1826,-1,1825,1826,1827,-1,1827,1826,1828,-1,1827,1828,1829,-1,1829,1828,1830,-1,1829,1830,1831,-1,1831,1830,1832,-1,1831,1832,1833,-1,1833,1832,1834,-1,1833,1834,1835,-1,1835,1834,1836,-1,1835,1836,1837,-1,1837,1836,1838,-1,1837,1838,1839,-1,1839,1838,1840,-1,1839,1840,1841,-1,1841,1840,1842,-1,1841,1842,1843,-1,1843,1842,1844,-1,1843,1844,1702,-1,1702,1844,1845,-1,1702,1845,1703,-1,1846,1847,1848,-1,1848,1847,1849,-1,1848,1849,1850,-1,1850,1849,1851,-1,1850,1851,1852,-1,1852,1851,1853,-1,1852,1853,1854,-1,1854,1853,1855,-1,1854,1855,1856,-1,1856,1855,1857,-1,1856,1857,1858,-1,1858,1857,1859,-1,1858,1859,1860,-1,1860,1859,1861,-1,1860,1861,1862,-1,1862,1861,1863,-1,1862,1863,1864,-1,1864,1863,1865,-1,1864,1865,1866,-1,1866,1865,1867,-1,1866,1867,1868,-1,1868,1867,1869,-1,1868,1869,1870,-1,1870,1869,1871,-1,1870,1871,1872,-1,1872,1871,1873,-1,1872,1873,1874,-1,1874,1873,1875,-1,1874,1875,1876,-1,1876,1875,1877,-1,1876,1877,1878,-1,1878,1877,1879,-1,1878,1879,1880,-1,1880,1879,1881,-1,1880,1881,1882,-1,1882,1881,1883,-1,1882,1883,1884,-1,1884,1883,1885,-1,1884,1885,1886,-1,1886,1885,1887,-1,1886,1887,1888,-1,1888,1887,1889,-1,1888,1889,1890,-1,1890,1889,1891,-1,1890,1891,1892,-1,1892,1891,1893,-1,1892,1893,1894,-1,1894,1893,1895,-1,1894,1895,1896,-1,1896,1895,1897,-1,1896,1897,1898,-1,1898,1897,1899,-1,1898,1899,1900,-1,1900,1899,1901,-1,1900,1901,1902,-1,1902,1901,1903,-1,1902,1903,1904,-1,1904,1903,1905,-1,1904,1905,1906,-1,1906,1905,1907,-1,1906,1907,1908,-1,1908,1907,1909,-1,1908,1909,1910,-1,1910,1909,1911,-1,1910,1911,1912,-1,1912,1911,1913,-1,1912,1913,1914,-1,1914,1913,1915,-1,1914,1915,1916,-1,1916,1915,1917,-1,1916,1917,1918,-1,1918,1917,1919,-1,1918,1919,1920,-1,1920,1919,1921,-1,1920,1921,1922,-1,1922,1921,1923,-1,1922,1923,1924,-1,1924,1923,1925,-1,1924,1925,1926,-1,1926,1925,1927,-1,1926,1927,1928,-1,1928,1927,1929,-1,1928,1929,1930,-1,1930,1929,1931,-1,1930,1931,1932,-1,1932,1931,1933,-1,1932,1933,1934,-1,1934,1933,1935,-1,1934,1935,1936,-1,1936,1935,1937,-1,1936,1937,1938,-1,1938,1937,1939,-1,1938,1939,1940,-1,1940,1939,1941,-1,1940,1941,1942,-1,1942,1941,1943,-1,1942,1943,1944,-1,1944,1943,1945,-1,1944,1945,1946,-1,1946,1945,1947,-1,1946,1947,1948,-1,1948,1947,1949,-1,1948,1949,1950,-1,1950,1949,1951,-1,1950,1951,1952,-1,1952,1951,1953,-1,1952,1953,1954,-1,1954,1953,1955,-1,1954,1955,1956,-1,1956,1955,1957,-1,1956,1957,1958,-1,1958,1957,1959,-1,1958,1959,1960,-1,1960,1959,1961,-1,1960,1961,1962,-1,1962,1961,1963,-1,1962,1963,1964,-1,1964,1963,1965,-1,1964,1965,1966,-1,1966,1965,1967,-1,1966,1967,1968,-1,1968,1967,1969,-1,1968,1969,1970,-1,1970,1969,1971,-1,1970,1971,1972,-1,1972,1971,1973,-1,1972,1973,1974,-1,1974,1973,1975,-1,1974,1975,1976,-1,1976,1975,1977,-1,1976,1977,1978,-1,1978,1977,1979,-1,1978,1979,1980,-1,1980,1979,1981,-1,1980,1981,1982,-1,1982,1981,1983,-1,1982,1983,1984,-1,1984,1983,1985,-1,1984,1985,1986,-1,1986,1985,1987,-1,1986,1987,1988,-1,1988,1987,1989,-1,1988,1989,1990,-1,1990,1989,1991,-1,1990,1991,1992,-1,1992,1991,1993,-1,1992,1993,1994,-1,1994,1993,1995,-1,1994,1995,1996,-1,1996,1995,1997,-1,1996,1997,1998,-1,1998,1997,1999,-1,1998,1999,2000,-1,2000,1999,2001,-1,2000,2001,2002,-1,2002,2001,2003,-1,2002,2003,2004,-1,2004,2003,2005,-1,2004,2005,2006,-1,2006,2005,2007,-1,2006,2007,2008,-1,2008,2007,2009,-1,2008,2009,2010,-1,2010,2009,2011,-1,2010,2011,2012,-1,2012,2011,2013,-1,2012,2013,2014,-1,2014,2013,2015,-1,2014,2015,2016,-1,2016,2015,2017,-1,2016,2017,2018,-1,2018,2017,2019,-1,2018,2019,2020,-1,2020,2019,2021,-1,2020,2021,2022,-1,2022,2021,2023,-1,2022,2023,2024,-1,2024,2023,2025,-1,2024,2025,2026,-1,2026,2025,2027,-1,2026,2027,2028,-1,2028,2027,2029,-1,2028,2029,2030,-1,2030,2029,2031,-1,2030,2031,2032,-1,2032,2031,2033,-1,2032,2033,2034,-1,2034,2033,2035,-1,2034,2035,2036,-1,2036,2035,2037,-1,2036,2037,2038,-1,2038,2037,2039,-1,2038,2039,2040,-1,2040,2039,2041,-1,2040,2041,2042,-1,2042,2041,2043,-1,2042,2043,2044,-1,2044,2043,2045,-1,2044,2045,2046,-1,2046,2045,2047,-1,2046,2047,2048,-1,2048,2047,2049,-1,2048,2049,2050,-1,2050,2049,2051,-1,2050,2051,2052,-1,2052,2051,2053,-1,2052,2053,2054,-1,2054,2053,2055,-1,2054,2055,2056,-1,2056,2055,2057,-1,2056,2057,2058,-1,2058,2057,2059,-1,2058,2059,2060,-1,2060,2059,2061,-1,2060,2061,2062,-1,2062,2061,2063,-1,2062,2063,2064,-1,2064,2063,2065,-1,2064,2065,2066,-1,2066,2065,2067,-1,2066,2067,2068,-1,2068,2067,2069,-1,2068,2069,2070,-1,2070,2069,2071,-1,2070,2071,2072,-1,2072,2071,2073,-1,2072,2073,2074,-1,2074,2073,2075,-1,2074,2075,2076,-1,2076,2075,2077,-1,2076,2077,2078,-1,2078,2077,2079,-1,2078,2079,2080,-1,2080,2079,2081,-1,2080,2081,2082,-1,2082,2081,2083,-1,2082,2083,2084,-1,2084,2083,2085,-1,2084,2085,2086,-1,2086,2085,2087,-1,2086,2087,2088,-1,2088,2087,2089,-1,2088,2089,2090,-1,2090,2089,2091,-1,2090,2091,2092,-1,2092,2091,2093,-1,2092,2093,2094,-1,2094,2093,2095,-1,2094,2095,2096,-1,2096,2095,2097,-1,2096,2097,2098,-1,2098,2097,2099,-1,2098,2099,2100,-1,2100,2099,2101,-1,2100,2101,1711,-1,1711,2101,1712,-1,1848,2102,1846,-1,1846,2102,2103,-1,1846,2103,2104,-1,2104,2103,2105,-1,2104,2105,2106,-1,2106,2105,2107,-1,2105,2108,2107,-1,2107,2108,2109,-1,2107,2109,2110,-1,2110,2109,2111,-1,2111,2109,2112,-1,2111,2112,2113,-1,2113,2112,2114,-1,2113,2114,2115,-1,2115,2114,2116,-1,2115,2116,1360,-1,1360,2116,2117,-1,1360,2117,1361,-1,2118,2119,2120,-1,1359,1361,2120,-1,2120,1361,2121,-1,2120,2121,2118,-1,2119,2118,2122,-1,2122,2118,2123,-1,2122,2123,2124,-1,2123,2125,2124,-1,2124,2125,2126,-1,2124,2126,2127,-1,2127,2126,2128,-1,2128,2126,2129,-1,2128,2129,2130,-1,2130,2129,2131,-1,2130,2131,2132,-1,1358,1356,2132,-1,2132,1356,2133,-1,2132,2133,2130,-1,1355,1357,2134,-1,2134,1357,2135,-1,2134,2135,2136,-1,2136,2135,2137,-1,2136,2137,2138,-1,2138,2137,2139,-1,2138,2139,1353,-1,1353,2139,2140,-1,1353,2140,1354,-1,2141,2142,2143,-1,1352,1354,2144,-1,2144,1354,2145,-1,2144,2145,2142,-1,2142,2145,2146,-1,2142,2146,2143,-1,2141,2143,2147,-1,2147,2143,2148,-1,2147,2148,2149,-1,2149,2148,2150,-1,2149,2150,2151,-1,2151,2150,2152,-1,2151,2152,2153,-1,2154,2155,2156,-1,2156,2155,2157,-1,2156,2157,2158,-1,2158,2157,2159,-1,2158,2159,2160,-1,2160,2159,2153,-1,2160,2153,2161,-1,2161,2153,2152,-1,2156,2162,2154,-1,2154,2162,2163,-1,2154,2163,2164,-1,2164,2163,2165,-1,2164,2165,2166,-1,2166,2165,2167,-1,2167,2165,2168,-1,2167,2168,2169,-1,2169,2168,2170,-1,2169,2170,2171,-1,2171,2170,2172,-1,2171,2172,2173,-1,2172,2174,2173,-1,2173,2174,2175,-1,2173,2175,2176,-1,2176,2175,1351,-1,2176,1351,2177,-1,2177,1351,1349,-1,1350,2178,1348,-1,1348,2178,2179,-1,1348,2179,2180,-1,2180,2179,2181,-1,2180,2181,2182,-1,2182,2181,2183,-1,2182,2183,2184,-1,2184,2183,2185,-1,2184,2185,2186,-1,2186,2185,2187,-1,2187,2185,2188,-1,2187,2188,2189,-1,2188,2190,2189,-1,2189,2190,2191,-1,2189,2191,2192,-1,2192,2191,2193,-1,2192,2193,2194,-1,2194,2193,2195,-1,2193,2196,2195,-1,2195,2196,2197,-1,2195,2197,2198,-1,2198,2197,2199,-1,2198,2199,2200,-1,2200,2199,2201,-1,2200,2201,2202,-1,2202,2201,2203,-1,2203,2201,2204,-1,2203,2204,2205,-1,2205,2204,2206,-1,2205,2206,2207,-1,2206,2208,2207,-1,2207,2208,2209,-1,2207,2209,2210,-1,2210,2209,2211,-1,2210,2211,2212,-1,2212,2211,2213,-1,2213,2211,2214,-1,2213,2214,2215,-1,2214,2216,2215,-1,2215,2216,2217,-1,2215,2217,2218,-1,2218,2217,2219,-1,2218,2219,2220,-1,2220,2219,2221,-1,2220,2221,2222,-1,2222,2221,2223,-1,2222,2223,2224,-1,2225,2226,2227,-1,2227,2226,2228,-1,2227,2228,2229,-1,2224,2223,2230,-1,2230,2223,2231,-1,2230,2231,2225,-1,2225,2231,2232,-1,2225,2232,2226,-1,2229,2228,2233,-1,2233,2228,2234,-1,2233,2234,2235,-1,2234,2236,2235,-1,2235,2236,2237,-1,2235,2237,2238,-1,2238,2237,2239,-1,2238,2239,2240,-1,2241,2242,2243,-1,2243,2242,2244,-1,2243,2244,2245,-1,2240,2239,2246,-1,2246,2239,2247,-1,2246,2247,2248,-1,2248,2247,2249,-1,2248,2249,2250,-1,2250,2249,2251,-1,2250,2251,2241,-1,2241,2251,2252,-1,2241,2252,2242,-1,2245,2244,2253,-1,2253,2244,2254,-1,2253,2254,2255,-1,2255,2254,2256,-1,2255,2256,2257,-1,2257,2256,2258,-1,2257,2258,2259,-1,2259,2258,2260,-1,2259,2260,2261,-1,2261,2260,2262,-1,2261,2262,2263,-1,2263,2262,2264,-1,2263,2264,2265,-1,2264,2266,2265,-1,2265,2266,2267,-1,2265,2267,2268,-1,2268,2267,2269,-1,2268,2269,2270,-1,2271,2272,2273,-1,2273,2272,2274,-1,2273,2274,2275,-1,2270,2269,2276,-1,2276,2269,2277,-1,2276,2277,2271,-1,2271,2277,2278,-1,2271,2278,2272,-1,2275,2274,2279,-1,2279,2274,2280,-1,2279,2280,2281,-1,2281,2280,2282,-1,2281,2282,2283,-1,2283,2282,2284,-1,2283,2284,2285,-1,2284,2286,2285,-1,2285,2286,2287,-1,2285,2287,2288,-1,2288,2287,2289,-1,1347,1345,2290,-1,2290,1345,2291,-1,2290,2291,2292,-1,2292,2291,2293,-1,2292,2293,2289,-1,2289,2293,2294,-1,2289,2294,2288,-1,2295,2296,2297,-1,2297,2296,2298,-1,2297,2298,2299,-1,1344,1346,2300,-1,2300,1346,2301,-1,2300,2301,2302,-1,2302,2301,2303,-1,2302,2303,2295,-1,2295,2303,2304,-1,2295,2304,2296,-1,2305,2306,2307,-1,2307,2306,2308,-1,2307,2308,2309,-1,2299,2298,2310,-1,2310,2298,2311,-1,2310,2311,2312,-1,2312,2311,2313,-1,2312,2313,2314,-1,2314,2313,2315,-1,2314,2315,2316,-1,2316,2315,2317,-1,2316,2317,2318,-1,2318,2317,2319,-1,2318,2319,2320,-1,2320,2319,2321,-1,2320,2321,2322,-1,2322,2321,2323,-1,2322,2323,2305,-1,2305,2323,2324,-1,2305,2324,2306,-1,2309,2308,2325,-1,2325,2308,2326,-1,2325,2326,2327,-1,2327,2326,2328,-1,2327,2328,2329,-1,2329,2328,2330,-1,2329,2330,2331,-1,2331,2330,2332,-1,2331,2332,2333,-1,2333,2332,2334,-1,2333,2334,2335,-1,2335,2334,2336,-1,2335,2336,2337,-1,2337,2336,2338,-1,2337,2338,2339,-1,2339,2338,2340,-1,2339,2340,2341,-1,2341,2340,2342,-1,2341,2342,2343,-1,2343,2342,2344,-1,2343,2344,2345,-1,2345,2344,2346,-1,2345,2346,2347,-1,2347,2346,2348,-1,2347,2348,2349,-1,2349,2348,2350,-1,2349,2350,2351,-1,2351,2350,2352,-1,2351,2352,2353,-1,2353,2352,2354,-1,2353,2354,2355,-1,2355,2354,2356,-1,2355,2356,2357,-1,2357,2356,2358,-1,2357,2358,2359,-1,2359,2358,2360,-1,2359,2360,2361,-1,2361,2360,2362,-1,2361,2362,2363,-1,2363,2362,2364,-1,2363,2364,2365,-1,2365,2364,2366,-1,2365,2366,2367,-1,2367,2366,2368,-1,2367,2368,2369,-1,2369,2368,2370,-1,2369,2370,2371,-1,2371,2370,2372,-1,2371,2372,2373,-1,2373,2372,2374,-1,2373,2374,2375,-1,2375,2374,2376,-1,2375,2376,2377,-1,2376,2378,2377,-1,2377,2378,2379,-1,2377,2379,2380,-1,2380,2379,2381,-1,1343,1341,2382,-1,2382,1341,2383,-1,2382,2383,2384,-1,2384,2383,2385,-1,2384,2385,2381,-1,2381,2385,2386,-1,2381,2386,2380,-1,2387,2388,2389,-1,2389,2388,2390,-1,1340,1342,2391,-1,2391,1342,2392,-1,2391,2392,2393,-1,2393,2392,2394,-1,2393,2394,2390,-1,2390,2394,2395,-1,2390,2395,2389,-1,2396,2397,2398,-1,2398,2397,2399,-1,2398,2399,2400,-1,2400,2399,2401,-1,2400,2401,2402,-1,2402,2401,2403,-1,2402,2403,2404,-1,2404,2403,2405,-1,2404,2405,2406,-1,2406,2405,2407,-1,2406,2407,2408,-1,2408,2407,2409,-1,2408,2409,2410,-1,2410,2409,2411,-1,2410,2411,2412,-1,2412,2411,2413,-1,2412,2413,2414,-1,2414,2413,2415,-1,2414,2415,2416,-1,2416,2415,2417,-1,2416,2417,2418,-1,2418,2417,2419,-1,2418,2419,2420,-1,2420,2419,2421,-1,2420,2421,2422,-1,2422,2421,2423,-1,2422,2423,2424,-1,2424,2423,2425,-1,2424,2425,2426,-1,2426,2425,2427,-1,2426,2427,2428,-1,2428,2427,2429,-1,2428,2429,2430,-1,2430,2429,2431,-1,2430,2431,2432,-1,2432,2431,2433,-1,2432,2433,2434,-1,2434,2433,2435,-1,2434,2435,2436,-1,2436,2435,2437,-1,2436,2437,2438,-1,2438,2437,2439,-1,2438,2439,2440,-1,2440,2439,2441,-1,2440,2441,2442,-1,2442,2441,2443,-1,2442,2443,2444,-1,2444,2443,2445,-1,2444,2445,2446,-1,2446,2445,2447,-1,2446,2447,2448,-1,2448,2447,2449,-1,2448,2449,2450,-1,2450,2449,2451,-1,2450,2451,2452,-1,2452,2451,2453,-1,2452,2453,2454,-1,2454,2453,2455,-1,2454,2455,2456,-1,2456,2455,2457,-1,2456,2457,2458,-1,2458,2457,2459,-1,2458,2459,2460,-1,2460,2459,2461,-1,2460,2461,2462,-1,2462,2461,2463,-1,2462,2463,2464,-1,2464,2463,2465,-1,2464,2465,2466,-1,2466,2465,2467,-1,2466,2467,2468,-1,2468,2467,2469,-1,2468,2469,2470,-1,2470,2469,2471,-1,2470,2471,2472,-1,2472,2471,2473,-1,2472,2473,2474,-1,2474,2473,2475,-1,2474,2475,2476,-1,2476,2475,2477,-1,2476,2477,2478,-1,2478,2477,2479,-1,2478,2479,2480,-1,2480,2479,2481,-1,2480,2481,2482,-1,2482,2481,2483,-1,2482,2483,2484,-1,2484,2483,2485,-1,2484,2485,2486,-1,2486,2485,2487,-1,2486,2487,2488,-1,2488,2487,2489,-1,2488,2489,2490,-1,2490,2489,2491,-1,2490,2491,2492,-1,2492,2491,2493,-1,2492,2493,2494,-1,2494,2493,2495,-1,2494,2495,2496,-1,2496,2495,2497,-1,2496,2497,2498,-1,2498,2497,2499,-1,2498,2499,2500,-1,2500,2499,2501,-1,2500,2501,2502,-1,2502,2501,2503,-1,2502,2503,2504,-1,2504,2503,2505,-1,2504,2505,2506,-1,2506,2505,2507,-1,2506,2507,2508,-1,2508,2507,2509,-1,2508,2509,2510,-1,2510,2509,2511,-1,2510,2511,2512,-1,2512,2511,2513,-1,2512,2513,2514,-1,2514,2513,2515,-1,2514,2515,2387,-1,2387,2515,2516,-1,2387,2516,2388,-1,2517,2518,2519,-1,2519,2518,2520,-1,2519,2520,2521,-1,2521,2520,2522,-1,2521,2522,2523,-1,2523,2522,2524,-1,2523,2524,2525,-1,2525,2524,2526,-1,2525,2526,2527,-1,2527,2526,2528,-1,2527,2528,2529,-1,2529,2528,2530,-1,2529,2530,2531,-1,2531,2530,2532,-1,2531,2532,2533,-1,2533,2532,2534,-1,2533,2534,2535,-1,2535,2534,2536,-1,2535,2536,2537,-1,2537,2536,2538,-1,2537,2538,2539,-1,2539,2538,2540,-1,2539,2540,2541,-1,2541,2540,2542,-1,2541,2542,2543,-1,2543,2542,2544,-1,2543,2544,2545,-1,2545,2544,2546,-1,2545,2546,2547,-1,2547,2546,2548,-1,2547,2548,2549,-1,2549,2548,2550,-1,2549,2550,2551,-1,2551,2550,2552,-1,2551,2552,2553,-1,2553,2552,2554,-1,2553,2554,2555,-1,2555,2554,2556,-1,2555,2556,2557,-1,2557,2556,2558,-1,2557,2558,2559,-1,2559,2558,2560,-1,2559,2560,2561,-1,2561,2560,2562,-1,2561,2562,2563,-1,2563,2562,2564,-1,2563,2564,2565,-1,2565,2564,2566,-1,2565,2566,2567,-1,2567,2566,2568,-1,2567,2568,2569,-1,2569,2568,2570,-1,2569,2570,2571,-1,2571,2570,2572,-1,2571,2572,2573,-1,2573,2572,2574,-1,2573,2574,2575,-1,2575,2574,2576,-1,2575,2576,2577,-1,2577,2576,2578,-1,2577,2578,2579,-1,2579,2578,2580,-1,2579,2580,2581,-1,2581,2580,2582,-1,2581,2582,2583,-1,2583,2582,2584,-1,2583,2584,2585,-1,2585,2584,2586,-1,2585,2586,2587,-1,2587,2586,2588,-1,2587,2588,2589,-1,2589,2588,2590,-1,2589,2590,2591,-1,2591,2590,2592,-1,2591,2592,2593,-1,2593,2592,2594,-1,2593,2594,2595,-1,2595,2594,2596,-1,2595,2596,2597,-1,2597,2596,2598,-1,2597,2598,2599,-1,2599,2598,2600,-1,2599,2600,2601,-1,2601,2600,2602,-1,2601,2602,2603,-1,2603,2602,2604,-1,2603,2604,2605,-1,2605,2604,2606,-1,2605,2606,2607,-1,2607,2606,2608,-1,2607,2608,2609,-1,2609,2608,2610,-1,2609,2610,2611,-1,2611,2610,2612,-1,2611,2612,2613,-1,2613,2612,2614,-1,2613,2614,2615,-1,2615,2614,2616,-1,2615,2616,2617,-1,2617,2616,2618,-1,2617,2618,2619,-1,2619,2618,2620,-1,2619,2620,2621,-1,2621,2620,2622,-1,2621,2622,2623,-1,2623,2622,2624,-1,2623,2624,2625,-1,2625,2624,2626,-1,2625,2626,2627,-1,2627,2626,2628,-1,2627,2628,2629,-1,2629,2628,2630,-1,2629,2630,2631,-1,2631,2630,2632,-1,2631,2632,2633,-1,2633,2632,2634,-1,2633,2634,2635,-1,2635,2634,2636,-1,2635,2636,2637,-1,2637,2636,2638,-1,2637,2638,2639,-1,2639,2638,2640,-1,2639,2640,2641,-1,2641,2640,2642,-1,2641,2642,2643,-1,2643,2642,2644,-1,2643,2644,2645,-1,2645,2644,2646,-1,2645,2646,2647,-1,2647,2646,2648,-1,2647,2648,2649,-1,2649,2648,2650,-1,2649,2650,2651,-1,2651,2650,2652,-1,2651,2652,2653,-1,2653,2652,2654,-1,2653,2654,2655,-1,2655,2654,2656,-1,2655,2656,2657,-1,2657,2656,2658,-1,2657,2658,2659,-1,2659,2658,2660,-1,2659,2660,2661,-1,2661,2660,2662,-1,2661,2662,2663,-1,2663,2662,2664,-1,2663,2664,2665,-1,2665,2664,2666,-1,2665,2666,2667,-1,2667,2666,2668,-1,2667,2668,2669,-1,2669,2668,2670,-1,2669,2670,2671,-1,2671,2670,2672,-1,2671,2672,2673,-1,2673,2672,2674,-1,2673,2674,2675,-1,2675,2674,2676,-1,2675,2676,2677,-1,2677,2676,2678,-1,2677,2678,2679,-1,2679,2678,2680,-1,2679,2680,2681,-1,2681,2680,2682,-1,2681,2682,2683,-1,2683,2682,2684,-1,2683,2684,2685,-1,2685,2684,2686,-1,2685,2686,2687,-1,2687,2686,2688,-1,2687,2688,2689,-1,2689,2688,2690,-1,2689,2690,2691,-1,2691,2690,2692,-1,2691,2692,2693,-1,2693,2692,2694,-1,2693,2694,2695,-1,2695,2694,2696,-1,2695,2696,2697,-1,2697,2696,2698,-1,2697,2698,2699,-1,2699,2698,2700,-1,2699,2700,2701,-1,2701,2700,2702,-1,2701,2702,2703,-1,2703,2702,2704,-1,2703,2704,2705,-1,2705,2704,2706,-1,2705,2706,2707,-1,2707,2706,2708,-1,2707,2708,2709,-1,2709,2708,2710,-1,2709,2710,2711,-1,2711,2710,2712,-1,2711,2712,2713,-1,2713,2712,2714,-1,2713,2714,2715,-1,2715,2714,2716,-1,2715,2716,2717,-1,2717,2716,2718,-1,2717,2718,2719,-1,2719,2718,2720,-1,2719,2720,2721,-1,2721,2720,2722,-1,2721,2722,2723,-1,2723,2722,2724,-1,2723,2724,2725,-1,2725,2724,2726,-1,2725,2726,2727,-1,2727,2726,2728,-1,2727,2728,2729,-1,2729,2728,2730,-1,2729,2730,2731,-1,2731,2730,2732,-1,2731,2732,2733,-1,2733,2732,2734,-1,2733,2734,2735,-1,2735,2734,2736,-1,2735,2736,2737,-1,2737,2736,2738,-1,2737,2738,2739,-1,2739,2738,2740,-1,2739,2740,2741,-1,2741,2740,2742,-1,2741,2742,2743,-1,2743,2742,2744,-1,2743,2744,2745,-1,2745,2744,2746,-1,2745,2746,2747,-1,2747,2746,2748,-1,2747,2748,2749,-1,2749,2748,2750,-1,2749,2750,2751,-1,2751,2750,2752,-1,2751,2752,2753,-1,2753,2752,2754,-1,2753,2754,2755,-1,2755,2754,2756,-1,2755,2756,2757,-1,2757,2756,2758,-1,2757,2758,2759,-1,2759,2758,2760,-1,2759,2760,2761,-1,2761,2760,2762,-1,2761,2762,2763,-1,2763,2762,2764,-1,2763,2764,2765,-1,2765,2764,2766,-1,2765,2766,2767,-1,2767,2766,2768,-1,2767,2768,2769,-1,2769,2768,2770,-1,2769,2770,2771,-1,2771,2770,2772,-1,2771,2772,2396,-1,2396,2772,2397,-1,2519,2773,2517,-1,2517,2773,2774,-1,2517,2774,2775,-1,2775,2774,2776,-1,2776,2774,2777,-1,2776,2777,2778,-1,2778,2777,2779,-1,2778,2779,2780,-1,2780,2779,2781,-1,2780,2781,2782,-1,2781,2783,2782,-1,2782,2783,2784,-1,2782,2784,2785,-1,2785,2784,2786,-1,2784,2787,2786,-1,2786,2787,2788,-1,2786,2788,2789,-1,2789,2788,2790,-1,2789,2790,2791,-1,2791,2790,2792,-1,2790,2793,2792,-1,2792,2793,2794,-1,2792,2794,2795,-1,2795,2794,2796,-1,2796,2794,2797,-1,2796,2797,2798,-1,2798,2797,2799,-1,2798,2799,2800,-1,1339,1337,2800,-1,2800,1337,2801,-1,2800,2801,2798,-1,2802,2803,2804,-1,1336,1338,2804,-1,2804,1338,2805,-1,2804,2805,2802,-1,2803,2802,2806,-1,2806,2802,2807,-1,2806,2807,2808,-1,2807,2809,2808,-1,2808,2809,2810,-1,2808,2810,2811,-1,2811,2810,2812,-1,2812,2810,2813,-1,2812,2813,2814,-1,2814,2813,2815,-1,2814,2815,2816,-1,1335,1333,2816,-1,2816,1333,2817,-1,2816,2817,2814,-1,1332,1334,2818,-1,2818,1334,2819,-1,2818,2819,2820,-1,2820,2819,2821,-1,2820,2821,2822,-1,2822,2821,2823,-1,2822,2823,1330,-1,1330,2823,2824,-1,1330,2824,1331,-1,1329,1331,2825,-1,2825,1331,2826,-1,2825,2826,2827,-1,2826,2828,2827,-1,2827,2828,2829,-1,2827,2829,2830,-1,2830,2829,2831,-1,2830,2831,2832,-1,2832,2831,2833,-1,2833,2831,2834,-1,2833,2834,2835,-1,2835,2834,2836,-1,2835,2836,2837,-1,2838,2839,2840,-1,2840,2839,2841,-1,2840,2841,2842,-1,2842,2841,2843,-1,2842,2843,2844,-1,2844,2843,2837,-1,2844,2837,2845,-1,2845,2837,2836,-1,2840,2846,2838,-1,2838,2846,2847,-1,2838,2847,2848,-1,2848,2847,2849,-1,2848,2849,2850,-1,2850,2849,2851,-1,2851,2849,2852,-1,2851,2852,2853,-1,2853,2852,2854,-1,2853,2854,2855,-1,2855,2854,2856,-1,2855,2856,2857,-1,2856,2858,2857,-1,2857,2858,2859,-1,2857,2859,2860,-1,2860,2859,1328,-1,2860,1328,2861,-1,2861,1328,1326,-1,1327,2862,1325,-1,1325,2862,2863,-1,1325,2863,2864,-1,2864,2863,2865,-1,2864,2865,2866,-1,2866,2865,2867,-1,2866,2867,2868,-1,2868,2867,2869,-1,2868,2869,2870,-1,2870,2869,2871,-1,2871,2869,2872,-1,2871,2872,2873,-1,2872,2874,2873,-1,2873,2874,2875,-1,2873,2875,2876,-1,2876,2875,2877,-1,1324,1322,2878,-1,2878,1322,2879,-1,2878,2879,2880,-1,2880,2879,2881,-1,2880,2881,2877,-1,2877,2881,2882,-1,2877,2882,2876,-1,2883,2884,2885,-1,2885,2884,2886,-1,2885,2886,2887,-1,1321,1323,2888,-1,2888,1323,2889,-1,2888,2889,2890,-1,2890,2889,2891,-1,2890,2891,2883,-1,2883,2891,2892,-1,2883,2892,2884,-1,2887,2886,2893,-1,2893,2886,2894,-1,2893,2894,2895,-1,2894,2896,2895,-1,2895,2896,2897,-1,2895,2897,2898,-1,2898,2897,2899,-1,2898,2899,2900,-1,2901,2902,2903,-1,2903,2902,2904,-1,2903,2904,2905,-1,2900,2899,2906,-1,2906,2899,2907,-1,2906,2907,2908,-1,2908,2907,2909,-1,2908,2909,2910,-1,2910,2909,2911,-1,2910,2911,2901,-1,2901,2911,2912,-1,2901,2912,2902,-1,2905,2904,2913,-1,2913,2904,2914,-1,2913,2914,2915,-1,2915,2914,2916,-1,2915,2916,2917,-1,2917,2916,2918,-1,2917,2918,2919,-1,2919,2918,2920,-1,2919,2920,2921,-1,2921,2920,2922,-1,2921,2922,2923,-1,2923,2922,2924,-1,2923,2924,2925,-1,2924,2926,2925,-1,2925,2926,2927,-1,2925,2927,2928,-1,2928,2927,2929,-1,2928,2929,2930,-1,2930,2929,2931,-1,2931,2929,2932,-1,2931,2932,2933,-1,2933,2932,2934,-1,2933,2934,2935,-1,2935,2934,2936,-1,2935,2936,2937,-1,2937,2936,2938,-1,2937,2938,2939,-1,2939,2938,2940,-1,2939,2940,2941,-1,2941,2940,2942,-1,2941,2942,2943,-1,2943,2942,2944,-1,2943,2944,2945,-1,2944,2946,2945,-1,2945,2946,2947,-1,2945,2947,2948,-1,2948,2947,2949,-1,2948,2949,2950,-1,2951,2952,2953,-1,2953,2952,2954,-1,2953,2954,2955,-1,2950,2949,2956,-1,2956,2949,2957,-1,2956,2957,2951,-1,2951,2957,2958,-1,2951,2958,2952,-1,2955,2954,2959,-1,2959,2954,2960,-1,2959,2960,2961,-1,2961,2960,2962,-1,2961,2962,2963,-1,2963,2962,2964,-1,2963,2964,2965,-1,2964,2966,2965,-1,2965,2966,2967,-1,2965,2967,2968,-1,2968,2967,2969,-1,1320,1318,2970,-1,2970,1318,2971,-1,2970,2971,2972,-1,2972,2971,2973,-1,2972,2973,2969,-1,2969,2973,2974,-1,2969,2974,2968,-1,2975,2976,2977,-1,2977,2976,2978,-1,2977,2978,2979,-1,1317,1319,2980,-1,2980,1319,2981,-1,2980,2981,2982,-1,2982,2981,2983,-1,2982,2983,2975,-1,2975,2983,2984,-1,2975,2984,2976,-1,2985,2986,2987,-1,2987,2986,2988,-1,2987,2988,2989,-1,2979,2978,2990,-1,2990,2978,2991,-1,2990,2991,2992,-1,2992,2991,2993,-1,2992,2993,2994,-1,2994,2993,2995,-1,2994,2995,2996,-1,2996,2995,2997,-1,2996,2997,2998,-1,2998,2997,2999,-1,2998,2999,3000,-1,3000,2999,3001,-1,3000,3001,3002,-1,3002,3001,3003,-1,3002,3003,2985,-1,2985,3003,3004,-1,2985,3004,2986,-1,2989,2988,3005,-1,3005,2988,3006,-1,3005,3006,3007,-1,3007,3006,3008,-1,3007,3008,3009,-1,3009,3008,3010,-1,3009,3010,3011,-1,3011,3010,3012,-1,3011,3012,3013,-1,3013,3012,3014,-1,3013,3014,3015,-1,3015,3014,3016,-1,3015,3016,3017,-1,3017,3016,3018,-1,3017,3018,3019,-1,3019,3018,3020,-1,3019,3020,3021,-1,3021,3020,3022,-1,3021,3022,3023,-1,3023,3022,3024,-1,3023,3024,3025,-1,3025,3024,3026,-1,3025,3026,3027,-1,3027,3026,3028,-1,3027,3028,3029,-1,3029,3028,3030,-1,3029,3030,3031,-1,3031,3030,3032,-1,3031,3032,3033,-1,3033,3032,3034,-1,3033,3034,3035,-1,3035,3034,3036,-1,3035,3036,3037,-1,3037,3036,3038,-1,3037,3038,3039,-1,3039,3038,3040,-1,3039,3040,3041,-1,3041,3040,3042,-1,3041,3042,3043,-1,3043,3042,3044,-1,3043,3044,3045,-1,3045,3044,3046,-1,3045,3046,3047,-1,3047,3046,3048,-1,3047,3048,3049,-1,3049,3048,3050,-1,3049,3050,3051,-1,3051,3050,3052,-1,3051,3052,3053,-1,3053,3052,3054,-1,3053,3054,3055,-1,3055,3054,3056,-1,3055,3056,3057,-1,3057,3056,3058,-1,3057,3058,3059,-1,3059,3058,3060,-1,3059,3060,3061,-1,3061,3060,3062,-1,3061,3062,3063,-1,3063,3062,3064,-1,3063,3064,3065,-1,3065,3064,3066,-1,3065,3066,3067,-1,3066,3068,3067,-1,3067,3068,3069,-1,3067,3069,3070,-1,3070,3069,3071,-1,3070,3071,3072,-1,3073,3074,3075,-1,3075,3074,3076,-1,3072,3071,3077,-1,3077,3071,3078,-1,3077,3078,3076,-1,3076,3078,3079,-1,3076,3079,3075,-1,3080,3081,3082,-1,3082,3081,3083,-1,3082,3083,3084,-1,3084,3083,3085,-1,3084,3085,3086,-1,3086,3085,3087,-1,3086,3087,3088,-1,3088,3087,3089,-1,3088,3089,3090,-1,3090,3089,3091,-1,3090,3091,3092,-1,3092,3091,3093,-1,3092,3093,3094,-1,3094,3093,3095,-1,3094,3095,3096,-1,3096,3095,3097,-1,3096,3097,3098,-1,3098,3097,3099,-1,3098,3099,3100,-1,3100,3099,3101,-1,3100,3101,3102,-1,3102,3101,3103,-1,3102,3103,3104,-1,3104,3103,3105,-1,3104,3105,3106,-1,3106,3105,3107,-1,3106,3107,3108,-1,3108,3107,3109,-1,3108,3109,3110,-1,3110,3109,3111,-1,3110,3111,3112,-1,3112,3111,3113,-1,3112,3113,3114,-1,3114,3113,3115,-1,3114,3115,3116,-1,3116,3115,3117,-1,3116,3117,3118,-1,3118,3117,3119,-1,3118,3119,3120,-1,3120,3119,3121,-1,3120,3121,3122,-1,3122,3121,3123,-1,3122,3123,3124,-1,3124,3123,3125,-1,3124,3125,3126,-1,3126,3125,3127,-1,3126,3127,3128,-1,3128,3127,3129,-1,3128,3129,3130,-1,3130,3129,3131,-1,3130,3131,3132,-1,3132,3131,3133,-1,3132,3133,3134,-1,3134,3133,3135,-1,3134,3135,3136,-1,3136,3135,3137,-1,3136,3137,3138,-1,3138,3137,3139,-1,3138,3139,3140,-1,3140,3139,3141,-1,3140,3141,3142,-1,3142,3141,3143,-1,3142,3143,3144,-1,3144,3143,3145,-1,3144,3145,3146,-1,3146,3145,3147,-1,3146,3147,3148,-1,3148,3147,3149,-1,3148,3149,3150,-1,3150,3149,3151,-1,3150,3151,3152,-1,3152,3151,3153,-1,3152,3153,3154,-1,3154,3153,3155,-1,3154,3155,3156,-1,3156,3155,3157,-1,3156,3157,3158,-1,3158,3157,3159,-1,3158,3159,3160,-1,3160,3159,3161,-1,3160,3161,3162,-1,3162,3161,3163,-1,3162,3163,3164,-1,3164,3163,3165,-1,3164,3165,3166,-1,3166,3165,3167,-1,3166,3167,3168,-1,3168,3167,3169,-1,3168,3169,3170,-1,3170,3169,3171,-1,3170,3171,3172,-1,3172,3171,3173,-1,3172,3173,3174,-1,3174,3173,3175,-1,3174,3175,3176,-1,3176,3175,3177,-1,3176,3177,3178,-1,3178,3177,3179,-1,3178,3179,3073,-1,3073,3179,3180,-1,3073,3180,3074,-1,3181,3182,3183,-1,3183,3182,3184,-1,3183,3184,3185,-1,3183,3186,3181,-1,3181,3186,3187,-1,3181,3187,3188,-1,3188,3187,3189,-1,3188,3189,3190,-1,3190,3189,3191,-1,3190,3191,3192,-1,3192,3191,3193,-1,3192,3193,3194,-1,3194,3193,3195,-1,3194,3195,3196,-1,3196,3195,3197,-1,3196,3197,3198,-1,3198,3197,3199,-1,3198,3199,3200,-1,3200,3199,3201,-1,3200,3201,3202,-1,3202,3201,3203,-1,3202,3203,3204,-1,3204,3203,3205,-1,3204,3205,3206,-1,3206,3205,3207,-1,3206,3207,3208,-1,3208,3207,3209,-1,3208,3209,3210,-1,3210,3209,3211,-1,3210,3211,3212,-1,3212,3211,3213,-1,3212,3213,3214,-1,3214,3213,3215,-1,3214,3215,3216,-1,3216,3215,3217,-1,3216,3217,3218,-1,3218,3217,3219,-1,3218,3219,3220,-1,3220,3219,3221,-1,3220,3221,3222,-1,3222,3221,3223,-1,3222,3223,3224,-1,3224,3223,3225,-1,3224,3225,3226,-1,3226,3225,3227,-1,3226,3227,3228,-1,3228,3227,3229,-1,3228,3229,3230,-1,3230,3229,3231,-1,3230,3231,3232,-1,3232,3231,3233,-1,3232,3233,3234,-1,3234,3233,3235,-1,3234,3235,3236,-1,3236,3235,3237,-1,3236,3237,3238,-1,3238,3237,3239,-1,3238,3239,3240,-1,3240,3239,3241,-1,3240,3241,3242,-1,3242,3241,3243,-1,3242,3243,3244,-1,3244,3243,3245,-1,3244,3245,3246,-1,3246,3245,3247,-1,3246,3247,3248,-1,3248,3247,3249,-1,3248,3249,3250,-1,3250,3249,3251,-1,3250,3251,3252,-1,3252,3251,3253,-1,3252,3253,3254,-1,3254,3253,3255,-1,3254,3255,3256,-1,3256,3255,3257,-1,3256,3257,3258,-1,3258,3257,3259,-1,3258,3259,3260,-1,3260,3259,3261,-1,3260,3261,3262,-1,3262,3261,3263,-1,3262,3263,3264,-1,3264,3263,3265,-1,3264,3265,3266,-1,3266,3265,3267,-1,3266,3267,3268,-1,3268,3267,3269,-1,3268,3269,3270,-1,3270,3269,3271,-1,3270,3271,3272,-1,3272,3271,3273,-1,3272,3273,3274,-1,3274,3273,3275,-1,3274,3275,3276,-1,3276,3275,3277,-1,3276,3277,3278,-1,3278,3277,3279,-1,3278,3279,3280,-1,3280,3279,3281,-1,3280,3281,3282,-1,3282,3281,3283,-1,3282,3283,3284,-1,3284,3283,3285,-1,3284,3285,3286,-1,3286,3285,3287,-1,3286,3287,3288,-1,3288,3287,3289,-1,3288,3289,3290,-1,3290,3289,3291,-1,3290,3291,3292,-1,3292,3291,3293,-1,3292,3293,3294,-1,3294,3293,3295,-1,3294,3295,3296,-1,3296,3295,3297,-1,3296,3297,3298,-1,3298,3297,3299,-1,3298,3299,3300,-1,3300,3299,3301,-1,3300,3301,3302,-1,3302,3301,3303,-1,3302,3303,3304,-1,3304,3303,3305,-1,3304,3305,3306,-1,3306,3305,3307,-1,3306,3307,3308,-1,3308,3307,3309,-1,3308,3309,3310,-1,3310,3309,3311,-1,3310,3311,3312,-1,3312,3311,3313,-1,3312,3313,3314,-1,3314,3313,3315,-1,3314,3315,3316,-1,3316,3315,3317,-1,3316,3317,3318,-1,3318,3317,3319,-1,3318,3319,3320,-1,3320,3319,3321,-1,3320,3321,3322,-1,3322,3321,3323,-1,3322,3323,3324,-1,3324,3323,3325,-1,3324,3325,3326,-1,3326,3325,3327,-1,3326,3327,3328,-1,3328,3327,3329,-1,3328,3329,3330,-1,3330,3329,3331,-1,3330,3331,3332,-1,3332,3331,3333,-1,3332,3333,3334,-1,3334,3333,3335,-1,3334,3335,3336,-1,3336,3335,3337,-1,3336,3337,3338,-1,3338,3337,3339,-1,3338,3339,3340,-1,3340,3339,3341,-1,3340,3341,3342,-1,3342,3341,3343,-1,3342,3343,3344,-1,3344,3343,3345,-1,3344,3345,3346,-1,3346,3345,3347,-1,3346,3347,3348,-1,3348,3347,3349,-1,3348,3349,3350,-1,3350,3349,3351,-1,3350,3351,3352,-1,3352,3351,3353,-1,3352,3353,3354,-1,3354,3353,3355,-1,3354,3355,3356,-1,3356,3355,3357,-1,3356,3357,3358,-1,3358,3357,3359,-1,3358,3359,3360,-1,3360,3359,3361,-1,3360,3361,3362,-1,3362,3361,3363,-1,3362,3363,3364,-1,3364,3363,3365,-1,3364,3365,3366,-1,3366,3365,3367,-1,3366,3367,3368,-1,3368,3367,3369,-1,3368,3369,3370,-1,3370,3369,3371,-1,3370,3371,3372,-1,3372,3371,3373,-1,3372,3373,3374,-1,3374,3373,3375,-1,3374,3375,3376,-1,3376,3375,3377,-1,3376,3377,3378,-1,3378,3377,3379,-1,3378,3379,3380,-1,3380,3379,3381,-1,3380,3381,3382,-1,3382,3381,3383,-1,3382,3383,3384,-1,3384,3383,3385,-1,3384,3385,3386,-1,3386,3385,3387,-1,3386,3387,3388,-1,3388,3387,3389,-1,3388,3389,3390,-1,3390,3389,3391,-1,3390,3391,3392,-1,3392,3391,3393,-1,3392,3393,3394,-1,3394,3393,3395,-1,3394,3395,3396,-1,3396,3395,3397,-1,3396,3397,3398,-1,3398,3397,3399,-1,3398,3399,3400,-1,3400,3399,3401,-1,3400,3401,3402,-1,3402,3401,3403,-1,3402,3403,3404,-1,3404,3403,3405,-1,3404,3405,3406,-1,3406,3405,3407,-1,3406,3407,3408,-1,3408,3407,3409,-1,3408,3409,3410,-1,3410,3409,3411,-1,3410,3411,3412,-1,3412,3411,3413,-1,3412,3413,3414,-1,3414,3413,3415,-1,3414,3415,3416,-1,3416,3415,3417,-1,3416,3417,3418,-1,3418,3417,3419,-1,3418,3419,3420,-1,3420,3419,3421,-1,3420,3421,3422,-1,3422,3421,3423,-1,3422,3423,3424,-1,3424,3423,3425,-1,3424,3425,3426,-1,3426,3425,3427,-1,3426,3427,3428,-1,3428,3427,3429,-1,3428,3429,3430,-1,3430,3429,3431,-1,3430,3431,3432,-1,3432,3431,3433,-1,3432,3433,3434,-1,3434,3433,3435,-1,3434,3435,3436,-1,3436,3435,3437,-1,3436,3437,3438,-1,3438,3437,3439,-1,3438,3439,3080,-1,3080,3439,3081,-1,3440,3441,3442,-1,3185,3184,3442,-1,3442,3184,3443,-1,3442,3443,3440,-1,3441,3440,3444,-1,3444,3440,3445,-1,3444,3445,1315,-1,1315,3445,3446,-1,1315,3446,1316,-1,1314,1316,3447,-1,3447,1316,3448,-1,3447,3448,3449,-1,3448,3450,3449,-1,3449,3450,3451,-1,3449,3451,3452,-1,3452,3451,3453,-1,3451,3454,3453,-1,3453,3454,3455,-1,3453,3455,3456,-1,3456,3455,3457,-1,3457,3455,3458,-1,3457,3458,3459,-1,3459,3458,3460,-1,3459,3460,3461,-1,3461,3460,3462,-1,3461,3462,1312,-1,1312,3462,3463,-1,1312,3463,1313,-1,3464,3465,3466,-1,1311,1313,3466,-1,3466,1313,3467,-1,3466,3467,3464,-1,3465,3464,3468,-1,3468,3464,3469,-1,3468,3469,3470,-1,3469,3471,3470,-1,3470,3471,3472,-1,3470,3472,3473,-1,3473,3472,3474,-1,3474,3472,3475,-1,3474,3475,3476,-1,3476,3475,3477,-1,3476,3477,3478,-1,1310,1308,3478,-1,3478,1308,3479,-1,3478,3479,3476,-1,3480,3481,3482,-1,1307,1309,3482,-1,3482,1309,3483,-1,3482,3483,3480,-1,3481,3480,3484,-1,3484,3480,3485,-1,3484,3485,3486,-1,3485,3487,3486,-1,3486,3487,3488,-1,3486,3488,3489,-1,3489,3488,3490,-1,3490,3488,3491,-1,3490,3491,3492,-1,3491,3493,3492,-1,3492,3493,3494,-1,3492,3494,3495,-1,3495,3494,3496,-1,3495,3496,3497,-1,3497,3496,3498,-1,3497,3498,3499,-1,3499,3498,3500,-1,3499,3500,3501,-1,3501,3500,3502,-1,3502,3500,3503,-1,3502,3503,3504,-1,3504,3503,3505,-1,3504,3505,3506,-1,3506,3505,3507,-1,3506,3507,3508,-1,3508,3507,3509,-1,3508,3509,3510,-1,3510,3509,3511,-1,3510,3511,3512,-1,3511,3513,3512,-1,3512,3513,3514,-1,3512,3514,3515,-1,3515,3514,3516,-1,3515,3516,3517,-1,3517,3516,3518,-1,3518,3516,3519,-1,3518,3519,3520,-1,3520,3519,3521,-1,3520,3521,3522,-1,3523,3524,3525,-1,3525,3524,3526,-1,3525,3526,3527,-1,3527,3526,3528,-1,3527,3528,3529,-1,3529,3528,3522,-1,3529,3522,3530,-1,3530,3522,3521,-1,3525,3531,3523,-1,3523,3531,3532,-1,3523,3532,3533,-1,3533,3532,3534,-1,3533,3534,3535,-1,3535,3534,3536,-1,3535,3536,3537,-1,3537,3536,3538,-1,3537,3538,3539,-1,3539,3538,3540,-1,3540,3538,3541,-1,3540,3541,3542,-1,3541,3543,3542,-1,3542,3543,3544,-1,3542,3544,3545,-1,3545,3544,3546,-1,3545,3546,3547,-1,3548,3549,3550,-1,3550,3549,3551,-1,3550,3551,3552,-1,3547,3546,3553,-1,3553,3546,3554,-1,3553,3554,3548,-1,3548,3554,3555,-1,3548,3555,3549,-1,3552,3551,3556,-1,3556,3551,3557,-1,3556,3557,3558,-1,3558,3557,3559,-1,3558,3559,3560,-1,3560,3559,3561,-1,3560,3561,3562,-1,3561,3563,3562,-1,3562,3563,3564,-1,3562,3564,3565,-1,3565,3564,3566,-1,1306,1304,3567,-1,3567,1304,3568,-1,3567,3568,3569,-1,3569,3568,3570,-1,3569,3570,3566,-1,3566,3570,3571,-1,3566,3571,3565,-1,3572,3573,3574,-1,3574,3573,3575,-1,3574,3575,3576,-1,1303,1305,3577,-1,3577,1305,3578,-1,3577,3578,3579,-1,3579,3578,3580,-1,3579,3580,3572,-1,3572,3580,3581,-1,3572,3581,3573,-1,3576,3575,3582,-1,3582,3575,3583,-1,3582,3583,3584,-1,3583,3585,3584,-1,3584,3585,3586,-1,3584,3586,3587,-1,3587,3586,3588,-1,3587,3588,3589,-1,3590,3591,3592,-1,3592,3591,3593,-1,3592,3593,3594,-1,3589,3588,3595,-1,3595,3588,3596,-1,3595,3596,3597,-1,3597,3596,3598,-1,3597,3598,3599,-1,3599,3598,3600,-1,3599,3600,3590,-1,3590,3600,3601,-1,3590,3601,3591,-1,3594,3593,3602,-1,3602,3593,3603,-1,3602,3603,3604,-1,3604,3603,3605,-1,3604,3605,3606,-1,3606,3605,3607,-1,3606,3607,3608,-1,3608,3607,3609,-1,3608,3609,3610,-1,3610,3609,3611,-1,3610,3611,3612,-1,3612,3611,3613,-1,3612,3613,3614,-1,3613,3615,3614,-1,3614,3615,3616,-1,3614,3616,3617,-1,3617,3616,3618,-1,3617,3618,3619,-1,3619,3618,3620,-1,3620,3618,3621,-1,3620,3621,3622,-1,3622,3621,3623,-1,3622,3623,3624,-1,3624,3623,3625,-1,3624,3625,3626,-1,3626,3625,3627,-1,3626,3627,3628,-1,3628,3627,3629,-1,3628,3629,3630,-1,3630,3629,3631,-1,3630,3631,3632,-1,3632,3631,3633,-1,3632,3633,3634,-1,3633,3635,3634,-1,3634,3635,3636,-1,3634,3636,3637,-1,3637,3636,3638,-1,1302,1300,3639,-1,3639,1300,3640,-1,3639,3640,3641,-1,3641,3640,3642,-1,3641,3642,3638,-1,3638,3642,3643,-1,3638,3643,3637,-1,1299,1301,3644,-1,3644,1301,3645,-1,3644,3645,3646,-1,3646,3645,3647,-1,3646,3647,3648,-1,3647,3649,3648,-1,3648,3649,3650,-1,3648,3650,3651,-1,3651,3650,3652,-1,3651,3652,3653,-1,3653,3652,3654,-1,1298,1296,3655,-1,3655,1296,3656,-1,3655,3656,3657,-1,3657,3656,3658,-1,3657,3658,3654,-1,3654,3658,3659,-1,3654,3659,3653,-1,3660,3661,3662,-1,3662,3661,3663,-1,3662,3663,3664,-1,1295,1297,3665,-1,3665,1297,3666,-1,3665,3666,3667,-1,3667,3666,3668,-1,3667,3668,3660,-1,3660,3668,3669,-1,3660,3669,3661,-1,3664,3663,3670,-1,3670,3663,3671,-1,3670,3671,3672,-1,3672,3671,3673,-1,3672,3673,3674,-1,3674,3673,3675,-1,3674,3675,3676,-1,3676,3675,3677,-1,3676,3677,3678,-1,3678,3677,3679,-1,3678,3679,3680,-1,3680,3679,3681,-1,3680,3681,3682,-1,3682,3681,3683,-1,3682,3683,3684,-1,3684,3683,3685,-1,3684,3685,3686,-1,3686,3685,3687,-1,3686,3687,3688,-1,3688,3687,3689,-1,3688,3689,3690,-1,3690,3689,3691,-1,3690,3691,3692,-1,3692,3691,3693,-1,3692,3693,3694,-1,3694,3693,3695,-1,3694,3695,3696,-1,3696,3695,3697,-1,3696,3697,3698,-1,3698,3697,3699,-1,3698,3699,3700,-1,3700,3699,3701,-1,3700,3701,3702,-1,3702,3701,3703,-1,3702,3703,3704,-1,3704,3703,3705,-1,3704,3705,3706,-1,3706,3705,3707,-1,3706,3707,3708,-1,3708,3707,3709,-1,3708,3709,3710,-1,3710,3709,3711,-1,3710,3711,3712,-1,3712,3711,3713,-1,3712,3713,3714,-1,3714,3713,3715,-1,3714,3715,3716,-1,3716,3715,3717,-1,3716,3717,3718,-1,3718,3717,3719,-1,3718,3719,3720,-1,3720,3719,3721,-1,3720,3721,3722,-1,3722,3721,3723,-1,3722,3723,3724,-1,3724,3723,3725,-1,3724,3725,3726,-1,3726,3725,3727,-1,3726,3727,3728,-1,3728,3727,3729,-1,3728,3729,3730,-1,3730,3729,3731,-1,3730,3731,3732,-1,3732,3731,3733,-1,3732,3733,3734,-1,3734,3733,3735,-1,3734,3735,3736,-1,3736,3735,3737,-1,3736,3737,3738,-1,3738,3737,3739,-1,3738,3739,3740,-1,3740,3739,3741,-1,3740,3741,3742,-1,3742,3741,3743,-1,3742,3743,3744,-1,3744,3743,3745,-1,3744,3745,3746,-1,3746,3745,3747,-1,3746,3747,3748,-1,3748,3747,3749,-1,3748,3749,3750,-1,3750,3749,3751,-1,3750,3751,3752,-1,3752,3751,3753,-1,3752,3753,3754,-1,3754,3753,3755,-1,3754,3755,3756,-1,663,3757,662,-1,662,3757,3758,-1,662,3758,666,-1,666,3758,3759,-1,666,3759,668,-1,668,3759,3760,-1,668,3760,672,-1,672,3760,3761,-1,672,3761,675,-1,675,3761,3762,-1,675,3762,676,-1,676,3762,3756,-1,676,3756,3763,-1,3763,3756,3755,-1,635,3764,636,-1,636,3764,3765,-1,636,3765,644,-1,644,3765,3766,-1,644,3766,646,-1,646,3766,3767,-1,646,3767,650,-1,650,3767,3768,-1,650,3768,648,-1,648,3768,3769,-1,648,3769,663,-1,663,3769,3770,-1,663,3770,3757,-1,621,3771,623,-1,623,3771,3772,-1,623,3772,628,-1,628,3772,3773,-1,628,3773,631,-1,631,3773,3774,-1,631,3774,635,-1,635,3774,3775,-1,635,3775,3764,-1,1032,3776,1037,-1,1037,3776,3777,-1,1037,3777,833,-1,833,3777,3778,-1,833,3778,1044,-1,1044,3778,3779,-1,1044,3779,1047,-1,1047,3779,3780,-1,1047,3780,1049,-1,1049,3780,3781,-1,1049,3781,1053,-1,1053,3781,3782,-1,1053,3782,1057,-1,1057,3782,3783,-1,1057,3783,1384,-1,863,3784,864,-1,864,3784,3785,-1,864,3785,1012,-1,1012,3785,3786,-1,1012,3786,1011,-1,1011,3786,3787,-1,1011,3787,1018,-1,1018,3787,3788,-1,1018,3788,1021,-1,1021,3788,3789,-1,1021,3789,1026,-1,1026,3789,3790,-1,1026,3790,1030,-1,1030,3790,3791,-1,1030,3791,1032,-1,1032,3791,3792,-1,1032,3792,3776,-1,957,1109,839,-1,839,1109,1112,-1,839,1112,965,-1,912,1073,854,-1,854,1073,1076,-1,854,1076,924,-1,924,1076,1079,-1,924,1079,922,-1,922,1079,1082,-1,922,1082,851,-1,851,1082,1085,-1,851,1085,848,-1,848,1085,1088,-1,848,1088,936,-1,936,1088,1091,-1,936,1091,943,-1,943,1091,1094,-1,943,1094,845,-1,845,1094,1097,-1,845,1097,951,-1,951,1097,1100,-1,951,1100,842,-1,842,1100,1103,-1,842,1103,957,-1,957,1103,1106,-1,957,1106,1109,-1,862,1149,860,-1,860,1149,1152,-1,860,1152,867,-1,867,1152,1155,-1,867,1155,857,-1,857,1155,1158,-1,857,1158,873,-1,873,1158,1161,-1,873,1161,879,-1,879,1161,1164,-1,879,1164,887,-1,887,1164,1167,-1,887,1167,892,-1,892,1167,1060,-1,892,1060,897,-1,897,1060,1059,-1,897,1059,902,-1,902,1059,1064,-1,902,1064,905,-1,905,1064,1067,-1,905,1067,912,-1,912,1067,1070,-1,912,1070,1073,-1,1112,1114,965,-1,965,1114,1116,-1,965,1116,969,-1,969,1116,1119,-1,969,1119,977,-1,977,1119,1122,-1,977,1122,836,-1,836,1122,1125,-1,836,1125,985,-1,985,1125,1128,-1,985,1128,990,-1,990,1128,1131,-1,990,1131,995,-1,995,1131,1134,-1,995,1134,1000,-1,1000,1134,1137,-1,1000,1137,1004,-1,1004,1137,1140,-1,1004,1140,1006,-1,1006,1140,1143,-1,1006,1143,862,-1,862,1143,1146,-1,862,1146,1149,-1,3793,3794,3795,-1,3796,3797,3798,-1,3799,3800,3801,-1,3802,3803,3804,-1,3805,3806,3807,-1,3808,3809,3810,-1,3811,3812,3813,-1,3814,3815,3816,-1,3817,3818,3819,-1,3820,3821,3822,-1,3823,3824,3825,-1,3825,3824,3826,-1,3827,3828,3829,-1,3830,3831,3832,-1,3833,3834,3835,-1,818,817,3836,-1,824,825,3837,-1,3836,817,3837,-1,3837,817,822,-1,3837,822,824,-1,3838,3839,3840,-1,3840,3839,3841,-1,3841,821,3840,-1,3840,821,820,-1,3840,820,818,-1,1015,3842,1016,-1,1016,3842,3843,-1,1016,3843,1017,-1,1017,3843,3844,-1,1017,3844,1007,-1,1007,3844,3845,-1,1007,3845,1008,-1,1008,3845,3846,-1,1008,3846,3847,-1,3847,3848,3849,-1,999,998,3849,-1,3849,998,1003,-1,3849,1003,3847,-1,3847,1003,1005,-1,3847,1005,1008,-1,1001,3850,1002,-1,1002,3850,3851,-1,3852,994,3851,-1,3851,994,993,-1,3851,993,1002,-1,3853,3854,3855,-1,3855,3854,3856,-1,3855,3856,3857,-1,3857,3856,3858,-1,3859,3860,3861,-1,3861,3860,3862,-1,3861,3862,3863,-1,3863,3862,3864,-1,3865,3866,3867,-1,3867,3866,3868,-1,3867,3868,3869,-1,3869,3868,3870,-1,3871,3872,3873,-1,3873,3872,3874,-1,3873,3874,3875,-1,3875,3874,3876,-1,3877,3878,3879,-1,3879,3878,3880,-1,3879,3880,3881,-1,3881,3880,3882,-1,3883,3884,3885,-1,3885,3884,3886,-1,3885,3886,3887,-1,3887,3886,3888,-1,3889,3890,3891,-1,3891,3890,3892,-1,3891,3892,3893,-1,3893,3892,3894,-1,3895,3896,3897,-1,3897,3896,3898,-1,3897,3898,3899,-1,3899,3898,3900,-1,3901,3902,3903,-1,3903,3902,3904,-1,3903,3904,3905,-1,3905,3904,3906,-1,3907,3908,3909,-1,3909,3908,3910,-1,3909,3910,3911,-1,3911,3910,3912,-1,3913,3914,3915,-1,3915,3914,3916,-1,3915,3916,3917,-1,3917,3916,3918,-1,3919,3920,3921,-1,3921,3920,3922,-1,3921,3922,3923,-1,3923,3922,3924,-1,3925,3926,3927,-1,3927,3926,3928,-1,3927,3928,3929,-1,3929,3928,3930,-1,3931,3932,3933,-1,3933,3932,3934,-1,3933,3934,3935,-1,3935,3934,3936,-1,3937,3938,3939,-1,3939,3938,3940,-1,3939,3940,3941,-1,3941,3940,3942,-1,3943,3944,3945,-1,3945,3944,3946,-1,3945,3946,3947,-1,3947,3946,3948,-1,3949,3950,3951,-1,3951,3950,3952,-1,3951,3952,3953,-1,3953,3952,3954,-1,3955,3956,3957,-1,3957,3956,3958,-1,3957,3958,3959,-1,3959,3958,3960,-1,3961,3962,3963,-1,3963,3962,3964,-1,3963,3964,3965,-1,3965,3964,3966,-1,3967,3968,3969,-1,3969,3968,3970,-1,3969,3970,3971,-1,3971,3970,3972,-1,3973,3974,3975,-1,3975,3974,3976,-1,3975,3976,3977,-1,3977,3976,3978,-1,3979,3980,3981,-1,3981,3980,3982,-1,3981,3982,3983,-1,3983,3982,3984,-1,3985,3986,3987,-1,3987,3986,3988,-1,3987,3988,3989,-1,3989,3988,3990,-1,3991,3992,3993,-1,3993,3992,3994,-1,3993,3994,3995,-1,3995,3994,3996,-1,3997,3998,3999,-1,3999,3998,4000,-1,3999,4000,4001,-1,4001,4000,4002,-1,4003,4004,4005,-1,4005,4004,4006,-1,4005,4006,4007,-1,4007,4006,4008,-1,4009,4010,4011,-1,4011,4010,4012,-1,4011,4012,4013,-1,4013,4012,4014,-1,4015,4016,4017,-1,4017,4016,4018,-1,4017,4018,4019,-1,4019,4018,4020,-1,4021,4022,4023,-1,4023,4022,4024,-1,4023,4024,4025,-1,4025,4024,4026,-1,4027,4028,4029,-1,4029,4028,4030,-1,4029,4030,4031,-1,4031,4030,4032,-1,4033,4034,4035,-1,4035,4034,4036,-1,4035,4036,4037,-1,4037,4036,4038,-1,4039,4040,4041,-1,4041,4040,4042,-1,4041,4042,4043,-1,4043,4042,4044,-1,4045,4046,4047,-1,4047,4046,4048,-1,4047,4048,4049,-1,4049,4048,4050,-1,4051,4052,4053,-1,4053,4052,4054,-1,4053,4054,4055,-1,4055,4054,4056,-1,4057,4058,4059,-1,4059,4058,4060,-1,4059,4060,4061,-1,4061,4060,4062,-1,4063,4064,4065,-1,4065,4064,4066,-1,4065,4066,4067,-1,4067,4066,4068,-1,4069,4070,4071,-1,4071,4070,4072,-1,4071,4072,4073,-1,4073,4072,4074,-1,4075,4076,4077,-1,4077,4076,4078,-1,4077,4078,4079,-1,4079,4078,4080,-1,4081,4082,4083,-1,4083,4082,4084,-1,4083,4084,4085,-1,4085,4084,4086,-1,4087,4088,4089,-1,4089,4088,4090,-1,4089,4090,4091,-1,4091,4090,4092,-1,4093,4094,4095,-1,4095,4094,4096,-1,4095,4096,4097,-1,4097,4096,4098,-1,3835,3834,4099,-1,3832,3831,4100,-1,3829,3828,4101,-1,4102,4103,4104,-1,4104,4103,4105,-1,4104,4105,4106,-1,4106,4105,4107,-1,4108,4109,4110,-1,4110,4109,4111,-1,4110,4111,4112,-1,4112,4111,4113,-1,4112,4113,4114,-1,4115,4116,4117,-1,4117,4116,4118,-1,4117,4118,4119,-1,4119,4118,4120,-1,4121,4122,4123,-1,4123,4122,4124,-1,4123,4124,4125,-1,4126,4127,4128,-1,4128,4127,4129,-1,4130,4131,4129,-1,4129,4131,4132,-1,4129,4132,4128,-1,4133,4134,4135,-1,4135,4134,4136,-1,4135,4136,4137,-1,4137,4136,4138,-1,4139,4140,4141,-1,4141,4140,4142,-1,4141,4142,4143,-1,4143,4142,4144,-1,4145,4146,4147,-1,4147,4146,4148,-1,4147,4148,4149,-1,4149,4148,4150,-1,4151,4152,4153,-1,4153,4152,4154,-1,4153,4154,4155,-1,4155,4154,4156,-1,4157,4158,4159,-1,4159,4158,4160,-1,4159,4160,4161,-1,4161,4160,4162,-1,4163,4164,4165,-1,4165,4164,4166,-1,4165,4166,4167,-1,4167,4166,4168,-1,4169,4170,4171,-1,4171,4170,4172,-1,4171,4172,4173,-1,4173,4172,4174,-1,4175,4176,4177,-1,4177,4176,4178,-1,4177,4178,4179,-1,4179,4178,4180,-1,4181,4182,4183,-1,4183,4182,4184,-1,4183,4184,4185,-1,4185,4184,4186,-1,4187,4188,4189,-1,4189,4188,4190,-1,4189,4190,4191,-1,4191,4190,4192,-1,4193,4194,4195,-1,4195,4194,4196,-1,4195,4196,4197,-1,4197,4196,4198,-1,4199,4200,4201,-1,4201,4200,4202,-1,4201,4202,4203,-1,4203,4202,4204,-1,4205,4206,4207,-1,4207,4206,4208,-1,4207,4208,4209,-1,4209,4208,4210,-1,4211,4212,4213,-1,4213,4212,4214,-1,4213,4214,4215,-1,4215,4214,4216,-1,4217,4218,4219,-1,4219,4218,4220,-1,4219,4220,4221,-1,4221,4220,4222,-1,4223,4224,4225,-1,4225,4224,4226,-1,4225,4226,4227,-1,4227,4226,4228,-1,4229,4230,4231,-1,4231,4230,4232,-1,4231,4232,4233,-1,4233,4232,4234,-1,4235,4236,4237,-1,4237,4236,4238,-1,4237,4238,4239,-1,4239,4238,4240,-1,4241,4242,4243,-1,4243,4242,4244,-1,4243,4244,4245,-1,4245,4244,4246,-1,4247,4248,4249,-1,4249,4248,4250,-1,4249,4250,4251,-1,4251,4250,4252,-1,4253,4254,4255,-1,4255,4254,4256,-1,4255,4256,4257,-1,4257,4256,4258,-1,4259,4260,4261,-1,4261,4260,4262,-1,4261,4262,4263,-1,4263,4262,4264,-1,4265,4266,4267,-1,4267,4266,4268,-1,4267,4268,4269,-1,4269,4268,4270,-1,4271,4272,4273,-1,4273,4272,4274,-1,4273,4274,4275,-1,4275,4274,4276,-1,4277,4278,4279,-1,4279,4278,4280,-1,4279,4280,4281,-1,4281,4280,4282,-1,4283,4284,4285,-1,4285,4284,4286,-1,4285,4286,4287,-1,4287,4286,4288,-1,4289,4290,4291,-1,4291,4290,4292,-1,4291,4292,4293,-1,4293,4292,4294,-1,4295,4296,4297,-1,4297,4296,4298,-1,4297,4298,4299,-1,4299,4298,4300,-1,4301,4302,4303,-1,4303,4302,4304,-1,4303,4304,4305,-1,4305,4304,4306,-1,4307,4308,4309,-1,4309,4308,4310,-1,4309,4310,4311,-1,4311,4310,4312,-1,4313,4314,4315,-1,4315,4314,4316,-1,4315,4316,4317,-1,4317,4316,4318,-1,4319,4320,4321,-1,4321,4320,4322,-1,4321,4322,4323,-1,4323,4322,4324,-1,4325,4326,4327,-1,4327,4326,4328,-1,4327,4328,4329,-1,4329,4328,4330,-1,4331,4332,4333,-1,4333,4332,4334,-1,4333,4334,4335,-1,4336,4337,4338,-1,4338,4337,4339,-1,4340,4341,4339,-1,4339,4341,4342,-1,4339,4342,4338,-1,4343,4344,4345,-1,4345,4344,4346,-1,4345,4346,4347,-1,4348,4349,4350,-1,4350,4349,4351,-1,4350,4351,4352,-1,4352,4351,4353,-1,4354,4355,4356,-1,4356,4355,4357,-1,4356,4357,4358,-1,4358,4357,4359,-1,4360,4361,4362,-1,4362,4361,4363,-1,4362,4363,4364,-1,4364,4363,4365,-1,4366,4367,4368,-1,4368,4367,4369,-1,4368,4369,4370,-1,4370,4369,4371,-1,4372,4373,4374,-1,4374,4373,4375,-1,4374,4375,4376,-1,4376,4375,4377,-1,4378,4379,4380,-1,4380,4379,4381,-1,4380,4381,4382,-1,4382,4381,4383,-1,4384,4385,4386,-1,4386,4385,4387,-1,4386,4387,4388,-1,4388,4387,4389,-1,4390,4391,4392,-1,4392,4391,4393,-1,4392,4393,4394,-1,4394,4393,4395,-1,4396,4397,4398,-1,4398,4397,4399,-1,4398,4399,4400,-1,4400,4399,4401,-1,4402,4403,4404,-1,4404,4403,4405,-1,4404,4405,4406,-1,4406,4405,4407,-1,4408,4409,4410,-1,4410,4409,4411,-1,4410,4411,4412,-1,4412,4411,4413,-1,4414,4415,4416,-1,4416,4415,4417,-1,4416,4417,4418,-1,4418,4417,4419,-1,4420,4421,4422,-1,4422,4421,4423,-1,4422,4423,4424,-1,4424,4423,4425,-1,4426,4427,4428,-1,4428,4427,4429,-1,4428,4429,4430,-1,4430,4429,4431,-1,4432,4433,4434,-1,4434,4433,4435,-1,4434,4435,4436,-1,4436,4435,4437,-1,4438,4439,4440,-1,4440,4439,4441,-1,4440,4441,4442,-1,4442,4441,4443,-1,4444,4445,4446,-1,4446,4445,4447,-1,4446,4447,4448,-1,4448,4447,4449,-1,4450,4451,4452,-1,4452,4451,4453,-1,4452,4453,4454,-1,4454,4453,4455,-1,4456,4457,4458,-1,4458,4457,4459,-1,4458,4459,4460,-1,4460,4459,4461,-1,4462,4463,4464,-1,4464,4463,4465,-1,4464,4465,4466,-1,4466,4465,4467,-1,4468,4469,4470,-1,4470,4469,4471,-1,4470,4471,4472,-1,4472,4471,4473,-1,4474,4475,4476,-1,4476,4475,4477,-1,4476,4477,4478,-1,4478,4477,4479,-1,4480,4481,4482,-1,4482,4481,4483,-1,4482,4483,4484,-1,4484,4483,4485,-1,4486,4487,4488,-1,4488,4487,4489,-1,4488,4489,4490,-1,4490,4489,4491,-1,4492,4493,4494,-1,4494,4493,4495,-1,4494,4495,4496,-1,4496,4495,4497,-1,4498,4499,4500,-1,4500,4499,4501,-1,4500,4501,4502,-1,4502,4501,4503,-1,4504,4505,4506,-1,4506,4505,4507,-1,4506,4507,4508,-1,4508,4507,4509,-1,4510,4511,4512,-1,4512,4511,4513,-1,4512,4513,4514,-1,4514,4513,4515,-1,4516,4517,4518,-1,4518,4517,4519,-1,4518,4519,4520,-1,4520,4519,4521,-1,4522,4523,4524,-1,4524,4523,4525,-1,4524,4525,4526,-1,4526,4525,4527,-1,4528,4529,4530,-1,4530,4529,4531,-1,4530,4531,4532,-1,4532,4531,4533,-1,4534,4535,4536,-1,4536,4535,4537,-1,4536,4537,4538,-1,4538,4537,4539,-1,4540,4541,4542,-1,4542,4541,4543,-1,4542,4543,4544,-1,4544,4543,4545,-1,4546,4547,4548,-1,4548,4547,4549,-1,4548,4549,4550,-1,4550,4549,4551,-1,4552,4553,4554,-1,4554,4553,4555,-1,4554,4555,4556,-1,4556,4555,4557,-1,4558,4559,4560,-1,4560,4559,4561,-1,4560,4561,4562,-1,4562,4561,4563,-1,4564,4565,4566,-1,4566,4565,4567,-1,4566,4567,4568,-1,4568,4567,4569,-1,4570,4571,4572,-1,4572,4571,4573,-1,4572,4573,4574,-1,4574,4573,4575,-1,4576,4577,4578,-1,4578,4577,4579,-1,4578,4579,4580,-1,4580,4579,4581,-1,4582,4583,4584,-1,4584,4583,4585,-1,4584,4585,4586,-1,4586,4585,4587,-1,4588,4589,4590,-1,4590,4589,4591,-1,4590,4591,4592,-1,4592,4591,4593,-1,4594,4595,4596,-1,4596,4595,4597,-1,4596,4597,4598,-1,4598,4597,4599,-1,4600,4601,4602,-1,4602,4601,4603,-1,4602,4603,4604,-1,4604,4603,4605,-1,4606,4607,4608,-1,4608,4607,4609,-1,4608,4609,4610,-1,4610,4609,4611,-1,4612,4613,4614,-1,4614,4613,4615,-1,4614,4615,4616,-1,4616,4615,4617,-1,4618,4619,4620,-1,4620,4619,4621,-1,4620,4621,4622,-1,4622,4621,4623,-1,4624,4625,4626,-1,4626,4625,4627,-1,4626,4627,4628,-1,3822,3821,4629,-1,3819,3818,4630,-1,4631,4632,4633,-1,4633,4632,4634,-1,4633,4634,4635,-1,4636,4637,4638,-1,4638,4637,4639,-1,4638,4639,4640,-1,4641,4642,4643,-1,4643,4642,4644,-1,4643,4644,4645,-1,4645,4644,4646,-1,4647,4648,4649,-1,4649,4648,4650,-1,4651,4652,4650,-1,4650,4652,4653,-1,4650,4653,4649,-1,4654,4655,4656,-1,4656,4655,4657,-1,4656,4657,4658,-1,4658,4657,4659,-1,4660,4661,4662,-1,4662,4661,4663,-1,4662,4663,4664,-1,4665,4666,4667,-1,4667,4666,4668,-1,4667,4668,4669,-1,4669,4668,4670,-1,4671,4672,4673,-1,4673,4672,4674,-1,4673,4674,4675,-1,4675,4674,4676,-1,4675,4676,4677,-1,4678,4679,4680,-1,4680,4679,4681,-1,4680,4681,4682,-1,4682,4681,4683,-1,4684,4685,4686,-1,4686,4685,4687,-1,4686,4687,4688,-1,4688,4687,4689,-1,4690,4691,4692,-1,4692,4691,4693,-1,4692,4693,4694,-1,4694,4693,4695,-1,4696,4697,4698,-1,4698,4697,4699,-1,4698,4699,4700,-1,4700,4699,4701,-1,4702,4703,4704,-1,4704,4703,4705,-1,4704,4705,4706,-1,4706,4705,4707,-1,4708,4709,4710,-1,4710,4709,4711,-1,4710,4711,4712,-1,4712,4711,4713,-1,4714,4715,4716,-1,4716,4715,4717,-1,4716,4717,4718,-1,4718,4717,4719,-1,4720,4721,4722,-1,4722,4721,4723,-1,4722,4723,4724,-1,4724,4723,4725,-1,4726,4727,4728,-1,4728,4727,4729,-1,4728,4729,4730,-1,4730,4729,4731,-1,4732,4733,4734,-1,4734,4733,4735,-1,4734,4735,4736,-1,4736,4735,4737,-1,4738,4739,4740,-1,4740,4739,4741,-1,4740,4741,4742,-1,4742,4741,4743,-1,4744,4745,4746,-1,4746,4745,4747,-1,4746,4747,4748,-1,4748,4747,4749,-1,4750,4751,4752,-1,4752,4751,4753,-1,4752,4753,4754,-1,4754,4753,4755,-1,4756,4757,4758,-1,4758,4757,4759,-1,4758,4759,4760,-1,4760,4759,4761,-1,4762,4763,4764,-1,4764,4763,4765,-1,4764,4765,4766,-1,4766,4765,4767,-1,4768,4769,4770,-1,4770,4769,4771,-1,4770,4771,4772,-1,4772,4771,4773,-1,4774,4775,4776,-1,4776,4775,4777,-1,4776,4777,4778,-1,4778,4777,4779,-1,4780,4781,4782,-1,4782,4781,4783,-1,4782,4783,4784,-1,4784,4783,4785,-1,4786,4787,4788,-1,4788,4787,4789,-1,4788,4789,4790,-1,4790,4789,4791,-1,4792,4793,4794,-1,4794,4793,4795,-1,4794,4795,4796,-1,4796,4795,4797,-1,4798,4799,4800,-1,4800,4799,4801,-1,4800,4801,4802,-1,4802,4801,4803,-1,4804,4805,4806,-1,4806,4805,4807,-1,4806,4807,4808,-1,4808,4807,4809,-1,4810,4811,4812,-1,4812,4811,4813,-1,4812,4813,4814,-1,4814,4813,4815,-1,4816,4817,4818,-1,4818,4817,4819,-1,4818,4819,4820,-1,4820,4819,4821,-1,4822,4823,4824,-1,4824,4823,4825,-1,4824,4825,4826,-1,4826,4825,4827,-1,4828,4829,4830,-1,4830,4829,4831,-1,4830,4831,4832,-1,4832,4831,4833,-1,4834,4835,4836,-1,4836,4835,4837,-1,4836,4837,4838,-1,4838,4837,4839,-1,4840,4841,4842,-1,4842,4841,4843,-1,4842,4843,4844,-1,4844,4843,4845,-1,4846,4847,4848,-1,4848,4847,4849,-1,4848,4849,4850,-1,4850,4849,4851,-1,4852,4853,4854,-1,4854,4853,4855,-1,4854,4855,4856,-1,4856,4855,4857,-1,4858,4859,4860,-1,4860,4859,4861,-1,4860,4861,4862,-1,4862,4861,4863,-1,4864,4865,4866,-1,4866,4865,4867,-1,4866,4867,4868,-1,4869,4870,4871,-1,4871,4870,4872,-1,4871,4872,4873,-1,4873,4872,4874,-1,4875,4876,4877,-1,4877,4876,4878,-1,4877,4878,4879,-1,4879,4878,4880,-1,4881,4882,4883,-1,4883,4882,4884,-1,4883,4884,4885,-1,4885,4884,4886,-1,4887,4888,4889,-1,4889,4888,4890,-1,4889,4890,4891,-1,4891,4890,4892,-1,4893,4894,4895,-1,4895,4894,4896,-1,4895,4896,4897,-1,4897,4896,4898,-1,4899,4900,4901,-1,4901,4900,4902,-1,4901,4902,4903,-1,4903,4902,4904,-1,4905,4906,4907,-1,4907,4906,4908,-1,4907,4908,4909,-1,4909,4908,4910,-1,4911,4912,4913,-1,4913,4912,4914,-1,4913,4914,4915,-1,4915,4914,4916,-1,4917,4918,4919,-1,4919,4918,4920,-1,4919,4920,4921,-1,4921,4920,4922,-1,4923,4924,4925,-1,4925,4924,4926,-1,4925,4926,4927,-1,4927,4926,4928,-1,4929,4930,4931,-1,4931,4930,4932,-1,4931,4932,4933,-1,4933,4932,4934,-1,4935,4936,4937,-1,4937,4936,4938,-1,4937,4938,4939,-1,4939,4938,4940,-1,4941,4942,4943,-1,4943,4942,4944,-1,4943,4944,4945,-1,4945,4944,4946,-1,4947,4948,4949,-1,4949,4948,4950,-1,4949,4950,4951,-1,4951,4950,4952,-1,4953,4954,4955,-1,4955,4954,4956,-1,4955,4956,4957,-1,4957,4956,4958,-1,4959,4960,4961,-1,4961,4960,4962,-1,4961,4962,4963,-1,4963,4962,4964,-1,4965,4966,4967,-1,4967,4966,4968,-1,4967,4968,4969,-1,4969,4968,4970,-1,4971,4972,4973,-1,4973,4972,4974,-1,4973,4974,4975,-1,4975,4974,4976,-1,4977,4978,4979,-1,4979,4978,4980,-1,4979,4980,4981,-1,4981,4980,4982,-1,4983,4984,4985,-1,4985,4984,4986,-1,4985,4986,4987,-1,4987,4986,4988,-1,4989,4990,4991,-1,4991,4990,4992,-1,4991,4992,4993,-1,4993,4992,4994,-1,4995,4996,4997,-1,4997,4996,4998,-1,4997,4998,4999,-1,4999,4998,5000,-1,5001,5002,5003,-1,5003,5002,5004,-1,5003,5004,5005,-1,5005,5004,5006,-1,5007,5008,5009,-1,5009,5008,5010,-1,5009,5010,5011,-1,5011,5010,5012,-1,5013,5014,5015,-1,5015,5014,5016,-1,5015,5016,5017,-1,5017,5016,5018,-1,5019,5020,5021,-1,5021,5020,5022,-1,5021,5022,5023,-1,5023,5022,5024,-1,5025,5026,5027,-1,5027,5026,5028,-1,5027,5028,5029,-1,5029,5028,5030,-1,5031,5032,5033,-1,5033,5032,5034,-1,5033,5034,5035,-1,5035,5034,5036,-1,5037,5038,5039,-1,5039,5038,5040,-1,5039,5040,5041,-1,5041,5040,5042,-1,5043,5044,5045,-1,5045,5044,5046,-1,5045,5046,5047,-1,5047,5046,5048,-1,5049,5050,5051,-1,5051,5050,5052,-1,5051,5052,5053,-1,5053,5052,5054,-1,5055,5056,5057,-1,5057,5056,5058,-1,5057,5058,5059,-1,5059,5058,5060,-1,5061,5062,5063,-1,5063,5062,5064,-1,5063,5064,5065,-1,5065,5064,5066,-1,5067,5068,5069,-1,5069,5068,5070,-1,5069,5070,5071,-1,5071,5070,5072,-1,5073,5074,5075,-1,5075,5074,5076,-1,5075,5076,5077,-1,5077,5076,5078,-1,5079,5080,5081,-1,5081,5080,5082,-1,5081,5082,5083,-1,5083,5082,5084,-1,5085,5086,5087,-1,5087,5086,5088,-1,5087,5088,5089,-1,5089,5088,5090,-1,5091,5092,5093,-1,5093,5092,5094,-1,5093,5094,5095,-1,5095,5094,5096,-1,5097,5098,5099,-1,5099,5098,5100,-1,5099,5100,5101,-1,5101,5100,5102,-1,5103,5104,5105,-1,5105,5104,5106,-1,5105,5106,5107,-1,5107,5106,5108,-1,5109,5110,5111,-1,5111,5110,5112,-1,5111,5112,5113,-1,5113,5112,5114,-1,5115,5116,5117,-1,5117,5116,5118,-1,5117,5118,5119,-1,5119,5118,5120,-1,5121,5122,5123,-1,5123,5122,5124,-1,5123,5124,5125,-1,5125,5124,5126,-1,5127,5128,5129,-1,5129,5128,5130,-1,5129,5130,5131,-1,5131,5130,5132,-1,5133,5134,5135,-1,5135,5134,5136,-1,5135,5136,5137,-1,5137,5136,5138,-1,5139,5140,5141,-1,5141,5140,5142,-1,5141,5142,5143,-1,5143,5142,5144,-1,5145,5146,5147,-1,5147,5146,5148,-1,5147,5148,5149,-1,5149,5148,5150,-1,5151,5152,5153,-1,5153,5152,5154,-1,5153,5154,5155,-1,5155,5154,5156,-1,5157,5158,5159,-1,5159,5158,5160,-1,5159,5160,5161,-1,3816,3815,5162,-1,3813,3812,5163,-1,3810,3809,5164,-1,5165,5166,5167,-1,5167,5166,5168,-1,5167,5168,5169,-1,5169,5168,5170,-1,5171,5172,5173,-1,5173,5172,5174,-1,5173,5174,5175,-1,5175,5174,5176,-1,5177,5178,5179,-1,5179,5178,5180,-1,5179,5180,5181,-1,5182,5183,5184,-1,5184,5183,5185,-1,5186,5187,5185,-1,5185,5187,5188,-1,5185,5188,5184,-1,5189,5190,5191,-1,5191,5190,5192,-1,5191,5192,5193,-1,5193,5192,5194,-1,5195,5196,5197,-1,5197,5196,5198,-1,5197,5198,5199,-1,5200,5201,5202,-1,5202,5201,5203,-1,5204,5205,5203,-1,5203,5205,5206,-1,5203,5206,5202,-1,5207,5208,5209,-1,5209,5208,5210,-1,5209,5210,5211,-1,5211,5210,5212,-1,5213,5214,5215,-1,5215,5214,5216,-1,5215,5216,5217,-1,5217,5216,5218,-1,5219,5220,5221,-1,5221,5220,5222,-1,5221,5222,5223,-1,5223,5222,5224,-1,5225,5226,5227,-1,5227,5226,5228,-1,5227,5228,5229,-1,5229,5228,5230,-1,5231,5232,5233,-1,5233,5232,5234,-1,5233,5234,5235,-1,5235,5234,5236,-1,5237,5238,5239,-1,5239,5238,5240,-1,5239,5240,5241,-1,5241,5240,5242,-1,5243,5244,5245,-1,5245,5244,5246,-1,5245,5246,5247,-1,5247,5246,5248,-1,5249,5250,5251,-1,5251,5250,5252,-1,5251,5252,5253,-1,5253,5252,5254,-1,5255,5256,5257,-1,5257,5256,5258,-1,5257,5258,5259,-1,5259,5258,5260,-1,5261,5262,5263,-1,5263,5262,5264,-1,5263,5264,5265,-1,5265,5264,5266,-1,5267,5268,5269,-1,5269,5268,5270,-1,5269,5270,5271,-1,5271,5270,5272,-1,5273,5274,5275,-1,5275,5274,5276,-1,5275,5276,5277,-1,5277,5276,5278,-1,5279,5280,5281,-1,5281,5280,5282,-1,5281,5282,5283,-1,5283,5282,5284,-1,5285,5286,5287,-1,5287,5286,5288,-1,5287,5288,5289,-1,5289,5288,5290,-1,5291,5292,5293,-1,5293,5292,5294,-1,5293,5294,5295,-1,5295,5294,5296,-1,5297,5298,5299,-1,5299,5298,5300,-1,5299,5300,5301,-1,5301,5300,5302,-1,5303,5304,5305,-1,5305,5304,5306,-1,5305,5306,5307,-1,5307,5306,5308,-1,5309,5310,5311,-1,5311,5310,5312,-1,5311,5312,5313,-1,5313,5312,5314,-1,5315,5316,5317,-1,5317,5316,5318,-1,5317,5318,5319,-1,5319,5318,5320,-1,5321,5322,5323,-1,5323,5322,5324,-1,5323,5324,5325,-1,5325,5324,5326,-1,5327,5328,5329,-1,5329,5328,5330,-1,5329,5330,5331,-1,5331,5330,5332,-1,5333,5334,5335,-1,5335,5334,5336,-1,5335,5336,5337,-1,5337,5336,5338,-1,5339,5340,5341,-1,5341,5340,5342,-1,5341,5342,5343,-1,5343,5342,5344,-1,5345,5346,5347,-1,5347,5346,5348,-1,5347,5348,5349,-1,5349,5348,5350,-1,5351,5352,5353,-1,5353,5352,5354,-1,5353,5354,5355,-1,5355,5354,5356,-1,5357,5358,5359,-1,5359,5358,5360,-1,5359,5360,5361,-1,5361,5360,5362,-1,5363,5364,5365,-1,5365,5364,5366,-1,5365,5366,5367,-1,5367,5366,5368,-1,5369,5370,5371,-1,5371,5370,5372,-1,5371,5372,5373,-1,5373,5372,5374,-1,5375,5376,5377,-1,5377,5376,5378,-1,5377,5378,5379,-1,5379,5378,5380,-1,5381,5382,5383,-1,5383,5382,5384,-1,5383,5384,5385,-1,5385,5384,5386,-1,5387,5388,5389,-1,5389,5388,5390,-1,5389,5390,5391,-1,5391,5390,5392,-1,5393,5394,5395,-1,5395,5394,5396,-1,5395,5396,5397,-1,5397,5396,5398,-1,5399,5400,5401,-1,5401,5400,5402,-1,5401,5402,5403,-1,5404,5405,5406,-1,5406,5405,5407,-1,5406,5407,5408,-1,5408,5407,5409,-1,5410,5411,5412,-1,5412,5411,5413,-1,5412,5413,5414,-1,5414,5413,5415,-1,5416,5417,5418,-1,5418,5417,5419,-1,5418,5419,5420,-1,5420,5419,5421,-1,5422,5423,5424,-1,5424,5423,5425,-1,5424,5425,5426,-1,5426,5425,5427,-1,5428,5429,5430,-1,5430,5429,5431,-1,5430,5431,5432,-1,5432,5431,5433,-1,5434,5435,5436,-1,5436,5435,5437,-1,5436,5437,5438,-1,5438,5437,5439,-1,5440,5441,5442,-1,5442,5441,5443,-1,5442,5443,5444,-1,5444,5443,5445,-1,5446,5447,5448,-1,5448,5447,5449,-1,5448,5449,5450,-1,5450,5449,5451,-1,5452,5453,5454,-1,5454,5453,5455,-1,5454,5455,5456,-1,5456,5455,5457,-1,5458,5459,5460,-1,5460,5459,5461,-1,5460,5461,5462,-1,5462,5461,5463,-1,5464,5465,5466,-1,5466,5465,5467,-1,5466,5467,5468,-1,5468,5467,5469,-1,5470,5471,5472,-1,5472,5471,5473,-1,5472,5473,5474,-1,5474,5473,5475,-1,5476,5477,5478,-1,5478,5477,5479,-1,5478,5479,5480,-1,5480,5479,5481,-1,5482,5483,5484,-1,5484,5483,5485,-1,5484,5485,5486,-1,5486,5485,5487,-1,5488,5489,5490,-1,5490,5489,5491,-1,5490,5491,5492,-1,5492,5491,5493,-1,5494,5495,5496,-1,5496,5495,5497,-1,5496,5497,5498,-1,5498,5497,5499,-1,5500,5501,5502,-1,5502,5501,5503,-1,5502,5503,5504,-1,5504,5503,5505,-1,5506,5507,5508,-1,5508,5507,5509,-1,5508,5509,5510,-1,5510,5509,5511,-1,5512,5513,5514,-1,5514,5513,5515,-1,5514,5515,5516,-1,5516,5515,5517,-1,5518,5519,5520,-1,5520,5519,5521,-1,5520,5521,5522,-1,5522,5521,5523,-1,5524,5525,5526,-1,5526,5525,5527,-1,5526,5527,5528,-1,5528,5527,5529,-1,5530,5531,5532,-1,5532,5531,5533,-1,5532,5533,5534,-1,5534,5533,5535,-1,5536,5537,5538,-1,5538,5537,5539,-1,5538,5539,5540,-1,5540,5539,5541,-1,5542,5543,5544,-1,5544,5543,5545,-1,5544,5545,5546,-1,5546,5545,5547,-1,5548,5549,5550,-1,5550,5549,5551,-1,5550,5551,5552,-1,5552,5551,5553,-1,5554,5555,5556,-1,5556,5555,5557,-1,5556,5557,5558,-1,5558,5557,5559,-1,5560,5561,5562,-1,5562,5561,5563,-1,5562,5563,5564,-1,5564,5563,5565,-1,5566,5567,5568,-1,5568,5567,5569,-1,5568,5569,5570,-1,5570,5569,5571,-1,5572,5573,5574,-1,5574,5573,5575,-1,5574,5575,5576,-1,5576,5575,5577,-1,5578,5579,5580,-1,5580,5579,5581,-1,5580,5581,5582,-1,5582,5581,5583,-1,5584,5585,5586,-1,5586,5585,5587,-1,5586,5587,5588,-1,5588,5587,5589,-1,5590,5591,5592,-1,5592,5591,5593,-1,5592,5593,5594,-1,5594,5593,5595,-1,5596,5597,5598,-1,5598,5597,5599,-1,5598,5599,5600,-1,5600,5599,5601,-1,5602,5603,5604,-1,5604,5603,5605,-1,5604,5605,5606,-1,5606,5605,5607,-1,5608,5609,5610,-1,5610,5609,5611,-1,5610,5611,5612,-1,5612,5611,5613,-1,5614,5615,5616,-1,5616,5615,5617,-1,5616,5617,5618,-1,5618,5617,5619,-1,5620,5621,5622,-1,5622,5621,5623,-1,5622,5623,5624,-1,5624,5623,5625,-1,5626,5627,5628,-1,5628,5627,5629,-1,5628,5629,5630,-1,5630,5629,5631,-1,5632,5633,5634,-1,5634,5633,5635,-1,5634,5635,5636,-1,5636,5635,5637,-1,5638,5639,5640,-1,5640,5639,5641,-1,5640,5641,5642,-1,5642,5641,5643,-1,5644,5645,5646,-1,5646,5645,5647,-1,5646,5647,5648,-1,5648,5647,5649,-1,5650,5651,5652,-1,5652,5651,5653,-1,5652,5653,5654,-1,5654,5653,5655,-1,5656,5657,5658,-1,5658,5657,5659,-1,5658,5659,5660,-1,5660,5659,5661,-1,5662,5663,5664,-1,5664,5663,5665,-1,5664,5665,5666,-1,5666,5665,5667,-1,5668,5669,5670,-1,5670,5669,5671,-1,5670,5671,5672,-1,5672,5671,5673,-1,5674,5675,5676,-1,5676,5675,5677,-1,5676,5677,5678,-1,5678,5677,5679,-1,5680,5681,5682,-1,5682,5681,5683,-1,5682,5683,5684,-1,5684,5683,5685,-1,5686,5687,5688,-1,5688,5687,5689,-1,5688,5689,5690,-1,5690,5689,5691,-1,3807,3806,5692,-1,3804,3803,5693,-1,3801,3800,5694,-1,5695,5696,5697,-1,5697,5696,5698,-1,5697,5698,5699,-1,5700,5701,5702,-1,5702,5701,5703,-1,5704,5705,5703,-1,5703,5705,5706,-1,5703,5706,5702,-1,5707,5708,5709,-1,5709,5708,5710,-1,5709,5710,5711,-1,5711,5710,5712,-1,5713,5714,5715,-1,5715,5714,5716,-1,5715,5716,5717,-1,5718,5719,5720,-1,5720,5719,5721,-1,5720,5721,5722,-1,5722,5721,5723,-1,5724,5725,5726,-1,5726,5725,5727,-1,5726,5727,5728,-1,5728,5727,5729,-1,5728,5729,5730,-1,5731,5732,5733,-1,5733,5732,5734,-1,5733,5734,5735,-1,5735,5734,3797,-1,3796,3798,5736,-1,5737,5738,5739,-1,5739,5738,5740,-1,5739,5740,5741,-1,5741,5740,5742,-1,5743,5744,5745,-1,5745,5744,5746,-1,5745,5746,5747,-1,5747,5746,5748,-1,5749,5750,5751,-1,5751,5750,5752,-1,5751,5752,5753,-1,5753,5752,5754,-1,5755,5756,5757,-1,5757,5756,5758,-1,5757,5758,5759,-1,5759,5758,5760,-1,5761,5762,5763,-1,5763,5762,5764,-1,5763,5764,5765,-1,5765,5764,5766,-1,5767,5768,5769,-1,5769,5768,5770,-1,5769,5770,5771,-1,5771,5770,5772,-1,5773,5774,5775,-1,5775,5774,5776,-1,5775,5776,5777,-1,5777,5776,5778,-1,5779,5780,5781,-1,5781,5780,5782,-1,5781,5782,5783,-1,5783,5782,5784,-1,5785,5786,5787,-1,5787,5786,5788,-1,5787,5788,5789,-1,5789,5788,5790,-1,5791,5792,5793,-1,5793,5792,5794,-1,5793,5794,5795,-1,5795,5794,5796,-1,5797,5798,5799,-1,5799,5798,5800,-1,5799,5800,5801,-1,5801,5800,5802,-1,5803,5804,5805,-1,5805,5804,5806,-1,5805,5806,5807,-1,5807,5806,5808,-1,5809,5810,5811,-1,5811,5810,5812,-1,5811,5812,5813,-1,5813,5812,5814,-1,5815,5816,5817,-1,5817,5816,5818,-1,5817,5818,5819,-1,5819,5818,5820,-1,5821,5822,5823,-1,5823,5822,5824,-1,5823,5824,5825,-1,5825,5824,5826,-1,5827,5828,5829,-1,5829,5828,5830,-1,5829,5830,5831,-1,5831,5830,5832,-1,5833,5834,5835,-1,5835,5834,5836,-1,5835,5836,5837,-1,5837,5836,5838,-1,5839,5840,5841,-1,5841,5840,5842,-1,5841,5842,5843,-1,5843,5842,5844,-1,5845,5846,5847,-1,5847,5846,5848,-1,5847,5848,5849,-1,5849,5848,5850,-1,5851,5852,5853,-1,5853,5852,5854,-1,5853,5854,5855,-1,5855,5854,5856,-1,5857,5858,5859,-1,5859,5858,5860,-1,5859,5860,5861,-1,5861,5860,5862,-1,5863,5864,5865,-1,5865,5864,5866,-1,5865,5866,5867,-1,5867,5866,5868,-1,5869,5870,5871,-1,5871,5870,5872,-1,5871,5872,5873,-1,5873,5872,5874,-1,5875,5876,5877,-1,5877,5876,5878,-1,5877,5878,5879,-1,5879,5878,5880,-1,5881,5882,5883,-1,5883,5882,5884,-1,5883,5884,5885,-1,5885,5884,5886,-1,5887,5888,5889,-1,5889,5888,5890,-1,5889,5890,5891,-1,5891,5890,5892,-1,5893,5894,5895,-1,5895,5894,5896,-1,5895,5896,5897,-1,5897,5896,5898,-1,5899,5900,5901,-1,5901,5900,5902,-1,5901,5902,5903,-1,5903,5902,5904,-1,5905,5906,5907,-1,5907,5906,5908,-1,5909,5910,5911,-1,5911,5910,5912,-1,5911,5912,5905,-1,5905,5912,5913,-1,5905,5913,5906,-1,5914,5915,5916,-1,5916,5915,5917,-1,5916,5917,5918,-1,5918,5917,5919,-1,5920,5921,5922,-1,5922,5921,5923,-1,5922,5923,5924,-1,5925,5926,5927,-1,5927,5926,5928,-1,5927,5928,5929,-1,5929,5928,5930,-1,5930,5928,5931,-1,5930,5931,5932,-1,3795,3794,5933,-1,3794,5934,5933,-1,5933,5934,5935,-1,5933,5935,5931,-1,5931,5935,5936,-1,5931,5936,5932,-1,5937,5938,5939,-1,5939,5938,5940,-1,5939,5940,5941,-1,5941,5940,5942,-1,5943,5944,5945,-1,5945,5944,5946,-1,5947,5948,5949,-1,5949,5948,5950,-1,5949,5950,5946,-1,5946,5950,5951,-1,5946,5951,5945,-1,5952,5953,5954,-1,5954,5953,5955,-1,5954,5955,5956,-1,5956,5955,5957,-1,5958,5959,5960,-1,5960,5959,5961,-1,5960,5961,5962,-1,5962,5961,5963,-1,5964,5965,5966,-1,5966,5965,5967,-1,5968,5969,5967,-1,5967,5969,5970,-1,5967,5970,5966,-1,5971,5972,5973,-1,5973,5972,5974,-1,5973,5974,5968,-1,5968,5974,5975,-1,5968,5975,5969,-1,5976,5977,5978,-1,5978,5977,5979,-1,5980,5981,5982,-1,5982,5981,5983,-1,5982,5983,5979,-1,5979,5983,5984,-1,5979,5984,5978,-1,5985,5986,5987,-1,5987,5986,5988,-1,5989,5990,5991,-1,5991,5990,5992,-1,5991,5992,5988,-1,5988,5992,5993,-1,5988,5993,5987,-1,5994,5995,5996,-1,5996,5995,5997,-1,5996,5997,5998,-1,5998,5997,5999,-1,6000,6001,6002,-1,6002,6001,6003,-1,6002,6003,6004,-1,6004,6003,6005,-1,6006,6007,6008,-1,6008,6007,6009,-1,6010,6011,6012,-1,6012,6011,6013,-1,6012,6013,6009,-1,6009,6013,6014,-1,6009,6014,6008,-1,6015,6016,6017,-1,6017,6016,6018,-1,6017,6018,6019,-1,6019,6018,6020,-1,6021,6022,6023,-1,6023,6022,6024,-1,6023,6024,6025,-1,6025,6024,6026,-1,6027,6028,6029,-1,6029,6028,6030,-1,6029,6030,6031,-1,6031,6030,6032,-1,6033,6034,6035,-1,6035,6034,6036,-1,6035,6036,6037,-1,6037,6036,6038,-1,6039,6040,6041,-1,6041,6040,6042,-1,6041,6042,6043,-1,6043,6042,6044,-1,6045,6046,6047,-1,6047,6046,6048,-1,6047,6048,6049,-1,6049,6048,6050,-1,6051,6052,6053,-1,6053,6052,6054,-1,6053,6054,6055,-1,6055,6054,6056,-1,6057,6058,6059,-1,6059,6058,6060,-1,6059,6060,6061,-1,6061,6060,6062,-1,6063,6064,6065,-1,6065,6064,6066,-1,6065,6066,6067,-1,6067,6066,6068,-1,6069,6070,6071,-1,6071,6070,6072,-1,6071,6072,6073,-1,6073,6072,6074,-1,6075,6076,6077,-1,6077,6076,6078,-1,6077,6078,6079,-1,6079,6078,6080,-1,6081,6082,6083,-1,6083,6082,6084,-1,6083,6084,6085,-1,6085,6084,6086,-1,6087,6088,6089,-1,6089,6088,6090,-1,6089,6090,6091,-1,6091,6090,6092,-1,6093,6094,6095,-1,6095,6094,6096,-1,6095,6096,6097,-1,6097,6096,6098,-1,6099,6100,6101,-1,6101,6100,6102,-1,6101,6102,6103,-1,6103,6102,6104,-1,6105,6106,6107,-1,6107,6106,6108,-1,6107,6108,6109,-1,6109,6108,6110,-1,6111,6112,6113,-1,6113,6112,6114,-1,6113,6114,6115,-1,6115,6114,6116,-1,6117,6118,6119,-1,6119,6118,6120,-1,6119,6120,6121,-1,6121,6120,6122,-1,6123,6124,6125,-1,6125,6124,6126,-1,6125,6126,6127,-1,6127,6126,6128,-1,6129,6130,6131,-1,6131,6130,6132,-1,6131,6132,6133,-1,6133,6132,6134,-1,6135,6136,6137,-1,6137,6136,6138,-1,6137,6138,6139,-1,6139,6138,6140,-1,6141,6142,6143,-1,6143,6142,6144,-1,6143,6144,6145,-1,6145,6144,6146,-1,6147,6148,6149,-1,6149,6148,6150,-1,6149,6150,6151,-1,6151,6150,6152,-1,6153,6154,6155,-1,6155,6154,6156,-1,6155,6156,6157,-1,6157,6156,6158,-1,6159,6160,6161,-1,6161,6160,6162,-1,6161,6162,6163,-1,6163,6162,6164,-1,6165,6166,6167,-1,6167,6166,6168,-1,6167,6168,6169,-1,6169,6168,6170,-1,6171,6172,6173,-1,6173,6172,3838,-1,6173,3838,6174,-1,6174,3838,6175,-1,6175,3838,3840,-1,6175,3840,6176,-1,818,3836,3840,-1,3840,3836,6177,-1,3840,6177,6176,-1,620,6178,625,-1,625,6178,6179,-1,625,6179,828,-1,828,6179,6180,-1,828,6180,829,-1,829,6180,6181,-1,829,6181,830,-1,830,6181,6182,-1,830,6182,827,-1,827,6182,6183,-1,827,6183,825,-1,825,6183,6184,-1,825,6184,3837,-1,3837,6184,6185,-1,3837,6185,3836,-1,3836,6185,6186,-1,3836,6186,6177,-1,3848,6187,3849,-1,3849,6187,3850,-1,3849,3850,999,-1,999,3850,1001,-1,6188,3851,6189,-1,6189,3851,3850,-1,6189,3850,6190,-1,6190,3850,6187,-1,6188,6191,3851,-1,3851,6191,3854,-1,3851,3854,3852,-1,3852,3854,3853,-1,6192,3856,6193,-1,6193,3856,3854,-1,6193,3854,6194,-1,6194,3854,6191,-1,6192,6195,3856,-1,3856,6195,3860,-1,3856,3860,3858,-1,3858,3860,3859,-1,6196,3862,6197,-1,6197,3862,3860,-1,6197,3860,6198,-1,6198,3860,6195,-1,6196,6199,3862,-1,3862,6199,3866,-1,3862,3866,3864,-1,3864,3866,3865,-1,6200,3868,6201,-1,6201,3868,3866,-1,6201,3866,6202,-1,6202,3866,6199,-1,6200,6203,3868,-1,3868,6203,3872,-1,3868,3872,3870,-1,3870,3872,3871,-1,6204,3874,6205,-1,6205,3874,3872,-1,6205,3872,6206,-1,6206,3872,6203,-1,6204,6207,3874,-1,3874,6207,3878,-1,3874,3878,3876,-1,3876,3878,3877,-1,6208,3880,6209,-1,6209,3880,3878,-1,6209,3878,6210,-1,6210,3878,6207,-1,6208,6211,3880,-1,3880,6211,3884,-1,3880,3884,3882,-1,3882,3884,3883,-1,6212,3886,6213,-1,6213,3886,3884,-1,6213,3884,6214,-1,6214,3884,6211,-1,6212,6215,3886,-1,3886,6215,3890,-1,3886,3890,3888,-1,3888,3890,3889,-1,6216,3892,6217,-1,6217,3892,3890,-1,6217,3890,6218,-1,6218,3890,6215,-1,6216,6219,3892,-1,3892,6219,3896,-1,3892,3896,3894,-1,3894,3896,3895,-1,6220,3898,6221,-1,6221,3898,3896,-1,6221,3896,6222,-1,6222,3896,6219,-1,6220,6223,3898,-1,3898,6223,3902,-1,3898,3902,3900,-1,3900,3902,3901,-1,6224,3904,6225,-1,6225,3904,3902,-1,6225,3902,6226,-1,6226,3902,6223,-1,6224,6227,3904,-1,3904,6227,3908,-1,3904,3908,3906,-1,3906,3908,3907,-1,6228,3910,6229,-1,6229,3910,3908,-1,6229,3908,6230,-1,6230,3908,6227,-1,6228,6231,3910,-1,3910,6231,3914,-1,3910,3914,3912,-1,3912,3914,3913,-1,6232,3916,6233,-1,6233,3916,3914,-1,6233,3914,6234,-1,6234,3914,6231,-1,6232,6235,3916,-1,3916,6235,3920,-1,3916,3920,3918,-1,3918,3920,3919,-1,6236,3922,6237,-1,6237,3922,3920,-1,6237,3920,6238,-1,6238,3920,6235,-1,6236,6239,3922,-1,3922,6239,3926,-1,3922,3926,3924,-1,3924,3926,3925,-1,6240,3928,6241,-1,6241,3928,3926,-1,6241,3926,6242,-1,6242,3926,6239,-1,6240,6243,3928,-1,3928,6243,3932,-1,3928,3932,3930,-1,3930,3932,3931,-1,6244,3934,6245,-1,6245,3934,3932,-1,6245,3932,6246,-1,6246,3932,6243,-1,6244,6247,3934,-1,3934,6247,3938,-1,3934,3938,3936,-1,3936,3938,3937,-1,6248,3940,6249,-1,6249,3940,3938,-1,6249,3938,6250,-1,6250,3938,6247,-1,6248,6251,3940,-1,3940,6251,3944,-1,3940,3944,3942,-1,3942,3944,3943,-1,6252,3946,6253,-1,6253,3946,3944,-1,6253,3944,6254,-1,6254,3944,6251,-1,6252,6255,3946,-1,3946,6255,3950,-1,3946,3950,3948,-1,3948,3950,3949,-1,6256,3952,6257,-1,6257,3952,3950,-1,6257,3950,6258,-1,6258,3950,6255,-1,6256,6259,3952,-1,3952,6259,3956,-1,3952,3956,3954,-1,3954,3956,3955,-1,6260,3958,6261,-1,6261,3958,3956,-1,6261,3956,6262,-1,6262,3956,6259,-1,6260,6263,3958,-1,3958,6263,3962,-1,3958,3962,3960,-1,3960,3962,3961,-1,6264,3964,6265,-1,6265,3964,3962,-1,6265,3962,6266,-1,6266,3962,6263,-1,6264,6267,3964,-1,3964,6267,3968,-1,3964,3968,3966,-1,3966,3968,3967,-1,6268,3970,6269,-1,6269,3970,3968,-1,6269,3968,6270,-1,6270,3968,6267,-1,6268,6271,3970,-1,3970,6271,3974,-1,3970,3974,3972,-1,3972,3974,3973,-1,6272,3976,6273,-1,6273,3976,3974,-1,6273,3974,6274,-1,6274,3974,6271,-1,6272,6275,3976,-1,3976,6275,3980,-1,3976,3980,3978,-1,3978,3980,3979,-1,6276,3982,6277,-1,6277,3982,3980,-1,6277,3980,6278,-1,6278,3980,6275,-1,6276,6279,3982,-1,3982,6279,3986,-1,3982,3986,3984,-1,3984,3986,3985,-1,6280,3988,6281,-1,6281,3988,3986,-1,6281,3986,6282,-1,6282,3986,6279,-1,6280,6283,3988,-1,3988,6283,3992,-1,3988,3992,3990,-1,3990,3992,3991,-1,6284,3994,6285,-1,6285,3994,3992,-1,6285,3992,6286,-1,6286,3992,6283,-1,6284,6287,3994,-1,3994,6287,3998,-1,3994,3998,3996,-1,3996,3998,3997,-1,6288,4000,6289,-1,6289,4000,3998,-1,6289,3998,6290,-1,6290,3998,6287,-1,6288,6291,4000,-1,4000,6291,4004,-1,4000,4004,4002,-1,4002,4004,4003,-1,6292,4006,6293,-1,6293,4006,4004,-1,6293,4004,6294,-1,6294,4004,6291,-1,6292,6295,4006,-1,4006,6295,4010,-1,4006,4010,4008,-1,4008,4010,4009,-1,6296,4012,6297,-1,6297,4012,4010,-1,6297,4010,6298,-1,6298,4010,6295,-1,6296,6299,4012,-1,4012,6299,4016,-1,4012,4016,4014,-1,4014,4016,4015,-1,6300,4018,6301,-1,6301,4018,4016,-1,6301,4016,6302,-1,6302,4016,6299,-1,6300,6303,4018,-1,4018,6303,4022,-1,4018,4022,4020,-1,4020,4022,4021,-1,6304,4024,6305,-1,6305,4024,4022,-1,6305,4022,6306,-1,6306,4022,6303,-1,6304,6307,4024,-1,4024,6307,4028,-1,4024,4028,4026,-1,4026,4028,4027,-1,6308,4030,6309,-1,6309,4030,4028,-1,6309,4028,6310,-1,6310,4028,6307,-1,6308,6311,4030,-1,4030,6311,4034,-1,4030,4034,4032,-1,4032,4034,4033,-1,6312,4036,6313,-1,6313,4036,4034,-1,6313,4034,6314,-1,6314,4034,6311,-1,6312,6315,4036,-1,4036,6315,4040,-1,4036,4040,4038,-1,4038,4040,4039,-1,6316,4042,6317,-1,6317,4042,4040,-1,6317,4040,6318,-1,6318,4040,6315,-1,6316,6319,4042,-1,4042,6319,4046,-1,4042,4046,4044,-1,4044,4046,4045,-1,6320,4048,6321,-1,6321,4048,4046,-1,6321,4046,6322,-1,6322,4046,6319,-1,6320,6323,4048,-1,4048,6323,4052,-1,4048,4052,4050,-1,4050,4052,4051,-1,6324,4054,6325,-1,6325,4054,4052,-1,6325,4052,6326,-1,6326,4052,6323,-1,6324,6327,4054,-1,4054,6327,4058,-1,4054,4058,4056,-1,4056,4058,4057,-1,6328,4060,6329,-1,6329,4060,4058,-1,6329,4058,6330,-1,6330,4058,6327,-1,6328,6331,4060,-1,4060,6331,4064,-1,4060,4064,4062,-1,4062,4064,4063,-1,6332,4066,6333,-1,6333,4066,4064,-1,6333,4064,6334,-1,6334,4064,6331,-1,6332,6335,4066,-1,4066,6335,4070,-1,4066,4070,4068,-1,4068,4070,4069,-1,6336,4072,6337,-1,6337,4072,4070,-1,6337,4070,6338,-1,6338,4070,6335,-1,6336,6339,4072,-1,4072,6339,4076,-1,4072,4076,4074,-1,4074,4076,4075,-1,6340,4078,6341,-1,6341,4078,4076,-1,6341,4076,6342,-1,6342,4076,6339,-1,6340,6343,4078,-1,4078,6343,4082,-1,4078,4082,4080,-1,4080,4082,4081,-1,6344,4084,6345,-1,6345,4084,4082,-1,6345,4082,6346,-1,6346,4082,6343,-1,6344,6347,4084,-1,4084,6347,4088,-1,4084,4088,4086,-1,4086,4088,4087,-1,6348,4090,6349,-1,6349,4090,4088,-1,6349,4088,6350,-1,6350,4088,6347,-1,6348,6351,4090,-1,4090,6351,4094,-1,4090,4094,4092,-1,4092,4094,4093,-1,6352,4096,6353,-1,6353,4096,4094,-1,6353,4094,6354,-1,6354,4094,6351,-1,6352,6355,4096,-1,4096,6355,3833,-1,4096,3833,4098,-1,4098,3833,3835,-1,6356,3834,6357,-1,6357,3834,3833,-1,6357,3833,6358,-1,6358,3833,6355,-1,6356,6359,3834,-1,3834,6359,3830,-1,3834,3830,4099,-1,4099,3830,3832,-1,6360,3831,6361,-1,6361,3831,3830,-1,6361,3830,6362,-1,6362,3830,6359,-1,6360,6363,3831,-1,3831,6363,3827,-1,3831,3827,4100,-1,4100,3827,3829,-1,6364,3828,6365,-1,6365,3828,3827,-1,6365,3827,6366,-1,6366,3827,6363,-1,6364,6367,3828,-1,3828,6367,3826,-1,3828,3826,4101,-1,4101,3826,3824,-1,6368,3825,6369,-1,6369,3825,3826,-1,6369,3826,6370,-1,6370,3826,6367,-1,6368,6371,3825,-1,3825,6371,4103,-1,3825,4103,3823,-1,3823,4103,4102,-1,6372,4105,6373,-1,6373,4105,4103,-1,6373,4103,6374,-1,6374,4103,6371,-1,6372,6375,4105,-1,4105,6375,4112,-1,4105,4112,4107,-1,4107,4112,4114,-1,6376,4110,6377,-1,6377,4110,4112,-1,6377,4112,6378,-1,6378,4112,6375,-1,6376,6379,4110,-1,4110,6379,4116,-1,4110,4116,4108,-1,4108,4116,4115,-1,6380,4118,6381,-1,6381,4118,4116,-1,6381,4116,6382,-1,6382,4116,6379,-1,6380,6383,4118,-1,4118,6383,4125,-1,4118,4125,4120,-1,4120,4125,4124,-1,6384,4123,6385,-1,6385,4123,4125,-1,6385,4125,6386,-1,6386,4125,6383,-1,6384,6387,4123,-1,4123,6387,4127,-1,4123,4127,4121,-1,4121,4127,4126,-1,6388,4129,6389,-1,6389,4129,4127,-1,6389,4127,6390,-1,6390,4127,6387,-1,6388,6391,4129,-1,4129,6391,4134,-1,4129,4134,4130,-1,4130,4134,4133,-1,6392,4136,6393,-1,6393,4136,4134,-1,6393,4134,6394,-1,6394,4134,6391,-1,6392,6395,4136,-1,4136,6395,4140,-1,4136,4140,4138,-1,4138,4140,4139,-1,6396,4142,6397,-1,6397,4142,4140,-1,6397,4140,6398,-1,6398,4140,6395,-1,6396,6399,4142,-1,4142,6399,4146,-1,4142,4146,4144,-1,4144,4146,4145,-1,6400,4148,6401,-1,6401,4148,4146,-1,6401,4146,6402,-1,6402,4146,6399,-1,6400,6403,4148,-1,4148,6403,4152,-1,4148,4152,4150,-1,4150,4152,4151,-1,6404,4154,6405,-1,6405,4154,4152,-1,6405,4152,6406,-1,6406,4152,6403,-1,6404,6407,4154,-1,4154,6407,4158,-1,4154,4158,4156,-1,4156,4158,4157,-1,6408,4160,6409,-1,6409,4160,4158,-1,6409,4158,6410,-1,6410,4158,6407,-1,6408,6411,4160,-1,4160,6411,4164,-1,4160,4164,4162,-1,4162,4164,4163,-1,6412,4166,6413,-1,6413,4166,4164,-1,6413,4164,6414,-1,6414,4164,6411,-1,6412,6415,4166,-1,4166,6415,4170,-1,4166,4170,4168,-1,4168,4170,4169,-1,6416,4172,6417,-1,6417,4172,4170,-1,6417,4170,6418,-1,6418,4170,6415,-1,6416,6419,4172,-1,4172,6419,4176,-1,4172,4176,4174,-1,4174,4176,4175,-1,6420,4178,6421,-1,6421,4178,4176,-1,6421,4176,6422,-1,6422,4176,6419,-1,6420,6423,4178,-1,4178,6423,4182,-1,4178,4182,4180,-1,4180,4182,4181,-1,6424,4184,6425,-1,6425,4184,4182,-1,6425,4182,6426,-1,6426,4182,6423,-1,6424,6427,4184,-1,4184,6427,4188,-1,4184,4188,4186,-1,4186,4188,4187,-1,6428,4190,6429,-1,6429,4190,4188,-1,6429,4188,6430,-1,6430,4188,6427,-1,6428,6431,4190,-1,4190,6431,4194,-1,4190,4194,4192,-1,4192,4194,4193,-1,6432,4196,6433,-1,6433,4196,4194,-1,6433,4194,6434,-1,6434,4194,6431,-1,6432,6435,4196,-1,4196,6435,4200,-1,4196,4200,4198,-1,4198,4200,4199,-1,6436,4202,6437,-1,6437,4202,4200,-1,6437,4200,6438,-1,6438,4200,6435,-1,6436,6439,4202,-1,4202,6439,4206,-1,4202,4206,4204,-1,4204,4206,4205,-1,6440,4208,6441,-1,6441,4208,4206,-1,6441,4206,6442,-1,6442,4206,6439,-1,6440,6443,4208,-1,4208,6443,4212,-1,4208,4212,4210,-1,4210,4212,4211,-1,6444,4214,6445,-1,6445,4214,4212,-1,6445,4212,6446,-1,6446,4212,6443,-1,6444,6447,4214,-1,4214,6447,4218,-1,4214,4218,4216,-1,4216,4218,4217,-1,6448,4220,6449,-1,6449,4220,4218,-1,6449,4218,6450,-1,6450,4218,6447,-1,6448,6451,4220,-1,4220,6451,4224,-1,4220,4224,4222,-1,4222,4224,4223,-1,6452,4226,6453,-1,6453,4226,4224,-1,6453,4224,6454,-1,6454,4224,6451,-1,6452,6455,4226,-1,4226,6455,4230,-1,4226,4230,4228,-1,4228,4230,4229,-1,6456,4232,6457,-1,6457,4232,4230,-1,6457,4230,6458,-1,6458,4230,6455,-1,6456,6459,4232,-1,4232,6459,4236,-1,4232,4236,4234,-1,4234,4236,4235,-1,6460,4238,6461,-1,6461,4238,4236,-1,6461,4236,6462,-1,6462,4236,6459,-1,6460,6463,4238,-1,4238,6463,4242,-1,4238,4242,4240,-1,4240,4242,4241,-1,6464,4244,6465,-1,6465,4244,4242,-1,6465,4242,6466,-1,6466,4242,6463,-1,6464,6467,4244,-1,4244,6467,4248,-1,4244,4248,4246,-1,4246,4248,4247,-1,6468,4250,6469,-1,6469,4250,4248,-1,6469,4248,6470,-1,6470,4248,6467,-1,6468,6471,4250,-1,4250,6471,4254,-1,4250,4254,4252,-1,4252,4254,4253,-1,6472,4256,6473,-1,6473,4256,4254,-1,6473,4254,6474,-1,6474,4254,6471,-1,6472,6475,4256,-1,4256,6475,4260,-1,4256,4260,4258,-1,4258,4260,4259,-1,6476,4262,6477,-1,6477,4262,4260,-1,6477,4260,6478,-1,6478,4260,6475,-1,6476,6479,4262,-1,4262,6479,4266,-1,4262,4266,4264,-1,4264,4266,4265,-1,6480,4268,6481,-1,6481,4268,4266,-1,6481,4266,6482,-1,6482,4266,6479,-1,6480,6483,4268,-1,4268,6483,4272,-1,4268,4272,4270,-1,4270,4272,4271,-1,6484,4274,6485,-1,6485,4274,4272,-1,6485,4272,6486,-1,6486,4272,6483,-1,6484,6487,4274,-1,4274,6487,4278,-1,4274,4278,4276,-1,4276,4278,4277,-1,6488,4280,6489,-1,6489,4280,4278,-1,6489,4278,6490,-1,6490,4278,6487,-1,6488,6491,4280,-1,4280,6491,4284,-1,4280,4284,4282,-1,4282,4284,4283,-1,6492,4286,6493,-1,6493,4286,4284,-1,6493,4284,6494,-1,6494,4284,6491,-1,6492,6495,4286,-1,4286,6495,4290,-1,4286,4290,4288,-1,4288,4290,4289,-1,6496,4292,6497,-1,6497,4292,4290,-1,6497,4290,6498,-1,6498,4290,6495,-1,6496,6499,4292,-1,4292,6499,4296,-1,4292,4296,4294,-1,4294,4296,4295,-1,6500,4298,6501,-1,6501,4298,4296,-1,6501,4296,6502,-1,6502,4296,6499,-1,6500,6503,4298,-1,4298,6503,4302,-1,4298,4302,4300,-1,4300,4302,4301,-1,6504,4304,6505,-1,6505,4304,4302,-1,6505,4302,6506,-1,6506,4302,6503,-1,6504,6507,4304,-1,4304,6507,4308,-1,4304,4308,4306,-1,4306,4308,4307,-1,6508,4310,6509,-1,6509,4310,4308,-1,6509,4308,6510,-1,6510,4308,6507,-1,6508,6511,4310,-1,4310,6511,4314,-1,4310,4314,4312,-1,4312,4314,4313,-1,6512,4316,6513,-1,6513,4316,4314,-1,6513,4314,6514,-1,6514,4314,6511,-1,6512,6515,4316,-1,4316,6515,4320,-1,4316,4320,4318,-1,4318,4320,4319,-1,6516,4322,6517,-1,6517,4322,4320,-1,6517,4320,6518,-1,6518,4320,6515,-1,6516,6519,4322,-1,4322,6519,4326,-1,4322,4326,4324,-1,4324,4326,4325,-1,6520,4328,6521,-1,6521,4328,4326,-1,6521,4326,6522,-1,6522,4326,6519,-1,6520,6523,4328,-1,4328,6523,4335,-1,4328,4335,4330,-1,4330,4335,4334,-1,6524,4333,6525,-1,6525,4333,4335,-1,6525,4335,6526,-1,6526,4335,6523,-1,6524,6527,4333,-1,4333,6527,4337,-1,4333,4337,4331,-1,4331,4337,4336,-1,6528,4339,6529,-1,6529,4339,4337,-1,6529,4337,6530,-1,6530,4337,6527,-1,6528,6531,4339,-1,4339,6531,4347,-1,4339,4347,4340,-1,4340,4347,4346,-1,6532,4345,6533,-1,6533,4345,4347,-1,6533,4347,6534,-1,6534,4347,6531,-1,6532,6535,4345,-1,4345,6535,4352,-1,4345,4352,4343,-1,4343,4352,4353,-1,6536,4350,6537,-1,6537,4350,4352,-1,6537,4352,6538,-1,6538,4352,6535,-1,6536,6539,4350,-1,4350,6539,4358,-1,4350,4358,4348,-1,4348,4358,4359,-1,6540,4356,6541,-1,6541,4356,4358,-1,6541,4358,6542,-1,6542,4358,6539,-1,6540,6543,4356,-1,4356,6543,4364,-1,4356,4364,4354,-1,4354,4364,4365,-1,6544,4362,6545,-1,6545,4362,4364,-1,6545,4364,6546,-1,6546,4364,6543,-1,6544,6547,4362,-1,4362,6547,4367,-1,4362,4367,4360,-1,4360,4367,4366,-1,6548,4369,6549,-1,6549,4369,4367,-1,6549,4367,6550,-1,6550,4367,6547,-1,6548,6551,4369,-1,4369,6551,4373,-1,4369,4373,4371,-1,4371,4373,4372,-1,6552,4375,6553,-1,6553,4375,4373,-1,6553,4373,6554,-1,6554,4373,6551,-1,6552,6555,4375,-1,4375,6555,4379,-1,4375,4379,4377,-1,4377,4379,4378,-1,6556,4381,6557,-1,6557,4381,4379,-1,6557,4379,6558,-1,6558,4379,6555,-1,6556,6559,4381,-1,4381,6559,4385,-1,4381,4385,4383,-1,4383,4385,4384,-1,6560,4387,6561,-1,6561,4387,4385,-1,6561,4385,6562,-1,6562,4385,6559,-1,6560,6563,4387,-1,4387,6563,4391,-1,4387,4391,4389,-1,4389,4391,4390,-1,6564,4393,6565,-1,6565,4393,4391,-1,6565,4391,6566,-1,6566,4391,6563,-1,6564,6567,4393,-1,4393,6567,4397,-1,4393,4397,4395,-1,4395,4397,4396,-1,6568,4399,6569,-1,6569,4399,4397,-1,6569,4397,6570,-1,6570,4397,6567,-1,6568,6571,4399,-1,4399,6571,4403,-1,4399,4403,4401,-1,4401,4403,4402,-1,6572,4405,6573,-1,6573,4405,4403,-1,6573,4403,6574,-1,6574,4403,6571,-1,6572,6575,4405,-1,4405,6575,4409,-1,4405,4409,4407,-1,4407,4409,4408,-1,6576,4411,6577,-1,6577,4411,4409,-1,6577,4409,6578,-1,6578,4409,6575,-1,6576,6579,4411,-1,4411,6579,4415,-1,4411,4415,4413,-1,4413,4415,4414,-1,6580,4417,6581,-1,6581,4417,4415,-1,6581,4415,6582,-1,6582,4415,6579,-1,6580,6583,4417,-1,4417,6583,4421,-1,4417,4421,4419,-1,4419,4421,4420,-1,6584,4423,6585,-1,6585,4423,4421,-1,6585,4421,6586,-1,6586,4421,6583,-1,6584,6587,4423,-1,4423,6587,4427,-1,4423,4427,4425,-1,4425,4427,4426,-1,6588,4429,6589,-1,6589,4429,4427,-1,6589,4427,6590,-1,6590,4427,6587,-1,6588,6591,4429,-1,4429,6591,4433,-1,4429,4433,4431,-1,4431,4433,4432,-1,6592,4435,6593,-1,6593,4435,4433,-1,6593,4433,6594,-1,6594,4433,6591,-1,6592,6595,4435,-1,4435,6595,4439,-1,4435,4439,4437,-1,4437,4439,4438,-1,6596,4441,6597,-1,6597,4441,4439,-1,6597,4439,6598,-1,6598,4439,6595,-1,6596,6599,4441,-1,4441,6599,4445,-1,4441,4445,4443,-1,4443,4445,4444,-1,6600,4447,6601,-1,6601,4447,4445,-1,6601,4445,6602,-1,6602,4445,6599,-1,6600,6603,4447,-1,4447,6603,4451,-1,4447,4451,4449,-1,4449,4451,4450,-1,6604,4453,6605,-1,6605,4453,4451,-1,6605,4451,6606,-1,6606,4451,6603,-1,6604,6607,4453,-1,4453,6607,4457,-1,4453,4457,4455,-1,4455,4457,4456,-1,6608,4459,6609,-1,6609,4459,4457,-1,6609,4457,6610,-1,6610,4457,6607,-1,6608,6611,4459,-1,4459,6611,4463,-1,4459,4463,4461,-1,4461,4463,4462,-1,6612,4465,6613,-1,6613,4465,4463,-1,6613,4463,6614,-1,6614,4463,6611,-1,6612,6615,4465,-1,4465,6615,4469,-1,4465,4469,4467,-1,4467,4469,4468,-1,6616,4471,6617,-1,6617,4471,4469,-1,6617,4469,6618,-1,6618,4469,6615,-1,6616,6619,4471,-1,4471,6619,4475,-1,4471,4475,4473,-1,4473,4475,4474,-1,6620,4477,6621,-1,6621,4477,4475,-1,6621,4475,6622,-1,6622,4475,6619,-1,6620,6623,4477,-1,4477,6623,4481,-1,4477,4481,4479,-1,4479,4481,4480,-1,6624,4483,6625,-1,6625,4483,4481,-1,6625,4481,6626,-1,6626,4481,6623,-1,6624,6627,4483,-1,4483,6627,4487,-1,4483,4487,4485,-1,4485,4487,4486,-1,6628,4489,6629,-1,6629,4489,4487,-1,6629,4487,6630,-1,6630,4487,6627,-1,6628,6631,4489,-1,4489,6631,4493,-1,4489,4493,4491,-1,4491,4493,4492,-1,6632,4495,6633,-1,6633,4495,4493,-1,6633,4493,6634,-1,6634,4493,6631,-1,6632,6635,4495,-1,4495,6635,4499,-1,4495,4499,4497,-1,4497,4499,4498,-1,6636,4501,6637,-1,6637,4501,4499,-1,6637,4499,6638,-1,6638,4499,6635,-1,6636,6639,4501,-1,4501,6639,4505,-1,4501,4505,4503,-1,4503,4505,4504,-1,6640,4507,6641,-1,6641,4507,4505,-1,6641,4505,6642,-1,6642,4505,6639,-1,6640,6643,4507,-1,4507,6643,4511,-1,4507,4511,4509,-1,4509,4511,4510,-1,6644,4513,6645,-1,6645,4513,4511,-1,6645,4511,6646,-1,6646,4511,6643,-1,6644,6647,4513,-1,4513,6647,4517,-1,4513,4517,4515,-1,4515,4517,4516,-1,6648,4519,6649,-1,6649,4519,4517,-1,6649,4517,6650,-1,6650,4517,6647,-1,6648,6651,4519,-1,4519,6651,4523,-1,4519,4523,4521,-1,4521,4523,4522,-1,6652,4525,6653,-1,6653,4525,4523,-1,6653,4523,6654,-1,6654,4523,6651,-1,6652,6655,4525,-1,4525,6655,4529,-1,4525,4529,4527,-1,4527,4529,4528,-1,6656,4531,6657,-1,6657,4531,4529,-1,6657,4529,6658,-1,6658,4529,6655,-1,6656,6659,4531,-1,4531,6659,4535,-1,4531,4535,4533,-1,4533,4535,4534,-1,6660,4537,6661,-1,6661,4537,4535,-1,6661,4535,6662,-1,6662,4535,6659,-1,6660,6663,4537,-1,4537,6663,4541,-1,4537,4541,4539,-1,4539,4541,4540,-1,6664,4543,6665,-1,6665,4543,4541,-1,6665,4541,6666,-1,6666,4541,6663,-1,6664,6667,4543,-1,4543,6667,4547,-1,4543,4547,4545,-1,4545,4547,4546,-1,6668,4549,6669,-1,6669,4549,4547,-1,6669,4547,6670,-1,6670,4547,6667,-1,6668,6671,4549,-1,4549,6671,4553,-1,4549,4553,4551,-1,4551,4553,4552,-1,6672,4555,6673,-1,6673,4555,4553,-1,6673,4553,6674,-1,6674,4553,6671,-1,6672,6675,4555,-1,4555,6675,4559,-1,4555,4559,4557,-1,4557,4559,4558,-1,6676,4561,6677,-1,6677,4561,4559,-1,6677,4559,6678,-1,6678,4559,6675,-1,6676,6679,4561,-1,4561,6679,4565,-1,4561,4565,4563,-1,4563,4565,4564,-1,6680,4567,6681,-1,6681,4567,4565,-1,6681,4565,6682,-1,6682,4565,6679,-1,6680,6683,4567,-1,4567,6683,4571,-1,4567,4571,4569,-1,4569,4571,4570,-1,6684,4573,6685,-1,6685,4573,4571,-1,6685,4571,6686,-1,6686,4571,6683,-1,6684,6687,4573,-1,4573,6687,4577,-1,4573,4577,4575,-1,4575,4577,4576,-1,6688,4579,6689,-1,6689,4579,4577,-1,6689,4577,6690,-1,6690,4577,6687,-1,6688,6691,4579,-1,4579,6691,4583,-1,4579,4583,4581,-1,4581,4583,4582,-1,6692,4585,6693,-1,6693,4585,4583,-1,6693,4583,6694,-1,6694,4583,6691,-1,6692,6695,4585,-1,4585,6695,4589,-1,4585,4589,4587,-1,4587,4589,4588,-1,6696,4591,6697,-1,6697,4591,4589,-1,6697,4589,6698,-1,6698,4589,6695,-1,6696,6699,4591,-1,4591,6699,4595,-1,4591,4595,4593,-1,4593,4595,4594,-1,6700,4597,6701,-1,6701,4597,4595,-1,6701,4595,6702,-1,6702,4595,6699,-1,6700,6703,4597,-1,4597,6703,4601,-1,4597,4601,4599,-1,4599,4601,4600,-1,6704,4603,6705,-1,6705,4603,4601,-1,6705,4601,6706,-1,6706,4601,6703,-1,6704,6707,4603,-1,4603,6707,4607,-1,4603,4607,4605,-1,4605,4607,4606,-1,6708,4609,6709,-1,6709,4609,4607,-1,6709,4607,6710,-1,6710,4607,6707,-1,6708,6711,4609,-1,4609,6711,4613,-1,4609,4613,4611,-1,4611,4613,4612,-1,6712,4615,6713,-1,6713,4615,4613,-1,6713,4613,6714,-1,6714,4613,6711,-1,6712,6715,4615,-1,4615,6715,4619,-1,4615,4619,4617,-1,4617,4619,4618,-1,6716,4621,6717,-1,6717,4621,4619,-1,6717,4619,6718,-1,6718,4619,6715,-1,6716,6719,4621,-1,4621,6719,4625,-1,4621,4625,4623,-1,4623,4625,4624,-1,6720,4627,6721,-1,6721,4627,4625,-1,6721,4625,6722,-1,6722,4625,6719,-1,6720,6723,4627,-1,4627,6723,3820,-1,4627,3820,4628,-1,4628,3820,3822,-1,6724,3821,6725,-1,6725,3821,3820,-1,6725,3820,6726,-1,6726,3820,6723,-1,6724,6727,3821,-1,3821,6727,3817,-1,3821,3817,4629,-1,4629,3817,3819,-1,6728,3818,6729,-1,6729,3818,3817,-1,6729,3817,6730,-1,6730,3817,6727,-1,6728,6731,3818,-1,3818,6731,4635,-1,3818,4635,4630,-1,4630,4635,4634,-1,6732,4633,6733,-1,6733,4633,4635,-1,6733,4635,6734,-1,6734,4635,6731,-1,6732,6735,4633,-1,4633,6735,4637,-1,4633,4637,4631,-1,4631,4637,4636,-1,6736,4639,6737,-1,6737,4639,4637,-1,6737,4637,6738,-1,6738,4637,6735,-1,6736,6739,4639,-1,4639,6739,4642,-1,4639,4642,4640,-1,4640,4642,4641,-1,6740,4644,6741,-1,6741,4644,4642,-1,6741,4642,6742,-1,6742,4642,6739,-1,6740,6743,4644,-1,4644,6743,4648,-1,4644,4648,4646,-1,4646,4648,4647,-1,6744,4650,6745,-1,6745,4650,4648,-1,6745,4648,6746,-1,6746,4648,6743,-1,6744,6747,4650,-1,4650,6747,4655,-1,4650,4655,4651,-1,4651,4655,4654,-1,6748,4657,6749,-1,6749,4657,4655,-1,6749,4655,6750,-1,6750,4655,6747,-1,6748,6751,4657,-1,4657,6751,4661,-1,4657,4661,4659,-1,4659,4661,4660,-1,6752,4663,6753,-1,6753,4663,4661,-1,6753,4661,6754,-1,6754,4661,6751,-1,6752,6755,4663,-1,4663,6755,4666,-1,4663,4666,4664,-1,4664,4666,4665,-1,6756,4668,6757,-1,6757,4668,4666,-1,6757,4666,6758,-1,6758,4666,6755,-1,6756,6759,4668,-1,4668,6759,4675,-1,4668,4675,4670,-1,4670,4675,4677,-1,6760,4673,6761,-1,6761,4673,4675,-1,6761,4675,6762,-1,6762,4675,6759,-1,6760,6763,4673,-1,4673,6763,4679,-1,4673,4679,4671,-1,4671,4679,4678,-1,6764,4681,6765,-1,6765,4681,4679,-1,6765,4679,6766,-1,6766,4679,6763,-1,6764,6767,4681,-1,4681,6767,4685,-1,4681,4685,4683,-1,4683,4685,4684,-1,6768,4687,6769,-1,6769,4687,4685,-1,6769,4685,6770,-1,6770,4685,6767,-1,6768,6771,4687,-1,4687,6771,4691,-1,4687,4691,4689,-1,4689,4691,4690,-1,6772,4693,6773,-1,6773,4693,4691,-1,6773,4691,6774,-1,6774,4691,6771,-1,6772,6775,4693,-1,4693,6775,4697,-1,4693,4697,4695,-1,4695,4697,4696,-1,6776,4699,6777,-1,6777,4699,4697,-1,6777,4697,6778,-1,6778,4697,6775,-1,6776,6779,4699,-1,4699,6779,4703,-1,4699,4703,4701,-1,4701,4703,4702,-1,6780,4705,6781,-1,6781,4705,4703,-1,6781,4703,6782,-1,6782,4703,6779,-1,6780,6783,4705,-1,4705,6783,4709,-1,4705,4709,4707,-1,4707,4709,4708,-1,6784,4711,6785,-1,6785,4711,4709,-1,6785,4709,6786,-1,6786,4709,6783,-1,6784,6787,4711,-1,4711,6787,4715,-1,4711,4715,4713,-1,4713,4715,4714,-1,6788,4717,6789,-1,6789,4717,4715,-1,6789,4715,6790,-1,6790,4715,6787,-1,6788,6791,4717,-1,4717,6791,4721,-1,4717,4721,4719,-1,4719,4721,4720,-1,6792,4723,6793,-1,6793,4723,4721,-1,6793,4721,6794,-1,6794,4721,6791,-1,6792,6795,4723,-1,4723,6795,4727,-1,4723,4727,4725,-1,4725,4727,4726,-1,6796,4729,6797,-1,6797,4729,4727,-1,6797,4727,6798,-1,6798,4727,6795,-1,6796,6799,4729,-1,4729,6799,4733,-1,4729,4733,4731,-1,4731,4733,4732,-1,6800,4735,6801,-1,6801,4735,4733,-1,6801,4733,6802,-1,6802,4733,6799,-1,6800,6803,4735,-1,4735,6803,4739,-1,4735,4739,4737,-1,4737,4739,4738,-1,6804,4741,6805,-1,6805,4741,4739,-1,6805,4739,6806,-1,6806,4739,6803,-1,6804,6807,4741,-1,4741,6807,4745,-1,4741,4745,4743,-1,4743,4745,4744,-1,6808,4747,6809,-1,6809,4747,4745,-1,6809,4745,6810,-1,6810,4745,6807,-1,6808,6811,4747,-1,4747,6811,4751,-1,4747,4751,4749,-1,4749,4751,4750,-1,6812,4753,6813,-1,6813,4753,4751,-1,6813,4751,6814,-1,6814,4751,6811,-1,6812,6815,4753,-1,4753,6815,4757,-1,4753,4757,4755,-1,4755,4757,4756,-1,6816,4759,6817,-1,6817,4759,4757,-1,6817,4757,6818,-1,6818,4757,6815,-1,6816,6819,4759,-1,4759,6819,4763,-1,4759,4763,4761,-1,4761,4763,4762,-1,6820,4765,6821,-1,6821,4765,4763,-1,6821,4763,6822,-1,6822,4763,6819,-1,6820,6823,4765,-1,4765,6823,4769,-1,4765,4769,4767,-1,4767,4769,4768,-1,6824,4771,6825,-1,6825,4771,4769,-1,6825,4769,6826,-1,6826,4769,6823,-1,6824,6827,4771,-1,4771,6827,4775,-1,4771,4775,4773,-1,4773,4775,4774,-1,6828,4777,6829,-1,6829,4777,4775,-1,6829,4775,6830,-1,6830,4775,6827,-1,6828,6831,4777,-1,4777,6831,4781,-1,4777,4781,4779,-1,4779,4781,4780,-1,6832,4783,6833,-1,6833,4783,4781,-1,6833,4781,6834,-1,6834,4781,6831,-1,6832,6835,4783,-1,4783,6835,4787,-1,4783,4787,4785,-1,4785,4787,4786,-1,6836,4789,6837,-1,6837,4789,4787,-1,6837,4787,6838,-1,6838,4787,6835,-1,6836,6839,4789,-1,4789,6839,4793,-1,4789,4793,4791,-1,4791,4793,4792,-1,6840,4795,6841,-1,6841,4795,4793,-1,6841,4793,6842,-1,6842,4793,6839,-1,6840,6843,4795,-1,4795,6843,4799,-1,4795,4799,4797,-1,4797,4799,4798,-1,6844,4801,6845,-1,6845,4801,4799,-1,6845,4799,6846,-1,6846,4799,6843,-1,6844,6847,4801,-1,4801,6847,4805,-1,4801,4805,4803,-1,4803,4805,4804,-1,6848,4807,6849,-1,6849,4807,4805,-1,6849,4805,6850,-1,6850,4805,6847,-1,6848,6851,4807,-1,4807,6851,4811,-1,4807,4811,4809,-1,4809,4811,4810,-1,6852,4813,6853,-1,6853,4813,4811,-1,6853,4811,6854,-1,6854,4811,6851,-1,6852,6855,4813,-1,4813,6855,4817,-1,4813,4817,4815,-1,4815,4817,4816,-1,6856,4819,6857,-1,6857,4819,4817,-1,6857,4817,6858,-1,6858,4817,6855,-1,6856,6859,4819,-1,4819,6859,4823,-1,4819,4823,4821,-1,4821,4823,4822,-1,6860,4825,6861,-1,6861,4825,4823,-1,6861,4823,6862,-1,6862,4823,6859,-1,6860,6863,4825,-1,4825,6863,4829,-1,4825,4829,4827,-1,4827,4829,4828,-1,6864,4831,6865,-1,6865,4831,4829,-1,6865,4829,6866,-1,6866,4829,6863,-1,6864,6867,4831,-1,4831,6867,4835,-1,4831,4835,4833,-1,4833,4835,4834,-1,6868,4837,6869,-1,6869,4837,4835,-1,6869,4835,6870,-1,6870,4835,6867,-1,6868,6871,4837,-1,4837,6871,4841,-1,4837,4841,4839,-1,4839,4841,4840,-1,6872,4843,6873,-1,6873,4843,4841,-1,6873,4841,6874,-1,6874,4841,6871,-1,6872,6875,4843,-1,4843,6875,4847,-1,4843,4847,4845,-1,4845,4847,4846,-1,6876,4849,6877,-1,6877,4849,4847,-1,6877,4847,6878,-1,6878,4847,6875,-1,6876,6879,4849,-1,4849,6879,4853,-1,4849,4853,4851,-1,4851,4853,4852,-1,6880,4855,6881,-1,6881,4855,4853,-1,6881,4853,6882,-1,6882,4853,6879,-1,6880,6883,4855,-1,4855,6883,4859,-1,4855,4859,4857,-1,4857,4859,4858,-1,6884,4861,6885,-1,6885,4861,4859,-1,6885,4859,6886,-1,6886,4859,6883,-1,6884,6887,4861,-1,4861,6887,4865,-1,4861,4865,4863,-1,4863,4865,4864,-1,6888,4867,6889,-1,6889,4867,4865,-1,6889,4865,6890,-1,6890,4865,6887,-1,6888,6891,4867,-1,4867,6891,4873,-1,4867,4873,4868,-1,4868,4873,4874,-1,6892,4871,6893,-1,6893,4871,4873,-1,6893,4873,6894,-1,6894,4873,6891,-1,6892,6895,4871,-1,4871,6895,4879,-1,4871,4879,4869,-1,4869,4879,4880,-1,6896,4877,6897,-1,6897,4877,4879,-1,6897,4879,6898,-1,6898,4879,6895,-1,6896,6899,4877,-1,4877,6899,4885,-1,4877,4885,4875,-1,4875,4885,4886,-1,6900,4883,6901,-1,6901,4883,4885,-1,6901,4885,6902,-1,6902,4885,6899,-1,6900,6903,4883,-1,4883,6903,4891,-1,4883,4891,4881,-1,4881,4891,4892,-1,6904,4889,6905,-1,6905,4889,4891,-1,6905,4891,6906,-1,6906,4891,6903,-1,6904,6907,4889,-1,4889,6907,4897,-1,4889,4897,4887,-1,4887,4897,4898,-1,6908,4895,6909,-1,6909,4895,4897,-1,6909,4897,6910,-1,6910,4897,6907,-1,6908,6911,4895,-1,4895,6911,4900,-1,4895,4900,4893,-1,4893,4900,4899,-1,6912,4902,6913,-1,6913,4902,4900,-1,6913,4900,6914,-1,6914,4900,6911,-1,6912,6915,4902,-1,4902,6915,4906,-1,4902,4906,4904,-1,4904,4906,4905,-1,6916,4908,6917,-1,6917,4908,4906,-1,6917,4906,6918,-1,6918,4906,6915,-1,6916,6919,4908,-1,4908,6919,4912,-1,4908,4912,4910,-1,4910,4912,4911,-1,6920,4914,6921,-1,6921,4914,4912,-1,6921,4912,6922,-1,6922,4912,6919,-1,6920,6923,4914,-1,4914,6923,4918,-1,4914,4918,4916,-1,4916,4918,4917,-1,6924,4920,6925,-1,6925,4920,4918,-1,6925,4918,6926,-1,6926,4918,6923,-1,6924,6927,4920,-1,4920,6927,4924,-1,4920,4924,4922,-1,4922,4924,4923,-1,6928,4926,6929,-1,6929,4926,4924,-1,6929,4924,6930,-1,6930,4924,6927,-1,6928,6931,4926,-1,4926,6931,4930,-1,4926,4930,4928,-1,4928,4930,4929,-1,6932,4932,6933,-1,6933,4932,4930,-1,6933,4930,6934,-1,6934,4930,6931,-1,6932,6935,4932,-1,4932,6935,4936,-1,4932,4936,4934,-1,4934,4936,4935,-1,6936,4938,6937,-1,6937,4938,4936,-1,6937,4936,6938,-1,6938,4936,6935,-1,6936,6939,4938,-1,4938,6939,4942,-1,4938,4942,4940,-1,4940,4942,4941,-1,6940,4944,6941,-1,6941,4944,4942,-1,6941,4942,6942,-1,6942,4942,6939,-1,6940,6943,4944,-1,4944,6943,4948,-1,4944,4948,4946,-1,4946,4948,4947,-1,6944,4950,6945,-1,6945,4950,4948,-1,6945,4948,6946,-1,6946,4948,6943,-1,6944,6947,4950,-1,4950,6947,4954,-1,4950,4954,4952,-1,4952,4954,4953,-1,6948,4956,6949,-1,6949,4956,4954,-1,6949,4954,6950,-1,6950,4954,6947,-1,6948,6951,4956,-1,4956,6951,4960,-1,4956,4960,4958,-1,4958,4960,4959,-1,6952,4962,6953,-1,6953,4962,4960,-1,6953,4960,6954,-1,6954,4960,6951,-1,6952,6955,4962,-1,4962,6955,4966,-1,4962,4966,4964,-1,4964,4966,4965,-1,6956,4968,6957,-1,6957,4968,4966,-1,6957,4966,6958,-1,6958,4966,6955,-1,6956,6959,4968,-1,4968,6959,4972,-1,4968,4972,4970,-1,4970,4972,4971,-1,6960,4974,6961,-1,6961,4974,4972,-1,6961,4972,6962,-1,6962,4972,6959,-1,6960,6963,4974,-1,4974,6963,4978,-1,4974,4978,4976,-1,4976,4978,4977,-1,6964,4980,6965,-1,6965,4980,4978,-1,6965,4978,6966,-1,6966,4978,6963,-1,6964,6967,4980,-1,4980,6967,4984,-1,4980,4984,4982,-1,4982,4984,4983,-1,6968,4986,6969,-1,6969,4986,4984,-1,6969,4984,6970,-1,6970,4984,6967,-1,6968,6971,4986,-1,4986,6971,4990,-1,4986,4990,4988,-1,4988,4990,4989,-1,6972,4992,6973,-1,6973,4992,4990,-1,6973,4990,6974,-1,6974,4990,6971,-1,6972,6975,4992,-1,4992,6975,4996,-1,4992,4996,4994,-1,4994,4996,4995,-1,6976,4998,6977,-1,6977,4998,4996,-1,6977,4996,6978,-1,6978,4996,6975,-1,6976,6979,4998,-1,4998,6979,5002,-1,4998,5002,5000,-1,5000,5002,5001,-1,6980,5004,6981,-1,6981,5004,5002,-1,6981,5002,6982,-1,6982,5002,6979,-1,6980,6983,5004,-1,5004,6983,5008,-1,5004,5008,5006,-1,5006,5008,5007,-1,6984,5010,6985,-1,6985,5010,5008,-1,6985,5008,6986,-1,6986,5008,6983,-1,6984,6987,5010,-1,5010,6987,5014,-1,5010,5014,5012,-1,5012,5014,5013,-1,6988,5016,6989,-1,6989,5016,5014,-1,6989,5014,6990,-1,6990,5014,6987,-1,6988,6991,5016,-1,5016,6991,5020,-1,5016,5020,5018,-1,5018,5020,5019,-1,6992,5022,6993,-1,6993,5022,5020,-1,6993,5020,6994,-1,6994,5020,6991,-1,6992,6995,5022,-1,5022,6995,5026,-1,5022,5026,5024,-1,5024,5026,5025,-1,6996,5028,6997,-1,6997,5028,5026,-1,6997,5026,6998,-1,6998,5026,6995,-1,6996,6999,5028,-1,5028,6999,5032,-1,5028,5032,5030,-1,5030,5032,5031,-1,7000,5034,7001,-1,7001,5034,5032,-1,7001,5032,7002,-1,7002,5032,6999,-1,7000,7003,5034,-1,5034,7003,5038,-1,5034,5038,5036,-1,5036,5038,5037,-1,7004,5040,7005,-1,7005,5040,5038,-1,7005,5038,7006,-1,7006,5038,7003,-1,7004,7007,5040,-1,5040,7007,5044,-1,5040,5044,5042,-1,5042,5044,5043,-1,7008,5046,7009,-1,7009,5046,5044,-1,7009,5044,7010,-1,7010,5044,7007,-1,7008,7011,5046,-1,5046,7011,5050,-1,5046,5050,5048,-1,5048,5050,5049,-1,7012,5052,7013,-1,7013,5052,5050,-1,7013,5050,7014,-1,7014,5050,7011,-1,7012,7015,5052,-1,5052,7015,5056,-1,5052,5056,5054,-1,5054,5056,5055,-1,7016,5058,7017,-1,7017,5058,5056,-1,7017,5056,7018,-1,7018,5056,7015,-1,7016,7019,5058,-1,5058,7019,5062,-1,5058,5062,5060,-1,5060,5062,5061,-1,7020,5064,7021,-1,7021,5064,5062,-1,7021,5062,7022,-1,7022,5062,7019,-1,7020,7023,5064,-1,5064,7023,5068,-1,5064,5068,5066,-1,5066,5068,5067,-1,7024,5070,7025,-1,7025,5070,5068,-1,7025,5068,7026,-1,7026,5068,7023,-1,7024,7027,5070,-1,5070,7027,5074,-1,5070,5074,5072,-1,5072,5074,5073,-1,7028,5076,7029,-1,7029,5076,5074,-1,7029,5074,7030,-1,7030,5074,7027,-1,7028,7031,5076,-1,5076,7031,5080,-1,5076,5080,5078,-1,5078,5080,5079,-1,7032,5082,7033,-1,7033,5082,5080,-1,7033,5080,7034,-1,7034,5080,7031,-1,7032,7035,5082,-1,5082,7035,5086,-1,5082,5086,5084,-1,5084,5086,5085,-1,7036,5088,7037,-1,7037,5088,5086,-1,7037,5086,7038,-1,7038,5086,7035,-1,7036,7039,5088,-1,5088,7039,5092,-1,5088,5092,5090,-1,5090,5092,5091,-1,7040,5094,7041,-1,7041,5094,5092,-1,7041,5092,7042,-1,7042,5092,7039,-1,7040,7043,5094,-1,5094,7043,5098,-1,5094,5098,5096,-1,5096,5098,5097,-1,7044,5100,7045,-1,7045,5100,5098,-1,7045,5098,7046,-1,7046,5098,7043,-1,7044,7047,5100,-1,5100,7047,5104,-1,5100,5104,5102,-1,5102,5104,5103,-1,7048,5106,7049,-1,7049,5106,5104,-1,7049,5104,7050,-1,7050,5104,7047,-1,7048,7051,5106,-1,5106,7051,5110,-1,5106,5110,5108,-1,5108,5110,5109,-1,7052,5112,7053,-1,7053,5112,5110,-1,7053,5110,7054,-1,7054,5110,7051,-1,7052,7055,5112,-1,5112,7055,5116,-1,5112,5116,5114,-1,5114,5116,5115,-1,7056,5118,7057,-1,7057,5118,5116,-1,7057,5116,7058,-1,7058,5116,7055,-1,7056,7059,5118,-1,5118,7059,5122,-1,5118,5122,5120,-1,5120,5122,5121,-1,7060,5124,7061,-1,7061,5124,5122,-1,7061,5122,7062,-1,7062,5122,7059,-1,7060,7063,5124,-1,5124,7063,5128,-1,5124,5128,5126,-1,5126,5128,5127,-1,7064,5130,7065,-1,7065,5130,5128,-1,7065,5128,7066,-1,7066,5128,7063,-1,7064,7067,5130,-1,5130,7067,5134,-1,5130,5134,5132,-1,5132,5134,5133,-1,7068,5136,7069,-1,7069,5136,5134,-1,7069,5134,7070,-1,7070,5134,7067,-1,7068,7071,5136,-1,5136,7071,5140,-1,5136,5140,5138,-1,5138,5140,5139,-1,7072,5142,7073,-1,7073,5142,5140,-1,7073,5140,7074,-1,7074,5140,7071,-1,7072,7075,5142,-1,5142,7075,5146,-1,5142,5146,5144,-1,5144,5146,5145,-1,7076,5148,7077,-1,7077,5148,5146,-1,7077,5146,7078,-1,7078,5146,7075,-1,7076,7079,5148,-1,5148,7079,5152,-1,5148,5152,5150,-1,5150,5152,5151,-1,7080,5154,7081,-1,7081,5154,5152,-1,7081,5152,7082,-1,7082,5152,7079,-1,7080,7083,5154,-1,5154,7083,5158,-1,5154,5158,5156,-1,5156,5158,5157,-1,7084,5160,7085,-1,7085,5160,5158,-1,7085,5158,7086,-1,7086,5158,7083,-1,7084,7087,5160,-1,5160,7087,3814,-1,5160,3814,5161,-1,5161,3814,3816,-1,7088,3815,7089,-1,7089,3815,3814,-1,7089,3814,7090,-1,7090,3814,7087,-1,7088,7091,3815,-1,3815,7091,3811,-1,3815,3811,5162,-1,5162,3811,3813,-1,7092,3812,7093,-1,7093,3812,3811,-1,7093,3811,7094,-1,7094,3811,7091,-1,7092,7095,3812,-1,3812,7095,3808,-1,3812,3808,5163,-1,5163,3808,3810,-1,7096,3809,7097,-1,7097,3809,3808,-1,7097,3808,7098,-1,7098,3808,7095,-1,7096,7099,3809,-1,3809,7099,5166,-1,3809,5166,5164,-1,5164,5166,5165,-1,7100,5168,7101,-1,7101,5168,5166,-1,7101,5166,7102,-1,7102,5166,7099,-1,7100,7103,5168,-1,5168,7103,5172,-1,5168,5172,5170,-1,5170,5172,5171,-1,7104,5174,7105,-1,7105,5174,5172,-1,7105,5172,7106,-1,7106,5172,7103,-1,7104,7107,5174,-1,5174,7107,5181,-1,5174,5181,5176,-1,5176,5181,5180,-1,7108,5179,7109,-1,7109,5179,5181,-1,7109,5181,7110,-1,7110,5181,7107,-1,7108,7111,5179,-1,5179,7111,5183,-1,5179,5183,5177,-1,5177,5183,5182,-1,7112,5185,7113,-1,7113,5185,5183,-1,7113,5183,7114,-1,7114,5183,7111,-1,7112,7115,5185,-1,5185,7115,5190,-1,5185,5190,5186,-1,5186,5190,5189,-1,7116,5192,7117,-1,7117,5192,5190,-1,7117,5190,7118,-1,7118,5190,7115,-1,7116,7119,5192,-1,5192,7119,5196,-1,5192,5196,5194,-1,5194,5196,5195,-1,7120,5198,7121,-1,7121,5198,5196,-1,7121,5196,7122,-1,7122,5196,7119,-1,7120,7123,5198,-1,5198,7123,5201,-1,5198,5201,5199,-1,5199,5201,5200,-1,7124,5203,7125,-1,7125,5203,5201,-1,7125,5201,7126,-1,7126,5201,7123,-1,7124,7127,5203,-1,5203,7127,5208,-1,5203,5208,5204,-1,5204,5208,5207,-1,7128,5210,7129,-1,7129,5210,5208,-1,7129,5208,7130,-1,7130,5208,7127,-1,7128,7131,5210,-1,5210,7131,5214,-1,5210,5214,5212,-1,5212,5214,5213,-1,7132,5216,7133,-1,7133,5216,5214,-1,7133,5214,7134,-1,7134,5214,7131,-1,7132,7135,5216,-1,5216,7135,5220,-1,5216,5220,5218,-1,5218,5220,5219,-1,7136,5222,7137,-1,7137,5222,5220,-1,7137,5220,7138,-1,7138,5220,7135,-1,7136,7139,5222,-1,5222,7139,5226,-1,5222,5226,5224,-1,5224,5226,5225,-1,7140,5228,7141,-1,7141,5228,5226,-1,7141,5226,7142,-1,7142,5226,7139,-1,7140,7143,5228,-1,5228,7143,5232,-1,5228,5232,5230,-1,5230,5232,5231,-1,7144,5234,7145,-1,7145,5234,5232,-1,7145,5232,7146,-1,7146,5232,7143,-1,7144,7147,5234,-1,5234,7147,5238,-1,5234,5238,5236,-1,5236,5238,5237,-1,7148,5240,7149,-1,7149,5240,5238,-1,7149,5238,7150,-1,7150,5238,7147,-1,7148,7151,5240,-1,5240,7151,5244,-1,5240,5244,5242,-1,5242,5244,5243,-1,7152,5246,7153,-1,7153,5246,5244,-1,7153,5244,7154,-1,7154,5244,7151,-1,7152,7155,5246,-1,5246,7155,5250,-1,5246,5250,5248,-1,5248,5250,5249,-1,7156,5252,7157,-1,7157,5252,5250,-1,7157,5250,7158,-1,7158,5250,7155,-1,7156,7159,5252,-1,5252,7159,5256,-1,5252,5256,5254,-1,5254,5256,5255,-1,7160,5258,7161,-1,7161,5258,5256,-1,7161,5256,7162,-1,7162,5256,7159,-1,7160,7163,5258,-1,5258,7163,5262,-1,5258,5262,5260,-1,5260,5262,5261,-1,7164,5264,7165,-1,7165,5264,5262,-1,7165,5262,7166,-1,7166,5262,7163,-1,7164,7167,5264,-1,5264,7167,5268,-1,5264,5268,5266,-1,5266,5268,5267,-1,7168,5270,7169,-1,7169,5270,5268,-1,7169,5268,7170,-1,7170,5268,7167,-1,7168,7171,5270,-1,5270,7171,5274,-1,5270,5274,5272,-1,5272,5274,5273,-1,7172,5276,7173,-1,7173,5276,5274,-1,7173,5274,7174,-1,7174,5274,7171,-1,7172,7175,5276,-1,5276,7175,5280,-1,5276,5280,5278,-1,5278,5280,5279,-1,7176,5282,7177,-1,7177,5282,5280,-1,7177,5280,7178,-1,7178,5280,7175,-1,7176,7179,5282,-1,5282,7179,5286,-1,5282,5286,5284,-1,5284,5286,5285,-1,7180,5288,7181,-1,7181,5288,5286,-1,7181,5286,7182,-1,7182,5286,7179,-1,7180,7183,5288,-1,5288,7183,5292,-1,5288,5292,5290,-1,5290,5292,5291,-1,7184,5294,7185,-1,7185,5294,5292,-1,7185,5292,7186,-1,7186,5292,7183,-1,7184,7187,5294,-1,5294,7187,5298,-1,5294,5298,5296,-1,5296,5298,5297,-1,7188,5300,7189,-1,7189,5300,5298,-1,7189,5298,7190,-1,7190,5298,7187,-1,7188,7191,5300,-1,5300,7191,5304,-1,5300,5304,5302,-1,5302,5304,5303,-1,7192,5306,7193,-1,7193,5306,5304,-1,7193,5304,7194,-1,7194,5304,7191,-1,7192,7195,5306,-1,5306,7195,5310,-1,5306,5310,5308,-1,5308,5310,5309,-1,7196,5312,7197,-1,7197,5312,5310,-1,7197,5310,7198,-1,7198,5310,7195,-1,7196,7199,5312,-1,5312,7199,5316,-1,5312,5316,5314,-1,5314,5316,5315,-1,7200,5318,7201,-1,7201,5318,5316,-1,7201,5316,7202,-1,7202,5316,7199,-1,7200,7203,5318,-1,5318,7203,5322,-1,5318,5322,5320,-1,5320,5322,5321,-1,7204,5324,7205,-1,7205,5324,5322,-1,7205,5322,7206,-1,7206,5322,7203,-1,7204,7207,5324,-1,5324,7207,5328,-1,5324,5328,5326,-1,5326,5328,5327,-1,7208,5330,7209,-1,7209,5330,5328,-1,7209,5328,7210,-1,7210,5328,7207,-1,7208,7211,5330,-1,5330,7211,5334,-1,5330,5334,5332,-1,5332,5334,5333,-1,7212,5336,7213,-1,7213,5336,5334,-1,7213,5334,7214,-1,7214,5334,7211,-1,7212,7215,5336,-1,5336,7215,5340,-1,5336,5340,5338,-1,5338,5340,5339,-1,7216,5342,7217,-1,7217,5342,5340,-1,7217,5340,7218,-1,7218,5340,7215,-1,7216,7219,5342,-1,5342,7219,5346,-1,5342,5346,5344,-1,5344,5346,5345,-1,7220,5348,7221,-1,7221,5348,5346,-1,7221,5346,7222,-1,7222,5346,7219,-1,7220,7223,5348,-1,5348,7223,5352,-1,5348,5352,5350,-1,5350,5352,5351,-1,7224,5354,7225,-1,7225,5354,5352,-1,7225,5352,7226,-1,7226,5352,7223,-1,7224,7227,5354,-1,5354,7227,5358,-1,5354,5358,5356,-1,5356,5358,5357,-1,7228,5360,7229,-1,7229,5360,5358,-1,7229,5358,7230,-1,7230,5358,7227,-1,7228,7231,5360,-1,5360,7231,5364,-1,5360,5364,5362,-1,5362,5364,5363,-1,7232,5366,7233,-1,7233,5366,5364,-1,7233,5364,7234,-1,7234,5364,7231,-1,7232,7235,5366,-1,5366,7235,5370,-1,5366,5370,5368,-1,5368,5370,5369,-1,7236,5372,7237,-1,7237,5372,5370,-1,7237,5370,7238,-1,7238,5370,7235,-1,7236,7239,5372,-1,5372,7239,5376,-1,5372,5376,5374,-1,5374,5376,5375,-1,7240,5378,7241,-1,7241,5378,5376,-1,7241,5376,7242,-1,7242,5376,7239,-1,7240,7243,5378,-1,5378,7243,5382,-1,5378,5382,5380,-1,5380,5382,5381,-1,7244,5384,7245,-1,7245,5384,5382,-1,7245,5382,7246,-1,7246,5382,7243,-1,7244,7247,5384,-1,5384,7247,5388,-1,5384,5388,5386,-1,5386,5388,5387,-1,7248,5390,7249,-1,7249,5390,5388,-1,7249,5388,7250,-1,7250,5388,7247,-1,7248,7251,5390,-1,5390,7251,5394,-1,5390,5394,5392,-1,5392,5394,5393,-1,7252,5396,7253,-1,7253,5396,5394,-1,7253,5394,7254,-1,7254,5394,7251,-1,7252,7255,5396,-1,5396,7255,5400,-1,5396,5400,5398,-1,5398,5400,5399,-1,7256,5402,7257,-1,7257,5402,5400,-1,7257,5400,7258,-1,7258,5400,7255,-1,7256,7259,5402,-1,5402,7259,5408,-1,5402,5408,5403,-1,5403,5408,5409,-1,7260,5406,7261,-1,7261,5406,5408,-1,7261,5408,7262,-1,7262,5408,7259,-1,7260,7263,5406,-1,5406,7263,5414,-1,5406,5414,5404,-1,5404,5414,5415,-1,7264,5412,7265,-1,7265,5412,5414,-1,7265,5414,7266,-1,7266,5414,7263,-1,7264,7267,5412,-1,5412,7267,5420,-1,5412,5420,5410,-1,5410,5420,5421,-1,7268,5418,7269,-1,7269,5418,5420,-1,7269,5420,7270,-1,7270,5420,7267,-1,7268,7271,5418,-1,5418,7271,5426,-1,5418,5426,5416,-1,5416,5426,5427,-1,7272,5424,7273,-1,7273,5424,5426,-1,7273,5426,7274,-1,7274,5426,7271,-1,7272,7275,5424,-1,5424,7275,5432,-1,5424,5432,5422,-1,5422,5432,5433,-1,7276,5430,7277,-1,7277,5430,5432,-1,7277,5432,7278,-1,7278,5432,7275,-1,7276,7279,5430,-1,5430,7279,5435,-1,5430,5435,5428,-1,5428,5435,5434,-1,7280,5437,7281,-1,7281,5437,5435,-1,7281,5435,7282,-1,7282,5435,7279,-1,7280,7283,5437,-1,5437,7283,5441,-1,5437,5441,5439,-1,5439,5441,5440,-1,7284,5443,7285,-1,7285,5443,5441,-1,7285,5441,7286,-1,7286,5441,7283,-1,7284,7287,5443,-1,5443,7287,5447,-1,5443,5447,5445,-1,5445,5447,5446,-1,7288,5449,7289,-1,7289,5449,5447,-1,7289,5447,7290,-1,7290,5447,7287,-1,7288,7291,5449,-1,5449,7291,5453,-1,5449,5453,5451,-1,5451,5453,5452,-1,7292,5455,7293,-1,7293,5455,5453,-1,7293,5453,7294,-1,7294,5453,7291,-1,7292,7295,5455,-1,5455,7295,5459,-1,5455,5459,5457,-1,5457,5459,5458,-1,7296,5461,7297,-1,7297,5461,5459,-1,7297,5459,7298,-1,7298,5459,7295,-1,7296,7299,5461,-1,5461,7299,5465,-1,5461,5465,5463,-1,5463,5465,5464,-1,7300,5467,7301,-1,7301,5467,5465,-1,7301,5465,7302,-1,7302,5465,7299,-1,7300,7303,5467,-1,5467,7303,5471,-1,5467,5471,5469,-1,5469,5471,5470,-1,7304,5473,7305,-1,7305,5473,5471,-1,7305,5471,7306,-1,7306,5471,7303,-1,7304,7307,5473,-1,5473,7307,5477,-1,5473,5477,5475,-1,5475,5477,5476,-1,7308,5479,7309,-1,7309,5479,5477,-1,7309,5477,7310,-1,7310,5477,7307,-1,7308,7311,5479,-1,5479,7311,5483,-1,5479,5483,5481,-1,5481,5483,5482,-1,7312,5485,7313,-1,7313,5485,5483,-1,7313,5483,7314,-1,7314,5483,7311,-1,7312,7315,5485,-1,5485,7315,5489,-1,5485,5489,5487,-1,5487,5489,5488,-1,7316,5491,7317,-1,7317,5491,5489,-1,7317,5489,7318,-1,7318,5489,7315,-1,7316,7319,5491,-1,5491,7319,5495,-1,5491,5495,5493,-1,5493,5495,5494,-1,7320,5497,7321,-1,7321,5497,5495,-1,7321,5495,7322,-1,7322,5495,7319,-1,7320,7323,5497,-1,5497,7323,5501,-1,5497,5501,5499,-1,5499,5501,5500,-1,7324,5503,7325,-1,7325,5503,5501,-1,7325,5501,7326,-1,7326,5501,7323,-1,7324,7327,5503,-1,5503,7327,5507,-1,5503,5507,5505,-1,5505,5507,5506,-1,7328,5509,7329,-1,7329,5509,5507,-1,7329,5507,7330,-1,7330,5507,7327,-1,7328,7331,5509,-1,5509,7331,5513,-1,5509,5513,5511,-1,5511,5513,5512,-1,7332,5515,7333,-1,7333,5515,5513,-1,7333,5513,7334,-1,7334,5513,7331,-1,7332,7335,5515,-1,5515,7335,5519,-1,5515,5519,5517,-1,5517,5519,5518,-1,7336,5521,7337,-1,7337,5521,5519,-1,7337,5519,7338,-1,7338,5519,7335,-1,7336,7339,5521,-1,5521,7339,5525,-1,5521,5525,5523,-1,5523,5525,5524,-1,7340,5527,7341,-1,7341,5527,5525,-1,7341,5525,7342,-1,7342,5525,7339,-1,7340,7343,5527,-1,5527,7343,5531,-1,5527,5531,5529,-1,5529,5531,5530,-1,7344,5533,7345,-1,7345,5533,5531,-1,7345,5531,7346,-1,7346,5531,7343,-1,7344,7347,5533,-1,5533,7347,5537,-1,5533,5537,5535,-1,5535,5537,5536,-1,7348,5539,7349,-1,7349,5539,5537,-1,7349,5537,7350,-1,7350,5537,7347,-1,7348,7351,5539,-1,5539,7351,5543,-1,5539,5543,5541,-1,5541,5543,5542,-1,7352,5545,7353,-1,7353,5545,5543,-1,7353,5543,7354,-1,7354,5543,7351,-1,7352,7355,5545,-1,5545,7355,5549,-1,5545,5549,5547,-1,5547,5549,5548,-1,7356,5551,7357,-1,7357,5551,5549,-1,7357,5549,7358,-1,7358,5549,7355,-1,7356,7359,5551,-1,5551,7359,5555,-1,5551,5555,5553,-1,5553,5555,5554,-1,7360,5557,7361,-1,7361,5557,5555,-1,7361,5555,7362,-1,7362,5555,7359,-1,7360,7363,5557,-1,5557,7363,5561,-1,5557,5561,5559,-1,5559,5561,5560,-1,7364,5563,7365,-1,7365,5563,5561,-1,7365,5561,7366,-1,7366,5561,7363,-1,7364,7367,5563,-1,5563,7367,5567,-1,5563,5567,5565,-1,5565,5567,5566,-1,7368,5569,7369,-1,7369,5569,5567,-1,7369,5567,7370,-1,7370,5567,7367,-1,7368,7371,5569,-1,5569,7371,5573,-1,5569,5573,5571,-1,5571,5573,5572,-1,7372,5575,7373,-1,7373,5575,5573,-1,7373,5573,7374,-1,7374,5573,7371,-1,7372,7375,5575,-1,5575,7375,5579,-1,5575,5579,5577,-1,5577,5579,5578,-1,7376,5581,7377,-1,7377,5581,5579,-1,7377,5579,7378,-1,7378,5579,7375,-1,7376,7379,5581,-1,5581,7379,5585,-1,5581,5585,5583,-1,5583,5585,5584,-1,7380,5587,7381,-1,7381,5587,5585,-1,7381,5585,7382,-1,7382,5585,7379,-1,7380,7383,5587,-1,5587,7383,5591,-1,5587,5591,5589,-1,5589,5591,5590,-1,7384,5593,7385,-1,7385,5593,5591,-1,7385,5591,7386,-1,7386,5591,7383,-1,7384,7387,5593,-1,5593,7387,5597,-1,5593,5597,5595,-1,5595,5597,5596,-1,7388,5599,7389,-1,7389,5599,5597,-1,7389,5597,7390,-1,7390,5597,7387,-1,7388,7391,5599,-1,5599,7391,5603,-1,5599,5603,5601,-1,5601,5603,5602,-1,7392,5605,7393,-1,7393,5605,5603,-1,7393,5603,7394,-1,7394,5603,7391,-1,7392,7395,5605,-1,5605,7395,5609,-1,5605,5609,5607,-1,5607,5609,5608,-1,7396,5611,7397,-1,7397,5611,5609,-1,7397,5609,7398,-1,7398,5609,7395,-1,7396,7399,5611,-1,5611,7399,5615,-1,5611,5615,5613,-1,5613,5615,5614,-1,7400,5617,7401,-1,7401,5617,5615,-1,7401,5615,7402,-1,7402,5615,7399,-1,7400,7403,5617,-1,5617,7403,5621,-1,5617,5621,5619,-1,5619,5621,5620,-1,7404,5623,7405,-1,7405,5623,5621,-1,7405,5621,7406,-1,7406,5621,7403,-1,7404,7407,5623,-1,5623,7407,5627,-1,5623,5627,5625,-1,5625,5627,5626,-1,7408,5629,7409,-1,7409,5629,5627,-1,7409,5627,7410,-1,7410,5627,7407,-1,7408,7411,5629,-1,5629,7411,5633,-1,5629,5633,5631,-1,5631,5633,5632,-1,7412,5635,7413,-1,7413,5635,5633,-1,7413,5633,7414,-1,7414,5633,7411,-1,7412,7415,5635,-1,5635,7415,5639,-1,5635,5639,5637,-1,5637,5639,5638,-1,7416,5641,7417,-1,7417,5641,5639,-1,7417,5639,7418,-1,7418,5639,7415,-1,7416,7419,5641,-1,5641,7419,5645,-1,5641,5645,5643,-1,5643,5645,5644,-1,7420,5647,7421,-1,7421,5647,5645,-1,7421,5645,7422,-1,7422,5645,7419,-1,7420,7423,5647,-1,5647,7423,5651,-1,5647,5651,5649,-1,5649,5651,5650,-1,7424,5653,7425,-1,7425,5653,5651,-1,7425,5651,7426,-1,7426,5651,7423,-1,7424,7427,5653,-1,5653,7427,5657,-1,5653,5657,5655,-1,5655,5657,5656,-1,7428,5659,7429,-1,7429,5659,5657,-1,7429,5657,7430,-1,7430,5657,7427,-1,7428,7431,5659,-1,5659,7431,5663,-1,5659,5663,5661,-1,5661,5663,5662,-1,7432,5665,7433,-1,7433,5665,5663,-1,7433,5663,7434,-1,7434,5663,7431,-1,7432,7435,5665,-1,5665,7435,5669,-1,5665,5669,5667,-1,5667,5669,5668,-1,7436,5671,7437,-1,7437,5671,5669,-1,7437,5669,7438,-1,7438,5669,7435,-1,7436,7439,5671,-1,5671,7439,5675,-1,5671,5675,5673,-1,5673,5675,5674,-1,7440,5677,7441,-1,7441,5677,5675,-1,7441,5675,7442,-1,7442,5675,7439,-1,7440,7443,5677,-1,5677,7443,5681,-1,5677,5681,5679,-1,5679,5681,5680,-1,7444,5683,7445,-1,7445,5683,5681,-1,7445,5681,7446,-1,7446,5681,7443,-1,7444,7447,5683,-1,5683,7447,5687,-1,5683,5687,5685,-1,5685,5687,5686,-1,7448,5689,7449,-1,7449,5689,5687,-1,7449,5687,7450,-1,7450,5687,7447,-1,7448,7451,5689,-1,5689,7451,3805,-1,5689,3805,5691,-1,5691,3805,3807,-1,7452,3806,7453,-1,7453,3806,3805,-1,7453,3805,7454,-1,7454,3805,7451,-1,7452,7455,3806,-1,3806,7455,3802,-1,3806,3802,5692,-1,5692,3802,3804,-1,7456,3803,7457,-1,7457,3803,3802,-1,7457,3802,7458,-1,7458,3802,7455,-1,7456,7459,3803,-1,3803,7459,3799,-1,3803,3799,5693,-1,5693,3799,3801,-1,7460,3800,7461,-1,7461,3800,3799,-1,7461,3799,7462,-1,7462,3799,7459,-1,7460,7463,3800,-1,3800,7463,5699,-1,3800,5699,5694,-1,5694,5699,5698,-1,7464,5697,7465,-1,7465,5697,5699,-1,7465,5699,7466,-1,7466,5699,7463,-1,7464,7467,5697,-1,5697,7467,5701,-1,5697,5701,5695,-1,5695,5701,5700,-1,7468,5703,7469,-1,7469,5703,5701,-1,7469,5701,7470,-1,7470,5701,7467,-1,7468,7471,5703,-1,5703,7471,5708,-1,5703,5708,5704,-1,5704,5708,5707,-1,7472,5710,7473,-1,7473,5710,5708,-1,7473,5708,7474,-1,7474,5708,7471,-1,7472,7475,5710,-1,5710,7475,5714,-1,5710,5714,5712,-1,5712,5714,5713,-1,7476,5716,7477,-1,7477,5716,5714,-1,7477,5714,7478,-1,7478,5714,7475,-1,7476,7479,5716,-1,5716,7479,5719,-1,5716,5719,5717,-1,5717,5719,5718,-1,7480,5721,7481,-1,7481,5721,5719,-1,7481,5719,7482,-1,7482,5719,7479,-1,7480,7483,5721,-1,5721,7483,5728,-1,5721,5728,5723,-1,5723,5728,5730,-1,7484,5726,7485,-1,7485,5726,5728,-1,7485,5728,7486,-1,7486,5728,7483,-1,7484,7487,5726,-1,5726,7487,5732,-1,5726,5732,5724,-1,5724,5732,5731,-1,3797,5734,3798,-1,3798,5734,7488,-1,3798,7488,7489,-1,7487,7490,5732,-1,5732,7490,7491,-1,5732,7491,5734,-1,5734,7491,7492,-1,5734,7492,7488,-1,7489,7493,3798,-1,3798,7493,5738,-1,3798,5738,5736,-1,5736,5738,5737,-1,7494,5740,7495,-1,7495,5740,5738,-1,7495,5738,7496,-1,7496,5738,7493,-1,7494,7497,5740,-1,5740,7497,5744,-1,5740,5744,5742,-1,5742,5744,5743,-1,5749,5748,5750,-1,5750,5748,5746,-1,5750,5746,7498,-1,7497,7499,5744,-1,5744,7499,7500,-1,5744,7500,5746,-1,5746,7500,7501,-1,5746,7501,7498,-1,5755,5754,5756,-1,5756,5754,5752,-1,5756,5752,7502,-1,7498,7503,5750,-1,5750,7503,7504,-1,5750,7504,5752,-1,5752,7504,7505,-1,5752,7505,7502,-1,5761,5760,5762,-1,5762,5760,5758,-1,5762,5758,7506,-1,7502,7507,5756,-1,5756,7507,7508,-1,5756,7508,5758,-1,5758,7508,7509,-1,5758,7509,7506,-1,5767,5766,5768,-1,5768,5766,5764,-1,5768,5764,7510,-1,7506,7511,5762,-1,5762,7511,7512,-1,5762,7512,5764,-1,5764,7512,7513,-1,5764,7513,7510,-1,5773,5772,5774,-1,5774,5772,5770,-1,5774,5770,7514,-1,7510,7515,5768,-1,5768,7515,7516,-1,5768,7516,5770,-1,5770,7516,7517,-1,5770,7517,7514,-1,5779,5778,5780,-1,5780,5778,5776,-1,5780,5776,7518,-1,7514,7519,5774,-1,5774,7519,7520,-1,5774,7520,5776,-1,5776,7520,7521,-1,5776,7521,7518,-1,5785,5784,5786,-1,5786,5784,5782,-1,5786,5782,7522,-1,7518,7523,5780,-1,5780,7523,7524,-1,5780,7524,5782,-1,5782,7524,7525,-1,5782,7525,7522,-1,5791,5790,5792,-1,5792,5790,5788,-1,5792,5788,7526,-1,7522,7527,5786,-1,5786,7527,7528,-1,5786,7528,5788,-1,5788,7528,7529,-1,5788,7529,7526,-1,5797,5796,5798,-1,5798,5796,5794,-1,5798,5794,7530,-1,7526,7531,5792,-1,5792,7531,7532,-1,5792,7532,5794,-1,5794,7532,7533,-1,5794,7533,7530,-1,5803,5802,5804,-1,5804,5802,5800,-1,5804,5800,7534,-1,7530,7535,5798,-1,5798,7535,7536,-1,5798,7536,5800,-1,5800,7536,7537,-1,5800,7537,7534,-1,5809,5808,5810,-1,5810,5808,5806,-1,5810,5806,7538,-1,7534,7539,5804,-1,5804,7539,7540,-1,5804,7540,5806,-1,5806,7540,7541,-1,5806,7541,7538,-1,5815,5814,5816,-1,5816,5814,5812,-1,5816,5812,7542,-1,7538,7543,5810,-1,5810,7543,7544,-1,5810,7544,5812,-1,5812,7544,7545,-1,5812,7545,7542,-1,5821,5820,5822,-1,5822,5820,5818,-1,5822,5818,7546,-1,7542,7547,5816,-1,5816,7547,7548,-1,5816,7548,5818,-1,5818,7548,7549,-1,5818,7549,7546,-1,5827,5826,5828,-1,5828,5826,5824,-1,5828,5824,7550,-1,7546,7551,5822,-1,5822,7551,7552,-1,5822,7552,5824,-1,5824,7552,7553,-1,5824,7553,7550,-1,5833,5832,5834,-1,5834,5832,5830,-1,5834,5830,7554,-1,7550,7555,5828,-1,5828,7555,7556,-1,5828,7556,5830,-1,5830,7556,7557,-1,5830,7557,7554,-1,5839,5838,5840,-1,5840,5838,5836,-1,5840,5836,7558,-1,7554,7559,5834,-1,5834,7559,7560,-1,5834,7560,5836,-1,5836,7560,7561,-1,5836,7561,7558,-1,5845,5844,5846,-1,5846,5844,5842,-1,5846,5842,7562,-1,7558,7563,5840,-1,5840,7563,7564,-1,5840,7564,5842,-1,5842,7564,7565,-1,5842,7565,7562,-1,5851,5850,5852,-1,5852,5850,5848,-1,5852,5848,7566,-1,7562,7567,5846,-1,5846,7567,7568,-1,5846,7568,5848,-1,5848,7568,7569,-1,5848,7569,7566,-1,5857,5856,5858,-1,5858,5856,5854,-1,5858,5854,7570,-1,7566,7571,5852,-1,5852,7571,7572,-1,5852,7572,5854,-1,5854,7572,7573,-1,5854,7573,7570,-1,5863,5862,5864,-1,5864,5862,5860,-1,5864,5860,7574,-1,7570,7575,5858,-1,5858,7575,7576,-1,5858,7576,5860,-1,5860,7576,7577,-1,5860,7577,7574,-1,5869,5868,5870,-1,5870,5868,5866,-1,5870,5866,7578,-1,7574,7579,5864,-1,5864,7579,7580,-1,5864,7580,5866,-1,5866,7580,7581,-1,5866,7581,7578,-1,5875,5874,5876,-1,5876,5874,5872,-1,5876,5872,7582,-1,7578,7583,5870,-1,5870,7583,7584,-1,5870,7584,5872,-1,5872,7584,7585,-1,5872,7585,7582,-1,5881,5880,5882,-1,5882,5880,5878,-1,5882,5878,7586,-1,7582,7587,5876,-1,5876,7587,7588,-1,5876,7588,5878,-1,5878,7588,7589,-1,5878,7589,7586,-1,5887,5886,5888,-1,5888,5886,5884,-1,5888,5884,7590,-1,7586,7591,5882,-1,5882,7591,7592,-1,5882,7592,5884,-1,5884,7592,7593,-1,5884,7593,7590,-1,5893,5892,5894,-1,5894,5892,5890,-1,5894,5890,7594,-1,7590,7595,5888,-1,5888,7595,7596,-1,5888,7596,5890,-1,5890,7596,7597,-1,5890,7597,7594,-1,5899,5898,5900,-1,5900,5898,5896,-1,5900,5896,7598,-1,7594,7599,5894,-1,5894,7599,7600,-1,5894,7600,5896,-1,5896,7600,7601,-1,5896,7601,7598,-1,5908,5904,5907,-1,5907,5904,5902,-1,5907,5902,7602,-1,7598,7603,5900,-1,5900,7603,7604,-1,5900,7604,5902,-1,5902,7604,7605,-1,5902,7605,7602,-1,7602,7606,5907,-1,5907,7606,7607,-1,5907,7607,5905,-1,5905,7607,7608,-1,5905,7608,5911,-1,5911,7608,7609,-1,5911,7609,7610,-1,5914,5909,5915,-1,5915,5909,5911,-1,5915,5911,7611,-1,7611,5911,7610,-1,5920,5919,5921,-1,5921,5919,5917,-1,5921,5917,7612,-1,7611,7613,5915,-1,5915,7613,7614,-1,5915,7614,5917,-1,5917,7614,7615,-1,5917,7615,7612,-1,5925,5924,5926,-1,5926,5924,5923,-1,5926,5923,7616,-1,7612,7617,5921,-1,5921,7617,7618,-1,5921,7618,5923,-1,5923,7618,7619,-1,5923,7619,7616,-1,7616,7620,5926,-1,5926,7620,7621,-1,5926,7621,5928,-1,5928,7621,7622,-1,5928,7622,5931,-1,7622,7623,5931,-1,5931,7623,7624,-1,5931,7624,5933,-1,5933,7624,7625,-1,5942,3793,5941,-1,5941,3793,3795,-1,5941,3795,7626,-1,7625,7627,5933,-1,5933,7627,7628,-1,5933,7628,3795,-1,3795,7628,7629,-1,3795,7629,7626,-1,5943,5937,5944,-1,5944,5937,5939,-1,5944,5939,7630,-1,7626,7631,5941,-1,5941,7631,7632,-1,5941,7632,5939,-1,5939,7632,7633,-1,5939,7633,7630,-1,7630,7634,5944,-1,5944,7634,7635,-1,5944,7635,5946,-1,5946,7635,7636,-1,5946,7636,5949,-1,5949,7636,7637,-1,7637,7638,5949,-1,5949,7638,5956,-1,5949,5956,5947,-1,5947,5956,5957,-1,7638,7639,5956,-1,5956,7639,7640,-1,5956,7640,5954,-1,5954,7640,7641,-1,5954,7641,7642,-1,5958,5952,5959,-1,5959,5952,5954,-1,5959,5954,7643,-1,7643,5954,7642,-1,5964,5963,5965,-1,5965,5963,5961,-1,5965,5961,7644,-1,7643,7645,5959,-1,5959,7645,7646,-1,5959,7646,5961,-1,5961,7646,7647,-1,5961,7647,7644,-1,7644,7648,5965,-1,5965,7648,7649,-1,5965,7649,5967,-1,5967,7649,7650,-1,5967,7650,5968,-1,7650,7651,5968,-1,5968,7651,7652,-1,5968,7652,5973,-1,5973,7652,7653,-1,7653,7654,5973,-1,5973,7654,5977,-1,5973,5977,5971,-1,5971,5977,5976,-1,7654,7655,5977,-1,5977,7655,7656,-1,5977,7656,5979,-1,5979,7656,7657,-1,5985,5980,5986,-1,5986,5980,5982,-1,5986,5982,7658,-1,7657,7659,5979,-1,5979,7659,7660,-1,5979,7660,5982,-1,5982,7660,7661,-1,5982,7661,7658,-1,7658,7662,5986,-1,5986,7662,7663,-1,5986,7663,5988,-1,5988,7663,7664,-1,5988,7664,5991,-1,5991,7664,7665,-1,7665,7666,5991,-1,5991,7666,5995,-1,5991,5995,5989,-1,5989,5995,5994,-1,7666,7667,5995,-1,5995,7667,7668,-1,5995,7668,5997,-1,5997,7668,7669,-1,7669,7670,5997,-1,5997,7670,6001,-1,5997,6001,5999,-1,5999,6001,6000,-1,7670,7671,6001,-1,6001,7671,7672,-1,6001,7672,6003,-1,6003,7672,7673,-1,6003,7673,7674,-1,6006,6005,6007,-1,6007,6005,6003,-1,6007,6003,7675,-1,7675,6003,7674,-1,7675,7676,6007,-1,6007,7676,7677,-1,6007,7677,6009,-1,6009,7677,7678,-1,6009,7678,6012,-1,6012,7678,7679,-1,7679,7680,6012,-1,6012,7680,6016,-1,6012,6016,6010,-1,6010,6016,6015,-1,7680,7681,6016,-1,6016,7681,7682,-1,6016,7682,6018,-1,6018,7682,7683,-1,7683,7684,6018,-1,6018,7684,6022,-1,6018,6022,6020,-1,6020,6022,6021,-1,7684,7685,6022,-1,6022,7685,7686,-1,6022,7686,6024,-1,6024,7686,7687,-1,7687,7688,6024,-1,6024,7688,6028,-1,6024,6028,6026,-1,6026,6028,6027,-1,7688,7689,6028,-1,6028,7689,7690,-1,6028,7690,6030,-1,6030,7690,7691,-1,7691,7692,6030,-1,6030,7692,6034,-1,6030,6034,6032,-1,6032,6034,6033,-1,7692,7693,6034,-1,6034,7693,7694,-1,6034,7694,6036,-1,6036,7694,7695,-1,7695,7696,6036,-1,6036,7696,6040,-1,6036,6040,6038,-1,6038,6040,6039,-1,7696,7697,6040,-1,6040,7697,7698,-1,6040,7698,6042,-1,6042,7698,7699,-1,7699,7700,6042,-1,6042,7700,6046,-1,6042,6046,6044,-1,6044,6046,6045,-1,7700,7701,6046,-1,6046,7701,7702,-1,6046,7702,6048,-1,6048,7702,7703,-1,7703,7704,6048,-1,6048,7704,6052,-1,6048,6052,6050,-1,6050,6052,6051,-1,7704,7705,6052,-1,6052,7705,7706,-1,6052,7706,6054,-1,6054,7706,7707,-1,7707,7708,6054,-1,6054,7708,6058,-1,6054,6058,6056,-1,6056,6058,6057,-1,7708,7709,6058,-1,6058,7709,7710,-1,6058,7710,6060,-1,6060,7710,7711,-1,7711,7712,6060,-1,6060,7712,6064,-1,6060,6064,6062,-1,6062,6064,6063,-1,7712,7713,6064,-1,6064,7713,7714,-1,6064,7714,6066,-1,6066,7714,7715,-1,7715,7716,6066,-1,6066,7716,6070,-1,6066,6070,6068,-1,6068,6070,6069,-1,7716,7717,6070,-1,6070,7717,7718,-1,6070,7718,6072,-1,6072,7718,7719,-1,7719,7720,6072,-1,6072,7720,6076,-1,6072,6076,6074,-1,6074,6076,6075,-1,7720,7721,6076,-1,6076,7721,7722,-1,6076,7722,6078,-1,6078,7722,7723,-1,7723,7724,6078,-1,6078,7724,6082,-1,6078,6082,6080,-1,6080,6082,6081,-1,7724,7725,6082,-1,6082,7725,7726,-1,6082,7726,6084,-1,6084,7726,7727,-1,7727,7728,6084,-1,6084,7728,6088,-1,6084,6088,6086,-1,6086,6088,6087,-1,7728,7729,6088,-1,6088,7729,7730,-1,6088,7730,6090,-1,6090,7730,7731,-1,7731,7732,6090,-1,6090,7732,6094,-1,6090,6094,6092,-1,6092,6094,6093,-1,7732,7733,6094,-1,6094,7733,7734,-1,6094,7734,6096,-1,6096,7734,7735,-1,7735,7736,6096,-1,6096,7736,6100,-1,6096,6100,6098,-1,6098,6100,6099,-1,7736,7737,6100,-1,6100,7737,7738,-1,6100,7738,6102,-1,6102,7738,7739,-1,7739,7740,6102,-1,6102,7740,6106,-1,6102,6106,6104,-1,6104,6106,6105,-1,7740,7741,6106,-1,6106,7741,7742,-1,6106,7742,6108,-1,6108,7742,7743,-1,7743,7744,6108,-1,6108,7744,6112,-1,6108,6112,6110,-1,6110,6112,6111,-1,7744,7745,6112,-1,6112,7745,7746,-1,6112,7746,6114,-1,6114,7746,7747,-1,7747,7748,6114,-1,6114,7748,6118,-1,6114,6118,6116,-1,6116,6118,6117,-1,7748,7749,6118,-1,6118,7749,7750,-1,6118,7750,6120,-1,6120,7750,7751,-1,7751,7752,6120,-1,6120,7752,6124,-1,6120,6124,6122,-1,6122,6124,6123,-1,7752,7753,6124,-1,6124,7753,7754,-1,6124,7754,6126,-1,6126,7754,7755,-1,7755,7756,6126,-1,6126,7756,6130,-1,6126,6130,6128,-1,6128,6130,6129,-1,7756,7757,6130,-1,6130,7757,7758,-1,6130,7758,6132,-1,6132,7758,7759,-1,7759,7760,6132,-1,6132,7760,6136,-1,6132,6136,6134,-1,6134,6136,6135,-1,7760,7761,6136,-1,6136,7761,7762,-1,6136,7762,6138,-1,6138,7762,7763,-1,7763,7764,6138,-1,6138,7764,6142,-1,6138,6142,6140,-1,6140,6142,6141,-1,7764,7765,6142,-1,6142,7765,7766,-1,6142,7766,6144,-1,6144,7766,7767,-1,7767,7768,6144,-1,6144,7768,6148,-1,6144,6148,6146,-1,6146,6148,6147,-1,7768,7769,6148,-1,6148,7769,7770,-1,6148,7770,6150,-1,6150,7770,7771,-1,7771,7772,6150,-1,6150,7772,6154,-1,6150,6154,6152,-1,6152,6154,6153,-1,7772,7773,6154,-1,6154,7773,7774,-1,6154,7774,6156,-1,6156,7774,7775,-1,7775,7776,6156,-1,6156,7776,6160,-1,6156,6160,6158,-1,6158,6160,6159,-1,7776,7777,6160,-1,6160,7777,7778,-1,6160,7778,6162,-1,6162,7778,7779,-1,7779,7780,6162,-1,6162,7780,6166,-1,6162,6166,6164,-1,6164,6166,6165,-1,7780,7781,6166,-1,6166,7781,7782,-1,6166,7782,6168,-1,6168,7782,7783,-1,7783,7784,6168,-1,6168,7784,6172,-1,6168,6172,6170,-1,6170,6172,6171,-1,7784,7785,6172,-1,6172,7785,7786,-1,6172,7786,3838,-1,3838,7786,7787,-1,3838,7787,3839,-1,1050,1055,7788,-1,702,700,7789,-1,784,783,7769,-1,812,821,3841,-1,807,7786,7785,-1,807,806,7786,-1,7786,806,816,-1,7786,816,7787,-1,7787,816,815,-1,7787,815,3839,-1,3839,815,814,-1,3839,814,3841,-1,3841,814,813,-1,3841,813,812,-1,7783,804,802,-1,7783,802,7784,-1,802,801,7784,-1,7784,801,810,-1,7784,810,7785,-1,7785,810,809,-1,7785,809,807,-1,804,7783,805,-1,805,7783,7782,-1,805,7782,796,-1,796,7782,7781,-1,796,7781,797,-1,7777,795,7778,-1,7778,795,794,-1,7778,794,7779,-1,794,792,7779,-1,7779,792,791,-1,7779,791,7780,-1,7780,791,800,-1,7780,800,7781,-1,7781,800,799,-1,7781,799,797,-1,7776,603,7777,-1,7777,603,602,-1,7777,602,795,-1,7775,7774,605,-1,605,790,7775,-1,7775,790,789,-1,7775,789,7776,-1,7776,789,788,-1,7776,788,603,-1,7772,786,7773,-1,7773,786,785,-1,7773,785,7774,-1,7774,785,606,-1,7774,606,605,-1,7769,783,7770,-1,783,782,7770,-1,7770,782,609,-1,7770,609,7771,-1,7771,609,608,-1,7771,608,7772,-1,7772,608,787,-1,7772,787,786,-1,784,7769,777,-1,777,7769,7768,-1,777,7768,778,-1,778,7768,7767,-1,778,7767,780,-1,780,7767,781,-1,781,7767,7766,-1,781,7766,772,-1,772,7766,7765,-1,772,7765,773,-1,7763,767,7764,-1,7764,767,776,-1,7764,776,7765,-1,7765,776,775,-1,7765,775,773,-1,763,762,7761,-1,7761,762,771,-1,7761,771,7762,-1,7762,771,770,-1,7762,770,7763,-1,7763,770,768,-1,7763,768,767,-1,763,7761,765,-1,765,7761,7760,-1,765,7760,766,-1,766,7760,7759,-1,766,7759,759,-1,759,7759,760,-1,760,7759,7758,-1,760,7758,761,-1,761,7758,7757,-1,761,7757,757,-1,7755,750,7756,-1,7756,750,749,-1,7756,749,7757,-1,7757,749,758,-1,7757,758,757,-1,7753,754,7754,-1,7754,754,753,-1,7754,753,7755,-1,7755,753,752,-1,7755,752,750,-1,7752,746,7753,-1,7753,746,755,-1,7753,755,754,-1,611,739,7790,-1,7790,739,741,-1,741,744,7790,-1,7790,744,743,-1,7790,743,7791,-1,7791,743,742,-1,7791,742,748,-1,7792,736,612,-1,7793,738,7792,-1,7792,738,737,-1,7792,737,736,-1,735,734,7793,-1,734,732,7793,-1,7793,732,731,-1,7793,731,738,-1,7794,729,728,-1,727,725,7795,-1,7795,725,724,-1,7795,724,735,-1,729,7794,730,-1,730,7794,7796,-1,730,7796,718,-1,721,720,7796,-1,7796,720,719,-1,7796,719,718,-1,716,715,7797,-1,715,723,7797,-1,7797,723,722,-1,7797,722,721,-1,7798,710,7799,-1,7799,710,709,-1,704,713,7798,-1,7798,713,712,-1,7798,712,710,-1,7800,705,704,-1,699,708,7800,-1,7800,708,707,-1,7800,707,705,-1,702,7789,703,-1,703,7789,7801,-1,703,7801,694,-1,692,691,7802,-1,7802,691,698,-1,698,697,7801,-1,7801,697,695,-1,7801,695,694,-1,7803,689,693,-1,615,614,7804,-1,7804,614,7803,-1,7803,614,690,-1,7803,690,689,-1,687,686,7804,-1,7804,686,685,-1,7804,685,615,-1,681,680,7805,-1,7805,680,687,-1,617,684,7806,-1,7806,684,683,-1,7807,677,7806,-1,7806,677,618,-1,7806,618,617,-1,621,679,7807,-1,7807,679,678,-1,7807,678,677,-1,1056,1058,7808,-1,7808,1058,7809,-1,1055,1054,7808,-1,1054,1052,7808,-1,7808,1052,1051,-1,7808,1051,1056,-1,7810,1045,1046,-1,7810,1046,7788,-1,7788,1046,1048,-1,7788,1048,1050,-1,1039,832,7811,-1,7811,832,831,-1,7811,831,7810,-1,7810,831,1043,-1,7810,1043,1045,-1,1041,1040,7812,-1,7812,1040,1036,-1,7812,1036,7811,-1,7811,1036,1038,-1,7811,1038,1039,-1,1025,1024,6187,-1,6187,1024,1035,-1,6187,1035,6190,-1,1031,6188,1029,-1,1029,6188,6189,-1,1029,6189,1033,-1,1033,6189,6190,-1,1033,6190,1034,-1,1034,6190,1035,-1,1025,6187,1027,-1,1027,6187,3848,-1,1027,3848,1028,-1,1028,3848,3847,-1,1028,3847,1022,-1,1022,3847,1023,-1,1023,3847,3846,-1,1023,3846,1019,-1,1019,3846,3845,-1,1019,3845,1020,-1,1020,3845,1009,-1,1009,3845,3844,-1,1009,3844,1010,-1,1010,3844,1013,-1,1013,3844,3843,-1,1013,3843,1014,-1,1014,3843,3842,-1,1014,3842,1015,-1,1031,1042,6188,-1,6188,1042,1041,-1,6188,1041,6191,-1,6191,1041,7812,-1,6191,7812,6194,-1,6194,7812,7811,-1,6194,7811,6193,-1,6193,7811,6192,-1,6192,7811,7810,-1,6192,7810,6195,-1,6195,7810,6198,-1,6198,7810,7788,-1,6198,7788,6197,-1,1055,7808,7788,-1,7788,7808,6196,-1,7788,6196,6197,-1,7809,6202,7808,-1,7808,6202,6199,-1,7808,6199,6196,-1,7813,6200,7809,-1,7809,6200,6201,-1,7809,6201,6202,-1,7814,6206,7813,-1,7813,6206,6203,-1,7813,6203,6200,-1,7815,6204,7814,-1,7814,6204,6205,-1,7814,6205,6206,-1,6208,6209,7816,-1,7816,6209,6210,-1,7816,6210,7815,-1,7815,6210,6207,-1,7815,6207,6204,-1,6211,7817,6214,-1,6214,7817,7818,-1,6218,6215,7819,-1,7819,6215,6212,-1,7819,6212,7818,-1,7818,6212,6213,-1,7818,6213,6214,-1,6217,7820,6216,-1,6216,7820,7821,-1,6220,6221,7822,-1,7822,6221,6222,-1,7822,6222,7821,-1,7821,6222,6219,-1,7821,6219,6216,-1,6223,7823,6226,-1,6226,7823,7824,-1,6230,6227,7825,-1,7825,6227,6224,-1,7825,6224,7824,-1,7824,6224,6225,-1,7824,6225,6226,-1,6229,7826,6228,-1,6228,7826,7827,-1,6232,6233,7828,-1,7828,6233,6234,-1,7828,6234,7827,-1,7827,6234,6231,-1,7827,6231,6228,-1,6235,7829,6238,-1,6238,7829,7830,-1,6242,6239,7831,-1,7831,6239,6236,-1,7831,6236,7830,-1,7830,6236,6237,-1,7830,6237,6238,-1,6241,7832,6240,-1,6240,7832,7833,-1,6244,6245,7834,-1,7834,6245,6246,-1,7834,6246,7833,-1,7833,6246,6243,-1,7833,6243,6240,-1,6247,7835,6250,-1,6250,7835,7836,-1,7837,6248,7836,-1,7836,6248,6249,-1,7836,6249,6250,-1,6252,6253,7838,-1,7838,6253,6254,-1,7838,6254,7837,-1,7837,6254,6251,-1,7837,6251,6248,-1,6255,7839,6258,-1,6258,7839,7840,-1,7841,6256,7840,-1,7840,6256,6257,-1,7840,6257,6258,-1,6260,6261,7842,-1,7842,6261,6262,-1,7842,6262,7841,-1,7841,6262,6259,-1,7841,6259,6256,-1,6263,7843,6266,-1,6266,7843,7844,-1,6270,6267,7845,-1,7845,6267,6264,-1,7845,6264,7844,-1,7844,6264,6265,-1,7844,6265,6266,-1,6269,7846,6268,-1,6268,7846,7847,-1,6272,6273,7848,-1,7848,6273,6274,-1,7848,6274,7847,-1,7847,6274,6271,-1,7847,6271,6268,-1,6275,7849,6278,-1,6278,7849,7850,-1,6282,6279,7851,-1,7851,6279,6276,-1,7851,6276,7850,-1,7850,6276,6277,-1,7850,6277,6278,-1,6281,7852,6280,-1,6280,7852,7853,-1,6284,6285,7854,-1,7854,6285,6286,-1,7854,6286,7853,-1,7853,6286,6283,-1,7853,6283,6280,-1,6287,7855,6290,-1,6290,7855,7856,-1,6294,6291,7857,-1,7857,6291,6288,-1,7857,6288,7856,-1,7856,6288,6289,-1,7856,6289,6290,-1,6293,7858,6292,-1,6292,7858,7859,-1,6296,6297,7860,-1,7860,6297,6298,-1,7860,6298,7859,-1,7859,6298,6295,-1,7859,6295,6292,-1,6299,7861,6302,-1,6302,7861,7862,-1,6306,6303,7863,-1,7863,6303,6300,-1,7863,6300,7862,-1,7862,6300,6301,-1,7862,6301,6302,-1,6305,7864,6304,-1,6304,7864,7865,-1,7866,6310,7865,-1,7865,6310,6307,-1,7865,6307,6304,-1,7867,6308,7866,-1,7866,6308,6309,-1,7866,6309,6310,-1,6312,6313,7868,-1,7868,6313,6314,-1,7868,6314,7867,-1,7867,6314,6311,-1,7867,6311,6308,-1,6315,7869,6318,-1,6318,7869,7870,-1,6322,6319,7871,-1,7871,6319,6316,-1,7871,6316,7870,-1,7870,6316,6317,-1,7870,6317,6318,-1,6321,7872,6320,-1,6320,7872,7873,-1,6324,6325,7874,-1,7874,6325,6326,-1,7874,6326,7873,-1,7873,6326,6323,-1,7873,6323,6320,-1,6327,7875,6330,-1,6330,7875,7876,-1,6334,6331,7877,-1,7877,6331,6328,-1,7877,6328,7876,-1,7876,6328,6329,-1,7876,6329,6330,-1,6333,7878,6332,-1,6332,7878,7879,-1,6336,6337,7880,-1,7880,6337,6338,-1,7880,6338,7879,-1,7879,6338,6335,-1,7879,6335,6332,-1,6339,7881,6342,-1,6342,7881,7882,-1,6346,6343,7883,-1,7883,6343,6340,-1,7883,6340,7882,-1,7882,6340,6341,-1,7882,6341,6342,-1,6345,7884,6344,-1,6344,7884,7885,-1,6348,6349,7886,-1,7886,6349,6350,-1,7886,6350,7885,-1,7885,6350,6347,-1,7885,6347,6344,-1,6351,7887,6354,-1,6354,7887,7888,-1,7889,6352,7888,-1,7888,6352,6353,-1,7888,6353,6354,-1,7890,6358,7889,-1,7889,6358,6355,-1,7889,6355,6352,-1,7891,6356,7890,-1,7890,6356,6357,-1,7890,6357,6358,-1,7892,6362,7891,-1,7891,6362,6359,-1,7891,6359,6356,-1,7893,6360,7892,-1,7892,6360,6361,-1,7892,6361,6362,-1,7894,6366,7893,-1,7893,6366,6363,-1,7893,6363,6360,-1,7895,6364,7894,-1,7894,6364,6365,-1,7894,6365,6366,-1,7896,6370,7895,-1,7895,6370,6367,-1,7895,6367,6364,-1,6374,6371,7897,-1,7897,6371,6368,-1,7897,6368,7896,-1,7896,6368,6369,-1,7896,6369,6370,-1,6373,7898,6372,-1,6372,7898,7899,-1,6376,6377,7900,-1,7900,6377,6378,-1,7900,6378,7899,-1,7899,6378,6375,-1,7899,6375,6372,-1,6379,7901,6382,-1,6382,7901,7902,-1,6386,6383,7903,-1,7903,6383,6380,-1,7903,6380,7902,-1,7902,6380,6381,-1,7902,6381,6382,-1,6385,7904,6384,-1,6384,7904,7905,-1,6388,6389,7906,-1,7906,6389,6390,-1,7906,6390,7905,-1,7905,6390,6387,-1,7905,6387,6384,-1,6391,7907,6394,-1,6394,7907,7908,-1,6398,6395,7909,-1,7909,6395,6392,-1,7909,6392,7908,-1,7908,6392,6393,-1,7908,6393,6394,-1,6397,7910,6396,-1,6396,7910,7911,-1,6400,6401,7912,-1,7912,6401,6402,-1,7912,6402,7911,-1,7911,6402,6399,-1,7911,6399,6396,-1,6403,7913,6406,-1,6406,7913,7914,-1,6410,6407,7915,-1,7915,6407,6404,-1,7915,6404,7914,-1,7914,6404,6405,-1,7914,6405,6406,-1,6409,7916,6408,-1,6408,7916,7917,-1,7918,6414,7917,-1,7917,6414,6411,-1,7917,6411,6408,-1,7919,6412,7918,-1,7918,6412,6413,-1,7918,6413,6414,-1,6416,6417,7920,-1,7920,6417,6418,-1,7920,6418,7919,-1,7919,6418,6415,-1,7919,6415,6412,-1,6419,7921,6422,-1,6422,7921,7922,-1,6426,6423,7923,-1,7923,6423,6420,-1,7923,6420,7922,-1,7922,6420,6421,-1,7922,6421,6422,-1,6425,7924,6424,-1,6424,7924,7925,-1,6428,6429,7926,-1,7926,6429,6430,-1,7926,6430,7925,-1,7925,6430,6427,-1,7925,6427,6424,-1,6431,7927,6434,-1,6434,7927,7928,-1,6438,6435,7929,-1,7929,6435,6432,-1,7929,6432,7928,-1,7928,6432,6433,-1,7928,6433,6434,-1,6437,7930,6436,-1,6436,7930,7931,-1,6440,6441,7932,-1,7932,6441,6442,-1,7932,6442,7931,-1,7931,6442,6439,-1,7931,6439,6436,-1,6443,7933,6446,-1,6446,7933,7934,-1,6450,6447,7935,-1,7935,6447,6444,-1,7935,6444,7934,-1,7934,6444,6445,-1,7934,6445,6446,-1,6449,7936,6448,-1,6448,7936,7937,-1,6452,6453,7938,-1,7938,6453,6454,-1,7938,6454,7937,-1,7937,6454,6451,-1,7937,6451,6448,-1,6455,7939,6458,-1,6458,7939,7940,-1,6462,6459,7941,-1,7941,6459,6456,-1,7941,6456,7940,-1,7940,6456,6457,-1,7940,6457,6458,-1,6461,7942,6460,-1,6460,7942,7943,-1,7944,6466,7943,-1,7943,6466,6463,-1,7943,6463,6460,-1,7945,6464,7944,-1,7944,6464,6465,-1,7944,6465,6466,-1,7946,6470,7945,-1,7945,6470,6467,-1,7945,6467,6464,-1,7947,6468,7946,-1,7946,6468,6469,-1,7946,6469,6470,-1,7948,6474,7947,-1,7947,6474,6471,-1,7947,6471,6468,-1,6478,6475,7949,-1,7949,6475,6472,-1,7949,6472,7948,-1,7948,6472,6473,-1,7948,6473,6474,-1,6477,7950,6476,-1,6476,7950,7951,-1,6480,6481,7952,-1,7952,6481,6482,-1,7952,6482,7951,-1,7951,6482,6479,-1,7951,6479,6476,-1,6483,7953,6486,-1,6486,7953,7954,-1,6490,6487,7955,-1,7955,6487,6484,-1,7955,6484,7954,-1,7954,6484,6485,-1,7954,6485,6486,-1,6489,7956,6488,-1,6488,7956,7957,-1,6492,6493,7958,-1,7958,6493,6494,-1,7958,6494,7957,-1,7957,6494,6491,-1,7957,6491,6488,-1,6495,7959,6498,-1,6498,7959,7960,-1,6502,6499,7961,-1,7961,6499,6496,-1,7961,6496,7960,-1,7960,6496,6497,-1,7960,6497,6498,-1,6501,7962,6500,-1,6500,7962,7963,-1,6504,6505,7964,-1,7964,6505,6506,-1,7964,6506,7963,-1,7963,6506,6503,-1,7963,6503,6500,-1,6507,7965,6510,-1,6510,7965,7966,-1,6514,6511,7967,-1,7967,6511,6508,-1,7967,6508,7966,-1,7966,6508,6509,-1,7966,6509,6510,-1,6513,7968,6512,-1,6512,7968,7969,-1,7970,6518,7969,-1,7969,6518,6515,-1,7969,6515,6512,-1,7971,6516,7970,-1,7970,6516,6517,-1,7970,6517,6518,-1,6520,6521,7972,-1,7972,6521,6522,-1,7972,6522,7971,-1,7971,6522,6519,-1,7971,6519,6516,-1,6523,7973,6526,-1,6526,7973,7974,-1,6530,6527,7975,-1,7975,6527,6524,-1,7975,6524,7974,-1,7974,6524,6525,-1,7974,6525,6526,-1,6529,7976,6528,-1,6528,7976,7977,-1,6532,6533,7978,-1,7978,6533,6534,-1,7978,6534,7977,-1,7977,6534,6531,-1,7977,6531,6528,-1,6535,7979,6538,-1,6538,7979,7980,-1,6542,6539,7981,-1,7981,6539,6536,-1,7981,6536,7980,-1,7980,6536,6537,-1,7980,6537,6538,-1,6541,7982,6540,-1,6540,7982,7983,-1,6544,6545,7984,-1,7984,6545,6546,-1,7984,6546,7983,-1,7983,6546,6543,-1,7983,6543,6540,-1,6547,7985,6550,-1,6550,7985,7986,-1,6554,6551,7987,-1,7987,6551,6548,-1,7987,6548,7986,-1,7986,6548,6549,-1,7986,6549,6550,-1,6553,7988,6552,-1,6552,7988,7989,-1,6556,6557,7990,-1,7990,6557,6558,-1,7990,6558,7989,-1,7989,6558,6555,-1,7989,6555,6552,-1,6559,7991,6562,-1,6562,7991,7992,-1,6566,6563,7993,-1,7993,6563,6560,-1,7993,6560,7992,-1,7992,6560,6561,-1,7992,6561,6562,-1,6565,7994,6564,-1,6564,7994,7995,-1,6568,6569,7996,-1,7996,6569,6570,-1,7996,6570,7995,-1,7995,6570,6567,-1,7995,6567,6564,-1,6571,7997,6574,-1,6574,7997,7998,-1,7999,6572,7998,-1,7998,6572,6573,-1,7998,6573,6574,-1,8000,6578,7999,-1,7999,6578,6575,-1,7999,6575,6572,-1,6582,6579,8001,-1,8001,6579,6576,-1,8001,6576,8000,-1,8000,6576,6577,-1,8000,6577,6578,-1,6581,8002,6580,-1,6580,8002,8003,-1,6584,6585,8004,-1,8004,6585,6586,-1,8004,6586,8003,-1,8003,6586,6583,-1,8003,6583,6580,-1,6587,8005,6590,-1,6590,8005,8006,-1,6594,6591,8007,-1,8007,6591,6588,-1,8007,6588,8006,-1,8006,6588,6589,-1,8006,6589,6590,-1,6593,8008,6592,-1,6592,8008,8009,-1,6596,6597,8010,-1,8010,6597,6598,-1,8010,6598,8009,-1,8009,6598,6595,-1,8009,6595,6592,-1,6599,8011,6602,-1,6602,8011,8012,-1,6606,6603,8013,-1,8013,6603,6600,-1,8013,6600,8012,-1,8012,6600,6601,-1,8012,6601,6602,-1,6605,8014,6604,-1,6604,8014,8015,-1,6608,6609,8016,-1,8016,6609,6610,-1,8016,6610,8015,-1,8015,6610,6607,-1,8015,6607,6604,-1,6611,8017,6614,-1,6614,8017,8018,-1,6618,6615,8019,-1,8019,6615,6612,-1,8019,6612,8018,-1,8018,6612,6613,-1,8018,6613,6614,-1,6617,8020,6616,-1,6616,8020,8021,-1,8022,6622,8021,-1,8021,6622,6619,-1,8021,6619,6616,-1,6626,6623,8023,-1,8023,6623,6620,-1,8023,6620,8022,-1,8022,6620,6621,-1,8022,6621,6622,-1,6625,8024,6624,-1,6624,8024,8025,-1,8026,6630,8025,-1,8025,6630,6627,-1,8025,6627,6624,-1,6634,6631,8027,-1,8027,6631,6628,-1,8027,6628,8026,-1,8026,6628,6629,-1,8026,6629,6630,-1,6633,8028,6632,-1,6632,8028,8029,-1,6636,6637,8030,-1,8030,6637,6638,-1,8030,6638,8029,-1,8029,6638,6635,-1,8029,6635,6632,-1,6639,8031,6642,-1,6642,8031,8032,-1,6646,6643,8033,-1,8033,6643,6640,-1,8033,6640,8032,-1,8032,6640,6641,-1,8032,6641,6642,-1,6645,8034,6644,-1,6644,8034,8035,-1,6648,6649,8036,-1,8036,6649,6650,-1,8036,6650,8035,-1,8035,6650,6647,-1,8035,6647,6644,-1,6651,8037,6654,-1,6654,8037,8038,-1,6658,6655,8039,-1,8039,6655,6652,-1,8039,6652,8038,-1,8038,6652,6653,-1,8038,6653,6654,-1,6657,8040,6656,-1,6656,8040,8041,-1,6660,6661,8042,-1,8042,6661,6662,-1,8042,6662,8041,-1,8041,6662,6659,-1,8041,6659,6656,-1,6663,8043,6666,-1,6666,8043,8044,-1,6670,6667,8045,-1,8045,6667,6664,-1,8045,6664,8044,-1,8044,6664,6665,-1,8044,6665,6666,-1,6669,8046,6668,-1,6668,8046,8047,-1,6672,6673,8048,-1,8048,6673,6674,-1,8048,6674,8047,-1,8047,6674,6671,-1,8047,6671,6668,-1,6675,8049,6678,-1,6678,8049,8050,-1,8051,6676,8050,-1,8050,6676,6677,-1,8050,6677,6678,-1,8052,6682,8051,-1,8051,6682,6679,-1,8051,6679,6676,-1,6686,6683,8053,-1,8053,6683,6680,-1,8053,6680,8052,-1,8052,6680,6681,-1,8052,6681,6682,-1,6685,8054,6684,-1,6684,8054,8055,-1,6688,6689,8056,-1,8056,6689,6690,-1,8056,6690,8055,-1,8055,6690,6687,-1,8055,6687,6684,-1,6691,8057,6694,-1,6694,8057,8058,-1,6698,6695,8059,-1,8059,6695,6692,-1,8059,6692,8058,-1,8058,6692,6693,-1,8058,6693,6694,-1,6697,8060,6696,-1,6696,8060,8061,-1,6700,6701,8062,-1,8062,6701,6702,-1,8062,6702,8061,-1,8061,6702,6699,-1,8061,6699,6696,-1,6703,8063,6706,-1,6706,8063,8064,-1,6710,6707,8065,-1,8065,6707,6704,-1,8065,6704,8064,-1,8064,6704,6705,-1,8064,6705,6706,-1,6709,8066,6708,-1,6708,8066,8067,-1,6712,6713,8068,-1,8068,6713,6714,-1,8068,6714,8067,-1,8067,6714,6711,-1,8067,6711,6708,-1,6715,8069,6718,-1,6718,8069,8070,-1,6722,6719,8071,-1,8071,6719,6716,-1,8071,6716,8070,-1,8070,6716,6717,-1,8070,6717,6718,-1,6721,8072,6720,-1,6720,8072,8073,-1,6724,6725,8074,-1,8074,6725,6726,-1,8074,6726,8073,-1,8073,6726,6723,-1,8073,6723,6720,-1,6727,8075,6730,-1,6730,8075,8076,-1,8077,6728,8076,-1,8076,6728,6729,-1,8076,6729,6730,-1,8078,6734,8077,-1,8077,6734,6731,-1,8077,6731,6728,-1,8079,6732,8078,-1,8078,6732,6733,-1,8078,6733,6734,-1,8080,6738,8079,-1,8079,6738,6735,-1,8079,6735,6732,-1,8081,6736,8080,-1,8080,6736,6737,-1,8080,6737,6738,-1,6740,6741,8082,-1,8082,6741,6742,-1,8082,6742,8081,-1,8081,6742,6739,-1,8081,6739,6736,-1,6743,8083,6746,-1,6746,8083,8084,-1,6750,6747,8085,-1,8085,6747,6744,-1,8085,6744,8084,-1,8084,6744,6745,-1,8084,6745,6746,-1,6749,8086,6748,-1,6748,8086,8087,-1,6752,6753,8088,-1,8088,6753,6754,-1,8088,6754,8087,-1,8087,6754,6751,-1,8087,6751,6748,-1,6755,8089,6758,-1,6758,8089,8090,-1,6762,6759,8091,-1,8091,6759,6756,-1,8091,6756,8090,-1,8090,6756,6757,-1,8090,6757,6758,-1,6761,8092,6760,-1,6760,8092,8093,-1,6764,6765,8094,-1,8094,6765,6766,-1,8094,6766,8093,-1,8093,6766,6763,-1,8093,6763,6760,-1,6767,8095,6770,-1,6770,8095,8096,-1,6774,6771,8097,-1,8097,6771,6768,-1,8097,6768,8096,-1,8096,6768,6769,-1,8096,6769,6770,-1,6773,8098,6772,-1,6772,8098,8099,-1,6776,6777,8100,-1,8100,6777,6778,-1,8100,6778,8099,-1,8099,6778,6775,-1,8099,6775,6772,-1,6779,8101,6782,-1,6782,8101,8102,-1,8103,6780,8102,-1,8102,6780,6781,-1,8102,6781,6782,-1,8104,6786,8103,-1,8103,6786,6783,-1,8103,6783,6780,-1,6790,6787,8105,-1,8105,6787,6784,-1,8105,6784,8104,-1,8104,6784,6785,-1,8104,6785,6786,-1,6789,8106,6788,-1,6788,8106,8107,-1,6792,6793,8108,-1,8108,6793,6794,-1,8108,6794,8107,-1,8107,6794,6791,-1,8107,6791,6788,-1,6795,8109,6798,-1,6798,8109,8110,-1,6802,6799,8111,-1,8111,6799,6796,-1,8111,6796,8110,-1,8110,6796,6797,-1,8110,6797,6798,-1,6801,8112,6800,-1,6800,8112,8113,-1,6804,6805,8114,-1,8114,6805,6806,-1,8114,6806,8113,-1,8113,6806,6803,-1,8113,6803,6800,-1,6807,8115,6810,-1,6810,8115,8116,-1,6814,6811,8117,-1,8117,6811,6808,-1,8117,6808,8116,-1,8116,6808,6809,-1,8116,6809,6810,-1,6813,8118,6812,-1,6812,8118,8119,-1,6816,6817,8120,-1,8120,6817,6818,-1,8120,6818,8119,-1,8119,6818,6815,-1,8119,6815,6812,-1,6819,8121,6822,-1,6822,8121,8122,-1,6826,6823,8123,-1,8123,6823,6820,-1,8123,6820,8122,-1,8122,6820,6821,-1,8122,6821,6822,-1,6825,8124,6824,-1,6824,8124,8125,-1,6828,6829,8126,-1,8126,6829,6830,-1,8126,6830,8125,-1,8125,6830,6827,-1,8125,6827,6824,-1,6831,8127,6834,-1,6834,8127,8128,-1,6838,6835,8129,-1,8129,6835,6832,-1,8129,6832,8128,-1,8128,6832,6833,-1,8128,6833,6834,-1,6837,8130,6836,-1,6836,8130,8131,-1,8132,6842,8131,-1,8131,6842,6839,-1,8131,6839,6836,-1,8133,6840,8132,-1,8132,6840,6841,-1,8132,6841,6842,-1,6844,6845,8134,-1,8134,6845,6846,-1,8134,6846,8133,-1,8133,6846,6843,-1,8133,6843,6840,-1,6847,8135,6850,-1,6850,8135,8136,-1,6854,6851,8137,-1,8137,6851,6848,-1,8137,6848,8136,-1,8136,6848,6849,-1,8136,6849,6850,-1,6853,8138,6852,-1,6852,8138,8139,-1,6856,6857,8140,-1,8140,6857,6858,-1,8140,6858,8139,-1,8139,6858,6855,-1,8139,6855,6852,-1,6859,8141,6862,-1,6862,8141,8142,-1,6866,6863,8143,-1,8143,6863,6860,-1,8143,6860,8142,-1,8142,6860,6861,-1,8142,6861,6862,-1,6865,8144,6864,-1,6864,8144,8145,-1,6868,6869,8146,-1,8146,6869,6870,-1,8146,6870,8145,-1,8145,6870,6867,-1,8145,6867,6864,-1,6871,8147,6874,-1,6874,8147,8148,-1,6878,6875,8149,-1,8149,6875,6872,-1,8149,6872,8148,-1,8148,6872,6873,-1,8148,6873,6874,-1,6877,8150,6876,-1,6876,8150,8151,-1,6880,6881,8152,-1,8152,6881,6882,-1,8152,6882,8151,-1,8151,6882,6879,-1,8151,6879,6876,-1,6883,8153,6886,-1,6886,8153,8154,-1,8155,6884,8154,-1,8154,6884,6885,-1,8154,6885,6886,-1,6888,6889,8156,-1,8156,6889,6890,-1,8156,6890,8155,-1,8155,6890,6887,-1,8155,6887,6884,-1,6891,8157,6894,-1,6894,8157,8158,-1,8159,6892,8158,-1,8158,6892,6893,-1,8158,6893,6894,-1,6896,6897,8160,-1,8160,6897,6898,-1,8160,6898,8159,-1,8159,6898,6895,-1,8159,6895,6892,-1,6899,8161,6902,-1,6902,8161,8162,-1,6906,6903,8163,-1,8163,6903,6900,-1,8163,6900,8162,-1,8162,6900,6901,-1,8162,6901,6902,-1,6905,8164,6904,-1,6904,8164,8165,-1,6908,6909,8166,-1,8166,6909,6910,-1,8166,6910,8165,-1,8165,6910,6907,-1,8165,6907,6904,-1,6911,8167,6914,-1,6914,8167,8168,-1,6918,6915,8169,-1,8169,6915,6912,-1,8169,6912,8168,-1,8168,6912,6913,-1,8168,6913,6914,-1,6917,8170,6916,-1,6916,8170,8171,-1,6920,6921,8172,-1,8172,6921,6922,-1,8172,6922,8171,-1,8171,6922,6919,-1,8171,6919,6916,-1,6923,8173,6926,-1,6926,8173,8174,-1,6930,6927,8175,-1,8175,6927,6924,-1,8175,6924,8174,-1,8174,6924,6925,-1,8174,6925,6926,-1,6929,8176,6928,-1,6928,8176,8177,-1,6932,6933,8178,-1,8178,6933,6934,-1,8178,6934,8177,-1,8177,6934,6931,-1,8177,6931,6928,-1,6935,8179,6938,-1,6938,8179,8180,-1,6942,6939,8181,-1,8181,6939,6936,-1,8181,6936,8180,-1,8180,6936,6937,-1,8180,6937,6938,-1,6941,8182,6940,-1,6940,8182,8183,-1,8184,6946,8183,-1,8183,6946,6943,-1,8183,6943,6940,-1,8185,6944,8184,-1,8184,6944,6945,-1,8184,6945,6946,-1,6948,6949,8186,-1,8186,6949,6950,-1,8186,6950,8185,-1,8185,6950,6947,-1,8185,6947,6944,-1,6951,8187,6954,-1,6954,8187,8188,-1,6958,6955,8189,-1,8189,6955,6952,-1,8189,6952,8188,-1,8188,6952,6953,-1,8188,6953,6954,-1,6957,8190,6956,-1,6956,8190,8191,-1,6960,6961,8192,-1,8192,6961,6962,-1,8192,6962,8191,-1,8191,6962,6959,-1,8191,6959,6956,-1,6963,8193,6966,-1,6966,8193,8194,-1,6970,6967,8195,-1,8195,6967,6964,-1,8195,6964,8194,-1,8194,6964,6965,-1,8194,6965,6966,-1,6969,8196,6968,-1,6968,8196,8197,-1,6972,6973,8198,-1,8198,6973,6974,-1,8198,6974,8197,-1,8197,6974,6971,-1,8197,6971,6968,-1,6975,8199,6978,-1,6978,8199,8200,-1,6982,6979,8201,-1,8201,6979,6976,-1,8201,6976,8200,-1,8200,6976,6977,-1,8200,6977,6978,-1,6981,8202,6980,-1,6980,8202,8203,-1,6984,6985,8204,-1,8204,6985,6986,-1,8204,6986,8203,-1,8203,6986,6983,-1,8203,6983,6980,-1,6987,8205,6990,-1,6990,8205,8206,-1,6994,6991,8207,-1,8207,6991,6988,-1,8207,6988,8206,-1,8206,6988,6989,-1,8206,6989,6990,-1,6993,8208,6992,-1,6992,8208,8209,-1,8210,6998,8209,-1,8209,6998,6995,-1,8209,6995,6992,-1,8211,6996,8210,-1,8210,6996,6997,-1,8210,6997,6998,-1,8212,7002,8211,-1,8211,7002,6999,-1,8211,6999,6996,-1,8213,7000,8212,-1,8212,7000,7001,-1,8212,7001,7002,-1,8214,7006,8213,-1,8213,7006,7003,-1,8213,7003,7000,-1,7010,7007,8215,-1,8215,7007,7004,-1,8215,7004,8214,-1,8214,7004,7005,-1,8214,7005,7006,-1,7009,8216,7008,-1,7008,8216,8217,-1,7012,7013,8218,-1,8218,7013,7014,-1,8218,7014,8217,-1,8217,7014,7011,-1,8217,7011,7008,-1,7015,8219,7018,-1,7018,8219,8220,-1,7022,7019,8221,-1,8221,7019,7016,-1,8221,7016,8220,-1,8220,7016,7017,-1,8220,7017,7018,-1,7021,8222,7020,-1,7020,8222,8223,-1,7024,7025,8224,-1,8224,7025,7026,-1,8224,7026,8223,-1,8223,7026,7023,-1,8223,7023,7020,-1,7027,8225,7030,-1,7030,8225,8226,-1,7034,7031,8227,-1,8227,7031,7028,-1,8227,7028,8226,-1,8226,7028,7029,-1,8226,7029,7030,-1,7033,8228,7032,-1,7032,8228,8229,-1,7036,7037,8230,-1,8230,7037,7038,-1,8230,7038,8229,-1,8229,7038,7035,-1,8229,7035,7032,-1,7039,8231,7042,-1,7042,8231,8232,-1,7046,7043,8233,-1,8233,7043,7040,-1,8233,7040,8232,-1,8232,7040,7041,-1,8232,7041,7042,-1,7045,8234,7044,-1,7044,8234,8235,-1,8236,7050,8235,-1,8235,7050,7047,-1,8235,7047,7044,-1,8237,7048,8236,-1,8236,7048,7049,-1,8236,7049,7050,-1,7052,7053,8238,-1,8238,7053,7054,-1,8238,7054,8237,-1,8237,7054,7051,-1,8237,7051,7048,-1,7055,8239,7058,-1,7058,8239,8240,-1,7062,7059,8241,-1,8241,7059,7056,-1,8241,7056,8240,-1,8240,7056,7057,-1,8240,7057,7058,-1,7061,8242,7060,-1,7060,8242,8243,-1,7064,7065,8244,-1,8244,7065,7066,-1,8244,7066,8243,-1,8243,7066,7063,-1,8243,7063,7060,-1,7067,8245,7070,-1,7070,8245,8246,-1,7074,7071,8247,-1,8247,7071,7068,-1,8247,7068,8246,-1,8246,7068,7069,-1,8246,7069,7070,-1,7073,8248,7072,-1,7072,8248,8249,-1,7076,7077,8250,-1,8250,7077,7078,-1,8250,7078,8249,-1,8249,7078,7075,-1,8249,7075,7072,-1,7079,8251,7082,-1,7082,8251,8252,-1,7086,7083,8253,-1,8253,7083,7080,-1,8253,7080,8252,-1,8252,7080,7081,-1,8252,7081,7082,-1,7085,8254,7084,-1,7084,8254,8255,-1,7088,7089,8256,-1,8256,7089,7090,-1,8256,7090,8255,-1,8255,7090,7087,-1,8255,7087,7084,-1,7091,8257,7094,-1,7094,8257,8258,-1,7098,7095,8259,-1,8259,7095,7092,-1,8259,7092,8258,-1,8258,7092,7093,-1,8258,7093,7094,-1,7097,8260,7096,-1,7096,8260,8261,-1,7100,7101,8262,-1,8262,7101,7102,-1,8262,7102,8261,-1,8261,7102,7099,-1,8261,7099,7096,-1,7103,8263,7106,-1,7106,8263,8264,-1,8265,7104,8264,-1,8264,7104,7105,-1,8264,7105,7106,-1,8266,7110,8265,-1,8265,7110,7107,-1,8265,7107,7104,-1,7114,7111,8267,-1,8267,7111,7108,-1,8267,7108,8266,-1,8266,7108,7109,-1,8266,7109,7110,-1,7113,8268,7112,-1,7112,8268,8269,-1,7116,7117,8270,-1,8270,7117,7118,-1,8270,7118,8269,-1,8269,7118,7115,-1,8269,7115,7112,-1,7119,8271,7122,-1,7122,8271,8272,-1,7126,7123,8273,-1,8273,7123,7120,-1,8273,7120,8272,-1,8272,7120,7121,-1,8272,7121,7122,-1,7125,8274,7124,-1,7124,8274,8275,-1,7128,7129,8276,-1,8276,7129,7130,-1,8276,7130,8275,-1,8275,7130,7127,-1,8275,7127,7124,-1,7131,8277,7134,-1,7134,8277,8278,-1,7138,7135,8279,-1,8279,7135,7132,-1,8279,7132,8278,-1,8278,7132,7133,-1,8278,7133,7134,-1,7137,8280,7136,-1,7136,8280,8281,-1,7140,7141,8282,-1,8282,7141,7142,-1,8282,7142,8281,-1,8281,7142,7139,-1,8281,7139,7136,-1,7143,8283,7146,-1,7146,8283,8284,-1,7150,7147,8285,-1,8285,7147,7144,-1,8285,7144,8284,-1,8284,7144,7145,-1,8284,7145,7146,-1,7149,8286,7148,-1,7148,8286,8287,-1,8288,7154,8287,-1,8287,7154,7151,-1,8287,7151,7148,-1,7158,7155,8289,-1,8289,7155,7152,-1,8289,7152,8288,-1,8288,7152,7153,-1,8288,7153,7154,-1,7157,8290,7156,-1,7156,8290,8291,-1,8292,7162,8291,-1,8291,7162,7159,-1,8291,7159,7156,-1,7166,7163,8293,-1,8293,7163,7160,-1,8293,7160,8292,-1,8292,7160,7161,-1,8292,7161,7162,-1,7165,8294,7164,-1,7164,8294,8295,-1,7168,7169,8296,-1,8296,7169,7170,-1,8296,7170,8295,-1,8295,7170,7167,-1,8295,7167,7164,-1,7171,8297,7174,-1,7174,8297,8298,-1,7178,7175,8299,-1,8299,7175,7172,-1,8299,7172,8298,-1,8298,7172,7173,-1,8298,7173,7174,-1,7177,8300,7176,-1,7176,8300,8301,-1,7180,7181,8302,-1,8302,7181,7182,-1,8302,7182,8301,-1,8301,7182,7179,-1,8301,7179,7176,-1,7183,8303,7186,-1,7186,8303,8304,-1,7190,7187,8305,-1,8305,7187,7184,-1,8305,7184,8304,-1,8304,7184,7185,-1,8304,7185,7186,-1,7189,8306,7188,-1,7188,8306,8307,-1,7192,7193,8308,-1,8308,7193,7194,-1,8308,7194,8307,-1,8307,7194,7191,-1,8307,7191,7188,-1,7195,8309,7198,-1,7198,8309,8310,-1,7202,7199,8311,-1,8311,7199,7196,-1,8311,7196,8310,-1,8310,7196,7197,-1,8310,7197,7198,-1,7201,8312,7200,-1,7200,8312,8313,-1,7204,7205,8314,-1,8314,7205,7206,-1,8314,7206,8313,-1,8313,7206,7203,-1,8313,7203,7200,-1,7207,8315,7210,-1,7210,8315,8316,-1,8317,7208,8316,-1,8316,7208,7209,-1,8316,7209,7210,-1,8318,7214,8317,-1,8317,7214,7211,-1,8317,7211,7208,-1,7218,7215,8319,-1,8319,7215,7212,-1,8319,7212,8318,-1,8318,7212,7213,-1,8318,7213,7214,-1,7217,8320,7216,-1,7216,8320,8321,-1,7220,7221,8322,-1,8322,7221,7222,-1,8322,7222,8321,-1,8321,7222,7219,-1,8321,7219,7216,-1,7223,8323,7226,-1,7226,8323,8324,-1,7230,7227,8325,-1,8325,7227,7224,-1,8325,7224,8324,-1,8324,7224,7225,-1,8324,7225,7226,-1,7229,8326,7228,-1,7228,8326,8327,-1,7232,7233,8328,-1,8328,7233,7234,-1,8328,7234,8327,-1,8327,7234,7231,-1,8327,7231,7228,-1,7235,8329,7238,-1,7238,8329,8330,-1,7242,7239,8331,-1,8331,7239,7236,-1,8331,7236,8330,-1,8330,7236,7237,-1,8330,7237,7238,-1,7241,8332,7240,-1,7240,8332,8333,-1,7244,7245,8334,-1,8334,7245,7246,-1,8334,7246,8333,-1,8333,7246,7243,-1,8333,7243,7240,-1,7247,8335,7250,-1,7250,8335,8336,-1,7254,7251,8337,-1,8337,7251,7248,-1,8337,7248,8336,-1,8336,7248,7249,-1,8336,7249,7250,-1,7253,8338,7252,-1,7252,8338,8339,-1,8340,7258,8339,-1,8339,7258,7255,-1,8339,7255,7252,-1,8341,7256,8340,-1,8340,7256,7257,-1,8340,7257,7258,-1,8342,7262,8341,-1,8341,7262,7259,-1,8341,7259,7256,-1,8343,7260,8342,-1,8342,7260,7261,-1,8342,7261,7262,-1,8344,7266,8343,-1,8343,7266,7263,-1,8343,7263,7260,-1,8345,7264,8344,-1,8344,7264,7265,-1,8344,7265,7266,-1,8346,7270,8345,-1,8345,7270,7267,-1,8345,7267,7264,-1,8347,7268,8346,-1,8346,7268,7269,-1,8346,7269,7270,-1,7272,7273,8348,-1,8348,7273,7274,-1,8348,7274,8347,-1,8347,7274,7271,-1,8347,7271,7268,-1,7275,8349,7278,-1,7278,8349,8350,-1,7282,7279,8351,-1,8351,7279,7276,-1,8351,7276,8350,-1,8350,7276,7277,-1,8350,7277,7278,-1,7281,8352,7280,-1,7280,8352,8353,-1,7284,7285,8354,-1,8354,7285,7286,-1,8354,7286,8353,-1,8353,7286,7283,-1,8353,7283,7280,-1,7287,8355,7290,-1,7290,8355,8356,-1,7294,7291,8357,-1,8357,7291,7288,-1,8357,7288,8356,-1,8356,7288,7289,-1,8356,7289,7290,-1,7293,8358,7292,-1,7292,8358,8359,-1,7296,7297,8360,-1,8360,7297,7298,-1,8360,7298,8359,-1,8359,7298,7295,-1,8359,7295,7292,-1,7299,8361,7302,-1,7302,8361,8362,-1,7306,7303,8363,-1,8363,7303,7300,-1,8363,7300,8362,-1,8362,7300,7301,-1,8362,7301,7302,-1,7305,8364,7304,-1,7304,8364,8365,-1,7308,7309,8366,-1,8366,7309,7310,-1,8366,7310,8365,-1,8365,7310,7307,-1,8365,7307,7304,-1,7311,8367,7314,-1,7314,8367,8368,-1,8369,7312,8368,-1,8368,7312,7313,-1,8368,7313,7314,-1,8370,7318,8369,-1,8369,7318,7315,-1,8369,7315,7312,-1,7322,7319,8371,-1,8371,7319,7316,-1,8371,7316,8370,-1,8370,7316,7317,-1,8370,7317,7318,-1,7321,8372,7320,-1,7320,8372,8373,-1,7324,7325,8374,-1,8374,7325,7326,-1,8374,7326,8373,-1,8373,7326,7323,-1,8373,7323,7320,-1,7327,8375,7330,-1,7330,8375,8376,-1,7334,7331,8377,-1,8377,7331,7328,-1,8377,7328,8376,-1,8376,7328,7329,-1,8376,7329,7330,-1,7333,8378,7332,-1,7332,8378,8379,-1,7336,7337,8380,-1,8380,7337,7338,-1,8380,7338,8379,-1,8379,7338,7335,-1,8379,7335,7332,-1,7339,8381,7342,-1,7342,8381,8382,-1,7346,7343,8383,-1,8383,7343,7340,-1,8383,7340,8382,-1,8382,7340,7341,-1,8382,7341,7342,-1,7345,8384,7344,-1,7344,8384,8385,-1,7348,7349,8386,-1,8386,7349,7350,-1,8386,7350,8385,-1,8385,7350,7347,-1,8385,7347,7344,-1,7351,8387,7354,-1,7354,8387,8388,-1,7358,7355,8389,-1,8389,7355,7352,-1,8389,7352,8388,-1,8388,7352,7353,-1,8388,7353,7354,-1,7357,8390,7356,-1,7356,8390,8391,-1,7360,7361,8392,-1,8392,7361,7362,-1,8392,7362,8391,-1,8391,7362,7359,-1,8391,7359,7356,-1,7363,8393,7366,-1,7366,8393,8394,-1,7370,7367,8395,-1,8395,7367,7364,-1,8395,7364,8394,-1,8394,7364,7365,-1,8394,7365,7366,-1,7369,8396,7368,-1,7368,8396,8397,-1,8398,7374,8397,-1,8397,7374,7371,-1,8397,7371,7368,-1,8399,7372,8398,-1,8398,7372,7373,-1,8398,7373,7374,-1,7376,7377,8400,-1,8400,7377,7378,-1,8400,7378,8399,-1,8399,7378,7375,-1,8399,7375,7372,-1,7379,8401,7382,-1,7382,8401,8402,-1,7386,7383,8403,-1,8403,7383,7380,-1,8403,7380,8402,-1,8402,7380,7381,-1,8402,7381,7382,-1,7385,8404,7384,-1,7384,8404,8405,-1,7388,7389,8406,-1,8406,7389,7390,-1,8406,7390,8405,-1,8405,7390,7387,-1,8405,7387,7384,-1,7391,8407,7394,-1,7394,8407,8408,-1,7398,7395,8409,-1,8409,7395,7392,-1,8409,7392,8408,-1,8408,7392,7393,-1,8408,7393,7394,-1,7397,8410,7396,-1,7396,8410,8411,-1,7400,7401,8412,-1,8412,7401,7402,-1,8412,7402,8411,-1,8411,7402,7399,-1,8411,7399,7396,-1,7403,8413,7406,-1,7406,8413,8414,-1,7410,7407,8415,-1,8415,7407,7404,-1,8415,7404,8414,-1,8414,7404,7405,-1,8414,7405,7406,-1,7409,8416,7408,-1,7408,8416,8417,-1,7412,7413,8418,-1,8418,7413,7414,-1,8418,7414,8417,-1,8417,7414,7411,-1,8417,7411,7408,-1,7415,8419,7418,-1,7418,8419,8420,-1,8421,7416,8420,-1,8420,7416,7417,-1,8420,7417,7418,-1,7420,7421,8422,-1,8422,7421,7422,-1,8422,7422,8421,-1,8421,7422,7419,-1,8421,7419,7416,-1,7423,8423,7426,-1,7426,8423,8424,-1,8425,7424,8424,-1,8424,7424,7425,-1,8424,7425,7426,-1,7428,7429,8426,-1,8426,7429,7430,-1,8426,7430,8425,-1,8425,7430,7427,-1,8425,7427,7424,-1,7431,8427,7434,-1,7434,8427,8428,-1,7438,7435,8429,-1,8429,7435,7432,-1,8429,7432,8428,-1,8428,7432,7433,-1,8428,7433,7434,-1,7437,8430,7436,-1,7436,8430,8431,-1,7440,7441,8432,-1,8432,7441,7442,-1,8432,7442,8431,-1,8431,7442,7439,-1,8431,7439,7436,-1,7443,8433,7446,-1,7446,8433,8434,-1,7450,7447,8435,-1,8435,7447,7444,-1,8435,7444,8434,-1,8434,7444,7445,-1,8434,7445,7446,-1,7449,8436,7448,-1,7448,8436,8437,-1,7452,7453,8438,-1,8438,7453,7454,-1,8438,7454,8437,-1,8437,7454,7451,-1,8437,7451,7448,-1,7455,8439,7458,-1,7458,8439,8440,-1,7462,7459,8441,-1,8441,7459,7456,-1,8441,7456,8440,-1,8440,7456,7457,-1,8440,7457,7458,-1,7461,8442,7460,-1,7460,8442,8443,-1,7464,7465,8444,-1,8444,7465,7466,-1,8444,7466,8443,-1,8443,7466,7463,-1,8443,7463,7460,-1,7467,8445,7470,-1,7470,8445,8446,-1,7474,7471,8447,-1,8447,7471,7468,-1,8447,7468,8446,-1,8446,7468,7469,-1,8446,7469,7470,-1,7473,8448,7472,-1,7472,8448,8449,-1,8450,7478,8449,-1,8449,7478,7475,-1,8449,7475,7472,-1,8451,7476,8450,-1,8450,7476,7477,-1,8450,7477,7478,-1,7480,7481,8452,-1,8452,7481,7482,-1,8452,7482,8451,-1,8451,7482,7479,-1,8451,7479,7476,-1,7483,8453,7486,-1,7486,8453,8454,-1,7490,7487,8455,-1,8455,7487,7484,-1,8455,7484,8454,-1,8454,7484,7485,-1,8454,7485,7486,-1,7491,8456,7492,-1,7492,8456,8457,-1,7496,7493,8458,-1,8458,7493,7489,-1,8458,7489,8457,-1,8457,7489,7488,-1,8457,7488,7492,-1,7495,8459,7494,-1,7494,8459,8460,-1,7501,7500,8461,-1,8461,7500,7499,-1,8461,7499,8460,-1,8460,7499,7497,-1,8460,7497,7494,-1,7498,8462,7503,-1,7503,8462,8463,-1,7507,7502,8464,-1,8464,7502,7505,-1,8464,7505,8463,-1,8463,7505,7504,-1,8463,7504,7503,-1,7508,8465,7509,-1,7509,8465,8466,-1,7513,7512,8467,-1,8467,7512,7511,-1,8467,7511,8466,-1,8466,7511,7506,-1,8466,7506,7509,-1,7510,8468,7515,-1,7515,8468,8469,-1,7519,7514,8470,-1,8470,7514,7517,-1,8470,7517,8469,-1,8469,7517,7516,-1,8469,7516,7515,-1,7520,8471,7521,-1,7521,8471,8472,-1,8473,7523,8472,-1,8472,7523,7518,-1,8472,7518,7521,-1,8474,7525,8473,-1,8473,7525,7524,-1,8473,7524,7523,-1,8475,7527,8474,-1,8474,7527,7522,-1,8474,7522,7525,-1,8476,7529,8475,-1,8475,7529,7528,-1,8475,7528,7527,-1,8477,7531,8476,-1,8476,7531,7526,-1,8476,7526,7529,-1,8478,7533,8477,-1,8477,7533,7532,-1,8477,7532,7531,-1,8479,7535,8478,-1,8478,7535,7530,-1,8478,7530,7533,-1,8480,7537,8479,-1,8479,7537,7536,-1,8479,7536,7535,-1,7541,7540,8481,-1,8481,7540,7539,-1,8481,7539,8480,-1,8480,7539,7534,-1,8480,7534,7537,-1,7538,8482,7543,-1,7543,8482,8483,-1,7547,7542,8484,-1,8484,7542,7545,-1,8484,7545,8483,-1,8483,7545,7544,-1,8483,7544,7543,-1,7548,8485,7549,-1,7549,8485,8486,-1,7553,7552,8487,-1,8487,7552,7551,-1,8487,7551,8486,-1,8486,7551,7546,-1,8486,7546,7549,-1,7550,8488,7555,-1,7555,8488,8489,-1,7559,7554,8490,-1,8490,7554,7557,-1,8490,7557,8489,-1,8489,7557,7556,-1,8489,7556,7555,-1,7560,8491,7561,-1,7561,8491,8492,-1,7565,7564,8493,-1,8493,7564,7563,-1,8493,7563,8492,-1,8492,7563,7558,-1,8492,7558,7561,-1,7562,8494,7567,-1,7567,8494,8495,-1,7571,7566,8496,-1,8496,7566,7569,-1,8496,7569,8495,-1,8495,7569,7568,-1,8495,7568,7567,-1,7572,8497,7573,-1,7573,8497,8498,-1,7577,7576,8499,-1,8499,7576,7575,-1,8499,7575,8498,-1,8498,7575,7570,-1,8498,7570,7573,-1,7574,8500,7579,-1,7579,8500,8501,-1,8502,7581,8501,-1,8501,7581,7580,-1,8501,7580,7579,-1,8503,7583,8502,-1,8502,7583,7578,-1,8502,7578,7581,-1,7587,7582,8504,-1,8504,7582,7585,-1,8504,7585,8503,-1,8503,7585,7584,-1,8503,7584,7583,-1,7588,8505,7589,-1,7589,8505,8506,-1,7593,7592,8507,-1,8507,7592,7591,-1,8507,7591,8506,-1,8506,7591,7586,-1,8506,7586,7589,-1,7590,8508,7595,-1,7595,8508,8509,-1,7599,7594,8510,-1,8510,7594,7597,-1,8510,7597,8509,-1,8509,7597,7596,-1,8509,7596,7595,-1,7600,8511,7601,-1,7601,8511,8512,-1,7605,7604,8513,-1,8513,7604,7603,-1,8513,7603,8512,-1,8512,7603,7598,-1,8512,7598,7601,-1,7602,8514,7606,-1,7606,8514,8515,-1,7610,7609,8516,-1,8516,7609,7608,-1,8516,7608,8515,-1,8515,7608,7607,-1,8515,7607,7606,-1,7611,8517,7613,-1,7613,8517,8518,-1,7617,7612,8519,-1,8519,7612,7615,-1,8519,7615,8518,-1,8518,7615,7614,-1,8518,7614,7613,-1,7618,8520,7619,-1,7619,8520,8521,-1,7622,7621,8522,-1,8522,7621,7620,-1,8522,7620,8521,-1,8521,7620,7616,-1,8521,7616,7619,-1,7623,8523,7624,-1,7624,8523,8524,-1,7629,7628,8525,-1,8525,7628,7627,-1,8525,7627,8524,-1,8524,7627,7625,-1,8524,7625,7624,-1,7626,8526,7631,-1,7631,8526,8527,-1,7634,7630,8528,-1,8528,7630,7633,-1,8528,7633,8527,-1,8527,7633,7632,-1,8527,7632,7631,-1,7635,8529,7636,-1,7636,8529,8530,-1,8531,7638,8530,-1,8530,7638,7637,-1,8530,7637,7636,-1,8532,7640,8531,-1,8531,7640,7639,-1,8531,7639,7638,-1,7645,7643,8533,-1,8533,7643,7642,-1,8533,7642,8532,-1,8532,7642,7641,-1,8532,7641,7640,-1,7646,8534,7647,-1,7647,8534,8535,-1,7650,7649,8536,-1,8536,7649,7648,-1,8536,7648,8535,-1,8535,7648,7644,-1,8535,7644,7647,-1,7651,8537,7652,-1,7652,8537,8538,-1,7656,7655,8539,-1,8539,7655,7654,-1,8539,7654,8538,-1,8538,7654,7653,-1,8538,7653,7652,-1,7657,8540,7659,-1,7659,8540,8541,-1,7662,7658,8542,-1,8542,7658,7661,-1,8542,7661,8541,-1,8541,7661,7660,-1,8541,7660,7659,-1,7663,8543,7664,-1,7664,8543,8544,-1,7668,7667,8545,-1,8545,7667,7666,-1,8545,7666,8544,-1,8544,7666,7665,-1,8544,7665,7664,-1,7669,8546,7670,-1,7670,8546,8547,-1,7674,7673,8548,-1,8548,7673,7672,-1,8548,7672,8547,-1,8547,7672,7671,-1,8547,7671,7670,-1,7675,8549,7676,-1,7676,8549,8550,-1,7680,7679,8551,-1,8551,7679,7678,-1,8551,7678,8550,-1,8550,7678,7677,-1,8550,7677,7676,-1,7681,8552,7682,-1,7682,8552,8553,-1,8554,7684,8553,-1,8553,7684,7683,-1,8553,7683,7682,-1,7688,7687,8555,-1,8555,7687,7686,-1,8555,7686,8554,-1,8554,7686,7685,-1,8554,7685,7684,-1,7689,8556,7690,-1,7690,8556,8557,-1,8558,7692,8557,-1,8557,7692,7691,-1,8557,7691,7690,-1,7696,7695,8559,-1,8559,7695,7694,-1,8559,7694,8558,-1,8558,7694,7693,-1,8558,7693,7692,-1,7697,8560,7698,-1,7698,8560,8561,-1,7702,7701,8562,-1,8562,7701,7700,-1,8562,7700,8561,-1,8561,7700,7699,-1,8561,7699,7698,-1,7703,8563,7704,-1,7704,8563,8564,-1,7708,7707,8565,-1,8565,7707,7706,-1,8565,7706,8564,-1,8564,7706,7705,-1,8564,7705,7704,-1,7709,8566,7710,-1,7710,8566,8567,-1,7710,8567,7711,-1,7711,8567,7712,-1,7712,8567,8568,-1,7712,8568,7713,-1,621,7807,8568,-1,8568,7807,7714,-1,8568,7714,7713,-1,7718,7717,7806,-1,7806,7717,7716,-1,7806,7716,7807,-1,7807,7716,7715,-1,7807,7715,7714,-1,7719,7718,7805,-1,7805,7718,7806,-1,7805,7806,681,-1,681,7806,683,-1,687,7804,7805,-1,7805,7804,7720,-1,7805,7720,7719,-1,7724,7723,7803,-1,7803,7723,7722,-1,7803,7722,7804,-1,7804,7722,7721,-1,7804,7721,7720,-1,7725,7724,7802,-1,7802,7724,7803,-1,7802,7803,692,-1,692,7803,693,-1,698,7801,7802,-1,7802,7801,7726,-1,7802,7726,7725,-1,7730,7729,7789,-1,7789,7729,7728,-1,7789,7728,7801,-1,7801,7728,7727,-1,7801,7727,7726,-1,7731,7730,7800,-1,7800,7730,7789,-1,7800,7789,699,-1,699,7789,700,-1,704,7798,7800,-1,7800,7798,7732,-1,7800,7732,7731,-1,7736,7735,7799,-1,7799,7735,7734,-1,7799,7734,7798,-1,7798,7734,7733,-1,7798,7733,7732,-1,7737,7736,7797,-1,7797,7736,7799,-1,7797,7799,716,-1,716,7799,709,-1,721,7796,7797,-1,7797,7796,7738,-1,7797,7738,7737,-1,7742,7741,7794,-1,7794,7741,7740,-1,7794,7740,7796,-1,7796,7740,7739,-1,7796,7739,7738,-1,7743,7742,7795,-1,7795,7742,7794,-1,7795,7794,727,-1,727,7794,728,-1,735,7793,7795,-1,7795,7793,7744,-1,7795,7744,7743,-1,7748,7747,7792,-1,7792,7747,7746,-1,7792,7746,7793,-1,7793,7746,7745,-1,7793,7745,7744,-1,7749,7748,7790,-1,7790,7748,7792,-1,7790,7792,611,-1,611,7792,612,-1,7749,7790,7750,-1,7750,7790,7791,-1,7750,7791,7751,-1,7751,7791,748,-1,7751,748,7752,-1,7752,748,747,-1,7752,747,746,-1,1058,1385,7809,-1,7809,1385,1387,-1,7809,1387,7813,-1,7813,1387,1389,-1,7813,1389,7814,-1,1397,7816,1395,-1,1395,7816,7815,-1,1395,7815,1393,-1,1393,7815,7814,-1,1393,7814,1391,-1,1391,7814,1389,-1,1397,1399,7816,-1,7816,1399,7817,-1,7816,7817,6208,-1,6208,7817,6211,-1,1407,7819,1405,-1,1405,7819,7818,-1,1405,7818,1403,-1,1403,7818,7817,-1,1403,7817,1401,-1,1401,7817,1399,-1,1407,1409,7819,-1,7819,1409,7820,-1,7819,7820,6218,-1,6218,7820,6217,-1,1417,7822,1415,-1,1415,7822,7821,-1,1415,7821,1413,-1,1413,7821,7820,-1,1413,7820,1411,-1,1411,7820,1409,-1,1417,1419,7822,-1,7822,1419,7823,-1,7822,7823,6220,-1,6220,7823,6223,-1,1427,7825,1425,-1,1425,7825,7824,-1,1425,7824,1423,-1,1423,7824,7823,-1,1423,7823,1421,-1,1421,7823,1419,-1,1427,1429,7825,-1,7825,1429,7826,-1,7825,7826,6230,-1,6230,7826,6229,-1,1435,7828,1381,-1,1381,7828,7827,-1,1381,7827,1382,-1,1382,7827,7826,-1,1382,7826,1430,-1,1430,7826,1429,-1,1435,1434,7828,-1,7828,1434,7829,-1,7828,7829,6232,-1,6232,7829,6235,-1,1443,7831,1442,-1,1442,7831,7830,-1,1442,7830,1439,-1,1439,7830,7829,-1,1439,7829,1437,-1,1437,7829,1434,-1,1443,1445,7831,-1,7831,1445,7832,-1,7831,7832,6242,-1,6242,7832,6241,-1,1451,7834,1377,-1,1377,7834,7833,-1,1377,7833,1378,-1,1378,7833,7832,-1,1378,7832,1448,-1,1448,7832,1445,-1,1451,1450,7834,-1,7834,1450,7835,-1,7834,7835,6244,-1,6244,7835,6247,-1,1450,1453,7835,-1,7835,1453,1375,-1,7835,1375,7836,-1,7836,1375,1374,-1,7836,1374,7837,-1,7837,1374,1459,-1,7837,1459,7838,-1,7838,1459,1457,-1,1457,1456,7838,-1,7838,1456,7839,-1,7838,7839,6252,-1,6252,7839,6255,-1,1456,1465,7839,-1,7839,1465,1467,-1,7839,1467,7840,-1,7840,1467,1469,-1,7840,1469,7841,-1,1464,7842,1473,-1,1473,7842,7841,-1,1473,7841,1471,-1,1471,7841,1469,-1,1464,1463,7842,-1,7842,1463,7843,-1,7842,7843,6260,-1,6260,7843,6263,-1,1482,7845,1481,-1,1481,7845,7844,-1,1481,7844,1478,-1,1478,7844,7843,-1,1478,7843,1476,-1,1476,7843,1463,-1,1482,1484,7845,-1,7845,1484,7846,-1,7845,7846,6270,-1,6270,7846,6269,-1,1492,7848,1491,-1,1491,7848,7847,-1,1491,7847,1488,-1,1488,7847,7846,-1,1488,7846,1486,-1,1486,7846,1484,-1,1492,1371,7848,-1,7848,1371,7849,-1,7848,7849,6272,-1,6272,7849,6275,-1,1499,7851,1497,-1,1497,7851,7850,-1,1497,7850,1495,-1,1495,7850,7849,-1,1495,7849,1370,-1,1370,7849,1371,-1,1499,1501,7851,-1,7851,1501,7852,-1,7851,7852,6282,-1,6282,7852,6281,-1,1509,7854,1507,-1,1507,7854,7853,-1,1507,7853,1504,-1,1504,7853,7852,-1,1504,7852,1502,-1,1502,7852,1501,-1,1509,1510,7854,-1,7854,1510,7855,-1,7854,7855,6284,-1,6284,7855,6287,-1,1518,7857,1517,-1,1517,7857,7856,-1,1517,7856,1515,-1,1515,7856,7855,-1,1515,7855,1513,-1,1513,7855,1510,-1,1518,1520,7857,-1,7857,1520,7858,-1,7857,7858,6294,-1,6294,7858,6293,-1,1529,7860,1527,-1,1527,7860,7859,-1,1527,7859,1525,-1,1525,7859,7858,-1,1525,7858,1522,-1,1522,7858,1520,-1,1529,1530,7860,-1,7860,1530,7861,-1,7860,7861,6296,-1,6296,7861,6299,-1,1543,7863,1537,-1,1537,7863,7862,-1,1537,7862,1535,-1,1535,7862,7861,-1,1535,7861,1533,-1,1533,7861,1530,-1,1543,1545,7863,-1,7863,1545,7864,-1,7863,7864,6306,-1,6306,7864,6305,-1,1545,1538,7864,-1,7864,1538,1540,-1,7864,1540,7865,-1,7865,1540,1542,-1,7865,1542,7866,-1,1555,7868,1553,-1,1553,7868,7867,-1,1553,7867,1550,-1,1550,7867,7866,-1,1550,7866,1548,-1,1548,7866,1542,-1,1555,1561,7868,-1,7868,1561,7869,-1,7868,7869,6312,-1,6312,7869,6315,-1,1558,7871,1556,-1,1556,7871,7870,-1,1556,7870,1565,-1,1565,7870,7869,-1,1565,7869,1563,-1,1563,7869,1561,-1,1558,1560,7871,-1,7871,1560,7872,-1,7871,7872,6322,-1,6322,7872,6321,-1,1574,7874,1572,-1,1572,7874,7873,-1,1572,7873,1570,-1,1570,7873,7872,-1,1570,7872,1568,-1,1568,7872,1560,-1,1574,1576,7874,-1,7874,1576,7875,-1,7874,7875,6324,-1,6324,7875,6327,-1,1585,7877,1583,-1,1583,7877,7876,-1,1583,7876,1580,-1,1580,7876,7875,-1,1580,7875,1578,-1,1578,7875,1576,-1,1585,1591,7877,-1,7877,1591,7878,-1,7877,7878,6334,-1,6334,7878,6333,-1,1594,7880,1590,-1,1590,7880,7879,-1,1590,7879,1588,-1,1588,7879,7878,-1,1588,7878,1586,-1,1586,7878,1591,-1,1594,1596,7880,-1,7880,1596,7881,-1,7880,7881,6336,-1,6336,7881,6339,-1,1609,7883,1603,-1,1603,7883,7882,-1,1603,7882,1600,-1,1600,7882,7881,-1,1600,7881,1598,-1,1598,7881,1596,-1,1609,1608,7883,-1,7883,1608,7884,-1,7883,7884,6346,-1,6346,7884,6345,-1,1615,7886,1366,-1,1366,7886,7885,-1,1366,7885,1367,-1,1367,7885,7884,-1,1367,7884,1606,-1,1606,7884,1608,-1,1615,1617,7886,-1,7886,1617,7887,-1,7886,7887,6348,-1,6348,7887,6351,-1,1617,1610,7887,-1,7887,1610,1612,-1,7887,1612,7888,-1,7888,1612,1614,-1,7888,1614,7889,-1,7889,1614,1620,-1,7889,1620,7890,-1,7890,1620,1622,-1,1622,1624,7890,-1,7890,1624,1626,-1,7890,1626,7891,-1,7891,1626,1629,-1,7891,1629,7892,-1,7892,1629,1631,-1,7892,1631,7893,-1,1631,1632,7893,-1,7893,1632,1634,-1,7893,1634,7894,-1,7894,1634,1636,-1,7894,1636,7895,-1,7895,1636,1638,-1,1646,7897,1644,-1,1644,7897,7896,-1,1644,7896,1642,-1,1642,7896,7895,-1,1642,7895,1640,-1,1640,7895,1638,-1,1646,1648,7897,-1,7897,1648,7898,-1,7897,7898,6374,-1,6374,7898,6373,-1,1656,7900,1654,-1,1654,7900,7899,-1,1654,7899,1652,-1,1652,7899,7898,-1,1652,7898,1650,-1,1650,7898,1648,-1,1656,1658,7900,-1,7900,1658,7901,-1,7900,7901,6376,-1,6376,7901,6379,-1,1666,7903,1664,-1,1664,7903,7902,-1,1664,7902,1662,-1,1662,7902,7901,-1,1662,7901,1660,-1,1660,7901,1658,-1,1666,1668,7903,-1,7903,1668,7904,-1,7903,7904,6386,-1,6386,7904,6385,-1,1701,7906,1675,-1,1675,7906,7905,-1,1675,7905,1672,-1,1672,7905,7904,-1,1672,7904,1670,-1,1670,7904,1668,-1,1701,1700,7906,-1,7906,1700,7907,-1,7906,7907,6388,-1,6388,7907,6391,-1,1692,7909,1694,-1,1694,7909,7908,-1,1694,7908,1696,-1,1696,7908,7907,-1,1696,7907,1698,-1,1698,7907,1700,-1,1692,1690,7909,-1,7909,1690,7910,-1,7909,7910,6398,-1,6398,7910,6397,-1,1682,7912,1684,-1,1684,7912,7911,-1,1684,7911,1686,-1,1686,7911,7910,-1,1686,7910,1688,-1,1688,7910,1690,-1,1682,1680,7912,-1,7912,1680,7913,-1,7912,7913,6400,-1,6400,7913,6403,-1,1706,7915,1362,-1,1362,7915,7914,-1,1362,7914,1363,-1,1363,7914,7913,-1,1363,7913,1678,-1,1678,7913,1680,-1,1706,1708,7915,-1,7915,1708,7916,-1,7915,7916,6410,-1,6410,7916,6409,-1,1708,1705,7916,-1,7916,1705,1703,-1,7916,1703,7917,-1,7917,1703,1845,-1,7917,1845,7918,-1,1838,7920,1840,-1,1840,7920,7919,-1,1840,7919,1842,-1,1842,7919,7918,-1,1842,7918,1844,-1,1844,7918,1845,-1,1838,1836,7920,-1,7920,1836,7921,-1,7920,7921,6416,-1,6416,7921,6419,-1,1828,7923,1830,-1,1830,7923,7922,-1,1830,7922,1832,-1,1832,7922,7921,-1,1832,7921,1834,-1,1834,7921,1836,-1,1828,1826,7923,-1,7923,1826,7924,-1,7923,7924,6426,-1,6426,7924,6425,-1,1818,7926,1820,-1,1820,7926,7925,-1,1820,7925,1822,-1,1822,7925,7924,-1,1822,7924,1824,-1,1824,7924,1826,-1,1818,1816,7926,-1,7926,1816,7927,-1,7926,7927,6428,-1,6428,7927,6431,-1,1808,7929,1810,-1,1810,7929,7928,-1,1810,7928,1812,-1,1812,7928,7927,-1,1812,7927,1814,-1,1814,7927,1816,-1,1808,1806,7929,-1,7929,1806,7930,-1,7929,7930,6438,-1,6438,7930,6437,-1,1798,7932,1800,-1,1800,7932,7931,-1,1800,7931,1802,-1,1802,7931,7930,-1,1802,7930,1804,-1,1804,7930,1806,-1,1798,1796,7932,-1,7932,1796,7933,-1,7932,7933,6440,-1,6440,7933,6443,-1,1788,7935,1790,-1,1790,7935,7934,-1,1790,7934,1792,-1,1792,7934,7933,-1,1792,7933,1794,-1,1794,7933,1796,-1,1788,1786,7935,-1,7935,1786,7936,-1,7935,7936,6450,-1,6450,7936,6449,-1,1778,7938,1780,-1,1780,7938,7937,-1,1780,7937,1782,-1,1782,7937,7936,-1,1782,7936,1784,-1,1784,7936,1786,-1,1778,1776,7938,-1,7938,1776,7939,-1,7938,7939,6452,-1,6452,7939,6455,-1,1768,7941,1770,-1,1770,7941,7940,-1,1770,7940,1772,-1,1772,7940,7939,-1,1772,7939,1774,-1,1774,7939,1776,-1,1768,1766,7941,-1,7941,1766,7942,-1,7941,7942,6462,-1,6462,7942,6461,-1,1766,1764,7942,-1,7942,1764,1762,-1,7942,1762,7943,-1,7943,1762,1760,-1,7943,1760,7944,-1,7944,1760,1758,-1,7944,1758,7945,-1,7945,1758,1756,-1,1756,1754,7945,-1,7945,1754,1752,-1,7945,1752,7946,-1,7946,1752,1750,-1,7946,1750,7947,-1,1742,7949,1744,-1,1744,7949,7948,-1,1744,7948,1746,-1,1746,7948,7947,-1,1746,7947,1748,-1,1748,7947,1750,-1,1742,1740,7949,-1,7949,1740,7950,-1,7949,7950,6478,-1,6478,7950,6477,-1,1732,7952,1734,-1,1734,7952,7951,-1,1734,7951,1736,-1,1736,7951,7950,-1,1736,7950,1738,-1,1738,7950,1740,-1,1732,1730,7952,-1,7952,1730,7953,-1,7952,7953,6480,-1,6480,7953,6483,-1,1722,7955,1724,-1,1724,7955,7954,-1,1724,7954,1726,-1,1726,7954,7953,-1,1726,7953,1728,-1,1728,7953,1730,-1,1722,1720,7955,-1,7955,1720,7956,-1,7955,7956,6490,-1,6490,7956,6489,-1,1712,7958,1714,-1,1714,7958,7957,-1,1714,7957,1716,-1,1716,7957,7956,-1,1716,7956,1718,-1,1718,7956,1720,-1,1712,2101,7958,-1,7958,2101,7959,-1,7958,7959,6492,-1,6492,7959,6495,-1,2093,7961,2095,-1,2095,7961,7960,-1,2095,7960,2097,-1,2097,7960,7959,-1,2097,7959,2099,-1,2099,7959,2101,-1,2093,2091,7961,-1,7961,2091,7962,-1,7961,7962,6502,-1,6502,7962,6501,-1,2083,7964,2085,-1,2085,7964,7963,-1,2085,7963,2087,-1,2087,7963,7962,-1,2087,7962,2089,-1,2089,7962,2091,-1,2083,2081,7964,-1,7964,2081,7965,-1,7964,7965,6504,-1,6504,7965,6507,-1,2073,7967,2075,-1,2075,7967,7966,-1,2075,7966,2077,-1,2077,7966,7965,-1,2077,7965,2079,-1,2079,7965,2081,-1,2073,2071,7967,-1,7967,2071,7968,-1,7967,7968,6514,-1,6514,7968,6513,-1,2071,2069,7968,-1,7968,2069,2067,-1,7968,2067,7969,-1,7969,2067,2065,-1,7969,2065,7970,-1,7970,2065,2063,-1,7970,2063,7971,-1,2057,7972,2059,-1,2059,7972,7971,-1,2059,7971,2061,-1,2061,7971,2063,-1,2057,2055,7972,-1,7972,2055,7973,-1,7972,7973,6520,-1,6520,7973,6523,-1,2047,7975,2049,-1,2049,7975,7974,-1,2049,7974,2051,-1,2051,7974,7973,-1,2051,7973,2053,-1,2053,7973,2055,-1,2047,2045,7975,-1,7975,2045,7976,-1,7975,7976,6530,-1,6530,7976,6529,-1,2037,7978,2039,-1,2039,7978,7977,-1,2039,7977,2041,-1,2041,7977,7976,-1,2041,7976,2043,-1,2043,7976,2045,-1,2037,2035,7978,-1,7978,2035,7979,-1,7978,7979,6532,-1,6532,7979,6535,-1,2027,7981,2029,-1,2029,7981,7980,-1,2029,7980,2031,-1,2031,7980,7979,-1,2031,7979,2033,-1,2033,7979,2035,-1,2027,2025,7981,-1,7981,2025,7982,-1,7981,7982,6542,-1,6542,7982,6541,-1,2017,7984,2019,-1,2019,7984,7983,-1,2019,7983,2021,-1,2021,7983,7982,-1,2021,7982,2023,-1,2023,7982,2025,-1,2017,2015,7984,-1,7984,2015,7985,-1,7984,7985,6544,-1,6544,7985,6547,-1,2007,7987,2009,-1,2009,7987,7986,-1,2009,7986,2011,-1,2011,7986,7985,-1,2011,7985,2013,-1,2013,7985,2015,-1,2007,2005,7987,-1,7987,2005,7988,-1,7987,7988,6554,-1,6554,7988,6553,-1,1997,7990,1999,-1,1999,7990,7989,-1,1999,7989,2001,-1,2001,7989,7988,-1,2001,7988,2003,-1,2003,7988,2005,-1,1997,1995,7990,-1,7990,1995,7991,-1,7990,7991,6556,-1,6556,7991,6559,-1,1987,7993,1989,-1,1989,7993,7992,-1,1989,7992,1991,-1,1991,7992,7991,-1,1991,7991,1993,-1,1993,7991,1995,-1,1987,1985,7993,-1,7993,1985,7994,-1,7993,7994,6566,-1,6566,7994,6565,-1,1977,7996,1979,-1,1979,7996,7995,-1,1979,7995,1981,-1,1981,7995,7994,-1,1981,7994,1983,-1,1983,7994,1985,-1,1977,1975,7996,-1,7996,1975,7997,-1,7996,7997,6568,-1,6568,7997,6571,-1,1975,1973,7997,-1,7997,1973,1971,-1,7997,1971,7998,-1,7998,1971,1969,-1,7998,1969,7999,-1,1961,8001,1963,-1,1963,8001,8000,-1,1963,8000,1965,-1,1965,8000,7999,-1,1965,7999,1967,-1,1967,7999,1969,-1,1961,1959,8001,-1,8001,1959,8002,-1,8001,8002,6582,-1,6582,8002,6581,-1,1951,8004,1953,-1,1953,8004,8003,-1,1953,8003,1955,-1,1955,8003,8002,-1,1955,8002,1957,-1,1957,8002,1959,-1,1951,1949,8004,-1,8004,1949,8005,-1,8004,8005,6584,-1,6584,8005,6587,-1,1941,8007,1943,-1,1943,8007,8006,-1,1943,8006,1945,-1,1945,8006,8005,-1,1945,8005,1947,-1,1947,8005,1949,-1,1941,1939,8007,-1,8007,1939,8008,-1,8007,8008,6594,-1,6594,8008,6593,-1,1931,8010,1933,-1,1933,8010,8009,-1,1933,8009,1935,-1,1935,8009,8008,-1,1935,8008,1937,-1,1937,8008,1939,-1,1931,1929,8010,-1,8010,1929,8011,-1,8010,8011,6596,-1,6596,8011,6599,-1,1921,8013,1923,-1,1923,8013,8012,-1,1923,8012,1925,-1,1925,8012,8011,-1,1925,8011,1927,-1,1927,8011,1929,-1,1921,1919,8013,-1,8013,1919,8014,-1,8013,8014,6606,-1,6606,8014,6605,-1,1911,8016,1913,-1,1913,8016,8015,-1,1913,8015,1915,-1,1915,8015,8014,-1,1915,8014,1917,-1,1917,8014,1919,-1,1911,1909,8016,-1,8016,1909,8017,-1,8016,8017,6608,-1,6608,8017,6611,-1,1901,8019,1903,-1,1903,8019,8018,-1,1903,8018,1905,-1,1905,8018,8017,-1,1905,8017,1907,-1,1907,8017,1909,-1,1901,1899,8019,-1,8019,1899,8020,-1,8019,8020,6618,-1,6618,8020,6617,-1,1899,1897,8020,-1,8020,1897,1895,-1,8020,1895,8021,-1,8021,1895,1893,-1,8021,1893,8022,-1,8022,1893,1891,-1,8022,1891,8023,-1,8023,1891,1889,-1,1889,1887,8023,-1,8023,1887,8024,-1,8023,8024,6626,-1,6626,8024,6625,-1,1887,1885,8024,-1,8024,1885,1883,-1,8024,1883,8025,-1,8025,1883,1881,-1,8025,1881,8026,-1,1875,8027,1877,-1,1877,8027,8026,-1,1877,8026,1879,-1,1879,8026,1881,-1,1875,1873,8027,-1,8027,1873,8028,-1,8027,8028,6634,-1,6634,8028,6633,-1,1865,8030,1867,-1,1867,8030,8029,-1,1867,8029,1869,-1,1869,8029,8028,-1,1869,8028,1871,-1,1871,8028,1873,-1,1865,1863,8030,-1,8030,1863,8031,-1,8030,8031,6636,-1,6636,8031,6639,-1,1855,8033,1857,-1,1857,8033,8032,-1,1857,8032,1859,-1,1859,8032,8031,-1,1859,8031,1861,-1,1861,8031,1863,-1,1855,1853,8033,-1,8033,1853,8034,-1,8033,8034,6646,-1,6646,8034,6645,-1,1846,8036,1847,-1,1847,8036,8035,-1,1847,8035,1849,-1,1849,8035,8034,-1,1849,8034,1851,-1,1851,8034,1853,-1,1846,2104,8036,-1,8036,2104,8037,-1,8036,8037,6648,-1,6648,8037,6651,-1,2111,8039,2110,-1,2110,8039,8038,-1,2110,8038,2107,-1,2107,8038,8037,-1,2107,8037,2106,-1,2106,8037,2104,-1,2111,2113,8039,-1,8039,2113,8040,-1,8039,8040,6658,-1,6658,8040,6657,-1,2120,8042,1359,-1,1359,8042,8041,-1,1359,8041,1360,-1,1360,8041,8040,-1,1360,8040,2115,-1,2115,8040,2113,-1,2120,2119,8042,-1,8042,2119,8043,-1,8042,8043,6660,-1,6660,8043,6663,-1,2128,8045,2127,-1,2127,8045,8044,-1,2127,8044,2124,-1,2124,8044,8043,-1,2124,8043,2122,-1,2122,8043,2119,-1,2128,2130,8045,-1,8045,2130,8046,-1,8045,8046,6670,-1,6670,8046,6669,-1,2134,8048,1355,-1,1355,8048,8047,-1,1355,8047,1356,-1,1356,8047,8046,-1,1356,8046,2133,-1,2133,8046,2130,-1,2134,2136,8048,-1,8048,2136,8049,-1,8048,8049,6672,-1,6672,8049,6675,-1,2136,2138,8049,-1,8049,2138,1353,-1,8049,1353,8050,-1,8050,1353,1352,-1,8050,1352,8051,-1,2147,8053,2141,-1,2141,8053,8052,-1,2141,8052,2142,-1,2142,8052,8051,-1,2142,8051,2144,-1,2144,8051,1352,-1,2147,2149,8053,-1,8053,2149,8054,-1,8053,8054,6686,-1,6686,8054,6685,-1,2157,8056,2159,-1,2159,8056,8055,-1,2159,8055,2153,-1,2153,8055,8054,-1,2153,8054,2151,-1,2151,8054,2149,-1,2157,2155,8056,-1,8056,2155,8057,-1,8056,8057,6688,-1,6688,8057,6691,-1,2167,8059,2166,-1,2166,8059,8058,-1,2166,8058,2164,-1,2164,8058,8057,-1,2164,8057,2154,-1,2154,8057,2155,-1,2167,2169,8059,-1,8059,2169,8060,-1,8059,8060,6698,-1,6698,8060,6697,-1,2177,8062,2176,-1,2176,8062,8061,-1,2176,8061,2173,-1,2173,8061,8060,-1,2173,8060,2171,-1,2171,8060,2169,-1,2177,1349,8062,-1,8062,1349,8063,-1,8062,8063,6700,-1,6700,8063,6703,-1,2184,8065,2182,-1,2182,8065,8064,-1,2182,8064,2180,-1,2180,8064,8063,-1,2180,8063,1348,-1,1348,8063,1349,-1,2184,2186,8065,-1,8065,2186,8066,-1,8065,8066,6710,-1,6710,8066,6709,-1,2194,8068,2192,-1,2192,8068,8067,-1,2192,8067,2189,-1,2189,8067,8066,-1,2189,8066,2187,-1,2187,8066,2186,-1,2194,2195,8068,-1,8068,2195,8069,-1,8068,8069,6712,-1,6712,8069,6715,-1,2203,8071,2202,-1,2202,8071,8070,-1,2202,8070,2200,-1,2200,8070,8069,-1,2200,8069,2198,-1,2198,8069,2195,-1,2203,2205,8071,-1,8071,2205,8072,-1,8071,8072,6722,-1,6722,8072,6721,-1,2213,8074,2212,-1,2212,8074,8073,-1,2212,8073,2210,-1,2210,8073,8072,-1,2210,8072,2207,-1,2207,8072,2205,-1,2213,2215,8074,-1,8074,2215,8075,-1,8074,8075,6724,-1,6724,8075,6727,-1,2215,2218,8075,-1,8075,2218,2220,-1,8075,2220,8076,-1,8076,2220,2222,-1,8076,2222,8077,-1,8077,2222,2224,-1,8077,2224,8078,-1,8078,2224,2230,-1,2230,2225,8078,-1,8078,2225,2227,-1,8078,2227,8079,-1,8079,2227,2229,-1,8079,2229,8080,-1,2240,8082,2238,-1,2238,8082,8081,-1,2238,8081,2235,-1,2235,8081,8080,-1,2235,8080,2233,-1,2233,8080,2229,-1,2240,2246,8082,-1,8082,2246,8083,-1,8082,8083,6740,-1,6740,8083,6743,-1,2243,8085,2241,-1,2241,8085,8084,-1,2241,8084,2250,-1,2250,8084,8083,-1,2250,8083,2248,-1,2248,8083,2246,-1,2243,2245,8085,-1,8085,2245,8086,-1,8085,8086,6750,-1,6750,8086,6749,-1,2259,8088,2257,-1,2257,8088,8087,-1,2257,8087,2255,-1,2255,8087,8086,-1,2255,8086,2253,-1,2253,8086,2245,-1,2259,2261,8088,-1,8088,2261,8089,-1,8088,8089,6752,-1,6752,8089,6755,-1,2270,8091,2268,-1,2268,8091,8090,-1,2268,8090,2265,-1,2265,8090,8089,-1,2265,8089,2263,-1,2263,8089,2261,-1,2270,2276,8091,-1,8091,2276,8092,-1,8091,8092,6762,-1,6762,8092,6761,-1,2279,8094,2275,-1,2275,8094,8093,-1,2275,8093,2273,-1,2273,8093,8092,-1,2273,8092,2271,-1,2271,8092,2276,-1,2279,2281,8094,-1,8094,2281,8095,-1,8094,8095,6764,-1,6764,8095,6767,-1,2294,8097,2288,-1,2288,8097,8096,-1,2288,8096,2285,-1,2285,8096,8095,-1,2285,8095,2283,-1,2283,8095,2281,-1,2294,2293,8097,-1,8097,2293,8098,-1,8097,8098,6774,-1,6774,8098,6773,-1,2300,8100,1344,-1,1344,8100,8099,-1,1344,8099,1345,-1,1345,8099,8098,-1,1345,8098,2291,-1,2291,8098,2293,-1,2300,2302,8100,-1,8100,2302,8101,-1,8100,8101,6776,-1,6776,8101,6779,-1,2302,2295,8101,-1,8101,2295,2297,-1,8101,2297,8102,-1,8102,2297,2299,-1,8102,2299,8103,-1,8103,2299,2310,-1,8103,2310,8104,-1,2316,8105,2314,-1,2314,8105,8104,-1,2314,8104,2312,-1,2312,8104,2310,-1,2316,2318,8105,-1,8105,2318,8106,-1,8105,8106,6790,-1,6790,8106,6789,-1,2307,8108,2305,-1,2305,8108,8107,-1,2305,8107,2322,-1,2322,8107,8106,-1,2322,8106,2320,-1,2320,8106,2318,-1,2307,2309,8108,-1,8108,2309,8109,-1,8108,8109,6792,-1,6792,8109,6795,-1,2331,8111,2329,-1,2329,8111,8110,-1,2329,8110,2327,-1,2327,8110,8109,-1,2327,8109,2325,-1,2325,8109,2309,-1,2331,2333,8111,-1,8111,2333,8112,-1,8111,8112,6802,-1,6802,8112,6801,-1,2341,8114,2339,-1,2339,8114,8113,-1,2339,8113,2337,-1,2337,8113,8112,-1,2337,8112,2335,-1,2335,8112,2333,-1,2341,2343,8114,-1,8114,2343,8115,-1,8114,8115,6804,-1,6804,8115,6807,-1,2351,8117,2349,-1,2349,8117,8116,-1,2349,8116,2347,-1,2347,8116,8115,-1,2347,8115,2345,-1,2345,8115,2343,-1,2351,2353,8117,-1,8117,2353,8118,-1,8117,8118,6814,-1,6814,8118,6813,-1,2361,8120,2359,-1,2359,8120,8119,-1,2359,8119,2357,-1,2357,8119,8118,-1,2357,8118,2355,-1,2355,8118,2353,-1,2361,2363,8120,-1,8120,2363,8121,-1,8120,8121,6816,-1,6816,8121,6819,-1,2371,8123,2369,-1,2369,8123,8122,-1,2369,8122,2367,-1,2367,8122,8121,-1,2367,8121,2365,-1,2365,8121,2363,-1,2371,2373,8123,-1,8123,2373,8124,-1,8123,8124,6826,-1,6826,8124,6825,-1,2386,8126,2380,-1,2380,8126,8125,-1,2380,8125,2377,-1,2377,8125,8124,-1,2377,8124,2375,-1,2375,8124,2373,-1,2386,2385,8126,-1,8126,2385,8127,-1,8126,8127,6828,-1,6828,8127,6831,-1,2391,8129,1340,-1,1340,8129,8128,-1,1340,8128,1341,-1,1341,8128,8127,-1,1341,8127,2383,-1,2383,8127,2385,-1,2391,2393,8129,-1,8129,2393,8130,-1,8129,8130,6838,-1,6838,8130,6837,-1,2393,2390,8130,-1,8130,2390,2388,-1,8130,2388,8131,-1,8131,2388,2516,-1,8131,2516,8132,-1,2509,8134,2511,-1,2511,8134,8133,-1,2511,8133,2513,-1,2513,8133,8132,-1,2513,8132,2515,-1,2515,8132,2516,-1,2509,2507,8134,-1,8134,2507,8135,-1,8134,8135,6844,-1,6844,8135,6847,-1,2499,8137,2501,-1,2501,8137,8136,-1,2501,8136,2503,-1,2503,8136,8135,-1,2503,8135,2505,-1,2505,8135,2507,-1,2499,2497,8137,-1,8137,2497,8138,-1,8137,8138,6854,-1,6854,8138,6853,-1,2489,8140,2491,-1,2491,8140,8139,-1,2491,8139,2493,-1,2493,8139,8138,-1,2493,8138,2495,-1,2495,8138,2497,-1,2489,2487,8140,-1,8140,2487,8141,-1,8140,8141,6856,-1,6856,8141,6859,-1,2479,8143,2481,-1,2481,8143,8142,-1,2481,8142,2483,-1,2483,8142,8141,-1,2483,8141,2485,-1,2485,8141,2487,-1,2479,2477,8143,-1,8143,2477,8144,-1,8143,8144,6866,-1,6866,8144,6865,-1,2469,8146,2471,-1,2471,8146,8145,-1,2471,8145,2473,-1,2473,8145,8144,-1,2473,8144,2475,-1,2475,8144,2477,-1,2469,2467,8146,-1,8146,2467,8147,-1,8146,8147,6868,-1,6868,8147,6871,-1,2459,8149,2461,-1,2461,8149,8148,-1,2461,8148,2463,-1,2463,8148,8147,-1,2463,8147,2465,-1,2465,8147,2467,-1,2459,2457,8149,-1,8149,2457,8150,-1,8149,8150,6878,-1,6878,8150,6877,-1,2449,8152,2451,-1,2451,8152,8151,-1,2451,8151,2453,-1,2453,8151,8150,-1,2453,8150,2455,-1,2455,8150,2457,-1,2449,2447,8152,-1,8152,2447,8153,-1,8152,8153,6880,-1,6880,8153,6883,-1,2447,2445,8153,-1,8153,2445,2443,-1,8153,2443,8154,-1,8154,2443,2441,-1,8154,2441,8155,-1,8155,2441,2439,-1,8155,2439,8156,-1,8156,2439,2437,-1,2437,2435,8156,-1,8156,2435,8157,-1,8156,8157,6888,-1,6888,8157,6891,-1,2435,2433,8157,-1,8157,2433,2431,-1,8157,2431,8158,-1,8158,2431,2429,-1,8158,2429,8159,-1,2423,8160,2425,-1,2425,8160,8159,-1,2425,8159,2427,-1,2427,8159,2429,-1,2423,2421,8160,-1,8160,2421,8161,-1,8160,8161,6896,-1,6896,8161,6899,-1,2413,8163,2415,-1,2415,8163,8162,-1,2415,8162,2417,-1,2417,8162,8161,-1,2417,8161,2419,-1,2419,8161,2421,-1,2413,2411,8163,-1,8163,2411,8164,-1,8163,8164,6906,-1,6906,8164,6905,-1,2403,8166,2405,-1,2405,8166,8165,-1,2405,8165,2407,-1,2407,8165,8164,-1,2407,8164,2409,-1,2409,8164,2411,-1,2403,2401,8166,-1,8166,2401,8167,-1,8166,8167,6908,-1,6908,8167,6911,-1,2770,8169,2772,-1,2772,8169,8168,-1,2772,8168,2397,-1,2397,8168,8167,-1,2397,8167,2399,-1,2399,8167,2401,-1,2770,2768,8169,-1,8169,2768,8170,-1,8169,8170,6918,-1,6918,8170,6917,-1,2760,8172,2762,-1,2762,8172,8171,-1,2762,8171,2764,-1,2764,8171,8170,-1,2764,8170,2766,-1,2766,8170,2768,-1,2760,2758,8172,-1,8172,2758,8173,-1,8172,8173,6920,-1,6920,8173,6923,-1,2750,8175,2752,-1,2752,8175,8174,-1,2752,8174,2754,-1,2754,8174,8173,-1,2754,8173,2756,-1,2756,8173,2758,-1,2750,2748,8175,-1,8175,2748,8176,-1,8175,8176,6930,-1,6930,8176,6929,-1,2740,8178,2742,-1,2742,8178,8177,-1,2742,8177,2744,-1,2744,8177,8176,-1,2744,8176,2746,-1,2746,8176,2748,-1,2740,2738,8178,-1,8178,2738,8179,-1,8178,8179,6932,-1,6932,8179,6935,-1,2730,8181,2732,-1,2732,8181,8180,-1,2732,8180,2734,-1,2734,8180,8179,-1,2734,8179,2736,-1,2736,8179,2738,-1,2730,2728,8181,-1,8181,2728,8182,-1,8181,8182,6942,-1,6942,8182,6941,-1,2728,2726,8182,-1,8182,2726,2724,-1,8182,2724,8183,-1,8183,2724,2722,-1,8183,2722,8184,-1,2714,8186,2716,-1,2716,8186,8185,-1,2716,8185,2718,-1,2718,8185,8184,-1,2718,8184,2720,-1,2720,8184,2722,-1,2714,2712,8186,-1,8186,2712,8187,-1,8186,8187,6948,-1,6948,8187,6951,-1,2704,8189,2706,-1,2706,8189,8188,-1,2706,8188,2708,-1,2708,8188,8187,-1,2708,8187,2710,-1,2710,8187,2712,-1,2704,2702,8189,-1,8189,2702,8190,-1,8189,8190,6958,-1,6958,8190,6957,-1,2694,8192,2696,-1,2696,8192,8191,-1,2696,8191,2698,-1,2698,8191,8190,-1,2698,8190,2700,-1,2700,8190,2702,-1,2694,2692,8192,-1,8192,2692,8193,-1,8192,8193,6960,-1,6960,8193,6963,-1,2684,8195,2686,-1,2686,8195,8194,-1,2686,8194,2688,-1,2688,8194,8193,-1,2688,8193,2690,-1,2690,8193,2692,-1,2684,2682,8195,-1,8195,2682,8196,-1,8195,8196,6970,-1,6970,8196,6969,-1,2674,8198,2676,-1,2676,8198,8197,-1,2676,8197,2678,-1,2678,8197,8196,-1,2678,8196,2680,-1,2680,8196,2682,-1,2674,2672,8198,-1,8198,2672,8199,-1,8198,8199,6972,-1,6972,8199,6975,-1,2664,8201,2666,-1,2666,8201,8200,-1,2666,8200,2668,-1,2668,8200,8199,-1,2668,8199,2670,-1,2670,8199,2672,-1,2664,2662,8201,-1,8201,2662,8202,-1,8201,8202,6982,-1,6982,8202,6981,-1,2654,8204,2656,-1,2656,8204,8203,-1,2656,8203,2658,-1,2658,8203,8202,-1,2658,8202,2660,-1,2660,8202,2662,-1,2654,2652,8204,-1,8204,2652,8205,-1,8204,8205,6984,-1,6984,8205,6987,-1,2644,8207,2646,-1,2646,8207,8206,-1,2646,8206,2648,-1,2648,8206,8205,-1,2648,8205,2650,-1,2650,8205,2652,-1,2644,2642,8207,-1,8207,2642,8208,-1,8207,8208,6994,-1,6994,8208,6993,-1,2642,2640,8208,-1,8208,2640,2638,-1,8208,2638,8209,-1,8209,2638,2636,-1,8209,2636,8210,-1,8210,2636,2634,-1,8210,2634,8211,-1,8211,2634,2632,-1,2632,2630,8211,-1,8211,2630,2628,-1,8211,2628,8212,-1,8212,2628,2626,-1,8212,2626,8213,-1,2618,8215,2620,-1,2620,8215,8214,-1,2620,8214,2622,-1,2622,8214,8213,-1,2622,8213,2624,-1,2624,8213,2626,-1,2618,2616,8215,-1,8215,2616,8216,-1,8215,8216,7010,-1,7010,8216,7009,-1,2608,8218,2610,-1,2610,8218,8217,-1,2610,8217,2612,-1,2612,8217,8216,-1,2612,8216,2614,-1,2614,8216,2616,-1,2608,2606,8218,-1,8218,2606,8219,-1,8218,8219,7012,-1,7012,8219,7015,-1,2598,8221,2600,-1,2600,8221,8220,-1,2600,8220,2602,-1,2602,8220,8219,-1,2602,8219,2604,-1,2604,8219,2606,-1,2598,2596,8221,-1,8221,2596,8222,-1,8221,8222,7022,-1,7022,8222,7021,-1,2588,8224,2590,-1,2590,8224,8223,-1,2590,8223,2592,-1,2592,8223,8222,-1,2592,8222,2594,-1,2594,8222,2596,-1,2588,2586,8224,-1,8224,2586,8225,-1,8224,8225,7024,-1,7024,8225,7027,-1,2578,8227,2580,-1,2580,8227,8226,-1,2580,8226,2582,-1,2582,8226,8225,-1,2582,8225,2584,-1,2584,8225,2586,-1,2578,2576,8227,-1,8227,2576,8228,-1,8227,8228,7034,-1,7034,8228,7033,-1,2568,8230,2570,-1,2570,8230,8229,-1,2570,8229,2572,-1,2572,8229,8228,-1,2572,8228,2574,-1,2574,8228,2576,-1,2568,2566,8230,-1,8230,2566,8231,-1,8230,8231,7036,-1,7036,8231,7039,-1,2558,8233,2560,-1,2560,8233,8232,-1,2560,8232,2562,-1,2562,8232,8231,-1,2562,8231,2564,-1,2564,8231,2566,-1,2558,2556,8233,-1,8233,2556,8234,-1,8233,8234,7046,-1,7046,8234,7045,-1,2556,2554,8234,-1,8234,2554,2552,-1,8234,2552,8235,-1,8235,2552,2550,-1,8235,2550,8236,-1,8236,2550,2548,-1,8236,2548,8237,-1,2542,8238,2544,-1,2544,8238,8237,-1,2544,8237,2546,-1,2546,8237,2548,-1,2542,2540,8238,-1,8238,2540,8239,-1,8238,8239,7052,-1,7052,8239,7055,-1,2532,8241,2534,-1,2534,8241,8240,-1,2534,8240,2536,-1,2536,8240,8239,-1,2536,8239,2538,-1,2538,8239,2540,-1,2532,2530,8241,-1,8241,2530,8242,-1,8241,8242,7062,-1,7062,8242,7061,-1,2522,8244,2524,-1,2524,8244,8243,-1,2524,8243,2526,-1,2526,8243,8242,-1,2526,8242,2528,-1,2528,8242,2530,-1,2522,2520,8244,-1,8244,2520,8245,-1,8244,8245,7064,-1,7064,8245,7067,-1,2776,8247,2775,-1,2775,8247,8246,-1,2775,8246,2517,-1,2517,8246,8245,-1,2517,8245,2518,-1,2518,8245,2520,-1,2776,2778,8247,-1,8247,2778,8248,-1,8247,8248,7074,-1,7074,8248,7073,-1,2786,8250,2785,-1,2785,8250,8249,-1,2785,8249,2782,-1,2782,8249,8248,-1,2782,8248,2780,-1,2780,8248,2778,-1,2786,2789,8250,-1,8250,2789,8251,-1,8250,8251,7076,-1,7076,8251,7079,-1,2796,8253,2795,-1,2795,8253,8252,-1,2795,8252,2792,-1,2792,8252,8251,-1,2792,8251,2791,-1,2791,8251,2789,-1,2796,2798,8253,-1,8253,2798,8254,-1,8253,8254,7086,-1,7086,8254,7085,-1,2804,8256,1336,-1,1336,8256,8255,-1,1336,8255,1337,-1,1337,8255,8254,-1,1337,8254,2801,-1,2801,8254,2798,-1,2804,2803,8256,-1,8256,2803,8257,-1,8256,8257,7088,-1,7088,8257,7091,-1,2812,8259,2811,-1,2811,8259,8258,-1,2811,8258,2808,-1,2808,8258,8257,-1,2808,8257,2806,-1,2806,8257,2803,-1,2812,2814,8259,-1,8259,2814,8260,-1,8259,8260,7098,-1,7098,8260,7097,-1,2818,8262,1332,-1,1332,8262,8261,-1,1332,8261,1333,-1,1333,8261,8260,-1,1333,8260,2817,-1,2817,8260,2814,-1,2818,2820,8262,-1,8262,2820,8263,-1,8262,8263,7100,-1,7100,8263,7103,-1,2820,2822,8263,-1,8263,2822,1330,-1,8263,1330,8264,-1,8264,1330,1329,-1,8264,1329,8265,-1,2832,8267,2830,-1,2830,8267,8266,-1,2830,8266,2827,-1,2827,8266,8265,-1,2827,8265,2825,-1,2825,8265,1329,-1,2832,2833,8267,-1,8267,2833,8268,-1,8267,8268,7114,-1,7114,8268,7113,-1,2841,8270,2843,-1,2843,8270,8269,-1,2843,8269,2837,-1,2837,8269,8268,-1,2837,8268,2835,-1,2835,8268,2833,-1,2841,2839,8270,-1,8270,2839,8271,-1,8270,8271,7116,-1,7116,8271,7119,-1,2851,8273,2850,-1,2850,8273,8272,-1,2850,8272,2848,-1,2848,8272,8271,-1,2848,8271,2838,-1,2838,8271,2839,-1,2851,2853,8273,-1,8273,2853,8274,-1,8273,8274,7126,-1,7126,8274,7125,-1,2861,8276,2860,-1,2860,8276,8275,-1,2860,8275,2857,-1,2857,8275,8274,-1,2857,8274,2855,-1,2855,8274,2853,-1,2861,1326,8276,-1,8276,1326,8277,-1,8276,8277,7128,-1,7128,8277,7131,-1,2868,8279,2866,-1,2866,8279,8278,-1,2866,8278,2864,-1,2864,8278,8277,-1,2864,8277,1325,-1,1325,8277,1326,-1,2868,2870,8279,-1,8279,2870,8280,-1,8279,8280,7138,-1,7138,8280,7137,-1,2882,8282,2876,-1,2876,8282,8281,-1,2876,8281,2873,-1,2873,8281,8280,-1,2873,8280,2871,-1,2871,8280,2870,-1,2882,2881,8282,-1,8282,2881,8283,-1,8282,8283,7140,-1,7140,8283,7143,-1,2888,8285,1321,-1,1321,8285,8284,-1,1321,8284,1322,-1,1322,8284,8283,-1,1322,8283,2879,-1,2879,8283,2881,-1,2888,2890,8285,-1,8285,2890,8286,-1,8285,8286,7150,-1,7150,8286,7149,-1,2890,2883,8286,-1,8286,2883,2885,-1,8286,2885,8287,-1,8287,2885,2887,-1,8287,2887,8288,-1,8288,2887,2893,-1,8288,2893,8289,-1,8289,2893,2895,-1,2895,2898,8289,-1,8289,2898,8290,-1,8289,8290,7158,-1,7158,8290,7157,-1,2898,2900,8290,-1,8290,2900,2906,-1,8290,2906,8291,-1,8291,2906,2908,-1,8291,2908,8292,-1,2903,8293,2901,-1,2901,8293,8292,-1,2901,8292,2910,-1,2910,8292,2908,-1,2903,2905,8293,-1,8293,2905,8294,-1,8293,8294,7166,-1,7166,8294,7165,-1,2919,8296,2917,-1,2917,8296,8295,-1,2917,8295,2915,-1,2915,8295,8294,-1,2915,8294,2913,-1,2913,8294,2905,-1,2919,2921,8296,-1,8296,2921,8297,-1,8296,8297,7168,-1,7168,8297,7171,-1,2930,8299,2928,-1,2928,8299,8298,-1,2928,8298,2925,-1,2925,8298,8297,-1,2925,8297,2923,-1,2923,8297,2921,-1,2930,2931,8299,-1,8299,2931,8300,-1,8299,8300,7178,-1,7178,8300,7177,-1,2939,8302,2937,-1,2937,8302,8301,-1,2937,8301,2935,-1,2935,8301,8300,-1,2935,8300,2933,-1,2933,8300,2931,-1,2939,2941,8302,-1,8302,2941,8303,-1,8302,8303,7180,-1,7180,8303,7183,-1,2950,8305,2948,-1,2948,8305,8304,-1,2948,8304,2945,-1,2945,8304,8303,-1,2945,8303,2943,-1,2943,8303,2941,-1,2950,2956,8305,-1,8305,2956,8306,-1,8305,8306,7190,-1,7190,8306,7189,-1,2959,8308,2955,-1,2955,8308,8307,-1,2955,8307,2953,-1,2953,8307,8306,-1,2953,8306,2951,-1,2951,8306,2956,-1,2959,2961,8308,-1,8308,2961,8309,-1,8308,8309,7192,-1,7192,8309,7195,-1,2974,8311,2968,-1,2968,8311,8310,-1,2968,8310,2965,-1,2965,8310,8309,-1,2965,8309,2963,-1,2963,8309,2961,-1,2974,2973,8311,-1,8311,2973,8312,-1,8311,8312,7202,-1,7202,8312,7201,-1,2980,8314,1317,-1,1317,8314,8313,-1,1317,8313,1318,-1,1318,8313,8312,-1,1318,8312,2971,-1,2971,8312,2973,-1,2980,2982,8314,-1,8314,2982,8315,-1,8314,8315,7204,-1,7204,8315,7207,-1,2982,2975,8315,-1,8315,2975,2977,-1,8315,2977,8316,-1,8316,2977,2979,-1,8316,2979,8317,-1,2996,8319,2994,-1,2994,8319,8318,-1,2994,8318,2992,-1,2992,8318,8317,-1,2992,8317,2990,-1,2990,8317,2979,-1,2996,2998,8319,-1,8319,2998,8320,-1,8319,8320,7218,-1,7218,8320,7217,-1,2987,8322,2985,-1,2985,8322,8321,-1,2985,8321,3002,-1,3002,8321,8320,-1,3002,8320,3000,-1,3000,8320,2998,-1,2987,2989,8322,-1,8322,2989,8323,-1,8322,8323,7220,-1,7220,8323,7223,-1,3011,8325,3009,-1,3009,8325,8324,-1,3009,8324,3007,-1,3007,8324,8323,-1,3007,8323,3005,-1,3005,8323,2989,-1,3011,3013,8325,-1,8325,3013,8326,-1,8325,8326,7230,-1,7230,8326,7229,-1,3021,8328,3019,-1,3019,8328,8327,-1,3019,8327,3017,-1,3017,8327,8326,-1,3017,8326,3015,-1,3015,8326,3013,-1,3021,3023,8328,-1,8328,3023,8329,-1,8328,8329,7232,-1,7232,8329,7235,-1,3031,8331,3029,-1,3029,8331,8330,-1,3029,8330,3027,-1,3027,8330,8329,-1,3027,8329,3025,-1,3025,8329,3023,-1,3031,3033,8331,-1,8331,3033,8332,-1,8331,8332,7242,-1,7242,8332,7241,-1,3041,8334,3039,-1,3039,8334,8333,-1,3039,8333,3037,-1,3037,8333,8332,-1,3037,8332,3035,-1,3035,8332,3033,-1,3041,3043,8334,-1,8334,3043,8335,-1,8334,8335,7244,-1,7244,8335,7247,-1,3051,8337,3049,-1,3049,8337,8336,-1,3049,8336,3047,-1,3047,8336,8335,-1,3047,8335,3045,-1,3045,8335,3043,-1,3051,3053,8337,-1,8337,3053,8338,-1,8337,8338,7254,-1,7254,8338,7253,-1,3053,3055,8338,-1,8338,3055,3057,-1,8338,3057,8339,-1,8339,3057,3059,-1,8339,3059,8340,-1,8340,3059,3061,-1,8340,3061,8341,-1,8341,3061,3063,-1,3063,3065,8341,-1,8341,3065,3067,-1,8341,3067,8342,-1,8342,3067,3070,-1,8342,3070,8343,-1,8343,3070,3072,-1,8343,3072,8344,-1,8344,3072,3077,-1,3077,3076,8344,-1,8344,3076,3074,-1,8344,3074,8345,-1,8345,3074,3180,-1,8345,3180,8346,-1,3173,8348,3175,-1,3175,8348,8347,-1,3175,8347,3177,-1,3177,8347,8346,-1,3177,8346,3179,-1,3179,8346,3180,-1,3173,3171,8348,-1,8348,3171,8349,-1,8348,8349,7272,-1,7272,8349,7275,-1,3163,8351,3165,-1,3165,8351,8350,-1,3165,8350,3167,-1,3167,8350,8349,-1,3167,8349,3169,-1,3169,8349,3171,-1,3163,3161,8351,-1,8351,3161,8352,-1,8351,8352,7282,-1,7282,8352,7281,-1,3153,8354,3155,-1,3155,8354,8353,-1,3155,8353,3157,-1,3157,8353,8352,-1,3157,8352,3159,-1,3159,8352,3161,-1,3153,3151,8354,-1,8354,3151,8355,-1,8354,8355,7284,-1,7284,8355,7287,-1,3143,8357,3145,-1,3145,8357,8356,-1,3145,8356,3147,-1,3147,8356,8355,-1,3147,8355,3149,-1,3149,8355,3151,-1,3143,3141,8357,-1,8357,3141,8358,-1,8357,8358,7294,-1,7294,8358,7293,-1,3133,8360,3135,-1,3135,8360,8359,-1,3135,8359,3137,-1,3137,8359,8358,-1,3137,8358,3139,-1,3139,8358,3141,-1,3133,3131,8360,-1,8360,3131,8361,-1,8360,8361,7296,-1,7296,8361,7299,-1,3123,8363,3125,-1,3125,8363,8362,-1,3125,8362,3127,-1,3127,8362,8361,-1,3127,8361,3129,-1,3129,8361,3131,-1,3123,3121,8363,-1,8363,3121,8364,-1,8363,8364,7306,-1,7306,8364,7305,-1,3113,8366,3115,-1,3115,8366,8365,-1,3115,8365,3117,-1,3117,8365,8364,-1,3117,8364,3119,-1,3119,8364,3121,-1,3113,3111,8366,-1,8366,3111,8367,-1,8366,8367,7308,-1,7308,8367,7311,-1,3111,3109,8367,-1,8367,3109,3107,-1,8367,3107,8368,-1,8368,3107,3105,-1,8368,3105,8369,-1,3097,8371,3099,-1,3099,8371,8370,-1,3099,8370,3101,-1,3101,8370,8369,-1,3101,8369,3103,-1,3103,8369,3105,-1,3097,3095,8371,-1,8371,3095,8372,-1,8371,8372,7322,-1,7322,8372,7321,-1,3087,8374,3089,-1,3089,8374,8373,-1,3089,8373,3091,-1,3091,8373,8372,-1,3091,8372,3093,-1,3093,8372,3095,-1,3087,3085,8374,-1,8374,3085,8375,-1,8374,8375,7324,-1,7324,8375,7327,-1,3437,8377,3439,-1,3439,8377,8376,-1,3439,8376,3081,-1,3081,8376,8375,-1,3081,8375,3083,-1,3083,8375,3085,-1,3437,3435,8377,-1,8377,3435,8378,-1,8377,8378,7334,-1,7334,8378,7333,-1,3427,8380,3429,-1,3429,8380,8379,-1,3429,8379,3431,-1,3431,8379,8378,-1,3431,8378,3433,-1,3433,8378,3435,-1,3427,3425,8380,-1,8380,3425,8381,-1,8380,8381,7336,-1,7336,8381,7339,-1,3417,8383,3419,-1,3419,8383,8382,-1,3419,8382,3421,-1,3421,8382,8381,-1,3421,8381,3423,-1,3423,8381,3425,-1,3417,3415,8383,-1,8383,3415,8384,-1,8383,8384,7346,-1,7346,8384,7345,-1,3407,8386,3409,-1,3409,8386,8385,-1,3409,8385,3411,-1,3411,8385,8384,-1,3411,8384,3413,-1,3413,8384,3415,-1,3407,3405,8386,-1,8386,3405,8387,-1,8386,8387,7348,-1,7348,8387,7351,-1,3397,8389,3399,-1,3399,8389,8388,-1,3399,8388,3401,-1,3401,8388,8387,-1,3401,8387,3403,-1,3403,8387,3405,-1,3397,3395,8389,-1,8389,3395,8390,-1,8389,8390,7358,-1,7358,8390,7357,-1,3387,8392,3389,-1,3389,8392,8391,-1,3389,8391,3391,-1,3391,8391,8390,-1,3391,8390,3393,-1,3393,8390,3395,-1,3387,3385,8392,-1,8392,3385,8393,-1,8392,8393,7360,-1,7360,8393,7363,-1,3377,8395,3379,-1,3379,8395,8394,-1,3379,8394,3381,-1,3381,8394,8393,-1,3381,8393,3383,-1,3383,8393,3385,-1,3377,3375,8395,-1,8395,3375,8396,-1,8395,8396,7370,-1,7370,8396,7369,-1,3375,3373,8396,-1,8396,3373,3371,-1,8396,3371,8397,-1,8397,3371,3369,-1,8397,3369,8398,-1,3361,8400,3363,-1,3363,8400,8399,-1,3363,8399,3365,-1,3365,8399,8398,-1,3365,8398,3367,-1,3367,8398,3369,-1,3361,3359,8400,-1,8400,3359,8401,-1,8400,8401,7376,-1,7376,8401,7379,-1,3351,8403,3353,-1,3353,8403,8402,-1,3353,8402,3355,-1,3355,8402,8401,-1,3355,8401,3357,-1,3357,8401,3359,-1,3351,3349,8403,-1,8403,3349,8404,-1,8403,8404,7386,-1,7386,8404,7385,-1,3341,8406,3343,-1,3343,8406,8405,-1,3343,8405,3345,-1,3345,8405,8404,-1,3345,8404,3347,-1,3347,8404,3349,-1,3341,3339,8406,-1,8406,3339,8407,-1,8406,8407,7388,-1,7388,8407,7391,-1,3331,8409,3333,-1,3333,8409,8408,-1,3333,8408,3335,-1,3335,8408,8407,-1,3335,8407,3337,-1,3337,8407,3339,-1,3331,3329,8409,-1,8409,3329,8410,-1,8409,8410,7398,-1,7398,8410,7397,-1,3321,8412,3323,-1,3323,8412,8411,-1,3323,8411,3325,-1,3325,8411,8410,-1,3325,8410,3327,-1,3327,8410,3329,-1,3321,3319,8412,-1,8412,3319,8413,-1,8412,8413,7400,-1,7400,8413,7403,-1,3311,8415,3313,-1,3313,8415,8414,-1,3313,8414,3315,-1,3315,8414,8413,-1,3315,8413,3317,-1,3317,8413,3319,-1,3311,3309,8415,-1,8415,3309,8416,-1,8415,8416,7410,-1,7410,8416,7409,-1,3301,8418,3303,-1,3303,8418,8417,-1,3303,8417,3305,-1,3305,8417,8416,-1,3305,8416,3307,-1,3307,8416,3309,-1,3301,3299,8418,-1,8418,3299,8419,-1,8418,8419,7412,-1,7412,8419,7415,-1,3299,3297,8419,-1,8419,3297,3295,-1,8419,3295,8420,-1,8420,3295,3293,-1,8420,3293,8421,-1,8421,3293,3291,-1,8421,3291,8422,-1,8422,3291,3289,-1,3289,3287,8422,-1,8422,3287,8423,-1,8422,8423,7420,-1,7420,8423,7423,-1,3287,3285,8423,-1,8423,3285,3283,-1,8423,3283,8424,-1,8424,3283,3281,-1,8424,3281,8425,-1,3275,8426,3277,-1,3277,8426,8425,-1,3277,8425,3279,-1,3279,8425,3281,-1,3275,3273,8426,-1,8426,3273,8427,-1,8426,8427,7428,-1,7428,8427,7431,-1,3265,8429,3267,-1,3267,8429,8428,-1,3267,8428,3269,-1,3269,8428,8427,-1,3269,8427,3271,-1,3271,8427,3273,-1,3265,3263,8429,-1,8429,3263,8430,-1,8429,8430,7438,-1,7438,8430,7437,-1,3255,8432,3257,-1,3257,8432,8431,-1,3257,8431,3259,-1,3259,8431,8430,-1,3259,8430,3261,-1,3261,8430,3263,-1,3255,3253,8432,-1,8432,3253,8433,-1,8432,8433,7440,-1,7440,8433,7443,-1,3245,8435,3247,-1,3247,8435,8434,-1,3247,8434,3249,-1,3249,8434,8433,-1,3249,8433,3251,-1,3251,8433,3253,-1,3245,3243,8435,-1,8435,3243,8436,-1,8435,8436,7450,-1,7450,8436,7449,-1,3235,8438,3237,-1,3237,8438,8437,-1,3237,8437,3239,-1,3239,8437,8436,-1,3239,8436,3241,-1,3241,8436,3243,-1,3235,3233,8438,-1,8438,3233,8439,-1,8438,8439,7452,-1,7452,8439,7455,-1,3225,8441,3227,-1,3227,8441,8440,-1,3227,8440,3229,-1,3229,8440,8439,-1,3229,8439,3231,-1,3231,8439,3233,-1,3225,3223,8441,-1,8441,3223,8442,-1,8441,8442,7462,-1,7462,8442,7461,-1,3215,8444,3217,-1,3217,8444,8443,-1,3217,8443,3219,-1,3219,8443,8442,-1,3219,8442,3221,-1,3221,8442,3223,-1,3215,3213,8444,-1,8444,3213,8445,-1,8444,8445,7464,-1,7464,8445,7467,-1,3205,8447,3207,-1,3207,8447,8446,-1,3207,8446,3209,-1,3209,8446,8445,-1,3209,8445,3211,-1,3211,8445,3213,-1,3205,3203,8447,-1,8447,3203,8448,-1,8447,8448,7474,-1,7474,8448,7473,-1,3203,3201,8448,-1,8448,3201,3199,-1,8448,3199,8449,-1,8449,3199,3197,-1,8449,3197,8450,-1,3189,8452,3191,-1,3191,8452,8451,-1,3191,8451,3193,-1,3193,8451,8450,-1,3193,8450,3195,-1,3195,8450,3197,-1,3189,3187,8452,-1,8452,3187,8453,-1,8452,8453,7480,-1,7480,8453,7483,-1,3442,8455,3185,-1,3185,8455,8454,-1,3185,8454,3183,-1,3183,8454,8453,-1,3183,8453,3186,-1,3186,8453,3187,-1,3442,3441,8455,-1,8455,3441,8456,-1,8455,8456,7490,-1,7490,8456,7491,-1,3447,8458,1314,-1,1314,8458,8457,-1,1314,8457,1315,-1,1315,8457,8456,-1,1315,8456,3444,-1,3444,8456,3441,-1,3447,3449,8458,-1,8458,3449,8459,-1,8458,8459,7496,-1,7496,8459,7495,-1,3457,8461,3456,-1,3456,8461,8460,-1,3456,8460,3453,-1,3453,8460,8459,-1,3453,8459,3452,-1,3452,8459,3449,-1,3457,3459,8461,-1,8461,3459,8462,-1,8461,8462,7501,-1,7501,8462,7498,-1,3466,8464,1311,-1,1311,8464,8463,-1,1311,8463,1312,-1,1312,8463,8462,-1,1312,8462,3461,-1,3461,8462,3459,-1,3466,3465,8464,-1,8464,3465,8465,-1,8464,8465,7507,-1,7507,8465,7508,-1,3474,8467,3473,-1,3473,8467,8466,-1,3473,8466,3470,-1,3470,8466,8465,-1,3470,8465,3468,-1,3468,8465,3465,-1,3474,3476,8467,-1,8467,3476,8468,-1,8467,8468,7513,-1,7513,8468,7510,-1,3482,8470,1307,-1,1307,8470,8469,-1,1307,8469,1308,-1,1308,8469,8468,-1,1308,8468,3479,-1,3479,8468,3476,-1,3482,3481,8470,-1,8470,3481,8471,-1,8470,8471,7519,-1,7519,8471,7520,-1,3481,3484,8471,-1,8471,3484,3486,-1,8471,3486,8472,-1,8472,3486,3489,-1,8472,3489,8473,-1,8473,3489,3490,-1,8473,3490,8474,-1,8474,3490,3492,-1,3492,3495,8474,-1,8474,3495,3497,-1,8474,3497,8475,-1,8475,3497,3499,-1,8475,3499,8476,-1,8476,3499,3501,-1,8476,3501,8477,-1,3501,3502,8477,-1,8477,3502,3504,-1,8477,3504,8478,-1,8478,3504,3506,-1,8478,3506,8479,-1,8479,3506,3508,-1,3517,8481,3515,-1,3515,8481,8480,-1,3515,8480,3512,-1,3512,8480,8479,-1,3512,8479,3510,-1,3510,8479,3508,-1,3517,3518,8481,-1,8481,3518,8482,-1,8481,8482,7541,-1,7541,8482,7538,-1,3526,8484,3528,-1,3528,8484,8483,-1,3528,8483,3522,-1,3522,8483,8482,-1,3522,8482,3520,-1,3520,8482,3518,-1,3526,3524,8484,-1,8484,3524,8485,-1,8484,8485,7547,-1,7547,8485,7548,-1,3537,8487,3535,-1,3535,8487,8486,-1,3535,8486,3533,-1,3533,8486,8485,-1,3533,8485,3523,-1,3523,8485,3524,-1,3537,3539,8487,-1,8487,3539,8488,-1,8487,8488,7553,-1,7553,8488,7550,-1,3547,8490,3545,-1,3545,8490,8489,-1,3545,8489,3542,-1,3542,8489,8488,-1,3542,8488,3540,-1,3540,8488,3539,-1,3547,3553,8490,-1,8490,3553,8491,-1,8490,8491,7559,-1,7559,8491,7560,-1,3556,8493,3552,-1,3552,8493,8492,-1,3552,8492,3550,-1,3550,8492,8491,-1,3550,8491,3548,-1,3548,8491,3553,-1,3556,3558,8493,-1,8493,3558,8494,-1,8493,8494,7565,-1,7565,8494,7562,-1,3571,8496,3565,-1,3565,8496,8495,-1,3565,8495,3562,-1,3562,8495,8494,-1,3562,8494,3560,-1,3560,8494,3558,-1,3571,3570,8496,-1,8496,3570,8497,-1,8496,8497,7571,-1,7571,8497,7572,-1,3577,8499,1303,-1,1303,8499,8498,-1,1303,8498,1304,-1,1304,8498,8497,-1,1304,8497,3568,-1,3568,8497,3570,-1,3577,3579,8499,-1,8499,3579,8500,-1,8499,8500,7577,-1,7577,8500,7574,-1,3579,3572,8500,-1,8500,3572,3574,-1,8500,3574,8501,-1,8501,3574,3576,-1,8501,3576,8502,-1,3589,8504,3587,-1,3587,8504,8503,-1,3587,8503,3584,-1,3584,8503,8502,-1,3584,8502,3582,-1,3582,8502,3576,-1,3589,3595,8504,-1,8504,3595,8505,-1,8504,8505,7587,-1,7587,8505,7588,-1,3592,8507,3590,-1,3590,8507,8506,-1,3590,8506,3599,-1,3599,8506,8505,-1,3599,8505,3597,-1,3597,8505,3595,-1,3592,3594,8507,-1,8507,3594,8508,-1,8507,8508,7593,-1,7593,8508,7590,-1,3608,8510,3606,-1,3606,8510,8509,-1,3606,8509,3604,-1,3604,8509,8508,-1,3604,8508,3602,-1,3602,8508,3594,-1,3608,3610,8510,-1,8510,3610,8511,-1,8510,8511,7599,-1,7599,8511,7600,-1,3619,8513,3617,-1,3617,8513,8512,-1,3617,8512,3614,-1,3614,8512,8511,-1,3614,8511,3612,-1,3612,8511,3610,-1,3619,3620,8513,-1,8513,3620,8514,-1,8513,8514,7605,-1,7605,8514,7602,-1,3628,8516,3626,-1,3626,8516,8515,-1,3626,8515,3624,-1,3624,8515,8514,-1,3624,8514,3622,-1,3622,8514,3620,-1,3628,3630,8516,-1,8516,3630,8517,-1,8516,8517,7610,-1,7610,8517,7611,-1,3643,8519,3637,-1,3637,8519,8518,-1,3637,8518,3634,-1,3634,8518,8517,-1,3634,8517,3632,-1,3632,8517,3630,-1,3643,3642,8519,-1,8519,3642,8520,-1,8519,8520,7617,-1,7617,8520,7618,-1,3644,8522,1299,-1,1299,8522,8521,-1,1299,8521,1300,-1,1300,8521,8520,-1,1300,8520,3640,-1,3640,8520,3642,-1,3644,3646,8522,-1,8522,3646,8523,-1,8522,8523,7622,-1,7622,8523,7623,-1,3659,8525,3653,-1,3653,8525,8524,-1,3653,8524,3651,-1,3651,8524,8523,-1,3651,8523,3648,-1,3648,8523,3646,-1,3659,3658,8525,-1,8525,3658,8526,-1,8525,8526,7629,-1,7629,8526,7626,-1,3665,8528,1295,-1,1295,8528,8527,-1,1295,8527,1296,-1,1296,8527,8526,-1,1296,8526,3656,-1,3656,8526,3658,-1,3665,3667,8528,-1,8528,3667,8529,-1,8528,8529,7634,-1,7634,8529,7635,-1,3667,3660,8529,-1,8529,3660,3662,-1,8529,3662,8530,-1,8530,3662,3664,-1,8530,3664,8531,-1,3676,8533,3674,-1,3674,8533,8532,-1,3674,8532,3672,-1,3672,8532,8531,-1,3672,8531,3670,-1,3670,8531,3664,-1,3676,3678,8533,-1,8533,3678,8534,-1,8533,8534,7645,-1,7645,8534,7646,-1,3686,8536,3684,-1,3684,8536,8535,-1,3684,8535,3682,-1,3682,8535,8534,-1,3682,8534,3680,-1,3680,8534,3678,-1,3686,3688,8536,-1,8536,3688,8537,-1,8536,8537,7650,-1,7650,8537,7651,-1,3696,8539,3694,-1,3694,8539,8538,-1,3694,8538,3692,-1,3692,8538,8537,-1,3692,8537,3690,-1,3690,8537,3688,-1,3696,3698,8539,-1,8539,3698,8540,-1,8539,8540,7656,-1,7656,8540,7657,-1,3706,8542,3704,-1,3704,8542,8541,-1,3704,8541,3702,-1,3702,8541,8540,-1,3702,8540,3700,-1,3700,8540,3698,-1,3706,3708,8542,-1,8542,3708,8543,-1,8542,8543,7662,-1,7662,8543,7663,-1,3716,8545,3714,-1,3714,8545,8544,-1,3714,8544,3712,-1,3712,8544,8543,-1,3712,8543,3710,-1,3710,8543,3708,-1,3716,3718,8545,-1,8545,3718,8546,-1,8545,8546,7668,-1,7668,8546,7669,-1,3726,8548,3724,-1,3724,8548,8547,-1,3724,8547,3722,-1,3722,8547,8546,-1,3722,8546,3720,-1,3720,8546,3718,-1,3726,3728,8548,-1,8548,3728,8549,-1,8548,8549,7674,-1,7674,8549,7675,-1,3736,8551,3734,-1,3734,8551,8550,-1,3734,8550,3732,-1,3732,8550,8549,-1,3732,8549,3730,-1,3730,8549,3728,-1,3736,3738,8551,-1,8551,3738,8552,-1,8551,8552,7680,-1,7680,8552,7681,-1,3738,3740,8552,-1,8552,3740,3742,-1,8552,3742,8553,-1,8553,3742,3744,-1,8553,3744,8554,-1,8554,3744,3746,-1,8554,3746,8555,-1,8555,3746,3748,-1,3748,3750,8555,-1,8555,3750,8556,-1,8555,8556,7688,-1,7688,8556,7689,-1,3750,3752,8556,-1,8556,3752,3754,-1,8556,3754,8557,-1,8557,3754,3756,-1,8557,3756,8558,-1,3760,8559,3761,-1,3761,8559,8558,-1,3761,8558,3762,-1,3762,8558,3756,-1,3760,3759,8559,-1,8559,3759,8560,-1,8559,8560,7696,-1,7696,8560,7697,-1,3769,8562,3770,-1,3770,8562,8561,-1,3770,8561,3757,-1,3757,8561,8560,-1,3757,8560,3758,-1,3758,8560,3759,-1,3769,3768,8562,-1,8562,3768,8563,-1,8562,8563,7702,-1,7702,8563,7703,-1,3764,8565,3765,-1,3765,8565,8564,-1,3765,8564,3766,-1,3766,8564,8563,-1,3766,8563,3767,-1,3767,8563,3768,-1,3764,3775,8565,-1,8565,3775,8566,-1,8565,8566,7708,-1,7708,8566,7709,-1,3775,3774,8566,-1,8566,3774,3773,-1,8566,3773,8567,-1,8567,3773,3772,-1,8567,3772,8568,-1,8568,3772,3771,-1,8568,3771,621,-1,5932,5936,8569,-1,5929,5930,8570,-1,5925,5927,8571,-1,5922,5924,8572,-1,5919,5920,8573,-1,5916,5918,8574,-1,5909,5914,8575,-1,5912,5910,8576,-1,5906,5913,8577,-1,5904,5908,8578,-1,5901,5903,8579,-1,5898,5899,8580,-1,5886,5887,8581,-1,5883,5885,8582,-1,5880,5881,8583,-1,5877,5879,8584,-1,5874,5875,8585,-1,5871,5873,8586,-1,5868,5869,8587,-1,5865,5867,8588,-1,5862,5863,8589,-1,5859,5861,8590,-1,5856,5857,8591,-1,5853,5855,8592,-1,5850,5851,8593,-1,5847,5849,8594,-1,5844,5845,8595,-1,5841,5843,8596,-1,5838,5839,8597,-1,5835,5837,8598,-1,5832,5833,8599,-1,5829,5831,8600,-1,5826,5827,8601,-1,5823,5825,8602,-1,5820,5821,8603,-1,5817,5819,8604,-1,5814,5815,8605,-1,5811,5813,8606,-1,5808,5809,8607,-1,5805,5807,8608,-1,5802,5803,8609,-1,5799,5801,8610,-1,5796,5797,8611,-1,5793,5795,8612,-1,5790,5791,8613,-1,5787,5789,8614,-1,5784,5785,8615,-1,5781,5783,8616,-1,5778,5779,8617,-1,5775,5777,8618,-1,5772,5773,8619,-1,5769,5771,8620,-1,5766,5767,8621,-1,5754,5755,8622,-1,5751,5753,8623,-1,5748,5749,8624,-1,5745,5747,8625,-1,5742,5743,8626,-1,5739,5741,8627,-1,5736,5737,8628,-1,5727,5725,8629,-1,5730,5729,8630,-1,5722,5723,8631,-1,5718,5720,8632,-1,5715,5717,8633,-1,5712,5713,8634,-1,5709,5711,8635,-1,5704,5707,8636,-1,5706,5705,8637,-1,5411,5410,8638,-1,5401,5403,8639,-1,5398,5399,8640,-1,5395,5397,8641,-1,5392,5393,8642,-1,5389,5391,8643,-1,5386,5387,8644,-1,5383,5385,8645,-1,5380,5381,8646,-1,5377,5379,8647,-1,5374,5375,8648,-1,5371,5373,8649,-1,5368,5369,8650,-1,5365,5367,8651,-1,5362,5363,8652,-1,5359,5361,8653,-1,5356,5357,8654,-1,5353,5355,8655,-1,5350,5351,8656,-1,5347,5349,8657,-1,5344,5345,8658,-1,5341,5343,8659,-1,5338,5339,8660,-1,5335,5337,8661,-1,5332,5333,8662,-1,5329,5331,8663,-1,5326,5327,8664,-1,5323,5325,8665,-1,5320,5321,8666,-1,5317,5319,8667,-1,5314,5315,8668,-1,5311,5313,8669,-1,5308,5309,8670,-1,5305,5307,8671,-1,5302,5303,8672,-1,5299,5301,8673,-1,5296,5297,8674,-1,5293,5295,8675,-1,5290,5291,8676,-1,5287,5289,8677,-1,5284,5285,8678,-1,5281,5283,8679,-1,5278,5279,8680,-1,5275,5277,8681,-1,5272,5273,8682,-1,5269,5271,8683,-1,5266,5267,8684,-1,5263,5265,8685,-1,5260,5261,8686,-1,5257,5259,8687,-1,5254,5255,8688,-1,5251,5253,8689,-1,5248,5249,8690,-1,5245,5247,8691,-1,5242,5243,8692,-1,5239,5241,8693,-1,5236,5237,8694,-1,5233,5235,8695,-1,5230,5231,8696,-1,5218,5219,8697,-1,5215,5217,8698,-1,5212,5213,8699,-1,5209,5211,8700,-1,5204,5207,8701,-1,5206,5205,8702,-1,5200,5202,8703,-1,5197,5199,8704,-1,5194,5195,8705,-1,5191,5193,8706,-1,5186,5189,8707,-1,5188,5187,8708,-1,5182,5184,8709,-1,5178,5177,8710,-1,5176,5180,8711,-1,5173,5175,8712,-1,5170,5171,8713,-1,5167,5169,8714,-1,5164,5165,8715,-1,4876,4875,8716,-1,4880,4878,8717,-1,4870,4869,8718,-1,4874,4872,8719,-1,4857,4858,8720,-1,4854,4856,8721,-1,4851,4852,8722,-1,4848,4850,8723,-1,4845,4846,8724,-1,4842,4844,8725,-1,4839,4840,8726,-1,4836,4838,8727,-1,4833,4834,8728,-1,4830,4832,8729,-1,4827,4828,8730,-1,4824,4826,8731,-1,4821,4822,8732,-1,4818,4820,8733,-1,4815,4816,8734,-1,4812,4814,8735,-1,4809,4810,8736,-1,4806,4808,8737,-1,4803,4804,8738,-1,4800,4802,8739,-1,4797,4798,8740,-1,4794,4796,8741,-1,4791,4792,8742,-1,4788,4790,8743,-1,4785,4786,8744,-1,4782,4784,8745,-1,4779,4780,8746,-1,4776,4778,8747,-1,4773,4774,8748,-1,4770,4772,8749,-1,4767,4768,8750,-1,4764,4766,8751,-1,4761,4762,8752,-1,4758,4760,8753,-1,4755,4756,8754,-1,4752,4754,8755,-1,4749,4750,8756,-1,4746,4748,8757,-1,4743,4744,8758,-1,4740,4742,8759,-1,4737,4738,8760,-1,4734,4736,8761,-1,4731,4732,8762,-1,4728,4730,8763,-1,4725,4726,8764,-1,4722,4724,8765,-1,4719,4720,8766,-1,4716,4718,8767,-1,4713,4714,8768,-1,4710,4712,8769,-1,4707,4708,8770,-1,4695,4696,8771,-1,4692,4694,8772,-1,4689,4690,8773,-1,4686,4688,8774,-1,4683,4684,8775,-1,4680,4682,8776,-1,4671,4678,8777,-1,4674,4672,8778,-1,4677,4676,8779,-1,4651,4654,8780,-1,4653,4652,8781,-1,4647,4649,8782,-1,4645,4646,8783,-1,4641,4643,8784,-1,4638,4640,8785,-1,4631,4636,8786,-1,4634,4632,8787,-1,4342,4341,8788,-1,4336,4338,8789,-1,4332,4331,8790,-1,4330,4334,8791,-1,4327,4329,8792,-1,4324,4325,8793,-1,4321,4323,8794,-1,4318,4319,8795,-1,4315,4317,8796,-1,4312,4313,8797,-1,4309,4311,8798,-1,4306,4307,8799,-1,4303,4305,8800,-1,4300,4301,8801,-1,4297,4299,8802,-1,4294,4295,8803,-1,4291,4293,8804,-1,4288,4289,8805,-1,4285,4287,8806,-1,4282,4283,8807,-1,4279,4281,8808,-1,4276,4277,8809,-1,4273,4275,8810,-1,4270,4271,8811,-1,4267,4269,8812,-1,4264,4265,8813,-1,4261,4263,8814,-1,4258,4259,8815,-1,4255,4257,8816,-1,4252,4253,8817,-1,4249,4251,8818,-1,4246,4247,8819,-1,4243,4245,8820,-1,4240,4241,8821,-1,4237,4239,8822,-1,4234,4235,8823,-1,4231,4233,8824,-1,4228,4229,8825,-1,4225,4227,8826,-1,4222,4223,8827,-1,4219,4221,8828,-1,4216,4217,8829,-1,4213,4215,8830,-1,4210,4211,8831,-1,4207,4209,8832,-1,4204,4205,8833,-1,4201,4203,8834,-1,4198,4199,8835,-1,4195,4197,8836,-1,4192,4193,8837,-1,4189,4191,8838,-1,4186,4187,8839,-1,4183,4185,8840,-1,4180,4181,8841,-1,4177,4179,8842,-1,4174,4175,8843,-1,4171,4173,8844,-1,4168,4169,8845,-1,4165,4167,8846,-1,4162,4163,8847,-1,4159,4161,8848,-1,4156,4157,8849,-1,4153,4155,8850,-1,4150,4151,8851,-1,4147,4149,8852,-1,4144,4145,8853,-1,4141,4143,8854,-1,4138,4139,8855,-1,4135,4137,8856,-1,4130,4133,8857,-1,4132,4131,8858,-1,4126,4128,8859,-1,4122,4121,8860,-1,4120,4124,8861,-1,4117,4119,8862,-1,4108,4115,8863,-1,4111,4109,8864,-1,4114,4113,8865,-1,4106,4107,8866,-1,4102,4104,8867,-1,3824,3823,8868,-1,3534,3532,8869,-1,8869,3532,8870,-1,3513,3511,8570,-1,3503,3500,8573,-1,3493,3491,8576,-1,3480,3483,8579,-1,3464,3467,8582,-1,3460,3458,8585,-1,3450,3448,8588,-1,3440,3443,8591,-1,3188,3190,8594,-1,3198,3200,8597,-1,3208,3210,8600,-1,3224,3226,8605,-1,3234,3236,8608,-1,3244,3246,8611,-1,3254,3256,8614,-1,3264,3266,8617,-1,3274,3276,8620,-1,3294,3296,8623,-1,3304,3306,8626,-1,3340,3342,8634,-1,3350,3352,8637,-1,3354,3356,8871,-1,3364,3366,8872,-1,8872,3366,8873,-1,3434,3436,8874,-1,8874,3436,8875,-1,2926,2924,8639,-1,2916,2914,8642,-1,2911,2909,8645,-1,2896,2894,8648,-1,2891,2889,8651,-1,2880,2877,8654,-1,2869,2867,8657,-1,1327,1328,8660,-1,2854,2852,8663,-1,2840,2842,8666,-1,2828,2826,8671,-1,2821,2819,8674,-1,2815,2813,8677,-1,2802,2805,8680,-1,2799,2797,8683,-1,2788,2787,8686,-1,2779,2777,8689,-1,2521,2523,8692,-1,2531,2533,8695,-1,2561,2563,8701,-1,2577,2579,8706,-1,2587,2589,8709,-1,2597,2599,8712,-1,2607,2609,8715,-1,2611,2613,8876,-1,8876,2613,8877,-1,2384,2381,8878,-1,2348,2346,8718,-1,2328,2326,8721,-1,2323,2321,8724,-1,2313,2311,8727,-1,2303,2301,8730,-1,2292,2289,8733,-1,2282,2280,8736,-1,2277,2269,8739,-1,2256,2254,8744,-1,2251,2249,8747,-1,2236,2234,8750,-1,2231,2223,8753,-1,2216,2214,8756,-1,2206,2204,8759,-1,2196,2193,8762,-1,2185,2183,8765,-1,1350,1351,8768,-1,2156,2158,8771,-1,2146,2145,8776,-1,2137,2135,8779,-1,1357,1358,8879,-1,8879,1358,8880,-1,2118,2121,8780,-1,2114,2112,8783,-1,2103,2102,8786,-1,1888,1890,8881,-1,8881,1890,8882,-1,1755,1757,8883,-1,1791,1793,8788,-1,1801,1803,8791,-1,1811,1813,8794,-1,1821,1823,8797,-1,1831,1833,8800,-1,1841,1843,8803,-1,1709,1707,8806,-1,1695,1697,8814,-1,1673,1671,8817,-1,1663,1661,8820,-1,1653,1651,8823,-1,1643,1641,8826,-1,1633,1630,8829,-1,1623,1621,8832,-1,1618,1616,8835,-1,1607,1604,8838,-1,1597,1595,8841,-1,1592,1584,8844,-1,1571,1569,8849,-1,1566,1564,8852,-1,1551,1549,8855,-1,1546,1544,8858,-1,1531,1528,8861,-1,1521,1519,8864,-1,1511,1508,8867,-1,1480,1479,8884,-1,8884,1479,8885,-1,923,921,8886,-1,979,978,3867,-1,3763,8887,676,-1,676,8887,8888,-1,676,8888,674,-1,674,8888,670,-1,669,673,8888,-1,8888,673,671,-1,8888,671,670,-1,8889,661,660,-1,8889,660,8890,-1,8890,660,665,-1,8890,665,667,-1,657,656,8889,-1,8889,656,664,-1,8889,664,661,-1,8891,649,8892,-1,8892,649,659,-1,8892,659,658,-1,653,652,8891,-1,8891,652,651,-1,8891,651,649,-1,6176,6177,655,-1,655,6177,647,-1,647,6177,6186,-1,647,6186,645,-1,6184,6183,634,-1,634,642,6184,-1,6184,642,641,-1,6184,641,6185,-1,6185,641,640,-1,6185,640,6186,-1,6186,640,643,-1,6186,643,645,-1,6182,638,6183,-1,6183,638,637,-1,6183,637,634,-1,6179,624,630,-1,6179,630,6180,-1,630,629,6180,-1,6180,629,633,-1,6180,633,6181,-1,6181,633,632,-1,6181,632,6182,-1,6182,632,639,-1,6182,639,638,-1,624,6179,622,-1,622,6179,6178,-1,622,6178,620,-1,3855,988,3853,-1,3853,988,997,-1,3853,997,3852,-1,3852,997,996,-1,3852,996,994,-1,984,983,3858,-1,3858,983,992,-1,3858,992,3857,-1,3857,992,991,-1,3857,991,3855,-1,3855,991,989,-1,3855,989,988,-1,984,3858,986,-1,986,3858,3859,-1,986,3859,987,-1,987,3859,3861,-1,987,3861,834,-1,3864,981,3863,-1,3863,981,980,-1,3863,980,3861,-1,3861,980,835,-1,3861,835,834,-1,3867,978,3865,-1,978,976,3865,-1,3865,976,975,-1,3865,975,3864,-1,3864,975,982,-1,3864,982,981,-1,979,3867,967,-1,967,3867,3869,-1,967,3869,968,-1,968,3869,3870,-1,968,3870,970,-1,970,3870,971,-1,971,3870,3871,-1,971,3871,972,-1,972,3871,3873,-1,972,3873,973,-1,973,3873,974,-1,974,3873,3875,-1,974,3875,966,-1,966,3875,964,-1,964,3875,3876,-1,964,3876,837,-1,837,3876,3877,-1,837,3877,838,-1,838,3877,3879,-1,838,3879,961,-1,3881,3882,959,-1,959,958,3881,-1,3881,958,963,-1,3881,963,3879,-1,3879,963,962,-1,3879,962,961,-1,3885,841,3883,-1,3883,841,840,-1,3883,840,3882,-1,3882,840,960,-1,3882,960,959,-1,3887,955,3885,-1,3885,955,954,-1,3885,954,841,-1,3889,3891,953,-1,953,952,3889,-1,3889,952,950,-1,3889,950,3888,-1,3888,950,949,-1,3888,949,3887,-1,3887,949,956,-1,3887,956,955,-1,3893,844,3891,-1,3891,844,843,-1,3891,843,953,-1,944,942,3897,-1,3897,942,941,-1,3897,941,3895,-1,3895,941,948,-1,3895,948,3894,-1,3894,948,947,-1,3894,947,3893,-1,3893,947,946,-1,3893,946,844,-1,944,3897,945,-1,945,3897,3899,-1,945,3899,938,-1,938,3899,3900,-1,938,3900,939,-1,939,3900,940,-1,940,3900,3901,-1,940,3901,937,-1,937,3901,935,-1,935,3901,3903,-1,935,3903,846,-1,846,3903,3905,-1,846,3905,847,-1,847,3905,3906,-1,847,3906,932,-1,849,8893,850,-1,850,8893,929,-1,921,920,8886,-1,8886,920,931,-1,8886,931,8893,-1,8893,931,930,-1,8893,930,929,-1,8894,926,925,-1,853,852,8895,-1,8895,852,928,-1,8895,928,8894,-1,8894,928,927,-1,8894,927,926,-1,8896,918,917,-1,911,910,8897,-1,8897,910,8896,-1,8896,910,919,-1,8896,919,918,-1,915,914,8897,-1,8897,914,913,-1,8897,913,911,-1,8898,908,907,-1,8898,907,8899,-1,8899,907,906,-1,8899,906,916,-1,901,900,8898,-1,8898,900,909,-1,8898,909,908,-1,8900,895,8901,-1,8901,895,904,-1,8901,904,903,-1,899,898,8900,-1,8900,898,896,-1,8900,896,895,-1,8902,8903,894,-1,894,893,8902,-1,8902,893,891,-1,8902,891,890,-1,888,886,8903,-1,8903,886,885,-1,8903,885,894,-1,880,884,8904,-1,8904,884,883,-1,8904,883,8905,-1,8905,883,882,-1,8905,882,889,-1,875,874,8904,-1,8904,874,881,-1,8904,881,880,-1,856,855,8906,-1,8906,855,878,-1,8906,878,8907,-1,8907,878,877,-1,8907,877,876,-1,872,871,8908,-1,8908,871,870,-1,872,8908,865,-1,865,8908,8909,-1,865,8909,866,-1,858,869,8909,-1,8909,869,868,-1,8909,868,866,-1,3785,3784,8910,-1,8910,3784,863,-1,8910,863,8911,-1,8911,863,861,-1,8911,861,859,-1,3786,8912,3787,-1,3787,8912,8913,-1,3787,8913,3788,-1,3788,8913,3789,-1,3792,3791,8914,-1,8914,3791,3790,-1,8914,3790,8915,-1,3776,8916,3777,-1,3777,8916,8917,-1,3777,8917,3778,-1,3781,3780,8918,-1,8918,3780,3779,-1,8918,3779,8919,-1,3782,8920,3783,-1,3783,8920,8921,-1,3783,8921,1384,-1,1386,8922,1388,-1,1388,8922,8923,-1,1388,8923,1390,-1,1390,8923,1392,-1,1398,1396,8924,-1,8924,1396,1394,-1,8924,1394,8925,-1,1400,8926,1402,-1,1402,8926,8927,-1,1402,8927,1404,-1,1406,8928,1408,-1,1408,8928,8929,-1,1408,8929,1410,-1,1410,8929,1412,-1,1418,1416,8930,-1,8930,1416,1414,-1,8930,1414,8931,-1,1420,8932,1422,-1,1422,8932,8933,-1,1422,8933,1424,-1,1426,8934,1428,-1,1428,8934,8935,-1,1428,8935,1431,-1,1431,8935,1432,-1,1433,1436,8936,-1,8936,1436,1383,-1,8936,1383,8937,-1,1438,8938,1440,-1,1440,8938,8939,-1,1440,8939,1441,-1,1444,8940,1446,-1,1446,8940,8941,-1,1446,8941,1447,-1,1447,8941,1380,-1,1449,1452,8942,-1,8942,1452,1379,-1,8942,1379,8943,-1,1454,8944,1455,-1,1455,8944,8945,-1,1455,8945,1376,-1,1460,8946,1461,-1,1461,8946,8947,-1,1461,8947,1458,-1,1458,8947,1466,-1,1468,8948,1470,-1,1470,8948,8949,-1,1470,8949,1472,-1,1474,8950,1475,-1,1475,8950,8951,-1,1475,8951,1462,-1,1462,8951,1477,-1,1483,8952,1485,-1,1485,8952,8953,-1,8954,1490,8955,-1,8955,1490,1489,-1,8955,1489,8953,-1,8953,1489,1487,-1,8953,1487,1485,-1,8956,1372,8954,-1,8954,1372,1373,-1,8954,1373,1490,-1,8957,1496,8958,-1,8958,1496,1494,-1,8958,1494,8956,-1,8956,1494,1493,-1,8956,1493,1372,-1,1505,1503,8959,-1,8959,1503,1500,-1,8959,1500,8957,-1,8957,1500,1498,-1,8957,1498,1496,-1,1514,1512,8866,-1,1524,1523,8863,-1,1534,1532,8860,-1,1539,1547,8857,-1,1554,1552,8854,-1,1557,1567,8851,-1,1575,1573,8848,-1,1581,1579,8846,-1,1592,8844,1593,-1,1601,1599,8840,-1,1369,1605,8837,-1,1611,1619,8834,-1,1627,1625,8831,-1,1637,1635,8828,-1,1647,1645,8825,-1,1657,1655,8822,-1,1667,1665,8819,-1,1676,1674,8816,-1,1691,1693,8813,-1,1685,1687,8811,-1,1685,8811,1683,-1,1365,1677,8808,-1,1709,8806,1710,-1,1837,1839,8802,-1,1827,1829,8799,-1,1817,1819,8796,-1,1807,1809,8793,-1,1797,1799,8790,-1,1789,8960,1787,-1,1787,8960,8961,-1,1787,8961,1785,-1,1785,8961,8962,-1,1777,1779,8963,-1,8963,1779,1781,-1,8963,1781,8962,-1,8962,1781,1783,-1,8962,1783,1785,-1,1771,1773,8964,-1,8964,1773,1775,-1,8964,1775,8965,-1,1769,8966,1767,-1,1767,8966,8967,-1,1767,8967,1765,-1,1763,8968,1761,-1,1761,8968,8969,-1,8883,1757,8969,-1,8969,1757,1759,-1,8969,1759,1761,-1,1753,8970,1751,-1,1751,8970,8971,-1,1751,8971,1749,-1,1749,8971,1747,-1,1745,8972,1743,-1,1743,8972,8973,-1,1743,8973,1741,-1,1735,1737,8974,-1,8974,1737,1739,-1,8974,1739,8975,-1,1733,8976,1731,-1,1731,8976,8977,-1,1731,8977,1729,-1,1727,8978,1725,-1,1725,8978,8979,-1,1725,8979,1723,-1,1723,8979,1721,-1,1715,1717,8980,-1,8980,1717,1719,-1,8980,1719,8981,-1,1713,8982,1711,-1,1711,8982,8983,-1,1711,8983,2100,-1,2098,8984,2096,-1,2096,8984,8985,-1,2096,8985,2094,-1,2094,8985,2092,-1,2086,2088,8986,-1,8986,2088,2090,-1,8986,2090,8987,-1,2084,8988,2082,-1,2082,8988,8989,-1,2082,8989,2080,-1,2078,8990,2076,-1,2076,8990,8991,-1,2076,8991,2074,-1,2074,8991,2072,-1,2066,2068,8992,-1,8992,2068,2070,-1,8992,2070,8993,-1,2064,8994,2062,-1,2062,8994,8995,-1,2062,8995,2060,-1,2058,8996,2056,-1,2056,8996,8997,-1,2056,8997,2054,-1,2054,8997,2052,-1,2046,2048,8998,-1,8998,2048,2050,-1,8998,2050,8999,-1,2044,9000,2042,-1,2042,9000,9001,-1,2042,9001,2040,-1,2038,9002,2036,-1,2036,9002,9003,-1,2036,9003,2034,-1,2034,9003,2032,-1,2030,9004,2028,-1,2028,9004,9005,-1,2028,9005,2026,-1,2024,9006,2022,-1,2022,9006,9007,-1,2022,9007,2020,-1,2018,9008,2016,-1,2016,9008,9009,-1,2016,9009,2014,-1,2012,9010,2010,-1,2010,9010,9011,-1,2010,9011,2008,-1,2008,9011,2006,-1,2000,2002,9012,-1,9012,2002,2004,-1,9012,2004,9013,-1,1998,9014,1996,-1,1996,9014,9015,-1,1996,9015,1994,-1,1992,9016,1990,-1,1990,9016,9017,-1,1990,9017,1988,-1,1988,9017,1986,-1,1980,1982,9018,-1,9018,1982,1984,-1,9018,1984,9019,-1,1978,9020,1976,-1,1976,9020,9021,-1,1976,9021,1974,-1,1972,9022,1970,-1,1970,9022,9023,-1,1970,9023,1968,-1,1968,9023,1966,-1,1960,1962,9024,-1,9024,1962,1964,-1,9024,1964,9025,-1,1958,9026,1956,-1,1956,9026,9027,-1,1956,9027,1954,-1,1952,9028,1950,-1,1950,9028,9029,-1,1950,9029,1948,-1,1948,9029,1946,-1,1940,1942,9030,-1,9030,1942,1944,-1,9030,1944,9031,-1,1938,9032,1936,-1,1936,9032,9033,-1,1936,9033,1934,-1,1932,9034,1930,-1,1930,9034,9035,-1,1930,9035,1928,-1,1928,9035,1926,-1,1920,1922,9036,-1,9036,1922,1924,-1,9036,1924,9037,-1,1918,9038,1916,-1,1916,9038,9039,-1,1916,9039,1914,-1,1912,9040,1910,-1,1910,9040,9041,-1,1910,9041,1908,-1,1908,9041,1906,-1,1904,9042,1902,-1,1902,9042,9043,-1,1902,9043,1900,-1,1898,9044,1896,-1,1896,9044,9045,-1,1896,9045,1894,-1,1894,9045,1892,-1,1886,9046,1884,-1,1884,9046,9047,-1,1884,9047,1882,-1,1882,9047,1880,-1,1874,1876,9048,-1,9048,1876,1878,-1,9048,1878,9049,-1,1872,9050,1870,-1,1870,9050,9051,-1,1870,9051,1868,-1,1868,9051,9052,-1,9053,1864,9052,-1,9052,1864,1866,-1,9052,1866,1868,-1,9054,1858,9055,-1,9055,1858,1860,-1,9055,1860,9053,-1,9053,1860,1862,-1,9053,1862,1864,-1,1850,1852,9056,-1,9056,1852,1854,-1,9056,1854,9054,-1,9054,1854,1856,-1,9054,1856,1858,-1,2108,2105,8785,-1,2117,2116,8782,-1,2123,9057,2125,-1,2125,9057,9058,-1,2125,9058,2126,-1,2126,9058,9059,-1,1358,2132,8880,-1,8880,2132,2131,-1,8880,2131,9059,-1,9059,2131,2129,-1,9059,2129,2126,-1,2140,2139,8778,-1,2148,2143,8775,-1,2152,2150,8774,-1,2156,8771,2162,-1,2170,2168,9060,-1,9060,2168,2165,-1,9060,2165,9061,-1,9061,2165,2163,-1,9061,2163,9062,-1,2174,2172,8770,-1,2179,2178,8767,-1,2190,2188,8764,-1,2199,2197,8761,-1,2209,2208,8758,-1,2219,2217,8755,-1,2226,2232,8752,-1,2239,2237,8749,-1,2242,2252,8746,-1,2260,2258,8743,-1,2266,2264,8741,-1,2277,8739,2278,-1,2286,2284,8735,-1,1347,2290,8732,-1,2296,2304,8729,-1,2317,2315,8726,-1,2306,2324,8723,-1,2332,2330,8720,-1,2334,9063,9064,-1,2342,2340,9065,-1,9065,2340,2338,-1,9065,2338,9064,-1,9064,2338,2336,-1,9064,2336,2334,-1,2352,2350,8717,-1,2356,9066,2358,-1,2358,9066,9067,-1,2368,2366,9068,-1,9068,2366,2364,-1,9068,2364,9069,-1,9069,2364,2362,-1,9069,2362,9067,-1,9067,2362,2360,-1,9067,2360,2358,-1,2370,9070,2372,-1,2372,9070,9071,-1,2372,9071,2374,-1,2376,9072,2378,-1,2378,9072,9073,-1,8878,2381,9073,-1,9073,2381,2379,-1,9073,2379,2378,-1,2382,9074,1343,-1,1343,9074,9075,-1,1343,9075,1342,-1,2392,9076,2394,-1,2394,9076,9077,-1,2394,9077,2395,-1,2395,9077,2389,-1,2512,2514,9078,-1,9078,2514,2387,-1,9078,2387,9079,-1,2510,9080,2508,-1,2508,9080,9081,-1,2508,9081,2506,-1,2504,9082,2502,-1,2502,9082,9083,-1,2502,9083,2500,-1,2500,9083,2498,-1,2492,2494,9084,-1,9084,2494,2496,-1,9084,2496,9085,-1,2490,9086,2488,-1,2488,9086,9087,-1,2488,9087,2486,-1,2484,9088,2482,-1,2482,9088,9089,-1,2482,9089,2480,-1,2480,9089,2478,-1,2472,2474,9090,-1,9090,2474,2476,-1,9090,2476,9091,-1,2470,9092,2468,-1,2468,9092,9093,-1,2468,9093,2466,-1,2464,9094,2462,-1,2462,9094,9095,-1,2462,9095,2460,-1,2460,9095,2458,-1,2452,2454,9096,-1,9096,2454,2456,-1,9096,2456,9097,-1,2450,9098,2448,-1,2448,9098,9099,-1,2448,9099,2446,-1,2444,9100,2442,-1,2442,9100,9101,-1,2442,9101,2440,-1,2440,9101,2438,-1,2432,2434,9102,-1,9102,2434,2436,-1,9102,2436,9103,-1,2430,9104,2428,-1,2428,9104,9105,-1,2428,9105,2426,-1,2424,9106,2422,-1,2422,9106,9107,-1,2422,9107,2420,-1,2420,9107,2418,-1,2416,9108,2414,-1,2414,9108,9109,-1,2414,9109,2412,-1,2406,2408,9110,-1,9110,2408,2410,-1,9110,2410,9111,-1,2404,9112,2402,-1,2402,9112,9113,-1,2402,9113,2400,-1,2398,9114,2396,-1,2396,9114,9115,-1,2396,9115,2771,-1,2771,9115,2769,-1,2763,2765,9116,-1,9116,2765,2767,-1,9116,2767,9117,-1,2761,9118,2759,-1,2759,9118,9119,-1,2759,9119,2757,-1,2755,9120,2753,-1,2753,9120,9121,-1,2753,9121,2751,-1,2751,9121,2749,-1,2743,2745,9122,-1,9122,2745,2747,-1,9122,2747,9123,-1,2741,9124,2739,-1,2739,9124,9125,-1,2739,9125,2737,-1,2735,9126,2733,-1,2733,9126,9127,-1,2733,9127,2731,-1,2731,9127,2729,-1,2723,2725,9128,-1,9128,2725,2727,-1,9128,2727,9129,-1,2721,9130,2719,-1,2719,9130,9131,-1,2719,9131,2717,-1,2715,9132,2713,-1,2713,9132,9133,-1,2713,9133,2711,-1,2711,9133,2709,-1,2703,2705,9134,-1,9134,2705,2707,-1,9134,2707,9135,-1,2701,9136,2699,-1,2699,9136,9137,-1,2699,9137,2697,-1,2695,9138,2693,-1,2693,9138,9139,-1,2693,9139,2691,-1,2691,9139,2689,-1,2687,9140,2685,-1,2685,9140,9141,-1,2685,9141,2683,-1,2681,9142,2679,-1,2679,9142,9143,-1,2679,9143,2677,-1,2675,9144,2673,-1,2673,9144,9145,-1,2673,9145,2671,-1,2669,9146,2667,-1,2667,9146,9147,-1,2667,9147,2665,-1,2665,9147,2663,-1,2657,2659,9148,-1,9148,2659,2661,-1,9148,2661,9149,-1,2655,9150,2653,-1,2653,9150,9151,-1,2653,9151,2651,-1,2649,9152,2647,-1,2647,9152,9153,-1,2647,9153,2645,-1,2645,9153,2643,-1,2637,2639,9154,-1,9154,2639,2641,-1,9154,2641,9155,-1,2635,9156,2633,-1,2633,9156,9157,-1,2633,9157,2631,-1,2631,9157,9158,-1,9159,2627,9158,-1,9158,2627,2629,-1,9158,2629,2631,-1,9160,2621,9161,-1,9161,2621,2623,-1,9161,2623,9159,-1,9159,2623,2625,-1,9159,2625,2627,-1,2613,2615,8877,-1,8877,2615,2617,-1,8877,2617,9160,-1,9160,2617,2619,-1,9160,2619,2621,-1,2603,2605,8714,-1,2593,2595,8711,-1,2583,2585,8708,-1,2573,2575,8705,-1,2567,2569,8703,-1,2561,8701,2559,-1,2553,2555,8699,-1,2549,2551,8698,-1,2545,9162,9163,-1,2537,2539,9164,-1,9164,2539,2541,-1,9164,2541,9163,-1,9163,2541,2543,-1,9163,2543,2545,-1,2527,2529,8694,-1,2773,2519,8691,-1,2783,2781,8688,-1,2793,2790,8685,-1,1339,2800,8682,-1,2809,2807,8679,-1,1335,2816,8676,-1,2824,2823,8673,-1,2831,2829,8670,-1,2836,2834,8669,-1,2840,8666,2846,-1,2858,2856,8662,-1,2863,2862,8659,-1,2874,2872,8656,-1,1324,2878,8653,-1,2884,2892,8650,-1,2899,2897,8647,-1,2902,2912,8644,-1,2920,2918,8641,-1,2927,9165,2929,-1,2929,9165,9166,-1,2929,9166,2932,-1,2932,9166,9167,-1,2932,9167,2934,-1,2934,9167,2936,-1,2940,2938,8638,-1,2942,9168,9169,-1,2957,2949,9170,-1,9170,2949,2947,-1,9170,2947,9171,-1,9171,2947,2946,-1,9171,2946,9169,-1,9169,2946,2944,-1,9169,2944,2942,-1,2958,9172,2952,-1,2952,9172,9173,-1,2952,9173,2954,-1,2960,9174,2962,-1,2962,9174,9175,-1,2962,9175,2964,-1,2964,9175,2966,-1,2972,2969,9176,-1,9176,2969,2967,-1,9176,2967,9177,-1,2970,9178,1320,-1,1320,9178,9179,-1,1320,9179,1319,-1,2981,9180,2983,-1,2983,9180,9181,-1,2983,9181,2984,-1,2984,9181,2976,-1,2993,2991,9182,-1,9182,2991,2978,-1,9182,2978,9183,-1,2995,9184,2997,-1,2997,9184,9185,-1,2997,9185,2999,-1,3001,9186,3003,-1,3003,9186,9187,-1,3003,9187,3004,-1,3004,9187,2986,-1,3008,3006,9188,-1,9188,3006,2988,-1,9188,2988,9189,-1,3010,9190,3012,-1,3012,9190,9191,-1,3012,9191,3014,-1,3016,9192,3018,-1,3018,9192,9193,-1,3018,9193,3020,-1,3020,9193,3022,-1,3028,3026,9194,-1,9194,3026,3024,-1,9194,3024,9195,-1,3030,9196,3032,-1,3032,9196,9197,-1,3032,9197,3034,-1,3036,9198,3038,-1,3038,9198,9199,-1,3038,9199,3040,-1,3040,9199,3042,-1,3048,3046,9200,-1,9200,3046,3044,-1,9200,3044,9201,-1,3050,9202,3052,-1,3052,9202,9203,-1,3052,9203,3054,-1,3056,9204,3058,-1,3058,9204,9205,-1,3058,9205,3060,-1,3060,9205,3062,-1,3068,3066,9206,-1,9206,3066,3064,-1,9206,3064,9207,-1,3078,3071,9208,-1,9208,3071,3069,-1,9208,3069,9209,-1,3079,9210,3075,-1,3075,9210,9211,-1,3075,9211,3073,-1,3178,9212,3176,-1,3176,9212,9213,-1,3176,9213,3174,-1,3174,9213,3172,-1,3166,3168,9214,-1,9214,3168,3170,-1,9214,3170,9215,-1,3164,9216,3162,-1,3162,9216,9217,-1,3162,9217,3160,-1,3158,9218,3156,-1,3156,9218,9219,-1,3156,9219,3154,-1,3154,9219,3152,-1,3146,3148,9220,-1,9220,3148,3150,-1,9220,3150,9221,-1,3144,9222,3142,-1,3142,9222,9223,-1,3142,9223,3140,-1,3138,9224,3136,-1,3136,9224,9225,-1,3136,9225,3134,-1,3134,9225,3132,-1,3126,3128,9226,-1,9226,3128,3130,-1,9226,3130,9227,-1,3124,9228,3122,-1,3122,9228,9229,-1,3122,9229,3120,-1,3118,9230,3116,-1,3116,9230,9231,-1,3116,9231,3114,-1,3114,9231,3112,-1,3106,3108,9232,-1,9232,3108,3110,-1,9232,3110,9233,-1,3104,9234,3102,-1,3102,9234,9235,-1,3102,9235,3100,-1,3098,9236,3096,-1,3096,9236,9237,-1,3096,9237,3094,-1,3094,9237,3092,-1,3090,9238,3088,-1,3088,9238,9239,-1,3088,9239,3086,-1,3084,9240,3082,-1,3082,9240,9241,-1,3082,9241,3080,-1,3080,9241,3438,-1,3432,9242,3430,-1,3430,9242,9243,-1,3430,9243,3428,-1,3428,9243,3426,-1,3420,3422,9244,-1,9244,3422,3424,-1,9244,3424,9245,-1,3418,9246,3416,-1,3416,9246,9247,-1,3416,9247,3414,-1,3412,9248,3410,-1,3410,9248,9249,-1,3410,9249,3408,-1,3408,9249,3406,-1,3400,3402,9250,-1,9250,3402,3404,-1,9250,3404,9251,-1,3398,9252,3396,-1,3396,9252,9253,-1,3396,9253,3394,-1,3392,9254,3390,-1,3390,9254,9255,-1,3390,9255,3388,-1,3388,9255,3386,-1,3384,9256,9257,-1,9258,3380,9257,-1,9257,3380,3382,-1,9257,3382,3384,-1,9259,3374,9260,-1,9260,3374,3376,-1,9260,3376,9258,-1,9258,3376,3378,-1,9258,3378,3380,-1,3366,3368,8873,-1,8873,3368,3370,-1,8873,3370,9259,-1,9259,3370,3372,-1,9259,3372,3374,-1,3362,9261,3360,-1,3360,9261,9262,-1,8871,3356,9262,-1,9262,3356,3358,-1,9262,3358,3360,-1,3346,3348,8636,-1,3336,3338,8633,-1,3332,3334,8632,-1,3326,3328,8630,-1,3322,3324,8629,-1,3314,3316,9263,-1,9263,3316,3318,-1,9263,3318,9264,-1,9264,3318,3320,-1,9264,3320,9265,-1,3310,3312,8628,-1,3300,3302,8625,-1,3290,3292,8622,-1,3288,9266,9267,-1,3280,3282,9268,-1,9268,3282,3284,-1,9268,3284,9267,-1,9267,3284,3286,-1,9267,3286,3288,-1,3270,3272,8619,-1,3260,3262,8616,-1,3250,3252,8613,-1,3240,3242,8610,-1,3230,3232,8607,-1,3220,3222,8604,-1,3214,3216,8602,-1,3208,8600,3206,-1,3198,8597,3196,-1,3182,3181,8593,-1,3446,3445,8590,-1,3454,3451,8587,-1,3463,3462,8584,-1,3471,3469,8581,-1,3472,9269,9270,-1,1310,3478,9271,-1,9271,3478,3477,-1,9271,3477,9270,-1,9270,3477,3475,-1,9270,3475,3472,-1,3487,3485,8578,-1,3496,3494,8575,-1,3507,3505,8572,-1,3516,3514,8569,-1,3519,9272,3521,-1,3521,9272,9273,-1,3521,9273,3530,-1,3530,9273,9274,-1,3530,9274,3529,-1,3529,9274,9275,-1,3531,3525,9275,-1,9275,3525,3527,-1,9275,3527,3529,-1,3536,9276,3538,-1,3538,9276,9277,-1,3538,9277,3541,-1,3541,9277,3543,-1,3554,3546,9278,-1,9278,3546,3544,-1,9278,3544,9279,-1,3555,9280,3549,-1,3549,9280,9281,-1,3549,9281,3551,-1,3557,9282,3559,-1,3559,9282,9283,-1,3559,9283,3561,-1,3561,9283,3563,-1,3569,3566,9284,-1,9284,3566,3564,-1,9284,3564,9285,-1,3567,9286,1306,-1,1306,9286,9287,-1,1306,9287,1305,-1,3578,9288,3580,-1,3580,9288,9289,-1,3580,9289,3581,-1,3581,9289,3573,-1,3585,3583,9290,-1,9290,3583,3575,-1,9290,3575,9291,-1,3586,9292,3588,-1,3588,9292,9293,-1,3588,9293,3596,-1,3598,9294,3600,-1,3600,9294,9295,-1,3600,9295,3601,-1,3601,9295,3591,-1,3605,3603,9296,-1,9296,3603,3593,-1,9296,3593,9297,-1,3607,9298,3609,-1,3609,9298,9299,-1,3609,9299,3611,-1,3613,9300,3615,-1,3615,9300,9301,-1,3615,9301,3616,-1,3616,9301,3618,-1,3625,3623,9302,-1,9302,3623,3621,-1,9302,3621,9303,-1,3627,9304,3629,-1,3629,9304,9305,-1,3629,9305,3631,-1,3633,9306,3635,-1,3635,9306,9307,-1,3635,9307,3636,-1,3638,9308,3641,-1,3641,9308,9309,-1,3641,9309,3639,-1,3639,9309,1302,-1,3647,3645,9310,-1,9310,3645,1301,-1,9310,1301,9311,-1,3649,9312,3650,-1,3650,9312,9313,-1,3650,9313,3652,-1,3654,9314,3657,-1,3657,9314,9315,-1,3657,9315,3655,-1,3655,9315,1298,-1,3668,3666,9316,-1,9316,3666,1297,-1,9316,1297,9317,-1,3669,9318,3661,-1,3661,9318,9319,-1,3661,9319,3663,-1,3671,9320,3673,-1,3673,9320,9321,-1,3673,9321,3675,-1,3675,9321,3677,-1,3683,3681,9322,-1,9322,3681,3679,-1,9322,3679,9323,-1,3685,9324,3687,-1,3687,9324,9325,-1,3687,9325,3689,-1,3691,9326,3693,-1,3693,9326,9327,-1,3693,9327,3695,-1,3695,9327,3697,-1,3703,3701,9328,-1,9328,3701,3699,-1,9328,3699,9329,-1,3705,9330,3707,-1,3707,9330,9331,-1,3707,9331,3709,-1,3711,9332,3713,-1,3713,9332,9333,-1,3713,9333,3715,-1,3715,9333,3717,-1,3723,3721,9334,-1,9334,3721,3719,-1,9334,3719,9335,-1,3725,9336,3727,-1,3727,9336,9337,-1,3727,9337,3729,-1,3731,9338,3733,-1,3733,9338,9339,-1,3733,9339,3735,-1,3735,9339,3737,-1,3743,3741,9340,-1,9340,3741,3739,-1,9340,3739,9341,-1,3745,9342,3747,-1,3747,9342,9343,-1,3747,9343,3749,-1,3751,9344,3753,-1,3753,9344,9345,-1,3753,9345,3755,-1,3912,8886,3911,-1,3911,8886,8893,-1,3911,8893,3909,-1,3909,8893,849,-1,3909,849,3907,-1,3907,849,934,-1,3907,934,3906,-1,3906,934,933,-1,3906,933,932,-1,3912,3913,8886,-1,8886,3913,8894,-1,8886,8894,923,-1,923,8894,925,-1,3918,8895,3917,-1,3917,8895,8894,-1,3917,8894,3915,-1,3915,8894,3913,-1,3918,3919,8895,-1,8895,3919,8896,-1,8895,8896,853,-1,853,8896,917,-1,3924,8897,3923,-1,3923,8897,8896,-1,3923,8896,3921,-1,3921,8896,3919,-1,3924,3925,8897,-1,8897,3925,8899,-1,8897,8899,915,-1,915,8899,916,-1,3930,8898,3929,-1,3929,8898,8899,-1,3929,8899,3927,-1,3927,8899,3925,-1,3930,3931,8898,-1,8898,3931,8901,-1,8898,8901,901,-1,901,8901,903,-1,3936,8900,3935,-1,3935,8900,8901,-1,3935,8901,3933,-1,3933,8901,3931,-1,3936,3937,8900,-1,8900,3937,8902,-1,8900,8902,899,-1,899,8902,890,-1,3942,8903,3941,-1,3941,8903,8902,-1,3941,8902,3939,-1,3939,8902,3937,-1,3942,3943,8903,-1,8903,3943,8905,-1,8903,8905,888,-1,888,8905,889,-1,3948,8904,3947,-1,3947,8904,8905,-1,3947,8905,3945,-1,3945,8905,3943,-1,3948,3949,8904,-1,8904,3949,8907,-1,8904,8907,875,-1,875,8907,876,-1,3954,8906,3953,-1,3953,8906,8907,-1,3953,8907,3951,-1,3951,8907,3949,-1,3954,3955,8906,-1,8906,3955,8908,-1,8906,8908,856,-1,856,8908,870,-1,3960,8909,3959,-1,3959,8909,8908,-1,3959,8908,3957,-1,3957,8908,3955,-1,3960,3961,8909,-1,8909,3961,8911,-1,8909,8911,858,-1,858,8911,859,-1,3966,8910,3965,-1,3965,8910,8911,-1,3965,8911,3963,-1,3963,8911,3961,-1,3966,3967,8910,-1,8910,3967,8912,-1,8910,8912,3785,-1,3785,8912,3786,-1,3972,8913,3971,-1,3971,8913,8912,-1,3971,8912,3969,-1,3969,8912,3967,-1,3972,3973,8913,-1,8913,3973,8915,-1,8913,8915,3789,-1,3789,8915,3790,-1,3978,8914,3977,-1,3977,8914,8915,-1,3977,8915,3975,-1,3975,8915,3973,-1,3978,3979,8914,-1,8914,3979,8916,-1,8914,8916,3792,-1,3792,8916,3776,-1,3984,8917,3983,-1,3983,8917,8916,-1,3983,8916,3981,-1,3981,8916,3979,-1,3984,3985,8917,-1,8917,3985,8919,-1,8917,8919,3778,-1,3778,8919,3779,-1,3990,8918,3989,-1,3989,8918,8919,-1,3989,8919,3987,-1,3987,8919,3985,-1,3990,3991,8918,-1,8918,3991,8920,-1,8918,8920,3781,-1,3781,8920,3782,-1,3996,8921,3995,-1,3995,8921,8920,-1,3995,8920,3993,-1,3993,8920,3991,-1,3996,3997,8921,-1,8921,3997,8922,-1,8921,8922,1384,-1,1384,8922,1386,-1,4002,8923,4001,-1,4001,8923,8922,-1,4001,8922,3999,-1,3999,8922,3997,-1,4002,4003,8923,-1,8923,4003,8925,-1,8923,8925,1392,-1,1392,8925,1394,-1,4008,8924,4007,-1,4007,8924,8925,-1,4007,8925,4005,-1,4005,8925,4003,-1,4008,4009,8924,-1,8924,4009,8926,-1,8924,8926,1398,-1,1398,8926,1400,-1,4014,8927,4013,-1,4013,8927,8926,-1,4013,8926,4011,-1,4011,8926,4009,-1,4014,4015,8927,-1,8927,4015,8928,-1,8927,8928,1404,-1,1404,8928,1406,-1,4020,8929,4019,-1,4019,8929,8928,-1,4019,8928,4017,-1,4017,8928,4015,-1,4020,4021,8929,-1,8929,4021,8931,-1,8929,8931,1412,-1,1412,8931,1414,-1,4026,8930,4025,-1,4025,8930,8931,-1,4025,8931,4023,-1,4023,8931,4021,-1,4026,4027,8930,-1,8930,4027,8932,-1,8930,8932,1418,-1,1418,8932,1420,-1,4032,8933,4031,-1,4031,8933,8932,-1,4031,8932,4029,-1,4029,8932,4027,-1,4032,4033,8933,-1,8933,4033,8934,-1,8933,8934,1424,-1,1424,8934,1426,-1,4038,8935,4037,-1,4037,8935,8934,-1,4037,8934,4035,-1,4035,8934,4033,-1,4038,4039,8935,-1,8935,4039,8937,-1,8935,8937,1432,-1,1432,8937,1383,-1,4044,8936,4043,-1,4043,8936,8937,-1,4043,8937,4041,-1,4041,8937,4039,-1,4044,4045,8936,-1,8936,4045,8938,-1,8936,8938,1433,-1,1433,8938,1438,-1,4050,8939,4049,-1,4049,8939,8938,-1,4049,8938,4047,-1,4047,8938,4045,-1,4050,4051,8939,-1,8939,4051,8940,-1,8939,8940,1441,-1,1441,8940,1444,-1,4056,8941,4055,-1,4055,8941,8940,-1,4055,8940,4053,-1,4053,8940,4051,-1,4056,4057,8941,-1,8941,4057,8943,-1,8941,8943,1380,-1,1380,8943,1379,-1,4062,8942,4061,-1,4061,8942,8943,-1,4061,8943,4059,-1,4059,8943,4057,-1,4062,4063,8942,-1,8942,4063,8944,-1,8942,8944,1449,-1,1449,8944,1454,-1,4068,8945,4067,-1,4067,8945,8944,-1,4067,8944,4065,-1,4065,8944,4063,-1,4068,4069,8945,-1,8945,4069,8946,-1,8945,8946,1376,-1,1376,8946,1460,-1,4074,8947,4073,-1,4073,8947,8946,-1,4073,8946,4071,-1,4071,8946,4069,-1,4074,4075,8947,-1,8947,4075,8948,-1,8947,8948,1466,-1,1466,8948,1468,-1,4080,8949,4079,-1,4079,8949,8948,-1,4079,8948,4077,-1,4077,8948,4075,-1,4080,4081,8949,-1,8949,4081,8950,-1,8949,8950,1472,-1,1472,8950,1474,-1,4086,8951,4085,-1,4085,8951,8950,-1,4085,8950,4083,-1,4083,8950,4081,-1,4086,4087,8951,-1,8951,4087,8885,-1,8951,8885,1477,-1,1477,8885,1479,-1,4092,8884,4091,-1,4091,8884,8885,-1,4091,8885,4089,-1,4089,8885,4087,-1,4092,4093,8884,-1,8884,4093,8952,-1,8884,8952,1480,-1,1480,8952,1483,-1,4101,8959,3829,-1,3829,8959,8957,-1,3829,8957,4100,-1,4100,8957,8958,-1,4100,8958,3832,-1,3832,8958,8956,-1,3832,8956,4099,-1,4099,8956,8954,-1,4099,8954,3835,-1,3835,8954,8955,-1,3835,8955,4098,-1,4098,8955,8953,-1,4098,8953,4097,-1,4097,8953,8952,-1,4097,8952,4095,-1,4095,8952,4093,-1,4101,3824,8959,-1,8959,3824,8868,-1,8959,8868,1505,-1,1505,8868,1506,-1,3823,4102,8868,-1,8868,4102,8867,-1,8868,8867,1506,-1,1506,8867,1508,-1,4104,4106,8867,-1,8867,4106,8866,-1,8867,8866,1511,-1,1511,8866,1512,-1,4107,4114,8866,-1,8866,4114,8865,-1,8866,8865,1514,-1,1514,8865,1516,-1,4113,4111,8865,-1,8865,4111,8864,-1,8865,8864,1516,-1,1516,8864,1519,-1,4109,4108,8864,-1,8864,4108,8863,-1,8864,8863,1521,-1,1521,8863,1523,-1,4115,4117,8863,-1,8863,4117,8862,-1,8863,8862,1524,-1,1524,8862,1526,-1,4119,4120,8862,-1,8862,4120,8861,-1,8862,8861,1526,-1,1526,8861,1528,-1,4124,4122,8861,-1,8861,4122,8860,-1,8861,8860,1531,-1,1531,8860,1532,-1,4121,4126,8860,-1,8860,4126,8859,-1,8860,8859,1534,-1,1534,8859,1536,-1,4128,4132,8859,-1,8859,4132,8858,-1,8859,8858,1536,-1,1536,8858,1544,-1,4131,4130,8858,-1,8858,4130,8857,-1,8858,8857,1546,-1,1546,8857,1547,-1,4133,4135,8857,-1,8857,4135,8856,-1,8857,8856,1539,-1,1539,8856,1541,-1,4137,4138,8856,-1,8856,4138,8855,-1,8856,8855,1541,-1,1541,8855,1549,-1,4139,4141,8855,-1,8855,4141,8854,-1,8855,8854,1551,-1,1551,8854,1552,-1,4143,4144,8854,-1,8854,4144,8853,-1,8854,8853,1554,-1,1554,8853,1562,-1,4145,4147,8853,-1,8853,4147,8852,-1,8853,8852,1562,-1,1562,8852,1564,-1,4149,4150,8852,-1,8852,4150,8851,-1,8852,8851,1566,-1,1566,8851,1567,-1,4151,4153,8851,-1,8851,4153,8850,-1,8851,8850,1557,-1,1557,8850,1559,-1,4155,4156,8850,-1,8850,4156,8849,-1,8850,8849,1559,-1,1559,8849,1569,-1,4157,4159,8849,-1,8849,4159,8848,-1,8849,8848,1571,-1,1571,8848,1573,-1,4161,4162,8848,-1,8848,4162,8847,-1,8848,8847,1575,-1,1575,8847,1577,-1,4163,4165,8847,-1,8847,4165,8846,-1,8847,8846,1577,-1,1577,8846,1579,-1,4167,4168,8846,-1,8846,4168,8845,-1,8846,8845,1581,-1,1581,8845,1582,-1,4169,4171,8845,-1,8845,4171,8844,-1,8845,8844,1582,-1,1582,8844,1584,-1,4173,4174,8844,-1,8844,4174,8843,-1,8844,8843,1593,-1,1593,8843,1587,-1,4175,4177,8843,-1,8843,4177,8842,-1,8843,8842,1587,-1,1587,8842,1589,-1,4179,4180,8842,-1,8842,4180,8841,-1,8842,8841,1589,-1,1589,8841,1595,-1,4181,4183,8841,-1,8841,4183,8840,-1,8841,8840,1597,-1,1597,8840,1599,-1,4185,4186,8840,-1,8840,4186,8839,-1,8840,8839,1601,-1,1601,8839,1602,-1,4187,4189,8839,-1,8839,4189,8838,-1,8839,8838,1602,-1,1602,8838,1604,-1,4191,4192,8838,-1,8838,4192,8837,-1,8838,8837,1607,-1,1607,8837,1605,-1,4193,4195,8837,-1,8837,4195,8836,-1,8837,8836,1369,-1,1369,8836,1368,-1,4197,4198,8836,-1,8836,4198,8835,-1,8836,8835,1368,-1,1368,8835,1616,-1,4199,4201,8835,-1,8835,4201,8834,-1,8835,8834,1618,-1,1618,8834,1619,-1,4203,4204,8834,-1,8834,4204,8833,-1,8834,8833,1611,-1,1611,8833,1613,-1,4205,4207,8833,-1,8833,4207,8832,-1,8833,8832,1613,-1,1613,8832,1621,-1,4209,4210,8832,-1,8832,4210,8831,-1,8832,8831,1623,-1,1623,8831,1625,-1,4211,4213,8831,-1,8831,4213,8830,-1,8831,8830,1627,-1,1627,8830,1628,-1,4215,4216,8830,-1,8830,4216,8829,-1,8830,8829,1628,-1,1628,8829,1630,-1,4217,4219,8829,-1,8829,4219,8828,-1,8829,8828,1633,-1,1633,8828,1635,-1,4221,4222,8828,-1,8828,4222,8827,-1,8828,8827,1637,-1,1637,8827,1639,-1,4223,4225,8827,-1,8827,4225,8826,-1,8827,8826,1639,-1,1639,8826,1641,-1,4227,4228,8826,-1,8826,4228,8825,-1,8826,8825,1643,-1,1643,8825,1645,-1,4229,4231,8825,-1,8825,4231,8824,-1,8825,8824,1647,-1,1647,8824,1649,-1,4233,4234,8824,-1,8824,4234,8823,-1,8824,8823,1649,-1,1649,8823,1651,-1,4235,4237,8823,-1,8823,4237,8822,-1,8823,8822,1653,-1,1653,8822,1655,-1,4239,4240,8822,-1,8822,4240,8821,-1,8822,8821,1657,-1,1657,8821,1659,-1,4241,4243,8821,-1,8821,4243,8820,-1,8821,8820,1659,-1,1659,8820,1661,-1,4245,4246,8820,-1,8820,4246,8819,-1,8820,8819,1663,-1,1663,8819,1665,-1,4247,4249,8819,-1,8819,4249,8818,-1,8819,8818,1667,-1,1667,8818,1669,-1,4251,4252,8818,-1,8818,4252,8817,-1,8818,8817,1669,-1,1669,8817,1671,-1,4253,4255,8817,-1,8817,4255,8816,-1,8817,8816,1673,-1,1673,8816,1674,-1,4257,4258,8816,-1,8816,4258,8815,-1,8816,8815,1676,-1,1676,8815,1699,-1,4259,4261,8815,-1,8815,4261,8814,-1,8815,8814,1699,-1,1699,8814,1697,-1,4263,4264,8814,-1,8814,4264,8813,-1,8814,8813,1695,-1,1695,8813,1693,-1,4265,4267,8813,-1,8813,4267,8812,-1,8813,8812,1691,-1,1691,8812,1689,-1,4269,4270,8812,-1,8812,4270,8811,-1,8812,8811,1689,-1,1689,8811,1687,-1,4271,4273,8811,-1,8811,4273,8810,-1,8811,8810,1683,-1,1683,8810,1681,-1,4275,4276,8810,-1,8810,4276,8809,-1,8810,8809,1681,-1,1681,8809,1679,-1,4277,4279,8809,-1,8809,4279,8808,-1,8809,8808,1679,-1,1679,8808,1677,-1,4281,4282,8808,-1,8808,4282,8807,-1,8808,8807,1365,-1,1365,8807,1364,-1,4283,4285,8807,-1,8807,4285,8806,-1,8807,8806,1364,-1,1364,8806,1707,-1,4287,4288,8806,-1,8806,4288,8805,-1,8806,8805,1710,-1,1710,8805,1704,-1,4289,4291,8805,-1,8805,4291,8804,-1,8805,8804,1704,-1,1704,8804,1702,-1,4293,4294,8804,-1,8804,4294,8803,-1,8804,8803,1702,-1,1702,8803,1843,-1,4295,4297,8803,-1,8803,4297,8802,-1,8803,8802,1841,-1,1841,8802,1839,-1,4299,4300,8802,-1,8802,4300,8801,-1,8802,8801,1837,-1,1837,8801,1835,-1,4301,4303,8801,-1,8801,4303,8800,-1,8801,8800,1835,-1,1835,8800,1833,-1,4305,4306,8800,-1,8800,4306,8799,-1,8800,8799,1831,-1,1831,8799,1829,-1,4307,4309,8799,-1,8799,4309,8798,-1,8799,8798,1827,-1,1827,8798,1825,-1,4311,4312,8798,-1,8798,4312,8797,-1,8798,8797,1825,-1,1825,8797,1823,-1,4313,4315,8797,-1,8797,4315,8796,-1,8797,8796,1821,-1,1821,8796,1819,-1,4317,4318,8796,-1,8796,4318,8795,-1,8796,8795,1817,-1,1817,8795,1815,-1,4319,4321,8795,-1,8795,4321,8794,-1,8795,8794,1815,-1,1815,8794,1813,-1,4323,4324,8794,-1,8794,4324,8793,-1,8794,8793,1811,-1,1811,8793,1809,-1,4325,4327,8793,-1,8793,4327,8792,-1,8793,8792,1807,-1,1807,8792,1805,-1,4329,4330,8792,-1,8792,4330,8791,-1,8792,8791,1805,-1,1805,8791,1803,-1,4334,4332,8791,-1,8791,4332,8790,-1,8791,8790,1801,-1,1801,8790,1799,-1,4331,4336,8790,-1,8790,4336,8789,-1,8790,8789,1797,-1,1797,8789,1795,-1,4338,4342,8789,-1,8789,4342,8788,-1,8789,8788,1795,-1,1795,8788,1793,-1,4341,4340,8788,-1,8788,4340,8960,-1,8788,8960,1791,-1,1791,8960,1789,-1,4340,4346,8960,-1,8960,4346,4344,-1,8960,4344,8961,-1,8961,4344,4343,-1,8961,4343,8962,-1,4343,4353,8962,-1,8962,4353,4351,-1,8962,4351,8963,-1,8963,4351,4349,-1,4349,4348,8963,-1,8963,4348,8965,-1,8963,8965,1777,-1,1777,8965,1775,-1,4348,4359,8965,-1,8965,4359,4357,-1,8965,4357,8964,-1,8964,4357,4355,-1,4355,4354,8964,-1,8964,4354,8966,-1,8964,8966,1771,-1,1771,8966,1769,-1,4354,4365,8966,-1,8966,4365,4363,-1,8966,4363,8967,-1,8967,4363,4361,-1,4361,4360,8967,-1,8967,4360,8968,-1,8967,8968,1765,-1,1765,8968,1763,-1,4360,4366,8968,-1,8968,4366,4368,-1,8968,4368,8969,-1,8969,4368,4370,-1,4374,8883,4372,-1,4372,8883,8969,-1,4372,8969,4371,-1,4371,8969,4370,-1,4374,4376,8883,-1,8883,4376,8970,-1,8883,8970,1755,-1,1755,8970,1753,-1,4380,8971,4378,-1,4378,8971,8970,-1,4378,8970,4377,-1,4377,8970,4376,-1,4380,4382,8971,-1,8971,4382,8972,-1,8971,8972,1747,-1,1747,8972,1745,-1,4386,8973,4384,-1,4384,8973,8972,-1,4384,8972,4383,-1,4383,8972,4382,-1,4386,4388,8973,-1,8973,4388,8975,-1,8973,8975,1741,-1,1741,8975,1739,-1,4392,8974,4390,-1,4390,8974,8975,-1,4390,8975,4389,-1,4389,8975,4388,-1,4392,4394,8974,-1,8974,4394,8976,-1,8974,8976,1735,-1,1735,8976,1733,-1,4398,8977,4396,-1,4396,8977,8976,-1,4396,8976,4395,-1,4395,8976,4394,-1,4398,4400,8977,-1,8977,4400,8978,-1,8977,8978,1729,-1,1729,8978,1727,-1,4404,8979,4402,-1,4402,8979,8978,-1,4402,8978,4401,-1,4401,8978,4400,-1,4404,4406,8979,-1,8979,4406,8981,-1,8979,8981,1721,-1,1721,8981,1719,-1,4410,8980,4408,-1,4408,8980,8981,-1,4408,8981,4407,-1,4407,8981,4406,-1,4410,4412,8980,-1,8980,4412,8982,-1,8980,8982,1715,-1,1715,8982,1713,-1,4416,8983,4414,-1,4414,8983,8982,-1,4414,8982,4413,-1,4413,8982,4412,-1,4416,4418,8983,-1,8983,4418,8984,-1,8983,8984,2100,-1,2100,8984,2098,-1,4422,8985,4420,-1,4420,8985,8984,-1,4420,8984,4419,-1,4419,8984,4418,-1,4422,4424,8985,-1,8985,4424,8987,-1,8985,8987,2092,-1,2092,8987,2090,-1,4428,8986,4426,-1,4426,8986,8987,-1,4426,8987,4425,-1,4425,8987,4424,-1,4428,4430,8986,-1,8986,4430,8988,-1,8986,8988,2086,-1,2086,8988,2084,-1,4434,8989,4432,-1,4432,8989,8988,-1,4432,8988,4431,-1,4431,8988,4430,-1,4434,4436,8989,-1,8989,4436,8990,-1,8989,8990,2080,-1,2080,8990,2078,-1,4440,8991,4438,-1,4438,8991,8990,-1,4438,8990,4437,-1,4437,8990,4436,-1,4440,4442,8991,-1,8991,4442,8993,-1,8991,8993,2072,-1,2072,8993,2070,-1,4446,8992,4444,-1,4444,8992,8993,-1,4444,8993,4443,-1,4443,8993,4442,-1,4446,4448,8992,-1,8992,4448,8994,-1,8992,8994,2066,-1,2066,8994,2064,-1,4452,8995,4450,-1,4450,8995,8994,-1,4450,8994,4449,-1,4449,8994,4448,-1,4452,4454,8995,-1,8995,4454,8996,-1,8995,8996,2060,-1,2060,8996,2058,-1,4458,8997,4456,-1,4456,8997,8996,-1,4456,8996,4455,-1,4455,8996,4454,-1,4458,4460,8997,-1,8997,4460,8999,-1,8997,8999,2052,-1,2052,8999,2050,-1,4464,8998,4462,-1,4462,8998,8999,-1,4462,8999,4461,-1,4461,8999,4460,-1,4464,4466,8998,-1,8998,4466,9000,-1,8998,9000,2046,-1,2046,9000,2044,-1,4470,9001,4468,-1,4468,9001,9000,-1,4468,9000,4467,-1,4467,9000,4466,-1,4470,4472,9001,-1,9001,4472,9002,-1,9001,9002,2040,-1,2040,9002,2038,-1,4476,9003,4474,-1,4474,9003,9002,-1,4474,9002,4473,-1,4473,9002,4472,-1,4476,4478,9003,-1,9003,4478,9004,-1,9003,9004,2032,-1,2032,9004,2030,-1,4482,9005,4480,-1,4480,9005,9004,-1,4480,9004,4479,-1,4479,9004,4478,-1,4482,4484,9005,-1,9005,4484,9006,-1,9005,9006,2026,-1,2026,9006,2024,-1,4488,9007,4486,-1,4486,9007,9006,-1,4486,9006,4485,-1,4485,9006,4484,-1,4488,4490,9007,-1,9007,4490,9008,-1,9007,9008,2020,-1,2020,9008,2018,-1,4494,9009,4492,-1,4492,9009,9008,-1,4492,9008,4491,-1,4491,9008,4490,-1,4494,4496,9009,-1,9009,4496,9010,-1,9009,9010,2014,-1,2014,9010,2012,-1,4500,9011,4498,-1,4498,9011,9010,-1,4498,9010,4497,-1,4497,9010,4496,-1,4500,4502,9011,-1,9011,4502,9013,-1,9011,9013,2006,-1,2006,9013,2004,-1,4506,9012,4504,-1,4504,9012,9013,-1,4504,9013,4503,-1,4503,9013,4502,-1,4506,4508,9012,-1,9012,4508,9014,-1,9012,9014,2000,-1,2000,9014,1998,-1,4512,9015,4510,-1,4510,9015,9014,-1,4510,9014,4509,-1,4509,9014,4508,-1,4512,4514,9015,-1,9015,4514,9016,-1,9015,9016,1994,-1,1994,9016,1992,-1,4518,9017,4516,-1,4516,9017,9016,-1,4516,9016,4515,-1,4515,9016,4514,-1,4518,4520,9017,-1,9017,4520,9019,-1,9017,9019,1986,-1,1986,9019,1984,-1,4524,9018,4522,-1,4522,9018,9019,-1,4522,9019,4521,-1,4521,9019,4520,-1,4524,4526,9018,-1,9018,4526,9020,-1,9018,9020,1980,-1,1980,9020,1978,-1,4530,9021,4528,-1,4528,9021,9020,-1,4528,9020,4527,-1,4527,9020,4526,-1,4530,4532,9021,-1,9021,4532,9022,-1,9021,9022,1974,-1,1974,9022,1972,-1,4536,9023,4534,-1,4534,9023,9022,-1,4534,9022,4533,-1,4533,9022,4532,-1,4536,4538,9023,-1,9023,4538,9025,-1,9023,9025,1966,-1,1966,9025,1964,-1,4542,9024,4540,-1,4540,9024,9025,-1,4540,9025,4539,-1,4539,9025,4538,-1,4542,4544,9024,-1,9024,4544,9026,-1,9024,9026,1960,-1,1960,9026,1958,-1,4548,9027,4546,-1,4546,9027,9026,-1,4546,9026,4545,-1,4545,9026,4544,-1,4548,4550,9027,-1,9027,4550,9028,-1,9027,9028,1954,-1,1954,9028,1952,-1,4554,9029,4552,-1,4552,9029,9028,-1,4552,9028,4551,-1,4551,9028,4550,-1,4554,4556,9029,-1,9029,4556,9031,-1,9029,9031,1946,-1,1946,9031,1944,-1,4560,9030,4558,-1,4558,9030,9031,-1,4558,9031,4557,-1,4557,9031,4556,-1,4560,4562,9030,-1,9030,4562,9032,-1,9030,9032,1940,-1,1940,9032,1938,-1,4566,9033,4564,-1,4564,9033,9032,-1,4564,9032,4563,-1,4563,9032,4562,-1,4566,4568,9033,-1,9033,4568,9034,-1,9033,9034,1934,-1,1934,9034,1932,-1,4572,9035,4570,-1,4570,9035,9034,-1,4570,9034,4569,-1,4569,9034,4568,-1,4572,4574,9035,-1,9035,4574,9037,-1,9035,9037,1926,-1,1926,9037,1924,-1,4578,9036,4576,-1,4576,9036,9037,-1,4576,9037,4575,-1,4575,9037,4574,-1,4578,4580,9036,-1,9036,4580,9038,-1,9036,9038,1920,-1,1920,9038,1918,-1,4584,9039,4582,-1,4582,9039,9038,-1,4582,9038,4581,-1,4581,9038,4580,-1,4584,4586,9039,-1,9039,4586,9040,-1,9039,9040,1914,-1,1914,9040,1912,-1,4590,9041,4588,-1,4588,9041,9040,-1,4588,9040,4587,-1,4587,9040,4586,-1,4590,4592,9041,-1,9041,4592,9042,-1,9041,9042,1906,-1,1906,9042,1904,-1,4596,9043,4594,-1,4594,9043,9042,-1,4594,9042,4593,-1,4593,9042,4592,-1,4596,4598,9043,-1,9043,4598,9044,-1,9043,9044,1900,-1,1900,9044,1898,-1,4602,9045,4600,-1,4600,9045,9044,-1,4600,9044,4599,-1,4599,9044,4598,-1,4602,4604,9045,-1,9045,4604,8882,-1,9045,8882,1892,-1,1892,8882,1890,-1,4608,8881,4606,-1,4606,8881,8882,-1,4606,8882,4605,-1,4605,8882,4604,-1,4608,4610,8881,-1,8881,4610,9046,-1,8881,9046,1888,-1,1888,9046,1886,-1,4614,9047,4612,-1,4612,9047,9046,-1,4612,9046,4611,-1,4611,9046,4610,-1,4614,4616,9047,-1,9047,4616,9049,-1,9047,9049,1880,-1,1880,9049,1878,-1,4620,9048,4618,-1,4618,9048,9049,-1,4618,9049,4617,-1,4617,9049,4616,-1,4620,4622,9048,-1,9048,4622,9050,-1,9048,9050,1874,-1,1874,9050,1872,-1,4630,9056,3819,-1,3819,9056,9054,-1,3819,9054,4629,-1,4629,9054,9055,-1,4629,9055,3822,-1,3822,9055,9053,-1,3822,9053,4628,-1,4628,9053,9052,-1,4628,9052,4626,-1,4626,9052,9051,-1,4626,9051,4624,-1,4624,9051,9050,-1,4624,9050,4623,-1,4623,9050,4622,-1,4630,4634,9056,-1,9056,4634,8787,-1,9056,8787,1850,-1,1850,8787,1848,-1,4632,4631,8787,-1,8787,4631,8786,-1,8787,8786,1848,-1,1848,8786,2102,-1,4636,4638,8786,-1,8786,4638,8785,-1,8786,8785,2103,-1,2103,8785,2105,-1,4640,4641,8785,-1,8785,4641,8784,-1,8785,8784,2108,-1,2108,8784,2109,-1,4643,4645,8784,-1,8784,4645,8783,-1,8784,8783,2109,-1,2109,8783,2112,-1,4646,4647,8783,-1,8783,4647,8782,-1,8783,8782,2114,-1,2114,8782,2116,-1,4649,4653,8782,-1,8782,4653,8781,-1,8782,8781,2117,-1,2117,8781,1361,-1,4652,4651,8781,-1,8781,4651,8780,-1,8781,8780,1361,-1,1361,8780,2121,-1,4654,4656,8780,-1,8780,4656,9057,-1,8780,9057,2118,-1,2118,9057,2123,-1,4656,4658,9057,-1,9057,4658,4659,-1,9057,4659,9058,-1,9058,4659,4660,-1,9058,4660,9059,-1,9059,4660,4662,-1,4662,4664,9059,-1,9059,4664,4665,-1,9059,4665,8880,-1,8880,4665,4667,-1,8880,4667,8879,-1,8879,4667,4669,-1,8879,4669,4670,-1,4670,4677,8879,-1,8879,4677,8779,-1,8879,8779,1357,-1,1357,8779,2135,-1,4676,4674,8779,-1,8779,4674,8778,-1,8779,8778,2137,-1,2137,8778,2139,-1,4672,4671,8778,-1,8778,4671,8777,-1,8778,8777,2140,-1,2140,8777,1354,-1,4678,4680,8777,-1,8777,4680,8776,-1,8777,8776,1354,-1,1354,8776,2145,-1,4682,4683,8776,-1,8776,4683,8775,-1,8776,8775,2146,-1,2146,8775,2143,-1,4684,4686,8775,-1,8775,4686,8774,-1,8775,8774,2148,-1,2148,8774,2150,-1,4688,4689,8774,-1,8774,4689,8773,-1,8774,8773,2152,-1,2152,8773,2161,-1,4690,4692,8773,-1,8773,4692,8772,-1,8773,8772,2161,-1,2161,8772,2160,-1,4694,4695,8772,-1,8772,4695,8771,-1,8772,8771,2160,-1,2160,8771,2158,-1,4696,4698,8771,-1,8771,4698,9062,-1,8771,9062,2162,-1,2162,9062,2163,-1,4698,4700,9062,-1,9062,4700,4701,-1,9062,4701,9061,-1,9061,4701,4702,-1,9061,4702,9060,-1,9060,4702,4704,-1,9060,4704,4706,-1,4706,4707,9060,-1,9060,4707,8770,-1,9060,8770,2170,-1,2170,8770,2172,-1,4708,4710,8770,-1,8770,4710,8769,-1,8770,8769,2174,-1,2174,8769,2175,-1,4712,4713,8769,-1,8769,4713,8768,-1,8769,8768,2175,-1,2175,8768,1351,-1,4714,4716,8768,-1,8768,4716,8767,-1,8768,8767,1350,-1,1350,8767,2178,-1,4718,4719,8767,-1,8767,4719,8766,-1,8767,8766,2179,-1,2179,8766,2181,-1,4720,4722,8766,-1,8766,4722,8765,-1,8766,8765,2181,-1,2181,8765,2183,-1,4724,4725,8765,-1,8765,4725,8764,-1,8765,8764,2185,-1,2185,8764,2188,-1,4726,4728,8764,-1,8764,4728,8763,-1,8764,8763,2190,-1,2190,8763,2191,-1,4730,4731,8763,-1,8763,4731,8762,-1,8763,8762,2191,-1,2191,8762,2193,-1,4732,4734,8762,-1,8762,4734,8761,-1,8762,8761,2196,-1,2196,8761,2197,-1,4736,4737,8761,-1,8761,4737,8760,-1,8761,8760,2199,-1,2199,8760,2201,-1,4738,4740,8760,-1,8760,4740,8759,-1,8760,8759,2201,-1,2201,8759,2204,-1,4742,4743,8759,-1,8759,4743,8758,-1,8759,8758,2206,-1,2206,8758,2208,-1,4744,4746,8758,-1,8758,4746,8757,-1,8758,8757,2209,-1,2209,8757,2211,-1,4748,4749,8757,-1,8757,4749,8756,-1,8757,8756,2211,-1,2211,8756,2214,-1,4750,4752,8756,-1,8756,4752,8755,-1,8756,8755,2216,-1,2216,8755,2217,-1,4754,4755,8755,-1,8755,4755,8754,-1,8755,8754,2219,-1,2219,8754,2221,-1,4756,4758,8754,-1,8754,4758,8753,-1,8754,8753,2221,-1,2221,8753,2223,-1,4760,4761,8753,-1,8753,4761,8752,-1,8753,8752,2231,-1,2231,8752,2232,-1,4762,4764,8752,-1,8752,4764,8751,-1,8752,8751,2226,-1,2226,8751,2228,-1,4766,4767,8751,-1,8751,4767,8750,-1,8751,8750,2228,-1,2228,8750,2234,-1,4768,4770,8750,-1,8750,4770,8749,-1,8750,8749,2236,-1,2236,8749,2237,-1,4772,4773,8749,-1,8749,4773,8748,-1,8749,8748,2239,-1,2239,8748,2247,-1,4774,4776,8748,-1,8748,4776,8747,-1,8748,8747,2247,-1,2247,8747,2249,-1,4778,4779,8747,-1,8747,4779,8746,-1,8747,8746,2251,-1,2251,8746,2252,-1,4780,4782,8746,-1,8746,4782,8745,-1,8746,8745,2242,-1,2242,8745,2244,-1,4784,4785,8745,-1,8745,4785,8744,-1,8745,8744,2244,-1,2244,8744,2254,-1,4786,4788,8744,-1,8744,4788,8743,-1,8744,8743,2256,-1,2256,8743,2258,-1,4790,4791,8743,-1,8743,4791,8742,-1,8743,8742,2260,-1,2260,8742,2262,-1,4792,4794,8742,-1,8742,4794,8741,-1,8742,8741,2262,-1,2262,8741,2264,-1,4796,4797,8741,-1,8741,4797,8740,-1,8741,8740,2266,-1,2266,8740,2267,-1,4798,4800,8740,-1,8740,4800,8739,-1,8740,8739,2267,-1,2267,8739,2269,-1,4802,4803,8739,-1,8739,4803,8738,-1,8739,8738,2278,-1,2278,8738,2272,-1,4804,4806,8738,-1,8738,4806,8737,-1,8738,8737,2272,-1,2272,8737,2274,-1,4808,4809,8737,-1,8737,4809,8736,-1,8737,8736,2274,-1,2274,8736,2280,-1,4810,4812,8736,-1,8736,4812,8735,-1,8736,8735,2282,-1,2282,8735,2284,-1,4814,4815,8735,-1,8735,4815,8734,-1,8735,8734,2286,-1,2286,8734,2287,-1,4816,4818,8734,-1,8734,4818,8733,-1,8734,8733,2287,-1,2287,8733,2289,-1,4820,4821,8733,-1,8733,4821,8732,-1,8733,8732,2292,-1,2292,8732,2290,-1,4822,4824,8732,-1,8732,4824,8731,-1,8732,8731,1347,-1,1347,8731,1346,-1,4826,4827,8731,-1,8731,4827,8730,-1,8731,8730,1346,-1,1346,8730,2301,-1,4828,4830,8730,-1,8730,4830,8729,-1,8730,8729,2303,-1,2303,8729,2304,-1,4832,4833,8729,-1,8729,4833,8728,-1,8729,8728,2296,-1,2296,8728,2298,-1,4834,4836,8728,-1,8728,4836,8727,-1,8728,8727,2298,-1,2298,8727,2311,-1,4838,4839,8727,-1,8727,4839,8726,-1,8727,8726,2313,-1,2313,8726,2315,-1,4840,4842,8726,-1,8726,4842,8725,-1,8726,8725,2317,-1,2317,8725,2319,-1,4844,4845,8725,-1,8725,4845,8724,-1,8725,8724,2319,-1,2319,8724,2321,-1,4846,4848,8724,-1,8724,4848,8723,-1,8724,8723,2323,-1,2323,8723,2324,-1,4850,4851,8723,-1,8723,4851,8722,-1,8723,8722,2306,-1,2306,8722,2308,-1,4852,4854,8722,-1,8722,4854,8721,-1,8722,8721,2308,-1,2308,8721,2326,-1,4856,4857,8721,-1,8721,4857,8720,-1,8721,8720,2328,-1,2328,8720,2330,-1,4858,4860,8720,-1,8720,4860,9063,-1,8720,9063,2332,-1,2332,9063,2334,-1,4860,4862,9063,-1,9063,4862,4863,-1,9063,4863,9064,-1,9064,4863,4864,-1,9064,4864,9065,-1,9065,4864,4866,-1,9065,4866,4868,-1,4868,4874,9065,-1,9065,4874,8719,-1,9065,8719,2342,-1,2342,8719,2344,-1,4872,4870,8719,-1,8719,4870,8718,-1,8719,8718,2344,-1,2344,8718,2346,-1,4869,4880,8718,-1,8718,4880,8717,-1,8718,8717,2348,-1,2348,8717,2350,-1,4878,4876,8717,-1,8717,4876,8716,-1,8717,8716,2352,-1,2352,8716,2354,-1,4875,4886,8716,-1,8716,4886,9066,-1,8716,9066,2354,-1,2354,9066,2356,-1,4886,4884,9066,-1,9066,4884,4882,-1,9066,4882,9067,-1,9067,4882,4881,-1,9067,4881,9069,-1,4881,4892,9069,-1,9069,4892,4890,-1,9069,4890,9068,-1,9068,4890,4888,-1,4888,4887,9068,-1,9068,4887,9070,-1,9068,9070,2368,-1,2368,9070,2370,-1,4887,4898,9070,-1,9070,4898,4896,-1,9070,4896,9071,-1,9071,4896,4894,-1,4894,4893,9071,-1,9071,4893,9072,-1,9071,9072,2374,-1,2374,9072,2376,-1,4893,4899,9072,-1,9072,4899,4901,-1,9072,4901,9073,-1,9073,4901,4903,-1,4907,8878,4905,-1,4905,8878,9073,-1,4905,9073,4904,-1,4904,9073,4903,-1,4907,4909,8878,-1,8878,4909,9074,-1,8878,9074,2384,-1,2384,9074,2382,-1,4913,9075,4911,-1,4911,9075,9074,-1,4911,9074,4910,-1,4910,9074,4909,-1,4913,4915,9075,-1,9075,4915,9076,-1,9075,9076,1342,-1,1342,9076,2392,-1,4919,9077,4917,-1,4917,9077,9076,-1,4917,9076,4916,-1,4916,9076,4915,-1,4919,4921,9077,-1,9077,4921,9079,-1,9077,9079,2389,-1,2389,9079,2387,-1,4925,9078,4923,-1,4923,9078,9079,-1,4923,9079,4922,-1,4922,9079,4921,-1,4925,4927,9078,-1,9078,4927,9080,-1,9078,9080,2512,-1,2512,9080,2510,-1,4931,9081,4929,-1,4929,9081,9080,-1,4929,9080,4928,-1,4928,9080,4927,-1,4931,4933,9081,-1,9081,4933,9082,-1,9081,9082,2506,-1,2506,9082,2504,-1,4937,9083,4935,-1,4935,9083,9082,-1,4935,9082,4934,-1,4934,9082,4933,-1,4937,4939,9083,-1,9083,4939,9085,-1,9083,9085,2498,-1,2498,9085,2496,-1,4943,9084,4941,-1,4941,9084,9085,-1,4941,9085,4940,-1,4940,9085,4939,-1,4943,4945,9084,-1,9084,4945,9086,-1,9084,9086,2492,-1,2492,9086,2490,-1,4949,9087,4947,-1,4947,9087,9086,-1,4947,9086,4946,-1,4946,9086,4945,-1,4949,4951,9087,-1,9087,4951,9088,-1,9087,9088,2486,-1,2486,9088,2484,-1,4955,9089,4953,-1,4953,9089,9088,-1,4953,9088,4952,-1,4952,9088,4951,-1,4955,4957,9089,-1,9089,4957,9091,-1,9089,9091,2478,-1,2478,9091,2476,-1,4961,9090,4959,-1,4959,9090,9091,-1,4959,9091,4958,-1,4958,9091,4957,-1,4961,4963,9090,-1,9090,4963,9092,-1,9090,9092,2472,-1,2472,9092,2470,-1,4967,9093,4965,-1,4965,9093,9092,-1,4965,9092,4964,-1,4964,9092,4963,-1,4967,4969,9093,-1,9093,4969,9094,-1,9093,9094,2466,-1,2466,9094,2464,-1,4973,9095,4971,-1,4971,9095,9094,-1,4971,9094,4970,-1,4970,9094,4969,-1,4973,4975,9095,-1,9095,4975,9097,-1,9095,9097,2458,-1,2458,9097,2456,-1,4979,9096,4977,-1,4977,9096,9097,-1,4977,9097,4976,-1,4976,9097,4975,-1,4979,4981,9096,-1,9096,4981,9098,-1,9096,9098,2452,-1,2452,9098,2450,-1,4985,9099,4983,-1,4983,9099,9098,-1,4983,9098,4982,-1,4982,9098,4981,-1,4985,4987,9099,-1,9099,4987,9100,-1,9099,9100,2446,-1,2446,9100,2444,-1,4991,9101,4989,-1,4989,9101,9100,-1,4989,9100,4988,-1,4988,9100,4987,-1,4991,4993,9101,-1,9101,4993,9103,-1,9101,9103,2438,-1,2438,9103,2436,-1,4997,9102,4995,-1,4995,9102,9103,-1,4995,9103,4994,-1,4994,9103,4993,-1,4997,4999,9102,-1,9102,4999,9104,-1,9102,9104,2432,-1,2432,9104,2430,-1,5003,9105,5001,-1,5001,9105,9104,-1,5001,9104,5000,-1,5000,9104,4999,-1,5003,5005,9105,-1,9105,5005,9106,-1,9105,9106,2426,-1,2426,9106,2424,-1,5009,9107,5007,-1,5007,9107,9106,-1,5007,9106,5006,-1,5006,9106,5005,-1,5009,5011,9107,-1,9107,5011,9108,-1,9107,9108,2418,-1,2418,9108,2416,-1,5015,9109,5013,-1,5013,9109,9108,-1,5013,9108,5012,-1,5012,9108,5011,-1,5015,5017,9109,-1,9109,5017,9111,-1,9109,9111,2412,-1,2412,9111,2410,-1,5021,9110,5019,-1,5019,9110,9111,-1,5019,9111,5018,-1,5018,9111,5017,-1,5021,5023,9110,-1,9110,5023,9112,-1,9110,9112,2406,-1,2406,9112,2404,-1,5027,9113,5025,-1,5025,9113,9112,-1,5025,9112,5024,-1,5024,9112,5023,-1,5027,5029,9113,-1,9113,5029,9114,-1,9113,9114,2400,-1,2400,9114,2398,-1,5033,9115,5031,-1,5031,9115,9114,-1,5031,9114,5030,-1,5030,9114,5029,-1,5033,5035,9115,-1,9115,5035,9117,-1,9115,9117,2769,-1,2769,9117,2767,-1,5039,9116,5037,-1,5037,9116,9117,-1,5037,9117,5036,-1,5036,9117,5035,-1,5039,5041,9116,-1,9116,5041,9118,-1,9116,9118,2763,-1,2763,9118,2761,-1,5045,9119,5043,-1,5043,9119,9118,-1,5043,9118,5042,-1,5042,9118,5041,-1,5045,5047,9119,-1,9119,5047,9120,-1,9119,9120,2757,-1,2757,9120,2755,-1,5051,9121,5049,-1,5049,9121,9120,-1,5049,9120,5048,-1,5048,9120,5047,-1,5051,5053,9121,-1,9121,5053,9123,-1,9121,9123,2749,-1,2749,9123,2747,-1,5057,9122,5055,-1,5055,9122,9123,-1,5055,9123,5054,-1,5054,9123,5053,-1,5057,5059,9122,-1,9122,5059,9124,-1,9122,9124,2743,-1,2743,9124,2741,-1,5063,9125,5061,-1,5061,9125,9124,-1,5061,9124,5060,-1,5060,9124,5059,-1,5063,5065,9125,-1,9125,5065,9126,-1,9125,9126,2737,-1,2737,9126,2735,-1,5069,9127,5067,-1,5067,9127,9126,-1,5067,9126,5066,-1,5066,9126,5065,-1,5069,5071,9127,-1,9127,5071,9129,-1,9127,9129,2729,-1,2729,9129,2727,-1,5075,9128,5073,-1,5073,9128,9129,-1,5073,9129,5072,-1,5072,9129,5071,-1,5075,5077,9128,-1,9128,5077,9130,-1,9128,9130,2723,-1,2723,9130,2721,-1,5081,9131,5079,-1,5079,9131,9130,-1,5079,9130,5078,-1,5078,9130,5077,-1,5081,5083,9131,-1,9131,5083,9132,-1,9131,9132,2717,-1,2717,9132,2715,-1,5087,9133,5085,-1,5085,9133,9132,-1,5085,9132,5084,-1,5084,9132,5083,-1,5087,5089,9133,-1,9133,5089,9135,-1,9133,9135,2709,-1,2709,9135,2707,-1,5093,9134,5091,-1,5091,9134,9135,-1,5091,9135,5090,-1,5090,9135,5089,-1,5093,5095,9134,-1,9134,5095,9136,-1,9134,9136,2703,-1,2703,9136,2701,-1,5099,9137,5097,-1,5097,9137,9136,-1,5097,9136,5096,-1,5096,9136,5095,-1,5099,5101,9137,-1,9137,5101,9138,-1,9137,9138,2697,-1,2697,9138,2695,-1,5105,9139,5103,-1,5103,9139,9138,-1,5103,9138,5102,-1,5102,9138,5101,-1,5105,5107,9139,-1,9139,5107,9140,-1,9139,9140,2689,-1,2689,9140,2687,-1,5111,9141,5109,-1,5109,9141,9140,-1,5109,9140,5108,-1,5108,9140,5107,-1,5111,5113,9141,-1,9141,5113,9142,-1,9141,9142,2683,-1,2683,9142,2681,-1,5117,9143,5115,-1,5115,9143,9142,-1,5115,9142,5114,-1,5114,9142,5113,-1,5117,5119,9143,-1,9143,5119,9144,-1,9143,9144,2677,-1,2677,9144,2675,-1,5123,9145,5121,-1,5121,9145,9144,-1,5121,9144,5120,-1,5120,9144,5119,-1,5123,5125,9145,-1,9145,5125,9146,-1,9145,9146,2671,-1,2671,9146,2669,-1,5129,9147,5127,-1,5127,9147,9146,-1,5127,9146,5126,-1,5126,9146,5125,-1,5129,5131,9147,-1,9147,5131,9149,-1,9147,9149,2663,-1,2663,9149,2661,-1,5135,9148,5133,-1,5133,9148,9149,-1,5133,9149,5132,-1,5132,9149,5131,-1,5135,5137,9148,-1,9148,5137,9150,-1,9148,9150,2657,-1,2657,9150,2655,-1,5141,9151,5139,-1,5139,9151,9150,-1,5139,9150,5138,-1,5138,9150,5137,-1,5141,5143,9151,-1,9151,5143,9152,-1,9151,9152,2651,-1,2651,9152,2649,-1,5147,9153,5145,-1,5145,9153,9152,-1,5145,9152,5144,-1,5144,9152,5143,-1,5147,5149,9153,-1,9153,5149,9155,-1,9153,9155,2643,-1,2643,9155,2641,-1,5153,9154,5151,-1,5151,9154,9155,-1,5151,9155,5150,-1,5150,9155,5149,-1,5153,5155,9154,-1,9154,5155,9156,-1,9154,9156,2637,-1,2637,9156,2635,-1,3810,8876,5163,-1,5163,8876,8877,-1,5163,8877,3813,-1,3813,8877,9160,-1,3813,9160,5162,-1,5162,9160,9161,-1,5162,9161,3816,-1,3816,9161,9159,-1,3816,9159,5161,-1,5161,9159,9158,-1,5161,9158,5159,-1,5159,9158,9157,-1,5159,9157,5157,-1,5157,9157,9156,-1,5157,9156,5156,-1,5156,9156,5155,-1,3810,5164,8876,-1,8876,5164,8715,-1,8876,8715,2611,-1,2611,8715,2609,-1,5165,5167,8715,-1,8715,5167,8714,-1,8715,8714,2607,-1,2607,8714,2605,-1,5169,5170,8714,-1,8714,5170,8713,-1,8714,8713,2603,-1,2603,8713,2601,-1,5171,5173,8713,-1,8713,5173,8712,-1,8713,8712,2601,-1,2601,8712,2599,-1,5175,5176,8712,-1,8712,5176,8711,-1,8712,8711,2597,-1,2597,8711,2595,-1,5180,5178,8711,-1,8711,5178,8710,-1,8711,8710,2593,-1,2593,8710,2591,-1,5177,5182,8710,-1,8710,5182,8709,-1,8710,8709,2591,-1,2591,8709,2589,-1,5184,5188,8709,-1,8709,5188,8708,-1,8709,8708,2587,-1,2587,8708,2585,-1,5187,5186,8708,-1,8708,5186,8707,-1,8708,8707,2583,-1,2583,8707,2581,-1,5189,5191,8707,-1,8707,5191,8706,-1,8707,8706,2581,-1,2581,8706,2579,-1,5193,5194,8706,-1,8706,5194,8705,-1,8706,8705,2577,-1,2577,8705,2575,-1,5195,5197,8705,-1,8705,5197,8704,-1,8705,8704,2573,-1,2573,8704,2571,-1,5199,5200,8704,-1,8704,5200,8703,-1,8704,8703,2571,-1,2571,8703,2569,-1,5202,5206,8703,-1,8703,5206,8702,-1,8703,8702,2567,-1,2567,8702,2565,-1,5205,5204,8702,-1,8702,5204,8701,-1,8702,8701,2565,-1,2565,8701,2563,-1,5207,5209,8701,-1,8701,5209,8700,-1,8701,8700,2559,-1,2559,8700,2557,-1,5211,5212,8700,-1,8700,5212,8699,-1,8700,8699,2557,-1,2557,8699,2555,-1,5213,5215,8699,-1,8699,5215,8698,-1,8699,8698,2553,-1,2553,8698,2551,-1,5217,5218,8698,-1,8698,5218,8697,-1,8698,8697,2549,-1,2549,8697,2547,-1,5219,5221,8697,-1,8697,5221,9162,-1,8697,9162,2547,-1,2547,9162,2545,-1,5221,5223,9162,-1,9162,5223,5224,-1,9162,5224,9163,-1,9163,5224,5225,-1,9163,5225,9164,-1,9164,5225,5227,-1,9164,5227,5229,-1,5229,5230,9164,-1,9164,5230,8696,-1,9164,8696,2537,-1,2537,8696,2535,-1,5231,5233,8696,-1,8696,5233,8695,-1,8696,8695,2535,-1,2535,8695,2533,-1,5235,5236,8695,-1,8695,5236,8694,-1,8695,8694,2531,-1,2531,8694,2529,-1,5237,5239,8694,-1,8694,5239,8693,-1,8694,8693,2527,-1,2527,8693,2525,-1,5241,5242,8693,-1,8693,5242,8692,-1,8693,8692,2525,-1,2525,8692,2523,-1,5243,5245,8692,-1,8692,5245,8691,-1,8692,8691,2521,-1,2521,8691,2519,-1,5247,5248,8691,-1,8691,5248,8690,-1,8691,8690,2773,-1,2773,8690,2774,-1,5249,5251,8690,-1,8690,5251,8689,-1,8690,8689,2774,-1,2774,8689,2777,-1,5253,5254,8689,-1,8689,5254,8688,-1,8689,8688,2779,-1,2779,8688,2781,-1,5255,5257,8688,-1,8688,5257,8687,-1,8688,8687,2783,-1,2783,8687,2784,-1,5259,5260,8687,-1,8687,5260,8686,-1,8687,8686,2784,-1,2784,8686,2787,-1,5261,5263,8686,-1,8686,5263,8685,-1,8686,8685,2788,-1,2788,8685,2790,-1,5265,5266,8685,-1,8685,5266,8684,-1,8685,8684,2793,-1,2793,8684,2794,-1,5267,5269,8684,-1,8684,5269,8683,-1,8684,8683,2794,-1,2794,8683,2797,-1,5271,5272,8683,-1,8683,5272,8682,-1,8683,8682,2799,-1,2799,8682,2800,-1,5273,5275,8682,-1,8682,5275,8681,-1,8682,8681,1339,-1,1339,8681,1338,-1,5277,5278,8681,-1,8681,5278,8680,-1,8681,8680,1338,-1,1338,8680,2805,-1,5279,5281,8680,-1,8680,5281,8679,-1,8680,8679,2802,-1,2802,8679,2807,-1,5283,5284,8679,-1,8679,5284,8678,-1,8679,8678,2809,-1,2809,8678,2810,-1,5285,5287,8678,-1,8678,5287,8677,-1,8678,8677,2810,-1,2810,8677,2813,-1,5289,5290,8677,-1,8677,5290,8676,-1,8677,8676,2815,-1,2815,8676,2816,-1,5291,5293,8676,-1,8676,5293,8675,-1,8676,8675,1335,-1,1335,8675,1334,-1,5295,5296,8675,-1,8675,5296,8674,-1,8675,8674,1334,-1,1334,8674,2819,-1,5297,5299,8674,-1,8674,5299,8673,-1,8674,8673,2821,-1,2821,8673,2823,-1,5301,5302,8673,-1,8673,5302,8672,-1,8673,8672,2824,-1,2824,8672,1331,-1,5303,5305,8672,-1,8672,5305,8671,-1,8672,8671,1331,-1,1331,8671,2826,-1,5307,5308,8671,-1,8671,5308,8670,-1,8671,8670,2828,-1,2828,8670,2829,-1,5309,5311,8670,-1,8670,5311,8669,-1,8670,8669,2831,-1,2831,8669,2834,-1,5313,5314,8669,-1,8669,5314,8668,-1,8669,8668,2836,-1,2836,8668,2845,-1,5315,5317,8668,-1,8668,5317,8667,-1,8668,8667,2845,-1,2845,8667,2844,-1,5319,5320,8667,-1,8667,5320,8666,-1,8667,8666,2844,-1,2844,8666,2842,-1,5321,5323,8666,-1,8666,5323,8665,-1,8666,8665,2846,-1,2846,8665,2847,-1,5325,5326,8665,-1,8665,5326,8664,-1,8665,8664,2847,-1,2847,8664,2849,-1,5327,5329,8664,-1,8664,5329,8663,-1,8664,8663,2849,-1,2849,8663,2852,-1,5331,5332,8663,-1,8663,5332,8662,-1,8663,8662,2854,-1,2854,8662,2856,-1,5333,5335,8662,-1,8662,5335,8661,-1,8662,8661,2858,-1,2858,8661,2859,-1,5337,5338,8661,-1,8661,5338,8660,-1,8661,8660,2859,-1,2859,8660,1328,-1,5339,5341,8660,-1,8660,5341,8659,-1,8660,8659,1327,-1,1327,8659,2862,-1,5343,5344,8659,-1,8659,5344,8658,-1,8659,8658,2863,-1,2863,8658,2865,-1,5345,5347,8658,-1,8658,5347,8657,-1,8658,8657,2865,-1,2865,8657,2867,-1,5349,5350,8657,-1,8657,5350,8656,-1,8657,8656,2869,-1,2869,8656,2872,-1,5351,5353,8656,-1,8656,5353,8655,-1,8656,8655,2874,-1,2874,8655,2875,-1,5355,5356,8655,-1,8655,5356,8654,-1,8655,8654,2875,-1,2875,8654,2877,-1,5357,5359,8654,-1,8654,5359,8653,-1,8654,8653,2880,-1,2880,8653,2878,-1,5361,5362,8653,-1,8653,5362,8652,-1,8653,8652,1324,-1,1324,8652,1323,-1,5363,5365,8652,-1,8652,5365,8651,-1,8652,8651,1323,-1,1323,8651,2889,-1,5367,5368,8651,-1,8651,5368,8650,-1,8651,8650,2891,-1,2891,8650,2892,-1,5369,5371,8650,-1,8650,5371,8649,-1,8650,8649,2884,-1,2884,8649,2886,-1,5373,5374,8649,-1,8649,5374,8648,-1,8649,8648,2886,-1,2886,8648,2894,-1,5375,5377,8648,-1,8648,5377,8647,-1,8648,8647,2896,-1,2896,8647,2897,-1,5379,5380,8647,-1,8647,5380,8646,-1,8647,8646,2899,-1,2899,8646,2907,-1,5381,5383,8646,-1,8646,5383,8645,-1,8646,8645,2907,-1,2907,8645,2909,-1,5385,5386,8645,-1,8645,5386,8644,-1,8645,8644,2911,-1,2911,8644,2912,-1,5387,5389,8644,-1,8644,5389,8643,-1,8644,8643,2902,-1,2902,8643,2904,-1,5391,5392,8643,-1,8643,5392,8642,-1,8643,8642,2904,-1,2904,8642,2914,-1,5393,5395,8642,-1,8642,5395,8641,-1,8642,8641,2916,-1,2916,8641,2918,-1,5397,5398,8641,-1,8641,5398,8640,-1,8641,8640,2920,-1,2920,8640,2922,-1,5399,5401,8640,-1,8640,5401,8639,-1,8640,8639,2922,-1,2922,8639,2924,-1,5403,5409,8639,-1,8639,5409,9165,-1,8639,9165,2926,-1,2926,9165,2927,-1,5409,5407,9165,-1,9165,5407,5405,-1,9165,5405,9166,-1,9166,5405,5404,-1,9166,5404,9167,-1,9167,5404,5415,-1,9167,5415,5413,-1,5413,5411,9167,-1,9167,5411,8638,-1,9167,8638,2936,-1,2936,8638,2938,-1,5410,5421,8638,-1,8638,5421,9168,-1,8638,9168,2940,-1,2940,9168,2942,-1,5421,5419,9168,-1,9168,5419,5417,-1,9168,5417,9169,-1,9169,5417,5416,-1,9169,5416,9171,-1,5416,5427,9171,-1,9171,5427,5425,-1,9171,5425,9170,-1,9170,5425,5423,-1,5423,5422,9170,-1,9170,5422,9172,-1,9170,9172,2957,-1,2957,9172,2958,-1,5422,5433,9172,-1,9172,5433,5431,-1,9172,5431,9173,-1,9173,5431,5429,-1,5429,5428,9173,-1,9173,5428,9174,-1,9173,9174,2954,-1,2954,9174,2960,-1,5428,5434,9174,-1,9174,5434,5436,-1,9174,5436,9175,-1,9175,5436,5438,-1,9175,5438,5439,-1,5439,5440,9175,-1,9175,5440,9177,-1,9175,9177,2966,-1,2966,9177,2967,-1,5445,9176,5444,-1,5444,9176,9177,-1,5444,9177,5442,-1,5442,9177,5440,-1,5445,5446,9176,-1,9176,5446,9178,-1,9176,9178,2972,-1,2972,9178,2970,-1,5451,9179,5450,-1,5450,9179,9178,-1,5450,9178,5448,-1,5448,9178,5446,-1,5451,5452,9179,-1,9179,5452,9180,-1,9179,9180,1319,-1,1319,9180,2981,-1,5457,9181,5456,-1,5456,9181,9180,-1,5456,9180,5454,-1,5454,9180,5452,-1,5457,5458,9181,-1,9181,5458,9183,-1,9181,9183,2976,-1,2976,9183,2978,-1,5463,9182,5462,-1,5462,9182,9183,-1,5462,9183,5460,-1,5460,9183,5458,-1,5463,5464,9182,-1,9182,5464,9184,-1,9182,9184,2993,-1,2993,9184,2995,-1,5469,9185,5468,-1,5468,9185,9184,-1,5468,9184,5466,-1,5466,9184,5464,-1,5469,5470,9185,-1,9185,5470,9186,-1,9185,9186,2999,-1,2999,9186,3001,-1,5475,9187,5474,-1,5474,9187,9186,-1,5474,9186,5472,-1,5472,9186,5470,-1,5475,5476,9187,-1,9187,5476,9189,-1,9187,9189,2986,-1,2986,9189,2988,-1,5481,9188,5480,-1,5480,9188,9189,-1,5480,9189,5478,-1,5478,9189,5476,-1,5481,5482,9188,-1,9188,5482,9190,-1,9188,9190,3008,-1,3008,9190,3010,-1,5487,9191,5486,-1,5486,9191,9190,-1,5486,9190,5484,-1,5484,9190,5482,-1,5487,5488,9191,-1,9191,5488,9192,-1,9191,9192,3014,-1,3014,9192,3016,-1,5493,9193,5492,-1,5492,9193,9192,-1,5492,9192,5490,-1,5490,9192,5488,-1,5493,5494,9193,-1,9193,5494,9195,-1,9193,9195,3022,-1,3022,9195,3024,-1,5499,9194,5498,-1,5498,9194,9195,-1,5498,9195,5496,-1,5496,9195,5494,-1,5499,5500,9194,-1,9194,5500,9196,-1,9194,9196,3028,-1,3028,9196,3030,-1,5505,9197,5504,-1,5504,9197,9196,-1,5504,9196,5502,-1,5502,9196,5500,-1,5505,5506,9197,-1,9197,5506,9198,-1,9197,9198,3034,-1,3034,9198,3036,-1,5511,9199,5510,-1,5510,9199,9198,-1,5510,9198,5508,-1,5508,9198,5506,-1,5511,5512,9199,-1,9199,5512,9201,-1,9199,9201,3042,-1,3042,9201,3044,-1,5517,9200,5516,-1,5516,9200,9201,-1,5516,9201,5514,-1,5514,9201,5512,-1,5517,5518,9200,-1,9200,5518,9202,-1,9200,9202,3048,-1,3048,9202,3050,-1,5523,9203,5522,-1,5522,9203,9202,-1,5522,9202,5520,-1,5520,9202,5518,-1,5523,5524,9203,-1,9203,5524,9204,-1,9203,9204,3054,-1,3054,9204,3056,-1,5529,9205,5528,-1,5528,9205,9204,-1,5528,9204,5526,-1,5526,9204,5524,-1,5529,5530,9205,-1,9205,5530,9207,-1,9205,9207,3062,-1,3062,9207,3064,-1,5535,9206,5534,-1,5534,9206,9207,-1,5534,9207,5532,-1,5532,9207,5530,-1,5535,5536,9206,-1,9206,5536,9209,-1,9206,9209,3068,-1,3068,9209,3069,-1,5541,9208,5540,-1,5540,9208,9209,-1,5540,9209,5538,-1,5538,9209,5536,-1,5541,5542,9208,-1,9208,5542,9210,-1,9208,9210,3078,-1,3078,9210,3079,-1,5547,9211,5546,-1,5546,9211,9210,-1,5546,9210,5544,-1,5544,9210,5542,-1,5547,5548,9211,-1,9211,5548,9212,-1,9211,9212,3073,-1,3073,9212,3178,-1,5553,9213,5552,-1,5552,9213,9212,-1,5552,9212,5550,-1,5550,9212,5548,-1,5553,5554,9213,-1,9213,5554,9215,-1,9213,9215,3172,-1,3172,9215,3170,-1,5559,9214,5558,-1,5558,9214,9215,-1,5558,9215,5556,-1,5556,9215,5554,-1,5559,5560,9214,-1,9214,5560,9216,-1,9214,9216,3166,-1,3166,9216,3164,-1,5565,9217,5564,-1,5564,9217,9216,-1,5564,9216,5562,-1,5562,9216,5560,-1,5565,5566,9217,-1,9217,5566,9218,-1,9217,9218,3160,-1,3160,9218,3158,-1,5571,9219,5570,-1,5570,9219,9218,-1,5570,9218,5568,-1,5568,9218,5566,-1,5571,5572,9219,-1,9219,5572,9221,-1,9219,9221,3152,-1,3152,9221,3150,-1,5577,9220,5576,-1,5576,9220,9221,-1,5576,9221,5574,-1,5574,9221,5572,-1,5577,5578,9220,-1,9220,5578,9222,-1,9220,9222,3146,-1,3146,9222,3144,-1,5583,9223,5582,-1,5582,9223,9222,-1,5582,9222,5580,-1,5580,9222,5578,-1,5583,5584,9223,-1,9223,5584,9224,-1,9223,9224,3140,-1,3140,9224,3138,-1,5589,9225,5588,-1,5588,9225,9224,-1,5588,9224,5586,-1,5586,9224,5584,-1,5589,5590,9225,-1,9225,5590,9227,-1,9225,9227,3132,-1,3132,9227,3130,-1,5595,9226,5594,-1,5594,9226,9227,-1,5594,9227,5592,-1,5592,9227,5590,-1,5595,5596,9226,-1,9226,5596,9228,-1,9226,9228,3126,-1,3126,9228,3124,-1,5601,9229,5600,-1,5600,9229,9228,-1,5600,9228,5598,-1,5598,9228,5596,-1,5601,5602,9229,-1,9229,5602,9230,-1,9229,9230,3120,-1,3120,9230,3118,-1,5607,9231,5606,-1,5606,9231,9230,-1,5606,9230,5604,-1,5604,9230,5602,-1,5607,5608,9231,-1,9231,5608,9233,-1,9231,9233,3112,-1,3112,9233,3110,-1,5613,9232,5612,-1,5612,9232,9233,-1,5612,9233,5610,-1,5610,9233,5608,-1,5613,5614,9232,-1,9232,5614,9234,-1,9232,9234,3106,-1,3106,9234,3104,-1,5619,9235,5618,-1,5618,9235,9234,-1,5618,9234,5616,-1,5616,9234,5614,-1,5619,5620,9235,-1,9235,5620,9236,-1,9235,9236,3100,-1,3100,9236,3098,-1,5625,9237,5624,-1,5624,9237,9236,-1,5624,9236,5622,-1,5622,9236,5620,-1,5625,5626,9237,-1,9237,5626,9238,-1,9237,9238,3092,-1,3092,9238,3090,-1,5631,9239,5630,-1,5630,9239,9238,-1,5630,9238,5628,-1,5628,9238,5626,-1,5631,5632,9239,-1,9239,5632,9240,-1,9239,9240,3086,-1,3086,9240,3084,-1,5637,9241,5636,-1,5636,9241,9240,-1,5636,9240,5634,-1,5634,9240,5632,-1,5637,5638,9241,-1,9241,5638,8875,-1,9241,8875,3438,-1,3438,8875,3436,-1,5643,8874,5642,-1,5642,8874,8875,-1,5642,8875,5640,-1,5640,8875,5638,-1,5643,5644,8874,-1,8874,5644,9242,-1,8874,9242,3434,-1,3434,9242,3432,-1,5649,9243,5648,-1,5648,9243,9242,-1,5648,9242,5646,-1,5646,9242,5644,-1,5649,5650,9243,-1,9243,5650,9245,-1,9243,9245,3426,-1,3426,9245,3424,-1,5655,9244,5654,-1,5654,9244,9245,-1,5654,9245,5652,-1,5652,9245,5650,-1,5655,5656,9244,-1,9244,5656,9246,-1,9244,9246,3420,-1,3420,9246,3418,-1,5661,9247,5660,-1,5660,9247,9246,-1,5660,9246,5658,-1,5658,9246,5656,-1,5661,5662,9247,-1,9247,5662,9248,-1,9247,9248,3414,-1,3414,9248,3412,-1,5667,9249,5666,-1,5666,9249,9248,-1,5666,9248,5664,-1,5664,9248,5662,-1,5667,5668,9249,-1,9249,5668,9251,-1,9249,9251,3406,-1,3406,9251,3404,-1,5673,9250,5672,-1,5672,9250,9251,-1,5672,9251,5670,-1,5670,9251,5668,-1,5673,5674,9250,-1,9250,5674,9252,-1,9250,9252,3400,-1,3400,9252,3398,-1,5679,9253,5678,-1,5678,9253,9252,-1,5678,9252,5676,-1,5676,9252,5674,-1,5679,5680,9253,-1,9253,5680,9254,-1,9253,9254,3394,-1,3394,9254,3392,-1,5685,9255,5684,-1,5684,9255,9254,-1,5684,9254,5682,-1,5682,9254,5680,-1,5685,5686,9255,-1,9255,5686,9256,-1,9255,9256,3386,-1,3386,9256,3384,-1,3801,8872,5693,-1,5693,8872,8873,-1,5693,8873,3804,-1,3804,8873,9259,-1,3804,9259,5692,-1,5692,9259,9260,-1,5692,9260,3807,-1,3807,9260,9258,-1,3807,9258,5691,-1,5691,9258,9257,-1,5691,9257,5690,-1,5690,9257,9256,-1,5690,9256,5688,-1,5688,9256,5686,-1,3801,5694,8872,-1,8872,5694,9261,-1,8872,9261,3364,-1,3364,9261,3362,-1,5694,5698,9261,-1,9261,5698,5696,-1,9261,5696,9262,-1,9262,5696,5695,-1,9262,5695,8871,-1,8871,5695,5700,-1,8871,5700,5702,-1,5702,5706,8871,-1,8871,5706,8637,-1,8871,8637,3354,-1,3354,8637,3352,-1,5705,5704,8637,-1,8637,5704,8636,-1,8637,8636,3350,-1,3350,8636,3348,-1,5707,5709,8636,-1,8636,5709,8635,-1,8636,8635,3346,-1,3346,8635,3344,-1,5711,5712,8635,-1,8635,5712,8634,-1,8635,8634,3344,-1,3344,8634,3342,-1,5713,5715,8634,-1,8634,5715,8633,-1,8634,8633,3340,-1,3340,8633,3338,-1,5717,5718,8633,-1,8633,5718,8632,-1,8633,8632,3336,-1,3336,8632,3334,-1,5720,5722,8632,-1,8632,5722,8631,-1,8632,8631,3332,-1,3332,8631,3330,-1,5723,5730,8631,-1,8631,5730,8630,-1,8631,8630,3330,-1,3330,8630,3328,-1,5729,5727,8630,-1,8630,5727,8629,-1,8630,8629,3326,-1,3326,8629,3324,-1,5725,5724,8629,-1,8629,5724,9265,-1,8629,9265,3322,-1,3322,9265,3320,-1,5724,5731,9265,-1,9265,5731,5733,-1,9265,5733,9264,-1,9264,5733,5735,-1,9264,5735,9263,-1,9263,5735,3797,-1,9263,3797,3796,-1,3796,5736,9263,-1,9263,5736,8628,-1,9263,8628,3314,-1,3314,8628,3312,-1,5737,5739,8628,-1,8628,5739,8627,-1,8628,8627,3310,-1,3310,8627,3308,-1,5741,5742,8627,-1,8627,5742,8626,-1,8627,8626,3308,-1,3308,8626,3306,-1,5743,5745,8626,-1,8626,5745,8625,-1,8626,8625,3304,-1,3304,8625,3302,-1,5747,5748,8625,-1,8625,5748,8624,-1,8625,8624,3300,-1,3300,8624,3298,-1,5749,5751,8624,-1,8624,5751,8623,-1,8624,8623,3298,-1,3298,8623,3296,-1,5753,5754,8623,-1,8623,5754,8622,-1,8623,8622,3294,-1,3294,8622,3292,-1,5755,5757,8622,-1,8622,5757,9266,-1,8622,9266,3290,-1,3290,9266,3288,-1,5757,5759,9266,-1,9266,5759,5760,-1,9266,5760,9267,-1,9267,5760,5761,-1,9267,5761,9268,-1,9268,5761,5763,-1,9268,5763,5765,-1,5765,5766,9268,-1,9268,5766,8621,-1,9268,8621,3280,-1,3280,8621,3278,-1,5767,5769,8621,-1,8621,5769,8620,-1,8621,8620,3278,-1,3278,8620,3276,-1,5771,5772,8620,-1,8620,5772,8619,-1,8620,8619,3274,-1,3274,8619,3272,-1,5773,5775,8619,-1,8619,5775,8618,-1,8619,8618,3270,-1,3270,8618,3268,-1,5777,5778,8618,-1,8618,5778,8617,-1,8618,8617,3268,-1,3268,8617,3266,-1,5779,5781,8617,-1,8617,5781,8616,-1,8617,8616,3264,-1,3264,8616,3262,-1,5783,5784,8616,-1,8616,5784,8615,-1,8616,8615,3260,-1,3260,8615,3258,-1,5785,5787,8615,-1,8615,5787,8614,-1,8615,8614,3258,-1,3258,8614,3256,-1,5789,5790,8614,-1,8614,5790,8613,-1,8614,8613,3254,-1,3254,8613,3252,-1,5791,5793,8613,-1,8613,5793,8612,-1,8613,8612,3250,-1,3250,8612,3248,-1,5795,5796,8612,-1,8612,5796,8611,-1,8612,8611,3248,-1,3248,8611,3246,-1,5797,5799,8611,-1,8611,5799,8610,-1,8611,8610,3244,-1,3244,8610,3242,-1,5801,5802,8610,-1,8610,5802,8609,-1,8610,8609,3240,-1,3240,8609,3238,-1,5803,5805,8609,-1,8609,5805,8608,-1,8609,8608,3238,-1,3238,8608,3236,-1,5807,5808,8608,-1,8608,5808,8607,-1,8608,8607,3234,-1,3234,8607,3232,-1,5809,5811,8607,-1,8607,5811,8606,-1,8607,8606,3230,-1,3230,8606,3228,-1,5813,5814,8606,-1,8606,5814,8605,-1,8606,8605,3228,-1,3228,8605,3226,-1,5815,5817,8605,-1,8605,5817,8604,-1,8605,8604,3224,-1,3224,8604,3222,-1,5819,5820,8604,-1,8604,5820,8603,-1,8604,8603,3220,-1,3220,8603,3218,-1,5821,5823,8603,-1,8603,5823,8602,-1,8603,8602,3218,-1,3218,8602,3216,-1,5825,5826,8602,-1,8602,5826,8601,-1,8602,8601,3214,-1,3214,8601,3212,-1,5827,5829,8601,-1,8601,5829,8600,-1,8601,8600,3212,-1,3212,8600,3210,-1,5831,5832,8600,-1,8600,5832,8599,-1,8600,8599,3206,-1,3206,8599,3204,-1,5833,5835,8599,-1,8599,5835,8598,-1,8599,8598,3204,-1,3204,8598,3202,-1,5837,5838,8598,-1,8598,5838,8597,-1,8598,8597,3202,-1,3202,8597,3200,-1,5839,5841,8597,-1,8597,5841,8596,-1,8597,8596,3196,-1,3196,8596,3194,-1,5843,5844,8596,-1,8596,5844,8595,-1,8596,8595,3194,-1,3194,8595,3192,-1,5845,5847,8595,-1,8595,5847,8594,-1,8595,8594,3192,-1,3192,8594,3190,-1,5849,5850,8594,-1,8594,5850,8593,-1,8594,8593,3188,-1,3188,8593,3181,-1,5851,5853,8593,-1,8593,5853,8592,-1,8593,8592,3182,-1,3182,8592,3184,-1,5855,5856,8592,-1,8592,5856,8591,-1,8592,8591,3184,-1,3184,8591,3443,-1,5857,5859,8591,-1,8591,5859,8590,-1,8591,8590,3440,-1,3440,8590,3445,-1,5861,5862,8590,-1,8590,5862,8589,-1,8590,8589,3446,-1,3446,8589,1316,-1,5863,5865,8589,-1,8589,5865,8588,-1,8589,8588,1316,-1,1316,8588,3448,-1,5867,5868,8588,-1,8588,5868,8587,-1,8588,8587,3450,-1,3450,8587,3451,-1,5869,5871,8587,-1,8587,5871,8586,-1,8587,8586,3454,-1,3454,8586,3455,-1,5873,5874,8586,-1,8586,5874,8585,-1,8586,8585,3455,-1,3455,8585,3458,-1,5875,5877,8585,-1,8585,5877,8584,-1,8585,8584,3460,-1,3460,8584,3462,-1,5879,5880,8584,-1,8584,5880,8583,-1,8584,8583,3463,-1,3463,8583,1313,-1,5881,5883,8583,-1,8583,5883,8582,-1,8583,8582,1313,-1,1313,8582,3467,-1,5885,5886,8582,-1,8582,5886,8581,-1,8582,8581,3464,-1,3464,8581,3469,-1,5887,5889,8581,-1,8581,5889,9269,-1,8581,9269,3471,-1,3471,9269,3472,-1,5889,5891,9269,-1,9269,5891,5892,-1,9269,5892,9270,-1,9270,5892,5893,-1,9270,5893,9271,-1,9271,5893,5895,-1,9271,5895,5897,-1,5897,5898,9271,-1,9271,5898,8580,-1,9271,8580,1310,-1,1310,8580,1309,-1,5899,5901,8580,-1,8580,5901,8579,-1,8580,8579,1309,-1,1309,8579,3483,-1,5903,5904,8579,-1,8579,5904,8578,-1,8579,8578,3480,-1,3480,8578,3485,-1,5908,5906,8578,-1,8578,5906,8577,-1,8578,8577,3487,-1,3487,8577,3488,-1,5913,5912,8577,-1,8577,5912,8576,-1,8577,8576,3488,-1,3488,8576,3491,-1,5910,5909,8576,-1,8576,5909,8575,-1,8576,8575,3493,-1,3493,8575,3494,-1,5914,5916,8575,-1,8575,5916,8574,-1,8575,8574,3496,-1,3496,8574,3498,-1,5918,5919,8574,-1,8574,5919,8573,-1,8574,8573,3498,-1,3498,8573,3500,-1,5920,5922,8573,-1,8573,5922,8572,-1,8573,8572,3503,-1,3503,8572,3505,-1,5924,5925,8572,-1,8572,5925,8571,-1,8572,8571,3507,-1,3507,8571,3509,-1,5927,5929,8571,-1,8571,5929,8570,-1,8571,8570,3509,-1,3509,8570,3511,-1,5930,5932,8570,-1,8570,5932,8569,-1,8570,8569,3513,-1,3513,8569,3514,-1,5936,5935,8569,-1,8569,5935,9272,-1,8569,9272,3516,-1,3516,9272,3519,-1,5935,5934,9272,-1,9272,5934,3794,-1,9272,3794,9273,-1,9273,3794,3793,-1,9273,3793,9274,-1,3793,5942,9274,-1,9274,5942,5940,-1,9274,5940,9275,-1,9275,5940,5938,-1,5938,5937,9275,-1,9275,5937,8870,-1,9275,8870,3531,-1,3531,8870,3532,-1,5937,5943,8870,-1,8870,5943,5945,-1,8870,5945,8869,-1,8869,5945,5951,-1,5951,5950,8869,-1,8869,5950,9276,-1,8869,9276,3534,-1,3534,9276,3536,-1,5950,5948,9276,-1,9276,5948,5947,-1,9276,5947,9277,-1,9277,5947,5957,-1,5957,5955,9277,-1,9277,5955,9279,-1,9277,9279,3543,-1,3543,9279,3544,-1,5955,5953,9279,-1,9279,5953,5952,-1,9279,5952,9278,-1,9278,5952,5958,-1,9278,5958,5960,-1,5960,5962,9278,-1,9278,5962,9280,-1,9278,9280,3554,-1,3554,9280,3555,-1,5966,9281,5964,-1,5964,9281,9280,-1,5964,9280,5963,-1,5963,9280,5962,-1,5966,5970,9281,-1,9281,5970,9282,-1,9281,9282,3551,-1,3551,9282,3557,-1,5974,9283,5975,-1,5975,9283,9282,-1,5975,9282,5969,-1,5969,9282,5970,-1,5974,5972,9283,-1,9283,5972,9285,-1,9283,9285,3563,-1,3563,9285,3564,-1,5978,9284,5976,-1,5976,9284,9285,-1,5976,9285,5971,-1,5971,9285,5972,-1,5978,5984,9284,-1,9284,5984,9286,-1,9284,9286,3569,-1,3569,9286,3567,-1,5980,9287,5981,-1,5981,9287,9286,-1,5981,9286,5983,-1,5983,9286,5984,-1,5980,5985,9287,-1,9287,5985,9288,-1,9287,9288,1305,-1,1305,9288,3578,-1,5992,9289,5993,-1,5993,9289,9288,-1,5993,9288,5987,-1,5987,9288,5985,-1,5992,5990,9289,-1,9289,5990,9291,-1,9289,9291,3573,-1,3573,9291,3575,-1,5996,9290,5994,-1,5994,9290,9291,-1,5994,9291,5989,-1,5989,9291,5990,-1,5996,5998,9290,-1,9290,5998,9292,-1,9290,9292,3585,-1,3585,9292,3586,-1,6002,9293,6000,-1,6000,9293,9292,-1,6000,9292,5999,-1,5999,9292,5998,-1,6002,6004,9293,-1,9293,6004,9294,-1,9293,9294,3596,-1,3596,9294,3598,-1,6008,9295,6006,-1,6006,9295,9294,-1,6006,9294,6005,-1,6005,9294,6004,-1,6008,6014,9295,-1,9295,6014,9297,-1,9295,9297,3591,-1,3591,9297,3593,-1,6010,9296,6011,-1,6011,9296,9297,-1,6011,9297,6013,-1,6013,9297,6014,-1,6010,6015,9296,-1,9296,6015,9298,-1,9296,9298,3605,-1,3605,9298,3607,-1,6020,9299,6019,-1,6019,9299,9298,-1,6019,9298,6017,-1,6017,9298,6015,-1,6020,6021,9299,-1,9299,6021,9300,-1,9299,9300,3611,-1,3611,9300,3613,-1,6026,9301,6025,-1,6025,9301,9300,-1,6025,9300,6023,-1,6023,9300,6021,-1,6026,6027,9301,-1,9301,6027,9303,-1,9301,9303,3618,-1,3618,9303,3621,-1,6032,9302,6031,-1,6031,9302,9303,-1,6031,9303,6029,-1,6029,9303,6027,-1,6032,6033,9302,-1,9302,6033,9304,-1,9302,9304,3625,-1,3625,9304,3627,-1,6038,9305,6037,-1,6037,9305,9304,-1,6037,9304,6035,-1,6035,9304,6033,-1,6038,6039,9305,-1,9305,6039,9306,-1,9305,9306,3631,-1,3631,9306,3633,-1,6044,9307,6043,-1,6043,9307,9306,-1,6043,9306,6041,-1,6041,9306,6039,-1,6044,6045,9307,-1,9307,6045,9308,-1,9307,9308,3636,-1,3636,9308,3638,-1,6050,9309,6049,-1,6049,9309,9308,-1,6049,9308,6047,-1,6047,9308,6045,-1,6050,6051,9309,-1,9309,6051,9311,-1,9309,9311,1302,-1,1302,9311,1301,-1,6056,9310,6055,-1,6055,9310,9311,-1,6055,9311,6053,-1,6053,9311,6051,-1,6056,6057,9310,-1,9310,6057,9312,-1,9310,9312,3647,-1,3647,9312,3649,-1,6062,9313,6061,-1,6061,9313,9312,-1,6061,9312,6059,-1,6059,9312,6057,-1,6062,6063,9313,-1,9313,6063,9314,-1,9313,9314,3652,-1,3652,9314,3654,-1,6068,9315,6067,-1,6067,9315,9314,-1,6067,9314,6065,-1,6065,9314,6063,-1,6068,6069,9315,-1,9315,6069,9317,-1,9315,9317,1298,-1,1298,9317,1297,-1,6074,9316,6073,-1,6073,9316,9317,-1,6073,9317,6071,-1,6071,9317,6069,-1,6074,6075,9316,-1,9316,6075,9318,-1,9316,9318,3668,-1,3668,9318,3669,-1,6080,9319,6079,-1,6079,9319,9318,-1,6079,9318,6077,-1,6077,9318,6075,-1,6080,6081,9319,-1,9319,6081,9320,-1,9319,9320,3663,-1,3663,9320,3671,-1,6086,9321,6085,-1,6085,9321,9320,-1,6085,9320,6083,-1,6083,9320,6081,-1,6086,6087,9321,-1,9321,6087,9323,-1,9321,9323,3677,-1,3677,9323,3679,-1,6092,9322,6091,-1,6091,9322,9323,-1,6091,9323,6089,-1,6089,9323,6087,-1,6092,6093,9322,-1,9322,6093,9324,-1,9322,9324,3683,-1,3683,9324,3685,-1,6098,9325,6097,-1,6097,9325,9324,-1,6097,9324,6095,-1,6095,9324,6093,-1,6098,6099,9325,-1,9325,6099,9326,-1,9325,9326,3689,-1,3689,9326,3691,-1,6104,9327,6103,-1,6103,9327,9326,-1,6103,9326,6101,-1,6101,9326,6099,-1,6104,6105,9327,-1,9327,6105,9329,-1,9327,9329,3697,-1,3697,9329,3699,-1,6110,9328,6109,-1,6109,9328,9329,-1,6109,9329,6107,-1,6107,9329,6105,-1,6110,6111,9328,-1,9328,6111,9330,-1,9328,9330,3703,-1,3703,9330,3705,-1,6116,9331,6115,-1,6115,9331,9330,-1,6115,9330,6113,-1,6113,9330,6111,-1,6116,6117,9331,-1,9331,6117,9332,-1,9331,9332,3709,-1,3709,9332,3711,-1,6122,9333,6121,-1,6121,9333,9332,-1,6121,9332,6119,-1,6119,9332,6117,-1,6122,6123,9333,-1,9333,6123,9335,-1,9333,9335,3717,-1,3717,9335,3719,-1,6128,9334,6127,-1,6127,9334,9335,-1,6127,9335,6125,-1,6125,9335,6123,-1,6128,6129,9334,-1,9334,6129,9336,-1,9334,9336,3723,-1,3723,9336,3725,-1,6134,9337,6133,-1,6133,9337,9336,-1,6133,9336,6131,-1,6131,9336,6129,-1,6134,6135,9337,-1,9337,6135,9338,-1,9337,9338,3729,-1,3729,9338,3731,-1,6140,9339,6139,-1,6139,9339,9338,-1,6139,9338,6137,-1,6137,9338,6135,-1,6140,6141,9339,-1,9339,6141,9341,-1,9339,9341,3737,-1,3737,9341,3739,-1,6146,9340,6145,-1,6145,9340,9341,-1,6145,9341,6143,-1,6143,9341,6141,-1,6146,6147,9340,-1,9340,6147,9342,-1,9340,9342,3743,-1,3743,9342,3745,-1,6152,9343,6151,-1,6151,9343,9342,-1,6151,9342,6149,-1,6149,9342,6147,-1,6152,6153,9343,-1,9343,6153,9344,-1,9343,9344,3749,-1,3749,9344,3751,-1,6158,9345,6157,-1,6157,9345,9344,-1,6157,9344,6155,-1,6155,9344,6153,-1,6158,6159,9345,-1,9345,6159,8887,-1,9345,8887,3755,-1,3755,8887,3763,-1,6164,8888,6163,-1,6163,8888,8887,-1,6163,8887,6161,-1,6161,8887,6159,-1,6164,6165,8888,-1,8888,6165,8890,-1,8888,8890,669,-1,669,8890,667,-1,6170,8889,6169,-1,6169,8889,8890,-1,6169,8890,6167,-1,6167,8890,6165,-1,6170,6171,8889,-1,8889,6171,8892,-1,8889,8892,657,-1,657,8892,658,-1,655,654,6176,-1,6176,654,653,-1,6176,653,6175,-1,6175,653,8891,-1,6175,8891,6174,-1,6174,8891,8892,-1,6174,8892,6173,-1,6173,8892,6171,-1,
        ]
    }
}
Shape{
    appearance Appearance {
        material  Material 	{
            diffuseColor 0.0 0.0 0.0
            specularColor 0.0 0.0 0.0
            ambientIntensity 0.2
            transparency 0
            shininess 0.5
        }
    }
    geometry IndexedFaceSet {
        ccw TRUE
        solid FALSE
        coord DEF co Coordinate {
            point [
                -0.0132 1.0948 0.7151, -0.0131 1.0948 0.7059, -0.0132 1.0944 0.7151, -0.0131 1.0944 0.7059, 0.0187 1.0947 0.7153, 0.0187 1.0943 0.7153, 0.0182 1.0947 0.7862, 0.0182 1.0943 0.7862, 0.0285 1.0945 0.7863, 0.0285 1.0941 0.7863, 0.0291 1.0945 0.7062, 0.0291 1.0941 0.7062, -0.0542 1.0935 0.7043, -0.0542 1.0931 0.7043, -0.0664 1.0925 0.7054, -0.0664 1.0929 0.7054, -0.075 1.0919 0.7081, -0.075 1.0923 0.7081, -0.0764 1.0918 0.7088, -0.0764 1.0922 0.7088, -0.0764 1.0922 0.7187, -0.0764 1.0918 0.7187, -0.0685 1.0923 0.7152, -0.0685 1.0927 0.7152, -0.0595 1.0929 0.7136, -0.0595 1.0933 0.7136, -0.0557 1.0931 0.7135, -0.0557 1.0935 0.7135, -0.0487 1.0934 0.7143, -0.0487 1.0938 0.7143, -0.0429 1.0936 0.7163, -0.0429 1.094 0.7163, -0.0375 1.0938 0.7199, -0.0375 1.0942 0.7199, -0.0352 1.0939 0.7221, -0.0352 1.0943 0.7221, -0.0352 1.0939 0.7221, -0.0316 1.094 0.7271, -0.0316 1.0944 0.7271, -0.029 1.0941 0.7335, -0.029 1.0945 0.7335, -0.0276 1.0941 0.7413, -0.0276 1.0945 0.7413, -0.0275 1.0941 0.745, -0.0275 1.0945 0.745, -0.0275 1.0945 0.745, -0.0289 1.0941 0.7559, -0.0289 1.0945 0.7559, -0.0316 1.094 0.7628, -0.0316 1.0944 0.7628, -0.0356 1.0939 0.7684, -0.0356 1.0943 0.7684, -0.0361 1.0939 0.769, -0.0361 1.0943 0.769, -0.0361 1.0939 0.769, -0.0411 1.0937 0.7731, -0.0411 1.0941 0.7731, -0.0473 1.0935 0.7761, -0.0473 1.0939 0.7761, -0.0542 1.0931 0.7775, -0.0542 1.0935 0.7775, -0.058 1.093 0.7777, -0.058 1.0933 0.7777, -0.0678 1.0924 0.7764, -0.0678 1.0928 0.7764, -0.0759 1.0919 0.7733, -0.0759 1.0922 0.7733, -0.0768 1.0918 0.7728, -0.0768 1.0922 0.7728, -0.0769 1.0922 0.7836, -0.0769 1.0918 0.7836, -0.0684 1.0923 0.7861, -0.0684 1.0927 0.7861, -0.0579 1.093 0.787, -0.0579 1.0933 0.787, -0.0464 1.0935 0.7857, -0.0464 1.0939 0.7857, -0.038 1.0938 0.7825, -0.038 1.0942 0.7825, -0.0305 1.0941 0.7773, -0.0305 1.0945 0.7773, -0.0285 1.0941 0.7754, -0.0285 1.0945 0.7754, -0.0285 1.0941 0.7754, -0.0226 1.0943 0.7679, -0.0226 1.0946 0.7679, -0.0187 1.0943 0.759, -0.0187 1.0947 0.759, -0.0168 1.0944 0.7486, -0.0168 1.0948 0.7486, -0.0167 1.0944 0.7444, -0.0167 1.0948 0.7444, -0.0167 1.0948 0.7444, -0.0182 1.0943 0.7314, -0.0182 1.0947 0.7314, -0.0214 1.0943 0.723, -0.0214 1.0947 0.723, -0.0261 1.0942 0.7161, -0.0261 1.0946 0.7161, -0.0267 1.0942 0.7154, -0.0267 1.0946 0.7154, -0.0267 1.0942 0.7154, -0.0331 1.094 0.71, -0.0331 1.0944 0.71, -0.0407 1.0937 0.7064, -0.0407 1.0941 0.7064, -0.0493 1.0934 0.7045, -0.0493 1.0938 0.7045, -0.0167 1.0948 0.7444, -0.1355 1.0865 0.7142, -0.1354 1.0865 0.7051, -0.1355 1.0861 0.7142, -0.1354 1.0861 0.7051, -0.1028 1.0897 0.7144, -0.1028 1.09 0.7144, -0.1197 1.0878 0.7143, -0.103 1.09 0.7414, -0.103 1.0896 0.7414, -0.1316 1.0865 0.7412, -0.1316 1.0869 0.7412, -0.1197 1.0878 0.7412, -0.1317 1.0869 0.7503, -0.1317 1.0865 0.7503, -0.103 1.0896 0.7505, -0.103 1.09 0.7505, -0.1197 1.0878 0.7504, -0.1032 1.09 0.7761, -0.1032 1.0896 0.7761, -0.1341 1.0862 0.7759, -0.1341 1.0866 0.7759, -0.1197 1.0878 0.776, -0.1342 1.0866 0.7851, -0.1342 1.0862 0.7851, -0.0929 1.0905 0.7854, -0.0929 1.0909 0.7854, -0.1197 1.0877 0.7852, -0.0924 1.091 0.7054, -0.0924 1.0906 0.7054, -0.1197 1.0877 0.7052, -0.1506 1.0845 0.705, -0.1511 1.0844 0.785, -0.1506 1.0841 0.705, -0.1511 1.084 0.785, -0.174 1.081 0.7849, -0.174 1.0806 0.7849, -0.2042 1.0757 0.774, -0.2042 1.0753 0.774, -0.1958 1.0768 0.7798, -0.1958 1.0772 0.7798, -0.1862 1.0785 0.7834, -0.1862 1.0789 0.7834, -0.216 1.0734 0.7455, -0.216 1.073 0.7455, -0.2148 1.0732 0.7566, -0.2148 1.0736 0.7566, -0.2119 1.0738 0.7642, -0.2119 1.0742 0.7642, -0.207 1.0747 0.7712, -0.207 1.0751 0.7712, -0.2038 1.0758 0.7158, -0.2038 1.0754 0.7158, -0.2098 1.0742 0.7228, -0.2098 1.0746 0.7228, -0.2138 1.0734 0.7311, -0.2138 1.0738 0.7311, -0.2158 1.073 0.7404, -0.2158 1.0734 0.7404, -0.1726 1.0812 0.7048, -0.1726 1.0808 0.7048, -0.1862 1.0785 0.7063, -0.1862 1.0789 0.7063, -0.1953 1.0769 0.7098, -0.1953 1.0773 0.7098, -0.1735 1.081 0.7756, -0.1735 1.0807 0.7756, -0.1743 1.0805 0.7756, -0.1743 1.0809 0.7756, -0.1845 1.0788 0.7742, -0.1845 1.0792 0.7742, -0.1913 1.0776 0.7716, -0.1913 1.078 0.7716, -0.1965 1.0767 0.768, -0.1965 1.0771 0.768, -0.1988 1.0763 0.7657, -0.1988 1.0767 0.7657, -0.2018 1.0757 0.7612, -0.2018 1.0761 0.7612, -0.2041 1.0753 0.7553, -0.2041 1.0757 0.7553, -0.2052 1.0751 0.7453, -0.2052 1.0755 0.7453, -0.2048 1.0752 0.7399, -0.2048 1.0756 0.7399, -0.2032 1.0755 0.7326, -0.2032 1.0759 0.7326, -0.2003 1.076 0.7268, -0.2003 1.0764 0.7268, -0.1964 1.0767 0.7221, -0.1964 1.0771 0.7221, -0.1955 1.0769 0.7212, -0.1955 1.0773 0.7212, -0.1903 1.0778 0.7177, -0.1903 1.0782 0.7177, -0.1837 1.079 0.7152, -0.1837 1.0794 0.7152, -0.1726 1.0808 0.7139, -0.1726 1.0812 0.7139, -0.161 1.0826 0.714, -0.161 1.083 0.714, -0.1614 1.0825 0.7757, -0.1614 1.0829 0.7757, -0.1614 1.0829 0.7757
            ]
        }
        coordIndex [
            0,1,2,-1,2,1,3,-1,4,0,5,-1,5,0,2,-1,6,4,7,-1,7,4,5,-1,8,6,9,-1,9,6,7,-1,10,8,11,-1,11,8,9,-1,1,10,3,-1,3,10,11,-1,6,8,4,-1,4,8,10,-1,4,10,0,-1,0,10,1,-1,12,13,14,-1,12,14,15,-1,15,14,16,-1,15,16,17,-1,17,16,18,-1,17,18,19,-1,20,19,21,-1,21,19,18,-1,20,21,22,-1,20,22,23,-1,23,22,24,-1,23,24,25,-1,25,24,26,-1,25,26,27,-1,27,26,28,-1,27,28,29,-1,29,28,30,-1,29,30,31,-1,31,30,32,-1,31,32,33,-1,33,32,34,-1,33,34,35,-1,35,36,37,-1,35,37,38,-1,38,37,39,-1,38,39,40,-1,40,39,41,-1,40,41,42,-1,42,41,43,-1,42,43,44,-1,45,43,46,-1,45,46,47,-1,47,46,48,-1,47,48,49,-1,49,48,50,-1,49,50,51,-1,51,50,52,-1,51,52,53,-1,53,54,55,-1,53,55,56,-1,56,55,57,-1,56,57,58,-1,58,57,59,-1,58,59,60,-1,60,59,61,-1,60,61,62,-1,62,61,63,-1,62,63,64,-1,64,63,65,-1,64,65,66,-1,66,65,67,-1,66,67,68,-1,69,68,70,-1,70,68,67,-1,69,70,71,-1,69,71,72,-1,72,71,73,-1,72,73,74,-1,74,73,75,-1,74,75,76,-1,76,75,77,-1,76,77,78,-1,78,77,79,-1,78,79,80,-1,80,79,81,-1,80,81,82,-1,82,83,84,-1,82,84,85,-1,85,84,86,-1,85,86,87,-1,87,86,88,-1,87,88,89,-1,89,88,90,-1,89,90,91,-1,92,90,93,-1,92,93,94,-1,94,93,95,-1,94,95,96,-1,96,95,97,-1,96,97,98,-1,98,97,99,-1,98,99,100,-1,100,101,102,-1,100,102,103,-1,103,102,104,-1,103,104,105,-1,105,104,106,-1,105,106,107,-1,107,106,13,-1,107,13,12,-1,19,20,17,-1,17,20,23,-1,17,23,15,-1,15,23,25,-1,15,25,12,-1,12,25,27,-1,12,27,107,-1,107,27,29,-1,107,29,105,-1,105,29,31,-1,105,31,103,-1,103,31,33,-1,103,33,100,-1,100,33,35,-1,100,35,98,-1,98,35,38,-1,98,38,96,-1,96,38,94,-1,94,38,40,-1,94,40,108,-1,40,42,108,-1,108,42,44,-1,108,44,89,-1,89,44,47,-1,89,47,87,-1,87,47,85,-1,85,47,49,-1,85,49,82,-1,49,51,82,-1,82,51,53,-1,82,53,80,-1,80,53,56,-1,80,56,78,-1,78,56,76,-1,76,56,58,-1,76,58,74,-1,58,60,74,-1,74,60,62,-1,74,62,72,-1,72,62,64,-1,72,64,69,-1,69,64,66,-1,69,66,68,-1,109,110,111,-1,111,110,112,-1,113,114,115,-1,115,114,109,-1,115,109,111,-1,116,114,117,-1,117,114,113,-1,118,119,120,-1,120,119,116,-1,120,116,117,-1,121,119,122,-1,122,119,118,-1,123,124,125,-1,125,124,121,-1,125,121,122,-1,126,124,127,-1,127,124,123,-1,128,129,130,-1,130,129,126,-1,130,126,127,-1,131,129,132,-1,132,129,128,-1,133,134,135,-1,135,134,131,-1,135,131,132,-1,136,134,137,-1,137,134,133,-1,112,110,138,-1,138,110,136,-1,138,136,137,-1,110,109,136,-1,136,109,114,-1,119,121,116,-1,116,121,124,-1,129,131,126,-1,126,131,134,-1,126,134,124,-1,124,134,136,-1,124,136,116,-1,116,136,114,-1,139,140,141,-1,141,140,142,-1,140,143,142,-1,142,143,144,-1,145,146,147,-1,145,147,148,-1,148,147,149,-1,148,149,150,-1,150,149,144,-1,150,144,143,-1,151,152,153,-1,151,153,154,-1,154,153,155,-1,154,155,156,-1,156,155,157,-1,156,157,158,-1,158,157,146,-1,158,146,145,-1,159,160,161,-1,159,161,162,-1,162,161,163,-1,162,163,164,-1,164,163,165,-1,164,165,166,-1,166,165,152,-1,166,152,151,-1,167,168,169,-1,167,169,170,-1,170,169,171,-1,170,171,172,-1,172,171,160,-1,172,160,159,-1,167,139,168,-1,168,139,141,-1,173,174,175,-1,173,175,176,-1,176,175,177,-1,176,177,178,-1,178,177,179,-1,178,179,180,-1,180,179,181,-1,180,181,182,-1,182,181,183,-1,182,183,184,-1,184,183,185,-1,184,185,186,-1,186,185,187,-1,186,187,188,-1,188,187,189,-1,188,189,190,-1,190,189,191,-1,190,191,192,-1,192,191,193,-1,192,193,194,-1,194,193,195,-1,194,195,196,-1,196,195,197,-1,196,197,198,-1,198,197,199,-1,198,199,200,-1,200,199,201,-1,200,201,202,-1,202,201,203,-1,202,203,204,-1,204,203,205,-1,204,205,206,-1,207,208,205,-1,205,208,206,-1,209,210,207,-1,207,210,208,-1,174,173,209,-1,209,173,210,-1,159,200,172,-1,172,200,202,-1,172,202,170,-1,170,202,204,-1,170,204,167,-1,167,204,206,-1,167,206,139,-1,139,206,208,-1,139,208,140,-1,140,208,210,-1,140,210,143,-1,210,173,143,-1,143,173,176,-1,143,176,150,-1,150,176,178,-1,150,178,148,-1,148,178,180,-1,148,180,145,-1,145,180,182,-1,145,182,158,-1,158,182,184,-1,158,184,156,-1,156,184,186,-1,156,186,154,-1,154,186,188,-1,154,188,151,-1,151,188,190,-1,151,190,166,-1,166,190,192,-1,166,192,164,-1,164,192,194,-1,164,194,162,-1,162,194,196,-1,162,196,159,-1,159,196,198,-1,159,198,200,-1,
        ]
    }
}
Shape{
    appearance Appearance {
        material  Material 	{
            diffuseColor 0.8509803921568627 0.8509803921568627 0.8509803921568627
            specularColor 0.4235294117647059 0.4235294117647059 0.4235294117647059
            ambientIntensity 0.2
            transparency 0
            shininess 0.5
        }
    }
    geometry IndexedFaceSet {
        ccw TRUE
        solid FALSE
        coord DEF co Coordinate {
            point [
                -0.1955 1.0769 0.7212, -0.1964 1.0767 0.7221, -0.1743 1.0805 0.7756, -0.1726 1.0808 0.7139, -0.1837 1.079 0.7152, -0.1903 1.0778 0.7177, -0.2003 1.076 0.7268, -0.2032 1.0755 0.7326, -0.2048 1.0752 0.7399, -0.2052 1.0751 0.7453, -0.2041 1.0753 0.7553, -0.2009 1.0759 0.7566, -0.2018 1.0757 0.7612, -0.1988 1.0763 0.7657, -0.1965 1.0767 0.768, -0.1913 1.0776 0.7716, -0.1845 1.0788 0.7742, -0.161 1.0826 0.714, -0.1735 1.0807 0.7756, -0.1614 1.0825 0.7757, -0.1614 1.0825 0.7757
            ]
        }
        coordIndex [
            0,1,2,-1,3,4,2,-1,2,4,5,-1,2,5,0,-1,1,6,2,-1,2,6,7,-1,2,7,8,-1,9,10,11,-1,11,10,12,-1,12,13,11,-1,11,13,14,-1,11,14,15,-1,8,9,2,-1,2,9,11,-1,2,11,16,-1,16,11,15,-1,3,2,17,-1,17,2,18,-1,17,18,19,-1,
        ]
    }
}
Shape{
    appearance Appearance {
        material  Material 	{
            diffuseColor 0.0 0.0 0.0
            specularColor 0.0 0.0 0.0
            ambientIntensity 0.2
            transparency 0
            shininess 0.5
        }
    }
    geometry IndexedFaceSet {
        ccw TRUE
        solid FALSE
        coord DEF co Coordinate {
            point [
                -0.2922 1.0552 0.7039, -0.2808 1.0583 0.704, -0.2922 1.0548 0.7039, -0.2808 1.0579 0.704, -0.2768 1.0589 0.7149, -0.2728 1.0604 0.726, -0.2728 1.0599 0.726, -0.2395 1.0684 0.7262, -0.2395 1.068 0.7262, -0.2316 1.0701 0.7044, -0.2316 1.0697 0.7044, -0.2202 1.0725 0.7045, -0.2202 1.0721 0.7045, -0.2513 1.0657 0.7843, -0.2513 1.0653 0.7843, -0.2623 1.063 0.7842, -0.2623 1.0626 0.7842, -0.2768 1.0588 0.7453, -0.255 1.0644 0.7684, -0.255 1.0648 0.7684, -0.2428 1.0672 0.7352, -0.2428 1.0676 0.7352, -0.2556 1.0642 0.7709, -0.2556 1.0646 0.7709, -0.2564 1.064 0.774, -0.2564 1.0644 0.774, -0.2566 1.064 0.774, -0.2566 1.0644 0.774, -0.2573 1.0638 0.7707, -0.2573 1.0642 0.7707, -0.2578 1.0637 0.7684, -0.2578 1.0641 0.7684, -0.2697 1.0607 0.7351, -0.2697 1.0612 0.7351, -0.2697 1.0612 0.7351
            ]
        }
        coordIndex [
            0,1,2,-1,2,1,3,-1,3,1,4,-1,4,1,5,-1,4,5,6,-1,5,7,6,-1,6,7,8,-1,7,9,8,-1,8,9,10,-1,9,11,10,-1,10,11,12,-1,11,13,12,-1,12,13,14,-1,13,15,14,-1,14,15,16,-1,16,15,17,-1,17,15,0,-1,17,0,2,-1,18,19,20,-1,20,19,21,-1,19,18,22,-1,19,22,23,-1,23,22,24,-1,23,24,25,-1,26,27,24,-1,24,27,25,-1,27,26,28,-1,27,28,29,-1,29,28,30,-1,29,30,31,-1,32,33,30,-1,30,33,31,-1,20,21,32,-1,32,21,33,-1,21,7,33,-1,33,7,5,-1,19,13,21,-1,21,13,11,-1,21,11,7,-1,7,11,9,-1,19,23,13,-1,13,23,25,-1,13,25,15,-1,15,25,27,-1,15,27,29,-1,29,31,15,-1,15,31,33,-1,15,33,0,-1,0,33,5,-1,0,5,1,-1,
        ]
    }
}
Shape{
    appearance Appearance {
        material  Material 	{
            diffuseColor 0.8509803921568627 0.8509803921568627 0.8509803921568627
            specularColor 0.4235294117647059 0.4235294117647059 0.4235294117647059
            ambientIntensity 0.2
            transparency 0
            shininess 0.5
        }
    }
    geometry IndexedFaceSet {
        ccw TRUE
        solid FALSE
        coord DEF co Coordinate {
            point [
                -0.2428 1.0672 0.7352, -0.2697 1.0607 0.7351, -0.255 1.0644 0.7684, -0.2578 1.0637 0.7684, -0.2556 1.0642 0.7709, -0.2573 1.0638 0.7707, -0.2564 1.064 0.774, -0.2566 1.064 0.774, -0.2566 1.064 0.774
            ]
        }
        coordIndex [
            0,1,2,-1,2,1,3,-1,2,3,4,-1,4,3,5,-1,4,5,6,-1,6,5,7,-1,
        ]
    }
}
Shape{
    appearance Appearance {
        material  Material 	{
            diffuseColor 0.0 0.0 0.0
            specularColor 0.0 0.0 0.0
            ambientIntensity 0.2
            transparency 0
            shininess 0.5
        }
    }
    geometry IndexedFaceSet {
        ccw TRUE
        solid FALSE
        coord DEF co Coordinate {
            point [
                -0.0131 1.0948 0.588, -0.0131 1.0948 0.5789, -0.0131 1.0944 0.588, -0.0131 1.0944 0.5789, 0.0196 1.0947 0.5883, 0.0196 1.0943 0.5883, 0.0194 1.0947 0.6152, 0.0194 1.0943 0.6152, -0.0092 1.0948 0.615, -0.0092 1.0944 0.615, -0.0093 1.0948 0.6242, -0.0093 1.0944 0.6242, 0.0193 1.0947 0.6244, 0.0193 1.0943 0.6244, 0.0192 1.0947 0.65, 0.0192 1.0943 0.65, -0.0117 1.0948 0.6498, -0.0117 1.0944 0.6498, -0.0118 1.0948 0.659, -0.0118 1.0944 0.659, 0.0294 1.0945 0.6593, 0.0294 1.0941 0.6593, 0.03 1.0945 0.5792, 0.03 1.0941 0.5792, -0.0689 1.0927 0.6153, -0.0689 1.0923 0.6153, -0.0682 1.0924 0.6227, -0.0682 1.0928 0.6227, -0.0667 1.0925 0.6273, -0.0667 1.0928 0.6273, -0.0647 1.0926 0.6306, -0.0647 1.093 0.6306, -0.062 1.0927 0.6332, -0.062 1.0931 0.6332, -0.0587 1.0929 0.6352, -0.0587 1.0933 0.6352, -0.0546 1.0931 0.6365, -0.0546 1.0935 0.6365, -0.0484 1.0934 0.6371, -0.0484 1.0938 0.6371, -0.0686 1.0927 0.5785, -0.0686 1.0923 0.5785, -0.0586 1.0933 0.5786, -0.0586 1.0929 0.5786, -0.0586 1.0933 0.5874, -0.0586 1.0929 0.5874, -0.0584 1.0933 0.5874, -0.0584 1.0929 0.5874, -0.0408 1.0941 0.5774, -0.0408 1.0937 0.5774, -0.0465 1.0935 0.578, -0.0465 1.0939 0.578, -0.0505 1.0933 0.5796, -0.0505 1.0937 0.5796, -0.0524 1.0932 0.5807, -0.0524 1.0936 0.5807, -0.0557 1.0931 0.5837, -0.0557 1.0935 0.5837, -0.0276 1.0945 0.5819, -0.0276 1.0941 0.5819, -0.031 1.0941 0.5796, -0.031 1.0944 0.5796, -0.0348 1.0939 0.5781, -0.0348 1.0943 0.5781, -0.0228 1.0946 0.5941, -0.0228 1.0943 0.5941, -0.0232 1.0942 0.5896, -0.0232 1.0946 0.5896, -0.0244 1.0942 0.5862, -0.0244 1.0946 0.5862, -0.0265 1.0942 0.5831, -0.0265 1.0946 0.5831, -0.0276 1.0941 0.5819, -0.0419 1.0941 0.6127, -0.0419 1.0937 0.6127, -0.0346 1.0939 0.611, -0.0346 1.0943 0.611, -0.0302 1.0941 0.6088, -0.0302 1.0945 0.6088, -0.027 1.0942 0.6062, -0.027 1.0945 0.6062, -0.025 1.0942 0.6034, -0.025 1.0946 0.6034, -0.0235 1.0942 0.5999, -0.0235 1.0946 0.5999, -0.0228 1.0943 0.5956, -0.0228 1.0946 0.5956, -0.0228 1.0946 0.5941, -0.0588 1.0933 0.6149, -0.0588 1.0929 0.6149, -0.0474 1.0939 0.629, -0.0474 1.0935 0.629, -0.0507 1.0933 0.6286, -0.0507 1.0937 0.6286, -0.0531 1.0932 0.6278, -0.0531 1.0936 0.6278, -0.0548 1.0931 0.6266, -0.0548 1.0935 0.6266, -0.0563 1.093 0.625, -0.0563 1.0934 0.625, -0.0575 1.093 0.6229, -0.0575 1.0934 0.6229, -0.0585 1.0929 0.6194, -0.0585 1.0933 0.6194, -0.0286 1.0945 0.6222, -0.0286 1.0941 0.6222, -0.0345 1.0939 0.626, -0.0345 1.0943 0.626, -0.0408 1.0937 0.6283, -0.0408 1.0941 0.6283, -0.0286 1.0945 0.632, -0.0286 1.0941 0.632, -0.0382 1.0938 0.636, -0.0382 1.0942 0.636, -0.0307 1.0941 0.6332, -0.0307 1.0945 0.6332, -0.0588 1.0929 0.6073, -0.0588 1.0933 0.6073, -0.0454 1.0935 0.6056, -0.0454 1.0939 0.6056, -0.0587 1.0929 0.6018, -0.0587 1.0933 0.6018, -0.0587 1.0929 0.6018, -0.0587 1.0929 0.6011, -0.0587 1.0933 0.6011, -0.0581 1.0929 0.5967, -0.0581 1.0933 0.5967, -0.0566 1.093 0.5931, -0.0566 1.0934 0.5931, -0.0544 1.0931 0.5902, -0.0544 1.0935 0.5902, -0.0544 1.0935 0.5902, -0.0531 1.0932 0.5889, -0.0531 1.0936 0.5889, -0.0502 1.0933 0.587, -0.0502 1.0937 0.587, -0.0472 1.0935 0.586, -0.0472 1.0939 0.586, -0.0434 1.0936 0.5856, -0.0434 1.094 0.5856, -0.0401 1.0938 0.586, -0.0401 1.0941 0.586, -0.0378 1.0938 0.5868, -0.0378 1.0942 0.5868, -0.0358 1.0939 0.5882, -0.0358 1.0943 0.5882, -0.0358 1.0939 0.5882, -0.035 1.0939 0.5891, -0.035 1.0943 0.5891, -0.0338 1.094 0.5908, -0.0338 1.0944 0.5908, -0.0332 1.094 0.5926, -0.0332 1.0944 0.5926, -0.0329 1.094 0.5949, -0.0329 1.0944 0.5949, -0.033 1.094 0.5965, -0.033 1.0944 0.5965, -0.0336 1.094 0.5988, -0.0336 1.0944 0.5988, -0.0344 1.0939 0.6006, -0.0344 1.0943 0.6006, -0.0357 1.0939 0.6021, -0.0357 1.0943 0.6021, -0.0357 1.0939 0.6021, -0.0369 1.0939 0.603, -0.0369 1.0943 0.603, -0.0392 1.0938 0.6042, -0.0392 1.0942 0.6042, -0.0329 1.0944 0.5949, -0.0329 1.0944 0.5949
            ]
        }
        coordIndex [
            0,1,2,-1,2,1,3,-1,4,0,5,-1,5,0,2,-1,6,4,7,-1,7,4,5,-1,8,6,9,-1,9,6,7,-1,10,8,11,-1,11,8,9,-1,12,10,13,-1,13,10,11,-1,14,12,15,-1,15,12,13,-1,16,14,17,-1,17,14,15,-1,18,16,19,-1,19,16,17,-1,20,18,21,-1,21,18,19,-1,22,20,23,-1,23,20,21,-1,1,22,3,-1,3,22,23,-1,1,0,22,-1,22,0,4,-1,8,10,6,-1,6,10,12,-1,16,18,14,-1,14,18,20,-1,14,20,12,-1,12,20,22,-1,12,22,6,-1,6,22,4,-1,24,25,26,-1,24,26,27,-1,27,26,28,-1,27,28,29,-1,29,28,30,-1,29,30,31,-1,31,30,32,-1,31,32,33,-1,33,32,34,-1,33,34,35,-1,35,34,36,-1,35,36,37,-1,37,36,38,-1,37,38,39,-1,24,40,25,-1,25,40,41,-1,40,42,41,-1,41,42,43,-1,42,44,43,-1,43,44,45,-1,44,46,45,-1,45,46,47,-1,48,49,50,-1,48,50,51,-1,51,50,52,-1,51,52,53,-1,53,52,54,-1,53,54,55,-1,55,54,56,-1,55,56,57,-1,57,56,47,-1,57,47,46,-1,58,59,60,-1,58,60,61,-1,61,60,62,-1,61,62,63,-1,63,62,49,-1,63,49,48,-1,64,65,66,-1,64,66,67,-1,67,66,68,-1,67,68,69,-1,69,68,70,-1,69,70,71,-1,71,70,72,-1,71,72,58,-1,73,74,75,-1,73,75,76,-1,76,75,77,-1,76,77,78,-1,78,77,79,-1,78,79,80,-1,80,79,81,-1,80,81,82,-1,82,81,83,-1,82,83,84,-1,84,83,85,-1,84,85,86,-1,86,85,65,-1,86,65,87,-1,73,88,74,-1,74,88,89,-1,90,91,92,-1,90,92,93,-1,93,92,94,-1,93,94,95,-1,95,94,96,-1,95,96,97,-1,97,96,98,-1,97,98,99,-1,99,98,100,-1,99,100,101,-1,101,100,102,-1,101,102,103,-1,103,102,89,-1,103,89,88,-1,104,105,106,-1,104,106,107,-1,107,106,108,-1,107,108,109,-1,109,108,91,-1,109,91,90,-1,104,110,105,-1,105,110,111,-1,39,38,112,-1,39,112,113,-1,113,112,114,-1,113,114,115,-1,115,114,111,-1,115,111,110,-1,116,117,118,-1,118,117,119,-1,120,121,116,-1,116,121,117,-1,121,122,123,-1,121,123,124,-1,124,123,125,-1,124,125,126,-1,126,125,127,-1,126,127,128,-1,128,127,129,-1,128,129,130,-1,131,129,132,-1,131,132,133,-1,133,132,134,-1,133,134,135,-1,135,134,136,-1,135,136,137,-1,137,136,138,-1,137,138,139,-1,139,138,140,-1,139,140,141,-1,141,140,142,-1,141,142,143,-1,143,142,144,-1,143,144,145,-1,145,146,147,-1,145,147,148,-1,148,147,149,-1,148,149,150,-1,150,149,151,-1,150,151,152,-1,152,151,153,-1,152,153,154,-1,154,153,155,-1,154,155,156,-1,156,155,157,-1,156,157,158,-1,158,157,159,-1,158,159,160,-1,160,159,161,-1,160,161,162,-1,162,163,164,-1,162,164,165,-1,165,164,166,-1,165,166,167,-1,167,166,118,-1,167,118,119,-1,88,24,103,-1,103,24,27,-1,103,27,101,-1,101,27,29,-1,101,29,99,-1,99,29,31,-1,99,31,97,-1,97,31,33,-1,97,33,95,-1,95,33,35,-1,95,35,93,-1,93,35,37,-1,93,37,90,-1,90,37,39,-1,90,39,109,-1,109,39,113,-1,109,113,107,-1,107,113,115,-1,107,115,104,-1,104,115,110,-1,135,137,53,-1,53,137,51,-1,51,137,139,-1,51,139,48,-1,48,139,141,-1,48,141,63,-1,63,141,143,-1,63,143,61,-1,61,143,145,-1,61,145,58,-1,58,145,148,-1,58,148,71,-1,71,148,69,-1,69,148,150,-1,69,150,67,-1,67,150,152,-1,67,152,87,-1,87,152,168,-1,87,168,86,-1,86,168,156,-1,86,156,84,-1,84,156,82,-1,82,156,158,-1,82,158,80,-1,80,158,160,-1,80,160,78,-1,165,88,73,-1,160,162,78,-1,78,162,165,-1,78,165,76,-1,76,165,73,-1,121,124,24,-1,165,167,88,-1,88,167,119,-1,88,119,24,-1,24,119,117,-1,24,117,121,-1,44,126,128,-1,44,128,46,-1,53,55,135,-1,135,55,57,-1,135,57,133,-1,133,57,46,-1,133,46,131,-1,131,46,128,-1,42,40,44,-1,44,40,24,-1,44,24,126,-1,126,24,124,-1,
        ]
    }
}
Shape{
    appearance Appearance {
        material  Material 	{
            diffuseColor 0.8509803921568627 0.8509803921568627 0.8509803921568627
            specularColor 0.4235294117647059 0.4235294117647059 0.4235294117647059
            ambientIntensity 0.2
            transparency 0
            shininess 0.5
        }
    }
    geometry IndexedFaceSet {
        ccw TRUE
        solid FALSE
        coord DEF co Coordinate {
            point [
                -0.0587 1.0929 0.6011, -0.0587 1.0929 0.6018, -0.0357 1.0939 0.6021, -0.0581 1.0929 0.5967, -0.0344 1.0939 0.6006, -0.0566 1.093 0.5931, -0.0483 1.0934 0.5872, -0.0434 1.0936 0.5856, -0.0472 1.0935 0.586, -0.0338 1.094 0.5908, -0.035 1.0939 0.5891, -0.0531 1.0932 0.5889, -0.0336 1.094 0.5988, -0.033 1.094 0.5965, -0.0544 1.0931 0.5902, -0.0329 1.094 0.5949, -0.0332 1.094 0.5926, -0.0358 1.0939 0.5882, -0.0378 1.0938 0.5868, -0.0401 1.0938 0.586, -0.0502 1.0933 0.587, -0.0588 1.0929 0.6073, -0.0454 1.0935 0.6056, -0.0392 1.0938 0.6042, -0.0369 1.0939 0.603, -0.0369 1.0939 0.603
            ]
        }
        coordIndex [
            0,1,2,-1,0,2,3,-1,3,2,4,-1,3,4,5,-1,6,7,8,-1,9,10,11,-1,4,12,5,-1,5,12,13,-1,5,13,14,-1,14,13,15,-1,14,15,11,-1,11,15,16,-1,11,16,9,-1,17,18,6,-1,6,18,19,-1,6,19,7,-1,10,17,11,-1,11,17,6,-1,11,6,20,-1,20,6,8,-1,1,21,22,-1,22,23,1,-1,1,23,24,-1,1,24,2,-1,
        ]
    }
}
Shape{
    appearance Appearance {
        material  Material 	{
            diffuseColor 0.0 0.0 0.0
            specularColor 0.0 0.0 0.0
            ambientIntensity 0.2
            transparency 0
            shininess 0.5
        }
    }
    geometry IndexedFaceSet {
        ccw TRUE
        solid FALSE
        coord DEF co Coordinate {
            point [
                -0.0987 1.0904 0.5851, -0.0987 1.09 0.5851, -0.0926 1.0906 0.5859, -0.0926 1.091 0.5859, -0.0863 1.0911 0.5883, -0.0863 1.0915 0.5883, -0.0823 1.0914 0.5908, -0.0823 1.0918 0.5908, -0.0822 1.0918 0.5804, -0.0822 1.0914 0.5804, -0.0883 1.0909 0.5781, -0.0883 1.0913 0.5781, -0.0977 1.0901 0.5769, -0.0977 1.0905 0.5769, -0.1067 1.0893 0.5779, -0.1067 1.0897 0.5779, -0.112 1.0887 0.5799, -0.112 1.0891 0.5799, -0.1144 1.0885 0.5814, -0.1144 1.0889 0.5814, -0.1173 1.0882 0.5839, -0.1173 1.0886 0.5839, -0.1192 1.088 0.5865, -0.1192 1.0884 0.5865, -0.1197 1.0879 0.5878, -0.1204 1.0882 0.5897, -0.1204 1.0878 0.5897, -0.1209 1.0878 0.5937, -0.1209 1.0882 0.5937, -0.1205 1.0878 0.5974, -0.1197 1.0879 0.5998, -0.1195 1.0883 0.6004, -0.1205 1.0882 0.5974, -0.1195 1.0879 0.6004, -0.1176 1.0881 0.6032, -0.1176 1.0885 0.6032, -0.1153 1.0884 0.6053, -0.1153 1.0888 0.6053, -0.1086 1.0891 0.6091, -0.1086 1.0895 0.6091, -0.1048 1.0895 0.6107, -0.1048 1.0899 0.6107, -0.0986 1.09 0.6134, -0.0986 1.0904 0.6134, -0.0951 1.0904 0.6157, -0.0951 1.0907 0.6157, -0.0951 1.0903 0.6157, -0.0941 1.0904 0.6167, -0.0941 1.0908 0.6167, -0.0934 1.0905 0.6181, -0.0934 1.0909 0.6181, -0.093 1.0905 0.6197, -0.093 1.0909 0.6197, -0.0929 1.0905 0.621, -0.0929 1.0909 0.621, -0.0929 1.0909 0.621, -0.0931 1.0905 0.6226, -0.0931 1.0909 0.6226, -0.0936 1.0905 0.6239, -0.0936 1.0909 0.6239, -0.0945 1.0904 0.6252, -0.0945 1.0908 0.6252, -0.096 1.0903 0.6265, -0.096 1.0907 0.6265, -0.0982 1.0901 0.6277, -0.0982 1.0905 0.6277, -0.1009 1.0898 0.6284, -0.1009 1.0902 0.6284, -0.1039 1.0895 0.6286, -0.1039 1.0899 0.6286, -0.1103 1.0889 0.6278, -0.1103 1.0893 0.6278, -0.116 1.0883 0.6258, -0.116 1.0887 0.6258, -0.1184 1.0881 0.6244, -0.1184 1.0885 0.6244, -0.1185 1.0885 0.6341, -0.1185 1.0881 0.6341, -0.112 1.0887 0.6361, -0.112 1.0891 0.6361, -0.1049 1.0894 0.6367, -0.1049 1.0898 0.6367, -0.0979 1.0901 0.6361, -0.0979 1.0905 0.6361, -0.0923 1.0906 0.6342, -0.0923 1.091 0.6342, -0.0891 1.0909 0.6323, -0.0891 1.0913 0.6323, -0.0861 1.0911 0.6297, -0.0861 1.0915 0.6297, -0.0842 1.0912 0.627, -0.0842 1.0916 0.627, -0.083 1.0913 0.6237, -0.083 1.0917 0.6237, -0.0826 1.0914 0.6202, -0.0826 1.0918 0.6202, -0.0826 1.0918 0.6202, -0.083 1.0913 0.6163, -0.083 1.0917 0.6163, -0.084 1.0913 0.6132, -0.084 1.0917 0.6132, -0.0853 1.0912 0.6111, -0.0853 1.0916 0.6111, -0.0853 1.0912 0.6111, -0.087 1.091 0.6094, -0.087 1.0914 0.6094, -0.0917 1.0906 0.6062, -0.0917 1.091 0.6062, -0.0976 1.0901 0.6034, -0.0976 1.0905 0.6034, -0.1042 1.0895 0.6006, -0.1042 1.0899 0.6006, -0.1081 1.0891 0.5982, -0.1081 1.0895 0.5982, -0.1081 1.0895 0.5982, -0.1093 1.089 0.5969, -0.1093 1.0894 0.5969, -0.1101 1.0889 0.5956, -0.1101 1.0893 0.5956, -0.1105 1.0889 0.594, -0.1105 1.0893 0.594, -0.1106 1.0889 0.5928, -0.1106 1.0893 0.5928, -0.1106 1.0889 0.5928, -0.1104 1.0889 0.5909, -0.1104 1.0893 0.5909, -0.1099 1.089 0.5894, -0.1099 1.0894 0.5894, -0.1095 1.0894 0.5888, -0.1095 1.089 0.5888, -0.109 1.0894 0.5882, -0.109 1.089 0.5882, -0.1078 1.0892 0.5871, -0.1078 1.0896 0.5871, -0.1069 1.0893 0.5866, -0.1069 1.0896 0.5866, -0.1043 1.0895 0.5857, -0.1043 1.0899 0.5857, -0.0992 1.09 0.5852, -0.0992 1.0904 0.5852, -0.1709 1.0815 0.635, -0.1813 1.0798 0.6349, -0.1709 1.0811 0.635, -0.1813 1.0794 0.6349, -0.155 1.0839 0.592, -0.155 1.0835 0.592, -0.155 1.0835 0.592, -0.1543 1.0836 0.5893, -0.1543 1.084 0.5893, -0.1538 1.0836 0.5874, -0.1538 1.084 0.5874, -0.1535 1.0841 0.5874, -0.1538 1.084 0.5874, -0.1535 1.0837 0.5874, -0.1523 1.0842 0.5921, -0.1523 1.0838 0.5921, -0.1377 1.0862 0.6352, -0.1377 1.0858 0.6352, -0.1264 1.0876 0.6353, -0.1264 1.0872 0.6353, -0.1485 1.0848 0.5781, -0.1485 1.0844 0.5781, -0.144 1.0854 0.5677, -0.144 1.085 0.5677, -0.142 1.0852 0.5641, -0.142 1.0856 0.5641, -0.1401 1.0855 0.562, -0.1401 1.0859 0.562, -0.1384 1.0857 0.5608, -0.1384 1.0861 0.5608, -0.1362 1.086 0.56, -0.1362 1.0864 0.56, -0.1337 1.0863 0.5597, -0.1337 1.0867 0.5597, -0.13 1.0867 0.5602, -0.13 1.0871 0.5602, -0.128 1.087 0.5609, -0.128 1.0874 0.5609, -0.1279 1.0874 0.552, -0.1279 1.087 0.552, -0.1322 1.0865 0.5512, -0.1322 1.0869 0.5512, -0.1344 1.0862 0.5511, -0.1344 1.0866 0.5511, -0.1384 1.0857 0.5515, -0.1384 1.0861 0.5515, -0.1424 1.0852 0.553, -0.1424 1.0856 0.553, -0.1459 1.0847 0.5554, -0.1459 1.0851 0.5554, -0.1465 1.0846 0.5561, -0.1465 1.085 0.5561, -0.1503 1.0841 0.5604, -0.1503 1.0845 0.5604, -0.1549 1.0835 0.5693, -0.1549 1.0839 0.5693, -0.2349 1.0694 0.5865, -0.2348 1.0694 0.5773, -0.2349 1.069 0.5865, -0.2348 1.069 0.5773, -0.2021 1.0761 0.5867, -0.2021 1.0757 0.5867, -0.2023 1.076 0.6136, -0.2023 1.0756 0.6136, -0.231 1.0702 0.6134, -0.231 1.0698 0.6134, -0.231 1.0702 0.6226, -0.231 1.0698 0.6226, -0.2024 1.076 0.6228, -0.2024 1.0756 0.6228, -0.2026 1.076 0.6484, -0.2026 1.0756 0.6484, -0.2335 1.0697 0.6482, -0.2335 1.0693 0.6482, -0.2335 1.0697 0.6574, -0.2335 1.0693 0.6574, -0.1923 1.0779 0.6577, -0.1923 1.0775 0.6577, -0.1917 1.078 0.5776, -0.1917 1.0776 0.5776, -0.2499 1.066 0.5772, -0.2505 1.0658 0.6573, -0.2499 1.0656 0.5772, -0.2505 1.0654 0.6573, -0.2733 1.0602 0.6571, -0.2733 1.0598 0.6571, -0.2768 1.0589 0.6567, -0.2856 1.057 0.6557, -0.2856 1.0566 0.6557, -0.2952 1.0543 0.6521, -0.2952 1.0539 0.6521, -0.3035 1.052 0.6463, -0.3035 1.0516 0.6463, -0.3154 1.0485 0.6178, -0.3154 1.0481 0.6178, -0.3151 1.0486 0.6234, -0.3151 1.0481 0.6234, -0.3142 1.0488 0.6288, -0.3142 1.0484 0.6288, -0.3113 1.0493 0.6365, -0.3113 1.0497 0.6365, -0.3063 1.0507 0.6435, -0.3063 1.0512 0.6435, -0.3031 1.0521 0.5881, -0.3031 1.0517 0.5881, -0.3091 1.0499 0.5951, -0.3091 1.0503 0.5951, -0.3131 1.0487 0.6034, -0.3131 1.0492 0.6034, -0.3151 1.0481 0.6127, -0.3151 1.0486 0.6127, -0.2719 1.0606 0.5771, -0.2719 1.0602 0.5771, -0.2768 1.0589 0.5776, -0.2855 1.057 0.5786, -0.2855 1.0566 0.5786, -0.2947 1.0541 0.5821, -0.2947 1.0545 0.5821, -0.2729 1.0603 0.6479, -0.2729 1.0599 0.6479, -0.2736 1.0597 0.6478, -0.2736 1.0601 0.6478, -0.2839 1.057 0.6465, -0.2839 1.0574 0.6465, -0.2907 1.0552 0.6438, -0.2907 1.0556 0.6438, -0.2959 1.0537 0.6402, -0.2959 1.0541 0.6402, -0.3034 1.0516 0.6276, -0.3012 1.0526 0.6335, -0.3012 1.0522 0.6335, -0.2981 1.0535 0.638, -0.2981 1.0531 0.638, -0.3045 1.0513 0.6176, -0.3045 1.0517 0.6176, -0.3043 1.0513 0.6226, -0.3043 1.0517 0.6227, -0.3034 1.052 0.6276, -0.3042 1.0514 0.6121, -0.3042 1.0518 0.6121, -0.3025 1.0518 0.6049, -0.3025 1.0523 0.6049, -0.2997 1.0527 0.599, -0.2997 1.0531 0.599, -0.2958 1.0538 0.5944, -0.2958 1.0542 0.5944, -0.2949 1.054 0.5935, -0.2949 1.0544 0.5935, -0.2897 1.0555 0.59, -0.2897 1.0559 0.59, -0.283 1.0573 0.5874, -0.283 1.0577 0.5874, -0.272 1.0602 0.5862, -0.272 1.0606 0.5862, -0.2603 1.0631 0.5863, -0.2603 1.0635 0.5863, -0.2608 1.063 0.648, -0.2608 1.0634 0.648, -0.2608 1.0634 0.648
            ]
        }
        coordIndex [
            0,1,2,-1,0,2,3,-1,3,2,4,-1,3,4,5,-1,5,4,6,-1,5,6,7,-1,8,7,9,-1,9,7,6,-1,8,9,10,-1,8,10,11,-1,11,10,12,-1,11,12,13,-1,13,12,14,-1,13,14,15,-1,15,14,16,-1,15,16,17,-1,17,16,18,-1,17,18,19,-1,19,18,20,-1,19,20,21,-1,21,20,22,-1,21,22,23,-1,23,22,24,-1,23,24,25,-1,24,26,25,-1,25,26,27,-1,25,27,28,-1,28,27,29,-1,30,31,29,-1,29,31,32,-1,29,32,28,-1,30,33,31,-1,31,33,34,-1,31,34,35,-1,35,34,36,-1,35,36,37,-1,37,36,38,-1,37,38,39,-1,39,38,40,-1,39,40,41,-1,41,40,42,-1,41,42,43,-1,43,42,44,-1,43,44,45,-1,45,46,47,-1,45,47,48,-1,48,47,49,-1,48,49,50,-1,50,49,51,-1,50,51,52,-1,52,51,53,-1,52,53,54,-1,55,53,56,-1,55,56,57,-1,57,56,58,-1,57,58,59,-1,59,58,60,-1,59,60,61,-1,61,60,62,-1,61,62,63,-1,63,62,64,-1,63,64,65,-1,65,64,66,-1,65,66,67,-1,67,66,68,-1,67,68,69,-1,69,68,70,-1,69,70,71,-1,71,70,72,-1,71,72,73,-1,73,72,74,-1,73,74,75,-1,76,75,77,-1,77,75,74,-1,76,77,78,-1,76,78,79,-1,79,78,80,-1,79,80,81,-1,81,80,82,-1,81,82,83,-1,83,82,84,-1,83,84,85,-1,85,84,86,-1,85,86,87,-1,87,86,88,-1,87,88,89,-1,89,88,90,-1,89,90,91,-1,91,90,92,-1,91,92,93,-1,93,92,94,-1,93,94,95,-1,96,94,97,-1,96,97,98,-1,98,97,99,-1,98,99,100,-1,100,99,101,-1,100,101,102,-1,102,103,104,-1,102,104,105,-1,105,104,106,-1,105,106,107,-1,107,106,108,-1,107,108,109,-1,109,108,110,-1,109,110,111,-1,111,110,112,-1,111,112,113,-1,114,112,115,-1,114,115,116,-1,116,115,117,-1,116,117,118,-1,118,117,119,-1,118,119,120,-1,120,119,121,-1,120,121,122,-1,122,123,124,-1,122,124,125,-1,125,124,126,-1,125,126,127,-1,127,126,128,-1,128,126,129,-1,128,129,130,-1,129,131,130,-1,130,131,132,-1,130,132,133,-1,133,132,134,-1,133,134,135,-1,135,134,136,-1,135,136,137,-1,137,136,138,-1,137,138,139,-1,139,138,1,-1,139,1,0,-1,111,39,41,-1,111,41,109,-1,109,41,43,-1,109,43,107,-1,39,111,37,-1,37,111,113,-1,37,113,35,-1,35,113,116,-1,35,116,31,-1,31,116,118,-1,31,118,32,-1,32,118,120,-1,32,120,28,-1,28,120,122,-1,28,122,25,-1,25,122,125,-1,25,125,23,-1,23,125,127,-1,23,127,21,-1,21,127,128,-1,21,128,19,-1,19,128,130,-1,19,130,17,-1,130,133,17,-1,17,133,135,-1,17,135,15,-1,135,137,15,-1,15,137,139,-1,15,139,13,-1,13,139,0,-1,13,0,11,-1,11,0,3,-1,11,3,8,-1,8,3,5,-1,8,5,7,-1,107,43,105,-1,105,43,45,-1,105,45,102,-1,102,45,48,-1,102,48,100,-1,100,48,50,-1,100,50,98,-1,98,50,52,-1,98,52,95,-1,95,52,55,-1,95,55,93,-1,93,55,57,-1,93,57,91,-1,91,57,59,-1,91,59,89,-1,89,59,87,-1,87,59,61,-1,87,61,85,-1,85,61,63,-1,85,63,83,-1,63,65,83,-1,83,65,67,-1,83,67,81,-1,81,67,69,-1,81,69,79,-1,79,69,71,-1,79,71,76,-1,76,71,73,-1,76,73,75,-1,140,141,142,-1,142,141,143,-1,144,140,145,-1,145,140,142,-1,144,146,147,-1,144,147,148,-1,148,147,149,-1,148,149,150,-1,151,152,153,-1,153,152,149,-1,154,151,155,-1,155,151,153,-1,156,154,157,-1,157,154,155,-1,158,156,159,-1,159,156,157,-1,160,158,161,-1,161,158,159,-1,162,160,163,-1,163,160,161,-1,162,163,164,-1,162,164,165,-1,165,164,166,-1,165,166,167,-1,167,166,168,-1,167,168,169,-1,169,168,170,-1,169,170,171,-1,171,170,172,-1,171,172,173,-1,173,172,174,-1,173,174,175,-1,175,174,176,-1,175,176,177,-1,178,177,179,-1,179,177,176,-1,178,179,180,-1,178,180,181,-1,181,180,182,-1,181,182,183,-1,183,182,184,-1,183,184,185,-1,185,184,186,-1,185,186,187,-1,187,186,188,-1,187,188,189,-1,189,188,190,-1,189,190,191,-1,191,190,192,-1,191,192,193,-1,193,192,194,-1,193,194,195,-1,141,195,143,-1,143,195,194,-1,141,140,195,-1,195,140,144,-1,195,144,148,-1,193,195,160,-1,160,162,193,-1,193,162,165,-1,193,165,191,-1,191,165,167,-1,177,178,175,-1,175,178,181,-1,175,181,173,-1,173,181,183,-1,173,183,171,-1,171,183,185,-1,171,185,169,-1,169,185,187,-1,169,187,167,-1,167,187,189,-1,167,189,191,-1,156,158,154,-1,154,158,160,-1,154,160,151,-1,151,160,195,-1,151,195,152,-1,152,195,148,-1,196,197,198,-1,198,197,199,-1,200,196,201,-1,201,196,198,-1,202,200,203,-1,203,200,201,-1,204,202,205,-1,205,202,203,-1,206,204,207,-1,207,204,205,-1,208,206,209,-1,209,206,207,-1,210,208,211,-1,211,208,209,-1,212,210,213,-1,213,210,211,-1,214,212,215,-1,215,212,213,-1,216,214,217,-1,217,214,215,-1,218,216,219,-1,219,216,217,-1,197,218,199,-1,199,218,219,-1,197,196,218,-1,218,196,200,-1,204,206,202,-1,202,206,208,-1,212,214,210,-1,210,214,216,-1,210,216,208,-1,208,216,218,-1,208,218,202,-1,202,218,200,-1,220,221,222,-1,222,221,223,-1,221,224,223,-1,223,224,225,-1,225,224,226,-1,226,224,227,-1,226,227,228,-1,228,227,229,-1,228,229,230,-1,230,229,231,-1,230,231,232,-1,233,234,235,-1,235,234,236,-1,235,236,237,-1,236,238,237,-1,237,238,239,-1,237,239,240,-1,240,239,241,-1,240,241,242,-1,242,241,232,-1,242,232,231,-1,243,244,245,-1,243,245,246,-1,246,245,247,-1,246,247,248,-1,248,247,249,-1,248,249,250,-1,250,249,234,-1,250,234,233,-1,251,252,253,-1,251,253,254,-1,253,255,254,-1,254,255,256,-1,254,256,257,-1,257,256,244,-1,257,244,243,-1,251,220,252,-1,252,220,222,-1,258,259,260,-1,258,260,261,-1,261,260,262,-1,261,262,263,-1,263,262,264,-1,263,264,265,-1,265,264,266,-1,265,266,267,-1,268,269,270,-1,270,269,271,-1,270,271,272,-1,272,271,267,-1,272,267,266,-1,273,274,275,-1,275,274,276,-1,275,276,268,-1,268,276,277,-1,268,277,269,-1,274,273,278,-1,274,278,279,-1,279,278,280,-1,279,280,281,-1,281,280,282,-1,281,282,283,-1,283,282,284,-1,283,284,285,-1,285,284,286,-1,285,286,287,-1,287,286,288,-1,287,288,289,-1,289,288,290,-1,289,290,291,-1,291,290,292,-1,291,292,293,-1,294,295,292,-1,292,295,293,-1,296,297,294,-1,294,297,295,-1,259,258,296,-1,296,258,297,-1,243,287,257,-1,257,287,289,-1,257,289,254,-1,254,289,291,-1,254,291,251,-1,251,291,293,-1,251,293,220,-1,220,293,295,-1,220,295,221,-1,221,295,297,-1,221,297,224,-1,297,258,224,-1,224,258,261,-1,224,261,227,-1,227,261,263,-1,227,263,229,-1,229,263,265,-1,229,265,231,-1,231,265,267,-1,231,267,242,-1,242,267,271,-1,242,271,240,-1,240,271,269,-1,240,269,237,-1,237,269,277,-1,237,277,235,-1,235,277,276,-1,235,276,233,-1,233,276,274,-1,233,274,250,-1,250,274,279,-1,250,279,248,-1,248,279,281,-1,248,281,246,-1,246,281,283,-1,246,283,243,-1,243,283,285,-1,243,285,287,-1,
        ]
    }
}
Shape{
    appearance Appearance {
        material  Material 	{
            diffuseColor 0.8509803921568627 0.8509803921568627 0.8509803921568627
            specularColor 0.4235294117647059 0.4235294117647059 0.4235294117647059
            ambientIntensity 0.2
            transparency 0
            shininess 0.5
        }
    }
    geometry IndexedFaceSet {
        ccw TRUE
        solid FALSE
        coord DEF co Coordinate {
            point [
                -0.3042 1.0514 0.6121, -0.3045 1.0513 0.6176, -0.2736 1.0597 0.6478, -0.2949 1.054 0.5935, -0.2958 1.0538 0.5944, -0.2897 1.0555 0.59, -0.2997 1.0527 0.599, -0.3025 1.0518 0.6049, -0.3012 1.0522 0.6335, -0.3001 1.0525 0.6314, -0.3034 1.0516 0.6276, -0.3043 1.0513 0.6226, -0.2981 1.0531 0.638, -0.2959 1.0537 0.6402, -0.2907 1.0552 0.6438, -0.2839 1.057 0.6465, -0.2608 1.063 0.648, -0.2603 1.0631 0.5863, -0.2729 1.0599 0.6479, -0.272 1.0602 0.5862, -0.283 1.0573 0.5874, -0.283 1.0573 0.5874
            ]
        }
        coordIndex [
            0,1,2,-1,3,4,2,-1,3,2,5,-1,4,6,2,-1,2,6,7,-1,2,7,0,-1,8,9,10,-1,10,9,11,-1,8,12,9,-1,9,12,13,-1,9,13,14,-1,1,11,2,-1,2,11,9,-1,2,9,15,-1,15,9,14,-1,16,17,18,-1,18,17,19,-1,18,19,2,-1,2,19,20,-1,2,20,5,-1,
        ]
    }
}
Shape{
    appearance Appearance {
        material  Material 	{
            diffuseColor 0.0 0.0 0.0
            specularColor 0.0 0.0 0.0
            ambientIntensity 0.2
            transparency 0
            shininess 0.5
        }
    }
    geometry IndexedFaceSet {
        ccw TRUE
        solid FALSE
        coord DEF co Coordinate {
            point [
                -0.3916 1.0225 0.5762, -0.3802 1.0268 0.5763, -0.3916 1.022 0.5762, -0.3802 1.0263 0.5763, -0.3722 1.0297 0.5983, -0.3722 1.0293 0.5983, -0.3388 1.0411 0.5985, -0.3388 1.0407 0.5985, -0.331 1.0437 0.5766, -0.331 1.0432 0.5766, -0.3196 1.0472 0.5767, -0.3196 1.0468 0.5767, -0.3506 1.0372 0.6566, -0.3506 1.0368 0.6566, -0.3617 1.0334 0.6565, -0.3617 1.033 0.6565, -0.3544 1.0355 0.6407, -0.3544 1.0359 0.6407, -0.3422 1.0396 0.6075, -0.3422 1.04 0.6075, -0.355 1.0353 0.6431, -0.355 1.0357 0.6431, -0.3557 1.0351 0.6463, -0.3557 1.0355 0.6463, -0.356 1.035 0.6463, -0.356 1.0354 0.6463, -0.3567 1.0347 0.6429, -0.3567 1.0351 0.6429, -0.3572 1.0346 0.6407, -0.3572 1.035 0.6407, -0.369 1.0304 0.6073, -0.369 1.0308 0.6073, -0.369 1.0308 0.6073
            ]
        }
        coordIndex [
            0,1,2,-1,2,1,3,-1,1,4,3,-1,3,4,5,-1,4,6,5,-1,5,6,7,-1,6,8,7,-1,7,8,9,-1,8,10,9,-1,9,10,11,-1,10,12,11,-1,11,12,13,-1,12,14,13,-1,13,14,15,-1,14,0,15,-1,15,0,2,-1,16,17,18,-1,18,17,19,-1,17,16,20,-1,17,20,21,-1,21,20,22,-1,21,22,23,-1,24,25,22,-1,22,25,23,-1,25,24,26,-1,25,26,27,-1,27,26,28,-1,27,28,29,-1,30,31,28,-1,28,31,29,-1,18,19,30,-1,30,19,31,-1,19,6,31,-1,31,6,4,-1,17,12,19,-1,19,12,10,-1,19,10,6,-1,6,10,8,-1,17,21,12,-1,12,21,23,-1,12,23,14,-1,14,23,25,-1,14,25,27,-1,27,29,14,-1,14,29,31,-1,14,31,0,-1,0,31,4,-1,0,4,1,-1,
        ]
    }
}
Shape{
    appearance Appearance {
        material  Material 	{
            diffuseColor 0.8509803921568627 0.8509803921568627 0.8509803921568627
            specularColor 0.4235294117647059 0.4235294117647059 0.4235294117647059
            ambientIntensity 0.2
            transparency 0
            shininess 0.5
        }
    }
    geometry IndexedFaceSet {
        ccw TRUE
        solid FALSE
        coord DEF co Coordinate {
            point [
                -0.3422 1.0396 0.6075, -0.369 1.0304 0.6073, -0.3544 1.0355 0.6407, -0.3572 1.0346 0.6407, -0.355 1.0353 0.6431, -0.3567 1.0347 0.6429, -0.3557 1.0351 0.6463, -0.356 1.035 0.6463, -0.356 1.035 0.6463
            ]
        }
        coordIndex [
            0,1,2,-1,2,1,3,-1,2,3,4,-1,4,3,5,-1,4,5,6,-1,6,5,7,-1,
        ]
    }
}
Shape{
    appearance Appearance {
        material  Material 	{
            diffuseColor 0.0 0.0 0.0
            specularColor 0.0 0.0 0.0
            ambientIntensity 0.2
            transparency 0
            shininess 0.5
        }
    }
    geometry IndexedFaceSet {
        ccw TRUE
        solid FALSE
        coord DEF co Coordinate {
            point [
                0.1165 1.0887 0.6052, 0.1165 1.0883 0.6052, 0.1051 1.0894 0.6208, 0.1051 1.0898 0.6208, 0.0978 1.0901 0.6388, 0.0978 1.0905 0.6388, 0.095 1.0904 0.6591, 0.095 1.0908 0.6591, 0.1684 1.0818 0.5799, 0.1684 1.0814 0.5799, 0.1495 1.0842 0.5838, 0.1495 1.0846 0.5838, 0.132 1.0865 0.5922, 0.132 1.0869 0.5922, 0.1988 1.0762 0.5801, 0.202 1.0761 0.5801, 0.202 1.0757 0.5801, 0.2184 1.0729 0.5979, 0.2184 1.0725 0.5979, 0.2179 1.0726 0.5937, 0.2179 1.073 0.5937, 0.2164 1.0729 0.5898, 0.2164 1.0733 0.5898, 0.214 1.0734 0.5862, 0.214 1.0738 0.5862, 0.2127 1.0736 0.5848, 0.2127 1.074 0.5848, 0.209 1.0743 0.5822, 0.209 1.0748 0.5822, 0.2052 1.0751 0.5807, 0.2052 1.0755 0.5807, 0.2006 1.0763 0.6154, 0.2006 1.0759 0.6154, 0.2051 1.0751 0.6149, 0.2051 1.0755 0.6149, 0.209 1.0744 0.6134, 0.209 1.0748 0.6134, 0.2125 1.0737 0.6109, 0.2125 1.0741 0.6109, 0.2149 1.0732 0.6084, 0.2149 1.0736 0.6084, 0.2171 1.0727 0.6045, 0.2171 1.0731 0.6045, 0.2178 1.073 0.6024, 0.2178 1.0726 0.6024, 0.2183 1.0729 0.6002, 0.2183 1.0725 0.6002, 0.1972 1.077 0.6148, 0.1972 1.0766 0.6148, 0.1984 1.0764 0.615, 0.1984 1.0768 0.6151, 0.1988 1.0763 0.6151, 0.2001 1.0764 0.6154, 0.2001 1.076 0.6153, 0.1716 1.0813 0.6147, 0.1716 1.081 0.6147, 0.1303 1.0871 0.6588, 0.1303 1.0867 0.6588, 0.1318 1.0865 0.6477, 0.1318 1.0869 0.6477, 0.1358 1.086 0.6376, 0.1358 1.0864 0.6376, 0.1421 1.0852 0.6287, 0.1421 1.0856 0.6287, 0.1428 1.0851 0.6279, 0.1428 1.0855 0.6279, 0.1513 1.084 0.6211, 0.1513 1.0844 0.6211, 0.1614 1.0825 0.6165, 0.1614 1.0829 0.6165, 0.1744 1.0809 0.7035, 0.1744 1.0805 0.7035, 0.1636 1.0822 0.7021, 0.1636 1.0826 0.7021, 0.1537 1.0836 0.6982, 0.1537 1.084 0.6982, 0.1449 1.0849 0.692, 0.1449 1.0853 0.692, 0.1384 1.0857 0.6846, 0.1384 1.0861 0.6846, 0.1331 1.0864 0.6747, 0.1331 1.0868 0.6747, 0.1306 1.0867 0.6638, 0.1306 1.0871 0.6638, 0.179 1.0802 0.7035, 0.179 1.0798 0.7035, 0.2581 1.064 0.7752, 0.2581 1.0636 0.7752, 0.2389 1.0681 0.7727, 0.2389 1.0685 0.7727, 0.2211 1.0719 0.7658, 0.2211 1.0723 0.7658, 0.2188 1.0728 0.7642, 0.2051 1.0751 0.7546, 0.2051 1.0755 0.7546, 0.2037 1.0754 0.7532, 0.2037 1.0758 0.7532, 0.1988 1.0763 0.7473, 0.191 1.0781 0.7378, 0.191 1.0777 0.7378, 0.1823 1.0792 0.7194, 0.1823 1.0796 0.7194, 0.3348 1.0424 0.7211, 0.3348 1.042 0.7211, 0.326 1.0448 0.7391, 0.326 1.0452 0.7391, 0.3131 1.0487 0.7542, 0.3131 1.0492 0.7542, 0.2978 1.0532 0.7653, 0.2978 1.0536 0.7653, 0.2791 1.0583 0.7727, 0.2791 1.0587 0.7727, 0.3649 1.0323 0.7299, 0.3649 1.0319 0.7299, 0.3534 1.0359 0.7284, 0.3516 1.0369 0.7281, 0.3516 1.0365 0.7281, 0.3418 1.0401 0.7245, 0.3389 1.0407 0.7234, 0.3389 1.0411 0.7234, 0.4223 1.0102 0.6734, 0.4223 1.0098 0.6734, 0.4218 1.0104 0.6803, 0.4218 1.01 0.6803, 0.4205 1.0109 0.6871, 0.4205 1.0105 0.6871, 0.4155 1.0126 0.6998, 0.4155 1.013 0.6998, 0.4075 1.0158 0.7111, 0.4075 1.0162 0.7111, 0.3977 1.0197 0.7198, 0.3977 1.0201 0.7198, 0.3849 1.0246 0.7264, 0.3849 1.025 0.7264, 0.3708 1.0297 0.7296, 0.3708 1.0302 0.7296, 0.3885 1.0236 0.6208, 0.3885 1.0232 0.6208, 0.4008 1.0185 0.6285, 0.4008 1.0189 0.6285, 0.411 1.0144 0.639, 0.411 1.0148 0.639, 0.4177 1.0117 0.6506, 0.4177 1.0121 0.6506, 0.4201 1.0111 0.6575, 0.4201 1.0107 0.6575, 0.4216 1.0104 0.6646, 0.4216 1.01 0.6646, 0.3347 1.0425 0.6579, 0.3347 1.0421 0.6579, 0.3418 1.0401 0.6571, 0.3483 1.0376 0.6564, 0.3483 1.038 0.6564, 0.3534 1.0358 0.6545, 0.3609 1.0337 0.6516, 0.3609 1.0333 0.6516, 0.3726 1.0291 0.6436, 0.3726 1.0295 0.6436, 0.3821 1.0256 0.6329, 0.3821 1.026 0.6329, 0.2921 1.0552 0.6383, 0.2921 1.0548 0.6383, 0.302 1.052 0.6474, 0.302 1.0524 0.6474, 0.3141 1.0485 0.654, 0.3141 1.0489 0.654, 0.3278 1.0443 0.6575, 0.3278 1.0447 0.6575, 0.2156 1.0735 0.6776, 0.2156 1.073 0.6776, 0.2187 1.0727 0.676, 0.1988 1.0763 0.6484, 0.1981 1.0768 0.6473, 0.1981 1.0764 0.6473, 0.2781 1.059 0.6057, 0.2781 1.0586 0.6057, 0.2186 1.0722 0.6366, 0.1988 1.0763 0.647, 0.2782 1.059 0.6, 0.2782 1.0585 0.6, 0.3355 1.0422 0.5435, 0.3355 1.0418 0.5435, 0.3217 1.0461 0.5451, 0.3217 1.0465 0.5451, 0.309 1.05 0.5499, 0.309 1.0504 0.5499, 0.2976 1.0533 0.5577, 0.2976 1.0537 0.5577, 0.2888 1.0557 0.5675, 0.2888 1.0561 0.5675, 0.282 1.0575 0.5801, 0.282 1.058 0.5801, 0.2798 1.0585 0.587, 0.2798 1.0581 0.587, 0.2789 1.0588 0.5942, 0.2785 1.0585 0.5941, 0.3893 1.0233 0.5826, 0.3893 1.0229 0.5826, 0.3837 1.025 0.5704, 0.3837 1.0254 0.5704, 0.3753 1.0281 0.5599, 0.3753 1.0286 0.5599, 0.3642 1.0321 0.5514, 0.3642 1.0325 0.5514, 0.3534 1.0359 0.5467, 0.3511 1.0371 0.5458, 0.3511 1.0366 0.5458, 0.3418 1.0401 0.5444, 0.3377 1.0411 0.5438, 0.3377 1.0415 0.5438, 0.4347 1.0049 0.6103, 0.4347 1.0045 0.6103, 0.417 1.0119 0.595, 0.417 1.0124 0.595, 0.3965 1.0202 0.5848, 0.3965 1.0206 0.5848, 0.4581 0.9944 0.6725, 0.4581 0.994 0.6725, 0.4575 0.9947 0.6612, 0.4575 0.9943 0.6612, 0.4555 0.9956 0.6502, 0.4555 0.9952 0.6502, 0.4475 0.9988 0.6289, 0.4475 0.9992 0.6289, 0.4309 1.0065 0.7372, 0.4309 1.0061 0.7372, 0.4447 1.0001 0.7198, 0.4447 1.0005 0.7198, 0.454 0.9959 0.6993, 0.454 0.9963 0.6993, 0.4579 0.9941 0.678, 0.4579 0.9945 0.678, 0.3653 1.0322 0.7641, 0.3653 1.0317 0.7641, 0.3877 1.0235 0.7614, 0.3877 1.0239 0.7614, 0.4088 1.0153 0.7534, 0.4088 1.0157 0.7534, 0.427 1.0077 0.7408, 0.427 1.0082 0.7408, 0.3522 1.0367 0.7628, 0.3522 1.0363 0.7628, 0.3534 1.0359 0.7629, 0.3587 1.0344 0.7634, 0.3587 1.034 0.7634, 0.3269 1.0445 0.7877, 0.3404 1.0402 0.7763, 0.3269 1.0449 0.7877, 0.3404 1.0406 0.7763, 0.3418 1.0401 0.7747, 0.2585 1.0639 0.8094, 0.2585 1.0635 0.8094, 0.2842 1.0569 0.8067, 0.2842 1.0573 0.8067, 0.3107 1.0495 0.7974, 0.3107 1.0499 0.7974, 0.1813 1.0798 0.7793, 0.1813 1.0794 0.7793, 0.1988 1.0762 0.7916, 0.2034 1.0758 0.7948, 0.2034 1.0754 0.7948, 0.2187 1.0727 0.8009, 0.2316 1.0697 0.806, 0.2316 1.0701 0.806, 0.1508 1.0844 0.7341, 0.1508 1.084 0.7341, 0.1618 1.0825 0.7561, 0.1618 1.0829 0.7561, 0.0975 1.0901 0.6777, 0.0975 1.0905 0.6777, 0.1043 1.0895 0.6951, 0.1043 1.0899 0.6951, 0.1158 1.0883 0.7114, 0.1158 1.0887 0.7114, 0.1312 1.0866 0.7246, 0.1312 1.087 0.7246, 0.148 1.0844 0.7331, 0.148 1.0848 0.7331, 0.3358 1.0417 0.5777, 0.3368 1.0414 0.5777, 0.3358 1.0421 0.5777, 0.3368 1.0418 0.5777, 0.3418 1.0402 0.5786, 0.3419 1.0397 0.5786, 0.3419 1.0401 0.5786, 0.347 1.038 0.5808, 0.347 1.0384 0.5808, 0.3514 1.0366 0.5842, 0.3514 1.037 0.5842, 0.3543 1.0355 0.5878, 0.3543 1.036 0.5878, 0.3567 1.0347 0.5926, 0.3567 1.0352 0.5926, 0.3578 1.0344 0.5979, 0.3578 1.0348 0.5979, 0.3576 1.0344 0.6034, 0.3576 1.0348 0.6034, 0.357 1.0351 0.6062, 0.357 1.0346 0.6062, 0.356 1.0354 0.6088, 0.356 1.035 0.6088, 0.3531 1.036 0.6136, 0.3531 1.0364 0.6136, 0.3504 1.0369 0.6165, 0.3504 1.0373 0.6165, 0.3459 1.0384 0.6196, 0.3459 1.0388 0.6196, 0.3418 1.0402 0.6211, 0.3409 1.04 0.6214, 0.3409 1.0404 0.6214, 0.3355 1.0418 0.6221, 0.3355 1.0422 0.6221, 0.3317 1.043 0.6217, 0.3317 1.0434 0.6217, 0.3263 1.0447 0.62, 0.3263 1.0451 0.62, 0.3216 1.0462 0.6171, 0.3216 1.0466 0.6171, 0.3178 1.0473 0.6131, 0.3178 1.0477 0.6131, 0.3152 1.0481 0.6085, 0.3152 1.0485 0.6085, 0.3137 1.0486 0.6033, 0.3137 1.049 0.6033, 0.3136 1.0486 0.5978, 0.3136 1.049 0.5978, 0.314 1.0489 0.595, 0.314 1.0485 0.595, 0.3148 1.0486 0.5923, 0.3148 1.0482 0.5923, 0.3174 1.0475 0.5873, 0.3174 1.0479 0.5873, 0.321 1.0463 0.5832, 0.321 1.0468 0.5832, 0.3254 1.045 0.5802, 0.3254 1.0454 0.5802, 0.3304 1.0434 0.5783, 0.3304 1.0438 0.5783, 0.3304 1.0438 0.5783
            ]
        }
        coordIndex [
            0,1,2,-1,0,2,3,-1,3,2,4,-1,3,4,5,-1,5,4,6,-1,5,6,7,-1,8,9,10,-1,8,10,11,-1,11,10,12,-1,11,12,13,-1,13,12,1,-1,13,1,0,-1,9,8,14,-1,14,8,15,-1,14,15,16,-1,17,18,19,-1,17,19,20,-1,20,19,21,-1,20,21,22,-1,22,21,23,-1,22,23,24,-1,24,23,25,-1,24,25,26,-1,26,25,27,-1,26,27,28,-1,28,27,29,-1,28,29,30,-1,30,29,16,-1,30,16,15,-1,31,32,33,-1,31,33,34,-1,34,33,35,-1,34,35,36,-1,36,35,37,-1,36,37,38,-1,38,37,39,-1,38,39,40,-1,40,39,41,-1,40,41,42,-1,42,41,43,-1,43,41,44,-1,43,44,45,-1,44,46,45,-1,45,46,18,-1,45,18,17,-1,47,48,49,-1,47,49,50,-1,50,49,51,-1,50,51,52,-1,51,53,52,-1,52,53,32,-1,52,32,31,-1,47,54,48,-1,48,54,55,-1,56,57,58,-1,56,58,59,-1,59,58,60,-1,59,60,61,-1,61,60,62,-1,61,62,63,-1,63,62,64,-1,63,64,65,-1,65,64,66,-1,65,66,67,-1,67,66,68,-1,67,68,69,-1,69,68,55,-1,69,55,54,-1,70,71,72,-1,70,72,73,-1,73,72,74,-1,73,74,75,-1,75,74,76,-1,75,76,77,-1,77,76,78,-1,77,78,79,-1,79,78,80,-1,79,80,81,-1,81,80,82,-1,81,82,83,-1,83,82,57,-1,83,57,56,-1,70,84,71,-1,71,84,85,-1,86,87,88,-1,86,88,89,-1,89,88,90,-1,89,90,91,-1,91,90,92,-1,92,90,93,-1,92,93,94,-1,94,93,95,-1,94,95,96,-1,96,95,97,-1,96,97,98,-1,97,99,98,-1,98,99,100,-1,98,100,101,-1,101,100,85,-1,101,85,84,-1,102,103,104,-1,102,104,105,-1,105,104,106,-1,105,106,107,-1,107,106,108,-1,107,108,109,-1,109,108,110,-1,109,110,111,-1,111,110,87,-1,111,87,86,-1,112,113,114,-1,112,114,115,-1,115,114,116,-1,115,116,117,-1,117,116,118,-1,117,118,119,-1,119,118,103,-1,119,103,102,-1,120,121,122,-1,122,121,123,-1,122,123,124,-1,123,125,124,-1,124,125,126,-1,124,126,127,-1,127,126,128,-1,127,128,129,-1,129,128,130,-1,129,130,131,-1,131,130,132,-1,131,132,133,-1,133,132,134,-1,133,134,135,-1,135,134,113,-1,135,113,112,-1,136,137,138,-1,136,138,139,-1,139,138,140,-1,139,140,141,-1,141,140,142,-1,141,142,143,-1,143,142,144,-1,144,142,145,-1,144,145,146,-1,145,147,146,-1,146,147,121,-1,146,121,120,-1,148,149,150,-1,150,149,151,-1,150,151,152,-1,152,151,153,-1,152,153,154,-1,153,155,154,-1,154,155,156,-1,154,156,157,-1,157,156,158,-1,157,158,159,-1,159,158,137,-1,159,137,136,-1,160,161,162,-1,160,162,163,-1,163,162,164,-1,163,164,165,-1,165,164,166,-1,165,166,167,-1,167,166,149,-1,167,149,148,-1,168,169,170,-1,170,169,161,-1,170,161,160,-1,169,168,171,-1,171,168,172,-1,171,172,173,-1,174,175,176,-1,176,175,177,-1,176,177,172,-1,172,177,173,-1,174,178,175,-1,175,178,179,-1,180,181,182,-1,180,182,183,-1,183,182,184,-1,183,184,185,-1,185,184,186,-1,185,186,187,-1,187,186,188,-1,187,188,189,-1,189,188,190,-1,189,190,191,-1,191,190,192,-1,192,190,193,-1,192,193,194,-1,193,195,194,-1,194,195,179,-1,194,179,178,-1,196,197,198,-1,196,198,199,-1,199,198,200,-1,199,200,201,-1,201,200,202,-1,201,202,203,-1,203,202,204,-1,203,204,205,-1,205,204,206,-1,205,206,207,-1,207,206,208,-1,207,208,209,-1,209,208,181,-1,209,181,180,-1,210,211,212,-1,210,212,213,-1,213,212,214,-1,213,214,215,-1,215,214,197,-1,215,197,196,-1,216,217,218,-1,218,217,219,-1,218,219,220,-1,219,221,220,-1,220,221,222,-1,220,222,223,-1,223,222,211,-1,223,211,210,-1,224,225,226,-1,224,226,227,-1,227,226,228,-1,227,228,229,-1,229,228,230,-1,229,230,231,-1,231,230,217,-1,231,217,216,-1,232,233,234,-1,232,234,235,-1,235,234,236,-1,235,236,237,-1,237,236,238,-1,237,238,239,-1,239,238,225,-1,239,225,224,-1,240,241,242,-1,240,242,243,-1,242,244,243,-1,243,244,233,-1,243,233,232,-1,245,246,247,-1,247,246,248,-1,248,246,249,-1,249,246,241,-1,249,241,240,-1,250,251,252,-1,250,252,253,-1,253,252,254,-1,253,254,255,-1,255,254,245,-1,255,245,247,-1,256,257,258,-1,256,258,259,-1,259,258,260,-1,259,260,261,-1,261,260,262,-1,261,262,263,-1,263,262,251,-1,263,251,250,-1,264,265,266,-1,264,266,267,-1,267,266,257,-1,267,257,256,-1,7,6,268,-1,7,268,269,-1,269,268,270,-1,269,270,271,-1,271,270,272,-1,271,272,273,-1,273,272,274,-1,273,274,275,-1,275,274,276,-1,275,276,277,-1,277,276,265,-1,277,265,264,-1,278,279,280,-1,280,279,281,-1,281,279,282,-1,282,279,283,-1,282,283,284,-1,284,283,285,-1,284,285,286,-1,286,285,287,-1,286,287,288,-1,288,287,289,-1,288,289,290,-1,290,289,291,-1,290,291,292,-1,292,291,293,-1,292,293,294,-1,294,293,295,-1,294,295,296,-1,296,295,297,-1,297,295,298,-1,297,298,299,-1,298,300,299,-1,299,300,301,-1,299,301,302,-1,302,301,303,-1,302,303,304,-1,304,303,305,-1,304,305,306,-1,306,305,307,-1,307,305,308,-1,307,308,309,-1,309,308,310,-1,309,310,311,-1,311,310,312,-1,311,312,313,-1,313,312,314,-1,313,314,315,-1,315,314,316,-1,315,316,317,-1,317,316,318,-1,317,318,319,-1,319,318,320,-1,319,320,321,-1,321,320,322,-1,321,322,323,-1,323,322,324,-1,323,324,325,-1,325,324,326,-1,326,324,327,-1,326,327,328,-1,327,329,328,-1,328,329,330,-1,328,330,331,-1,331,330,332,-1,331,332,333,-1,333,332,334,-1,333,334,335,-1,335,334,336,-1,335,336,337,-1,337,336,278,-1,337,278,280,-1,199,201,136,-1,91,92,261,-1,84,70,264,-1,264,70,73,-1,264,73,277,-1,277,73,75,-1,277,75,275,-1,275,75,273,-1,75,77,273,-1,273,77,79,-1,273,79,271,-1,271,79,81,-1,271,81,269,-1,269,81,83,-1,269,83,7,-1,7,83,56,-1,7,56,5,-1,5,56,59,-1,5,59,3,-1,3,59,61,-1,3,61,0,-1,61,63,0,-1,0,63,65,-1,0,65,13,-1,13,65,67,-1,13,67,11,-1,11,67,69,-1,11,69,8,-1,8,69,54,-1,8,54,15,-1,15,54,47,-1,15,47,30,-1,30,47,50,-1,30,50,52,-1,52,31,30,-1,30,31,34,-1,30,34,36,-1,36,38,30,-1,30,38,40,-1,30,40,42,-1,42,43,30,-1,30,43,45,-1,30,45,28,-1,20,22,17,-1,17,22,24,-1,17,24,45,-1,45,24,26,-1,45,26,28,-1,261,92,259,-1,259,92,94,-1,259,94,256,-1,256,94,96,-1,256,96,267,-1,267,96,98,-1,267,98,264,-1,264,98,101,-1,264,101,84,-1,119,102,105,-1,119,105,117,-1,91,261,89,-1,89,261,263,-1,89,263,86,-1,86,263,250,-1,86,250,111,-1,111,250,253,-1,111,253,109,-1,290,292,201,-1,201,292,136,-1,136,292,294,-1,136,294,296,-1,139,141,210,-1,210,141,223,-1,223,141,143,-1,223,143,220,-1,220,143,144,-1,220,144,218,-1,218,144,146,-1,218,146,216,-1,216,146,120,-1,216,120,231,-1,231,120,122,-1,231,122,229,-1,229,122,124,-1,229,124,227,-1,227,124,127,-1,227,127,224,-1,224,127,129,-1,224,129,239,-1,239,129,131,-1,239,131,237,-1,237,131,235,-1,235,131,133,-1,235,133,232,-1,133,135,232,-1,232,135,112,-1,232,112,243,-1,243,112,115,-1,243,115,240,-1,240,115,117,-1,240,117,249,-1,249,117,105,-1,249,105,248,-1,248,105,107,-1,248,107,247,-1,247,107,109,-1,247,109,255,-1,255,109,253,-1,210,213,139,-1,139,213,215,-1,139,215,136,-1,136,215,196,-1,136,196,199,-1,192,194,160,-1,187,189,160,-1,160,189,191,-1,160,191,192,-1,194,178,160,-1,160,178,174,-1,160,174,170,-1,319,160,317,-1,317,160,163,-1,317,163,315,-1,315,163,165,-1,315,165,313,-1,313,165,167,-1,313,167,311,-1,311,167,148,-1,311,148,309,-1,309,148,150,-1,309,150,307,-1,307,150,152,-1,307,152,306,-1,306,152,154,-1,306,154,304,-1,304,154,157,-1,304,157,302,-1,302,157,159,-1,302,159,299,-1,299,159,136,-1,299,136,297,-1,297,136,296,-1,326,328,187,-1,319,321,160,-1,160,321,323,-1,160,323,187,-1,187,323,325,-1,187,325,326,-1,328,331,187,-1,187,331,333,-1,187,333,185,-1,185,333,335,-1,185,335,183,-1,183,335,337,-1,183,337,180,-1,180,337,280,-1,180,280,209,-1,209,280,281,-1,209,281,207,-1,207,281,282,-1,207,282,205,-1,205,282,284,-1,205,284,203,-1,203,284,286,-1,203,286,201,-1,201,286,288,-1,201,288,290,-1,174,176,170,-1,170,176,172,-1,170,172,168,-1,
        ]
    }
}
Shape{
    appearance Appearance {
        material  Material 	{
            diffuseColor 0.8509803921568627 0.8509803921568627 0.8509803921568627
            specularColor 0.4235294117647059 0.4235294117647059 0.4235294117647059
            ambientIntensity 0.2
            transparency 0
            shininess 0.5
        }
    }
    geometry IndexedFaceSet {
        ccw TRUE
        solid FALSE
        coord DEF co Coordinate {
            point [
                0.3469 1.0381 0.592, 0.3355 1.0418 0.6221, 0.3409 1.04 0.6214, 0.3459 1.0384 0.6196, 0.3504 1.0369 0.6165, 0.3531 1.036 0.6136, 0.3543 1.0355 0.5878, 0.3514 1.0366 0.5842, 0.347 1.038 0.5808, 0.3419 1.0397 0.5786, 0.3368 1.0414 0.5777, 0.356 1.035 0.6088, 0.357 1.0346 0.6062, 0.3576 1.0344 0.6034, 0.3578 1.0344 0.5979, 0.3567 1.0347 0.5926, 0.3317 1.043 0.6217, 0.3229 1.0458 0.6084, 0.3358 1.0417 0.5777, 0.3304 1.0434 0.5783, 0.3254 1.045 0.5802, 0.321 1.0463 0.5832, 0.3174 1.0475 0.5873, 0.3178 1.0473 0.6131, 0.3216 1.0462 0.6171, 0.3263 1.0447 0.62, 0.3148 1.0482 0.5923, 0.314 1.0485 0.595, 0.3136 1.0486 0.5978, 0.3137 1.0486 0.6033, 0.3152 1.0481 0.6085, 0.3152 1.0481 0.6085
            ]
        }
        coordIndex [
            0,1,2,-1,2,3,0,-1,0,3,4,-1,0,4,5,-1,0,6,7,-1,7,8,0,-1,0,8,9,-1,0,9,10,-1,5,11,0,-1,0,11,12,-1,0,12,13,-1,13,14,0,-1,0,14,15,-1,0,15,6,-1,1,0,16,-1,16,0,10,-1,16,10,17,-1,17,10,18,-1,17,18,19,-1,19,20,17,-1,17,20,21,-1,17,21,22,-1,23,24,17,-1,17,24,25,-1,17,25,16,-1,22,26,17,-1,17,26,27,-1,17,27,28,-1,28,29,17,-1,17,29,30,-1,17,30,23,-1,
        ]
    }
}