#VRML V2.0 utf8
# 3D model generated by easyeda2kicad.py (https://github.com/uPesy/easyeda2kicad.py)

Shape{
    appearance Appearance {
        material  Material 	{
            diffuseColor 1.0 1.0 0.7529411764705882
            specularColor 0.5019607843137255 0.5019607843137255 0.3764705882352941
            ambientIntensity 0.2
            transparency 0
            shininess 0.5
        }
    }
    geometry IndexedFaceSet {
        ccw TRUE
        solid FALSE
        coord DEF co Coordinate {
            point [
                -0.1929 0.2425 0.374, -0.1929 -0.0724 0.374, -0.1929 0.2425 0.5512, -0.1929 -0.0724 0.5512, 0.1535 -0.1118 0.5512, -0.1535 -0.1118 0.5512, 0.1535 -0.1118 0.374, -0.1535 -0.1118 0.374, 0.1929 0.2425 0.5512, 0.1929 -0.0724 0.5512, 0.1929 0.2425 0.374, 0.1929 -0.0724 0.374, -0.1535 0.2819 0.5512, 0.1535 0.2819 0.5512, -0.1535 0.2819 0.374, 0.1535 0.2819 0.374, -0.1916 -0.0826 0.374, 0.1916 -0.0826 0.374, 0.1876 -0.0921 0.374, -0.1732 -0.1065 0.374, -0.1814 -0.1003 0.374, -0.1876 -0.0921 0.374, 0.1876 0.2622 0.374, 0.1916 0.2527 0.374, 0.1814 0.2704 0.374, 0.1732 0.2766 0.374, 0.1637 0.2806 0.374, 0.1814 -0.1003 0.374, 0.1732 -0.1065 0.374, 0.1637 -0.1105 0.374, -0.1637 -0.1105 0.374, -0.1916 0.2527 0.374, -0.1732 0.2766 0.374, -0.1637 0.2806 0.374, -0.1814 0.2704 0.374, -0.1876 0.2622 0.374, 0.1535 0.2425 0.5906, -0.1535 0.2425 0.5906, 0.1535 -0.0724 0.5906, -0.1535 -0.0724 0.5906, -0.1923 -0.0793 0.5512, -0.1914 -0.0826 0.5512, -0.1905 -0.0859 0.5512, -0.1876 -0.0921 0.5512, -0.1837 -0.0977 0.5512, -0.1813 -0.1002 0.5512, -0.1788 -0.1026 0.5512, -0.1732 -0.1065 0.5512, -0.167 -0.1094 0.5512, -0.1637 -0.1103 0.5512, -0.1604 -0.1112 0.5512, -0.1923 0.2425 0.558, -0.1923 -0.0724 0.558, -0.1914 0.2425 0.5613, -0.1914 -0.0724 0.5613, -0.1905 0.2425 0.5646, -0.1905 -0.0724 0.5646, -0.1876 0.2425 0.5709, -0.1876 -0.0724 0.5709, -0.1837 0.2425 0.5765, -0.1837 -0.0724 0.5765, -0.1813 0.2425 0.5789, -0.1813 -0.0724 0.5789, -0.1788 0.2425 0.5813, -0.1788 -0.0724 0.5813, -0.1732 0.2425 0.5853, -0.1732 -0.0724 0.5853, -0.167 0.2425 0.5882, -0.167 -0.0724 0.5882, -0.1637 0.2425 0.5891, -0.1637 -0.0724 0.5891, -0.1604 0.2425 0.59, -0.1604 -0.0724 0.59, -0.1604 0.2813 0.5512, -0.1637 0.2804 0.5512, -0.167 0.2795 0.5512, -0.1732 0.2766 0.5512, -0.1788 0.2727 0.5512, -0.1813 0.2703 0.5512, -0.1837 0.2678 0.5512, -0.1876 0.2622 0.5512, -0.1905 0.256 0.5512, -0.1914 0.2527 0.5512, -0.1923 0.2494 0.5512, -0.19 -0.0857 0.558, -0.1785 -0.1021 0.558, -0.1603 -0.1106 0.558, -0.1559 -0.0857 0.5882, -0.1547 -0.0792 0.59, -0.1559 -0.0789 0.59, -0.1603 -0.0736 0.59, -0.1535 -0.0921 0.5853, -0.1535 -0.0859 0.5882, -0.1535 -0.0826 0.5891, -0.1535 -0.0793 0.59, -0.1668 -0.0748 0.5882, -0.1535 -0.0977 0.5813, -0.157 -0.0918 0.5853, -0.1581 -0.0851 0.5882, -0.157 -0.0784 0.59, -0.1535 -0.1002 0.5789, -0.1579 -0.0974 0.5813, -0.1603 -0.0909 0.5853, -0.1603 -0.0841 0.5882, -0.1579 -0.0777 0.59, -0.1729 -0.0758 0.5853, -0.1785 -0.0768 0.5813, -0.1832 -0.0777 0.5765, -0.1871 -0.0784 0.5709, -0.19 -0.0789 0.5646, -0.1535 -0.1026 0.5765, -0.1588 -0.1021 0.5765, -0.1535 -0.1065 0.5709, -0.1595 -0.106 0.5709, -0.1535 -0.1094 0.5646, -0.16 -0.1089 0.5646, -0.1535 -0.1103 0.5613, -0.1535 -0.1112 0.558, -0.1668 -0.1089 0.558, -0.1662 -0.1072 0.5646, -0.1652 -0.1045 0.5709, -0.1639 -0.1008 0.5765, -0.1622 -0.0962 0.5813, -0.1729 -0.106 0.558, -0.172 -0.1045 0.5646, -0.1706 -0.102 0.5709, -0.1686 -0.0985 0.5765, -0.1662 -0.0943 0.5813, -0.1634 -0.0895 0.5853, -0.1773 -0.1008 0.5646, -0.1755 -0.0985 0.5709, -0.1729 -0.0955 0.5765, -0.1698 -0.0918 0.5813, -0.1662 -0.0875 0.5853, -0.1622 -0.0827 0.5882, -0.1832 -0.0974 0.558, -0.1819 -0.0962 0.5646, -0.1797 -0.0943 0.5709, -0.1766 -0.0918 0.5765, -0.1729 -0.0887 0.5813, -0.1686 -0.0851 0.5853, -0.1639 -0.0811 0.5882, -0.1588 -0.0768 0.59, -0.1595 -0.0758 0.59, -0.1652 -0.0792 0.5882, -0.1706 -0.0823 0.5853, -0.1755 -0.0851 0.5813, -0.1797 -0.0875 0.5765, -0.1831 -0.0895 0.5709, -0.1856 -0.0909 0.5646, -0.1871 -0.0918 0.558, -0.1883 -0.0851 0.5646, -0.1856 -0.0841 0.5709, -0.1819 -0.0827 0.5765, -0.1773 -0.0811 0.5813, -0.172 -0.0792 0.5853, -0.1662 -0.077 0.5882, -0.16 -0.0748 0.59, -0.1917 -0.0792 0.558, -0.1668 0.279 0.558, -0.1832 0.2675 0.558, -0.1917 0.2493 0.558, -0.1668 0.2449 0.5882, -0.1603 0.2437 0.59, -0.16 0.2449 0.59, -0.1535 0.2494 0.59, -0.1547 0.2493 0.59, -0.1559 0.2558 0.5882, -0.1729 0.2459 0.5853, -0.1662 0.2471 0.5882, -0.1595 0.2459 0.59, -0.1785 0.2469 0.5813, -0.172 0.2493 0.5853, -0.1652 0.2493 0.5882, -0.1588 0.2469 0.59, -0.1535 0.2527 0.5891, -0.1535 0.256 0.5882, -0.157 0.2619 0.5853, -0.1535 0.2622 0.5853, -0.1579 0.2675 0.5813, -0.1535 0.2678 0.5813, -0.1588 0.2722 0.5765, -0.1535 0.2703 0.5789, -0.1535 0.2727 0.5765, -0.1595 0.2761 0.5709, -0.1535 0.2766 0.5709, -0.16 0.279 0.5646, -0.1832 0.2478 0.5765, -0.1871 0.2485 0.5709, -0.19 0.249 0.5646, -0.19 0.2558 0.558, -0.1883 0.2552 0.5646, -0.1856 0.2542 0.5709, -0.1819 0.2528 0.5765, -0.1773 0.2512 0.5813, -0.1871 0.2619 0.558, -0.1856 0.261 0.5646, -0.1831 0.2596 0.5709, -0.1797 0.2576 0.5765, -0.1755 0.2552 0.5813, -0.1706 0.2524 0.5853, -0.1819 0.2663 0.5646, -0.1797 0.2644 0.5709, -0.1766 0.2619 0.5765, -0.1729 0.2588 0.5813, -0.1686 0.2552 0.5853, -0.1639 0.2512 0.5882, -0.1785 0.2722 0.558, -0.1773 0.2709 0.5646, -0.1755 0.2686 0.5709, -0.1729 0.2656 0.5765, -0.1698 0.2619 0.5813, -0.1662 0.2576 0.5853, -0.1622 0.2528 0.5882, -0.1579 0.2478 0.59, -0.157 0.2485 0.59, -0.1603 0.2542 0.5882, -0.1634 0.2596 0.5853, -0.1662 0.2644 0.5813, -0.1686 0.2686 0.5765, -0.1706 0.2721 0.5709, -0.172 0.2746 0.5646, -0.1729 0.2761 0.558, -0.1662 0.2773 0.5646, -0.1652 0.2746 0.5709, -0.1639 0.2709 0.5765, -0.1622 0.2663 0.5813, -0.1603 0.261 0.5853, -0.1581 0.2552 0.5882, -0.1559 0.249 0.59, -0.1603 0.2807 0.558, -0.1535 0.2795 0.5646, -0.1535 0.2804 0.5613, -0.1535 0.2813 0.558, 0.1604 -0.1112 0.5512, 0.1637 -0.1103 0.5512, 0.167 -0.1094 0.5512, 0.1732 -0.1065 0.5512, 0.1788 -0.1026 0.5512, 0.1813 -0.1002 0.5512, 0.1837 -0.0977 0.5512, 0.1876 -0.0921 0.5512, 0.1905 -0.0859 0.5512, 0.1914 -0.0826 0.5512, 0.1923 -0.0793 0.5512, 0.1535 -0.0793 0.59, 0.1535 -0.0826 0.5891, 0.1535 -0.0859 0.5882, 0.1535 -0.0921 0.5853, 0.1535 -0.0977 0.5813, 0.1535 -0.1002 0.5789, 0.1535 -0.1026 0.5765, 0.1535 -0.1065 0.5709, 0.1535 -0.1094 0.5646, 0.1535 -0.1103 0.5613, 0.1535 -0.1112 0.558, 0.1535 0.2494 0.59, 0.1535 0.2527 0.5891, 0.1535 0.256 0.5882, 0.1535 0.2622 0.5853, 0.1535 0.2678 0.5813, 0.1535 0.2703 0.5789, 0.1535 0.2727 0.5765, 0.1535 0.2766 0.5709, 0.1535 0.2795 0.5646, 0.1535 0.2804 0.5613, 0.1535 0.2813 0.558, 0.1923 0.2494 0.5512, 0.1914 0.2527 0.5512, 0.1905 0.256 0.5512, 0.1876 0.2622 0.5512, 0.1837 0.2678 0.5512, 0.1813 0.2703 0.5512, 0.1788 0.2727 0.5512, 0.1732 0.2766 0.5512, 0.167 0.2795 0.5512, 0.1637 0.2804 0.5512, 0.1604 0.2813 0.5512, 0.1668 -0.1089 0.558, 0.1832 -0.0974 0.558, 0.1917 -0.0792 0.558, 0.1668 -0.0748 0.5882, 0.1603 -0.0736 0.59, 0.16 -0.0748 0.59, 0.1547 -0.0792 0.59, 0.1732 -0.0724 0.5853, 0.167 -0.0724 0.5882, 0.1637 -0.0724 0.5891, 0.1604 -0.0724 0.59, 0.1559 -0.0857 0.5882, 0.1788 -0.0724 0.5813, 0.1729 -0.0758 0.5853, 0.1662 -0.077 0.5882, 0.1595 -0.0758 0.59, 0.1813 -0.0724 0.5789, 0.1785 -0.0768 0.5813, 0.172 -0.0792 0.5853, 0.1652 -0.0792 0.5882, 0.1588 -0.0768 0.59, 0.157 -0.0918 0.5853, 0.1579 -0.0974 0.5813, 0.1588 -0.1021 0.5765, 0.1595 -0.106 0.5709, 0.16 -0.1089 0.5646, 0.1837 -0.0724 0.5765, 0.1832 -0.0777 0.5765, 0.1876 -0.0724 0.5709, 0.1871 -0.0784 0.5709, 0.1905 -0.0724 0.5646, 0.19 -0.0789 0.5646, 0.1914 -0.0724 0.5613, 0.1923 -0.0724 0.558, 0.19 -0.0857 0.558, 0.1883 -0.0851 0.5646, 0.1856 -0.0841 0.5709, 0.1819 -0.0827 0.5765, 0.1773 -0.0811 0.5813, 0.1871 -0.0918 0.558, 0.1856 -0.0909 0.5646, 0.1831 -0.0895 0.5709, 0.1797 -0.0875 0.5765, 0.1755 -0.0851 0.5813, 0.1706 -0.0823 0.5853, 0.1819 -0.0962 0.5646, 0.1797 -0.0943 0.5709, 0.1766 -0.0918 0.5765, 0.1729 -0.0887 0.5813, 0.1686 -0.0851 0.5853, 0.1639 -0.0811 0.5882, 0.1785 -0.1021 0.558, 0.1773 -0.1008 0.5646, 0.1755 -0.0985 0.5709, 0.1729 -0.0955 0.5765, 0.1698 -0.0918 0.5813, 0.1662 -0.0875 0.5853, 0.1622 -0.0827 0.5882, 0.1579 -0.0777 0.59, 0.157 -0.0784 0.59, 0.1603 -0.0841 0.5882, 0.1634 -0.0895 0.5853, 0.1662 -0.0943 0.5813, 0.1686 -0.0985 0.5765, 0.1706 -0.102 0.5709, 0.172 -0.1045 0.5646, 0.1729 -0.106 0.558, 0.1662 -0.1072 0.5646, 0.1652 -0.1045 0.5709, 0.1639 -0.1008 0.5765, 0.1622 -0.0962 0.5813, 0.1603 -0.0909 0.5853, 0.1581 -0.0851 0.5882, 0.1559 -0.0789 0.59, 0.1603 -0.1106 0.558, 0.19 0.2558 0.558, 0.1785 0.2722 0.558, 0.1603 0.2807 0.558, 0.1559 0.2558 0.5882, 0.1547 0.2493 0.59, 0.1559 0.249 0.59, 0.1604 0.2425 0.59, 0.1603 0.2437 0.59, 0.1668 0.2449 0.5882, 0.157 0.2619 0.5853, 0.1581 0.2552 0.5882, 0.157 0.2485 0.59, 0.1579 0.2675 0.5813, 0.1603 0.261 0.5853, 0.1603 0.2542 0.5882, 0.1579 0.2478 0.59, 0.1637 0.2425 0.5891, 0.167 0.2425 0.5882, 0.1729 0.2459 0.5853, 0.1732 0.2425 0.5853, 0.1785 0.2469 0.5813, 0.1788 0.2425 0.5813, 0.1832 0.2478 0.5765, 0.1813 0.2425 0.5789, 0.1837 0.2425 0.5765, 0.1871 0.2485 0.5709, 0.1876 0.2425 0.5709, 0.19 0.249 0.5646, 0.1588 0.2722 0.5765, 0.1595 0.2761 0.5709, 0.16 0.279 0.5646, 0.1668 0.279 0.558, 0.1662 0.2773 0.5646, 0.1652 0.2746 0.5709, 0.1639 0.2709 0.5765, 0.1622 0.2663 0.5813, 0.1729 0.2761 0.558, 0.172 0.2746 0.5646, 0.1706 0.2721 0.5709, 0.1686 0.2686 0.5765, 0.1662 0.2644 0.5813, 0.1634 0.2596 0.5853, 0.1773 0.2709 0.5646, 0.1755 0.2686 0.5709, 0.1729 0.2656 0.5765, 0.1698 0.2619 0.5813, 0.1662 0.2576 0.5853, 0.1622 0.2528 0.5882, 0.1832 0.2675 0.558, 0.1819 0.2663 0.5646, 0.1797 0.2644 0.5709, 0.1766 0.2619 0.5765, 0.1729 0.2588 0.5813, 0.1686 0.2552 0.5853, 0.1639 0.2512 0.5882, 0.1588 0.2469 0.59, 0.1595 0.2459 0.59, 0.1652 0.2493 0.5882, 0.1706 0.2524 0.5853, 0.1755 0.2552 0.5813, 0.1797 0.2576 0.5765, 0.1831 0.2596 0.5709, 0.1856 0.261 0.5646, 0.1871 0.2619 0.558, 0.1883 0.2552 0.5646, 0.1856 0.2542 0.5709, 0.1819 0.2528 0.5765, 0.1773 0.2512 0.5813, 0.172 0.2493 0.5853, 0.1662 0.2471 0.5882, 0.16 0.2449 0.59, 0.1917 0.2493 0.558, 0.1905 0.2425 0.5646, 0.1914 0.2425 0.5613, 0.1923 0.2425 0.558, 0.1923 0.2425 0.558
            ]
        }
        coordIndex [
            0,1,2,-1,2,1,3,-1,4,5,6,-1,6,5,7,-1,8,9,10,-1,10,9,11,-1,12,13,14,-1,14,13,15,-1,14,15,6,-1,16,1,7,-1,7,1,6,-1,10,11,6,-1,6,11,17,-1,6,17,18,-1,19,20,21,-1,22,23,24,-1,24,23,10,-1,24,10,25,-1,6,15,10,-1,10,15,26,-1,10,26,25,-1,18,27,6,-1,6,27,28,-1,6,28,29,-1,16,7,21,-1,21,7,30,-1,21,30,19,-1,6,1,14,-1,14,1,0,-1,14,0,31,-1,32,33,34,-1,34,33,14,-1,34,14,35,-1,35,14,31,-1,36,37,38,-1,38,37,39,-1,3,1,40,-1,40,1,16,-1,40,16,41,-1,41,16,42,-1,42,16,21,-1,42,21,43,-1,43,21,44,-1,44,21,20,-1,44,20,45,-1,45,20,46,-1,46,20,19,-1,46,19,47,-1,47,19,48,-1,48,19,30,-1,48,30,49,-1,49,30,50,-1,50,30,7,-1,50,7,5,-1,2,3,51,-1,51,3,52,-1,51,52,53,-1,53,52,54,-1,53,54,55,-1,55,54,56,-1,55,56,57,-1,57,56,58,-1,57,58,59,-1,59,58,60,-1,59,60,61,-1,61,60,62,-1,61,62,63,-1,63,62,64,-1,63,64,65,-1,65,64,66,-1,65,66,67,-1,67,66,68,-1,67,68,69,-1,69,68,70,-1,69,70,71,-1,71,70,72,-1,71,72,37,-1,37,72,39,-1,12,14,73,-1,73,14,33,-1,73,33,74,-1,74,33,75,-1,75,33,32,-1,75,32,76,-1,76,32,77,-1,77,32,34,-1,77,34,78,-1,78,34,79,-1,79,34,35,-1,79,35,80,-1,80,35,81,-1,81,35,31,-1,81,31,82,-1,82,31,83,-1,83,31,0,-1,83,0,2,-1,41,42,84,-1,45,46,85,-1,49,50,86,-1,87,88,89,-1,39,72,90,-1,89,88,39,-1,91,92,87,-1,87,92,93,-1,87,93,88,-1,88,93,94,-1,88,94,39,-1,90,72,95,-1,96,91,97,-1,97,91,87,-1,97,87,98,-1,98,87,89,-1,98,89,99,-1,99,89,39,-1,100,96,101,-1,101,96,97,-1,101,97,102,-1,102,97,98,-1,102,98,103,-1,103,98,99,-1,103,99,104,-1,104,99,39,-1,72,70,95,-1,95,70,68,-1,95,68,105,-1,105,68,66,-1,105,66,106,-1,106,66,64,-1,106,64,107,-1,64,62,107,-1,107,62,60,-1,107,60,108,-1,108,60,58,-1,108,58,109,-1,110,111,112,-1,112,111,113,-1,112,113,114,-1,114,113,115,-1,114,115,116,-1,116,115,86,-1,50,5,86,-1,86,5,117,-1,86,117,116,-1,48,49,118,-1,118,49,86,-1,118,86,119,-1,119,86,115,-1,119,115,120,-1,120,115,113,-1,120,113,121,-1,121,113,111,-1,121,111,122,-1,47,48,123,-1,123,48,118,-1,123,118,124,-1,124,118,119,-1,124,119,125,-1,125,119,120,-1,125,120,126,-1,126,120,121,-1,126,121,127,-1,127,121,122,-1,127,122,128,-1,46,47,85,-1,85,47,123,-1,85,123,129,-1,129,123,124,-1,129,124,130,-1,130,124,125,-1,130,125,131,-1,131,125,126,-1,131,126,132,-1,132,126,127,-1,132,127,133,-1,133,127,128,-1,133,128,134,-1,44,45,135,-1,135,45,85,-1,135,85,136,-1,136,85,129,-1,136,129,137,-1,137,129,130,-1,137,130,138,-1,138,130,131,-1,138,131,139,-1,139,131,132,-1,139,132,140,-1,140,132,133,-1,140,133,141,-1,141,133,134,-1,141,134,142,-1,142,143,141,-1,141,143,144,-1,141,144,140,-1,140,144,145,-1,140,145,139,-1,139,145,146,-1,139,146,138,-1,138,146,147,-1,138,147,137,-1,137,147,148,-1,137,148,136,-1,136,148,149,-1,136,149,135,-1,135,149,150,-1,135,150,44,-1,44,150,43,-1,42,43,84,-1,84,43,150,-1,84,150,151,-1,151,150,149,-1,151,149,152,-1,152,149,148,-1,152,148,153,-1,153,148,147,-1,153,147,154,-1,154,147,146,-1,154,146,155,-1,155,146,145,-1,155,145,156,-1,156,145,144,-1,156,144,157,-1,157,144,143,-1,157,143,39,-1,142,39,143,-1,110,100,111,-1,111,100,101,-1,111,101,122,-1,122,101,102,-1,122,102,128,-1,128,102,103,-1,128,103,134,-1,134,103,104,-1,134,104,142,-1,142,104,39,-1,40,41,158,-1,158,41,84,-1,158,84,109,-1,109,84,151,-1,109,151,108,-1,108,151,152,-1,108,152,107,-1,107,152,153,-1,107,153,106,-1,106,153,154,-1,106,154,105,-1,105,154,155,-1,105,155,95,-1,95,155,156,-1,95,156,90,-1,90,156,157,-1,90,157,39,-1,58,56,109,-1,109,56,54,-1,109,54,158,-1,158,54,52,-1,158,52,40,-1,40,52,3,-1,74,75,159,-1,78,79,160,-1,82,83,161,-1,162,163,164,-1,37,165,166,-1,164,163,37,-1,65,67,162,-1,162,67,69,-1,162,69,163,-1,163,69,71,-1,163,71,37,-1,166,165,167,-1,63,65,168,-1,168,65,162,-1,168,162,169,-1,169,162,164,-1,169,164,170,-1,170,164,37,-1,61,63,171,-1,171,63,168,-1,171,168,172,-1,172,168,169,-1,172,169,173,-1,173,169,170,-1,173,170,174,-1,174,170,37,-1,165,175,167,-1,167,175,176,-1,167,176,177,-1,177,176,178,-1,177,178,179,-1,179,178,180,-1,179,180,181,-1,180,182,181,-1,181,182,183,-1,181,183,184,-1,184,183,185,-1,184,185,186,-1,59,187,57,-1,57,187,188,-1,57,188,55,-1,55,188,189,-1,55,189,53,-1,53,189,161,-1,83,2,161,-1,161,2,51,-1,161,51,53,-1,81,82,190,-1,190,82,161,-1,190,161,191,-1,191,161,189,-1,191,189,192,-1,192,189,188,-1,192,188,193,-1,193,188,187,-1,193,187,194,-1,80,81,195,-1,195,81,190,-1,195,190,196,-1,196,190,191,-1,196,191,197,-1,197,191,192,-1,197,192,198,-1,198,192,193,-1,198,193,199,-1,199,193,194,-1,199,194,200,-1,79,80,160,-1,160,80,195,-1,160,195,201,-1,201,195,196,-1,201,196,202,-1,202,196,197,-1,202,197,203,-1,203,197,198,-1,203,198,204,-1,204,198,199,-1,204,199,205,-1,205,199,200,-1,205,200,206,-1,77,78,207,-1,207,78,160,-1,207,160,208,-1,208,160,201,-1,208,201,209,-1,209,201,202,-1,209,202,210,-1,210,202,203,-1,210,203,211,-1,211,203,204,-1,211,204,212,-1,212,204,205,-1,212,205,213,-1,213,205,206,-1,213,206,214,-1,214,215,213,-1,213,215,216,-1,213,216,212,-1,212,216,217,-1,212,217,211,-1,211,217,218,-1,211,218,210,-1,210,218,219,-1,210,219,209,-1,209,219,220,-1,209,220,208,-1,208,220,221,-1,208,221,207,-1,207,221,222,-1,207,222,77,-1,77,222,76,-1,75,76,159,-1,159,76,222,-1,159,222,223,-1,223,222,221,-1,223,221,224,-1,224,221,220,-1,224,220,225,-1,225,220,219,-1,225,219,226,-1,226,219,218,-1,226,218,227,-1,227,218,217,-1,227,217,228,-1,228,217,216,-1,228,216,229,-1,229,216,215,-1,229,215,37,-1,214,37,215,-1,59,61,187,-1,187,61,171,-1,187,171,194,-1,194,171,172,-1,194,172,200,-1,200,172,173,-1,200,173,206,-1,206,173,174,-1,206,174,214,-1,214,174,37,-1,73,74,230,-1,230,74,159,-1,230,159,186,-1,186,159,223,-1,186,223,184,-1,184,223,224,-1,184,224,181,-1,181,224,225,-1,181,225,179,-1,179,225,226,-1,179,226,177,-1,177,226,227,-1,177,227,167,-1,167,227,228,-1,167,228,166,-1,166,228,229,-1,166,229,37,-1,185,231,186,-1,186,231,232,-1,186,232,230,-1,230,232,233,-1,230,233,73,-1,73,233,12,-1,4,6,234,-1,234,6,29,-1,234,29,235,-1,235,29,236,-1,236,29,28,-1,236,28,237,-1,237,28,238,-1,238,28,27,-1,238,27,239,-1,239,27,240,-1,240,27,18,-1,240,18,241,-1,241,18,242,-1,242,18,17,-1,242,17,243,-1,243,17,244,-1,244,17,11,-1,244,11,9,-1,38,39,245,-1,245,39,94,-1,245,94,246,-1,246,94,93,-1,246,93,247,-1,247,93,92,-1,247,92,248,-1,248,92,91,-1,248,91,249,-1,249,91,96,-1,249,96,250,-1,250,96,100,-1,250,100,251,-1,251,100,110,-1,251,110,252,-1,252,110,112,-1,252,112,253,-1,253,112,114,-1,253,114,254,-1,254,114,116,-1,254,116,255,-1,255,116,117,-1,255,117,4,-1,4,117,5,-1,37,36,165,-1,165,36,256,-1,165,256,175,-1,175,256,257,-1,175,257,176,-1,176,257,258,-1,176,258,178,-1,178,258,259,-1,178,259,180,-1,180,259,260,-1,180,260,182,-1,182,260,261,-1,182,261,183,-1,183,261,262,-1,183,262,185,-1,185,262,263,-1,185,263,231,-1,231,263,264,-1,231,264,232,-1,232,264,265,-1,232,265,233,-1,233,265,266,-1,233,266,12,-1,12,266,13,-1,8,10,267,-1,267,10,23,-1,267,23,268,-1,268,23,269,-1,269,23,22,-1,269,22,270,-1,270,22,271,-1,271,22,24,-1,271,24,272,-1,272,24,273,-1,273,24,25,-1,273,25,274,-1,274,25,275,-1,275,25,26,-1,275,26,276,-1,276,26,277,-1,277,26,15,-1,277,15,13,-1,235,236,278,-1,239,240,279,-1,243,244,280,-1,281,282,283,-1,38,245,284,-1,283,282,38,-1,285,286,281,-1,281,286,287,-1,281,287,282,-1,282,287,288,-1,282,288,38,-1,284,245,289,-1,290,285,291,-1,291,285,281,-1,291,281,292,-1,292,281,283,-1,292,283,293,-1,293,283,38,-1,294,290,295,-1,295,290,291,-1,295,291,296,-1,296,291,292,-1,296,292,297,-1,297,292,293,-1,297,293,298,-1,298,293,38,-1,245,246,289,-1,289,246,247,-1,289,247,299,-1,299,247,248,-1,299,248,300,-1,300,248,249,-1,300,249,301,-1,249,250,301,-1,301,250,251,-1,301,251,302,-1,302,251,252,-1,302,252,303,-1,304,305,306,-1,306,305,307,-1,306,307,308,-1,308,307,309,-1,308,309,310,-1,310,309,280,-1,244,9,280,-1,280,9,311,-1,280,311,310,-1,242,243,312,-1,312,243,280,-1,312,280,313,-1,313,280,309,-1,313,309,314,-1,314,309,307,-1,314,307,315,-1,315,307,305,-1,315,305,316,-1,241,242,317,-1,317,242,312,-1,317,312,318,-1,318,312,313,-1,318,313,319,-1,319,313,314,-1,319,314,320,-1,320,314,315,-1,320,315,321,-1,321,315,316,-1,321,316,322,-1,240,241,279,-1,279,241,317,-1,279,317,323,-1,323,317,318,-1,323,318,324,-1,324,318,319,-1,324,319,325,-1,325,319,320,-1,325,320,326,-1,326,320,321,-1,326,321,327,-1,327,321,322,-1,327,322,328,-1,238,239,329,-1,329,239,279,-1,329,279,330,-1,330,279,323,-1,330,323,331,-1,331,323,324,-1,331,324,332,-1,332,324,325,-1,332,325,333,-1,333,325,326,-1,333,326,334,-1,334,326,327,-1,334,327,335,-1,335,327,328,-1,335,328,336,-1,336,337,335,-1,335,337,338,-1,335,338,334,-1,334,338,339,-1,334,339,333,-1,333,339,340,-1,333,340,332,-1,332,340,341,-1,332,341,331,-1,331,341,342,-1,331,342,330,-1,330,342,343,-1,330,343,329,-1,329,343,344,-1,329,344,238,-1,238,344,237,-1,236,237,278,-1,278,237,344,-1,278,344,345,-1,345,344,343,-1,345,343,346,-1,346,343,342,-1,346,342,347,-1,347,342,341,-1,347,341,348,-1,348,341,340,-1,348,340,349,-1,349,340,339,-1,349,339,350,-1,350,339,338,-1,350,338,351,-1,351,338,337,-1,351,337,38,-1,336,38,337,-1,304,294,305,-1,305,294,295,-1,305,295,316,-1,316,295,296,-1,316,296,322,-1,322,296,297,-1,322,297,328,-1,328,297,298,-1,328,298,336,-1,336,298,38,-1,234,235,352,-1,352,235,278,-1,352,278,303,-1,303,278,345,-1,303,345,302,-1,302,345,346,-1,302,346,301,-1,301,346,347,-1,301,347,300,-1,300,347,348,-1,300,348,299,-1,299,348,349,-1,299,349,289,-1,289,349,350,-1,289,350,284,-1,284,350,351,-1,284,351,38,-1,252,253,303,-1,303,253,254,-1,303,254,352,-1,352,254,255,-1,352,255,234,-1,234,255,4,-1,268,269,353,-1,272,273,354,-1,276,277,355,-1,356,357,358,-1,36,359,360,-1,358,357,36,-1,259,258,356,-1,356,258,257,-1,356,257,357,-1,357,257,256,-1,357,256,36,-1,360,359,361,-1,260,259,362,-1,362,259,356,-1,362,356,363,-1,363,356,358,-1,363,358,364,-1,364,358,36,-1,261,260,365,-1,365,260,362,-1,365,362,366,-1,366,362,363,-1,366,363,367,-1,367,363,364,-1,367,364,368,-1,368,364,36,-1,359,369,361,-1,361,369,370,-1,361,370,371,-1,371,370,372,-1,371,372,373,-1,373,372,374,-1,373,374,375,-1,374,376,375,-1,375,376,377,-1,375,377,378,-1,378,377,379,-1,378,379,380,-1,262,381,263,-1,263,381,382,-1,263,382,264,-1,264,382,383,-1,264,383,265,-1,265,383,355,-1,277,13,355,-1,355,13,266,-1,355,266,265,-1,275,276,384,-1,384,276,355,-1,384,355,385,-1,385,355,383,-1,385,383,386,-1,386,383,382,-1,386,382,387,-1,387,382,381,-1,387,381,388,-1,274,275,389,-1,389,275,384,-1,389,384,390,-1,390,384,385,-1,390,385,391,-1,391,385,386,-1,391,386,392,-1,392,386,387,-1,392,387,393,-1,393,387,388,-1,393,388,394,-1,273,274,354,-1,354,274,389,-1,354,389,395,-1,395,389,390,-1,395,390,396,-1,396,390,391,-1,396,391,397,-1,397,391,392,-1,397,392,398,-1,398,392,393,-1,398,393,399,-1,399,393,394,-1,399,394,400,-1,271,272,401,-1,401,272,354,-1,401,354,402,-1,402,354,395,-1,402,395,403,-1,403,395,396,-1,403,396,404,-1,404,396,397,-1,404,397,405,-1,405,397,398,-1,405,398,406,-1,406,398,399,-1,406,399,407,-1,407,399,400,-1,407,400,408,-1,408,409,407,-1,407,409,410,-1,407,410,406,-1,406,410,411,-1,406,411,405,-1,405,411,412,-1,405,412,404,-1,404,412,413,-1,404,413,403,-1,403,413,414,-1,403,414,402,-1,402,414,415,-1,402,415,401,-1,401,415,416,-1,401,416,271,-1,271,416,270,-1,269,270,353,-1,353,270,416,-1,353,416,417,-1,417,416,415,-1,417,415,418,-1,418,415,414,-1,418,414,419,-1,419,414,413,-1,419,413,420,-1,420,413,412,-1,420,412,421,-1,421,412,411,-1,421,411,422,-1,422,411,410,-1,422,410,423,-1,423,410,409,-1,423,409,36,-1,408,36,409,-1,262,261,381,-1,381,261,365,-1,381,365,388,-1,388,365,366,-1,388,366,394,-1,394,366,367,-1,394,367,400,-1,400,367,368,-1,400,368,408,-1,408,368,36,-1,267,268,424,-1,424,268,353,-1,424,353,380,-1,380,353,417,-1,380,417,378,-1,378,417,418,-1,378,418,375,-1,375,418,419,-1,375,419,373,-1,373,419,420,-1,373,420,371,-1,371,420,421,-1,371,421,361,-1,361,421,422,-1,361,422,360,-1,360,422,423,-1,360,423,36,-1,379,425,380,-1,380,425,426,-1,380,426,424,-1,424,426,427,-1,424,427,267,-1,267,427,8,-1,36,38,359,-1,359,38,288,-1,359,288,369,-1,369,288,287,-1,369,287,370,-1,370,287,286,-1,370,286,372,-1,372,286,285,-1,372,285,374,-1,374,285,290,-1,374,290,376,-1,376,290,294,-1,376,294,377,-1,377,294,304,-1,377,304,379,-1,379,304,306,-1,379,306,425,-1,425,306,308,-1,425,308,426,-1,426,308,310,-1,426,310,427,-1,427,310,311,-1,427,311,8,-1,8,311,9,-1,
        ]
    }
}
Shape{
    appearance Appearance {
        material  Material 	{
            diffuseColor 0.25098039215686274 0.25098039215686274 0.25098039215686274
            specularColor 0.12549019607843137 0.12549019607843137 0.12549019607843137
            ambientIntensity 0.2
            transparency 0
            shininess 0.5
        }
    }
    geometry IndexedFaceSet {
        ccw TRUE
        solid FALSE
        coord DEF co Coordinate {
            point [
                0.565 -0.6019 0.4638, 0.565 -0.6019 0.4047, 0.565 -0.5754 0.4047, 0.565 0.3871 0.0, 0.565 1.0335 0.0, 0.565 1.0335 0.2642, 0.565 -0.3211 0.0, 0.565 0.3871 0.2642, 0.565 -0.3836 0.0, 0.565 -0.3211 0.2642, 0.565 -0.4966 0.291, 0.565 -0.4994 0.2907, 0.565 -0.4827 0.2907, 0.565 -0.4258 0.358, 0.565 -0.4047 0.358, 0.565 -0.4047 0.377, 0.565 -0.6957 0.4118, 0.565 -0.6828 0.4009, 0.565 -0.6379 0.4644, 0.565 -0.6379 0.3965, 0.565 -0.7589 0.4713, 0.565 -0.7487 0.4644, 0.565 -0.7378 0.4571, 0.565 -0.7208 0.437, 0.565 -0.7122 0.4196, 0.565 -0.7098 0.4188, 0.565 -0.8448 0.4719, 0.565 -0.8227 0.4795, 0.565 -1.0335 0.5512, 0.565 -0.8023 0.4817, 0.565 -0.6379 0.5512, 0.565 -0.7828 0.4797, 0.565 -0.8573 0.4644, 0.565 -1.0335 0.4644, 0.565 -0.8592 0.4632, 0.565 -1.0335 0.3965, 0.565 -0.9611 0.3965, 0.565 -0.9568 0.4063, 0.565 -0.9456 0.4205, 0.565 -0.9092 0.4411, 0.565 -0.891 0.4433, 0.565 -0.8704 0.4537, 0.565 -0.8856 0.443, 0.565 -0.8801 0.4423, 0.565 -0.942 0.4239, 0.565 -0.9268 0.4344, 0.565 -0.91 0.292, 0.565 -0.9167 0.294, 0.565 -1.0335 0.2907, 0.565 -0.9338 0.3025, 0.565 -0.9479 0.3147, 0.565 -0.959 0.3307, 0.565 -0.9657 0.3484, 0.565 -1.0335 0.377, 0.565 -0.9679 0.3664, 0.565 -0.9677 0.3714, 0.565 -0.9667 0.377, 0.565 -0.9644 0.3892, 0.565 -0.8889 0.2661, 0.565 -0.8982 0.2731, 0.565 -1.0335 0.2642, 0.565 -0.9052 0.2818, 0.565 -0.9094 0.2907, 0.565 -0.6379 0.2642, 0.565 -0.8453 0.2642, 0.565 -0.6379 0.0, 0.565 -0.8535 0.2611, 0.565 -1.0335 0.0, 0.565 -0.8649 0.2597, 0.565 -0.8668 0.2597, 0.565 -0.878 0.2615, 0.565 -0.8845 0.2642, 0.565 -0.6379 0.2907, 0.565 -0.8205 0.2907, 0.565 -0.8205 0.2905, 0.565 -0.8261 0.2799, 0.565 -0.8334 0.2717, 0.565 -0.8429 0.2652, 0.565 -0.6674 0.3729, 0.565 -0.6652 0.3574, 0.565 -0.6379 0.377, 0.565 -0.7599 0.3187, 0.565 -0.7566 0.32, 0.565 -0.7511 0.347, 0.565 -0.6828 0.3124, 0.565 -0.6957 0.3014, 0.565 -0.8293 0.3389, 0.565 -0.7658 0.3721, 0.565 -0.8376 0.3465, 0.565 -0.8477 0.3519, 0.565 -0.7628 0.3166, 0.565 -0.6733 0.3255, 0.565 -0.6948 0.3611, 0.565 -0.6971 0.3702, 0.565 -0.7007 0.377, 0.565 -0.9368 0.377, 0.565 -0.6674 0.3405, 0.565 -0.753 0.3204, 0.565 -0.7525 0.3204, 0.565 -0.7511 0.3201, 0.565 -0.934 0.3485, 0.565 -0.9284 0.3388, 0.565 -0.9043 0.334, 0.565 -0.9199 0.3301, 0.565 -0.9095 0.3237, 0.565 -0.8867 0.3497, 0.565 -0.8964 0.3429, 0.565 -0.938 0.3674, 0.565 -0.9374 0.3601, 0.565 -0.8762 0.3537, 0.565 -0.8649 0.3551, 0.565 -0.8591 0.3547, 0.565 -0.7677 0.3057, 0.565 -0.7676 0.3076, 0.565 -0.8175 0.3119, 0.565 -0.7666 0.3112, 0.565 -0.7648 0.3144, 0.565 -0.7042 0.3319, 0.565 -0.699 0.3393, 0.565 -0.6958 0.3477, 0.565 -0.6946 0.357, 0.565 -0.7566 0.2914, 0.565 -0.7597 0.2927, 0.565 -0.7628 0.2949, 0.565 -0.7639 0.296, 0.565 -0.766 0.299, 0.565 -0.7672 0.3022, 0.565 -0.8177 0.3022, 0.565 -0.8175 0.3071, 0.565 -0.7101 0.2943, 0.565 -0.7259 0.291, 0.565 -0.7539 0.291, 0.565 -0.7501 0.3199, 0.565 -0.7288 0.3199, 0.565 -0.7203 0.3216, 0.565 -0.7119 0.3254, 0.565 -0.7049 0.3312, 0.565 -0.7354 0.394, 0.565 -0.9325 0.3894, 0.565 -0.9366 0.3789, 0.565 -0.7316 0.394, 0.565 -0.7015 0.3784, 0.565 -0.707 0.3845, 0.565 -0.7143 0.3897, 0.565 -0.7226 0.3928, 0.565 -0.7456 0.4224, 0.565 -0.7563 0.4352, 0.565 -0.8654 0.4077, 0.565 -0.7575 0.4363, 0.565 -0.7709 0.4456, 0.565 -0.8582 0.4227, 0.565 -0.9276 0.3965, 0.565 -0.8688 0.4096, 0.565 -0.736 0.3965, 0.565 -0.7383 0.4071, 0.565 -0.8795 0.4135, 0.565 -0.8905 0.4148, 0.565 -0.8954 0.4146, 0.565 -0.8475 0.4354, 0.565 -0.7858 0.4513, 0.565 -0.8348 0.4447, 0.565 -0.8018 0.4533, 0.565 -0.8193 0.451, 0.565 -0.9072 0.4118, 0.565 -0.9177 0.4062, 0.565 -0.9259 0.3989, 0.565 -0.6797 0.3965, 0.565 -0.6732 0.3874, 0.565 -0.669 0.377, 0.565 -0.3899 0.2988, 0.565 -0.3899 0.2912, 0.565 -0.3836 0.2907, 0.565 -0.3836 0.377, 0.565 -0.3914 0.358, 0.565 -0.3914 0.3503, 0.565 -0.4172 0.3213, 0.565 -0.4172 0.2988, 0.565 -0.4047 0.3213, 0.565 -0.4047 0.2988, 0.565 -0.3933 0.3213, 0.565 -0.3933 0.3289, 0.565 -0.4172 0.3503, 0.565 -0.4172 0.3289, 0.565 -0.4047 0.3503, 0.565 -0.4047 0.3289, 0.565 -0.4047 0.2907, 0.565 -0.4047 0.2912, 0.565 -0.4258 0.2912, 0.565 -0.4587 0.3031, 0.565 -0.4577 0.2992, 0.565 -0.4575 0.2992, 0.565 -0.4348 0.3389, 0.565 -0.4671 0.377, 0.565 -0.4434 0.3389, 0.565 -0.4671 0.3273, 0.565 -0.4565 0.303, 0.565 -0.4571 0.3008, 0.565 -0.517 0.326, 0.565 -0.5167 0.329, 0.565 -0.5255 0.377, 0.565 -0.5157 0.3202, 0.565 -0.5166 0.3228, 0.565 -0.5171 0.3015, 0.565 -0.5135 0.2994, 0.565 -0.5132 0.2993, 0.565 -0.5132 0.317, 0.565 -0.5146 0.3185, 0.565 -0.5133 0.3171, 0.565 -0.5095 0.2907, 0.565 -0.5112 0.2908, 0.565 -0.5132 0.2907, 0.565 -0.5132 0.2916, 0.565 -0.5255 0.2907, 0.565 -0.5171 0.2929, 0.565 -0.4872 0.3379, 0.565 -0.4872 0.3298, 0.565 -0.5116 0.3362, 0.565 -0.5096 0.3375, 0.565 -0.5132 0.377, 0.565 -0.4897 0.3139, 0.565 -0.4877 0.3121, 0.565 -0.5157 0.3317, 0.565 -0.5141 0.334, 0.565 -0.5132 0.3348, 0.565 -0.4853 0.3008, 0.565 -0.4863 0.2982, 0.565 -0.4878 0.296, 0.565 -0.5051 0.3392, 0.565 -0.4984 0.34, 0.565 -0.4827 0.377, 0.565 -0.4926 0.3395, 0.565 -0.4861 0.3098, 0.565 -0.4852 0.3073, 0.565 -0.4849 0.3042, 0.565 -0.5056 0.3217, 0.565 -0.4984 0.3183, 0.565 -0.4993 0.3332, 0.565 -0.4902 0.2939, 0.565 -0.4922 0.2927, 0.565 -0.4952 0.3169, 0.565 -0.4894 0.331, 0.565 -0.4942 0.3327, 0.565 -0.5017 0.333, 0.565 -0.504 0.3324, 0.565 -0.5084 0.3268, 0.565 -0.5058 0.3314, 0.565 -0.5083 0.3257, 0.565 -0.508 0.3244, 0.565 -0.5074 0.3232, 0.565 -0.5066 0.3224, 0.565 -0.5071 0.3303, 0.565 -0.5078 0.3292, 0.565 -0.5082 0.3281, 0.565 -0.5082 0.2975, 0.565 -0.5043 0.3122, 0.565 -0.5093 0.3145, 0.565 -0.5033 0.2969, 0.565 -0.5029 0.2969, 0.565 -0.4989 0.3099, 0.565 -0.4987 0.2974, 0.565 -0.4934 0.3034, 0.565 -0.4935 0.3044, 0.565 -0.4965 0.2982, 0.565 -0.4957 0.2987, 0.565 -0.4948 0.2995, 0.565 -0.494 0.3006, 0.565 -0.4936 0.3018, 0.565 -0.4939 0.3057, 0.565 -0.4946 0.3068, 0.565 -0.4956 0.3079, 0.565 -0.3211 0.3965, 0.565 -0.3428 0.3971, 0.565 -0.3523 0.3971, 0.565 -0.3591 0.4153, 0.565 -0.3836 0.4153, 0.565 -0.3836 0.3965, 0.565 -0.3682 0.4638, 0.565 -0.3211 0.4644, 0.565 -0.3836 0.4644, 0.565 -0.3869 0.4153, 0.565 -0.3933 0.3971, 0.565 -0.4047 0.3965, 0.565 -0.4028 0.3971, 0.565 -0.4047 0.4644, 0.565 -0.3836 0.4476, 0.565 -0.3774 0.4638, 0.565 -0.4671 0.4644, 0.565 -0.4827 0.4644, 0.565 -0.475 0.4638, 0.565 -0.4827 0.4638, 0.565 -0.5007 0.4271, 0.565 -0.5007 0.4047, 0.565 -0.4827 0.4271, 0.565 -0.4827 0.4047, 0.565 -0.4769 0.4271, 0.565 -0.4734 0.4047, 0.565 -0.4769 0.4348, 0.565 -0.475 0.4561, 0.565 -0.4827 0.4348, 0.565 -0.4827 0.4561, 0.565 -0.5007 0.4348, 0.565 -0.5007 0.4561, 0.565 -0.5093 0.3971, 0.565 -0.5132 0.3965, 0.565 -0.4827 0.3965, 0.565 -0.4671 0.3965, 0.565 -0.4734 0.3971, 0.565 -0.4827 0.3971, 0.565 -0.5093 0.4638, 0.565 -0.5132 0.4644, 0.565 -0.5302 0.4562, 0.565 -0.5384 0.4572, 0.565 -0.5255 0.4068, 0.565 -0.5227 0.4532, 0.565 -0.5227 0.4081, 0.565 -0.5234 0.4536, 0.565 -0.5255 0.4544, 0.565 -0.5418 0.457, 0.565 -0.5475 0.4557, 0.565 -0.5527 0.4531, 0.565 -0.5566 0.4498, 0.565 -0.557 0.4493, 0.565 -0.5603 0.4447, 0.565 -0.5625 0.4389, 0.565 -0.5636 0.4297, 0.565 -0.5635 0.4264, 0.565 -0.5623 0.4199, 0.565 -0.5368 0.4038, 0.565 -0.5292 0.4052, 0.565 -0.5514 0.4063, 0.565 -0.5466 0.4044, 0.565 -0.5399 0.4036, 0.565 -0.56 0.4146, 0.565 -0.5571 0.4107, 0.565 -0.5557 0.4094, 0.565 -0.5313 0.4644, 0.565 -0.5298 0.4643, 0.565 -0.5255 0.4644, 0.565 -0.5255 0.463, 0.565 -0.5227 0.4622, 0.565 -0.5385 0.4649, 0.565 -0.5255 0.5512, 0.565 -0.5431 0.4644, 0.565 -0.5697 0.5512, 0.565 -0.5697 0.4644, 0.565 -0.5678 0.4488, 0.565 -0.563 0.4551, 0.565 -0.5614 0.4567, 0.565 -0.5551 0.4611, 0.565 -0.5482 0.4638, 0.565 -0.5737 0.4644, 0.565 -0.571 0.4414, 0.565 -0.5697 0.4446, 0.565 -0.5697 0.4141, 0.565 -0.5713 0.4183, 0.565 -0.5737 0.3965, 0.565 -0.5726 0.4292, 0.565 -0.5725 0.4327, 0.565 -0.5524 0.3976, 0.565 -0.5587 0.4006, 0.565 -0.5697 0.3965, 0.565 -0.5641 0.4051, 0.565 -0.5646 0.4057, 0.565 -0.5686 0.4113, 0.565 -0.547 0.3965, 0.565 -0.5697 0.377, 0.565 -0.5452 0.3962, 0.565 -0.5412 0.396, 0.565 -0.5353 0.3965, 0.565 -0.5227 0.3999, 0.565 -0.5238 0.3993, 0.565 -0.5255 0.3965, 0.565 -0.5255 0.3987, 0.565 -0.531 0.3969, 0.565 -0.5636 0.3137, 0.565 -0.562 0.3274, 0.565 -0.5653 0.3109, 0.565 -0.5663 0.3079, 0.565 -0.5284 0.2912, 0.565 -0.5367 0.2912, 0.565 -0.5436 0.3329, 0.565 -0.5464 0.3332, 0.565 -0.5509 0.3196, 0.565 -0.5292 0.3289, 0.565 -0.5284 0.3219, 0.565 -0.5611 0.3159, 0.565 -0.5577 0.3178, 0.565 -0.5563 0.3311, 0.565 -0.551 0.3328, 0.565 -0.5598 0.2919, 0.565 -0.5626 0.2939, 0.565 -0.5697 0.2907, 0.565 -0.5635 0.2948, 0.565 -0.5652 0.2974, 0.565 -0.5367 0.2986, 0.565 -0.537 0.2986, 0.565 -0.5387 0.296, 0.565 -0.5414 0.2934, 0.565 -0.5662 0.3002, 0.565 -0.5667 0.304, 0.565 -0.562 0.3356, 0.565 -0.5399 0.3394, 0.565 -0.5365 0.3382, 0.565 -0.5339 0.3366, 0.565 -0.5367 0.3215, 0.565 -0.537 0.3252, 0.565 -0.5379 0.3282, 0.565 -0.5389 0.3299, 0.565 -0.5323 0.3351, 0.565 -0.5306 0.3325, 0.565 -0.5603 0.3365, 0.565 -0.5541 0.339, 0.565 -0.5456 0.34, 0.565 -0.5401 0.3313, 0.565 -0.5416 0.3322, 0.565 -0.5469 0.2907, 0.565 -0.547 0.2906, 0.565 -0.5255 0.2642, 0.565 -0.5697 0.2642, 0.565 -0.5516 0.2901, 0.565 -0.5564 0.2907, 0.565 -0.5566 0.2907, 0.565 -0.4671 0.2907, 0.565 -0.4671 0.3049, 0.565 -0.4805 0.3389, 0.565 -0.4712 0.3389, 0.565 -0.4618 0.2913, 0.565 -0.4621 0.2907, 0.565 -0.4655 0.2827, 0.565 -0.4827 0.2642, 0.565 -0.4788 0.2695, 0.565 -0.4788 0.2769, 0.565 -0.4687 0.2779, 0.565 -0.4672 0.2796, 0.565 -0.4671 0.2797, 0.565 -0.5041 0.2901, 0.565 -0.5132 0.2642, 0.565 -0.4771 0.2764, 0.565 -0.4741 0.276, 0.565 -0.4671 0.2703, 0.565 -0.47 0.2692, 0.565 -0.4671 0.2642, 0.565 -0.4734 0.2688, 0.565 -0.4753 0.2689, 0.565 -0.4719 0.2762, 0.565 -0.4701 0.2769, 0.565 -0.4564 0.284, 0.565 -0.4602 0.2767, 0.565 -0.4047 0.2642, 0.565 -0.4538 0.2907, 0.565 -0.4632 0.273, 0.565 -0.4638 0.2725, 0.565 -0.4667 0.2704, 0.565 -0.3836 0.2642, 0.565 -0.4047 0.0, 0.565 -0.4671 0.0, 0.565 -0.4827 0.0, 0.565 -0.5132 0.0, 0.565 -0.5255 0.0, 0.565 -0.5697 0.0, 0.565 -0.5437 0.2919, 0.565 0.3871 0.2907, 0.565 -0.3211 0.2907, 0.565 -0.6106 0.358, 0.565 -0.6106 0.2912, 0.565 -0.5737 0.2907, 0.565 -0.5737 0.2642, 0.565 -0.5737 0.0, 0.565 -0.5762 0.358, 0.565 -0.5737 0.377, 0.565 -0.5762 0.3503, 0.565 -0.5747 0.2988, 0.565 -0.5747 0.2912, 0.565 -0.6019 0.3213, 0.565 -0.6019 0.2988, 0.565 -0.5781 0.3213, 0.565 -0.5781 0.3289, 0.565 -0.6019 0.3289, 0.565 -0.6019 0.3503, 0.565 -0.3773 0.2912, 0.565 -0.3248 0.3134, 0.565 -0.3281 0.3065, 0.565 -0.333 0.3006, 0.565 -0.3265 0.341, 0.565 -0.3241 0.3347, 0.565 -0.3211 0.377, 0.565 -0.323 0.3255, 0.565 -0.3232 0.3212, 0.565 -0.34 0.2956, 0.565 -0.3476 0.2926, 0.565 -0.3589 0.2912, 0.565 -0.3773 0.358, 0.565 -0.3582 0.358, 0.565 -0.3481 0.3568, 0.565 -0.34 0.3539, 0.565 -0.333 0.3491, 0.565 -0.3307 0.3468, 0.565 -0.3097 0.2912, 0.565 -0.3193 0.2912, 0.565 -0.2687 0.2912, 0.565 -0.2755 0.3095, 0.565 -0.3033 0.3095, 0.565 -0.2938 0.358, 0.565 -0.2846 0.358, 0.565 -0.6106 0.3971, 0.565 -0.6106 0.4638, 0.565 -0.5754 0.3971, 0.565 -0.4101 0.4469, 0.565 -0.4076 0.4405, 0.565 -0.4065 0.4313, 0.565 -0.4067 0.4271, 0.565 -0.4083 0.4192, 0.565 -0.4116 0.4123, 0.565 -0.4166 0.4064, 0.565 -0.4235 0.4015, 0.565 -0.4418 0.4638, 0.565 -0.4316 0.4627, 0.565 -0.4236 0.4597, 0.565 -0.4311 0.3985, 0.565 -0.4425 0.3971, 0.565 -0.4608 0.3971, 0.565 -0.4608 0.4638, 0.565 -0.4166 0.455, 0.565 -0.4142 0.4527, 0.565 -0.2592 0.2912, 0.565 0.3871 0.377, 0.565 0.3871 0.3965, 0.565 0.3871 0.4644, 0.565 1.0335 0.2907, 0.565 1.0335 0.377, 0.565 1.0335 0.3965, 0.565 1.0335 0.4644, 0.565 -0.5737 0.5512, 0.565 1.0335 0.5512, 0.565 0.3871 0.5512, 0.565 -0.3211 0.5512, 0.565 -0.3836 0.5512, 0.565 -0.4047 0.5512, 0.565 -0.4671 0.5512, 0.565 -0.4827 0.5512, 0.565 -0.5132 0.5512, -0.5453 -1.0335 0.5709, -0.1969 -0.5315 0.5709, -0.5453 1.0335 0.5709, -0.1969 0.5315 0.5709, -0.0058 -0.769 0.5709, -0.024 -0.7812 0.5709, -0.0058 -0.9362 0.5709, -0.0477 -0.7911 0.5709, -0.0514 -0.7921 0.5709, 0.1969 0.5315 0.5709, 0.1517 0.7918 0.5709, 0.1266 0.7918 0.5709, 0.1969 -0.5315 0.5709, 0.5453 -1.0335 0.5709, 0.5453 1.0335 0.5709, 0.0089 -0.7369 0.5709, 0.0182 -0.7369 0.5709, 0.0182 -0.9362 0.5709, -0.0514 -0.7681 0.5709, -0.0198 -0.7554 0.5709, 0.0442 0.9243 0.5709, 0.0435 0.9243 0.5709, 0.0465 0.9191 0.5709, 0.0441 0.9133 0.5709, 0.023 0.9493 0.5709, 0.0499 0.9493 0.5709, 0.1306 0.9493 0.5709, 0.1517 0.9493 0.5709, 0.023 0.7918 0.5709, 0.0442 0.7918 0.5709, 0.0442 0.9023 0.5709, 0.0494 0.914 0.5709, -0.1495 0.9096 0.5709, -0.1406 0.9244 0.5709, -0.1283 0.9366 0.5709, -0.1138 0.9451 0.5709, -0.0469 0.9438 0.5709, -0.0332 0.9346 0.5709, -0.0215 0.9215 0.5709, -0.0133 0.9057 0.5709, 0.1312 0.8187 0.5709, 0.1316 0.8187 0.5709, 0.1281 0.8242 0.5709, 0.1308 0.8301 0.5709, 0.1248 0.8295 0.5709, 0.1306 0.8415 0.5709, -0.0088 0.8882 0.5709, -0.0077 0.8724 0.5709, -0.0098 0.8496 0.5709, -0.0155 0.8316 0.5709, -0.0242 0.8169 0.5709, -0.0362 0.8048 0.5709, -0.0492 0.7968 0.5709, -0.0644 0.7918 0.5709, -0.0979 0.9497 0.5709, -0.0808 0.9512 0.5709, -0.0617 0.9491 0.5709, -0.0833 0.7899 0.5709, -0.1026 0.7919 0.5709, -0.1174 0.797 0.5709, -0.1303 0.8052 0.5709, -0.1416 0.8169 0.5709, -0.1503 0.8316 0.5709, -0.1556 0.8486 0.5709, -0.1575 0.8687 0.5709, -0.1553 0.8914 0.5709, 0.1969 -1.0531 0.0, 0.5453 -1.0531 0.0, 0.1969 -1.0531 0.0394, 0.5453 -1.0531 0.5512, -0.1969 -1.0531 0.0394, -0.5453 -1.0531 0.5512, -0.1969 -1.0531 0.0, -0.5453 -1.0531 0.0, -0.1969 1.0531 0.0, -0.5453 1.0531 0.0, -0.1969 1.0531 0.0394, -0.5453 1.0531 0.5512, 0.1969 1.0531 0.0394, 0.5453 1.0531 0.5512, 0.1969 1.0531 0.0, 0.5453 1.0531 0.0, -0.565 1.0335 0.0, -0.565 -1.0335 0.0, -0.565 1.0335 0.5512, -0.565 -1.0335 0.5512, 0.1969 0.3269 0.4528, 0.1969 0.5315 0.4528, 0.1969 -0.5315 0.4528, 0.1969 -0.3269 0.4528, 0.1969 -0.1905 0.374, 0.1969 0.1905 0.374, -0.1969 -0.5315 0.4528, -0.1969 0.3269 0.4528, -0.1969 0.5315 0.4528, -0.1969 -0.3269 0.4528, -0.1969 -0.1905 0.374, -0.1969 0.1905 0.374, -0.1969 0.1905 0.374
            ]
        }
        coordIndex [
            0,1,2,-1,3,4,5,-1,6,3,7,-1,8,6,9,-1,10,11,12,-1,13,14,15,-1,16,17,18,-1,18,17,19,-1,20,21,18,-1,18,21,22,-1,18,22,23,-1,23,24,18,-1,18,24,25,-1,18,25,16,-1,26,27,28,-1,28,27,29,-1,28,29,30,-1,30,29,31,-1,26,28,32,-1,32,28,33,-1,32,33,34,-1,35,36,33,-1,33,36,37,-1,33,37,38,-1,33,39,34,-1,34,39,40,-1,34,40,41,-1,41,40,42,-1,41,42,43,-1,38,44,33,-1,33,44,45,-1,33,45,39,-1,46,47,48,-1,48,47,49,-1,48,49,50,-1,50,51,48,-1,48,51,52,-1,48,52,53,-1,53,52,54,-1,54,55,53,-1,53,55,56,-1,53,56,35,-1,35,56,57,-1,35,57,36,-1,58,59,60,-1,60,59,61,-1,60,61,48,-1,48,61,62,-1,48,62,46,-1,63,64,65,-1,65,64,66,-1,65,66,67,-1,67,66,68,-1,68,69,67,-1,67,69,70,-1,67,70,60,-1,60,70,71,-1,60,71,58,-1,72,73,63,-1,63,73,74,-1,63,74,75,-1,75,76,63,-1,63,76,77,-1,63,77,64,-1,78,79,80,-1,81,82,83,-1,84,85,72,-1,86,87,88,-1,88,87,89,-1,81,83,90,-1,84,72,91,-1,92,93,87,-1,87,93,94,-1,87,94,95,-1,80,79,72,-1,72,79,96,-1,72,96,91,-1,82,97,83,-1,83,97,98,-1,83,98,99,-1,100,101,102,-1,102,101,103,-1,102,103,104,-1,105,95,106,-1,106,95,107,-1,106,107,102,-1,102,107,108,-1,102,108,100,-1,105,109,95,-1,95,109,110,-1,95,110,87,-1,87,110,111,-1,87,111,89,-1,112,113,114,-1,114,113,115,-1,114,115,83,-1,83,115,116,-1,83,116,90,-1,117,118,83,-1,83,118,119,-1,83,119,87,-1,87,119,120,-1,87,120,92,-1,121,122,73,-1,73,122,123,-1,73,123,124,-1,124,125,73,-1,73,125,126,-1,73,126,127,-1,127,126,112,-1,127,112,128,-1,128,112,114,-1,85,129,72,-1,72,129,130,-1,72,130,73,-1,73,130,131,-1,73,131,121,-1,99,132,83,-1,83,132,133,-1,83,133,134,-1,134,135,83,-1,83,135,136,-1,83,136,117,-1,137,138,139,-1,139,95,137,-1,137,95,94,-1,137,94,140,-1,140,94,141,-1,141,142,140,-1,140,142,143,-1,140,143,144,-1,145,146,147,-1,146,148,147,-1,147,148,149,-1,147,149,150,-1,151,147,152,-1,138,137,151,-1,151,137,153,-1,151,153,147,-1,147,153,154,-1,147,154,145,-1,152,155,151,-1,151,155,156,-1,151,156,157,-1,150,149,158,-1,158,149,159,-1,158,159,160,-1,160,159,161,-1,160,161,162,-1,163,164,157,-1,157,164,165,-1,157,165,151,-1,17,166,19,-1,19,166,167,-1,19,167,80,-1,80,167,168,-1,80,168,78,-1,169,170,171,-1,15,14,172,-1,172,14,173,-1,172,173,174,-1,175,176,177,-1,177,176,178,-1,177,178,179,-1,179,178,169,-1,179,169,180,-1,181,182,183,-1,183,182,184,-1,183,184,174,-1,171,170,185,-1,185,170,186,-1,185,186,187,-1,188,189,190,-1,191,192,193,-1,193,192,194,-1,193,194,195,-1,195,194,188,-1,195,188,196,-1,196,188,190,-1,197,198,199,-1,200,201,202,-1,203,204,205,-1,200,202,206,-1,203,205,202,-1,202,205,207,-1,202,207,206,-1,208,209,210,-1,210,209,211,-1,210,211,212,-1,212,211,213,-1,212,213,202,-1,214,215,12,-1,216,217,218,-1,219,220,215,-1,198,221,199,-1,199,221,222,-1,199,222,218,-1,218,222,223,-1,218,223,216,-1,224,225,12,-1,12,225,226,-1,217,227,218,-1,218,227,228,-1,218,228,229,-1,229,228,230,-1,229,230,214,-1,220,231,215,-1,215,231,232,-1,215,232,12,-1,12,232,233,-1,12,233,224,-1,234,235,236,-1,226,237,12,-1,12,237,238,-1,12,238,10,-1,219,215,239,-1,239,215,240,-1,239,240,235,-1,235,240,241,-1,235,241,236,-1,242,243,244,-1,244,243,245,-1,242,244,236,-1,236,244,246,-1,236,246,247,-1,247,248,236,-1,236,248,249,-1,236,249,234,-1,250,251,245,-1,245,251,252,-1,245,252,244,-1,253,254,204,-1,204,254,255,-1,204,255,205,-1,253,256,254,-1,254,256,257,-1,254,257,258,-1,258,257,259,-1,258,260,261,-1,259,262,258,-1,258,262,263,-1,258,263,264,-1,264,265,258,-1,258,265,266,-1,258,266,260,-1,261,267,258,-1,258,267,268,-1,258,268,269,-1,270,271,272,-1,273,274,272,-1,272,274,275,-1,272,275,270,-1,271,270,276,-1,276,270,277,-1,276,277,278,-1,274,279,275,-1,275,279,280,-1,275,280,281,-1,281,280,282,-1,281,282,283,-1,283,282,284,-1,283,284,278,-1,278,284,285,-1,278,285,276,-1,286,287,288,-1,288,287,289,-1,290,291,292,-1,292,291,293,-1,292,293,294,-1,294,293,295,-1,294,295,296,-1,296,295,297,-1,296,297,298,-1,298,297,299,-1,298,299,300,-1,300,299,301,-1,302,303,304,-1,288,297,286,-1,286,297,295,-1,286,295,305,-1,305,295,306,-1,305,306,304,-1,304,306,307,-1,304,307,302,-1,289,287,308,-1,308,287,309,-1,308,309,302,-1,310,311,312,-1,302,309,303,-1,303,309,313,-1,303,313,314,-1,314,313,315,-1,314,315,312,-1,312,315,316,-1,312,316,310,-1,311,317,312,-1,312,317,318,-1,312,318,319,-1,319,320,312,-1,312,320,321,-1,312,321,322,-1,322,323,312,-1,312,323,324,-1,312,324,325,-1,326,327,325,-1,325,327,328,-1,325,328,312,-1,329,330,331,-1,326,332,327,-1,327,332,333,-1,327,333,331,-1,331,333,334,-1,331,334,329,-1,335,336,337,-1,337,336,338,-1,337,338,309,-1,309,338,339,-1,309,339,313,-1,340,341,342,-1,342,341,343,-1,344,345,346,-1,346,347,344,-1,344,347,348,-1,344,348,349,-1,350,351,344,-1,344,351,352,-1,344,352,345,-1,353,354,355,-1,355,354,356,-1,355,356,350,-1,350,356,357,-1,350,357,351,-1,358,359,360,-1,360,359,361,-1,361,362,360,-1,360,362,363,-1,360,363,353,-1,358,360,364,-1,364,360,365,-1,364,365,366,-1,366,365,367,-1,367,365,199,-1,367,199,368,-1,314,369,303,-1,303,369,370,-1,303,370,371,-1,371,370,372,-1,371,372,373,-1,374,375,376,-1,376,375,377,-1,212,378,379,-1,380,381,382,-1,199,383,384,-1,374,385,375,-1,375,385,386,-1,375,386,387,-1,387,386,382,-1,387,382,388,-1,388,382,381,-1,201,197,202,-1,202,197,199,-1,202,199,212,-1,212,199,384,-1,212,384,378,-1,389,390,391,-1,391,390,392,-1,391,392,393,-1,394,395,379,-1,379,395,396,-1,379,396,397,-1,393,398,391,-1,391,398,399,-1,391,399,365,-1,365,399,377,-1,365,377,400,-1,400,377,375,-1,401,402,199,-1,199,402,403,-1,404,405,382,-1,382,405,406,-1,382,406,407,-1,403,408,199,-1,199,408,409,-1,199,409,383,-1,400,410,365,-1,365,410,411,-1,365,411,199,-1,199,411,412,-1,199,412,401,-1,407,413,382,-1,382,413,414,-1,382,414,380,-1,415,416,417,-1,417,416,418,-1,416,419,418,-1,418,419,420,-1,418,420,391,-1,391,420,421,-1,391,421,389,-1,422,423,12,-1,12,423,424,-1,214,12,229,-1,229,12,424,-1,229,424,192,-1,192,424,425,-1,192,425,194,-1,426,423,427,-1,427,423,422,-1,427,422,428,-1,429,430,431,-1,432,433,422,-1,422,433,434,-1,422,434,428,-1,435,436,11,-1,11,436,429,-1,11,429,12,-1,12,429,431,-1,12,431,422,-1,422,431,437,-1,422,437,438,-1,439,440,441,-1,441,440,442,-1,441,442,429,-1,429,442,443,-1,429,443,430,-1,438,444,422,-1,422,444,445,-1,422,445,432,-1,446,447,448,-1,446,448,449,-1,447,450,448,-1,448,450,451,-1,448,451,441,-1,441,451,452,-1,441,452,439,-1,8,453,454,-1,454,453,448,-1,454,448,455,-1,455,448,441,-1,455,441,456,-1,456,441,429,-1,456,429,457,-1,457,429,436,-1,457,436,458,-1,458,436,417,-1,458,417,459,-1,459,417,418,-1,435,208,436,-1,436,208,210,-1,436,210,417,-1,417,210,212,-1,417,212,415,-1,415,212,379,-1,415,379,460,-1,460,379,397,-1,453,171,448,-1,448,171,185,-1,448,185,449,-1,449,185,187,-1,449,187,191,-1,191,187,13,-1,191,13,192,-1,192,13,15,-1,6,7,9,-1,9,7,461,-1,9,461,462,-1,463,80,464,-1,464,80,72,-1,464,72,465,-1,465,72,63,-1,465,63,466,-1,466,63,65,-1,466,65,467,-1,463,468,469,-1,468,470,469,-1,469,470,471,-1,469,471,465,-1,465,471,472,-1,465,472,464,-1,473,474,475,-1,475,474,471,-1,475,471,476,-1,476,471,470,-1,476,470,477,-1,477,470,478,-1,184,180,174,-1,174,180,169,-1,174,169,172,-1,172,169,171,-1,172,171,479,-1,480,481,462,-1,462,481,482,-1,483,484,485,-1,485,484,486,-1,485,486,462,-1,462,486,487,-1,462,487,480,-1,482,488,462,-1,462,488,489,-1,462,489,490,-1,8,9,453,-1,453,9,462,-1,453,462,171,-1,171,462,490,-1,171,490,479,-1,479,491,172,-1,172,491,492,-1,172,492,485,-1,485,492,493,-1,485,493,494,-1,494,495,485,-1,485,495,496,-1,485,496,483,-1,497,498,462,-1,499,500,501,-1,462,498,485,-1,485,498,502,-1,485,502,503,-1,353,355,360,-1,360,355,469,-1,360,469,365,-1,365,469,465,-1,365,465,391,-1,391,465,466,-1,391,466,418,-1,418,466,467,-1,418,467,459,-1,485,270,172,-1,172,270,275,-1,172,275,15,-1,15,275,281,-1,15,281,192,-1,192,281,305,-1,192,305,229,-1,229,305,304,-1,229,304,218,-1,218,304,303,-1,218,303,199,-1,199,303,371,-1,199,371,368,-1,368,371,373,-1,463,469,80,-1,80,469,355,-1,80,355,19,-1,19,355,504,-1,19,504,18,-1,504,505,18,-1,18,505,0,-1,18,0,350,-1,350,0,2,-1,350,2,355,-1,355,2,506,-1,355,506,504,-1,507,508,283,-1,283,508,509,-1,283,509,281,-1,281,509,510,-1,281,510,511,-1,511,512,281,-1,281,512,513,-1,281,513,514,-1,286,515,283,-1,283,515,516,-1,283,516,517,-1,514,518,281,-1,281,518,519,-1,281,519,305,-1,305,519,520,-1,305,520,286,-1,286,520,521,-1,286,521,515,-1,517,522,283,-1,283,522,523,-1,283,523,507,-1,501,497,499,-1,499,497,462,-1,499,462,524,-1,524,462,461,-1,524,461,503,-1,503,461,525,-1,503,525,485,-1,485,525,526,-1,485,526,270,-1,270,526,527,-1,270,527,277,-1,3,5,7,-1,7,5,528,-1,7,528,461,-1,461,528,529,-1,461,529,525,-1,525,529,530,-1,525,530,526,-1,526,530,531,-1,526,531,527,-1,349,342,344,-1,344,342,343,-1,344,343,350,-1,350,343,532,-1,350,532,18,-1,18,532,30,-1,18,30,20,-1,20,30,31,-1,531,533,527,-1,527,533,534,-1,527,534,277,-1,277,534,535,-1,277,535,278,-1,278,535,536,-1,278,536,283,-1,283,536,537,-1,283,537,286,-1,286,537,538,-1,286,538,287,-1,287,538,539,-1,287,539,309,-1,309,539,540,-1,309,540,337,-1,337,540,341,-1,337,341,335,-1,335,341,340,-1,541,542,543,-1,543,542,544,-1,545,546,547,-1,547,546,548,-1,547,548,549,-1,550,551,552,-1,553,554,550,-1,550,554,555,-1,550,555,551,-1,556,557,553,-1,553,557,558,-1,553,558,554,-1,554,558,547,-1,554,547,541,-1,541,547,549,-1,541,549,542,-1,542,549,559,-1,542,559,553,-1,553,559,560,-1,553,560,556,-1,561,562,563,-1,563,562,564,-1,565,566,543,-1,543,566,567,-1,543,567,555,-1,555,567,568,-1,555,568,551,-1,569,544,570,-1,570,544,550,-1,570,550,571,-1,571,550,552,-1,571,552,564,-1,564,552,572,-1,564,572,563,-1,573,574,543,-1,543,574,575,-1,543,575,576,-1,577,578,565,-1,565,578,579,-1,565,579,580,-1,581,582,583,-1,583,582,584,-1,583,584,585,-1,585,584,566,-1,566,584,586,-1,566,586,567,-1,580,587,565,-1,565,587,588,-1,565,588,569,-1,569,588,589,-1,569,589,590,-1,590,591,569,-1,569,591,592,-1,569,592,544,-1,544,592,593,-1,544,593,594,-1,576,595,543,-1,543,595,596,-1,543,596,565,-1,565,596,597,-1,565,597,577,-1,594,598,544,-1,544,598,599,-1,544,599,600,-1,600,601,544,-1,544,601,602,-1,544,602,543,-1,543,602,603,-1,543,603,604,-1,604,605,543,-1,543,605,606,-1,543,606,573,-1,607,608,609,-1,609,608,610,-1,609,610,611,-1,611,610,612,-1,611,612,613,-1,613,612,614,-1,615,616,617,-1,617,616,618,-1,617,618,619,-1,619,618,620,-1,619,620,621,-1,621,620,622,-1,623,624,625,-1,625,624,626,-1,553,550,627,-1,627,550,628,-1,629,553,630,-1,630,553,627,-1,630,627,631,-1,631,627,632,-1,553,629,542,-1,542,629,633,-1,634,635,544,-1,542,633,636,-1,637,638,636,-1,636,638,634,-1,636,634,542,-1,542,634,544,-1,544,635,550,-1,550,635,628,-1,
        ]
    }
}
Shape{
    appearance Appearance {
        material  Material 	{
            diffuseColor 1.0 1.0 0.5019607843137255
            specularColor 0.5019607843137255 0.5019607843137255 0.25098039215686274
            ambientIntensity 0.2
            transparency 0
            shininess 0.5
        }
    }
    geometry IndexedFaceSet {
        ccw TRUE
        solid FALSE
        coord DEF co Coordinate {
            point [
                0.1517 0.9493 0.5705, 0.1517 0.7918 0.5705, 0.1517 0.9493 0.5709, 0.1517 0.7918 0.5709, 0.1266 0.7918 0.5705, 0.1266 0.7918 0.5709, 0.0494 0.914 0.5705, 0.0494 0.914 0.5709, 0.0442 0.9243 0.5705, 0.0442 0.9243 0.5709, 0.0465 0.9191 0.5709, 0.0465 0.9191 0.5705, 0.0435 0.9243 0.5705, 0.0435 0.9243 0.5709, 0.0442 0.9023 0.5705, 0.0442 0.9023 0.5709, 0.0441 0.9133 0.5709, 0.0441 0.9133 0.5705, 0.0442 0.7918 0.5705, 0.0442 0.7918 0.5709, 0.023 0.7918 0.5705, 0.023 0.7918 0.5709, 0.023 0.9493 0.5705, 0.023 0.9493 0.5709, 0.0499 0.9493 0.5705, 0.0499 0.9493 0.5709, 0.1248 0.8295 0.5705, 0.1248 0.8295 0.5709, 0.1312 0.8187 0.5705, 0.1312 0.8187 0.5709, 0.1281 0.8242 0.5709, 0.1281 0.8242 0.5705, 0.1316 0.8187 0.5705, 0.1316 0.8187 0.5709, 0.1306 0.8415 0.5705, 0.1306 0.8415 0.5709, 0.1308 0.8301 0.5709, 0.1308 0.8301 0.5705, 0.1306 0.9493 0.5705, 0.1306 0.9493 0.5709, -0.1575 0.8687 0.5705, -0.1575 0.8687 0.5709, -0.1556 0.8486 0.5709, -0.1556 0.8486 0.5705, -0.1503 0.8316 0.5709, -0.1503 0.8316 0.5705, -0.1416 0.8169 0.5709, -0.1416 0.8169 0.5705, -0.1303 0.8052 0.5709, -0.1303 0.8052 0.5705, -0.1174 0.797 0.5709, -0.1174 0.797 0.5705, -0.1026 0.7919 0.5709, -0.1026 0.7919 0.5705, -0.0833 0.7899 0.5709, -0.0833 0.7899 0.5705, -0.0808 0.9512 0.5705, -0.0808 0.9512 0.5709, -0.0979 0.9497 0.5709, -0.0979 0.9497 0.5705, -0.1138 0.9451 0.5709, -0.1138 0.9451 0.5705, -0.1283 0.9366 0.5709, -0.1283 0.9366 0.5705, -0.1406 0.9244 0.5709, -0.1406 0.9244 0.5705, -0.1495 0.9096 0.5709, -0.1495 0.9096 0.5705, -0.1553 0.8914 0.5709, -0.1553 0.8914 0.5705, -0.0077 0.8724 0.5705, -0.0077 0.8724 0.5709, -0.0088 0.8882 0.5709, -0.0088 0.8882 0.5705, -0.0133 0.9057 0.5709, -0.0133 0.9057 0.5705, -0.0215 0.9215 0.5709, -0.0215 0.9215 0.5705, -0.0332 0.9346 0.5709, -0.0332 0.9346 0.5705, -0.0469 0.9438 0.5709, -0.0469 0.9438 0.5705, -0.0617 0.9491 0.5709, -0.0617 0.9491 0.5705, -0.0644 0.7918 0.5709, -0.0644 0.7918 0.5705, -0.0492 0.7968 0.5709, -0.0492 0.7968 0.5705, -0.0362 0.8048 0.5709, -0.0362 0.8048 0.5705, -0.0242 0.8169 0.5709, -0.0242 0.8169 0.5705, -0.0155 0.8316 0.5709, -0.0155 0.8316 0.5705, -0.0098 0.8496 0.5709, -0.0098 0.8496 0.5705, -0.1364 0.8704 0.5705, -0.1347 0.8523 0.5705, -0.1302 0.8379 0.5705, -0.1235 0.8267 0.5705, -0.1149 0.8178 0.5705, -0.1057 0.8119 0.5705, -0.0948 0.8083 0.5705, -0.0833 0.8072 0.5705, -0.0691 0.8086 0.5705, -0.0582 0.8124 0.5705, -0.049 0.8182 0.5705, -0.0417 0.8257 0.5705, -0.0355 0.8357 0.5705, -0.0306 0.8506 0.5705, -0.0288 0.8701 0.5705, -0.0304 0.8887 0.5705, -0.0344 0.9029 0.5705, -0.041 0.9147 0.5705, -0.0487 0.9229 0.5705, -0.0574 0.9287 0.5705, -0.0678 0.9324 0.5705, -0.0819 0.9339 0.5705, -0.096 0.9322 0.5705, -0.1066 0.9282 0.5705, -0.116 0.9217 0.5705, -0.1251 0.9114 0.5705, -0.1315 0.8991 0.5705, -0.1357 0.8816 0.5705, -0.1364 0.8704 0.5709, -0.1357 0.8816 0.5709, -0.1315 0.8991 0.5709, -0.1251 0.9114 0.5709, -0.116 0.9217 0.5709, -0.1066 0.9282 0.5709, -0.096 0.9322 0.5709, -0.0819 0.9339 0.5709, -0.0678 0.9324 0.5709, -0.0574 0.9287 0.5709, -0.0487 0.9229 0.5709, -0.041 0.9147 0.5709, -0.0344 0.9029 0.5709, -0.0304 0.8887 0.5709, -0.0288 0.8701 0.5709, -0.0306 0.8506 0.5709, -0.0355 0.8357 0.5709, -0.0417 0.8257 0.5709, -0.049 0.8182 0.5709, -0.0582 0.8124 0.5709, -0.0691 0.8086 0.5709, -0.0833 0.8072 0.5709, -0.0948 0.8083 0.5709, -0.1057 0.8119 0.5709, -0.1149 0.8178 0.5709, -0.1235 0.8267 0.5709, -0.1302 0.8379 0.5709, -0.1347 0.8523 0.5709, 0.0182 -0.9362 0.5705, -0.0058 -0.9362 0.5705, 0.0182 -0.9362 0.5709, -0.0058 -0.9362 0.5709, -0.0058 -0.769 0.5705, -0.0058 -0.769 0.5709, -0.0514 -0.7921 0.5705, -0.0514 -0.7921 0.5709, -0.0477 -0.7911 0.5709, -0.0477 -0.7911 0.5705, -0.024 -0.7812 0.5709, -0.024 -0.7812 0.5705, -0.0514 -0.7681 0.5705, -0.0514 -0.7681 0.5709, 0.0089 -0.7369 0.5705, 0.0089 -0.7369 0.5709, -0.0198 -0.7554 0.5709, -0.0198 -0.7554 0.5705, 0.0182 -0.7369 0.5705, 0.0182 -0.7369 0.5709, 0.0182 -0.7369 0.5709
            ]
        }
        coordIndex [
            0,1,2,-1,2,1,3,-1,1,4,3,-1,3,4,5,-1,4,6,5,-1,5,6,7,-1,8,9,10,-1,8,10,11,-1,11,10,7,-1,11,7,6,-1,8,12,9,-1,9,12,13,-1,14,15,16,-1,14,16,17,-1,17,16,13,-1,17,13,12,-1,14,18,15,-1,15,18,19,-1,18,20,19,-1,19,20,21,-1,20,22,21,-1,21,22,23,-1,22,24,23,-1,23,24,25,-1,24,26,25,-1,25,26,27,-1,28,29,30,-1,28,30,31,-1,31,30,27,-1,31,27,26,-1,28,32,29,-1,29,32,33,-1,34,35,36,-1,34,36,37,-1,37,36,33,-1,37,33,32,-1,34,38,35,-1,35,38,39,-1,38,0,39,-1,39,0,2,-1,0,38,1,-1,1,38,34,-1,20,18,22,-1,22,18,14,-1,14,17,22,-1,22,17,12,-1,22,12,24,-1,24,12,8,-1,34,37,1,-1,1,37,32,-1,1,32,4,-1,4,32,28,-1,28,31,4,-1,4,31,26,-1,4,26,6,-1,6,26,24,-1,6,24,11,-1,11,24,8,-1,40,41,42,-1,40,42,43,-1,43,42,44,-1,43,44,45,-1,45,44,46,-1,45,46,47,-1,47,46,48,-1,47,48,49,-1,49,48,50,-1,49,50,51,-1,51,50,52,-1,51,52,53,-1,53,52,54,-1,53,54,55,-1,56,57,58,-1,56,58,59,-1,59,58,60,-1,59,60,61,-1,61,60,62,-1,61,62,63,-1,63,62,64,-1,63,64,65,-1,65,64,66,-1,65,66,67,-1,67,66,68,-1,67,68,69,-1,69,68,41,-1,69,41,40,-1,70,71,72,-1,70,72,73,-1,73,72,74,-1,73,74,75,-1,75,74,76,-1,75,76,77,-1,77,76,78,-1,77,78,79,-1,79,78,80,-1,79,80,81,-1,81,80,82,-1,81,82,83,-1,83,82,57,-1,83,57,56,-1,55,54,84,-1,55,84,85,-1,85,84,86,-1,85,86,87,-1,87,86,88,-1,87,88,89,-1,89,88,90,-1,89,90,91,-1,91,90,92,-1,91,92,93,-1,93,92,94,-1,93,94,95,-1,95,94,71,-1,95,71,70,-1,96,40,97,-1,97,40,43,-1,97,43,98,-1,98,43,45,-1,98,45,99,-1,99,45,47,-1,99,47,100,-1,100,47,49,-1,100,49,101,-1,101,49,51,-1,101,51,102,-1,102,51,53,-1,102,53,103,-1,103,53,55,-1,103,55,104,-1,104,55,85,-1,104,85,105,-1,105,85,87,-1,105,87,106,-1,106,87,89,-1,106,89,107,-1,107,89,91,-1,107,91,108,-1,108,91,93,-1,108,93,109,-1,109,93,95,-1,109,95,110,-1,110,95,70,-1,110,70,111,-1,111,70,73,-1,111,73,112,-1,112,73,75,-1,112,75,113,-1,113,75,77,-1,113,77,114,-1,114,77,79,-1,114,79,115,-1,115,79,81,-1,115,81,116,-1,116,81,83,-1,116,83,117,-1,117,83,56,-1,117,56,118,-1,118,56,59,-1,118,59,119,-1,119,59,61,-1,119,61,120,-1,120,61,63,-1,120,63,121,-1,121,63,65,-1,121,65,122,-1,122,65,67,-1,122,67,123,-1,123,67,69,-1,123,69,96,-1,96,69,40,-1,96,124,125,-1,96,125,123,-1,123,125,126,-1,123,126,122,-1,122,126,127,-1,122,127,121,-1,121,127,128,-1,121,128,120,-1,120,128,129,-1,120,129,119,-1,119,129,130,-1,119,130,118,-1,118,130,131,-1,118,131,117,-1,117,131,132,-1,117,132,116,-1,116,132,133,-1,116,133,115,-1,115,133,134,-1,115,134,114,-1,114,134,135,-1,114,135,113,-1,113,135,136,-1,113,136,112,-1,112,136,137,-1,112,137,111,-1,111,137,138,-1,111,138,110,-1,110,138,139,-1,110,139,109,-1,109,139,140,-1,109,140,108,-1,108,140,141,-1,108,141,107,-1,107,141,142,-1,107,142,106,-1,106,142,143,-1,106,143,105,-1,105,143,144,-1,105,144,104,-1,104,144,145,-1,104,145,103,-1,103,145,146,-1,103,146,102,-1,102,146,147,-1,102,147,101,-1,101,147,148,-1,101,148,100,-1,100,148,149,-1,100,149,99,-1,99,149,150,-1,99,150,98,-1,98,150,151,-1,98,151,97,-1,97,151,124,-1,97,124,96,-1,152,153,154,-1,154,153,155,-1,153,156,155,-1,155,156,157,-1,158,159,160,-1,158,160,161,-1,161,160,162,-1,161,162,163,-1,163,162,157,-1,163,157,156,-1,158,164,159,-1,159,164,165,-1,166,167,168,-1,166,168,169,-1,169,168,165,-1,169,165,164,-1,166,170,167,-1,167,170,171,-1,170,152,171,-1,171,152,154,-1,153,152,156,-1,156,152,170,-1,170,166,156,-1,156,166,169,-1,156,169,163,-1,163,169,164,-1,163,164,161,-1,161,164,158,-1,
        ]
    }
}
Shape{
    appearance Appearance {
        material  Material 	{
            diffuseColor 0.25098039215686274 0.25098039215686274 0.25098039215686274
            specularColor 0.12549019607843137 0.12549019607843137 0.12549019607843137
            ambientIntensity 0.2
            transparency 0
            shininess 0.5
        }
    }
    geometry IndexedFaceSet {
        ccw TRUE
        solid FALSE
        coord DEF co Coordinate {
            point [
                -0.1364 0.8704 0.5709, -0.0288 0.8701 0.5709, -0.1357 0.8816 0.5709, -0.0304 0.8887 0.5709, -0.049 0.8182 0.5709, -0.0417 0.8257 0.5709, -0.0582 0.8124 0.5709, -0.0355 0.8357 0.5709, -0.0306 0.8506 0.5709, -0.1066 0.9282 0.5709, -0.096 0.9322 0.5709, -0.0819 0.9339 0.5709, -0.1302 0.8379 0.5709, -0.1235 0.8267 0.5709, -0.0948 0.8083 0.5709, -0.1149 0.8178 0.5709, -0.1057 0.8119 0.5709, -0.1347 0.8523 0.5709, -0.0833 0.8072 0.5709, -0.0691 0.8086 0.5709, -0.116 0.9217 0.5709, -0.1251 0.9114 0.5709, -0.1315 0.8991 0.5709, -0.0344 0.9029 0.5709, -0.041 0.9147 0.5709, -0.0487 0.9229 0.5709, -0.0574 0.9287 0.5709, -0.0678 0.9324 0.5709, 0.1969 0.5315 0.4528, -0.1969 0.5315 0.4528, 0.1969 0.3269 0.4528, -0.1969 0.3269 0.4528, -0.1969 0.1905 0.374, 0.1969 0.1905 0.374, 0.1969 -0.1905 0.374, -0.1969 -0.1905 0.374, 0.1969 -0.3269 0.4528, -0.1969 -0.3269 0.4528, 0.1969 -0.5315 0.4528, -0.1969 -0.5315 0.4528, -0.5453 1.0531 0.0, -0.1969 1.0531 0.0, -0.1969 1.0503 -0.0271, -0.5123 1.02 -0.315, -0.166 1.0469 -0.0591, 0.5123 1.02 -0.315, 0.166 1.0469 -0.0591, 0.1969 1.0503 -0.0271, -0.5454 1.0531 0.0, 0.1969 1.0531 0.0, 0.5453 1.0531 0.0, 0.5454 1.0531 -0.0, 0.5123 -1.02 -0.315, 0.166 -1.0469 -0.0591, -0.5123 -1.02 -0.315, -0.166 -1.0469 -0.0591, -0.1969 -1.0503 -0.0271, 0.5453 -1.0531 0.0, 0.1969 -1.0531 0.0, 0.1969 -1.0503 -0.0271, -0.1969 -1.0531 0.0, -0.5453 -1.0531 0.0, -0.5454 -1.0531 -0.0, 0.5454 -1.0531 0.0, 0.5454 -1.0531 0.0
            ]
        }
        coordIndex [
            0,1,2,-1,2,1,3,-1,4,5,0,-1,4,0,6,-1,5,7,0,-1,0,7,8,-1,0,8,1,-1,9,2,10,-1,10,2,11,-1,12,13,14,-1,14,13,15,-1,14,15,16,-1,12,14,17,-1,17,14,18,-1,17,18,0,-1,0,18,19,-1,0,19,6,-1,9,20,2,-1,2,20,21,-1,2,21,22,-1,3,23,2,-1,2,23,24,-1,2,24,25,-1,25,26,2,-1,2,26,27,-1,2,27,11,-1,28,29,30,-1,30,29,31,-1,31,32,30,-1,30,32,33,-1,34,33,35,-1,35,33,32,-1,36,34,37,-1,37,34,35,-1,36,37,38,-1,38,37,39,-1,40,41,42,-1,43,44,45,-1,45,44,46,-1,45,46,47,-1,48,40,43,-1,43,40,42,-1,43,42,44,-1,47,49,45,-1,45,49,50,-1,45,50,51,-1,52,53,54,-1,54,53,55,-1,54,55,56,-1,57,58,59,-1,56,60,54,-1,54,60,61,-1,54,61,62,-1,63,57,52,-1,52,57,59,-1,52,59,53,-1,
        ]
    }
}
Shape{
    appearance Appearance {
        material  Material 	{
            diffuseColor 1.0 1.0 0.5019607843137255
            specularColor 0.5019607843137255 0.5019607843137255 0.25098039215686274
            ambientIntensity 0.2
            transparency 0
            shininess 0.5
        }
    }
    geometry IndexedFaceSet {
        ccw TRUE
        solid FALSE
        coord DEF co Coordinate {
            point [
                0.0787 -1.6732 -0.2559, 0.0787 -1.6732 -0.3543, 0.0787 -1.3621 -0.2559, 0.0787 -1.3126 -0.3543, 0.0787 -1.3035 -0.3533, 0.0787 -1.2303 -0.0753, 0.0787 -1.3273 -0.0582, 0.0787 -1.2738 -0.3218, 0.0787 -1.2764 -0.3306, 0.0787 -1.281 -0.3385, 0.0787 -1.2949 -0.3501, 0.0787 -1.2873 -0.3451, -0.0787 -1.6732 -0.3543, -0.0787 -1.6732 -0.2559, -0.0787 -1.3126 -0.3543, -0.0787 -1.3621 -0.2559, -0.0787 -1.3273 -0.0582, -0.0787 -1.2303 -0.0753, -0.0787 -1.2738 -0.3218, -0.0787 -1.2873 -0.3451, -0.0787 -1.2949 -0.3501, -0.0787 -1.3035 -0.3533, -0.0787 -1.2764 -0.3306, -0.0787 -1.281 -0.3385, -0.0787 -1.281 -0.3385
            ]
        }
        coordIndex [
            0,1,2,-1,2,1,3,-1,2,3,4,-1,5,6,7,-1,7,6,2,-1,7,2,8,-1,8,2,9,-1,4,10,2,-1,2,10,11,-1,2,11,9,-1,12,13,14,-1,14,13,15,-1,16,17,15,-1,15,17,18,-1,19,20,15,-1,15,20,21,-1,15,21,14,-1,18,22,15,-1,15,22,23,-1,15,23,19,-1,
        ]
    }
}
Shape{
    appearance Appearance {
        material  Material 	{
            diffuseColor 0.25098039215686274 0.25098039215686274 0.25098039215686274
            specularColor 0.12549019607843137 0.12549019607843137 0.12549019607843137
            ambientIntensity 0.2
            transparency 0
            shininess 0.5
        }
    }
    geometry IndexedFaceSet {
        ccw TRUE
        solid FALSE
        coord DEF co Coordinate {
            point [
                -0.5319 -1.0005 -0.315, -0.565 -1.0336 -0.0, -0.565 -1.0335 0.0, -0.5319 1.0005 -0.315, -0.565 1.0335 0.0, -0.565 1.0336 -0.0, 0.565 0.3871 0.0, 0.5319 -1.0005 -0.315, 0.565 1.0335 0.0, 0.5319 1.0005 -0.315, 0.565 1.0336 -0.0, 0.565 -0.3211 0.0, 0.565 -0.3836 0.0, 0.565 -0.4047 0.0, 0.565 -0.4671 0.0, 0.565 -0.4827 0.0, 0.565 -0.5132 0.0, 0.565 -0.5255 0.0, 0.565 -0.5697 0.0, 0.565 -0.5737 0.0, 0.565 -0.6379 0.0, 0.565 -1.0335 0.0, 0.565 -1.0336 -0.0, -0.5123 1.02 -0.315, 0.5123 1.02 -0.315, 0.5312 1.0055 -0.315, 0.5292 1.0103 -0.315, 0.5304 1.008 -0.315, 0.5198 1.0186 -0.315, 0.5123 -1.02 -0.315, -0.5123 -1.02 -0.315, -0.5312 -1.0055 -0.315, -0.5292 -1.0103 -0.315, -0.5304 -1.008 -0.315, -0.5198 -1.0186 -0.315, -0.5312 1.0055 -0.315, -0.5198 1.0186 -0.315, -0.5174 1.0194 -0.315, 0.5312 -1.0055 -0.315, 0.5198 -1.0186 -0.315, 0.5174 -1.0194 -0.315, 0.5174 1.0194 -0.315, -0.5174 -1.0194 -0.315, -0.5304 1.008 -0.315, -0.5292 1.0103 -0.315, -0.5221 1.0174 -0.315, -0.5278 1.0124 -0.315, -0.5242 1.016 -0.315, -0.5261 1.0143 -0.315, 0.5304 -1.008 -0.315, 0.5292 -1.0103 -0.315, 0.5221 -1.0174 -0.315, 0.5278 -1.0124 -0.315, 0.5242 -1.016 -0.315, 0.5261 -1.0143 -0.315, 0.5221 1.0174 -0.315, 0.5242 1.016 -0.315, 0.5278 1.0124 -0.315, 0.5261 1.0143 -0.315, -0.5221 -1.0174 -0.315, -0.5242 -1.016 -0.315, -0.5278 -1.0124 -0.315, -0.5261 -1.0143 -0.315, -0.5261 -1.0143 -0.315
            ]
        }
        coordIndex [
            0,1,2,-1,0,2,3,-1,3,2,4,-1,3,4,5,-1,6,7,8,-1,8,7,9,-1,8,9,10,-1,6,11,7,-1,7,11,12,-1,7,12,13,-1,13,14,7,-1,7,14,15,-1,7,15,16,-1,16,17,7,-1,7,17,18,-1,7,18,19,-1,19,20,7,-1,7,20,21,-1,7,21,22,-1,3,9,0,-1,0,9,7,-1,3,23,9,-1,9,23,24,-1,9,24,25,-1,26,27,28,-1,7,29,0,-1,0,29,30,-1,0,30,31,-1,32,33,34,-1,35,36,3,-1,3,36,37,-1,3,37,23,-1,38,39,7,-1,7,39,40,-1,7,40,29,-1,25,24,27,-1,27,24,41,-1,27,41,28,-1,31,30,33,-1,33,30,42,-1,33,42,34,-1,35,43,36,-1,36,43,44,-1,36,44,45,-1,45,44,46,-1,45,46,47,-1,47,46,48,-1,38,49,39,-1,39,49,50,-1,39,50,51,-1,51,50,52,-1,51,52,53,-1,53,52,54,-1,28,55,26,-1,26,55,56,-1,26,56,57,-1,57,56,58,-1,34,59,32,-1,32,59,60,-1,32,60,61,-1,61,60,62,-1,
        ]
    }
}
Shape{
    appearance Appearance {
        material  Material 	{
            diffuseColor 1.0 1.0 0.5019607843137255
            specularColor 0.5019607843137255 0.5019607843137255 0.25098039215686274
            ambientIntensity 0.2
            transparency 0
            shininess 0.5
        }
    }
    geometry IndexedFaceSet {
        ccw TRUE
        solid FALSE
        coord DEF co Coordinate {
            point [
                0.1969 -1.0531 0.0394, -0.1969 -1.0531 0.0394, 0.1969 -1.2109 0.0394, -0.1969 -1.2109 0.0394, -0.166 -1.0469 -0.0591, 0.166 -1.0469 -0.0591, -0.1375 -1.2109 -0.0591, 0.1375 -1.2109 -0.0591, 0.0787 -1.6732 -0.2559, 0.0787 -1.3621 -0.2559, -0.0787 -1.6732 -0.2559, -0.0787 -1.3621 -0.2559, 0.0787 -1.6732 -0.3543, -0.0787 -1.6732 -0.3543, 0.0787 -1.3126 -0.3543, -0.0787 -1.3126 -0.3543, -0.0787 -1.3035 -0.3533, 0.0787 -1.3035 -0.3533, -0.0787 -1.2949 -0.3501, 0.0787 -1.2949 -0.3501, -0.0787 -1.2873 -0.3451, 0.0787 -1.2873 -0.3451, -0.0787 -1.281 -0.3385, 0.0787 -1.281 -0.3385, -0.0787 -1.2764 -0.3306, 0.0787 -1.2764 -0.3306, -0.0787 -1.2738 -0.3218, 0.0787 -1.2738 -0.3218, 0.0787 -1.2303 -0.0753, -0.0787 -1.2303 -0.0753, 0.1181 -1.2303 -0.0753, 0.1226 -1.229 -0.0709, 0.137 -1.2132 -0.0592, -0.137 -1.2132 -0.0592, 0.1362 -1.2155 -0.0596, -0.1362 -1.2155 -0.0596, 0.1352 -1.2177 -0.0602, -0.1352 -1.2177 -0.0602, 0.1339 -1.2198 -0.0611, -0.1339 -1.2198 -0.0611, 0.1308 -1.2236 -0.0637, -0.1308 -1.2236 -0.0637, 0.1269 -1.2267 -0.067, -0.1269 -1.2267 -0.067, -0.1226 -1.229 -0.0709, -0.1181 -1.2303 -0.0753, 0.0787 -1.3273 -0.0582, 0.1181 -1.3273 -0.0582, 0.1453 -1.3194 -0.032, -0.1453 -1.3194 -0.032, -0.1181 -1.3273 -0.0582, -0.0787 -1.3273 -0.0582, -0.1969 -1.284 0.0141, -0.1938 -1.2866 0.0114, 0.1938 -1.2866 0.0114, -0.1711 -1.3057 -0.0082, 0.1711 -1.3057 -0.0082, 0.1969 -1.284 0.0141, 0.1969 -1.264 0.0268, -0.1969 -1.264 0.0268, 0.1969 -1.2382 0.0362, -0.1969 -1.2382 0.0362, -0.1969 -1.0503 -0.0271, -0.1969 -1.0531 0.0, 0.1969 -1.0503 -0.0271, 0.1969 -1.0531 0.0, 0.1969 1.2109 0.0394, -0.1969 1.2109 0.0394, 0.1969 1.0531 0.0394, -0.1969 1.0531 0.0394, -0.1375 1.2109 -0.0591, 0.1375 1.2109 -0.0591, -0.166 1.0469 -0.0591, 0.166 1.0469 -0.0591, 0.0787 1.6732 -0.3543, 0.0787 1.6732 -0.2559, 0.0787 1.3126 -0.3543, 0.0787 1.3621 -0.2559, 0.0787 1.3273 -0.0582, 0.0787 1.2303 -0.0753, 0.0787 1.2738 -0.3218, 0.0787 1.2873 -0.3451, 0.0787 1.2949 -0.3501, 0.0787 1.3035 -0.3533, 0.0787 1.2764 -0.3306, 0.0787 1.281 -0.3385, -0.0787 1.6732 -0.2559, -0.0787 1.6732 -0.3543, -0.0787 1.3621 -0.2559, -0.0787 1.3126 -0.3543, -0.0787 1.3035 -0.3533, -0.0787 1.2303 -0.0753, -0.0787 1.3273 -0.0582, -0.0787 1.2738 -0.3218, -0.0787 1.2764 -0.3306, -0.0787 1.281 -0.3385, -0.0787 1.2949 -0.3501, -0.0787 1.2873 -0.3451, -0.1181 1.3273 -0.0582, -0.1453 1.3194 -0.032, 0.1453 1.3194 -0.032, 0.1181 1.3273 -0.0582, 0.1969 1.284 0.0141, 0.1938 1.2866 0.0114, -0.1938 1.2866 0.0114, 0.1711 1.3057 -0.0082, -0.1711 1.3057 -0.0082, -0.1969 1.284 0.0141, -0.1969 1.264 0.0268, 0.1969 1.264 0.0268, -0.1969 1.2382 0.0362, 0.1969 1.2382 0.0362, 0.1181 1.2303 -0.0753, 0.1226 1.229 -0.0709, 0.137 1.2132 -0.0592, -0.137 1.2132 -0.0592, 0.1362 1.2155 -0.0596, -0.1226 1.229 -0.0709, -0.1181 1.2303 -0.0753, -0.1362 1.2155 -0.0596, -0.1352 1.2177 -0.0602, 0.1352 1.2177 -0.0602, -0.1339 1.2198 -0.0611, 0.1339 1.2198 -0.0611, -0.1308 1.2236 -0.0637, 0.1308 1.2236 -0.0637, -0.1269 1.2267 -0.067, 0.1269 1.2267 -0.067, -0.1969 1.0503 -0.0271, -0.1969 1.0531 0.0, 0.1969 1.0503 -0.0271, 0.1969 1.0531 0.0, 0.1969 1.0531 0.0
            ]
        }
        coordIndex [
            0,1,2,-1,2,1,3,-1,4,5,6,-1,6,5,7,-1,8,9,10,-1,10,9,11,-1,12,8,13,-1,13,8,10,-1,14,12,15,-1,15,12,13,-1,14,15,16,-1,14,16,17,-1,17,16,18,-1,17,18,19,-1,19,18,20,-1,19,20,21,-1,21,20,22,-1,21,22,23,-1,23,22,24,-1,23,24,25,-1,25,24,26,-1,25,26,27,-1,28,27,29,-1,29,27,26,-1,30,28,31,-1,31,28,29,-1,6,7,32,-1,6,32,33,-1,33,32,34,-1,33,34,35,-1,35,34,36,-1,35,36,37,-1,37,36,38,-1,37,38,39,-1,39,38,40,-1,39,40,41,-1,41,40,42,-1,41,42,43,-1,43,42,31,-1,43,31,44,-1,44,31,29,-1,44,29,45,-1,46,47,48,-1,49,50,51,-1,52,53,54,-1,54,53,55,-1,54,55,56,-1,56,55,49,-1,56,49,48,-1,48,49,51,-1,48,51,46,-1,54,57,52,-1,52,57,58,-1,52,58,59,-1,59,58,60,-1,59,60,61,-1,61,60,2,-1,61,2,3,-1,9,46,11,-1,11,46,51,-1,45,29,50,-1,50,29,51,-1,62,52,63,-1,63,52,59,-1,59,61,63,-1,63,61,3,-1,63,3,1,-1,47,46,30,-1,30,46,28,-1,57,64,65,-1,65,0,2,-1,2,60,65,-1,65,60,58,-1,65,58,57,-1,45,50,44,-1,44,50,49,-1,62,4,52,-1,52,4,6,-1,52,6,33,-1,33,35,52,-1,52,35,37,-1,52,37,53,-1,53,37,39,-1,53,39,55,-1,55,39,41,-1,55,41,49,-1,49,41,43,-1,49,43,44,-1,48,47,30,-1,5,64,7,-1,7,64,57,-1,7,57,32,-1,32,57,34,-1,30,31,48,-1,48,31,42,-1,48,42,56,-1,56,42,40,-1,56,40,54,-1,54,40,38,-1,54,38,57,-1,57,38,36,-1,57,36,34,-1,66,67,68,-1,68,67,69,-1,70,71,72,-1,72,71,73,-1,74,75,76,-1,76,75,77,-1,78,79,77,-1,77,79,80,-1,81,82,77,-1,77,82,83,-1,77,83,76,-1,80,84,77,-1,77,84,85,-1,77,85,81,-1,86,87,88,-1,88,87,89,-1,88,89,90,-1,91,92,93,-1,93,92,88,-1,93,88,94,-1,94,88,95,-1,90,96,88,-1,88,96,97,-1,88,97,95,-1,77,75,88,-1,88,75,86,-1,78,77,92,-1,92,77,88,-1,92,98,99,-1,100,101,78,-1,102,103,104,-1,104,103,105,-1,104,105,106,-1,106,105,100,-1,106,100,99,-1,99,100,78,-1,99,78,92,-1,104,107,102,-1,102,107,108,-1,102,108,109,-1,109,108,110,-1,109,110,111,-1,111,110,67,-1,111,67,66,-1,79,112,113,-1,71,70,114,-1,114,70,115,-1,114,115,116,-1,117,118,91,-1,115,119,116,-1,116,119,120,-1,116,120,121,-1,121,120,122,-1,121,122,123,-1,123,122,124,-1,123,124,125,-1,125,124,126,-1,125,126,127,-1,127,126,117,-1,127,117,113,-1,113,117,91,-1,113,91,79,-1,80,79,93,-1,93,79,91,-1,80,93,94,-1,80,94,84,-1,84,94,95,-1,84,95,85,-1,85,95,97,-1,85,97,81,-1,81,97,96,-1,81,96,82,-1,82,96,90,-1,82,90,83,-1,83,90,89,-1,83,89,76,-1,74,76,87,-1,87,76,89,-1,75,74,86,-1,86,74,87,-1,98,92,118,-1,118,92,91,-1,107,128,129,-1,129,69,67,-1,67,110,129,-1,129,110,108,-1,129,108,107,-1,112,79,101,-1,101,79,78,-1,130,102,131,-1,131,102,109,-1,109,111,131,-1,131,111,66,-1,131,66,68,-1,99,98,118,-1,72,128,70,-1,70,128,107,-1,70,107,115,-1,115,107,119,-1,118,117,99,-1,99,117,126,-1,99,126,106,-1,106,126,124,-1,106,124,104,-1,104,124,122,-1,104,122,107,-1,107,122,120,-1,107,120,119,-1,112,101,113,-1,113,101,100,-1,130,73,102,-1,102,73,71,-1,102,71,114,-1,114,116,102,-1,102,116,121,-1,102,121,103,-1,103,121,123,-1,103,123,105,-1,105,123,125,-1,105,125,100,-1,100,125,127,-1,100,127,113,-1,
        ]
    }
}
Shape{
    appearance Appearance {
        material  Material 	{
            diffuseColor 0.25098039215686274 0.25098039215686274 0.25098039215686274
            specularColor 0.12549019607843137 0.12549019607843137 0.12549019607843137
            ambientIntensity 0.2
            transparency 0
            shininess 0.5
        }
    }
    geometry IndexedFaceSet {
        ccw TRUE
        solid FALSE
        coord DEF co Coordinate {
            point [
                -0.5644 -1.0378 -0.0002, -0.565 -1.0336 -0.0, -0.5319 -1.0005 -0.315, -0.5643 -1.0386 -0.0002, -0.5312 -1.0055 -0.315, -0.5304 -1.008 -0.315, -0.5629 -1.042 -0.0003, -0.5623 -1.0433 -0.0004, -0.5292 -1.0103 -0.315, -0.5278 -1.0124 -0.315, -0.5605 -1.0456 -0.0004, -0.5261 -1.0143 -0.315, -0.5174 -1.0194 -0.315, -0.5123 -1.02 -0.315, -0.5454 -1.0531 -0.0, -0.5496 -1.0526 -0.0002, -0.5504 -1.0525 -0.0002, -0.5198 -1.0186 -0.315, -0.5538 -1.0511 -0.0003, -0.5221 -1.0174 -0.315, -0.5551 -1.0505 -0.0004, -0.5242 -1.016 -0.315, -0.5574 -1.0487 -0.0004, -0.5592 -1.0474 -0.0004, -0.5453 -1.0531 0.0, -0.5453 -1.0531 0.5512, -0.5454 -1.0531 0.0, -0.5497 -1.0527 0.5512, -0.5538 -1.0512 0.5512, -0.5575 -1.0489 0.5512, -0.5607 -1.0457 0.5512, -0.563 -1.042 0.5512, -0.5645 -1.0378 0.5512, -0.565 -1.0335 0.5512, -0.565 -1.0335 0.0, -0.565 -1.0336 -0.0, 0.5496 -1.0526 -0.0002, 0.5454 -1.0531 0.0, 0.5123 -1.02 -0.315, 0.5504 -1.0525 -0.0002, 0.5174 -1.0194 -0.315, 0.5198 -1.0186 -0.315, 0.5538 -1.0511 -0.0003, 0.5551 -1.0505 -0.0004, 0.5221 -1.0174 -0.315, 0.5242 -1.016 -0.315, 0.5574 -1.0487 -0.0004, 0.5261 -1.0143 -0.315, 0.5312 -1.0055 -0.315, 0.5319 -1.0005 -0.315, 0.565 -1.0336 -0.0, 0.5644 -1.0378 -0.0002, 0.5643 -1.0386 -0.0002, 0.5304 -1.008 -0.315, 0.5629 -1.042 -0.0003, 0.5292 -1.0103 -0.315, 0.5623 -1.0433 -0.0004, 0.5278 -1.0124 -0.315, 0.5605 -1.0456 -0.0004, 0.5592 -1.0474 -0.0004, -0.5514 -1.0412 0.5682, -0.5485 -1.0374 0.5702, -0.5493 -1.0366 0.5702, -0.5453 -1.0335 0.5709, -0.5502 -1.0346 0.5702, -0.5499 -1.0357 0.5702, -0.5504 -1.0335 0.5702, -0.5475 -1.0381 0.5702, -0.5495 -1.0423 0.5682, -0.5513 -1.046 0.5651, -0.5464 -1.0384 0.5702, -0.553 -1.0396 0.5682, -0.5541 -1.0377 0.5682, -0.5549 -1.0357 0.5682, -0.5551 -1.0335 0.5682, -0.5475 -1.0431 0.5682, -0.5484 -1.047 0.5651, -0.5491 -1.0501 0.561, -0.5453 -1.0386 0.5702, -0.554 -1.0443 0.5651, -0.5562 -1.0421 0.5651, -0.5578 -1.0395 0.5651, -0.5588 -1.0366 0.5651, -0.5592 -1.0335 0.5651, -0.5453 -1.0433 0.5682, -0.5453 -1.0474 0.5651, -0.5453 -1.0505 0.561, -0.5453 -1.0525 0.5563, -0.5527 -1.0488 0.561, -0.5559 -1.0468 0.561, -0.5586 -1.0441 0.561, -0.5606 -1.0409 0.561, -0.5619 -1.0373 0.561, -0.5623 -1.0335 0.561, -0.5495 -1.052 0.5563, -0.5535 -1.0506 0.5563, -0.5571 -1.0483 0.5563, -0.5601 -1.0453 0.5563, -0.5624 -1.0417 0.5563, -0.5638 -1.0377 0.5563, -0.5643 -1.0335 0.5563, -0.5504 1.0525 -0.0002, -0.5454 1.0531 0.0, -0.5123 1.02 -0.315, -0.5504 1.0525 -0.0002, -0.5174 1.0194 -0.315, -0.5198 1.0186 -0.315, -0.5551 1.0505 -0.0004, -0.5551 1.0505 -0.0004, -0.5221 1.0174 -0.315, -0.5242 1.016 -0.315, -0.5592 1.0474 -0.0004, -0.5261 1.0143 -0.315, -0.5623 1.0433 -0.0004, -0.5312 1.0055 -0.315, -0.5319 1.0005 -0.315, -0.565 1.0336 -0.0, -0.5278 1.0124 -0.315, -0.5292 1.0103 -0.315, -0.5623 1.0433 -0.0004, -0.5304 1.008 -0.315, -0.5643 1.0386 -0.0002, -0.5643 1.0386 -0.0002, 0.565 -1.0336 0.0, 0.565 -1.0335 0.0, 0.565 -1.0335 0.2642, 0.5644 -1.0378 0.5512, 0.565 -1.0335 0.2907, 0.565 -1.0335 0.377, 0.565 -1.0335 0.3965, 0.565 -1.0335 0.4644, 0.565 -1.0335 0.5512, 0.5496 -1.0526 0.5512, 0.5453 -1.0531 0.5512, 0.5453 -1.0531 0.0, 0.5454 -1.0531 -0.0, 0.5504 -1.0525 0.5512, 0.5538 -1.0511 0.5512, 0.5551 -1.0505 0.5512, 0.5574 -1.0487 0.5512, 0.5592 -1.0474 0.5512, 0.5605 -1.0456 0.5512, 0.5623 -1.0433 0.5512, 0.5629 -1.042 0.5512, 0.5643 -1.0386 0.5512, 0.5453 -1.0335 0.5709, 0.5453 -1.0386 0.5702, 0.5453 -1.0433 0.5682, 0.5453 -1.0474 0.5651, 0.5453 -1.0505 0.561, 0.5453 -1.0525 0.5563, -0.5453 1.0335 0.5709, -0.5504 1.0335 0.5702, -0.5551 1.0335 0.5682, -0.5592 1.0335 0.5651, -0.5623 1.0335 0.561, -0.5643 1.0335 0.5563, -0.565 1.0335 0.5512, -0.565 1.0335 0.0, -0.565 1.0336 0.0, -0.5643 1.0386 0.5512, -0.5623 1.0433 0.5512, -0.5592 1.0474 0.5512, -0.5551 1.0505 0.5512, -0.5504 1.0525 0.5512, -0.5453 1.0531 0.5512, -0.5453 1.0531 0.0, -0.5454 1.0531 -0.0, 0.5502 -1.0518 0.5563, 0.5548 -1.0499 0.5563, 0.5587 -1.0469 0.5563, 0.5617 -1.043 0.5563, 0.5496 -1.0335 0.5703, 0.5502 -1.0348 0.5702, 0.5548 -1.036 0.5682, 0.5538 -1.0335 0.5688, 0.5504 -1.0335 0.5702, 0.5587 -1.0371 0.5651, 0.5574 -1.0335 0.5664, 0.5551 -1.0335 0.5682, 0.5617 -1.0379 0.561, 0.5605 -1.0335 0.5634, 0.5592 -1.0335 0.5651, 0.5644 -1.0335 0.5556, 0.5643 -1.0335 0.5563, 0.5636 -1.0384 0.5563, 0.5629 -1.0335 0.5597, 0.5623 -1.0335 0.561, 0.56 -1.042 0.561, 0.5573 -1.0404 0.5651, 0.5538 -1.0384 0.5682, 0.5497 -1.036 0.5702, 0.5573 -1.0455 0.561, 0.5551 -1.0433 0.5651, 0.5522 -1.0404 0.5682, 0.5489 -1.0371 0.5702, 0.5538 -1.0482 0.561, 0.5522 -1.0455 0.5651, 0.5502 -1.042 0.5682, 0.5478 -1.0379 0.5702, 0.5497 -1.0499 0.561, 0.5489 -1.0469 0.5651, 0.5478 -1.043 0.5682, 0.5466 -1.0384 0.5702, -0.5636 1.0384 0.5563, -0.5538 1.0384 0.5682, -0.5497 1.036 0.5702, -0.5489 1.0371 0.5702, -0.5453 1.0386 0.5702, -0.5466 1.0384 0.5702, -0.5502 1.0348 0.5702, -0.5548 1.036 0.5682, -0.5587 1.0371 0.5651, -0.5522 1.0404 0.5682, -0.5478 1.0379 0.5702, -0.5502 1.042 0.5682, -0.5478 1.043 0.5682, -0.5453 1.0433 0.5682, -0.5573 1.0404 0.5651, -0.5551 1.0433 0.5651, -0.5522 1.0455 0.5651, -0.5489 1.0469 0.5651, -0.5453 1.0474 0.5651, -0.5617 1.0379 0.561, -0.56 1.042 0.561, -0.5573 1.0455 0.561, -0.5538 1.0482 0.561, -0.5497 1.0499 0.561, -0.5453 1.0505 0.561, -0.5617 1.043 0.5563, -0.5587 1.0469 0.5563, -0.5548 1.0499 0.5563, -0.5502 1.0518 0.5563, -0.5453 1.0525 0.5563, 0.5453 1.0335 0.5709, 0.5644 1.0335 0.5556, 0.5643 1.0335 0.5563, 0.5629 1.0335 0.5597, 0.5623 1.0335 0.561, 0.5605 1.0335 0.5634, 0.5592 1.0335 0.5651, 0.5574 1.0335 0.5664, 0.5551 1.0335 0.5682, 0.5538 1.0335 0.5688, 0.5504 1.0335 0.5702, 0.5496 1.0335 0.5703, 0.565 -0.6379 0.5512, 0.565 -0.5737 0.5512, 0.565 -0.5697 0.5512, 0.565 -0.5255 0.5512, 0.565 -0.5132 0.5512, 0.565 -0.4827 0.5512, 0.565 -0.4671 0.5512, 0.565 -0.4047 0.5512, 0.565 -0.3836 0.5512, 0.565 1.0335 0.5512, 0.565 0.3871 0.5512, 0.565 -0.3211 0.5512, 0.5453 1.0386 0.5702, 0.5453 1.0433 0.5682, 0.5453 1.0474 0.5651, 0.5453 1.0505 0.561, 0.5453 1.0525 0.5563, 0.5453 1.0531 0.5512, 0.5495 1.052 0.5563, 0.5588 1.0366 0.5651, 0.5495 1.0423 0.5682, 0.5475 1.0381 0.5702, 0.5485 1.0374 0.5702, 0.5499 1.0357 0.5702, 0.5493 1.0366 0.5702, 0.5502 1.0346 0.5702, 0.5464 1.0384 0.5702, 0.5475 1.0431 0.5682, 0.5484 1.047 0.5651, 0.5514 1.0412 0.5682, 0.553 1.0396 0.5682, 0.5541 1.0377 0.5682, 0.5549 1.0357 0.5682, 0.5513 1.046 0.5651, 0.554 1.0443 0.5651, 0.5562 1.0421 0.5651, 0.5578 1.0395 0.5651, 0.5491 1.0501 0.561, 0.5527 1.0488 0.561, 0.5559 1.0468 0.561, 0.5586 1.0441 0.561, 0.5606 1.0409 0.561, 0.5619 1.0373 0.561, 0.5535 1.0506 0.5563, 0.5571 1.0483 0.5563, 0.5601 1.0453 0.5563, 0.5624 1.0417 0.5563, 0.5638 1.0377 0.5563, 0.5497 1.0527 0.5512, 0.5538 1.0512 0.5512, 0.5575 1.0489 0.5512, 0.5607 1.0457 0.5512, 0.563 1.042 0.5512, 0.5645 1.0378 0.5512, 0.5453 1.0531 0.0, 0.5454 1.0531 0.0, 0.5504 1.0525 -0.0002, 0.5496 1.0526 -0.0002, 0.5551 1.0505 -0.0004, 0.5538 1.0511 -0.0003, 0.5592 1.0474 -0.0004, 0.5574 1.0487 -0.0004, 0.5623 1.0433 -0.0004, 0.5605 1.0456 -0.0004, 0.565 1.0336 0.0, 0.5644 1.0378 -0.0002, 0.5643 1.0386 -0.0002, 0.5629 1.042 -0.0003, 0.565 1.0335 0.4644, 0.565 1.0335 0.3965, 0.565 1.0335 0.377, 0.565 1.0335 0.2907, 0.565 1.0335 0.2642, 0.565 1.0335 0.0, 0.565 1.0336 -0.0, 0.5319 1.0005 -0.315, 0.5312 1.0055 -0.315, 0.5304 1.008 -0.315, 0.5292 1.0103 -0.315, 0.5278 1.0124 -0.315, 0.5261 1.0143 -0.315, 0.5242 1.016 -0.315, 0.5221 1.0174 -0.315, 0.5198 1.0186 -0.315, 0.5174 1.0194 -0.315, 0.5123 1.02 -0.315, 0.5454 1.0531 -0.0, 0.5454 1.0531 -0.0
            ]
        }
        coordIndex [
            0,1,2,-1,0,2,3,-1,2,4,3,-1,3,4,5,-1,3,5,6,-1,6,5,7,-1,5,8,7,-1,7,8,9,-1,7,9,10,-1,10,9,11,-1,12,13,14,-1,14,15,12,-1,12,15,16,-1,12,16,17,-1,17,16,18,-1,17,18,19,-1,19,18,20,-1,19,20,21,-1,21,20,22,-1,21,22,11,-1,11,22,23,-1,11,23,10,-1,24,25,26,-1,26,25,27,-1,26,27,15,-1,15,27,16,-1,16,27,28,-1,16,28,18,-1,18,28,20,-1,20,28,29,-1,20,29,22,-1,22,29,23,-1,23,29,30,-1,23,30,10,-1,10,30,7,-1,7,30,31,-1,7,31,6,-1,6,31,3,-1,3,31,32,-1,3,32,0,-1,33,34,32,-1,32,34,35,-1,32,35,0,-1,36,37,38,-1,36,38,39,-1,38,40,39,-1,39,40,41,-1,39,41,42,-1,42,41,43,-1,41,44,43,-1,43,44,45,-1,43,45,46,-1,46,45,47,-1,48,49,50,-1,50,51,48,-1,48,51,52,-1,48,52,53,-1,53,52,54,-1,53,54,55,-1,55,54,56,-1,55,56,57,-1,57,56,58,-1,57,58,47,-1,47,58,59,-1,47,59,46,-1,60,61,62,-1,63,64,65,-1,66,64,63,-1,62,61,63,-1,67,63,61,-1,67,61,68,-1,68,61,60,-1,68,60,69,-1,70,63,67,-1,71,65,72,-1,72,65,64,-1,72,64,73,-1,73,64,66,-1,73,66,74,-1,70,67,75,-1,75,67,68,-1,75,68,76,-1,76,68,69,-1,76,69,77,-1,78,63,70,-1,79,71,80,-1,80,71,72,-1,80,72,81,-1,81,72,73,-1,81,73,82,-1,82,73,74,-1,82,74,83,-1,78,70,84,-1,84,70,75,-1,84,75,85,-1,85,75,76,-1,85,76,86,-1,86,76,77,-1,86,77,87,-1,88,79,89,-1,89,79,80,-1,89,80,90,-1,90,80,81,-1,90,81,91,-1,91,81,82,-1,91,82,92,-1,92,82,83,-1,92,83,93,-1,94,88,95,-1,95,88,89,-1,95,89,96,-1,96,89,90,-1,96,90,97,-1,97,90,91,-1,97,91,98,-1,98,91,92,-1,98,92,99,-1,99,92,93,-1,99,93,100,-1,25,94,27,-1,27,94,95,-1,27,95,28,-1,28,95,96,-1,28,96,29,-1,29,96,97,-1,29,97,30,-1,30,97,98,-1,30,98,31,-1,31,98,99,-1,31,99,32,-1,32,99,100,-1,32,100,33,-1,25,87,94,-1,94,87,77,-1,94,77,88,-1,88,77,69,-1,88,69,79,-1,79,69,60,-1,79,60,71,-1,71,60,62,-1,71,62,65,-1,65,62,63,-1,101,102,103,-1,101,103,104,-1,103,105,104,-1,104,105,106,-1,104,106,107,-1,107,106,108,-1,106,109,108,-1,108,109,110,-1,108,110,111,-1,111,110,112,-1,111,112,113,-1,114,115,116,-1,112,117,113,-1,113,117,118,-1,113,118,119,-1,119,118,120,-1,119,120,121,-1,121,120,114,-1,121,114,122,-1,122,114,116,-1,123,124,125,-1,123,125,126,-1,126,125,127,-1,126,127,128,-1,128,129,126,-1,126,129,130,-1,126,130,131,-1,132,133,134,-1,134,135,132,-1,132,135,36,-1,132,36,136,-1,136,36,39,-1,136,39,137,-1,137,39,42,-1,137,42,138,-1,138,42,43,-1,138,43,139,-1,139,43,46,-1,139,46,140,-1,140,46,59,-1,140,59,141,-1,141,59,58,-1,141,58,142,-1,142,58,56,-1,142,56,143,-1,143,56,54,-1,143,54,144,-1,144,54,52,-1,144,52,126,-1,126,52,51,-1,126,51,123,-1,145,63,78,-1,145,78,146,-1,146,78,84,-1,146,84,147,-1,147,84,85,-1,147,85,148,-1,148,85,86,-1,148,86,149,-1,149,86,87,-1,149,87,150,-1,150,87,25,-1,150,25,133,-1,63,151,152,-1,63,152,66,-1,66,152,153,-1,66,153,74,-1,74,153,154,-1,74,154,83,-1,83,154,155,-1,83,155,93,-1,93,155,156,-1,93,156,100,-1,100,156,157,-1,100,157,33,-1,158,157,159,-1,159,157,160,-1,159,160,122,-1,122,160,121,-1,121,160,161,-1,121,161,119,-1,119,161,113,-1,113,161,162,-1,113,162,111,-1,111,162,108,-1,108,162,163,-1,108,163,107,-1,107,163,104,-1,104,163,164,-1,104,164,101,-1,165,166,164,-1,164,166,167,-1,164,167,101,-1,132,136,168,-1,137,138,169,-1,139,140,170,-1,141,142,171,-1,172,145,173,-1,174,175,173,-1,173,175,176,-1,173,176,172,-1,177,178,174,-1,174,178,179,-1,174,179,175,-1,180,181,177,-1,177,181,182,-1,177,182,178,-1,183,184,185,-1,185,184,186,-1,185,186,180,-1,180,186,187,-1,180,187,181,-1,131,183,126,-1,126,183,185,-1,126,185,144,-1,144,185,143,-1,142,143,171,-1,171,143,185,-1,171,185,188,-1,188,185,180,-1,188,180,189,-1,189,180,177,-1,189,177,190,-1,190,177,174,-1,190,174,191,-1,191,174,173,-1,191,173,145,-1,140,141,170,-1,170,141,171,-1,170,171,192,-1,192,171,188,-1,192,188,193,-1,193,188,189,-1,193,189,194,-1,194,189,190,-1,194,190,195,-1,195,190,191,-1,195,191,145,-1,138,139,169,-1,169,139,170,-1,169,170,196,-1,196,170,192,-1,196,192,197,-1,197,192,193,-1,197,193,198,-1,198,193,194,-1,198,194,199,-1,199,194,195,-1,199,195,145,-1,136,137,168,-1,168,137,169,-1,168,169,200,-1,200,169,196,-1,200,196,201,-1,201,196,197,-1,201,197,202,-1,202,197,198,-1,202,198,203,-1,203,198,199,-1,203,199,145,-1,133,132,150,-1,150,132,168,-1,150,168,149,-1,149,168,200,-1,149,200,148,-1,148,200,201,-1,148,201,147,-1,147,201,202,-1,147,202,146,-1,146,202,203,-1,146,203,145,-1,157,156,204,-1,205,206,207,-1,151,208,209,-1,207,206,151,-1,210,151,206,-1,210,206,211,-1,211,206,205,-1,211,205,212,-1,152,151,210,-1,213,214,215,-1,215,214,209,-1,215,209,216,-1,216,209,208,-1,216,208,217,-1,152,210,153,-1,153,210,211,-1,153,211,154,-1,154,211,212,-1,154,212,155,-1,218,213,219,-1,219,213,215,-1,219,215,220,-1,220,215,216,-1,220,216,221,-1,221,216,217,-1,221,217,222,-1,223,218,224,-1,224,218,219,-1,224,219,225,-1,225,219,220,-1,225,220,226,-1,226,220,221,-1,226,221,227,-1,227,221,222,-1,227,222,228,-1,156,223,204,-1,204,223,224,-1,204,224,229,-1,229,224,225,-1,229,225,230,-1,230,225,226,-1,230,226,231,-1,231,226,227,-1,231,227,232,-1,232,227,228,-1,232,228,233,-1,157,204,160,-1,160,204,229,-1,160,229,161,-1,161,229,230,-1,161,230,162,-1,162,230,231,-1,162,231,163,-1,163,231,232,-1,163,232,164,-1,164,232,233,-1,164,233,165,-1,214,151,209,-1,156,155,223,-1,223,155,212,-1,223,212,218,-1,218,212,205,-1,218,205,213,-1,213,205,207,-1,213,207,214,-1,214,207,151,-1,234,145,172,-1,183,235,184,-1,184,235,236,-1,184,236,186,-1,186,236,237,-1,186,237,187,-1,187,237,238,-1,187,238,181,-1,181,238,239,-1,181,239,182,-1,182,239,240,-1,182,240,178,-1,178,240,241,-1,178,241,179,-1,179,241,242,-1,179,242,175,-1,175,242,243,-1,175,243,176,-1,176,243,244,-1,176,244,172,-1,172,244,245,-1,172,245,234,-1,131,246,183,-1,183,246,247,-1,183,247,248,-1,248,249,183,-1,183,249,250,-1,183,250,251,-1,251,252,183,-1,183,252,253,-1,183,253,254,-1,255,235,256,-1,256,235,183,-1,256,183,257,-1,257,183,254,-1,151,234,258,-1,151,258,208,-1,208,258,259,-1,208,259,217,-1,217,259,260,-1,217,260,222,-1,222,260,261,-1,222,261,228,-1,228,261,262,-1,228,262,233,-1,233,262,263,-1,233,263,165,-1,263,262,264,-1,241,240,265,-1,266,267,268,-1,234,269,270,-1,271,269,234,-1,268,267,234,-1,272,234,267,-1,272,267,273,-1,273,267,266,-1,273,266,274,-1,258,234,272,-1,234,245,271,-1,271,245,244,-1,271,244,243,-1,275,270,276,-1,276,270,269,-1,276,269,277,-1,277,269,271,-1,277,271,278,-1,278,271,243,-1,278,243,242,-1,258,272,259,-1,259,272,273,-1,259,273,260,-1,260,273,274,-1,260,274,261,-1,279,275,280,-1,280,275,276,-1,280,276,281,-1,281,276,277,-1,281,277,282,-1,282,277,278,-1,282,278,265,-1,265,278,242,-1,265,242,241,-1,283,279,284,-1,284,279,280,-1,284,280,285,-1,285,280,281,-1,285,281,286,-1,286,281,282,-1,286,282,287,-1,287,282,265,-1,287,265,288,-1,288,265,240,-1,288,240,239,-1,262,283,264,-1,264,283,284,-1,264,284,289,-1,289,284,285,-1,289,285,290,-1,290,285,286,-1,290,286,291,-1,291,286,287,-1,291,287,292,-1,292,287,288,-1,292,288,293,-1,262,261,283,-1,283,261,274,-1,283,274,279,-1,279,274,266,-1,279,266,275,-1,275,266,268,-1,275,268,270,-1,270,268,234,-1,239,238,288,-1,288,238,237,-1,288,237,293,-1,293,237,236,-1,293,236,235,-1,263,264,294,-1,294,264,289,-1,294,289,295,-1,295,289,290,-1,295,290,296,-1,296,290,291,-1,296,291,297,-1,297,291,292,-1,297,292,298,-1,298,292,293,-1,298,293,299,-1,299,293,235,-1,299,235,255,-1,300,263,301,-1,301,263,294,-1,295,302,294,-1,294,302,303,-1,294,303,301,-1,296,304,295,-1,295,304,305,-1,295,305,302,-1,297,306,296,-1,296,306,307,-1,296,307,304,-1,298,308,297,-1,297,308,309,-1,297,309,306,-1,310,311,299,-1,299,311,312,-1,299,312,298,-1,298,312,313,-1,298,313,308,-1,299,255,314,-1,314,315,299,-1,299,315,316,-1,299,316,317,-1,317,318,299,-1,299,318,319,-1,299,319,310,-1,311,320,321,-1,311,321,312,-1,321,322,312,-1,312,322,323,-1,312,323,313,-1,313,323,308,-1,323,324,308,-1,308,324,325,-1,308,325,309,-1,309,325,326,-1,309,326,306,-1,306,326,307,-1,307,326,327,-1,307,327,304,-1,304,327,328,-1,304,328,305,-1,305,328,329,-1,305,329,302,-1,302,329,330,-1,302,330,303,-1,303,330,331,-1,303,331,332,-1,
        ]
    }
}
Shape{
    appearance Appearance {
        material  Material 	{
            diffuseColor 1.0 1.0 1.0
            specularColor 0.5019607843137255 0.5019607843137255 0.5019607843137255
            ambientIntensity 0.2
            transparency 0
            shininess 0.5
        }
    }
    geometry IndexedFaceSet {
        ccw TRUE
        solid FALSE
        coord DEF co Coordinate {
            point [
                0.5689 -0.5754 0.4047, 0.5689 -0.5754 0.3971, 0.565 -0.5754 0.4047, 0.565 -0.5754 0.3971, 0.5689 -0.6019 0.4047, 0.565 -0.6019 0.4047, 0.5689 -0.6019 0.4638, 0.565 -0.6019 0.4638, 0.5689 -0.6106 0.4638, 0.565 -0.6106 0.4638, 0.5689 -0.6106 0.3971, 0.565 -0.6106 0.3971, 0.565 -0.5227 0.3999, 0.5689 -0.5227 0.3999, 0.5689 -0.5238 0.3993, 0.5689 -0.5412 0.396, 0.565 -0.5412 0.396, 0.5689 -0.531 0.3969, 0.565 -0.5353 0.3965, 0.565 -0.531 0.3969, 0.565 -0.5255 0.3987, 0.565 -0.5238 0.3993, 0.5689 -0.5227 0.4081, 0.565 -0.5227 0.4081, 0.565 -0.5255 0.4068, 0.5689 -0.5292 0.4052, 0.565 -0.5292 0.4052, 0.565 -0.5368 0.4038, 0.5689 -0.5368 0.4038, 0.565 -0.5399 0.4036, 0.5689 -0.5399 0.4036, 0.565 -0.5466 0.4044, 0.5689 -0.5466 0.4044, 0.565 -0.5514 0.4063, 0.5689 -0.5514 0.4063, 0.565 -0.5557 0.4094, 0.5689 -0.5557 0.4094, 0.565 -0.5571 0.4107, 0.5689 -0.5571 0.4107, 0.565 -0.56 0.4146, 0.5689 -0.56 0.4146, 0.565 -0.5623 0.4199, 0.5689 -0.5623 0.4199, 0.565 -0.5635 0.4264, 0.5689 -0.5635 0.4264, 0.565 -0.5636 0.4297, 0.5689 -0.5636 0.4297, 0.565 -0.5625 0.4389, 0.5689 -0.5625 0.4389, 0.565 -0.5603 0.4447, 0.5689 -0.5603 0.4447, 0.565 -0.557 0.4493, 0.5689 -0.557 0.4493, 0.565 -0.5566 0.4498, 0.5689 -0.5566 0.4498, 0.565 -0.5527 0.4531, 0.5689 -0.5527 0.4531, 0.565 -0.5475 0.4557, 0.5689 -0.5475 0.4557, 0.565 -0.5418 0.457, 0.5689 -0.5418 0.457, 0.565 -0.5384 0.4572, 0.5689 -0.5384 0.4572, 0.565 -0.5227 0.4532, 0.5689 -0.5227 0.4532, 0.5689 -0.5234 0.4536, 0.565 -0.5302 0.4562, 0.5689 -0.5302 0.4562, 0.565 -0.5255 0.4544, 0.565 -0.5234 0.4536, 0.5689 -0.5227 0.4622, 0.565 -0.5227 0.4622, 0.565 -0.5255 0.463, 0.5689 -0.5298 0.4643, 0.565 -0.5385 0.4649, 0.5689 -0.5385 0.4649, 0.565 -0.5313 0.4644, 0.565 -0.5298 0.4643, 0.565 -0.5431 0.4644, 0.5689 -0.5482 0.4638, 0.565 -0.5482 0.4638, 0.565 -0.5551 0.4611, 0.5689 -0.5551 0.4611, 0.565 -0.5614 0.4567, 0.5689 -0.5614 0.4567, 0.565 -0.563 0.4551, 0.5689 -0.563 0.4551, 0.565 -0.5678 0.4488, 0.565 -0.5697 0.4446, 0.5689 -0.571 0.4414, 0.5689 -0.5678 0.4488, 0.565 -0.571 0.4414, 0.565 -0.5725 0.4327, 0.5689 -0.5725 0.4327, 0.565 -0.5726 0.4292, 0.5689 -0.5726 0.4292, 0.565 -0.5713 0.4183, 0.565 -0.5697 0.4141, 0.5689 -0.5686 0.4113, 0.5689 -0.5713 0.4183, 0.565 -0.5686 0.4113, 0.565 -0.5646 0.4057, 0.5689 -0.5646 0.4057, 0.565 -0.5641 0.4051, 0.5689 -0.5641 0.4051, 0.5689 -0.5452 0.3962, 0.565 -0.5587 0.4006, 0.5689 -0.5587 0.4006, 0.565 -0.5524 0.3976, 0.5689 -0.5524 0.3976, 0.565 -0.547 0.3965, 0.565 -0.5452 0.3962, 0.5689 -0.4734 0.4047, 0.5689 -0.4734 0.3971, 0.565 -0.4734 0.4047, 0.565 -0.4734 0.3971, 0.565 -0.5007 0.4047, 0.5689 -0.5007 0.4047, 0.565 -0.4827 0.4047, 0.5689 -0.5007 0.4271, 0.565 -0.5007 0.4271, 0.5689 -0.4769 0.4271, 0.565 -0.4827 0.4271, 0.565 -0.4769 0.4271, 0.5689 -0.4769 0.4348, 0.565 -0.4769 0.4348, 0.565 -0.5007 0.4348, 0.5689 -0.5007 0.4348, 0.565 -0.4827 0.4348, 0.5689 -0.5007 0.4561, 0.565 -0.5007 0.4561, 0.5689 -0.475 0.4561, 0.565 -0.4827 0.4561, 0.565 -0.475 0.4561, 0.5689 -0.475 0.4638, 0.565 -0.475 0.4638, 0.565 -0.5093 0.4638, 0.5689 -0.5093 0.4638, 0.565 -0.4827 0.4638, 0.5689 -0.5093 0.3971, 0.565 -0.5093 0.3971, 0.565 -0.4827 0.3971, 0.5689 -0.4166 0.4064, 0.5689 -0.4235 0.4109, 0.5689 -0.4235 0.4015, 0.5689 -0.4278 0.408, 0.5689 -0.4311 0.3985, 0.5689 -0.4333 0.4058, 0.5689 -0.4425 0.3971, 0.5689 -0.4425 0.4047, 0.5689 -0.4608 0.3971, 0.5689 -0.4522 0.4047, 0.5689 -0.4608 0.4638, 0.5689 -0.4522 0.4561, 0.5689 -0.4418 0.4638, 0.5689 -0.4421 0.4561, 0.5689 -0.4397 0.4561, 0.5689 -0.4316 0.4627, 0.5689 -0.4327 0.455, 0.5689 -0.4236 0.4597, 0.5689 -0.427 0.4527, 0.5689 -0.4166 0.455, 0.5689 -0.4229 0.4499, 0.5689 -0.4142 0.4527, 0.5689 -0.421 0.448, 0.5689 -0.4101 0.4469, 0.5689 -0.4184 0.4443, 0.5689 -0.4076 0.4405, 0.5689 -0.4166 0.4394, 0.5689 -0.4065 0.4313, 0.5689 -0.4156 0.4311, 0.5689 -0.4067 0.4271, 0.5689 -0.4159 0.4262, 0.5689 -0.4083 0.4192, 0.5689 -0.4173 0.4202, 0.5689 -0.4116 0.4123, 0.5689 -0.4196 0.4154, 0.5689 -0.4227 0.4117, 0.565 -0.4425 0.3971, 0.565 -0.4608 0.3971, 0.565 -0.4311 0.3985, 0.565 -0.4235 0.4015, 0.565 -0.4166 0.4064, 0.565 -0.4116 0.4123, 0.565 -0.4083 0.4192, 0.565 -0.4067 0.4271, 0.565 -0.4065 0.4313, 0.565 -0.4076 0.4405, 0.565 -0.4101 0.4469, 0.565 -0.4142 0.4527, 0.565 -0.4166 0.455, 0.565 -0.4236 0.4597, 0.565 -0.4316 0.4627, 0.565 -0.4418 0.4638, 0.565 -0.4608 0.4638, 0.565 -0.4421 0.4561, 0.565 -0.4522 0.4561, 0.565 -0.4522 0.4047, 0.565 -0.4425 0.4047, 0.565 -0.4227 0.4117, 0.565 -0.4235 0.4109, 0.565 -0.4278 0.408, 0.565 -0.4333 0.4058, 0.565 -0.4156 0.4311, 0.565 -0.4159 0.4262, 0.565 -0.4173 0.4202, 0.565 -0.4196 0.4154, 0.565 -0.4229 0.4499, 0.565 -0.421 0.448, 0.565 -0.4184 0.4443, 0.565 -0.4166 0.4394, 0.565 -0.4397 0.4561, 0.565 -0.4327 0.455, 0.565 -0.427 0.4527, 0.565 -0.427 0.4527
            ]
        }
        coordIndex [
            0,1,2,-1,2,1,3,-1,4,0,5,-1,5,0,2,-1,6,4,7,-1,7,4,5,-1,8,6,9,-1,9,6,7,-1,10,8,11,-1,11,8,9,-1,1,10,3,-1,3,10,11,-1,6,8,4,-1,4,8,10,-1,4,10,0,-1,0,10,1,-1,12,13,14,-1,15,16,17,-1,17,16,18,-1,18,19,17,-1,17,19,20,-1,17,20,14,-1,14,20,21,-1,14,21,12,-1,22,13,23,-1,23,13,12,-1,22,23,24,-1,22,24,25,-1,24,26,25,-1,25,26,27,-1,25,27,28,-1,28,27,29,-1,28,29,30,-1,30,29,31,-1,30,31,32,-1,32,31,33,-1,32,33,34,-1,34,33,35,-1,34,35,36,-1,36,35,37,-1,36,37,38,-1,38,37,39,-1,38,39,40,-1,40,39,41,-1,40,41,42,-1,42,41,43,-1,42,43,44,-1,44,43,45,-1,44,45,46,-1,46,45,47,-1,46,47,48,-1,48,47,49,-1,48,49,50,-1,50,49,51,-1,50,51,52,-1,52,51,53,-1,52,53,54,-1,54,53,55,-1,54,55,56,-1,56,55,57,-1,56,57,58,-1,58,57,59,-1,58,59,60,-1,60,59,61,-1,60,61,62,-1,63,64,65,-1,62,61,66,-1,62,66,67,-1,67,66,68,-1,67,68,65,-1,65,68,69,-1,65,69,63,-1,70,64,71,-1,71,64,63,-1,70,71,72,-1,70,72,73,-1,74,75,76,-1,76,75,73,-1,76,73,77,-1,77,73,72,-1,75,74,78,-1,75,78,79,-1,78,80,79,-1,79,80,81,-1,79,81,82,-1,82,81,83,-1,82,83,84,-1,84,83,85,-1,84,85,86,-1,86,85,87,-1,88,89,87,-1,87,89,90,-1,87,90,86,-1,88,91,89,-1,89,91,92,-1,89,92,93,-1,93,92,94,-1,93,94,95,-1,95,94,96,-1,97,98,96,-1,96,98,99,-1,96,99,95,-1,97,100,98,-1,98,100,101,-1,98,101,102,-1,102,101,103,-1,102,103,104,-1,16,15,105,-1,104,103,106,-1,104,106,107,-1,107,106,108,-1,107,108,109,-1,109,108,110,-1,109,110,105,-1,105,110,111,-1,105,111,16,-1,56,58,79,-1,48,50,90,-1,90,50,86,-1,79,58,75,-1,58,60,75,-1,75,60,62,-1,75,62,73,-1,73,62,67,-1,73,67,70,-1,70,67,65,-1,70,65,64,-1,13,22,14,-1,14,22,25,-1,14,25,17,-1,17,25,28,-1,17,28,15,-1,15,28,30,-1,15,30,105,-1,105,30,32,-1,105,32,109,-1,109,32,34,-1,109,34,107,-1,107,34,36,-1,107,36,104,-1,104,36,38,-1,104,38,102,-1,102,38,40,-1,102,40,98,-1,95,46,93,-1,93,46,48,-1,93,48,89,-1,89,48,90,-1,50,52,86,-1,86,52,54,-1,86,54,84,-1,84,54,56,-1,84,56,82,-1,82,56,79,-1,98,40,99,-1,99,40,42,-1,99,42,95,-1,95,42,44,-1,95,44,46,-1,112,113,114,-1,114,113,115,-1,116,117,118,-1,118,117,112,-1,118,112,114,-1,119,117,120,-1,120,117,116,-1,119,120,121,-1,121,120,122,-1,121,122,123,-1,124,121,125,-1,125,121,123,-1,126,127,128,-1,128,127,124,-1,128,124,125,-1,129,127,130,-1,130,127,126,-1,129,130,131,-1,131,130,132,-1,131,132,133,-1,134,131,135,-1,135,131,133,-1,136,137,138,-1,138,137,134,-1,138,134,135,-1,139,137,140,-1,140,137,136,-1,139,140,113,-1,113,140,141,-1,113,141,115,-1,139,113,112,-1,112,117,139,-1,139,117,119,-1,139,119,137,-1,131,134,129,-1,129,134,137,-1,129,137,127,-1,127,137,119,-1,127,119,124,-1,124,119,121,-1,142,143,144,-1,144,143,145,-1,144,145,146,-1,146,145,147,-1,146,147,148,-1,148,147,149,-1,148,149,150,-1,150,149,151,-1,150,151,152,-1,152,151,153,-1,152,153,154,-1,153,155,154,-1,154,155,156,-1,154,156,157,-1,157,156,158,-1,157,158,159,-1,159,158,160,-1,159,160,161,-1,161,160,162,-1,161,162,163,-1,163,162,164,-1,163,164,165,-1,165,164,166,-1,165,166,167,-1,167,166,168,-1,167,168,169,-1,169,168,170,-1,169,170,171,-1,171,170,172,-1,171,172,173,-1,173,172,174,-1,173,174,175,-1,175,174,176,-1,175,176,142,-1,142,176,177,-1,142,177,143,-1,148,150,178,-1,178,150,179,-1,148,178,180,-1,148,180,146,-1,146,180,181,-1,146,181,144,-1,144,181,182,-1,144,182,142,-1,142,182,183,-1,142,183,175,-1,175,183,184,-1,175,184,173,-1,173,184,185,-1,173,185,171,-1,171,185,186,-1,171,186,169,-1,169,186,187,-1,169,187,167,-1,167,187,188,-1,167,188,165,-1,165,188,189,-1,165,189,163,-1,163,189,190,-1,163,190,161,-1,161,190,191,-1,161,191,159,-1,159,191,192,-1,159,192,157,-1,157,192,193,-1,157,193,154,-1,152,154,194,-1,194,154,193,-1,150,152,179,-1,179,152,194,-1,155,153,195,-1,195,153,196,-1,153,151,196,-1,196,151,197,-1,151,149,197,-1,197,149,198,-1,177,199,200,-1,177,200,143,-1,143,200,201,-1,143,201,145,-1,145,201,202,-1,145,202,147,-1,147,202,198,-1,147,198,149,-1,170,203,204,-1,170,204,172,-1,172,204,205,-1,172,205,174,-1,174,205,206,-1,174,206,176,-1,176,206,199,-1,176,199,177,-1,162,207,208,-1,162,208,164,-1,164,208,209,-1,164,209,166,-1,166,209,210,-1,166,210,168,-1,168,210,203,-1,168,203,170,-1,155,195,211,-1,155,211,156,-1,156,211,212,-1,156,212,158,-1,158,212,213,-1,158,213,160,-1,160,213,207,-1,160,207,162,-1,
        ]
    }
}
Shape{
    appearance Appearance {
        material  Material 	{
            diffuseColor 0.25098039215686274 0.25098039215686274 0.25098039215686274
            specularColor 0.12549019607843137 0.12549019607843137 0.12549019607843137
            ambientIntensity 0.2
            transparency 0
            shininess 0.5
        }
    }
    geometry IndexedFaceSet {
        ccw TRUE
        solid FALSE
        coord DEF co Coordinate {
            point [
                0.565 -0.4235 0.4109, 0.565 -0.4227 0.4117, 0.565 -0.4397 0.4561, 0.565 -0.4278 0.408, 0.565 -0.4522 0.4561, 0.565 -0.4522 0.4047, 0.565 -0.4421 0.4561, 0.565 -0.4425 0.4047, 0.565 -0.4333 0.4058, 0.565 -0.4196 0.4154, 0.565 -0.4173 0.4202, 0.565 -0.4159 0.4262, 0.565 -0.4229 0.4499, 0.565 -0.4156 0.4311, 0.565 -0.427 0.4527, 0.565 -0.4327 0.455, 0.565 -0.4166 0.4394, 0.565 -0.4184 0.4443, 0.565 -0.421 0.448, 0.565 -0.421 0.448
            ]
        }
        coordIndex [
            0,1,2,-1,0,2,3,-1,4,5,6,-1,6,5,7,-1,6,7,2,-1,2,7,8,-1,2,8,3,-1,1,9,2,-1,2,9,10,-1,2,10,11,-1,12,11,13,-1,12,14,11,-1,11,14,15,-1,11,15,2,-1,16,17,13,-1,13,17,18,-1,13,18,12,-1,
        ]
    }
}
Shape{
    appearance Appearance {
        material  Material 	{
            diffuseColor 1.0 1.0 1.0
            specularColor 0.5019607843137255 0.5019607843137255 0.5019607843137255
            ambientIntensity 0.2
            transparency 0
            shininess 0.5
        }
    }
    geometry IndexedFaceSet {
        ccw TRUE
        solid FALSE
        coord DEF co Coordinate {
            point [
                0.5689 -0.3841 0.4229, 0.5689 -0.3869 0.4153, 0.5689 -0.3618 0.4229, 0.5689 -0.3591 0.4153, 0.5689 -0.3742 0.4506, 0.5689 -0.3774 0.4638, 0.5689 -0.4028 0.3971, 0.5689 -0.3933 0.3971, 0.5689 -0.3736 0.4526, 0.5689 -0.3731 0.4553, 0.5689 -0.3682 0.4638, 0.5689 -0.3729 0.4553, 0.5689 -0.3723 0.4525, 0.5689 -0.3718 0.4506, 0.5689 -0.3428 0.3971, 0.5689 -0.3523 0.3971, 0.565 -0.3682 0.4638, 0.565 -0.3428 0.3971, 0.565 -0.3774 0.4638, 0.565 -0.4028 0.3971, 0.565 -0.3836 0.4476, 0.565 -0.3933 0.3971, 0.565 -0.3869 0.4153, 0.565 -0.3591 0.4153, 0.565 -0.3836 0.4153, 0.565 -0.3523 0.3971, 0.565 -0.3841 0.4229, 0.565 -0.3618 0.4229, 0.565 -0.3718 0.4506, 0.565 -0.3729 0.4553, 0.565 -0.3723 0.4525, 0.565 -0.3731 0.4553, 0.565 -0.3742 0.4506, 0.565 -0.3736 0.4526, 0.565 -0.3736 0.4526
            ]
        }
        coordIndex [
            0,1,2,-1,2,1,3,-1,4,5,0,-1,0,5,6,-1,0,6,1,-1,1,6,7,-1,4,8,5,-1,5,8,9,-1,5,9,10,-1,10,9,11,-1,10,11,12,-1,12,13,10,-1,10,13,2,-1,10,2,14,-1,14,2,3,-1,14,3,15,-1,10,14,16,-1,16,14,17,-1,5,10,18,-1,18,10,16,-1,19,6,20,-1,20,6,5,-1,20,5,18,-1,7,6,21,-1,21,6,19,-1,1,7,22,-1,22,7,21,-1,23,3,24,-1,24,3,1,-1,24,1,22,-1,15,3,25,-1,25,3,23,-1,14,15,17,-1,17,15,25,-1,0,2,26,-1,26,2,27,-1,2,13,27,-1,27,13,28,-1,11,29,30,-1,11,30,12,-1,12,30,28,-1,12,28,13,-1,11,9,29,-1,29,9,31,-1,4,32,33,-1,4,33,8,-1,8,33,31,-1,8,31,9,-1,4,0,32,-1,32,0,26,-1,
        ]
    }
}
Shape{
    appearance Appearance {
        material  Material 	{
            diffuseColor 0.25098039215686274 0.25098039215686274 0.25098039215686274
            specularColor 0.12549019607843137 0.12549019607843137 0.12549019607843137
            ambientIntensity 0.2
            transparency 0
            shininess 0.5
        }
    }
    geometry IndexedFaceSet {
        ccw TRUE
        solid FALSE
        coord DEF co Coordinate {
            point [
                0.565 -0.3729 0.4553, 0.565 -0.3731 0.4553, 0.565 -0.3723 0.4525, 0.565 -0.3736 0.4526, 0.565 -0.3718 0.4506, 0.565 -0.3742 0.4506, 0.565 -0.3618 0.4229, 0.565 -0.3841 0.4229, 0.565 -0.3841 0.4229
            ]
        }
        coordIndex [
            0,1,2,-1,2,1,3,-1,2,3,4,-1,4,3,5,-1,4,5,6,-1,6,5,7,-1,
        ]
    }
}
Shape{
    appearance Appearance {
        material  Material 	{
            diffuseColor 1.0 1.0 1.0
            specularColor 0.5019607843137255 0.5019607843137255 0.5019607843137255
            ambientIntensity 0.2
            transparency 0
            shininess 0.5
        }
    }
    geometry IndexedFaceSet {
        ccw TRUE
        solid FALSE
        coord DEF co Coordinate {
            point [
                0.5689 -0.5747 0.2988, 0.5689 -0.5747 0.2912, 0.565 -0.5747 0.2988, 0.565 -0.5747 0.2912, 0.5689 -0.6019 0.2988, 0.565 -0.6019 0.2988, 0.5689 -0.6019 0.3213, 0.565 -0.6019 0.3213, 0.5689 -0.5781 0.3213, 0.565 -0.5781 0.3213, 0.5689 -0.5781 0.3289, 0.565 -0.5781 0.3289, 0.5689 -0.6019 0.3289, 0.565 -0.6019 0.3289, 0.5689 -0.6019 0.3503, 0.565 -0.6019 0.3503, 0.5689 -0.5762 0.3503, 0.565 -0.5762 0.3503, 0.5689 -0.5762 0.358, 0.565 -0.5762 0.358, 0.5689 -0.6106 0.358, 0.565 -0.6106 0.358, 0.5689 -0.6106 0.2912, 0.565 -0.6106 0.2912, 0.5689 -0.5552 0.3114, 0.5689 -0.5533 0.3123, 0.5689 -0.5577 0.3178, 0.5689 -0.537 0.2986, 0.5689 -0.5367 0.2986, 0.5689 -0.5373 0.3063, 0.5689 -0.5367 0.31, 0.5689 -0.5284 0.3219, 0.5689 -0.5367 0.3106, 0.5689 -0.5367 0.3152, 0.5689 -0.5367 0.2912, 0.5689 -0.5284 0.2912, 0.5689 -0.5399 0.3394, 0.5689 -0.5416 0.3322, 0.5689 -0.5365 0.3382, 0.5689 -0.5401 0.3313, 0.5689 -0.5509 0.3196, 0.5689 -0.5479 0.3137, 0.5689 -0.5367 0.3215, 0.5689 -0.5385 0.3033, 0.5689 -0.5403 0.3009, 0.5689 -0.5387 0.296, 0.5689 -0.5414 0.2998, 0.5689 -0.5414 0.2934, 0.5689 -0.5437 0.2982, 0.5689 -0.5437 0.2919, 0.5689 -0.5463 0.2973, 0.5689 -0.547 0.2906, 0.5689 -0.5494 0.297, 0.5689 -0.5516 0.2901, 0.5689 -0.5522 0.2973, 0.5689 -0.5566 0.2907, 0.5689 -0.5541 0.298, 0.5689 -0.5598 0.2919, 0.5689 -0.5558 0.2991, 0.5689 -0.5626 0.2939, 0.5689 -0.5565 0.2998, 0.5689 -0.537 0.3252, 0.5689 -0.5292 0.3289, 0.5689 -0.5379 0.3282, 0.5689 -0.5306 0.3325, 0.5689 -0.5389 0.3299, 0.5689 -0.5323 0.3351, 0.5689 -0.5339 0.3366, 0.5689 -0.562 0.3356, 0.5689 -0.562 0.3274, 0.5689 -0.5603 0.3365, 0.5689 -0.5563 0.3311, 0.5689 -0.5541 0.339, 0.5689 -0.551 0.3328, 0.5689 -0.5456 0.34, 0.5689 -0.5464 0.3332, 0.5689 -0.5436 0.3329, 0.5689 -0.556 0.3107, 0.5689 -0.5611 0.3159, 0.5689 -0.557 0.3095, 0.5689 -0.5636 0.3137, 0.5689 -0.5577 0.3079, 0.5689 -0.5653 0.3109, 0.5689 -0.5581 0.306, 0.5689 -0.5663 0.3079, 0.5689 -0.5582 0.3047, 0.5689 -0.5667 0.304, 0.5689 -0.558 0.3028, 0.5689 -0.5662 0.3002, 0.5689 -0.5574 0.3012, 0.5689 -0.5652 0.2974, 0.5689 -0.5635 0.2948, 0.565 -0.5456 0.34, 0.565 -0.5541 0.339, 0.565 -0.5603 0.3365, 0.565 -0.562 0.3356, 0.565 -0.562 0.3274, 0.565 -0.5563 0.3311, 0.565 -0.551 0.3328, 0.565 -0.5464 0.3332, 0.565 -0.5436 0.3329, 0.565 -0.5416 0.3322, 0.565 -0.5401 0.3313, 0.565 -0.5389 0.3299, 0.565 -0.5379 0.3282, 0.565 -0.537 0.3252, 0.565 -0.5367 0.3215, 0.565 -0.5509 0.3196, 0.565 -0.5577 0.3178, 0.565 -0.5611 0.3159, 0.565 -0.5636 0.3137, 0.565 -0.5653 0.3109, 0.565 -0.5663 0.3079, 0.565 -0.5667 0.304, 0.565 -0.5662 0.3002, 0.565 -0.5652 0.2974, 0.565 -0.5635 0.2948, 0.565 -0.5626 0.2939, 0.565 -0.5516 0.2901, 0.565 -0.5564 0.2907, 0.565 -0.5566 0.2907, 0.565 -0.5598 0.2919, 0.565 -0.547 0.2906, 0.565 -0.5469 0.2907, 0.565 -0.5437 0.2919, 0.565 -0.5414 0.2934, 0.565 -0.5387 0.296, 0.565 -0.537 0.2986, 0.565 -0.5367 0.2986, 0.565 -0.5367 0.2912, 0.565 -0.5284 0.2912, 0.565 -0.5284 0.3219, 0.565 -0.5292 0.3289, 0.565 -0.5306 0.3325, 0.565 -0.5323 0.3351, 0.565 -0.5339 0.3366, 0.565 -0.5365 0.3382, 0.565 -0.5399 0.3394, 0.565 -0.556 0.3107, 0.565 -0.5552 0.3114, 0.565 -0.5533 0.3123, 0.565 -0.5479 0.3137, 0.565 -0.5582 0.3047, 0.565 -0.5581 0.306, 0.565 -0.5577 0.3079, 0.565 -0.557 0.3095, 0.565 -0.5558 0.2991, 0.565 -0.5565 0.2998, 0.565 -0.5574 0.3012, 0.565 -0.558 0.3028, 0.565 -0.5494 0.297, 0.565 -0.5522 0.2973, 0.565 -0.5541 0.298, 0.565 -0.5403 0.3009, 0.565 -0.5414 0.2998, 0.565 -0.5437 0.2982, 0.565 -0.5463 0.2973, 0.565 -0.5367 0.3106, 0.565 -0.5367 0.31, 0.565 -0.5373 0.3063, 0.565 -0.5385 0.3033, 0.565 -0.5367 0.3152, 0.565 -0.5367 0.3152
            ]
        }
        coordIndex [
            0,1,2,-1,2,1,3,-1,4,0,5,-1,5,0,2,-1,6,4,7,-1,7,4,5,-1,8,6,9,-1,9,6,7,-1,10,8,11,-1,11,8,9,-1,12,10,13,-1,13,10,11,-1,14,12,15,-1,15,12,13,-1,16,14,17,-1,17,14,15,-1,18,16,19,-1,19,16,17,-1,20,18,21,-1,21,18,19,-1,22,20,23,-1,23,20,21,-1,1,22,3,-1,3,22,23,-1,22,1,0,-1,0,4,22,-1,22,4,6,-1,22,6,20,-1,16,18,14,-1,14,18,20,-1,14,20,12,-1,12,20,6,-1,12,6,10,-1,10,6,8,-1,24,25,26,-1,27,28,29,-1,30,31,32,-1,32,31,33,-1,34,35,28,-1,28,35,31,-1,28,31,29,-1,29,31,30,-1,36,37,38,-1,38,37,39,-1,26,25,40,-1,40,25,41,-1,40,41,42,-1,29,43,27,-1,27,43,44,-1,27,44,45,-1,45,44,46,-1,45,46,47,-1,47,46,48,-1,47,48,49,-1,49,48,50,-1,49,50,51,-1,51,50,52,-1,51,52,53,-1,53,52,54,-1,53,54,55,-1,55,54,56,-1,55,56,57,-1,57,56,58,-1,57,58,59,-1,59,58,60,-1,41,33,42,-1,42,33,31,-1,42,31,61,-1,61,31,62,-1,61,62,63,-1,63,62,64,-1,63,64,65,-1,65,64,66,-1,65,66,39,-1,39,66,67,-1,39,67,38,-1,68,69,70,-1,70,69,71,-1,70,71,72,-1,72,71,73,-1,72,73,74,-1,74,73,75,-1,74,75,36,-1,36,75,76,-1,36,76,37,-1,24,26,77,-1,77,26,78,-1,77,78,79,-1,79,78,80,-1,79,80,81,-1,81,80,82,-1,81,82,83,-1,83,82,84,-1,83,84,85,-1,85,84,86,-1,85,86,87,-1,87,86,88,-1,87,88,89,-1,89,88,90,-1,89,90,60,-1,60,90,91,-1,60,91,59,-1,74,92,93,-1,74,93,72,-1,72,93,94,-1,72,94,70,-1,70,94,95,-1,70,95,68,-1,69,68,96,-1,96,68,95,-1,69,96,97,-1,69,97,71,-1,71,97,98,-1,71,98,73,-1,73,98,99,-1,73,99,75,-1,75,99,100,-1,75,100,76,-1,76,100,101,-1,76,101,37,-1,37,101,102,-1,37,102,39,-1,39,102,103,-1,39,103,65,-1,65,103,104,-1,65,104,63,-1,63,104,105,-1,63,105,61,-1,61,105,106,-1,61,106,42,-1,40,42,107,-1,107,42,106,-1,40,107,108,-1,40,108,26,-1,26,108,109,-1,26,109,78,-1,78,109,110,-1,78,110,80,-1,80,110,111,-1,80,111,82,-1,82,111,112,-1,82,112,84,-1,84,112,113,-1,84,113,86,-1,86,113,114,-1,86,114,88,-1,88,114,115,-1,88,115,90,-1,90,115,116,-1,90,116,91,-1,91,116,117,-1,91,117,59,-1,118,53,119,-1,119,53,55,-1,119,55,120,-1,120,55,57,-1,120,57,121,-1,121,57,59,-1,121,59,117,-1,53,118,122,-1,53,122,51,-1,51,122,123,-1,51,123,49,-1,123,124,49,-1,49,124,125,-1,49,125,47,-1,47,125,126,-1,47,126,45,-1,45,126,127,-1,45,127,27,-1,28,27,128,-1,128,27,127,-1,34,28,129,-1,129,28,128,-1,35,34,130,-1,130,34,129,-1,31,35,131,-1,131,35,130,-1,31,131,132,-1,31,132,62,-1,62,132,133,-1,62,133,64,-1,64,133,134,-1,64,134,66,-1,66,134,135,-1,66,135,67,-1,67,135,136,-1,67,136,38,-1,38,136,137,-1,38,137,36,-1,36,137,92,-1,36,92,74,-1,77,138,139,-1,77,139,24,-1,24,139,140,-1,24,140,25,-1,25,140,141,-1,25,141,41,-1,85,142,143,-1,85,143,83,-1,83,143,144,-1,83,144,81,-1,81,144,145,-1,81,145,79,-1,79,145,138,-1,79,138,77,-1,58,146,147,-1,58,147,60,-1,60,147,148,-1,60,148,89,-1,89,148,149,-1,89,149,87,-1,87,149,142,-1,87,142,85,-1,52,150,151,-1,52,151,54,-1,54,151,152,-1,54,152,56,-1,56,152,146,-1,56,146,58,-1,44,153,154,-1,44,154,46,-1,46,154,155,-1,46,155,48,-1,48,155,156,-1,48,156,50,-1,50,156,150,-1,50,150,52,-1,32,157,158,-1,32,158,30,-1,30,158,159,-1,30,159,29,-1,29,159,160,-1,29,160,43,-1,43,160,153,-1,43,153,44,-1,32,33,157,-1,157,33,161,-1,33,41,161,-1,161,41,141,-1,
        ]
    }
}
Shape{
    appearance Appearance {
        material  Material 	{
            diffuseColor 0.25098039215686274 0.25098039215686274 0.25098039215686274
            specularColor 0.12549019607843137 0.12549019607843137 0.12549019607843137
            ambientIntensity 0.2
            transparency 0
            shininess 0.5
        }
    }
    geometry IndexedFaceSet {
        ccw TRUE
        solid FALSE
        coord DEF co Coordinate {
            point [
                0.565 -0.5367 0.31, 0.565 -0.5367 0.3106, 0.565 -0.556 0.3107, 0.565 -0.5367 0.3152, 0.565 -0.5479 0.3137, 0.565 -0.5533 0.3123, 0.565 -0.5552 0.3114, 0.565 -0.5373 0.3063, 0.565 -0.557 0.3095, 0.565 -0.5385 0.3033, 0.565 -0.5565 0.2998, 0.565 -0.5558 0.2991, 0.565 -0.5414 0.2998, 0.565 -0.5574 0.3012, 0.565 -0.5437 0.2982, 0.565 -0.5463 0.2973, 0.565 -0.5494 0.297, 0.565 -0.5577 0.3079, 0.565 -0.5581 0.306, 0.565 -0.5403 0.3009, 0.565 -0.5582 0.3047, 0.565 -0.558 0.3028, 0.565 -0.5541 0.298, 0.565 -0.5522 0.2973, 0.565 -0.5522 0.2973
            ]
        }
        coordIndex [
            0,1,2,-1,1,3,4,-1,4,5,1,-1,1,5,6,-1,1,6,2,-1,0,2,7,-1,7,2,8,-1,7,8,9,-1,10,11,12,-1,10,12,13,-1,14,12,15,-1,15,12,16,-1,8,17,9,-1,9,17,18,-1,9,18,19,-1,19,18,20,-1,19,20,12,-1,12,20,21,-1,12,21,13,-1,11,22,12,-1,12,22,23,-1,12,23,16,-1,
        ]
    }
}
Shape{
    appearance Appearance {
        material  Material 	{
            diffuseColor 1.0 1.0 1.0
            specularColor 0.5019607843137255 0.5019607843137255 0.5019607843137255
            ambientIntensity 0.2
            transparency 0
            shininess 0.5
        }
    }
    geometry IndexedFaceSet {
        ccw TRUE
        solid FALSE
        coord DEF co Coordinate {
            point [
                0.565 -0.5171 0.3015, 0.5689 -0.5171 0.3015, 0.5689 -0.5135 0.2994, 0.5689 -0.5033 0.2969, 0.565 -0.5033 0.2969, 0.565 -0.5082 0.2975, 0.5689 -0.5082 0.2975, 0.565 -0.5132 0.2993, 0.565 -0.5135 0.2994, 0.5689 -0.5171 0.2929, 0.565 -0.5171 0.2929, 0.565 -0.5132 0.2916, 0.5689 -0.5112 0.2908, 0.565 -0.5041 0.2901, 0.5689 -0.5041 0.2901, 0.565 -0.5095 0.2907, 0.565 -0.5112 0.2908, 0.5689 -0.4966 0.291, 0.565 -0.4994 0.2907, 0.565 -0.4966 0.291, 0.565 -0.4922 0.2927, 0.5689 -0.4922 0.2927, 0.565 -0.4902 0.2939, 0.5689 -0.4902 0.2939, 0.565 -0.4878 0.296, 0.5689 -0.4878 0.296, 0.565 -0.4863 0.2982, 0.5689 -0.4863 0.2982, 0.565 -0.4853 0.3008, 0.5689 -0.4853 0.3008, 0.565 -0.4849 0.3042, 0.5689 -0.4849 0.3042, 0.565 -0.4852 0.3073, 0.5689 -0.4852 0.3073, 0.565 -0.4861 0.3098, 0.5689 -0.4861 0.3098, 0.565 -0.4877 0.3121, 0.5689 -0.4877 0.3121, 0.565 -0.4897 0.3139, 0.5689 -0.4897 0.3139, 0.565 -0.4952 0.3169, 0.5689 -0.4952 0.3169, 0.565 -0.4984 0.3183, 0.5689 -0.4984 0.3183, 0.565 -0.5056 0.3217, 0.5689 -0.5056 0.3217, 0.565 -0.5066 0.3224, 0.5689 -0.5066 0.3224, 0.565 -0.5074 0.3232, 0.5689 -0.5074 0.3232, 0.565 -0.508 0.3244, 0.5689 -0.508 0.3244, 0.565 -0.5083 0.3257, 0.5689 -0.5083 0.3257, 0.565 -0.5084 0.3268, 0.5689 -0.5084 0.3268, 0.565 -0.5082 0.3281, 0.5689 -0.5082 0.3281, 0.565 -0.5078 0.3292, 0.5689 -0.5078 0.3292, 0.565 -0.5071 0.3303, 0.5689 -0.5071 0.3303, 0.565 -0.5058 0.3314, 0.5689 -0.5058 0.3314, 0.565 -0.504 0.3324, 0.5689 -0.504 0.3324, 0.565 -0.5017 0.333, 0.5689 -0.5017 0.333, 0.565 -0.4993 0.3332, 0.5689 -0.4993 0.3332, 0.565 -0.4942 0.3327, 0.5689 -0.4942 0.3327, 0.565 -0.4894 0.331, 0.5689 -0.4894 0.331, 0.565 -0.4872 0.3298, 0.5689 -0.4872 0.3298, 0.5689 -0.4872 0.3379, 0.565 -0.4872 0.3379, 0.565 -0.4926 0.3395, 0.5689 -0.4926 0.3395, 0.565 -0.4984 0.34, 0.5689 -0.4984 0.34, 0.565 -0.5051 0.3392, 0.5689 -0.5051 0.3392, 0.565 -0.5096 0.3375, 0.5689 -0.5096 0.3375, 0.565 -0.5116 0.3362, 0.5689 -0.5116 0.3362, 0.565 -0.5132 0.3348, 0.5689 -0.5141 0.334, 0.565 -0.5141 0.334, 0.565 -0.5157 0.3317, 0.5689 -0.5157 0.3317, 0.565 -0.5167 0.329, 0.5689 -0.5167 0.329, 0.565 -0.517 0.326, 0.5689 -0.517 0.326, 0.565 -0.5166 0.3228, 0.5689 -0.5166 0.3228, 0.565 -0.5157 0.3202, 0.5689 -0.5157 0.3202, 0.565 -0.5146 0.3185, 0.5689 -0.5146 0.3185, 0.565 -0.5043 0.3122, 0.5689 -0.5043 0.3122, 0.5689 -0.5093 0.3145, 0.565 -0.5133 0.3171, 0.5689 -0.5133 0.3171, 0.565 -0.5132 0.317, 0.565 -0.5093 0.3145, 0.565 -0.4989 0.3099, 0.5689 -0.4989 0.3099, 0.565 -0.4956 0.3079, 0.5689 -0.4956 0.3079, 0.565 -0.4946 0.3068, 0.5689 -0.4946 0.3068, 0.565 -0.4939 0.3057, 0.5689 -0.4939 0.3057, 0.565 -0.4935 0.3044, 0.5689 -0.4935 0.3044, 0.565 -0.4934 0.3034, 0.5689 -0.4934 0.3034, 0.565 -0.4936 0.3018, 0.5689 -0.4936 0.3018, 0.565 -0.494 0.3006, 0.5689 -0.494 0.3006, 0.565 -0.4948 0.2995, 0.5689 -0.4948 0.2995, 0.565 -0.4957 0.2987, 0.5689 -0.4957 0.2987, 0.565 -0.4965 0.2982, 0.5689 -0.4965 0.2982, 0.565 -0.4987 0.2974, 0.5689 -0.4987 0.2974, 0.565 -0.5029 0.2969, 0.5689 -0.5029 0.2969, 0.5689 -0.4434 0.3389, 0.5689 -0.4348 0.3389, 0.565 -0.4434 0.3389, 0.565 -0.4348 0.3389, 0.5689 -0.4565 0.303, 0.565 -0.4565 0.303, 0.565 -0.4571 0.3008, 0.5689 -0.4571 0.3008, 0.565 -0.4575 0.2992, 0.5689 -0.4575 0.2992, 0.5689 -0.4577 0.2992, 0.565 -0.4577 0.2992, 0.5689 -0.4587 0.3031, 0.565 -0.4587 0.3031, 0.565 -0.4712 0.3389, 0.5689 -0.4712 0.3389, 0.565 -0.4671 0.3273, 0.5689 -0.4805 0.3389, 0.565 -0.4805 0.3389, 0.565 -0.4618 0.2913, 0.5689 -0.4618 0.2913, 0.565 -0.4671 0.3049, 0.565 -0.4655 0.2827, 0.5689 -0.4655 0.2827, 0.565 -0.4621 0.2907, 0.565 -0.4671 0.2797, 0.5689 -0.4672 0.2796, 0.565 -0.4672 0.2796, 0.565 -0.4687 0.2779, 0.5689 -0.4687 0.2779, 0.565 -0.4701 0.2769, 0.5689 -0.4701 0.2769, 0.565 -0.4719 0.2762, 0.5689 -0.4719 0.2762, 0.565 -0.4741 0.276, 0.5689 -0.4741 0.276, 0.565 -0.4771 0.2764, 0.5689 -0.4771 0.2764, 0.565 -0.4788 0.2769, 0.5689 -0.4788 0.2769, 0.5689 -0.4788 0.2695, 0.565 -0.4788 0.2695, 0.565 -0.4753 0.2689, 0.5689 -0.4753 0.2689, 0.565 -0.4734 0.2688, 0.5689 -0.4734 0.2688, 0.565 -0.47 0.2692, 0.5689 -0.47 0.2692, 0.565 -0.4671 0.2703, 0.5689 -0.4667 0.2704, 0.565 -0.4667 0.2704, 0.565 -0.4638 0.2725, 0.5689 -0.4638 0.2725, 0.565 -0.4632 0.273, 0.5689 -0.4632 0.273, 0.565 -0.4602 0.2767, 0.5689 -0.4602 0.2767, 0.565 -0.4564 0.284, 0.5689 -0.4564 0.284, 0.565 -0.4538 0.2907, 0.5689 -0.3899 0.2988, 0.5689 -0.3899 0.2912, 0.565 -0.3899 0.2988, 0.565 -0.3899 0.2912, 0.565 -0.4172 0.2988, 0.5689 -0.4172 0.2988, 0.565 -0.4047 0.2988, 0.5689 -0.4172 0.3213, 0.565 -0.4172 0.3213, 0.5689 -0.3933 0.3213, 0.565 -0.4047 0.3213, 0.565 -0.3933 0.3213, 0.5689 -0.3933 0.3289, 0.565 -0.3933 0.3289, 0.565 -0.4172 0.3289, 0.5689 -0.4172 0.3289, 0.565 -0.4047 0.3289, 0.5689 -0.4172 0.3503, 0.565 -0.4172 0.3503, 0.565 -0.3914 0.3503, 0.5689 -0.3914 0.3503, 0.565 -0.4047 0.3503, 0.5689 -0.3914 0.358, 0.565 -0.3914 0.358, 0.565 -0.4258 0.358, 0.5689 -0.4258 0.358, 0.565 -0.4047 0.358, 0.5689 -0.4258 0.2912, 0.565 -0.4258 0.2912, 0.565 -0.4047 0.2912, 0.5689 -0.333 0.3006, 0.5689 -0.3399 0.3051, 0.5689 -0.34 0.2956, 0.5689 -0.3442 0.3021, 0.5689 -0.3476 0.2926, 0.5689 -0.3497 0.3, 0.5689 -0.3589 0.2912, 0.5689 -0.359 0.2988, 0.5689 -0.3773 0.2912, 0.5689 -0.3687 0.2988, 0.5689 -0.3773 0.358, 0.5689 -0.3687 0.3503, 0.5689 -0.3582 0.358, 0.5689 -0.3586 0.3503, 0.5689 -0.3561 0.3502, 0.5689 -0.3481 0.3568, 0.5689 -0.3491 0.3491, 0.5689 -0.34 0.3539, 0.5689 -0.3435 0.3469, 0.5689 -0.333 0.3491, 0.5689 -0.3393 0.344, 0.5689 -0.3307 0.3468, 0.5689 -0.3375 0.3422, 0.5689 -0.3265 0.341, 0.5689 -0.3349 0.3385, 0.5689 -0.3241 0.3347, 0.5689 -0.333 0.3336, 0.5689 -0.323 0.3255, 0.5689 -0.332 0.3252, 0.5689 -0.3232 0.3212, 0.5689 -0.3323 0.3203, 0.5689 -0.3248 0.3134, 0.5689 -0.3337 0.3144, 0.5689 -0.3281 0.3065, 0.5689 -0.3361 0.3095, 0.5689 -0.3391 0.3058, 0.565 -0.3589 0.2912, 0.565 -0.3773 0.2912, 0.565 -0.3476 0.2926, 0.565 -0.34 0.2956, 0.565 -0.333 0.3006, 0.565 -0.3281 0.3065, 0.565 -0.3248 0.3134, 0.565 -0.3232 0.3212, 0.565 -0.323 0.3255, 0.565 -0.3241 0.3347, 0.565 -0.3265 0.341, 0.565 -0.3307 0.3468, 0.565 -0.333 0.3491, 0.565 -0.34 0.3539, 0.565 -0.3481 0.3568, 0.565 -0.3582 0.358, 0.565 -0.3773 0.358, 0.565 -0.3586 0.3503, 0.565 -0.3687 0.3503, 0.565 -0.3687 0.2988, 0.565 -0.359 0.2988, 0.565 -0.3391 0.3058, 0.565 -0.3399 0.3051, 0.565 -0.3442 0.3021, 0.565 -0.3497 0.3, 0.565 -0.332 0.3252, 0.565 -0.3323 0.3203, 0.565 -0.3337 0.3144, 0.565 -0.3361 0.3095, 0.565 -0.3393 0.344, 0.565 -0.3375 0.3422, 0.565 -0.3349 0.3385, 0.565 -0.333 0.3336, 0.565 -0.3561 0.3502, 0.565 -0.3491 0.3491, 0.565 -0.3435 0.3469, 0.565 -0.3435 0.3469
            ]
        }
        coordIndex [
            0,1,2,-1,3,4,5,-1,3,5,6,-1,6,5,7,-1,6,7,2,-1,2,7,8,-1,2,8,0,-1,9,1,10,-1,10,1,0,-1,10,11,9,-1,9,11,12,-1,13,14,15,-1,15,14,12,-1,15,12,16,-1,16,12,11,-1,14,13,17,-1,17,13,18,-1,18,19,17,-1,17,19,20,-1,17,20,21,-1,21,20,22,-1,21,22,23,-1,23,22,24,-1,23,24,25,-1,25,24,26,-1,25,26,27,-1,27,26,28,-1,27,28,29,-1,29,28,30,-1,29,30,31,-1,31,30,32,-1,31,32,33,-1,33,32,34,-1,33,34,35,-1,35,34,36,-1,35,36,37,-1,37,36,38,-1,37,38,39,-1,39,38,40,-1,39,40,41,-1,41,40,42,-1,41,42,43,-1,43,42,44,-1,43,44,45,-1,45,44,46,-1,45,46,47,-1,47,46,48,-1,47,48,49,-1,49,48,50,-1,49,50,51,-1,51,50,52,-1,51,52,53,-1,53,52,54,-1,53,54,55,-1,55,54,56,-1,55,56,57,-1,57,56,58,-1,57,58,59,-1,59,58,60,-1,59,60,61,-1,61,60,62,-1,61,62,63,-1,63,62,64,-1,63,64,65,-1,65,64,66,-1,65,66,67,-1,67,66,68,-1,67,68,69,-1,69,68,70,-1,69,70,71,-1,71,70,72,-1,71,72,73,-1,73,72,74,-1,73,74,75,-1,76,75,77,-1,77,75,74,-1,76,77,78,-1,76,78,79,-1,79,78,80,-1,79,80,81,-1,81,80,82,-1,81,82,83,-1,83,82,84,-1,83,84,85,-1,85,84,86,-1,85,86,87,-1,86,88,87,-1,87,88,89,-1,88,90,89,-1,89,90,91,-1,89,91,92,-1,92,91,93,-1,92,93,94,-1,94,93,95,-1,94,95,96,-1,96,95,97,-1,96,97,98,-1,98,97,99,-1,98,99,100,-1,100,99,101,-1,100,101,102,-1,103,104,105,-1,102,101,106,-1,102,106,107,-1,107,106,108,-1,107,108,105,-1,105,108,109,-1,105,109,103,-1,104,103,110,-1,104,110,111,-1,111,110,112,-1,111,112,113,-1,113,112,114,-1,113,114,115,-1,115,114,116,-1,115,116,117,-1,117,116,118,-1,117,118,119,-1,119,118,120,-1,119,120,121,-1,121,120,122,-1,121,122,123,-1,123,122,124,-1,123,124,125,-1,125,124,126,-1,125,126,127,-1,127,126,128,-1,127,128,129,-1,129,128,130,-1,129,130,131,-1,131,130,132,-1,131,132,133,-1,133,132,134,-1,133,134,135,-1,135,134,4,-1,135,4,3,-1,61,63,85,-1,85,63,83,-1,14,3,12,-1,12,3,6,-1,12,6,9,-1,9,6,2,-1,9,2,1,-1,63,65,83,-1,83,65,67,-1,83,67,81,-1,81,67,69,-1,81,69,79,-1,79,69,71,-1,79,71,76,-1,76,71,73,-1,76,73,75,-1,127,129,21,-1,21,129,131,-1,21,131,17,-1,17,131,133,-1,17,133,14,-1,14,133,135,-1,14,135,3,-1,85,87,61,-1,61,87,89,-1,61,89,59,-1,59,89,92,-1,59,92,57,-1,57,92,94,-1,57,94,55,-1,55,94,96,-1,55,96,53,-1,53,96,98,-1,53,98,51,-1,51,98,100,-1,51,100,49,-1,49,100,102,-1,49,102,47,-1,47,102,107,-1,47,107,45,-1,45,107,105,-1,45,105,43,-1,43,105,104,-1,43,104,41,-1,41,104,111,-1,41,111,39,-1,39,111,113,-1,39,113,37,-1,37,113,115,-1,37,115,35,-1,35,115,117,-1,35,117,33,-1,33,117,119,-1,33,119,31,-1,31,119,121,-1,31,121,29,-1,29,121,123,-1,29,123,27,-1,27,123,125,-1,27,125,25,-1,25,125,127,-1,25,127,23,-1,23,127,21,-1,136,137,138,-1,138,137,139,-1,140,136,141,-1,141,136,138,-1,140,141,142,-1,140,142,143,-1,143,142,144,-1,143,144,145,-1,146,145,147,-1,147,145,144,-1,148,146,149,-1,149,146,147,-1,150,151,152,-1,152,151,148,-1,152,148,149,-1,153,151,154,-1,154,151,150,-1,155,156,157,-1,157,156,153,-1,157,153,154,-1,158,159,160,-1,160,159,156,-1,160,156,155,-1,158,161,159,-1,159,161,162,-1,161,163,162,-1,162,163,164,-1,162,164,165,-1,165,164,166,-1,165,166,167,-1,167,166,168,-1,167,168,169,-1,169,168,170,-1,169,170,171,-1,171,170,172,-1,171,172,173,-1,173,172,174,-1,173,174,175,-1,176,175,177,-1,177,175,174,-1,176,177,178,-1,176,178,179,-1,179,178,180,-1,179,180,181,-1,181,180,182,-1,181,182,183,-1,183,182,184,-1,183,184,185,-1,184,186,185,-1,185,186,187,-1,185,187,188,-1,188,187,189,-1,188,189,190,-1,190,189,191,-1,190,191,192,-1,192,191,193,-1,192,193,194,-1,139,137,195,-1,195,137,194,-1,195,194,193,-1,143,145,194,-1,137,136,194,-1,194,136,140,-1,194,140,143,-1,151,153,148,-1,148,153,156,-1,148,156,146,-1,175,176,173,-1,173,176,179,-1,173,179,171,-1,171,179,181,-1,171,181,169,-1,169,181,183,-1,169,183,167,-1,167,183,185,-1,167,185,165,-1,145,146,194,-1,194,146,156,-1,194,156,192,-1,156,159,192,-1,192,159,162,-1,192,162,190,-1,190,162,165,-1,190,165,188,-1,188,165,185,-1,196,197,198,-1,198,197,199,-1,200,201,202,-1,202,201,196,-1,202,196,198,-1,203,201,204,-1,204,201,200,-1,203,204,205,-1,205,204,206,-1,205,206,207,-1,208,205,209,-1,209,205,207,-1,210,211,212,-1,212,211,208,-1,212,208,209,-1,213,211,214,-1,214,211,210,-1,215,216,217,-1,217,216,213,-1,217,213,214,-1,218,216,219,-1,219,216,215,-1,220,221,222,-1,222,221,218,-1,222,218,219,-1,223,221,224,-1,224,221,220,-1,199,197,225,-1,225,197,223,-1,225,223,224,-1,216,218,213,-1,213,218,221,-1,213,221,211,-1,197,196,223,-1,223,196,201,-1,223,201,203,-1,205,208,203,-1,203,208,211,-1,203,211,223,-1,223,211,221,-1,226,227,228,-1,228,227,229,-1,228,229,230,-1,230,229,231,-1,230,231,232,-1,232,231,233,-1,232,233,234,-1,234,233,235,-1,234,235,236,-1,236,235,237,-1,236,237,238,-1,237,239,238,-1,238,239,240,-1,238,240,241,-1,241,240,242,-1,241,242,243,-1,243,242,244,-1,243,244,245,-1,245,244,246,-1,245,246,247,-1,247,246,248,-1,247,248,249,-1,249,248,250,-1,249,250,251,-1,251,250,252,-1,251,252,253,-1,253,252,254,-1,253,254,255,-1,255,254,256,-1,255,256,257,-1,257,256,258,-1,257,258,259,-1,259,258,260,-1,259,260,226,-1,226,260,261,-1,226,261,227,-1,232,234,262,-1,262,234,263,-1,232,262,264,-1,232,264,230,-1,230,264,265,-1,230,265,228,-1,228,265,266,-1,228,266,226,-1,226,266,267,-1,226,267,259,-1,259,267,268,-1,259,268,257,-1,257,268,269,-1,257,269,255,-1,255,269,270,-1,255,270,253,-1,253,270,271,-1,253,271,251,-1,251,271,272,-1,251,272,249,-1,249,272,273,-1,249,273,247,-1,247,273,274,-1,247,274,245,-1,245,274,275,-1,245,275,243,-1,243,275,276,-1,243,276,241,-1,241,276,277,-1,241,277,238,-1,236,238,278,-1,278,238,277,-1,234,236,263,-1,263,236,278,-1,239,237,279,-1,279,237,280,-1,237,235,280,-1,280,235,281,-1,235,233,281,-1,281,233,282,-1,261,283,284,-1,261,284,227,-1,227,284,285,-1,227,285,229,-1,229,285,286,-1,229,286,231,-1,231,286,282,-1,231,282,233,-1,254,287,288,-1,254,288,256,-1,256,288,289,-1,256,289,258,-1,258,289,290,-1,258,290,260,-1,260,290,283,-1,260,283,261,-1,246,291,292,-1,246,292,248,-1,248,292,293,-1,248,293,250,-1,250,293,294,-1,250,294,252,-1,252,294,287,-1,252,287,254,-1,239,279,295,-1,239,295,240,-1,240,295,296,-1,240,296,242,-1,242,296,297,-1,242,297,244,-1,244,297,291,-1,244,291,246,-1,
        ]
    }
}
Shape{
    appearance Appearance {
        material  Material 	{
            diffuseColor 0.25098039215686274 0.25098039215686274 0.25098039215686274
            specularColor 0.12549019607843137 0.12549019607843137 0.12549019607843137
            ambientIntensity 0.2
            transparency 0
            shininess 0.5
        }
    }
    geometry IndexedFaceSet {
        ccw TRUE
        solid FALSE
        coord DEF co Coordinate {
            point [
                0.565 -0.3399 0.3051, 0.565 -0.3391 0.3058, 0.565 -0.3561 0.3502, 0.565 -0.3442 0.3021, 0.565 -0.3687 0.3503, 0.565 -0.3687 0.2988, 0.565 -0.3586 0.3503, 0.565 -0.359 0.2988, 0.565 -0.3497 0.3, 0.565 -0.3361 0.3095, 0.565 -0.3337 0.3144, 0.565 -0.3323 0.3203, 0.565 -0.3393 0.344, 0.565 -0.332 0.3252, 0.565 -0.3435 0.3469, 0.565 -0.3491 0.3491, 0.565 -0.333 0.3336, 0.565 -0.3349 0.3385, 0.565 -0.3375 0.3422, 0.565 -0.3375 0.3422
            ]
        }
        coordIndex [
            0,1,2,-1,0,2,3,-1,4,5,6,-1,6,5,7,-1,6,7,2,-1,2,7,8,-1,2,8,3,-1,1,9,2,-1,2,9,10,-1,2,10,11,-1,12,11,13,-1,12,14,11,-1,11,14,15,-1,11,15,2,-1,16,17,13,-1,13,17,18,-1,13,18,12,-1,
        ]
    }
}
Shape{
    appearance Appearance {
        material  Material 	{
            diffuseColor 1.0 1.0 1.0
            specularColor 0.5019607843137255 0.5019607843137255 0.5019607843137255
            ambientIntensity 0.2
            transparency 0
            shininess 0.5
        }
    }
    geometry IndexedFaceSet {
        ccw TRUE
        solid FALSE
        coord DEF co Coordinate {
            point [
                0.5689 -0.3006 0.317, 0.5689 -0.3033 0.3095, 0.5689 -0.2782 0.317, 0.5689 -0.2755 0.3095, 0.5689 -0.2906 0.3448, 0.5689 -0.2938 0.358, 0.5689 -0.3193 0.2912, 0.5689 -0.3097 0.2912, 0.5689 -0.29 0.3468, 0.5689 -0.2895 0.3494, 0.5689 -0.2846 0.358, 0.5689 -0.2893 0.3494, 0.5689 -0.2888 0.3466, 0.5689 -0.2883 0.3448, 0.5689 -0.2592 0.2912, 0.5689 -0.2687 0.2912, 0.565 -0.2846 0.358, 0.565 -0.2592 0.2912, 0.565 -0.2938 0.358, 0.565 -0.3193 0.2912, 0.565 -0.3097 0.2912, 0.565 -0.3033 0.3095, 0.565 -0.2755 0.3095, 0.565 -0.2687 0.2912, 0.565 -0.3006 0.317, 0.565 -0.2782 0.317, 0.565 -0.2883 0.3448, 0.565 -0.2893 0.3494, 0.565 -0.2888 0.3466, 0.565 -0.2895 0.3494, 0.565 -0.2906 0.3448, 0.565 -0.29 0.3468, 0.565 -0.29 0.3468
            ]
        }
        coordIndex [
            0,1,2,-1,2,1,3,-1,4,5,0,-1,0,5,6,-1,0,6,1,-1,1,6,7,-1,4,8,5,-1,5,8,9,-1,5,9,10,-1,10,9,11,-1,10,11,12,-1,12,13,10,-1,10,13,2,-1,10,2,14,-1,14,2,3,-1,14,3,15,-1,10,14,16,-1,16,14,17,-1,5,10,18,-1,18,10,16,-1,6,5,19,-1,19,5,18,-1,7,6,20,-1,20,6,19,-1,1,7,21,-1,21,7,20,-1,3,1,22,-1,22,1,21,-1,15,3,23,-1,23,3,22,-1,14,15,17,-1,17,15,23,-1,0,2,24,-1,24,2,25,-1,2,13,25,-1,25,13,26,-1,11,27,28,-1,11,28,12,-1,12,28,26,-1,12,26,13,-1,11,9,27,-1,27,9,29,-1,4,30,31,-1,4,31,8,-1,8,31,29,-1,8,29,9,-1,4,0,30,-1,30,0,24,-1,
        ]
    }
}
Shape{
    appearance Appearance {
        material  Material 	{
            diffuseColor 0.25098039215686274 0.25098039215686274 0.25098039215686274
            specularColor 0.12549019607843137 0.12549019607843137 0.12549019607843137
            ambientIntensity 0.2
            transparency 0
            shininess 0.5
        }
    }
    geometry IndexedFaceSet {
        ccw TRUE
        solid FALSE
        coord DEF co Coordinate {
            point [
                0.565 -0.2893 0.3494, 0.565 -0.2895 0.3494, 0.565 -0.2888 0.3466, 0.565 -0.29 0.3468, 0.565 -0.2883 0.3448, 0.565 -0.2906 0.3448, 0.565 -0.2782 0.317, 0.565 -0.3006 0.317, 0.565 -0.3006 0.317
            ]
        }
        coordIndex [
            0,1,2,-1,2,1,3,-1,2,3,4,-1,4,3,5,-1,4,5,6,-1,6,5,7,-1,
        ]
    }
}
Shape{
    appearance Appearance {
        material  Material 	{
            diffuseColor 1.0 1.0 1.0
            specularColor 0.5019607843137255 0.5019607843137255 0.5019607843137255
            ambientIntensity 0.2
            transparency 0
            shininess 0.5
        }
    }
    geometry IndexedFaceSet {
        ccw TRUE
        solid FALSE
        coord DEF co Coordinate {
            point [
                0.5689 -0.9052 0.2818, 0.5689 -0.8982 0.2731, 0.5689 -0.9095 0.3237, 0.5689 -0.9177 0.4062, 0.5689 -0.9072 0.4118, 0.5689 -0.9092 0.4411, 0.5689 -0.8261 0.2799, 0.5689 -0.8205 0.2905, 0.5689 -0.8177 0.3022, 0.5689 -0.8801 0.4423, 0.5689 -0.8654 0.4077, 0.5689 -0.8582 0.4227, 0.5689 -0.8777 0.2928, 0.5689 -0.8739 0.2902, 0.5689 -0.8889 0.2661, 0.5689 -0.8695 0.2886, 0.5689 -0.9199 0.3301, 0.5689 -0.9167 0.294, 0.5689 -0.91 0.292, 0.5689 -0.891 0.4433, 0.5689 -0.7511 0.347, 0.5689 -0.7658 0.3721, 0.5689 -0.8175 0.3119, 0.5689 -0.8293 0.3389, 0.5689 -0.8175 0.3071, 0.5689 -0.8429 0.2652, 0.5689 -0.8334 0.2717, 0.5689 -0.8483 0.3138, 0.5689 -0.8471 0.3094, 0.5689 -0.847 0.3048, 0.5689 -0.848 0.3003, 0.5689 -0.8502 0.2961, 0.5689 -0.7354 0.394, 0.5689 -0.7316 0.394, 0.5689 -0.7122 0.4196, 0.5689 -0.7226 0.3928, 0.5689 -0.7098 0.4188, 0.5689 -0.7143 0.3897, 0.5689 -0.6957 0.4118, 0.5689 -0.6828 0.4009, 0.5689 -0.8704 0.4537, 0.5689 -0.8475 0.4354, 0.5689 -0.8592 0.4632, 0.5689 -0.8348 0.4447, 0.5689 -0.8448 0.4719, 0.5689 -0.8954 0.4146, 0.5689 -0.8905 0.4148, 0.5689 -0.8856 0.443, 0.5689 -0.8795 0.4135, 0.5689 -0.8688 0.4096, 0.5689 -0.8807 0.2962, 0.5689 -0.8827 0.3002, 0.5689 -0.8838 0.3045, 0.5689 -0.878 0.2615, 0.5689 -0.8668 0.2597, 0.5689 -0.8654 0.2882, 0.5689 -0.8649 0.2597, 0.5689 -0.8611 0.2887, 0.5689 -0.8535 0.2611, 0.5689 -0.8569 0.2902, 0.5689 -0.8533 0.2927, 0.5689 -0.6828 0.3124, 0.5689 -0.7049 0.3312, 0.5689 -0.6957 0.3014, 0.5689 -0.7119 0.3254, 0.5689 -0.7101 0.2943, 0.5689 -0.7203 0.3216, 0.5689 -0.7259 0.291, 0.5689 -0.7288 0.3199, 0.5689 -0.7539 0.291, 0.5689 -0.7501 0.3199, 0.5689 -0.7566 0.2914, 0.5689 -0.707 0.3845, 0.5689 -0.7015 0.3784, 0.5689 -0.6732 0.3874, 0.5689 -0.6971 0.3702, 0.5689 -0.6674 0.3729, 0.5689 -0.6948 0.3611, 0.5689 -0.6652 0.3574, 0.5689 -0.6946 0.357, 0.5689 -0.6674 0.3405, 0.5689 -0.6958 0.3477, 0.5689 -0.6733 0.3255, 0.5689 -0.699 0.3393, 0.5689 -0.7042 0.3319, 0.5689 -0.7378 0.4571, 0.5689 -0.7563 0.4352, 0.5689 -0.7208 0.437, 0.5689 -0.7456 0.4224, 0.5689 -0.7383 0.4071, 0.5689 -0.9366 0.3789, 0.5689 -0.9677 0.3714, 0.5689 -0.938 0.3674, 0.5689 -0.9679 0.3664, 0.5689 -0.9374 0.3601, 0.5689 -0.9657 0.3484, 0.5689 -0.934 0.3485, 0.5689 -0.959 0.3307, 0.5689 -0.9284 0.3388, 0.5689 -0.9479 0.3147, 0.5689 -0.9338 0.3025, 0.5689 -0.8838 0.3088, 0.5689 -0.8827 0.3134, 0.5689 -0.9043 0.334, 0.5689 -0.8804 0.3174, 0.5689 -0.8964 0.3429, 0.5689 -0.8776 0.3205, 0.5689 -0.8867 0.3497, 0.5689 -0.8739 0.3231, 0.5689 -0.8762 0.3537, 0.5689 -0.8697 0.3247, 0.5689 -0.8649 0.3551, 0.5689 -0.8654 0.3252, 0.5689 -0.8591 0.3547, 0.5689 -0.862 0.3248, 0.5689 -0.8477 0.3519, 0.5689 -0.8575 0.3234, 0.5689 -0.8376 0.3465, 0.5689 -0.8536 0.3209, 0.5689 -0.8505 0.3176, 0.5689 -0.8227 0.4795, 0.5689 -0.8193 0.451, 0.5689 -0.8023 0.4817, 0.5689 -0.8018 0.4533, 0.5689 -0.7828 0.4797, 0.5689 -0.7858 0.4513, 0.5689 -0.7589 0.4713, 0.5689 -0.7709 0.4456, 0.5689 -0.7575 0.4363, 0.5689 -0.9268 0.4344, 0.5689 -0.942 0.4239, 0.5689 -0.9259 0.3989, 0.5689 -0.9456 0.4205, 0.5689 -0.9325 0.3894, 0.5689 -0.9568 0.4063, 0.5689 -0.9644 0.3892, 0.5689 -0.7525 0.3204, 0.5689 -0.7639 0.296, 0.5689 -0.7628 0.2949, 0.5689 -0.7511 0.3201, 0.5689 -0.7597 0.2927, 0.5689 -0.7677 0.3057, 0.5689 -0.7672 0.3022, 0.5689 -0.766 0.299, 0.5689 -0.7566 0.32, 0.5689 -0.7599 0.3187, 0.5689 -0.7676 0.3076, 0.5689 -0.7628 0.3166, 0.5689 -0.7648 0.3144, 0.5689 -0.7666 0.3112, 0.5689 -0.753 0.3204, 0.565 -0.6797 0.3965, 0.565 -0.6732 0.3874, 0.565 -0.669 0.377, 0.565 -0.6674 0.3729, 0.565 -0.6652 0.3574, 0.565 -0.6828 0.4009, 0.565 -0.6957 0.4118, 0.565 -0.7098 0.4188, 0.565 -0.7122 0.4196, 0.565 -0.7208 0.437, 0.565 -0.7378 0.4571, 0.565 -0.7487 0.4644, 0.565 -0.7589 0.4713, 0.565 -0.7828 0.4797, 0.565 -0.8023 0.4817, 0.565 -0.8592 0.4632, 0.565 -0.8573 0.4644, 0.565 -0.8448 0.4719, 0.565 -0.8227 0.4795, 0.565 -0.8704 0.4537, 0.565 -0.8801 0.4423, 0.565 -0.8856 0.443, 0.565 -0.891 0.4433, 0.565 -0.9092 0.4411, 0.565 -0.9268 0.4344, 0.565 -0.942 0.4239, 0.565 -0.9456 0.4205, 0.565 -0.9568 0.4063, 0.565 -0.9611 0.3965, 0.565 -0.9644 0.3892, 0.565 -0.9667 0.377, 0.565 -0.9677 0.3714, 0.565 -0.9679 0.3664, 0.565 -0.9657 0.3484, 0.565 -0.959 0.3307, 0.565 -0.9479 0.3147, 0.565 -0.9338 0.3025, 0.565 -0.9167 0.294, 0.565 -0.91 0.292, 0.565 -0.9094 0.2907, 0.565 -0.9052 0.2818, 0.565 -0.8982 0.2731, 0.565 -0.8889 0.2661, 0.565 -0.8845 0.2642, 0.565 -0.878 0.2615, 0.565 -0.8668 0.2597, 0.565 -0.8649 0.2597, 0.565 -0.8175 0.3071, 0.565 -0.8535 0.2611, 0.565 -0.8453 0.2642, 0.565 -0.8429 0.2652, 0.565 -0.8334 0.2717, 0.565 -0.8261 0.2799, 0.565 -0.8205 0.2905, 0.565 -0.8205 0.2907, 0.565 -0.8177 0.3022, 0.565 -0.8175 0.3119, 0.565 -0.7511 0.347, 0.565 -0.7658 0.3721, 0.565 -0.8293 0.3389, 0.565 -0.8376 0.3465, 0.565 -0.8477 0.3519, 0.565 -0.8591 0.3547, 0.565 -0.8649 0.3551, 0.565 -0.8762 0.3537, 0.565 -0.8867 0.3497, 0.565 -0.8964 0.3429, 0.565 -0.9043 0.334, 0.565 -0.9095 0.3237, 0.565 -0.9199 0.3301, 0.565 -0.9284 0.3388, 0.565 -0.934 0.3485, 0.565 -0.9374 0.3601, 0.565 -0.938 0.3674, 0.565 -0.9368 0.377, 0.565 -0.9366 0.3789, 0.565 -0.9325 0.3894, 0.565 -0.9276 0.3965, 0.565 -0.9259 0.3989, 0.565 -0.9177 0.4062, 0.565 -0.9072 0.4118, 0.565 -0.8954 0.4146, 0.565 -0.8905 0.4148, 0.565 -0.8795 0.4135, 0.565 -0.8688 0.4096, 0.565 -0.8654 0.4077, 0.565 -0.8582 0.4227, 0.565 -0.8475 0.4354, 0.565 -0.8348 0.4447, 0.565 -0.8193 0.451, 0.565 -0.8018 0.4533, 0.565 -0.7858 0.4513, 0.565 -0.7709 0.4456, 0.565 -0.7575 0.4363, 0.565 -0.7563 0.4352, 0.565 -0.7456 0.4224, 0.565 -0.7383 0.4071, 0.565 -0.736 0.3965, 0.565 -0.7354 0.394, 0.565 -0.7316 0.394, 0.565 -0.7226 0.3928, 0.565 -0.7143 0.3897, 0.565 -0.707 0.3845, 0.565 -0.7015 0.3784, 0.565 -0.7007 0.377, 0.565 -0.6971 0.3702, 0.565 -0.6948 0.3611, 0.565 -0.6946 0.357, 0.565 -0.6958 0.3477, 0.565 -0.699 0.3393, 0.565 -0.7042 0.3319, 0.565 -0.7049 0.3312, 0.565 -0.7119 0.3254, 0.565 -0.7203 0.3216, 0.565 -0.7288 0.3199, 0.565 -0.7501 0.3199, 0.565 -0.7511 0.3201, 0.565 -0.7525 0.3204, 0.565 -0.753 0.3204, 0.565 -0.7566 0.32, 0.565 -0.7599 0.3187, 0.565 -0.7628 0.3166, 0.565 -0.7648 0.3144, 0.565 -0.7666 0.3112, 0.565 -0.7676 0.3076, 0.565 -0.7677 0.3057, 0.565 -0.7672 0.3022, 0.565 -0.766 0.299, 0.565 -0.7639 0.296, 0.565 -0.7628 0.2949, 0.565 -0.7597 0.2927, 0.565 -0.7566 0.2914, 0.565 -0.7539 0.291, 0.565 -0.7259 0.291, 0.565 -0.7101 0.2943, 0.565 -0.6957 0.3014, 0.565 -0.6828 0.3124, 0.565 -0.6733 0.3255, 0.565 -0.6674 0.3405, 0.565 -0.8654 0.3252, 0.565 -0.862 0.3248, 0.565 -0.8575 0.3234, 0.565 -0.8536 0.3209, 0.565 -0.8505 0.3176, 0.565 -0.8483 0.3138, 0.565 -0.8471 0.3094, 0.565 -0.847 0.3048, 0.565 -0.848 0.3003, 0.565 -0.8502 0.2961, 0.565 -0.8533 0.2927, 0.565 -0.8569 0.2902, 0.565 -0.8611 0.2887, 0.565 -0.8654 0.2882, 0.565 -0.8695 0.2886, 0.565 -0.8739 0.2902, 0.565 -0.8777 0.2928, 0.565 -0.8807 0.2962, 0.565 -0.8827 0.3002, 0.565 -0.8838 0.3045, 0.565 -0.8838 0.3088, 0.565 -0.8827 0.3134, 0.565 -0.8804 0.3174, 0.565 -0.8776 0.3205, 0.565 -0.8739 0.3231, 0.565 -0.8697 0.3247, 0.565 -0.8697 0.3247
            ]
        }
        coordIndex [
            0,1,2,-1,3,4,5,-1,6,7,8,-1,9,10,11,-1,12,1,13,-1,13,1,14,-1,13,14,15,-1,16,17,2,-1,2,17,18,-1,2,18,0,-1,5,4,19,-1,20,21,22,-1,22,21,23,-1,22,23,24,-1,24,23,25,-1,24,25,8,-1,8,25,26,-1,8,26,6,-1,27,28,23,-1,23,28,29,-1,23,29,25,-1,25,29,30,-1,25,30,31,-1,32,33,34,-1,34,33,35,-1,34,35,36,-1,36,35,37,-1,36,37,38,-1,38,37,39,-1,9,11,40,-1,40,11,41,-1,40,41,42,-1,42,41,43,-1,42,43,44,-1,4,45,19,-1,19,45,46,-1,19,46,47,-1,47,46,48,-1,47,48,9,-1,9,48,49,-1,9,49,10,-1,12,50,1,-1,1,50,51,-1,1,51,2,-1,2,51,52,-1,14,53,15,-1,15,53,54,-1,15,54,55,-1,55,54,56,-1,55,56,57,-1,57,56,58,-1,57,58,59,-1,59,58,25,-1,59,25,60,-1,60,25,31,-1,61,62,63,-1,63,62,64,-1,63,64,65,-1,65,64,66,-1,65,66,67,-1,67,66,68,-1,67,68,69,-1,69,68,70,-1,69,70,71,-1,37,72,39,-1,39,72,73,-1,39,73,74,-1,74,73,75,-1,74,75,76,-1,76,75,77,-1,76,77,78,-1,78,77,79,-1,78,79,80,-1,80,79,81,-1,80,81,82,-1,82,81,83,-1,82,83,61,-1,61,83,84,-1,61,84,62,-1,85,86,87,-1,87,86,88,-1,87,88,34,-1,34,88,89,-1,34,89,32,-1,90,91,92,-1,92,91,93,-1,92,93,94,-1,94,93,95,-1,94,95,96,-1,96,95,97,-1,96,97,98,-1,98,97,99,-1,98,99,16,-1,16,99,100,-1,16,100,17,-1,52,101,2,-1,2,101,102,-1,2,102,103,-1,103,102,104,-1,103,104,105,-1,105,104,106,-1,105,106,107,-1,107,106,108,-1,107,108,109,-1,109,108,110,-1,109,110,111,-1,111,110,112,-1,111,112,113,-1,113,112,114,-1,113,114,115,-1,115,114,116,-1,115,116,117,-1,117,116,118,-1,117,118,23,-1,23,118,119,-1,23,119,27,-1,44,43,120,-1,120,43,121,-1,120,121,122,-1,122,121,123,-1,122,123,124,-1,124,123,125,-1,124,125,126,-1,126,125,127,-1,126,127,85,-1,85,127,128,-1,85,128,86,-1,5,129,3,-1,3,129,130,-1,3,130,131,-1,131,130,132,-1,131,132,133,-1,133,132,134,-1,133,134,90,-1,90,134,135,-1,90,135,91,-1,136,137,138,-1,70,139,71,-1,71,139,136,-1,71,136,140,-1,140,136,138,-1,141,142,136,-1,136,142,143,-1,136,143,137,-1,144,145,146,-1,145,147,146,-1,146,147,148,-1,146,148,149,-1,141,136,146,-1,146,136,150,-1,146,150,144,-1,151,39,152,-1,152,39,74,-1,152,74,153,-1,153,74,76,-1,153,76,154,-1,154,76,78,-1,154,78,155,-1,151,156,39,-1,39,156,157,-1,39,157,38,-1,38,157,158,-1,38,158,36,-1,36,158,159,-1,36,159,34,-1,34,159,160,-1,34,160,87,-1,87,160,161,-1,87,161,85,-1,126,85,162,-1,162,85,161,-1,162,163,126,-1,126,163,164,-1,126,164,124,-1,124,164,165,-1,124,165,122,-1,166,42,167,-1,167,42,44,-1,167,44,168,-1,168,44,120,-1,168,120,169,-1,169,120,122,-1,169,122,165,-1,42,166,170,-1,42,170,40,-1,40,170,171,-1,40,171,9,-1,9,171,172,-1,9,172,47,-1,47,172,173,-1,47,173,19,-1,19,173,174,-1,19,174,5,-1,5,174,175,-1,5,175,129,-1,129,175,176,-1,129,176,130,-1,130,176,177,-1,130,177,132,-1,135,134,178,-1,178,134,132,-1,178,132,177,-1,178,179,135,-1,135,179,180,-1,135,180,91,-1,91,180,181,-1,181,182,91,-1,91,182,183,-1,91,183,93,-1,93,183,184,-1,93,184,95,-1,95,184,185,-1,95,185,97,-1,97,185,186,-1,97,186,99,-1,99,186,187,-1,99,187,100,-1,100,187,188,-1,100,188,17,-1,17,188,189,-1,17,189,18,-1,18,189,190,-1,18,190,0,-1,190,191,0,-1,0,191,192,-1,0,192,1,-1,1,192,193,-1,1,193,14,-1,14,193,194,-1,14,194,53,-1,194,195,53,-1,53,195,196,-1,53,196,54,-1,54,196,197,-1,54,197,56,-1,198,24,8,-1,56,197,199,-1,200,25,199,-1,199,25,58,-1,199,58,56,-1,200,201,25,-1,25,201,202,-1,25,202,26,-1,26,202,203,-1,26,203,6,-1,6,203,204,-1,6,204,7,-1,7,204,205,-1,7,205,8,-1,8,205,206,-1,8,206,198,-1,22,24,207,-1,207,24,198,-1,20,22,208,-1,208,22,207,-1,21,20,209,-1,209,20,208,-1,23,21,210,-1,210,21,209,-1,23,210,211,-1,23,211,117,-1,117,211,212,-1,117,212,115,-1,115,212,213,-1,115,213,113,-1,113,213,214,-1,113,214,111,-1,111,214,215,-1,111,215,109,-1,109,215,216,-1,109,216,107,-1,107,216,217,-1,107,217,105,-1,105,217,218,-1,105,218,103,-1,103,218,219,-1,103,219,2,-1,2,219,220,-1,2,220,16,-1,16,220,221,-1,16,221,98,-1,98,221,222,-1,98,222,96,-1,96,222,223,-1,96,223,94,-1,94,223,224,-1,94,224,92,-1,92,224,225,-1,92,225,90,-1,90,225,226,-1,90,226,227,-1,228,131,227,-1,227,131,133,-1,227,133,90,-1,228,229,131,-1,131,229,230,-1,131,230,3,-1,3,230,231,-1,3,231,4,-1,4,231,232,-1,4,232,45,-1,45,232,233,-1,45,233,46,-1,46,233,234,-1,46,234,48,-1,48,234,235,-1,48,235,49,-1,49,235,236,-1,49,236,10,-1,10,236,237,-1,10,237,11,-1,11,237,238,-1,11,238,41,-1,41,238,239,-1,41,239,43,-1,43,239,240,-1,43,240,121,-1,121,240,241,-1,121,241,123,-1,123,241,242,-1,123,242,125,-1,125,242,243,-1,125,243,127,-1,127,243,244,-1,127,244,128,-1,128,244,245,-1,128,245,86,-1,86,245,246,-1,86,246,88,-1,88,246,247,-1,88,247,89,-1,89,247,32,-1,32,247,248,-1,32,248,249,-1,33,32,250,-1,250,32,249,-1,33,250,251,-1,33,251,35,-1,35,251,252,-1,35,252,37,-1,37,252,253,-1,37,253,72,-1,72,253,254,-1,72,254,73,-1,73,254,255,-1,73,255,75,-1,255,256,75,-1,75,256,257,-1,75,257,77,-1,77,257,258,-1,77,258,79,-1,79,258,259,-1,79,259,81,-1,81,259,260,-1,81,260,83,-1,83,260,261,-1,83,261,84,-1,84,261,262,-1,84,262,62,-1,62,262,263,-1,62,263,64,-1,64,263,264,-1,64,264,66,-1,66,264,265,-1,66,265,68,-1,70,68,266,-1,266,68,265,-1,70,266,267,-1,70,267,139,-1,139,267,268,-1,139,268,136,-1,136,268,269,-1,136,269,150,-1,150,269,270,-1,150,270,144,-1,144,270,271,-1,144,271,145,-1,145,271,272,-1,145,272,147,-1,147,272,273,-1,147,273,148,-1,148,273,274,-1,148,274,149,-1,149,274,275,-1,149,275,146,-1,146,275,276,-1,146,276,141,-1,141,276,277,-1,141,277,142,-1,142,277,278,-1,142,278,143,-1,143,278,279,-1,143,279,137,-1,137,279,280,-1,137,280,138,-1,138,280,281,-1,138,281,140,-1,140,281,282,-1,140,282,71,-1,71,282,283,-1,71,283,69,-1,67,69,284,-1,284,69,283,-1,67,284,285,-1,67,285,65,-1,65,285,286,-1,65,286,63,-1,63,286,287,-1,63,287,61,-1,61,287,288,-1,61,288,82,-1,82,288,289,-1,82,289,80,-1,80,289,155,-1,80,155,78,-1,112,290,291,-1,112,291,114,-1,114,291,292,-1,114,292,116,-1,116,292,293,-1,116,293,118,-1,118,293,294,-1,118,294,119,-1,119,294,295,-1,119,295,27,-1,27,295,296,-1,27,296,28,-1,28,296,297,-1,28,297,29,-1,29,297,298,-1,29,298,30,-1,30,298,299,-1,30,299,31,-1,31,299,300,-1,31,300,60,-1,60,300,301,-1,60,301,59,-1,59,301,302,-1,59,302,57,-1,57,302,303,-1,57,303,55,-1,55,303,304,-1,55,304,15,-1,15,304,305,-1,15,305,13,-1,13,305,306,-1,13,306,12,-1,12,306,307,-1,12,307,50,-1,50,307,308,-1,50,308,51,-1,51,308,309,-1,51,309,52,-1,52,309,310,-1,52,310,101,-1,101,310,311,-1,101,311,102,-1,102,311,312,-1,102,312,104,-1,104,312,313,-1,104,313,106,-1,106,313,314,-1,106,314,108,-1,108,314,315,-1,108,315,110,-1,110,315,290,-1,110,290,112,-1,
        ]
    }
}
Shape{
    appearance Appearance {
        material  Material 	{
            diffuseColor 0.25098039215686274 0.25098039215686274 0.25098039215686274
            specularColor 0.12549019607843137 0.12549019607843137 0.12549019607843137
            ambientIntensity 0.2
            transparency 0
            shininess 0.5
        }
    }
    geometry IndexedFaceSet {
        ccw TRUE
        solid FALSE
        coord DEF co Coordinate {
            point [
                0.565 -0.862 0.3248, 0.565 -0.8654 0.2882, 0.565 -0.8611 0.2887, 0.565 -0.8654 0.3252, 0.565 -0.8697 0.3247, 0.565 -0.8739 0.3231, 0.565 -0.8776 0.3205, 0.565 -0.8804 0.3174, 0.565 -0.8827 0.3134, 0.565 -0.8838 0.3088, 0.565 -0.8838 0.3045, 0.565 -0.8695 0.2886, 0.565 -0.8827 0.3002, 0.565 -0.8807 0.2962, 0.565 -0.8777 0.2928, 0.565 -0.8739 0.2902, 0.565 -0.8533 0.2927, 0.565 -0.8505 0.3176, 0.565 -0.8536 0.3209, 0.565 -0.8569 0.2902, 0.565 -0.8575 0.3234, 0.565 -0.848 0.3003, 0.565 -0.847 0.3048, 0.565 -0.8502 0.2961, 0.565 -0.8471 0.3094, 0.565 -0.8483 0.3138, 0.565 -0.8483 0.3138
            ]
        }
        coordIndex [
            0,1,2,-1,0,3,1,-1,1,3,4,-1,1,4,5,-1,5,6,1,-1,1,6,7,-1,1,7,8,-1,8,9,1,-1,1,9,10,-1,1,10,11,-1,11,10,12,-1,12,13,11,-1,11,13,14,-1,11,14,15,-1,16,17,18,-1,2,19,0,-1,0,19,16,-1,0,16,20,-1,20,16,18,-1,21,22,23,-1,23,22,24,-1,23,24,16,-1,16,24,25,-1,16,25,17,-1,
        ]
    }
}