#VRML V2.0 utf8
# 3D model generated by easyeda2kicad.py (https://github.com/uPesy/easyeda2kicad.py)

Shape{
    appearance Appearance {
        material  Material 	{
            diffuseColor 0.25098039215686274 0.25098039215686274 0.25098039215686274
            specularColor 0.12549019607843137 0.12549019607843137 0.12549019607843137
            ambientIntensity 0.2
            transparency 0
            shininess 0.5
        }
    }
    geometry IndexedFaceSet {
        ccw TRUE
        solid FALSE
        coord DEF co Coordinate {
            point [
                -0.0984 0.8661 0.3184, -0.0951 0.8661 0.2929, -0.1575 0.8661 0.3051, 0.1575 0.8661 0.502, 0.0696 0.8661 0.388, 0.0492 0.8661 0.4036, -0.5078 0.8661 0.0896, -0.5118 0.8661 0.0591, -0.7087 0.8661 0.1083, 0.2756 0.8661 0.0591, 0.0 0.8661 0.2199, 0.0255 0.8661 0.2233, 0.0492 0.8661 0.2331, 0.0696 0.8661 0.2488, 0.1575 0.8661 0.3051, 0.0852 0.8661 0.2692, 0.0951 0.8661 0.2929, 0.1575 0.8661 -0.187, -0.7087 0.8661 0.0098, 0.0984 0.8661 0.3184, 0.0951 0.8661 0.3438, 0.0852 0.8661 0.3676, -0.0696 0.8661 0.2488, -0.0492 0.8661 0.2331, -0.0 0.8661 -0.1018, -0.0255 0.8661 0.2233, 0.0255 0.8661 -0.1052, 0.0492 0.8661 -0.115, -0.0492 0.8661 -0.115, -0.0696 0.8661 -0.1307, -0.1575 0.8661 -0.187, -0.0852 0.8661 -0.151, -0.0951 0.8661 -0.1748, -0.0984 0.8661 -0.2003, -0.0951 0.8661 -0.2257, -0.1575 0.8661 -0.4232, -0.0852 0.8661 -0.2495, -0.0696 0.8661 -0.2699, -0.0492 0.8661 -0.2855, -0.0255 0.8661 -0.2953, 0.1575 0.8661 -0.4232, 0.0 0.8661 -0.2987, 0.0255 0.8661 -0.2953, 0.0492 0.8661 -0.2855, 0.0696 0.8661 -0.2699, 0.0255 0.8661 0.4134, -0.0 0.8661 0.4168, -0.1575 0.8661 0.502, -0.0255 0.8661 0.4134, -0.0492 0.8661 0.4036, -0.0696 0.8661 0.388, -0.0852 0.8661 0.3676, -0.0951 0.8661 0.3438, 0.2796 0.8661 0.0285, 0.2914 0.8661 0.0, 0.3102 0.8661 -0.0245, -0.4243 0.8661 0.1731, -0.5118 0.8661 0.3051, -0.3937 0.8661 0.1772, -0.3631 0.8661 0.1731, -0.3346 0.8661 0.1613, 0.3631 0.8661 0.1731, 0.3346 0.8661 0.1613, 0.3102 0.8661 0.1426, 0.2914 0.8661 0.1181, 0.2796 0.8661 0.0896, 0.3346 0.8661 -0.0432, 0.3631 0.8661 -0.055, 0.5118 0.8661 -0.187, 0.3937 0.8661 -0.0591, 0.4243 0.8661 -0.055, 0.4528 0.8661 -0.0432, 0.4772 0.8661 -0.0245, 0.7087 0.8661 0.0098, -0.4528 0.8661 0.1613, -0.4772 0.8661 0.1426, -0.496 0.8661 0.1181, -0.5078 0.8661 0.0285, -0.496 0.8661 0.0, -0.5118 0.8661 -0.187, -0.4772 0.8661 -0.0245, -0.4528 0.8661 -0.0432, -0.2756 0.8661 0.0591, -0.0255 0.8661 -0.1052, -0.0852 0.8661 0.2692, 0.5118 0.8661 0.0591, 0.7087 0.8661 0.1083, 0.5078 0.8661 0.0285, 0.496 0.8661 0.0, 0.0852 0.8661 -0.2495, 0.0951 0.8661 -0.2257, 0.0984 0.8661 -0.2003, -0.4243 0.8661 -0.055, -0.3937 0.8661 -0.0591, -0.3631 0.8661 -0.055, 0.0951 0.8661 -0.1748, 0.0852 0.8661 -0.151, 0.0696 0.8661 -0.1307, -0.2796 0.8661 0.0896, -0.2914 0.8661 0.1181, -0.3102 0.8661 0.1426, 0.4772 0.8661 0.1426, 0.5118 0.8661 0.3051, 0.496 0.8661 0.1181, 0.5078 0.8661 0.0896, -0.3346 0.8661 -0.0432, -0.3102 0.8661 -0.0245, -0.2914 0.8661 0.0, -0.2796 0.8661 0.0285, 0.4528 0.8661 0.1613, 0.4243 0.8661 0.1731, 0.3937 0.8661 0.1772, -0.0984 1.0236 -0.624, -0.0984 1.0236 -0.6594, -0.3543 1.0236 -0.6594, 0.5118 1.0236 0.3051, 0.1575 1.0236 0.3051, 0.1575 1.0236 0.502, -0.5118 1.0236 -0.187, -0.1575 1.0236 -0.187, -0.1575 1.0236 -0.4232, 0.0984 1.0236 -0.624, 0.1575 1.0236 -0.4232, -0.5906 1.0236 -0.6594, -0.6299 1.0236 -0.6594, -0.5906 1.0236 -0.624, -0.6299 1.0236 -0.2657, -0.3543 1.0236 -0.624, 0.3543 1.0236 -0.624, 0.3543 1.0236 -0.6594, 0.0984 1.0236 -0.6594, 0.6299 1.0236 -0.6594, 0.5906 1.0236 -0.6594, 0.5906 1.0236 -0.624, -0.7087 1.0236 0.1083, -0.6299 1.0236 0.3839, -0.5118 1.0236 0.3051, -0.6299 1.0236 0.6594, -0.1575 1.0236 0.3051, 0.6299 1.0236 -0.2657, 0.5118 1.0236 -0.187, 0.8071 1.0236 -0.2657, 0.7087 1.0236 0.0098, 0.8071 1.0236 0.3839, 0.7087 1.0236 0.1083, 0.6299 1.0236 0.3839, 0.6299 1.0236 0.6594, -0.1575 1.0236 0.502, 0.1575 1.0236 -0.187, -0.7087 1.0236 0.0098, -0.8071 1.0236 -0.2657, -0.8071 1.0236 0.3839, -0.8071 0.0787 0.6594, -0.8071 0.7087 0.6594, -0.8071 0.7087 0.3839, -0.8071 0.7087 -0.2657, -0.8071 0.7087 -0.6594, -0.8071 0.2756 -0.6594, -0.8071 0.2756 -0.0951, -0.8071 0.0787 -0.0951, -0.6299 0.7087 0.6594, 0.8071 0.0787 0.6594, 0.8071 0.7087 0.6594, 0.6299 0.7087 0.6594, 0.8071 0.7087 0.3839, 0.8071 0.2756 -0.6594, 0.8071 0.7087 -0.6594, 0.8071 0.2756 -0.0951, 0.8071 0.7087 -0.2657, 0.8071 0.0787 -0.0951, 0.6299 0.7087 -0.6594, 0.5906 0.5906 -0.6594, -0.3543 0.5906 -0.6594, 0.0984 0.5906 -0.6594, 0.3543 0.5906 -0.6594, -0.0984 0.5906 -0.6594, 0.3839 0.2756 -0.6594, -0.3839 0.2756 -0.6594, 0.3839 0.0787 -0.6594, -0.3839 0.0787 -0.6594, -0.6299 0.7087 -0.6594, -0.5906 0.5906 -0.6594, 0.3839 0.0787 0.0, 0.378 0.0787 -0.0667, -0.1313 0.0787 -0.3607, -0.1919 0.0787 -0.3324, 0.2467 0.0787 -0.2941, 0.1919 0.0787 -0.3324, 0.1313 0.0787 -0.3607, 0.3607 0.0787 -0.1313, 0.3324 0.0787 -0.1919, 0.2941 0.0787 -0.2467, 0.0667 0.0787 -0.378, 0.0 0.0787 -0.3839, -0.0667 0.0787 -0.378, -0.2467 0.0787 -0.2941, -0.2941 0.0787 -0.2467, -0.3324 0.0787 0.1919, -0.2941 0.0787 0.2467, -0.3324 0.0787 -0.1919, -0.3607 0.0787 -0.1313, -0.378 0.0787 -0.0667, -0.2467 0.0787 0.2941, -0.1919 0.0787 0.3324, -0.1313 0.0787 0.3607, -0.3839 0.0787 -0.0, -0.378 0.0787 0.0667, -0.3607 0.0787 0.1313, -0.0667 0.0787 0.378, -0.0 0.0787 0.3839, 0.0667 0.0787 0.378, 0.1313 0.0787 0.3607, 0.1919 0.0787 0.3324, 0.2467 0.0787 0.2941, 0.2941 0.0787 0.2467, 0.3324 0.0787 0.1919, 0.3607 0.0787 0.1313, 0.378 0.0787 0.0667, 0.6299 0.7087 0.3839, 0.6299 0.7087 -0.2657, -0.6299 0.7087 -0.2657, -0.6299 0.7087 0.3839, -0.0984 0.7087 0.3184, -0.0951 0.7087 0.3438, -0.0852 0.7087 0.3676, -0.0696 0.7087 0.388, -0.0492 0.7087 0.4036, -0.0255 0.7087 0.4134, -0.0 0.7087 0.4168, 0.0255 0.7087 0.4134, 0.0492 0.7087 0.4036, 0.0696 0.7087 0.388, 0.0852 0.7087 0.3676, 0.0951 0.7087 0.3438, 0.0984 0.7087 0.3184, 0.0951 0.7087 0.2929, 0.0852 0.7087 0.2692, 0.0696 0.7087 0.2488, 0.0492 0.7087 0.2331, 0.0255 0.7087 0.2233, 0.0 0.7087 0.2199, -0.0255 0.7087 0.2233, -0.0492 0.7087 0.2331, -0.0696 0.7087 0.2488, -0.0852 0.7087 0.2692, -0.0951 0.7087 0.2929, 0.0 0.7087 0.3184, -0.0984 0.7087 -0.2003, -0.0951 0.7087 -0.1748, -0.0852 0.7087 -0.151, -0.0696 0.7087 -0.1307, -0.0492 0.7087 -0.115, -0.0255 0.7087 -0.1052, -0.0 0.7087 -0.1018, 0.0255 0.7087 -0.1052, 0.0492 0.7087 -0.115, 0.0696 0.7087 -0.1307, 0.0852 0.7087 -0.151, 0.0951 0.7087 -0.1748, 0.0984 0.7087 -0.2003, 0.0951 0.7087 -0.2257, 0.0852 0.7087 -0.2495, 0.0696 0.7087 -0.2699, 0.0492 0.7087 -0.2855, 0.0255 0.7087 -0.2953, 0.0 0.7087 -0.2987, -0.0255 0.7087 -0.2953, -0.0492 0.7087 -0.2855, -0.0696 0.7087 -0.2699, -0.0852 0.7087 -0.2495, -0.0951 0.7087 -0.2257, 0.0 0.7087 -0.2003, 0.2756 0.7087 0.0591, 0.2796 0.7087 0.0896, 0.2914 0.7087 0.1181, 0.3102 0.7087 0.1426, 0.3346 0.7087 0.1613, 0.3631 0.7087 0.1731, 0.3937 0.7087 0.1772, 0.4243 0.7087 0.1731, 0.4528 0.7087 0.1613, 0.4772 0.7087 0.1426, 0.496 0.7087 0.1181, 0.5078 0.7087 0.0896, 0.5118 0.7087 0.0591, 0.5078 0.7087 0.0285, 0.496 0.7087 0.0, 0.4772 0.7087 -0.0245, 0.4528 0.7087 -0.0432, 0.4243 0.7087 -0.055, 0.3937 0.7087 -0.0591, 0.3631 0.7087 -0.055, 0.3346 0.7087 -0.0432, 0.3102 0.7087 -0.0245, 0.2914 0.7087 0.0, 0.2796 0.7087 0.0285, 0.3937 0.7087 0.0591, -0.5118 0.7087 0.0591, -0.5078 0.7087 0.0896, -0.496 0.7087 0.1181, -0.4772 0.7087 0.1426, -0.4528 0.7087 0.1613, -0.4243 0.7087 0.1731, -0.3937 0.7087 0.1772, -0.3631 0.7087 0.1731, -0.3346 0.7087 0.1613, -0.3102 0.7087 0.1426, -0.2914 0.7087 0.1181, -0.2796 0.7087 0.0896, -0.2756 0.7087 0.0591, -0.2796 0.7087 0.0285, -0.2914 0.7087 0.0, -0.3102 0.7087 -0.0245, -0.3346 0.7087 -0.0432, -0.3631 0.7087 -0.055, -0.3937 0.7087 -0.0591, -0.4243 0.7087 -0.055, -0.4528 0.7087 -0.0432, -0.4772 0.7087 -0.0245, -0.496 0.7087 0.0, -0.5078 0.7087 0.0285, -0.3937 0.7087 0.0591, -0.0984 0.5906 -0.624, 0.0984 0.5906 -0.624, -0.5906 0.5906 -0.624, -0.3543 0.5906 -0.624, 0.5906 0.5906 -0.624, 0.3543 0.5906 -0.624, 0.3543 0.5906 -0.624
            ]
        }
        coordIndex [
            0,1,2,-1,3,4,5,-1,6,7,8,-1,9,10,11,-1,12,13,14,-1,14,13,15,-1,14,15,16,-1,10,9,17,-1,8,7,18,-1,16,19,14,-1,14,19,20,-1,14,20,3,-1,3,20,21,-1,3,21,4,-1,22,23,24,-1,24,23,25,-1,24,25,26,-1,26,25,10,-1,26,10,27,-1,28,29,30,-1,30,29,31,-1,30,31,32,-1,32,33,30,-1,30,33,34,-1,30,34,35,-1,35,34,36,-1,35,36,37,-1,37,38,35,-1,35,38,39,-1,35,39,40,-1,40,39,41,-1,40,41,42,-1,42,43,40,-1,40,43,44,-1,40,44,17,-1,5,45,3,-1,3,45,46,-1,3,46,47,-1,47,46,48,-1,47,48,49,-1,49,50,47,-1,47,50,51,-1,47,51,2,-1,2,51,52,-1,2,52,0,-1,9,53,17,-1,17,53,54,-1,17,54,55,-1,56,57,58,-1,58,57,2,-1,58,2,59,-1,59,2,60,-1,61,62,14,-1,14,62,63,-1,14,63,12,-1,12,63,64,-1,12,64,11,-1,11,64,65,-1,11,65,9,-1,55,66,17,-1,17,66,67,-1,17,67,68,-1,68,67,69,-1,68,69,70,-1,70,71,68,-1,68,71,72,-1,68,72,73,-1,56,74,57,-1,57,74,75,-1,57,75,8,-1,8,75,76,-1,8,76,6,-1,7,77,18,-1,18,77,78,-1,18,78,79,-1,79,78,80,-1,79,80,81,-1,82,24,83,-1,82,1,24,-1,24,1,84,-1,24,84,22,-1,85,86,87,-1,87,86,73,-1,87,73,88,-1,88,73,72,-1,44,89,17,-1,17,89,90,-1,17,90,91,-1,81,92,79,-1,79,92,93,-1,79,93,30,-1,30,93,94,-1,91,95,17,-1,17,95,96,-1,17,96,10,-1,10,96,97,-1,10,97,27,-1,82,98,1,-1,1,98,99,-1,1,99,2,-1,2,99,100,-1,2,100,60,-1,101,102,103,-1,103,102,86,-1,103,86,104,-1,104,86,85,-1,94,105,30,-1,30,105,106,-1,30,106,28,-1,28,106,107,-1,28,107,83,-1,83,107,108,-1,83,108,82,-1,101,109,102,-1,102,109,110,-1,102,110,14,-1,14,110,111,-1,14,111,61,-1,112,113,114,-1,115,116,117,-1,118,119,120,-1,112,120,121,-1,121,120,122,-1,123,124,125,-1,125,124,126,-1,125,126,127,-1,122,128,121,-1,121,128,129,-1,121,129,130,-1,131,132,133,-1,134,135,136,-1,136,135,137,-1,136,137,138,-1,139,140,141,-1,141,140,142,-1,141,142,143,-1,143,142,144,-1,143,144,145,-1,145,144,115,-1,145,115,146,-1,146,115,117,-1,146,117,137,-1,137,117,147,-1,137,147,138,-1,122,148,128,-1,128,148,140,-1,128,140,133,-1,133,140,139,-1,133,139,131,-1,112,114,120,-1,120,114,127,-1,120,127,118,-1,118,127,126,-1,118,126,149,-1,149,126,150,-1,149,150,134,-1,134,150,151,-1,134,151,135,-1,115,102,116,-1,116,102,14,-1,57,136,2,-1,2,136,138,-1,68,140,17,-1,17,140,148,-1,118,79,119,-1,119,79,30,-1,152,153,154,-1,150,155,151,-1,151,155,154,-1,156,157,155,-1,155,157,158,-1,155,158,154,-1,154,158,159,-1,154,159,152,-1,160,153,152,-1,161,162,163,-1,146,137,163,-1,163,137,160,-1,163,160,161,-1,161,160,152,-1,164,162,161,-1,165,166,167,-1,167,166,168,-1,141,143,168,-1,168,143,164,-1,168,164,167,-1,167,164,161,-1,167,161,169,-1,170,166,165,-1,171,132,131,-1,172,114,113,-1,130,129,173,-1,173,129,174,-1,175,176,177,-1,177,176,178,-1,177,178,179,-1,124,123,180,-1,180,123,181,-1,131,170,171,-1,171,170,165,-1,171,165,174,-1,174,165,176,-1,174,176,173,-1,173,176,175,-1,156,180,157,-1,157,180,181,-1,157,181,177,-1,177,181,172,-1,177,172,175,-1,175,172,113,-1,169,182,183,-1,179,184,185,-1,186,187,178,-1,178,187,188,-1,183,189,169,-1,169,189,190,-1,169,190,178,-1,178,190,191,-1,178,191,186,-1,188,192,178,-1,178,192,193,-1,178,193,179,-1,179,193,194,-1,179,194,184,-1,185,195,179,-1,179,195,196,-1,179,196,159,-1,152,197,198,-1,196,199,159,-1,159,199,200,-1,159,200,201,-1,198,202,152,-1,152,202,203,-1,152,203,204,-1,201,205,159,-1,159,205,206,-1,159,206,152,-1,152,206,207,-1,152,207,197,-1,204,208,152,-1,152,208,209,-1,152,209,161,-1,161,209,210,-1,161,210,211,-1,211,212,161,-1,161,212,213,-1,161,213,214,-1,214,215,161,-1,161,215,216,-1,161,216,169,-1,169,216,217,-1,169,217,182,-1,163,218,146,-1,146,218,145,-1,218,164,145,-1,145,164,143,-1,218,163,164,-1,164,163,162,-1,168,219,141,-1,141,219,139,-1,219,170,139,-1,139,170,131,-1,170,219,166,-1,166,219,168,-1,180,220,124,-1,124,220,126,-1,220,155,126,-1,126,155,150,-1,155,220,156,-1,156,220,180,-1,154,221,151,-1,151,221,135,-1,221,160,135,-1,135,160,137,-1,221,154,160,-1,160,154,153,-1,86,102,144,-1,144,102,115,-1,57,8,136,-1,136,8,134,-1,8,18,134,-1,134,18,149,-1,18,79,149,-1,149,79,118,-1,68,73,140,-1,140,73,142,-1,73,86,142,-1,142,86,144,-1,35,120,30,-1,30,120,119,-1,122,40,148,-1,148,40,17,-1,122,120,40,-1,40,120,35,-1,3,117,14,-1,14,117,116,-1,147,47,138,-1,138,47,2,-1,147,117,47,-1,47,117,3,-1,222,0,223,-1,223,0,52,-1,223,52,224,-1,224,52,51,-1,224,51,225,-1,225,51,50,-1,225,50,226,-1,226,50,49,-1,226,49,227,-1,227,49,48,-1,227,48,228,-1,228,48,46,-1,228,46,229,-1,229,46,45,-1,229,45,230,-1,230,45,5,-1,230,5,231,-1,231,5,4,-1,231,4,232,-1,232,4,21,-1,232,21,233,-1,233,21,20,-1,233,20,234,-1,234,20,19,-1,234,19,235,-1,235,19,16,-1,235,16,236,-1,236,16,15,-1,236,15,237,-1,237,15,13,-1,237,13,238,-1,238,13,12,-1,238,12,239,-1,239,12,11,-1,239,11,240,-1,240,11,10,-1,240,10,241,-1,241,10,25,-1,241,25,242,-1,242,25,23,-1,242,23,243,-1,243,23,22,-1,243,22,244,-1,244,22,84,-1,244,84,245,-1,245,84,1,-1,245,1,222,-1,222,1,0,-1,232,233,246,-1,246,233,234,-1,246,234,235,-1,229,230,246,-1,246,230,231,-1,246,231,232,-1,226,227,246,-1,246,227,228,-1,246,228,229,-1,223,224,246,-1,246,224,225,-1,246,225,226,-1,244,245,246,-1,246,245,222,-1,246,222,223,-1,241,242,246,-1,246,242,243,-1,246,243,244,-1,238,239,246,-1,246,239,240,-1,246,240,241,-1,235,236,246,-1,246,236,237,-1,246,237,238,-1,247,33,248,-1,248,33,32,-1,248,32,249,-1,249,32,31,-1,249,31,250,-1,250,31,29,-1,250,29,251,-1,251,29,28,-1,251,28,252,-1,252,28,83,-1,252,83,253,-1,253,83,24,-1,253,24,254,-1,254,24,26,-1,254,26,255,-1,255,26,27,-1,255,27,256,-1,256,27,97,-1,256,97,257,-1,257,97,96,-1,257,96,258,-1,258,96,95,-1,258,95,259,-1,259,95,91,-1,259,91,260,-1,260,91,90,-1,260,90,261,-1,261,90,89,-1,261,89,262,-1,262,89,44,-1,262,44,263,-1,263,44,43,-1,263,43,264,-1,264,43,42,-1,264,42,265,-1,265,42,41,-1,265,41,266,-1,266,41,39,-1,266,39,267,-1,267,39,38,-1,267,38,268,-1,268,38,37,-1,268,37,269,-1,269,37,36,-1,269,36,270,-1,270,36,34,-1,270,34,247,-1,247,34,33,-1,269,270,271,-1,271,270,247,-1,271,247,248,-1,266,267,271,-1,271,267,268,-1,271,268,269,-1,263,264,271,-1,271,264,265,-1,271,265,266,-1,260,261,271,-1,271,261,262,-1,271,262,263,-1,257,258,271,-1,271,258,259,-1,271,259,260,-1,254,255,271,-1,271,255,256,-1,271,256,257,-1,251,252,271,-1,271,252,253,-1,271,253,254,-1,248,249,271,-1,271,249,250,-1,271,250,251,-1,272,9,273,-1,273,9,65,-1,273,65,274,-1,274,65,64,-1,274,64,275,-1,275,64,63,-1,275,63,276,-1,276,63,62,-1,276,62,277,-1,277,62,61,-1,277,61,278,-1,278,61,111,-1,278,111,279,-1,279,111,110,-1,279,110,280,-1,280,110,109,-1,280,109,281,-1,281,109,101,-1,281,101,282,-1,282,101,103,-1,282,103,283,-1,283,103,104,-1,283,104,284,-1,284,104,85,-1,284,85,285,-1,285,85,87,-1,285,87,286,-1,286,87,88,-1,286,88,287,-1,287,88,72,-1,287,72,288,-1,288,72,71,-1,288,71,289,-1,289,71,70,-1,289,70,290,-1,290,70,69,-1,290,69,291,-1,291,69,67,-1,291,67,292,-1,292,67,66,-1,292,66,293,-1,293,66,55,-1,293,55,294,-1,294,55,54,-1,294,54,295,-1,295,54,53,-1,295,53,272,-1,272,53,9,-1,294,295,296,-1,296,295,272,-1,296,272,273,-1,291,292,296,-1,296,292,293,-1,296,293,294,-1,288,289,296,-1,296,289,290,-1,296,290,291,-1,285,286,296,-1,296,286,287,-1,296,287,288,-1,282,283,296,-1,296,283,284,-1,296,284,285,-1,279,280,296,-1,296,280,281,-1,296,281,282,-1,276,277,296,-1,296,277,278,-1,296,278,279,-1,273,274,296,-1,296,274,275,-1,296,275,276,-1,297,7,298,-1,298,7,6,-1,298,6,299,-1,299,6,76,-1,299,76,300,-1,300,76,75,-1,300,75,301,-1,301,75,74,-1,301,74,302,-1,302,74,56,-1,302,56,303,-1,303,56,58,-1,303,58,304,-1,304,58,59,-1,304,59,305,-1,305,59,60,-1,305,60,306,-1,306,60,100,-1,306,100,307,-1,307,100,99,-1,307,99,308,-1,308,99,98,-1,308,98,309,-1,309,98,82,-1,309,82,310,-1,310,82,108,-1,310,108,311,-1,311,108,107,-1,311,107,312,-1,312,107,106,-1,312,106,313,-1,313,106,105,-1,313,105,314,-1,314,105,94,-1,314,94,315,-1,315,94,93,-1,315,93,316,-1,316,93,92,-1,316,92,317,-1,317,92,81,-1,317,81,318,-1,318,81,80,-1,318,80,319,-1,319,80,78,-1,319,78,320,-1,320,78,77,-1,320,77,297,-1,297,77,7,-1,307,308,321,-1,321,308,309,-1,321,309,310,-1,304,305,321,-1,321,305,306,-1,321,306,307,-1,301,302,321,-1,321,302,303,-1,321,303,304,-1,298,299,321,-1,321,299,300,-1,321,300,301,-1,319,320,321,-1,321,320,297,-1,321,297,298,-1,316,317,321,-1,321,317,318,-1,321,318,319,-1,313,314,321,-1,321,314,315,-1,321,315,316,-1,310,311,321,-1,321,311,312,-1,321,312,313,-1,176,167,178,-1,178,167,169,-1,165,167,176,-1,158,177,159,-1,159,177,179,-1,157,177,158,-1,112,322,113,-1,113,322,175,-1,322,323,175,-1,175,323,173,-1,323,121,173,-1,173,121,130,-1,121,323,112,-1,112,323,322,-1,125,324,123,-1,123,324,181,-1,324,325,181,-1,181,325,172,-1,325,127,172,-1,172,127,114,-1,127,325,125,-1,125,325,324,-1,326,133,171,-1,171,133,132,-1,128,327,129,-1,129,327,174,-1,327,326,174,-1,174,326,171,-1,327,128,326,-1,326,128,133,-1,
        ]
    }
}
Shape{
    appearance Appearance {
        material  Material 	{
            diffuseColor 1.0 1.0 1.0
            specularColor 0.5019607843137255 0.5019607843137255 0.5019607843137255
            ambientIntensity 0.2
            transparency 0
            shininess 0.5
        }
    }
    geometry IndexedFaceSet {
        ccw TRUE
        solid FALSE
        coord DEF co Coordinate {
            point [
                0.1254 -0.317 -0.3408, 0.1242 -0.317 -0.3411, 0.1313 0.0787 -0.3607, -0.058 -0.317 -0.3585, -0.063 -0.317 -0.3573, -0.0667 0.0787 -0.378, -0.1882 -0.317 0.3105, -0.1814 -0.317 0.3141, -0.1919 0.0787 0.3324, 0.3624 -0.317 0.0233, 0.3839 0.0787 0.0, 0.3572 -0.317 0.063, 0.378 0.0787 0.0667, 0.3564 -0.317 0.0694, 0.3446 -0.317 0.1144, 0.3607 0.0787 0.1313, 0.3407 -0.317 0.124, 0.3272 -0.317 0.1576, 0.3324 0.0787 0.1919, 0.3138 -0.317 0.1812, 0.2941 0.0787 0.2467, 0.278 -0.317 0.2333, 0.3043 -0.317 0.1981, 0.2467 0.0787 0.2941, 0.2441 -0.317 0.2688, 0.2765 -0.317 0.2354, 0.1919 0.0787 0.3324, 0.2077 -0.317 0.2978, 0.233 -0.317 0.2777, 0.1254 -0.317 0.3408, 0.168 -0.317 0.3219, 0.1812 -0.317 0.3139, 0.1242 -0.317 0.3411, 0.1313 0.0787 0.3607, 0.0808 -0.317 0.354, 0.0667 0.0787 0.378, 0.0629 -0.317 0.3569, -0.0667 0.0787 0.378, -0.063 -0.317 0.3573, -0.058 -0.317 0.3585, -0.0 0.0787 0.3839, -0.0116 -0.317 0.3629, -0.0 -0.317 0.3626, 0.0349 -0.317 0.3614, -0.1033 -0.317 0.3481, -0.1313 0.0787 0.3607, -0.1239 -0.317 0.3405, -0.147 -0.317 0.332, -0.2264 -0.317 0.2839, -0.2467 0.0787 0.2941, -0.2331 -0.317 0.2778, -0.2608 -0.317 0.2526, -0.2941 0.0787 0.2467, -0.2776 -0.317 0.2329, -0.3324 0.0787 0.1919, -0.3143 -0.317 0.1814, -0.291 -0.317 0.2172, -0.3607 0.0787 0.1313, -0.3366 -0.317 0.1363, -0.3164 -0.317 0.1782, -0.3601 -0.317 0.0464, -0.3569 -0.317 0.0629, -0.378 0.0787 0.0667, -0.3512 -0.317 0.0921, -0.3407 -0.317 0.124, -0.3631 -0.317 -0.0, -0.3839 0.0787 -0.0, -0.3601 -0.317 -0.0464, -0.378 0.0787 -0.0667, -0.3569 -0.317 -0.0629, -0.3324 0.0787 -0.1919, -0.3143 -0.317 -0.1814, -0.3164 -0.317 -0.1782, -0.3607 0.0787 -0.1313, -0.3366 -0.317 -0.1363, -0.3407 -0.317 -0.124, -0.3512 -0.317 -0.0921, -0.291 -0.317 -0.2172, -0.2941 0.0787 -0.2467, -0.2776 -0.317 -0.2329, -0.1919 0.0787 -0.3324, -0.1814 -0.317 -0.3141, -0.1882 -0.317 -0.3105, -0.2467 0.0787 -0.2941, -0.2264 -0.317 -0.2839, -0.2331 -0.317 -0.2778, -0.2608 -0.317 -0.2526, -0.147 -0.317 -0.332, -0.1313 0.0787 -0.3607, -0.1239 -0.317 -0.3405, -0.1033 -0.317 -0.3481, -0.0116 -0.317 -0.3629, 0.0 0.0787 -0.3839, -0.0 -0.317 -0.3626, 0.0349 -0.317 -0.3614, 0.0667 0.0787 -0.378, 0.0629 -0.317 -0.3569, 0.0808 -0.317 -0.354, 0.168 -0.317 -0.3219, 0.1919 0.0787 -0.3324, 0.1812 -0.317 -0.3139, 0.2941 0.0787 -0.2467, 0.278 -0.317 -0.2333, 0.2765 -0.317 -0.2354, 0.2467 0.0787 -0.2941, 0.2441 -0.317 -0.2688, 0.233 -0.317 -0.2777, 0.2077 -0.317 -0.2978, 0.3043 -0.317 -0.1981, 0.3324 0.0787 -0.1919, 0.3138 -0.317 -0.1812, 0.3607 0.0787 -0.1313, 0.378 0.0787 -0.0667, 0.3564 -0.317 -0.0694, 0.3446 -0.317 -0.1144, 0.3407 -0.317 -0.124, 0.3272 -0.317 -0.1576, 0.3631 -0.317 -0.0, 0.3624 -0.317 -0.0233, 0.3572 -0.317 -0.063, -0.3238 -0.3543 -0.0, -0.3211 -0.3543 -0.0414, 0.0 -0.3543 -0.0, -0.3001 -0.3543 0.1215, -0.3132 -0.3543 0.0821, -0.3211 -0.3543 0.0414, -0.2326 -0.3543 0.2253, -0.2595 -0.3543 0.1937, -0.2821 -0.3543 0.1589, -0.1311 -0.3543 0.2961, -0.1679 -0.3543 0.2769, -0.2019 -0.3543 0.2532, -0.0104 -0.3543 0.3236, -0.0517 -0.3543 0.3197, -0.0921 -0.3543 0.3104, 0.1118 -0.3543 0.3039, 0.0721 -0.3543 0.3157, 0.0311 -0.3543 0.3223, 0.2177 -0.3543 0.2397, 0.1853 -0.3543 0.2656, 0.1498 -0.3543 0.2871, 0.2917 -0.3543 0.1405, 0.2714 -0.3543 0.1766, 0.2466 -0.3543 0.2099, 0.3231 -0.3543 0.0207, 0.3178 -0.3543 0.0619, 0.3073 -0.3543 0.102, 0.3073 -0.3543 -0.102, 0.3178 -0.3543 -0.0619, 0.3231 -0.3543 -0.0207, 0.2466 -0.3543 -0.2099, 0.2714 -0.3543 -0.1766, 0.2917 -0.3543 -0.1405, 0.1498 -0.3543 -0.2871, 0.1853 -0.3543 -0.2656, 0.2177 -0.3543 -0.2397, 0.0311 -0.3543 -0.3223, 0.0721 -0.3543 -0.3157, 0.1118 -0.3543 -0.3039, -0.0921 -0.3543 -0.3104, -0.0517 -0.3543 -0.3197, -0.0104 -0.3543 -0.3236, -0.2019 -0.3543 -0.2532, -0.1679 -0.3543 -0.2769, -0.1311 -0.3543 -0.2961, -0.2821 -0.3543 -0.1589, -0.2595 -0.3543 -0.1937, -0.2326 -0.3543 -0.2253, -0.3132 -0.3543 -0.0821, -0.3001 -0.3543 -0.1215, -0.3349 -0.3268 -0.1356, -0.3149 -0.3268 -0.1773, -0.2896 -0.3268 -0.2161, -0.2596 -0.3268 -0.2514, -0.2253 -0.3268 -0.2825, -0.1873 -0.3268 -0.309, -0.1463 -0.3268 -0.3304, -0.1028 -0.3268 -0.3464, -0.0577 -0.3268 -0.3567, -0.0116 -0.3268 -0.3612, 0.0347 -0.3268 -0.3597, 0.0804 -0.3268 -0.3523, 0.1248 -0.3268 -0.3391, 0.1671 -0.3268 -0.3204, 0.2067 -0.3268 -0.2964, 0.2429 -0.3268 -0.2675, 0.2751 -0.3268 -0.2342, 0.3028 -0.3268 -0.1971, 0.3256 -0.3268 -0.1568, 0.3429 -0.3268 -0.1139, 0.3547 -0.3268 -0.0691, 0.3606 -0.3268 -0.0232, 0.3606 -0.3268 0.0232, 0.3547 -0.3268 0.0691, 0.3429 -0.3268 0.1139, 0.3256 -0.3268 0.1568, 0.3028 -0.3268 0.1971, 0.2751 -0.3268 0.2342, 0.2429 -0.3268 0.2675, 0.2067 -0.3268 0.2964, 0.1671 -0.3268 0.3204, 0.1248 -0.3268 0.3391, 0.0804 -0.3268 0.3523, 0.0347 -0.3268 0.3597, -0.0116 -0.3268 0.3612, -0.0577 -0.3268 0.3567, -0.1028 -0.3268 0.3464, -0.1463 -0.3268 0.3304, -0.1873 -0.3268 0.309, -0.2253 -0.3268 0.2825, -0.2596 -0.3268 0.2514, -0.2896 -0.3268 0.2161, -0.3149 -0.3268 0.1773, -0.3349 -0.3268 0.1356, -0.3495 -0.3268 0.0917, -0.3584 -0.3268 0.0462, -0.3613 -0.3268 -0.0, -0.3584 -0.3268 -0.0462, -0.3495 -0.3268 -0.0917, -0.3543 -0.3358 0.0457, -0.3455 -0.3358 0.0906, -0.3311 -0.3358 0.134, -0.3112 -0.3358 0.1753, -0.2863 -0.3358 0.2136, -0.2566 -0.3358 0.2485, -0.2227 -0.3358 0.2793, -0.1852 -0.3358 0.3054, -0.1446 -0.3358 0.3266, -0.1016 -0.3358 0.3424, -0.057 -0.3358 0.3526, -0.0114 -0.3358 0.357, 0.0343 -0.3358 0.3555, 0.0795 -0.3358 0.3482, 0.1234 -0.3358 0.3352, 0.1652 -0.3358 0.3167, 0.2044 -0.3358 0.293, 0.2401 -0.3358 0.2644, 0.272 -0.3358 0.2315, 0.2994 -0.3358 0.1949, 0.3218 -0.3358 0.155, 0.339 -0.3358 0.1126, 0.3506 -0.3358 0.0683, 0.3565 -0.3358 0.0229, 0.3565 -0.3358 -0.0229, 0.3506 -0.3358 -0.0683, 0.339 -0.3358 -0.1126, 0.3218 -0.3358 -0.155, 0.2994 -0.3358 -0.1949, 0.272 -0.3358 -0.2315, 0.2401 -0.3358 -0.2644, 0.2044 -0.3358 -0.293, 0.1652 -0.3358 -0.3167, 0.1234 -0.3358 -0.3352, 0.0795 -0.3358 -0.3482, 0.0343 -0.3358 -0.3555, -0.0114 -0.3358 -0.357, -0.057 -0.3358 -0.3526, -0.1016 -0.3358 -0.3424, -0.1446 -0.3358 -0.3266, -0.1852 -0.3358 -0.3054, -0.2227 -0.3358 -0.2793, -0.2566 -0.3358 -0.2485, -0.2863 -0.3358 -0.2136, -0.3112 -0.3358 -0.1753, -0.3311 -0.3358 -0.134, -0.3455 -0.3358 -0.0906, -0.3543 -0.3358 -0.0457, -0.3572 -0.3358 -0.0, -0.348 -0.3435 0.0449, -0.3394 -0.3435 0.089, -0.3253 -0.3435 0.1317, -0.3057 -0.3435 0.1722, -0.2812 -0.3435 0.2099, -0.2521 -0.3435 0.2441, -0.2188 -0.3435 0.2743, -0.1819 -0.3435 0.3001, -0.142 -0.3435 0.3209, -0.0998 -0.3435 0.3364, -0.056 -0.3435 0.3464, -0.0112 -0.3435 0.3507, 0.0337 -0.3435 0.3493, 0.0781 -0.3435 0.3421, 0.1212 -0.3435 0.3293, 0.1623 -0.3435 0.3111, 0.2008 -0.3435 0.2878, 0.2359 -0.3435 0.2598, 0.2672 -0.3435 0.2275, 0.2941 -0.3435 0.1914, 0.3162 -0.3435 0.1523, 0.333 -0.3435 0.1106, 0.3444 -0.3435 0.0671, 0.3502 -0.3435 0.0225, 0.3502 -0.3435 -0.0225, 0.3444 -0.3435 -0.0671, 0.333 -0.3435 -0.1106, 0.3162 -0.3435 -0.1523, 0.2941 -0.3435 -0.1914, 0.2672 -0.3435 -0.2275, 0.2359 -0.3435 -0.2598, 0.2008 -0.3435 -0.2878, 0.1623 -0.3435 -0.3111, 0.1212 -0.3435 -0.3293, 0.0781 -0.3435 -0.3421, 0.0337 -0.3435 -0.3493, -0.0112 -0.3435 -0.3507, -0.056 -0.3435 -0.3464, -0.0998 -0.3435 -0.3364, -0.142 -0.3435 -0.3209, -0.1819 -0.3435 -0.3001, -0.2188 -0.3435 -0.2743, -0.2521 -0.3435 -0.2441, -0.2812 -0.3435 -0.2099, -0.3057 -0.3435 -0.1722, -0.3253 -0.3435 -0.1317, -0.3394 -0.3435 -0.089, -0.348 -0.3435 -0.0449, -0.3509 -0.3435 -0.0, -0.3401 -0.3494 0.0438, -0.3317 -0.3494 0.087, -0.3178 -0.3494 0.1287, -0.2988 -0.3494 0.1683, -0.2748 -0.3494 0.2051, -0.2463 -0.3494 0.2385, -0.2138 -0.3494 0.2681, -0.1778 -0.3494 0.2932, -0.1388 -0.3494 0.3135, -0.0976 -0.3494 0.3287, -0.0547 -0.3494 0.3385, -0.011 -0.3494 0.3427, 0.0329 -0.3494 0.3413, 0.0763 -0.3494 0.3343, 0.1184 -0.3494 0.3218, 0.1586 -0.3494 0.304, 0.1962 -0.3494 0.2812, 0.2305 -0.3494 0.2538, 0.2611 -0.3494 0.2223, 0.2874 -0.3494 0.1871, 0.3089 -0.3494 0.1488, 0.3254 -0.3494 0.108, 0.3366 -0.3494 0.0655, 0.3422 -0.3494 0.022, 0.3422 -0.3494 -0.022, 0.3366 -0.3494 -0.0655, 0.3254 -0.3494 -0.108, 0.3089 -0.3494 -0.1488, 0.2874 -0.3494 -0.1871, 0.2611 -0.3494 -0.2223, 0.2305 -0.3494 -0.2538, 0.1962 -0.3494 -0.2812, 0.1586 -0.3494 -0.304, 0.1184 -0.3494 -0.3218, 0.0763 -0.3494 -0.3343, 0.0329 -0.3494 -0.3413, -0.011 -0.3494 -0.3427, -0.0547 -0.3494 -0.3385, -0.0976 -0.3494 -0.3287, -0.1388 -0.3494 -0.3135, -0.1778 -0.3494 -0.2932, -0.2138 -0.3494 -0.2681, -0.2463 -0.3494 -0.2385, -0.2748 -0.3494 -0.2051, -0.2988 -0.3494 -0.1683, -0.3178 -0.3494 -0.1287, -0.3317 -0.3494 -0.087, -0.3401 -0.3494 -0.0438, -0.3429 -0.3494 -0.0, -0.3309 -0.3531 0.0427, -0.3227 -0.3531 0.0846, -0.3093 -0.3531 0.1252, -0.2907 -0.3531 0.1637, -0.2674 -0.3531 0.1996, -0.2397 -0.3531 0.2321, -0.208 -0.3531 0.2609, -0.173 -0.3531 0.2853, -0.1351 -0.3531 0.3051, -0.0949 -0.3531 0.3199, -0.0533 -0.3531 0.3294, -0.0107 -0.3531 0.3335, 0.032 -0.3531 0.3321, 0.0742 -0.3531 0.3253, 0.1152 -0.3531 0.3131, 0.1543 -0.3531 0.2958, 0.1909 -0.3531 0.2737, 0.2243 -0.3531 0.247, 0.2541 -0.3531 0.2163, 0.2796 -0.3531 0.182, 0.3006 -0.3531 0.1448, 0.3167 -0.3531 0.1051, 0.3275 -0.3531 0.0638, 0.333 -0.3531 0.0214, 0.333 -0.3531 -0.0214, 0.3275 -0.3531 -0.0638, 0.3167 -0.3531 -0.1051, 0.3006 -0.3531 -0.1448, 0.2796 -0.3531 -0.182, 0.2541 -0.3531 -0.2163, 0.2243 -0.3531 -0.247, 0.1909 -0.3531 -0.2737, 0.1543 -0.3531 -0.2958, 0.1152 -0.3531 -0.3131, 0.0742 -0.3531 -0.3253, 0.032 -0.3531 -0.3321, -0.0107 -0.3531 -0.3335, -0.0533 -0.3531 -0.3294, -0.0949 -0.3531 -0.3199, -0.1351 -0.3531 -0.3051, -0.173 -0.3531 -0.2853, -0.208 -0.3531 -0.2609, -0.2397 -0.3531 -0.2321, -0.2674 -0.3531 -0.1996, -0.2907 -0.3531 -0.1637, -0.3093 -0.3531 -0.1252, -0.3227 -0.3531 -0.0846, -0.3309 -0.3531 -0.0427, -0.3337 -0.3531 -0.0, -0.3337 -0.3531 -0.0
            ]
        }
        coordIndex [
            0,1,2,-1,3,4,5,-1,6,7,8,-1,9,10,11,-1,11,10,12,-1,11,12,13,-1,13,12,14,-1,14,12,15,-1,14,15,16,-1,16,15,17,-1,17,15,18,-1,17,18,19,-1,20,21,18,-1,18,21,22,-1,18,22,19,-1,23,24,20,-1,20,24,25,-1,20,25,21,-1,26,27,23,-1,23,27,28,-1,23,28,24,-1,29,30,26,-1,26,30,31,-1,26,31,27,-1,29,26,32,-1,32,26,33,-1,32,33,34,-1,34,33,35,-1,34,35,36,-1,37,38,39,-1,37,39,40,-1,39,41,40,-1,40,41,42,-1,40,42,35,-1,35,42,43,-1,35,43,36,-1,38,37,44,-1,44,37,45,-1,44,45,46,-1,8,7,45,-1,45,7,47,-1,45,47,46,-1,6,8,48,-1,48,8,49,-1,48,49,50,-1,50,49,51,-1,51,49,52,-1,51,52,53,-1,54,55,52,-1,52,55,56,-1,52,56,53,-1,57,58,54,-1,54,58,59,-1,54,59,55,-1,60,61,62,-1,62,61,63,-1,62,63,57,-1,57,63,64,-1,57,64,58,-1,60,62,65,-1,65,62,66,-1,65,66,67,-1,67,66,68,-1,67,68,69,-1,70,71,72,-1,70,72,73,-1,72,74,73,-1,73,74,75,-1,73,75,68,-1,68,75,76,-1,68,76,69,-1,71,70,77,-1,77,70,78,-1,77,78,79,-1,80,81,82,-1,80,82,83,-1,82,84,83,-1,83,84,85,-1,83,85,78,-1,78,85,86,-1,78,86,79,-1,81,80,87,-1,87,80,88,-1,87,88,89,-1,5,4,88,-1,88,4,90,-1,88,90,89,-1,3,5,91,-1,91,5,92,-1,91,92,93,-1,93,92,94,-1,94,92,95,-1,94,95,96,-1,2,1,95,-1,95,1,97,-1,95,97,96,-1,0,2,98,-1,98,2,99,-1,98,99,100,-1,101,102,103,-1,101,103,104,-1,103,105,104,-1,104,105,106,-1,104,106,99,-1,99,106,107,-1,99,107,100,-1,102,101,108,-1,108,101,109,-1,108,109,110,-1,111,112,113,-1,113,114,111,-1,111,114,115,-1,111,115,109,-1,109,115,116,-1,109,116,110,-1,9,117,10,-1,10,117,118,-1,10,118,112,-1,112,118,119,-1,112,119,113,-1,120,121,122,-1,123,124,122,-1,122,124,125,-1,122,125,120,-1,126,127,122,-1,122,127,128,-1,122,128,123,-1,129,130,122,-1,122,130,131,-1,122,131,126,-1,132,133,122,-1,122,133,134,-1,122,134,129,-1,135,136,122,-1,122,136,137,-1,122,137,132,-1,138,139,122,-1,122,139,140,-1,122,140,135,-1,141,142,122,-1,122,142,143,-1,122,143,138,-1,144,145,122,-1,122,145,146,-1,122,146,141,-1,147,148,122,-1,122,148,149,-1,122,149,144,-1,150,151,122,-1,122,151,152,-1,122,152,147,-1,153,154,122,-1,122,154,155,-1,122,155,150,-1,156,157,122,-1,122,157,158,-1,122,158,153,-1,159,160,122,-1,122,160,161,-1,122,161,156,-1,162,163,122,-1,122,163,164,-1,122,164,159,-1,165,166,122,-1,122,166,167,-1,122,167,162,-1,121,168,122,-1,122,168,169,-1,122,169,165,-1,170,74,72,-1,170,72,171,-1,171,72,71,-1,171,71,172,-1,71,77,172,-1,172,77,79,-1,172,79,173,-1,173,79,86,-1,173,86,174,-1,174,86,85,-1,85,84,174,-1,174,84,82,-1,174,82,175,-1,175,82,81,-1,175,81,176,-1,176,81,87,-1,176,87,177,-1,177,87,89,-1,89,90,177,-1,177,90,4,-1,177,4,178,-1,4,3,178,-1,178,3,91,-1,178,91,179,-1,179,91,93,-1,179,93,180,-1,180,93,94,-1,180,94,181,-1,181,94,96,-1,96,97,181,-1,181,97,1,-1,181,1,182,-1,1,0,182,-1,182,0,98,-1,182,98,183,-1,183,98,100,-1,183,100,184,-1,184,100,107,-1,184,107,185,-1,185,107,106,-1,106,105,185,-1,185,105,103,-1,185,103,186,-1,186,103,102,-1,186,102,187,-1,102,108,187,-1,187,108,110,-1,187,110,188,-1,188,110,116,-1,188,116,189,-1,189,116,115,-1,115,114,189,-1,189,114,113,-1,189,113,190,-1,190,113,119,-1,190,119,191,-1,119,118,191,-1,191,118,117,-1,191,117,192,-1,192,117,9,-1,192,9,193,-1,193,9,11,-1,11,13,193,-1,193,13,14,-1,193,14,194,-1,194,14,16,-1,194,16,195,-1,195,16,17,-1,195,17,196,-1,196,17,19,-1,19,22,196,-1,196,22,21,-1,196,21,197,-1,21,25,197,-1,197,25,24,-1,197,24,198,-1,198,24,28,-1,198,28,199,-1,199,28,27,-1,199,27,200,-1,200,27,31,-1,31,30,200,-1,200,30,29,-1,200,29,201,-1,201,29,32,-1,201,32,202,-1,32,34,202,-1,202,34,36,-1,202,36,203,-1,203,36,43,-1,203,43,204,-1,204,43,42,-1,42,41,204,-1,204,41,39,-1,204,39,205,-1,205,39,38,-1,205,38,206,-1,38,44,206,-1,206,44,46,-1,206,46,207,-1,207,46,47,-1,207,47,208,-1,208,47,7,-1,7,6,208,-1,208,6,48,-1,208,48,209,-1,209,48,50,-1,209,50,210,-1,210,50,51,-1,210,51,211,-1,211,51,53,-1,53,56,211,-1,211,56,55,-1,211,55,212,-1,55,59,212,-1,212,59,58,-1,212,58,213,-1,213,58,64,-1,213,64,214,-1,214,64,63,-1,214,63,215,-1,215,63,61,-1,61,60,215,-1,215,60,65,-1,215,65,216,-1,216,65,67,-1,216,67,217,-1,217,67,69,-1,217,69,218,-1,218,69,76,-1,218,76,170,-1,170,76,75,-1,170,75,74,-1,216,219,215,-1,215,219,220,-1,215,220,214,-1,214,220,221,-1,214,221,213,-1,213,221,222,-1,213,222,212,-1,212,222,223,-1,212,223,211,-1,211,223,224,-1,211,224,210,-1,210,224,225,-1,210,225,209,-1,209,225,226,-1,209,226,208,-1,208,226,227,-1,208,227,207,-1,207,227,228,-1,207,228,206,-1,206,228,229,-1,206,229,205,-1,205,229,230,-1,205,230,204,-1,204,230,231,-1,204,231,203,-1,203,231,232,-1,203,232,202,-1,202,232,233,-1,202,233,201,-1,201,233,234,-1,201,234,200,-1,200,234,235,-1,200,235,199,-1,199,235,236,-1,199,236,198,-1,198,236,237,-1,198,237,197,-1,197,237,238,-1,197,238,196,-1,196,238,239,-1,196,239,195,-1,195,239,240,-1,195,240,194,-1,194,240,241,-1,194,241,193,-1,193,241,242,-1,193,242,192,-1,192,242,243,-1,192,243,191,-1,191,243,244,-1,191,244,190,-1,190,244,245,-1,190,245,189,-1,189,245,246,-1,189,246,188,-1,188,246,247,-1,188,247,187,-1,187,247,248,-1,187,248,186,-1,186,248,249,-1,186,249,185,-1,185,249,250,-1,185,250,184,-1,184,250,251,-1,184,251,183,-1,183,251,252,-1,183,252,182,-1,182,252,253,-1,182,253,181,-1,181,253,254,-1,181,254,180,-1,180,254,255,-1,180,255,179,-1,179,255,256,-1,179,256,178,-1,178,256,257,-1,178,257,177,-1,177,257,258,-1,177,258,176,-1,176,258,259,-1,176,259,175,-1,175,259,260,-1,175,260,174,-1,174,260,261,-1,174,261,173,-1,173,261,262,-1,173,262,172,-1,172,262,263,-1,172,263,171,-1,171,263,264,-1,171,264,170,-1,170,264,265,-1,170,265,218,-1,218,265,266,-1,218,266,217,-1,217,266,267,-1,217,267,216,-1,216,267,219,-1,267,268,219,-1,219,268,269,-1,219,269,220,-1,220,269,270,-1,220,270,221,-1,221,270,271,-1,221,271,222,-1,222,271,272,-1,222,272,223,-1,223,272,273,-1,223,273,224,-1,224,273,274,-1,224,274,225,-1,225,274,275,-1,225,275,226,-1,226,275,276,-1,226,276,227,-1,227,276,277,-1,227,277,228,-1,228,277,278,-1,228,278,229,-1,229,278,279,-1,229,279,230,-1,230,279,280,-1,230,280,231,-1,231,280,281,-1,231,281,232,-1,232,281,282,-1,232,282,233,-1,233,282,283,-1,233,283,234,-1,234,283,284,-1,234,284,235,-1,235,284,285,-1,235,285,236,-1,236,285,286,-1,236,286,237,-1,237,286,287,-1,237,287,238,-1,238,287,288,-1,238,288,239,-1,239,288,289,-1,239,289,240,-1,240,289,290,-1,240,290,241,-1,241,290,291,-1,241,291,242,-1,242,291,292,-1,242,292,243,-1,243,292,293,-1,243,293,244,-1,244,293,294,-1,244,294,245,-1,245,294,295,-1,245,295,246,-1,246,295,296,-1,246,296,247,-1,247,296,297,-1,247,297,248,-1,248,297,298,-1,248,298,249,-1,249,298,299,-1,249,299,250,-1,250,299,300,-1,250,300,251,-1,251,300,301,-1,251,301,252,-1,252,301,302,-1,252,302,253,-1,253,302,303,-1,253,303,254,-1,254,303,304,-1,254,304,255,-1,255,304,305,-1,255,305,256,-1,256,305,306,-1,256,306,257,-1,257,306,307,-1,257,307,258,-1,258,307,308,-1,258,308,259,-1,259,308,309,-1,259,309,260,-1,260,309,310,-1,260,310,261,-1,261,310,311,-1,261,311,262,-1,262,311,312,-1,262,312,263,-1,263,312,313,-1,263,313,264,-1,264,313,314,-1,264,314,265,-1,265,314,315,-1,265,315,266,-1,266,315,316,-1,266,316,267,-1,267,316,268,-1,316,317,268,-1,268,317,318,-1,268,318,269,-1,269,318,319,-1,269,319,270,-1,270,319,320,-1,270,320,271,-1,271,320,321,-1,271,321,272,-1,272,321,322,-1,272,322,273,-1,273,322,323,-1,273,323,274,-1,274,323,324,-1,274,324,275,-1,275,324,325,-1,275,325,276,-1,276,325,326,-1,276,326,277,-1,277,326,327,-1,277,327,278,-1,278,327,328,-1,278,328,279,-1,279,328,329,-1,279,329,280,-1,280,329,330,-1,280,330,281,-1,281,330,331,-1,281,331,282,-1,282,331,332,-1,282,332,283,-1,283,332,333,-1,283,333,284,-1,284,333,334,-1,284,334,285,-1,285,334,335,-1,285,335,286,-1,286,335,336,-1,286,336,287,-1,287,336,337,-1,287,337,288,-1,288,337,338,-1,288,338,289,-1,289,338,339,-1,289,339,290,-1,290,339,340,-1,290,340,291,-1,291,340,341,-1,291,341,292,-1,292,341,342,-1,292,342,293,-1,293,342,343,-1,293,343,294,-1,294,343,344,-1,294,344,295,-1,295,344,345,-1,295,345,296,-1,296,345,346,-1,296,346,297,-1,297,346,347,-1,297,347,298,-1,298,347,348,-1,298,348,299,-1,299,348,349,-1,299,349,300,-1,300,349,350,-1,300,350,301,-1,301,350,351,-1,301,351,302,-1,302,351,352,-1,302,352,303,-1,303,352,353,-1,303,353,304,-1,304,353,354,-1,304,354,305,-1,305,354,355,-1,305,355,306,-1,306,355,356,-1,306,356,307,-1,307,356,357,-1,307,357,308,-1,308,357,358,-1,308,358,309,-1,309,358,359,-1,309,359,310,-1,310,359,360,-1,310,360,311,-1,311,360,361,-1,311,361,312,-1,312,361,362,-1,312,362,313,-1,313,362,363,-1,313,363,314,-1,314,363,364,-1,314,364,315,-1,315,364,365,-1,315,365,316,-1,316,365,317,-1,365,366,317,-1,317,366,367,-1,317,367,318,-1,318,367,368,-1,318,368,319,-1,319,368,369,-1,319,369,320,-1,320,369,370,-1,320,370,321,-1,321,370,371,-1,321,371,322,-1,322,371,372,-1,322,372,323,-1,323,372,373,-1,323,373,324,-1,324,373,374,-1,324,374,325,-1,325,374,375,-1,325,375,326,-1,326,375,376,-1,326,376,327,-1,327,376,377,-1,327,377,328,-1,328,377,378,-1,328,378,329,-1,329,378,379,-1,329,379,330,-1,330,379,380,-1,330,380,331,-1,331,380,381,-1,331,381,332,-1,332,381,382,-1,332,382,333,-1,333,382,383,-1,333,383,334,-1,334,383,384,-1,334,384,335,-1,335,384,385,-1,335,385,336,-1,336,385,386,-1,336,386,337,-1,337,386,387,-1,337,387,338,-1,338,387,388,-1,338,388,339,-1,339,388,389,-1,339,389,340,-1,340,389,390,-1,340,390,341,-1,341,390,391,-1,341,391,342,-1,342,391,392,-1,342,392,343,-1,343,392,393,-1,343,393,344,-1,344,393,394,-1,344,394,345,-1,345,394,395,-1,345,395,346,-1,346,395,396,-1,346,396,347,-1,347,396,397,-1,347,397,348,-1,348,397,398,-1,348,398,349,-1,349,398,399,-1,349,399,350,-1,350,399,400,-1,350,400,351,-1,351,400,401,-1,351,401,352,-1,352,401,402,-1,352,402,353,-1,353,402,403,-1,353,403,354,-1,354,403,404,-1,354,404,355,-1,355,404,405,-1,355,405,356,-1,356,405,406,-1,356,406,357,-1,357,406,407,-1,357,407,358,-1,358,407,408,-1,358,408,359,-1,359,408,409,-1,359,409,360,-1,360,409,410,-1,360,410,361,-1,361,410,411,-1,361,411,362,-1,362,411,412,-1,362,412,363,-1,363,412,413,-1,363,413,364,-1,364,413,414,-1,364,414,365,-1,365,414,366,-1,414,125,366,-1,366,125,124,-1,366,124,367,-1,367,124,123,-1,367,123,368,-1,368,123,128,-1,368,128,369,-1,369,128,127,-1,369,127,370,-1,370,127,126,-1,370,126,371,-1,371,126,131,-1,371,131,372,-1,372,131,130,-1,372,130,373,-1,373,130,129,-1,373,129,374,-1,374,129,134,-1,374,134,375,-1,375,134,133,-1,375,133,376,-1,376,133,132,-1,376,132,377,-1,377,132,137,-1,377,137,378,-1,378,137,136,-1,378,136,379,-1,379,136,135,-1,379,135,380,-1,380,135,140,-1,380,140,381,-1,381,140,139,-1,381,139,382,-1,382,139,138,-1,382,138,383,-1,383,138,143,-1,383,143,384,-1,384,143,142,-1,384,142,385,-1,385,142,141,-1,385,141,386,-1,386,141,146,-1,386,146,387,-1,387,146,145,-1,387,145,388,-1,388,145,144,-1,388,144,389,-1,389,144,149,-1,389,149,390,-1,390,149,148,-1,390,148,391,-1,391,148,147,-1,391,147,392,-1,392,147,152,-1,392,152,393,-1,393,152,151,-1,393,151,394,-1,394,151,150,-1,394,150,395,-1,395,150,155,-1,395,155,396,-1,396,155,154,-1,396,154,397,-1,397,154,153,-1,397,153,398,-1,398,153,158,-1,398,158,399,-1,399,158,157,-1,399,157,400,-1,400,157,156,-1,400,156,401,-1,401,156,161,-1,401,161,402,-1,402,161,160,-1,402,160,403,-1,403,160,159,-1,403,159,404,-1,404,159,164,-1,404,164,405,-1,405,164,163,-1,405,163,406,-1,406,163,162,-1,406,162,407,-1,407,162,167,-1,407,167,408,-1,408,167,166,-1,408,166,409,-1,409,166,165,-1,409,165,410,-1,410,165,169,-1,410,169,411,-1,411,169,168,-1,411,168,412,-1,412,168,121,-1,412,121,413,-1,413,121,120,-1,413,120,414,-1,414,120,125,-1,
        ]
    }
}
Shape{
    appearance Appearance {
        material  Material 	{
            diffuseColor 0.7529411764705882 0.7529411764705882 0.7529411764705882
            specularColor 0.3764705882352941 0.3764705882352941 0.3764705882352941
            ambientIntensity 0.2
            transparency 0
            shininess 0.5
        }
    }
    geometry IndexedFaceSet {
        ccw TRUE
        solid FALSE
        coord DEF co Coordinate {
            point [
                0.3543 0.5906 -0.624, 0.5906 0.5906 -0.624, 0.3543 1.0236 -0.624, 0.5906 1.0236 -0.624, 0.3543 0.5906 -0.6634, 0.5906 0.5906 -0.6634, 0.3543 1.0236 -0.5453, 0.3543 1.063 -0.5453, 0.3543 1.063 -0.6634, 0.5906 1.063 -0.5453, 0.5906 1.063 -0.6634, 0.5906 1.0236 -0.5453, -0.0984 0.5906 -0.624, 0.0984 0.5906 -0.624, -0.0984 1.0236 -0.624, 0.0984 1.0236 -0.624, -0.0984 0.5906 -0.6634, 0.0984 0.5906 -0.6634, -0.0984 1.0236 -0.5453, -0.0984 1.063 -0.5453, -0.0984 1.063 -0.6634, 0.0984 1.063 -0.5453, 0.0984 1.063 -0.6634, 0.0984 1.0236 -0.5453, -0.5906 0.5906 -0.624, -0.3543 0.5906 -0.624, -0.5906 1.0236 -0.624, -0.3543 1.0236 -0.624, -0.5906 0.5906 -0.6634, -0.3543 0.5906 -0.6634, -0.5906 1.0236 -0.5453, -0.5906 1.063 -0.5453, -0.5906 1.063 -0.6634, -0.3543 1.063 -0.5453, -0.3543 1.063 -0.6634, -0.3543 1.0236 -0.5453, -0.8069 0.7874 -0.2659, -0.8463 0.7874 -0.3341, -0.6762 0.7874 -0.3413, -0.7155 0.7874 -0.4095, -0.8463 1.0236 -0.3341, -0.8069 1.0236 -0.2659, -0.7155 1.0236 -0.4095, -0.6762 1.0236 -0.3413, 0.8463 0.7874 -0.3341, 0.8069 0.7874 -0.2659, 0.7155 0.7874 -0.4095, 0.6762 0.7874 -0.3413, 0.8069 1.0236 -0.2659, 0.8463 1.0236 -0.3341, 0.6762 1.0236 -0.3413, 0.7155 1.0236 -0.4095, -0.8069 1.0236 0.384, -0.8463 1.0236 0.4522, -0.6762 1.0236 0.4594, -0.7155 1.0236 0.5276, -0.8463 0.7874 0.4522, -0.8069 0.7874 0.384, -0.7155 0.7874 0.5276, -0.6762 0.7874 0.4594, 0.8463 1.0236 0.4522, 0.8069 1.0236 0.384, 0.7155 1.0236 0.5276, 0.6762 1.0236 0.4594, 0.8069 0.7874 0.384, 0.8463 0.7874 0.4522, 0.6762 0.7874 0.4594, 0.7155 0.7874 0.5276, -0.8858 1.0236 -0.2655, -0.8858 0.7874 -0.2655, -0.8858 1.0236 0.3836, -0.8858 0.7874 -0.2264, -0.8858 0.7874 0.3836, -0.8858 0.7874 0.3445, -0.8858 0.0791 0.3445, -0.8858 0.6299 -0.2264, -0.8858 0.0791 -0.2264, -0.8858 0.3543 -0.2264, -0.8858 0.3543 -0.6988, -0.8858 0.6299 -0.6988, -0.8858 0.6252 -0.7345, -0.8858 0.6115 -0.7677, -0.8858 0.5896 -0.7963, -0.8858 0.561 -0.8182, -0.8858 0.5278 -0.8319, -0.8858 0.4921 -0.8366, -0.8858 0.4565 -0.8319, -0.8858 0.4232 -0.8182, -0.8858 0.3947 -0.7963, -0.8858 0.3728 -0.7677, -0.8858 0.359 -0.7345, -0.8071 1.0236 0.3836, -0.8071 0.7874 0.3836, -0.8071 0.7874 0.3445, -0.8071 0.0791 0.3445, -0.8071 0.0791 -0.0951, -0.8071 0.7874 -0.2655, -0.8071 1.0236 -0.2655, -0.8071 0.7874 -0.2264, -0.8071 0.6299 -0.2264, -0.8071 0.3543 -0.2264, -0.8071 0.6299 -0.6988, -0.8071 0.3543 -0.6988, -0.8071 0.0791 -0.2264, -0.8071 0.0787 -0.0951, -0.8071 0.0787 -0.2264, -0.8071 0.561 -0.8182, -0.8071 0.5278 -0.8319, -0.8071 0.4921 -0.8366, -0.8071 0.359 -0.7345, -0.8071 0.3728 -0.7677, -0.8071 0.3947 -0.7963, -0.8071 0.4232 -0.8182, -0.8071 0.4565 -0.8319, -0.8071 0.5896 -0.7963, -0.8071 0.6115 -0.7677, -0.8071 0.6252 -0.7345, 0.8858 1.0236 0.3836, 0.8858 0.7874 0.3836, 0.8858 1.0236 -0.2655, 0.8858 0.7874 0.3445, 0.8858 0.0791 0.3445, 0.8858 0.0791 -0.2264, 0.8858 0.3543 -0.2264, 0.8858 0.7874 -0.2655, 0.8858 0.7874 -0.2264, 0.8858 0.6299 -0.2264, 0.8858 0.6299 -0.6988, 0.8858 0.3543 -0.6988, 0.8858 0.359 -0.7345, 0.8858 0.4232 -0.8182, 0.8858 0.4565 -0.8319, 0.8858 0.561 -0.8182, 0.8858 0.4921 -0.8366, 0.8858 0.5278 -0.8319, 0.8858 0.3728 -0.7677, 0.8858 0.3947 -0.7963, 0.8858 0.6252 -0.7345, 0.8858 0.6115 -0.7677, 0.8858 0.5896 -0.7963, 0.8071 0.7874 0.3445, 0.8071 0.7874 0.3836, 0.8071 1.0236 0.3836, 0.8071 0.0787 -0.2264, 0.8071 0.0787 -0.0951, 0.8071 0.0791 -0.2264, 0.8071 0.0791 -0.0951, 0.8071 0.3543 -0.2264, 0.8071 1.0236 -0.2655, 0.8071 0.7874 -0.2655, 0.8071 0.7874 -0.2264, 0.8071 0.6299 -0.2264, 0.8071 0.0791 0.3445, 0.8071 0.3543 -0.6988, 0.8071 0.6299 -0.6988, 0.8071 0.6252 -0.7345, 0.8071 0.6115 -0.7677, 0.8071 0.4565 -0.8319, 0.8071 0.5896 -0.7963, 0.8071 0.561 -0.8182, 0.8071 0.4921 -0.8366, 0.8071 0.5278 -0.8319, 0.8071 0.4232 -0.8182, 0.8071 0.3947 -0.7963, 0.8071 0.3728 -0.7677, 0.8071 0.359 -0.7345, -0.7047 0.0787 -0.2857, -0.7234 0.0787 -0.2612, -0.8067 0.0787 -0.0957, -0.7477 0.0787 -0.2424, -0.8067 0.0787 -0.2264, -0.7762 0.0787 -0.2305, 0.37 0.0787 -0.1347, 0.7874 0.0787 0.3445, 0.341 0.0787 -0.1969, 0.3016 0.0787 -0.2531, 0.3877 0.0787 -0.0684, 0.3937 0.0787 0.0, 0.3877 0.0787 0.0684, 0.3016 0.0787 0.2531, 0.7874 0.0787 0.6594, 0.341 0.0787 0.1969, 0.37 0.0787 0.1347, -0.7874 0.0787 0.6594, -0.1347 0.0787 0.37, -0.1969 0.0787 0.341, 0.2531 0.0787 0.3016, 0.1969 0.0787 0.341, 0.1347 0.0787 0.37, 0.0684 0.0787 0.3877, 0.0 0.0787 0.3937, -0.0684 0.0787 0.3877, -0.8067 0.0787 0.3445, -0.7874 0.0787 0.3445, 0.8858 0.0787 -0.502, 0.8858 0.0787 -0.6398, 0.8465 0.0787 -0.6791, 0.8845 0.0787 -0.65, 0.8806 0.0787 -0.6594, 0.5906 0.0787 -0.6739, 0.5824 0.0787 -0.6676, 0.7481 0.0787 -0.4468, 0.8465 0.0787 -0.4626, 0.8566 0.0787 -0.4639, 0.8743 0.0787 -0.6676, 0.8661 0.0787 -0.6739, 0.8566 0.0787 -0.6778, -0.2531 0.0787 0.3016, -0.3016 0.0787 0.2531, -0.341 0.0787 0.1969, -0.37 0.0787 0.1347, -0.6102 0.0787 -0.6791, -0.8465 0.0787 -0.6791, -0.8071 0.0787 -0.4626, 0.8071 0.0787 -0.4626, 0.7765 0.0787 -0.4586, 0.6102 0.0787 -0.6791, 0.6 0.0787 -0.6778, 0.5761 0.0787 -0.6594, 0.5722 0.0787 -0.65, 0.7236 0.0787 -0.4281, 0.5709 0.0787 -0.6398, 0.7049 0.0787 -0.4037, -0.8858 0.0787 -0.6398, -0.8566 0.0787 -0.6778, -0.5906 0.0787 -0.6739, -0.7481 0.0787 -0.4468, -0.5824 0.0787 -0.6676, -0.5761 0.0787 -0.6594, -0.7765 0.0787 -0.4586, -0.6 0.0787 -0.6778, 0.8067 0.0787 0.3445, 0.8067 0.0787 -0.0957, 0.7047 0.0787 -0.2857, 0.0684 0.0787 -0.3877, 0.7234 0.0787 -0.2612, 0.1347 0.0787 -0.37, 0.1969 0.0787 -0.341, 0.7477 0.0787 -0.2424, 0.2531 0.0787 -0.3016, 0.8661 0.0787 -0.4679, 0.8743 0.0787 -0.4741, 0.8845 0.0787 -0.4918, 0.8806 0.0787 -0.4823, -0.8806 0.0787 -0.6594, -0.8845 0.0787 -0.65, -0.8743 0.0787 -0.6676, -0.8661 0.0787 -0.6739, 0.8067 0.0787 -0.2264, 0.7762 0.0787 -0.2305, 0.5709 0.0787 -0.4626, 0.5696 0.0787 -0.4529, 0.693 0.0787 -0.3752, 0.5661 0.0787 -0.4437, 0.5603 0.0787 -0.4358, 0.5528 0.0787 -0.4295, 0.5439 0.0787 -0.4252, 0.5343 0.0787 -0.4233, -0.8858 0.0787 -0.502, -0.8465 0.0787 -0.4626, -0.8845 0.0787 -0.4918, -0.8806 0.0787 -0.4823, -0.1347 0.0787 -0.37, -0.689 0.0787 -0.3447, -0.1969 0.0787 -0.341, -0.2531 0.0787 -0.3016, -0.3326 0.0787 -0.6553, -0.3402 0.0787 -0.6503, 0.5245 0.0787 -0.4238, -0.8743 0.0787 -0.4741, -0.8661 0.0787 -0.4679, -0.8566 0.0787 -0.4639, -0.3877 0.0787 0.0684, -0.3937 0.0787 0.0, -0.3877 0.0787 -0.0684, -0.37 0.0787 -0.1347, -0.6929 0.0787 -0.3141, -0.341 0.0787 -0.1969, -0.3016 0.0787 -0.2531, -0.315 0.0787 -0.6594, 0.5152 0.0787 -0.4268, 0.5068 0.0787 -0.4319, 0.5 0.0787 -0.439, 0.3465 0.0787 -0.6437, 0.315 0.0787 -0.6594, -0.693 0.0787 -0.3752, -0.5245 0.0787 -0.4238, -0.7049 0.0787 -0.4037, -0.5343 0.0787 -0.4233, -0.7236 0.0787 -0.4281, -0.5439 0.0787 -0.4252, -0.5528 0.0787 -0.4295, -0.5696 0.0787 -0.4529, -0.5709 0.0787 -0.4626, -0.5709 0.0787 -0.6398, -0.5722 0.0787 -0.65, -0.324 0.0787 -0.6584, -0.5603 0.0787 -0.4358, -0.5661 0.0787 -0.4437, -0.5 0.0787 -0.439, -0.5068 0.0787 -0.4319, 0.3402 0.0787 -0.6503, 0.3326 0.0787 -0.6553, 0.324 0.0787 -0.6584, 0.689 0.0787 -0.3447, 0.6929 0.0787 -0.3141, -0.5152 0.0787 -0.4268, -0.3465 0.0787 -0.6437, -0.0684 0.0787 -0.3877, -0.0 0.0787 -0.3937, 0.6117 -0.0 0.4319, 0.6078 -0.0 0.416, 0.7874 -0.0 0.3445, -0.7047 0.0 -0.2857, -0.6929 0.0 -0.3141, -0.5343 0.0 -0.4233, 0.554 -0.0 0.5416, 0.5607 -0.0 0.5392, 0.7874 -0.0 0.6594, -0.7477 0.0 -0.2424, -0.7234 0.0 -0.2612, -0.5185 -0.0 0.3532, 0.8845 0.0 -0.65, 0.8858 0.0 -0.6398, 0.8465 0.0 -0.6791, 0.6102 0.0 -0.6791, 0.8071 0.0 -0.4626, 0.8661 0.0 -0.6739, 0.8743 0.0 -0.6676, 0.8806 0.0 -0.6594, 0.5972 -0.0 0.5071, 0.6063 -0.0 0.4897, 0.5621 -0.0 0.3646, 0.554 -0.0 0.3615, 0.5245 0.0 -0.4238, 0.54 -0.0 0.3561, 0.5357 -0.0 0.3556, 0.5 0.0 -0.439, 0.5068 0.0 -0.4319, 0.4715 -0.0 0.3637, 0.5152 0.0 -0.4268, 0.4779 -0.0 0.3615, -0.5152 0.0 -0.4268, -0.5068 0.0 -0.4319, -0.0 0.0 -0.3937, -0.5 0.0 -0.439, 0.5705 -0.0 0.5325, 0.581 -0.0 0.5254, 0.5851 -0.0 0.5208, -0.8071 0.0 -0.4626, -0.8465 0.0 -0.6791, -0.7765 0.0 -0.4586, -0.6102 0.0 -0.6791, -0.7481 0.0 -0.4468, 0.8858 0.0 -0.502, 0.8465 0.0 -0.4626, 0.516 -0.0 0.3531, 0.4962 -0.0 0.3552, 0.495 -0.0 0.3554, -0.8845 0.0 -0.4918, -0.8858 0.0 -0.502, -0.8465 0.0 -0.4626, 0.8566 0.0 -0.6778, 0.5761 0.0 -0.6594, 0.5824 0.0 -0.6676, 0.7481 0.0 -0.4468, 0.5906 0.0 -0.6739, 0.7234 0.0 -0.2612, 0.7047 0.0 -0.2857, 0.6929 0.0 -0.3141, 0.689 0.0 -0.3447, 0.8067 0.0 -0.2264, 0.8067 -0.0 0.3445, 0.7762 0.0 -0.2305, 0.7477 0.0 -0.2424, 0.6081 -0.0 0.4861, 0.6117 -0.0 0.4712, 0.6137 -0.0 0.4629, 0.6137 -0.0 0.4516, 0.6137 -0.0 0.4402, 0.6064 -0.0 0.4134, 0.5973 -0.0 0.3967, 0.596 -0.0 0.3943, 0.516 -0.0 0.55, 0.5358 -0.0 0.5478, 0.5373 -0.0 0.5477, -0.8067 -0.0 0.3445, -0.8067 0.0 -0.2264, -0.7874 -0.0 0.3445, -0.7762 0.0 -0.2305, -0.689 0.0 -0.3447, -0.693 0.0 -0.3752, -0.5439 0.0 -0.4252, -0.8661 0.0 -0.4679, -0.8743 0.0 -0.4741, -0.8806 0.0 -0.4823, -0.8858 0.0 -0.6398, -0.8566 0.0 -0.6778, -0.8845 0.0 -0.65, -0.8806 0.0 -0.6594, -0.8743 0.0 -0.6676, 0.7049 0.0 -0.4037, 0.5709 0.0 -0.4626, 0.7236 0.0 -0.4281, 0.5709 0.0 -0.6398, 0.5722 0.0 -0.65, 0.7765 0.0 -0.4586, 0.6 0.0 -0.6778, 0.5439 0.0 -0.4252, 0.5528 0.0 -0.4295, 0.693 0.0 -0.3752, 0.5852 -0.0 0.3823, 0.5816 -0.0 0.3783, 0.5706 -0.0 0.3705, 0.4255 -0.0 0.4897, 0.4347 -0.0 0.5064, -0.7874 -0.0 0.6594, 0.4361 -0.0 0.5091, 0.4467 -0.0 0.5209, 0.4502 -0.0 0.5248, 0.4614 -0.0 0.5326, 0.4698 -0.0 0.5385, 0.4779 -0.0 0.5416, 0.4918 -0.0 0.547, 0.4962 -0.0 0.5475, 0.5343 0.0 -0.4233, 0.5603 0.0 -0.4358, 0.5661 0.0 -0.4437, 0.5696 0.0 -0.4529, 0.315 0.0 -0.6594, 0.324 0.0 -0.6584, 0.3326 0.0 -0.6553, -0.4611 -0.0 0.3702, -0.47 -0.0 0.3645, -0.5245 0.0 -0.4238, -0.5344 -0.0 0.3548, -0.3465 0.0 -0.6437, -0.3402 0.0 -0.6503, -0.3326 0.0 -0.6553, -0.8566 0.0 -0.4639, -0.8661 0.0 -0.6739, 0.8806 0.0 -0.4823, 0.8743 0.0 -0.4741, 0.8845 0.0 -0.4918, 0.8661 0.0 -0.4679, 0.8566 0.0 -0.4639, 0.3402 0.0 -0.6503, 0.3465 0.0 -0.6437, -0.4778 -0.0 0.3612, -0.4861 -0.0 0.3578, -0.4962 -0.0 0.3554, -0.516 -0.0 0.3533, -0.5015 -0.0 0.3542, 0.0 -0.0 0.3937, 0.4511 -0.0 0.3775, 0.4468 -0.0 0.3824, -0.5661 0.0 -0.4437, -0.5696 0.0 -0.4529, -0.7049 0.0 -0.4037, -0.4198 -0.0 0.4318, -0.4206 -0.0 0.4272, -0.4254 -0.0 0.4133, -0.4257 -0.0 0.4122, 0.0684 -0.0 0.3877, 0.1347 -0.0 0.37, 0.1969 -0.0 0.341, -0.5603 0.0 -0.4358, -0.5528 0.0 -0.4295, -0.6 0.0 -0.6778, -0.5906 0.0 -0.6739, -0.5824 0.0 -0.6676, -0.5761 0.0 -0.6594, -0.5722 0.0 -0.65, -0.7236 0.0 -0.4281, -0.5709 0.0 -0.6398, -0.5709 0.0 -0.4626, -0.4339 -0.0 0.3972, -0.4344 -0.0 0.3966, -0.4437 -0.0 0.3847, -0.4466 -0.0 0.3822, -0.4566 -0.0 0.3731, 0.3877 -0.0 0.0684, 0.3937 0.0 -0.0, 0.3877 0.0 -0.0684, 0.37 0.0 -0.1347, 0.341 0.0 -0.1969, 0.4349 -0.0 0.3957, 0.4345 -0.0 0.3966, 0.4256 -0.0 0.4134, 0.4239 -0.0 0.4167, 0.4202 -0.0 0.4319, 0.4182 -0.0 0.4399, 0.2531 -0.0 0.3016, 0.3016 -0.0 0.2531, 0.4614 -0.0 0.3706, 0.341 -0.0 0.1969, 0.37 -0.0 0.1347, 0.3016 0.0 -0.2531, 0.2531 0.0 -0.3016, 0.1969 0.0 -0.341, -0.516 -0.0 0.55, -0.5029 -0.0 0.5491, -0.324 0.0 -0.6584, -0.315 0.0 -0.6594, 0.0684 0.0 -0.3877, 0.1347 0.0 -0.37, -0.5709 -0.0 0.5332, -0.5555 -0.0 0.5417, -0.5542 -0.0 0.5421, -0.5405 -0.0 0.5469, -0.0684 0.0 -0.3877, -0.1347 0.0 -0.37, -0.1969 0.0 -0.341, -0.5973 -0.0 0.3967, -0.6009 -0.0 0.4017, -0.6065 -0.0 0.4133, -0.6078 -0.0 0.416, -0.6123 -0.0 0.4317, -0.6126 -0.0 0.4327, -0.6121 -0.0 0.4713, -0.6099 -0.0 0.4811, -0.6063 -0.0 0.4897, -0.5358 -0.0 0.5479, -0.5318 -0.0 0.5487, -0.37 0.0 -0.1347, -0.3877 0.0 -0.0684, -0.3937 -0.0 0.0, -0.2531 0.0 -0.3016, -0.3016 0.0 -0.2531, -0.341 0.0 -0.1969, -0.4579 -0.0 0.531, -0.1969 -0.0 0.341, -0.1347 -0.0 0.37, -0.5358 -0.0 0.3552, -0.5512 -0.0 0.3596, -0.5542 -0.0 0.3611, -0.6032 -0.0 0.4971, -0.5973 -0.0 0.5064, -0.5948 -0.0 0.5105, -0.5854 -0.0 0.521, -0.5833 -0.0 0.5233, -0.4209 -0.0 0.4772, -0.341 -0.0 0.1969, -0.3016 -0.0 0.2531, -0.4962 -0.0 0.5477, -0.4874 -0.0 0.5458, -0.0684 -0.0 0.3877, -0.4778 -0.0 0.5419, -0.4714 -0.0 0.5393, -0.4611 -0.0 0.533, -0.5655 -0.0 0.3665, -0.5708 -0.0 0.3702, -0.5794 -0.0 0.3763, -0.5853 -0.0 0.3822, -0.5907 -0.0 0.3875, -0.6143 -0.0 0.4484, -0.6142 -0.0 0.4515, -0.6134 -0.0 0.4656, -0.4178 -0.0 0.4444, -0.4179 -0.0 0.4516, -0.3877 -0.0 0.0684, -0.4179 -0.0 0.4603, -0.37 -0.0 0.1347, -0.4199 -0.0 0.4713, -0.4465 -0.0 0.521, -0.445 -0.0 0.5197, -0.2531 -0.0 0.3016, -0.4349 -0.0 0.5074, 0.4182 -0.0 0.4516, 0.4182 -0.0 0.4632, 0.4202 -0.0 0.4712, 0.4243 -0.0 0.4874, -0.4344 -0.0 0.5065, -0.4263 -0.0 0.4921, -0.4254 -0.0 0.4898, -0.8831 0.0587 -0.2264, -0.8752 0.0396 -0.2264, -0.8272 0.0027 -0.2264, -0.8463 0.0106 -0.2264, -0.8626 0.0232 -0.2264, -0.8071 0.079 0.3445, -0.8831 0.0587 0.3445, -0.807 0.0789 0.3445, -0.8752 0.0396 0.3445, -0.807 0.0789 0.3445, -0.8626 0.0232 0.3445, -0.8069 0.0788 0.3445, -0.8463 0.0106 0.3445, -0.8068 0.0788 0.3445, -0.8272 0.0027 0.3445, -0.8071 0.079 -0.0952, -0.8071 0.0791 -0.0951, -0.807 0.0789 -0.0953, -0.807 0.0789 -0.0953, -0.807 0.0789 -0.0952, -0.8071 0.079 -0.0952, -0.8069 0.0788 -0.0954, -0.8068 0.0788 -0.0955, 0.8068 0.0788 0.3445, 0.8272 0.0027 0.3445, 0.8069 0.0788 0.3445, 0.8463 0.0106 0.3445, 0.807 0.0789 0.3445, 0.8626 0.0232 0.3445, 0.807 0.0789 0.3445, 0.8752 0.0396 0.3445, 0.8071 0.079 0.3445, 0.8831 0.0587 0.3445, 0.8272 0.0027 -0.2264, 0.8463 0.0106 -0.2264, 0.8831 0.0587 -0.2264, 0.8752 0.0396 -0.2264, 0.8626 0.0232 -0.2264, 0.8068 0.0788 -0.0955, 0.8069 0.0788 -0.0954, 0.807 0.0789 -0.0953, 0.807 0.0789 -0.0952, 0.807 0.0789 -0.0953, 0.8071 0.0791 -0.0951, 0.8071 0.079 -0.0952, 0.8071 0.079 -0.0952, 0.8071 0.7874 0.3837, 0.8831 0.7874 0.4041, 0.807 0.7874 0.3838, 0.8752 0.7874 0.4232, 0.807 0.7874 0.3839, 0.8626 0.7874 0.4396, 0.807 1.0236 0.3839, 0.8626 1.0236 0.4396, 0.807 1.0236 0.3838, 0.8752 1.0236 0.4232, 0.8071 1.0236 0.3837, 0.8831 1.0236 0.4041, 0.8626 1.0236 -0.3215, 0.807 1.0236 -0.2658, 0.8752 1.0236 -0.3051, 0.8071 1.0236 -0.2656, 0.8831 1.0236 -0.286, 0.8071 1.0236 -0.2657, 0.807 1.0236 -0.2658, 0.807 0.7874 -0.2658, 0.8626 0.7874 -0.3215, 0.8831 0.7874 -0.286, 0.8071 0.7874 -0.2656, 0.8752 0.7874 -0.3051, 0.8071 0.7874 -0.2657, 0.807 0.7874 -0.2658, -0.8071 1.0236 0.3837, -0.8831 1.0236 0.4041, -0.807 1.0236 0.3838, -0.8752 1.0236 0.4232, -0.807 1.0236 0.3839, -0.8626 1.0236 0.4396, -0.807 0.7874 0.3839, -0.8626 0.7874 0.4396, -0.807 0.7874 0.3838, -0.8752 0.7874 0.4232, -0.8071 0.7874 0.3837, -0.8831 0.7874 0.4041, -0.8071 0.7874 -0.2656, -0.8831 0.7874 -0.286, -0.8626 0.7874 -0.3215, -0.807 0.7874 -0.2658, -0.8752 0.7874 -0.3051, -0.807 0.7874 -0.2658, -0.8071 0.7874 -0.2657, -0.807 1.0236 -0.2658, -0.8626 1.0236 -0.3215, -0.807 1.0236 -0.2658, -0.8752 1.0236 -0.3051, -0.8831 1.0236 -0.286, -0.8071 1.0236 -0.2656, -0.8071 1.0236 -0.2657, 0.7155 1.0236 0.5277, 0.6598 1.0236 0.472, 0.7154 1.0236 0.5278, 0.6472 1.0236 0.4884, 0.7154 1.0236 0.5279, 0.6393 1.0236 0.5075, 0.7153 1.0236 0.528, 0.6366 1.0236 0.528, 0.7153 0.7874 0.528, 0.6366 0.7874 0.528, 0.7154 0.7874 0.5279, 0.6393 0.7874 0.5075, 0.7154 0.7874 0.5278, 0.6472 0.7874 0.4884, 0.7155 0.7874 0.5277, 0.6598 0.7874 0.472, 0.6366 1.0236 0.6004, 0.7153 1.0236 0.6004, 0.7153 0.7874 0.6004, 0.6366 0.7874 0.6004, -0.7155 0.7874 0.5277, -0.6628 0.7874 0.4692, -0.7154 0.7874 0.5277, -0.6517 0.7874 0.4815, -0.7154 0.7874 0.5278, -0.6435 0.7874 0.4958, -0.7154 0.7874 0.5279, -0.6383 0.7874 0.5115, -0.7153 0.7874 0.528, -0.6366 0.7874 0.528, -0.7153 1.0236 0.528, -0.6366 1.0236 0.528, -0.7154 1.0236 0.5279, -0.6383 1.0236 0.5115, -0.7154 1.0236 0.5278, -0.6435 1.0236 0.4958, -0.7154 1.0236 0.5277, -0.6517 1.0236 0.4815, -0.7155 1.0236 0.5277, -0.6628 1.0236 0.4692, -0.6366 0.7874 0.6004, -0.7153 0.7874 0.6004, -0.7153 1.0236 0.6004, -0.6366 1.0236 0.6004, 0.7155 0.7874 -0.4096, 0.6628 0.7874 -0.3511, 0.7154 0.7874 -0.4096, 0.6517 0.7874 -0.3633, 0.7154 0.7874 -0.4097, 0.6435 0.7874 -0.3777, 0.7154 0.7874 -0.4098, 0.6383 0.7874 -0.3934, 0.7153 0.7874 -0.4099, 0.6366 0.7874 -0.4099, 0.7153 1.0236 -0.4099, 0.6366 1.0236 -0.4099, 0.7154 1.0236 -0.4098, 0.6383 1.0236 -0.3934, 0.7154 1.0236 -0.4097, 0.6435 1.0236 -0.3777, 0.7154 1.0236 -0.4096, 0.6517 1.0236 -0.3633, 0.7155 1.0236 -0.4096, 0.6628 1.0236 -0.3511, 0.6366 0.7874 -0.4823, 0.7153 0.7874 -0.4823, 0.7153 1.0236 -0.4823, 0.6366 1.0236 -0.4823, -0.7155 1.0236 -0.4096, -0.6598 1.0236 -0.3539, -0.7154 1.0236 -0.4097, -0.6472 1.0236 -0.3703, -0.7154 1.0236 -0.4098, -0.6393 1.0236 -0.3894, -0.7153 1.0236 -0.4099, -0.6366 1.0236 -0.4099, -0.7153 0.7874 -0.4099, -0.6366 0.7874 -0.4099, -0.7154 0.7874 -0.4098, -0.6393 0.7874 -0.3894, -0.7154 0.7874 -0.4097, -0.6472 0.7874 -0.3703, -0.7155 0.7874 -0.4096, -0.6598 0.7874 -0.3539, -0.6366 1.0236 -0.4823, -0.7153 1.0236 -0.4823, -0.7153 0.7874 -0.4823, -0.6366 0.7874 -0.4823, -0.6366 0.7874 -0.4823
            ]
        }
        coordIndex [
            0,1,2,-1,2,1,3,-1,4,5,0,-1,0,5,1,-1,6,7,2,-1,2,7,8,-1,2,8,0,-1,0,8,4,-1,9,10,7,-1,7,10,8,-1,1,5,3,-1,3,5,10,-1,3,10,11,-1,11,10,9,-1,8,10,4,-1,4,10,5,-1,11,6,3,-1,3,6,2,-1,7,6,9,-1,9,6,11,-1,12,13,14,-1,14,13,15,-1,16,17,12,-1,12,17,13,-1,18,19,14,-1,14,19,20,-1,14,20,12,-1,12,20,16,-1,21,22,19,-1,19,22,20,-1,13,17,15,-1,15,17,22,-1,15,22,23,-1,23,22,21,-1,20,22,16,-1,16,22,17,-1,23,18,15,-1,15,18,14,-1,19,18,21,-1,21,18,23,-1,24,25,26,-1,26,25,27,-1,28,29,24,-1,24,29,25,-1,30,31,26,-1,26,31,32,-1,26,32,24,-1,24,32,28,-1,33,34,31,-1,31,34,32,-1,25,29,27,-1,27,29,34,-1,27,34,35,-1,35,34,33,-1,32,34,28,-1,28,34,29,-1,35,30,27,-1,27,30,26,-1,31,30,33,-1,33,30,35,-1,36,37,38,-1,38,37,39,-1,40,41,42,-1,42,41,43,-1,37,40,39,-1,39,40,42,-1,43,41,38,-1,38,41,36,-1,44,45,46,-1,46,45,47,-1,48,49,50,-1,50,49,51,-1,49,44,51,-1,51,44,46,-1,47,45,50,-1,50,45,48,-1,52,53,54,-1,54,53,55,-1,56,57,58,-1,58,57,59,-1,53,56,55,-1,55,56,58,-1,59,57,54,-1,54,57,52,-1,60,61,62,-1,62,61,63,-1,64,65,66,-1,66,65,67,-1,65,60,67,-1,67,60,62,-1,63,61,66,-1,66,61,64,-1,68,69,70,-1,70,69,71,-1,72,70,73,-1,73,70,71,-1,73,71,74,-1,74,71,75,-1,76,74,77,-1,77,74,75,-1,77,75,78,-1,78,75,79,-1,78,79,80,-1,80,81,78,-1,78,81,82,-1,78,82,83,-1,83,84,85,-1,85,86,83,-1,83,86,87,-1,83,87,88,-1,88,89,83,-1,83,89,90,-1,83,90,78,-1,91,92,93,-1,93,94,95,-1,96,97,98,-1,98,97,91,-1,98,91,99,-1,99,91,100,-1,99,100,101,-1,101,100,102,-1,91,93,100,-1,100,93,95,-1,100,95,103,-1,103,95,104,-1,103,104,105,-1,106,101,107,-1,107,101,108,-1,102,109,101,-1,101,109,110,-1,101,110,111,-1,111,112,101,-1,101,112,113,-1,101,113,108,-1,106,114,101,-1,101,114,115,-1,101,115,116,-1,70,91,68,-1,68,91,97,-1,98,71,96,-1,96,71,69,-1,73,93,72,-1,72,93,92,-1,117,118,119,-1,119,118,120,-1,121,122,120,-1,120,122,123,-1,124,119,125,-1,125,119,120,-1,125,120,126,-1,126,120,123,-1,126,123,127,-1,127,123,128,-1,127,128,129,-1,130,131,132,-1,132,131,133,-1,132,133,134,-1,129,135,127,-1,127,135,136,-1,127,136,137,-1,137,136,138,-1,130,132,136,-1,136,132,139,-1,136,139,138,-1,140,141,142,-1,143,144,145,-1,145,144,146,-1,145,146,147,-1,148,149,150,-1,151,152,150,-1,150,152,140,-1,150,140,148,-1,148,140,142,-1,146,152,147,-1,147,152,151,-1,147,151,153,-1,153,151,154,-1,155,156,157,-1,156,158,157,-1,157,158,159,-1,157,159,160,-1,160,159,161,-1,155,157,154,-1,154,157,162,-1,154,162,163,-1,163,164,154,-1,154,164,165,-1,154,165,153,-1,142,117,148,-1,148,117,119,-1,124,125,149,-1,149,125,150,-1,99,75,98,-1,98,75,71,-1,74,94,73,-1,73,94,93,-1,125,126,150,-1,150,126,151,-1,122,145,123,-1,123,145,147,-1,166,167,168,-1,168,167,169,-1,105,104,170,-1,170,104,168,-1,170,168,171,-1,171,168,169,-1,172,173,174,-1,174,173,175,-1,172,176,173,-1,173,176,177,-1,173,177,178,-1,179,180,181,-1,181,180,173,-1,181,173,182,-1,182,173,178,-1,183,184,185,-1,179,186,180,-1,180,186,187,-1,180,187,188,-1,188,189,180,-1,180,189,190,-1,180,190,183,-1,183,190,191,-1,183,191,184,-1,168,192,193,-1,194,195,196,-1,196,195,197,-1,196,197,198,-1,199,200,201,-1,194,202,203,-1,204,205,198,-1,198,205,206,-1,198,206,196,-1,185,207,183,-1,183,207,208,-1,183,208,193,-1,193,208,209,-1,193,209,210,-1,211,212,213,-1,202,194,214,-1,214,194,196,-1,214,196,215,-1,215,196,216,-1,215,216,201,-1,201,216,217,-1,201,217,199,-1,200,218,201,-1,201,218,219,-1,201,219,220,-1,220,219,221,-1,220,221,222,-1,223,212,224,-1,225,226,227,-1,227,226,228,-1,213,229,211,-1,211,229,226,-1,211,226,230,-1,230,226,225,-1,173,231,232,-1,233,234,235,-1,235,234,236,-1,235,236,237,-1,173,238,175,-1,175,238,235,-1,175,235,239,-1,239,235,237,-1,203,240,194,-1,194,240,241,-1,194,241,242,-1,242,241,243,-1,244,245,246,-1,246,245,223,-1,246,223,247,-1,247,223,224,-1,144,143,232,-1,232,143,248,-1,232,248,173,-1,173,248,249,-1,173,249,238,-1,221,250,222,-1,222,250,251,-1,222,251,252,-1,252,251,253,-1,252,253,254,-1,254,255,252,-1,252,255,256,-1,252,256,257,-1,212,223,213,-1,213,223,258,-1,213,258,259,-1,259,258,260,-1,259,260,261,-1,262,263,264,-1,264,263,265,-1,266,267,268,-1,269,270,261,-1,261,270,271,-1,261,271,259,-1,210,272,193,-1,193,272,273,-1,193,273,168,-1,168,273,274,-1,168,274,166,-1,166,274,275,-1,166,275,276,-1,276,275,277,-1,276,277,263,-1,263,277,278,-1,263,278,265,-1,279,280,281,-1,281,282,279,-1,279,282,283,-1,279,283,284,-1,285,286,287,-1,287,286,288,-1,287,288,289,-1,289,288,290,-1,289,290,291,-1,292,293,289,-1,289,293,294,-1,289,294,226,-1,226,294,295,-1,226,295,228,-1,280,279,268,-1,268,279,296,-1,268,296,266,-1,291,297,289,-1,289,297,298,-1,289,298,292,-1,299,300,262,-1,301,302,283,-1,283,302,303,-1,283,303,284,-1,257,268,252,-1,252,268,267,-1,252,267,304,-1,304,267,234,-1,304,234,305,-1,305,234,233,-1,285,263,286,-1,286,263,262,-1,286,262,306,-1,306,262,300,-1,299,262,307,-1,307,262,308,-1,307,308,267,-1,267,308,309,-1,267,309,234,-1,310,311,312,-1,313,314,315,-1,316,317,318,-1,319,320,321,-1,322,323,324,-1,325,324,326,-1,327,328,329,-1,312,330,331,-1,332,333,334,-1,334,333,335,-1,334,335,336,-1,337,338,339,-1,339,338,340,-1,339,340,341,-1,342,343,344,-1,344,343,345,-1,317,346,318,-1,318,346,347,-1,318,347,312,-1,312,347,348,-1,312,348,330,-1,349,350,351,-1,351,350,352,-1,351,352,353,-1,324,323,326,-1,326,323,354,-1,326,354,355,-1,336,356,334,-1,334,356,357,-1,334,357,340,-1,340,357,358,-1,340,358,341,-1,359,360,361,-1,361,360,349,-1,322,324,329,-1,329,324,362,-1,329,362,327,-1,363,364,365,-1,365,364,366,-1,367,312,368,-1,368,312,334,-1,368,334,369,-1,369,334,370,-1,371,372,373,-1,373,372,312,-1,373,312,374,-1,374,312,367,-1,331,375,312,-1,312,375,376,-1,312,376,377,-1,377,378,312,-1,312,378,379,-1,312,379,310,-1,311,380,312,-1,312,380,381,-1,312,381,382,-1,383,384,318,-1,318,384,385,-1,318,385,316,-1,386,387,388,-1,388,387,389,-1,314,390,315,-1,315,390,391,-1,315,391,392,-1,393,394,395,-1,349,360,350,-1,350,360,396,-1,350,396,397,-1,398,399,400,-1,401,402,403,-1,403,402,404,-1,403,404,365,-1,365,404,405,-1,365,405,363,-1,326,406,325,-1,325,406,365,-1,325,365,407,-1,407,365,366,-1,408,409,410,-1,382,411,312,-1,312,411,412,-1,312,412,334,-1,334,412,413,-1,334,413,332,-1,414,415,416,-1,416,415,417,-1,416,417,418,-1,418,419,416,-1,416,419,420,-1,416,420,421,-1,421,422,416,-1,416,422,423,-1,416,423,318,-1,318,423,424,-1,318,424,383,-1,370,334,410,-1,410,334,425,-1,410,425,408,-1,409,426,410,-1,410,426,427,-1,410,427,401,-1,401,427,428,-1,401,428,402,-1,429,430,339,-1,339,430,431,-1,432,433,434,-1,435,388,321,-1,321,388,389,-1,321,389,319,-1,345,436,344,-1,344,436,437,-1,344,437,438,-1,359,361,395,-1,395,361,439,-1,395,439,393,-1,398,400,396,-1,396,400,440,-1,396,440,397,-1,441,442,443,-1,443,442,444,-1,443,444,354,-1,354,444,445,-1,354,445,355,-1,431,446,339,-1,339,446,447,-1,339,447,337,-1,433,448,434,-1,434,448,449,-1,434,449,450,-1,320,313,321,-1,321,313,315,-1,321,315,451,-1,451,315,434,-1,451,434,452,-1,452,434,450,-1,453,454,455,-1,456,391,457,-1,457,391,458,-1,459,460,434,-1,434,460,461,-1,434,461,462,-1,453,463,454,-1,454,463,464,-1,454,464,465,-1,456,466,391,-1,391,466,467,-1,391,467,392,-1,352,468,353,-1,353,468,469,-1,353,469,470,-1,470,471,353,-1,353,471,472,-1,353,472,473,-1,473,472,474,-1,473,474,458,-1,458,474,475,-1,458,475,457,-1,462,476,434,-1,434,476,477,-1,434,477,478,-1,478,479,434,-1,434,479,480,-1,434,480,432,-1,481,482,339,-1,339,482,483,-1,339,483,429,-1,429,483,484,-1,429,484,485,-1,455,486,453,-1,453,486,487,-1,453,487,488,-1,488,489,453,-1,453,489,490,-1,453,490,491,-1,465,492,454,-1,454,492,493,-1,454,493,494,-1,494,493,495,-1,494,495,339,-1,339,495,496,-1,339,496,481,-1,485,497,429,-1,429,497,498,-1,429,498,499,-1,416,500,501,-1,438,502,344,-1,344,502,503,-1,344,503,504,-1,504,503,429,-1,504,429,505,-1,505,429,499,-1,506,507,416,-1,416,507,508,-1,416,508,509,-1,344,510,342,-1,342,510,511,-1,342,511,512,-1,513,514,388,-1,388,514,515,-1,515,516,388,-1,388,516,517,-1,388,517,518,-1,519,520,416,-1,416,520,521,-1,509,522,416,-1,416,522,523,-1,416,523,500,-1,524,525,434,-1,434,525,526,-1,512,527,342,-1,342,527,528,-1,342,528,434,-1,434,528,529,-1,434,529,524,-1,530,531,532,-1,435,533,388,-1,388,533,534,-1,388,534,535,-1,521,536,416,-1,416,536,537,-1,416,537,538,-1,538,539,416,-1,416,539,540,-1,416,540,506,-1,541,542,543,-1,544,545,491,-1,491,545,546,-1,491,546,453,-1,545,547,546,-1,546,547,548,-1,546,548,532,-1,532,548,549,-1,532,549,530,-1,535,550,388,-1,388,550,551,-1,388,551,552,-1,552,553,388,-1,388,553,554,-1,388,554,513,-1,518,555,388,-1,388,555,556,-1,388,556,416,-1,416,556,557,-1,416,557,519,-1,459,434,558,-1,558,434,526,-1,558,526,559,-1,559,526,560,-1,559,560,561,-1,560,562,561,-1,561,562,542,-1,561,542,563,-1,563,542,541,-1,530,564,531,-1,531,564,565,-1,531,565,566,-1,566,565,567,-1,491,568,544,-1,544,568,569,-1,544,569,501,-1,501,569,570,-1,501,570,416,-1,416,570,571,-1,416,571,414,-1,567,572,566,-1,566,572,573,-1,566,573,543,-1,543,573,574,-1,543,574,541,-1,248,371,249,-1,249,371,373,-1,249,373,238,-1,238,373,374,-1,238,374,235,-1,235,374,367,-1,235,367,233,-1,233,367,368,-1,233,368,305,-1,305,368,369,-1,305,369,304,-1,304,369,370,-1,304,370,252,-1,252,370,410,-1,252,410,222,-1,222,410,401,-1,222,401,220,-1,220,401,403,-1,220,403,201,-1,201,403,365,-1,201,365,215,-1,215,365,406,-1,215,406,214,-1,214,406,326,-1,173,312,231,-1,231,312,372,-1,388,193,386,-1,386,193,192,-1,213,349,229,-1,229,349,351,-1,229,351,226,-1,226,351,353,-1,226,353,289,-1,289,353,473,-1,289,473,287,-1,287,473,458,-1,287,458,285,-1,285,458,391,-1,285,391,263,-1,263,391,390,-1,263,390,276,-1,276,390,314,-1,276,314,166,-1,166,314,313,-1,166,313,167,-1,167,313,320,-1,167,320,169,-1,169,320,319,-1,169,319,171,-1,171,319,389,-1,171,389,170,-1,170,389,387,-1,429,503,284,-1,284,503,279,-1,183,416,180,-1,180,416,318,-1,416,183,388,-1,388,183,193,-1,436,345,307,-1,307,345,299,-1,475,474,293,-1,293,474,294,-1,337,447,282,-1,282,447,283,-1,404,402,221,-1,221,402,250,-1,312,173,318,-1,318,173,180,-1,76,103,575,-1,575,103,105,-1,575,105,576,-1,387,577,170,-1,170,577,578,-1,170,578,105,-1,105,578,579,-1,105,579,576,-1,94,74,580,-1,580,74,581,-1,580,581,582,-1,582,581,583,-1,582,583,584,-1,584,583,585,-1,584,585,586,-1,586,585,587,-1,586,587,588,-1,588,587,589,-1,588,589,192,-1,192,589,386,-1,387,386,589,-1,387,589,577,-1,577,589,587,-1,577,587,578,-1,578,587,585,-1,578,585,579,-1,579,585,583,-1,579,583,576,-1,576,583,581,-1,576,581,575,-1,575,581,74,-1,575,74,76,-1,580,590,94,-1,94,590,591,-1,94,591,95,-1,592,593,582,-1,582,593,594,-1,582,594,580,-1,580,594,595,-1,580,595,590,-1,582,584,592,-1,592,584,586,-1,592,586,596,-1,596,586,588,-1,596,588,597,-1,597,588,192,-1,597,192,168,-1,100,103,77,-1,77,103,76,-1,231,372,598,-1,598,372,599,-1,598,599,600,-1,600,599,601,-1,600,601,602,-1,602,601,603,-1,602,603,604,-1,604,603,605,-1,604,605,606,-1,606,605,607,-1,606,607,152,-1,152,607,121,-1,371,248,608,-1,608,248,143,-1,608,143,609,-1,122,610,145,-1,145,610,611,-1,145,611,143,-1,143,611,612,-1,143,612,609,-1,372,371,608,-1,372,608,599,-1,599,608,609,-1,599,609,601,-1,601,609,612,-1,601,612,603,-1,603,612,611,-1,603,611,605,-1,605,611,610,-1,605,610,607,-1,607,610,122,-1,607,122,121,-1,232,231,598,-1,232,598,613,-1,613,598,600,-1,613,600,614,-1,614,600,602,-1,614,602,615,-1,604,616,602,-1,602,616,617,-1,602,617,615,-1,606,152,146,-1,146,618,606,-1,606,618,619,-1,606,619,604,-1,604,619,620,-1,604,620,616,-1,140,152,120,-1,120,152,121,-1,79,75,101,-1,101,75,99,-1,102,100,78,-1,78,100,77,-1,102,78,90,-1,102,90,109,-1,109,90,89,-1,109,89,110,-1,110,89,88,-1,110,88,111,-1,111,88,87,-1,111,87,112,-1,112,87,86,-1,112,86,113,-1,113,86,85,-1,113,85,108,-1,108,85,84,-1,108,84,107,-1,107,84,83,-1,107,83,106,-1,106,83,82,-1,106,82,114,-1,114,82,81,-1,114,81,115,-1,115,81,80,-1,115,80,116,-1,116,80,79,-1,116,79,101,-1,154,151,127,-1,127,151,126,-1,128,123,153,-1,153,123,147,-1,160,133,131,-1,160,131,157,-1,157,131,130,-1,157,130,162,-1,162,130,136,-1,162,136,163,-1,163,136,135,-1,163,135,164,-1,164,135,129,-1,164,129,165,-1,165,129,128,-1,165,128,153,-1,154,127,137,-1,154,137,155,-1,155,137,138,-1,155,138,156,-1,156,138,139,-1,156,139,158,-1,158,139,132,-1,158,132,159,-1,159,132,134,-1,159,134,161,-1,161,134,133,-1,161,133,160,-1,140,120,141,-1,141,120,118,-1,141,118,621,-1,621,118,622,-1,621,622,623,-1,623,622,624,-1,623,624,625,-1,625,624,626,-1,625,626,64,-1,64,626,65,-1,61,60,627,-1,627,60,628,-1,627,628,629,-1,629,628,630,-1,629,630,631,-1,631,630,632,-1,631,632,142,-1,142,632,117,-1,118,117,632,-1,118,632,622,-1,622,632,630,-1,622,630,624,-1,624,630,628,-1,624,628,626,-1,626,628,60,-1,626,60,65,-1,64,61,625,-1,625,61,627,-1,625,627,623,-1,623,627,629,-1,623,629,621,-1,621,629,631,-1,621,631,141,-1,141,631,142,-1,49,48,633,-1,633,48,634,-1,633,634,635,-1,148,119,636,-1,636,119,637,-1,636,637,638,-1,638,637,635,-1,638,635,639,-1,639,635,634,-1,45,44,640,-1,640,44,641,-1,124,149,642,-1,642,149,643,-1,642,643,644,-1,644,643,645,-1,644,645,641,-1,641,645,646,-1,641,646,640,-1,119,124,642,-1,119,642,637,-1,637,642,644,-1,637,644,635,-1,635,644,641,-1,635,641,633,-1,633,641,44,-1,633,44,49,-1,48,45,634,-1,634,45,640,-1,634,640,639,-1,639,640,646,-1,639,646,638,-1,638,646,645,-1,638,645,636,-1,636,645,643,-1,636,643,148,-1,148,643,149,-1,91,70,647,-1,647,70,648,-1,647,648,649,-1,649,648,650,-1,649,650,651,-1,651,650,652,-1,651,652,52,-1,52,652,53,-1,57,56,653,-1,653,56,654,-1,653,654,655,-1,655,654,656,-1,655,656,657,-1,657,656,658,-1,657,658,92,-1,92,658,72,-1,70,72,658,-1,70,658,648,-1,648,658,656,-1,648,656,650,-1,650,656,654,-1,650,654,652,-1,652,654,56,-1,652,56,53,-1,52,57,651,-1,651,57,653,-1,651,653,649,-1,649,653,655,-1,649,655,647,-1,647,655,657,-1,647,657,91,-1,91,657,92,-1,96,69,659,-1,659,69,660,-1,37,36,661,-1,661,36,662,-1,661,662,663,-1,663,662,664,-1,663,664,660,-1,660,664,665,-1,660,665,659,-1,41,40,666,-1,666,40,667,-1,666,667,668,-1,668,667,669,-1,68,97,670,-1,670,97,671,-1,670,671,669,-1,669,671,672,-1,669,672,668,-1,69,68,670,-1,69,670,660,-1,660,670,669,-1,660,669,663,-1,663,669,667,-1,663,667,661,-1,661,667,40,-1,661,40,37,-1,36,41,662,-1,662,41,666,-1,662,666,664,-1,664,666,668,-1,664,668,665,-1,665,668,672,-1,665,672,659,-1,659,672,671,-1,659,671,96,-1,96,671,97,-1,62,63,673,-1,673,63,674,-1,673,674,675,-1,675,674,676,-1,675,676,677,-1,677,676,678,-1,677,678,679,-1,679,678,680,-1,681,682,683,-1,683,682,684,-1,683,684,685,-1,685,684,686,-1,685,686,687,-1,687,686,688,-1,687,688,67,-1,67,688,66,-1,63,66,688,-1,63,688,674,-1,674,688,686,-1,674,686,676,-1,676,686,684,-1,676,684,678,-1,678,684,682,-1,678,682,680,-1,679,681,677,-1,677,681,683,-1,677,683,675,-1,675,683,685,-1,675,685,673,-1,673,685,687,-1,673,687,62,-1,62,687,67,-1,689,690,680,-1,680,690,679,-1,691,692,681,-1,681,692,682,-1,692,689,682,-1,682,689,680,-1,679,690,681,-1,681,690,691,-1,689,692,690,-1,690,692,691,-1,58,59,693,-1,693,59,694,-1,693,694,695,-1,695,694,696,-1,695,696,697,-1,697,696,698,-1,697,698,699,-1,699,698,700,-1,699,700,701,-1,701,700,702,-1,703,704,705,-1,705,704,706,-1,705,706,707,-1,707,706,708,-1,707,708,709,-1,709,708,710,-1,709,710,711,-1,711,710,712,-1,711,712,55,-1,55,712,54,-1,59,54,712,-1,59,712,694,-1,694,712,710,-1,694,710,696,-1,696,710,708,-1,696,708,698,-1,698,708,706,-1,698,706,700,-1,700,706,704,-1,700,704,702,-1,701,703,699,-1,699,703,705,-1,699,705,697,-1,697,705,707,-1,697,707,695,-1,695,707,709,-1,695,709,693,-1,693,709,711,-1,693,711,58,-1,58,711,55,-1,713,714,702,-1,702,714,701,-1,715,716,703,-1,703,716,704,-1,716,713,704,-1,704,713,702,-1,701,714,703,-1,703,714,715,-1,713,716,714,-1,714,716,715,-1,46,47,717,-1,717,47,718,-1,717,718,719,-1,719,718,720,-1,719,720,721,-1,721,720,722,-1,721,722,723,-1,723,722,724,-1,723,724,725,-1,725,724,726,-1,727,728,729,-1,729,728,730,-1,729,730,731,-1,731,730,732,-1,731,732,733,-1,733,732,734,-1,733,734,735,-1,735,734,736,-1,735,736,51,-1,51,736,50,-1,47,50,736,-1,47,736,718,-1,718,736,734,-1,718,734,720,-1,720,734,732,-1,720,732,722,-1,722,732,730,-1,722,730,724,-1,724,730,728,-1,724,728,726,-1,725,727,723,-1,723,727,729,-1,723,729,721,-1,721,729,731,-1,721,731,719,-1,719,731,733,-1,719,733,717,-1,717,733,735,-1,717,735,46,-1,46,735,51,-1,737,738,726,-1,726,738,725,-1,739,740,727,-1,727,740,728,-1,740,737,728,-1,728,737,726,-1,725,738,727,-1,727,738,739,-1,737,740,738,-1,738,740,739,-1,42,43,741,-1,741,43,742,-1,741,742,743,-1,743,742,744,-1,743,744,745,-1,745,744,746,-1,745,746,747,-1,747,746,748,-1,749,750,751,-1,751,750,752,-1,751,752,753,-1,753,752,754,-1,753,754,755,-1,755,754,756,-1,755,756,39,-1,39,756,38,-1,43,38,756,-1,43,756,742,-1,742,756,754,-1,742,754,744,-1,744,754,752,-1,744,752,746,-1,746,752,750,-1,746,750,748,-1,747,749,745,-1,745,749,751,-1,745,751,743,-1,743,751,753,-1,743,753,741,-1,741,753,755,-1,741,755,42,-1,42,755,39,-1,757,758,748,-1,748,758,747,-1,759,760,749,-1,749,760,750,-1,760,757,750,-1,750,757,748,-1,747,758,749,-1,749,758,759,-1,757,760,758,-1,758,760,759,-1,
        ]
    }
}
Shape{
    appearance Appearance {
        material  Material 	{
            diffuseColor 0.25098039215686274 0.25098039215686274 0.25098039215686274
            specularColor 0.12549019607843137 0.12549019607843137 0.12549019607843137
            ambientIntensity 0.2
            transparency 0
            shininess 0.5
        }
    }
    geometry IndexedFaceSet {
        ccw TRUE
        solid FALSE
        coord DEF co Coordinate {
            point [
                0.8071 0.079 -0.0952, 0.8071 0.079 -0.0952, 0.8071 0.0787 -0.0951, 0.8071 0.0791 -0.0951, 0.8071 0.0791 -0.0951, 0.8067 0.0787 -0.0957, 0.8068 0.0788 -0.0955, 0.8069 0.0788 -0.0954, 0.807 0.0789 -0.0953, 0.807 0.0789 -0.0953, 0.807 0.0789 -0.0952, -0.8071 0.0787 -0.0951, -0.8071 0.0791 -0.0951, -0.8071 0.0791 -0.0951, -0.8067 0.0787 -0.0957, -0.8068 0.0788 -0.0955, -0.8069 0.0788 -0.0954, -0.8071 0.079 -0.0952, -0.8071 0.079 -0.0952, -0.807 0.0789 -0.0952, -0.807 0.0789 -0.0953, -0.807 0.0789 -0.0953, -0.807 0.0789 -0.0953
            ]
        }
        coordIndex [
            0,1,2,-1,2,1,3,-1,2,3,4,-1,5,6,2,-1,2,6,7,-1,2,7,8,-1,8,9,2,-1,2,9,10,-1,2,10,0,-1,11,12,13,-1,14,11,15,-1,15,11,16,-1,13,17,11,-1,11,17,18,-1,11,18,19,-1,19,20,11,-1,11,20,21,-1,11,21,16,-1,
        ]
    }
}
Shape{
    appearance Appearance {
        material  Material 	{
            diffuseColor 0.7529411764705882 0.7529411764705882 0.7529411764705882
            specularColor 0.3764705882352941 0.3764705882352941 0.3764705882352941
            ambientIntensity 0.2
            transparency 0
            shininess 0.5
        }
    }
    geometry IndexedFaceSet {
        ccw TRUE
        solid FALSE
        coord DEF co Coordinate {
            point [
                -0.8858 0.0 -0.6398, -0.8858 0.0 -0.502, -0.8858 0.0787 -0.6398, -0.8858 0.0787 -0.502, -0.8465 0.0 -0.4626, -0.8071 0.0 -0.4626, -0.8465 0.0787 -0.4626, -0.8071 0.0787 -0.4626, 0.8465 0.0787 -0.4626, 0.8071 0.0787 -0.4626, 0.8465 0.0 -0.4626, 0.8071 0.0 -0.4626, 0.8858 0.0 -0.502, 0.8858 0.0 -0.6398, 0.8858 0.0787 -0.502, 0.8858 0.0787 -0.6398, -0.8465 0.0787 -0.6791, -0.6102 0.0787 -0.6791, -0.8465 0.0 -0.6791, -0.6102 0.0 -0.6791, 0.6102 0.0787 -0.6791, 0.8465 0.0787 -0.6791, 0.6102 0.0 -0.6791, 0.8465 0.0 -0.6791, 0.8566 0.0 -0.4639, 0.8566 0.0787 -0.4639, 0.8661 0.0 -0.4679, 0.8661 0.0787 -0.4679, 0.8743 0.0 -0.4741, 0.8743 0.0787 -0.4741, 0.8806 0.0 -0.4823, 0.8806 0.0787 -0.4823, 0.8845 0.0 -0.4918, 0.8845 0.0787 -0.4918, 0.5709 0.0 -0.6398, 0.5709 0.0787 -0.6398, 0.5722 0.0787 -0.65, 0.5722 0.0 -0.65, 0.5761 0.0787 -0.6594, 0.5761 0.0 -0.6594, 0.5824 0.0787 -0.6676, 0.5824 0.0 -0.6676, 0.5906 0.0787 -0.6739, 0.5906 0.0 -0.6739, 0.6 0.0787 -0.6778, 0.6 0.0 -0.6778, 0.8845 0.0 -0.65, 0.8845 0.0787 -0.65, 0.8806 0.0 -0.6594, 0.8806 0.0787 -0.6594, 0.8743 0.0 -0.6676, 0.8743 0.0787 -0.6676, 0.8661 0.0 -0.6739, 0.8661 0.0787 -0.6739, 0.8566 0.0 -0.6778, 0.8566 0.0787 -0.6778, -0.8566 0.0 -0.6778, -0.8566 0.0787 -0.6778, -0.8661 0.0 -0.6739, -0.8661 0.0787 -0.6739, -0.8743 0.0 -0.6676, -0.8743 0.0787 -0.6676, -0.8806 0.0 -0.6594, -0.8806 0.0787 -0.6594, -0.8845 0.0 -0.65, -0.8845 0.0787 -0.65, 0.5 0.0 -0.439, 0.5 0.0787 -0.439, 0.5068 0.0 -0.4319, 0.5068 0.0787 -0.4319, 0.5152 0.0 -0.4268, 0.5152 0.0787 -0.4268, 0.5245 0.0 -0.4238, 0.5245 0.0787 -0.4238, 0.5343 0.0 -0.4233, 0.5343 0.0787 -0.4233, 0.5439 0.0 -0.4252, 0.5439 0.0787 -0.4252, 0.5528 0.0 -0.4295, 0.5528 0.0787 -0.4295, 0.5603 0.0 -0.4358, 0.5603 0.0787 -0.4358, 0.5661 0.0 -0.4437, 0.5661 0.0787 -0.4437, 0.5696 0.0 -0.4529, 0.5696 0.0787 -0.4529, 0.5709 0.0 -0.4626, 0.5709 0.0787 -0.4626, 0.315 0.0 -0.6594, 0.315 0.0787 -0.6594, 0.324 0.0787 -0.6584, 0.324 0.0 -0.6584, 0.3326 0.0787 -0.6553, 0.3326 0.0 -0.6553, 0.3402 0.0787 -0.6503, 0.3402 0.0 -0.6503, 0.3465 0.0787 -0.6437, 0.3465 0.0 -0.6437, -0.3465 0.0 -0.6437, -0.3465 0.0787 -0.6437, -0.3402 0.0787 -0.6503, -0.3402 0.0 -0.6503, -0.3326 0.0787 -0.6553, -0.3326 0.0 -0.6553, -0.324 0.0787 -0.6584, -0.324 0.0 -0.6584, -0.315 0.0787 -0.6594, -0.315 0.0 -0.6594, -0.5709 0.0 -0.4626, -0.5709 0.0787 -0.4626, -0.5696 0.0 -0.4529, -0.5696 0.0787 -0.4529, -0.5661 0.0 -0.4437, -0.5661 0.0787 -0.4437, -0.5603 0.0 -0.4358, -0.5603 0.0787 -0.4358, -0.5528 0.0 -0.4295, -0.5528 0.0787 -0.4295, -0.5439 0.0 -0.4252, -0.5439 0.0787 -0.4252, -0.5343 0.0 -0.4233, -0.5343 0.0787 -0.4233, -0.5245 0.0 -0.4238, -0.5245 0.0787 -0.4238, -0.5152 0.0 -0.4268, -0.5152 0.0787 -0.4268, -0.5068 0.0 -0.4319, -0.5068 0.0787 -0.4319, -0.5 0.0 -0.439, -0.5 0.0787 -0.439, -0.8845 0.0 -0.4918, -0.8845 0.0787 -0.4918, -0.8806 0.0 -0.4823, -0.8806 0.0787 -0.4823, -0.8743 0.0 -0.4741, -0.8743 0.0787 -0.4741, -0.8661 0.0 -0.4679, -0.8661 0.0787 -0.4679, -0.8566 0.0 -0.4639, -0.8566 0.0787 -0.4639, -0.6 0.0787 -0.6778, -0.6 0.0 -0.6778, -0.5906 0.0787 -0.6739, -0.5906 0.0 -0.6739, -0.5824 0.0787 -0.6676, -0.5824 0.0 -0.6676, -0.5761 0.0787 -0.6594, -0.5761 0.0 -0.6594, -0.5722 0.0787 -0.65, -0.5722 0.0 -0.65, -0.5709 0.0787 -0.6398, -0.5709 0.0 -0.6398, 0.3937 0.0787 0.0, 0.3937 0.0 -0.0, 0.3877 0.0787 0.0684, 0.3877 -0.0 0.0684, 0.37 0.0787 0.1347, 0.37 -0.0 0.1347, 0.341 0.0787 0.1969, 0.341 -0.0 0.1969, 0.3016 0.0787 0.2531, 0.3016 -0.0 0.2531, 0.2531 0.0787 0.3016, 0.2531 -0.0 0.3016, 0.1969 0.0787 0.341, 0.1969 -0.0 0.341, 0.1347 0.0787 0.37, 0.1347 -0.0 0.37, 0.0684 0.0787 0.3877, 0.0684 -0.0 0.3877, 0.0 0.0787 0.3937, 0.0 -0.0 0.3937, -0.0684 0.0787 0.3877, -0.0684 -0.0 0.3877, -0.1347 0.0787 0.37, -0.1347 -0.0 0.37, -0.1969 0.0787 0.341, -0.1969 -0.0 0.341, -0.2531 0.0787 0.3016, -0.2531 -0.0 0.3016, -0.3016 0.0787 0.2531, -0.3016 -0.0 0.2531, -0.341 0.0787 0.1969, -0.341 -0.0 0.1969, -0.37 0.0787 0.1347, -0.37 -0.0 0.1347, -0.3877 0.0787 0.0684, -0.3877 -0.0 0.0684, -0.3937 0.0787 0.0, -0.3937 -0.0 0.0, -0.3877 0.0787 -0.0684, -0.3877 0.0 -0.0684, -0.37 0.0787 -0.1347, -0.37 0.0 -0.1347, -0.341 0.0787 -0.1969, -0.341 0.0 -0.1969, -0.3016 0.0787 -0.2531, -0.3016 0.0 -0.2531, -0.2531 0.0787 -0.3016, -0.2531 0.0 -0.3016, -0.1969 0.0787 -0.341, -0.1969 0.0 -0.341, -0.1347 0.0787 -0.37, -0.1347 0.0 -0.37, -0.0684 0.0787 -0.3877, -0.0684 0.0 -0.3877, -0.0 0.0787 -0.3937, -0.0 0.0 -0.3937, 0.0684 0.0787 -0.3877, 0.0684 0.0 -0.3877, 0.1347 0.0787 -0.37, 0.1347 0.0 -0.37, 0.1969 0.0787 -0.341, 0.1969 0.0 -0.341, 0.2531 0.0787 -0.3016, 0.2531 0.0 -0.3016, 0.3016 0.0787 -0.2531, 0.3016 0.0 -0.2531, 0.341 0.0787 -0.1969, 0.341 0.0 -0.1969, 0.37 0.0787 -0.1347, 0.37 0.0 -0.1347, 0.3877 0.0787 -0.0684, 0.3877 0.0 -0.0684, 0.3877 0.0 -0.0684
            ]
        }
        coordIndex [
            0,1,2,-1,2,1,3,-1,4,5,6,-1,6,5,7,-1,8,9,10,-1,10,9,11,-1,12,13,14,-1,14,13,15,-1,16,17,18,-1,18,17,19,-1,20,21,22,-1,22,21,23,-1,8,10,24,-1,8,24,25,-1,25,24,26,-1,25,26,27,-1,27,26,28,-1,27,28,29,-1,29,28,30,-1,29,30,31,-1,31,30,32,-1,31,32,33,-1,33,32,12,-1,33,12,14,-1,34,35,36,-1,34,36,37,-1,37,36,38,-1,37,38,39,-1,39,38,40,-1,39,40,41,-1,41,40,42,-1,41,42,43,-1,43,42,44,-1,43,44,45,-1,45,44,20,-1,45,20,22,-1,15,13,46,-1,15,46,47,-1,47,46,48,-1,47,48,49,-1,49,48,50,-1,49,50,51,-1,51,50,52,-1,51,52,53,-1,53,52,54,-1,53,54,55,-1,55,54,23,-1,55,23,21,-1,16,18,56,-1,16,56,57,-1,57,56,58,-1,57,58,59,-1,59,58,60,-1,59,60,61,-1,61,60,62,-1,61,62,63,-1,63,62,64,-1,63,64,65,-1,65,64,0,-1,65,0,2,-1,66,67,68,-1,68,67,69,-1,68,69,70,-1,70,69,71,-1,70,71,72,-1,72,71,73,-1,72,73,74,-1,74,73,75,-1,74,75,76,-1,76,75,77,-1,76,77,78,-1,78,77,79,-1,78,79,80,-1,80,79,81,-1,80,81,82,-1,82,81,83,-1,82,83,84,-1,84,83,85,-1,84,85,86,-1,86,85,87,-1,88,89,90,-1,88,90,91,-1,91,90,92,-1,91,92,93,-1,93,92,94,-1,93,94,95,-1,95,94,96,-1,95,96,97,-1,98,99,100,-1,98,100,101,-1,101,100,102,-1,101,102,103,-1,103,102,104,-1,103,104,105,-1,105,104,106,-1,105,106,107,-1,108,109,110,-1,110,109,111,-1,110,111,112,-1,112,111,113,-1,112,113,114,-1,114,113,115,-1,114,115,116,-1,116,115,117,-1,116,117,118,-1,118,117,119,-1,118,119,120,-1,120,119,121,-1,120,121,122,-1,122,121,123,-1,122,123,124,-1,124,123,125,-1,124,125,126,-1,126,125,127,-1,126,127,128,-1,128,127,129,-1,3,1,130,-1,3,130,131,-1,131,130,132,-1,131,132,133,-1,133,132,134,-1,133,134,135,-1,135,134,136,-1,135,136,137,-1,137,136,138,-1,137,138,139,-1,139,138,4,-1,139,4,6,-1,19,17,140,-1,19,140,141,-1,141,140,142,-1,141,142,143,-1,143,142,144,-1,143,144,145,-1,145,144,146,-1,145,146,147,-1,147,146,148,-1,147,148,149,-1,149,148,150,-1,149,150,151,-1,152,153,154,-1,154,153,155,-1,154,155,156,-1,156,155,157,-1,156,157,158,-1,158,157,159,-1,158,159,160,-1,160,159,161,-1,160,161,162,-1,162,161,163,-1,162,163,164,-1,164,163,165,-1,164,165,166,-1,166,165,167,-1,166,167,168,-1,168,167,169,-1,168,169,170,-1,170,169,171,-1,170,171,172,-1,172,171,173,-1,172,173,174,-1,174,173,175,-1,174,175,176,-1,176,175,177,-1,176,177,178,-1,178,177,179,-1,178,179,180,-1,180,179,181,-1,180,181,182,-1,182,181,183,-1,182,183,184,-1,184,183,185,-1,184,185,186,-1,186,185,187,-1,186,187,188,-1,188,187,189,-1,188,189,190,-1,190,189,191,-1,190,191,192,-1,192,191,193,-1,192,193,194,-1,194,193,195,-1,194,195,196,-1,196,195,197,-1,196,197,198,-1,198,197,199,-1,198,199,200,-1,200,199,201,-1,200,201,202,-1,202,201,203,-1,202,203,204,-1,204,203,205,-1,204,205,206,-1,206,205,207,-1,206,207,208,-1,208,207,209,-1,208,209,210,-1,210,209,211,-1,210,211,212,-1,212,211,213,-1,212,213,214,-1,214,213,215,-1,214,215,216,-1,216,215,217,-1,216,217,218,-1,218,217,219,-1,218,219,220,-1,220,219,221,-1,220,221,222,-1,222,221,223,-1,222,223,152,-1,152,223,153,-1,
        ]
    }
}
Shape{
    appearance Appearance {
        material  Material 	{
            diffuseColor 0.25098039215686274 0.25098039215686274 0.25098039215686274
            specularColor 0.12549019607843137 0.12549019607843137 0.12549019607843137
            ambientIntensity 0.2
            transparency 0
            shininess 0.5
        }
    }
    geometry IndexedFaceSet {
        ccw TRUE
        solid FALSE
        coord DEF co Coordinate {
            point [
                -0.5015 -0.0 0.3542, -0.4962 -0.0 0.3554, -0.4962 -0.0032 0.3553, -0.516 -0.0394 0.4516, -0.5367 -0.0382 0.431, -0.5273 -0.0382 0.4246, -0.4206 -0.0 0.4272, -0.4198 -0.0 0.4318, -0.4197 -0.0032 0.4318, -0.4579 -0.0 0.531, -0.4611 -0.0 0.533, -0.4611 -0.0032 0.533, -0.445 -0.0 0.5197, -0.4465 -0.0 0.521, -0.4465 -0.0032 0.521, -0.4714 -0.0 0.5393, -0.4778 -0.0 0.5419, -0.4777 -0.0032 0.5421, -0.4403 -0.0248 0.4834, -0.4461 -0.028 0.4809, -0.4416 -0.028 0.4667, -0.4819 -0.0329 0.5024, -0.4728 -0.0329 0.4948, -0.4625 -0.028 0.5051, -0.5038 -0.0329 0.5118, -0.4924 -0.0329 0.5082, -0.4866 -0.028 0.5215, -0.6126 -0.0 0.4327, -0.6123 -0.0 0.4317, -0.6122 -0.0032 0.4318, -0.5948 -0.0 0.5105, -0.5973 -0.0 0.5064, -0.5974 -0.0032 0.5065, -0.5833 -0.0 0.5233, -0.5854 -0.0 0.521, -0.5854 -0.0032 0.521, -0.5794 -0.0 0.3763, -0.5708 -0.0 0.3702, -0.5709 -0.0032 0.3701, -0.5185 -0.0 0.3532, -0.516 -0.0 0.3533, -0.516 -0.0032 0.3533, -0.5917 -0.0248 0.4197, -0.586 -0.028 0.4222, -0.5904 -0.028 0.4364, -0.5504 -0.0329 0.4006, -0.5595 -0.0329 0.4082, -0.5697 -0.028 0.398, -0.5284 -0.0329 0.3913, -0.5399 -0.0329 0.3949, -0.5455 -0.028 0.3816, -0.516 -0.0329 0.39, -0.5313 -0.028 0.3772, -0.5584 -0.028 0.3886, -0.554 -0.0063 0.3616, -0.5542 -0.0032 0.361, -0.5358 -0.0032 0.3553, -0.5536 -0.0091 0.3624, -0.5356 -0.0063 0.3559, -0.5344 -0.0 0.3548, -0.5655 -0.0 0.3665, -0.5706 -0.0063 0.3706, -0.5701 -0.0091 0.3713, -0.5694 -0.0118 0.3723, -0.5542 -0.0 0.3611, -0.5512 -0.0 0.3596, -0.5358 -0.0 0.3552, -0.5974 -0.0032 0.3966, -0.5854 -0.0032 0.3821, -0.597 -0.0063 0.397, -0.585 -0.0063 0.3825, -0.5962 -0.0091 0.3975, -0.5844 -0.0091 0.3831, -0.5952 -0.0118 0.3982, -0.5835 -0.0118 0.384, -0.5939 -0.0144 0.399, -0.5824 -0.0144 0.3851, -0.5924 -0.0168 0.4001, -0.6078 -0.0 0.416, -0.6065 -0.0 0.4133, -0.6065 -0.0032 0.4133, -0.606 -0.0063 0.4136, -0.6051 -0.0091 0.4139, -0.604 -0.0118 0.4144, -0.6026 -0.0144 0.415, -0.6009 -0.0168 0.4157, -0.5887 -0.0211 0.4026, -0.6009 -0.0 0.4017, -0.5973 -0.0 0.3967, -0.5907 -0.0 0.3875, -0.5853 -0.0 0.3822, -0.5396 -0.0329 0.5082, -0.5281 -0.0329 0.5118, -0.5311 -0.028 0.5259, -0.6117 -0.0063 0.4712, -0.6122 -0.0032 0.4713, -0.6142 -0.0032 0.4516, -0.6032 -0.0 0.4971, -0.6063 -0.0 0.4897, -0.6065 -0.0032 0.4898, -0.6099 -0.0 0.4811, -0.606 -0.0063 0.4896, -0.6051 -0.0091 0.4892, -0.5962 -0.0091 0.5056, -0.5952 -0.0118 0.5049, -0.5835 -0.0118 0.5191, -0.5824 -0.0144 0.518, -0.5684 -0.0144 0.5295, -0.5674 -0.0168 0.5279, -0.5517 -0.0168 0.5364, -0.5648 -0.0211 0.5242, -0.5499 -0.0211 0.5323, -0.5478 -0.0248 0.5272, -0.5324 -0.0248 0.5321, -0.516 -0.028 0.5275, -0.516 -0.0329 0.5131, -0.5318 -0.0 0.5487, -0.5358 -0.0 0.5479, -0.5358 -0.0032 0.5478, -0.5405 -0.0 0.5469, -0.5542 -0.0032 0.5421, -0.5542 -0.0 0.5421, -0.5555 -0.0 0.5417, -0.6121 -0.0 0.4713, -0.6134 -0.0 0.4656, -0.6142 -0.0 0.4515, -0.6143 -0.0 0.4484, -0.5453 -0.028 0.5215, -0.5617 -0.0248 0.5196, -0.5778 -0.0211 0.5134, -0.581 -0.0168 0.5167, -0.5939 -0.0144 0.504, -0.604 -0.0118 0.4887, -0.6108 -0.0091 0.471, -0.6136 -0.0063 0.4516, -0.5969 -0.0063 0.5061, -0.5844 -0.0091 0.52, -0.5693 -0.0118 0.5308, -0.5525 -0.0144 0.5381, -0.5345 -0.0168 0.5418, -0.5335 -0.0211 0.5374, -0.516 -0.0248 0.5338, -0.5008 -0.028 0.5259, -0.4738 -0.028 0.5144, -0.4995 -0.0248 0.5321, -0.516 -0.0211 0.5392, -0.516 -0.0168 0.5437, -0.5349 -0.0144 0.5436, -0.5531 -0.0118 0.5396, -0.57 -0.0091 0.5318, -0.585 -0.0063 0.5206, -0.492 -0.0329 0.3949, -0.5036 -0.0329 0.3913, -0.5007 -0.028 0.3772, -0.4842 -0.0248 0.5272, -0.4984 -0.0211 0.5374, -0.4975 -0.0168 0.5418, -0.516 -0.0144 0.5455, -0.5352 -0.0118 0.5451, -0.5536 -0.0091 0.5407, -0.5706 -0.0063 0.5325, -0.4702 -0.0248 0.5196, -0.482 -0.0211 0.5323, -0.4802 -0.0168 0.5364, -0.4971 -0.0144 0.5436, -0.516 -0.0118 0.5471, -0.5354 -0.0091 0.5464, -0.554 -0.0063 0.5415, -0.5709 -0.0032 0.533, -0.5709 -0.0 0.5332, -0.4532 -0.028 0.4938, -0.458 -0.0248 0.5096, -0.4671 -0.0211 0.5242, -0.4645 -0.0168 0.5279, -0.4794 -0.0144 0.5381, -0.4967 -0.0118 0.5451, -0.516 -0.0091 0.5483, -0.5356 -0.0063 0.5472, -0.4479 -0.0248 0.4974, -0.4541 -0.0211 0.5134, -0.4509 -0.0168 0.5167, -0.4635 -0.0144 0.5295, -0.4788 -0.0118 0.5396, -0.4965 -0.0091 0.5464, -0.516 -0.0063 0.5492, -0.4874 -0.0 0.5458, -0.4962 -0.0 0.5477, -0.4962 -0.0032 0.5478, -0.5029 -0.0 0.5491, -0.4434 -0.0211 0.5005, -0.4311 -0.0168 0.4874, -0.4396 -0.0168 0.503, -0.4381 -0.0144 0.504, -0.4496 -0.0144 0.518, -0.4485 -0.0118 0.5191, -0.4626 -0.0118 0.5308, -0.4619 -0.0091 0.5318, -0.4783 -0.0091 0.5407, -0.478 -0.0063 0.5415, -0.4963 -0.0063 0.5472, -0.516 -0.0032 0.5498, -0.516 -0.0 0.55, -0.4294 -0.0144 0.4881, -0.4368 -0.0118 0.5049, -0.4476 -0.0091 0.52, -0.4614 -0.0063 0.5325, -0.428 -0.0118 0.4887, -0.4357 -0.0091 0.5056, -0.4469 -0.0063 0.5206, -0.426 -0.0063 0.4896, -0.4255 -0.0032 0.4898, -0.4345 -0.0032 0.5065, -0.4268 -0.0091 0.4892, -0.435 -0.0063 0.5061, -0.4349 -0.0 0.5074, -0.4209 -0.0 0.4772, -0.4254 -0.0 0.4898, -0.4263 -0.0 0.4921, -0.4344 -0.0 0.5065, -0.4177 -0.0032 0.4516, -0.4203 -0.0063 0.4319, -0.426 -0.0063 0.4136, -0.4268 -0.0091 0.4139, -0.4357 -0.0091 0.3975, -0.4367 -0.0118 0.3982, -0.4484 -0.0118 0.384, -0.4495 -0.0144 0.3851, -0.4634 -0.0144 0.3736, -0.4645 -0.0168 0.3752, -0.4801 -0.0168 0.3666, -0.467 -0.0211 0.3789, -0.4819 -0.0211 0.3708, -0.484 -0.0248 0.3758, -0.4994 -0.0248 0.371, -0.516 -0.028 0.3756, -0.4344 -0.0 0.3966, -0.4339 -0.0 0.3972, -0.4345 -0.0032 0.3966, -0.4257 -0.0 0.4122, -0.5325 -0.0248 0.371, -0.516 -0.0248 0.3693, -0.516 -0.0211 0.3639, -0.4983 -0.0211 0.3657, -0.516 -0.0168 0.3594, -0.4974 -0.0168 0.3613, -0.497 -0.0144 0.3595, -0.4794 -0.0144 0.365, -0.4788 -0.0118 0.3635, -0.4626 -0.0118 0.3723, -0.4619 -0.0091 0.3713, -0.4475 -0.0091 0.3831, -0.4469 -0.0063 0.3825, -0.435 -0.0063 0.397, -0.4255 -0.0032 0.4133, -0.4254 -0.0 0.4133, -0.5619 -0.0248 0.3834, -0.548 -0.0248 0.3758, -0.5501 -0.0211 0.3708, -0.5336 -0.0211 0.3657, -0.5518 -0.0168 0.3666, -0.5345 -0.0168 0.3613, -0.5349 -0.0144 0.3595, -0.516 -0.0144 0.3576, -0.516 -0.0118 0.356, -0.4967 -0.0118 0.358, -0.4965 -0.0091 0.3567, -0.4783 -0.0091 0.3624, -0.478 -0.0063 0.3616, -0.4614 -0.0063 0.3706, -0.4611 -0.0032 0.3701, -0.4465 -0.0032 0.3821, -0.579 -0.028 0.4092, -0.5842 -0.0248 0.4057, -0.5741 -0.0248 0.3935, -0.578 -0.0211 0.3896, -0.565 -0.0211 0.3789, -0.5811 -0.0168 0.3864, -0.5675 -0.0168 0.3752, -0.5685 -0.0144 0.3736, -0.5525 -0.0144 0.365, -0.5531 -0.0118 0.3635, -0.5352 -0.0118 0.358, -0.5355 -0.0091 0.3567, -0.516 -0.0091 0.3548, -0.516 -0.0063 0.3539, -0.4963 -0.0063 0.3559, -0.4777 -0.0032 0.361, -0.4861 -0.0 0.3578, -0.4778 -0.0 0.3612, -0.47 -0.0 0.3645, -0.4611 -0.0 0.3702, -0.4566 -0.0 0.3731, -0.4466 -0.0 0.3822, -0.4437 -0.0 0.3847, -0.4178 -0.0 0.4444, -0.4179 -0.0 0.4516, -0.4179 -0.0 0.4603, -0.4864 -0.028 0.3816, -0.47 -0.0248 0.3834, -0.454 -0.0211 0.3896, -0.4508 -0.0168 0.3864, -0.438 -0.0144 0.399, -0.4279 -0.0118 0.4144, -0.4212 -0.0091 0.4321, -0.4183 -0.0063 0.4516, -0.4197 -0.0032 0.4713, -0.4199 -0.0 0.4713, -0.505 -0.0382 0.4784, -0.5103 -0.0382 0.4802, -0.4957 -0.0382 0.472, -0.4874 -0.0382 0.4573, -0.4892 -0.0382 0.4626, -0.4558 -0.0329 0.4638, -0.4595 -0.0329 0.4752, -0.4652 -0.0329 0.4857, -0.4239 -0.0144 0.4705, -0.4257 -0.0168 0.4701, -0.4238 -0.0168 0.4516, -0.4301 -0.0211 0.4691, -0.4283 -0.0211 0.4516, -0.4338 -0.0248 0.4516, -0.4354 -0.0248 0.4351, -0.4415 -0.028 0.4364, -0.446 -0.028 0.4222, -0.4557 -0.0329 0.4393, -0.4592 -0.0329 0.4278, -0.4873 -0.0382 0.4458, -0.489 -0.0382 0.4404, -0.4212 -0.0091 0.471, -0.4224 -0.0118 0.4708, -0.4204 -0.0118 0.4516, -0.422 -0.0144 0.4516, -0.4239 -0.0144 0.4326, -0.4257 -0.0168 0.433, -0.431 -0.0168 0.4157, -0.4301 -0.0211 0.434, -0.4352 -0.0211 0.4175, -0.4402 -0.0248 0.4197, -0.4478 -0.0248 0.4057, -0.453 -0.028 0.4092, -0.4623 -0.028 0.398, -0.4649 -0.0329 0.4174, -0.4724 -0.0329 0.4082, -0.4953 -0.0382 0.431, -0.4353 -0.0211 0.4856, -0.4355 -0.0248 0.468, -0.44 -0.028 0.4516, -0.4544 -0.0329 0.4516, -0.4867 -0.0382 0.4516, -0.516 -0.0382 0.4223, -0.5101 -0.0382 0.4229, -0.5046 -0.0382 0.4246, -0.5219 -0.0382 0.4229, -0.4203 -0.0063 0.4712, -0.4192 -0.0091 0.4516, -0.4224 -0.0118 0.4323, -0.4294 -0.0144 0.415, -0.4395 -0.0168 0.4001, -0.4433 -0.0211 0.4026, -0.4578 -0.0248 0.3935, -0.4735 -0.028 0.3886, -0.4816 -0.0329 0.4006, -0.5446 -0.0382 0.4458, -0.543 -0.0382 0.4404, -0.5763 -0.0329 0.4393, -0.5727 -0.0329 0.4278, -0.567 -0.0329 0.4174, -0.6081 -0.0144 0.4326, -0.6063 -0.0168 0.433, -0.6081 -0.0168 0.4516, -0.6019 -0.0211 0.434, -0.6036 -0.0211 0.4516, -0.5982 -0.0248 0.4516, -0.5965 -0.0248 0.468, -0.5903 -0.028 0.4667, -0.5858 -0.028 0.4809, -0.5762 -0.0329 0.4638, -0.5725 -0.0329 0.4752, -0.5445 -0.0382 0.4573, -0.5427 -0.0382 0.4626, -0.6108 -0.0091 0.4321, -0.6096 -0.0118 0.4323, -0.6115 -0.0118 0.4516, -0.61 -0.0144 0.4516, -0.608 -0.0144 0.4705, -0.6062 -0.0168 0.4701, -0.6008 -0.0168 0.4874, -0.6018 -0.0211 0.4691, -0.5967 -0.0211 0.4856, -0.5916 -0.0248 0.4834, -0.584 -0.0248 0.4974, -0.5787 -0.028 0.4938, -0.5694 -0.028 0.5051, -0.5667 -0.0329 0.4857, -0.5591 -0.0329 0.4948, -0.5363 -0.0382 0.472, -0.5968 -0.0211 0.4175, -0.5965 -0.0248 0.4351, -0.5919 -0.028 0.4516, -0.5775 -0.0329 0.4516, -0.5452 -0.0382 0.4516, -0.516 -0.0382 0.4808, -0.5216 -0.0382 0.4802, -0.527 -0.0382 0.4784, -0.6117 -0.0063 0.4319, -0.6127 -0.0091 0.4516, -0.6096 -0.0118 0.4708, -0.6025 -0.0144 0.4881, -0.5923 -0.0168 0.503, -0.5885 -0.0211 0.5005, -0.5739 -0.0248 0.5096, -0.5582 -0.028 0.5144, -0.55 -0.0329 0.5024, 0.5216 -0.0382 0.4802, 0.516 -0.0382 0.4808, 0.516 -0.0394 0.4516, 0.5363 -0.0382 0.472, 0.527 -0.0382 0.4784, 0.5219 -0.0382 0.4229, 0.5273 -0.0382 0.4246, 0.5103 -0.0382 0.4802, 0.505 -0.0382 0.4784, 0.4349 -0.0 0.3957, 0.4468 -0.0 0.3824, 0.4465 -0.0032 0.3821, 0.4715 -0.0 0.3637, 0.4779 -0.0 0.3615, 0.4777 -0.0032 0.361, 0.495 -0.0 0.3554, 0.4962 -0.0 0.3552, 0.4962 -0.0032 0.3553, 0.4511 -0.0 0.3775, 0.4614 -0.0 0.3706, 0.4611 -0.0032 0.3701, 0.4239 -0.0 0.4167, 0.4256 -0.0 0.4134, 0.4255 -0.0032 0.4133, 0.4502 -0.0 0.5248, 0.4467 -0.0 0.5209, 0.4465 -0.0032 0.521, 0.516 -0.0091 0.5483, 0.516 -0.0063 0.5492, 0.4963 -0.0063 0.5472, 0.5607 -0.0 0.5392, 0.554 -0.0 0.5416, 0.5542 -0.0032 0.5421, 0.5373 -0.0 0.5477, 0.5358 -0.0 0.5478, 0.5358 -0.0032 0.5478, 0.581 -0.0 0.5254, 0.5705 -0.0 0.5325, 0.5709 -0.0032 0.533, 0.5816 -0.0 0.3783, 0.5852 -0.0 0.3823, 0.5854 -0.0032 0.3821, 0.516 -0.0091 0.3548, 0.516 -0.0063 0.3539, 0.5356 -0.0063 0.3559, 0.5542 -0.0032 0.361, 0.5358 -0.0032 0.3553, 0.516 -0.0032 0.3533, 0.554 -0.0 0.3615, 0.5621 -0.0 0.3646, 0.516 -0.0118 0.356, 0.5355 -0.0091 0.3567, 0.554 -0.0063 0.3616, 0.5709 -0.0032 0.3701, 0.5706 -0.0 0.3705, 0.54 -0.0 0.3561, 0.5357 -0.0 0.3556, 0.516 -0.0 0.3531, 0.5336 -0.0211 0.3657, 0.516 -0.0168 0.3594, 0.5345 -0.0168 0.3613, 0.5349 -0.0144 0.3595, 0.5525 -0.0144 0.365, 0.5531 -0.0118 0.3635, 0.5694 -0.0118 0.3723, 0.5701 -0.0091 0.3713, 0.5844 -0.0091 0.3831, 0.585 -0.0063 0.3825, 0.597 -0.0063 0.397, 0.5974 -0.0032 0.3966, 0.6065 -0.0032 0.4133, 0.516 -0.0144 0.3576, 0.5352 -0.0118 0.358, 0.5536 -0.0091 0.3624, 0.5706 -0.0063 0.3706, 0.596 -0.0 0.3943, 0.5325 -0.0248 0.371, 0.5501 -0.0211 0.3708, 0.5518 -0.0168 0.3666, 0.5685 -0.0144 0.3736, 0.5835 -0.0118 0.384, 0.5962 -0.0091 0.3975, 0.606 -0.0063 0.4136, 0.6122 -0.0032 0.4318, 0.6117 -0.0063 0.4712, 0.6108 -0.0091 0.471, 0.6127 -0.0091 0.4516, 0.6142 -0.0032 0.4516, 0.6137 -0.0 0.4516, 0.6137 -0.0 0.4629, 0.5399 -0.0329 0.3949, 0.5313 -0.028 0.3772, 0.5455 -0.028 0.3816, 0.548 -0.0248 0.3758, 0.5619 -0.0248 0.3834, 0.565 -0.0211 0.3789, 0.578 -0.0211 0.3896, 0.5675 -0.0168 0.3752, 0.5811 -0.0168 0.3864, 0.5824 -0.0144 0.3851, 0.5939 -0.0144 0.399, 0.5952 -0.0118 0.3982, 0.604 -0.0118 0.4144, 0.6051 -0.0091 0.4139, 0.6108 -0.0091 0.4321, 0.6117 -0.0063 0.4319, 0.6136 -0.0063 0.4516, 0.6122 -0.0032 0.4713, 0.55 -0.0329 0.5024, 0.5591 -0.0329 0.4948, 0.5694 -0.028 0.5051, 0.5787 -0.028 0.4938, 0.5739 -0.0248 0.5096, 0.584 -0.0248 0.4974, 0.5778 -0.0211 0.5134, 0.5885 -0.0211 0.5005, 0.5923 -0.0168 0.503, 0.6008 -0.0168 0.4874, 0.5939 -0.0144 0.504, 0.6025 -0.0144 0.4881, 0.5952 -0.0118 0.5049, 0.604 -0.0118 0.4887, 0.5962 -0.0091 0.5056, 0.6051 -0.0091 0.4892, 0.5969 -0.0063 0.5061, 0.606 -0.0063 0.4896, 0.5974 -0.0032 0.5065, 0.6065 -0.0032 0.4898, 0.5972 -0.0 0.5071, 0.6117 -0.0 0.4712, 0.6081 -0.0 0.4861, 0.6063 -0.0 0.4897, 0.5851 -0.0 0.5208, 0.5854 -0.0032 0.521, 0.585 -0.0063 0.5206, 0.5706 -0.0063 0.5325, 0.5844 -0.0091 0.52, 0.57 -0.0091 0.5318, 0.5835 -0.0118 0.5191, 0.5693 -0.0118 0.5308, 0.5824 -0.0144 0.518, 0.5684 -0.0144 0.5295, 0.581 -0.0168 0.5167, 0.5674 -0.0168 0.5279, 0.5648 -0.0211 0.5242, 0.5499 -0.0211 0.5323, 0.5617 -0.0248 0.5196, 0.5478 -0.0248 0.5272, 0.5582 -0.028 0.5144, 0.5453 -0.028 0.5215, 0.5396 -0.0329 0.5082, 0.5281 -0.0329 0.5118, 0.554 -0.0063 0.5415, 0.5536 -0.0091 0.5407, 0.5531 -0.0118 0.5396, 0.5525 -0.0144 0.5381, 0.5517 -0.0168 0.5364, 0.5335 -0.0211 0.5374, 0.5324 -0.0248 0.5321, 0.5311 -0.028 0.5259, 0.516 -0.0329 0.5131, 0.5356 -0.0063 0.5472, 0.5354 -0.0091 0.5464, 0.5352 -0.0118 0.5451, 0.5349 -0.0144 0.5436, 0.5345 -0.0168 0.5418, 0.516 -0.0211 0.5392, 0.516 -0.0248 0.5338, 0.516 -0.028 0.5275, 0.5038 -0.0329 0.5118, 0.5973 -0.0 0.3967, 0.6064 -0.0 0.4134, 0.6078 -0.0 0.416, 0.6117 -0.0 0.4319, 0.6137 -0.0 0.4402, 0.4352 -0.0211 0.4175, 0.4402 -0.0248 0.4197, 0.4354 -0.0248 0.4351, 0.4777 -0.0032 0.5421, 0.4962 -0.0032 0.5478, 0.516 -0.0032 0.5498, 0.4779 -0.0 0.5416, 0.4698 -0.0 0.5385, 0.516 -0.0118 0.5471, 0.4965 -0.0091 0.5464, 0.478 -0.0063 0.5415, 0.4611 -0.0032 0.533, 0.4614 -0.0 0.5326, 0.4918 -0.0 0.547, 0.4962 -0.0 0.5475, 0.516 -0.0 0.55, 0.4984 -0.0211 0.5374, 0.516 -0.0168 0.5437, 0.4975 -0.0168 0.5418, 0.4971 -0.0144 0.5436, 0.4794 -0.0144 0.5381, 0.4788 -0.0118 0.5396, 0.4626 -0.0118 0.5308, 0.4619 -0.0091 0.5318, 0.4476 -0.0091 0.52, 0.4469 -0.0063 0.5206, 0.435 -0.0063 0.5061, 0.4345 -0.0032 0.5065, 0.4255 -0.0032 0.4898, 0.516 -0.0144 0.5455, 0.4967 -0.0118 0.5451, 0.4783 -0.0091 0.5407, 0.4614 -0.0063 0.5325, 0.4361 -0.0 0.5091, 0.4995 -0.0248 0.5321, 0.482 -0.0211 0.5323, 0.4802 -0.0168 0.5364, 0.4635 -0.0144 0.5295, 0.4485 -0.0118 0.5191, 0.4357 -0.0091 0.5056, 0.426 -0.0063 0.4896, 0.4197 -0.0032 0.4713, 0.4177 -0.0032 0.4516, 0.4182 -0.0 0.4516, 0.4182 -0.0 0.4399, 0.4924 -0.0329 0.5082, 0.5008 -0.028 0.5259, 0.4866 -0.028 0.5215, 0.4842 -0.0248 0.5272, 0.4702 -0.0248 0.5196, 0.4671 -0.0211 0.5242, 0.4541 -0.0211 0.5134, 0.4645 -0.0168 0.5279, 0.4509 -0.0168 0.5167, 0.4496 -0.0144 0.518, 0.4381 -0.0144 0.504, 0.4368 -0.0118 0.5049, 0.428 -0.0118 0.4887, 0.4268 -0.0091 0.4892, 0.4212 -0.0091 0.471, 0.4203 -0.0063 0.4712, 0.4183 -0.0063 0.4516, 0.4197 -0.0032 0.4318, 0.4202 -0.0 0.4319, 0.4345 -0.0 0.3966, 0.4345 -0.0032 0.3966, 0.426 -0.0063 0.4136, 0.435 -0.0063 0.397, 0.4268 -0.0091 0.4139, 0.4357 -0.0091 0.3975, 0.4279 -0.0118 0.4144, 0.4367 -0.0118 0.3982, 0.4294 -0.0144 0.415, 0.438 -0.0144 0.399, 0.431 -0.0168 0.4157, 0.4395 -0.0168 0.4001, 0.4433 -0.0211 0.4026, 0.454 -0.0211 0.3896, 0.4478 -0.0248 0.4057, 0.4578 -0.0248 0.3935, 0.453 -0.028 0.4092, 0.4623 -0.028 0.398, 0.4724 -0.0329 0.4082, 0.4816 -0.0329 0.4006, 0.4469 -0.0063 0.3825, 0.4614 -0.0063 0.3706, 0.4475 -0.0091 0.3831, 0.4619 -0.0091 0.3713, 0.4484 -0.0118 0.384, 0.4626 -0.0118 0.3723, 0.4495 -0.0144 0.3851, 0.4634 -0.0144 0.3736, 0.4508 -0.0168 0.3864, 0.4645 -0.0168 0.3752, 0.467 -0.0211 0.3789, 0.4819 -0.0211 0.3708, 0.47 -0.0248 0.3834, 0.484 -0.0248 0.3758, 0.4735 -0.028 0.3886, 0.4864 -0.028 0.3816, 0.492 -0.0329 0.3949, 0.5036 -0.0329 0.3913, 0.478 -0.0063 0.3616, 0.4783 -0.0091 0.3624, 0.4788 -0.0118 0.3635, 0.4794 -0.0144 0.365, 0.4801 -0.0168 0.3666, 0.4983 -0.0211 0.3657, 0.4994 -0.0248 0.371, 0.5007 -0.028 0.3772, 0.516 -0.0329 0.39, 0.4347 -0.0 0.5064, 0.4255 -0.0 0.4897, 0.4243 -0.0 0.4874, 0.4202 -0.0 0.4712, 0.4182 -0.0 0.4632, 0.4963 -0.0063 0.3559, 0.4965 -0.0091 0.3567, 0.4967 -0.0118 0.358, 0.497 -0.0144 0.3595, 0.4974 -0.0168 0.3613, 0.516 -0.0211 0.3639, 0.516 -0.0248 0.3693, 0.516 -0.028 0.3756, 0.5284 -0.0329 0.3913, 0.4212 -0.0091 0.4321, 0.4224 -0.0118 0.4323, 0.4204 -0.0118 0.4516, 0.422 -0.0144 0.4516, 0.4239 -0.0144 0.4705, 0.4257 -0.0168 0.4701, 0.4311 -0.0168 0.4874, 0.4301 -0.0211 0.4691, 0.4353 -0.0211 0.4856, 0.4403 -0.0248 0.4834, 0.4479 -0.0248 0.4974, 0.4532 -0.028 0.4938, 0.4625 -0.028 0.5051, 0.4652 -0.0329 0.4857, 0.4728 -0.0329 0.4948, 0.4957 -0.0382 0.472, 0.4892 -0.0382 0.4626, 0.4595 -0.0329 0.4752, 0.4461 -0.028 0.4809, 0.4355 -0.0248 0.468, 0.4283 -0.0211 0.4516, 0.4238 -0.0168 0.4516, 0.4239 -0.0144 0.4326, 0.4203 -0.0063 0.4319, 0.4192 -0.0091 0.4516, 0.4224 -0.0118 0.4708, 0.4294 -0.0144 0.4881, 0.4396 -0.0168 0.503, 0.4434 -0.0211 0.5005, 0.458 -0.0248 0.5096, 0.4738 -0.028 0.5144, 0.4819 -0.0329 0.5024, 0.4257 -0.0168 0.433, 0.4301 -0.0211 0.434, 0.4338 -0.0248 0.4516, 0.4416 -0.028 0.4667, 0.4558 -0.0329 0.4638, 0.4874 -0.0382 0.4573, 0.4415 -0.028 0.4364, 0.44 -0.028 0.4516, 0.4557 -0.0329 0.4393, 0.4544 -0.0329 0.4516, 0.4873 -0.0382 0.4458, 0.4867 -0.0382 0.4516, 0.4592 -0.0329 0.4278, 0.489 -0.0382 0.4404, 0.5046 -0.0382 0.4246, 0.5101 -0.0382 0.4229, 0.516 -0.0382 0.4223, 0.4953 -0.0382 0.431, 0.446 -0.028 0.4222, 0.4649 -0.0329 0.4174, 0.6081 -0.0168 0.4516, 0.6018 -0.0211 0.4691, 0.6036 -0.0211 0.4516, 0.5982 -0.0248 0.4516, 0.5965 -0.0248 0.4351, 0.5904 -0.028 0.4364, 0.586 -0.028 0.4222, 0.5763 -0.0329 0.4393, 0.5727 -0.0329 0.4278, 0.5446 -0.0382 0.4458, 0.543 -0.0382 0.4404, 0.6115 -0.0118 0.4516, 0.61 -0.0144 0.4516, 0.6081 -0.0144 0.4326, 0.6063 -0.0168 0.433, 0.6009 -0.0168 0.4157, 0.6019 -0.0211 0.434, 0.5968 -0.0211 0.4175, 0.5917 -0.0248 0.4197, 0.5842 -0.0248 0.4057, 0.579 -0.028 0.4092, 0.5697 -0.028 0.398, 0.567 -0.0329 0.4174, 0.5595 -0.0329 0.4082, 0.5367 -0.0382 0.431, 0.6096 -0.0118 0.4323, 0.6026 -0.0144 0.415, 0.5924 -0.0168 0.4001, 0.5887 -0.0211 0.4026, 0.5741 -0.0248 0.3935, 0.5584 -0.028 0.3886, 0.5504 -0.0329 0.4006, 0.5965 -0.0248 0.468, 0.5903 -0.028 0.4667, 0.5919 -0.028 0.4516, 0.5762 -0.0329 0.4638, 0.5775 -0.0329 0.4516, 0.5445 -0.0382 0.4573, 0.5452 -0.0382 0.4516, 0.5725 -0.0329 0.4752, 0.5427 -0.0382 0.4626, 0.6096 -0.0118 0.4708, 0.608 -0.0144 0.4705, 0.6062 -0.0168 0.4701, 0.5967 -0.0211 0.4856, 0.5916 -0.0248 0.4834, 0.5858 -0.028 0.4809, 0.5667 -0.0329 0.4857, 0.5667 -0.0329 0.4857
            ]
        }
        coordIndex [
            0,1,2,-1,3,4,5,-1,6,7,8,-1,9,10,11,-1,12,13,14,-1,15,16,17,-1,18,19,20,-1,21,22,23,-1,24,25,26,-1,27,28,29,-1,30,31,32,-1,33,34,35,-1,36,37,38,-1,39,40,41,-1,42,43,44,-1,45,46,47,-1,48,49,50,-1,51,48,52,-1,49,45,53,-1,54,55,56,-1,57,54,58,-1,58,54,56,-1,58,56,41,-1,41,56,59,-1,41,59,39,-1,37,60,38,-1,38,60,55,-1,38,55,61,-1,61,55,54,-1,61,54,62,-1,62,54,57,-1,62,57,63,-1,60,64,55,-1,55,64,65,-1,55,65,56,-1,56,65,66,-1,56,66,59,-1,67,68,69,-1,69,68,70,-1,69,70,71,-1,71,70,72,-1,71,72,73,-1,73,72,74,-1,73,74,75,-1,75,74,76,-1,75,76,77,-1,78,79,80,-1,80,79,67,-1,80,67,81,-1,81,67,69,-1,81,69,82,-1,82,69,71,-1,82,71,83,-1,83,71,73,-1,83,73,84,-1,84,73,75,-1,84,75,85,-1,85,75,77,-1,85,77,86,-1,79,87,67,-1,67,87,88,-1,67,88,68,-1,68,88,89,-1,68,89,90,-1,90,36,68,-1,68,36,38,-1,68,38,70,-1,70,38,61,-1,70,61,72,-1,72,61,62,-1,72,62,74,-1,74,62,63,-1,74,63,76,-1,91,92,93,-1,94,95,96,-1,97,98,99,-1,99,98,100,-1,95,94,101,-1,101,94,102,-1,101,102,103,-1,103,102,104,-1,103,104,105,-1,105,104,106,-1,105,106,107,-1,107,106,108,-1,107,108,109,-1,109,108,110,-1,109,110,111,-1,111,110,112,-1,111,112,113,-1,113,112,93,-1,113,93,114,-1,114,93,92,-1,114,92,115,-1,116,117,118,-1,118,117,119,-1,120,121,122,-1,100,123,95,-1,95,123,124,-1,95,124,96,-1,96,124,125,-1,96,125,126,-1,91,93,127,-1,127,93,112,-1,127,112,128,-1,128,112,110,-1,128,110,129,-1,129,110,108,-1,129,108,130,-1,130,108,106,-1,130,106,131,-1,131,106,104,-1,131,104,132,-1,132,104,102,-1,132,102,133,-1,133,102,94,-1,133,94,134,-1,134,94,96,-1,134,96,29,-1,29,96,126,-1,29,126,27,-1,100,95,99,-1,99,95,101,-1,99,101,135,-1,135,101,103,-1,135,103,136,-1,136,103,105,-1,136,105,137,-1,137,105,107,-1,137,107,138,-1,138,107,109,-1,138,109,139,-1,139,109,111,-1,139,111,140,-1,140,111,113,-1,140,113,141,-1,141,113,114,-1,141,114,142,-1,142,114,115,-1,142,115,24,-1,25,21,143,-1,24,26,142,-1,142,26,144,-1,142,144,141,-1,141,144,145,-1,141,145,140,-1,140,145,146,-1,140,146,139,-1,139,146,147,-1,139,147,138,-1,138,147,148,-1,138,148,137,-1,137,148,149,-1,137,149,136,-1,136,149,150,-1,136,150,135,-1,135,150,32,-1,135,32,99,-1,99,32,31,-1,99,31,97,-1,151,152,153,-1,25,143,26,-1,26,143,154,-1,26,154,144,-1,144,154,155,-1,144,155,145,-1,145,155,156,-1,145,156,146,-1,146,156,157,-1,146,157,147,-1,147,157,158,-1,147,158,148,-1,148,158,159,-1,148,159,149,-1,149,159,160,-1,149,160,150,-1,150,160,35,-1,150,35,32,-1,32,35,34,-1,32,34,30,-1,21,23,143,-1,143,23,161,-1,143,161,154,-1,154,161,162,-1,154,162,155,-1,155,162,163,-1,155,163,156,-1,156,163,164,-1,156,164,157,-1,157,164,165,-1,157,165,158,-1,158,165,166,-1,158,166,159,-1,159,166,167,-1,159,167,160,-1,160,167,168,-1,160,168,35,-1,35,168,169,-1,35,169,33,-1,22,170,23,-1,23,170,171,-1,23,171,161,-1,161,171,172,-1,161,172,162,-1,162,172,173,-1,162,173,163,-1,163,173,174,-1,163,174,164,-1,164,174,175,-1,164,175,165,-1,165,175,176,-1,165,176,166,-1,166,176,177,-1,166,177,167,-1,167,177,120,-1,167,120,168,-1,168,120,122,-1,168,122,169,-1,170,178,171,-1,171,178,179,-1,171,179,172,-1,172,179,180,-1,172,180,173,-1,173,180,181,-1,173,181,174,-1,174,181,182,-1,174,182,175,-1,175,182,183,-1,175,183,176,-1,176,183,184,-1,176,184,177,-1,177,184,118,-1,177,118,120,-1,120,118,119,-1,120,119,121,-1,185,186,187,-1,187,186,188,-1,189,190,191,-1,191,190,192,-1,191,192,193,-1,193,192,194,-1,193,194,195,-1,195,194,196,-1,195,196,197,-1,197,196,198,-1,197,198,199,-1,199,198,187,-1,199,187,200,-1,200,187,188,-1,200,188,201,-1,190,202,192,-1,192,202,203,-1,192,203,194,-1,194,203,204,-1,194,204,196,-1,196,204,205,-1,196,205,198,-1,198,205,17,-1,198,17,187,-1,187,17,16,-1,187,16,185,-1,202,206,203,-1,203,206,207,-1,203,207,204,-1,204,207,208,-1,204,208,205,-1,205,208,11,-1,205,11,17,-1,17,11,10,-1,17,10,15,-1,209,210,211,-1,212,209,213,-1,213,209,211,-1,213,211,14,-1,14,211,214,-1,14,214,12,-1,215,216,210,-1,210,216,217,-1,210,217,211,-1,211,217,218,-1,211,218,214,-1,206,212,207,-1,207,212,213,-1,207,213,208,-1,208,213,14,-1,208,14,11,-1,11,14,13,-1,11,13,9,-1,7,219,8,-1,8,219,220,-1,8,220,221,-1,221,220,222,-1,221,222,223,-1,223,222,224,-1,223,224,225,-1,225,224,226,-1,225,226,227,-1,227,226,228,-1,227,228,229,-1,229,228,230,-1,229,230,231,-1,231,230,232,-1,231,232,233,-1,233,232,153,-1,233,153,234,-1,234,153,152,-1,234,152,51,-1,235,236,237,-1,237,236,238,-1,48,50,52,-1,52,50,239,-1,52,239,240,-1,240,239,241,-1,240,241,242,-1,242,241,243,-1,242,243,244,-1,244,243,245,-1,244,245,246,-1,246,245,247,-1,246,247,248,-1,248,247,249,-1,248,249,250,-1,250,249,251,-1,250,251,252,-1,252,251,237,-1,252,237,253,-1,253,237,238,-1,253,238,254,-1,45,47,53,-1,53,47,255,-1,53,255,256,-1,256,255,257,-1,256,257,258,-1,258,257,259,-1,258,259,260,-1,260,259,261,-1,260,261,262,-1,262,261,263,-1,262,263,264,-1,264,263,265,-1,264,265,266,-1,266,265,267,-1,266,267,268,-1,268,267,269,-1,268,269,270,-1,271,272,273,-1,273,272,274,-1,273,274,275,-1,275,274,276,-1,275,276,277,-1,277,276,278,-1,277,278,279,-1,279,278,280,-1,279,280,281,-1,281,280,282,-1,281,282,283,-1,283,282,284,-1,283,284,285,-1,285,284,2,-1,285,2,286,-1,286,2,1,-1,1,287,286,-1,286,287,288,-1,286,288,289,-1,46,271,47,-1,47,271,273,-1,47,273,255,-1,255,273,275,-1,255,275,257,-1,257,275,277,-1,257,277,259,-1,259,277,279,-1,259,279,261,-1,261,279,281,-1,261,281,263,-1,263,281,283,-1,263,283,265,-1,265,283,285,-1,265,285,267,-1,267,285,286,-1,267,286,269,-1,269,286,289,-1,289,290,269,-1,269,290,291,-1,269,291,270,-1,270,291,292,-1,270,292,293,-1,49,53,50,-1,50,53,256,-1,50,256,239,-1,239,256,258,-1,239,258,241,-1,241,258,260,-1,241,260,243,-1,243,260,262,-1,243,262,245,-1,245,262,264,-1,245,264,247,-1,247,264,266,-1,247,266,249,-1,249,266,268,-1,249,268,251,-1,251,268,270,-1,251,270,237,-1,237,270,293,-1,237,293,235,-1,7,294,219,-1,219,294,295,-1,219,295,296,-1,151,153,297,-1,297,153,232,-1,297,232,298,-1,298,232,230,-1,298,230,299,-1,299,230,228,-1,299,228,300,-1,300,228,226,-1,300,226,301,-1,301,226,224,-1,301,224,302,-1,302,224,222,-1,302,222,303,-1,303,222,220,-1,303,220,304,-1,304,220,219,-1,304,219,305,-1,305,219,296,-1,305,296,306,-1,51,52,234,-1,234,52,240,-1,234,240,233,-1,233,240,242,-1,233,242,231,-1,231,242,244,-1,231,244,229,-1,229,244,246,-1,229,246,227,-1,227,246,248,-1,227,248,225,-1,225,248,250,-1,225,250,223,-1,223,250,252,-1,223,252,221,-1,221,252,253,-1,221,253,8,-1,8,253,254,-1,8,254,6,-1,3,307,308,-1,309,307,3,-1,3,310,311,-1,311,310,312,-1,311,312,313,-1,313,312,20,-1,20,19,313,-1,313,19,314,-1,313,314,311,-1,311,314,309,-1,311,309,3,-1,315,316,317,-1,317,316,318,-1,317,318,319,-1,319,318,320,-1,319,320,321,-1,321,320,322,-1,321,322,323,-1,323,322,324,-1,323,324,325,-1,325,324,326,-1,325,326,327,-1,327,326,3,-1,328,329,330,-1,330,329,331,-1,330,331,332,-1,332,331,333,-1,332,333,334,-1,334,333,335,-1,334,335,336,-1,336,335,337,-1,336,337,338,-1,338,337,339,-1,338,339,340,-1,340,339,341,-1,340,341,342,-1,342,341,343,-1,3,343,327,-1,327,343,341,-1,327,341,325,-1,325,341,339,-1,325,339,323,-1,323,339,337,-1,323,337,321,-1,321,337,335,-1,321,335,319,-1,319,335,333,-1,319,333,317,-1,317,333,331,-1,317,331,315,-1,315,331,329,-1,316,344,318,-1,318,344,345,-1,318,345,320,-1,320,345,346,-1,320,346,322,-1,322,346,347,-1,322,347,324,-1,324,347,348,-1,324,348,326,-1,326,348,3,-1,3,349,350,-1,351,3,350,-1,352,349,3,-1,353,328,354,-1,354,328,330,-1,354,330,355,-1,355,330,332,-1,355,332,356,-1,356,332,334,-1,356,334,357,-1,357,334,336,-1,357,336,358,-1,358,336,338,-1,358,338,359,-1,359,338,340,-1,359,340,360,-1,360,340,342,-1,360,342,361,-1,361,342,343,-1,361,343,351,-1,351,343,3,-1,344,18,345,-1,345,18,20,-1,345,20,346,-1,346,20,312,-1,346,312,347,-1,347,312,310,-1,347,310,348,-1,348,310,3,-1,5,352,3,-1,3,362,363,-1,363,362,364,-1,363,364,365,-1,365,364,44,-1,44,43,365,-1,365,43,366,-1,365,366,363,-1,363,366,4,-1,363,4,3,-1,367,368,369,-1,369,368,370,-1,369,370,371,-1,371,370,372,-1,371,372,373,-1,373,372,374,-1,373,374,375,-1,375,374,376,-1,375,376,377,-1,377,376,378,-1,377,378,379,-1,379,378,3,-1,380,381,382,-1,382,381,383,-1,382,383,384,-1,384,383,385,-1,384,385,386,-1,386,385,387,-1,386,387,388,-1,388,387,389,-1,388,389,390,-1,390,389,391,-1,390,391,392,-1,392,391,393,-1,392,393,394,-1,394,393,395,-1,3,395,379,-1,379,395,393,-1,379,393,377,-1,377,393,391,-1,377,391,375,-1,375,391,389,-1,375,389,373,-1,373,389,387,-1,373,387,371,-1,371,387,385,-1,371,385,369,-1,369,385,383,-1,369,383,367,-1,367,383,381,-1,368,396,370,-1,370,396,397,-1,370,397,372,-1,372,397,398,-1,372,398,374,-1,374,398,399,-1,374,399,376,-1,376,399,400,-1,376,400,378,-1,378,400,3,-1,396,42,397,-1,397,42,44,-1,397,44,398,-1,398,44,364,-1,398,364,399,-1,399,364,362,-1,399,362,400,-1,400,362,3,-1,3,401,402,-1,403,3,402,-1,308,401,3,-1,404,380,405,-1,405,380,382,-1,405,382,406,-1,406,382,384,-1,406,384,407,-1,407,384,386,-1,407,386,408,-1,408,386,388,-1,408,388,409,-1,409,388,390,-1,409,390,410,-1,410,390,392,-1,410,392,411,-1,411,392,394,-1,411,394,412,-1,412,394,395,-1,412,395,403,-1,403,395,3,-1,272,86,274,-1,274,86,77,-1,274,77,276,-1,276,77,76,-1,276,76,278,-1,278,76,63,-1,278,63,280,-1,280,63,57,-1,280,57,282,-1,282,57,58,-1,282,58,284,-1,284,58,41,-1,284,41,2,-1,2,41,40,-1,2,40,0,-1,178,189,179,-1,179,189,191,-1,179,191,180,-1,180,191,193,-1,180,193,181,-1,181,193,195,-1,181,195,182,-1,182,195,197,-1,182,197,183,-1,183,197,199,-1,183,199,184,-1,184,199,200,-1,184,200,118,-1,118,200,201,-1,118,201,116,-1,305,353,304,-1,304,353,354,-1,304,354,303,-1,303,354,355,-1,303,355,302,-1,302,355,356,-1,302,356,301,-1,301,356,357,-1,301,357,300,-1,300,357,358,-1,300,358,299,-1,299,358,359,-1,299,359,298,-1,298,359,360,-1,298,360,297,-1,297,360,361,-1,297,361,151,-1,151,361,351,-1,151,351,152,-1,152,351,350,-1,152,350,51,-1,51,350,349,-1,51,349,48,-1,48,349,352,-1,48,352,49,-1,49,352,5,-1,49,5,45,-1,45,5,4,-1,45,4,46,-1,46,4,366,-1,46,366,271,-1,271,366,43,-1,271,43,272,-1,272,43,42,-1,272,42,86,-1,86,42,396,-1,86,396,85,-1,85,396,368,-1,85,368,84,-1,84,368,367,-1,84,367,83,-1,83,367,381,-1,83,381,82,-1,82,381,380,-1,82,380,81,-1,81,380,404,-1,81,404,80,-1,306,215,305,-1,305,215,210,-1,305,210,353,-1,353,210,209,-1,353,209,328,-1,328,209,212,-1,328,212,329,-1,329,212,206,-1,329,206,315,-1,315,206,202,-1,315,202,316,-1,316,202,190,-1,316,190,344,-1,344,190,189,-1,344,189,18,-1,18,189,178,-1,18,178,19,-1,19,178,170,-1,19,170,314,-1,314,170,22,-1,314,22,309,-1,309,22,21,-1,309,21,307,-1,307,21,25,-1,307,25,308,-1,308,25,24,-1,308,24,401,-1,401,24,115,-1,401,115,402,-1,402,115,92,-1,402,92,403,-1,403,92,91,-1,403,91,412,-1,412,91,127,-1,412,127,411,-1,411,127,128,-1,411,128,410,-1,410,128,129,-1,410,129,409,-1,409,129,130,-1,409,130,408,-1,408,130,131,-1,408,131,407,-1,407,131,132,-1,407,132,406,-1,406,132,133,-1,406,133,405,-1,405,133,134,-1,405,134,404,-1,404,134,29,-1,404,29,80,-1,80,29,28,-1,80,28,78,-1,413,414,415,-1,415,416,417,-1,418,419,415,-1,420,421,415,-1,422,423,424,-1,425,426,427,-1,428,429,430,-1,431,432,433,-1,434,435,436,-1,437,438,439,-1,440,441,442,-1,443,444,445,-1,446,447,448,-1,449,450,451,-1,452,453,454,-1,455,456,457,-1,458,457,459,-1,459,457,456,-1,459,456,460,-1,458,461,462,-1,463,455,464,-1,464,455,457,-1,464,457,465,-1,465,457,458,-1,465,458,466,-1,466,458,462,-1,466,462,467,-1,461,458,468,-1,468,458,459,-1,468,459,469,-1,469,459,460,-1,469,460,470,-1,471,472,473,-1,473,472,474,-1,473,474,475,-1,475,474,476,-1,475,476,477,-1,477,476,478,-1,477,478,479,-1,479,478,480,-1,479,480,481,-1,481,480,482,-1,481,482,483,-1,472,484,474,-1,474,484,485,-1,474,485,476,-1,476,485,486,-1,476,486,478,-1,478,486,487,-1,478,487,480,-1,480,487,454,-1,480,454,482,-1,482,454,453,-1,482,453,488,-1,489,471,490,-1,490,471,473,-1,490,473,491,-1,491,473,475,-1,491,475,492,-1,492,475,477,-1,492,477,493,-1,493,477,479,-1,493,479,494,-1,494,479,481,-1,494,481,495,-1,495,481,483,-1,495,483,496,-1,484,463,485,-1,485,463,464,-1,485,464,486,-1,486,464,465,-1,486,465,487,-1,487,465,466,-1,487,466,454,-1,454,466,467,-1,454,467,452,-1,497,498,499,-1,500,501,502,-1,503,504,505,-1,505,504,506,-1,505,506,507,-1,507,506,508,-1,507,508,509,-1,509,508,510,-1,509,510,511,-1,511,510,512,-1,511,512,513,-1,513,512,514,-1,513,514,515,-1,515,514,516,-1,515,516,517,-1,517,516,518,-1,517,518,519,-1,519,518,500,-1,519,500,520,-1,520,500,502,-1,521,522,523,-1,523,522,524,-1,523,524,525,-1,525,524,526,-1,525,526,527,-1,527,526,528,-1,527,528,529,-1,529,528,530,-1,529,530,531,-1,531,530,532,-1,531,532,533,-1,533,532,534,-1,533,534,535,-1,535,534,536,-1,535,536,537,-1,537,536,538,-1,537,538,539,-1,539,538,540,-1,539,540,541,-1,542,543,540,-1,540,543,544,-1,540,544,541,-1,545,449,546,-1,546,449,451,-1,546,451,547,-1,547,451,548,-1,547,548,549,-1,549,548,550,-1,549,550,551,-1,551,550,552,-1,551,552,553,-1,553,552,554,-1,553,554,555,-1,555,554,556,-1,555,556,557,-1,557,556,558,-1,557,558,559,-1,559,558,560,-1,559,560,561,-1,561,560,562,-1,561,562,563,-1,563,562,564,-1,450,443,451,-1,451,443,445,-1,451,445,548,-1,548,445,565,-1,548,565,550,-1,550,565,566,-1,550,566,552,-1,552,566,567,-1,552,567,554,-1,554,567,568,-1,554,568,556,-1,556,568,569,-1,556,569,558,-1,558,569,570,-1,558,570,560,-1,560,570,571,-1,560,571,562,-1,562,571,572,-1,562,572,564,-1,564,572,573,-1,541,545,539,-1,539,545,546,-1,539,546,537,-1,537,546,547,-1,537,547,535,-1,535,547,549,-1,535,549,533,-1,533,549,551,-1,533,551,531,-1,531,551,553,-1,531,553,529,-1,529,553,555,-1,529,555,527,-1,527,555,557,-1,527,557,525,-1,525,557,559,-1,525,559,523,-1,523,559,561,-1,523,561,521,-1,521,561,563,-1,444,446,445,-1,445,446,448,-1,445,448,565,-1,565,448,574,-1,565,574,566,-1,566,574,575,-1,566,575,567,-1,567,575,576,-1,567,576,568,-1,568,576,577,-1,568,577,569,-1,569,577,578,-1,569,578,570,-1,570,578,579,-1,570,579,571,-1,571,579,580,-1,571,580,572,-1,572,580,581,-1,572,581,573,-1,573,581,582,-1,488,583,482,-1,482,583,584,-1,482,584,483,-1,483,584,585,-1,483,585,496,-1,496,585,586,-1,496,586,587,-1,504,489,506,-1,506,489,490,-1,506,490,508,-1,508,490,491,-1,508,491,510,-1,510,491,492,-1,510,492,512,-1,512,492,493,-1,512,493,514,-1,514,493,494,-1,514,494,516,-1,516,494,495,-1,516,495,518,-1,518,495,496,-1,518,496,500,-1,500,496,587,-1,500,587,501,-1,588,589,590,-1,591,442,592,-1,592,442,441,-1,592,441,593,-1,591,594,595,-1,596,440,597,-1,597,440,442,-1,597,442,598,-1,598,442,591,-1,598,591,599,-1,599,591,595,-1,599,595,600,-1,594,591,601,-1,601,591,592,-1,601,592,602,-1,602,592,593,-1,602,593,603,-1,604,605,606,-1,606,605,607,-1,606,607,608,-1,608,607,609,-1,608,609,610,-1,610,609,611,-1,610,611,612,-1,612,611,613,-1,612,613,614,-1,614,613,615,-1,614,615,616,-1,605,617,607,-1,607,617,618,-1,607,618,609,-1,609,618,619,-1,609,619,611,-1,611,619,620,-1,611,620,613,-1,613,620,439,-1,613,439,615,-1,615,439,438,-1,615,438,621,-1,622,604,623,-1,623,604,606,-1,623,606,624,-1,624,606,608,-1,624,608,625,-1,625,608,610,-1,625,610,626,-1,626,610,612,-1,626,612,627,-1,627,612,614,-1,627,614,628,-1,628,614,616,-1,628,616,629,-1,617,596,618,-1,618,596,597,-1,618,597,619,-1,619,597,598,-1,619,598,620,-1,620,598,599,-1,620,599,439,-1,439,599,600,-1,439,600,437,-1,630,631,632,-1,633,634,635,-1,635,634,636,-1,635,636,637,-1,637,636,638,-1,637,638,639,-1,639,638,640,-1,639,640,641,-1,641,640,642,-1,641,642,643,-1,643,642,644,-1,643,644,645,-1,645,644,646,-1,645,646,647,-1,647,646,648,-1,647,648,649,-1,649,648,630,-1,649,630,650,-1,650,630,632,-1,650,632,651,-1,435,652,436,-1,436,652,653,-1,436,653,654,-1,654,653,655,-1,654,655,656,-1,656,655,657,-1,656,657,658,-1,658,657,659,-1,658,659,660,-1,660,659,661,-1,660,661,662,-1,662,661,663,-1,662,663,664,-1,664,663,665,-1,664,665,666,-1,666,665,667,-1,666,667,668,-1,668,667,669,-1,668,669,670,-1,670,669,671,-1,423,431,424,-1,424,431,433,-1,424,433,672,-1,672,433,673,-1,672,673,674,-1,674,673,675,-1,674,675,676,-1,676,675,677,-1,676,677,678,-1,678,677,679,-1,678,679,680,-1,680,679,681,-1,680,681,682,-1,682,681,683,-1,682,683,684,-1,684,683,685,-1,684,685,686,-1,686,685,687,-1,686,687,688,-1,688,687,689,-1,432,425,433,-1,433,425,427,-1,433,427,673,-1,673,427,690,-1,673,690,675,-1,675,690,691,-1,675,691,677,-1,677,691,692,-1,677,692,679,-1,679,692,693,-1,679,693,681,-1,681,693,694,-1,681,694,683,-1,683,694,695,-1,683,695,685,-1,685,695,696,-1,685,696,687,-1,687,696,697,-1,687,697,689,-1,689,697,698,-1,652,422,653,-1,653,422,424,-1,653,424,655,-1,655,424,672,-1,655,672,657,-1,657,672,674,-1,657,674,659,-1,659,674,676,-1,659,676,661,-1,661,676,678,-1,661,678,663,-1,663,678,680,-1,663,680,665,-1,665,680,682,-1,665,682,667,-1,667,682,684,-1,667,684,669,-1,669,684,686,-1,669,686,671,-1,671,686,688,-1,621,699,615,-1,615,699,700,-1,615,700,616,-1,616,700,701,-1,616,701,629,-1,629,701,702,-1,629,702,703,-1,634,622,636,-1,636,622,623,-1,636,623,638,-1,638,623,624,-1,638,624,640,-1,640,624,625,-1,640,625,642,-1,642,625,626,-1,642,626,644,-1,644,626,627,-1,644,627,646,-1,646,627,628,-1,646,628,648,-1,648,628,629,-1,648,629,630,-1,630,629,703,-1,630,703,631,-1,426,428,427,-1,427,428,430,-1,427,430,690,-1,690,430,704,-1,690,704,691,-1,691,704,705,-1,691,705,692,-1,692,705,706,-1,692,706,693,-1,693,706,707,-1,693,707,694,-1,694,707,708,-1,694,708,695,-1,695,708,709,-1,695,709,696,-1,696,709,710,-1,696,710,697,-1,697,710,711,-1,697,711,698,-1,698,711,712,-1,713,714,715,-1,715,714,716,-1,715,716,717,-1,717,716,718,-1,717,718,719,-1,719,718,720,-1,719,720,721,-1,721,720,722,-1,721,722,723,-1,723,722,724,-1,723,724,725,-1,725,724,726,-1,725,726,727,-1,727,726,728,-1,415,728,729,-1,729,728,726,-1,729,726,730,-1,730,726,724,-1,730,724,731,-1,731,724,722,-1,731,722,732,-1,732,722,720,-1,732,720,733,-1,733,720,718,-1,733,718,734,-1,734,718,716,-1,734,716,735,-1,735,716,714,-1,736,713,737,-1,737,713,715,-1,737,715,738,-1,738,715,717,-1,738,717,739,-1,739,717,719,-1,739,719,740,-1,740,719,721,-1,740,721,741,-1,741,721,723,-1,741,723,742,-1,742,723,725,-1,742,725,743,-1,743,725,727,-1,743,727,744,-1,744,727,728,-1,744,728,421,-1,421,728,415,-1,414,420,415,-1,735,745,734,-1,734,745,746,-1,734,746,733,-1,733,746,747,-1,733,747,732,-1,732,747,748,-1,732,748,731,-1,731,748,749,-1,731,749,730,-1,730,749,750,-1,730,750,729,-1,729,750,415,-1,590,751,752,-1,752,751,753,-1,752,753,754,-1,754,753,755,-1,754,755,756,-1,756,755,415,-1,751,757,753,-1,753,757,758,-1,753,758,755,-1,755,758,415,-1,415,759,760,-1,761,415,760,-1,762,759,415,-1,590,589,751,-1,751,589,763,-1,751,763,757,-1,757,763,764,-1,757,764,758,-1,758,764,762,-1,758,762,415,-1,745,588,746,-1,746,588,590,-1,746,590,747,-1,747,590,752,-1,747,752,748,-1,748,752,754,-1,748,754,749,-1,749,754,756,-1,749,756,750,-1,750,756,415,-1,765,766,767,-1,767,766,768,-1,767,768,769,-1,769,768,770,-1,769,770,771,-1,771,770,772,-1,771,772,773,-1,773,772,774,-1,773,774,775,-1,775,774,415,-1,776,777,778,-1,778,777,779,-1,778,779,780,-1,780,779,781,-1,780,781,782,-1,782,781,783,-1,782,783,784,-1,784,783,785,-1,784,785,786,-1,786,785,787,-1,786,787,788,-1,788,787,789,-1,415,789,775,-1,775,789,787,-1,775,787,773,-1,773,787,785,-1,773,785,771,-1,771,785,783,-1,771,783,769,-1,769,783,781,-1,769,781,767,-1,767,781,779,-1,767,779,765,-1,765,779,777,-1,499,776,790,-1,790,776,778,-1,790,778,791,-1,791,778,780,-1,791,780,792,-1,792,780,782,-1,792,782,793,-1,793,782,784,-1,793,784,794,-1,794,784,786,-1,794,786,795,-1,795,786,788,-1,795,788,796,-1,796,788,789,-1,796,789,419,-1,419,789,415,-1,761,418,415,-1,797,798,799,-1,799,798,800,-1,799,800,801,-1,801,800,802,-1,801,802,803,-1,803,802,415,-1,798,804,800,-1,800,804,805,-1,800,805,802,-1,802,805,415,-1,766,797,768,-1,768,797,799,-1,768,799,770,-1,770,799,801,-1,770,801,772,-1,772,801,803,-1,772,803,774,-1,774,803,415,-1,417,413,415,-1,499,498,776,-1,776,498,806,-1,776,806,777,-1,777,806,807,-1,777,807,765,-1,765,807,808,-1,765,808,766,-1,766,808,809,-1,766,809,797,-1,797,809,810,-1,797,810,798,-1,798,810,811,-1,798,811,804,-1,804,811,812,-1,804,812,805,-1,805,812,416,-1,805,416,415,-1,429,470,430,-1,430,470,460,-1,430,460,704,-1,704,460,456,-1,704,456,705,-1,705,456,455,-1,705,455,706,-1,706,455,463,-1,706,463,707,-1,707,463,484,-1,707,484,708,-1,708,484,472,-1,708,472,709,-1,709,472,471,-1,709,471,710,-1,710,471,489,-1,710,489,711,-1,711,489,504,-1,711,504,712,-1,712,504,503,-1,447,603,448,-1,448,603,593,-1,448,593,574,-1,574,593,441,-1,574,441,575,-1,575,441,440,-1,575,440,576,-1,576,440,596,-1,576,596,577,-1,577,596,617,-1,577,617,578,-1,578,617,605,-1,578,605,579,-1,579,605,604,-1,579,604,580,-1,580,604,622,-1,580,622,581,-1,581,622,634,-1,581,634,582,-1,582,634,633,-1,520,497,519,-1,519,497,499,-1,519,499,517,-1,517,499,790,-1,517,790,515,-1,515,790,791,-1,515,791,513,-1,513,791,792,-1,513,792,511,-1,511,792,793,-1,511,793,509,-1,509,793,794,-1,509,794,507,-1,507,794,795,-1,507,795,505,-1,505,795,796,-1,505,796,503,-1,503,796,419,-1,503,419,712,-1,712,419,418,-1,712,418,698,-1,698,418,761,-1,698,761,689,-1,689,761,760,-1,689,760,688,-1,688,760,759,-1,688,759,671,-1,671,759,762,-1,671,762,670,-1,670,762,764,-1,670,764,668,-1,668,764,763,-1,668,763,666,-1,666,763,589,-1,666,589,664,-1,664,589,588,-1,664,588,662,-1,662,588,745,-1,662,745,660,-1,660,745,735,-1,660,735,658,-1,658,735,714,-1,658,714,656,-1,656,714,713,-1,656,713,654,-1,654,713,736,-1,654,736,436,-1,502,542,520,-1,520,542,540,-1,520,540,497,-1,497,540,538,-1,497,538,498,-1,498,538,536,-1,498,536,806,-1,806,536,534,-1,806,534,807,-1,807,534,532,-1,807,532,808,-1,808,532,530,-1,808,530,809,-1,809,530,528,-1,809,528,810,-1,810,528,526,-1,810,526,811,-1,811,526,524,-1,811,524,812,-1,812,524,522,-1,812,522,416,-1,416,522,521,-1,416,521,417,-1,417,521,563,-1,417,563,413,-1,413,563,564,-1,413,564,414,-1,414,564,573,-1,414,573,420,-1,420,573,582,-1,420,582,421,-1,421,582,633,-1,421,633,744,-1,744,633,635,-1,744,635,743,-1,743,635,637,-1,743,637,742,-1,742,637,639,-1,742,639,741,-1,741,639,641,-1,741,641,740,-1,740,641,643,-1,740,643,739,-1,739,643,645,-1,739,645,738,-1,738,645,647,-1,738,647,737,-1,737,647,649,-1,737,649,736,-1,736,649,650,-1,736,650,436,-1,436,650,651,-1,436,651,434,-1,
        ]
    }
}
Shape{
    appearance Appearance {
        material  Material 	{
            diffuseColor 0.0 0.0 0.0
            specularColor 0.0 0.0 0.0
            ambientIntensity 0.2
            transparency 0
            shininess 0.5
        }
    }
    geometry IndexedFaceSet {
        ccw TRUE
        solid FALSE
        coord DEF co Coordinate {
            point [
                0.8898 0.5299 -0.0436, 0.8898 0.5299 -0.0478, 0.8858 0.5299 -0.0436, 0.8858 0.5299 -0.0478, 0.8898 0.5151 -0.0436, 0.8858 0.5151 -0.0436, 0.8898 0.5151 -0.0108, 0.8858 0.5151 -0.0108, 0.8898 0.5103 -0.0108, 0.8858 0.5103 -0.0108, 0.8898 0.5103 -0.0478, 0.8858 0.5103 -0.0478, 0.8898 0.5489 -0.0485, 0.8858 0.5489 -0.0485, 0.8858 0.5511 -0.0484, 0.8898 0.5511 -0.0484, 0.8858 0.5532 -0.0482, 0.8898 0.5532 -0.0482, 0.8858 0.5551 -0.0478, 0.8898 0.5551 -0.0478, 0.8858 0.5568 -0.0473, 0.8898 0.5568 -0.0473, 0.8858 0.5584 -0.0467, 0.8898 0.5584 -0.0467, 0.8858 0.5591 -0.0463, 0.8898 0.5591 -0.0463, 0.8898 0.5591 -0.0417, 0.8858 0.5591 -0.0417, 0.8858 0.5577 -0.0425, 0.8898 0.5577 -0.0425, 0.8858 0.5562 -0.0431, 0.8898 0.5562 -0.0431, 0.8858 0.5547 -0.0436, 0.8898 0.5547 -0.0436, 0.8858 0.553 -0.0439, 0.8898 0.553 -0.0439, 0.8858 0.5513 -0.0441, 0.8898 0.5513 -0.0441, 0.8858 0.5495 -0.0442, 0.8898 0.5495 -0.0442, 0.8858 0.5479 -0.0441, 0.8898 0.5479 -0.0441, 0.8858 0.5464 -0.0439, 0.8898 0.5464 -0.0439, 0.8858 0.545 -0.0435, 0.8898 0.545 -0.0435, 0.8858 0.5437 -0.043, 0.8898 0.5437 -0.043, 0.8858 0.5425 -0.0423, 0.8898 0.5425 -0.0423, 0.8858 0.5414 -0.0416, 0.8898 0.5414 -0.0416, 0.8858 0.5404 -0.0406, 0.8898 0.5404 -0.0406, 0.8858 0.54 -0.0403, 0.8898 0.54 -0.0403, 0.8858 0.5391 -0.0392, 0.8898 0.5391 -0.0392, 0.8858 0.5384 -0.038, 0.8898 0.5384 -0.038, 0.8858 0.5377 -0.0368, 0.8898 0.5377 -0.0368, 0.8858 0.5372 -0.0354, 0.8898 0.5372 -0.0354, 0.8858 0.5368 -0.0339, 0.8898 0.5368 -0.0339, 0.8858 0.5365 -0.0322, 0.8898 0.5365 -0.0322, 0.8858 0.5364 -0.0305, 0.8898 0.5364 -0.0305, 0.8858 0.5364 -0.0297, 0.8898 0.5364 -0.0297, 0.8858 0.5365 -0.0278, 0.8898 0.5365 -0.0278, 0.8858 0.5367 -0.026, 0.8898 0.5367 -0.026, 0.8858 0.5371 -0.0244, 0.8898 0.5371 -0.0244, 0.8858 0.5376 -0.0229, 0.8898 0.5376 -0.0229, 0.8858 0.5382 -0.0215, 0.8898 0.5382 -0.0215, 0.8858 0.539 -0.0202, 0.8898 0.539 -0.0202, 0.8858 0.5398 -0.0191, 0.8898 0.5398 -0.0191, 0.8858 0.5403 -0.0186, 0.8898 0.5403 -0.0186, 0.8858 0.5414 -0.0176, 0.8898 0.5414 -0.0176, 0.8858 0.5425 -0.0167, 0.8898 0.5425 -0.0167, 0.8858 0.5437 -0.016, 0.8898 0.5437 -0.016, 0.8858 0.545 -0.0154, 0.8898 0.545 -0.0154, 0.8858 0.5464 -0.015, 0.8898 0.5464 -0.015, 0.8858 0.5478 -0.0147, 0.8898 0.5478 -0.0147, 0.8858 0.5494 -0.0145, 0.8898 0.5494 -0.0145, 0.8858 0.5504 -0.0145, 0.8898 0.5504 -0.0145, 0.8858 0.5522 -0.0145, 0.8898 0.5522 -0.0145, 0.8858 0.5539 -0.0148, 0.8898 0.5539 -0.0148, 0.8858 0.5555 -0.0152, 0.8898 0.5555 -0.0152, 0.8858 0.5571 -0.0157, 0.8898 0.5571 -0.0157, 0.8858 0.5586 -0.0164, 0.8898 0.5586 -0.0164, 0.8858 0.5591 -0.0167, 0.8898 0.5591 -0.0167, 0.8898 0.5591 -0.0117, 0.8858 0.5591 -0.0117, 0.8858 0.5577 -0.0111, 0.8898 0.5577 -0.0111, 0.8858 0.5561 -0.0107, 0.8898 0.5561 -0.0107, 0.8858 0.5543 -0.0104, 0.8898 0.5543 -0.0104, 0.8858 0.5523 -0.0102, 0.8898 0.5523 -0.0102, 0.8858 0.5503 -0.0101, 0.8898 0.5503 -0.0101, 0.8858 0.5484 -0.0102, 0.8898 0.5484 -0.0102, 0.8858 0.5466 -0.0105, 0.8898 0.5466 -0.0105, 0.8858 0.5448 -0.0108, 0.8898 0.5448 -0.0108, 0.8858 0.5432 -0.0114, 0.8898 0.5432 -0.0114, 0.8858 0.5417 -0.012, 0.8898 0.5417 -0.012, 0.8858 0.5402 -0.0128, 0.8898 0.5402 -0.0128, 0.8858 0.5388 -0.0137, 0.8898 0.5388 -0.0137, 0.8858 0.5375 -0.0148, 0.8898 0.5375 -0.0148, 0.8858 0.5367 -0.0156, 0.8898 0.5367 -0.0156, 0.8858 0.5356 -0.0169, 0.8898 0.5356 -0.0169, 0.8858 0.5346 -0.0182, 0.8898 0.5346 -0.0182, 0.8858 0.5337 -0.0197, 0.8898 0.5337 -0.0197, 0.8858 0.533 -0.0212, 0.8898 0.533 -0.0212, 0.8858 0.5324 -0.0228, 0.8898 0.5324 -0.0228, 0.8858 0.5319 -0.0245, 0.8898 0.5319 -0.0245, 0.8858 0.5316 -0.0263, 0.8898 0.5316 -0.0263, 0.8858 0.5314 -0.0283, 0.8898 0.5314 -0.0283, 0.8858 0.5314 -0.03, 0.8898 0.5314 -0.03, 0.8858 0.5314 -0.0321, 0.8898 0.5314 -0.0321, 0.8858 0.5317 -0.0341, 0.8898 0.5317 -0.0341, 0.8858 0.5321 -0.0359, 0.8898 0.5321 -0.0359, 0.8858 0.5326 -0.0376, 0.8898 0.5326 -0.0376, 0.8858 0.5332 -0.0391, 0.8898 0.5332 -0.0391, 0.8858 0.534 -0.0406, 0.8898 0.534 -0.0406, 0.8858 0.5349 -0.0419, 0.8898 0.5349 -0.0419, 0.8858 0.5358 -0.0431, 0.8898 0.5358 -0.0431, 0.8858 0.5361 -0.0434, 0.8898 0.5361 -0.0434, 0.8858 0.5373 -0.0445, 0.8898 0.5373 -0.0445, 0.8858 0.5385 -0.0455, 0.8898 0.5385 -0.0455, 0.8858 0.5398 -0.0463, 0.8898 0.5398 -0.0463, 0.8858 0.5412 -0.047, 0.8898 0.5412 -0.047, 0.8858 0.5427 -0.0476, 0.8898 0.5427 -0.0476, 0.8858 0.5443 -0.048, 0.8898 0.5443 -0.048, 0.8858 0.546 -0.0483, 0.8898 0.546 -0.0483, 0.8858 0.5478 -0.0484, 0.8898 0.5478 -0.0484, 0.8898 0.5865 -0.0436, 0.8898 0.5865 -0.0478, 0.8858 0.5865 -0.0436, 0.8858 0.5865 -0.0478, 0.8898 0.5713 -0.0436, 0.8858 0.5713 -0.0436, 0.8898 0.5713 -0.0311, 0.8858 0.5713 -0.0311, 0.8898 0.5846 -0.0311, 0.8858 0.5846 -0.0311, 0.8898 0.5846 -0.0269, 0.8858 0.5846 -0.0269, 0.8898 0.5713 -0.0269, 0.8858 0.5713 -0.0269, 0.8898 0.5713 -0.015, 0.8858 0.5713 -0.015, 0.8898 0.5856 -0.015, 0.8858 0.5856 -0.015, 0.8898 0.5856 -0.0108, 0.8858 0.5856 -0.0108, 0.8898 0.5665 -0.0108, 0.8858 0.5665 -0.0108, 0.8898 0.5665 -0.0478, 0.8858 0.5665 -0.0478, 0.8898 0.6105 -0.0424, 0.8898 0.6131 -0.046, 0.8898 0.6119 -0.0418, 0.8898 0.6147 -0.0452, 0.8898 0.6131 -0.041, 0.8898 0.6161 -0.0442, 0.8898 0.6142 -0.0402, 0.8898 0.6175 -0.0432, 0.8898 0.6147 -0.0397, 0.8898 0.6181 -0.0426, 0.8898 0.6156 -0.0387, 0.8898 0.6193 -0.0414, 0.8898 0.6164 -0.0376, 0.8898 0.6203 -0.0401, 0.8898 0.6171 -0.0364, 0.8898 0.6212 -0.0388, 0.8898 0.6177 -0.0351, 0.8898 0.6183 -0.0254, 0.8898 0.623 -0.0234, 0.8898 0.6179 -0.0238, 0.8898 0.6224 -0.0219, 0.8898 0.6174 -0.0225, 0.8898 0.6218 -0.0204, 0.8898 0.6168 -0.0212, 0.8898 0.621 -0.019, 0.8898 0.6161 -0.0201, 0.8898 0.6201 -0.0178, 0.8898 0.619 -0.0166, 0.8898 0.6152 -0.0191, 0.8898 0.6181 -0.0157, 0.8898 0.6146 -0.0185, 0.8898 0.6167 -0.0146, 0.8898 0.6134 -0.0176, 0.8898 0.6152 -0.0136, 0.8898 0.6122 -0.0169, 0.8898 0.6137 -0.0128, 0.8898 0.6108 -0.0163, 0.8898 0.6121 -0.0121, 0.8898 0.6094 -0.0158, 0.8898 0.6104 -0.0116, 0.8898 0.6078 -0.0154, 0.8898 0.6086 -0.0112, 0.8898 0.6061 -0.0151, 0.8898 0.6067 -0.0109, 0.8898 0.6043 -0.015, 0.8898 0.6047 -0.0108, 0.8898 0.6039 -0.015, 0.8898 0.6041 -0.0108, 0.8898 0.5983 -0.015, 0.8898 0.5935 -0.0108, 0.8898 0.5983 -0.0436, 0.8898 0.5935 -0.0478, 0.8898 0.6036 -0.0436, 0.8898 0.6037 -0.0478, 0.8898 0.6056 -0.0435, 0.8898 0.6058 -0.0478, 0.8898 0.6074 -0.0433, 0.8898 0.6078 -0.0475, 0.8898 0.6091 -0.0429, 0.8898 0.6097 -0.0471, 0.8898 0.6115 -0.0466, 0.8898 0.6219 -0.0373, 0.8898 0.6226 -0.0358, 0.8898 0.6181 -0.0336, 0.8898 0.623 -0.0342, 0.8898 0.6184 -0.0321, 0.8898 0.6234 -0.0324, 0.8898 0.6186 -0.0303, 0.8898 0.6236 -0.0306, 0.8898 0.6186 -0.029, 0.8898 0.6237 -0.0288, 0.8898 0.6185 -0.0271, 0.8898 0.6236 -0.0269, 0.8898 0.6233 -0.0251, 0.8858 0.6134 -0.0176, 0.8858 0.6167 -0.0146, 0.8858 0.6146 -0.0185, 0.8858 0.6181 -0.0157, 0.8858 0.6152 -0.0191, 0.8858 0.619 -0.0166, 0.8858 0.6161 -0.0201, 0.8858 0.6201 -0.0178, 0.8858 0.6168 -0.0212, 0.8858 0.621 -0.019, 0.8858 0.6174 -0.0225, 0.8858 0.6218 -0.0204, 0.8858 0.6179 -0.0238, 0.8858 0.6119 -0.0418, 0.8858 0.6131 -0.046, 0.8858 0.6105 -0.0424, 0.8858 0.6115 -0.0466, 0.8858 0.6091 -0.0429, 0.8858 0.6097 -0.0471, 0.8858 0.6074 -0.0433, 0.8858 0.6078 -0.0475, 0.8858 0.6056 -0.0435, 0.8858 0.6058 -0.0478, 0.8858 0.6036 -0.0436, 0.8858 0.6037 -0.0478, 0.8858 0.5983 -0.0436, 0.8858 0.5935 -0.0478, 0.8858 0.5983 -0.015, 0.8858 0.5935 -0.0108, 0.8858 0.6039 -0.015, 0.8858 0.6041 -0.0108, 0.8858 0.6043 -0.015, 0.8858 0.6047 -0.0108, 0.8858 0.6061 -0.0151, 0.8858 0.6067 -0.0109, 0.8858 0.6078 -0.0154, 0.8858 0.6086 -0.0112, 0.8858 0.6094 -0.0158, 0.8858 0.6104 -0.0116, 0.8858 0.6108 -0.0163, 0.8858 0.6121 -0.0121, 0.8858 0.6122 -0.0169, 0.8858 0.6137 -0.0128, 0.8858 0.6152 -0.0136, 0.8858 0.6181 -0.0336, 0.8858 0.6226 -0.0358, 0.8858 0.6177 -0.0351, 0.8858 0.6219 -0.0373, 0.8858 0.6171 -0.0364, 0.8858 0.6212 -0.0388, 0.8858 0.6164 -0.0376, 0.8858 0.6203 -0.0401, 0.8858 0.6156 -0.0387, 0.8858 0.6193 -0.0414, 0.8858 0.6147 -0.0397, 0.8858 0.6181 -0.0426, 0.8858 0.6142 -0.0402, 0.8858 0.6175 -0.0432, 0.8858 0.6131 -0.041, 0.8858 0.6161 -0.0442, 0.8858 0.6147 -0.0452, 0.8858 0.6224 -0.0219, 0.8858 0.623 -0.0234, 0.8858 0.6183 -0.0254, 0.8858 0.6233 -0.0251, 0.8858 0.6185 -0.0271, 0.8858 0.6236 -0.0269, 0.8858 0.6186 -0.029, 0.8858 0.6237 -0.0288, 0.8858 0.6186 -0.0303, 0.8858 0.6236 -0.0306, 0.8858 0.6184 -0.0321, 0.8858 0.6234 -0.0324, 0.8858 0.623 -0.0342, 0.8898 0.6361 -0.0335, 0.8898 0.6346 -0.0377, 0.8898 0.6485 -0.0335, 0.8898 0.65 -0.0377, 0.8898 0.6416 -0.0181, 0.8898 0.6398 -0.0108, 0.8898 0.6257 -0.0478, 0.8898 0.631 -0.0478, 0.8898 0.6419 -0.017, 0.8898 0.6422 -0.0155, 0.8898 0.645 -0.0108, 0.8898 0.6423 -0.0155, 0.8898 0.6426 -0.0171, 0.8898 0.6429 -0.0181, 0.8898 0.6591 -0.0478, 0.8898 0.6538 -0.0478, 0.8858 0.6485 -0.0335, 0.8858 0.6429 -0.0181, 0.8858 0.645 -0.0108, 0.8858 0.6426 -0.0171, 0.8858 0.6423 -0.0155, 0.8858 0.6398 -0.0108, 0.8858 0.6422 -0.0155, 0.8858 0.6419 -0.017, 0.8858 0.6416 -0.0181, 0.8858 0.6361 -0.0335, 0.8858 0.6257 -0.0478, 0.8858 0.6591 -0.0478, 0.8858 0.6538 -0.0478, 0.8858 0.65 -0.0377, 0.8858 0.631 -0.0478, 0.8858 0.6346 -0.0377, 0.8898 0.5302 -0.1024, 0.8898 0.5302 -0.1066, 0.8858 0.5302 -0.1024, 0.8858 0.5302 -0.1066, 0.8898 0.5151 -0.1024, 0.8858 0.5151 -0.1024, 0.8898 0.5151 -0.0899, 0.8858 0.5151 -0.0899, 0.8898 0.5283 -0.0899, 0.8858 0.5283 -0.0899, 0.8898 0.5283 -0.0857, 0.8858 0.5283 -0.0857, 0.8898 0.5151 -0.0857, 0.8858 0.5151 -0.0857, 0.8898 0.5151 -0.0738, 0.8858 0.5151 -0.0738, 0.8898 0.5294 -0.0738, 0.8858 0.5294 -0.0738, 0.8898 0.5294 -0.0696, 0.8858 0.5294 -0.0696, 0.8898 0.5103 -0.0696, 0.8858 0.5103 -0.0696, 0.8898 0.5103 -0.1066, 0.8858 0.5103 -0.1066, 0.8898 0.5513 -0.1066, 0.8898 0.556 -0.1066, 0.8898 0.5513 -0.1025, 0.8898 0.556 -0.0896, 0.8898 0.5478 -0.0836, 0.8898 0.5485 -0.0838, 0.8898 0.5504 -0.0801, 0.8898 0.5395 -0.092, 0.8898 0.5385 -0.0925, 0.8898 0.5411 -0.0954, 0.8898 0.5406 -0.0958, 0.8898 0.5513 -0.0805, 0.8898 0.5491 -0.0842, 0.8898 0.5522 -0.0809, 0.8898 0.5497 -0.0846, 0.8898 0.5529 -0.0815, 0.8898 0.5536 -0.0821, 0.8898 0.5501 -0.0852, 0.8898 0.5541 -0.0828, 0.8898 0.5403 -0.1018, 0.8898 0.5399 -0.1012, 0.8898 0.536 -0.1041, 0.8898 0.5376 -0.093, 0.8898 0.5369 -0.0937, 0.8898 0.5402 -0.0963, 0.8898 0.5406 -0.0915, 0.8898 0.5418 -0.0951, 0.8898 0.542 -0.0912, 0.8898 0.5426 -0.0947, 0.8898 0.5435 -0.0909, 0.8898 0.5368 -0.0938, 0.8898 0.5362 -0.0944, 0.8898 0.5399 -0.0969, 0.8898 0.5357 -0.0952, 0.8898 0.5396 -0.0976, 0.8898 0.5504 -0.0998, 0.8898 0.5512 -0.1025, 0.8898 0.5499 -0.1006, 0.8898 0.551 -0.1029, 0.8898 0.5453 -0.1034, 0.8898 0.5463 -0.1068, 0.8898 0.5462 -0.1032, 0.8898 0.5472 -0.1064, 0.8898 0.547 -0.1029, 0.8898 0.5481 -0.1059, 0.8898 0.5478 -0.1026, 0.8898 0.5513 -0.0961, 0.8898 0.5512 -0.0971, 0.8898 0.5511 -0.0981, 0.8898 0.5508 -0.099, 0.8898 0.5547 -0.0836, 0.8898 0.5505 -0.0858, 0.8898 0.5551 -0.0845, 0.8898 0.5508 -0.0865, 0.8898 0.5555 -0.0855, 0.8898 0.5511 -0.0874, 0.8898 0.5557 -0.0867, 0.8898 0.5407 -0.1023, 0.8898 0.5385 -0.1062, 0.8898 0.5413 -0.1027, 0.8898 0.5393 -0.1066, 0.8898 0.5419 -0.103, 0.8898 0.5403 -0.1069, 0.8898 0.5427 -0.1033, 0.8898 0.5366 -0.1048, 0.8898 0.537 -0.1052, 0.8898 0.5377 -0.1058, 0.8898 0.5394 -0.0999, 0.8898 0.5349 -0.1017, 0.8898 0.5396 -0.1006, 0.8898 0.5352 -0.1026, 0.8898 0.5356 -0.1034, 0.8898 0.5513 -0.0934, 0.8898 0.5513 -0.0898, 0.8898 0.5451 -0.0942, 0.8898 0.5437 -0.0944, 0.8898 0.5489 -0.1053, 0.8898 0.5496 -0.1046, 0.8898 0.5485 -0.1021, 0.8898 0.5503 -0.1038, 0.8898 0.5491 -0.1015, 0.8898 0.5493 -0.1013, 0.8898 0.5559 -0.0881, 0.8898 0.5512 -0.0884, 0.8898 0.5513 -0.0895, 0.8898 0.5513 -0.0959, 0.8898 0.5413 -0.1071, 0.8898 0.5425 -0.1073, 0.8898 0.5434 -0.1034, 0.8898 0.5431 -0.1073, 0.8898 0.5443 -0.1035, 0.8898 0.5442 -0.1072, 0.8898 0.5453 -0.107, 0.8898 0.5353 -0.096, 0.8898 0.535 -0.0969, 0.8898 0.5394 -0.0983, 0.8898 0.5348 -0.0979, 0.8898 0.5394 -0.0992, 0.8898 0.5494 -0.0798, 0.8898 0.5482 -0.0797, 0.8898 0.5469 -0.0834, 0.8898 0.5469 -0.0796, 0.8898 0.5459 -0.0833, 0.8898 0.5464 -0.0796, 0.8898 0.5455 -0.0833, 0.8898 0.5448 -0.0796, 0.8898 0.5443 -0.0834, 0.8898 0.5433 -0.0798, 0.8898 0.543 -0.0836, 0.8898 0.5419 -0.0801, 0.8898 0.5419 -0.084, 0.8898 0.5406 -0.0805, 0.8898 0.5407 -0.0844, 0.8898 0.5393 -0.081, 0.8898 0.5395 -0.085, 0.8898 0.5381 -0.0816, 0.8898 0.5384 -0.0857, 0.8898 0.5373 -0.082, 0.8898 0.5373 -0.0865, 0.8898 0.5347 -0.0989, 0.8898 0.5347 -0.0996, 0.8898 0.5347 -0.1006, 0.8858 0.5384 -0.0857, 0.8858 0.5373 -0.0865, 0.8858 0.5373 -0.082, 0.8858 0.5522 -0.0809, 0.8858 0.5497 -0.0846, 0.8858 0.5491 -0.0842, 0.8858 0.5511 -0.0981, 0.8858 0.5512 -0.0971, 0.8858 0.556 -0.0896, 0.8858 0.5403 -0.1018, 0.8858 0.536 -0.1041, 0.8858 0.5399 -0.1012, 0.8858 0.5356 -0.1034, 0.8858 0.5396 -0.1006, 0.8858 0.5529 -0.0815, 0.8858 0.5536 -0.0821, 0.8858 0.5501 -0.0852, 0.8858 0.5541 -0.0828, 0.8858 0.5505 -0.0858, 0.8858 0.5547 -0.0836, 0.8858 0.5508 -0.0865, 0.8858 0.5469 -0.0834, 0.8858 0.5482 -0.0797, 0.8858 0.5478 -0.0836, 0.8858 0.5494 -0.0798, 0.8858 0.5485 -0.0838, 0.8858 0.5504 -0.0801, 0.8858 0.5513 -0.0805, 0.8858 0.5508 -0.099, 0.8858 0.5513 -0.1025, 0.8858 0.5513 -0.1066, 0.8858 0.556 -0.1066, 0.8858 0.5406 -0.0958, 0.8858 0.5385 -0.0925, 0.8858 0.5411 -0.0954, 0.8858 0.5395 -0.092, 0.8858 0.5418 -0.0951, 0.8858 0.5406 -0.0915, 0.8858 0.5426 -0.0947, 0.8858 0.542 -0.0912, 0.8858 0.5437 -0.0944, 0.8858 0.5435 -0.0909, 0.8858 0.5402 -0.0963, 0.8858 0.5369 -0.0937, 0.8858 0.5376 -0.093, 0.8858 0.5407 -0.1023, 0.8858 0.537 -0.1052, 0.8858 0.5366 -0.1048, 0.8858 0.5413 -0.1027, 0.8858 0.5385 -0.1062, 0.8858 0.5377 -0.1058, 0.8858 0.5513 -0.0934, 0.8858 0.5559 -0.0881, 0.8858 0.5513 -0.0959, 0.8858 0.5513 -0.0961, 0.8858 0.5399 -0.0969, 0.8858 0.5362 -0.0944, 0.8858 0.5368 -0.0938, 0.8858 0.5551 -0.0845, 0.8858 0.5555 -0.0855, 0.8858 0.5511 -0.0874, 0.8858 0.5557 -0.0867, 0.8858 0.5512 -0.0884, 0.8858 0.5513 -0.0895, 0.8858 0.5352 -0.1026, 0.8858 0.5349 -0.1017, 0.8858 0.5394 -0.0999, 0.8858 0.5513 -0.0898, 0.8858 0.5451 -0.0942, 0.8858 0.5395 -0.085, 0.8858 0.5381 -0.0816, 0.8858 0.5407 -0.0844, 0.8858 0.5393 -0.081, 0.8858 0.5419 -0.084, 0.8858 0.5406 -0.0805, 0.8858 0.543 -0.0836, 0.8858 0.5419 -0.0801, 0.8858 0.5443 -0.0834, 0.8858 0.5433 -0.0798, 0.8858 0.5455 -0.0833, 0.8858 0.5448 -0.0796, 0.8858 0.5459 -0.0833, 0.8858 0.5464 -0.0796, 0.8858 0.5469 -0.0796, 0.8858 0.5394 -0.0983, 0.8858 0.535 -0.0969, 0.8858 0.5396 -0.0976, 0.8858 0.5353 -0.096, 0.8858 0.5357 -0.0952, 0.8858 0.5347 -0.1006, 0.8858 0.5347 -0.0996, 0.8858 0.5394 -0.0992, 0.8858 0.5347 -0.0989, 0.8858 0.5348 -0.0979, 0.8858 0.551 -0.1029, 0.8858 0.5503 -0.1038, 0.8858 0.5485 -0.1021, 0.8858 0.5496 -0.1046, 0.8858 0.5478 -0.1026, 0.8858 0.5489 -0.1053, 0.8858 0.547 -0.1029, 0.8858 0.5481 -0.1059, 0.8858 0.5462 -0.1032, 0.8858 0.5434 -0.1034, 0.8858 0.5425 -0.1073, 0.8858 0.5427 -0.1033, 0.8858 0.5413 -0.1071, 0.8858 0.5419 -0.103, 0.8858 0.5403 -0.1069, 0.8858 0.5393 -0.1066, 0.8858 0.5472 -0.1064, 0.8858 0.5463 -0.1068, 0.8858 0.5453 -0.1034, 0.8858 0.5453 -0.107, 0.8858 0.5443 -0.1035, 0.8858 0.5442 -0.1072, 0.8858 0.5431 -0.1073, 0.8858 0.5491 -0.1015, 0.8858 0.5493 -0.1013, 0.8858 0.5512 -0.1025, 0.8858 0.5499 -0.1006, 0.8858 0.5504 -0.0998, 0.8898 0.5699 -0.1035, 0.8858 0.5699 -0.1035, 0.8858 0.5687 -0.1034, 0.8898 0.5687 -0.1034, 0.8858 0.5675 -0.1033, 0.8898 0.5675 -0.1033, 0.8858 0.5664 -0.103, 0.8898 0.5664 -0.103, 0.8858 0.5653 -0.1026, 0.8898 0.5653 -0.1026, 0.8858 0.5642 -0.1021, 0.8898 0.5642 -0.1021, 0.8858 0.5631 -0.1015, 0.8898 0.5631 -0.1015, 0.8858 0.5622 -0.1009, 0.8898 0.5622 -0.1009, 0.8898 0.5622 -0.1057, 0.8858 0.5622 -0.1057, 0.8858 0.5634 -0.1062, 0.8898 0.5634 -0.1062, 0.8858 0.5645 -0.1066, 0.8898 0.5645 -0.1066, 0.8858 0.5658 -0.1069, 0.8898 0.5658 -0.1069, 0.8858 0.5671 -0.1071, 0.8898 0.5671 -0.1071, 0.8858 0.5685 -0.1072, 0.8898 0.5685 -0.1072, 0.8858 0.5694 -0.1073, 0.8898 0.5694 -0.1073, 0.8858 0.5709 -0.1072, 0.8898 0.5709 -0.1072, 0.8858 0.5723 -0.107, 0.8898 0.5723 -0.107, 0.8858 0.5735 -0.1068, 0.8898 0.5735 -0.1068, 0.8858 0.5747 -0.1064, 0.8898 0.5747 -0.1064, 0.8858 0.5757 -0.106, 0.8898 0.5757 -0.106, 0.8858 0.5767 -0.1055, 0.8898 0.5767 -0.1055, 0.8858 0.5771 -0.1052, 0.8898 0.5771 -0.1052, 0.8858 0.5779 -0.1046, 0.8898 0.5779 -0.1046, 0.8858 0.5785 -0.1039, 0.8898 0.5785 -0.1039, 0.8858 0.5791 -0.1033, 0.8898 0.5791 -0.1033, 0.8858 0.5795 -0.1025, 0.8898 0.5795 -0.1025, 0.8858 0.5798 -0.1018, 0.8898 0.5798 -0.1018, 0.8858 0.58 -0.1009, 0.8898 0.58 -0.1009, 0.8858 0.5801 -0.1, 0.8898 0.5801 -0.1, 0.8858 0.5801 -0.0994, 0.8898 0.5801 -0.0994, 0.8858 0.5801 -0.0985, 0.8898 0.5801 -0.0985, 0.8858 0.5799 -0.0976, 0.8898 0.5799 -0.0976, 0.8858 0.5796 -0.0968, 0.8898 0.5796 -0.0968, 0.8858 0.5793 -0.0961, 0.8898 0.5793 -0.0961, 0.8858 0.5788 -0.0954, 0.8898 0.5788 -0.0954, 0.8858 0.5786 -0.0951, 0.8898 0.5786 -0.0951, 0.8858 0.578 -0.0945, 0.8898 0.578 -0.0945, 0.8858 0.5772 -0.0939, 0.8898 0.5772 -0.0939, 0.8858 0.5763 -0.0933, 0.8898 0.5763 -0.0933, 0.8858 0.5751 -0.0927, 0.8898 0.5751 -0.0927, 0.8858 0.5736 -0.092, 0.8898 0.5736 -0.092, 0.8858 0.5726 -0.0916, 0.8898 0.5726 -0.0916, 0.8858 0.5706 -0.0908, 0.8898 0.5706 -0.0908, 0.8858 0.5693 -0.0902, 0.8898 0.5693 -0.0902, 0.8858 0.5685 -0.0897, 0.8898 0.5685 -0.0897, 0.8858 0.5681 -0.0894, 0.8898 0.5681 -0.0894, 0.8858 0.5677 -0.0889, 0.8898 0.5677 -0.0889, 0.8858 0.5674 -0.0885, 0.8898 0.5674 -0.0885, 0.8858 0.5672 -0.0879, 0.8898 0.5672 -0.0879, 0.8858 0.5671 -0.0873, 0.8898 0.5671 -0.0873, 0.8858 0.5671 -0.0869, 0.8898 0.5671 -0.0869, 0.8858 0.5671 -0.0863, 0.8898 0.5671 -0.0863, 0.8858 0.5673 -0.0857, 0.8898 0.5673 -0.0857, 0.8858 0.5675 -0.0852, 0.8898 0.5675 -0.0852, 0.8858 0.5679 -0.0848, 0.8898 0.5679 -0.0848, 0.8858 0.5684 -0.0844, 0.8898 0.5684 -0.0844, 0.8858 0.5685 -0.0843, 0.8898 0.5685 -0.0843, 0.8858 0.5691 -0.084, 0.8898 0.5691 -0.084, 0.8858 0.5698 -0.0837, 0.8898 0.5698 -0.0837, 0.8858 0.5705 -0.0835, 0.8898 0.5705 -0.0835, 0.8858 0.5714 -0.0834, 0.8898 0.5714 -0.0834, 0.8858 0.5721 -0.0833, 0.8898 0.5721 -0.0833, 0.8858 0.5734 -0.0834, 0.8898 0.5734 -0.0834, 0.8858 0.5746 -0.0835, 0.8898 0.5746 -0.0835, 0.8858 0.5757 -0.0838, 0.8898 0.5757 -0.0838, 0.8858 0.5768 -0.0842, 0.8898 0.5768 -0.0842, 0.8858 0.5778 -0.0847, 0.8898 0.5778 -0.0847, 0.8858 0.5789 -0.0852, 0.8898 0.5789 -0.0852, 0.8898 0.5789 -0.0807, 0.8858 0.5789 -0.0807, 0.8858 0.5777 -0.0803, 0.8898 0.5777 -0.0803, 0.8858 0.5764 -0.08, 0.8898 0.5764 -0.08, 0.8858 0.5751 -0.0797, 0.8898 0.5751 -0.0797, 0.8858 0.5738 -0.0796, 0.8898 0.5738 -0.0796, 0.8858 0.5726 -0.0796, 0.8898 0.5726 -0.0796, 0.8858 0.5712 -0.0796, 0.8898 0.5712 -0.0796, 0.8858 0.5699 -0.0798, 0.8898 0.5699 -0.0798, 0.8858 0.5687 -0.08, 0.8898 0.5687 -0.08, 0.8858 0.5676 -0.0804, 0.8898 0.5676 -0.0804, 0.8858 0.5666 -0.0809, 0.8898 0.5666 -0.0809, 0.8858 0.5657 -0.0814, 0.8898 0.5657 -0.0814, 0.8858 0.5653 -0.0817, 0.8898 0.5653 -0.0817, 0.8858 0.5645 -0.0823, 0.8898 0.5645 -0.0823, 0.8858 0.5638 -0.0829, 0.8898 0.5638 -0.0829, 0.8858 0.5633 -0.0836, 0.8898 0.5633 -0.0836, 0.8858 0.5629 -0.0844, 0.8898 0.5629 -0.0844, 0.8858 0.5626 -0.0852, 0.8898 0.5626 -0.0852, 0.8858 0.5624 -0.086, 0.8898 0.5624 -0.086, 0.8858 0.5623 -0.0868, 0.8898 0.5623 -0.0868, 0.8858 0.5623 -0.0873, 0.8898 0.5623 -0.0873, 0.8858 0.5623 -0.0883, 0.8898 0.5623 -0.0883, 0.8858 0.5625 -0.0892, 0.8898 0.5625 -0.0892, 0.8858 0.5628 -0.09, 0.8898 0.5628 -0.09, 0.8858 0.5631 -0.0908, 0.8898 0.5631 -0.0908, 0.8858 0.5635 -0.0914, 0.8898 0.5635 -0.0914, 0.8858 0.5636 -0.0915, 0.8898 0.5636 -0.0915, 0.8858 0.5641 -0.092, 0.8898 0.5641 -0.092, 0.8858 0.5647 -0.0926, 0.8898 0.5647 -0.0926, 0.8858 0.5655 -0.0932, 0.8898 0.5655 -0.0932, 0.8858 0.5666 -0.0938, 0.8898 0.5666 -0.0938, 0.8858 0.568 -0.0945, 0.8898 0.568 -0.0945, 0.8858 0.5693 -0.095, 0.8898 0.5693 -0.095, 0.8858 0.5713 -0.0958, 0.8898 0.5713 -0.0958, 0.8858 0.5727 -0.0964, 0.8898 0.5727 -0.0964, 0.8858 0.5736 -0.097, 0.8898 0.5736 -0.097, 0.8858 0.5742 -0.0974, 0.8898 0.5742 -0.0974, 0.8858 0.5746 -0.0978, 0.8898 0.5746 -0.0978, 0.8858 0.575 -0.0983, 0.8898 0.575 -0.0983, 0.8858 0.5752 -0.0989, 0.8898 0.5752 -0.0989, 0.8858 0.5753 -0.0994, 0.8898 0.5753 -0.0994, 0.8858 0.5754 -0.0999, 0.8898 0.5754 -0.0999, 0.8858 0.5753 -0.1006, 0.8898 0.5753 -0.1006, 0.8858 0.5751 -0.1012, 0.8898 0.5751 -0.1012, 0.8858 0.5749 -0.1017, 0.8898 0.5749 -0.1017, 0.8858 0.5746 -0.1021, 0.8898 0.5746 -0.1021, 0.8858 0.5741 -0.1025, 0.8898 0.5741 -0.1025, 0.8858 0.5736 -0.1028, 0.8898 0.5736 -0.1028, 0.8858 0.5729 -0.1031, 0.8898 0.5729 -0.1031, 0.8858 0.5721 -0.1033, 0.8898 0.5721 -0.1033, 0.8858 0.5711 -0.1034, 0.8898 0.5711 -0.1034, 0.8898 0.6031 -0.0802, 0.8898 0.608 -0.0802, 0.8858 0.6031 -0.0802, 0.8858 0.608 -0.0802, 0.8898 0.5959 -0.1001, 0.8858 0.5959 -0.1001, 0.8858 0.5956 -0.1013, 0.8898 0.5956 -0.1013, 0.8858 0.5953 -0.1022, 0.8898 0.5953 -0.1022, 0.8898 0.5952 -0.1022, 0.8858 0.5952 -0.1022, 0.8898 0.5947 -0.1001, 0.8858 0.5947 -0.1001, 0.8898 0.5877 -0.0802, 0.8858 0.5877 -0.0802, 0.8898 0.5825 -0.0802, 0.8858 0.5825 -0.0802, 0.8898 0.5929 -0.1066, 0.8858 0.5929 -0.1066, 0.8898 0.5909 -0.1114, 0.8858 0.5909 -0.1114, 0.8858 0.5903 -0.1125, 0.8898 0.5903 -0.1125, 0.8858 0.5898 -0.1133, 0.8898 0.5898 -0.1133, 0.8858 0.5891 -0.114, 0.8898 0.5891 -0.114, 0.8858 0.5885 -0.1145, 0.8898 0.5885 -0.1145, 0.8858 0.5877 -0.1149, 0.8898 0.5877 -0.1149, 0.8858 0.5869 -0.1151, 0.8898 0.5869 -0.1151, 0.8858 0.5861 -0.1151, 0.8898 0.5861 -0.1151, 0.8858 0.5851 -0.1151, 0.8898 0.5851 -0.1151, 0.8858 0.5841 -0.1148, 0.8898 0.5841 -0.1148, 0.8858 0.5835 -0.1146, 0.8898 0.5835 -0.1146, 0.8898 0.5835 -0.1187, 0.8858 0.5835 -0.1187, 0.8858 0.5846 -0.119, 0.8898 0.5846 -0.119, 0.8858 0.5859 -0.1191, 0.8898 0.5859 -0.1191, 0.8858 0.5865 -0.1191, 0.8898 0.5865 -0.1191, 0.8858 0.5876 -0.119, 0.8898 0.5876 -0.119, 0.8858 0.5887 -0.1188, 0.8898 0.5887 -0.1188, 0.8858 0.5897 -0.1184, 0.8898 0.5897 -0.1184, 0.8858 0.5907 -0.1179, 0.8898 0.5907 -0.1179, 0.8858 0.5916 -0.1172, 0.8898 0.5916 -0.1172, 0.8858 0.5926 -0.1164, 0.8898 0.5926 -0.1164, 0.8858 0.5934 -0.1153, 0.8898 0.5934 -0.1153, 0.8858 0.5943 -0.1141, 0.8898 0.5943 -0.1141, 0.8858 0.5951 -0.1126, 0.8898 0.5951 -0.1126, 0.8858 0.5958 -0.1109, 0.8898 0.5958 -0.1109, 0.8858 0.5959 -0.1106, 0.8898 0.5959 -0.1106, 0.8898 0.6329 -0.1024, 0.8898 0.6329 -0.1066, 0.8858 0.6329 -0.1024, 0.8858 0.6329 -0.1066, 0.8898 0.6177 -0.1024, 0.8858 0.6177 -0.1024, 0.8898 0.6177 -0.0899, 0.8858 0.6177 -0.0899, 0.8898 0.631 -0.0899, 0.8858 0.631 -0.0899, 0.8898 0.631 -0.0857, 0.8858 0.631 -0.0857, 0.8898 0.6177 -0.0857, 0.8858 0.6177 -0.0857, 0.8898 0.6177 -0.0738, 0.8858 0.6177 -0.0738, 0.8898 0.6321 -0.0738, 0.8858 0.6321 -0.0738, 0.8898 0.6321 -0.0696, 0.8858 0.6321 -0.0696, 0.8898 0.613 -0.0696, 0.8858 0.613 -0.0696, 0.8898 0.613 -0.1066, 0.8858 0.613 -0.1066, 0.8898 0.657 -0.1012, 0.8898 0.6595 -0.1048, 0.8898 0.6583 -0.1006, 0.8898 0.6611 -0.104, 0.8898 0.6595 -0.0998, 0.8898 0.6625 -0.103, 0.8898 0.6606 -0.099, 0.8898 0.6639 -0.102, 0.8898 0.6611 -0.0985, 0.8898 0.6645 -0.1014, 0.8898 0.662 -0.0975, 0.8898 0.6657 -0.1002, 0.8898 0.6628 -0.0964, 0.8898 0.6667 -0.0989, 0.8898 0.6635 -0.0952, 0.8898 0.6676 -0.0976, 0.8898 0.6641 -0.0939, 0.8898 0.6647 -0.0842, 0.8898 0.6694 -0.0822, 0.8898 0.6644 -0.0826, 0.8898 0.6689 -0.0807, 0.8898 0.6639 -0.0813, 0.8898 0.6682 -0.0792, 0.8898 0.6632 -0.08, 0.8898 0.6674 -0.0778, 0.8898 0.6625 -0.0789, 0.8898 0.6665 -0.0766, 0.8898 0.6654 -0.0754, 0.8898 0.6616 -0.0779, 0.8898 0.6645 -0.0745, 0.8898 0.661 -0.0773, 0.8898 0.6631 -0.0734, 0.8898 0.6598 -0.0764, 0.8898 0.6617 -0.0724, 0.8898 0.6586 -0.0757, 0.8898 0.6601 -0.0716, 0.8898 0.6572 -0.0751, 0.8898 0.6585 -0.0709, 0.8898 0.6558 -0.0746, 0.8898 0.6568 -0.0704, 0.8898 0.6542 -0.0742, 0.8898 0.655 -0.07, 0.8898 0.6525 -0.0739, 0.8898 0.6531 -0.0697, 0.8898 0.6507 -0.0738, 0.8898 0.6511 -0.0696, 0.8898 0.6503 -0.0738, 0.8898 0.6505 -0.0696, 0.8898 0.6447 -0.0738, 0.8898 0.6399 -0.0696, 0.8898 0.6447 -0.1024, 0.8898 0.6399 -0.1066, 0.8898 0.6501 -0.1024, 0.8898 0.6501 -0.1066, 0.8898 0.652 -0.1023, 0.8898 0.6522 -0.1066, 0.8898 0.6538 -0.1021, 0.8898 0.6542 -0.1063, 0.8898 0.6555 -0.1017, 0.8898 0.6561 -0.1059, 0.8898 0.6579 -0.1054, 0.8898 0.6684 -0.0961, 0.8898 0.669 -0.0946, 0.8898 0.6645 -0.0924, 0.8898 0.6695 -0.093, 0.8898 0.6648 -0.0909, 0.8898 0.6698 -0.0912, 0.8898 0.665 -0.0892, 0.8898 0.67 -0.0894, 0.8898 0.665 -0.0878, 0.8898 0.6701 -0.0876, 0.8898 0.665 -0.0859, 0.8898 0.67 -0.0857, 0.8898 0.6698 -0.0839, 0.8858 0.6598 -0.0764, 0.8858 0.6631 -0.0734, 0.8858 0.661 -0.0773, 0.8858 0.6645 -0.0745, 0.8858 0.6616 -0.0779, 0.8858 0.6654 -0.0754, 0.8858 0.6625 -0.0789, 0.8858 0.6665 -0.0766, 0.8858 0.6632 -0.08, 0.8858 0.6674 -0.0778, 0.8858 0.6639 -0.0813, 0.8858 0.6682 -0.0792, 0.8858 0.6644 -0.0826, 0.8858 0.6583 -0.1006, 0.8858 0.6595 -0.1048, 0.8858 0.657 -0.1012, 0.8858 0.6579 -0.1054, 0.8858 0.6555 -0.1017, 0.8858 0.6561 -0.1059, 0.8858 0.6538 -0.1021, 0.8858 0.6542 -0.1063, 0.8858 0.652 -0.1023, 0.8858 0.6522 -0.1066, 0.8858 0.6501 -0.1024, 0.8858 0.6501 -0.1066, 0.8858 0.6447 -0.1024, 0.8858 0.6399 -0.1066, 0.8858 0.6447 -0.0738, 0.8858 0.6399 -0.0696, 0.8858 0.6503 -0.0738, 0.8858 0.6505 -0.0696, 0.8858 0.6507 -0.0738, 0.8858 0.6511 -0.0696, 0.8858 0.6525 -0.0739, 0.8858 0.6531 -0.0697, 0.8858 0.6542 -0.0742, 0.8858 0.655 -0.07, 0.8858 0.6558 -0.0746, 0.8858 0.6568 -0.0704, 0.8858 0.6572 -0.0751, 0.8858 0.6585 -0.0709, 0.8858 0.6586 -0.0757, 0.8858 0.6601 -0.0716, 0.8858 0.6617 -0.0724, 0.8858 0.6645 -0.0924, 0.8858 0.669 -0.0946, 0.8858 0.6641 -0.0939, 0.8858 0.6684 -0.0961, 0.8858 0.6635 -0.0952, 0.8858 0.6676 -0.0976, 0.8858 0.6628 -0.0964, 0.8858 0.6667 -0.0989, 0.8858 0.662 -0.0975, 0.8858 0.6657 -0.1002, 0.8858 0.6611 -0.0985, 0.8858 0.6645 -0.1014, 0.8858 0.6606 -0.099, 0.8858 0.6639 -0.102, 0.8858 0.6595 -0.0998, 0.8858 0.6625 -0.103, 0.8858 0.6611 -0.104, 0.8858 0.6689 -0.0807, 0.8858 0.6694 -0.0822, 0.8858 0.6647 -0.0842, 0.8858 0.6698 -0.0839, 0.8858 0.665 -0.0859, 0.8858 0.67 -0.0857, 0.8858 0.665 -0.0878, 0.8858 0.6701 -0.0876, 0.8858 0.665 -0.0892, 0.8858 0.67 -0.0894, 0.8858 0.6648 -0.0909, 0.8858 0.6698 -0.0912, 0.8858 0.6695 -0.093, 0.8898 0.6825 -0.0923, 0.8898 0.681 -0.0965, 0.8898 0.6949 -0.0923, 0.8898 0.6964 -0.0965, 0.8898 0.688 -0.0769, 0.8898 0.6863 -0.0696, 0.8898 0.6721 -0.1066, 0.8898 0.6774 -0.1066, 0.8898 0.6884 -0.0758, 0.8898 0.6887 -0.0743, 0.8898 0.6914 -0.0696, 0.8898 0.6888 -0.0743, 0.8898 0.6891 -0.0759, 0.8898 0.6893 -0.0769, 0.8898 0.7055 -0.1066, 0.8898 0.7002 -0.1066, 0.8858 0.6949 -0.0923, 0.8858 0.6893 -0.0769, 0.8858 0.6914 -0.0696, 0.8858 0.6891 -0.0759, 0.8858 0.6888 -0.0743, 0.8858 0.6863 -0.0696, 0.8858 0.6887 -0.0743, 0.8858 0.6884 -0.0758, 0.8858 0.688 -0.0769, 0.8858 0.6825 -0.0923, 0.8858 0.6721 -0.1066, 0.8858 0.7055 -0.1066, 0.8858 0.7002 -0.1066, 0.8858 0.6964 -0.0965, 0.8858 0.6774 -0.1066, 0.8858 0.681 -0.0965, 0.8898 0.3505 -0.1167, 0.8898 0.3534 -0.1192, 0.8898 0.3442 -0.0886, 0.8898 0.3668 -0.0409, 0.8898 0.3687 -0.0419, 0.8898 0.3606 -0.0227, 0.8898 0.3841 -0.0223, 0.8898 0.3886 -0.0199, 0.8898 0.3804 -0.0062, 0.8898 0.4365 -0.0359, 0.8898 0.4387 -0.0405, 0.8898 0.4539 -0.0353, 0.8898 0.4402 -0.0454, 0.8898 0.4409 -0.0496, 0.8898 0.3705 -0.088, 0.8898 0.373 -0.0887, 0.8898 0.3785 -0.0729, 0.8898 0.4509 -0.0892, 0.8898 0.4473 -0.0903, 0.8898 0.4512 -0.106, 0.8898 0.3439 -0.1062, 0.8898 0.3456 -0.1101, 0.8898 0.3478 -0.1136, 0.8898 0.4322 -0.0757, 0.8898 0.4241 -0.0617, 0.8898 0.3953 -0.0952, 0.8898 0.3888 -0.0801, 0.8898 0.3953 -0.0978, 0.8898 0.3811 -0.1212, 0.8898 0.3951 -0.1012, 0.8898 0.3847 -0.119, 0.8898 0.3876 -0.1164, 0.8898 0.3664 -0.1081, 0.8898 0.3653 -0.1239, 0.8898 0.3687 -0.1084, 0.8898 0.369 -0.1242, 0.8898 0.3712 -0.108, 0.8898 0.3618 -0.1057, 0.8898 0.3639 -0.1072, 0.8898 0.3571 -0.1214, 0.8898 0.3611 -0.123, 0.8898 0.3782 -0.094, 0.8898 0.3789 -0.0964, 0.8898 0.379 -0.099, 0.8898 0.3784 -0.1015, 0.8898 0.3772 -0.1038, 0.8898 0.3471 -0.0391, 0.8898 0.3438 -0.0235, 0.8898 0.3386 -0.0252, 0.8898 0.4462 -0.1068, 0.8898 0.4446 -0.0907, 0.8898 0.4307 -0.1068, 0.8898 0.4328 -0.0907, 0.8898 0.4293 -0.1066, 0.8898 0.386 -0.0039, 0.8898 0.3934 -0.0181, 0.8898 0.3918 -0.0022, 0.8898 0.3404 -0.0865, 0.8898 0.3359 -0.1033, 0.8898 0.341 -0.1054, 0.8898 0.3431 -0.0407, 0.8898 0.3337 -0.0276, 0.8898 0.3394 -0.0429, 0.8898 0.3291 -0.0306, 0.8898 0.3361 -0.0457, 0.8898 0.3904 -0.1131, 0.8898 0.3926 -0.1094, 0.8898 0.3942 -0.1054, 0.8898 0.3585 -0.0991, 0.8898 0.3591 -0.1016, 0.8898 0.3602 -0.1038, 0.8898 0.3823 -0.0748, 0.8898 0.3752 -0.0901, 0.8898 0.3858 -0.0772, 0.8898 0.4627 -0.0642, 0.8898 0.4767 -0.0556, 0.8898 0.4613 -0.0607, 0.8898 0.4743 -0.0512, 0.8898 0.4592 -0.0575, 0.8898 0.4713 -0.047, 0.8898 0.4566 -0.0547, 0.8898 0.4678 -0.0434, 0.8898 0.4536 -0.0525, 0.8898 0.334 -0.0806, 0.8898 0.3229 -0.0936, 0.8898 0.337 -0.0838, 0.8898 0.3269 -0.0975, 0.8898 0.3312 -0.1007, 0.8898 0.3491 -0.0225, 0.8898 0.3514 -0.0382, 0.8898 0.3545 -0.0222, 0.8898 0.3548 -0.038, 0.8898 0.3575 -0.0223, 0.8898 0.3589 -0.0383, 0.8898 0.3629 -0.0393, 0.8898 0.3586 -0.0966, 0.8898 0.3592 -0.0941, 0.8898 0.3454 -0.0859, 0.8898 0.3605 -0.0918, 0.8898 0.3687 -0.0878, 0.8898 0.3648 -0.0715, 0.8898 0.3662 -0.0881, 0.8898 0.3608 -0.0725, 0.8898 0.3639 -0.089, 0.8898 0.3744 -0.0717, 0.8898 0.3704 -0.0712, 0.8898 0.369 -0.0712, 0.8898 0.3756 -0.1057, 0.8898 0.3735 -0.1072, 0.8898 0.3772 -0.1228, 0.8898 0.3732 -0.1238, 0.8898 0.4559 -0.1046, 0.8898 0.4605 -0.1025, 0.8898 0.4543 -0.0874, 0.8898 0.4648 -0.0998, 0.8898 0.4573 -0.0851, 0.8898 0.4687 -0.0965, 0.8898 0.4585 -0.0838, 0.8898 0.4702 -0.0949, 0.8898 0.4607 -0.0808, 0.8898 0.375 -0.0092, 0.8898 0.3721 -0.0111, 0.8898 0.38 -0.0253, 0.8898 0.368 -0.0145, 0.8898 0.3764 -0.0289, 0.8898 0.3641 -0.0183, 0.8898 0.3732 -0.0329, 0.8898 0.3707 -0.0372, 0.8898 0.4515 -0.0301, 0.8898 0.4486 -0.025, 0.8898 0.4337 -0.0316, 0.8898 0.445 -0.0202, 0.8898 0.4304 -0.0277, 0.8898 0.3288 -0.0691, 0.8898 0.3132 -0.0756, 0.8898 0.33 -0.0733, 0.8898 0.3149 -0.0807, 0.8898 0.3318 -0.0772, 0.8898 0.3172 -0.0857, 0.8898 0.3202 -0.0903, 0.8898 0.3769 -0.0919, 0.8898 0.4633 -0.0739, 0.8898 0.4799 -0.0722, 0.8898 0.4636 -0.0701, 0.8898 0.4799 -0.0699, 0.8898 0.4635 -0.068, 0.8898 0.4795 -0.065, 0.8898 0.4784 -0.0602, 0.8898 0.4733 -0.091, 0.8898 0.4759 -0.0867, 0.8898 0.4623 -0.0775, 0.8898 0.4779 -0.0821, 0.8898 0.4792 -0.0772, 0.8898 0.357 -0.0741, 0.8898 0.3537 -0.0761, 0.8898 0.3619 -0.0904, 0.8898 0.3505 -0.0789, 0.8898 0.3476 -0.0822, 0.8898 0.4315 -0.0905, 0.8898 0.4251 -0.104, 0.8898 0.4259 -0.1047, 0.8898 0.4038 -0.0008, 0.8898 0.404 -0.0166, 0.8898 0.4056 -0.0009, 0.8898 0.4091 -0.017, 0.8898 0.3314 -0.0522, 0.8898 0.3152 -0.0481, 0.8898 0.3297 -0.0561, 0.8898 0.3134 -0.0533, 0.8898 0.3287 -0.0601, 0.8898 0.3123 -0.0586, 0.8898 0.3284 -0.0643, 0.8898 0.3118 -0.0638, 0.8898 0.3284 -0.0651, 0.8898 0.3118 -0.0649, 0.8898 0.3121 -0.0703, 0.8898 0.443 -0.0496, 0.8898 0.4468 -0.0499, 0.8898 0.4548 -0.0357, 0.8898 0.4503 -0.0509, 0.8898 0.4593 -0.0375, 0.8898 0.4637 -0.0402, 0.8898 0.423 -0.0986, 0.8898 0.4233 -0.1005, 0.8898 0.4239 -0.1023, 0.8898 0.4323 -0.0906, 0.8898 0.4276 -0.1059, 0.8898 0.3977 -0.0012, 0.8898 0.3984 -0.017, 0.8898 0.4033 -0.0166, 0.8898 0.4292 -0.0907, 0.8898 0.4274 -0.0914, 0.8898 0.4231 -0.0978, 0.8898 0.4258 -0.0925, 0.8898 0.4245 -0.094, 0.8898 0.4235 -0.0958, 0.8898 0.3251 -0.0339, 0.8898 0.3242 -0.0348, 0.8898 0.3336 -0.0487, 0.8898 0.3206 -0.0389, 0.8898 0.3176 -0.0433, 0.8898 0.4312 -0.0904, 0.8898 0.4408 -0.0157, 0.8898 0.4396 -0.0145, 0.8898 0.4272 -0.0248, 0.8898 0.4346 -0.0106, 0.8898 0.423 -0.0219, 0.8898 0.4292 -0.0073, 0.8898 0.4186 -0.0196, 0.8898 0.4236 -0.0047, 0.8898 0.4139 -0.018, 0.8898 0.4177 -0.0027, 0.8898 0.4117 -0.0014, 0.8858 0.4241 -0.0617, 0.8858 0.4322 -0.0757, 0.8858 0.3888 -0.0801, 0.8858 0.3953 -0.0952, 0.8858 0.3811 -0.1212, 0.8858 0.3953 -0.0978, 0.8858 0.3951 -0.1012, 0.8858 0.3847 -0.119, 0.8858 0.3876 -0.1164, 0.8858 0.3662 -0.0881, 0.8858 0.3639 -0.089, 0.8858 0.3442 -0.0886, 0.8858 0.3619 -0.0904, 0.8858 0.3886 -0.0199, 0.8858 0.3841 -0.0223, 0.8858 0.375 -0.0092, 0.8858 0.3505 -0.1167, 0.8858 0.3478 -0.1136, 0.8858 0.3592 -0.0941, 0.8858 0.3456 -0.1101, 0.8858 0.3439 -0.1062, 0.8858 0.3772 -0.1038, 0.8858 0.3784 -0.1015, 0.8858 0.379 -0.099, 0.8858 0.3789 -0.0964, 0.8858 0.33 -0.0733, 0.8858 0.3318 -0.0772, 0.8858 0.3172 -0.0857, 0.8858 0.3942 -0.1054, 0.8858 0.3926 -0.1094, 0.8858 0.3904 -0.1131, 0.8858 0.3687 -0.1084, 0.8858 0.3712 -0.108, 0.8858 0.3732 -0.1238, 0.8858 0.3431 -0.0407, 0.8858 0.3386 -0.0252, 0.8858 0.3471 -0.0391, 0.8858 0.3438 -0.0235, 0.8858 0.3514 -0.0382, 0.8858 0.3491 -0.0225, 0.8858 0.3548 -0.038, 0.8858 0.3202 -0.0903, 0.8858 0.334 -0.0806, 0.8858 0.3229 -0.0936, 0.8858 0.337 -0.0838, 0.8858 0.3269 -0.0975, 0.8858 0.3312 -0.1007, 0.8858 0.3404 -0.0865, 0.8858 0.3359 -0.1033, 0.8858 0.341 -0.1054, 0.8858 0.3605 -0.0918, 0.8858 0.4337 -0.0316, 0.8858 0.4486 -0.025, 0.8858 0.4365 -0.0359, 0.8858 0.4515 -0.0301, 0.8858 0.4387 -0.0405, 0.8858 0.4539 -0.0353, 0.8858 0.4402 -0.0454, 0.8858 0.3721 -0.0111, 0.8858 0.38 -0.0253, 0.8858 0.368 -0.0145, 0.8858 0.4503 -0.0509, 0.8858 0.4468 -0.0499, 0.8858 0.3586 -0.0966, 0.8858 0.3585 -0.0991, 0.8858 0.3591 -0.1016, 0.8858 0.3641 -0.0183, 0.8858 0.3764 -0.0289, 0.8858 0.3606 -0.0227, 0.8858 0.3732 -0.0329, 0.8858 0.3707 -0.0372, 0.8858 0.4623 -0.0775, 0.8858 0.4759 -0.0867, 0.8858 0.4607 -0.0808, 0.8858 0.4733 -0.091, 0.8858 0.4585 -0.0838, 0.8858 0.4702 -0.0949, 0.8858 0.4573 -0.0851, 0.8858 0.4687 -0.0965, 0.8858 0.4543 -0.0874, 0.8858 0.4613 -0.0607, 0.8858 0.4767 -0.0556, 0.8858 0.4627 -0.0642, 0.8858 0.4784 -0.0602, 0.8858 0.4635 -0.068, 0.8858 0.4795 -0.065, 0.8858 0.4636 -0.0701, 0.8858 0.443 -0.0496, 0.8858 0.4409 -0.0496, 0.8858 0.3639 -0.1072, 0.8858 0.3534 -0.1192, 0.8858 0.3618 -0.1057, 0.8858 0.3602 -0.1038, 0.8858 0.3687 -0.0878, 0.8858 0.3704 -0.0712, 0.8858 0.3705 -0.088, 0.8858 0.3744 -0.0717, 0.8858 0.373 -0.0887, 0.8858 0.3545 -0.0222, 0.8858 0.3575 -0.0223, 0.8858 0.3589 -0.0383, 0.8858 0.3629 -0.0393, 0.8858 0.3772 -0.1228, 0.8858 0.3735 -0.1072, 0.8858 0.3756 -0.1057, 0.8858 0.3785 -0.0729, 0.8858 0.3823 -0.0748, 0.8858 0.3752 -0.0901, 0.8858 0.3858 -0.0772, 0.8858 0.3769 -0.0919, 0.8858 0.3782 -0.094, 0.8858 0.357 -0.0741, 0.8858 0.3608 -0.0725, 0.8858 0.3668 -0.0409, 0.8858 0.3687 -0.0419, 0.8858 0.4259 -0.1047, 0.8858 0.4251 -0.104, 0.8858 0.4315 -0.0905, 0.8858 0.4239 -0.1023, 0.8858 0.4799 -0.0699, 0.8858 0.4799 -0.0722, 0.8858 0.4633 -0.0739, 0.8858 0.4792 -0.0772, 0.8858 0.4779 -0.0821, 0.8858 0.4548 -0.0357, 0.8858 0.4593 -0.0375, 0.8858 0.4536 -0.0525, 0.8858 0.4637 -0.0402, 0.8858 0.4566 -0.0547, 0.8858 0.4678 -0.0434, 0.8858 0.4592 -0.0575, 0.8858 0.4713 -0.047, 0.8858 0.4743 -0.0512, 0.8858 0.369 -0.1242, 0.8858 0.3653 -0.1239, 0.8858 0.3664 -0.1081, 0.8858 0.3611 -0.123, 0.8858 0.3571 -0.1214, 0.8858 0.3476 -0.0822, 0.8858 0.3505 -0.0789, 0.8858 0.3537 -0.0761, 0.8858 0.3648 -0.0715, 0.8858 0.369 -0.0712, 0.8858 0.3297 -0.0561, 0.8858 0.3152 -0.0481, 0.8858 0.3314 -0.0522, 0.8858 0.3176 -0.0433, 0.8858 0.3336 -0.0487, 0.8858 0.3149 -0.0807, 0.8858 0.3132 -0.0756, 0.8858 0.3288 -0.0691, 0.8858 0.3121 -0.0703, 0.8858 0.3284 -0.0651, 0.8858 0.3118 -0.0649, 0.8858 0.3284 -0.0643, 0.8858 0.3118 -0.0638, 0.8858 0.3287 -0.0601, 0.8858 0.3123 -0.0586, 0.8858 0.3134 -0.0533, 0.8858 0.4648 -0.0998, 0.8858 0.4605 -0.1025, 0.8858 0.4509 -0.0892, 0.8858 0.4559 -0.1046, 0.8858 0.4473 -0.0903, 0.8858 0.4512 -0.106, 0.8858 0.4446 -0.0907, 0.8858 0.4462 -0.1068, 0.8858 0.4328 -0.0907, 0.8858 0.4307 -0.1068, 0.8858 0.4323 -0.0906, 0.8858 0.4293 -0.1066, 0.8858 0.4276 -0.1059, 0.8858 0.4233 -0.1005, 0.8858 0.423 -0.0986, 0.8858 0.4231 -0.0978, 0.8858 0.3454 -0.0859, 0.8858 0.3206 -0.0389, 0.8858 0.3242 -0.0348, 0.8858 0.3361 -0.0457, 0.8858 0.3251 -0.0339, 0.8858 0.3394 -0.0429, 0.8858 0.3291 -0.0306, 0.8858 0.3337 -0.0276, 0.8858 0.4235 -0.0958, 0.8858 0.4245 -0.094, 0.8858 0.4258 -0.0925, 0.8858 0.4274 -0.0914, 0.8858 0.4272 -0.0248, 0.8858 0.4396 -0.0145, 0.8858 0.4304 -0.0277, 0.8858 0.4408 -0.0157, 0.8858 0.445 -0.0202, 0.8858 0.3804 -0.0062, 0.8858 0.386 -0.0039, 0.8858 0.3934 -0.0181, 0.8858 0.3918 -0.0022, 0.8858 0.3984 -0.017, 0.8858 0.3977 -0.0012, 0.8858 0.4033 -0.0166, 0.8858 0.4038 -0.0008, 0.8858 0.404 -0.0166, 0.8858 0.4056 -0.0009, 0.8858 0.4091 -0.017, 0.8858 0.4117 -0.0014, 0.8858 0.4139 -0.018, 0.8858 0.4177 -0.0027, 0.8858 0.4186 -0.0196, 0.8858 0.4236 -0.0047, 0.8858 0.423 -0.0219, 0.8858 0.4292 -0.0073, 0.8858 0.4346 -0.0106, 0.8858 0.4292 -0.0907, 0.8858 0.4312 -0.0904, 0.8858 0.4312 -0.0904
            ]
        }
        coordIndex [
            0,1,2,-1,2,1,3,-1,4,0,5,-1,5,0,2,-1,6,4,7,-1,7,4,5,-1,8,6,9,-1,9,6,7,-1,10,8,11,-1,11,8,9,-1,1,10,3,-1,3,10,11,-1,6,8,4,-1,4,8,10,-1,4,10,0,-1,0,10,1,-1,2,3,5,-1,5,3,11,-1,5,11,7,-1,7,11,9,-1,12,13,14,-1,12,14,15,-1,15,14,16,-1,15,16,17,-1,17,16,18,-1,17,18,19,-1,19,18,20,-1,19,20,21,-1,21,20,22,-1,21,22,23,-1,23,22,24,-1,23,24,25,-1,26,25,27,-1,27,25,24,-1,26,27,28,-1,26,28,29,-1,29,28,30,-1,29,30,31,-1,31,30,32,-1,31,32,33,-1,33,32,34,-1,33,34,35,-1,35,34,36,-1,35,36,37,-1,37,36,38,-1,37,38,39,-1,39,38,40,-1,39,40,41,-1,41,40,42,-1,41,42,43,-1,43,42,44,-1,43,44,45,-1,45,44,46,-1,45,46,47,-1,47,46,48,-1,47,48,49,-1,49,48,50,-1,49,50,51,-1,51,50,52,-1,51,52,53,-1,53,52,54,-1,53,54,55,-1,55,54,56,-1,55,56,57,-1,57,56,58,-1,57,58,59,-1,59,58,60,-1,59,60,61,-1,61,60,62,-1,61,62,63,-1,63,62,64,-1,63,64,65,-1,65,64,66,-1,65,66,67,-1,67,66,68,-1,67,68,69,-1,69,68,70,-1,69,70,71,-1,71,70,72,-1,71,72,73,-1,73,72,74,-1,73,74,75,-1,75,74,76,-1,75,76,77,-1,77,76,78,-1,77,78,79,-1,79,78,80,-1,79,80,81,-1,81,80,82,-1,81,82,83,-1,83,82,84,-1,83,84,85,-1,85,84,86,-1,85,86,87,-1,87,86,88,-1,87,88,89,-1,89,88,90,-1,89,90,91,-1,91,90,92,-1,91,92,93,-1,93,92,94,-1,93,94,95,-1,95,94,96,-1,95,96,97,-1,97,96,98,-1,97,98,99,-1,99,98,100,-1,99,100,101,-1,101,100,102,-1,101,102,103,-1,103,102,104,-1,103,104,105,-1,105,104,106,-1,105,106,107,-1,107,106,108,-1,107,108,109,-1,109,108,110,-1,109,110,111,-1,111,110,112,-1,111,112,113,-1,113,112,114,-1,113,114,115,-1,116,115,117,-1,117,115,114,-1,116,117,118,-1,116,118,119,-1,119,118,120,-1,119,120,121,-1,121,120,122,-1,121,122,123,-1,123,122,124,-1,123,124,125,-1,125,124,126,-1,125,126,127,-1,127,126,128,-1,127,128,129,-1,129,128,130,-1,129,130,131,-1,131,130,132,-1,131,132,133,-1,133,132,134,-1,133,134,135,-1,135,134,136,-1,135,136,137,-1,137,136,138,-1,137,138,139,-1,139,138,140,-1,139,140,141,-1,141,140,142,-1,141,142,143,-1,143,142,144,-1,143,144,145,-1,145,144,146,-1,145,146,147,-1,147,146,148,-1,147,148,149,-1,149,148,150,-1,149,150,151,-1,151,150,152,-1,151,152,153,-1,153,152,154,-1,153,154,155,-1,155,154,156,-1,155,156,157,-1,157,156,158,-1,157,158,159,-1,159,158,160,-1,159,160,161,-1,161,160,162,-1,161,162,163,-1,163,162,164,-1,163,164,165,-1,165,164,166,-1,165,166,167,-1,167,166,168,-1,167,168,169,-1,169,168,170,-1,169,170,171,-1,171,170,172,-1,171,172,173,-1,173,172,174,-1,173,174,175,-1,175,174,176,-1,175,176,177,-1,177,176,178,-1,177,178,179,-1,179,178,180,-1,179,180,181,-1,181,180,182,-1,181,182,183,-1,183,182,184,-1,183,184,185,-1,185,184,186,-1,185,186,187,-1,187,186,188,-1,187,188,189,-1,189,188,190,-1,189,190,191,-1,191,190,192,-1,191,192,193,-1,193,192,194,-1,193,194,195,-1,195,194,196,-1,195,196,197,-1,197,196,13,-1,197,13,12,-1,113,115,116,-1,57,177,179,-1,33,21,31,-1,31,21,23,-1,31,23,29,-1,29,23,25,-1,29,25,26,-1,57,179,55,-1,55,179,181,-1,55,181,53,-1,53,181,183,-1,53,183,51,-1,51,183,185,-1,51,185,49,-1,49,185,187,-1,49,187,47,-1,187,189,47,-1,47,189,191,-1,47,191,45,-1,45,191,193,-1,45,193,43,-1,43,193,195,-1,43,195,41,-1,41,195,197,-1,41,197,39,-1,39,197,12,-1,39,12,37,-1,37,12,15,-1,37,15,35,-1,35,15,17,-1,35,17,33,-1,33,17,19,-1,33,19,21,-1,89,143,87,-1,87,143,145,-1,87,145,85,-1,85,145,147,-1,85,147,83,-1,83,147,149,-1,83,149,81,-1,81,149,151,-1,81,151,79,-1,79,151,153,-1,79,153,77,-1,77,153,155,-1,77,155,75,-1,113,116,111,-1,111,116,119,-1,111,119,109,-1,109,119,121,-1,109,121,107,-1,107,121,123,-1,107,123,105,-1,105,123,125,-1,105,125,103,-1,103,125,127,-1,103,127,101,-1,101,127,129,-1,101,129,99,-1,99,129,131,-1,99,131,97,-1,97,131,133,-1,97,133,95,-1,95,133,135,-1,95,135,93,-1,93,135,137,-1,93,137,91,-1,91,137,139,-1,91,139,89,-1,89,139,141,-1,89,141,143,-1,177,57,175,-1,175,57,59,-1,175,59,173,-1,173,59,61,-1,173,61,171,-1,171,61,63,-1,171,63,169,-1,169,63,65,-1,169,65,167,-1,167,65,165,-1,165,65,67,-1,165,67,163,-1,155,157,75,-1,75,157,159,-1,75,159,73,-1,73,159,161,-1,73,161,71,-1,71,161,163,-1,71,163,69,-1,69,163,67,-1,28,27,24,-1,28,24,30,-1,44,190,46,-1,46,190,188,-1,46,188,48,-1,48,188,186,-1,48,186,50,-1,50,186,184,-1,50,184,52,-1,52,184,182,-1,52,182,54,-1,114,112,117,-1,117,112,110,-1,117,110,118,-1,118,110,108,-1,182,180,54,-1,54,180,178,-1,54,178,56,-1,56,178,176,-1,56,176,58,-1,58,176,174,-1,58,174,60,-1,60,174,172,-1,60,172,62,-1,24,22,30,-1,30,22,20,-1,30,20,32,-1,32,20,18,-1,32,18,34,-1,34,18,16,-1,34,16,36,-1,36,16,14,-1,36,14,38,-1,38,14,13,-1,38,13,40,-1,40,13,196,-1,40,196,42,-1,42,196,194,-1,42,194,44,-1,44,194,192,-1,44,192,190,-1,82,146,84,-1,84,146,144,-1,84,144,86,-1,86,144,142,-1,86,142,88,-1,88,142,140,-1,88,140,90,-1,90,140,138,-1,90,138,92,-1,92,138,136,-1,92,136,94,-1,94,136,134,-1,94,134,96,-1,96,134,132,-1,96,132,98,-1,98,132,130,-1,98,130,100,-1,100,130,128,-1,100,128,102,-1,102,128,126,-1,102,126,104,-1,104,126,124,-1,104,124,106,-1,106,124,122,-1,106,122,108,-1,108,122,120,-1,108,120,118,-1,162,160,72,-1,72,160,158,-1,72,158,74,-1,74,158,156,-1,74,156,76,-1,76,156,154,-1,76,154,78,-1,78,154,152,-1,78,152,80,-1,80,152,150,-1,80,150,82,-1,82,150,148,-1,82,148,146,-1,172,170,62,-1,62,170,168,-1,62,168,64,-1,64,168,166,-1,64,166,66,-1,66,166,164,-1,66,164,68,-1,68,164,162,-1,68,162,70,-1,70,162,72,-1,198,199,200,-1,200,199,201,-1,202,198,203,-1,203,198,200,-1,204,202,205,-1,205,202,203,-1,206,204,207,-1,207,204,205,-1,208,206,209,-1,209,206,207,-1,210,208,211,-1,211,208,209,-1,212,210,213,-1,213,210,211,-1,214,212,215,-1,215,212,213,-1,216,214,217,-1,217,214,215,-1,218,216,219,-1,219,216,217,-1,220,218,221,-1,221,218,219,-1,199,220,201,-1,201,220,221,-1,220,199,198,-1,198,202,220,-1,220,202,204,-1,220,204,218,-1,214,216,212,-1,212,216,218,-1,212,218,210,-1,210,218,204,-1,210,204,208,-1,208,204,206,-1,200,201,203,-1,203,201,221,-1,203,221,205,-1,217,215,219,-1,219,215,213,-1,219,213,211,-1,209,207,211,-1,211,207,205,-1,211,205,219,-1,219,205,221,-1,222,223,224,-1,224,223,225,-1,224,225,226,-1,226,225,227,-1,226,227,228,-1,228,227,229,-1,228,229,230,-1,230,229,231,-1,230,231,232,-1,232,231,233,-1,232,233,234,-1,234,233,235,-1,234,235,236,-1,236,235,237,-1,236,237,238,-1,239,240,241,-1,241,240,242,-1,241,242,243,-1,243,242,244,-1,243,244,245,-1,245,244,246,-1,245,246,247,-1,246,248,247,-1,247,248,249,-1,247,249,250,-1,250,249,251,-1,250,251,252,-1,252,251,253,-1,252,253,254,-1,254,253,255,-1,254,255,256,-1,256,255,257,-1,256,257,258,-1,258,257,259,-1,258,259,260,-1,260,259,261,-1,260,261,262,-1,262,261,263,-1,262,263,264,-1,264,263,265,-1,264,265,266,-1,266,265,267,-1,266,267,268,-1,268,267,269,-1,268,269,270,-1,270,269,271,-1,270,271,272,-1,272,271,273,-1,272,273,274,-1,274,273,275,-1,274,275,276,-1,276,275,277,-1,276,277,278,-1,278,277,279,-1,278,279,280,-1,280,279,281,-1,280,281,222,-1,222,281,282,-1,222,282,223,-1,237,283,238,-1,238,283,284,-1,238,284,285,-1,285,284,286,-1,285,286,287,-1,287,286,288,-1,287,288,289,-1,289,288,290,-1,289,290,291,-1,291,290,292,-1,291,292,293,-1,293,292,294,-1,293,294,239,-1,239,294,295,-1,239,295,240,-1,296,297,298,-1,298,297,299,-1,298,299,300,-1,300,299,301,-1,300,301,302,-1,302,301,303,-1,302,303,304,-1,304,303,305,-1,304,305,306,-1,306,305,307,-1,306,307,308,-1,309,310,311,-1,311,310,312,-1,311,312,313,-1,313,312,314,-1,313,314,315,-1,315,314,316,-1,315,316,317,-1,317,316,318,-1,317,318,319,-1,319,318,320,-1,319,320,321,-1,321,320,322,-1,321,322,323,-1,323,322,324,-1,323,324,325,-1,325,324,326,-1,325,326,327,-1,327,326,328,-1,327,328,329,-1,329,328,330,-1,329,330,331,-1,331,330,332,-1,331,332,333,-1,333,332,334,-1,333,334,335,-1,335,334,336,-1,335,336,337,-1,337,336,338,-1,337,338,296,-1,296,338,339,-1,296,339,297,-1,340,341,342,-1,342,341,343,-1,342,343,344,-1,344,343,345,-1,344,345,346,-1,346,345,347,-1,346,347,348,-1,348,347,349,-1,348,349,350,-1,350,349,351,-1,350,351,352,-1,352,351,353,-1,352,353,354,-1,354,353,355,-1,354,355,309,-1,309,355,356,-1,309,356,310,-1,307,357,308,-1,308,357,358,-1,308,358,359,-1,359,358,360,-1,359,360,361,-1,361,360,362,-1,361,362,363,-1,363,362,364,-1,363,364,365,-1,365,364,366,-1,365,366,367,-1,367,366,368,-1,367,368,340,-1,340,368,369,-1,340,369,341,-1,275,273,320,-1,320,273,322,-1,275,320,318,-1,275,318,277,-1,277,318,316,-1,277,316,279,-1,279,316,314,-1,279,314,281,-1,281,314,312,-1,281,312,282,-1,282,312,310,-1,282,310,223,-1,223,310,356,-1,223,356,225,-1,225,356,355,-1,225,355,227,-1,227,355,353,-1,227,353,229,-1,229,353,351,-1,229,351,231,-1,231,351,349,-1,231,349,233,-1,233,349,347,-1,233,347,235,-1,235,347,345,-1,235,345,237,-1,237,345,343,-1,237,343,283,-1,283,343,341,-1,283,341,284,-1,284,341,369,-1,284,369,286,-1,286,369,368,-1,286,368,288,-1,288,368,366,-1,288,366,290,-1,290,366,364,-1,290,364,292,-1,292,364,362,-1,292,362,294,-1,294,362,360,-1,294,360,295,-1,295,360,358,-1,295,358,240,-1,240,358,357,-1,240,357,242,-1,242,357,307,-1,242,307,244,-1,244,307,305,-1,244,305,246,-1,246,305,303,-1,246,303,248,-1,248,303,301,-1,248,301,249,-1,249,301,299,-1,249,299,251,-1,251,299,297,-1,251,297,253,-1,253,297,339,-1,253,339,255,-1,255,339,338,-1,255,338,257,-1,257,338,336,-1,257,336,259,-1,259,336,334,-1,259,334,261,-1,261,334,332,-1,261,332,263,-1,263,332,330,-1,263,330,265,-1,265,330,328,-1,265,328,267,-1,267,328,326,-1,267,326,269,-1,271,269,324,-1,324,269,326,-1,273,271,322,-1,322,271,324,-1,268,270,325,-1,325,270,323,-1,270,272,323,-1,323,272,321,-1,272,274,321,-1,321,274,319,-1,230,350,352,-1,230,352,228,-1,228,352,354,-1,228,354,226,-1,226,354,309,-1,226,309,224,-1,224,309,311,-1,224,311,222,-1,222,311,313,-1,222,313,280,-1,280,313,315,-1,280,315,278,-1,278,315,317,-1,278,317,276,-1,276,317,319,-1,276,319,274,-1,291,363,365,-1,291,365,289,-1,289,365,367,-1,289,367,287,-1,287,367,340,-1,287,340,285,-1,285,340,342,-1,285,342,238,-1,238,342,344,-1,238,344,236,-1,236,344,346,-1,236,346,234,-1,234,346,348,-1,234,348,232,-1,232,348,350,-1,232,350,230,-1,252,298,300,-1,252,300,250,-1,250,300,302,-1,250,302,247,-1,247,302,304,-1,247,304,245,-1,245,304,306,-1,245,306,243,-1,243,306,308,-1,243,308,241,-1,241,308,359,-1,241,359,239,-1,239,359,361,-1,239,361,293,-1,293,361,363,-1,293,363,291,-1,268,325,327,-1,268,327,266,-1,266,327,329,-1,266,329,264,-1,264,329,331,-1,264,331,262,-1,262,331,333,-1,262,333,260,-1,260,333,335,-1,260,335,258,-1,258,335,337,-1,258,337,256,-1,256,337,296,-1,256,296,254,-1,254,296,298,-1,254,298,252,-1,370,371,372,-1,372,371,373,-1,374,375,370,-1,370,375,376,-1,370,376,371,-1,371,376,377,-1,374,378,375,-1,375,378,379,-1,375,379,380,-1,380,379,381,-1,380,381,382,-1,382,383,380,-1,380,383,372,-1,380,372,384,-1,384,372,373,-1,384,373,385,-1,386,387,388,-1,387,389,388,-1,388,389,390,-1,388,390,391,-1,391,390,392,-1,391,392,393,-1,393,394,391,-1,391,394,395,-1,391,395,396,-1,397,398,399,-1,400,396,401,-1,401,396,395,-1,401,395,399,-1,399,395,386,-1,399,386,397,-1,397,386,388,-1,380,384,388,-1,388,384,397,-1,375,380,391,-1,391,380,388,-1,376,375,396,-1,396,375,391,-1,377,376,400,-1,400,376,396,-1,371,377,401,-1,401,377,400,-1,373,371,399,-1,399,371,401,-1,385,373,398,-1,398,373,399,-1,384,385,397,-1,397,385,398,-1,370,372,395,-1,395,372,386,-1,372,383,386,-1,386,383,387,-1,381,390,389,-1,381,389,382,-1,382,389,387,-1,382,387,383,-1,381,379,390,-1,390,379,392,-1,374,394,393,-1,374,393,378,-1,378,393,392,-1,378,392,379,-1,374,370,394,-1,394,370,395,-1,402,403,404,-1,404,403,405,-1,406,402,407,-1,407,402,404,-1,408,406,409,-1,409,406,407,-1,410,408,411,-1,411,408,409,-1,412,410,413,-1,413,410,411,-1,414,412,415,-1,415,412,413,-1,416,414,417,-1,417,414,415,-1,418,416,419,-1,419,416,417,-1,420,418,421,-1,421,418,419,-1,422,420,423,-1,423,420,421,-1,424,422,425,-1,425,422,423,-1,403,424,405,-1,405,424,425,-1,424,403,402,-1,402,406,424,-1,424,406,408,-1,424,408,422,-1,418,420,416,-1,416,420,422,-1,416,422,414,-1,414,422,408,-1,414,408,412,-1,412,408,410,-1,423,421,419,-1,419,417,423,-1,423,417,415,-1,423,415,425,-1,404,405,407,-1,407,405,425,-1,407,425,409,-1,409,425,415,-1,409,415,411,-1,411,415,413,-1,426,427,428,-1,428,427,429,-1,430,431,432,-1,433,434,435,-1,435,434,436,-1,432,431,437,-1,437,431,438,-1,437,438,439,-1,439,438,440,-1,439,440,441,-1,441,440,442,-1,442,440,443,-1,442,443,444,-1,445,446,447,-1,434,448,436,-1,436,448,449,-1,436,449,450,-1,433,435,451,-1,451,435,452,-1,451,452,453,-1,453,452,454,-1,453,454,455,-1,449,456,450,-1,450,456,457,-1,450,457,458,-1,458,457,459,-1,458,459,460,-1,428,461,462,-1,462,461,463,-1,462,463,464,-1,465,466,467,-1,467,466,468,-1,467,468,469,-1,469,468,470,-1,469,470,471,-1,472,473,429,-1,429,473,474,-1,429,474,428,-1,428,474,475,-1,428,475,461,-1,444,443,476,-1,476,443,477,-1,476,477,478,-1,478,477,479,-1,478,479,480,-1,480,479,481,-1,480,481,482,-1,483,484,485,-1,485,484,486,-1,485,486,487,-1,487,486,488,-1,487,488,489,-1,447,490,445,-1,445,490,491,-1,445,491,483,-1,483,491,492,-1,483,492,484,-1,493,494,495,-1,495,494,496,-1,495,496,446,-1,446,496,497,-1,446,497,447,-1,498,499,500,-1,500,499,455,-1,500,455,501,-1,501,455,454,-1,470,502,471,-1,471,502,503,-1,471,503,504,-1,504,503,505,-1,504,505,506,-1,506,505,464,-1,506,464,507,-1,507,464,463,-1,482,481,508,-1,508,481,509,-1,508,509,510,-1,510,499,508,-1,508,499,498,-1,508,498,429,-1,429,498,511,-1,429,511,472,-1,488,512,489,-1,489,512,513,-1,489,513,514,-1,514,513,515,-1,514,515,516,-1,516,515,517,-1,516,517,465,-1,465,517,518,-1,465,518,466,-1,459,519,460,-1,460,519,520,-1,460,520,521,-1,521,520,522,-1,521,522,523,-1,432,524,430,-1,430,524,525,-1,430,525,526,-1,526,525,527,-1,526,527,528,-1,528,527,529,-1,528,529,530,-1,530,529,531,-1,530,531,532,-1,532,531,533,-1,532,533,534,-1,534,533,535,-1,534,535,536,-1,536,535,537,-1,536,537,538,-1,538,537,539,-1,538,539,540,-1,540,539,541,-1,540,541,542,-1,542,541,543,-1,542,543,544,-1,522,545,523,-1,523,545,546,-1,523,546,493,-1,493,546,547,-1,493,547,494,-1,548,549,550,-1,551,552,553,-1,554,555,556,-1,557,558,559,-1,559,558,560,-1,559,560,561,-1,551,562,552,-1,552,562,563,-1,552,563,564,-1,564,563,565,-1,564,565,566,-1,566,565,567,-1,566,567,568,-1,569,570,571,-1,571,570,572,-1,571,572,573,-1,573,572,574,-1,573,574,553,-1,553,574,575,-1,553,575,551,-1,576,554,577,-1,577,554,556,-1,577,556,578,-1,578,556,579,-1,580,581,582,-1,582,581,583,-1,582,583,584,-1,584,583,585,-1,584,585,586,-1,586,585,587,-1,586,587,588,-1,588,587,589,-1,590,591,580,-1,580,591,592,-1,580,592,581,-1,593,594,557,-1,557,594,595,-1,557,595,558,-1,596,597,593,-1,593,597,598,-1,593,598,594,-1,599,600,601,-1,601,600,556,-1,601,556,602,-1,602,556,555,-1,603,604,590,-1,590,604,605,-1,590,605,591,-1,567,606,568,-1,568,606,607,-1,568,607,608,-1,608,607,609,-1,608,609,610,-1,610,609,600,-1,610,600,611,-1,560,612,561,-1,561,612,613,-1,561,613,614,-1,611,600,615,-1,615,600,599,-1,615,599,589,-1,589,599,616,-1,589,616,588,-1,548,550,617,-1,617,550,618,-1,617,618,619,-1,619,618,620,-1,619,620,621,-1,621,620,622,-1,621,622,623,-1,623,622,624,-1,623,624,625,-1,625,624,626,-1,625,626,627,-1,627,626,628,-1,627,628,629,-1,629,628,630,-1,629,630,569,-1,569,630,631,-1,569,631,570,-1,632,633,634,-1,634,633,635,-1,634,635,603,-1,603,635,636,-1,603,636,604,-1,613,637,614,-1,614,637,638,-1,614,638,639,-1,639,638,640,-1,639,640,632,-1,632,640,641,-1,632,641,633,-1,642,643,644,-1,644,643,645,-1,644,645,646,-1,646,645,647,-1,646,647,648,-1,648,647,649,-1,648,649,650,-1,651,652,653,-1,653,652,654,-1,653,654,655,-1,655,654,656,-1,655,656,596,-1,596,656,657,-1,596,657,597,-1,649,658,650,-1,650,658,659,-1,650,659,660,-1,660,659,661,-1,660,661,662,-1,662,661,663,-1,662,663,651,-1,651,663,664,-1,651,664,652,-1,644,665,642,-1,642,665,666,-1,642,666,667,-1,667,666,668,-1,667,668,577,-1,577,668,669,-1,577,669,576,-1,529,630,628,-1,529,628,531,-1,531,628,626,-1,531,626,533,-1,533,626,624,-1,533,624,535,-1,535,624,622,-1,535,622,537,-1,537,622,620,-1,537,620,539,-1,539,620,618,-1,539,618,541,-1,541,618,550,-1,541,550,543,-1,544,543,549,-1,549,543,550,-1,544,549,548,-1,544,548,542,-1,542,548,617,-1,542,617,540,-1,540,617,619,-1,540,619,538,-1,538,619,621,-1,538,621,536,-1,536,621,623,-1,536,623,534,-1,534,623,625,-1,534,625,532,-1,532,625,627,-1,532,627,530,-1,530,627,629,-1,530,629,528,-1,528,629,569,-1,528,569,526,-1,526,569,571,-1,526,571,430,-1,430,571,573,-1,430,573,431,-1,431,573,553,-1,431,553,438,-1,438,553,552,-1,438,552,440,-1,440,552,564,-1,440,564,443,-1,443,564,566,-1,443,566,477,-1,477,566,568,-1,477,568,479,-1,479,568,608,-1,479,608,481,-1,481,608,610,-1,481,610,509,-1,509,610,611,-1,509,611,510,-1,510,611,615,-1,510,615,499,-1,455,499,589,-1,589,499,615,-1,455,589,587,-1,455,587,453,-1,453,587,585,-1,453,585,451,-1,451,585,583,-1,451,583,433,-1,433,583,581,-1,433,581,434,-1,434,581,592,-1,434,592,448,-1,448,592,591,-1,448,591,449,-1,449,591,605,-1,449,605,456,-1,456,605,604,-1,456,604,457,-1,457,604,636,-1,457,636,459,-1,459,636,635,-1,459,635,519,-1,519,635,633,-1,519,633,520,-1,520,633,641,-1,520,641,522,-1,522,641,640,-1,522,640,545,-1,545,640,638,-1,545,638,546,-1,546,638,637,-1,546,637,547,-1,547,637,613,-1,547,613,494,-1,494,613,612,-1,494,612,496,-1,496,612,560,-1,496,560,497,-1,497,560,558,-1,497,558,447,-1,447,558,595,-1,447,595,490,-1,490,595,594,-1,490,594,491,-1,491,594,598,-1,491,598,492,-1,492,598,597,-1,492,597,484,-1,484,597,657,-1,484,657,486,-1,486,657,656,-1,486,656,488,-1,488,656,654,-1,488,654,512,-1,512,654,652,-1,512,652,513,-1,513,652,664,-1,513,664,515,-1,515,664,663,-1,515,663,517,-1,517,663,661,-1,517,661,518,-1,518,661,659,-1,518,659,466,-1,466,659,658,-1,466,658,468,-1,468,658,649,-1,468,649,470,-1,470,649,647,-1,470,647,502,-1,502,647,645,-1,502,645,503,-1,503,645,643,-1,503,643,505,-1,505,643,642,-1,505,642,464,-1,464,642,667,-1,464,667,462,-1,428,462,577,-1,577,462,667,-1,426,428,578,-1,578,428,577,-1,427,426,579,-1,579,426,578,-1,429,427,556,-1,556,427,579,-1,429,556,600,-1,429,600,508,-1,508,600,609,-1,508,609,482,-1,482,609,607,-1,482,607,480,-1,480,607,606,-1,480,606,478,-1,478,606,567,-1,478,567,476,-1,476,567,565,-1,476,565,444,-1,444,565,563,-1,444,563,442,-1,442,563,562,-1,442,562,441,-1,441,562,551,-1,441,551,439,-1,439,551,575,-1,439,575,437,-1,437,575,574,-1,437,574,432,-1,432,574,572,-1,432,572,524,-1,524,572,570,-1,524,570,525,-1,525,570,631,-1,525,631,527,-1,527,631,630,-1,527,630,529,-1,436,580,582,-1,436,582,435,-1,435,582,584,-1,435,584,452,-1,452,584,586,-1,452,586,454,-1,454,586,588,-1,454,588,501,-1,501,588,616,-1,501,616,500,-1,523,639,632,-1,523,632,521,-1,521,632,634,-1,521,634,460,-1,460,634,603,-1,460,603,458,-1,458,603,590,-1,458,590,450,-1,450,590,580,-1,450,580,436,-1,483,593,557,-1,483,557,445,-1,445,557,559,-1,445,559,446,-1,446,559,561,-1,446,561,495,-1,495,561,614,-1,495,614,493,-1,493,614,639,-1,493,639,523,-1,516,662,651,-1,516,651,514,-1,514,651,653,-1,514,653,489,-1,489,653,655,-1,489,655,487,-1,487,655,596,-1,487,596,485,-1,485,596,593,-1,485,593,483,-1,507,666,665,-1,507,665,506,-1,506,665,644,-1,506,644,504,-1,504,644,646,-1,504,646,471,-1,471,646,648,-1,471,648,469,-1,469,648,650,-1,469,650,467,-1,467,650,660,-1,467,660,465,-1,465,660,662,-1,465,662,516,-1,511,601,602,-1,511,602,472,-1,472,602,555,-1,472,555,473,-1,473,555,554,-1,473,554,474,-1,474,554,576,-1,474,576,475,-1,475,576,669,-1,475,669,461,-1,461,669,668,-1,461,668,463,-1,463,668,666,-1,463,666,507,-1,511,498,601,-1,601,498,599,-1,498,500,599,-1,599,500,616,-1,670,671,672,-1,670,672,673,-1,673,672,674,-1,673,674,675,-1,675,674,676,-1,675,676,677,-1,677,676,678,-1,677,678,679,-1,679,678,680,-1,679,680,681,-1,681,680,682,-1,681,682,683,-1,683,682,684,-1,683,684,685,-1,686,685,687,-1,687,685,684,-1,686,687,688,-1,686,688,689,-1,689,688,690,-1,689,690,691,-1,691,690,692,-1,691,692,693,-1,693,692,694,-1,693,694,695,-1,695,694,696,-1,695,696,697,-1,697,696,698,-1,697,698,699,-1,699,698,700,-1,699,700,701,-1,701,700,702,-1,701,702,703,-1,703,702,704,-1,703,704,705,-1,705,704,706,-1,705,706,707,-1,707,706,708,-1,707,708,709,-1,709,708,710,-1,709,710,711,-1,711,710,712,-1,711,712,713,-1,713,712,714,-1,713,714,715,-1,715,714,716,-1,715,716,717,-1,717,716,718,-1,717,718,719,-1,719,718,720,-1,719,720,721,-1,721,720,722,-1,721,722,723,-1,723,722,724,-1,723,724,725,-1,725,724,726,-1,725,726,727,-1,727,726,728,-1,727,728,729,-1,729,728,730,-1,729,730,731,-1,731,730,732,-1,731,732,733,-1,733,732,734,-1,733,734,735,-1,735,734,736,-1,735,736,737,-1,737,736,738,-1,737,738,739,-1,739,738,740,-1,739,740,741,-1,741,740,742,-1,741,742,743,-1,743,742,744,-1,743,744,745,-1,745,744,746,-1,745,746,747,-1,747,746,748,-1,747,748,749,-1,749,748,750,-1,749,750,751,-1,751,750,752,-1,751,752,753,-1,753,752,754,-1,753,754,755,-1,755,754,756,-1,755,756,757,-1,757,756,758,-1,757,758,759,-1,759,758,760,-1,759,760,761,-1,761,760,762,-1,761,762,763,-1,763,762,764,-1,763,764,765,-1,765,764,766,-1,765,766,767,-1,767,766,768,-1,767,768,769,-1,769,768,770,-1,769,770,771,-1,771,770,772,-1,771,772,773,-1,773,772,774,-1,773,774,775,-1,775,774,776,-1,775,776,777,-1,777,776,778,-1,777,778,779,-1,779,778,780,-1,779,780,781,-1,781,780,782,-1,781,782,783,-1,783,782,784,-1,783,784,785,-1,785,784,786,-1,785,786,787,-1,787,786,788,-1,787,788,789,-1,789,788,790,-1,789,790,791,-1,791,790,792,-1,791,792,793,-1,793,792,794,-1,793,794,795,-1,795,794,796,-1,795,796,797,-1,797,796,798,-1,797,798,799,-1,799,798,800,-1,799,800,801,-1,801,800,802,-1,801,802,803,-1,803,802,804,-1,803,804,805,-1,806,805,807,-1,807,805,804,-1,806,807,808,-1,806,808,809,-1,809,808,810,-1,809,810,811,-1,811,810,812,-1,811,812,813,-1,813,812,814,-1,813,814,815,-1,815,814,816,-1,815,816,817,-1,817,816,818,-1,817,818,819,-1,819,818,820,-1,819,820,821,-1,821,820,822,-1,821,822,823,-1,823,822,824,-1,823,824,825,-1,825,824,826,-1,825,826,827,-1,827,826,828,-1,827,828,829,-1,829,828,830,-1,829,830,831,-1,831,830,832,-1,831,832,833,-1,833,832,834,-1,833,834,835,-1,835,834,836,-1,835,836,837,-1,837,836,838,-1,837,838,839,-1,839,838,840,-1,839,840,841,-1,841,840,842,-1,841,842,843,-1,843,842,844,-1,843,844,845,-1,845,844,846,-1,845,846,847,-1,847,846,848,-1,847,848,849,-1,849,848,850,-1,849,850,851,-1,851,850,852,-1,851,852,853,-1,853,852,854,-1,853,854,855,-1,855,854,856,-1,855,856,857,-1,857,856,858,-1,857,858,859,-1,859,858,860,-1,859,860,861,-1,861,860,862,-1,861,862,863,-1,863,862,864,-1,863,864,865,-1,865,864,866,-1,865,866,867,-1,867,866,868,-1,867,868,869,-1,869,868,870,-1,869,870,871,-1,871,870,872,-1,871,872,873,-1,873,872,874,-1,873,874,875,-1,875,874,876,-1,875,876,877,-1,877,876,878,-1,877,878,879,-1,879,878,880,-1,879,880,881,-1,881,880,882,-1,881,882,883,-1,883,882,884,-1,883,884,885,-1,885,884,886,-1,885,886,887,-1,887,886,888,-1,887,888,889,-1,889,888,890,-1,889,890,891,-1,891,890,892,-1,891,892,893,-1,893,892,894,-1,893,894,895,-1,895,894,896,-1,895,896,897,-1,897,896,898,-1,897,898,899,-1,899,898,900,-1,899,900,901,-1,901,900,902,-1,901,902,903,-1,903,902,904,-1,903,904,905,-1,905,904,906,-1,905,906,907,-1,907,906,671,-1,907,671,670,-1,683,685,686,-1,803,805,806,-1,713,715,897,-1,897,715,895,-1,777,837,775,-1,775,837,839,-1,775,839,773,-1,715,717,895,-1,895,717,719,-1,895,719,893,-1,893,719,721,-1,893,721,891,-1,779,833,777,-1,777,833,835,-1,777,835,837,-1,713,897,711,-1,711,897,899,-1,711,899,709,-1,709,899,901,-1,709,901,707,-1,707,901,903,-1,707,903,705,-1,855,765,853,-1,853,765,767,-1,737,883,735,-1,735,883,885,-1,839,841,773,-1,773,841,843,-1,773,843,771,-1,843,845,771,-1,771,845,847,-1,771,847,769,-1,769,847,849,-1,769,849,767,-1,767,849,851,-1,767,851,853,-1,855,857,765,-1,765,857,859,-1,765,859,763,-1,763,859,861,-1,763,861,761,-1,761,861,863,-1,761,863,759,-1,759,863,865,-1,759,865,757,-1,889,729,887,-1,887,729,731,-1,887,731,885,-1,885,731,733,-1,885,733,735,-1,721,723,891,-1,891,723,725,-1,891,725,889,-1,889,725,727,-1,889,727,729,-1,705,903,703,-1,703,903,905,-1,703,905,701,-1,701,905,907,-1,701,907,699,-1,699,907,670,-1,699,670,697,-1,697,670,673,-1,697,673,695,-1,695,673,675,-1,695,675,693,-1,693,675,677,-1,693,677,691,-1,691,677,679,-1,691,679,689,-1,689,679,686,-1,686,679,681,-1,686,681,683,-1,737,739,883,-1,883,739,741,-1,883,741,881,-1,881,741,743,-1,881,743,879,-1,879,743,745,-1,879,745,877,-1,877,745,747,-1,877,747,875,-1,875,747,749,-1,875,749,873,-1,803,806,801,-1,801,806,809,-1,801,809,799,-1,799,809,811,-1,799,811,797,-1,797,811,813,-1,797,813,795,-1,795,813,815,-1,795,815,793,-1,793,815,817,-1,793,817,791,-1,791,817,819,-1,791,819,789,-1,789,819,821,-1,789,821,787,-1,787,821,823,-1,787,823,785,-1,785,823,825,-1,785,825,783,-1,783,825,827,-1,783,827,781,-1,781,827,829,-1,781,829,779,-1,779,829,831,-1,779,831,833,-1,865,867,757,-1,757,867,869,-1,757,869,755,-1,755,869,871,-1,755,871,753,-1,753,871,873,-1,753,873,751,-1,751,873,749,-1,894,714,896,-1,896,714,712,-1,896,712,898,-1,898,712,710,-1,898,710,900,-1,776,774,836,-1,856,764,858,-1,858,764,762,-1,892,718,894,-1,894,718,716,-1,894,716,714,-1,886,884,732,-1,732,884,734,-1,734,884,882,-1,734,882,736,-1,856,854,764,-1,764,854,852,-1,764,852,766,-1,766,852,850,-1,766,850,768,-1,880,740,882,-1,882,740,738,-1,882,738,736,-1,770,842,772,-1,772,842,840,-1,772,840,774,-1,774,840,838,-1,774,838,836,-1,850,848,768,-1,768,848,846,-1,768,846,770,-1,770,846,844,-1,770,844,842,-1,710,708,900,-1,900,708,706,-1,900,706,902,-1,902,706,704,-1,902,704,904,-1,904,704,702,-1,904,702,906,-1,906,702,700,-1,906,700,671,-1,671,700,698,-1,671,698,672,-1,672,698,696,-1,672,696,674,-1,674,696,694,-1,674,694,676,-1,888,724,890,-1,890,724,722,-1,890,722,892,-1,892,722,720,-1,892,720,718,-1,732,730,886,-1,886,730,728,-1,886,728,888,-1,888,728,726,-1,888,726,724,-1,694,692,676,-1,676,692,690,-1,676,690,678,-1,678,690,688,-1,678,688,680,-1,680,688,687,-1,680,687,682,-1,682,687,684,-1,836,834,776,-1,776,834,832,-1,776,832,778,-1,778,832,830,-1,778,830,780,-1,780,830,828,-1,780,828,782,-1,782,828,826,-1,782,826,784,-1,784,826,824,-1,784,824,786,-1,786,824,822,-1,786,822,788,-1,788,822,820,-1,788,820,790,-1,790,820,818,-1,790,818,792,-1,792,818,816,-1,792,816,794,-1,794,816,814,-1,794,814,796,-1,796,814,812,-1,796,812,798,-1,798,812,810,-1,798,810,800,-1,800,810,808,-1,800,808,802,-1,802,808,807,-1,802,807,804,-1,872,870,754,-1,754,870,868,-1,754,868,756,-1,756,868,866,-1,756,866,758,-1,758,866,864,-1,758,864,760,-1,760,864,862,-1,760,862,762,-1,762,862,860,-1,762,860,858,-1,754,752,872,-1,872,752,750,-1,872,750,874,-1,874,750,748,-1,874,748,876,-1,876,748,746,-1,876,746,878,-1,878,746,744,-1,878,744,880,-1,880,744,742,-1,880,742,740,-1,908,909,910,-1,910,909,911,-1,912,908,913,-1,913,908,910,-1,912,913,914,-1,912,914,915,-1,915,914,916,-1,915,916,917,-1,918,917,919,-1,919,917,916,-1,920,918,921,-1,921,918,919,-1,922,920,923,-1,923,920,921,-1,924,922,925,-1,925,922,923,-1,926,924,927,-1,927,924,925,-1,928,926,929,-1,929,926,927,-1,928,929,930,-1,928,930,931,-1,931,930,932,-1,931,932,933,-1,933,932,934,-1,933,934,935,-1,935,934,936,-1,935,936,937,-1,937,936,938,-1,937,938,939,-1,939,938,940,-1,939,940,941,-1,941,940,942,-1,941,942,943,-1,943,942,944,-1,943,944,945,-1,945,944,946,-1,945,946,947,-1,947,946,948,-1,947,948,949,-1,950,949,951,-1,951,949,948,-1,950,951,952,-1,950,952,953,-1,953,952,954,-1,953,954,955,-1,955,954,956,-1,955,956,957,-1,957,956,958,-1,957,958,959,-1,959,958,960,-1,959,960,961,-1,961,960,962,-1,961,962,963,-1,963,962,964,-1,963,964,965,-1,965,964,966,-1,965,966,967,-1,967,966,968,-1,967,968,969,-1,969,968,970,-1,969,970,971,-1,971,970,972,-1,971,972,973,-1,973,972,974,-1,973,974,975,-1,975,974,976,-1,975,976,977,-1,977,976,978,-1,977,978,979,-1,909,979,911,-1,911,979,978,-1,915,917,979,-1,909,908,979,-1,979,908,912,-1,979,912,915,-1,922,924,920,-1,920,924,926,-1,920,926,918,-1,933,935,967,-1,967,935,965,-1,965,935,937,-1,965,937,963,-1,963,937,939,-1,963,939,961,-1,961,939,959,-1,959,939,941,-1,959,941,957,-1,957,941,943,-1,957,943,955,-1,967,969,933,-1,933,969,971,-1,933,971,931,-1,931,971,973,-1,931,973,928,-1,955,943,953,-1,953,943,945,-1,953,945,950,-1,950,945,947,-1,950,947,949,-1,973,975,928,-1,928,975,977,-1,928,977,926,-1,926,977,979,-1,926,979,918,-1,918,979,917,-1,940,938,960,-1,927,925,923,-1,910,911,913,-1,913,911,978,-1,960,938,962,-1,962,938,936,-1,962,936,964,-1,960,958,940,-1,940,958,956,-1,940,956,942,-1,942,956,954,-1,942,954,944,-1,944,954,952,-1,944,952,946,-1,946,952,951,-1,946,951,948,-1,964,936,966,-1,966,936,934,-1,966,934,968,-1,968,934,932,-1,968,932,970,-1,970,932,930,-1,970,930,972,-1,972,930,974,-1,974,930,929,-1,974,929,976,-1,919,916,978,-1,978,916,914,-1,978,914,913,-1,923,921,927,-1,927,921,919,-1,927,919,929,-1,929,919,978,-1,929,978,976,-1,980,981,982,-1,982,981,983,-1,984,980,985,-1,985,980,982,-1,986,984,987,-1,987,984,985,-1,988,986,989,-1,989,986,987,-1,990,988,991,-1,991,988,989,-1,992,990,993,-1,993,990,991,-1,994,992,995,-1,995,992,993,-1,996,994,997,-1,997,994,995,-1,998,996,999,-1,999,996,997,-1,1000,998,1001,-1,1001,998,999,-1,1002,1000,1003,-1,1003,1000,1001,-1,981,1002,983,-1,983,1002,1003,-1,1002,981,980,-1,980,984,1002,-1,1002,984,986,-1,1002,986,1000,-1,996,998,994,-1,994,998,1000,-1,994,1000,992,-1,992,1000,986,-1,992,986,990,-1,990,986,988,-1,1001,999,997,-1,997,995,1001,-1,1001,995,993,-1,1001,993,1003,-1,982,983,985,-1,985,983,1003,-1,985,1003,987,-1,987,1003,993,-1,987,993,989,-1,989,993,991,-1,1004,1005,1006,-1,1006,1005,1007,-1,1006,1007,1008,-1,1008,1007,1009,-1,1008,1009,1010,-1,1010,1009,1011,-1,1010,1011,1012,-1,1012,1011,1013,-1,1012,1013,1014,-1,1014,1013,1015,-1,1014,1015,1016,-1,1016,1015,1017,-1,1016,1017,1018,-1,1018,1017,1019,-1,1018,1019,1020,-1,1021,1022,1023,-1,1023,1022,1024,-1,1023,1024,1025,-1,1025,1024,1026,-1,1025,1026,1027,-1,1027,1026,1028,-1,1027,1028,1029,-1,1028,1030,1029,-1,1029,1030,1031,-1,1029,1031,1032,-1,1032,1031,1033,-1,1032,1033,1034,-1,1034,1033,1035,-1,1034,1035,1036,-1,1036,1035,1037,-1,1036,1037,1038,-1,1038,1037,1039,-1,1038,1039,1040,-1,1040,1039,1041,-1,1040,1041,1042,-1,1042,1041,1043,-1,1042,1043,1044,-1,1044,1043,1045,-1,1044,1045,1046,-1,1046,1045,1047,-1,1046,1047,1048,-1,1048,1047,1049,-1,1048,1049,1050,-1,1050,1049,1051,-1,1050,1051,1052,-1,1052,1051,1053,-1,1052,1053,1054,-1,1054,1053,1055,-1,1054,1055,1056,-1,1056,1055,1057,-1,1056,1057,1058,-1,1058,1057,1059,-1,1058,1059,1060,-1,1060,1059,1061,-1,1060,1061,1062,-1,1062,1061,1063,-1,1062,1063,1004,-1,1004,1063,1064,-1,1004,1064,1005,-1,1019,1065,1020,-1,1020,1065,1066,-1,1020,1066,1067,-1,1067,1066,1068,-1,1067,1068,1069,-1,1069,1068,1070,-1,1069,1070,1071,-1,1071,1070,1072,-1,1071,1072,1073,-1,1073,1072,1074,-1,1073,1074,1075,-1,1075,1074,1076,-1,1075,1076,1021,-1,1021,1076,1077,-1,1021,1077,1022,-1,1078,1079,1080,-1,1080,1079,1081,-1,1080,1081,1082,-1,1082,1081,1083,-1,1082,1083,1084,-1,1084,1083,1085,-1,1084,1085,1086,-1,1086,1085,1087,-1,1086,1087,1088,-1,1088,1087,1089,-1,1088,1089,1090,-1,1091,1092,1093,-1,1093,1092,1094,-1,1093,1094,1095,-1,1095,1094,1096,-1,1095,1096,1097,-1,1097,1096,1098,-1,1097,1098,1099,-1,1099,1098,1100,-1,1099,1100,1101,-1,1101,1100,1102,-1,1101,1102,1103,-1,1103,1102,1104,-1,1103,1104,1105,-1,1105,1104,1106,-1,1105,1106,1107,-1,1107,1106,1108,-1,1107,1108,1109,-1,1109,1108,1110,-1,1109,1110,1111,-1,1111,1110,1112,-1,1111,1112,1113,-1,1113,1112,1114,-1,1113,1114,1115,-1,1115,1114,1116,-1,1115,1116,1117,-1,1117,1116,1118,-1,1117,1118,1119,-1,1119,1118,1120,-1,1119,1120,1078,-1,1078,1120,1121,-1,1078,1121,1079,-1,1122,1123,1124,-1,1124,1123,1125,-1,1124,1125,1126,-1,1126,1125,1127,-1,1126,1127,1128,-1,1128,1127,1129,-1,1128,1129,1130,-1,1130,1129,1131,-1,1130,1131,1132,-1,1132,1131,1133,-1,1132,1133,1134,-1,1134,1133,1135,-1,1134,1135,1136,-1,1136,1135,1137,-1,1136,1137,1091,-1,1091,1137,1138,-1,1091,1138,1092,-1,1089,1139,1090,-1,1090,1139,1140,-1,1090,1140,1141,-1,1141,1140,1142,-1,1141,1142,1143,-1,1143,1142,1144,-1,1143,1144,1145,-1,1145,1144,1146,-1,1145,1146,1147,-1,1147,1146,1148,-1,1147,1148,1149,-1,1149,1148,1150,-1,1149,1150,1122,-1,1122,1150,1151,-1,1122,1151,1123,-1,1057,1055,1102,-1,1102,1055,1104,-1,1057,1102,1100,-1,1057,1100,1059,-1,1059,1100,1098,-1,1059,1098,1061,-1,1061,1098,1096,-1,1061,1096,1063,-1,1063,1096,1094,-1,1063,1094,1064,-1,1064,1094,1092,-1,1064,1092,1005,-1,1005,1092,1138,-1,1005,1138,1007,-1,1007,1138,1137,-1,1007,1137,1009,-1,1009,1137,1135,-1,1009,1135,1011,-1,1011,1135,1133,-1,1011,1133,1013,-1,1013,1133,1131,-1,1013,1131,1015,-1,1015,1131,1129,-1,1015,1129,1017,-1,1017,1129,1127,-1,1017,1127,1019,-1,1019,1127,1125,-1,1019,1125,1065,-1,1065,1125,1123,-1,1065,1123,1066,-1,1066,1123,1151,-1,1066,1151,1068,-1,1068,1151,1150,-1,1068,1150,1070,-1,1070,1150,1148,-1,1070,1148,1072,-1,1072,1148,1146,-1,1072,1146,1074,-1,1074,1146,1144,-1,1074,1144,1076,-1,1076,1144,1142,-1,1076,1142,1077,-1,1077,1142,1140,-1,1077,1140,1022,-1,1022,1140,1139,-1,1022,1139,1024,-1,1024,1139,1089,-1,1024,1089,1026,-1,1026,1089,1087,-1,1026,1087,1028,-1,1028,1087,1085,-1,1028,1085,1030,-1,1030,1085,1083,-1,1030,1083,1031,-1,1031,1083,1081,-1,1031,1081,1033,-1,1033,1081,1079,-1,1033,1079,1035,-1,1035,1079,1121,-1,1035,1121,1037,-1,1037,1121,1120,-1,1037,1120,1039,-1,1039,1120,1118,-1,1039,1118,1041,-1,1041,1118,1116,-1,1041,1116,1043,-1,1043,1116,1114,-1,1043,1114,1045,-1,1045,1114,1112,-1,1045,1112,1047,-1,1047,1112,1110,-1,1047,1110,1049,-1,1049,1110,1108,-1,1049,1108,1051,-1,1053,1051,1106,-1,1106,1051,1108,-1,1055,1053,1104,-1,1104,1053,1106,-1,1050,1052,1107,-1,1107,1052,1105,-1,1052,1054,1105,-1,1105,1054,1103,-1,1054,1056,1103,-1,1103,1056,1101,-1,1012,1132,1134,-1,1012,1134,1010,-1,1010,1134,1136,-1,1010,1136,1008,-1,1008,1136,1091,-1,1008,1091,1006,-1,1006,1091,1093,-1,1006,1093,1004,-1,1004,1093,1095,-1,1004,1095,1062,-1,1062,1095,1097,-1,1062,1097,1060,-1,1060,1097,1099,-1,1060,1099,1058,-1,1058,1099,1101,-1,1058,1101,1056,-1,1073,1145,1147,-1,1073,1147,1071,-1,1071,1147,1149,-1,1071,1149,1069,-1,1069,1149,1122,-1,1069,1122,1067,-1,1067,1122,1124,-1,1067,1124,1020,-1,1020,1124,1126,-1,1020,1126,1018,-1,1018,1126,1128,-1,1018,1128,1016,-1,1016,1128,1130,-1,1016,1130,1014,-1,1014,1130,1132,-1,1014,1132,1012,-1,1034,1080,1082,-1,1034,1082,1032,-1,1032,1082,1084,-1,1032,1084,1029,-1,1029,1084,1086,-1,1029,1086,1027,-1,1027,1086,1088,-1,1027,1088,1025,-1,1025,1088,1090,-1,1025,1090,1023,-1,1023,1090,1141,-1,1023,1141,1021,-1,1021,1141,1143,-1,1021,1143,1075,-1,1075,1143,1145,-1,1075,1145,1073,-1,1050,1107,1109,-1,1050,1109,1048,-1,1048,1109,1111,-1,1048,1111,1046,-1,1046,1111,1113,-1,1046,1113,1044,-1,1044,1113,1115,-1,1044,1115,1042,-1,1042,1115,1117,-1,1042,1117,1040,-1,1040,1117,1119,-1,1040,1119,1038,-1,1038,1119,1078,-1,1038,1078,1036,-1,1036,1078,1080,-1,1036,1080,1034,-1,1152,1153,1154,-1,1154,1153,1155,-1,1156,1157,1152,-1,1152,1157,1158,-1,1152,1158,1153,-1,1153,1158,1159,-1,1156,1160,1157,-1,1157,1160,1161,-1,1157,1161,1162,-1,1162,1161,1163,-1,1162,1163,1164,-1,1164,1165,1162,-1,1162,1165,1154,-1,1162,1154,1166,-1,1166,1154,1155,-1,1166,1155,1167,-1,1168,1169,1170,-1,1169,1171,1170,-1,1170,1171,1172,-1,1170,1172,1173,-1,1173,1172,1174,-1,1173,1174,1175,-1,1175,1176,1173,-1,1173,1176,1177,-1,1173,1177,1178,-1,1179,1180,1181,-1,1182,1178,1183,-1,1183,1178,1177,-1,1183,1177,1181,-1,1181,1177,1168,-1,1181,1168,1179,-1,1179,1168,1170,-1,1162,1166,1170,-1,1170,1166,1179,-1,1157,1162,1173,-1,1173,1162,1170,-1,1158,1157,1178,-1,1178,1157,1173,-1,1159,1158,1182,-1,1182,1158,1178,-1,1153,1159,1183,-1,1183,1159,1182,-1,1155,1153,1181,-1,1181,1153,1183,-1,1167,1155,1180,-1,1180,1155,1181,-1,1166,1167,1179,-1,1179,1167,1180,-1,1152,1154,1177,-1,1177,1154,1168,-1,1154,1165,1168,-1,1168,1165,1169,-1,1163,1172,1171,-1,1163,1171,1164,-1,1164,1171,1169,-1,1164,1169,1165,-1,1163,1161,1172,-1,1172,1161,1174,-1,1156,1176,1175,-1,1156,1175,1160,-1,1160,1175,1174,-1,1160,1174,1161,-1,1156,1152,1176,-1,1176,1152,1177,-1,1184,1185,1186,-1,1187,1188,1189,-1,1190,1191,1192,-1,1193,1194,1195,-1,1195,1194,1196,-1,1195,1196,1197,-1,1198,1199,1200,-1,1201,1202,1203,-1,1204,1205,1186,-1,1186,1205,1206,-1,1186,1206,1184,-1,1207,1208,1209,-1,1209,1208,1210,-1,1209,1210,1211,-1,1211,1210,1212,-1,1211,1212,1213,-1,1213,1212,1214,-1,1213,1214,1215,-1,1216,1217,1218,-1,1218,1217,1219,-1,1218,1219,1220,-1,1221,1185,1222,-1,1222,1185,1223,-1,1222,1223,1216,-1,1216,1223,1224,-1,1216,1224,1217,-1,1225,1226,1210,-1,1210,1226,1227,-1,1210,1227,1212,-1,1212,1227,1228,-1,1212,1228,1229,-1,1230,1231,1232,-1,1203,1202,1233,-1,1233,1202,1234,-1,1233,1234,1235,-1,1235,1234,1236,-1,1235,1236,1237,-1,1192,1191,1238,-1,1238,1191,1239,-1,1238,1239,1240,-1,1241,1242,1186,-1,1186,1242,1243,-1,1186,1243,1204,-1,1230,1232,1244,-1,1244,1232,1245,-1,1244,1245,1246,-1,1246,1245,1247,-1,1246,1247,1248,-1,1215,1249,1213,-1,1213,1249,1250,-1,1213,1250,1251,-1,1252,1186,1253,-1,1253,1186,1185,-1,1253,1185,1254,-1,1254,1185,1221,-1,1200,1199,1255,-1,1255,1199,1256,-1,1255,1256,1257,-1,1258,1259,1260,-1,1260,1259,1261,-1,1260,1261,1262,-1,1262,1261,1263,-1,1262,1263,1264,-1,1264,1263,1265,-1,1264,1265,1266,-1,1267,1268,1269,-1,1269,1268,1270,-1,1269,1270,1241,-1,1241,1270,1271,-1,1241,1271,1242,-1,1231,1230,1272,-1,1272,1230,1273,-1,1272,1273,1274,-1,1274,1273,1275,-1,1274,1275,1276,-1,1276,1275,1277,-1,1276,1277,1189,-1,1189,1277,1278,-1,1189,1278,1187,-1,1252,1279,1186,-1,1186,1279,1280,-1,1186,1280,1281,-1,1281,1280,1282,-1,1283,1284,1285,-1,1285,1284,1286,-1,1285,1286,1287,-1,1200,1288,1198,-1,1198,1288,1289,-1,1198,1289,1283,-1,1283,1289,1290,-1,1283,1290,1284,-1,1229,1291,1212,-1,1212,1291,1292,-1,1212,1292,1293,-1,1293,1292,1220,-1,1293,1220,1294,-1,1294,1220,1219,-1,1203,1295,1201,-1,1201,1295,1296,-1,1201,1296,1297,-1,1297,1296,1298,-1,1297,1298,1299,-1,1299,1298,1300,-1,1299,1300,1301,-1,1301,1300,1302,-1,1301,1302,1303,-1,1192,1304,1190,-1,1190,1304,1305,-1,1190,1305,1306,-1,1306,1305,1307,-1,1306,1307,1308,-1,1308,1307,1309,-1,1308,1309,1310,-1,1310,1309,1189,-1,1310,1189,1311,-1,1311,1189,1188,-1,1195,1312,1193,-1,1193,1312,1313,-1,1193,1313,1314,-1,1314,1313,1315,-1,1314,1315,1316,-1,1317,1318,1319,-1,1319,1318,1320,-1,1319,1320,1321,-1,1321,1320,1322,-1,1321,1322,1267,-1,1267,1322,1323,-1,1267,1323,1268,-1,1257,1256,1210,-1,1210,1256,1324,-1,1210,1324,1225,-1,1325,1326,1327,-1,1327,1326,1328,-1,1327,1328,1329,-1,1329,1328,1330,-1,1329,1330,1258,-1,1258,1330,1331,-1,1258,1331,1259,-1,1302,1332,1303,-1,1303,1332,1333,-1,1303,1333,1334,-1,1334,1333,1335,-1,1334,1335,1325,-1,1325,1335,1336,-1,1325,1336,1326,-1,1286,1337,1287,-1,1287,1337,1338,-1,1287,1338,1339,-1,1339,1338,1340,-1,1339,1340,1282,-1,1282,1340,1341,-1,1282,1341,1281,-1,1342,1343,1344,-1,1345,1346,1347,-1,1347,1346,1348,-1,1349,1350,1351,-1,1351,1350,1352,-1,1351,1352,1353,-1,1353,1352,1354,-1,1353,1354,1355,-1,1355,1354,1356,-1,1355,1356,1357,-1,1357,1356,1358,-1,1357,1358,1317,-1,1317,1358,1359,-1,1317,1359,1318,-1,1197,1360,1195,-1,1195,1360,1361,-1,1195,1361,1362,-1,1362,1361,1363,-1,1362,1363,1364,-1,1364,1363,1266,-1,1364,1266,1365,-1,1365,1266,1265,-1,1366,1367,1342,-1,1342,1367,1368,-1,1342,1368,1343,-1,1236,1369,1237,-1,1237,1369,1342,-1,1237,1342,1370,-1,1370,1342,1344,-1,1240,1239,1371,-1,1371,1239,1372,-1,1371,1372,1345,-1,1345,1372,1373,-1,1345,1373,1346,-1,1374,1375,1376,-1,1375,1377,1376,-1,1376,1377,1378,-1,1376,1378,1379,-1,1247,1380,1248,-1,1248,1380,1381,-1,1248,1381,1382,-1,1382,1381,1383,-1,1382,1383,1349,-1,1349,1383,1384,-1,1349,1384,1350,-1,1366,1342,1376,-1,1376,1342,1385,-1,1376,1385,1374,-1,1315,1386,1316,-1,1316,1386,1387,-1,1316,1387,1388,-1,1388,1387,1389,-1,1388,1389,1390,-1,1390,1389,1391,-1,1390,1391,1392,-1,1392,1391,1393,-1,1392,1393,1394,-1,1394,1393,1395,-1,1394,1395,1348,-1,1348,1395,1396,-1,1348,1396,1347,-1,1397,1398,1399,-1,1399,1398,1400,-1,1399,1400,1401,-1,1400,1402,1401,-1,1401,1402,1403,-1,1401,1403,1404,-1,1404,1403,1405,-1,1406,1407,1408,-1,1408,1407,1409,-1,1410,1411,1412,-1,1413,1414,1415,-1,1415,1414,1416,-1,1415,1416,1417,-1,1418,1419,1401,-1,1401,1419,1420,-1,1401,1420,1399,-1,1399,1420,1421,-1,1422,1423,1424,-1,1425,1426,1403,-1,1403,1426,1427,-1,1403,1427,1405,-1,1428,1429,1430,-1,1431,1432,1433,-1,1433,1432,1434,-1,1433,1434,1435,-1,1435,1434,1436,-1,1435,1436,1437,-1,1424,1423,1438,-1,1438,1423,1439,-1,1438,1439,1440,-1,1440,1439,1441,-1,1440,1441,1442,-1,1442,1441,1443,-1,1443,1441,1444,-1,1443,1444,1445,-1,1445,1444,1408,-1,1445,1408,1446,-1,1446,1408,1409,-1,1446,1409,1417,-1,1417,1409,1447,-1,1417,1447,1415,-1,1448,1449,1450,-1,1450,1449,1451,-1,1450,1451,1452,-1,1452,1451,1453,-1,1452,1453,1454,-1,1412,1411,1455,-1,1455,1411,1456,-1,1455,1456,1457,-1,1458,1459,1453,-1,1415,1460,1413,-1,1413,1460,1461,-1,1413,1461,1462,-1,1457,1456,1463,-1,1463,1456,1464,-1,1463,1464,1465,-1,1465,1464,1466,-1,1465,1466,1467,-1,1468,1469,1470,-1,1470,1469,1471,-1,1470,1471,1472,-1,1472,1471,1473,-1,1472,1473,1474,-1,1474,1473,1475,-1,1474,1475,1476,-1,1477,1478,1479,-1,1479,1478,1480,-1,1479,1480,1481,-1,1481,1480,1482,-1,1481,1482,1483,-1,1459,1484,1453,-1,1453,1484,1485,-1,1453,1485,1454,-1,1486,1487,1488,-1,1488,1487,1413,-1,1488,1413,1489,-1,1489,1413,1462,-1,1490,1491,1492,-1,1492,1491,1493,-1,1492,1493,1494,-1,1436,1495,1437,-1,1437,1495,1496,-1,1437,1496,1497,-1,1497,1496,1465,-1,1497,1465,1498,-1,1430,1429,1499,-1,1499,1429,1500,-1,1499,1500,1401,-1,1401,1500,1501,-1,1401,1501,1418,-1,1493,1502,1494,-1,1494,1502,1503,-1,1494,1503,1504,-1,1504,1503,1505,-1,1504,1505,1506,-1,1506,1505,1399,-1,1506,1399,1507,-1,1507,1399,1421,-1,1490,1508,1509,-1,1498,1465,1510,-1,1510,1465,1467,-1,1510,1467,1511,-1,1512,1513,1514,-1,1514,1513,1515,-1,1482,1516,1483,-1,1483,1516,1517,-1,1483,1517,1518,-1,1518,1517,1519,-1,1518,1519,1468,-1,1468,1519,1520,-1,1468,1520,1469,-1,1453,1521,1458,-1,1458,1521,1522,-1,1458,1522,1523,-1,1523,1522,1524,-1,1523,1524,1525,-1,1525,1524,1526,-1,1525,1526,1527,-1,1527,1526,1528,-1,1527,1528,1477,-1,1477,1528,1529,-1,1477,1529,1478,-1,1430,1530,1428,-1,1428,1530,1531,-1,1428,1531,1532,-1,1532,1531,1533,-1,1532,1533,1486,-1,1486,1533,1534,-1,1486,1534,1487,-1,1535,1536,1490,-1,1490,1536,1537,-1,1490,1537,1508,-1,1509,1538,1490,-1,1490,1538,1539,-1,1490,1539,1491,-1,1540,1541,1542,-1,1542,1541,1543,-1,1542,1543,1544,-1,1424,1545,1422,-1,1422,1545,1546,-1,1422,1546,1547,-1,1547,1546,1548,-1,1547,1548,1549,-1,1549,1548,1550,-1,1549,1550,1551,-1,1551,1550,1552,-1,1551,1552,1553,-1,1553,1552,1554,-1,1553,1554,1540,-1,1540,1554,1555,-1,1540,1555,1541,-1,1475,1556,1476,-1,1476,1556,1557,-1,1476,1557,1558,-1,1558,1557,1559,-1,1558,1559,1560,-1,1560,1559,1561,-1,1560,1561,1562,-1,1562,1561,1563,-1,1562,1563,1564,-1,1564,1563,1565,-1,1564,1565,1566,-1,1566,1565,1567,-1,1566,1567,1514,-1,1514,1567,1568,-1,1514,1568,1512,-1,1515,1569,1514,-1,1514,1569,1570,-1,1514,1570,1571,-1,1406,1408,1490,-1,1490,1408,1572,-1,1490,1572,1535,-1,1543,1573,1544,-1,1544,1573,1574,-1,1544,1574,1575,-1,1575,1574,1576,-1,1575,1576,1577,-1,1577,1576,1578,-1,1577,1578,1431,-1,1431,1578,1579,-1,1431,1579,1432,-1,1580,1581,1571,-1,1571,1581,1582,-1,1571,1582,1583,-1,1584,1585,1586,-1,1586,1585,1587,-1,1586,1587,1448,-1,1448,1587,1588,-1,1448,1588,1449,-1,1412,1589,1410,-1,1410,1589,1590,-1,1410,1590,1591,-1,1591,1590,1592,-1,1591,1592,1593,-1,1593,1592,1594,-1,1593,1594,1595,-1,1595,1594,1596,-1,1595,1596,1597,-1,1597,1596,1598,-1,1597,1598,1599,-1,1599,1598,1600,-1,1599,1600,1601,-1,1601,1600,1602,-1,1601,1602,1603,-1,1603,1602,1604,-1,1603,1604,1605,-1,1605,1604,1606,-1,1605,1606,1584,-1,1584,1606,1607,-1,1584,1607,1585,-1,1583,1608,1571,-1,1571,1608,1609,-1,1571,1609,1514,-1,1328,1516,1482,-1,1328,1482,1330,-1,1330,1482,1480,-1,1330,1480,1331,-1,1331,1480,1478,-1,1331,1478,1259,-1,1259,1478,1529,-1,1259,1529,1261,-1,1261,1529,1528,-1,1261,1528,1263,-1,1263,1528,1526,-1,1263,1526,1265,-1,1265,1526,1524,-1,1265,1524,1365,-1,1365,1524,1522,-1,1365,1522,1364,-1,1364,1522,1521,-1,1364,1521,1362,-1,1362,1521,1453,-1,1362,1453,1195,-1,1195,1453,1451,-1,1195,1451,1312,-1,1312,1451,1449,-1,1312,1449,1313,-1,1313,1449,1588,-1,1313,1588,1315,-1,1315,1588,1587,-1,1315,1587,1386,-1,1386,1587,1585,-1,1386,1585,1387,-1,1387,1585,1607,-1,1387,1607,1389,-1,1389,1607,1606,-1,1389,1606,1391,-1,1391,1606,1604,-1,1391,1604,1393,-1,1393,1604,1602,-1,1393,1602,1395,-1,1395,1602,1600,-1,1395,1600,1396,-1,1396,1600,1598,-1,1396,1598,1347,-1,1347,1598,1596,-1,1347,1596,1345,-1,1345,1596,1594,-1,1345,1594,1371,-1,1371,1594,1592,-1,1371,1592,1240,-1,1240,1592,1590,-1,1240,1590,1238,-1,1238,1590,1589,-1,1238,1589,1192,-1,1192,1589,1412,-1,1192,1412,1304,-1,1304,1412,1455,-1,1304,1455,1305,-1,1305,1455,1457,-1,1305,1457,1307,-1,1307,1457,1463,-1,1307,1463,1309,-1,1309,1463,1465,-1,1309,1465,1189,-1,1189,1465,1496,-1,1189,1496,1276,-1,1276,1496,1495,-1,1276,1495,1274,-1,1274,1495,1436,-1,1274,1436,1272,-1,1272,1436,1434,-1,1272,1434,1231,-1,1231,1434,1432,-1,1231,1432,1232,-1,1232,1432,1579,-1,1232,1579,1245,-1,1245,1579,1578,-1,1245,1578,1247,-1,1247,1578,1576,-1,1247,1576,1380,-1,1380,1576,1574,-1,1380,1574,1381,-1,1381,1574,1573,-1,1381,1573,1383,-1,1383,1573,1543,-1,1383,1543,1384,-1,1384,1543,1541,-1,1384,1541,1350,-1,1350,1541,1555,-1,1350,1555,1352,-1,1352,1555,1554,-1,1352,1554,1354,-1,1354,1554,1552,-1,1354,1552,1356,-1,1356,1552,1550,-1,1356,1550,1358,-1,1358,1550,1548,-1,1358,1548,1359,-1,1359,1548,1546,-1,1359,1546,1318,-1,1318,1546,1545,-1,1318,1545,1320,-1,1320,1545,1424,-1,1320,1424,1322,-1,1322,1424,1438,-1,1322,1438,1323,-1,1323,1438,1440,-1,1323,1440,1268,-1,1268,1440,1442,-1,1268,1442,1270,-1,1270,1442,1443,-1,1270,1443,1271,-1,1271,1443,1445,-1,1271,1445,1242,-1,1242,1445,1446,-1,1242,1446,1243,-1,1243,1446,1417,-1,1243,1417,1204,-1,1204,1417,1416,-1,1204,1416,1205,-1,1205,1416,1414,-1,1205,1414,1206,-1,1206,1414,1413,-1,1206,1413,1184,-1,1184,1413,1487,-1,1184,1487,1185,-1,1185,1487,1534,-1,1185,1534,1223,-1,1223,1534,1533,-1,1223,1533,1224,-1,1224,1533,1531,-1,1224,1531,1217,-1,1217,1531,1530,-1,1217,1530,1219,-1,1219,1530,1430,-1,1219,1430,1294,-1,1294,1430,1499,-1,1294,1499,1293,-1,1293,1499,1401,-1,1293,1401,1212,-1,1212,1401,1404,-1,1212,1404,1214,-1,1214,1404,1405,-1,1214,1405,1215,-1,1215,1405,1427,-1,1215,1427,1249,-1,1249,1427,1426,-1,1249,1426,1250,-1,1250,1426,1425,-1,1250,1425,1251,-1,1251,1425,1403,-1,1251,1403,1213,-1,1213,1403,1402,-1,1213,1402,1211,-1,1209,1211,1400,-1,1400,1211,1402,-1,1207,1209,1398,-1,1398,1209,1400,-1,1208,1207,1397,-1,1397,1207,1398,-1,1210,1208,1399,-1,1399,1208,1397,-1,1210,1399,1505,-1,1210,1505,1257,-1,1257,1505,1503,-1,1257,1503,1255,-1,1255,1503,1502,-1,1255,1502,1200,-1,1200,1502,1493,-1,1200,1493,1288,-1,1288,1493,1491,-1,1288,1491,1289,-1,1289,1491,1539,-1,1289,1539,1290,-1,1290,1539,1538,-1,1290,1538,1284,-1,1284,1538,1509,-1,1284,1509,1286,-1,1286,1509,1508,-1,1286,1508,1337,-1,1337,1508,1537,-1,1337,1537,1338,-1,1338,1537,1536,-1,1338,1536,1340,-1,1340,1536,1535,-1,1340,1535,1341,-1,1341,1535,1572,-1,1341,1572,1281,-1,1281,1572,1408,-1,1281,1408,1186,-1,1186,1408,1444,-1,1186,1444,1241,-1,1241,1444,1441,-1,1241,1441,1269,-1,1269,1441,1439,-1,1269,1439,1267,-1,1267,1439,1423,-1,1267,1423,1321,-1,1321,1423,1422,-1,1321,1422,1319,-1,1319,1422,1547,-1,1319,1547,1317,-1,1317,1547,1549,-1,1317,1549,1357,-1,1357,1549,1551,-1,1357,1551,1355,-1,1355,1551,1553,-1,1355,1553,1353,-1,1353,1553,1540,-1,1353,1540,1351,-1,1351,1540,1542,-1,1351,1542,1349,-1,1349,1542,1544,-1,1349,1544,1382,-1,1382,1544,1575,-1,1382,1575,1248,-1,1248,1575,1577,-1,1248,1577,1246,-1,1246,1577,1431,-1,1246,1431,1244,-1,1244,1431,1433,-1,1244,1433,1230,-1,1230,1433,1435,-1,1230,1435,1273,-1,1273,1435,1437,-1,1273,1437,1275,-1,1275,1437,1497,-1,1275,1497,1277,-1,1277,1497,1498,-1,1277,1498,1278,-1,1278,1498,1510,-1,1278,1510,1187,-1,1187,1510,1511,-1,1187,1511,1188,-1,1188,1511,1467,-1,1188,1467,1311,-1,1311,1467,1466,-1,1311,1466,1310,-1,1310,1466,1464,-1,1310,1464,1308,-1,1308,1464,1456,-1,1308,1456,1306,-1,1306,1456,1411,-1,1306,1411,1190,-1,1190,1411,1410,-1,1190,1410,1191,-1,1191,1410,1591,-1,1191,1591,1239,-1,1239,1591,1593,-1,1239,1593,1372,-1,1372,1593,1595,-1,1372,1595,1373,-1,1373,1595,1597,-1,1373,1597,1346,-1,1346,1597,1599,-1,1346,1599,1348,-1,1348,1599,1601,-1,1348,1601,1394,-1,1394,1601,1603,-1,1394,1603,1392,-1,1392,1603,1605,-1,1392,1605,1390,-1,1390,1605,1584,-1,1390,1584,1388,-1,1388,1584,1586,-1,1388,1586,1316,-1,1316,1586,1448,-1,1316,1448,1314,-1,1314,1448,1450,-1,1314,1450,1193,-1,1193,1450,1452,-1,1193,1452,1194,-1,1194,1452,1454,-1,1194,1454,1196,-1,1196,1454,1485,-1,1196,1485,1197,-1,1360,1197,1484,-1,1484,1197,1485,-1,1360,1484,1459,-1,1360,1459,1361,-1,1361,1459,1458,-1,1361,1458,1363,-1,1363,1458,1523,-1,1363,1523,1266,-1,1266,1523,1525,-1,1266,1525,1264,-1,1264,1525,1527,-1,1264,1527,1262,-1,1262,1527,1477,-1,1262,1477,1260,-1,1260,1477,1479,-1,1260,1479,1258,-1,1258,1479,1481,-1,1258,1481,1329,-1,1329,1481,1483,-1,1329,1483,1327,-1,1327,1483,1518,-1,1327,1518,1325,-1,1325,1518,1468,-1,1325,1468,1334,-1,1334,1468,1470,-1,1334,1470,1303,-1,1303,1470,1472,-1,1303,1472,1301,-1,1301,1472,1474,-1,1301,1474,1299,-1,1299,1474,1476,-1,1299,1476,1297,-1,1297,1476,1558,-1,1297,1558,1201,-1,1201,1558,1560,-1,1201,1560,1202,-1,1202,1560,1562,-1,1202,1562,1234,-1,1236,1234,1564,-1,1564,1234,1562,-1,1236,1564,1566,-1,1236,1566,1369,-1,1369,1566,1514,-1,1369,1514,1342,-1,1342,1514,1609,-1,1342,1609,1385,-1,1385,1609,1608,-1,1385,1608,1374,-1,1374,1608,1583,-1,1374,1583,1375,-1,1375,1583,1582,-1,1375,1582,1377,-1,1377,1582,1581,-1,1377,1581,1378,-1,1378,1581,1580,-1,1378,1580,1379,-1,1379,1580,1571,-1,1379,1571,1376,-1,1376,1571,1570,-1,1376,1570,1366,-1,1366,1570,1569,-1,1366,1569,1367,-1,1367,1569,1515,-1,1367,1515,1368,-1,1368,1515,1513,-1,1368,1513,1343,-1,1343,1513,1512,-1,1343,1512,1344,-1,1344,1512,1568,-1,1344,1568,1370,-1,1370,1568,1567,-1,1370,1567,1237,-1,1237,1567,1565,-1,1237,1565,1235,-1,1233,1235,1563,-1,1563,1235,1565,-1,1233,1563,1561,-1,1233,1561,1203,-1,1203,1561,1559,-1,1203,1559,1295,-1,1295,1559,1557,-1,1295,1557,1296,-1,1296,1557,1556,-1,1296,1556,1298,-1,1298,1556,1475,-1,1298,1475,1300,-1,1300,1475,1473,-1,1300,1473,1302,-1,1302,1473,1471,-1,1302,1471,1332,-1,1332,1471,1469,-1,1332,1469,1333,-1,1333,1469,1520,-1,1333,1520,1335,-1,1335,1520,1519,-1,1335,1519,1336,-1,1336,1519,1517,-1,1336,1517,1326,-1,1326,1517,1516,-1,1326,1516,1328,-1,1283,1490,1492,-1,1283,1492,1198,-1,1198,1492,1494,-1,1198,1494,1199,-1,1199,1494,1504,-1,1199,1504,1256,-1,1256,1504,1506,-1,1256,1506,1324,-1,1324,1506,1507,-1,1324,1507,1225,-1,1225,1507,1421,-1,1225,1421,1226,-1,1226,1421,1420,-1,1226,1420,1227,-1,1227,1420,1419,-1,1227,1419,1228,-1,1228,1419,1418,-1,1228,1418,1229,-1,1229,1418,1501,-1,1229,1501,1291,-1,1291,1501,1500,-1,1291,1500,1292,-1,1292,1500,1429,-1,1292,1429,1220,-1,1220,1429,1428,-1,1220,1428,1218,-1,1218,1428,1532,-1,1218,1532,1216,-1,1216,1532,1486,-1,1216,1486,1222,-1,1222,1486,1488,-1,1222,1488,1221,-1,1221,1488,1489,-1,1221,1489,1254,-1,1254,1489,1462,-1,1254,1462,1253,-1,1253,1462,1461,-1,1253,1461,1252,-1,1252,1461,1460,-1,1252,1460,1279,-1,1279,1460,1415,-1,1279,1415,1280,-1,1280,1415,1447,-1,1280,1447,1282,-1,1282,1447,1409,-1,1282,1409,1339,-1,1339,1409,1407,-1,1339,1407,1287,-1,1287,1407,1406,-1,1287,1406,1285,-1,1285,1406,1490,-1,1285,1490,1283,-1,
        ]
    }
}