#VRML V2.0 utf8
# 3D model generated by easyeda2kicad.py (https://github.com/uPesy/easyeda2kicad.py)

Shape{
    appearance Appearance {
        material  Material 	{
            diffuseColor 0.6666666666666666 0.6980392156862745 0.7686274509803922
            specularColor 0.3333333333333333 0.34901960784313724 0.3843137254901961
            ambientIntensity 0.2
            transparency 0
            shininess 0.5
        }
    }
    geometry IndexedFaceSet {
        ccw TRUE
        solid FALSE
        coord DEF co Coordinate {
            point [
                -0.3917 -0.3445 -1.1811, -1.061 -0.3445 -1.1811, -0.3917 -0.2657 -1.1811, -1.061 -0.2657 -1.1811, -1.1791 -0.3445 -1.063, -1.1791 -0.2657 -1.063, -1.1762 -0.2657 -1.0893, -1.1762 -0.3445 -1.0893, -1.1674 -0.2657 -1.1142, -1.1674 -0.3445 -1.1142, -1.1534 -0.2657 -1.1366, -1.1534 -0.3445 -1.1366, -1.1347 -0.2657 -1.1553, -1.1347 -0.3445 -1.1553, -1.1123 -0.2657 -1.1694, -1.1123 -0.3445 -1.1694, -1.0873 -0.2657 -1.1781, -1.0873 -0.3445 -1.1781, 0.3957 -0.2657 -1.1811, 1.065 -0.2657 -1.1811, 0.3957 -0.3445 -1.1811, 1.065 -0.3445 -1.1811, 1.0912 -0.2657 -1.1781, 1.0912 -0.3445 -1.1781, 1.1162 -0.2657 -1.1694, 1.1162 -0.3445 -1.1694, 1.1386 -0.2657 -1.1553, 1.1386 -0.3445 -1.1553, 1.1573 -0.2657 -1.1366, 1.1573 -0.3445 -1.1366, 1.1714 -0.2657 -1.1142, 1.1714 -0.3445 -1.1142, 1.1801 -0.2657 -1.0893, 1.1801 -0.3445 -1.0893, 1.1831 -0.2657 -1.063, 1.1831 -0.3445 -1.063, 1.1831 -0.2657 1.063, 1.1831 -0.3445 1.063, 1.1831 -0.2657 0.0, 1.1801 -0.2657 1.0893, 1.1801 -0.3445 1.0893, 1.1714 -0.2657 1.1142, 1.1714 -0.3445 1.1142, 1.1573 -0.2657 1.1366, 1.1573 -0.3445 1.1366, 1.1386 -0.2657 1.1553, 1.1386 -0.3445 1.1553, 1.1162 -0.2657 1.1694, 1.1162 -0.3445 1.1694, 1.0912 -0.2657 1.1781, 1.0912 -0.3445 1.1781, 1.065 -0.2657 1.1811, 1.065 -0.3445 1.1811, -1.061 -0.2657 1.1811, -1.061 -0.3445 1.1811, 0.002 -0.2657 1.1811, -1.0873 -0.2657 1.1781, -1.0873 -0.3445 1.1781, -1.1123 -0.2657 1.1694, -1.1123 -0.3445 1.1694, -1.1347 -0.2657 1.1553, -1.1347 -0.3445 1.1553, -1.1534 -0.2657 1.1366, -1.1534 -0.3445 1.1366, -1.1674 -0.2657 1.1142, -1.1674 -0.3445 1.1142, -1.1762 -0.2657 1.0893, -1.1762 -0.3445 1.0893, -1.1791 -0.2657 1.063, -1.1791 -0.3445 1.063, -1.1791 -0.2657 0.0, -0.1117 -0.3445 -0.6995, 0.002 -0.3445 -0.7087, 0.1156 -0.3445 -0.6995, -0.3768 -0.3445 0.599, -0.2758 -0.3445 0.652, -0.0177 -0.3445 -1.7323, 0.0217 -0.3445 -1.7323, 0.1398 -0.3445 -1.6142, 0.6827 -0.3445 -0.1972, -0.468 -0.3445 0.5304, 0.1716 -0.3445 0.6881, 0.2797 -0.3445 0.652, 0.2264 -0.3445 -0.6722, -0.3917 -0.3445 -1.3386, 0.3313 -0.3445 -0.6275, 0.6422 -0.3445 -0.3038, 0.5852 -0.3445 -0.4026, -0.1358 -0.3445 -1.3386, 0.5131 -0.3445 -0.4909, 0.4277 -0.3445 -0.5665, -0.0483 -0.3445 -1.7283, -0.1358 -0.3445 -1.6142, 0.1398 -0.3445 -1.3386, 0.3957 -0.3445 -1.3386, -0.6924 -0.3445 0.1418, -0.6606 -0.3445 0.2513, 0.6646 -0.3445 0.2513, 0.6963 -0.3445 0.1418, 0.7101 -0.3445 0.0285, 0.7055 -0.3445 -0.0854, -0.1318 -0.3445 -1.6447, -0.12 -0.3445 -1.6732, -0.1012 -0.3445 -1.6977, 0.0807 -0.3445 -1.7165, 0.1052 -0.3445 -1.6977, 0.1239 -0.3445 -1.6732, -0.5091 -0.3445 -0.4909, -0.5812 -0.3445 -0.4026, -0.6383 -0.3445 -0.3038, -0.6787 -0.3445 -0.1972, -0.7015 -0.3445 -0.0854, -0.7061 -0.3445 0.0285, -0.1676 -0.3445 0.6881, -0.0551 -0.3445 0.7064, 0.059 -0.3445 0.7064, -0.0768 -0.3445 -1.7165, 0.0522 -0.3445 -1.7283, 0.1357 -0.3445 -1.6447, -0.2224 -0.3445 -0.6722, -0.3274 -0.3445 -0.6275, -0.4238 -0.3445 -0.5665, -0.547 -0.3445 0.4482, -0.6118 -0.3445 0.3543, 0.5509 -0.3445 0.4482, 0.6157 -0.3445 0.3543, 0.3807 -0.3445 0.599, 0.4719 -0.3445 0.5304, 0.0217 -0.2657 -1.7323, 0.002 -0.2657 -1.7323, 0.002 -0.2657 -0.7087, -0.0177 -0.2657 -1.7323, -0.1358 -0.2657 -1.3386, -0.1358 -0.2657 -1.6142, -0.0483 -0.2657 -1.7283, -0.0768 -0.2657 -1.7165, -0.7618 -0.2657 -1.0251, -0.7254 -0.2657 -1.0032, -0.6945 -0.2657 -0.9739, -0.6706 -0.2657 -0.9387, -0.1012 -0.2657 -1.6977, -0.12 -0.2657 -1.6732, -0.1318 -0.2657 -1.6447, -0.8445 -0.2657 -1.0433, -0.8022 -0.2657 -1.0387, -0.9073 -0.2657 -0.6599, -0.946 -0.2657 -0.6778, -0.9799 -0.2657 -0.7035, -1.0074 -0.2657 -0.736, -1.0274 -0.2657 -0.7736, -1.0387 -0.2657 -0.8146, -1.0411 -0.2657 -0.8571, -0.9636 -0.2657 -1.0032, -0.9271 -0.2657 -1.0251, -0.8868 -0.2657 -1.0387, -0.6548 -0.2657 -0.8991, -0.3917 -0.2657 -1.3386, -1.0342 -0.2657 -0.8991, -1.0184 -0.2657 -0.9387, -0.9945 -0.2657 -0.9739, -0.6479 -0.2657 -0.8571, -0.6502 -0.2657 -0.8146, -0.1117 -0.2657 -0.6995, -0.705 -0.2657 -0.0, -0.8232 -0.2657 -0.6508, -0.8658 -0.2657 -0.6508, -0.7015 -0.2657 -0.0854, -0.6787 -0.2657 -0.1972, -0.7816 -0.2657 -0.6599, -0.6383 -0.2657 -0.3038, -0.743 -0.2657 -0.6778, -0.5812 -0.2657 -0.4026, -0.7091 -0.2657 -0.7035, -0.5091 -0.2657 -0.4909, -0.6816 -0.2657 -0.736, -0.4238 -0.2657 -0.5665, -0.6616 -0.2657 -0.7736, -0.3274 -0.2657 -0.6275, -0.2224 -0.2657 -0.6722, -0.9799 -0.2657 0.9894, -0.8445 -0.2657 0.6496, -0.8022 -0.2657 0.6542, -0.6924 -0.2657 0.1418, -1.0411 -0.2657 0.8358, -1.0342 -0.2657 0.7938, -1.0184 -0.2657 0.7543, -0.9945 -0.2657 0.719, -0.9636 -0.2657 0.6897, -1.0074 -0.2657 0.9569, -1.0274 -0.2657 0.9193, -1.0387 -0.2657 0.8783, -0.7061 -0.2657 0.0285, -0.8868 -0.2657 0.6542, -0.9271 -0.2657 0.6678, -0.743 -0.2657 1.0151, -0.7816 -0.2657 1.033, -0.8232 -0.2657 1.0422, -0.8658 -0.2657 1.0422, -0.6479 -0.2657 0.8358, -0.6502 -0.2657 0.8783, -0.6616 -0.2657 0.9193, -0.9073 -0.2657 1.033, -0.946 -0.2657 1.0151, -0.6548 -0.2657 0.7938, -0.2758 -0.2657 0.652, -0.6706 -0.2657 0.7543, -0.3768 -0.2657 0.599, -0.6945 -0.2657 0.719, -0.468 -0.2657 0.5304, -0.7254 -0.2657 0.6897, -0.547 -0.2657 0.4482, -0.7618 -0.2657 0.6678, -0.6118 -0.2657 0.3543, -0.6606 -0.2657 0.2513, 0.002 -0.2657 0.7064, -0.0551 -0.2657 0.7064, -0.1676 -0.2657 0.6881, -0.6816 -0.2657 0.9569, -0.7091 -0.2657 0.9894, 0.9499 -0.2657 1.0151, 0.9113 -0.2657 1.033, 0.6855 -0.2657 0.9569, 0.7131 -0.2657 0.9894, 0.7469 -0.2657 1.0151, 0.8484 -0.2657 0.6496, 0.8907 -0.2657 0.6542, 0.9311 -0.2657 0.6678, 0.9676 -0.2657 0.6897, 0.9985 -0.2657 0.719, 0.9838 -0.2657 0.9894, 0.6519 -0.2657 0.8358, 0.6587 -0.2657 0.7938, 0.1716 -0.2657 0.6881, 1.0223 -0.2657 0.7543, 1.0381 -0.2657 0.7938, 1.045 -0.2657 0.8358, 1.0427 -0.2657 0.8783, 1.0313 -0.2657 0.9193, 1.0114 -0.2657 0.9569, 0.8697 -0.2657 1.0422, 0.8271 -0.2657 1.0422, 0.7856 -0.2657 1.033, 0.6656 -0.2657 0.9193, 0.6542 -0.2657 0.8783, 0.059 -0.2657 0.7064, 0.8061 -0.2657 0.6542, 0.6646 -0.2657 0.2513, 0.7658 -0.2657 0.6678, 0.6157 -0.2657 0.3543, 0.7293 -0.2657 0.6897, 0.5509 -0.2657 0.4482, 0.6984 -0.2657 0.719, 0.4719 -0.2657 0.5304, 0.6745 -0.2657 0.7543, 0.3807 -0.2657 0.599, 0.2797 -0.2657 0.652, 0.7089 -0.2657 0.0, 0.7101 -0.2657 0.0285, 0.6963 -0.2657 0.1418, 0.6542 -0.2657 -0.8146, 0.6519 -0.2657 -0.8571, 0.7055 -0.2657 -0.0854, 0.8271 -0.2657 -0.6508, 0.9838 -0.2657 -0.7035, 0.9499 -0.2657 -0.6778, 0.3957 -0.2657 -1.3386, 0.1398 -0.2657 -1.3386, 1.0223 -0.2657 -0.9387, 1.0381 -0.2657 -0.8991, 1.0114 -0.2657 -0.736, 0.6745 -0.2657 -0.9387, 0.6984 -0.2657 -0.9739, 0.7293 -0.2657 -1.0032, 1.045 -0.2657 -0.8571, 1.0427 -0.2657 -0.8146, 1.0313 -0.2657 -0.7736, 0.1052 -0.2657 -1.6977, 0.0807 -0.2657 -1.7165, 0.1239 -0.2657 -1.6732, 0.1357 -0.2657 -1.6447, 0.1398 -0.2657 -1.6142, 0.0522 -0.2657 -1.7283, 0.6587 -0.2657 -0.8991, 0.9985 -0.2657 -0.9739, 0.9676 -0.2657 -1.0032, 0.9311 -0.2657 -1.0251, 0.8907 -0.2657 -1.0387, 0.7658 -0.2657 -1.0251, 0.8061 -0.2657 -1.0387, 0.8484 -0.2657 -1.0433, 0.9113 -0.2657 -0.6599, 0.8697 -0.2657 -0.6508, 0.8484 -0.2657 -0.6496, 0.1156 -0.2657 -0.6995, 0.2264 -0.2657 -0.6722, 0.6656 -0.2657 -0.7736, 0.3313 -0.2657 -0.6275, 0.6855 -0.2657 -0.736, 0.4277 -0.2657 -0.5665, 0.7131 -0.2657 -0.7035, 0.5131 -0.2657 -0.4909, 0.7469 -0.2657 -0.6778, 0.5852 -0.2657 -0.4026, 0.7856 -0.2657 -0.6599, 0.6422 -0.2657 -0.3038, 0.6827 -0.2657 -0.1972, 0.6827 -0.2657 -0.1972
            ]
        }
        coordIndex [
            0,1,2,-1,2,1,3,-1,4,5,6,-1,4,6,7,-1,7,6,8,-1,7,8,9,-1,9,8,10,-1,9,10,11,-1,11,10,12,-1,11,12,13,-1,13,12,14,-1,13,14,15,-1,15,14,16,-1,15,16,17,-1,17,16,3,-1,17,3,1,-1,18,19,20,-1,20,19,21,-1,21,19,22,-1,21,22,23,-1,23,22,24,-1,23,24,25,-1,25,24,26,-1,25,26,27,-1,27,26,28,-1,27,28,29,-1,29,28,30,-1,29,30,31,-1,31,30,32,-1,31,32,33,-1,33,32,34,-1,33,34,35,-1,36,37,38,-1,38,37,35,-1,38,35,34,-1,37,36,39,-1,37,39,40,-1,40,39,41,-1,40,41,42,-1,42,41,43,-1,42,43,44,-1,44,43,45,-1,44,45,46,-1,46,45,47,-1,46,47,48,-1,48,47,49,-1,48,49,50,-1,50,49,51,-1,50,51,52,-1,53,54,55,-1,55,54,52,-1,55,52,51,-1,54,53,56,-1,54,56,57,-1,57,56,58,-1,57,58,59,-1,59,58,60,-1,59,60,61,-1,61,60,62,-1,61,62,63,-1,63,62,64,-1,63,64,65,-1,65,64,66,-1,65,66,67,-1,67,66,68,-1,67,68,69,-1,5,4,70,-1,70,4,69,-1,70,69,68,-1,71,0,72,-1,72,0,73,-1,74,75,54,-1,76,77,78,-1,20,21,79,-1,79,21,23,-1,74,54,80,-1,81,82,52,-1,73,0,83,-1,83,0,84,-1,83,84,85,-1,79,86,20,-1,20,86,87,-1,20,87,88,-1,88,87,89,-1,88,89,84,-1,84,89,90,-1,84,90,85,-1,91,76,92,-1,92,76,78,-1,92,78,88,-1,88,78,93,-1,88,93,20,-1,20,93,94,-1,23,25,79,-1,79,25,27,-1,79,27,29,-1,95,96,69,-1,97,98,37,-1,37,98,99,-1,37,99,35,-1,35,99,100,-1,35,100,79,-1,101,102,103,-1,104,105,106,-1,29,31,79,-1,79,31,33,-1,79,33,35,-1,7,107,4,-1,4,107,108,-1,4,108,109,-1,109,110,4,-1,4,110,111,-1,4,111,69,-1,69,111,112,-1,69,112,95,-1,75,113,54,-1,54,113,114,-1,54,114,52,-1,52,114,115,-1,52,115,81,-1,101,103,92,-1,92,103,116,-1,92,116,91,-1,77,117,78,-1,78,117,104,-1,78,104,118,-1,118,104,106,-1,7,9,107,-1,107,9,11,-1,107,11,13,-1,71,119,0,-1,0,119,120,-1,0,120,1,-1,1,120,121,-1,1,121,17,-1,17,121,107,-1,17,107,15,-1,15,107,13,-1,59,61,122,-1,122,61,63,-1,122,63,65,-1,80,54,122,-1,122,54,57,-1,122,57,59,-1,96,123,69,-1,69,123,122,-1,69,122,67,-1,67,122,65,-1,40,124,37,-1,37,124,125,-1,37,125,97,-1,40,42,124,-1,124,42,44,-1,124,44,46,-1,82,126,52,-1,52,126,127,-1,52,127,50,-1,50,127,124,-1,50,124,48,-1,48,124,46,-1,128,129,130,-1,130,129,131,-1,130,131,132,-1,132,131,133,-1,133,131,134,-1,133,134,135,-1,136,137,2,-1,2,137,138,-1,2,138,139,-1,140,141,135,-1,135,141,142,-1,135,142,133,-1,3,143,2,-1,2,143,144,-1,2,144,136,-1,145,146,70,-1,70,146,147,-1,70,147,148,-1,148,149,70,-1,70,149,150,-1,70,150,5,-1,5,150,151,-1,152,153,3,-1,3,153,154,-1,3,154,143,-1,139,155,2,-1,2,155,130,-1,2,130,156,-1,156,130,132,-1,151,157,5,-1,5,157,158,-1,5,158,6,-1,6,158,159,-1,6,159,8,-1,8,159,10,-1,3,16,152,-1,152,16,14,-1,152,14,159,-1,159,14,12,-1,159,12,10,-1,155,160,130,-1,130,160,161,-1,130,161,162,-1,163,164,70,-1,70,164,165,-1,70,165,145,-1,163,166,164,-1,164,166,167,-1,164,167,168,-1,168,167,169,-1,168,169,170,-1,170,169,171,-1,170,171,172,-1,172,171,173,-1,172,173,174,-1,174,173,175,-1,174,175,176,-1,176,175,177,-1,176,177,161,-1,161,177,178,-1,161,178,162,-1,62,60,179,-1,180,181,182,-1,68,183,70,-1,70,183,184,-1,184,185,70,-1,70,185,186,-1,70,186,187,-1,188,189,68,-1,68,189,190,-1,68,190,183,-1,182,191,180,-1,180,191,163,-1,180,163,192,-1,192,163,70,-1,192,70,193,-1,193,70,187,-1,194,195,55,-1,55,195,196,-1,55,196,53,-1,53,196,197,-1,62,179,64,-1,198,199,55,-1,55,199,200,-1,197,201,53,-1,53,201,202,-1,53,202,56,-1,56,202,179,-1,56,179,58,-1,58,179,60,-1,203,204,205,-1,205,204,206,-1,205,206,207,-1,207,206,208,-1,207,208,209,-1,209,208,210,-1,209,210,211,-1,211,210,212,-1,211,212,181,-1,181,212,213,-1,181,213,182,-1,55,214,198,-1,198,214,215,-1,198,215,203,-1,203,215,216,-1,203,216,204,-1,200,217,55,-1,55,217,218,-1,55,218,194,-1,188,68,179,-1,179,68,66,-1,179,66,64,-1,219,220,51,-1,221,55,222,-1,222,55,223,-1,224,225,38,-1,225,226,38,-1,38,226,227,-1,38,227,228,-1,47,45,229,-1,229,45,43,-1,230,231,232,-1,228,233,38,-1,38,233,234,-1,38,234,36,-1,36,234,235,-1,36,235,236,-1,236,237,36,-1,36,237,238,-1,36,238,39,-1,39,238,229,-1,39,229,41,-1,41,229,43,-1,219,51,229,-1,229,51,49,-1,229,49,47,-1,220,239,51,-1,51,239,240,-1,51,240,55,-1,55,240,241,-1,55,241,223,-1,221,242,55,-1,55,242,243,-1,55,243,214,-1,214,243,230,-1,214,230,244,-1,244,230,232,-1,245,246,247,-1,247,246,248,-1,247,248,249,-1,249,248,250,-1,249,250,251,-1,251,250,252,-1,251,252,253,-1,253,252,254,-1,253,254,231,-1,231,254,255,-1,231,255,232,-1,38,256,224,-1,224,256,257,-1,224,257,245,-1,245,257,258,-1,245,258,246,-1,259,260,130,-1,261,256,262,-1,263,264,38,-1,18,265,130,-1,130,265,266,-1,130,266,128,-1,267,268,34,-1,263,38,269,-1,270,271,18,-1,18,271,272,-1,268,273,34,-1,34,273,274,-1,34,274,38,-1,38,274,275,-1,38,275,269,-1,276,277,278,-1,278,277,279,-1,266,280,128,-1,128,280,279,-1,128,279,281,-1,281,279,277,-1,130,260,18,-1,18,260,282,-1,18,282,270,-1,283,30,28,-1,28,26,283,-1,283,26,24,-1,283,24,284,-1,284,24,22,-1,284,22,285,-1,285,22,19,-1,285,19,286,-1,267,34,283,-1,283,34,32,-1,283,32,30,-1,272,287,18,-1,18,287,288,-1,18,288,19,-1,19,288,289,-1,19,289,286,-1,264,290,38,-1,38,290,291,-1,38,291,256,-1,256,291,292,-1,256,292,262,-1,130,293,259,-1,259,293,294,-1,259,294,295,-1,295,294,296,-1,295,296,297,-1,297,296,298,-1,297,298,299,-1,299,298,300,-1,299,300,301,-1,301,300,302,-1,301,302,303,-1,303,302,304,-1,303,304,262,-1,262,304,305,-1,262,305,261,-1,111,163,112,-1,112,163,191,-1,112,191,95,-1,95,191,182,-1,95,182,96,-1,96,182,213,-1,96,213,123,-1,123,213,212,-1,123,212,122,-1,122,212,210,-1,122,210,80,-1,80,210,208,-1,80,208,74,-1,74,208,206,-1,74,206,75,-1,75,206,204,-1,75,204,113,-1,113,204,216,-1,113,216,114,-1,114,216,215,-1,114,215,115,-1,215,214,115,-1,115,214,244,-1,115,244,81,-1,81,244,232,-1,81,232,82,-1,82,232,255,-1,82,255,126,-1,126,255,254,-1,126,254,127,-1,127,254,252,-1,127,252,124,-1,124,252,250,-1,124,250,125,-1,125,250,248,-1,125,248,97,-1,97,248,246,-1,97,246,98,-1,98,246,258,-1,98,258,99,-1,258,257,99,-1,99,257,256,-1,99,256,100,-1,100,256,261,-1,100,261,79,-1,79,261,305,-1,79,305,86,-1,86,305,304,-1,86,304,87,-1,87,304,302,-1,87,302,89,-1,89,302,300,-1,89,300,90,-1,90,300,298,-1,90,298,85,-1,85,298,296,-1,85,296,83,-1,83,296,294,-1,83,294,73,-1,73,294,293,-1,73,293,72,-1,72,293,130,-1,72,130,71,-1,71,130,162,-1,71,162,119,-1,119,162,178,-1,119,178,120,-1,120,178,177,-1,120,177,121,-1,121,177,175,-1,121,175,107,-1,107,175,173,-1,107,173,108,-1,108,173,171,-1,108,171,109,-1,109,171,169,-1,109,169,110,-1,110,169,167,-1,110,167,111,-1,111,167,166,-1,111,166,163,-1,
        ]
    }
}
Shape{
    appearance Appearance {
        material  Material 	{
            diffuseColor 0.2235294117647059 0.2235294117647059 0.2235294117647059
            specularColor 0.11372549019607843 0.11372549019607843 0.11372549019607843
            ambientIntensity 0.2
            transparency 0
            shininess 0.5
        }
    }
    geometry IndexedFaceSet {
        ccw TRUE
        solid FALSE
        coord DEF co Coordinate {
            point [
                -0.8445 -0.128 0.7874, -0.8572 -0.128 0.7888, -0.8445 -0.128 0.8465, -0.8318 -0.128 0.7888, -0.7995 -0.128 0.8082, -0.8087 -0.128 0.7994, -0.8197 -0.128 0.7929, -0.7855 -0.128 0.8433, -0.7876 -0.128 0.8307, -0.7923 -0.128 0.8188, -0.7956 -0.128 0.8796, -0.7896 -0.128 0.8683, -0.7862 -0.128 0.856, -0.8256 -0.128 0.9024, -0.814 -0.128 0.8971, -0.8039 -0.128 0.8893, -0.8633 -0.128 0.9024, -0.8509 -0.128 0.9052, -0.8381 -0.128 0.9052, -0.8934 -0.128 0.8796, -0.8851 -0.128 0.8893, -0.8749 -0.128 0.8971, -0.9035 -0.128 0.8433, -0.9028 -0.128 0.856, -0.8993 -0.128 0.8683, -0.8895 -0.128 0.8082, -0.8967 -0.128 0.8188, -0.9014 -0.128 0.8307, -0.8693 -0.128 0.7929, -0.8802 -0.128 0.7994, -0.8638 -0.1314 0.7588, -0.8822 -0.1314 0.765, -0.8988 -0.1314 0.775, -0.9129 -0.1314 0.7884, -0.9238 -0.1314 0.8044, -0.9309 -0.1314 0.8225, -0.9341 -0.1314 0.8416, -0.933 -0.1314 0.861, -0.9278 -0.1314 0.8797, -0.9187 -0.1314 0.8968, -0.9062 -0.1314 0.9116, -0.8907 -0.1314 0.9233, -0.8731 -0.1314 0.9315, -0.8542 -0.1314 0.9356, -0.8348 -0.1314 0.9356, -0.8158 -0.1314 0.9315, -0.7982 -0.1314 0.9233, -0.7828 -0.1314 0.9116, -0.7702 -0.1314 0.8968, -0.7611 -0.1314 0.8797, -0.756 -0.1314 0.861, -0.7549 -0.1314 0.8416, -0.758 -0.1314 0.8225, -0.7652 -0.1314 0.8044, -0.7761 -0.1314 0.7884, -0.7902 -0.1314 0.775, -0.8068 -0.1314 0.765, -0.8252 -0.1314 0.7588, -0.8445 -0.1314 0.7567, -0.87 -0.1416 0.7304, -0.8944 -0.1416 0.7386, -0.9164 -0.1416 0.7518, -0.9351 -0.1416 0.7695, -0.9495 -0.1416 0.7908, -0.959 -0.1416 0.8147, -0.9632 -0.1416 0.84, -0.9618 -0.1416 0.8657, -0.9549 -0.1416 0.8904, -0.9429 -0.1416 0.9131, -0.9262 -0.1416 0.9327, -0.9058 -0.1416 0.9483, -0.8824 -0.1416 0.9591, -0.8573 -0.1416 0.9646, -0.8316 -0.1416 0.9646, -0.8065 -0.1416 0.9591, -0.7832 -0.1416 0.9483, -0.7628 -0.1416 0.9327, -0.7461 -0.1416 0.9131, -0.7341 -0.1416 0.8904, -0.7272 -0.1416 0.8657, -0.7258 -0.1416 0.84, -0.73 -0.1416 0.8147, -0.7395 -0.1416 0.7908, -0.7539 -0.1416 0.7695, -0.7726 -0.1416 0.7518, -0.7946 -0.1416 0.7386, -0.8189 -0.1416 0.7304, -0.8445 -0.1416 0.7276, -0.8757 -0.158 0.7049, -0.9054 -0.158 0.7149, -0.9322 -0.158 0.731, -0.955 -0.158 0.7526, -0.9726 -0.158 0.7786, -0.9842 -0.158 0.8077, -0.9892 -0.158 0.8386, -0.9875 -0.158 0.8699, -0.9792 -0.158 0.9001, -0.9645 -0.158 0.9278, -0.9442 -0.158 0.9517, -0.9192 -0.158 0.9707, -0.8908 -0.158 0.9838, -0.8602 -0.158 0.9906, -0.8288 -0.158 0.9906, -0.7982 -0.158 0.9838, -0.7697 -0.158 0.9707, -0.7448 -0.158 0.9517, -0.7245 -0.158 0.9278, -0.7098 -0.158 0.9001, -0.7014 -0.158 0.8699, -0.6997 -0.158 0.8386, -0.7048 -0.158 0.8077, -0.7164 -0.158 0.7786, -0.734 -0.158 0.7526, -0.7568 -0.158 0.731, -0.7836 -0.158 0.7149, -0.8133 -0.158 0.7049, -0.8445 -0.158 0.7015, -0.8803 -0.1798 0.6836, -0.9145 -0.1798 0.6951, -0.9454 -0.1798 0.7137, -0.9716 -0.1798 0.7385, -0.9918 -0.1798 0.7683, -1.0052 -0.1798 0.8018, -1.011 -0.1798 0.8374, -1.0091 -0.1798 0.8734, -0.9994 -0.1798 0.9082, -0.9825 -0.1798 0.9401, -0.9592 -0.1798 0.9675, -0.9305 -0.1798 0.9894, -0.8977 -0.1798 1.0045, -0.8625 -0.1798 1.0123, -0.8265 -0.1798 1.0123, -0.7912 -0.1798 1.0045, -0.7585 -0.1798 0.9894, -0.7298 -0.1798 0.9675, -0.7064 -0.1798 0.9401, -0.6895 -0.1798 0.9082, -0.6799 -0.1798 0.8734, -0.6779 -0.1798 0.8374, -0.6838 -0.1798 0.8018, -0.6971 -0.1798 0.7683, -0.7174 -0.1798 0.7385, -0.7436 -0.1798 0.7137, -0.7745 -0.1798 0.6951, -0.8086 -0.1798 0.6836, -0.8445 -0.1798 0.6797, -0.8839 -0.206 0.6675, -0.9214 -0.206 0.6802, -0.9554 -0.206 0.7006, -0.9841 -0.206 0.7279, -1.0064 -0.206 0.7606, -1.021 -0.206 0.7974, -1.0274 -0.206 0.8365, -1.0253 -0.206 0.8761, -1.0147 -0.206 0.9143, -0.9961 -0.206 0.9493, -0.9705 -0.206 0.9795, -0.9389 -0.206 1.0034, -0.903 -0.206 1.0201, -0.8643 -0.206 1.0286, -0.8247 -0.206 1.0286, -0.786 -0.206 1.0201, -0.75 -0.206 1.0034, -0.7185 -0.206 0.9795, -0.6929 -0.206 0.9493, -0.6743 -0.206 0.9143, -0.6637 -0.206 0.8761, -0.6616 -0.206 0.8365, -0.668 -0.206 0.7974, -0.6826 -0.206 0.7606, -0.7049 -0.206 0.7279, -0.7336 -0.206 0.7006, -0.7676 -0.206 0.6802, -0.8051 -0.206 0.6675, -0.8445 -0.206 0.6633, -0.8861 -0.2351 0.6576, -0.9257 -0.2351 0.6709, -0.9615 -0.2351 0.6925, -0.9919 -0.2351 0.7213, -1.0154 -0.2351 0.7559, -1.0308 -0.2351 0.7947, -1.0376 -0.2351 0.836, -1.0353 -0.2351 0.8777, -1.0241 -0.2351 0.918, -1.0046 -0.2351 0.955, -0.9775 -0.2351 0.9869, -0.9442 -0.2351 1.0122, -0.9062 -0.2351 1.0297, -0.8654 -0.2351 1.0387, -0.8236 -0.2351 1.0387, -0.7827 -0.2351 1.0297, -0.7448 -0.2351 1.0122, -0.7115 -0.2351 0.9869, -0.6844 -0.2351 0.955, -0.6648 -0.2351 0.918, -0.6536 -0.2351 0.8777, -0.6514 -0.2351 0.836, -0.6581 -0.2351 0.7947, -0.6736 -0.2351 0.7559, -0.6971 -0.2351 0.7213, -0.7275 -0.2351 0.6925, -0.7633 -0.2351 0.6709, -0.8029 -0.2351 0.6576, -0.8445 -0.2351 0.6531, -0.8868 -0.2657 0.6542, -0.9271 -0.2657 0.6678, -0.9636 -0.2657 0.6897, -0.9945 -0.2657 0.719, -1.0184 -0.2657 0.7543, -1.0342 -0.2657 0.7938, -1.0411 -0.2657 0.8358, -1.0387 -0.2657 0.8783, -1.0274 -0.2657 0.9193, -1.0074 -0.2657 0.9569, -0.9799 -0.2657 0.9894, -0.946 -0.2657 1.0151, -0.9073 -0.2657 1.033, -0.8658 -0.2657 1.0422, -0.8232 -0.2657 1.0422, -0.7816 -0.2657 1.033, -0.743 -0.2657 1.0151, -0.7091 -0.2657 0.9894, -0.6816 -0.2657 0.9569, -0.6616 -0.2657 0.9193, -0.6502 -0.2657 0.8783, -0.6479 -0.2657 0.8358, -0.6548 -0.2657 0.7938, -0.6706 -0.2657 0.7543, -0.6945 -0.2657 0.719, -0.7254 -0.2657 0.6897, -0.7618 -0.2657 0.6678, -0.8022 -0.2657 0.6542, -0.8445 -0.2657 0.6496, 0.8484 -0.128 0.7874, 0.8357 -0.128 0.7888, 0.8484 -0.128 0.8465, 0.8611 -0.128 0.7888, 0.8934 -0.128 0.8082, 0.8842 -0.128 0.7994, 0.8732 -0.128 0.7929, 0.9074 -0.128 0.8433, 0.9053 -0.128 0.8307, 0.9006 -0.128 0.8188, 0.8973 -0.128 0.8796, 0.9033 -0.128 0.8683, 0.9067 -0.128 0.856, 0.8673 -0.128 0.9024, 0.8789 -0.128 0.8971, 0.889 -0.128 0.8893, 0.8296 -0.128 0.9024, 0.842 -0.128 0.9052, 0.8548 -0.128 0.9052, 0.7995 -0.128 0.8796, 0.8078 -0.128 0.8893, 0.818 -0.128 0.8971, 0.7895 -0.128 0.8433, 0.7901 -0.128 0.856, 0.7936 -0.128 0.8683, 0.8034 -0.128 0.8082, 0.7962 -0.128 0.8188, 0.7915 -0.128 0.8307, 0.8236 -0.128 0.7929, 0.8127 -0.128 0.7994, 0.8291 -0.1314 0.7588, 0.8108 -0.1314 0.765, 0.7941 -0.1314 0.775, 0.78 -0.1314 0.7884, 0.7692 -0.1314 0.8044, 0.762 -0.1314 0.8225, 0.7588 -0.1314 0.8416, 0.7599 -0.1314 0.861, 0.7651 -0.1314 0.8797, 0.7742 -0.1314 0.8968, 0.7867 -0.1314 0.9116, 0.8022 -0.1314 0.9233, 0.8198 -0.1314 0.9315, 0.8387 -0.1314 0.9356, 0.8581 -0.1314 0.9356, 0.8771 -0.1314 0.9315, 0.8947 -0.1314 0.9233, 0.9101 -0.1314 0.9116, 0.9227 -0.1314 0.8968, 0.9318 -0.1314 0.8797, 0.937 -0.1314 0.861, 0.938 -0.1314 0.8416, 0.9349 -0.1314 0.8225, 0.9277 -0.1314 0.8044, 0.9168 -0.1314 0.7884, 0.9027 -0.1314 0.775, 0.8861 -0.1314 0.765, 0.8677 -0.1314 0.7588, 0.8484 -0.1314 0.7567, 0.8229 -0.1416 0.7304, 0.7985 -0.1416 0.7386, 0.7765 -0.1416 0.7518, 0.7578 -0.1416 0.7695, 0.7434 -0.1416 0.7908, 0.7339 -0.1416 0.8147, 0.7298 -0.1416 0.84, 0.7311 -0.1416 0.8657, 0.738 -0.1416 0.8904, 0.7501 -0.1416 0.9131, 0.7667 -0.1416 0.9327, 0.7872 -0.1416 0.9483, 0.8105 -0.1416 0.9591, 0.8356 -0.1416 0.9646, 0.8613 -0.1416 0.9646, 0.8864 -0.1416 0.9591, 0.9097 -0.1416 0.9483, 0.9302 -0.1416 0.9327, 0.9468 -0.1416 0.9131, 0.9588 -0.1416 0.8904, 0.9657 -0.1416 0.8657, 0.9671 -0.1416 0.84, 0.9629 -0.1416 0.8147, 0.9534 -0.1416 0.7908, 0.939 -0.1416 0.7695, 0.9203 -0.1416 0.7518, 0.8983 -0.1416 0.7386, 0.874 -0.1416 0.7304, 0.8484 -0.1416 0.7276, 0.8173 -0.158 0.7049, 0.7876 -0.158 0.7149, 0.7607 -0.158 0.731, 0.7379 -0.158 0.7526, 0.7203 -0.158 0.7786, 0.7087 -0.158 0.8077, 0.7037 -0.158 0.8386, 0.7054 -0.158 0.8699, 0.7138 -0.158 0.9001, 0.7284 -0.158 0.9278, 0.7487 -0.158 0.9517, 0.7737 -0.158 0.9707, 0.8021 -0.158 0.9838, 0.8328 -0.158 0.9906, 0.8641 -0.158 0.9906, 0.8947 -0.158 0.9838, 0.9232 -0.158 0.9707, 0.9481 -0.158 0.9517, 0.9684 -0.158 0.9278, 0.9831 -0.158 0.9001, 0.9915 -0.158 0.8699, 0.9932 -0.158 0.8386, 0.9881 -0.158 0.8077, 0.9765 -0.158 0.7786, 0.9589 -0.158 0.7526, 0.9362 -0.158 0.731, 0.9093 -0.158 0.7149, 0.8796 -0.158 0.7049, 0.8484 -0.158 0.7015, 0.8126 -0.1798 0.6836, 0.7784 -0.1798 0.6951, 0.7475 -0.1798 0.7137, 0.7213 -0.1798 0.7385, 0.7011 -0.1798 0.7683, 0.6877 -0.1798 0.8018, 0.6819 -0.1798 0.8374, 0.6838 -0.1798 0.8734, 0.6935 -0.1798 0.9082, 0.7104 -0.1798 0.9401, 0.7337 -0.1798 0.9675, 0.7624 -0.1798 0.9894, 0.7952 -0.1798 1.0045, 0.8304 -0.1798 1.0123, 0.8665 -0.1798 1.0123, 0.9017 -0.1798 1.0045, 0.9344 -0.1798 0.9894, 0.9631 -0.1798 0.9675, 0.9865 -0.1798 0.9401, 1.0034 -0.1798 0.9082, 1.013 -0.1798 0.8734, 1.015 -0.1798 0.8374, 1.0091 -0.1798 0.8018, 0.9958 -0.1798 0.7683, 0.9755 -0.1798 0.7385, 0.9494 -0.1798 0.7137, 0.9185 -0.1798 0.6951, 0.8843 -0.1798 0.6836, 0.8484 -0.1798 0.6797, 0.809 -0.206 0.6675, 0.7715 -0.206 0.6802, 0.7376 -0.206 0.7006, 0.7088 -0.206 0.7279, 0.6866 -0.206 0.7606, 0.6719 -0.206 0.7974, 0.6655 -0.206 0.8365, 0.6676 -0.206 0.8761, 0.6782 -0.206 0.9143, 0.6968 -0.206 0.9493, 0.7224 -0.206 0.9795, 0.754 -0.206 1.0034, 0.7899 -0.206 1.0201, 0.8286 -0.206 1.0286, 0.8682 -0.206 1.0286, 0.9069 -0.206 1.0201, 0.9429 -0.206 1.0034, 0.9744 -0.206 0.9795, 1.0001 -0.206 0.9493, 1.0186 -0.206 0.9143, 1.0292 -0.206 0.8761, 1.0314 -0.206 0.8365, 1.025 -0.206 0.7974, 1.0103 -0.206 0.7606, 0.9881 -0.206 0.7279, 0.9593 -0.206 0.7006, 0.9254 -0.206 0.6802, 0.8878 -0.206 0.6675, 0.8484 -0.206 0.6633, 0.8069 -0.2351 0.6576, 0.7672 -0.2351 0.6709, 0.7314 -0.2351 0.6925, 0.701 -0.2351 0.7213, 0.6776 -0.2351 0.7559, 0.6621 -0.2351 0.7947, 0.6553 -0.2351 0.836, 0.6576 -0.2351 0.8777, 0.6688 -0.2351 0.918, 0.6884 -0.2351 0.955, 0.7154 -0.2351 0.9869, 0.7487 -0.2351 1.0122, 0.7867 -0.2351 1.0297, 0.8275 -0.2351 1.0387, 0.8693 -0.2351 1.0387, 0.9102 -0.2351 1.0297, 0.9481 -0.2351 1.0122, 0.9814 -0.2351 0.9869, 1.0085 -0.2351 0.955, 1.0281 -0.2351 0.918, 1.0393 -0.2351 0.8777, 1.0415 -0.2351 0.836, 1.0348 -0.2351 0.7947, 1.0193 -0.2351 0.7559, 0.9958 -0.2351 0.7213, 0.9655 -0.2351 0.6925, 0.9296 -0.2351 0.6709, 0.89 -0.2351 0.6576, 0.8484 -0.2351 0.6531, 0.8061 -0.2657 0.6542, 0.7658 -0.2657 0.6678, 0.7293 -0.2657 0.6897, 0.6984 -0.2657 0.719, 0.6745 -0.2657 0.7543, 0.6587 -0.2657 0.7938, 0.6519 -0.2657 0.8358, 0.6542 -0.2657 0.8783, 0.6656 -0.2657 0.9193, 0.6855 -0.2657 0.9569, 0.7131 -0.2657 0.9894, 0.7469 -0.2657 1.0151, 0.7856 -0.2657 1.033, 0.8271 -0.2657 1.0422, 0.8697 -0.2657 1.0422, 0.9113 -0.2657 1.033, 0.9499 -0.2657 1.0151, 0.9838 -0.2657 0.9894, 1.0114 -0.2657 0.9569, 1.0313 -0.2657 0.9193, 1.0427 -0.2657 0.8783, 1.045 -0.2657 0.8358, 1.0381 -0.2657 0.7938, 1.0223 -0.2657 0.7543, 0.9985 -0.2657 0.719, 0.9676 -0.2657 0.6897, 0.9311 -0.2657 0.6678, 0.8907 -0.2657 0.6542, 0.8484 -0.2657 0.6496, 0.8484 -0.128 -0.9055, 0.8357 -0.128 -0.9041, 0.8484 -0.128 -0.8465, 0.8611 -0.128 -0.9041, 0.8934 -0.128 -0.8847, 0.8842 -0.128 -0.8935, 0.8732 -0.128 -0.9001, 0.9074 -0.128 -0.8497, 0.9053 -0.128 -0.8623, 0.9006 -0.128 -0.8741, 0.8973 -0.128 -0.8133, 0.9033 -0.128 -0.8246, 0.9067 -0.128 -0.8369, 0.8673 -0.128 -0.7905, 0.8789 -0.128 -0.7959, 0.889 -0.128 -0.8036, 0.8296 -0.128 -0.7905, 0.842 -0.128 -0.7877, 0.8548 -0.128 -0.7877, 0.7995 -0.128 -0.8133, 0.8078 -0.128 -0.8036, 0.818 -0.128 -0.7959, 0.7895 -0.128 -0.8497, 0.7901 -0.128 -0.8369, 0.7936 -0.128 -0.8246, 0.8034 -0.128 -0.8847, 0.7962 -0.128 -0.8741, 0.7915 -0.128 -0.8623, 0.8236 -0.128 -0.9001, 0.8127 -0.128 -0.8935, 0.8291 -0.1314 -0.9341, 0.8108 -0.1314 -0.9279, 0.7941 -0.1314 -0.9179, 0.78 -0.1314 -0.9045, 0.7692 -0.1314 -0.8885, 0.762 -0.1314 -0.8705, 0.7588 -0.1314 -0.8513, 0.7599 -0.1314 -0.8319, 0.7651 -0.1314 -0.8132, 0.7742 -0.1314 -0.7961, 0.7867 -0.1314 -0.7813, 0.8022 -0.1314 -0.7696, 0.8198 -0.1314 -0.7614, 0.8387 -0.1314 -0.7573, 0.8581 -0.1314 -0.7573, 0.8771 -0.1314 -0.7614, 0.8947 -0.1314 -0.7696, 0.9101 -0.1314 -0.7813, 0.9227 -0.1314 -0.7961, 0.9318 -0.1314 -0.8132, 0.937 -0.1314 -0.8319, 0.938 -0.1314 -0.8513, 0.9349 -0.1314 -0.8705, 0.9277 -0.1314 -0.8885, 0.9168 -0.1314 -0.9045, 0.9027 -0.1314 -0.9179, 0.8861 -0.1314 -0.9279, 0.8677 -0.1314 -0.9341, 0.8484 -0.1314 -0.9362, 0.8229 -0.1416 -0.9625, 0.7985 -0.1416 -0.9543, 0.7765 -0.1416 -0.9411, 0.7578 -0.1416 -0.9234, 0.7434 -0.1416 -0.9021, 0.7339 -0.1416 -0.8783, 0.7298 -0.1416 -0.8529, 0.7311 -0.1416 -0.8272, 0.738 -0.1416 -0.8025, 0.7501 -0.1416 -0.7798, 0.7667 -0.1416 -0.7602, 0.7872 -0.1416 -0.7446, 0.8105 -0.1416 -0.7338, 0.8356 -0.1416 -0.7283, 0.8613 -0.1416 -0.7283, 0.8864 -0.1416 -0.7338, 0.9097 -0.1416 -0.7446, 0.9302 -0.1416 -0.7602, 0.9468 -0.1416 -0.7798, 0.9588 -0.1416 -0.8025, 0.9657 -0.1416 -0.8272, 0.9671 -0.1416 -0.8529, 0.9629 -0.1416 -0.8783, 0.9534 -0.1416 -0.9021, 0.939 -0.1416 -0.9234, 0.9203 -0.1416 -0.9411, 0.8983 -0.1416 -0.9543, 0.874 -0.1416 -0.9625, 0.8484 -0.1416 -0.9653, 0.8173 -0.158 -0.988, 0.7876 -0.158 -0.978, 0.7607 -0.158 -0.9619, 0.7379 -0.158 -0.9403, 0.7203 -0.158 -0.9144, 0.7087 -0.158 -0.8852, 0.7037 -0.158 -0.8543, 0.7054 -0.158 -0.823, 0.7138 -0.158 -0.7928, 0.7284 -0.158 -0.7651, 0.7487 -0.158 -0.7412, 0.7737 -0.158 -0.7222, 0.8021 -0.158 -0.7091, 0.8328 -0.158 -0.7023, 0.8641 -0.158 -0.7023, 0.8947 -0.158 -0.7091, 0.9232 -0.158 -0.7222, 0.9481 -0.158 -0.7412, 0.9684 -0.158 -0.7651, 0.9831 -0.158 -0.7928, 0.9915 -0.158 -0.823, 0.9932 -0.158 -0.8543, 0.9881 -0.158 -0.8852, 0.9765 -0.158 -0.9144, 0.9589 -0.158 -0.9403, 0.9362 -0.158 -0.9619, 0.9093 -0.158 -0.978, 0.8796 -0.158 -0.988, 0.8484 -0.158 -0.9914, 0.8126 -0.1798 -1.0093, 0.7784 -0.1798 -0.9978, 0.7475 -0.1798 -0.9792, 0.7213 -0.1798 -0.9544, 0.7011 -0.1798 -0.9246, 0.6877 -0.1798 -0.8911, 0.6819 -0.1798 -0.8555, 0.6838 -0.1798 -0.8195, 0.6935 -0.1798 -0.7847, 0.7104 -0.1798 -0.7529, 0.7337 -0.1798 -0.7254, 0.7624 -0.1798 -0.7035, 0.7952 -0.1798 -0.6884, 0.8304 -0.1798 -0.6806, 0.8665 -0.1798 -0.6806, 0.9017 -0.1798 -0.6884, 0.9344 -0.1798 -0.7035, 0.9631 -0.1798 -0.7254, 0.9865 -0.1798 -0.7529, 1.0034 -0.1798 -0.7847, 1.013 -0.1798 -0.8195, 1.015 -0.1798 -0.8555, 1.0091 -0.1798 -0.8911, 0.9958 -0.1798 -0.9246, 0.9755 -0.1798 -0.9544, 0.9494 -0.1798 -0.9792, 0.9185 -0.1798 -0.9978, 0.8843 -0.1798 -1.0093, 0.8484 -0.1798 -1.0132, 0.809 -0.206 -1.0254, 0.7715 -0.206 -1.0127, 0.7376 -0.206 -0.9923, 0.7088 -0.206 -0.9651, 0.6866 -0.206 -0.9323, 0.6719 -0.206 -0.8955, 0.6655 -0.206 -0.8564, 0.6676 -0.206 -0.8168, 0.6782 -0.206 -0.7786, 0.6968 -0.206 -0.7436, 0.7224 -0.206 -0.7135, 0.754 -0.206 -0.6895, 0.7899 -0.206 -0.6728, 0.8286 -0.206 -0.6643, 0.8682 -0.206 -0.6643, 0.9069 -0.206 -0.6728, 0.9429 -0.206 -0.6895, 0.9744 -0.206 -0.7135, 1.0001 -0.206 -0.7436, 1.0186 -0.206 -0.7786, 1.0292 -0.206 -0.8168, 1.0314 -0.206 -0.8564, 1.025 -0.206 -0.8955, 1.0103 -0.206 -0.9323, 0.9881 -0.206 -0.9651, 0.9593 -0.206 -0.9923, 0.9254 -0.206 -1.0127, 0.8878 -0.206 -1.0254, 0.8484 -0.206 -1.0297, 0.8069 -0.2351 -1.0353, 0.7672 -0.2351 -1.022, 0.7314 -0.2351 -1.0004, 0.701 -0.2351 -0.9717, 0.6776 -0.2351 -0.937, 0.6621 -0.2351 -0.8982, 0.6553 -0.2351 -0.8569, 0.6576 -0.2351 -0.8152, 0.6688 -0.2351 -0.7749, 0.6884 -0.2351 -0.7379, 0.7154 -0.2351 -0.7061, 0.7487 -0.2351 -0.6807, 0.7867 -0.2351 -0.6632, 0.8275 -0.2351 -0.6542, 0.8693 -0.2351 -0.6542, 0.9102 -0.2351 -0.6632, 0.9481 -0.2351 -0.6807, 0.9814 -0.2351 -0.7061, 1.0085 -0.2351 -0.7379, 1.0281 -0.2351 -0.7749, 1.0393 -0.2351 -0.8152, 1.0415 -0.2351 -0.8569, 1.0348 -0.2351 -0.8982, 1.0193 -0.2351 -0.937, 0.9958 -0.2351 -0.9717, 0.9655 -0.2351 -1.0004, 0.9296 -0.2351 -1.022, 0.89 -0.2351 -1.0353, 0.8484 -0.2351 -1.0399, 0.8484 -0.2657 -0.6496, 0.8697 -0.2657 -0.6508, 0.9113 -0.2657 -0.6599, 0.9499 -0.2657 -0.6778, 0.9838 -0.2657 -0.7035, 1.0114 -0.2657 -0.736, 1.0313 -0.2657 -0.7736, 1.0427 -0.2657 -0.8146, 1.045 -0.2657 -0.8571, 1.0381 -0.2657 -0.8991, 1.0223 -0.2657 -0.9387, 0.9985 -0.2657 -0.9739, 0.9676 -0.2657 -1.0032, 0.9311 -0.2657 -1.0251, 0.8907 -0.2657 -1.0387, 0.8484 -0.2657 -1.0433, 0.8061 -0.2657 -1.0387, 0.7658 -0.2657 -1.0251, 0.7293 -0.2657 -1.0032, 0.6984 -0.2657 -0.9739, 0.6745 -0.2657 -0.9387, 0.6587 -0.2657 -0.8991, 0.6519 -0.2657 -0.8571, 0.6542 -0.2657 -0.8146, 0.6656 -0.2657 -0.7736, 0.6855 -0.2657 -0.736, 0.7131 -0.2657 -0.7035, 0.7469 -0.2657 -0.6778, 0.7856 -0.2657 -0.6599, 0.8271 -0.2657 -0.6508, -0.8445 -0.128 -0.9055, -0.8572 -0.128 -0.9041, -0.8445 -0.128 -0.8465, -0.8318 -0.128 -0.9041, -0.7995 -0.128 -0.8847, -0.8087 -0.128 -0.8935, -0.8197 -0.128 -0.9001, -0.7855 -0.128 -0.8497, -0.7876 -0.128 -0.8623, -0.7923 -0.128 -0.8741, -0.7956 -0.128 -0.8133, -0.7896 -0.128 -0.8246, -0.7862 -0.128 -0.8369, -0.8256 -0.128 -0.7905, -0.814 -0.128 -0.7959, -0.8039 -0.128 -0.8036, -0.8633 -0.128 -0.7905, -0.8509 -0.128 -0.7877, -0.8381 -0.128 -0.7877, -0.8934 -0.128 -0.8133, -0.8851 -0.128 -0.8036, -0.8749 -0.128 -0.7959, -0.9035 -0.128 -0.8497, -0.9028 -0.128 -0.8369, -0.8993 -0.128 -0.8246, -0.8895 -0.128 -0.8847, -0.8967 -0.128 -0.8741, -0.9014 -0.128 -0.8623, -0.8693 -0.128 -0.9001, -0.8802 -0.128 -0.8935, -0.8638 -0.1314 -0.9341, -0.8822 -0.1314 -0.9279, -0.8988 -0.1314 -0.9179, -0.9129 -0.1314 -0.9045, -0.9238 -0.1314 -0.8885, -0.9309 -0.1314 -0.8705, -0.9341 -0.1314 -0.8513, -0.933 -0.1314 -0.8319, -0.9278 -0.1314 -0.8132, -0.9187 -0.1314 -0.7961, -0.9062 -0.1314 -0.7813, -0.8907 -0.1314 -0.7696, -0.8731 -0.1314 -0.7614, -0.8542 -0.1314 -0.7573, -0.8348 -0.1314 -0.7573, -0.8158 -0.1314 -0.7614, -0.7982 -0.1314 -0.7696, -0.7828 -0.1314 -0.7813, -0.7702 -0.1314 -0.7961, -0.7611 -0.1314 -0.8132, -0.756 -0.1314 -0.8319, -0.7549 -0.1314 -0.8513, -0.758 -0.1314 -0.8705, -0.7652 -0.1314 -0.8885, -0.7761 -0.1314 -0.9045, -0.7902 -0.1314 -0.9179, -0.8068 -0.1314 -0.9279, -0.8252 -0.1314 -0.9341, -0.8445 -0.1314 -0.9362, -0.87 -0.1416 -0.9625, -0.8944 -0.1416 -0.9543, -0.9164 -0.1416 -0.9411, -0.9351 -0.1416 -0.9234, -0.9495 -0.1416 -0.9021, -0.959 -0.1416 -0.8783, -0.9632 -0.1416 -0.8529, -0.9618 -0.1416 -0.8272, -0.9549 -0.1416 -0.8025, -0.9429 -0.1416 -0.7798, -0.9262 -0.1416 -0.7602, -0.9058 -0.1416 -0.7446, -0.8824 -0.1416 -0.7338, -0.8573 -0.1416 -0.7283, -0.8316 -0.1416 -0.7283, -0.8065 -0.1416 -0.7338, -0.7832 -0.1416 -0.7446, -0.7628 -0.1416 -0.7602, -0.7461 -0.1416 -0.7798, -0.7341 -0.1416 -0.8025, -0.7272 -0.1416 -0.8272, -0.7258 -0.1416 -0.8529, -0.73 -0.1416 -0.8783, -0.7395 -0.1416 -0.9021, -0.7539 -0.1416 -0.9234, -0.7726 -0.1416 -0.9411, -0.7946 -0.1416 -0.9543, -0.8189 -0.1416 -0.9625, -0.8445 -0.1416 -0.9653, -0.8757 -0.158 -0.988, -0.9054 -0.158 -0.978, -0.9322 -0.158 -0.9619, -0.955 -0.158 -0.9403, -0.9726 -0.158 -0.9144, -0.9842 -0.158 -0.8852, -0.9892 -0.158 -0.8543, -0.9875 -0.158 -0.823, -0.9792 -0.158 -0.7928, -0.9645 -0.158 -0.7651, -0.9442 -0.158 -0.7412, -0.9192 -0.158 -0.7222, -0.8908 -0.158 -0.7091, -0.8602 -0.158 -0.7023, -0.8288 -0.158 -0.7023, -0.7982 -0.158 -0.7091, -0.7697 -0.158 -0.7222, -0.7448 -0.158 -0.7412, -0.7245 -0.158 -0.7651, -0.7098 -0.158 -0.7928, -0.7014 -0.158 -0.823, -0.6997 -0.158 -0.8543, -0.7048 -0.158 -0.8852, -0.7164 -0.158 -0.9144, -0.734 -0.158 -0.9403, -0.7568 -0.158 -0.9619, -0.7836 -0.158 -0.978, -0.8133 -0.158 -0.988, -0.8445 -0.158 -0.9914, -0.8803 -0.1798 -1.0093, -0.9145 -0.1798 -0.9978, -0.9454 -0.1798 -0.9792, -0.9716 -0.1798 -0.9544, -0.9918 -0.1798 -0.9246, -1.0052 -0.1798 -0.8911, -1.011 -0.1798 -0.8555, -1.0091 -0.1798 -0.8195, -0.9994 -0.1798 -0.7847, -0.9825 -0.1798 -0.7529, -0.9592 -0.1798 -0.7254, -0.9305 -0.1798 -0.7035, -0.8977 -0.1798 -0.6884, -0.8625 -0.1798 -0.6806, -0.8265 -0.1798 -0.6806, -0.7912 -0.1798 -0.6884, -0.7585 -0.1798 -0.7035, -0.7298 -0.1798 -0.7254, -0.7064 -0.1798 -0.7529, -0.6895 -0.1798 -0.7847, -0.6799 -0.1798 -0.8195, -0.6779 -0.1798 -0.8555, -0.6838 -0.1798 -0.8911, -0.6971 -0.1798 -0.9246, -0.7174 -0.1798 -0.9544, -0.7436 -0.1798 -0.9792, -0.7745 -0.1798 -0.9978, -0.8086 -0.1798 -1.0093, -0.8445 -0.1798 -1.0132, -0.8839 -0.206 -1.0254, -0.9214 -0.206 -1.0127, -0.9554 -0.206 -0.9923, -0.9841 -0.206 -0.9651, -1.0064 -0.206 -0.9323, -1.021 -0.206 -0.8955, -1.0274 -0.206 -0.8564, -1.0253 -0.206 -0.8168, -1.0147 -0.206 -0.7786, -0.9961 -0.206 -0.7436, -0.9705 -0.206 -0.7135, -0.9389 -0.206 -0.6895, -0.903 -0.206 -0.6728, -0.8643 -0.206 -0.6643, -0.8247 -0.206 -0.6643, -0.786 -0.206 -0.6728, -0.75 -0.206 -0.6895, -0.7185 -0.206 -0.7135, -0.6929 -0.206 -0.7436, -0.6743 -0.206 -0.7786, -0.6637 -0.206 -0.8168, -0.6616 -0.206 -0.8564, -0.668 -0.206 -0.8955, -0.6826 -0.206 -0.9323, -0.7049 -0.206 -0.9651, -0.7336 -0.206 -0.9923, -0.7676 -0.206 -1.0127, -0.8051 -0.206 -1.0254, -0.8445 -0.206 -1.0297, -0.8861 -0.2351 -1.0353, -0.9257 -0.2351 -1.022, -0.9615 -0.2351 -1.0004, -0.9919 -0.2351 -0.9717, -1.0154 -0.2351 -0.937, -1.0308 -0.2351 -0.8982, -1.0376 -0.2351 -0.8569, -1.0353 -0.2351 -0.8152, -1.0241 -0.2351 -0.7749, -1.0046 -0.2351 -0.7379, -0.9775 -0.2351 -0.7061, -0.9442 -0.2351 -0.6807, -0.9062 -0.2351 -0.6632, -0.8654 -0.2351 -0.6542, -0.8236 -0.2351 -0.6542, -0.7827 -0.2351 -0.6632, -0.7448 -0.2351 -0.6807, -0.7115 -0.2351 -0.7061, -0.6844 -0.2351 -0.7379, -0.6648 -0.2351 -0.7749, -0.6536 -0.2351 -0.8152, -0.6514 -0.2351 -0.8569, -0.6581 -0.2351 -0.8982, -0.6736 -0.2351 -0.937, -0.6971 -0.2351 -0.9717, -0.7275 -0.2351 -1.0004, -0.7633 -0.2351 -1.022, -0.8029 -0.2351 -1.0353, -0.8445 -0.2351 -1.0399, -0.8868 -0.2657 -1.0387, -0.9271 -0.2657 -1.0251, -0.9636 -0.2657 -1.0032, -0.9945 -0.2657 -0.9739, -1.0184 -0.2657 -0.9387, -1.0342 -0.2657 -0.8991, -1.0411 -0.2657 -0.8571, -1.0387 -0.2657 -0.8146, -1.0274 -0.2657 -0.7736, -1.0074 -0.2657 -0.736, -0.9799 -0.2657 -0.7035, -0.946 -0.2657 -0.6778, -0.9073 -0.2657 -0.6599, -0.8658 -0.2657 -0.6508, -0.8232 -0.2657 -0.6508, -0.7816 -0.2657 -0.6599, -0.743 -0.2657 -0.6778, -0.7091 -0.2657 -0.7035, -0.6816 -0.2657 -0.736, -0.6616 -0.2657 -0.7736, -0.6502 -0.2657 -0.8146, -0.6479 -0.2657 -0.8571, -0.6548 -0.2657 -0.8991, -0.6706 -0.2657 -0.9387, -0.6945 -0.2657 -0.9739, -0.7254 -0.2657 -1.0032, -0.7618 -0.2657 -1.0251, -0.8022 -0.2657 -1.0387, -0.8445 -0.2657 -1.0433, -0.8445 -0.2657 -1.0433
            ]
        }
        coordIndex [
            0,1,2,-1,0,2,3,-1,4,5,2,-1,2,5,6,-1,2,6,3,-1,7,8,2,-1,2,8,9,-1,2,9,4,-1,10,11,2,-1,2,11,12,-1,2,12,7,-1,13,14,2,-1,2,14,15,-1,2,15,10,-1,16,17,2,-1,2,17,18,-1,2,18,13,-1,19,20,2,-1,2,20,21,-1,2,21,16,-1,22,23,2,-1,2,23,24,-1,2,24,19,-1,25,26,2,-1,2,26,27,-1,2,27,22,-1,1,28,2,-1,2,28,29,-1,2,29,25,-1,0,30,1,-1,1,30,31,-1,1,31,28,-1,28,31,32,-1,28,32,29,-1,29,32,33,-1,29,33,25,-1,25,33,34,-1,25,34,26,-1,26,34,35,-1,26,35,27,-1,27,35,36,-1,27,36,22,-1,22,36,37,-1,22,37,23,-1,23,37,38,-1,23,38,24,-1,24,38,39,-1,24,39,19,-1,19,39,40,-1,19,40,20,-1,20,40,41,-1,20,41,21,-1,21,41,42,-1,21,42,16,-1,16,42,43,-1,16,43,17,-1,17,43,44,-1,17,44,18,-1,18,44,45,-1,18,45,13,-1,13,45,46,-1,13,46,14,-1,14,46,47,-1,14,47,15,-1,15,47,48,-1,15,48,10,-1,10,48,49,-1,10,49,11,-1,11,49,50,-1,11,50,12,-1,12,50,51,-1,12,51,7,-1,7,51,52,-1,7,52,8,-1,8,52,53,-1,8,53,9,-1,9,53,54,-1,9,54,4,-1,4,54,55,-1,4,55,5,-1,5,55,56,-1,5,56,6,-1,6,56,57,-1,6,57,3,-1,3,57,58,-1,3,58,0,-1,0,58,30,-1,58,59,30,-1,30,59,60,-1,30,60,31,-1,31,60,61,-1,31,61,32,-1,32,61,62,-1,32,62,33,-1,33,62,63,-1,33,63,34,-1,34,63,64,-1,34,64,35,-1,35,64,65,-1,35,65,36,-1,36,65,66,-1,36,66,37,-1,37,66,67,-1,37,67,38,-1,38,67,68,-1,38,68,39,-1,39,68,69,-1,39,69,40,-1,40,69,70,-1,40,70,41,-1,41,70,71,-1,41,71,42,-1,42,71,72,-1,42,72,43,-1,43,72,73,-1,43,73,44,-1,44,73,74,-1,44,74,45,-1,45,74,75,-1,45,75,46,-1,46,75,76,-1,46,76,47,-1,47,76,77,-1,47,77,48,-1,48,77,78,-1,48,78,49,-1,49,78,79,-1,49,79,50,-1,50,79,80,-1,50,80,51,-1,51,80,81,-1,51,81,52,-1,52,81,82,-1,52,82,53,-1,53,82,83,-1,53,83,54,-1,54,83,84,-1,54,84,55,-1,55,84,85,-1,55,85,56,-1,56,85,86,-1,56,86,57,-1,57,86,87,-1,57,87,58,-1,58,87,59,-1,87,88,59,-1,59,88,89,-1,59,89,60,-1,60,89,90,-1,60,90,61,-1,61,90,91,-1,61,91,62,-1,62,91,92,-1,62,92,63,-1,63,92,93,-1,63,93,64,-1,64,93,94,-1,64,94,65,-1,65,94,95,-1,65,95,66,-1,66,95,96,-1,66,96,67,-1,67,96,97,-1,67,97,68,-1,68,97,98,-1,68,98,69,-1,69,98,99,-1,69,99,70,-1,70,99,100,-1,70,100,71,-1,71,100,101,-1,71,101,72,-1,72,101,102,-1,72,102,73,-1,73,102,103,-1,73,103,74,-1,74,103,104,-1,74,104,75,-1,75,104,105,-1,75,105,76,-1,76,105,106,-1,76,106,77,-1,77,106,107,-1,77,107,78,-1,78,107,108,-1,78,108,79,-1,79,108,109,-1,79,109,80,-1,80,109,110,-1,80,110,81,-1,81,110,111,-1,81,111,82,-1,82,111,112,-1,82,112,83,-1,83,112,113,-1,83,113,84,-1,84,113,114,-1,84,114,85,-1,85,114,115,-1,85,115,86,-1,86,115,116,-1,86,116,87,-1,87,116,88,-1,116,117,88,-1,88,117,118,-1,88,118,89,-1,89,118,119,-1,89,119,90,-1,90,119,120,-1,90,120,91,-1,91,120,121,-1,91,121,92,-1,92,121,122,-1,92,122,93,-1,93,122,123,-1,93,123,94,-1,94,123,124,-1,94,124,95,-1,95,124,125,-1,95,125,96,-1,96,125,126,-1,96,126,97,-1,97,126,127,-1,97,127,98,-1,98,127,128,-1,98,128,99,-1,99,128,129,-1,99,129,100,-1,100,129,130,-1,100,130,101,-1,101,130,131,-1,101,131,102,-1,102,131,132,-1,102,132,103,-1,103,132,133,-1,103,133,104,-1,104,133,134,-1,104,134,105,-1,105,134,135,-1,105,135,106,-1,106,135,136,-1,106,136,107,-1,107,136,137,-1,107,137,108,-1,108,137,138,-1,108,138,109,-1,109,138,139,-1,109,139,110,-1,110,139,140,-1,110,140,111,-1,111,140,141,-1,111,141,112,-1,112,141,142,-1,112,142,113,-1,113,142,143,-1,113,143,114,-1,114,143,144,-1,114,144,115,-1,115,144,145,-1,115,145,116,-1,116,145,117,-1,145,146,117,-1,117,146,147,-1,117,147,118,-1,118,147,148,-1,118,148,119,-1,119,148,149,-1,119,149,120,-1,120,149,150,-1,120,150,121,-1,121,150,151,-1,121,151,122,-1,122,151,152,-1,122,152,123,-1,123,152,153,-1,123,153,124,-1,124,153,154,-1,124,154,125,-1,125,154,155,-1,125,155,126,-1,126,155,156,-1,126,156,127,-1,127,156,157,-1,127,157,128,-1,128,157,158,-1,128,158,129,-1,129,158,159,-1,129,159,130,-1,130,159,160,-1,130,160,131,-1,131,160,161,-1,131,161,132,-1,132,161,162,-1,132,162,133,-1,133,162,163,-1,133,163,134,-1,134,163,164,-1,134,164,135,-1,135,164,165,-1,135,165,136,-1,136,165,166,-1,136,166,137,-1,137,166,167,-1,137,167,138,-1,138,167,168,-1,138,168,139,-1,139,168,169,-1,139,169,140,-1,140,169,170,-1,140,170,141,-1,141,170,171,-1,141,171,142,-1,142,171,172,-1,142,172,143,-1,143,172,173,-1,143,173,144,-1,144,173,174,-1,144,174,145,-1,145,174,146,-1,174,175,146,-1,146,175,176,-1,146,176,147,-1,147,176,177,-1,147,177,148,-1,148,177,178,-1,148,178,149,-1,149,178,179,-1,149,179,150,-1,150,179,180,-1,150,180,151,-1,151,180,181,-1,151,181,152,-1,152,181,182,-1,152,182,153,-1,153,182,183,-1,153,183,154,-1,154,183,184,-1,154,184,155,-1,155,184,185,-1,155,185,156,-1,156,185,186,-1,156,186,157,-1,157,186,187,-1,157,187,158,-1,158,187,188,-1,158,188,159,-1,159,188,189,-1,159,189,160,-1,160,189,190,-1,160,190,161,-1,161,190,191,-1,161,191,162,-1,162,191,192,-1,162,192,163,-1,163,192,193,-1,163,193,164,-1,164,193,194,-1,164,194,165,-1,165,194,195,-1,165,195,166,-1,166,195,196,-1,166,196,167,-1,167,196,197,-1,167,197,168,-1,168,197,198,-1,168,198,169,-1,169,198,199,-1,169,199,170,-1,170,199,200,-1,170,200,171,-1,171,200,201,-1,171,201,172,-1,172,201,202,-1,172,202,173,-1,173,202,203,-1,173,203,174,-1,174,203,175,-1,203,204,175,-1,175,204,205,-1,175,205,176,-1,176,205,206,-1,176,206,177,-1,177,206,207,-1,177,207,178,-1,178,207,208,-1,178,208,179,-1,179,208,209,-1,179,209,180,-1,180,209,210,-1,180,210,181,-1,181,210,211,-1,181,211,182,-1,182,211,212,-1,182,212,183,-1,183,212,213,-1,183,213,184,-1,184,213,214,-1,184,214,185,-1,185,214,215,-1,185,215,186,-1,186,215,216,-1,186,216,187,-1,187,216,217,-1,187,217,188,-1,188,217,218,-1,188,218,189,-1,189,218,219,-1,189,219,190,-1,190,219,220,-1,190,220,191,-1,191,220,221,-1,191,221,192,-1,192,221,222,-1,192,222,193,-1,193,222,223,-1,193,223,194,-1,194,223,224,-1,194,224,195,-1,195,224,225,-1,195,225,196,-1,196,225,226,-1,196,226,197,-1,197,226,227,-1,197,227,198,-1,198,227,228,-1,198,228,199,-1,199,228,229,-1,199,229,200,-1,200,229,230,-1,200,230,201,-1,201,230,231,-1,201,231,202,-1,202,231,232,-1,202,232,203,-1,203,232,204,-1,233,234,235,-1,233,235,236,-1,237,238,235,-1,235,238,239,-1,235,239,236,-1,240,241,235,-1,235,241,242,-1,235,242,237,-1,243,244,235,-1,235,244,245,-1,235,245,240,-1,246,247,235,-1,235,247,248,-1,235,248,243,-1,249,250,235,-1,235,250,251,-1,235,251,246,-1,252,253,235,-1,235,253,254,-1,235,254,249,-1,255,256,235,-1,235,256,257,-1,235,257,252,-1,258,259,235,-1,235,259,260,-1,235,260,255,-1,234,261,235,-1,235,261,262,-1,235,262,258,-1,233,263,234,-1,234,263,264,-1,234,264,261,-1,261,264,265,-1,261,265,262,-1,262,265,266,-1,262,266,258,-1,258,266,267,-1,258,267,259,-1,259,267,268,-1,259,268,260,-1,260,268,269,-1,260,269,255,-1,255,269,270,-1,255,270,256,-1,256,270,271,-1,256,271,257,-1,257,271,272,-1,257,272,252,-1,252,272,273,-1,252,273,253,-1,253,273,274,-1,253,274,254,-1,254,274,275,-1,254,275,249,-1,249,275,276,-1,249,276,250,-1,250,276,277,-1,250,277,251,-1,251,277,278,-1,251,278,246,-1,246,278,279,-1,246,279,247,-1,247,279,280,-1,247,280,248,-1,248,280,281,-1,248,281,243,-1,243,281,282,-1,243,282,244,-1,244,282,283,-1,244,283,245,-1,245,283,284,-1,245,284,240,-1,240,284,285,-1,240,285,241,-1,241,285,286,-1,241,286,242,-1,242,286,287,-1,242,287,237,-1,237,287,288,-1,237,288,238,-1,238,288,289,-1,238,289,239,-1,239,289,290,-1,239,290,236,-1,236,290,291,-1,236,291,233,-1,233,291,263,-1,291,292,263,-1,263,292,293,-1,263,293,264,-1,264,293,294,-1,264,294,265,-1,265,294,295,-1,265,295,266,-1,266,295,296,-1,266,296,267,-1,267,296,297,-1,267,297,268,-1,268,297,298,-1,268,298,269,-1,269,298,299,-1,269,299,270,-1,270,299,300,-1,270,300,271,-1,271,300,301,-1,271,301,272,-1,272,301,302,-1,272,302,273,-1,273,302,303,-1,273,303,274,-1,274,303,304,-1,274,304,275,-1,275,304,305,-1,275,305,276,-1,276,305,306,-1,276,306,277,-1,277,306,307,-1,277,307,278,-1,278,307,308,-1,278,308,279,-1,279,308,309,-1,279,309,280,-1,280,309,310,-1,280,310,281,-1,281,310,311,-1,281,311,282,-1,282,311,312,-1,282,312,283,-1,283,312,313,-1,283,313,284,-1,284,313,314,-1,284,314,285,-1,285,314,315,-1,285,315,286,-1,286,315,316,-1,286,316,287,-1,287,316,317,-1,287,317,288,-1,288,317,318,-1,288,318,289,-1,289,318,319,-1,289,319,290,-1,290,319,320,-1,290,320,291,-1,291,320,292,-1,320,321,292,-1,292,321,322,-1,292,322,293,-1,293,322,323,-1,293,323,294,-1,294,323,324,-1,294,324,295,-1,295,324,325,-1,295,325,296,-1,296,325,326,-1,296,326,297,-1,297,326,327,-1,297,327,298,-1,298,327,328,-1,298,328,299,-1,299,328,329,-1,299,329,300,-1,300,329,330,-1,300,330,301,-1,301,330,331,-1,301,331,302,-1,302,331,332,-1,302,332,303,-1,303,332,333,-1,303,333,304,-1,304,333,334,-1,304,334,305,-1,305,334,335,-1,305,335,306,-1,306,335,336,-1,306,336,307,-1,307,336,337,-1,307,337,308,-1,308,337,338,-1,308,338,309,-1,309,338,339,-1,309,339,310,-1,310,339,340,-1,310,340,311,-1,311,340,341,-1,311,341,312,-1,312,341,342,-1,312,342,313,-1,313,342,343,-1,313,343,314,-1,314,343,344,-1,314,344,315,-1,315,344,345,-1,315,345,316,-1,316,345,346,-1,316,346,317,-1,317,346,347,-1,317,347,318,-1,318,347,348,-1,318,348,319,-1,319,348,349,-1,319,349,320,-1,320,349,321,-1,349,350,321,-1,321,350,351,-1,321,351,322,-1,322,351,352,-1,322,352,323,-1,323,352,353,-1,323,353,324,-1,324,353,354,-1,324,354,325,-1,325,354,355,-1,325,355,326,-1,326,355,356,-1,326,356,327,-1,327,356,357,-1,327,357,328,-1,328,357,358,-1,328,358,329,-1,329,358,359,-1,329,359,330,-1,330,359,360,-1,330,360,331,-1,331,360,361,-1,331,361,332,-1,332,361,362,-1,332,362,333,-1,333,362,363,-1,333,363,334,-1,334,363,364,-1,334,364,335,-1,335,364,365,-1,335,365,336,-1,336,365,366,-1,336,366,337,-1,337,366,367,-1,337,367,338,-1,338,367,368,-1,338,368,339,-1,339,368,369,-1,339,369,340,-1,340,369,370,-1,340,370,341,-1,341,370,371,-1,341,371,342,-1,342,371,372,-1,342,372,343,-1,343,372,373,-1,343,373,344,-1,344,373,374,-1,344,374,345,-1,345,374,375,-1,345,375,346,-1,346,375,376,-1,346,376,347,-1,347,376,377,-1,347,377,348,-1,348,377,378,-1,348,378,349,-1,349,378,350,-1,378,379,350,-1,350,379,380,-1,350,380,351,-1,351,380,381,-1,351,381,352,-1,352,381,382,-1,352,382,353,-1,353,382,383,-1,353,383,354,-1,354,383,384,-1,354,384,355,-1,355,384,385,-1,355,385,356,-1,356,385,386,-1,356,386,357,-1,357,386,387,-1,357,387,358,-1,358,387,388,-1,358,388,359,-1,359,388,389,-1,359,389,360,-1,360,389,390,-1,360,390,361,-1,361,390,391,-1,361,391,362,-1,362,391,392,-1,362,392,363,-1,363,392,393,-1,363,393,364,-1,364,393,394,-1,364,394,365,-1,365,394,395,-1,365,395,366,-1,366,395,396,-1,366,396,367,-1,367,396,397,-1,367,397,368,-1,368,397,398,-1,368,398,369,-1,369,398,399,-1,369,399,370,-1,370,399,400,-1,370,400,371,-1,371,400,401,-1,371,401,372,-1,372,401,402,-1,372,402,373,-1,373,402,403,-1,373,403,374,-1,374,403,404,-1,374,404,375,-1,375,404,405,-1,375,405,376,-1,376,405,406,-1,376,406,377,-1,377,406,407,-1,377,407,378,-1,378,407,379,-1,407,408,379,-1,379,408,409,-1,379,409,380,-1,380,409,410,-1,380,410,381,-1,381,410,411,-1,381,411,382,-1,382,411,412,-1,382,412,383,-1,383,412,413,-1,383,413,384,-1,384,413,414,-1,384,414,385,-1,385,414,415,-1,385,415,386,-1,386,415,416,-1,386,416,387,-1,387,416,417,-1,387,417,388,-1,388,417,418,-1,388,418,389,-1,389,418,419,-1,389,419,390,-1,390,419,420,-1,390,420,391,-1,391,420,421,-1,391,421,392,-1,392,421,422,-1,392,422,393,-1,393,422,423,-1,393,423,394,-1,394,423,424,-1,394,424,395,-1,395,424,425,-1,395,425,396,-1,396,425,426,-1,396,426,397,-1,397,426,427,-1,397,427,398,-1,398,427,428,-1,398,428,399,-1,399,428,429,-1,399,429,400,-1,400,429,430,-1,400,430,401,-1,401,430,431,-1,401,431,402,-1,402,431,432,-1,402,432,403,-1,403,432,433,-1,403,433,404,-1,404,433,434,-1,404,434,405,-1,405,434,435,-1,405,435,406,-1,406,435,436,-1,406,436,407,-1,407,436,408,-1,436,437,408,-1,408,437,438,-1,408,438,409,-1,409,438,439,-1,409,439,410,-1,410,439,440,-1,410,440,411,-1,411,440,441,-1,411,441,412,-1,412,441,442,-1,412,442,413,-1,413,442,443,-1,413,443,414,-1,414,443,444,-1,414,444,415,-1,415,444,445,-1,415,445,416,-1,416,445,446,-1,416,446,417,-1,417,446,447,-1,417,447,418,-1,418,447,448,-1,418,448,419,-1,419,448,449,-1,419,449,420,-1,420,449,450,-1,420,450,421,-1,421,450,451,-1,421,451,422,-1,422,451,452,-1,422,452,423,-1,423,452,453,-1,423,453,424,-1,424,453,454,-1,424,454,425,-1,425,454,455,-1,425,455,426,-1,426,455,456,-1,426,456,427,-1,427,456,457,-1,427,457,428,-1,428,457,458,-1,428,458,429,-1,429,458,459,-1,429,459,430,-1,430,459,460,-1,430,460,431,-1,431,460,461,-1,431,461,432,-1,432,461,462,-1,432,462,433,-1,433,462,463,-1,433,463,434,-1,434,463,464,-1,434,464,435,-1,435,464,465,-1,435,465,436,-1,436,465,437,-1,466,467,468,-1,466,468,469,-1,470,471,468,-1,468,471,472,-1,468,472,469,-1,473,474,468,-1,468,474,475,-1,468,475,470,-1,476,477,468,-1,468,477,478,-1,468,478,473,-1,479,480,468,-1,468,480,481,-1,468,481,476,-1,482,483,468,-1,468,483,484,-1,468,484,479,-1,485,486,468,-1,468,486,487,-1,468,487,482,-1,488,489,468,-1,468,489,490,-1,468,490,485,-1,491,492,468,-1,468,492,493,-1,468,493,488,-1,467,494,468,-1,468,494,495,-1,468,495,491,-1,466,496,467,-1,467,496,497,-1,467,497,494,-1,494,497,498,-1,494,498,495,-1,495,498,499,-1,495,499,491,-1,491,499,500,-1,491,500,492,-1,492,500,501,-1,492,501,493,-1,493,501,502,-1,493,502,488,-1,488,502,503,-1,488,503,489,-1,489,503,504,-1,489,504,490,-1,490,504,505,-1,490,505,485,-1,485,505,506,-1,485,506,486,-1,486,506,507,-1,486,507,487,-1,487,507,508,-1,487,508,482,-1,482,508,509,-1,482,509,483,-1,483,509,510,-1,483,510,484,-1,484,510,511,-1,484,511,479,-1,479,511,512,-1,479,512,480,-1,480,512,513,-1,480,513,481,-1,481,513,514,-1,481,514,476,-1,476,514,515,-1,476,515,477,-1,477,515,516,-1,477,516,478,-1,478,516,517,-1,478,517,473,-1,473,517,518,-1,473,518,474,-1,474,518,519,-1,474,519,475,-1,475,519,520,-1,475,520,470,-1,470,520,521,-1,470,521,471,-1,471,521,522,-1,471,522,472,-1,472,522,523,-1,472,523,469,-1,469,523,524,-1,469,524,466,-1,466,524,496,-1,524,525,496,-1,496,525,526,-1,496,526,497,-1,497,526,527,-1,497,527,498,-1,498,527,528,-1,498,528,499,-1,499,528,529,-1,499,529,500,-1,500,529,530,-1,500,530,501,-1,501,530,531,-1,501,531,502,-1,502,531,532,-1,502,532,503,-1,503,532,533,-1,503,533,504,-1,504,533,534,-1,504,534,505,-1,505,534,535,-1,505,535,506,-1,506,535,536,-1,506,536,507,-1,507,536,537,-1,507,537,508,-1,508,537,538,-1,508,538,509,-1,509,538,539,-1,509,539,510,-1,510,539,540,-1,510,540,511,-1,511,540,541,-1,511,541,512,-1,512,541,542,-1,512,542,513,-1,513,542,543,-1,513,543,514,-1,514,543,544,-1,514,544,515,-1,515,544,545,-1,515,545,516,-1,516,545,546,-1,516,546,517,-1,517,546,547,-1,517,547,518,-1,518,547,548,-1,518,548,519,-1,519,548,549,-1,519,549,520,-1,520,549,550,-1,520,550,521,-1,521,550,551,-1,521,551,522,-1,522,551,552,-1,522,552,523,-1,523,552,553,-1,523,553,524,-1,524,553,525,-1,553,554,525,-1,525,554,555,-1,525,555,526,-1,526,555,556,-1,526,556,527,-1,527,556,557,-1,527,557,528,-1,528,557,558,-1,528,558,529,-1,529,558,559,-1,529,559,530,-1,530,559,560,-1,530,560,531,-1,531,560,561,-1,531,561,532,-1,532,561,562,-1,532,562,533,-1,533,562,563,-1,533,563,534,-1,534,563,564,-1,534,564,535,-1,535,564,565,-1,535,565,536,-1,536,565,566,-1,536,566,537,-1,537,566,567,-1,537,567,538,-1,538,567,568,-1,538,568,539,-1,539,568,569,-1,539,569,540,-1,540,569,570,-1,540,570,541,-1,541,570,571,-1,541,571,542,-1,542,571,572,-1,542,572,543,-1,543,572,573,-1,543,573,544,-1,544,573,574,-1,544,574,545,-1,545,574,575,-1,545,575,546,-1,546,575,576,-1,546,576,547,-1,547,576,577,-1,547,577,548,-1,548,577,578,-1,548,578,549,-1,549,578,579,-1,549,579,550,-1,550,579,580,-1,550,580,551,-1,551,580,581,-1,551,581,552,-1,552,581,582,-1,552,582,553,-1,553,582,554,-1,582,583,554,-1,554,583,584,-1,554,584,555,-1,555,584,585,-1,555,585,556,-1,556,585,586,-1,556,586,557,-1,557,586,587,-1,557,587,558,-1,558,587,588,-1,558,588,559,-1,559,588,589,-1,559,589,560,-1,560,589,590,-1,560,590,561,-1,561,590,591,-1,561,591,562,-1,562,591,592,-1,562,592,563,-1,563,592,593,-1,563,593,564,-1,564,593,594,-1,564,594,565,-1,565,594,595,-1,565,595,566,-1,566,595,596,-1,566,596,567,-1,567,596,597,-1,567,597,568,-1,568,597,598,-1,568,598,569,-1,569,598,599,-1,569,599,570,-1,570,599,600,-1,570,600,571,-1,571,600,601,-1,571,601,572,-1,572,601,602,-1,572,602,573,-1,573,602,603,-1,573,603,574,-1,574,603,604,-1,574,604,575,-1,575,604,605,-1,575,605,576,-1,576,605,606,-1,576,606,577,-1,577,606,607,-1,577,607,578,-1,578,607,608,-1,578,608,579,-1,579,608,609,-1,579,609,580,-1,580,609,610,-1,580,610,581,-1,581,610,611,-1,581,611,582,-1,582,611,583,-1,611,612,583,-1,583,612,613,-1,583,613,584,-1,584,613,614,-1,584,614,585,-1,585,614,615,-1,585,615,586,-1,586,615,616,-1,586,616,587,-1,587,616,617,-1,587,617,588,-1,588,617,618,-1,588,618,589,-1,589,618,619,-1,589,619,590,-1,590,619,620,-1,590,620,591,-1,591,620,621,-1,591,621,592,-1,592,621,622,-1,592,622,593,-1,593,622,623,-1,593,623,594,-1,594,623,624,-1,594,624,595,-1,595,624,625,-1,595,625,596,-1,596,625,626,-1,596,626,597,-1,597,626,627,-1,597,627,598,-1,598,627,628,-1,598,628,599,-1,599,628,629,-1,599,629,600,-1,600,629,630,-1,600,630,601,-1,601,630,631,-1,601,631,602,-1,602,631,632,-1,602,632,603,-1,603,632,633,-1,603,633,604,-1,604,633,634,-1,604,634,605,-1,605,634,635,-1,605,635,606,-1,606,635,636,-1,606,636,607,-1,607,636,637,-1,607,637,608,-1,608,637,638,-1,608,638,609,-1,609,638,639,-1,609,639,610,-1,610,639,640,-1,610,640,611,-1,611,640,612,-1,640,641,612,-1,612,641,642,-1,612,642,613,-1,613,642,643,-1,613,643,614,-1,614,643,644,-1,614,644,615,-1,615,644,645,-1,615,645,616,-1,616,645,646,-1,616,646,617,-1,617,646,647,-1,617,647,618,-1,618,647,648,-1,618,648,619,-1,619,648,649,-1,619,649,620,-1,620,649,650,-1,620,650,621,-1,621,650,651,-1,621,651,622,-1,622,651,652,-1,622,652,623,-1,623,652,653,-1,623,653,624,-1,624,653,654,-1,624,654,625,-1,625,654,655,-1,625,655,626,-1,626,655,656,-1,626,656,627,-1,627,656,657,-1,627,657,628,-1,628,657,658,-1,628,658,629,-1,629,658,659,-1,629,659,630,-1,630,659,660,-1,630,660,631,-1,631,660,661,-1,631,661,632,-1,632,661,662,-1,632,662,633,-1,633,662,663,-1,633,663,634,-1,634,663,664,-1,634,664,635,-1,635,664,665,-1,635,665,636,-1,636,665,666,-1,636,666,637,-1,637,666,667,-1,637,667,638,-1,638,667,668,-1,638,668,639,-1,639,668,669,-1,639,669,640,-1,640,669,641,-1,670,671,655,-1,655,671,672,-1,655,672,656,-1,656,672,673,-1,656,673,657,-1,657,673,674,-1,657,674,658,-1,658,674,675,-1,658,675,659,-1,659,675,676,-1,659,676,660,-1,660,676,677,-1,660,677,661,-1,661,677,678,-1,661,678,662,-1,662,678,679,-1,662,679,663,-1,663,679,680,-1,663,680,664,-1,664,680,681,-1,664,681,665,-1,665,681,682,-1,665,682,666,-1,666,682,683,-1,666,683,667,-1,667,683,684,-1,667,684,668,-1,668,684,685,-1,668,685,669,-1,669,685,686,-1,669,686,641,-1,641,686,687,-1,641,687,642,-1,642,687,688,-1,642,688,643,-1,643,688,689,-1,643,689,644,-1,644,689,690,-1,644,690,645,-1,645,690,691,-1,645,691,646,-1,646,691,692,-1,646,692,647,-1,647,692,693,-1,647,693,648,-1,648,693,694,-1,648,694,649,-1,649,694,695,-1,649,695,650,-1,650,695,696,-1,650,696,651,-1,651,696,697,-1,651,697,652,-1,652,697,698,-1,652,698,653,-1,653,698,699,-1,653,699,654,-1,654,699,670,-1,654,670,655,-1,700,701,702,-1,700,702,703,-1,704,705,702,-1,702,705,706,-1,702,706,703,-1,707,708,702,-1,702,708,709,-1,702,709,704,-1,710,711,702,-1,702,711,712,-1,702,712,707,-1,713,714,702,-1,702,714,715,-1,702,715,710,-1,716,717,702,-1,702,717,718,-1,702,718,713,-1,719,720,702,-1,702,720,721,-1,702,721,716,-1,722,723,702,-1,702,723,724,-1,702,724,719,-1,725,726,702,-1,702,726,727,-1,702,727,722,-1,701,728,702,-1,702,728,729,-1,702,729,725,-1,700,730,701,-1,701,730,731,-1,701,731,728,-1,728,731,732,-1,728,732,729,-1,729,732,733,-1,729,733,725,-1,725,733,734,-1,725,734,726,-1,726,734,735,-1,726,735,727,-1,727,735,736,-1,727,736,722,-1,722,736,737,-1,722,737,723,-1,723,737,738,-1,723,738,724,-1,724,738,739,-1,724,739,719,-1,719,739,740,-1,719,740,720,-1,720,740,741,-1,720,741,721,-1,721,741,742,-1,721,742,716,-1,716,742,743,-1,716,743,717,-1,717,743,744,-1,717,744,718,-1,718,744,745,-1,718,745,713,-1,713,745,746,-1,713,746,714,-1,714,746,747,-1,714,747,715,-1,715,747,748,-1,715,748,710,-1,710,748,749,-1,710,749,711,-1,711,749,750,-1,711,750,712,-1,712,750,751,-1,712,751,707,-1,707,751,752,-1,707,752,708,-1,708,752,753,-1,708,753,709,-1,709,753,754,-1,709,754,704,-1,704,754,755,-1,704,755,705,-1,705,755,756,-1,705,756,706,-1,706,756,757,-1,706,757,703,-1,703,757,758,-1,703,758,700,-1,700,758,730,-1,758,759,730,-1,730,759,760,-1,730,760,731,-1,731,760,761,-1,731,761,732,-1,732,761,762,-1,732,762,733,-1,733,762,763,-1,733,763,734,-1,734,763,764,-1,734,764,735,-1,735,764,765,-1,735,765,736,-1,736,765,766,-1,736,766,737,-1,737,766,767,-1,737,767,738,-1,738,767,768,-1,738,768,739,-1,739,768,769,-1,739,769,740,-1,740,769,770,-1,740,770,741,-1,741,770,771,-1,741,771,742,-1,742,771,772,-1,742,772,743,-1,743,772,773,-1,743,773,744,-1,744,773,774,-1,744,774,745,-1,745,774,775,-1,745,775,746,-1,746,775,776,-1,746,776,747,-1,747,776,777,-1,747,777,748,-1,748,777,778,-1,748,778,749,-1,749,778,779,-1,749,779,750,-1,750,779,780,-1,750,780,751,-1,751,780,781,-1,751,781,752,-1,752,781,782,-1,752,782,753,-1,753,782,783,-1,753,783,754,-1,754,783,784,-1,754,784,755,-1,755,784,785,-1,755,785,756,-1,756,785,786,-1,756,786,757,-1,757,786,787,-1,757,787,758,-1,758,787,759,-1,787,788,759,-1,759,788,789,-1,759,789,760,-1,760,789,790,-1,760,790,761,-1,761,790,791,-1,761,791,762,-1,762,791,792,-1,762,792,763,-1,763,792,793,-1,763,793,764,-1,764,793,794,-1,764,794,765,-1,765,794,795,-1,765,795,766,-1,766,795,796,-1,766,796,767,-1,767,796,797,-1,767,797,768,-1,768,797,798,-1,768,798,769,-1,769,798,799,-1,769,799,770,-1,770,799,800,-1,770,800,771,-1,771,800,801,-1,771,801,772,-1,772,801,802,-1,772,802,773,-1,773,802,803,-1,773,803,774,-1,774,803,804,-1,774,804,775,-1,775,804,805,-1,775,805,776,-1,776,805,806,-1,776,806,777,-1,777,806,807,-1,777,807,778,-1,778,807,808,-1,778,808,779,-1,779,808,809,-1,779,809,780,-1,780,809,810,-1,780,810,781,-1,781,810,811,-1,781,811,782,-1,782,811,812,-1,782,812,783,-1,783,812,813,-1,783,813,784,-1,784,813,814,-1,784,814,785,-1,785,814,815,-1,785,815,786,-1,786,815,816,-1,786,816,787,-1,787,816,788,-1,816,817,788,-1,788,817,818,-1,788,818,789,-1,789,818,819,-1,789,819,790,-1,790,819,820,-1,790,820,791,-1,791,820,821,-1,791,821,792,-1,792,821,822,-1,792,822,793,-1,793,822,823,-1,793,823,794,-1,794,823,824,-1,794,824,795,-1,795,824,825,-1,795,825,796,-1,796,825,826,-1,796,826,797,-1,797,826,827,-1,797,827,798,-1,798,827,828,-1,798,828,799,-1,799,828,829,-1,799,829,800,-1,800,829,830,-1,800,830,801,-1,801,830,831,-1,801,831,802,-1,802,831,832,-1,802,832,803,-1,803,832,833,-1,803,833,804,-1,804,833,834,-1,804,834,805,-1,805,834,835,-1,805,835,806,-1,806,835,836,-1,806,836,807,-1,807,836,837,-1,807,837,808,-1,808,837,838,-1,808,838,809,-1,809,838,839,-1,809,839,810,-1,810,839,840,-1,810,840,811,-1,811,840,841,-1,811,841,812,-1,812,841,842,-1,812,842,813,-1,813,842,843,-1,813,843,814,-1,814,843,844,-1,814,844,815,-1,815,844,845,-1,815,845,816,-1,816,845,817,-1,845,846,817,-1,817,846,847,-1,817,847,818,-1,818,847,848,-1,818,848,819,-1,819,848,849,-1,819,849,820,-1,820,849,850,-1,820,850,821,-1,821,850,851,-1,821,851,822,-1,822,851,852,-1,822,852,823,-1,823,852,853,-1,823,853,824,-1,824,853,854,-1,824,854,825,-1,825,854,855,-1,825,855,826,-1,826,855,856,-1,826,856,827,-1,827,856,857,-1,827,857,828,-1,828,857,858,-1,828,858,829,-1,829,858,859,-1,829,859,830,-1,830,859,860,-1,830,860,831,-1,831,860,861,-1,831,861,832,-1,832,861,862,-1,832,862,833,-1,833,862,863,-1,833,863,834,-1,834,863,864,-1,834,864,835,-1,835,864,865,-1,835,865,836,-1,836,865,866,-1,836,866,837,-1,837,866,867,-1,837,867,838,-1,838,867,868,-1,838,868,839,-1,839,868,869,-1,839,869,840,-1,840,869,870,-1,840,870,841,-1,841,870,871,-1,841,871,842,-1,842,871,872,-1,842,872,843,-1,843,872,873,-1,843,873,844,-1,844,873,874,-1,844,874,845,-1,845,874,846,-1,874,875,846,-1,846,875,876,-1,846,876,847,-1,847,876,877,-1,847,877,848,-1,848,877,878,-1,848,878,849,-1,849,878,879,-1,849,879,850,-1,850,879,880,-1,850,880,851,-1,851,880,881,-1,851,881,852,-1,852,881,882,-1,852,882,853,-1,853,882,883,-1,853,883,854,-1,854,883,884,-1,854,884,855,-1,855,884,885,-1,855,885,856,-1,856,885,886,-1,856,886,857,-1,857,886,887,-1,857,887,858,-1,858,887,888,-1,858,888,859,-1,859,888,889,-1,859,889,860,-1,860,889,890,-1,860,890,861,-1,861,890,891,-1,861,891,862,-1,862,891,892,-1,862,892,863,-1,863,892,893,-1,863,893,864,-1,864,893,894,-1,864,894,865,-1,865,894,895,-1,865,895,866,-1,866,895,896,-1,866,896,867,-1,867,896,897,-1,867,897,868,-1,868,897,898,-1,868,898,869,-1,869,898,899,-1,869,899,870,-1,870,899,900,-1,870,900,871,-1,871,900,901,-1,871,901,872,-1,872,901,902,-1,872,902,873,-1,873,902,903,-1,873,903,874,-1,874,903,875,-1,903,904,875,-1,875,904,905,-1,875,905,876,-1,876,905,906,-1,876,906,877,-1,877,906,907,-1,877,907,878,-1,878,907,908,-1,878,908,879,-1,879,908,909,-1,879,909,880,-1,880,909,910,-1,880,910,881,-1,881,910,911,-1,881,911,882,-1,882,911,912,-1,882,912,883,-1,883,912,913,-1,883,913,884,-1,884,913,914,-1,884,914,885,-1,885,914,915,-1,885,915,886,-1,886,915,916,-1,886,916,887,-1,887,916,917,-1,887,917,888,-1,888,917,918,-1,888,918,889,-1,889,918,919,-1,889,919,890,-1,890,919,920,-1,890,920,891,-1,891,920,921,-1,891,921,892,-1,892,921,922,-1,892,922,893,-1,893,922,923,-1,893,923,894,-1,894,923,924,-1,894,924,895,-1,895,924,925,-1,895,925,896,-1,896,925,926,-1,896,926,897,-1,897,926,927,-1,897,927,898,-1,898,927,928,-1,898,928,899,-1,899,928,929,-1,899,929,900,-1,900,929,930,-1,900,930,901,-1,901,930,931,-1,901,931,902,-1,902,931,932,-1,902,932,903,-1,903,932,904,-1,
        ]
    }
}
Shape{
    appearance Appearance {
        material  Material 	{
            diffuseColor 0.6666666666666666 0.6980392156862745 0.7686274509803922
            specularColor 0.3333333333333333 0.34901960784313724 0.3843137254901961
            ambientIntensity 0.2
            transparency 0
            shininess 0.5
        }
    }
    geometry IndexedFaceSet {
        ccw TRUE
        solid FALSE
        coord DEF co Coordinate {
            point [
                -0.1358 -0.2657 -1.3386, -0.1358 -0.2657 -1.6142, -0.1358 -0.3445 -1.3386, -0.1358 -0.3445 -1.6142, 0.1398 -0.3445 -1.6142, 0.1398 -0.2657 -1.6142, 0.1398 -0.3445 -1.3386, 0.1398 -0.2657 -1.3386, 0.0217 -0.2657 -1.7323, 0.0217 -0.3445 -1.7323, 0.002 -0.2657 -1.7323, -0.0177 -0.3445 -1.7323, -0.0177 -0.2657 -1.7323, 0.0522 -0.2657 -1.7283, 0.0522 -0.3445 -1.7283, 0.0807 -0.2657 -1.7165, 0.0807 -0.3445 -1.7165, 0.1052 -0.2657 -1.6977, 0.1052 -0.3445 -1.6977, 0.1239 -0.2657 -1.6732, 0.1239 -0.3445 -1.6732, 0.1357 -0.2657 -1.6447, 0.1357 -0.3445 -1.6447, -0.0483 -0.3445 -1.7283, -0.0483 -0.2657 -1.7283, -0.0768 -0.3445 -1.7165, -0.0768 -0.2657 -1.7165, -0.1012 -0.3445 -1.6977, -0.1012 -0.2657 -1.6977, -0.12 -0.3445 -1.6732, -0.12 -0.2657 -1.6732, -0.1318 -0.3445 -1.6447, -0.1318 -0.2657 -1.6447, 0.3957 -0.2657 -1.3386, 0.3957 -0.3445 -1.3386, 0.3957 -0.2657 -1.1811, 0.3957 -0.3445 -1.1811, -0.3917 -0.3445 -1.3386, -0.3917 -0.2657 -1.3386, -0.3917 -0.2657 -1.1811, -0.3917 -0.3445 -1.1811, -0.3917 -0.3445 -1.1811
            ]
        }
        coordIndex [
            0,1,2,-1,2,1,3,-1,4,5,6,-1,6,5,7,-1,8,9,10,-1,10,9,11,-1,10,11,12,-1,9,8,13,-1,9,13,14,-1,14,13,15,-1,14,15,16,-1,16,15,17,-1,16,17,18,-1,18,17,19,-1,18,19,20,-1,20,19,21,-1,20,21,22,-1,22,21,5,-1,22,5,4,-1,12,11,23,-1,12,23,24,-1,24,23,25,-1,24,25,26,-1,26,25,27,-1,26,27,28,-1,28,27,29,-1,28,29,30,-1,30,29,31,-1,30,31,32,-1,32,31,3,-1,32,3,1,-1,7,33,6,-1,6,33,34,-1,33,35,34,-1,34,35,36,-1,37,38,2,-1,2,38,0,-1,39,38,40,-1,40,38,37,-1,
        ]
    }
}
Shape{
    appearance Appearance {
        material  Material 	{
            diffuseColor 0.2235294117647059 0.2235294117647059 0.2235294117647059
            specularColor 0.11372549019607843 0.11372549019607843 0.11372549019607843
            ambientIntensity 0.2
            transparency 0
            shininess 0.5
        }
    }
    geometry IndexedFaceSet {
        ccw TRUE
        solid FALSE
        coord DEF co Coordinate {
            point [
                -1.1791 -0.921 -0.8384, -1.1791 -0.921 -0.8701, -1.1791 -0.9981 -0.8701, -1.1791 -0.921 -0.7114, -1.1791 -0.921 -0.7348, -1.1791 -0.9981 -0.7348, -1.1791 -1.0288 -0.6307, -1.1791 -1.0347 -0.6299, -1.1791 -1.0029 -0.6299, -1.1791 -1.0493 -0.7109, -1.1791 -1.0442 -0.7114, -1.1791 -1.0707 -0.7114, -1.1791 -1.0856 -0.6398, -1.1791 -1.0856 -0.6655, -1.1791 -1.1073 -0.6655, -1.1791 -1.0893 -0.8383, -1.1791 -1.0884 -0.8384, -1.1791 -1.1073 -0.8384, -1.1791 -1.0723 -0.838, -1.1791 -1.0707 -0.8374, -1.1791 -1.0707 -0.8384, -1.1791 -1.1859 -0.7669, -1.1791 -1.1859 -0.7925, -1.1791 -1.2009 -0.7925, -1.1791 -0.8516 -0.6931, -1.1791 -0.8671 -0.7061, -1.1791 -0.921 -0.6299, -1.1791 -0.7884 -0.6299, -1.1791 -0.8012 -0.6387, -1.1791 -0.8204 -0.6611, -1.1791 -0.8319 -0.6837, -1.1791 -0.8347 -0.6847, -1.1791 -0.6708 -0.6219, -1.1791 -0.6972 -0.6122, -1.1791 -0.4348 1.063, -1.1791 -0.921 1.063, -1.1791 -0.7498 -0.6122, -1.1791 -0.7781 -0.6229, -1.1791 -0.7237 -0.6091, -1.1791 -0.6577 -0.6299, -1.1791 -0.4348 -0.6299, -1.1791 -0.6554 -0.6313, -1.1791 -0.4348 -0.7114, -1.1791 -0.5331 -0.7114, -1.1791 -0.5381 -0.7001, -1.1791 -0.5518 -0.6826, -1.1791 -0.5948 -0.658, -1.1791 -0.6173 -0.6552, -1.1791 -0.642 -0.6428, -1.1791 -0.6238 -0.6556, -1.1791 -0.6304 -0.6564, -1.1791 -0.5557 -0.6789, -1.1791 -0.5738 -0.6662, -1.1791 -0.5945 -0.8368, -1.1791 -0.5873 -0.8347, -1.1791 -0.4348 -0.8384, -1.1791 -0.5667 -0.8247, -1.1791 -0.549 -0.8095, -1.1791 -0.536 -0.791, -1.1791 -0.5278 -0.7698, -1.1791 -0.4348 -0.7348, -1.1791 -0.525 -0.7475, -1.1791 -0.5252 -0.742, -1.1791 -0.5265 -0.7348, -1.1791 -0.529 -0.7206, -1.1791 -0.6198 -0.8679, -1.1791 -0.6087 -0.8595, -1.1791 -0.4348 -0.8701, -1.1791 -0.6002 -0.8491, -1.1791 -0.5952 -0.8384, -1.1791 -0.6486 -0.8756, -1.1791 -0.4348 -1.063, -1.1791 -0.6624 -0.8739, -1.1791 -0.921 -1.063, -1.1791 -0.6722 -0.8701, -1.1791 -0.6464 -0.8755, -1.1791 -0.633 -0.8734, -1.1791 -0.625 -0.8701, -1.1791 -0.7019 -0.8384, -1.1791 -0.7019 -0.8386, -1.1791 -0.6951 -0.8513, -1.1791 -0.6864 -0.8611, -1.1791 -0.6751 -0.869, -1.1791 -0.8856 -0.7397, -1.1791 -0.8883 -0.7583, -1.1791 -0.7746 -0.8048, -1.1791 -0.7785 -0.8033, -1.1791 -0.7852 -0.7708, -1.1791 -0.8672 -0.8124, -1.1791 -0.8517 -0.8255, -1.1791 -0.6913 -0.7805, -1.1791 -0.7676 -0.7406, -1.1791 -0.6813 -0.7714, -1.1791 -0.6692 -0.765, -1.1791 -0.7711 -0.8073, -1.1791 -0.8785 -0.7966, -1.1791 -0.8527 -0.7539, -1.1791 -0.85 -0.7429, -1.1791 -0.8456 -0.7348, -1.1791 -0.5623 -0.7348, -1.1791 -0.8856 -0.7786, -1.1791 -0.7829 -0.8027, -1.1791 -0.7835 -0.8027, -1.1791 -0.7852 -0.8031, -1.1791 -0.5657 -0.7691, -1.1791 -0.5725 -0.7806, -1.1791 -0.6014 -0.7865, -1.1791 -0.5827 -0.7911, -1.1791 -0.5951 -0.7987, -1.1791 -0.6224 -0.7676, -1.1791 -0.6108 -0.7757, -1.1791 -0.5609 -0.7463, -1.1791 -0.5616 -0.7551, -1.1791 -0.635 -0.7628, -1.1791 -0.6486 -0.7611, -1.1791 -0.6555 -0.7615, -1.1791 -0.7653 -0.8203, -1.1791 -0.7654 -0.8181, -1.1791 -0.7055 -0.8129, -1.1791 -0.7666 -0.8138, -1.1791 -0.7688 -0.8099, -1.1791 -0.8414 -0.789, -1.1791 -0.8477 -0.7801, -1.1791 -0.8516 -0.7699, -1.1791 -0.853 -0.7589, -1.1791 -0.7786 -0.8375, -1.1791 -0.7748 -0.836, -1.1791 -0.7711 -0.8334, -1.1791 -0.7698 -0.832, -1.1791 -0.7673 -0.8284, -1.1791 -0.7658 -0.8246, -1.1791 -0.7052 -0.8246, -1.1791 -0.7055 -0.8186, -1.1791 -0.8343 -0.834, -1.1791 -0.8154 -0.838, -1.1791 -0.7818 -0.838, -1.1791 -0.7864 -0.8033, -1.1791 -0.812 -0.8033, -1.1791 -0.8222 -0.8013, -1.1791 -0.8322 -0.7966, -1.1791 -0.8407 -0.7898, -1.1791 -0.804 -0.7145, -1.1791 -0.5675 -0.7199, -1.1791 -0.5626 -0.7325, -1.1791 -0.8086 -0.7145, -1.1791 -0.8447 -0.7331, -1.1791 -0.8381 -0.7258, -1.1791 -0.8293 -0.7196, -1.1791 -0.8194 -0.7158, -1.1791 -0.7917 -0.6802, -1.1791 -0.7789 -0.6649, -1.1791 -0.648 -0.6979, -1.1791 -0.7775 -0.6636, -1.1791 -0.7615 -0.6525, -1.1791 -0.6567 -0.6799, -1.1791 -0.5734 -0.7114, -1.1791 -0.644 -0.6957, -1.1791 -0.8033 -0.7114, -1.1791 -0.8005 -0.6986, -1.1791 -0.6312 -0.6911, -1.1791 -0.6178 -0.6894, -1.1791 -0.6119 -0.6897, -1.1791 -0.6695 -0.6647, -1.1791 -0.7436 -0.6457, -1.1791 -0.6847 -0.6535, -1.1791 -0.7243 -0.6433, -1.1791 -0.7033 -0.646, -1.1791 -0.5979 -0.693, -1.1791 -0.5852 -0.6998, -1.1791 -0.5754 -0.7085, -1.1791 -0.8708 -0.7114, -1.1791 -0.8787 -0.7223, -1.1791 -0.8837 -0.7348, -1.1791 -1.2168 -0.7576, -1.1791 -1.2168 -0.7669, -1.1791 -1.2262 -0.7348, -1.1791 -1.2186 -0.8286, -1.1791 -1.2262 -0.8384, -1.1791 -1.2186 -0.8377, -1.1791 -1.2009 -0.8384, -1.1791 -1.1859 -0.8286, -1.1791 -1.2009 -0.8286, -1.1791 -1.1859 -0.8016, -1.1791 -1.2009 -0.8016, -1.1791 -1.2145 -0.8016, -1.1791 -1.2145 -0.7925, -1.1791 -1.2009 -0.7669, -1.1791 -1.2009 -0.8377, -1.1791 -1.1756 -0.8377, -1.1791 -1.1702 -0.8384, -1.1791 -1.1756 -0.7576, -1.1791 -1.0106 -0.8104, -1.1791 -1.0121 -0.7943, -1.1791 -1.0086 -0.8132, -1.1791 -1.0072 -0.8168, -1.1791 -1.066 -0.8253, -1.1791 -1.0524 -0.8009, -1.1791 -1.066 -0.8357, -1.1791 -1.0524 -0.8377, -1.1791 -1.0374 -0.8347, -1.1791 -1.0339 -0.837, -1.1791 -1.0424 -0.8377, -1.1791 -1.0301 -0.8384, -1.1791 -1.0029 -0.8384, -1.1791 -1.0082 -0.8304, -1.1791 -1.007 -0.827, -1.1791 -1.0216 -0.7804, -1.1791 -1.0029 -0.7348, -1.1791 -1.0142 -0.7833, -1.1791 -1.0121 -0.7845, -1.1791 -1.0029 -0.8701, -1.1791 -1.0188 -0.8384, -1.1791 -1.0186 -0.8384, -1.1791 -1.0148 -0.8369, -1.1791 -1.0137 -0.8077, -1.1791 -1.018 -0.8055, -1.1791 -1.0182 -0.7903, -1.1791 -1.0255 -0.8037, -1.1791 -1.0342 -0.7877, -1.1791 -1.0308 -0.7874, -1.1791 -1.0244 -0.7881, -1.1791 -1.0114 -0.8346, -1.1791 -1.0103 -0.8334, -1.1791 -1.0424 -0.8289, -1.1791 -1.0421 -0.8289, -1.1791 -1.0405 -0.8313, -1.1791 -1.0699 -0.8277, -1.1791 -1.0707 -0.828, -1.1791 -1.0707 -0.8068, -1.1791 -1.0065 -0.8224, -1.1791 -1.0065 -0.8211, -1.1791 -1.0517 -0.7933, -1.1791 -1.0665 -0.7999, -1.1791 -1.0665 -0.7924, -1.1791 -1.0677 -0.7891, -1.1791 -1.0481 -0.7855, -1.1791 -1.0318 -0.7792, -1.1791 -1.0378 -0.7798, -1.1791 -1.042 -0.781, -1.1791 -1.0424 -0.8014, -1.1791 -1.0421 -0.7969, -1.1791 -1.041 -0.7934, -1.1791 -1.0398 -0.7913, -1.1791 -1.0501 -0.7888, -1.1791 -1.0661 -0.796, -1.1791 -1.0706 -0.8067, -1.1791 -1.0689 -0.805, -1.1791 -1.0676 -0.8029, -1.1791 -1.0383 -0.7897, -1.1791 -1.0366 -0.7885, -1.1791 -1.0756 -0.8384, -1.1791 -1.0707 -0.8701, -1.1791 -1.0815 -0.8391, -1.1791 -1.1019 -0.7818, -1.1791 -1.1019 -0.7915, -1.1791 -1.1042 -0.8262, -1.1791 -1.1029 -0.8294, -1.1791 -1.1011 -0.832, -1.1791 -1.0695 -0.7864, -1.1791 -1.0707 -0.7854, -1.1791 -1.0707 -0.7348, -1.1791 -1.0725 -0.7838, -1.1791 -1.0756 -0.7819, -1.1791 -1.0811 -0.78, -1.1791 -1.0884 -0.7792, -1.1791 -1.1073 -0.7348, -1.1791 -1.0952 -0.7798, -1.1791 -1.1013 -0.8127, -1.1791 -1.1032 -0.8155, -1.1791 -1.1042 -0.8184, -1.1791 -1.1047 -0.8222, -1.1791 -1.0982 -0.8345, -1.1791 -1.0949 -0.8364, -1.1791 -1.0874 -0.7874, -1.1791 -1.0844 -0.7876, -1.1791 -1.0764 -0.7951, -1.1791 -1.0817 -0.7883, -1.1791 -1.0795 -0.7895, -1.1791 -1.0765 -0.7964, -1.1791 -1.0769 -0.7979, -1.1791 -1.0776 -0.7993, -1.1791 -1.0786 -0.8004, -1.1791 -1.0822 -0.8026, -1.1791 -1.094 -0.7881, -1.1791 -1.0884 -0.8053, -1.1791 -1.0997 -0.7902, -1.1791 -1.0922 -0.8069, -1.1791 -1.0989 -0.8106, -1.1791 -1.078 -0.7908, -1.1791 -1.0771 -0.7921, -1.1791 -1.0766 -0.7935, -1.1791 -1.0762 -0.8301, -1.1791 -1.0813 -0.8126, -1.1791 -1.0753 -0.8098, -1.1791 -1.0825 -0.8309, -1.1791 -1.083 -0.8309, -1.1791 -1.0879 -0.8153, -1.1791 -1.0881 -0.8303, -1.1791 -1.0944 -0.8231, -1.1791 -1.0943 -0.8219, -1.1791 -1.0907 -0.8293, -1.1791 -1.0916 -0.8288, -1.1791 -1.0928 -0.8278, -1.1791 -1.0936 -0.8265, -1.1791 -1.0942 -0.8251, -1.1791 -1.0938 -0.8203, -1.1791 -1.093 -0.819, -1.1791 -1.0918 -0.8177, -1.1791 -1.2556 -0.6888, -1.1791 -1.2262 -0.6888, -1.1791 -1.2637 -0.7107, -1.1791 -1.2262 -0.7114, -1.1791 -1.2752 -0.7107, -1.1791 -1.2447 -0.6306, -1.1791 -1.6437 -0.7114, -1.1791 -1.6437 -0.6299, -1.1791 -1.2222 -0.6888, -1.1791 -1.2145 -0.7107, -1.1791 -1.2009 -0.7114, -1.1791 -1.2031 -0.7107, -1.1791 -1.2009 -0.6299, -1.1791 -1.2262 -0.6501, -1.1791 -1.2262 -0.6299, -1.1791 -1.2336 -0.6306, -1.1791 -1.1702 -0.6299, -1.1791 -1.1259 -0.6299, -1.1791 -1.1563 -0.6306, -1.1791 -1.1335 -0.6306, -1.1791 -1.1335 -0.7107, -1.1791 -1.1259 -0.7114, -1.1791 -1.1555 -0.7107, -1.1791 -1.1702 -0.7114, -1.1791 -1.1691 -0.709, -1.1791 -1.1965 -0.6841, -1.1791 -1.1926 -0.6924, -1.1791 -1.1895 -0.644, -1.1791 -1.1944 -0.651, -1.1791 -1.1866 -0.6995, -1.1791 -1.1782 -0.7055, -1.1791 -1.1702 -0.7086, -1.1791 -1.1866 -0.6412, -1.1791 -1.1686 -0.632, -1.1791 -1.1702 -0.6326, -1.1791 -1.1782 -0.6355, -1.1791 -1.1974 -0.6586, -1.1791 -1.1987 -0.6696, -1.1791 -1.1984 -0.6747, -1.1791 -1.1073 -0.6299, -1.1791 -1.1165 -0.6306, -1.1791 -1.1073 -0.6306, -1.1791 -1.1165 -0.6398, -1.1791 -1.1184 -0.7016, -1.1791 -1.1184 -0.7107, -1.1791 -1.1073 -0.7114, -1.1791 -1.0856 -0.7016, -1.1791 -1.1073 -0.7016, -1.1791 -1.0856 -0.6746, -1.1791 -1.1073 -0.6746, -1.1791 -1.1143 -0.6746, -1.1791 -1.1143 -0.6655, -1.1791 -1.1073 -0.6398, -1.1791 -1.0753 -0.6306, -1.1791 -1.0707 -0.6299, -1.1791 -1.0753 -0.7107, -1.1791 -1.6437 -0.5118, -1.1791 -1.4469 -0.5118, -1.1791 -1.6437 0.5118, -1.1791 -1.6437 1.063, -1.1791 -1.4469 0.5118, -1.1791 -1.2262 1.063, -1.1791 -1.0508 -0.6301, -1.1791 -1.0593 -0.6325, -1.1791 -1.1073 -0.7107, -1.1791 -1.0593 -0.6433, -1.1791 -1.0579 -0.7081, -1.1791 -1.0404 -0.6386, -1.1791 -1.0368 -0.6388, -1.1791 -1.0314 -0.7021, -1.1791 -1.0386 -0.7028, -1.1791 -1.0423 -0.7027, -1.1791 -1.0584 -0.6429, -1.1791 -1.0514 -0.701, -1.1791 -1.0593 -0.6975, -1.1791 -1.0593 -0.7074, -1.1791 -1.0202 -0.6964, -1.1791 -1.0103 -0.6749, -1.1791 -1.018 -0.6944, -1.1791 -1.0116 -0.6828, -1.1791 -1.0143 -0.6892, -1.1791 -1.0503 -0.6398, -1.1791 -1.0299 -0.6402, -1.1791 -1.0237 -0.6432, -1.1791 -1.0186 -0.6475, -1.1791 -1.018 -0.6481, -1.1791 -1.0142 -0.6537, -1.1791 -1.0115 -0.6606, -1.1791 -1.0102 -0.6716, -1.1791 -1.0255 -0.7, -1.1791 -1.0403 -0.6293, -1.1791 -1.0029 1.063, -1.1791 -1.0489 -0.6299, -1.1791 -1.0707 1.063, -1.1791 -1.0051 -0.6486, -1.1791 -1.0109 -0.6411, -1.1791 -1.0129 -0.6391, -1.1791 -1.0204 -0.6339, -1.1791 -1.0029 -0.6903, -1.1791 -1.0009 -0.6852, -1.1791 -0.9981 -0.7114, -1.1791 -0.9993 -0.6722, -1.1791 -0.9995 -0.668, -1.1791 -0.9981 -0.6299, -1.1791 -1.0013 -0.6575, -1.1791 -1.0029 -0.6537, -1.1791 -1.0151 -0.7058, -1.1791 -1.0096 -0.7011, -1.1791 -1.0029 -0.7114, -1.1791 -1.0089 -0.7004, -1.1791 -1.0041 -0.6935, -1.1791 -1.0371 -0.712, -1.1791 -1.031 -0.7117, -1.1791 -1.0297 -0.7114, -1.1791 -1.0225 -0.7096, -1.1791 -1.0454 -0.783, -1.1791 -1.0298 -0.8385, -1.1791 -1.0246 -0.8391, -1.1791 -1.1544 -0.7805, -1.1791 -1.1648 -0.7805, -1.1791 -1.1702 -0.7348, -1.1791 -1.2009 -0.7576, -1.1791 -1.2009 -0.7348, -1.1791 -1.142 -0.8384, -1.1791 -1.136 -0.8235, -1.1791 -1.1373 -0.8282, -1.1791 -1.1375 -0.8282, -1.1791 -1.1259 -0.7348, -1.1791 -1.1259 -0.7944, -1.1791 -1.1388 -0.8236, -1.1791 -1.138 -0.8263, -1.1791 -1.1259 -0.8384, -1.1791 -1.1259 -0.8214, -1.1791 -1.1099 -0.7805, -1.1791 -1.1211 -0.7805, -1.1791 -1.1323 -0.8376, -1.1791 -1.132 -0.8384, -1.1791 -1.1279 -0.848, -1.1791 -1.1073 -0.8701, -1.1791 -1.1119 -0.8638, -1.1791 -1.1119 -0.8549, -1.1791 -1.1241 -0.8537, -1.1791 -1.1259 -0.8516, -1.1791 -1.1259 -0.8516, -1.1791 -1.114 -0.8556, -1.1791 -1.1176 -0.856, -1.1791 -1.1259 -0.8629, -1.1791 -1.1225 -0.8642, -1.1791 -1.1259 -0.8701, -1.1791 -1.1184 -0.8646, -1.1791 -1.1162 -0.8646, -1.1791 -1.1201 -0.8558, -1.1791 -1.1223 -0.8549, -1.1791 -1.1388 -0.8463, -1.1791 -1.1343 -0.8552, -1.1791 -1.1702 -0.8701, -1.1791 -1.1306 -0.8596, -1.1791 -1.1299 -0.8602, -1.1791 -1.1264 -0.8627, -1.1791 -0.3445 -1.063, -1.1791 -0.3445 -0.8701, -1.1791 -0.3445 -0.8384, -1.1791 -0.3445 -0.7348, -1.1791 -0.3445 -0.7114, -1.1791 -0.3445 -0.6299, -1.1791 -0.3445 1.063, -1.1791 -0.9961 -0.7016, -1.1791 -0.9961 -0.7107, -1.1791 -0.9538 -0.7107, -1.1791 -0.9642 -0.6306, -1.1791 -0.9642 -0.7016, -1.1791 -0.9538 -0.6306, -1.1791 -0.9981 -0.8384, -1.1791 -0.9969 -0.8377, -1.1791 -0.9538 -0.8377, -1.1791 -0.9969 -0.8286, -1.1791 -0.9951 -0.7669, -1.1791 -0.9642 -0.8016, -1.1791 -0.9642 -0.8286, -1.1791 -0.9928 -0.8016, -1.1791 -0.9928 -0.7925, -1.1791 -0.9642 -0.7925, -1.1791 -0.9642 -0.7669, -1.1791 -0.9538 -0.7576, -1.1791 -0.9951 -0.7576, -1.1791 -0.9981 1.063, -1.1791 -1.2009 1.063, -1.1791 -1.1702 1.063, -1.1791 -1.1259 1.063, -1.1791 -1.1073 1.063, -1.1791 -1.3148 -0.8377, -1.1791 -1.3034 -0.8377, -1.1791 -1.364 -0.8377, -1.1791 -1.3559 -0.8158, -1.1791 -1.3225 -0.8158, -1.1791 -1.3754 -0.8377, -1.1791 -1.6437 -0.8384, -1.1791 -1.3449 -0.7576, -1.1791 -1.6437 -0.7348, -1.1791 -1.3339 -0.7576, -1.1791 -1.2968 -0.8111, -1.1791 -1.2987 -0.8018, -1.1791 -1.299 -0.7967, -1.1791 -1.2976 -0.7857, -1.1791 -1.2928 -0.8194, -1.1791 -1.2869 -0.8265, -1.1791 -1.2785 -0.8325, -1.1791 -1.2338 -0.7576, -1.1791 -1.2338 -0.8377, -1.1791 -1.2558 -0.8377, -1.1791 -1.2693 -0.8361, -1.1791 -1.2869 -0.7682, -1.1791 -1.2897 -0.771, -1.1791 -1.2947 -0.778, -1.1791 -1.2566 -0.7576, -1.1791 -1.2688 -0.759, -1.1791 -1.2785 -0.7625, -1.1791 -1.2009 -0.8701, -1.1791 -1.2262 -0.8701, -1.1791 -1.6437 -0.8701, -1.1791 -0.9981 -1.063, -1.1791 -1.0029 -1.063, -1.1791 -1.0707 -1.063, -1.1791 -1.1073 -1.063, -1.1791 -1.1259 -1.063, -1.1791 -1.1702 -1.063, -1.1791 -1.2009 -1.063, -1.1791 -1.2262 -1.063, -1.1791 -1.6437 -1.063, -1.061 -1.6437 1.1811, -0.3917 -1.6437 1.1811, -0.7854 -1.6437 0.5118, -0.3917 -1.6437 -1.1811, -0.7854 -1.6437 -0.5118, -1.1674 -1.6437 1.1142, -1.0873 -1.6437 1.1781, -1.1762 -1.6437 1.0893, -1.1123 -1.6437 1.1694, -1.1347 -1.6437 1.1553, -1.1534 -1.6437 1.1366, -1.061 -1.6437 -1.1811, -1.1762 -1.6437 -1.0893, -1.1534 -1.6437 -1.1366, -1.1347 -1.6437 -1.1553, -1.1123 -1.6437 -1.1694, -1.1674 -1.6437 -1.1142, -1.0873 -1.6437 -1.1781, 0.4279 -0.3445 0.5416, 0.3177 -0.3445 0.6124, 1.065 -0.3445 1.1811, 1.1831 -0.3445 -1.063, 0.6902 -0.3445 -0.0328, 1.1831 -0.3445 1.063, 0.6839 -0.3445 0.0981, 0.6531 -0.3445 0.2253, 0.5227 -0.3445 0.4512, 1.0912 -0.3445 1.1781, 1.1162 -0.3445 1.1694, 1.1386 -0.3445 1.1553, 1.1573 -0.3445 1.1366, 1.1714 -0.3445 1.1142, 0.5986 -0.3445 0.3445, 1.1801 -0.3445 1.0893, 0.1961 -0.3445 0.6611, 0.0675 -0.3445 0.6859, -1.061 -0.3445 1.1811, -0.0635 -0.3445 0.6859, -0.1921 -0.3445 0.6611, -0.3137 -0.3445 0.6124, -0.4239 -0.3445 0.5416, -1.0873 -0.3445 1.1781, -0.5187 -0.3445 0.4512, -1.1123 -0.3445 1.1694, -0.6862 -0.3445 -0.0328, -0.68 -0.3445 0.0981, -0.6491 -0.3445 0.2253, -0.5947 -0.3445 0.3445, -0.5593 -0.3445 -0.3996, -0.4735 -0.3445 -0.4986, -1.1762 -0.3445 1.0893, -1.1674 -0.3445 1.1142, -0.6676 -0.3445 -0.1624, -0.6247 -0.3445 -0.2862, -0.3705 -0.3445 -0.5796, -1.061 -0.3445 -1.1811, -1.0873 -0.3445 -1.1781, -1.1123 -0.3445 -1.1694, 0.5632 -0.3445 -0.3996, 0.6287 -0.3445 -0.2862, 0.6715 -0.3445 -0.1624, -1.1347 -0.3445 -1.1553, -1.1534 -0.3445 -1.1366, -1.1674 -0.3445 -1.1142, -1.1762 -0.3445 -1.0893, -0.2541 -0.3445 -0.6396, -0.1284 -0.3445 -0.6765, 1.065 -0.3445 -1.1811, 0.002 -0.3445 -0.689, 0.1324 -0.3445 -0.6765, 0.258 -0.3445 -0.6396, 0.3745 -0.3445 -0.5796, 1.0912 -0.3445 -1.1781, 0.4774 -0.3445 -0.4986, 1.1162 -0.3445 -1.1694, -1.1534 -0.3445 1.1366, -1.1347 -0.3445 1.1553, 1.1801 -0.3445 -1.0893, 1.1714 -0.3445 -1.1142, 1.1573 -0.3445 -1.1366, 1.1386 -0.3445 -1.1553, 0.3957 -1.6437 1.1811, 1.065 -1.6437 1.1811, 0.3957 -1.4469 1.1811, -0.3917 -1.4469 1.1811, 1.1831 -1.6437 1.063, 1.1801 -1.6437 1.0893, 1.1714 -1.6437 1.1142, 1.1573 -1.6437 1.1366, 1.1386 -1.6437 1.1553, 1.1162 -1.6437 1.1694, 1.0912 -1.6437 1.1781, 1.1831 -1.6437 -0.5118, 1.1831 -1.6437 -1.063, 1.1831 -1.4469 -0.5118, 1.1831 -1.4469 0.5118, 1.1831 -1.6437 0.5118, 1.065 -1.6437 -1.1811, 1.0912 -1.6437 -1.1781, 1.1162 -1.6437 -1.1694, 1.1386 -1.6437 -1.1553, 1.1573 -1.6437 -1.1366, 1.1714 -1.6437 -1.1142, 1.1801 -1.6437 -1.0893, 0.75 -0.935 -1.1811, 1.0256 -0.935 -1.1811, 1.0256 -1.0138 -1.1811, -0.3917 -1.4469 -1.1811, 0.3957 -1.6437 -1.1811, 0.3957 -1.4469 -1.1811, 0.75 -1.0138 -1.1811, -0.7461 -1.0138 -1.1811, -0.7461 -0.935 -1.1811, -1.0217 -0.935 -1.1811, -1.0217 -1.0138 -1.1811, 0.7894 -1.6437 -0.5118, 0.7894 -1.6437 0.5118, 0.7894 -1.4469 0.5118, 0.7894 -1.4469 -0.5118, -0.7854 -1.4469 0.5118, -0.7854 -1.4469 -0.5118, 0.4027 1.8616 -0.4625, 0.4233 1.8616 -0.4419, 0.5891 1.8616 -0.1724, 0.5953 1.8616 -0.144, 0.5891 1.8616 0.1724, 0.579 1.8616 0.1997, 0.4027 1.8616 0.4625, 0.3794 1.8616 0.4799, 0.0891 1.8616 0.6057, 0.06 1.8616 0.6078, -0.2522 1.8616 0.5566, -0.2778 1.8616 0.5427, -0.5128 1.8616 0.3308, -0.5268 1.8616 0.3053, -0.61 1.8616 0.0, -0.6079 1.8616 -0.029, -0.5128 1.8616 -0.3308, -0.4954 1.8616 -0.3541, -0.2522 1.8616 -0.5566, -0.225 1.8616 -0.5668, -0.1704 1.8616 -0.5871, -0.3289 1.8616 -0.5148, -0.3988 1.8616 -0.4625, -0.4193 1.8616 -0.4419, -0.4605 1.8616 -0.4007, -0.5547 1.8616 -0.2542, -0.5852 1.8616 -0.1724, -0.5914 1.8616 -0.144, -0.6037 1.8616 -0.0871, -0.6037 1.8616 0.0871, -0.5852 1.8616 0.1724, -0.575 1.8616 0.1997, -0.5547 1.8616 0.2542, -0.4605 1.8616 0.4007, -0.3988 1.8616 0.4625, -0.3755 1.8616 0.4799, -0.3289 1.8616 0.5148, -0.1704 1.8616 0.5871, -0.0851 1.8616 0.6057, -0.0561 1.8616 0.6078, 0.002 1.8616 0.6119, 0.1744 1.8616 0.5871, 0.2562 1.8616 0.5566, 0.2817 1.8616 0.5427, 0.3328 1.8616 0.5148, 0.4644 1.8616 0.4007, 0.5168 1.8616 0.3308, 0.5307 1.8616 0.3053, 0.5586 1.8616 0.2542, 0.6077 1.8616 0.0871, 0.6139 1.8616 0.0, 0.6118 1.8616 -0.029, 0.6077 1.8616 -0.0871, 0.5586 1.8616 -0.2542, 0.5168 1.8616 -0.3308, 0.4993 1.8616 -0.3541, 0.4644 1.8616 -0.4007, 0.3328 1.8616 -0.5148, 0.2562 1.8616 -0.5566, 0.2289 1.8616 -0.5668, 0.1175 1.8616 -0.5995, 0.1744 1.8616 -0.5871, -0.1135 1.8616 -0.5995, -0.0851 1.8616 -0.6057, 0.002 1.8616 -0.6119, 0.0891 1.8616 -0.6057, 0.002 1.8996 -0.5726, -0.0795 1.8996 -0.5668, 0.002 1.8996 0.0, 0.0835 1.8996 -0.5668, 0.3115 1.8996 -0.4817, 0.2398 1.8996 -0.5208, 0.1633 1.8996 -0.5494, 0.4837 1.8996 -0.3096, 0.4347 1.8996 -0.375, 0.3769 1.8996 -0.4327, 0.5687 1.8996 -0.0815, 0.5514 1.8996 -0.1613, 0.5228 1.8996 -0.2379, 0.5514 1.8996 0.1613, 0.5687 1.8996 0.0815, 0.5746 1.8996 0.0, 0.4347 1.8996 0.375, 0.4837 1.8996 0.3096, 0.5228 1.8996 0.2379, 0.2398 1.8996 0.5208, 0.3115 1.8996 0.4817, 0.3769 1.8996 0.4327, 0.002 1.8996 0.5726, 0.0835 1.8996 0.5668, 0.1633 1.8996 0.5494, -0.2359 1.8996 0.5208, -0.1593 1.8996 0.5494, -0.0795 1.8996 0.5668, -0.4308 1.8996 0.375, -0.373 1.8996 0.4327, -0.3076 1.8996 0.4817, -0.5474 1.8996 0.1613, -0.5189 1.8996 0.2379, -0.4797 1.8996 0.3096, -0.5648 1.8996 -0.0815, -0.5706 1.8996 -0.0, -0.5648 1.8996 0.0815, -0.4797 1.8996 -0.3096, -0.5189 1.8996 -0.2379, -0.5474 1.8996 -0.1613, -0.3076 1.8996 -0.4817, -0.373 1.8996 -0.4327, -0.4308 1.8996 -0.375, -0.1593 1.8996 -0.5494, -0.2359 1.8996 -0.5208, -0.17 1.8715 -0.5856, -0.4593 1.8715 -0.3997, -0.6021 1.8715 -0.0869, -0.5532 1.8715 0.2535, -0.328 1.8715 0.5134, 0.002 1.8715 0.6103, 0.3319 1.8715 0.5134, 0.5571 1.8715 0.2535, 0.6061 1.8715 -0.0869, 0.4632 1.8715 -0.3997, 0.1739 1.8715 -0.5856, 0.0849 1.8983 -0.5766, 0.1661 1.8983 -0.559, 0.0862 1.8946 -0.5859, 0.1687 1.8946 -0.5679, 0.0873 1.8886 -0.5938, 0.171 1.8886 -0.5756, 0.0882 1.8807 -0.6, 0.1728 1.8807 -0.5817, 0.0888 1.8715 -0.6041, 0.3835 1.8983 -0.4403, 0.4422 1.8983 -0.3815, 0.3896 1.8946 -0.4473, 0.4493 1.8946 -0.3876, 0.3948 1.8886 -0.4534, 0.4554 1.8886 -0.3929, 0.399 1.8807 -0.4582, 0.4601 1.8807 -0.397, 0.4016 1.8715 -0.4612, 0.5609 1.8983 -0.1641, 0.5786 1.8983 -0.0829, 0.5699 1.8946 -0.1668, 0.5878 1.8946 -0.0842, 0.5776 1.8886 -0.169, 0.5958 1.8886 -0.0854, 0.5836 1.8807 -0.1708, 0.602 1.8807 -0.0863, 0.5876 1.8715 -0.1719, 0.5609 1.8983 0.1641, 0.5319 1.8983 0.242, 0.5699 1.8946 0.1668, 0.5404 1.8946 0.2459, 0.5776 1.8886 0.169, 0.5477 1.8886 0.2492, 0.5836 1.8807 0.1708, 0.5534 1.8807 0.2518, 0.5876 1.8715 0.1719, 0.3835 1.8983 0.4403, 0.3169 1.8983 0.4901, 0.3896 1.8946 0.4473, 0.322 1.8946 0.4979, 0.3948 1.8886 0.4534, 0.3263 1.8886 0.5047, 0.399 1.8807 0.4582, 0.3297 1.8807 0.51, 0.4016 1.8715 0.4612, 0.0849 1.8983 0.5766, 0.002 1.8983 0.5826, 0.0862 1.8946 0.5859, 0.002 1.8946 0.5919, 0.0873 1.8886 0.5938, 0.002 1.8886 0.5999, 0.0882 1.8807 0.6, 0.002 1.8807 0.6062, 0.0888 1.8715 0.6041, -0.24 1.8983 0.5299, -0.313 1.8983 0.4901, -0.2439 1.8946 0.5384, -0.318 1.8946 0.4979, -0.2473 1.8886 0.5457, -0.3224 1.8886 0.5047, -0.2499 1.8807 0.5514, -0.3258 1.8807 0.51, -0.2516 1.8715 0.5552, -0.4881 1.8983 0.315, -0.5279 1.8983 0.242, -0.496 1.8946 0.32, -0.5364 1.8946 0.2459, -0.5027 1.8886 0.3244, -0.5438 1.8886 0.2492, -0.508 1.8807 0.3277, -0.5495 1.8807 0.2518, -0.5115 1.8715 0.33, -0.5806 1.8983 0.0, -0.5747 1.8983 -0.0829, -0.5899 1.8946 0.0, -0.5839 1.8946 -0.0842, -0.598 1.8886 0.0, -0.5919 1.8886 -0.0854, -0.6043 1.8807 0.0, -0.5981 1.8807 -0.0863, -0.6083 1.8715 0.0, -0.4881 1.8983 -0.315, -0.4383 1.8983 -0.3815, -0.496 1.8946 -0.32, -0.4453 1.8946 -0.3876, -0.5027 1.8886 -0.3244, -0.4514 1.8886 -0.3929, -0.508 1.8807 -0.3277, -0.4562 1.8807 -0.397, -0.5115 1.8715 -0.33, -0.24 1.8983 -0.5299, -0.1622 1.8983 -0.559, -0.2439 1.8946 -0.5384, -0.1648 1.8946 -0.5679, -0.2473 1.8886 -0.5457, -0.1671 1.8886 -0.5756, -0.2499 1.8807 -0.5514, -0.1688 1.8807 -0.5817, -0.2516 1.8715 -0.5552, 0.002 1.8983 -0.5826, 0.002 1.8946 -0.5919, 0.002 1.8886 -0.5999, 0.002 1.8807 -0.6062, 0.002 1.8715 -0.6103, 0.2555 1.8715 -0.5552, 0.2538 1.8807 -0.5514, 0.2512 1.8886 -0.5457, 0.2478 1.8946 -0.5384, 0.244 1.8983 -0.5299, 0.3169 1.8983 -0.4901, 0.322 1.8946 -0.4979, 0.3263 1.8886 -0.5047, 0.3297 1.8807 -0.51, 0.3319 1.8715 -0.5134, 0.5154 1.8715 -0.33, 0.512 1.8807 -0.3277, 0.5067 1.8886 -0.3244, 0.4999 1.8946 -0.32, 0.492 1.8983 -0.315, 0.5319 1.8983 -0.242, 0.5404 1.8946 -0.2459, 0.5477 1.8886 -0.2492, 0.5534 1.8807 -0.2518, 0.5571 1.8715 -0.2535, 0.6123 1.8715 -0.0, 0.6082 1.8807 -0.0, 0.6019 1.8886 -0.0, 0.5938 1.8946 -0.0, 0.5845 1.8983 -0.0, 0.5786 1.8983 0.0829, 0.5878 1.8946 0.0842, 0.5958 1.8886 0.0854, 0.602 1.8807 0.0863, 0.6061 1.8715 0.0869, 0.5154 1.8715 0.33, 0.512 1.8807 0.3277, 0.5067 1.8886 0.3244, 0.4999 1.8946 0.32, 0.492 1.8983 0.315, 0.4422 1.8983 0.3815, 0.4493 1.8946 0.3876, 0.4554 1.8886 0.3929, 0.4601 1.8807 0.397, 0.4632 1.8715 0.3997, 0.2555 1.8715 0.5552, 0.2538 1.8807 0.5514, 0.2512 1.8886 0.5457, 0.2478 1.8946 0.5384, 0.244 1.8983 0.5299, 0.1661 1.8983 0.559, 0.1687 1.8946 0.5679, 0.171 1.8886 0.5756, 0.1728 1.8807 0.5817, 0.1739 1.8715 0.5856, -0.0849 1.8715 0.6041, -0.0843 1.8807 0.6, -0.0834 1.8886 0.5938, -0.0823 1.8946 0.5859, -0.0809 1.8983 0.5766, -0.1622 1.8983 0.559, -0.1648 1.8946 0.5679, -0.1671 1.8886 0.5756, -0.1688 1.8807 0.5817, -0.17 1.8715 0.5856, -0.3977 1.8715 0.4612, -0.395 1.8807 0.4582, -0.3909 1.8886 0.4534, -0.3856 1.8946 0.4473, -0.3795 1.8983 0.4403, -0.4383 1.8983 0.3815, -0.4453 1.8946 0.3876, -0.4514 1.8886 0.3929, -0.4562 1.8807 0.397, -0.4593 1.8715 0.3997, -0.5836 1.8715 0.1719, -0.5797 1.8807 0.1708, -0.5737 1.8886 0.169, -0.5659 1.8946 0.1668, -0.557 1.8983 0.1641, -0.5747 1.8983 0.0829, -0.5839 1.8946 0.0842, -0.5919 1.8886 0.0854, -0.5981 1.8807 0.0863, -0.6021 1.8715 0.0869, -0.5836 1.8715 -0.1719, -0.5797 1.8807 -0.1708, -0.5737 1.8886 -0.169, -0.5659 1.8946 -0.1668, -0.557 1.8983 -0.1641, -0.5279 1.8983 -0.242, -0.5364 1.8946 -0.2459, -0.5438 1.8886 -0.2492, -0.5495 1.8807 -0.2518, -0.5532 1.8715 -0.2535, -0.3977 1.8715 -0.4612, -0.395 1.8807 -0.4582, -0.3909 1.8886 -0.4534, -0.3856 1.8946 -0.4473, -0.3795 1.8983 -0.4403, -0.313 1.8983 -0.4901, -0.318 1.8946 -0.4979, -0.3224 1.8886 -0.5047, -0.3258 1.8807 -0.51, -0.328 1.8715 -0.5134, -0.0849 1.8715 -0.6041, -0.0843 1.8807 -0.6, -0.0834 1.8886 -0.5938, -0.0823 1.8946 -0.5859, -0.0809 1.8983 -0.5766, -0.0809 1.8983 -0.5766
            ]
        }
        coordIndex [
            0,1,2,-1,3,4,5,-1,6,7,8,-1,9,10,11,-1,12,13,14,-1,15,16,17,-1,18,19,20,-1,21,22,23,-1,24,25,26,-1,26,25,3,-1,27,28,26,-1,26,28,29,-1,29,30,26,-1,26,30,31,-1,26,31,24,-1,32,33,34,-1,35,36,37,-1,34,33,35,-1,35,33,38,-1,35,38,36,-1,32,34,39,-1,39,34,40,-1,39,40,41,-1,42,43,40,-1,40,43,44,-1,40,44,45,-1,40,46,41,-1,41,46,47,-1,41,47,48,-1,48,47,49,-1,48,49,50,-1,45,51,40,-1,40,51,52,-1,40,52,46,-1,53,54,55,-1,55,54,56,-1,55,56,57,-1,57,58,55,-1,55,58,59,-1,55,59,60,-1,60,59,61,-1,61,62,60,-1,60,62,63,-1,60,63,42,-1,42,63,64,-1,42,64,43,-1,65,66,67,-1,67,66,68,-1,67,68,55,-1,55,68,69,-1,55,69,53,-1,70,71,72,-1,72,71,73,-1,72,73,74,-1,70,75,71,-1,71,75,76,-1,71,76,67,-1,67,76,77,-1,67,77,65,-1,0,78,1,-1,1,78,79,-1,1,79,80,-1,80,81,1,-1,1,81,82,-1,1,82,74,-1,83,84,4,-1,85,86,87,-1,88,89,0,-1,90,91,92,-1,92,91,93,-1,85,87,94,-1,88,0,95,-1,96,97,91,-1,91,97,98,-1,91,98,99,-1,4,84,0,-1,0,84,100,-1,0,100,95,-1,86,101,87,-1,87,101,102,-1,87,102,103,-1,104,105,106,-1,106,105,107,-1,106,107,108,-1,109,99,110,-1,110,99,111,-1,110,111,106,-1,106,111,112,-1,106,112,104,-1,109,113,99,-1,99,113,114,-1,99,114,91,-1,91,114,115,-1,91,115,93,-1,116,117,118,-1,118,117,119,-1,118,119,87,-1,87,119,120,-1,87,120,94,-1,121,122,87,-1,87,122,123,-1,87,123,91,-1,91,123,124,-1,91,124,96,-1,125,126,78,-1,78,126,127,-1,78,127,128,-1,128,129,78,-1,78,129,130,-1,78,130,131,-1,131,130,116,-1,131,116,132,-1,132,116,118,-1,89,133,0,-1,0,133,134,-1,0,134,78,-1,78,134,135,-1,78,135,125,-1,103,136,87,-1,87,136,137,-1,87,137,138,-1,138,139,87,-1,87,139,140,-1,87,140,121,-1,141,142,143,-1,143,99,141,-1,141,99,98,-1,141,98,144,-1,144,98,145,-1,145,146,144,-1,144,146,147,-1,144,147,148,-1,149,150,151,-1,150,152,151,-1,151,152,153,-1,151,153,154,-1,155,151,156,-1,142,141,155,-1,155,141,157,-1,155,157,151,-1,151,157,158,-1,151,158,149,-1,156,159,155,-1,155,159,160,-1,155,160,161,-1,154,153,162,-1,162,153,163,-1,162,163,164,-1,164,163,165,-1,164,165,166,-1,167,168,161,-1,161,168,169,-1,161,169,155,-1,25,170,3,-1,3,170,171,-1,3,171,4,-1,4,171,172,-1,4,172,83,-1,173,174,175,-1,175,174,176,-1,175,176,177,-1,177,176,178,-1,177,178,179,-1,180,181,182,-1,182,181,183,-1,183,181,184,-1,184,181,176,-1,184,176,185,-1,185,176,174,-1,185,174,23,-1,23,174,186,-1,23,186,21,-1,178,187,179,-1,179,187,188,-1,179,188,189,-1,189,188,190,-1,191,192,193,-1,193,192,194,-1,195,196,197,-1,197,196,198,-1,197,198,19,-1,199,200,201,-1,201,200,202,-1,201,202,198,-1,203,204,205,-1,206,207,208,-1,208,207,209,-1,210,211,203,-1,203,211,212,-1,203,212,213,-1,191,214,192,-1,192,214,215,-1,192,215,216,-1,216,215,217,-1,218,219,217,-1,217,219,220,-1,217,220,216,-1,213,221,203,-1,203,221,222,-1,203,222,204,-1,223,224,201,-1,201,224,225,-1,201,225,199,-1,226,227,228,-1,205,229,203,-1,203,229,230,-1,203,230,207,-1,207,230,194,-1,207,194,209,-1,209,194,192,-1,231,196,232,-1,233,234,235,-1,206,236,207,-1,207,236,237,-1,207,237,238,-1,239,240,217,-1,217,240,241,-1,217,241,242,-1,226,228,195,-1,235,243,233,-1,233,243,231,-1,233,231,244,-1,244,231,232,-1,228,245,195,-1,195,245,246,-1,195,246,196,-1,196,246,247,-1,196,247,232,-1,242,248,217,-1,217,248,249,-1,217,249,218,-1,18,20,250,-1,250,20,251,-1,250,251,252,-1,253,254,17,-1,255,256,17,-1,17,256,257,-1,258,259,260,-1,260,259,261,-1,260,261,262,-1,262,263,260,-1,260,263,264,-1,260,264,265,-1,265,264,266,-1,265,266,253,-1,267,268,254,-1,254,268,269,-1,254,269,17,-1,17,269,270,-1,17,270,255,-1,257,271,17,-1,17,271,272,-1,17,272,15,-1,273,274,275,-1,275,274,276,-1,275,276,277,-1,275,278,273,-1,273,278,279,-1,273,279,280,-1,280,281,273,-1,273,281,282,-1,273,282,283,-1,283,282,284,-1,283,284,285,-1,285,284,286,-1,285,286,254,-1,254,286,287,-1,254,287,267,-1,288,289,277,-1,277,289,290,-1,277,290,275,-1,291,292,227,-1,227,292,293,-1,227,293,228,-1,291,294,292,-1,292,294,295,-1,292,295,296,-1,296,295,297,-1,296,298,299,-1,297,300,296,-1,296,300,301,-1,296,301,302,-1,302,303,296,-1,296,303,304,-1,296,304,298,-1,299,305,296,-1,296,305,306,-1,296,306,307,-1,308,309,310,-1,310,309,311,-1,310,311,312,-1,313,314,315,-1,309,316,311,-1,311,316,317,-1,311,317,318,-1,318,317,319,-1,318,319,320,-1,320,319,321,-1,320,321,322,-1,322,321,323,-1,322,323,313,-1,324,325,326,-1,326,325,327,-1,327,325,328,-1,328,325,329,-1,328,329,330,-1,330,329,331,-1,330,331,332,-1,333,334,318,-1,335,336,320,-1,334,337,318,-1,318,337,338,-1,318,338,331,-1,331,338,339,-1,331,339,332,-1,335,320,340,-1,326,341,324,-1,324,341,342,-1,324,342,320,-1,320,342,343,-1,320,343,340,-1,336,344,320,-1,320,344,345,-1,320,345,318,-1,318,345,346,-1,318,346,333,-1,325,347,348,-1,348,347,349,-1,348,350,325,-1,325,350,351,-1,325,351,329,-1,329,351,352,-1,329,352,353,-1,354,355,356,-1,356,355,357,-1,357,355,358,-1,358,355,351,-1,358,351,359,-1,359,351,350,-1,359,350,14,-1,14,350,360,-1,14,360,12,-1,349,347,361,-1,361,347,362,-1,361,362,363,-1,313,315,322,-1,322,315,364,-1,322,364,365,-1,366,367,368,-1,368,367,369,-1,368,369,365,-1,370,371,362,-1,352,372,353,-1,353,372,363,-1,353,363,11,-1,11,363,362,-1,11,362,373,-1,373,362,371,-1,9,11,374,-1,375,376,377,-1,378,379,380,-1,380,379,381,-1,380,381,373,-1,373,381,382,-1,373,382,11,-1,11,382,383,-1,11,383,374,-1,384,385,386,-1,386,385,387,-1,386,387,388,-1,378,380,377,-1,377,380,389,-1,377,389,375,-1,376,390,377,-1,377,390,391,-1,377,391,392,-1,392,393,377,-1,377,393,394,-1,377,394,395,-1,395,396,377,-1,377,396,385,-1,377,385,397,-1,397,385,384,-1,7,398,399,-1,399,398,400,-1,399,400,401,-1,8,402,403,-1,403,404,8,-1,8,404,405,-1,8,405,6,-1,406,407,408,-1,409,410,411,-1,411,410,412,-1,411,412,8,-1,8,412,413,-1,8,413,402,-1,414,415,416,-1,416,415,417,-1,416,417,418,-1,419,420,207,-1,207,420,421,-1,207,421,416,-1,416,421,422,-1,416,422,414,-1,10,419,260,-1,260,419,207,-1,260,207,258,-1,258,207,238,-1,258,238,234,-1,234,238,423,-1,234,423,235,-1,19,198,20,-1,20,198,202,-1,20,202,251,-1,251,202,424,-1,251,424,210,-1,210,424,425,-1,210,425,211,-1,426,427,428,-1,173,175,429,-1,429,175,430,-1,429,430,190,-1,190,430,428,-1,190,428,189,-1,189,428,427,-1,189,427,431,-1,432,433,434,-1,428,435,426,-1,426,435,436,-1,426,436,437,-1,437,436,432,-1,437,432,438,-1,438,432,434,-1,439,440,17,-1,17,440,441,-1,253,17,265,-1,265,17,441,-1,265,441,435,-1,435,441,442,-1,435,442,436,-1,443,440,444,-1,444,440,439,-1,444,439,445,-1,446,447,448,-1,449,450,439,-1,439,450,451,-1,439,451,445,-1,252,251,16,-1,16,251,446,-1,16,446,17,-1,17,446,448,-1,17,448,439,-1,439,448,452,-1,439,452,453,-1,454,455,456,-1,456,455,457,-1,456,457,446,-1,446,457,458,-1,446,458,447,-1,453,459,439,-1,439,459,460,-1,439,460,449,-1,461,462,463,-1,461,463,431,-1,462,464,463,-1,463,464,465,-1,463,465,456,-1,456,465,466,-1,456,466,454,-1,467,71,468,-1,468,71,67,-1,468,67,469,-1,469,67,55,-1,469,55,470,-1,470,55,60,-1,470,60,471,-1,471,60,42,-1,471,42,472,-1,472,42,40,-1,472,40,473,-1,473,40,34,-1,474,475,408,-1,408,475,476,-1,477,411,26,-1,407,409,408,-1,408,409,411,-1,408,411,474,-1,474,411,477,-1,474,477,478,-1,5,408,3,-1,3,408,476,-1,3,476,26,-1,26,476,479,-1,26,479,477,-1,480,481,482,-1,481,480,483,-1,483,480,5,-1,483,5,484,-1,485,486,487,-1,487,486,483,-1,487,483,488,-1,488,483,484,-1,488,484,489,-1,489,484,490,-1,2,480,0,-1,0,480,482,-1,0,482,4,-1,4,482,491,-1,4,491,5,-1,5,491,492,-1,5,492,484,-1,7,399,8,-1,8,399,493,-1,8,493,411,-1,411,493,35,-1,411,35,26,-1,26,35,37,-1,26,37,27,-1,2,210,480,-1,480,210,203,-1,480,203,5,-1,5,203,207,-1,5,207,408,-1,408,207,416,-1,408,416,406,-1,406,416,418,-1,365,369,322,-1,322,369,494,-1,322,494,320,-1,320,494,495,-1,320,495,324,-1,324,495,496,-1,324,496,325,-1,325,496,497,-1,325,497,347,-1,347,497,401,-1,347,401,362,-1,362,401,400,-1,362,400,370,-1,10,260,11,-1,11,260,265,-1,11,265,353,-1,353,265,435,-1,353,435,329,-1,329,435,428,-1,329,428,331,-1,331,428,430,-1,331,430,318,-1,318,430,175,-1,318,175,311,-1,498,499,177,-1,500,501,502,-1,502,498,500,-1,500,498,177,-1,500,177,503,-1,503,177,504,-1,503,504,505,-1,505,504,506,-1,313,312,314,-1,314,312,311,-1,314,311,506,-1,506,311,175,-1,506,175,505,-1,505,175,507,-1,508,499,509,-1,509,499,507,-1,509,507,510,-1,510,507,511,-1,508,512,499,-1,499,512,513,-1,499,513,514,-1,515,175,516,-1,516,175,177,-1,516,177,517,-1,517,177,499,-1,517,499,518,-1,518,499,514,-1,519,520,507,-1,507,520,521,-1,507,521,511,-1,515,522,175,-1,175,522,523,-1,175,523,507,-1,507,523,524,-1,507,524,519,-1,431,463,189,-1,189,463,525,-1,189,525,179,-1,179,525,526,-1,179,526,177,-1,177,526,527,-1,177,527,504,-1,74,73,1,-1,1,73,528,-1,1,528,2,-1,2,528,529,-1,2,529,210,-1,210,529,530,-1,210,530,251,-1,251,530,531,-1,251,531,446,-1,446,531,532,-1,446,532,456,-1,456,532,533,-1,456,533,463,-1,463,533,534,-1,463,534,525,-1,525,534,535,-1,525,535,526,-1,526,535,536,-1,526,536,527,-1,537,366,538,-1,538,366,539,-1,538,539,540,-1,540,539,541,-1,541,364,315,-1,542,537,543,-1,542,544,537,-1,537,544,367,-1,537,367,366,-1,543,545,542,-1,542,545,546,-1,542,546,547,-1,315,314,541,-1,541,314,506,-1,541,506,540,-1,540,506,504,-1,504,527,540,-1,540,527,536,-1,540,536,548,-1,548,536,549,-1,550,551,552,-1,549,553,548,-1,548,553,550,-1,548,550,554,-1,554,550,552,-1,555,556,557,-1,558,559,560,-1,560,559,561,-1,560,561,562,-1,555,557,563,-1,563,557,564,-1,563,564,565,-1,565,566,563,-1,563,566,567,-1,563,567,568,-1,562,569,560,-1,560,569,563,-1,560,563,570,-1,570,563,568,-1,556,571,557,-1,557,571,572,-1,557,572,573,-1,573,572,574,-1,573,574,575,-1,575,576,573,-1,573,576,577,-1,573,577,578,-1,578,577,579,-1,578,579,580,-1,581,472,582,-1,582,472,473,-1,582,473,583,-1,583,473,584,-1,469,585,468,-1,468,585,586,-1,584,473,579,-1,579,473,587,-1,579,587,588,-1,581,589,472,-1,472,589,590,-1,472,590,471,-1,471,590,585,-1,471,585,470,-1,470,585,469,-1,591,592,586,-1,586,592,593,-1,586,593,594,-1,595,596,558,-1,558,596,597,-1,558,597,559,-1,594,598,586,-1,586,598,599,-1,586,599,600,-1,600,601,586,-1,586,601,467,-1,586,467,468,-1,591,602,592,-1,592,602,603,-1,592,603,604,-1,604,603,605,-1,604,605,606,-1,606,607,604,-1,604,607,608,-1,604,608,609,-1,609,608,610,-1,609,610,611,-1,588,612,579,-1,579,612,613,-1,579,613,580,-1,595,558,610,-1,610,558,614,-1,610,614,615,-1,615,616,610,-1,610,616,617,-1,610,617,611,-1,537,573,578,-1,473,34,587,-1,587,34,35,-1,587,35,493,-1,399,401,544,-1,537,578,543,-1,543,578,580,-1,543,580,545,-1,545,580,613,-1,545,613,546,-1,546,613,612,-1,546,612,547,-1,547,612,588,-1,547,588,542,-1,542,588,587,-1,542,587,544,-1,544,587,493,-1,544,493,399,-1,401,497,544,-1,544,497,496,-1,544,496,495,-1,495,494,544,-1,544,494,369,-1,544,369,367,-1,618,619,620,-1,620,619,557,-1,620,557,621,-1,621,557,573,-1,621,573,538,-1,538,573,537,-1,622,560,570,-1,622,570,623,-1,623,570,568,-1,623,568,624,-1,624,568,567,-1,624,567,625,-1,625,567,566,-1,625,566,626,-1,626,566,565,-1,626,565,627,-1,627,565,564,-1,627,564,628,-1,628,564,557,-1,628,557,619,-1,629,630,631,-1,631,630,558,-1,631,558,632,-1,632,558,560,-1,632,560,633,-1,633,560,622,-1,634,604,609,-1,634,609,635,-1,635,609,611,-1,635,611,636,-1,636,611,617,-1,636,617,637,-1,637,617,616,-1,637,616,638,-1,638,616,615,-1,638,615,639,-1,639,615,614,-1,639,614,640,-1,640,614,558,-1,640,558,630,-1,641,592,642,-1,642,592,604,-1,642,604,643,-1,644,540,548,-1,634,645,646,-1,647,648,641,-1,641,648,649,-1,641,649,592,-1,649,650,592,-1,592,650,651,-1,592,651,548,-1,548,651,648,-1,548,648,644,-1,644,648,647,-1,644,647,646,-1,646,647,643,-1,646,643,634,-1,634,643,604,-1,71,467,601,-1,536,535,549,-1,549,535,534,-1,534,533,601,-1,601,533,532,-1,532,531,601,-1,601,531,530,-1,601,530,529,-1,529,528,601,-1,601,528,73,-1,601,73,71,-1,534,601,549,-1,549,601,600,-1,549,600,553,-1,553,600,599,-1,553,599,550,-1,550,599,598,-1,550,598,551,-1,551,598,594,-1,551,594,552,-1,552,594,593,-1,552,593,554,-1,554,593,592,-1,554,592,548,-1,630,629,652,-1,628,619,622,-1,635,640,634,-1,634,640,630,-1,634,630,645,-1,645,630,652,-1,645,652,618,-1,618,652,653,-1,618,653,619,-1,619,653,633,-1,619,633,622,-1,624,625,623,-1,623,625,626,-1,623,626,622,-1,622,626,627,-1,622,627,628,-1,635,636,640,-1,640,636,637,-1,640,637,639,-1,639,637,638,-1,644,621,540,-1,540,621,538,-1,620,646,618,-1,618,646,645,-1,646,620,644,-1,644,620,621,-1,654,655,632,-1,632,655,631,-1,654,632,653,-1,653,632,633,-1,652,629,655,-1,655,629,631,-1,655,654,652,-1,652,654,653,-1,656,368,657,-1,657,368,365,-1,539,366,656,-1,656,366,368,-1,657,365,541,-1,541,365,364,-1,656,657,539,-1,539,657,541,-1,658,659,610,-1,660,661,597,-1,662,663,562,-1,664,665,555,-1,666,667,572,-1,668,669,576,-1,670,671,584,-1,672,673,581,-1,674,675,585,-1,676,677,602,-1,602,677,678,-1,602,678,603,-1,676,602,679,-1,679,602,591,-1,679,591,680,-1,680,591,586,-1,680,586,681,-1,585,675,586,-1,586,675,682,-1,586,682,681,-1,674,585,683,-1,683,585,590,-1,683,590,684,-1,684,590,589,-1,684,589,685,-1,581,673,589,-1,589,673,686,-1,589,686,685,-1,672,581,687,-1,687,581,582,-1,687,582,688,-1,688,582,583,-1,688,583,689,-1,584,671,583,-1,583,671,690,-1,583,690,689,-1,670,584,691,-1,691,584,579,-1,691,579,692,-1,692,579,577,-1,692,577,693,-1,576,669,577,-1,577,669,694,-1,577,694,693,-1,668,576,695,-1,695,576,575,-1,695,575,696,-1,696,575,574,-1,696,574,697,-1,572,667,574,-1,574,667,698,-1,574,698,697,-1,666,572,699,-1,699,572,571,-1,699,571,700,-1,700,571,556,-1,700,556,701,-1,555,665,556,-1,556,665,702,-1,556,702,701,-1,664,555,703,-1,703,555,563,-1,703,563,704,-1,704,563,569,-1,704,569,705,-1,562,663,569,-1,569,663,706,-1,569,706,705,-1,662,562,707,-1,707,562,561,-1,707,561,708,-1,708,561,559,-1,708,559,709,-1,597,661,559,-1,559,661,710,-1,559,710,709,-1,660,597,711,-1,711,597,596,-1,711,596,712,-1,712,596,595,-1,712,595,713,-1,610,659,595,-1,595,659,714,-1,595,714,713,-1,658,610,715,-1,715,610,608,-1,715,608,716,-1,716,608,607,-1,716,607,717,-1,606,718,607,-1,607,718,719,-1,607,719,717,-1,678,720,603,-1,603,720,721,-1,603,721,605,-1,605,721,722,-1,605,722,606,-1,606,722,723,-1,606,723,718,-1,724,725,726,-1,724,726,727,-1,728,729,726,-1,726,729,730,-1,726,730,727,-1,731,732,726,-1,726,732,733,-1,726,733,728,-1,734,735,726,-1,726,735,736,-1,726,736,731,-1,737,738,726,-1,726,738,739,-1,726,739,734,-1,740,741,726,-1,726,741,742,-1,726,742,737,-1,743,744,726,-1,726,744,745,-1,726,745,740,-1,746,747,726,-1,726,747,748,-1,726,748,743,-1,749,750,726,-1,726,750,751,-1,726,751,746,-1,752,753,726,-1,726,753,754,-1,726,754,749,-1,755,756,726,-1,726,756,757,-1,726,757,752,-1,758,759,726,-1,726,759,760,-1,726,760,755,-1,761,762,726,-1,726,762,763,-1,726,763,758,-1,764,765,726,-1,726,765,766,-1,726,766,761,-1,725,767,726,-1,726,767,768,-1,726,768,764,-1,720,678,769,-1,681,682,770,-1,685,686,771,-1,689,690,772,-1,693,694,773,-1,697,698,774,-1,701,702,775,-1,705,706,776,-1,709,710,777,-1,713,714,778,-1,717,719,779,-1,727,730,780,-1,780,730,781,-1,780,781,782,-1,782,781,783,-1,782,783,784,-1,784,783,785,-1,784,785,786,-1,786,785,787,-1,786,787,788,-1,788,787,779,-1,733,732,789,-1,789,732,790,-1,789,790,791,-1,791,790,792,-1,791,792,793,-1,793,792,794,-1,793,794,795,-1,795,794,796,-1,795,796,797,-1,797,796,778,-1,735,734,798,-1,798,734,799,-1,798,799,800,-1,800,799,801,-1,800,801,802,-1,802,801,803,-1,802,803,804,-1,804,803,805,-1,804,805,806,-1,806,805,777,-1,737,742,807,-1,807,742,808,-1,807,808,809,-1,809,808,810,-1,809,810,811,-1,811,810,812,-1,811,812,813,-1,813,812,814,-1,813,814,815,-1,815,814,776,-1,745,744,816,-1,816,744,817,-1,816,817,818,-1,818,817,819,-1,818,819,820,-1,820,819,821,-1,820,821,822,-1,822,821,823,-1,822,823,824,-1,824,823,775,-1,747,746,825,-1,825,746,826,-1,825,826,827,-1,827,826,828,-1,827,828,829,-1,829,828,830,-1,829,830,831,-1,831,830,832,-1,831,832,833,-1,833,832,774,-1,749,754,834,-1,834,754,835,-1,834,835,836,-1,836,835,837,-1,836,837,838,-1,838,837,839,-1,838,839,840,-1,840,839,841,-1,840,841,842,-1,842,841,773,-1,757,756,843,-1,843,756,844,-1,843,844,845,-1,845,844,846,-1,845,846,847,-1,847,846,848,-1,847,848,849,-1,849,848,850,-1,849,850,851,-1,851,850,772,-1,759,758,852,-1,852,758,853,-1,852,853,854,-1,854,853,855,-1,854,855,856,-1,856,855,857,-1,856,857,858,-1,858,857,859,-1,858,859,860,-1,860,859,771,-1,761,766,861,-1,861,766,862,-1,861,862,863,-1,863,862,864,-1,863,864,865,-1,865,864,866,-1,865,866,867,-1,867,866,868,-1,867,868,869,-1,869,868,770,-1,768,767,870,-1,870,767,871,-1,870,871,872,-1,872,871,873,-1,872,873,874,-1,874,873,875,-1,874,875,876,-1,876,875,877,-1,876,877,878,-1,878,877,769,-1,724,727,879,-1,879,727,780,-1,879,780,880,-1,880,780,782,-1,880,782,881,-1,881,782,784,-1,881,784,882,-1,882,784,786,-1,882,786,883,-1,883,786,788,-1,883,788,722,-1,722,788,723,-1,779,719,788,-1,788,719,718,-1,788,718,723,-1,716,717,884,-1,884,717,779,-1,884,779,885,-1,885,779,787,-1,885,787,886,-1,886,787,785,-1,886,785,887,-1,887,785,783,-1,887,783,888,-1,888,783,781,-1,888,781,729,-1,729,781,730,-1,729,728,888,-1,888,728,889,-1,888,889,887,-1,887,889,890,-1,887,890,886,-1,886,890,891,-1,886,891,885,-1,885,891,892,-1,885,892,884,-1,884,892,893,-1,884,893,716,-1,716,893,715,-1,728,733,889,-1,889,733,789,-1,889,789,890,-1,890,789,791,-1,890,791,891,-1,891,791,793,-1,891,793,892,-1,892,793,795,-1,892,795,893,-1,893,795,797,-1,893,797,715,-1,715,797,658,-1,778,714,797,-1,797,714,659,-1,797,659,658,-1,712,713,894,-1,894,713,778,-1,894,778,895,-1,895,778,796,-1,895,796,896,-1,896,796,794,-1,896,794,897,-1,897,794,792,-1,897,792,898,-1,898,792,790,-1,898,790,731,-1,731,790,732,-1,731,736,898,-1,898,736,899,-1,898,899,897,-1,897,899,900,-1,897,900,896,-1,896,900,901,-1,896,901,895,-1,895,901,902,-1,895,902,894,-1,894,902,903,-1,894,903,712,-1,712,903,711,-1,736,735,899,-1,899,735,798,-1,899,798,900,-1,900,798,800,-1,900,800,901,-1,901,800,802,-1,901,802,902,-1,902,802,804,-1,902,804,903,-1,903,804,806,-1,903,806,711,-1,711,806,660,-1,777,710,806,-1,806,710,661,-1,806,661,660,-1,708,709,904,-1,904,709,777,-1,904,777,905,-1,905,777,805,-1,905,805,906,-1,906,805,803,-1,906,803,907,-1,907,803,801,-1,907,801,908,-1,908,801,799,-1,908,799,739,-1,739,799,734,-1,739,738,908,-1,908,738,909,-1,908,909,907,-1,907,909,910,-1,907,910,906,-1,906,910,911,-1,906,911,905,-1,905,911,912,-1,905,912,904,-1,904,912,913,-1,904,913,708,-1,708,913,707,-1,738,737,909,-1,909,737,807,-1,909,807,910,-1,910,807,809,-1,910,809,911,-1,911,809,811,-1,911,811,912,-1,912,811,813,-1,912,813,913,-1,913,813,815,-1,913,815,707,-1,707,815,662,-1,776,706,815,-1,815,706,663,-1,815,663,662,-1,704,705,914,-1,914,705,776,-1,914,776,915,-1,915,776,814,-1,915,814,916,-1,916,814,812,-1,916,812,917,-1,917,812,810,-1,917,810,918,-1,918,810,808,-1,918,808,741,-1,741,808,742,-1,741,740,918,-1,918,740,919,-1,918,919,917,-1,917,919,920,-1,917,920,916,-1,916,920,921,-1,916,921,915,-1,915,921,922,-1,915,922,914,-1,914,922,923,-1,914,923,704,-1,704,923,703,-1,740,745,919,-1,919,745,816,-1,919,816,920,-1,920,816,818,-1,920,818,921,-1,921,818,820,-1,921,820,922,-1,922,820,822,-1,922,822,923,-1,923,822,824,-1,923,824,703,-1,703,824,664,-1,775,702,824,-1,824,702,665,-1,824,665,664,-1,700,701,924,-1,924,701,775,-1,924,775,925,-1,925,775,823,-1,925,823,926,-1,926,823,821,-1,926,821,927,-1,927,821,819,-1,927,819,928,-1,928,819,817,-1,928,817,743,-1,743,817,744,-1,743,748,928,-1,928,748,929,-1,928,929,927,-1,927,929,930,-1,927,930,926,-1,926,930,931,-1,926,931,925,-1,925,931,932,-1,925,932,924,-1,924,932,933,-1,924,933,700,-1,700,933,699,-1,748,747,929,-1,929,747,825,-1,929,825,930,-1,930,825,827,-1,930,827,931,-1,931,827,829,-1,931,829,932,-1,932,829,831,-1,932,831,933,-1,933,831,833,-1,933,833,699,-1,699,833,666,-1,774,698,833,-1,833,698,667,-1,833,667,666,-1,696,697,934,-1,934,697,774,-1,934,774,935,-1,935,774,832,-1,935,832,936,-1,936,832,830,-1,936,830,937,-1,937,830,828,-1,937,828,938,-1,938,828,826,-1,938,826,751,-1,751,826,746,-1,751,750,938,-1,938,750,939,-1,938,939,937,-1,937,939,940,-1,937,940,936,-1,936,940,941,-1,936,941,935,-1,935,941,942,-1,935,942,934,-1,934,942,943,-1,934,943,696,-1,696,943,695,-1,750,749,939,-1,939,749,834,-1,939,834,940,-1,940,834,836,-1,940,836,941,-1,941,836,838,-1,941,838,942,-1,942,838,840,-1,942,840,943,-1,943,840,842,-1,943,842,695,-1,695,842,668,-1,773,694,842,-1,842,694,669,-1,842,669,668,-1,692,693,944,-1,944,693,773,-1,944,773,945,-1,945,773,841,-1,945,841,946,-1,946,841,839,-1,946,839,947,-1,947,839,837,-1,947,837,948,-1,948,837,835,-1,948,835,753,-1,753,835,754,-1,753,752,948,-1,948,752,949,-1,948,949,947,-1,947,949,950,-1,947,950,946,-1,946,950,951,-1,946,951,945,-1,945,951,952,-1,945,952,944,-1,944,952,953,-1,944,953,692,-1,692,953,691,-1,752,757,949,-1,949,757,843,-1,949,843,950,-1,950,843,845,-1,950,845,951,-1,951,845,847,-1,951,847,952,-1,952,847,849,-1,952,849,953,-1,953,849,851,-1,953,851,691,-1,691,851,670,-1,772,690,851,-1,851,690,671,-1,851,671,670,-1,688,689,954,-1,954,689,772,-1,954,772,955,-1,955,772,850,-1,955,850,956,-1,956,850,848,-1,956,848,957,-1,957,848,846,-1,957,846,958,-1,958,846,844,-1,958,844,755,-1,755,844,756,-1,755,760,958,-1,958,760,959,-1,958,959,957,-1,957,959,960,-1,957,960,956,-1,956,960,961,-1,956,961,955,-1,955,961,962,-1,955,962,954,-1,954,962,963,-1,954,963,688,-1,688,963,687,-1,760,759,959,-1,959,759,852,-1,959,852,960,-1,960,852,854,-1,960,854,961,-1,961,854,856,-1,961,856,962,-1,962,856,858,-1,962,858,963,-1,963,858,860,-1,963,860,687,-1,687,860,672,-1,771,686,860,-1,860,686,673,-1,860,673,672,-1,684,685,964,-1,964,685,771,-1,964,771,965,-1,965,771,859,-1,965,859,966,-1,966,859,857,-1,966,857,967,-1,967,857,855,-1,967,855,968,-1,968,855,853,-1,968,853,763,-1,763,853,758,-1,763,762,968,-1,968,762,969,-1,968,969,967,-1,967,969,970,-1,967,970,966,-1,966,970,971,-1,966,971,965,-1,965,971,972,-1,965,972,964,-1,964,972,973,-1,964,973,684,-1,684,973,683,-1,762,761,969,-1,969,761,861,-1,969,861,970,-1,970,861,863,-1,970,863,971,-1,971,863,865,-1,971,865,972,-1,972,865,867,-1,972,867,973,-1,973,867,869,-1,973,869,683,-1,683,869,674,-1,770,682,869,-1,869,682,675,-1,869,675,674,-1,680,681,974,-1,974,681,770,-1,974,770,975,-1,975,770,868,-1,975,868,976,-1,976,868,866,-1,976,866,977,-1,977,866,864,-1,977,864,978,-1,978,864,862,-1,978,862,765,-1,765,862,766,-1,765,764,978,-1,978,764,979,-1,978,979,977,-1,977,979,980,-1,977,980,976,-1,976,980,981,-1,976,981,975,-1,975,981,982,-1,975,982,974,-1,974,982,983,-1,974,983,680,-1,680,983,679,-1,764,768,979,-1,979,768,870,-1,979,870,980,-1,980,870,872,-1,980,872,981,-1,981,872,874,-1,981,874,982,-1,982,874,876,-1,982,876,983,-1,983,876,878,-1,983,878,679,-1,679,878,676,-1,769,678,878,-1,878,678,677,-1,878,677,676,-1,721,720,984,-1,984,720,769,-1,984,769,985,-1,985,769,877,-1,985,877,986,-1,986,877,875,-1,986,875,987,-1,987,875,873,-1,987,873,988,-1,988,873,871,-1,988,871,725,-1,725,871,767,-1,725,724,988,-1,988,724,879,-1,988,879,987,-1,987,879,880,-1,987,880,986,-1,986,880,881,-1,986,881,985,-1,985,881,882,-1,985,882,984,-1,984,882,883,-1,984,883,721,-1,721,883,722,-1,
        ]
    }
}
Shape{
    appearance Appearance {
        material  Material 	{
            diffuseColor 0.6666666666666666 0.6980392156862745 0.7686274509803922
            specularColor 0.3333333333333333 0.34901960784313724 0.3843137254901961
            ambientIntensity 0.2
            transparency 0
            shininess 0.5
        }
    }
    geometry IndexedFaceSet {
        ccw TRUE
        solid FALSE
        coord DEF co Coordinate {
            point [
                -1.0217 -1.0138 -1.2205, -0.7461 -1.0138 -1.2205, -1.0217 -1.0138 -1.1811, -0.7461 -1.0138 -1.1811, -0.7461 -0.935 -1.1811, -0.7461 -0.935 -1.2205, -1.0217 -0.935 -1.1811, -1.0217 -0.935 -1.2205, -1.0217 -1.0151 -1.2307, -1.0217 -0.9391 -1.251, -1.0217 -1.0191 -1.2402, -1.0217 -0.9509 -1.2795, -1.0217 -1.0253 -1.2483, -1.0217 -0.9696 -1.304, -1.0217 -1.0335 -1.2546, -1.0217 -0.9941 -1.3228, -1.0217 -1.043 -1.2585, -1.0217 -1.0226 -1.3346, -1.0217 -1.0531 -1.2598, -1.0217 -1.0531 -1.3386, -1.0217 -1.9587 -1.2598, -1.0217 -1.9587 -1.3386, -0.7461 -1.9587 -1.2598, -0.7461 -1.9587 -1.3386, -0.7461 -1.0531 -1.2598, -0.7461 -1.0531 -1.3386, -0.7461 -1.043 -1.2585, -0.7461 -1.0226 -1.3346, -0.7461 -1.0335 -1.2546, -0.7461 -0.9941 -1.3228, -0.7461 -1.0253 -1.2483, -0.7461 -0.9696 -1.304, -0.7461 -1.0191 -1.2402, -0.7461 -0.9509 -1.2795, -0.7461 -1.0151 -1.2307, -0.7461 -0.9391 -1.251, 1.0256 -0.935 -1.2205, 0.75 -0.935 -1.2205, 1.0256 -0.935 -1.1811, 0.75 -0.935 -1.1811, 0.75 -1.0138 -1.1811, 0.75 -1.0138 -1.2205, 1.0256 -1.0138 -1.1811, 1.0256 -1.0138 -1.2205, 1.0256 -1.9587 -1.2598, 1.0256 -1.9587 -1.3386, 1.0256 -1.0531 -1.2598, 1.0256 -1.0531 -1.3386, 1.0256 -1.043 -1.2585, 1.0256 -1.0226 -1.3346, 1.0256 -1.0335 -1.2546, 1.0256 -0.9941 -1.3228, 1.0256 -1.0253 -1.2483, 1.0256 -0.9696 -1.304, 1.0256 -1.0191 -1.2402, 1.0256 -0.9509 -1.2795, 1.0256 -1.0151 -1.2307, 1.0256 -0.9391 -1.251, 0.75 -1.0151 -1.2307, 0.75 -0.9391 -1.251, 0.75 -1.0191 -1.2402, 0.75 -0.9509 -1.2795, 0.75 -1.0253 -1.2483, 0.75 -0.9696 -1.304, 0.75 -1.0335 -1.2546, 0.75 -0.9941 -1.3228, 0.75 -1.043 -1.2585, 0.75 -1.0226 -1.3346, 0.75 -1.0531 -1.2598, 0.75 -1.0531 -1.3386, 0.75 -1.9587 -1.2598, 0.75 -1.9587 -1.3386, 0.75 -1.9587 -1.3386
            ]
        }
        coordIndex [
            0,1,2,-1,2,1,3,-1,4,5,6,-1,6,5,7,-1,2,6,0,-1,0,6,7,-1,0,7,8,-1,8,7,9,-1,8,9,10,-1,10,9,11,-1,10,11,12,-1,12,11,13,-1,12,13,14,-1,14,13,15,-1,14,15,16,-1,16,15,17,-1,16,17,18,-1,18,17,19,-1,18,19,20,-1,20,19,21,-1,22,23,24,-1,24,23,25,-1,24,25,26,-1,26,25,27,-1,26,27,28,-1,28,27,29,-1,28,29,30,-1,30,29,31,-1,30,31,32,-1,32,31,33,-1,32,33,34,-1,34,33,35,-1,34,35,1,-1,1,35,5,-1,1,5,3,-1,3,5,4,-1,21,19,23,-1,23,19,25,-1,20,21,22,-1,22,21,23,-1,18,20,24,-1,24,20,22,-1,18,24,16,-1,16,24,26,-1,16,26,14,-1,14,26,28,-1,14,28,12,-1,12,28,30,-1,12,30,10,-1,10,30,32,-1,10,32,8,-1,8,32,34,-1,8,34,0,-1,0,34,1,-1,7,5,35,-1,7,35,9,-1,9,35,33,-1,9,33,11,-1,11,33,31,-1,11,31,13,-1,13,31,29,-1,13,29,15,-1,15,29,27,-1,15,27,17,-1,17,27,25,-1,17,25,19,-1,36,37,38,-1,38,37,39,-1,40,41,42,-1,42,41,43,-1,44,45,46,-1,46,45,47,-1,46,47,48,-1,48,47,49,-1,48,49,50,-1,50,49,51,-1,50,51,52,-1,52,51,53,-1,52,53,54,-1,54,53,55,-1,54,55,56,-1,56,55,57,-1,56,57,43,-1,43,57,36,-1,43,36,42,-1,42,36,38,-1,40,39,41,-1,41,39,37,-1,41,37,58,-1,58,37,59,-1,58,59,60,-1,60,59,61,-1,60,61,62,-1,62,61,63,-1,62,63,64,-1,64,63,65,-1,64,65,66,-1,66,65,67,-1,66,67,68,-1,68,67,69,-1,68,69,70,-1,70,69,71,-1,47,45,69,-1,69,45,71,-1,47,69,67,-1,47,67,49,-1,49,67,65,-1,49,65,51,-1,51,65,63,-1,51,63,53,-1,53,63,61,-1,53,61,55,-1,55,61,59,-1,55,59,57,-1,57,59,37,-1,57,37,36,-1,43,41,56,-1,56,41,58,-1,56,58,54,-1,54,58,60,-1,54,60,52,-1,52,60,62,-1,52,62,50,-1,50,62,64,-1,50,64,48,-1,48,64,66,-1,48,66,46,-1,46,66,68,-1,44,46,70,-1,70,46,68,-1,45,44,71,-1,71,44,70,-1,
        ]
    }
}
Shape{
    appearance Appearance {
        material  Material 	{
            diffuseColor 1.0 1.0 1.0
            specularColor 0.5019607843137255 0.5019607843137255 0.5019607843137255
            ambientIntensity 0.2
            transparency 0
            shininess 0.5
        }
    }
    geometry IndexedFaceSet {
        ccw TRUE
        solid FALSE
        coord DEF co Coordinate {
            point [
                -1.1831 -0.9961 -0.7016, -1.1831 -0.9961 -0.7107, -1.1791 -0.9961 -0.7016, -1.1791 -0.9961 -0.7107, -1.1831 -0.9642 -0.7016, -1.1791 -0.9642 -0.7016, -1.1831 -0.9642 -0.6306, -1.1791 -0.9642 -0.6306, -1.1831 -0.9538 -0.6306, -1.1791 -0.9538 -0.6306, -1.1831 -0.9538 -0.7107, -1.1791 -0.9538 -0.7107, -1.1831 -1.0371 -0.712, -1.1791 -1.0371 -0.712, -1.1831 -1.0493 -0.7109, -1.1791 -1.0442 -0.7114, -1.1791 -1.0493 -0.7109, -1.1791 -1.0579 -0.7081, -1.1831 -1.0579 -0.7081, -1.1791 -1.0593 -0.7074, -1.1831 -1.0593 -0.7074, -1.1831 -1.0593 -0.6975, -1.1791 -1.0593 -0.6975, -1.1791 -1.0514 -0.701, -1.1831 -1.0514 -0.701, -1.1791 -1.0423 -0.7027, -1.1831 -1.0423 -0.7027, -1.1791 -1.0386 -0.7028, -1.1831 -1.0386 -0.7028, -1.1791 -1.0314 -0.7021, -1.1831 -1.0314 -0.7021, -1.1791 -1.0255 -0.7, -1.1831 -1.0255 -0.7, -1.1791 -1.0202 -0.6964, -1.1831 -1.0202 -0.6964, -1.1791 -1.018 -0.6944, -1.1831 -1.018 -0.6944, -1.1791 -1.0143 -0.6892, -1.1831 -1.0143 -0.6892, -1.1791 -1.0116 -0.6828, -1.1831 -1.0116 -0.6828, -1.1791 -1.0103 -0.6749, -1.1831 -1.0103 -0.6749, -1.1791 -1.0102 -0.6716, -1.1831 -1.0102 -0.6716, -1.1791 -1.0115 -0.6606, -1.1831 -1.0115 -0.6606, -1.1791 -1.0142 -0.6537, -1.1831 -1.0142 -0.6537, -1.1791 -1.018 -0.6481, -1.1831 -1.018 -0.6481, -1.1791 -1.0186 -0.6475, -1.1831 -1.0186 -0.6475, -1.1791 -1.0237 -0.6432, -1.1831 -1.0237 -0.6432, -1.1791 -1.0299 -0.6402, -1.1831 -1.0299 -0.6402, -1.1791 -1.0368 -0.6388, -1.1831 -1.0368 -0.6388, -1.1791 -1.0404 -0.6386, -1.1831 -1.0404 -0.6386, -1.1791 -1.0503 -0.6398, -1.1831 -1.0503 -0.6398, -1.1791 -1.0584 -0.6429, -1.1831 -1.0584 -0.6429, -1.1791 -1.0593 -0.6433, -1.1831 -1.0593 -0.6433, -1.1831 -1.0593 -0.6325, -1.1791 -1.0593 -0.6325, -1.1791 -1.0403 -0.6293, -1.1831 -1.0403 -0.6293, -1.1791 -1.0489 -0.6299, -1.1831 -1.0508 -0.6301, -1.1791 -1.0508 -0.6301, -1.1791 -1.0347 -0.6299, -1.1831 -1.0288 -0.6307, -1.1791 -1.0288 -0.6307, -1.1791 -1.0204 -0.6339, -1.1831 -1.0204 -0.6339, -1.1791 -1.0129 -0.6391, -1.1831 -1.0129 -0.6391, -1.1791 -1.0109 -0.6411, -1.1831 -1.0109 -0.6411, -1.1791 -1.0051 -0.6486, -1.1791 -1.0029 -0.6537, -1.1831 -1.0013 -0.6575, -1.1831 -1.0051 -0.6486, -1.1791 -1.0013 -0.6575, -1.1791 -0.9995 -0.668, -1.1831 -0.9995 -0.668, -1.1791 -0.9993 -0.6722, -1.1831 -0.9993 -0.6722, -1.1791 -1.0009 -0.6852, -1.1791 -1.0029 -0.6903, -1.1831 -1.0041 -0.6935, -1.1831 -1.0009 -0.6852, -1.1791 -1.0041 -0.6935, -1.1791 -1.0089 -0.7004, -1.1831 -1.0089 -0.7004, -1.1791 -1.0096 -0.7011, -1.1831 -1.0096 -0.7011, -1.1831 -1.031 -0.7117, -1.1791 -1.0151 -0.7058, -1.1831 -1.0151 -0.7058, -1.1791 -1.0225 -0.7096, -1.1831 -1.0225 -0.7096, -1.1791 -1.0297 -0.7114, -1.1791 -1.031 -0.7117, -1.1831 -1.1184 -0.7016, -1.1831 -1.1184 -0.7107, -1.1791 -1.1184 -0.7016, -1.1791 -1.1184 -0.7107, -1.1791 -1.0856 -0.7016, -1.1831 -1.0856 -0.7016, -1.1791 -1.1073 -0.7016, -1.1831 -1.0856 -0.6746, -1.1791 -1.0856 -0.6746, -1.1831 -1.1143 -0.6746, -1.1791 -1.1073 -0.6746, -1.1791 -1.1143 -0.6746, -1.1831 -1.1143 -0.6655, -1.1791 -1.1143 -0.6655, -1.1791 -1.0856 -0.6655, -1.1831 -1.0856 -0.6655, -1.1791 -1.1073 -0.6655, -1.1831 -1.0856 -0.6398, -1.1791 -1.0856 -0.6398, -1.1831 -1.1165 -0.6398, -1.1791 -1.1073 -0.6398, -1.1791 -1.1165 -0.6398, -1.1831 -1.1165 -0.6306, -1.1791 -1.1165 -0.6306, -1.1791 -1.0753 -0.6306, -1.1831 -1.0753 -0.6306, -1.1791 -1.1073 -0.6306, -1.1831 -1.0753 -0.7107, -1.1791 -1.0753 -0.7107, -1.1791 -1.1073 -0.7107, -1.1831 -1.1832 -0.6884, -1.1831 -1.1793 -0.6932, -1.1831 -1.1866 -0.6995, -1.1831 -1.1783 -0.6941, -1.1831 -1.1782 -0.7055, -1.1831 -1.1731 -0.6977, -1.1831 -1.1691 -0.709, -1.1831 -1.1665 -0.7002, -1.1831 -1.1555 -0.7107, -1.1831 -1.1555 -0.7016, -1.1831 -1.1335 -0.7107, -1.1831 -1.1438 -0.7016, -1.1831 -1.1335 -0.6306, -1.1831 -1.1438 -0.6398, -1.1831 -1.1563 -0.6306, -1.1831 -1.1559 -0.6398, -1.1831 -1.1686 -0.632, -1.1831 -1.1668 -0.6411, -1.1831 -1.1782 -0.6355, -1.1831 -1.1736 -0.6437, -1.1831 -1.1866 -0.6412, -1.1831 -1.179 -0.6474, -1.1831 -1.1895 -0.644, -1.1831 -1.1813 -0.6496, -1.1831 -1.1944 -0.651, -1.1831 -1.1844 -0.6541, -1.1831 -1.1974 -0.6586, -1.1831 -1.1866 -0.66, -1.1831 -1.1987 -0.6696, -1.1831 -1.1878 -0.6699, -1.1831 -1.1984 -0.6747, -1.1831 -1.1875 -0.6752, -1.1831 -1.1965 -0.6841, -1.1831 -1.186 -0.6825, -1.1831 -1.1926 -0.6924, -1.1791 -1.1555 -0.7107, -1.1791 -1.1335 -0.7107, -1.1791 -1.1866 -0.6995, -1.1791 -1.1691 -0.709, -1.1791 -1.1702 -0.7086, -1.1791 -1.1782 -0.7055, -1.1791 -1.1926 -0.6924, -1.1791 -1.1965 -0.6841, -1.1791 -1.1984 -0.6747, -1.1791 -1.1987 -0.6696, -1.1791 -1.1974 -0.6586, -1.1791 -1.1944 -0.651, -1.1791 -1.1895 -0.644, -1.1791 -1.1866 -0.6412, -1.1791 -1.1563 -0.6306, -1.1791 -1.1782 -0.6355, -1.1791 -1.1702 -0.6326, -1.1791 -1.1686 -0.632, -1.1791 -1.1335 -0.6306, -1.1791 -1.1559 -0.6398, -1.1791 -1.1438 -0.6398, -1.1791 -1.1438 -0.7016, -1.1791 -1.1555 -0.7016, -1.1791 -1.1793 -0.6932, -1.1791 -1.1783 -0.6941, -1.1791 -1.1731 -0.6977, -1.1791 -1.1665 -0.7002, -1.1791 -1.1878 -0.6699, -1.1791 -1.1875 -0.6752, -1.1791 -1.186 -0.6825, -1.1791 -1.1832 -0.6884, -1.1791 -1.179 -0.6474, -1.1791 -1.1813 -0.6496, -1.1791 -1.1844 -0.6541, -1.1791 -1.1866 -0.66, -1.1791 -1.1668 -0.6411, -1.1791 -1.1736 -0.6437, -1.1791 -1.1736 -0.6437
            ]
        }
        coordIndex [
            0,1,2,-1,2,1,3,-1,4,0,5,-1,5,0,2,-1,6,4,7,-1,7,4,5,-1,8,6,9,-1,9,6,7,-1,10,8,11,-1,11,8,9,-1,1,10,3,-1,3,10,11,-1,6,8,4,-1,4,8,10,-1,4,10,0,-1,0,10,1,-1,12,13,14,-1,14,13,15,-1,15,16,14,-1,14,16,17,-1,14,17,18,-1,18,17,19,-1,18,19,20,-1,21,20,22,-1,22,20,19,-1,21,22,23,-1,21,23,24,-1,24,23,25,-1,24,25,26,-1,26,25,27,-1,26,27,28,-1,28,27,29,-1,28,29,30,-1,30,29,31,-1,30,31,32,-1,32,31,33,-1,32,33,34,-1,34,33,35,-1,34,35,36,-1,36,35,37,-1,36,37,38,-1,38,37,39,-1,38,39,40,-1,40,39,41,-1,40,41,42,-1,42,41,43,-1,42,43,44,-1,44,43,45,-1,44,45,46,-1,46,45,47,-1,46,47,48,-1,48,47,49,-1,48,49,50,-1,50,49,51,-1,50,51,52,-1,52,51,53,-1,52,53,54,-1,54,53,55,-1,54,55,56,-1,56,55,57,-1,56,57,58,-1,58,57,59,-1,58,59,60,-1,60,59,61,-1,60,61,62,-1,62,61,63,-1,62,63,64,-1,64,63,65,-1,64,65,66,-1,67,66,68,-1,68,66,65,-1,69,70,71,-1,71,70,72,-1,71,72,73,-1,73,72,67,-1,73,67,68,-1,70,69,74,-1,70,74,75,-1,74,76,75,-1,75,76,77,-1,75,77,78,-1,78,77,79,-1,78,79,80,-1,80,79,81,-1,80,81,82,-1,82,81,83,-1,84,85,83,-1,83,85,86,-1,83,86,82,-1,84,87,85,-1,85,87,88,-1,85,88,89,-1,89,88,90,-1,89,90,91,-1,91,90,92,-1,93,94,92,-1,92,94,95,-1,92,95,91,-1,93,96,94,-1,94,96,97,-1,94,97,98,-1,98,97,99,-1,98,99,100,-1,13,12,101,-1,100,99,102,-1,100,102,103,-1,103,102,104,-1,103,104,105,-1,105,104,106,-1,105,106,101,-1,101,106,107,-1,101,107,13,-1,82,52,80,-1,80,52,54,-1,80,54,78,-1,91,44,89,-1,89,44,46,-1,89,46,85,-1,85,46,86,-1,86,46,48,-1,86,48,82,-1,82,48,50,-1,82,50,52,-1,78,54,75,-1,75,54,56,-1,75,56,70,-1,20,21,18,-1,18,21,24,-1,18,24,14,-1,14,24,26,-1,14,26,12,-1,12,26,28,-1,12,28,101,-1,101,28,30,-1,101,30,105,-1,105,30,32,-1,105,32,103,-1,103,32,34,-1,103,34,100,-1,100,34,36,-1,100,36,98,-1,98,36,38,-1,98,38,94,-1,94,38,95,-1,95,38,40,-1,95,40,91,-1,91,40,42,-1,91,42,44,-1,56,58,70,-1,70,58,60,-1,70,60,72,-1,72,60,62,-1,72,62,67,-1,67,62,64,-1,67,64,66,-1,108,109,110,-1,110,109,111,-1,112,113,114,-1,114,113,108,-1,114,108,110,-1,115,113,116,-1,116,113,112,-1,115,116,117,-1,117,116,118,-1,117,118,119,-1,120,117,121,-1,121,117,119,-1,122,123,124,-1,124,123,120,-1,124,120,121,-1,125,123,126,-1,126,123,122,-1,125,126,127,-1,127,126,128,-1,127,128,129,-1,130,127,131,-1,131,127,129,-1,132,133,134,-1,134,133,130,-1,134,130,131,-1,135,133,136,-1,136,133,132,-1,135,136,109,-1,109,136,137,-1,109,137,111,-1,109,108,135,-1,135,108,113,-1,117,120,115,-1,115,120,123,-1,127,130,125,-1,125,130,133,-1,125,133,123,-1,123,133,135,-1,123,135,115,-1,115,135,113,-1,138,139,140,-1,140,139,141,-1,140,141,142,-1,142,141,143,-1,142,143,144,-1,144,143,145,-1,144,145,146,-1,146,145,147,-1,146,147,148,-1,148,147,149,-1,148,149,150,-1,150,149,151,-1,150,151,152,-1,152,151,153,-1,152,153,154,-1,154,153,155,-1,154,155,156,-1,156,155,157,-1,156,157,158,-1,158,157,159,-1,158,159,160,-1,160,159,161,-1,160,161,162,-1,162,161,163,-1,162,163,164,-1,164,163,165,-1,164,165,166,-1,166,165,167,-1,166,167,168,-1,168,167,169,-1,168,169,170,-1,170,169,171,-1,170,171,172,-1,172,171,138,-1,172,138,140,-1,146,148,173,-1,173,148,174,-1,175,140,142,-1,146,173,176,-1,146,176,144,-1,144,176,177,-1,144,177,142,-1,142,177,178,-1,142,178,175,-1,140,175,179,-1,140,179,172,-1,172,179,180,-1,172,180,170,-1,170,180,181,-1,170,181,168,-1,168,181,182,-1,168,182,166,-1,166,182,183,-1,166,183,164,-1,164,183,184,-1,164,184,162,-1,162,184,185,-1,162,185,160,-1,160,185,186,-1,160,186,158,-1,187,152,154,-1,158,186,188,-1,158,188,156,-1,156,188,189,-1,156,189,154,-1,154,189,190,-1,154,190,187,-1,150,152,191,-1,191,152,187,-1,148,150,174,-1,174,150,191,-1,153,151,192,-1,192,151,193,-1,151,149,193,-1,193,149,194,-1,149,147,194,-1,194,147,195,-1,139,196,197,-1,139,197,141,-1,141,197,198,-1,141,198,143,-1,143,198,199,-1,143,199,145,-1,145,199,195,-1,145,195,147,-1,167,200,201,-1,167,201,169,-1,169,201,202,-1,169,202,171,-1,171,202,203,-1,171,203,138,-1,138,203,196,-1,138,196,139,-1,159,204,205,-1,159,205,161,-1,161,205,206,-1,161,206,163,-1,163,206,207,-1,163,207,165,-1,165,207,200,-1,165,200,167,-1,153,192,208,-1,153,208,155,-1,155,208,209,-1,155,209,157,-1,157,209,204,-1,157,204,159,-1,
        ]
    }
}
Shape{
    appearance Appearance {
        material  Material 	{
            diffuseColor 0.2235294117647059 0.2235294117647059 0.2235294117647059
            specularColor 0.11372549019607843 0.11372549019607843 0.11372549019607843
            ambientIntensity 0.2
            transparency 0
            shininess 0.5
        }
    }
    geometry IndexedFaceSet {
        ccw TRUE
        solid FALSE
        coord DEF co Coordinate {
            point [
                -1.1791 -1.1438 -0.6398, -1.1791 -1.1438 -0.7016, -1.1791 -1.1559 -0.6398, -1.1791 -1.1555 -0.7016, -1.1791 -1.1665 -0.7002, -1.1791 -1.1731 -0.6977, -1.1791 -1.1783 -0.6941, -1.1791 -1.1793 -0.6932, -1.1791 -1.1832 -0.6884, -1.1791 -1.186 -0.6825, -1.1791 -1.1878 -0.6699, -1.1791 -1.179 -0.6474, -1.1791 -1.1736 -0.6437, -1.1791 -1.1866 -0.66, -1.1791 -1.1844 -0.6541, -1.1791 -1.1813 -0.6496, -1.1791 -1.1875 -0.6752, -1.1791 -1.1668 -0.6411, -1.1791 -1.1668 -0.6411
            ]
        }
        coordIndex [
            0,1,2,-1,2,1,3,-1,3,4,2,-1,2,4,5,-1,2,5,6,-1,6,7,2,-1,2,7,8,-1,2,8,9,-1,10,11,12,-1,13,14,10,-1,10,14,15,-1,10,15,11,-1,9,16,2,-1,2,16,10,-1,2,10,17,-1,17,10,12,-1,
        ]
    }
}
Shape{
    appearance Appearance {
        material  Material 	{
            diffuseColor 1.0 1.0 1.0
            specularColor 0.5019607843137255 0.5019607843137255 0.5019607843137255
            ambientIntensity 0.2
            transparency 0
            shininess 0.5
        }
    }
    geometry IndexedFaceSet {
        ccw TRUE
        solid FALSE
        coord DEF co Coordinate {
            point [
                -1.1831 -1.2255 -0.6797, -1.1831 -1.2222 -0.6888, -1.1831 -1.2524 -0.6797, -1.1831 -1.2556 -0.6888, -1.1831 -1.2375 -0.6465, -1.1831 -1.2336 -0.6306, -1.1831 -1.2031 -0.7107, -1.1831 -1.2145 -0.7107, -1.1831 -1.2382 -0.6441, -1.1831 -1.2388 -0.6409, -1.1831 -1.2447 -0.6306, -1.1831 -1.239 -0.6409, -1.1831 -1.2397 -0.6442, -1.1831 -1.2403 -0.6465, -1.1831 -1.2752 -0.7107, -1.1831 -1.2637 -0.7107, -1.1791 -1.2447 -0.6306, -1.1791 -1.2752 -0.7107, -1.1791 -1.2336 -0.6306, -1.1791 -1.2031 -0.7107, -1.1791 -1.2262 -0.6501, -1.1791 -1.2145 -0.7107, -1.1791 -1.2222 -0.6888, -1.1791 -1.2556 -0.6888, -1.1791 -1.2262 -0.6888, -1.1791 -1.2637 -0.7107, -1.1791 -1.2255 -0.6797, -1.1791 -1.2524 -0.6797, -1.1791 -1.2403 -0.6465, -1.1791 -1.239 -0.6409, -1.1791 -1.2397 -0.6442, -1.1791 -1.2388 -0.6409, -1.1791 -1.2375 -0.6465, -1.1791 -1.2382 -0.6441, -1.1791 -1.2382 -0.6441
            ]
        }
        coordIndex [
            0,1,2,-1,2,1,3,-1,4,5,0,-1,0,5,6,-1,0,6,1,-1,1,6,7,-1,4,8,5,-1,5,8,9,-1,5,9,10,-1,10,9,11,-1,10,11,12,-1,12,13,10,-1,10,13,2,-1,10,2,14,-1,14,2,3,-1,14,3,15,-1,10,14,16,-1,16,14,17,-1,5,10,18,-1,18,10,16,-1,19,6,20,-1,20,6,5,-1,20,5,18,-1,7,6,21,-1,21,6,19,-1,1,7,22,-1,22,7,21,-1,23,3,24,-1,24,3,1,-1,24,1,22,-1,15,3,25,-1,25,3,23,-1,14,15,17,-1,17,15,25,-1,0,2,26,-1,26,2,27,-1,2,13,27,-1,27,13,28,-1,11,29,30,-1,11,30,12,-1,12,30,28,-1,12,28,13,-1,11,9,29,-1,29,9,31,-1,4,32,33,-1,4,33,8,-1,8,33,31,-1,8,31,9,-1,4,0,32,-1,32,0,26,-1,
        ]
    }
}
Shape{
    appearance Appearance {
        material  Material 	{
            diffuseColor 0.2235294117647059 0.2235294117647059 0.2235294117647059
            specularColor 0.11372549019607843 0.11372549019607843 0.11372549019607843
            ambientIntensity 0.2
            transparency 0
            shininess 0.5
        }
    }
    geometry IndexedFaceSet {
        ccw TRUE
        solid FALSE
        coord DEF co Coordinate {
            point [
                -1.1791 -1.239 -0.6409, -1.1791 -1.2388 -0.6409, -1.1791 -1.2397 -0.6442, -1.1791 -1.2382 -0.6441, -1.1791 -1.2403 -0.6465, -1.1791 -1.2375 -0.6465, -1.1791 -1.2524 -0.6797, -1.1791 -1.2255 -0.6797, -1.1791 -1.2255 -0.6797
            ]
        }
        coordIndex [
            0,1,2,-1,2,1,3,-1,2,3,4,-1,4,3,5,-1,4,5,6,-1,6,5,7,-1,
        ]
    }
}
Shape{
    appearance Appearance {
        material  Material 	{
            diffuseColor 1.0 1.0 1.0
            specularColor 0.5019607843137255 0.5019607843137255 0.5019607843137255
            ambientIntensity 0.2
            transparency 0
            shininess 0.5
        }
    }
    geometry IndexedFaceSet {
        ccw TRUE
        solid FALSE
        coord DEF co Coordinate {
            point [
                -1.1831 -0.9969 -0.8286, -1.1831 -0.9969 -0.8377, -1.1791 -0.9969 -0.8286, -1.1791 -0.9969 -0.8377, -1.1831 -0.9642 -0.8286, -1.1791 -0.9642 -0.8286, -1.1831 -0.9642 -0.8016, -1.1791 -0.9642 -0.8016, -1.1831 -0.9928 -0.8016, -1.1791 -0.9928 -0.8016, -1.1831 -0.9928 -0.7925, -1.1791 -0.9928 -0.7925, -1.1831 -0.9642 -0.7925, -1.1791 -0.9642 -0.7925, -1.1831 -0.9642 -0.7669, -1.1791 -0.9642 -0.7669, -1.1831 -0.9951 -0.7669, -1.1791 -0.9951 -0.7669, -1.1831 -0.9951 -0.7576, -1.1791 -0.9951 -0.7576, -1.1831 -0.9538 -0.7576, -1.1791 -0.9538 -0.7576, -1.1831 -0.9538 -0.8377, -1.1791 -0.9538 -0.8377, -1.1831 -1.0424 -0.8377, -1.1831 -1.0524 -0.8377, -1.1831 -1.0424 -0.8289, -1.1831 -1.0524 -0.8009, -1.1831 -1.0424 -0.8014, -1.1831 -1.0206 -0.8134, -1.1831 -1.0229 -0.8122, -1.1831 -1.0421 -0.8289, -1.1831 -1.0369 -0.8274, -1.1831 -1.0405 -0.8313, -1.1831 -1.034 -0.8293, -1.1831 -1.029 -0.8108, -1.1831 -1.0424 -0.809, -1.1831 -1.0424 -0.8145, -1.1831 -1.0424 -0.8152, -1.1831 -1.0418 -0.8196, -1.1831 -1.0403 -0.8232, -1.1831 -1.0381 -0.8262, -1.1831 -1.0421 -0.7969, -1.1831 -1.0517 -0.7933, -1.1831 -1.041 -0.7934, -1.1831 -1.0501 -0.7888, -1.1831 -1.0398 -0.7913, -1.1831 -1.0481 -0.7855, -1.1831 -1.0383 -0.7897, -1.1831 -1.0454 -0.783, -1.1831 -1.0366 -0.7885, -1.1831 -1.042 -0.781, -1.1831 -1.0342 -0.7877, -1.1831 -1.0378 -0.7798, -1.1831 -1.0308 -0.7874, -1.1831 -1.0318 -0.7792, -1.1831 -1.0244 -0.7881, -1.1831 -1.0216 -0.7804, -1.1831 -1.0182 -0.7903, -1.1831 -1.0142 -0.7833, -1.1831 -1.0121 -0.7943, -1.1831 -1.0121 -0.7845, -1.1831 -1.0187 -0.8274, -1.1831 -1.0114 -0.8346, -1.1831 -1.0196 -0.8283, -1.1831 -1.0148 -0.8369, -1.1831 -1.0216 -0.8296, -1.1831 -1.0186 -0.8384, -1.1831 -1.0238 -0.8305, -1.1831 -1.0246 -0.8391, -1.1831 -1.0272 -0.8308, -1.1831 -1.0298 -0.8385, -1.1831 -1.031 -0.8304, -1.1831 -1.0339 -0.837, -1.1831 -1.0374 -0.8347, -1.1831 -1.0167 -0.82, -1.1831 -1.0065 -0.8211, -1.1831 -1.0167 -0.8216, -1.1831 -1.0065 -0.8224, -1.1831 -1.0169 -0.8239, -1.1831 -1.007 -0.827, -1.1831 -1.0176 -0.8257, -1.1831 -1.0082 -0.8304, -1.1831 -1.0103 -0.8334, -1.1831 -1.0255 -0.8037, -1.1831 -1.018 -0.8055, -1.1831 -1.0193 -0.8143, -1.1831 -1.0137 -0.8077, -1.1831 -1.0181 -0.8158, -1.1831 -1.0106 -0.8104, -1.1831 -1.0172 -0.8177, -1.1831 -1.0086 -0.8132, -1.1831 -1.0072 -0.8168, -1.1791 -1.0318 -0.7792, -1.1791 -1.0216 -0.7804, -1.1791 -1.0142 -0.7833, -1.1791 -1.0121 -0.7845, -1.1791 -1.0121 -0.7943, -1.1791 -1.0182 -0.7903, -1.1791 -1.0244 -0.7881, -1.1791 -1.0308 -0.7874, -1.1791 -1.0342 -0.7877, -1.1791 -1.0366 -0.7885, -1.1791 -1.0383 -0.7897, -1.1791 -1.0398 -0.7913, -1.1791 -1.041 -0.7934, -1.1791 -1.0421 -0.7969, -1.1791 -1.0424 -0.8014, -1.1791 -1.0255 -0.8037, -1.1791 -1.018 -0.8055, -1.1791 -1.0137 -0.8077, -1.1791 -1.0106 -0.8104, -1.1791 -1.0086 -0.8132, -1.1791 -1.0072 -0.8168, -1.1791 -1.0065 -0.8211, -1.1791 -1.0065 -0.8224, -1.1791 -1.007 -0.827, -1.1791 -1.0082 -0.8304, -1.1791 -1.0103 -0.8334, -1.1791 -1.0114 -0.8346, -1.1791 -1.0246 -0.8391, -1.1791 -1.0188 -0.8384, -1.1791 -1.0186 -0.8384, -1.1791 -1.0148 -0.8369, -1.1791 -1.0298 -0.8385, -1.1791 -1.0301 -0.8384, -1.1791 -1.0339 -0.837, -1.1791 -1.0374 -0.8347, -1.1791 -1.0405 -0.8313, -1.1791 -1.0421 -0.8289, -1.1791 -1.0424 -0.8289, -1.1791 -1.0424 -0.8377, -1.1791 -1.0524 -0.8377, -1.1791 -1.0524 -0.8009, -1.1791 -1.0517 -0.7933, -1.1791 -1.0501 -0.7888, -1.1791 -1.0481 -0.7855, -1.1791 -1.0454 -0.783, -1.1791 -1.042 -0.781, -1.1791 -1.0378 -0.7798, -1.1791 -1.0193 -0.8143, -1.1791 -1.0206 -0.8134, -1.1791 -1.0229 -0.8122, -1.1791 -1.029 -0.8108, -1.1791 -1.0167 -0.8216, -1.1791 -1.0167 -0.82, -1.1791 -1.0172 -0.8177, -1.1791 -1.0181 -0.8158, -1.1791 -1.0196 -0.8283, -1.1791 -1.0187 -0.8274, -1.1791 -1.0176 -0.8257, -1.1791 -1.0169 -0.8239, -1.1791 -1.0272 -0.8308, -1.1791 -1.0238 -0.8305, -1.1791 -1.0216 -0.8296, -1.1791 -1.0381 -0.8262, -1.1791 -1.0369 -0.8274, -1.1791 -1.034 -0.8293, -1.1791 -1.031 -0.8304, -1.1791 -1.0424 -0.8145, -1.1791 -1.0424 -0.8152, -1.1791 -1.0418 -0.8196, -1.1791 -1.0403 -0.8232, -1.1791 -1.0424 -0.809, -1.1791 -1.0424 -0.809
            ]
        }
        coordIndex [
            0,1,2,-1,2,1,3,-1,4,0,5,-1,5,0,2,-1,6,4,7,-1,7,4,5,-1,8,6,9,-1,9,6,7,-1,10,8,11,-1,11,8,9,-1,12,10,13,-1,13,10,11,-1,14,12,15,-1,15,12,13,-1,16,14,17,-1,17,14,15,-1,18,16,19,-1,19,16,17,-1,20,18,21,-1,21,18,19,-1,22,20,23,-1,23,20,21,-1,1,22,3,-1,3,22,23,-1,22,1,0,-1,0,4,22,-1,22,4,6,-1,22,6,20,-1,16,18,14,-1,14,18,20,-1,14,20,12,-1,12,20,6,-1,12,6,10,-1,10,6,8,-1,24,25,26,-1,26,25,27,-1,28,29,30,-1,31,32,33,-1,33,32,34,-1,35,36,27,-1,27,36,37,-1,37,38,27,-1,27,38,39,-1,27,39,26,-1,26,39,40,-1,26,40,31,-1,31,40,41,-1,31,41,32,-1,30,35,28,-1,28,35,27,-1,28,27,42,-1,42,27,43,-1,42,43,44,-1,44,43,45,-1,44,45,46,-1,46,45,47,-1,46,47,48,-1,48,47,49,-1,48,49,50,-1,50,49,51,-1,50,51,52,-1,52,51,53,-1,52,53,54,-1,54,53,55,-1,54,55,56,-1,56,55,57,-1,56,57,58,-1,58,57,59,-1,58,59,60,-1,60,59,61,-1,62,63,64,-1,64,63,65,-1,64,65,66,-1,66,65,67,-1,66,67,68,-1,68,67,69,-1,68,69,70,-1,70,69,71,-1,70,71,72,-1,72,71,73,-1,72,73,34,-1,34,73,74,-1,34,74,33,-1,75,76,77,-1,77,76,78,-1,77,78,79,-1,79,78,80,-1,79,80,81,-1,81,80,82,-1,81,82,62,-1,62,82,83,-1,62,83,63,-1,28,84,29,-1,29,84,85,-1,29,85,86,-1,86,85,87,-1,86,87,88,-1,88,87,89,-1,88,89,90,-1,90,89,91,-1,90,91,75,-1,75,91,92,-1,75,92,76,-1,55,93,94,-1,55,94,57,-1,57,94,95,-1,57,95,59,-1,59,95,96,-1,59,96,61,-1,60,61,97,-1,97,61,96,-1,60,97,98,-1,60,98,58,-1,58,98,99,-1,58,99,56,-1,56,99,100,-1,56,100,54,-1,54,100,101,-1,54,101,52,-1,52,101,102,-1,52,102,50,-1,50,102,103,-1,50,103,48,-1,48,103,104,-1,48,104,46,-1,46,104,105,-1,46,105,44,-1,44,105,106,-1,44,106,42,-1,42,106,107,-1,42,107,28,-1,84,28,108,-1,108,28,107,-1,84,108,109,-1,84,109,85,-1,85,109,110,-1,85,110,87,-1,87,110,111,-1,87,111,89,-1,89,111,112,-1,89,112,91,-1,91,112,113,-1,91,113,92,-1,92,113,114,-1,92,114,76,-1,76,114,115,-1,76,115,78,-1,78,115,116,-1,78,116,80,-1,80,116,117,-1,80,117,82,-1,82,117,118,-1,82,118,83,-1,83,118,119,-1,83,119,63,-1,120,69,121,-1,121,69,67,-1,121,67,122,-1,122,67,65,-1,122,65,123,-1,123,65,63,-1,123,63,119,-1,69,120,124,-1,69,124,71,-1,71,124,125,-1,71,125,73,-1,125,126,73,-1,73,126,127,-1,73,127,74,-1,74,127,128,-1,74,128,33,-1,33,128,129,-1,33,129,31,-1,26,31,130,-1,130,31,129,-1,24,26,131,-1,131,26,130,-1,25,24,132,-1,132,24,131,-1,27,25,133,-1,133,25,132,-1,27,133,134,-1,27,134,43,-1,43,134,135,-1,43,135,45,-1,45,135,136,-1,45,136,47,-1,47,136,137,-1,47,137,49,-1,49,137,138,-1,49,138,51,-1,51,138,139,-1,51,139,53,-1,53,139,93,-1,53,93,55,-1,86,140,141,-1,86,141,29,-1,29,141,142,-1,29,142,30,-1,30,142,143,-1,30,143,35,-1,77,144,145,-1,77,145,75,-1,75,145,146,-1,75,146,90,-1,90,146,147,-1,90,147,88,-1,88,147,140,-1,88,140,86,-1,64,148,149,-1,64,149,62,-1,62,149,150,-1,62,150,81,-1,81,150,151,-1,81,151,79,-1,79,151,144,-1,79,144,77,-1,70,152,153,-1,70,153,68,-1,68,153,154,-1,68,154,66,-1,66,154,148,-1,66,148,64,-1,41,155,156,-1,41,156,32,-1,32,156,157,-1,32,157,34,-1,34,157,158,-1,34,158,72,-1,72,158,152,-1,72,152,70,-1,37,159,160,-1,37,160,38,-1,38,160,161,-1,38,161,39,-1,39,161,162,-1,39,162,40,-1,40,162,155,-1,40,155,41,-1,37,36,159,-1,159,36,163,-1,36,35,163,-1,163,35,143,-1,
        ]
    }
}
Shape{
    appearance Appearance {
        material  Material 	{
            diffuseColor 0.2235294117647059 0.2235294117647059 0.2235294117647059
            specularColor 0.11372549019607843 0.11372549019607843 0.11372549019607843
            ambientIntensity 0.2
            transparency 0
            shininess 0.5
        }
    }
    geometry IndexedFaceSet {
        ccw TRUE
        solid FALSE
        coord DEF co Coordinate {
            point [
                -1.1791 -1.0424 -0.8152, -1.1791 -1.0424 -0.8145, -1.1791 -1.0193 -0.8143, -1.1791 -1.0424 -0.809, -1.1791 -1.029 -0.8108, -1.1791 -1.0229 -0.8122, -1.1791 -1.0206 -0.8134, -1.1791 -1.0418 -0.8196, -1.1791 -1.0181 -0.8158, -1.1791 -1.0403 -0.8232, -1.1791 -1.0187 -0.8274, -1.1791 -1.0196 -0.8283, -1.1791 -1.0369 -0.8274, -1.1791 -1.0176 -0.8257, -1.1791 -1.034 -0.8293, -1.1791 -1.031 -0.8304, -1.1791 -1.0272 -0.8308, -1.1791 -1.0172 -0.8177, -1.1791 -1.0167 -0.82, -1.1791 -1.0381 -0.8262, -1.1791 -1.0167 -0.8216, -1.1791 -1.0169 -0.8239, -1.1791 -1.0216 -0.8296, -1.1791 -1.0238 -0.8305, -1.1791 -1.0238 -0.8305
            ]
        }
        coordIndex [
            0,1,2,-1,1,3,4,-1,4,5,1,-1,1,5,6,-1,1,6,2,-1,0,2,7,-1,7,2,8,-1,7,8,9,-1,10,11,12,-1,10,12,13,-1,14,12,15,-1,15,12,16,-1,8,17,9,-1,9,17,18,-1,9,18,19,-1,19,18,20,-1,19,20,12,-1,12,20,21,-1,12,21,13,-1,11,22,12,-1,12,22,23,-1,12,23,16,-1,
        ]
    }
}
Shape{
    appearance Appearance {
        material  Material 	{
            diffuseColor 1.0 1.0 1.0
            specularColor 0.5019607843137255 0.5019607843137255 0.5019607843137255
            ambientIntensity 0.2
            transparency 0
            shininess 0.5
        }
    }
    geometry IndexedFaceSet {
        ccw TRUE
        solid FALSE
        coord DEF co Coordinate {
            point [
                -1.1791 -1.066 -0.8253, -1.1831 -1.066 -0.8253, -1.1831 -1.0699 -0.8277, -1.1831 -1.0825 -0.8309, -1.1791 -1.0825 -0.8309, -1.1791 -1.0762 -0.8301, -1.1831 -1.0762 -0.8301, -1.1791 -1.0707 -0.828, -1.1791 -1.0699 -0.8277, -1.1831 -1.066 -0.8357, -1.1791 -1.066 -0.8357, -1.1791 -1.0707 -0.8374, -1.1831 -1.0723 -0.838, -1.1791 -1.0815 -0.8391, -1.1831 -1.0815 -0.8391, -1.1791 -1.0756 -0.8384, -1.1791 -1.0723 -0.838, -1.1791 -1.0884 -0.8384, -1.1831 -1.0893 -0.8383, -1.1791 -1.0893 -0.8383, -1.1791 -1.0949 -0.8364, -1.1831 -1.0949 -0.8364, -1.1791 -1.0982 -0.8345, -1.1831 -1.0982 -0.8345, -1.1791 -1.1011 -0.832, -1.1831 -1.1011 -0.832, -1.1791 -1.1029 -0.8294, -1.1831 -1.1029 -0.8294, -1.1791 -1.1042 -0.8262, -1.1831 -1.1042 -0.8262, -1.1791 -1.1047 -0.8222, -1.1831 -1.1047 -0.8222, -1.1791 -1.1042 -0.8184, -1.1831 -1.1042 -0.8184, -1.1791 -1.1032 -0.8155, -1.1831 -1.1032 -0.8155, -1.1791 -1.1013 -0.8127, -1.1831 -1.1013 -0.8127, -1.1791 -1.0989 -0.8106, -1.1831 -1.0989 -0.8106, -1.1791 -1.0922 -0.8069, -1.1831 -1.0922 -0.8069, -1.1791 -1.0884 -0.8053, -1.1831 -1.0884 -0.8053, -1.1791 -1.0822 -0.8026, -1.1831 -1.0822 -0.8026, -1.1791 -1.0786 -0.8004, -1.1831 -1.0786 -0.8004, -1.1791 -1.0776 -0.7993, -1.1831 -1.0776 -0.7993, -1.1791 -1.0769 -0.7979, -1.1831 -1.0769 -0.7979, -1.1791 -1.0765 -0.7964, -1.1831 -1.0765 -0.7964, -1.1791 -1.0764 -0.7951, -1.1831 -1.0764 -0.7951, -1.1791 -1.0766 -0.7935, -1.1831 -1.0766 -0.7935, -1.1791 -1.0771 -0.7921, -1.1831 -1.0771 -0.7921, -1.1791 -1.078 -0.7908, -1.1831 -1.078 -0.7908, -1.1791 -1.0795 -0.7895, -1.1831 -1.0795 -0.7895, -1.1791 -1.0817 -0.7883, -1.1831 -1.0817 -0.7883, -1.1791 -1.0844 -0.7876, -1.1831 -1.0844 -0.7876, -1.1791 -1.0874 -0.7874, -1.1831 -1.0874 -0.7874, -1.1791 -1.094 -0.7881, -1.1831 -1.094 -0.7881, -1.1791 -1.0997 -0.7902, -1.1831 -1.0997 -0.7902, -1.1791 -1.1019 -0.7915, -1.1831 -1.1019 -0.7915, -1.1831 -1.1019 -0.7818, -1.1791 -1.1019 -0.7818, -1.1791 -1.0952 -0.7798, -1.1831 -1.0952 -0.7798, -1.1791 -1.0884 -0.7792, -1.1831 -1.0884 -0.7792, -1.1791 -1.0811 -0.78, -1.1831 -1.0811 -0.78, -1.1791 -1.0756 -0.7819, -1.1831 -1.0756 -0.7819, -1.1791 -1.0725 -0.7838, -1.1831 -1.0725 -0.7838, -1.1791 -1.0707 -0.7854, -1.1831 -1.0695 -0.7864, -1.1791 -1.0695 -0.7864, -1.1791 -1.0677 -0.7891, -1.1831 -1.0677 -0.7891, -1.1791 -1.0665 -0.7924, -1.1831 -1.0665 -0.7924, -1.1791 -1.0661 -0.796, -1.1831 -1.0661 -0.796, -1.1791 -1.0665 -0.7999, -1.1831 -1.0665 -0.7999, -1.1791 -1.0676 -0.8029, -1.1831 -1.0676 -0.8029, -1.1791 -1.0689 -0.805, -1.1831 -1.0689 -0.805, -1.1791 -1.0813 -0.8126, -1.1831 -1.0813 -0.8126, -1.1831 -1.0753 -0.8098, -1.1791 -1.0706 -0.8067, -1.1831 -1.0706 -0.8067, -1.1791 -1.0707 -0.8068, -1.1791 -1.0753 -0.8098, -1.1791 -1.0879 -0.8153, -1.1831 -1.0879 -0.8153, -1.1791 -1.0918 -0.8177, -1.1831 -1.0918 -0.8177, -1.1791 -1.093 -0.819, -1.1831 -1.093 -0.819, -1.1791 -1.0938 -0.8203, -1.1831 -1.0938 -0.8203, -1.1791 -1.0943 -0.8219, -1.1831 -1.0943 -0.8219, -1.1791 -1.0944 -0.8231, -1.1831 -1.0944 -0.8231, -1.1791 -1.0942 -0.8251, -1.1831 -1.0942 -0.8251, -1.1791 -1.0936 -0.8265, -1.1831 -1.0936 -0.8265, -1.1791 -1.0928 -0.8278, -1.1831 -1.0928 -0.8278, -1.1791 -1.0916 -0.8288, -1.1831 -1.0916 -0.8288, -1.1791 -1.0907 -0.8293, -1.1831 -1.0907 -0.8293, -1.1791 -1.0881 -0.8303, -1.1831 -1.0881 -0.8303, -1.1791 -1.083 -0.8309, -1.1831 -1.083 -0.8309, -1.1831 -1.1544 -0.7805, -1.1831 -1.1648 -0.7805, -1.1791 -1.1544 -0.7805, -1.1791 -1.1648 -0.7805, -1.1831 -1.1388 -0.8236, -1.1791 -1.1388 -0.8236, -1.1791 -1.138 -0.8263, -1.1831 -1.138 -0.8263, -1.1791 -1.1375 -0.8282, -1.1831 -1.1375 -0.8282, -1.1831 -1.1373 -0.8282, -1.1791 -1.1373 -0.8282, -1.1831 -1.136 -0.8235, -1.1791 -1.136 -0.8235, -1.1791 -1.1211 -0.7805, -1.1831 -1.1211 -0.7805, -1.1791 -1.1259 -0.7944, -1.1831 -1.1099 -0.7805, -1.1791 -1.1099 -0.7805, -1.1791 -1.1323 -0.8376, -1.1831 -1.1323 -0.8376, -1.1791 -1.1259 -0.8214, -1.1791 -1.1279 -0.848, -1.1831 -1.1279 -0.848, -1.1791 -1.132 -0.8384, -1.1791 -1.1259 -0.8516, -1.1831 -1.1259 -0.8516, -1.1791 -1.1259 -0.8516, -1.1791 -1.1241 -0.8537, -1.1831 -1.1241 -0.8537, -1.1791 -1.1223 -0.8549, -1.1831 -1.1223 -0.8549, -1.1791 -1.1201 -0.8558, -1.1831 -1.1201 -0.8558, -1.1791 -1.1176 -0.856, -1.1831 -1.1176 -0.856, -1.1791 -1.114 -0.8556, -1.1831 -1.114 -0.8556, -1.1791 -1.1119 -0.8549, -1.1831 -1.1119 -0.8549, -1.1831 -1.1119 -0.8638, -1.1791 -1.1119 -0.8638, -1.1791 -1.1162 -0.8646, -1.1831 -1.1162 -0.8646, -1.1791 -1.1184 -0.8646, -1.1831 -1.1184 -0.8646, -1.1791 -1.1225 -0.8642, -1.1831 -1.1225 -0.8642, -1.1791 -1.1259 -0.8629, -1.1831 -1.1264 -0.8627, -1.1791 -1.1264 -0.8627, -1.1791 -1.1299 -0.8602, -1.1831 -1.1299 -0.8602, -1.1791 -1.1306 -0.8596, -1.1831 -1.1306 -0.8596, -1.1791 -1.1343 -0.8552, -1.1831 -1.1343 -0.8552, -1.1791 -1.1388 -0.8463, -1.1831 -1.1388 -0.8463, -1.1791 -1.142 -0.8384, -1.1831 -1.2186 -0.8286, -1.1831 -1.2186 -0.8377, -1.1791 -1.2186 -0.8286, -1.1791 -1.2186 -0.8377, -1.1791 -1.1859 -0.8286, -1.1831 -1.1859 -0.8286, -1.1791 -1.2009 -0.8286, -1.1831 -1.1859 -0.8016, -1.1791 -1.1859 -0.8016, -1.1791 -1.2145 -0.8016, -1.1831 -1.2145 -0.8016, -1.1791 -1.2009 -0.8016, -1.1831 -1.2145 -0.7925, -1.1791 -1.2145 -0.7925, -1.1791 -1.1859 -0.7925, -1.1831 -1.1859 -0.7925, -1.1791 -1.2009 -0.7925, -1.1831 -1.1859 -0.7669, -1.1791 -1.1859 -0.7669, -1.1791 -1.2168 -0.7669, -1.1831 -1.2168 -0.7669, -1.1791 -1.2009 -0.7669, -1.1831 -1.2168 -0.7576, -1.1791 -1.2168 -0.7576, -1.1791 -1.1756 -0.7576, -1.1831 -1.1756 -0.7576, -1.1791 -1.2009 -0.7576, -1.1831 -1.1756 -0.8377, -1.1791 -1.1756 -0.8377, -1.1791 -1.2009 -0.8377, -1.1831 -1.2834 -0.8154, -1.1831 -1.2795 -0.8202, -1.1831 -1.2869 -0.8265, -1.1831 -1.2786 -0.8211, -1.1831 -1.2785 -0.8325, -1.1831 -1.2734 -0.8247, -1.1831 -1.2693 -0.8361, -1.1831 -1.2668 -0.8273, -1.1831 -1.2558 -0.8377, -1.1831 -1.2557 -0.8286, -1.1831 -1.2338 -0.8377, -1.1831 -1.2441 -0.8286, -1.1831 -1.2338 -0.7576, -1.1831 -1.2441 -0.7669, -1.1831 -1.2566 -0.7576, -1.1831 -1.2562 -0.7669, -1.1831 -1.2688 -0.759, -1.1831 -1.267 -0.7681, -1.1831 -1.2785 -0.7625, -1.1831 -1.2739 -0.7707, -1.1831 -1.2869 -0.7682, -1.1831 -1.2793 -0.7744, -1.1831 -1.2897 -0.771, -1.1831 -1.2816 -0.7766, -1.1831 -1.2947 -0.778, -1.1831 -1.2847 -0.7811, -1.1831 -1.2976 -0.7857, -1.1831 -1.2869 -0.787, -1.1831 -1.299 -0.7967, -1.1831 -1.2881 -0.7969, -1.1831 -1.2987 -0.8018, -1.1831 -1.2878 -0.8022, -1.1831 -1.2968 -0.8111, -1.1831 -1.2862 -0.8095, -1.1831 -1.2928 -0.8194, -1.1791 -1.2558 -0.8377, -1.1791 -1.2338 -0.8377, -1.1791 -1.2693 -0.8361, -1.1791 -1.2785 -0.8325, -1.1791 -1.2869 -0.8265, -1.1791 -1.2928 -0.8194, -1.1791 -1.2968 -0.8111, -1.1791 -1.2987 -0.8018, -1.1791 -1.299 -0.7967, -1.1791 -1.2976 -0.7857, -1.1791 -1.2947 -0.778, -1.1791 -1.2897 -0.771, -1.1791 -1.2869 -0.7682, -1.1791 -1.2785 -0.7625, -1.1791 -1.2688 -0.759, -1.1791 -1.2566 -0.7576, -1.1791 -1.2338 -0.7576, -1.1791 -1.2562 -0.7669, -1.1791 -1.2441 -0.7669, -1.1791 -1.2441 -0.8286, -1.1791 -1.2557 -0.8286, -1.1791 -1.2795 -0.8202, -1.1791 -1.2786 -0.8211, -1.1791 -1.2734 -0.8247, -1.1791 -1.2668 -0.8273, -1.1791 -1.2881 -0.7969, -1.1791 -1.2878 -0.8022, -1.1791 -1.2862 -0.8095, -1.1791 -1.2834 -0.8154, -1.1791 -1.2793 -0.7744, -1.1791 -1.2816 -0.7766, -1.1791 -1.2847 -0.7811, -1.1791 -1.2869 -0.787, -1.1791 -1.267 -0.7681, -1.1791 -1.2739 -0.7707, -1.1791 -1.2739 -0.7707
            ]
        }
        coordIndex [
            0,1,2,-1,3,4,5,-1,3,5,6,-1,6,5,7,-1,6,7,2,-1,2,7,8,-1,2,8,0,-1,9,1,10,-1,10,1,0,-1,10,11,9,-1,9,11,12,-1,13,14,15,-1,15,14,12,-1,15,12,16,-1,16,12,11,-1,13,17,14,-1,14,17,18,-1,17,19,18,-1,18,19,20,-1,18,20,21,-1,21,20,22,-1,21,22,23,-1,23,22,24,-1,23,24,25,-1,25,24,26,-1,25,26,27,-1,27,26,28,-1,27,28,29,-1,29,28,30,-1,29,30,31,-1,31,30,32,-1,31,32,33,-1,33,32,34,-1,33,34,35,-1,35,34,36,-1,35,36,37,-1,37,36,38,-1,37,38,39,-1,39,38,40,-1,39,40,41,-1,41,40,42,-1,41,42,43,-1,43,42,44,-1,43,44,45,-1,45,44,46,-1,45,46,47,-1,47,46,48,-1,47,48,49,-1,49,48,50,-1,49,50,51,-1,51,50,52,-1,51,52,53,-1,53,52,54,-1,53,54,55,-1,55,54,56,-1,55,56,57,-1,57,56,58,-1,57,58,59,-1,59,58,60,-1,59,60,61,-1,61,60,62,-1,61,62,63,-1,63,62,64,-1,63,64,65,-1,65,64,66,-1,65,66,67,-1,67,66,68,-1,67,68,69,-1,69,68,70,-1,69,70,71,-1,71,70,72,-1,71,72,73,-1,73,72,74,-1,73,74,75,-1,76,75,77,-1,77,75,74,-1,76,77,78,-1,76,78,79,-1,79,78,80,-1,79,80,81,-1,81,80,82,-1,81,82,83,-1,83,82,84,-1,83,84,85,-1,85,84,86,-1,85,86,87,-1,86,88,87,-1,87,88,89,-1,88,90,89,-1,89,90,91,-1,89,91,92,-1,92,91,93,-1,92,93,94,-1,94,93,95,-1,94,95,96,-1,96,95,97,-1,96,97,98,-1,98,97,99,-1,98,99,100,-1,100,99,101,-1,100,101,102,-1,103,104,105,-1,102,101,106,-1,102,106,107,-1,107,106,108,-1,107,108,105,-1,105,108,109,-1,105,109,103,-1,104,103,110,-1,104,110,111,-1,111,110,112,-1,111,112,113,-1,113,112,114,-1,113,114,115,-1,115,114,116,-1,115,116,117,-1,117,116,118,-1,117,118,119,-1,119,118,120,-1,119,120,121,-1,121,120,122,-1,121,122,123,-1,123,122,124,-1,123,124,125,-1,125,124,126,-1,125,126,127,-1,127,126,128,-1,127,128,129,-1,129,128,130,-1,129,130,131,-1,131,130,132,-1,131,132,133,-1,133,132,134,-1,133,134,135,-1,135,134,4,-1,135,4,3,-1,61,63,85,-1,85,63,83,-1,45,104,43,-1,43,104,111,-1,43,111,41,-1,14,3,12,-1,12,3,6,-1,12,6,9,-1,9,6,2,-1,9,2,1,-1,63,65,83,-1,83,65,67,-1,83,67,81,-1,81,67,69,-1,81,69,79,-1,79,69,71,-1,79,71,76,-1,76,71,73,-1,76,73,75,-1,41,111,39,-1,39,111,113,-1,39,113,37,-1,37,113,115,-1,37,115,35,-1,35,115,117,-1,35,117,33,-1,33,117,119,-1,33,119,31,-1,31,119,121,-1,31,121,29,-1,29,121,123,-1,29,123,27,-1,27,123,125,-1,27,125,25,-1,25,125,127,-1,25,127,23,-1,23,127,129,-1,23,129,21,-1,21,129,131,-1,21,131,18,-1,18,131,133,-1,18,133,14,-1,14,133,135,-1,14,135,3,-1,85,87,61,-1,61,87,89,-1,61,89,59,-1,59,89,92,-1,59,92,57,-1,57,92,94,-1,57,94,55,-1,55,94,96,-1,55,96,53,-1,53,96,98,-1,53,98,51,-1,51,98,100,-1,51,100,49,-1,49,100,102,-1,49,102,47,-1,47,102,107,-1,47,107,45,-1,45,107,105,-1,45,105,104,-1,136,137,138,-1,138,137,139,-1,140,136,141,-1,141,136,138,-1,140,141,142,-1,140,142,143,-1,143,142,144,-1,143,144,145,-1,146,145,147,-1,147,145,144,-1,148,146,149,-1,149,146,147,-1,150,151,152,-1,152,151,148,-1,152,148,149,-1,153,151,154,-1,154,151,150,-1,155,156,157,-1,157,156,153,-1,157,153,154,-1,158,159,160,-1,160,159,156,-1,160,156,155,-1,158,161,159,-1,159,161,162,-1,161,163,162,-1,162,163,164,-1,162,164,165,-1,165,164,166,-1,165,166,167,-1,167,166,168,-1,167,168,169,-1,169,168,170,-1,169,170,171,-1,171,170,172,-1,171,172,173,-1,173,172,174,-1,173,174,175,-1,176,175,177,-1,177,175,174,-1,176,177,178,-1,176,178,179,-1,179,178,180,-1,179,180,181,-1,181,180,182,-1,181,182,183,-1,183,182,184,-1,183,184,185,-1,184,186,185,-1,185,186,187,-1,185,187,188,-1,188,187,189,-1,188,189,190,-1,190,189,191,-1,190,191,192,-1,192,191,193,-1,192,193,194,-1,139,137,195,-1,195,137,194,-1,195,194,193,-1,143,145,194,-1,137,136,194,-1,194,136,140,-1,194,140,143,-1,151,153,148,-1,148,153,156,-1,148,156,146,-1,175,176,173,-1,173,176,179,-1,173,179,171,-1,171,179,181,-1,171,181,169,-1,169,181,183,-1,169,183,167,-1,167,183,185,-1,167,185,165,-1,145,146,194,-1,194,146,156,-1,194,156,192,-1,156,159,192,-1,192,159,162,-1,192,162,190,-1,190,162,165,-1,190,165,188,-1,188,165,185,-1,196,197,198,-1,198,197,199,-1,200,201,202,-1,202,201,196,-1,202,196,198,-1,203,201,204,-1,204,201,200,-1,205,206,207,-1,207,206,203,-1,207,203,204,-1,208,206,209,-1,209,206,205,-1,210,211,212,-1,212,211,208,-1,212,208,209,-1,213,211,214,-1,214,211,210,-1,215,216,217,-1,217,216,213,-1,217,213,214,-1,218,216,219,-1,219,216,215,-1,220,221,222,-1,222,221,218,-1,222,218,219,-1,223,221,224,-1,224,221,220,-1,199,197,225,-1,225,197,223,-1,225,223,224,-1,223,197,196,-1,196,201,223,-1,223,201,203,-1,223,203,221,-1,216,218,213,-1,213,218,221,-1,213,221,211,-1,211,221,203,-1,211,203,208,-1,208,203,206,-1,226,227,228,-1,228,227,229,-1,228,229,230,-1,230,229,231,-1,230,231,232,-1,232,231,233,-1,232,233,234,-1,234,233,235,-1,234,235,236,-1,236,235,237,-1,236,237,238,-1,238,237,239,-1,238,239,240,-1,240,239,241,-1,240,241,242,-1,242,241,243,-1,242,243,244,-1,244,243,245,-1,244,245,246,-1,246,245,247,-1,246,247,248,-1,248,247,249,-1,248,249,250,-1,250,249,251,-1,250,251,252,-1,252,251,253,-1,252,253,254,-1,254,253,255,-1,254,255,256,-1,256,255,257,-1,256,257,258,-1,258,257,259,-1,258,259,260,-1,260,259,226,-1,260,226,228,-1,234,236,261,-1,261,236,262,-1,234,261,263,-1,234,263,232,-1,232,263,264,-1,232,264,230,-1,230,264,265,-1,230,265,228,-1,228,265,266,-1,228,266,260,-1,260,266,267,-1,260,267,258,-1,258,267,268,-1,258,268,256,-1,256,268,269,-1,256,269,254,-1,254,269,270,-1,254,270,252,-1,252,270,271,-1,252,271,250,-1,250,271,272,-1,250,272,248,-1,248,272,273,-1,248,273,246,-1,246,273,274,-1,246,274,244,-1,244,274,275,-1,244,275,242,-1,242,275,276,-1,242,276,240,-1,238,240,277,-1,277,240,276,-1,236,238,262,-1,262,238,277,-1,241,239,278,-1,278,239,279,-1,239,237,279,-1,279,237,280,-1,237,235,280,-1,280,235,281,-1,227,282,283,-1,227,283,229,-1,229,283,284,-1,229,284,231,-1,231,284,285,-1,231,285,233,-1,233,285,281,-1,233,281,235,-1,255,286,287,-1,255,287,257,-1,257,287,288,-1,257,288,259,-1,259,288,289,-1,259,289,226,-1,226,289,282,-1,226,282,227,-1,247,290,291,-1,247,291,249,-1,249,291,292,-1,249,292,251,-1,251,292,293,-1,251,293,253,-1,253,293,286,-1,253,286,255,-1,241,278,294,-1,241,294,243,-1,243,294,295,-1,243,295,245,-1,245,295,290,-1,245,290,247,-1,
        ]
    }
}
Shape{
    appearance Appearance {
        material  Material 	{
            diffuseColor 0.2235294117647059 0.2235294117647059 0.2235294117647059
            specularColor 0.11372549019607843 0.11372549019607843 0.11372549019607843
            ambientIntensity 0.2
            transparency 0
            shininess 0.5
        }
    }
    geometry IndexedFaceSet {
        ccw TRUE
        solid FALSE
        coord DEF co Coordinate {
            point [
                -1.1791 -1.2441 -0.7669, -1.1791 -1.2441 -0.8286, -1.1791 -1.2562 -0.7669, -1.1791 -1.2557 -0.8286, -1.1791 -1.2668 -0.8273, -1.1791 -1.2734 -0.8247, -1.1791 -1.2786 -0.8211, -1.1791 -1.2795 -0.8202, -1.1791 -1.2834 -0.8154, -1.1791 -1.2862 -0.8095, -1.1791 -1.2881 -0.7969, -1.1791 -1.2793 -0.7744, -1.1791 -1.2739 -0.7707, -1.1791 -1.2869 -0.787, -1.1791 -1.2847 -0.7811, -1.1791 -1.2816 -0.7766, -1.1791 -1.2878 -0.8022, -1.1791 -1.267 -0.7681, -1.1791 -1.267 -0.7681
            ]
        }
        coordIndex [
            0,1,2,-1,2,1,3,-1,3,4,2,-1,2,4,5,-1,2,5,6,-1,6,7,2,-1,2,7,8,-1,2,8,9,-1,10,11,12,-1,13,14,10,-1,10,14,15,-1,10,15,11,-1,9,16,2,-1,2,16,10,-1,2,10,17,-1,17,10,12,-1,
        ]
    }
}
Shape{
    appearance Appearance {
        material  Material 	{
            diffuseColor 1.0 1.0 1.0
            specularColor 0.5019607843137255 0.5019607843137255 0.5019607843137255
            ambientIntensity 0.2
            transparency 0
            shininess 0.5
        }
    }
    geometry IndexedFaceSet {
        ccw TRUE
        solid FALSE
        coord DEF co Coordinate {
            point [
                -1.1831 -1.3258 -0.8068, -1.1831 -1.3225 -0.8158, -1.1831 -1.3527 -0.8068, -1.1831 -1.3559 -0.8158, -1.1831 -1.3378 -0.7735, -1.1831 -1.3339 -0.7576, -1.1831 -1.3034 -0.8377, -1.1831 -1.3148 -0.8377, -1.1831 -1.3385 -0.7711, -1.1831 -1.3391 -0.7679, -1.1831 -1.3449 -0.7576, -1.1831 -1.3393 -0.7679, -1.1831 -1.34 -0.7713, -1.1831 -1.3406 -0.7735, -1.1831 -1.3754 -0.8377, -1.1831 -1.364 -0.8377, -1.1791 -1.3449 -0.7576, -1.1791 -1.3754 -0.8377, -1.1791 -1.3339 -0.7576, -1.1791 -1.3034 -0.8377, -1.1791 -1.3148 -0.8377, -1.1791 -1.3225 -0.8158, -1.1791 -1.3559 -0.8158, -1.1791 -1.364 -0.8377, -1.1791 -1.3258 -0.8068, -1.1791 -1.3527 -0.8068, -1.1791 -1.3406 -0.7735, -1.1791 -1.3393 -0.7679, -1.1791 -1.34 -0.7713, -1.1791 -1.3391 -0.7679, -1.1791 -1.3378 -0.7735, -1.1791 -1.3385 -0.7711, -1.1791 -1.3385 -0.7711
            ]
        }
        coordIndex [
            0,1,2,-1,2,1,3,-1,4,5,0,-1,0,5,6,-1,0,6,1,-1,1,6,7,-1,4,8,5,-1,5,8,9,-1,5,9,10,-1,10,9,11,-1,10,11,12,-1,12,13,10,-1,10,13,2,-1,10,2,14,-1,14,2,3,-1,14,3,15,-1,10,14,16,-1,16,14,17,-1,5,10,18,-1,18,10,16,-1,6,5,19,-1,19,5,18,-1,7,6,20,-1,20,6,19,-1,1,7,21,-1,21,7,20,-1,3,1,22,-1,22,1,21,-1,15,3,23,-1,23,3,22,-1,14,15,17,-1,17,15,23,-1,0,2,24,-1,24,2,25,-1,2,13,25,-1,25,13,26,-1,11,27,28,-1,11,28,12,-1,12,28,26,-1,12,26,13,-1,11,9,27,-1,27,9,29,-1,4,30,31,-1,4,31,8,-1,8,31,29,-1,8,29,9,-1,4,0,30,-1,30,0,24,-1,
        ]
    }
}
Shape{
    appearance Appearance {
        material  Material 	{
            diffuseColor 0.2235294117647059 0.2235294117647059 0.2235294117647059
            specularColor 0.11372549019607843 0.11372549019607843 0.11372549019607843
            ambientIntensity 0.2
            transparency 0
            shininess 0.5
        }
    }
    geometry IndexedFaceSet {
        ccw TRUE
        solid FALSE
        coord DEF co Coordinate {
            point [
                -1.1791 -1.3393 -0.7679, -1.1791 -1.3391 -0.7679, -1.1791 -1.34 -0.7713, -1.1791 -1.3385 -0.7711, -1.1791 -1.3406 -0.7735, -1.1791 -1.3378 -0.7735, -1.1791 -1.3527 -0.8068, -1.1791 -1.3258 -0.8068, -1.1791 -1.3258 -0.8068
            ]
        }
        coordIndex [
            0,1,2,-1,2,1,3,-1,2,3,4,-1,4,3,5,-1,4,5,6,-1,6,5,7,-1,
        ]
    }
}
Shape{
    appearance Appearance {
        material  Material 	{
            diffuseColor 1.0 1.0 1.0
            specularColor 0.5019607843137255 0.5019607843137255 0.5019607843137255
            ambientIntensity 0.2
            transparency 0
            shininess 0.5
        }
    }
    geometry IndexedFaceSet {
        ccw TRUE
        solid FALSE
        coord DEF co Coordinate {
            point [
                -1.1831 -0.6002 -0.8491, -1.1831 -0.6087 -0.8595, -1.1831 -0.5951 -0.7987, -1.1831 -0.5852 -0.6998, -1.1831 -0.5979 -0.693, -1.1831 -0.5948 -0.658, -1.1831 -0.6304 -0.6564, -1.1831 -0.648 -0.6979, -1.1831 -0.6567 -0.6799, -1.1831 -0.7055 -0.8186, -1.1831 -0.7055 -0.8129, -1.1831 -0.6575 -0.7991, -1.1831 -0.6522 -0.7974, -1.1831 -0.5827 -0.7911, -1.1831 -0.5873 -0.8347, -1.1831 -0.5945 -0.8368, -1.1831 -0.6173 -0.6552, -1.1831 -0.6659 -0.8061, -1.1831 -0.6685 -0.8107, -1.1831 -0.7052 -0.8246, -1.1831 -0.7852 -0.7708, -1.1831 -0.7676 -0.7406, -1.1831 -0.6913 -0.7805, -1.1831 -0.648 -0.797, -1.1831 -0.6424 -0.7977, -1.1831 -0.635 -0.7628, -1.1831 -0.6375 -0.7997, -1.1831 -0.6224 -0.7676, -1.1831 -0.633 -0.8028, -1.1831 -0.6108 -0.7757, -1.1831 -0.6308 -0.8052, -1.1831 -0.6014 -0.7865, -1.1831 -0.6278 -0.8099, -1.1831 -0.6262 -0.8153, -1.1831 -0.6259 -0.8208, -1.1831 -0.6692 -0.765, -1.1831 -0.6555 -0.7615, -1.1831 -0.6486 -0.7611, -1.1831 -0.6622 -0.8021, -1.1831 -0.804 -0.7145, -1.1831 -0.8086 -0.7145, -1.1831 -0.8319 -0.6837, -1.1831 -0.8194 -0.7158, -1.1831 -0.8347 -0.6847, -1.1831 -0.8293 -0.7196, -1.1831 -0.8516 -0.6931, -1.1831 -0.8671 -0.7061, -1.1831 -0.642 -0.6428, -1.1831 -0.6695 -0.6647, -1.1831 -0.6554 -0.6313, -1.1831 -0.6847 -0.6535, -1.1831 -0.6708 -0.6219, -1.1831 -0.6119 -0.6897, -1.1831 -0.6178 -0.6894, -1.1831 -0.6238 -0.6556, -1.1831 -0.6312 -0.6911, -1.1831 -0.644 -0.6957, -1.1831 -0.6813 -0.7714, -1.1831 -0.8672 -0.8124, -1.1831 -0.8407 -0.7898, -1.1831 -0.8517 -0.8255, -1.1831 -0.8322 -0.7966, -1.1831 -0.8343 -0.834, -1.1831 -0.8222 -0.8013, -1.1831 -0.8154 -0.838, -1.1831 -0.812 -0.8033, -1.1831 -0.7818 -0.838, -1.1831 -0.7864 -0.8033, -1.1831 -0.7786 -0.8375, -1.1831 -0.6269 -0.8262, -1.1831 -0.6292 -0.831, -1.1831 -0.8381 -0.7258, -1.1831 -0.8447 -0.7331, -1.1831 -0.8787 -0.7223, -1.1831 -0.85 -0.7429, -1.1831 -0.8856 -0.7397, -1.1831 -0.8527 -0.7539, -1.1831 -0.8883 -0.7583, -1.1831 -0.853 -0.7589, -1.1831 -0.8856 -0.7786, -1.1831 -0.8516 -0.7699, -1.1831 -0.8785 -0.7966, -1.1831 -0.8477 -0.7801, -1.1831 -0.8414 -0.789, -1.1831 -0.8012 -0.6387, -1.1831 -0.7789 -0.6649, -1.1831 -0.8204 -0.6611, -1.1831 -0.7917 -0.6802, -1.1831 -0.8005 -0.6986, -1.1831 -0.5626 -0.7325, -1.1831 -0.5252 -0.742, -1.1831 -0.5609 -0.7463, -1.1831 -0.525 -0.7475, -1.1831 -0.5616 -0.7551, -1.1831 -0.5278 -0.7698, -1.1831 -0.5657 -0.7691, -1.1831 -0.536 -0.791, -1.1831 -0.5725 -0.7806, -1.1831 -0.549 -0.8095, -1.1831 -0.5667 -0.8247, -1.1831 -0.67 -0.8159, -1.1831 -0.6701 -0.8215, -1.1831 -0.7019 -0.8386, -1.1831 -0.6688 -0.8269, -1.1831 -0.6951 -0.8513, -1.1831 -0.6662 -0.8319, -1.1831 -0.6864 -0.8611, -1.1831 -0.6629 -0.8357, -1.1831 -0.6751 -0.869, -1.1831 -0.6586 -0.8387, -1.1831 -0.6624 -0.8739, -1.1831 -0.6536 -0.8407, -1.1831 -0.6486 -0.8756, -1.1831 -0.648 -0.8414, -1.1831 -0.6464 -0.8755, -1.1831 -0.647 -0.8414, -1.1831 -0.633 -0.8734, -1.1831 -0.6419 -0.8405, -1.1831 -0.6198 -0.8679, -1.1831 -0.6368 -0.8383, -1.1831 -0.6324 -0.835, -1.1831 -0.6972 -0.6122, -1.1831 -0.7033 -0.646, -1.1831 -0.7237 -0.6091, -1.1831 -0.7243 -0.6433, -1.1831 -0.7498 -0.6122, -1.1831 -0.7436 -0.6457, -1.1831 -0.7781 -0.6229, -1.1831 -0.7615 -0.6525, -1.1831 -0.7775 -0.6636, -1.1831 -0.5738 -0.6662, -1.1831 -0.5557 -0.6789, -1.1831 -0.5754 -0.7085, -1.1831 -0.5518 -0.6826, -1.1831 -0.5675 -0.7199, -1.1831 -0.5381 -0.7001, -1.1831 -0.529 -0.7206, -1.1831 -0.7835 -0.8027, -1.1831 -0.7698 -0.832, -1.1831 -0.7711 -0.8334, -1.1831 -0.7852 -0.8031, -1.1831 -0.7748 -0.836, -1.1831 -0.7653 -0.8203, -1.1831 -0.7658 -0.8246, -1.1831 -0.7673 -0.8284, -1.1831 -0.7785 -0.8033, -1.1831 -0.7746 -0.8048, -1.1831 -0.7654 -0.8181, -1.1831 -0.7711 -0.8073, -1.1831 -0.7688 -0.8099, -1.1831 -0.7666 -0.8138, -1.1831 -0.7829 -0.8027, -1.1791 -0.8708 -0.7114, -1.1791 -0.8787 -0.7223, -1.1791 -0.8837 -0.7348, -1.1791 -0.8856 -0.7397, -1.1791 -0.8883 -0.7583, -1.1791 -0.8671 -0.7061, -1.1791 -0.8516 -0.6931, -1.1791 -0.8347 -0.6847, -1.1791 -0.8319 -0.6837, -1.1791 -0.8204 -0.6611, -1.1791 -0.8012 -0.6387, -1.1791 -0.7884 -0.6299, -1.1791 -0.7781 -0.6229, -1.1791 -0.7498 -0.6122, -1.1791 -0.7237 -0.6091, -1.1791 -0.6972 -0.6122, -1.1791 -0.6708 -0.6219, -1.1791 -0.6577 -0.6299, -1.1791 -0.6554 -0.6313, -1.1791 -0.642 -0.6428, -1.1791 -0.6304 -0.6564, -1.1791 -0.6238 -0.6556, -1.1791 -0.6173 -0.6552, -1.1791 -0.5948 -0.658, -1.1791 -0.5738 -0.6662, -1.1791 -0.5557 -0.6789, -1.1791 -0.5518 -0.6826, -1.1791 -0.5381 -0.7001, -1.1791 -0.5331 -0.7114, -1.1791 -0.529 -0.7206, -1.1791 -0.5265 -0.7348, -1.1791 -0.5252 -0.742, -1.1791 -0.525 -0.7475, -1.1791 -0.5278 -0.7698, -1.1791 -0.536 -0.791, -1.1791 -0.549 -0.8095, -1.1791 -0.5667 -0.8247, -1.1791 -0.5873 -0.8347, -1.1791 -0.5945 -0.8368, -1.1791 -0.5952 -0.8384, -1.1791 -0.6002 -0.8491, -1.1791 -0.6087 -0.8595, -1.1791 -0.6198 -0.8679, -1.1791 -0.625 -0.8701, -1.1791 -0.633 -0.8734, -1.1791 -0.6464 -0.8755, -1.1791 -0.6486 -0.8756, -1.1791 -0.7055 -0.8186, -1.1791 -0.6624 -0.8739, -1.1791 -0.6722 -0.8701, -1.1791 -0.6751 -0.869, -1.1791 -0.6864 -0.8611, -1.1791 -0.6951 -0.8513, -1.1791 -0.7019 -0.8386, -1.1791 -0.7019 -0.8384, -1.1791 -0.7052 -0.8246, -1.1791 -0.7055 -0.8129, -1.1791 -0.7852 -0.7708, -1.1791 -0.7676 -0.7406, -1.1791 -0.6913 -0.7805, -1.1791 -0.6813 -0.7714, -1.1791 -0.6692 -0.765, -1.1791 -0.6555 -0.7615, -1.1791 -0.6486 -0.7611, -1.1791 -0.635 -0.7628, -1.1791 -0.6224 -0.7676, -1.1791 -0.6108 -0.7757, -1.1791 -0.6014 -0.7865, -1.1791 -0.5951 -0.7987, -1.1791 -0.5827 -0.7911, -1.1791 -0.5725 -0.7806, -1.1791 -0.5657 -0.7691, -1.1791 -0.5616 -0.7551, -1.1791 -0.5609 -0.7463, -1.1791 -0.5623 -0.7348, -1.1791 -0.5626 -0.7325, -1.1791 -0.5675 -0.7199, -1.1791 -0.5734 -0.7114, -1.1791 -0.5754 -0.7085, -1.1791 -0.5852 -0.6998, -1.1791 -0.5979 -0.693, -1.1791 -0.6119 -0.6897, -1.1791 -0.6178 -0.6894, -1.1791 -0.6312 -0.6911, -1.1791 -0.644 -0.6957, -1.1791 -0.648 -0.6979, -1.1791 -0.6567 -0.6799, -1.1791 -0.6695 -0.6647, -1.1791 -0.6847 -0.6535, -1.1791 -0.7033 -0.646, -1.1791 -0.7243 -0.6433, -1.1791 -0.7436 -0.6457, -1.1791 -0.7615 -0.6525, -1.1791 -0.7775 -0.6636, -1.1791 -0.7789 -0.6649, -1.1791 -0.7917 -0.6802, -1.1791 -0.8005 -0.6986, -1.1791 -0.8033 -0.7114, -1.1791 -0.804 -0.7145, -1.1791 -0.8086 -0.7145, -1.1791 -0.8194 -0.7158, -1.1791 -0.8293 -0.7196, -1.1791 -0.8381 -0.7258, -1.1791 -0.8447 -0.7331, -1.1791 -0.8456 -0.7348, -1.1791 -0.85 -0.7429, -1.1791 -0.8527 -0.7539, -1.1791 -0.853 -0.7589, -1.1791 -0.8516 -0.7699, -1.1791 -0.8477 -0.7801, -1.1791 -0.8414 -0.789, -1.1791 -0.8407 -0.7898, -1.1791 -0.8322 -0.7966, -1.1791 -0.8222 -0.8013, -1.1791 -0.812 -0.8033, -1.1791 -0.7864 -0.8033, -1.1791 -0.7852 -0.8031, -1.1791 -0.7835 -0.8027, -1.1791 -0.7829 -0.8027, -1.1791 -0.7785 -0.8033, -1.1791 -0.7746 -0.8048, -1.1791 -0.7711 -0.8073, -1.1791 -0.7688 -0.8099, -1.1791 -0.7666 -0.8138, -1.1791 -0.7654 -0.8181, -1.1791 -0.7653 -0.8203, -1.1791 -0.7658 -0.8246, -1.1791 -0.7673 -0.8284, -1.1791 -0.7698 -0.832, -1.1791 -0.7711 -0.8334, -1.1791 -0.7748 -0.836, -1.1791 -0.7786 -0.8375, -1.1791 -0.7818 -0.838, -1.1791 -0.8154 -0.838, -1.1791 -0.8343 -0.834, -1.1791 -0.8517 -0.8255, -1.1791 -0.8672 -0.8124, -1.1791 -0.8785 -0.7966, -1.1791 -0.8856 -0.7786, -1.1791 -0.648 -0.797, -1.1791 -0.6522 -0.7974, -1.1791 -0.6575 -0.7991, -1.1791 -0.6622 -0.8021, -1.1791 -0.6659 -0.8061, -1.1791 -0.6685 -0.8107, -1.1791 -0.67 -0.8159, -1.1791 -0.6701 -0.8215, -1.1791 -0.6688 -0.8269, -1.1791 -0.6662 -0.8319, -1.1791 -0.6629 -0.8357, -1.1791 -0.6586 -0.8387, -1.1791 -0.6536 -0.8407, -1.1791 -0.648 -0.8414, -1.1791 -0.647 -0.8414, -1.1791 -0.6419 -0.8405, -1.1791 -0.6368 -0.8383, -1.1791 -0.6324 -0.835, -1.1791 -0.6292 -0.831, -1.1791 -0.6269 -0.8262, -1.1791 -0.6259 -0.8208, -1.1791 -0.6262 -0.8153, -1.1791 -0.6278 -0.8099, -1.1791 -0.6308 -0.8052, -1.1791 -0.633 -0.8028, -1.1791 -0.6375 -0.7997, -1.1791 -0.6424 -0.7977, -1.1791 -0.6424 -0.7977
            ]
        }
        coordIndex [
            0,1,2,-1,3,4,5,-1,6,7,8,-1,9,10,11,-1,11,10,12,-1,13,14,2,-1,2,14,15,-1,2,15,0,-1,5,4,16,-1,17,18,19,-1,20,21,10,-1,10,21,22,-1,10,22,12,-1,12,22,23,-1,24,25,26,-1,26,25,27,-1,26,27,28,-1,28,27,29,-1,28,29,30,-1,30,29,31,-1,30,31,32,-1,32,31,2,-1,32,2,33,-1,33,2,34,-1,35,36,24,-1,24,36,37,-1,24,37,25,-1,9,11,19,-1,19,11,38,-1,19,38,17,-1,39,40,41,-1,41,40,42,-1,41,42,43,-1,43,42,44,-1,43,44,45,-1,45,44,46,-1,6,8,47,-1,47,8,48,-1,47,48,49,-1,49,48,50,-1,49,50,51,-1,4,52,16,-1,16,52,53,-1,16,53,54,-1,54,53,55,-1,54,55,6,-1,6,55,56,-1,6,56,7,-1,23,22,24,-1,24,22,57,-1,24,57,35,-1,58,59,60,-1,60,59,61,-1,60,61,62,-1,62,61,63,-1,62,63,64,-1,64,63,65,-1,64,65,66,-1,66,65,67,-1,66,67,68,-1,34,2,69,-1,69,2,1,-1,69,1,70,-1,44,71,46,-1,46,71,72,-1,46,72,73,-1,73,72,74,-1,73,74,75,-1,75,74,76,-1,75,76,77,-1,77,76,78,-1,77,78,79,-1,79,78,80,-1,79,80,81,-1,81,80,82,-1,81,82,58,-1,58,82,83,-1,58,83,59,-1,84,85,86,-1,86,85,87,-1,86,87,41,-1,41,87,88,-1,41,88,39,-1,89,90,91,-1,91,90,92,-1,91,92,93,-1,93,92,94,-1,93,94,95,-1,95,94,96,-1,95,96,97,-1,97,96,98,-1,97,98,13,-1,13,98,99,-1,13,99,14,-1,18,100,19,-1,19,100,101,-1,19,101,102,-1,102,101,103,-1,102,103,104,-1,104,103,105,-1,104,105,106,-1,106,105,107,-1,106,107,108,-1,108,107,109,-1,108,109,110,-1,110,109,111,-1,110,111,112,-1,112,111,113,-1,112,113,114,-1,114,113,115,-1,114,115,116,-1,116,115,117,-1,116,117,118,-1,118,117,119,-1,118,119,1,-1,1,119,120,-1,1,120,70,-1,51,50,121,-1,121,50,122,-1,121,122,123,-1,123,122,124,-1,123,124,125,-1,125,124,126,-1,125,126,127,-1,127,126,128,-1,127,128,84,-1,84,128,129,-1,84,129,85,-1,5,130,3,-1,3,130,131,-1,3,131,132,-1,132,131,133,-1,132,133,134,-1,134,133,135,-1,134,135,89,-1,89,135,136,-1,89,136,90,-1,137,138,139,-1,67,140,68,-1,68,140,137,-1,68,137,141,-1,141,137,139,-1,142,143,137,-1,137,143,144,-1,137,144,138,-1,145,146,147,-1,146,148,147,-1,147,148,149,-1,147,149,150,-1,142,137,147,-1,147,137,151,-1,147,151,145,-1,152,46,153,-1,153,46,73,-1,153,73,154,-1,154,73,75,-1,154,75,155,-1,155,75,77,-1,155,77,156,-1,152,157,46,-1,46,157,158,-1,46,158,45,-1,45,158,159,-1,45,159,43,-1,43,159,160,-1,43,160,41,-1,41,160,161,-1,41,161,86,-1,86,161,162,-1,86,162,84,-1,127,84,163,-1,163,84,162,-1,163,164,127,-1,127,164,165,-1,127,165,125,-1,125,165,166,-1,125,166,123,-1,123,166,167,-1,123,167,121,-1,121,167,168,-1,121,168,51,-1,51,168,49,-1,49,168,169,-1,49,169,170,-1,49,170,171,-1,49,171,47,-1,47,171,172,-1,47,172,6,-1,6,172,173,-1,6,173,54,-1,54,173,174,-1,54,174,16,-1,16,174,175,-1,16,175,5,-1,5,175,176,-1,5,176,130,-1,130,176,177,-1,130,177,131,-1,131,177,178,-1,131,178,133,-1,136,135,179,-1,179,135,133,-1,179,133,178,-1,179,180,136,-1,136,180,181,-1,136,181,90,-1,90,181,182,-1,182,183,90,-1,90,183,184,-1,90,184,92,-1,92,184,185,-1,92,185,94,-1,94,185,186,-1,94,186,96,-1,96,186,187,-1,96,187,98,-1,98,187,188,-1,98,188,99,-1,99,188,189,-1,99,189,14,-1,14,189,190,-1,14,190,15,-1,15,190,191,-1,15,191,0,-1,191,192,0,-1,0,192,193,-1,0,193,1,-1,1,193,194,-1,1,194,118,-1,118,194,195,-1,118,195,116,-1,195,196,116,-1,116,196,197,-1,116,197,114,-1,114,197,198,-1,114,198,112,-1,199,9,19,-1,112,198,200,-1,201,108,200,-1,200,108,110,-1,200,110,112,-1,201,202,108,-1,108,202,203,-1,108,203,106,-1,106,203,204,-1,106,204,104,-1,104,204,205,-1,104,205,102,-1,102,205,206,-1,102,206,19,-1,19,206,207,-1,19,207,199,-1,10,9,208,-1,208,9,199,-1,20,10,209,-1,209,10,208,-1,21,20,210,-1,210,20,209,-1,22,21,211,-1,211,21,210,-1,22,211,212,-1,22,212,57,-1,57,212,213,-1,57,213,35,-1,35,213,214,-1,35,214,36,-1,36,214,215,-1,36,215,37,-1,37,215,216,-1,37,216,25,-1,25,216,217,-1,25,217,27,-1,27,217,218,-1,27,218,29,-1,29,218,219,-1,29,219,31,-1,31,219,220,-1,31,220,2,-1,2,220,221,-1,2,221,13,-1,13,221,222,-1,13,222,97,-1,97,222,223,-1,97,223,95,-1,95,223,224,-1,95,224,93,-1,93,224,225,-1,93,225,91,-1,89,91,225,-1,225,226,89,-1,89,226,227,-1,89,227,228,-1,229,132,228,-1,228,132,134,-1,228,134,89,-1,229,230,132,-1,132,230,231,-1,132,231,3,-1,3,231,232,-1,3,232,4,-1,4,232,233,-1,4,233,52,-1,52,233,234,-1,52,234,53,-1,53,234,235,-1,53,235,55,-1,55,235,236,-1,55,236,56,-1,56,236,237,-1,56,237,7,-1,7,237,238,-1,7,238,8,-1,8,238,239,-1,8,239,48,-1,48,239,240,-1,48,240,50,-1,50,240,241,-1,50,241,122,-1,122,241,242,-1,122,242,124,-1,124,242,243,-1,124,243,126,-1,126,243,244,-1,126,244,128,-1,128,244,245,-1,128,245,129,-1,129,245,246,-1,129,246,85,-1,85,246,247,-1,85,247,87,-1,87,247,248,-1,87,248,88,-1,88,248,39,-1,39,248,249,-1,39,249,250,-1,40,39,251,-1,251,39,250,-1,40,251,252,-1,40,252,42,-1,42,252,253,-1,42,253,44,-1,44,253,254,-1,44,254,71,-1,71,254,255,-1,71,255,72,-1,72,255,256,-1,72,256,74,-1,256,257,74,-1,74,257,258,-1,74,258,76,-1,76,258,259,-1,76,259,78,-1,78,259,260,-1,78,260,80,-1,80,260,261,-1,80,261,82,-1,82,261,262,-1,82,262,83,-1,83,262,263,-1,83,263,59,-1,59,263,264,-1,59,264,61,-1,61,264,265,-1,61,265,63,-1,63,265,266,-1,63,266,65,-1,67,65,267,-1,267,65,266,-1,67,267,268,-1,67,268,140,-1,140,268,269,-1,140,269,137,-1,137,269,270,-1,137,270,151,-1,151,270,271,-1,151,271,145,-1,145,271,272,-1,145,272,146,-1,146,272,273,-1,146,273,148,-1,148,273,274,-1,148,274,149,-1,149,274,275,-1,149,275,150,-1,150,275,276,-1,150,276,147,-1,147,276,277,-1,147,277,142,-1,142,277,278,-1,142,278,143,-1,143,278,279,-1,143,279,144,-1,144,279,280,-1,144,280,138,-1,138,280,281,-1,138,281,139,-1,139,281,282,-1,139,282,141,-1,141,282,283,-1,141,283,68,-1,68,283,284,-1,68,284,66,-1,64,66,285,-1,285,66,284,-1,64,285,286,-1,64,286,62,-1,62,286,287,-1,62,287,60,-1,60,287,288,-1,60,288,58,-1,58,288,289,-1,58,289,81,-1,81,289,290,-1,81,290,79,-1,79,290,156,-1,79,156,77,-1,23,291,292,-1,23,292,12,-1,12,292,293,-1,12,293,11,-1,11,293,294,-1,11,294,38,-1,38,294,295,-1,38,295,17,-1,17,295,296,-1,17,296,18,-1,18,296,297,-1,18,297,100,-1,100,297,298,-1,100,298,101,-1,101,298,299,-1,101,299,103,-1,103,299,300,-1,103,300,105,-1,105,300,301,-1,105,301,107,-1,107,301,302,-1,107,302,109,-1,109,302,303,-1,109,303,111,-1,111,303,304,-1,111,304,113,-1,113,304,305,-1,113,305,115,-1,115,305,306,-1,115,306,117,-1,117,306,307,-1,117,307,119,-1,119,307,308,-1,119,308,120,-1,120,308,309,-1,120,309,70,-1,70,309,310,-1,70,310,69,-1,69,310,311,-1,69,311,34,-1,34,311,312,-1,34,312,33,-1,33,312,313,-1,33,313,32,-1,32,313,314,-1,32,314,30,-1,30,314,315,-1,30,315,28,-1,28,315,316,-1,28,316,26,-1,26,316,317,-1,26,317,24,-1,24,317,291,-1,24,291,23,-1,
        ]
    }
}
Shape{
    appearance Appearance {
        material  Material 	{
            diffuseColor 0.2235294117647059 0.2235294117647059 0.2235294117647059
            specularColor 0.11372549019607843 0.11372549019607843 0.11372549019607843
            ambientIntensity 0.2
            transparency 0
            shininess 0.5
        }
    }
    geometry IndexedFaceSet {
        ccw TRUE
        solid FALSE
        coord DEF co Coordinate {
            point [
                -1.1791 -0.647 -0.8414, -1.1791 -0.633 -0.8028, -1.1791 -0.6308 -0.8052, -1.1791 -0.6536 -0.8407, -1.1791 -0.6586 -0.8387, -1.1791 -0.6522 -0.7974, -1.1791 -0.648 -0.797, -1.1791 -0.6424 -0.7977, -1.1791 -0.6375 -0.7997, -1.1791 -0.6269 -0.8262, -1.1791 -0.6292 -0.831, -1.1791 -0.6324 -0.835, -1.1791 -0.648 -0.8414, -1.1791 -0.6685 -0.8107, -1.1791 -0.6659 -0.8061, -1.1791 -0.6662 -0.8319, -1.1791 -0.6622 -0.8021, -1.1791 -0.6278 -0.8099, -1.1791 -0.6262 -0.8153, -1.1791 -0.6259 -0.8208, -1.1791 -0.6368 -0.8383, -1.1791 -0.6419 -0.8405, -1.1791 -0.6629 -0.8357, -1.1791 -0.6575 -0.7991, -1.1791 -0.6688 -0.8269, -1.1791 -0.6701 -0.8215, -1.1791 -0.67 -0.8159, -1.1791 -0.67 -0.8159
            ]
        }
        coordIndex [
            0,1,2,-1,3,4,5,-1,6,7,0,-1,0,7,8,-1,0,8,1,-1,9,10,2,-1,2,10,11,-1,6,0,5,-1,5,0,12,-1,5,12,3,-1,13,14,15,-1,15,14,16,-1,17,18,2,-1,2,18,19,-1,2,19,9,-1,11,20,2,-1,2,20,21,-1,2,21,0,-1,4,22,5,-1,5,22,15,-1,5,15,23,-1,23,15,16,-1,24,25,15,-1,15,25,26,-1,15,26,13,-1,
        ]
    }
}