#VRML V2.0 utf8
# 3D model generated by easyeda2kicad.py (https://github.com/uPesy/easyeda2kicad.py)

Shape{
    appearance Appearance {
        material  Material 	{
            diffuseColor 0.2235294117647059 0.2235294117647059 0.2235294117647059
            specularColor 0.11372549019607843 0.11372549019607843 0.11372549019607843
            ambientIntensity 0.2
            transparency 0
            shininess 0.5
        }
    }
    geometry IndexedFaceSet {
        ccw TRUE
        solid FALSE
        coord DEF co Coordinate {
            point [
                -0.6676 0.1378 2.3609, -1.1811 0.1378 2.3609, -1.1811 0.1378 2.5577, -0.6676 0.1378 2.7559, -0.4707 0.1378 2.7559, -0.6676 0.1378 2.5577, -0.4707 0.1378 0.3937, -0.6676 0.1378 0.3937, -0.6676 0.1378 0.5919, -1.1811 0.1378 0.5919, -1.1811 0.1378 0.7887, -0.6676 0.1378 0.7887, 1.1811 0.0 2.5577, 1.1811 0.0 2.7559, 1.1811 -1.0827 2.7559, 1.1811 -1.0827 1.5748, 1.1811 -1.0827 0.3937, 1.1811 0.0 0.3937, 1.1811 0.1378 0.5919, 1.1811 0.1378 0.7887, 1.1811 0.0 0.5919, 1.1811 0.0 0.7887, 1.1811 0.0 2.3609, 1.1811 0.1378 2.3609, 1.1811 0.1378 2.5577, 0.4707 0.1378 0.3937, 0.6676 0.1378 0.3937, 0.4707 0.0 0.3937, 0.6676 0.0 0.3937, 0.748 -0.315 0.3937, 0.748 -0.4331 0.3937, -0.748 -0.315 0.3937, -0.0 -1.0827 0.3937, -1.1811 -1.0827 0.3937, -1.0236 -0.4331 0.3937, -1.1811 0.0 0.3937, -1.0236 -0.315 0.3937, -0.6676 0.0 0.3937, -0.748 -0.4331 0.3937, 1.0236 -0.4331 0.3937, 1.0236 -0.315 0.3937, -0.4707 0.0 0.3937, -1.1811 0.0 0.5919, -1.1811 -1.0827 1.5748, -1.1811 -1.0827 2.7559, -1.1811 0.0 2.7559, -1.1811 0.0 2.5577, -1.1811 0.0 2.3609, -1.1811 0.0 0.7887, 1.0236 -0.4331 2.7559, 0.748 -0.4331 2.7559, -0.0 -1.0827 2.7559, -0.4707 0.0 2.7559, -0.6676 0.0 2.7559, 1.0236 -0.315 2.7559, 0.6676 0.0 2.7559, 0.748 -0.315 2.7559, 0.6676 0.1378 2.7559, 0.4707 0.1378 2.7559, 0.4707 0.0 2.7559, -0.748 -0.315 2.7559, -1.0236 -0.315 2.7559, -1.0236 -0.4331 2.7559, -0.748 -0.4331 2.7559, 0.6676 0.1378 0.7887, 0.6676 0.1378 0.5919, 0.6676 0.1378 2.5577, 0.6676 0.1378 2.3609, 0.8974 -1.0827 2.2311, 0.8465 -1.0827 2.2244, 0.6852 -1.0827 1.5748, 0.9857 -1.0827 0.5892, 0.9449 -1.0827 0.5579, 1.0169 -1.0827 0.6299, 0.748 -1.0827 0.5579, 0.7073 -1.0827 0.5892, 0.8465 -1.0827 0.9252, 0.8974 -1.0827 0.9185, 0.9449 -1.0827 0.8988, 0.9857 -1.0827 0.8675, 1.0169 -1.0827 0.8268, 0.676 -1.0827 0.6299, 0.6563 -1.0827 0.6774, 0.0 -1.0827 0.8858, 0.6496 -1.0827 0.7283, 0.1432 -1.0827 0.9009, 0.6563 -1.0827 0.7793, 1.0366 -1.0827 0.7793, 1.0433 -1.0827 0.7283, 1.0366 -1.0827 0.6774, 0.8974 -1.0827 0.5382, 0.8465 -1.0827 0.5315, 0.7955 -1.0827 0.5382, 0.6852 -1.0827 1.6468, 0.748 -1.0827 2.5917, 0.7073 -1.0827 2.5605, 0.676 -1.0827 2.5197, 1.0169 -1.0827 2.3228, 0.9857 -1.0827 2.2821, 0.9449 -1.0827 2.2508, 0.6852 -1.0827 1.5028, 0.7955 -1.0827 0.9185, 0.6553 -1.0827 1.3619, 0.748 -1.0827 0.8988, 0.5967 -1.0827 1.2303, 0.7073 -1.0827 0.8675, 0.512 -1.0827 1.1138, 0.676 -1.0827 0.8268, 0.405 -1.0827 1.0174, 0.2802 -1.0827 0.9454, 0.7955 -1.0827 2.6114, 0.8465 -1.0827 2.6181, 0.8974 -1.0827 2.6114, 0.9449 -1.0827 2.5917, 0.9857 -1.0827 2.5605, 1.0169 -1.0827 2.5197, 1.0366 -1.0827 2.4722, 1.0433 -1.0827 2.4213, 1.0366 -1.0827 2.3703, 0.6553 -1.0827 1.7877, 0.7955 -1.0827 2.2311, 0.5967 -1.0827 1.9193, 0.748 -1.0827 2.2508, 0.512 -1.0827 2.0358, 0.7073 -1.0827 2.2821, 0.405 -1.0827 2.1322, 0.676 -1.0827 2.3228, 0.2802 -1.0827 2.2042, 0.6563 -1.0827 2.3703, 0.1432 -1.0827 2.2487, -0.0 -1.0827 2.2638, 0.6496 -1.0827 2.4213, 0.6563 -1.0827 2.4722, -0.8465 -1.0827 2.2244, -0.8974 -1.0827 2.2311, -0.9449 -1.0827 2.2508, -0.9857 -1.0827 2.2821, -1.0169 -1.0827 2.3228, -1.0366 -1.0827 2.3703, -1.0433 -1.0827 2.4213, -1.0366 -1.0827 2.4722, -1.0169 -1.0827 2.5197, -0.9857 -1.0827 2.5605, -0.9449 -1.0827 2.5917, -0.748 -1.0827 2.5917, -0.7073 -1.0827 2.5605, -0.8974 -1.0827 2.6114, -0.8465 -1.0827 2.6181, -0.7955 -1.0827 2.6114, -0.6563 -1.0827 2.3703, -0.1432 -1.0827 2.2487, -0.6496 -1.0827 2.4213, -0.6563 -1.0827 2.4722, -0.676 -1.0827 2.5197, -0.6852 -1.0827 1.5748, -0.6852 -1.0827 1.6468, -0.7955 -1.0827 2.2311, -0.6553 -1.0827 1.7877, -0.748 -1.0827 2.2508, -0.5967 -1.0827 1.9193, -0.7073 -1.0827 2.2821, -0.512 -1.0827 2.0358, -0.676 -1.0827 2.3228, -0.405 -1.0827 2.1322, -0.2802 -1.0827 2.2042, -1.0169 -1.0827 0.6299, -0.9857 -1.0827 0.5892, -0.9449 -1.0827 0.5579, -1.0169 -1.0827 0.8268, -0.9857 -1.0827 0.8675, -0.9449 -1.0827 0.8988, -0.8974 -1.0827 0.9185, -0.8465 -1.0827 0.9252, -0.6852 -1.0827 1.5028, -0.676 -1.0827 0.6299, -0.7073 -1.0827 0.5892, -0.748 -1.0827 0.5579, -1.0366 -1.0827 0.6774, -1.0433 -1.0827 0.7283, -1.0366 -1.0827 0.7793, -0.6553 -1.0827 1.3619, -0.7955 -1.0827 0.9185, -0.5967 -1.0827 1.2303, -0.748 -1.0827 0.8988, -0.512 -1.0827 1.1138, -0.7073 -1.0827 0.8675, -0.405 -1.0827 1.0174, -0.676 -1.0827 0.8268, -0.2802 -1.0827 0.9454, -0.6563 -1.0827 0.7793, -0.1432 -1.0827 0.9009, -0.6496 -1.0827 0.7283, -0.6563 -1.0827 0.6774, -0.7955 -1.0827 0.5382, -0.8465 -1.0827 0.5315, -0.8974 -1.0827 0.5382, -0.2715 -3.6852 2.1077, -0.2426 -3.6852 2.1197, 0.0936 -3.6852 2.1655, 0.124 -3.6852 2.1582, 0.4229 -3.6852 1.9977, 0.4432 -3.6852 1.9739, 0.2426 -3.6852 1.0299, 0.1848 -3.6852 1.006, 0.4229 -3.6852 1.1519, 0.3516 -3.6852 1.0909, 0.2715 -3.6852 1.0419, 0.5329 -3.6852 1.3033, 0.5166 -3.6852 1.2766, 0.4839 -3.6852 1.2233, 0.4432 -3.6852 1.1757, 0.5688 -3.6852 1.39, 0.5907 -3.6852 1.4812, 0.5932 -3.6852 1.5124, 0.5981 -3.6852 1.5748, 0.5932 -3.6852 1.6372, 0.5907 -3.6852 1.6684, 0.5688 -3.6852 1.7596, 0.5329 -3.6852 1.8463, 0.5166 -3.6852 1.873, 0.4839 -3.6852 1.9264, 0.3516 -3.6852 2.0587, 0.2715 -3.6852 2.1077, 0.2426 -3.6852 2.1197, 0.1848 -3.6852 2.1436, -0.0 -3.6852 2.1729, -0.0936 -3.6852 2.1655, -0.124 -3.6852 2.1582, -0.1848 -3.6852 2.1436, -0.3516 -3.6852 2.0587, -0.4229 -3.6852 1.9977, -0.4432 -3.6852 1.9739, -0.4839 -3.6852 1.9264, -0.5166 -3.6852 1.873, -0.5907 -3.6852 1.6684, -0.5688 -3.6852 1.7596, -0.5329 -3.6852 1.8463, -0.5932 -3.6852 1.5124, -0.5981 -3.6852 1.5748, -0.5932 -3.6852 1.6372, -0.5329 -3.6852 1.3033, -0.5688 -3.6852 1.39, -0.5907 -3.6852 1.4812, -0.4229 -3.6852 1.1519, -0.4432 -3.6852 1.1757, -0.4839 -3.6852 1.2233, -0.5166 -3.6852 1.2766, -0.3516 -3.6852 1.0909, -0.2715 -3.6852 1.0419, -0.2426 -3.6852 1.0299, -0.1848 -3.6852 1.006, -0.124 -3.6852 0.9914, 0.124 -3.6852 0.9914, 0.0936 -3.6852 0.9841, -0.0 -3.6852 0.9767, -0.0936 -3.6852 0.9841, -0.0 -3.7992 1.0947, 0.0751 -3.7992 1.1007, -0.0 -3.7992 1.5748, -0.2179 -3.7992 1.1471, -0.1483 -3.7992 1.1182, -0.0751 -3.7992 1.1007, -0.3884 -3.7992 1.2926, -0.3395 -3.7992 1.2354, -0.2822 -3.7992 1.1864, -0.4741 -3.7992 1.4997, -0.4566 -3.7992 1.4265, -0.4277 -3.7992 1.3569, -0.4566 -3.7992 1.7231, -0.4741 -3.7992 1.6499, -0.4801 -3.7992 1.5748, -0.3395 -3.7992 1.9143, -0.3884 -3.7992 1.857, -0.4277 -3.7992 1.7927, -0.1483 -3.7992 2.0314, -0.2179 -3.7992 2.0025, -0.2822 -3.7992 1.9632, 0.0751 -3.7992 2.0489, 0.0 -3.7992 2.0549, -0.0751 -3.7992 2.0489, 0.2822 -3.7992 1.9632, 0.2179 -3.7992 2.0025, 0.1483 -3.7992 2.0314, 0.4277 -3.7992 1.7927, 0.3884 -3.7992 1.857, 0.3395 -3.7992 1.9143, 0.4801 -3.7992 1.5748, 0.4741 -3.7992 1.6499, 0.4566 -3.7992 1.7231, 0.4277 -3.7992 1.3569, 0.4566 -3.7992 1.4265, 0.4741 -3.7992 1.4997, 0.2822 -3.7992 1.1864, 0.3395 -3.7992 1.2354, 0.3884 -3.7992 1.2926, 0.1483 -3.7992 1.1182, 0.2179 -3.7992 1.1471, 0.1833 -3.715 1.0106, 0.4799 -3.715 1.2261, 0.5932 -3.715 1.5748, 0.4799 -3.715 1.9235, 0.1833 -3.715 2.139, -0.1833 -3.715 2.139, -0.4799 -3.715 1.9235, -0.5932 -3.715 1.5748, -0.4799 -3.715 1.2261, -0.1833 -3.715 1.0106, -0.0798 -3.7954 1.0711, -0.1576 -3.7954 1.0898, -0.0841 -3.7841 1.0435, -0.1662 -3.7841 1.0632, -0.0879 -3.7661 1.0196, -0.1737 -3.7661 1.0402, -0.0909 -3.7425 1.001, -0.1795 -3.7425 1.0223, -0.0928 -3.715 0.9889, -0.3606 -3.7954 1.2142, -0.4126 -3.7954 1.2751, -0.3804 -3.7841 1.1944, -0.4352 -3.7841 1.2586, -0.3975 -3.7661 1.1773, -0.4547 -3.7661 1.2444, -0.4108 -3.7425 1.164, -0.47 -3.7425 1.2333, -0.4195 -3.715 1.1553, -0.5037 -3.7954 1.495, -0.51 -3.7954 1.5748, -0.5313 -3.7841 1.4907, -0.5379 -3.7841 1.5748, -0.5552 -3.7661 1.4869, -0.5621 -3.7661 1.5748, -0.5738 -3.7425 1.4839, -0.5809 -3.7425 1.5748, -0.5859 -3.715 1.482, -0.4544 -3.7954 1.8063, -0.4126 -3.7954 1.8746, -0.4793 -3.7841 1.819, -0.4352 -3.7841 1.891, -0.5008 -3.7661 1.83, -0.4547 -3.7661 1.9052, -0.5176 -3.7425 1.8385, -0.47 -3.7425 1.9163, -0.5285 -3.715 1.8441, -0.2315 -3.7954 2.0292, -0.1576 -3.7954 2.0598, -0.2442 -3.7841 2.0541, -0.1662 -3.7841 2.0864, -0.2552 -3.7661 2.0756, -0.1737 -3.7661 2.1094, -0.2637 -3.7425 2.0924, -0.1795 -3.7425 2.1273, -0.2693 -3.715 2.1034, 0.0798 -3.7954 2.0785, 0.1576 -3.7954 2.0598, 0.0841 -3.7841 2.1061, 0.1662 -3.7841 2.0864, 0.0879 -3.7661 2.13, 0.1737 -3.7661 2.1094, 0.0909 -3.7425 2.1486, 0.1795 -3.7425 2.1273, 0.0928 -3.715 2.1607, 0.3606 -3.7954 1.9354, 0.4126 -3.7954 1.8746, 0.3804 -3.7841 1.9552, 0.4352 -3.7841 1.891, 0.3975 -3.7661 1.9723, 0.4547 -3.7661 1.9052, 0.4108 -3.7425 1.9856, 0.47 -3.7425 1.9163, 0.4195 -3.715 1.9943, 0.5037 -3.7954 1.6546, 0.51 -3.7954 1.5748, 0.5313 -3.7841 1.659, 0.5379 -3.7841 1.5748, 0.5552 -3.7661 1.6627, 0.5621 -3.7661 1.5748, 0.5738 -3.7425 1.6657, 0.5809 -3.7425 1.5748, 0.5859 -3.715 1.6676, 0.4544 -3.7954 1.3433, 0.4126 -3.7954 1.2751, 0.4793 -3.7841 1.3306, 0.4352 -3.7841 1.2586, 0.5008 -3.7661 1.3196, 0.4547 -3.7661 1.2444, 0.5176 -3.7425 1.3111, 0.47 -3.7425 1.2333, 0.5285 -3.715 1.3055, 0.2315 -3.7954 1.1204, 0.1576 -3.7954 1.0898, 0.2442 -3.7841 1.0955, 0.1662 -3.7841 1.0632, 0.2552 -3.7661 1.074, 0.1737 -3.7661 1.0402, 0.2637 -3.7425 1.0572, 0.1795 -3.7425 1.0223, 0.2693 -3.715 1.0463, -0.0 -3.7954 1.0648, -0.0 -3.7841 1.0369, -0.0 -3.7661 1.0127, -0.0 -3.7425 0.9939, -0.0 -3.715 0.9816, -0.2693 -3.715 1.0463, -0.2637 -3.7425 1.0572, -0.2552 -3.7661 1.074, -0.2442 -3.7841 1.0955, -0.2315 -3.7954 1.1204, -0.2997 -3.7954 1.1622, -0.3162 -3.7841 1.1396, -0.3304 -3.7661 1.1201, -0.3415 -3.7425 1.1048, -0.3487 -3.715 1.0949, -0.5285 -3.715 1.3055, -0.5176 -3.7425 1.3111, -0.5008 -3.7661 1.3196, -0.4793 -3.7841 1.3306, -0.4544 -3.7954 1.3433, -0.485 -3.7954 1.4172, -0.5116 -3.7841 1.4086, -0.5346 -3.7661 1.4011, -0.5525 -3.7425 1.3953, -0.5642 -3.715 1.3915, -0.5859 -3.715 1.6676, -0.5738 -3.7425 1.6657, -0.5552 -3.7661 1.6627, -0.5313 -3.7841 1.659, -0.5037 -3.7954 1.6546, -0.485 -3.7954 1.7324, -0.5116 -3.7841 1.741, -0.5346 -3.7661 1.7485, -0.5525 -3.7425 1.7543, -0.5642 -3.715 1.7581, -0.4195 -3.715 1.9943, -0.4108 -3.7425 1.9856, -0.3975 -3.7661 1.9723, -0.3804 -3.7841 1.9552, -0.3606 -3.7954 1.9354, -0.2997 -3.7954 1.9874, -0.3162 -3.7841 2.01, -0.3304 -3.7661 2.0296, -0.3415 -3.7425 2.0448, -0.3487 -3.715 2.0547, -0.0928 -3.715 2.1607, -0.0909 -3.7425 2.1486, -0.0879 -3.7661 2.13, -0.0841 -3.7841 2.1061, -0.0798 -3.7954 2.0785, -0.0 -3.7954 2.0848, 0.0 -3.7841 2.1127, 0.0 -3.7661 2.1369, 0.0 -3.7425 2.1557, 0.0 -3.715 2.168, 0.2693 -3.715 2.1034, 0.2637 -3.7425 2.0924, 0.2552 -3.7661 2.0756, 0.2442 -3.7841 2.0541, 0.2315 -3.7954 2.0292, 0.2997 -3.7954 1.9874, 0.3162 -3.7841 2.01, 0.3304 -3.7661 2.0296, 0.3415 -3.7425 2.0448, 0.3487 -3.715 2.0547, 0.5285 -3.715 1.8441, 0.5176 -3.7425 1.8385, 0.5008 -3.7661 1.83, 0.4793 -3.7841 1.819, 0.4544 -3.7954 1.8063, 0.485 -3.7954 1.7324, 0.5116 -3.7841 1.741, 0.5346 -3.7661 1.7485, 0.5525 -3.7425 1.7543, 0.5642 -3.715 1.7581, 0.5859 -3.715 1.482, 0.5738 -3.7425 1.4839, 0.5552 -3.7661 1.4869, 0.5313 -3.7841 1.4907, 0.5037 -3.7954 1.495, 0.485 -3.7954 1.4172, 0.5116 -3.7841 1.4086, 0.5346 -3.7661 1.4011, 0.5525 -3.7425 1.3953, 0.5642 -3.715 1.3915, 0.4195 -3.715 1.1553, 0.4108 -3.7425 1.164, 0.3975 -3.7661 1.1773, 0.3804 -3.7841 1.1944, 0.3606 -3.7954 1.2142, 0.2997 -3.7954 1.1622, 0.3162 -3.7841 1.1396, 0.3304 -3.7661 1.1201, 0.3415 -3.7425 1.1048, 0.3487 -3.715 1.0949, 0.0928 -3.715 0.9889, 0.0909 -3.7425 1.001, 0.0879 -3.7661 1.0196, 0.0841 -3.7841 1.0435, 0.0798 -3.7954 1.0711, -0.7955 -1.2795 2.6114, -0.748 -1.2795 2.5917, -0.7073 -1.2795 2.5605, -0.676 -1.2795 2.5197, -0.6563 -1.2795 2.4722, -0.6496 -1.2795 2.4213, -0.6563 -1.2795 2.3703, -0.676 -1.2795 2.3228, -0.7073 -1.2795 2.2821, -0.748 -1.2795 2.2508, -0.7955 -1.2795 2.2311, -0.8465 -1.2795 2.2244, -0.8974 -1.2795 2.2311, -0.9449 -1.2795 2.2508, -0.9857 -1.2795 2.2821, -1.0169 -1.2795 2.3228, -1.0366 -1.2795 2.3703, -1.0433 -1.2795 2.4213, -1.0366 -1.2795 2.4722, -1.0169 -1.2795 2.5197, -0.9857 -1.2795 2.5605, -0.9449 -1.2795 2.5917, -0.8974 -1.2795 2.6114, -0.8465 -1.2795 2.6181, -0.8858 -1.3976 2.3531, -0.8668 -1.3976 2.3452, -0.8465 -1.3976 2.4213, -0.8465 -1.3976 2.3425, -0.8261 -1.3976 2.3452, -0.9225 -1.3976 2.4009, -0.9146 -1.3976 2.3819, -0.9021 -1.3976 2.3656, -0.9146 -1.3976 2.4606, -0.9225 -1.3976 2.4416, -0.9252 -1.3976 2.4213, -0.8668 -1.3976 2.4973, -0.8858 -1.3976 2.4895, -0.9021 -1.3976 2.4769, -0.8071 -1.3976 2.4895, -0.8261 -1.3976 2.4973, -0.8465 -1.3976 2.5, -0.7704 -1.3976 2.4416, -0.7783 -1.3976 2.4606, -0.7908 -1.3976 2.4769, -0.7783 -1.3976 2.3819, -0.7704 -1.3976 2.4009, -0.7677 -1.3976 2.4213, -0.8071 -1.3976 2.3531, -0.7908 -1.3976 2.3656, 0.8974 -1.2795 2.6114, 0.9449 -1.2795 2.5917, 0.9857 -1.2795 2.5605, 1.0169 -1.2795 2.5197, 1.0366 -1.2795 2.4722, 1.0433 -1.2795 2.4213, 1.0366 -1.2795 2.3703, 1.0169 -1.2795 2.3228, 0.9857 -1.2795 2.2821, 0.9449 -1.2795 2.2508, 0.8974 -1.2795 2.2311, 0.8465 -1.2795 2.2244, 0.7955 -1.2795 2.2311, 0.748 -1.2795 2.2508, 0.7073 -1.2795 2.2821, 0.676 -1.2795 2.3228, 0.6563 -1.2795 2.3703, 0.6496 -1.2795 2.4213, 0.6563 -1.2795 2.4722, 0.676 -1.2795 2.5197, 0.7073 -1.2795 2.5605, 0.748 -1.2795 2.5917, 0.7955 -1.2795 2.6114, 0.8465 -1.2795 2.6181, 0.8071 -1.3976 2.3531, 0.8261 -1.3976 2.3452, 0.8465 -1.3976 2.4213, 0.8465 -1.3976 2.3425, 0.8668 -1.3976 2.3452, 0.7704 -1.3976 2.4009, 0.7783 -1.3976 2.3819, 0.7908 -1.3976 2.3656, 0.7783 -1.3976 2.4606, 0.7704 -1.3976 2.4416, 0.7677 -1.3976 2.4213, 0.8261 -1.3976 2.4973, 0.8071 -1.3976 2.4895, 0.7908 -1.3976 2.4769, 0.8858 -1.3976 2.4895, 0.8668 -1.3976 2.4973, 0.8465 -1.3976 2.5, 0.9225 -1.3976 2.4416, 0.9146 -1.3976 2.4606, 0.9021 -1.3976 2.4769, 0.9146 -1.3976 2.3819, 0.9225 -1.3976 2.4009, 0.9252 -1.3976 2.4213, 0.8858 -1.3976 2.3531, 0.9021 -1.3976 2.3656, 0.8974 -1.2795 0.9185, 0.9449 -1.2795 0.8988, 0.9857 -1.2795 0.8675, 1.0169 -1.2795 0.8268, 1.0366 -1.2795 0.7793, 1.0433 -1.2795 0.7283, 1.0366 -1.2795 0.6774, 1.0169 -1.2795 0.6299, 0.9857 -1.2795 0.5892, 0.9449 -1.2795 0.5579, 0.8974 -1.2795 0.5382, 0.8465 -1.2795 0.5315, 0.7955 -1.2795 0.5382, 0.748 -1.2795 0.5579, 0.7073 -1.2795 0.5892, 0.676 -1.2795 0.6299, 0.6563 -1.2795 0.6774, 0.6496 -1.2795 0.7283, 0.6563 -1.2795 0.7793, 0.676 -1.2795 0.8268, 0.7073 -1.2795 0.8675, 0.748 -1.2795 0.8988, 0.7955 -1.2795 0.9185, 0.8465 -1.2795 0.9252, 0.8071 -1.3976 0.6602, 0.8261 -1.3976 0.6523, 0.8465 -1.3976 0.7283, 0.8465 -1.3976 0.6496, 0.8668 -1.3976 0.6523, 0.7704 -1.3976 0.708, 0.7783 -1.3976 0.689, 0.7908 -1.3976 0.6727, 0.7783 -1.3976 0.7677, 0.7704 -1.3976 0.7487, 0.7677 -1.3976 0.7283, 0.8261 -1.3976 0.8044, 0.8071 -1.3976 0.7965, 0.7908 -1.3976 0.784, 0.8858 -1.3976 0.7965, 0.8668 -1.3976 0.8044, 0.8465 -1.3976 0.8071, 0.9225 -1.3976 0.7487, 0.9146 -1.3976 0.7677, 0.9021 -1.3976 0.784, 0.9146 -1.3976 0.689, 0.9225 -1.3976 0.708, 0.9252 -1.3976 0.7283, 0.8858 -1.3976 0.6602, 0.9021 -1.3976 0.6727, -0.7955 -1.2795 0.9185, -0.748 -1.2795 0.8988, -0.7073 -1.2795 0.8675, -0.676 -1.2795 0.8268, -0.6563 -1.2795 0.7793, -0.6496 -1.2795 0.7283, -0.6563 -1.2795 0.6774, -0.676 -1.2795 0.6299, -0.7073 -1.2795 0.5892, -0.748 -1.2795 0.5579, -0.7955 -1.2795 0.5382, -0.8465 -1.2795 0.5315, -0.8974 -1.2795 0.5382, -0.9449 -1.2795 0.5579, -0.9857 -1.2795 0.5892, -1.0169 -1.2795 0.6299, -1.0366 -1.2795 0.6774, -1.0433 -1.2795 0.7283, -1.0366 -1.2795 0.7793, -1.0169 -1.2795 0.8268, -0.9857 -1.2795 0.8675, -0.9449 -1.2795 0.8988, -0.8974 -1.2795 0.9185, -0.8465 -1.2795 0.9252, -0.8858 -1.3976 0.6602, -0.8668 -1.3976 0.6523, -0.8465 -1.3976 0.7283, -0.8465 -1.3976 0.6496, -0.8261 -1.3976 0.6523, -0.9225 -1.3976 0.708, -0.9146 -1.3976 0.689, -0.9021 -1.3976 0.6727, -0.9146 -1.3976 0.7677, -0.9225 -1.3976 0.7487, -0.9252 -1.3976 0.7283, -0.8668 -1.3976 0.8044, -0.8858 -1.3976 0.7965, -0.9021 -1.3976 0.784, -0.8071 -1.3976 0.7965, -0.8261 -1.3976 0.8044, -0.8465 -1.3976 0.8071, -0.7704 -1.3976 0.7487, -0.7783 -1.3976 0.7677, -0.7908 -1.3976 0.784, -0.7783 -1.3976 0.689, -0.7704 -1.3976 0.708, -0.7677 -1.3976 0.7283, -0.8071 -1.3976 0.6602, -0.7908 -1.3976 0.6727, -0.8182 -1.3936 0.6228, -0.7918 -1.3936 0.6337, -0.7692 -1.3936 0.6511, -0.7518 -1.3936 0.6737, -0.7409 -1.3936 0.7001, -0.7371 -1.3936 0.7283, -0.7409 -1.3936 0.7566, -0.7518 -1.3936 0.783, -0.7692 -1.3936 0.8056, -0.7918 -1.3936 0.823, -0.8182 -1.3936 0.8339, -0.8465 -1.3936 0.8377, -0.8747 -1.3936 0.8339, -0.9011 -1.3936 0.823, -0.9238 -1.3936 0.8056, -0.9411 -1.3936 0.783, -0.952 -1.3936 0.7566, -0.9558 -1.3936 0.7283, -0.952 -1.3936 0.7001, -0.9411 -1.3936 0.6737, -0.9238 -1.3936 0.6511, -0.9011 -1.3936 0.6337, -0.8747 -1.3936 0.6228, -0.8465 -1.3936 0.619, -0.8108 -1.3818 0.5952, -0.7776 -1.3818 0.609, -0.749 -1.3818 0.6309, -0.7271 -1.3818 0.6594, -0.7134 -1.3818 0.6927, -0.7087 -1.3818 0.7283, -0.7134 -1.3818 0.764, -0.7271 -1.3818 0.7972, -0.749 -1.3818 0.8258, -0.7776 -1.3818 0.8477, -0.8108 -1.3818 0.8614, -0.8465 -1.3818 0.8661, -0.8821 -1.3818 0.8614, -0.9154 -1.3818 0.8477, -0.9439 -1.3818 0.8258, -0.9658 -1.3818 0.7972, -0.9796 -1.3818 0.764, -0.9843 -1.3818 0.7283, -0.9796 -1.3818 0.6927, -0.9658 -1.3818 0.6594, -0.9439 -1.3818 0.6309, -0.9154 -1.3818 0.609, -0.8821 -1.3818 0.5952, -0.8465 -1.3818 0.5906, -0.8045 -1.363 0.5716, -0.7653 -1.363 0.5878, -0.7317 -1.363 0.6136, -0.7059 -1.363 0.6472, -0.6897 -1.363 0.6864, -0.6842 -1.363 0.7283, -0.6897 -1.363 0.7703, -0.7059 -1.363 0.8095, -0.7317 -1.363 0.8431, -0.7653 -1.363 0.8689, -0.8045 -1.363 0.8851, -0.8465 -1.363 0.8906, -0.8885 -1.363 0.8851, -0.9276 -1.363 0.8689, -0.9612 -1.363 0.8431, -0.987 -1.363 0.8095, -1.0032 -1.363 0.7703, -1.0087 -1.363 0.7283, -1.0032 -1.363 0.6864, -0.987 -1.363 0.6472, -0.9612 -1.363 0.6136, -0.9276 -1.363 0.5878, -0.8885 -1.363 0.5716, -0.8465 -1.363 0.5661, -0.7996 -1.3386 0.5535, -0.7559 -1.3386 0.5716, -0.7185 -1.3386 0.6003, -0.6897 -1.3386 0.6378, -0.6716 -1.3386 0.6815, -0.6654 -1.3386 0.7283, -0.6716 -1.3386 0.7752, -0.6897 -1.3386 0.8189, -0.7185 -1.3386 0.8564, -0.7559 -1.3386 0.8851, -0.7996 -1.3386 0.9032, -0.8465 -1.3386 0.9094, -0.8933 -1.3386 0.9032, -0.937 -1.3386 0.8851, -0.9745 -1.3386 0.8564, -1.0032 -1.3386 0.8189, -1.0213 -1.3386 0.7752, -1.0275 -1.3386 0.7283, -1.0213 -1.3386 0.6815, -1.0032 -1.3386 0.6378, -0.9745 -1.3386 0.6003, -0.937 -1.3386 0.5716, -0.8933 -1.3386 0.5535, -0.8465 -1.3386 0.5473, -0.7965 -1.3101 0.5421, -0.75 -1.3101 0.5614, -0.7101 -1.3101 0.592, -0.6795 -1.3101 0.6319, -0.6602 -1.3101 0.6784, -0.6536 -1.3101 0.7283, -0.6602 -1.3101 0.7783, -0.6795 -1.3101 0.8248, -0.7101 -1.3101 0.8647, -0.75 -1.3101 0.8953, -0.7965 -1.3101 0.9146, -0.8465 -1.3101 0.9212, -0.8964 -1.3101 0.9146, -0.9429 -1.3101 0.8953, -0.9828 -1.3101 0.8647, -1.0134 -1.3101 0.8248, -1.0327 -1.3101 0.7783, -1.0393 -1.3101 0.7283, -1.0327 -1.3101 0.6784, -1.0134 -1.3101 0.6319, -0.9828 -1.3101 0.592, -0.9429 -1.3101 0.5614, -0.8964 -1.3101 0.5421, -0.8465 -1.3101 0.5355, 0.8747 -1.3936 0.6228, 0.9011 -1.3936 0.6337, 0.9238 -1.3936 0.6511, 0.9411 -1.3936 0.6737, 0.952 -1.3936 0.7001, 0.9558 -1.3936 0.7283, 0.952 -1.3936 0.7566, 0.9411 -1.3936 0.783, 0.9238 -1.3936 0.8056, 0.9011 -1.3936 0.823, 0.8747 -1.3936 0.8339, 0.8465 -1.3936 0.8377, 0.8182 -1.3936 0.8339, 0.7918 -1.3936 0.823, 0.7692 -1.3936 0.8056, 0.7518 -1.3936 0.783, 0.7409 -1.3936 0.7566, 0.7371 -1.3936 0.7283, 0.7409 -1.3936 0.7001, 0.7518 -1.3936 0.6737, 0.7692 -1.3936 0.6511, 0.7918 -1.3936 0.6337, 0.8182 -1.3936 0.6228, 0.8465 -1.3936 0.619, 0.8821 -1.3818 0.5952, 0.9154 -1.3818 0.609, 0.9439 -1.3818 0.6309, 0.9658 -1.3818 0.6594, 0.9796 -1.3818 0.6927, 0.9843 -1.3818 0.7283, 0.9796 -1.3818 0.764, 0.9658 -1.3818 0.7972, 0.9439 -1.3818 0.8258, 0.9154 -1.3818 0.8477, 0.8821 -1.3818 0.8614, 0.8465 -1.3818 0.8661, 0.8108 -1.3818 0.8614, 0.7776 -1.3818 0.8477, 0.749 -1.3818 0.8258, 0.7271 -1.3818 0.7972, 0.7134 -1.3818 0.764, 0.7087 -1.3818 0.7283, 0.7134 -1.3818 0.6927, 0.7271 -1.3818 0.6594, 0.749 -1.3818 0.6309, 0.7776 -1.3818 0.609, 0.8108 -1.3818 0.5952, 0.8465 -1.3818 0.5906, 0.8885 -1.363 0.5716, 0.9276 -1.363 0.5878, 0.9612 -1.363 0.6136, 0.987 -1.363 0.6472, 1.0032 -1.363 0.6864, 1.0087 -1.363 0.7283, 1.0032 -1.363 0.7703, 0.987 -1.363 0.8095, 0.9612 -1.363 0.8431, 0.9276 -1.363 0.8689, 0.8885 -1.363 0.8851, 0.8465 -1.363 0.8906, 0.8045 -1.363 0.8851, 0.7653 -1.363 0.8689, 0.7317 -1.363 0.8431, 0.7059 -1.363 0.8095, 0.6897 -1.363 0.7703, 0.6842 -1.363 0.7283, 0.6897 -1.363 0.6864, 0.7059 -1.363 0.6472, 0.7317 -1.363 0.6136, 0.7653 -1.363 0.5878, 0.8045 -1.363 0.5716, 0.8465 -1.363 0.5661, 0.8933 -1.3386 0.5535, 0.937 -1.3386 0.5716, 0.9745 -1.3386 0.6003, 1.0032 -1.3386 0.6378, 1.0213 -1.3386 0.6815, 1.0275 -1.3386 0.7283, 1.0213 -1.3386 0.7752, 1.0032 -1.3386 0.8189, 0.9745 -1.3386 0.8564, 0.937 -1.3386 0.8851, 0.8933 -1.3386 0.9032, 0.8465 -1.3386 0.9094, 0.7996 -1.3386 0.9032, 0.7559 -1.3386 0.8851, 0.7185 -1.3386 0.8564, 0.6897 -1.3386 0.8189, 0.6716 -1.3386 0.7752, 0.6654 -1.3386 0.7283, 0.6716 -1.3386 0.6815, 0.6897 -1.3386 0.6378, 0.7185 -1.3386 0.6003, 0.7559 -1.3386 0.5716, 0.7996 -1.3386 0.5535, 0.8465 -1.3386 0.5473, 0.8964 -1.3101 0.5421, 0.9429 -1.3101 0.5614, 0.9828 -1.3101 0.592, 1.0134 -1.3101 0.6319, 1.0327 -1.3101 0.6784, 1.0393 -1.3101 0.7283, 1.0327 -1.3101 0.7783, 1.0134 -1.3101 0.8248, 0.9828 -1.3101 0.8647, 0.9429 -1.3101 0.8953, 0.8964 -1.3101 0.9146, 0.8465 -1.3101 0.9212, 0.7965 -1.3101 0.9146, 0.75 -1.3101 0.8953, 0.7101 -1.3101 0.8647, 0.6795 -1.3101 0.8248, 0.6602 -1.3101 0.7783, 0.6536 -1.3101 0.7283, 0.6602 -1.3101 0.6784, 0.6795 -1.3101 0.6319, 0.7101 -1.3101 0.592, 0.75 -1.3101 0.5614, 0.7965 -1.3101 0.5421, 0.8465 -1.3101 0.5355, 0.8747 -1.3936 2.3157, 0.9011 -1.3936 2.3266, 0.9238 -1.3936 2.344, 0.9411 -1.3936 2.3666, 0.952 -1.3936 2.393, 0.9558 -1.3936 2.4213, 0.952 -1.3936 2.4496, 0.9411 -1.3936 2.4759, 0.9238 -1.3936 2.4986, 0.9011 -1.3936 2.5159, 0.8747 -1.3936 2.5268, 0.8465 -1.3936 2.5306, 0.8182 -1.3936 2.5268, 0.7918 -1.3936 2.5159, 0.7692 -1.3936 2.4986, 0.7518 -1.3936 2.4759, 0.7409 -1.3936 2.4496, 0.7371 -1.3936 2.4213, 0.7409 -1.3936 2.393, 0.7518 -1.3936 2.3666, 0.7692 -1.3936 2.344, 0.7918 -1.3936 2.3266, 0.8182 -1.3936 2.3157, 0.8465 -1.3936 2.312, 0.8821 -1.3818 2.2882, 0.9154 -1.3818 2.3019, 0.9439 -1.3818 2.3238, 0.9658 -1.3818 2.3524, 0.9796 -1.3818 2.3856, 0.9843 -1.3818 2.4213, 0.9796 -1.3818 2.4569, 0.9658 -1.3818 2.4902, 0.9439 -1.3818 2.5187, 0.9154 -1.3818 2.5406, 0.8821 -1.3818 2.5544, 0.8465 -1.3818 2.5591, 0.8108 -1.3818 2.5544, 0.7776 -1.3818 2.5406, 0.749 -1.3818 2.5187, 0.7271 -1.3818 2.4902, 0.7134 -1.3818 2.4569, 0.7087 -1.3818 2.4213, 0.7134 -1.3818 2.3856, 0.7271 -1.3818 2.3524, 0.749 -1.3818 2.3238, 0.7776 -1.3818 2.3019, 0.8108 -1.3818 2.2882, 0.8465 -1.3818 2.2835, 0.8885 -1.363 2.2645, 0.9276 -1.363 2.2807, 0.9612 -1.363 2.3065, 0.987 -1.363 2.3401, 1.0032 -1.363 2.3793, 1.0087 -1.363 2.4213, 1.0032 -1.363 2.4633, 0.987 -1.363 2.5024, 0.9612 -1.363 2.536, 0.9276 -1.363 2.5618, 0.8885 -1.363 2.578, 0.8465 -1.363 2.5835, 0.8045 -1.363 2.578, 0.7653 -1.363 2.5618, 0.7317 -1.363 2.536, 0.7059 -1.363 2.5024, 0.6897 -1.363 2.4633, 0.6842 -1.363 2.4213, 0.6897 -1.363 2.3793, 0.7059 -1.363 2.3401, 0.7317 -1.363 2.3065, 0.7653 -1.363 2.2807, 0.8045 -1.363 2.2645, 0.8465 -1.363 2.259, 0.8933 -1.3386 2.2464, 0.937 -1.3386 2.2645, 0.9745 -1.3386 2.2933, 1.0032 -1.3386 2.3307, 1.0213 -1.3386 2.3744, 1.0275 -1.3386 2.4213, 1.0213 -1.3386 2.4681, 1.0032 -1.3386 2.5118, 0.9745 -1.3386 2.5493, 0.937 -1.3386 2.578, 0.8933 -1.3386 2.5961, 0.8465 -1.3386 2.6023, 0.7996 -1.3386 2.5961, 0.7559 -1.3386 2.578, 0.7185 -1.3386 2.5493, 0.6897 -1.3386 2.5118, 0.6716 -1.3386 2.4681, 0.6654 -1.3386 2.4213, 0.6716 -1.3386 2.3744, 0.6897 -1.3386 2.3307, 0.7185 -1.3386 2.2933, 0.7559 -1.3386 2.2645, 0.7996 -1.3386 2.2464, 0.8465 -1.3386 2.2402, 0.8964 -1.3101 2.235, 0.9429 -1.3101 2.2543, 0.9828 -1.3101 2.2849, 1.0134 -1.3101 2.3248, 1.0327 -1.3101 2.3714, 1.0393 -1.3101 2.4213, 1.0327 -1.3101 2.4712, 1.0134 -1.3101 2.5177, 0.9828 -1.3101 2.5576, 0.9429 -1.3101 2.5883, 0.8964 -1.3101 2.6075, 0.8465 -1.3101 2.6141, 0.7965 -1.3101 2.6075, 0.75 -1.3101 2.5883, 0.7101 -1.3101 2.5576, 0.6795 -1.3101 2.5177, 0.6602 -1.3101 2.4712, 0.6536 -1.3101 2.4213, 0.6602 -1.3101 2.3714, 0.6795 -1.3101 2.3248, 0.7101 -1.3101 2.2849, 0.75 -1.3101 2.2543, 0.7965 -1.3101 2.235, 0.8465 -1.3101 2.2284, -0.8182 -1.3936 2.3157, -0.7918 -1.3936 2.3266, -0.7692 -1.3936 2.344, -0.7518 -1.3936 2.3666, -0.7409 -1.3936 2.393, -0.7371 -1.3936 2.4213, -0.7409 -1.3936 2.4496, -0.7518 -1.3936 2.4759, -0.7692 -1.3936 2.4986, -0.7918 -1.3936 2.5159, -0.8182 -1.3936 2.5268, -0.8465 -1.3936 2.5306, -0.8747 -1.3936 2.5268, -0.9011 -1.3936 2.5159, -0.9238 -1.3936 2.4986, -0.9411 -1.3936 2.4759, -0.952 -1.3936 2.4496, -0.9558 -1.3936 2.4213, -0.952 -1.3936 2.393, -0.9411 -1.3936 2.3666, -0.9238 -1.3936 2.344, -0.9011 -1.3936 2.3266, -0.8747 -1.3936 2.3157, -0.8465 -1.3936 2.312, -0.8108 -1.3818 2.2882, -0.7776 -1.3818 2.3019, -0.749 -1.3818 2.3238, -0.7271 -1.3818 2.3524, -0.7134 -1.3818 2.3856, -0.7087 -1.3818 2.4213, -0.7134 -1.3818 2.4569, -0.7271 -1.3818 2.4902, -0.749 -1.3818 2.5187, -0.7776 -1.3818 2.5406, -0.8108 -1.3818 2.5544, -0.8465 -1.3818 2.5591, -0.8821 -1.3818 2.5544, -0.9154 -1.3818 2.5406, -0.9439 -1.3818 2.5187, -0.9658 -1.3818 2.4902, -0.9796 -1.3818 2.4569, -0.9843 -1.3818 2.4213, -0.9796 -1.3818 2.3856, -0.9658 -1.3818 2.3524, -0.9439 -1.3818 2.3238, -0.9154 -1.3818 2.3019, -0.8821 -1.3818 2.2882, -0.8465 -1.3818 2.2835, -0.8045 -1.363 2.2645, -0.7653 -1.363 2.2807, -0.7317 -1.363 2.3065, -0.7059 -1.363 2.3401, -0.6897 -1.363 2.3793, -0.6842 -1.363 2.4213, -0.6897 -1.363 2.4633, -0.7059 -1.363 2.5024, -0.7317 -1.363 2.536, -0.7653 -1.363 2.5618, -0.8045 -1.363 2.578, -0.8465 -1.363 2.5835, -0.8885 -1.363 2.578, -0.9276 -1.363 2.5618, -0.9612 -1.363 2.536, -0.987 -1.363 2.5024, -1.0032 -1.363 2.4633, -1.0087 -1.363 2.4213, -1.0032 -1.363 2.3793, -0.987 -1.363 2.3401, -0.9612 -1.363 2.3065, -0.9276 -1.363 2.2807, -0.8885 -1.363 2.2645, -0.8465 -1.363 2.259, -0.7996 -1.3386 2.2464, -0.7559 -1.3386 2.2645, -0.7185 -1.3386 2.2933, -0.6897 -1.3386 2.3307, -0.6716 -1.3386 2.3744, -0.6654 -1.3386 2.4213, -0.6716 -1.3386 2.4681, -0.6897 -1.3386 2.5118, -0.7185 -1.3386 2.5493, -0.7559 -1.3386 2.578, -0.7996 -1.3386 2.5961, -0.8465 -1.3386 2.6023, -0.8933 -1.3386 2.5961, -0.937 -1.3386 2.578, -0.9745 -1.3386 2.5493, -1.0032 -1.3386 2.5118, -1.0213 -1.3386 2.4681, -1.0275 -1.3386 2.4213, -1.0213 -1.3386 2.3744, -1.0032 -1.3386 2.3307, -0.9745 -1.3386 2.2933, -0.937 -1.3386 2.2645, -0.8933 -1.3386 2.2464, -0.8465 -1.3386 2.2402, -0.7965 -1.3101 2.235, -0.75 -1.3101 2.2543, -0.7101 -1.3101 2.2849, -0.6795 -1.3101 2.3248, -0.6602 -1.3101 2.3714, -0.6536 -1.3101 2.4213, -0.6602 -1.3101 2.4712, -0.6795 -1.3101 2.5177, -0.7101 -1.3101 2.5576, -0.75 -1.3101 2.5883, -0.7965 -1.3101 2.6075, -0.8465 -1.3101 2.6141, -0.8964 -1.3101 2.6075, -0.9429 -1.3101 2.5883, -0.9828 -1.3101 2.5576, -1.0134 -1.3101 2.5177, -1.0327 -1.3101 2.4712, -1.0393 -1.3101 2.4213, -1.0327 -1.3101 2.3714, -1.0134 -1.3101 2.3248, -0.9828 -1.3101 2.2849, -0.9429 -1.3101 2.2543, -0.8964 -1.3101 2.235, -0.8465 -1.3101 2.2284, -0.8465 -1.3101 2.2284
            ]
        }
        coordIndex [
            0,1,2,-1,3,4,5,-1,5,4,6,-1,6,7,8,-1,9,10,8,-1,8,10,11,-1,8,11,6,-1,6,11,0,-1,6,0,5,-1,5,0,2,-1,12,13,14,-1,15,16,17,-1,18,19,20,-1,20,19,21,-1,22,23,24,-1,24,12,22,-1,22,12,14,-1,22,14,21,-1,21,14,15,-1,21,15,20,-1,20,15,17,-1,25,26,27,-1,27,26,28,-1,29,30,31,-1,32,33,34,-1,34,33,35,-1,34,35,36,-1,36,35,37,-1,36,37,31,-1,31,30,38,-1,34,38,32,-1,32,38,30,-1,32,30,16,-1,16,30,39,-1,16,39,17,-1,17,39,40,-1,17,40,28,-1,28,40,29,-1,28,29,27,-1,27,29,31,-1,27,31,41,-1,41,31,37,-1,41,37,6,-1,6,37,7,-1,42,35,33,-1,43,44,45,-1,2,1,46,-1,46,1,47,-1,48,10,9,-1,9,42,48,-1,48,42,33,-1,48,33,47,-1,47,33,43,-1,47,43,46,-1,46,43,45,-1,49,50,51,-1,4,3,52,-1,52,3,53,-1,51,14,49,-1,49,14,13,-1,49,13,54,-1,54,13,55,-1,54,55,56,-1,57,58,55,-1,55,58,59,-1,55,59,56,-1,56,59,52,-1,56,52,60,-1,60,52,53,-1,60,53,61,-1,61,53,45,-1,61,45,62,-1,62,45,44,-1,62,44,63,-1,63,44,51,-1,63,51,60,-1,60,51,50,-1,60,50,56,-1,64,19,18,-1,26,25,65,-1,65,25,58,-1,58,57,66,-1,24,23,66,-1,66,23,67,-1,66,67,58,-1,58,67,64,-1,58,64,65,-1,65,64,18,-1,68,69,70,-1,71,72,16,-1,71,16,73,-1,74,75,32,-1,76,77,15,-1,77,78,15,-1,15,78,79,-1,15,79,80,-1,75,81,32,-1,32,81,82,-1,32,82,83,-1,83,82,84,-1,83,84,85,-1,85,84,86,-1,80,87,15,-1,15,87,88,-1,15,88,16,-1,16,88,89,-1,16,89,73,-1,72,90,16,-1,16,90,91,-1,16,91,32,-1,32,91,92,-1,32,92,74,-1,70,69,93,-1,94,51,95,-1,95,51,96,-1,97,98,15,-1,15,98,99,-1,99,68,15,-1,15,68,70,-1,15,70,76,-1,76,70,100,-1,76,100,101,-1,101,100,102,-1,101,102,103,-1,103,102,104,-1,103,104,105,-1,105,104,106,-1,105,106,107,-1,107,106,108,-1,107,108,86,-1,86,108,109,-1,86,109,85,-1,94,110,51,-1,51,110,111,-1,51,111,14,-1,14,111,112,-1,112,113,14,-1,14,113,114,-1,14,114,115,-1,115,116,14,-1,14,116,117,-1,14,117,15,-1,15,117,118,-1,15,118,97,-1,93,69,119,-1,119,69,120,-1,119,120,121,-1,121,120,122,-1,121,122,123,-1,123,122,124,-1,123,124,125,-1,125,124,126,-1,125,126,127,-1,127,126,128,-1,127,128,129,-1,129,128,130,-1,130,128,131,-1,130,131,51,-1,51,131,132,-1,51,132,96,-1,133,134,43,-1,134,135,43,-1,43,135,136,-1,43,136,137,-1,137,138,43,-1,43,138,139,-1,43,139,44,-1,44,139,140,-1,140,141,44,-1,44,141,142,-1,44,142,143,-1,144,145,51,-1,143,146,44,-1,44,146,147,-1,44,147,51,-1,51,147,148,-1,51,148,144,-1,149,150,151,-1,151,150,130,-1,151,130,152,-1,152,130,51,-1,152,51,153,-1,153,51,145,-1,43,154,133,-1,133,154,155,-1,133,155,156,-1,156,155,157,-1,156,157,158,-1,158,157,159,-1,158,159,160,-1,160,159,161,-1,160,161,162,-1,162,161,163,-1,162,163,149,-1,149,163,164,-1,149,164,150,-1,165,33,166,-1,166,33,167,-1,168,169,43,-1,169,170,43,-1,43,170,171,-1,43,171,154,-1,154,171,172,-1,154,172,173,-1,174,175,32,-1,32,175,176,-1,165,177,33,-1,33,177,178,-1,33,178,43,-1,43,178,179,-1,43,179,168,-1,173,172,180,-1,180,172,181,-1,180,181,182,-1,182,181,183,-1,182,183,184,-1,184,183,185,-1,184,185,186,-1,186,185,187,-1,186,187,188,-1,188,187,189,-1,188,189,190,-1,190,189,83,-1,83,189,191,-1,83,191,32,-1,32,191,192,-1,32,192,174,-1,176,193,32,-1,32,193,194,-1,32,194,33,-1,33,194,195,-1,33,195,167,-1,196,197,164,-1,198,199,129,-1,200,201,123,-1,109,202,203,-1,109,203,85,-1,106,204,108,-1,108,204,205,-1,108,205,109,-1,109,205,206,-1,109,206,202,-1,207,208,104,-1,104,208,209,-1,104,209,106,-1,106,209,210,-1,106,210,204,-1,207,104,211,-1,211,104,102,-1,211,102,212,-1,212,102,100,-1,212,100,213,-1,213,100,214,-1,214,100,70,-1,214,70,215,-1,215,70,93,-1,215,93,216,-1,216,93,217,-1,217,93,119,-1,217,119,218,-1,218,119,121,-1,218,121,219,-1,123,201,121,-1,121,201,220,-1,121,220,219,-1,200,123,221,-1,221,123,125,-1,221,125,222,-1,222,125,127,-1,222,127,223,-1,129,199,127,-1,127,199,224,-1,127,224,223,-1,198,129,225,-1,225,129,130,-1,225,130,226,-1,226,130,150,-1,226,150,227,-1,164,197,150,-1,150,197,228,-1,150,228,227,-1,196,164,229,-1,229,164,163,-1,229,163,230,-1,230,163,161,-1,230,161,231,-1,231,161,232,-1,232,161,159,-1,232,159,233,-1,155,234,157,-1,157,234,235,-1,157,235,159,-1,159,235,236,-1,159,236,233,-1,173,237,154,-1,154,237,238,-1,154,238,155,-1,155,238,239,-1,155,239,234,-1,182,240,180,-1,180,240,241,-1,180,241,173,-1,173,241,242,-1,173,242,237,-1,243,244,184,-1,184,244,245,-1,184,245,182,-1,182,245,246,-1,182,246,240,-1,243,184,247,-1,247,184,186,-1,247,186,248,-1,248,186,188,-1,248,188,249,-1,249,188,250,-1,250,188,190,-1,250,190,251,-1,203,252,85,-1,85,252,253,-1,85,253,83,-1,83,253,254,-1,83,254,190,-1,190,254,255,-1,190,255,251,-1,256,257,258,-1,259,260,258,-1,258,260,261,-1,258,261,256,-1,262,263,258,-1,258,263,264,-1,258,264,259,-1,265,266,258,-1,258,266,267,-1,258,267,262,-1,268,269,258,-1,258,269,270,-1,258,270,265,-1,271,272,258,-1,258,272,273,-1,258,273,268,-1,274,275,258,-1,258,275,276,-1,258,276,271,-1,277,278,258,-1,258,278,279,-1,258,279,274,-1,280,281,258,-1,258,281,282,-1,258,282,277,-1,283,284,258,-1,258,284,285,-1,258,285,280,-1,286,287,258,-1,258,287,288,-1,258,288,283,-1,289,290,258,-1,258,290,291,-1,258,291,286,-1,292,293,258,-1,258,293,294,-1,258,294,289,-1,257,295,258,-1,258,295,296,-1,258,296,292,-1,252,203,297,-1,210,209,298,-1,213,214,299,-1,219,220,300,-1,223,224,301,-1,227,228,302,-1,231,232,303,-1,239,238,304,-1,246,245,305,-1,249,250,306,-1,261,260,307,-1,307,260,308,-1,307,308,309,-1,309,308,310,-1,309,310,311,-1,311,310,312,-1,311,312,313,-1,313,312,314,-1,313,314,315,-1,315,314,306,-1,263,262,316,-1,316,262,317,-1,316,317,318,-1,318,317,319,-1,318,319,320,-1,320,319,321,-1,320,321,322,-1,322,321,323,-1,322,323,324,-1,324,323,305,-1,265,270,325,-1,325,270,326,-1,325,326,327,-1,327,326,328,-1,327,328,329,-1,329,328,330,-1,329,330,331,-1,331,330,332,-1,331,332,333,-1,333,332,304,-1,273,272,334,-1,334,272,335,-1,334,335,336,-1,336,335,337,-1,336,337,338,-1,338,337,339,-1,338,339,340,-1,340,339,341,-1,340,341,342,-1,342,341,303,-1,275,274,343,-1,343,274,344,-1,343,344,345,-1,345,344,346,-1,345,346,347,-1,347,346,348,-1,347,348,349,-1,349,348,350,-1,349,350,351,-1,351,350,302,-1,277,282,352,-1,352,282,353,-1,352,353,354,-1,354,353,355,-1,354,355,356,-1,356,355,357,-1,356,357,358,-1,358,357,359,-1,358,359,360,-1,360,359,301,-1,285,284,361,-1,361,284,362,-1,361,362,363,-1,363,362,364,-1,363,364,365,-1,365,364,366,-1,365,366,367,-1,367,366,368,-1,367,368,369,-1,369,368,300,-1,287,286,370,-1,370,286,371,-1,370,371,372,-1,372,371,373,-1,372,373,374,-1,374,373,375,-1,374,375,376,-1,376,375,377,-1,376,377,378,-1,378,377,299,-1,289,294,379,-1,379,294,380,-1,379,380,381,-1,381,380,382,-1,381,382,383,-1,383,382,384,-1,383,384,385,-1,385,384,386,-1,385,386,387,-1,387,386,298,-1,296,295,388,-1,388,295,389,-1,388,389,390,-1,390,389,391,-1,390,391,392,-1,392,391,393,-1,392,393,394,-1,394,393,395,-1,394,395,396,-1,396,395,297,-1,256,261,397,-1,397,261,307,-1,397,307,398,-1,398,307,309,-1,398,309,399,-1,399,309,311,-1,399,311,400,-1,400,311,313,-1,400,313,401,-1,401,313,315,-1,401,315,254,-1,254,315,255,-1,306,250,315,-1,315,250,251,-1,315,251,255,-1,248,249,402,-1,402,249,306,-1,402,306,403,-1,403,306,314,-1,403,314,404,-1,404,314,312,-1,404,312,405,-1,405,312,310,-1,405,310,406,-1,406,310,308,-1,406,308,259,-1,259,308,260,-1,259,264,406,-1,406,264,407,-1,406,407,405,-1,405,407,408,-1,405,408,404,-1,404,408,409,-1,404,409,403,-1,403,409,410,-1,403,410,402,-1,402,410,411,-1,402,411,248,-1,248,411,247,-1,264,263,407,-1,407,263,316,-1,407,316,408,-1,408,316,318,-1,408,318,409,-1,409,318,320,-1,409,320,410,-1,410,320,322,-1,410,322,411,-1,411,322,324,-1,411,324,247,-1,247,324,243,-1,305,245,324,-1,324,245,244,-1,324,244,243,-1,240,246,412,-1,412,246,305,-1,412,305,413,-1,413,305,323,-1,413,323,414,-1,414,323,321,-1,414,321,415,-1,415,321,319,-1,415,319,416,-1,416,319,317,-1,416,317,267,-1,267,317,262,-1,267,266,416,-1,416,266,417,-1,416,417,415,-1,415,417,418,-1,415,418,414,-1,414,418,419,-1,414,419,413,-1,413,419,420,-1,413,420,412,-1,412,420,421,-1,412,421,240,-1,240,421,241,-1,266,265,417,-1,417,265,325,-1,417,325,418,-1,418,325,327,-1,418,327,419,-1,419,327,329,-1,419,329,420,-1,420,329,331,-1,420,331,421,-1,421,331,333,-1,421,333,241,-1,241,333,242,-1,304,238,333,-1,333,238,237,-1,333,237,242,-1,234,239,422,-1,422,239,304,-1,422,304,423,-1,423,304,332,-1,423,332,424,-1,424,332,330,-1,424,330,425,-1,425,330,328,-1,425,328,426,-1,426,328,326,-1,426,326,269,-1,269,326,270,-1,269,268,426,-1,426,268,427,-1,426,427,425,-1,425,427,428,-1,425,428,424,-1,424,428,429,-1,424,429,423,-1,423,429,430,-1,423,430,422,-1,422,430,431,-1,422,431,234,-1,234,431,235,-1,268,273,427,-1,427,273,334,-1,427,334,428,-1,428,334,336,-1,428,336,429,-1,429,336,338,-1,429,338,430,-1,430,338,340,-1,430,340,431,-1,431,340,342,-1,431,342,235,-1,235,342,236,-1,303,232,342,-1,342,232,233,-1,342,233,236,-1,230,231,432,-1,432,231,303,-1,432,303,433,-1,433,303,341,-1,433,341,434,-1,434,341,339,-1,434,339,435,-1,435,339,337,-1,435,337,436,-1,436,337,335,-1,436,335,271,-1,271,335,272,-1,271,276,436,-1,436,276,437,-1,436,437,435,-1,435,437,438,-1,435,438,434,-1,434,438,439,-1,434,439,433,-1,433,439,440,-1,433,440,432,-1,432,440,441,-1,432,441,230,-1,230,441,229,-1,276,275,437,-1,437,275,343,-1,437,343,438,-1,438,343,345,-1,438,345,439,-1,439,345,347,-1,439,347,440,-1,440,347,349,-1,440,349,441,-1,441,349,351,-1,441,351,229,-1,229,351,196,-1,302,228,351,-1,351,228,197,-1,351,197,196,-1,226,227,442,-1,442,227,302,-1,442,302,443,-1,443,302,350,-1,443,350,444,-1,444,350,348,-1,444,348,445,-1,445,348,346,-1,445,346,446,-1,446,346,344,-1,446,344,279,-1,279,344,274,-1,279,278,446,-1,446,278,447,-1,446,447,445,-1,445,447,448,-1,445,448,444,-1,444,448,449,-1,444,449,443,-1,443,449,450,-1,443,450,442,-1,442,450,451,-1,442,451,226,-1,226,451,225,-1,278,277,447,-1,447,277,352,-1,447,352,448,-1,448,352,354,-1,448,354,449,-1,449,354,356,-1,449,356,450,-1,450,356,358,-1,450,358,451,-1,451,358,360,-1,451,360,225,-1,225,360,198,-1,301,224,360,-1,360,224,199,-1,360,199,198,-1,222,223,452,-1,452,223,301,-1,452,301,453,-1,453,301,359,-1,453,359,454,-1,454,359,357,-1,454,357,455,-1,455,357,355,-1,455,355,456,-1,456,355,353,-1,456,353,281,-1,281,353,282,-1,281,280,456,-1,456,280,457,-1,456,457,455,-1,455,457,458,-1,455,458,454,-1,454,458,459,-1,454,459,453,-1,453,459,460,-1,453,460,452,-1,452,460,461,-1,452,461,222,-1,222,461,221,-1,280,285,457,-1,457,285,361,-1,457,361,458,-1,458,361,363,-1,458,363,459,-1,459,363,365,-1,459,365,460,-1,460,365,367,-1,460,367,461,-1,461,367,369,-1,461,369,221,-1,221,369,200,-1,300,220,369,-1,369,220,201,-1,369,201,200,-1,218,219,462,-1,462,219,300,-1,462,300,463,-1,463,300,368,-1,463,368,464,-1,464,368,366,-1,464,366,465,-1,465,366,364,-1,465,364,466,-1,466,364,362,-1,466,362,283,-1,283,362,284,-1,283,288,466,-1,466,288,467,-1,466,467,465,-1,465,467,468,-1,465,468,464,-1,464,468,469,-1,464,469,463,-1,463,469,470,-1,463,470,462,-1,462,470,471,-1,462,471,218,-1,218,471,217,-1,288,287,467,-1,467,287,370,-1,467,370,468,-1,468,370,372,-1,468,372,469,-1,469,372,374,-1,469,374,470,-1,470,374,376,-1,470,376,471,-1,471,376,378,-1,471,378,217,-1,217,378,216,-1,299,214,378,-1,378,214,215,-1,378,215,216,-1,212,213,472,-1,472,213,299,-1,472,299,473,-1,473,299,377,-1,473,377,474,-1,474,377,375,-1,474,375,475,-1,475,375,373,-1,475,373,476,-1,476,373,371,-1,476,371,291,-1,291,371,286,-1,291,290,476,-1,476,290,477,-1,476,477,475,-1,475,477,478,-1,475,478,474,-1,474,478,479,-1,474,479,473,-1,473,479,480,-1,473,480,472,-1,472,480,481,-1,472,481,212,-1,212,481,211,-1,290,289,477,-1,477,289,379,-1,477,379,478,-1,478,379,381,-1,478,381,479,-1,479,381,383,-1,479,383,480,-1,480,383,385,-1,480,385,481,-1,481,385,387,-1,481,387,211,-1,211,387,207,-1,298,209,387,-1,387,209,208,-1,387,208,207,-1,204,210,482,-1,482,210,298,-1,482,298,483,-1,483,298,386,-1,483,386,484,-1,484,386,384,-1,484,384,485,-1,485,384,382,-1,485,382,486,-1,486,382,380,-1,486,380,293,-1,293,380,294,-1,293,292,486,-1,486,292,487,-1,486,487,485,-1,485,487,488,-1,485,488,484,-1,484,488,489,-1,484,489,483,-1,483,489,490,-1,483,490,482,-1,482,490,491,-1,482,491,204,-1,204,491,205,-1,292,296,487,-1,487,296,388,-1,487,388,488,-1,488,388,390,-1,488,390,489,-1,489,390,392,-1,489,392,490,-1,490,392,394,-1,490,394,491,-1,491,394,396,-1,491,396,205,-1,205,396,206,-1,297,203,396,-1,396,203,202,-1,396,202,206,-1,253,252,492,-1,492,252,297,-1,492,297,493,-1,493,297,395,-1,493,395,494,-1,494,395,393,-1,494,393,495,-1,495,393,391,-1,495,391,496,-1,496,391,389,-1,496,389,257,-1,257,389,295,-1,257,256,496,-1,496,256,397,-1,496,397,495,-1,495,397,398,-1,495,398,494,-1,494,398,399,-1,494,399,493,-1,493,399,400,-1,493,400,492,-1,492,400,401,-1,492,401,253,-1,253,401,254,-1,147,497,148,-1,148,497,498,-1,148,498,144,-1,144,498,499,-1,144,499,145,-1,145,499,500,-1,145,500,153,-1,153,500,501,-1,153,501,152,-1,152,501,502,-1,152,502,151,-1,151,502,503,-1,151,503,149,-1,149,503,504,-1,149,504,162,-1,162,504,505,-1,162,505,160,-1,160,505,506,-1,160,506,158,-1,158,506,507,-1,158,507,156,-1,156,507,508,-1,156,508,133,-1,133,508,509,-1,133,509,134,-1,134,509,510,-1,134,510,135,-1,135,510,511,-1,135,511,136,-1,136,511,512,-1,136,512,137,-1,137,512,513,-1,137,513,138,-1,138,513,514,-1,138,514,139,-1,139,514,515,-1,139,515,140,-1,140,515,516,-1,140,516,141,-1,141,516,517,-1,141,517,142,-1,142,517,518,-1,142,518,143,-1,143,518,519,-1,143,519,146,-1,146,519,520,-1,146,520,147,-1,147,520,497,-1,521,522,523,-1,523,522,524,-1,523,524,525,-1,526,527,523,-1,523,527,528,-1,523,528,521,-1,529,530,523,-1,523,530,531,-1,523,531,526,-1,532,533,523,-1,523,533,534,-1,523,534,529,-1,535,536,523,-1,523,536,537,-1,523,537,532,-1,538,539,523,-1,523,539,540,-1,523,540,535,-1,541,542,523,-1,523,542,543,-1,523,543,538,-1,525,544,523,-1,523,544,545,-1,523,545,541,-1,111,546,112,-1,112,546,547,-1,112,547,113,-1,113,547,548,-1,113,548,114,-1,114,548,549,-1,114,549,115,-1,115,549,550,-1,115,550,116,-1,116,550,551,-1,116,551,117,-1,117,551,552,-1,117,552,118,-1,118,552,553,-1,118,553,97,-1,97,553,554,-1,97,554,98,-1,98,554,555,-1,98,555,99,-1,99,555,556,-1,99,556,68,-1,68,556,557,-1,68,557,69,-1,69,557,558,-1,69,558,120,-1,120,558,559,-1,120,559,122,-1,122,559,560,-1,122,560,124,-1,124,560,561,-1,124,561,126,-1,126,561,562,-1,126,562,128,-1,128,562,563,-1,128,563,131,-1,131,563,564,-1,131,564,132,-1,132,564,565,-1,132,565,96,-1,96,565,566,-1,96,566,95,-1,95,566,567,-1,95,567,94,-1,94,567,568,-1,94,568,110,-1,110,568,569,-1,110,569,111,-1,111,569,546,-1,570,571,572,-1,572,571,573,-1,572,573,574,-1,575,576,572,-1,572,576,577,-1,572,577,570,-1,578,579,572,-1,572,579,580,-1,572,580,575,-1,581,582,572,-1,572,582,583,-1,572,583,578,-1,584,585,572,-1,572,585,586,-1,572,586,581,-1,587,588,572,-1,572,588,589,-1,572,589,584,-1,590,591,572,-1,572,591,592,-1,572,592,587,-1,574,593,572,-1,572,593,594,-1,572,594,590,-1,76,595,77,-1,77,595,596,-1,77,596,78,-1,78,596,597,-1,78,597,79,-1,79,597,598,-1,79,598,80,-1,80,598,599,-1,80,599,87,-1,87,599,600,-1,87,600,88,-1,88,600,601,-1,88,601,89,-1,89,601,602,-1,89,602,73,-1,73,602,603,-1,73,603,71,-1,71,603,604,-1,71,604,72,-1,72,604,605,-1,72,605,90,-1,90,605,606,-1,90,606,91,-1,91,606,607,-1,91,607,92,-1,92,607,608,-1,92,608,74,-1,74,608,609,-1,74,609,75,-1,75,609,610,-1,75,610,81,-1,81,610,611,-1,81,611,82,-1,82,611,612,-1,82,612,84,-1,84,612,613,-1,84,613,86,-1,86,613,614,-1,86,614,107,-1,107,614,615,-1,107,615,105,-1,105,615,616,-1,105,616,103,-1,103,616,617,-1,103,617,101,-1,101,617,618,-1,101,618,76,-1,76,618,595,-1,619,620,621,-1,621,620,622,-1,621,622,623,-1,624,625,621,-1,621,625,626,-1,621,626,619,-1,627,628,621,-1,621,628,629,-1,621,629,624,-1,630,631,621,-1,621,631,632,-1,621,632,627,-1,633,634,621,-1,621,634,635,-1,621,635,630,-1,636,637,621,-1,621,637,638,-1,621,638,633,-1,639,640,621,-1,621,640,641,-1,621,641,636,-1,623,642,621,-1,621,642,643,-1,621,643,639,-1,172,644,181,-1,181,644,645,-1,181,645,183,-1,183,645,646,-1,183,646,185,-1,185,646,647,-1,185,647,187,-1,187,647,648,-1,187,648,189,-1,189,648,649,-1,189,649,191,-1,191,649,650,-1,191,650,192,-1,192,650,651,-1,192,651,174,-1,174,651,652,-1,174,652,175,-1,175,652,653,-1,175,653,176,-1,176,653,654,-1,176,654,193,-1,193,654,655,-1,193,655,194,-1,194,655,656,-1,194,656,195,-1,195,656,657,-1,195,657,167,-1,167,657,658,-1,167,658,166,-1,166,658,659,-1,166,659,165,-1,165,659,660,-1,165,660,177,-1,177,660,661,-1,177,661,178,-1,178,661,662,-1,178,662,179,-1,179,662,663,-1,179,663,168,-1,168,663,664,-1,168,664,169,-1,169,664,665,-1,169,665,170,-1,170,665,666,-1,170,666,171,-1,171,666,667,-1,171,667,172,-1,172,667,644,-1,668,669,670,-1,670,669,671,-1,670,671,672,-1,673,674,670,-1,670,674,675,-1,670,675,668,-1,676,677,670,-1,670,677,678,-1,670,678,673,-1,679,680,670,-1,670,680,681,-1,670,681,676,-1,682,683,670,-1,670,683,684,-1,670,684,679,-1,685,686,670,-1,670,686,687,-1,670,687,682,-1,688,689,670,-1,670,689,690,-1,670,690,685,-1,672,691,670,-1,670,691,692,-1,670,692,688,-1,671,693,672,-1,672,693,694,-1,672,694,691,-1,691,694,695,-1,691,695,692,-1,692,695,696,-1,692,696,688,-1,688,696,697,-1,688,697,689,-1,689,697,698,-1,689,698,690,-1,690,698,699,-1,690,699,685,-1,685,699,700,-1,685,700,686,-1,686,700,701,-1,686,701,687,-1,687,701,702,-1,687,702,682,-1,682,702,703,-1,682,703,683,-1,683,703,704,-1,683,704,684,-1,684,704,705,-1,684,705,679,-1,679,705,706,-1,679,706,680,-1,680,706,707,-1,680,707,681,-1,681,707,708,-1,681,708,676,-1,676,708,709,-1,676,709,677,-1,677,709,710,-1,677,710,678,-1,678,710,711,-1,678,711,673,-1,673,711,712,-1,673,712,674,-1,674,712,713,-1,674,713,675,-1,675,713,714,-1,675,714,668,-1,668,714,715,-1,668,715,669,-1,669,715,716,-1,669,716,671,-1,671,716,693,-1,716,717,693,-1,693,717,718,-1,693,718,694,-1,694,718,719,-1,694,719,695,-1,695,719,720,-1,695,720,696,-1,696,720,721,-1,696,721,697,-1,697,721,722,-1,697,722,698,-1,698,722,723,-1,698,723,699,-1,699,723,724,-1,699,724,700,-1,700,724,725,-1,700,725,701,-1,701,725,726,-1,701,726,702,-1,702,726,727,-1,702,727,703,-1,703,727,728,-1,703,728,704,-1,704,728,729,-1,704,729,705,-1,705,729,730,-1,705,730,706,-1,706,730,731,-1,706,731,707,-1,707,731,732,-1,707,732,708,-1,708,732,733,-1,708,733,709,-1,709,733,734,-1,709,734,710,-1,710,734,735,-1,710,735,711,-1,711,735,736,-1,711,736,712,-1,712,736,737,-1,712,737,713,-1,713,737,738,-1,713,738,714,-1,714,738,739,-1,714,739,715,-1,715,739,740,-1,715,740,716,-1,716,740,717,-1,740,741,717,-1,717,741,742,-1,717,742,718,-1,718,742,743,-1,718,743,719,-1,719,743,744,-1,719,744,720,-1,720,744,745,-1,720,745,721,-1,721,745,746,-1,721,746,722,-1,722,746,747,-1,722,747,723,-1,723,747,748,-1,723,748,724,-1,724,748,749,-1,724,749,725,-1,725,749,750,-1,725,750,726,-1,726,750,751,-1,726,751,727,-1,727,751,752,-1,727,752,728,-1,728,752,753,-1,728,753,729,-1,729,753,754,-1,729,754,730,-1,730,754,755,-1,730,755,731,-1,731,755,756,-1,731,756,732,-1,732,756,757,-1,732,757,733,-1,733,757,758,-1,733,758,734,-1,734,758,759,-1,734,759,735,-1,735,759,760,-1,735,760,736,-1,736,760,761,-1,736,761,737,-1,737,761,762,-1,737,762,738,-1,738,762,763,-1,738,763,739,-1,739,763,764,-1,739,764,740,-1,740,764,741,-1,764,765,741,-1,741,765,766,-1,741,766,742,-1,742,766,767,-1,742,767,743,-1,743,767,768,-1,743,768,744,-1,744,768,769,-1,744,769,745,-1,745,769,770,-1,745,770,746,-1,746,770,771,-1,746,771,747,-1,747,771,772,-1,747,772,748,-1,748,772,773,-1,748,773,749,-1,749,773,774,-1,749,774,750,-1,750,774,775,-1,750,775,751,-1,751,775,776,-1,751,776,752,-1,752,776,777,-1,752,777,753,-1,753,777,778,-1,753,778,754,-1,754,778,779,-1,754,779,755,-1,755,779,780,-1,755,780,756,-1,756,780,781,-1,756,781,757,-1,757,781,782,-1,757,782,758,-1,758,782,783,-1,758,783,759,-1,759,783,784,-1,759,784,760,-1,760,784,785,-1,760,785,761,-1,761,785,786,-1,761,786,762,-1,762,786,787,-1,762,787,763,-1,763,787,788,-1,763,788,764,-1,764,788,765,-1,788,789,765,-1,765,789,790,-1,765,790,766,-1,766,790,791,-1,766,791,767,-1,767,791,792,-1,767,792,768,-1,768,792,793,-1,768,793,769,-1,769,793,794,-1,769,794,770,-1,770,794,795,-1,770,795,771,-1,771,795,796,-1,771,796,772,-1,772,796,797,-1,772,797,773,-1,773,797,798,-1,773,798,774,-1,774,798,799,-1,774,799,775,-1,775,799,800,-1,775,800,776,-1,776,800,801,-1,776,801,777,-1,777,801,802,-1,777,802,778,-1,778,802,803,-1,778,803,779,-1,779,803,804,-1,779,804,780,-1,780,804,805,-1,780,805,781,-1,781,805,806,-1,781,806,782,-1,782,806,807,-1,782,807,783,-1,783,807,808,-1,783,808,784,-1,784,808,809,-1,784,809,785,-1,785,809,810,-1,785,810,786,-1,786,810,811,-1,786,811,787,-1,787,811,812,-1,787,812,788,-1,788,812,789,-1,812,654,789,-1,789,654,653,-1,789,653,790,-1,790,653,652,-1,790,652,791,-1,791,652,651,-1,791,651,792,-1,792,651,650,-1,792,650,793,-1,793,650,649,-1,793,649,794,-1,794,649,648,-1,794,648,795,-1,795,648,647,-1,795,647,796,-1,796,647,646,-1,796,646,797,-1,797,646,645,-1,797,645,798,-1,798,645,644,-1,798,644,799,-1,799,644,667,-1,799,667,800,-1,800,667,666,-1,800,666,801,-1,801,666,665,-1,801,665,802,-1,802,665,664,-1,802,664,803,-1,803,664,663,-1,803,663,804,-1,804,663,662,-1,804,662,805,-1,805,662,661,-1,805,661,806,-1,806,661,660,-1,806,660,807,-1,807,660,659,-1,807,659,808,-1,808,659,658,-1,808,658,809,-1,809,658,657,-1,809,657,810,-1,810,657,656,-1,810,656,811,-1,811,656,655,-1,811,655,812,-1,812,655,654,-1,622,813,623,-1,623,813,814,-1,623,814,642,-1,642,814,815,-1,642,815,643,-1,643,815,816,-1,643,816,639,-1,639,816,817,-1,639,817,640,-1,640,817,818,-1,640,818,641,-1,641,818,819,-1,641,819,636,-1,636,819,820,-1,636,820,637,-1,637,820,821,-1,637,821,638,-1,638,821,822,-1,638,822,633,-1,633,822,823,-1,633,823,634,-1,634,823,824,-1,634,824,635,-1,635,824,825,-1,635,825,630,-1,630,825,826,-1,630,826,631,-1,631,826,827,-1,631,827,632,-1,632,827,828,-1,632,828,627,-1,627,828,829,-1,627,829,628,-1,628,829,830,-1,628,830,629,-1,629,830,831,-1,629,831,624,-1,624,831,832,-1,624,832,625,-1,625,832,833,-1,625,833,626,-1,626,833,834,-1,626,834,619,-1,619,834,835,-1,619,835,620,-1,620,835,836,-1,620,836,622,-1,622,836,813,-1,836,837,813,-1,813,837,838,-1,813,838,814,-1,814,838,839,-1,814,839,815,-1,815,839,840,-1,815,840,816,-1,816,840,841,-1,816,841,817,-1,817,841,842,-1,817,842,818,-1,818,842,843,-1,818,843,819,-1,819,843,844,-1,819,844,820,-1,820,844,845,-1,820,845,821,-1,821,845,846,-1,821,846,822,-1,822,846,847,-1,822,847,823,-1,823,847,848,-1,823,848,824,-1,824,848,849,-1,824,849,825,-1,825,849,850,-1,825,850,826,-1,826,850,851,-1,826,851,827,-1,827,851,852,-1,827,852,828,-1,828,852,853,-1,828,853,829,-1,829,853,854,-1,829,854,830,-1,830,854,855,-1,830,855,831,-1,831,855,856,-1,831,856,832,-1,832,856,857,-1,832,857,833,-1,833,857,858,-1,833,858,834,-1,834,858,859,-1,834,859,835,-1,835,859,860,-1,835,860,836,-1,836,860,837,-1,860,861,837,-1,837,861,862,-1,837,862,838,-1,838,862,863,-1,838,863,839,-1,839,863,864,-1,839,864,840,-1,840,864,865,-1,840,865,841,-1,841,865,866,-1,841,866,842,-1,842,866,867,-1,842,867,843,-1,843,867,868,-1,843,868,844,-1,844,868,869,-1,844,869,845,-1,845,869,870,-1,845,870,846,-1,846,870,871,-1,846,871,847,-1,847,871,872,-1,847,872,848,-1,848,872,873,-1,848,873,849,-1,849,873,874,-1,849,874,850,-1,850,874,875,-1,850,875,851,-1,851,875,876,-1,851,876,852,-1,852,876,877,-1,852,877,853,-1,853,877,878,-1,853,878,854,-1,854,878,879,-1,854,879,855,-1,855,879,880,-1,855,880,856,-1,856,880,881,-1,856,881,857,-1,857,881,882,-1,857,882,858,-1,858,882,883,-1,858,883,859,-1,859,883,884,-1,859,884,860,-1,860,884,861,-1,884,885,861,-1,861,885,886,-1,861,886,862,-1,862,886,887,-1,862,887,863,-1,863,887,888,-1,863,888,864,-1,864,888,889,-1,864,889,865,-1,865,889,890,-1,865,890,866,-1,866,890,891,-1,866,891,867,-1,867,891,892,-1,867,892,868,-1,868,892,893,-1,868,893,869,-1,869,893,894,-1,869,894,870,-1,870,894,895,-1,870,895,871,-1,871,895,896,-1,871,896,872,-1,872,896,897,-1,872,897,873,-1,873,897,898,-1,873,898,874,-1,874,898,899,-1,874,899,875,-1,875,899,900,-1,875,900,876,-1,876,900,901,-1,876,901,877,-1,877,901,902,-1,877,902,878,-1,878,902,903,-1,878,903,879,-1,879,903,904,-1,879,904,880,-1,880,904,905,-1,880,905,881,-1,881,905,906,-1,881,906,882,-1,882,906,907,-1,882,907,883,-1,883,907,908,-1,883,908,884,-1,884,908,885,-1,908,909,885,-1,885,909,910,-1,885,910,886,-1,886,910,911,-1,886,911,887,-1,887,911,912,-1,887,912,888,-1,888,912,913,-1,888,913,889,-1,889,913,914,-1,889,914,890,-1,890,914,915,-1,890,915,891,-1,891,915,916,-1,891,916,892,-1,892,916,917,-1,892,917,893,-1,893,917,918,-1,893,918,894,-1,894,918,919,-1,894,919,895,-1,895,919,920,-1,895,920,896,-1,896,920,921,-1,896,921,897,-1,897,921,922,-1,897,922,898,-1,898,922,923,-1,898,923,899,-1,899,923,924,-1,899,924,900,-1,900,924,925,-1,900,925,901,-1,901,925,926,-1,901,926,902,-1,902,926,927,-1,902,927,903,-1,903,927,928,-1,903,928,904,-1,904,928,929,-1,904,929,905,-1,905,929,930,-1,905,930,906,-1,906,930,931,-1,906,931,907,-1,907,931,932,-1,907,932,908,-1,908,932,909,-1,932,605,909,-1,909,605,604,-1,909,604,910,-1,910,604,603,-1,910,603,911,-1,911,603,602,-1,911,602,912,-1,912,602,601,-1,912,601,913,-1,913,601,600,-1,913,600,914,-1,914,600,599,-1,914,599,915,-1,915,599,598,-1,915,598,916,-1,916,598,597,-1,916,597,917,-1,917,597,596,-1,917,596,918,-1,918,596,595,-1,918,595,919,-1,919,595,618,-1,919,618,920,-1,920,618,617,-1,920,617,921,-1,921,617,616,-1,921,616,922,-1,922,616,615,-1,922,615,923,-1,923,615,614,-1,923,614,924,-1,924,614,613,-1,924,613,925,-1,925,613,612,-1,925,612,926,-1,926,612,611,-1,926,611,927,-1,927,611,610,-1,927,610,928,-1,928,610,609,-1,928,609,929,-1,929,609,608,-1,929,608,930,-1,930,608,607,-1,930,607,931,-1,931,607,606,-1,931,606,932,-1,932,606,605,-1,573,933,574,-1,574,933,934,-1,574,934,593,-1,593,934,935,-1,593,935,594,-1,594,935,936,-1,594,936,590,-1,590,936,937,-1,590,937,591,-1,591,937,938,-1,591,938,592,-1,592,938,939,-1,592,939,587,-1,587,939,940,-1,587,940,588,-1,588,940,941,-1,588,941,589,-1,589,941,942,-1,589,942,584,-1,584,942,943,-1,584,943,585,-1,585,943,944,-1,585,944,586,-1,586,944,945,-1,586,945,581,-1,581,945,946,-1,581,946,582,-1,582,946,947,-1,582,947,583,-1,583,947,948,-1,583,948,578,-1,578,948,949,-1,578,949,579,-1,579,949,950,-1,579,950,580,-1,580,950,951,-1,580,951,575,-1,575,951,952,-1,575,952,576,-1,576,952,953,-1,576,953,577,-1,577,953,954,-1,577,954,570,-1,570,954,955,-1,570,955,571,-1,571,955,956,-1,571,956,573,-1,573,956,933,-1,956,957,933,-1,933,957,958,-1,933,958,934,-1,934,958,959,-1,934,959,935,-1,935,959,960,-1,935,960,936,-1,936,960,961,-1,936,961,937,-1,937,961,962,-1,937,962,938,-1,938,962,963,-1,938,963,939,-1,939,963,964,-1,939,964,940,-1,940,964,965,-1,940,965,941,-1,941,965,966,-1,941,966,942,-1,942,966,967,-1,942,967,943,-1,943,967,968,-1,943,968,944,-1,944,968,969,-1,944,969,945,-1,945,969,970,-1,945,970,946,-1,946,970,971,-1,946,971,947,-1,947,971,972,-1,947,972,948,-1,948,972,973,-1,948,973,949,-1,949,973,974,-1,949,974,950,-1,950,974,975,-1,950,975,951,-1,951,975,976,-1,951,976,952,-1,952,976,977,-1,952,977,953,-1,953,977,978,-1,953,978,954,-1,954,978,979,-1,954,979,955,-1,955,979,980,-1,955,980,956,-1,956,980,957,-1,980,981,957,-1,957,981,982,-1,957,982,958,-1,958,982,983,-1,958,983,959,-1,959,983,984,-1,959,984,960,-1,960,984,985,-1,960,985,961,-1,961,985,986,-1,961,986,962,-1,962,986,987,-1,962,987,963,-1,963,987,988,-1,963,988,964,-1,964,988,989,-1,964,989,965,-1,965,989,990,-1,965,990,966,-1,966,990,991,-1,966,991,967,-1,967,991,992,-1,967,992,968,-1,968,992,993,-1,968,993,969,-1,969,993,994,-1,969,994,970,-1,970,994,995,-1,970,995,971,-1,971,995,996,-1,971,996,972,-1,972,996,997,-1,972,997,973,-1,973,997,998,-1,973,998,974,-1,974,998,999,-1,974,999,975,-1,975,999,1000,-1,975,1000,976,-1,976,1000,1001,-1,976,1001,977,-1,977,1001,1002,-1,977,1002,978,-1,978,1002,1003,-1,978,1003,979,-1,979,1003,1004,-1,979,1004,980,-1,980,1004,981,-1,1004,1005,981,-1,981,1005,1006,-1,981,1006,982,-1,982,1006,1007,-1,982,1007,983,-1,983,1007,1008,-1,983,1008,984,-1,984,1008,1009,-1,984,1009,985,-1,985,1009,1010,-1,985,1010,986,-1,986,1010,1011,-1,986,1011,987,-1,987,1011,1012,-1,987,1012,988,-1,988,1012,1013,-1,988,1013,989,-1,989,1013,1014,-1,989,1014,990,-1,990,1014,1015,-1,990,1015,991,-1,991,1015,1016,-1,991,1016,992,-1,992,1016,1017,-1,992,1017,993,-1,993,1017,1018,-1,993,1018,994,-1,994,1018,1019,-1,994,1019,995,-1,995,1019,1020,-1,995,1020,996,-1,996,1020,1021,-1,996,1021,997,-1,997,1021,1022,-1,997,1022,998,-1,998,1022,1023,-1,998,1023,999,-1,999,1023,1024,-1,999,1024,1000,-1,1000,1024,1025,-1,1000,1025,1001,-1,1001,1025,1026,-1,1001,1026,1002,-1,1002,1026,1027,-1,1002,1027,1003,-1,1003,1027,1028,-1,1003,1028,1004,-1,1004,1028,1005,-1,1028,1029,1005,-1,1005,1029,1030,-1,1005,1030,1006,-1,1006,1030,1031,-1,1006,1031,1007,-1,1007,1031,1032,-1,1007,1032,1008,-1,1008,1032,1033,-1,1008,1033,1009,-1,1009,1033,1034,-1,1009,1034,1010,-1,1010,1034,1035,-1,1010,1035,1011,-1,1011,1035,1036,-1,1011,1036,1012,-1,1012,1036,1037,-1,1012,1037,1013,-1,1013,1037,1038,-1,1013,1038,1014,-1,1014,1038,1039,-1,1014,1039,1015,-1,1015,1039,1040,-1,1015,1040,1016,-1,1016,1040,1041,-1,1016,1041,1017,-1,1017,1041,1042,-1,1017,1042,1018,-1,1018,1042,1043,-1,1018,1043,1019,-1,1019,1043,1044,-1,1019,1044,1020,-1,1020,1044,1045,-1,1020,1045,1021,-1,1021,1045,1046,-1,1021,1046,1022,-1,1022,1046,1047,-1,1022,1047,1023,-1,1023,1047,1048,-1,1023,1048,1024,-1,1024,1048,1049,-1,1024,1049,1025,-1,1025,1049,1050,-1,1025,1050,1026,-1,1026,1050,1051,-1,1026,1051,1027,-1,1027,1051,1052,-1,1027,1052,1028,-1,1028,1052,1029,-1,1052,556,1029,-1,1029,556,555,-1,1029,555,1030,-1,1030,555,554,-1,1030,554,1031,-1,1031,554,553,-1,1031,553,1032,-1,1032,553,552,-1,1032,552,1033,-1,1033,552,551,-1,1033,551,1034,-1,1034,551,550,-1,1034,550,1035,-1,1035,550,549,-1,1035,549,1036,-1,1036,549,548,-1,1036,548,1037,-1,1037,548,547,-1,1037,547,1038,-1,1038,547,546,-1,1038,546,1039,-1,1039,546,569,-1,1039,569,1040,-1,1040,569,568,-1,1040,568,1041,-1,1041,568,567,-1,1041,567,1042,-1,1042,567,566,-1,1042,566,1043,-1,1043,566,565,-1,1043,565,1044,-1,1044,565,564,-1,1044,564,1045,-1,1045,564,563,-1,1045,563,1046,-1,1046,563,562,-1,1046,562,1047,-1,1047,562,561,-1,1047,561,1048,-1,1048,561,560,-1,1048,560,1049,-1,1049,560,559,-1,1049,559,1050,-1,1050,559,558,-1,1050,558,1051,-1,1051,558,557,-1,1051,557,1052,-1,1052,557,556,-1,524,1053,525,-1,525,1053,1054,-1,525,1054,544,-1,544,1054,1055,-1,544,1055,545,-1,545,1055,1056,-1,545,1056,541,-1,541,1056,1057,-1,541,1057,542,-1,542,1057,1058,-1,542,1058,543,-1,543,1058,1059,-1,543,1059,538,-1,538,1059,1060,-1,538,1060,539,-1,539,1060,1061,-1,539,1061,540,-1,540,1061,1062,-1,540,1062,535,-1,535,1062,1063,-1,535,1063,536,-1,536,1063,1064,-1,536,1064,537,-1,537,1064,1065,-1,537,1065,532,-1,532,1065,1066,-1,532,1066,533,-1,533,1066,1067,-1,533,1067,534,-1,534,1067,1068,-1,534,1068,529,-1,529,1068,1069,-1,529,1069,530,-1,530,1069,1070,-1,530,1070,531,-1,531,1070,1071,-1,531,1071,526,-1,526,1071,1072,-1,526,1072,527,-1,527,1072,1073,-1,527,1073,528,-1,528,1073,1074,-1,528,1074,521,-1,521,1074,1075,-1,521,1075,522,-1,522,1075,1076,-1,522,1076,524,-1,524,1076,1053,-1,1076,1077,1053,-1,1053,1077,1078,-1,1053,1078,1054,-1,1054,1078,1079,-1,1054,1079,1055,-1,1055,1079,1080,-1,1055,1080,1056,-1,1056,1080,1081,-1,1056,1081,1057,-1,1057,1081,1082,-1,1057,1082,1058,-1,1058,1082,1083,-1,1058,1083,1059,-1,1059,1083,1084,-1,1059,1084,1060,-1,1060,1084,1085,-1,1060,1085,1061,-1,1061,1085,1086,-1,1061,1086,1062,-1,1062,1086,1087,-1,1062,1087,1063,-1,1063,1087,1088,-1,1063,1088,1064,-1,1064,1088,1089,-1,1064,1089,1065,-1,1065,1089,1090,-1,1065,1090,1066,-1,1066,1090,1091,-1,1066,1091,1067,-1,1067,1091,1092,-1,1067,1092,1068,-1,1068,1092,1093,-1,1068,1093,1069,-1,1069,1093,1094,-1,1069,1094,1070,-1,1070,1094,1095,-1,1070,1095,1071,-1,1071,1095,1096,-1,1071,1096,1072,-1,1072,1096,1097,-1,1072,1097,1073,-1,1073,1097,1098,-1,1073,1098,1074,-1,1074,1098,1099,-1,1074,1099,1075,-1,1075,1099,1100,-1,1075,1100,1076,-1,1076,1100,1077,-1,1100,1101,1077,-1,1077,1101,1102,-1,1077,1102,1078,-1,1078,1102,1103,-1,1078,1103,1079,-1,1079,1103,1104,-1,1079,1104,1080,-1,1080,1104,1105,-1,1080,1105,1081,-1,1081,1105,1106,-1,1081,1106,1082,-1,1082,1106,1107,-1,1082,1107,1083,-1,1083,1107,1108,-1,1083,1108,1084,-1,1084,1108,1109,-1,1084,1109,1085,-1,1085,1109,1110,-1,1085,1110,1086,-1,1086,1110,1111,-1,1086,1111,1087,-1,1087,1111,1112,-1,1087,1112,1088,-1,1088,1112,1113,-1,1088,1113,1089,-1,1089,1113,1114,-1,1089,1114,1090,-1,1090,1114,1115,-1,1090,1115,1091,-1,1091,1115,1116,-1,1091,1116,1092,-1,1092,1116,1117,-1,1092,1117,1093,-1,1093,1117,1118,-1,1093,1118,1094,-1,1094,1118,1119,-1,1094,1119,1095,-1,1095,1119,1120,-1,1095,1120,1096,-1,1096,1120,1121,-1,1096,1121,1097,-1,1097,1121,1122,-1,1097,1122,1098,-1,1098,1122,1123,-1,1098,1123,1099,-1,1099,1123,1124,-1,1099,1124,1100,-1,1100,1124,1101,-1,1124,1125,1101,-1,1101,1125,1126,-1,1101,1126,1102,-1,1102,1126,1127,-1,1102,1127,1103,-1,1103,1127,1128,-1,1103,1128,1104,-1,1104,1128,1129,-1,1104,1129,1105,-1,1105,1129,1130,-1,1105,1130,1106,-1,1106,1130,1131,-1,1106,1131,1107,-1,1107,1131,1132,-1,1107,1132,1108,-1,1108,1132,1133,-1,1108,1133,1109,-1,1109,1133,1134,-1,1109,1134,1110,-1,1110,1134,1135,-1,1110,1135,1111,-1,1111,1135,1136,-1,1111,1136,1112,-1,1112,1136,1137,-1,1112,1137,1113,-1,1113,1137,1138,-1,1113,1138,1114,-1,1114,1138,1139,-1,1114,1139,1115,-1,1115,1139,1140,-1,1115,1140,1116,-1,1116,1140,1141,-1,1116,1141,1117,-1,1117,1141,1142,-1,1117,1142,1118,-1,1118,1142,1143,-1,1118,1143,1119,-1,1119,1143,1144,-1,1119,1144,1120,-1,1120,1144,1145,-1,1120,1145,1121,-1,1121,1145,1146,-1,1121,1146,1122,-1,1122,1146,1147,-1,1122,1147,1123,-1,1123,1147,1148,-1,1123,1148,1124,-1,1124,1148,1125,-1,1148,1149,1125,-1,1125,1149,1150,-1,1125,1150,1126,-1,1126,1150,1151,-1,1126,1151,1127,-1,1127,1151,1152,-1,1127,1152,1128,-1,1128,1152,1153,-1,1128,1153,1129,-1,1129,1153,1154,-1,1129,1154,1130,-1,1130,1154,1155,-1,1130,1155,1131,-1,1131,1155,1156,-1,1131,1156,1132,-1,1132,1156,1157,-1,1132,1157,1133,-1,1133,1157,1158,-1,1133,1158,1134,-1,1134,1158,1159,-1,1134,1159,1135,-1,1135,1159,1160,-1,1135,1160,1136,-1,1136,1160,1161,-1,1136,1161,1137,-1,1137,1161,1162,-1,1137,1162,1138,-1,1138,1162,1163,-1,1138,1163,1139,-1,1139,1163,1164,-1,1139,1164,1140,-1,1140,1164,1165,-1,1140,1165,1141,-1,1141,1165,1166,-1,1141,1166,1142,-1,1142,1166,1167,-1,1142,1167,1143,-1,1143,1167,1168,-1,1143,1168,1144,-1,1144,1168,1169,-1,1144,1169,1145,-1,1145,1169,1170,-1,1145,1170,1146,-1,1146,1170,1171,-1,1146,1171,1147,-1,1147,1171,1172,-1,1147,1172,1148,-1,1148,1172,1149,-1,1172,507,1149,-1,1149,507,506,-1,1149,506,1150,-1,1150,506,505,-1,1150,505,1151,-1,1151,505,504,-1,1151,504,1152,-1,1152,504,503,-1,1152,503,1153,-1,1153,503,502,-1,1153,502,1154,-1,1154,502,501,-1,1154,501,1155,-1,1155,501,500,-1,1155,500,1156,-1,1156,500,499,-1,1156,499,1157,-1,1157,499,498,-1,1157,498,1158,-1,1158,498,497,-1,1158,497,1159,-1,1159,497,520,-1,1159,520,1160,-1,1160,520,519,-1,1160,519,1161,-1,1161,519,518,-1,1161,518,1162,-1,1162,518,517,-1,1162,517,1163,-1,1163,517,516,-1,1163,516,1164,-1,1164,516,515,-1,1164,515,1165,-1,1165,515,514,-1,1165,514,1166,-1,1166,514,513,-1,1166,513,1167,-1,1167,513,512,-1,1167,512,1168,-1,1168,512,511,-1,1168,511,1169,-1,1169,511,510,-1,1169,510,1170,-1,1170,510,509,-1,1170,509,1171,-1,1171,509,508,-1,1171,508,1172,-1,1172,508,507,-1,
        ]
    }
}
Shape{
    appearance Appearance {
        material  Material 	{
            diffuseColor 0.6470588235294118 0.6470588235294118 0.6470588235294118
            specularColor 0.3215686274509804 0.3215686274509804 0.3215686274509804
            ambientIntensity 0.2
            transparency 0
            shininess 0.5
        }
    }
    geometry IndexedFaceSet {
        ccw TRUE
        solid FALSE
        coord DEF co Coordinate {
            point [
                1.0236 -0.4331 2.7598, 1.0236 -0.315 2.7598, 0.748 -0.4331 2.7598, 0.748 -0.315 2.7598, 0.748 -0.315 2.7559, 1.0236 -0.315 2.7559, 1.0236 -0.4331 2.7559, 0.748 -0.4331 2.7559, 0.748 -0.4331 -1.2022, 0.748 -0.4331 0.3937, 0.748 -0.315 -1.2022, 0.748 -0.315 0.3937, 0.8268 -0.4331 -1.4961, 0.9449 -0.4331 -1.4961, 1.0236 -0.4331 -1.2022, 1.0236 -0.4331 0.3937, 1.0236 -0.315 -1.2022, 1.0236 -0.315 0.3937, 0.8268 -0.315 -1.4961, 0.9449 -0.315 -1.4961, -0.748 -0.4331 2.7598, -0.748 -0.315 2.7598, -1.0236 -0.4331 2.7598, -1.0236 -0.315 2.7598, -1.0236 -0.315 2.7559, -0.748 -0.315 2.7559, -0.748 -0.4331 2.7559, -1.0236 -0.4331 2.7559, -1.0236 -0.4331 -1.2022, -1.0236 -0.4331 0.3937, -1.0236 -0.315 -1.2022, -1.0236 -0.315 0.3937, -0.748 -0.4331 0.3937, -0.748 -0.4331 -1.2022, -0.8268 -0.4331 -1.4961, -0.9449 -0.4331 -1.4961, -0.748 -0.315 -1.2022, -0.748 -0.315 0.3937, -0.8268 -0.315 -1.4961, -0.9449 -0.315 -1.4961, -0.9449 -0.315 -1.4961
            ]
        }
        coordIndex [
            0,1,2,-1,2,1,3,-1,3,1,4,-1,4,1,5,-1,1,0,5,-1,5,0,6,-1,0,2,6,-1,6,2,7,-1,2,3,7,-1,7,3,4,-1,8,9,10,-1,10,9,11,-1,12,13,8,-1,8,13,14,-1,8,14,9,-1,9,14,15,-1,16,17,14,-1,14,17,15,-1,11,17,10,-1,10,17,16,-1,10,16,18,-1,18,16,19,-1,18,19,12,-1,12,19,13,-1,20,21,22,-1,22,21,23,-1,23,21,24,-1,24,21,25,-1,21,20,25,-1,25,20,26,-1,20,22,26,-1,26,22,27,-1,22,23,27,-1,27,23,24,-1,28,29,30,-1,30,29,31,-1,32,29,33,-1,33,29,28,-1,33,28,34,-1,34,28,35,-1,36,37,33,-1,33,37,32,-1,38,39,36,-1,36,39,30,-1,36,30,37,-1,37,30,31,-1,39,38,35,-1,35,38,34,-1,30,39,28,-1,28,39,35,-1,33,34,36,-1,36,34,38,-1,10,18,8,-1,8,18,12,-1,14,13,16,-1,16,13,19,-1,
        ]
    }
}
Shape{
    appearance Appearance {
        material  Material 	{
            diffuseColor 0.2235294117647059 0.2235294117647059 0.2235294117647059
            specularColor 0.11372549019607843 0.11372549019607843 0.11372549019607843
            ambientIntensity 0.2
            transparency 0
            shininess 0.5
        }
    }
    geometry IndexedFaceSet {
        ccw TRUE
        solid FALSE
        coord DEF co Coordinate {
            point [
                -0.4707 0.0 2.7559, -0.4707 0.0 0.3937, -0.4707 0.1378 2.7559, -0.4707 0.1378 0.3937, 0.4707 0.0 0.3937, 0.4707 0.0 2.7559, 0.4707 0.1378 0.3937, 0.4707 0.1378 2.7559, -1.1811 0.0 0.7887, -0.6676 0.0 0.7887, -1.1811 0.1378 0.7887, -0.6676 0.1378 0.7887, -0.6676 0.0 2.3609, -0.6676 0.1378 2.3609, -1.1811 0.0 2.3609, -1.1811 0.1378 2.3609, -0.6676 0.0 0.3937, -0.6676 0.0 0.5919, -0.6676 0.1378 0.3937, -0.6676 0.1378 0.5919, -1.1811 0.0 0.5919, -1.1811 0.1378 0.5919, -1.1811 0.0 0.3937, 1.1811 0.0 2.3609, 0.6676 0.0 2.3609, 1.1811 0.1378 2.3609, 0.6676 0.1378 2.3609, 0.6676 0.0 0.7887, 0.6676 0.1378 0.7887, 1.1811 0.0 0.7887, 1.1811 0.1378 0.7887, 0.6676 0.0 2.7559, 0.6676 0.0 2.5577, 0.6676 0.1378 2.7559, 0.6676 0.1378 2.5577, 1.1811 0.0 2.5577, 1.1811 0.1378 2.5577, 1.1811 0.0 2.7559, 1.1811 0.0 0.5919, 0.6676 0.0 0.5919, 1.1811 0.1378 0.5919, 0.6676 0.1378 0.5919, 0.6676 0.0 0.3937, 0.6676 0.1378 0.3937, 1.1811 0.0 0.3937, -1.1811 0.0 2.5577, -0.6676 0.0 2.5577, -1.1811 0.1378 2.5577, -0.6676 0.1378 2.5577, -0.6676 0.0 2.7559, -0.6676 0.1378 2.7559, -1.1811 0.0 2.7559, -1.1811 0.0 2.7559
            ]
        }
        coordIndex [
            0,1,2,-1,2,1,3,-1,4,5,6,-1,6,5,7,-1,5,4,0,-1,0,4,1,-1,8,9,10,-1,10,9,11,-1,9,12,11,-1,11,12,13,-1,12,14,13,-1,13,14,15,-1,12,9,14,-1,14,9,8,-1,16,17,18,-1,18,17,19,-1,17,20,19,-1,19,20,21,-1,17,16,20,-1,20,16,22,-1,23,24,25,-1,25,24,26,-1,24,27,26,-1,26,27,28,-1,27,29,28,-1,28,29,30,-1,27,24,29,-1,29,24,23,-1,31,32,33,-1,33,32,34,-1,32,35,34,-1,34,35,36,-1,32,31,35,-1,35,31,37,-1,38,39,40,-1,40,39,41,-1,39,42,41,-1,41,42,43,-1,42,39,44,-1,44,39,38,-1,45,46,47,-1,47,46,48,-1,46,49,48,-1,48,49,50,-1,49,46,51,-1,51,46,45,-1,
        ]
    }
}
Shape{
    appearance Appearance {
        material  Material 	{
            diffuseColor 0.6470588235294118 0.6470588235294118 0.6470588235294118
            specularColor 0.3215686274509804 0.3215686274509804 0.3215686274509804
            ambientIntensity 0.2
            transparency 0
            shininess 0.5
        }
    }
    geometry IndexedFaceSet {
        ccw TRUE
        solid FALSE
        coord DEF co Coordinate {
            point [
                1.437 0.1654 2.2137, 1.437 0.1603 2.2131, 1.437 0.1903 2.2131, 1.437 0.3258 0.1635, 1.437 0.3308 0.1614, 1.437 0.3308 2.1656, 1.437 0.0724 2.5247, 1.437 0.0816 2.5258, 1.437 0.0338 2.5258, 1.437 0.1034 2.4044, 1.437 0.0957 2.4037, 1.437 0.1354 2.4037, 1.437 -0.6827 2.3585, 1.437 -0.6808 2.3685, 1.437 -0.8336 2.3685, 1.437 -0.1931 2.4311, 1.437 -0.1699 2.4115, 1.437 -0.089 2.5258, 1.437 -0.089 2.4037, 1.437 -0.3069 2.5382, 1.437 -0.2885 2.5258, 1.437 -0.2688 2.5126, 1.437 -0.241 2.4805, 1.437 -0.2227 2.4451, 1.437 -0.2185 2.4437, 1.437 -0.4668 2.5365, 1.437 -0.4274 2.5518, 1.437 -0.8336 2.7559, 1.437 -0.089 2.7559, 1.437 -0.385 2.557, 1.437 -0.3498 2.5533, 1.437 -0.6429 2.4469, 1.437 -0.636 2.4533, 1.437 -0.8336 2.5258, 1.437 -0.4841 2.5258, 1.437 -0.4875 2.5237, 1.437 -0.6075 2.4727, 1.437 -0.5756 2.4843, 1.437 -0.5447 2.4878, 1.437 -0.5075 2.5065, 1.437 -0.5348 2.4873, 1.437 -0.525 2.4861, 1.437 -0.8336 2.4037, 1.437 -0.6762 2.3923, 1.437 -0.6709 2.4037, 1.437 -0.6621 2.4227, 1.437 -0.5788 2.2154, 1.437 -0.5926 2.2197, 1.437 -0.8336 2.2131, 1.437 -0.6231 2.2355, 1.437 -0.6471 2.2564, 1.437 -0.6497 2.2594, 1.437 -0.6679 2.2868, 1.437 -0.6795 2.3187, 1.437 -0.683 2.3495, 1.437 -0.5409 2.1689, 1.437 -0.5576 2.1815, 1.437 -0.8336 2.1656, 1.437 -0.5703 2.1972, 1.437 -0.5777 2.2131, 1.437 -0.089 1.5748, 1.437 -0.4771 2.1599, 1.437 -0.4977 2.1574, 1.437 -0.8336 1.5748, 1.437 -0.501 2.1574, 1.437 -0.5212 2.1606, 1.437 -0.533 2.1656, 1.437 -0.4177 2.2131, 1.437 -0.4177 2.2129, 1.437 -0.089 2.1656, 1.437 -0.4278 2.1939, 1.437 -0.441 2.1791, 1.437 -0.458 2.1672, 1.437 -0.4623 2.1656, 1.437 -0.1421 2.3611, 1.437 -0.1382 2.3333, 1.437 -0.089 2.3685, 1.437 -0.3085 2.2636, 1.437 -0.3026 2.2659, 1.437 -0.2928 2.3145, 1.437 -0.1698 2.2522, 1.437 -0.1933 2.2323, 1.437 -0.089 2.2131, 1.437 -0.4337 2.3, 1.437 -0.3192 2.3598, 1.437 -0.4486 2.3136, 1.437 -0.4667 2.3233, 1.437 -0.3138 2.2599, 1.437 -0.153 2.2755, 1.437 -0.1915 2.3398, 1.437 -0.1955 2.3562, 1.437 -0.2021 2.3685, 1.437 -0.6271 2.3685, 1.437 -0.1422 2.3025, 1.437 -0.2962 2.2667, 1.437 -0.2953 2.2666, 1.437 -0.2928 2.2661, 1.437 -0.6221 2.3173, 1.437 -0.6119 2.2998, 1.437 -0.5685 2.2911, 1.437 -0.5965 2.2841, 1.437 -0.578 2.2727, 1.437 -0.5369 2.3193, 1.437 -0.5544 2.3072, 1.437 -0.6292 2.3512, 1.437 -0.6282 2.3382, 1.437 -0.518 2.3265, 1.437 -0.4977 2.329, 1.437 -0.4873 2.3284, 1.437 -0.3226 2.2402, 1.437 -0.3225 2.2431, 1.437 -0.4123 2.2513, 1.437 -0.3209 2.2496, 1.437 -0.3177 2.2555, 1.437 -0.2085 2.2873, 1.437 -0.1991 2.3006, 1.437 -0.1932 2.3158, 1.437 -0.1911 2.3324, 1.437 -0.3026 2.2145, 1.437 -0.3083 2.2167, 1.437 -0.3138 2.2206, 1.437 -0.3159 2.2227, 1.437 -0.3196 2.2281, 1.437 -0.3218 2.2339, 1.437 -0.4128 2.234, 1.437 -0.4123 2.2428, 1.437 -0.2193 2.2197, 1.437 -0.2475 2.2137, 1.437 -0.2979 2.2137, 1.437 -0.291 2.2658, 1.437 -0.2526 2.2658, 1.437 -0.2374 2.2687, 1.437 -0.2223 2.2757, 1.437 -0.2096 2.286, 1.437 -0.2646 2.399, 1.437 -0.6194 2.3909, 1.437 -0.6267 2.3719, 1.437 -0.2577 2.399, 1.437 -0.2035 2.371, 1.437 -0.2134 2.3821, 1.437 -0.2266 2.3913, 1.437 -0.2415 2.397, 1.437 -0.301 2.4722, 1.437 -0.3048 2.4757, 1.437 -0.4986 2.4238, 1.437 -0.2821 2.4489, 1.437 -0.6105 2.4037, 1.437 -0.5048 2.4272, 1.437 -0.2656 2.4037, 1.437 -0.2693 2.4212, 1.437 -0.5239 2.4342, 1.437 -0.5438 2.4366, 1.437 -0.5526 2.4362, 1.437 -0.3289 2.4922, 1.437 -0.3557 2.5023, 1.437 -0.4859 2.4501, 1.437 -0.3841 2.5058, 1.437 -0.5737 2.4312, 1.437 -0.5927 2.4211, 1.437 -0.6075 2.4079, 1.437 -0.4152 2.5018, 1.437 -0.4431 2.4906, 1.437 -0.4669 2.4731, 1.437 -0.1643 2.4037, 1.437 -0.1525 2.3872, 1.437 -0.145 2.3685, 1.437 0.4128 2.4375, 1.437 0.3687 2.4375, 1.437 0.4251 2.4047, 1.437 0.3687 2.4037, 1.437 0.4422 2.4047, 1.437 0.3964 2.5248, 1.437 1.0264 2.4037, 1.437 1.0037 2.5258, 1.437 0.3628 2.4375, 1.437 0.3512 2.4047, 1.437 0.3308 2.4037, 1.437 0.3341 2.4047, 1.437 0.3308 2.5258, 1.437 0.3687 2.4956, 1.437 0.3687 2.5258, 1.437 0.3799 2.5248, 1.437 0.1903 2.4588, 1.437 0.1579 2.4588, 1.437 0.1903 2.4184, 1.437 0.1579 2.4184, 1.437 0.2183 2.5258, 1.437 0.1903 2.5258, 1.437 0.2042 2.5248, 1.437 0.1903 2.5248, 1.437 0.2042 2.511, 1.437 0.207 2.4184, 1.437 0.2183 2.4037, 1.437 0.207 2.4047, 1.437 0.1903 2.4037, 1.437 0.2008 2.4588, 1.437 0.2008 2.4725, 1.437 0.1903 2.4725, 1.437 0.1903 2.511, 1.437 0.1579 2.511, 1.437 0.1579 2.4725, 1.437 0.1424 2.5248, 1.437 0.1354 2.5258, 1.437 0.1424 2.4047, 1.437 0.1057 2.5256, 1.437 0.1183 2.5219, 1.437 0.1903 2.4047, 1.437 0.1183 2.5057, 1.437 0.1163 2.4086, 1.437 0.093 2.4167, 1.437 0.1066 2.4192, 1.437 0.1183 2.4245, 1.437 0.1183 2.4097, 1.437 0.1048 2.5111, 1.437 0.09 2.5128, 1.437 0.0447 2.4634, 1.437 0.0506 2.4373, 1.437 0.0565 2.4291, 1.437 0.0588 2.4268, 1.437 0.0667 2.4212, 1.437 0.0753 2.4179, 1.437 0.0873 2.4165, 1.437 0.0573 2.4995, 1.437 0.0507 2.4904, 1.437 0.0655 2.5062, 1.437 0.0749 2.5106, 1.437 0.0854 2.5126, 1.437 0.0467 2.48, 1.437 0.117 2.5064, 1.437 0.0448 2.459, 1.437 0.0467 2.4469, 1.437 0.0338 2.7559, 1.437 0.0899 2.5268, 1.437 0.1354 2.7559, 1.437 0.09 2.5268, 1.437 0.1027 2.5258, 1.437 0.0371 2.4978, 1.437 0.0458 2.5091, 1.437 0.0487 2.5119, 1.437 0.0599 2.5198, 1.437 0.0338 2.4352, 1.437 0.0308 2.4428, 1.437 0.0266 2.4037, 1.437 0.0284 2.4625, 1.437 0.0286 2.4687, 1.437 0.0266 2.5258, 1.437 0.0314 2.4844, 1.437 0.0338 2.4901, 1.437 0.0338 2.3685, 1.437 0.0746 2.4037, 1.437 0.0338 2.4037, 1.437 0.0648 2.4057, 1.437 0.0535 2.411, 1.437 0.0438 2.4191, 1.437 0.0357 2.4303, 1.437 0.1354 2.3685, 1.437 0.0851 2.4027, 1.437 0.0778 2.403, 1.437 -0.9623 0.0918, 1.437 -0.9536 0.0669, 1.437 -0.8472 0.0, 1.437 -0.9653 0.3147, 1.437 -0.8336 0.448, 1.437 -0.8922 0.4238, 1.437 -0.9653 0.1181, 1.437 -0.9395 0.0445, 1.437 -0.9208 0.0258, 1.437 -0.8735 0.003, 1.437 -0.8984 0.0117, 1.437 -0.9165 0.4103, 1.437 -0.9369 0.3914, 1.437 -0.962 0.3423, 1.437 -0.9524 0.3683, 1.437 -0.067 0.0021, 1.437 -0.0455 0.0084, 1.437 -0.089 0.7553, 1.437 -0.0255 0.0187, 1.437 0.0266 0.803, 1.437 0.0266 0.0522, 1.437 0.0338 0.0568, 1.437 -0.8336 0.0, 1.437 -0.0893 0.0, 1.437 -0.089 0.0, 1.437 0.0978 0.8359, 1.437 0.0736 0.8224, 1.437 0.0338 0.806, 1.437 0.1466 0.9315, 1.437 0.1434 0.9039, 1.437 0.1903 0.1556, 1.437 0.1354 2.1656, 1.437 0.1354 1.5046, 1.437 0.1903 2.1656, 1.437 0.1426 1.4873, 1.437 0.1466 1.4567, 1.437 0.1771 0.1488, 1.437 0.1354 0.8825, 1.437 0.1354 0.122, 1.437 0.1337 0.8779, 1.437 0.1183 0.8548, 1.437 0.0876 1.559, 1.437 0.112 1.5402, 1.437 0.1308 1.5157, 1.437 0.0266 1.5748, 1.437 0.0285 1.5748, 1.437 0.0338 2.1656, 1.437 0.0338 1.5741, 1.437 0.0591 1.5708, 1.437 0.0266 2.1656, 1.437 0.9789 2.6593, 1.437 0.8628 2.7559, 1.437 0.9571 2.7089, 1.437 0.9383 2.7286, 1.437 0.9155 2.7435, 1.437 0.9709 2.6854, 1.437 0.8899 2.7528, 1.437 0.5017 2.2142, 1.437 0.4845 2.2142, 1.437 0.3687 2.2131, 1.437 0.5755 2.2142, 1.437 0.5632 2.247, 1.437 0.5132 2.247, 1.437 0.5926 2.2142, 1.437 1.0617 2.2131, 1.437 1.0329 2.3685, 1.437 0.5468 2.3343, 1.437 0.4746 2.254, 1.437 0.4775 2.2681, 1.437 0.5303 2.3343, 1.437 0.4779 2.2757, 1.437 0.4758 2.2924, 1.437 0.4687 2.2416, 1.437 0.4597 2.231, 1.437 0.4473 2.222, 1.437 0.3801 2.3343, 1.437 0.3687 2.3685, 1.437 0.3801 2.2142, 1.437 0.4131 2.2142, 1.437 0.4336 2.2167, 1.437 0.4597 2.3184, 1.437 0.4639 2.3143, 1.437 0.4714 2.3038, 1.437 0.4143 2.3343, 1.437 0.4327 2.3322, 1.437 0.4472 2.3269, 1.437 0.3687 2.1656, 1.437 1.0705 2.1656, 1.437 0.4134 -0.1969, 1.437 0.8071 -0.1969, 1.437 0.8071 -0.1181, 1.437 0.8417 -0.0346, 1.437 0.3976 0.1084, 1.437 0.4094 0.08, 1.437 0.8661 -0.0158, 1.437 0.8946 -0.004, 1.437 0.9252 0.0, 1.437 1.2382 1.2618, 1.437 1.2402 1.2402, 1.437 0.4134 0.0494, 1.437 0.8111 -0.0875, 1.437 0.8229 -0.0591, 1.437 1.2402 0.1181, 1.437 1.122 0.0, 1.437 1.2361 0.0875, 1.437 1.1811 0.0158, 1.437 1.2056 0.0346, 1.437 1.2243 0.0591, 1.437 1.1526 0.004, 1.437 0.3543 0.1517, 1.437 0.3687 0.1406, 1.437 0.3788 0.1329, 1.437 0.2183 2.1656, 1.437 0.2183 0.1653, 1.437 0.2847 2.1656, 1.437 0.2185 0.1654, 1.437 0.2409 0.1675, 1.437 0.2847 0.1675, 1.437 0.2953 0.1675, 1.437 0.197 0.159, 1.437 0.3242 2.4446, 1.437 0.3183 2.4322, 1.437 0.2847 2.5258, 1.437 0.2847 2.5219, 1.437 0.2968 2.5175, 1.437 0.2847 2.4078, 1.437 0.2847 2.4037, 1.437 0.2969 2.4126, 1.437 0.3093 2.4215, 1.437 0.3093 2.5089, 1.437 0.3135 2.5048, 1.437 0.321 2.4943, 1.437 0.3254 2.4829, 1.437 0.3275 2.4663, 1.437 0.3271 2.4586, 1.437 0.2639 2.5248, 1.437 0.2823 2.5228, 1.437 0.2832 2.4072, 1.437 0.2627 2.4047, 1.437 0.2297 2.4047, 1.437 0.2297 2.5248, 1.437 0.0802 2.2152, 1.437 0.0746 2.2131, 1.437 0.093 2.2142, 1.437 0.0447 2.2545, 1.437 0.0475 2.2793, 1.437 0.0416 2.2496, 1.437 0.0398 2.244, 1.437 0.0808 2.2891, 1.437 0.0757 2.2897, 1.437 0.0676 2.2651, 1.437 0.0855 2.2187, 1.437 0.0574 2.2132, 1.437 0.0516 2.2153, 1.437 0.0338 2.2131, 1.437 0.0491 2.2585, 1.437 0.0551 2.2619, 1.437 0.0579 2.2858, 1.437 0.0674 2.2889, 1.437 0.0475 2.2939, 1.437 0.0506 2.2957, 1.437 0.0465 2.2189, 1.437 0.0451 2.2203, 1.437 0.0419 2.2248, 1.437 0.093 2.2274, 1.437 0.0926 2.2274, 1.437 0.0903 2.2238, 1.437 0.04 2.2298, 1.437 0.0392 2.2371, 1.437 0.1328 2.2632, 1.437 0.1309 2.2663, 1.437 0.1081 2.2694, 1.437 0.1292 2.2709, 1.437 0.1066 2.282, 1.437 0.1286 2.2768, 1.437 0.093 2.2687, 1.437 0.0925 2.2753, 1.437 0.091 2.2807, 1.437 0.0892 2.2838, 1.437 0.0618 2.3, 1.437 0.0771 2.3019, 1.437 0.0876 2.3008, 1.437 0.1353 2.2606, 1.437 0.1285 2.2327, 1.437 0.1354 2.2606, 1.437 0.1339 2.2293, 1.437 0.1354 2.2287, 1.437 0.0936 2.2986, 1.437 0.0984 2.2956, 1.437 0.1337 2.291, 1.437 0.0869 2.2862, 1.437 0.0843 2.2879, 1.437 0.1292 2.2821, 1.437 0.1309 2.287, 1.437 0.1041 2.2885, 1.437 0.1009 2.2931, 1.437 0.0741 2.213, 1.437 0.0664 2.2121, 1.437 0.0576 2.2131, 1.437 0.1285 2.2172, 1.437 0.1081 2.2142, 1.437 0.1354 2.2147, 1.437 0.1354 2.2131, 1.437 0.139 2.2134, 1.437 0.142 2.2131, 1.437 0.1517 2.2121, 1.437 0.1823 2.2981, 1.437 0.1823 2.2835, 1.437 0.1382 2.2951, 1.437 0.1419 2.2973, 1.437 0.1354 2.2926, 1.437 0.1857 2.2315, 1.437 0.1839 2.2267, 1.437 0.1811 2.2227, 1.437 0.1499 2.3005, 1.437 0.162 2.3019, 1.437 0.1903 2.3685, 1.437 0.1725 2.301, 1.437 0.1814 2.2517, 1.437 0.1842 2.2475, 1.437 0.1858 2.2431, 1.437 0.1864 2.2375, 1.437 0.1767 2.2189, 1.437 0.1733 2.2168, 1.437 0.1605 2.2897, 1.437 0.156 2.2893, 1.437 0.1441 2.2781, 1.437 0.152 2.2883, 1.437 0.1486 2.2865, 1.437 0.1442 2.2761, 1.437 0.1448 2.2738, 1.437 0.1459 2.2718, 1.437 0.1474 2.2702, 1.437 0.1527 2.2668, 1.437 0.171 2.2884, 1.437 0.162 2.2628, 1.437 0.1795 2.2851, 1.437 0.1678 2.2604, 1.437 0.1778 2.2549, 1.437 0.1464 2.2845, 1.437 0.1451 2.2826, 1.437 0.1443 2.2805, 1.437 0.1433 2.2256, 1.437 0.1513 2.2519, 1.437 0.1424 2.256, 1.437 0.1532 2.2244, 1.437 0.1539 2.2244, 1.437 0.1612 2.2477, 1.437 0.1616 2.2253, 1.437 0.171 2.236, 1.437 0.1708 2.2379, 1.437 0.1655 2.2267, 1.437 0.1669 2.2275, 1.437 0.1686 2.2291, 1.437 0.1699 2.231, 1.437 0.1707 2.2331, 1.437 0.1701 2.2402, 1.437 0.169 2.2422, 1.437 0.1671 2.2442, 1.437 0.261 2.2999, 1.437 0.2766 2.2999, 1.437 0.2847 2.3685, 1.437 0.2335 2.2355, 1.437 0.2353 2.2284, 1.437 0.2357 2.2284, 1.437 0.2183 2.3685, 1.437 0.2183 2.279, 1.437 0.2376 2.2353, 1.437 0.2364 2.2313, 1.437 0.2183 2.2131, 1.437 0.2183 2.2387, 1.437 0.1942 2.2999, 1.437 0.2111 2.2999, 1.437 0.2279 2.2143, 1.437 0.2274 2.2131, 1.437 0.2213 2.1987, 1.437 0.1973 2.175, 1.437 0.1973 2.1884, 1.437 0.2154 2.1901, 1.437 0.2182 2.1932, 1.437 0.2183 2.1934, 1.437 0.2004 2.1874, 1.437 0.2059 2.1866, 1.437 0.2183 2.1765, 1.437 0.2137 2.1746, 1.437 0.207 2.1737, 1.437 0.2037 2.1739, 1.437 0.2099 2.1872, 1.437 0.2131 2.1885, 1.437 0.2376 2.2012, 1.437 0.2308 2.1878, 1.437 0.2246 2.1806, 1.437 0.2196 2.177, 1.437 0.3308 2.2682, 1.437 0.3083 2.2682, 1.437 0.3308 2.2278, 1.437 0.3083 2.2278, 1.437 0.3547 2.3343, 1.437 0.3547 2.3204, 1.437 0.3574 2.2278, 1.437 0.3574 2.2142, 1.437 0.3308 2.2131, 1.437 0.3512 2.2682, 1.437 0.3512 2.282, 1.437 0.3308 2.282, 1.437 0.3308 2.3204, 1.437 0.3083 2.3204, 1.437 0.3083 2.282, 1.437 0.3308 2.2142, 1.437 0.2928 2.2142, 1.437 0.2847 2.2131, 1.437 0.2928 2.3343, 1.437 0.3308 2.3343, 1.437 0.3308 2.3685, 1.437 0.2424 2.2131, 1.437 0.3687 2.7559, 1.437 0.3308 2.7559, 1.437 0.2847 2.7559, 1.437 0.2183 2.7559, 1.437 0.1903 2.7559, 1.437 0.0266 2.7559, 1.437 0.0235 2.4184, 1.437 0.0235 2.4047, 1.437 -0.0398 2.4047, 1.437 -0.0398 2.5248, 1.437 -0.0243 2.5248, 1.437 -0.0243 2.4184, 1.437 0.0266 2.3685, 1.437 0.0266 2.2131, 1.437 -0.0398 2.2142, 1.437 0.0248 2.2142, 1.437 0.0248 2.2278, 1.437 0.022 2.3204, 1.437 -0.0398 2.3343, 1.437 0.022 2.3343, 1.437 -0.0243 2.2682, 1.437 -0.0243 2.2278, 1.437 0.0186 2.2682, 1.437 0.0186 2.282, 1.437 -0.0243 2.282, 1.437 -0.0243 2.3204, 1.437 -0.9843 2.7559, 1.437 -0.9843 2.5258, 1.437 -0.9843 2.4037, 1.437 -0.9843 2.3685, 1.437 -0.9843 2.2131, 1.437 -0.9843 2.1656, 1.437 -0.9843 1.5748, 1.2795 0.9252 0.0, 1.2795 1.122 0.0, -1.2795 1.122 0.0, -1.2795 0.9252 0.0, -1.437 1.122 0.0, -1.437 0.9252 0.0, -1.2795 0.8229 -0.0591, -1.2795 0.3543 0.1517, -1.2795 0.8111 -0.0875, -1.2795 0.3788 0.1329, -1.2795 0.3976 0.1084, -1.2795 0.0591 1.5708, -1.2795 0.0876 1.559, -1.2795 0.8628 2.7559, -1.2795 0.4094 0.08, -1.2795 0.4134 0.0494, -1.2795 0.8071 -0.1181, -1.2795 0.4134 -0.1969, -1.2795 0.8071 -0.1969, -1.2795 0.197 0.159, -1.2795 0.2185 0.1654, -1.2795 0.0736 0.8224, -1.2795 0.2409 0.1675, -1.2795 0.2953 0.1675, -1.2795 0.8417 -0.0346, -1.2795 0.3258 0.1635, -1.2795 0.9571 2.7089, -1.2795 0.9383 2.7286, -1.2795 0.1426 1.4873, -1.2795 1.2382 1.2618, -1.2795 0.1308 1.5157, -1.2795 0.9789 2.6593, -1.2795 0.112 1.5402, -1.2795 -0.9843 2.7559, -1.2795 -0.9843 1.5748, -1.2795 0.0285 1.5748, -1.2795 0.9709 2.6854, -1.2795 -0.8472 0.0, -1.2795 -0.0893 0.0, -1.2795 -0.9653 0.1181, -1.2795 0.9155 2.7435, -1.2795 0.8899 2.7528, -1.2795 0.1434 0.9039, -1.2795 0.8661 -0.0158, -1.2795 0.1466 0.9315, -1.2795 0.1466 1.4567, -1.2795 0.8946 -0.004, -1.2795 1.2402 1.2402, -1.2795 -0.067 0.0021, -1.2795 -0.0455 0.0084, -1.2795 -0.8922 0.4238, -1.2795 -0.0255 0.0187, -1.2795 0.1771 0.1488, -1.2795 0.1337 0.8779, -1.2795 0.1183 0.8548, -1.2795 0.0978 0.8359, -1.2795 -0.9369 0.3914, -1.2795 -0.9524 0.3683, -1.2795 1.2402 0.1181, -1.2795 1.2361 0.0875, -1.2795 -0.962 0.3423, -1.2795 -0.9653 0.3147, -1.2795 1.1811 0.0158, -1.2795 1.2056 0.0346, -1.2795 1.2243 0.0591, -1.2795 -0.9165 0.4103, -1.2795 -0.9495 0.0591, -1.2795 -0.9307 0.0346, -1.2795 -0.9062 0.0158, -1.2795 1.1526 0.004, -1.2795 -0.9613 0.0875, -1.2795 -0.8777 0.004, -1.437 0.8946 -0.004, -1.437 0.8661 -0.0158, -1.437 0.4094 0.08, -1.437 1.2402 1.2402, -1.437 1.2402 0.1181, -1.437 0.8417 -0.0346, -1.437 0.8229 -0.0591, -1.437 0.4134 0.0494, -1.437 0.8111 -0.0875, -1.437 0.4134 -0.1969, -1.437 0.8071 -0.1181, -1.437 0.8071 -0.1969, -1.437 0.9789 2.6593, -1.437 1.2382 1.2618, -1.437 0.1426 1.4873, -1.437 0.9155 2.7435, -1.437 0.9383 2.7286, -1.437 0.0876 1.559, -1.437 0.3976 0.1084, -1.437 0.3788 0.1329, -1.437 0.3543 0.1517, -1.437 0.3258 0.1635, -1.437 0.1308 1.5157, -1.437 0.112 1.5402, -1.437 0.9709 2.6854, -1.437 0.9571 2.7089, -1.437 -0.9843 1.5748, -1.437 -0.9843 2.7559, -1.437 0.0285 1.5748, -1.437 0.8628 2.7559, -1.437 0.0591 1.5708, -1.437 1.2361 0.0875, -1.437 1.2243 0.0591, -1.437 0.1337 0.8779, -1.437 0.1434 0.9039, -1.437 0.8899 2.7528, -1.437 1.2056 0.0346, -1.437 1.1811 0.0158, -1.437 1.1526 0.004, -1.437 0.2953 0.1675, -1.437 0.2409 0.1675, -1.437 0.0978 0.8359, -1.437 0.2185 0.1654, -1.437 0.0736 0.8224, -1.437 0.197 0.159, -1.437 0.1183 0.8548, -1.437 0.1466 0.9315, -1.437 0.1466 1.4567, -1.437 0.1771 0.1488, -1.437 -0.0255 0.0187, -1.437 -0.0455 0.0084, -1.437 -0.9653 0.1181, -1.437 -0.9653 0.3147, -1.437 -0.8922 0.4238, -1.437 -0.9062 0.0158, -1.437 -0.9307 0.0346, -1.437 -0.9495 0.0591, -1.437 -0.9613 0.0875, -1.437 -0.8472 0.0, -1.437 -0.0893 0.0, -1.437 -0.067 0.0021, -1.437 -0.962 0.3423, -1.437 -0.9524 0.3683, -1.437 -0.9165 0.4103, -1.437 -0.9369 0.3914, -1.437 -0.8777 0.004, -1.1811 -1.2402 1.5447, -1.1811 -1.2402 2.7559, -1.1862 -1.2401 1.549, -1.2086 -1.2387 1.5631, -1.3091 -1.2059 1.5748, -1.2598 -1.2277 1.5748, -1.2473 -1.2314 2.7559, -1.2472 -1.2311 1.5734, -1.2336 -1.2347 1.5718, -1.3091 -1.2059 2.7559, -1.3621 -1.1652 2.7559, -1.3621 -1.1652 1.5748, -1.4027 -1.1122 2.7559, -1.4027 -1.1122 1.5748, -1.4283 -1.0505 2.7559, -1.4283 -1.0505 1.5748, 0.4046 -1.2402 0.9692, 0.2787 -1.2402 0.9019, 1.0236 -1.2402 0.3937, 1.1417 -1.2402 0.5118, 1.1417 -1.2402 1.4567, 0.7144 -1.2402 1.4327, 0.7283 -1.2402 1.5748, 1.1458 -1.2402 1.4873, 0.7144 -1.2402 1.7169, 1.1576 -1.2402 1.5157, 0.6729 -1.2402 1.8535, -0.4046 -1.2402 2.1804, -0.2787 -1.2402 2.2477, -0.6729 -1.2402 1.8535, -0.6056 -1.2402 1.9795, -0.515 -1.2402 2.0898, 0.1421 -1.2402 0.8605, 0.0 -1.2402 0.8465, -1.0236 -1.2402 0.3937, -0.1421 -1.2402 0.8605, -0.1421 -1.2402 2.2892, 0.0 -1.2402 2.3031, 1.1811 -1.2402 2.7559, 0.1421 -1.2402 2.2892, 0.2787 -1.2402 2.2477, 1.1763 -1.2402 1.5402, 0.515 -1.2402 2.0898, 0.6056 -1.2402 1.9795, 0.6729 -1.2402 1.2961, 0.6056 -1.2402 1.1702, 1.1377 -1.2402 0.4812, 0.515 -1.2402 1.0598, 1.0542 -1.2402 0.3977, 1.0827 -1.2402 0.4095, -1.1675 -1.2402 1.5303, -0.7144 -1.2402 1.7169, -1.1534 -1.2402 1.5079, -0.7283 -1.2402 1.5748, -1.1447 -1.2402 1.483, -0.7144 -1.2402 1.4327, -1.1417 -1.2402 1.4567, -0.6729 -1.2402 1.2961, -1.1417 -1.2402 0.5118, -0.6056 -1.2402 1.1702, -0.515 -1.2402 1.0598, 1.1071 -1.2402 0.4283, 1.1259 -1.2402 0.4528, 1.1811 -1.2402 1.5447, 0.4046 -1.2402 2.1804, -1.1377 -1.2402 0.4812, -1.1259 -1.2402 0.4528, -1.1071 -1.2402 0.4283, -0.2787 -1.2402 0.9019, -0.4046 -1.2402 0.9692, -1.0542 -1.2402 0.3977, -1.0827 -1.2402 0.4095, -0.2787 -1.0827 2.2477, -0.4046 -1.0827 2.1804, -1.1811 -1.0827 2.7559, 0.6056 -1.0827 1.9795, 0.515 -1.0827 2.0898, 1.1811 -1.0827 2.7559, 0.4046 -1.0827 2.1804, 0.2787 -1.0827 2.2477, 1.1576 -1.0827 1.5157, 0.515 -1.0827 1.0598, 0.6056 -1.0827 1.1702, 0.1421 -1.0827 2.2892, 0.0 -1.0827 2.3031, -0.1421 -1.0827 2.2892, 0.6729 -1.0827 1.2961, 0.7144 -1.0827 1.4327, 1.1763 -1.0827 1.5402, 0.7283 -1.0827 1.5748, 1.1811 -1.0827 1.5447, 0.7144 -1.0827 1.7169, 0.6729 -1.0827 1.8535, 0.4046 -1.0827 0.9692, 1.1458 -1.0827 1.4873, 1.1417 -1.0827 1.4567, -0.515 -1.0827 2.0898, -0.6056 -1.0827 1.9795, -0.6729 -1.0827 1.8535, 0.1421 -1.0827 0.8605, 0.2787 -1.0827 0.9019, 1.0236 -1.0827 0.3937, 1.0542 -1.0827 0.3977, -1.1811 -1.0827 1.5447, -1.1675 -1.0827 1.5303, -1.1534 -1.0827 1.5079, -0.7144 -1.0827 1.7169, -1.1447 -1.0827 1.483, -0.7283 -1.0827 1.5748, -1.1417 -1.0827 1.4567, -0.7144 -1.0827 1.4327, -1.1417 -1.0827 0.5118, -0.515 -1.0827 1.0598, -1.0827 -1.0827 0.4095, -1.1071 -1.0827 0.4283, -0.6729 -1.0827 1.2961, -0.6056 -1.0827 1.1702, -1.1377 -1.0827 0.4812, -1.1259 -1.0827 0.4528, -0.4046 -1.0827 0.9692, -1.0236 -1.0827 0.3937, -1.0542 -1.0827 0.3977, -0.2787 -1.0827 0.9019, -0.1421 -1.0827 0.8605, -0.0 -1.0827 0.8465, 1.1417 -1.0827 0.5118, 1.1377 -1.0827 0.4812, 1.1259 -1.0827 0.4528, 1.1071 -1.0827 0.4283, 1.0827 -1.0827 0.4095, -1.2336 -1.0675 1.5718, -1.2507 -1.0538 2.7559, -1.2302 -1.0693 1.5709, -1.2303 -1.0695 2.7559, -1.2195 -1.0749 1.5677, -1.1862 -1.0825 1.549, -1.1961 -1.0815 1.5561, -1.2066 -1.0793 2.7559, -1.2066 -1.0792 1.562, -1.2086 -1.0788 1.5631, -1.2507 -1.0538 1.5744, -1.2598 -1.0433 1.5748, -1.2663 -1.0335 2.7559, -1.2663 -1.0335 1.5748, -1.2762 -1.0097 2.7559, -1.2762 -1.0097 1.5748, 1.2795 -0.0893 0.0, 1.2795 -0.8472 0.0, 1.3091 -1.2059 2.7559, 1.2473 -1.2314 2.7559, 1.2598 -1.2277 1.5748, 1.2008 -1.2394 1.559, 1.2147 -1.2379 1.5658, 1.2293 -1.2356 1.5708, 1.2473 -1.2314 1.5741, 1.3091 -1.2059 1.5748, 1.3621 -1.1652 1.5748, 1.3621 -1.1652 2.7559, 1.4027 -1.1122 1.5748, 1.4027 -1.1122 2.7559, 1.4283 -1.0505 1.5748, 1.4283 -1.0505 2.7559, 1.2795 1.2402 0.1181, 1.2795 1.2402 1.2402, 1.2795 0.8071 -0.1181, 1.2795 0.8071 -0.1969, 1.2795 0.4134 -0.1969, 1.2795 0.9789 2.6593, 1.2795 1.2382 1.2618, 1.2795 0.1426 1.4873, 1.2795 0.8661 -0.0158, 1.2795 0.1337 0.8779, 1.2795 0.1434 0.9039, 1.2795 0.3788 0.1329, 1.2795 0.3543 0.1517, 1.2795 0.0736 0.8224, 1.2795 0.3258 0.1635, 1.2795 0.1308 1.5157, 1.2795 0.112 1.5402, 1.2795 0.9709 2.6854, 1.2795 0.0876 1.559, 1.2795 0.8946 -0.004, 1.2795 0.1466 1.4567, 1.2795 0.1466 0.9315, 1.2795 0.9155 2.7435, 1.2795 0.8899 2.7528, 1.2795 0.8628 2.7559, 1.2795 -0.9843 1.5748, 1.2795 -0.9843 2.7559, 1.2795 0.0285 1.5748, 1.2795 0.0591 1.5708, 1.2795 0.8417 -0.0346, 1.2795 0.0978 0.8359, 1.2795 0.1183 0.8548, 1.2795 0.8111 -0.0875, 1.2795 0.4134 0.0494, 1.2795 0.8229 -0.0591, 1.2795 0.4094 0.08, 1.2795 0.3976 0.1084, 1.2795 0.9383 2.7286, 1.2795 0.9571 2.7089, 1.2795 0.2953 0.1675, 1.2795 0.2409 0.1675, 1.2795 0.2185 0.1654, 1.2795 1.2361 0.0875, 1.2795 1.2243 0.0591, 1.2795 0.197 0.159, 1.2795 0.1771 0.1488, 1.2795 -0.0255 0.0187, 1.2795 1.2056 0.0346, 1.2795 1.1811 0.0158, 1.2795 1.1526 0.004, 1.2795 -0.0455 0.0084, 1.2795 -0.067 0.0021, 1.2795 -0.9524 0.3683, 1.2795 -0.9369 0.3914, 1.2795 -0.9653 0.1181, 1.2795 -0.8777 0.004, 1.2795 -0.962 0.3423, 1.2795 -0.9165 0.4103, 1.2795 -0.8922 0.4238, 1.2795 -0.9653 0.3147, 1.2795 -0.9062 0.0158, 1.2795 -0.9307 0.0346, 1.2795 -0.9495 0.0591, 1.2795 -0.9613 0.0875, 1.218 -1.0755 1.5672, 1.2065 -1.079 1.5617, 1.2066 -1.0793 2.7559, 1.1906 -1.0822 1.5524, 1.2008 -1.0807 1.559, 1.2303 -1.0695 2.7559, 1.2507 -1.0538 2.7559, 1.2507 -1.0538 1.5744, 1.241 -1.0624 1.5733, 1.2303 -1.0694 1.571, 1.2293 -1.0701 1.5708, 1.2762 -1.0097 2.7559, 1.2762 -1.0097 1.5748, 1.2663 -1.0335 2.7559, 1.2663 -1.0335 1.5748, 1.2598 -1.0433 1.5748, 1.3339 0.4134 -1.1811, 1.5028 0.4134 -1.1811, 1.5144 0.4134 -0.7158, 1.6612 0.4134 -0.7727, 1.5155 0.4134 -0.7116, 1.6713 0.4134 -0.735, 1.5157 0.4134 -0.7073, 1.6728 0.4134 -0.696, 1.5149 0.4134 -0.703, 1.6657 0.4134 -0.6575, 1.5132 0.4134 -0.699, 1.6504 0.4134 -0.6216, 1.3227 0.4134 -0.3613, 1.4599 0.4134 -0.2839, 1.2905 0.4134 -0.2818, 1.4428 0.4134 -0.2418, -1.2905 0.4134 -0.2818, -1.4428 0.4134 -0.2418, -1.3227 0.4134 -0.3613, -1.4599 0.4134 -0.2839, -1.5132 0.4134 -0.699, -1.6504 0.4134 -0.6216, -1.5149 0.4134 -0.703, -1.6657 0.4134 -0.6575, -1.5157 0.4134 -0.7073, -1.6728 0.4134 -0.696, -1.5155 0.4134 -0.7116, -1.6713 0.4134 -0.735, -1.5144 0.4134 -0.7158, -1.6612 0.4134 -0.7727, -1.3339 0.4134 -1.1811, -1.5028 0.4134 -1.1811, -1.4567 0.6102 -1.378, -1.4567 0.5593 -1.3712, -1.4567 0.6612 -1.3712, -1.4567 0.5118 -1.3516, -1.4567 0.7087 -1.3516, -1.4567 0.4728 -1.322, -1.4567 0.7477 -1.322, -1.4646 0.4398 -1.2795, -1.4647 0.4396 -1.2793, -1.4647 0.7809 -1.2793, -1.4587 0.4535 -1.3003, -1.4569 0.7493 -1.3202, -1.4569 0.4712 -1.3202, -1.4587 0.7669 -1.3003, -1.4646 0.7807 -1.2795, -1.483 0.8004 -1.2321, -1.483 0.4201 -1.2321, -1.5028 0.8071 -1.1811, -1.6612 0.8071 -0.7727, -1.6713 0.8071 -0.735, -1.6728 0.8071 -0.696, -1.6657 0.8071 -0.6575, -1.6504 0.8071 -0.6216, -1.4599 0.8071 -0.2839, -1.4428 0.8071 -0.2418, -1.2905 0.8071 -0.2818, -1.3227 0.8071 -0.3613, -1.5132 0.8071 -0.699, -1.5149 0.8071 -0.703, -1.5157 0.8071 -0.7073, -1.5155 0.8071 -0.7116, -1.5144 0.8071 -0.7158, -1.3179 0.4177 -1.2223, -1.3179 0.8027 -1.2223, -1.3339 0.8071 -1.1811, -1.3029 0.7802 -1.2792, -1.3039 0.4353 -1.2713, -1.3025 0.4398 -1.2795, -1.2992 0.4728 -1.322, -1.2992 0.7477 -1.322, -1.2993 0.4712 -1.3202, -1.2992 0.7494 -1.3203, -1.3 0.454 -1.3009, -1.3 0.7664 -1.3009, -1.3039 0.7852 -1.2713, -1.3143 0.8004 -1.2321, -1.3143 0.4201 -1.2321, -1.2992 0.7087 -1.3516, -1.2992 0.5118 -1.3516, -1.2992 0.6612 -1.3712, -1.2992 0.5593 -1.3712, -1.2992 0.6102 -1.378, 1.2992 0.4728 -1.322, 1.2992 0.7477 -1.322, 1.2992 0.7087 -1.3516, 1.2992 0.6102 -1.378, 1.2992 0.5593 -1.3712, 1.2992 0.5118 -1.3516, 1.2992 0.6612 -1.3712, 1.3039 0.7852 -1.2713, 1.3143 0.4201 -1.2321, 1.3143 0.8004 -1.2321, 1.3179 0.4177 -1.2223, 1.3179 0.8027 -1.2223, 1.3025 0.7807 -1.2795, 1.3029 0.4403 -1.2792, 1.3039 0.4353 -1.2713, 1.2993 0.7493 -1.3202, 1.2992 0.471 -1.3203, 1.3 0.7665 -1.3009, 1.3 0.454 -1.3009, 1.3339 0.8071 -1.1811, 1.5144 0.8071 -0.7158, 1.5155 0.8071 -0.7116, 1.5157 0.8071 -0.7073, 1.5149 0.8071 -0.703, 1.5132 0.8071 -0.699, 1.3227 0.8071 -0.3613, 1.2905 0.8071 -0.2818, 1.4428 0.8071 -0.2418, 1.4599 0.8071 -0.2839, 1.6504 0.8071 -0.6216, 1.6657 0.8071 -0.6575, 1.6728 0.8071 -0.696, 1.6713 0.8071 -0.735, 1.6612 0.8071 -0.7727, 1.5028 0.8071 -1.1811, 1.483 0.4201 -1.2321, 1.483 0.8004 -1.2321, 1.4647 0.4396 -1.2793, 1.4647 0.7809 -1.2793, 1.4569 0.4712 -1.3202, 1.4567 0.4728 -1.322, 1.4567 0.7477 -1.322, 1.4569 0.7493 -1.3202, 1.4587 0.7669 -1.3003, 1.4587 0.4535 -1.3003, 1.4646 0.4398 -1.2795, 1.4646 0.7807 -1.2795, 1.4567 0.5118 -1.3516, 1.4567 0.5593 -1.3712, 1.4567 0.6102 -1.378, 1.4567 0.6612 -1.3712, 1.4567 0.7087 -1.3516, 1.437 -0.9613 0.0875, 1.437 -0.9495 0.0591, 1.437 -0.9307 0.0346, 1.437 -0.9062 0.0158, 1.437 -0.8777 0.004, 1.437 -0.8777 0.004
            ]
        }
        coordIndex [
            0,1,2,-1,3,4,5,-1,6,7,8,-1,9,10,11,-1,12,13,14,-1,15,16,17,-1,17,16,18,-1,19,20,17,-1,17,20,21,-1,17,21,22,-1,22,23,17,-1,17,23,24,-1,17,24,15,-1,25,26,27,-1,27,26,28,-1,28,26,29,-1,28,29,30,-1,31,32,33,-1,25,27,34,-1,34,27,33,-1,34,33,35,-1,32,36,33,-1,33,36,37,-1,33,37,35,-1,35,37,38,-1,35,38,39,-1,39,38,40,-1,39,40,41,-1,14,13,42,-1,13,43,42,-1,42,43,44,-1,42,44,33,-1,33,44,45,-1,33,45,31,-1,46,47,48,-1,47,49,48,-1,48,49,50,-1,48,50,51,-1,51,52,48,-1,48,52,53,-1,48,53,14,-1,14,53,54,-1,14,54,12,-1,55,56,57,-1,57,56,58,-1,57,58,48,-1,48,58,59,-1,48,59,46,-1,60,61,62,-1,60,62,63,-1,62,64,63,-1,63,64,65,-1,63,65,57,-1,57,65,66,-1,57,66,55,-1,67,68,69,-1,69,68,70,-1,70,71,69,-1,69,71,72,-1,69,72,73,-1,74,75,76,-1,77,78,79,-1,80,81,82,-1,83,84,85,-1,85,84,86,-1,77,79,87,-1,80,82,88,-1,89,90,84,-1,84,90,91,-1,84,91,92,-1,76,75,82,-1,82,75,93,-1,82,93,88,-1,78,94,79,-1,79,94,95,-1,79,95,96,-1,97,98,99,-1,99,98,100,-1,99,100,101,-1,102,92,103,-1,103,92,104,-1,103,104,99,-1,99,104,105,-1,99,105,97,-1,102,106,92,-1,92,106,107,-1,92,107,84,-1,84,107,108,-1,84,108,86,-1,109,110,111,-1,111,110,112,-1,111,112,79,-1,79,112,113,-1,79,113,87,-1,114,115,79,-1,79,115,116,-1,79,116,84,-1,84,116,117,-1,84,117,89,-1,118,119,67,-1,67,119,120,-1,67,120,121,-1,121,122,67,-1,67,122,123,-1,67,123,124,-1,124,123,109,-1,124,109,125,-1,125,109,111,-1,81,126,82,-1,82,126,127,-1,82,127,67,-1,67,127,128,-1,67,128,118,-1,96,129,79,-1,79,129,130,-1,79,130,131,-1,131,132,79,-1,79,132,133,-1,79,133,114,-1,134,135,136,-1,136,92,134,-1,134,92,91,-1,134,91,137,-1,137,91,138,-1,138,139,137,-1,137,139,140,-1,137,140,141,-1,142,143,144,-1,142,144,145,-1,146,144,147,-1,135,134,146,-1,146,134,148,-1,146,148,144,-1,144,148,149,-1,144,149,145,-1,147,150,146,-1,146,150,151,-1,146,151,152,-1,143,153,144,-1,144,153,154,-1,144,154,155,-1,155,154,156,-1,157,158,152,-1,152,158,159,-1,152,159,146,-1,160,161,156,-1,156,161,162,-1,156,162,155,-1,16,163,18,-1,18,163,164,-1,18,164,76,-1,76,164,165,-1,76,165,74,-1,166,167,168,-1,168,167,169,-1,168,169,170,-1,171,172,173,-1,167,174,169,-1,169,174,175,-1,169,175,176,-1,176,175,177,-1,176,177,178,-1,178,177,179,-1,178,179,180,-1,180,179,181,-1,182,183,184,-1,184,183,185,-1,186,187,188,-1,188,187,189,-1,188,190,186,-1,186,190,191,-1,186,191,192,-1,192,191,193,-1,192,193,194,-1,182,184,195,-1,195,184,191,-1,195,191,196,-1,196,191,190,-1,196,190,197,-1,190,198,197,-1,197,198,199,-1,197,199,200,-1,189,187,201,-1,201,187,202,-1,201,202,203,-1,204,205,202,-1,193,206,194,-1,194,206,203,-1,194,203,11,-1,11,203,202,-1,11,202,207,-1,207,202,205,-1,9,11,208,-1,209,210,207,-1,207,210,211,-1,207,211,11,-1,11,211,212,-1,11,212,208,-1,213,214,215,-1,216,217,207,-1,207,217,218,-1,207,218,219,-1,219,220,207,-1,207,220,221,-1,207,221,209,-1,222,223,224,-1,224,223,225,-1,214,226,215,-1,215,226,225,-1,215,225,227,-1,227,225,223,-1,213,215,228,-1,228,215,229,-1,228,229,207,-1,207,229,230,-1,207,230,216,-1,231,232,233,-1,233,232,234,-1,233,234,235,-1,8,236,237,-1,237,238,8,-1,8,238,239,-1,8,239,6,-1,240,241,242,-1,242,241,243,-1,243,244,245,-1,245,244,246,-1,245,246,8,-1,8,246,247,-1,8,247,236,-1,248,249,250,-1,250,249,251,-1,251,252,250,-1,250,252,253,-1,250,253,254,-1,255,256,248,-1,248,256,257,-1,248,257,249,-1,258,259,260,-1,261,262,263,-1,262,261,260,-1,260,261,264,-1,260,264,258,-1,259,265,260,-1,260,265,266,-1,260,266,267,-1,267,266,268,-1,263,269,261,-1,261,269,270,-1,261,270,271,-1,271,270,272,-1,273,274,275,-1,275,274,276,-1,275,276,277,-1,277,276,278,-1,277,278,279,-1,260,280,262,-1,262,280,281,-1,262,281,275,-1,275,281,282,-1,275,282,273,-1,283,284,279,-1,279,284,285,-1,279,285,277,-1,286,287,288,-1,289,290,291,-1,291,290,292,-1,291,292,293,-1,288,287,294,-1,294,287,295,-1,294,295,296,-1,296,295,297,-1,296,297,279,-1,279,297,298,-1,279,298,283,-1,299,300,289,-1,289,300,301,-1,289,301,290,-1,302,303,304,-1,304,303,305,-1,304,305,289,-1,289,305,306,-1,289,306,299,-1,304,307,302,-1,302,307,69,-1,302,69,60,-1,60,69,73,-1,60,73,61,-1,308,309,173,-1,173,309,180,-1,173,180,171,-1,171,180,181,-1,310,311,312,-1,308,313,309,-1,309,313,310,-1,309,310,314,-1,314,310,312,-1,315,316,317,-1,318,319,320,-1,320,315,318,-1,318,315,317,-1,318,317,321,-1,322,323,324,-1,325,316,326,-1,326,316,327,-1,326,327,328,-1,328,327,329,-1,325,330,316,-1,316,330,331,-1,316,331,332,-1,333,334,335,-1,335,334,317,-1,335,317,336,-1,336,317,316,-1,336,316,337,-1,337,316,332,-1,327,324,334,-1,334,324,323,-1,334,323,172,-1,338,339,327,-1,327,339,340,-1,327,340,329,-1,333,341,334,-1,334,341,342,-1,334,342,327,-1,327,342,343,-1,327,343,338,-1,344,345,322,-1,346,347,348,-1,349,350,351,-1,349,352,344,-1,344,352,353,-1,344,353,345,-1,345,353,354,-1,345,354,355,-1,355,354,356,-1,346,348,357,-1,357,348,358,-1,357,358,351,-1,351,358,359,-1,351,359,349,-1,356,354,360,-1,360,354,361,-1,360,361,362,-1,363,364,365,-1,362,361,365,-1,365,361,366,-1,365,366,363,-1,5,4,344,-1,4,367,344,-1,344,367,368,-1,344,368,349,-1,349,368,369,-1,349,369,350,-1,370,371,372,-1,372,371,373,-1,373,374,372,-1,372,374,375,-1,372,375,5,-1,5,375,376,-1,5,376,3,-1,293,286,291,-1,291,286,288,-1,291,288,370,-1,370,288,377,-1,370,377,371,-1,378,379,176,-1,380,381,178,-1,178,381,382,-1,383,384,385,-1,385,384,176,-1,385,176,386,-1,386,176,379,-1,382,387,178,-1,178,387,388,-1,178,388,389,-1,389,390,178,-1,178,390,391,-1,178,391,176,-1,176,391,392,-1,176,392,378,-1,186,393,380,-1,380,393,394,-1,380,394,381,-1,383,395,384,-1,384,395,396,-1,384,396,192,-1,192,396,397,-1,192,397,186,-1,186,397,398,-1,186,398,393,-1,399,400,401,-1,402,403,404,-1,404,403,405,-1,406,407,408,-1,399,401,409,-1,410,411,412,-1,402,413,403,-1,403,413,414,-1,403,414,415,-1,415,414,408,-1,415,408,416,-1,416,408,407,-1,248,417,418,-1,411,419,412,-1,412,419,420,-1,412,420,421,-1,422,423,401,-1,401,423,424,-1,401,424,409,-1,421,425,412,-1,412,425,426,-1,412,426,248,-1,248,426,405,-1,248,405,417,-1,417,405,403,-1,427,428,429,-1,429,428,430,-1,429,430,431,-1,431,430,432,-1,433,434,408,-1,408,434,435,-1,408,435,436,-1,418,437,248,-1,248,437,438,-1,248,438,439,-1,440,441,442,-1,442,441,443,-1,442,443,444,-1,445,446,447,-1,436,448,408,-1,408,448,449,-1,408,449,406,-1,432,450,431,-1,431,450,451,-1,431,451,452,-1,452,451,447,-1,452,447,453,-1,453,447,446,-1,400,454,289,-1,289,454,304,-1,304,454,455,-1,304,455,456,-1,440,427,441,-1,441,427,429,-1,441,429,457,-1,457,429,458,-1,457,458,459,-1,459,458,460,-1,459,460,461,-1,461,460,462,-1,463,462,289,-1,289,462,460,-1,289,460,400,-1,400,460,458,-1,400,458,401,-1,464,465,2,-1,466,467,255,-1,439,445,248,-1,248,445,447,-1,248,447,255,-1,255,447,468,-1,255,468,466,-1,469,470,2,-1,2,470,471,-1,467,472,255,-1,255,472,473,-1,255,473,474,-1,474,473,475,-1,474,475,464,-1,476,477,465,-1,465,477,478,-1,465,478,2,-1,2,478,479,-1,2,479,469,-1,471,480,2,-1,2,480,481,-1,2,481,0,-1,482,483,484,-1,484,483,485,-1,484,485,486,-1,484,487,482,-1,482,487,488,-1,482,488,489,-1,489,490,482,-1,482,490,491,-1,482,491,492,-1,492,491,493,-1,492,493,494,-1,494,493,495,-1,494,495,465,-1,465,495,496,-1,465,496,476,-1,497,498,486,-1,486,498,499,-1,486,499,484,-1,500,501,444,-1,444,501,502,-1,444,502,442,-1,500,503,501,-1,501,503,504,-1,501,504,505,-1,505,504,506,-1,505,507,508,-1,506,509,505,-1,505,509,510,-1,505,510,511,-1,511,512,505,-1,505,512,513,-1,505,513,507,-1,508,514,505,-1,505,514,515,-1,505,515,516,-1,517,518,519,-1,520,521,522,-1,519,523,517,-1,517,523,524,-1,517,524,525,-1,525,524,520,-1,525,520,526,-1,526,520,522,-1,527,528,2,-1,2,528,529,-1,464,2,474,-1,474,2,529,-1,474,529,523,-1,523,529,530,-1,523,530,524,-1,531,528,532,-1,532,528,527,-1,532,527,533,-1,291,534,535,-1,536,537,527,-1,527,537,538,-1,527,538,533,-1,463,289,1,-1,1,289,291,-1,1,291,2,-1,2,291,535,-1,2,535,527,-1,527,535,539,-1,527,539,540,-1,541,542,370,-1,370,542,543,-1,370,543,291,-1,291,543,544,-1,291,544,534,-1,540,545,527,-1,527,545,546,-1,527,546,536,-1,547,548,372,-1,372,548,549,-1,372,549,370,-1,370,549,550,-1,370,550,541,-1,551,552,553,-1,553,552,554,-1,555,556,334,-1,334,556,557,-1,334,557,317,-1,317,557,558,-1,317,558,559,-1,551,553,560,-1,560,553,557,-1,560,557,561,-1,561,557,556,-1,561,556,562,-1,556,563,562,-1,562,563,564,-1,562,564,565,-1,558,566,559,-1,559,566,567,-1,559,567,568,-1,568,567,569,-1,555,334,570,-1,570,334,571,-1,570,571,569,-1,569,571,519,-1,569,519,568,-1,568,519,518,-1,568,518,572,-1,309,573,180,-1,180,573,574,-1,180,574,178,-1,178,574,575,-1,178,575,380,-1,380,575,576,-1,380,576,186,-1,186,576,577,-1,186,577,187,-1,187,577,233,-1,187,233,202,-1,202,233,235,-1,202,235,204,-1,28,245,578,-1,578,245,8,-1,578,8,231,-1,231,8,7,-1,231,7,232,-1,243,245,242,-1,242,245,579,-1,242,579,580,-1,18,581,17,-1,17,581,582,-1,17,582,583,-1,584,579,583,-1,583,579,245,-1,583,245,17,-1,17,245,28,-1,17,28,19,-1,19,28,30,-1,171,170,172,-1,172,170,169,-1,172,169,334,-1,334,169,176,-1,334,176,571,-1,571,176,384,-1,571,384,519,-1,519,384,192,-1,519,192,523,-1,523,192,194,-1,523,194,474,-1,474,194,11,-1,474,11,255,-1,255,11,10,-1,255,10,256,-1,580,581,242,-1,242,581,18,-1,242,18,585,-1,585,18,76,-1,254,240,250,-1,250,240,242,-1,250,242,248,-1,248,242,585,-1,248,585,412,-1,412,585,586,-1,82,586,587,-1,587,586,588,-1,588,586,589,-1,589,586,585,-1,589,585,590,-1,82,587,76,-1,76,587,591,-1,76,591,585,-1,585,591,592,-1,585,592,590,-1,593,594,595,-1,595,594,589,-1,595,589,596,-1,596,589,590,-1,596,590,597,-1,597,590,598,-1,324,321,322,-1,322,321,317,-1,322,317,344,-1,344,317,559,-1,344,559,5,-1,5,559,568,-1,5,568,372,-1,372,568,572,-1,372,572,547,-1,67,69,82,-1,82,69,307,-1,82,307,586,-1,586,307,304,-1,586,304,412,-1,412,304,456,-1,412,456,410,-1,27,599,33,-1,33,599,600,-1,33,600,42,-1,42,600,601,-1,42,601,14,-1,14,601,602,-1,14,602,48,-1,48,602,603,-1,48,603,57,-1,57,603,604,-1,57,604,63,-1,63,604,605,-1,606,607,354,-1,354,607,361,-1,608,609,610,-1,610,609,611,-1,612,613,614,-1,614,613,615,-1,614,615,616,-1,617,618,619,-1,616,620,614,-1,614,620,621,-1,614,621,622,-1,622,621,623,-1,622,623,624,-1,625,626,627,-1,627,626,628,-1,627,628,629,-1,612,630,613,-1,613,630,627,-1,613,627,631,-1,631,627,629,-1,632,633,618,-1,634,635,636,-1,636,635,637,-1,636,637,638,-1,639,640,619,-1,619,640,641,-1,619,641,617,-1,638,637,618,-1,618,637,642,-1,618,642,632,-1,643,644,645,-1,633,646,618,-1,618,646,647,-1,618,647,619,-1,648,649,650,-1,650,649,651,-1,651,649,634,-1,634,649,652,-1,634,652,635,-1,635,652,609,-1,635,609,653,-1,654,655,656,-1,656,655,657,-1,656,657,627,-1,627,657,658,-1,627,658,625,-1,648,659,649,-1,649,659,660,-1,649,660,630,-1,630,660,661,-1,630,661,627,-1,662,663,644,-1,653,609,664,-1,664,609,608,-1,664,608,665,-1,663,666,644,-1,644,666,667,-1,644,667,645,-1,668,669,670,-1,654,656,644,-1,644,656,671,-1,644,671,662,-1,672,673,674,-1,665,608,670,-1,670,608,675,-1,670,675,668,-1,645,676,643,-1,643,676,672,-1,643,672,677,-1,677,672,674,-1,678,679,680,-1,681,682,680,-1,679,683,680,-1,680,683,684,-1,680,684,685,-1,685,684,686,-1,685,686,687,-1,687,686,688,-1,687,688,689,-1,690,691,692,-1,693,694,695,-1,680,696,681,-1,681,696,697,-1,681,697,691,-1,691,697,698,-1,691,698,692,-1,692,698,699,-1,692,700,690,-1,690,700,701,-1,690,701,702,-1,702,701,695,-1,702,695,703,-1,703,695,694,-1,704,705,706,-1,706,705,707,-1,706,707,708,-1,678,680,611,-1,611,680,682,-1,611,682,610,-1,610,682,709,-1,610,709,710,-1,711,712,699,-1,708,707,695,-1,695,707,713,-1,695,713,693,-1,714,715,710,-1,710,715,716,-1,710,716,610,-1,717,718,719,-1,719,718,720,-1,719,720,721,-1,721,720,722,-1,717,719,699,-1,699,719,723,-1,699,723,711,-1,712,724,699,-1,699,724,725,-1,699,725,692,-1,722,726,721,-1,721,726,727,-1,721,727,728,-1,729,730,731,-1,732,733,734,-1,735,729,736,-1,736,729,731,-1,736,731,737,-1,737,731,721,-1,737,721,738,-1,738,721,728,-1,730,739,731,-1,731,739,740,-1,731,740,741,-1,741,740,742,-1,735,736,734,-1,734,736,743,-1,734,743,732,-1,744,745,746,-1,746,745,747,-1,748,749,750,-1,750,749,751,-1,750,751,745,-1,745,751,752,-1,745,752,747,-1,750,753,748,-1,748,753,754,-1,748,754,755,-1,755,754,756,-1,755,756,757,-1,757,756,758,-1,757,758,759,-1,759,758,705,-1,759,705,704,-1,760,761,762,-1,763,764,765,-1,765,764,766,-1,766,764,767,-1,766,767,768,-1,768,767,769,-1,768,769,770,-1,745,771,772,-1,773,774,745,-1,745,774,775,-1,745,775,771,-1,761,776,762,-1,762,776,777,-1,762,777,778,-1,778,777,779,-1,772,780,745,-1,745,780,781,-1,745,781,782,-1,782,781,783,-1,782,783,784,-1,785,786,769,-1,769,786,787,-1,769,787,770,-1,765,788,763,-1,763,788,789,-1,763,789,790,-1,790,789,791,-1,760,762,791,-1,791,762,792,-1,791,792,793,-1,745,744,773,-1,773,744,794,-1,773,794,795,-1,795,794,796,-1,795,796,797,-1,797,796,798,-1,797,798,799,-1,799,798,800,-1,799,800,801,-1,801,800,802,-1,801,802,803,-1,803,802,804,-1,793,805,791,-1,791,805,806,-1,791,806,790,-1,785,807,786,-1,786,807,782,-1,786,782,808,-1,808,782,784,-1,802,809,804,-1,804,809,810,-1,804,810,811,-1,779,812,778,-1,778,812,813,-1,778,813,814,-1,814,813,804,-1,814,804,815,-1,815,804,811,-1,816,817,818,-1,819,820,821,-1,821,820,822,-1,821,822,823,-1,824,825,826,-1,823,827,821,-1,821,827,828,-1,821,828,818,-1,818,828,829,-1,818,829,816,-1,826,830,824,-1,824,830,831,-1,824,831,832,-1,832,831,833,-1,832,833,834,-1,834,833,835,-1,834,835,821,-1,821,835,836,-1,821,836,819,-1,825,824,837,-1,837,824,838,-1,837,838,839,-1,817,840,818,-1,818,840,841,-1,818,841,842,-1,843,844,845,-1,845,844,837,-1,845,837,846,-1,847,818,848,-1,848,818,842,-1,848,842,849,-1,849,842,850,-1,849,850,851,-1,851,850,852,-1,851,852,853,-1,853,852,854,-1,853,854,855,-1,856,857,858,-1,854,859,855,-1,855,859,860,-1,855,860,861,-1,861,860,856,-1,861,856,862,-1,862,856,858,-1,863,864,856,-1,856,864,865,-1,856,865,857,-1,863,866,864,-1,864,866,867,-1,864,867,845,-1,845,867,868,-1,845,868,843,-1,839,869,837,-1,837,869,870,-1,837,870,871,-1,871,872,837,-1,837,872,873,-1,837,873,846,-1,874,875,876,-1,876,875,877,-1,876,877,878,-1,847,879,818,-1,818,879,880,-1,818,880,881,-1,881,880,882,-1,881,882,877,-1,877,882,883,-1,877,883,878,-1,874,884,875,-1,875,884,885,-1,875,885,886,-1,886,885,887,-1,886,887,888,-1,888,887,889,-1,888,889,639,-1,639,889,640,-1,644,643,737,-1,737,643,736,-1,281,260,890,-1,890,260,891,-1,653,664,681,-1,681,664,682,-1,892,893,894,-1,782,807,895,-1,895,896,782,-1,782,896,897,-1,782,897,893,-1,893,897,898,-1,893,898,894,-1,894,899,892,-1,892,899,900,-1,892,900,901,-1,901,900,902,-1,901,902,903,-1,903,902,904,-1,903,904,905,-1,905,904,605,-1,905,605,599,-1,906,907,360,-1,360,907,356,-1,908,909,910,-1,911,912,913,-1,914,915,916,-1,917,918,919,-1,919,918,920,-1,913,921,911,-1,911,921,922,-1,911,922,923,-1,923,922,924,-1,912,606,913,-1,913,606,925,-1,913,925,926,-1,926,925,914,-1,926,914,927,-1,927,914,916,-1,928,924,929,-1,929,924,930,-1,931,932,933,-1,933,932,930,-1,933,930,934,-1,934,930,924,-1,917,919,935,-1,935,919,936,-1,935,936,914,-1,914,936,937,-1,914,937,915,-1,908,910,938,-1,938,910,939,-1,938,939,940,-1,940,939,941,-1,940,941,935,-1,935,941,942,-1,935,942,917,-1,928,943,924,-1,924,943,944,-1,924,944,923,-1,920,945,919,-1,919,945,946,-1,919,946,947,-1,912,907,606,-1,606,907,906,-1,606,906,607,-1,607,906,948,-1,607,948,949,-1,947,950,919,-1,919,950,951,-1,919,951,952,-1,953,954,949,-1,949,954,955,-1,949,955,607,-1,952,956,919,-1,919,956,957,-1,919,957,890,-1,958,959,890,-1,960,891,961,-1,958,890,962,-1,959,963,890,-1,890,963,964,-1,890,964,919,-1,891,960,890,-1,890,960,965,-1,890,965,962,-1,961,966,967,-1,967,968,961,-1,961,968,969,-1,961,969,960,-1,970,971,972,-1,973,834,821,-1,972,971,821,-1,821,971,974,-1,821,974,973,-1,975,976,977,-1,977,978,975,-1,975,978,979,-1,975,979,972,-1,972,979,980,-1,972,980,970,-1,932,931,981,-1,981,931,982,-1,981,982,983,-1,983,982,984,-1,983,984,976,-1,976,984,985,-1,976,985,977,-1,619,707,639,-1,639,707,705,-1,639,705,888,-1,888,705,758,-1,888,758,886,-1,886,758,756,-1,886,756,875,-1,875,756,754,-1,875,754,877,-1,877,754,753,-1,877,753,881,-1,881,753,750,-1,881,750,818,-1,818,750,745,-1,818,745,821,-1,821,745,782,-1,821,782,972,-1,972,782,893,-1,972,893,975,-1,975,893,892,-1,975,892,976,-1,976,892,901,-1,976,901,983,-1,983,901,903,-1,983,903,981,-1,981,903,905,-1,981,905,932,-1,932,905,599,-1,932,599,930,-1,930,599,309,-1,864,845,778,-1,778,845,762,-1,730,729,667,-1,667,729,645,-1,965,960,261,-1,261,960,264,-1,952,951,276,-1,276,951,294,-1,986,987,988,-1,988,987,989,-1,988,989,990,-1,990,989,991,-1,990,991,992,-1,992,991,993,-1,992,993,994,-1,994,993,995,-1,994,995,996,-1,996,995,997,-1,996,997,998,-1,998,997,999,-1,998,999,1000,-1,1000,999,1001,-1,1000,1001,910,-1,910,1001,346,-1,910,346,939,-1,939,346,357,-1,946,945,374,-1,374,945,376,-1,629,628,717,-1,717,628,718,-1,658,657,726,-1,726,657,727,-1,621,685,623,-1,623,685,687,-1,623,687,1002,-1,1002,687,1003,-1,1002,1003,1004,-1,1004,1003,1005,-1,1004,1005,1006,-1,1006,1005,1007,-1,1006,1007,1008,-1,1008,1007,1009,-1,1008,1009,1010,-1,1010,1009,1011,-1,1010,1011,1012,-1,1012,1011,1013,-1,1012,1013,1014,-1,1014,1013,1015,-1,1014,1015,1016,-1,1016,1015,1017,-1,637,635,690,-1,690,635,691,-1,912,911,355,-1,355,911,308,-1,926,927,293,-1,293,927,286,-1,933,303,931,-1,931,303,605,-1,931,605,982,-1,982,605,904,-1,982,904,984,-1,904,902,984,-1,984,902,900,-1,984,900,985,-1,985,900,899,-1,985,899,894,-1,869,839,763,-1,763,839,764,-1,919,964,284,-1,284,964,263,-1,650,651,724,-1,724,651,725,-1,706,641,704,-1,704,641,640,-1,704,640,759,-1,759,640,889,-1,759,889,757,-1,757,889,887,-1,757,887,755,-1,755,887,885,-1,755,885,748,-1,748,885,749,-1,853,855,800,-1,800,855,802,-1,721,731,627,-1,627,731,656,-1,868,777,843,-1,843,777,776,-1,843,776,844,-1,844,776,761,-1,844,761,837,-1,837,761,760,-1,837,760,825,-1,825,760,791,-1,825,791,826,-1,826,791,789,-1,826,789,830,-1,830,789,788,-1,830,788,831,-1,831,788,765,-1,831,765,833,-1,833,765,766,-1,833,766,835,-1,835,766,768,-1,835,768,836,-1,836,768,770,-1,836,770,819,-1,819,770,787,-1,819,787,820,-1,820,787,786,-1,820,786,822,-1,822,786,808,-1,822,808,823,-1,823,808,784,-1,823,784,827,-1,827,784,783,-1,827,783,828,-1,828,783,781,-1,828,781,829,-1,829,781,780,-1,829,780,816,-1,816,780,772,-1,816,772,817,-1,817,772,771,-1,817,771,840,-1,840,771,775,-1,840,775,841,-1,841,775,774,-1,841,774,842,-1,842,774,773,-1,842,773,850,-1,850,773,795,-1,850,795,852,-1,852,795,797,-1,852,797,854,-1,854,797,799,-1,854,799,859,-1,859,799,801,-1,859,801,860,-1,860,801,803,-1,860,803,856,-1,856,803,804,-1,856,804,863,-1,863,804,813,-1,863,813,866,-1,866,813,812,-1,866,812,867,-1,867,812,779,-1,867,779,868,-1,868,779,777,-1,1018,1019,1020,-1,1020,1019,1021,-1,1020,1021,1022,-1,1022,1021,1023,-1,1022,1023,1024,-1,1025,1026,1027,-1,1025,1027,1028,-1,1024,1023,1029,-1,1029,1023,1030,-1,1029,1030,1031,-1,1031,1030,1028,-1,1031,1028,1032,-1,1032,1028,1027,-1,1027,1026,1033,-1,1033,1026,1034,-1,1033,1034,1035,-1,1035,1034,1017,-1,1035,1017,1036,-1,1036,1017,1015,-1,1036,1015,1013,-1,1036,1013,1037,-1,1037,1013,1011,-1,1037,1011,1038,-1,1038,1011,1009,-1,1038,1009,1039,-1,1039,1009,1007,-1,1039,1007,1040,-1,1041,1040,1005,-1,1005,1040,1007,-1,1041,1005,1042,-1,1042,1005,1003,-1,1042,1003,689,-1,689,1003,687,-1,624,623,1002,-1,624,1002,1043,-1,1043,1002,1004,-1,1043,1004,1044,-1,1045,1044,1006,-1,1006,1044,1004,-1,1045,1006,1046,-1,1046,1006,1008,-1,1046,1008,1047,-1,1047,1008,1010,-1,1047,1010,1048,-1,1048,1010,1012,-1,1048,1012,1049,-1,1049,1012,1014,-1,1050,1051,1016,-1,1016,1051,1052,-1,1016,1052,1014,-1,1014,1052,1049,-1,1053,1054,1055,-1,1056,1057,1058,-1,1058,1057,1059,-1,1055,1060,1053,-1,1053,1060,1058,-1,1053,1058,1061,-1,1061,1058,1059,-1,1053,1062,1054,-1,1054,1062,1063,-1,1054,1063,1064,-1,1064,1063,1051,-1,1064,1051,1050,-1,1065,1057,1066,-1,1066,1057,1056,-1,1065,1066,1067,-1,1067,1066,1068,-1,1067,1068,1069,-1,1052,1035,1049,-1,1049,1035,1036,-1,1049,1036,1048,-1,1048,1036,1037,-1,1048,1037,1047,-1,1047,1037,1038,-1,1047,1038,1046,-1,1046,1038,1039,-1,1046,1039,1045,-1,1045,1039,1040,-1,1045,1040,1044,-1,1044,1040,1041,-1,1044,1041,1043,-1,1043,1041,1042,-1,1043,1042,624,-1,624,1042,689,-1,624,689,622,-1,622,689,688,-1,1070,1071,1072,-1,1073,1074,1075,-1,1070,1072,1075,-1,1075,1072,1076,-1,1075,1076,1073,-1,1077,1078,1079,-1,1079,1078,1080,-1,1079,1080,1081,-1,1082,1083,1077,-1,1077,1083,1084,-1,1077,1084,1078,-1,1071,1070,1085,-1,1085,1070,1086,-1,1082,1087,1083,-1,1083,1087,1085,-1,1083,1085,1088,-1,1088,1085,1086,-1,1081,1080,1089,-1,1089,1080,986,-1,1089,986,1090,-1,1090,986,988,-1,1090,988,1091,-1,1091,988,990,-1,1091,990,1092,-1,1092,990,992,-1,1092,992,1093,-1,1093,992,994,-1,1093,994,1094,-1,1094,994,996,-1,1095,1094,998,-1,998,1094,996,-1,1095,998,1000,-1,1095,1000,1096,-1,1096,1000,910,-1,1096,910,909,-1,347,346,1097,-1,1097,346,1001,-1,1097,1001,1098,-1,1098,1001,999,-1,1099,1098,997,-1,997,1098,999,-1,1099,997,995,-1,1099,995,1100,-1,1100,995,993,-1,1100,993,1101,-1,1101,993,991,-1,1101,991,1102,-1,1102,991,989,-1,1102,989,1103,-1,1104,1103,989,-1,989,987,1104,-1,1104,987,1105,-1,1104,1105,1106,-1,1106,1105,1107,-1,1106,1107,1108,-1,1109,1110,1111,-1,1111,1112,1109,-1,1109,1112,1113,-1,1109,1113,1114,-1,1114,1113,1115,-1,1115,1113,1107,-1,1107,1113,1116,-1,1107,1116,1108,-1,1111,1110,1117,-1,1117,1118,1119,-1,1119,1120,1117,-1,1117,1120,1121,-1,1117,1121,1111,-1,908,348,909,-1,909,348,347,-1,909,347,1096,-1,1096,347,1097,-1,1096,1097,1095,-1,1095,1097,1098,-1,1095,1098,1094,-1,1094,1098,1099,-1,1094,1099,1093,-1,1093,1099,1100,-1,1093,1100,1092,-1,1092,1100,1101,-1,1092,1101,1091,-1,1091,1101,1102,-1,1091,1102,1090,-1,1090,1102,1103,-1,1090,1103,1089,-1,1089,1103,1104,-1,1117,1110,1070,-1,1070,1110,1086,-1,1086,1110,1109,-1,1086,1109,1088,-1,1088,1109,1114,-1,1088,1114,1083,-1,1083,1114,1115,-1,1083,1115,1084,-1,1084,1115,1107,-1,1084,1107,1078,-1,1078,1107,1105,-1,1078,1105,1080,-1,1080,1105,987,-1,1080,987,986,-1,1070,1075,1117,-1,1117,1075,1074,-1,1117,1074,1118,-1,1118,1074,1073,-1,1118,1073,1119,-1,1089,1104,1081,-1,1081,1104,1106,-1,1081,1106,1079,-1,1079,1106,1108,-1,1079,1108,1077,-1,1077,1108,1116,-1,1077,1116,1082,-1,1082,1116,1113,-1,1082,1113,1087,-1,1087,1113,1112,-1,1087,1112,1085,-1,1085,1112,1111,-1,1085,1111,1071,-1,1071,1111,1121,-1,1071,1121,1072,-1,1072,1121,1120,-1,1072,1120,1076,-1,1076,1120,1119,-1,1076,1119,1073,-1,1016,1017,1050,-1,1050,1017,1034,-1,1050,1034,1064,-1,1064,1034,1026,-1,1064,1026,1054,-1,1054,1026,1025,-1,1054,1025,1055,-1,1055,1025,1028,-1,1055,1028,1060,-1,1060,1028,1030,-1,1060,1030,1058,-1,1058,1030,1023,-1,1058,1023,1056,-1,1056,1023,1021,-1,1056,1021,1066,-1,1066,1021,1019,-1,1066,1019,1068,-1,1068,1019,1018,-1,1068,1018,1069,-1,1022,1024,1057,-1,1057,1024,1059,-1,1059,1024,1029,-1,1059,1029,1061,-1,1061,1029,1031,-1,1061,1031,1053,-1,1053,1031,1032,-1,1053,1032,1062,-1,1062,1032,1027,-1,1062,1027,1063,-1,1063,1027,1033,-1,1063,1033,1051,-1,1051,1033,1035,-1,1051,1035,1052,-1,1057,1065,1022,-1,1022,1065,1067,-1,1022,1067,1020,-1,1020,1067,1069,-1,1020,1069,1018,-1,952,276,274,-1,952,274,956,-1,956,274,273,-1,956,273,957,-1,957,273,281,-1,957,281,890,-1,294,951,377,-1,377,951,950,-1,377,950,373,-1,373,950,947,-1,373,947,374,-1,374,947,946,-1,376,945,3,-1,3,945,920,-1,3,920,367,-1,367,920,918,-1,367,918,369,-1,369,918,917,-1,369,917,350,-1,350,917,942,-1,350,942,351,-1,351,942,941,-1,351,941,357,-1,357,941,939,-1,606,354,925,-1,925,354,353,-1,925,353,914,-1,914,353,352,-1,914,352,935,-1,935,352,349,-1,935,349,940,-1,940,349,359,-1,940,359,938,-1,938,359,358,-1,938,358,908,-1,908,358,348,-1,906,360,362,-1,906,362,948,-1,948,362,365,-1,948,365,949,-1,949,365,364,-1,949,364,953,-1,953,364,363,-1,953,363,954,-1,954,363,366,-1,954,366,955,-1,955,366,361,-1,955,361,607,-1,907,912,356,-1,356,912,355,-1,308,911,923,-1,308,923,313,-1,313,923,944,-1,313,944,310,-1,310,944,943,-1,310,943,311,-1,311,943,928,-1,311,928,312,-1,312,928,929,-1,312,929,314,-1,314,929,930,-1,314,930,309,-1,707,619,647,-1,707,647,713,-1,713,647,646,-1,713,646,693,-1,693,646,633,-1,693,633,694,-1,694,633,632,-1,694,632,703,-1,703,632,642,-1,703,642,702,-1,702,642,637,-1,702,637,690,-1,681,691,653,-1,653,691,635,-1,682,664,665,-1,682,665,709,-1,709,665,670,-1,709,670,710,-1,710,670,669,-1,710,669,714,-1,714,669,668,-1,714,668,715,-1,715,668,675,-1,715,675,716,-1,716,675,608,-1,716,608,610,-1,611,609,678,-1,678,609,652,-1,678,652,679,-1,679,652,649,-1,679,649,683,-1,683,649,630,-1,683,630,684,-1,684,630,612,-1,684,612,686,-1,686,612,614,-1,686,614,688,-1,688,614,622,-1,629,717,631,-1,631,717,699,-1,631,699,613,-1,613,699,698,-1,613,698,615,-1,615,698,697,-1,615,697,616,-1,616,697,696,-1,616,696,620,-1,620,696,680,-1,620,680,621,-1,621,680,685,-1,658,726,625,-1,625,726,722,-1,625,722,626,-1,626,722,720,-1,626,720,628,-1,628,720,718,-1,644,737,738,-1,644,738,654,-1,654,738,728,-1,654,728,655,-1,655,728,727,-1,655,727,657,-1,721,627,719,-1,719,627,661,-1,719,661,723,-1,723,661,660,-1,723,660,711,-1,711,660,659,-1,711,659,712,-1,712,659,648,-1,712,648,724,-1,724,648,650,-1,725,651,692,-1,692,651,634,-1,692,634,700,-1,700,634,636,-1,700,636,701,-1,701,636,638,-1,701,638,695,-1,695,638,618,-1,695,618,708,-1,708,618,617,-1,708,617,706,-1,706,617,641,-1,883,747,878,-1,878,747,752,-1,749,885,884,-1,749,884,751,-1,751,884,874,-1,751,874,752,-1,752,874,876,-1,752,876,878,-1,853,800,851,-1,851,800,798,-1,851,798,849,-1,849,798,796,-1,849,796,848,-1,848,796,794,-1,848,794,847,-1,847,794,744,-1,847,744,879,-1,879,744,746,-1,879,746,880,-1,880,746,747,-1,880,747,882,-1,882,747,883,-1,802,855,861,-1,802,861,809,-1,809,861,862,-1,809,862,810,-1,810,862,858,-1,810,858,811,-1,811,858,857,-1,811,857,815,-1,815,857,865,-1,815,865,814,-1,814,865,864,-1,814,864,778,-1,762,845,846,-1,762,846,792,-1,792,846,873,-1,792,873,793,-1,793,873,872,-1,793,872,805,-1,805,872,871,-1,805,871,806,-1,806,871,870,-1,806,870,790,-1,790,870,869,-1,790,869,763,-1,977,985,894,-1,764,839,767,-1,767,839,838,-1,767,838,769,-1,769,838,824,-1,769,824,785,-1,785,824,832,-1,785,832,807,-1,807,832,834,-1,807,834,895,-1,834,973,895,-1,895,973,974,-1,895,974,896,-1,896,974,971,-1,896,971,897,-1,971,970,897,-1,897,970,980,-1,897,980,898,-1,898,980,979,-1,898,979,894,-1,894,979,978,-1,894,978,977,-1,303,933,306,-1,306,933,934,-1,306,934,299,-1,299,934,924,-1,299,924,300,-1,300,924,922,-1,300,922,301,-1,301,922,921,-1,301,921,292,-1,292,921,913,-1,292,913,293,-1,293,913,926,-1,286,927,287,-1,287,927,916,-1,287,916,297,-1,297,916,915,-1,297,915,298,-1,298,915,937,-1,298,937,283,-1,283,937,936,-1,283,936,284,-1,284,936,919,-1,965,261,271,-1,965,271,962,-1,962,271,272,-1,962,272,958,-1,958,272,270,-1,958,270,959,-1,959,270,269,-1,959,269,963,-1,963,269,263,-1,963,263,964,-1,264,960,969,-1,264,969,1122,-1,1122,969,968,-1,1122,968,1123,-1,1123,968,967,-1,1123,967,1124,-1,1124,967,966,-1,1124,966,1125,-1,1125,966,961,-1,1125,961,1126,-1,1126,961,891,-1,1126,891,260,-1,656,731,741,-1,656,741,671,-1,671,741,742,-1,671,742,662,-1,662,742,740,-1,662,740,663,-1,663,740,739,-1,663,739,666,-1,666,739,730,-1,666,730,667,-1,645,729,735,-1,645,735,676,-1,676,735,734,-1,676,734,672,-1,672,734,733,-1,672,733,673,-1,673,733,732,-1,673,732,674,-1,674,732,743,-1,674,743,677,-1,677,743,736,-1,677,736,643,-1,
        ]
    }
}
Shape{
    appearance Appearance {
        material  Material 	{
            diffuseColor 0.0 0.0 0.0
            specularColor 0.0 0.0 0.0
            ambientIntensity 0.2
            transparency 0
            shininess 0.5
        }
    }
    geometry IndexedFaceSet {
        ccw TRUE
        solid FALSE
        coord DEF co Coordinate {
            point [
                1.437 0.0235 2.4184, 1.437 0.0235 2.4047, 1.437 0.0235 2.4184, 1.437 0.0235 2.4047, 1.437 -0.0243 2.4184, 1.437 -0.0243 2.4184, 1.437 -0.0243 2.5248, 1.437 -0.0243 2.5248, 1.437 -0.0398 2.5248, 1.437 -0.0398 2.5248, 1.437 -0.0398 2.4047, 1.437 -0.0398 2.4047, 1.437 0.1034 2.4044, 1.437 0.0851 2.4027, 1.437 0.0957 2.4037, 1.437 0.0851 2.4027, 1.437 0.1034 2.4044, 1.437 0.1163 2.4086, 1.437 0.1163 2.4086, 1.437 0.1183 2.4097, 1.437 0.1183 2.4097, 1.437 0.1183 2.4245, 1.437 0.1183 2.4245, 1.437 0.1066 2.4192, 1.437 0.1066 2.4192, 1.437 0.093 2.4167, 1.437 0.093 2.4167, 1.437 0.0873 2.4165, 1.437 0.0873 2.4165, 1.437 0.0753 2.4179, 1.437 0.0753 2.4179, 1.437 0.0667 2.4212, 1.437 0.0667 2.4212, 1.437 0.0588 2.4268, 1.437 0.0588 2.4268, 1.437 0.0565 2.4291, 1.437 0.0565 2.4291, 1.437 0.0506 2.4373, 1.437 0.0506 2.4373, 1.437 0.0467 2.4469, 1.437 0.0467 2.4469, 1.437 0.0448 2.459, 1.437 0.0448 2.459, 1.437 0.0447 2.4634, 1.437 0.0447 2.4634, 1.437 0.0467 2.48, 1.437 0.0467 2.48, 1.437 0.0507 2.4904, 1.437 0.0507 2.4904, 1.437 0.0573 2.4995, 1.437 0.0573 2.4995, 1.437 0.0655 2.5062, 1.437 0.0655 2.5062, 1.437 0.0749 2.5106, 1.437 0.0749 2.5106, 1.437 0.0854 2.5126, 1.437 0.0854 2.5126, 1.437 0.09 2.5128, 1.437 0.09 2.5128, 1.437 0.1048 2.5111, 1.437 0.1048 2.5111, 1.437 0.117 2.5064, 1.437 0.117 2.5064, 1.437 0.1183 2.5057, 1.437 0.1183 2.5057, 1.437 0.1183 2.5219, 1.437 0.1183 2.5219, 1.437 0.0899 2.5268, 1.437 0.0899 2.5268, 1.437 0.09 2.5268, 1.437 0.1057 2.5256, 1.437 0.1057 2.5256, 1.437 0.1027 2.5258, 1.437 0.09 2.5268, 1.437 0.0816 2.5258, 1.437 0.0724 2.5247, 1.437 0.0724 2.5247, 1.437 0.0599 2.5198, 1.437 0.0599 2.5198, 1.437 0.0487 2.5119, 1.437 0.0487 2.5119, 1.437 0.0458 2.5091, 1.437 0.0458 2.5091, 1.437 0.0371 2.4978, 1.437 0.0371 2.4978, 1.437 0.0338 2.4901, 1.437 0.0314 2.4844, 1.437 0.0314 2.4844, 1.437 0.0286 2.4687, 1.437 0.0286 2.4687, 1.437 0.0284 2.4625, 1.437 0.0284 2.4625, 1.437 0.0438 2.4191, 1.437 0.0438 2.4191, 1.437 0.0357 2.4303, 1.437 0.0308 2.4428, 1.437 0.0308 2.4428, 1.437 0.0338 2.4352, 1.437 0.0357 2.4303, 1.437 0.0778 2.403, 1.437 0.0535 2.411, 1.437 0.0535 2.411, 1.437 0.0648 2.4057, 1.437 0.0648 2.4057, 1.437 0.0746 2.4037, 1.437 0.0778 2.403, 1.437 0.207 2.4184, 1.437 0.207 2.4047, 1.437 0.207 2.4184, 1.437 0.207 2.4047, 1.437 0.1579 2.4184, 1.437 0.1579 2.4184, 1.437 0.1903 2.4184, 1.437 0.1579 2.4588, 1.437 0.1579 2.4588, 1.437 0.2008 2.4588, 1.437 0.2008 2.4588, 1.437 0.1903 2.4588, 1.437 0.2008 2.4725, 1.437 0.2008 2.4725, 1.437 0.1579 2.4725, 1.437 0.1579 2.4725, 1.437 0.1903 2.4725, 1.437 0.1579 2.511, 1.437 0.1579 2.511, 1.437 0.2042 2.511, 1.437 0.2042 2.511, 1.437 0.1903 2.511, 1.437 0.2042 2.5248, 1.437 0.2042 2.5248, 1.437 0.1424 2.5248, 1.437 0.1424 2.5248, 1.437 0.1903 2.5248, 1.437 0.1424 2.4047, 1.437 0.1424 2.4047, 1.437 0.1903 2.4047, 1.437 0.3093 2.4215, 1.437 0.297 2.4297, 1.437 0.2969 2.4126, 1.437 0.2893 2.4243, 1.437 0.2832 2.4072, 1.437 0.2794 2.4204, 1.437 0.2627 2.4047, 1.437 0.2626 2.4184, 1.437 0.2297 2.4047, 1.437 0.2452 2.4184, 1.437 0.2297 2.5248, 1.437 0.2452 2.511, 1.437 0.2639 2.5248, 1.437 0.2633 2.511, 1.437 0.2823 2.5228, 1.437 0.2788 2.5093, 1.437 0.2968 2.5175, 1.437 0.2892 2.5055, 1.437 0.3093 2.5089, 1.437 0.298 2.4997, 1.437 0.3135 2.5048, 1.437 0.3013 2.4965, 1.437 0.321 2.4943, 1.437 0.3059 2.4897, 1.437 0.3254 2.4829, 1.437 0.3093 2.481, 1.437 0.3275 2.4663, 1.437 0.3111 2.4658, 1.437 0.3271 2.4586, 1.437 0.3105 2.4565, 1.437 0.3242 2.4446, 1.437 0.3079 2.4459, 1.437 0.3183 2.4322, 1.437 0.3036 2.4372, 1.437 0.2983 2.4309, 1.437 0.2627 2.4047, 1.437 0.2297 2.4047, 1.437 0.3093 2.4215, 1.437 0.2832 2.4072, 1.437 0.2847 2.4078, 1.437 0.2969 2.4126, 1.437 0.3183 2.4322, 1.437 0.3242 2.4446, 1.437 0.3271 2.4586, 1.437 0.3275 2.4663, 1.437 0.3254 2.4829, 1.437 0.321 2.4943, 1.437 0.3135 2.5048, 1.437 0.3093 2.5089, 1.437 0.2639 2.5248, 1.437 0.2968 2.5175, 1.437 0.2847 2.5219, 1.437 0.2823 2.5228, 1.437 0.2297 2.5248, 1.437 0.2633 2.511, 1.437 0.2452 2.511, 1.437 0.2452 2.4184, 1.437 0.2626 2.4184, 1.437 0.2983 2.4309, 1.437 0.297 2.4297, 1.437 0.2893 2.4243, 1.437 0.2794 2.4204, 1.437 0.3111 2.4658, 1.437 0.3105 2.4565, 1.437 0.3079 2.4459, 1.437 0.3036 2.4372, 1.437 0.298 2.4997, 1.437 0.3013 2.4965, 1.437 0.3059 2.4897, 1.437 0.3093 2.481, 1.437 0.2788 2.5093, 1.437 0.2892 2.5055, 1.437 0.2892 2.5055
            ]
        }
        coordIndex [
            0,1,2,-1,2,1,3,-1,4,0,5,-1,5,0,2,-1,6,4,7,-1,7,4,5,-1,8,6,9,-1,9,6,7,-1,10,8,11,-1,11,8,9,-1,1,10,3,-1,3,10,11,-1,6,8,4,-1,4,8,10,-1,4,10,0,-1,0,10,1,-1,12,13,14,-1,14,13,15,-1,14,16,12,-1,12,16,17,-1,12,17,18,-1,18,17,19,-1,18,19,20,-1,21,20,22,-1,22,20,19,-1,21,22,23,-1,21,23,24,-1,24,23,25,-1,24,25,26,-1,26,25,27,-1,26,27,28,-1,28,27,29,-1,28,29,30,-1,30,29,31,-1,30,31,32,-1,32,31,33,-1,32,33,34,-1,34,33,35,-1,34,35,36,-1,36,35,37,-1,36,37,38,-1,38,37,39,-1,38,39,40,-1,40,39,41,-1,40,41,42,-1,42,41,43,-1,42,43,44,-1,44,43,45,-1,44,45,46,-1,46,45,47,-1,46,47,48,-1,48,47,49,-1,48,49,50,-1,50,49,51,-1,50,51,52,-1,52,51,53,-1,52,53,54,-1,54,53,55,-1,54,55,56,-1,56,55,57,-1,56,57,58,-1,58,57,59,-1,58,59,60,-1,60,59,61,-1,60,61,62,-1,62,61,63,-1,62,63,64,-1,65,64,66,-1,66,64,63,-1,67,68,69,-1,65,66,70,-1,65,70,71,-1,71,70,72,-1,71,72,69,-1,69,72,73,-1,69,73,67,-1,68,67,74,-1,68,74,75,-1,74,76,75,-1,75,76,77,-1,75,77,78,-1,78,77,79,-1,78,79,80,-1,80,79,81,-1,80,81,82,-1,82,81,83,-1,82,83,84,-1,84,83,85,-1,84,85,86,-1,85,87,86,-1,86,87,88,-1,86,88,89,-1,89,88,90,-1,89,90,91,-1,92,93,94,-1,91,90,95,-1,91,95,96,-1,96,95,97,-1,96,97,94,-1,94,97,98,-1,94,98,92,-1,15,13,99,-1,93,92,100,-1,93,100,101,-1,101,100,102,-1,101,102,103,-1,103,102,104,-1,103,104,99,-1,99,104,105,-1,99,105,15,-1,62,64,65,-1,52,80,50,-1,50,80,82,-1,50,82,48,-1,48,82,84,-1,48,84,46,-1,62,65,60,-1,60,65,71,-1,60,71,58,-1,58,71,69,-1,58,69,56,-1,56,69,68,-1,56,68,54,-1,54,68,75,-1,54,75,52,-1,52,75,78,-1,52,78,80,-1,91,44,89,-1,89,44,46,-1,89,46,86,-1,86,46,84,-1,20,21,18,-1,18,21,24,-1,18,24,12,-1,12,24,26,-1,12,26,13,-1,13,26,28,-1,13,28,99,-1,99,28,30,-1,99,30,103,-1,103,30,32,-1,103,32,101,-1,101,32,34,-1,101,34,93,-1,93,34,36,-1,93,36,94,-1,94,36,38,-1,94,38,96,-1,96,38,40,-1,96,40,91,-1,91,40,42,-1,91,42,44,-1,106,107,108,-1,108,107,109,-1,110,111,112,-1,112,111,106,-1,112,106,108,-1,113,111,114,-1,114,111,110,-1,115,116,117,-1,117,116,113,-1,117,113,114,-1,118,116,119,-1,119,116,115,-1,120,121,122,-1,122,121,118,-1,122,118,119,-1,123,121,124,-1,124,121,120,-1,125,126,127,-1,127,126,123,-1,127,123,124,-1,128,126,129,-1,129,126,125,-1,130,131,132,-1,132,131,128,-1,132,128,129,-1,133,131,134,-1,134,131,130,-1,109,107,135,-1,135,107,133,-1,135,133,134,-1,133,107,106,-1,106,111,133,-1,133,111,113,-1,133,113,131,-1,126,128,123,-1,123,128,131,-1,123,131,121,-1,121,131,113,-1,121,113,118,-1,118,113,116,-1,136,137,138,-1,138,137,139,-1,138,139,140,-1,140,139,141,-1,140,141,142,-1,142,141,143,-1,142,143,144,-1,144,143,145,-1,144,145,146,-1,146,145,147,-1,146,147,148,-1,148,147,149,-1,148,149,150,-1,150,149,151,-1,150,151,152,-1,152,151,153,-1,152,153,154,-1,154,153,155,-1,154,155,156,-1,156,155,157,-1,156,157,158,-1,158,157,159,-1,158,159,160,-1,160,159,161,-1,160,161,162,-1,162,161,163,-1,162,163,164,-1,164,163,165,-1,164,165,166,-1,166,165,167,-1,166,167,168,-1,168,167,169,-1,168,169,136,-1,136,169,170,-1,136,170,137,-1,142,144,171,-1,171,144,172,-1,173,136,138,-1,142,171,174,-1,142,174,140,-1,140,174,175,-1,140,175,138,-1,138,175,176,-1,138,176,173,-1,136,173,177,-1,136,177,168,-1,168,177,178,-1,168,178,166,-1,166,178,179,-1,166,179,164,-1,164,179,180,-1,164,180,162,-1,162,180,181,-1,162,181,160,-1,160,181,182,-1,160,182,158,-1,158,182,183,-1,158,183,156,-1,156,183,184,-1,156,184,154,-1,185,148,150,-1,154,184,186,-1,154,186,152,-1,152,186,187,-1,152,187,150,-1,150,187,188,-1,150,188,185,-1,146,148,189,-1,189,148,185,-1,144,146,172,-1,172,146,189,-1,149,147,190,-1,190,147,191,-1,147,145,191,-1,191,145,192,-1,145,143,192,-1,192,143,193,-1,170,194,195,-1,170,195,137,-1,137,195,196,-1,137,196,139,-1,139,196,197,-1,139,197,141,-1,141,197,193,-1,141,193,143,-1,163,198,199,-1,163,199,165,-1,165,199,200,-1,165,200,167,-1,167,200,201,-1,167,201,169,-1,169,201,194,-1,169,194,170,-1,155,202,203,-1,155,203,157,-1,157,203,204,-1,157,204,159,-1,159,204,205,-1,159,205,161,-1,161,205,198,-1,161,198,163,-1,149,190,206,-1,149,206,151,-1,151,206,207,-1,151,207,153,-1,153,207,202,-1,153,202,155,-1,
        ]
    }
}
Shape{
    appearance Appearance {
        material  Material 	{
            diffuseColor 0.6470588235294118 0.6470588235294118 0.6470588235294118
            specularColor 0.3215686274509804 0.3215686274509804 0.3215686274509804
            ambientIntensity 0.2
            transparency 0
            shininess 0.5
        }
    }
    geometry IndexedFaceSet {
        ccw TRUE
        solid FALSE
        coord DEF co Coordinate {
            point [
                1.437 0.297 2.4297, 1.437 0.2983 2.4309, 1.437 0.2633 2.511, 1.437 0.2452 2.511, 1.437 0.2452 2.4184, 1.437 0.2626 2.4184, 1.437 0.2794 2.4204, 1.437 0.2893 2.4243, 1.437 0.3036 2.4372, 1.437 0.3079 2.4459, 1.437 0.3105 2.4565, 1.437 0.3111 2.4658, 1.437 0.3093 2.481, 1.437 0.3059 2.4897, 1.437 0.3013 2.4965, 1.437 0.298 2.4997, 1.437 0.2788 2.5093, 1.437 0.2892 2.5055, 1.437 0.2892 2.5055
            ]
        }
        coordIndex [
            0,1,2,-1,3,4,2,-1,2,4,5,-1,5,6,2,-1,2,6,7,-1,2,7,0,-1,1,8,2,-1,2,8,9,-1,2,9,10,-1,10,11,2,-1,2,11,12,-1,2,12,13,-1,13,14,2,-1,2,14,15,-1,2,15,16,-1,16,15,17,-1,
        ]
    }
}
Shape{
    appearance Appearance {
        material  Material 	{
            diffuseColor 0.0 0.0 0.0
            specularColor 0.0 0.0 0.0
            ambientIntensity 0.2
            transparency 0
            shininess 0.5
        }
    }
    geometry IndexedFaceSet {
        ccw TRUE
        solid FALSE
        coord DEF co Coordinate {
            point [
                1.437 0.3677 2.4511, 1.437 0.3628 2.4375, 1.437 0.408 2.4511, 1.437 0.4128 2.4375, 1.437 0.3857 2.501, 1.437 0.3799 2.5248, 1.437 0.3341 2.4047, 1.437 0.3512 2.4047, 1.437 0.3867 2.5046, 1.437 0.3876 2.5094, 1.437 0.3964 2.5248, 1.437 0.388 2.5094, 1.437 0.389 2.5044, 1.437 0.3899 2.501, 1.437 0.4422 2.4047, 1.437 0.4251 2.4047, 1.437 0.3964 2.5248, 1.437 0.4422 2.4047, 1.437 0.3799 2.5248, 1.437 0.3341 2.4047, 1.437 0.3687 2.4956, 1.437 0.3512 2.4047, 1.437 0.3628 2.4375, 1.437 0.4128 2.4375, 1.437 0.3687 2.4375, 1.437 0.4251 2.4047, 1.437 0.3677 2.4511, 1.437 0.408 2.4511, 1.437 0.3899 2.501, 1.437 0.388 2.5094, 1.437 0.389 2.5044, 1.437 0.3876 2.5094, 1.437 0.3857 2.501, 1.437 0.3867 2.5046, 1.437 0.3867 2.5046
            ]
        }
        coordIndex [
            0,1,2,-1,2,1,3,-1,4,5,0,-1,0,5,6,-1,0,6,1,-1,1,6,7,-1,4,8,5,-1,5,8,9,-1,5,9,10,-1,10,9,11,-1,10,11,12,-1,12,13,10,-1,10,13,2,-1,10,2,14,-1,14,2,3,-1,14,3,15,-1,10,14,16,-1,16,14,17,-1,5,10,18,-1,18,10,16,-1,19,6,20,-1,20,6,5,-1,20,5,18,-1,7,6,21,-1,21,6,19,-1,1,7,22,-1,22,7,21,-1,23,3,24,-1,24,3,1,-1,24,1,22,-1,15,3,25,-1,25,3,23,-1,14,15,17,-1,17,15,25,-1,0,2,26,-1,26,2,27,-1,2,13,27,-1,27,13,28,-1,11,29,30,-1,11,30,12,-1,12,30,28,-1,12,28,13,-1,11,9,29,-1,29,9,31,-1,4,32,33,-1,4,33,8,-1,8,33,31,-1,8,31,9,-1,4,0,32,-1,32,0,26,-1,
        ]
    }
}
Shape{
    appearance Appearance {
        material  Material 	{
            diffuseColor 0.6470588235294118 0.6470588235294118 0.6470588235294118
            specularColor 0.3215686274509804 0.3215686274509804 0.3215686274509804
            ambientIntensity 0.2
            transparency 0
            shininess 0.5
        }
    }
    geometry IndexedFaceSet {
        ccw TRUE
        solid FALSE
        coord DEF co Coordinate {
            point [
                1.437 0.388 2.5094, 1.437 0.3876 2.5094, 1.437 0.389 2.5044, 1.437 0.3867 2.5046, 1.437 0.3899 2.501, 1.437 0.3857 2.501, 1.437 0.408 2.4511, 1.437 0.3677 2.4511, 1.437 0.3677 2.4511
            ]
        }
        coordIndex [
            0,1,2,-1,2,1,3,-1,2,3,4,-1,4,3,5,-1,4,5,6,-1,6,5,7,-1,
        ]
    }
}
Shape{
    appearance Appearance {
        material  Material 	{
            diffuseColor 0.0 0.0 0.0
            specularColor 0.0 0.0 0.0
            ambientIntensity 0.2
            transparency 0
            shininess 0.5
        }
    }
    geometry IndexedFaceSet {
        ccw TRUE
        solid FALSE
        coord DEF co Coordinate {
            point [
                1.437 0.0248 2.2278, 1.437 0.0248 2.2142, 1.437 0.0248 2.2278, 1.437 0.0248 2.2142, 1.437 -0.0243 2.2278, 1.437 -0.0243 2.2278, 1.437 -0.0243 2.2682, 1.437 -0.0243 2.2682, 1.437 0.0186 2.2682, 1.437 0.0186 2.2682, 1.437 0.0186 2.282, 1.437 0.0186 2.282, 1.437 -0.0243 2.282, 1.437 -0.0243 2.282, 1.437 -0.0243 2.3204, 1.437 -0.0243 2.3204, 1.437 0.022 2.3204, 1.437 0.022 2.3204, 1.437 0.022 2.3343, 1.437 0.022 2.3343, 1.437 -0.0398 2.3343, 1.437 -0.0398 2.3343, 1.437 -0.0398 2.2142, 1.437 -0.0398 2.2142, 1.437 0.0926 2.2274, 1.437 0.093 2.2274, 1.437 0.0921 2.2413, 1.437 0.0602 2.2506, 1.437 0.0636 2.2523, 1.437 0.0551 2.2619, 1.437 0.093 2.248, 1.437 0.1081 2.2694, 1.437 0.093 2.249, 1.437 0.093 2.2572, 1.437 0.093 2.2142, 1.437 0.1081 2.2142, 1.437 0.0876 2.3008, 1.437 0.0843 2.2879, 1.437 0.0936 2.2986, 1.437 0.0869 2.2862, 1.437 0.0899 2.2359, 1.437 0.0866 2.2315, 1.437 0.0903 2.2238, 1.437 0.0847 2.2296, 1.437 0.0855 2.2187, 1.437 0.0805 2.2268, 1.437 0.0802 2.2152, 1.437 0.0759 2.2251, 1.437 0.0741 2.213, 1.437 0.0703 2.2245, 1.437 0.0664 2.2121, 1.437 0.0652 2.225, 1.437 0.0574 2.2132, 1.437 0.0618 2.2263, 1.437 0.0516 2.2153, 1.437 0.0588 2.2283, 1.437 0.0465 2.2189, 1.437 0.0575 2.2296, 1.437 0.0676 2.2651, 1.437 0.073 2.2545, 1.437 0.093 2.2687, 1.437 0.0475 2.2939, 1.437 0.0475 2.2793, 1.437 0.0506 2.2957, 1.437 0.0579 2.2858, 1.437 0.0618 2.3, 1.437 0.0674 2.2889, 1.437 0.0771 2.3019, 1.437 0.0757 2.2897, 1.437 0.0808 2.2891, 1.437 0.0925 2.2753, 1.437 0.1066 2.282, 1.437 0.091 2.2807, 1.437 0.1041 2.2885, 1.437 0.0892 2.2838, 1.437 0.1009 2.2931, 1.437 0.0984 2.2956, 1.437 0.0584 2.2492, 1.437 0.0491 2.2585, 1.437 0.0566 2.247, 1.437 0.0447 2.2545, 1.437 0.0553 2.2442, 1.437 0.0416 2.2496, 1.437 0.0546 2.2407, 1.437 0.0398 2.244, 1.437 0.0544 2.2383, 1.437 0.0392 2.2371, 1.437 0.0548 2.2349, 1.437 0.04 2.2298, 1.437 0.0558 2.2322, 1.437 0.0419 2.2248, 1.437 0.0451 2.2203, 1.437 0.0771 2.3019, 1.437 0.0618 2.3, 1.437 0.0506 2.2957, 1.437 0.0475 2.2939, 1.437 0.0475 2.2793, 1.437 0.0579 2.2858, 1.437 0.0674 2.2889, 1.437 0.0757 2.2897, 1.437 0.0808 2.2891, 1.437 0.0843 2.2879, 1.437 0.0869 2.2862, 1.437 0.0892 2.2838, 1.437 0.091 2.2807, 1.437 0.0925 2.2753, 1.437 0.093 2.2687, 1.437 0.0676 2.2651, 1.437 0.0551 2.2619, 1.437 0.0491 2.2585, 1.437 0.0447 2.2545, 1.437 0.0416 2.2496, 1.437 0.0398 2.244, 1.437 0.0392 2.2371, 1.437 0.04 2.2298, 1.437 0.0419 2.2248, 1.437 0.0451 2.2203, 1.437 0.0465 2.2189, 1.437 0.0664 2.2121, 1.437 0.0576 2.2131, 1.437 0.0574 2.2132, 1.437 0.0516 2.2153, 1.437 0.0741 2.213, 1.437 0.0746 2.2131, 1.437 0.0802 2.2152, 1.437 0.0855 2.2187, 1.437 0.0903 2.2238, 1.437 0.0926 2.2274, 1.437 0.093 2.2274, 1.437 0.093 2.2142, 1.437 0.1081 2.2142, 1.437 0.1081 2.2694, 1.437 0.1066 2.282, 1.437 0.1041 2.2885, 1.437 0.1009 2.2931, 1.437 0.0984 2.2956, 1.437 0.0936 2.2986, 1.437 0.0876 2.3008, 1.437 0.0584 2.2492, 1.437 0.0602 2.2506, 1.437 0.0636 2.2523, 1.437 0.073 2.2545, 1.437 0.0544 2.2383, 1.437 0.0546 2.2407, 1.437 0.0553 2.2442, 1.437 0.0566 2.247, 1.437 0.0588 2.2283, 1.437 0.0575 2.2296, 1.437 0.0558 2.2322, 1.437 0.0548 2.2349, 1.437 0.0703 2.2245, 1.437 0.0652 2.225, 1.437 0.0618 2.2263, 1.437 0.0866 2.2315, 1.437 0.0847 2.2296, 1.437 0.0805 2.2268, 1.437 0.0759 2.2251, 1.437 0.093 2.249, 1.437 0.093 2.248, 1.437 0.0921 2.2413, 1.437 0.0899 2.2359, 1.437 0.093 2.2572, 1.437 0.093 2.2572
            ]
        }
        coordIndex [
            0,1,2,-1,2,1,3,-1,4,0,5,-1,5,0,2,-1,6,4,7,-1,7,4,5,-1,8,6,9,-1,9,6,7,-1,10,8,11,-1,11,8,9,-1,12,10,13,-1,13,10,11,-1,14,12,15,-1,15,12,13,-1,16,14,17,-1,17,14,15,-1,18,16,19,-1,19,16,17,-1,20,18,21,-1,21,18,19,-1,22,20,23,-1,23,20,21,-1,1,22,3,-1,3,22,23,-1,16,18,14,-1,14,18,20,-1,14,20,12,-1,1,0,22,-1,22,0,4,-1,22,4,6,-1,8,10,6,-1,6,10,12,-1,6,12,22,-1,22,12,20,-1,24,25,26,-1,27,28,29,-1,30,31,32,-1,32,31,33,-1,34,35,25,-1,25,35,31,-1,25,31,26,-1,26,31,30,-1,36,37,38,-1,38,37,39,-1,26,40,24,-1,24,40,41,-1,24,41,42,-1,42,41,43,-1,42,43,44,-1,44,43,45,-1,44,45,46,-1,46,45,47,-1,46,47,48,-1,48,47,49,-1,48,49,50,-1,50,49,51,-1,50,51,52,-1,52,51,53,-1,52,53,54,-1,54,53,55,-1,54,55,56,-1,56,55,57,-1,29,28,58,-1,58,28,59,-1,58,59,60,-1,61,62,63,-1,63,62,64,-1,63,64,65,-1,65,64,66,-1,65,66,67,-1,67,66,68,-1,67,68,36,-1,36,68,69,-1,36,69,37,-1,59,33,60,-1,60,33,31,-1,60,31,70,-1,70,31,71,-1,70,71,72,-1,72,71,73,-1,72,73,74,-1,74,73,75,-1,74,75,39,-1,39,75,76,-1,39,76,38,-1,27,29,77,-1,77,29,78,-1,77,78,79,-1,79,78,80,-1,79,80,81,-1,81,80,82,-1,81,82,83,-1,83,82,84,-1,83,84,85,-1,85,84,86,-1,85,86,87,-1,87,86,88,-1,87,88,89,-1,89,88,90,-1,89,90,57,-1,57,90,91,-1,57,91,56,-1,67,92,93,-1,67,93,65,-1,65,93,94,-1,65,94,63,-1,63,94,95,-1,63,95,61,-1,62,61,96,-1,96,61,95,-1,62,96,97,-1,62,97,64,-1,64,97,98,-1,64,98,66,-1,66,98,99,-1,66,99,68,-1,68,99,100,-1,68,100,69,-1,69,100,101,-1,69,101,37,-1,37,101,102,-1,37,102,39,-1,39,102,103,-1,39,103,74,-1,74,103,104,-1,74,104,72,-1,72,104,105,-1,72,105,70,-1,70,105,106,-1,70,106,60,-1,58,60,107,-1,107,60,106,-1,58,107,108,-1,58,108,29,-1,29,108,109,-1,29,109,78,-1,78,109,110,-1,78,110,80,-1,80,110,111,-1,80,111,82,-1,82,111,112,-1,82,112,84,-1,84,112,113,-1,84,113,86,-1,86,113,114,-1,86,114,88,-1,88,114,115,-1,88,115,90,-1,90,115,116,-1,90,116,91,-1,91,116,117,-1,91,117,56,-1,118,50,119,-1,119,50,52,-1,119,52,120,-1,120,52,54,-1,120,54,121,-1,121,54,56,-1,121,56,117,-1,50,118,122,-1,50,122,48,-1,48,122,123,-1,48,123,46,-1,123,124,46,-1,46,124,125,-1,46,125,44,-1,44,125,126,-1,44,126,42,-1,42,126,127,-1,42,127,24,-1,25,24,128,-1,128,24,127,-1,34,25,129,-1,129,25,128,-1,35,34,130,-1,130,34,129,-1,31,35,131,-1,131,35,130,-1,31,131,132,-1,31,132,71,-1,71,132,133,-1,71,133,73,-1,73,133,134,-1,73,134,75,-1,75,134,135,-1,75,135,76,-1,76,135,136,-1,76,136,38,-1,38,136,137,-1,38,137,36,-1,36,137,92,-1,36,92,67,-1,77,138,139,-1,77,139,27,-1,27,139,140,-1,27,140,28,-1,28,140,141,-1,28,141,59,-1,85,142,143,-1,85,143,83,-1,83,143,144,-1,83,144,81,-1,81,144,145,-1,81,145,79,-1,79,145,138,-1,79,138,77,-1,55,146,147,-1,55,147,57,-1,57,147,148,-1,57,148,89,-1,89,148,149,-1,89,149,87,-1,87,149,142,-1,87,142,85,-1,49,150,151,-1,49,151,51,-1,51,151,152,-1,51,152,53,-1,53,152,146,-1,53,146,55,-1,41,153,154,-1,41,154,43,-1,43,154,155,-1,43,155,45,-1,45,155,156,-1,45,156,47,-1,47,156,150,-1,47,150,49,-1,32,157,158,-1,32,158,30,-1,30,158,159,-1,30,159,26,-1,26,159,160,-1,26,160,40,-1,40,160,153,-1,40,153,41,-1,32,33,157,-1,157,33,161,-1,33,59,161,-1,161,59,141,-1,
        ]
    }
}
Shape{
    appearance Appearance {
        material  Material 	{
            diffuseColor 0.6470588235294118 0.6470588235294118 0.6470588235294118
            specularColor 0.3215686274509804 0.3215686274509804 0.3215686274509804
            ambientIntensity 0.2
            transparency 0
            shininess 0.5
        }
    }
    geometry IndexedFaceSet {
        ccw TRUE
        solid FALSE
        coord DEF co Coordinate {
            point [
                1.437 0.093 2.248, 1.437 0.093 2.249, 1.437 0.0584 2.2492, 1.437 0.093 2.2572, 1.437 0.073 2.2545, 1.437 0.0636 2.2523, 1.437 0.0602 2.2506, 1.437 0.0921 2.2413, 1.437 0.0566 2.247, 1.437 0.0899 2.2359, 1.437 0.0575 2.2296, 1.437 0.0588 2.2283, 1.437 0.0847 2.2296, 1.437 0.0558 2.2322, 1.437 0.0805 2.2268, 1.437 0.0759 2.2251, 1.437 0.0703 2.2245, 1.437 0.0553 2.2442, 1.437 0.0546 2.2407, 1.437 0.0866 2.2315, 1.437 0.0544 2.2383, 1.437 0.0548 2.2349, 1.437 0.0618 2.2263, 1.437 0.0652 2.225, 1.437 0.0652 2.225
            ]
        }
        coordIndex [
            0,1,2,-1,1,3,4,-1,4,5,1,-1,1,5,6,-1,1,6,2,-1,0,2,7,-1,7,2,8,-1,7,8,9,-1,10,11,12,-1,10,12,13,-1,14,12,15,-1,15,12,16,-1,8,17,9,-1,9,17,18,-1,9,18,19,-1,19,18,20,-1,19,20,12,-1,12,20,21,-1,12,21,13,-1,11,22,12,-1,12,22,23,-1,12,23,16,-1,
        ]
    }
}
Shape{
    appearance Appearance {
        material  Material 	{
            diffuseColor 0.0 0.0 0.0
            specularColor 0.0 0.0 0.0
            ambientIntensity 0.2
            transparency 0
            shininess 0.5
        }
    }
    geometry IndexedFaceSet {
        ccw TRUE
        solid FALSE
        coord DEF co Coordinate {
            point [
                1.437 0.1285 2.2327, 1.437 0.1285 2.2327, 1.437 0.1339 2.2293, 1.437 0.1532 2.2244, 1.437 0.1532 2.2244, 1.437 0.1433 2.2256, 1.437 0.1433 2.2256, 1.437 0.1354 2.2287, 1.437 0.1339 2.2293, 1.437 0.1285 2.2172, 1.437 0.1285 2.2172, 1.437 0.139 2.2134, 1.437 0.1354 2.2147, 1.437 0.1517 2.2121, 1.437 0.1517 2.2121, 1.437 0.142 2.2131, 1.437 0.139 2.2134, 1.437 0.1654 2.2137, 1.437 0.1603 2.2131, 1.437 0.1654 2.2137, 1.437 0.1733 2.2168, 1.437 0.1733 2.2168, 1.437 0.1767 2.2189, 1.437 0.1767 2.2189, 1.437 0.1811 2.2227, 1.437 0.1811 2.2227, 1.437 0.1839 2.2267, 1.437 0.1839 2.2267, 1.437 0.1857 2.2315, 1.437 0.1857 2.2315, 1.437 0.1864 2.2375, 1.437 0.1864 2.2375, 1.437 0.1858 2.2431, 1.437 0.1858 2.2431, 1.437 0.1842 2.2475, 1.437 0.1842 2.2475, 1.437 0.1814 2.2517, 1.437 0.1814 2.2517, 1.437 0.1778 2.2549, 1.437 0.1778 2.2549, 1.437 0.1678 2.2604, 1.437 0.1678 2.2604, 1.437 0.162 2.2628, 1.437 0.162 2.2628, 1.437 0.1527 2.2668, 1.437 0.1527 2.2668, 1.437 0.1474 2.2702, 1.437 0.1474 2.2702, 1.437 0.1459 2.2718, 1.437 0.1459 2.2718, 1.437 0.1448 2.2738, 1.437 0.1448 2.2738, 1.437 0.1442 2.2761, 1.437 0.1442 2.2761, 1.437 0.1441 2.2781, 1.437 0.1441 2.2781, 1.437 0.1443 2.2805, 1.437 0.1443 2.2805, 1.437 0.1451 2.2826, 1.437 0.1451 2.2826, 1.437 0.1464 2.2845, 1.437 0.1464 2.2845, 1.437 0.1486 2.2865, 1.437 0.1486 2.2865, 1.437 0.152 2.2883, 1.437 0.152 2.2883, 1.437 0.156 2.2893, 1.437 0.156 2.2893, 1.437 0.1605 2.2897, 1.437 0.1605 2.2897, 1.437 0.171 2.2884, 1.437 0.171 2.2884, 1.437 0.1795 2.2851, 1.437 0.1795 2.2851, 1.437 0.1823 2.2835, 1.437 0.1823 2.2835, 1.437 0.1823 2.2981, 1.437 0.1823 2.2981, 1.437 0.1725 2.301, 1.437 0.1725 2.301, 1.437 0.162 2.3019, 1.437 0.162 2.3019, 1.437 0.1499 2.3005, 1.437 0.1499 2.3005, 1.437 0.1419 2.2973, 1.437 0.1419 2.2973, 1.437 0.1382 2.2951, 1.437 0.1382 2.2951, 1.437 0.1337 2.291, 1.437 0.1354 2.2926, 1.437 0.1337 2.291, 1.437 0.1309 2.287, 1.437 0.1309 2.287, 1.437 0.1292 2.2821, 1.437 0.1292 2.2821, 1.437 0.1286 2.2768, 1.437 0.1286 2.2768, 1.437 0.1292 2.2709, 1.437 0.1292 2.2709, 1.437 0.1309 2.2663, 1.437 0.1309 2.2663, 1.437 0.1328 2.2632, 1.437 0.1328 2.2632, 1.437 0.1513 2.2519, 1.437 0.1513 2.2519, 1.437 0.1424 2.256, 1.437 0.1353 2.2606, 1.437 0.1353 2.2606, 1.437 0.1354 2.2606, 1.437 0.1424 2.256, 1.437 0.1612 2.2477, 1.437 0.1612 2.2477, 1.437 0.1671 2.2442, 1.437 0.1671 2.2442, 1.437 0.169 2.2422, 1.437 0.169 2.2422, 1.437 0.1701 2.2402, 1.437 0.1701 2.2402, 1.437 0.1708 2.2379, 1.437 0.1708 2.2379, 1.437 0.171 2.236, 1.437 0.171 2.236, 1.437 0.1707 2.2331, 1.437 0.1707 2.2331, 1.437 0.1699 2.231, 1.437 0.1699 2.231, 1.437 0.1686 2.2291, 1.437 0.1686 2.2291, 1.437 0.1669 2.2275, 1.437 0.1669 2.2275, 1.437 0.1655 2.2267, 1.437 0.1655 2.2267, 1.437 0.1616 2.2253, 1.437 0.1616 2.2253, 1.437 0.1539 2.2244, 1.437 0.1539 2.2244, 1.437 0.261 2.2999, 1.437 0.2766 2.2999, 1.437 0.261 2.2999, 1.437 0.2766 2.2999, 1.437 0.2376 2.2353, 1.437 0.2376 2.2353, 1.437 0.2364 2.2313, 1.437 0.2364 2.2313, 1.437 0.2357 2.2284, 1.437 0.2357 2.2284, 1.437 0.2353 2.2284, 1.437 0.2353 2.2284, 1.437 0.2335 2.2355, 1.437 0.2335 2.2355, 1.437 0.2111 2.2999, 1.437 0.2111 2.2999, 1.437 0.2183 2.279, 1.437 0.1942 2.2999, 1.437 0.1942 2.2999, 1.437 0.2279 2.2143, 1.437 0.2279 2.2143, 1.437 0.2183 2.2387, 1.437 0.2213 2.1987, 1.437 0.2213 2.1987, 1.437 0.2274 2.2131, 1.437 0.2182 2.1932, 1.437 0.2183 2.1934, 1.437 0.2182 2.1932, 1.437 0.2154 2.1901, 1.437 0.2154 2.1901, 1.437 0.2131 2.1885, 1.437 0.2131 2.1885, 1.437 0.2099 2.1872, 1.437 0.2099 2.1872, 1.437 0.2059 2.1866, 1.437 0.2059 2.1866, 1.437 0.2004 2.1874, 1.437 0.2004 2.1874, 1.437 0.1973 2.1884, 1.437 0.1973 2.1884, 1.437 0.1973 2.175, 1.437 0.1973 2.175, 1.437 0.2037 2.1739, 1.437 0.2037 2.1739, 1.437 0.207 2.1737, 1.437 0.207 2.1737, 1.437 0.2137 2.1746, 1.437 0.2137 2.1746, 1.437 0.2183 2.1765, 1.437 0.2196 2.177, 1.437 0.2196 2.177, 1.437 0.2246 2.1806, 1.437 0.2246 2.1806, 1.437 0.2308 2.1878, 1.437 0.2308 2.1878, 1.437 0.2376 2.2012, 1.437 0.2376 2.2012, 1.437 0.2424 2.2131, 1.437 0.3574 2.2278, 1.437 0.3574 2.2142, 1.437 0.3574 2.2278, 1.437 0.3574 2.2142, 1.437 0.3083 2.2278, 1.437 0.3083 2.2278, 1.437 0.3308 2.2278, 1.437 0.3083 2.2682, 1.437 0.3083 2.2682, 1.437 0.3512 2.2682, 1.437 0.3512 2.2682, 1.437 0.3308 2.2682, 1.437 0.3512 2.282, 1.437 0.3512 2.282, 1.437 0.3083 2.282, 1.437 0.3083 2.282, 1.437 0.3308 2.282, 1.437 0.3083 2.3204, 1.437 0.3083 2.3204, 1.437 0.3547 2.3204, 1.437 0.3547 2.3204, 1.437 0.3308 2.3204, 1.437 0.3547 2.3343, 1.437 0.3547 2.3343, 1.437 0.2928 2.3343, 1.437 0.2928 2.3343, 1.437 0.3308 2.3343, 1.437 0.2928 2.2142, 1.437 0.2928 2.2142, 1.437 0.3308 2.2142, 1.437 0.4597 2.231, 1.437 0.4474 2.2391, 1.437 0.4473 2.222, 1.437 0.4397 2.2337, 1.437 0.4336 2.2167, 1.437 0.4298 2.2299, 1.437 0.4131 2.2142, 1.437 0.413 2.2278, 1.437 0.3801 2.2142, 1.437 0.3956 2.2278, 1.437 0.3801 2.3343, 1.437 0.3956 2.3204, 1.437 0.4143 2.3343, 1.437 0.4137 2.3204, 1.437 0.4327 2.3322, 1.437 0.4292 2.3187, 1.437 0.4472 2.3269, 1.437 0.4396 2.315, 1.437 0.4597 2.3184, 1.437 0.4484 2.3091, 1.437 0.4639 2.3143, 1.437 0.4517 2.3059, 1.437 0.4714 2.3038, 1.437 0.4563 2.2992, 1.437 0.4758 2.2924, 1.437 0.4597 2.2905, 1.437 0.4779 2.2757, 1.437 0.4616 2.2753, 1.437 0.4775 2.2681, 1.437 0.4609 2.2659, 1.437 0.4746 2.254, 1.437 0.4583 2.2553, 1.437 0.4687 2.2416, 1.437 0.454 2.2466, 1.437 0.4487 2.2404, 1.437 0.4131 2.2142, 1.437 0.3801 2.2142, 1.437 0.4336 2.2167, 1.437 0.4473 2.222, 1.437 0.4597 2.231, 1.437 0.4687 2.2416, 1.437 0.4746 2.254, 1.437 0.4775 2.2681, 1.437 0.4779 2.2757, 1.437 0.4758 2.2924, 1.437 0.4714 2.3038, 1.437 0.4639 2.3143, 1.437 0.4597 2.3184, 1.437 0.4472 2.3269, 1.437 0.4327 2.3322, 1.437 0.4143 2.3343, 1.437 0.3801 2.3343, 1.437 0.4137 2.3204, 1.437 0.3956 2.3204, 1.437 0.3956 2.2278, 1.437 0.413 2.2278, 1.437 0.4487 2.2404, 1.437 0.4474 2.2391, 1.437 0.4397 2.2337, 1.437 0.4298 2.2299, 1.437 0.4616 2.2753, 1.437 0.4609 2.2659, 1.437 0.4583 2.2553, 1.437 0.454 2.2466, 1.437 0.4484 2.3091, 1.437 0.4517 2.3059, 1.437 0.4563 2.2992, 1.437 0.4597 2.2905, 1.437 0.4292 2.3187, 1.437 0.4396 2.315, 1.437 0.4396 2.315
            ]
        }
        coordIndex [
            0,1,2,-1,3,4,5,-1,3,5,6,-1,6,5,7,-1,6,7,2,-1,2,7,8,-1,2,8,0,-1,9,1,10,-1,10,1,0,-1,11,9,12,-1,12,9,10,-1,13,14,15,-1,15,14,11,-1,15,11,16,-1,16,11,12,-1,17,14,18,-1,18,14,13,-1,18,19,17,-1,17,19,20,-1,17,20,21,-1,21,20,22,-1,21,22,23,-1,23,22,24,-1,23,24,25,-1,25,24,26,-1,25,26,27,-1,27,26,28,-1,27,28,29,-1,29,28,30,-1,29,30,31,-1,31,30,32,-1,31,32,33,-1,33,32,34,-1,33,34,35,-1,35,34,36,-1,35,36,37,-1,37,36,38,-1,37,38,39,-1,39,38,40,-1,39,40,41,-1,41,40,42,-1,41,42,43,-1,43,42,44,-1,43,44,45,-1,45,44,46,-1,45,46,47,-1,47,46,48,-1,47,48,49,-1,49,48,50,-1,49,50,51,-1,51,50,52,-1,51,52,53,-1,53,52,54,-1,53,54,55,-1,55,54,56,-1,55,56,57,-1,57,56,58,-1,57,58,59,-1,59,58,60,-1,59,60,61,-1,61,60,62,-1,61,62,63,-1,63,62,64,-1,63,64,65,-1,65,64,66,-1,65,66,67,-1,67,66,68,-1,67,68,69,-1,69,68,70,-1,69,70,71,-1,71,70,72,-1,71,72,73,-1,73,72,74,-1,73,74,75,-1,76,75,77,-1,77,75,74,-1,76,77,78,-1,76,78,79,-1,79,78,80,-1,79,80,81,-1,81,80,82,-1,81,82,83,-1,83,82,84,-1,83,84,85,-1,85,84,86,-1,85,86,87,-1,88,87,89,-1,89,87,86,-1,89,90,88,-1,88,90,91,-1,88,91,92,-1,92,91,93,-1,92,93,94,-1,94,93,95,-1,94,95,96,-1,96,95,97,-1,96,97,98,-1,98,97,99,-1,98,99,100,-1,100,99,101,-1,100,101,102,-1,103,104,105,-1,102,101,106,-1,102,106,107,-1,107,106,108,-1,107,108,105,-1,105,108,109,-1,105,109,103,-1,104,103,110,-1,104,110,111,-1,111,110,112,-1,111,112,113,-1,113,112,114,-1,113,114,115,-1,115,114,116,-1,115,116,117,-1,117,116,118,-1,117,118,119,-1,119,118,120,-1,119,120,121,-1,121,120,122,-1,121,122,123,-1,123,122,124,-1,123,124,125,-1,125,124,126,-1,125,126,127,-1,127,126,128,-1,127,128,129,-1,129,128,130,-1,129,130,131,-1,131,130,132,-1,131,132,133,-1,133,132,134,-1,133,134,135,-1,135,134,4,-1,135,4,3,-1,59,61,87,-1,87,61,85,-1,85,61,63,-1,85,63,83,-1,111,43,104,-1,104,43,45,-1,21,23,127,-1,127,23,25,-1,127,25,125,-1,125,25,27,-1,125,27,123,-1,123,27,29,-1,123,29,121,-1,121,29,31,-1,121,31,119,-1,119,31,33,-1,119,33,117,-1,117,33,35,-1,117,35,115,-1,115,35,37,-1,115,37,113,-1,113,37,39,-1,113,39,111,-1,111,39,41,-1,111,41,43,-1,14,3,11,-1,11,3,6,-1,11,6,9,-1,9,6,2,-1,9,2,1,-1,63,65,83,-1,83,65,67,-1,83,67,81,-1,81,67,69,-1,81,69,79,-1,79,69,71,-1,79,71,76,-1,76,71,73,-1,76,73,75,-1,127,129,21,-1,21,129,131,-1,21,131,17,-1,17,131,133,-1,17,133,14,-1,14,133,135,-1,14,135,3,-1,87,88,59,-1,59,88,92,-1,59,92,57,-1,57,92,94,-1,57,94,55,-1,55,94,96,-1,55,96,53,-1,53,96,98,-1,53,98,51,-1,51,98,100,-1,51,100,49,-1,49,100,102,-1,49,102,47,-1,47,102,107,-1,47,107,45,-1,45,107,105,-1,45,105,104,-1,136,137,138,-1,138,137,139,-1,140,136,141,-1,141,136,138,-1,140,141,142,-1,140,142,143,-1,143,142,144,-1,143,144,145,-1,146,145,147,-1,147,145,144,-1,148,146,149,-1,149,146,147,-1,150,151,152,-1,152,151,148,-1,152,148,149,-1,153,151,154,-1,154,151,150,-1,155,156,157,-1,157,156,153,-1,157,153,154,-1,158,159,160,-1,160,159,156,-1,160,156,155,-1,161,159,162,-1,162,159,158,-1,162,163,161,-1,161,163,164,-1,161,164,165,-1,165,164,166,-1,165,166,167,-1,167,166,168,-1,167,168,169,-1,169,168,170,-1,169,170,171,-1,171,170,172,-1,171,172,173,-1,173,172,174,-1,173,174,175,-1,176,175,177,-1,177,175,174,-1,176,177,178,-1,176,178,179,-1,179,178,180,-1,179,180,181,-1,181,180,182,-1,181,182,183,-1,183,182,184,-1,183,184,185,-1,184,186,185,-1,185,186,187,-1,185,187,188,-1,188,187,189,-1,188,189,190,-1,190,189,191,-1,190,191,192,-1,139,137,193,-1,193,137,192,-1,193,192,191,-1,143,145,192,-1,137,136,192,-1,192,136,140,-1,192,140,143,-1,151,153,148,-1,148,153,156,-1,148,156,146,-1,145,146,192,-1,192,146,156,-1,192,156,190,-1,175,176,173,-1,173,176,179,-1,173,179,171,-1,171,179,181,-1,171,181,169,-1,169,181,183,-1,169,183,167,-1,167,183,185,-1,167,185,165,-1,165,185,188,-1,165,188,161,-1,161,188,190,-1,161,190,159,-1,159,190,156,-1,194,195,196,-1,196,195,197,-1,198,199,200,-1,200,199,194,-1,200,194,196,-1,201,199,202,-1,202,199,198,-1,203,204,205,-1,205,204,201,-1,205,201,202,-1,206,204,207,-1,207,204,203,-1,208,209,210,-1,210,209,206,-1,210,206,207,-1,211,209,212,-1,212,209,208,-1,213,214,215,-1,215,214,211,-1,215,211,212,-1,216,214,217,-1,217,214,213,-1,218,219,220,-1,220,219,216,-1,220,216,217,-1,221,219,222,-1,222,219,218,-1,197,195,223,-1,223,195,221,-1,223,221,222,-1,221,195,194,-1,194,199,221,-1,221,199,201,-1,221,201,219,-1,214,216,211,-1,211,216,219,-1,211,219,209,-1,209,219,201,-1,209,201,206,-1,206,201,204,-1,224,225,226,-1,226,225,227,-1,226,227,228,-1,228,227,229,-1,228,229,230,-1,230,229,231,-1,230,231,232,-1,232,231,233,-1,232,233,234,-1,234,233,235,-1,234,235,236,-1,236,235,237,-1,236,237,238,-1,238,237,239,-1,238,239,240,-1,240,239,241,-1,240,241,242,-1,242,241,243,-1,242,243,244,-1,244,243,245,-1,244,245,246,-1,246,245,247,-1,246,247,248,-1,248,247,249,-1,248,249,250,-1,250,249,251,-1,250,251,252,-1,252,251,253,-1,252,253,254,-1,254,253,255,-1,254,255,256,-1,256,255,257,-1,256,257,224,-1,224,257,258,-1,224,258,225,-1,230,232,259,-1,259,232,260,-1,230,259,261,-1,230,261,228,-1,228,261,262,-1,228,262,226,-1,226,262,263,-1,226,263,224,-1,224,263,264,-1,224,264,256,-1,256,264,265,-1,256,265,254,-1,254,265,266,-1,254,266,252,-1,252,266,267,-1,252,267,250,-1,250,267,268,-1,250,268,248,-1,248,268,269,-1,248,269,246,-1,246,269,270,-1,246,270,244,-1,244,270,271,-1,244,271,242,-1,242,271,272,-1,242,272,240,-1,240,272,273,-1,240,273,238,-1,238,273,274,-1,238,274,236,-1,234,236,275,-1,275,236,274,-1,232,234,260,-1,260,234,275,-1,237,235,276,-1,276,235,277,-1,235,233,277,-1,277,233,278,-1,233,231,278,-1,278,231,279,-1,258,280,281,-1,258,281,225,-1,225,281,282,-1,225,282,227,-1,227,282,283,-1,227,283,229,-1,229,283,279,-1,229,279,231,-1,251,284,285,-1,251,285,253,-1,253,285,286,-1,253,286,255,-1,255,286,287,-1,255,287,257,-1,257,287,280,-1,257,280,258,-1,243,288,289,-1,243,289,245,-1,245,289,290,-1,245,290,247,-1,247,290,291,-1,247,291,249,-1,249,291,284,-1,249,284,251,-1,237,276,292,-1,237,292,239,-1,239,292,293,-1,239,293,241,-1,241,293,288,-1,241,288,243,-1,
        ]
    }
}
Shape{
    appearance Appearance {
        material  Material 	{
            diffuseColor 0.6470588235294118 0.6470588235294118 0.6470588235294118
            specularColor 0.3215686274509804 0.3215686274509804 0.3215686274509804
            ambientIntensity 0.2
            transparency 0
            shininess 0.5
        }
    }
    geometry IndexedFaceSet {
        ccw TRUE
        solid FALSE
        coord DEF co Coordinate {
            point [
                1.437 0.4474 2.2391, 1.437 0.4487 2.2404, 1.437 0.4137 2.3204, 1.437 0.3956 2.3204, 1.437 0.3956 2.2278, 1.437 0.413 2.2278, 1.437 0.4298 2.2299, 1.437 0.4397 2.2337, 1.437 0.454 2.2466, 1.437 0.4583 2.2553, 1.437 0.4609 2.2659, 1.437 0.4616 2.2753, 1.437 0.4597 2.2905, 1.437 0.4563 2.2992, 1.437 0.4517 2.3059, 1.437 0.4484 2.3091, 1.437 0.4292 2.3187, 1.437 0.4396 2.315, 1.437 0.4396 2.315
            ]
        }
        coordIndex [
            0,1,2,-1,3,4,2,-1,2,4,5,-1,5,6,2,-1,2,6,7,-1,2,7,0,-1,1,8,2,-1,2,8,9,-1,2,9,10,-1,10,11,2,-1,2,11,12,-1,2,12,13,-1,13,14,2,-1,2,14,15,-1,2,15,16,-1,16,15,17,-1,
        ]
    }
}
Shape{
    appearance Appearance {
        material  Material 	{
            diffuseColor 0.0 0.0 0.0
            specularColor 0.0 0.0 0.0
            ambientIntensity 0.2
            transparency 0
            shininess 0.5
        }
    }
    geometry IndexedFaceSet {
        ccw TRUE
        solid FALSE
        coord DEF co Coordinate {
            point [
                1.437 0.5181 2.2606, 1.437 0.5132 2.247, 1.437 0.5584 2.2606, 1.437 0.5632 2.247, 1.437 0.5361 2.3105, 1.437 0.5303 2.3343, 1.437 0.4845 2.2142, 1.437 0.5017 2.2142, 1.437 0.5371 2.3141, 1.437 0.538 2.3189, 1.437 0.5468 2.3343, 1.437 0.5384 2.3189, 1.437 0.5394 2.3138, 1.437 0.5403 2.3105, 1.437 0.5926 2.2142, 1.437 0.5755 2.2142, 1.437 0.5468 2.3343, 1.437 0.5926 2.2142, 1.437 0.5303 2.3343, 1.437 0.4845 2.2142, 1.437 0.5017 2.2142, 1.437 0.5132 2.247, 1.437 0.5632 2.247, 1.437 0.5755 2.2142, 1.437 0.5181 2.2606, 1.437 0.5584 2.2606, 1.437 0.5403 2.3105, 1.437 0.5384 2.3189, 1.437 0.5394 2.3138, 1.437 0.538 2.3189, 1.437 0.5361 2.3105, 1.437 0.5371 2.3141, 1.437 0.5371 2.3141
            ]
        }
        coordIndex [
            0,1,2,-1,2,1,3,-1,4,5,0,-1,0,5,6,-1,0,6,1,-1,1,6,7,-1,4,8,5,-1,5,8,9,-1,5,9,10,-1,10,9,11,-1,10,11,12,-1,12,13,10,-1,10,13,2,-1,10,2,14,-1,14,2,3,-1,14,3,15,-1,10,14,16,-1,16,14,17,-1,5,10,18,-1,18,10,16,-1,6,5,19,-1,19,5,18,-1,7,6,20,-1,20,6,19,-1,1,7,21,-1,21,7,20,-1,3,1,22,-1,22,1,21,-1,15,3,23,-1,23,3,22,-1,14,15,17,-1,17,15,23,-1,0,2,24,-1,24,2,25,-1,2,13,25,-1,25,13,26,-1,11,27,28,-1,11,28,12,-1,12,28,26,-1,12,26,13,-1,11,9,27,-1,27,9,29,-1,4,30,31,-1,4,31,8,-1,8,31,29,-1,8,29,9,-1,4,0,30,-1,30,0,24,-1,
        ]
    }
}
Shape{
    appearance Appearance {
        material  Material 	{
            diffuseColor 0.6470588235294118 0.6470588235294118 0.6470588235294118
            specularColor 0.3215686274509804 0.3215686274509804 0.3215686274509804
            ambientIntensity 0.2
            transparency 0
            shininess 0.5
        }
    }
    geometry IndexedFaceSet {
        ccw TRUE
        solid FALSE
        coord DEF co Coordinate {
            point [
                1.437 0.5384 2.3189, 1.437 0.538 2.3189, 1.437 0.5394 2.3138, 1.437 0.5371 2.3141, 1.437 0.5403 2.3105, 1.437 0.5361 2.3105, 1.437 0.5584 2.2606, 1.437 0.5181 2.2606, 1.437 0.5181 2.2606
            ]
        }
        coordIndex [
            0,1,2,-1,2,1,3,-1,2,3,4,-1,4,3,5,-1,4,5,6,-1,6,5,7,-1,
        ]
    }
}
Shape{
    appearance Appearance {
        material  Material 	{
            diffuseColor 0.0 0.0 0.0
            specularColor 0.0 0.0 0.0
            ambientIntensity 0.2
            transparency 0
            shininess 0.5
        }
    }
    geometry IndexedFaceSet {
        ccw TRUE
        solid FALSE
        coord DEF co Coordinate {
            point [
                1.437 -0.5703 2.1972, 1.437 -0.5576 2.1815, 1.437 -0.578 2.2727, 1.437 -0.4278 2.1939, 1.437 -0.4177 2.2129, 1.437 -0.4128 2.234, 1.437 -0.2928 2.3145, 1.437 -0.3192 2.3598, 1.437 -0.4123 2.2513, 1.437 -0.4337 2.3, 1.437 -0.4123 2.2428, 1.437 -0.458 2.1672, 1.437 -0.441 2.1791, 1.437 -0.4431 2.4906, 1.437 -0.4668 2.5365, 1.437 -0.4875 2.5237, 1.437 -0.5965 2.2841, 1.437 -0.5926 2.2197, 1.437 -0.5788 2.2154, 1.437 -0.5199 2.2163, 1.437 -0.5129 2.2119, 1.437 -0.5409 2.1689, 1.437 -0.5049 2.2092, 1.437 -0.2646 2.399, 1.437 -0.2577 2.399, 1.437 -0.2227 2.4451, 1.437 -0.2415 2.397, 1.437 -0.2185 2.4437, 1.437 -0.2266 2.3913, 1.437 -0.1931 2.4311, 1.437 -0.1699 2.4115, 1.437 -0.4669 2.4731, 1.437 -0.5075 2.5065, 1.437 -0.4859 2.4501, 1.437 -0.525 2.4861, 1.437 -0.4986 2.4238, 1.437 -0.5737 2.4312, 1.437 -0.5526 2.4362, 1.437 -0.5447 2.4878, 1.437 -0.5438 2.4366, 1.437 -0.5348 2.4873, 1.437 -0.5239 2.4342, 1.437 -0.5048 2.4272, 1.437 -0.5315 2.237, 1.437 -0.5294 2.2293, 1.437 -0.5255 2.2223, 1.437 -0.5212 2.1606, 1.437 -0.501 2.1574, 1.437 -0.4986 2.2086, 1.437 -0.4977 2.1574, 1.437 -0.4911 2.2094, 1.437 -0.4771 2.1599, 1.437 -0.4836 2.2121, 1.437 -0.477 2.2165, 1.437 -0.4714 2.2227, 1.437 -0.1698 2.2522, 1.437 -0.2096 2.286, 1.437 -0.1933 2.2323, 1.437 -0.2223 2.2757, 1.437 -0.2193 2.2197, 1.437 -0.2374 2.2687, 1.437 -0.2475 2.2137, 1.437 -0.2526 2.2658, 1.437 -0.2979 2.2137, 1.437 -0.291 2.2658, 1.437 -0.3026 2.2145, 1.437 -0.6119 2.2998, 1.437 -0.6471 2.2564, 1.437 -0.6231 2.2355, 1.437 -0.6267 2.3719, 1.437 -0.6827 2.3585, 1.437 -0.6292 2.3512, 1.437 -0.683 2.3495, 1.437 -0.6282 2.3382, 1.437 -0.6795 2.3187, 1.437 -0.6221 2.3173, 1.437 -0.6679 2.2868, 1.437 -0.6497 2.2594, 1.437 -0.4674 2.2537, 1.437 -0.4655 2.2458, 1.437 -0.4655 2.2382, 1.437 -0.4675 2.23, 1.437 -0.2134 2.3821, 1.437 -0.2035 2.371, 1.437 -0.1525 2.3872, 1.437 -0.1955 2.3562, 1.437 -0.1421 2.3611, 1.437 -0.1915 2.3398, 1.437 -0.1382 2.3333, 1.437 -0.1911 2.3324, 1.437 -0.1422 2.3025, 1.437 -0.1932 2.3158, 1.437 -0.153 2.2755, 1.437 -0.1991 2.3006, 1.437 -0.2085 2.2873, 1.437 -0.2688 2.5126, 1.437 -0.301 2.4722, 1.437 -0.241 2.4805, 1.437 -0.2821 2.4489, 1.437 -0.2693 2.4212, 1.437 -0.5756 2.4843, 1.437 -0.6075 2.4727, 1.437 -0.5927 2.4211, 1.437 -0.636 2.4533, 1.437 -0.6075 2.4079, 1.437 -0.6429 2.4469, 1.437 -0.6194 2.3909, 1.437 -0.6621 2.4227, 1.437 -0.6762 2.3923, 1.437 -0.4274 2.5518, 1.437 -0.4152 2.5018, 1.437 -0.385 2.557, 1.437 -0.3841 2.5058, 1.437 -0.3498 2.5533, 1.437 -0.3557 2.5023, 1.437 -0.3069 2.5382, 1.437 -0.3289 2.4922, 1.437 -0.3048 2.4757, 1.437 -0.5317 2.2454, 1.437 -0.5297 2.2536, 1.437 -0.5685 2.2911, 1.437 -0.5258 2.261, 1.437 -0.5544 2.3072, 1.437 -0.5202 2.2672, 1.437 -0.5369 2.3193, 1.437 -0.5134 2.2717, 1.437 -0.518 2.3265, 1.437 -0.5059 2.2744, 1.437 -0.4977 2.329, 1.437 -0.4986 2.2752, 1.437 -0.4873 2.3284, 1.437 -0.4913 2.2744, 1.437 -0.4667 2.3233, 1.437 -0.4834 2.2715, 1.437 -0.4486 2.3136, 1.437 -0.4765 2.2669, 1.437 -0.4711 2.2607, 1.437 -0.2953 2.2666, 1.437 -0.3159 2.2227, 1.437 -0.3138 2.2206, 1.437 -0.2928 2.2661, 1.437 -0.3083 2.2167, 1.437 -0.3226 2.2402, 1.437 -0.3218 2.2339, 1.437 -0.3196 2.2281, 1.437 -0.3026 2.2659, 1.437 -0.3085 2.2636, 1.437 -0.3225 2.2431, 1.437 -0.3138 2.2599, 1.437 -0.3177 2.2555, 1.437 -0.3209 2.2496, 1.437 -0.2962 2.2667, 1.437 -0.1382 2.3333, 1.437 -0.1421 2.3611, 1.437 -0.145 2.3685, 1.437 -0.1525 2.3872, 1.437 -0.1643 2.4037, 1.437 -0.1699 2.4115, 1.437 -0.1931 2.4311, 1.437 -0.2185 2.4437, 1.437 -0.2227 2.4451, 1.437 -0.241 2.4805, 1.437 -0.2688 2.5126, 1.437 -0.2885 2.5258, 1.437 -0.3069 2.5382, 1.437 -0.3498 2.5533, 1.437 -0.385 2.557, 1.437 -0.4875 2.5237, 1.437 -0.4841 2.5258, 1.437 -0.4668 2.5365, 1.437 -0.4274 2.5518, 1.437 -0.5075 2.5065, 1.437 -0.525 2.4861, 1.437 -0.5348 2.4873, 1.437 -0.5447 2.4878, 1.437 -0.5756 2.4843, 1.437 -0.6075 2.4727, 1.437 -0.636 2.4533, 1.437 -0.6429 2.4469, 1.437 -0.683 2.3495, 1.437 -0.6621 2.4227, 1.437 -0.6709 2.4037, 1.437 -0.6762 2.3923, 1.437 -0.6808 2.3685, 1.437 -0.6827 2.3585, 1.437 -0.6795 2.3187, 1.437 -0.6679 2.2868, 1.437 -0.6497 2.2594, 1.437 -0.6471 2.2564, 1.437 -0.6231 2.2355, 1.437 -0.5926 2.2197, 1.437 -0.5788 2.2154, 1.437 -0.5777 2.2131, 1.437 -0.5703 2.1972, 1.437 -0.5576 2.1815, 1.437 -0.5409 2.1689, 1.437 -0.533 2.1656, 1.437 -0.5212 2.1606, 1.437 -0.501 2.1574, 1.437 -0.4977 2.1574, 1.437 -0.4123 2.2428, 1.437 -0.4771 2.1599, 1.437 -0.4623 2.1656, 1.437 -0.458 2.1672, 1.437 -0.441 2.1791, 1.437 -0.4278 2.1939, 1.437 -0.4177 2.2129, 1.437 -0.4177 2.2131, 1.437 -0.4128 2.234, 1.437 -0.4123 2.2513, 1.437 -0.2928 2.3145, 1.437 -0.3192 2.3598, 1.437 -0.4337 2.3, 1.437 -0.4486 2.3136, 1.437 -0.4667 2.3233, 1.437 -0.4873 2.3284, 1.437 -0.4977 2.329, 1.437 -0.518 2.3265, 1.437 -0.5369 2.3193, 1.437 -0.5544 2.3072, 1.437 -0.5685 2.2911, 1.437 -0.578 2.2727, 1.437 -0.5965 2.2841, 1.437 -0.6119 2.2998, 1.437 -0.6221 2.3173, 1.437 -0.6282 2.3382, 1.437 -0.6292 2.3512, 1.437 -0.6271 2.3685, 1.437 -0.6267 2.3719, 1.437 -0.6194 2.3909, 1.437 -0.6105 2.4037, 1.437 -0.6075 2.4079, 1.437 -0.5927 2.4211, 1.437 -0.5737 2.4312, 1.437 -0.5526 2.4362, 1.437 -0.5438 2.4366, 1.437 -0.5239 2.4342, 1.437 -0.5048 2.4272, 1.437 -0.4986 2.4238, 1.437 -0.4859 2.4501, 1.437 -0.4669 2.4731, 1.437 -0.4431 2.4906, 1.437 -0.4152 2.5018, 1.437 -0.3841 2.5058, 1.437 -0.2646 2.399, 1.437 -0.2656 2.4037, 1.437 -0.2693 2.4212, 1.437 -0.2821 2.4489, 1.437 -0.301 2.4722, 1.437 -0.3048 2.4757, 1.437 -0.3289 2.4922, 1.437 -0.3557 2.5023, 1.437 -0.2577 2.399, 1.437 -0.2415 2.397, 1.437 -0.2266 2.3913, 1.437 -0.2134 2.3821, 1.437 -0.2035 2.371, 1.437 -0.2021 2.3685, 1.437 -0.1955 2.3562, 1.437 -0.1915 2.3398, 1.437 -0.1911 2.3324, 1.437 -0.1932 2.3158, 1.437 -0.1991 2.3006, 1.437 -0.2085 2.2873, 1.437 -0.2096 2.286, 1.437 -0.2223 2.2757, 1.437 -0.2374 2.2687, 1.437 -0.2526 2.2658, 1.437 -0.291 2.2658, 1.437 -0.2928 2.2661, 1.437 -0.2953 2.2666, 1.437 -0.2962 2.2667, 1.437 -0.3026 2.2659, 1.437 -0.3085 2.2636, 1.437 -0.3138 2.2599, 1.437 -0.3177 2.2555, 1.437 -0.3209 2.2496, 1.437 -0.3225 2.2431, 1.437 -0.3226 2.2402, 1.437 -0.3218 2.2339, 1.437 -0.3196 2.2281, 1.437 -0.3159 2.2227, 1.437 -0.3138 2.2206, 1.437 -0.3083 2.2167, 1.437 -0.3026 2.2145, 1.437 -0.2979 2.2137, 1.437 -0.2475 2.2137, 1.437 -0.2193 2.2197, 1.437 -0.1933 2.2323, 1.437 -0.1698 2.2522, 1.437 -0.153 2.2755, 1.437 -0.1422 2.3025, 1.437 -0.4986 2.2752, 1.437 -0.4913 2.2744, 1.437 -0.4834 2.2715, 1.437 -0.4765 2.2669, 1.437 -0.4711 2.2607, 1.437 -0.4674 2.2537, 1.437 -0.4655 2.2458, 1.437 -0.4655 2.2382, 1.437 -0.4675 2.23, 1.437 -0.4714 2.2227, 1.437 -0.477 2.2165, 1.437 -0.4836 2.2121, 1.437 -0.4911 2.2094, 1.437 -0.4986 2.2086, 1.437 -0.5049 2.2092, 1.437 -0.5129 2.2119, 1.437 -0.5199 2.2163, 1.437 -0.5255 2.2223, 1.437 -0.5294 2.2293, 1.437 -0.5315 2.237, 1.437 -0.5317 2.2454, 1.437 -0.5297 2.2536, 1.437 -0.5258 2.261, 1.437 -0.5202 2.2672, 1.437 -0.5134 2.2717, 1.437 -0.5059 2.2744, 1.437 -0.5059 2.2744
            ]
        }
        coordIndex [
            0,1,2,-1,3,4,5,-1,6,7,8,-1,8,7,9,-1,8,9,10,-1,10,9,11,-1,10,11,5,-1,5,11,12,-1,5,12,3,-1,13,14,15,-1,16,17,2,-1,2,17,18,-1,2,18,0,-1,19,1,20,-1,20,1,21,-1,20,21,22,-1,23,24,25,-1,25,24,26,-1,25,26,27,-1,27,26,28,-1,27,28,29,-1,29,28,30,-1,13,15,31,-1,31,15,32,-1,31,32,33,-1,33,32,34,-1,33,34,35,-1,36,37,38,-1,38,37,39,-1,38,39,40,-1,40,39,41,-1,40,41,34,-1,34,41,42,-1,34,42,35,-1,43,2,44,-1,44,2,1,-1,44,1,45,-1,45,1,19,-1,21,46,22,-1,22,46,47,-1,22,47,48,-1,48,47,49,-1,48,49,50,-1,50,49,51,-1,50,51,52,-1,52,51,11,-1,52,11,53,-1,53,11,54,-1,55,56,57,-1,57,56,58,-1,57,58,59,-1,59,58,60,-1,59,60,61,-1,61,60,62,-1,61,62,63,-1,63,62,64,-1,63,64,65,-1,66,67,16,-1,16,67,68,-1,16,68,17,-1,69,70,71,-1,71,70,72,-1,71,72,73,-1,73,72,74,-1,73,74,75,-1,75,74,76,-1,75,76,66,-1,66,76,77,-1,66,77,67,-1,78,79,9,-1,9,79,80,-1,9,80,11,-1,11,80,81,-1,11,81,54,-1,28,82,30,-1,30,82,83,-1,30,83,84,-1,84,83,85,-1,84,85,86,-1,86,85,87,-1,86,87,88,-1,88,87,89,-1,88,89,90,-1,90,89,91,-1,90,91,92,-1,92,91,93,-1,92,93,55,-1,55,93,94,-1,55,94,56,-1,95,96,97,-1,97,96,98,-1,97,98,25,-1,25,98,99,-1,25,99,23,-1,38,100,36,-1,36,100,101,-1,36,101,102,-1,102,101,103,-1,102,103,104,-1,104,103,105,-1,104,105,106,-1,106,105,107,-1,106,107,69,-1,69,107,108,-1,69,108,70,-1,14,13,109,-1,109,13,110,-1,109,110,111,-1,111,110,112,-1,111,112,113,-1,113,112,114,-1,113,114,115,-1,115,114,116,-1,115,116,95,-1,95,116,117,-1,95,117,96,-1,43,118,2,-1,2,118,119,-1,2,119,120,-1,120,119,121,-1,120,121,122,-1,122,121,123,-1,122,123,124,-1,124,123,125,-1,124,125,126,-1,126,125,127,-1,126,127,128,-1,128,127,129,-1,128,129,130,-1,130,129,131,-1,130,131,132,-1,132,131,133,-1,132,133,134,-1,134,133,135,-1,134,135,9,-1,9,135,136,-1,9,136,78,-1,137,138,139,-1,64,140,65,-1,65,140,137,-1,65,137,141,-1,141,137,139,-1,142,143,137,-1,137,143,144,-1,137,144,138,-1,145,146,147,-1,146,148,147,-1,147,148,149,-1,147,149,150,-1,142,137,147,-1,147,137,151,-1,147,151,145,-1,88,152,153,-1,88,153,86,-1,86,153,154,-1,86,154,84,-1,154,155,84,-1,84,155,156,-1,84,156,30,-1,156,157,30,-1,30,157,158,-1,30,158,29,-1,29,158,159,-1,29,159,27,-1,27,159,160,-1,27,160,25,-1,25,160,161,-1,25,161,97,-1,97,161,162,-1,97,162,95,-1,95,162,163,-1,95,163,115,-1,163,164,115,-1,115,164,165,-1,115,165,113,-1,113,165,166,-1,113,166,111,-1,167,15,168,-1,168,15,14,-1,168,14,169,-1,169,14,109,-1,169,109,170,-1,170,109,111,-1,170,111,166,-1,15,167,171,-1,15,171,32,-1,32,171,172,-1,32,172,34,-1,34,172,173,-1,34,173,40,-1,40,173,174,-1,40,174,38,-1,38,174,175,-1,38,175,100,-1,100,175,176,-1,100,176,101,-1,101,176,177,-1,101,177,103,-1,103,177,178,-1,103,178,105,-1,179,72,70,-1,105,178,180,-1,105,180,107,-1,107,180,181,-1,107,181,108,-1,181,182,108,-1,108,182,183,-1,108,183,70,-1,70,183,184,-1,70,184,179,-1,72,179,185,-1,72,185,74,-1,74,185,186,-1,74,186,76,-1,76,186,187,-1,76,187,77,-1,77,187,188,-1,77,188,67,-1,67,188,189,-1,67,189,68,-1,68,189,190,-1,68,190,17,-1,17,190,191,-1,17,191,18,-1,18,191,192,-1,18,192,0,-1,192,193,0,-1,0,193,194,-1,0,194,1,-1,1,194,195,-1,1,195,21,-1,21,195,196,-1,21,196,46,-1,196,197,46,-1,46,197,198,-1,46,198,47,-1,47,198,199,-1,47,199,49,-1,200,10,5,-1,49,199,201,-1,49,201,51,-1,51,201,202,-1,51,202,11,-1,202,203,11,-1,11,203,204,-1,11,204,12,-1,12,204,205,-1,12,205,3,-1,3,205,206,-1,3,206,4,-1,4,206,207,-1,4,207,5,-1,5,207,208,-1,5,208,200,-1,8,10,209,-1,209,10,200,-1,6,8,210,-1,210,8,209,-1,7,6,211,-1,211,6,210,-1,9,7,212,-1,212,7,211,-1,9,212,213,-1,9,213,134,-1,134,213,214,-1,134,214,132,-1,132,214,215,-1,132,215,130,-1,130,215,216,-1,130,216,128,-1,128,216,217,-1,128,217,126,-1,126,217,218,-1,126,218,124,-1,124,218,219,-1,124,219,122,-1,122,219,220,-1,122,220,120,-1,120,220,221,-1,120,221,2,-1,2,221,222,-1,2,222,16,-1,16,222,223,-1,16,223,66,-1,66,223,224,-1,66,224,75,-1,75,224,225,-1,75,225,73,-1,73,225,226,-1,73,226,71,-1,69,71,227,-1,227,71,226,-1,227,228,69,-1,69,228,229,-1,69,229,106,-1,106,229,230,-1,106,230,104,-1,230,231,104,-1,104,231,232,-1,104,232,102,-1,102,232,233,-1,102,233,36,-1,36,233,234,-1,36,234,37,-1,37,234,235,-1,37,235,39,-1,39,235,236,-1,39,236,41,-1,41,236,237,-1,41,237,42,-1,42,237,238,-1,42,238,35,-1,35,238,239,-1,35,239,33,-1,33,239,240,-1,33,240,31,-1,31,240,241,-1,31,241,13,-1,13,241,242,-1,13,242,110,-1,110,242,243,-1,110,243,112,-1,244,23,245,-1,245,23,99,-1,245,99,246,-1,246,99,98,-1,246,98,247,-1,247,98,96,-1,247,96,248,-1,248,96,117,-1,248,117,249,-1,249,117,116,-1,249,116,250,-1,250,116,114,-1,250,114,251,-1,251,114,112,-1,251,112,243,-1,24,23,252,-1,252,23,244,-1,24,252,253,-1,24,253,26,-1,26,253,254,-1,26,254,28,-1,28,254,255,-1,28,255,82,-1,82,255,256,-1,82,256,83,-1,83,256,257,-1,83,257,85,-1,257,258,85,-1,85,258,259,-1,85,259,87,-1,87,259,260,-1,87,260,89,-1,89,260,261,-1,89,261,91,-1,91,261,262,-1,91,262,93,-1,93,262,263,-1,93,263,94,-1,94,263,264,-1,94,264,56,-1,56,264,265,-1,56,265,58,-1,58,265,266,-1,58,266,60,-1,60,266,267,-1,60,267,62,-1,64,62,268,-1,268,62,267,-1,64,268,269,-1,64,269,140,-1,140,269,270,-1,140,270,137,-1,137,270,271,-1,137,271,151,-1,151,271,272,-1,151,272,145,-1,145,272,273,-1,145,273,146,-1,146,273,274,-1,146,274,148,-1,148,274,275,-1,148,275,149,-1,149,275,276,-1,149,276,150,-1,150,276,277,-1,150,277,147,-1,147,277,278,-1,147,278,142,-1,142,278,279,-1,142,279,143,-1,143,279,280,-1,143,280,144,-1,144,280,281,-1,144,281,138,-1,138,281,282,-1,138,282,139,-1,139,282,283,-1,139,283,141,-1,141,283,284,-1,141,284,65,-1,65,284,285,-1,65,285,63,-1,61,63,286,-1,286,63,285,-1,61,286,287,-1,61,287,59,-1,59,287,288,-1,59,288,57,-1,57,288,289,-1,57,289,55,-1,55,289,290,-1,55,290,92,-1,92,290,291,-1,92,291,90,-1,90,291,152,-1,90,152,88,-1,129,292,293,-1,129,293,131,-1,131,293,294,-1,131,294,133,-1,133,294,295,-1,133,295,135,-1,135,295,296,-1,135,296,136,-1,136,296,297,-1,136,297,78,-1,78,297,298,-1,78,298,79,-1,79,298,299,-1,79,299,80,-1,80,299,300,-1,80,300,81,-1,81,300,301,-1,81,301,54,-1,54,301,302,-1,54,302,53,-1,53,302,303,-1,53,303,52,-1,52,303,304,-1,52,304,50,-1,50,304,305,-1,50,305,48,-1,48,305,306,-1,48,306,22,-1,22,306,307,-1,22,307,20,-1,20,307,308,-1,20,308,19,-1,19,308,309,-1,19,309,45,-1,45,309,310,-1,45,310,44,-1,44,310,311,-1,44,311,43,-1,43,311,312,-1,43,312,118,-1,118,312,313,-1,118,313,119,-1,119,313,314,-1,119,314,121,-1,121,314,315,-1,121,315,123,-1,123,315,316,-1,123,316,125,-1,125,316,317,-1,125,317,127,-1,127,317,292,-1,127,292,129,-1,
        ]
    }
}
Shape{
    appearance Appearance {
        material  Material 	{
            diffuseColor 0.6470588235294118 0.6470588235294118 0.6470588235294118
            specularColor 0.3215686274509804 0.3215686274509804 0.3215686274509804
            ambientIntensity 0.2
            transparency 0
            shininess 0.5
        }
    }
    geometry IndexedFaceSet {
        ccw TRUE
        solid FALSE
        coord DEF co Coordinate {
            point [
                1.437 -0.5049 2.2092, 1.437 -0.4986 2.2086, 1.437 -0.4986 2.2752, 1.437 -0.4911 2.2094, 1.437 -0.4655 2.2458, 1.437 -0.4655 2.2382, 1.437 -0.4836 2.2121, 1.437 -0.5134 2.2717, 1.437 -0.5255 2.2223, 1.437 -0.5199 2.2163, 1.437 -0.4674 2.2537, 1.437 -0.4711 2.2607, 1.437 -0.4765 2.2669, 1.437 -0.5294 2.2293, 1.437 -0.5202 2.2672, 1.437 -0.5315 2.237, 1.437 -0.5059 2.2744, 1.437 -0.5129 2.2119, 1.437 -0.477 2.2165, 1.437 -0.4714 2.2227, 1.437 -0.4675 2.23, 1.437 -0.4834 2.2715, 1.437 -0.4913 2.2744, 1.437 -0.5317 2.2454, 1.437 -0.5258 2.261, 1.437 -0.5297 2.2536, 1.437 -0.5297 2.2536
            ]
        }
        coordIndex [
            0,1,2,-1,2,1,3,-1,4,3,5,-1,5,3,6,-1,7,8,9,-1,4,10,3,-1,3,10,11,-1,3,11,12,-1,8,7,13,-1,13,7,14,-1,13,14,15,-1,2,16,0,-1,0,16,7,-1,0,7,17,-1,17,7,9,-1,6,18,5,-1,5,18,19,-1,5,19,20,-1,12,21,3,-1,3,21,22,-1,3,22,2,-1,15,14,23,-1,23,14,24,-1,23,24,25,-1,
        ]
    }
}