#VRML V2.0 utf8
# 3D model generated by easyeda2kicad.py (https://github.com/uPesy/easyeda2kicad.py)

Shape{
    appearance Appearance {
        material  Material 	{
            diffuseColor 1.0 1.0 1.0
            specularColor 0.5019607843137255 0.5019607843137255 0.5019607843137255
            ambientIntensity 0.2
            transparency 0
            shininess 0.5
        }
    }
    geometry IndexedFaceSet {
        ccw TRUE
        solid FALSE
        coord DEF co Coordinate {
            point [
                -2.5863 -0.2565 -0.1969, -2.5886 -0.2334 -0.1969, -2.6673 -0.2334 -0.1969, -2.6649 -0.2642 -0.1969, -2.6577 -0.2943 -0.1969, -2.5796 -0.2786 -0.1969, -2.6459 -0.3228 -0.1969, -2.5687 -0.299 -0.1969, -2.6297 -0.3491 -0.1969, -2.554 -0.3169 -0.1969, -2.6097 -0.3726 -0.1969, -2.5886 0.315 -0.1969, -2.6673 0.315 -0.1969, -2.4446 -0.6192 -0.1969, -2.3659 -0.6192 -0.1969, -2.447 -0.5884 -0.1969, -2.3682 -0.5832 -0.1969, -2.4542 -0.5584 -0.1969, -2.4466 -0.4243 -0.1969, -2.5023 -0.48 -0.1969, -2.4228 -0.4514 -0.1969, -2.4822 -0.5035 -0.1969, -2.4028 -0.4814 -0.1969, -2.4661 -0.5298 -0.1969, -2.3868 -0.5137 -0.1969, -2.3753 -0.5479 -0.1969, -2.3659 -0.7345 -0.1969, -2.3659 -0.6192 -0.3937, -2.3659 -0.7345 -0.3937, -2.3682 -0.5832 -0.3937, -2.3753 -0.5479 -0.3937, -2.3868 -0.5137 -0.3937, -2.4028 -0.4814 -0.3937, -2.4228 -0.4514 -0.3937, -2.4466 -0.4243 -0.3937, -2.554 -0.3169 -0.3937, -2.5687 -0.299 -0.3937, -2.5796 -0.2786 -0.3937, -2.5863 -0.2565 -0.3937, -2.5886 -0.2334 -0.3937, -2.5886 0.315 -0.3937, -2.6673 0.315 -0.3937, -2.6673 -0.2334 -0.3937, -2.6649 -0.2642 -0.3937, -2.6577 -0.2943 -0.3937, -2.6459 -0.3228 -0.3937, -2.6297 -0.3491 -0.3937, -2.6097 -0.3726 -0.3937, -2.5023 -0.48 -0.3937, -2.4822 -0.5035 -0.3937, -2.4661 -0.5298 -0.3937, -2.4542 -0.5584 -0.3937, -2.447 -0.5884 -0.3937, -2.4446 -0.6192 -0.3937, -2.4446 -0.7345 -0.3937, -2.4446 -0.7345 -0.1969, 2.554 -0.3169 -0.1969, 2.6097 -0.3726 -0.1969, 2.5687 -0.299 -0.1969, 2.6297 -0.3491 -0.1969, 2.5796 -0.2786 -0.1969, 2.6673 -0.2334 -0.1969, 2.5886 -0.2334 -0.1969, 2.6649 -0.2642 -0.1969, 2.5863 -0.2565 -0.1969, 2.6577 -0.2943 -0.1969, 2.6459 -0.3228 -0.1969, 2.5886 0.315 -0.1969, 2.6673 0.315 -0.1969, 2.5023 -0.48 -0.1969, 2.4466 -0.4243 -0.1969, 2.4822 -0.5035 -0.1969, 2.4228 -0.4514 -0.1969, 2.4661 -0.5298 -0.1969, 2.3659 -0.6192 -0.1969, 2.4446 -0.6192 -0.1969, 2.3682 -0.5832 -0.1969, 2.447 -0.5884 -0.1969, 2.3753 -0.5479 -0.1969, 2.4542 -0.5584 -0.1969, 2.3868 -0.5137 -0.1969, 2.4028 -0.4814 -0.1969, 2.3659 -0.7345 -0.1969, 2.3659 -0.7345 -0.3937, 2.3659 -0.6192 -0.3937, 2.4466 -0.4243 -0.3937, 2.4228 -0.4514 -0.3937, 2.4028 -0.4814 -0.3937, 2.3868 -0.5137 -0.3937, 2.3753 -0.5479 -0.3937, 2.3682 -0.5832 -0.3937, 2.554 -0.3169 -0.3937, 2.5886 -0.2334 -0.3937, 2.5863 -0.2565 -0.3937, 2.5796 -0.2786 -0.3937, 2.5687 -0.299 -0.3937, 2.5886 0.315 -0.3937, 2.6673 0.315 -0.3937, 2.6673 -0.2334 -0.3937, 2.6097 -0.3726 -0.3937, 2.6297 -0.3491 -0.3937, 2.6459 -0.3228 -0.3937, 2.6577 -0.2943 -0.3937, 2.6649 -0.2642 -0.3937, 2.5023 -0.48 -0.3937, 2.4446 -0.6192 -0.3937, 2.447 -0.5884 -0.3937, 2.4542 -0.5584 -0.3937, 2.4661 -0.5298 -0.3937, 2.4822 -0.5035 -0.3937, 2.4446 -0.7345 -0.1969, 2.4446 -0.7345 -0.3937, 0.4567 -0.7677 -0.6063, 0.4567 -1.1614 -0.6063, 0.3307 -0.7677 -0.6063, 0.3307 -1.1614 -0.6063, 0.4567 -0.7677 -0.5118, 0.3307 -0.7677 -0.5118, 0.4567 -1.1614 -0.5118, 0.3307 -1.1614 -0.5118, 0.8898 -0.7677 -0.6063, 0.8898 -1.1614 -0.6063, 0.7638 -0.7677 -0.6063, 0.7638 -1.1614 -0.6063, 0.8898 -0.7677 -0.5118, 0.7638 -0.7677 -0.5118, 0.8898 -1.1614 -0.5118, 0.7638 -1.1614 -0.5118, 1.3228 -0.7677 -0.6063, 1.3228 -1.1614 -0.6063, 1.1969 -0.7677 -0.6063, 1.1969 -1.1614 -0.6063, 1.3228 -0.7677 -0.5118, 1.1969 -0.7677 -0.5118, 1.3228 -1.1614 -0.5118, 1.1969 -1.1614 -0.5118, 1.1969 -1.1614 -0.5118
            ]
        }
        coordIndex [
            0,1,2,-1,2,3,0,-1,0,3,4,-1,0,4,5,-1,5,4,6,-1,5,6,7,-1,7,6,8,-1,7,8,9,-1,9,8,10,-1,1,11,2,-1,2,11,12,-1,13,14,15,-1,15,14,16,-1,15,16,17,-1,18,19,20,-1,20,19,21,-1,20,21,22,-1,22,21,23,-1,22,23,24,-1,24,23,17,-1,24,17,25,-1,25,17,16,-1,18,9,19,-1,19,9,10,-1,14,26,27,-1,27,26,28,-1,14,27,29,-1,14,29,16,-1,16,29,30,-1,16,30,25,-1,25,30,31,-1,25,31,24,-1,24,31,32,-1,24,32,22,-1,22,32,33,-1,22,33,20,-1,20,33,34,-1,20,34,18,-1,9,18,35,-1,35,18,34,-1,9,35,7,-1,7,35,36,-1,7,36,5,-1,5,36,37,-1,5,37,0,-1,0,37,38,-1,0,38,1,-1,1,38,39,-1,11,1,40,-1,40,1,39,-1,41,12,40,-1,40,12,11,-1,42,2,41,-1,41,2,12,-1,2,42,43,-1,2,43,3,-1,3,43,44,-1,3,44,4,-1,4,44,45,-1,4,45,6,-1,6,45,46,-1,6,46,8,-1,8,46,47,-1,8,47,10,-1,48,19,47,-1,47,19,10,-1,19,48,21,-1,21,48,49,-1,21,49,23,-1,23,49,50,-1,23,50,17,-1,17,50,51,-1,17,51,15,-1,15,51,52,-1,15,52,13,-1,13,52,53,-1,54,55,53,-1,53,55,13,-1,28,26,54,-1,54,26,55,-1,13,55,14,-1,14,55,26,-1,41,40,42,-1,42,40,39,-1,42,39,43,-1,43,39,38,-1,43,38,44,-1,44,38,37,-1,44,37,45,-1,45,37,46,-1,46,37,36,-1,46,36,47,-1,47,36,35,-1,47,35,48,-1,48,35,34,-1,48,34,49,-1,49,34,33,-1,49,33,50,-1,33,32,50,-1,50,32,31,-1,50,31,51,-1,51,31,30,-1,51,30,52,-1,52,30,29,-1,52,29,53,-1,53,29,27,-1,53,27,54,-1,54,27,28,-1,56,57,58,-1,58,57,59,-1,58,59,60,-1,61,62,63,-1,63,62,64,-1,63,64,65,-1,65,64,60,-1,65,60,66,-1,66,60,59,-1,67,62,68,-1,68,62,61,-1,69,70,71,-1,71,70,72,-1,71,72,73,-1,74,75,76,-1,76,75,77,-1,76,77,78,-1,78,77,79,-1,78,79,80,-1,80,79,73,-1,80,73,81,-1,81,73,72,-1,56,70,57,-1,57,70,69,-1,82,74,83,-1,83,74,84,-1,70,85,86,-1,70,86,72,-1,72,86,87,-1,72,87,81,-1,81,87,88,-1,81,88,80,-1,80,88,89,-1,80,89,78,-1,78,89,90,-1,78,90,76,-1,76,90,84,-1,76,84,74,-1,70,56,85,-1,85,56,91,-1,62,92,64,-1,64,92,93,-1,64,93,60,-1,60,93,94,-1,60,94,58,-1,58,94,95,-1,58,95,56,-1,56,95,91,-1,62,67,92,-1,92,67,96,-1,68,97,67,-1,67,97,96,-1,61,98,68,-1,68,98,97,-1,57,99,100,-1,57,100,59,-1,59,100,101,-1,59,101,66,-1,66,101,102,-1,66,102,65,-1,65,102,103,-1,65,103,63,-1,63,103,98,-1,63,98,61,-1,69,104,57,-1,57,104,99,-1,75,105,77,-1,77,105,106,-1,77,106,79,-1,79,106,107,-1,79,107,73,-1,73,107,108,-1,73,108,71,-1,71,108,109,-1,71,109,69,-1,69,109,104,-1,110,111,75,-1,75,111,105,-1,82,83,110,-1,110,83,111,-1,110,75,82,-1,82,75,74,-1,96,97,92,-1,92,97,98,-1,92,98,93,-1,93,98,103,-1,93,103,94,-1,103,102,94,-1,94,102,101,-1,94,101,95,-1,95,101,100,-1,95,100,91,-1,91,100,99,-1,91,99,85,-1,85,99,104,-1,85,104,86,-1,86,104,109,-1,86,109,87,-1,87,109,108,-1,87,108,88,-1,88,108,107,-1,111,83,105,-1,105,83,84,-1,105,84,106,-1,106,84,90,-1,106,90,107,-1,107,90,89,-1,107,89,88,-1,112,113,114,-1,114,113,115,-1,116,112,117,-1,117,112,114,-1,113,118,115,-1,115,118,119,-1,116,118,112,-1,112,118,113,-1,119,117,115,-1,115,117,114,-1,119,118,117,-1,117,118,116,-1,120,121,122,-1,122,121,123,-1,124,120,125,-1,125,120,122,-1,121,126,123,-1,123,126,127,-1,124,126,120,-1,120,126,121,-1,127,125,123,-1,123,125,122,-1,127,126,125,-1,125,126,124,-1,128,129,130,-1,130,129,131,-1,132,128,133,-1,133,128,130,-1,129,134,131,-1,131,134,135,-1,132,134,128,-1,128,134,129,-1,135,133,131,-1,131,133,130,-1,135,134,133,-1,133,134,132,-1,
        ]
    }
}
Shape{
    appearance Appearance {
        material  Material 	{
            diffuseColor 1.0 1.0 0.0
            specularColor 0.5019607843137255 0.5019607843137255 0.0
            ambientIntensity 0.2
            transparency 0
            shininess 0.5
        }
    }
    geometry IndexedFaceSet {
        ccw TRUE
        solid FALSE
        coord DEF co Coordinate {
            point [
                -2.5453 2.5591 -0.5906, -2.5453 2.6378 -0.5906, -2.3917 2.5591 -0.5906, -2.1555 2.6378 -0.5906, -2.3917 2.1654 -0.5906, -2.1555 1.6142 -0.5906, -2.5453 2.1654 -0.5906, -2.5453 1.6142 -0.5906, -2.5453 2.1654 -0.5512, -2.5453 1.6142 -0.5512, -2.3917 2.1654 -0.5512, -2.1555 1.6142 -0.5512, -2.3917 2.5591 -0.5512, -2.1555 2.6378 -0.5512, -2.5453 2.5591 -0.5512, -2.5453 2.6378 -0.5512, -2.5463 2.1654 -0.551, -2.5565 2.1654 -0.5891, -2.5472 2.1654 -0.5507, -2.5669 2.1654 -0.5847, -2.5481 2.1654 -0.55, -2.5759 2.1654 -0.5779, -2.5487 2.1654 -0.5492, -2.5828 2.1654 -0.5689, -2.5491 2.1654 -0.5483, -2.5871 2.1654 -0.5585, -2.5492 2.1654 -0.5472, -2.5886 2.1654 -0.5472, -2.5492 1.6142 -0.5472, -2.5886 1.6142 -0.5472, -2.5491 1.6142 -0.5483, -2.5871 1.6142 -0.5585, -2.5487 1.6142 -0.5492, -2.5828 1.6142 -0.5689, -2.5481 1.6142 -0.55, -2.5759 1.6142 -0.5779, -2.5472 1.6142 -0.5507, -2.5669 1.6142 -0.5847, -2.5463 1.6142 -0.551, -2.5565 1.6142 -0.5891, -2.5492 1.6142 0.1181, -2.5886 1.6142 0.1181, -2.5492 2.1654 0.0394, -2.5886 2.1654 0.0394, -2.5886 2.6378 0.1181, -2.5886 2.6378 -0.5472, -2.5886 2.5591 -0.5472, -2.5886 2.5591 0.0394, -2.5492 2.5591 -0.5472, -2.5492 2.6378 -0.5472, -2.5492 2.5591 0.0394, -2.5492 2.6378 0.1181, -2.5462 2.6378 -0.5511, -2.5549 2.6378 -0.5895, -2.547 2.6378 -0.5508, -2.5641 2.6378 -0.5863, -2.5477 2.6378 -0.5503, -2.5723 2.6378 -0.5811, -2.5484 2.6378 -0.5497, -2.5791 2.6378 -0.5742, -2.5488 2.6378 -0.549, -2.5843 2.6378 -0.566, -2.5491 2.6378 -0.5481, -2.5875 2.6378 -0.5569, -2.5491 2.5591 -0.5481, -2.5875 2.5591 -0.5569, -2.5488 2.5591 -0.549, -2.5843 2.5591 -0.566, -2.5484 2.5591 -0.5497, -2.5791 2.5591 -0.5742, -2.5477 2.5591 -0.5503, -2.5723 2.5591 -0.5811, -2.547 2.5591 -0.5508, -2.5641 2.5591 -0.5863, -2.5462 2.5591 -0.5511, -2.5549 2.5591 -0.5895, 2.5453 2.1654 -0.5906, 2.5453 1.6142 -0.5906, 2.3917 2.1654 -0.5906, 2.1555 1.6142 -0.5906, 2.3917 2.5591 -0.5906, 2.1555 2.6378 -0.5906, 2.5453 2.5591 -0.5906, 2.5453 2.6378 -0.5906, 2.5453 2.5591 -0.5512, 2.5453 2.6378 -0.5512, 2.3917 2.5591 -0.5512, 2.1555 2.6378 -0.5512, 2.3917 2.1654 -0.5512, 2.1555 1.6142 -0.5512, 2.5453 2.1654 -0.5512, 2.5453 1.6142 -0.5512, 2.5492 2.1654 -0.5472, 2.5886 2.1654 -0.5472, 2.5491 2.1654 -0.5483, 2.5871 2.1654 -0.5585, 2.5487 2.1654 -0.5492, 2.5828 2.1654 -0.5689, 2.5481 2.1654 -0.55, 2.5759 2.1654 -0.5779, 2.5472 2.1654 -0.5507, 2.5669 2.1654 -0.5847, 2.5463 2.1654 -0.551, 2.5565 2.1654 -0.5891, 2.5463 1.6142 -0.551, 2.5565 1.6142 -0.5891, 2.5472 1.6142 -0.5507, 2.5669 1.6142 -0.5847, 2.5481 1.6142 -0.55, 2.5759 1.6142 -0.5779, 2.5487 1.6142 -0.5492, 2.5828 1.6142 -0.5689, 2.5491 1.6142 -0.5483, 2.5871 1.6142 -0.5585, 2.5492 1.6142 -0.5472, 2.5886 1.6142 -0.5472, 2.5886 1.6142 0.1181, 2.5492 1.6142 0.1181, 2.5492 2.1654 0.0394, 2.5886 2.1654 0.0394, 2.5886 2.5591 -0.5472, 2.5886 2.6378 -0.5472, 2.5886 2.5591 0.0394, 2.5886 2.6378 0.1181, 2.5492 2.6378 0.1181, 2.5492 2.6378 -0.5472, 2.5492 2.5591 -0.5472, 2.5492 2.5591 0.0394, 2.5491 2.6378 -0.5481, 2.5875 2.6378 -0.5569, 2.5488 2.6378 -0.549, 2.5843 2.6378 -0.566, 2.5484 2.6378 -0.5497, 2.5791 2.6378 -0.5742, 2.5477 2.6378 -0.5503, 2.5723 2.6378 -0.5811, 2.547 2.6378 -0.5508, 2.5641 2.6378 -0.5863, 2.5462 2.6378 -0.5511, 2.5549 2.6378 -0.5895, 2.5462 2.5591 -0.5511, 2.5549 2.5591 -0.5895, 2.547 2.5591 -0.5508, 2.5641 2.5591 -0.5863, 2.5477 2.5591 -0.5503, 2.5723 2.5591 -0.5811, 2.5484 2.5591 -0.5497, 2.5791 2.5591 -0.5742, 2.5488 2.5591 -0.549, 2.5843 2.5591 -0.566, 2.5491 2.5591 -0.5481, 2.5875 2.5591 -0.5569, 2.5875 2.5591 -0.5569
            ]
        }
        coordIndex [
            0,1,2,-1,2,1,3,-1,2,3,4,-1,4,3,5,-1,4,5,6,-1,6,5,7,-1,8,9,10,-1,10,9,11,-1,10,11,12,-1,12,11,13,-1,12,13,14,-1,14,13,15,-1,2,12,0,-1,0,12,14,-1,13,3,15,-1,15,3,1,-1,5,11,7,-1,7,11,9,-1,10,4,8,-1,8,4,6,-1,5,3,11,-1,11,3,13,-1,2,4,12,-1,12,4,10,-1,8,6,16,-1,16,6,17,-1,16,17,18,-1,18,17,19,-1,18,19,20,-1,20,19,21,-1,20,21,22,-1,22,21,23,-1,22,23,24,-1,24,23,25,-1,24,25,26,-1,26,25,27,-1,28,29,30,-1,30,29,31,-1,30,31,32,-1,32,31,33,-1,32,33,34,-1,34,33,35,-1,34,35,36,-1,36,35,37,-1,36,37,38,-1,38,37,39,-1,38,39,9,-1,9,39,7,-1,6,7,39,-1,6,39,17,-1,17,39,37,-1,17,37,19,-1,19,37,35,-1,19,35,21,-1,21,35,33,-1,21,33,23,-1,23,33,31,-1,23,31,25,-1,25,31,29,-1,25,29,27,-1,26,28,24,-1,24,28,30,-1,24,30,22,-1,22,30,32,-1,22,32,20,-1,20,32,34,-1,20,34,18,-1,18,34,36,-1,18,36,16,-1,16,36,38,-1,16,38,8,-1,8,38,9,-1,40,41,28,-1,28,41,29,-1,42,26,43,-1,43,26,27,-1,43,27,29,-1,44,45,46,-1,46,47,44,-1,44,47,43,-1,44,43,41,-1,41,43,29,-1,48,49,50,-1,50,49,51,-1,50,51,42,-1,42,51,40,-1,42,40,26,-1,26,40,28,-1,44,41,51,-1,51,41,40,-1,15,1,52,-1,52,1,53,-1,52,53,54,-1,54,53,55,-1,54,55,56,-1,56,55,57,-1,56,57,58,-1,58,57,59,-1,58,59,60,-1,60,59,61,-1,60,61,62,-1,62,61,63,-1,62,63,49,-1,49,63,45,-1,48,46,64,-1,64,46,65,-1,64,65,66,-1,66,65,67,-1,66,67,68,-1,68,67,69,-1,68,69,70,-1,70,69,71,-1,70,71,72,-1,72,71,73,-1,72,73,74,-1,74,73,75,-1,74,75,14,-1,14,75,0,-1,1,0,75,-1,1,75,53,-1,53,75,73,-1,53,73,55,-1,55,73,71,-1,55,71,57,-1,57,71,69,-1,57,69,59,-1,59,69,67,-1,59,67,61,-1,61,67,65,-1,61,65,63,-1,63,65,46,-1,63,46,45,-1,49,48,62,-1,62,48,64,-1,62,64,60,-1,60,64,66,-1,60,66,58,-1,58,66,68,-1,58,68,56,-1,56,68,70,-1,56,70,54,-1,54,70,72,-1,54,72,52,-1,52,72,74,-1,52,74,15,-1,15,74,14,-1,47,46,50,-1,50,46,48,-1,44,51,45,-1,45,51,49,-1,42,43,50,-1,50,43,47,-1,76,77,78,-1,78,77,79,-1,78,79,80,-1,80,79,81,-1,80,81,82,-1,82,81,83,-1,84,85,86,-1,86,85,87,-1,86,87,88,-1,88,87,89,-1,88,89,90,-1,90,89,91,-1,86,80,84,-1,84,80,82,-1,81,87,83,-1,83,87,85,-1,89,79,91,-1,91,79,77,-1,78,88,76,-1,76,88,90,-1,81,79,87,-1,87,79,89,-1,78,80,88,-1,88,80,86,-1,92,93,94,-1,94,93,95,-1,94,95,96,-1,96,95,97,-1,96,97,98,-1,98,97,99,-1,98,99,100,-1,100,99,101,-1,100,101,102,-1,102,101,103,-1,102,103,90,-1,90,103,76,-1,91,77,104,-1,104,77,105,-1,104,105,106,-1,106,105,107,-1,106,107,108,-1,108,107,109,-1,108,109,110,-1,110,109,111,-1,110,111,112,-1,112,111,113,-1,112,113,114,-1,114,113,115,-1,93,115,113,-1,93,113,95,-1,95,113,111,-1,95,111,97,-1,97,111,109,-1,97,109,99,-1,99,109,107,-1,99,107,101,-1,101,107,105,-1,101,105,103,-1,103,105,77,-1,103,77,76,-1,90,91,102,-1,102,91,104,-1,102,104,100,-1,100,104,106,-1,100,106,98,-1,98,106,108,-1,98,108,96,-1,96,108,110,-1,96,110,94,-1,94,110,112,-1,94,112,92,-1,92,112,114,-1,116,117,115,-1,115,117,114,-1,92,118,93,-1,93,118,119,-1,120,121,122,-1,122,121,123,-1,122,123,119,-1,119,123,116,-1,119,116,93,-1,93,116,115,-1,118,92,114,-1,124,125,126,-1,126,127,124,-1,124,127,118,-1,124,118,117,-1,117,118,114,-1,116,123,117,-1,117,123,124,-1,125,121,128,-1,128,121,129,-1,128,129,130,-1,130,129,131,-1,130,131,132,-1,132,131,133,-1,132,133,134,-1,134,133,135,-1,134,135,136,-1,136,135,137,-1,136,137,138,-1,138,137,139,-1,138,139,85,-1,85,139,83,-1,84,82,140,-1,140,82,141,-1,140,141,142,-1,142,141,143,-1,142,143,144,-1,144,143,145,-1,144,145,146,-1,146,145,147,-1,146,147,148,-1,148,147,149,-1,148,149,150,-1,150,149,151,-1,150,151,126,-1,126,151,120,-1,121,120,151,-1,121,151,129,-1,129,151,149,-1,129,149,131,-1,131,149,147,-1,131,147,133,-1,133,147,145,-1,133,145,135,-1,135,145,143,-1,135,143,137,-1,137,143,141,-1,137,141,139,-1,139,141,82,-1,139,82,83,-1,85,84,138,-1,138,84,140,-1,138,140,136,-1,136,140,142,-1,136,142,134,-1,134,142,144,-1,134,144,132,-1,132,144,146,-1,132,146,130,-1,130,146,148,-1,130,148,128,-1,128,148,150,-1,128,150,125,-1,125,150,126,-1,120,122,126,-1,126,122,127,-1,124,123,125,-1,125,123,121,-1,119,118,122,-1,122,118,127,-1,
        ]
    }
}
Shape{
    appearance Appearance {
        material  Material 	{
            diffuseColor 0.2235294117647059 0.2235294117647059 0.2235294117647059
            specularColor 0.11372549019607843 0.11372549019607843 0.11372549019607843
            ambientIntensity 0.2
            transparency 0
            shininess 0.5
        }
    }
    geometry IndexedFaceSet {
        ccw TRUE
        solid FALSE
        coord DEF co Coordinate {
            point [
                1.8209 2.6378 -0.0787, 1.8209 2.6378 -0.5512, 1.8209 0.5118 -0.0787, 1.8209 0.5118 -0.5512, 2.2343 1.6929 -0.5512, 2.2343 1.6929 -0.4724, 2.2436 1.6929 -0.4724, 2.2436 1.6929 -0.0787, 2.4902 1.6929 -0.0787, 2.4902 1.6929 -0.5512, 2.2343 1.7952 -0.4724, 2.2343 2.4803 -0.5512, 2.2343 1.7952 -0.0787, 2.2343 2.4803 -0.0787, 2.4902 2.4803 -0.0787, 2.4902 2.4803 -0.5512, -1.9193 -0.9843 -0.5512, -1.9193 -0.9843 -0.5906, -1.8346 -0.9843 -0.5512, -1.8346 -0.9843 -0.5906, -1.7087 -0.9843 -0.5906, -1.4016 -0.9843 -0.5906, -1.7087 -0.9843 -0.5512, -1.4016 -0.9843 -0.5512, 1.8602 -1.2598 -0.5512, 1.8602 -2.6378 -0.5512, 2.2933 -2.6378 -0.5512, -1.9193 0.4724 -0.5512, -0.1024 -0.7677 -0.5512, 1.624 0.4724 -0.5512, 0.0236 -0.7677 -0.5512, -2.1161 -2.6378 -0.5512, -1.9193 -2.6378 -0.5512, 0.0236 -0.9843 -0.5512, 1.5846 -0.9843 -0.5512, -1.8346 -0.7677 -0.5512, -2.1161 2.6378 -0.5512, 2.2933 0.5118 -0.5512, -0.4094 -0.7677 -0.5512, -0.4094 -0.9843 -0.5512, -0.1024 -0.9843 -0.5512, 1.624 2.2441 -0.5512, -1.9193 2.2441 -0.5512, -1.7087 -0.7677 -0.5512, -1.4016 -0.7677 -0.5512, -1.2756 -0.7677 -0.5512, -1.2756 -0.9843 -0.5512, -0.9685 -0.9843 -0.5512, -0.9685 -0.7677 -0.5512, -0.8425 -0.7677 -0.5512, -0.8425 -0.9843 -0.5512, -0.5354 -0.9843 -0.5512, -0.5354 -0.7677 -0.5512, -1.2756 -0.9843 -0.5906, -0.9685 -0.9843 -0.5906, -0.8425 -0.9843 -0.5906, -0.5354 -0.9843 -0.5906, -0.4094 -0.9843 -0.5906, -0.1024 -0.9843 -0.5906, 2.3236 0.0106 -0.5906, 2.5886 0.0106 -0.5906, 2.5886 -0.1325 -0.5906, -2.5886 -2.6378 -0.5906, -2.5886 -2.3622 -0.5906, -1.9193 -2.6378 -0.5906, -2.4803 -2.3622 -0.5906, -2.3233 -0.1325 -0.5906, -2.5886 -0.1325 -0.5906, -2.5886 0.0106 -0.5906, 2.4902 1.6142 -0.5906, 2.4902 1.5748 -0.5906, 1.624 0.4724 -0.5906, 2.5886 1.5748 -0.5906, 2.5886 1.4567 -0.5906, 1.5846 -0.9843 -0.5906, 0.0236 -0.9843 -0.5906, 0.0236 -0.7677 -0.5906, -0.4094 -0.7677 -0.5906, -0.5354 -0.7677 -0.5906, -1.9193 0.4724 -0.5906, -2.5886 -1.811 -0.5906, -2.5886 -1.0791 -0.5906, -2.4803 -1.811 -0.5906, -2.3233 -1.0791 -0.5906, -1.7087 -0.7677 -0.5906, -1.8346 -0.7677 -0.5906, 2.4803 1.4567 -0.5906, 2.4803 0.9827 -0.5906, 2.3236 0.9827 -0.5906, 2.3233 -1.0791 -0.5906, 2.5886 -1.0791 -0.5906, 2.5886 -1.811 -0.5906, -0.1024 -0.7677 -0.5906, 2.5886 -2.3622 -0.5906, 2.5886 -2.6378 -0.5906, 2.4803 -2.3622 -0.5906, 1.8602 -2.6378 -0.5906, 2.4803 -1.811 -0.5906, 1.8602 -1.2598 -0.5906, -0.9685 -0.7677 -0.5906, -1.9193 2.2441 -0.5906, -2.3236 0.9827 -0.5906, -2.3236 0.0106 -0.5906, 2.3233 -0.1325 -0.5906, -1.2756 -0.7677 -0.5906, -1.4016 -0.7677 -0.5906, -2.4902 1.6142 -0.5906, -2.1555 1.6142 -0.5906, -2.4902 1.5748 -0.5906, -2.4803 1.4567 -0.5906, -2.5886 1.5748 -0.5906, -2.5886 1.4567 -0.5906, -0.8425 -0.7677 -0.5906, -2.4803 0.9827 -0.5906, -2.1555 2.6378 -0.5906, 1.624 2.2441 -0.5906, 2.1555 2.6378 -0.5906, 2.1555 1.6142 -0.5906, 2.5886 0.0106 -0.0827, 2.5886 -0.1325 -0.0827, 2.5886 -1.811 -0.5118, 2.5886 -1.0791 -0.0827, 2.5886 -2.3622 -0.5118, 2.5886 -2.6378 -0.0827, 2.5884 0.0106 -0.0817, 2.5884 -0.1325 -0.0817, 2.5881 0.0106 -0.0807, 2.5881 -0.1325 -0.0807, 2.5874 0.0106 -0.0799, 2.5874 -0.1325 -0.0799, 2.5866 0.0106 -0.0793, 2.5866 -0.1325 -0.0793, 2.5857 0.0106 -0.0789, 2.5857 -0.1325 -0.0789, 2.5846 0.0106 -0.0787, 2.5846 -0.1325 -0.0787, 2.5884 -1.0791 -0.0817, 2.5884 -2.6378 -0.0817, 2.5881 -1.0791 -0.0807, 2.5881 -2.6378 -0.0807, 2.5874 -1.0791 -0.0799, 2.5874 -2.6378 -0.0799, 2.5866 -1.0791 -0.0793, 2.5866 -2.6378 -0.0793, 2.5857 -1.0791 -0.0789, 2.5857 -2.6378 -0.0789, 2.5846 -1.0791 -0.0787, 2.5846 -2.6378 -0.0787, -2.5846 0.9827 -0.0787, -2.5846 1.5748 -0.0787, -2.5857 1.5748 -0.0789, -2.5857 0.9827 -0.0789, -2.5866 1.5748 -0.0793, -2.5866 0.9827 -0.0793, -2.5874 1.5748 -0.0799, -2.5874 0.9827 -0.0799, -2.5881 1.5748 -0.0807, -2.5881 0.9827 -0.0807, -2.5884 1.5748 -0.0817, -2.5884 0.9827 -0.0817, -2.5886 1.5748 -0.0827, -2.5886 0.9827 -0.0827, -2.5846 -2.6378 -0.0787, -2.5846 -1.0791 -0.0787, -2.5857 -1.0791 -0.0789, -2.5857 -2.6378 -0.0789, -2.5866 -1.0791 -0.0793, -2.5866 -2.6378 -0.0793, -2.5874 -1.0791 -0.0799, -2.5874 -2.6378 -0.0799, -2.5881 -1.0791 -0.0807, -2.5881 -2.6378 -0.0807, -2.5884 -1.0791 -0.0817, -2.5884 -2.6378 -0.0817, -2.5886 -1.0791 -0.0827, -2.5886 -2.6378 -0.0827, -2.5886 1.4567 -0.5118, -2.5886 0.9827 -0.5118, -2.5886 -2.3622 -0.5118, -2.5886 -1.811 -0.5118, 2.2933 -2.6378 -0.0787, 2.5886 1.4567 -0.5118, 2.5886 1.5748 -0.0827, 2.5886 0.9827 -0.5118, 2.5886 0.9827 -0.0827, 2.5884 1.5748 -0.0817, 2.5884 0.9827 -0.0817, 2.5881 1.5748 -0.0807, 2.5881 0.9827 -0.0807, 2.5874 1.5748 -0.0799, 2.5874 0.9827 -0.0799, 2.5866 1.5748 -0.0793, 2.5866 0.9827 -0.0793, 2.5857 1.5748 -0.0789, 2.5857 0.9827 -0.0789, 2.5846 1.5748 -0.0787, 2.5846 0.9827 -0.0787, -2.1161 2.6378 -0.0787, -2.4902 2.6378 -0.0787, -2.4902 2.4803 -0.0787, -2.3233 -1.0791 -0.0787, -2.1161 -2.6378 -0.0787, -2.2343 2.4803 -0.0787, -2.2343 1.6929 -0.0787, -2.4902 1.6929 -0.0787, -2.4902 1.5748 -0.0787, -2.5846 0.0106 -0.0787, -2.5846 -0.1325 -0.0787, -2.3236 0.0106 -0.0787, -2.3233 -0.1325 -0.0787, -2.3236 0.9827 -0.0787, 2.3233 -0.1325 -0.0787, 2.2933 0.5118 -0.0787, 2.3233 -1.0791 -0.0787, 2.2436 0.9641 -0.0787, 2.3236 0.9827 -0.0787, 2.4902 1.5748 -0.0787, 1.8848 0.9641 -0.0787, 1.8848 1.7952 -0.0787, 2.3236 0.0106 -0.0787, 1.8848 2.6378 -0.0787, 1.8848 1.9008 -0.0787, 2.1422 1.9008 -0.0787, 2.1422 2.6378 -0.0787, 2.4902 2.6378 -0.0787, -2.5857 0.0106 -0.0789, -2.5857 -0.1325 -0.0789, -2.5866 0.0106 -0.0793, -2.5866 -0.1325 -0.0793, -2.5874 0.0106 -0.0799, -2.5874 -0.1325 -0.0799, -2.5881 0.0106 -0.0807, -2.5881 -0.1325 -0.0807, -2.5884 0.0106 -0.0817, -2.5884 -0.1325 -0.0817, -2.5886 0.0106 -0.0827, -2.5886 -0.1325 -0.0827, -2.1555 2.6378 -0.5512, -2.4902 2.6378 -0.5512, 2.1422 2.6378 -0.4724, 1.8848 2.6378 -0.4724, 2.1555 2.6378 -0.5512, 2.4902 2.6378 -0.5512, -2.4902 2.4803 -0.5512, -2.2343 2.4803 -0.5512, -2.2343 1.6929 -0.5512, -2.4902 1.6929 -0.5512, 2.2436 0.9641 -0.4724, 1.8848 1.7952 -0.4724, 1.8848 0.9641 -0.4724, 2.1422 1.9008 -0.4724, 1.8848 1.9008 -0.4724, -2.4803 0.9827 -0.5118, 2.4803 0.9827 -0.5118, 2.4803 0.9827 -0.5118
            ]
        }
        coordIndex [
            0,1,2,-1,2,1,3,-1,4,5,6,-1,7,8,6,-1,6,8,9,-1,6,9,4,-1,5,4,10,-1,10,4,11,-1,10,11,12,-1,12,11,13,-1,14,13,15,-1,15,13,11,-1,16,17,18,-1,18,17,19,-1,20,21,22,-1,22,21,23,-1,24,25,26,-1,27,28,29,-1,29,28,30,-1,31,32,16,-1,30,33,29,-1,29,33,34,-1,29,34,24,-1,18,35,16,-1,16,35,36,-1,16,36,31,-1,26,37,3,-1,38,39,40,-1,24,26,29,-1,29,26,3,-1,29,3,41,-1,41,3,1,-1,41,1,42,-1,42,1,36,-1,42,36,27,-1,27,36,35,-1,27,35,43,-1,22,23,43,-1,43,23,44,-1,43,44,27,-1,27,44,45,-1,46,47,45,-1,45,47,48,-1,45,48,27,-1,27,48,49,-1,50,51,49,-1,49,51,52,-1,49,52,27,-1,27,52,38,-1,27,38,28,-1,28,38,40,-1,53,54,46,-1,46,54,47,-1,55,56,50,-1,50,56,51,-1,57,58,39,-1,39,58,40,-1,59,60,61,-1,62,63,64,-1,64,63,65,-1,66,67,68,-1,69,70,71,-1,70,72,73,-1,74,75,76,-1,77,78,79,-1,80,81,82,-1,82,81,83,-1,84,85,66,-1,86,87,88,-1,89,90,91,-1,85,19,66,-1,66,19,17,-1,66,17,83,-1,83,17,64,-1,83,64,82,-1,82,64,65,-1,58,57,92,-1,92,57,77,-1,92,77,71,-1,71,77,79,-1,93,94,95,-1,95,94,96,-1,95,96,97,-1,97,96,98,-1,99,54,53,-1,100,79,101,-1,101,79,102,-1,91,97,89,-1,89,97,98,-1,89,98,103,-1,103,98,74,-1,103,74,71,-1,71,74,76,-1,71,76,92,-1,104,105,79,-1,106,107,108,-1,108,107,109,-1,108,109,110,-1,110,109,111,-1,73,86,70,-1,70,86,88,-1,70,88,71,-1,71,88,59,-1,71,59,103,-1,103,59,61,-1,53,104,99,-1,99,104,79,-1,99,79,112,-1,112,79,78,-1,112,78,55,-1,55,78,56,-1,113,109,101,-1,101,109,107,-1,101,107,100,-1,100,107,114,-1,100,114,115,-1,115,114,116,-1,115,116,71,-1,71,116,117,-1,71,117,69,-1,21,20,105,-1,105,20,84,-1,105,84,79,-1,79,84,66,-1,79,66,102,-1,102,66,68,-1,74,34,75,-1,75,34,33,-1,60,118,61,-1,61,118,119,-1,91,90,120,-1,120,90,121,-1,120,121,122,-1,122,121,123,-1,122,123,93,-1,93,123,94,-1,119,118,124,-1,119,124,125,-1,125,124,126,-1,125,126,127,-1,127,126,128,-1,127,128,129,-1,129,128,130,-1,129,130,131,-1,131,130,132,-1,131,132,133,-1,133,132,134,-1,133,134,135,-1,123,121,136,-1,123,136,137,-1,137,136,138,-1,137,138,139,-1,139,138,140,-1,139,140,141,-1,141,140,142,-1,141,142,143,-1,143,142,144,-1,143,144,145,-1,145,144,146,-1,145,146,147,-1,148,149,150,-1,148,150,151,-1,151,150,152,-1,151,152,153,-1,153,152,154,-1,153,154,155,-1,155,154,156,-1,155,156,157,-1,157,156,158,-1,157,158,159,-1,159,158,160,-1,159,160,161,-1,162,163,164,-1,162,164,165,-1,165,164,166,-1,165,166,167,-1,167,166,168,-1,167,168,169,-1,169,168,170,-1,169,170,171,-1,171,170,172,-1,171,172,173,-1,173,172,174,-1,173,174,175,-1,110,111,176,-1,177,161,176,-1,176,161,160,-1,176,160,110,-1,63,62,178,-1,178,62,175,-1,178,175,179,-1,179,175,174,-1,179,174,80,-1,80,174,81,-1,147,180,26,-1,25,96,26,-1,26,96,94,-1,26,94,147,-1,147,94,123,-1,147,123,137,-1,137,139,141,-1,141,143,137,-1,137,143,145,-1,137,145,147,-1,73,72,181,-1,181,72,182,-1,181,182,183,-1,183,182,184,-1,184,182,185,-1,184,185,186,-1,186,185,187,-1,186,187,188,-1,188,187,189,-1,188,189,190,-1,190,189,191,-1,190,191,192,-1,192,191,193,-1,192,193,194,-1,194,193,195,-1,194,195,196,-1,197,198,199,-1,163,162,200,-1,200,162,201,-1,199,202,197,-1,197,202,203,-1,197,203,201,-1,203,204,205,-1,206,207,208,-1,208,207,209,-1,149,148,205,-1,205,148,210,-1,205,210,203,-1,203,210,208,-1,203,208,201,-1,201,208,209,-1,201,209,200,-1,211,212,213,-1,213,212,180,-1,213,180,146,-1,146,180,147,-1,2,212,214,-1,196,195,215,-1,215,195,216,-1,215,216,7,-1,7,216,8,-1,214,217,2,-1,2,217,218,-1,2,218,0,-1,7,214,215,-1,215,214,212,-1,215,212,219,-1,219,212,211,-1,219,211,134,-1,134,211,135,-1,220,0,221,-1,221,0,218,-1,221,218,222,-1,222,218,12,-1,222,12,223,-1,223,12,13,-1,223,13,224,-1,224,13,14,-1,207,206,225,-1,207,225,226,-1,226,225,227,-1,226,227,228,-1,228,227,229,-1,228,229,230,-1,230,229,231,-1,230,231,232,-1,232,231,233,-1,232,233,234,-1,234,233,235,-1,234,235,236,-1,67,236,68,-1,68,236,235,-1,175,62,31,-1,31,62,64,-1,31,64,32,-1,171,173,175,-1,31,201,175,-1,175,201,162,-1,175,162,165,-1,165,167,175,-1,175,167,169,-1,175,169,171,-1,237,238,198,-1,239,223,224,-1,0,220,1,-1,1,220,240,-1,198,197,237,-1,237,197,36,-1,237,36,114,-1,114,36,1,-1,114,1,116,-1,116,1,240,-1,116,240,241,-1,241,240,239,-1,241,239,242,-1,242,239,224,-1,201,31,197,-1,197,31,36,-1,243,244,199,-1,199,244,202,-1,245,203,244,-1,244,203,202,-1,204,203,246,-1,246,203,245,-1,214,7,247,-1,247,7,6,-1,248,10,218,-1,218,10,12,-1,10,248,5,-1,5,248,249,-1,5,249,6,-1,6,249,247,-1,247,249,214,-1,214,249,217,-1,249,248,217,-1,217,248,218,-1,250,222,239,-1,239,222,223,-1,250,251,222,-1,222,251,221,-1,221,251,220,-1,220,251,240,-1,251,250,240,-1,240,250,239,-1,71,29,115,-1,115,29,41,-1,115,41,100,-1,100,41,42,-1,100,42,79,-1,79,42,27,-1,79,27,71,-1,71,27,29,-1,17,16,64,-1,64,16,32,-1,83,81,200,-1,200,81,174,-1,200,174,163,-1,168,174,170,-1,170,174,172,-1,168,166,174,-1,174,166,164,-1,174,164,163,-1,66,83,209,-1,209,83,200,-1,236,67,66,-1,232,234,236,-1,66,209,236,-1,236,209,207,-1,236,207,226,-1,226,228,236,-1,236,228,230,-1,236,230,232,-1,101,102,210,-1,210,102,208,-1,113,101,252,-1,252,101,210,-1,252,210,177,-1,177,210,148,-1,177,148,161,-1,161,148,159,-1,151,153,155,-1,151,155,148,-1,148,155,157,-1,148,157,159,-1,102,68,208,-1,208,68,235,-1,208,235,206,-1,229,235,231,-1,231,235,233,-1,229,227,235,-1,235,227,225,-1,235,225,206,-1,59,88,219,-1,219,88,215,-1,59,219,60,-1,60,219,134,-1,60,134,118,-1,118,134,124,-1,132,130,128,-1,132,128,134,-1,134,128,126,-1,134,126,124,-1,88,87,215,-1,215,87,253,-1,253,183,215,-1,215,183,184,-1,215,184,196,-1,190,184,188,-1,188,184,186,-1,190,192,184,-1,184,192,194,-1,184,194,196,-1,103,61,211,-1,211,61,119,-1,211,119,135,-1,129,119,127,-1,127,119,125,-1,129,131,119,-1,119,131,133,-1,119,133,135,-1,89,103,213,-1,213,103,211,-1,121,90,89,-1,138,136,121,-1,89,213,121,-1,121,213,146,-1,121,146,144,-1,144,142,121,-1,121,142,140,-1,121,140,138,-1,
        ]
    }
}
Shape{
    appearance Appearance {
        material  Material 	{
            diffuseColor 1.0 1.0 0.0
            specularColor 0.5019607843137255 0.5019607843137255 0.0
            ambientIntensity 0.2
            transparency 0
            shininess 0.5
        }
    }
    geometry IndexedFaceSet {
        ccw TRUE
        solid FALSE
        coord DEF co Coordinate {
            point [
                -2.4803 1.4567 -0.5945, -2.4803 1.4567 -0.5906, -2.4803 0.9827 -0.5906, -2.4803 0.9827 -0.5118, -2.4803 0.9055 -0.5118, -2.4803 0.9055 -0.5945, -2.5886 1.4567 -0.5906, -2.874 1.4567 -0.5945, -2.5886 1.4567 -0.5118, -2.874 1.4567 -0.5118, -2.874 1.3132 -0.5945, -2.874 1.3132 -0.5118, -2.8404 1.3188 -0.5118, -2.8404 1.3188 -0.5945, -2.8064 1.316 -0.5118, -2.8064 1.316 -0.5945, -2.7742 1.3049 -0.5118, -2.7742 1.3049 -0.5945, -2.7456 1.2863 -0.5118, -2.7456 1.2863 -0.5945, -2.7225 1.2612 -0.5118, -2.7225 1.2612 -0.5945, -2.7063 1.2312 -0.5118, -2.7063 1.2312 -0.5945, -2.6979 1.1982 -0.5118, -2.6979 1.1982 -0.5945, -2.6979 1.1641 -0.5118, -2.6979 1.1641 -0.5945, -2.7063 1.131 -0.5118, -2.7063 1.131 -0.5945, -2.7225 1.101 -0.5118, -2.7225 1.101 -0.5945, -2.7456 1.0759 -0.5118, -2.7456 1.0759 -0.5945, -2.7742 1.0573 -0.5118, -2.7742 1.0573 -0.5945, -2.8064 1.0462 -0.5118, -2.8064 1.0462 -0.5945, -2.8404 1.0434 -0.5118, -2.8404 1.0434 -0.5945, -2.874 1.0491 -0.5118, -2.874 1.0491 -0.5945, -2.874 0.9055 -0.5945, -2.874 0.9055 -0.5118, -2.5886 0.9827 -0.5118, 2.4803 1.4567 -0.5945, 2.4803 1.4567 -0.5906, 2.5886 1.4567 -0.5906, 2.5886 1.4567 -0.5118, 2.874 1.4567 -0.5118, 2.874 1.4567 -0.5945, 2.4803 0.9827 -0.5906, 2.4803 0.9055 -0.5945, 2.4803 0.9827 -0.5118, 2.4803 0.9055 -0.5118, 2.874 0.9055 -0.5945, 2.874 0.9055 -0.5118, 2.874 1.0491 -0.5945, 2.874 1.0491 -0.5118, 2.8404 1.0434 -0.5118, 2.8404 1.0434 -0.5945, 2.8064 1.0462 -0.5118, 2.8064 1.0462 -0.5945, 2.7742 1.0573 -0.5118, 2.7742 1.0573 -0.5945, 2.7456 1.0759 -0.5118, 2.7456 1.0759 -0.5945, 2.7225 1.101 -0.5118, 2.7225 1.101 -0.5945, 2.7063 1.131 -0.5118, 2.7063 1.131 -0.5945, 2.6979 1.1641 -0.5118, 2.6979 1.1641 -0.5945, 2.6979 1.1982 -0.5118, 2.6979 1.1982 -0.5945, 2.7063 1.2312 -0.5118, 2.7063 1.2312 -0.5945, 2.7225 1.2612 -0.5118, 2.7225 1.2612 -0.5945, 2.7456 1.2863 -0.5118, 2.7456 1.2863 -0.5945, 2.7742 1.3049 -0.5118, 2.7742 1.3049 -0.5945, 2.8064 1.316 -0.5118, 2.8064 1.316 -0.5945, 2.8404 1.3188 -0.5118, 2.8404 1.3188 -0.5945, 2.874 1.3132 -0.5118, 2.874 1.3132 -0.5945, 2.5886 0.9827 -0.5118, -2.4803 -1.811 -0.5906, -2.4803 -1.811 -0.5945, -2.5886 -1.811 -0.5906, -2.874 -1.811 -0.5945, -2.5886 -1.811 -0.5118, -2.874 -1.811 -0.5118, -2.874 -1.9546 -0.5945, -2.874 -1.9546 -0.5118, -2.8404 -1.9489 -0.5118, -2.8404 -1.9489 -0.5945, -2.8064 -1.9517 -0.5118, -2.8064 -1.9517 -0.5945, -2.7742 -1.9628 -0.5118, -2.7742 -1.9628 -0.5945, -2.7456 -1.9814 -0.5118, -2.7456 -1.9814 -0.5945, -2.7225 -2.0065 -0.5118, -2.7225 -2.0065 -0.5945, -2.7063 -2.0365 -0.5118, -2.7063 -2.0365 -0.5945, -2.6979 -2.0696 -0.5118, -2.6979 -2.0696 -0.5945, -2.6979 -2.1037 -0.5118, -2.6979 -2.1037 -0.5945, -2.7063 -2.1367 -0.5118, -2.7063 -2.1367 -0.5945, -2.7225 -2.1667 -0.5118, -2.7225 -2.1667 -0.5945, -2.7456 -2.1918 -0.5118, -2.7456 -2.1918 -0.5945, -2.7742 -2.2104 -0.5118, -2.7742 -2.2104 -0.5945, -2.8064 -2.2215 -0.5118, -2.8064 -2.2215 -0.5945, -2.8404 -2.2243 -0.5118, -2.8404 -2.2243 -0.5945, -2.874 -2.2187 -0.5118, -2.874 -2.2187 -0.5945, -2.874 -2.3622 -0.5945, -2.874 -2.3622 -0.5118, -2.4803 -2.3622 -0.5945, -2.4803 -2.3622 -0.5906, -2.5886 -2.3622 -0.5906, -2.5886 -2.3622 -0.5118, 2.4803 -1.811 -0.5945, 2.4803 -1.811 -0.5906, 2.5886 -1.811 -0.5906, 2.5886 -1.811 -0.5118, 2.874 -1.811 -0.5118, 2.874 -1.811 -0.5945, 2.4803 -2.3622 -0.5906, 2.4803 -2.3622 -0.5945, 2.5886 -2.3622 -0.5906, 2.874 -2.3622 -0.5945, 2.5886 -2.3622 -0.5118, 2.874 -2.3622 -0.5118, 2.874 -2.2187 -0.5945, 2.874 -2.2187 -0.5118, 2.8404 -2.2243 -0.5118, 2.8404 -2.2243 -0.5945, 2.8064 -2.2215 -0.5118, 2.8064 -2.2215 -0.5945, 2.7742 -2.2104 -0.5118, 2.7742 -2.2104 -0.5945, 2.7456 -2.1918 -0.5118, 2.7456 -2.1918 -0.5945, 2.7225 -2.1667 -0.5118, 2.7225 -2.1667 -0.5945, 2.7063 -2.1367 -0.5118, 2.7063 -2.1367 -0.5945, 2.6979 -2.1037 -0.5118, 2.6979 -2.1037 -0.5945, 2.6979 -2.0696 -0.5118, 2.6979 -2.0696 -0.5945, 2.7063 -2.0365 -0.5118, 2.7063 -2.0365 -0.5945, 2.7225 -2.0065 -0.5118, 2.7225 -2.0065 -0.5945, 2.7456 -1.9814 -0.5118, 2.7456 -1.9814 -0.5945, 2.7742 -1.9628 -0.5118, 2.7742 -1.9628 -0.5945, 2.8064 -1.9517 -0.5118, 2.8064 -1.9517 -0.5945, 2.8404 -1.9489 -0.5118, 2.8404 -1.9489 -0.5945, 2.874 -1.9546 -0.5118, 2.874 -1.9546 -0.5945, 2.874 -1.9546 -0.5945
            ]
        }
        coordIndex [
            0,1,2,-1,3,4,2,-1,2,4,5,-1,2,5,0,-1,1,0,6,-1,6,0,7,-1,6,7,8,-1,8,7,9,-1,10,11,7,-1,7,11,9,-1,11,10,12,-1,12,10,13,-1,12,13,14,-1,14,13,15,-1,14,15,16,-1,16,15,17,-1,16,17,18,-1,18,17,19,-1,18,19,20,-1,20,19,21,-1,20,21,22,-1,22,21,23,-1,22,23,24,-1,24,23,25,-1,24,25,26,-1,26,25,27,-1,26,27,28,-1,28,27,29,-1,28,29,30,-1,30,29,31,-1,30,31,32,-1,32,31,33,-1,32,33,34,-1,34,33,35,-1,34,35,36,-1,36,35,37,-1,36,37,38,-1,38,37,39,-1,38,39,40,-1,40,39,41,-1,42,43,41,-1,41,43,40,-1,5,4,42,-1,42,4,43,-1,38,40,43,-1,43,4,44,-1,44,4,3,-1,18,20,8,-1,28,30,44,-1,11,12,9,-1,9,12,14,-1,9,14,8,-1,8,14,16,-1,8,16,18,-1,30,32,44,-1,44,32,34,-1,44,34,43,-1,43,34,36,-1,43,36,38,-1,20,22,8,-1,8,22,24,-1,8,24,44,-1,44,24,26,-1,44,26,28,-1,13,10,7,-1,33,31,5,-1,23,21,0,-1,41,39,42,-1,42,39,37,-1,42,37,5,-1,5,37,35,-1,5,35,33,-1,21,19,0,-1,0,19,17,-1,0,17,7,-1,7,17,15,-1,7,15,13,-1,31,29,5,-1,5,29,27,-1,5,27,0,-1,0,27,25,-1,0,25,23,-1,45,46,47,-1,48,49,47,-1,47,49,50,-1,47,50,45,-1,46,45,51,-1,51,45,52,-1,51,52,53,-1,53,52,54,-1,55,56,52,-1,52,56,54,-1,57,58,55,-1,55,58,56,-1,58,57,59,-1,59,57,60,-1,59,60,61,-1,61,60,62,-1,61,62,63,-1,63,62,64,-1,63,64,65,-1,65,64,66,-1,65,66,67,-1,67,66,68,-1,67,68,69,-1,69,68,70,-1,69,70,71,-1,71,70,72,-1,71,72,73,-1,73,72,74,-1,73,74,75,-1,75,74,76,-1,75,76,77,-1,77,76,78,-1,77,78,79,-1,79,78,80,-1,79,80,81,-1,81,80,82,-1,81,82,83,-1,83,82,84,-1,83,84,85,-1,85,84,86,-1,85,86,87,-1,87,86,88,-1,50,49,88,-1,88,49,87,-1,85,87,49,-1,65,67,89,-1,53,54,89,-1,89,54,56,-1,75,77,48,-1,58,59,56,-1,56,59,61,-1,56,61,89,-1,89,61,63,-1,89,63,65,-1,67,69,89,-1,89,69,71,-1,89,71,48,-1,48,71,73,-1,48,73,75,-1,77,79,48,-1,48,79,81,-1,48,81,49,-1,49,81,83,-1,49,83,85,-1,60,57,55,-1,70,68,52,-1,80,78,45,-1,68,66,52,-1,52,66,64,-1,52,64,55,-1,55,64,62,-1,55,62,60,-1,78,76,45,-1,45,76,74,-1,45,74,52,-1,52,74,72,-1,52,72,70,-1,88,86,50,-1,50,86,84,-1,50,84,45,-1,45,84,82,-1,45,82,80,-1,90,91,92,-1,92,91,93,-1,92,93,94,-1,94,93,95,-1,96,97,93,-1,93,97,95,-1,97,96,98,-1,98,96,99,-1,98,99,100,-1,100,99,101,-1,100,101,102,-1,102,101,103,-1,102,103,104,-1,104,103,105,-1,104,105,106,-1,106,105,107,-1,106,107,108,-1,108,107,109,-1,108,109,110,-1,110,109,111,-1,110,111,112,-1,112,111,113,-1,112,113,114,-1,114,113,115,-1,114,115,116,-1,116,115,117,-1,116,117,118,-1,118,117,119,-1,118,119,120,-1,120,119,121,-1,120,121,122,-1,122,121,123,-1,122,123,124,-1,124,123,125,-1,124,125,126,-1,126,125,127,-1,128,129,127,-1,127,129,126,-1,130,131,132,-1,133,129,132,-1,132,129,128,-1,132,128,130,-1,131,130,90,-1,90,130,91,-1,124,126,129,-1,104,106,94,-1,97,98,95,-1,95,98,100,-1,95,100,94,-1,94,100,102,-1,94,102,104,-1,114,116,133,-1,106,108,94,-1,94,108,110,-1,94,110,133,-1,133,110,112,-1,133,112,114,-1,116,118,133,-1,133,118,120,-1,133,120,129,-1,129,120,122,-1,129,122,124,-1,99,96,93,-1,109,107,91,-1,130,119,117,-1,107,105,91,-1,91,105,103,-1,91,103,93,-1,93,103,101,-1,93,101,99,-1,127,125,128,-1,128,125,123,-1,128,123,130,-1,130,123,121,-1,130,121,119,-1,117,115,130,-1,130,115,113,-1,130,113,91,-1,91,113,111,-1,91,111,109,-1,134,135,136,-1,137,138,136,-1,136,138,139,-1,136,139,134,-1,135,134,140,-1,140,134,141,-1,140,141,142,-1,142,141,143,-1,142,143,144,-1,144,143,145,-1,146,147,143,-1,143,147,145,-1,147,146,148,-1,148,146,149,-1,148,149,150,-1,150,149,151,-1,150,151,152,-1,152,151,153,-1,152,153,154,-1,154,153,155,-1,154,155,156,-1,156,155,157,-1,156,157,158,-1,158,157,159,-1,158,159,160,-1,160,159,161,-1,160,161,162,-1,162,161,163,-1,162,163,164,-1,164,163,165,-1,164,165,166,-1,166,165,167,-1,166,167,168,-1,168,167,169,-1,168,169,170,-1,170,169,171,-1,170,171,172,-1,172,171,173,-1,172,173,174,-1,174,173,175,-1,174,175,176,-1,176,175,177,-1,139,138,177,-1,177,138,176,-1,174,176,138,-1,154,156,144,-1,164,166,137,-1,147,148,145,-1,145,148,150,-1,145,150,144,-1,144,150,152,-1,144,152,154,-1,166,168,137,-1,137,168,170,-1,137,170,138,-1,138,170,172,-1,138,172,174,-1,156,158,144,-1,144,158,160,-1,144,160,137,-1,137,160,162,-1,137,162,164,-1,149,146,143,-1,169,167,134,-1,159,157,141,-1,177,175,139,-1,139,175,173,-1,139,173,134,-1,134,173,171,-1,134,171,169,-1,157,155,141,-1,141,155,153,-1,141,153,143,-1,143,153,151,-1,143,151,149,-1,167,165,134,-1,134,165,163,-1,134,163,141,-1,141,163,161,-1,141,161,159,-1,
        ]
    }
}
Shape{
    appearance Appearance {
        material  Material 	{
            diffuseColor 1.0 1.0 1.0
            specularColor 0.5019607843137255 0.5019607843137255 0.5019607843137255
            ambientIntensity 0.2
            transparency 0
            shininess 0.5
        }
    }
    geometry IndexedFaceSet {
        ccw TRUE
        solid FALSE
        coord DEF co Coordinate {
            point [
                -0.1024 -0.7677 -0.5512, -0.1024 -0.7677 -0.5118, 0.0236 -0.7677 -0.5512, 0.0236 -0.7677 -0.5118, -0.1024 -0.9843 -0.5512, -0.1024 -0.7677 -0.5906, -0.1024 -0.7677 -0.6063, -0.1024 -0.9843 -0.5906, -0.1024 -1.1614 -0.6063, -0.1024 -1.1614 -0.5118, 0.0236 -0.7677 -0.6063, 0.0236 -0.7677 -0.5906, 0.0236 -0.9843 -0.5906, 0.0236 -0.9843 -0.5512, 0.0236 -1.1614 -0.5118, 0.0236 -1.1614 -0.6063, -0.4094 -0.7677 -0.6063, -0.4094 -1.1614 -0.6063, -0.5354 -0.7677 -0.6063, -0.5354 -1.1614 -0.6063, -0.4094 -0.7677 -0.5906, -0.5354 -0.7677 -0.5906, -0.4094 -1.1614 -0.5118, -0.5354 -1.1614 -0.5118, -0.4094 -0.9843 -0.5906, -0.4094 -0.7677 -0.5512, -0.4094 -0.7677 -0.5118, -0.4094 -0.9843 -0.5512, -0.5354 -0.7677 -0.5118, -0.5354 -0.7677 -0.5512, -0.5354 -0.9843 -0.5512, -0.5354 -0.9843 -0.5906, -0.8425 -0.7677 -0.6063, -0.8425 -1.1614 -0.6063, -0.9685 -0.7677 -0.6063, -0.9685 -1.1614 -0.6063, -0.8425 -0.7677 -0.5906, -0.9685 -0.7677 -0.5906, -0.8425 -1.1614 -0.5118, -0.9685 -1.1614 -0.5118, -0.8425 -0.9843 -0.5906, -0.8425 -0.7677 -0.5512, -0.8425 -0.7677 -0.5118, -0.8425 -0.9843 -0.5512, -0.9685 -0.7677 -0.5118, -0.9685 -0.7677 -0.5512, -0.9685 -0.9843 -0.5512, -0.9685 -0.9843 -0.5906, -1.2756 -0.7677 -0.6063, -1.2756 -1.1614 -0.6063, -1.4016 -0.7677 -0.6063, -1.4016 -1.1614 -0.6063, -1.2756 -0.7677 -0.5906, -1.4016 -0.7677 -0.5906, -1.2756 -1.1614 -0.5118, -1.4016 -1.1614 -0.5118, -1.2756 -0.9843 -0.5906, -1.2756 -0.7677 -0.5512, -1.2756 -0.7677 -0.5118, -1.2756 -0.9843 -0.5512, -1.4016 -0.7677 -0.5118, -1.4016 -0.7677 -0.5512, -1.4016 -0.9843 -0.5512, -1.4016 -0.9843 -0.5906, -1.7087 -0.7677 -0.6063, -1.7087 -1.1614 -0.6063, -1.8346 -0.7677 -0.6063, -1.8346 -1.1614 -0.6063, -1.7087 -0.7677 -0.5906, -1.8346 -0.7677 -0.5906, -1.7087 -1.1614 -0.5118, -1.8346 -1.1614 -0.5118, -1.7087 -0.9843 -0.5906, -1.7087 -0.7677 -0.5512, -1.7087 -0.7677 -0.5118, -1.7087 -0.9843 -0.5512, -1.8346 -0.7677 -0.5118, -1.8346 -0.7677 -0.5512, -1.8346 -0.9843 -0.5512, -1.8346 -0.9843 -0.5906, -1.8346 -0.9843 -0.5906
            ]
        }
        coordIndex [
            0,1,2,-1,2,1,3,-1,1,0,4,-1,5,6,7,-1,7,6,8,-1,7,8,4,-1,4,8,9,-1,4,9,1,-1,10,11,12,-1,2,3,13,-1,13,3,14,-1,13,14,12,-1,12,14,15,-1,12,15,10,-1,15,14,8,-1,8,14,9,-1,9,14,1,-1,1,14,3,-1,10,15,6,-1,6,15,8,-1,11,10,5,-1,5,10,6,-1,16,17,18,-1,18,17,19,-1,20,16,21,-1,21,16,18,-1,17,22,19,-1,19,22,23,-1,16,20,24,-1,25,26,27,-1,27,26,22,-1,27,22,24,-1,24,22,17,-1,24,17,16,-1,28,29,30,-1,21,18,31,-1,31,18,19,-1,31,19,30,-1,30,19,23,-1,30,23,28,-1,32,33,34,-1,34,33,35,-1,36,32,37,-1,37,32,34,-1,33,38,35,-1,35,38,39,-1,32,36,40,-1,41,42,43,-1,43,42,38,-1,43,38,40,-1,40,38,33,-1,40,33,32,-1,44,45,46,-1,37,34,47,-1,47,34,35,-1,47,35,46,-1,46,35,39,-1,46,39,44,-1,48,49,50,-1,50,49,51,-1,52,48,53,-1,53,48,50,-1,49,54,51,-1,51,54,55,-1,48,52,56,-1,57,58,59,-1,59,58,54,-1,59,54,56,-1,56,54,49,-1,56,49,48,-1,60,61,62,-1,53,50,63,-1,63,50,51,-1,63,51,62,-1,62,51,55,-1,62,55,60,-1,64,65,66,-1,66,65,67,-1,68,64,69,-1,69,64,66,-1,65,70,67,-1,67,70,71,-1,64,68,72,-1,73,74,75,-1,75,74,70,-1,75,70,72,-1,72,70,65,-1,72,65,64,-1,76,77,78,-1,69,66,79,-1,79,66,67,-1,79,67,78,-1,78,67,71,-1,78,71,76,-1,29,28,25,-1,25,28,26,-1,23,22,28,-1,28,22,26,-1,45,44,41,-1,41,44,42,-1,39,38,44,-1,44,38,42,-1,61,60,57,-1,57,60,58,-1,55,54,60,-1,60,54,58,-1,77,76,73,-1,73,76,74,-1,71,70,76,-1,76,70,74,-1,
        ]
    }
}
Shape{
    appearance Appearance {
        material  Material 	{
            diffuseColor 0.5019607843137255 0.5019607843137255 0.5019607843137255
            specularColor 0.25098039215686274 0.25098039215686274 0.25098039215686274
            ambientIntensity 0.2
            transparency 0
            shininess 0.5
        }
    }
    geometry IndexedFaceSet {
        ccw TRUE
        solid FALSE
        coord DEF co Coordinate {
            point [
                2.4902 1.6929 -0.5512, 2.4902 1.6142 -0.5512, 2.2343 1.6929 -0.5512, 2.1555 1.6142 -0.5512, 2.2343 2.4803 -0.5512, 2.1555 2.6378 -0.5512, 2.4902 2.4803 -0.5512, 2.4902 2.6378 -0.5512, 2.1555 2.6378 -0.5906, 2.1555 1.6142 -0.5906, 2.4902 1.6142 -0.5906, -2.4902 2.4803 -0.5512, -2.4902 2.6378 -0.5512, -2.2343 2.4803 -0.5512, -2.1555 2.6378 -0.5512, -2.2343 1.6929 -0.5512, -2.1555 1.6142 -0.5512, -2.4902 1.6929 -0.5512, -2.4902 1.6142 -0.5512, -2.4902 1.6142 -0.5906, -2.1555 1.6142 -0.5906, -2.1555 2.6378 -0.5906, -2.1555 2.6378 -0.5906
            ]
        }
        coordIndex [
            0,1,2,-1,2,1,3,-1,2,3,4,-1,4,3,5,-1,4,5,6,-1,6,5,7,-1,5,3,8,-1,8,3,9,-1,10,9,1,-1,1,9,3,-1,11,12,13,-1,13,12,14,-1,13,14,15,-1,15,14,16,-1,15,16,17,-1,17,16,18,-1,18,16,19,-1,19,16,20,-1,16,14,20,-1,20,14,21,-1,
        ]
    }
}
Shape{
    appearance Appearance {
        material  Material 	{
            diffuseColor 0.2235294117647059 0.2235294117647059 0.2235294117647059
            specularColor 0.11372549019607843 0.11372549019607843 0.11372549019607843
            ambientIntensity 0.2
            transparency 0
            shininess 0.5
        }
    }
    geometry IndexedFaceSet {
        ccw TRUE
        solid FALSE
        coord DEF co Coordinate {
            point [
                -2.4902 1.6142 -0.5906, -2.4902 1.5748 -0.5906, -2.4902 1.6142 -0.5512, -2.4902 1.5748 -0.0787, -2.4902 1.6929 -0.5512, -2.4902 1.6929 -0.0787, -2.5886 1.5748 -0.5906, -2.5886 1.5748 -0.0827, -2.5846 1.5748 -0.0787, -2.5874 1.5748 -0.0799, -2.5881 1.5748 -0.0807, -2.5884 1.5748 -0.0817, -2.5866 1.5748 -0.0793, -2.5857 1.5748 -0.0789, -2.4902 2.6378 -0.0787, -2.4902 2.6378 -0.5512, -2.4902 2.4803 -0.0787, -2.4902 2.4803 -0.5512, 2.5886 1.5748 -0.5906, 2.4902 1.5748 -0.5906, 2.5886 1.5748 -0.0827, 2.4902 1.5748 -0.0787, 2.5846 1.5748 -0.0787, 2.5884 1.5748 -0.0817, 2.5881 1.5748 -0.0807, 2.5874 1.5748 -0.0799, 2.5857 1.5748 -0.0789, 2.5866 1.5748 -0.0793, 2.4902 1.6142 -0.5906, 2.4902 1.6142 -0.5512, 2.4902 1.6929 -0.5512, 2.4902 1.6929 -0.0787, 2.4902 2.6378 -0.0787, 2.4902 2.4803 -0.0787, 2.4902 2.6378 -0.5512, 2.4902 2.4803 -0.5512, 2.2933 0.5118 -0.0787, 2.2933 0.5118 -0.5512, 2.2933 -2.6378 -0.0787, 2.2933 -2.6378 -0.5512, 1.8209 0.5118 -0.5512, 1.8209 0.5118 -0.0787, 1.8209 0.5118 -0.0787
            ]
        }
        coordIndex [
            0,1,2,-1,2,1,3,-1,2,3,4,-1,4,3,5,-1,1,6,3,-1,3,6,7,-1,3,7,8,-1,9,7,10,-1,10,7,11,-1,9,12,7,-1,7,12,13,-1,7,13,8,-1,14,15,16,-1,16,15,17,-1,18,19,20,-1,20,19,21,-1,20,21,22,-1,23,20,24,-1,24,20,25,-1,22,26,20,-1,20,26,27,-1,20,27,25,-1,19,28,29,-1,30,31,29,-1,29,31,21,-1,29,21,19,-1,32,33,34,-1,34,33,35,-1,36,37,38,-1,38,37,39,-1,37,36,40,-1,40,36,41,-1,
        ]
    }
}
Shape{
    appearance Appearance {
        material  Material 	{
            diffuseColor 0.5019607843137255 0.5019607843137255 0.5019607843137255
            specularColor 0.25098039215686274 0.25098039215686274 0.25098039215686274
            ambientIntensity 0.2
            transparency 0
            shininess 0.5
        }
    }
    geometry IndexedFaceSet {
        ccw TRUE
        solid FALSE
        coord DEF co Coordinate {
            point [
                1.8602 -1.2598 -0.5906, 1.8602 -1.2598 -0.5512, 1.5846 -0.9843 -0.5906, 1.5846 -0.9843 -0.5512, 1.8602 -2.6378 -0.5906, 1.8602 -2.6378 -0.5512, 1.8602 -2.6378 -0.5512
            ]
        }
        coordIndex [
            0,1,2,-1,2,1,3,-1,4,5,0,-1,0,5,1,-1,
        ]
    }
}
Shape{
    appearance Appearance {
        material  Material 	{
            diffuseColor 1.0 1.0 1.0
            specularColor 0.5019607843137255 0.5019607843137255 0.5019607843137255
            ambientIntensity 0.2
            transparency 0
            shininess 0.5
        }
    }
    geometry IndexedFaceSet {
        ccw TRUE
        solid FALSE
        coord DEF co Coordinate {
            point [
                1.1417 2.1097 -0.5889, 1.1417 1.9195 -0.4115, 1.378 2.1097 -0.5889, 1.378 1.9195 -0.4115, 1.1417 2.0828 -0.6177, 1.378 2.0828 -0.6177, 1.1417 1.8926 -0.4403, 1.378 1.8926 -0.4403, 1.1417 1.8759 -0.4283, 1.378 1.8759 -0.4283, 1.1417 1.8566 -0.4211, 1.378 1.8566 -0.4211, 1.1417 1.8362 -0.4192, 1.378 1.8362 -0.4192, 1.1417 1.8159 -0.4226, 1.378 1.8159 -0.4226, 1.1417 1.7972 -0.4311, 1.378 1.7972 -0.4311, 1.1417 1.7813 -0.4442, 1.378 1.7813 -0.4442, 1.1417 1.6758 -0.5573, 1.378 1.6758 -0.5573, 1.378 1.6642 -0.5675, 1.1417 1.6642 -0.5675, 1.378 1.6509 -0.5753, 1.1417 1.6509 -0.5753, 1.378 1.6362 -0.5803, 1.1417 1.6362 -0.5803, 1.378 1.6209 -0.5823, 1.1417 1.6209 -0.5823, 1.1417 0.4724 -0.6224, 1.378 0.4724 -0.6224, 1.1417 0.4711 -0.5831, 1.378 0.4711 -0.5831, 1.1417 1.6196 -0.543, 1.378 1.6196 -0.543, 1.1417 1.6297 -0.5413, 1.378 1.6297 -0.5413, 1.1417 1.6391 -0.537, 1.378 1.6391 -0.537, 1.1417 1.647 -0.5305, 1.378 1.647 -0.5305, 1.1417 1.7525 -0.4173, 1.378 1.7525 -0.4173, 1.378 1.7763 -0.3977, 1.1417 1.7763 -0.3977, 1.378 1.8044 -0.3849, 1.1417 1.8044 -0.3849, 1.378 1.8348 -0.3798, 1.1417 1.8348 -0.3798, 1.378 1.8655 -0.3828, 1.1417 1.8655 -0.3828, 1.378 1.8944 -0.3936, 1.1417 1.8944 -0.3936, 0.7087 2.1097 -0.5889, 0.7087 1.9195 -0.4115, 0.9449 2.1097 -0.5889, 0.9449 1.9195 -0.4115, 0.7087 2.0828 -0.6177, 0.9449 2.0828 -0.6177, 0.7087 1.8926 -0.4403, 0.9449 1.8926 -0.4403, 0.7087 1.8759 -0.4283, 0.9449 1.8759 -0.4283, 0.7087 1.8566 -0.4211, 0.9449 1.8566 -0.4211, 0.7087 1.8362 -0.4192, 0.9449 1.8362 -0.4192, 0.7087 1.8159 -0.4226, 0.9449 1.8159 -0.4226, 0.7087 1.7972 -0.4311, 0.9449 1.7972 -0.4311, 0.7087 1.7813 -0.4442, 0.9449 1.7813 -0.4442, 0.7087 1.6758 -0.5573, 0.9449 1.6758 -0.5573, 0.9449 1.6642 -0.5675, 0.7087 1.6642 -0.5675, 0.9449 1.6509 -0.5753, 0.7087 1.6509 -0.5753, 0.9449 1.6362 -0.5803, 0.7087 1.6362 -0.5803, 0.9449 1.6209 -0.5823, 0.7087 1.6209 -0.5823, 0.7087 0.4724 -0.6224, 0.9449 0.4724 -0.6224, 0.7087 0.4711 -0.5831, 0.9449 0.4711 -0.5831, 0.7087 1.6196 -0.543, 0.9449 1.6196 -0.543, 0.7087 1.6297 -0.5413, 0.9449 1.6297 -0.5413, 0.7087 1.6391 -0.537, 0.9449 1.6391 -0.537, 0.7087 1.647 -0.5305, 0.9449 1.647 -0.5305, 0.7087 1.7525 -0.4173, 0.9449 1.7525 -0.4173, 0.9449 1.7763 -0.3977, 0.7087 1.7763 -0.3977, 0.9449 1.8044 -0.3849, 0.7087 1.8044 -0.3849, 0.9449 1.8348 -0.3798, 0.7087 1.8348 -0.3798, 0.9449 1.8655 -0.3828, 0.7087 1.8655 -0.3828, 0.9449 1.8944 -0.3936, 0.7087 1.8944 -0.3936, 0.2756 2.1097 -0.5889, 0.2756 1.9195 -0.4115, 0.5118 2.1097 -0.5889, 0.5118 1.9195 -0.4115, 0.2756 2.0828 -0.6177, 0.5118 2.0828 -0.6177, 0.2756 1.8926 -0.4403, 0.5118 1.8926 -0.4403, 0.2756 1.8759 -0.4283, 0.5118 1.8759 -0.4283, 0.2756 1.8566 -0.4211, 0.5118 1.8566 -0.4211, 0.2756 1.8362 -0.4192, 0.5118 1.8362 -0.4192, 0.2756 1.8159 -0.4226, 0.5118 1.8159 -0.4226, 0.2756 1.7972 -0.4311, 0.5118 1.7972 -0.4311, 0.2756 1.7813 -0.4442, 0.5118 1.7813 -0.4442, 0.2756 1.6758 -0.5573, 0.5118 1.6758 -0.5573, 0.5118 1.6642 -0.5675, 0.2756 1.6642 -0.5675, 0.5118 1.6509 -0.5753, 0.2756 1.6509 -0.5753, 0.5118 1.6362 -0.5803, 0.2756 1.6362 -0.5803, 0.5118 1.6209 -0.5823, 0.2756 1.6209 -0.5823, 0.2756 0.4724 -0.6224, 0.5118 0.4724 -0.6224, 0.2756 0.4711 -0.5831, 0.5118 0.4711 -0.5831, 0.2756 1.6196 -0.543, 0.5118 1.6196 -0.543, 0.2756 1.6297 -0.5413, 0.5118 1.6297 -0.5413, 0.2756 1.6391 -0.537, 0.5118 1.6391 -0.537, 0.2756 1.647 -0.5305, 0.5118 1.647 -0.5305, 0.2756 1.7525 -0.4173, 0.5118 1.7525 -0.4173, 0.5118 1.7763 -0.3977, 0.2756 1.7763 -0.3977, 0.5118 1.8044 -0.3849, 0.2756 1.8044 -0.3849, 0.5118 1.8348 -0.3798, 0.2756 1.8348 -0.3798, 0.5118 1.8655 -0.3828, 0.2756 1.8655 -0.3828, 0.5118 1.8944 -0.3936, 0.2756 1.8944 -0.3936, -0.1575 2.1097 -0.5889, -0.1575 1.9195 -0.4115, 0.0787 2.1097 -0.5889, 0.0787 1.9195 -0.4115, -0.1575 2.0828 -0.6177, 0.0787 2.0828 -0.6177, -0.1575 1.8926 -0.4403, 0.0787 1.8926 -0.4403, -0.1575 1.8759 -0.4283, 0.0787 1.8759 -0.4283, -0.1575 1.8566 -0.4211, 0.0787 1.8566 -0.4211, -0.1575 1.8362 -0.4192, 0.0787 1.8362 -0.4192, -0.1575 1.8159 -0.4226, 0.0787 1.8159 -0.4226, -0.1575 1.7972 -0.4311, 0.0787 1.7972 -0.4311, -0.1575 1.7813 -0.4442, 0.0787 1.7813 -0.4442, -0.1575 1.6758 -0.5573, 0.0787 1.6758 -0.5573, 0.0787 1.6642 -0.5675, -0.1575 1.6642 -0.5675, 0.0787 1.6509 -0.5753, -0.1575 1.6509 -0.5753, 0.0787 1.6362 -0.5803, -0.1575 1.6362 -0.5803, 0.0787 1.6209 -0.5823, -0.1575 1.6209 -0.5823, -0.1575 0.4724 -0.6224, 0.0787 0.4724 -0.6224, -0.1575 0.4711 -0.5831, 0.0787 0.4711 -0.5831, -0.1575 1.6196 -0.543, 0.0787 1.6196 -0.543, -0.1575 1.6297 -0.5413, 0.0787 1.6297 -0.5413, -0.1575 1.6391 -0.537, 0.0787 1.6391 -0.537, -0.1575 1.647 -0.5305, 0.0787 1.647 -0.5305, -0.1575 1.7525 -0.4173, 0.0787 1.7525 -0.4173, 0.0787 1.7763 -0.3977, -0.1575 1.7763 -0.3977, 0.0787 1.8044 -0.3849, -0.1575 1.8044 -0.3849, 0.0787 1.8348 -0.3798, -0.1575 1.8348 -0.3798, 0.0787 1.8655 -0.3828, -0.1575 1.8655 -0.3828, 0.0787 1.8944 -0.3936, -0.1575 1.8944 -0.3936, -0.5906 2.1097 -0.5889, -0.5906 1.9195 -0.4115, -0.3543 2.1097 -0.5889, -0.3543 1.9195 -0.4115, -0.5906 2.0828 -0.6177, -0.3543 2.0828 -0.6177, -0.5906 1.8926 -0.4403, -0.3543 1.8926 -0.4403, -0.5906 1.8759 -0.4283, -0.3543 1.8759 -0.4283, -0.5906 1.8566 -0.4211, -0.3543 1.8566 -0.4211, -0.5906 1.8362 -0.4192, -0.3543 1.8362 -0.4192, -0.5906 1.8159 -0.4226, -0.3543 1.8159 -0.4226, -0.5906 1.7972 -0.4311, -0.3543 1.7972 -0.4311, -0.5906 1.7813 -0.4442, -0.3543 1.7813 -0.4442, -0.5906 1.6758 -0.5573, -0.3543 1.6758 -0.5573, -0.3543 1.6642 -0.5675, -0.5906 1.6642 -0.5675, -0.3543 1.6509 -0.5753, -0.5906 1.6509 -0.5753, -0.3543 1.6362 -0.5803, -0.5906 1.6362 -0.5803, -0.3543 1.6209 -0.5823, -0.5906 1.6209 -0.5823, -0.5906 0.4724 -0.6224, -0.3543 0.4724 -0.6224, -0.5906 0.4711 -0.5831, -0.3543 0.4711 -0.5831, -0.5906 1.6196 -0.543, -0.3543 1.6196 -0.543, -0.5906 1.6297 -0.5413, -0.3543 1.6297 -0.5413, -0.5906 1.6391 -0.537, -0.3543 1.6391 -0.537, -0.5906 1.647 -0.5305, -0.3543 1.647 -0.5305, -0.5906 1.7525 -0.4173, -0.3543 1.7525 -0.4173, -0.3543 1.7763 -0.3977, -0.5906 1.7763 -0.3977, -0.3543 1.8044 -0.3849, -0.5906 1.8044 -0.3849, -0.3543 1.8348 -0.3798, -0.5906 1.8348 -0.3798, -0.3543 1.8655 -0.3828, -0.5906 1.8655 -0.3828, -0.3543 1.8944 -0.3936, -0.5906 1.8944 -0.3936, -1.0236 2.1097 -0.5889, -1.0236 1.9195 -0.4115, -0.7874 2.1097 -0.5889, -0.7874 1.9195 -0.4115, -1.0236 2.0828 -0.6177, -0.7874 2.0828 -0.6177, -1.0236 1.8926 -0.4403, -0.7874 1.8926 -0.4403, -1.0236 1.8759 -0.4283, -0.7874 1.8759 -0.4283, -1.0236 1.8566 -0.4211, -0.7874 1.8566 -0.4211, -1.0236 1.8362 -0.4192, -0.7874 1.8362 -0.4192, -1.0236 1.8159 -0.4226, -0.7874 1.8159 -0.4226, -1.0236 1.7972 -0.4311, -0.7874 1.7972 -0.4311, -1.0236 1.7813 -0.4442, -0.7874 1.7813 -0.4442, -1.0236 1.6758 -0.5573, -0.7874 1.6758 -0.5573, -0.7874 1.6642 -0.5675, -1.0236 1.6642 -0.5675, -0.7874 1.6509 -0.5753, -1.0236 1.6509 -0.5753, -0.7874 1.6362 -0.5803, -1.0236 1.6362 -0.5803, -0.7874 1.6209 -0.5823, -1.0236 1.6209 -0.5823, -1.0236 0.4724 -0.6224, -0.7874 0.4724 -0.6224, -1.0236 0.4711 -0.5831, -0.7874 0.4711 -0.5831, -1.0236 1.6196 -0.543, -0.7874 1.6196 -0.543, -1.0236 1.6297 -0.5413, -0.7874 1.6297 -0.5413, -1.0236 1.6391 -0.537, -0.7874 1.6391 -0.537, -1.0236 1.647 -0.5305, -0.7874 1.647 -0.5305, -1.0236 1.7525 -0.4173, -0.7874 1.7525 -0.4173, -0.7874 1.7763 -0.3977, -1.0236 1.7763 -0.3977, -0.7874 1.8044 -0.3849, -1.0236 1.8044 -0.3849, -0.7874 1.8348 -0.3798, -1.0236 1.8348 -0.3798, -0.7874 1.8655 -0.3828, -1.0236 1.8655 -0.3828, -0.7874 1.8944 -0.3936, -1.0236 1.8944 -0.3936, -1.4567 2.1097 -0.5889, -1.4567 1.9195 -0.4115, -1.2205 2.1097 -0.5889, -1.2205 1.9195 -0.4115, -1.4567 2.0828 -0.6177, -1.2205 2.0828 -0.6177, -1.4567 1.8926 -0.4403, -1.2205 1.8926 -0.4403, -1.4567 1.8759 -0.4283, -1.2205 1.8759 -0.4283, -1.4567 1.8566 -0.4211, -1.2205 1.8566 -0.4211, -1.4567 1.8362 -0.4192, -1.2205 1.8362 -0.4192, -1.4567 1.8159 -0.4226, -1.2205 1.8159 -0.4226, -1.4567 1.7972 -0.4311, -1.2205 1.7972 -0.4311, -1.4567 1.7813 -0.4442, -1.2205 1.7813 -0.4442, -1.4567 1.6758 -0.5573, -1.2205 1.6758 -0.5573, -1.2205 1.6642 -0.5675, -1.4567 1.6642 -0.5675, -1.2205 1.6509 -0.5753, -1.4567 1.6509 -0.5753, -1.2205 1.6362 -0.5803, -1.4567 1.6362 -0.5803, -1.2205 1.6209 -0.5823, -1.4567 1.6209 -0.5823, -1.4567 0.4724 -0.6224, -1.2205 0.4724 -0.6224, -1.4567 0.4711 -0.5831, -1.2205 0.4711 -0.5831, -1.4567 1.6196 -0.543, -1.2205 1.6196 -0.543, -1.4567 1.6297 -0.5413, -1.2205 1.6297 -0.5413, -1.4567 1.6391 -0.537, -1.2205 1.6391 -0.537, -1.4567 1.647 -0.5305, -1.2205 1.647 -0.5305, -1.4567 1.7525 -0.4173, -1.2205 1.7525 -0.4173, -1.2205 1.7763 -0.3977, -1.4567 1.7763 -0.3977, -1.2205 1.8044 -0.3849, -1.4567 1.8044 -0.3849, -1.2205 1.8348 -0.3798, -1.4567 1.8348 -0.3798, -1.2205 1.8655 -0.3828, -1.4567 1.8655 -0.3828, -1.2205 1.8944 -0.3936, -1.4567 1.8944 -0.3936, -1.8898 2.1097 -0.5889, -1.8898 1.9195 -0.4115, -1.6535 2.1097 -0.5889, -1.6535 1.9195 -0.4115, -1.8898 2.0828 -0.6177, -1.6535 2.0828 -0.6177, -1.8898 1.8926 -0.4403, -1.6535 1.8926 -0.4403, -1.8898 1.8759 -0.4283, -1.6535 1.8759 -0.4283, -1.8898 1.8566 -0.4211, -1.6535 1.8566 -0.4211, -1.8898 1.8362 -0.4192, -1.6535 1.8362 -0.4192, -1.8898 1.8159 -0.4226, -1.6535 1.8159 -0.4226, -1.8898 1.7972 -0.4311, -1.6535 1.7972 -0.4311, -1.8898 1.7813 -0.4442, -1.6535 1.7813 -0.4442, -1.8898 1.6758 -0.5573, -1.6535 1.6758 -0.5573, -1.6535 1.6642 -0.5675, -1.8898 1.6642 -0.5675, -1.6535 1.6509 -0.5753, -1.8898 1.6509 -0.5753, -1.6535 1.6362 -0.5803, -1.8898 1.6362 -0.5803, -1.6535 1.6209 -0.5823, -1.8898 1.6209 -0.5823, -1.8898 0.4724 -0.6224, -1.6535 0.4724 -0.6224, -1.8898 0.4711 -0.5831, -1.6535 0.4711 -0.5831, -1.8898 1.6196 -0.543, -1.6535 1.6196 -0.543, -1.8898 1.6297 -0.5413, -1.6535 1.6297 -0.5413, -1.8898 1.6391 -0.537, -1.6535 1.6391 -0.537, -1.8898 1.647 -0.5305, -1.6535 1.647 -0.5305, -1.8898 1.7525 -0.4173, -1.6535 1.7525 -0.4173, -1.6535 1.7763 -0.3977, -1.8898 1.7763 -0.3977, -1.6535 1.8044 -0.3849, -1.8898 1.8044 -0.3849, -1.6535 1.8348 -0.3798, -1.8898 1.8348 -0.3798, -1.6535 1.8655 -0.3828, -1.8898 1.8655 -0.3828, -1.6535 1.8944 -0.3936, -1.8898 1.8944 -0.3936, 0.2134 0.1109 0.0, 0.2191 0.0946 0.0, 0.2191 0.1642 0.0, 0.1572 0.0436 0.0, 0.1546 0.0446 0.0, 0.1546 0.0434 0.0, 0.1533 0.104 0.0, 0.1546 0.1051 0.0, 0.1546 0.1642 0.0, 0.2706 0.2837 0.0, 0.2707 0.2837 0.0, 0.2707 0.2865 0.0, -1.8248 -2.464 0.0, -1.6799 -2.4306 0.0, -2.2736 -1.2598 0.0, 2.2736 0.315 0.0, 2.5846 0.315 0.0, 2.5846 0.5542 0.0, 0.2102 0.1923 0.0, 0.1973 0.1923 0.0, 0.1973 0.1916 0.0, -0.0694 0.1788 0.0, -0.0635 0.1642 0.0, -0.02 0.1642 0.0, -0.1598 0.2763 0.0, -0.1378 0.2507 0.0, -0.02 0.2865 0.0, -0.124 0.2238 0.0, -0.1208 0.2227 0.0, -0.3136 0.295 0.0, -0.283 0.3068 0.0, -0.02 0.5542 0.0, -0.1891 0.296 0.0, -0.1751 0.2865 0.0, -0.2502 0.3108 0.0, -0.2224 0.3079 0.0, -1.6799 0.5542 0.0, -0.3272 0.2865 0.0, -1.6799 0.2865 0.0, -0.3299 0.2849 0.0, -0.4006 0.2538 0.0, -0.3744 0.257 0.0, -0.3455 0.2715 0.0, -0.3667 0.2566 0.0, -0.3591 0.2557 0.0, -0.4508 0.2251 0.0, -0.4463 0.2294 0.0, -0.4252 0.2442 0.0, -1.6799 0.1916 0.0, -1.6799 0.1642 0.0, -0.4803 0.1642 0.0, -0.4773 0.1807 0.0, -0.4725 0.1916 0.0, -0.4667 0.2047 0.0, -0.4334 0.0594 0.0, -0.4541 0.077 0.0, -1.6799 0.0434 0.0, -0.4692 0.0987 0.0, -0.4094 0.0477 0.0, -0.4001 0.0434 0.0, -0.4009 0.0451 0.0, -0.4788 0.1234 0.0, -0.482 0.1494 0.0, -0.4818 0.1558 0.0, -0.3653 0.0064 0.0, -0.3714 0.0089 0.0, -0.3844 0.0187 0.0, -0.3943 0.0309 0.0, -0.3104 0.0064 0.0, -0.3217 0.002 0.0, -0.02 -0.41 0.0, -0.3378 -0.0 0.0, -0.3404 0.0 0.0, -0.3561 0.0025 0.0, -0.2756 0.0434 0.0, -0.2757 0.043 0.0, -0.02 0.0064 0.0, -0.2836 0.0282 0.0, -0.2937 0.0169 0.0, -0.3069 0.0077 0.0, -0.1908 0.0825 0.0, -0.1862 0.0843 0.0, -0.1784 0.1222 0.0, -0.0828 0.0737 0.0, -0.1009 0.0584 0.0, -0.02 0.0434 0.0, -0.288 0.1109 0.0, -0.199 0.1574 0.0, -0.2997 0.1215 0.0, -0.3138 0.129 0.0, -0.1949 0.0796 0.0, -0.0696 0.0921 0.0, -0.0997 0.142 0.0, -0.1029 0.1548 0.0, -0.108 0.1642 0.0, -0.4385 0.1642 0.0, -0.0613 0.1585 0.0, -0.0582 0.1368 0.0, -0.0613 0.1131 0.0, -0.1811 0.085 0.0, -0.1805 0.085 0.0, -0.1785 0.0845 0.0, -0.4345 0.1242 0.0, -0.4267 0.1108 0.0, -0.393 0.1039 0.0, -0.4148 0.0986 0.0, -0.4003 0.0896 0.0, -0.3684 0.1259 0.0, -0.382 0.1165 0.0, -0.4401 0.1508 0.0, -0.4393 0.1404 0.0, -0.3537 0.1315 0.0, -0.3378 0.1335 0.0, -0.3298 0.133 0.0, -0.2017 0.0644 0.0, -0.2015 0.067 0.0, -0.2714 0.073 0.0, -0.2002 0.0721 0.0, -0.1976 0.0766 0.0, -0.1129 0.101 0.0, -0.1056 0.1114 0.0, -0.101 0.1232 0.0, -0.0994 0.1361 0.0, -0.1862 0.0444 0.0, -0.1906 0.0462 0.0, -0.1949 0.0492 0.0, -0.1964 0.0508 0.0, -0.1993 0.055 0.0, -0.2011 0.0595 0.0, -0.2718 0.0594 0.0, -0.2714 0.0664 0.0, -0.1211 0.0485 0.0, -0.1432 0.0438 0.0, -0.1824 0.0438 0.0, -0.1771 0.0843 0.0, -0.1472 0.0843 0.0, -0.1352 0.0866 0.0, -0.1235 0.0921 0.0, -0.1137 0.1001 0.0, -0.1565 0.1879 0.0, -0.4324 0.1817 0.0, -0.4381 0.1669 0.0, -0.1512 0.1879 0.0, -0.1091 0.1662 0.0, -0.1167 0.1747 0.0, -0.127 0.1819 0.0, -0.1386 0.1864 0.0, -0.1709 0.2279 0.0, -0.1859 0.2458 0.0, -0.3385 0.2072 0.0, -0.1875 0.2472 0.0, -0.2061 0.2602 0.0, -0.3284 0.2282 0.0, -0.4256 0.1916 0.0, -0.3431 0.2097 0.0, -0.1573 0.1916 0.0, -0.1606 0.2065 0.0, -0.358 0.2152 0.0, -0.3737 0.2172 0.0, -0.3807 0.2168 0.0, -0.3135 0.246 0.0, -0.227 0.2682 0.0, -0.2957 0.259 0.0, -0.2495 0.271 0.0, -0.274 0.2678 0.0, -0.3971 0.2129 0.0, -0.4119 0.205 0.0, -0.4232 0.1949 0.0, -0.101 0.2129 0.0, -0.083 0.1977 0.0, -0.02 0.1916 0.0, -0.0786 0.1916 0.0, 0.068 0.0434 0.0, 0.0183 0.0441 0.0, 0.068 0.0441 0.0, 0.0183 0.1376 0.0, 0.068 0.1642 0.0, 0.0664 0.1376 0.0, 0.0664 0.1268 0.0, 0.0303 0.1268 0.0, 0.0303 0.0969 0.0, 0.0303 0.0862 0.0, 0.0303 0.0548 0.0, 0.0637 0.0862 0.0, 0.068 0.0548 0.0, 0.0637 0.0969 0.0, 0.0699 0.1642 0.0, 0.0685 0.0441 0.0, 0.0699 0.0434 0.0, 0.0685 0.0548 0.0, 0.1973 0.2344 0.0, 0.1721 0.2344 0.0, 0.1973 0.203 0.0, 0.1721 0.203 0.0, 0.1973 0.2865 0.0, 0.2081 0.2858 0.0, 0.2191 0.2865 0.0, 0.2081 0.275 0.0, 0.2055 0.2344 0.0, 0.2102 0.203 0.0, 0.2055 0.2451 0.0, 0.1973 0.275 0.0, 0.1973 0.2451 0.0, 0.1721 0.275 0.0, 0.1721 0.2451 0.0, 0.1546 0.1916 0.0, 0.16 0.1923 0.0, 0.1546 0.2865 0.0, 0.16 0.2858 0.0, 0.1973 0.2858 0.0, 0.1452 0.1916 0.0, 0.1452 0.2865 0.0, 0.1413 0.2709 0.0, 0.1413 0.2835 0.0, 0.1172 0.2015 0.0, 0.1226 0.2018 0.0, 0.133 0.2039 0.0, 0.1413 0.2078 0.0, 0.1413 0.1962 0.0, 0.1397 0.1954 0.0, 0.1076 0.2748 0.0, 0.1003 0.2714 0.0, 0.0938 0.2661 0.0, 0.1391 0.2721 0.0, 0.0931 0.2653 0.0, 0.0886 0.2588 0.0, 0.0855 0.2507 0.0, 0.084 0.238 0.0, 0.084 0.2368 0.0, 0.0855 0.2255 0.0, 0.0953 0.2093 0.0, 0.1014 0.2051 0.0, 0.1081 0.2026 0.0, 0.1295 0.2754 0.0, 0.1193 0.2764 0.0, 0.1158 0.2763 0.0, 0.0885 0.2179 0.0, 0.0932 0.2113 0.0, 0.1192 0.2873 0.0, 0.1207 0.2873 0.0, 0.1452 0.5542 0.0, 0.1285 0.2865 0.0, 0.1327 0.2861 0.0, 0.0991 0.1933 0.0, 0.0903 0.1976 0.0, 0.0699 0.1916 0.0, 0.096 0.2819 0.0, 0.1058 0.2857 0.0, 0.0699 0.2865 0.0, 0.1126 0.2865 0.0, 0.0699 0.5542 0.0, 0.0833 0.2035 0.0, 0.0825 0.2045 0.0, 0.0769 0.2124 0.0, 0.0741 0.2557 0.0, 0.0788 0.2659 0.0, 0.0732 0.2222 0.0, 0.0714 0.2373 0.0, 0.0717 0.2438 0.0, 0.0848 0.2736 0.0, 0.0869 0.2756 0.0, 0.1297 0.1921 0.0, 0.1237 0.1916 0.0, 0.1452 0.1642 0.0, 0.1154 0.1908 0.0, 0.1091 0.1911 0.0, 0.1071 0.1916 0.0, -1.6799 1.2008 0.0, -1.7028 1.2008 0.0, -1.8012 1.2992 0.0, -2.5846 1.2992 0.0, -2.5846 0.5542 0.0, -1.4373 0.7976 0.0, -1.486 0.804 0.0, -1.6003 0.8917 0.0, -1.6191 0.9371 0.0, -1.6255 0.9858 0.0, -1.6191 1.0346 0.0, -1.6003 1.08 0.0, -1.5704 1.1189 0.0, -1.5314 1.1489 0.0, -1.5314 0.8228 0.0, -1.5704 0.8527 0.0, -1.486 1.1677 0.0, -1.4373 1.1741 0.0, -0.02 1.2008 0.0, -0.02 0.7976 0.0, -0.02 1.1741 0.0, 0.068 1.1741 0.0, 0.068 1.2008 0.0, 0.0699 1.1741 0.0, 0.0699 1.2008 0.0, 0.1452 1.1741 0.0, 0.1452 1.2008 0.0, 0.1546 1.1741 0.0, 0.1546 1.2008 0.0, 0.1973 1.1741 0.0, 0.1973 1.2008 0.0, 0.2191 1.1741 0.0, 0.2191 1.2008 0.0, 0.2707 1.1741 0.0, 0.2707 1.2008 0.0, 0.4235 1.1741 0.0, 0.4235 1.2008 0.0, 1.5704 1.1189 0.0, 1.6003 1.08 0.0, 2.5846 1.2992 0.0, 1.6191 1.0346 0.0, 1.6255 0.9858 0.0, 1.6191 0.9371 0.0, 1.6003 0.8917 0.0, 1.5704 0.8527 0.0, 1.5314 0.8228 0.0, 1.486 0.804 0.0, 1.3091 1.2008 0.0, 1.4373 1.1741 0.0, 1.4075 1.2992 0.0, 1.486 1.1677 0.0, 1.5314 1.1489 0.0, 2.2736 0.2865 0.0, 0.4235 0.5542 0.0, 1.4373 0.7976 0.0, 0.4235 0.2865 0.0, 2.2736 0.1916 0.0, 0.4235 0.1916 0.0, 2.2736 0.1642 0.0, 0.4394 0.0441 0.0, 0.4261 0.0441 0.0, 0.4235 0.0434 0.0, 0.4968 0.0441 0.0, 0.4873 0.0697 0.0, 0.4484 0.0697 0.0, 0.4235 0.1642 0.0, 0.4617 0.1376 0.0, 0.4746 0.1376 0.0, 0.5102 0.0441 0.0, 2.2736 0.0434 0.0, 2.5846 -2.6378 0.0, 2.5846 -1.2598 0.0, 2.1664 -2.6378 0.0, 2.2736 -1.2598 0.0, 1.8248 -2.464 0.0, 1.3754 -2.3605 0.0, 1.7342 -1.1582 0.0, 1.7227 -1.2458 0.0, 0.4235 -0.8199 0.0, 1.3959 -0.8199 0.0, 2.2736 -0.41 0.0, 1.4835 -0.8315 0.0, 1.5651 -0.8653 0.0, 1.6351 -0.919 0.0, 1.6889 -0.9891 0.0, 1.7227 -1.0707 0.0, 1.6889 -1.3274 0.0, 1.6351 -1.3974 0.0, 1.5651 -1.4512 0.0, 1.4835 -1.485 0.0, 1.3959 -1.4965 0.0, 0.9201 -2.2862 0.0, 0.461 -2.2415 0.0, 0.4235 -1.4965 0.0, 0.4235 -2.2403 0.0, 0.2707 -1.4965 0.0, 0.2707 -2.2354 0.0, 0.2191 -1.4965 0.0, 0.2191 -2.2337 0.0, 0.1973 -1.4965 0.0, 0.1973 -2.233 0.0, 0.1546 -1.4965 0.0, 0.1546 -2.2316 0.0, 0.1452 -1.4965 0.0, 0.1452 -2.2313 0.0, 0.0699 -1.4965 0.0, 0.0699 -2.2289 0.0, 0.068 -1.4965 0.0, 0.068 -2.2288 0.0, 0.0 -2.2266 0.0, -0.02 -1.4965 0.0, -0.02 -2.2273 0.0, -1.3959 -1.4965 0.0, -1.4835 -1.485 0.0, -1.5651 -1.4512 0.0, -1.3754 -2.3605 0.0, -0.9201 -2.2862 0.0, -0.461 -2.2415 0.0, -1.6351 -1.3974 0.0, -1.6799 -1.3391 0.0, -1.6889 -1.3274 0.0, -1.7227 -1.2458 0.0, -2.1664 -2.6378 0.0, -2.5846 -1.2598 0.0, -2.5846 -2.6378 0.0, -2.2736 -0.41 0.0, -1.6799 -0.41 0.0, -2.2736 0.0064 0.0, -1.6799 0.0064 0.0, -2.2736 0.0434 0.0, -2.5846 0.315 0.0, -2.2736 0.315 0.0, -2.2736 0.2865 0.0, -2.2736 0.1916 0.0, -2.2736 0.1642 0.0, 0.1452 0.7976 0.0, 0.0699 0.7976 0.0, 0.4235 0.7976 0.0, 0.2707 0.7976 0.0, 0.2707 0.5542 0.0, 0.2191 0.7976 0.0, 0.2191 0.5542 0.0, 0.1973 0.7976 0.0, 0.1973 0.5542 0.0, 0.1546 0.7976 0.0, 0.1546 0.5542 0.0, 0.4235 -0.41 0.0, 0.2707 -0.41 0.0, 0.2707 -0.8199 0.0, 0.2191 -0.41 0.0, 0.2191 -0.8199 0.0, 0.1973 -0.41 0.0, 0.1973 -0.8199 0.0, 0.1546 -0.41 0.0, 0.1546 -0.8199 0.0, 0.1452 -0.41 0.0, 0.1452 -0.8199 0.0, 0.0699 -0.41 0.0, 0.0699 -0.8199 0.0, 0.068 -0.41 0.0, 0.068 -0.8199 0.0, -0.02 -0.8199 0.0, -1.7342 -1.1582 0.0, -1.7227 -1.0707 0.0, -1.6889 -0.9891 0.0, -1.6799 -0.9773 0.0, -1.6351 -0.919 0.0, -1.5651 -0.8653 0.0, -1.4835 -0.8315 0.0, -1.3959 -0.8199 0.0, 0.3224 0.1923 0.0, 0.3091 0.1923 0.0, 0.2707 0.1916 0.0, 0.3703 0.2179 0.0, 0.3314 0.2179 0.0, 0.3798 0.1923 0.0, 0.3447 0.2858 0.0, 0.3576 0.2858 0.0, 0.3932 0.1923 0.0, 0.2898 0.2734 0.0, 0.2932 0.2701 0.0, 0.299 0.2619 0.0, 0.3024 0.253 0.0, 0.2962 0.2127 0.0, 0.2898 0.2054 0.0, 0.28 0.1984 0.0, 0.2816 0.2792 0.0, 0.3039 0.2402 0.0, 0.3035 0.233 0.0, 0.301 0.2222 0.0, 0.2191 0.1916 0.0, 0.2279 0.1923 0.0, 0.2707 0.1948 0.0, 0.2693 0.1942 0.0, 0.2536 0.1923 0.0, 0.2279 0.2858 0.0, 0.2545 0.2858 0.0, 0.2565 0.2857 0.0, 0.0939 0.0434 0.0, 0.0894 0.0451 0.0, 0.0862 0.1062 0.0, 0.0862 0.0948 0.0, 0.1452 0.0434 0.0, 0.1333 0.0441 0.0, 0.1216 0.0441 0.0, 0.1158 0.0477 0.0, 0.1116 0.045 0.0, 0.1072 0.0434 0.0, 0.0817 0.0527 0.0, 0.0803 0.0567 0.0, 0.0854 0.0478 0.0, 0.0841 0.0491 0.0, 0.0842 0.0757 0.0, 0.0877 0.0788 0.0, 0.0925 0.0814 0.0, 0.0939 0.0997 0.0, 0.1018 0.0838 0.0, 0.1121 0.1025 0.0, 0.1081 0.1029 0.0, 0.1013 0.1022 0.0, 0.1279 0.1054 0.0, 0.1304 0.1017 0.0, 0.1323 0.0966 0.0, 0.1333 0.0871 0.0, 0.0797 0.062 0.0, 0.0803 0.0677 0.0, 0.0818 0.0719 0.0, 0.1216 0.0545 0.0, 0.1213 0.0545 0.0, 0.1195 0.0517 0.0, 0.1164 0.1117 0.0, 0.1213 0.1102 0.0, 0.1251 0.108 0.0, 0.1216 0.0866 0.0, 0.1212 0.0917 0.0, 0.12 0.0959 0.0, 0.1186 0.0983 0.0, 0.1169 0.1002 0.0, 0.1148 0.1015 0.0, 0.09 0.1083 0.0, 0.0989 0.1113 0.0, 0.1092 0.1124 0.0, 0.1069 0.0432 0.0, 0.1452 0.0064 0.0, 0.0699 0.0064 0.0, 0.1009 0.0426 0.0, 0.0941 0.0434 0.0, 0.1497 0.097 0.0, 0.1511 0.1008 0.0, 0.1492 0.0465 0.0, 0.1492 0.0586 0.0, 0.1492 0.0929 0.0, 0.151 0.0847 0.0, 0.1498 0.0883 0.0, 0.1546 0.0555 0.0, 0.1546 0.0802 0.0, 0.1531 0.0561 0.0, 0.1545 0.0803 0.0, 0.1526 0.0823 0.0, 0.1973 0.0064 0.0, 0.1746 0.0434 0.0, 0.1546 0.0064 0.0, 0.1673 0.0426 0.0, 0.1599 0.0434 0.0, 0.1903 0.0733 0.0, 0.1925 0.0701 0.0, 0.191 0.0981 0.0, 0.1973 0.0434 0.0, 0.1922 0.0539 0.0, 0.1901 0.0508 0.0, 0.1567 0.1071 0.0, 0.1598 0.109 0.0, 0.1662 0.1113 0.0, 0.1938 0.0667 0.0, 0.1942 0.0623 0.0, 0.1937 0.0576 0.0, 0.191 0.1094 0.0, 0.1973 0.1642 0.0, 0.1826 0.1118 0.0, 0.1752 0.1124 0.0, 0.1867 0.0479 0.0, 0.1834 0.0459 0.0, 0.177 0.0436 0.0, 0.1741 0.1029 0.0, 0.1706 0.1026 0.0, 0.1613 0.0939 0.0, 0.1675 0.1018 0.0, 0.1649 0.1004 0.0, 0.1614 0.0924 0.0, 0.1619 0.0905 0.0, 0.1627 0.089 0.0, 0.1639 0.0877 0.0, 0.168 0.0851 0.0, 0.1824 0.1019 0.0, 0.1752 0.082 0.0, 0.189 0.0993 0.0, 0.1798 0.0801 0.0, 0.1875 0.0758 0.0, 0.1631 0.0988 0.0, 0.1621 0.0974 0.0, 0.1615 0.0958 0.0, 0.1604 0.0531 0.0, 0.167 0.0735 0.0, 0.16 0.0767 0.0, 0.1684 0.0521 0.0, 0.1689 0.0521 0.0, 0.1747 0.0703 0.0, 0.1749 0.0528 0.0, 0.1822 0.0611 0.0, 0.1821 0.0626 0.0, 0.178 0.0539 0.0, 0.179 0.0545 0.0, 0.1804 0.0557 0.0, 0.1814 0.0573 0.0, 0.182 0.0589 0.0, 0.1816 0.0644 0.0, 0.1807 0.066 0.0, 0.1792 0.0675 0.0, 0.2378 0.0434 0.0, 0.2707 0.0434 0.0, 0.2644 0.1109 0.0, 0.2707 0.1642 0.0, 0.2522 0.1109 0.0, 0.2308 0.0607 0.0, 0.2323 0.0552 0.0, 0.2326 0.0552 0.0, 0.2003 0.1109 0.0, 0.2261 0.0434 0.0, 0.2265 0.0443 0.0, 0.2191 0.0632 0.0, 0.2214 0.0322 0.0, 0.2191 0.0434 0.0, 0.2191 0.028 0.0, 0.2191 0.0279 0.0, 0.2027 0.0241 0.0, 0.2027 0.0137 0.0, 0.2051 0.0233 0.0, 0.2094 0.0227 0.0, 0.2122 0.0231 0.0, 0.2191 0.0148 0.0, 0.215 0.0133 0.0, 0.2191 0.0064 0.0, 0.2103 0.0127 0.0, 0.2077 0.0128 0.0, 0.2147 0.024 0.0, 0.2169 0.0255 0.0, 0.2341 0.0341 0.0, 0.2288 0.0238 0.0, 0.2707 0.0064 0.0, 0.2245 0.0186 0.0, 0.2237 0.0179 0.0, 0.2196 0.015 0.0, 0.068 0.7976 0.0, 0.068 0.5542 0.0, 0.068 0.2865 0.0, 0.068 0.1916 0.0, 0.0675 0.203 0.0, 0.0675 0.1923 0.0, 0.0183 0.1923 0.0, 0.0303 0.203 0.0, 0.0303 0.2858 0.0, 0.0183 0.2858 0.0, 0.2331 0.0575 0.0, 0.234 0.0606 0.0, 0.3272 0.0548 0.0, 0.3272 0.0441 0.0, 0.3449 0.0441 0.0, 0.418 0.0741 0.0, 0.4131 0.0645 0.0, 0.4068 0.0572 0.0, 0.397 0.0502 0.0, 0.3863 0.046 0.0, 0.3706 0.0441 0.0, 0.277 0.0441 0.0, 0.277 0.1376 0.0, 0.3251 0.1376 0.0, 0.3251 0.1268 0.0, 0.289 0.1268 0.0, 0.289 0.0969 0.0, 0.416 0.1137 0.0, 0.4194 0.1048 0.0, 0.4209 0.092 0.0, 0.4205 0.0848 0.0, 0.3449 0.1376 0.0, 0.3224 0.0969 0.0, 0.3224 0.0862 0.0, 0.289 0.0862 0.0, 0.289 0.0548 0.0, 0.3876 0.1355 0.0, 0.3986 0.131 0.0, 0.3715 0.1376 0.0, 0.3735 0.1375 0.0, 0.4068 0.1252 0.0, 0.4102 0.1219 0.0, 0.4235 0.0064 0.0, 2.2736 0.0064 0.0, 0.068 0.0064 0.0, 2.6673 0.4724 -0.5079, 2.6673 0.8661 -0.5079, 2.6673 0.4724 -0.4331, 2.6673 0.8661 -0.4331, 2.6673 1.0236 -0.5906, 2.6673 2.0472 -0.5906, 2.6673 1.0236 -0.4331, 2.6673 2.0472 -0.0827, 2.6673 0.315 -0.0827, 2.6673 0.315 -0.4331, 2.5886 0.8661 -0.4331, 2.5886 0.8661 -0.5079, 2.5886 0.4724 -0.5079, 2.5886 2.0472 -0.0001, 2.5886 2.0472 -0.5906, 2.5886 1.0236 -0.5906, 2.5886 1.0236 -0.4331, 2.5886 0.4724 -0.4331, 2.5886 0.315 -0.4331, 2.5886 0.315 -0.0827, 2.5886 1.2992 -0.0827, 2.5886 1.2992 -0.0001, -2.6673 0.4724 -0.4331, -2.6673 0.315 -0.4331, -2.6673 0.315 -0.0827, -2.6673 2.0472 -0.5906, -2.6673 1.0236 -0.5906, -2.6673 2.0472 -0.0827, -2.6673 1.0236 -0.4331, -2.6673 0.8661 -0.4331, -2.6673 0.8661 -0.5079, -2.6673 0.4724 -0.5079, -2.5886 0.315 -0.0827, -2.5886 0.315 -0.4331, -2.5886 1.2992 -0.0827, -2.5886 0.4724 -0.4331, -2.5886 1.0236 -0.4331, -2.5886 0.8661 -0.4331, -2.5886 0.8661 -0.5079, -2.5886 0.4724 -0.5079, -2.5886 1.0236 -0.5906, -2.5886 2.0472 -0.5906, -2.5886 1.2992 -0.0001, -2.5886 2.0472 -0.0001, -2.606 2.0472 -0.0028, -2.606 0.315 -0.0028, -2.626 2.0472 -0.0111, -2.626 0.315 -0.0111, -2.6431 2.0472 -0.0242, -2.6431 0.315 -0.0242, -2.6562 2.0472 -0.0413, -2.6562 0.315 -0.0413, -2.6645 2.0472 -0.0613, -2.6645 0.315 -0.0613, -2.5884 0.315 -0.0817, -2.5884 1.2992 -0.0817, -2.5881 0.315 -0.0807, -2.5881 1.2992 -0.0807, -2.5874 0.315 -0.0799, -2.5874 1.2992 -0.0799, -2.5866 0.315 -0.0793, -2.5866 1.2992 -0.0793, -2.5857 0.315 -0.0789, -2.5857 1.2992 -0.0789, -2.5846 0.315 -0.0787, -2.5846 1.2992 -0.0787, 2.606 -2.6378 -0.0028, 2.606 -1.2598 -0.0028, 2.626 -2.6378 -0.0111, 2.626 -1.2598 -0.0111, 2.6431 -2.6378 -0.0242, 2.6431 -1.2598 -0.0242, 2.6562 -2.6378 -0.0413, 2.6562 -1.2598 -0.0413, 2.6645 -2.6378 -0.0613, 2.6645 -1.2598 -0.0613, 2.6673 -2.6378 -0.0827, 2.6673 -1.2598 -0.0827, 2.5886 -1.2598 -0.0827, 2.5886 -2.6378 -0.0827, 2.5884 -1.2598 -0.0817, 2.5884 -2.6378 -0.0817, 2.5881 -1.2598 -0.0807, 2.5881 -2.6378 -0.0807, 2.5874 -1.2598 -0.0799, 2.5874 -2.6378 -0.0799, 2.5866 -1.2598 -0.0793, 2.5866 -2.6378 -0.0793, 2.5857 -1.2598 -0.0789, 2.5857 -2.6378 -0.0789, 2.5846 -1.2598 -0.0787, 2.5846 -2.6378 -0.0787, 2.6673 -1.2598 -0.5906, 2.6673 -2.6378 -0.5906, 2.5886 -2.6378 -0.5906, 2.5886 -1.2598 -0.5906, -2.5846 -2.6378 -0.0787, -2.1664 -2.6378 -0.0787, 1.8248 -2.464 -0.0787, 1.3754 -2.3605 -0.0787, 2.2736 -1.2598 -0.0787, -1.7028 1.2008 -0.0787, -2.2736 0.315 -0.0787, -1.8012 1.2992 -0.0787, -1.7227 -1.0707 -0.0787, -1.7342 -1.1582 -0.0787, -2.2736 -1.2598 -0.0787, 1.3091 1.2008 -0.0787, 1.4075 1.2992 -0.0787, 2.2736 0.315 -0.0787, 2.5846 1.2992 -0.0787, 2.5846 0.315 -0.0787, 2.1664 -2.6378 -0.0787, 1.6889 -1.3274 -0.0787, 1.7227 -1.2458 -0.0787, 1.7342 -1.1582 -0.0787, 1.7227 -1.0707 -0.0787, 1.6889 -0.9891 -0.0787, 1.6351 -0.919 -0.0787, -2.5846 -1.2598 -0.0787, -1.6889 -0.9891 -0.0787, -1.6351 -0.919 -0.0787, -1.4835 -0.8315 -0.0787, -1.5651 -0.8653 -0.0787, 1.3959 -1.4965 -0.0787, 1.4835 -1.485 -0.0787, 1.5651 -1.4512 -0.0787, 1.6351 -1.3974 -0.0787, 1.5651 -0.8653 -0.0787, 1.4835 -0.8315 -0.0787, 1.3959 -0.8199 -0.0787, -1.3959 -0.8199 -0.0787, -1.7227 -1.2458 -0.0787, -1.6889 -1.3274 -0.0787, -1.6351 -1.3974 -0.0787, -1.5651 -1.4512 -0.0787, -1.8248 -2.464 -0.0787, -1.4835 -1.485 -0.0787, -1.3754 -2.3605 -0.0787, -1.3959 -1.4965 -0.0787, -0.9201 -2.2862 -0.0787, -0.461 -2.2415 -0.0787, 0.9201 -2.2862 -0.0787, 0.461 -2.2415 -0.0787, -0.0 -2.2266 -0.0787, -2.5857 -2.6378 -0.0789, -2.606 -2.6378 -0.0028, -2.5866 -2.6378 -0.0793, -2.626 -2.6378 -0.0111, -2.5874 -2.6378 -0.0799, -2.6431 -2.6378 -0.0242, -2.5881 -2.6378 -0.0807, -2.6562 -2.6378 -0.0413, -2.5884 -2.6378 -0.0817, -2.6645 -2.6378 -0.0613, -2.5886 -2.6378 -0.0827, -2.6673 -2.6378 -0.0827, -2.606 -1.2598 -0.0028, -2.626 -1.2598 -0.0111, -2.6431 -1.2598 -0.0242, -2.6562 -1.2598 -0.0413, -2.6645 -1.2598 -0.0613, -2.6673 -1.2598 -0.0827, -2.5886 -1.2598 -0.0827, -2.5884 -1.2598 -0.0817, -2.5881 -1.2598 -0.0807, -2.5874 -1.2598 -0.0799, -2.5866 -1.2598 -0.0793, -2.5857 -1.2598 -0.0789, -2.6673 -2.6378 -0.5906, -2.5886 -2.6378 -0.5906, -2.6673 -1.2598 -0.5906, -2.5886 -1.2598 -0.5906, 2.606 2.0472 -0.0028, 2.606 0.315 -0.0028, 2.626 0.315 -0.0111, 2.626 2.0472 -0.0111, 2.6431 0.315 -0.0242, 2.6431 2.0472 -0.0242, 2.6562 0.315 -0.0413, 2.6562 2.0472 -0.0413, 2.6645 0.315 -0.0613, 2.6645 2.0472 -0.0613, 2.5884 1.2992 -0.0817, 2.5884 0.315 -0.0817, 2.5881 1.2992 -0.0807, 2.5881 0.315 -0.0807, 2.5874 1.2992 -0.0799, 2.5874 0.315 -0.0799, 2.5866 1.2992 -0.0793, 2.5866 0.315 -0.0793, 2.5857 1.2992 -0.0789, 2.5857 0.315 -0.0789, -2.5884 0.4724 -0.5089, -2.6645 0.4724 -0.5293, -2.5881 0.4724 -0.5098, -2.6562 0.4724 -0.5492, -2.5874 0.4724 -0.5107, -2.6431 0.4724 -0.5663, -2.5866 0.4724 -0.5113, -2.626 0.4724 -0.5795, -2.5857 0.4724 -0.5117, -2.606 0.4724 -0.5877, -2.5846 0.4724 -0.5118, -2.5846 0.4724 -0.5906, -2.5846 0.8661 -0.5118, -2.5846 0.8661 -0.5906, -2.5857 0.8661 -0.5117, -2.606 0.8661 -0.5877, -2.5866 0.8661 -0.5113, -2.626 0.8661 -0.5795, -2.5874 0.8661 -0.5107, -2.6431 0.8661 -0.5663, -2.5881 0.8661 -0.5098, -2.6562 0.8661 -0.5492, -2.5884 0.8661 -0.5089, -2.6645 0.8661 -0.5293, -2.3524 0.8661 -0.5118, -2.3524 0.8661 -0.5906, -2.3524 0.4724 -0.5906, -2.3524 0.4724 -0.5118, 2.5884 0.8661 -0.5089, 2.6645 0.8661 -0.5293, 2.5881 0.8661 -0.5098, 2.6562 0.8661 -0.5492, 2.5874 0.8661 -0.5107, 2.6431 0.8661 -0.5663, 2.5866 0.8661 -0.5113, 2.626 0.8661 -0.5795, 2.5857 0.8661 -0.5117, 2.606 0.8661 -0.5877, 2.5846 0.8661 -0.5118, 2.5846 0.8661 -0.5906, 2.5846 0.4724 -0.5118, 2.5846 0.4724 -0.5906, 2.5857 0.4724 -0.5117, 2.606 0.4724 -0.5877, 2.5866 0.4724 -0.5113, 2.626 0.4724 -0.5795, 2.5874 0.4724 -0.5107, 2.6431 0.4724 -0.5663, 2.5881 0.4724 -0.5098, 2.6562 0.4724 -0.5492, 2.5884 0.4724 -0.5089, 2.6645 0.4724 -0.5293, 2.3524 0.4724 -0.5118, 2.3524 0.4724 -0.5906, 2.3524 0.8661 -0.5906, 2.3524 0.8661 -0.5118, -1.4373 1.1741 -0.0197, -1.486 1.1677 -0.0197, -1.5314 1.1489 -0.0197, -1.5704 1.1189 -0.0197, -1.6003 1.08 -0.0197, -1.6191 1.0346 -0.0197, -1.6255 0.9858 -0.0197, -1.6191 0.9371 -0.0197, -1.6003 0.8917 -0.0197, -1.5704 0.8527 -0.0197, -1.5314 0.8228 -0.0197, -1.486 0.804 -0.0197, -1.4373 0.7976 -0.0197, 1.4373 1.1741 -0.0197, 1.4373 0.7976 -0.0197, 1.486 0.804 -0.0197, 1.5314 0.8228 -0.0197, 1.5704 0.8527 -0.0197, 1.6003 0.8917 -0.0197, 1.6191 0.9371 -0.0197, 1.6255 0.9858 -0.0197, 1.6191 1.0346 -0.0197, 1.6003 1.08 -0.0197, 1.5704 1.1189 -0.0197, 1.5314 1.1489 -0.0197, 1.486 1.1677 -0.0197, 1.486 1.1677 -0.0197
            ]
        }
        coordIndex [
            0,1,2,-1,2,1,3,-1,4,0,5,-1,5,0,2,-1,6,4,7,-1,7,4,5,-1,6,7,8,-1,8,7,9,-1,8,9,10,-1,10,9,11,-1,10,11,12,-1,12,11,13,-1,12,13,14,-1,14,13,15,-1,14,15,16,-1,16,15,17,-1,16,17,18,-1,18,17,19,-1,20,18,21,-1,21,18,19,-1,20,21,22,-1,20,22,23,-1,23,22,24,-1,23,24,25,-1,25,24,26,-1,25,26,27,-1,27,26,28,-1,27,28,29,-1,30,29,31,-1,31,29,28,-1,32,30,33,-1,33,30,31,-1,34,32,35,-1,35,32,33,-1,34,35,36,-1,36,35,37,-1,36,37,38,-1,38,37,39,-1,38,39,40,-1,40,39,41,-1,42,40,43,-1,43,40,41,-1,42,43,44,-1,42,44,45,-1,45,44,46,-1,45,46,47,-1,47,46,48,-1,47,48,49,-1,49,48,50,-1,49,50,51,-1,51,50,52,-1,51,52,53,-1,53,52,3,-1,53,3,1,-1,38,25,36,-1,36,25,27,-1,36,27,34,-1,34,27,29,-1,34,29,32,-1,32,29,30,-1,0,4,1,-1,1,4,6,-1,1,6,53,-1,53,6,8,-1,53,8,51,-1,51,8,10,-1,51,10,49,-1,49,10,12,-1,49,12,47,-1,47,12,14,-1,47,14,45,-1,45,14,16,-1,45,16,42,-1,42,16,18,-1,42,18,40,-1,40,18,20,-1,40,20,38,-1,38,20,23,-1,38,23,25,-1,33,31,35,-1,35,31,28,-1,35,28,37,-1,5,2,7,-1,7,2,3,-1,7,3,9,-1,9,3,52,-1,9,52,11,-1,11,52,50,-1,11,50,13,-1,13,50,48,-1,13,48,15,-1,15,48,46,-1,15,46,17,-1,17,46,44,-1,17,44,19,-1,19,44,43,-1,19,43,21,-1,21,43,41,-1,21,41,22,-1,22,41,39,-1,22,39,24,-1,24,39,37,-1,24,37,26,-1,26,37,28,-1,54,55,56,-1,56,55,57,-1,58,54,59,-1,59,54,56,-1,60,58,61,-1,61,58,59,-1,60,61,62,-1,62,61,63,-1,62,63,64,-1,64,63,65,-1,64,65,66,-1,66,65,67,-1,66,67,68,-1,68,67,69,-1,68,69,70,-1,70,69,71,-1,70,71,72,-1,72,71,73,-1,74,72,75,-1,75,72,73,-1,74,75,76,-1,74,76,77,-1,77,76,78,-1,77,78,79,-1,79,78,80,-1,79,80,81,-1,81,80,82,-1,81,82,83,-1,84,83,85,-1,85,83,82,-1,86,84,87,-1,87,84,85,-1,88,86,89,-1,89,86,87,-1,88,89,90,-1,90,89,91,-1,90,91,92,-1,92,91,93,-1,92,93,94,-1,94,93,95,-1,96,94,97,-1,97,94,95,-1,96,97,98,-1,96,98,99,-1,99,98,100,-1,99,100,101,-1,101,100,102,-1,101,102,103,-1,103,102,104,-1,103,104,105,-1,105,104,106,-1,105,106,107,-1,107,106,57,-1,107,57,55,-1,92,79,90,-1,90,79,81,-1,90,81,88,-1,88,81,83,-1,88,83,86,-1,86,83,84,-1,54,58,55,-1,55,58,60,-1,55,60,107,-1,107,60,62,-1,107,62,105,-1,105,62,64,-1,105,64,103,-1,103,64,66,-1,103,66,101,-1,101,66,68,-1,101,68,99,-1,99,68,70,-1,99,70,96,-1,96,70,72,-1,96,72,94,-1,94,72,74,-1,94,74,92,-1,92,74,77,-1,92,77,79,-1,87,85,89,-1,89,85,82,-1,89,82,91,-1,59,56,61,-1,61,56,57,-1,61,57,63,-1,63,57,106,-1,63,106,65,-1,65,106,104,-1,65,104,67,-1,67,104,102,-1,67,102,69,-1,69,102,100,-1,69,100,71,-1,71,100,98,-1,71,98,73,-1,73,98,97,-1,73,97,75,-1,75,97,95,-1,75,95,76,-1,76,95,93,-1,76,93,78,-1,78,93,91,-1,78,91,80,-1,80,91,82,-1,108,109,110,-1,110,109,111,-1,112,108,113,-1,113,108,110,-1,114,112,115,-1,115,112,113,-1,114,115,116,-1,116,115,117,-1,116,117,118,-1,118,117,119,-1,118,119,120,-1,120,119,121,-1,120,121,122,-1,122,121,123,-1,122,123,124,-1,124,123,125,-1,124,125,126,-1,126,125,127,-1,128,126,129,-1,129,126,127,-1,128,129,130,-1,128,130,131,-1,131,130,132,-1,131,132,133,-1,133,132,134,-1,133,134,135,-1,135,134,136,-1,135,136,137,-1,138,137,139,-1,139,137,136,-1,140,138,141,-1,141,138,139,-1,142,140,143,-1,143,140,141,-1,142,143,144,-1,144,143,145,-1,144,145,146,-1,146,145,147,-1,146,147,148,-1,148,147,149,-1,150,148,151,-1,151,148,149,-1,150,151,152,-1,150,152,153,-1,153,152,154,-1,153,154,155,-1,155,154,156,-1,155,156,157,-1,157,156,158,-1,157,158,159,-1,159,158,160,-1,159,160,161,-1,161,160,111,-1,161,111,109,-1,146,133,144,-1,144,133,135,-1,144,135,142,-1,142,135,137,-1,142,137,140,-1,140,137,138,-1,108,112,109,-1,109,112,114,-1,109,114,161,-1,161,114,116,-1,161,116,159,-1,159,116,118,-1,159,118,157,-1,157,118,120,-1,157,120,155,-1,155,120,122,-1,155,122,153,-1,153,122,124,-1,153,124,150,-1,150,124,126,-1,150,126,148,-1,148,126,128,-1,148,128,146,-1,146,128,131,-1,146,131,133,-1,141,139,143,-1,143,139,136,-1,143,136,145,-1,113,110,115,-1,115,110,111,-1,115,111,117,-1,117,111,160,-1,117,160,119,-1,119,160,158,-1,119,158,121,-1,121,158,156,-1,121,156,123,-1,123,156,154,-1,123,154,125,-1,125,154,152,-1,125,152,127,-1,127,152,151,-1,127,151,129,-1,129,151,149,-1,129,149,130,-1,130,149,147,-1,130,147,132,-1,132,147,145,-1,132,145,134,-1,134,145,136,-1,162,163,164,-1,164,163,165,-1,166,162,167,-1,167,162,164,-1,168,166,169,-1,169,166,167,-1,168,169,170,-1,170,169,171,-1,170,171,172,-1,172,171,173,-1,172,173,174,-1,174,173,175,-1,174,175,176,-1,176,175,177,-1,176,177,178,-1,178,177,179,-1,178,179,180,-1,180,179,181,-1,182,180,183,-1,183,180,181,-1,182,183,184,-1,182,184,185,-1,185,184,186,-1,185,186,187,-1,187,186,188,-1,187,188,189,-1,189,188,190,-1,189,190,191,-1,192,191,193,-1,193,191,190,-1,194,192,195,-1,195,192,193,-1,196,194,197,-1,197,194,195,-1,196,197,198,-1,198,197,199,-1,198,199,200,-1,200,199,201,-1,200,201,202,-1,202,201,203,-1,204,202,205,-1,205,202,203,-1,204,205,206,-1,204,206,207,-1,207,206,208,-1,207,208,209,-1,209,208,210,-1,209,210,211,-1,211,210,212,-1,211,212,213,-1,213,212,214,-1,213,214,215,-1,215,214,165,-1,215,165,163,-1,200,187,198,-1,198,187,189,-1,198,189,196,-1,196,189,191,-1,196,191,194,-1,194,191,192,-1,162,166,163,-1,163,166,168,-1,163,168,215,-1,215,168,170,-1,215,170,213,-1,213,170,172,-1,213,172,211,-1,211,172,174,-1,211,174,209,-1,209,174,176,-1,209,176,207,-1,207,176,178,-1,207,178,204,-1,204,178,180,-1,204,180,202,-1,202,180,182,-1,202,182,200,-1,200,182,185,-1,200,185,187,-1,195,193,197,-1,197,193,190,-1,197,190,199,-1,167,164,169,-1,169,164,165,-1,169,165,171,-1,171,165,214,-1,171,214,173,-1,173,214,212,-1,173,212,175,-1,175,212,210,-1,175,210,177,-1,177,210,208,-1,177,208,179,-1,179,208,206,-1,179,206,181,-1,181,206,205,-1,181,205,183,-1,183,205,203,-1,183,203,184,-1,184,203,201,-1,184,201,186,-1,186,201,199,-1,186,199,188,-1,188,199,190,-1,216,217,218,-1,218,217,219,-1,220,216,221,-1,221,216,218,-1,222,220,223,-1,223,220,221,-1,222,223,224,-1,224,223,225,-1,224,225,226,-1,226,225,227,-1,226,227,228,-1,228,227,229,-1,228,229,230,-1,230,229,231,-1,230,231,232,-1,232,231,233,-1,232,233,234,-1,234,233,235,-1,236,234,237,-1,237,234,235,-1,236,237,238,-1,236,238,239,-1,239,238,240,-1,239,240,241,-1,241,240,242,-1,241,242,243,-1,243,242,244,-1,243,244,245,-1,246,245,247,-1,247,245,244,-1,248,246,249,-1,249,246,247,-1,250,248,251,-1,251,248,249,-1,250,251,252,-1,252,251,253,-1,252,253,254,-1,254,253,255,-1,254,255,256,-1,256,255,257,-1,258,256,259,-1,259,256,257,-1,258,259,260,-1,258,260,261,-1,261,260,262,-1,261,262,263,-1,263,262,264,-1,263,264,265,-1,265,264,266,-1,265,266,267,-1,267,266,268,-1,267,268,269,-1,269,268,219,-1,269,219,217,-1,254,241,252,-1,252,241,243,-1,252,243,250,-1,250,243,245,-1,250,245,248,-1,248,245,246,-1,216,220,217,-1,217,220,222,-1,217,222,269,-1,269,222,224,-1,269,224,267,-1,267,224,226,-1,267,226,265,-1,265,226,228,-1,265,228,263,-1,263,228,230,-1,263,230,261,-1,261,230,232,-1,261,232,258,-1,258,232,234,-1,258,234,256,-1,256,234,236,-1,256,236,254,-1,254,236,239,-1,254,239,241,-1,249,247,251,-1,251,247,244,-1,251,244,253,-1,221,218,223,-1,223,218,219,-1,223,219,225,-1,225,219,268,-1,225,268,227,-1,227,268,266,-1,227,266,229,-1,229,266,264,-1,229,264,231,-1,231,264,262,-1,231,262,233,-1,233,262,260,-1,233,260,235,-1,235,260,259,-1,235,259,237,-1,237,259,257,-1,237,257,238,-1,238,257,255,-1,238,255,240,-1,240,255,253,-1,240,253,242,-1,242,253,244,-1,270,271,272,-1,272,271,273,-1,274,270,275,-1,275,270,272,-1,276,274,277,-1,277,274,275,-1,276,277,278,-1,278,277,279,-1,278,279,280,-1,280,279,281,-1,280,281,282,-1,282,281,283,-1,282,283,284,-1,284,283,285,-1,284,285,286,-1,286,285,287,-1,286,287,288,-1,288,287,289,-1,290,288,291,-1,291,288,289,-1,290,291,292,-1,290,292,293,-1,293,292,294,-1,293,294,295,-1,295,294,296,-1,295,296,297,-1,297,296,298,-1,297,298,299,-1,300,299,301,-1,301,299,298,-1,302,300,303,-1,303,300,301,-1,304,302,305,-1,305,302,303,-1,304,305,306,-1,306,305,307,-1,306,307,308,-1,308,307,309,-1,308,309,310,-1,310,309,311,-1,312,310,313,-1,313,310,311,-1,312,313,314,-1,312,314,315,-1,315,314,316,-1,315,316,317,-1,317,316,318,-1,317,318,319,-1,319,318,320,-1,319,320,321,-1,321,320,322,-1,321,322,323,-1,323,322,273,-1,323,273,271,-1,308,295,306,-1,306,295,297,-1,306,297,304,-1,304,297,299,-1,304,299,302,-1,302,299,300,-1,270,274,271,-1,271,274,276,-1,271,276,323,-1,323,276,278,-1,323,278,321,-1,321,278,280,-1,321,280,319,-1,319,280,282,-1,319,282,317,-1,317,282,284,-1,317,284,315,-1,315,284,286,-1,315,286,312,-1,312,286,288,-1,312,288,310,-1,310,288,290,-1,310,290,308,-1,308,290,293,-1,308,293,295,-1,303,301,305,-1,305,301,298,-1,305,298,307,-1,275,272,277,-1,277,272,273,-1,277,273,279,-1,279,273,322,-1,279,322,281,-1,281,322,320,-1,281,320,283,-1,283,320,318,-1,283,318,285,-1,285,318,316,-1,285,316,287,-1,287,316,314,-1,287,314,289,-1,289,314,313,-1,289,313,291,-1,291,313,311,-1,291,311,292,-1,292,311,309,-1,292,309,294,-1,294,309,307,-1,294,307,296,-1,296,307,298,-1,324,325,326,-1,326,325,327,-1,328,324,329,-1,329,324,326,-1,330,328,331,-1,331,328,329,-1,330,331,332,-1,332,331,333,-1,332,333,334,-1,334,333,335,-1,334,335,336,-1,336,335,337,-1,336,337,338,-1,338,337,339,-1,338,339,340,-1,340,339,341,-1,340,341,342,-1,342,341,343,-1,344,342,345,-1,345,342,343,-1,344,345,346,-1,344,346,347,-1,347,346,348,-1,347,348,349,-1,349,348,350,-1,349,350,351,-1,351,350,352,-1,351,352,353,-1,354,353,355,-1,355,353,352,-1,356,354,357,-1,357,354,355,-1,358,356,359,-1,359,356,357,-1,358,359,360,-1,360,359,361,-1,360,361,362,-1,362,361,363,-1,362,363,364,-1,364,363,365,-1,366,364,367,-1,367,364,365,-1,366,367,368,-1,366,368,369,-1,369,368,370,-1,369,370,371,-1,371,370,372,-1,371,372,373,-1,373,372,374,-1,373,374,375,-1,375,374,376,-1,375,376,377,-1,377,376,327,-1,377,327,325,-1,362,349,360,-1,360,349,351,-1,360,351,358,-1,358,351,353,-1,358,353,356,-1,356,353,354,-1,324,328,325,-1,325,328,330,-1,325,330,377,-1,377,330,332,-1,377,332,375,-1,375,332,334,-1,375,334,373,-1,373,334,336,-1,373,336,371,-1,371,336,338,-1,371,338,369,-1,369,338,340,-1,369,340,366,-1,366,340,342,-1,366,342,364,-1,364,342,344,-1,364,344,362,-1,362,344,347,-1,362,347,349,-1,357,355,359,-1,359,355,352,-1,359,352,361,-1,329,326,331,-1,331,326,327,-1,331,327,333,-1,333,327,376,-1,333,376,335,-1,335,376,374,-1,335,374,337,-1,337,374,372,-1,337,372,339,-1,339,372,370,-1,339,370,341,-1,341,370,368,-1,341,368,343,-1,343,368,367,-1,343,367,345,-1,345,367,365,-1,345,365,346,-1,346,365,363,-1,346,363,348,-1,348,363,361,-1,348,361,350,-1,350,361,352,-1,378,379,380,-1,380,379,381,-1,382,378,383,-1,383,378,380,-1,384,382,385,-1,385,382,383,-1,384,385,386,-1,386,385,387,-1,386,387,388,-1,388,387,389,-1,388,389,390,-1,390,389,391,-1,390,391,392,-1,392,391,393,-1,392,393,394,-1,394,393,395,-1,394,395,396,-1,396,395,397,-1,398,396,399,-1,399,396,397,-1,398,399,400,-1,398,400,401,-1,401,400,402,-1,401,402,403,-1,403,402,404,-1,403,404,405,-1,405,404,406,-1,405,406,407,-1,408,407,409,-1,409,407,406,-1,410,408,411,-1,411,408,409,-1,412,410,413,-1,413,410,411,-1,412,413,414,-1,414,413,415,-1,414,415,416,-1,416,415,417,-1,416,417,418,-1,418,417,419,-1,420,418,421,-1,421,418,419,-1,420,421,422,-1,420,422,423,-1,423,422,424,-1,423,424,425,-1,425,424,426,-1,425,426,427,-1,427,426,428,-1,427,428,429,-1,429,428,430,-1,429,430,431,-1,431,430,381,-1,431,381,379,-1,416,403,414,-1,414,403,405,-1,414,405,412,-1,412,405,407,-1,412,407,410,-1,410,407,408,-1,378,382,379,-1,379,382,384,-1,379,384,431,-1,431,384,386,-1,431,386,429,-1,429,386,388,-1,429,388,427,-1,427,388,390,-1,427,390,425,-1,425,390,392,-1,425,392,423,-1,423,392,394,-1,423,394,420,-1,420,394,396,-1,420,396,418,-1,418,396,398,-1,418,398,416,-1,416,398,401,-1,416,401,403,-1,411,409,413,-1,413,409,406,-1,413,406,415,-1,383,380,385,-1,385,380,381,-1,385,381,387,-1,387,381,430,-1,387,430,389,-1,389,430,428,-1,389,428,391,-1,391,428,426,-1,391,426,393,-1,393,426,424,-1,393,424,395,-1,395,424,422,-1,395,422,397,-1,397,422,421,-1,397,421,399,-1,399,421,419,-1,399,419,400,-1,400,419,417,-1,400,417,402,-1,402,417,415,-1,402,415,404,-1,404,415,406,-1,432,433,434,-1,435,436,437,-1,438,439,440,-1,441,442,443,-1,444,445,446,-1,447,448,449,-1,450,451,452,-1,453,454,455,-1,456,457,458,-1,458,457,459,-1,458,459,460,-1,461,462,463,-1,463,464,458,-1,458,464,465,-1,458,465,456,-1,462,466,463,-1,463,466,467,-1,463,467,464,-1,461,468,469,-1,469,468,470,-1,469,470,471,-1,470,472,471,-1,471,472,473,-1,471,473,474,-1,474,473,475,-1,474,475,476,-1,477,478,470,-1,470,478,479,-1,470,479,472,-1,480,481,482,-1,482,483,480,-1,480,483,484,-1,480,484,470,-1,470,484,485,-1,470,485,477,-1,486,487,488,-1,488,487,489,-1,486,488,490,-1,490,488,491,-1,490,491,492,-1,489,493,488,-1,488,493,494,-1,488,494,481,-1,481,494,495,-1,481,495,482,-1,496,497,488,-1,497,498,488,-1,488,498,499,-1,488,499,491,-1,500,501,502,-1,502,501,503,-1,503,504,502,-1,502,504,505,-1,502,505,496,-1,506,507,508,-1,508,507,509,-1,509,510,508,-1,508,510,511,-1,508,511,500,-1,512,513,514,-1,515,516,517,-1,518,519,520,-1,520,519,521,-1,512,514,522,-1,515,517,523,-1,524,525,519,-1,519,525,526,-1,519,526,527,-1,454,528,455,-1,455,528,529,-1,455,529,517,-1,517,529,530,-1,517,530,523,-1,513,531,514,-1,514,531,532,-1,514,532,533,-1,534,535,536,-1,536,535,537,-1,536,537,538,-1,539,527,540,-1,540,527,541,-1,540,541,536,-1,536,541,542,-1,536,542,534,-1,539,543,527,-1,527,543,544,-1,527,544,519,-1,519,544,545,-1,519,545,521,-1,546,547,548,-1,548,547,549,-1,548,549,514,-1,514,549,550,-1,514,550,522,-1,551,552,514,-1,514,552,553,-1,514,553,519,-1,519,553,554,-1,519,554,524,-1,555,556,506,-1,506,556,557,-1,506,557,558,-1,558,559,506,-1,506,559,560,-1,506,560,561,-1,561,560,546,-1,561,546,562,-1,562,546,548,-1,516,563,517,-1,517,563,564,-1,517,564,506,-1,506,564,565,-1,506,565,555,-1,533,566,514,-1,514,566,567,-1,514,567,568,-1,568,569,514,-1,514,569,570,-1,514,570,551,-1,571,572,573,-1,573,527,571,-1,571,527,526,-1,571,526,574,-1,574,526,575,-1,575,576,574,-1,574,576,577,-1,574,577,578,-1,579,580,581,-1,580,582,581,-1,581,582,583,-1,581,583,584,-1,585,581,586,-1,572,571,585,-1,585,571,587,-1,585,587,581,-1,581,587,588,-1,581,588,579,-1,586,589,585,-1,585,589,590,-1,585,590,591,-1,584,583,592,-1,592,583,593,-1,592,593,594,-1,594,593,595,-1,594,595,596,-1,597,598,591,-1,591,598,599,-1,591,599,585,-1,460,600,458,-1,458,600,601,-1,458,601,602,-1,602,601,603,-1,602,603,453,-1,517,604,605,-1,605,604,606,-1,517,605,455,-1,455,605,607,-1,455,607,608,-1,608,607,609,-1,608,609,610,-1,610,611,612,-1,613,614,615,-1,615,614,616,-1,615,616,617,-1,612,617,610,-1,610,617,616,-1,610,616,608,-1,608,616,618,-1,606,604,619,-1,619,604,620,-1,619,620,621,-1,622,623,624,-1,624,623,625,-1,626,627,628,-1,628,627,629,-1,622,624,630,-1,630,624,631,-1,630,631,632,-1,629,633,634,-1,634,633,635,-1,634,635,636,-1,637,638,639,-1,639,638,640,-1,639,640,626,-1,626,640,641,-1,626,641,627,-1,642,643,644,-1,644,643,645,-1,646,647,644,-1,647,648,644,-1,644,648,649,-1,644,649,642,-1,642,649,650,-1,642,650,651,-1,652,653,654,-1,655,656,644,-1,644,656,657,-1,644,657,658,-1,658,659,644,-1,644,659,660,-1,644,660,661,-1,662,663,644,-1,644,663,664,-1,644,664,646,-1,655,665,656,-1,656,665,666,-1,656,666,654,-1,654,666,667,-1,654,667,652,-1,661,668,644,-1,644,668,669,-1,644,669,662,-1,670,671,672,-1,672,671,673,-1,672,673,643,-1,643,673,674,-1,643,674,645,-1,675,676,677,-1,678,679,680,-1,680,679,681,-1,680,681,682,-1,676,683,677,-1,677,683,684,-1,677,684,685,-1,680,686,687,-1,685,688,677,-1,677,688,689,-1,677,689,680,-1,680,689,690,-1,680,690,686,-1,687,691,680,-1,680,691,692,-1,680,692,678,-1,651,693,642,-1,642,693,694,-1,642,694,695,-1,695,694,696,-1,695,696,618,-1,618,696,697,-1,618,697,698,-1,468,699,700,-1,701,702,700,-1,700,702,703,-1,700,703,468,-1,704,705,468,-1,706,707,468,-1,468,707,708,-1,468,708,699,-1,699,708,709,-1,709,710,699,-1,699,710,711,-1,699,711,712,-1,705,713,468,-1,468,713,714,-1,468,714,706,-1,712,715,699,-1,699,715,716,-1,699,716,717,-1,461,463,468,-1,468,463,718,-1,468,718,704,-1,716,719,717,-1,717,719,720,-1,717,720,721,-1,721,720,722,-1,721,722,723,-1,723,722,724,-1,723,724,725,-1,725,724,726,-1,725,726,727,-1,727,726,728,-1,727,728,729,-1,729,728,730,-1,729,730,731,-1,731,730,732,-1,731,732,733,-1,733,732,734,-1,733,734,735,-1,736,737,738,-1,737,739,738,-1,738,739,740,-1,738,740,449,-1,449,740,741,-1,449,741,742,-1,742,743,449,-1,449,743,744,-1,449,744,745,-1,735,734,746,-1,746,734,747,-1,746,747,748,-1,748,747,749,-1,748,749,738,-1,738,749,750,-1,738,750,736,-1,751,447,752,-1,752,447,449,-1,752,449,753,-1,753,449,745,-1,751,754,755,-1,755,754,756,-1,755,756,757,-1,758,759,760,-1,761,762,763,-1,760,759,764,-1,764,759,765,-1,764,765,766,-1,763,758,761,-1,761,758,760,-1,761,760,767,-1,767,760,768,-1,767,768,766,-1,766,768,757,-1,766,757,764,-1,764,757,756,-1,769,770,771,-1,771,770,772,-1,771,772,773,-1,773,772,774,-1,775,776,772,-1,777,778,779,-1,779,778,780,-1,779,780,781,-1,781,782,779,-1,779,782,783,-1,779,783,772,-1,772,783,784,-1,772,784,775,-1,776,785,772,-1,772,785,786,-1,772,786,774,-1,774,786,787,-1,787,788,774,-1,774,788,789,-1,774,789,790,-1,790,789,791,-1,791,789,792,-1,791,792,793,-1,793,792,794,-1,793,794,795,-1,795,794,796,-1,795,796,797,-1,797,796,798,-1,797,798,799,-1,799,798,800,-1,799,800,801,-1,801,800,802,-1,801,802,803,-1,803,802,804,-1,803,804,805,-1,805,804,806,-1,805,806,807,-1,807,806,808,-1,808,806,809,-1,808,809,810,-1,811,812,445,-1,445,812,813,-1,445,814,811,-1,811,814,815,-1,811,815,809,-1,809,815,816,-1,809,816,810,-1,813,817,445,-1,445,817,818,-1,445,818,446,-1,446,818,819,-1,446,819,820,-1,444,446,821,-1,821,446,822,-1,821,822,823,-1,824,825,826,-1,826,825,827,-1,826,827,828,-1,703,829,468,-1,468,829,830,-1,468,830,470,-1,470,830,831,-1,470,831,480,-1,480,831,832,-1,480,832,481,-1,481,832,833,-1,481,833,488,-1,834,835,672,-1,672,835,682,-1,672,682,670,-1,670,682,681,-1,753,836,752,-1,752,836,837,-1,752,837,838,-1,838,837,839,-1,838,839,840,-1,840,839,841,-1,840,841,842,-1,842,841,843,-1,842,843,844,-1,779,845,777,-1,777,845,846,-1,777,846,847,-1,847,846,848,-1,847,848,849,-1,849,848,850,-1,849,850,851,-1,851,850,852,-1,851,852,853,-1,853,852,854,-1,853,854,855,-1,855,854,856,-1,855,856,857,-1,857,856,858,-1,857,858,859,-1,859,858,502,-1,859,502,860,-1,820,861,446,-1,446,861,862,-1,446,862,824,-1,824,862,863,-1,824,863,825,-1,825,863,864,-1,825,864,865,-1,865,866,825,-1,825,866,867,-1,825,867,868,-1,833,828,488,-1,488,828,827,-1,488,827,496,-1,496,827,825,-1,496,825,502,-1,502,825,868,-1,502,868,860,-1,869,870,871,-1,872,873,874,-1,874,873,869,-1,874,869,756,-1,756,869,871,-1,756,871,764,-1,443,875,754,-1,754,875,876,-1,754,876,756,-1,756,876,877,-1,756,877,874,-1,878,879,875,-1,875,879,880,-1,875,880,881,-1,882,883,870,-1,870,883,884,-1,870,884,871,-1,443,442,875,-1,875,442,885,-1,875,885,878,-1,881,886,875,-1,875,886,887,-1,875,887,870,-1,870,887,888,-1,870,888,882,-1,634,632,629,-1,629,632,631,-1,629,631,628,-1,628,631,889,-1,628,889,890,-1,884,891,871,-1,871,891,892,-1,871,892,893,-1,890,894,628,-1,628,894,895,-1,628,895,443,-1,443,895,896,-1,443,896,441,-1,897,898,620,-1,616,621,618,-1,618,621,620,-1,618,620,899,-1,899,620,900,-1,901,902,903,-1,904,905,903,-1,903,905,906,-1,903,906,901,-1,620,907,908,-1,898,909,620,-1,620,909,910,-1,620,910,907,-1,911,912,900,-1,900,912,913,-1,900,913,914,-1,914,913,915,-1,916,917,915,-1,915,917,918,-1,915,918,914,-1,919,920,695,-1,695,920,921,-1,695,921,922,-1,908,923,620,-1,620,923,924,-1,620,924,900,-1,900,924,925,-1,900,925,911,-1,926,927,903,-1,903,927,928,-1,903,928,904,-1,929,930,695,-1,695,930,931,-1,695,931,919,-1,932,933,915,-1,915,933,934,-1,915,934,935,-1,935,936,915,-1,915,936,937,-1,915,937,916,-1,899,938,618,-1,618,938,939,-1,618,939,695,-1,695,939,940,-1,695,940,929,-1,906,941,942,-1,942,941,943,-1,943,941,944,-1,943,944,945,-1,946,947,695,-1,437,436,901,-1,901,436,948,-1,901,948,949,-1,946,695,950,-1,951,952,949,-1,952,950,949,-1,949,950,695,-1,949,695,901,-1,901,695,922,-1,901,922,902,-1,953,954,955,-1,955,954,956,-1,955,956,949,-1,949,956,957,-1,949,957,951,-1,958,959,960,-1,960,959,961,-1,960,961,962,-1,963,964,965,-1,966,967,968,-1,439,969,440,-1,440,969,970,-1,440,970,971,-1,972,973,966,-1,966,973,974,-1,966,974,967,-1,964,972,965,-1,965,972,966,-1,965,966,975,-1,975,966,976,-1,975,976,977,-1,977,976,978,-1,968,979,966,-1,966,979,980,-1,966,980,981,-1,982,983,984,-1,984,983,985,-1,984,985,986,-1,984,987,982,-1,982,987,988,-1,982,988,989,-1,989,990,982,-1,982,990,991,-1,982,991,992,-1,992,991,993,-1,992,993,994,-1,994,993,995,-1,994,995,965,-1,965,995,996,-1,965,996,963,-1,997,998,986,-1,986,998,999,-1,986,999,984,-1,1000,1001,953,-1,953,1001,1002,-1,953,1002,954,-1,1000,1003,1001,-1,1001,1003,1004,-1,1001,1004,1005,-1,1005,1004,1006,-1,1005,1007,1008,-1,1006,1009,1005,-1,1005,1009,1010,-1,1005,1010,1011,-1,1011,1012,1005,-1,1005,1012,1013,-1,1005,1013,1007,-1,1008,1014,1005,-1,1005,1014,1015,-1,1005,1015,1016,-1,1017,1018,1019,-1,1019,1018,1020,-1,1019,1020,1021,-1,1022,1023,1024,-1,432,434,1025,-1,1026,1027,1028,-1,1029,1030,1031,-1,1031,1030,1032,-1,1030,966,1033,-1,981,959,966,-1,966,959,958,-1,966,958,1033,-1,1033,958,1034,-1,1033,1035,1030,-1,1030,1035,1036,-1,1030,1036,1037,-1,1038,1039,1040,-1,1040,1039,1041,-1,1040,1041,958,-1,958,1041,1042,-1,958,1042,1034,-1,1037,1043,1030,-1,1030,1043,1044,-1,1030,1044,1032,-1,1045,1046,1047,-1,1045,1047,1017,-1,1046,1048,1047,-1,1047,1048,1049,-1,1047,1049,1040,-1,1040,1049,1050,-1,1040,1050,1038,-1,751,752,754,-1,754,752,838,-1,754,838,443,-1,443,838,840,-1,443,840,628,-1,628,840,842,-1,628,842,626,-1,626,842,844,-1,626,844,639,-1,1051,718,1052,-1,1052,718,463,-1,1052,463,1053,-1,1053,463,458,-1,835,1051,682,-1,682,1051,1052,-1,682,1052,680,-1,680,1052,1053,-1,680,1053,677,-1,677,1053,1054,-1,1053,1055,1054,-1,1054,1055,1056,-1,1054,1056,1057,-1,1058,1055,1059,-1,1059,1055,1053,-1,1059,1053,1060,-1,1060,1053,458,-1,1060,458,1057,-1,1057,458,602,-1,1057,602,1054,-1,1024,1061,1022,-1,1022,1061,1062,-1,1022,1062,433,-1,433,1062,1021,-1,433,1021,434,-1,434,1021,1020,-1,434,1020,889,-1,631,450,889,-1,889,450,452,-1,889,452,434,-1,434,452,976,-1,434,976,1025,-1,1025,976,966,-1,1025,966,1028,-1,1028,966,1030,-1,1028,1030,1026,-1,1026,1030,1029,-1,451,638,452,-1,452,638,637,-1,452,637,976,-1,976,637,440,-1,976,440,978,-1,978,440,971,-1,843,834,844,-1,844,834,672,-1,844,672,639,-1,639,672,643,-1,639,643,637,-1,637,643,642,-1,637,642,440,-1,440,642,695,-1,440,695,438,-1,438,695,947,-1,453,455,602,-1,602,455,608,-1,602,608,1054,-1,1054,608,618,-1,1054,618,677,-1,677,618,698,-1,677,698,675,-1,1063,1064,1065,-1,760,1066,1067,-1,1067,1068,760,-1,760,1068,1069,-1,760,1069,1070,-1,1070,1071,760,-1,760,1071,1065,-1,760,1065,1018,-1,1018,1065,1064,-1,1064,1072,1018,-1,1018,1072,1073,-1,1018,1073,1020,-1,1020,1073,1074,-1,1075,1076,1077,-1,1078,1079,764,-1,764,1079,1080,-1,764,1080,760,-1,760,1080,1081,-1,760,1081,1066,-1,1082,1083,1084,-1,1085,1086,1084,-1,1084,1086,1063,-1,1084,1063,1082,-1,1082,1063,1065,-1,764,1087,1088,-1,1082,1089,764,-1,764,1089,1090,-1,764,1090,1087,-1,1077,1083,1075,-1,1075,1083,1082,-1,1075,1082,1074,-1,1074,1082,764,-1,1074,764,1020,-1,1020,764,871,-1,1020,871,889,-1,889,871,893,-1,889,893,890,-1,1088,1091,764,-1,764,1091,1092,-1,764,1092,1078,-1,1017,1047,1018,-1,1018,1047,1093,-1,1018,1093,760,-1,760,1093,1094,-1,760,1094,768,-1,906,942,901,-1,901,942,960,-1,901,960,437,-1,437,960,962,-1,437,962,435,-1,506,508,517,-1,517,508,1095,-1,517,1095,604,-1,604,1095,943,-1,604,943,620,-1,620,943,945,-1,620,945,897,-1,500,502,508,-1,508,502,858,-1,508,858,1095,-1,1095,858,856,-1,1095,856,943,-1,943,856,854,-1,943,854,942,-1,942,854,852,-1,942,852,960,-1,960,852,850,-1,960,850,958,-1,958,850,848,-1,958,848,1040,-1,1040,848,846,-1,1040,846,1047,-1,1047,846,845,-1,1047,845,1093,-1,1093,845,779,-1,1093,779,1094,-1,1096,1097,1098,-1,1098,1097,1099,-1,1100,1101,1102,-1,1102,1101,1103,-1,1102,1103,1099,-1,1099,1103,1104,-1,1099,1104,1098,-1,1098,1104,1105,-1,1106,1107,1108,-1,1109,1110,1111,-1,1111,1112,1109,-1,1109,1112,1106,-1,1109,1106,1113,-1,1113,1106,1108,-1,1114,1115,1113,-1,1113,1115,1116,-1,1113,1116,1109,-1,1109,1116,1117,-1,1098,1113,1096,-1,1096,1113,1108,-1,1106,1099,1107,-1,1107,1099,1097,-1,1118,1119,1120,-1,1121,1122,1123,-1,1123,1122,1124,-1,1123,1124,1125,-1,1126,1127,1125,-1,1125,1127,1118,-1,1125,1118,1123,-1,1123,1118,1120,-1,1128,1129,1130,-1,1130,1129,1131,-1,1132,1130,1133,-1,1133,1130,1131,-1,1133,1131,1134,-1,1134,1131,1135,-1,1132,1136,1130,-1,1130,1136,1137,-1,1130,1137,1138,-1,1138,1137,1139,-1,1131,1118,1135,-1,1135,1118,1127,-1,1125,1133,1126,-1,1126,1133,1134,-1,1122,1121,1136,-1,1136,1121,1137,-1,1111,1110,1100,-1,1100,1110,1101,-1,1138,1139,1140,-1,829,702,1141,-1,1141,702,1138,-1,1138,1140,1141,-1,1141,1140,1142,-1,1141,1142,1143,-1,1143,1142,1144,-1,1143,1144,1145,-1,1145,1144,1146,-1,1145,1146,1147,-1,1147,1146,1148,-1,1147,1148,1149,-1,1149,1148,1123,-1,1149,1123,1120,-1,1128,1130,1150,-1,1150,1130,1151,-1,1150,1151,1152,-1,1152,1151,1153,-1,1152,1153,1154,-1,1154,1153,1155,-1,1154,1155,1156,-1,1156,1155,1157,-1,1156,1157,1158,-1,1158,1157,1159,-1,1158,1159,1160,-1,1160,1159,1161,-1,770,769,1162,-1,770,1162,1163,-1,1163,1162,1164,-1,1163,1164,1165,-1,1165,1164,1166,-1,1165,1166,1167,-1,1167,1166,1168,-1,1167,1168,1169,-1,1169,1168,1170,-1,1169,1170,1171,-1,1171,1170,1172,-1,1171,1172,1173,-1,1174,1175,1176,-1,1176,1175,1177,-1,1176,1177,1178,-1,1178,1177,1179,-1,1178,1179,1180,-1,1180,1179,1181,-1,1180,1181,1182,-1,1182,1181,1183,-1,1182,1183,1184,-1,1184,1183,1185,-1,1184,1185,1186,-1,1186,1185,1187,-1,1173,1172,1188,-1,1188,1172,1189,-1,1190,1175,1191,-1,1191,1175,1174,-1,1188,1189,1191,-1,1191,1189,1190,-1,823,1192,821,-1,821,1192,1193,-1,1194,1195,1196,-1,1197,1198,1199,-1,1199,1198,1160,-1,1199,1160,1161,-1,1200,1201,1202,-1,1203,1204,1205,-1,1205,1204,1206,-1,1205,1206,1207,-1,1194,1196,1208,-1,1208,1196,1186,-1,1208,1186,1187,-1,1209,1210,1196,-1,1210,1211,1196,-1,1196,1211,1212,-1,1196,1212,1205,-1,1205,1212,1213,-1,1205,1213,1214,-1,1192,1215,1202,-1,1200,1202,1216,-1,1216,1202,1198,-1,1216,1198,1217,-1,1197,1218,1198,-1,1198,1218,1219,-1,1198,1219,1217,-1,1220,1221,1195,-1,1195,1221,1222,-1,1195,1222,1196,-1,1196,1222,1223,-1,1196,1223,1209,-1,1214,1224,1205,-1,1205,1224,1225,-1,1205,1225,1203,-1,1203,1225,1226,-1,1203,1226,1197,-1,1197,1226,1227,-1,1197,1227,1218,-1,1201,1228,1202,-1,1202,1228,1229,-1,1202,1229,1192,-1,1192,1229,1230,-1,1192,1230,1193,-1,1193,1230,1231,-1,1193,1231,1232,-1,1232,1231,1233,-1,1232,1233,1234,-1,1234,1233,1235,-1,1234,1235,1236,-1,1236,1235,1237,-1,1195,1238,1220,-1,1220,1238,1239,-1,1220,1239,1235,-1,1235,1239,1240,-1,1235,1240,1237,-1,1187,769,1208,-1,1208,769,771,-1,1192,823,1241,-1,1241,823,1242,-1,1241,1242,1243,-1,1243,1242,1244,-1,1243,1244,1245,-1,1245,1244,1246,-1,1245,1246,1247,-1,1247,1246,1248,-1,1247,1248,1249,-1,1249,1248,1250,-1,1249,1250,1251,-1,1251,1250,1252,-1,823,822,1253,-1,823,1253,1242,-1,1242,1253,1254,-1,1242,1254,1244,-1,1244,1254,1255,-1,1244,1255,1246,-1,1246,1255,1256,-1,1246,1256,1248,-1,1248,1256,1257,-1,1248,1257,1250,-1,1250,1257,1258,-1,1250,1258,1252,-1,1251,1259,1249,-1,1249,1259,1260,-1,1249,1260,1247,-1,1247,1260,1261,-1,1247,1261,1245,-1,1245,1261,1262,-1,1245,1262,1243,-1,1243,1262,1263,-1,1243,1263,1241,-1,1241,1263,1264,-1,1241,1264,1192,-1,1192,1264,1215,-1,1265,1266,1252,-1,1252,1266,1251,-1,1267,1265,1258,-1,1258,1265,1252,-1,1251,1266,1259,-1,1259,1266,1268,-1,1268,1266,1267,-1,1267,1266,1265,-1,1175,1172,1177,-1,1177,1172,1170,-1,1177,1170,1179,-1,1179,1170,1168,-1,1179,1168,1181,-1,1181,1168,1166,-1,1181,1166,1183,-1,1183,1166,1164,-1,1183,1164,1185,-1,1185,1164,1162,-1,1185,1162,1187,-1,1187,1162,769,-1,1269,1109,1117,-1,738,448,1117,-1,1117,448,1270,-1,1117,1270,1269,-1,1269,1270,1271,-1,1269,1271,1272,-1,1272,1271,1273,-1,1272,1273,1274,-1,1274,1273,1275,-1,1274,1275,1276,-1,1276,1275,1277,-1,1276,1277,1278,-1,1278,1277,1104,-1,1278,1104,1103,-1,1116,1115,1279,-1,1279,1115,1280,-1,1279,1280,1281,-1,1281,1280,1282,-1,1281,1282,1283,-1,1283,1282,1284,-1,1283,1284,1285,-1,1285,1284,1286,-1,1285,1286,1287,-1,1287,1286,1288,-1,1287,1288,1206,-1,1206,1288,1207,-1,1190,1189,1175,-1,1175,1189,1172,-1,748,1204,746,-1,746,1204,1203,-1,746,1203,700,-1,700,1203,1197,-1,700,1197,701,-1,701,1197,1199,-1,1151,1130,1138,-1,701,1199,702,-1,702,1199,1161,-1,702,1161,1138,-1,1138,1161,1159,-1,1138,1159,1157,-1,1157,1155,1138,-1,1138,1155,1153,-1,1138,1153,1151,-1,1137,1121,1139,-1,1139,1121,1123,-1,1139,1123,1140,-1,1140,1123,1148,-1,1140,1148,1142,-1,1142,1148,1146,-1,1142,1146,1144,-1,1117,1116,1279,-1,1279,1281,1117,-1,1117,1281,1283,-1,1117,1283,1285,-1,1285,1287,1117,-1,1117,1287,1206,-1,1117,1206,738,-1,738,1206,1204,-1,738,1204,748,-1,1103,1101,1110,-1,1110,1109,1103,-1,1103,1109,1269,-1,1103,1269,1278,-1,1278,1269,1272,-1,1278,1272,1276,-1,1276,1272,1274,-1,1194,773,1195,-1,1195,773,774,-1,1195,774,1238,-1,1238,774,790,-1,1238,790,1239,-1,1239,790,791,-1,1239,791,1240,-1,1240,791,808,-1,1240,808,1237,-1,1237,808,816,-1,1237,816,1236,-1,1236,816,815,-1,1236,815,1234,-1,1234,815,814,-1,1234,814,1232,-1,1232,814,444,-1,821,1193,444,-1,444,1193,1232,-1,773,1194,771,-1,771,1194,1208,-1,772,1196,447,-1,447,1196,1205,-1,1196,772,1186,-1,1186,772,770,-1,1186,770,1184,-1,1184,770,1163,-1,1184,1163,1182,-1,1182,1163,1165,-1,1182,1165,1180,-1,1180,1165,1167,-1,1180,1167,1178,-1,1178,1167,1169,-1,1178,1169,1176,-1,1176,1169,1171,-1,1176,1171,1174,-1,1174,1171,1173,-1,1174,1173,1191,-1,1191,1173,1188,-1,1114,1105,1115,-1,1115,1105,1104,-1,1115,1104,1280,-1,1280,1104,1277,-1,1280,1277,1282,-1,1282,1277,1275,-1,1282,1275,1284,-1,1284,1275,1273,-1,1284,1273,1286,-1,1286,1273,1271,-1,1286,1271,1288,-1,1288,1271,1270,-1,1288,1270,1207,-1,1207,1270,448,-1,1207,448,1205,-1,1205,448,447,-1,830,1198,446,-1,446,1198,1202,-1,1198,830,1160,-1,1160,830,829,-1,1160,829,1158,-1,1158,829,1141,-1,1158,1141,1156,-1,1156,1141,1143,-1,1156,1143,1154,-1,1154,1143,1145,-1,1154,1145,1152,-1,1152,1145,1147,-1,1152,1147,1150,-1,1150,1147,1149,-1,1150,1149,1128,-1,1128,1149,1120,-1,1128,1120,1129,-1,1129,1120,1119,-1,1268,1267,1259,-1,1259,1267,1258,-1,1259,1258,1260,-1,1260,1258,1257,-1,1260,1257,1261,-1,1261,1257,1256,-1,1261,1256,1262,-1,1262,1256,1255,-1,1262,1255,1263,-1,1263,1255,1254,-1,1263,1254,1264,-1,1264,1254,1253,-1,1264,1253,1215,-1,1215,1253,822,-1,1215,822,1202,-1,1202,822,446,-1,1119,1118,1129,-1,1129,1118,1131,-1,1113,1098,1114,-1,1114,1098,1105,-1,1111,1100,1112,-1,1112,1100,1102,-1,1112,1102,1106,-1,1106,1102,1099,-1,1125,1124,1133,-1,1133,1124,1132,-1,1124,1122,1132,-1,1132,1122,1136,-1,1135,1127,1289,-1,1289,1127,1290,-1,1289,1290,1291,-1,1291,1290,1292,-1,1291,1292,1293,-1,1293,1292,1294,-1,1293,1294,1295,-1,1295,1294,1296,-1,1295,1296,1297,-1,1297,1296,1298,-1,1297,1298,1299,-1,1299,1298,1300,-1,1301,1302,1303,-1,1303,1302,1304,-1,1303,1304,1305,-1,1305,1304,1306,-1,1305,1306,1307,-1,1307,1306,1308,-1,1307,1308,1309,-1,1309,1308,1310,-1,1309,1310,1311,-1,1311,1310,1312,-1,1311,1312,1134,-1,1134,1312,1126,-1,1127,1126,1312,-1,1127,1312,1290,-1,1290,1312,1310,-1,1290,1310,1292,-1,1292,1310,1308,-1,1292,1308,1294,-1,1294,1308,1306,-1,1294,1306,1296,-1,1296,1306,1304,-1,1296,1304,1298,-1,1298,1304,1302,-1,1298,1302,1300,-1,1299,1301,1297,-1,1297,1301,1303,-1,1297,1303,1295,-1,1295,1303,1305,-1,1295,1305,1293,-1,1293,1305,1307,-1,1293,1307,1291,-1,1291,1307,1309,-1,1291,1309,1289,-1,1289,1309,1311,-1,1289,1311,1135,-1,1135,1311,1134,-1,1313,1314,1301,-1,1301,1314,1302,-1,1315,1316,1300,-1,1300,1316,1299,-1,1314,1315,1302,-1,1302,1315,1300,-1,1299,1316,1301,-1,1301,1316,1313,-1,1315,1314,1316,-1,1316,1314,1313,-1,1107,1097,1317,-1,1317,1097,1318,-1,1317,1318,1319,-1,1319,1318,1320,-1,1319,1320,1321,-1,1321,1320,1322,-1,1321,1322,1323,-1,1323,1322,1324,-1,1323,1324,1325,-1,1325,1324,1326,-1,1325,1326,1327,-1,1327,1326,1328,-1,1329,1330,1331,-1,1331,1330,1332,-1,1331,1332,1333,-1,1333,1332,1334,-1,1333,1334,1335,-1,1335,1334,1336,-1,1335,1336,1337,-1,1337,1336,1338,-1,1337,1338,1339,-1,1339,1338,1340,-1,1339,1340,1108,-1,1108,1340,1096,-1,1097,1096,1340,-1,1097,1340,1318,-1,1318,1340,1338,-1,1318,1338,1320,-1,1320,1338,1336,-1,1320,1336,1322,-1,1322,1336,1334,-1,1322,1334,1324,-1,1324,1334,1332,-1,1324,1332,1326,-1,1326,1332,1330,-1,1326,1330,1328,-1,1327,1329,1325,-1,1325,1329,1331,-1,1325,1331,1323,-1,1323,1331,1333,-1,1323,1333,1321,-1,1321,1333,1335,-1,1321,1335,1319,-1,1319,1335,1337,-1,1319,1337,1317,-1,1317,1337,1339,-1,1317,1339,1107,-1,1107,1339,1108,-1,1341,1342,1329,-1,1329,1342,1330,-1,1343,1344,1328,-1,1328,1344,1327,-1,1342,1343,1330,-1,1330,1343,1328,-1,1327,1344,1329,-1,1329,1344,1341,-1,1343,1342,1344,-1,1344,1342,1341,-1,1345,716,1346,-1,1346,716,715,-1,1346,715,1347,-1,1347,715,712,-1,1347,712,1348,-1,1348,712,711,-1,1348,711,1349,-1,1349,711,710,-1,1349,710,1350,-1,1350,710,709,-1,1350,709,1351,-1,1351,709,708,-1,1351,708,1352,-1,1352,708,707,-1,1352,707,1353,-1,1353,707,706,-1,1353,706,1354,-1,1354,706,714,-1,1354,714,1355,-1,1355,714,713,-1,1355,713,1356,-1,1356,713,705,-1,1356,705,1357,-1,1357,705,704,-1,747,734,1358,-1,1358,734,732,-1,1358,732,1345,-1,1345,732,730,-1,1345,730,728,-1,728,726,1345,-1,1345,726,724,-1,1345,724,722,-1,722,720,1345,-1,1345,720,719,-1,1345,719,716,-1,1359,753,1360,-1,1360,753,745,-1,1360,745,1361,-1,1361,745,744,-1,1361,744,1362,-1,1362,744,743,-1,1362,743,1363,-1,1363,743,742,-1,1363,742,1364,-1,1364,742,741,-1,1364,741,1365,-1,1365,741,740,-1,1365,740,1366,-1,1366,740,739,-1,1366,739,1367,-1,1367,739,737,-1,1367,737,1368,-1,1368,737,736,-1,1368,736,1369,-1,1369,736,750,-1,1369,750,1370,-1,1370,750,749,-1,1370,749,1358,-1,1358,749,747,-1,1357,704,718,-1,1357,718,1359,-1,718,1051,1359,-1,1359,1051,835,-1,1359,835,834,-1,834,843,1359,-1,1359,843,841,-1,1359,841,839,-1,839,837,1359,-1,1359,837,836,-1,1359,836,753,-1,1361,1362,1365,-1,1365,1362,1363,-1,1365,1363,1364,-1,1366,1359,1365,-1,1365,1359,1360,-1,1365,1360,1361,-1,1366,1367,1359,-1,1359,1367,1368,-1,1359,1368,1369,-1,1352,1345,1351,-1,1351,1345,1346,-1,1351,1346,1347,-1,1347,1348,1351,-1,1351,1348,1349,-1,1351,1349,1350,-1,1352,1353,1345,-1,1345,1353,1354,-1,1345,1354,1355,-1,1369,1370,1359,-1,1359,1370,1358,-1,1359,1358,1357,-1,1357,1358,1345,-1,1357,1345,1356,-1,1356,1345,1355,-1,1227,868,1218,-1,1218,868,867,-1,1218,867,1219,-1,1219,867,866,-1,1219,866,1217,-1,866,865,1217,-1,1217,865,864,-1,1217,864,1216,-1,1216,864,863,-1,1216,863,1200,-1,1200,863,862,-1,1200,862,1201,-1,1201,862,861,-1,1201,861,1228,-1,1228,861,820,-1,1228,820,1229,-1,820,819,1229,-1,1229,819,818,-1,1229,818,1230,-1,1230,818,817,-1,1230,817,1231,-1,1231,817,813,-1,1231,813,1233,-1,1233,813,812,-1,1233,812,1235,-1,1235,812,811,-1,1226,778,777,-1,777,847,1226,-1,1226,847,849,-1,1226,849,1227,-1,860,868,1227,-1,849,851,1227,-1,1227,851,853,-1,1227,853,855,-1,855,857,1227,-1,1227,857,859,-1,1227,859,860,-1,1220,789,1221,-1,1221,789,788,-1,1221,788,1222,-1,1222,788,787,-1,1222,787,1223,-1,1223,787,786,-1,1223,786,1209,-1,1209,786,785,-1,1209,785,1210,-1,1210,785,776,-1,1210,776,1211,-1,1211,776,775,-1,1211,775,1212,-1,1212,775,784,-1,1212,784,1213,-1,1213,784,783,-1,1213,783,1214,-1,1214,783,782,-1,1214,782,1224,-1,1224,782,781,-1,1224,781,1225,-1,1225,781,780,-1,1225,780,1226,-1,1226,780,778,-1,1235,811,809,-1,1235,809,1220,-1,809,806,1220,-1,1220,806,804,-1,1220,804,802,-1,802,800,1220,-1,1220,800,798,-1,1220,798,796,-1,796,794,1220,-1,1220,794,792,-1,1220,792,789,-1,
        ]
    }
}
Shape{
    appearance Appearance {
        material  Material 	{
            diffuseColor 0.0 0.0 0.0
            specularColor 0.0 0.0 0.0
            ambientIntensity 0.2
            transparency 0
            shininess 0.5
        }
    }
    geometry IndexedFaceSet {
        ccw TRUE
        solid FALSE
        coord DEF co Coordinate {
            point [
                0.0675 0.203 0.0039, 0.0675 0.1923 0.0039, 0.0675 0.203 0.0, 0.0675 0.1923 0.0, 0.0303 0.203 0.0039, 0.0303 0.203 0.0, 0.0303 0.2858 0.0039, 0.0303 0.2858 0.0, 0.0183 0.2858 0.0039, 0.0183 0.2858 0.0, 0.0183 0.1923 0.0039, 0.0183 0.1923 0.0, 0.1154 0.1908 0.0039, 0.1154 0.1908 0.0, 0.1297 0.1921 0.0039, 0.1237 0.1916 0.0, 0.1297 0.1921 0.0, 0.1397 0.1954 0.0, 0.1397 0.1954 0.0039, 0.1413 0.1962 0.0, 0.1413 0.1962 0.0039, 0.1413 0.2078 0.0039, 0.1413 0.2078 0.0, 0.133 0.2039 0.0, 0.133 0.2039 0.0039, 0.1226 0.2018 0.0, 0.1226 0.2018 0.0039, 0.1172 0.2015 0.0, 0.1172 0.2015 0.0039, 0.1081 0.2026 0.0, 0.1081 0.2026 0.0039, 0.1014 0.2051 0.0, 0.1014 0.2051 0.0039, 0.0953 0.2093 0.0, 0.0953 0.2093 0.0039, 0.0932 0.2113 0.0, 0.0932 0.2113 0.0039, 0.0885 0.2179 0.0, 0.0885 0.2179 0.0039, 0.0855 0.2255 0.0, 0.0855 0.2255 0.0039, 0.084 0.2368 0.0, 0.084 0.2368 0.0039, 0.084 0.238 0.0, 0.084 0.238 0.0039, 0.0855 0.2507 0.0, 0.0855 0.2507 0.0039, 0.0886 0.2588 0.0, 0.0886 0.2588 0.0039, 0.0931 0.2653 0.0, 0.0931 0.2653 0.0039, 0.0938 0.2661 0.0, 0.0938 0.2661 0.0039, 0.1003 0.2714 0.0, 0.1003 0.2714 0.0039, 0.1076 0.2748 0.0, 0.1076 0.2748 0.0039, 0.1158 0.2763 0.0, 0.1158 0.2763 0.0039, 0.1193 0.2764 0.0, 0.1193 0.2764 0.0039, 0.1295 0.2754 0.0, 0.1295 0.2754 0.0039, 0.1391 0.2721 0.0, 0.1391 0.2721 0.0039, 0.1413 0.2709 0.0, 0.1413 0.2709 0.0039, 0.1413 0.2835 0.0039, 0.1413 0.2835 0.0, 0.1192 0.2873 0.0, 0.1192 0.2873 0.0039, 0.1207 0.2873 0.0039, 0.1327 0.2861 0.0, 0.1327 0.2861 0.0039, 0.1285 0.2865 0.0, 0.1207 0.2873 0.0, 0.1126 0.2865 0.0, 0.1058 0.2857 0.0039, 0.1058 0.2857 0.0, 0.096 0.2819 0.0, 0.096 0.2819 0.0039, 0.0869 0.2756 0.0, 0.0869 0.2756 0.0039, 0.0848 0.2736 0.0, 0.0848 0.2736 0.0039, 0.0788 0.2659 0.0, 0.0788 0.2659 0.0039, 0.0741 0.2557 0.0, 0.0741 0.2557 0.0039, 0.0717 0.2438 0.0, 0.0717 0.2438 0.0039, 0.0714 0.2373 0.0, 0.0714 0.2373 0.0039, 0.0732 0.2222 0.0, 0.0732 0.2222 0.0039, 0.0769 0.2124 0.0, 0.0769 0.2124 0.0039, 0.0825 0.2045 0.0, 0.0825 0.2045 0.0039, 0.0833 0.2035 0.0, 0.0833 0.2035 0.0039, 0.1091 0.1911 0.0039, 0.0903 0.1976 0.0, 0.0903 0.1976 0.0039, 0.0991 0.1933 0.0, 0.0991 0.1933 0.0039, 0.1071 0.1916 0.0, 0.1091 0.1911 0.0, 0.2102 0.203 0.0039, 0.2102 0.1923 0.0039, 0.2102 0.203 0.0, 0.2102 0.1923 0.0, 0.1721 0.203 0.0, 0.1721 0.203 0.0039, 0.1973 0.203 0.0, 0.1721 0.2344 0.0039, 0.1721 0.2344 0.0, 0.2055 0.2344 0.0039, 0.1973 0.2344 0.0, 0.2055 0.2344 0.0, 0.2055 0.2451 0.0039, 0.2055 0.2451 0.0, 0.1721 0.2451 0.0, 0.1721 0.2451 0.0039, 0.1973 0.2451 0.0, 0.1721 0.275 0.0039, 0.1721 0.275 0.0, 0.2081 0.275 0.0039, 0.1973 0.275 0.0, 0.2081 0.275 0.0, 0.2081 0.2858 0.0039, 0.2081 0.2858 0.0, 0.16 0.2858 0.0, 0.16 0.2858 0.0039, 0.1973 0.2858 0.0, 0.16 0.1923 0.0039, 0.16 0.1923 0.0, 0.1973 0.1923 0.0, 0.2898 0.2054 0.0039, 0.2962 0.2127 0.0039, 0.2861 0.2189 0.0039, 0.2893 0.2259 0.0039, 0.301 0.2222 0.0039, 0.291 0.2346 0.0039, 0.3035 0.233 0.0039, 0.2913 0.2399 0.0039, 0.3039 0.2402 0.0039, 0.2902 0.2503 0.0039, 0.3024 0.253 0.0039, 0.2877 0.2574 0.0039, 0.299 0.2619 0.0039, 0.2843 0.2629 0.0039, 0.2932 0.2701 0.0039, 0.281 0.2662 0.0039, 0.2898 0.2734 0.0039, 0.2741 0.2708 0.0039, 0.2816 0.2792 0.0039, 0.266 0.2737 0.0039, 0.2706 0.2837 0.0039, 0.2565 0.2857 0.0039, 0.2541 0.275 0.0039, 0.2545 0.2858 0.0039, 0.2399 0.275 0.0039, 0.2279 0.2858 0.0039, 0.2399 0.203 0.0039, 0.2279 0.1923 0.0039, 0.2535 0.203 0.0039, 0.2536 0.1923 0.0039, 0.2663 0.2045 0.0039, 0.2693 0.1942 0.0039, 0.274 0.2075 0.0039, 0.28 0.1984 0.0039, 0.2801 0.2116 0.0039, 0.2813 0.2127 0.0039, 0.2536 0.1923 0.0, 0.2279 0.1923 0.0, 0.2898 0.2054 0.0, 0.2693 0.1942 0.0, 0.2707 0.1948 0.0, 0.28 0.1984 0.0, 0.2962 0.2127 0.0, 0.301 0.2222 0.0, 0.3035 0.233 0.0, 0.3039 0.2402 0.0, 0.3024 0.253 0.0, 0.299 0.2619 0.0, 0.2932 0.2701 0.0, 0.2898 0.2734 0.0, 0.2816 0.2792 0.0, 0.2707 0.2837 0.0, 0.2706 0.2837 0.0, 0.2565 0.2857 0.0, 0.2545 0.2858 0.0, 0.2279 0.2858 0.0, 0.2541 0.275 0.0, 0.2399 0.275 0.0, 0.2399 0.203 0.0, 0.2535 0.203 0.0, 0.2813 0.2127 0.0, 0.2801 0.2116 0.0, 0.274 0.2075 0.0, 0.2663 0.2045 0.0, 0.2913 0.2399 0.0, 0.291 0.2346 0.0, 0.2893 0.2259 0.0, 0.2861 0.2189 0.0, 0.281 0.2662 0.0, 0.2843 0.2629 0.0, 0.2877 0.2574 0.0, 0.2902 0.2503 0.0, 0.266 0.2737 0.0, 0.2741 0.2708 0.0, 0.2741 0.2708 0.0
            ]
        }
        coordIndex [
            0,1,2,-1,2,1,3,-1,4,0,5,-1,5,0,2,-1,6,4,7,-1,7,4,5,-1,8,6,9,-1,9,6,7,-1,10,8,11,-1,11,8,9,-1,1,10,3,-1,3,10,11,-1,6,8,4,-1,4,8,10,-1,4,10,0,-1,0,10,1,-1,12,13,14,-1,14,13,15,-1,15,16,14,-1,14,16,17,-1,14,17,18,-1,18,17,19,-1,18,19,20,-1,21,20,22,-1,22,20,19,-1,21,22,23,-1,21,23,24,-1,24,23,25,-1,24,25,26,-1,26,25,27,-1,26,27,28,-1,28,27,29,-1,28,29,30,-1,30,29,31,-1,30,31,32,-1,32,31,33,-1,32,33,34,-1,34,33,35,-1,34,35,36,-1,36,35,37,-1,36,37,38,-1,38,37,39,-1,38,39,40,-1,40,39,41,-1,40,41,42,-1,42,41,43,-1,42,43,44,-1,44,43,45,-1,44,45,46,-1,46,45,47,-1,46,47,48,-1,48,47,49,-1,48,49,50,-1,50,49,51,-1,50,51,52,-1,52,51,53,-1,52,53,54,-1,54,53,55,-1,54,55,56,-1,56,55,57,-1,56,57,58,-1,58,57,59,-1,58,59,60,-1,60,59,61,-1,60,61,62,-1,62,61,63,-1,62,63,64,-1,64,63,65,-1,64,65,66,-1,67,66,68,-1,68,66,65,-1,69,70,71,-1,67,68,72,-1,67,72,73,-1,73,72,74,-1,73,74,71,-1,71,74,75,-1,71,75,69,-1,70,69,76,-1,70,76,77,-1,76,78,77,-1,77,78,79,-1,77,79,80,-1,80,79,81,-1,80,81,82,-1,82,81,83,-1,82,83,84,-1,84,83,85,-1,84,85,86,-1,86,85,87,-1,86,87,88,-1,88,87,89,-1,88,89,90,-1,90,89,91,-1,90,91,92,-1,92,91,93,-1,92,93,94,-1,94,93,95,-1,94,95,96,-1,96,95,97,-1,96,97,98,-1,98,97,99,-1,98,99,100,-1,13,12,101,-1,100,99,102,-1,100,102,103,-1,103,102,104,-1,103,104,105,-1,105,104,106,-1,105,106,101,-1,101,106,107,-1,101,107,13,-1,64,66,67,-1,54,56,77,-1,46,48,86,-1,77,56,70,-1,86,48,84,-1,64,67,62,-1,77,80,54,-1,54,80,82,-1,54,82,52,-1,52,82,84,-1,52,84,50,-1,50,84,48,-1,56,58,70,-1,70,58,60,-1,70,60,71,-1,71,60,62,-1,71,62,73,-1,73,62,67,-1,92,44,90,-1,90,44,46,-1,90,46,88,-1,88,46,86,-1,20,21,18,-1,18,21,24,-1,18,24,14,-1,14,24,26,-1,14,26,12,-1,12,26,28,-1,12,28,101,-1,101,28,30,-1,101,30,105,-1,105,30,32,-1,105,32,103,-1,103,32,34,-1,103,34,100,-1,100,34,36,-1,100,36,98,-1,98,36,38,-1,98,38,96,-1,96,38,94,-1,94,38,40,-1,94,40,92,-1,92,40,42,-1,92,42,44,-1,108,109,110,-1,110,109,111,-1,112,113,114,-1,114,113,108,-1,114,108,110,-1,115,113,116,-1,116,113,112,-1,115,116,117,-1,117,116,118,-1,117,118,119,-1,120,117,121,-1,121,117,119,-1,122,123,124,-1,124,123,120,-1,124,120,121,-1,125,123,126,-1,126,123,122,-1,125,126,127,-1,127,126,128,-1,127,128,129,-1,130,127,131,-1,131,127,129,-1,132,133,134,-1,134,133,130,-1,134,130,131,-1,135,133,136,-1,136,133,132,-1,111,109,137,-1,137,109,135,-1,137,135,136,-1,135,109,108,-1,108,113,135,-1,135,113,115,-1,135,115,133,-1,127,130,125,-1,125,130,133,-1,125,133,123,-1,123,133,115,-1,123,115,120,-1,120,115,117,-1,138,139,140,-1,140,139,141,-1,141,139,142,-1,141,142,143,-1,143,142,144,-1,143,144,145,-1,145,144,146,-1,145,146,147,-1,147,146,148,-1,147,148,149,-1,149,148,150,-1,149,150,151,-1,151,150,152,-1,151,152,153,-1,153,152,154,-1,153,154,155,-1,155,154,156,-1,155,156,157,-1,156,158,157,-1,157,158,159,-1,157,159,160,-1,160,159,161,-1,160,161,162,-1,162,161,163,-1,162,163,164,-1,164,163,165,-1,164,165,166,-1,166,165,167,-1,166,167,168,-1,168,167,169,-1,168,169,170,-1,170,169,171,-1,170,171,172,-1,172,171,138,-1,172,138,173,-1,173,138,140,-1,167,165,174,-1,174,165,175,-1,176,138,171,-1,167,174,177,-1,167,177,169,-1,169,177,178,-1,169,178,171,-1,171,178,179,-1,171,179,176,-1,138,176,180,-1,138,180,139,-1,139,180,181,-1,139,181,142,-1,142,181,182,-1,142,182,144,-1,144,182,183,-1,144,183,146,-1,146,183,184,-1,146,184,148,-1,148,184,185,-1,148,185,150,-1,150,185,186,-1,150,186,152,-1,152,186,187,-1,152,187,154,-1,154,187,188,-1,154,188,156,-1,156,188,189,-1,156,189,158,-1,189,190,158,-1,158,190,191,-1,158,191,159,-1,159,191,192,-1,159,192,161,-1,163,161,193,-1,193,161,192,-1,165,163,175,-1,175,163,193,-1,160,162,194,-1,194,162,195,-1,162,164,195,-1,195,164,196,-1,164,166,196,-1,196,166,197,-1,173,198,199,-1,173,199,172,-1,172,199,200,-1,172,200,170,-1,170,200,201,-1,170,201,168,-1,168,201,197,-1,168,197,166,-1,145,202,203,-1,145,203,143,-1,143,203,204,-1,143,204,141,-1,141,204,205,-1,141,205,140,-1,140,205,198,-1,140,198,173,-1,153,206,207,-1,153,207,151,-1,151,207,208,-1,151,208,149,-1,149,208,209,-1,149,209,147,-1,147,209,202,-1,147,202,145,-1,160,194,210,-1,160,210,157,-1,157,210,211,-1,157,211,155,-1,155,211,206,-1,155,206,153,-1,
        ]
    }
}
Shape{
    appearance Appearance {
        material  Material 	{
            diffuseColor 1.0 1.0 1.0
            specularColor 0.5019607843137255 0.5019607843137255 0.5019607843137255
            ambientIntensity 0.2
            transparency 0
            shininess 0.5
        }
    }
    geometry IndexedFaceSet {
        ccw TRUE
        solid FALSE
        coord DEF co Coordinate {
            point [
                0.2399 0.275 0.0, 0.2399 0.203 0.0, 0.2541 0.275 0.0, 0.2535 0.203 0.0, 0.2663 0.2045 0.0, 0.274 0.2075 0.0, 0.2801 0.2116 0.0, 0.2813 0.2127 0.0, 0.291 0.2346 0.0, 0.2913 0.2399 0.0, 0.2902 0.2503 0.0, 0.2877 0.2574 0.0, 0.2843 0.2629 0.0, 0.281 0.2662 0.0, 0.266 0.2737 0.0, 0.2741 0.2708 0.0, 0.2861 0.2189 0.0, 0.2893 0.2259 0.0, 0.2893 0.2259 0.0
            ]
        }
        coordIndex [
            0,1,2,-1,2,1,3,-1,2,3,4,-1,4,5,2,-1,2,5,6,-1,2,6,7,-1,8,9,2,-1,2,9,10,-1,2,10,11,-1,11,12,2,-1,2,12,13,-1,2,13,14,-1,14,13,15,-1,7,16,2,-1,2,16,17,-1,2,17,8,-1,
        ]
    }
}
Shape{
    appearance Appearance {
        material  Material 	{
            diffuseColor 0.0 0.0 0.0
            specularColor 0.0 0.0 0.0
            ambientIntensity 0.2
            transparency 0
            shininess 0.5
        }
    }
    geometry IndexedFaceSet {
        ccw TRUE
        solid FALSE
        coord DEF co Coordinate {
            point [
                0.3352 0.2284 0.0039, 0.3314 0.2179 0.0039, 0.3666 0.2284 0.0039, 0.3703 0.2179 0.0039, 0.3492 0.2673 0.0039, 0.3447 0.2858 0.0039, 0.3091 0.1923 0.0039, 0.3224 0.1923 0.0039, 0.35 0.2701 0.0039, 0.3507 0.2738 0.0039, 0.3576 0.2858 0.0039, 0.351 0.2738 0.0039, 0.3518 0.2699 0.0039, 0.3525 0.2673 0.0039, 0.3932 0.1923 0.0039, 0.3798 0.1923 0.0039, 0.3576 0.2858 0.0, 0.3932 0.1923 0.0, 0.3447 0.2858 0.0, 0.3091 0.1923 0.0, 0.3224 0.1923 0.0, 0.3314 0.2179 0.0, 0.3703 0.2179 0.0, 0.3798 0.1923 0.0, 0.3352 0.2284 0.0, 0.3666 0.2284 0.0, 0.3525 0.2673 0.0, 0.351 0.2738 0.0, 0.3518 0.2699 0.0, 0.3507 0.2738 0.0, 0.3492 0.2673 0.0, 0.35 0.2701 0.0, 0.35 0.2701 0.0
            ]
        }
        coordIndex [
            0,1,2,-1,2,1,3,-1,4,5,0,-1,0,5,6,-1,0,6,1,-1,1,6,7,-1,4,8,5,-1,5,8,9,-1,5,9,10,-1,10,9,11,-1,10,11,12,-1,12,13,10,-1,10,13,2,-1,10,2,14,-1,14,2,3,-1,14,3,15,-1,10,14,16,-1,16,14,17,-1,5,10,18,-1,18,10,16,-1,6,5,19,-1,19,5,18,-1,7,6,20,-1,20,6,19,-1,1,7,21,-1,21,7,20,-1,3,1,22,-1,22,1,21,-1,15,3,23,-1,23,3,22,-1,14,15,17,-1,17,15,23,-1,0,2,24,-1,24,2,25,-1,2,13,25,-1,25,13,26,-1,11,27,28,-1,11,28,12,-1,12,28,26,-1,12,26,13,-1,11,9,27,-1,27,9,29,-1,4,30,31,-1,4,31,8,-1,8,31,29,-1,8,29,9,-1,4,0,30,-1,30,0,24,-1,
        ]
    }
}
Shape{
    appearance Appearance {
        material  Material 	{
            diffuseColor 1.0 1.0 1.0
            specularColor 0.5019607843137255 0.5019607843137255 0.5019607843137255
            ambientIntensity 0.2
            transparency 0
            shininess 0.5
        }
    }
    geometry IndexedFaceSet {
        ccw TRUE
        solid FALSE
        coord DEF co Coordinate {
            point [
                0.351 0.2738 0.0, 0.3507 0.2738 0.0, 0.3518 0.2699 0.0, 0.35 0.2701 0.0, 0.3525 0.2673 0.0, 0.3492 0.2673 0.0, 0.3666 0.2284 0.0, 0.3352 0.2284 0.0, 0.3352 0.2284 0.0
            ]
        }
        coordIndex [
            0,1,2,-1,2,1,3,-1,2,3,4,-1,4,3,5,-1,4,5,6,-1,6,5,7,-1,
        ]
    }
}
Shape{
    appearance Appearance {
        material  Material 	{
            diffuseColor 0.0 0.0 0.0
            specularColor 0.0 0.0 0.0
            ambientIntensity 0.2
            transparency 0
            shininess 0.5
        }
    }
    geometry IndexedFaceSet {
        ccw TRUE
        solid FALSE
        coord DEF co Coordinate {
            point [
                0.0685 0.0548 0.0039, 0.0685 0.0441 0.0039, 0.0685 0.0548 0.0, 0.0685 0.0441 0.0, 0.0303 0.0548 0.0, 0.0303 0.0548 0.0039, 0.068 0.0548 0.0, 0.0303 0.0862 0.0039, 0.0303 0.0862 0.0, 0.0637 0.0862 0.0039, 0.0637 0.0862 0.0, 0.0637 0.0969 0.0039, 0.0637 0.0969 0.0, 0.0303 0.0969 0.0039, 0.0303 0.0969 0.0, 0.0303 0.1268 0.0039, 0.0303 0.1268 0.0, 0.0664 0.1268 0.0039, 0.0664 0.1268 0.0, 0.0664 0.1376 0.0039, 0.0664 0.1376 0.0, 0.0183 0.1376 0.0039, 0.0183 0.1376 0.0, 0.0183 0.0441 0.0039, 0.0183 0.0441 0.0, 0.068 0.0441 0.0, 0.1216 0.0441 0.0039, 0.1333 0.0441 0.0039, 0.1216 0.0545 0.0039, 0.1333 0.0871 0.0039, 0.1216 0.0866 0.0039, 0.0963 0.0726 0.0039, 0.0991 0.0739 0.0039, 0.1213 0.0545 0.0039, 0.1151 0.0562 0.0039, 0.1195 0.0517 0.0039, 0.1118 0.0539 0.0039, 0.106 0.0755 0.0039, 0.1216 0.0776 0.0039, 0.1216 0.0712 0.0039, 0.1216 0.0704 0.0039, 0.1209 0.0652 0.0039, 0.1191 0.0611 0.0039, 0.1166 0.0576 0.0039, 0.1212 0.0917 0.0039, 0.1323 0.0966 0.0039, 0.12 0.0959 0.0039, 0.1304 0.1017 0.0039, 0.1186 0.0983 0.0039, 0.1279 0.1054 0.0039, 0.1169 0.1002 0.0039, 0.1251 0.108 0.0039, 0.1148 0.1015 0.0039, 0.1213 0.1102 0.0039, 0.1121 0.1025 0.0039, 0.1164 0.1117 0.0039, 0.1081 0.1029 0.0039, 0.1092 0.1124 0.0039, 0.1013 0.1022 0.0039, 0.0989 0.1113 0.0039, 0.0939 0.0997 0.0039, 0.09 0.1083 0.0039, 0.0862 0.0948 0.0039, 0.0862 0.1062 0.0039, 0.094 0.0562 0.0039, 0.0854 0.0478 0.0039, 0.095 0.0552 0.0039, 0.0894 0.0451 0.0039, 0.0973 0.0536 0.0039, 0.0939 0.0434 0.0039, 0.1 0.0526 0.0039, 0.1009 0.0426 0.0039, 0.1039 0.0522 0.0039, 0.1069 0.0432 0.0039, 0.1083 0.0527 0.0039, 0.1116 0.045 0.0039, 0.1158 0.0477 0.0039, 0.1018 0.0838 0.0039, 0.0925 0.0814 0.0039, 0.0947 0.0714 0.0039, 0.0877 0.0788 0.0039, 0.0933 0.0697 0.0039, 0.0842 0.0757 0.0039, 0.0923 0.0675 0.0039, 0.0818 0.0719 0.0039, 0.0917 0.0648 0.0039, 0.0803 0.0677 0.0039, 0.0916 0.063 0.0039, 0.0797 0.062 0.0039, 0.0919 0.0603 0.0039, 0.0803 0.0567 0.0039, 0.0926 0.0582 0.0039, 0.0817 0.0527 0.0039, 0.0841 0.0491 0.0039, 0.1092 0.1124 0.0, 0.0989 0.1113 0.0, 0.09 0.1083 0.0, 0.0862 0.1062 0.0, 0.0862 0.0948 0.0, 0.0939 0.0997 0.0, 0.1013 0.1022 0.0, 0.1081 0.1029 0.0, 0.1121 0.1025 0.0, 0.1148 0.1015 0.0, 0.1169 0.1002 0.0, 0.1186 0.0983 0.0, 0.12 0.0959 0.0, 0.1212 0.0917 0.0, 0.1216 0.0866 0.0, 0.1018 0.0838 0.0, 0.0925 0.0814 0.0, 0.0877 0.0788 0.0, 0.0842 0.0757 0.0, 0.0818 0.0719 0.0, 0.0803 0.0677 0.0, 0.0797 0.062 0.0, 0.0803 0.0567 0.0, 0.0817 0.0527 0.0, 0.0841 0.0491 0.0, 0.0854 0.0478 0.0, 0.1009 0.0426 0.0, 0.0941 0.0434 0.0, 0.0939 0.0434 0.0, 0.0894 0.0451 0.0, 0.1069 0.0432 0.0, 0.1072 0.0434 0.0, 0.1116 0.045 0.0, 0.1158 0.0477 0.0, 0.1195 0.0517 0.0, 0.1213 0.0545 0.0, 0.1216 0.0545 0.0, 0.1216 0.0441 0.0, 0.1333 0.0441 0.0, 0.1333 0.0871 0.0, 0.1323 0.0966 0.0, 0.1304 0.1017 0.0, 0.1279 0.1054 0.0, 0.1251 0.108 0.0, 0.1213 0.1102 0.0, 0.1164 0.1117 0.0, 0.0947 0.0714 0.0, 0.0963 0.0726 0.0, 0.0991 0.0739 0.0, 0.106 0.0755 0.0, 0.0916 0.063 0.0, 0.0917 0.0648 0.0, 0.0923 0.0675 0.0, 0.0933 0.0697 0.0, 0.095 0.0552 0.0, 0.094 0.0562 0.0, 0.0926 0.0582 0.0, 0.0919 0.0603 0.0, 0.1039 0.0522 0.0, 0.1 0.0526 0.0, 0.0973 0.0536 0.0, 0.1166 0.0576 0.0, 0.1151 0.0562 0.0, 0.1118 0.0539 0.0, 0.1083 0.0527 0.0, 0.1216 0.0712 0.0, 0.1216 0.0704 0.0, 0.1209 0.0652 0.0, 0.1191 0.0611 0.0, 0.1216 0.0776 0.0, 0.1216 0.0776 0.0
            ]
        }
        coordIndex [
            0,1,2,-1,2,1,3,-1,4,5,6,-1,6,5,0,-1,6,0,2,-1,7,5,8,-1,8,5,4,-1,9,7,10,-1,10,7,8,-1,11,9,12,-1,12,9,10,-1,13,11,14,-1,14,11,12,-1,15,13,16,-1,16,13,14,-1,17,15,18,-1,18,15,16,-1,19,17,20,-1,20,17,18,-1,21,19,22,-1,22,19,20,-1,23,21,24,-1,24,21,22,-1,3,1,25,-1,25,1,23,-1,25,23,24,-1,23,1,0,-1,0,5,23,-1,23,5,7,-1,23,7,21,-1,17,19,15,-1,15,19,21,-1,15,21,13,-1,13,21,7,-1,13,7,11,-1,11,7,9,-1,26,27,28,-1,28,27,29,-1,30,31,32,-1,33,34,35,-1,35,34,36,-1,37,38,29,-1,29,38,39,-1,39,40,29,-1,29,40,41,-1,29,41,28,-1,28,41,42,-1,28,42,33,-1,33,42,43,-1,33,43,34,-1,32,37,30,-1,30,37,29,-1,30,29,44,-1,44,29,45,-1,44,45,46,-1,46,45,47,-1,46,47,48,-1,48,47,49,-1,48,49,50,-1,50,49,51,-1,50,51,52,-1,52,51,53,-1,52,53,54,-1,54,53,55,-1,54,55,56,-1,56,55,57,-1,56,57,58,-1,58,57,59,-1,58,59,60,-1,60,59,61,-1,60,61,62,-1,62,61,63,-1,64,65,66,-1,66,65,67,-1,66,67,68,-1,68,67,69,-1,68,69,70,-1,70,69,71,-1,70,71,72,-1,72,71,73,-1,72,73,74,-1,74,73,75,-1,74,75,36,-1,36,75,76,-1,36,76,35,-1,30,77,31,-1,31,77,78,-1,31,78,79,-1,79,78,80,-1,79,80,81,-1,81,80,82,-1,81,82,83,-1,83,82,84,-1,83,84,85,-1,85,84,86,-1,85,86,87,-1,87,86,88,-1,87,88,89,-1,89,88,90,-1,89,90,91,-1,91,90,92,-1,91,92,64,-1,64,92,93,-1,64,93,65,-1,57,94,95,-1,57,95,59,-1,59,95,96,-1,59,96,61,-1,61,96,97,-1,61,97,63,-1,62,63,98,-1,98,63,97,-1,62,98,99,-1,62,99,60,-1,60,99,100,-1,60,100,58,-1,58,100,101,-1,58,101,56,-1,56,101,102,-1,56,102,54,-1,54,102,103,-1,54,103,52,-1,52,103,104,-1,52,104,50,-1,50,104,105,-1,50,105,48,-1,48,105,106,-1,48,106,46,-1,46,106,107,-1,46,107,44,-1,44,107,108,-1,44,108,30,-1,77,30,109,-1,109,30,108,-1,77,109,110,-1,77,110,78,-1,78,110,111,-1,78,111,80,-1,80,111,112,-1,80,112,82,-1,82,112,113,-1,82,113,84,-1,84,113,114,-1,84,114,86,-1,86,114,115,-1,86,115,88,-1,88,115,116,-1,88,116,90,-1,90,116,117,-1,90,117,92,-1,92,117,118,-1,92,118,93,-1,93,118,119,-1,93,119,65,-1,120,71,121,-1,121,71,69,-1,121,69,122,-1,122,69,67,-1,122,67,123,-1,123,67,65,-1,123,65,119,-1,71,120,124,-1,71,124,73,-1,73,124,125,-1,73,125,75,-1,125,126,75,-1,75,126,127,-1,75,127,76,-1,76,127,128,-1,76,128,35,-1,35,128,129,-1,35,129,33,-1,28,33,130,-1,130,33,129,-1,26,28,131,-1,131,28,130,-1,27,26,132,-1,132,26,131,-1,29,27,133,-1,133,27,132,-1,29,133,134,-1,29,134,45,-1,45,134,135,-1,45,135,47,-1,47,135,136,-1,47,136,49,-1,49,136,137,-1,49,137,51,-1,51,137,138,-1,51,138,53,-1,53,138,139,-1,53,139,55,-1,55,139,94,-1,55,94,57,-1,79,140,141,-1,79,141,31,-1,31,141,142,-1,31,142,32,-1,32,142,143,-1,32,143,37,-1,87,144,145,-1,87,145,85,-1,85,145,146,-1,85,146,83,-1,83,146,147,-1,83,147,81,-1,81,147,140,-1,81,140,79,-1,66,148,149,-1,66,149,64,-1,64,149,150,-1,64,150,91,-1,91,150,151,-1,91,151,89,-1,89,151,144,-1,89,144,87,-1,72,152,153,-1,72,153,70,-1,70,153,154,-1,70,154,68,-1,68,154,148,-1,68,148,66,-1,43,155,156,-1,43,156,34,-1,34,156,157,-1,34,157,36,-1,36,157,158,-1,36,158,74,-1,74,158,152,-1,74,152,72,-1,39,159,160,-1,39,160,40,-1,40,160,161,-1,40,161,41,-1,41,161,162,-1,41,162,42,-1,42,162,155,-1,42,155,43,-1,39,38,159,-1,159,38,163,-1,38,37,163,-1,163,37,143,-1,
        ]
    }
}
Shape{
    appearance Appearance {
        material  Material 	{
            diffuseColor 1.0 1.0 1.0
            specularColor 0.5019607843137255 0.5019607843137255 0.5019607843137255
            ambientIntensity 0.2
            transparency 0
            shininess 0.5
        }
    }
    geometry IndexedFaceSet {
        ccw TRUE
        solid FALSE
        coord DEF co Coordinate {
            point [
                0.1216 0.0776 0.0, 0.106 0.0755 0.0, 0.1216 0.0712 0.0, 0.0991 0.0739 0.0, 0.0963 0.0726 0.0, 0.0947 0.0714 0.0, 0.1216 0.0704 0.0, 0.1209 0.0652 0.0, 0.0933 0.0697 0.0, 0.1191 0.0611 0.0, 0.094 0.0562 0.0, 0.095 0.0552 0.0, 0.1151 0.0562 0.0, 0.0926 0.0582 0.0, 0.1118 0.0539 0.0, 0.1083 0.0527 0.0, 0.1039 0.0522 0.0, 0.0923 0.0675 0.0, 0.0917 0.0648 0.0, 0.1166 0.0576 0.0, 0.0916 0.063 0.0, 0.0919 0.0603 0.0, 0.0973 0.0536 0.0, 0.1 0.0526 0.0, 0.1 0.0526 0.0
            ]
        }
        coordIndex [
            0,1,2,-1,2,1,3,-1,3,4,2,-1,2,4,5,-1,2,5,6,-1,6,5,7,-1,7,5,8,-1,7,8,9,-1,10,11,12,-1,10,12,13,-1,14,12,15,-1,15,12,16,-1,8,17,9,-1,9,17,18,-1,9,18,19,-1,19,18,20,-1,19,20,12,-1,12,20,21,-1,12,21,13,-1,11,22,12,-1,12,22,23,-1,12,23,16,-1,
        ]
    }
}
Shape{
    appearance Appearance {
        material  Material 	{
            diffuseColor 0.0 0.0 0.0
            specularColor 0.0 0.0 0.0
            ambientIntensity 0.2
            transparency 0
            shininess 0.5
        }
    }
    geometry IndexedFaceSet {
        ccw TRUE
        solid FALSE
        coord DEF co Coordinate {
            point [
                0.1492 0.0586 0.0, 0.1492 0.0586 0.0039, 0.1531 0.0561 0.0039, 0.1684 0.0521 0.0039, 0.1684 0.0521 0.0, 0.1604 0.0531 0.0, 0.1604 0.0531 0.0039, 0.1546 0.0555 0.0, 0.1531 0.0561 0.0, 0.1492 0.0465 0.0039, 0.1492 0.0465 0.0, 0.1572 0.0436 0.0039, 0.1546 0.0446 0.0, 0.1673 0.0426 0.0, 0.1673 0.0426 0.0039, 0.1599 0.0434 0.0, 0.1572 0.0436 0.0, 0.177 0.0436 0.0039, 0.1746 0.0434 0.0, 0.177 0.0436 0.0, 0.1834 0.0459 0.0, 0.1834 0.0459 0.0039, 0.1867 0.0479 0.0, 0.1867 0.0479 0.0039, 0.1901 0.0508 0.0, 0.1901 0.0508 0.0039, 0.1922 0.0539 0.0, 0.1922 0.0539 0.0039, 0.1937 0.0576 0.0, 0.1937 0.0576 0.0039, 0.1942 0.0623 0.0, 0.1942 0.0623 0.0039, 0.1938 0.0667 0.0, 0.1938 0.0667 0.0039, 0.1925 0.0701 0.0, 0.1925 0.0701 0.0039, 0.1903 0.0733 0.0, 0.1903 0.0733 0.0039, 0.1875 0.0758 0.0, 0.1875 0.0758 0.0039, 0.1798 0.0801 0.0, 0.1798 0.0801 0.0039, 0.1752 0.082 0.0, 0.1752 0.082 0.0039, 0.168 0.0851 0.0, 0.168 0.0851 0.0039, 0.1639 0.0877 0.0, 0.1639 0.0877 0.0039, 0.1627 0.089 0.0, 0.1627 0.089 0.0039, 0.1619 0.0905 0.0, 0.1619 0.0905 0.0039, 0.1614 0.0924 0.0, 0.1614 0.0924 0.0039, 0.1613 0.0939 0.0, 0.1613 0.0939 0.0039, 0.1615 0.0958 0.0, 0.1615 0.0958 0.0039, 0.1621 0.0974 0.0, 0.1621 0.0974 0.0039, 0.1631 0.0988 0.0, 0.1631 0.0988 0.0039, 0.1649 0.1004 0.0, 0.1649 0.1004 0.0039, 0.1675 0.1018 0.0, 0.1675 0.1018 0.0039, 0.1706 0.1026 0.0, 0.1706 0.1026 0.0039, 0.1741 0.1029 0.0, 0.1741 0.1029 0.0039, 0.1824 0.1019 0.0, 0.1824 0.1019 0.0039, 0.189 0.0993 0.0, 0.189 0.0993 0.0039, 0.191 0.0981 0.0, 0.191 0.0981 0.0039, 0.191 0.1094 0.0039, 0.191 0.1094 0.0, 0.1826 0.1118 0.0, 0.1826 0.1118 0.0039, 0.1752 0.1124 0.0, 0.1752 0.1124 0.0039, 0.1662 0.1113 0.0, 0.1662 0.1113 0.0039, 0.1598 0.109 0.0, 0.1598 0.109 0.0039, 0.1567 0.1071 0.0, 0.1567 0.1071 0.0039, 0.1546 0.1051 0.0, 0.1533 0.104 0.0039, 0.1533 0.104 0.0, 0.1511 0.1008 0.0, 0.1511 0.1008 0.0039, 0.1497 0.097 0.0, 0.1497 0.097 0.0039, 0.1492 0.0929 0.0, 0.1492 0.0929 0.0039, 0.1498 0.0883 0.0, 0.1498 0.0883 0.0039, 0.151 0.0847 0.0, 0.151 0.0847 0.0039, 0.1526 0.0823 0.0, 0.1526 0.0823 0.0039, 0.167 0.0735 0.0, 0.167 0.0735 0.0039, 0.16 0.0767 0.0039, 0.1545 0.0803 0.0, 0.1545 0.0803 0.0039, 0.1546 0.0802 0.0, 0.16 0.0767 0.0, 0.1747 0.0703 0.0, 0.1747 0.0703 0.0039, 0.1792 0.0675 0.0, 0.1792 0.0675 0.0039, 0.1807 0.066 0.0, 0.1807 0.066 0.0039, 0.1816 0.0644 0.0, 0.1816 0.0644 0.0039, 0.1821 0.0626 0.0, 0.1821 0.0626 0.0039, 0.1822 0.0611 0.0, 0.1822 0.0611 0.0039, 0.182 0.0589 0.0, 0.182 0.0589 0.0039, 0.1814 0.0573 0.0, 0.1814 0.0573 0.0039, 0.1804 0.0557 0.0, 0.1804 0.0557 0.0039, 0.179 0.0545 0.0, 0.179 0.0545 0.0039, 0.178 0.0539 0.0, 0.178 0.0539 0.0039, 0.1749 0.0528 0.0, 0.1749 0.0528 0.0039, 0.1689 0.0521 0.0, 0.1689 0.0521 0.0039, 0.2522 0.1109 0.0039, 0.2644 0.1109 0.0039, 0.2522 0.1109 0.0, 0.2644 0.1109 0.0, 0.234 0.0606 0.0039, 0.234 0.0606 0.0, 0.2331 0.0575 0.0, 0.2331 0.0575 0.0039, 0.2326 0.0552 0.0, 0.2326 0.0552 0.0039, 0.2323 0.0552 0.0039, 0.2323 0.0552 0.0, 0.2308 0.0607 0.0039, 0.2308 0.0607 0.0, 0.2134 0.1109 0.0, 0.2134 0.1109 0.0039, 0.2191 0.0946 0.0, 0.2003 0.1109 0.0039, 0.2003 0.1109 0.0, 0.2265 0.0443 0.0, 0.2265 0.0443 0.0039, 0.2191 0.0632 0.0, 0.2214 0.0322 0.0, 0.2214 0.0322 0.0039, 0.2261 0.0434 0.0, 0.2191 0.028 0.0, 0.2191 0.028 0.0039, 0.2191 0.0279 0.0, 0.2169 0.0255 0.0039, 0.2169 0.0255 0.0, 0.2147 0.024 0.0, 0.2147 0.024 0.0039, 0.2122 0.0231 0.0, 0.2122 0.0231 0.0039, 0.2094 0.0227 0.0, 0.2094 0.0227 0.0039, 0.2051 0.0233 0.0, 0.2051 0.0233 0.0039, 0.2027 0.0241 0.0, 0.2027 0.0241 0.0039, 0.2027 0.0137 0.0039, 0.2027 0.0137 0.0, 0.2077 0.0128 0.0, 0.2077 0.0128 0.0039, 0.2103 0.0127 0.0, 0.2103 0.0127 0.0039, 0.215 0.0133 0.0, 0.215 0.0133 0.0039, 0.2191 0.0148 0.0, 0.2196 0.015 0.0039, 0.2196 0.015 0.0, 0.2237 0.0179 0.0, 0.2237 0.0179 0.0039, 0.2245 0.0186 0.0, 0.2245 0.0186 0.0039, 0.2288 0.0238 0.0, 0.2288 0.0238 0.0039, 0.2341 0.0341 0.0, 0.2341 0.0341 0.0039, 0.2378 0.0434 0.0, 0.3272 0.0548 0.0039, 0.3272 0.0441 0.0039, 0.3272 0.0548 0.0, 0.3272 0.0441 0.0, 0.289 0.0548 0.0039, 0.289 0.0548 0.0, 0.289 0.0862 0.0039, 0.289 0.0862 0.0, 0.3224 0.0862 0.0039, 0.3224 0.0862 0.0, 0.3224 0.0969 0.0039, 0.3224 0.0969 0.0, 0.289 0.0969 0.0039, 0.289 0.0969 0.0, 0.289 0.1268 0.0039, 0.289 0.1268 0.0, 0.3251 0.1268 0.0039, 0.3251 0.1268 0.0, 0.3251 0.1376 0.0039, 0.3251 0.1376 0.0, 0.277 0.1376 0.0039, 0.277 0.1376 0.0, 0.277 0.0441 0.0039, 0.277 0.0441 0.0, 0.4068 0.0572 0.0039, 0.4131 0.0645 0.0039, 0.4031 0.0707 0.0039, 0.4063 0.0777 0.0039, 0.418 0.0741 0.0039, 0.408 0.0864 0.0039, 0.4205 0.0848 0.0039, 0.4082 0.0917 0.0039, 0.4209 0.092 0.0039, 0.4072 0.1021 0.0039, 0.4194 0.1048 0.0039, 0.4047 0.1092 0.0039, 0.416 0.1137 0.0039, 0.4013 0.1147 0.0039, 0.4102 0.1219 0.0039, 0.398 0.118 0.0039, 0.4068 0.1252 0.0039, 0.3911 0.1226 0.0039, 0.3986 0.131 0.0039, 0.383 0.1255 0.0039, 0.3876 0.1355 0.0039, 0.3735 0.1375 0.0039, 0.371 0.1268 0.0039, 0.3715 0.1376 0.0039, 0.3569 0.1268 0.0039, 0.3449 0.1376 0.0039, 0.3569 0.0548 0.0039, 0.3449 0.0441 0.0039, 0.3705 0.0548 0.0039, 0.3706 0.0441 0.0039, 0.3833 0.0563 0.0039, 0.3863 0.046 0.0039, 0.391 0.0593 0.0039, 0.397 0.0502 0.0039, 0.3971 0.0634 0.0039, 0.3983 0.0645 0.0039, 0.3706 0.0441 0.0, 0.3449 0.0441 0.0, 0.3863 0.046 0.0, 0.397 0.0502 0.0, 0.4068 0.0572 0.0, 0.4131 0.0645 0.0, 0.418 0.0741 0.0, 0.4205 0.0848 0.0, 0.4209 0.092 0.0, 0.4194 0.1048 0.0, 0.416 0.1137 0.0, 0.4102 0.1219 0.0, 0.4068 0.1252 0.0, 0.3986 0.131 0.0, 0.3876 0.1355 0.0, 0.3735 0.1375 0.0, 0.3715 0.1376 0.0, 0.3449 0.1376 0.0, 0.371 0.1268 0.0, 0.3569 0.1268 0.0, 0.3569 0.0548 0.0, 0.3705 0.0548 0.0, 0.3983 0.0645 0.0, 0.3971 0.0634 0.0, 0.391 0.0593 0.0, 0.3833 0.0563 0.0, 0.4082 0.0917 0.0, 0.408 0.0864 0.0, 0.4063 0.0777 0.0, 0.4031 0.0707 0.0, 0.398 0.118 0.0, 0.4013 0.1147 0.0, 0.4047 0.1092 0.0, 0.4072 0.1021 0.0, 0.383 0.1255 0.0, 0.3911 0.1226 0.0, 0.3911 0.1226 0.0
            ]
        }
        coordIndex [
            0,1,2,-1,3,4,5,-1,3,5,6,-1,6,5,7,-1,6,7,2,-1,2,7,8,-1,2,8,0,-1,9,1,10,-1,10,1,0,-1,9,10,11,-1,11,10,12,-1,13,14,15,-1,15,14,11,-1,15,11,16,-1,16,11,12,-1,14,13,17,-1,17,13,18,-1,18,19,17,-1,17,19,20,-1,17,20,21,-1,21,20,22,-1,21,22,23,-1,23,22,24,-1,23,24,25,-1,25,24,26,-1,25,26,27,-1,27,26,28,-1,27,28,29,-1,29,28,30,-1,29,30,31,-1,31,30,32,-1,31,32,33,-1,33,32,34,-1,33,34,35,-1,35,34,36,-1,35,36,37,-1,37,36,38,-1,37,38,39,-1,39,38,40,-1,39,40,41,-1,41,40,42,-1,41,42,43,-1,43,42,44,-1,43,44,45,-1,45,44,46,-1,45,46,47,-1,47,46,48,-1,47,48,49,-1,49,48,50,-1,49,50,51,-1,51,50,52,-1,51,52,53,-1,53,52,54,-1,53,54,55,-1,55,54,56,-1,55,56,57,-1,57,56,58,-1,57,58,59,-1,59,58,60,-1,59,60,61,-1,61,60,62,-1,61,62,63,-1,63,62,64,-1,63,64,65,-1,65,64,66,-1,65,66,67,-1,67,66,68,-1,67,68,69,-1,69,68,70,-1,69,70,71,-1,71,70,72,-1,71,72,73,-1,73,72,74,-1,73,74,75,-1,76,75,77,-1,77,75,74,-1,76,77,78,-1,76,78,79,-1,79,78,80,-1,79,80,81,-1,81,80,82,-1,81,82,83,-1,83,82,84,-1,83,84,85,-1,85,84,86,-1,85,86,87,-1,86,88,87,-1,87,88,89,-1,88,90,89,-1,89,90,91,-1,89,91,92,-1,92,91,93,-1,92,93,94,-1,94,93,95,-1,94,95,96,-1,96,95,97,-1,96,97,98,-1,98,97,99,-1,98,99,100,-1,100,99,101,-1,100,101,102,-1,103,104,105,-1,102,101,106,-1,102,106,107,-1,107,106,108,-1,107,108,105,-1,105,108,109,-1,105,109,103,-1,104,103,110,-1,104,110,111,-1,111,110,112,-1,111,112,113,-1,113,112,114,-1,113,114,115,-1,115,114,116,-1,115,116,117,-1,117,116,118,-1,117,118,119,-1,119,118,120,-1,119,120,121,-1,121,120,122,-1,121,122,123,-1,123,122,124,-1,123,124,125,-1,125,124,126,-1,125,126,127,-1,127,126,128,-1,127,128,129,-1,129,128,130,-1,129,130,131,-1,131,130,132,-1,131,132,133,-1,133,132,134,-1,133,134,135,-1,135,134,4,-1,135,4,3,-1,61,63,85,-1,85,63,83,-1,111,43,104,-1,104,43,45,-1,14,3,11,-1,11,3,6,-1,11,6,9,-1,9,6,2,-1,9,2,1,-1,63,65,83,-1,83,65,67,-1,83,67,81,-1,81,67,69,-1,81,69,79,-1,79,69,71,-1,79,71,76,-1,76,71,73,-1,76,73,75,-1,21,23,127,-1,127,23,25,-1,127,25,125,-1,125,25,27,-1,125,27,123,-1,123,27,29,-1,123,29,121,-1,121,29,31,-1,121,31,119,-1,119,31,33,-1,119,33,117,-1,117,33,35,-1,117,35,115,-1,115,35,37,-1,115,37,113,-1,113,37,39,-1,113,39,111,-1,111,39,41,-1,111,41,43,-1,127,129,21,-1,21,129,131,-1,21,131,17,-1,17,131,133,-1,17,133,14,-1,14,133,135,-1,14,135,3,-1,85,87,61,-1,61,87,89,-1,61,89,59,-1,59,89,92,-1,59,92,57,-1,57,92,94,-1,57,94,55,-1,55,94,96,-1,55,96,53,-1,53,96,98,-1,53,98,51,-1,51,98,100,-1,51,100,49,-1,49,100,102,-1,49,102,47,-1,47,102,107,-1,47,107,45,-1,45,107,105,-1,45,105,104,-1,136,137,138,-1,138,137,139,-1,140,136,141,-1,141,136,138,-1,140,141,142,-1,140,142,143,-1,143,142,144,-1,143,144,145,-1,146,145,147,-1,147,145,144,-1,148,146,149,-1,149,146,147,-1,150,151,152,-1,152,151,148,-1,152,148,149,-1,153,151,154,-1,154,151,150,-1,155,156,157,-1,157,156,153,-1,157,153,154,-1,158,159,160,-1,160,159,156,-1,160,156,155,-1,159,158,161,-1,159,161,162,-1,162,161,163,-1,162,163,164,-1,163,165,164,-1,164,165,166,-1,164,166,167,-1,167,166,168,-1,167,168,169,-1,169,168,170,-1,169,170,171,-1,171,170,172,-1,171,172,173,-1,173,172,174,-1,173,174,175,-1,176,175,177,-1,177,175,174,-1,176,177,178,-1,176,178,179,-1,179,178,180,-1,179,180,181,-1,181,180,182,-1,181,182,183,-1,183,182,184,-1,183,184,185,-1,184,186,185,-1,185,186,187,-1,185,187,188,-1,188,187,189,-1,188,189,190,-1,190,189,191,-1,190,191,192,-1,192,191,193,-1,192,193,194,-1,139,137,195,-1,195,137,194,-1,195,194,193,-1,143,145,194,-1,137,136,194,-1,194,136,140,-1,194,140,143,-1,151,153,148,-1,148,153,156,-1,148,156,146,-1,192,162,190,-1,190,162,164,-1,175,176,173,-1,173,176,179,-1,173,179,171,-1,171,179,181,-1,171,181,169,-1,169,181,183,-1,169,183,167,-1,167,183,185,-1,167,185,164,-1,164,185,188,-1,164,188,190,-1,145,146,194,-1,194,146,156,-1,194,156,192,-1,192,156,159,-1,192,159,162,-1,196,197,198,-1,198,197,199,-1,200,196,201,-1,201,196,198,-1,202,200,203,-1,203,200,201,-1,204,202,205,-1,205,202,203,-1,206,204,207,-1,207,204,205,-1,208,206,209,-1,209,206,207,-1,210,208,211,-1,211,208,209,-1,212,210,213,-1,213,210,211,-1,214,212,215,-1,215,212,213,-1,216,214,217,-1,217,214,215,-1,218,216,219,-1,219,216,217,-1,197,218,199,-1,199,218,219,-1,218,197,196,-1,196,200,218,-1,218,200,202,-1,218,202,216,-1,212,214,210,-1,210,214,216,-1,210,216,208,-1,208,216,202,-1,208,202,206,-1,206,202,204,-1,220,221,222,-1,222,221,223,-1,223,221,224,-1,223,224,225,-1,225,224,226,-1,225,226,227,-1,227,226,228,-1,227,228,229,-1,229,228,230,-1,229,230,231,-1,231,230,232,-1,231,232,233,-1,233,232,234,-1,233,234,235,-1,235,234,236,-1,235,236,237,-1,237,236,238,-1,237,238,239,-1,238,240,239,-1,239,240,241,-1,239,241,242,-1,242,241,243,-1,242,243,244,-1,244,243,245,-1,244,245,246,-1,246,245,247,-1,246,247,248,-1,248,247,249,-1,248,249,250,-1,250,249,251,-1,250,251,252,-1,252,251,253,-1,252,253,254,-1,254,253,220,-1,254,220,255,-1,255,220,222,-1,249,247,256,-1,256,247,257,-1,249,256,258,-1,249,258,251,-1,251,258,259,-1,251,259,253,-1,253,259,260,-1,253,260,220,-1,220,260,261,-1,220,261,221,-1,221,261,262,-1,221,262,224,-1,224,262,263,-1,224,263,226,-1,226,263,264,-1,226,264,228,-1,228,264,265,-1,228,265,230,-1,230,265,266,-1,230,266,232,-1,232,266,267,-1,232,267,234,-1,234,267,268,-1,234,268,236,-1,236,268,269,-1,236,269,238,-1,238,269,270,-1,238,270,240,-1,240,270,271,-1,240,271,241,-1,241,271,272,-1,241,272,243,-1,245,243,273,-1,273,243,272,-1,247,245,257,-1,257,245,273,-1,242,244,274,-1,274,244,275,-1,244,246,275,-1,275,246,276,-1,246,248,276,-1,276,248,277,-1,255,278,279,-1,255,279,254,-1,254,279,280,-1,254,280,252,-1,252,280,281,-1,252,281,250,-1,250,281,277,-1,250,277,248,-1,227,282,283,-1,227,283,225,-1,225,283,284,-1,225,284,223,-1,223,284,285,-1,223,285,222,-1,222,285,278,-1,222,278,255,-1,235,286,287,-1,235,287,233,-1,233,287,288,-1,233,288,231,-1,231,288,289,-1,231,289,229,-1,229,289,282,-1,229,282,227,-1,242,274,290,-1,242,290,239,-1,239,290,291,-1,239,291,237,-1,237,291,286,-1,237,286,235,-1,
        ]
    }
}
Shape{
    appearance Appearance {
        material  Material 	{
            diffuseColor 1.0 1.0 1.0
            specularColor 0.5019607843137255 0.5019607843137255 0.5019607843137255
            ambientIntensity 0.2
            transparency 0
            shininess 0.5
        }
    }
    geometry IndexedFaceSet {
        ccw TRUE
        solid FALSE
        coord DEF co Coordinate {
            point [
                0.3569 0.1268 0.0, 0.3569 0.0548 0.0, 0.371 0.1268 0.0, 0.3705 0.0548 0.0, 0.3833 0.0563 0.0, 0.391 0.0593 0.0, 0.3971 0.0634 0.0, 0.3983 0.0645 0.0, 0.408 0.0864 0.0, 0.4082 0.0917 0.0, 0.4072 0.1021 0.0, 0.4047 0.1092 0.0, 0.4013 0.1147 0.0, 0.398 0.118 0.0, 0.383 0.1255 0.0, 0.3911 0.1226 0.0, 0.4031 0.0707 0.0, 0.4063 0.0777 0.0, 0.4063 0.0777 0.0
            ]
        }
        coordIndex [
            0,1,2,-1,2,1,3,-1,2,3,4,-1,4,5,2,-1,2,5,6,-1,2,6,7,-1,8,9,2,-1,2,9,10,-1,2,10,11,-1,11,12,2,-1,2,12,13,-1,2,13,14,-1,14,13,15,-1,7,16,2,-1,2,16,17,-1,2,17,8,-1,
        ]
    }
}
Shape{
    appearance Appearance {
        material  Material 	{
            diffuseColor 0.0 0.0 0.0
            specularColor 0.0 0.0 0.0
            ambientIntensity 0.2
            transparency 0
            shininess 0.5
        }
    }
    geometry IndexedFaceSet {
        ccw TRUE
        solid FALSE
        coord DEF co Coordinate {
            point [
                0.4522 0.0803 0.0039, 0.4484 0.0697 0.0039, 0.4836 0.0803 0.0039, 0.4873 0.0697 0.0039, 0.4662 0.1191 0.0039, 0.4617 0.1376 0.0039, 0.4261 0.0441 0.0039, 0.4394 0.0441 0.0039, 0.467 0.1219 0.0039, 0.4677 0.1256 0.0039, 0.4746 0.1376 0.0039, 0.468 0.1256 0.0039, 0.4688 0.1217 0.0039, 0.4695 0.1191 0.0039, 0.5102 0.0441 0.0039, 0.4968 0.0441 0.0039, 0.4746 0.1376 0.0, 0.5102 0.0441 0.0, 0.4617 0.1376 0.0, 0.4261 0.0441 0.0, 0.4394 0.0441 0.0, 0.4484 0.0697 0.0, 0.4873 0.0697 0.0, 0.4968 0.0441 0.0, 0.4522 0.0803 0.0, 0.4836 0.0803 0.0, 0.4695 0.1191 0.0, 0.468 0.1256 0.0, 0.4688 0.1217 0.0, 0.4677 0.1256 0.0, 0.4662 0.1191 0.0, 0.467 0.1219 0.0, 0.467 0.1219 0.0
            ]
        }
        coordIndex [
            0,1,2,-1,2,1,3,-1,4,5,0,-1,0,5,6,-1,0,6,1,-1,1,6,7,-1,4,8,5,-1,5,8,9,-1,5,9,10,-1,10,9,11,-1,10,11,12,-1,12,13,10,-1,10,13,2,-1,10,2,14,-1,14,2,3,-1,14,3,15,-1,10,14,16,-1,16,14,17,-1,5,10,18,-1,18,10,16,-1,6,5,19,-1,19,5,18,-1,7,6,20,-1,20,6,19,-1,1,7,21,-1,21,7,20,-1,3,1,22,-1,22,1,21,-1,15,3,23,-1,23,3,22,-1,14,15,17,-1,17,15,23,-1,0,2,24,-1,24,2,25,-1,2,13,25,-1,25,13,26,-1,11,27,28,-1,11,28,12,-1,12,28,26,-1,12,26,13,-1,11,9,27,-1,27,9,29,-1,4,30,31,-1,4,31,8,-1,8,31,29,-1,8,29,9,-1,4,0,30,-1,30,0,24,-1,
        ]
    }
}
Shape{
    appearance Appearance {
        material  Material 	{
            diffuseColor 1.0 1.0 1.0
            specularColor 0.5019607843137255 0.5019607843137255 0.5019607843137255
            ambientIntensity 0.2
            transparency 0
            shininess 0.5
        }
    }
    geometry IndexedFaceSet {
        ccw TRUE
        solid FALSE
        coord DEF co Coordinate {
            point [
                0.468 0.1256 0.0, 0.4677 0.1256 0.0, 0.4688 0.1217 0.0, 0.467 0.1219 0.0, 0.4695 0.1191 0.0, 0.4662 0.1191 0.0, 0.4836 0.0803 0.0, 0.4522 0.0803 0.0, 0.4522 0.0803 0.0
            ]
        }
        coordIndex [
            0,1,2,-1,2,1,3,-1,2,3,4,-1,4,3,5,-1,4,5,6,-1,6,5,7,-1,
        ]
    }
}
Shape{
    appearance Appearance {
        material  Material 	{
            diffuseColor 0.0 0.0 0.0
            specularColor 0.0 0.0 0.0
            ambientIntensity 0.2
            transparency 0
            shininess 0.5
        }
    }
    geometry IndexedFaceSet {
        ccw TRUE
        solid FALSE
        coord DEF co Coordinate {
            point [
                -0.3943 0.0309 0.0039, -0.3844 0.0187 0.0039, -0.4003 0.0896 0.0039, -0.4119 0.205 0.0039, -0.3971 0.2129 0.0039, -0.4006 0.2538 0.0039, -0.3591 0.2557 0.0039, -0.3385 0.2072 0.0039, -0.3284 0.2282 0.0039, -0.4148 0.0986 0.0039, -0.4094 0.0477 0.0039, -0.4009 0.0451 0.0039, -0.3744 0.257 0.0039, -0.333 0.091 0.0039, -0.3268 0.0888 0.0039, -0.2714 0.073 0.0039, -0.3215 0.0852 0.0039, -0.3172 0.0805 0.0039, -0.1784 0.1222 0.0039, -0.199 0.1574 0.0039, -0.288 0.1109 0.0039, -0.3385 0.0916 0.0039, -0.345 0.0908 0.0039, -0.3537 0.1315 0.0039, -0.3508 0.0885 0.0039, -0.3684 0.1259 0.0039, -0.356 0.0848 0.0039, -0.382 0.1165 0.0039, -0.3586 0.0821 0.0039, -0.393 0.1039 0.0039, -0.3621 0.0766 0.0039, -0.364 0.0703 0.0039, -0.3643 0.0638 0.0039, -0.3138 0.129 0.0039, -0.3298 0.133 0.0039, -0.3378 0.1335 0.0039, -0.3143 0.075 0.0039, -0.3128 0.0688 0.0039, -0.2714 0.0664 0.0039, -0.3128 0.0628 0.0039, -0.2718 0.0594 0.0039, -0.1565 0.1879 0.0039, -0.1512 0.1879 0.0039, -0.124 0.2238 0.0039, -0.1386 0.1864 0.0039, -0.1208 0.2227 0.0039, -0.127 0.1819 0.0039, -0.101 0.2129 0.0039, -0.083 0.1977 0.0039, -0.3455 0.2715 0.0039, -0.3135 0.246 0.0039, -0.3299 0.2849 0.0039, -0.2957 0.259 0.0039, -0.3136 0.295 0.0039, -0.3807 0.2168 0.0039, -0.3737 0.2172 0.0039, -0.3667 0.2566 0.0039, -0.358 0.2152 0.0039, -0.3431 0.2097 0.0039, -0.2997 0.1215 0.0039, -0.0828 0.0737 0.0039, -0.1137 0.1001 0.0039, -0.1009 0.0584 0.0039, -0.1235 0.0921 0.0039, -0.1211 0.0485 0.0039, -0.1352 0.0866 0.0039, -0.1432 0.0438 0.0039, -0.1472 0.0843 0.0039, -0.1824 0.0438 0.0039, -0.1771 0.0843 0.0039, -0.1862 0.0444 0.0039, -0.3631 0.0576 0.0039, -0.3605 0.052 0.0039, -0.1167 0.1747 0.0039, -0.1091 0.1662 0.0039, -0.0694 0.1788 0.0039, -0.1029 0.1548 0.0039, -0.0613 0.1585 0.0039, -0.0997 0.142 0.0039, -0.0582 0.1368 0.0039, -0.0994 0.1361 0.0039, -0.0613 0.1131 0.0039, -0.101 0.1232 0.0039, -0.0696 0.0921 0.0039, -0.1056 0.1114 0.0039, -0.1129 0.101 0.0039, -0.1598 0.2763 0.0039, -0.1859 0.2458 0.0039, -0.1378 0.2507 0.0039, -0.1709 0.2279 0.0039, -0.1606 0.2065 0.0039, -0.4381 0.1669 0.0039, -0.4818 0.1558 0.0039, -0.4401 0.1508 0.0039, -0.482 0.1494 0.0039, -0.4393 0.1404 0.0039, -0.4788 0.1234 0.0039, -0.4345 0.1242 0.0039, -0.4692 0.0987 0.0039, -0.4267 0.1108 0.0039, -0.4541 0.077 0.0039, -0.4334 0.0594 0.0039, -0.2757 0.043 0.0039, -0.3144 0.0564 0.0039, -0.2836 0.0282 0.0039, -0.3175 0.0507 0.0039, -0.2937 0.0169 0.0039, -0.3211 0.0466 0.0039, -0.3069 0.0077 0.0039, -0.3261 0.043 0.0039, -0.3217 0.002 0.0039, -0.3319 0.0407 0.0039, -0.3378 -0.0 0.0039, -0.3385 0.0398 0.0039, -0.3404 0.0 0.0039, -0.3396 0.0399 0.0039, -0.3561 0.0025 0.0039, -0.3456 0.0408 0.0039, -0.3714 0.0089 0.0039, -0.3516 0.0434 0.0039, -0.3567 0.0473 0.0039, -0.283 0.3068 0.0039, -0.274 0.2678 0.0039, -0.2502 0.3108 0.0039, -0.2495 0.271 0.0039, -0.2224 0.3079 0.0039, -0.227 0.2682 0.0039, -0.1891 0.296 0.0039, -0.2061 0.2602 0.0039, -0.1875 0.2472 0.0039, -0.4252 0.2442 0.0039, -0.4463 0.2294 0.0039, -0.4232 0.1949 0.0039, -0.4508 0.2251 0.0039, -0.4324 0.1817 0.0039, -0.4667 0.2047 0.0039, -0.4773 0.1807 0.0039, -0.1805 0.085 0.0039, -0.1964 0.0508 0.0039, -0.1949 0.0492 0.0039, -0.1785 0.0845 0.0039, -0.1906 0.0462 0.0039, -0.2017 0.0644 0.0039, -0.2011 0.0595 0.0039, -0.1993 0.055 0.0039, -0.1862 0.0843 0.0039, -0.1908 0.0825 0.0039, -0.2015 0.067 0.0039, -0.1949 0.0796 0.0039, -0.1976 0.0766 0.0039, -0.2002 0.0721 0.0039, -0.1811 0.085 0.0039, -0.0786 0.1916 0.0, -0.0694 0.1788 0.0, -0.0635 0.1642 0.0, -0.0613 0.1585 0.0, -0.0582 0.1368 0.0, -0.083 0.1977 0.0, -0.101 0.2129 0.0, -0.1208 0.2227 0.0, -0.124 0.2238 0.0, -0.1378 0.2507 0.0, -0.1598 0.2763 0.0, -0.1751 0.2865 0.0, -0.1891 0.296 0.0, -0.2224 0.3079 0.0, -0.2502 0.3108 0.0, -0.283 0.3068 0.0, -0.3136 0.295 0.0, -0.3272 0.2865 0.0, -0.3299 0.2849 0.0, -0.3455 0.2715 0.0, -0.3591 0.2557 0.0, -0.3667 0.2566 0.0, -0.3744 0.257 0.0, -0.4006 0.2538 0.0, -0.4252 0.2442 0.0, -0.4463 0.2294 0.0, -0.4508 0.2251 0.0, -0.4667 0.2047 0.0, -0.4725 0.1916 0.0, -0.4773 0.1807 0.0, -0.4803 0.1642 0.0, -0.4818 0.1558 0.0, -0.482 0.1494 0.0, -0.4788 0.1234 0.0, -0.4692 0.0987 0.0, -0.4541 0.077 0.0, -0.4334 0.0594 0.0, -0.4094 0.0477 0.0, -0.4009 0.0451 0.0, -0.4001 0.0434 0.0, -0.3943 0.0309 0.0, -0.3844 0.0187 0.0, -0.3714 0.0089 0.0, -0.3653 0.0064 0.0, -0.3561 0.0025 0.0, -0.3404 0.0 0.0, -0.3378 -0.0 0.0, -0.2714 0.0664 0.0, -0.3217 0.002 0.0, -0.3104 0.0064 0.0, -0.3069 0.0077 0.0, -0.2937 0.0169 0.0, -0.2836 0.0282 0.0, -0.2757 0.043 0.0, -0.2756 0.0434 0.0, -0.2718 0.0594 0.0, -0.2714 0.073 0.0, -0.1784 0.1222 0.0, -0.199 0.1574 0.0, -0.288 0.1109 0.0, -0.2997 0.1215 0.0, -0.3138 0.129 0.0, -0.3298 0.133 0.0, -0.3378 0.1335 0.0, -0.3537 0.1315 0.0, -0.3684 0.1259 0.0, -0.382 0.1165 0.0, -0.393 0.1039 0.0, -0.4003 0.0896 0.0, -0.4148 0.0986 0.0, -0.4267 0.1108 0.0, -0.4345 0.1242 0.0, -0.4393 0.1404 0.0, -0.4401 0.1508 0.0, -0.4385 0.1642 0.0, -0.4381 0.1669 0.0, -0.4324 0.1817 0.0, -0.4256 0.1916 0.0, -0.4232 0.1949 0.0, -0.4119 0.205 0.0, -0.3971 0.2129 0.0, -0.3807 0.2168 0.0, -0.3737 0.2172 0.0, -0.358 0.2152 0.0, -0.3431 0.2097 0.0, -0.3385 0.2072 0.0, -0.3284 0.2282 0.0, -0.3135 0.246 0.0, -0.2957 0.259 0.0, -0.274 0.2678 0.0, -0.2495 0.271 0.0, -0.227 0.2682 0.0, -0.2061 0.2602 0.0, -0.1875 0.2472 0.0, -0.1859 0.2458 0.0, -0.1709 0.2279 0.0, -0.1606 0.2065 0.0, -0.1573 0.1916 0.0, -0.1565 0.1879 0.0, -0.1512 0.1879 0.0, -0.1386 0.1864 0.0, -0.127 0.1819 0.0, -0.1167 0.1747 0.0, -0.1091 0.1662 0.0, -0.108 0.1642 0.0, -0.1029 0.1548 0.0, -0.0997 0.142 0.0, -0.0994 0.1361 0.0, -0.101 0.1232 0.0, -0.1056 0.1114 0.0, -0.1129 0.101 0.0, -0.1137 0.1001 0.0, -0.1235 0.0921 0.0, -0.1352 0.0866 0.0, -0.1472 0.0843 0.0, -0.1771 0.0843 0.0, -0.1785 0.0845 0.0, -0.1805 0.085 0.0, -0.1811 0.085 0.0, -0.1862 0.0843 0.0, -0.1908 0.0825 0.0, -0.1949 0.0796 0.0, -0.1976 0.0766 0.0, -0.2002 0.0721 0.0, -0.2015 0.067 0.0, -0.2017 0.0644 0.0, -0.2011 0.0595 0.0, -0.1993 0.055 0.0, -0.1964 0.0508 0.0, -0.1949 0.0492 0.0, -0.1906 0.0462 0.0, -0.1862 0.0444 0.0, -0.1824 0.0438 0.0, -0.1432 0.0438 0.0, -0.1211 0.0485 0.0, -0.1009 0.0584 0.0, -0.0828 0.0737 0.0, -0.0696 0.0921 0.0, -0.0613 0.1131 0.0, -0.3385 0.0916 0.0, -0.333 0.091 0.0, -0.3268 0.0888 0.0, -0.3215 0.0852 0.0, -0.3172 0.0805 0.0, -0.3143 0.075 0.0, -0.3128 0.0688 0.0, -0.3128 0.0628 0.0, -0.3144 0.0564 0.0, -0.3175 0.0507 0.0, -0.3211 0.0466 0.0, -0.3261 0.043 0.0, -0.3319 0.0407 0.0, -0.3385 0.0398 0.0, -0.3396 0.0399 0.0, -0.3456 0.0408 0.0, -0.3516 0.0434 0.0, -0.3567 0.0473 0.0, -0.3605 0.052 0.0, -0.3631 0.0576 0.0, -0.3643 0.0638 0.0, -0.364 0.0703 0.0, -0.3621 0.0766 0.0, -0.3586 0.0821 0.0, -0.356 0.0848 0.0, -0.3508 0.0885 0.0, -0.345 0.0908 0.0, -0.345 0.0908 0.0
            ]
        }
        coordIndex [
            0,1,2,-1,3,4,5,-1,6,7,8,-1,9,10,2,-1,2,10,11,-1,2,11,0,-1,5,4,12,-1,13,14,15,-1,15,14,16,-1,15,16,17,-1,18,19,15,-1,15,19,20,-1,15,20,13,-1,13,20,21,-1,22,23,24,-1,24,23,25,-1,24,25,26,-1,26,25,27,-1,26,27,28,-1,28,27,29,-1,28,29,30,-1,30,29,2,-1,30,2,31,-1,31,2,32,-1,33,34,22,-1,22,34,35,-1,22,35,23,-1,17,36,15,-1,15,36,37,-1,15,37,38,-1,38,37,39,-1,38,39,40,-1,41,42,43,-1,43,42,44,-1,43,44,45,-1,45,44,46,-1,45,46,47,-1,47,46,48,-1,6,8,49,-1,49,8,50,-1,49,50,51,-1,51,50,52,-1,51,52,53,-1,4,54,12,-1,12,54,55,-1,12,55,56,-1,56,55,57,-1,56,57,6,-1,6,57,58,-1,6,58,7,-1,21,20,22,-1,22,20,59,-1,22,59,33,-1,60,61,62,-1,62,61,63,-1,62,63,64,-1,64,63,65,-1,64,65,66,-1,66,65,67,-1,66,67,68,-1,68,67,69,-1,68,69,70,-1,32,2,71,-1,71,2,1,-1,71,1,72,-1,46,73,48,-1,48,73,74,-1,48,74,75,-1,75,74,76,-1,75,76,77,-1,77,76,78,-1,77,78,79,-1,79,78,80,-1,79,80,81,-1,81,80,82,-1,81,82,83,-1,83,82,84,-1,83,84,60,-1,60,84,85,-1,60,85,61,-1,86,87,88,-1,88,87,89,-1,88,89,43,-1,43,89,90,-1,43,90,41,-1,91,92,93,-1,93,92,94,-1,93,94,95,-1,95,94,96,-1,95,96,97,-1,97,96,98,-1,97,98,99,-1,99,98,100,-1,99,100,9,-1,9,100,101,-1,9,101,10,-1,40,39,102,-1,102,39,103,-1,102,103,104,-1,104,103,105,-1,104,105,106,-1,106,105,107,-1,106,107,108,-1,108,107,109,-1,108,109,110,-1,110,109,111,-1,110,111,112,-1,112,111,113,-1,112,113,114,-1,114,113,115,-1,114,115,116,-1,116,115,117,-1,116,117,118,-1,118,117,119,-1,118,119,1,-1,1,119,120,-1,1,120,72,-1,53,52,121,-1,121,52,122,-1,121,122,123,-1,123,122,124,-1,123,124,125,-1,125,124,126,-1,125,126,127,-1,127,126,128,-1,127,128,86,-1,86,128,129,-1,86,129,87,-1,5,130,3,-1,3,130,131,-1,3,131,132,-1,132,131,133,-1,132,133,134,-1,134,133,135,-1,134,135,91,-1,91,135,136,-1,91,136,92,-1,137,138,139,-1,69,140,70,-1,70,140,137,-1,70,137,141,-1,141,137,139,-1,142,143,137,-1,137,143,144,-1,137,144,138,-1,145,146,147,-1,146,148,147,-1,147,148,149,-1,147,149,150,-1,142,137,147,-1,147,137,151,-1,147,151,145,-1,152,48,153,-1,153,48,75,-1,153,75,154,-1,154,75,77,-1,154,77,155,-1,155,77,79,-1,155,79,156,-1,152,157,48,-1,48,157,158,-1,48,158,47,-1,47,158,159,-1,47,159,45,-1,45,159,160,-1,45,160,43,-1,43,160,161,-1,43,161,88,-1,88,161,162,-1,88,162,86,-1,127,86,163,-1,163,86,162,-1,163,164,127,-1,127,164,165,-1,127,165,125,-1,125,165,166,-1,125,166,123,-1,123,166,167,-1,123,167,121,-1,121,167,168,-1,121,168,53,-1,53,168,51,-1,51,168,169,-1,51,169,170,-1,51,170,171,-1,51,171,49,-1,49,171,172,-1,49,172,6,-1,6,172,173,-1,6,173,56,-1,56,173,174,-1,56,174,12,-1,12,174,175,-1,12,175,5,-1,5,175,176,-1,5,176,130,-1,130,176,177,-1,130,177,131,-1,131,177,178,-1,131,178,133,-1,136,135,179,-1,179,135,133,-1,179,133,178,-1,179,180,136,-1,136,180,181,-1,136,181,92,-1,92,181,182,-1,182,183,92,-1,92,183,184,-1,92,184,94,-1,94,184,185,-1,94,185,96,-1,96,185,186,-1,96,186,98,-1,98,186,187,-1,98,187,100,-1,100,187,188,-1,100,188,101,-1,101,188,189,-1,101,189,10,-1,10,189,190,-1,10,190,11,-1,11,190,191,-1,11,191,0,-1,191,192,0,-1,0,192,193,-1,0,193,1,-1,1,193,194,-1,1,194,118,-1,118,194,195,-1,118,195,116,-1,195,196,116,-1,116,196,197,-1,116,197,114,-1,114,197,198,-1,114,198,112,-1,199,38,40,-1,112,198,200,-1,201,108,200,-1,200,108,110,-1,200,110,112,-1,201,202,108,-1,108,202,203,-1,108,203,106,-1,106,203,204,-1,106,204,104,-1,104,204,205,-1,104,205,102,-1,102,205,206,-1,102,206,40,-1,40,206,207,-1,40,207,199,-1,15,38,208,-1,208,38,199,-1,18,15,209,-1,209,15,208,-1,19,18,210,-1,210,18,209,-1,20,19,211,-1,211,19,210,-1,20,211,212,-1,20,212,59,-1,59,212,213,-1,59,213,33,-1,33,213,214,-1,33,214,34,-1,34,214,215,-1,34,215,35,-1,35,215,216,-1,35,216,23,-1,23,216,217,-1,23,217,25,-1,25,217,218,-1,25,218,27,-1,27,218,219,-1,27,219,29,-1,29,219,220,-1,29,220,2,-1,2,220,221,-1,2,221,9,-1,9,221,222,-1,9,222,99,-1,99,222,223,-1,99,223,97,-1,97,223,224,-1,97,224,95,-1,95,224,225,-1,95,225,93,-1,91,93,225,-1,225,226,91,-1,91,226,227,-1,91,227,228,-1,229,132,228,-1,228,132,134,-1,228,134,91,-1,229,230,132,-1,132,230,231,-1,132,231,3,-1,3,231,232,-1,3,232,4,-1,4,232,233,-1,4,233,54,-1,54,233,234,-1,54,234,55,-1,55,234,235,-1,55,235,57,-1,57,235,236,-1,57,236,58,-1,58,236,237,-1,58,237,7,-1,7,237,238,-1,7,238,8,-1,8,238,239,-1,8,239,50,-1,50,239,240,-1,50,240,52,-1,52,240,241,-1,52,241,122,-1,122,241,242,-1,122,242,124,-1,124,242,243,-1,124,243,126,-1,126,243,244,-1,126,244,128,-1,128,244,245,-1,128,245,129,-1,129,245,246,-1,129,246,87,-1,87,246,247,-1,87,247,89,-1,89,247,248,-1,89,248,90,-1,90,248,41,-1,41,248,249,-1,41,249,250,-1,42,41,251,-1,251,41,250,-1,42,251,252,-1,42,252,44,-1,44,252,253,-1,44,253,46,-1,46,253,254,-1,46,254,73,-1,73,254,255,-1,73,255,74,-1,74,255,256,-1,74,256,76,-1,256,257,76,-1,76,257,258,-1,76,258,78,-1,78,258,259,-1,78,259,80,-1,80,259,260,-1,80,260,82,-1,82,260,261,-1,82,261,84,-1,84,261,262,-1,84,262,85,-1,85,262,263,-1,85,263,61,-1,61,263,264,-1,61,264,63,-1,63,264,265,-1,63,265,65,-1,65,265,266,-1,65,266,67,-1,69,67,267,-1,267,67,266,-1,69,267,268,-1,69,268,140,-1,140,268,269,-1,140,269,137,-1,137,269,270,-1,137,270,151,-1,151,270,271,-1,151,271,145,-1,145,271,272,-1,145,272,146,-1,146,272,273,-1,146,273,148,-1,148,273,274,-1,148,274,149,-1,149,274,275,-1,149,275,150,-1,150,275,276,-1,150,276,147,-1,147,276,277,-1,147,277,142,-1,142,277,278,-1,142,278,143,-1,143,278,279,-1,143,279,144,-1,144,279,280,-1,144,280,138,-1,138,280,281,-1,138,281,139,-1,139,281,282,-1,139,282,141,-1,141,282,283,-1,141,283,70,-1,70,283,284,-1,70,284,68,-1,66,68,285,-1,285,68,284,-1,66,285,286,-1,66,286,64,-1,64,286,287,-1,64,287,62,-1,62,287,288,-1,62,288,60,-1,60,288,289,-1,60,289,83,-1,83,289,290,-1,83,290,81,-1,81,290,156,-1,81,156,79,-1,21,291,292,-1,21,292,13,-1,13,292,293,-1,13,293,14,-1,14,293,294,-1,14,294,16,-1,16,294,295,-1,16,295,17,-1,17,295,296,-1,17,296,36,-1,36,296,297,-1,36,297,37,-1,37,297,298,-1,37,298,39,-1,39,298,299,-1,39,299,103,-1,103,299,300,-1,103,300,105,-1,105,300,301,-1,105,301,107,-1,107,301,302,-1,107,302,109,-1,109,302,303,-1,109,303,111,-1,111,303,304,-1,111,304,113,-1,113,304,305,-1,113,305,115,-1,115,305,306,-1,115,306,117,-1,117,306,307,-1,117,307,119,-1,119,307,308,-1,119,308,120,-1,120,308,309,-1,120,309,72,-1,72,309,310,-1,72,310,71,-1,71,310,311,-1,71,311,32,-1,32,311,312,-1,32,312,31,-1,31,312,313,-1,31,313,30,-1,30,313,314,-1,30,314,28,-1,28,314,315,-1,28,315,26,-1,26,315,316,-1,26,316,24,-1,24,316,317,-1,24,317,22,-1,22,317,291,-1,22,291,21,-1,
        ]
    }
}
Shape{
    appearance Appearance {
        material  Material 	{
            diffuseColor 1.0 1.0 1.0
            specularColor 0.5019607843137255 0.5019607843137255 0.5019607843137255
            ambientIntensity 0.2
            transparency 0
            shininess 0.5
        }
    }
    geometry IndexedFaceSet {
        ccw TRUE
        solid FALSE
        coord DEF co Coordinate {
            point [
                -0.3396 0.0399 0.0, -0.356 0.0848 0.0, -0.3586 0.0821 0.0, -0.3319 0.0407 0.0, -0.3261 0.043 0.0, -0.333 0.091 0.0, -0.3385 0.0916 0.0, -0.345 0.0908 0.0, -0.3508 0.0885 0.0, -0.3631 0.0576 0.0, -0.3605 0.052 0.0, -0.3567 0.0473 0.0, -0.3385 0.0398 0.0, -0.3621 0.0766 0.0, -0.364 0.0703 0.0, -0.3643 0.0638 0.0, -0.3516 0.0434 0.0, -0.3456 0.0408 0.0, -0.3211 0.0466 0.0, -0.3175 0.0507 0.0, -0.3144 0.0564 0.0, -0.3128 0.0628 0.0, -0.3128 0.0688 0.0, -0.3143 0.075 0.0, -0.3172 0.0805 0.0, -0.3215 0.0852 0.0, -0.3268 0.0888 0.0, -0.3268 0.0888 0.0
            ]
        }
        coordIndex [
            0,1,2,-1,3,4,5,-1,6,7,0,-1,0,7,8,-1,0,8,1,-1,9,10,2,-1,2,10,11,-1,6,0,5,-1,5,0,12,-1,5,12,3,-1,13,14,2,-1,2,14,15,-1,2,15,9,-1,11,16,2,-1,2,16,17,-1,2,17,0,-1,4,18,5,-1,5,18,19,-1,5,19,20,-1,20,21,5,-1,5,21,22,-1,5,22,23,-1,23,24,5,-1,5,24,25,-1,5,25,26,-1,
        ]
    }
}