#VRML V2.0 utf8
# 3D model generated by easyeda2kicad.py (https://github.com/uPesy/easyeda2kicad.py)

Shape{
    appearance Appearance {
        material  Material 	{
            diffuseColor 0.9686274509803922 0.8784313725490196 0.6
            specularColor 0.6784313725490196 0.615686274509804 0.4196078431372549
            ambientIntensity 0.2
            transparency 0
            shininess 0.5
        }
    }
    geometry IndexedFaceSet {
        ccw TRUE
        solid FALSE
        coord DEF co Coordinate {
            point [
                0.7874 0.1969 0.0197, 0.6689 0.1969 0.0197, 0.6299 0.2358 0.0197, 0.6299 0.2366 0.0197, 0.6689 0.2756 0.0197, 0.7874 0.2756 0.0197, 0.6634 0.1972 0.0197, 0.6315 0.2248 0.0197, 0.6303 0.2303 0.0197, 0.6579 0.1984 0.0197, 0.6527 0.2004 0.0197, 0.6478 0.203 0.0197, 0.6434 0.2064 0.0197, 0.6394 0.2103 0.0197, 0.6334 0.2196 0.0197, 0.6361 0.2148 0.0197, 0.6303 0.2422 0.0197, 0.6315 0.2476 0.0197, 0.6334 0.2528 0.0197, 0.6361 0.2577 0.0197, 0.6394 0.2621 0.0197, 0.6434 0.2661 0.0197, 0.6478 0.2694 0.0197, 0.6527 0.2721 0.0197, 0.6579 0.274 0.0197, 0.6634 0.2752 0.0197, 0.7874 0.1969 0.0394, 0.6689 0.1969 0.0394, 0.7874 0.2756 0.0394, 0.6299 0.2366 0.0394, 0.6299 0.2358 0.0394, 0.6689 0.2756 0.0394, 0.6634 0.1972 0.0394, 0.6315 0.2248 0.0394, 0.6303 0.2303 0.0394, 0.6361 0.2148 0.0394, 0.6394 0.2103 0.0394, 0.6579 0.1984 0.0394, 0.6361 0.2577 0.0394, 0.6334 0.2528 0.0394, 0.6334 0.2196 0.0394, 0.6434 0.2064 0.0394, 0.6478 0.203 0.0394, 0.6527 0.2004 0.0394, 0.6634 0.2752 0.0394, 0.6579 0.274 0.0394, 0.6434 0.2661 0.0394, 0.6527 0.2721 0.0394, 0.6478 0.2694 0.0394, 0.6394 0.2621 0.0394, 0.6315 0.2476 0.0394, 0.6303 0.2422 0.0394, 0.7874 -0.2756 0.0197, 0.6689 -0.2756 0.0197, 0.6299 -0.2366 0.0197, 0.6299 -0.2358 0.0197, 0.6689 -0.1969 0.0197, 0.7874 -0.1969 0.0197, 0.6634 -0.2752 0.0197, 0.6579 -0.274 0.0197, 0.6527 -0.2721 0.0197, 0.6434 -0.2661 0.0197, 0.6394 -0.2621 0.0197, 0.6361 -0.2577 0.0197, 0.6334 -0.2528 0.0197, 0.6315 -0.2476 0.0197, 0.6303 -0.2422 0.0197, 0.6478 -0.2694 0.0197, 0.6303 -0.2303 0.0197, 0.6315 -0.2248 0.0197, 0.6334 -0.2196 0.0197, 0.6361 -0.2148 0.0197, 0.6394 -0.2103 0.0197, 0.6434 -0.2064 0.0197, 0.6478 -0.203 0.0197, 0.6527 -0.2004 0.0197, 0.6579 -0.1984 0.0197, 0.6634 -0.1972 0.0197, 0.7874 -0.2756 0.0394, 0.6689 -0.2756 0.0394, 0.7874 -0.1969 0.0394, 0.6299 -0.2358 0.0394, 0.6299 -0.2366 0.0394, 0.6689 -0.1969 0.0394, 0.6303 -0.2422 0.0394, 0.6315 -0.2476 0.0394, 0.6334 -0.2528 0.0394, 0.6361 -0.2577 0.0394, 0.6394 -0.2621 0.0394, 0.6527 -0.2721 0.0394, 0.6634 -0.2752 0.0394, 0.6579 -0.274 0.0394, 0.6361 -0.2148 0.0394, 0.6334 -0.2196 0.0394, 0.6434 -0.2661 0.0394, 0.6478 -0.2694 0.0394, 0.6634 -0.1972 0.0394, 0.6579 -0.1984 0.0394, 0.6434 -0.2064 0.0394, 0.6527 -0.2004 0.0394, 0.6478 -0.203 0.0394, 0.6394 -0.2103 0.0394, 0.6315 -0.2248 0.0394, 0.6303 -0.2303 0.0394, 0.7874 0.4331 0.0197, 0.6299 0.3933 0.0197, 0.6689 0.4331 0.0197, 0.6299 0.3941 0.0197, 0.6315 0.3823 0.0197, 0.6689 0.3543 0.0197, 0.6634 0.3547 0.0197, 0.7874 0.3543 0.0197, 0.6303 0.3878 0.0197, 0.6303 0.3996 0.0197, 0.6315 0.4051 0.0197, 0.6334 0.4103 0.0197, 0.6361 0.4152 0.0197, 0.6394 0.4196 0.0197, 0.6434 0.4236 0.0197, 0.6579 0.3559 0.0197, 0.6527 0.3579 0.0197, 0.6478 0.3605 0.0197, 0.6434 0.3639 0.0197, 0.6394 0.3678 0.0197, 0.6334 0.3771 0.0197, 0.6361 0.3722 0.0197, 0.6478 0.4269 0.0197, 0.6527 0.4295 0.0197, 0.6579 0.4315 0.0197, 0.6634 0.4327 0.0197, 0.7874 0.3543 0.0394, 0.6689 0.3543 0.0394, 0.7874 0.4331 0.0394, 0.6299 0.3933 0.0394, 0.6689 0.4331 0.0394, 0.6303 0.3878 0.0394, 0.6315 0.3823 0.0394, 0.6527 0.4295 0.0394, 0.6478 0.4269 0.0394, 0.6434 0.4236 0.0394, 0.6315 0.4051 0.0394, 0.6303 0.3996 0.0394, 0.6299 0.3941 0.0394, 0.6478 0.3605 0.0394, 0.6527 0.3579 0.0394, 0.6334 0.3771 0.0394, 0.6361 0.3722 0.0394, 0.6394 0.3678 0.0394, 0.6579 0.3559 0.0394, 0.6634 0.3547 0.0394, 0.6579 0.4315 0.0394, 0.6394 0.4196 0.0394, 0.6361 0.4152 0.0394, 0.6334 0.4103 0.0394, 0.6634 0.4327 0.0394, 0.6434 0.3639 0.0394, 0.7874 -0.0394 0.0197, 0.6299 -0.0791 0.0197, 0.6689 -0.0394 0.0197, 0.6299 -0.0783 0.0197, 0.6334 -0.0953 0.0197, 0.6315 -0.0901 0.0197, 0.6689 -0.1181 0.0197, 0.6579 -0.1165 0.0197, 0.6527 -0.1146 0.0197, 0.6361 -0.1002 0.0197, 0.7874 -0.1181 0.0197, 0.6303 -0.0847 0.0197, 0.6634 -0.1177 0.0197, 0.6478 -0.1119 0.0197, 0.6434 -0.1086 0.0197, 0.6394 -0.1047 0.0197, 0.6303 -0.0728 0.0197, 0.6315 -0.0674 0.0197, 0.6334 -0.0622 0.0197, 0.6361 -0.0573 0.0197, 0.6394 -0.0528 0.0197, 0.6634 -0.0398 0.0197, 0.6579 -0.0409 0.0197, 0.6527 -0.0429 0.0197, 0.6434 -0.0489 0.0197, 0.6478 -0.0456 0.0197, 0.7874 -0.1181 0.0394, 0.6689 -0.1181 0.0394, 0.7874 -0.0394 0.0394, 0.6303 -0.0728 0.0394, 0.6299 -0.0783 0.0394, 0.6689 -0.0394 0.0394, 0.6299 -0.0791 0.0394, 0.6303 -0.0847 0.0394, 0.6315 -0.0901 0.0394, 0.6334 -0.0953 0.0394, 0.6361 -0.1002 0.0394, 0.6634 -0.1177 0.0394, 0.6394 -0.1047 0.0394, 0.6434 -0.1086 0.0394, 0.6634 -0.0398 0.0394, 0.6579 -0.0409 0.0394, 0.6527 -0.0429 0.0394, 0.6478 -0.1119 0.0394, 0.6527 -0.1146 0.0394, 0.6579 -0.1165 0.0394, 0.6394 -0.0528 0.0394, 0.6361 -0.0573 0.0394, 0.6334 -0.0622 0.0394, 0.6315 -0.0674 0.0394, 0.6478 -0.0456 0.0394, 0.6434 -0.0489 0.0394, 0.6634 0.1177 0.0197, 0.6689 0.1181 0.0197, 0.6303 0.0847 0.0197, 0.6434 0.0489 0.0197, 0.6394 0.0528 0.0197, 0.6689 0.0394 0.0197, 0.7874 0.1181 0.0197, 0.7874 0.0394 0.0197, 0.6299 0.0783 0.0197, 0.6303 0.0728 0.0197, 0.6315 0.0674 0.0197, 0.6299 0.0791 0.0197, 0.6579 0.0409 0.0197, 0.6527 0.0429 0.0197, 0.6478 0.0456 0.0197, 0.6361 0.0573 0.0197, 0.6334 0.0622 0.0197, 0.6334 0.0953 0.0197, 0.6361 0.1002 0.0197, 0.6394 0.1047 0.0197, 0.6634 0.0398 0.0197, 0.6315 0.0901 0.0197, 0.6434 0.1086 0.0197, 0.6478 0.1119 0.0197, 0.6527 0.1146 0.0197, 0.6579 0.1165 0.0197, 0.7874 0.0394 0.0394, 0.6689 0.0394 0.0394, 0.7874 0.1181 0.0394, 0.6299 0.0791 0.0394, 0.6299 0.0783 0.0394, 0.6689 0.1181 0.0394, 0.6303 0.0728 0.0394, 0.6315 0.0674 0.0394, 0.6334 0.0622 0.0394, 0.6361 0.0573 0.0394, 0.6394 0.0528 0.0394, 0.6434 0.0489 0.0394, 0.6478 0.0456 0.0394, 0.6394 0.1047 0.0394, 0.6361 0.1002 0.0394, 0.6334 0.0953 0.0394, 0.6527 0.0429 0.0394, 0.6579 0.0409 0.0394, 0.6634 0.0398 0.0394, 0.6634 0.1177 0.0394, 0.6579 0.1165 0.0394, 0.6303 0.0847 0.0394, 0.6527 0.1146 0.0394, 0.6478 0.1119 0.0394, 0.6434 0.1086 0.0394, 0.6315 0.0901 0.0394, -0.3146 0.6299 0.0197, -0.3543 0.7874 0.0197, -0.2756 0.7874 0.0197, -0.3543 0.6689 0.0197, -0.3154 0.6299 0.0197, -0.3209 0.6303 0.0197, -0.3364 0.6361 0.0197, -0.3409 0.6394 0.0197, -0.2756 0.6689 0.0197, -0.276 0.6634 0.0197, -0.2772 0.6579 0.0197, -0.2851 0.6434 0.0197, -0.289 0.6394 0.0197, -0.2935 0.6361 0.0197, -0.309 0.6303 0.0197, -0.2984 0.6334 0.0197, -0.3036 0.6315 0.0197, -0.2791 0.6527 0.0197, -0.2818 0.6478 0.0197, -0.3539 0.6634 0.0197, -0.3528 0.6579 0.0197, -0.3508 0.6527 0.0197, -0.3263 0.6315 0.0197, -0.3315 0.6334 0.0197, -0.3448 0.6434 0.0197, -0.3481 0.6478 0.0197, -0.2756 0.7874 0.0394, -0.2756 0.6689 0.0394, -0.3543 0.6689 0.0394, -0.3543 0.7874 0.0394, -0.3539 0.6634 0.0394, -0.3528 0.6579 0.0394, -0.3508 0.6527 0.0394, -0.3481 0.6478 0.0394, -0.3448 0.6434 0.0394, -0.3409 0.6394 0.0394, -0.3364 0.6361 0.0394, -0.3315 0.6334 0.0394, -0.3263 0.6315 0.0394, -0.3209 0.6303 0.0394, -0.3154 0.6299 0.0394, -0.3146 0.6299 0.0394, -0.276 0.6634 0.0394, -0.2851 0.6434 0.0394, -0.2818 0.6478 0.0394, -0.3036 0.6315 0.0394, -0.2984 0.6334 0.0394, -0.309 0.6303 0.0394, -0.2935 0.6361 0.0394, -0.289 0.6394 0.0394, -0.2791 0.6527 0.0394, -0.2772 0.6579 0.0394, -0.5118 0.6689 0.0197, -0.5118 0.7874 0.0197, -0.4331 0.7874 0.0197, -0.4611 0.6315 0.0197, -0.4665 0.6303 0.0197, -0.4939 0.6361 0.0197, -0.4984 0.6394 0.0197, -0.4426 0.6434 0.0197, -0.4465 0.6394 0.0197, -0.472 0.6299 0.0197, -0.4728 0.6299 0.0197, -0.4784 0.6303 0.0197, -0.4331 0.6689 0.0197, -0.4335 0.6634 0.0197, -0.4346 0.6579 0.0197, -0.451 0.6361 0.0197, -0.4559 0.6334 0.0197, -0.5114 0.6634 0.0197, -0.5102 0.6579 0.0197, -0.5083 0.6527 0.0197, -0.4366 0.6527 0.0197, -0.4393 0.6478 0.0197, -0.5023 0.6434 0.0197, -0.5056 0.6478 0.0197, -0.4838 0.6315 0.0197, -0.489 0.6334 0.0197, -0.4331 0.7874 0.0394, -0.4331 0.6689 0.0394, -0.5118 0.6689 0.0394, -0.5118 0.7874 0.0394, -0.5114 0.6634 0.0394, -0.5102 0.6579 0.0394, -0.5083 0.6527 0.0394, -0.5056 0.6478 0.0394, -0.5023 0.6434 0.0394, -0.4984 0.6394 0.0394, -0.4939 0.6361 0.0394, -0.489 0.6334 0.0394, -0.4838 0.6315 0.0394, -0.4784 0.6303 0.0394, -0.4728 0.6299 0.0394, -0.472 0.6299 0.0394, -0.4665 0.6303 0.0394, -0.4611 0.6315 0.0394, -0.4559 0.6334 0.0394, -0.451 0.6361 0.0394, -0.4465 0.6394 0.0394, -0.4426 0.6434 0.0394, -0.4393 0.6478 0.0394, -0.4366 0.6527 0.0394, -0.4346 0.6579 0.0394, -0.4335 0.6634 0.0394, -0.1969 0.7874 0.0197, -0.1181 0.7874 0.0197, -0.1571 0.6299 0.0197, -0.1181 0.6689 0.0197, -0.1409 0.6334 0.0197, -0.1185 0.6634 0.0197, -0.1969 0.6689 0.0197, -0.1579 0.6299 0.0197, -0.1634 0.6303 0.0197, -0.1461 0.6315 0.0197, -0.1515 0.6303 0.0197, -0.1197 0.6579 0.0197, -0.1216 0.6527 0.0197, -0.1243 0.6478 0.0197, -0.1276 0.6434 0.0197, -0.1316 0.6394 0.0197, -0.136 0.6361 0.0197, -0.1689 0.6315 0.0197, -0.1741 0.6334 0.0197, -0.1789 0.6361 0.0197, -0.1834 0.6394 0.0197, -0.1873 0.6434 0.0197, -0.1907 0.6478 0.0197, -0.1933 0.6527 0.0197, -0.1953 0.6579 0.0197, -0.1965 0.6634 0.0197, -0.1181 0.7874 0.0394, -0.1181 0.6689 0.0394, -0.1969 0.6689 0.0394, -0.1969 0.7874 0.0394, -0.1965 0.6634 0.0394, -0.1953 0.6579 0.0394, -0.1933 0.6527 0.0394, -0.1907 0.6478 0.0394, -0.1873 0.6434 0.0394, -0.1834 0.6394 0.0394, -0.1789 0.6361 0.0394, -0.1741 0.6334 0.0394, -0.1689 0.6315 0.0394, -0.1634 0.6303 0.0394, -0.1579 0.6299 0.0394, -0.1571 0.6299 0.0394, -0.1515 0.6303 0.0394, -0.1316 0.6394 0.0394, -0.1276 0.6434 0.0394, -0.1185 0.6634 0.0394, -0.1461 0.6315 0.0394, -0.1409 0.6334 0.0394, -0.136 0.6361 0.0394, -0.1243 0.6478 0.0394, -0.1216 0.6527 0.0394, -0.1197 0.6579 0.0394, 0.1969 0.7874 0.0197, 0.1969 0.6465 0.0197, 0.1579 0.6075 0.0197, 0.1808 0.6149 0.0197, 0.1756 0.6117 0.0197, 0.1699 0.6094 0.0197, 0.164 0.608 0.0197, 0.1926 0.6288 0.0197, 0.1894 0.6235 0.0197, 0.1949 0.6344 0.0197, 0.1964 0.6404 0.0197, 0.1854 0.6189 0.0197, 0.1181 0.7874 0.0197, 0.1571 0.6075 0.0197, 0.1181 0.6465 0.0197, 0.151 0.608 0.0197, 0.145 0.6094 0.0197, 0.1256 0.6235 0.0197, 0.1224 0.6288 0.0197, 0.12 0.6344 0.0197, 0.1394 0.6117 0.0197, 0.1342 0.6149 0.0197, 0.1186 0.6404 0.0197, 0.1295 0.6189 0.0197, 0.1969 0.7874 0.0394, 0.1969 0.6465 0.0394, 0.1181 0.7874 0.0394, 0.151 0.608 0.0394, 0.1571 0.6075 0.0394, 0.1181 0.6465 0.0394, 0.1699 0.6094 0.0394, 0.1756 0.6117 0.0394, 0.1579 0.6075 0.0394, 0.164 0.608 0.0394, 0.1808 0.6149 0.0394, 0.1854 0.6189 0.0394, 0.1894 0.6235 0.0394, 0.1926 0.6288 0.0394, 0.1949 0.6344 0.0394, 0.1964 0.6404 0.0394, 0.12 0.6344 0.0394, 0.1224 0.6288 0.0394, 0.1256 0.6235 0.0394, 0.1342 0.6149 0.0394, 0.1394 0.6117 0.0394, 0.145 0.6094 0.0394, 0.1186 0.6404 0.0394, 0.1295 0.6189 0.0394, -0.0394 0.6689 0.0197, -0.0394 0.7874 0.0197, 0.0394 0.7874 0.0197, 0.0059 0.6303 0.0197, 0.0114 0.6315 0.0197, 0.0166 0.6334 0.0197, 0.0004 0.6299 0.0197, -0.0004 0.6299 0.0197, -0.0059 0.6303 0.0197, -0.0114 0.6315 0.0197, -0.0166 0.6334 0.0197, -0.0215 0.6361 0.0197, 0.0394 0.6689 0.0197, 0.039 0.6634 0.0197, 0.0378 0.6579 0.0197, 0.0358 0.6527 0.0197, 0.0332 0.6478 0.0197, 0.0298 0.6434 0.0197, 0.0259 0.6394 0.0197, 0.0215 0.6361 0.0197, -0.0259 0.6394 0.0197, -0.0298 0.6434 0.0197, -0.0332 0.6478 0.0197, -0.0358 0.6527 0.0197, -0.0378 0.6579 0.0197, -0.039 0.6634 0.0197, 0.0394 0.7874 0.0394, 0.0394 0.6689 0.0394, -0.0394 0.6689 0.0394, -0.0394 0.7874 0.0394, -0.039 0.6634 0.0394, -0.0378 0.6579 0.0394, -0.0358 0.6527 0.0394, -0.0332 0.6478 0.0394, -0.0298 0.6434 0.0394, -0.0259 0.6394 0.0394, -0.0215 0.6361 0.0394, -0.0166 0.6334 0.0394, -0.0114 0.6315 0.0394, -0.0059 0.6303 0.0394, -0.0004 0.6299 0.0394, 0.0004 0.6299 0.0394, 0.0114 0.6315 0.0394, 0.0166 0.6334 0.0394, 0.0059 0.6303 0.0394, 0.0215 0.6361 0.0394, 0.0259 0.6394 0.0394, 0.0298 0.6434 0.0394, 0.0332 0.6478 0.0394, 0.0358 0.6527 0.0394, 0.0378 0.6579 0.0394, 0.039 0.6634 0.0394, 0.5118 0.7874 0.0197, 0.4728 0.5906 0.0197, 0.4331 0.7874 0.0197, 0.472 0.5906 0.0197, 0.5118 0.6295 0.0197, 0.5113 0.6234 0.0197, 0.5099 0.6175 0.0197, 0.435 0.6175 0.0197, 0.4336 0.6234 0.0197, 0.4331 0.6295 0.0197, 0.4849 0.5925 0.0197, 0.5044 0.6066 0.0197, 0.4905 0.5948 0.0197, 0.5004 0.602 0.0197, 0.4957 0.598 0.0197, 0.5076 0.6118 0.0197, 0.4789 0.591 0.0197, 0.4491 0.598 0.0197, 0.4445 0.602 0.0197, 0.4544 0.5948 0.0197, 0.4405 0.6066 0.0197, 0.46 0.5925 0.0197, 0.466 0.591 0.0197, 0.4373 0.6118 0.0197, 0.4728 0.5906 0.0394, 0.4789 0.591 0.0394, 0.4849 0.5925 0.0394, 0.4905 0.5948 0.0394, 0.4957 0.598 0.0394, 0.5004 0.602 0.0394, 0.5044 0.6066 0.0394, 0.5076 0.6118 0.0394, 0.5099 0.6175 0.0394, 0.5113 0.6234 0.0394, 0.5118 0.6295 0.0394, 0.5118 0.7874 0.0394, 0.4331 0.7874 0.0394, 0.4445 0.602 0.0394, 0.4491 0.598 0.0394, 0.4544 0.5948 0.0394, 0.435 0.6175 0.0394, 0.4373 0.6118 0.0394, 0.472 0.5906 0.0394, 0.4405 0.6066 0.0394, 0.466 0.591 0.0394, 0.4331 0.6295 0.0394, 0.4336 0.6234 0.0394, 0.46 0.5925 0.0394, 0.2756 0.6689 0.0197, 0.2756 0.7874 0.0197, 0.3543 0.7874 0.0197, 0.3154 0.6299 0.0197, 0.3146 0.6299 0.0197, 0.309 0.6303 0.0197, 0.3543 0.6689 0.0197, 0.3539 0.6634 0.0197, 0.3528 0.6579 0.0197, 0.3448 0.6434 0.0197, 0.3409 0.6394 0.0197, 0.3364 0.6361 0.0197, 0.3315 0.6334 0.0197, 0.3508 0.6527 0.0197, 0.3481 0.6478 0.0197, 0.3263 0.6315 0.0197, 0.3209 0.6303 0.0197, 0.3036 0.6315 0.0197, 0.2984 0.6334 0.0197, 0.2935 0.6361 0.0197, 0.289 0.6394 0.0197, 0.2851 0.6434 0.0197, 0.2818 0.6478 0.0197, 0.2791 0.6527 0.0197, 0.2772 0.6579 0.0197, 0.276 0.6634 0.0197, 0.3543 0.7874 0.0394, 0.3543 0.6689 0.0394, 0.2756 0.6689 0.0394, 0.2756 0.7874 0.0394, 0.276 0.6634 0.0394, 0.2772 0.6579 0.0394, 0.2791 0.6527 0.0394, 0.2818 0.6478 0.0394, 0.2851 0.6434 0.0394, 0.289 0.6394 0.0394, 0.2935 0.6361 0.0394, 0.2984 0.6334 0.0394, 0.3036 0.6315 0.0394, 0.309 0.6303 0.0394, 0.3146 0.6299 0.0394, 0.3154 0.6299 0.0394, 0.3539 0.6634 0.0394, 0.3448 0.6434 0.0394, 0.3481 0.6478 0.0394, 0.3263 0.6315 0.0394, 0.3315 0.6334 0.0394, 0.3209 0.6303 0.0394, 0.3364 0.6361 0.0394, 0.3409 0.6394 0.0394, 0.3508 0.6527 0.0394, 0.3528 0.6579 0.0394, 0.7874 0.5906 0.0197, 0.7874 0.5118 0.0197, 0.6693 0.5906 0.0197, 0.5906 0.5118 0.0197, 0.6693 0.7874 0.0197, 0.5906 0.7874 0.0197, 0.7874 0.5118 0.0394, 0.5906 0.5118 0.0394, 0.6693 0.7874 0.0394, 0.6693 0.5906 0.0394, 0.5906 0.7874 0.0394, 0.7874 0.5906 0.0394, -0.7874 -0.3937 0.0197, -0.7874 -0.315 0.0197, -0.4921 -0.3937 0.0197, -0.4921 -0.315 0.0197, -0.7874 -0.315 0.0394, -0.4921 -0.315 0.0394, -0.4921 -0.3937 0.0394, -0.7874 -0.3937 0.0394, -0.4724 0.2078 0.0197, -0.4724 0.129 0.0197, -0.7874 0.2078 0.0197, -0.7874 0.129 0.0197, -0.4724 0.2078 0.0394, -0.4724 0.129 0.0394, -0.7874 0.2078 0.0394, -0.7874 0.129 0.0394, -0.6693 0.7874 0.0197, -0.5906 0.7874 0.0197, -0.6693 0.5709 0.0197, -0.5906 0.4921 0.0197, -0.7874 0.5709 0.0197, -0.7874 0.4921 0.0197, -0.7874 0.5709 0.0394, -0.6693 0.5709 0.0394, -0.5906 0.7874 0.0394, -0.5906 0.4921 0.0394, -0.7874 0.4921 0.0394, -0.6693 0.7874 0.0394, -0.4724 -0.1465 0.0197, -0.4724 -0.2253 0.0197, -0.7874 -0.1465 0.0197, -0.7874 -0.2253 0.0197, -0.4724 -0.1465 0.0394, -0.4724 -0.2253 0.0394, -0.7874 -0.1465 0.0394, -0.7874 -0.2253 0.0394, -0.4724 0.0306 0.0197, -0.4724 -0.0481 0.0197, -0.7874 0.0306 0.0197, -0.7874 -0.0481 0.0197, -0.4724 0.0306 0.0394, -0.4724 -0.0481 0.0394, -0.7874 0.0306 0.0394, -0.7874 -0.0481 0.0394, -0.4724 0.385 0.0197, -0.4724 0.3062 0.0197, -0.7874 0.385 0.0197, -0.7874 0.3062 0.0197, -0.4724 0.385 0.0394, -0.4724 0.3062 0.0394, -0.7874 0.385 0.0394, -0.7874 0.3062 0.0394, -0.0259 -0.6394 0.0197, -0.0215 -0.6361 0.0197, -0.039 -0.6634 0.0197, -0.0114 -0.6315 0.0197, -0.0059 -0.6303 0.0197, -0.0394 -0.6689 0.0197, -0.0004 -0.6299 0.0197, 0.0004 -0.6299 0.0197, 0.0059 -0.6303 0.0197, 0.0114 -0.6315 0.0197, 0.0166 -0.6334 0.0197, 0.0394 -0.7874 0.0197, -0.0394 -0.7874 0.0197, 0.0394 -0.6689 0.0197, 0.039 -0.6634 0.0197, 0.0378 -0.6579 0.0197, -0.0378 -0.6579 0.0197, -0.0358 -0.6527 0.0197, -0.0332 -0.6478 0.0197, 0.0215 -0.6361 0.0197, 0.0259 -0.6394 0.0197, 0.0298 -0.6434 0.0197, -0.0166 -0.6334 0.0197, -0.0298 -0.6434 0.0197, 0.0332 -0.6478 0.0197, 0.0358 -0.6527 0.0197, -0.0394 -0.7874 0.0394, -0.0394 -0.6689 0.0394, 0.0394 -0.7874 0.0394, 0.0394 -0.6689 0.0394, 0.0114 -0.6315 0.0394, 0.0059 -0.6303 0.0394, 0.0004 -0.6299 0.0394, -0.0004 -0.6299 0.0394, -0.0059 -0.6303 0.0394, 0.0259 -0.6394 0.0394, 0.0215 -0.6361 0.0394, 0.0166 -0.6334 0.0394, -0.0215 -0.6361 0.0394, -0.0259 -0.6394 0.0394, -0.0332 -0.6478 0.0394, -0.0358 -0.6527 0.0394, -0.0378 -0.6579 0.0394, 0.039 -0.6634 0.0394, 0.0378 -0.6579 0.0394, 0.0358 -0.6527 0.0394, -0.0114 -0.6315 0.0394, -0.0166 -0.6334 0.0394, -0.0298 -0.6434 0.0394, -0.039 -0.6634 0.0394, 0.0332 -0.6478 0.0394, 0.0298 -0.6434 0.0394, -0.1181 -0.6689 0.0197, -0.1181 -0.7874 0.0197, -0.1969 -0.7874 0.0197, -0.1634 -0.6303 0.0197, -0.1579 -0.6299 0.0197, -0.1969 -0.6689 0.0197, -0.1571 -0.6299 0.0197, -0.1461 -0.6315 0.0197, -0.1409 -0.6334 0.0197, -0.1276 -0.6434 0.0197, -0.1243 -0.6478 0.0197, -0.1515 -0.6303 0.0197, -0.1185 -0.6634 0.0197, -0.1216 -0.6527 0.0197, -0.1197 -0.6579 0.0197, -0.1953 -0.6579 0.0197, -0.1789 -0.6361 0.0197, -0.1741 -0.6334 0.0197, -0.136 -0.6361 0.0197, -0.1316 -0.6394 0.0197, -0.1933 -0.6527 0.0197, -0.1907 -0.6478 0.0197, -0.1834 -0.6394 0.0197, -0.1873 -0.6434 0.0197, -0.1965 -0.6634 0.0197, -0.1689 -0.6315 0.0197, -0.1969 -0.7874 0.0394, -0.1969 -0.6689 0.0394, -0.1571 -0.6299 0.0394, -0.1181 -0.7874 0.0394, -0.1181 -0.6689 0.0394, -0.1515 -0.6303 0.0394, -0.1461 -0.6315 0.0394, -0.1197 -0.6579 0.0394, -0.1216 -0.6527 0.0394, -0.1185 -0.6634 0.0394, -0.1243 -0.6478 0.0394, -0.1276 -0.6434 0.0394, -0.1316 -0.6394 0.0394, -0.136 -0.6361 0.0394, -0.1409 -0.6334 0.0394, -0.1579 -0.6299 0.0394, -0.1634 -0.6303 0.0394, -0.1689 -0.6315 0.0394, -0.1834 -0.6394 0.0394, -0.1873 -0.6434 0.0394, -0.1907 -0.6478 0.0394, -0.1741 -0.6334 0.0394, -0.1789 -0.6361 0.0394, -0.1965 -0.6634 0.0394, -0.1953 -0.6579 0.0394, -0.1933 -0.6527 0.0394, 0.3543 -0.7874 0.0197, 0.2756 -0.7874 0.0197, 0.3543 -0.6689 0.0197, 0.2756 -0.6689 0.0197, 0.3036 -0.6315 0.0197, 0.309 -0.6303 0.0197, 0.3146 -0.6299 0.0197, 0.3154 -0.6299 0.0197, 0.3209 -0.6303 0.0197, 0.3263 -0.6315 0.0197, 0.3315 -0.6334 0.0197, 0.3508 -0.6527 0.0197, 0.3481 -0.6478 0.0197, 0.3448 -0.6434 0.0197, 0.3528 -0.6579 0.0197, 0.3539 -0.6634 0.0197, 0.276 -0.6634 0.0197, 0.2772 -0.6579 0.0197, 0.2935 -0.6361 0.0197, 0.2791 -0.6527 0.0197, 0.2818 -0.6478 0.0197, 0.2851 -0.6434 0.0197, 0.289 -0.6394 0.0197, 0.2984 -0.6334 0.0197, 0.3364 -0.6361 0.0197, 0.3409 -0.6394 0.0197, 0.2756 -0.7874 0.0394, 0.2756 -0.6689 0.0394, 0.276 -0.6634 0.0394, 0.2935 -0.6361 0.0394, 0.3543 -0.7874 0.0394, 0.3543 -0.6689 0.0394, 0.3263 -0.6315 0.0394, 0.3209 -0.6303 0.0394, 0.3154 -0.6299 0.0394, 0.3146 -0.6299 0.0394, 0.309 -0.6303 0.0394, 0.3539 -0.6634 0.0394, 0.3528 -0.6579 0.0394, 0.3508 -0.6527 0.0394, 0.3481 -0.6478 0.0394, 0.3448 -0.6434 0.0394, 0.3409 -0.6394 0.0394, 0.3036 -0.6315 0.0394, 0.2984 -0.6334 0.0394, 0.2818 -0.6478 0.0394, 0.2851 -0.6434 0.0394, 0.289 -0.6394 0.0394, 0.2791 -0.6527 0.0394, 0.2772 -0.6579 0.0394, 0.3364 -0.6361 0.0394, 0.3315 -0.6334 0.0394, 0.5118 -0.6689 0.0197, 0.5118 -0.7874 0.0197, 0.4331 -0.7874 0.0197, 0.472 -0.6299 0.0197, 0.4728 -0.6299 0.0197, 0.4331 -0.6689 0.0197, 0.4665 -0.6303 0.0197, 0.4784 -0.6303 0.0197, 0.4838 -0.6315 0.0197, 0.489 -0.6334 0.0197, 0.4939 -0.6361 0.0197, 0.4984 -0.6394 0.0197, 0.5023 -0.6434 0.0197, 0.5056 -0.6478 0.0197, 0.5083 -0.6527 0.0197, 0.5102 -0.6579 0.0197, 0.5114 -0.6634 0.0197, 0.4393 -0.6478 0.0197, 0.4426 -0.6434 0.0197, 0.4465 -0.6394 0.0197, 0.4366 -0.6527 0.0197, 0.4346 -0.6579 0.0197, 0.451 -0.6361 0.0197, 0.4559 -0.6334 0.0197, 0.4335 -0.6634 0.0197, 0.4611 -0.6315 0.0197, 0.4331 -0.7874 0.0394, 0.4331 -0.6689 0.0394, 0.4335 -0.6634 0.0394, 0.4665 -0.6303 0.0394, 0.5118 -0.7874 0.0394, 0.4728 -0.6299 0.0394, 0.5118 -0.6689 0.0394, 0.4784 -0.6303 0.0394, 0.4838 -0.6315 0.0394, 0.472 -0.6299 0.0394, 0.5083 -0.6527 0.0394, 0.5056 -0.6478 0.0394, 0.5102 -0.6579 0.0394, 0.5114 -0.6634 0.0394, 0.5023 -0.6434 0.0394, 0.4984 -0.6394 0.0394, 0.4939 -0.6361 0.0394, 0.489 -0.6334 0.0394, 0.4465 -0.6394 0.0394, 0.4426 -0.6434 0.0394, 0.4393 -0.6478 0.0394, 0.4559 -0.6334 0.0394, 0.451 -0.6361 0.0394, 0.4346 -0.6579 0.0394, 0.4366 -0.6527 0.0394, 0.4611 -0.6315 0.0394, -0.2756 -0.6689 0.0197, -0.2756 -0.7874 0.0197, -0.3543 -0.7874 0.0197, -0.3154 -0.6299 0.0197, -0.3146 -0.6299 0.0197, -0.3543 -0.6689 0.0197, -0.3036 -0.6315 0.0197, -0.2984 -0.6334 0.0197, -0.309 -0.6303 0.0197, -0.3364 -0.6361 0.0197, -0.3315 -0.6334 0.0197, -0.2935 -0.6361 0.0197, -0.289 -0.6394 0.0197, -0.2851 -0.6434 0.0197, -0.2818 -0.6478 0.0197, -0.2791 -0.6527 0.0197, -0.2772 -0.6579 0.0197, -0.276 -0.6634 0.0197, -0.3263 -0.6315 0.0197, -0.3209 -0.6303 0.0197, -0.3539 -0.6634 0.0197, -0.3528 -0.6579 0.0197, -0.3508 -0.6527 0.0197, -0.3481 -0.6478 0.0197, -0.3448 -0.6434 0.0197, -0.3409 -0.6394 0.0197, -0.3543 -0.7874 0.0394, -0.3543 -0.6689 0.0394, -0.3539 -0.6634 0.0394, -0.3364 -0.6361 0.0394, -0.2756 -0.7874 0.0394, -0.3146 -0.6299 0.0394, -0.2756 -0.6689 0.0394, -0.2984 -0.6334 0.0394, -0.276 -0.6634 0.0394, -0.3154 -0.6299 0.0394, -0.3209 -0.6303 0.0394, -0.3036 -0.6315 0.0394, -0.309 -0.6303 0.0394, -0.2772 -0.6579 0.0394, -0.2791 -0.6527 0.0394, -0.2818 -0.6478 0.0394, -0.2851 -0.6434 0.0394, -0.289 -0.6394 0.0394, -0.2935 -0.6361 0.0394, -0.3263 -0.6315 0.0394, -0.3315 -0.6334 0.0394, -0.3481 -0.6478 0.0394, -0.3448 -0.6434 0.0394, -0.3409 -0.6394 0.0394, -0.3508 -0.6527 0.0394, -0.3528 -0.6579 0.0394, -0.4331 -0.7874 0.0197, -0.5118 -0.7874 0.0197, -0.4331 -0.6689 0.0197, -0.5118 -0.6689 0.0197, -0.4335 -0.6634 0.0197, -0.5114 -0.6634 0.0197, -0.4728 -0.6299 0.0197, -0.472 -0.6299 0.0197, -0.4665 -0.6303 0.0197, -0.4611 -0.6315 0.0197, -0.4559 -0.6334 0.0197, -0.451 -0.6361 0.0197, -0.4465 -0.6394 0.0197, -0.4426 -0.6434 0.0197, -0.4393 -0.6478 0.0197, -0.489 -0.6334 0.0197, -0.4838 -0.6315 0.0197, -0.4784 -0.6303 0.0197, -0.4366 -0.6527 0.0197, -0.4346 -0.6579 0.0197, -0.5102 -0.6579 0.0197, -0.5083 -0.6527 0.0197, -0.5056 -0.6478 0.0197, -0.5023 -0.6434 0.0197, -0.4984 -0.6394 0.0197, -0.4939 -0.6361 0.0197, -0.5118 -0.7874 0.0394, -0.5118 -0.6689 0.0394, -0.5114 -0.6634 0.0394, -0.4728 -0.6299 0.0394, -0.4331 -0.7874 0.0394, -0.4611 -0.6315 0.0394, -0.4665 -0.6303 0.0394, -0.472 -0.6299 0.0394, -0.4426 -0.6434 0.0394, -0.4465 -0.6394 0.0394, -0.4331 -0.6689 0.0394, -0.4335 -0.6634 0.0394, -0.4346 -0.6579 0.0394, -0.451 -0.6361 0.0394, -0.4559 -0.6334 0.0394, -0.4366 -0.6527 0.0394, -0.4393 -0.6478 0.0394, -0.4784 -0.6303 0.0394, -0.4984 -0.6394 0.0394, -0.5023 -0.6434 0.0394, -0.5056 -0.6478 0.0394, -0.5083 -0.6527 0.0394, -0.5102 -0.6579 0.0394, -0.4838 -0.6315 0.0394, -0.489 -0.6334 0.0394, -0.4939 -0.6361 0.0394, 0.1969 -0.6689 0.0197, 0.1969 -0.7874 0.0197, 0.1181 -0.7874 0.0197, 0.1571 -0.6299 0.0197, 0.1579 -0.6299 0.0197, 0.1181 -0.6689 0.0197, 0.1689 -0.6315 0.0197, 0.1741 -0.6334 0.0197, 0.1907 -0.6478 0.0197, 0.1933 -0.6527 0.0197, 0.1634 -0.6303 0.0197, 0.1316 -0.6394 0.0197, 0.136 -0.6361 0.0197, 0.1409 -0.6334 0.0197, 0.1953 -0.6579 0.0197, 0.1965 -0.6634 0.0197, 0.1461 -0.6315 0.0197, 0.1515 -0.6303 0.0197, 0.1789 -0.6361 0.0197, 0.1834 -0.6394 0.0197, 0.1873 -0.6434 0.0197, 0.1216 -0.6527 0.0197, 0.1243 -0.6478 0.0197, 0.1197 -0.6579 0.0197, 0.1185 -0.6634 0.0197, 0.1276 -0.6434 0.0197, 0.1181 -0.7874 0.0394, 0.1181 -0.6689 0.0394, 0.1579 -0.6299 0.0394, 0.1969 -0.7874 0.0394, 0.1969 -0.6689 0.0394, 0.1741 -0.6334 0.0394, 0.1965 -0.6634 0.0394, 0.1689 -0.6315 0.0394, 0.1634 -0.6303 0.0394, 0.1953 -0.6579 0.0394, 0.1933 -0.6527 0.0394, 0.1907 -0.6478 0.0394, 0.1571 -0.6299 0.0394, 0.1515 -0.6303 0.0394, 0.1461 -0.6315 0.0394, 0.1409 -0.6334 0.0394, 0.136 -0.6361 0.0394, 0.1316 -0.6394 0.0394, 0.1243 -0.6478 0.0394, 0.1216 -0.6527 0.0394, 0.1197 -0.6579 0.0394, 0.1873 -0.6434 0.0394, 0.1834 -0.6394 0.0394, 0.1789 -0.6361 0.0394, 0.1276 -0.6434 0.0394, 0.1185 -0.6634 0.0394, -0.6693 -0.7874 0.0197, -0.6693 -0.5709 0.0197, -0.5906 -0.7874 0.0197, -0.5906 -0.5315 0.0197, -0.7874 -0.5709 0.0197, -0.7874 -0.4921 0.0197, -0.6299 -0.4921 0.0197, -0.7874 -0.4921 0.0394, -0.6299 -0.4921 0.0394, -0.6693 -0.7874 0.0394, -0.6693 -0.5709 0.0394, -0.5906 -0.7874 0.0394, -0.7874 -0.5709 0.0394, -0.5906 -0.5315 0.0394, 0.6693 -0.7874 0.0197, 0.5906 -0.7874 0.0197, 0.6693 -0.5906 0.0197, 0.5906 -0.5118 0.0197, 0.7874 -0.5906 0.0197, 0.7874 -0.5118 0.0197, 0.7874 -0.5906 0.0394, 0.6693 -0.5906 0.0394, 0.5906 -0.7874 0.0394, 0.5906 -0.5118 0.0394, 0.7874 -0.5118 0.0394, 0.6693 -0.7874 0.0394, 0.5906 0.7874 0.0, 0.5906 0.5118 0.0, 0.7874 0.5118 0.0, 0.7874 0.5906 0.0, 0.6693 0.5906 0.0, 0.6693 0.7874 0.0, 0.3146 0.6299 0.0, 0.3154 0.6299 0.0, 0.3209 0.6303 0.0, 0.3263 0.6315 0.0, 0.3315 0.6334 0.0, 0.3364 0.6361 0.0, 0.3409 0.6394 0.0, 0.3448 0.6434 0.0, 0.3481 0.6478 0.0, 0.3508 0.6527 0.0, 0.3528 0.6579 0.0, 0.3539 0.6634 0.0, 0.3543 0.6689 0.0, 0.2756 0.7874 0.0, 0.3543 0.7874 0.0, 0.2756 0.6689 0.0, 0.309 0.6303 0.0, 0.3036 0.6315 0.0, 0.2984 0.6334 0.0, 0.2935 0.6361 0.0, 0.289 0.6394 0.0, 0.2851 0.6434 0.0, 0.2818 0.6478 0.0, 0.2791 0.6527 0.0, 0.2772 0.6579 0.0, 0.276 0.6634 0.0, 0.6693 -0.7874 0.0, 0.6693 -0.5906 0.0, 0.7874 -0.5906 0.0, 0.7874 -0.5118 0.0, 0.5906 -0.7874 0.0, 0.5906 -0.5118 0.0, 0.7874 0.1181 0.0, 0.6689 0.1181 0.0, 0.6634 0.1177 0.0, 0.6579 0.1165 0.0, 0.6527 0.1146 0.0, 0.6478 0.1119 0.0, 0.6434 0.1086 0.0, 0.6394 0.1047 0.0, 0.6361 0.1002 0.0, 0.6334 0.0953 0.0, 0.6315 0.0901 0.0, 0.6303 0.0847 0.0, 0.6299 0.0791 0.0, 0.6299 0.0783 0.0, 0.7874 0.0394 0.0, 0.6689 0.0394 0.0, 0.6315 0.0674 0.0, 0.6303 0.0728 0.0, 0.6434 0.0489 0.0, 0.6394 0.0528 0.0, 0.6579 0.0409 0.0, 0.6527 0.0429 0.0, 0.6478 0.0456 0.0, 0.6361 0.0573 0.0, 0.6334 0.0622 0.0, 0.6634 0.0398 0.0, -0.7874 0.385 0.0, -0.7874 0.3062 0.0, -0.4724 0.3062 0.0, -0.4724 0.385 0.0, -0.5906 -0.7874 0.0, -0.5906 -0.5315 0.0, -0.6299 -0.4921 -0.0, -0.7874 -0.4921 0.0, -0.7874 -0.5709 0.0, -0.6693 -0.7874 0.0, -0.6693 -0.5709 0.0, 0.1969 -0.7874 0.0, 0.1969 -0.6689 0.0, 0.1965 -0.6634 0.0, 0.1953 -0.6579 0.0, 0.1933 -0.6527 0.0, 0.1907 -0.6478 0.0, 0.1873 -0.6434 0.0, 0.1834 -0.6394 0.0, 0.1789 -0.6361 0.0, 0.1741 -0.6334 0.0, 0.1689 -0.6315 0.0, 0.1634 -0.6303 0.0, 0.1579 -0.6299 0.0, 0.1571 -0.6299 0.0, 0.1181 -0.7874 0.0, 0.1181 -0.6689 0.0, 0.1316 -0.6394 0.0, 0.136 -0.6361 0.0, 0.1409 -0.6334 0.0, 0.1461 -0.6315 0.0, 0.1515 -0.6303 0.0, 0.1216 -0.6527 0.0, 0.1243 -0.6478 0.0, 0.1197 -0.6579 0.0, 0.1185 -0.6634 0.0, 0.1276 -0.6434 0.0, -0.7874 0.0306 0.0, -0.7874 -0.0481 0.0, -0.4724 -0.0481 0.0, -0.4724 0.0306 0.0, -0.4331 -0.7874 0.0, -0.4331 -0.6689 0.0, -0.4335 -0.6634 0.0, -0.4346 -0.6579 0.0, -0.4366 -0.6527 0.0, -0.4393 -0.6478 0.0, -0.4426 -0.6434 0.0, -0.4465 -0.6394 0.0, -0.451 -0.6361 0.0, -0.4559 -0.6334 0.0, -0.4611 -0.6315 0.0, -0.4665 -0.6303 0.0, -0.472 -0.6299 0.0, -0.4728 -0.6299 0.0, -0.5118 -0.7874 0.0, -0.5118 -0.6689 0.0, -0.4784 -0.6303 0.0, -0.5056 -0.6478 0.0, -0.5023 -0.6434 0.0, -0.4984 -0.6394 0.0, -0.5083 -0.6527 0.0, -0.5102 -0.6579 0.0, -0.4939 -0.6361 0.0, -0.489 -0.6334 0.0, -0.5114 -0.6634 0.0, -0.4838 -0.6315 0.0, -0.2756 -0.7874 0.0, -0.2756 -0.6689 0.0, -0.276 -0.6634 0.0, -0.2772 -0.6579 0.0, -0.2791 -0.6527 0.0, -0.2818 -0.6478 0.0, -0.2851 -0.6434 0.0, -0.289 -0.6394 0.0, -0.2935 -0.6361 0.0, -0.2984 -0.6334 0.0, -0.3036 -0.6315 0.0, -0.309 -0.6303 0.0, -0.3146 -0.6299 0.0, -0.3154 -0.6299 0.0, -0.3543 -0.7874 0.0, -0.3543 -0.6689 0.0, -0.3364 -0.6361 0.0, -0.3315 -0.6334 0.0, -0.3263 -0.6315 0.0, -0.3209 -0.6303 0.0, -0.3539 -0.6634 0.0, -0.3528 -0.6579 0.0, -0.3508 -0.6527 0.0, -0.3481 -0.6478 0.0, -0.3448 -0.6434 0.0, -0.3409 -0.6394 0.0, 0.5118 -0.7874 0.0, 0.5118 -0.6689 0.0, 0.5114 -0.6634 0.0, 0.5102 -0.6579 0.0, 0.5083 -0.6527 0.0, 0.5056 -0.6478 0.0, 0.5023 -0.6434 0.0, 0.4984 -0.6394 0.0, 0.4939 -0.6361 0.0, 0.489 -0.6334 0.0, 0.4838 -0.6315 0.0, 0.4784 -0.6303 0.0, 0.4728 -0.6299 0.0, 0.472 -0.6299 0.0, 0.4331 -0.7874 0.0, 0.4331 -0.6689 0.0, 0.4665 -0.6303 0.0, 0.4393 -0.6478 0.0, 0.4426 -0.6434 0.0, 0.4465 -0.6394 0.0, 0.4366 -0.6527 0.0, 0.4346 -0.6579 0.0, 0.451 -0.6361 0.0, 0.4559 -0.6334 0.0, 0.4335 -0.6634 0.0, 0.4611 -0.6315 0.0, 0.5118 0.7874 0.0, 0.4331 0.7874 0.0, 0.4331 0.6295 0.0, 0.4336 0.6234 0.0, 0.435 0.6175 0.0, 0.4373 0.6118 0.0, 0.4405 0.6066 0.0, 0.4445 0.602 0.0, 0.4491 0.598 0.0, 0.4544 0.5948 0.0, 0.46 0.5925 0.0, 0.466 0.591 0.0, 0.472 0.5906 0.0, 0.4728 0.5906 0.0, 0.5118 0.6295 0.0, 0.5113 0.6234 0.0, 0.5099 0.6175 0.0, 0.4849 0.5925 0.0, 0.5044 0.6066 0.0, 0.4905 0.5948 0.0, 0.5004 0.602 0.0, 0.4957 0.598 0.0, 0.5076 0.6118 0.0, 0.4789 0.591 0.0, -0.7874 -0.1465 0.0, -0.7874 -0.2253 0.0, -0.4724 -0.2253 0.0, -0.4724 -0.1465 0.0, -0.0004 0.6299 0.0, 0.0004 0.6299 0.0, 0.0059 0.6303 0.0, 0.0114 0.6315 0.0, 0.0166 0.6334 0.0, 0.0215 0.6361 0.0, 0.0259 0.6394 0.0, 0.0298 0.6434 0.0, 0.0332 0.6478 0.0, 0.0358 0.6527 0.0, 0.0378 0.6579 0.0, 0.039 0.6634 0.0, 0.0394 0.6689 0.0, -0.0394 0.7874 0.0, 0.0394 0.7874 0.0, -0.0394 0.6689 0.0, -0.0059 0.6303 0.0, -0.0114 0.6315 0.0, -0.0166 0.6334 0.0, -0.0215 0.6361 0.0, -0.0259 0.6394 0.0, -0.0298 0.6434 0.0, -0.0332 0.6478 0.0, -0.0358 0.6527 0.0, -0.0378 0.6579 0.0, -0.039 0.6634 0.0, 0.7874 -0.0394 0.0, 0.6689 -0.0394 0.0, 0.6634 -0.0398 0.0, 0.6579 -0.0409 0.0, 0.6527 -0.0429 0.0, 0.6478 -0.0456 0.0, 0.6434 -0.0489 0.0, 0.6394 -0.0528 0.0, 0.6361 -0.0573 0.0, 0.6334 -0.0622 0.0, 0.6315 -0.0674 0.0, 0.6303 -0.0728 0.0, 0.6299 -0.0783 0.0, 0.6299 -0.0791 0.0, 0.6689 -0.1181 0.0, 0.6334 -0.0953 0.0, 0.6315 -0.0901 0.0, 0.6303 -0.0847 0.0, 0.7874 -0.1181 0.0, 0.6579 -0.1165 0.0, 0.6527 -0.1146 0.0, 0.6361 -0.1002 0.0, 0.6634 -0.1177 0.0, 0.6478 -0.1119 0.0, 0.6434 -0.1086 0.0, 0.6394 -0.1047 0.0, -0.6693 0.7874 0.0, -0.6693 0.5709 0.0, -0.7874 0.5709 0.0, -0.7874 0.4921 0.0, -0.5906 0.7874 0.0, -0.5906 0.4921 0.0, 0.3543 -0.7874 0.0, 0.3543 -0.6689 0.0, 0.3539 -0.6634 0.0, 0.3528 -0.6579 0.0, 0.3508 -0.6527 0.0, 0.3481 -0.6478 0.0, 0.3448 -0.6434 0.0, 0.3409 -0.6394 0.0, 0.3364 -0.6361 0.0, 0.3315 -0.6334 0.0, 0.3263 -0.6315 0.0, 0.3209 -0.6303 0.0, 0.3154 -0.6299 0.0, 0.3146 -0.6299 0.0, 0.2756 -0.7874 0.0, 0.2756 -0.6689 0.0, 0.2935 -0.6361 0.0, 0.2984 -0.6334 0.0, 0.3036 -0.6315 0.0, 0.309 -0.6303 0.0, 0.276 -0.6634 0.0, 0.2772 -0.6579 0.0, 0.2791 -0.6527 0.0, 0.2818 -0.6478 0.0, 0.2851 -0.6434 0.0, 0.289 -0.6394 0.0, 0.7874 0.4331 0.0, 0.6689 0.4331 0.0, 0.6634 0.4327 0.0, 0.6579 0.4315 0.0, 0.6527 0.4295 0.0, 0.6478 0.4269 0.0, 0.6434 0.4236 0.0, 0.6394 0.4196 0.0, 0.6361 0.4152 0.0, 0.6334 0.4103 0.0, 0.6315 0.4051 0.0, 0.6303 0.3996 0.0, 0.6299 0.3941 0.0, 0.6299 0.3933 0.0, 0.7874 0.3543 0.0, 0.6689 0.3543 0.0, 0.6634 0.3547 0.0, 0.6315 0.3823 0.0, 0.6303 0.3878 0.0, 0.6579 0.3559 0.0, 0.6527 0.3579 0.0, 0.6478 0.3605 0.0, 0.6434 0.3639 0.0, 0.6394 0.3678 0.0, 0.6334 0.3771 0.0, 0.6361 0.3722 0.0, -0.1181 -0.7874 0.0, -0.1181 -0.6689 0.0, -0.1185 -0.6634 0.0, -0.1197 -0.6579 0.0, -0.1216 -0.6527 0.0, -0.1243 -0.6478 0.0, -0.1276 -0.6434 0.0, -0.1316 -0.6394 0.0, -0.136 -0.6361 0.0, -0.1409 -0.6334 0.0, -0.1461 -0.6315 0.0, -0.1515 -0.6303 0.0, -0.1571 -0.6299 0.0, -0.1579 -0.6299 0.0, -0.1969 -0.7874 0.0, -0.1634 -0.6303 0.0, -0.1969 -0.6689 0.0, -0.1953 -0.6579 0.0, -0.1789 -0.6361 0.0, -0.1741 -0.6334 0.0, -0.1933 -0.6527 0.0, -0.1907 -0.6478 0.0, -0.1834 -0.6394 0.0, -0.1873 -0.6434 0.0, -0.1965 -0.6634 0.0, -0.1689 -0.6315 0.0, 0.1181 0.7874 0.0, 0.1181 0.6465 0.0, 0.1186 0.6404 0.0, 0.12 0.6344 0.0, 0.1224 0.6288 0.0, 0.1256 0.6235 0.0, 0.1295 0.6189 0.0, 0.1342 0.6149 0.0, 0.1394 0.6117 0.0, 0.145 0.6094 0.0, 0.151 0.608 0.0, 0.1571 0.6075 0.0, 0.1579 0.6075 0.0, 0.1969 0.7874 0.0, 0.1969 0.6465 0.0, 0.1808 0.6149 0.0, 0.1756 0.6117 0.0, 0.1699 0.6094 0.0, 0.164 0.608 0.0, 0.1926 0.6288 0.0, 0.1894 0.6235 0.0, 0.1949 0.6344 0.0, 0.1964 0.6404 0.0, 0.1854 0.6189 0.0, -0.1579 0.6299 0.0, -0.1571 0.6299 0.0, -0.1515 0.6303 0.0, -0.1461 0.6315 0.0, -0.1409 0.6334 0.0, -0.136 0.6361 0.0, -0.1316 0.6394 0.0, -0.1276 0.6434 0.0, -0.1243 0.6478 0.0, -0.1216 0.6527 0.0, -0.1197 0.6579 0.0, -0.1185 0.6634 0.0, -0.1181 0.6689 0.0, -0.1969 0.7874 0.0, -0.1181 0.7874 0.0, -0.1969 0.6689 0.0, -0.1634 0.6303 0.0, -0.1689 0.6315 0.0, -0.1741 0.6334 0.0, -0.1789 0.6361 0.0, -0.1834 0.6394 0.0, -0.1873 0.6434 0.0, -0.1907 0.6478 0.0, -0.1933 0.6527 0.0, -0.1953 0.6579 0.0, -0.1965 0.6634 0.0, -0.7874 0.2078 0.0, -0.7874 0.129 0.0, -0.4724 0.129 0.0, -0.4724 0.2078 0.0, 0.7874 -0.1969 0.0, 0.6689 -0.1969 0.0, 0.6634 -0.1972 0.0, 0.6579 -0.1984 0.0, 0.6527 -0.2004 0.0, 0.6478 -0.203 0.0, 0.6434 -0.2064 0.0, 0.6394 -0.2103 0.0, 0.6361 -0.2148 0.0, 0.6334 -0.2196 0.0, 0.6315 -0.2248 0.0, 0.6303 -0.2303 0.0, 0.6299 -0.2358 0.0, 0.6299 -0.2366 0.0, 0.7874 -0.2756 0.0, 0.6689 -0.2756 0.0, 0.6303 -0.2422 0.0, 0.6315 -0.2476 0.0, 0.6434 -0.2661 0.0, 0.6394 -0.2621 0.0, 0.6634 -0.2752 0.0, 0.6579 -0.274 0.0, 0.6527 -0.2721 0.0, 0.6361 -0.2577 0.0, 0.6334 -0.2528 0.0, 0.6478 -0.2694 0.0, -0.7874 -0.3937 0.0, -0.4921 -0.3937 0.0, -0.4921 -0.315 0.0, -0.7874 -0.315 0.0, -0.4728 0.6299 0.0, -0.472 0.6299 0.0, -0.4665 0.6303 0.0, -0.4611 0.6315 0.0, -0.4559 0.6334 0.0, -0.451 0.6361 0.0, -0.4465 0.6394 0.0, -0.4426 0.6434 0.0, -0.4393 0.6478 0.0, -0.4366 0.6527 0.0, -0.4346 0.6579 0.0, -0.4335 0.6634 0.0, -0.4331 0.6689 0.0, -0.5118 0.7874 0.0, -0.4331 0.7874 0.0, -0.5118 0.6689 0.0, -0.4784 0.6303 0.0, -0.4939 0.6361 0.0, -0.4984 0.6394 0.0, -0.5114 0.6634 0.0, -0.5102 0.6579 0.0, -0.5083 0.6527 0.0, -0.4838 0.6315 0.0, -0.489 0.6334 0.0, -0.5023 0.6434 0.0, -0.5056 0.6478 0.0, 0.7874 0.2756 0.0, 0.6689 0.2756 0.0, 0.6634 0.2752 0.0, 0.6579 0.274 0.0, 0.6527 0.2721 0.0, 0.6478 0.2694 0.0, 0.6434 0.2661 0.0, 0.6394 0.2621 0.0, 0.6361 0.2577 0.0, 0.6334 0.2528 0.0, 0.6315 0.2476 0.0, 0.6303 0.2422 0.0, 0.6299 0.2366 0.0, 0.6299 0.2358 0.0, 0.7874 0.1969 0.0, 0.6689 0.1969 0.0, 0.6634 0.1972 0.0, 0.6315 0.2248 0.0, 0.6303 0.2303 0.0, 0.6579 0.1984 0.0, 0.6527 0.2004 0.0, 0.6478 0.203 0.0, 0.6434 0.2064 0.0, 0.6394 0.2103 0.0, 0.6334 0.2196 0.0, 0.6361 0.2148 0.0, 0.0394 -0.7874 0.0, 0.0394 -0.6689 0.0, 0.039 -0.6634 0.0, 0.0378 -0.6579 0.0, 0.0358 -0.6527 0.0, 0.0332 -0.6478 0.0, 0.0298 -0.6434 0.0, 0.0259 -0.6394 0.0, 0.0215 -0.6361 0.0, 0.0166 -0.6334 0.0, 0.0114 -0.6315 0.0, 0.0059 -0.6303 0.0, 0.0004 -0.6299 0.0, -0.0004 -0.6299 0.0, -0.0394 -0.7874 0.0, -0.0394 -0.6689 0.0, -0.0114 -0.6315 0.0, -0.0059 -0.6303 0.0, -0.0259 -0.6394 0.0, -0.0215 -0.6361 0.0, -0.039 -0.6634 0.0, -0.0378 -0.6579 0.0, -0.0358 -0.6527 0.0, -0.0332 -0.6478 0.0, -0.0166 -0.6334 0.0, -0.0298 -0.6434 0.0, -0.3154 0.6299 0.0, -0.3146 0.6299 0.0, -0.309 0.6303 0.0, -0.3036 0.6315 0.0, -0.2984 0.6334 0.0, -0.2935 0.6361 0.0, -0.289 0.6394 0.0, -0.2851 0.6434 0.0, -0.2818 0.6478 0.0, -0.2791 0.6527 0.0, -0.2772 0.6579 0.0, -0.276 0.6634 0.0, -0.2756 0.6689 0.0, -0.3543 0.7874 0.0, -0.2756 0.7874 0.0, -0.3543 0.6689 0.0, -0.3209 0.6303 0.0, -0.3364 0.6361 0.0, -0.3409 0.6394 0.0, -0.3539 0.6634 0.0, -0.3528 0.6579 0.0, -0.3508 0.6527 0.0, -0.3263 0.6315 0.0, -0.3315 0.6334 0.0, -0.3448 0.6434 0.0, -0.3481 0.6478 0.0, 0.6689 -0.4331 0.0197, 0.7874 -0.4331 0.0197, 0.7874 -0.3543 0.0197, 0.6634 -0.4327 0.0197, 0.6315 -0.4051 0.0197, 0.6303 -0.3878 0.0197, 0.6299 -0.3933 0.0197, 0.6689 -0.3543 0.0197, 0.6299 -0.3941 0.0197, 0.6303 -0.3996 0.0197, 0.6478 -0.4269 0.0197, 0.6334 -0.4103 0.0197, 0.6527 -0.4295 0.0197, 0.6579 -0.4315 0.0197, 0.6361 -0.3722 0.0197, 0.6478 -0.3605 0.0197, 0.6394 -0.3678 0.0197, 0.6434 -0.3639 0.0197, 0.6579 -0.3559 0.0197, 0.6527 -0.3579 0.0197, 0.6315 -0.3823 0.0197, 0.6334 -0.3771 0.0197, 0.6634 -0.3547 0.0197, 0.6361 -0.4152 0.0197, 0.6394 -0.4196 0.0197, 0.6434 -0.4236 0.0197, 0.7874 -0.3543 0.0, 0.6689 -0.3543 0.0, 0.6634 -0.3547 0.0, 0.6579 -0.3559 0.0, 0.6527 -0.3579 0.0, 0.6478 -0.3605 0.0, 0.6434 -0.3639 0.0, 0.6394 -0.3678 0.0, 0.6361 -0.3722 0.0, 0.6334 -0.3771 0.0, 0.6315 -0.3823 0.0, 0.6303 -0.3878 0.0, 0.6299 -0.3933 0.0, 0.6299 -0.3941 0.0, 0.6315 -0.4051 0.0, 0.6303 -0.3996 0.0, 0.6689 -0.4331 0.0, 0.7874 -0.4331 0.0, 0.6634 -0.4327 0.0, 0.6579 -0.4315 0.0, 0.6527 -0.4295 0.0, 0.6478 -0.4269 0.0, 0.6434 -0.4236 0.0, 0.6334 -0.4103 0.0, 0.6394 -0.4196 0.0, 0.6361 -0.4152 0.0, 0.7874 -0.4331 0.0394, 0.6689 -0.4331 0.0394, 0.7874 -0.3543 0.0394, 0.6634 -0.4327 0.0394, 0.6315 -0.4051 0.0394, 0.6303 -0.3878 0.0394, 0.6299 -0.3933 0.0394, 0.6689 -0.3543 0.0394, 0.6299 -0.3941 0.0394, 0.6303 -0.3996 0.0394, 0.6478 -0.4269 0.0394, 0.6334 -0.4103 0.0394, 0.6527 -0.4295 0.0394, 0.6579 -0.4315 0.0394, 0.6361 -0.3722 0.0394, 0.6478 -0.3605 0.0394, 0.6394 -0.3678 0.0394, 0.6434 -0.3639 0.0394, 0.6579 -0.3559 0.0394, 0.6527 -0.3579 0.0394, 0.6315 -0.3823 0.0394, 0.6334 -0.3771 0.0394, 0.6634 -0.3547 0.0394, 0.6361 -0.4152 0.0394, 0.6394 -0.4196 0.0394, 0.6434 -0.4236 0.0394, 0.6434 -0.4236 0.0394
            ]
        }
        coordIndex [
            0,1,2,-1,3,4,2,-1,2,4,5,-1,2,5,0,-1,6,7,1,-1,1,7,8,-1,1,8,2,-1,6,9,7,-1,7,9,10,-1,7,10,11,-1,11,12,7,-1,7,12,13,-1,7,13,14,-1,14,13,15,-1,3,16,4,-1,4,16,17,-1,4,17,18,-1,18,19,4,-1,4,19,20,-1,4,20,21,-1,21,22,23,-1,23,24,21,-1,21,24,25,-1,21,25,4,-1,26,27,0,-1,0,27,1,-1,27,26,28,-1,29,30,31,-1,31,30,28,-1,32,27,33,-1,28,30,27,-1,27,30,34,-1,27,34,33,-1,35,36,37,-1,38,39,31,-1,32,33,37,-1,37,33,40,-1,37,40,35,-1,36,41,37,-1,37,41,42,-1,37,42,43,-1,44,45,46,-1,46,45,47,-1,46,47,48,-1,44,46,31,-1,31,46,49,-1,31,49,38,-1,39,50,31,-1,31,50,51,-1,31,51,29,-1,30,2,8,-1,30,8,34,-1,34,8,7,-1,34,7,33,-1,33,7,14,-1,33,14,40,-1,40,14,15,-1,40,15,35,-1,35,15,13,-1,35,13,36,-1,36,13,12,-1,36,12,41,-1,41,12,11,-1,41,11,42,-1,42,11,10,-1,42,10,43,-1,43,10,9,-1,43,9,37,-1,37,9,6,-1,37,6,32,-1,32,6,1,-1,32,1,27,-1,30,29,2,-1,2,29,3,-1,31,4,25,-1,31,25,44,-1,44,25,24,-1,44,24,45,-1,45,24,23,-1,45,23,47,-1,47,23,22,-1,47,22,48,-1,48,22,21,-1,48,21,46,-1,46,21,20,-1,46,20,49,-1,49,20,19,-1,49,19,38,-1,38,19,18,-1,38,18,39,-1,39,18,17,-1,39,17,50,-1,50,17,16,-1,50,16,51,-1,51,16,3,-1,51,3,29,-1,31,28,4,-1,4,28,5,-1,26,0,28,-1,28,0,5,-1,52,53,54,-1,55,56,54,-1,54,56,57,-1,54,57,52,-1,58,59,60,-1,61,62,53,-1,53,62,63,-1,53,63,64,-1,64,65,53,-1,53,65,66,-1,53,66,54,-1,58,60,53,-1,53,60,67,-1,53,67,61,-1,55,68,56,-1,56,68,69,-1,56,69,70,-1,70,71,56,-1,56,71,72,-1,56,72,73,-1,73,74,75,-1,75,76,73,-1,73,76,77,-1,73,77,56,-1,78,79,52,-1,52,79,53,-1,79,78,80,-1,81,82,83,-1,83,82,80,-1,80,82,79,-1,79,82,84,-1,79,84,85,-1,85,86,79,-1,79,86,87,-1,79,87,88,-1,79,89,90,-1,90,89,91,-1,92,93,83,-1,88,94,79,-1,79,94,95,-1,79,95,89,-1,96,97,98,-1,98,97,99,-1,98,99,100,-1,96,98,83,-1,83,98,101,-1,83,101,92,-1,93,102,83,-1,83,102,103,-1,83,103,81,-1,82,54,66,-1,82,66,84,-1,84,66,65,-1,84,65,85,-1,85,65,64,-1,85,64,86,-1,86,64,63,-1,86,63,87,-1,87,63,62,-1,87,62,88,-1,88,62,61,-1,88,61,94,-1,94,61,67,-1,94,67,95,-1,95,67,60,-1,95,60,89,-1,89,60,59,-1,89,59,91,-1,91,59,58,-1,91,58,90,-1,90,58,53,-1,90,53,79,-1,82,81,54,-1,54,81,55,-1,83,56,77,-1,83,77,96,-1,96,77,76,-1,96,76,97,-1,97,76,75,-1,97,75,99,-1,99,75,74,-1,99,74,100,-1,100,74,73,-1,100,73,98,-1,98,73,72,-1,98,72,101,-1,101,72,71,-1,101,71,92,-1,92,71,70,-1,92,70,93,-1,93,70,69,-1,93,69,102,-1,102,69,68,-1,102,68,103,-1,103,68,55,-1,103,55,81,-1,83,80,56,-1,56,80,57,-1,78,52,80,-1,80,52,57,-1,104,105,106,-1,106,105,107,-1,108,109,110,-1,104,111,105,-1,105,111,109,-1,105,109,112,-1,112,109,108,-1,107,113,106,-1,106,113,114,-1,106,114,115,-1,115,116,106,-1,106,116,117,-1,106,117,118,-1,110,119,108,-1,108,119,120,-1,108,120,121,-1,121,122,108,-1,108,122,123,-1,108,123,124,-1,124,123,125,-1,118,126,127,-1,127,128,118,-1,118,128,129,-1,118,129,106,-1,130,131,111,-1,111,131,109,-1,131,130,132,-1,133,132,134,-1,132,133,131,-1,131,133,135,-1,131,135,136,-1,137,138,139,-1,140,141,134,-1,134,141,142,-1,134,142,133,-1,143,144,136,-1,145,146,147,-1,144,148,136,-1,136,148,149,-1,136,149,131,-1,137,139,150,-1,151,152,134,-1,134,152,153,-1,134,153,140,-1,151,134,139,-1,139,134,154,-1,139,154,150,-1,145,147,136,-1,136,147,155,-1,136,155,143,-1,133,105,112,-1,133,112,135,-1,135,112,108,-1,135,108,136,-1,136,108,124,-1,136,124,145,-1,145,124,125,-1,145,125,146,-1,146,125,123,-1,146,123,147,-1,147,123,122,-1,147,122,155,-1,155,122,121,-1,155,121,143,-1,143,121,120,-1,143,120,144,-1,144,120,119,-1,144,119,148,-1,148,119,110,-1,148,110,149,-1,149,110,109,-1,149,109,131,-1,133,142,105,-1,105,142,107,-1,134,106,129,-1,134,129,154,-1,154,129,128,-1,154,128,150,-1,150,128,127,-1,150,127,137,-1,137,127,126,-1,137,126,138,-1,138,126,118,-1,138,118,139,-1,139,118,117,-1,139,117,151,-1,151,117,116,-1,151,116,152,-1,152,116,115,-1,152,115,153,-1,153,115,114,-1,153,114,140,-1,140,114,113,-1,140,113,141,-1,141,113,107,-1,141,107,142,-1,134,132,106,-1,106,132,104,-1,130,111,132,-1,132,111,104,-1,156,157,158,-1,158,157,159,-1,160,161,162,-1,163,164,165,-1,156,166,157,-1,157,166,162,-1,157,162,167,-1,167,162,161,-1,160,162,165,-1,165,162,168,-1,165,168,163,-1,164,169,165,-1,165,169,170,-1,165,170,171,-1,159,172,158,-1,158,172,173,-1,158,173,174,-1,174,175,158,-1,158,175,176,-1,158,176,177,-1,177,176,178,-1,178,176,179,-1,179,176,180,-1,179,180,181,-1,182,183,166,-1,166,183,162,-1,183,182,184,-1,185,186,187,-1,187,186,188,-1,187,188,184,-1,184,188,183,-1,183,188,189,-1,183,189,190,-1,190,191,183,-1,183,191,192,-1,183,192,193,-1,193,192,194,-1,193,194,195,-1,187,196,185,-1,185,196,197,-1,185,197,198,-1,195,199,193,-1,193,199,200,-1,193,200,201,-1,202,203,185,-1,185,203,204,-1,185,204,205,-1,198,206,185,-1,185,206,207,-1,185,207,202,-1,188,157,167,-1,188,167,189,-1,189,167,161,-1,189,161,190,-1,190,161,160,-1,190,160,191,-1,191,160,165,-1,191,165,192,-1,192,165,171,-1,192,171,194,-1,194,171,170,-1,194,170,195,-1,195,170,169,-1,195,169,199,-1,199,169,164,-1,199,164,200,-1,200,164,163,-1,200,163,201,-1,201,163,168,-1,201,168,193,-1,193,168,162,-1,193,162,183,-1,188,186,157,-1,157,186,159,-1,187,158,177,-1,187,177,196,-1,196,177,178,-1,196,178,197,-1,197,178,179,-1,197,179,198,-1,198,179,181,-1,198,181,206,-1,206,181,180,-1,206,180,207,-1,207,180,176,-1,207,176,202,-1,202,176,175,-1,202,175,203,-1,203,175,174,-1,203,174,204,-1,204,174,173,-1,204,173,205,-1,205,173,172,-1,205,172,185,-1,185,172,159,-1,185,159,186,-1,187,184,158,-1,158,184,156,-1,182,166,184,-1,184,166,156,-1,208,209,210,-1,211,212,213,-1,214,215,216,-1,216,215,213,-1,216,213,217,-1,217,213,218,-1,214,216,209,-1,209,216,219,-1,209,219,210,-1,220,221,222,-1,212,223,213,-1,213,223,224,-1,213,224,218,-1,225,226,227,-1,211,213,222,-1,222,213,228,-1,222,228,220,-1,225,227,229,-1,229,227,210,-1,210,227,230,-1,210,230,231,-1,231,232,210,-1,210,232,233,-1,210,233,208,-1,234,235,215,-1,215,235,213,-1,235,234,236,-1,237,238,239,-1,240,235,238,-1,238,235,236,-1,238,236,239,-1,240,241,235,-1,235,241,242,-1,235,242,243,-1,243,244,235,-1,235,244,245,-1,235,245,246,-1,247,248,249,-1,250,251,246,-1,246,251,252,-1,246,252,235,-1,239,253,237,-1,237,253,254,-1,237,254,255,-1,255,254,256,-1,255,256,257,-1,257,258,255,-1,255,258,247,-1,255,247,259,-1,259,247,249,-1,238,216,217,-1,238,217,240,-1,240,217,218,-1,240,218,241,-1,241,218,224,-1,241,224,242,-1,242,224,223,-1,242,223,243,-1,243,223,212,-1,243,212,244,-1,244,212,211,-1,244,211,245,-1,245,211,222,-1,245,222,246,-1,246,222,221,-1,246,221,250,-1,250,221,220,-1,250,220,251,-1,251,220,228,-1,251,228,252,-1,252,228,213,-1,252,213,235,-1,238,237,216,-1,216,237,219,-1,239,209,208,-1,239,208,253,-1,253,208,233,-1,253,233,254,-1,254,233,232,-1,254,232,256,-1,256,232,231,-1,256,231,257,-1,257,231,230,-1,257,230,258,-1,258,230,227,-1,258,227,247,-1,247,227,226,-1,247,226,248,-1,248,226,225,-1,248,225,249,-1,249,225,229,-1,249,229,259,-1,259,229,210,-1,259,210,255,-1,255,210,219,-1,255,219,237,-1,239,236,209,-1,209,236,214,-1,234,215,236,-1,236,215,214,-1,260,261,262,-1,261,260,263,-1,263,260,264,-1,263,264,265,-1,266,267,263,-1,262,268,260,-1,260,268,269,-1,260,269,270,-1,271,272,260,-1,260,272,273,-1,260,273,274,-1,274,273,275,-1,274,275,276,-1,270,277,260,-1,260,277,278,-1,260,278,271,-1,279,263,280,-1,280,263,281,-1,265,282,263,-1,263,282,283,-1,263,283,266,-1,267,284,263,-1,263,284,285,-1,263,285,281,-1,286,287,262,-1,262,287,268,-1,288,289,263,-1,263,289,261,-1,288,263,279,-1,288,279,290,-1,290,279,280,-1,290,280,291,-1,291,280,281,-1,291,281,292,-1,292,281,285,-1,292,285,293,-1,293,285,284,-1,293,284,294,-1,294,284,267,-1,294,267,295,-1,295,267,266,-1,295,266,296,-1,296,266,283,-1,296,283,297,-1,297,283,282,-1,297,282,298,-1,298,282,265,-1,298,265,299,-1,299,265,264,-1,299,264,300,-1,300,301,288,-1,302,287,301,-1,288,301,289,-1,289,301,287,-1,289,287,286,-1,301,303,304,-1,305,306,307,-1,307,306,308,-1,307,308,301,-1,301,308,309,-1,301,309,303,-1,290,291,288,-1,288,291,292,-1,288,292,293,-1,288,296,297,-1,304,310,301,-1,301,310,311,-1,301,311,302,-1,293,294,288,-1,288,294,295,-1,288,295,296,-1,297,298,288,-1,288,298,299,-1,288,299,300,-1,301,260,274,-1,301,274,307,-1,307,274,276,-1,307,276,305,-1,305,276,275,-1,305,275,306,-1,306,275,273,-1,306,273,308,-1,308,273,272,-1,308,272,309,-1,309,272,271,-1,309,271,303,-1,303,271,278,-1,303,278,304,-1,304,278,277,-1,304,277,310,-1,310,277,270,-1,310,270,311,-1,311,270,269,-1,311,269,302,-1,302,269,268,-1,302,268,287,-1,301,300,260,-1,260,300,264,-1,286,262,289,-1,289,262,261,-1,312,313,314,-1,315,316,312,-1,317,318,312,-1,319,320,312,-1,316,321,312,-1,312,321,322,-1,312,322,323,-1,314,324,312,-1,312,324,325,-1,312,325,326,-1,320,327,312,-1,312,327,328,-1,312,328,315,-1,329,312,330,-1,330,312,331,-1,326,332,312,-1,312,332,333,-1,312,333,319,-1,318,334,312,-1,312,334,335,-1,312,335,331,-1,323,336,312,-1,312,336,337,-1,312,337,317,-1,338,339,314,-1,314,339,324,-1,340,341,312,-1,312,341,313,-1,340,312,329,-1,340,329,342,-1,342,329,330,-1,342,330,343,-1,343,330,331,-1,343,331,344,-1,344,331,335,-1,344,335,345,-1,345,335,334,-1,345,334,346,-1,346,334,318,-1,346,318,347,-1,347,318,317,-1,347,317,348,-1,348,317,337,-1,348,337,349,-1,349,337,336,-1,349,336,350,-1,350,336,323,-1,350,323,351,-1,351,323,322,-1,351,322,352,-1,339,338,341,-1,352,353,340,-1,354,339,353,-1,353,339,341,-1,353,341,340,-1,354,355,339,-1,339,355,356,-1,339,356,357,-1,357,358,339,-1,339,358,359,-1,339,359,360,-1,361,362,360,-1,360,362,363,-1,360,363,339,-1,342,343,340,-1,340,343,344,-1,340,344,345,-1,340,348,349,-1,345,346,340,-1,340,346,347,-1,340,347,348,-1,349,350,340,-1,340,350,351,-1,340,351,352,-1,353,321,316,-1,353,316,354,-1,354,316,315,-1,354,315,355,-1,355,315,328,-1,355,328,356,-1,356,328,327,-1,356,327,357,-1,357,327,320,-1,357,320,358,-1,358,320,319,-1,358,319,359,-1,359,319,333,-1,359,333,360,-1,360,333,332,-1,360,332,361,-1,361,332,326,-1,361,326,362,-1,362,326,325,-1,362,325,363,-1,363,325,324,-1,363,324,339,-1,353,352,321,-1,321,352,322,-1,338,314,341,-1,341,314,313,-1,364,365,366,-1,366,365,367,-1,368,367,369,-1,364,366,370,-1,370,366,371,-1,370,371,372,-1,368,373,367,-1,367,373,374,-1,367,374,366,-1,375,376,369,-1,369,376,377,-1,369,377,378,-1,378,379,369,-1,369,379,380,-1,369,380,368,-1,372,381,370,-1,370,381,382,-1,370,382,383,-1,383,384,370,-1,370,384,385,-1,370,385,386,-1,386,387,370,-1,370,387,388,-1,370,388,389,-1,390,391,365,-1,365,391,367,-1,392,393,370,-1,370,393,364,-1,392,370,389,-1,392,389,394,-1,394,389,388,-1,394,388,395,-1,395,388,387,-1,395,387,396,-1,396,387,386,-1,396,386,397,-1,397,386,385,-1,397,385,398,-1,398,385,384,-1,398,384,399,-1,399,384,383,-1,399,383,400,-1,400,383,382,-1,400,382,401,-1,401,382,381,-1,401,381,402,-1,402,381,372,-1,402,372,403,-1,403,372,371,-1,403,371,404,-1,391,390,393,-1,404,405,392,-1,406,391,405,-1,405,391,393,-1,405,393,392,-1,407,408,409,-1,399,400,392,-1,392,400,401,-1,401,402,392,-1,392,402,403,-1,392,403,404,-1,406,410,391,-1,391,410,411,-1,391,411,409,-1,409,411,412,-1,409,412,407,-1,408,413,409,-1,409,413,414,-1,409,414,415,-1,396,392,395,-1,395,392,394,-1,396,397,392,-1,392,397,398,-1,392,398,399,-1,405,366,374,-1,405,374,406,-1,406,374,373,-1,406,373,410,-1,410,373,368,-1,410,368,411,-1,411,368,380,-1,411,380,412,-1,412,380,379,-1,412,379,407,-1,407,379,378,-1,407,378,408,-1,408,378,377,-1,408,377,413,-1,413,377,376,-1,413,376,414,-1,414,376,375,-1,414,375,415,-1,415,375,369,-1,415,369,409,-1,409,369,367,-1,409,367,391,-1,405,404,366,-1,366,404,371,-1,390,365,393,-1,393,365,364,-1,416,417,418,-1,419,420,417,-1,420,421,417,-1,417,421,422,-1,417,422,418,-1,423,424,425,-1,425,424,426,-1,426,424,417,-1,417,424,427,-1,417,427,419,-1,416,418,428,-1,428,418,429,-1,428,429,430,-1,430,429,431,-1,430,431,432,-1,433,434,435,-1,432,436,430,-1,430,436,437,-1,430,437,438,-1,438,437,435,-1,435,437,439,-1,435,439,433,-1,440,441,416,-1,416,441,417,-1,441,440,442,-1,443,444,445,-1,446,447,441,-1,445,444,442,-1,442,444,448,-1,442,448,441,-1,441,448,449,-1,441,449,446,-1,447,450,441,-1,441,450,451,-1,441,451,452,-1,453,454,452,-1,452,454,455,-1,452,455,441,-1,456,457,458,-1,459,460,445,-1,445,460,461,-1,445,461,443,-1,445,462,459,-1,459,462,456,-1,459,456,463,-1,463,456,458,-1,448,418,422,-1,448,422,449,-1,449,422,421,-1,449,421,446,-1,446,421,420,-1,446,420,447,-1,447,420,419,-1,447,419,450,-1,450,419,427,-1,450,427,451,-1,451,427,424,-1,451,424,452,-1,452,424,423,-1,452,423,453,-1,453,423,425,-1,453,425,454,-1,454,425,426,-1,454,426,455,-1,455,426,417,-1,455,417,441,-1,448,444,418,-1,418,444,429,-1,445,430,438,-1,445,438,462,-1,462,438,435,-1,462,435,456,-1,456,435,434,-1,456,434,457,-1,457,434,433,-1,457,433,458,-1,458,433,439,-1,458,439,463,-1,463,439,437,-1,463,437,459,-1,459,437,436,-1,459,436,460,-1,460,436,432,-1,460,432,461,-1,461,432,431,-1,461,431,443,-1,443,431,429,-1,443,429,444,-1,445,442,430,-1,430,442,428,-1,440,416,442,-1,442,416,428,-1,464,465,466,-1,467,464,468,-1,468,464,469,-1,467,470,464,-1,464,470,471,-1,464,471,472,-1,472,473,464,-1,464,473,474,-1,464,474,475,-1,466,476,464,-1,464,476,477,-1,464,477,478,-1,478,479,464,-1,464,479,480,-1,464,480,481,-1,481,482,464,-1,464,482,483,-1,464,483,469,-1,475,484,464,-1,464,484,485,-1,464,485,486,-1,486,487,464,-1,464,487,488,-1,464,488,489,-1,490,491,466,-1,466,491,476,-1,492,493,464,-1,464,493,465,-1,492,464,489,-1,492,489,494,-1,494,489,488,-1,494,488,495,-1,495,488,487,-1,495,487,496,-1,496,487,486,-1,496,486,497,-1,497,486,485,-1,497,485,498,-1,498,485,484,-1,498,484,499,-1,499,484,475,-1,499,475,500,-1,500,475,474,-1,500,474,501,-1,501,474,473,-1,501,473,502,-1,502,473,472,-1,502,472,503,-1,503,472,471,-1,503,471,504,-1,491,490,493,-1,503,504,492,-1,492,504,505,-1,492,505,493,-1,506,507,491,-1,493,505,491,-1,491,505,508,-1,491,508,506,-1,500,501,492,-1,492,501,502,-1,492,502,503,-1,507,509,491,-1,491,509,510,-1,491,510,511,-1,511,512,513,-1,494,495,492,-1,492,495,496,-1,492,496,497,-1,497,498,492,-1,492,498,499,-1,492,499,500,-1,513,514,511,-1,511,514,515,-1,511,515,491,-1,505,470,467,-1,505,467,508,-1,508,467,468,-1,508,468,506,-1,506,468,469,-1,506,469,507,-1,507,469,483,-1,507,483,509,-1,509,483,482,-1,509,482,510,-1,510,482,481,-1,510,481,511,-1,511,481,480,-1,511,480,512,-1,512,480,479,-1,512,479,513,-1,513,479,478,-1,513,478,514,-1,514,478,477,-1,514,477,515,-1,515,477,476,-1,515,476,491,-1,505,504,470,-1,470,504,471,-1,490,466,493,-1,493,466,465,-1,516,517,518,-1,518,517,519,-1,516,520,517,-1,517,520,521,-1,517,521,522,-1,523,524,519,-1,519,524,525,-1,519,525,518,-1,526,527,528,-1,528,527,529,-1,528,529,530,-1,522,531,517,-1,517,531,527,-1,517,527,532,-1,532,527,526,-1,533,534,535,-1,535,534,536,-1,535,536,537,-1,537,536,538,-1,538,536,519,-1,519,536,539,-1,519,539,523,-1,540,517,532,-1,540,532,541,-1,541,532,526,-1,541,526,542,-1,542,526,528,-1,542,528,543,-1,543,528,530,-1,543,530,544,-1,544,530,529,-1,544,529,545,-1,545,529,527,-1,545,527,546,-1,546,527,531,-1,546,531,547,-1,547,531,522,-1,547,522,548,-1,548,522,521,-1,548,521,549,-1,549,521,520,-1,549,520,550,-1,551,550,516,-1,516,550,520,-1,550,551,552,-1,547,548,540,-1,540,548,549,-1,540,549,550,-1,553,554,555,-1,556,557,558,-1,558,557,559,-1,558,559,560,-1,544,545,543,-1,543,545,546,-1,543,546,542,-1,550,552,540,-1,540,552,561,-1,540,561,558,-1,558,561,562,-1,558,562,556,-1,553,555,559,-1,559,555,563,-1,559,563,560,-1,547,540,546,-1,546,540,541,-1,546,541,542,-1,540,558,517,-1,517,558,519,-1,561,525,524,-1,561,524,562,-1,562,524,523,-1,562,523,556,-1,556,523,539,-1,556,539,557,-1,557,539,536,-1,557,536,559,-1,559,536,534,-1,559,534,553,-1,553,534,533,-1,553,533,554,-1,554,533,535,-1,554,535,555,-1,555,535,537,-1,555,537,563,-1,563,537,538,-1,563,538,560,-1,560,538,519,-1,560,519,558,-1,561,552,525,-1,525,552,518,-1,551,516,552,-1,552,516,518,-1,564,565,566,-1,567,568,564,-1,564,568,569,-1,566,570,564,-1,564,570,571,-1,564,571,572,-1,573,574,564,-1,564,574,575,-1,564,575,576,-1,572,577,564,-1,564,577,578,-1,564,578,573,-1,576,579,564,-1,564,579,580,-1,564,580,567,-1,569,581,564,-1,564,581,582,-1,564,582,583,-1,583,584,564,-1,564,584,585,-1,564,585,586,-1,586,587,564,-1,564,587,588,-1,564,588,589,-1,590,591,566,-1,566,591,570,-1,592,593,564,-1,564,593,565,-1,592,564,589,-1,592,589,594,-1,594,589,588,-1,594,588,595,-1,595,588,587,-1,595,587,596,-1,596,587,586,-1,596,586,597,-1,597,586,585,-1,597,585,598,-1,598,585,584,-1,598,584,599,-1,599,584,583,-1,599,583,600,-1,600,583,582,-1,600,582,601,-1,601,582,581,-1,601,581,602,-1,602,581,569,-1,602,569,603,-1,603,569,568,-1,603,568,604,-1,604,605,592,-1,606,591,605,-1,592,605,593,-1,593,605,591,-1,593,591,590,-1,605,607,608,-1,599,600,592,-1,592,600,601,-1,609,610,611,-1,611,610,612,-1,611,612,605,-1,605,612,613,-1,605,613,607,-1,601,602,592,-1,592,602,603,-1,592,603,604,-1,608,614,605,-1,605,614,615,-1,605,615,606,-1,596,592,595,-1,595,592,594,-1,596,597,592,-1,592,597,598,-1,592,598,599,-1,605,567,580,-1,605,580,611,-1,611,580,579,-1,611,579,609,-1,609,579,576,-1,609,576,610,-1,610,576,575,-1,610,575,612,-1,612,575,574,-1,612,574,613,-1,613,574,573,-1,613,573,607,-1,607,573,578,-1,607,578,608,-1,608,578,577,-1,608,577,614,-1,614,577,572,-1,614,572,615,-1,615,572,571,-1,615,571,606,-1,606,571,570,-1,606,570,591,-1,605,604,567,-1,567,604,568,-1,590,566,593,-1,593,566,565,-1,616,617,618,-1,618,617,619,-1,618,619,620,-1,620,619,621,-1,622,623,617,-1,617,623,619,-1,624,625,620,-1,620,625,618,-1,624,626,625,-1,625,626,623,-1,625,623,627,-1,627,623,622,-1,625,627,618,-1,618,627,616,-1,623,626,619,-1,619,626,621,-1,624,620,626,-1,626,620,621,-1,622,617,627,-1,627,617,616,-1,628,629,630,-1,630,629,631,-1,632,633,629,-1,629,633,631,-1,634,633,635,-1,635,633,632,-1,633,634,631,-1,631,634,630,-1,634,635,630,-1,630,635,628,-1,632,629,635,-1,635,629,628,-1,636,637,638,-1,638,637,639,-1,640,641,636,-1,636,641,637,-1,642,640,638,-1,638,640,636,-1,643,641,642,-1,642,641,640,-1,641,643,637,-1,637,643,639,-1,642,638,643,-1,643,638,639,-1,644,645,646,-1,646,645,647,-1,646,647,648,-1,648,647,649,-1,650,651,648,-1,648,651,646,-1,652,653,645,-1,645,653,647,-1,650,654,651,-1,651,654,653,-1,651,653,655,-1,655,653,652,-1,653,654,647,-1,647,654,649,-1,651,655,646,-1,646,655,644,-1,650,648,654,-1,654,648,649,-1,652,645,655,-1,655,645,644,-1,656,657,658,-1,658,657,659,-1,660,661,656,-1,656,661,657,-1,662,660,658,-1,658,660,656,-1,663,661,662,-1,662,661,660,-1,661,663,657,-1,657,663,659,-1,662,658,663,-1,663,658,659,-1,664,665,666,-1,666,665,667,-1,668,669,664,-1,664,669,665,-1,670,668,666,-1,666,668,664,-1,671,669,670,-1,670,669,668,-1,669,671,665,-1,665,671,667,-1,670,666,671,-1,671,666,667,-1,672,673,674,-1,674,673,675,-1,676,677,672,-1,672,677,673,-1,678,676,674,-1,674,676,672,-1,679,677,678,-1,678,677,676,-1,677,679,673,-1,673,679,675,-1,678,674,679,-1,679,674,675,-1,680,681,682,-1,683,684,685,-1,685,684,686,-1,685,686,687,-1,687,688,685,-1,685,688,689,-1,685,689,690,-1,691,692,693,-1,693,692,685,-1,693,685,694,-1,694,685,695,-1,696,697,698,-1,690,699,685,-1,685,699,700,-1,685,700,701,-1,682,681,685,-1,685,681,702,-1,685,702,683,-1,696,698,682,-1,682,698,703,-1,682,703,680,-1,701,704,685,-1,685,704,705,-1,685,705,695,-1,706,707,692,-1,692,707,685,-1,706,708,707,-1,707,708,709,-1,710,711,707,-1,711,712,707,-1,707,712,713,-1,707,713,714,-1,715,716,707,-1,707,716,717,-1,707,717,710,-1,707,718,719,-1,720,721,722,-1,709,723,707,-1,707,723,724,-1,707,724,725,-1,714,726,707,-1,707,726,727,-1,707,727,718,-1,719,728,707,-1,707,728,720,-1,707,720,729,-1,729,720,722,-1,725,730,707,-1,707,730,731,-1,707,731,715,-1,713,686,684,-1,713,684,714,-1,714,684,683,-1,714,683,726,-1,726,683,702,-1,726,702,727,-1,727,702,681,-1,727,681,718,-1,718,681,680,-1,718,680,719,-1,719,680,703,-1,719,703,728,-1,728,703,698,-1,728,698,720,-1,720,698,697,-1,720,697,721,-1,721,697,696,-1,721,696,722,-1,722,696,682,-1,722,682,729,-1,729,682,685,-1,729,685,707,-1,713,712,686,-1,686,712,687,-1,709,693,694,-1,709,694,723,-1,723,694,695,-1,723,695,724,-1,724,695,705,-1,724,705,725,-1,725,705,704,-1,725,704,730,-1,730,704,701,-1,730,701,731,-1,731,701,700,-1,731,700,715,-1,715,700,699,-1,715,699,716,-1,716,699,690,-1,716,690,717,-1,717,690,689,-1,717,689,710,-1,710,689,688,-1,710,688,711,-1,711,688,687,-1,711,687,712,-1,709,708,693,-1,693,708,691,-1,706,692,708,-1,708,692,691,-1,732,733,734,-1,735,736,737,-1,737,736,738,-1,737,738,734,-1,739,740,732,-1,741,742,732,-1,734,738,732,-1,732,738,743,-1,732,743,739,-1,732,742,744,-1,744,742,745,-1,744,745,746,-1,747,748,749,-1,740,750,732,-1,732,750,751,-1,732,751,741,-1,747,752,748,-1,748,752,753,-1,748,753,754,-1,754,753,755,-1,737,756,735,-1,735,756,747,-1,735,747,757,-1,757,747,749,-1,758,759,734,-1,734,759,737,-1,759,758,760,-1,758,761,760,-1,760,761,762,-1,760,762,763,-1,763,762,764,-1,765,766,767,-1,767,766,768,-1,767,768,762,-1,762,768,769,-1,762,769,770,-1,770,771,762,-1,762,771,772,-1,762,772,764,-1,760,773,759,-1,759,773,774,-1,759,774,775,-1,776,777,778,-1,775,779,759,-1,759,779,780,-1,759,780,781,-1,781,780,782,-1,776,778,780,-1,780,778,783,-1,780,783,782,-1,773,736,735,-1,773,735,774,-1,774,735,757,-1,774,757,775,-1,775,757,749,-1,775,749,779,-1,779,749,748,-1,779,748,780,-1,780,748,754,-1,780,754,776,-1,776,754,755,-1,776,755,777,-1,777,755,753,-1,777,753,778,-1,778,753,752,-1,778,752,783,-1,783,752,747,-1,783,747,782,-1,782,747,756,-1,782,756,781,-1,781,756,737,-1,781,737,759,-1,773,760,736,-1,736,760,738,-1,762,732,744,-1,762,744,767,-1,767,744,746,-1,767,746,765,-1,765,746,745,-1,765,745,766,-1,766,745,742,-1,766,742,768,-1,768,742,741,-1,768,741,769,-1,769,741,751,-1,769,751,770,-1,770,751,750,-1,770,750,771,-1,771,750,740,-1,771,740,772,-1,772,740,739,-1,772,739,764,-1,764,739,743,-1,764,743,763,-1,763,743,738,-1,763,738,760,-1,762,761,732,-1,732,761,733,-1,758,734,761,-1,761,734,733,-1,784,785,786,-1,786,785,787,-1,788,789,787,-1,787,789,790,-1,787,790,791,-1,791,792,787,-1,787,792,793,-1,787,793,794,-1,795,787,796,-1,796,787,797,-1,795,798,787,-1,787,798,799,-1,787,799,786,-1,800,801,802,-1,802,801,803,-1,803,804,802,-1,802,804,805,-1,802,805,806,-1,800,802,787,-1,787,802,807,-1,787,807,788,-1,794,808,787,-1,787,808,809,-1,787,809,797,-1,810,811,785,-1,785,811,787,-1,812,811,813,-1,810,814,811,-1,811,814,815,-1,816,817,811,-1,817,818,811,-1,811,818,819,-1,811,819,820,-1,815,821,811,-1,811,821,822,-1,811,822,823,-1,823,824,811,-1,811,824,825,-1,811,825,826,-1,820,827,811,-1,811,827,828,-1,811,828,813,-1,829,813,830,-1,830,813,831,-1,829,832,813,-1,813,832,833,-1,813,833,812,-1,826,834,811,-1,811,834,835,-1,811,835,816,-1,819,790,789,-1,819,789,820,-1,820,789,788,-1,820,788,827,-1,827,788,807,-1,827,807,828,-1,828,807,802,-1,828,802,813,-1,813,802,806,-1,813,806,831,-1,831,806,805,-1,831,805,830,-1,830,805,804,-1,830,804,829,-1,829,804,803,-1,829,803,832,-1,832,803,801,-1,832,801,833,-1,833,801,800,-1,833,800,812,-1,812,800,787,-1,812,787,811,-1,819,818,790,-1,790,818,791,-1,815,786,799,-1,815,799,821,-1,821,799,798,-1,821,798,822,-1,822,798,795,-1,822,795,823,-1,823,795,796,-1,823,796,824,-1,824,796,797,-1,824,797,825,-1,825,797,809,-1,825,809,826,-1,826,809,808,-1,826,808,834,-1,834,808,794,-1,834,794,835,-1,835,794,793,-1,835,793,816,-1,816,793,792,-1,816,792,817,-1,817,792,791,-1,817,791,818,-1,815,814,786,-1,786,814,784,-1,810,785,814,-1,814,785,784,-1,836,837,838,-1,839,840,841,-1,839,841,842,-1,843,836,840,-1,840,836,838,-1,840,838,841,-1,843,844,836,-1,836,844,845,-1,836,845,846,-1,846,847,836,-1,836,847,848,-1,836,848,849,-1,850,851,849,-1,849,851,852,-1,849,852,836,-1,853,854,855,-1,853,855,856,-1,856,855,857,-1,857,855,858,-1,857,858,859,-1,841,860,842,-1,842,860,857,-1,842,857,861,-1,861,857,859,-1,862,863,838,-1,838,863,841,-1,864,863,865,-1,862,866,867,-1,867,866,868,-1,867,868,869,-1,869,868,870,-1,862,867,863,-1,863,867,871,-1,863,871,865,-1,872,873,874,-1,874,873,875,-1,875,873,868,-1,868,873,876,-1,868,876,877,-1,877,878,868,-1,868,878,879,-1,868,879,870,-1,880,881,882,-1,883,884,885,-1,885,884,880,-1,885,880,886,-1,886,880,882,-1,864,865,885,-1,885,865,887,-1,885,887,883,-1,871,839,842,-1,871,842,865,-1,865,842,861,-1,865,861,887,-1,887,861,859,-1,887,859,883,-1,883,859,858,-1,883,858,884,-1,884,858,855,-1,884,855,880,-1,880,855,854,-1,880,854,881,-1,881,854,853,-1,881,853,882,-1,882,853,856,-1,882,856,886,-1,886,856,857,-1,886,857,885,-1,885,857,860,-1,885,860,864,-1,864,860,841,-1,864,841,863,-1,871,867,839,-1,839,867,840,-1,868,836,852,-1,868,852,875,-1,875,852,851,-1,875,851,874,-1,874,851,850,-1,874,850,872,-1,872,850,849,-1,872,849,873,-1,873,849,848,-1,873,848,876,-1,876,848,847,-1,876,847,877,-1,877,847,846,-1,877,846,878,-1,878,846,845,-1,878,845,879,-1,879,845,844,-1,879,844,870,-1,870,844,843,-1,870,843,869,-1,869,843,840,-1,869,840,867,-1,868,866,836,-1,836,866,837,-1,862,838,866,-1,866,838,837,-1,888,889,890,-1,891,892,893,-1,893,892,890,-1,894,895,888,-1,890,892,888,-1,888,892,896,-1,888,896,894,-1,893,897,898,-1,895,899,900,-1,900,901,895,-1,895,901,902,-1,895,902,903,-1,903,904,895,-1,895,904,905,-1,895,905,888,-1,898,906,893,-1,893,906,907,-1,893,907,891,-1,893,908,897,-1,897,908,909,-1,897,909,910,-1,910,911,897,-1,897,911,912,-1,897,912,913,-1,914,915,890,-1,890,915,893,-1,916,915,917,-1,914,918,919,-1,919,918,920,-1,921,920,922,-1,914,919,915,-1,915,919,923,-1,915,923,924,-1,921,925,920,-1,920,925,926,-1,920,926,919,-1,922,927,921,-1,921,927,928,-1,921,928,929,-1,929,930,921,-1,921,930,931,-1,921,931,932,-1,924,933,915,-1,915,933,934,-1,915,934,917,-1,935,917,936,-1,936,917,937,-1,935,938,917,-1,917,938,939,-1,917,939,916,-1,923,891,907,-1,923,907,924,-1,924,907,906,-1,924,906,933,-1,933,906,898,-1,933,898,934,-1,934,898,897,-1,934,897,917,-1,917,897,913,-1,917,913,937,-1,937,913,912,-1,937,912,936,-1,936,912,911,-1,936,911,935,-1,935,911,910,-1,935,910,938,-1,938,910,909,-1,938,909,939,-1,939,909,908,-1,939,908,916,-1,916,908,893,-1,916,893,915,-1,923,919,891,-1,891,919,892,-1,920,888,905,-1,920,905,922,-1,922,905,904,-1,922,904,927,-1,927,904,903,-1,927,903,928,-1,928,903,902,-1,928,902,929,-1,929,902,901,-1,929,901,930,-1,930,901,900,-1,930,900,931,-1,931,900,899,-1,931,899,932,-1,932,899,895,-1,932,895,921,-1,921,895,894,-1,921,894,925,-1,925,894,896,-1,925,896,926,-1,926,896,892,-1,926,892,919,-1,920,918,888,-1,888,918,889,-1,914,890,918,-1,918,890,889,-1,940,941,942,-1,942,941,943,-1,942,943,944,-1,945,946,943,-1,943,946,947,-1,943,947,948,-1,948,949,943,-1,943,949,950,-1,943,950,951,-1,951,952,943,-1,943,952,953,-1,943,953,954,-1,955,956,957,-1,954,958,943,-1,943,958,959,-1,943,959,944,-1,945,960,946,-1,946,960,961,-1,946,961,962,-1,962,963,946,-1,946,963,964,-1,946,964,957,-1,957,964,965,-1,957,965,955,-1,966,967,941,-1,941,967,943,-1,968,967,969,-1,967,966,970,-1,971,972,967,-1,967,972,973,-1,967,973,969,-1,974,975,967,-1,970,976,967,-1,967,976,977,-1,967,977,978,-1,975,979,967,-1,967,979,980,-1,967,980,971,-1,978,981,967,-1,967,981,982,-1,967,982,974,-1,983,984,969,-1,969,984,985,-1,969,985,986,-1,986,987,969,-1,969,987,988,-1,969,988,968,-1,989,990,983,-1,983,990,991,-1,983,991,984,-1,969,946,957,-1,969,957,983,-1,983,957,956,-1,983,956,989,-1,989,956,955,-1,989,955,990,-1,990,955,965,-1,990,965,991,-1,991,965,964,-1,991,964,984,-1,984,964,963,-1,984,963,985,-1,985,963,962,-1,985,962,986,-1,986,962,961,-1,986,961,987,-1,987,961,960,-1,987,960,988,-1,988,960,945,-1,988,945,968,-1,968,945,943,-1,968,943,967,-1,969,973,946,-1,946,973,947,-1,976,942,944,-1,976,944,977,-1,977,944,959,-1,977,959,978,-1,978,959,958,-1,978,958,981,-1,981,958,954,-1,981,954,982,-1,982,954,953,-1,982,953,974,-1,974,953,952,-1,974,952,975,-1,975,952,951,-1,975,951,979,-1,979,951,950,-1,979,950,980,-1,980,950,949,-1,980,949,971,-1,971,949,948,-1,971,948,972,-1,972,948,947,-1,972,947,973,-1,976,970,942,-1,942,970,940,-1,966,941,970,-1,970,941,940,-1,992,993,994,-1,995,996,997,-1,997,996,994,-1,998,999,992,-1,1000,1001,999,-1,994,996,992,-1,992,996,1002,-1,992,1002,998,-1,1003,1004,997,-1,997,1004,1005,-1,1001,1006,999,-1,999,1006,1007,-1,999,1007,992,-1,1005,1008,997,-1,997,1008,1009,-1,997,1009,995,-1,1010,1011,999,-1,999,1011,1012,-1,999,1012,1000,-1,1013,1014,1015,-1,1015,1014,1016,-1,1016,1014,997,-1,997,1014,1017,-1,997,1017,1003,-1,1018,1019,994,-1,994,1019,997,-1,1019,1018,1020,-1,1020,1018,1021,-1,1020,1021,1022,-1,1023,1022,1024,-1,1023,1025,1022,-1,1022,1025,1026,-1,1022,1026,1020,-1,1024,1027,1023,-1,1023,1027,1028,-1,1023,1028,1029,-1,1020,1030,1019,-1,1019,1030,1031,-1,1019,1031,1032,-1,1032,1033,1019,-1,1019,1033,1034,-1,1019,1034,1035,-1,1036,1037,1038,-1,1029,1039,1023,-1,1023,1039,1040,-1,1023,1040,1041,-1,1035,1042,1019,-1,1019,1042,1036,-1,1019,1036,1043,-1,1043,1036,1038,-1,1030,995,1009,-1,1030,1009,1031,-1,1031,1009,1008,-1,1031,1008,1032,-1,1032,1008,1005,-1,1032,1005,1033,-1,1033,1005,1004,-1,1033,1004,1034,-1,1034,1004,1003,-1,1034,1003,1035,-1,1035,1003,1017,-1,1035,1017,1042,-1,1042,1017,1014,-1,1042,1014,1036,-1,1036,1014,1013,-1,1036,1013,1037,-1,1037,1013,1015,-1,1037,1015,1038,-1,1038,1015,1016,-1,1038,1016,1043,-1,1043,1016,997,-1,1043,997,1019,-1,1030,1020,995,-1,995,1020,996,-1,1022,992,1007,-1,1022,1007,1024,-1,1024,1007,1006,-1,1024,1006,1027,-1,1027,1006,1001,-1,1027,1001,1028,-1,1028,1001,1000,-1,1028,1000,1029,-1,1029,1000,1012,-1,1029,1012,1039,-1,1039,1012,1011,-1,1039,1011,1040,-1,1040,1011,1010,-1,1040,1010,1041,-1,1041,1010,999,-1,1041,999,1023,-1,1023,999,998,-1,1023,998,1025,-1,1025,998,1002,-1,1025,1002,1026,-1,1026,1002,996,-1,1026,996,1020,-1,1022,1021,992,-1,992,1021,993,-1,1018,994,1021,-1,1021,994,993,-1,1044,1045,1046,-1,1046,1045,1047,-1,1048,1049,1045,-1,1045,1049,1050,-1,1045,1050,1047,-1,1051,1052,1049,-1,1049,1052,1050,-1,1053,1054,1044,-1,1044,1054,1045,-1,1054,1053,1055,-1,1051,1056,1052,-1,1052,1056,1054,-1,1052,1054,1057,-1,1057,1054,1055,-1,1054,1056,1045,-1,1045,1056,1048,-1,1052,1057,1050,-1,1050,1057,1047,-1,1057,1055,1047,-1,1047,1055,1046,-1,1053,1044,1055,-1,1055,1044,1046,-1,1051,1049,1056,-1,1056,1049,1048,-1,1058,1059,1060,-1,1060,1059,1061,-1,1060,1061,1062,-1,1062,1061,1063,-1,1064,1065,1062,-1,1062,1065,1060,-1,1066,1067,1059,-1,1059,1067,1061,-1,1064,1068,1065,-1,1065,1068,1067,-1,1065,1067,1069,-1,1069,1067,1066,-1,1067,1068,1061,-1,1061,1068,1063,-1,1065,1069,1060,-1,1060,1069,1058,-1,1066,1059,1069,-1,1069,1059,1058,-1,1064,1062,1068,-1,1068,1062,1063,-1,620,621,618,-1,618,621,619,-1,618,619,616,-1,616,619,617,-1,621,1070,619,-1,619,1070,1071,-1,1072,1073,617,-1,617,1073,616,-1,1073,1072,1074,-1,1074,1072,1071,-1,1074,1071,1075,-1,1075,1071,1070,-1,616,1073,618,-1,618,1073,1074,-1,1075,1070,620,-1,620,1070,621,-1,618,1074,620,-1,620,1074,1075,-1,619,1071,617,-1,617,1071,1072,-1,566,565,570,-1,570,565,564,-1,570,564,571,-1,568,567,564,-1,564,567,580,-1,575,574,564,-1,564,574,573,-1,564,573,578,-1,584,583,564,-1,564,583,582,-1,587,564,588,-1,588,564,589,-1,587,586,564,-1,564,586,585,-1,564,585,584,-1,582,581,564,-1,564,581,569,-1,564,569,568,-1,580,579,564,-1,564,579,576,-1,564,576,575,-1,578,577,564,-1,564,577,572,-1,564,572,571,-1,568,1076,567,-1,567,1076,1077,-1,567,1077,1078,-1,567,1078,580,-1,580,1078,1079,-1,580,1079,579,-1,579,1079,1080,-1,579,1080,576,-1,576,1080,1081,-1,576,1081,575,-1,575,1081,1082,-1,575,1082,574,-1,574,1082,1083,-1,574,1083,573,-1,573,1083,1084,-1,573,1084,578,-1,578,1084,1085,-1,578,1085,577,-1,577,1085,1086,-1,577,1086,572,-1,572,1086,1087,-1,572,1087,571,-1,571,1087,1088,-1,571,1088,570,-1,1077,1089,1090,-1,1089,1077,1091,-1,1091,1077,1076,-1,1091,1076,1092,-1,1090,1088,1077,-1,1077,1088,1087,-1,1077,1087,1086,-1,1083,1082,1077,-1,1077,1082,1081,-1,1077,1081,1078,-1,1078,1081,1080,-1,1078,1080,1079,-1,1086,1085,1077,-1,1077,1085,1084,-1,1077,1084,1083,-1,1092,1093,1091,-1,1091,1093,1094,-1,1091,1094,1095,-1,1095,1096,1091,-1,1091,1096,1097,-1,1091,1097,1098,-1,1098,1099,1091,-1,1091,1099,1100,-1,1091,1100,1101,-1,1090,1089,566,-1,566,1089,565,-1,564,1091,1101,-1,564,1101,589,-1,589,1101,1100,-1,589,1100,588,-1,588,1100,1099,-1,588,1099,587,-1,587,1099,1098,-1,587,1098,586,-1,586,1098,1097,-1,586,1097,585,-1,585,1097,1096,-1,585,1096,584,-1,584,1096,1095,-1,584,1095,583,-1,583,1095,1094,-1,583,1094,582,-1,582,1094,1093,-1,582,1093,581,-1,581,1093,1092,-1,581,1092,569,-1,569,1092,1076,-1,569,1076,568,-1,565,1089,564,-1,564,1089,1091,-1,570,1088,566,-1,566,1088,1090,-1,1062,1063,1060,-1,1060,1063,1061,-1,1060,1061,1058,-1,1058,1061,1059,-1,1058,1102,1060,-1,1060,1102,1103,-1,1104,1105,1062,-1,1062,1105,1063,-1,1102,1106,1103,-1,1103,1106,1107,-1,1103,1107,1104,-1,1104,1107,1105,-1,1063,1105,1061,-1,1061,1105,1107,-1,1106,1102,1059,-1,1059,1102,1058,-1,1061,1107,1059,-1,1059,1107,1106,-1,1060,1103,1062,-1,1062,1103,1104,-1,213,215,214,-1,219,216,209,-1,217,213,216,-1,216,213,214,-1,216,214,209,-1,217,218,213,-1,213,218,224,-1,213,224,223,-1,223,212,213,-1,213,212,211,-1,213,211,222,-1,227,226,225,-1,222,221,213,-1,213,221,220,-1,213,220,228,-1,209,208,219,-1,219,208,233,-1,219,233,210,-1,210,233,232,-1,210,232,231,-1,231,230,210,-1,210,230,227,-1,210,227,229,-1,229,227,225,-1,214,1108,209,-1,209,1108,1109,-1,209,1109,1110,-1,209,1110,208,-1,208,1110,1111,-1,208,1111,233,-1,233,1111,1112,-1,233,1112,232,-1,232,1112,1113,-1,232,1113,231,-1,231,1113,1114,-1,231,1114,230,-1,230,1114,1115,-1,230,1115,227,-1,227,1115,1116,-1,227,1116,226,-1,226,1116,1117,-1,226,1117,225,-1,225,1117,1118,-1,225,1118,229,-1,229,1118,1119,-1,229,1119,210,-1,210,1119,1120,-1,210,1120,219,-1,219,1120,216,-1,216,1120,1121,-1,1108,1122,1109,-1,1109,1122,1123,-1,1109,1123,1110,-1,1123,1120,1119,-1,1124,1125,1123,-1,1123,1125,1121,-1,1123,1121,1120,-1,1126,1127,1123,-1,1128,1129,1130,-1,1119,1118,1123,-1,1123,1118,1117,-1,1123,1117,1116,-1,1116,1115,1123,-1,1123,1115,1114,-1,1123,1114,1113,-1,1113,1112,1123,-1,1123,1112,1111,-1,1123,1111,1110,-1,1127,1131,1123,-1,1123,1131,1132,-1,1123,1132,1124,-1,1126,1123,1130,-1,1130,1123,1133,-1,1130,1133,1128,-1,216,1121,1125,-1,216,1125,217,-1,217,1125,1124,-1,217,1124,218,-1,218,1124,1132,-1,218,1132,224,-1,224,1132,1131,-1,224,1131,223,-1,223,1131,1127,-1,223,1127,212,-1,212,1127,1126,-1,212,1126,211,-1,211,1126,1130,-1,211,1130,222,-1,222,1130,1129,-1,222,1129,221,-1,221,1129,1128,-1,221,1128,220,-1,220,1128,1133,-1,220,1133,228,-1,228,1133,1123,-1,228,1123,213,-1,1122,1108,215,-1,215,1108,214,-1,213,1123,215,-1,215,1123,1122,-1,673,672,675,-1,675,672,674,-1,1134,1135,674,-1,674,1135,675,-1,1136,1135,1137,-1,1137,1135,1134,-1,675,1135,673,-1,673,1135,1136,-1,672,1137,674,-1,674,1137,1134,-1,673,1136,672,-1,672,1136,1137,-1,1045,1044,1046,-1,1049,1048,1050,-1,1050,1048,1045,-1,1050,1045,1047,-1,1047,1045,1046,-1,1046,1138,1047,-1,1047,1138,1139,-1,1047,1139,1050,-1,1050,1139,1140,-1,1141,1142,1049,-1,1049,1142,1048,-1,1143,1144,1138,-1,1138,1144,1139,-1,1142,1141,1144,-1,1144,1141,1140,-1,1144,1140,1139,-1,1048,1142,1045,-1,1045,1142,1144,-1,1143,1138,1044,-1,1044,1138,1046,-1,1045,1144,1044,-1,1044,1144,1143,-1,1050,1140,1049,-1,1049,1140,1141,-1,994,993,996,-1,996,993,992,-1,999,992,1007,-1,994,996,997,-1,997,996,995,-1,997,995,1009,-1,999,998,992,-1,992,998,1002,-1,992,1002,996,-1,1007,1006,999,-1,999,1006,1001,-1,999,1001,1000,-1,1009,1008,997,-1,997,1008,1005,-1,997,1005,1004,-1,1000,1012,999,-1,999,1012,1011,-1,999,1011,1010,-1,1004,1003,997,-1,997,1003,1017,-1,997,1017,1014,-1,1014,1013,997,-1,997,1013,1015,-1,997,1015,1016,-1,993,1145,992,-1,992,1145,1146,-1,992,1146,1147,-1,992,1147,1007,-1,1007,1147,1148,-1,1007,1148,1006,-1,1006,1148,1149,-1,1006,1149,1001,-1,1001,1149,1150,-1,1001,1150,1000,-1,1000,1150,1151,-1,1000,1151,1012,-1,1012,1151,1152,-1,1012,1152,1011,-1,1011,1152,1153,-1,1011,1153,1010,-1,1010,1153,1154,-1,1010,1154,999,-1,999,1154,1155,-1,999,1155,998,-1,998,1155,1156,-1,998,1156,1002,-1,1002,1156,1157,-1,1002,1157,996,-1,996,1157,995,-1,995,1157,1158,-1,1146,1145,1159,-1,1158,1157,1160,-1,1160,1157,1159,-1,1155,1154,1146,-1,1150,1149,1154,-1,1159,1157,1146,-1,1146,1157,1156,-1,1146,1156,1155,-1,1161,1162,1160,-1,1160,1162,1163,-1,1149,1148,1154,-1,1154,1148,1147,-1,1154,1147,1146,-1,1163,1164,1160,-1,1160,1164,1165,-1,1160,1165,1158,-1,1153,1152,1154,-1,1154,1152,1151,-1,1154,1151,1150,-1,1166,1167,1168,-1,1168,1167,1169,-1,1169,1167,1160,-1,1160,1167,1170,-1,1160,1170,1161,-1,995,1158,1165,-1,995,1165,1009,-1,1009,1165,1164,-1,1009,1164,1008,-1,1008,1164,1163,-1,1008,1163,1005,-1,1005,1163,1162,-1,1005,1162,1004,-1,1004,1162,1161,-1,1004,1161,1003,-1,1003,1161,1170,-1,1003,1170,1017,-1,1017,1170,1167,-1,1017,1167,1014,-1,1014,1167,1166,-1,1014,1166,1013,-1,1013,1166,1168,-1,1013,1168,1015,-1,1015,1168,1169,-1,1015,1169,1016,-1,1016,1169,1160,-1,1016,1160,997,-1,1159,1145,994,-1,994,1145,993,-1,997,1160,994,-1,994,1160,1159,-1,665,664,667,-1,667,664,666,-1,1171,1172,666,-1,666,1172,667,-1,1173,1172,1174,-1,1174,1172,1171,-1,667,1172,665,-1,665,1172,1173,-1,664,1174,666,-1,666,1174,1171,-1,665,1173,664,-1,664,1173,1174,-1,943,941,940,-1,945,943,946,-1,949,948,943,-1,943,948,947,-1,943,947,946,-1,953,952,943,-1,940,942,943,-1,943,942,944,-1,943,944,959,-1,952,951,943,-1,943,951,950,-1,943,950,949,-1,959,958,943,-1,943,958,954,-1,943,954,953,-1,957,964,946,-1,946,964,963,-1,946,963,962,-1,962,961,946,-1,946,961,960,-1,946,960,945,-1,956,955,957,-1,957,955,965,-1,957,965,964,-1,940,1175,942,-1,942,1175,1176,-1,942,1176,1177,-1,942,1177,944,-1,944,1177,1178,-1,944,1178,959,-1,959,1178,1179,-1,959,1179,958,-1,958,1179,1180,-1,958,1180,954,-1,954,1180,1181,-1,954,1181,953,-1,953,1181,1182,-1,953,1182,952,-1,952,1182,1183,-1,952,1183,951,-1,951,1183,1184,-1,951,1184,950,-1,950,1184,1185,-1,950,1185,949,-1,949,1185,1186,-1,949,1186,948,-1,948,1186,1187,-1,948,1187,947,-1,947,1187,946,-1,946,1187,1188,-1,1176,1175,1189,-1,1188,1187,1190,-1,1188,1190,1191,-1,1186,1176,1187,-1,1187,1176,1189,-1,1187,1189,1190,-1,1186,1185,1176,-1,1176,1185,1184,-1,1176,1184,1183,-1,1183,1182,1176,-1,1176,1182,1181,-1,1176,1181,1180,-1,1179,1178,1180,-1,1180,1178,1177,-1,1180,1177,1176,-1,1192,1193,1194,-1,1192,1194,1195,-1,1195,1194,1196,-1,1196,1194,1197,-1,1196,1197,1198,-1,1190,1199,1191,-1,1191,1199,1196,-1,1191,1196,1200,-1,1200,1196,1198,-1,946,1188,1191,-1,946,1191,957,-1,957,1191,1200,-1,957,1200,956,-1,956,1200,1198,-1,956,1198,955,-1,955,1198,1197,-1,955,1197,965,-1,965,1197,1194,-1,965,1194,964,-1,964,1194,1193,-1,964,1193,963,-1,963,1193,1192,-1,963,1192,962,-1,962,1192,1195,-1,962,1195,961,-1,961,1195,1196,-1,961,1196,960,-1,960,1196,1199,-1,960,1199,945,-1,945,1199,1190,-1,945,1190,943,-1,1189,1175,941,-1,941,1175,940,-1,943,1190,941,-1,941,1190,1189,-1,908,893,897,-1,890,889,892,-1,892,889,888,-1,895,888,905,-1,890,892,893,-1,893,892,891,-1,893,891,907,-1,895,894,888,-1,888,894,896,-1,888,896,892,-1,905,904,895,-1,895,904,903,-1,895,903,902,-1,902,901,895,-1,895,901,900,-1,895,900,899,-1,907,906,893,-1,893,906,898,-1,893,898,897,-1,911,897,912,-1,912,897,913,-1,911,910,897,-1,897,910,909,-1,897,909,908,-1,889,1201,888,-1,888,1201,1202,-1,888,1202,1203,-1,888,1203,905,-1,905,1203,1204,-1,905,1204,904,-1,904,1204,1205,-1,904,1205,903,-1,903,1205,1206,-1,903,1206,902,-1,902,1206,1207,-1,902,1207,901,-1,901,1207,1208,-1,901,1208,900,-1,900,1208,1209,-1,900,1209,899,-1,899,1209,1210,-1,899,1210,895,-1,895,1210,1211,-1,895,1211,894,-1,894,1211,1212,-1,894,1212,896,-1,896,1212,1213,-1,896,1213,892,-1,892,1213,891,-1,891,1213,1214,-1,1202,1201,1215,-1,1214,1213,1216,-1,1216,1213,1215,-1,1211,1210,1202,-1,1215,1213,1202,-1,1202,1213,1212,-1,1202,1212,1211,-1,1216,1217,1218,-1,1210,1209,1208,-1,1208,1207,1210,-1,1210,1207,1206,-1,1210,1206,1205,-1,1205,1204,1210,-1,1210,1204,1203,-1,1210,1203,1202,-1,1218,1219,1216,-1,1216,1219,1220,-1,1216,1220,1214,-1,1216,1221,1217,-1,1217,1221,1222,-1,1217,1222,1223,-1,1223,1224,1217,-1,1217,1224,1225,-1,1217,1225,1226,-1,891,1214,1220,-1,891,1220,907,-1,907,1220,1219,-1,907,1219,906,-1,906,1219,1218,-1,906,1218,898,-1,898,1218,1217,-1,898,1217,897,-1,897,1217,1226,-1,897,1226,913,-1,913,1226,1225,-1,913,1225,912,-1,912,1225,1224,-1,912,1224,911,-1,911,1224,1223,-1,911,1223,910,-1,910,1223,1222,-1,910,1222,909,-1,909,1222,1221,-1,909,1221,908,-1,908,1221,1216,-1,908,1216,893,-1,1215,1201,890,-1,890,1201,889,-1,893,1216,890,-1,890,1216,1215,-1,860,841,842,-1,838,837,840,-1,840,837,836,-1,840,836,843,-1,843,836,844,-1,838,840,841,-1,841,840,839,-1,841,839,842,-1,850,849,851,-1,851,849,852,-1,852,849,836,-1,836,849,848,-1,836,848,847,-1,847,846,836,-1,836,846,845,-1,836,845,844,-1,855,854,853,-1,859,858,857,-1,857,858,855,-1,857,855,856,-1,856,855,853,-1,860,842,857,-1,857,842,861,-1,857,861,859,-1,837,1227,836,-1,836,1227,1228,-1,836,1228,1229,-1,836,1229,852,-1,852,1229,1230,-1,852,1230,851,-1,851,1230,1231,-1,851,1231,850,-1,850,1231,1232,-1,850,1232,849,-1,849,1232,1233,-1,849,1233,848,-1,848,1233,1234,-1,848,1234,847,-1,847,1234,1235,-1,847,1235,846,-1,846,1235,1236,-1,846,1236,845,-1,845,1236,1237,-1,845,1237,844,-1,844,1237,1238,-1,844,1238,843,-1,843,1238,1239,-1,843,1239,840,-1,840,1239,839,-1,839,1239,1240,-1,1228,1227,1241,-1,1240,1239,1242,-1,1240,1242,1243,-1,1238,1228,1239,-1,1239,1228,1241,-1,1239,1241,1242,-1,1238,1237,1228,-1,1228,1237,1236,-1,1228,1236,1235,-1,1235,1234,1228,-1,1228,1234,1233,-1,1228,1233,1232,-1,1231,1230,1232,-1,1232,1230,1229,-1,1232,1229,1228,-1,1244,1245,1246,-1,1244,1246,1247,-1,1247,1246,1248,-1,1248,1246,1249,-1,1248,1249,1250,-1,1242,1251,1243,-1,1243,1251,1248,-1,1243,1248,1252,-1,1252,1248,1250,-1,839,1240,1243,-1,839,1243,842,-1,842,1243,1252,-1,842,1252,861,-1,861,1252,1250,-1,861,1250,859,-1,859,1250,1249,-1,859,1249,858,-1,858,1249,1246,-1,858,1246,855,-1,855,1246,1245,-1,855,1245,854,-1,854,1245,1244,-1,854,1244,853,-1,853,1244,1247,-1,853,1247,856,-1,856,1247,1248,-1,856,1248,857,-1,857,1248,1251,-1,857,1251,860,-1,860,1251,1242,-1,860,1242,841,-1,1241,1227,838,-1,838,1227,837,-1,841,1242,838,-1,838,1242,1241,-1,520,516,518,-1,531,522,517,-1,517,522,521,-1,517,521,520,-1,534,533,535,-1,523,539,519,-1,519,539,536,-1,519,536,538,-1,530,529,528,-1,528,529,527,-1,528,527,526,-1,520,518,517,-1,517,518,525,-1,517,525,519,-1,519,525,524,-1,519,524,523,-1,534,535,536,-1,536,535,537,-1,536,537,538,-1,531,517,527,-1,527,517,532,-1,527,532,526,-1,1253,1254,516,-1,516,1254,518,-1,518,1254,525,-1,525,1254,1255,-1,525,1255,1256,-1,525,1256,524,-1,524,1256,1257,-1,524,1257,523,-1,523,1257,1258,-1,523,1258,539,-1,539,1258,1259,-1,539,1259,536,-1,536,1259,1260,-1,536,1260,534,-1,534,1260,1261,-1,534,1261,533,-1,533,1261,1262,-1,533,1262,535,-1,535,1262,1263,-1,535,1263,537,-1,537,1263,1264,-1,537,1264,538,-1,538,1264,1265,-1,538,1265,519,-1,1253,1266,1254,-1,1254,1266,1265,-1,1253,1267,1266,-1,1266,1267,1268,-1,1266,1268,1269,-1,1257,1256,1265,-1,1265,1256,1255,-1,1265,1255,1254,-1,1270,1271,1272,-1,1272,1271,1273,-1,1272,1273,1274,-1,1269,1275,1266,-1,1266,1275,1271,-1,1266,1271,1276,-1,1276,1271,1270,-1,1261,1260,1262,-1,1262,1260,1259,-1,1262,1259,1263,-1,1263,1259,1264,-1,1264,1259,1265,-1,1265,1259,1258,-1,1265,1258,1257,-1,519,1265,517,-1,517,1265,1266,-1,520,1267,516,-1,516,1267,1253,-1,517,1266,1276,-1,517,1276,532,-1,532,1276,1270,-1,532,1270,526,-1,526,1270,1272,-1,526,1272,528,-1,528,1272,1274,-1,528,1274,530,-1,530,1274,1273,-1,530,1273,529,-1,529,1273,1271,-1,529,1271,527,-1,527,1271,1275,-1,527,1275,531,-1,531,1275,1269,-1,531,1269,522,-1,522,1269,1268,-1,522,1268,521,-1,521,1268,1267,-1,521,1267,520,-1,657,656,659,-1,659,656,658,-1,1277,1278,658,-1,658,1278,659,-1,1279,1278,1280,-1,1280,1278,1277,-1,659,1278,657,-1,657,1278,1279,-1,656,1280,658,-1,658,1280,1277,-1,657,1279,656,-1,656,1279,1280,-1,466,465,476,-1,476,465,464,-1,472,471,464,-1,471,470,464,-1,464,470,467,-1,464,467,468,-1,475,474,464,-1,464,474,473,-1,464,473,472,-1,468,469,464,-1,464,469,483,-1,464,483,482,-1,489,488,464,-1,464,488,487,-1,464,487,486,-1,486,485,464,-1,464,485,484,-1,464,484,475,-1,482,481,464,-1,464,481,480,-1,464,480,479,-1,479,478,464,-1,464,478,477,-1,464,477,476,-1,471,1281,470,-1,470,1281,1282,-1,470,1282,1283,-1,470,1283,467,-1,467,1283,1284,-1,467,1284,468,-1,468,1284,1285,-1,468,1285,469,-1,469,1285,1286,-1,469,1286,483,-1,483,1286,1287,-1,483,1287,482,-1,482,1287,1288,-1,482,1288,481,-1,481,1288,1289,-1,481,1289,480,-1,480,1289,1290,-1,480,1290,479,-1,479,1290,1291,-1,479,1291,478,-1,478,1291,1292,-1,478,1292,477,-1,477,1292,1293,-1,477,1293,476,-1,1294,1295,1282,-1,1282,1295,1293,-1,1282,1293,1283,-1,1286,1285,1292,-1,1290,1289,1288,-1,1292,1285,1293,-1,1293,1285,1284,-1,1293,1284,1283,-1,1294,1282,1296,-1,1296,1282,1281,-1,1296,1281,1297,-1,1290,1288,1291,-1,1297,1298,1296,-1,1296,1298,1299,-1,1296,1299,1300,-1,1291,1288,1292,-1,1292,1288,1287,-1,1292,1287,1286,-1,1300,1301,1296,-1,1296,1301,1302,-1,1296,1302,1303,-1,1303,1304,1296,-1,1296,1304,1305,-1,1296,1305,1306,-1,1295,1294,466,-1,466,1294,465,-1,464,1296,1306,-1,464,1306,489,-1,489,1306,1305,-1,489,1305,488,-1,488,1305,1304,-1,488,1304,487,-1,487,1304,1303,-1,487,1303,486,-1,486,1303,1302,-1,486,1302,485,-1,485,1302,1301,-1,485,1301,484,-1,484,1301,1300,-1,484,1300,475,-1,475,1300,1299,-1,475,1299,474,-1,474,1299,1298,-1,474,1298,473,-1,473,1298,1297,-1,473,1297,472,-1,472,1297,1281,-1,472,1281,471,-1,465,1294,464,-1,464,1294,1296,-1,476,1293,466,-1,466,1293,1295,-1,162,166,156,-1,159,157,158,-1,159,158,172,-1,167,162,157,-1,157,162,156,-1,157,156,158,-1,167,161,162,-1,162,161,160,-1,162,160,165,-1,165,171,162,-1,162,171,170,-1,162,170,169,-1,169,164,162,-1,162,164,163,-1,162,163,168,-1,158,177,172,-1,172,177,178,-1,172,178,179,-1,176,175,172,-1,172,175,174,-1,172,174,173,-1,179,181,172,-1,172,181,180,-1,172,180,176,-1,156,1307,158,-1,158,1307,1308,-1,158,1308,1309,-1,158,1309,177,-1,177,1309,1310,-1,177,1310,178,-1,178,1310,1311,-1,178,1311,179,-1,179,1311,1312,-1,179,1312,181,-1,181,1312,1313,-1,181,1313,180,-1,180,1313,1314,-1,180,1314,176,-1,176,1314,1315,-1,176,1315,175,-1,175,1315,1316,-1,175,1316,174,-1,174,1316,1317,-1,174,1317,173,-1,173,1317,1318,-1,173,1318,172,-1,172,1318,1319,-1,172,1319,159,-1,159,1319,157,-1,157,1319,1320,-1,1320,1319,1321,-1,1322,1323,1321,-1,1321,1323,1324,-1,1321,1324,1320,-1,1319,1318,1321,-1,1321,1318,1317,-1,1321,1317,1316,-1,1307,1325,1308,-1,1308,1325,1321,-1,1308,1321,1309,-1,1309,1321,1310,-1,1326,1327,1328,-1,1316,1315,1321,-1,1321,1315,1314,-1,1321,1314,1313,-1,1322,1321,1328,-1,1328,1321,1329,-1,1328,1329,1326,-1,1313,1312,1321,-1,1321,1312,1311,-1,1321,1311,1310,-1,1327,1330,1328,-1,1328,1330,1331,-1,1328,1331,1332,-1,157,1320,1324,-1,157,1324,167,-1,167,1324,1323,-1,167,1323,161,-1,161,1323,1322,-1,161,1322,160,-1,160,1322,1328,-1,160,1328,165,-1,165,1328,1332,-1,165,1332,171,-1,171,1332,1331,-1,171,1331,170,-1,170,1331,1330,-1,170,1330,169,-1,169,1330,1327,-1,169,1327,164,-1,164,1327,1326,-1,164,1326,163,-1,163,1326,1329,-1,163,1329,168,-1,168,1329,1321,-1,168,1321,162,-1,1325,1307,166,-1,166,1307,156,-1,162,1321,166,-1,166,1321,1325,-1,648,649,646,-1,646,649,647,-1,646,647,644,-1,644,647,645,-1,644,1333,646,-1,646,1333,1334,-1,1335,1336,648,-1,648,1336,649,-1,1333,1337,1334,-1,1334,1337,1338,-1,1334,1338,1335,-1,1335,1338,1336,-1,649,1336,647,-1,647,1336,1338,-1,1337,1333,645,-1,645,1333,644,-1,647,1338,645,-1,645,1338,1337,-1,646,1334,648,-1,648,1334,1335,-1,800,787,802,-1,785,784,787,-1,787,784,786,-1,793,792,787,-1,792,791,787,-1,787,791,790,-1,787,790,789,-1,786,799,787,-1,787,799,798,-1,787,798,795,-1,795,796,787,-1,787,796,797,-1,787,797,809,-1,789,788,787,-1,787,788,807,-1,787,807,802,-1,804,802,805,-1,805,802,806,-1,804,803,802,-1,802,803,801,-1,802,801,800,-1,809,808,787,-1,787,808,794,-1,787,794,793,-1,784,1339,786,-1,786,1339,1340,-1,786,1340,1341,-1,786,1341,799,-1,799,1341,1342,-1,799,1342,798,-1,798,1342,1343,-1,798,1343,795,-1,795,1343,1344,-1,795,1344,796,-1,796,1344,1345,-1,796,1345,797,-1,797,1345,1346,-1,797,1346,809,-1,809,1346,1347,-1,809,1347,808,-1,808,1347,1348,-1,808,1348,794,-1,794,1348,1349,-1,794,1349,793,-1,793,1349,1350,-1,793,1350,792,-1,792,1350,1351,-1,792,1351,791,-1,791,1351,790,-1,790,1351,1352,-1,1340,1339,1353,-1,1352,1351,1354,-1,1354,1351,1353,-1,1349,1348,1340,-1,1353,1351,1340,-1,1340,1351,1350,-1,1340,1350,1349,-1,1354,1355,1356,-1,1348,1347,1346,-1,1346,1345,1348,-1,1348,1345,1344,-1,1348,1344,1343,-1,1343,1342,1348,-1,1348,1342,1341,-1,1348,1341,1340,-1,1356,1357,1354,-1,1354,1357,1358,-1,1354,1358,1352,-1,1354,1359,1355,-1,1355,1359,1360,-1,1355,1360,1361,-1,1361,1362,1355,-1,1355,1362,1363,-1,1355,1363,1364,-1,790,1352,1358,-1,790,1358,789,-1,789,1358,1357,-1,789,1357,788,-1,788,1357,1356,-1,788,1356,807,-1,807,1356,1355,-1,807,1355,802,-1,802,1355,1364,-1,802,1364,806,-1,806,1364,1363,-1,806,1363,805,-1,805,1363,1362,-1,805,1362,804,-1,804,1362,1361,-1,804,1361,803,-1,803,1361,1360,-1,803,1360,801,-1,801,1360,1359,-1,801,1359,800,-1,800,1359,1354,-1,800,1354,787,-1,1353,1339,785,-1,785,1339,784,-1,787,1354,785,-1,785,1354,1353,-1,106,105,104,-1,104,105,109,-1,104,109,111,-1,127,126,118,-1,114,113,106,-1,106,113,107,-1,106,107,105,-1,124,125,123,-1,121,120,108,-1,108,120,119,-1,105,112,109,-1,109,112,108,-1,109,108,110,-1,110,108,119,-1,127,118,128,-1,117,116,106,-1,106,116,115,-1,106,115,114,-1,124,123,108,-1,108,123,122,-1,108,122,121,-1,117,106,118,-1,118,106,129,-1,118,129,128,-1,104,1365,106,-1,106,1365,1366,-1,106,1366,1367,-1,106,1367,129,-1,129,1367,1368,-1,129,1368,128,-1,128,1368,1369,-1,128,1369,127,-1,127,1369,1370,-1,127,1370,126,-1,126,1370,1371,-1,126,1371,118,-1,118,1371,1372,-1,118,1372,117,-1,117,1372,1373,-1,117,1373,116,-1,116,1373,1374,-1,116,1374,115,-1,115,1374,1375,-1,115,1375,114,-1,114,1375,1376,-1,114,1376,113,-1,113,1376,1377,-1,113,1377,107,-1,107,1377,105,-1,105,1377,1378,-1,1366,1365,1379,-1,1375,1374,1366,-1,1380,1378,1379,-1,1379,1378,1377,-1,1379,1377,1366,-1,1366,1377,1376,-1,1366,1376,1375,-1,1374,1373,1366,-1,1366,1373,1372,-1,1366,1372,1371,-1,1381,1382,1380,-1,1380,1382,1383,-1,1380,1383,1378,-1,1371,1370,1369,-1,1369,1368,1371,-1,1371,1368,1367,-1,1371,1367,1366,-1,1381,1384,1382,-1,1382,1384,1385,-1,1382,1385,1386,-1,1386,1387,1382,-1,1382,1387,1388,-1,1382,1388,1389,-1,1389,1388,1390,-1,105,1378,1383,-1,105,1383,112,-1,112,1383,1382,-1,112,1382,108,-1,108,1382,1389,-1,108,1389,124,-1,124,1389,1390,-1,124,1390,125,-1,125,1390,1388,-1,125,1388,123,-1,123,1388,1387,-1,123,1387,122,-1,122,1387,1386,-1,122,1386,121,-1,121,1386,1385,-1,121,1385,120,-1,120,1385,1384,-1,120,1384,119,-1,119,1384,1381,-1,119,1381,110,-1,110,1381,1380,-1,110,1380,109,-1,1379,1365,111,-1,111,1365,104,-1,109,1380,111,-1,111,1380,1379,-1,737,734,738,-1,734,733,738,-1,738,733,732,-1,738,732,743,-1,743,732,739,-1,746,745,744,-1,744,745,742,-1,744,742,732,-1,732,742,741,-1,732,741,751,-1,751,750,732,-1,732,750,740,-1,732,740,739,-1,738,736,737,-1,737,736,735,-1,737,735,757,-1,754,755,753,-1,757,749,737,-1,737,749,748,-1,737,748,756,-1,756,748,747,-1,754,753,748,-1,748,753,752,-1,748,752,747,-1,733,1391,732,-1,732,1391,1392,-1,732,1392,1393,-1,732,1393,744,-1,744,1393,1394,-1,744,1394,746,-1,746,1394,1395,-1,746,1395,745,-1,745,1395,1396,-1,745,1396,742,-1,742,1396,1397,-1,742,1397,741,-1,741,1397,1398,-1,741,1398,751,-1,751,1398,1399,-1,751,1399,750,-1,750,1399,1400,-1,750,1400,740,-1,740,1400,1401,-1,740,1401,739,-1,739,1401,1402,-1,739,1402,743,-1,743,1402,1403,-1,743,1403,738,-1,738,1403,736,-1,736,1403,1404,-1,1392,1391,1405,-1,1406,1404,1407,-1,1407,1404,1403,-1,1407,1403,1405,-1,1401,1400,1392,-1,1397,1396,1392,-1,1405,1403,1392,-1,1392,1403,1402,-1,1392,1402,1401,-1,1392,1396,1393,-1,1393,1396,1395,-1,1393,1395,1394,-1,1408,1409,1410,-1,1400,1399,1392,-1,1392,1399,1398,-1,1392,1398,1397,-1,1408,1411,1409,-1,1409,1411,1412,-1,1409,1412,1413,-1,1413,1412,1414,-1,1407,1415,1406,-1,1406,1415,1408,-1,1406,1408,1416,-1,1416,1408,1410,-1,736,1404,1406,-1,736,1406,735,-1,735,1406,1416,-1,735,1416,757,-1,757,1416,1410,-1,757,1410,749,-1,749,1410,1409,-1,749,1409,748,-1,748,1409,1413,-1,748,1413,754,-1,754,1413,1414,-1,754,1414,755,-1,755,1414,1412,-1,755,1412,753,-1,753,1412,1411,-1,753,1411,752,-1,752,1411,1408,-1,752,1408,747,-1,747,1408,1415,-1,747,1415,756,-1,756,1415,1407,-1,756,1407,737,-1,1405,1391,734,-1,734,1391,733,-1,737,1407,734,-1,734,1407,1405,-1,417,416,428,-1,431,429,430,-1,421,420,417,-1,430,429,428,-1,428,429,418,-1,428,418,417,-1,417,418,422,-1,417,422,421,-1,420,419,417,-1,417,419,427,-1,417,427,424,-1,423,425,424,-1,424,425,426,-1,424,426,417,-1,435,434,433,-1,437,436,430,-1,430,436,432,-1,430,432,431,-1,430,438,437,-1,437,438,435,-1,437,435,439,-1,439,435,433,-1,428,1417,430,-1,430,1417,1418,-1,430,1418,1419,-1,430,1419,438,-1,438,1419,1420,-1,438,1420,435,-1,435,1420,1421,-1,435,1421,434,-1,434,1421,1422,-1,434,1422,433,-1,433,1422,1423,-1,433,1423,439,-1,439,1423,1424,-1,439,1424,437,-1,437,1424,1425,-1,437,1425,436,-1,436,1425,1426,-1,436,1426,432,-1,432,1426,1427,-1,432,1427,431,-1,431,1427,1428,-1,431,1428,429,-1,429,1428,418,-1,418,1428,1429,-1,1430,1431,1429,-1,1432,1433,1431,-1,1433,1434,1431,-1,1431,1434,1435,-1,1431,1435,1429,-1,1436,1437,1438,-1,1438,1437,1439,-1,1439,1437,1431,-1,1431,1437,1440,-1,1431,1440,1432,-1,1430,1429,1417,-1,1417,1429,1428,-1,1417,1428,1418,-1,1418,1428,1427,-1,1418,1427,1426,-1,1422,1421,1420,-1,1426,1425,1418,-1,1418,1425,1424,-1,1418,1424,1419,-1,1419,1424,1420,-1,1420,1424,1423,-1,1420,1423,1422,-1,418,1429,1435,-1,418,1435,422,-1,422,1435,1434,-1,422,1434,421,-1,421,1434,1433,-1,421,1433,420,-1,420,1433,1432,-1,420,1432,419,-1,419,1432,1440,-1,419,1440,427,-1,427,1440,1437,-1,427,1437,424,-1,424,1437,1436,-1,424,1436,423,-1,423,1436,1438,-1,423,1438,425,-1,425,1438,1439,-1,425,1439,426,-1,426,1439,1431,-1,426,1431,417,-1,1430,1417,416,-1,416,1417,428,-1,417,1431,416,-1,416,1431,1430,-1,367,365,364,-1,371,366,370,-1,374,367,366,-1,366,367,364,-1,366,364,370,-1,379,378,369,-1,389,388,387,-1,385,384,370,-1,370,384,383,-1,370,383,382,-1,382,381,370,-1,370,381,372,-1,370,372,371,-1,374,373,367,-1,367,373,368,-1,367,368,369,-1,369,368,380,-1,369,380,379,-1,378,377,369,-1,369,377,376,-1,369,376,375,-1,389,387,370,-1,370,387,386,-1,370,386,385,-1,371,1441,366,-1,366,1441,1442,-1,366,1442,1443,-1,366,1443,374,-1,374,1443,1444,-1,374,1444,373,-1,373,1444,1445,-1,373,1445,368,-1,368,1445,1446,-1,368,1446,380,-1,380,1446,1447,-1,380,1447,379,-1,379,1447,1448,-1,379,1448,378,-1,378,1448,1449,-1,378,1449,377,-1,377,1449,1450,-1,377,1450,376,-1,376,1450,1451,-1,376,1451,375,-1,375,1451,1452,-1,375,1452,369,-1,369,1452,1453,-1,369,1453,367,-1,1454,1455,1442,-1,1442,1455,1453,-1,1445,1453,1452,-1,1454,1442,1456,-1,1456,1442,1441,-1,1456,1441,1457,-1,1445,1444,1453,-1,1453,1444,1443,-1,1453,1443,1442,-1,1451,1450,1452,-1,1452,1450,1449,-1,1452,1449,1448,-1,1448,1447,1452,-1,1452,1447,1446,-1,1452,1446,1445,-1,1457,1458,1456,-1,1456,1458,1459,-1,1456,1459,1460,-1,1460,1461,1456,-1,1456,1461,1462,-1,1456,1462,1463,-1,1463,1464,1456,-1,1456,1464,1465,-1,1456,1465,1466,-1,1455,1454,365,-1,365,1454,364,-1,370,1456,1466,-1,370,1466,389,-1,389,1466,1465,-1,389,1465,388,-1,388,1465,1464,-1,388,1464,387,-1,387,1464,1463,-1,387,1463,386,-1,386,1463,1462,-1,386,1462,385,-1,385,1462,1461,-1,385,1461,384,-1,384,1461,1460,-1,384,1460,383,-1,383,1460,1459,-1,383,1459,382,-1,382,1459,1458,-1,382,1458,381,-1,381,1458,1457,-1,381,1457,372,-1,372,1457,1441,-1,372,1441,371,-1,364,1454,370,-1,370,1454,1456,-1,367,1453,365,-1,365,1453,1455,-1,637,636,639,-1,639,636,638,-1,1467,1468,638,-1,638,1468,639,-1,1469,1468,1470,-1,1470,1468,1467,-1,639,1468,637,-1,637,1468,1469,-1,636,1470,638,-1,638,1470,1467,-1,637,1469,636,-1,636,1469,1470,-1,53,52,57,-1,55,54,56,-1,56,54,57,-1,57,54,53,-1,53,54,66,-1,53,66,65,-1,65,64,53,-1,53,64,63,-1,53,63,62,-1,58,53,59,-1,59,53,60,-1,71,70,56,-1,62,61,53,-1,53,61,67,-1,53,67,60,-1,77,76,73,-1,73,76,75,-1,73,75,74,-1,77,73,56,-1,56,73,72,-1,56,72,71,-1,70,69,56,-1,56,69,68,-1,56,68,55,-1,57,1471,56,-1,56,1471,1472,-1,56,1472,1473,-1,56,1473,77,-1,77,1473,1474,-1,77,1474,76,-1,76,1474,1475,-1,76,1475,75,-1,75,1475,1476,-1,75,1476,74,-1,74,1476,1477,-1,74,1477,73,-1,73,1477,1478,-1,73,1478,72,-1,72,1478,1479,-1,72,1479,71,-1,71,1479,1480,-1,71,1480,70,-1,70,1480,1481,-1,70,1481,69,-1,69,1481,1482,-1,69,1482,68,-1,68,1482,1483,-1,68,1483,55,-1,55,1483,54,-1,54,1483,1484,-1,1471,1485,1472,-1,1472,1485,1486,-1,1487,1484,1486,-1,1487,1486,1488,-1,1484,1483,1486,-1,1486,1483,1482,-1,1486,1482,1481,-1,1489,1490,1486,-1,1491,1492,1493,-1,1490,1494,1486,-1,1486,1494,1495,-1,1486,1495,1488,-1,1481,1480,1486,-1,1486,1480,1479,-1,1486,1479,1478,-1,1478,1477,1486,-1,1486,1477,1476,-1,1486,1476,1475,-1,1475,1474,1486,-1,1486,1474,1473,-1,1486,1473,1472,-1,1491,1493,1486,-1,1486,1493,1496,-1,1486,1496,1489,-1,54,1484,1487,-1,54,1487,66,-1,66,1487,1488,-1,66,1488,65,-1,65,1488,1495,-1,65,1495,64,-1,64,1495,1494,-1,64,1494,63,-1,63,1494,1490,-1,63,1490,62,-1,62,1490,1489,-1,62,1489,61,-1,61,1489,1496,-1,61,1496,67,-1,67,1496,1493,-1,67,1493,60,-1,60,1493,1492,-1,60,1492,59,-1,59,1492,1491,-1,59,1491,58,-1,58,1491,1486,-1,58,1486,53,-1,1485,1471,52,-1,52,1471,57,-1,53,1486,52,-1,52,1486,1485,-1,629,628,631,-1,631,628,630,-1,628,1497,630,-1,630,1497,1498,-1,1499,1498,1500,-1,1500,1498,1497,-1,630,1498,631,-1,631,1498,1499,-1,1500,1497,629,-1,629,1497,628,-1,631,1499,629,-1,629,1499,1500,-1,314,313,324,-1,324,313,312,-1,324,312,325,-1,329,322,312,-1,312,322,321,-1,312,321,316,-1,316,315,312,-1,312,315,328,-1,312,328,327,-1,327,320,312,-1,312,320,319,-1,312,319,333,-1,330,331,318,-1,318,331,335,-1,318,335,334,-1,333,332,312,-1,312,332,326,-1,312,326,325,-1,330,318,329,-1,329,318,317,-1,329,317,337,-1,337,336,329,-1,329,336,323,-1,329,323,322,-1,322,1501,321,-1,321,1501,1502,-1,321,1502,1503,-1,321,1503,316,-1,316,1503,1504,-1,316,1504,315,-1,315,1504,1505,-1,315,1505,328,-1,328,1505,1506,-1,328,1506,327,-1,327,1506,1507,-1,327,1507,320,-1,320,1507,1508,-1,320,1508,319,-1,319,1508,1509,-1,319,1509,333,-1,333,1509,1510,-1,333,1510,332,-1,332,1510,1511,-1,332,1511,326,-1,326,1511,1512,-1,326,1512,325,-1,325,1512,1513,-1,325,1513,324,-1,1514,1515,1502,-1,1502,1515,1513,-1,1502,1513,1503,-1,1503,1513,1504,-1,1514,1502,1516,-1,1516,1502,1501,-1,1516,1501,1517,-1,1518,1519,1516,-1,1510,1509,1511,-1,1511,1509,1512,-1,1512,1509,1513,-1,1513,1509,1508,-1,1513,1508,1507,-1,1507,1506,1513,-1,1513,1506,1505,-1,1513,1505,1504,-1,1520,1516,1521,-1,1521,1516,1522,-1,1517,1523,1516,-1,1516,1523,1524,-1,1516,1524,1518,-1,1519,1525,1516,-1,1516,1525,1526,-1,1516,1526,1522,-1,1515,1514,314,-1,314,1514,313,-1,312,1516,1520,-1,312,1520,329,-1,329,1520,1521,-1,329,1521,330,-1,330,1521,1522,-1,330,1522,331,-1,331,1522,1526,-1,331,1526,335,-1,335,1526,1525,-1,335,1525,334,-1,334,1525,1519,-1,334,1519,318,-1,318,1519,1518,-1,318,1518,317,-1,317,1518,1524,-1,317,1524,337,-1,337,1524,1523,-1,337,1523,336,-1,336,1523,1517,-1,336,1517,323,-1,323,1517,1501,-1,323,1501,322,-1,313,1514,312,-1,312,1514,1516,-1,324,1513,314,-1,314,1513,1515,-1,1,0,5,-1,3,2,4,-1,4,2,5,-1,6,1,7,-1,5,2,1,-1,1,2,8,-1,1,8,7,-1,15,13,9,-1,19,18,4,-1,6,7,9,-1,9,7,14,-1,9,14,15,-1,13,12,9,-1,9,12,11,-1,9,11,10,-1,25,24,21,-1,21,24,23,-1,21,23,22,-1,25,21,4,-1,4,21,20,-1,4,20,19,-1,18,17,4,-1,4,17,16,-1,4,16,3,-1,5,1527,4,-1,4,1527,1528,-1,4,1528,1529,-1,4,1529,25,-1,25,1529,1530,-1,25,1530,24,-1,24,1530,1531,-1,24,1531,23,-1,23,1531,1532,-1,23,1532,22,-1,22,1532,1533,-1,22,1533,21,-1,21,1533,1534,-1,21,1534,20,-1,20,1534,1535,-1,20,1535,19,-1,19,1535,1536,-1,19,1536,18,-1,18,1536,1537,-1,18,1537,17,-1,17,1537,1538,-1,17,1538,16,-1,16,1538,1539,-1,16,1539,3,-1,3,1539,2,-1,2,1539,1540,-1,1527,1541,1528,-1,1528,1541,1542,-1,1540,1539,1542,-1,1542,1539,1538,-1,1542,1538,1537,-1,1543,1544,1542,-1,1542,1544,1545,-1,1542,1545,1540,-1,1537,1536,1542,-1,1542,1536,1535,-1,1542,1535,1534,-1,1534,1533,1542,-1,1542,1533,1532,-1,1542,1532,1531,-1,1531,1530,1542,-1,1542,1530,1529,-1,1542,1529,1528,-1,1543,1546,1544,-1,1544,1546,1547,-1,1544,1547,1548,-1,1548,1549,1544,-1,1544,1549,1550,-1,1544,1550,1551,-1,1551,1550,1552,-1,2,1540,1545,-1,2,1545,8,-1,8,1545,1544,-1,8,1544,7,-1,7,1544,1551,-1,7,1551,14,-1,14,1551,1552,-1,14,1552,15,-1,15,1552,1550,-1,15,1550,13,-1,13,1550,1549,-1,13,1549,12,-1,12,1549,1548,-1,12,1548,11,-1,11,1548,1547,-1,11,1547,10,-1,10,1547,1546,-1,10,1546,9,-1,9,1546,1543,-1,9,1543,6,-1,6,1543,1542,-1,6,1542,1,-1,1541,1527,0,-1,0,1527,5,-1,1,1542,0,-1,0,1542,1541,-1,692,691,685,-1,685,691,693,-1,689,688,685,-1,688,687,685,-1,685,687,686,-1,685,686,684,-1,700,699,685,-1,685,699,690,-1,685,690,689,-1,693,694,685,-1,685,694,695,-1,685,695,705,-1,684,683,685,-1,685,683,702,-1,685,702,681,-1,681,680,685,-1,685,680,703,-1,685,703,698,-1,698,697,685,-1,685,697,696,-1,685,696,682,-1,705,704,685,-1,685,704,701,-1,685,701,700,-1,691,1553,693,-1,693,1553,1554,-1,693,1554,1555,-1,693,1555,694,-1,694,1555,1556,-1,694,1556,695,-1,695,1556,1557,-1,695,1557,705,-1,705,1557,1558,-1,705,1558,704,-1,704,1558,1559,-1,704,1559,701,-1,701,1559,1560,-1,701,1560,700,-1,700,1560,1561,-1,700,1561,699,-1,699,1561,1562,-1,699,1562,690,-1,690,1562,1563,-1,690,1563,689,-1,689,1563,1564,-1,689,1564,688,-1,688,1564,1565,-1,688,1565,687,-1,687,1565,686,-1,686,1565,1566,-1,1554,1553,1567,-1,1565,1567,1568,-1,1555,1554,1559,-1,1563,1562,1554,-1,1569,1570,1568,-1,1568,1570,1566,-1,1568,1566,1565,-1,1571,1572,1573,-1,1567,1565,1554,-1,1554,1565,1564,-1,1554,1564,1563,-1,1562,1561,1554,-1,1554,1561,1560,-1,1554,1560,1559,-1,1574,1575,1576,-1,1573,1572,1568,-1,1568,1572,1577,-1,1568,1577,1569,-1,1558,1557,1559,-1,1559,1557,1556,-1,1559,1556,1555,-1,1574,1576,1573,-1,1573,1576,1578,-1,1573,1578,1571,-1,686,1566,1570,-1,686,1570,684,-1,684,1570,1569,-1,684,1569,683,-1,683,1569,1577,-1,683,1577,702,-1,702,1577,1572,-1,702,1572,681,-1,681,1572,1571,-1,681,1571,680,-1,680,1571,1578,-1,680,1578,703,-1,703,1578,1576,-1,703,1576,698,-1,698,1576,1575,-1,698,1575,697,-1,697,1575,1574,-1,697,1574,696,-1,696,1574,1573,-1,696,1573,682,-1,682,1573,1568,-1,682,1568,685,-1,1567,1553,692,-1,692,1553,691,-1,685,1568,692,-1,692,1568,1567,-1,264,260,263,-1,269,268,260,-1,263,260,261,-1,261,260,268,-1,261,268,262,-1,260,271,278,-1,279,280,281,-1,276,275,274,-1,274,275,273,-1,274,273,260,-1,260,273,272,-1,260,272,271,-1,284,267,263,-1,263,267,266,-1,263,266,283,-1,278,277,260,-1,260,277,270,-1,260,270,269,-1,279,281,263,-1,263,281,285,-1,263,285,284,-1,283,282,263,-1,263,282,265,-1,263,265,264,-1,264,1579,260,-1,260,1579,1580,-1,260,1580,1581,-1,260,1581,274,-1,274,1581,1582,-1,274,1582,276,-1,276,1582,1583,-1,276,1583,275,-1,275,1583,1584,-1,275,1584,273,-1,273,1584,1585,-1,273,1585,272,-1,272,1585,1586,-1,272,1586,271,-1,271,1586,1587,-1,271,1587,278,-1,278,1587,1588,-1,278,1588,277,-1,277,1588,1589,-1,277,1589,270,-1,270,1589,1590,-1,270,1590,269,-1,269,1590,1591,-1,269,1591,268,-1,1580,1592,1593,-1,1592,1580,1594,-1,1594,1580,1579,-1,1594,1579,1595,-1,1596,1597,1594,-1,1593,1591,1580,-1,1580,1591,1590,-1,1580,1590,1589,-1,1586,1585,1580,-1,1580,1585,1584,-1,1580,1584,1581,-1,1581,1584,1583,-1,1581,1583,1582,-1,1589,1588,1580,-1,1580,1588,1587,-1,1580,1587,1586,-1,1598,1594,1599,-1,1599,1594,1600,-1,1595,1601,1594,-1,1594,1601,1602,-1,1594,1602,1596,-1,1597,1603,1594,-1,1594,1603,1604,-1,1594,1604,1600,-1,1593,1592,262,-1,262,1592,261,-1,263,1594,1598,-1,263,1598,279,-1,279,1598,1599,-1,279,1599,280,-1,280,1599,1600,-1,280,1600,281,-1,281,1600,1604,-1,281,1604,285,-1,285,1604,1603,-1,285,1603,284,-1,284,1603,1597,-1,284,1597,267,-1,267,1597,1596,-1,267,1596,266,-1,266,1596,1602,-1,266,1602,283,-1,283,1602,1601,-1,283,1601,282,-1,282,1601,1595,-1,282,1595,265,-1,265,1595,1579,-1,265,1579,264,-1,261,1592,263,-1,263,1592,1594,-1,268,1591,262,-1,262,1591,1593,-1,1605,1606,1607,-1,1608,1605,1609,-1,1610,1611,1612,-1,1612,1611,1613,-1,1612,1613,1607,-1,1607,1613,1605,-1,1605,1613,1614,-1,1605,1614,1609,-1,1615,1609,1616,-1,1615,1617,1609,-1,1609,1617,1618,-1,1609,1618,1608,-1,1619,1620,1621,-1,1621,1620,1622,-1,1623,1624,1625,-1,1625,1624,1620,-1,1625,1620,1626,-1,1626,1620,1619,-1,1610,1612,1625,-1,1625,1612,1627,-1,1625,1627,1623,-1,1628,1629,1616,-1,1616,1629,1630,-1,1616,1630,1615,-1,1607,1631,1612,-1,1612,1631,1632,-1,1612,1632,1633,-1,1612,1633,1627,-1,1627,1633,1634,-1,1627,1634,1623,-1,1623,1634,1635,-1,1623,1635,1624,-1,1624,1635,1636,-1,1624,1636,1620,-1,1620,1636,1637,-1,1620,1637,1622,-1,1622,1637,1638,-1,1622,1638,1621,-1,1621,1638,1639,-1,1621,1639,1619,-1,1619,1639,1640,-1,1619,1640,1626,-1,1626,1640,1641,-1,1626,1641,1625,-1,1625,1641,1642,-1,1625,1642,1610,-1,1610,1642,1643,-1,1610,1643,1611,-1,1611,1643,1613,-1,1613,1643,1644,-1,1645,1646,1647,-1,1647,1646,1644,-1,1647,1644,1648,-1,1643,1632,1644,-1,1644,1632,1631,-1,1644,1631,1648,-1,1643,1642,1632,-1,1632,1642,1641,-1,1632,1641,1633,-1,1633,1641,1634,-1,1647,1649,1645,-1,1645,1649,1650,-1,1645,1650,1651,-1,1640,1639,1636,-1,1636,1639,1638,-1,1636,1638,1637,-1,1640,1636,1641,-1,1641,1636,1635,-1,1641,1635,1634,-1,1651,1652,1645,-1,1645,1652,1653,-1,1645,1653,1654,-1,1654,1653,1655,-1,1654,1655,1656,-1,1613,1644,1646,-1,1613,1646,1614,-1,1614,1646,1645,-1,1614,1645,1609,-1,1609,1645,1654,-1,1609,1654,1616,-1,1616,1654,1656,-1,1616,1656,1628,-1,1628,1656,1655,-1,1628,1655,1629,-1,1629,1655,1653,-1,1629,1653,1630,-1,1630,1653,1652,-1,1630,1652,1615,-1,1615,1652,1651,-1,1615,1651,1617,-1,1617,1651,1650,-1,1617,1650,1618,-1,1618,1650,1649,-1,1618,1649,1608,-1,1608,1649,1647,-1,1608,1647,1605,-1,1648,1631,1606,-1,1606,1631,1607,-1,1605,1647,1606,-1,1606,1647,1648,-1,1607,1613,1612,-1,1612,1613,1611,-1,1607,1606,1613,-1,1613,1606,1605,-1,1613,1605,1614,-1,1614,1605,1609,-1,1605,1608,1609,-1,1609,1608,1618,-1,1609,1618,1617,-1,1611,1610,1612,-1,1612,1610,1625,-1,1612,1625,1627,-1,1627,1625,1623,-1,1626,1619,1620,-1,1620,1619,1621,-1,1620,1621,1622,-1,1617,1615,1609,-1,1609,1615,1630,-1,1609,1630,1616,-1,1616,1630,1629,-1,1616,1629,1628,-1,1626,1620,1625,-1,1625,1620,1624,-1,1625,1624,1623,-1,1657,1658,1606,-1,1606,1658,1605,-1,1658,1657,1659,-1,1660,1658,1661,-1,1662,1663,1664,-1,1664,1663,1665,-1,1664,1665,1659,-1,1659,1665,1658,-1,1658,1665,1666,-1,1658,1666,1661,-1,1667,1661,1668,-1,1667,1669,1661,-1,1661,1669,1670,-1,1661,1670,1660,-1,1671,1672,1673,-1,1673,1672,1674,-1,1675,1676,1677,-1,1677,1676,1672,-1,1677,1672,1678,-1,1678,1672,1671,-1,1662,1664,1677,-1,1677,1664,1679,-1,1677,1679,1675,-1,1680,1681,1668,-1,1668,1681,1682,-1,1668,1682,1667,-1,1665,1613,1614,-1,1665,1614,1666,-1,1666,1614,1609,-1,1666,1609,1661,-1,1661,1609,1616,-1,1661,1616,1668,-1,1668,1616,1628,-1,1668,1628,1680,-1,1680,1628,1629,-1,1680,1629,1681,-1,1681,1629,1630,-1,1681,1630,1682,-1,1682,1630,1615,-1,1682,1615,1667,-1,1667,1615,1617,-1,1667,1617,1669,-1,1669,1617,1618,-1,1669,1618,1670,-1,1670,1618,1608,-1,1670,1608,1660,-1,1660,1608,1605,-1,1660,1605,1658,-1,1665,1663,1613,-1,1613,1663,1611,-1,1664,1612,1627,-1,1664,1627,1679,-1,1679,1627,1623,-1,1679,1623,1675,-1,1675,1623,1624,-1,1675,1624,1676,-1,1676,1624,1620,-1,1676,1620,1672,-1,1672,1620,1622,-1,1672,1622,1674,-1,1674,1622,1621,-1,1674,1621,1673,-1,1673,1621,1619,-1,1673,1619,1671,-1,1671,1619,1626,-1,1671,1626,1678,-1,1678,1626,1625,-1,1678,1625,1677,-1,1677,1625,1610,-1,1677,1610,1662,-1,1662,1610,1611,-1,1662,1611,1663,-1,1664,1659,1612,-1,1612,1659,1607,-1,1657,1606,1659,-1,1659,1606,1607,-1,
        ]
    }
}
Shape{
    appearance Appearance {
        material  Material 	{
            diffuseColor 0.10980392156862745 0.10980392156862745 0.10980392156862745
            specularColor 0.0784313725490196 0.0784313725490196 0.0784313725490196
            ambientIntensity 0.2
            transparency 0
            shininess 0.5
        }
    }
    geometry IndexedFaceSet {
        ccw TRUE
        solid FALSE
        coord DEF co Coordinate {
            point [
                0.4992 0.7167 0.3543, 0.4992 0.6812 0.3543, 0.5151 0.6812 0.3543, 0.5314 0.7166 0.3543, 0.5344 0.717 0.3543, 0.5185 0.717 0.3543, 0.3577 0.6463 0.3543, 0.3627 0.6417 0.3543, 0.3743 0.6478 0.3543, 0.2816 0.6718 0.3543, 0.2836 0.6763 0.3543, -0.1168 0.6763 0.3543, 0.5624 0.613 0.3543, 0.5607 0.6128 0.3543, 0.5707 0.6128 0.3543, 0.553 0.613 0.3543, 0.5524 0.6133 0.3543, 0.5524 0.6128 0.3543, 0.5995 0.6417 0.3543, 0.588 0.6128 0.3543, 0.6022 0.6128 0.3543, 0.634 0.6131 0.3543, 0.634 0.6478 0.3543, 0.6302 0.6478 0.3543, 0.634 0.6532 0.3543, 0.6302 0.6763 0.3543, 0.684 0.6532 0.3543, 0.6895 0.6532 0.3543, 0.6454 0.6532 0.3543, 0.6515 0.6525 0.3543, 0.6644 0.643 0.3543, 0.6659 0.6392 0.3543, 0.682 0.6478 0.3543, 0.6619 0.6465 0.3543, 0.6991 0.6131 0.3543, 0.6302 0.6128 0.3543, 0.7048 0.6131 0.3543, 0.7874 0.6128 0.3543, 0.6916 0.6478 0.3543, 0.7874 0.6478 0.3543, 0.7874 0.6763 0.3543, 0.6563 0.6507 0.3543, 0.6605 0.6478 0.3543, 0.6606 0.6478 0.3543, 0.6635 0.6223 0.3543, 0.6605 0.6187 0.3543, 0.6688 0.6131 0.3543, 0.6563 0.6157 0.3543, 0.6518 0.6139 0.3543, 0.645 0.6131 0.3543, 0.6745 0.6131 0.3543, 0.6783 0.6241 0.3543, 0.695 0.6241 0.3543, 0.6665 0.6336 0.3543, 0.6664 0.6311 0.3543, 0.6655 0.6264 0.3543, 0.61 0.6311 0.3543, 0.61 0.6177 0.3543, 0.6175 0.6177 0.3543, 0.6264 0.6177 0.3543, 0.6264 0.6131 0.3543, 0.6175 0.6128 0.3543, 0.6243 0.6311 0.3543, 0.6175 0.6311 0.3543, 0.61 0.6478 0.3543, 0.61 0.6357 0.3543, 0.6175 0.6357 0.3543, 0.61 0.6485 0.3543, 0.6175 0.6478 0.3543, 0.6243 0.6357 0.3543, 0.6049 0.6131 0.3543, 0.6049 0.6478 0.3543, 0.6022 0.6478 0.3543, 0.6049 0.6532 0.3543, 0.5943 0.6417 0.3543, 0.6175 0.6131 0.3543, 0.5851 0.6202 0.3543, 0.5857 0.6179 0.3543, 0.5858 0.6179 0.3543, 0.58 0.6478 0.3543, 0.58 0.6347 0.3543, 0.5864 0.6202 0.3543, 0.5861 0.6188 0.3543, 0.58 0.6128 0.3543, 0.58 0.6213 0.3543, 0.572 0.6417 0.3543, 0.5832 0.6132 0.3543, 0.5831 0.6128 0.3543, 0.581 0.608 0.3543, 0.5707 0.5969 0.3543, 0.573 0.6001 0.3543, 0.573 0.6045 0.3543, 0.5791 0.6051 0.3543, 0.58 0.6061 0.3543, 0.58 0.6062 0.3543, 0.58 0.6005 0.3543, 0.5783 0.5999 0.3543, 0.58 0.5969 0.3543, 0.5763 0.5996 0.3543, 0.5752 0.5997 0.3543, 0.5759 0.6039 0.3543, 0.5772 0.6041 0.3543, 0.5783 0.6045 0.3543, 0.5865 0.6088 0.3543, 0.5842 0.6044 0.3543, 0.6022 0.5969 0.3543, 0.5824 0.6022 0.3543, 0.582 0.6019 0.3543, 0.5803 0.6006 0.3543, 0.5342 0.6381 0.3543, 0.5325 0.6383 0.3543, 0.5298 0.6301 0.3543, 0.5501 0.6193 0.3543, 0.5433 0.6315 0.3543, 0.5501 0.6141 0.3543, 0.5433 0.6131 0.3543, 0.5354 0.6143 0.3543, 0.5341 0.6135 0.3543, 0.5383 0.6131 0.3543, 0.5322 0.6128 0.3543, 0.5264 0.6128 0.3543, 0.5245 0.6135 0.3543, 0.5185 0.6128 0.3543, 0.5222 0.6266 0.3543, 0.5237 0.6279 0.3543, 0.5231 0.6348 0.3543, 0.5257 0.629 0.3543, 0.5266 0.637 0.3543, 0.5297 0.638 0.3543, 0.5231 0.6397 0.3543, 0.5185 0.6478 0.3543, 0.5241 0.6403 0.3543, 0.5228 0.6147 0.3543, 0.5222 0.6152 0.3543, 0.5212 0.6168 0.3543, 0.5522 0.618 0.3543, 0.5524 0.6179 0.3543, 0.5524 0.6286 0.3543, 0.5383 0.6175 0.3543, 0.5381 0.6175 0.3543, 0.537 0.6159 0.3543, 0.5206 0.6185 0.3543, 0.5203 0.6208 0.3543, 0.5205 0.6231 0.3543, 0.5212 0.6249 0.3543, 0.5503 0.632 0.3543, 0.5428 0.6357 0.3543, 0.5501 0.634 0.3543, 0.5383 0.6313 0.3543, 0.5381 0.6335 0.3543, 0.5376 0.6353 0.3543, 0.537 0.6363 0.3543, 0.5518 0.6388 0.3543, 0.5384 0.6413 0.3543, 0.54 0.6403 0.3543, 0.5279 0.6417 0.3543, 0.533 0.6424 0.3543, 0.5364 0.642 0.3543, 0.5503 0.6358 0.3543, 0.5509 0.6374 0.3543, 0.542 0.6379 0.3543, 0.5409 0.6394 0.3543, 0.5524 0.6286 0.3543, 0.5515 0.6295 0.3543, 0.5509 0.6305 0.3543, 0.5362 0.6371 0.3543, 0.5353 0.6377 0.3543, 0.555 0.6128 0.3543, 0.5524 0.5969 0.3543, 0.5578 0.6124 0.3543, 0.5741 0.6042 0.3543, 0.5707 0.6478 0.3543, 0.568 0.6411 0.3543, 0.568 0.6362 0.3543, 0.5677 0.6256 0.3543, 0.5687 0.6242 0.3543, 0.5524 0.6393 0.3543, 0.5524 0.6478 0.3543, 0.5533 0.6401 0.3543, 0.5546 0.6409 0.3543, 0.5692 0.6228 0.3543, 0.5694 0.6209 0.3543, 0.5692 0.6189 0.3543, 0.5685 0.6173 0.3543, 0.5676 0.616 0.3543, 0.5573 0.6419 0.3543, 0.5613 0.6424 0.3543, 0.5648 0.6421 0.3543, 0.5776 0.6417 0.3543, 0.5662 0.6147 0.3543, 0.565 0.614 0.3543, 0.5608 0.6383 0.3543, 0.5593 0.6382 0.3543, 0.5553 0.6344 0.3543, 0.5579 0.6378 0.3543, 0.5568 0.6372 0.3543, 0.5553 0.6338 0.3543, 0.5555 0.633 0.3543, 0.5559 0.6323 0.3543, 0.5564 0.6318 0.3543, 0.5581 0.6307 0.3543, 0.5639 0.638 0.3543, 0.5613 0.6293 0.3543, 0.5667 0.637 0.3543, 0.5632 0.6285 0.3543, 0.5665 0.6267 0.3543, 0.5561 0.6366 0.3543, 0.5556 0.6359 0.3543, 0.5554 0.6352 0.3543, 0.5553 0.6169 0.3543, 0.5577 0.6257 0.3543, 0.5547 0.6271 0.3543, 0.5583 0.6165 0.3543, 0.5586 0.6165 0.3543, 0.561 0.6243 0.3543, 0.5611 0.6168 0.3543, 0.5642 0.6204 0.3543, 0.5642 0.621 0.3543, 0.5624 0.6173 0.3543, 0.5629 0.6176 0.3543, 0.5635 0.6181 0.3543, 0.5639 0.6187 0.3543, 0.5641 0.6194 0.3543, 0.564 0.6218 0.3543, 0.5636 0.6225 0.3543, 0.563 0.6231 0.3543, 0.5321 0.6128 0.3543, 0.5185 0.5969 0.3543, 0.5294 0.6124 0.3543, 0.5265 0.6128 0.3543, 0.6153 0.6899 0.3543, 0.6133 0.6858 0.3543, 0.6175 0.6763 0.3543, 0.6022 0.717 0.3543, 0.6022 0.7157 0.3543, 0.6175 0.717 0.3543, 0.6062 0.7142 0.3543, 0.6022 0.6777 0.3543, 0.6022 0.6763 0.3543, 0.6062 0.6792 0.3543, 0.6104 0.6822 0.3543, 0.6104 0.7114 0.3543, 0.6118 0.71 0.3543, 0.6143 0.7065 0.3543, 0.6157 0.7027 0.3543, 0.6164 0.6972 0.3543, 0.6163 0.6946 0.3543, 0.58 0.717 0.3543, 0.5952 0.7167 0.3543, 0.6014 0.716 0.3543, 0.6016 0.6775 0.3543, 0.5948 0.6766 0.3543, 0.58 0.6763 0.3543, 0.5838 0.6766 0.3543, 0.5838 0.7167 0.3543, 0.4525 0.6763 0.3543, 0.4776 0.6763 0.3543, 0.4506 0.6789 0.3543, 0.4776 0.717 0.3543, 0.4429 0.6854 0.3543, 0.407 0.7201 0.3543, 0.4114 0.717 0.3543, 0.4176 0.7126 0.3543, 0.4277 0.7007 0.3543, 0.433 0.6901 0.3543, 0.4344 0.6896 0.3543, 0.3789 0.7274 0.3543, 0.3929 0.7257 0.3543, 0.4776 0.7874 0.3543, 0.3665 0.7261 0.3543, -0.1168 0.7874 0.3543, 0.3533 0.7214 0.3543, 0.3459 0.717 0.3543, -0.1168 0.717 0.3543, 0.3448 0.7163 0.3543, 0.2862 0.682 0.3543, 0.293 0.6907 0.3543, 0.3147 0.703 0.3543, 0.3257 0.7043 0.3543, 0.3381 0.7106 0.3543, 0.329 0.7042 0.3543, 0.3323 0.7038 0.3543, 0.295 0.6926 0.3543, 0.3041 0.6989 0.3543, -0.1168 0.6478 0.3543, 0.2796 0.6582 0.3543, 0.2797 0.6611 0.3543, 0.3002 0.6198 0.3543, 0.2915 0.6272 0.3543, -0.1168 0.6128 0.3543, 0.3104 0.6147 0.3543, 0.285 0.6366 0.3543, 0.2809 0.6472 0.3543, 0.2809 0.6478 0.3543, 0.3143 0.6135 0.3543, 0.3147 0.6128 0.3543, 0.3172 0.6074 0.3543, 0.3214 0.6022 0.3543, 0.3414 0.5942 0.3543, -0.1168 -0.7874 0.3543, 0.3482 0.595 0.3543, 0.4776 -0.7874 0.3543, 0.3531 0.5969 0.3543, 0.3403 0.5942 0.3543, 0.3335 0.5953 0.3543, -0.1168 0.5969 0.3543, 0.3296 0.5969 0.3543, 0.327 0.598 0.3543, 0.368 0.6128 0.3543, 0.368 0.6127 0.3543, 0.4776 0.5969 0.3543, 0.3646 0.6063 0.3543, 0.3603 0.6014 0.3543, 0.3546 0.5975 0.3543, 0.4776 0.6478 0.3543, 0.4605 0.6478 0.3543, 0.4599 0.6427 0.3543, 0.4044 0.6296 0.3543, 0.4063 0.6303 0.3543, 0.4097 0.6466 0.3543, 0.4507 0.6258 0.3543, 0.4429 0.6192 0.3543, 0.4776 0.6128 0.3543, 0.4026 0.6283 0.3543, 0.4085 0.6306 0.3543, 0.4088 0.6306 0.3543, 0.4097 0.6304 0.3543, 0.4563 0.6336 0.3543, 0.3997 0.6218 0.3543, 0.3998 0.6229 0.3543, 0.3698 0.6255 0.3543, 0.4004 0.6251 0.3543, 0.4015 0.627 0.3543, 0.4378 0.6375 0.3543, 0.4409 0.6419 0.3543, 0.4064 0.6132 0.3543, 0.4045 0.614 0.3543, 0.4026 0.6153 0.3543, 0.402 0.616 0.3543, 0.4007 0.6178 0.3543, 0.4 0.6197 0.3543, 0.3697 0.6197 0.3543, 0.3698 0.6227 0.3543, 0.4342 0.615 0.3543, 0.4248 0.613 0.3543, 0.408 0.613 0.3543, 0.4102 0.6303 0.3543, 0.4231 0.6303 0.3543, 0.4282 0.6313 0.3543, 0.4332 0.6336 0.3543, 0.4374 0.6371 0.3543, 0.3448 0.6512 0.3543, 0.3517 0.6495 0.3543, 0.4187 0.6763 0.3543, 0.3414 0.6514 0.3543, 0.4429 0.647 0.3543, 0.443 0.6478 0.3543, 0.409 0.6478 0.3543, 0.4435 0.6525 0.3543, 0.4434 0.655 0.3543, 0.3346 0.6506 0.3543, 0.3038 0.6763 0.3543, 0.3283 0.6482 0.3543, 0.3008 0.672 0.3543, 0.2984 0.6657 0.3543, 0.2998 0.6478 0.3543, 0.3277 0.6478 0.3543, 0.2979 0.6544 0.3543, 0.2975 0.6588 0.3543, 0.4361 0.6691 0.3543, 0.4317 0.6722 0.3543, 0.4421 0.6605 0.3543, 0.4394 0.6654 0.3543, 0.4191 0.6747 0.3543, 0.4009 0.6617 0.3543, 0.4213 0.6747 0.3543, 0.4268 0.6741 0.3543, 0.3549 0.6478 0.3543, 0.2999 0.6475 0.3543, 0.3178 0.6387 0.3543, 0.3225 0.6441 0.3543, 0.3033 0.6417 0.3543, 0.3084 0.6364 0.3543, 0.3146 0.6326 0.3543, 0.4129 0.6918 0.3543, 0.4065 0.6995 0.3543, 0.3411 0.683 0.3543, 0.4058 0.7002 0.3543, 0.3978 0.7057 0.3543, 0.3454 0.692 0.3543, 0.339 0.6841 0.3543, 0.4173 0.6827 0.3543, 0.3326 0.6864 0.3543, 0.326 0.6873 0.3543, 0.323 0.6871 0.3543, 0.3518 0.6996 0.3543, 0.3889 0.7091 0.3543, 0.3594 0.7052 0.3543, 0.3792 0.7103 0.3543, 0.3687 0.709 0.3543, 0.316 0.6855 0.3543, 0.3097 0.6821 0.3543, 0.3048 0.6777 0.3543, 0.4564 0.6708 0.3543, 0.4599 0.6621 0.3543, 0.4612 0.6528 0.3543, 0.5524 0.717 0.3543, 0.5415 0.717 0.3543, 0.5425 0.7169 0.3543, 0.5467 0.7157 0.3543, 0.5467 0.7103 0.3543, 0.5524 0.6763 0.3543, 0.5467 0.6832 0.3543, 0.5467 0.6783 0.3543, 0.546 0.6779 0.3543, 0.5417 0.6765 0.3543, 0.5392 0.6763 0.3543, 0.5422 0.7121 0.3543, 0.5373 0.7127 0.3543, 0.5463 0.7105 0.3543, 0.5353 0.7126 0.3543, 0.5318 0.7118 0.3543, 0.5287 0.7102 0.3543, 0.5264 0.7082 0.3543, 0.5261 0.7079 0.3543, 0.5242 0.7052 0.3543, 0.5228 0.7017 0.3543, 0.5222 0.6962 0.3543, 0.5222 0.6942 0.3543, 0.5229 0.6903 0.3543, 0.5382 0.6806 0.3543, 0.5428 0.6815 0.3543, 0.5295 0.6821 0.3543, 0.5324 0.681 0.3543, 0.5364 0.6806 0.3543, 0.5243 0.6872 0.3543, 0.5261 0.6848 0.3543, 0.5269 0.684 0.3543, 0.5196 0.7077 0.3543, 0.5225 0.7114 0.3543, 0.5235 0.7124 0.3543, 0.5272 0.715 0.3543, 0.5161 0.717 0.3543, 0.5177 0.7032 0.3543, 0.5185 0.7051 0.3543, 0.5185 0.6868 0.3543, 0.5175 0.6894 0.3543, 0.5161 0.6763 0.3543, 0.5167 0.6959 0.3543, 0.5168 0.698 0.3543, 0.5251 0.6787 0.3543, 0.5219 0.6814 0.3543, 0.5185 0.6763 0.3543, 0.5215 0.6818 0.3543, 0.5192 0.6852 0.3543, 0.5356 0.676 0.3543, 0.5332 0.6761 0.3543, 0.5321 0.6763 0.3543, 0.5289 0.677 0.3543, 0.5707 0.6947 0.3543, 0.5599 0.6947 0.3543, 0.5707 0.6812 0.3543, 0.5599 0.6812 0.3543, 0.5707 0.717 0.3543, 0.5753 0.7167 0.3543, 0.5707 0.7167 0.3543, 0.5742 0.6947 0.3543, 0.5763 0.6812 0.3543, 0.5742 0.6992 0.3543, 0.5753 0.7121 0.3543, 0.5707 0.6992 0.3543, 0.5707 0.7121 0.3543, 0.5599 0.7121 0.3543, 0.5599 0.6992 0.3543, 0.5763 0.6766 0.3543, 0.5707 0.6763 0.3543, 0.5707 0.6766 0.3543, 0.5547 0.6766 0.3543, 0.5547 0.7167 0.3543, 0.6449 0.6876 0.3543, 0.6302 0.6876 0.3543, 0.6489 0.6766 0.3543, 0.6547 0.6766 0.3543, 0.6394 0.7167 0.3543, 0.7874 0.717 0.3543, 0.6302 0.717 0.3543, 0.6282 0.6876 0.3543, 0.6243 0.6766 0.3543, 0.6186 0.6766 0.3543, 0.6302 0.7069 0.3543, 0.6339 0.7167 0.3543, 0.4992 0.6478 0.3543, 0.4992 0.6357 0.3543, 0.5161 0.6478 0.3543, 0.5135 0.6357 0.3543, 0.4992 0.6311 0.3543, 0.4992 0.6177 0.3543, 0.5135 0.6311 0.3543, 0.5155 0.6177 0.3543, 0.5161 0.6128 0.3543, 0.5155 0.6131 0.3543, 0.494 0.6131 0.3543, 0.494 0.6532 0.3543, 0.494 0.6478 0.3543, 0.4992 0.6485 0.3543, 0.5146 0.6485 0.3543, 0.5146 0.6532 0.3543, 0.5524 0.7874 0.3543, 0.5707 0.7874 0.3543, 0.58 0.7874 0.3543, 0.6022 0.7874 0.3543, 0.6175 0.7874 0.3543, 0.6302 0.7874 0.3543, 0.7874 0.7874 0.3543, 0.5161 0.7874 0.3543, 0.5185 0.7874 0.3543, 0.5372 0.7173 0.3543, 0.494 0.6766 0.3543, 0.494 0.7167 0.3543, 0.5151 0.6766 0.3543, 0.6175 0.6532 0.3543, 0.6255 0.6532 0.3543, 0.6255 0.6485 0.3543, 0.6175 0.6485 0.3543, 0.6175 0.5969 0.3543, 0.6302 0.5969 0.3543, 0.7874 0.5969 0.3543, 0.5161 0.5969 0.3543, -0.7874 0.7874 0.3543, -0.7874 0.717 0.3543, -0.7874 0.6763 0.3543, -0.7874 0.6478 0.3543, -0.7874 0.6128 0.3543, -0.7874 0.5969 0.3543, 0.5161 -0.7874 0.3543, 0.5185 -0.7874 0.3543, 0.5524 -0.7874 0.3543, 0.5707 -0.7874 0.3543, 0.58 -0.7874 0.3543, 0.6022 -0.7874 0.3543, 0.6175 -0.7874 0.3543, 0.6302 -0.7874 0.3543, 0.7874 -0.7874 0.3543, -0.5133 -0.6149 0.3543, -0.5164 -0.6387 0.3543, -0.6511 -0.6945 0.3543, -0.6702 -0.6799 0.3543, -0.7874 -0.7874 0.3543, -0.6848 -0.6609 0.3543, -0.694 -0.6387 0.3543, -0.6702 -0.5499 0.3543, -0.6511 -0.5353 0.3543, -0.5256 -0.6609 0.3543, -0.5402 -0.6799 0.3543, -0.5592 -0.6945 0.3543, -0.5814 -0.7037 0.3543, -0.6052 -0.7068 0.3543, -0.629 -0.7037 0.3543, -0.629 -0.5262 0.3543, -0.6052 -0.523 0.3543, -0.5814 -0.5262 0.3543, -0.5592 -0.5353 0.3543, -0.6971 -0.6149 0.3543, -0.694 -0.5911 0.3543, -0.6848 -0.569 0.3543, -0.5402 -0.5499 0.3543, -0.5256 -0.569 0.3543, -0.5164 -0.5911 0.3543, -0.5164 -0.5911 0.3543
            ]
        }
        coordIndex [
            0,1,2,-1,3,4,5,-1,6,7,8,-1,9,10,11,-1,12,13,14,-1,15,16,17,-1,18,19,20,-1,21,22,23,-1,23,22,24,-1,23,24,25,-1,25,26,27,-1,24,28,25,-1,25,28,29,-1,25,29,26,-1,30,31,32,-1,30,32,33,-1,34,35,36,-1,36,35,37,-1,36,37,38,-1,38,37,39,-1,38,39,27,-1,27,39,40,-1,27,40,25,-1,29,41,26,-1,26,41,42,-1,26,42,32,-1,32,42,43,-1,32,43,33,-1,44,45,46,-1,46,45,47,-1,46,47,48,-1,48,49,46,-1,46,49,35,-1,46,35,50,-1,50,35,34,-1,50,34,51,-1,51,34,52,-1,31,53,32,-1,32,53,54,-1,32,54,46,-1,46,54,55,-1,46,55,44,-1,56,57,58,-1,59,60,35,-1,35,60,61,-1,49,21,35,-1,35,21,23,-1,35,23,59,-1,59,23,62,-1,59,62,58,-1,58,62,63,-1,58,63,56,-1,64,65,66,-1,67,64,68,-1,68,64,66,-1,68,66,23,-1,23,66,69,-1,23,69,62,-1,70,71,72,-1,72,71,73,-1,74,18,72,-1,72,18,20,-1,72,20,70,-1,70,20,61,-1,70,61,75,-1,75,61,60,-1,76,77,78,-1,72,79,74,-1,74,79,80,-1,74,80,81,-1,81,80,76,-1,81,76,82,-1,82,76,78,-1,83,84,14,-1,14,84,85,-1,86,84,87,-1,87,84,83,-1,87,83,88,-1,89,90,91,-1,92,93,83,-1,83,93,94,-1,83,94,88,-1,95,96,97,-1,97,96,98,-1,97,98,89,-1,89,98,99,-1,89,99,90,-1,100,101,83,-1,83,101,102,-1,83,102,92,-1,103,104,105,-1,103,105,19,-1,104,106,105,-1,105,106,107,-1,105,107,97,-1,97,107,108,-1,97,108,95,-1,109,110,111,-1,112,113,114,-1,114,113,115,-1,114,115,16,-1,116,117,118,-1,118,117,119,-1,118,119,115,-1,120,121,122,-1,123,124,125,-1,125,124,126,-1,125,126,127,-1,127,126,111,-1,127,111,128,-1,128,111,110,-1,125,129,130,-1,130,129,131,-1,121,132,122,-1,122,132,133,-1,122,133,134,-1,135,136,137,-1,138,139,118,-1,118,139,140,-1,118,140,116,-1,134,141,122,-1,122,141,142,-1,122,142,130,-1,130,142,143,-1,130,143,125,-1,125,143,144,-1,125,144,123,-1,113,145,146,-1,146,145,147,-1,148,149,111,-1,111,149,150,-1,111,150,151,-1,152,153,154,-1,135,137,112,-1,131,155,130,-1,130,155,156,-1,130,156,157,-1,147,158,146,-1,146,158,159,-1,146,159,160,-1,160,159,152,-1,160,152,161,-1,161,152,154,-1,137,162,112,-1,112,162,163,-1,112,163,113,-1,113,163,164,-1,113,164,145,-1,151,165,111,-1,111,165,166,-1,111,166,109,-1,15,17,167,-1,167,17,168,-1,167,168,169,-1,169,168,13,-1,13,168,89,-1,13,89,14,-1,14,89,91,-1,14,91,83,-1,83,91,170,-1,83,170,100,-1,171,172,173,-1,174,175,173,-1,152,176,177,-1,177,176,178,-1,177,178,179,-1,180,181,14,-1,181,182,14,-1,14,182,183,-1,14,183,184,-1,179,185,177,-1,177,185,186,-1,177,186,171,-1,171,186,187,-1,171,187,172,-1,175,180,173,-1,173,180,14,-1,173,14,171,-1,171,14,85,-1,171,85,79,-1,79,85,188,-1,79,188,80,-1,184,189,14,-1,14,189,190,-1,14,190,12,-1,191,192,193,-1,193,192,194,-1,193,194,195,-1,193,196,191,-1,191,196,197,-1,191,197,198,-1,198,199,191,-1,191,199,200,-1,191,200,201,-1,201,200,202,-1,201,202,203,-1,203,202,204,-1,203,204,173,-1,173,204,205,-1,173,205,174,-1,206,207,195,-1,195,207,208,-1,195,208,193,-1,209,210,136,-1,136,210,211,-1,136,211,137,-1,209,212,210,-1,210,212,213,-1,210,213,214,-1,214,213,215,-1,214,216,217,-1,215,218,214,-1,214,218,219,-1,214,219,220,-1,220,221,214,-1,214,221,222,-1,214,222,216,-1,217,223,214,-1,214,223,224,-1,214,224,225,-1,16,115,17,-1,17,115,119,-1,17,119,168,-1,168,119,226,-1,168,226,227,-1,227,226,228,-1,227,228,229,-1,230,231,232,-1,233,234,235,-1,235,234,236,-1,237,238,239,-1,239,238,232,-1,239,232,240,-1,240,232,231,-1,236,241,235,-1,235,241,242,-1,235,242,243,-1,243,244,235,-1,235,244,245,-1,235,245,232,-1,232,245,246,-1,232,246,230,-1,247,248,233,-1,233,248,249,-1,233,249,234,-1,237,250,238,-1,238,250,251,-1,238,251,252,-1,252,251,253,-1,252,253,247,-1,247,253,254,-1,247,254,248,-1,255,256,257,-1,257,256,258,-1,257,258,259,-1,260,261,258,-1,258,261,262,-1,258,262,263,-1,263,264,258,-1,258,264,265,-1,258,265,259,-1,266,267,268,-1,268,267,260,-1,266,268,269,-1,269,268,270,-1,269,270,271,-1,271,270,272,-1,272,270,273,-1,272,273,274,-1,11,10,273,-1,273,10,275,-1,273,275,276,-1,273,277,274,-1,274,277,278,-1,274,278,279,-1,279,278,280,-1,279,280,281,-1,276,282,273,-1,273,282,283,-1,273,283,277,-1,284,285,11,-1,11,285,286,-1,11,286,9,-1,287,288,289,-1,287,289,290,-1,288,291,289,-1,289,291,292,-1,289,292,284,-1,284,292,293,-1,284,293,285,-1,294,290,295,-1,295,290,289,-1,295,289,296,-1,296,289,297,-1,298,299,300,-1,300,299,301,-1,300,301,302,-1,298,303,299,-1,299,303,304,-1,299,304,305,-1,305,304,306,-1,305,306,289,-1,289,306,307,-1,289,307,297,-1,308,309,310,-1,310,309,311,-1,311,312,310,-1,310,312,313,-1,310,313,302,-1,314,315,316,-1,317,318,319,-1,320,321,322,-1,317,319,323,-1,318,324,319,-1,319,324,325,-1,319,325,326,-1,314,316,322,-1,322,316,327,-1,322,327,320,-1,328,329,330,-1,330,329,331,-1,330,331,319,-1,319,331,332,-1,319,332,323,-1,319,333,334,-1,335,336,308,-1,308,336,337,-1,308,337,338,-1,338,339,308,-1,308,339,340,-1,308,340,341,-1,341,340,328,-1,341,328,342,-1,342,328,330,-1,321,343,322,-1,322,343,344,-1,322,344,308,-1,308,344,345,-1,308,345,335,-1,326,346,319,-1,319,346,347,-1,319,347,348,-1,348,349,319,-1,319,349,350,-1,319,350,333,-1,351,352,353,-1,351,353,354,-1,334,355,319,-1,319,355,356,-1,319,356,357,-1,357,356,358,-1,357,358,359,-1,360,361,362,-1,362,361,363,-1,362,363,364,-1,365,366,367,-1,367,366,362,-1,367,362,368,-1,368,362,364,-1,357,369,370,-1,359,371,357,-1,357,371,372,-1,357,372,369,-1,373,374,375,-1,375,374,357,-1,375,357,376,-1,376,357,370,-1,373,353,374,-1,374,353,352,-1,374,352,8,-1,8,352,377,-1,8,377,6,-1,378,379,365,-1,365,379,380,-1,365,380,366,-1,378,381,379,-1,379,381,382,-1,379,382,383,-1,384,385,386,-1,385,387,386,-1,386,387,388,-1,386,388,389,-1,361,386,390,-1,360,354,361,-1,361,354,353,-1,361,353,386,-1,386,353,391,-1,386,391,384,-1,390,392,361,-1,361,392,393,-1,361,393,394,-1,389,388,395,-1,395,388,396,-1,395,396,397,-1,397,396,398,-1,397,398,399,-1,400,401,394,-1,394,401,402,-1,394,402,361,-1,255,403,256,-1,256,403,404,-1,256,404,314,-1,314,404,405,-1,314,405,315,-1,406,407,408,-1,408,409,406,-1,406,409,410,-1,406,410,411,-1,412,413,411,-1,413,414,411,-1,411,414,415,-1,411,415,416,-1,417,418,412,-1,411,410,412,-1,412,410,419,-1,412,419,417,-1,418,420,412,-1,412,420,421,-1,412,421,422,-1,422,423,412,-1,412,423,424,-1,412,424,425,-1,425,426,412,-1,412,426,427,-1,412,427,428,-1,429,430,428,-1,428,430,431,-1,428,431,412,-1,432,433,434,-1,429,435,430,-1,430,435,436,-1,430,436,434,-1,434,436,437,-1,434,437,432,-1,5,438,439,-1,439,440,5,-1,5,440,441,-1,5,441,3,-1,442,443,5,-1,5,443,444,-1,5,444,438,-1,445,446,447,-1,447,446,448,-1,447,448,442,-1,442,448,449,-1,442,449,443,-1,450,451,452,-1,452,451,453,-1,452,453,454,-1,455,456,130,-1,130,456,457,-1,130,457,452,-1,452,457,458,-1,452,458,450,-1,416,455,177,-1,177,455,130,-1,177,130,152,-1,152,130,157,-1,152,157,153,-1,459,460,461,-1,461,460,462,-1,247,463,464,-1,464,463,465,-1,459,461,466,-1,466,461,467,-1,466,467,468,-1,468,467,469,-1,468,469,470,-1,469,471,470,-1,470,471,472,-1,470,472,473,-1,464,469,247,-1,247,469,467,-1,247,467,252,-1,252,467,474,-1,252,474,475,-1,475,474,476,-1,475,476,477,-1,465,463,478,-1,478,463,406,-1,478,406,477,-1,477,406,411,-1,477,411,475,-1,479,480,481,-1,481,480,25,-1,481,25,482,-1,482,25,40,-1,482,40,483,-1,483,40,484,-1,483,484,485,-1,480,486,25,-1,25,486,487,-1,25,487,232,-1,232,487,488,-1,232,488,235,-1,235,488,489,-1,235,489,485,-1,485,489,490,-1,485,490,483,-1,491,492,493,-1,493,492,494,-1,495,496,497,-1,497,496,498,-1,494,497,493,-1,493,497,498,-1,493,498,499,-1,499,498,500,-1,499,500,501,-1,502,256,503,-1,503,256,314,-1,503,314,501,-1,501,314,322,-1,501,322,499,-1,504,491,505,-1,505,491,493,-1,505,493,506,-1,506,493,447,-1,506,447,502,-1,407,406,507,-1,507,406,463,-1,507,463,508,-1,508,463,247,-1,508,247,509,-1,509,247,233,-1,509,233,510,-1,510,233,235,-1,510,235,511,-1,511,235,485,-1,511,485,512,-1,512,485,484,-1,512,484,513,-1,260,258,268,-1,268,258,442,-1,268,442,514,-1,514,442,5,-1,514,5,515,-1,515,5,4,-1,515,4,507,-1,507,4,516,-1,507,516,407,-1,502,447,256,-1,256,447,517,-1,256,517,258,-1,517,518,258,-1,258,518,0,-1,258,0,442,-1,442,0,2,-1,442,2,447,-1,447,2,519,-1,447,519,517,-1,416,177,411,-1,411,177,171,-1,411,171,475,-1,475,171,79,-1,475,79,252,-1,252,79,72,-1,252,72,238,-1,238,72,73,-1,238,73,232,-1,232,73,520,-1,232,520,25,-1,25,520,521,-1,25,521,23,-1,23,521,522,-1,23,522,68,-1,68,522,523,-1,68,523,67,-1,454,445,452,-1,452,445,447,-1,452,447,130,-1,130,447,493,-1,130,493,122,-1,122,493,499,-1,19,105,20,-1,20,105,524,-1,20,524,61,-1,61,524,525,-1,61,525,35,-1,35,525,526,-1,35,526,37,-1,308,310,322,-1,322,310,527,-1,322,527,499,-1,499,527,227,-1,499,227,122,-1,122,227,229,-1,122,229,120,-1,270,528,273,-1,273,528,529,-1,273,529,11,-1,11,529,530,-1,11,530,284,-1,284,530,531,-1,284,531,289,-1,289,531,532,-1,289,532,305,-1,305,532,533,-1,302,301,310,-1,310,301,534,-1,310,534,527,-1,527,534,535,-1,527,535,227,-1,227,535,536,-1,227,536,168,-1,168,536,537,-1,168,537,89,-1,89,537,538,-1,89,538,97,-1,97,538,539,-1,97,539,105,-1,105,539,540,-1,105,540,524,-1,524,540,541,-1,524,541,525,-1,525,541,542,-1,525,542,526,-1,299,543,544,-1,545,546,547,-1,547,546,548,-1,547,548,549,-1,550,551,533,-1,544,552,299,-1,299,552,553,-1,299,553,554,-1,554,555,299,-1,299,555,556,-1,299,556,547,-1,547,556,557,-1,547,557,545,-1,551,558,533,-1,533,558,559,-1,533,559,305,-1,305,559,560,-1,305,560,561,-1,549,562,547,-1,547,562,563,-1,547,563,533,-1,533,563,564,-1,533,564,550,-1,561,565,305,-1,305,565,566,-1,305,566,299,-1,299,566,567,-1,299,567,543,-1,
        ]
    }
}
Shape{
    appearance Appearance {
        material  Material 	{
            diffuseColor 0.9686274509803922 0.8784313725490196 0.6
            specularColor 0.6784313725490196 0.615686274509804 0.4196078431372549
            ambientIntensity 0.2
            transparency 0
            shininess 0.5
        }
    }
    geometry IndexedFaceSet {
        ccw TRUE
        solid FALSE
        coord DEF co Coordinate {
            point [
                0.6312 -0.4042 0.0394, 0.6299 -0.3941 0.0394, 0.6689 -0.4331 0.0394, 0.7874 -0.4331 0.0394, 0.6299 -0.3933 0.0394, 0.6689 -0.3543 0.0394, 0.7874 -0.3543 0.0394, 0.6588 -0.4317 0.0394, 0.6494 -0.4278 0.0394, 0.6351 -0.4136 0.0394, 0.6413 -0.4217 0.0394, 0.6351 -0.3738 0.0394, 0.6413 -0.3657 0.0394, 0.6494 -0.3596 0.0394, 0.6312 -0.3832 0.0394, 0.6588 -0.3557 0.0394, 0.6689 -0.4331 0.0197, 0.7874 -0.4331 0.0197, 0.6588 -0.4317 0.0197, 0.6494 -0.4278 0.0197, 0.6413 -0.4217 0.0197, 0.6351 -0.4136 0.0197, 0.6312 -0.4042 0.0197, 0.6299 -0.3941 0.0197, 0.6299 -0.3933 0.0197, 0.6312 -0.3832 0.0197, 0.6351 -0.3738 0.0197, 0.6413 -0.3657 0.0197, 0.6494 -0.3596 0.0197, 0.6588 -0.3557 0.0197, 0.6689 -0.3543 0.0197, 0.7874 -0.3543 0.0197, -0.3543 0.7874 0.0394, -0.2756 0.7874 0.0394, -0.3146 0.6299 0.0394, -0.2756 0.6689 0.0394, -0.3045 0.6312 0.0394, -0.3543 0.6689 0.0394, -0.3154 0.6299 0.0394, -0.3254 0.6312 0.0394, -0.2769 0.6588 0.0394, -0.2808 0.6494 0.0394, -0.2951 0.6351 0.0394, -0.287 0.6413 0.0394, -0.3348 0.6351 0.0394, -0.3429 0.6413 0.0394, -0.353 0.6588 0.0394, -0.3491 0.6494 0.0394, -0.3543 0.7874 0.0197, -0.3543 0.6689 0.0197, -0.2756 0.6689 0.0197, -0.2756 0.7874 0.0197, -0.2769 0.6588 0.0197, -0.2808 0.6494 0.0197, -0.287 0.6413 0.0197, -0.2951 0.6351 0.0197, -0.3045 0.6312 0.0197, -0.3146 0.6299 0.0197, -0.3154 0.6299 0.0197, -0.3254 0.6312 0.0197, -0.3348 0.6351 0.0197, -0.3429 0.6413 0.0197, -0.3491 0.6494 0.0197, -0.353 0.6588 0.0197, 0.0004 -0.6299 0.0394, -0.0394 -0.7874 0.0394, -0.0394 -0.6689 0.0394, 0.0394 -0.7874 0.0394, 0.0394 -0.6689 0.0394, 0.0105 -0.6312 0.0394, 0.0199 -0.6351 0.0394, 0.028 -0.6413 0.0394, 0.038 -0.6588 0.0394, 0.0341 -0.6494 0.0394, -0.038 -0.6588 0.0394, -0.0341 -0.6494 0.0394, -0.028 -0.6413 0.0394, -0.0199 -0.6351 0.0394, -0.0105 -0.6312 0.0394, -0.0004 -0.6299 0.0394, -0.0394 -0.6689 0.0197, -0.0394 -0.7874 0.0197, -0.038 -0.6588 0.0197, -0.0341 -0.6494 0.0197, -0.028 -0.6413 0.0197, -0.0199 -0.6351 0.0197, -0.0105 -0.6312 0.0197, -0.0004 -0.6299 0.0197, 0.0004 -0.6299 0.0197, 0.0105 -0.6312 0.0197, 0.0199 -0.6351 0.0197, 0.028 -0.6413 0.0197, 0.0341 -0.6494 0.0197, 0.038 -0.6588 0.0197, 0.0394 -0.6689 0.0197, 0.0394 -0.7874 0.0197, 0.6588 0.2743 0.0394, 0.6689 0.2756 0.0394, 0.6299 0.2366 0.0394, 0.7874 0.2756 0.0394, 0.6299 0.2358 0.0394, 0.7874 0.1969 0.0394, 0.6689 0.1969 0.0394, 0.6413 0.2083 0.0394, 0.6494 0.2021 0.0394, 0.6588 0.1982 0.0394, 0.6351 0.2163 0.0394, 0.6312 0.2257 0.0394, 0.6312 0.2467 0.0394, 0.6351 0.2561 0.0394, 0.6413 0.2642 0.0394, 0.6494 0.2704 0.0394, 0.6689 0.1969 0.0197, 0.7874 0.1969 0.0197, 0.6588 0.1982 0.0197, 0.6494 0.2021 0.0197, 0.6413 0.2083 0.0197, 0.6351 0.2163 0.0197, 0.6312 0.2257 0.0197, 0.6299 0.2358 0.0197, 0.6299 0.2366 0.0197, 0.6312 0.2467 0.0197, 0.6351 0.2561 0.0197, 0.6413 0.2642 0.0197, 0.6494 0.2704 0.0197, 0.6588 0.2743 0.0197, 0.6689 0.2756 0.0197, 0.7874 0.2756 0.0197, -0.5118 0.6689 0.0394, -0.5118 0.7874 0.0394, -0.472 0.6299 0.0394, -0.4331 0.7874 0.0394, -0.4331 0.6689 0.0394, -0.4445 0.6413 0.0394, -0.4383 0.6494 0.0394, -0.4344 0.6588 0.0394, -0.4526 0.6351 0.0394, -0.462 0.6312 0.0394, -0.4728 0.6299 0.0394, -0.4829 0.6312 0.0394, -0.4923 0.6351 0.0394, -0.5004 0.6413 0.0394, -0.5066 0.6494 0.0394, -0.5105 0.6588 0.0394, -0.5118 0.7874 0.0197, -0.5118 0.6689 0.0197, -0.4331 0.6689 0.0197, -0.4331 0.7874 0.0197, -0.4344 0.6588 0.0197, -0.4383 0.6494 0.0197, -0.4445 0.6413 0.0197, -0.4526 0.6351 0.0197, -0.462 0.6312 0.0197, -0.472 0.6299 0.0197, -0.4728 0.6299 0.0197, -0.4829 0.6312 0.0197, -0.4923 0.6351 0.0197, -0.5004 0.6413 0.0197, -0.5066 0.6494 0.0197, -0.5105 0.6588 0.0197, -0.4921 -0.315 0.0394, -0.4921 -0.3937 0.0394, -0.7874 -0.315 0.0394, -0.7874 -0.3937 0.0394, -0.4921 -0.315 0.0197, -0.7874 -0.315 0.0197, -0.4921 -0.3937 0.0197, -0.7874 -0.3937 0.0197, 0.6312 -0.2467 0.0394, 0.6299 -0.2366 0.0394, 0.6689 -0.2756 0.0394, 0.6588 -0.1982 0.0394, 0.6689 -0.1969 0.0394, 0.6299 -0.2358 0.0394, 0.7874 -0.1969 0.0394, 0.7874 -0.2756 0.0394, 0.6588 -0.2743 0.0394, 0.6494 -0.2704 0.0394, 0.6351 -0.2561 0.0394, 0.6413 -0.2642 0.0394, 0.6312 -0.2257 0.0394, 0.6351 -0.2163 0.0394, 0.6413 -0.2083 0.0394, 0.6494 -0.2021 0.0394, 0.6689 -0.2756 0.0197, 0.7874 -0.2756 0.0197, 0.6588 -0.2743 0.0197, 0.6494 -0.2704 0.0197, 0.6413 -0.2642 0.0197, 0.6351 -0.2561 0.0197, 0.6312 -0.2467 0.0197, 0.6299 -0.2366 0.0197, 0.6299 -0.2358 0.0197, 0.6312 -0.2257 0.0197, 0.6351 -0.2163 0.0197, 0.6413 -0.2083 0.0197, 0.6494 -0.2021 0.0197, 0.6588 -0.1982 0.0197, 0.6689 -0.1969 0.0197, 0.7874 -0.1969 0.0197, -0.4724 0.129 0.0394, -0.7874 0.129 0.0394, -0.4724 0.2078 0.0394, -0.7874 0.2078 0.0394, -0.4724 0.129 0.0197, -0.4724 0.2078 0.0197, -0.7874 0.129 0.0197, -0.7874 0.2078 0.0197, -0.1969 0.7874 0.0394, -0.1181 0.7874 0.0394, -0.1571 0.6299 0.0394, -0.1181 0.6689 0.0394, -0.147 0.6312 0.0394, -0.1194 0.6588 0.0394, -0.1233 0.6494 0.0394, -0.1376 0.6351 0.0394, -0.1295 0.6413 0.0394, -0.1969 0.6689 0.0394, -0.1579 0.6299 0.0394, -0.168 0.6312 0.0394, -0.1774 0.6351 0.0394, -0.1854 0.6413 0.0394, -0.1955 0.6588 0.0394, -0.1916 0.6494 0.0394, -0.1969 0.7874 0.0197, -0.1969 0.6689 0.0197, -0.1181 0.6689 0.0197, -0.1181 0.7874 0.0197, -0.1194 0.6588 0.0197, -0.1233 0.6494 0.0197, -0.1295 0.6413 0.0197, -0.1376 0.6351 0.0197, -0.147 0.6312 0.0197, -0.1571 0.6299 0.0197, -0.1579 0.6299 0.0197, -0.168 0.6312 0.0197, -0.1774 0.6351 0.0197, -0.1854 0.6413 0.0197, -0.1916 0.6494 0.0197, -0.1955 0.6588 0.0197, 0.1969 0.7874 0.0394, 0.1579 0.6075 0.0394, 0.1181 0.7874 0.0394, 0.1571 0.6075 0.0394, 0.1748 0.6113 0.0394, 0.1959 0.6378 0.0394, 0.1822 0.616 0.0394, 0.193 0.6295 0.0394, 0.1883 0.6222 0.0394, 0.1484 0.6085 0.0394, 0.1191 0.6378 0.0394, 0.1181 0.6465 0.0394, 0.1969 0.6465 0.0394, 0.1665 0.6085 0.0394, 0.1402 0.6113 0.0394, 0.1328 0.616 0.0394, 0.122 0.6295 0.0394, 0.1266 0.6222 0.0394, 0.1969 0.6465 0.0197, 0.1969 0.7874 0.0197, 0.1959 0.6378 0.0197, 0.193 0.6295 0.0197, 0.1883 0.6222 0.0197, 0.1822 0.616 0.0197, 0.1748 0.6113 0.0197, 0.1665 0.6085 0.0197, 0.1579 0.6075 0.0197, 0.1571 0.6075 0.0197, 0.1484 0.6085 0.0197, 0.1402 0.6113 0.0197, 0.1328 0.616 0.0197, 0.1266 0.6222 0.0197, 0.122 0.6295 0.0197, 0.1191 0.6378 0.0197, 0.1181 0.6465 0.0197, 0.1181 0.7874 0.0197, -0.1181 -0.6689 0.0394, -0.1571 -0.6299 0.0394, -0.147 -0.6312 0.0394, -0.168 -0.6312 0.0394, -0.1579 -0.6299 0.0394, -0.1969 -0.6689 0.0394, -0.1969 -0.7874 0.0394, -0.1181 -0.7874 0.0394, -0.1376 -0.6351 0.0394, -0.1295 -0.6413 0.0394, -0.1194 -0.6588 0.0394, -0.1233 -0.6494 0.0394, -0.1955 -0.6588 0.0394, -0.1916 -0.6494 0.0394, -0.1774 -0.6351 0.0394, -0.1854 -0.6413 0.0394, -0.1969 -0.6689 0.0197, -0.1969 -0.7874 0.0197, -0.1955 -0.6588 0.0197, -0.1916 -0.6494 0.0197, -0.1854 -0.6413 0.0197, -0.1774 -0.6351 0.0197, -0.168 -0.6312 0.0197, -0.1579 -0.6299 0.0197, -0.1571 -0.6299 0.0197, -0.147 -0.6312 0.0197, -0.1376 -0.6351 0.0197, -0.1295 -0.6413 0.0197, -0.1233 -0.6494 0.0197, -0.1194 -0.6588 0.0197, -0.1181 -0.6689 0.0197, -0.1181 -0.7874 0.0197, 0.6312 0.3832 0.0394, 0.6299 0.3933 0.0394, 0.6689 0.3543 0.0394, 0.6588 0.4317 0.0394, 0.6689 0.4331 0.0394, 0.6299 0.3941 0.0394, 0.7874 0.4331 0.0394, 0.7874 0.3543 0.0394, 0.6588 0.3557 0.0394, 0.6494 0.3596 0.0394, 0.6413 0.3657 0.0394, 0.6351 0.3738 0.0394, 0.6312 0.4042 0.0394, 0.6351 0.4136 0.0394, 0.6413 0.4217 0.0394, 0.6494 0.4278 0.0394, 0.6689 0.3543 0.0197, 0.7874 0.3543 0.0197, 0.6588 0.3557 0.0197, 0.6494 0.3596 0.0197, 0.6413 0.3657 0.0197, 0.6351 0.3738 0.0197, 0.6312 0.3832 0.0197, 0.6299 0.3933 0.0197, 0.6299 0.3941 0.0197, 0.6312 0.4042 0.0197, 0.6351 0.4136 0.0197, 0.6413 0.4217 0.0197, 0.6494 0.4278 0.0197, 0.6588 0.4317 0.0197, 0.6689 0.4331 0.0197, 0.7874 0.4331 0.0197, 0.3154 -0.6299 0.0394, 0.2756 -0.7874 0.0394, 0.2756 -0.6689 0.0394, 0.3543 -0.7874 0.0394, 0.3543 -0.6689 0.0394, 0.3254 -0.6312 0.0394, 0.3348 -0.6351 0.0394, 0.3429 -0.6413 0.0394, 0.353 -0.6588 0.0394, 0.3491 -0.6494 0.0394, 0.2769 -0.6588 0.0394, 0.3045 -0.6312 0.0394, 0.3146 -0.6299 0.0394, 0.2808 -0.6494 0.0394, 0.287 -0.6413 0.0394, 0.2951 -0.6351 0.0394, 0.2756 -0.6689 0.0197, 0.2756 -0.7874 0.0197, 0.2769 -0.6588 0.0197, 0.2808 -0.6494 0.0197, 0.287 -0.6413 0.0197, 0.2951 -0.6351 0.0197, 0.3045 -0.6312 0.0197, 0.3146 -0.6299 0.0197, 0.3154 -0.6299 0.0197, 0.3254 -0.6312 0.0197, 0.3348 -0.6351 0.0197, 0.3429 -0.6413 0.0197, 0.3491 -0.6494 0.0197, 0.353 -0.6588 0.0197, 0.3543 -0.6689 0.0197, 0.3543 -0.7874 0.0197, -0.6693 0.7874 0.0394, -0.5906 0.7874 0.0394, -0.6693 0.5709 0.0394, -0.5906 0.4921 0.0394, -0.7874 0.5709 0.0394, -0.7874 0.4921 0.0394, -0.5906 0.4921 0.0197, -0.5906 0.7874 0.0197, -0.7874 0.4921 0.0197, -0.6693 0.5709 0.0197, -0.7874 0.5709 0.0197, -0.6693 0.7874 0.0197, 0.7874 -0.0394 0.0394, 0.6299 -0.0791 0.0394, 0.6689 -0.0394 0.0394, 0.6299 -0.0783 0.0394, 0.6312 -0.0683 0.0394, 0.6588 -0.1168 0.0394, 0.6494 -0.1129 0.0394, 0.6413 -0.1067 0.0394, 0.7874 -0.1181 0.0394, 0.6689 -0.1181 0.0394, 0.6312 -0.0892 0.0394, 0.6351 -0.0986 0.0394, 0.6351 -0.0589 0.0394, 0.6413 -0.0508 0.0394, 0.6588 -0.0407 0.0394, 0.6494 -0.0446 0.0394, 0.6689 -0.1181 0.0197, 0.7874 -0.1181 0.0197, 0.6588 -0.1168 0.0197, 0.6494 -0.1129 0.0197, 0.6413 -0.1067 0.0197, 0.6351 -0.0986 0.0197, 0.6312 -0.0892 0.0197, 0.6299 -0.0791 0.0197, 0.6299 -0.0783 0.0197, 0.6312 -0.0683 0.0197, 0.6351 -0.0589 0.0197, 0.6413 -0.0508 0.0197, 0.6494 -0.0446 0.0197, 0.6588 -0.0407 0.0197, 0.6689 -0.0394 0.0197, 0.7874 -0.0394 0.0197, -0.0394 0.6689 0.0394, -0.0394 0.7874 0.0394, 0.0004 0.6299 0.0394, 0.0394 0.7874 0.0394, 0.0394 0.6689 0.0394, 0.0105 0.6312 0.0394, 0.038 0.6588 0.0394, 0.0341 0.6494 0.0394, 0.028 0.6413 0.0394, 0.0199 0.6351 0.0394, -0.0004 0.6299 0.0394, -0.0105 0.6312 0.0394, -0.0199 0.6351 0.0394, -0.028 0.6413 0.0394, -0.0341 0.6494 0.0394, -0.038 0.6588 0.0394, -0.0394 0.7874 0.0197, -0.0394 0.6689 0.0197, 0.0394 0.6689 0.0197, 0.0394 0.7874 0.0197, 0.038 0.6588 0.0197, 0.0341 0.6494 0.0197, 0.028 0.6413 0.0197, 0.0199 0.6351 0.0197, 0.0105 0.6312 0.0197, 0.0004 0.6299 0.0197, -0.0004 0.6299 0.0197, -0.0105 0.6312 0.0197, -0.0199 0.6351 0.0197, -0.028 0.6413 0.0197, -0.0341 0.6494 0.0197, -0.038 0.6588 0.0197, -0.4724 -0.2253 0.0394, -0.7874 -0.2253 0.0394, -0.4724 -0.1465 0.0394, -0.7874 -0.1465 0.0394, -0.4724 -0.2253 0.0197, -0.4724 -0.1465 0.0197, -0.7874 -0.2253 0.0197, -0.7874 -0.1465 0.0197, 0.5118 0.7874 0.0394, 0.4728 0.5906 0.0394, 0.4331 0.7874 0.0394, 0.472 0.5906 0.0394, 0.4331 0.6295 0.0394, 0.5118 0.6295 0.0394, 0.5108 0.6209 0.0394, 0.4815 0.5915 0.0394, 0.5033 0.6052 0.0394, 0.4971 0.5991 0.0394, 0.4897 0.5944 0.0394, 0.508 0.6126 0.0394, 0.4416 0.6052 0.0394, 0.4369 0.6126 0.0394, 0.4477 0.5991 0.0394, 0.4551 0.5944 0.0394, 0.4634 0.5915 0.0394, 0.434 0.6209 0.0394, 0.5118 0.6295 0.0197, 0.5108 0.6209 0.0197, 0.508 0.6126 0.0197, 0.5033 0.6052 0.0197, 0.4971 0.5991 0.0197, 0.4897 0.5944 0.0197, 0.4815 0.5915 0.0197, 0.4728 0.5906 0.0197, 0.472 0.5906 0.0197, 0.4634 0.5915 0.0197, 0.4551 0.5944 0.0197, 0.4477 0.5991 0.0197, 0.4416 0.6052 0.0197, 0.4369 0.6126 0.0197, 0.434 0.6209 0.0197, 0.4331 0.6295 0.0197, 0.4331 0.7874 0.0197, 0.5118 0.7874 0.0197, 0.4728 -0.6299 0.0394, 0.4331 -0.7874 0.0394, 0.4331 -0.6689 0.0394, 0.5118 -0.7874 0.0394, 0.5118 -0.6689 0.0394, 0.5105 -0.6588 0.0394, 0.4829 -0.6312 0.0394, 0.4923 -0.6351 0.0394, 0.5066 -0.6494 0.0394, 0.5004 -0.6413 0.0394, 0.4344 -0.6588 0.0394, 0.4383 -0.6494 0.0394, 0.4445 -0.6413 0.0394, 0.4526 -0.6351 0.0394, 0.462 -0.6312 0.0394, 0.472 -0.6299 0.0394, 0.4331 -0.6689 0.0197, 0.4331 -0.7874 0.0197, 0.4344 -0.6588 0.0197, 0.4383 -0.6494 0.0197, 0.4445 -0.6413 0.0197, 0.4526 -0.6351 0.0197, 0.462 -0.6312 0.0197, 0.472 -0.6299 0.0197, 0.4728 -0.6299 0.0197, 0.4829 -0.6312 0.0197, 0.4923 -0.6351 0.0197, 0.5004 -0.6413 0.0197, 0.5066 -0.6494 0.0197, 0.5105 -0.6588 0.0197, 0.5118 -0.6689 0.0197, 0.5118 -0.7874 0.0197, -0.3146 -0.6299 0.0394, -0.3543 -0.7874 0.0394, -0.3543 -0.6689 0.0394, -0.2756 -0.7874 0.0394, -0.2756 -0.6689 0.0394, -0.3045 -0.6312 0.0394, -0.2951 -0.6351 0.0394, -0.287 -0.6413 0.0394, -0.2769 -0.6588 0.0394, -0.2808 -0.6494 0.0394, -0.353 -0.6588 0.0394, -0.3254 -0.6312 0.0394, -0.3154 -0.6299 0.0394, -0.3491 -0.6494 0.0394, -0.3429 -0.6413 0.0394, -0.3348 -0.6351 0.0394, -0.3543 -0.6689 0.0197, -0.3543 -0.7874 0.0197, -0.353 -0.6588 0.0197, -0.3491 -0.6494 0.0197, -0.3429 -0.6413 0.0197, -0.3348 -0.6351 0.0197, -0.3254 -0.6312 0.0197, -0.3154 -0.6299 0.0197, -0.3146 -0.6299 0.0197, -0.3045 -0.6312 0.0197, -0.2951 -0.6351 0.0197, -0.287 -0.6413 0.0197, -0.2808 -0.6494 0.0197, -0.2769 -0.6588 0.0197, -0.2756 -0.6689 0.0197, -0.2756 -0.7874 0.0197, -0.472 -0.6299 0.0394, -0.5118 -0.7874 0.0394, -0.5118 -0.6689 0.0394, -0.4445 -0.6413 0.0394, -0.4383 -0.6494 0.0394, -0.4344 -0.6588 0.0394, -0.4526 -0.6351 0.0394, -0.5105 -0.6588 0.0394, -0.5066 -0.6494 0.0394, -0.5004 -0.6413 0.0394, -0.4331 -0.7874 0.0394, -0.4331 -0.6689 0.0394, -0.462 -0.6312 0.0394, -0.4923 -0.6351 0.0394, -0.4829 -0.6312 0.0394, -0.4728 -0.6299 0.0394, -0.5118 -0.6689 0.0197, -0.5118 -0.7874 0.0197, -0.5105 -0.6588 0.0197, -0.5066 -0.6494 0.0197, -0.5004 -0.6413 0.0197, -0.4923 -0.6351 0.0197, -0.4829 -0.6312 0.0197, -0.4728 -0.6299 0.0197, -0.472 -0.6299 0.0197, -0.462 -0.6312 0.0197, -0.4526 -0.6351 0.0197, -0.4445 -0.6413 0.0197, -0.4383 -0.6494 0.0197, -0.4344 -0.6588 0.0197, -0.4331 -0.6689 0.0197, -0.4331 -0.7874 0.0197, -0.4724 -0.0481 0.0394, -0.7874 -0.0481 0.0394, -0.4724 0.0306 0.0394, -0.7874 0.0306 0.0394, -0.4724 -0.0481 0.0197, -0.4724 0.0306 0.0197, -0.7874 -0.0481 0.0197, -0.7874 0.0306 0.0197, 0.1969 -0.6689 0.0394, 0.1579 -0.6299 0.0394, 0.168 -0.6312 0.0394, 0.147 -0.6312 0.0394, 0.1571 -0.6299 0.0394, 0.1181 -0.6689 0.0394, 0.1181 -0.7874 0.0394, 0.1969 -0.7874 0.0394, 0.1774 -0.6351 0.0394, 0.1854 -0.6413 0.0394, 0.1955 -0.6588 0.0394, 0.1916 -0.6494 0.0394, 0.1194 -0.6588 0.0394, 0.1233 -0.6494 0.0394, 0.1376 -0.6351 0.0394, 0.1295 -0.6413 0.0394, 0.1181 -0.6689 0.0197, 0.1181 -0.7874 0.0197, 0.1194 -0.6588 0.0197, 0.1233 -0.6494 0.0197, 0.1295 -0.6413 0.0197, 0.1376 -0.6351 0.0197, 0.147 -0.6312 0.0197, 0.1571 -0.6299 0.0197, 0.1579 -0.6299 0.0197, 0.168 -0.6312 0.0197, 0.1774 -0.6351 0.0197, 0.1854 -0.6413 0.0197, 0.1916 -0.6494 0.0197, 0.1955 -0.6588 0.0197, 0.1969 -0.6689 0.0197, 0.1969 -0.7874 0.0197, -0.6693 -0.7874 0.0394, -0.6693 -0.5709 0.0394, -0.5906 -0.7874 0.0394, -0.5906 -0.5315 0.0394, -0.7874 -0.5709 0.0394, -0.7874 -0.4921 0.0394, -0.6299 -0.4921 0.0394, -0.6693 -0.5709 0.0197, -0.6693 -0.7874 0.0197, -0.7874 -0.5709 0.0197, -0.6299 -0.4921 0.0197, -0.7874 -0.4921 0.0197, -0.5906 -0.5315 0.0197, -0.5906 -0.7874 0.0197, -0.4724 0.3062 0.0394, -0.7874 0.3062 0.0394, -0.4724 0.385 0.0394, -0.7874 0.385 0.0394, -0.4724 0.3062 0.0197, -0.4724 0.385 0.0197, -0.7874 0.3062 0.0197, -0.7874 0.385 0.0197, 0.7874 0.1181 0.0394, 0.7874 0.0394 0.0394, 0.6299 0.0783 0.0394, 0.6689 0.0394 0.0394, 0.6312 0.0683 0.0394, 0.6588 0.0407 0.0394, 0.6494 0.0446 0.0394, 0.6413 0.0508 0.0394, 0.6689 0.1181 0.0394, 0.6299 0.0791 0.0394, 0.6312 0.0892 0.0394, 0.6351 0.0589 0.0394, 0.6351 0.0986 0.0394, 0.6413 0.1067 0.0394, 0.6588 0.1168 0.0394, 0.6494 0.1129 0.0394, 0.6689 0.0394 0.0197, 0.7874 0.0394 0.0197, 0.6588 0.0407 0.0197, 0.6494 0.0446 0.0197, 0.6413 0.0508 0.0197, 0.6351 0.0589 0.0197, 0.6312 0.0683 0.0197, 0.6299 0.0783 0.0197, 0.6299 0.0791 0.0197, 0.6312 0.0892 0.0197, 0.6351 0.0986 0.0197, 0.6413 0.1067 0.0197, 0.6494 0.1129 0.0197, 0.6588 0.1168 0.0197, 0.6689 0.1181 0.0197, 0.7874 0.1181 0.0197, 0.6693 -0.7874 0.0394, 0.5906 -0.7874 0.0394, 0.6693 -0.5906 0.0394, 0.5906 -0.5118 0.0394, 0.7874 -0.5906 0.0394, 0.7874 -0.5118 0.0394, 0.5906 -0.5118 0.0197, 0.5906 -0.7874 0.0197, 0.7874 -0.5118 0.0197, 0.6693 -0.5906 0.0197, 0.7874 -0.5906 0.0197, 0.6693 -0.7874 0.0197, 0.2756 0.6689 0.0394, 0.2756 0.7874 0.0394, 0.3154 0.6299 0.0394, 0.3543 0.7874 0.0394, 0.3543 0.6689 0.0394, 0.3254 0.6312 0.0394, 0.353 0.6588 0.0394, 0.3491 0.6494 0.0394, 0.3429 0.6413 0.0394, 0.3348 0.6351 0.0394, 0.3146 0.6299 0.0394, 0.3045 0.6312 0.0394, 0.2951 0.6351 0.0394, 0.287 0.6413 0.0394, 0.2808 0.6494 0.0394, 0.2769 0.6588 0.0394, 0.2756 0.7874 0.0197, 0.2756 0.6689 0.0197, 0.3543 0.6689 0.0197, 0.3543 0.7874 0.0197, 0.353 0.6588 0.0197, 0.3491 0.6494 0.0197, 0.3429 0.6413 0.0197, 0.3348 0.6351 0.0197, 0.3254 0.6312 0.0197, 0.3154 0.6299 0.0197, 0.3146 0.6299 0.0197, 0.3045 0.6312 0.0197, 0.2951 0.6351 0.0197, 0.287 0.6413 0.0197, 0.2808 0.6494 0.0197, 0.2769 0.6588 0.0197, 0.7874 0.5906 0.0394, 0.7874 0.5118 0.0394, 0.6693 0.5906 0.0394, 0.5906 0.5118 0.0394, 0.6693 0.7874 0.0394, 0.5906 0.7874 0.0394, 0.6693 0.5906 0.0197, 0.6693 0.7874 0.0197, 0.7874 0.5906 0.0197, 0.5906 0.5118 0.0197, 0.7874 0.5118 0.0197, 0.5906 0.7874 0.0197, 0.5906 0.7874 0.0197
            ]
        }
        coordIndex [
            0,1,2,-1,2,1,3,-1,4,5,1,-1,1,5,6,-1,1,6,3,-1,2,7,0,-1,0,7,8,-1,0,8,9,-1,9,8,10,-1,11,12,13,-1,4,14,5,-1,5,14,11,-1,5,11,15,-1,15,11,13,-1,2,3,16,-1,16,3,17,-1,2,16,7,-1,7,16,18,-1,7,18,8,-1,8,18,19,-1,8,19,10,-1,10,19,20,-1,10,20,9,-1,9,20,21,-1,9,21,0,-1,0,21,22,-1,0,22,1,-1,1,22,23,-1,4,1,24,-1,24,1,23,-1,4,24,14,-1,14,24,25,-1,14,25,11,-1,11,25,26,-1,11,26,12,-1,12,26,27,-1,12,27,13,-1,13,27,28,-1,13,28,15,-1,15,28,29,-1,15,29,5,-1,5,29,30,-1,6,5,31,-1,31,5,30,-1,32,33,34,-1,34,33,35,-1,34,35,36,-1,32,34,37,-1,37,34,38,-1,37,38,39,-1,35,40,36,-1,36,40,41,-1,36,41,42,-1,42,41,43,-1,39,44,37,-1,37,44,45,-1,37,45,46,-1,46,45,47,-1,32,37,48,-1,48,37,49,-1,35,33,50,-1,50,33,51,-1,35,50,40,-1,40,50,52,-1,40,52,41,-1,41,52,53,-1,41,53,43,-1,43,53,54,-1,43,54,42,-1,42,54,55,-1,42,55,36,-1,36,55,56,-1,36,56,34,-1,34,56,57,-1,38,34,58,-1,58,34,57,-1,38,58,39,-1,39,58,59,-1,39,59,44,-1,44,59,60,-1,44,60,45,-1,45,60,61,-1,45,61,47,-1,47,61,62,-1,47,62,46,-1,46,62,63,-1,46,63,37,-1,37,63,49,-1,64,65,66,-1,67,65,68,-1,68,65,64,-1,68,64,69,-1,69,70,68,-1,68,70,71,-1,68,71,72,-1,72,71,73,-1,74,75,76,-1,76,77,74,-1,74,77,78,-1,74,78,66,-1,66,78,79,-1,66,79,64,-1,66,65,80,-1,80,65,81,-1,66,80,74,-1,74,80,82,-1,74,82,75,-1,75,82,83,-1,75,83,76,-1,76,83,84,-1,76,84,77,-1,77,84,85,-1,77,85,78,-1,78,85,86,-1,78,86,79,-1,79,86,87,-1,64,79,88,-1,88,79,87,-1,64,88,69,-1,69,88,89,-1,69,89,70,-1,70,89,90,-1,70,90,71,-1,71,90,91,-1,71,91,73,-1,73,91,92,-1,73,92,72,-1,72,92,93,-1,72,93,68,-1,68,93,94,-1,67,68,95,-1,95,68,94,-1,96,97,98,-1,98,97,99,-1,98,99,100,-1,100,99,101,-1,100,101,102,-1,103,102,104,-1,104,102,105,-1,103,106,102,-1,102,106,107,-1,102,107,100,-1,108,109,110,-1,108,110,98,-1,98,110,111,-1,98,111,96,-1,102,101,112,-1,112,101,113,-1,102,112,105,-1,105,112,114,-1,105,114,104,-1,104,114,115,-1,104,115,103,-1,103,115,116,-1,103,116,106,-1,106,116,117,-1,106,117,107,-1,107,117,118,-1,107,118,100,-1,100,118,119,-1,98,100,120,-1,120,100,119,-1,98,120,108,-1,108,120,121,-1,108,121,109,-1,109,121,122,-1,109,122,110,-1,110,122,123,-1,110,123,111,-1,111,123,124,-1,111,124,96,-1,96,124,125,-1,96,125,97,-1,97,125,126,-1,99,97,127,-1,127,97,126,-1,128,129,130,-1,130,129,131,-1,130,131,132,-1,133,132,134,-1,134,132,135,-1,133,136,132,-1,132,136,137,-1,132,137,130,-1,130,138,128,-1,128,138,139,-1,128,139,140,-1,140,141,128,-1,128,141,142,-1,128,142,143,-1,129,128,144,-1,144,128,145,-1,132,131,146,-1,146,131,147,-1,132,146,135,-1,135,146,148,-1,135,148,134,-1,134,148,149,-1,134,149,133,-1,133,149,150,-1,133,150,136,-1,136,150,151,-1,136,151,137,-1,137,151,152,-1,137,152,130,-1,130,152,153,-1,138,130,154,-1,154,130,153,-1,138,154,139,-1,139,154,155,-1,139,155,140,-1,140,155,156,-1,140,156,141,-1,141,156,157,-1,141,157,142,-1,142,157,158,-1,142,158,143,-1,143,158,159,-1,143,159,128,-1,128,159,145,-1,160,161,162,-1,162,161,163,-1,160,162,164,-1,164,162,165,-1,161,160,166,-1,166,160,164,-1,163,161,167,-1,167,161,166,-1,168,169,170,-1,171,172,173,-1,173,172,174,-1,173,174,169,-1,169,174,175,-1,169,175,170,-1,170,176,168,-1,168,176,177,-1,168,177,178,-1,178,177,179,-1,180,181,182,-1,180,182,173,-1,173,182,183,-1,173,183,171,-1,170,175,184,-1,184,175,185,-1,170,184,176,-1,176,184,186,-1,176,186,177,-1,177,186,187,-1,177,187,179,-1,179,187,188,-1,179,188,178,-1,178,188,189,-1,178,189,168,-1,168,189,190,-1,168,190,169,-1,169,190,191,-1,173,169,192,-1,192,169,191,-1,173,192,180,-1,180,192,193,-1,180,193,181,-1,181,193,194,-1,181,194,182,-1,182,194,195,-1,182,195,183,-1,183,195,196,-1,183,196,171,-1,171,196,197,-1,171,197,172,-1,172,197,198,-1,174,172,199,-1,199,172,198,-1,200,201,202,-1,202,201,203,-1,200,202,204,-1,204,202,205,-1,201,200,206,-1,206,200,204,-1,202,203,205,-1,205,203,207,-1,208,209,210,-1,210,209,211,-1,210,211,212,-1,211,213,212,-1,212,213,214,-1,212,214,215,-1,215,214,216,-1,208,210,217,-1,217,210,218,-1,217,218,219,-1,219,220,217,-1,217,220,221,-1,217,221,222,-1,222,221,223,-1,208,217,224,-1,224,217,225,-1,211,209,226,-1,226,209,227,-1,211,226,213,-1,213,226,228,-1,213,228,214,-1,214,228,229,-1,214,229,216,-1,216,229,230,-1,216,230,215,-1,215,230,231,-1,215,231,212,-1,212,231,232,-1,212,232,210,-1,210,232,233,-1,218,210,234,-1,234,210,233,-1,218,234,219,-1,219,234,235,-1,219,235,220,-1,220,235,236,-1,220,236,221,-1,221,236,237,-1,221,237,223,-1,223,237,238,-1,223,238,222,-1,222,238,239,-1,222,239,217,-1,217,239,225,-1,240,241,242,-1,242,241,243,-1,244,245,246,-1,246,245,247,-1,246,247,248,-1,249,250,243,-1,243,250,251,-1,243,251,242,-1,240,252,241,-1,241,252,245,-1,241,245,253,-1,253,245,244,-1,249,254,250,-1,250,254,255,-1,250,255,256,-1,256,255,257,-1,252,240,258,-1,258,240,259,-1,252,258,245,-1,245,258,260,-1,245,260,247,-1,247,260,261,-1,247,261,248,-1,248,261,262,-1,248,262,246,-1,246,262,263,-1,246,263,244,-1,244,263,264,-1,244,264,253,-1,253,264,265,-1,253,265,241,-1,241,265,266,-1,243,241,267,-1,267,241,266,-1,243,267,249,-1,249,267,268,-1,249,268,254,-1,254,268,269,-1,254,269,255,-1,255,269,270,-1,255,270,257,-1,257,270,271,-1,257,271,256,-1,256,271,272,-1,256,272,250,-1,250,272,273,-1,250,273,251,-1,251,273,274,-1,242,251,275,-1,275,251,274,-1,276,277,278,-1,279,280,281,-1,281,280,277,-1,281,277,282,-1,282,277,276,-1,282,276,283,-1,278,284,276,-1,276,284,285,-1,276,285,286,-1,286,285,287,-1,281,288,279,-1,279,288,289,-1,279,289,290,-1,290,289,291,-1,281,282,292,-1,292,282,293,-1,281,292,288,-1,288,292,294,-1,288,294,289,-1,289,294,295,-1,289,295,291,-1,291,295,296,-1,291,296,290,-1,290,296,297,-1,290,297,279,-1,279,297,298,-1,279,298,280,-1,280,298,299,-1,277,280,300,-1,300,280,299,-1,277,300,278,-1,278,300,301,-1,278,301,284,-1,284,301,302,-1,284,302,285,-1,285,302,303,-1,285,303,287,-1,287,303,304,-1,287,304,286,-1,286,304,305,-1,286,305,276,-1,276,305,306,-1,283,276,307,-1,307,276,306,-1,308,309,310,-1,311,312,313,-1,313,312,314,-1,313,314,309,-1,309,314,315,-1,309,315,310,-1,316,317,318,-1,316,318,310,-1,310,318,319,-1,310,319,308,-1,320,321,322,-1,320,322,313,-1,313,322,323,-1,313,323,311,-1,310,315,324,-1,324,315,325,-1,310,324,316,-1,316,324,326,-1,316,326,317,-1,317,326,327,-1,317,327,318,-1,318,327,328,-1,318,328,319,-1,319,328,329,-1,319,329,308,-1,308,329,330,-1,308,330,309,-1,309,330,331,-1,313,309,332,-1,332,309,331,-1,313,332,320,-1,320,332,333,-1,320,333,321,-1,321,333,334,-1,321,334,322,-1,322,334,335,-1,322,335,323,-1,323,335,336,-1,323,336,311,-1,311,336,337,-1,311,337,312,-1,312,337,338,-1,314,312,339,-1,339,312,338,-1,340,341,342,-1,343,341,344,-1,344,341,340,-1,344,340,345,-1,345,346,344,-1,344,346,347,-1,344,347,348,-1,348,347,349,-1,350,351,342,-1,342,351,352,-1,342,352,340,-1,350,353,351,-1,351,353,354,-1,351,354,355,-1,342,341,356,-1,356,341,357,-1,342,356,350,-1,350,356,358,-1,350,358,353,-1,353,358,359,-1,353,359,354,-1,354,359,360,-1,354,360,355,-1,355,360,361,-1,355,361,351,-1,351,361,362,-1,351,362,352,-1,352,362,363,-1,340,352,364,-1,364,352,363,-1,340,364,345,-1,345,364,365,-1,345,365,346,-1,346,365,366,-1,346,366,347,-1,347,366,367,-1,347,367,349,-1,349,367,368,-1,349,368,348,-1,348,368,369,-1,348,369,344,-1,344,369,370,-1,343,344,371,-1,371,344,370,-1,372,373,374,-1,374,373,375,-1,374,375,376,-1,376,375,377,-1,375,373,378,-1,378,373,379,-1,377,375,380,-1,380,375,378,-1,374,376,381,-1,381,376,382,-1,372,374,383,-1,383,374,381,-1,384,385,386,-1,386,385,387,-1,386,387,388,-1,389,390,391,-1,384,392,385,-1,385,392,393,-1,385,393,394,-1,394,393,389,-1,394,389,395,-1,395,389,391,-1,388,396,386,-1,386,396,397,-1,386,397,398,-1,398,397,399,-1,393,392,400,-1,400,392,401,-1,393,400,389,-1,389,400,402,-1,389,402,390,-1,390,402,403,-1,390,403,391,-1,391,403,404,-1,391,404,395,-1,395,404,405,-1,395,405,394,-1,394,405,406,-1,394,406,385,-1,385,406,407,-1,387,385,408,-1,408,385,407,-1,387,408,388,-1,388,408,409,-1,388,409,396,-1,396,409,410,-1,396,410,397,-1,397,410,411,-1,397,411,399,-1,399,411,412,-1,399,412,398,-1,398,412,413,-1,398,413,386,-1,386,413,414,-1,384,386,415,-1,415,386,414,-1,416,417,418,-1,417,419,418,-1,418,419,420,-1,418,420,421,-1,422,423,424,-1,422,424,420,-1,420,424,425,-1,420,425,421,-1,418,426,416,-1,416,426,427,-1,416,427,428,-1,428,429,416,-1,416,429,430,-1,416,430,431,-1,417,416,432,-1,432,416,433,-1,420,419,434,-1,434,419,435,-1,420,434,422,-1,422,434,436,-1,422,436,423,-1,423,436,437,-1,423,437,424,-1,424,437,438,-1,424,438,425,-1,425,438,439,-1,425,439,421,-1,421,439,440,-1,421,440,418,-1,418,440,441,-1,426,418,442,-1,442,418,441,-1,426,442,427,-1,427,442,443,-1,427,443,428,-1,428,443,444,-1,428,444,429,-1,429,444,445,-1,429,445,430,-1,430,445,446,-1,430,446,431,-1,431,446,447,-1,431,447,416,-1,416,447,433,-1,448,449,450,-1,450,449,451,-1,448,450,452,-1,452,450,453,-1,449,448,454,-1,454,448,452,-1,450,451,453,-1,453,451,455,-1,456,457,458,-1,458,457,459,-1,458,459,460,-1,456,461,457,-1,457,461,462,-1,457,462,463,-1,464,465,466,-1,463,462,466,-1,466,462,467,-1,466,467,464,-1,468,469,470,-1,470,469,471,-1,459,472,460,-1,460,472,471,-1,460,471,473,-1,473,471,469,-1,461,474,462,-1,462,474,475,-1,462,475,467,-1,467,475,476,-1,467,476,464,-1,464,476,477,-1,464,477,465,-1,465,477,478,-1,465,478,466,-1,466,478,479,-1,466,479,463,-1,463,479,480,-1,463,480,457,-1,457,480,481,-1,459,457,482,-1,482,457,481,-1,459,482,472,-1,472,482,483,-1,472,483,471,-1,471,483,484,-1,471,484,470,-1,470,484,485,-1,470,485,468,-1,468,485,486,-1,468,486,469,-1,469,486,487,-1,469,487,473,-1,473,487,488,-1,473,488,460,-1,460,488,489,-1,458,460,490,-1,490,460,489,-1,461,456,474,-1,474,456,491,-1,492,493,494,-1,495,493,496,-1,496,493,492,-1,496,492,497,-1,492,498,497,-1,497,498,499,-1,497,499,500,-1,500,499,501,-1,502,503,504,-1,504,505,502,-1,502,505,506,-1,502,506,494,-1,494,506,507,-1,494,507,492,-1,494,493,508,-1,508,493,509,-1,494,508,502,-1,502,508,510,-1,502,510,503,-1,503,510,511,-1,503,511,504,-1,504,511,512,-1,504,512,505,-1,505,512,513,-1,505,513,506,-1,506,513,514,-1,506,514,507,-1,507,514,515,-1,492,507,516,-1,516,507,515,-1,492,516,498,-1,498,516,517,-1,498,517,499,-1,499,517,518,-1,499,518,501,-1,501,518,519,-1,501,519,500,-1,500,519,520,-1,500,520,497,-1,497,520,521,-1,497,521,496,-1,496,521,522,-1,495,496,523,-1,523,496,522,-1,524,525,526,-1,527,525,528,-1,528,525,524,-1,528,524,529,-1,529,530,528,-1,528,530,531,-1,528,531,532,-1,532,531,533,-1,534,535,526,-1,526,535,536,-1,526,536,524,-1,534,537,535,-1,535,537,538,-1,535,538,539,-1,526,525,540,-1,540,525,541,-1,526,540,534,-1,534,540,542,-1,534,542,537,-1,537,542,543,-1,537,543,538,-1,538,543,544,-1,538,544,539,-1,539,544,545,-1,539,545,535,-1,535,545,546,-1,535,546,536,-1,536,546,547,-1,524,536,548,-1,548,536,547,-1,524,548,529,-1,529,548,549,-1,529,549,530,-1,530,549,550,-1,530,550,531,-1,531,550,551,-1,531,551,533,-1,533,551,552,-1,533,552,532,-1,532,552,553,-1,532,553,528,-1,528,553,554,-1,527,528,555,-1,555,528,554,-1,556,557,558,-1,559,560,561,-1,559,561,562,-1,563,564,565,-1,566,557,567,-1,567,557,556,-1,567,556,561,-1,561,556,568,-1,561,568,562,-1,565,569,563,-1,563,569,570,-1,563,570,558,-1,558,570,571,-1,558,571,556,-1,558,557,572,-1,572,557,573,-1,558,572,563,-1,563,572,574,-1,563,574,564,-1,564,574,575,-1,564,575,565,-1,565,575,576,-1,565,576,569,-1,569,576,577,-1,569,577,570,-1,570,577,578,-1,570,578,571,-1,571,578,579,-1,556,571,580,-1,580,571,579,-1,556,580,568,-1,568,580,581,-1,568,581,562,-1,562,581,582,-1,562,582,559,-1,559,582,583,-1,559,583,560,-1,560,583,584,-1,560,584,561,-1,561,584,585,-1,561,585,567,-1,567,585,586,-1,566,567,587,-1,587,567,586,-1,588,589,590,-1,590,589,591,-1,588,590,592,-1,592,590,593,-1,589,588,594,-1,594,588,592,-1,590,591,593,-1,593,591,595,-1,596,597,598,-1,599,600,601,-1,601,600,597,-1,601,597,602,-1,602,597,596,-1,602,596,603,-1,598,604,596,-1,596,604,605,-1,596,605,606,-1,606,605,607,-1,601,608,599,-1,599,608,609,-1,599,609,610,-1,610,609,611,-1,601,602,612,-1,612,602,613,-1,601,612,608,-1,608,612,614,-1,608,614,609,-1,609,614,615,-1,609,615,611,-1,611,615,616,-1,611,616,610,-1,610,616,617,-1,610,617,599,-1,599,617,618,-1,599,618,600,-1,600,618,619,-1,597,600,620,-1,620,600,619,-1,597,620,598,-1,598,620,621,-1,598,621,604,-1,604,621,622,-1,604,622,605,-1,605,622,623,-1,605,623,607,-1,607,623,624,-1,607,624,606,-1,606,624,625,-1,606,625,596,-1,596,625,626,-1,603,596,627,-1,627,596,626,-1,628,629,630,-1,630,629,631,-1,632,633,629,-1,629,633,634,-1,629,634,631,-1,629,628,635,-1,635,628,636,-1,632,629,637,-1,637,629,635,-1,634,633,638,-1,638,633,639,-1,631,634,640,-1,640,634,638,-1,630,631,641,-1,641,631,640,-1,642,643,644,-1,644,643,645,-1,642,644,646,-1,646,644,647,-1,643,642,648,-1,648,642,646,-1,644,645,647,-1,647,645,649,-1,650,651,652,-1,652,651,653,-1,652,653,654,-1,655,656,657,-1,650,652,658,-1,658,652,659,-1,658,659,660,-1,655,657,653,-1,653,657,661,-1,653,661,654,-1,660,662,658,-1,658,662,663,-1,658,663,664,-1,664,663,665,-1,653,651,666,-1,666,651,667,-1,653,666,655,-1,655,666,668,-1,655,668,656,-1,656,668,669,-1,656,669,657,-1,657,669,670,-1,657,670,661,-1,661,670,671,-1,661,671,654,-1,654,671,672,-1,654,672,652,-1,652,672,673,-1,659,652,674,-1,674,652,673,-1,659,674,660,-1,660,674,675,-1,660,675,662,-1,662,675,676,-1,662,676,663,-1,663,676,677,-1,663,677,665,-1,665,677,678,-1,665,678,664,-1,664,678,679,-1,664,679,658,-1,658,679,680,-1,650,658,681,-1,681,658,680,-1,682,683,684,-1,684,683,685,-1,684,685,686,-1,686,685,687,-1,685,683,688,-1,688,683,689,-1,687,685,690,-1,690,685,688,-1,684,686,691,-1,691,686,692,-1,682,684,693,-1,693,684,691,-1,694,695,696,-1,695,697,696,-1,696,697,698,-1,696,698,699,-1,700,701,702,-1,700,702,698,-1,698,702,703,-1,698,703,699,-1,696,704,694,-1,694,704,705,-1,694,705,706,-1,706,707,694,-1,694,707,708,-1,694,708,709,-1,695,694,710,-1,710,694,711,-1,698,697,712,-1,712,697,713,-1,698,712,700,-1,700,712,714,-1,700,714,701,-1,701,714,715,-1,701,715,702,-1,702,715,716,-1,702,716,703,-1,703,716,717,-1,703,717,699,-1,699,717,718,-1,699,718,696,-1,696,718,719,-1,704,696,720,-1,720,696,719,-1,704,720,705,-1,705,720,721,-1,705,721,706,-1,706,721,722,-1,706,722,707,-1,707,722,723,-1,707,723,708,-1,708,723,724,-1,708,724,709,-1,709,724,725,-1,709,725,694,-1,694,725,711,-1,726,727,728,-1,728,727,729,-1,728,729,730,-1,730,729,731,-1,728,730,732,-1,732,730,733,-1,726,728,734,-1,734,728,732,-1,729,727,735,-1,735,727,736,-1,731,729,737,-1,737,729,735,-1,
        ]
    }
}
Shape{
    appearance Appearance {
        material  Material 	{
            diffuseColor 1.0 1.0 1.0
            specularColor 0.8784313725490196 0.8784313725490196 0.8784313725490196
            ambientIntensity 0.2
            transparency 0
            shininess 0.5
        }
    }
    geometry IndexedFaceSet {
        ccw TRUE
        solid FALSE
        coord DEF co Coordinate {
            point [
                -0.5256 -0.6609 0.3346, -0.5164 -0.6387 0.3346, -0.6052 -0.6149 0.3346, -0.5133 -0.6149 0.3346, -0.5164 -0.5911 0.3346, -0.5814 -0.7037 0.3346, -0.5592 -0.6945 0.3346, -0.5402 -0.6799 0.3346, -0.6511 -0.6945 0.3346, -0.629 -0.7037 0.3346, -0.6052 -0.7068 0.3346, -0.694 -0.6387 0.3346, -0.6848 -0.6609 0.3346, -0.6702 -0.6799 0.3346, -0.6848 -0.569 0.3346, -0.694 -0.5911 0.3346, -0.6971 -0.6149 0.3346, -0.629 -0.5262 0.3346, -0.6511 -0.5353 0.3346, -0.6702 -0.5499 0.3346, -0.5592 -0.5353 0.3346, -0.5814 -0.5262 0.3346, -0.6052 -0.523 0.3346, -0.5256 -0.569 0.3346, -0.5402 -0.5499 0.3346, -0.5133 -0.6149 0.3543, -0.5164 -0.5911 0.3543, -0.5256 -0.569 0.3543, -0.5402 -0.5499 0.3543, -0.5592 -0.5353 0.3543, -0.5814 -0.5262 0.3543, -0.6052 -0.523 0.3543, -0.629 -0.5262 0.3543, -0.6511 -0.5353 0.3543, -0.6702 -0.5499 0.3543, -0.6848 -0.569 0.3543, -0.694 -0.5911 0.3543, -0.6971 -0.6149 0.3543, -0.694 -0.6387 0.3543, -0.6848 -0.6609 0.3543, -0.6702 -0.6799 0.3543, -0.6511 -0.6945 0.3543, -0.629 -0.7037 0.3543, -0.6052 -0.7068 0.3543, -0.5814 -0.7037 0.3543, -0.5592 -0.6945 0.3543, -0.5402 -0.6799 0.3543, -0.5256 -0.6609 0.3543, -0.5164 -0.6387 0.3543, -0.5164 -0.6387 0.3543
            ]
        }
        coordIndex [
            0,1,2,-1,2,1,3,-1,2,3,4,-1,5,6,2,-1,2,6,7,-1,2,7,0,-1,8,9,2,-1,2,9,10,-1,2,10,5,-1,11,12,2,-1,2,12,13,-1,2,13,8,-1,14,15,2,-1,2,15,16,-1,2,16,11,-1,17,18,2,-1,2,18,19,-1,2,19,14,-1,20,21,2,-1,2,21,22,-1,2,22,17,-1,4,23,2,-1,2,23,24,-1,2,24,20,-1,3,25,4,-1,4,25,26,-1,4,26,23,-1,23,26,27,-1,23,27,24,-1,24,27,28,-1,24,28,20,-1,20,28,29,-1,20,29,21,-1,21,29,30,-1,21,30,22,-1,22,30,31,-1,22,31,17,-1,17,31,32,-1,17,32,18,-1,18,32,33,-1,18,33,19,-1,19,33,34,-1,19,34,14,-1,14,34,35,-1,14,35,15,-1,15,35,36,-1,15,36,16,-1,16,36,37,-1,16,37,11,-1,11,37,38,-1,11,38,12,-1,12,38,39,-1,12,39,13,-1,13,39,40,-1,13,40,8,-1,8,40,41,-1,8,41,9,-1,9,41,42,-1,9,42,10,-1,10,42,43,-1,10,43,5,-1,5,43,44,-1,5,44,6,-1,6,44,45,-1,6,45,7,-1,7,45,46,-1,7,46,0,-1,0,46,47,-1,0,47,1,-1,1,47,48,-1,1,48,3,-1,3,48,25,-1,
        ]
    }
}
Shape{
    appearance Appearance {
        material  Material 	{
            diffuseColor 0.10980392156862745 0.10980392156862745 0.10980392156862745
            specularColor 0.0784313725490196 0.0784313725490196 0.0784313725490196
            ambientIntensity 0.2
            transparency 0
            shininess 0.5
        }
    }
    geometry IndexedFaceSet {
        ccw TRUE
        solid FALSE
        coord DEF co Coordinate {
            point [
                -0.7874 0.2078 0.0394, -0.7874 0.129 0.0394, -0.7874 -0.7874 0.3543, -0.7874 0.3062 0.0394, -0.7874 0.3062 0.0197, -0.7874 0.2078 0.0197, -0.7874 -0.2253 0.0394, -0.7874 -0.2253 0.0197, -0.7874 -0.315 0.0197, -0.7874 -0.0481 0.0394, -0.7874 0.0306 0.0394, -0.7874 0.0306 0.0197, -0.7874 0.129 0.0197, -0.7874 -0.315 0.0394, -0.7874 -0.3937 0.0394, -0.7874 0.5969 0.3543, -0.7874 0.4921 0.0394, -0.7874 0.5709 0.0394, -0.7874 0.385 0.0394, -0.7874 0.385 0.0197, -0.7874 0.4921 0.0197, -0.7874 -0.1465 0.0394, -0.7874 -0.1465 0.0197, -0.7874 -0.0481 0.0197, -0.7874 0.6128 0.3543, -0.7874 0.6478 0.3543, -0.7874 0.6763 0.3543, -0.7874 -0.5709 0.0197, -0.7874 -0.7874 0.0197, -0.7874 -0.5709 0.0394, -0.7874 -0.4921 0.0394, -0.7874 -0.4921 0.0197, -0.7874 -0.3937 0.0197, -0.7874 0.7874 0.0197, -0.7874 0.5709 0.0197, -0.7874 0.7874 0.3543, -0.7874 0.717 0.3543, -0.0394 -0.7874 0.0394, 0.0394 -0.7874 0.0394, 0.4776 -0.7874 0.3543, -0.1181 -0.7874 0.0394, -0.1181 -0.7874 0.0197, -0.0394 -0.7874 0.0197, 0.1969 -0.7874 0.0197, 0.2756 -0.7874 0.0197, 0.1969 -0.7874 0.0394, 0.2756 -0.7874 0.0394, -0.4331 -0.7874 0.0394, -0.4331 -0.7874 0.0197, -0.3543 -0.7874 0.0197, 0.3543 -0.7874 0.0197, 0.4331 -0.7874 0.0197, 0.3543 -0.7874 0.0394, 0.4331 -0.7874 0.0394, -0.5906 -0.7874 0.0394, -0.1168 -0.7874 0.3543, -0.6693 -0.7874 0.0394, -0.6693 -0.7874 0.0197, -0.3543 -0.7874 0.0394, -0.5118 -0.7874 0.0394, -0.5118 -0.7874 0.0197, -0.5906 -0.7874 0.0197, -0.2756 -0.7874 0.0197, -0.1969 -0.7874 0.0197, -0.2756 -0.7874 0.0394, -0.1969 -0.7874 0.0394, 0.0394 -0.7874 0.0197, 0.1181 -0.7874 0.0197, 0.1181 -0.7874 0.0394, 0.5161 -0.7874 0.3543, 0.5118 -0.7874 0.0394, 0.7874 -0.7874 0.3543, 0.6302 -0.7874 0.3543, 0.6175 -0.7874 0.3543, 0.6693 -0.7874 0.0197, 0.7874 -0.7874 0.0197, 0.6693 -0.7874 0.0394, 0.5906 -0.7874 0.0394, 0.5906 -0.7874 0.0197, 0.5118 -0.7874 0.0197, 0.6022 -0.7874 0.3543, 0.58 -0.7874 0.3543, 0.5707 -0.7874 0.3543, 0.5185 -0.7874 0.3543, 0.5524 -0.7874 0.3543, 0.7874 -0.5906 0.0197, 0.7874 -0.1969 0.0394, 0.7874 -0.1969 0.0197, 0.7874 -0.1181 0.0197, 0.7874 -0.5118 0.0197, 0.7874 -0.4331 0.0197, 0.7874 -0.5118 0.0394, 0.7874 -0.4331 0.0394, 0.7874 -0.5906 0.0394, 0.7874 0.5969 0.3543, 0.7874 -0.3543 0.0394, 0.7874 -0.1181 0.0394, 0.7874 -0.0394 0.0394, 0.7874 -0.2756 0.0394, 0.7874 -0.2756 0.0197, 0.7874 -0.3543 0.0197, 0.7874 0.1181 0.0394, 0.7874 0.1181 0.0197, 0.7874 0.1969 0.0197, 0.7874 0.1969 0.0394, 0.7874 0.0394 0.0394, 0.7874 0.0394 0.0197, 0.7874 -0.0394 0.0197, 0.7874 0.2756 0.0197, 0.7874 0.3543 0.0197, 0.7874 0.2756 0.0394, 0.7874 0.3543 0.0394, 0.7874 0.4331 0.0197, 0.7874 0.5118 0.0197, 0.7874 0.4331 0.0394, 0.7874 0.5118 0.0394, 0.7874 0.5906 0.0197, 0.7874 0.7874 0.0197, 0.7874 0.5906 0.0394, 0.7874 0.7874 0.3543, 0.7874 0.717 0.3543, 0.7874 0.6763 0.3543, 0.7874 0.6478 0.3543, 0.7874 0.6128 0.3543, 0.5906 0.7874 0.0394, 0.5906 0.7874 0.0197, 0.5118 0.7874 0.0197, 0.1181 0.7874 0.0394, 0.1181 0.7874 0.0197, 0.0394 0.7874 0.0197, -0.3543 0.7874 0.0394, -0.3543 0.7874 0.0197, -0.4331 0.7874 0.0197, -0.0394 0.7874 0.0197, -0.1181 0.7874 0.0197, -0.0394 0.7874 0.0394, -0.1181 0.7874 0.0394, 0.0394 0.7874 0.0394, 0.4776 0.7874 0.3543, -0.1168 0.7874 0.3543, -0.1969 0.7874 0.0394, -0.1969 0.7874 0.0197, -0.2756 0.7874 0.0197, -0.2756 0.7874 0.0394, -0.4331 0.7874 0.0394, 0.4331 0.7874 0.0197, 0.3543 0.7874 0.0197, 0.4331 0.7874 0.0394, 0.3543 0.7874 0.0394, 0.2756 0.7874 0.0394, -0.5118 0.7874 0.0197, -0.5906 0.7874 0.0197, -0.5118 0.7874 0.0394, -0.5906 0.7874 0.0394, -0.6693 0.7874 0.0197, -0.6693 0.7874 0.0394, 0.5118 0.7874 0.0394, 0.6302 0.7874 0.3543, 0.6693 0.7874 0.0394, 0.6693 0.7874 0.0197, 0.5161 0.7874 0.3543, 0.5185 0.7874 0.3543, 0.5524 0.7874 0.3543, 0.2756 0.7874 0.0197, 0.1969 0.7874 0.0197, 0.1969 0.7874 0.0394, 0.5707 0.7874 0.3543, 0.58 0.7874 0.3543, 0.6022 0.7874 0.3543, 0.6175 0.7874 0.3543, 0.6693 0.5906 0.0197, -0.4724 -0.1465 0.0197, -0.4921 -0.315 0.0197, -0.4724 -0.2253 0.0197, -0.4724 0.2078 0.0197, -0.5004 0.6413 0.0197, -0.4923 0.6351 0.0197, 0.5906 -0.5118 0.0197, -0.4829 0.6312 0.0197, -0.4728 0.6299 0.0197, -0.472 0.6299 0.0197, -0.462 0.6312 0.0197, -0.4526 0.6351 0.0197, 0.6299 -0.3941 0.0197, 0.6312 -0.4042 0.0197, 0.6689 -0.4331 0.0197, 0.6588 -0.4317 0.0197, 0.6494 -0.4278 0.0197, -0.4724 0.0306 0.0197, -0.4724 0.129 0.0197, -0.1376 0.6351 0.0197, -0.1295 0.6413 0.0197, -0.4344 0.6588 0.0197, -0.3491 0.6494 0.0197, -0.3429 0.6413 0.0197, 0.5906 0.5118 0.0197, 0.6689 0.4331 0.0197, 0.6588 0.4317 0.0197, 0.6494 0.4278 0.0197, 0.6413 0.4217 0.0197, 0.6351 -0.4136 0.0197, 0.6413 -0.4217 0.0197, -0.1955 -0.6588 0.0197, -0.2808 -0.6494 0.0197, -0.287 -0.6413 0.0197, -0.5118 -0.6689 0.0197, -0.5906 -0.5315 0.0197, -0.5105 -0.6588 0.0197, -0.353 -0.6588 0.0197, -0.4383 -0.6494 0.0197, -0.4445 -0.6413 0.0197, -0.3146 0.6299 0.0197, -0.3045 0.6312 0.0197, -0.2951 0.6351 0.0197, -0.287 0.6413 0.0197, -0.4331 0.6689 0.0197, -0.3543 0.6689 0.0197, -0.353 0.6588 0.0197, 0.6351 0.4136 0.0197, 0.6312 0.4042 0.0197, 0.6299 0.3941 0.0197, -0.4923 -0.6351 0.0197, -0.5004 -0.6413 0.0197, -0.5066 -0.6494 0.0197, -0.4724 0.385 0.0197, -0.5906 0.4921 0.0197, -0.5118 0.6689 0.0197, -0.1916 0.6494 0.0197, -0.1854 0.6413 0.0197, -0.1774 0.6351 0.0197, -0.168 0.6312 0.0197, -0.1579 0.6299 0.0197, 0.3348 0.6351 0.0197, 0.3429 0.6413 0.0197, 0.3491 0.6494 0.0197, 0.6689 -0.1181 0.0197, 0.6312 -0.2467 0.0197, 0.6351 -0.2561 0.0197, 0.6588 -0.3557 0.0197, 0.6413 -0.2642 0.0197, 0.6494 -0.2704 0.0197, 0.6689 -0.2756 0.0197, -0.3254 -0.6312 0.0197, -0.3348 -0.6351 0.0197, -0.4921 -0.3937 0.0197, -0.3543 -0.6689 0.0197, -0.4331 -0.6689 0.0197, -0.4344 -0.6588 0.0197, -0.1969 -0.6689 0.0197, -0.2756 -0.6689 0.0197, -0.2769 -0.6588 0.0197, -0.4445 0.6413 0.0197, -0.4383 0.6494 0.0197, -0.2756 0.6689 0.0197, -0.1571 0.6299 0.0197, -0.147 0.6312 0.0197, -0.038 0.6588 0.0197, -0.1233 0.6494 0.0197, 0.2951 0.6351 0.0197, 0.3045 0.6312 0.0197, 0.3146 0.6299 0.0197, 0.3543 0.6689 0.0197, 0.4331 0.6295 0.0197, 0.353 0.6588 0.0197, 0.6413 0.3657 0.0197, 0.6494 0.3596 0.0197, 0.6588 0.2743 0.0197, 0.6689 0.3543 0.0197, 0.6299 0.3933 0.0197, 0.6312 0.3832 0.0197, 0.6494 0.2704 0.0197, 0.6312 -0.0892 0.0197, 0.6351 -0.0986 0.0197, 0.6588 -0.1982 0.0197, 0.6413 -0.1067 0.0197, 0.6494 -0.1129 0.0197, 0.6588 -0.1168 0.0197, 0.6689 -0.1969 0.0197, 0.6588 -0.2743 0.0197, 0.6689 -0.3543 0.0197, 0.6413 -0.0508 0.0197, 0.6351 -0.0589 0.0197, 0.6312 -0.0683 0.0197, -0.147 -0.6312 0.0197, -0.1571 -0.6299 0.0197, -0.3348 0.6351 0.0197, -0.3254 0.6312 0.0197, -0.3154 0.6299 0.0197, -0.2808 0.6494 0.0197, -0.2769 0.6588 0.0197, -0.1955 0.6588 0.0197, -0.1969 0.6689 0.0197, -0.1181 0.6689 0.0197, -0.0341 0.6494 0.0197, -0.028 0.6413 0.0197, -0.0199 0.6351 0.0197, -0.0105 0.6312 0.0197, -0.0004 0.6299 0.0197, 0.0004 0.6299 0.0197, 0.0105 0.6312 0.0197, 0.1969 0.6465 0.0197, 0.2756 0.6689 0.0197, 0.1959 0.6378 0.0197, 0.2769 0.6588 0.0197, 0.193 0.6295 0.0197, 0.2808 0.6494 0.0197, 0.1883 0.6222 0.0197, 0.1822 0.616 0.0197, 0.3154 0.6299 0.0197, 0.3254 0.6312 0.0197, 0.6351 0.3738 0.0197, 0.6588 0.3557 0.0197, 0.6689 0.2756 0.0197, -0.3154 -0.6299 0.0197, -0.6299 -0.4921 0.0197, -0.4829 -0.6312 0.0197, 0.5118 -0.6689 0.0197, 0.5105 -0.6588 0.0197, 0.2769 -0.6588 0.0197, 0.1916 -0.6494 0.0197, 0.1854 -0.6413 0.0197, -0.1194 0.6588 0.0197, -0.0394 0.6689 0.0197, 0.1748 0.6113 0.0197, 0.287 0.6413 0.0197, 0.1665 0.6085 0.0197, 0.4369 0.6126 0.0197, 0.4416 0.6052 0.0197, 0.4897 0.5944 0.0197, 0.4971 0.5991 0.0197, 0.5033 0.6052 0.0197, 0.508 0.6126 0.0197, 0.6494 -0.2021 0.0197, 0.6413 -0.2083 0.0197, 0.6299 -0.0791 0.0197, 0.6494 -0.3596 0.0197, 0.6413 -0.3657 0.0197, 0.6299 -0.2366 0.0197, 0.6351 -0.3738 0.0197, 0.6312 -0.3832 0.0197, -0.1579 -0.6299 0.0197, -0.168 -0.6312 0.0197, -0.1774 -0.6351 0.0197, -0.1233 -0.6494 0.0197, -0.1295 -0.6413 0.0197, -0.038 -0.6588 0.0197, -0.1376 -0.6351 0.0197, -0.0341 -0.6494 0.0197, 0.0394 0.6689 0.0197, 0.1181 0.6465 0.0197, 0.038 0.6588 0.0197, 0.1191 0.6378 0.0197, 0.0341 0.6494 0.0197, 0.122 0.6295 0.0197, 0.1266 0.6222 0.0197, 0.434 0.6209 0.0197, 0.472 0.5906 0.0197, 0.4728 0.5906 0.0197, 0.4815 0.5915 0.0197, 0.6413 0.2642 0.0197, 0.6351 0.2561 0.0197, 0.6312 0.2467 0.0197, 0.6413 0.1067 0.0197, 0.6351 0.0986 0.0197, 0.6312 0.0892 0.0197, 0.6351 -0.2163 0.0197, 0.6312 -0.2257 0.0197, 0.6299 -0.2358 0.0197, 0.3491 -0.6494 0.0197, 0.3429 -0.6413 0.0197, 0.4344 -0.6588 0.0197, 0.3348 -0.6351 0.0197, 0.3254 -0.6312 0.0197, 0.0199 0.6351 0.0197, 0.028 0.6413 0.0197, 0.6299 -0.0783 0.0197, 0.6299 -0.3933 0.0197, -0.1854 -0.6413 0.0197, -0.1916 -0.6494 0.0197, -0.462 -0.6312 0.0197, -0.472 -0.6299 0.0197, -0.4728 -0.6299 0.0197, 0.2756 -0.6689 0.0197, 0.1969 -0.6689 0.0197, 0.1955 -0.6588 0.0197, 0.1328 0.616 0.0197, 0.1402 0.6113 0.0197, 0.1484 0.6085 0.0197, 0.1571 0.6075 0.0197, 0.4477 0.5991 0.0197, 0.4551 0.5944 0.0197, 0.4634 0.5915 0.0197, 0.5118 0.6295 0.0197, 0.5108 0.6209 0.0197, 0.6689 0.1969 0.0197, 0.6689 0.0394 0.0197, -0.2951 -0.6351 0.0197, -0.3045 -0.6312 0.0197, -0.3146 -0.6299 0.0197, 0.1376 -0.6351 0.0197, 0.1295 -0.6413 0.0197, 0.0199 -0.6351 0.0197, 0.0004 -0.6299 0.0197, -0.0004 -0.6299 0.0197, -0.0105 -0.6312 0.0197, -0.4724 0.3062 0.0197, -0.0394 -0.6689 0.0197, -0.1181 -0.6689 0.0197, -0.1194 -0.6588 0.0197, 0.1579 0.6075 0.0197, 0.6312 0.2257 0.0197, 0.6351 0.2163 0.0197, 0.6588 0.1168 0.0197, 0.6413 0.2083 0.0197, 0.6494 0.2021 0.0197, 0.6588 0.1982 0.0197, 0.6689 0.1181 0.0197, 0.6299 0.2366 0.0197, 0.6299 0.2358 0.0197, 0.6494 0.1129 0.0197, 0.6312 0.0683 0.0197, 0.6351 0.0589 0.0197, 0.6588 -0.0407 0.0197, 0.6413 0.0508 0.0197, 0.6494 0.0446 0.0197, 0.6588 0.0407 0.0197, 0.6689 -0.0394 0.0197, -0.4526 -0.6351 0.0197, -0.3491 -0.6494 0.0197, -0.3429 -0.6413 0.0197, 0.147 -0.6312 0.0197, 0.0341 -0.6494 0.0197, 0.028 -0.6413 0.0197, 0.1194 -0.6588 0.0197, 0.1233 -0.6494 0.0197, 0.168 -0.6312 0.0197, 0.1579 -0.6299 0.0197, 0.287 -0.6413 0.0197, 0.1181 -0.6689 0.0197, 0.0394 -0.6689 0.0197, 0.038 -0.6588 0.0197, 0.4331 -0.6689 0.0197, 0.3543 -0.6689 0.0197, 0.353 -0.6588 0.0197, -0.5105 0.6588 0.0197, -0.5066 0.6494 0.0197, 0.6494 -0.0446 0.0197, 0.6299 0.0783 0.0197, 0.6299 0.0791 0.0197, 0.1774 -0.6351 0.0197, 0.2808 -0.6494 0.0197, -0.0199 -0.6351 0.0197, -0.4724 -0.0481 0.0197, 0.5066 -0.6494 0.0197, 0.5004 -0.6413 0.0197, 0.4923 -0.6351 0.0197, -0.028 -0.6413 0.0197, 0.1571 -0.6299 0.0197, 0.4829 -0.6312 0.0197, 0.4728 -0.6299 0.0197, 0.472 -0.6299 0.0197, 0.0105 -0.6312 0.0197, 0.462 -0.6312 0.0197, 0.4526 -0.6351 0.0197, 0.3154 -0.6299 0.0197, 0.4445 -0.6413 0.0197, 0.4383 -0.6494 0.0197, 0.3146 -0.6299 0.0197, 0.3045 -0.6312 0.0197, 0.2951 -0.6351 0.0197, 0.6693 -0.5906 0.0197, -0.6693 -0.5709 0.0197, -0.6693 0.5709 0.0197, -0.6693 0.5709 0.0197
            ]
        }
        coordIndex [
            0,1,2,-1,3,4,5,-1,6,7,8,-1,9,2,10,-1,10,2,1,-1,10,1,11,-1,11,1,12,-1,13,14,2,-1,2,15,16,-1,16,15,17,-1,5,0,3,-1,3,0,2,-1,3,2,18,-1,18,2,16,-1,18,16,19,-1,19,16,20,-1,8,13,6,-1,6,13,2,-1,6,2,21,-1,21,2,9,-1,21,9,22,-1,22,9,23,-1,15,24,17,-1,17,24,25,-1,17,25,26,-1,27,28,29,-1,29,28,2,-1,29,2,30,-1,30,2,14,-1,30,14,31,-1,31,14,32,-1,33,34,35,-1,35,34,17,-1,35,17,36,-1,36,17,26,-1,37,38,39,-1,40,41,42,-1,43,44,45,-1,45,44,46,-1,47,48,49,-1,50,51,52,-1,52,51,53,-1,54,55,56,-1,56,55,2,-1,56,2,57,-1,57,2,28,-1,49,58,47,-1,47,58,55,-1,47,55,59,-1,59,55,54,-1,59,54,60,-1,60,54,61,-1,62,63,64,-1,64,63,65,-1,66,67,38,-1,38,67,68,-1,38,68,39,-1,39,68,69,-1,70,71,53,-1,53,71,72,-1,53,72,52,-1,52,72,73,-1,74,75,76,-1,76,75,71,-1,76,71,77,-1,77,71,70,-1,77,70,78,-1,78,70,79,-1,42,37,40,-1,40,37,39,-1,40,39,65,-1,65,39,55,-1,65,55,64,-1,64,55,58,-1,73,80,52,-1,52,80,81,-1,52,81,82,-1,68,45,69,-1,69,45,46,-1,69,46,83,-1,83,46,52,-1,83,52,84,-1,84,52,82,-1,71,75,85,-1,86,87,88,-1,89,90,91,-1,91,90,92,-1,85,93,71,-1,71,93,91,-1,71,91,94,-1,94,91,92,-1,94,92,95,-1,96,97,94,-1,88,96,86,-1,86,96,94,-1,86,94,98,-1,98,94,95,-1,98,95,99,-1,99,95,100,-1,101,102,103,-1,103,104,101,-1,101,104,94,-1,101,94,105,-1,105,94,97,-1,105,97,106,-1,106,97,107,-1,108,109,110,-1,110,109,111,-1,112,113,114,-1,114,113,115,-1,116,117,118,-1,118,117,119,-1,118,119,115,-1,115,119,120,-1,115,120,114,-1,114,120,121,-1,121,122,114,-1,114,122,123,-1,114,123,111,-1,111,123,94,-1,111,94,110,-1,110,94,104,-1,124,125,126,-1,127,128,129,-1,130,131,132,-1,133,134,135,-1,135,134,136,-1,137,135,138,-1,138,135,136,-1,138,136,139,-1,139,136,140,-1,141,142,140,-1,140,142,143,-1,140,143,139,-1,139,143,130,-1,139,130,144,-1,144,130,132,-1,145,146,147,-1,147,146,148,-1,148,149,138,-1,150,151,152,-1,152,151,153,-1,154,33,155,-1,155,33,35,-1,155,35,153,-1,153,35,139,-1,153,139,152,-1,152,139,144,-1,126,156,124,-1,124,156,157,-1,124,157,158,-1,158,157,119,-1,158,119,159,-1,159,119,117,-1,138,160,148,-1,148,160,161,-1,148,161,162,-1,163,164,149,-1,149,164,165,-1,149,165,138,-1,138,165,127,-1,138,127,137,-1,137,127,129,-1,162,166,148,-1,148,166,167,-1,148,167,168,-1,156,147,157,-1,157,147,148,-1,157,148,169,-1,169,148,168,-1,159,117,170,-1,170,117,116,-1,171,22,23,-1,8,7,172,-1,172,7,173,-1,174,5,4,-1,175,176,177,-1,177,176,178,-1,177,178,179,-1,179,180,177,-1,177,180,181,-1,177,181,182,-1,183,184,177,-1,90,89,185,-1,185,89,177,-1,185,177,186,-1,186,177,187,-1,11,12,188,-1,188,12,189,-1,190,191,177,-1,192,193,194,-1,113,112,195,-1,195,112,196,-1,196,197,195,-1,195,197,198,-1,195,198,199,-1,184,200,177,-1,177,200,201,-1,177,201,187,-1,202,203,204,-1,60,61,205,-1,205,61,206,-1,205,206,207,-1,208,209,210,-1,211,212,177,-1,177,212,213,-1,177,213,214,-1,132,131,215,-1,215,131,216,-1,215,216,192,-1,192,216,217,-1,192,217,193,-1,199,218,195,-1,195,218,219,-1,195,219,220,-1,221,222,206,-1,206,222,223,-1,206,223,207,-1,19,20,224,-1,224,20,225,-1,151,150,226,-1,227,228,214,-1,214,228,229,-1,214,229,177,-1,177,229,230,-1,177,230,231,-1,177,232,195,-1,195,232,233,-1,195,233,234,-1,235,88,87,-1,236,237,238,-1,238,237,239,-1,238,239,240,-1,241,99,100,-1,242,243,244,-1,49,48,245,-1,245,48,246,-1,245,246,208,-1,208,246,247,-1,208,247,209,-1,63,62,248,-1,248,62,249,-1,248,249,202,-1,202,249,250,-1,202,250,203,-1,182,251,177,-1,177,251,252,-1,177,252,192,-1,253,142,141,-1,231,254,177,-1,177,254,255,-1,177,255,190,-1,256,191,257,-1,258,259,177,-1,177,259,260,-1,146,145,261,-1,261,145,262,-1,261,262,263,-1,264,265,266,-1,267,109,108,-1,220,268,195,-1,195,268,269,-1,195,269,270,-1,271,272,273,-1,273,272,274,-1,273,274,275,-1,275,276,273,-1,273,276,235,-1,273,235,277,-1,277,235,87,-1,240,278,238,-1,238,278,241,-1,238,241,279,-1,279,241,100,-1,280,281,195,-1,195,281,282,-1,283,284,244,-1,194,285,192,-1,192,285,286,-1,192,286,177,-1,177,286,287,-1,177,287,211,-1,214,288,227,-1,227,288,289,-1,227,289,290,-1,290,289,253,-1,290,253,291,-1,291,253,141,-1,292,134,133,-1,256,293,191,-1,191,293,294,-1,191,294,177,-1,177,294,295,-1,177,295,296,-1,296,297,177,-1,177,297,298,-1,177,298,299,-1,164,163,300,-1,300,163,301,-1,300,301,302,-1,302,301,303,-1,302,303,304,-1,304,303,305,-1,304,305,306,-1,306,305,307,-1,260,308,177,-1,177,308,309,-1,177,309,232,-1,270,269,266,-1,266,269,310,-1,266,310,264,-1,265,311,266,-1,266,311,267,-1,266,267,312,-1,312,267,108,-1,242,244,313,-1,31,32,314,-1,314,32,244,-1,314,244,206,-1,206,244,315,-1,206,315,221,-1,78,79,177,-1,177,79,316,-1,177,316,317,-1,318,319,320,-1,257,321,256,-1,256,321,292,-1,256,292,322,-1,322,292,133,-1,307,305,323,-1,323,305,324,-1,323,324,325,-1,326,327,234,-1,328,329,195,-1,195,329,330,-1,195,330,331,-1,273,332,271,-1,271,332,333,-1,271,333,334,-1,238,335,236,-1,236,335,336,-1,236,336,337,-1,337,336,338,-1,337,338,339,-1,284,340,244,-1,244,340,341,-1,244,341,342,-1,343,344,345,-1,345,344,346,-1,345,346,347,-1,129,128,348,-1,348,128,349,-1,348,349,350,-1,350,349,351,-1,350,351,352,-1,352,351,353,-1,352,353,354,-1,263,262,234,-1,234,262,355,-1,234,355,326,-1,356,357,195,-1,195,357,358,-1,195,358,328,-1,270,359,195,-1,195,359,360,-1,195,360,361,-1,362,363,195,-1,195,363,364,-1,365,366,195,-1,195,366,367,-1,368,369,370,-1,370,369,371,-1,370,371,372,-1,299,373,177,-1,177,373,374,-1,177,374,352,-1,282,375,195,-1,195,375,334,-1,195,334,365,-1,365,334,333,-1,367,337,195,-1,195,337,339,-1,195,339,177,-1,177,339,376,-1,177,376,183,-1,342,377,244,-1,244,377,378,-1,244,378,202,-1,379,380,244,-1,244,380,381,-1,244,381,315,-1,44,43,382,-1,382,43,383,-1,382,383,318,-1,318,383,384,-1,318,384,319,-1,354,385,352,-1,352,385,386,-1,352,386,177,-1,177,386,387,-1,177,387,388,-1,327,389,234,-1,234,389,390,-1,234,390,195,-1,195,390,391,-1,195,391,356,-1,126,125,392,-1,392,125,195,-1,392,195,393,-1,393,195,331,-1,394,103,102,-1,395,106,107,-1,204,396,202,-1,202,396,397,-1,202,397,244,-1,244,397,398,-1,244,398,313,-1,399,400,401,-1,402,403,175,-1,175,403,404,-1,175,404,224,-1,224,404,405,-1,42,41,406,-1,406,41,407,-1,406,407,345,-1,345,407,408,-1,345,408,343,-1,324,258,325,-1,325,258,177,-1,325,177,409,-1,409,177,388,-1,410,411,412,-1,412,411,413,-1,412,413,414,-1,414,415,412,-1,412,415,394,-1,412,394,416,-1,416,394,102,-1,361,417,195,-1,195,417,418,-1,195,418,362,-1,362,418,410,-1,362,410,419,-1,419,410,412,-1,420,421,422,-1,422,421,423,-1,422,423,424,-1,424,425,422,-1,422,425,395,-1,422,395,426,-1,426,395,107,-1,210,427,208,-1,208,427,379,-1,208,379,428,-1,428,379,244,-1,428,244,429,-1,429,244,243,-1,399,401,430,-1,431,432,433,-1,433,432,401,-1,433,401,434,-1,434,401,400,-1,435,436,437,-1,67,66,438,-1,438,66,439,-1,438,439,433,-1,433,439,440,-1,433,440,431,-1,51,50,441,-1,441,50,442,-1,441,442,370,-1,370,442,443,-1,370,443,368,-1,151,226,225,-1,225,226,444,-1,225,444,224,-1,224,444,445,-1,224,445,175,-1,422,446,420,-1,420,446,280,-1,420,280,447,-1,447,280,195,-1,447,195,448,-1,448,195,364,-1,320,449,318,-1,318,449,435,-1,318,435,450,-1,450,435,437,-1,4,405,174,-1,174,405,404,-1,174,404,189,-1,189,404,451,-1,189,451,188,-1,188,451,452,-1,317,453,177,-1,177,453,454,-1,177,454,455,-1,23,452,171,-1,171,452,451,-1,171,451,173,-1,173,451,456,-1,173,456,172,-1,172,456,347,-1,172,347,244,-1,244,347,346,-1,244,346,283,-1,436,457,177,-1,455,458,177,-1,177,458,459,-1,177,459,460,-1,457,430,177,-1,177,430,401,-1,177,401,175,-1,175,401,461,-1,175,461,402,-1,460,462,177,-1,177,462,463,-1,177,463,464,-1,464,463,465,-1,464,465,372,-1,372,465,466,-1,372,466,370,-1,464,467,177,-1,177,467,468,-1,177,468,436,-1,436,468,469,-1,436,469,437,-1,85,75,470,-1,470,75,74,-1,57,28,471,-1,471,28,27,-1,34,33,472,-1,472,33,154,-1,
        ]
    }
}
Shape{
    appearance Appearance {
        material  Material 	{
            diffuseColor 1.0 1.0 1.0
            specularColor 0.8784313725490196 0.8784313725490196 0.8784313725490196
            ambientIntensity 0.2
            transparency 0
            shininess 0.5
        }
    }
    geometry IndexedFaceSet {
        ccw TRUE
        solid FALSE
        coord DEF co Coordinate {
            point [
                0.3172 0.6074 0.3583, 0.3214 0.6022 0.3583, 0.3146 0.6326 0.3583, 0.3097 0.6821 0.3583, 0.316 0.6855 0.3583, 0.3147 0.703 0.3583, 0.3323 0.7038 0.3583, 0.3411 0.683 0.3583, 0.3454 0.692 0.3583, 0.3698 0.6227 0.3583, 0.3698 0.6255 0.3583, 0.3458 0.6324 0.3583, 0.3431 0.6333 0.3583, 0.3084 0.6364 0.3583, 0.3104 0.6147 0.3583, 0.3143 0.6135 0.3583, 0.3257 0.7043 0.3583, 0.35 0.629 0.3583, 0.3513 0.6267 0.3583, 0.3697 0.6197 0.3583, 0.4097 0.6466 0.3583, 0.4009 0.6617 0.3583, 0.3627 0.6417 0.3583, 0.3411 0.6335 0.3583, 0.3385 0.6332 0.3583, 0.3346 0.6506 0.3583, 0.336 0.6322 0.3583, 0.3283 0.6482 0.3583, 0.3337 0.6307 0.3583, 0.3225 0.6441 0.3583, 0.3321 0.6289 0.3583, 0.3178 0.6387 0.3583, 0.3308 0.6265 0.3583, 0.3301 0.6238 0.3583, 0.3517 0.6495 0.3583, 0.3448 0.6512 0.3583, 0.3414 0.6514 0.3583, 0.3481 0.6309 0.3583, 0.3338 0.614 0.3583, 0.3361 0.6125 0.3583, 0.327 0.598 0.3583, 0.3387 0.6115 0.3583, 0.4191 0.6747 0.3583, 0.4213 0.6747 0.3583, 0.433 0.6901 0.3583, 0.4268 0.6741 0.3583, 0.4344 0.6896 0.3583, 0.4317 0.6722 0.3583, 0.4429 0.6854 0.3583, 0.4506 0.6789 0.3583, 0.3381 0.7106 0.3583, 0.3518 0.6996 0.3583, 0.3448 0.7163 0.3583, 0.3594 0.7052 0.3583, 0.3533 0.7214 0.3583, 0.323 0.6871 0.3583, 0.326 0.6873 0.3583, 0.329 0.7042 0.3583, 0.3326 0.6864 0.3583, 0.339 0.6841 0.3583, 0.3577 0.6463 0.3583, 0.4507 0.6258 0.3583, 0.4374 0.6371 0.3583, 0.4429 0.6192 0.3583, 0.4332 0.6336 0.3583, 0.4342 0.615 0.3583, 0.4282 0.6313 0.3583, 0.4248 0.613 0.3583, 0.4231 0.6303 0.3583, 0.408 0.613 0.3583, 0.4102 0.6303 0.3583, 0.4064 0.6132 0.3583, 0.332 0.616 0.3583, 0.3307 0.6184 0.3583, 0.3301 0.621 0.3583, 0.4361 0.6691 0.3583, 0.4394 0.6654 0.3583, 0.4564 0.6708 0.3583, 0.4421 0.6605 0.3583, 0.4599 0.6621 0.3583, 0.4434 0.655 0.3583, 0.4612 0.6528 0.3583, 0.4435 0.6525 0.3583, 0.4599 0.6427 0.3583, 0.4429 0.647 0.3583, 0.4563 0.6336 0.3583, 0.4409 0.6419 0.3583, 0.4378 0.6375 0.3583, 0.4176 0.7126 0.3583, 0.4065 0.6995 0.3583, 0.4277 0.7007 0.3583, 0.4129 0.6918 0.3583, 0.4173 0.6827 0.3583, 0.2984 0.6657 0.3583, 0.2797 0.6611 0.3583, 0.2975 0.6588 0.3583, 0.2796 0.6582 0.3583, 0.2979 0.6544 0.3583, 0.2809 0.6472 0.3583, 0.2999 0.6475 0.3583, 0.285 0.6366 0.3583, 0.3033 0.6417 0.3583, 0.2915 0.6272 0.3583, 0.3002 0.6198 0.3583, 0.3665 0.7261 0.3583, 0.3687 0.709 0.3583, 0.3789 0.7274 0.3583, 0.3792 0.7103 0.3583, 0.3929 0.7257 0.3583, 0.3889 0.7091 0.3583, 0.407 0.7201 0.3583, 0.3978 0.7057 0.3583, 0.4058 0.7002 0.3583, 0.3041 0.6989 0.3583, 0.295 0.6926 0.3583, 0.3048 0.6777 0.3583, 0.293 0.6907 0.3583, 0.3008 0.672 0.3583, 0.2862 0.682 0.3583, 0.2816 0.6718 0.3583, 0.4088 0.6306 0.3583, 0.402 0.616 0.3583, 0.4026 0.6153 0.3583, 0.352 0.6241 0.3583, 0.3521 0.6213 0.3583, 0.368 0.6127 0.3583, 0.3515 0.6186 0.3583, 0.3646 0.6063 0.3583, 0.3502 0.6161 0.3583, 0.3603 0.6014 0.3583, 0.3484 0.614 0.3583, 0.3546 0.5975 0.3583, 0.3462 0.6125 0.3583, 0.3482 0.595 0.3583, 0.3437 0.6116 0.3583, 0.3414 0.5942 0.3583, 0.3411 0.6113 0.3583, 0.3403 0.5942 0.3583, 0.3335 0.5953 0.3583, 0.4097 0.6304 0.3583, 0.4045 0.614 0.3583, 0.3997 0.6218 0.3583, 0.4 0.6197 0.3583, 0.4007 0.6178 0.3583, 0.4063 0.6303 0.3583, 0.4044 0.6296 0.3583, 0.3998 0.6229 0.3583, 0.4026 0.6283 0.3583, 0.4015 0.627 0.3583, 0.4004 0.6251 0.3583, 0.4085 0.6306 0.3583, 0.4564 0.6708 0.3543, 0.4599 0.6621 0.3543, 0.4612 0.6528 0.3543, 0.4525 0.6763 0.3543, 0.4506 0.6789 0.3543, 0.4429 0.6854 0.3543, 0.4344 0.6896 0.3543, 0.433 0.6901 0.3543, 0.4277 0.7007 0.3543, 0.4176 0.7126 0.3543, 0.4114 0.717 0.3543, 0.407 0.7201 0.3543, 0.3929 0.7257 0.3543, 0.3789 0.7274 0.3543, 0.3448 0.7163 0.3543, 0.3459 0.717 0.3543, 0.3533 0.7214 0.3543, 0.3665 0.7261 0.3543, 0.3381 0.7106 0.3543, 0.3323 0.7038 0.3543, 0.329 0.7042 0.3543, 0.3257 0.7043 0.3543, 0.3147 0.703 0.3543, 0.3041 0.6989 0.3543, 0.295 0.6926 0.3543, 0.293 0.6907 0.3543, 0.2862 0.682 0.3543, 0.2836 0.6763 0.3543, 0.2816 0.6718 0.3543, 0.2797 0.6611 0.3543, 0.2796 0.6582 0.3543, 0.2809 0.6478 0.3543, 0.2809 0.6472 0.3543, 0.285 0.6366 0.3543, 0.2915 0.6272 0.3543, 0.3002 0.6198 0.3543, 0.3104 0.6147 0.3543, 0.3143 0.6135 0.3543, 0.3147 0.6128 0.3543, 0.3172 0.6074 0.3543, 0.3214 0.6022 0.3543, 0.327 0.598 0.3543, 0.3296 0.5969 0.3543, 0.3335 0.5953 0.3543, 0.3403 0.5942 0.3543, 0.3414 0.5942 0.3543, 0.3698 0.6227 0.3543, 0.3482 0.595 0.3543, 0.3531 0.5969 0.3543, 0.3546 0.5975 0.3543, 0.3603 0.6014 0.3543, 0.3646 0.6063 0.3543, 0.368 0.6127 0.3543, 0.368 0.6128 0.3543, 0.3697 0.6197 0.3543, 0.3698 0.6255 0.3543, 0.4097 0.6466 0.3543, 0.4009 0.6617 0.3543, 0.409 0.6478 0.3543, 0.3627 0.6417 0.3543, 0.3743 0.6478 0.3543, 0.3577 0.6463 0.3543, 0.3549 0.6478 0.3543, 0.3517 0.6495 0.3543, 0.3448 0.6512 0.3543, 0.3414 0.6514 0.3543, 0.3346 0.6506 0.3543, 0.3283 0.6482 0.3543, 0.3277 0.6478 0.3543, 0.3225 0.6441 0.3543, 0.3178 0.6387 0.3543, 0.3146 0.6326 0.3543, 0.2975 0.6588 0.3543, 0.3084 0.6364 0.3543, 0.3033 0.6417 0.3543, 0.2999 0.6475 0.3543, 0.2998 0.6478 0.3543, 0.2979 0.6544 0.3543, 0.2984 0.6657 0.3543, 0.3008 0.672 0.3543, 0.3038 0.6763 0.3543, 0.3048 0.6777 0.3543, 0.3097 0.6821 0.3543, 0.316 0.6855 0.3543, 0.323 0.6871 0.3543, 0.326 0.6873 0.3543, 0.3326 0.6864 0.3543, 0.339 0.6841 0.3543, 0.3411 0.683 0.3543, 0.3454 0.692 0.3543, 0.3518 0.6996 0.3543, 0.3594 0.7052 0.3543, 0.3687 0.709 0.3543, 0.3792 0.7103 0.3543, 0.4191 0.6747 0.3543, 0.4187 0.6763 0.3543, 0.4173 0.6827 0.3543, 0.4129 0.6918 0.3543, 0.4065 0.6995 0.3543, 0.4058 0.7002 0.3543, 0.3978 0.7057 0.3543, 0.3889 0.7091 0.3543, 0.4213 0.6747 0.3543, 0.4268 0.6741 0.3543, 0.4317 0.6722 0.3543, 0.4361 0.6691 0.3543, 0.4394 0.6654 0.3543, 0.4421 0.6605 0.3543, 0.4434 0.655 0.3543, 0.4435 0.6525 0.3543, 0.443 0.6478 0.3543, 0.4429 0.647 0.3543, 0.4409 0.6419 0.3543, 0.4378 0.6375 0.3543, 0.4374 0.6371 0.3543, 0.4332 0.6336 0.3543, 0.4282 0.6313 0.3543, 0.4231 0.6303 0.3543, 0.4102 0.6303 0.3543, 0.4097 0.6304 0.3543, 0.4088 0.6306 0.3543, 0.4085 0.6306 0.3543, 0.4063 0.6303 0.3543, 0.4044 0.6296 0.3543, 0.4026 0.6283 0.3543, 0.4015 0.627 0.3543, 0.4004 0.6251 0.3543, 0.3998 0.6229 0.3543, 0.3997 0.6218 0.3543, 0.4 0.6197 0.3543, 0.4007 0.6178 0.3543, 0.402 0.616 0.3543, 0.4026 0.6153 0.3543, 0.4045 0.614 0.3543, 0.4064 0.6132 0.3543, 0.408 0.613 0.3543, 0.4248 0.613 0.3543, 0.4342 0.615 0.3543, 0.4429 0.6192 0.3543, 0.4507 0.6258 0.3543, 0.4563 0.6336 0.3543, 0.4599 0.6427 0.3543, 0.4605 0.6478 0.3543, 0.3411 0.6335 0.3543, 0.3431 0.6333 0.3543, 0.3458 0.6324 0.3543, 0.3481 0.6309 0.3543, 0.35 0.629 0.3543, 0.3513 0.6267 0.3543, 0.352 0.6241 0.3543, 0.3521 0.6213 0.3543, 0.3515 0.6186 0.3543, 0.3502 0.6161 0.3543, 0.3484 0.614 0.3543, 0.3462 0.6125 0.3543, 0.3437 0.6116 0.3543, 0.3411 0.6113 0.3543, 0.3387 0.6115 0.3543, 0.3361 0.6125 0.3543, 0.3338 0.614 0.3543, 0.332 0.616 0.3543, 0.3307 0.6184 0.3543, 0.3301 0.621 0.3543, 0.3301 0.6238 0.3543, 0.3308 0.6265 0.3543, 0.3321 0.6289 0.3543, 0.3337 0.6307 0.3543, 0.336 0.6322 0.3543, 0.3385 0.6332 0.3543, 0.3385 0.6332 0.3543
            ]
        }
        coordIndex [
            0,1,2,-1,3,4,5,-1,6,7,8,-1,9,10,11,-1,11,10,12,-1,13,14,2,-1,2,14,15,-1,2,15,0,-1,5,4,16,-1,17,18,19,-1,20,21,10,-1,10,21,22,-1,10,22,12,-1,12,22,23,-1,24,25,26,-1,26,25,27,-1,26,27,28,-1,28,27,29,-1,28,29,30,-1,30,29,31,-1,30,31,32,-1,32,31,2,-1,32,2,33,-1,34,35,24,-1,24,35,36,-1,24,36,25,-1,9,11,19,-1,19,11,37,-1,19,37,17,-1,38,1,39,-1,39,1,40,-1,39,40,41,-1,42,43,44,-1,44,43,45,-1,44,45,46,-1,46,45,47,-1,46,47,48,-1,48,47,49,-1,6,8,50,-1,50,8,51,-1,50,51,52,-1,52,51,53,-1,52,53,54,-1,4,55,16,-1,16,55,56,-1,16,56,57,-1,57,56,58,-1,57,58,6,-1,6,58,59,-1,6,59,7,-1,23,22,24,-1,24,22,60,-1,24,60,34,-1,61,62,63,-1,63,62,64,-1,63,64,65,-1,65,64,66,-1,65,66,67,-1,67,66,68,-1,67,68,69,-1,69,68,70,-1,69,70,71,-1,38,72,1,-1,1,72,73,-1,1,73,2,-1,2,73,74,-1,2,74,33,-1,47,75,49,-1,49,75,76,-1,49,76,77,-1,77,76,78,-1,77,78,79,-1,79,78,80,-1,79,80,81,-1,81,80,82,-1,81,82,83,-1,83,82,84,-1,83,84,85,-1,85,84,86,-1,85,86,61,-1,61,86,87,-1,61,87,62,-1,88,89,90,-1,90,89,91,-1,90,91,44,-1,44,91,92,-1,44,92,42,-1,93,94,95,-1,95,94,96,-1,95,96,97,-1,97,96,98,-1,97,98,99,-1,99,98,100,-1,99,100,101,-1,101,100,102,-1,101,102,13,-1,13,102,103,-1,13,103,14,-1,54,53,104,-1,104,53,105,-1,104,105,106,-1,106,105,107,-1,106,107,108,-1,108,107,109,-1,108,109,110,-1,110,109,111,-1,110,111,88,-1,88,111,112,-1,88,112,89,-1,5,113,3,-1,3,113,114,-1,3,114,115,-1,115,114,116,-1,115,116,117,-1,117,116,118,-1,117,118,93,-1,93,118,119,-1,93,119,94,-1,120,121,122,-1,18,123,19,-1,19,123,124,-1,19,124,125,-1,125,124,126,-1,125,126,127,-1,127,126,128,-1,127,128,129,-1,129,128,130,-1,129,130,131,-1,131,130,132,-1,131,132,133,-1,133,132,134,-1,133,134,135,-1,135,134,136,-1,135,136,137,-1,137,136,41,-1,137,41,138,-1,138,41,40,-1,70,139,71,-1,71,139,120,-1,71,120,140,-1,140,120,122,-1,141,142,120,-1,120,142,143,-1,120,143,121,-1,144,145,146,-1,145,147,146,-1,146,147,148,-1,146,148,149,-1,141,120,146,-1,146,120,150,-1,146,150,144,-1,151,79,152,-1,152,79,81,-1,152,81,153,-1,154,49,151,-1,151,49,77,-1,151,77,79,-1,154,155,49,-1,49,155,156,-1,49,156,48,-1,48,156,157,-1,48,157,46,-1,46,157,158,-1,46,158,44,-1,44,158,159,-1,44,159,90,-1,90,159,160,-1,90,160,88,-1,88,160,110,-1,110,160,161,-1,161,162,110,-1,110,162,163,-1,110,163,108,-1,108,163,164,-1,108,164,106,-1,165,52,166,-1,166,52,54,-1,166,54,167,-1,167,54,104,-1,167,104,168,-1,168,104,106,-1,168,106,164,-1,52,165,169,-1,52,169,50,-1,50,169,170,-1,50,170,6,-1,6,170,171,-1,6,171,57,-1,57,171,172,-1,57,172,16,-1,16,172,173,-1,16,173,5,-1,5,173,174,-1,5,174,113,-1,113,174,175,-1,113,175,114,-1,114,175,176,-1,114,176,116,-1,116,176,177,-1,178,119,177,-1,177,119,118,-1,177,118,116,-1,178,179,119,-1,119,179,180,-1,119,180,94,-1,94,180,181,-1,94,181,96,-1,181,182,96,-1,96,182,98,-1,182,183,98,-1,98,183,184,-1,98,184,100,-1,100,184,185,-1,100,185,102,-1,102,185,186,-1,102,186,103,-1,103,186,187,-1,103,187,14,-1,14,187,188,-1,14,188,15,-1,15,188,189,-1,15,189,0,-1,189,190,0,-1,0,190,191,-1,0,191,1,-1,1,191,192,-1,1,192,40,-1,40,192,193,-1,40,193,138,-1,193,194,138,-1,138,194,195,-1,138,195,137,-1,137,195,196,-1,137,196,135,-1,197,9,19,-1,135,196,198,-1,135,198,133,-1,133,198,199,-1,133,199,131,-1,199,200,131,-1,131,200,201,-1,131,201,129,-1,129,201,202,-1,129,202,127,-1,127,202,203,-1,127,203,125,-1,125,203,204,-1,125,204,19,-1,19,204,205,-1,19,205,197,-1,10,9,206,-1,206,9,197,-1,20,10,207,-1,207,10,206,-1,208,21,209,-1,209,21,20,-1,209,20,207,-1,210,22,211,-1,211,22,21,-1,211,21,208,-1,22,210,212,-1,22,212,60,-1,60,212,213,-1,60,213,34,-1,213,214,34,-1,34,214,215,-1,34,215,35,-1,35,215,216,-1,35,216,36,-1,36,216,217,-1,36,217,25,-1,25,217,218,-1,25,218,27,-1,27,218,219,-1,27,219,29,-1,219,220,29,-1,29,220,221,-1,29,221,31,-1,31,221,222,-1,31,222,2,-1,223,95,97,-1,2,222,224,-1,2,224,13,-1,13,224,225,-1,13,225,101,-1,101,225,226,-1,101,226,99,-1,99,226,227,-1,99,227,97,-1,97,227,228,-1,97,228,223,-1,95,223,229,-1,95,229,93,-1,93,229,230,-1,93,230,117,-1,117,230,231,-1,117,231,115,-1,231,232,115,-1,115,232,233,-1,115,233,3,-1,3,233,234,-1,3,234,4,-1,4,234,235,-1,4,235,55,-1,55,235,236,-1,55,236,56,-1,56,236,237,-1,56,237,58,-1,58,237,238,-1,58,238,59,-1,59,238,239,-1,59,239,7,-1,7,239,240,-1,7,240,8,-1,8,240,241,-1,8,241,51,-1,51,241,242,-1,51,242,53,-1,53,242,243,-1,53,243,105,-1,105,243,244,-1,105,244,107,-1,245,42,246,-1,246,42,92,-1,246,92,247,-1,247,92,91,-1,247,91,248,-1,248,91,89,-1,248,89,249,-1,249,89,112,-1,249,112,250,-1,250,112,111,-1,250,111,251,-1,251,111,109,-1,251,109,252,-1,252,109,107,-1,252,107,244,-1,43,42,253,-1,253,42,245,-1,43,253,254,-1,43,254,45,-1,45,254,255,-1,45,255,47,-1,47,255,256,-1,47,256,75,-1,75,256,257,-1,75,257,76,-1,76,257,258,-1,76,258,78,-1,78,258,259,-1,78,259,80,-1,80,259,260,-1,80,260,82,-1,260,261,82,-1,82,261,84,-1,261,262,84,-1,84,262,263,-1,84,263,86,-1,86,263,264,-1,86,264,87,-1,87,264,265,-1,87,265,62,-1,62,265,266,-1,62,266,64,-1,64,266,267,-1,64,267,66,-1,66,267,268,-1,66,268,68,-1,70,68,269,-1,269,68,268,-1,70,269,270,-1,70,270,139,-1,139,270,271,-1,139,271,120,-1,120,271,272,-1,120,272,150,-1,150,272,273,-1,150,273,144,-1,144,273,274,-1,144,274,145,-1,145,274,275,-1,145,275,147,-1,147,275,276,-1,147,276,148,-1,148,276,277,-1,148,277,149,-1,149,277,278,-1,149,278,146,-1,146,278,279,-1,146,279,141,-1,141,279,280,-1,141,280,142,-1,142,280,281,-1,142,281,143,-1,143,281,282,-1,143,282,121,-1,121,282,283,-1,121,283,122,-1,122,283,284,-1,122,284,140,-1,140,284,285,-1,140,285,71,-1,71,285,286,-1,71,286,69,-1,67,69,287,-1,287,69,286,-1,67,287,288,-1,67,288,65,-1,65,288,289,-1,65,289,63,-1,63,289,290,-1,63,290,61,-1,61,290,291,-1,61,291,85,-1,85,291,292,-1,85,292,83,-1,83,292,81,-1,81,292,293,-1,81,293,153,-1,23,294,295,-1,23,295,12,-1,12,295,296,-1,12,296,11,-1,11,296,297,-1,11,297,37,-1,37,297,298,-1,37,298,17,-1,17,298,299,-1,17,299,18,-1,18,299,300,-1,18,300,123,-1,123,300,301,-1,123,301,124,-1,124,301,302,-1,124,302,126,-1,126,302,303,-1,126,303,128,-1,128,303,304,-1,128,304,130,-1,130,304,305,-1,130,305,132,-1,132,305,306,-1,132,306,134,-1,134,306,307,-1,134,307,136,-1,136,307,308,-1,136,308,41,-1,41,308,309,-1,41,309,39,-1,39,309,310,-1,39,310,38,-1,38,310,311,-1,38,311,72,-1,72,311,312,-1,72,312,73,-1,73,312,313,-1,73,313,74,-1,74,313,314,-1,74,314,33,-1,33,314,315,-1,33,315,32,-1,32,315,316,-1,32,316,30,-1,30,316,317,-1,30,317,28,-1,28,317,318,-1,28,318,26,-1,26,318,319,-1,26,319,24,-1,24,319,294,-1,24,294,23,-1,
        ]
    }
}
Shape{
    appearance Appearance {
        material  Material 	{
            diffuseColor 0.10980392156862745 0.10980392156862745 0.10980392156862745
            specularColor 0.0784313725490196 0.0784313725490196 0.0784313725490196
            ambientIntensity 0.2
            transparency 0
            shininess 0.5
        }
    }
    geometry IndexedFaceSet {
        ccw TRUE
        solid FALSE
        coord DEF co Coordinate {
            point [
                0.3437 0.6116 0.3543, 0.3431 0.6333 0.3543, 0.3411 0.6113 0.3543, 0.3411 0.6335 0.3543, 0.3385 0.6332 0.3543, 0.336 0.6322 0.3543, 0.3337 0.6307 0.3543, 0.3321 0.6289 0.3543, 0.3307 0.6184 0.3543, 0.332 0.616 0.3543, 0.3338 0.614 0.3543, 0.3484 0.614 0.3543, 0.35 0.629 0.3543, 0.3481 0.6309 0.3543, 0.3361 0.6125 0.3543, 0.3387 0.6115 0.3543, 0.3462 0.6125 0.3543, 0.3458 0.6324 0.3543, 0.3308 0.6265 0.3543, 0.3301 0.6238 0.3543, 0.3301 0.621 0.3543, 0.3515 0.6186 0.3543, 0.3521 0.6213 0.3543, 0.3502 0.6161 0.3543, 0.352 0.6241 0.3543, 0.3513 0.6267 0.3543, 0.3513 0.6267 0.3543
            ]
        }
        coordIndex [
            0,1,2,-1,2,1,3,-1,2,3,4,-1,4,5,2,-1,2,5,6,-1,2,6,7,-1,8,9,7,-1,7,9,10,-1,11,12,13,-1,10,14,7,-1,7,14,15,-1,7,15,2,-1,0,16,1,-1,1,16,11,-1,1,11,17,-1,17,11,13,-1,18,19,7,-1,7,19,20,-1,7,20,8,-1,21,22,23,-1,23,22,24,-1,23,24,11,-1,11,24,25,-1,11,25,12,-1,
        ]
    }
}
Shape{
    appearance Appearance {
        material  Material 	{
            diffuseColor 1.0 1.0 1.0
            specularColor 0.8784313725490196 0.8784313725490196 0.8784313725490196
            ambientIntensity 0.2
            transparency 0
            shininess 0.5
        }
    }
    geometry IndexedFaceSet {
        ccw TRUE
        solid FALSE
        coord DEF co Coordinate {
            point [
                0.5151 0.6812 0.3583, 0.5151 0.6766 0.3583, 0.5151 0.6812 0.3543, 0.5151 0.6766 0.3543, 0.4992 0.6812 0.3583, 0.4992 0.6812 0.3543, 0.4992 0.7167 0.3583, 0.4992 0.7167 0.3543, 0.494 0.7167 0.3583, 0.494 0.7167 0.3543, 0.494 0.6766 0.3583, 0.494 0.6766 0.3543, 0.5356 0.676 0.3583, 0.5356 0.676 0.3543, 0.5417 0.6765 0.3583, 0.5392 0.6763 0.3543, 0.5417 0.6765 0.3543, 0.546 0.6779 0.3543, 0.546 0.6779 0.3583, 0.5467 0.6783 0.3543, 0.5467 0.6783 0.3583, 0.5467 0.6832 0.3583, 0.5467 0.6832 0.3543, 0.5428 0.6815 0.3543, 0.5428 0.6815 0.3583, 0.5382 0.6806 0.3543, 0.5382 0.6806 0.3583, 0.5364 0.6806 0.3543, 0.5364 0.6806 0.3583, 0.5324 0.681 0.3543, 0.5324 0.681 0.3583, 0.5295 0.6821 0.3543, 0.5295 0.6821 0.3583, 0.5269 0.684 0.3543, 0.5269 0.684 0.3583, 0.5261 0.6848 0.3543, 0.5261 0.6848 0.3583, 0.5243 0.6872 0.3543, 0.5243 0.6872 0.3583, 0.5229 0.6903 0.3543, 0.5229 0.6903 0.3583, 0.5222 0.6942 0.3543, 0.5222 0.6942 0.3583, 0.5222 0.6962 0.3543, 0.5222 0.6962 0.3583, 0.5228 0.7017 0.3543, 0.5228 0.7017 0.3583, 0.5242 0.7052 0.3543, 0.5242 0.7052 0.3583, 0.5261 0.7079 0.3543, 0.5261 0.7079 0.3583, 0.5264 0.7082 0.3543, 0.5264 0.7082 0.3583, 0.5287 0.7102 0.3543, 0.5287 0.7102 0.3583, 0.5318 0.7118 0.3543, 0.5318 0.7118 0.3583, 0.5353 0.7126 0.3543, 0.5353 0.7126 0.3583, 0.5373 0.7127 0.3543, 0.5373 0.7127 0.3583, 0.5422 0.7121 0.3543, 0.5422 0.7121 0.3583, 0.5463 0.7105 0.3543, 0.5463 0.7105 0.3583, 0.5467 0.7103 0.3543, 0.5467 0.7103 0.3583, 0.5467 0.7157 0.3583, 0.5467 0.7157 0.3543, 0.5372 0.7173 0.3543, 0.5372 0.7173 0.3583, 0.5415 0.717 0.3543, 0.5425 0.7169 0.3583, 0.5425 0.7169 0.3543, 0.5344 0.717 0.3543, 0.5314 0.7166 0.3583, 0.5314 0.7166 0.3543, 0.5272 0.715 0.3543, 0.5272 0.715 0.3583, 0.5235 0.7124 0.3543, 0.5235 0.7124 0.3583, 0.5225 0.7114 0.3543, 0.5225 0.7114 0.3583, 0.5196 0.7077 0.3543, 0.5196 0.7077 0.3583, 0.5185 0.7051 0.3543, 0.5177 0.7032 0.3583, 0.5177 0.7032 0.3543, 0.5168 0.698 0.3543, 0.5168 0.698 0.3583, 0.5167 0.6959 0.3543, 0.5167 0.6959 0.3583, 0.5175 0.6894 0.3543, 0.5175 0.6894 0.3583, 0.5185 0.6868 0.3543, 0.5192 0.6852 0.3583, 0.5192 0.6852 0.3543, 0.5215 0.6818 0.3543, 0.5215 0.6818 0.3583, 0.5219 0.6814 0.3543, 0.5219 0.6814 0.3583, 0.5332 0.6761 0.3583, 0.5251 0.6787 0.3543, 0.5251 0.6787 0.3583, 0.5289 0.677 0.3543, 0.5289 0.677 0.3583, 0.5321 0.6763 0.3543, 0.5332 0.6761 0.3543, 0.5763 0.6812 0.3583, 0.5763 0.6766 0.3583, 0.5763 0.6812 0.3543, 0.5763 0.6766 0.3543, 0.5599 0.6812 0.3543, 0.5599 0.6812 0.3583, 0.5707 0.6812 0.3543, 0.5599 0.6947 0.3583, 0.5599 0.6947 0.3543, 0.5742 0.6947 0.3583, 0.5707 0.6947 0.3543, 0.5742 0.6947 0.3543, 0.5742 0.6992 0.3583, 0.5742 0.6992 0.3543, 0.5599 0.6992 0.3543, 0.5599 0.6992 0.3583, 0.5707 0.6992 0.3543, 0.5599 0.7121 0.3583, 0.5599 0.7121 0.3543, 0.5753 0.7121 0.3583, 0.5707 0.7121 0.3543, 0.5753 0.7121 0.3543, 0.5753 0.7167 0.3583, 0.5753 0.7167 0.3543, 0.5547 0.7167 0.3543, 0.5547 0.7167 0.3583, 0.5707 0.7167 0.3543, 0.5547 0.6766 0.3583, 0.5547 0.6766 0.3543, 0.5707 0.6766 0.3543, 0.6104 0.6822 0.3583, 0.6062 0.6849 0.3583, 0.6062 0.6792 0.3583, 0.6037 0.6831 0.3583, 0.6016 0.6775 0.3583, 0.6004 0.6819 0.3583, 0.5948 0.6766 0.3583, 0.5948 0.6812 0.3583, 0.5838 0.6766 0.3583, 0.589 0.6812 0.3583, 0.5838 0.7167 0.3583, 0.589 0.7121 0.3583, 0.5952 0.7167 0.3583, 0.595 0.7121 0.3583, 0.5956 0.7121 0.3583, 0.6014 0.716 0.3583, 0.6007 0.7114 0.3583, 0.6062 0.7142 0.3583, 0.6041 0.71 0.3583, 0.6104 0.7114 0.3583, 0.6066 0.7083 0.3583, 0.6118 0.71 0.3583, 0.6077 0.7072 0.3583, 0.6143 0.7065 0.3583, 0.6093 0.705 0.3583, 0.6157 0.7027 0.3583, 0.6104 0.702 0.3583, 0.6164 0.6972 0.3583, 0.611 0.697 0.3583, 0.6163 0.6946 0.3583, 0.6108 0.6941 0.3583, 0.6153 0.6899 0.3583, 0.61 0.6905 0.3583, 0.6133 0.6858 0.3583, 0.6086 0.6876 0.3583, 0.6067 0.6854 0.3583, 0.5948 0.6766 0.3543, 0.5838 0.6766 0.3543, 0.6104 0.6822 0.3543, 0.6016 0.6775 0.3543, 0.6022 0.6777 0.3543, 0.6062 0.6792 0.3543, 0.6133 0.6858 0.3543, 0.6153 0.6899 0.3543, 0.6163 0.6946 0.3543, 0.6164 0.6972 0.3543, 0.6157 0.7027 0.3543, 0.6143 0.7065 0.3543, 0.6118 0.71 0.3543, 0.6104 0.7114 0.3543, 0.5952 0.7167 0.3543, 0.6062 0.7142 0.3543, 0.6022 0.7157 0.3543, 0.6014 0.716 0.3543, 0.5838 0.7167 0.3543, 0.595 0.7121 0.3543, 0.589 0.7121 0.3543, 0.589 0.6812 0.3543, 0.5948 0.6812 0.3543, 0.6067 0.6854 0.3543, 0.6062 0.6849 0.3543, 0.6037 0.6831 0.3543, 0.6004 0.6819 0.3543, 0.611 0.697 0.3543, 0.6108 0.6941 0.3543, 0.61 0.6905 0.3543, 0.6086 0.6876 0.3543, 0.6066 0.7083 0.3543, 0.6077 0.7072 0.3543, 0.6093 0.705 0.3543, 0.6104 0.702 0.3543, 0.5956 0.7121 0.3543, 0.6007 0.7114 0.3543, 0.6041 0.71 0.3543, 0.6041 0.71 0.3543
            ]
        }
        coordIndex [
            0,1,2,-1,2,1,3,-1,4,0,5,-1,5,0,2,-1,6,4,7,-1,7,4,5,-1,8,6,9,-1,9,6,7,-1,10,8,11,-1,11,8,9,-1,1,10,3,-1,3,10,11,-1,6,8,4,-1,4,8,10,-1,4,10,0,-1,0,10,1,-1,12,13,14,-1,14,13,15,-1,15,16,14,-1,14,16,17,-1,14,17,18,-1,18,17,19,-1,18,19,20,-1,21,20,22,-1,22,20,19,-1,21,22,23,-1,21,23,24,-1,24,23,25,-1,24,25,26,-1,26,25,27,-1,26,27,28,-1,28,27,29,-1,28,29,30,-1,30,29,31,-1,30,31,32,-1,32,31,33,-1,32,33,34,-1,34,33,35,-1,34,35,36,-1,36,35,37,-1,36,37,38,-1,38,37,39,-1,38,39,40,-1,40,39,41,-1,40,41,42,-1,42,41,43,-1,42,43,44,-1,44,43,45,-1,44,45,46,-1,46,45,47,-1,46,47,48,-1,48,47,49,-1,48,49,50,-1,50,49,51,-1,50,51,52,-1,52,51,53,-1,52,53,54,-1,54,53,55,-1,54,55,56,-1,56,55,57,-1,56,57,58,-1,58,57,59,-1,58,59,60,-1,60,59,61,-1,60,61,62,-1,62,61,63,-1,62,63,64,-1,64,63,65,-1,64,65,66,-1,67,66,68,-1,68,66,65,-1,69,70,71,-1,71,70,72,-1,71,72,73,-1,73,72,67,-1,73,67,68,-1,70,69,74,-1,70,74,75,-1,74,76,75,-1,75,76,77,-1,75,77,78,-1,78,77,79,-1,78,79,80,-1,80,79,81,-1,80,81,82,-1,82,81,83,-1,82,83,84,-1,84,83,85,-1,84,85,86,-1,85,87,86,-1,86,87,88,-1,86,88,89,-1,89,88,90,-1,89,90,91,-1,91,90,92,-1,91,92,93,-1,93,92,94,-1,93,94,95,-1,94,96,95,-1,95,96,97,-1,95,97,98,-1,98,97,99,-1,98,99,100,-1,13,12,101,-1,100,99,102,-1,100,102,103,-1,103,102,104,-1,103,104,105,-1,105,104,106,-1,105,106,101,-1,101,106,107,-1,101,107,13,-1,54,56,75,-1,46,48,84,-1,84,48,82,-1,75,56,70,-1,56,58,70,-1,70,58,60,-1,70,60,72,-1,72,60,62,-1,72,62,67,-1,67,62,64,-1,67,64,66,-1,20,21,18,-1,18,21,24,-1,18,24,14,-1,14,24,26,-1,14,26,12,-1,12,26,28,-1,12,28,101,-1,101,28,30,-1,101,30,105,-1,105,30,32,-1,105,32,103,-1,103,32,34,-1,103,34,100,-1,100,34,36,-1,100,36,98,-1,98,36,38,-1,98,38,95,-1,91,44,89,-1,89,44,46,-1,89,46,86,-1,86,46,84,-1,48,50,82,-1,82,50,52,-1,82,52,80,-1,80,52,54,-1,80,54,78,-1,78,54,75,-1,95,38,93,-1,93,38,40,-1,93,40,91,-1,91,40,42,-1,91,42,44,-1,108,109,110,-1,110,109,111,-1,112,113,114,-1,114,113,108,-1,114,108,110,-1,115,113,116,-1,116,113,112,-1,115,116,117,-1,117,116,118,-1,117,118,119,-1,120,117,121,-1,121,117,119,-1,122,123,124,-1,124,123,120,-1,124,120,121,-1,125,123,126,-1,126,123,122,-1,125,126,127,-1,127,126,128,-1,127,128,129,-1,130,127,131,-1,131,127,129,-1,132,133,134,-1,134,133,130,-1,134,130,131,-1,135,133,136,-1,136,133,132,-1,135,136,109,-1,109,136,137,-1,109,137,111,-1,135,109,108,-1,108,113,135,-1,135,113,115,-1,135,115,133,-1,127,130,125,-1,125,130,133,-1,125,133,123,-1,123,133,115,-1,123,115,120,-1,120,115,117,-1,138,139,140,-1,140,139,141,-1,140,141,142,-1,142,141,143,-1,142,143,144,-1,144,143,145,-1,144,145,146,-1,146,145,147,-1,146,147,148,-1,148,147,149,-1,148,149,150,-1,149,151,150,-1,150,151,152,-1,150,152,153,-1,153,152,154,-1,153,154,155,-1,155,154,156,-1,155,156,157,-1,157,156,158,-1,157,158,159,-1,159,158,160,-1,159,160,161,-1,161,160,162,-1,161,162,163,-1,163,162,164,-1,163,164,165,-1,165,164,166,-1,165,166,167,-1,167,166,168,-1,167,168,169,-1,169,168,170,-1,169,170,171,-1,171,170,172,-1,171,172,138,-1,138,172,173,-1,138,173,139,-1,144,146,174,-1,174,146,175,-1,176,138,140,-1,144,174,177,-1,144,177,142,-1,142,177,178,-1,142,178,140,-1,140,178,179,-1,140,179,176,-1,138,176,180,-1,138,180,171,-1,171,180,181,-1,171,181,169,-1,169,181,182,-1,169,182,167,-1,167,182,183,-1,167,183,165,-1,165,183,184,-1,165,184,163,-1,163,184,185,-1,163,185,161,-1,161,185,186,-1,161,186,159,-1,159,186,187,-1,159,187,157,-1,188,150,153,-1,157,187,189,-1,157,189,155,-1,155,189,190,-1,155,190,153,-1,153,190,191,-1,153,191,188,-1,148,150,192,-1,192,150,188,-1,146,148,175,-1,175,148,192,-1,151,149,193,-1,193,149,194,-1,149,147,194,-1,194,147,195,-1,147,145,195,-1,195,145,196,-1,173,197,198,-1,173,198,139,-1,139,198,199,-1,139,199,141,-1,141,199,200,-1,141,200,143,-1,143,200,196,-1,143,196,145,-1,166,201,202,-1,166,202,168,-1,168,202,203,-1,168,203,170,-1,170,203,204,-1,170,204,172,-1,172,204,197,-1,172,197,173,-1,158,205,206,-1,158,206,160,-1,160,206,207,-1,160,207,162,-1,162,207,208,-1,162,208,164,-1,164,208,201,-1,164,201,166,-1,151,193,209,-1,151,209,152,-1,152,209,210,-1,152,210,154,-1,154,210,211,-1,154,211,156,-1,156,211,205,-1,156,205,158,-1,
        ]
    }
}
Shape{
    appearance Appearance {
        material  Material 	{
            diffuseColor 0.10980392156862745 0.10980392156862745 0.10980392156862745
            specularColor 0.0784313725490196 0.0784313725490196 0.0784313725490196
            ambientIntensity 0.2
            transparency 0
            shininess 0.5
        }
    }
    geometry IndexedFaceSet {
        ccw TRUE
        solid FALSE
        coord DEF co Coordinate {
            point [
                0.589 0.7121 0.3543, 0.589 0.6812 0.3543, 0.595 0.7121 0.3543, 0.5948 0.6812 0.3543, 0.5956 0.7121 0.3543, 0.6004 0.6819 0.3543, 0.6037 0.6831 0.3543, 0.6062 0.6849 0.3543, 0.6067 0.6854 0.3543, 0.6086 0.6876 0.3543, 0.611 0.697 0.3543, 0.6066 0.7083 0.3543, 0.6108 0.6941 0.3543, 0.6041 0.71 0.3543, 0.61 0.6905 0.3543, 0.6007 0.7114 0.3543, 0.6104 0.702 0.3543, 0.6093 0.705 0.3543, 0.6077 0.7072 0.3543, 0.6077 0.7072 0.3543
            ]
        }
        coordIndex [
            0,1,2,-1,2,1,3,-1,2,3,4,-1,4,3,5,-1,4,5,6,-1,6,7,4,-1,4,7,8,-1,4,8,9,-1,10,11,12,-1,12,11,13,-1,9,14,4,-1,4,14,12,-1,4,12,15,-1,15,12,13,-1,16,17,10,-1,10,17,18,-1,10,18,11,-1,
        ]
    }
}
Shape{
    appearance Appearance {
        material  Material 	{
            diffuseColor 1.0 1.0 1.0
            specularColor 0.8784313725490196 0.8784313725490196 0.8784313725490196
            ambientIntensity 0.2
            transparency 0
            shininess 0.5
        }
    }
    geometry IndexedFaceSet {
        ccw TRUE
        solid FALSE
        coord DEF co Coordinate {
            point [
                0.6298 0.6921 0.3583, 0.6282 0.6876 0.3583, 0.6433 0.6921 0.3583, 0.6449 0.6876 0.3583, 0.6358 0.7087 0.3583, 0.6339 0.7167 0.3583, 0.6186 0.6766 0.3583, 0.6243 0.6766 0.3583, 0.6362 0.7099 0.3583, 0.6365 0.7115 0.3583, 0.6394 0.7167 0.3583, 0.6366 0.7115 0.3583, 0.6369 0.7099 0.3583, 0.6372 0.7087 0.3583, 0.6547 0.6766 0.3583, 0.6489 0.6766 0.3583, 0.6394 0.7167 0.3543, 0.6547 0.6766 0.3543, 0.6339 0.7167 0.3543, 0.6186 0.6766 0.3543, 0.6302 0.7069 0.3543, 0.6243 0.6766 0.3543, 0.6282 0.6876 0.3543, 0.6449 0.6876 0.3543, 0.6302 0.6876 0.3543, 0.6489 0.6766 0.3543, 0.6298 0.6921 0.3543, 0.6433 0.6921 0.3543, 0.6372 0.7087 0.3543, 0.6366 0.7115 0.3543, 0.6369 0.7099 0.3543, 0.6365 0.7115 0.3543, 0.6358 0.7087 0.3543, 0.6362 0.7099 0.3543, 0.6362 0.7099 0.3543
            ]
        }
        coordIndex [
            0,1,2,-1,2,1,3,-1,4,5,0,-1,0,5,6,-1,0,6,1,-1,1,6,7,-1,4,8,5,-1,5,8,9,-1,5,9,10,-1,10,9,11,-1,10,11,12,-1,12,13,10,-1,10,13,2,-1,10,2,14,-1,14,2,3,-1,14,3,15,-1,10,14,16,-1,16,14,17,-1,5,10,18,-1,18,10,16,-1,19,6,20,-1,20,6,5,-1,20,5,18,-1,7,6,21,-1,21,6,19,-1,1,7,22,-1,22,7,21,-1,23,3,24,-1,24,3,1,-1,24,1,22,-1,15,3,25,-1,25,3,23,-1,14,15,17,-1,17,15,25,-1,0,2,26,-1,26,2,27,-1,2,13,27,-1,27,13,28,-1,11,29,30,-1,11,30,12,-1,12,30,28,-1,12,28,13,-1,11,9,29,-1,29,9,31,-1,4,32,33,-1,4,33,8,-1,8,33,31,-1,8,31,9,-1,4,0,32,-1,32,0,26,-1,
        ]
    }
}
Shape{
    appearance Appearance {
        material  Material 	{
            diffuseColor 0.10980392156862745 0.10980392156862745 0.10980392156862745
            specularColor 0.0784313725490196 0.0784313725490196 0.0784313725490196
            ambientIntensity 0.2
            transparency 0
            shininess 0.5
        }
    }
    geometry IndexedFaceSet {
        ccw TRUE
        solid FALSE
        coord DEF co Coordinate {
            point [
                0.6366 0.7115 0.3543, 0.6365 0.7115 0.3543, 0.6369 0.7099 0.3543, 0.6362 0.7099 0.3543, 0.6372 0.7087 0.3543, 0.6358 0.7087 0.3543, 0.6433 0.6921 0.3543, 0.6298 0.6921 0.3543, 0.6298 0.6921 0.3543
            ]
        }
        coordIndex [
            0,1,2,-1,2,1,3,-1,2,3,4,-1,4,3,5,-1,4,5,6,-1,6,5,7,-1,
        ]
    }
}
Shape{
    appearance Appearance {
        material  Material 	{
            diffuseColor 1.0 1.0 1.0
            specularColor 0.8784313725490196 0.8784313725490196 0.8784313725490196
            ambientIntensity 0.2
            transparency 0
            shininess 0.5
        }
    }
    geometry IndexedFaceSet {
        ccw TRUE
        solid FALSE
        coord DEF co Coordinate {
            point [
                0.5155 0.6177 0.3583, 0.5155 0.6131 0.3583, 0.5155 0.6177 0.3543, 0.5155 0.6131 0.3543, 0.4992 0.6177 0.3583, 0.4992 0.6177 0.3543, 0.4992 0.6311 0.3583, 0.4992 0.6311 0.3543, 0.5135 0.6311 0.3583, 0.5135 0.6311 0.3543, 0.5135 0.6357 0.3583, 0.5135 0.6357 0.3543, 0.4992 0.6357 0.3583, 0.4992 0.6357 0.3543, 0.4992 0.6485 0.3543, 0.4992 0.6485 0.3583, 0.4992 0.6478 0.3543, 0.5146 0.6485 0.3583, 0.5146 0.6485 0.3543, 0.5146 0.6532 0.3583, 0.5146 0.6532 0.3543, 0.494 0.6532 0.3583, 0.494 0.6532 0.3543, 0.494 0.6131 0.3543, 0.494 0.6131 0.3583, 0.494 0.6478 0.3543, 0.5383 0.6131 0.3583, 0.5433 0.6131 0.3583, 0.5383 0.6175 0.3583, 0.5433 0.6315 0.3583, 0.5283 0.6258 0.3583, 0.5316 0.6266 0.3583, 0.5383 0.6275 0.3583, 0.5383 0.6247 0.3583, 0.5381 0.6175 0.3583, 0.5355 0.6183 0.3583, 0.537 0.6159 0.3583, 0.5341 0.6173 0.3583, 0.5383 0.6244 0.3583, 0.5379 0.6221 0.3583, 0.5372 0.6204 0.3583, 0.5361 0.6189 0.3583, 0.5364 0.642 0.3583, 0.5353 0.6377 0.3583, 0.5384 0.6413 0.3583, 0.5362 0.6371 0.3583, 0.5272 0.6252 0.3583, 0.5383 0.6313 0.3583, 0.5381 0.6335 0.3583, 0.5428 0.6357 0.3583, 0.5376 0.6353 0.3583, 0.542 0.6379 0.3583, 0.537 0.6363 0.3583, 0.5409 0.6394 0.3583, 0.54 0.6403 0.3583, 0.5231 0.6397 0.3583, 0.5231 0.6348 0.3583, 0.5241 0.6403 0.3583, 0.5266 0.637 0.3583, 0.5279 0.6417 0.3583, 0.5297 0.638 0.3583, 0.533 0.6424 0.3583, 0.5325 0.6383 0.3583, 0.5342 0.6381 0.3583, 0.5264 0.6183 0.3583, 0.5228 0.6147 0.3583, 0.5269 0.6178 0.3583, 0.5245 0.6135 0.3583, 0.5279 0.6172 0.3583, 0.5264 0.6128 0.3583, 0.529 0.6167 0.3583, 0.5294 0.6124 0.3583, 0.5307 0.6166 0.3583, 0.5321 0.6128 0.3583, 0.5326 0.6168 0.3583, 0.5341 0.6135 0.3583, 0.5354 0.6143 0.3583, 0.5298 0.6301 0.3583, 0.5257 0.629 0.3583, 0.5267 0.6248 0.3583, 0.5237 0.6279 0.3583, 0.5261 0.6241 0.3583, 0.5222 0.6266 0.3583, 0.5257 0.6231 0.3583, 0.5212 0.6249 0.3583, 0.5254 0.622 0.3583, 0.5205 0.6231 0.3583, 0.5254 0.6212 0.3583, 0.5203 0.6208 0.3583, 0.5255 0.62 0.3583, 0.5206 0.6185 0.3583, 0.5259 0.6191 0.3583, 0.5212 0.6168 0.3583, 0.5222 0.6152 0.3583, 0.533 0.6424 0.3543, 0.5279 0.6417 0.3543, 0.5241 0.6403 0.3543, 0.5231 0.6397 0.3543, 0.5231 0.6348 0.3543, 0.5266 0.637 0.3543, 0.5297 0.638 0.3543, 0.5325 0.6383 0.3543, 0.5342 0.6381 0.3543, 0.5353 0.6377 0.3543, 0.5362 0.6371 0.3543, 0.537 0.6363 0.3543, 0.5376 0.6353 0.3543, 0.5381 0.6335 0.3543, 0.5383 0.6313 0.3543, 0.5298 0.6301 0.3543, 0.5257 0.629 0.3543, 0.5237 0.6279 0.3543, 0.5222 0.6266 0.3543, 0.5212 0.6249 0.3543, 0.5205 0.6231 0.3543, 0.5203 0.6208 0.3543, 0.5206 0.6185 0.3543, 0.5212 0.6168 0.3543, 0.5222 0.6152 0.3543, 0.5228 0.6147 0.3543, 0.5294 0.6124 0.3543, 0.5265 0.6128 0.3543, 0.5264 0.6128 0.3543, 0.5245 0.6135 0.3543, 0.5321 0.6128 0.3543, 0.5322 0.6128 0.3543, 0.5341 0.6135 0.3543, 0.5354 0.6143 0.3543, 0.537 0.6159 0.3543, 0.5381 0.6175 0.3543, 0.5383 0.6175 0.3543, 0.5383 0.6131 0.3543, 0.5433 0.6131 0.3543, 0.5433 0.6315 0.3543, 0.5428 0.6357 0.3543, 0.542 0.6379 0.3543, 0.5409 0.6394 0.3543, 0.54 0.6403 0.3543, 0.5384 0.6413 0.3543, 0.5364 0.642 0.3543, 0.5267 0.6248 0.3543, 0.5272 0.6252 0.3543, 0.5283 0.6258 0.3543, 0.5316 0.6266 0.3543, 0.5254 0.6212 0.3543, 0.5254 0.622 0.3543, 0.5257 0.6231 0.3543, 0.5261 0.6241 0.3543, 0.5269 0.6178 0.3543, 0.5264 0.6183 0.3543, 0.5259 0.6191 0.3543, 0.5255 0.62 0.3543, 0.5307 0.6166 0.3543, 0.529 0.6167 0.3543, 0.5279 0.6172 0.3543, 0.5361 0.6189 0.3543, 0.5355 0.6183 0.3543, 0.5341 0.6173 0.3543, 0.5326 0.6168 0.3543, 0.5383 0.6247 0.3543, 0.5383 0.6244 0.3543, 0.5379 0.6221 0.3543, 0.5372 0.6204 0.3543, 0.5383 0.6275 0.3543, 0.5383 0.6275 0.3543
            ]
        }
        coordIndex [
            0,1,2,-1,2,1,3,-1,4,0,5,-1,5,0,2,-1,6,4,7,-1,7,4,5,-1,8,6,9,-1,9,6,7,-1,10,8,11,-1,11,8,9,-1,12,10,13,-1,13,10,11,-1,14,15,16,-1,16,15,12,-1,16,12,13,-1,17,15,18,-1,18,15,14,-1,19,17,20,-1,20,17,18,-1,21,19,22,-1,22,19,20,-1,23,24,25,-1,25,24,21,-1,25,21,22,-1,1,24,3,-1,3,24,23,-1,24,1,0,-1,0,4,24,-1,24,4,6,-1,24,6,21,-1,17,19,15,-1,15,19,21,-1,15,21,12,-1,12,21,6,-1,12,6,10,-1,10,6,8,-1,26,27,28,-1,28,27,29,-1,30,31,29,-1,29,31,32,-1,29,32,33,-1,34,35,36,-1,36,35,37,-1,33,38,29,-1,29,38,39,-1,29,39,28,-1,28,39,40,-1,28,40,34,-1,34,40,41,-1,34,41,35,-1,42,43,44,-1,44,43,45,-1,46,30,47,-1,47,30,29,-1,47,29,48,-1,48,29,49,-1,48,49,50,-1,50,49,51,-1,50,51,52,-1,52,51,53,-1,52,53,45,-1,45,53,54,-1,45,54,44,-1,55,56,57,-1,57,56,58,-1,57,58,59,-1,59,58,60,-1,59,60,61,-1,61,60,62,-1,61,62,42,-1,42,62,63,-1,42,63,43,-1,64,65,66,-1,66,65,67,-1,66,67,68,-1,68,67,69,-1,68,69,70,-1,70,69,71,-1,70,71,72,-1,72,71,73,-1,72,73,74,-1,74,73,75,-1,74,75,37,-1,37,75,76,-1,37,76,36,-1,47,77,46,-1,46,77,78,-1,46,78,79,-1,79,78,80,-1,79,80,81,-1,81,80,82,-1,81,82,83,-1,83,82,84,-1,83,84,85,-1,85,84,86,-1,85,86,87,-1,87,86,88,-1,87,88,89,-1,89,88,90,-1,89,90,91,-1,91,90,92,-1,91,92,64,-1,64,92,93,-1,64,93,65,-1,61,94,95,-1,61,95,59,-1,59,95,96,-1,59,96,57,-1,57,96,97,-1,57,97,55,-1,56,55,98,-1,98,55,97,-1,56,98,99,-1,56,99,58,-1,58,99,100,-1,58,100,60,-1,60,100,101,-1,60,101,62,-1,62,101,102,-1,62,102,63,-1,63,102,103,-1,63,103,43,-1,43,103,104,-1,43,104,45,-1,45,104,105,-1,45,105,52,-1,52,105,106,-1,52,106,50,-1,50,106,107,-1,50,107,48,-1,48,107,108,-1,48,108,47,-1,77,47,109,-1,109,47,108,-1,77,109,110,-1,77,110,78,-1,78,110,111,-1,78,111,80,-1,80,111,112,-1,80,112,82,-1,82,112,113,-1,82,113,84,-1,84,113,114,-1,84,114,86,-1,86,114,115,-1,86,115,88,-1,88,115,116,-1,88,116,90,-1,90,116,117,-1,90,117,92,-1,92,117,118,-1,92,118,93,-1,93,118,119,-1,93,119,65,-1,120,71,121,-1,121,71,69,-1,121,69,122,-1,122,69,67,-1,122,67,123,-1,123,67,65,-1,123,65,119,-1,71,120,124,-1,71,124,73,-1,73,124,125,-1,73,125,75,-1,125,126,75,-1,75,126,127,-1,75,127,76,-1,76,127,128,-1,76,128,36,-1,36,128,129,-1,36,129,34,-1,28,34,130,-1,130,34,129,-1,26,28,131,-1,131,28,130,-1,27,26,132,-1,132,26,131,-1,29,27,133,-1,133,27,132,-1,29,133,134,-1,29,134,49,-1,49,134,135,-1,49,135,51,-1,51,135,136,-1,51,136,53,-1,53,136,137,-1,53,137,54,-1,54,137,138,-1,54,138,44,-1,44,138,139,-1,44,139,42,-1,42,139,94,-1,42,94,61,-1,79,140,141,-1,79,141,46,-1,46,141,142,-1,46,142,30,-1,30,142,143,-1,30,143,31,-1,87,144,145,-1,87,145,85,-1,85,145,146,-1,85,146,83,-1,83,146,147,-1,83,147,81,-1,81,147,140,-1,81,140,79,-1,66,148,149,-1,66,149,64,-1,64,149,150,-1,64,150,91,-1,91,150,151,-1,91,151,89,-1,89,151,144,-1,89,144,87,-1,72,152,153,-1,72,153,70,-1,70,153,154,-1,70,154,68,-1,68,154,148,-1,68,148,66,-1,41,155,156,-1,41,156,35,-1,35,156,157,-1,35,157,37,-1,37,157,158,-1,37,158,74,-1,74,158,152,-1,74,152,72,-1,33,159,160,-1,33,160,38,-1,38,160,161,-1,38,161,39,-1,39,161,162,-1,39,162,40,-1,40,162,155,-1,40,155,41,-1,33,32,159,-1,159,32,163,-1,32,31,163,-1,163,31,143,-1,
        ]
    }
}
Shape{
    appearance Appearance {
        material  Material 	{
            diffuseColor 0.10980392156862745 0.10980392156862745 0.10980392156862745
            specularColor 0.0784313725490196 0.0784313725490196 0.0784313725490196
            ambientIntensity 0.2
            transparency 0
            shininess 0.5
        }
    }
    geometry IndexedFaceSet {
        ccw TRUE
        solid FALSE
        coord DEF co Coordinate {
            point [
                0.5383 0.6244 0.3543, 0.5383 0.6247 0.3543, 0.5267 0.6248 0.3543, 0.5383 0.6275 0.3543, 0.5316 0.6266 0.3543, 0.5283 0.6258 0.3543, 0.5272 0.6252 0.3543, 0.5379 0.6221 0.3543, 0.5261 0.6241 0.3543, 0.5372 0.6204 0.3543, 0.5264 0.6183 0.3543, 0.5269 0.6178 0.3543, 0.5355 0.6183 0.3543, 0.5259 0.6191 0.3543, 0.5341 0.6173 0.3543, 0.5326 0.6168 0.3543, 0.5307 0.6166 0.3543, 0.5257 0.6231 0.3543, 0.5254 0.622 0.3543, 0.5361 0.6189 0.3543, 0.5254 0.6212 0.3543, 0.5255 0.62 0.3543, 0.5279 0.6172 0.3543, 0.529 0.6167 0.3543, 0.529 0.6167 0.3543
            ]
        }
        coordIndex [
            0,1,2,-1,1,3,4,-1,4,5,1,-1,1,5,6,-1,1,6,2,-1,0,2,7,-1,7,2,8,-1,7,8,9,-1,10,11,12,-1,10,12,13,-1,14,12,15,-1,15,12,16,-1,8,17,9,-1,9,17,18,-1,9,18,19,-1,19,18,20,-1,19,20,12,-1,12,20,21,-1,12,21,13,-1,11,22,12,-1,12,22,23,-1,12,23,16,-1,
        ]
    }
}
Shape{
    appearance Appearance {
        material  Material 	{
            diffuseColor 1.0 1.0 1.0
            specularColor 0.8784313725490196 0.8784313725490196 0.8784313725490196
            ambientIntensity 0.2
            transparency 0
            shininess 0.5
        }
    }
    geometry IndexedFaceSet {
        ccw TRUE
        solid FALSE
        coord DEF co Coordinate {
            point [
                0.5501 0.6193 0.3543, 0.5501 0.6193 0.3583, 0.5522 0.618 0.3583, 0.5583 0.6165 0.3583, 0.5583 0.6165 0.3543, 0.5553 0.6169 0.3543, 0.5553 0.6169 0.3583, 0.5524 0.6179 0.3543, 0.5522 0.618 0.3543, 0.5501 0.6141 0.3583, 0.5501 0.6141 0.3543, 0.5524 0.6133 0.3543, 0.553 0.613 0.3583, 0.5578 0.6124 0.3543, 0.5578 0.6124 0.3583, 0.555 0.6128 0.3543, 0.553 0.613 0.3543, 0.5607 0.6128 0.3543, 0.5624 0.613 0.3583, 0.5624 0.613 0.3543, 0.565 0.614 0.3543, 0.565 0.614 0.3583, 0.5662 0.6147 0.3543, 0.5662 0.6147 0.3583, 0.5676 0.616 0.3543, 0.5676 0.616 0.3583, 0.5685 0.6173 0.3543, 0.5685 0.6173 0.3583, 0.5692 0.6189 0.3543, 0.5692 0.6189 0.3583, 0.5694 0.6209 0.3543, 0.5694 0.6209 0.3583, 0.5692 0.6228 0.3543, 0.5692 0.6228 0.3583, 0.5687 0.6242 0.3543, 0.5687 0.6242 0.3583, 0.5677 0.6256 0.3543, 0.5677 0.6256 0.3583, 0.5665 0.6267 0.3543, 0.5665 0.6267 0.3583, 0.5632 0.6285 0.3543, 0.5632 0.6285 0.3583, 0.5613 0.6293 0.3543, 0.5613 0.6293 0.3583, 0.5581 0.6307 0.3543, 0.5581 0.6307 0.3583, 0.5564 0.6318 0.3543, 0.5564 0.6318 0.3583, 0.5559 0.6323 0.3543, 0.5559 0.6323 0.3583, 0.5555 0.633 0.3543, 0.5555 0.633 0.3583, 0.5553 0.6338 0.3543, 0.5553 0.6338 0.3583, 0.5553 0.6344 0.3543, 0.5553 0.6344 0.3583, 0.5554 0.6352 0.3543, 0.5554 0.6352 0.3583, 0.5556 0.6359 0.3543, 0.5556 0.6359 0.3583, 0.5561 0.6366 0.3543, 0.5561 0.6366 0.3583, 0.5568 0.6372 0.3543, 0.5568 0.6372 0.3583, 0.5579 0.6378 0.3543, 0.5579 0.6378 0.3583, 0.5593 0.6382 0.3543, 0.5593 0.6382 0.3583, 0.5608 0.6383 0.3543, 0.5608 0.6383 0.3583, 0.5639 0.638 0.3543, 0.5639 0.638 0.3583, 0.5667 0.637 0.3543, 0.5667 0.637 0.3583, 0.568 0.6362 0.3543, 0.568 0.6362 0.3583, 0.568 0.6411 0.3583, 0.568 0.6411 0.3543, 0.5648 0.6421 0.3543, 0.5648 0.6421 0.3583, 0.5613 0.6424 0.3543, 0.5613 0.6424 0.3583, 0.5573 0.6419 0.3543, 0.5573 0.6419 0.3583, 0.5546 0.6409 0.3543, 0.5546 0.6409 0.3583, 0.5533 0.6401 0.3543, 0.5533 0.6401 0.3583, 0.5524 0.6393 0.3543, 0.5518 0.6388 0.3583, 0.5518 0.6388 0.3543, 0.5509 0.6374 0.3543, 0.5509 0.6374 0.3583, 0.5503 0.6358 0.3543, 0.5503 0.6358 0.3583, 0.5501 0.634 0.3543, 0.5501 0.634 0.3583, 0.5503 0.632 0.3543, 0.5503 0.632 0.3583, 0.5509 0.6305 0.3543, 0.5509 0.6305 0.3583, 0.5515 0.6295 0.3543, 0.5515 0.6295 0.3583, 0.5577 0.6257 0.3543, 0.5577 0.6257 0.3583, 0.5547 0.6271 0.3583, 0.5524 0.6286 0.3543, 0.5524 0.6286 0.3583, 0.5524 0.6286 0.3543, 0.5547 0.6271 0.3543, 0.561 0.6243 0.3543, 0.561 0.6243 0.3583, 0.563 0.6231 0.3543, 0.563 0.6231 0.3583, 0.5636 0.6225 0.3543, 0.5636 0.6225 0.3583, 0.564 0.6218 0.3543, 0.564 0.6218 0.3583, 0.5642 0.621 0.3543, 0.5642 0.621 0.3583, 0.5642 0.6204 0.3543, 0.5642 0.6204 0.3583, 0.5641 0.6194 0.3543, 0.5641 0.6194 0.3583, 0.5639 0.6187 0.3543, 0.5639 0.6187 0.3583, 0.5635 0.6181 0.3543, 0.5635 0.6181 0.3583, 0.5629 0.6176 0.3543, 0.5629 0.6176 0.3583, 0.5624 0.6173 0.3543, 0.5624 0.6173 0.3583, 0.5611 0.6168 0.3543, 0.5611 0.6168 0.3583, 0.5586 0.6165 0.3543, 0.5586 0.6165 0.3583, 0.5943 0.6417 0.3583, 0.5995 0.6417 0.3583, 0.5943 0.6417 0.3543, 0.5995 0.6417 0.3543, 0.5864 0.6202 0.3583, 0.5864 0.6202 0.3543, 0.5861 0.6188 0.3543, 0.5861 0.6188 0.3583, 0.5858 0.6179 0.3543, 0.5858 0.6179 0.3583, 0.5857 0.6179 0.3583, 0.5857 0.6179 0.3543, 0.5851 0.6202 0.3583, 0.5851 0.6202 0.3543, 0.5776 0.6417 0.3583, 0.58 0.6347 0.3543, 0.5776 0.6417 0.3543, 0.572 0.6417 0.3583, 0.572 0.6417 0.3543, 0.5832 0.6132 0.3583, 0.58 0.6213 0.3543, 0.5832 0.6132 0.3543, 0.581 0.608 0.3543, 0.581 0.608 0.3583, 0.5831 0.6128 0.3543, 0.58 0.6062 0.3543, 0.58 0.6061 0.3583, 0.58 0.6061 0.3543, 0.5791 0.6051 0.3543, 0.5791 0.6051 0.3583, 0.5783 0.6045 0.3543, 0.5783 0.6045 0.3583, 0.5772 0.6041 0.3543, 0.5772 0.6041 0.3583, 0.5759 0.6039 0.3543, 0.5759 0.6039 0.3583, 0.5741 0.6042 0.3543, 0.5741 0.6042 0.3583, 0.573 0.6045 0.3543, 0.573 0.6045 0.3583, 0.573 0.6001 0.3583, 0.573 0.6001 0.3543, 0.5752 0.5997 0.3543, 0.5752 0.5997 0.3583, 0.5763 0.5996 0.3543, 0.5763 0.5996 0.3583, 0.5783 0.5999 0.3543, 0.5783 0.5999 0.3583, 0.58 0.6005 0.3543, 0.5803 0.6006 0.3583, 0.5803 0.6006 0.3543, 0.582 0.6019 0.3543, 0.582 0.6019 0.3583, 0.5824 0.6022 0.3543, 0.5824 0.6022 0.3583, 0.5842 0.6044 0.3543, 0.5842 0.6044 0.3583, 0.5865 0.6088 0.3543, 0.5865 0.6088 0.3583, 0.588 0.6128 0.3543, 0.6264 0.6177 0.3583, 0.6264 0.6131 0.3583, 0.6264 0.6177 0.3543, 0.6264 0.6131 0.3543, 0.61 0.6177 0.3583, 0.6175 0.6177 0.3543, 0.61 0.6177 0.3543, 0.61 0.6311 0.3583, 0.61 0.6311 0.3543, 0.6243 0.6311 0.3583, 0.6175 0.6311 0.3543, 0.6243 0.6311 0.3543, 0.6243 0.6357 0.3583, 0.6243 0.6357 0.3543, 0.61 0.6357 0.3543, 0.61 0.6357 0.3583, 0.6175 0.6357 0.3543, 0.61 0.6485 0.3543, 0.61 0.6485 0.3583, 0.61 0.6478 0.3543, 0.6255 0.6485 0.3543, 0.6255 0.6485 0.3583, 0.6175 0.6485 0.3543, 0.6255 0.6532 0.3583, 0.6255 0.6532 0.3543, 0.6049 0.6532 0.3543, 0.6049 0.6532 0.3583, 0.6175 0.6532 0.3543, 0.6049 0.6131 0.3543, 0.6049 0.6131 0.3583, 0.6049 0.6478 0.3543, 0.6175 0.6131 0.3543, 0.6605 0.6187 0.3583, 0.6564 0.6214 0.3583, 0.6563 0.6157 0.3583, 0.6538 0.6196 0.3583, 0.6518 0.6139 0.3583, 0.6505 0.6183 0.3583, 0.645 0.6131 0.3583, 0.6449 0.6177 0.3583, 0.634 0.6131 0.3583, 0.6391 0.6177 0.3583, 0.634 0.6532 0.3583, 0.6391 0.6485 0.3583, 0.6454 0.6532 0.3583, 0.6452 0.6485 0.3583, 0.6457 0.6485 0.3583, 0.6515 0.6525 0.3583, 0.6508 0.6479 0.3583, 0.6563 0.6507 0.3583, 0.6542 0.6465 0.3583, 0.6605 0.6478 0.3583, 0.6567 0.6448 0.3583, 0.6619 0.6465 0.3583, 0.6578 0.6437 0.3583, 0.6644 0.643 0.3583, 0.6594 0.6414 0.3583, 0.6659 0.6392 0.3583, 0.6605 0.6385 0.3583, 0.6665 0.6336 0.3583, 0.6611 0.6335 0.3583, 0.6664 0.6311 0.3583, 0.6609 0.6306 0.3583, 0.6655 0.6264 0.3583, 0.6601 0.627 0.3583, 0.6635 0.6223 0.3583, 0.6587 0.6241 0.3583, 0.6568 0.6219 0.3583, 0.645 0.6131 0.3543, 0.634 0.6131 0.3543, 0.6518 0.6139 0.3543, 0.6563 0.6157 0.3543, 0.6605 0.6187 0.3543, 0.6635 0.6223 0.3543, 0.6655 0.6264 0.3543, 0.6664 0.6311 0.3543, 0.6665 0.6336 0.3543, 0.6605 0.6478 0.3543, 0.6606 0.6478 0.3543, 0.6619 0.6465 0.3543, 0.6644 0.643 0.3543, 0.6659 0.6392 0.3543, 0.6563 0.6507 0.3543, 0.6515 0.6525 0.3543, 0.6454 0.6532 0.3543, 0.634 0.6532 0.3543, 0.634 0.6478 0.3543, 0.6452 0.6485 0.3543, 0.6391 0.6485 0.3543, 0.6391 0.6177 0.3543, 0.6449 0.6177 0.3543, 0.6568 0.6219 0.3543, 0.6564 0.6214 0.3543, 0.6538 0.6196 0.3543, 0.6505 0.6183 0.3543, 0.6611 0.6335 0.3543, 0.6609 0.6306 0.3543, 0.6601 0.627 0.3543, 0.6587 0.6241 0.3543, 0.6567 0.6448 0.3543, 0.6578 0.6437 0.3543, 0.6594 0.6414 0.3543, 0.6605 0.6385 0.3543, 0.6457 0.6485 0.3543, 0.6508 0.6479 0.3543, 0.6542 0.6465 0.3543, 0.6542 0.6465 0.3543
            ]
        }
        coordIndex [
            0,1,2,-1,3,4,5,-1,3,5,6,-1,6,5,7,-1,6,7,2,-1,2,7,8,-1,2,8,0,-1,9,1,10,-1,10,1,0,-1,10,11,9,-1,9,11,12,-1,13,14,15,-1,15,14,12,-1,15,12,16,-1,16,12,11,-1,13,17,14,-1,14,17,18,-1,17,19,18,-1,18,19,20,-1,18,20,21,-1,21,20,22,-1,21,22,23,-1,23,22,24,-1,23,24,25,-1,25,24,26,-1,25,26,27,-1,27,26,28,-1,27,28,29,-1,29,28,30,-1,29,30,31,-1,31,30,32,-1,31,32,33,-1,33,32,34,-1,33,34,35,-1,35,34,36,-1,35,36,37,-1,37,36,38,-1,37,38,39,-1,39,38,40,-1,39,40,41,-1,41,40,42,-1,41,42,43,-1,43,42,44,-1,43,44,45,-1,45,44,46,-1,45,46,47,-1,47,46,48,-1,47,48,49,-1,49,48,50,-1,49,50,51,-1,51,50,52,-1,51,52,53,-1,53,52,54,-1,53,54,55,-1,55,54,56,-1,55,56,57,-1,57,56,58,-1,57,58,59,-1,59,58,60,-1,59,60,61,-1,61,60,62,-1,61,62,63,-1,63,62,64,-1,63,64,65,-1,65,64,66,-1,65,66,67,-1,67,66,68,-1,67,68,69,-1,69,68,70,-1,69,70,71,-1,71,70,72,-1,71,72,73,-1,73,72,74,-1,73,74,75,-1,76,75,77,-1,77,75,74,-1,76,77,78,-1,76,78,79,-1,79,78,80,-1,79,80,81,-1,81,80,82,-1,81,82,83,-1,83,82,84,-1,83,84,85,-1,85,84,86,-1,85,86,87,-1,86,88,87,-1,87,88,89,-1,88,90,89,-1,89,90,91,-1,89,91,92,-1,92,91,93,-1,92,93,94,-1,94,93,95,-1,94,95,96,-1,96,95,97,-1,96,97,98,-1,98,97,99,-1,98,99,100,-1,100,99,101,-1,100,101,102,-1,103,104,105,-1,102,101,106,-1,102,106,107,-1,107,106,108,-1,107,108,105,-1,105,108,109,-1,105,109,103,-1,104,103,110,-1,104,110,111,-1,111,110,112,-1,111,112,113,-1,113,112,114,-1,113,114,115,-1,115,114,116,-1,115,116,117,-1,117,116,118,-1,117,118,119,-1,119,118,120,-1,119,120,121,-1,121,120,122,-1,121,122,123,-1,123,122,124,-1,123,124,125,-1,125,124,126,-1,125,126,127,-1,127,126,128,-1,127,128,129,-1,129,128,130,-1,129,130,131,-1,131,130,132,-1,131,132,133,-1,133,132,134,-1,133,134,135,-1,135,134,4,-1,135,4,3,-1,61,63,85,-1,85,63,83,-1,111,43,104,-1,104,43,45,-1,21,23,127,-1,127,23,25,-1,127,25,125,-1,125,25,27,-1,125,27,123,-1,123,27,29,-1,123,29,121,-1,121,29,31,-1,121,31,119,-1,119,31,33,-1,119,33,117,-1,117,33,35,-1,117,35,115,-1,115,35,37,-1,115,37,113,-1,113,37,39,-1,113,39,111,-1,111,39,41,-1,111,41,43,-1,14,3,12,-1,12,3,6,-1,12,6,9,-1,9,6,2,-1,9,2,1,-1,63,65,83,-1,83,65,67,-1,83,67,81,-1,81,67,69,-1,81,69,79,-1,79,69,71,-1,79,71,76,-1,76,71,73,-1,76,73,75,-1,127,129,21,-1,21,129,131,-1,21,131,18,-1,18,131,133,-1,18,133,14,-1,14,133,135,-1,14,135,3,-1,85,87,61,-1,61,87,89,-1,61,89,59,-1,59,89,92,-1,59,92,57,-1,57,92,94,-1,57,94,55,-1,55,94,96,-1,55,96,53,-1,53,96,98,-1,53,98,51,-1,51,98,100,-1,51,100,49,-1,49,100,102,-1,49,102,47,-1,47,102,107,-1,47,107,45,-1,45,107,105,-1,45,105,104,-1,136,137,138,-1,138,137,139,-1,140,136,141,-1,141,136,138,-1,140,141,142,-1,140,142,143,-1,143,142,144,-1,143,144,145,-1,146,145,147,-1,147,145,144,-1,148,146,149,-1,149,146,147,-1,148,149,150,-1,150,149,151,-1,150,151,152,-1,153,150,154,-1,154,150,152,-1,153,154,155,-1,155,154,156,-1,155,156,157,-1,158,159,160,-1,160,159,155,-1,160,155,157,-1,158,161,159,-1,159,161,162,-1,161,163,162,-1,162,163,164,-1,162,164,165,-1,165,164,166,-1,165,166,167,-1,167,166,168,-1,167,168,169,-1,169,168,170,-1,169,170,171,-1,171,170,172,-1,171,172,173,-1,173,172,174,-1,173,174,175,-1,176,175,177,-1,177,175,174,-1,176,177,178,-1,176,178,179,-1,179,178,180,-1,179,180,181,-1,181,180,182,-1,181,182,183,-1,183,182,184,-1,183,184,185,-1,184,186,185,-1,185,186,187,-1,185,187,188,-1,188,187,189,-1,188,189,190,-1,190,189,191,-1,190,191,192,-1,192,191,193,-1,192,193,194,-1,139,137,195,-1,195,137,194,-1,195,194,193,-1,143,145,194,-1,137,136,194,-1,194,136,140,-1,194,140,143,-1,150,153,148,-1,148,153,155,-1,148,155,146,-1,175,176,173,-1,173,176,179,-1,173,179,171,-1,171,179,181,-1,171,181,169,-1,169,181,183,-1,169,183,167,-1,167,183,185,-1,167,185,165,-1,145,146,194,-1,194,146,155,-1,194,155,192,-1,155,159,192,-1,192,159,162,-1,192,162,190,-1,190,162,165,-1,190,165,188,-1,188,165,185,-1,196,197,198,-1,198,197,199,-1,196,198,200,-1,200,198,201,-1,200,201,202,-1,203,200,204,-1,204,200,202,-1,203,204,205,-1,205,204,206,-1,205,206,207,-1,208,205,209,-1,209,205,207,-1,210,211,212,-1,212,211,208,-1,212,208,209,-1,213,214,215,-1,215,214,211,-1,215,211,210,-1,216,217,218,-1,218,217,214,-1,218,214,213,-1,219,217,220,-1,220,217,216,-1,221,222,223,-1,223,222,219,-1,223,219,220,-1,224,225,226,-1,226,225,222,-1,226,222,221,-1,225,224,197,-1,197,224,227,-1,197,227,199,-1,225,197,196,-1,196,200,225,-1,225,200,203,-1,225,203,222,-1,217,219,214,-1,214,219,222,-1,214,222,211,-1,211,222,203,-1,211,203,208,-1,208,203,205,-1,228,229,230,-1,230,229,231,-1,230,231,232,-1,232,231,233,-1,232,233,234,-1,234,233,235,-1,234,235,236,-1,236,235,237,-1,236,237,238,-1,238,237,239,-1,238,239,240,-1,239,241,240,-1,240,241,242,-1,240,242,243,-1,243,242,244,-1,243,244,245,-1,245,244,246,-1,245,246,247,-1,247,246,248,-1,247,248,249,-1,249,248,250,-1,249,250,251,-1,251,250,252,-1,251,252,253,-1,253,252,254,-1,253,254,255,-1,255,254,256,-1,255,256,257,-1,257,256,258,-1,257,258,259,-1,259,258,260,-1,259,260,261,-1,261,260,262,-1,261,262,228,-1,228,262,263,-1,228,263,229,-1,234,236,264,-1,264,236,265,-1,234,264,266,-1,234,266,232,-1,232,266,267,-1,232,267,230,-1,230,267,268,-1,230,268,228,-1,228,268,269,-1,228,269,261,-1,261,269,270,-1,261,270,259,-1,259,270,271,-1,259,271,257,-1,257,271,272,-1,257,272,255,-1,273,247,274,-1,274,247,249,-1,274,249,275,-1,275,249,251,-1,275,251,276,-1,276,251,253,-1,276,253,277,-1,277,253,255,-1,277,255,272,-1,247,273,278,-1,247,278,245,-1,245,278,279,-1,245,279,243,-1,243,279,280,-1,243,280,240,-1,238,240,281,-1,281,240,280,-1,265,236,282,-1,282,236,238,-1,282,238,281,-1,241,239,283,-1,283,239,284,-1,239,237,284,-1,284,237,285,-1,237,235,285,-1,285,235,286,-1,263,287,288,-1,263,288,229,-1,229,288,289,-1,229,289,231,-1,231,289,290,-1,231,290,233,-1,233,290,286,-1,233,286,235,-1,256,291,292,-1,256,292,258,-1,258,292,293,-1,258,293,260,-1,260,293,294,-1,260,294,262,-1,262,294,287,-1,262,287,263,-1,248,295,296,-1,248,296,250,-1,250,296,297,-1,250,297,252,-1,252,297,298,-1,252,298,254,-1,254,298,291,-1,254,291,256,-1,241,283,299,-1,241,299,242,-1,242,299,300,-1,242,300,244,-1,244,300,301,-1,244,301,246,-1,246,301,295,-1,246,295,248,-1,
        ]
    }
}
Shape{
    appearance Appearance {
        material  Material 	{
            diffuseColor 0.10980392156862745 0.10980392156862745 0.10980392156862745
            specularColor 0.0784313725490196 0.0784313725490196 0.0784313725490196
            ambientIntensity 0.2
            transparency 0
            shininess 0.5
        }
    }
    geometry IndexedFaceSet {
        ccw TRUE
        solid FALSE
        coord DEF co Coordinate {
            point [
                0.6391 0.6485 0.3543, 0.6391 0.6177 0.3543, 0.6452 0.6485 0.3543, 0.6449 0.6177 0.3543, 0.6457 0.6485 0.3543, 0.6505 0.6183 0.3543, 0.6538 0.6196 0.3543, 0.6564 0.6214 0.3543, 0.6568 0.6219 0.3543, 0.6587 0.6241 0.3543, 0.6611 0.6335 0.3543, 0.6567 0.6448 0.3543, 0.6609 0.6306 0.3543, 0.6542 0.6465 0.3543, 0.6601 0.627 0.3543, 0.6508 0.6479 0.3543, 0.6605 0.6385 0.3543, 0.6594 0.6414 0.3543, 0.6578 0.6437 0.3543, 0.6578 0.6437 0.3543
            ]
        }
        coordIndex [
            0,1,2,-1,2,1,3,-1,2,3,4,-1,4,3,5,-1,4,5,6,-1,6,7,4,-1,4,7,8,-1,4,8,9,-1,10,11,12,-1,12,11,13,-1,9,14,4,-1,4,14,12,-1,4,12,15,-1,15,12,13,-1,16,17,10,-1,10,17,18,-1,10,18,11,-1,
        ]
    }
}
Shape{
    appearance Appearance {
        material  Material 	{
            diffuseColor 1.0 1.0 1.0
            specularColor 0.8784313725490196 0.8784313725490196 0.8784313725490196
            ambientIntensity 0.2
            transparency 0
            shininess 0.5
        }
    }
    geometry IndexedFaceSet {
        ccw TRUE
        solid FALSE
        coord DEF co Coordinate {
            point [
                0.68 0.6286 0.3583, 0.6783 0.6241 0.3583, 0.6934 0.6286 0.3583, 0.695 0.6241 0.3583, 0.686 0.6452 0.3583, 0.684 0.6532 0.3583, 0.6688 0.6131 0.3583, 0.6745 0.6131 0.3583, 0.6863 0.6464 0.3583, 0.6866 0.648 0.3583, 0.6895 0.6532 0.3583, 0.6867 0.648 0.3583, 0.6871 0.6463 0.3583, 0.6874 0.6452 0.3583, 0.7048 0.6131 0.3583, 0.6991 0.6131 0.3583, 0.7048 0.6131 0.3543, 0.6916 0.6478 0.3543, 0.6895 0.6532 0.3543, 0.684 0.6532 0.3543, 0.6688 0.6131 0.3543, 0.682 0.6478 0.3543, 0.6745 0.6131 0.3543, 0.6783 0.6241 0.3543, 0.695 0.6241 0.3543, 0.6991 0.6131 0.3543, 0.68 0.6286 0.3543, 0.6934 0.6286 0.3543, 0.6874 0.6452 0.3543, 0.6867 0.648 0.3543, 0.6871 0.6463 0.3543, 0.6866 0.648 0.3543, 0.686 0.6452 0.3543, 0.6863 0.6464 0.3543, 0.6863 0.6464 0.3543
            ]
        }
        coordIndex [
            0,1,2,-1,2,1,3,-1,4,5,0,-1,0,5,6,-1,0,6,1,-1,1,6,7,-1,4,8,5,-1,5,8,9,-1,5,9,10,-1,10,9,11,-1,10,11,12,-1,12,13,10,-1,10,13,2,-1,10,2,14,-1,14,2,3,-1,14,3,15,-1,14,16,10,-1,10,16,17,-1,10,17,18,-1,5,10,19,-1,19,10,18,-1,20,6,21,-1,21,6,5,-1,21,5,19,-1,7,6,22,-1,22,6,20,-1,1,7,23,-1,23,7,22,-1,3,1,24,-1,24,1,23,-1,15,3,25,-1,25,3,24,-1,14,15,16,-1,16,15,25,-1,0,2,26,-1,26,2,27,-1,2,13,27,-1,27,13,28,-1,11,29,30,-1,11,30,12,-1,12,30,28,-1,12,28,13,-1,11,9,29,-1,29,9,31,-1,4,32,33,-1,4,33,8,-1,8,33,31,-1,8,31,9,-1,4,0,32,-1,32,0,26,-1,
        ]
    }
}
Shape{
    appearance Appearance {
        material  Material 	{
            diffuseColor 0.10980392156862745 0.10980392156862745 0.10980392156862745
            specularColor 0.0784313725490196 0.0784313725490196 0.0784313725490196
            ambientIntensity 0.2
            transparency 0
            shininess 0.5
        }
    }
    geometry IndexedFaceSet {
        ccw TRUE
        solid FALSE
        coord DEF co Coordinate {
            point [
                0.6867 0.648 0.3543, 0.6866 0.648 0.3543, 0.6871 0.6463 0.3543, 0.6863 0.6464 0.3543, 0.6874 0.6452 0.3543, 0.686 0.6452 0.3543, 0.6934 0.6286 0.3543, 0.68 0.6286 0.3543, 0.68 0.6286 0.3543
            ]
        }
        coordIndex [
            0,1,2,-1,2,1,3,-1,2,3,4,-1,4,3,5,-1,4,5,6,-1,6,5,7,-1,
        ]
    }
}