#VRML V2.0 utf8
# 3D model generated by easyeda2kicad.py (https://github.com/uPesy/easyeda2kicad.py)

Shape{
    appearance Appearance {
        material  Material 	{
            diffuseColor 0.25098039215686274 0.25098039215686274 0.25098039215686274
            specularColor 0.12549019607843137 0.12549019607843137 0.12549019607843137
            ambientIntensity 0.2
            transparency 0
            shininess 0.5
        }
    }
    geometry IndexedFaceSet {
        ccw TRUE
        solid FALSE
        coord DEF co Coordinate {
            point [
                -0.3215 -0.3338 0.2953, -0.3215 -0.0433 0.2953, -0.3237 -0.0433 0.2953, -0.2809 -0.4301 0.2953, -0.2825 -0.4303 0.2953, -0.2732 -0.4303 0.2953, -0.3096 -0.3342 0.2953, -0.3067 -0.3338 0.2953, -0.3 -0.3713 0.2953, -0.3024 -0.3715 0.2953, -0.2901 -0.3715 0.2953, -0.5154 -0.428 0.2953, -0.5233 -0.4238 0.2953, -0.5233 -0.4303 0.2953, -0.5426 -0.3848 0.2953, -0.5421 -0.3824 0.2953, -0.5906 -0.3824 0.2953, -0.5277 -0.3557 0.2953, -0.5233 -0.3529 0.2953, -0.5233 -0.3338 0.2953, -0.391 -0.3634 0.2953, -0.384 -0.3695 0.2953, -0.348 -0.3338 0.2953, -0.348 -0.3715 0.2953, -0.4267 -0.33 0.2953, -0.421 -0.3338 0.2953, -0.4149 -0.3379 0.2953, -0.4063 -0.3478 0.2953, -0.4007 -0.3587 0.2953, -0.3988 -0.3593 0.2953, -0.4399 -0.3253 0.2953, -0.348 -0.0433 0.2953, -0.4508 -0.3242 0.2953, -0.5233 -0.0433 0.2953, -0.4638 -0.3258 0.2953, -0.476 -0.3305 0.2953, -0.5188 -0.3499 0.2953, -0.509 -0.3465 0.2953, -0.5 -0.3455 0.2953, -0.4813 -0.3338 0.2953, -0.4824 -0.3344 0.2953, -0.4886 -0.3397 0.2953, -0.497 -0.3457 0.2953, -0.494 -0.346 0.2953, -0.5906 -0.3715 0.2953, -0.5404 -0.3744 0.2953, -0.539 -0.3715 0.2953, -0.5906 -0.3338 0.2953, -0.5359 -0.3651 0.2953, -0.5303 -0.3582 0.2953, -0.5317 -0.4169 0.2953, -0.5329 -0.4155 0.2953, -0.5906 -0.4303 0.2953, -0.5248 -0.423 0.2953, -0.5384 -0.407 0.2953, -0.5418 -0.3971 0.2953, -0.5427 -0.3882 0.2953, -0.5106 -0.4296 0.2953, -0.4989 -0.444 0.2953, -0.504 -0.4401 0.2953, -0.5233 -0.445 0.2953, -0.5079 -0.4352 0.2953, -0.5102 -0.4303 0.2953, -0.4855 -0.4475 0.2953, -0.5233 -0.4921 0.2953, -0.4792 -0.4467 0.2953, -0.348 -0.4921 0.2953, -0.4746 -0.445 0.2953, -0.4866 -0.4475 0.2953, -0.4928 -0.4465 0.2953, -0.4964 -0.445 0.2953, -0.4608 -0.4303 0.2953, -0.4609 -0.4304 0.2953, -0.348 -0.445 0.2953, -0.464 -0.4362 0.2953, -0.468 -0.4408 0.2953, -0.4733 -0.4445 0.2953, -0.4704 -0.3993 0.2953, -0.4658 -0.4035 0.2953, -0.4305 -0.385 0.2953, -0.516 -0.4084 0.2953, -0.5103 -0.4119 0.2953, -0.5074 -0.4062 0.2953, -0.391 -0.3912 0.2953, -0.3923 -0.3862 0.2953, -0.3943 -0.3824 0.2953, -0.5233 -0.3824 0.2953, -0.425 -0.43 0.2953, -0.4267 -0.4294 0.2953, -0.4285 -0.4282 0.2953, -0.4295 -0.4272 0.2953, -0.503 -0.4013 0.2953, -0.4976 -0.3975 0.2953, -0.4918 -0.3953 0.2953, -0.4287 -0.4158 0.2953, -0.427 -0.4147 0.2953, -0.4223 -0.399 0.2953, -0.4252 -0.414 0.2953, -0.3794 -0.4116 0.2953, -0.3843 -0.4183 0.2953, -0.348 -0.4303 0.2953, -0.3851 -0.4191 0.2953, -0.3921 -0.4247 0.2953, -0.3756 -0.3852 0.2953, -0.3746 -0.3932 0.2953, -0.348 -0.3824 0.2953, -0.3746 -0.3947 0.2953, -0.376 -0.4033 0.2953, -0.4002 -0.4285 0.2953, -0.4083 -0.4301 0.2953, -0.4239 -0.4301 0.2953, -0.4315 -0.4219 0.2953, -0.4315 -0.4212 0.2953, -0.4592 -0.4185 0.2953, -0.431 -0.4191 0.2953, -0.43 -0.4173 0.2953, -0.4855 -0.3945 0.2953, -0.4823 -0.3947 0.2953, -0.476 -0.3963 0.2953, -0.4306 -0.4256 0.2953, -0.4313 -0.4238 0.2953, -0.4593 -0.4238 0.2953, -0.4592 -0.4212 0.2953, -0.4233 -0.4138 0.2953, -0.4231 -0.4138 0.2953, -0.4223 -0.414 0.2953, -0.3963 -0.4074 0.2953, -0.3934 -0.4033 0.2953, -0.3916 -0.3986 0.2953, -0.3909 -0.3935 0.2953, -0.4218 -0.414 0.2953, -0.4099 -0.414 0.2953, -0.4052 -0.4131 0.2953, -0.4005 -0.411 0.2953, -0.3966 -0.4078 0.2953, -0.5261 -0.3877 0.2953, -0.5258 -0.3917 0.2953, -0.5239 -0.3982 0.2953, -0.5233 -0.3992 0.2953, -0.5208 -0.4036 0.2953, -0.5233 -0.3761 0.2953, -0.5253 -0.3813 0.2953, -0.5255 -0.3824 0.2953, -0.3947 -0.3816 0.2953, -0.4115 -0.3729 0.2953, -0.4136 -0.3729 0.2953, -0.3978 -0.3782 0.2953, -0.4019 -0.3753 0.2953, -0.4065 -0.3735 0.2953, -0.5204 -0.3715 0.2953, -0.4858 -0.3653 0.2953, -0.4877 -0.3642 0.2953, -0.4181 -0.3591 0.2953, -0.4236 -0.3516 0.2953, -0.4265 -0.3489 0.2953, -0.4339 -0.3439 0.2953, -0.4423 -0.3409 0.2953, -0.4937 -0.3621 0.2953, -0.4998 -0.3613 0.2953, -0.5025 -0.3615 0.2953, -0.5231 -0.3754 0.2953, -0.4139 -0.3715 0.2953, -0.4145 -0.3678 0.2953, -0.4505 -0.34 0.2953, -0.4519 -0.34 0.2953, -0.4822 -0.3576 0.2953, -0.4606 -0.3414 0.2953, -0.4765 -0.3505 0.2953, -0.4692 -0.345 0.2953, -0.509 -0.363 0.2953, -0.5149 -0.3661 0.2953, -0.5194 -0.3702 0.2953, -0.3826 -0.3715 0.2953, -0.3787 -0.3771 0.2953, -0.3767 -0.3824 0.2953, -0.2045 -0.361 0.2953, -0.2181 -0.361 0.2953, -0.2007 -0.3712 0.2953, -0.2181 -0.3715 0.2953, -0.1955 -0.3712 0.2953, 0.5906 -0.3715 0.2953, 0.5906 -0.3338 0.2953, -0.2096 -0.3341 0.2953, -0.2181 -0.3338 0.2953, -0.22 -0.361 0.2953, -0.2235 -0.3712 0.2953, -0.2298 -0.3715 0.2953, -0.2288 -0.3712 0.2953, -0.2298 -0.3338 0.2953, -0.2181 -0.3431 0.2953, -0.2147 -0.3341 0.2953, -0.2732 -0.3545 0.2953, -0.2832 -0.3545 0.2953, -0.2732 -0.367 0.2953, -0.2832 -0.367 0.2953, -0.2645 -0.3338 0.2953, -0.2732 -0.3338 0.2953, -0.2689 -0.3341 0.2953, -0.2732 -0.3341 0.2953, -0.2689 -0.3384 0.2953, -0.2681 -0.367 0.2953, -0.2645 -0.3715 0.2953, -0.2681 -0.3712 0.2953, -0.2732 -0.3715 0.2953, -0.2699 -0.3545 0.2953, -0.2699 -0.3502 0.2953, -0.2732 -0.3502 0.2953, -0.2732 -0.3384 0.2953, -0.2832 -0.3384 0.2953, -0.2832 -0.3502 0.2953, -0.288 -0.3341 0.2953, -0.2901 -0.3338 0.2953, -0.288 -0.3712 0.2953, -0.2954 -0.335 0.2953, -0.2993 -0.3339 0.2953, -0.3003 -0.3338 0.2953, -0.2732 -0.3712 0.2953, -0.2954 -0.34 0.2953, -0.296 -0.37 0.2953, -0.3032 -0.3675 0.2953, -0.299 -0.3667 0.2953, -0.2954 -0.3651 0.2953, -0.2954 -0.3696 0.2953, -0.3181 -0.3544 0.2953, -0.2958 -0.3398 0.2953, -0.2996 -0.3384 0.2953, -0.3163 -0.3611 0.2953, -0.3145 -0.3636 0.2953, -0.3138 -0.3644 0.2953, -0.3114 -0.3661 0.2953, -0.3087 -0.3671 0.2953, -0.305 -0.3675 0.2953, -0.3142 -0.3419 0.2953, -0.3163 -0.3447 0.2953, -0.3117 -0.3398 0.2953, -0.3088 -0.3385 0.2953, -0.3041 -0.3378 0.2953, -0.3056 -0.3379 0.2953, -0.3181 -0.3531 0.2953, -0.3175 -0.3479 0.2953, -0.3175 -0.3581 0.2953, -0.3042 -0.3335 0.2953, -0.2901 -0.0433 0.2953, -0.3041 -0.3335 0.2953, -0.3215 -0.3448 0.2953, -0.3205 -0.3425 0.2953, -0.3178 -0.3389 0.2953, -0.3169 -0.3381 0.2953, -0.3135 -0.3357 0.2953, -0.3231 -0.3514 0.2953, -0.3223 -0.3466 0.2953, -0.3237 -0.3338 0.2953, -0.3215 -0.3618 0.2953, -0.3226 -0.3589 0.2953, -0.3237 -0.3715 0.2953, -0.3232 -0.3533 0.2953, -0.3154 -0.3692 0.2953, -0.3184 -0.3667 0.2953, -0.3215 -0.3715 0.2953, -0.319 -0.3661 0.2953, -0.3211 -0.3629 0.2953, -0.3057 -0.3718 0.2953, -0.3079 -0.3717 0.2953, -0.3215 -0.3824 0.2953, -0.3089 -0.3715 0.2953, -0.3119 -0.3709 0.2953, -0.2319 -0.3589 0.2953, -0.2337 -0.3627 0.2953, -0.2441 -0.3338 0.2953, -0.2441 -0.335 0.2953, -0.2403 -0.3364 0.2953, -0.2441 -0.3702 0.2953, -0.2441 -0.3715 0.2953, -0.2403 -0.3687 0.2953, -0.2365 -0.366 0.2953, -0.2365 -0.339 0.2953, -0.2352 -0.3403 0.2953, -0.2329 -0.3435 0.2953, -0.2315 -0.347 0.2953, -0.2309 -0.3522 0.2953, -0.231 -0.3545 0.2953, -0.2505 -0.3341 0.2953, -0.2448 -0.3347 0.2953, -0.2445 -0.3704 0.2953, -0.2509 -0.3712 0.2953, -0.261 -0.3712 0.2953, -0.261 -0.3341 0.2953, -0.3073 -0.4297 0.2953, -0.309 -0.4303 0.2953, -0.3032 -0.43 0.2953, -0.318 -0.4174 0.2953, -0.3173 -0.4099 0.2953, -0.3189 -0.4187 0.2953, -0.3195 -0.4203 0.2953, -0.3056 -0.4286 0.2953, -0.3143 -0.4303 0.2953, -0.3161 -0.4296 0.2953, -0.3215 -0.4303 0.2953, -0.319 -0.4266 0.2953, -0.3196 -0.425 0.2953, -0.3129 -0.4035 0.2953, -0.3163 -0.4048 0.2953, -0.3173 -0.4054 0.2953, -0.3166 -0.4161 0.2953, -0.3146 -0.4151 0.2953, -0.314 -0.4079 0.2953, -0.3111 -0.4143 0.2953, -0.307 -0.4068 0.2953, -0.3086 -0.4067 0.2953, -0.3111 -0.4069 0.2953, -0.3176 -0.4285 0.2953, -0.3181 -0.428 0.2953, -0.3032 -0.4259 0.2953, -0.3033 -0.4259 0.2953, -0.3041 -0.4271 0.2953, -0.2902 -0.4156 0.2953, -0.2923 -0.4243 0.2953, -0.2901 -0.4157 0.2953, -0.2906 -0.4253 0.2953, -0.2901 -0.4255 0.2953, -0.3198 -0.4229 0.2953, -0.3198 -0.4224 0.2953, -0.2916 -0.4076 0.2953, -0.3006 -0.4058 0.2953, -0.2921 -0.4091 0.2953, -0.2997 -0.4073 0.2953, -0.2989 -0.4094 0.2953, -0.3032 -0.4132 0.2953, -0.3034 -0.4111 0.2953, -0.3038 -0.4095 0.2953, -0.3044 -0.4085 0.2953, -0.3081 -0.4029 0.2953, -0.3054 -0.4031 0.2953, -0.3034 -0.4037 0.2953, -0.3051 -0.4078 0.2953, -0.3059 -0.4072 0.2953, -0.2909 -0.4148 0.2953, -0.2915 -0.414 0.2953, -0.2986 -0.413 0.2953, -0.292 -0.4126 0.2953, -0.2923 -0.4107 0.2953, -0.2901 -0.3824 0.2953, -0.2907 -0.4063 0.2953, -0.3019 -0.4046 0.2953, -0.3092 -0.4304 0.2953, -0.2901 -0.445 0.2953, -0.3215 -0.445 0.2953, -0.3114 -0.4306 0.2953, -0.3121 -0.4306 0.2953, -0.3141 -0.4303 0.2953, -0.2923 -0.4291 0.2953, -0.2986 -0.43 0.2953, -0.2901 -0.4298 0.2953, -0.2901 -0.4303 0.2953, -0.289 -0.4302 0.2953, -0.2881 -0.4303 0.2953, -0.2851 -0.4306 0.2953, -0.2757 -0.4041 0.2953, -0.2757 -0.4086 0.2953, -0.2751 -0.426 0.2953, -0.276 -0.4272 0.2953, -0.2901 -0.4058 0.2953, -0.2893 -0.405 0.2953, -0.2882 -0.4043 0.2953, -0.2746 -0.4245 0.2953, -0.2857 -0.4034 0.2953, -0.2819 -0.4029 0.2953, -0.2732 -0.3824 0.2953, -0.2787 -0.4032 0.2953, -0.2774 -0.4285 0.2953, -0.2784 -0.4292 0.2953, -0.276 -0.4184 0.2953, -0.2752 -0.4196 0.2953, -0.2746 -0.4209 0.2953, -0.2744 -0.4228 0.2953, -0.2824 -0.4067 0.2953, -0.2838 -0.4068 0.2953, -0.2875 -0.4102 0.2953, -0.285 -0.4071 0.2953, -0.2861 -0.4077 0.2953, -0.2874 -0.4109 0.2953, -0.2872 -0.4116 0.2953, -0.2869 -0.4122 0.2953, -0.2865 -0.4127 0.2953, -0.2848 -0.4137 0.2953, -0.2791 -0.4071 0.2953, -0.2819 -0.415 0.2953, -0.2765 -0.4081 0.2953, -0.2801 -0.4157 0.2953, -0.2771 -0.4174 0.2953, -0.2868 -0.4083 0.2953, -0.2872 -0.4089 0.2953, -0.2874 -0.4095 0.2953, -0.2877 -0.4264 0.2953, -0.2852 -0.4184 0.2953, -0.288 -0.4171 0.2953, -0.2846 -0.4268 0.2953, -0.2844 -0.4268 0.2953, -0.2822 -0.4196 0.2953, -0.2821 -0.4266 0.2953, -0.2792 -0.4232 0.2953, -0.2792 -0.4227 0.2953, -0.2809 -0.4261 0.2953, -0.2804 -0.4259 0.2953, -0.2799 -0.4254 0.2953, -0.2795 -0.4248 0.2953, -0.2793 -0.4241 0.2953, -0.2794 -0.4219 0.2953, -0.2798 -0.4213 0.2953, -0.2804 -0.4207 0.2953, -0.2514 -0.4035 0.2953, -0.2466 -0.4035 0.2953, -0.2441 -0.3824 0.2953, -0.2599 -0.4234 0.2953, -0.2593 -0.4256 0.2953, -0.2592 -0.4256 0.2953, -0.2645 -0.3824 0.2953, -0.2645 -0.41 0.2953, -0.2586 -0.4235 0.2953, -0.259 -0.4247 0.2953, -0.2645 -0.4303 0.2953, -0.2645 -0.4224 0.2953, -0.272 -0.4035 0.2953, -0.2668 -0.4035 0.2953, -0.2616 -0.4299 0.2953, -0.2618 -0.4303 0.2953, -0.2636 -0.4347 0.2953, -0.2732 -0.445 0.2953, -0.271 -0.4421 0.2953, -0.271 -0.4379 0.2953, -0.2701 -0.4383 0.2953, -0.2684 -0.4385 0.2953, -0.2675 -0.4384 0.2953, -0.2665 -0.4381 0.2953, -0.2656 -0.4375 0.2953, -0.2645 -0.4416 0.2953, -0.2661 -0.4422 0.2953, -0.2645 -0.445 0.2953, -0.268 -0.4425 0.2953, -0.2691 -0.4424 0.2953, -0.2646 -0.4366 0.2953, -0.2645 -0.4364 0.2953, -0.2571 -0.4303 0.2953, -0.2586 -0.434 0.2953, -0.2441 -0.445 0.2953, -0.2586 -0.434 0.2953, -0.2608 -0.4383 0.2953, -0.2625 -0.4403 0.2953, -0.2627 -0.4404 0.2953, -0.2643 -0.4415 0.2953, -0.2298 -0.4133 0.2953, -0.2368 -0.4133 0.2953, -0.2298 -0.4258 0.2953, -0.2368 -0.4258 0.2953, -0.2225 -0.3929 0.2953, -0.2225 -0.3972 0.2953, -0.2181 -0.3824 0.2953, -0.2216 -0.4258 0.2953, -0.2181 -0.4303 0.2953, -0.2216 -0.43 0.2953, -0.2298 -0.4303 0.2953, -0.2235 -0.4133 0.2953, -0.2235 -0.409 0.2953, -0.2298 -0.409 0.2953, -0.2298 -0.3972 0.2953, -0.2368 -0.3972 0.2953, -0.2368 -0.409 0.2953, -0.2298 -0.43 0.2953, -0.2416 -0.43 0.2953, -0.2441 -0.4303 0.2953, -0.2416 -0.3929 0.2953, -0.2298 -0.3929 0.2953, -0.2298 -0.3824 0.2953, -0.348 0.4921 0.2953, -0.3237 0.4921 0.2953, -0.3215 0.4921 0.2953, -0.2901 0.4921 0.2953, -0.2732 -0.0433 0.2953, -0.2732 0.4921 0.2953, -0.2645 -0.0433 0.2953, -0.2645 0.4921 0.2953, -0.2441 -0.0433 0.2953, -0.2441 0.4921 0.2953, -0.2298 -0.0433 0.2953, -0.2298 0.4921 0.2953, -0.2181 -0.0433 0.2953, -0.2181 0.4921 0.2953, 0.5906 -0.0433 0.2953, 0.5906 0.4921 0.2953, -0.3517 0.3137 0.2953, -0.3543 0.294 0.2953, -0.3619 0.2757 0.2953, -0.374 0.2599 0.2953, -0.3898 0.2478 0.2953, -0.3619 0.3518 0.2953, -0.3543 0.3334 0.2953, -0.4081 0.3872 0.2953, -0.3898 0.3796 0.2953, -0.374 0.3675 0.2953, -0.4081 0.2402 0.2953, -0.4278 0.2376 0.2953, -0.4475 0.2402 0.2953, -0.5233 0.4921 0.2953, -0.4937 0.3518 0.2953, -0.4816 0.3675 0.2953, -0.4659 0.3796 0.2953, -0.4475 0.3872 0.2953, -0.4278 0.3898 0.2953, -0.4659 0.2478 0.2953, -0.4816 0.2599 0.2953, -0.4937 0.2757 0.2953, -0.5013 0.294 0.2953, -0.5039 0.3137 0.2953, -0.5013 0.3334 0.2953, -0.5906 0.4921 0.2953, -0.5906 -0.0433 0.2953, -0.3247 -0.367 0.2953, -0.3247 -0.3712 0.2953, -0.3442 -0.3712 0.2953, -0.3442 -0.3341 0.2953, -0.3394 -0.3341 0.2953, -0.3394 -0.367 0.2953, -0.3237 -0.3824 0.2953, -0.1771 -0.43 0.2953, -0.1824 -0.43 0.2953, 0.5906 -0.3824 0.2953, -0.1632 -0.3929 0.2953, 0.5906 -0.4303 0.2953, -0.149 -0.43 0.2953, -0.1543 -0.43 0.2953, -0.1581 -0.4198 0.2953, -0.1735 -0.4198 0.2953, -0.1855 -0.4177 0.2953, -0.1846 -0.4133 0.2953, -0.1683 -0.3929 0.2953, -0.1844 -0.411 0.2953, -0.1851 -0.4058 0.2953, -0.1873 -0.4215 0.2953, -0.19 -0.4248 0.2953, -0.1939 -0.4275 0.2953, -0.2146 -0.3929 0.2953, -0.2146 -0.43 0.2953, -0.2044 -0.43 0.2953, -0.1981 -0.4292 0.2953, -0.19 -0.3978 0.2953, -0.1888 -0.3991 0.2953, -0.1865 -0.4023 0.2953, -0.2041 -0.3929 0.2953, -0.1984 -0.3935 0.2953, -0.1939 -0.3952 0.2953, -0.3237 -0.4303 0.2953, -0.3442 -0.43 0.2953, -0.3243 -0.43 0.2953, -0.3243 -0.4258 0.2953, -0.3251 -0.3972 0.2953, -0.3442 -0.3929 0.2953, -0.3251 -0.3929 0.2953, -0.3394 -0.4133 0.2953, -0.3394 -0.4258 0.2953, -0.3262 -0.4133 0.2953, -0.3262 -0.409 0.2953, -0.3394 -0.409 0.2953, -0.3394 -0.3972 0.2953, -0.2298 -0.445 0.2953, -0.2181 -0.445 0.2953, 0.5906 -0.445 0.2953, -0.3237 -0.445 0.2953, -0.3237 -0.4921 0.2953, -0.3215 -0.4921 0.2953, -0.2901 -0.4921 0.2953, -0.2732 -0.4921 0.2953, -0.2645 -0.4921 0.2953, -0.2441 -0.4921 0.2953, -0.2298 -0.4921 0.2953, -0.2181 -0.4921 0.2953, 0.5906 -0.4921 0.2953, -0.5906 -0.445 0.2953, -0.5906 -0.4921 0.2953, -0.4232 0.2953 0.0, -0.3642 0.3543 0.0, -0.3642 -0.2953 0.0, 0.0886 0.1824 0.0, 0.0967 0.1887 0.0, 0.3445 0.2953 0.0, 0.2542 0.1887 0.0, 0.2605 0.1969 0.0, 0.2657 0.4921 0.0, 0.3445 0.4921 0.0, 0.2657 0.2165 0.0, 0.2644 0.2063 0.0, 0.1883 0.2063 0.0, 0.1923 0.1969 0.0, 0.103 0.1969 0.0, 0.4623 0.1928 0.0, 0.4528 0.1888 0.0, -0.2182 0.3387 0.0, -0.212 0.3469 0.0, -0.128 0.2165 0.0, 0.5906 -0.1996 0.0, 0.5906 -0.2953 0.0, 0.4724 -0.1996 0.0, 0.3445 -0.2953 0.0, -0.2739 -0.3462 0.0, -0.2802 -0.3543 0.0, -0.4524 -0.1983 0.0, -0.4429 -0.1943 0.0, -0.4348 -0.1881 0.0, -0.4285 -0.1799 0.0, -0.4246 -0.15 0.0, -0.4285 -0.1406 0.0, -0.4232 -0.0028 0.0, -0.4348 -0.1324 0.0, -0.4246 -0.0129 0.0, -0.3642 0.4921 0.0, -0.2854 0.4921 0.0, -0.2854 0.3665 0.0, -0.2461 0.3272 0.0, -0.2563 0.3285 0.0, -0.2657 0.3324 0.0, -0.0784 0.1785 0.0, -0.0689 0.1824 0.0, 0.0587 0.1785 0.0, 0.0791 0.1785 0.0, -0.2067 0.4921 0.0, -0.128 0.4921 0.0, -0.2067 0.3665 0.0, -0.208 0.3563 0.0, 0.3445 -0.4921 0.0, 0.2657 -0.4921 0.0, 0.2657 -0.2165 0.0, 0.2644 -0.2063 0.0, 0.5906 0.2953 0.0, 0.5906 0.1941 0.0, 0.4724 0.1941 0.0, 0.4446 -0.1881 0.0, 0.4528 -0.1943 0.0, 0.4623 -0.1983 0.0, -0.5906 -0.2953 0.0, -0.5906 -0.1996 0.0, -0.4626 -0.1996 0.0, -0.4285 0.135 0.0, -0.4348 0.1269 0.0, -0.4429 0.1206 0.0, -0.2841 0.3563 0.0, -0.2802 0.3469 0.0, -0.2739 0.3387 0.0, 0.1985 0.1887 0.0, 0.2067 -0.1824 0.0, 0.2067 0.1824 0.0, 0.2162 0.1785 0.0, 0.103 -0.1969 0.0, 0.0967 -0.1887 0.0, 0.1883 -0.2063 0.0, -0.4429 -0.1261 0.0, -0.4524 -0.0408 0.0, -0.4429 -0.0369 0.0, -0.2359 0.3285 0.0, -0.1164 0.1887 0.0, -0.1083 0.1824 0.0, -0.0988 0.1785 0.0, -0.0886 0.1772 0.0, 0.0689 0.1772 0.0, -0.2264 0.3324 0.0, -0.1266 0.2063 0.0, -0.1227 0.1969 0.0, 0.1083 0.2165 0.0, 0.1083 0.4921 0.0, 0.187 0.4921 0.0, 0.2605 -0.1969 0.0, 0.2366 0.1785 0.0, 0.2542 -0.1887 0.0, -0.2359 -0.336 0.0, -0.2461 -0.3346 0.0, -0.2563 -0.336 0.0, -0.2657 -0.3399 0.0, -0.2854 -0.4921 0.0, -0.3642 -0.4921 0.0, -0.2854 -0.374 0.0, -0.2841 -0.3638 0.0, 0.4344 -0.15 0.0, 0.4331 -0.1602 0.0, 0.4344 -0.1704 0.0, 0.4383 -0.1799 0.0, -0.4626 0.0366 0.0, -0.5906 0.0366 0.0, -0.5906 0.1154 0.0, -0.4348 -0.0306 0.0, -0.4285 -0.0224 0.0, 0.0309 0.2063 0.0, 0.0348 0.1969 0.0, -0.0545 0.1969 0.0, 0.0411 0.1887 0.0, 0.1069 0.2063 0.0, 0.187 0.2165 0.0, 0.2461 -0.1824 0.0, 0.2366 -0.1785 0.0, 0.2264 0.1772 0.0, 0.2264 -0.1772 0.0, 0.2162 -0.1785 0.0, 0.0295 -0.4921 0.0, -0.0492 -0.4921 0.0, 0.0295 -0.2165 0.0, -0.0492 -0.374 0.0, -0.0506 -0.3638 0.0, 0.0886 -0.1824 0.0, 0.0791 -0.1785 0.0, 0.1923 -0.1969 0.0, 0.1985 -0.1887 0.0, 0.0689 -0.1772 0.0, 0.0587 -0.1785 0.0, 0.0492 -0.1824 0.0, 0.187 -0.4921 0.0, 0.1083 -0.4921 0.0, 0.187 -0.2165 0.0, 0.1083 -0.2165 0.0, 0.1069 -0.2063 0.0, 0.4383 -0.0224 0.0, 0.4528 -0.1261 0.0, 0.4446 -0.0306 0.0, 0.4528 -0.0369 0.0, 0.4623 -0.0408 0.0, 0.2461 0.1824 0.0, 0.4446 -0.1324 0.0, 0.4383 -0.1406 0.0, -0.4348 0.0251 0.0, -0.4429 0.0313 0.0, -0.4524 0.0353 0.0, -0.4524 0.1167 0.0, -0.4626 0.1154 0.0, -0.5906 0.1941 0.0, -0.5906 0.2953 0.0, -0.4626 0.1941 0.0, -0.4524 0.1928 0.0, -0.0607 0.1887 0.0, 0.0492 0.1824 0.0, -0.2264 -0.3399 0.0, -0.2182 -0.3462 0.0, 0.0411 -0.1887 0.0, 0.0348 -0.1969 0.0, 0.4623 0.0353 0.0, 0.4528 0.0313 0.0, 0.4446 0.1269 0.0, 0.4446 0.0251 0.0, 0.4383 0.0169 0.0, -0.4246 -0.1704 0.0, -0.4232 -0.1602 0.0, -0.4246 0.0074 0.0, -0.4285 0.0169 0.0, -0.4285 0.1744 0.0, -0.4348 0.1826 0.0, -0.4429 0.1888 0.0, -0.4626 -0.1209 0.0, -0.5906 -0.1209 0.0, -0.5906 -0.0421 0.0, -0.128 -0.4921 0.0, -0.2067 -0.4921 0.0, -0.128 -0.374 0.0, -0.2067 -0.374 0.0, -0.1266 -0.3638 0.0, -0.208 -0.3638 0.0, -0.4246 0.1445 0.0, -0.4232 0.1547 0.0, -0.4246 0.1649 0.0, -0.4524 -0.1222 0.0, -0.4626 -0.0421 0.0, -0.0492 0.2165 0.0, -0.0492 0.4921 0.0, 0.0295 0.4921 0.0, 0.4446 0.1826 0.0, 0.4383 0.1744 0.0, 0.4344 0.1649 0.0, 0.4331 0.1547 0.0, 0.4344 0.1445 0.0, 0.4383 0.135 0.0, 0.5906 -0.0421 0.0, 0.5906 -0.1209 0.0, 0.4724 -0.0421 0.0, 0.4724 -0.1209 0.0, 0.4623 -0.1222 0.0, 0.5906 0.1154 0.0, 0.5906 0.0366 0.0, 0.4724 0.1154 0.0, 0.4724 0.0366 0.0, 0.4623 0.1167 0.0, 0.4528 0.1206 0.0, -0.0506 0.2063 0.0, 0.0295 0.2165 0.0, -0.0784 -0.336 0.0, -0.0689 -0.3399 0.0, 0.0309 -0.2063 0.0, -0.0607 -0.3462 0.0, -0.0545 -0.3543 0.0, -0.212 -0.3543 0.0, -0.1227 -0.3543 0.0, -0.1164 -0.3462 0.0, 0.4344 0.0074 0.0, 0.4331 -0.0028 0.0, 0.4344 -0.0129 0.0, -0.0886 -0.3346 0.0, -0.0988 -0.336 0.0, -0.1083 -0.3399 0.0, 0.5906 -0.374 0.0, 0.5906 -0.4921 0.0, 0.4232 -0.374 0.0, 0.4232 -0.4921 0.0, 0.4232 0.374 0.0, 0.4232 0.4921 0.0, 0.5906 0.374 0.0, 0.5906 0.4921 0.0, -0.4429 -0.374 0.0, -0.4429 -0.4921 0.0, -0.5906 -0.374 0.0, -0.5906 -0.4921 0.0, 0.5906 -0.2953 0.0315, 0.5906 -0.1996 0.0315, 0.5906 -0.1209 0.0315, 0.5906 -0.374 0.0315, 0.5906 0.0366 0.0315, 0.5906 0.1154 0.0315, 0.5906 0.1941 0.0315, 0.5906 -0.0421 0.0315, 0.5906 0.374 0.0315, 0.5906 0.2953 0.0315, 0.4232 0.4921 0.0315, 0.187 0.4921 0.0315, 0.3445 0.4921 0.0315, 0.2657 0.4921 0.0315, 0.1083 0.4921 0.0315, 0.0295 0.4921 0.0315, -0.128 0.4921 0.0315, -0.2067 0.4921 0.0315, -0.2854 0.4921 0.0315, -0.0492 0.4921 0.0315, -0.4429 0.4921 0.0, -0.5906 0.4921 0.0, -0.4429 0.4921 0.0315, -0.3642 0.4921 0.0315, -0.5906 0.2953 0.0315, -0.5906 0.374 0.0, -0.5906 0.374 0.0315, -0.5906 0.1941 0.0315, -0.5906 0.1154 0.0315, -0.5906 0.0366 0.0315, -0.5906 -0.0421 0.0315, -0.5906 -0.1209 0.0315, -0.5906 -0.1996 0.0315, -0.5906 -0.374 0.0315, -0.5906 -0.2953 0.0315, 0.4232 -0.4921 0.0315, 0.3445 -0.4921 0.0315, 0.1083 -0.4921 0.0315, -0.4429 -0.4921 0.0315, -0.3642 -0.4921 0.0315, 0.187 -0.4921 0.0315, 0.2657 -0.4921 0.0315, -0.2854 -0.4921 0.0315, -0.2067 -0.4921 0.0315, -0.128 -0.4921 0.0315, -0.0492 -0.4921 0.0315, 0.0295 -0.4921 0.0315, -0.4429 0.374 0.0, -0.4429 0.374 0.0
            ]
        }
        coordIndex [
            0,1,2,-1,3,4,5,-1,6,7,0,-1,8,9,10,-1,11,12,13,-1,14,15,16,-1,17,18,19,-1,20,21,22,-1,22,21,23,-1,24,25,22,-1,22,25,26,-1,22,26,27,-1,27,28,22,-1,22,28,29,-1,22,29,20,-1,30,31,32,-1,32,31,33,-1,32,33,34,-1,34,33,35,-1,18,36,19,-1,19,36,37,-1,19,37,38,-1,35,33,39,-1,39,33,19,-1,39,19,40,-1,40,19,38,-1,40,38,41,-1,41,38,42,-1,41,42,43,-1,16,15,44,-1,15,45,44,-1,44,45,46,-1,44,46,47,-1,47,46,48,-1,47,48,49,-1,50,51,52,-1,50,52,53,-1,51,54,52,-1,52,54,55,-1,52,55,16,-1,16,55,56,-1,16,56,14,-1,11,13,57,-1,58,59,60,-1,60,59,61,-1,60,61,13,-1,13,61,62,-1,13,62,57,-1,63,64,65,-1,65,64,66,-1,65,66,67,-1,63,68,64,-1,64,68,69,-1,64,69,60,-1,60,69,70,-1,60,70,58,-1,71,72,73,-1,73,72,74,-1,74,75,73,-1,73,75,76,-1,73,76,67,-1,77,78,79,-1,80,81,82,-1,83,84,79,-1,79,84,85,-1,79,85,86,-1,87,88,71,-1,71,88,89,-1,71,89,90,-1,82,91,86,-1,86,91,92,-1,86,92,93,-1,94,95,96,-1,96,95,97,-1,98,99,100,-1,100,99,101,-1,100,101,102,-1,103,104,105,-1,105,104,106,-1,105,106,100,-1,100,106,107,-1,100,107,98,-1,102,108,100,-1,100,108,109,-1,100,109,71,-1,71,109,110,-1,71,110,87,-1,111,112,113,-1,113,112,114,-1,113,114,96,-1,96,114,115,-1,96,115,94,-1,93,116,86,-1,86,116,117,-1,86,117,79,-1,79,117,118,-1,79,118,77,-1,90,119,71,-1,71,119,120,-1,71,120,121,-1,121,120,111,-1,121,111,122,-1,122,111,113,-1,97,123,96,-1,96,123,124,-1,96,124,125,-1,126,127,96,-1,96,127,128,-1,96,128,79,-1,79,128,129,-1,79,129,83,-1,125,130,96,-1,96,130,131,-1,96,131,132,-1,132,133,96,-1,96,133,134,-1,96,134,126,-1,86,135,136,-1,136,137,86,-1,86,137,138,-1,86,138,82,-1,82,138,139,-1,82,139,80,-1,140,141,86,-1,86,141,142,-1,86,142,135,-1,143,144,85,-1,85,144,145,-1,85,145,86,-1,143,146,144,-1,144,146,147,-1,144,147,148,-1,149,150,151,-1,152,153,150,-1,153,154,150,-1,150,154,155,-1,150,155,156,-1,151,157,149,-1,149,157,158,-1,149,158,159,-1,140,86,160,-1,160,86,145,-1,160,145,149,-1,149,145,161,-1,149,161,150,-1,150,161,162,-1,150,162,152,-1,156,163,150,-1,150,163,164,-1,150,164,165,-1,165,164,166,-1,165,166,167,-1,167,166,168,-1,169,170,159,-1,159,170,171,-1,159,171,149,-1,21,172,23,-1,23,172,173,-1,23,173,105,-1,105,173,174,-1,105,174,103,-1,175,176,177,-1,177,176,178,-1,177,178,179,-1,180,181,182,-1,182,181,183,-1,176,184,178,-1,178,184,185,-1,178,185,186,-1,186,185,187,-1,186,187,188,-1,188,187,189,-1,188,189,183,-1,183,189,190,-1,183,190,182,-1,191,192,193,-1,193,192,194,-1,195,196,197,-1,197,196,198,-1,197,199,195,-1,195,199,200,-1,195,200,201,-1,201,200,202,-1,201,202,203,-1,191,193,204,-1,204,193,200,-1,204,200,205,-1,205,200,199,-1,205,199,206,-1,199,207,206,-1,206,207,208,-1,206,208,209,-1,198,196,210,-1,210,196,211,-1,210,211,212,-1,213,211,214,-1,214,211,215,-1,202,216,203,-1,203,216,212,-1,203,212,10,-1,10,212,211,-1,10,211,217,-1,217,211,213,-1,8,10,218,-1,219,220,217,-1,217,220,221,-1,217,221,10,-1,10,221,222,-1,10,222,218,-1,223,224,225,-1,226,227,217,-1,217,227,228,-1,217,228,229,-1,229,230,217,-1,217,230,231,-1,217,231,219,-1,232,233,234,-1,234,233,235,-1,225,236,223,-1,223,236,237,-1,223,237,238,-1,238,237,235,-1,238,235,239,-1,239,235,233,-1,224,223,217,-1,217,223,240,-1,217,240,226,-1,0,7,1,-1,1,7,241,-1,1,241,242,-1,242,241,243,-1,242,243,215,-1,244,245,0,-1,0,245,246,-1,246,247,0,-1,0,247,248,-1,0,248,6,-1,249,250,251,-1,252,253,254,-1,254,253,255,-1,249,251,255,-1,256,257,258,-1,258,257,259,-1,258,259,260,-1,261,262,263,-1,263,262,264,-1,263,264,258,-1,258,264,265,-1,258,265,256,-1,266,267,186,-1,268,269,188,-1,188,269,270,-1,271,272,273,-1,273,272,186,-1,273,186,274,-1,274,186,267,-1,270,275,188,-1,188,275,276,-1,188,276,277,-1,277,278,188,-1,188,278,279,-1,188,279,186,-1,186,279,280,-1,186,280,266,-1,195,281,268,-1,268,281,282,-1,268,282,269,-1,271,283,272,-1,272,283,284,-1,272,284,201,-1,201,284,285,-1,201,285,195,-1,195,285,286,-1,195,286,281,-1,287,288,289,-1,290,291,292,-1,292,291,293,-1,287,289,294,-1,295,296,297,-1,297,298,299,-1,300,263,301,-1,301,263,302,-1,290,303,291,-1,291,303,304,-1,291,304,305,-1,305,304,306,-1,307,308,306,-1,306,308,309,-1,306,309,305,-1,296,310,297,-1,297,310,311,-1,297,311,298,-1,312,313,289,-1,289,313,314,-1,289,314,294,-1,315,316,317,-1,317,316,318,-1,317,318,319,-1,299,320,297,-1,297,320,321,-1,297,321,263,-1,263,321,293,-1,263,293,302,-1,302,293,291,-1,322,323,324,-1,324,323,325,-1,324,325,326,-1,327,328,306,-1,306,328,329,-1,306,329,330,-1,300,331,263,-1,263,331,332,-1,263,332,333,-1,330,334,306,-1,306,334,335,-1,306,335,307,-1,336,337,338,-1,338,337,339,-1,338,339,326,-1,326,339,340,-1,326,340,324,-1,9,261,341,-1,341,261,263,-1,341,263,342,-1,342,263,333,-1,342,333,322,-1,322,333,343,-1,322,343,323,-1,288,344,345,-1,345,344,346,-1,344,347,346,-1,346,347,348,-1,346,348,349,-1,315,336,316,-1,316,336,338,-1,316,338,350,-1,350,338,351,-1,350,351,352,-1,352,351,353,-1,352,353,354,-1,354,353,355,-1,356,355,345,-1,345,355,353,-1,345,353,288,-1,288,353,351,-1,288,351,289,-1,357,358,5,-1,359,360,5,-1,342,361,341,-1,341,361,362,-1,341,362,363,-1,359,5,364,-1,363,365,341,-1,341,365,366,-1,341,366,367,-1,367,366,368,-1,367,368,357,-1,360,369,5,-1,5,369,370,-1,5,370,3,-1,371,372,358,-1,358,372,373,-1,358,373,5,-1,5,373,374,-1,5,374,364,-1,375,376,377,-1,377,376,378,-1,377,378,379,-1,377,380,375,-1,375,380,381,-1,375,381,382,-1,382,383,375,-1,375,383,384,-1,375,384,385,-1,385,384,386,-1,385,386,387,-1,387,386,388,-1,387,388,358,-1,358,388,389,-1,358,389,371,-1,390,391,379,-1,379,391,392,-1,379,392,377,-1,393,394,319,-1,319,394,395,-1,319,395,317,-1,393,396,394,-1,394,396,397,-1,394,397,398,-1,398,397,399,-1,398,400,401,-1,399,402,398,-1,398,402,403,-1,398,403,404,-1,404,405,398,-1,398,405,406,-1,398,406,400,-1,401,407,398,-1,398,407,408,-1,398,408,409,-1,410,411,412,-1,413,414,415,-1,412,416,410,-1,410,416,417,-1,410,417,418,-1,418,417,413,-1,418,413,419,-1,419,413,415,-1,420,421,5,-1,5,421,422,-1,357,5,367,-1,367,5,422,-1,367,422,416,-1,416,422,423,-1,416,423,417,-1,424,421,425,-1,425,421,420,-1,425,420,426,-1,427,428,429,-1,356,345,4,-1,4,345,427,-1,4,427,5,-1,5,427,429,-1,5,429,420,-1,420,429,430,-1,420,430,431,-1,431,432,420,-1,420,432,433,-1,420,433,434,-1,435,436,437,-1,437,436,438,-1,437,438,427,-1,427,438,439,-1,427,439,428,-1,434,440,420,-1,420,440,441,-1,420,441,426,-1,442,443,444,-1,444,443,445,-1,444,445,446,-1,446,447,444,-1,444,447,448,-1,444,448,437,-1,437,448,449,-1,437,449,435,-1,450,451,452,-1,452,451,453,-1,454,455,456,-1,456,455,457,-1,456,457,458,-1,458,457,459,-1,458,459,460,-1,450,452,461,-1,461,452,457,-1,461,457,462,-1,462,457,455,-1,462,455,463,-1,455,464,463,-1,463,464,465,-1,463,465,466,-1,459,467,460,-1,460,467,468,-1,460,468,469,-1,469,468,470,-1,454,456,471,-1,471,456,472,-1,471,472,470,-1,470,472,412,-1,470,412,469,-1,469,412,411,-1,469,411,442,-1,473,2,474,-1,474,2,1,-1,474,1,475,-1,475,1,242,-1,475,242,476,-1,476,242,477,-1,476,477,478,-1,478,477,479,-1,478,479,480,-1,480,479,481,-1,480,481,482,-1,482,481,483,-1,482,483,484,-1,484,483,485,-1,484,485,486,-1,486,485,487,-1,486,487,488,-1,489,490,31,-1,490,491,31,-1,31,491,492,-1,31,492,493,-1,473,494,495,-1,496,497,473,-1,473,497,498,-1,473,498,494,-1,493,499,31,-1,31,499,500,-1,31,500,33,-1,33,500,501,-1,502,503,504,-1,504,505,502,-1,502,505,506,-1,502,506,473,-1,473,506,507,-1,473,507,496,-1,501,508,33,-1,33,508,509,-1,33,509,510,-1,510,511,33,-1,33,511,512,-1,33,512,502,-1,502,512,513,-1,502,513,503,-1,215,211,242,-1,242,211,196,-1,242,196,477,-1,477,196,195,-1,477,195,479,-1,479,195,268,-1,479,268,481,-1,481,268,188,-1,481,188,483,-1,483,188,183,-1,483,183,485,-1,485,183,181,-1,485,181,487,-1,495,489,473,-1,473,489,31,-1,473,31,2,-1,2,31,251,-1,2,251,0,-1,0,251,250,-1,0,250,244,-1,502,514,33,-1,33,514,515,-1,33,515,19,-1,19,515,47,-1,19,47,17,-1,17,47,49,-1,255,251,254,-1,254,251,516,-1,254,516,517,-1,23,518,22,-1,22,518,519,-1,22,519,520,-1,521,516,520,-1,520,516,251,-1,520,251,22,-1,22,251,31,-1,22,31,24,-1,24,31,30,-1,9,341,10,-1,10,341,367,-1,10,367,203,-1,203,367,416,-1,203,416,201,-1,201,416,412,-1,201,412,272,-1,272,412,472,-1,272,472,186,-1,186,472,456,-1,186,456,178,-1,517,518,254,-1,254,518,23,-1,254,23,522,-1,522,23,105,-1,523,524,458,-1,525,526,527,-1,527,526,528,-1,527,528,458,-1,458,528,529,-1,458,529,523,-1,523,529,530,-1,523,530,531,-1,532,524,533,-1,533,524,534,-1,533,534,535,-1,535,534,536,-1,532,537,524,-1,524,537,538,-1,524,538,539,-1,540,456,541,-1,541,456,458,-1,541,458,542,-1,542,458,524,-1,542,524,543,-1,543,524,539,-1,182,179,180,-1,180,179,178,-1,180,178,525,-1,525,178,456,-1,525,456,526,-1,526,456,534,-1,544,545,534,-1,534,545,546,-1,534,546,536,-1,540,547,456,-1,456,547,548,-1,456,548,534,-1,534,548,549,-1,534,549,544,-1,260,252,258,-1,258,252,254,-1,258,254,263,-1,263,254,522,-1,263,522,297,-1,297,522,550,-1,100,550,551,-1,551,550,552,-1,552,550,553,-1,553,550,522,-1,553,522,554,-1,100,551,105,-1,105,551,555,-1,105,555,522,-1,522,555,556,-1,522,556,554,-1,557,558,559,-1,559,558,553,-1,559,553,560,-1,560,553,554,-1,560,554,561,-1,561,554,562,-1,442,444,469,-1,469,444,563,-1,469,563,460,-1,460,563,564,-1,460,564,458,-1,458,564,565,-1,458,565,527,-1,71,73,100,-1,100,73,566,-1,100,566,550,-1,550,566,346,-1,550,346,297,-1,297,346,349,-1,297,349,295,-1,67,66,73,-1,73,66,567,-1,73,567,566,-1,566,567,568,-1,566,568,346,-1,346,568,569,-1,346,569,345,-1,345,569,570,-1,345,570,427,-1,427,570,571,-1,427,571,437,-1,437,571,572,-1,437,572,444,-1,444,572,573,-1,444,573,563,-1,563,573,574,-1,563,574,564,-1,564,574,575,-1,564,575,565,-1,12,53,13,-1,13,53,52,-1,13,52,60,-1,60,52,576,-1,60,576,64,-1,64,576,577,-1,578,579,580,-1,581,582,580,-1,583,584,585,-1,586,587,588,-1,588,587,583,-1,588,583,589,-1,589,583,585,-1,590,591,592,-1,593,594,583,-1,595,596,597,-1,598,599,600,-1,600,599,601,-1,580,602,603,-1,604,605,580,-1,580,605,606,-1,580,606,607,-1,608,609,610,-1,610,609,611,-1,610,611,612,-1,613,614,579,-1,579,614,615,-1,616,580,617,-1,617,580,618,-1,619,620,621,-1,581,580,622,-1,623,624,625,-1,625,624,597,-1,625,597,626,-1,626,597,596,-1,627,628,601,-1,601,628,629,-1,601,629,630,-1,631,632,583,-1,583,632,633,-1,583,633,593,-1,634,635,601,-1,601,635,636,-1,601,636,600,-1,637,638,580,-1,580,638,639,-1,580,639,604,-1,640,580,641,-1,641,580,642,-1,615,643,579,-1,579,643,644,-1,579,644,580,-1,580,644,645,-1,580,645,618,-1,592,591,582,-1,582,591,646,-1,582,646,647,-1,647,646,648,-1,647,648,649,-1,650,651,652,-1,653,654,611,-1,611,654,655,-1,616,656,580,-1,580,656,657,-1,580,657,658,-1,658,659,580,-1,580,659,660,-1,580,660,619,-1,619,621,580,-1,580,621,661,-1,580,661,622,-1,595,597,662,-1,662,597,663,-1,662,663,656,-1,656,663,664,-1,656,664,657,-1,665,666,667,-1,630,668,669,-1,669,668,670,-1,671,672,582,-1,582,672,673,-1,582,673,580,-1,580,673,674,-1,580,674,602,-1,675,676,677,-1,677,676,580,-1,677,580,678,-1,678,580,603,-1,630,669,601,-1,601,669,679,-1,601,679,680,-1,680,681,601,-1,601,681,682,-1,601,682,634,-1,683,684,685,-1,655,686,611,-1,611,686,687,-1,611,687,612,-1,688,689,690,-1,690,689,691,-1,592,692,590,-1,590,692,665,-1,590,665,693,-1,693,665,667,-1,670,694,669,-1,669,694,695,-1,669,695,696,-1,696,695,697,-1,696,697,649,-1,649,697,698,-1,649,698,647,-1,699,700,701,-1,701,700,702,-1,701,702,703,-1,651,704,652,-1,652,704,705,-1,652,705,706,-1,706,705,582,-1,706,582,707,-1,707,582,647,-1,705,708,582,-1,582,708,709,-1,582,709,710,-1,711,712,713,-1,713,712,714,-1,713,714,652,-1,652,714,715,-1,652,715,650,-1,716,717,584,-1,716,718,717,-1,717,718,719,-1,717,719,720,-1,584,717,721,-1,721,717,722,-1,721,722,669,-1,669,722,723,-1,669,723,679,-1,724,725,642,-1,642,725,726,-1,642,726,727,-1,727,726,683,-1,727,683,728,-1,728,683,685,-1,729,730,731,-1,731,730,578,-1,731,578,732,-1,620,733,621,-1,621,733,690,-1,621,690,734,-1,734,690,691,-1,671,582,735,-1,735,582,710,-1,735,710,736,-1,736,710,737,-1,736,737,738,-1,739,740,741,-1,741,740,742,-1,741,742,743,-1,607,744,580,-1,580,744,745,-1,580,745,608,-1,608,610,580,-1,580,610,746,-1,580,746,642,-1,642,746,747,-1,642,747,724,-1,748,749,578,-1,578,749,750,-1,578,750,732,-1,751,752,753,-1,754,755,756,-1,756,755,757,-1,756,757,758,-1,758,757,759,-1,640,760,580,-1,580,760,761,-1,580,761,578,-1,578,761,762,-1,578,762,748,-1,653,763,654,-1,654,763,751,-1,654,751,764,-1,764,751,753,-1,765,766,767,-1,594,768,583,-1,583,768,769,-1,583,769,584,-1,584,769,770,-1,584,770,771,-1,771,772,584,-1,584,772,773,-1,584,773,741,-1,774,775,776,-1,776,775,777,-1,776,777,720,-1,720,777,778,-1,720,778,717,-1,779,780,781,-1,781,780,782,-1,781,782,783,-1,783,782,739,-1,783,739,784,-1,784,739,741,-1,690,785,688,-1,688,785,765,-1,688,765,786,-1,786,765,767,-1,787,738,788,-1,788,738,789,-1,788,789,790,-1,790,789,701,-1,790,701,791,-1,791,701,703,-1,759,792,758,-1,758,792,736,-1,758,736,793,-1,793,736,794,-1,743,795,741,-1,741,795,796,-1,741,796,584,-1,584,796,797,-1,584,797,716,-1,787,798,738,-1,738,798,799,-1,738,799,736,-1,736,799,800,-1,736,800,794,-1,801,802,803,-1,803,802,804,-1,805,806,807,-1,807,806,808,-1,809,810,811,-1,811,810,812,-1,813,599,598,-1,814,815,488,-1,598,814,813,-1,813,814,488,-1,813,488,816,-1,816,488,575,-1,816,575,801,-1,801,575,802,-1,817,780,779,-1,818,819,488,-1,779,818,817,-1,817,818,488,-1,817,488,820,-1,820,488,815,-1,820,815,774,-1,774,815,775,-1,807,808,821,-1,821,808,488,-1,821,488,822,-1,822,488,819,-1,822,819,631,-1,631,819,632,-1,808,806,488,-1,488,806,823,-1,824,667,666,-1,587,586,825,-1,825,586,826,-1,827,828,514,-1,666,827,824,-1,824,827,514,-1,824,514,826,-1,826,514,488,-1,826,488,825,-1,825,488,823,-1,829,624,623,-1,830,831,514,-1,623,830,829,-1,829,830,514,-1,829,514,832,-1,832,514,828,-1,832,828,766,-1,766,828,767,-1,833,834,835,-1,835,834,514,-1,835,514,836,-1,836,514,831,-1,836,831,613,-1,613,831,614,-1,837,730,729,-1,514,834,838,-1,838,839,514,-1,514,839,837,-1,514,837,840,-1,840,837,729,-1,685,684,841,-1,841,684,842,-1,843,753,752,-1,844,845,577,-1,752,844,843,-1,843,844,577,-1,843,577,842,-1,842,577,514,-1,842,514,841,-1,841,514,840,-1,811,812,846,-1,846,812,577,-1,846,577,847,-1,847,577,845,-1,847,845,637,-1,637,845,638,-1,804,802,848,-1,848,802,575,-1,848,575,849,-1,850,712,711,-1,812,810,577,-1,577,810,851,-1,577,851,852,-1,577,853,854,-1,628,627,854,-1,854,627,849,-1,854,849,577,-1,577,849,575,-1,676,675,852,-1,852,675,855,-1,852,855,577,-1,577,855,856,-1,755,754,856,-1,856,754,857,-1,856,857,577,-1,577,857,858,-1,700,699,858,-1,858,699,859,-1,858,859,577,-1,577,859,850,-1,577,850,853,-1,853,850,711,-1,860,838,833,-1,833,838,834,-1,
        ]
    }
}
Shape{
    appearance Appearance {
        material  Material 	{
            diffuseColor 1.0 1.0 1.0
            specularColor 0.5019607843137255 0.5019607843137255 0.5019607843137255
            ambientIntensity 0.2
            transparency 0
            shininess 0.5
        }
    }
    geometry IndexedFaceSet {
        ccw TRUE
        solid FALSE
        coord DEF co Coordinate {
            point [
                -0.3517 0.3137 0.2913, -0.3517 0.3137 0.2953, -0.3543 0.3334 0.2913, -0.3543 0.3334 0.2953, -0.3619 0.3518 0.2913, -0.3619 0.3518 0.2953, -0.374 0.3675 0.2913, -0.374 0.3675 0.2953, -0.3898 0.3796 0.2913, -0.3898 0.3796 0.2953, -0.4081 0.3872 0.2913, -0.4081 0.3872 0.2953, -0.4278 0.3898 0.2913, -0.4278 0.3898 0.2953, -0.4475 0.3872 0.2913, -0.4475 0.3872 0.2953, -0.4659 0.3796 0.2913, -0.4659 0.3796 0.2953, -0.4816 0.3675 0.2913, -0.4816 0.3675 0.2953, -0.4937 0.3518 0.2913, -0.4937 0.3518 0.2953, -0.5013 0.3334 0.2913, -0.5013 0.3334 0.2953, -0.5039 0.3137 0.2913, -0.5039 0.3137 0.2953, -0.5013 0.294 0.2913, -0.5013 0.294 0.2953, -0.4937 0.2757 0.2913, -0.4937 0.2757 0.2953, -0.4816 0.2599 0.2913, -0.4816 0.2599 0.2953, -0.4659 0.2478 0.2913, -0.4659 0.2478 0.2953, -0.4475 0.2402 0.2913, -0.4475 0.2402 0.2953, -0.4278 0.2376 0.2913, -0.4278 0.2376 0.2953, -0.4081 0.2402 0.2913, -0.4081 0.2402 0.2953, -0.3898 0.2478 0.2913, -0.3898 0.2478 0.2953, -0.374 0.2599 0.2913, -0.374 0.2599 0.2953, -0.3619 0.2757 0.2913, -0.3619 0.2757 0.2953, -0.3543 0.294 0.2913, -0.3543 0.294 0.2953, -0.4278 0.3137 0.2913, -0.4278 0.3137 0.2913
            ]
        }
        coordIndex [
            0,1,2,-1,2,1,3,-1,2,3,4,-1,4,3,5,-1,4,5,6,-1,6,5,7,-1,6,7,8,-1,8,7,9,-1,8,9,10,-1,10,9,11,-1,10,11,12,-1,12,11,13,-1,12,13,14,-1,14,13,15,-1,14,15,16,-1,16,15,17,-1,16,17,18,-1,18,17,19,-1,18,19,20,-1,20,19,21,-1,20,21,22,-1,22,21,23,-1,22,23,24,-1,24,23,25,-1,24,25,26,-1,26,25,27,-1,26,27,28,-1,28,27,29,-1,28,29,30,-1,30,29,31,-1,30,31,32,-1,32,31,33,-1,32,33,34,-1,34,33,35,-1,34,35,36,-1,36,35,37,-1,36,37,38,-1,38,37,39,-1,38,39,40,-1,40,39,41,-1,40,41,42,-1,42,41,43,-1,42,43,44,-1,44,43,45,-1,44,45,46,-1,46,45,47,-1,46,47,0,-1,0,47,1,-1,44,46,48,-1,48,46,0,-1,48,0,2,-1,38,40,48,-1,48,40,42,-1,48,42,44,-1,32,34,48,-1,48,34,36,-1,48,36,38,-1,26,28,48,-1,48,28,30,-1,48,30,32,-1,20,22,48,-1,48,22,24,-1,48,24,26,-1,14,16,48,-1,48,16,18,-1,48,18,20,-1,8,10,48,-1,48,10,12,-1,48,12,14,-1,2,4,48,-1,48,4,6,-1,48,6,8,-1,
        ]
    }
}
Shape{
    appearance Appearance {
        material  Material 	{
            diffuseColor 0.7529411764705882 0.7529411764705882 0.7529411764705882
            specularColor 0.3764705882352941 0.3764705882352941 0.3764705882352941
            ambientIntensity 0.2
            transparency 0
            shininess 0.5
        }
    }
    geometry IndexedFaceSet {
        ccw TRUE
        solid FALSE
        coord DEF co Coordinate {
            point [
                -0.5945 0.0366 0.0315, -0.5945 -0.0421 0.0315, -0.5906 0.0366 0.0315, -0.5906 -0.0421 0.0315, -0.5906 -0.0421 0.0, -0.5945 -0.0421 -0.0079, -0.4626 -0.0421 0.0, -0.4626 -0.0421 -0.0079, -0.4524 -0.0408 -0.0079, -0.4524 -0.0408 0.0, -0.4429 -0.0369 -0.0079, -0.4429 -0.0369 0.0, -0.4348 -0.0306 -0.0079, -0.4348 -0.0306 0.0, -0.4285 -0.0224 -0.0079, -0.4285 -0.0224 0.0, -0.4246 -0.0129 -0.0079, -0.4246 -0.0129 0.0, -0.4232 -0.0028 -0.0079, -0.4232 -0.0028 0.0, -0.4246 0.0074 -0.0079, -0.4246 0.0074 0.0, -0.4285 0.0169 -0.0079, -0.4285 0.0169 0.0, -0.4348 0.0251 -0.0079, -0.4348 0.0251 0.0, -0.4429 0.0313 -0.0079, -0.4429 0.0313 0.0, -0.4524 0.0353 -0.0079, -0.4524 0.0353 0.0, -0.4626 0.0366 -0.0079, -0.4626 0.0366 0.0, -0.5906 0.0366 0.0, -0.5945 0.0366 -0.0079, -0.5906 -0.1209 0.0315, -0.5945 -0.1209 0.0315, -0.5906 -0.1996 0.0315, -0.5945 -0.1996 0.0315, -0.4626 -0.1996 0.0, -0.4626 -0.1996 -0.0079, -0.4524 -0.1983 -0.0079, -0.4524 -0.1983 0.0, -0.4429 -0.1943 -0.0079, -0.4429 -0.1943 0.0, -0.4348 -0.1881 -0.0079, -0.4348 -0.1881 0.0, -0.4285 -0.1799 -0.0079, -0.4285 -0.1799 0.0, -0.4246 -0.1704 -0.0079, -0.4246 -0.1704 0.0, -0.4232 -0.1602 -0.0079, -0.4232 -0.1602 0.0, -0.4246 -0.15 -0.0079, -0.4246 -0.15 0.0, -0.4285 -0.1406 -0.0079, -0.4285 -0.1406 0.0, -0.4348 -0.1324 -0.0079, -0.4348 -0.1324 0.0, -0.4429 -0.1261 -0.0079, -0.4429 -0.1261 0.0, -0.4524 -0.1222 -0.0079, -0.4524 -0.1222 0.0, -0.4626 -0.1209 -0.0079, -0.4626 -0.1209 0.0, -0.5906 -0.1209 0.0, -0.5945 -0.1209 -0.0079, -0.5906 -0.1996 0.0, -0.5945 -0.1996 -0.0079, -0.5945 0.1941 0.0315, -0.5945 0.1154 0.0315, -0.5906 0.1941 0.0315, -0.5906 0.1154 0.0315, -0.4626 0.1941 0.0, -0.4626 0.1941 -0.0079, -0.5906 0.1941 0.0, -0.5945 0.1941 -0.0079, -0.5906 0.1154 0.0, -0.5945 0.1154 -0.0079, -0.4626 0.1154 0.0, -0.4626 0.1154 -0.0079, -0.4524 0.1167 -0.0079, -0.4524 0.1167 0.0, -0.4429 0.1206 -0.0079, -0.4429 0.1206 0.0, -0.4348 0.1269 -0.0079, -0.4348 0.1269 0.0, -0.4285 0.135 -0.0079, -0.4285 0.135 0.0, -0.4246 0.1445 -0.0079, -0.4246 0.1445 0.0, -0.4232 0.1547 -0.0079, -0.4232 0.1547 0.0, -0.4246 0.1649 -0.0079, -0.4246 0.1649 0.0, -0.4285 0.1744 -0.0079, -0.4285 0.1744 0.0, -0.4348 0.1826 -0.0079, -0.4348 0.1826 0.0, -0.4429 0.1888 -0.0079, -0.4429 0.1888 0.0, -0.4524 0.1928 -0.0079, -0.4524 0.1928 0.0, 0.5906 -0.0421 0.0315, 0.5945 -0.0421 0.0315, 0.5906 0.0366 0.0315, 0.5945 0.0366 0.0315, 0.5906 0.0366 0.0, 0.5945 0.0366 -0.0079, 0.4724 0.0366 0.0, 0.4724 0.0366 -0.0079, 0.4623 0.0353 -0.0079, 0.4623 0.0353 0.0, 0.4528 0.0313 -0.0079, 0.4528 0.0313 0.0, 0.4446 0.0251 -0.0079, 0.4446 0.0251 0.0, 0.4383 0.0169 -0.0079, 0.4383 0.0169 0.0, 0.4344 0.0074 -0.0079, 0.4344 0.0074 0.0, 0.4331 -0.0028 -0.0079, 0.4331 -0.0028 0.0, 0.4344 -0.0129 -0.0079, 0.4344 -0.0129 0.0, 0.4383 -0.0224 -0.0079, 0.4383 -0.0224 0.0, 0.4446 -0.0306 -0.0079, 0.4446 -0.0306 0.0, 0.4528 -0.0369 -0.0079, 0.4528 -0.0369 0.0, 0.4623 -0.0408 -0.0079, 0.4623 -0.0408 0.0, 0.4724 -0.0421 -0.0079, 0.4724 -0.0421 0.0, 0.5906 -0.0421 0.0, 0.5945 -0.0421 -0.0079, 0.5945 -0.1996 0.0315, 0.5945 -0.1209 0.0315, 0.5906 -0.1996 0.0315, 0.5906 -0.1209 0.0315, 0.4724 -0.1209 0.0, 0.4724 -0.1209 -0.0079, 0.4623 -0.1222 -0.0079, 0.4623 -0.1222 0.0, 0.4528 -0.1261 -0.0079, 0.4528 -0.1261 0.0, 0.4446 -0.1324 -0.0079, 0.4446 -0.1324 0.0, 0.4383 -0.1406 -0.0079, 0.4383 -0.1406 0.0, 0.4344 -0.15 -0.0079, 0.4344 -0.15 0.0, 0.4331 -0.1602 -0.0079, 0.4331 -0.1602 0.0, 0.4344 -0.1704 -0.0079, 0.4344 -0.1704 0.0, 0.4383 -0.1799 -0.0079, 0.4383 -0.1799 0.0, 0.4446 -0.1881 -0.0079, 0.4446 -0.1881 0.0, 0.4528 -0.1943 -0.0079, 0.4528 -0.1943 0.0, 0.4623 -0.1983 -0.0079, 0.4623 -0.1983 0.0, 0.4724 -0.1996 -0.0079, 0.4724 -0.1996 0.0, 0.5906 -0.1996 0.0, 0.5945 -0.1996 -0.0079, 0.5906 -0.1209 0.0, 0.5945 -0.1209 -0.0079, 0.5906 0.1154 0.0315, 0.5945 0.1154 0.0315, 0.5906 0.1941 0.0315, 0.5945 0.1941 0.0315, 0.5906 0.1941 0.0, 0.5945 0.1941 -0.0079, 0.4724 0.1941 0.0, 0.4724 0.1941 -0.0079, 0.4623 0.1928 -0.0079, 0.4623 0.1928 0.0, 0.4528 0.1888 -0.0079, 0.4528 0.1888 0.0, 0.4446 0.1826 -0.0079, 0.4446 0.1826 0.0, 0.4383 0.1744 -0.0079, 0.4383 0.1744 0.0, 0.4344 0.1649 -0.0079, 0.4344 0.1649 0.0, 0.4331 0.1547 -0.0079, 0.4331 0.1547 0.0, 0.4344 0.1445 -0.0079, 0.4344 0.1445 0.0, 0.4383 0.135 -0.0079, 0.4383 0.135 0.0, 0.4446 0.1269 -0.0079, 0.4446 0.1269 0.0, 0.4528 0.1206 -0.0079, 0.4528 0.1206 0.0, 0.4623 0.1167 -0.0079, 0.4623 0.1167 0.0, 0.4724 0.1154 -0.0079, 0.4724 0.1154 0.0, 0.5906 0.1154 0.0, 0.5945 0.1154 -0.0079, -0.2854 -0.4921 0.0315, -0.2854 -0.4961 0.0315, -0.2067 -0.4921 0.0315, -0.2067 -0.4961 0.0315, -0.2067 -0.4921 0.0, -0.2067 -0.4961 -0.0079, -0.2067 -0.374 0.0, -0.2067 -0.374 -0.0079, -0.208 -0.3638 -0.0079, -0.208 -0.3638 0.0, -0.212 -0.3543 -0.0079, -0.212 -0.3543 0.0, -0.2182 -0.3462 -0.0079, -0.2182 -0.3462 0.0, -0.2264 -0.3399 -0.0079, -0.2264 -0.3399 0.0, -0.2359 -0.336 -0.0079, -0.2359 -0.336 0.0, -0.2461 -0.3346 -0.0079, -0.2461 -0.3346 0.0, -0.2563 -0.336 -0.0079, -0.2563 -0.336 0.0, -0.2657 -0.3399 -0.0079, -0.2657 -0.3399 0.0, -0.2739 -0.3462 -0.0079, -0.2739 -0.3462 0.0, -0.2802 -0.3543 -0.0079, -0.2802 -0.3543 0.0, -0.2841 -0.3638 -0.0079, -0.2841 -0.3638 0.0, -0.2854 -0.374 -0.0079, -0.2854 -0.374 0.0, -0.2854 -0.4921 0.0, -0.2854 -0.4961 -0.0079, 0.0295 -0.4921 0.0315, 0.0295 -0.4961 0.0315, 0.1083 -0.4921 0.0315, 0.1083 -0.4961 0.0315, 0.1083 -0.2165 0.0, 0.1083 -0.2165 -0.0079, 0.1069 -0.2063 -0.0079, 0.1069 -0.2063 0.0, 0.103 -0.1969 -0.0079, 0.103 -0.1969 0.0, 0.0967 -0.1887 -0.0079, 0.0967 -0.1887 0.0, 0.0886 -0.1824 -0.0079, 0.0886 -0.1824 0.0, 0.0791 -0.1785 -0.0079, 0.0791 -0.1785 0.0, 0.0689 -0.1772 -0.0079, 0.0689 -0.1772 0.0, 0.0587 -0.1785 -0.0079, 0.0587 -0.1785 0.0, 0.0492 -0.1824 -0.0079, 0.0492 -0.1824 0.0, 0.0411 -0.1887 -0.0079, 0.0411 -0.1887 0.0, 0.0348 -0.1969 -0.0079, 0.0348 -0.1969 0.0, 0.0309 -0.2063 -0.0079, 0.0309 -0.2063 0.0, 0.0295 -0.2165 -0.0079, 0.0295 -0.2165 0.0, 0.0295 -0.4921 0.0, 0.0295 -0.4961 -0.0079, 0.1083 -0.4921 0.0, 0.1083 -0.4961 -0.0079, -0.128 -0.4921 0.0315, -0.128 -0.4961 0.0315, -0.0492 -0.4921 0.0315, -0.0492 -0.4961 0.0315, -0.0492 -0.4921 0.0, -0.0492 -0.4961 -0.0079, -0.0492 -0.374 0.0, -0.0492 -0.374 -0.0079, -0.0506 -0.3638 -0.0079, -0.0506 -0.3638 0.0, -0.0545 -0.3543 -0.0079, -0.0545 -0.3543 0.0, -0.0607 -0.3462 -0.0079, -0.0607 -0.3462 0.0, -0.0689 -0.3399 -0.0079, -0.0689 -0.3399 0.0, -0.0784 -0.336 -0.0079, -0.0784 -0.336 0.0, -0.0886 -0.3346 -0.0079, -0.0886 -0.3346 0.0, -0.0988 -0.336 -0.0079, -0.0988 -0.336 0.0, -0.1083 -0.3399 -0.0079, -0.1083 -0.3399 0.0, -0.1164 -0.3462 -0.0079, -0.1164 -0.3462 0.0, -0.1227 -0.3543 -0.0079, -0.1227 -0.3543 0.0, -0.1266 -0.3638 -0.0079, -0.1266 -0.3638 0.0, -0.128 -0.374 -0.0079, -0.128 -0.374 0.0, -0.128 -0.4921 0.0, -0.128 -0.4961 -0.0079, 0.2657 0.4961 0.0315, 0.187 0.4961 0.0315, 0.2657 0.4921 0.0315, 0.187 0.4921 0.0315, 0.187 0.2165 0.0, 0.187 0.2165 -0.0079, 0.1883 0.2063 -0.0079, 0.1883 0.2063 0.0, 0.1923 0.1969 -0.0079, 0.1923 0.1969 0.0, 0.1985 0.1887 -0.0079, 0.1985 0.1887 0.0, 0.2067 0.1824 -0.0079, 0.2067 0.1824 0.0, 0.2162 0.1785 -0.0079, 0.2162 0.1785 0.0, 0.2264 0.1772 -0.0079, 0.2264 0.1772 0.0, 0.2366 0.1785 -0.0079, 0.2366 0.1785 0.0, 0.2461 0.1824 -0.0079, 0.2461 0.1824 0.0, 0.2542 0.1887 -0.0079, 0.2542 0.1887 0.0, 0.2605 0.1969 -0.0079, 0.2605 0.1969 0.0, 0.2644 0.2063 -0.0079, 0.2644 0.2063 0.0, 0.2657 0.2165 -0.0079, 0.2657 0.2165 0.0, 0.2657 0.4921 0.0, 0.2657 0.4961 -0.0079, 0.187 0.4921 0.0, 0.187 0.4961 -0.0079, 0.187 -0.4921 0.0315, 0.187 -0.4961 0.0315, 0.2657 -0.4921 0.0315, 0.2657 -0.4961 0.0315, 0.2657 -0.2165 0.0, 0.2657 -0.2165 -0.0079, 0.2644 -0.2063 -0.0079, 0.2644 -0.2063 0.0, 0.2605 -0.1969 -0.0079, 0.2605 -0.1969 0.0, 0.2542 -0.1887 -0.0079, 0.2542 -0.1887 0.0, 0.2461 -0.1824 -0.0079, 0.2461 -0.1824 0.0, 0.2366 -0.1785 -0.0079, 0.2366 -0.1785 0.0, 0.2264 -0.1772 -0.0079, 0.2264 -0.1772 0.0, 0.2162 -0.1785 -0.0079, 0.2162 -0.1785 0.0, 0.2067 -0.1824 -0.0079, 0.2067 -0.1824 0.0, 0.1985 -0.1887 -0.0079, 0.1985 -0.1887 0.0, 0.1923 -0.1969 -0.0079, 0.1923 -0.1969 0.0, 0.1883 -0.2063 -0.0079, 0.1883 -0.2063 0.0, 0.187 -0.2165 -0.0079, 0.187 -0.2165 0.0, 0.187 -0.4921 0.0, 0.187 -0.4961 -0.0079, 0.2657 -0.4921 0.0, 0.2657 -0.4961 -0.0079, -0.2067 0.4961 0.0315, -0.2854 0.4961 0.0315, -0.2067 0.4921 0.0315, -0.2854 0.4921 0.0315, -0.2067 0.3665 0.0, -0.2067 0.3665 -0.0079, -0.2067 0.4921 0.0, -0.2067 0.4961 -0.0079, -0.2854 0.4921 0.0, -0.2854 0.4961 -0.0079, -0.2854 0.3665 0.0, -0.2854 0.3665 -0.0079, -0.2841 0.3563 -0.0079, -0.2841 0.3563 0.0, -0.2802 0.3469 -0.0079, -0.2802 0.3469 0.0, -0.2739 0.3387 -0.0079, -0.2739 0.3387 0.0, -0.2657 0.3324 -0.0079, -0.2657 0.3324 0.0, -0.2563 0.3285 -0.0079, -0.2563 0.3285 0.0, -0.2461 0.3272 -0.0079, -0.2461 0.3272 0.0, -0.2359 0.3285 -0.0079, -0.2359 0.3285 0.0, -0.2264 0.3324 -0.0079, -0.2264 0.3324 0.0, -0.2182 0.3387 -0.0079, -0.2182 0.3387 0.0, -0.212 0.3469 -0.0079, -0.212 0.3469 0.0, -0.208 0.3563 -0.0079, -0.208 0.3563 0.0, 0.1083 0.4961 0.0315, 0.0295 0.4961 0.0315, 0.1083 0.4921 0.0315, 0.0295 0.4921 0.0315, 0.0295 0.2165 0.0, 0.0295 0.2165 -0.0079, 0.0309 0.2063 -0.0079, 0.0309 0.2063 0.0, 0.0348 0.1969 -0.0079, 0.0348 0.1969 0.0, 0.0411 0.1887 -0.0079, 0.0411 0.1887 0.0, 0.0492 0.1824 -0.0079, 0.0492 0.1824 0.0, 0.0587 0.1785 -0.0079, 0.0587 0.1785 0.0, 0.0689 0.1772 -0.0079, 0.0689 0.1772 0.0, 0.0791 0.1785 -0.0079, 0.0791 0.1785 0.0, 0.0886 0.1824 -0.0079, 0.0886 0.1824 0.0, 0.0967 0.1887 -0.0079, 0.0967 0.1887 0.0, 0.103 0.1969 -0.0079, 0.103 0.1969 0.0, 0.1069 0.2063 -0.0079, 0.1069 0.2063 0.0, 0.1083 0.2165 -0.0079, 0.1083 0.2165 0.0, 0.1083 0.4921 0.0, 0.1083 0.4961 -0.0079, 0.0295 0.4921 0.0, 0.0295 0.4961 -0.0079, -0.0492 0.4961 0.0315, -0.128 0.4961 0.0315, -0.0492 0.4921 0.0315, -0.128 0.4921 0.0315, -0.128 0.2165 0.0, -0.128 0.2165 -0.0079, -0.1266 0.2063 -0.0079, -0.1266 0.2063 0.0, -0.1227 0.1969 -0.0079, -0.1227 0.1969 0.0, -0.1164 0.1887 -0.0079, -0.1164 0.1887 0.0, -0.1083 0.1824 -0.0079, -0.1083 0.1824 0.0, -0.0988 0.1785 -0.0079, -0.0988 0.1785 0.0, -0.0886 0.1772 -0.0079, -0.0886 0.1772 0.0, -0.0784 0.1785 -0.0079, -0.0784 0.1785 0.0, -0.0689 0.1824 -0.0079, -0.0689 0.1824 0.0, -0.0607 0.1887 -0.0079, -0.0607 0.1887 0.0, -0.0545 0.1969 -0.0079, -0.0545 0.1969 0.0, -0.0506 0.2063 -0.0079, -0.0506 0.2063 0.0, -0.0492 0.2165 -0.0079, -0.0492 0.2165 0.0, -0.0492 0.4921 0.0, -0.0492 0.4961 -0.0079, -0.128 0.4921 0.0, -0.128 0.4961 -0.0079, -0.5945 -0.2953 0.0315, -0.5945 -0.374 0.0315, -0.5906 -0.2953 0.0315, -0.5906 -0.374 0.0315, -0.4429 -0.4961 0.0315, -0.3642 -0.4961 0.0315, -0.4429 -0.4921 0.0315, -0.3642 -0.4921 0.0315, -0.5906 -0.374 0.0, -0.5945 -0.374 -0.0079, -0.4429 -0.374 0.0, -0.4429 -0.374 -0.0079, -0.4429 -0.4921 0.0, -0.4429 -0.4961 -0.0079, -0.3642 -0.4921 0.0, -0.3642 -0.4961 -0.0079, -0.3642 -0.2953 0.0, -0.3642 -0.2953 -0.0079, -0.5906 -0.2953 0.0, -0.5945 -0.2953 -0.0079, -0.3642 0.4961 0.0315, -0.4429 0.4961 0.0315, -0.3642 0.4921 0.0315, -0.4429 0.4921 0.0315, -0.5945 0.374 0.0315, -0.5945 0.2953 0.0315, -0.5906 0.374 0.0315, -0.5906 0.2953 0.0315, -0.5906 0.2953 0.0, -0.5945 0.2953 -0.0079, -0.4232 0.2953 0.0, -0.4232 0.2953 -0.0079, -0.3642 0.3543 0.0, -0.3642 0.3543 -0.0079, -0.3642 0.4921 0.0, -0.3642 0.4961 -0.0079, -0.4429 0.4921 0.0, -0.4429 0.4961 -0.0079, -0.4429 0.374 0.0, -0.4429 0.374 -0.0079, -0.5906 0.374 0.0, -0.5945 0.374 -0.0079, 0.3445 0.2953 0.0, 0.3445 0.2953 -0.0079, 0.5906 0.2953 0.0, 0.5945 0.2953 -0.0079, 0.5906 0.2953 0.0315, 0.5945 0.2953 0.0315, 0.5906 0.374 0.0315, 0.5945 0.374 0.0315, 0.5906 0.374 0.0, 0.5945 0.374 -0.0079, 0.4232 0.374 0.0, 0.4232 0.374 -0.0079, 0.3445 0.4921 0.0315, 0.3445 0.4961 0.0315, 0.3445 0.4921 0.0, 0.3445 0.4961 -0.0079, 0.4232 0.4921 0.0, 0.4232 0.4961 -0.0079, 0.4232 0.4921 0.0315, 0.4232 0.4961 0.0315, 0.4232 -0.374 0.0, 0.4232 -0.374 -0.0079, 0.5906 -0.374 0.0, 0.5945 -0.374 -0.0079, 0.5906 -0.374 0.0315, 0.5945 -0.374 0.0315, 0.5906 -0.2953 0.0315, 0.5945 -0.2953 0.0315, 0.5906 -0.2953 0.0, 0.5945 -0.2953 -0.0079, 0.3445 -0.2953 0.0, 0.3445 -0.2953 -0.0079, 0.3445 -0.4921 0.0, 0.3445 -0.4961 -0.0079, 0.3445 -0.4921 0.0315, 0.3445 -0.4961 0.0315, 0.4232 -0.4921 0.0315, 0.4232 -0.4961 0.0315, 0.4232 -0.4921 0.0, 0.4232 -0.4961 -0.0079, 0.4232 -0.4961 -0.0079
            ]
        }
        coordIndex [
            0,1,2,-1,2,1,3,-1,3,1,4,-1,4,1,5,-1,4,5,6,-1,6,5,7,-1,6,7,8,-1,6,8,9,-1,9,8,10,-1,9,10,11,-1,11,10,12,-1,11,12,13,-1,13,12,14,-1,13,14,15,-1,15,14,16,-1,15,16,17,-1,17,16,18,-1,17,18,19,-1,19,18,20,-1,19,20,21,-1,21,20,22,-1,21,22,23,-1,23,22,24,-1,23,24,25,-1,25,24,26,-1,25,26,27,-1,27,26,28,-1,27,28,29,-1,29,28,30,-1,29,30,31,-1,31,30,32,-1,32,30,33,-1,32,33,2,-1,2,33,0,-1,5,1,33,-1,33,1,0,-1,5,33,7,-1,7,33,30,-1,7,30,8,-1,8,30,10,-1,10,30,12,-1,12,30,28,-1,12,28,26,-1,26,24,12,-1,12,24,22,-1,12,22,20,-1,20,18,12,-1,12,18,16,-1,12,16,14,-1,34,35,36,-1,36,35,37,-1,38,39,40,-1,38,40,41,-1,41,40,42,-1,41,42,43,-1,43,42,44,-1,43,44,45,-1,45,44,46,-1,45,46,47,-1,47,46,48,-1,47,48,49,-1,49,48,50,-1,49,50,51,-1,51,50,52,-1,51,52,53,-1,53,52,54,-1,53,54,55,-1,55,54,56,-1,55,56,57,-1,57,56,58,-1,57,58,59,-1,59,58,60,-1,59,60,61,-1,61,60,62,-1,61,62,63,-1,63,62,64,-1,64,62,65,-1,64,65,34,-1,34,65,35,-1,36,37,66,-1,66,37,67,-1,66,67,38,-1,38,67,39,-1,67,37,65,-1,65,37,35,-1,67,65,39,-1,39,65,62,-1,39,62,60,-1,48,46,50,-1,50,46,44,-1,50,44,42,-1,60,58,39,-1,39,58,56,-1,39,56,54,-1,42,40,50,-1,50,40,39,-1,50,39,52,-1,52,39,54,-1,68,69,70,-1,70,69,71,-1,72,73,74,-1,74,73,75,-1,74,75,70,-1,70,75,68,-1,71,69,76,-1,76,69,77,-1,76,77,78,-1,78,77,79,-1,78,79,80,-1,78,80,81,-1,81,80,82,-1,81,82,83,-1,83,82,84,-1,83,84,85,-1,85,84,86,-1,85,86,87,-1,87,86,88,-1,87,88,89,-1,89,88,90,-1,89,90,91,-1,91,90,92,-1,91,92,93,-1,93,92,94,-1,93,94,95,-1,95,94,96,-1,95,96,97,-1,97,96,98,-1,97,98,99,-1,99,98,100,-1,99,100,101,-1,101,100,73,-1,101,73,72,-1,77,69,75,-1,75,69,68,-1,77,75,79,-1,79,75,73,-1,79,73,80,-1,80,73,82,-1,98,96,84,-1,84,96,94,-1,84,94,92,-1,82,73,84,-1,84,73,100,-1,84,100,98,-1,92,90,84,-1,84,90,88,-1,84,88,86,-1,102,103,104,-1,104,103,105,-1,104,105,106,-1,106,105,107,-1,106,107,108,-1,108,107,109,-1,108,109,110,-1,108,110,111,-1,111,110,112,-1,111,112,113,-1,113,112,114,-1,113,114,115,-1,115,114,116,-1,115,116,117,-1,117,116,118,-1,117,118,119,-1,119,118,120,-1,119,120,121,-1,121,120,122,-1,121,122,123,-1,123,122,124,-1,123,124,125,-1,125,124,126,-1,125,126,127,-1,127,126,128,-1,127,128,129,-1,129,128,130,-1,129,130,131,-1,131,130,132,-1,131,132,133,-1,133,132,134,-1,134,132,135,-1,134,135,102,-1,102,135,103,-1,107,105,135,-1,135,105,103,-1,112,132,114,-1,114,132,116,-1,107,135,109,-1,109,135,132,-1,109,132,110,-1,110,132,112,-1,126,124,128,-1,128,124,122,-1,128,122,120,-1,132,130,116,-1,116,130,128,-1,116,128,118,-1,118,128,120,-1,136,137,138,-1,138,137,139,-1,140,141,142,-1,140,142,143,-1,143,142,144,-1,143,144,145,-1,145,144,146,-1,145,146,147,-1,147,146,148,-1,147,148,149,-1,149,148,150,-1,149,150,151,-1,151,150,152,-1,151,152,153,-1,153,152,154,-1,153,154,155,-1,155,154,156,-1,155,156,157,-1,157,156,158,-1,157,158,159,-1,159,158,160,-1,159,160,161,-1,161,160,162,-1,161,162,163,-1,163,162,164,-1,163,164,165,-1,165,164,166,-1,166,164,167,-1,166,167,138,-1,138,167,136,-1,139,137,168,-1,168,137,169,-1,168,169,140,-1,140,169,141,-1,169,137,167,-1,167,137,136,-1,169,167,141,-1,141,167,164,-1,141,164,142,-1,164,162,142,-1,142,162,160,-1,142,160,144,-1,144,160,146,-1,146,160,148,-1,148,160,158,-1,148,158,156,-1,156,154,148,-1,148,154,152,-1,148,152,150,-1,170,171,172,-1,172,171,173,-1,172,173,174,-1,174,173,175,-1,174,175,176,-1,176,175,177,-1,176,177,178,-1,176,178,179,-1,179,178,180,-1,179,180,181,-1,181,180,182,-1,181,182,183,-1,183,182,184,-1,183,184,185,-1,185,184,186,-1,185,186,187,-1,187,186,188,-1,187,188,189,-1,189,188,190,-1,189,190,191,-1,191,190,192,-1,191,192,193,-1,193,192,194,-1,193,194,195,-1,195,194,196,-1,195,196,197,-1,197,196,198,-1,197,198,199,-1,199,198,200,-1,199,200,201,-1,201,200,202,-1,202,200,203,-1,202,203,170,-1,170,203,171,-1,175,173,203,-1,203,173,171,-1,182,198,184,-1,184,198,196,-1,192,190,188,-1,175,203,177,-1,177,203,200,-1,177,200,178,-1,178,200,198,-1,178,198,180,-1,180,198,182,-1,196,194,184,-1,184,194,192,-1,184,192,186,-1,186,192,188,-1,204,205,206,-1,206,205,207,-1,206,207,208,-1,208,207,209,-1,208,209,210,-1,210,209,211,-1,210,211,212,-1,210,212,213,-1,213,212,214,-1,213,214,215,-1,215,214,216,-1,215,216,217,-1,217,216,218,-1,217,218,219,-1,219,218,220,-1,219,220,221,-1,221,220,222,-1,221,222,223,-1,223,222,224,-1,223,224,225,-1,225,224,226,-1,225,226,227,-1,227,226,228,-1,227,228,229,-1,229,228,230,-1,229,230,231,-1,231,230,232,-1,231,232,233,-1,233,232,234,-1,233,234,235,-1,235,234,236,-1,236,234,237,-1,236,237,204,-1,204,237,205,-1,209,207,237,-1,237,207,205,-1,232,218,234,-1,234,218,216,-1,234,216,214,-1,209,237,211,-1,211,237,234,-1,211,234,212,-1,212,234,214,-1,232,230,218,-1,218,230,228,-1,218,228,226,-1,226,224,218,-1,218,224,222,-1,218,222,220,-1,238,239,240,-1,240,239,241,-1,242,243,244,-1,242,244,245,-1,245,244,246,-1,245,246,247,-1,247,246,248,-1,247,248,249,-1,249,248,250,-1,249,250,251,-1,251,250,252,-1,251,252,253,-1,253,252,254,-1,253,254,255,-1,255,254,256,-1,255,256,257,-1,257,256,258,-1,257,258,259,-1,259,258,260,-1,259,260,261,-1,261,260,262,-1,261,262,263,-1,263,262,264,-1,263,264,265,-1,265,264,266,-1,265,266,267,-1,267,266,268,-1,268,266,269,-1,268,269,238,-1,238,269,239,-1,240,241,270,-1,270,241,271,-1,270,271,242,-1,242,271,243,-1,271,241,269,-1,269,241,239,-1,248,246,266,-1,260,258,250,-1,271,269,243,-1,243,269,266,-1,243,266,244,-1,244,266,246,-1,260,250,262,-1,248,266,250,-1,250,266,264,-1,250,264,262,-1,258,256,250,-1,250,256,254,-1,250,254,252,-1,272,273,274,-1,274,273,275,-1,274,275,276,-1,276,275,277,-1,276,277,278,-1,278,277,279,-1,278,279,280,-1,278,280,281,-1,281,280,282,-1,281,282,283,-1,283,282,284,-1,283,284,285,-1,285,284,286,-1,285,286,287,-1,287,286,288,-1,287,288,289,-1,289,288,290,-1,289,290,291,-1,291,290,292,-1,291,292,293,-1,293,292,294,-1,293,294,295,-1,295,294,296,-1,295,296,297,-1,297,296,298,-1,297,298,299,-1,299,298,300,-1,299,300,301,-1,301,300,302,-1,301,302,303,-1,303,302,304,-1,304,302,305,-1,304,305,272,-1,272,305,273,-1,277,275,305,-1,305,275,273,-1,282,302,284,-1,284,302,300,-1,277,305,279,-1,279,305,302,-1,279,302,280,-1,280,302,282,-1,300,298,284,-1,284,298,296,-1,284,296,294,-1,294,292,284,-1,284,292,290,-1,284,290,286,-1,286,290,288,-1,306,307,308,-1,308,307,309,-1,310,311,312,-1,310,312,313,-1,313,312,314,-1,313,314,315,-1,315,314,316,-1,315,316,317,-1,317,316,318,-1,317,318,319,-1,319,318,320,-1,319,320,321,-1,321,320,322,-1,321,322,323,-1,323,322,324,-1,323,324,325,-1,325,324,326,-1,325,326,327,-1,327,326,328,-1,327,328,329,-1,329,328,330,-1,329,330,331,-1,331,330,332,-1,331,332,333,-1,333,332,334,-1,333,334,335,-1,335,334,336,-1,336,334,337,-1,336,337,308,-1,308,337,306,-1,309,307,338,-1,338,307,339,-1,338,339,310,-1,310,339,311,-1,339,307,337,-1,337,307,306,-1,311,339,337,-1,337,334,311,-1,311,334,332,-1,311,332,330,-1,330,328,311,-1,311,328,326,-1,311,326,324,-1,324,322,311,-1,311,322,320,-1,311,320,318,-1,318,316,311,-1,311,316,314,-1,311,314,312,-1,340,341,342,-1,342,341,343,-1,344,345,346,-1,344,346,347,-1,347,346,348,-1,347,348,349,-1,349,348,350,-1,349,350,351,-1,351,350,352,-1,351,352,353,-1,353,352,354,-1,353,354,355,-1,355,354,356,-1,355,356,357,-1,357,356,358,-1,357,358,359,-1,359,358,360,-1,359,360,361,-1,361,360,362,-1,361,362,363,-1,363,362,364,-1,363,364,365,-1,365,364,366,-1,365,366,367,-1,367,366,368,-1,367,368,369,-1,369,368,370,-1,370,368,371,-1,370,371,340,-1,340,371,341,-1,342,343,372,-1,372,343,373,-1,372,373,344,-1,344,373,345,-1,373,343,371,-1,371,343,341,-1,373,371,345,-1,345,371,368,-1,345,368,366,-1,358,356,350,-1,350,356,354,-1,350,354,352,-1,366,364,345,-1,345,364,362,-1,345,362,346,-1,346,362,348,-1,348,362,350,-1,350,362,360,-1,350,360,358,-1,374,375,376,-1,376,375,377,-1,378,379,380,-1,380,379,381,-1,380,381,376,-1,376,381,374,-1,377,375,382,-1,382,375,383,-1,382,383,384,-1,384,383,385,-1,384,385,386,-1,384,386,387,-1,387,386,388,-1,387,388,389,-1,389,388,390,-1,389,390,391,-1,391,390,392,-1,391,392,393,-1,393,392,394,-1,393,394,395,-1,395,394,396,-1,395,396,397,-1,397,396,398,-1,397,398,399,-1,399,398,400,-1,399,400,401,-1,401,400,402,-1,401,402,403,-1,403,402,404,-1,403,404,405,-1,405,404,406,-1,405,406,407,-1,407,406,379,-1,407,379,378,-1,383,375,381,-1,381,375,374,-1,385,383,381,-1,381,379,385,-1,385,379,406,-1,385,406,404,-1,394,400,396,-1,396,400,398,-1,394,392,400,-1,400,392,390,-1,400,390,388,-1,404,402,385,-1,385,402,400,-1,385,400,386,-1,386,400,388,-1,408,409,410,-1,410,409,411,-1,412,413,414,-1,412,414,415,-1,415,414,416,-1,415,416,417,-1,417,416,418,-1,417,418,419,-1,419,418,420,-1,419,420,421,-1,421,420,422,-1,421,422,423,-1,423,422,424,-1,423,424,425,-1,425,424,426,-1,425,426,427,-1,427,426,428,-1,427,428,429,-1,429,428,430,-1,429,430,431,-1,431,430,432,-1,431,432,433,-1,433,432,434,-1,433,434,435,-1,435,434,436,-1,435,436,437,-1,437,436,438,-1,438,436,439,-1,438,439,410,-1,410,439,408,-1,411,409,440,-1,440,409,441,-1,440,441,412,-1,412,441,413,-1,441,409,439,-1,439,409,408,-1,413,441,439,-1,420,418,434,-1,434,418,416,-1,424,430,426,-1,426,430,428,-1,434,432,420,-1,420,432,430,-1,420,430,422,-1,422,430,424,-1,439,436,413,-1,413,436,434,-1,413,434,414,-1,414,434,416,-1,442,443,444,-1,444,443,445,-1,446,447,448,-1,446,448,449,-1,449,448,450,-1,449,450,451,-1,451,450,452,-1,451,452,453,-1,453,452,454,-1,453,454,455,-1,455,454,456,-1,455,456,457,-1,457,456,458,-1,457,458,459,-1,459,458,460,-1,459,460,461,-1,461,460,462,-1,461,462,463,-1,463,462,464,-1,463,464,465,-1,465,464,466,-1,465,466,467,-1,467,466,468,-1,467,468,469,-1,469,468,470,-1,469,470,471,-1,471,470,472,-1,472,470,473,-1,472,473,444,-1,444,473,442,-1,445,443,474,-1,474,443,475,-1,474,475,446,-1,446,475,447,-1,475,443,473,-1,473,443,442,-1,447,475,473,-1,468,458,456,-1,456,454,468,-1,468,454,452,-1,468,452,450,-1,468,466,458,-1,458,466,464,-1,458,464,460,-1,460,464,462,-1,473,470,447,-1,447,470,468,-1,447,468,448,-1,448,468,450,-1,476,477,478,-1,478,477,479,-1,480,481,482,-1,482,481,483,-1,479,477,484,-1,484,477,485,-1,484,485,486,-1,486,485,487,-1,486,487,488,-1,488,487,489,-1,488,489,482,-1,482,489,480,-1,483,481,490,-1,490,481,491,-1,490,491,492,-1,492,491,493,-1,492,493,494,-1,494,493,495,-1,494,495,478,-1,478,495,476,-1,485,477,495,-1,495,477,476,-1,491,481,489,-1,489,481,480,-1,485,495,487,-1,487,495,493,-1,487,493,489,-1,489,493,491,-1,496,497,498,-1,498,497,499,-1,500,501,502,-1,502,501,503,-1,503,501,504,-1,504,501,505,-1,504,505,506,-1,506,505,507,-1,508,509,510,-1,510,509,511,-1,510,511,498,-1,498,511,496,-1,499,497,512,-1,512,497,513,-1,512,513,514,-1,514,513,515,-1,514,515,516,-1,516,515,517,-1,516,517,502,-1,502,517,500,-1,505,501,517,-1,517,501,500,-1,513,497,511,-1,511,497,496,-1,517,515,505,-1,505,515,507,-1,513,511,515,-1,515,511,509,-1,515,509,507,-1,518,519,520,-1,520,519,521,-1,520,521,522,-1,522,521,523,-1,524,525,526,-1,526,525,527,-1,526,527,528,-1,528,527,529,-1,530,531,532,-1,532,531,533,-1,532,533,518,-1,518,533,519,-1,528,529,534,-1,534,529,535,-1,534,535,536,-1,536,535,537,-1,523,525,522,-1,522,525,524,-1,537,531,536,-1,536,531,530,-1,533,531,535,-1,535,531,537,-1,527,525,521,-1,521,525,523,-1,527,521,529,-1,529,521,519,-1,529,519,535,-1,535,519,533,-1,538,539,540,-1,540,539,541,-1,540,541,542,-1,542,541,543,-1,544,545,546,-1,546,545,547,-1,546,547,548,-1,548,547,549,-1,548,549,550,-1,550,549,551,-1,550,551,552,-1,552,551,553,-1,554,555,556,-1,556,555,557,-1,556,557,538,-1,538,557,539,-1,543,545,542,-1,542,545,544,-1,553,555,552,-1,552,555,554,-1,547,545,541,-1,541,545,543,-1,557,555,551,-1,551,555,553,-1,557,551,539,-1,539,551,549,-1,539,549,541,-1,541,549,547,-1,507,509,506,-1,506,509,508,-1,
        ]
    }
}
Shape{
    appearance Appearance {
        material  Material 	{
            diffuseColor 1.0 1.0 1.0
            specularColor 0.5019607843137255 0.5019607843137255 0.5019607843137255
            ambientIntensity 0.2
            transparency 0
            shininess 0.5
        }
    }
    geometry IndexedFaceSet {
        ccw TRUE
        solid FALSE
        coord DEF co Coordinate {
            point [
                -0.3247 -0.367 0.2992, -0.3247 -0.3712 0.2992, -0.3247 -0.367 0.2953, -0.3247 -0.3712 0.2953, -0.3394 -0.367 0.2992, -0.3394 -0.367 0.2953, -0.3394 -0.3341 0.2992, -0.3394 -0.3341 0.2953, -0.3442 -0.3341 0.2992, -0.3442 -0.3341 0.2953, -0.3442 -0.3712 0.2992, -0.3442 -0.3712 0.2953, -0.3057 -0.3718 0.2992, -0.3057 -0.3718 0.2953, -0.3 -0.3713 0.2992, -0.3024 -0.3715 0.2953, -0.3 -0.3713 0.2953, -0.296 -0.37 0.2953, -0.296 -0.37 0.2992, -0.2954 -0.3696 0.2953, -0.2954 -0.3696 0.2992, -0.2954 -0.3651 0.2992, -0.2954 -0.3651 0.2953, -0.299 -0.3667 0.2953, -0.299 -0.3667 0.2992, -0.3032 -0.3675 0.2953, -0.3032 -0.3675 0.2992, -0.305 -0.3675 0.2953, -0.305 -0.3675 0.2992, -0.3087 -0.3671 0.2953, -0.3087 -0.3671 0.2992, -0.3114 -0.3661 0.2953, -0.3114 -0.3661 0.2992, -0.3138 -0.3644 0.2953, -0.3138 -0.3644 0.2992, -0.3145 -0.3636 0.2953, -0.3145 -0.3636 0.2992, -0.3163 -0.3611 0.2953, -0.3163 -0.3611 0.2992, -0.3175 -0.3581 0.2953, -0.3175 -0.3581 0.2992, -0.3181 -0.3544 0.2953, -0.3181 -0.3544 0.2992, -0.3181 -0.3531 0.2953, -0.3181 -0.3531 0.2992, -0.3175 -0.3479 0.2953, -0.3175 -0.3479 0.2992, -0.3163 -0.3447 0.2953, -0.3163 -0.3447 0.2992, -0.3142 -0.3419 0.2953, -0.3142 -0.3419 0.2992, -0.3117 -0.3398 0.2953, -0.3117 -0.3398 0.2992, -0.3088 -0.3385 0.2953, -0.3088 -0.3385 0.2992, -0.3056 -0.3379 0.2953, -0.3056 -0.3379 0.2992, -0.3041 -0.3378 0.2953, -0.3041 -0.3378 0.2992, -0.2996 -0.3384 0.2953, -0.2996 -0.3384 0.2992, -0.2958 -0.3398 0.2953, -0.2958 -0.3398 0.2992, -0.2954 -0.34 0.2953, -0.2954 -0.34 0.2992, -0.2954 -0.335 0.2992, -0.2954 -0.335 0.2953, -0.3042 -0.3335 0.2953, -0.3042 -0.3335 0.2992, -0.3041 -0.3335 0.2992, -0.2993 -0.3339 0.2953, -0.2993 -0.3339 0.2992, -0.3003 -0.3338 0.2953, -0.3041 -0.3335 0.2953, -0.3067 -0.3338 0.2953, -0.3096 -0.3342 0.2992, -0.3096 -0.3342 0.2953, -0.3135 -0.3357 0.2953, -0.3135 -0.3357 0.2992, -0.3169 -0.3381 0.2953, -0.3169 -0.3381 0.2992, -0.3178 -0.3389 0.2953, -0.3178 -0.3389 0.2992, -0.3205 -0.3425 0.2953, -0.3205 -0.3425 0.2992, -0.3215 -0.3448 0.2953, -0.3223 -0.3466 0.2992, -0.3223 -0.3466 0.2953, -0.3231 -0.3514 0.2953, -0.3231 -0.3514 0.2992, -0.3232 -0.3533 0.2953, -0.3232 -0.3533 0.2992, -0.3226 -0.3589 0.2953, -0.3226 -0.3589 0.2992, -0.3215 -0.3618 0.2953, -0.3211 -0.3629 0.2992, -0.3211 -0.3629 0.2953, -0.319 -0.3661 0.2953, -0.319 -0.3661 0.2992, -0.3184 -0.3667 0.2953, -0.3184 -0.3667 0.2992, -0.3079 -0.3717 0.2992, -0.3154 -0.3692 0.2953, -0.3154 -0.3692 0.2992, -0.3119 -0.3709 0.2953, -0.3119 -0.3709 0.2992, -0.3089 -0.3715 0.2953, -0.3079 -0.3717 0.2953, -0.2681 -0.367 0.2992, -0.2681 -0.3712 0.2992, -0.2681 -0.367 0.2953, -0.2681 -0.3712 0.2953, -0.2832 -0.367 0.2953, -0.2832 -0.367 0.2992, -0.2732 -0.367 0.2953, -0.2832 -0.3545 0.2992, -0.2832 -0.3545 0.2953, -0.2699 -0.3545 0.2992, -0.2732 -0.3545 0.2953, -0.2699 -0.3545 0.2953, -0.2699 -0.3502 0.2992, -0.2699 -0.3502 0.2953, -0.2832 -0.3502 0.2953, -0.2832 -0.3502 0.2992, -0.2732 -0.3502 0.2953, -0.2832 -0.3384 0.2992, -0.2832 -0.3384 0.2953, -0.2689 -0.3384 0.2992, -0.2732 -0.3384 0.2953, -0.2689 -0.3384 0.2953, -0.2689 -0.3341 0.2992, -0.2689 -0.3341 0.2953, -0.288 -0.3341 0.2953, -0.288 -0.3341 0.2992, -0.2732 -0.3341 0.2953, -0.288 -0.3712 0.2992, -0.288 -0.3712 0.2953, -0.2732 -0.3712 0.2953, -0.238 -0.3608 0.2992, -0.2399 -0.3631 0.2992, -0.2365 -0.366 0.2992, -0.2405 -0.3637 0.2992, -0.2403 -0.3687 0.2992, -0.243 -0.3653 0.2992, -0.2445 -0.3704 0.2992, -0.2462 -0.3664 0.2992, -0.2509 -0.3712 0.2992, -0.2509 -0.367 0.2992, -0.261 -0.3712 0.2992, -0.2563 -0.367 0.2992, -0.261 -0.3341 0.2992, -0.2563 -0.3384 0.2992, -0.2505 -0.3341 0.2992, -0.2507 -0.3384 0.2992, -0.2448 -0.3347 0.2992, -0.2459 -0.3389 0.2992, -0.2403 -0.3364 0.2992, -0.2427 -0.3401 0.2992, -0.2365 -0.339 0.2992, -0.24 -0.3419 0.2992, -0.2352 -0.3403 0.2992, -0.2387 -0.3431 0.2992, -0.2329 -0.3435 0.2992, -0.2374 -0.3452 0.2992, -0.2315 -0.347 0.2992, -0.2364 -0.348 0.2992, -0.2309 -0.3522 0.2992, -0.2359 -0.3523 0.2992, -0.231 -0.3545 0.2992, -0.236 -0.3546 0.2992, -0.2319 -0.3589 0.2992, -0.2367 -0.358 0.2992, -0.2337 -0.3627 0.2992, -0.2509 -0.3712 0.2953, -0.261 -0.3712 0.2953, -0.2365 -0.366 0.2953, -0.2445 -0.3704 0.2953, -0.2441 -0.3702 0.2953, -0.2403 -0.3687 0.2953, -0.2337 -0.3627 0.2953, -0.2319 -0.3589 0.2953, -0.231 -0.3545 0.2953, -0.2309 -0.3522 0.2953, -0.2315 -0.347 0.2953, -0.2329 -0.3435 0.2953, -0.2352 -0.3403 0.2953, -0.2365 -0.339 0.2953, -0.2505 -0.3341 0.2953, -0.2403 -0.3364 0.2953, -0.2441 -0.335 0.2953, -0.2448 -0.3347 0.2953, -0.261 -0.3341 0.2953, -0.2507 -0.3384 0.2953, -0.2563 -0.3384 0.2953, -0.2563 -0.367 0.2953, -0.2509 -0.367 0.2953, -0.2399 -0.3631 0.2953, -0.2405 -0.3637 0.2953, -0.243 -0.3653 0.2953, -0.2462 -0.3664 0.2953, -0.2359 -0.3523 0.2953, -0.236 -0.3546 0.2953, -0.2367 -0.358 0.2953, -0.238 -0.3608 0.2953, -0.24 -0.3419 0.2953, -0.2387 -0.3431 0.2953, -0.2374 -0.3452 0.2953, -0.2364 -0.348 0.2953, -0.2459 -0.3389 0.2953, -0.2427 -0.3401 0.2953, -0.2427 -0.3401 0.2953
            ]
        }
        coordIndex [
            0,1,2,-1,2,1,3,-1,4,0,5,-1,5,0,2,-1,6,4,7,-1,7,4,5,-1,8,6,9,-1,9,6,7,-1,10,8,11,-1,11,8,9,-1,1,10,3,-1,3,10,11,-1,6,8,4,-1,4,8,10,-1,4,10,0,-1,0,10,1,-1,12,13,14,-1,14,13,15,-1,15,16,14,-1,14,16,17,-1,14,17,18,-1,18,17,19,-1,18,19,20,-1,21,20,22,-1,22,20,19,-1,21,22,23,-1,21,23,24,-1,24,23,25,-1,24,25,26,-1,26,25,27,-1,26,27,28,-1,28,27,29,-1,28,29,30,-1,30,29,31,-1,30,31,32,-1,32,31,33,-1,32,33,34,-1,34,33,35,-1,34,35,36,-1,36,35,37,-1,36,37,38,-1,38,37,39,-1,38,39,40,-1,40,39,41,-1,40,41,42,-1,42,41,43,-1,42,43,44,-1,44,43,45,-1,44,45,46,-1,46,45,47,-1,46,47,48,-1,48,47,49,-1,48,49,50,-1,50,49,51,-1,50,51,52,-1,52,51,53,-1,52,53,54,-1,54,53,55,-1,54,55,56,-1,56,55,57,-1,56,57,58,-1,58,57,59,-1,58,59,60,-1,60,59,61,-1,60,61,62,-1,62,61,63,-1,62,63,64,-1,65,64,66,-1,66,64,63,-1,67,68,69,-1,65,66,70,-1,65,70,71,-1,71,70,72,-1,71,72,69,-1,69,72,73,-1,69,73,67,-1,68,67,74,-1,68,74,75,-1,74,76,75,-1,75,76,77,-1,75,77,78,-1,78,77,79,-1,78,79,80,-1,80,79,81,-1,80,81,82,-1,82,81,83,-1,82,83,84,-1,84,83,85,-1,84,85,86,-1,85,87,86,-1,86,87,88,-1,86,88,89,-1,89,88,90,-1,89,90,91,-1,91,90,92,-1,91,92,93,-1,93,92,94,-1,93,94,95,-1,94,96,95,-1,95,96,97,-1,95,97,98,-1,98,97,99,-1,98,99,100,-1,13,12,101,-1,100,99,102,-1,100,102,103,-1,103,102,104,-1,103,104,105,-1,105,104,106,-1,105,106,101,-1,101,106,107,-1,101,107,13,-1,62,64,65,-1,52,80,50,-1,50,80,82,-1,50,82,48,-1,48,82,84,-1,48,84,46,-1,62,65,60,-1,60,65,71,-1,60,71,58,-1,58,71,69,-1,58,69,56,-1,56,69,68,-1,56,68,54,-1,54,68,75,-1,54,75,52,-1,52,75,78,-1,52,78,80,-1,20,21,18,-1,18,21,24,-1,18,24,14,-1,14,24,26,-1,14,26,12,-1,12,26,28,-1,12,28,101,-1,101,28,30,-1,101,30,105,-1,105,30,32,-1,105,32,103,-1,103,32,34,-1,103,34,100,-1,100,34,36,-1,100,36,98,-1,98,36,38,-1,98,38,95,-1,91,44,89,-1,89,44,46,-1,89,46,86,-1,86,46,84,-1,95,38,93,-1,93,38,40,-1,93,40,91,-1,91,40,42,-1,91,42,44,-1,108,109,110,-1,110,109,111,-1,112,113,114,-1,114,113,108,-1,114,108,110,-1,115,113,116,-1,116,113,112,-1,115,116,117,-1,117,116,118,-1,117,118,119,-1,120,117,121,-1,121,117,119,-1,122,123,124,-1,124,123,120,-1,124,120,121,-1,125,123,126,-1,126,123,122,-1,125,126,127,-1,127,126,128,-1,127,128,129,-1,130,127,131,-1,131,127,129,-1,132,133,134,-1,134,133,130,-1,134,130,131,-1,135,133,136,-1,136,133,132,-1,135,136,109,-1,109,136,137,-1,109,137,111,-1,135,109,108,-1,108,113,135,-1,135,113,115,-1,135,115,133,-1,127,130,125,-1,125,130,133,-1,125,133,123,-1,123,133,115,-1,123,115,120,-1,120,115,117,-1,138,139,140,-1,140,139,141,-1,140,141,142,-1,142,141,143,-1,142,143,144,-1,144,143,145,-1,144,145,146,-1,146,145,147,-1,146,147,148,-1,148,147,149,-1,148,149,150,-1,150,149,151,-1,150,151,152,-1,152,151,153,-1,152,153,154,-1,154,153,155,-1,154,155,156,-1,156,155,157,-1,156,157,158,-1,158,157,159,-1,158,159,160,-1,160,159,161,-1,160,161,162,-1,162,161,163,-1,162,163,164,-1,164,163,165,-1,164,165,166,-1,166,165,167,-1,166,167,168,-1,168,167,169,-1,168,169,170,-1,170,169,171,-1,170,171,172,-1,172,171,138,-1,172,138,140,-1,146,148,173,-1,173,148,174,-1,175,140,142,-1,146,173,176,-1,146,176,144,-1,144,176,177,-1,144,177,142,-1,142,177,178,-1,142,178,175,-1,140,175,179,-1,140,179,172,-1,172,179,180,-1,172,180,170,-1,170,180,181,-1,170,181,168,-1,168,181,182,-1,168,182,166,-1,166,182,183,-1,166,183,164,-1,164,183,184,-1,164,184,162,-1,162,184,185,-1,162,185,160,-1,160,185,186,-1,160,186,158,-1,187,152,154,-1,158,186,188,-1,158,188,156,-1,156,188,189,-1,156,189,154,-1,154,189,190,-1,154,190,187,-1,150,152,191,-1,191,152,187,-1,148,150,174,-1,174,150,191,-1,153,151,192,-1,192,151,193,-1,151,149,193,-1,193,149,194,-1,149,147,194,-1,194,147,195,-1,139,196,197,-1,139,197,141,-1,141,197,198,-1,141,198,143,-1,143,198,199,-1,143,199,145,-1,145,199,195,-1,145,195,147,-1,167,200,201,-1,167,201,169,-1,169,201,202,-1,169,202,171,-1,171,202,203,-1,171,203,138,-1,138,203,196,-1,138,196,139,-1,159,204,205,-1,159,205,161,-1,161,205,206,-1,161,206,163,-1,163,206,207,-1,163,207,165,-1,165,207,200,-1,165,200,167,-1,153,192,208,-1,153,208,155,-1,155,208,209,-1,155,209,157,-1,157,209,204,-1,157,204,159,-1,
        ]
    }
}
Shape{
    appearance Appearance {
        material  Material 	{
            diffuseColor 0.25098039215686274 0.25098039215686274 0.25098039215686274
            specularColor 0.12549019607843137 0.12549019607843137 0.12549019607843137
            ambientIntensity 0.2
            transparency 0
            shininess 0.5
        }
    }
    geometry IndexedFaceSet {
        ccw TRUE
        solid FALSE
        coord DEF co Coordinate {
            point [
                -0.2563 -0.3384 0.2953, -0.2563 -0.367 0.2953, -0.2507 -0.3384 0.2953, -0.2509 -0.367 0.2953, -0.2462 -0.3664 0.2953, -0.243 -0.3653 0.2953, -0.2405 -0.3637 0.2953, -0.2399 -0.3631 0.2953, -0.238 -0.3608 0.2953, -0.2367 -0.358 0.2953, -0.236 -0.3546 0.2953, -0.2359 -0.3523 0.2953, -0.2364 -0.348 0.2953, -0.2374 -0.3452 0.2953, -0.2387 -0.3431 0.2953, -0.24 -0.3419 0.2953, -0.2459 -0.3389 0.2953, -0.2427 -0.3401 0.2953, -0.2427 -0.3401 0.2953
            ]
        }
        coordIndex [
            0,1,2,-1,2,1,3,-1,2,3,4,-1,4,5,2,-1,2,5,6,-1,2,6,7,-1,7,8,2,-1,2,8,9,-1,2,9,10,-1,10,11,2,-1,2,11,12,-1,2,12,13,-1,13,14,2,-1,2,14,15,-1,2,15,16,-1,16,15,17,-1,
        ]
    }
}
Shape{
    appearance Appearance {
        material  Material 	{
            diffuseColor 1.0 1.0 1.0
            specularColor 0.5019607843137255 0.5019607843137255 0.5019607843137255
            ambientIntensity 0.2
            transparency 0
            shininess 0.5
        }
    }
    geometry IndexedFaceSet {
        ccw TRUE
        solid FALSE
        coord DEF co Coordinate {
            point [
                -0.2184 -0.3569 0.2992, -0.22 -0.361 0.2992, -0.206 -0.3569 0.2992, -0.2045 -0.361 0.2992, -0.2129 -0.3414 0.2992, -0.2147 -0.3341 0.2992, -0.2288 -0.3712 0.2992, -0.2235 -0.3712 0.2992, -0.2126 -0.3403 0.2992, -0.2123 -0.3389 0.2992, -0.2096 -0.3341 0.2992, -0.2122 -0.3389 0.2992, -0.2119 -0.3404 0.2992, -0.2116 -0.3414 0.2992, -0.1955 -0.3712 0.2992, -0.2007 -0.3712 0.2992, -0.2096 -0.3341 0.2953, -0.1955 -0.3712 0.2953, -0.2147 -0.3341 0.2953, -0.2288 -0.3712 0.2953, -0.2181 -0.3431 0.2953, -0.2235 -0.3712 0.2953, -0.22 -0.361 0.2953, -0.2045 -0.361 0.2953, -0.2181 -0.361 0.2953, -0.2007 -0.3712 0.2953, -0.2184 -0.3569 0.2953, -0.206 -0.3569 0.2953, -0.2116 -0.3414 0.2953, -0.2122 -0.3389 0.2953, -0.2119 -0.3404 0.2953, -0.2123 -0.3389 0.2953, -0.2129 -0.3414 0.2953, -0.2126 -0.3403 0.2953, -0.2126 -0.3403 0.2953
            ]
        }
        coordIndex [
            0,1,2,-1,2,1,3,-1,4,5,0,-1,0,5,6,-1,0,6,1,-1,1,6,7,-1,4,8,5,-1,5,8,9,-1,5,9,10,-1,10,9,11,-1,10,11,12,-1,12,13,10,-1,10,13,2,-1,10,2,14,-1,14,2,3,-1,14,3,15,-1,10,14,16,-1,16,14,17,-1,5,10,18,-1,18,10,16,-1,19,6,20,-1,20,6,5,-1,20,5,18,-1,7,6,21,-1,21,6,19,-1,1,7,22,-1,22,7,21,-1,23,3,24,-1,24,3,1,-1,24,1,22,-1,15,3,25,-1,25,3,23,-1,14,15,17,-1,17,15,25,-1,0,2,26,-1,26,2,27,-1,2,13,27,-1,27,13,28,-1,11,29,30,-1,11,30,12,-1,12,30,28,-1,12,28,13,-1,11,9,29,-1,29,9,31,-1,4,32,33,-1,4,33,8,-1,8,33,31,-1,8,31,9,-1,4,0,32,-1,32,0,26,-1,
        ]
    }
}
Shape{
    appearance Appearance {
        material  Material 	{
            diffuseColor 0.25098039215686274 0.25098039215686274 0.25098039215686274
            specularColor 0.12549019607843137 0.12549019607843137 0.12549019607843137
            ambientIntensity 0.2
            transparency 0
            shininess 0.5
        }
    }
    geometry IndexedFaceSet {
        ccw TRUE
        solid FALSE
        coord DEF co Coordinate {
            point [
                -0.2122 -0.3389 0.2953, -0.2123 -0.3389 0.2953, -0.2119 -0.3404 0.2953, -0.2126 -0.3403 0.2953, -0.2116 -0.3414 0.2953, -0.2129 -0.3414 0.2953, -0.206 -0.3569 0.2953, -0.2184 -0.3569 0.2953, -0.2184 -0.3569 0.2953
            ]
        }
        coordIndex [
            0,1,2,-1,2,1,3,-1,2,3,4,-1,4,3,5,-1,4,5,6,-1,6,5,7,-1,
        ]
    }
}
Shape{
    appearance Appearance {
        material  Material 	{
            diffuseColor 1.0 1.0 1.0
            specularColor 0.5019607843137255 0.5019607843137255 0.5019607843137255
            ambientIntensity 0.2
            transparency 0
            shininess 0.5
        }
    }
    geometry IndexedFaceSet {
        ccw TRUE
        solid FALSE
        coord DEF co Coordinate {
            point [
                -0.3243 -0.4258 0.2992, -0.3243 -0.43 0.2992, -0.3243 -0.4258 0.2953, -0.3243 -0.43 0.2953, -0.3394 -0.4258 0.2992, -0.3394 -0.4258 0.2953, -0.3394 -0.4133 0.2992, -0.3394 -0.4133 0.2953, -0.3262 -0.4133 0.2992, -0.3262 -0.4133 0.2953, -0.3262 -0.409 0.2992, -0.3262 -0.409 0.2953, -0.3394 -0.409 0.2992, -0.3394 -0.409 0.2953, -0.3394 -0.3972 0.2992, -0.3394 -0.3972 0.2953, -0.3251 -0.3972 0.2992, -0.3251 -0.3972 0.2953, -0.3251 -0.3929 0.2992, -0.3251 -0.3929 0.2953, -0.3442 -0.3929 0.2992, -0.3442 -0.3929 0.2953, -0.3442 -0.43 0.2992, -0.3442 -0.43 0.2953, -0.3094 -0.4175 0.2992, -0.3032 -0.4167 0.2992, -0.2986 -0.413 0.2992, -0.3032 -0.43 0.2992, -0.2986 -0.43 0.2992, -0.3032 -0.4259 0.2992, -0.3032 -0.4132 0.2992, -0.3133 -0.4187 0.2992, -0.3122 -0.4182 0.2992, -0.3033 -0.4259 0.2992, -0.3057 -0.4251 0.2992, -0.3041 -0.4271 0.2992, -0.307 -0.426 0.2992, -0.3032 -0.4192 0.2992, -0.3035 -0.4215 0.2992, -0.3041 -0.4232 0.2992, -0.3052 -0.4246 0.2992, -0.3118 -0.4266 0.2992, -0.3114 -0.4306 0.2992, -0.3102 -0.4268 0.2992, -0.3092 -0.4304 0.2992, -0.3084 -0.4266 0.2992, -0.3073 -0.4297 0.2992, -0.3056 -0.4286 0.2992, -0.3034 -0.4111 0.2992, -0.2989 -0.4094 0.2992, -0.3038 -0.4095 0.2992, -0.2997 -0.4073 0.2992, -0.3044 -0.4085 0.2992, -0.3006 -0.4058 0.2992, -0.3051 -0.4078 0.2992, -0.3019 -0.4046 0.2992, -0.3059 -0.4072 0.2992, -0.3034 -0.4037 0.2992, -0.307 -0.4068 0.2992, -0.3054 -0.4031 0.2992, -0.3086 -0.4067 0.2992, -0.3081 -0.4029 0.2992, -0.3111 -0.4069 0.2992, -0.3129 -0.4035 0.2992, -0.314 -0.4079 0.2992, -0.3163 -0.4048 0.2992, -0.3173 -0.4099 0.2992, -0.3173 -0.4054 0.2992, -0.3142 -0.4252 0.2992, -0.3176 -0.4285 0.2992, -0.3138 -0.4256 0.2992, -0.3161 -0.4296 0.2992, -0.3129 -0.4262 0.2992, -0.3143 -0.4303 0.2992, -0.3121 -0.4306 0.2992, -0.3151 -0.4218 0.2992, -0.3198 -0.4224 0.2992, -0.3151 -0.4225 0.2992, -0.3198 -0.4229 0.2992, -0.315 -0.4236 0.2992, -0.3196 -0.425 0.2992, -0.3147 -0.4244 0.2992, -0.319 -0.4266 0.2992, -0.3181 -0.428 0.2992, -0.3111 -0.4143 0.2992, -0.3146 -0.4151 0.2992, -0.3139 -0.4192 0.2992, -0.3166 -0.4161 0.2992, -0.3145 -0.4199 0.2992, -0.318 -0.4174 0.2992, -0.3149 -0.4207 0.2992, -0.3189 -0.4187 0.2992, -0.3195 -0.4203 0.2992, -0.3081 -0.4029 0.2953, -0.3129 -0.4035 0.2953, -0.3163 -0.4048 0.2953, -0.3173 -0.4054 0.2953, -0.3173 -0.4099 0.2953, -0.314 -0.4079 0.2953, -0.3111 -0.4069 0.2953, -0.3086 -0.4067 0.2953, -0.307 -0.4068 0.2953, -0.3059 -0.4072 0.2953, -0.3051 -0.4078 0.2953, -0.3044 -0.4085 0.2953, -0.3038 -0.4095 0.2953, -0.3034 -0.4111 0.2953, -0.3032 -0.4132 0.2953, -0.3111 -0.4143 0.2953, -0.3146 -0.4151 0.2953, -0.3166 -0.4161 0.2953, -0.318 -0.4174 0.2953, -0.3189 -0.4187 0.2953, -0.3195 -0.4203 0.2953, -0.3198 -0.4224 0.2953, -0.3198 -0.4229 0.2953, -0.3196 -0.425 0.2953, -0.319 -0.4266 0.2953, -0.3181 -0.428 0.2953, -0.3176 -0.4285 0.2953, -0.3114 -0.4306 0.2953, -0.3161 -0.4296 0.2953, -0.3143 -0.4303 0.2953, -0.3141 -0.4303 0.2953, -0.3121 -0.4306 0.2953, -0.3092 -0.4304 0.2953, -0.309 -0.4303 0.2953, -0.3073 -0.4297 0.2953, -0.3056 -0.4286 0.2953, -0.3041 -0.4271 0.2953, -0.3033 -0.4259 0.2953, -0.3032 -0.4259 0.2953, -0.3032 -0.43 0.2953, -0.2986 -0.43 0.2953, -0.2986 -0.413 0.2953, -0.2989 -0.4094 0.2953, -0.2997 -0.4073 0.2953, -0.3006 -0.4058 0.2953, -0.3019 -0.4046 0.2953, -0.3034 -0.4037 0.2953, -0.3054 -0.4031 0.2953, -0.3139 -0.4192 0.2953, -0.3133 -0.4187 0.2953, -0.3122 -0.4182 0.2953, -0.3094 -0.4175 0.2953, -0.3151 -0.4225 0.2953, -0.3151 -0.4218 0.2953, -0.3149 -0.4207 0.2953, -0.3145 -0.4199 0.2953, -0.3138 -0.4256 0.2953, -0.3142 -0.4252 0.2953, -0.3147 -0.4244 0.2953, -0.315 -0.4236 0.2953, -0.3102 -0.4268 0.2953, -0.3118 -0.4266 0.2953, -0.3129 -0.4262 0.2953, -0.3052 -0.4246 0.2953, -0.3057 -0.4251 0.2953, -0.307 -0.426 0.2953, -0.3084 -0.4266 0.2953, -0.3032 -0.4192 0.2953, -0.3035 -0.4215 0.2953, -0.3041 -0.4232 0.2953, -0.3032 -0.4167 0.2953, -0.3032 -0.4167 0.2953
            ]
        }
        coordIndex [
            0,1,2,-1,2,1,3,-1,4,0,5,-1,5,0,2,-1,6,4,7,-1,7,4,5,-1,8,6,9,-1,9,6,7,-1,10,8,11,-1,11,8,9,-1,12,10,13,-1,13,10,11,-1,14,12,15,-1,15,12,13,-1,16,14,17,-1,17,14,15,-1,18,16,19,-1,19,16,17,-1,20,18,21,-1,21,18,19,-1,22,20,23,-1,23,20,21,-1,1,22,3,-1,3,22,23,-1,22,1,0,-1,0,4,22,-1,22,4,6,-1,22,6,20,-1,16,18,14,-1,14,18,20,-1,14,20,12,-1,12,20,6,-1,12,6,10,-1,10,6,8,-1,24,25,26,-1,27,28,29,-1,29,28,26,-1,30,31,32,-1,33,34,35,-1,35,34,36,-1,25,37,26,-1,26,37,38,-1,26,38,29,-1,29,38,39,-1,29,39,33,-1,33,39,40,-1,33,40,34,-1,41,42,43,-1,43,42,44,-1,43,44,45,-1,45,44,46,-1,45,46,36,-1,36,46,47,-1,36,47,35,-1,32,24,30,-1,30,24,26,-1,30,26,48,-1,48,26,49,-1,48,49,50,-1,50,49,51,-1,50,51,52,-1,52,51,53,-1,52,53,54,-1,54,53,55,-1,54,55,56,-1,56,55,57,-1,56,57,58,-1,58,57,59,-1,58,59,60,-1,60,59,61,-1,60,61,62,-1,62,61,63,-1,62,63,64,-1,64,63,65,-1,64,65,66,-1,66,65,67,-1,68,69,70,-1,70,69,71,-1,70,71,72,-1,72,71,73,-1,72,73,41,-1,41,73,74,-1,41,74,42,-1,75,76,77,-1,77,76,78,-1,77,78,79,-1,79,78,80,-1,79,80,81,-1,81,80,82,-1,81,82,68,-1,68,82,83,-1,68,83,69,-1,30,84,31,-1,31,84,85,-1,31,85,86,-1,86,85,87,-1,86,87,88,-1,88,87,89,-1,88,89,90,-1,90,89,91,-1,90,91,75,-1,75,91,92,-1,75,92,76,-1,61,93,94,-1,61,94,63,-1,63,94,95,-1,63,95,65,-1,65,95,96,-1,65,96,67,-1,66,67,97,-1,97,67,96,-1,66,97,98,-1,66,98,64,-1,64,98,99,-1,64,99,62,-1,62,99,100,-1,62,100,60,-1,60,100,101,-1,60,101,58,-1,58,101,102,-1,58,102,56,-1,56,102,103,-1,56,103,54,-1,54,103,104,-1,54,104,52,-1,52,104,105,-1,52,105,50,-1,50,105,106,-1,50,106,48,-1,48,106,107,-1,48,107,30,-1,84,30,108,-1,108,30,107,-1,84,108,109,-1,84,109,85,-1,85,109,110,-1,85,110,87,-1,87,110,111,-1,87,111,89,-1,89,111,112,-1,89,112,91,-1,91,112,113,-1,91,113,92,-1,92,113,114,-1,92,114,76,-1,76,114,115,-1,76,115,78,-1,78,115,116,-1,78,116,80,-1,80,116,117,-1,80,117,82,-1,82,117,118,-1,82,118,83,-1,83,118,119,-1,83,119,69,-1,120,42,74,-1,69,119,121,-1,69,121,71,-1,71,121,122,-1,71,122,73,-1,73,122,123,-1,73,123,74,-1,74,123,124,-1,74,124,120,-1,42,120,125,-1,42,125,44,-1,44,125,126,-1,44,126,46,-1,126,127,46,-1,46,127,128,-1,46,128,47,-1,47,128,129,-1,47,129,35,-1,35,129,130,-1,35,130,33,-1,29,33,131,-1,131,33,130,-1,27,29,132,-1,132,29,131,-1,28,27,133,-1,133,27,132,-1,26,28,134,-1,134,28,133,-1,26,134,135,-1,26,135,49,-1,49,135,136,-1,49,136,51,-1,51,136,137,-1,51,137,53,-1,53,137,138,-1,53,138,55,-1,55,138,139,-1,55,139,57,-1,57,139,140,-1,57,140,59,-1,59,140,93,-1,59,93,61,-1,86,141,142,-1,86,142,31,-1,31,142,143,-1,31,143,32,-1,32,143,144,-1,32,144,24,-1,77,145,146,-1,77,146,75,-1,75,146,147,-1,75,147,90,-1,90,147,148,-1,90,148,88,-1,88,148,141,-1,88,141,86,-1,70,149,150,-1,70,150,68,-1,68,150,151,-1,68,151,81,-1,81,151,152,-1,81,152,79,-1,79,152,145,-1,79,145,77,-1,43,153,154,-1,43,154,41,-1,41,154,155,-1,41,155,72,-1,72,155,149,-1,72,149,70,-1,40,156,157,-1,40,157,34,-1,34,157,158,-1,34,158,36,-1,36,158,159,-1,36,159,45,-1,45,159,153,-1,45,153,43,-1,37,160,161,-1,37,161,38,-1,38,161,162,-1,38,162,39,-1,39,162,156,-1,39,156,40,-1,37,25,160,-1,160,25,163,-1,25,24,163,-1,163,24,144,-1,
        ]
    }
}
Shape{
    appearance Appearance {
        material  Material 	{
            diffuseColor 0.25098039215686274 0.25098039215686274 0.25098039215686274
            specularColor 0.12549019607843137 0.12549019607843137 0.12549019607843137
            ambientIntensity 0.2
            transparency 0
            shininess 0.5
        }
    }
    geometry IndexedFaceSet {
        ccw TRUE
        solid FALSE
        coord DEF co Coordinate {
            point [
                -0.3032 -0.4192 0.2953, -0.3032 -0.4167 0.2953, -0.3094 -0.4175 0.2953, -0.3057 -0.4251 0.2953, -0.3052 -0.4246 0.2953, -0.3084 -0.4266 0.2953, -0.3122 -0.4182 0.2953, -0.3133 -0.4187 0.2953, -0.307 -0.426 0.2953, -0.3041 -0.4232 0.2953, -0.3035 -0.4215 0.2953, -0.3149 -0.4207 0.2953, -0.3151 -0.4218 0.2953, -0.3151 -0.4225 0.2953, -0.315 -0.4236 0.2953, -0.3129 -0.4262 0.2953, -0.3118 -0.4266 0.2953, -0.3138 -0.4256 0.2953, -0.3102 -0.4268 0.2953, -0.3139 -0.4192 0.2953, -0.3145 -0.4199 0.2953, -0.3147 -0.4244 0.2953, -0.3142 -0.4252 0.2953, -0.3142 -0.4252 0.2953
            ]
        }
        coordIndex [
            0,1,2,-1,3,4,2,-1,5,6,7,-1,6,5,2,-1,2,5,8,-1,2,8,3,-1,4,9,2,-1,2,9,10,-1,2,10,0,-1,11,12,5,-1,5,12,13,-1,5,13,14,-1,15,16,17,-1,17,16,18,-1,17,18,5,-1,7,19,5,-1,5,19,20,-1,5,20,11,-1,14,21,5,-1,5,21,22,-1,5,22,17,-1,
        ]
    }
}
Shape{
    appearance Appearance {
        material  Material 	{
            diffuseColor 1.0 1.0 1.0
            specularColor 0.5019607843137255 0.5019607843137255 0.5019607843137255
            ambientIntensity 0.2
            transparency 0
            shininess 0.5
        }
    }
    geometry IndexedFaceSet {
        ccw TRUE
        solid FALSE
        coord DEF co Coordinate {
            point [
                -0.2923 -0.4243 0.2953, -0.2923 -0.4243 0.2992, -0.2906 -0.4253 0.2992, -0.2846 -0.4268 0.2992, -0.2846 -0.4268 0.2953, -0.2877 -0.4264 0.2953, -0.2877 -0.4264 0.2992, -0.2901 -0.4255 0.2953, -0.2906 -0.4253 0.2953, -0.2923 -0.4291 0.2992, -0.2923 -0.4291 0.2953, -0.2901 -0.4298 0.2953, -0.289 -0.4302 0.2992, -0.2851 -0.4306 0.2953, -0.2851 -0.4306 0.2992, -0.2881 -0.4303 0.2953, -0.289 -0.4302 0.2953, -0.2825 -0.4303 0.2953, -0.2809 -0.4301 0.2992, -0.2809 -0.4301 0.2953, -0.2784 -0.4292 0.2953, -0.2784 -0.4292 0.2992, -0.2774 -0.4285 0.2953, -0.2774 -0.4285 0.2992, -0.276 -0.4272 0.2953, -0.276 -0.4272 0.2992, -0.2751 -0.426 0.2953, -0.2751 -0.426 0.2992, -0.2746 -0.4245 0.2953, -0.2746 -0.4245 0.2992, -0.2744 -0.4228 0.2953, -0.2744 -0.4228 0.2992, -0.2746 -0.4209 0.2953, -0.2746 -0.4209 0.2992, -0.2752 -0.4196 0.2953, -0.2752 -0.4196 0.2992, -0.276 -0.4184 0.2953, -0.276 -0.4184 0.2992, -0.2771 -0.4174 0.2953, -0.2771 -0.4174 0.2992, -0.2801 -0.4157 0.2953, -0.2801 -0.4157 0.2992, -0.2819 -0.415 0.2953, -0.2819 -0.415 0.2992, -0.2848 -0.4137 0.2953, -0.2848 -0.4137 0.2992, -0.2865 -0.4127 0.2953, -0.2865 -0.4127 0.2992, -0.2869 -0.4122 0.2953, -0.2869 -0.4122 0.2992, -0.2872 -0.4116 0.2953, -0.2872 -0.4116 0.2992, -0.2874 -0.4109 0.2953, -0.2874 -0.4109 0.2992, -0.2875 -0.4102 0.2953, -0.2875 -0.4102 0.2992, -0.2874 -0.4095 0.2953, -0.2874 -0.4095 0.2992, -0.2872 -0.4089 0.2953, -0.2872 -0.4089 0.2992, -0.2868 -0.4083 0.2953, -0.2868 -0.4083 0.2992, -0.2861 -0.4077 0.2953, -0.2861 -0.4077 0.2992, -0.285 -0.4071 0.2953, -0.285 -0.4071 0.2992, -0.2838 -0.4068 0.2953, -0.2838 -0.4068 0.2992, -0.2824 -0.4067 0.2953, -0.2824 -0.4067 0.2992, -0.2791 -0.4071 0.2953, -0.2791 -0.4071 0.2992, -0.2765 -0.4081 0.2953, -0.2765 -0.4081 0.2992, -0.2757 -0.4086 0.2953, -0.2757 -0.4086 0.2992, -0.2757 -0.4041 0.2992, -0.2757 -0.4041 0.2953, -0.2787 -0.4032 0.2953, -0.2787 -0.4032 0.2992, -0.2819 -0.4029 0.2953, -0.2819 -0.4029 0.2992, -0.2857 -0.4034 0.2953, -0.2857 -0.4034 0.2992, -0.2882 -0.4043 0.2953, -0.2882 -0.4043 0.2992, -0.2893 -0.405 0.2953, -0.2893 -0.405 0.2992, -0.2901 -0.4058 0.2953, -0.2907 -0.4063 0.2992, -0.2907 -0.4063 0.2953, -0.2916 -0.4076 0.2953, -0.2916 -0.4076 0.2992, -0.2921 -0.4091 0.2953, -0.2921 -0.4091 0.2992, -0.2923 -0.4107 0.2953, -0.2923 -0.4107 0.2992, -0.292 -0.4126 0.2953, -0.292 -0.4126 0.2992, -0.2915 -0.414 0.2953, -0.2915 -0.414 0.2992, -0.2909 -0.4148 0.2953, -0.2909 -0.4148 0.2992, -0.2852 -0.4184 0.2953, -0.2852 -0.4184 0.2992, -0.288 -0.4171 0.2992, -0.2902 -0.4156 0.2953, -0.2902 -0.4156 0.2992, -0.2901 -0.4157 0.2953, -0.288 -0.4171 0.2953, -0.2822 -0.4196 0.2953, -0.2822 -0.4196 0.2992, -0.2804 -0.4207 0.2953, -0.2804 -0.4207 0.2992, -0.2798 -0.4213 0.2953, -0.2798 -0.4213 0.2992, -0.2794 -0.4219 0.2953, -0.2794 -0.4219 0.2992, -0.2792 -0.4227 0.2953, -0.2792 -0.4227 0.2992, -0.2792 -0.4232 0.2953, -0.2792 -0.4232 0.2992, -0.2793 -0.4241 0.2953, -0.2793 -0.4241 0.2992, -0.2795 -0.4248 0.2953, -0.2795 -0.4248 0.2992, -0.2799 -0.4254 0.2953, -0.2799 -0.4254 0.2992, -0.2804 -0.4259 0.2953, -0.2804 -0.4259 0.2992, -0.2809 -0.4261 0.2953, -0.2809 -0.4261 0.2992, -0.2821 -0.4266 0.2953, -0.2821 -0.4266 0.2992, -0.2844 -0.4268 0.2953, -0.2844 -0.4268 0.2992, -0.2514 -0.4035 0.2992, -0.2466 -0.4035 0.2992, -0.2514 -0.4035 0.2953, -0.2466 -0.4035 0.2953, -0.2586 -0.4235 0.2992, -0.2586 -0.4235 0.2953, -0.259 -0.4247 0.2953, -0.259 -0.4247 0.2992, -0.2592 -0.4256 0.2953, -0.2592 -0.4256 0.2992, -0.2593 -0.4256 0.2992, -0.2593 -0.4256 0.2953, -0.2599 -0.4234 0.2992, -0.2599 -0.4234 0.2953, -0.2668 -0.4035 0.2992, -0.2645 -0.41 0.2953, -0.2668 -0.4035 0.2953, -0.272 -0.4035 0.2992, -0.272 -0.4035 0.2953, -0.2616 -0.4299 0.2992, -0.2645 -0.4224 0.2953, -0.2616 -0.4299 0.2953, -0.2636 -0.4347 0.2953, -0.2636 -0.4347 0.2992, -0.2618 -0.4303 0.2953, -0.2645 -0.4364 0.2953, -0.2646 -0.4366 0.2992, -0.2646 -0.4366 0.2953, -0.2656 -0.4375 0.2953, -0.2656 -0.4375 0.2992, -0.2665 -0.4381 0.2953, -0.2665 -0.4381 0.2992, -0.2675 -0.4384 0.2953, -0.2675 -0.4384 0.2992, -0.2684 -0.4385 0.2953, -0.2684 -0.4385 0.2992, -0.2701 -0.4383 0.2953, -0.2701 -0.4383 0.2992, -0.271 -0.4379 0.2953, -0.271 -0.4379 0.2992, -0.271 -0.4421 0.2992, -0.271 -0.4421 0.2953, -0.2691 -0.4424 0.2953, -0.2691 -0.4424 0.2992, -0.268 -0.4425 0.2953, -0.268 -0.4425 0.2992, -0.2661 -0.4422 0.2953, -0.2661 -0.4422 0.2992, -0.2645 -0.4416 0.2953, -0.2643 -0.4415 0.2992, -0.2643 -0.4415 0.2953, -0.2627 -0.4404 0.2953, -0.2627 -0.4404 0.2992, -0.2625 -0.4403 0.2953, -0.2625 -0.4403 0.2992, -0.2608 -0.4383 0.2953, -0.2608 -0.4383 0.2992, -0.2586 -0.434 0.2953, -0.2586 -0.434 0.2992, -0.2586 -0.434 0.2953, -0.2586 -0.434 0.2992, -0.2571 -0.4303 0.2953, -0.2216 -0.4258 0.2992, -0.2216 -0.43 0.2992, -0.2216 -0.4258 0.2953, -0.2216 -0.43 0.2953, -0.2368 -0.4258 0.2992, -0.2298 -0.4258 0.2953, -0.2368 -0.4258 0.2953, -0.2368 -0.4133 0.2992, -0.2368 -0.4133 0.2953, -0.2235 -0.4133 0.2992, -0.2298 -0.4133 0.2953, -0.2235 -0.4133 0.2953, -0.2235 -0.409 0.2992, -0.2235 -0.409 0.2953, -0.2368 -0.409 0.2953, -0.2368 -0.409 0.2992, -0.2298 -0.409 0.2953, -0.2368 -0.3972 0.2992, -0.2368 -0.3972 0.2953, -0.2225 -0.3972 0.2953, -0.2225 -0.3972 0.2992, -0.2298 -0.3972 0.2953, -0.2225 -0.3929 0.2992, -0.2225 -0.3929 0.2953, -0.2416 -0.3929 0.2953, -0.2416 -0.3929 0.2992, -0.2298 -0.3929 0.2953, -0.2416 -0.43 0.2992, -0.2416 -0.43 0.2953, -0.2298 -0.43 0.2953, -0.1916 -0.4196 0.2992, -0.1934 -0.4219 0.2992, -0.19 -0.4248 0.2992, -0.1941 -0.4225 0.2992, -0.1939 -0.4275 0.2992, -0.1966 -0.4241 0.2992, -0.1981 -0.4292 0.2992, -0.1997 -0.4253 0.2992, -0.2044 -0.43 0.2992, -0.2045 -0.4258 0.2992, -0.2146 -0.43 0.2992, -0.2098 -0.4258 0.2992, -0.2146 -0.3929 0.2992, -0.2098 -0.3972 0.2992, -0.2041 -0.3929 0.2992, -0.2042 -0.3972 0.2992, -0.1984 -0.3935 0.2992, -0.1995 -0.3977 0.2992, -0.1939 -0.3952 0.2992, -0.1963 -0.3989 0.2992, -0.19 -0.3978 0.2992, -0.1935 -0.4007 0.2992, -0.1888 -0.3991 0.2992, -0.1923 -0.4019 0.2992, -0.1865 -0.4023 0.2992, -0.1909 -0.404 0.2992, -0.1851 -0.4058 0.2992, -0.1899 -0.4068 0.2992, -0.1844 -0.411 0.2992, -0.1895 -0.4111 0.2992, -0.1846 -0.4133 0.2992, -0.1896 -0.4135 0.2992, -0.1855 -0.4177 0.2992, -0.1903 -0.4169 0.2992, -0.1873 -0.4215 0.2992, -0.2044 -0.43 0.2953, -0.2146 -0.43 0.2953, -0.1981 -0.4292 0.2953, -0.1939 -0.4275 0.2953, -0.19 -0.4248 0.2953, -0.1873 -0.4215 0.2953, -0.1855 -0.4177 0.2953, -0.1846 -0.4133 0.2953, -0.1844 -0.411 0.2953, -0.1851 -0.4058 0.2953, -0.1865 -0.4023 0.2953, -0.1888 -0.3991 0.2953, -0.19 -0.3978 0.2953, -0.1939 -0.3952 0.2953, -0.1984 -0.3935 0.2953, -0.2041 -0.3929 0.2953, -0.2146 -0.3929 0.2953, -0.2042 -0.3972 0.2953, -0.2098 -0.3972 0.2953, -0.2098 -0.4258 0.2953, -0.2045 -0.4258 0.2953, -0.1934 -0.4219 0.2953, -0.1941 -0.4225 0.2953, -0.1966 -0.4241 0.2953, -0.1997 -0.4253 0.2953, -0.1895 -0.4111 0.2953, -0.1896 -0.4135 0.2953, -0.1903 -0.4169 0.2953, -0.1916 -0.4196 0.2953, -0.1935 -0.4007 0.2953, -0.1923 -0.4019 0.2953, -0.1909 -0.404 0.2953, -0.1899 -0.4068 0.2953, -0.1995 -0.3977 0.2953, -0.1963 -0.3989 0.2953, -0.1963 -0.3989 0.2953
            ]
        }
        coordIndex [
            0,1,2,-1,3,4,5,-1,3,5,6,-1,6,5,7,-1,6,7,2,-1,2,7,8,-1,2,8,0,-1,9,1,10,-1,10,1,0,-1,10,11,9,-1,9,11,12,-1,13,14,15,-1,15,14,12,-1,15,12,16,-1,16,12,11,-1,13,17,14,-1,14,17,18,-1,17,19,18,-1,18,19,20,-1,18,20,21,-1,21,20,22,-1,21,22,23,-1,23,22,24,-1,23,24,25,-1,25,24,26,-1,25,26,27,-1,27,26,28,-1,27,28,29,-1,29,28,30,-1,29,30,31,-1,31,30,32,-1,31,32,33,-1,33,32,34,-1,33,34,35,-1,35,34,36,-1,35,36,37,-1,37,36,38,-1,37,38,39,-1,39,38,40,-1,39,40,41,-1,41,40,42,-1,41,42,43,-1,43,42,44,-1,43,44,45,-1,45,44,46,-1,45,46,47,-1,47,46,48,-1,47,48,49,-1,49,48,50,-1,49,50,51,-1,51,50,52,-1,51,52,53,-1,53,52,54,-1,53,54,55,-1,55,54,56,-1,55,56,57,-1,57,56,58,-1,57,58,59,-1,59,58,60,-1,59,60,61,-1,61,60,62,-1,61,62,63,-1,63,62,64,-1,63,64,65,-1,65,64,66,-1,65,66,67,-1,67,66,68,-1,67,68,69,-1,69,68,70,-1,69,70,71,-1,71,70,72,-1,71,72,73,-1,73,72,74,-1,73,74,75,-1,76,75,77,-1,77,75,74,-1,76,77,78,-1,76,78,79,-1,79,78,80,-1,79,80,81,-1,81,80,82,-1,81,82,83,-1,83,82,84,-1,83,84,85,-1,85,84,86,-1,85,86,87,-1,86,88,87,-1,87,88,89,-1,88,90,89,-1,89,90,91,-1,89,91,92,-1,92,91,93,-1,92,93,94,-1,94,93,95,-1,94,95,96,-1,96,95,97,-1,96,97,98,-1,98,97,99,-1,98,99,100,-1,100,99,101,-1,100,101,102,-1,103,104,105,-1,102,101,106,-1,102,106,107,-1,107,106,108,-1,107,108,105,-1,105,108,109,-1,105,109,103,-1,104,103,110,-1,104,110,111,-1,111,110,112,-1,111,112,113,-1,113,112,114,-1,113,114,115,-1,115,114,116,-1,115,116,117,-1,117,116,118,-1,117,118,119,-1,119,118,120,-1,119,120,121,-1,121,120,122,-1,121,122,123,-1,123,122,124,-1,123,124,125,-1,125,124,126,-1,125,126,127,-1,127,126,128,-1,127,128,129,-1,129,128,130,-1,129,130,131,-1,131,130,132,-1,131,132,133,-1,133,132,134,-1,133,134,135,-1,135,134,4,-1,135,4,3,-1,59,61,87,-1,87,61,85,-1,85,61,63,-1,85,63,83,-1,125,25,27,-1,111,43,104,-1,104,43,45,-1,125,27,123,-1,123,27,29,-1,123,29,121,-1,121,29,31,-1,121,31,119,-1,119,31,33,-1,119,33,117,-1,117,33,35,-1,117,35,115,-1,115,35,37,-1,115,37,113,-1,113,37,39,-1,113,39,111,-1,111,39,41,-1,111,41,43,-1,25,125,23,-1,23,125,127,-1,23,127,21,-1,14,3,12,-1,12,3,6,-1,12,6,9,-1,9,6,2,-1,9,2,1,-1,63,65,83,-1,83,65,67,-1,83,67,81,-1,81,67,69,-1,81,69,79,-1,79,69,71,-1,79,71,76,-1,76,71,73,-1,76,73,75,-1,127,129,21,-1,21,129,131,-1,21,131,18,-1,18,131,133,-1,18,133,14,-1,14,133,135,-1,14,135,3,-1,87,89,59,-1,59,89,92,-1,59,92,57,-1,57,92,94,-1,57,94,55,-1,55,94,96,-1,55,96,53,-1,53,96,98,-1,53,98,51,-1,51,98,100,-1,51,100,49,-1,49,100,102,-1,49,102,47,-1,47,102,107,-1,47,107,45,-1,45,107,105,-1,45,105,104,-1,136,137,138,-1,138,137,139,-1,140,136,141,-1,141,136,138,-1,140,141,142,-1,140,142,143,-1,143,142,144,-1,143,144,145,-1,146,145,147,-1,147,145,144,-1,148,146,149,-1,149,146,147,-1,148,149,150,-1,150,149,151,-1,150,151,152,-1,153,150,154,-1,154,150,152,-1,153,154,155,-1,155,154,156,-1,155,156,157,-1,158,159,160,-1,160,159,155,-1,160,155,157,-1,158,161,159,-1,159,161,162,-1,161,163,162,-1,162,163,164,-1,162,164,165,-1,165,164,166,-1,165,166,167,-1,167,166,168,-1,167,168,169,-1,169,168,170,-1,169,170,171,-1,171,170,172,-1,171,172,173,-1,173,172,174,-1,173,174,175,-1,176,175,177,-1,177,175,174,-1,176,177,178,-1,176,178,179,-1,179,178,180,-1,179,180,181,-1,181,180,182,-1,181,182,183,-1,183,182,184,-1,183,184,185,-1,184,186,185,-1,185,186,187,-1,185,187,188,-1,188,187,189,-1,188,189,190,-1,190,189,191,-1,190,191,192,-1,192,191,193,-1,192,193,194,-1,194,193,195,-1,194,195,196,-1,139,137,197,-1,197,137,196,-1,197,196,195,-1,143,145,196,-1,137,136,196,-1,196,136,140,-1,196,140,143,-1,150,153,148,-1,148,153,155,-1,148,155,146,-1,145,146,196,-1,196,146,155,-1,196,155,194,-1,194,155,159,-1,194,159,192,-1,192,159,162,-1,192,162,190,-1,190,162,165,-1,175,176,173,-1,173,176,179,-1,173,179,171,-1,171,179,181,-1,171,181,169,-1,169,181,183,-1,169,183,167,-1,167,183,185,-1,167,185,165,-1,165,185,188,-1,165,188,190,-1,198,199,200,-1,200,199,201,-1,198,200,202,-1,202,200,203,-1,202,203,204,-1,205,202,206,-1,206,202,204,-1,205,206,207,-1,207,206,208,-1,207,208,209,-1,210,207,211,-1,211,207,209,-1,212,213,214,-1,214,213,210,-1,214,210,211,-1,215,213,216,-1,216,213,212,-1,217,218,219,-1,219,218,215,-1,219,215,216,-1,220,218,221,-1,221,218,217,-1,222,223,224,-1,224,223,220,-1,224,220,221,-1,225,223,226,-1,226,223,222,-1,225,226,199,-1,199,226,227,-1,199,227,201,-1,225,199,198,-1,198,202,225,-1,225,202,205,-1,225,205,223,-1,218,220,215,-1,215,220,223,-1,215,223,213,-1,213,223,205,-1,213,205,210,-1,210,205,207,-1,228,229,230,-1,230,229,231,-1,230,231,232,-1,232,231,233,-1,232,233,234,-1,234,233,235,-1,234,235,236,-1,236,235,237,-1,236,237,238,-1,238,237,239,-1,238,239,240,-1,240,239,241,-1,240,241,242,-1,242,241,243,-1,242,243,244,-1,244,243,245,-1,244,245,246,-1,246,245,247,-1,246,247,248,-1,248,247,249,-1,248,249,250,-1,250,249,251,-1,250,251,252,-1,252,251,253,-1,252,253,254,-1,254,253,255,-1,254,255,256,-1,256,255,257,-1,256,257,258,-1,258,257,259,-1,258,259,260,-1,260,259,261,-1,260,261,262,-1,262,261,228,-1,262,228,230,-1,236,238,263,-1,263,238,264,-1,236,263,265,-1,236,265,234,-1,234,265,266,-1,234,266,232,-1,232,266,267,-1,232,267,230,-1,230,267,268,-1,230,268,262,-1,262,268,269,-1,262,269,260,-1,260,269,270,-1,260,270,258,-1,258,270,271,-1,258,271,256,-1,256,271,272,-1,256,272,254,-1,254,272,273,-1,254,273,252,-1,252,273,274,-1,252,274,250,-1,250,274,275,-1,250,275,248,-1,248,275,276,-1,248,276,246,-1,246,276,277,-1,246,277,244,-1,244,277,278,-1,244,278,242,-1,240,242,279,-1,279,242,278,-1,238,240,264,-1,264,240,279,-1,243,241,280,-1,280,241,281,-1,241,239,281,-1,281,239,282,-1,239,237,282,-1,282,237,283,-1,229,284,285,-1,229,285,231,-1,231,285,286,-1,231,286,233,-1,233,286,287,-1,233,287,235,-1,235,287,283,-1,235,283,237,-1,257,288,289,-1,257,289,259,-1,259,289,290,-1,259,290,261,-1,261,290,291,-1,261,291,228,-1,228,291,284,-1,228,284,229,-1,249,292,293,-1,249,293,251,-1,251,293,294,-1,251,294,253,-1,253,294,295,-1,253,295,255,-1,255,295,288,-1,255,288,257,-1,243,280,296,-1,243,296,245,-1,245,296,297,-1,245,297,247,-1,247,297,292,-1,247,292,249,-1,
        ]
    }
}
Shape{
    appearance Appearance {
        material  Material 	{
            diffuseColor 0.25098039215686274 0.25098039215686274 0.25098039215686274
            specularColor 0.12549019607843137 0.12549019607843137 0.12549019607843137
            ambientIntensity 0.2
            transparency 0
            shininess 0.5
        }
    }
    geometry IndexedFaceSet {
        ccw TRUE
        solid FALSE
        coord DEF co Coordinate {
            point [
                -0.2098 -0.3972 0.2953, -0.2098 -0.4258 0.2953, -0.2042 -0.3972 0.2953, -0.2045 -0.4258 0.2953, -0.1997 -0.4253 0.2953, -0.1966 -0.4241 0.2953, -0.1941 -0.4225 0.2953, -0.1934 -0.4219 0.2953, -0.1916 -0.4196 0.2953, -0.1903 -0.4169 0.2953, -0.1896 -0.4135 0.2953, -0.1895 -0.4111 0.2953, -0.1899 -0.4068 0.2953, -0.1909 -0.404 0.2953, -0.1923 -0.4019 0.2953, -0.1935 -0.4007 0.2953, -0.1995 -0.3977 0.2953, -0.1963 -0.3989 0.2953, -0.1963 -0.3989 0.2953
            ]
        }
        coordIndex [
            0,1,2,-1,2,1,3,-1,2,3,4,-1,4,5,2,-1,2,5,6,-1,2,6,7,-1,7,8,2,-1,2,8,9,-1,2,9,10,-1,10,11,2,-1,2,11,12,-1,2,12,13,-1,13,14,2,-1,2,14,15,-1,2,15,16,-1,16,15,17,-1,
        ]
    }
}
Shape{
    appearance Appearance {
        material  Material 	{
            diffuseColor 1.0 1.0 1.0
            specularColor 0.5019607843137255 0.5019607843137255 0.5019607843137255
            ambientIntensity 0.2
            transparency 0
            shininess 0.5
        }
    }
    geometry IndexedFaceSet {
        ccw TRUE
        solid FALSE
        coord DEF co Coordinate {
            point [
                -0.172 -0.4157 0.2992, -0.1735 -0.4198 0.2992, -0.1596 -0.4157 0.2992, -0.1581 -0.4198 0.2992, -0.1665 -0.4003 0.2992, -0.1683 -0.3929 0.2992, -0.1824 -0.43 0.2992, -0.1771 -0.43 0.2992, -0.1662 -0.3991 0.2992, -0.1659 -0.3977 0.2992, -0.1632 -0.3929 0.2992, -0.1658 -0.3977 0.2992, -0.1655 -0.3992 0.2992, -0.1652 -0.4003 0.2992, -0.149 -0.43 0.2992, -0.1543 -0.43 0.2992, -0.1632 -0.3929 0.2953, -0.149 -0.43 0.2953, -0.1683 -0.3929 0.2953, -0.1824 -0.43 0.2953, -0.1771 -0.43 0.2953, -0.1735 -0.4198 0.2953, -0.1581 -0.4198 0.2953, -0.1543 -0.43 0.2953, -0.172 -0.4157 0.2953, -0.1596 -0.4157 0.2953, -0.1652 -0.4003 0.2953, -0.1658 -0.3977 0.2953, -0.1655 -0.3992 0.2953, -0.1659 -0.3977 0.2953, -0.1665 -0.4003 0.2953, -0.1662 -0.3991 0.2953, -0.1662 -0.3991 0.2953
            ]
        }
        coordIndex [
            0,1,2,-1,2,1,3,-1,4,5,0,-1,0,5,6,-1,0,6,1,-1,1,6,7,-1,4,8,5,-1,5,8,9,-1,5,9,10,-1,10,9,11,-1,10,11,12,-1,12,13,10,-1,10,13,2,-1,10,2,14,-1,14,2,3,-1,14,3,15,-1,10,14,16,-1,16,14,17,-1,5,10,18,-1,18,10,16,-1,6,5,19,-1,19,5,18,-1,7,6,20,-1,20,6,19,-1,1,7,21,-1,21,7,20,-1,3,1,22,-1,22,1,21,-1,15,3,23,-1,23,3,22,-1,14,15,17,-1,17,15,23,-1,0,2,24,-1,24,2,25,-1,2,13,25,-1,25,13,26,-1,11,27,28,-1,11,28,12,-1,12,28,26,-1,12,26,13,-1,11,9,27,-1,27,9,29,-1,4,30,31,-1,4,31,8,-1,8,31,29,-1,8,29,9,-1,4,0,30,-1,30,0,24,-1,
        ]
    }
}
Shape{
    appearance Appearance {
        material  Material 	{
            diffuseColor 0.25098039215686274 0.25098039215686274 0.25098039215686274
            specularColor 0.12549019607843137 0.12549019607843137 0.12549019607843137
            ambientIntensity 0.2
            transparency 0
            shininess 0.5
        }
    }
    geometry IndexedFaceSet {
        ccw TRUE
        solid FALSE
        coord DEF co Coordinate {
            point [
                -0.1658 -0.3977 0.2953, -0.1659 -0.3977 0.2953, -0.1655 -0.3992 0.2953, -0.1662 -0.3991 0.2953, -0.1652 -0.4003 0.2953, -0.1665 -0.4003 0.2953, -0.1596 -0.4157 0.2953, -0.172 -0.4157 0.2953, -0.172 -0.4157 0.2953
            ]
        }
        coordIndex [
            0,1,2,-1,2,1,3,-1,2,3,4,-1,4,3,5,-1,4,5,6,-1,6,5,7,-1,
        ]
    }
}
Shape{
    appearance Appearance {
        material  Material 	{
            diffuseColor 1.0 1.0 1.0
            specularColor 0.5019607843137255 0.5019607843137255 0.5019607843137255
            ambientIntensity 0.2
            transparency 0
            shininess 0.5
        }
    }
    geometry IndexedFaceSet {
        ccw TRUE
        solid FALSE
        coord DEF co Coordinate {
            point [
                -0.5079 -0.4352 0.2992, -0.504 -0.4401 0.2992, -0.5103 -0.4119 0.2992, -0.4592 -0.4185 0.2992, -0.4812 -0.4122 0.2992, -0.4791 -0.4137 0.2992, -0.4223 -0.399 0.2992, -0.4305 -0.385 0.2992, -0.4658 -0.4035 0.2992, -0.4837 -0.4114 0.2992, -0.4858 -0.4111 0.2992, -0.4823 -0.3947 0.2992, -0.4855 -0.3945 0.2992, -0.4903 -0.4122 0.2992, -0.516 -0.4084 0.2992, -0.5154 -0.428 0.2992, -0.5106 -0.4296 0.2992, -0.4926 -0.4291 0.2992, -0.4905 -0.4306 0.2992, -0.4989 -0.444 0.2992, -0.488 -0.4315 0.2992, -0.476 -0.3963 0.2992, -0.4918 -0.3953 0.2992, -0.4976 -0.3975 0.2992, -0.4924 -0.4135 0.2992, -0.503 -0.4013 0.2992, -0.4941 -0.4154 0.2992, -0.5074 -0.4062 0.2992, -0.4954 -0.4177 0.2992, -0.496 -0.4202 0.2992, -0.4136 -0.3729 0.2992, -0.4115 -0.3729 0.2992, -0.4007 -0.3587 0.2992, -0.4065 -0.3735 0.2992, -0.3988 -0.3593 0.2992, -0.4019 -0.3753 0.2992, -0.391 -0.3634 0.2992, -0.384 -0.3695 0.2992, -0.4877 -0.3642 0.2992, -0.4858 -0.3653 0.2992, -0.494 -0.346 0.2992, -0.4822 -0.3576 0.2992, -0.4886 -0.3397 0.2992, -0.4765 -0.3505 0.2992, -0.4824 -0.3344 0.2992, -0.4692 -0.345 0.2992, -0.476 -0.3305 0.2992, -0.425 -0.43 0.2992, -0.4239 -0.4301 0.2992, -0.4218 -0.414 0.2992, -0.4638 -0.3258 0.2992, -0.4606 -0.3414 0.2992, -0.4508 -0.3242 0.2992, -0.4149 -0.3379 0.2992, -0.4236 -0.3516 0.2992, -0.4063 -0.3478 0.2992, -0.4181 -0.3591 0.2992, -0.4145 -0.3678 0.2992, -0.5208 -0.4036 0.2992, -0.5317 -0.4169 0.2992, -0.5248 -0.423 0.2992, -0.5253 -0.3813 0.2992, -0.5426 -0.3848 0.2992, -0.5261 -0.3877 0.2992, -0.5427 -0.3882 0.2992, -0.5258 -0.3917 0.2992, -0.5418 -0.3971 0.2992, -0.5239 -0.3982 0.2992, -0.5384 -0.407 0.2992, -0.5329 -0.4155 0.2992, -0.4879 -0.4114 0.2992, -0.4704 -0.3993 0.2992, -0.3978 -0.3782 0.2992, -0.3947 -0.3816 0.2992, -0.3787 -0.3771 0.2992, -0.3923 -0.3862 0.2992, -0.3756 -0.3852 0.2992, -0.391 -0.3912 0.2992, -0.3746 -0.3932 0.2992, -0.3909 -0.3935 0.2992, -0.4099 -0.414 0.2992, -0.4083 -0.4301 0.2992, -0.4052 -0.4131 0.2992, -0.4002 -0.4285 0.2992, -0.4005 -0.411 0.2992, -0.3921 -0.4247 0.2992, -0.3966 -0.4078 0.2992, -0.3851 -0.4191 0.2992, -0.3963 -0.4074 0.2992, -0.3843 -0.4183 0.2992, -0.3934 -0.4033 0.2992, -0.3794 -0.4116 0.2992, -0.3916 -0.3986 0.2992, -0.376 -0.4033 0.2992, -0.3746 -0.3947 0.2992, -0.4937 -0.3621 0.2992, -0.497 -0.3457 0.2992, -0.4998 -0.3613 0.2992, -0.5 -0.3455 0.2992, -0.5025 -0.3615 0.2992, -0.509 -0.3465 0.2992, -0.509 -0.363 0.2992, -0.5188 -0.3499 0.2992, -0.5149 -0.3661 0.2992, -0.5277 -0.3557 0.2992, -0.5194 -0.3702 0.2992, -0.5303 -0.3582 0.2992, -0.5231 -0.3754 0.2992, -0.5359 -0.3651 0.2992, -0.5404 -0.3744 0.2992, -0.4943 -0.4272 0.2992, -0.4954 -0.4251 0.2992, -0.496 -0.4226 0.2992, -0.4315 -0.4212 0.2992, -0.4315 -0.4219 0.2992, -0.4231 -0.4138 0.2992, -0.4519 -0.34 0.2992, -0.4505 -0.34 0.2992, -0.4399 -0.3253 0.2992, -0.4423 -0.3409 0.2992, -0.4267 -0.33 0.2992, -0.4339 -0.3439 0.2992, -0.4265 -0.3489 0.2992, -0.4774 -0.4155 0.2992, -0.4762 -0.4177 0.2992, -0.4592 -0.4212 0.2992, -0.4756 -0.4201 0.2992, -0.4593 -0.4238 0.2992, -0.4756 -0.4227 0.2992, -0.4609 -0.4304 0.2992, -0.4763 -0.4252 0.2992, -0.464 -0.4362 0.2992, -0.4775 -0.4275 0.2992, -0.468 -0.4408 0.2992, -0.4793 -0.4293 0.2992, -0.4733 -0.4445 0.2992, -0.4813 -0.4307 0.2992, -0.4792 -0.4467 0.2992, -0.4837 -0.4315 0.2992, -0.4855 -0.4475 0.2992, -0.4858 -0.4317 0.2992, -0.4866 -0.4475 0.2992, -0.4928 -0.4465 0.2992, -0.4295 -0.4272 0.2992, -0.4285 -0.4282 0.2992, -0.4313 -0.4238 0.2992, -0.4306 -0.4256 0.2992, -0.4223 -0.414 0.2992, -0.4267 -0.4294 0.2992, -0.4233 -0.4138 0.2992, -0.4252 -0.414 0.2992, -0.427 -0.4147 0.2992, -0.4287 -0.4158 0.2992, -0.43 -0.4173 0.2992, -0.431 -0.4191 0.2992, -0.3826 -0.3715 0.2953, -0.3787 -0.3771 0.2953, -0.3767 -0.3824 0.2953, -0.3756 -0.3852 0.2953, -0.3746 -0.3932 0.2953, -0.384 -0.3695 0.2953, -0.391 -0.3634 0.2953, -0.3988 -0.3593 0.2953, -0.4007 -0.3587 0.2953, -0.4063 -0.3478 0.2953, -0.4149 -0.3379 0.2953, -0.421 -0.3338 0.2953, -0.4267 -0.33 0.2953, -0.4399 -0.3253 0.2953, -0.4508 -0.3242 0.2953, -0.4824 -0.3344 0.2953, -0.4813 -0.3338 0.2953, -0.476 -0.3305 0.2953, -0.4638 -0.3258 0.2953, -0.4886 -0.3397 0.2953, -0.494 -0.346 0.2953, -0.497 -0.3457 0.2953, -0.5 -0.3455 0.2953, -0.5188 -0.3499 0.2953, -0.509 -0.3465 0.2953, -0.5233 -0.3529 0.2953, -0.5277 -0.3557 0.2953, -0.5303 -0.3582 0.2953, -0.5359 -0.3651 0.2953, -0.539 -0.3715 0.2953, -0.5404 -0.3744 0.2953, -0.5421 -0.3824 0.2953, -0.5426 -0.3848 0.2953, -0.5427 -0.3882 0.2953, -0.5418 -0.3971 0.2953, -0.5384 -0.407 0.2953, -0.5329 -0.4155 0.2953, -0.5317 -0.4169 0.2953, -0.5106 -0.4296 0.2953, -0.5248 -0.423 0.2953, -0.5233 -0.4238 0.2953, -0.5154 -0.428 0.2953, -0.5102 -0.4303 0.2953, -0.5079 -0.4352 0.2953, -0.504 -0.4401 0.2953, -0.4989 -0.444 0.2953, -0.4964 -0.445 0.2953, -0.4928 -0.4465 0.2953, -0.4866 -0.4475 0.2953, -0.4855 -0.4475 0.2953, -0.4592 -0.4212 0.2953, -0.4792 -0.4467 0.2953, -0.4746 -0.445 0.2953, -0.4733 -0.4445 0.2953, -0.468 -0.4408 0.2953, -0.464 -0.4362 0.2953, -0.4609 -0.4304 0.2953, -0.4608 -0.4303 0.2953, -0.4593 -0.4238 0.2953, -0.4592 -0.4185 0.2953, -0.4223 -0.399 0.2953, -0.4305 -0.385 0.2953, -0.4658 -0.4035 0.2953, -0.4704 -0.3993 0.2953, -0.476 -0.3963 0.2953, -0.4823 -0.3947 0.2953, -0.4855 -0.3945 0.2953, -0.4918 -0.3953 0.2953, -0.4976 -0.3975 0.2953, -0.503 -0.4013 0.2953, -0.5074 -0.4062 0.2953, -0.5103 -0.4119 0.2953, -0.516 -0.4084 0.2953, -0.5208 -0.4036 0.2953, -0.5233 -0.3992 0.2953, -0.5239 -0.3982 0.2953, -0.5258 -0.3917 0.2953, -0.5261 -0.3877 0.2953, -0.5255 -0.3824 0.2953, -0.5253 -0.3813 0.2953, -0.5233 -0.3761 0.2953, -0.5231 -0.3754 0.2953, -0.5204 -0.3715 0.2953, -0.5194 -0.3702 0.2953, -0.5149 -0.3661 0.2953, -0.509 -0.363 0.2953, -0.5025 -0.3615 0.2953, -0.4998 -0.3613 0.2953, -0.4937 -0.3621 0.2953, -0.4877 -0.3642 0.2953, -0.4858 -0.3653 0.2953, -0.4822 -0.3576 0.2953, -0.4765 -0.3505 0.2953, -0.4692 -0.345 0.2953, -0.4606 -0.3414 0.2953, -0.4519 -0.34 0.2953, -0.4505 -0.34 0.2953, -0.4136 -0.3729 0.2953, -0.4139 -0.3715 0.2953, -0.4145 -0.3678 0.2953, -0.4181 -0.3591 0.2953, -0.4236 -0.3516 0.2953, -0.4265 -0.3489 0.2953, -0.4339 -0.3439 0.2953, -0.4423 -0.3409 0.2953, -0.4115 -0.3729 0.2953, -0.4065 -0.3735 0.2953, -0.4019 -0.3753 0.2953, -0.3978 -0.3782 0.2953, -0.3947 -0.3816 0.2953, -0.3943 -0.3824 0.2953, -0.3923 -0.3862 0.2953, -0.391 -0.3912 0.2953, -0.3909 -0.3935 0.2953, -0.3916 -0.3986 0.2953, -0.3934 -0.4033 0.2953, -0.3963 -0.4074 0.2953, -0.3966 -0.4078 0.2953, -0.4005 -0.411 0.2953, -0.4052 -0.4131 0.2953, -0.4099 -0.414 0.2953, -0.4218 -0.414 0.2953, -0.4223 -0.414 0.2953, -0.4231 -0.4138 0.2953, -0.4233 -0.4138 0.2953, -0.4252 -0.414 0.2953, -0.427 -0.4147 0.2953, -0.4287 -0.4158 0.2953, -0.43 -0.4173 0.2953, -0.431 -0.4191 0.2953, -0.4315 -0.4212 0.2953, -0.4315 -0.4219 0.2953, -0.4313 -0.4238 0.2953, -0.4306 -0.4256 0.2953, -0.4295 -0.4272 0.2953, -0.4285 -0.4282 0.2953, -0.4267 -0.4294 0.2953, -0.425 -0.43 0.2953, -0.4239 -0.4301 0.2953, -0.4083 -0.4301 0.2953, -0.4002 -0.4285 0.2953, -0.3921 -0.4247 0.2953, -0.3851 -0.4191 0.2953, -0.3843 -0.4183 0.2953, -0.3794 -0.4116 0.2953, -0.376 -0.4033 0.2953, -0.3746 -0.3947 0.2953, -0.4858 -0.4111 0.2953, -0.4837 -0.4114 0.2953, -0.4812 -0.4122 0.2953, -0.4791 -0.4137 0.2953, -0.4774 -0.4155 0.2953, -0.4762 -0.4177 0.2953, -0.4756 -0.4201 0.2953, -0.4756 -0.4227 0.2953, -0.4763 -0.4252 0.2953, -0.4775 -0.4275 0.2953, -0.4793 -0.4293 0.2953, -0.4813 -0.4307 0.2953, -0.4837 -0.4315 0.2953, -0.4858 -0.4317 0.2953, -0.488 -0.4315 0.2953, -0.4905 -0.4306 0.2953, -0.4926 -0.4291 0.2953, -0.4943 -0.4272 0.2953, -0.4954 -0.4251 0.2953, -0.496 -0.4226 0.2953, -0.496 -0.4202 0.2953, -0.4954 -0.4177 0.2953, -0.4941 -0.4154 0.2953, -0.4924 -0.4135 0.2953, -0.4903 -0.4122 0.2953, -0.4879 -0.4114 0.2953, -0.4879 -0.4114 0.2953
            ]
        }
        coordIndex [
            0,1,2,-1,3,4,5,-1,6,7,8,-1,4,3,9,-1,9,3,6,-1,9,6,10,-1,11,12,13,-1,14,15,2,-1,2,15,16,-1,2,16,0,-1,17,1,18,-1,18,1,19,-1,18,19,20,-1,11,13,21,-1,12,22,13,-1,13,22,23,-1,13,23,24,-1,24,23,25,-1,24,25,26,-1,26,25,27,-1,26,27,28,-1,28,27,2,-1,28,2,29,-1,30,31,32,-1,32,31,33,-1,32,33,34,-1,34,33,35,-1,34,35,36,-1,36,35,37,-1,38,39,40,-1,40,39,41,-1,40,41,42,-1,42,41,43,-1,42,43,44,-1,44,43,45,-1,44,45,46,-1,47,48,49,-1,46,45,50,-1,50,45,51,-1,50,51,52,-1,53,54,55,-1,55,54,56,-1,55,56,32,-1,32,56,57,-1,32,57,30,-1,58,59,14,-1,14,59,60,-1,14,60,15,-1,61,62,63,-1,63,62,64,-1,63,64,65,-1,65,64,66,-1,65,66,67,-1,67,66,68,-1,67,68,58,-1,58,68,69,-1,58,69,59,-1,10,6,70,-1,70,6,8,-1,70,8,13,-1,13,8,71,-1,13,71,21,-1,35,72,37,-1,37,72,73,-1,37,73,74,-1,74,73,75,-1,74,75,76,-1,76,75,77,-1,76,77,78,-1,78,77,79,-1,49,48,80,-1,80,48,81,-1,80,81,82,-1,82,81,83,-1,82,83,84,-1,84,83,85,-1,84,85,86,-1,86,85,87,-1,86,87,88,-1,88,87,89,-1,88,89,90,-1,90,89,91,-1,90,91,92,-1,92,91,93,-1,92,93,79,-1,79,93,94,-1,79,94,78,-1,38,40,95,-1,95,40,96,-1,95,96,97,-1,97,96,98,-1,97,98,99,-1,99,98,100,-1,99,100,101,-1,101,100,102,-1,101,102,103,-1,103,102,104,-1,103,104,105,-1,105,104,106,-1,105,106,107,-1,107,106,108,-1,107,108,61,-1,61,108,109,-1,61,109,62,-1,17,110,1,-1,1,110,111,-1,1,111,2,-1,2,111,112,-1,2,112,29,-1,113,114,115,-1,51,116,52,-1,52,116,117,-1,52,117,118,-1,118,117,119,-1,118,119,120,-1,120,119,121,-1,120,121,53,-1,53,121,122,-1,53,122,54,-1,5,123,3,-1,3,123,124,-1,3,124,125,-1,125,124,126,-1,125,126,127,-1,127,126,128,-1,127,128,129,-1,129,128,130,-1,129,130,131,-1,131,130,132,-1,131,132,133,-1,133,132,134,-1,133,134,135,-1,135,134,136,-1,135,136,137,-1,137,136,138,-1,137,138,139,-1,139,138,140,-1,139,140,141,-1,141,140,20,-1,141,20,142,-1,142,20,19,-1,115,143,144,-1,114,145,115,-1,115,145,146,-1,115,146,143,-1,49,147,47,-1,47,147,115,-1,47,115,148,-1,148,115,144,-1,115,149,113,-1,113,149,150,-1,113,150,151,-1,151,152,113,-1,113,152,153,-1,113,153,154,-1,155,37,156,-1,156,37,74,-1,156,74,157,-1,157,74,76,-1,157,76,158,-1,158,76,78,-1,158,78,159,-1,155,160,37,-1,37,160,161,-1,37,161,36,-1,36,161,162,-1,36,162,34,-1,34,162,163,-1,34,163,32,-1,32,163,164,-1,32,164,55,-1,55,164,165,-1,55,165,53,-1,53,165,120,-1,120,165,166,-1,166,167,120,-1,120,167,168,-1,120,168,118,-1,118,168,169,-1,118,169,52,-1,170,44,171,-1,171,44,46,-1,171,46,172,-1,172,46,50,-1,172,50,173,-1,173,50,52,-1,173,52,169,-1,44,170,174,-1,44,174,42,-1,42,174,175,-1,42,175,40,-1,40,175,176,-1,40,176,96,-1,96,176,177,-1,96,177,98,-1,178,100,179,-1,179,100,98,-1,179,98,177,-1,180,104,178,-1,178,104,102,-1,178,102,100,-1,180,181,104,-1,104,181,182,-1,104,182,106,-1,109,108,183,-1,183,108,106,-1,183,106,182,-1,183,184,109,-1,109,184,185,-1,109,185,62,-1,62,185,186,-1,186,187,62,-1,62,187,188,-1,62,188,64,-1,64,188,189,-1,64,189,66,-1,66,189,190,-1,66,190,68,-1,68,190,191,-1,68,191,69,-1,69,191,192,-1,69,192,59,-1,193,16,15,-1,59,192,194,-1,59,194,60,-1,60,194,195,-1,60,195,15,-1,15,195,196,-1,15,196,193,-1,16,193,197,-1,16,197,0,-1,197,198,0,-1,0,198,199,-1,0,199,1,-1,1,199,200,-1,1,200,19,-1,19,200,201,-1,19,201,142,-1,201,202,142,-1,142,202,203,-1,142,203,141,-1,141,203,204,-1,141,204,139,-1,205,125,127,-1,139,204,206,-1,139,206,137,-1,137,206,207,-1,137,207,135,-1,207,208,135,-1,135,208,209,-1,135,209,133,-1,133,209,210,-1,133,210,131,-1,131,210,211,-1,131,211,129,-1,129,211,212,-1,129,212,127,-1,127,212,213,-1,127,213,205,-1,3,125,214,-1,214,125,205,-1,6,3,215,-1,215,3,214,-1,7,6,216,-1,216,6,215,-1,8,7,217,-1,217,7,216,-1,8,217,218,-1,8,218,71,-1,71,218,219,-1,71,219,21,-1,21,219,220,-1,21,220,11,-1,11,220,221,-1,11,221,12,-1,12,221,222,-1,12,222,22,-1,22,222,223,-1,22,223,23,-1,23,223,224,-1,23,224,25,-1,25,224,225,-1,25,225,27,-1,27,225,226,-1,27,226,2,-1,2,226,227,-1,2,227,14,-1,14,227,228,-1,14,228,58,-1,58,228,229,-1,58,229,67,-1,229,230,67,-1,67,230,231,-1,67,231,65,-1,65,231,232,-1,65,232,63,-1,232,233,63,-1,63,233,61,-1,233,234,61,-1,61,234,235,-1,61,235,107,-1,235,236,107,-1,107,236,237,-1,107,237,105,-1,237,238,105,-1,105,238,239,-1,105,239,103,-1,103,239,240,-1,103,240,101,-1,101,240,241,-1,101,241,99,-1,99,241,242,-1,99,242,97,-1,97,242,243,-1,97,243,95,-1,95,243,244,-1,95,244,38,-1,38,244,245,-1,38,245,39,-1,39,245,246,-1,39,246,41,-1,41,246,247,-1,41,247,43,-1,43,247,248,-1,43,248,45,-1,45,248,249,-1,45,249,51,-1,51,249,250,-1,51,250,116,-1,116,250,251,-1,116,251,117,-1,252,30,253,-1,253,30,57,-1,253,57,254,-1,254,57,56,-1,254,56,255,-1,255,56,54,-1,255,54,256,-1,256,54,122,-1,256,122,257,-1,257,122,121,-1,257,121,258,-1,258,121,119,-1,258,119,259,-1,259,119,117,-1,259,117,251,-1,31,30,260,-1,260,30,252,-1,31,260,261,-1,31,261,33,-1,33,261,262,-1,33,262,35,-1,35,262,263,-1,35,263,72,-1,72,263,264,-1,72,264,73,-1,73,264,265,-1,73,265,75,-1,265,266,75,-1,75,266,267,-1,75,267,77,-1,77,267,268,-1,77,268,79,-1,79,268,269,-1,79,269,92,-1,92,269,270,-1,92,270,90,-1,90,270,271,-1,90,271,88,-1,88,271,272,-1,88,272,86,-1,86,272,273,-1,86,273,84,-1,84,273,274,-1,84,274,82,-1,82,274,275,-1,82,275,80,-1,49,80,276,-1,276,80,275,-1,49,276,277,-1,49,277,147,-1,147,277,278,-1,147,278,115,-1,115,278,279,-1,115,279,149,-1,149,279,280,-1,149,280,150,-1,150,280,281,-1,150,281,151,-1,151,281,282,-1,151,282,152,-1,152,282,283,-1,152,283,153,-1,153,283,284,-1,153,284,154,-1,154,284,285,-1,154,285,113,-1,113,285,286,-1,113,286,114,-1,114,286,287,-1,114,287,145,-1,145,287,288,-1,145,288,146,-1,146,288,289,-1,146,289,143,-1,143,289,290,-1,143,290,144,-1,144,290,291,-1,144,291,148,-1,148,291,292,-1,148,292,47,-1,47,292,293,-1,47,293,48,-1,81,48,294,-1,294,48,293,-1,81,294,295,-1,81,295,83,-1,83,295,296,-1,83,296,85,-1,85,296,297,-1,85,297,87,-1,87,297,298,-1,87,298,89,-1,89,298,299,-1,89,299,91,-1,91,299,300,-1,91,300,93,-1,93,300,301,-1,93,301,94,-1,94,301,159,-1,94,159,78,-1,10,302,303,-1,10,303,9,-1,9,303,304,-1,9,304,4,-1,4,304,305,-1,4,305,5,-1,5,305,306,-1,5,306,123,-1,123,306,307,-1,123,307,124,-1,124,307,308,-1,124,308,126,-1,126,308,309,-1,126,309,128,-1,128,309,310,-1,128,310,130,-1,130,310,311,-1,130,311,132,-1,132,311,312,-1,132,312,134,-1,134,312,313,-1,134,313,136,-1,136,313,314,-1,136,314,138,-1,138,314,315,-1,138,315,140,-1,140,315,316,-1,140,316,20,-1,20,316,317,-1,20,317,18,-1,18,317,318,-1,18,318,17,-1,17,318,319,-1,17,319,110,-1,110,319,320,-1,110,320,111,-1,111,320,321,-1,111,321,112,-1,112,321,322,-1,112,322,29,-1,29,322,323,-1,29,323,28,-1,28,323,324,-1,28,324,26,-1,26,324,325,-1,26,325,24,-1,24,325,326,-1,24,326,13,-1,13,326,327,-1,13,327,70,-1,70,327,302,-1,70,302,10,-1,
        ]
    }
}
Shape{
    appearance Appearance {
        material  Material 	{
            diffuseColor 0.25098039215686274 0.25098039215686274 0.25098039215686274
            specularColor 0.12549019607843137 0.12549019607843137 0.12549019607843137
            ambientIntensity 0.2
            transparency 0
            shininess 0.5
        }
    }
    geometry IndexedFaceSet {
        ccw TRUE
        solid FALSE
        coord DEF co Coordinate {
            point [
                -0.4879 -0.4114 0.2953, -0.4858 -0.4317 0.2953, -0.4858 -0.4111 0.2953, -0.4837 -0.4315 0.2953, -0.4837 -0.4114 0.2953, -0.4941 -0.4154 0.2953, -0.4954 -0.4177 0.2953, -0.496 -0.4202 0.2953, -0.4954 -0.4251 0.2953, -0.4943 -0.4272 0.2953, -0.4926 -0.4291 0.2953, -0.4762 -0.4177 0.2953, -0.4774 -0.4155 0.2953, -0.4793 -0.4293 0.2953, -0.4791 -0.4137 0.2953, -0.4905 -0.4306 0.2953, -0.488 -0.4315 0.2953, -0.4763 -0.4252 0.2953, -0.4756 -0.4227 0.2953, -0.4756 -0.4201 0.2953, -0.4813 -0.4307 0.2953, -0.4812 -0.4122 0.2953, -0.496 -0.4226 0.2953, -0.4903 -0.4122 0.2953, -0.4924 -0.4135 0.2953, -0.4775 -0.4275 0.2953, -0.4775 -0.4275 0.2953
            ]
        }
        coordIndex [
            0,1,2,-1,2,1,3,-1,2,3,4,-1,5,6,7,-1,8,9,0,-1,0,9,10,-1,11,12,13,-1,13,12,14,-1,10,15,0,-1,0,15,16,-1,0,16,1,-1,17,18,19,-1,3,20,4,-1,4,20,13,-1,4,13,21,-1,21,13,14,-1,8,0,22,-1,22,0,23,-1,22,23,7,-1,7,23,24,-1,7,24,5,-1,11,13,19,-1,19,13,25,-1,19,25,17,-1,
        ]
    }
}