ISO-10303-21;
HEADER;
FILE_DESCRIPTION(('KiCad electronic assembly'),'2;1');
FILE_NAME('touch-pad-go.step','2026-04-03T13:50:27',('Pcbnew'),('Kicad')
  ,'Open CASCADE STEP processor 7.9','KiCad to STEP converter','Unknown'
  );
FILE_SCHEMA(('AUTOMOTIVE_DESIGN { 1 0 10303 214 1 1 1 1 }'));
ENDSEC;
DATA;
#1 = APPLICATION_PROTOCOL_DEFINITION('international standard',
  'automotive_design',2000,#2);
#2 = APPLICATION_CONTEXT(
  'core data for automotive mechanical design processes');
#3 = SHAPE_DEFINITION_REPRESENTATION(#4,#10);
#4 = PRODUCT_DEFINITION_SHAPE('','',#5);
#5 = PRODUCT_DEFINITION('design','',#6,#9);
#6 = PRODUCT_DEFINITION_FORMATION('','',#7);
#7 = PRODUCT('touch-pad-go 1','touch-pad-go 1','',(#8));
#8 = PRODUCT_CONTEXT('',#2,'mechanical');
#9 = PRODUCT_DEFINITION_CONTEXT('part definition',#2,'design');
#10 = SHAPE_REPRESENTATION('',(#11,#15,#19,#23,#27,#31),#35);
#11 = AXIS2_PLACEMENT_3D('',#12,#13,#14);
#12 = CARTESIAN_POINT('',(0.,0.,0.));
#13 = DIRECTION('',(0.,0.,1.));
#14 = DIRECTION('',(1.,0.,-0.));
#15 = AXIS2_PLACEMENT_3D('',#16,#17,#18);
#16 = CARTESIAN_POINT('',(0.,0.,0.));
#17 = DIRECTION('',(0.,0.,1.));
#18 = DIRECTION('',(1.,0.,-0.));
#19 = AXIS2_PLACEMENT_3D('',#20,#21,#22);
#20 = CARTESIAN_POINT('',(0.,0.,0.));
#21 = DIRECTION('',(0.,0.,1.));
#22 = DIRECTION('',(1.,0.,-0.));
#23 = AXIS2_PLACEMENT_3D('',#24,#25,#26);
#24 = CARTESIAN_POINT('',(0.,0.,0.));
#25 = DIRECTION('',(0.,0.,1.));
#26 = DIRECTION('',(1.,0.,-0.));
#27 = AXIS2_PLACEMENT_3D('',#28,#29,#30);
#28 = CARTESIAN_POINT('',(0.,0.,0.));
#29 = DIRECTION('',(0.,0.,1.));
#30 = DIRECTION('',(1.,0.,-0.));
#31 = AXIS2_PLACEMENT_3D('',#32,#33,#34);
#32 = CARTESIAN_POINT('',(0.,0.,0.));
#33 = DIRECTION('',(0.,0.,1.));
#34 = DIRECTION('',(1.,0.,-0.));
#35 = ( GEOMETRIC_REPRESENTATION_CONTEXT(3) 
GLOBAL_UNCERTAINTY_ASSIGNED_CONTEXT((#39)) GLOBAL_UNIT_ASSIGNED_CONTEXT(
(#36,#37,#38)) REPRESENTATION_CONTEXT('Context #1',
  '3D Context with UNIT and UNCERTAINTY') );
#36 = ( LENGTH_UNIT() NAMED_UNIT(*) SI_UNIT(.MILLI.,.METRE.) );
#37 = ( NAMED_UNIT(*) PLANE_ANGLE_UNIT() SI_UNIT($,.RADIAN.) );
#38 = ( NAMED_UNIT(*) SI_UNIT($,.STERADIAN.) SOLID_ANGLE_UNIT() );
#39 = UNCERTAINTY_MEASURE_WITH_UNIT(LENGTH_MEASURE(1.E-07),#36,
  'distance_accuracy_value','confusion accuracy');
#40 = PRODUCT_RELATED_PRODUCT_CATEGORY('part',$,(#7));
#41 = SHAPE_DEFINITION_REPRESENTATION(#42,#48);
#42 = PRODUCT_DEFINITION_SHAPE('','',#43);
#43 = PRODUCT_DEFINITION('design','',#44,#47);
#44 = PRODUCT_DEFINITION_FORMATION('','',#45);
#45 = PRODUCT('touch-pad-left_silkscreen','touch-pad-left_silkscreen',''
  ,(#46));
#46 = PRODUCT_CONTEXT('',#2,'mechanical');
#47 = PRODUCT_DEFINITION_CONTEXT('part definition',#2,'design');
#48 = SHAPE_REPRESENTATION('',(#11,#49,#220,#410,#487,#658,#829,#978,
    #1055,#1263),#1340);
#49 = SHELL_BASED_SURFACE_MODEL('',(#50));
#50 = OPEN_SHELL('',(#51));
#51 = ADVANCED_FACE('',(#52,#122,#181),#215,.T.);
#52 = FACE_BOUND('',#53,.F.);
#53 = EDGE_LOOP('',(#54,#65,#73,#82,#90,#99,#107,#116));
#54 = ORIENTED_EDGE('',*,*,#55,.T.);
#55 = EDGE_CURVE('',#56,#58,#60,.T.);
#56 = VERTEX_POINT('',#57);
#57 = CARTESIAN_POINT('',(-1.088083,-4.374257,1.585));
#58 = VERTEX_POINT('',#59);
#59 = CARTESIAN_POINT('',(-1.009513,-4.295687,1.585));
#60 = CIRCLE('',#61,0.100002891901);
#61 = AXIS2_PLACEMENT_3D('',#62,#63,#64);
#62 = CARTESIAN_POINT('',(-0.990001928964,-4.393768071036,1.585));
#63 = DIRECTION('',(0.,0.,-1.));
#64 = DIRECTION('',(-0.980782347106,0.195105068116,0.));
#65 = ORIENTED_EDGE('',*,*,#66,.T.);
#66 = EDGE_CURVE('',#58,#67,#69,.T.);
#67 = VERTEX_POINT('',#68);
#68 = CARTESIAN_POINT('',(9.029505,-4.295687,1.585));
#69 = LINE('',#70,#71);
#70 = CARTESIAN_POINT('',(-1.009513,-4.295687,1.585));
#71 = VECTOR('',#72,1.);
#72 = DIRECTION('',(1.,0.,0.));
#73 = ORIENTED_EDGE('',*,*,#74,.T.);
#74 = EDGE_CURVE('',#67,#75,#77,.T.);
#75 = VERTEX_POINT('',#76);
#76 = CARTESIAN_POINT('',(9.108075,-4.374257,1.585));
#77 = CIRCLE('',#78,0.100002891901);
#78 = AXIS2_PLACEMENT_3D('',#79,#80,#81);
#79 = CARTESIAN_POINT('',(9.009993928964,-4.393768071036,1.585));
#80 = DIRECTION('',(0.,0.,-1.));
#81 = DIRECTION('',(0.195105068116,0.980782347106,0.));
#82 = ORIENTED_EDGE('',*,*,#83,.T.);
#83 = EDGE_CURVE('',#75,#84,#86,.T.);
#84 = VERTEX_POINT('',#85);
#85 = CARTESIAN_POINT('',(9.108075,-14.413275,1.585));
#86 = LINE('',#87,#88);
#87 = CARTESIAN_POINT('',(9.108075,-4.374257,1.585));
#88 = VECTOR('',#89,1.);
#89 = DIRECTION('',(0.,-1.,0.));
#90 = ORIENTED_EDGE('',*,*,#91,.T.);
#91 = EDGE_CURVE('',#84,#92,#94,.T.);
#92 = VERTEX_POINT('',#93);
#93 = CARTESIAN_POINT('',(9.029505,-14.491845,1.585));
#94 = CIRCLE('',#95,0.100002891901);
#95 = AXIS2_PLACEMENT_3D('',#96,#97,#98);
#96 = CARTESIAN_POINT('',(9.009993928964,-14.39376392896,1.585));
#97 = DIRECTION('',(0.,0.,-1.));
#98 = DIRECTION('',(0.980782347106,-0.195105068116,0.));
#99 = ORIENTED_EDGE('',*,*,#100,.T.);
#100 = EDGE_CURVE('',#92,#101,#103,.T.);
#101 = VERTEX_POINT('',#102);
#102 = CARTESIAN_POINT('',(-1.009513,-14.491845,1.585));
#103 = LINE('',#104,#105);
#104 = CARTESIAN_POINT('',(9.029505,-14.491845,1.585));
#105 = VECTOR('',#106,1.);
#106 = DIRECTION('',(-1.,0.,0.));
#107 = ORIENTED_EDGE('',*,*,#108,.T.);
#108 = EDGE_CURVE('',#101,#109,#111,.T.);
#109 = VERTEX_POINT('',#110);
#110 = CARTESIAN_POINT('',(-1.088083,-14.413275,1.585));
#111 = CIRCLE('',#112,0.100002891901);
#112 = AXIS2_PLACEMENT_3D('',#113,#114,#115);
#113 = CARTESIAN_POINT('',(-0.990001928964,-14.39376392896,1.585));
#114 = DIRECTION('',(0.,0.,-1.));
#115 = DIRECTION('',(-0.195105068116,-0.980782347106,-0.));
#116 = ORIENTED_EDGE('',*,*,#117,.T.);
#117 = EDGE_CURVE('',#109,#56,#118,.T.);
#118 = LINE('',#119,#120);
#119 = CARTESIAN_POINT('',(-1.088083,-14.413275,1.585));
#120 = VECTOR('',#121,1.);
#121 = DIRECTION('',(0.,1.,0.));
#122 = FACE_BOUND('',#123,.F.);
#123 = EDGE_LOOP('',(#124,#135,#143,#151,#159,#167,#175));
#124 = ORIENTED_EDGE('',*,*,#125,.T.);
#125 = EDGE_CURVE('',#126,#128,#130,.T.);
#126 = VERTEX_POINT('',#127);
#127 = CARTESIAN_POINT('',(7.809996,-5.543766,1.585));
#128 = VERTEX_POINT('',#129);
#129 = CARTESIAN_POINT('',(7.759996,-5.493766,1.585));
#130 = CIRCLE('',#131,5.000014378935E-02);
#131 = AXIS2_PLACEMENT_3D('',#132,#133,#134);
#132 = CARTESIAN_POINT('',(7.809996143789,-5.493765856211,1.585));
#133 = DIRECTION('',(0.,0.,-1.));
#134 = DIRECTION('',(-2.87577459506E-06,-0.999999999996,-0.));
#135 = ORIENTED_EDGE('',*,*,#136,.T.);
#136 = EDGE_CURVE('',#128,#137,#139,.T.);
#137 = VERTEX_POINT('',#138);
#138 = CARTESIAN_POINT('',(7.759996,-4.493766,1.585));
#139 = LINE('',#140,#141);
#140 = CARTESIAN_POINT('',(7.759996,-5.493766,1.585));
#141 = VECTOR('',#142,1.);
#142 = DIRECTION('',(0.,1.,0.));
#143 = ORIENTED_EDGE('',*,*,#144,.T.);
#144 = EDGE_CURVE('',#137,#145,#147,.T.);
#145 = VERTEX_POINT('',#146);
#146 = CARTESIAN_POINT('',(-0.890004,-4.493766,1.585));
#147 = LINE('',#148,#149);
#148 = CARTESIAN_POINT('',(7.759996,-4.493766,1.585));
#149 = VECTOR('',#150,1.);
#150 = DIRECTION('',(-1.,0.,0.));
#151 = ORIENTED_EDGE('',*,*,#152,.T.);
#152 = EDGE_CURVE('',#145,#153,#155,.T.);
#153 = VERTEX_POINT('',#154);
#154 = CARTESIAN_POINT('',(-0.890004,-14.293766,1.585));
#155 = LINE('',#156,#157);
#156 = CARTESIAN_POINT('',(-0.890004,-4.493766,1.585));
#157 = VECTOR('',#158,1.);
#158 = DIRECTION('',(0.,-1.,0.));
#159 = ORIENTED_EDGE('',*,*,#160,.T.);
#160 = EDGE_CURVE('',#153,#161,#163,.T.);
#161 = VERTEX_POINT('',#162);
#162 = CARTESIAN_POINT('',(8.909996,-14.293766,1.585));
#163 = LINE('',#164,#165);
#164 = CARTESIAN_POINT('',(-0.890004,-14.293766,1.585));
#165 = VECTOR('',#166,1.);
#166 = DIRECTION('',(1.,0.,0.));
#167 = ORIENTED_EDGE('',*,*,#168,.T.);
#168 = EDGE_CURVE('',#161,#169,#171,.T.);
#169 = VERTEX_POINT('',#170);
#170 = CARTESIAN_POINT('',(8.909996,-5.543766,1.585));
#171 = LINE('',#172,#173);
#172 = CARTESIAN_POINT('',(8.909996,-14.293766,1.585));
#173 = VECTOR('',#174,1.);
#174 = DIRECTION('',(0.,1.,0.));
#175 = ORIENTED_EDGE('',*,*,#176,.T.);
#176 = EDGE_CURVE('',#169,#126,#177,.T.);
#177 = LINE('',#178,#179);
#178 = CARTESIAN_POINT('',(8.909996,-5.543766,1.585));
#179 = VECTOR('',#180,1.);
#180 = DIRECTION('',(-1.,0.,0.));
#181 = FACE_BOUND('',#182,.F.);
#182 = EDGE_LOOP('',(#183,#193,#201,#209));
#183 = ORIENTED_EDGE('',*,*,#184,.T.);
#184 = EDGE_CURVE('',#185,#187,#189,.T.);
#185 = VERTEX_POINT('',#186);
#186 = CARTESIAN_POINT('',(8.909996,-5.443766,1.585));
#187 = VERTEX_POINT('',#188);
#188 = CARTESIAN_POINT('',(8.909996,-4.493766,1.585));
#189 = LINE('',#190,#191);
#190 = CARTESIAN_POINT('',(8.909996,-5.443766,1.585));
#191 = VECTOR('',#192,1.);
#192 = DIRECTION('',(0.,1.,0.));
#193 = ORIENTED_EDGE('',*,*,#194,.T.);
#194 = EDGE_CURVE('',#187,#195,#197,.T.);
#195 = VERTEX_POINT('',#196);
#196 = CARTESIAN_POINT('',(7.859996,-4.493766,1.585));
#197 = LINE('',#198,#199);
#198 = CARTESIAN_POINT('',(8.909996,-4.493766,1.585));
#199 = VECTOR('',#200,1.);
#200 = DIRECTION('',(-1.,0.,0.));
#201 = ORIENTED_EDGE('',*,*,#202,.T.);
#202 = EDGE_CURVE('',#195,#203,#205,.T.);
#203 = VERTEX_POINT('',#204);
#204 = CARTESIAN_POINT('',(7.859996,-5.443766,1.585));
#205 = LINE('',#206,#207);
#206 = CARTESIAN_POINT('',(7.859996,-4.493766,1.585));
#207 = VECTOR('',#208,1.);
#208 = DIRECTION('',(0.,-1.,0.));
#209 = ORIENTED_EDGE('',*,*,#210,.T.);
#210 = EDGE_CURVE('',#203,#185,#211,.T.);
#211 = LINE('',#212,#213);
#212 = CARTESIAN_POINT('',(7.859996,-5.443766,1.585));
#213 = VECTOR('',#214,1.);
#214 = DIRECTION('',(1.,0.,0.));
#215 = PLANE('',#216);
#216 = AXIS2_PLACEMENT_3D('',#217,#218,#219);
#217 = CARTESIAN_POINT('',(0.,0.,1.585));
#218 = DIRECTION('',(0.,0.,1.));
#219 = DIRECTION('',(1.,0.,-0.));
#220 = SHELL_BASED_SURFACE_MODEL('',(#221));
#221 = OPEN_SHELL('',(#222));
#222 = ADVANCED_FACE('',(#223),#405,.T.);
#223 = FACE_BOUND('',#224,.F.);
#224 = EDGE_LOOP('',(#225,#235,#243,#251,#259,#267,#275,#283,#291,#299,
    #307,#316,#324,#333,#341,#349,#357,#366,#374,#382,#390,#399));
#225 = ORIENTED_EDGE('',*,*,#226,.T.);
#226 = EDGE_CURVE('',#227,#229,#231,.T.);
#227 = VERTEX_POINT('',#228);
#228 = CARTESIAN_POINT('',(-1.938297,-4.425026,1.585));
#229 = VERTEX_POINT('',#230);
#230 = CARTESIAN_POINT('',(-1.818976,-4.365004,1.585));
#231 = LINE('',#232,#233);
#232 = CARTESIAN_POINT('',(-1.938297,-4.425026,1.585));
#233 = VECTOR('',#234,1.);
#234 = DIRECTION('',(0.893341967462,0.449377490727,0.));
#235 = ORIENTED_EDGE('',*,*,#236,.T.);
#236 = EDGE_CURVE('',#229,#237,#239,.T.);
#237 = VERTEX_POINT('',#238);
#238 = CARTESIAN_POINT('',(-1.567152,-4.36325,1.585));
#239 = LINE('',#240,#241);
#240 = CARTESIAN_POINT('',(-1.818976,-4.365004,1.585));
#241 = VECTOR('',#242,1.);
#242 = DIRECTION('',(0.999975744002,6.965013084455E-03,0.));
#243 = ORIENTED_EDGE('',*,*,#244,.T.);
#244 = EDGE_CURVE('',#237,#245,#247,.T.);
#245 = VERTEX_POINT('',#246);
#246 = CARTESIAN_POINT('',(-1.547247,-4.368041,1.585));
#247 = LINE('',#248,#249);
#248 = CARTESIAN_POINT('',(-1.567152,-4.36325,1.585));
#249 = VECTOR('',#250,1.);
#250 = DIRECTION('',(0.972234133225,-0.234010235231,0.));
#251 = ORIENTED_EDGE('',*,*,#252,.T.);
#252 = EDGE_CURVE('',#245,#253,#255,.T.);
#253 = VERTEX_POINT('',#254);
#254 = CARTESIAN_POINT('',(-1.439015,-4.425026,1.585));
#255 = LINE('',#256,#257);
#256 = CARTESIAN_POINT('',(-1.547247,-4.368041,1.585));
#257 = VECTOR('',#258,1.);
#258 = DIRECTION('',(0.884848162196,-0.465879522902,0.));
#259 = ORIENTED_EDGE('',*,*,#260,.T.);
#260 = EDGE_CURVE('',#253,#261,#263,.T.);
#261 = VERTEX_POINT('',#262);
#262 = CARTESIAN_POINT('',(-1.38203,-4.485639,1.585));
#263 = LINE('',#264,#265);
#264 = CARTESIAN_POINT('',(-1.439015,-4.425026,1.585));
#265 = VECTOR('',#266,1.);
#266 = DIRECTION('',(0.68496603593,-0.728574999312,0.));
#267 = ORIENTED_EDGE('',*,*,#268,.T.);
#268 = EDGE_CURVE('',#261,#269,#271,.T.);
#269 = VERTEX_POINT('',#270);
#270 = CARTESIAN_POINT('',(-1.331375,-4.591965,1.585));
#271 = LINE('',#272,#273);
#272 = CARTESIAN_POINT('',(-1.38203,-4.485639,1.585));
#273 = VECTOR('',#274,1.);
#274 = DIRECTION('',(0.430096717347,-0.902782816478,0.));
#275 = ORIENTED_EDGE('',*,*,#276,.T.);
#276 = EDGE_CURVE('',#269,#277,#279,.T.);
#277 = VERTEX_POINT('',#278);
#278 = CARTESIAN_POINT('',(-1.331698,-4.714288,1.585));
#279 = LINE('',#280,#281);
#280 = CARTESIAN_POINT('',(-1.331375,-4.591965,1.585));
#281 = VECTOR('',#282,1.);
#282 = DIRECTION('',(-2.640540813637E-03,-0.999996513766,0.));
#283 = ORIENTED_EDGE('',*,*,#284,.T.);
#284 = EDGE_CURVE('',#277,#285,#287,.T.);
#285 = VERTEX_POINT('',#286);
#286 = CARTESIAN_POINT('',(-1.385008,-4.867127,1.585));
#287 = LINE('',#288,#289);
#288 = CARTESIAN_POINT('',(-1.331698,-4.714288,1.585));
#289 = VECTOR('',#290,1.);
#290 = DIRECTION('',(-0.329339494705,-0.944211574398,0.));
#291 = ORIENTED_EDGE('',*,*,#292,.T.);
#292 = EDGE_CURVE('',#285,#293,#295,.T.);
#293 = VERTEX_POINT('',#294);
#294 = CARTESIAN_POINT('',(-1.877469,-5.362762,1.585));
#295 = LINE('',#296,#297);
#296 = CARTESIAN_POINT('',(-1.385008,-4.867127,1.585));
#297 = VECTOR('',#298,1.);
#298 = DIRECTION('',(-0.704831749184,-0.709374516981,0.));
#299 = ORIENTED_EDGE('',*,*,#300,.T.);
#300 = EDGE_CURVE('',#293,#301,#303,.T.);
#301 = VERTEX_POINT('',#302);
#302 = CARTESIAN_POINT('',(-1.379132,-5.362762,1.585));
#303 = LINE('',#304,#305);
#304 = CARTESIAN_POINT('',(-1.877469,-5.362762,1.585));
#305 = VECTOR('',#306,1.);
#306 = DIRECTION('',(1.,0.,0.));
#307 = ORIENTED_EDGE('',*,*,#308,.T.);
#308 = EDGE_CURVE('',#301,#309,#311,.T.);
#309 = VERTEX_POINT('',#310);
#310 = CARTESIAN_POINT('',(-1.379132,-5.462762,1.585));
#311 = CIRCLE('',#312,5.000000000002E-02);
#312 = AXIS2_PLACEMENT_3D('',#313,#314,#315);
#313 = CARTESIAN_POINT('',(-1.379132047712,-5.412762,1.585));
#314 = DIRECTION('',(0.,0.,-1.));
#315 = DIRECTION('',(9.542364720612E-07,1.,0.));
#316 = ORIENTED_EDGE('',*,*,#317,.T.);
#317 = EDGE_CURVE('',#309,#318,#320,.T.);
#318 = VERTEX_POINT('',#319);
#319 = CARTESIAN_POINT('',(-1.998179,-5.462762,1.585));
#320 = LINE('',#321,#322);
#321 = CARTESIAN_POINT('',(-1.379132,-5.462762,1.585));
#322 = VECTOR('',#323,1.);
#323 = DIRECTION('',(-1.,0.,0.));
#324 = ORIENTED_EDGE('',*,*,#325,.T.);
#325 = EDGE_CURVE('',#318,#326,#328,.T.);
#326 = VERTEX_POINT('',#327);
#327 = CARTESIAN_POINT('',(-2.033534,-5.377407,1.585));
#328 = CIRCLE('',#329,4.999963895009E-02);
#329 = AXIS2_PLACEMENT_3D('',#330,#331,#332);
#330 = CARTESIAN_POINT('',(-1.998179193535,-5.41276236105,1.585));
#331 = DIRECTION('',(0.,0.,-1.));
#332 = DIRECTION('',(3.870737610049E-06,-0.999999999993,0.));
#333 = ORIENTED_EDGE('',*,*,#334,.T.);
#334 = EDGE_CURVE('',#326,#335,#337,.T.);
#335 = VERTEX_POINT('',#336);
#336 = CARTESIAN_POINT('',(-1.470453,-4.814324,1.585));
#337 = LINE('',#338,#339);
#338 = CARTESIAN_POINT('',(-2.033534,-5.377407,1.585));
#339 = VECTOR('',#340,1.);
#340 = DIRECTION('',(0.707105525406,0.707108036965,0.));
#341 = ORIENTED_EDGE('',*,*,#342,.T.);
#342 = EDGE_CURVE('',#335,#343,#345,.T.);
#343 = VERTEX_POINT('',#344);
#344 = CARTESIAN_POINT('',(-1.429132,-4.690363,1.585));
#345 = LINE('',#346,#347);
#346 = CARTESIAN_POINT('',(-1.470453,-4.814324,1.585));
#347 = VECTOR('',#348,1.);
#348 = DIRECTION('',(0.316232357853,0.948681767426,0.));
#349 = ORIENTED_EDGE('',*,*,#350,.T.);
#350 = EDGE_CURVE('',#343,#351,#353,.T.);
#351 = VERTEX_POINT('',#352);
#352 = CARTESIAN_POINT('',(-1.429132,-4.615041,1.585));
#353 = LINE('',#354,#355);
#354 = CARTESIAN_POINT('',(-1.429132,-4.690363,1.585));
#355 = VECTOR('',#356,1.);
#356 = DIRECTION('',(0.,1.,0.));
#357 = ORIENTED_EDGE('',*,*,#358,.T.);
#358 = EDGE_CURVE('',#351,#359,#361,.T.);
#359 = VERTEX_POINT('',#360);
#360 = CARTESIAN_POINT('',(-1.581411,-4.462762,1.585));
#361 = CIRCLE('',#362,0.215066604438);
#362 = AXIS2_PLACEMENT_3D('',#363,#364,#365);
#363 = CARTESIAN_POINT('',(-1.636913433714,-4.670543433714,1.585));
#364 = DIRECTION('',(0.,0.,1.));
#365 = DIRECTION('',(0.966125978774,0.258070907192,-0.));
#366 = ORIENTED_EDGE('',*,*,#367,.T.);
#367 = EDGE_CURVE('',#359,#368,#370,.T.);
#368 = VERTEX_POINT('',#369);
#369 = CARTESIAN_POINT('',(-1.795899,-4.462762,1.585));
#370 = LINE('',#371,#372);
#371 = CARTESIAN_POINT('',(-1.581411,-4.462762,1.585));
#372 = VECTOR('',#373,1.);
#373 = DIRECTION('',(-1.,0.,0.));
#374 = ORIENTED_EDGE('',*,*,#375,.T.);
#375 = EDGE_CURVE('',#368,#376,#378,.T.);
#376 = VERTEX_POINT('',#377);
#377 = CARTESIAN_POINT('',(-1.873323,-4.501473,1.585));
#378 = LINE('',#379,#380);
#379 = CARTESIAN_POINT('',(-1.795899,-4.462762,1.585));
#380 = VECTOR('',#381,1.);
#381 = DIRECTION('',(-0.894431811906,-0.447204353569,0.));
#382 = ORIENTED_EDGE('',*,*,#383,.T.);
#383 = EDGE_CURVE('',#376,#384,#386,.T.);
#384 = VERTEX_POINT('',#385);
#385 = CARTESIAN_POINT('',(-1.931426,-4.554194,1.585));
#386 = LINE('',#387,#388);
#387 = CARTESIAN_POINT('',(-1.873323,-4.501473,1.585));
#388 = VECTOR('',#389,1.);
#389 = DIRECTION('',(-0.74057357825,-0.67197527871,0.));
#390 = ORIENTED_EDGE('',*,*,#391,.T.);
#391 = EDGE_CURVE('',#384,#392,#394,.T.);
#392 = VERTEX_POINT('',#393);
#393 = CARTESIAN_POINT('',(-1.996754,-4.488866,1.585));
#394 = CIRCLE('',#395,4.999995591998E-02);
#395 = AXIS2_PLACEMENT_3D('',#396,#397,#398);
#396 = CARTESIAN_POINT('',(-1.95056,-4.508,1.585));
#397 = DIRECTION('',(0.,0.,-1.));
#398 = DIRECTION('',(0.382680337371,-0.923880814494,0.));
#399 = ORIENTED_EDGE('',*,*,#400,.T.);
#400 = EDGE_CURVE('',#392,#227,#401,.T.);
#401 = LINE('',#402,#403);
#402 = CARTESIAN_POINT('',(-1.996754,-4.488866,1.585));
#403 = VECTOR('',#404,1.);
#404 = DIRECTION('',(0.675329040753,0.737516567078,0.));
#405 = PLANE('',#406);
#406 = AXIS2_PLACEMENT_3D('',#407,#408,#409);
#407 = CARTESIAN_POINT('',(0.,0.,1.585));
#408 = DIRECTION('',(0.,0.,1.));
#409 = DIRECTION('',(1.,0.,-0.));
#410 = SHELL_BASED_SURFACE_MODEL('',(#411));
#411 = OPEN_SHELL('',(#412));
#412 = ADVANCED_FACE('',(#413),#482,.T.);
#413 = FACE_BOUND('',#414,.F.);
#414 = EDGE_LOOP('',(#415,#426,#434,#443,#451,#459,#468,#476));
#415 = ORIENTED_EDGE('',*,*,#416,.T.);
#416 = EDGE_CURVE('',#417,#419,#421,.T.);
#417 = VERTEX_POINT('',#418);
#418 = CARTESIAN_POINT('',(-2.807703,-4.462762,1.585));
#419 = VERTEX_POINT('',#420);
#420 = CARTESIAN_POINT('',(-2.807703,-4.362762,1.585));
#421 = CIRCLE('',#422,5.000000000002E-02);
#422 = AXIS2_PLACEMENT_3D('',#423,#424,#425);
#423 = CARTESIAN_POINT('',(-2.807702952288,-4.412762,1.585));
#424 = DIRECTION('',(0.,0.,-1.));
#425 = DIRECTION('',(-9.542364765021E-07,-1.,-0.));
#426 = ORIENTED_EDGE('',*,*,#427,.T.);
#427 = EDGE_CURVE('',#419,#428,#430,.T.);
#428 = VERTEX_POINT('',#429);
#429 = CARTESIAN_POINT('',(-2.236275,-4.362762,1.585));
#430 = LINE('',#431,#432);
#431 = CARTESIAN_POINT('',(-2.807703,-4.362762,1.585));
#432 = VECTOR('',#433,1.);
#433 = DIRECTION('',(1.,0.,0.));
#434 = ORIENTED_EDGE('',*,*,#435,.T.);
#435 = EDGE_CURVE('',#428,#436,#438,.T.);
#436 = VERTEX_POINT('',#437);
#437 = CARTESIAN_POINT('',(-2.236275,-4.462762,1.585));
#438 = CIRCLE('',#439,5.000000000002E-02);
#439 = AXIS2_PLACEMENT_3D('',#440,#441,#442);
#440 = CARTESIAN_POINT('',(-2.236275047712,-4.412762,1.585));
#441 = DIRECTION('',(0.,0.,-1.));
#442 = DIRECTION('',(9.542364765021E-07,1.,0.));
#443 = ORIENTED_EDGE('',*,*,#444,.T.);
#444 = EDGE_CURVE('',#436,#445,#447,.T.);
#445 = VERTEX_POINT('',#446);
#446 = CARTESIAN_POINT('',(-2.471989,-4.462762,1.585));
#447 = LINE('',#448,#449);
#448 = CARTESIAN_POINT('',(-2.236275,-4.462762,1.585));
#449 = VECTOR('',#450,1.);
#450 = DIRECTION('',(-1.,0.,0.));
#451 = ORIENTED_EDGE('',*,*,#452,.T.);
#452 = EDGE_CURVE('',#445,#453,#455,.T.);
#453 = VERTEX_POINT('',#454);
#454 = CARTESIAN_POINT('',(-2.471989,-5.412762,1.585));
#455 = LINE('',#456,#457);
#456 = CARTESIAN_POINT('',(-2.471989,-4.462762,1.585));
#457 = VECTOR('',#458,1.);
#458 = DIRECTION('',(0.,-1.,0.));
#459 = ORIENTED_EDGE('',*,*,#460,.T.);
#460 = EDGE_CURVE('',#453,#461,#463,.T.);
#461 = VERTEX_POINT('',#462);
#462 = CARTESIAN_POINT('',(-2.571989,-5.412762,1.585));
#463 = CIRCLE('',#464,5.000000000002E-02);
#464 = AXIS2_PLACEMENT_3D('',#465,#466,#467);
#465 = CARTESIAN_POINT('',(-2.521989,-5.412761952288,1.585));
#466 = DIRECTION('',(-0.,0.,-1.));
#467 = DIRECTION('',(1.,-9.542364765021E-07,-0.));
#468 = ORIENTED_EDGE('',*,*,#469,.T.);
#469 = EDGE_CURVE('',#461,#470,#472,.T.);
#470 = VERTEX_POINT('',#471);
#471 = CARTESIAN_POINT('',(-2.571989,-4.462762,1.585));
#472 = LINE('',#473,#474);
#473 = CARTESIAN_POINT('',(-2.571989,-5.412762,1.585));
#474 = VECTOR('',#475,1.);
#475 = DIRECTION('',(0.,1.,0.));
#476 = ORIENTED_EDGE('',*,*,#477,.T.);
#477 = EDGE_CURVE('',#470,#417,#478,.T.);
#478 = LINE('',#479,#480);
#479 = CARTESIAN_POINT('',(-2.571989,-4.462762,1.585));
#480 = VECTOR('',#481,1.);
#481 = DIRECTION('',(-1.,0.,0.));
#482 = PLANE('',#483);
#483 = AXIS2_PLACEMENT_3D('',#484,#485,#486);
#484 = CARTESIAN_POINT('',(0.,0.,1.585));
#485 = DIRECTION('',(0.,0.,1.));
#486 = DIRECTION('',(1.,0.,-0.));
#487 = SHELL_BASED_SURFACE_MODEL('',(#488));
#488 = OPEN_SHELL('',(#489));
#489 = ADVANCED_FACE('',(#490,#560,#619),#653,.T.);
#490 = FACE_BOUND('',#491,.F.);
#491 = EDGE_LOOP('',(#492,#503,#511,#520,#528,#537,#545,#554));
#492 = ORIENTED_EDGE('',*,*,#493,.T.);
#493 = EDGE_CURVE('',#494,#496,#498,.T.);
#494 = VERTEX_POINT('',#495);
#495 = CARTESIAN_POINT('',(-1.188083,16.025743,1.585));
#496 = VERTEX_POINT('',#497);
#497 = CARTESIAN_POINT('',(-1.109513,16.104313,1.585));
#498 = CIRCLE('',#499,0.100002891901);
#499 = AXIS2_PLACEMENT_3D('',#500,#501,#502);
#500 = CARTESIAN_POINT('',(-1.090001928964,16.006231928964,1.585));
#501 = DIRECTION('',(0.,0.,-1.));
#502 = DIRECTION('',(-0.980782347106,0.195105068116,0.));
#503 = ORIENTED_EDGE('',*,*,#504,.T.);
#504 = EDGE_CURVE('',#496,#505,#507,.T.);
#505 = VERTEX_POINT('',#506);
#506 = CARTESIAN_POINT('',(8.929505,16.104313,1.585));
#507 = LINE('',#508,#509);
#508 = CARTESIAN_POINT('',(-1.109513,16.104313,1.585));
#509 = VECTOR('',#510,1.);
#510 = DIRECTION('',(1.,0.,0.));
#511 = ORIENTED_EDGE('',*,*,#512,.T.);
#512 = EDGE_CURVE('',#505,#513,#515,.T.);
#513 = VERTEX_POINT('',#514);
#514 = CARTESIAN_POINT('',(9.008075,16.025743,1.585));
#515 = CIRCLE('',#516,0.100002891901);
#516 = AXIS2_PLACEMENT_3D('',#517,#518,#519);
#517 = CARTESIAN_POINT('',(8.909993928964,16.006231928964,1.585));
#518 = DIRECTION('',(0.,0.,-1.));
#519 = DIRECTION('',(0.195105068116,0.980782347106,0.));
#520 = ORIENTED_EDGE('',*,*,#521,.T.);
#521 = EDGE_CURVE('',#513,#522,#524,.T.);
#522 = VERTEX_POINT('',#523);
#523 = CARTESIAN_POINT('',(9.008075,5.986725,1.585));
#524 = LINE('',#525,#526);
#525 = CARTESIAN_POINT('',(9.008075,16.025743,1.585));
#526 = VECTOR('',#527,1.);
#527 = DIRECTION('',(0.,-1.,0.));
#528 = ORIENTED_EDGE('',*,*,#529,.T.);
#529 = EDGE_CURVE('',#522,#530,#532,.T.);
#530 = VERTEX_POINT('',#531);
#531 = CARTESIAN_POINT('',(8.929505,5.908155,1.585));
#532 = CIRCLE('',#533,0.100002891901);
#533 = AXIS2_PLACEMENT_3D('',#534,#535,#536);
#534 = CARTESIAN_POINT('',(8.909993928964,6.006236071036,1.585));
#535 = DIRECTION('',(0.,0.,-1.));
#536 = DIRECTION('',(0.980782347106,-0.195105068116,0.));
#537 = ORIENTED_EDGE('',*,*,#538,.T.);
#538 = EDGE_CURVE('',#530,#539,#541,.T.);
#539 = VERTEX_POINT('',#540);
#540 = CARTESIAN_POINT('',(-1.109513,5.908155,1.585));
#541 = LINE('',#542,#543);
#542 = CARTESIAN_POINT('',(8.929505,5.908155,1.585));
#543 = VECTOR('',#544,1.);
#544 = DIRECTION('',(-1.,0.,0.));
#545 = ORIENTED_EDGE('',*,*,#546,.T.);
#546 = EDGE_CURVE('',#539,#547,#549,.T.);
#547 = VERTEX_POINT('',#548);
#548 = CARTESIAN_POINT('',(-1.188083,5.986725,1.585));
#549 = CIRCLE('',#550,0.100002891901);
#550 = AXIS2_PLACEMENT_3D('',#551,#552,#553);
#551 = CARTESIAN_POINT('',(-1.090001928964,6.006236071036,1.585));
#552 = DIRECTION('',(0.,0.,-1.));
#553 = DIRECTION('',(-0.195105068116,-0.980782347106,-0.));
#554 = ORIENTED_EDGE('',*,*,#555,.T.);
#555 = EDGE_CURVE('',#547,#494,#556,.T.);
#556 = LINE('',#557,#558);
#557 = CARTESIAN_POINT('',(-1.188083,5.986725,1.585));
#558 = VECTOR('',#559,1.);
#559 = DIRECTION('',(0.,1.,0.));
#560 = FACE_BOUND('',#561,.F.);
#561 = EDGE_LOOP('',(#562,#572,#580,#588,#596,#604,#613));
#562 = ORIENTED_EDGE('',*,*,#563,.T.);
#563 = EDGE_CURVE('',#564,#566,#568,.T.);
#564 = VERTEX_POINT('',#565);
#565 = CARTESIAN_POINT('',(8.809996,7.256234,1.585));
#566 = VERTEX_POINT('',#567);
#567 = CARTESIAN_POINT('',(8.809996,15.906234,1.585));
#568 = LINE('',#569,#570);
#569 = CARTESIAN_POINT('',(8.809996,7.256234,1.585));
#570 = VECTOR('',#571,1.);
#571 = DIRECTION('',(0.,1.,0.));
#572 = ORIENTED_EDGE('',*,*,#573,.T.);
#573 = EDGE_CURVE('',#566,#574,#576,.T.);
#574 = VERTEX_POINT('',#575);
#575 = CARTESIAN_POINT('',(-0.990004,15.906234,1.585));
#576 = LINE('',#577,#578);
#577 = CARTESIAN_POINT('',(8.809996,15.906234,1.585));
#578 = VECTOR('',#579,1.);
#579 = DIRECTION('',(-1.,0.,0.));
#580 = ORIENTED_EDGE('',*,*,#581,.T.);
#581 = EDGE_CURVE('',#574,#582,#584,.T.);
#582 = VERTEX_POINT('',#583);
#583 = CARTESIAN_POINT('',(-0.990004,6.106234,1.585));
#584 = LINE('',#585,#586);
#585 = CARTESIAN_POINT('',(-0.990004,15.906234,1.585));
#586 = VECTOR('',#587,1.);
#587 = DIRECTION('',(0.,-1.,0.));
#588 = ORIENTED_EDGE('',*,*,#589,.T.);
#589 = EDGE_CURVE('',#582,#590,#592,.T.);
#590 = VERTEX_POINT('',#591);
#591 = CARTESIAN_POINT('',(7.759996,6.106234,1.585));
#592 = LINE('',#593,#594);
#593 = CARTESIAN_POINT('',(-0.990004,6.106234,1.585));
#594 = VECTOR('',#595,1.);
#595 = DIRECTION('',(1.,0.,0.));
#596 = ORIENTED_EDGE('',*,*,#597,.T.);
#597 = EDGE_CURVE('',#590,#598,#600,.T.);
#598 = VERTEX_POINT('',#599);
#599 = CARTESIAN_POINT('',(7.759996,7.206234,1.585));
#600 = LINE('',#601,#602);
#601 = CARTESIAN_POINT('',(7.759996,6.106234,1.585));
#602 = VECTOR('',#603,1.);
#603 = DIRECTION('',(0.,1.,0.));
#604 = ORIENTED_EDGE('',*,*,#605,.T.);
#605 = EDGE_CURVE('',#598,#606,#608,.T.);
#606 = VERTEX_POINT('',#607);
#607 = CARTESIAN_POINT('',(7.809996,7.256234,1.585));
#608 = CIRCLE('',#609,5.000014378935E-02);
#609 = AXIS2_PLACEMENT_3D('',#610,#611,#612);
#610 = CARTESIAN_POINT('',(7.809996143789,7.206233856211,1.585));
#611 = DIRECTION('',(0.,0.,-1.));
#612 = DIRECTION('',(-0.999999999996,2.875774630587E-06,0.));
#613 = ORIENTED_EDGE('',*,*,#614,.T.);
#614 = EDGE_CURVE('',#606,#564,#615,.T.);
#615 = LINE('',#616,#617);
#616 = CARTESIAN_POINT('',(7.809996,7.256234,1.585));
#617 = VECTOR('',#618,1.);
#618 = DIRECTION('',(1.,0.,0.));
#619 = FACE_BOUND('',#620,.F.);
#620 = EDGE_LOOP('',(#621,#631,#639,#647));
#621 = ORIENTED_EDGE('',*,*,#622,.T.);
#622 = EDGE_CURVE('',#623,#625,#627,.T.);
#623 = VERTEX_POINT('',#624);
#624 = CARTESIAN_POINT('',(8.809996,6.106234,1.585));
#625 = VERTEX_POINT('',#626);
#626 = CARTESIAN_POINT('',(8.809996,7.156234,1.585));
#627 = LINE('',#628,#629);
#628 = CARTESIAN_POINT('',(8.809996,6.106234,1.585));
#629 = VECTOR('',#630,1.);
#630 = DIRECTION('',(0.,1.,0.));
#631 = ORIENTED_EDGE('',*,*,#632,.T.);
#632 = EDGE_CURVE('',#625,#633,#635,.T.);
#633 = VERTEX_POINT('',#634);
#634 = CARTESIAN_POINT('',(7.859996,7.156234,1.585));
#635 = LINE('',#636,#637);
#636 = CARTESIAN_POINT('',(8.809996,7.156234,1.585));
#637 = VECTOR('',#638,1.);
#638 = DIRECTION('',(-1.,0.,0.));
#639 = ORIENTED_EDGE('',*,*,#640,.T.);
#640 = EDGE_CURVE('',#633,#641,#643,.T.);
#641 = VERTEX_POINT('',#642);
#642 = CARTESIAN_POINT('',(7.859996,6.106234,1.585));
#643 = LINE('',#644,#645);
#644 = CARTESIAN_POINT('',(7.859996,7.156234,1.585));
#645 = VECTOR('',#646,1.);
#646 = DIRECTION('',(0.,-1.,0.));
#647 = ORIENTED_EDGE('',*,*,#648,.T.);
#648 = EDGE_CURVE('',#641,#623,#649,.T.);
#649 = LINE('',#650,#651);
#650 = CARTESIAN_POINT('',(7.859996,6.106234,1.585));
#651 = VECTOR('',#652,1.);
#652 = DIRECTION('',(1.,0.,0.));
#653 = PLANE('',#654);
#654 = AXIS2_PLACEMENT_3D('',#655,#656,#657);
#655 = CARTESIAN_POINT('',(0.,0.,1.585));
#656 = DIRECTION('',(0.,0.,1.));
#657 = DIRECTION('',(1.,0.,-0.));
#658 = SHELL_BASED_SURFACE_MODEL('',(#659));
#659 = OPEN_SHELL('',(#660));
#660 = ADVANCED_FACE('',(#661,#731,#765),#824,.T.);
#661 = FACE_BOUND('',#662,.F.);
#662 = EDGE_LOOP('',(#663,#674,#682,#691,#699,#708,#716,#725));
#663 = ORIENTED_EDGE('',*,*,#664,.T.);
#664 = EDGE_CURVE('',#665,#667,#669,.T.);
#665 = VERTEX_POINT('',#666);
#666 = CARTESIAN_POINT('',(42.89192,16.125708,1.585));
#667 = VERTEX_POINT('',#668);
#668 = CARTESIAN_POINT('',(42.97049,16.204278,1.585));
#669 = CIRCLE('',#670,0.100002891901);
#670 = AXIS2_PLACEMENT_3D('',#671,#672,#673);
#671 = CARTESIAN_POINT('',(42.990001071036,16.106196928964,1.585));
#672 = DIRECTION('',(0.,0.,-1.));
#673 = DIRECTION('',(-0.980782347106,0.195105068116,0.));
#674 = ORIENTED_EDGE('',*,*,#675,.T.);
#675 = EDGE_CURVE('',#667,#676,#678,.T.);
#676 = VERTEX_POINT('',#677);
#677 = CARTESIAN_POINT('',(53.009508,16.204278,1.585));
#678 = LINE('',#679,#680);
#679 = CARTESIAN_POINT('',(42.97049,16.204278,1.585));
#680 = VECTOR('',#681,1.);
#681 = DIRECTION('',(1.,0.,0.));
#682 = ORIENTED_EDGE('',*,*,#683,.T.);
#683 = EDGE_CURVE('',#676,#684,#686,.T.);
#684 = VERTEX_POINT('',#685);
#685 = CARTESIAN_POINT('',(53.088078,16.125708,1.585));
#686 = CIRCLE('',#687,0.100002891901);
#687 = AXIS2_PLACEMENT_3D('',#688,#689,#690);
#688 = CARTESIAN_POINT('',(52.989996928964,16.106196928964,1.585));
#689 = DIRECTION('',(0.,0.,-1.));
#690 = DIRECTION('',(0.195105068116,0.980782347106,0.));
#691 = ORIENTED_EDGE('',*,*,#692,.T.);
#692 = EDGE_CURVE('',#684,#693,#695,.T.);
#693 = VERTEX_POINT('',#694);
#694 = CARTESIAN_POINT('',(53.088078,6.08669,1.585));
#695 = LINE('',#696,#697);
#696 = CARTESIAN_POINT('',(53.088078,16.125708,1.585));
#697 = VECTOR('',#698,1.);
#698 = DIRECTION('',(0.,-1.,0.));
#699 = ORIENTED_EDGE('',*,*,#700,.T.);
#700 = EDGE_CURVE('',#693,#701,#703,.T.);
#701 = VERTEX_POINT('',#702);
#702 = CARTESIAN_POINT('',(53.009508,6.00812,1.585));
#703 = CIRCLE('',#704,0.100002891901);
#704 = AXIS2_PLACEMENT_3D('',#705,#706,#707);
#705 = CARTESIAN_POINT('',(52.989996928964,6.106201071036,1.585));
#706 = DIRECTION('',(0.,0.,-1.));
#707 = DIRECTION('',(0.980782347106,-0.195105068116,0.));
#708 = ORIENTED_EDGE('',*,*,#709,.T.);
#709 = EDGE_CURVE('',#701,#710,#712,.T.);
#710 = VERTEX_POINT('',#711);
#711 = CARTESIAN_POINT('',(42.97049,6.00812,1.585));
#712 = LINE('',#713,#714);
#713 = CARTESIAN_POINT('',(53.009508,6.00812,1.585));
#714 = VECTOR('',#715,1.);
#715 = DIRECTION('',(-1.,0.,0.));
#716 = ORIENTED_EDGE('',*,*,#717,.T.);
#717 = EDGE_CURVE('',#710,#718,#720,.T.);
#718 = VERTEX_POINT('',#719);
#719 = CARTESIAN_POINT('',(42.89192,6.08669,1.585));
#720 = CIRCLE('',#721,0.100002891901);
#721 = AXIS2_PLACEMENT_3D('',#722,#723,#724);
#722 = CARTESIAN_POINT('',(42.990001071036,6.106201071036,1.585));
#723 = DIRECTION('',(0.,0.,-1.));
#724 = DIRECTION('',(-0.195105068116,-0.980782347106,-0.));
#725 = ORIENTED_EDGE('',*,*,#726,.T.);
#726 = EDGE_CURVE('',#718,#665,#727,.T.);
#727 = LINE('',#728,#729);
#728 = CARTESIAN_POINT('',(42.89192,6.08669,1.585));
#729 = VECTOR('',#730,1.);
#730 = DIRECTION('',(0.,1.,0.));
#731 = FACE_BOUND('',#732,.F.);
#732 = EDGE_LOOP('',(#733,#743,#751,#759));
#733 = ORIENTED_EDGE('',*,*,#734,.T.);
#734 = EDGE_CURVE('',#735,#737,#739,.T.);
#735 = VERTEX_POINT('',#736);
#736 = CARTESIAN_POINT('',(44.139999,6.206199,1.585));
#737 = VERTEX_POINT('',#738);
#738 = CARTESIAN_POINT('',(44.139999,7.156199,1.585));
#739 = LINE('',#740,#741);
#740 = CARTESIAN_POINT('',(44.139999,6.206199,1.585));
#741 = VECTOR('',#742,1.);
#742 = DIRECTION('',(0.,1.,0.));
#743 = ORIENTED_EDGE('',*,*,#744,.T.);
#744 = EDGE_CURVE('',#737,#745,#747,.T.);
#745 = VERTEX_POINT('',#746);
#746 = CARTESIAN_POINT('',(43.089999,7.156199,1.585));
#747 = LINE('',#748,#749);
#748 = CARTESIAN_POINT('',(44.139999,7.156199,1.585));
#749 = VECTOR('',#750,1.);
#750 = DIRECTION('',(-1.,0.,0.));
#751 = ORIENTED_EDGE('',*,*,#752,.T.);
#752 = EDGE_CURVE('',#745,#753,#755,.T.);
#753 = VERTEX_POINT('',#754);
#754 = CARTESIAN_POINT('',(43.089999,6.206199,1.585));
#755 = LINE('',#756,#757);
#756 = CARTESIAN_POINT('',(43.089999,7.156199,1.585));
#757 = VECTOR('',#758,1.);
#758 = DIRECTION('',(0.,-1.,0.));
#759 = ORIENTED_EDGE('',*,*,#760,.T.);
#760 = EDGE_CURVE('',#753,#735,#761,.T.);
#761 = LINE('',#762,#763);
#762 = CARTESIAN_POINT('',(43.089999,6.206199,1.585));
#763 = VECTOR('',#764,1.);
#764 = DIRECTION('',(1.,0.,0.));
#765 = FACE_BOUND('',#766,.F.);
#766 = EDGE_LOOP('',(#767,#777,#785,#793,#801,#810,#818));
#767 = ORIENTED_EDGE('',*,*,#768,.T.);
#768 = EDGE_CURVE('',#769,#771,#773,.T.);
#769 = VERTEX_POINT('',#770);
#770 = CARTESIAN_POINT('',(52.889999,6.206199,1.585));
#771 = VERTEX_POINT('',#772);
#772 = CARTESIAN_POINT('',(52.889999,16.006199,1.585));
#773 = LINE('',#774,#775);
#774 = CARTESIAN_POINT('',(52.889999,6.206199,1.585));
#775 = VECTOR('',#776,1.);
#776 = DIRECTION('',(0.,1.,0.));
#777 = ORIENTED_EDGE('',*,*,#778,.T.);
#778 = EDGE_CURVE('',#771,#779,#781,.T.);
#779 = VERTEX_POINT('',#780);
#780 = CARTESIAN_POINT('',(43.089999,16.006199,1.585));
#781 = LINE('',#782,#783);
#782 = CARTESIAN_POINT('',(52.889999,16.006199,1.585));
#783 = VECTOR('',#784,1.);
#784 = DIRECTION('',(-1.,0.,0.));
#785 = ORIENTED_EDGE('',*,*,#786,.T.);
#786 = EDGE_CURVE('',#779,#787,#789,.T.);
#787 = VERTEX_POINT('',#788);
#788 = CARTESIAN_POINT('',(43.089999,7.256199,1.585));
#789 = LINE('',#790,#791);
#790 = CARTESIAN_POINT('',(43.089999,16.006199,1.585));
#791 = VECTOR('',#792,1.);
#792 = DIRECTION('',(0.,-1.,0.));
#793 = ORIENTED_EDGE('',*,*,#794,.T.);
#794 = EDGE_CURVE('',#787,#795,#797,.T.);
#795 = VERTEX_POINT('',#796);
#796 = CARTESIAN_POINT('',(44.189999,7.256199,1.585));
#797 = LINE('',#798,#799);
#798 = CARTESIAN_POINT('',(43.089999,7.256199,1.585));
#799 = VECTOR('',#800,1.);
#800 = DIRECTION('',(1.,0.,0.));
#801 = ORIENTED_EDGE('',*,*,#802,.T.);
#802 = EDGE_CURVE('',#795,#803,#805,.T.);
#803 = VERTEX_POINT('',#804);
#804 = CARTESIAN_POINT('',(44.239999,7.206199,1.585));
#805 = CIRCLE('',#806,5.000014378934E-02);
#806 = AXIS2_PLACEMENT_3D('',#807,#808,#809);
#807 = CARTESIAN_POINT('',(44.189998856211,7.206198856211,1.585));
#808 = DIRECTION('',(0.,0.,-1.));
#809 = DIRECTION('',(2.875774470716E-06,0.999999999996,0.));
#810 = ORIENTED_EDGE('',*,*,#811,.T.);
#811 = EDGE_CURVE('',#803,#812,#814,.T.);
#812 = VERTEX_POINT('',#813);
#813 = CARTESIAN_POINT('',(44.239999,6.206199,1.585));
#814 = LINE('',#815,#816);
#815 = CARTESIAN_POINT('',(44.239999,7.206199,1.585));
#816 = VECTOR('',#817,1.);
#817 = DIRECTION('',(0.,-1.,0.));
#818 = ORIENTED_EDGE('',*,*,#819,.T.);
#819 = EDGE_CURVE('',#812,#769,#820,.T.);
#820 = LINE('',#821,#822);
#821 = CARTESIAN_POINT('',(44.239999,6.206199,1.585));
#822 = VECTOR('',#823,1.);
#823 = DIRECTION('',(1.,0.,0.));
#824 = PLANE('',#825);
#825 = AXIS2_PLACEMENT_3D('',#826,#827,#828);
#826 = CARTESIAN_POINT('',(0.,0.,1.585));
#827 = DIRECTION('',(0.,0.,1.));
#828 = DIRECTION('',(1.,0.,-0.));
#829 = SHELL_BASED_SURFACE_MODEL('',(#830));
#830 = OPEN_SHELL('',(#831));
#831 = ADVANCED_FACE('',(#832),#973,.T.);
#832 = FACE_BOUND('',#833,.F.);
#833 = EDGE_LOOP('',(#834,#844,#852,#860,#868,#876,#884,#893,#901,#910,
    #918,#926,#934,#942,#951,#959,#967));
#834 = ORIENTED_EDGE('',*,*,#835,.T.);
#835 = EDGE_CURVE('',#836,#838,#840,.T.);
#836 = VERTEX_POINT('',#837);
#837 = CARTESIAN_POINT('',(-1.736448,15.944973,1.585));
#838 = VERTEX_POINT('',#839);
#839 = CARTESIAN_POINT('',(-1.71398,15.963432,1.585));
#840 = LINE('',#841,#842);
#841 = CARTESIAN_POINT('',(-1.736448,15.944973,1.585));
#842 = VECTOR('',#843,1.);
#843 = DIRECTION('',(0.772673239458,0.634803957947,0.));
#844 = ORIENTED_EDGE('',*,*,#845,.T.);
#845 = EDGE_CURVE('',#838,#846,#848,.T.);
#846 = VERTEX_POINT('',#847);
#847 = CARTESIAN_POINT('',(-1.680858,15.963432,1.585));
#848 = LINE('',#849,#850);
#849 = CARTESIAN_POINT('',(-1.71398,15.963432,1.585));
#850 = VECTOR('',#851,1.);
#851 = DIRECTION('',(1.,0.,0.));
#852 = ORIENTED_EDGE('',*,*,#853,.T.);
#853 = EDGE_CURVE('',#846,#854,#856,.T.);
#854 = VERTEX_POINT('',#855);
#855 = CARTESIAN_POINT('',(-1.653302,15.94506,1.585));
#856 = LINE('',#857,#858);
#857 = CARTESIAN_POINT('',(-1.680858,15.963432,1.585));
#858 = VECTOR('',#859,1.);
#859 = DIRECTION('',(0.832031712817,-0.554728067495,0.));
#860 = ORIENTED_EDGE('',*,*,#861,.T.);
#861 = EDGE_CURVE('',#854,#862,#864,.T.);
#862 = VERTEX_POINT('',#863);
#863 = CARTESIAN_POINT('',(-1.644846,15.917238,1.585));
#864 = LINE('',#865,#866);
#865 = CARTESIAN_POINT('',(-1.653302,15.94506,1.585));
#866 = VECTOR('',#867,1.);
#867 = DIRECTION('',(0.290797589612,-0.956784595338,0.));
#868 = ORIENTED_EDGE('',*,*,#869,.T.);
#869 = EDGE_CURVE('',#862,#870,#872,.T.);
#870 = VERTEX_POINT('',#871);
#871 = CARTESIAN_POINT('',(-1.644846,14.967238,1.585));
#872 = LINE('',#873,#874);
#873 = CARTESIAN_POINT('',(-1.644846,15.917238,1.585));
#874 = VECTOR('',#875,1.);
#875 = DIRECTION('',(0.,-1.,0.));
#876 = ORIENTED_EDGE('',*,*,#877,.T.);
#877 = EDGE_CURVE('',#870,#878,#880,.T.);
#878 = VERTEX_POINT('',#879);
#879 = CARTESIAN_POINT('',(-1.409132,14.967238,1.585));
#880 = LINE('',#881,#882);
#881 = CARTESIAN_POINT('',(-1.644846,14.967238,1.585));
#882 = VECTOR('',#883,1.);
#883 = DIRECTION('',(1.,0.,0.));
#884 = ORIENTED_EDGE('',*,*,#885,.T.);
#885 = EDGE_CURVE('',#878,#886,#888,.T.);
#886 = VERTEX_POINT('',#887);
#887 = CARTESIAN_POINT('',(-1.409132,14.867238,1.585));
#888 = CIRCLE('',#889,5.000000000002E-02);
#889 = AXIS2_PLACEMENT_3D('',#890,#891,#892);
#890 = CARTESIAN_POINT('',(-1.409132047712,14.917238,1.585));
#891 = DIRECTION('',(0.,0.,-1.));
#892 = DIRECTION('',(9.542364853838E-07,1.,0.));
#893 = ORIENTED_EDGE('',*,*,#894,.T.);
#894 = EDGE_CURVE('',#886,#895,#897,.T.);
#895 = VERTEX_POINT('',#896);
#896 = CARTESIAN_POINT('',(-1.98056,14.867238,1.585));
#897 = LINE('',#898,#899);
#898 = CARTESIAN_POINT('',(-1.409132,14.867238,1.585));
#899 = VECTOR('',#900,1.);
#900 = DIRECTION('',(-1.,0.,0.));
#901 = ORIENTED_EDGE('',*,*,#902,.T.);
#902 = EDGE_CURVE('',#895,#903,#905,.T.);
#903 = VERTEX_POINT('',#904);
#904 = CARTESIAN_POINT('',(-1.98056,14.967238,1.585));
#905 = CIRCLE('',#906,5.000000000002E-02);
#906 = AXIS2_PLACEMENT_3D('',#907,#908,#909);
#907 = CARTESIAN_POINT('',(-1.980559952288,14.917238,1.585));
#908 = DIRECTION('',(0.,0.,-1.));
#909 = DIRECTION('',(-9.542364720612E-07,-1.,-0.));
#910 = ORIENTED_EDGE('',*,*,#911,.T.);
#911 = EDGE_CURVE('',#903,#912,#914,.T.);
#912 = VERTEX_POINT('',#913);
#913 = CARTESIAN_POINT('',(-1.744846,14.967238,1.585));
#914 = LINE('',#915,#916);
#915 = CARTESIAN_POINT('',(-1.98056,14.967238,1.585));
#916 = VECTOR('',#917,1.);
#917 = DIRECTION('',(1.,0.,0.));
#918 = ORIENTED_EDGE('',*,*,#919,.T.);
#919 = EDGE_CURVE('',#912,#920,#922,.T.);
#920 = VERTEX_POINT('',#921);
#921 = CARTESIAN_POINT('',(-1.744846,15.752099,1.585));
#922 = LINE('',#923,#924);
#923 = CARTESIAN_POINT('',(-1.744846,14.967238,1.585));
#924 = VECTOR('',#925,1.);
#925 = DIRECTION('',(0.,1.,0.));
#926 = ORIENTED_EDGE('',*,*,#927,.T.);
#927 = EDGE_CURVE('',#920,#928,#930,.T.);
#928 = VERTEX_POINT('',#929);
#929 = CARTESIAN_POINT('',(-1.862962,15.634421,1.585));
#930 = LINE('',#931,#932);
#931 = CARTESIAN_POINT('',(-1.744846,15.752099,1.585));
#932 = VECTOR('',#933,1.);
#933 = DIRECTION('',(-0.708419047752,-0.705792074752,0.));
#934 = ORIENTED_EDGE('',*,*,#935,.T.);
#935 = EDGE_CURVE('',#928,#936,#938,.T.);
#936 = VERTEX_POINT('',#937);
#937 = CARTESIAN_POINT('',(-1.958199,15.586803,1.585));
#938 = LINE('',#939,#940);
#939 = CARTESIAN_POINT('',(-1.862962,15.634421,1.585));
#940 = VECTOR('',#941,1.);
#941 = DIRECTION('',(-0.894429069315,-0.447209838851,0.));
#942 = ORIENTED_EDGE('',*,*,#943,.T.);
#943 = EDGE_CURVE('',#936,#944,#946,.T.);
#944 = VERTEX_POINT('',#945);
#945 = CARTESIAN_POINT('',(-2.002921,15.676245,1.585));
#946 = CIRCLE('',#947,4.999982162111E-02);
#947 = AXIS2_PLACEMENT_3D('',#948,#949,#950);
#948 = CARTESIAN_POINT('',(-1.98056033852,15.631523830736,1.585));
#949 = DIRECTION('',(0.,0.,-1.));
#950 = DIRECTION('',(0.447228365916,-0.89441980564,0.));
#951 = ORIENTED_EDGE('',*,*,#952,.T.);
#952 = EDGE_CURVE('',#944,#953,#955,.T.);
#953 = VERTEX_POINT('',#954);
#954 = CARTESIAN_POINT('',(-1.914939,15.720236,1.585));
#955 = LINE('',#956,#957);
#956 = CARTESIAN_POINT('',(-2.002921,15.676245,1.585));
#957 = VECTOR('',#958,1.);
#958 = DIRECTION('',(0.894427191,0.4472135955,0.));
#959 = ORIENTED_EDGE('',*,*,#960,.T.);
#960 = EDGE_CURVE('',#953,#961,#963,.T.);
#961 = VERTEX_POINT('',#962);
#962 = CARTESIAN_POINT('',(-1.828943,15.806233,1.585));
#963 = LINE('',#964,#965);
#964 = CARTESIAN_POINT('',(-1.914939,15.720236,1.585));
#965 = VECTOR('',#966,1.);
#966 = DIRECTION('',(0.707102669921,0.707110892428,0.));
#967 = ORIENTED_EDGE('',*,*,#968,.T.);
#968 = EDGE_CURVE('',#961,#836,#969,.T.);
#969 = LINE('',#970,#971);
#970 = CARTESIAN_POINT('',(-1.828943,15.806233,1.585));
#971 = VECTOR('',#972,1.);
#972 = DIRECTION('',(0.554707116004,0.832045681111,0.));
#973 = PLANE('',#974);
#974 = AXIS2_PLACEMENT_3D('',#975,#976,#977);
#975 = CARTESIAN_POINT('',(0.,0.,1.585));
#976 = DIRECTION('',(0.,0.,1.));
#977 = DIRECTION('',(1.,0.,-0.));
#978 = SHELL_BASED_SURFACE_MODEL('',(#979));
#979 = OPEN_SHELL('',(#980));
#980 = ADVANCED_FACE('',(#981),#1050,.T.);
#981 = FACE_BOUND('',#982,.F.);
#982 = EDGE_LOOP('',(#983,#994,#1002,#1011,#1019,#1027,#1036,#1044));
#983 = ORIENTED_EDGE('',*,*,#984,.T.);
#984 = EDGE_CURVE('',#985,#987,#989,.T.);
#985 = VERTEX_POINT('',#986);
#986 = CARTESIAN_POINT('',(-2.837703,15.867238,1.585));
#987 = VERTEX_POINT('',#988);
#988 = CARTESIAN_POINT('',(-2.837703,15.967238,1.585));
#989 = CIRCLE('',#990,5.000000000002E-02);
#990 = AXIS2_PLACEMENT_3D('',#991,#992,#993);
#991 = CARTESIAN_POINT('',(-2.837702952288,15.917238,1.585));
#992 = DIRECTION('',(0.,0.,-1.));
#993 = DIRECTION('',(-9.542364587385E-07,-1.,-0.));
#994 = ORIENTED_EDGE('',*,*,#995,.T.);
#995 = EDGE_CURVE('',#987,#996,#998,.T.);
#996 = VERTEX_POINT('',#997);
#997 = CARTESIAN_POINT('',(-2.266275,15.967238,1.585));
#998 = LINE('',#999,#1000);
#999 = CARTESIAN_POINT('',(-2.837703,15.967238,1.585));
#1000 = VECTOR('',#1001,1.);
#1001 = DIRECTION('',(1.,0.,0.));
#1002 = ORIENTED_EDGE('',*,*,#1003,.T.);
#1003 = EDGE_CURVE('',#996,#1004,#1006,.T.);
#1004 = VERTEX_POINT('',#1005);
#1005 = CARTESIAN_POINT('',(-2.266275,15.867238,1.585));
#1006 = CIRCLE('',#1007,5.000000000002E-02);
#1007 = AXIS2_PLACEMENT_3D('',#1008,#1009,#1010);
#1008 = CARTESIAN_POINT('',(-2.266275047712,15.917238,1.585));
#1009 = DIRECTION('',(0.,0.,-1.));
#1010 = DIRECTION('',(9.542364853838E-07,1.,0.));
#1011 = ORIENTED_EDGE('',*,*,#1012,.T.);
#1012 = EDGE_CURVE('',#1004,#1013,#1015,.T.);
#1013 = VERTEX_POINT('',#1014);
#1014 = CARTESIAN_POINT('',(-2.501989,15.867238,1.585));
#1015 = LINE('',#1016,#1017);
#1016 = CARTESIAN_POINT('',(-2.266275,15.867238,1.585));
#1017 = VECTOR('',#1018,1.);
#1018 = DIRECTION('',(-1.,0.,0.));
#1019 = ORIENTED_EDGE('',*,*,#1020,.T.);
#1020 = EDGE_CURVE('',#1013,#1021,#1023,.T.);
#1021 = VERTEX_POINT('',#1022);
#1022 = CARTESIAN_POINT('',(-2.501989,14.917238,1.585));
#1023 = LINE('',#1024,#1025);
#1024 = CARTESIAN_POINT('',(-2.501989,15.867238,1.585));
#1025 = VECTOR('',#1026,1.);
#1026 = DIRECTION('',(0.,-1.,0.));
#1027 = ORIENTED_EDGE('',*,*,#1028,.T.);
#1028 = EDGE_CURVE('',#1021,#1029,#1031,.T.);
#1029 = VERTEX_POINT('',#1030);
#1030 = CARTESIAN_POINT('',(-2.601989,14.917238,1.585));
#1031 = CIRCLE('',#1032,5.000000000002E-02);
#1032 = AXIS2_PLACEMENT_3D('',#1033,#1034,#1035);
#1033 = CARTESIAN_POINT('',(-2.551989,14.917238047712,1.585));
#1034 = DIRECTION('',(-0.,0.,-1.));
#1035 = DIRECTION('',(1.,-9.542364765021E-07,-0.));
#1036 = ORIENTED_EDGE('',*,*,#1037,.T.);
#1037 = EDGE_CURVE('',#1029,#1038,#1040,.T.);
#1038 = VERTEX_POINT('',#1039);
#1039 = CARTESIAN_POINT('',(-2.601989,15.867238,1.585));
#1040 = LINE('',#1041,#1042);
#1041 = CARTESIAN_POINT('',(-2.601989,14.917238,1.585));
#1042 = VECTOR('',#1043,1.);
#1043 = DIRECTION('',(0.,1.,0.));
#1044 = ORIENTED_EDGE('',*,*,#1045,.T.);
#1045 = EDGE_CURVE('',#1038,#985,#1046,.T.);
#1046 = LINE('',#1047,#1048);
#1047 = CARTESIAN_POINT('',(-2.601989,15.867238,1.585));
#1048 = VECTOR('',#1049,1.);
#1049 = DIRECTION('',(-1.,0.,0.));
#1050 = PLANE('',#1051);
#1051 = AXIS2_PLACEMENT_3D('',#1052,#1053,#1054);
#1052 = CARTESIAN_POINT('',(0.,0.,1.585));
#1053 = DIRECTION('',(0.,0.,1.));
#1054 = DIRECTION('',(1.,0.,-0.));
#1055 = SHELL_BASED_SURFACE_MODEL('',(#1056));
#1056 = OPEN_SHELL('',(#1057));
#1057 = ADVANCED_FACE('',(#1058),#1258,.T.);
#1058 = FACE_BOUND('',#1059,.F.);
#1059 = EDGE_LOOP('',(#1060,#1071,#1079,#1087,#1095,#1103,#1111,#1119,
    #1127,#1136,#1144,#1153,#1161,#1170,#1178,#1187,#1195,#1204,#1212,
    #1220,#1228,#1236,#1244,#1252));
#1060 = ORIENTED_EDGE('',*,*,#1061,.T.);
#1061 = EDGE_CURVE('',#1062,#1064,#1066,.T.);
#1062 = VERTEX_POINT('',#1063);
#1063 = CARTESIAN_POINT('',(54.311821,16.077238,1.585));
#1064 = VERTEX_POINT('',#1065);
#1065 = CARTESIAN_POINT('',(54.311821,16.177238,1.585));
#1066 = CIRCLE('',#1067,5.000000000002E-02);
#1067 = AXIS2_PLACEMENT_3D('',#1068,#1069,#1070);
#1068 = CARTESIAN_POINT('',(54.311821047712,16.127238,1.585));
#1069 = DIRECTION('',(0.,0.,-1.));
#1070 = DIRECTION('',(-9.542364409749E-07,-1.,-0.));
#1071 = ORIENTED_EDGE('',*,*,#1072,.T.);
#1072 = EDGE_CURVE('',#1064,#1073,#1075,.T.);
#1073 = VERTEX_POINT('',#1074);
#1074 = CARTESIAN_POINT('',(54.944814,16.174464,1.585));
#1075 = LINE('',#1076,#1077);
#1076 = CARTESIAN_POINT('',(54.311821,16.177238,1.585));
#1077 = VECTOR('',#1078,1.);
#1078 = DIRECTION('',(0.999990397621,-4.382312858119E-03,0.));
#1079 = ORIENTED_EDGE('',*,*,#1080,.T.);
#1080 = EDGE_CURVE('',#1073,#1081,#1083,.T.);
#1081 = VERTEX_POINT('',#1082);
#1082 = CARTESIAN_POINT('',(54.977062,16.146372,1.585));
#1083 = LINE('',#1084,#1085);
#1084 = CARTESIAN_POINT('',(54.944814,16.174464,1.585));
#1085 = VECTOR('',#1086,1.);
#1086 = DIRECTION('',(0.754023317734,-0.656847650763,0.));
#1087 = ORIENTED_EDGE('',*,*,#1088,.T.);
#1088 = EDGE_CURVE('',#1081,#1089,#1091,.T.);
#1089 = VERTEX_POINT('',#1090);
#1090 = CARTESIAN_POINT('',(54.975591,16.106634,1.585));
#1091 = LINE('',#1092,#1093);
#1092 = CARTESIAN_POINT('',(54.977062,16.146372,1.585));
#1093 = VECTOR('',#1094,1.);
#1094 = DIRECTION('',(-3.699212804727E-02,-0.999315557,0.));
#1095 = ORIENTED_EDGE('',*,*,#1096,.T.);
#1096 = EDGE_CURVE('',#1089,#1097,#1099,.T.);
#1097 = VERTEX_POINT('',#1098);
#1098 = CARTESIAN_POINT('',(54.707723,15.796286,1.585));
#1099 = LINE('',#1100,#1101);
#1100 = CARTESIAN_POINT('',(54.975591,16.106634,1.585));
#1101 = VECTOR('',#1102,1.);
#1102 = DIRECTION('',(-0.653396551093,-0.757015816889,0.));
#1103 = ORIENTED_EDGE('',*,*,#1104,.T.);
#1104 = EDGE_CURVE('',#1097,#1105,#1107,.T.);
#1105 = VERTEX_POINT('',#1106);
#1106 = CARTESIAN_POINT('',(54.759526,15.79248,1.585));
#1107 = LINE('',#1108,#1109);
#1108 = CARTESIAN_POINT('',(54.707723,15.796286,1.585));
#1109 = VECTOR('',#1110,1.);
#1110 = DIRECTION('',(0.997311909634,-7.327315267583E-02,0.));
#1111 = ORIENTED_EDGE('',*,*,#1112,.T.);
#1112 = EDGE_CURVE('',#1105,#1113,#1115,.T.);
#1113 = VERTEX_POINT('',#1114);
#1114 = CARTESIAN_POINT('',(54.870985,15.734022,1.585));
#1115 = LINE('',#1116,#1117);
#1116 = CARTESIAN_POINT('',(54.759526,15.79248,1.585));
#1117 = VECTOR('',#1118,1.);
#1118 = DIRECTION('',(0.885587409554,-0.464472754894,0.));
#1119 = ORIENTED_EDGE('',*,*,#1120,.T.);
#1120 = EDGE_CURVE('',#1113,#1121,#1123,.T.);
#1121 = VERTEX_POINT('',#1122);
#1122 = CARTESIAN_POINT('',(54.92797,15.673409,1.585));
#1123 = LINE('',#1124,#1125);
#1124 = CARTESIAN_POINT('',(54.870985,15.734022,1.585));
#1125 = VECTOR('',#1126,1.);
#1126 = DIRECTION('',(0.68496603593,-0.728574999312,0.));
#1127 = ORIENTED_EDGE('',*,*,#1128,.T.);
#1128 = EDGE_CURVE('',#1121,#1129,#1131,.T.);
#1129 = VERTEX_POINT('',#1130);
#1130 = CARTESIAN_POINT('',(54.918605,15.187122,1.585));
#1131 = CIRCLE('',#1132,0.42989777466);
#1132 = AXIS2_PLACEMENT_3D('',#1133,#1134,#1135);
#1133 = CARTESIAN_POINT('',(54.568851584965,15.437091288771,1.585));
#1134 = DIRECTION('',(0.,0.,-1.));
#1135 = DIRECTION('',(0.835357697115,0.549706756253,0.));
#1136 = ORIENTED_EDGE('',*,*,#1137,.T.);
#1137 = EDGE_CURVE('',#1129,#1138,#1140,.T.);
#1138 = VERTEX_POINT('',#1139);
#1139 = CARTESIAN_POINT('',(54.85799,15.130135,1.585));
#1140 = LINE('',#1141,#1142);
#1141 = CARTESIAN_POINT('',(54.918605,15.187122,1.585));
#1142 = VECTOR('',#1143,1.);
#1143 = DIRECTION('',(-0.728574281239,-0.684966799719,0.));
#1144 = ORIENTED_EDGE('',*,*,#1145,.T.);
#1145 = EDGE_CURVE('',#1138,#1146,#1148,.T.);
#1146 = VERTEX_POINT('',#1147);
#1147 = CARTESIAN_POINT('',(54.324084,15.139502,1.585));
#1148 = CIRCLE('',#1149,0.484201554455);
#1149 = AXIS2_PLACEMENT_3D('',#1150,#1151,#1152);
#1150 = CARTESIAN_POINT('',(54.598122700647,15.538693602974,1.585));
#1151 = DIRECTION('',(-0.,0.,-1.));
#1152 = DIRECTION('',(0.536692410345,-0.843777966457,-0.));
#1153 = ORIENTED_EDGE('',*,*,#1154,.T.);
#1154 = EDGE_CURVE('',#1146,#1155,#1157,.T.);
#1155 = VERTEX_POINT('',#1156);
#1156 = CARTESIAN_POINT('',(54.265627,15.203343,1.585));
#1157 = LINE('',#1158,#1159);
#1158 = CARTESIAN_POINT('',(54.324084,15.139502,1.585));
#1159 = VECTOR('',#1160,1.);
#1160 = DIRECTION('',(-0.675323286832,0.737521835787,0.));
#1161 = ORIENTED_EDGE('',*,*,#1162,.T.);
#1162 = EDGE_CURVE('',#1155,#1163,#1165,.T.);
#1163 = VERTEX_POINT('',#1164);
#1164 = CARTESIAN_POINT('',(54.330956,15.268671,1.585));
#1165 = CIRCLE('',#1166,4.999995592928E-02);
#1166 = AXIS2_PLACEMENT_3D('',#1167,#1168,#1169);
#1167 = CARTESIAN_POINT('',(54.311820792902,15.2224775,1.585));
#1168 = DIRECTION('',(0.,0.,-1.));
#1169 = DIRECTION('',(-0.92387667236,-0.382690337309,-0.));
#1170 = ORIENTED_EDGE('',*,*,#1171,.T.);
#1171 = EDGE_CURVE('',#1163,#1172,#1174,.T.);
#1172 = VERTEX_POINT('',#1173);
#1173 = CARTESIAN_POINT('',(54.389059,15.215949,1.585));
#1174 = LINE('',#1175,#1176);
#1175 = CARTESIAN_POINT('',(54.330956,15.268671,1.585));
#1176 = VECTOR('',#1177,1.);
#1177 = DIRECTION('',(0.740567235323,-0.671982269086,0.));
#1178 = ORIENTED_EDGE('',*,*,#1179,.T.);
#1179 = EDGE_CURVE('',#1172,#1180,#1182,.T.);
#1180 = VERTEX_POINT('',#1181);
#1181 = CARTESIAN_POINT('',(54.80601,15.215949,1.585));
#1182 = CIRCLE('',#1183,0.382067104129);
#1183 = AXIS2_PLACEMENT_3D('',#1184,#1185,#1186);
#1184 = CARTESIAN_POINT('',(54.5975345,15.53612588542,1.585));
#1185 = DIRECTION('',(0.,0.,1.));
#1186 = DIRECTION('',(-0.545651530181,-0.83801217629,0.));
#1187 = ORIENTED_EDGE('',*,*,#1188,.T.);
#1188 = EDGE_CURVE('',#1180,#1189,#1191,.T.);
#1189 = VERTEX_POINT('',#1190);
#1190 = CARTESIAN_POINT('',(54.842156,15.252096,1.585));
#1191 = LINE('',#1192,#1193);
#1192 = CARTESIAN_POINT('',(54.80601,15.215949,1.585));
#1193 = VECTOR('',#1194,1.);
#1194 = DIRECTION('',(0.707096999995,0.707116562243,0.));
#1195 = ORIENTED_EDGE('',*,*,#1196,.T.);
#1196 = EDGE_CURVE('',#1189,#1197,#1199,.T.);
#1197 = VERTEX_POINT('',#1198);
#1198 = CARTESIAN_POINT('',(54.842156,15.62143,1.585));
#1199 = CIRCLE('',#1200,0.329220402929);
#1200 = AXIS2_PLACEMENT_3D('',#1201,#1202,#1203);
#1201 = CARTESIAN_POINT('',(54.569604770291,15.436763,1.585));
#1202 = DIRECTION('',(0.,-0.,1.));
#1203 = DIRECTION('',(0.827868586771,-0.560922100687,-0.));
#1204 = ORIENTED_EDGE('',*,*,#1205,.T.);
#1205 = EDGE_CURVE('',#1197,#1206,#1208,.T.);
#1206 = VERTEX_POINT('',#1207);
#1207 = CARTESIAN_POINT('',(54.806012,15.657575,1.585));
#1208 = LINE('',#1209,#1210);
#1209 = CARTESIAN_POINT('',(54.842156,15.62143,1.585));
#1210 = VECTOR('',#1211,1.);
#1211 = DIRECTION('',(-0.707096999454,0.707116562784,0.));
#1212 = ORIENTED_EDGE('',*,*,#1213,.T.);
#1213 = EDGE_CURVE('',#1206,#1214,#1216,.T.);
#1214 = VERTEX_POINT('',#1215);
#1215 = CARTESIAN_POINT('',(54.728589,15.696286,1.585));
#1216 = LINE('',#1217,#1218);
#1217 = CARTESIAN_POINT('',(54.806012,15.657575,1.585));
#1218 = VECTOR('',#1219,1.);
#1219 = DIRECTION('',(-0.894429501489,0.447208974492,0.));
#1220 = ORIENTED_EDGE('',*,*,#1221,.T.);
#1221 = EDGE_CURVE('',#1214,#1222,#1224,.T.);
#1222 = VERTEX_POINT('',#1223);
#1223 = CARTESIAN_POINT('',(54.580701,15.699635,1.585));
#1224 = LINE('',#1225,#1226);
#1225 = CARTESIAN_POINT('',(54.728589,15.696286,1.585));
#1226 = VECTOR('',#1227,1.);
#1227 = DIRECTION('',(-0.99974368889,2.263971122804E-02,0.));
#1228 = ORIENTED_EDGE('',*,*,#1229,.T.);
#1229 = EDGE_CURVE('',#1222,#1230,#1232,.T.);
#1230 = VERTEX_POINT('',#1231);
#1231 = CARTESIAN_POINT('',(54.551341,15.727152,1.585));
#1232 = LINE('',#1233,#1234);
#1233 = CARTESIAN_POINT('',(54.580701,15.699635,1.585));
#1234 = VECTOR('',#1235,1.);
#1235 = DIRECTION('',(-0.729636395306,0.683835309592,0.));
#1236 = ORIENTED_EDGE('',*,*,#1237,.T.);
#1237 = EDGE_CURVE('',#1230,#1238,#1240,.T.);
#1238 = VERTEX_POINT('',#1239);
#1239 = CARTESIAN_POINT('',(54.552811,15.766891,1.585));
#1240 = LINE('',#1241,#1242);
#1241 = CARTESIAN_POINT('',(54.551341,15.727152,1.585));
#1242 = VECTOR('',#1243,1.);
#1243 = DIRECTION('',(3.696608584495E-02,0.999316520677,0.));
#1244 = ORIENTED_EDGE('',*,*,#1245,.T.);
#1245 = EDGE_CURVE('',#1238,#1246,#1248,.T.);
#1246 = VERTEX_POINT('',#1247);
#1247 = CARTESIAN_POINT('',(54.82068,16.077238,1.585));
#1248 = LINE('',#1249,#1250);
#1249 = CARTESIAN_POINT('',(54.552811,15.766891,1.585));
#1250 = VECTOR('',#1251,1.);
#1251 = DIRECTION('',(0.653399155486,0.757013568974,0.));
#1252 = ORIENTED_EDGE('',*,*,#1253,.T.);
#1253 = EDGE_CURVE('',#1246,#1062,#1254,.T.);
#1254 = LINE('',#1255,#1256);
#1255 = CARTESIAN_POINT('',(54.82068,16.077238,1.585));
#1256 = VECTOR('',#1257,1.);
#1257 = DIRECTION('',(-1.,0.,0.));
#1258 = PLANE('',#1259);
#1259 = AXIS2_PLACEMENT_3D('',#1260,#1261,#1262);
#1260 = CARTESIAN_POINT('',(0.,0.,1.585));
#1261 = DIRECTION('',(0.,0.,1.));
#1262 = DIRECTION('',(1.,0.,-0.));
#1263 = SHELL_BASED_SURFACE_MODEL('',(#1264));
#1264 = OPEN_SHELL('',(#1265));
#1265 = ADVANCED_FACE('',(#1266),#1335,.T.);
#1266 = FACE_BOUND('',#1267,.F.);
#1267 = EDGE_LOOP('',(#1268,#1279,#1287,#1296,#1304,#1312,#1321,#1329));
#1268 = ORIENTED_EDGE('',*,*,#1269,.T.);
#1269 = EDGE_CURVE('',#1270,#1272,#1274,.T.);
#1270 = VERTEX_POINT('',#1271);
#1271 = CARTESIAN_POINT('',(53.502297,16.077238,1.585));
#1272 = VERTEX_POINT('',#1273);
#1273 = CARTESIAN_POINT('',(53.502297,16.177238,1.585));
#1274 = CIRCLE('',#1275,5.000000000002E-02);
#1275 = AXIS2_PLACEMENT_3D('',#1276,#1277,#1278);
#1276 = CARTESIAN_POINT('',(53.502297047712,16.127238,1.585));
#1277 = DIRECTION('',(0.,0.,-1.));
#1278 = DIRECTION('',(-9.542364409749E-07,-1.,-0.));
#1279 = ORIENTED_EDGE('',*,*,#1280,.T.);
#1280 = EDGE_CURVE('',#1272,#1281,#1283,.T.);
#1281 = VERTEX_POINT('',#1282);
#1282 = CARTESIAN_POINT('',(54.073725,16.177238,1.585));
#1283 = LINE('',#1284,#1285);
#1284 = CARTESIAN_POINT('',(53.502297,16.177238,1.585));
#1285 = VECTOR('',#1286,1.);
#1286 = DIRECTION('',(1.,0.,0.));
#1287 = ORIENTED_EDGE('',*,*,#1288,.T.);
#1288 = EDGE_CURVE('',#1281,#1289,#1291,.T.);
#1289 = VERTEX_POINT('',#1290);
#1290 = CARTESIAN_POINT('',(54.073725,16.077238,1.585));
#1291 = CIRCLE('',#1292,5.000000000002E-02);
#1292 = AXIS2_PLACEMENT_3D('',#1293,#1294,#1295);
#1293 = CARTESIAN_POINT('',(54.073724952288,16.127238,1.585));
#1294 = DIRECTION('',(0.,0.,-1.));
#1295 = DIRECTION('',(9.54236440975E-07,1.,0.));
#1296 = ORIENTED_EDGE('',*,*,#1297,.T.);
#1297 = EDGE_CURVE('',#1289,#1298,#1300,.T.);
#1298 = VERTEX_POINT('',#1299);
#1299 = CARTESIAN_POINT('',(53.838011,16.077238,1.585));
#1300 = LINE('',#1301,#1302);
#1301 = CARTESIAN_POINT('',(54.073725,16.077238,1.585));
#1302 = VECTOR('',#1303,1.);
#1303 = DIRECTION('',(-1.,0.,0.));
#1304 = ORIENTED_EDGE('',*,*,#1305,.T.);
#1305 = EDGE_CURVE('',#1298,#1306,#1308,.T.);
#1306 = VERTEX_POINT('',#1307);
#1307 = CARTESIAN_POINT('',(53.838011,15.127238,1.585));
#1308 = LINE('',#1309,#1310);
#1309 = CARTESIAN_POINT('',(53.838011,16.077238,1.585));
#1310 = VECTOR('',#1311,1.);
#1311 = DIRECTION('',(0.,-1.,0.));
#1312 = ORIENTED_EDGE('',*,*,#1313,.T.);
#1313 = EDGE_CURVE('',#1306,#1314,#1316,.T.);
#1314 = VERTEX_POINT('',#1315);
#1315 = CARTESIAN_POINT('',(53.738011,15.127238,1.585));
#1316 = CIRCLE('',#1317,5.000000000002E-02);
#1317 = AXIS2_PLACEMENT_3D('',#1318,#1319,#1320);
#1318 = CARTESIAN_POINT('',(53.788011,15.127238047712,1.585));
#1319 = DIRECTION('',(-0.,0.,-1.));
#1320 = DIRECTION('',(1.,-9.542365475563E-07,-0.));
#1321 = ORIENTED_EDGE('',*,*,#1322,.T.);
#1322 = EDGE_CURVE('',#1314,#1323,#1325,.T.);
#1323 = VERTEX_POINT('',#1324);
#1324 = CARTESIAN_POINT('',(53.738011,16.077238,1.585));
#1325 = LINE('',#1326,#1327);
#1326 = CARTESIAN_POINT('',(53.738011,15.127238,1.585));
#1327 = VECTOR('',#1328,1.);
#1328 = DIRECTION('',(0.,1.,0.));
#1329 = ORIENTED_EDGE('',*,*,#1330,.T.);
#1330 = EDGE_CURVE('',#1323,#1270,#1331,.T.);
#1331 = LINE('',#1332,#1333);
#1332 = CARTESIAN_POINT('',(53.738011,16.077238,1.585));
#1333 = VECTOR('',#1334,1.);
#1334 = DIRECTION('',(-1.,0.,0.));
#1335 = PLANE('',#1336);
#1336 = AXIS2_PLACEMENT_3D('',#1337,#1338,#1339);
#1337 = CARTESIAN_POINT('',(0.,0.,1.585));
#1338 = DIRECTION('',(0.,0.,1.));
#1339 = DIRECTION('',(1.,0.,-0.));
#1340 = ( GEOMETRIC_REPRESENTATION_CONTEXT(3) 
GLOBAL_UNCERTAINTY_ASSIGNED_CONTEXT((#1344)) 
GLOBAL_UNIT_ASSIGNED_CONTEXT((#1341,#1342,#1343)) REPRESENTATION_CONTEXT
('Context #1','3D Context with UNIT and UNCERTAINTY') );
#1341 = ( LENGTH_UNIT() NAMED_UNIT(*) SI_UNIT(.MILLI.,.METRE.) );
#1342 = ( NAMED_UNIT(*) PLANE_ANGLE_UNIT() SI_UNIT($,.RADIAN.) );
#1343 = ( NAMED_UNIT(*) SI_UNIT($,.STERADIAN.) SOLID_ANGLE_UNIT() );
#1344 = UNCERTAINTY_MEASURE_WITH_UNIT(LENGTH_MEASURE(1.E-07),#1341,
  'distance_accuracy_value','confusion accuracy');
#1345 = CONTEXT_DEPENDENT_SHAPE_REPRESENTATION(#1346,#1348);
#1346 = ( REPRESENTATION_RELATIONSHIP('','',#48,#10) 
REPRESENTATION_RELATIONSHIP_WITH_TRANSFORMATION(#1347) 
SHAPE_REPRESENTATION_RELATIONSHIP() );
#1347 = ITEM_DEFINED_TRANSFORMATION('','',#11,#15);
#1348 = PRODUCT_DEFINITION_SHAPE('Placement','Placement of an item',
  #1349);
#1349 = NEXT_ASSEMBLY_USAGE_OCCURRENCE('1','=>[0:1:1:2]','',#5,#43,$);
#1350 = PRODUCT_RELATED_PRODUCT_CATEGORY('part',$,(#45));
#1351 = SHAPE_DEFINITION_REPRESENTATION(#1352,#1358);
#1352 = PRODUCT_DEFINITION_SHAPE('','',#1353);
#1353 = PRODUCT_DEFINITION('design','',#1354,#1357);
#1354 = PRODUCT_DEFINITION_FORMATION('','',#1355);
#1355 = PRODUCT('touch-pad-left_silkscreen','touch-pad-left_silkscreen',
  '',(#1356));
#1356 = PRODUCT_CONTEXT('',#2,'mechanical');
#1357 = PRODUCT_DEFINITION_CONTEXT('part definition',#2,'design');
#1358 = SHAPE_REPRESENTATION('',(#11,#1359,#1526,#1683,#1834,#2028,#2195
    ,#2352,#2503,#2697,#2864,#3021,#3172,#3366,#3523,#3680,#3847,#4004,
    #4155,#4349),#4506);
#1359 = SHELL_BASED_SURFACE_MODEL('',(#1360));
#1360 = OPEN_SHELL('',(#1361));
#1361 = ADVANCED_FACE('',(#1362),#1521,.T.);
#1362 = FACE_BOUND('',#1363,.T.);
#1363 = EDGE_LOOP('',(#1364,#1375,#1383,#1392,#1400,#1409,#1417,#1425,
    #1433,#1441,#1449,#1458,#1466,#1475,#1483,#1491,#1499,#1507,#1515));
#1364 = ORIENTED_EDGE('',*,*,#1365,.T.);
#1365 = EDGE_CURVE('',#1366,#1368,#1370,.T.);
#1366 = VERTEX_POINT('',#1367);
#1367 = CARTESIAN_POINT('',(3.62825,-12.30085,-7.5E-02));
#1368 = VERTEX_POINT('',#1369);
#1369 = CARTESIAN_POINT('',(4.259657,-12.306214,-7.5E-02));
#1370 = CIRCLE('',#1371,0.552470011207);
#1371 = AXIS2_PLACEMENT_3D('',#1372,#1373,#1374);
#1372 = CARTESIAN_POINT('',(3.940102092163,-12.75688879867,-7.5E-02));
#1373 = DIRECTION('',(0.,0.,-1.));
#1374 = DIRECTION('',(-0.564468814302,0.82545439467,0.));
#1375 = ORIENTED_EDGE('',*,*,#1376,.T.);
#1376 = EDGE_CURVE('',#1368,#1377,#1379,.T.);
#1377 = VERTEX_POINT('',#1378);
#1378 = CARTESIAN_POINT('',(4.335213,-12.382776,-7.5E-02));
#1379 = LINE('',#1380,#1381);
#1380 = CARTESIAN_POINT('',(4.259657,-12.306214,-7.5E-02));
#1381 = VECTOR('',#1382,1.);
#1382 = DIRECTION('',(0.702415120972,-0.711767516701,0.));
#1383 = ORIENTED_EDGE('',*,*,#1384,.T.);
#1384 = EDGE_CURVE('',#1377,#1385,#1387,.T.);
#1385 = VERTEX_POINT('',#1386);
#1386 = CARTESIAN_POINT('',(4.21982,-12.477477,-7.5E-02));
#1387 = CIRCLE('',#1388,7.499996838527E-02);
#1388 = AXIS2_PLACEMENT_3D('',#1389,#1390,#1391);
#1389 = CARTESIAN_POINT('',(4.272852972468,-12.424444,-7.5E-02));
#1390 = DIRECTION('',(0.,0.,-1.));
#1391 = DIRECTION('',(0.831467384248,0.555573567524,0.));
#1392 = ORIENTED_EDGE('',*,*,#1393,.T.);
#1393 = EDGE_CURVE('',#1385,#1394,#1396,.T.);
#1394 = VERTEX_POINT('',#1395);
#1395 = CARTESIAN_POINT('',(4.16795,-12.425607,-7.5E-02));
#1396 = LINE('',#1397,#1398);
#1397 = CARTESIAN_POINT('',(4.21982,-12.477477,-7.5E-02));
#1398 = VECTOR('',#1399,1.);
#1399 = DIRECTION('',(-0.707106781187,0.707106781187,0.));
#1400 = ORIENTED_EDGE('',*,*,#1401,.T.);
#1401 = EDGE_CURVE('',#1394,#1402,#1404,.T.);
#1402 = VERTEX_POINT('',#1403);
#1403 = CARTESIAN_POINT('',(3.712518,-12.425607,-7.5E-02));
#1404 = CIRCLE('',#1405,0.407259497449);
#1405 = AXIS2_PLACEMENT_3D('',#1406,#1407,#1408);
#1406 = CARTESIAN_POINT('',(3.940234,-12.76325433318,-7.5E-02));
#1407 = DIRECTION('',(0.,0.,1.));
#1408 = DIRECTION('',(0.559142270287,0.829071722819,-0.));
#1409 = ORIENTED_EDGE('',*,*,#1410,.T.);
#1410 = EDGE_CURVE('',#1402,#1411,#1413,.T.);
#1411 = VERTEX_POINT('',#1412);
#1412 = CARTESIAN_POINT('',(3.669253,-12.468871,-7.5E-02));
#1413 = LINE('',#1414,#1415);
#1414 = CARTESIAN_POINT('',(3.712518,-12.425607,-7.5E-02));
#1415 = VECTOR('',#1416,1.);
#1416 = DIRECTION('',(-0.707114953044,-0.707098609234,0.));
#1417 = ORIENTED_EDGE('',*,*,#1418,.T.);
#1418 = EDGE_CURVE('',#1411,#1419,#1421,.T.);
#1419 = VERTEX_POINT('',#1420);
#1420 = CARTESIAN_POINT('',(3.622138,-12.563101,-7.5E-02));
#1421 = LINE('',#1422,#1423);
#1422 = CARTESIAN_POINT('',(3.669253,-12.468871,-7.5E-02));
#1423 = VECTOR('',#1424,1.);
#1424 = DIRECTION('',(-0.4472135955,-0.894427191,0.));
#1425 = ORIENTED_EDGE('',*,*,#1426,.T.);
#1426 = EDGE_CURVE('',#1419,#1427,#1429,.T.);
#1427 = VERTEX_POINT('',#1428);
#1428 = CARTESIAN_POINT('',(3.622138,-12.654178,-7.5E-02));
#1429 = LINE('',#1430,#1431);
#1430 = CARTESIAN_POINT('',(3.622138,-12.563101,-7.5E-02));
#1431 = VECTOR('',#1432,1.);
#1432 = DIRECTION('',(0.,-1.,0.));
#1433 = ORIENTED_EDGE('',*,*,#1434,.T.);
#1434 = EDGE_CURVE('',#1427,#1435,#1437,.T.);
#1435 = VERTEX_POINT('',#1436);
#1436 = CARTESIAN_POINT('',(3.673167,-12.807263,-7.5E-02));
#1437 = LINE('',#1438,#1439);
#1438 = CARTESIAN_POINT('',(3.622138,-12.654178,-7.5E-02));
#1439 = VECTOR('',#1440,1.);
#1440 = DIRECTION('',(0.316231484271,-0.948682058625,0.));
#1441 = ORIENTED_EDGE('',*,*,#1442,.T.);
#1442 = EDGE_CURVE('',#1435,#1443,#1445,.T.);
#1443 = VERTEX_POINT('',#1444);
#1444 = CARTESIAN_POINT('',(4.395689,-13.531824,-7.5E-02));
#1445 = LINE('',#1446,#1447);
#1446 = CARTESIAN_POINT('',(3.673167,-12.807263,-7.5E-02));
#1447 = VECTOR('',#1448,1.);
#1448 = DIRECTION('',(0.706109737433,-0.708102421054,0.));
#1449 = ORIENTED_EDGE('',*,*,#1450,.T.);
#1450 = EDGE_CURVE('',#1443,#1451,#1453,.T.);
#1451 = VERTEX_POINT('',#1452);
#1452 = CARTESIAN_POINT('',(4.333329,-13.648492,-7.5E-02));
#1453 = CIRCLE('',#1454,7.49997958033E-02);
#1454 = AXIS2_PLACEMENT_3D('',#1455,#1456,#1457);
#1455 = CARTESIAN_POINT('',(4.333329316474,-13.57349220419,-7.5E-02));
#1456 = DIRECTION('',(0.,0.,-1.));
#1457 = DIRECTION('',(0.831464710782,0.555577568593,0.));
#1458 = ORIENTED_EDGE('',*,*,#1459,.T.);
#1459 = EDGE_CURVE('',#1451,#1460,#1462,.T.);
#1460 = VERTEX_POINT('',#1461);
#1461 = CARTESIAN_POINT('',(3.532506,-13.647051,-7.5E-02));
#1462 = LINE('',#1463,#1464);
#1463 = CARTESIAN_POINT('',(4.333329,-13.648492,-7.5E-02));
#1464 = VECTOR('',#1465,1.);
#1465 = DIRECTION('',(-0.999998381086,1.799395955341E-03,0.));
#1466 = ORIENTED_EDGE('',*,*,#1467,.T.);
#1467 = EDGE_CURVE('',#1460,#1468,#1470,.T.);
#1468 = VERTEX_POINT('',#1469);
#1469 = CARTESIAN_POINT('',(3.547138,-13.498492,-7.5E-02));
#1470 = CIRCLE('',#1471,7.500006711464E-02);
#1471 = AXIS2_PLACEMENT_3D('',#1472,#1473,#1474);
#1472 = CARTESIAN_POINT('',(3.547137932885,-13.57349206711,-7.5E-02));
#1473 = DIRECTION('',(0.,0.,-1.));
#1474 = DIRECTION('',(-0.195092263891,-0.980784894138,-0.));
#1475 = ORIENTED_EDGE('',*,*,#1476,.T.);
#1476 = EDGE_CURVE('',#1468,#1477,#1479,.T.);
#1477 = VERTEX_POINT('',#1478);
#1478 = CARTESIAN_POINT('',(4.152263,-13.498492,-7.5E-02));
#1479 = LINE('',#1480,#1481);
#1480 = CARTESIAN_POINT('',(3.547138,-13.498492,-7.5E-02));
#1481 = VECTOR('',#1482,1.);
#1482 = DIRECTION('',(1.,0.,0.));
#1483 = ORIENTED_EDGE('',*,*,#1484,.T.);
#1484 = EDGE_CURVE('',#1477,#1485,#1487,.T.);
#1485 = VERTEX_POINT('',#1486);
#1486 = CARTESIAN_POINT('',(3.542458,-12.88492,-7.5E-02));
#1487 = LINE('',#1488,#1489);
#1488 = CARTESIAN_POINT('',(4.152263,-13.498492,-7.5E-02));
#1489 = VECTOR('',#1490,1.);
#1490 = DIRECTION('',(-0.704926129146,0.709280728941,0.));
#1491 = ORIENTED_EDGE('',*,*,#1492,.T.);
#1492 = EDGE_CURVE('',#1485,#1493,#1495,.T.);
#1493 = VERTEX_POINT('',#1494);
#1494 = CARTESIAN_POINT('',(3.472867,-12.673754,-7.5E-02));
#1495 = LINE('',#1496,#1497);
#1496 = CARTESIAN_POINT('',(3.542458,-12.88492,-7.5E-02));
#1497 = VECTOR('',#1498,1.);
#1498 = DIRECTION('',(-0.312997060143,0.94975409467,0.));
#1499 = ORIENTED_EDGE('',*,*,#1500,.T.);
#1500 = EDGE_CURVE('',#1493,#1501,#1503,.T.);
#1501 = VERTEX_POINT('',#1502);
#1502 = CARTESIAN_POINT('',(3.474801,-12.525586,-7.5E-02));
#1503 = LINE('',#1504,#1505);
#1504 = CARTESIAN_POINT('',(3.472867,-12.673754,-7.5E-02));
#1505 = VECTOR('',#1506,1.);
#1506 = DIRECTION('',(1.305163914674E-02,0.99991482373,0.));
#1507 = ORIENTED_EDGE('',*,*,#1508,.T.);
#1508 = EDGE_CURVE('',#1501,#1509,#1511,.T.);
#1509 = VERTEX_POINT('',#1510);
#1510 = CARTESIAN_POINT('',(3.549861,-12.377162,-7.5E-02));
#1511 = LINE('',#1512,#1513);
#1512 = CARTESIAN_POINT('',(3.474801,-12.525586,-7.5E-02));
#1513 = VECTOR('',#1514,1.);
#1514 = DIRECTION('',(0.451287730359,0.892378498412,0.));
#1515 = ORIENTED_EDGE('',*,*,#1516,.T.);
#1516 = EDGE_CURVE('',#1509,#1366,#1517,.T.);
#1517 = LINE('',#1518,#1519);
#1518 = CARTESIAN_POINT('',(3.549861,-12.377162,-7.5E-02));
#1519 = VECTOR('',#1520,1.);
#1520 = DIRECTION('',(0.716535748826,0.69755037141,0.));
#1521 = PLANE('',#1522);
#1522 = AXIS2_PLACEMENT_3D('',#1523,#1524,#1525);
#1523 = CARTESIAN_POINT('',(0.,0.,-7.5E-02));
#1524 = DIRECTION('',(-0.,-0.,-1.));
#1525 = DIRECTION('',(-1.,0.,0.));
#1526 = SHELL_BASED_SURFACE_MODEL('',(#1527));
#1527 = OPEN_SHELL('',(#1528));
#1528 = ADVANCED_FACE('',(#1529),#1678,.T.);
#1529 = FACE_BOUND('',#1530,.T.);
#1530 = EDGE_LOOP('',(#1531,#1541,#1549,#1557,#1565,#1573,#1581,#1589,
    #1598,#1606,#1614,#1622,#1630,#1639,#1647,#1656,#1664,#1672));
#1531 = ORIENTED_EDGE('',*,*,#1532,.T.);
#1532 = EDGE_CURVE('',#1533,#1535,#1537,.T.);
#1533 = VERTEX_POINT('',#1534);
#1534 = CARTESIAN_POINT('',(6.397018,-12.250404,-7.5E-02));
#1535 = VERTEX_POINT('',#1536);
#1536 = CARTESIAN_POINT('',(6.435364,-12.229933,-7.5E-02));
#1537 = LINE('',#1538,#1539);
#1538 = CARTESIAN_POINT('',(6.397018,-12.250404,-7.5E-02));
#1539 = VECTOR('',#1540,1.);
#1540 = DIRECTION('',(0.882163732375,0.470942830163,0.));
#1541 = ORIENTED_EDGE('',*,*,#1542,.T.);
#1542 = EDGE_CURVE('',#1535,#1543,#1545,.T.);
#1543 = VERTEX_POINT('',#1544);
#1544 = CARTESIAN_POINT('',(6.45728,-12.229933,-7.5E-02));
#1545 = LINE('',#1546,#1547);
#1546 = CARTESIAN_POINT('',(6.435364,-12.229933,-7.5E-02));
#1547 = VECTOR('',#1548,1.);
#1548 = DIRECTION('',(1.,0.,0.));
#1549 = ORIENTED_EDGE('',*,*,#1550,.T.);
#1550 = EDGE_CURVE('',#1543,#1551,#1553,.T.);
#1551 = VERTEX_POINT('',#1552);
#1552 = CARTESIAN_POINT('',(6.491664,-12.241132,-7.5E-02));
#1553 = LINE('',#1554,#1555);
#1554 = CARTESIAN_POINT('',(6.45728,-12.229933,-7.5E-02));
#1555 = VECTOR('',#1556,1.);
#1556 = DIRECTION('',(0.950837159691,-0.309691291048,0.));
#1557 = ORIENTED_EDGE('',*,*,#1558,.T.);
#1558 = EDGE_CURVE('',#1551,#1559,#1561,.T.);
#1559 = VERTEX_POINT('',#1560);
#1560 = CARTESIAN_POINT('',(6.5124,-12.261889,-7.5E-02));
#1561 = LINE('',#1562,#1563);
#1562 = CARTESIAN_POINT('',(6.491664,-12.241132,-7.5E-02));
#1563 = VECTOR('',#1564,1.);
#1564 = DIRECTION('',(0.706748817237,-0.707464564013,0.));
#1565 = ORIENTED_EDGE('',*,*,#1566,.T.);
#1566 = EDGE_CURVE('',#1559,#1567,#1569,.T.);
#1567 = VERTEX_POINT('',#1568);
#1568 = CARTESIAN_POINT('',(6.629234,-12.43714,-7.5E-02));
#1569 = LINE('',#1570,#1571);
#1570 = CARTESIAN_POINT('',(6.5124,-12.261889,-7.5E-02));
#1571 = VECTOR('',#1572,1.);
#1572 = DIRECTION('',(0.554700196225,-0.832050294338,0.));
#1573 = ORIENTED_EDGE('',*,*,#1574,.T.);
#1574 = EDGE_CURVE('',#1567,#1575,#1577,.T.);
#1575 = VERTEX_POINT('',#1576);
#1576 = CARTESIAN_POINT('',(6.736327,-12.544234,-7.5E-02));
#1577 = LINE('',#1578,#1579);
#1578 = CARTESIAN_POINT('',(6.629234,-12.43714,-7.5E-02));
#1579 = VECTOR('',#1580,1.);
#1580 = DIRECTION('',(0.707103479826,-0.707110082531,0.));
#1581 = ORIENTED_EDGE('',*,*,#1582,.T.);
#1582 = EDGE_CURVE('',#1575,#1583,#1585,.T.);
#1583 = VERTEX_POINT('',#1584);
#1584 = CARTESIAN_POINT('',(6.858836,-12.607099,-7.5E-02));
#1585 = LINE('',#1586,#1587);
#1586 = CARTESIAN_POINT('',(6.736327,-12.544234,-7.5E-02));
#1587 = VECTOR('',#1588,1.);
#1588 = DIRECTION('',(0.889699860019,-0.456545900302,0.));
#1589 = ORIENTED_EDGE('',*,*,#1590,.T.);
#1590 = EDGE_CURVE('',#1583,#1591,#1593,.T.);
#1591 = VERTEX_POINT('',#1592);
#1592 = CARTESIAN_POINT('',(6.779312,-12.733431,-7.5E-02));
#1593 = CIRCLE('',#1594,7.49999426631E-02);
#1594 = AXIS2_PLACEMENT_3D('',#1595,#1596,#1597);
#1595 = CARTESIAN_POINT('',(6.812853280019,-12.66634915495,-7.5E-02));
#1596 = DIRECTION('',(0.,0.,-1.));
#1597 = DIRECTION('',(0.613103401791,0.790002670066,0.));
#1598 = ORIENTED_EDGE('',*,*,#1599,.T.);
#1599 = EDGE_CURVE('',#1591,#1600,#1602,.T.);
#1600 = VERTEX_POINT('',#1601);
#1601 = CARTESIAN_POINT('',(6.644617,-12.663626,-7.5E-02));
#1602 = LINE('',#1603,#1604);
#1603 = CARTESIAN_POINT('',(6.779312,-12.733431,-7.5E-02));
#1604 = VECTOR('',#1605,1.);
#1605 = DIRECTION('',(-0.88785377654,0.460125712695,0.));
#1606 = ORIENTED_EDGE('',*,*,#1607,.T.);
#1607 = EDGE_CURVE('',#1600,#1608,#1610,.T.);
#1608 = VERTEX_POINT('',#1609);
#1609 = CARTESIAN_POINT('',(6.524996,-12.545034,-7.5E-02));
#1610 = LINE('',#1611,#1612);
#1611 = CARTESIAN_POINT('',(6.644617,-12.663626,-7.5E-02));
#1612 = VECTOR('',#1613,1.);
#1613 = DIRECTION('',(-0.710154619004,0.7040457493,0.));
#1614 = ORIENTED_EDGE('',*,*,#1615,.T.);
#1615 = EDGE_CURVE('',#1608,#1616,#1618,.T.);
#1616 = VERTEX_POINT('',#1617);
#1617 = CARTESIAN_POINT('',(6.524996,-13.498492,-7.5E-02));
#1618 = LINE('',#1619,#1620);
#1619 = CARTESIAN_POINT('',(6.524996,-12.545034,-7.5E-02));
#1620 = VECTOR('',#1621,1.);
#1621 = DIRECTION('',(0.,-1.,0.));
#1622 = ORIENTED_EDGE('',*,*,#1623,.T.);
#1623 = EDGE_CURVE('',#1616,#1624,#1626,.T.);
#1624 = VERTEX_POINT('',#1625);
#1625 = CARTESIAN_POINT('',(6.827485,-13.499933,-7.5E-02));
#1626 = LINE('',#1627,#1628);
#1627 = CARTESIAN_POINT('',(6.524996,-13.498492,-7.5E-02));
#1628 = VECTOR('',#1629,1.);
#1629 = DIRECTION('',(0.999988653252,-4.763755539329E-03,0.));
#1630 = ORIENTED_EDGE('',*,*,#1631,.T.);
#1631 = EDGE_CURVE('',#1624,#1632,#1634,.T.);
#1632 = VERTEX_POINT('',#1633);
#1633 = CARTESIAN_POINT('',(6.812853,-13.648492,-7.5E-02));
#1634 = CIRCLE('',#1635,7.500006711464E-02);
#1635 = AXIS2_PLACEMENT_3D('',#1636,#1637,#1638);
#1636 = CARTESIAN_POINT('',(6.812853067115,-13.57349193288,-7.5E-02));
#1637 = DIRECTION('',(0.,0.,-1.));
#1638 = DIRECTION('',(0.195092263891,0.980784894138,0.));
#1639 = ORIENTED_EDGE('',*,*,#1640,.T.);
#1640 = EDGE_CURVE('',#1632,#1641,#1643,.T.);
#1641 = VERTEX_POINT('',#1642);
#1642 = CARTESIAN_POINT('',(6.072506,-13.647051,-7.5E-02));
#1643 = LINE('',#1644,#1645);
#1644 = CARTESIAN_POINT('',(6.812853,-13.648492,-7.5E-02));
#1645 = VECTOR('',#1646,1.);
#1646 = DIRECTION('',(-0.999998105799,1.94638091389E-03,0.));
#1647 = ORIENTED_EDGE('',*,*,#1648,.T.);
#1648 = EDGE_CURVE('',#1641,#1649,#1651,.T.);
#1649 = VERTEX_POINT('',#1650);
#1650 = CARTESIAN_POINT('',(6.087138,-13.498492,-7.5E-02));
#1651 = CIRCLE('',#1652,7.500006711464E-02);
#1652 = AXIS2_PLACEMENT_3D('',#1653,#1654,#1655);
#1653 = CARTESIAN_POINT('',(6.087137932885,-13.57349206711,-7.5E-02));
#1654 = DIRECTION('',(0.,0.,-1.));
#1655 = DIRECTION('',(-0.195092263891,-0.980784894138,-0.));
#1656 = ORIENTED_EDGE('',*,*,#1657,.T.);
#1657 = EDGE_CURVE('',#1649,#1658,#1660,.T.);
#1658 = VERTEX_POINT('',#1659);
#1659 = CARTESIAN_POINT('',(6.374996,-13.498492,-7.5E-02));
#1660 = LINE('',#1661,#1662);
#1661 = CARTESIAN_POINT('',(6.087138,-13.498492,-7.5E-02));
#1662 = VECTOR('',#1663,1.);
#1663 = DIRECTION('',(1.,0.,0.));
#1664 = ORIENTED_EDGE('',*,*,#1665,.T.);
#1665 = EDGE_CURVE('',#1658,#1666,#1668,.T.);
#1666 = VERTEX_POINT('',#1667);
#1667 = CARTESIAN_POINT('',(6.376437,-12.28886,-7.5E-02));
#1668 = LINE('',#1669,#1670);
#1669 = CARTESIAN_POINT('',(6.374996,-13.498492,-7.5E-02));
#1670 = VECTOR('',#1671,1.);
#1671 = DIRECTION('',(1.191270549654E-03,0.999999290437,0.));
#1672 = ORIENTED_EDGE('',*,*,#1673,.T.);
#1673 = EDGE_CURVE('',#1666,#1533,#1674,.T.);
#1674 = LINE('',#1675,#1676);
#1675 = CARTESIAN_POINT('',(6.376437,-12.28886,-7.5E-02));
#1676 = VECTOR('',#1677,1.);
#1677 = DIRECTION('',(0.471857451169,0.881674852639,0.));
#1678 = PLANE('',#1679);
#1679 = AXIS2_PLACEMENT_3D('',#1680,#1681,#1682);
#1680 = CARTESIAN_POINT('',(0.,0.,-7.5E-02));
#1681 = DIRECTION('',(-0.,-0.,-1.));
#1682 = DIRECTION('',(-1.,0.,0.));
#1683 = SHELL_BASED_SURFACE_MODEL('',(#1684));
#1684 = OPEN_SHELL('',(#1685));
#1685 = ADVANCED_FACE('',(#1686),#1829,.T.);
#1686 = FACE_BOUND('',#1687,.T.);
#1687 = EDGE_LOOP('',(#1688,#1699,#1707,#1716,#1724,#1732,#1741,#1749,
    #1757,#1766,#1774,#1782,#1791,#1799,#1807,#1815,#1823));
#1688 = ORIENTED_EDGE('',*,*,#1689,.T.);
#1689 = EDGE_CURVE('',#1690,#1692,#1694,.T.);
#1690 = VERTEX_POINT('',#1691);
#1691 = CARTESIAN_POINT('',(-1.168778,-12.197033,-7.5E-02));
#1692 = VERTEX_POINT('',#1693);
#1693 = CARTESIAN_POINT('',(-1.038377,-12.219299,-7.5E-02));
#1694 = CIRCLE('',#1695,7.500013401235E-02);
#1695 = AXIS2_PLACEMENT_3D('',#1696,#1697,#1698);
#1696 = CARTESIAN_POINT('',(-1.10952823704,-12.24301653717,-7.5E-02));
#1697 = DIRECTION('',(0.,0.,-1.));
#1698 = DIRECTION('',(-0.789995427882,0.613112733455,0.));
#1699 = ORIENTED_EDGE('',*,*,#1700,.T.);
#1700 = EDGE_CURVE('',#1692,#1701,#1703,.T.);
#1701 = VERTEX_POINT('',#1702);
#1702 = CARTESIAN_POINT('',(-0.732736,-13.140778,-7.5E-02));
#1703 = LINE('',#1704,#1705);
#1704 = CARTESIAN_POINT('',(-1.038377,-12.219299,-7.5E-02));
#1705 = VECTOR('',#1706,1.);
#1706 = DIRECTION('',(0.314819572033,-0.949151535354,0.));
#1707 = ORIENTED_EDGE('',*,*,#1708,.T.);
#1708 = EDGE_CURVE('',#1701,#1709,#1711,.T.);
#1709 = VERTEX_POINT('',#1710);
#1710 = CARTESIAN_POINT('',(-0.807147,-13.225158,-7.5E-02));
#1711 = CIRCLE('',#1712,7.499861641291E-02);
#1712 = AXIS2_PLACEMENT_3D('',#1713,#1714,#1715);
#1713 = CARTESIAN_POINT('',(-0.807145556547,-13.1501593836,-7.5E-02));
#1714 = DIRECTION('',(0.,0.,-1.));
#1715 = DIRECTION('',(0.992145723566,0.125087422271,0.));
#1716 = ORIENTED_EDGE('',*,*,#1717,.T.);
#1717 = EDGE_CURVE('',#1709,#1718,#1720,.T.);
#1718 = VERTEX_POINT('',#1719);
#1719 = CARTESIAN_POINT('',(-1.336909,-13.225158,-7.5E-02));
#1720 = LINE('',#1721,#1722);
#1721 = CARTESIAN_POINT('',(-0.807147,-13.225158,-7.5E-02));
#1722 = VECTOR('',#1723,1.);
#1723 = DIRECTION('',(-1.,0.,0.));
#1724 = ORIENTED_EDGE('',*,*,#1725,.T.);
#1725 = EDGE_CURVE('',#1718,#1726,#1728,.T.);
#1726 = VERTEX_POINT('',#1727);
#1727 = CARTESIAN_POINT('',(-1.33835,-13.588124,-7.5E-02));
#1728 = LINE('',#1729,#1730);
#1729 = CARTESIAN_POINT('',(-1.336909,-13.225158,-7.5E-02));
#1730 = VECTOR('',#1731,1.);
#1731 = DIRECTION('',(-3.970037535229E-03,-0.99999211937,0.));
#1732 = ORIENTED_EDGE('',*,*,#1733,.T.);
#1733 = EDGE_CURVE('',#1726,#1734,#1736,.T.);
#1734 = VERTEX_POINT('',#1735);
#1735 = CARTESIAN_POINT('',(-1.486909,-13.573492,-7.5E-02));
#1736 = CIRCLE('',#1737,7.500006711464E-02);
#1737 = AXIS2_PLACEMENT_3D('',#1738,#1739,#1740);
#1738 = CARTESIAN_POINT('',(-1.411908932885,-13.57349206711,-7.5E-02));
#1739 = DIRECTION('',(-0.,0.,-1.));
#1740 = DIRECTION('',(0.980784894138,-0.195092263891,-0.));
#1741 = ORIENTED_EDGE('',*,*,#1742,.T.);
#1742 = EDGE_CURVE('',#1734,#1743,#1745,.T.);
#1743 = VERTEX_POINT('',#1744);
#1744 = CARTESIAN_POINT('',(-1.486909,-13.225158,-7.5E-02));
#1745 = LINE('',#1746,#1747);
#1746 = CARTESIAN_POINT('',(-1.486909,-13.573492,-7.5E-02));
#1747 = VECTOR('',#1748,1.);
#1748 = DIRECTION('',(0.,1.,0.));
#1749 = ORIENTED_EDGE('',*,*,#1750,.T.);
#1750 = EDGE_CURVE('',#1743,#1751,#1753,.T.);
#1751 = VERTEX_POINT('',#1752);
#1752 = CARTESIAN_POINT('',(-1.60797,-13.223717,-7.5E-02));
#1753 = LINE('',#1754,#1755);
#1754 = CARTESIAN_POINT('',(-1.486909,-13.225158,-7.5E-02));
#1755 = VECTOR('',#1756,1.);
#1756 = DIRECTION('',(-0.999929165749,1.19022470312E-02,0.));
#1757 = ORIENTED_EDGE('',*,*,#1758,.T.);
#1758 = EDGE_CURVE('',#1751,#1759,#1761,.T.);
#1759 = VERTEX_POINT('',#1760);
#1760 = CARTESIAN_POINT('',(-1.593338,-13.075158,-7.5E-02));
#1761 = CIRCLE('',#1762,7.500006711464E-02);
#1762 = AXIS2_PLACEMENT_3D('',#1763,#1764,#1765);
#1763 = CARTESIAN_POINT('',(-1.593338067115,-13.15015806711,-7.5E-02));
#1764 = DIRECTION('',(0.,0.,-1.));
#1765 = DIRECTION('',(-0.195092263891,-0.980784894138,-0.));
#1766 = ORIENTED_EDGE('',*,*,#1767,.T.);
#1767 = EDGE_CURVE('',#1759,#1768,#1770,.T.);
#1768 = VERTEX_POINT('',#1769);
#1769 = CARTESIAN_POINT('',(-1.486909,-13.075158,-7.5E-02));
#1770 = LINE('',#1771,#1772);
#1771 = CARTESIAN_POINT('',(-1.593338,-13.075158,-7.5E-02));
#1772 = VECTOR('',#1773,1.);
#1773 = DIRECTION('',(1.,0.,0.));
#1774 = ORIENTED_EDGE('',*,*,#1775,.T.);
#1775 = EDGE_CURVE('',#1768,#1776,#1778,.T.);
#1776 = VERTEX_POINT('',#1777);
#1777 = CARTESIAN_POINT('',(-1.485468,-12.712193,-7.5E-02));
#1778 = LINE('',#1779,#1780);
#1779 = CARTESIAN_POINT('',(-1.486909,-13.075158,-7.5E-02));
#1780 = VECTOR('',#1781,1.);
#1781 = DIRECTION('',(3.970048472854E-03,0.999992119327,0.));
#1782 = ORIENTED_EDGE('',*,*,#1783,.T.);
#1783 = EDGE_CURVE('',#1776,#1784,#1786,.T.);
#1784 = VERTEX_POINT('',#1785);
#1785 = CARTESIAN_POINT('',(-1.336909,-12.726825,-7.5E-02));
#1786 = CIRCLE('',#1787,7.500006711464E-02);
#1787 = AXIS2_PLACEMENT_3D('',#1788,#1789,#1790);
#1788 = CARTESIAN_POINT('',(-1.411909067115,-12.72682493288,-7.5E-02));
#1789 = DIRECTION('',(0.,0.,-1.));
#1790 = DIRECTION('',(-0.980784894138,0.195092263891,0.));
#1791 = ORIENTED_EDGE('',*,*,#1792,.T.);
#1792 = EDGE_CURVE('',#1784,#1793,#1795,.T.);
#1793 = VERTEX_POINT('',#1794);
#1794 = CARTESIAN_POINT('',(-1.336909,-13.075158,-7.5E-02));
#1795 = LINE('',#1796,#1797);
#1796 = CARTESIAN_POINT('',(-1.336909,-12.726825,-7.5E-02));
#1797 = VECTOR('',#1798,1.);
#1798 = DIRECTION('',(0.,-1.,0.));
#1799 = ORIENTED_EDGE('',*,*,#1800,.T.);
#1800 = EDGE_CURVE('',#1793,#1801,#1803,.T.);
#1801 = VERTEX_POINT('',#1802);
#1802 = CARTESIAN_POINT('',(-0.911204,-13.075158,-7.5E-02));
#1803 = LINE('',#1804,#1805);
#1804 = CARTESIAN_POINT('',(-1.336909,-13.075158,-7.5E-02));
#1805 = VECTOR('',#1806,1.);
#1806 = DIRECTION('',(1.,0.,0.));
#1807 = ORIENTED_EDGE('',*,*,#1808,.T.);
#1808 = EDGE_CURVE('',#1801,#1809,#1811,.T.);
#1809 = VERTEX_POINT('',#1810);
#1810 = CARTESIAN_POINT('',(-1.183939,-12.252396,-7.5E-02));
#1811 = LINE('',#1812,#1813);
#1812 = CARTESIAN_POINT('',(-0.911204,-13.075158,-7.5E-02));
#1813 = VECTOR('',#1814,1.);
#1814 = DIRECTION('',(-0.314650126992,0.949207720989,0.));
#1815 = ORIENTED_EDGE('',*,*,#1816,.T.);
#1816 = EDGE_CURVE('',#1809,#1817,#1819,.T.);
#1817 = VERTEX_POINT('',#1818);
#1818 = CARTESIAN_POINT('',(-1.181864,-12.223206,-7.5E-02));
#1819 = LINE('',#1820,#1821);
#1820 = CARTESIAN_POINT('',(-1.183939,-12.252396,-7.5E-02));
#1821 = VECTOR('',#1822,1.);
#1822 = DIRECTION('',(7.09070597027E-02,0.997482926613,0.));
#1823 = ORIENTED_EDGE('',*,*,#1824,.T.);
#1824 = EDGE_CURVE('',#1817,#1690,#1825,.T.);
#1825 = LINE('',#1826,#1827);
#1826 = CARTESIAN_POINT('',(-1.181864,-12.223206,-7.5E-02));
#1827 = VECTOR('',#1828,1.);
#1828 = DIRECTION('',(0.447199925879,0.89443402568,0.));
#1829 = PLANE('',#1830);
#1830 = AXIS2_PLACEMENT_3D('',#1831,#1832,#1833);
#1831 = CARTESIAN_POINT('',(0.,0.,-7.5E-02));
#1832 = DIRECTION('',(-0.,-0.,-1.));
#1833 = DIRECTION('',(-1.,0.,0.));
#1834 = SHELL_BASED_SURFACE_MODEL('',(#1835));
#1835 = OPEN_SHELL('',(#1836));
#1836 = ADVANCED_FACE('',(#1837),#2023,.T.);
#1837 = FACE_BOUND('',#1838,.T.);
#1838 = EDGE_LOOP('',(#1839,#1850,#1858,#1867,#1875,#1883,#1892,#1900,
    #1909,#1917,#1926,#1934,#1942,#1950,#1959,#1967,#1975,#1983,#1992,
    #2000,#2009,#2017));
#1839 = ORIENTED_EDGE('',*,*,#1840,.T.);
#1840 = EDGE_CURVE('',#1841,#1843,#1845,.T.);
#1841 = VERTEX_POINT('',#1842);
#1842 = CARTESIAN_POINT('',(0.942144,-12.340919,-7.5E-02));
#1843 = VERTEX_POINT('',#1844);
#1844 = CARTESIAN_POINT('',(1.007138,-12.228492,-7.5E-02));
#1845 = CIRCLE('',#1846,7.499979513923E-02);
#1846 = AXIS2_PLACEMENT_3D('',#1847,#1848,#1849);
#1847 = CARTESIAN_POINT('',(1.007137642821,-12.30349179513,-7.5E-02));
#1848 = DIRECTION('',(0.,0.,-1.));
#1849 = DIRECTION('',(-0.866584271338,-0.499030761246,-0.));
#1850 = ORIENTED_EDGE('',*,*,#1851,.T.);
#1851 = EDGE_CURVE('',#1843,#1852,#1854,.T.);
#1852 = VERTEX_POINT('',#1853);
#1853 = CARTESIAN_POINT('',(1.807961,-12.229933,-7.5E-02));
#1854 = LINE('',#1855,#1856);
#1855 = CARTESIAN_POINT('',(1.007138,-12.228492,-7.5E-02));
#1856 = VECTOR('',#1857,1.);
#1857 = DIRECTION('',(0.999998381086,-1.799395955344E-03,0.));
#1858 = ORIENTED_EDGE('',*,*,#1859,.T.);
#1859 = EDGE_CURVE('',#1852,#1860,#1862,.T.);
#1860 = VERTEX_POINT('',#1861);
#1861 = CARTESIAN_POINT('',(1.793329,-12.378492,-7.5E-02));
#1862 = CIRCLE('',#1863,7.500006711464E-02);
#1863 = AXIS2_PLACEMENT_3D('',#1864,#1865,#1866);
#1864 = CARTESIAN_POINT('',(1.793329067115,-12.30349193288,-7.5E-02));
#1865 = DIRECTION('',(0.,0.,-1.));
#1866 = DIRECTION('',(0.195092263891,0.980784894138,0.));
#1867 = ORIENTED_EDGE('',*,*,#1868,.T.);
#1868 = EDGE_CURVE('',#1860,#1869,#1871,.T.);
#1869 = VERTEX_POINT('',#1870);
#1870 = CARTESIAN_POINT('',(1.172421,-12.378492,-7.5E-02));
#1871 = LINE('',#1872,#1873);
#1872 = CARTESIAN_POINT('',(1.793329,-12.378492,-7.5E-02));
#1873 = VECTOR('',#1874,1.);
#1874 = DIRECTION('',(-1.,0.,0.));
#1875 = ORIENTED_EDGE('',*,*,#1876,.T.);
#1876 = EDGE_CURVE('',#1869,#1877,#1879,.T.);
#1877 = VERTEX_POINT('',#1878);
#1878 = CARTESIAN_POINT('',(1.495466,-12.749874,-7.5E-02));
#1879 = LINE('',#1880,#1881);
#1880 = CARTESIAN_POINT('',(1.172421,-12.378492,-7.5E-02));
#1881 = VECTOR('',#1882,1.);
#1882 = DIRECTION('',(0.656299170339,-0.754500761439,0.));
#1883 = ORIENTED_EDGE('',*,*,#1884,.T.);
#1884 = EDGE_CURVE('',#1877,#1885,#1887,.T.);
#1885 = VERTEX_POINT('',#1886);
#1886 = CARTESIAN_POINT('',(1.430472,-12.862301,-7.5E-02));
#1887 = CIRCLE('',#1888,7.499979513923E-02);
#1888 = AXIS2_PLACEMENT_3D('',#1889,#1890,#1891);
#1889 = CARTESIAN_POINT('',(1.430472357179,-12.78730120486,-7.5E-02));
#1890 = DIRECTION('',(0.,0.,-1.));
#1891 = DIRECTION('',(0.866584271338,0.499030761246,0.));
#1892 = ORIENTED_EDGE('',*,*,#1893,.T.);
#1893 = EDGE_CURVE('',#1885,#1894,#1896,.T.);
#1894 = VERTEX_POINT('',#1895);
#1895 = CARTESIAN_POINT('',(1.266748,-12.862301,-7.5E-02));
#1896 = LINE('',#1897,#1898);
#1897 = CARTESIAN_POINT('',(1.430472,-12.862301,-7.5E-02));
#1898 = VECTOR('',#1899,1.);
#1899 = DIRECTION('',(-1.,0.,0.));
#1900 = ORIENTED_EDGE('',*,*,#1901,.T.);
#1901 = EDGE_CURVE('',#1894,#1902,#1904,.T.);
#1902 = VERTEX_POINT('',#1903);
#1903 = CARTESIAN_POINT('',(1.082138,-13.046911,-7.5E-02));
#1904 = CIRCLE('',#1905,0.260155315882);
#1905 = AXIS2_PLACEMENT_3D('',#1906,#1907,#1908);
#1906 = CARTESIAN_POINT('',(1.333566163511,-13.11372916351,-7.5E-02));
#1907 = DIRECTION('',(0.,0.,1.));
#1908 = DIRECTION('',(-0.256839508679,0.966454068635,0.));
#1909 = ORIENTED_EDGE('',*,*,#1910,.T.);
#1910 = EDGE_CURVE('',#1902,#1911,#1913,.T.);
#1911 = VERTEX_POINT('',#1912);
#1912 = CARTESIAN_POINT('',(1.082138,-13.313881,-7.5E-02));
#1913 = LINE('',#1914,#1915);
#1914 = CARTESIAN_POINT('',(1.082138,-13.046911,-7.5E-02));
#1915 = VECTOR('',#1916,1.);
#1916 = DIRECTION('',(0.,-1.,0.));
#1917 = ORIENTED_EDGE('',*,*,#1918,.T.);
#1918 = EDGE_CURVE('',#1911,#1919,#1921,.T.);
#1919 = VERTEX_POINT('',#1920);
#1920 = CARTESIAN_POINT('',(1.266748,-13.498492,-7.5E-02));
#1921 = CIRCLE('',#1922,0.260159421501);
#1922 = AXIS2_PLACEMENT_3D('',#1923,#1924,#1925);
#1923 = CARTESIAN_POINT('',(1.333569805663,-13.24706055629,-7.5E-02));
#1924 = DIRECTION('',(0.,0.,1.));
#1925 = DIRECTION('',(-0.966452816554,-0.256844220055,0.));
#1926 = ORIENTED_EDGE('',*,*,#1927,.T.);
#1927 = EDGE_CURVE('',#1919,#1928,#1930,.T.);
#1928 = VERTEX_POINT('',#1929);
#1929 = CARTESIAN_POINT('',(1.594195,-13.498492,-7.5E-02));
#1930 = LINE('',#1931,#1932);
#1931 = CARTESIAN_POINT('',(1.266748,-13.498492,-7.5E-02));
#1932 = VECTOR('',#1933,1.);
#1933 = DIRECTION('',(1.,0.,0.));
#1934 = ORIENTED_EDGE('',*,*,#1935,.T.);
#1935 = EDGE_CURVE('',#1928,#1936,#1938,.T.);
#1936 = VERTEX_POINT('',#1937);
#1937 = CARTESIAN_POINT('',(1.688425,-13.451377,-7.5E-02));
#1938 = LINE('',#1939,#1940);
#1939 = CARTESIAN_POINT('',(1.594195,-13.498492,-7.5E-02));
#1940 = VECTOR('',#1941,1.);
#1941 = DIRECTION('',(0.894427191,0.4472135955,0.));
#1942 = ORIENTED_EDGE('',*,*,#1943,.T.);
#1943 = EDGE_CURVE('',#1936,#1944,#1946,.T.);
#1944 = VERTEX_POINT('',#1945);
#1945 = CARTESIAN_POINT('',(1.751661,-13.390179,-7.5E-02));
#1946 = LINE('',#1947,#1948);
#1947 = CARTESIAN_POINT('',(1.688425,-13.451377,-7.5E-02));
#1948 = VECTOR('',#1949,1.);
#1949 = DIRECTION('',(0.718591516887,0.69543240639,0.));
#1950 = ORIENTED_EDGE('',*,*,#1951,.T.);
#1951 = EDGE_CURVE('',#1944,#1952,#1954,.T.);
#1952 = VERTEX_POINT('',#1953);
#1953 = CARTESIAN_POINT('',(1.846363,-13.505571,-7.5E-02));
#1954 = CIRCLE('',#1955,7.499993690526E-02);
#1955 = AXIS2_PLACEMENT_3D('',#1956,#1957,#1958);
#1956 = CARTESIAN_POINT('',(1.793329248309,-13.45253882375,-7.5E-02));
#1957 = DIRECTION('',(0.,0.,-1.));
#1958 = DIRECTION('',(-0.555577111505,0.831465016204,0.));
#1959 = ORIENTED_EDGE('',*,*,#1960,.T.);
#1960 = EDGE_CURVE('',#1952,#1961,#1963,.T.);
#1961 = VERTEX_POINT('',#1962);
#1962 = CARTESIAN_POINT('',(1.77269,-13.576134,-7.5E-02));
#1963 = LINE('',#1964,#1965);
#1964 = CARTESIAN_POINT('',(1.846363,-13.505571,-7.5E-02));
#1965 = VECTOR('',#1966,1.);
#1966 = DIRECTION('',(-0.722185478189,-0.691699454311,0.));
#1967 = ORIENTED_EDGE('',*,*,#1968,.T.);
#1968 = EDGE_CURVE('',#1961,#1969,#1971,.T.);
#1969 = VERTEX_POINT('',#1970);
#1970 = CARTESIAN_POINT('',(1.626532,-13.647051,-7.5E-02));
#1971 = LINE('',#1972,#1973);
#1972 = CARTESIAN_POINT('',(1.77269,-13.576134,-7.5E-02));
#1973 = VECTOR('',#1974,1.);
#1974 = DIRECTION('',(-0.899687168086,-0.436535221467,0.));
#1975 = ORIENTED_EDGE('',*,*,#1976,.T.);
#1976 = EDGE_CURVE('',#1969,#1977,#1979,.T.);
#1977 = VERTEX_POINT('',#1978);
#1978 = CARTESIAN_POINT('',(1.229233,-13.645829,-7.5E-02));
#1979 = LINE('',#1980,#1981);
#1980 = CARTESIAN_POINT('',(1.626532,-13.647051,-7.5E-02));
#1981 = VECTOR('',#1982,1.);
#1982 = DIRECTION('',(-0.999995269856,3.075754582222E-03,0.));
#1983 = ORIENTED_EDGE('',*,*,#1984,.T.);
#1984 = EDGE_CURVE('',#1977,#1985,#1987,.T.);
#1985 = VERTEX_POINT('',#1986);
#1986 = CARTESIAN_POINT('',(0.933579,-13.346219,-7.5E-02));
#1987 = CIRCLE('',#1988,0.421920315128);
#1988 = AXIS2_PLACEMENT_3D('',#1989,#1990,#1991);
#1989 = CARTESIAN_POINT('',(1.341694009664,-13.23917278939,-7.5E-02));
#1990 = DIRECTION('',(0.,0.,-1.));
#1991 = DIRECTION('',(-0.266545614496,-0.963822304885,-0.));
#1992 = ORIENTED_EDGE('',*,*,#1993,.T.);
#1993 = EDGE_CURVE('',#1985,#1994,#1996,.T.);
#1994 = VERTEX_POINT('',#1995);
#1995 = CARTESIAN_POINT('',(0.934801,-13.009396,-7.5E-02));
#1996 = LINE('',#1997,#1998);
#1997 = CARTESIAN_POINT('',(0.933579,-13.346219,-7.5E-02));
#1998 = VECTOR('',#1999,1.);
#1999 = DIRECTION('',(3.627994399972E-03,0.999993418807,0.));
#2000 = ORIENTED_EDGE('',*,*,#2001,.T.);
#2001 = EDGE_CURVE('',#1994,#2002,#2004,.T.);
#2002 = VERTEX_POINT('',#2003);
#2003 = CARTESIAN_POINT('',(1.234411,-12.713742,-7.5E-02));
#2004 = CIRCLE('',#2005,0.421922271538);
#2005 = AXIS2_PLACEMENT_3D('',#2006,#2007,#2008);
#2006 = CARTESIAN_POINT('',(1.341458796109,-13.12185861638,-7.5E-02));
#2007 = DIRECTION('',(0.,0.,-1.));
#2008 = DIRECTION('',(-0.963821593552,0.266548186644,0.));
#2009 = ORIENTED_EDGE('',*,*,#2010,.T.);
#2010 = EDGE_CURVE('',#2002,#2011,#2013,.T.);
#2011 = VERTEX_POINT('',#2012);
#2012 = CARTESIAN_POINT('',(1.265189,-12.712301,-7.5E-02));
#2013 = LINE('',#2014,#2015);
#2014 = CARTESIAN_POINT('',(1.234411,-12.713742,-7.5E-02));
#2015 = VECTOR('',#2016,1.);
#2016 = DIRECTION('',(0.998905781884,4.676792617113E-02,0.));
#2017 = ORIENTED_EDGE('',*,*,#2018,.T.);
#2018 = EDGE_CURVE('',#2011,#1841,#2019,.T.);
#2019 = LINE('',#2020,#2021);
#2020 = CARTESIAN_POINT('',(1.265189,-12.712301,-7.5E-02));
#2021 = VECTOR('',#2022,1.);
#2022 = DIRECTION('',(-0.656299170339,0.754500761439,0.));
#2023 = PLANE('',#2024);
#2024 = AXIS2_PLACEMENT_3D('',#2025,#2026,#2027);
#2025 = CARTESIAN_POINT('',(0.,0.,-7.5E-02));
#2026 = DIRECTION('',(-0.,-0.,-1.));
#2027 = DIRECTION('',(-1.,0.,0.));
#2028 = SHELL_BASED_SURFACE_MODEL('',(#2029));
#2029 = OPEN_SHELL('',(#2030));
#2030 = ADVANCED_FACE('',(#2031),#2190,.T.);
#2031 = FACE_BOUND('',#2032,.T.);
#2032 = EDGE_LOOP('',(#2033,#2044,#2052,#2061,#2069,#2078,#2086,#2094,
    #2102,#2110,#2118,#2127,#2135,#2144,#2152,#2160,#2168,#2176,#2184));
#2033 = ORIENTED_EDGE('',*,*,#2034,.T.);
#2034 = EDGE_CURVE('',#2035,#2037,#2039,.T.);
#2035 = VERTEX_POINT('',#2036);
#2036 = CARTESIAN_POINT('',(3.62825,19.69915,-7.5E-02));
#2037 = VERTEX_POINT('',#2038);
#2038 = CARTESIAN_POINT('',(4.259657,19.693786,-7.5E-02));
#2039 = CIRCLE('',#2040,0.552470011207);
#2040 = AXIS2_PLACEMENT_3D('',#2041,#2042,#2043);
#2041 = CARTESIAN_POINT('',(3.940102092163,19.243111201326,-7.5E-02));
#2042 = DIRECTION('',(0.,0.,-1.));
#2043 = DIRECTION('',(-0.564468814302,0.82545439467,0.));
#2044 = ORIENTED_EDGE('',*,*,#2045,.T.);
#2045 = EDGE_CURVE('',#2037,#2046,#2048,.T.);
#2046 = VERTEX_POINT('',#2047);
#2047 = CARTESIAN_POINT('',(4.335213,19.617224,-7.5E-02));
#2048 = LINE('',#2049,#2050);
#2049 = CARTESIAN_POINT('',(4.259657,19.693786,-7.5E-02));
#2050 = VECTOR('',#2051,1.);
#2051 = DIRECTION('',(0.702415120972,-0.711767516701,0.));
#2052 = ORIENTED_EDGE('',*,*,#2053,.T.);
#2053 = EDGE_CURVE('',#2046,#2054,#2056,.T.);
#2054 = VERTEX_POINT('',#2055);
#2055 = CARTESIAN_POINT('',(4.21982,19.522523,-7.5E-02));
#2056 = CIRCLE('',#2057,7.499996838527E-02);
#2057 = AXIS2_PLACEMENT_3D('',#2058,#2059,#2060);
#2058 = CARTESIAN_POINT('',(4.272852972468,19.575556,-7.5E-02));
#2059 = DIRECTION('',(0.,0.,-1.));
#2060 = DIRECTION('',(0.831467384248,0.555573567524,0.));
#2061 = ORIENTED_EDGE('',*,*,#2062,.T.);
#2062 = EDGE_CURVE('',#2054,#2063,#2065,.T.);
#2063 = VERTEX_POINT('',#2064);
#2064 = CARTESIAN_POINT('',(4.16795,19.574393,-7.5E-02));
#2065 = LINE('',#2066,#2067);
#2066 = CARTESIAN_POINT('',(4.21982,19.522523,-7.5E-02));
#2067 = VECTOR('',#2068,1.);
#2068 = DIRECTION('',(-0.707106781187,0.707106781187,0.));
#2069 = ORIENTED_EDGE('',*,*,#2070,.T.);
#2070 = EDGE_CURVE('',#2063,#2071,#2073,.T.);
#2071 = VERTEX_POINT('',#2072);
#2072 = CARTESIAN_POINT('',(3.712518,19.574393,-7.5E-02));
#2073 = CIRCLE('',#2074,0.407259497449);
#2074 = AXIS2_PLACEMENT_3D('',#2075,#2076,#2077);
#2075 = CARTESIAN_POINT('',(3.940234,19.236745666815,-7.5E-02));
#2076 = DIRECTION('',(0.,0.,1.));
#2077 = DIRECTION('',(0.559142270287,0.829071722819,-0.));
#2078 = ORIENTED_EDGE('',*,*,#2079,.T.);
#2079 = EDGE_CURVE('',#2071,#2080,#2082,.T.);
#2080 = VERTEX_POINT('',#2081);
#2081 = CARTESIAN_POINT('',(3.669253,19.531129,-7.5E-02));
#2082 = LINE('',#2083,#2084);
#2083 = CARTESIAN_POINT('',(3.712518,19.574393,-7.5E-02));
#2084 = VECTOR('',#2085,1.);
#2085 = DIRECTION('',(-0.707114953044,-0.707098609234,0.));
#2086 = ORIENTED_EDGE('',*,*,#2087,.T.);
#2087 = EDGE_CURVE('',#2080,#2088,#2090,.T.);
#2088 = VERTEX_POINT('',#2089);
#2089 = CARTESIAN_POINT('',(3.622138,19.436899,-7.5E-02));
#2090 = LINE('',#2091,#2092);
#2091 = CARTESIAN_POINT('',(3.669253,19.531129,-7.5E-02));
#2092 = VECTOR('',#2093,1.);
#2093 = DIRECTION('',(-0.4472135955,-0.894427191,0.));
#2094 = ORIENTED_EDGE('',*,*,#2095,.T.);
#2095 = EDGE_CURVE('',#2088,#2096,#2098,.T.);
#2096 = VERTEX_POINT('',#2097);
#2097 = CARTESIAN_POINT('',(3.622138,19.345822,-7.5E-02));
#2098 = LINE('',#2099,#2100);
#2099 = CARTESIAN_POINT('',(3.622138,19.436899,-7.5E-02));
#2100 = VECTOR('',#2101,1.);
#2101 = DIRECTION('',(0.,-1.,0.));
#2102 = ORIENTED_EDGE('',*,*,#2103,.T.);
#2103 = EDGE_CURVE('',#2096,#2104,#2106,.T.);
#2104 = VERTEX_POINT('',#2105);
#2105 = CARTESIAN_POINT('',(3.673167,19.192737,-7.5E-02));
#2106 = LINE('',#2107,#2108);
#2107 = CARTESIAN_POINT('',(3.622138,19.345822,-7.5E-02));
#2108 = VECTOR('',#2109,1.);
#2109 = DIRECTION('',(0.316231484271,-0.948682058625,0.));
#2110 = ORIENTED_EDGE('',*,*,#2111,.T.);
#2111 = EDGE_CURVE('',#2104,#2112,#2114,.T.);
#2112 = VERTEX_POINT('',#2113);
#2113 = CARTESIAN_POINT('',(4.395689,18.468176,-7.5E-02));
#2114 = LINE('',#2115,#2116);
#2115 = CARTESIAN_POINT('',(3.673167,19.192737,-7.5E-02));
#2116 = VECTOR('',#2117,1.);
#2117 = DIRECTION('',(0.706109737433,-0.708102421054,0.));
#2118 = ORIENTED_EDGE('',*,*,#2119,.T.);
#2119 = EDGE_CURVE('',#2112,#2120,#2122,.T.);
#2120 = VERTEX_POINT('',#2121);
#2121 = CARTESIAN_POINT('',(4.333329,18.351508,-7.5E-02));
#2122 = CIRCLE('',#2123,7.499979580331E-02);
#2123 = AXIS2_PLACEMENT_3D('',#2124,#2125,#2126);
#2124 = CARTESIAN_POINT('',(4.333329316474,18.426507795803,-7.5E-02));
#2125 = DIRECTION('',(0.,0.,-1.));
#2126 = DIRECTION('',(0.831464710782,0.555577568593,0.));
#2127 = ORIENTED_EDGE('',*,*,#2128,.T.);
#2128 = EDGE_CURVE('',#2120,#2129,#2131,.T.);
#2129 = VERTEX_POINT('',#2130);
#2130 = CARTESIAN_POINT('',(3.532506,18.352949,-7.5E-02));
#2131 = LINE('',#2132,#2133);
#2132 = CARTESIAN_POINT('',(4.333329,18.351508,-7.5E-02));
#2133 = VECTOR('',#2134,1.);
#2134 = DIRECTION('',(-0.999998381086,1.799395955341E-03,0.));
#2135 = ORIENTED_EDGE('',*,*,#2136,.T.);
#2136 = EDGE_CURVE('',#2129,#2137,#2139,.T.);
#2137 = VERTEX_POINT('',#2138);
#2138 = CARTESIAN_POINT('',(3.547138,18.501508,-7.5E-02));
#2139 = CIRCLE('',#2140,7.500006711464E-02);
#2140 = AXIS2_PLACEMENT_3D('',#2141,#2142,#2143);
#2141 = CARTESIAN_POINT('',(3.547137932885,18.426507932885,-7.5E-02));
#2142 = DIRECTION('',(0.,0.,-1.));
#2143 = DIRECTION('',(-0.195092263891,-0.980784894138,-0.));
#2144 = ORIENTED_EDGE('',*,*,#2145,.T.);
#2145 = EDGE_CURVE('',#2137,#2146,#2148,.T.);
#2146 = VERTEX_POINT('',#2147);
#2147 = CARTESIAN_POINT('',(4.152263,18.501508,-7.5E-02));
#2148 = LINE('',#2149,#2150);
#2149 = CARTESIAN_POINT('',(3.547138,18.501508,-7.5E-02));
#2150 = VECTOR('',#2151,1.);
#2151 = DIRECTION('',(1.,0.,0.));
#2152 = ORIENTED_EDGE('',*,*,#2153,.T.);
#2153 = EDGE_CURVE('',#2146,#2154,#2156,.T.);
#2154 = VERTEX_POINT('',#2155);
#2155 = CARTESIAN_POINT('',(3.542458,19.11508,-7.5E-02));
#2156 = LINE('',#2157,#2158);
#2157 = CARTESIAN_POINT('',(4.152263,18.501508,-7.5E-02));
#2158 = VECTOR('',#2159,1.);
#2159 = DIRECTION('',(-0.704926129146,0.709280728941,0.));
#2160 = ORIENTED_EDGE('',*,*,#2161,.T.);
#2161 = EDGE_CURVE('',#2154,#2162,#2164,.T.);
#2162 = VERTEX_POINT('',#2163);
#2163 = CARTESIAN_POINT('',(3.472867,19.326246,-7.5E-02));
#2164 = LINE('',#2165,#2166);
#2165 = CARTESIAN_POINT('',(3.542458,19.11508,-7.5E-02));
#2166 = VECTOR('',#2167,1.);
#2167 = DIRECTION('',(-0.312997060143,0.94975409467,0.));
#2168 = ORIENTED_EDGE('',*,*,#2169,.T.);
#2169 = EDGE_CURVE('',#2162,#2170,#2172,.T.);
#2170 = VERTEX_POINT('',#2171);
#2171 = CARTESIAN_POINT('',(3.474801,19.474414,-7.5E-02));
#2172 = LINE('',#2173,#2174);
#2173 = CARTESIAN_POINT('',(3.472867,19.326246,-7.5E-02));
#2174 = VECTOR('',#2175,1.);
#2175 = DIRECTION('',(1.305163914674E-02,0.99991482373,0.));
#2176 = ORIENTED_EDGE('',*,*,#2177,.T.);
#2177 = EDGE_CURVE('',#2170,#2178,#2180,.T.);
#2178 = VERTEX_POINT('',#2179);
#2179 = CARTESIAN_POINT('',(3.549861,19.622838,-7.5E-02));
#2180 = LINE('',#2181,#2182);
#2181 = CARTESIAN_POINT('',(3.474801,19.474414,-7.5E-02));
#2182 = VECTOR('',#2183,1.);
#2183 = DIRECTION('',(0.451287730359,0.892378498412,0.));
#2184 = ORIENTED_EDGE('',*,*,#2185,.T.);
#2185 = EDGE_CURVE('',#2178,#2035,#2186,.T.);
#2186 = LINE('',#2187,#2188);
#2187 = CARTESIAN_POINT('',(3.549861,19.622838,-7.5E-02));
#2188 = VECTOR('',#2189,1.);
#2189 = DIRECTION('',(0.716535748826,0.69755037141,0.));
#2190 = PLANE('',#2191);
#2191 = AXIS2_PLACEMENT_3D('',#2192,#2193,#2194);
#2192 = CARTESIAN_POINT('',(0.,0.,-7.5E-02));
#2193 = DIRECTION('',(-0.,-0.,-1.));
#2194 = DIRECTION('',(-1.,0.,0.));
#2195 = SHELL_BASED_SURFACE_MODEL('',(#2196));
#2196 = OPEN_SHELL('',(#2197));
#2197 = ADVANCED_FACE('',(#2198),#2347,.T.);
#2198 = FACE_BOUND('',#2199,.T.);
#2199 = EDGE_LOOP('',(#2200,#2210,#2218,#2226,#2234,#2242,#2250,#2258,
    #2267,#2275,#2283,#2291,#2299,#2308,#2316,#2325,#2333,#2341));
#2200 = ORIENTED_EDGE('',*,*,#2201,.T.);
#2201 = EDGE_CURVE('',#2202,#2204,#2206,.T.);
#2202 = VERTEX_POINT('',#2203);
#2203 = CARTESIAN_POINT('',(6.397018,19.749596,-7.5E-02));
#2204 = VERTEX_POINT('',#2205);
#2205 = CARTESIAN_POINT('',(6.435364,19.770067,-7.5E-02));
#2206 = LINE('',#2207,#2208);
#2207 = CARTESIAN_POINT('',(6.397018,19.749596,-7.5E-02));
#2208 = VECTOR('',#2209,1.);
#2209 = DIRECTION('',(0.882163732375,0.470942830163,0.));
#2210 = ORIENTED_EDGE('',*,*,#2211,.T.);
#2211 = EDGE_CURVE('',#2204,#2212,#2214,.T.);
#2212 = VERTEX_POINT('',#2213);
#2213 = CARTESIAN_POINT('',(6.45728,19.770067,-7.5E-02));
#2214 = LINE('',#2215,#2216);
#2215 = CARTESIAN_POINT('',(6.435364,19.770067,-7.5E-02));
#2216 = VECTOR('',#2217,1.);
#2217 = DIRECTION('',(1.,0.,0.));
#2218 = ORIENTED_EDGE('',*,*,#2219,.T.);
#2219 = EDGE_CURVE('',#2212,#2220,#2222,.T.);
#2220 = VERTEX_POINT('',#2221);
#2221 = CARTESIAN_POINT('',(6.491664,19.758868,-7.5E-02));
#2222 = LINE('',#2223,#2224);
#2223 = CARTESIAN_POINT('',(6.45728,19.770067,-7.5E-02));
#2224 = VECTOR('',#2225,1.);
#2225 = DIRECTION('',(0.950837159691,-0.309691291048,0.));
#2226 = ORIENTED_EDGE('',*,*,#2227,.T.);
#2227 = EDGE_CURVE('',#2220,#2228,#2230,.T.);
#2228 = VERTEX_POINT('',#2229);
#2229 = CARTESIAN_POINT('',(6.5124,19.738111,-7.5E-02));
#2230 = LINE('',#2231,#2232);
#2231 = CARTESIAN_POINT('',(6.491664,19.758868,-7.5E-02));
#2232 = VECTOR('',#2233,1.);
#2233 = DIRECTION('',(0.706748817237,-0.707464564013,0.));
#2234 = ORIENTED_EDGE('',*,*,#2235,.T.);
#2235 = EDGE_CURVE('',#2228,#2236,#2238,.T.);
#2236 = VERTEX_POINT('',#2237);
#2237 = CARTESIAN_POINT('',(6.629234,19.56286,-7.5E-02));
#2238 = LINE('',#2239,#2240);
#2239 = CARTESIAN_POINT('',(6.5124,19.738111,-7.5E-02));
#2240 = VECTOR('',#2241,1.);
#2241 = DIRECTION('',(0.554700196225,-0.832050294338,0.));
#2242 = ORIENTED_EDGE('',*,*,#2243,.T.);
#2243 = EDGE_CURVE('',#2236,#2244,#2246,.T.);
#2244 = VERTEX_POINT('',#2245);
#2245 = CARTESIAN_POINT('',(6.736327,19.455766,-7.5E-02));
#2246 = LINE('',#2247,#2248);
#2247 = CARTESIAN_POINT('',(6.629234,19.56286,-7.5E-02));
#2248 = VECTOR('',#2249,1.);
#2249 = DIRECTION('',(0.707103479826,-0.707110082531,0.));
#2250 = ORIENTED_EDGE('',*,*,#2251,.T.);
#2251 = EDGE_CURVE('',#2244,#2252,#2254,.T.);
#2252 = VERTEX_POINT('',#2253);
#2253 = CARTESIAN_POINT('',(6.858836,19.392901,-7.5E-02));
#2254 = LINE('',#2255,#2256);
#2255 = CARTESIAN_POINT('',(6.736327,19.455766,-7.5E-02));
#2256 = VECTOR('',#2257,1.);
#2257 = DIRECTION('',(0.889699860019,-0.456545900302,0.));
#2258 = ORIENTED_EDGE('',*,*,#2259,.T.);
#2259 = EDGE_CURVE('',#2252,#2260,#2262,.T.);
#2260 = VERTEX_POINT('',#2261);
#2261 = CARTESIAN_POINT('',(6.779312,19.266569,-7.5E-02));
#2262 = CIRCLE('',#2263,7.49999426631E-02);
#2263 = AXIS2_PLACEMENT_3D('',#2264,#2265,#2266);
#2264 = CARTESIAN_POINT('',(6.812853280019,19.333650845041,-7.5E-02));
#2265 = DIRECTION('',(0.,0.,-1.));
#2266 = DIRECTION('',(0.613103401791,0.790002670066,0.));
#2267 = ORIENTED_EDGE('',*,*,#2268,.T.);
#2268 = EDGE_CURVE('',#2260,#2269,#2271,.T.);
#2269 = VERTEX_POINT('',#2270);
#2270 = CARTESIAN_POINT('',(6.644617,19.336374,-7.5E-02));
#2271 = LINE('',#2272,#2273);
#2272 = CARTESIAN_POINT('',(6.779312,19.266569,-7.5E-02));
#2273 = VECTOR('',#2274,1.);
#2274 = DIRECTION('',(-0.88785377654,0.460125712695,0.));
#2275 = ORIENTED_EDGE('',*,*,#2276,.T.);
#2276 = EDGE_CURVE('',#2269,#2277,#2279,.T.);
#2277 = VERTEX_POINT('',#2278);
#2278 = CARTESIAN_POINT('',(6.524996,19.454966,-7.5E-02));
#2279 = LINE('',#2280,#2281);
#2280 = CARTESIAN_POINT('',(6.644617,19.336374,-7.5E-02));
#2281 = VECTOR('',#2282,1.);
#2282 = DIRECTION('',(-0.710154619004,0.7040457493,0.));
#2283 = ORIENTED_EDGE('',*,*,#2284,.T.);
#2284 = EDGE_CURVE('',#2277,#2285,#2287,.T.);
#2285 = VERTEX_POINT('',#2286);
#2286 = CARTESIAN_POINT('',(6.524996,18.501508,-7.5E-02));
#2287 = LINE('',#2288,#2289);
#2288 = CARTESIAN_POINT('',(6.524996,19.454966,-7.5E-02));
#2289 = VECTOR('',#2290,1.);
#2290 = DIRECTION('',(0.,-1.,0.));
#2291 = ORIENTED_EDGE('',*,*,#2292,.T.);
#2292 = EDGE_CURVE('',#2285,#2293,#2295,.T.);
#2293 = VERTEX_POINT('',#2294);
#2294 = CARTESIAN_POINT('',(6.827485,18.500067,-7.5E-02));
#2295 = LINE('',#2296,#2297);
#2296 = CARTESIAN_POINT('',(6.524996,18.501508,-7.5E-02));
#2297 = VECTOR('',#2298,1.);
#2298 = DIRECTION('',(0.999988653252,-4.763755539329E-03,0.));
#2299 = ORIENTED_EDGE('',*,*,#2300,.T.);
#2300 = EDGE_CURVE('',#2293,#2301,#2303,.T.);
#2301 = VERTEX_POINT('',#2302);
#2302 = CARTESIAN_POINT('',(6.812853,18.351508,-7.5E-02));
#2303 = CIRCLE('',#2304,7.500006711464E-02);
#2304 = AXIS2_PLACEMENT_3D('',#2305,#2306,#2307);
#2305 = CARTESIAN_POINT('',(6.812853067115,18.426508067115,-7.5E-02));
#2306 = DIRECTION('',(0.,0.,-1.));
#2307 = DIRECTION('',(0.195092263891,0.980784894138,0.));
#2308 = ORIENTED_EDGE('',*,*,#2309,.T.);
#2309 = EDGE_CURVE('',#2301,#2310,#2312,.T.);
#2310 = VERTEX_POINT('',#2311);
#2311 = CARTESIAN_POINT('',(6.072506,18.352949,-7.5E-02));
#2312 = LINE('',#2313,#2314);
#2313 = CARTESIAN_POINT('',(6.812853,18.351508,-7.5E-02));
#2314 = VECTOR('',#2315,1.);
#2315 = DIRECTION('',(-0.999998105799,1.94638091389E-03,0.));
#2316 = ORIENTED_EDGE('',*,*,#2317,.T.);
#2317 = EDGE_CURVE('',#2310,#2318,#2320,.T.);
#2318 = VERTEX_POINT('',#2319);
#2319 = CARTESIAN_POINT('',(6.087138,18.501508,-7.5E-02));
#2320 = CIRCLE('',#2321,7.500006711464E-02);
#2321 = AXIS2_PLACEMENT_3D('',#2322,#2323,#2324);
#2322 = CARTESIAN_POINT('',(6.087137932885,18.426507932885,-7.5E-02));
#2323 = DIRECTION('',(0.,0.,-1.));
#2324 = DIRECTION('',(-0.195092263891,-0.980784894138,-0.));
#2325 = ORIENTED_EDGE('',*,*,#2326,.T.);
#2326 = EDGE_CURVE('',#2318,#2327,#2329,.T.);
#2327 = VERTEX_POINT('',#2328);
#2328 = CARTESIAN_POINT('',(6.374996,18.501508,-7.5E-02));
#2329 = LINE('',#2330,#2331);
#2330 = CARTESIAN_POINT('',(6.087138,18.501508,-7.5E-02));
#2331 = VECTOR('',#2332,1.);
#2332 = DIRECTION('',(1.,0.,0.));
#2333 = ORIENTED_EDGE('',*,*,#2334,.T.);
#2334 = EDGE_CURVE('',#2327,#2335,#2337,.T.);
#2335 = VERTEX_POINT('',#2336);
#2336 = CARTESIAN_POINT('',(6.376437,19.71114,-7.5E-02));
#2337 = LINE('',#2338,#2339);
#2338 = CARTESIAN_POINT('',(6.374996,18.501508,-7.5E-02));
#2339 = VECTOR('',#2340,1.);
#2340 = DIRECTION('',(1.191270549654E-03,0.999999290437,0.));
#2341 = ORIENTED_EDGE('',*,*,#2342,.T.);
#2342 = EDGE_CURVE('',#2335,#2202,#2343,.T.);
#2343 = LINE('',#2344,#2345);
#2344 = CARTESIAN_POINT('',(6.376437,19.71114,-7.5E-02));
#2345 = VECTOR('',#2346,1.);
#2346 = DIRECTION('',(0.471857451169,0.881674852639,0.));
#2347 = PLANE('',#2348);
#2348 = AXIS2_PLACEMENT_3D('',#2349,#2350,#2351);
#2349 = CARTESIAN_POINT('',(0.,0.,-7.5E-02));
#2350 = DIRECTION('',(-0.,-0.,-1.));
#2351 = DIRECTION('',(-1.,0.,0.));
#2352 = SHELL_BASED_SURFACE_MODEL('',(#2353));
#2353 = OPEN_SHELL('',(#2354));
#2354 = ADVANCED_FACE('',(#2355),#2498,.T.);
#2355 = FACE_BOUND('',#2356,.T.);
#2356 = EDGE_LOOP('',(#2357,#2368,#2376,#2385,#2393,#2401,#2410,#2418,
    #2426,#2435,#2443,#2451,#2460,#2468,#2476,#2484,#2492));
#2357 = ORIENTED_EDGE('',*,*,#2358,.T.);
#2358 = EDGE_CURVE('',#2359,#2361,#2363,.T.);
#2359 = VERTEX_POINT('',#2360);
#2360 = CARTESIAN_POINT('',(-1.168778,19.802967,-7.5E-02));
#2361 = VERTEX_POINT('',#2362);
#2362 = CARTESIAN_POINT('',(-1.038377,19.780701,-7.5E-02));
#2363 = CIRCLE('',#2364,7.500013401235E-02);
#2364 = AXIS2_PLACEMENT_3D('',#2365,#2366,#2367);
#2365 = CARTESIAN_POINT('',(-1.10952823704,19.756983462826,-7.5E-02));
#2366 = DIRECTION('',(0.,0.,-1.));
#2367 = DIRECTION('',(-0.789995427882,0.613112733455,0.));
#2368 = ORIENTED_EDGE('',*,*,#2369,.T.);
#2369 = EDGE_CURVE('',#2361,#2370,#2372,.T.);
#2370 = VERTEX_POINT('',#2371);
#2371 = CARTESIAN_POINT('',(-0.732736,18.859222,-7.5E-02));
#2372 = LINE('',#2373,#2374);
#2373 = CARTESIAN_POINT('',(-1.038377,19.780701,-7.5E-02));
#2374 = VECTOR('',#2375,1.);
#2375 = DIRECTION('',(0.314819572033,-0.949151535354,0.));
#2376 = ORIENTED_EDGE('',*,*,#2377,.T.);
#2377 = EDGE_CURVE('',#2370,#2378,#2380,.T.);
#2378 = VERTEX_POINT('',#2379);
#2379 = CARTESIAN_POINT('',(-0.807147,18.774842,-7.5E-02));
#2380 = CIRCLE('',#2381,7.499861641291E-02);
#2381 = AXIS2_PLACEMENT_3D('',#2382,#2383,#2384);
#2382 = CARTESIAN_POINT('',(-0.807145556547,18.849840616399,-7.5E-02));
#2383 = DIRECTION('',(0.,0.,-1.));
#2384 = DIRECTION('',(0.992145723566,0.125087422271,0.));
#2385 = ORIENTED_EDGE('',*,*,#2386,.T.);
#2386 = EDGE_CURVE('',#2378,#2387,#2389,.T.);
#2387 = VERTEX_POINT('',#2388);
#2388 = CARTESIAN_POINT('',(-1.336909,18.774842,-7.5E-02));
#2389 = LINE('',#2390,#2391);
#2390 = CARTESIAN_POINT('',(-0.807147,18.774842,-7.5E-02));
#2391 = VECTOR('',#2392,1.);
#2392 = DIRECTION('',(-1.,0.,0.));
#2393 = ORIENTED_EDGE('',*,*,#2394,.T.);
#2394 = EDGE_CURVE('',#2387,#2395,#2397,.T.);
#2395 = VERTEX_POINT('',#2396);
#2396 = CARTESIAN_POINT('',(-1.33835,18.411876,-7.5E-02));
#2397 = LINE('',#2398,#2399);
#2398 = CARTESIAN_POINT('',(-1.336909,18.774842,-7.5E-02));
#2399 = VECTOR('',#2400,1.);
#2400 = DIRECTION('',(-3.970037535229E-03,-0.99999211937,0.));
#2401 = ORIENTED_EDGE('',*,*,#2402,.T.);
#2402 = EDGE_CURVE('',#2395,#2403,#2405,.T.);
#2403 = VERTEX_POINT('',#2404);
#2404 = CARTESIAN_POINT('',(-1.486909,18.426508,-7.5E-02));
#2405 = CIRCLE('',#2406,7.500006711464E-02);
#2406 = AXIS2_PLACEMENT_3D('',#2407,#2408,#2409);
#2407 = CARTESIAN_POINT('',(-1.411908932885,18.426507932885,-7.5E-02));
#2408 = DIRECTION('',(-0.,0.,-1.));
#2409 = DIRECTION('',(0.980784894138,-0.195092263891,-0.));
#2410 = ORIENTED_EDGE('',*,*,#2411,.T.);
#2411 = EDGE_CURVE('',#2403,#2412,#2414,.T.);
#2412 = VERTEX_POINT('',#2413);
#2413 = CARTESIAN_POINT('',(-1.486909,18.774842,-7.5E-02));
#2414 = LINE('',#2415,#2416);
#2415 = CARTESIAN_POINT('',(-1.486909,18.426508,-7.5E-02));
#2416 = VECTOR('',#2417,1.);
#2417 = DIRECTION('',(0.,1.,0.));
#2418 = ORIENTED_EDGE('',*,*,#2419,.T.);
#2419 = EDGE_CURVE('',#2412,#2420,#2422,.T.);
#2420 = VERTEX_POINT('',#2421);
#2421 = CARTESIAN_POINT('',(-1.60797,18.776283,-7.5E-02));
#2422 = LINE('',#2423,#2424);
#2423 = CARTESIAN_POINT('',(-1.486909,18.774842,-7.5E-02));
#2424 = VECTOR('',#2425,1.);
#2425 = DIRECTION('',(-0.999929165749,1.19022470312E-02,0.));
#2426 = ORIENTED_EDGE('',*,*,#2427,.T.);
#2427 = EDGE_CURVE('',#2420,#2428,#2430,.T.);
#2428 = VERTEX_POINT('',#2429);
#2429 = CARTESIAN_POINT('',(-1.593338,18.924842,-7.5E-02));
#2430 = CIRCLE('',#2431,7.500006711464E-02);
#2431 = AXIS2_PLACEMENT_3D('',#2432,#2433,#2434);
#2432 = CARTESIAN_POINT('',(-1.593338067115,18.849841932885,-7.5E-02));
#2433 = DIRECTION('',(0.,0.,-1.));
#2434 = DIRECTION('',(-0.195092263891,-0.980784894138,-0.));
#2435 = ORIENTED_EDGE('',*,*,#2436,.T.);
#2436 = EDGE_CURVE('',#2428,#2437,#2439,.T.);
#2437 = VERTEX_POINT('',#2438);
#2438 = CARTESIAN_POINT('',(-1.486909,18.924842,-7.5E-02));
#2439 = LINE('',#2440,#2441);
#2440 = CARTESIAN_POINT('',(-1.593338,18.924842,-7.5E-02));
#2441 = VECTOR('',#2442,1.);
#2442 = DIRECTION('',(1.,0.,0.));
#2443 = ORIENTED_EDGE('',*,*,#2444,.T.);
#2444 = EDGE_CURVE('',#2437,#2445,#2447,.T.);
#2445 = VERTEX_POINT('',#2446);
#2446 = CARTESIAN_POINT('',(-1.485468,19.287807,-7.5E-02));
#2447 = LINE('',#2448,#2449);
#2448 = CARTESIAN_POINT('',(-1.486909,18.924842,-7.5E-02));
#2449 = VECTOR('',#2450,1.);
#2450 = DIRECTION('',(3.970048472854E-03,0.999992119327,0.));
#2451 = ORIENTED_EDGE('',*,*,#2452,.T.);
#2452 = EDGE_CURVE('',#2445,#2453,#2455,.T.);
#2453 = VERTEX_POINT('',#2454);
#2454 = CARTESIAN_POINT('',(-1.336909,19.273175,-7.5E-02));
#2455 = CIRCLE('',#2456,7.500006711464E-02);
#2456 = AXIS2_PLACEMENT_3D('',#2457,#2458,#2459);
#2457 = CARTESIAN_POINT('',(-1.411909067115,19.273175067115,-7.5E-02));
#2458 = DIRECTION('',(0.,0.,-1.));
#2459 = DIRECTION('',(-0.980784894138,0.195092263891,0.));
#2460 = ORIENTED_EDGE('',*,*,#2461,.T.);
#2461 = EDGE_CURVE('',#2453,#2462,#2464,.T.);
#2462 = VERTEX_POINT('',#2463);
#2463 = CARTESIAN_POINT('',(-1.336909,18.924842,-7.5E-02));
#2464 = LINE('',#2465,#2466);
#2465 = CARTESIAN_POINT('',(-1.336909,19.273175,-7.5E-02));
#2466 = VECTOR('',#2467,1.);
#2467 = DIRECTION('',(0.,-1.,0.));
#2468 = ORIENTED_EDGE('',*,*,#2469,.T.);
#2469 = EDGE_CURVE('',#2462,#2470,#2472,.T.);
#2470 = VERTEX_POINT('',#2471);
#2471 = CARTESIAN_POINT('',(-0.911204,18.924842,-7.5E-02));
#2472 = LINE('',#2473,#2474);
#2473 = CARTESIAN_POINT('',(-1.336909,18.924842,-7.5E-02));
#2474 = VECTOR('',#2475,1.);
#2475 = DIRECTION('',(1.,0.,0.));
#2476 = ORIENTED_EDGE('',*,*,#2477,.T.);
#2477 = EDGE_CURVE('',#2470,#2478,#2480,.T.);
#2478 = VERTEX_POINT('',#2479);
#2479 = CARTESIAN_POINT('',(-1.183939,19.747604,-7.5E-02));
#2480 = LINE('',#2481,#2482);
#2481 = CARTESIAN_POINT('',(-0.911204,18.924842,-7.5E-02));
#2482 = VECTOR('',#2483,1.);
#2483 = DIRECTION('',(-0.314650126992,0.949207720989,0.));
#2484 = ORIENTED_EDGE('',*,*,#2485,.T.);
#2485 = EDGE_CURVE('',#2478,#2486,#2488,.T.);
#2486 = VERTEX_POINT('',#2487);
#2487 = CARTESIAN_POINT('',(-1.181864,19.776794,-7.5E-02));
#2488 = LINE('',#2489,#2490);
#2489 = CARTESIAN_POINT('',(-1.183939,19.747604,-7.5E-02));
#2490 = VECTOR('',#2491,1.);
#2491 = DIRECTION('',(7.09070597027E-02,0.997482926613,0.));
#2492 = ORIENTED_EDGE('',*,*,#2493,.T.);
#2493 = EDGE_CURVE('',#2486,#2359,#2494,.T.);
#2494 = LINE('',#2495,#2496);
#2495 = CARTESIAN_POINT('',(-1.181864,19.776794,-7.5E-02));
#2496 = VECTOR('',#2497,1.);
#2497 = DIRECTION('',(0.447199925879,0.89443402568,0.));
#2498 = PLANE('',#2499);
#2499 = AXIS2_PLACEMENT_3D('',#2500,#2501,#2502);
#2500 = CARTESIAN_POINT('',(0.,0.,-7.5E-02));
#2501 = DIRECTION('',(-0.,-0.,-1.));
#2502 = DIRECTION('',(-1.,0.,0.));
#2503 = SHELL_BASED_SURFACE_MODEL('',(#2504));
#2504 = OPEN_SHELL('',(#2505));
#2505 = ADVANCED_FACE('',(#2506),#2692,.T.);
#2506 = FACE_BOUND('',#2507,.T.);
#2507 = EDGE_LOOP('',(#2508,#2519,#2527,#2536,#2544,#2552,#2561,#2569,
    #2578,#2586,#2595,#2603,#2611,#2619,#2628,#2636,#2644,#2652,#2661,
    #2669,#2678,#2686));
#2508 = ORIENTED_EDGE('',*,*,#2509,.T.);
#2509 = EDGE_CURVE('',#2510,#2512,#2514,.T.);
#2510 = VERTEX_POINT('',#2511);
#2511 = CARTESIAN_POINT('',(0.942144,19.659081,-7.5E-02));
#2512 = VERTEX_POINT('',#2513);
#2513 = CARTESIAN_POINT('',(1.007138,19.771508,-7.5E-02));
#2514 = CIRCLE('',#2515,7.499979513923E-02);
#2515 = AXIS2_PLACEMENT_3D('',#2516,#2517,#2518);
#2516 = CARTESIAN_POINT('',(1.007137642821,19.696508204862,-7.5E-02));
#2517 = DIRECTION('',(0.,0.,-1.));
#2518 = DIRECTION('',(-0.866584271338,-0.499030761246,-0.));
#2519 = ORIENTED_EDGE('',*,*,#2520,.T.);
#2520 = EDGE_CURVE('',#2512,#2521,#2523,.T.);
#2521 = VERTEX_POINT('',#2522);
#2522 = CARTESIAN_POINT('',(1.807961,19.770067,-7.5E-02));
#2523 = LINE('',#2524,#2525);
#2524 = CARTESIAN_POINT('',(1.007138,19.771508,-7.5E-02));
#2525 = VECTOR('',#2526,1.);
#2526 = DIRECTION('',(0.999998381086,-1.799395955341E-03,0.));
#2527 = ORIENTED_EDGE('',*,*,#2528,.T.);
#2528 = EDGE_CURVE('',#2521,#2529,#2531,.T.);
#2529 = VERTEX_POINT('',#2530);
#2530 = CARTESIAN_POINT('',(1.793329,19.621508,-7.5E-02));
#2531 = CIRCLE('',#2532,7.500006711464E-02);
#2532 = AXIS2_PLACEMENT_3D('',#2533,#2534,#2535);
#2533 = CARTESIAN_POINT('',(1.793329067115,19.696508067115,-7.5E-02));
#2534 = DIRECTION('',(0.,0.,-1.));
#2535 = DIRECTION('',(0.195092263891,0.980784894138,0.));
#2536 = ORIENTED_EDGE('',*,*,#2537,.T.);
#2537 = EDGE_CURVE('',#2529,#2538,#2540,.T.);
#2538 = VERTEX_POINT('',#2539);
#2539 = CARTESIAN_POINT('',(1.172421,19.621508,-7.5E-02));
#2540 = LINE('',#2541,#2542);
#2541 = CARTESIAN_POINT('',(1.793329,19.621508,-7.5E-02));
#2542 = VECTOR('',#2543,1.);
#2543 = DIRECTION('',(-1.,0.,0.));
#2544 = ORIENTED_EDGE('',*,*,#2545,.T.);
#2545 = EDGE_CURVE('',#2538,#2546,#2548,.T.);
#2546 = VERTEX_POINT('',#2547);
#2547 = CARTESIAN_POINT('',(1.495466,19.250126,-7.5E-02));
#2548 = LINE('',#2549,#2550);
#2549 = CARTESIAN_POINT('',(1.172421,19.621508,-7.5E-02));
#2550 = VECTOR('',#2551,1.);
#2551 = DIRECTION('',(0.656299170339,-0.754500761439,0.));
#2552 = ORIENTED_EDGE('',*,*,#2553,.T.);
#2553 = EDGE_CURVE('',#2546,#2554,#2556,.T.);
#2554 = VERTEX_POINT('',#2555);
#2555 = CARTESIAN_POINT('',(1.430472,19.137699,-7.5E-02));
#2556 = CIRCLE('',#2557,7.499979513923E-02);
#2557 = AXIS2_PLACEMENT_3D('',#2558,#2559,#2560);
#2558 = CARTESIAN_POINT('',(1.430472357179,19.212698795138,-7.5E-02));
#2559 = DIRECTION('',(0.,0.,-1.));
#2560 = DIRECTION('',(0.866584271338,0.499030761246,0.));
#2561 = ORIENTED_EDGE('',*,*,#2562,.T.);
#2562 = EDGE_CURVE('',#2554,#2563,#2565,.T.);
#2563 = VERTEX_POINT('',#2564);
#2564 = CARTESIAN_POINT('',(1.266748,19.137699,-7.5E-02));
#2565 = LINE('',#2566,#2567);
#2566 = CARTESIAN_POINT('',(1.430472,19.137699,-7.5E-02));
#2567 = VECTOR('',#2568,1.);
#2568 = DIRECTION('',(-1.,0.,0.));
#2569 = ORIENTED_EDGE('',*,*,#2570,.T.);
#2570 = EDGE_CURVE('',#2563,#2571,#2573,.T.);
#2571 = VERTEX_POINT('',#2572);
#2572 = CARTESIAN_POINT('',(1.082138,18.953089,-7.5E-02));
#2573 = CIRCLE('',#2574,0.260155315882);
#2574 = AXIS2_PLACEMENT_3D('',#2575,#2576,#2577);
#2575 = CARTESIAN_POINT('',(1.333566163511,18.886270836489,-7.5E-02));
#2576 = DIRECTION('',(0.,0.,1.));
#2577 = DIRECTION('',(-0.256839508679,0.966454068635,0.));
#2578 = ORIENTED_EDGE('',*,*,#2579,.T.);
#2579 = EDGE_CURVE('',#2571,#2580,#2582,.T.);
#2580 = VERTEX_POINT('',#2581);
#2581 = CARTESIAN_POINT('',(1.082138,18.686119,-7.5E-02));
#2582 = LINE('',#2583,#2584);
#2583 = CARTESIAN_POINT('',(1.082138,18.953089,-7.5E-02));
#2584 = VECTOR('',#2585,1.);
#2585 = DIRECTION('',(0.,-1.,0.));
#2586 = ORIENTED_EDGE('',*,*,#2587,.T.);
#2587 = EDGE_CURVE('',#2580,#2588,#2590,.T.);
#2588 = VERTEX_POINT('',#2589);
#2589 = CARTESIAN_POINT('',(1.266748,18.501508,-7.5E-02));
#2590 = CIRCLE('',#2591,0.260159421501);
#2591 = AXIS2_PLACEMENT_3D('',#2592,#2593,#2594);
#2592 = CARTESIAN_POINT('',(1.333569805663,18.752939443705,-7.5E-02));
#2593 = DIRECTION('',(0.,0.,1.));
#2594 = DIRECTION('',(-0.966452816554,-0.256844220055,0.));
#2595 = ORIENTED_EDGE('',*,*,#2596,.T.);
#2596 = EDGE_CURVE('',#2588,#2597,#2599,.T.);
#2597 = VERTEX_POINT('',#2598);
#2598 = CARTESIAN_POINT('',(1.594195,18.501508,-7.5E-02));
#2599 = LINE('',#2600,#2601);
#2600 = CARTESIAN_POINT('',(1.266748,18.501508,-7.5E-02));
#2601 = VECTOR('',#2602,1.);
#2602 = DIRECTION('',(1.,0.,0.));
#2603 = ORIENTED_EDGE('',*,*,#2604,.T.);
#2604 = EDGE_CURVE('',#2597,#2605,#2607,.T.);
#2605 = VERTEX_POINT('',#2606);
#2606 = CARTESIAN_POINT('',(1.688425,18.548623,-7.5E-02));
#2607 = LINE('',#2608,#2609);
#2608 = CARTESIAN_POINT('',(1.594195,18.501508,-7.5E-02));
#2609 = VECTOR('',#2610,1.);
#2610 = DIRECTION('',(0.894427191,0.4472135955,0.));
#2611 = ORIENTED_EDGE('',*,*,#2612,.T.);
#2612 = EDGE_CURVE('',#2605,#2613,#2615,.T.);
#2613 = VERTEX_POINT('',#2614);
#2614 = CARTESIAN_POINT('',(1.751661,18.609821,-7.5E-02));
#2615 = LINE('',#2616,#2617);
#2616 = CARTESIAN_POINT('',(1.688425,18.548623,-7.5E-02));
#2617 = VECTOR('',#2618,1.);
#2618 = DIRECTION('',(0.718591516887,0.69543240639,0.));
#2619 = ORIENTED_EDGE('',*,*,#2620,.T.);
#2620 = EDGE_CURVE('',#2613,#2621,#2623,.T.);
#2621 = VERTEX_POINT('',#2622);
#2622 = CARTESIAN_POINT('',(1.846363,18.494429,-7.5E-02));
#2623 = CIRCLE('',#2624,7.499993690526E-02);
#2624 = AXIS2_PLACEMENT_3D('',#2625,#2626,#2627);
#2625 = CARTESIAN_POINT('',(1.793329248309,18.547461176246,-7.5E-02));
#2626 = DIRECTION('',(0.,0.,-1.));
#2627 = DIRECTION('',(-0.555577111506,0.831465016204,0.));
#2628 = ORIENTED_EDGE('',*,*,#2629,.T.);
#2629 = EDGE_CURVE('',#2621,#2630,#2632,.T.);
#2630 = VERTEX_POINT('',#2631);
#2631 = CARTESIAN_POINT('',(1.77269,18.423866,-7.5E-02));
#2632 = LINE('',#2633,#2634);
#2633 = CARTESIAN_POINT('',(1.846363,18.494429,-7.5E-02));
#2634 = VECTOR('',#2635,1.);
#2635 = DIRECTION('',(-0.722185478189,-0.691699454311,0.));
#2636 = ORIENTED_EDGE('',*,*,#2637,.T.);
#2637 = EDGE_CURVE('',#2630,#2638,#2640,.T.);
#2638 = VERTEX_POINT('',#2639);
#2639 = CARTESIAN_POINT('',(1.626532,18.352949,-7.5E-02));
#2640 = LINE('',#2641,#2642);
#2641 = CARTESIAN_POINT('',(1.77269,18.423866,-7.5E-02));
#2642 = VECTOR('',#2643,1.);
#2643 = DIRECTION('',(-0.899687168086,-0.436535221467,0.));
#2644 = ORIENTED_EDGE('',*,*,#2645,.T.);
#2645 = EDGE_CURVE('',#2638,#2646,#2648,.T.);
#2646 = VERTEX_POINT('',#2647);
#2647 = CARTESIAN_POINT('',(1.229233,18.354171,-7.5E-02));
#2648 = LINE('',#2649,#2650);
#2649 = CARTESIAN_POINT('',(1.626532,18.352949,-7.5E-02));
#2650 = VECTOR('',#2651,1.);
#2651 = DIRECTION('',(-0.999995269856,3.075754582231E-03,0.));
#2652 = ORIENTED_EDGE('',*,*,#2653,.T.);
#2653 = EDGE_CURVE('',#2646,#2654,#2656,.T.);
#2654 = VERTEX_POINT('',#2655);
#2655 = CARTESIAN_POINT('',(0.933579,18.653781,-7.5E-02));
#2656 = CIRCLE('',#2657,0.421920315128);
#2657 = AXIS2_PLACEMENT_3D('',#2658,#2659,#2660);
#2658 = CARTESIAN_POINT('',(1.341694009664,18.760827210604,-7.5E-02));
#2659 = DIRECTION('',(0.,0.,-1.));
#2660 = DIRECTION('',(-0.266545614496,-0.963822304885,-0.));
#2661 = ORIENTED_EDGE('',*,*,#2662,.T.);
#2662 = EDGE_CURVE('',#2654,#2663,#2665,.T.);
#2663 = VERTEX_POINT('',#2664);
#2664 = CARTESIAN_POINT('',(0.934801,18.990604,-7.5E-02));
#2665 = LINE('',#2666,#2667);
#2666 = CARTESIAN_POINT('',(0.933579,18.653781,-7.5E-02));
#2667 = VECTOR('',#2668,1.);
#2668 = DIRECTION('',(3.627994399972E-03,0.999993418807,0.));
#2669 = ORIENTED_EDGE('',*,*,#2670,.T.);
#2670 = EDGE_CURVE('',#2663,#2671,#2673,.T.);
#2671 = VERTEX_POINT('',#2672);
#2672 = CARTESIAN_POINT('',(1.234411,19.286258,-7.5E-02));
#2673 = CIRCLE('',#2674,0.421922271538);
#2674 = AXIS2_PLACEMENT_3D('',#2675,#2676,#2677);
#2675 = CARTESIAN_POINT('',(1.341458796109,18.878141383617,-7.5E-02));
#2676 = DIRECTION('',(0.,0.,-1.));
#2677 = DIRECTION('',(-0.963821593552,0.266548186644,0.));
#2678 = ORIENTED_EDGE('',*,*,#2679,.T.);
#2679 = EDGE_CURVE('',#2671,#2680,#2682,.T.);
#2680 = VERTEX_POINT('',#2681);
#2681 = CARTESIAN_POINT('',(1.265189,19.287699,-7.5E-02));
#2682 = LINE('',#2683,#2684);
#2683 = CARTESIAN_POINT('',(1.234411,19.286258,-7.5E-02));
#2684 = VECTOR('',#2685,1.);
#2685 = DIRECTION('',(0.998905781884,4.676792617113E-02,0.));
#2686 = ORIENTED_EDGE('',*,*,#2687,.T.);
#2687 = EDGE_CURVE('',#2680,#2510,#2688,.T.);
#2688 = LINE('',#2689,#2690);
#2689 = CARTESIAN_POINT('',(1.265189,19.287699,-7.5E-02));
#2690 = VECTOR('',#2691,1.);
#2691 = DIRECTION('',(-0.656299170339,0.754500761439,0.));
#2692 = PLANE('',#2693);
#2693 = AXIS2_PLACEMENT_3D('',#2694,#2695,#2696);
#2694 = CARTESIAN_POINT('',(0.,0.,-7.5E-02));
#2695 = DIRECTION('',(-0.,-0.,-1.));
#2696 = DIRECTION('',(-1.,0.,0.));
#2697 = SHELL_BASED_SURFACE_MODEL('',(#2698));
#2698 = OPEN_SHELL('',(#2699));
#2699 = ADVANCED_FACE('',(#2700),#2859,.T.);
#2700 = FACE_BOUND('',#2701,.T.);
#2701 = EDGE_LOOP('',(#2702,#2713,#2721,#2730,#2738,#2747,#2755,#2763,
    #2771,#2779,#2787,#2796,#2804,#2813,#2821,#2829,#2837,#2845,#2853));
#2702 = ORIENTED_EDGE('',*,*,#2703,.T.);
#2703 = EDGE_CURVE('',#2704,#2706,#2708,.T.);
#2704 = VERTEX_POINT('',#2705);
#2705 = CARTESIAN_POINT('',(47.708253,19.799115,-7.5E-02));
#2706 = VERTEX_POINT('',#2707);
#2707 = CARTESIAN_POINT('',(48.33966,19.793751,-7.5E-02));
#2708 = CIRCLE('',#2709,0.552470011207);
#2709 = AXIS2_PLACEMENT_3D('',#2710,#2711,#2712);
#2710 = CARTESIAN_POINT('',(48.020105092163,19.343076201326,-7.5E-02));
#2711 = DIRECTION('',(0.,0.,-1.));
#2712 = DIRECTION('',(-0.564468814302,0.82545439467,0.));
#2713 = ORIENTED_EDGE('',*,*,#2714,.T.);
#2714 = EDGE_CURVE('',#2706,#2715,#2717,.T.);
#2715 = VERTEX_POINT('',#2716);
#2716 = CARTESIAN_POINT('',(48.415216,19.717189,-7.5E-02));
#2717 = LINE('',#2718,#2719);
#2718 = CARTESIAN_POINT('',(48.33966,19.793751,-7.5E-02));
#2719 = VECTOR('',#2720,1.);
#2720 = DIRECTION('',(0.702415120972,-0.711767516701,0.));
#2721 = ORIENTED_EDGE('',*,*,#2722,.T.);
#2722 = EDGE_CURVE('',#2715,#2723,#2725,.T.);
#2723 = VERTEX_POINT('',#2724);
#2724 = CARTESIAN_POINT('',(48.299823,19.622488,-7.5E-02));
#2725 = CIRCLE('',#2726,7.499996838527E-02);
#2726 = AXIS2_PLACEMENT_3D('',#2727,#2728,#2729);
#2727 = CARTESIAN_POINT('',(48.352855972468,19.675521,-7.5E-02));
#2728 = DIRECTION('',(0.,0.,-1.));
#2729 = DIRECTION('',(0.831467384248,0.555573567524,0.));
#2730 = ORIENTED_EDGE('',*,*,#2731,.T.);
#2731 = EDGE_CURVE('',#2723,#2732,#2734,.T.);
#2732 = VERTEX_POINT('',#2733);
#2733 = CARTESIAN_POINT('',(48.247953,19.674358,-7.5E-02));
#2734 = LINE('',#2735,#2736);
#2735 = CARTESIAN_POINT('',(48.299823,19.622488,-7.5E-02));
#2736 = VECTOR('',#2737,1.);
#2737 = DIRECTION('',(-0.707106781187,0.707106781187,0.));
#2738 = ORIENTED_EDGE('',*,*,#2739,.T.);
#2739 = EDGE_CURVE('',#2732,#2740,#2742,.T.);
#2740 = VERTEX_POINT('',#2741);
#2741 = CARTESIAN_POINT('',(47.792521,19.674358,-7.5E-02));
#2742 = CIRCLE('',#2743,0.407259497449);
#2743 = AXIS2_PLACEMENT_3D('',#2744,#2745,#2746);
#2744 = CARTESIAN_POINT('',(48.020237,19.336710666815,-7.5E-02));
#2745 = DIRECTION('',(0.,0.,1.));
#2746 = DIRECTION('',(0.559142270287,0.829071722819,-0.));
#2747 = ORIENTED_EDGE('',*,*,#2748,.T.);
#2748 = EDGE_CURVE('',#2740,#2749,#2751,.T.);
#2749 = VERTEX_POINT('',#2750);
#2750 = CARTESIAN_POINT('',(47.749256,19.631094,-7.5E-02));
#2751 = LINE('',#2752,#2753);
#2752 = CARTESIAN_POINT('',(47.792521,19.674358,-7.5E-02));
#2753 = VECTOR('',#2754,1.);
#2754 = DIRECTION('',(-0.707114953044,-0.707098609234,0.));
#2755 = ORIENTED_EDGE('',*,*,#2756,.T.);
#2756 = EDGE_CURVE('',#2749,#2757,#2759,.T.);
#2757 = VERTEX_POINT('',#2758);
#2758 = CARTESIAN_POINT('',(47.702141,19.536864,-7.5E-02));
#2759 = LINE('',#2760,#2761);
#2760 = CARTESIAN_POINT('',(47.749256,19.631094,-7.5E-02));
#2761 = VECTOR('',#2762,1.);
#2762 = DIRECTION('',(-0.4472135955,-0.894427191,0.));
#2763 = ORIENTED_EDGE('',*,*,#2764,.T.);
#2764 = EDGE_CURVE('',#2757,#2765,#2767,.T.);
#2765 = VERTEX_POINT('',#2766);
#2766 = CARTESIAN_POINT('',(47.702141,19.445787,-7.5E-02));
#2767 = LINE('',#2768,#2769);
#2768 = CARTESIAN_POINT('',(47.702141,19.536864,-7.5E-02));
#2769 = VECTOR('',#2770,1.);
#2770 = DIRECTION('',(0.,-1.,0.));
#2771 = ORIENTED_EDGE('',*,*,#2772,.T.);
#2772 = EDGE_CURVE('',#2765,#2773,#2775,.T.);
#2773 = VERTEX_POINT('',#2774);
#2774 = CARTESIAN_POINT('',(47.75317,19.292702,-7.5E-02));
#2775 = LINE('',#2776,#2777);
#2776 = CARTESIAN_POINT('',(47.702141,19.445787,-7.5E-02));
#2777 = VECTOR('',#2778,1.);
#2778 = DIRECTION('',(0.316231484271,-0.948682058625,0.));
#2779 = ORIENTED_EDGE('',*,*,#2780,.T.);
#2780 = EDGE_CURVE('',#2773,#2781,#2783,.T.);
#2781 = VERTEX_POINT('',#2782);
#2782 = CARTESIAN_POINT('',(48.475692,18.568141,-7.5E-02));
#2783 = LINE('',#2784,#2785);
#2784 = CARTESIAN_POINT('',(47.75317,19.292702,-7.5E-02));
#2785 = VECTOR('',#2786,1.);
#2786 = DIRECTION('',(0.706109737433,-0.708102421054,0.));
#2787 = ORIENTED_EDGE('',*,*,#2788,.T.);
#2788 = EDGE_CURVE('',#2781,#2789,#2791,.T.);
#2789 = VERTEX_POINT('',#2790);
#2790 = CARTESIAN_POINT('',(48.413332,18.451473,-7.5E-02));
#2791 = CIRCLE('',#2792,7.499979580331E-02);
#2792 = AXIS2_PLACEMENT_3D('',#2793,#2794,#2795);
#2793 = CARTESIAN_POINT('',(48.413332316474,18.526472795803,-7.5E-02));
#2794 = DIRECTION('',(0.,0.,-1.));
#2795 = DIRECTION('',(0.831464710782,0.555577568593,0.));
#2796 = ORIENTED_EDGE('',*,*,#2797,.T.);
#2797 = EDGE_CURVE('',#2789,#2798,#2800,.T.);
#2798 = VERTEX_POINT('',#2799);
#2799 = CARTESIAN_POINT('',(47.612509,18.452914,-7.5E-02));
#2800 = LINE('',#2801,#2802);
#2801 = CARTESIAN_POINT('',(48.413332,18.451473,-7.5E-02));
#2802 = VECTOR('',#2803,1.);
#2803 = DIRECTION('',(-0.999998381086,1.799395955341E-03,0.));
#2804 = ORIENTED_EDGE('',*,*,#2805,.T.);
#2805 = EDGE_CURVE('',#2798,#2806,#2808,.T.);
#2806 = VERTEX_POINT('',#2807);
#2807 = CARTESIAN_POINT('',(47.627141,18.601473,-7.5E-02));
#2808 = CIRCLE('',#2809,7.500006711464E-02);
#2809 = AXIS2_PLACEMENT_3D('',#2810,#2811,#2812);
#2810 = CARTESIAN_POINT('',(47.627140932885,18.526472932885,-7.5E-02));
#2811 = DIRECTION('',(0.,0.,-1.));
#2812 = DIRECTION('',(-0.195092263891,-0.980784894138,-0.));
#2813 = ORIENTED_EDGE('',*,*,#2814,.T.);
#2814 = EDGE_CURVE('',#2806,#2815,#2817,.T.);
#2815 = VERTEX_POINT('',#2816);
#2816 = CARTESIAN_POINT('',(48.232266,18.601473,-7.5E-02));
#2817 = LINE('',#2818,#2819);
#2818 = CARTESIAN_POINT('',(47.627141,18.601473,-7.5E-02));
#2819 = VECTOR('',#2820,1.);
#2820 = DIRECTION('',(1.,0.,0.));
#2821 = ORIENTED_EDGE('',*,*,#2822,.T.);
#2822 = EDGE_CURVE('',#2815,#2823,#2825,.T.);
#2823 = VERTEX_POINT('',#2824);
#2824 = CARTESIAN_POINT('',(47.622461,19.215045,-7.5E-02));
#2825 = LINE('',#2826,#2827);
#2826 = CARTESIAN_POINT('',(48.232266,18.601473,-7.5E-02));
#2827 = VECTOR('',#2828,1.);
#2828 = DIRECTION('',(-0.704926129146,0.709280728941,0.));
#2829 = ORIENTED_EDGE('',*,*,#2830,.T.);
#2830 = EDGE_CURVE('',#2823,#2831,#2833,.T.);
#2831 = VERTEX_POINT('',#2832);
#2832 = CARTESIAN_POINT('',(47.55287,19.426211,-7.5E-02));
#2833 = LINE('',#2834,#2835);
#2834 = CARTESIAN_POINT('',(47.622461,19.215045,-7.5E-02));
#2835 = VECTOR('',#2836,1.);
#2836 = DIRECTION('',(-0.312997060143,0.94975409467,0.));
#2837 = ORIENTED_EDGE('',*,*,#2838,.T.);
#2838 = EDGE_CURVE('',#2831,#2839,#2841,.T.);
#2839 = VERTEX_POINT('',#2840);
#2840 = CARTESIAN_POINT('',(47.554804,19.574379,-7.5E-02));
#2841 = LINE('',#2842,#2843);
#2842 = CARTESIAN_POINT('',(47.55287,19.426211,-7.5E-02));
#2843 = VECTOR('',#2844,1.);
#2844 = DIRECTION('',(1.305163914673E-02,0.99991482373,0.));
#2845 = ORIENTED_EDGE('',*,*,#2846,.T.);
#2846 = EDGE_CURVE('',#2839,#2847,#2849,.T.);
#2847 = VERTEX_POINT('',#2848);
#2848 = CARTESIAN_POINT('',(47.629864,19.722803,-7.5E-02));
#2849 = LINE('',#2850,#2851);
#2850 = CARTESIAN_POINT('',(47.554804,19.574379,-7.5E-02));
#2851 = VECTOR('',#2852,1.);
#2852 = DIRECTION('',(0.451287730359,0.892378498412,0.));
#2853 = ORIENTED_EDGE('',*,*,#2854,.T.);
#2854 = EDGE_CURVE('',#2847,#2704,#2855,.T.);
#2855 = LINE('',#2856,#2857);
#2856 = CARTESIAN_POINT('',(47.629864,19.722803,-7.5E-02));
#2857 = VECTOR('',#2858,1.);
#2858 = DIRECTION('',(0.716535748826,0.69755037141,0.));
#2859 = PLANE('',#2860);
#2860 = AXIS2_PLACEMENT_3D('',#2861,#2862,#2863);
#2861 = CARTESIAN_POINT('',(0.,0.,-7.5E-02));
#2862 = DIRECTION('',(-0.,-0.,-1.));
#2863 = DIRECTION('',(-1.,0.,0.));
#2864 = SHELL_BASED_SURFACE_MODEL('',(#2865));
#2865 = OPEN_SHELL('',(#2866));
#2866 = ADVANCED_FACE('',(#2867),#3016,.T.);
#2867 = FACE_BOUND('',#2868,.T.);
#2868 = EDGE_LOOP('',(#2869,#2879,#2887,#2895,#2903,#2911,#2919,#2927,
    #2936,#2944,#2952,#2960,#2968,#2977,#2985,#2994,#3002,#3010));
#2869 = ORIENTED_EDGE('',*,*,#2870,.T.);
#2870 = EDGE_CURVE('',#2871,#2873,#2875,.T.);
#2871 = VERTEX_POINT('',#2872);
#2872 = CARTESIAN_POINT('',(50.477021,19.849561,-7.5E-02));
#2873 = VERTEX_POINT('',#2874);
#2874 = CARTESIAN_POINT('',(50.515367,19.870032,-7.5E-02));
#2875 = LINE('',#2876,#2877);
#2876 = CARTESIAN_POINT('',(50.477021,19.849561,-7.5E-02));
#2877 = VECTOR('',#2878,1.);
#2878 = DIRECTION('',(0.882163732375,0.470942830163,0.));
#2879 = ORIENTED_EDGE('',*,*,#2880,.T.);
#2880 = EDGE_CURVE('',#2873,#2881,#2883,.T.);
#2881 = VERTEX_POINT('',#2882);
#2882 = CARTESIAN_POINT('',(50.537283,19.870032,-7.5E-02));
#2883 = LINE('',#2884,#2885);
#2884 = CARTESIAN_POINT('',(50.515367,19.870032,-7.5E-02));
#2885 = VECTOR('',#2886,1.);
#2886 = DIRECTION('',(1.,0.,0.));
#2887 = ORIENTED_EDGE('',*,*,#2888,.T.);
#2888 = EDGE_CURVE('',#2881,#2889,#2891,.T.);
#2889 = VERTEX_POINT('',#2890);
#2890 = CARTESIAN_POINT('',(50.571667,19.858833,-7.5E-02));
#2891 = LINE('',#2892,#2893);
#2892 = CARTESIAN_POINT('',(50.537283,19.870032,-7.5E-02));
#2893 = VECTOR('',#2894,1.);
#2894 = DIRECTION('',(0.950837159691,-0.309691291048,0.));
#2895 = ORIENTED_EDGE('',*,*,#2896,.T.);
#2896 = EDGE_CURVE('',#2889,#2897,#2899,.T.);
#2897 = VERTEX_POINT('',#2898);
#2898 = CARTESIAN_POINT('',(50.592403,19.838076,-7.5E-02));
#2899 = LINE('',#2900,#2901);
#2900 = CARTESIAN_POINT('',(50.571667,19.858833,-7.5E-02));
#2901 = VECTOR('',#2902,1.);
#2902 = DIRECTION('',(0.706748817237,-0.707464564013,0.));
#2903 = ORIENTED_EDGE('',*,*,#2904,.T.);
#2904 = EDGE_CURVE('',#2897,#2905,#2907,.T.);
#2905 = VERTEX_POINT('',#2906);
#2906 = CARTESIAN_POINT('',(50.709237,19.662825,-7.5E-02));
#2907 = LINE('',#2908,#2909);
#2908 = CARTESIAN_POINT('',(50.592403,19.838076,-7.5E-02));
#2909 = VECTOR('',#2910,1.);
#2910 = DIRECTION('',(0.554700196225,-0.832050294338,0.));
#2911 = ORIENTED_EDGE('',*,*,#2912,.T.);
#2912 = EDGE_CURVE('',#2905,#2913,#2915,.T.);
#2913 = VERTEX_POINT('',#2914);
#2914 = CARTESIAN_POINT('',(50.81633,19.555731,-7.5E-02));
#2915 = LINE('',#2916,#2917);
#2916 = CARTESIAN_POINT('',(50.709237,19.662825,-7.5E-02));
#2917 = VECTOR('',#2918,1.);
#2918 = DIRECTION('',(0.707103479826,-0.707110082531,0.));
#2919 = ORIENTED_EDGE('',*,*,#2920,.T.);
#2920 = EDGE_CURVE('',#2913,#2921,#2923,.T.);
#2921 = VERTEX_POINT('',#2922);
#2922 = CARTESIAN_POINT('',(50.938839,19.492866,-7.5E-02));
#2923 = LINE('',#2924,#2925);
#2924 = CARTESIAN_POINT('',(50.81633,19.555731,-7.5E-02));
#2925 = VECTOR('',#2926,1.);
#2926 = DIRECTION('',(0.889699860019,-0.456545900302,0.));
#2927 = ORIENTED_EDGE('',*,*,#2928,.T.);
#2928 = EDGE_CURVE('',#2921,#2929,#2931,.T.);
#2929 = VERTEX_POINT('',#2930);
#2930 = CARTESIAN_POINT('',(50.859315,19.366534,-7.5E-02));
#2931 = CIRCLE('',#2932,7.49999426631E-02);
#2932 = AXIS2_PLACEMENT_3D('',#2933,#2934,#2935);
#2933 = CARTESIAN_POINT('',(50.892856280019,19.433615845041,-7.5E-02));
#2934 = DIRECTION('',(0.,0.,-1.));
#2935 = DIRECTION('',(0.613103401791,0.790002670066,0.));
#2936 = ORIENTED_EDGE('',*,*,#2937,.T.);
#2937 = EDGE_CURVE('',#2929,#2938,#2940,.T.);
#2938 = VERTEX_POINT('',#2939);
#2939 = CARTESIAN_POINT('',(50.72462,19.436339,-7.5E-02));
#2940 = LINE('',#2941,#2942);
#2941 = CARTESIAN_POINT('',(50.859315,19.366534,-7.5E-02));
#2942 = VECTOR('',#2943,1.);
#2943 = DIRECTION('',(-0.88785377654,0.460125712695,0.));
#2944 = ORIENTED_EDGE('',*,*,#2945,.T.);
#2945 = EDGE_CURVE('',#2938,#2946,#2948,.T.);
#2946 = VERTEX_POINT('',#2947);
#2947 = CARTESIAN_POINT('',(50.604999,19.554931,-7.5E-02));
#2948 = LINE('',#2949,#2950);
#2949 = CARTESIAN_POINT('',(50.72462,19.436339,-7.5E-02));
#2950 = VECTOR('',#2951,1.);
#2951 = DIRECTION('',(-0.710154619004,0.7040457493,0.));
#2952 = ORIENTED_EDGE('',*,*,#2953,.T.);
#2953 = EDGE_CURVE('',#2946,#2954,#2956,.T.);
#2954 = VERTEX_POINT('',#2955);
#2955 = CARTESIAN_POINT('',(50.604999,18.601473,-7.5E-02));
#2956 = LINE('',#2957,#2958);
#2957 = CARTESIAN_POINT('',(50.604999,19.554931,-7.5E-02));
#2958 = VECTOR('',#2959,1.);
#2959 = DIRECTION('',(0.,-1.,0.));
#2960 = ORIENTED_EDGE('',*,*,#2961,.T.);
#2961 = EDGE_CURVE('',#2954,#2962,#2964,.T.);
#2962 = VERTEX_POINT('',#2963);
#2963 = CARTESIAN_POINT('',(50.907488,18.600032,-7.5E-02));
#2964 = LINE('',#2965,#2966);
#2965 = CARTESIAN_POINT('',(50.604999,18.601473,-7.5E-02));
#2966 = VECTOR('',#2967,1.);
#2967 = DIRECTION('',(0.999988653252,-4.763755539329E-03,0.));
#2968 = ORIENTED_EDGE('',*,*,#2969,.T.);
#2969 = EDGE_CURVE('',#2962,#2970,#2972,.T.);
#2970 = VERTEX_POINT('',#2971);
#2971 = CARTESIAN_POINT('',(50.892856,18.451473,-7.5E-02));
#2972 = CIRCLE('',#2973,7.500006711464E-02);
#2973 = AXIS2_PLACEMENT_3D('',#2974,#2975,#2976);
#2974 = CARTESIAN_POINT('',(50.892856067115,18.526473067115,-7.5E-02));
#2975 = DIRECTION('',(0.,0.,-1.));
#2976 = DIRECTION('',(0.195092263891,0.980784894138,0.));
#2977 = ORIENTED_EDGE('',*,*,#2978,.T.);
#2978 = EDGE_CURVE('',#2970,#2979,#2981,.T.);
#2979 = VERTEX_POINT('',#2980);
#2980 = CARTESIAN_POINT('',(50.152509,18.452914,-7.5E-02));
#2981 = LINE('',#2982,#2983);
#2982 = CARTESIAN_POINT('',(50.892856,18.451473,-7.5E-02));
#2983 = VECTOR('',#2984,1.);
#2984 = DIRECTION('',(-0.999998105799,1.94638091389E-03,0.));
#2985 = ORIENTED_EDGE('',*,*,#2986,.T.);
#2986 = EDGE_CURVE('',#2979,#2987,#2989,.T.);
#2987 = VERTEX_POINT('',#2988);
#2988 = CARTESIAN_POINT('',(50.167141,18.601473,-7.5E-02));
#2989 = CIRCLE('',#2990,7.500006711464E-02);
#2990 = AXIS2_PLACEMENT_3D('',#2991,#2992,#2993);
#2991 = CARTESIAN_POINT('',(50.167140932885,18.526472932885,-7.5E-02));
#2992 = DIRECTION('',(0.,0.,-1.));
#2993 = DIRECTION('',(-0.195092263891,-0.980784894138,-0.));
#2994 = ORIENTED_EDGE('',*,*,#2995,.T.);
#2995 = EDGE_CURVE('',#2987,#2996,#2998,.T.);
#2996 = VERTEX_POINT('',#2997);
#2997 = CARTESIAN_POINT('',(50.454999,18.601473,-7.5E-02));
#2998 = LINE('',#2999,#3000);
#2999 = CARTESIAN_POINT('',(50.167141,18.601473,-7.5E-02));
#3000 = VECTOR('',#3001,1.);
#3001 = DIRECTION('',(1.,0.,0.));
#3002 = ORIENTED_EDGE('',*,*,#3003,.T.);
#3003 = EDGE_CURVE('',#2996,#3004,#3006,.T.);
#3004 = VERTEX_POINT('',#3005);
#3005 = CARTESIAN_POINT('',(50.45644,19.811105,-7.5E-02));
#3006 = LINE('',#3007,#3008);
#3007 = CARTESIAN_POINT('',(50.454999,18.601473,-7.5E-02));
#3008 = VECTOR('',#3009,1.);
#3009 = DIRECTION('',(1.191270549654E-03,0.999999290437,0.));
#3010 = ORIENTED_EDGE('',*,*,#3011,.T.);
#3011 = EDGE_CURVE('',#3004,#2871,#3012,.T.);
#3012 = LINE('',#3013,#3014);
#3013 = CARTESIAN_POINT('',(50.45644,19.811105,-7.5E-02));
#3014 = VECTOR('',#3015,1.);
#3015 = DIRECTION('',(0.471857451169,0.881674852639,0.));
#3016 = PLANE('',#3017);
#3017 = AXIS2_PLACEMENT_3D('',#3018,#3019,#3020);
#3018 = CARTESIAN_POINT('',(0.,0.,-7.5E-02));
#3019 = DIRECTION('',(-0.,-0.,-1.));
#3020 = DIRECTION('',(-1.,0.,0.));
#3021 = SHELL_BASED_SURFACE_MODEL('',(#3022));
#3022 = OPEN_SHELL('',(#3023));
#3023 = ADVANCED_FACE('',(#3024),#3167,.T.);
#3024 = FACE_BOUND('',#3025,.T.);
#3025 = EDGE_LOOP('',(#3026,#3037,#3045,#3054,#3062,#3070,#3079,#3087,
    #3095,#3104,#3112,#3120,#3129,#3137,#3145,#3153,#3161));
#3026 = ORIENTED_EDGE('',*,*,#3027,.T.);
#3027 = EDGE_CURVE('',#3028,#3030,#3032,.T.);
#3028 = VERTEX_POINT('',#3029);
#3029 = CARTESIAN_POINT('',(42.911225,19.902932,-7.5E-02));
#3030 = VERTEX_POINT('',#3031);
#3031 = CARTESIAN_POINT('',(43.041626,19.880666,-7.5E-02));
#3032 = CIRCLE('',#3033,7.500013401235E-02);
#3033 = AXIS2_PLACEMENT_3D('',#3034,#3035,#3036);
#3034 = CARTESIAN_POINT('',(42.97047476296,19.856948462826,-7.5E-02));
#3035 = DIRECTION('',(0.,0.,-1.));
#3036 = DIRECTION('',(-0.789995427882,0.613112733455,0.));
#3037 = ORIENTED_EDGE('',*,*,#3038,.T.);
#3038 = EDGE_CURVE('',#3030,#3039,#3041,.T.);
#3039 = VERTEX_POINT('',#3040);
#3040 = CARTESIAN_POINT('',(43.347267,18.959187,-7.5E-02));
#3041 = LINE('',#3042,#3043);
#3042 = CARTESIAN_POINT('',(43.041626,19.880666,-7.5E-02));
#3043 = VECTOR('',#3044,1.);
#3044 = DIRECTION('',(0.314819572033,-0.949151535354,0.));
#3045 = ORIENTED_EDGE('',*,*,#3046,.T.);
#3046 = EDGE_CURVE('',#3039,#3047,#3049,.T.);
#3047 = VERTEX_POINT('',#3048);
#3048 = CARTESIAN_POINT('',(43.272856,18.874807,-7.5E-02));
#3049 = CIRCLE('',#3050,7.49986164129E-02);
#3050 = AXIS2_PLACEMENT_3D('',#3051,#3052,#3053);
#3051 = CARTESIAN_POINT('',(43.272857443453,18.949805616399,-7.5E-02));
#3052 = DIRECTION('',(0.,0.,-1.));
#3053 = DIRECTION('',(0.992145723566,0.125087422271,0.));
#3054 = ORIENTED_EDGE('',*,*,#3055,.T.);
#3055 = EDGE_CURVE('',#3047,#3056,#3058,.T.);
#3056 = VERTEX_POINT('',#3057);
#3057 = CARTESIAN_POINT('',(42.743094,18.874807,-7.5E-02));
#3058 = LINE('',#3059,#3060);
#3059 = CARTESIAN_POINT('',(43.272856,18.874807,-7.5E-02));
#3060 = VECTOR('',#3061,1.);
#3061 = DIRECTION('',(-1.,0.,0.));
#3062 = ORIENTED_EDGE('',*,*,#3063,.T.);
#3063 = EDGE_CURVE('',#3056,#3064,#3066,.T.);
#3064 = VERTEX_POINT('',#3065);
#3065 = CARTESIAN_POINT('',(42.741653,18.511841,-7.5E-02));
#3066 = LINE('',#3067,#3068);
#3067 = CARTESIAN_POINT('',(42.743094,18.874807,-7.5E-02));
#3068 = VECTOR('',#3069,1.);
#3069 = DIRECTION('',(-3.970037535229E-03,-0.99999211937,0.));
#3070 = ORIENTED_EDGE('',*,*,#3071,.T.);
#3071 = EDGE_CURVE('',#3064,#3072,#3074,.T.);
#3072 = VERTEX_POINT('',#3073);
#3073 = CARTESIAN_POINT('',(42.593094,18.526473,-7.5E-02));
#3074 = CIRCLE('',#3075,7.500006711464E-02);
#3075 = AXIS2_PLACEMENT_3D('',#3076,#3077,#3078);
#3076 = CARTESIAN_POINT('',(42.668094067115,18.526472932885,-7.5E-02));
#3077 = DIRECTION('',(-0.,0.,-1.));
#3078 = DIRECTION('',(0.980784894138,-0.195092263891,-0.));
#3079 = ORIENTED_EDGE('',*,*,#3080,.T.);
#3080 = EDGE_CURVE('',#3072,#3081,#3083,.T.);
#3081 = VERTEX_POINT('',#3082);
#3082 = CARTESIAN_POINT('',(42.593094,18.874807,-7.5E-02));
#3083 = LINE('',#3084,#3085);
#3084 = CARTESIAN_POINT('',(42.593094,18.526473,-7.5E-02));
#3085 = VECTOR('',#3086,1.);
#3086 = DIRECTION('',(0.,1.,0.));
#3087 = ORIENTED_EDGE('',*,*,#3088,.T.);
#3088 = EDGE_CURVE('',#3081,#3089,#3091,.T.);
#3089 = VERTEX_POINT('',#3090);
#3090 = CARTESIAN_POINT('',(42.472033,18.876248,-7.5E-02));
#3091 = LINE('',#3092,#3093);
#3092 = CARTESIAN_POINT('',(42.593094,18.874807,-7.5E-02));
#3093 = VECTOR('',#3094,1.);
#3094 = DIRECTION('',(-0.999929165749,1.19022470312E-02,0.));
#3095 = ORIENTED_EDGE('',*,*,#3096,.T.);
#3096 = EDGE_CURVE('',#3089,#3097,#3099,.T.);
#3097 = VERTEX_POINT('',#3098);
#3098 = CARTESIAN_POINT('',(42.486665,19.024807,-7.5E-02));
#3099 = CIRCLE('',#3100,7.500006711464E-02);
#3100 = AXIS2_PLACEMENT_3D('',#3101,#3102,#3103);
#3101 = CARTESIAN_POINT('',(42.486664932885,18.949806932885,-7.5E-02));
#3102 = DIRECTION('',(0.,0.,-1.));
#3103 = DIRECTION('',(-0.195092263891,-0.980784894138,-0.));
#3104 = ORIENTED_EDGE('',*,*,#3105,.T.);
#3105 = EDGE_CURVE('',#3097,#3106,#3108,.T.);
#3106 = VERTEX_POINT('',#3107);
#3107 = CARTESIAN_POINT('',(42.593094,19.024807,-7.5E-02));
#3108 = LINE('',#3109,#3110);
#3109 = CARTESIAN_POINT('',(42.486665,19.024807,-7.5E-02));
#3110 = VECTOR('',#3111,1.);
#3111 = DIRECTION('',(1.,0.,0.));
#3112 = ORIENTED_EDGE('',*,*,#3113,.T.);
#3113 = EDGE_CURVE('',#3106,#3114,#3116,.T.);
#3114 = VERTEX_POINT('',#3115);
#3115 = CARTESIAN_POINT('',(42.594535,19.387772,-7.5E-02));
#3116 = LINE('',#3117,#3118);
#3117 = CARTESIAN_POINT('',(42.593094,19.024807,-7.5E-02));
#3118 = VECTOR('',#3119,1.);
#3119 = DIRECTION('',(3.970048472854E-03,0.999992119327,0.));
#3120 = ORIENTED_EDGE('',*,*,#3121,.T.);
#3121 = EDGE_CURVE('',#3114,#3122,#3124,.T.);
#3122 = VERTEX_POINT('',#3123);
#3123 = CARTESIAN_POINT('',(42.743094,19.37314,-7.5E-02));
#3124 = CIRCLE('',#3125,7.500006711464E-02);
#3125 = AXIS2_PLACEMENT_3D('',#3126,#3127,#3128);
#3126 = CARTESIAN_POINT('',(42.668093932885,19.373140067115,-7.5E-02));
#3127 = DIRECTION('',(0.,0.,-1.));
#3128 = DIRECTION('',(-0.980784894138,0.195092263891,0.));
#3129 = ORIENTED_EDGE('',*,*,#3130,.T.);
#3130 = EDGE_CURVE('',#3122,#3131,#3133,.T.);
#3131 = VERTEX_POINT('',#3132);
#3132 = CARTESIAN_POINT('',(42.743094,19.024807,-7.5E-02));
#3133 = LINE('',#3134,#3135);
#3134 = CARTESIAN_POINT('',(42.743094,19.37314,-7.5E-02));
#3135 = VECTOR('',#3136,1.);
#3136 = DIRECTION('',(0.,-1.,0.));
#3137 = ORIENTED_EDGE('',*,*,#3138,.T.);
#3138 = EDGE_CURVE('',#3131,#3139,#3141,.T.);
#3139 = VERTEX_POINT('',#3140);
#3140 = CARTESIAN_POINT('',(43.168799,19.024807,-7.5E-02));
#3141 = LINE('',#3142,#3143);
#3142 = CARTESIAN_POINT('',(42.743094,19.024807,-7.5E-02));
#3143 = VECTOR('',#3144,1.);
#3144 = DIRECTION('',(1.,0.,0.));
#3145 = ORIENTED_EDGE('',*,*,#3146,.T.);
#3146 = EDGE_CURVE('',#3139,#3147,#3149,.T.);
#3147 = VERTEX_POINT('',#3148);
#3148 = CARTESIAN_POINT('',(42.896064,19.847569,-7.5E-02));
#3149 = LINE('',#3150,#3151);
#3150 = CARTESIAN_POINT('',(43.168799,19.024807,-7.5E-02));
#3151 = VECTOR('',#3152,1.);
#3152 = DIRECTION('',(-0.314650126992,0.949207720989,0.));
#3153 = ORIENTED_EDGE('',*,*,#3154,.T.);
#3154 = EDGE_CURVE('',#3147,#3155,#3157,.T.);
#3155 = VERTEX_POINT('',#3156);
#3156 = CARTESIAN_POINT('',(42.898139,19.876759,-7.5E-02));
#3157 = LINE('',#3158,#3159);
#3158 = CARTESIAN_POINT('',(42.896064,19.847569,-7.5E-02));
#3159 = VECTOR('',#3160,1.);
#3160 = DIRECTION('',(7.090705970263E-02,0.997482926613,0.));
#3161 = ORIENTED_EDGE('',*,*,#3162,.T.);
#3162 = EDGE_CURVE('',#3155,#3028,#3163,.T.);
#3163 = LINE('',#3164,#3165);
#3164 = CARTESIAN_POINT('',(42.898139,19.876759,-7.5E-02));
#3165 = VECTOR('',#3166,1.);
#3166 = DIRECTION('',(0.447199925879,0.89443402568,0.));
#3167 = PLANE('',#3168);
#3168 = AXIS2_PLACEMENT_3D('',#3169,#3170,#3171);
#3169 = CARTESIAN_POINT('',(0.,0.,-7.5E-02));
#3170 = DIRECTION('',(-0.,-0.,-1.));
#3171 = DIRECTION('',(-1.,0.,0.));
#3172 = SHELL_BASED_SURFACE_MODEL('',(#3173));
#3173 = OPEN_SHELL('',(#3174));
#3174 = ADVANCED_FACE('',(#3175),#3361,.T.);
#3175 = FACE_BOUND('',#3176,.T.);
#3176 = EDGE_LOOP('',(#3177,#3188,#3196,#3205,#3213,#3221,#3230,#3238,
    #3247,#3255,#3264,#3272,#3280,#3288,#3297,#3305,#3313,#3321,#3330,
    #3338,#3347,#3355));
#3177 = ORIENTED_EDGE('',*,*,#3178,.T.);
#3178 = EDGE_CURVE('',#3179,#3181,#3183,.T.);
#3179 = VERTEX_POINT('',#3180);
#3180 = CARTESIAN_POINT('',(45.022147,19.759046,-7.5E-02));
#3181 = VERTEX_POINT('',#3182);
#3182 = CARTESIAN_POINT('',(45.087141,19.871473,-7.5E-02));
#3183 = CIRCLE('',#3184,7.499979513923E-02);
#3184 = AXIS2_PLACEMENT_3D('',#3185,#3186,#3187);
#3185 = CARTESIAN_POINT('',(45.087140642821,19.796473204862,-7.5E-02));
#3186 = DIRECTION('',(0.,0.,-1.));
#3187 = DIRECTION('',(-0.866584271338,-0.499030761246,-0.));
#3188 = ORIENTED_EDGE('',*,*,#3189,.T.);
#3189 = EDGE_CURVE('',#3181,#3190,#3192,.T.);
#3190 = VERTEX_POINT('',#3191);
#3191 = CARTESIAN_POINT('',(45.887964,19.870032,-7.5E-02));
#3192 = LINE('',#3193,#3194);
#3193 = CARTESIAN_POINT('',(45.087141,19.871473,-7.5E-02));
#3194 = VECTOR('',#3195,1.);
#3195 = DIRECTION('',(0.999998381086,-1.799395955346E-03,0.));
#3196 = ORIENTED_EDGE('',*,*,#3197,.T.);
#3197 = EDGE_CURVE('',#3190,#3198,#3200,.T.);
#3198 = VERTEX_POINT('',#3199);
#3199 = CARTESIAN_POINT('',(45.873332,19.721473,-7.5E-02));
#3200 = CIRCLE('',#3201,7.500006711464E-02);
#3201 = AXIS2_PLACEMENT_3D('',#3202,#3203,#3204);
#3202 = CARTESIAN_POINT('',(45.873332067115,19.796473067115,-7.5E-02));
#3203 = DIRECTION('',(0.,0.,-1.));
#3204 = DIRECTION('',(0.195092263891,0.980784894138,0.));
#3205 = ORIENTED_EDGE('',*,*,#3206,.T.);
#3206 = EDGE_CURVE('',#3198,#3207,#3209,.T.);
#3207 = VERTEX_POINT('',#3208);
#3208 = CARTESIAN_POINT('',(45.252424,19.721473,-7.5E-02));
#3209 = LINE('',#3210,#3211);
#3210 = CARTESIAN_POINT('',(45.873332,19.721473,-7.5E-02));
#3211 = VECTOR('',#3212,1.);
#3212 = DIRECTION('',(-1.,0.,0.));
#3213 = ORIENTED_EDGE('',*,*,#3214,.T.);
#3214 = EDGE_CURVE('',#3207,#3215,#3217,.T.);
#3215 = VERTEX_POINT('',#3216);
#3216 = CARTESIAN_POINT('',(45.575469,19.350091,-7.5E-02));
#3217 = LINE('',#3218,#3219);
#3218 = CARTESIAN_POINT('',(45.252424,19.721473,-7.5E-02));
#3219 = VECTOR('',#3220,1.);
#3220 = DIRECTION('',(0.656299170339,-0.754500761439,0.));
#3221 = ORIENTED_EDGE('',*,*,#3222,.T.);
#3222 = EDGE_CURVE('',#3215,#3223,#3225,.T.);
#3223 = VERTEX_POINT('',#3224);
#3224 = CARTESIAN_POINT('',(45.510475,19.237664,-7.5E-02));
#3225 = CIRCLE('',#3226,7.499979513923E-02);
#3226 = AXIS2_PLACEMENT_3D('',#3227,#3228,#3229);
#3227 = CARTESIAN_POINT('',(45.510475357179,19.312663795138,-7.5E-02));
#3228 = DIRECTION('',(0.,0.,-1.));
#3229 = DIRECTION('',(0.866584271338,0.499030761246,0.));
#3230 = ORIENTED_EDGE('',*,*,#3231,.T.);
#3231 = EDGE_CURVE('',#3223,#3232,#3234,.T.);
#3232 = VERTEX_POINT('',#3233);
#3233 = CARTESIAN_POINT('',(45.346751,19.237664,-7.5E-02));
#3234 = LINE('',#3235,#3236);
#3235 = CARTESIAN_POINT('',(45.510475,19.237664,-7.5E-02));
#3236 = VECTOR('',#3237,1.);
#3237 = DIRECTION('',(-1.,0.,0.));
#3238 = ORIENTED_EDGE('',*,*,#3239,.T.);
#3239 = EDGE_CURVE('',#3232,#3240,#3242,.T.);
#3240 = VERTEX_POINT('',#3241);
#3241 = CARTESIAN_POINT('',(45.162141,19.053054,-7.5E-02));
#3242 = CIRCLE('',#3243,0.260155315882);
#3243 = AXIS2_PLACEMENT_3D('',#3244,#3245,#3246);
#3244 = CARTESIAN_POINT('',(45.413569163511,18.986235836489,-7.5E-02));
#3245 = DIRECTION('',(0.,0.,1.));
#3246 = DIRECTION('',(-0.256839508679,0.966454068635,0.));
#3247 = ORIENTED_EDGE('',*,*,#3248,.T.);
#3248 = EDGE_CURVE('',#3240,#3249,#3251,.T.);
#3249 = VERTEX_POINT('',#3250);
#3250 = CARTESIAN_POINT('',(45.162141,18.786084,-7.5E-02));
#3251 = LINE('',#3252,#3253);
#3252 = CARTESIAN_POINT('',(45.162141,19.053054,-7.5E-02));
#3253 = VECTOR('',#3254,1.);
#3254 = DIRECTION('',(0.,-1.,0.));
#3255 = ORIENTED_EDGE('',*,*,#3256,.T.);
#3256 = EDGE_CURVE('',#3249,#3257,#3259,.T.);
#3257 = VERTEX_POINT('',#3258);
#3258 = CARTESIAN_POINT('',(45.346751,18.601473,-7.5E-02));
#3259 = CIRCLE('',#3260,0.260159421501);
#3260 = AXIS2_PLACEMENT_3D('',#3261,#3262,#3263);
#3261 = CARTESIAN_POINT('',(45.413572805663,18.852904443705,-7.5E-02));
#3262 = DIRECTION('',(0.,0.,1.));
#3263 = DIRECTION('',(-0.966452816554,-0.256844220055,0.));
#3264 = ORIENTED_EDGE('',*,*,#3265,.T.);
#3265 = EDGE_CURVE('',#3257,#3266,#3268,.T.);
#3266 = VERTEX_POINT('',#3267);
#3267 = CARTESIAN_POINT('',(45.674198,18.601473,-7.5E-02));
#3268 = LINE('',#3269,#3270);
#3269 = CARTESIAN_POINT('',(45.346751,18.601473,-7.5E-02));
#3270 = VECTOR('',#3271,1.);
#3271 = DIRECTION('',(1.,0.,0.));
#3272 = ORIENTED_EDGE('',*,*,#3273,.T.);
#3273 = EDGE_CURVE('',#3266,#3274,#3276,.T.);
#3274 = VERTEX_POINT('',#3275);
#3275 = CARTESIAN_POINT('',(45.768428,18.648588,-7.5E-02));
#3276 = LINE('',#3277,#3278);
#3277 = CARTESIAN_POINT('',(45.674198,18.601473,-7.5E-02));
#3278 = VECTOR('',#3279,1.);
#3279 = DIRECTION('',(0.894427191,0.4472135955,0.));
#3280 = ORIENTED_EDGE('',*,*,#3281,.T.);
#3281 = EDGE_CURVE('',#3274,#3282,#3284,.T.);
#3282 = VERTEX_POINT('',#3283);
#3283 = CARTESIAN_POINT('',(45.831664,18.709786,-7.5E-02));
#3284 = LINE('',#3285,#3286);
#3285 = CARTESIAN_POINT('',(45.768428,18.648588,-7.5E-02));
#3286 = VECTOR('',#3287,1.);
#3287 = DIRECTION('',(0.718591516887,0.69543240639,0.));
#3288 = ORIENTED_EDGE('',*,*,#3289,.T.);
#3289 = EDGE_CURVE('',#3282,#3290,#3292,.T.);
#3290 = VERTEX_POINT('',#3291);
#3291 = CARTESIAN_POINT('',(45.926366,18.594394,-7.5E-02));
#3292 = CIRCLE('',#3293,7.499993690526E-02);
#3293 = AXIS2_PLACEMENT_3D('',#3294,#3295,#3296);
#3294 = CARTESIAN_POINT('',(45.873332248309,18.647426176246,-7.5E-02));
#3295 = DIRECTION('',(0.,0.,-1.));
#3296 = DIRECTION('',(-0.555577111505,0.831465016204,0.));
#3297 = ORIENTED_EDGE('',*,*,#3298,.T.);
#3298 = EDGE_CURVE('',#3290,#3299,#3301,.T.);
#3299 = VERTEX_POINT('',#3300);
#3300 = CARTESIAN_POINT('',(45.852693,18.523831,-7.5E-02));
#3301 = LINE('',#3302,#3303);
#3302 = CARTESIAN_POINT('',(45.926366,18.594394,-7.5E-02));
#3303 = VECTOR('',#3304,1.);
#3304 = DIRECTION('',(-0.722185478189,-0.691699454311,0.));
#3305 = ORIENTED_EDGE('',*,*,#3306,.T.);
#3306 = EDGE_CURVE('',#3299,#3307,#3309,.T.);
#3307 = VERTEX_POINT('',#3308);
#3308 = CARTESIAN_POINT('',(45.706535,18.452914,-7.5E-02));
#3309 = LINE('',#3310,#3311);
#3310 = CARTESIAN_POINT('',(45.852693,18.523831,-7.5E-02));
#3311 = VECTOR('',#3312,1.);
#3312 = DIRECTION('',(-0.899687168086,-0.436535221467,0.));
#3313 = ORIENTED_EDGE('',*,*,#3314,.T.);
#3314 = EDGE_CURVE('',#3307,#3315,#3317,.T.);
#3315 = VERTEX_POINT('',#3316);
#3316 = CARTESIAN_POINT('',(45.309236,18.454136,-7.5E-02));
#3317 = LINE('',#3318,#3319);
#3318 = CARTESIAN_POINT('',(45.706535,18.452914,-7.5E-02));
#3319 = VECTOR('',#3320,1.);
#3320 = DIRECTION('',(-0.999995269856,3.075754582222E-03,0.));
#3321 = ORIENTED_EDGE('',*,*,#3322,.T.);
#3322 = EDGE_CURVE('',#3315,#3323,#3325,.T.);
#3323 = VERTEX_POINT('',#3324);
#3324 = CARTESIAN_POINT('',(45.013582,18.753746,-7.5E-02));
#3325 = CIRCLE('',#3326,0.421920315128);
#3326 = AXIS2_PLACEMENT_3D('',#3327,#3328,#3329);
#3327 = CARTESIAN_POINT('',(45.421697009664,18.860792210604,-7.5E-02));
#3328 = DIRECTION('',(0.,0.,-1.));
#3329 = DIRECTION('',(-0.266545614496,-0.963822304885,-0.));
#3330 = ORIENTED_EDGE('',*,*,#3331,.T.);
#3331 = EDGE_CURVE('',#3323,#3332,#3334,.T.);
#3332 = VERTEX_POINT('',#3333);
#3333 = CARTESIAN_POINT('',(45.014804,19.090569,-7.5E-02));
#3334 = LINE('',#3335,#3336);
#3335 = CARTESIAN_POINT('',(45.013582,18.753746,-7.5E-02));
#3336 = VECTOR('',#3337,1.);
#3337 = DIRECTION('',(3.627994399967E-03,0.999993418807,0.));
#3338 = ORIENTED_EDGE('',*,*,#3339,.T.);
#3339 = EDGE_CURVE('',#3332,#3340,#3342,.T.);
#3340 = VERTEX_POINT('',#3341);
#3341 = CARTESIAN_POINT('',(45.314414,19.386223,-7.5E-02));
#3342 = CIRCLE('',#3343,0.421922271538);
#3343 = AXIS2_PLACEMENT_3D('',#3344,#3345,#3346);
#3344 = CARTESIAN_POINT('',(45.421461796109,18.978106383617,-7.5E-02));
#3345 = DIRECTION('',(0.,0.,-1.));
#3346 = DIRECTION('',(-0.963821593552,0.266548186644,0.));
#3347 = ORIENTED_EDGE('',*,*,#3348,.T.);
#3348 = EDGE_CURVE('',#3340,#3349,#3351,.T.);
#3349 = VERTEX_POINT('',#3350);
#3350 = CARTESIAN_POINT('',(45.345192,19.387664,-7.5E-02));
#3351 = LINE('',#3352,#3353);
#3352 = CARTESIAN_POINT('',(45.314414,19.386223,-7.5E-02));
#3353 = VECTOR('',#3354,1.);
#3354 = DIRECTION('',(0.998905781884,4.676792617113E-02,0.));
#3355 = ORIENTED_EDGE('',*,*,#3356,.T.);
#3356 = EDGE_CURVE('',#3349,#3179,#3357,.T.);
#3357 = LINE('',#3358,#3359);
#3358 = CARTESIAN_POINT('',(45.345192,19.387664,-7.5E-02));
#3359 = VECTOR('',#3360,1.);
#3360 = DIRECTION('',(-0.656299170339,0.754500761439,0.));
#3361 = PLANE('',#3362);
#3362 = AXIS2_PLACEMENT_3D('',#3363,#3364,#3365);
#3363 = CARTESIAN_POINT('',(0.,0.,-7.5E-02));
#3364 = DIRECTION('',(-0.,-0.,-1.));
#3365 = DIRECTION('',(-1.,0.,0.));
#3366 = SHELL_BASED_SURFACE_MODEL('',(#3367));
#3367 = OPEN_SHELL('',(#3368));
#3368 = ADVANCED_FACE('',(#3369),#3518,.T.);
#3369 = FACE_BOUND('',#3370,.T.);
#3370 = EDGE_LOOP('',(#3371,#3381,#3389,#3397,#3405,#3413,#3421,#3429,
    #3438,#3446,#3454,#3462,#3470,#3479,#3487,#3496,#3504,#3512));
#3371 = ORIENTED_EDGE('',*,*,#3372,.T.);
#3372 = EDGE_CURVE('',#3373,#3375,#3377,.T.);
#3373 = VERTEX_POINT('',#3374);
#3374 = CARTESIAN_POINT('',(50.477021,26.809561,-7.5E-02));
#3375 = VERTEX_POINT('',#3376);
#3376 = CARTESIAN_POINT('',(50.515367,26.830032,-7.5E-02));
#3377 = LINE('',#3378,#3379);
#3378 = CARTESIAN_POINT('',(50.477021,26.809561,-7.5E-02));
#3379 = VECTOR('',#3380,1.);
#3380 = DIRECTION('',(0.882163732375,0.470942830163,0.));
#3381 = ORIENTED_EDGE('',*,*,#3382,.T.);
#3382 = EDGE_CURVE('',#3375,#3383,#3385,.T.);
#3383 = VERTEX_POINT('',#3384);
#3384 = CARTESIAN_POINT('',(50.537283,26.830032,-7.5E-02));
#3385 = LINE('',#3386,#3387);
#3386 = CARTESIAN_POINT('',(50.515367,26.830032,-7.5E-02));
#3387 = VECTOR('',#3388,1.);
#3388 = DIRECTION('',(1.,0.,0.));
#3389 = ORIENTED_EDGE('',*,*,#3390,.T.);
#3390 = EDGE_CURVE('',#3383,#3391,#3393,.T.);
#3391 = VERTEX_POINT('',#3392);
#3392 = CARTESIAN_POINT('',(50.571667,26.818833,-7.5E-02));
#3393 = LINE('',#3394,#3395);
#3394 = CARTESIAN_POINT('',(50.537283,26.830032,-7.5E-02));
#3395 = VECTOR('',#3396,1.);
#3396 = DIRECTION('',(0.950837159691,-0.309691291048,0.));
#3397 = ORIENTED_EDGE('',*,*,#3398,.T.);
#3398 = EDGE_CURVE('',#3391,#3399,#3401,.T.);
#3399 = VERTEX_POINT('',#3400);
#3400 = CARTESIAN_POINT('',(50.592403,26.798076,-7.5E-02));
#3401 = LINE('',#3402,#3403);
#3402 = CARTESIAN_POINT('',(50.571667,26.818833,-7.5E-02));
#3403 = VECTOR('',#3404,1.);
#3404 = DIRECTION('',(0.706748817237,-0.707464564013,0.));
#3405 = ORIENTED_EDGE('',*,*,#3406,.T.);
#3406 = EDGE_CURVE('',#3399,#3407,#3409,.T.);
#3407 = VERTEX_POINT('',#3408);
#3408 = CARTESIAN_POINT('',(50.709237,26.622825,-7.5E-02));
#3409 = LINE('',#3410,#3411);
#3410 = CARTESIAN_POINT('',(50.592403,26.798076,-7.5E-02));
#3411 = VECTOR('',#3412,1.);
#3412 = DIRECTION('',(0.554700196225,-0.832050294338,0.));
#3413 = ORIENTED_EDGE('',*,*,#3414,.T.);
#3414 = EDGE_CURVE('',#3407,#3415,#3417,.T.);
#3415 = VERTEX_POINT('',#3416);
#3416 = CARTESIAN_POINT('',(50.81633,26.515731,-7.5E-02));
#3417 = LINE('',#3418,#3419);
#3418 = CARTESIAN_POINT('',(50.709237,26.622825,-7.5E-02));
#3419 = VECTOR('',#3420,1.);
#3420 = DIRECTION('',(0.707103479826,-0.707110082531,0.));
#3421 = ORIENTED_EDGE('',*,*,#3422,.T.);
#3422 = EDGE_CURVE('',#3415,#3423,#3425,.T.);
#3423 = VERTEX_POINT('',#3424);
#3424 = CARTESIAN_POINT('',(50.938839,26.452866,-7.5E-02));
#3425 = LINE('',#3426,#3427);
#3426 = CARTESIAN_POINT('',(50.81633,26.515731,-7.5E-02));
#3427 = VECTOR('',#3428,1.);
#3428 = DIRECTION('',(0.889699860019,-0.456545900302,0.));
#3429 = ORIENTED_EDGE('',*,*,#3430,.T.);
#3430 = EDGE_CURVE('',#3423,#3431,#3433,.T.);
#3431 = VERTEX_POINT('',#3432);
#3432 = CARTESIAN_POINT('',(50.859315,26.326534,-7.5E-02));
#3433 = CIRCLE('',#3434,7.49999426631E-02);
#3434 = AXIS2_PLACEMENT_3D('',#3435,#3436,#3437);
#3435 = CARTESIAN_POINT('',(50.892856280019,26.393615845041,-7.5E-02));
#3436 = DIRECTION('',(0.,0.,-1.));
#3437 = DIRECTION('',(0.613103401791,0.790002670066,0.));
#3438 = ORIENTED_EDGE('',*,*,#3439,.T.);
#3439 = EDGE_CURVE('',#3431,#3440,#3442,.T.);
#3440 = VERTEX_POINT('',#3441);
#3441 = CARTESIAN_POINT('',(50.72462,26.396339,-7.5E-02));
#3442 = LINE('',#3443,#3444);
#3443 = CARTESIAN_POINT('',(50.859315,26.326534,-7.5E-02));
#3444 = VECTOR('',#3445,1.);
#3445 = DIRECTION('',(-0.88785377654,0.460125712695,0.));
#3446 = ORIENTED_EDGE('',*,*,#3447,.T.);
#3447 = EDGE_CURVE('',#3440,#3448,#3450,.T.);
#3448 = VERTEX_POINT('',#3449);
#3449 = CARTESIAN_POINT('',(50.604999,26.514931,-7.5E-02));
#3450 = LINE('',#3451,#3452);
#3451 = CARTESIAN_POINT('',(50.72462,26.396339,-7.5E-02));
#3452 = VECTOR('',#3453,1.);
#3453 = DIRECTION('',(-0.710154619004,0.7040457493,0.));
#3454 = ORIENTED_EDGE('',*,*,#3455,.T.);
#3455 = EDGE_CURVE('',#3448,#3456,#3458,.T.);
#3456 = VERTEX_POINT('',#3457);
#3457 = CARTESIAN_POINT('',(50.604999,25.561473,-7.5E-02));
#3458 = LINE('',#3459,#3460);
#3459 = CARTESIAN_POINT('',(50.604999,26.514931,-7.5E-02));
#3460 = VECTOR('',#3461,1.);
#3461 = DIRECTION('',(0.,-1.,0.));
#3462 = ORIENTED_EDGE('',*,*,#3463,.T.);
#3463 = EDGE_CURVE('',#3456,#3464,#3466,.T.);
#3464 = VERTEX_POINT('',#3465);
#3465 = CARTESIAN_POINT('',(50.907488,25.560032,-7.5E-02));
#3466 = LINE('',#3467,#3468);
#3467 = CARTESIAN_POINT('',(50.604999,25.561473,-7.5E-02));
#3468 = VECTOR('',#3469,1.);
#3469 = DIRECTION('',(0.999988653252,-4.763755539329E-03,0.));
#3470 = ORIENTED_EDGE('',*,*,#3471,.T.);
#3471 = EDGE_CURVE('',#3464,#3472,#3474,.T.);
#3472 = VERTEX_POINT('',#3473);
#3473 = CARTESIAN_POINT('',(50.892856,25.411473,-7.5E-02));
#3474 = CIRCLE('',#3475,7.500006711464E-02);
#3475 = AXIS2_PLACEMENT_3D('',#3476,#3477,#3478);
#3476 = CARTESIAN_POINT('',(50.892856067115,25.486473067115,-7.5E-02));
#3477 = DIRECTION('',(0.,0.,-1.));
#3478 = DIRECTION('',(0.195092263891,0.980784894138,0.));
#3479 = ORIENTED_EDGE('',*,*,#3480,.T.);
#3480 = EDGE_CURVE('',#3472,#3481,#3483,.T.);
#3481 = VERTEX_POINT('',#3482);
#3482 = CARTESIAN_POINT('',(50.152509,25.412914,-7.5E-02));
#3483 = LINE('',#3484,#3485);
#3484 = CARTESIAN_POINT('',(50.892856,25.411473,-7.5E-02));
#3485 = VECTOR('',#3486,1.);
#3486 = DIRECTION('',(-0.999998105799,1.94638091389E-03,0.));
#3487 = ORIENTED_EDGE('',*,*,#3488,.T.);
#3488 = EDGE_CURVE('',#3481,#3489,#3491,.T.);
#3489 = VERTEX_POINT('',#3490);
#3490 = CARTESIAN_POINT('',(50.167141,25.561473,-7.5E-02));
#3491 = CIRCLE('',#3492,7.500006711464E-02);
#3492 = AXIS2_PLACEMENT_3D('',#3493,#3494,#3495);
#3493 = CARTESIAN_POINT('',(50.167140932885,25.486472932885,-7.5E-02));
#3494 = DIRECTION('',(0.,0.,-1.));
#3495 = DIRECTION('',(-0.195092263891,-0.980784894138,-0.));
#3496 = ORIENTED_EDGE('',*,*,#3497,.T.);
#3497 = EDGE_CURVE('',#3489,#3498,#3500,.T.);
#3498 = VERTEX_POINT('',#3499);
#3499 = CARTESIAN_POINT('',(50.454999,25.561473,-7.5E-02));
#3500 = LINE('',#3501,#3502);
#3501 = CARTESIAN_POINT('',(50.167141,25.561473,-7.5E-02));
#3502 = VECTOR('',#3503,1.);
#3503 = DIRECTION('',(1.,0.,0.));
#3504 = ORIENTED_EDGE('',*,*,#3505,.T.);
#3505 = EDGE_CURVE('',#3498,#3506,#3508,.T.);
#3506 = VERTEX_POINT('',#3507);
#3507 = CARTESIAN_POINT('',(50.45644,26.771105,-7.5E-02));
#3508 = LINE('',#3509,#3510);
#3509 = CARTESIAN_POINT('',(50.454999,25.561473,-7.5E-02));
#3510 = VECTOR('',#3511,1.);
#3511 = DIRECTION('',(1.191270549654E-03,0.999999290437,0.));
#3512 = ORIENTED_EDGE('',*,*,#3513,.T.);
#3513 = EDGE_CURVE('',#3506,#3373,#3514,.T.);
#3514 = LINE('',#3515,#3516);
#3515 = CARTESIAN_POINT('',(50.45644,26.771105,-7.5E-02));
#3516 = VECTOR('',#3517,1.);
#3517 = DIRECTION('',(0.471857451169,0.881674852639,0.));
#3518 = PLANE('',#3519);
#3519 = AXIS2_PLACEMENT_3D('',#3520,#3521,#3522);
#3520 = CARTESIAN_POINT('',(0.,0.,-7.5E-02));
#3521 = DIRECTION('',(-0.,-0.,-1.));
#3522 = DIRECTION('',(-1.,0.,0.));
#3523 = SHELL_BASED_SURFACE_MODEL('',(#3524));
#3524 = OPEN_SHELL('',(#3525));
#3525 = ADVANCED_FACE('',(#3526),#3675,.T.);
#3526 = FACE_BOUND('',#3527,.T.);
#3527 = EDGE_LOOP('',(#3528,#3538,#3546,#3554,#3562,#3570,#3578,#3586,
    #3595,#3603,#3611,#3619,#3627,#3636,#3644,#3653,#3661,#3669));
#3528 = ORIENTED_EDGE('',*,*,#3529,.T.);
#3529 = EDGE_CURVE('',#3530,#3532,#3534,.T.);
#3530 = VERTEX_POINT('',#3531);
#3531 = CARTESIAN_POINT('',(53.017021,26.809561,-7.5E-02));
#3532 = VERTEX_POINT('',#3533);
#3533 = CARTESIAN_POINT('',(53.055367,26.830032,-7.5E-02));
#3534 = LINE('',#3535,#3536);
#3535 = CARTESIAN_POINT('',(53.017021,26.809561,-7.5E-02));
#3536 = VECTOR('',#3537,1.);
#3537 = DIRECTION('',(0.882163732375,0.470942830163,0.));
#3538 = ORIENTED_EDGE('',*,*,#3539,.T.);
#3539 = EDGE_CURVE('',#3532,#3540,#3542,.T.);
#3540 = VERTEX_POINT('',#3541);
#3541 = CARTESIAN_POINT('',(53.077283,26.830032,-7.5E-02));
#3542 = LINE('',#3543,#3544);
#3543 = CARTESIAN_POINT('',(53.055367,26.830032,-7.5E-02));
#3544 = VECTOR('',#3545,1.);
#3545 = DIRECTION('',(1.,0.,0.));
#3546 = ORIENTED_EDGE('',*,*,#3547,.T.);
#3547 = EDGE_CURVE('',#3540,#3548,#3550,.T.);
#3548 = VERTEX_POINT('',#3549);
#3549 = CARTESIAN_POINT('',(53.111667,26.818833,-7.5E-02));
#3550 = LINE('',#3551,#3552);
#3551 = CARTESIAN_POINT('',(53.077283,26.830032,-7.5E-02));
#3552 = VECTOR('',#3553,1.);
#3553 = DIRECTION('',(0.950837159691,-0.309691291048,0.));
#3554 = ORIENTED_EDGE('',*,*,#3555,.T.);
#3555 = EDGE_CURVE('',#3548,#3556,#3558,.T.);
#3556 = VERTEX_POINT('',#3557);
#3557 = CARTESIAN_POINT('',(53.132403,26.798076,-7.5E-02));
#3558 = LINE('',#3559,#3560);
#3559 = CARTESIAN_POINT('',(53.111667,26.818833,-7.5E-02));
#3560 = VECTOR('',#3561,1.);
#3561 = DIRECTION('',(0.706748817237,-0.707464564013,0.));
#3562 = ORIENTED_EDGE('',*,*,#3563,.T.);
#3563 = EDGE_CURVE('',#3556,#3564,#3566,.T.);
#3564 = VERTEX_POINT('',#3565);
#3565 = CARTESIAN_POINT('',(53.249237,26.622825,-7.5E-02));
#3566 = LINE('',#3567,#3568);
#3567 = CARTESIAN_POINT('',(53.132403,26.798076,-7.5E-02));
#3568 = VECTOR('',#3569,1.);
#3569 = DIRECTION('',(0.554700196225,-0.832050294338,0.));
#3570 = ORIENTED_EDGE('',*,*,#3571,.T.);
#3571 = EDGE_CURVE('',#3564,#3572,#3574,.T.);
#3572 = VERTEX_POINT('',#3573);
#3573 = CARTESIAN_POINT('',(53.35633,26.515731,-7.5E-02));
#3574 = LINE('',#3575,#3576);
#3575 = CARTESIAN_POINT('',(53.249237,26.622825,-7.5E-02));
#3576 = VECTOR('',#3577,1.);
#3577 = DIRECTION('',(0.707103479826,-0.707110082531,0.));
#3578 = ORIENTED_EDGE('',*,*,#3579,.T.);
#3579 = EDGE_CURVE('',#3572,#3580,#3582,.T.);
#3580 = VERTEX_POINT('',#3581);
#3581 = CARTESIAN_POINT('',(53.478839,26.452866,-7.5E-02));
#3582 = LINE('',#3583,#3584);
#3583 = CARTESIAN_POINT('',(53.35633,26.515731,-7.5E-02));
#3584 = VECTOR('',#3585,1.);
#3585 = DIRECTION('',(0.889699860019,-0.456545900302,0.));
#3586 = ORIENTED_EDGE('',*,*,#3587,.T.);
#3587 = EDGE_CURVE('',#3580,#3588,#3590,.T.);
#3588 = VERTEX_POINT('',#3589);
#3589 = CARTESIAN_POINT('',(53.399315,26.326534,-7.5E-02));
#3590 = CIRCLE('',#3591,7.49999426631E-02);
#3591 = AXIS2_PLACEMENT_3D('',#3592,#3593,#3594);
#3592 = CARTESIAN_POINT('',(53.432856280019,26.393615845041,-7.5E-02));
#3593 = DIRECTION('',(0.,0.,-1.));
#3594 = DIRECTION('',(0.613103401792,0.790002670066,0.));
#3595 = ORIENTED_EDGE('',*,*,#3596,.T.);
#3596 = EDGE_CURVE('',#3588,#3597,#3599,.T.);
#3597 = VERTEX_POINT('',#3598);
#3598 = CARTESIAN_POINT('',(53.26462,26.396339,-7.5E-02));
#3599 = LINE('',#3600,#3601);
#3600 = CARTESIAN_POINT('',(53.399315,26.326534,-7.5E-02));
#3601 = VECTOR('',#3602,1.);
#3602 = DIRECTION('',(-0.88785377654,0.460125712695,0.));
#3603 = ORIENTED_EDGE('',*,*,#3604,.T.);
#3604 = EDGE_CURVE('',#3597,#3605,#3607,.T.);
#3605 = VERTEX_POINT('',#3606);
#3606 = CARTESIAN_POINT('',(53.144999,26.514931,-7.5E-02));
#3607 = LINE('',#3608,#3609);
#3608 = CARTESIAN_POINT('',(53.26462,26.396339,-7.5E-02));
#3609 = VECTOR('',#3610,1.);
#3610 = DIRECTION('',(-0.710154619004,0.7040457493,0.));
#3611 = ORIENTED_EDGE('',*,*,#3612,.T.);
#3612 = EDGE_CURVE('',#3605,#3613,#3615,.T.);
#3613 = VERTEX_POINT('',#3614);
#3614 = CARTESIAN_POINT('',(53.144999,25.561473,-7.5E-02));
#3615 = LINE('',#3616,#3617);
#3616 = CARTESIAN_POINT('',(53.144999,26.514931,-7.5E-02));
#3617 = VECTOR('',#3618,1.);
#3618 = DIRECTION('',(0.,-1.,0.));
#3619 = ORIENTED_EDGE('',*,*,#3620,.T.);
#3620 = EDGE_CURVE('',#3613,#3621,#3623,.T.);
#3621 = VERTEX_POINT('',#3622);
#3622 = CARTESIAN_POINT('',(53.447488,25.560032,-7.5E-02));
#3623 = LINE('',#3624,#3625);
#3624 = CARTESIAN_POINT('',(53.144999,25.561473,-7.5E-02));
#3625 = VECTOR('',#3626,1.);
#3626 = DIRECTION('',(0.999988653252,-4.763755539329E-03,0.));
#3627 = ORIENTED_EDGE('',*,*,#3628,.T.);
#3628 = EDGE_CURVE('',#3621,#3629,#3631,.T.);
#3629 = VERTEX_POINT('',#3630);
#3630 = CARTESIAN_POINT('',(53.432856,25.411473,-7.5E-02));
#3631 = CIRCLE('',#3632,7.500006711464E-02);
#3632 = AXIS2_PLACEMENT_3D('',#3633,#3634,#3635);
#3633 = CARTESIAN_POINT('',(53.432856067115,25.486473067115,-7.5E-02));
#3634 = DIRECTION('',(0.,0.,-1.));
#3635 = DIRECTION('',(0.195092263891,0.980784894138,0.));
#3636 = ORIENTED_EDGE('',*,*,#3637,.T.);
#3637 = EDGE_CURVE('',#3629,#3638,#3640,.T.);
#3638 = VERTEX_POINT('',#3639);
#3639 = CARTESIAN_POINT('',(52.692509,25.412914,-7.5E-02));
#3640 = LINE('',#3641,#3642);
#3641 = CARTESIAN_POINT('',(53.432856,25.411473,-7.5E-02));
#3642 = VECTOR('',#3643,1.);
#3643 = DIRECTION('',(-0.999998105799,1.94638091389E-03,0.));
#3644 = ORIENTED_EDGE('',*,*,#3645,.T.);
#3645 = EDGE_CURVE('',#3638,#3646,#3648,.T.);
#3646 = VERTEX_POINT('',#3647);
#3647 = CARTESIAN_POINT('',(52.707141,25.561473,-7.5E-02));
#3648 = CIRCLE('',#3649,7.500006711464E-02);
#3649 = AXIS2_PLACEMENT_3D('',#3650,#3651,#3652);
#3650 = CARTESIAN_POINT('',(52.707140932885,25.486472932885,-7.5E-02));
#3651 = DIRECTION('',(0.,0.,-1.));
#3652 = DIRECTION('',(-0.195092263891,-0.980784894138,-0.));
#3653 = ORIENTED_EDGE('',*,*,#3654,.T.);
#3654 = EDGE_CURVE('',#3646,#3655,#3657,.T.);
#3655 = VERTEX_POINT('',#3656);
#3656 = CARTESIAN_POINT('',(52.994999,25.561473,-7.5E-02));
#3657 = LINE('',#3658,#3659);
#3658 = CARTESIAN_POINT('',(52.707141,25.561473,-7.5E-02));
#3659 = VECTOR('',#3660,1.);
#3660 = DIRECTION('',(1.,0.,0.));
#3661 = ORIENTED_EDGE('',*,*,#3662,.T.);
#3662 = EDGE_CURVE('',#3655,#3663,#3665,.T.);
#3663 = VERTEX_POINT('',#3664);
#3664 = CARTESIAN_POINT('',(52.99644,26.771105,-7.5E-02));
#3665 = LINE('',#3666,#3667);
#3666 = CARTESIAN_POINT('',(52.994999,25.561473,-7.5E-02));
#3667 = VECTOR('',#3668,1.);
#3668 = DIRECTION('',(1.191270549654E-03,0.999999290437,0.));
#3669 = ORIENTED_EDGE('',*,*,#3670,.T.);
#3670 = EDGE_CURVE('',#3663,#3530,#3671,.T.);
#3671 = LINE('',#3672,#3673);
#3672 = CARTESIAN_POINT('',(52.99644,26.771105,-7.5E-02));
#3673 = VECTOR('',#3674,1.);
#3674 = DIRECTION('',(0.471857451169,0.881674852639,0.));
#3675 = PLANE('',#3676);
#3676 = AXIS2_PLACEMENT_3D('',#3677,#3678,#3679);
#3677 = CARTESIAN_POINT('',(0.,0.,-7.5E-02));
#3678 = DIRECTION('',(-0.,-0.,-1.));
#3679 = DIRECTION('',(-1.,0.,0.));
#3680 = SHELL_BASED_SURFACE_MODEL('',(#3681));
#3681 = OPEN_SHELL('',(#3682));
#3682 = ADVANCED_FACE('',(#3683),#3842,.T.);
#3683 = FACE_BOUND('',#3684,.T.);
#3684 = EDGE_LOOP('',(#3685,#3696,#3704,#3713,#3721,#3730,#3738,#3746,
    #3754,#3762,#3770,#3779,#3787,#3796,#3804,#3812,#3820,#3828,#3836));
#3685 = ORIENTED_EDGE('',*,*,#3686,.T.);
#3686 = EDGE_CURVE('',#3687,#3689,#3691,.T.);
#3687 = VERTEX_POINT('',#3688);
#3688 = CARTESIAN_POINT('',(3.62825,29.19915,-7.5E-02));
#3689 = VERTEX_POINT('',#3690);
#3690 = CARTESIAN_POINT('',(4.259657,29.193786,-7.5E-02));
#3691 = CIRCLE('',#3692,0.552470011207);
#3692 = AXIS2_PLACEMENT_3D('',#3693,#3694,#3695);
#3693 = CARTESIAN_POINT('',(3.940102092163,28.743111201326,-7.5E-02));
#3694 = DIRECTION('',(0.,0.,-1.));
#3695 = DIRECTION('',(-0.564468814302,0.82545439467,0.));
#3696 = ORIENTED_EDGE('',*,*,#3697,.T.);
#3697 = EDGE_CURVE('',#3689,#3698,#3700,.T.);
#3698 = VERTEX_POINT('',#3699);
#3699 = CARTESIAN_POINT('',(4.335213,29.117224,-7.5E-02));
#3700 = LINE('',#3701,#3702);
#3701 = CARTESIAN_POINT('',(4.259657,29.193786,-7.5E-02));
#3702 = VECTOR('',#3703,1.);
#3703 = DIRECTION('',(0.702415120972,-0.711767516701,0.));
#3704 = ORIENTED_EDGE('',*,*,#3705,.T.);
#3705 = EDGE_CURVE('',#3698,#3706,#3708,.T.);
#3706 = VERTEX_POINT('',#3707);
#3707 = CARTESIAN_POINT('',(4.21982,29.022523,-7.5E-02));
#3708 = CIRCLE('',#3709,7.499996838527E-02);
#3709 = AXIS2_PLACEMENT_3D('',#3710,#3711,#3712);
#3710 = CARTESIAN_POINT('',(4.272852972468,29.075556,-7.5E-02));
#3711 = DIRECTION('',(0.,0.,-1.));
#3712 = DIRECTION('',(0.831467384248,0.555573567524,0.));
#3713 = ORIENTED_EDGE('',*,*,#3714,.T.);
#3714 = EDGE_CURVE('',#3706,#3715,#3717,.T.);
#3715 = VERTEX_POINT('',#3716);
#3716 = CARTESIAN_POINT('',(4.16795,29.074393,-7.5E-02));
#3717 = LINE('',#3718,#3719);
#3718 = CARTESIAN_POINT('',(4.21982,29.022523,-7.5E-02));
#3719 = VECTOR('',#3720,1.);
#3720 = DIRECTION('',(-0.707106781187,0.707106781187,0.));
#3721 = ORIENTED_EDGE('',*,*,#3722,.T.);
#3722 = EDGE_CURVE('',#3715,#3723,#3725,.T.);
#3723 = VERTEX_POINT('',#3724);
#3724 = CARTESIAN_POINT('',(3.712518,29.074393,-7.5E-02));
#3725 = CIRCLE('',#3726,0.407259497449);
#3726 = AXIS2_PLACEMENT_3D('',#3727,#3728,#3729);
#3727 = CARTESIAN_POINT('',(3.940234,28.736745666815,-7.5E-02));
#3728 = DIRECTION('',(0.,0.,1.));
#3729 = DIRECTION('',(0.559142270287,0.829071722819,-0.));
#3730 = ORIENTED_EDGE('',*,*,#3731,.T.);
#3731 = EDGE_CURVE('',#3723,#3732,#3734,.T.);
#3732 = VERTEX_POINT('',#3733);
#3733 = CARTESIAN_POINT('',(3.669253,29.031129,-7.5E-02));
#3734 = LINE('',#3735,#3736);
#3735 = CARTESIAN_POINT('',(3.712518,29.074393,-7.5E-02));
#3736 = VECTOR('',#3737,1.);
#3737 = DIRECTION('',(-0.707114953044,-0.707098609234,0.));
#3738 = ORIENTED_EDGE('',*,*,#3739,.T.);
#3739 = EDGE_CURVE('',#3732,#3740,#3742,.T.);
#3740 = VERTEX_POINT('',#3741);
#3741 = CARTESIAN_POINT('',(3.622138,28.936899,-7.5E-02));
#3742 = LINE('',#3743,#3744);
#3743 = CARTESIAN_POINT('',(3.669253,29.031129,-7.5E-02));
#3744 = VECTOR('',#3745,1.);
#3745 = DIRECTION('',(-0.4472135955,-0.894427191,0.));
#3746 = ORIENTED_EDGE('',*,*,#3747,.T.);
#3747 = EDGE_CURVE('',#3740,#3748,#3750,.T.);
#3748 = VERTEX_POINT('',#3749);
#3749 = CARTESIAN_POINT('',(3.622138,28.845822,-7.5E-02));
#3750 = LINE('',#3751,#3752);
#3751 = CARTESIAN_POINT('',(3.622138,28.936899,-7.5E-02));
#3752 = VECTOR('',#3753,1.);
#3753 = DIRECTION('',(0.,-1.,0.));
#3754 = ORIENTED_EDGE('',*,*,#3755,.T.);
#3755 = EDGE_CURVE('',#3748,#3756,#3758,.T.);
#3756 = VERTEX_POINT('',#3757);
#3757 = CARTESIAN_POINT('',(3.673167,28.692737,-7.5E-02));
#3758 = LINE('',#3759,#3760);
#3759 = CARTESIAN_POINT('',(3.622138,28.845822,-7.5E-02));
#3760 = VECTOR('',#3761,1.);
#3761 = DIRECTION('',(0.316231484271,-0.948682058625,0.));
#3762 = ORIENTED_EDGE('',*,*,#3763,.T.);
#3763 = EDGE_CURVE('',#3756,#3764,#3766,.T.);
#3764 = VERTEX_POINT('',#3765);
#3765 = CARTESIAN_POINT('',(4.395689,27.968176,-7.5E-02));
#3766 = LINE('',#3767,#3768);
#3767 = CARTESIAN_POINT('',(3.673167,28.692737,-7.5E-02));
#3768 = VECTOR('',#3769,1.);
#3769 = DIRECTION('',(0.706109737433,-0.708102421054,0.));
#3770 = ORIENTED_EDGE('',*,*,#3771,.T.);
#3771 = EDGE_CURVE('',#3764,#3772,#3774,.T.);
#3772 = VERTEX_POINT('',#3773);
#3773 = CARTESIAN_POINT('',(4.333329,27.851508,-7.5E-02));
#3774 = CIRCLE('',#3775,7.499979580331E-02);
#3775 = AXIS2_PLACEMENT_3D('',#3776,#3777,#3778);
#3776 = CARTESIAN_POINT('',(4.333329316474,27.926507795803,-7.5E-02));
#3777 = DIRECTION('',(0.,0.,-1.));
#3778 = DIRECTION('',(0.831464710782,0.555577568593,0.));
#3779 = ORIENTED_EDGE('',*,*,#3780,.T.);
#3780 = EDGE_CURVE('',#3772,#3781,#3783,.T.);
#3781 = VERTEX_POINT('',#3782);
#3782 = CARTESIAN_POINT('',(3.532506,27.852949,-7.5E-02));
#3783 = LINE('',#3784,#3785);
#3784 = CARTESIAN_POINT('',(4.333329,27.851508,-7.5E-02));
#3785 = VECTOR('',#3786,1.);
#3786 = DIRECTION('',(-0.999998381086,1.799395955341E-03,0.));
#3787 = ORIENTED_EDGE('',*,*,#3788,.T.);
#3788 = EDGE_CURVE('',#3781,#3789,#3791,.T.);
#3789 = VERTEX_POINT('',#3790);
#3790 = CARTESIAN_POINT('',(3.547138,28.001508,-7.5E-02));
#3791 = CIRCLE('',#3792,7.500006711464E-02);
#3792 = AXIS2_PLACEMENT_3D('',#3793,#3794,#3795);
#3793 = CARTESIAN_POINT('',(3.547137932885,27.926507932885,-7.5E-02));
#3794 = DIRECTION('',(0.,0.,-1.));
#3795 = DIRECTION('',(-0.195092263891,-0.980784894138,-0.));
#3796 = ORIENTED_EDGE('',*,*,#3797,.T.);
#3797 = EDGE_CURVE('',#3789,#3798,#3800,.T.);
#3798 = VERTEX_POINT('',#3799);
#3799 = CARTESIAN_POINT('',(4.152263,28.001508,-7.5E-02));
#3800 = LINE('',#3801,#3802);
#3801 = CARTESIAN_POINT('',(3.547138,28.001508,-7.5E-02));
#3802 = VECTOR('',#3803,1.);
#3803 = DIRECTION('',(1.,0.,0.));
#3804 = ORIENTED_EDGE('',*,*,#3805,.T.);
#3805 = EDGE_CURVE('',#3798,#3806,#3808,.T.);
#3806 = VERTEX_POINT('',#3807);
#3807 = CARTESIAN_POINT('',(3.542458,28.61508,-7.5E-02));
#3808 = LINE('',#3809,#3810);
#3809 = CARTESIAN_POINT('',(4.152263,28.001508,-7.5E-02));
#3810 = VECTOR('',#3811,1.);
#3811 = DIRECTION('',(-0.704926129146,0.709280728941,0.));
#3812 = ORIENTED_EDGE('',*,*,#3813,.T.);
#3813 = EDGE_CURVE('',#3806,#3814,#3816,.T.);
#3814 = VERTEX_POINT('',#3815);
#3815 = CARTESIAN_POINT('',(3.472867,28.826246,-7.5E-02));
#3816 = LINE('',#3817,#3818);
#3817 = CARTESIAN_POINT('',(3.542458,28.61508,-7.5E-02));
#3818 = VECTOR('',#3819,1.);
#3819 = DIRECTION('',(-0.312997060143,0.94975409467,0.));
#3820 = ORIENTED_EDGE('',*,*,#3821,.T.);
#3821 = EDGE_CURVE('',#3814,#3822,#3824,.T.);
#3822 = VERTEX_POINT('',#3823);
#3823 = CARTESIAN_POINT('',(3.474801,28.974414,-7.5E-02));
#3824 = LINE('',#3825,#3826);
#3825 = CARTESIAN_POINT('',(3.472867,28.826246,-7.5E-02));
#3826 = VECTOR('',#3827,1.);
#3827 = DIRECTION('',(1.305163914674E-02,0.99991482373,0.));
#3828 = ORIENTED_EDGE('',*,*,#3829,.T.);
#3829 = EDGE_CURVE('',#3822,#3830,#3832,.T.);
#3830 = VERTEX_POINT('',#3831);
#3831 = CARTESIAN_POINT('',(3.549861,29.122838,-7.5E-02));
#3832 = LINE('',#3833,#3834);
#3833 = CARTESIAN_POINT('',(3.474801,28.974414,-7.5E-02));
#3834 = VECTOR('',#3835,1.);
#3835 = DIRECTION('',(0.451287730359,0.892378498412,0.));
#3836 = ORIENTED_EDGE('',*,*,#3837,.T.);
#3837 = EDGE_CURVE('',#3830,#3687,#3838,.T.);
#3838 = LINE('',#3839,#3840);
#3839 = CARTESIAN_POINT('',(3.549861,29.122838,-7.5E-02));
#3840 = VECTOR('',#3841,1.);
#3841 = DIRECTION('',(0.716535748826,0.69755037141,0.));
#3842 = PLANE('',#3843);
#3843 = AXIS2_PLACEMENT_3D('',#3844,#3845,#3846);
#3844 = CARTESIAN_POINT('',(0.,0.,-7.5E-02));
#3845 = DIRECTION('',(-0.,-0.,-1.));
#3846 = DIRECTION('',(-1.,0.,0.));
#3847 = SHELL_BASED_SURFACE_MODEL('',(#3848));
#3848 = OPEN_SHELL('',(#3849));
#3849 = ADVANCED_FACE('',(#3850),#3999,.T.);
#3850 = FACE_BOUND('',#3851,.T.);
#3851 = EDGE_LOOP('',(#3852,#3862,#3870,#3878,#3886,#3894,#3902,#3910,
    #3919,#3927,#3935,#3943,#3951,#3960,#3968,#3977,#3985,#3993));
#3852 = ORIENTED_EDGE('',*,*,#3853,.T.);
#3853 = EDGE_CURVE('',#3854,#3856,#3858,.T.);
#3854 = VERTEX_POINT('',#3855);
#3855 = CARTESIAN_POINT('',(6.397018,29.249596,-7.5E-02));
#3856 = VERTEX_POINT('',#3857);
#3857 = CARTESIAN_POINT('',(6.435364,29.270067,-7.5E-02));
#3858 = LINE('',#3859,#3860);
#3859 = CARTESIAN_POINT('',(6.397018,29.249596,-7.5E-02));
#3860 = VECTOR('',#3861,1.);
#3861 = DIRECTION('',(0.882163732375,0.470942830163,0.));
#3862 = ORIENTED_EDGE('',*,*,#3863,.T.);
#3863 = EDGE_CURVE('',#3856,#3864,#3866,.T.);
#3864 = VERTEX_POINT('',#3865);
#3865 = CARTESIAN_POINT('',(6.45728,29.270067,-7.5E-02));
#3866 = LINE('',#3867,#3868);
#3867 = CARTESIAN_POINT('',(6.435364,29.270067,-7.5E-02));
#3868 = VECTOR('',#3869,1.);
#3869 = DIRECTION('',(1.,0.,0.));
#3870 = ORIENTED_EDGE('',*,*,#3871,.T.);
#3871 = EDGE_CURVE('',#3864,#3872,#3874,.T.);
#3872 = VERTEX_POINT('',#3873);
#3873 = CARTESIAN_POINT('',(6.491664,29.258868,-7.5E-02));
#3874 = LINE('',#3875,#3876);
#3875 = CARTESIAN_POINT('',(6.45728,29.270067,-7.5E-02));
#3876 = VECTOR('',#3877,1.);
#3877 = DIRECTION('',(0.950837159691,-0.309691291048,0.));
#3878 = ORIENTED_EDGE('',*,*,#3879,.T.);
#3879 = EDGE_CURVE('',#3872,#3880,#3882,.T.);
#3880 = VERTEX_POINT('',#3881);
#3881 = CARTESIAN_POINT('',(6.5124,29.238111,-7.5E-02));
#3882 = LINE('',#3883,#3884);
#3883 = CARTESIAN_POINT('',(6.491664,29.258868,-7.5E-02));
#3884 = VECTOR('',#3885,1.);
#3885 = DIRECTION('',(0.706748817237,-0.707464564013,0.));
#3886 = ORIENTED_EDGE('',*,*,#3887,.T.);
#3887 = EDGE_CURVE('',#3880,#3888,#3890,.T.);
#3888 = VERTEX_POINT('',#3889);
#3889 = CARTESIAN_POINT('',(6.629234,29.06286,-7.5E-02));
#3890 = LINE('',#3891,#3892);
#3891 = CARTESIAN_POINT('',(6.5124,29.238111,-7.5E-02));
#3892 = VECTOR('',#3893,1.);
#3893 = DIRECTION('',(0.554700196225,-0.832050294338,0.));
#3894 = ORIENTED_EDGE('',*,*,#3895,.T.);
#3895 = EDGE_CURVE('',#3888,#3896,#3898,.T.);
#3896 = VERTEX_POINT('',#3897);
#3897 = CARTESIAN_POINT('',(6.736327,28.955766,-7.5E-02));
#3898 = LINE('',#3899,#3900);
#3899 = CARTESIAN_POINT('',(6.629234,29.06286,-7.5E-02));
#3900 = VECTOR('',#3901,1.);
#3901 = DIRECTION('',(0.707103479826,-0.707110082531,0.));
#3902 = ORIENTED_EDGE('',*,*,#3903,.T.);
#3903 = EDGE_CURVE('',#3896,#3904,#3906,.T.);
#3904 = VERTEX_POINT('',#3905);
#3905 = CARTESIAN_POINT('',(6.858836,28.892901,-7.5E-02));
#3906 = LINE('',#3907,#3908);
#3907 = CARTESIAN_POINT('',(6.736327,28.955766,-7.5E-02));
#3908 = VECTOR('',#3909,1.);
#3909 = DIRECTION('',(0.889699860019,-0.456545900302,0.));
#3910 = ORIENTED_EDGE('',*,*,#3911,.T.);
#3911 = EDGE_CURVE('',#3904,#3912,#3914,.T.);
#3912 = VERTEX_POINT('',#3913);
#3913 = CARTESIAN_POINT('',(6.779312,28.766569,-7.5E-02));
#3914 = CIRCLE('',#3915,7.49999426631E-02);
#3915 = AXIS2_PLACEMENT_3D('',#3916,#3917,#3918);
#3916 = CARTESIAN_POINT('',(6.812853280019,28.833650845041,-7.5E-02));
#3917 = DIRECTION('',(0.,0.,-1.));
#3918 = DIRECTION('',(0.613103401791,0.790002670066,0.));
#3919 = ORIENTED_EDGE('',*,*,#3920,.T.);
#3920 = EDGE_CURVE('',#3912,#3921,#3923,.T.);
#3921 = VERTEX_POINT('',#3922);
#3922 = CARTESIAN_POINT('',(6.644617,28.836374,-7.5E-02));
#3923 = LINE('',#3924,#3925);
#3924 = CARTESIAN_POINT('',(6.779312,28.766569,-7.5E-02));
#3925 = VECTOR('',#3926,1.);
#3926 = DIRECTION('',(-0.88785377654,0.460125712695,0.));
#3927 = ORIENTED_EDGE('',*,*,#3928,.T.);
#3928 = EDGE_CURVE('',#3921,#3929,#3931,.T.);
#3929 = VERTEX_POINT('',#3930);
#3930 = CARTESIAN_POINT('',(6.524996,28.954966,-7.5E-02));
#3931 = LINE('',#3932,#3933);
#3932 = CARTESIAN_POINT('',(6.644617,28.836374,-7.5E-02));
#3933 = VECTOR('',#3934,1.);
#3934 = DIRECTION('',(-0.710154619004,0.7040457493,0.));
#3935 = ORIENTED_EDGE('',*,*,#3936,.T.);
#3936 = EDGE_CURVE('',#3929,#3937,#3939,.T.);
#3937 = VERTEX_POINT('',#3938);
#3938 = CARTESIAN_POINT('',(6.524996,28.001508,-7.5E-02));
#3939 = LINE('',#3940,#3941);
#3940 = CARTESIAN_POINT('',(6.524996,28.954966,-7.5E-02));
#3941 = VECTOR('',#3942,1.);
#3942 = DIRECTION('',(0.,-1.,0.));
#3943 = ORIENTED_EDGE('',*,*,#3944,.T.);
#3944 = EDGE_CURVE('',#3937,#3945,#3947,.T.);
#3945 = VERTEX_POINT('',#3946);
#3946 = CARTESIAN_POINT('',(6.827485,28.000067,-7.5E-02));
#3947 = LINE('',#3948,#3949);
#3948 = CARTESIAN_POINT('',(6.524996,28.001508,-7.5E-02));
#3949 = VECTOR('',#3950,1.);
#3950 = DIRECTION('',(0.999988653252,-4.763755539329E-03,0.));
#3951 = ORIENTED_EDGE('',*,*,#3952,.T.);
#3952 = EDGE_CURVE('',#3945,#3953,#3955,.T.);
#3953 = VERTEX_POINT('',#3954);
#3954 = CARTESIAN_POINT('',(6.812853,27.851508,-7.5E-02));
#3955 = CIRCLE('',#3956,7.500006711464E-02);
#3956 = AXIS2_PLACEMENT_3D('',#3957,#3958,#3959);
#3957 = CARTESIAN_POINT('',(6.812853067115,27.926508067115,-7.5E-02));
#3958 = DIRECTION('',(0.,0.,-1.));
#3959 = DIRECTION('',(0.195092263891,0.980784894138,0.));
#3960 = ORIENTED_EDGE('',*,*,#3961,.T.);
#3961 = EDGE_CURVE('',#3953,#3962,#3964,.T.);
#3962 = VERTEX_POINT('',#3963);
#3963 = CARTESIAN_POINT('',(6.072506,27.852949,-7.5E-02));
#3964 = LINE('',#3965,#3966);
#3965 = CARTESIAN_POINT('',(6.812853,27.851508,-7.5E-02));
#3966 = VECTOR('',#3967,1.);
#3967 = DIRECTION('',(-0.999998105799,1.94638091389E-03,0.));
#3968 = ORIENTED_EDGE('',*,*,#3969,.T.);
#3969 = EDGE_CURVE('',#3962,#3970,#3972,.T.);
#3970 = VERTEX_POINT('',#3971);
#3971 = CARTESIAN_POINT('',(6.087138,28.001508,-7.5E-02));
#3972 = CIRCLE('',#3973,7.500006711464E-02);
#3973 = AXIS2_PLACEMENT_3D('',#3974,#3975,#3976);
#3974 = CARTESIAN_POINT('',(6.087137932885,27.926507932885,-7.5E-02));
#3975 = DIRECTION('',(0.,0.,-1.));
#3976 = DIRECTION('',(-0.195092263891,-0.980784894138,-0.));
#3977 = ORIENTED_EDGE('',*,*,#3978,.T.);
#3978 = EDGE_CURVE('',#3970,#3979,#3981,.T.);
#3979 = VERTEX_POINT('',#3980);
#3980 = CARTESIAN_POINT('',(6.374996,28.001508,-7.5E-02));
#3981 = LINE('',#3982,#3983);
#3982 = CARTESIAN_POINT('',(6.087138,28.001508,-7.5E-02));
#3983 = VECTOR('',#3984,1.);
#3984 = DIRECTION('',(1.,0.,0.));
#3985 = ORIENTED_EDGE('',*,*,#3986,.T.);
#3986 = EDGE_CURVE('',#3979,#3987,#3989,.T.);
#3987 = VERTEX_POINT('',#3988);
#3988 = CARTESIAN_POINT('',(6.376437,29.21114,-7.5E-02));
#3989 = LINE('',#3990,#3991);
#3990 = CARTESIAN_POINT('',(6.374996,28.001508,-7.5E-02));
#3991 = VECTOR('',#3992,1.);
#3992 = DIRECTION('',(1.191270549654E-03,0.999999290437,0.));
#3993 = ORIENTED_EDGE('',*,*,#3994,.T.);
#3994 = EDGE_CURVE('',#3987,#3854,#3995,.T.);
#3995 = LINE('',#3996,#3997);
#3996 = CARTESIAN_POINT('',(6.376437,29.21114,-7.5E-02));
#3997 = VECTOR('',#3998,1.);
#3998 = DIRECTION('',(0.471857451169,0.881674852639,0.));
#3999 = PLANE('',#4000);
#4000 = AXIS2_PLACEMENT_3D('',#4001,#4002,#4003);
#4001 = CARTESIAN_POINT('',(0.,0.,-7.5E-02));
#4002 = DIRECTION('',(-0.,-0.,-1.));
#4003 = DIRECTION('',(-1.,0.,0.));
#4004 = SHELL_BASED_SURFACE_MODEL('',(#4005));
#4005 = OPEN_SHELL('',(#4006));
#4006 = ADVANCED_FACE('',(#4007),#4150,.T.);
#4007 = FACE_BOUND('',#4008,.T.);
#4008 = EDGE_LOOP('',(#4009,#4020,#4028,#4037,#4045,#4053,#4062,#4070,
    #4078,#4087,#4095,#4103,#4112,#4120,#4128,#4136,#4144));
#4009 = ORIENTED_EDGE('',*,*,#4010,.T.);
#4010 = EDGE_CURVE('',#4011,#4013,#4015,.T.);
#4011 = VERTEX_POINT('',#4012);
#4012 = CARTESIAN_POINT('',(-1.168778,29.302967,-7.5E-02));
#4013 = VERTEX_POINT('',#4014);
#4014 = CARTESIAN_POINT('',(-1.038377,29.280701,-7.5E-02));
#4015 = CIRCLE('',#4016,7.500013401235E-02);
#4016 = AXIS2_PLACEMENT_3D('',#4017,#4018,#4019);
#4017 = CARTESIAN_POINT('',(-1.10952823704,29.256983462826,-7.5E-02));
#4018 = DIRECTION('',(0.,0.,-1.));
#4019 = DIRECTION('',(-0.789995427882,0.613112733455,0.));
#4020 = ORIENTED_EDGE('',*,*,#4021,.T.);
#4021 = EDGE_CURVE('',#4013,#4022,#4024,.T.);
#4022 = VERTEX_POINT('',#4023);
#4023 = CARTESIAN_POINT('',(-0.732736,28.359222,-7.5E-02));
#4024 = LINE('',#4025,#4026);
#4025 = CARTESIAN_POINT('',(-1.038377,29.280701,-7.5E-02));
#4026 = VECTOR('',#4027,1.);
#4027 = DIRECTION('',(0.314819572033,-0.949151535354,0.));
#4028 = ORIENTED_EDGE('',*,*,#4029,.T.);
#4029 = EDGE_CURVE('',#4022,#4030,#4032,.T.);
#4030 = VERTEX_POINT('',#4031);
#4031 = CARTESIAN_POINT('',(-0.807147,28.274842,-7.5E-02));
#4032 = CIRCLE('',#4033,7.499861641291E-02);
#4033 = AXIS2_PLACEMENT_3D('',#4034,#4035,#4036);
#4034 = CARTESIAN_POINT('',(-0.807145556547,28.349840616399,-7.5E-02));
#4035 = DIRECTION('',(0.,0.,-1.));
#4036 = DIRECTION('',(0.992145723566,0.125087422271,0.));
#4037 = ORIENTED_EDGE('',*,*,#4038,.T.);
#4038 = EDGE_CURVE('',#4030,#4039,#4041,.T.);
#4039 = VERTEX_POINT('',#4040);
#4040 = CARTESIAN_POINT('',(-1.336909,28.274842,-7.5E-02));
#4041 = LINE('',#4042,#4043);
#4042 = CARTESIAN_POINT('',(-0.807147,28.274842,-7.5E-02));
#4043 = VECTOR('',#4044,1.);
#4044 = DIRECTION('',(-1.,0.,0.));
#4045 = ORIENTED_EDGE('',*,*,#4046,.T.);
#4046 = EDGE_CURVE('',#4039,#4047,#4049,.T.);
#4047 = VERTEX_POINT('',#4048);
#4048 = CARTESIAN_POINT('',(-1.33835,27.911876,-7.5E-02));
#4049 = LINE('',#4050,#4051);
#4050 = CARTESIAN_POINT('',(-1.336909,28.274842,-7.5E-02));
#4051 = VECTOR('',#4052,1.);
#4052 = DIRECTION('',(-3.970037535229E-03,-0.99999211937,0.));
#4053 = ORIENTED_EDGE('',*,*,#4054,.T.);
#4054 = EDGE_CURVE('',#4047,#4055,#4057,.T.);
#4055 = VERTEX_POINT('',#4056);
#4056 = CARTESIAN_POINT('',(-1.486909,27.926508,-7.5E-02));
#4057 = CIRCLE('',#4058,7.500006711464E-02);
#4058 = AXIS2_PLACEMENT_3D('',#4059,#4060,#4061);
#4059 = CARTESIAN_POINT('',(-1.411908932885,27.926507932885,-7.5E-02));
#4060 = DIRECTION('',(-0.,0.,-1.));
#4061 = DIRECTION('',(0.980784894138,-0.195092263891,-0.));
#4062 = ORIENTED_EDGE('',*,*,#4063,.T.);
#4063 = EDGE_CURVE('',#4055,#4064,#4066,.T.);
#4064 = VERTEX_POINT('',#4065);
#4065 = CARTESIAN_POINT('',(-1.486909,28.274842,-7.5E-02));
#4066 = LINE('',#4067,#4068);
#4067 = CARTESIAN_POINT('',(-1.486909,27.926508,-7.5E-02));
#4068 = VECTOR('',#4069,1.);
#4069 = DIRECTION('',(0.,1.,0.));
#4070 = ORIENTED_EDGE('',*,*,#4071,.T.);
#4071 = EDGE_CURVE('',#4064,#4072,#4074,.T.);
#4072 = VERTEX_POINT('',#4073);
#4073 = CARTESIAN_POINT('',(-1.60797,28.276283,-7.5E-02));
#4074 = LINE('',#4075,#4076);
#4075 = CARTESIAN_POINT('',(-1.486909,28.274842,-7.5E-02));
#4076 = VECTOR('',#4077,1.);
#4077 = DIRECTION('',(-0.999929165749,1.19022470312E-02,0.));
#4078 = ORIENTED_EDGE('',*,*,#4079,.T.);
#4079 = EDGE_CURVE('',#4072,#4080,#4082,.T.);
#4080 = VERTEX_POINT('',#4081);
#4081 = CARTESIAN_POINT('',(-1.593338,28.424842,-7.5E-02));
#4082 = CIRCLE('',#4083,7.500006711464E-02);
#4083 = AXIS2_PLACEMENT_3D('',#4084,#4085,#4086);
#4084 = CARTESIAN_POINT('',(-1.593338067115,28.349841932885,-7.5E-02));
#4085 = DIRECTION('',(0.,0.,-1.));
#4086 = DIRECTION('',(-0.195092263891,-0.980784894138,-0.));
#4087 = ORIENTED_EDGE('',*,*,#4088,.T.);
#4088 = EDGE_CURVE('',#4080,#4089,#4091,.T.);
#4089 = VERTEX_POINT('',#4090);
#4090 = CARTESIAN_POINT('',(-1.486909,28.424842,-7.5E-02));
#4091 = LINE('',#4092,#4093);
#4092 = CARTESIAN_POINT('',(-1.593338,28.424842,-7.5E-02));
#4093 = VECTOR('',#4094,1.);
#4094 = DIRECTION('',(1.,0.,0.));
#4095 = ORIENTED_EDGE('',*,*,#4096,.T.);
#4096 = EDGE_CURVE('',#4089,#4097,#4099,.T.);
#4097 = VERTEX_POINT('',#4098);
#4098 = CARTESIAN_POINT('',(-1.485468,28.787807,-7.5E-02));
#4099 = LINE('',#4100,#4101);
#4100 = CARTESIAN_POINT('',(-1.486909,28.424842,-7.5E-02));
#4101 = VECTOR('',#4102,1.);
#4102 = DIRECTION('',(3.970048472854E-03,0.999992119327,0.));
#4103 = ORIENTED_EDGE('',*,*,#4104,.T.);
#4104 = EDGE_CURVE('',#4097,#4105,#4107,.T.);
#4105 = VERTEX_POINT('',#4106);
#4106 = CARTESIAN_POINT('',(-1.336909,28.773175,-7.5E-02));
#4107 = CIRCLE('',#4108,7.500006711464E-02);
#4108 = AXIS2_PLACEMENT_3D('',#4109,#4110,#4111);
#4109 = CARTESIAN_POINT('',(-1.411909067115,28.773175067115,-7.5E-02));
#4110 = DIRECTION('',(0.,0.,-1.));
#4111 = DIRECTION('',(-0.980784894138,0.195092263891,0.));
#4112 = ORIENTED_EDGE('',*,*,#4113,.T.);
#4113 = EDGE_CURVE('',#4105,#4114,#4116,.T.);
#4114 = VERTEX_POINT('',#4115);
#4115 = CARTESIAN_POINT('',(-1.336909,28.424842,-7.5E-02));
#4116 = LINE('',#4117,#4118);
#4117 = CARTESIAN_POINT('',(-1.336909,28.773175,-7.5E-02));
#4118 = VECTOR('',#4119,1.);
#4119 = DIRECTION('',(0.,-1.,0.));
#4120 = ORIENTED_EDGE('',*,*,#4121,.T.);
#4121 = EDGE_CURVE('',#4114,#4122,#4124,.T.);
#4122 = VERTEX_POINT('',#4123);
#4123 = CARTESIAN_POINT('',(-0.911204,28.424842,-7.5E-02));
#4124 = LINE('',#4125,#4126);
#4125 = CARTESIAN_POINT('',(-1.336909,28.424842,-7.5E-02));
#4126 = VECTOR('',#4127,1.);
#4127 = DIRECTION('',(1.,0.,0.));
#4128 = ORIENTED_EDGE('',*,*,#4129,.T.);
#4129 = EDGE_CURVE('',#4122,#4130,#4132,.T.);
#4130 = VERTEX_POINT('',#4131);
#4131 = CARTESIAN_POINT('',(-1.183939,29.247604,-7.5E-02));
#4132 = LINE('',#4133,#4134);
#4133 = CARTESIAN_POINT('',(-0.911204,28.424842,-7.5E-02));
#4134 = VECTOR('',#4135,1.);
#4135 = DIRECTION('',(-0.314650126992,0.949207720989,0.));
#4136 = ORIENTED_EDGE('',*,*,#4137,.T.);
#4137 = EDGE_CURVE('',#4130,#4138,#4140,.T.);
#4138 = VERTEX_POINT('',#4139);
#4139 = CARTESIAN_POINT('',(-1.181864,29.276794,-7.5E-02));
#4140 = LINE('',#4141,#4142);
#4141 = CARTESIAN_POINT('',(-1.183939,29.247604,-7.5E-02));
#4142 = VECTOR('',#4143,1.);
#4143 = DIRECTION('',(7.09070597027E-02,0.997482926613,0.));
#4144 = ORIENTED_EDGE('',*,*,#4145,.T.);
#4145 = EDGE_CURVE('',#4138,#4011,#4146,.T.);
#4146 = LINE('',#4147,#4148);
#4147 = CARTESIAN_POINT('',(-1.181864,29.276794,-7.5E-02));
#4148 = VECTOR('',#4149,1.);
#4149 = DIRECTION('',(0.447199925879,0.89443402568,0.));
#4150 = PLANE('',#4151);
#4151 = AXIS2_PLACEMENT_3D('',#4152,#4153,#4154);
#4152 = CARTESIAN_POINT('',(0.,0.,-7.5E-02));
#4153 = DIRECTION('',(-0.,-0.,-1.));
#4154 = DIRECTION('',(-1.,0.,0.));
#4155 = SHELL_BASED_SURFACE_MODEL('',(#4156));
#4156 = OPEN_SHELL('',(#4157));
#4157 = ADVANCED_FACE('',(#4158),#4344,.T.);
#4158 = FACE_BOUND('',#4159,.T.);
#4159 = EDGE_LOOP('',(#4160,#4171,#4179,#4188,#4196,#4204,#4213,#4221,
    #4230,#4238,#4247,#4255,#4263,#4271,#4280,#4288,#4296,#4304,#4313,
    #4321,#4330,#4338));
#4160 = ORIENTED_EDGE('',*,*,#4161,.T.);
#4161 = EDGE_CURVE('',#4162,#4164,#4166,.T.);
#4162 = VERTEX_POINT('',#4163);
#4163 = CARTESIAN_POINT('',(0.942144,29.159081,-7.5E-02));
#4164 = VERTEX_POINT('',#4165);
#4165 = CARTESIAN_POINT('',(1.007138,29.271508,-7.5E-02));
#4166 = CIRCLE('',#4167,7.499979513923E-02);
#4167 = AXIS2_PLACEMENT_3D('',#4168,#4169,#4170);
#4168 = CARTESIAN_POINT('',(1.007137642821,29.196508204862,-7.5E-02));
#4169 = DIRECTION('',(0.,0.,-1.));
#4170 = DIRECTION('',(-0.866584271338,-0.499030761246,-0.));
#4171 = ORIENTED_EDGE('',*,*,#4172,.T.);
#4172 = EDGE_CURVE('',#4164,#4173,#4175,.T.);
#4173 = VERTEX_POINT('',#4174);
#4174 = CARTESIAN_POINT('',(1.807961,29.270067,-7.5E-02));
#4175 = LINE('',#4176,#4177);
#4176 = CARTESIAN_POINT('',(1.007138,29.271508,-7.5E-02));
#4177 = VECTOR('',#4178,1.);
#4178 = DIRECTION('',(0.999998381086,-1.799395955341E-03,0.));
#4179 = ORIENTED_EDGE('',*,*,#4180,.T.);
#4180 = EDGE_CURVE('',#4173,#4181,#4183,.T.);
#4181 = VERTEX_POINT('',#4182);
#4182 = CARTESIAN_POINT('',(1.793329,29.121508,-7.5E-02));
#4183 = CIRCLE('',#4184,7.500006711464E-02);
#4184 = AXIS2_PLACEMENT_3D('',#4185,#4186,#4187);
#4185 = CARTESIAN_POINT('',(1.793329067115,29.196508067115,-7.5E-02));
#4186 = DIRECTION('',(0.,0.,-1.));
#4187 = DIRECTION('',(0.195092263891,0.980784894138,0.));
#4188 = ORIENTED_EDGE('',*,*,#4189,.T.);
#4189 = EDGE_CURVE('',#4181,#4190,#4192,.T.);
#4190 = VERTEX_POINT('',#4191);
#4191 = CARTESIAN_POINT('',(1.172421,29.121508,-7.5E-02));
#4192 = LINE('',#4193,#4194);
#4193 = CARTESIAN_POINT('',(1.793329,29.121508,-7.5E-02));
#4194 = VECTOR('',#4195,1.);
#4195 = DIRECTION('',(-1.,0.,0.));
#4196 = ORIENTED_EDGE('',*,*,#4197,.T.);
#4197 = EDGE_CURVE('',#4190,#4198,#4200,.T.);
#4198 = VERTEX_POINT('',#4199);
#4199 = CARTESIAN_POINT('',(1.495466,28.750126,-7.5E-02));
#4200 = LINE('',#4201,#4202);
#4201 = CARTESIAN_POINT('',(1.172421,29.121508,-7.5E-02));
#4202 = VECTOR('',#4203,1.);
#4203 = DIRECTION('',(0.656299170339,-0.754500761439,0.));
#4204 = ORIENTED_EDGE('',*,*,#4205,.T.);
#4205 = EDGE_CURVE('',#4198,#4206,#4208,.T.);
#4206 = VERTEX_POINT('',#4207);
#4207 = CARTESIAN_POINT('',(1.430472,28.637699,-7.5E-02));
#4208 = CIRCLE('',#4209,7.499979513923E-02);
#4209 = AXIS2_PLACEMENT_3D('',#4210,#4211,#4212);
#4210 = CARTESIAN_POINT('',(1.430472357179,28.712698795138,-7.5E-02));
#4211 = DIRECTION('',(0.,0.,-1.));
#4212 = DIRECTION('',(0.866584271338,0.499030761246,0.));
#4213 = ORIENTED_EDGE('',*,*,#4214,.T.);
#4214 = EDGE_CURVE('',#4206,#4215,#4217,.T.);
#4215 = VERTEX_POINT('',#4216);
#4216 = CARTESIAN_POINT('',(1.266748,28.637699,-7.5E-02));
#4217 = LINE('',#4218,#4219);
#4218 = CARTESIAN_POINT('',(1.430472,28.637699,-7.5E-02));
#4219 = VECTOR('',#4220,1.);
#4220 = DIRECTION('',(-1.,0.,0.));
#4221 = ORIENTED_EDGE('',*,*,#4222,.T.);
#4222 = EDGE_CURVE('',#4215,#4223,#4225,.T.);
#4223 = VERTEX_POINT('',#4224);
#4224 = CARTESIAN_POINT('',(1.082138,28.453089,-7.5E-02));
#4225 = CIRCLE('',#4226,0.260155315882);
#4226 = AXIS2_PLACEMENT_3D('',#4227,#4228,#4229);
#4227 = CARTESIAN_POINT('',(1.333566163511,28.386270836489,-7.5E-02));
#4228 = DIRECTION('',(0.,0.,1.));
#4229 = DIRECTION('',(-0.256839508679,0.966454068635,0.));
#4230 = ORIENTED_EDGE('',*,*,#4231,.T.);
#4231 = EDGE_CURVE('',#4223,#4232,#4234,.T.);
#4232 = VERTEX_POINT('',#4233);
#4233 = CARTESIAN_POINT('',(1.082138,28.186119,-7.5E-02));
#4234 = LINE('',#4235,#4236);
#4235 = CARTESIAN_POINT('',(1.082138,28.453089,-7.5E-02));
#4236 = VECTOR('',#4237,1.);
#4237 = DIRECTION('',(0.,-1.,0.));
#4238 = ORIENTED_EDGE('',*,*,#4239,.T.);
#4239 = EDGE_CURVE('',#4232,#4240,#4242,.T.);
#4240 = VERTEX_POINT('',#4241);
#4241 = CARTESIAN_POINT('',(1.266748,28.001508,-7.5E-02));
#4242 = CIRCLE('',#4243,0.260159421501);
#4243 = AXIS2_PLACEMENT_3D('',#4244,#4245,#4246);
#4244 = CARTESIAN_POINT('',(1.333569805663,28.252939443705,-7.5E-02));
#4245 = DIRECTION('',(0.,0.,1.));
#4246 = DIRECTION('',(-0.966452816554,-0.256844220055,0.));
#4247 = ORIENTED_EDGE('',*,*,#4248,.T.);
#4248 = EDGE_CURVE('',#4240,#4249,#4251,.T.);
#4249 = VERTEX_POINT('',#4250);
#4250 = CARTESIAN_POINT('',(1.594195,28.001508,-7.5E-02));
#4251 = LINE('',#4252,#4253);
#4252 = CARTESIAN_POINT('',(1.266748,28.001508,-7.5E-02));
#4253 = VECTOR('',#4254,1.);
#4254 = DIRECTION('',(1.,0.,0.));
#4255 = ORIENTED_EDGE('',*,*,#4256,.T.);
#4256 = EDGE_CURVE('',#4249,#4257,#4259,.T.);
#4257 = VERTEX_POINT('',#4258);
#4258 = CARTESIAN_POINT('',(1.688425,28.048623,-7.5E-02));
#4259 = LINE('',#4260,#4261);
#4260 = CARTESIAN_POINT('',(1.594195,28.001508,-7.5E-02));
#4261 = VECTOR('',#4262,1.);
#4262 = DIRECTION('',(0.894427191,0.4472135955,0.));
#4263 = ORIENTED_EDGE('',*,*,#4264,.T.);
#4264 = EDGE_CURVE('',#4257,#4265,#4267,.T.);
#4265 = VERTEX_POINT('',#4266);
#4266 = CARTESIAN_POINT('',(1.751661,28.109821,-7.5E-02));
#4267 = LINE('',#4268,#4269);
#4268 = CARTESIAN_POINT('',(1.688425,28.048623,-7.5E-02));
#4269 = VECTOR('',#4270,1.);
#4270 = DIRECTION('',(0.718591516887,0.69543240639,0.));
#4271 = ORIENTED_EDGE('',*,*,#4272,.T.);
#4272 = EDGE_CURVE('',#4265,#4273,#4275,.T.);
#4273 = VERTEX_POINT('',#4274);
#4274 = CARTESIAN_POINT('',(1.846363,27.994429,-7.5E-02));
#4275 = CIRCLE('',#4276,7.499993690526E-02);
#4276 = AXIS2_PLACEMENT_3D('',#4277,#4278,#4279);
#4277 = CARTESIAN_POINT('',(1.793329248309,28.047461176246,-7.5E-02));
#4278 = DIRECTION('',(0.,0.,-1.));
#4279 = DIRECTION('',(-0.555577111506,0.831465016204,0.));
#4280 = ORIENTED_EDGE('',*,*,#4281,.T.);
#4281 = EDGE_CURVE('',#4273,#4282,#4284,.T.);
#4282 = VERTEX_POINT('',#4283);
#4283 = CARTESIAN_POINT('',(1.77269,27.923866,-7.5E-02));
#4284 = LINE('',#4285,#4286);
#4285 = CARTESIAN_POINT('',(1.846363,27.994429,-7.5E-02));
#4286 = VECTOR('',#4287,1.);
#4287 = DIRECTION('',(-0.722185478189,-0.691699454311,0.));
#4288 = ORIENTED_EDGE('',*,*,#4289,.T.);
#4289 = EDGE_CURVE('',#4282,#4290,#4292,.T.);
#4290 = VERTEX_POINT('',#4291);
#4291 = CARTESIAN_POINT('',(1.626532,27.852949,-7.5E-02));
#4292 = LINE('',#4293,#4294);
#4293 = CARTESIAN_POINT('',(1.77269,27.923866,-7.5E-02));
#4294 = VECTOR('',#4295,1.);
#4295 = DIRECTION('',(-0.899687168086,-0.436535221467,0.));
#4296 = ORIENTED_EDGE('',*,*,#4297,.T.);
#4297 = EDGE_CURVE('',#4290,#4298,#4300,.T.);
#4298 = VERTEX_POINT('',#4299);
#4299 = CARTESIAN_POINT('',(1.229233,27.854171,-7.5E-02));
#4300 = LINE('',#4301,#4302);
#4301 = CARTESIAN_POINT('',(1.626532,27.852949,-7.5E-02));
#4302 = VECTOR('',#4303,1.);
#4303 = DIRECTION('',(-0.999995269856,3.075754582231E-03,0.));
#4304 = ORIENTED_EDGE('',*,*,#4305,.T.);
#4305 = EDGE_CURVE('',#4298,#4306,#4308,.T.);
#4306 = VERTEX_POINT('',#4307);
#4307 = CARTESIAN_POINT('',(0.933579,28.153781,-7.5E-02));
#4308 = CIRCLE('',#4309,0.421920315128);
#4309 = AXIS2_PLACEMENT_3D('',#4310,#4311,#4312);
#4310 = CARTESIAN_POINT('',(1.341694009664,28.260827210604,-7.5E-02));
#4311 = DIRECTION('',(0.,0.,-1.));
#4312 = DIRECTION('',(-0.266545614496,-0.963822304885,-0.));
#4313 = ORIENTED_EDGE('',*,*,#4314,.T.);
#4314 = EDGE_CURVE('',#4306,#4315,#4317,.T.);
#4315 = VERTEX_POINT('',#4316);
#4316 = CARTESIAN_POINT('',(0.934801,28.490604,-7.5E-02));
#4317 = LINE('',#4318,#4319);
#4318 = CARTESIAN_POINT('',(0.933579,28.153781,-7.5E-02));
#4319 = VECTOR('',#4320,1.);
#4320 = DIRECTION('',(3.627994399972E-03,0.999993418807,0.));
#4321 = ORIENTED_EDGE('',*,*,#4322,.T.);
#4322 = EDGE_CURVE('',#4315,#4323,#4325,.T.);
#4323 = VERTEX_POINT('',#4324);
#4324 = CARTESIAN_POINT('',(1.234411,28.786258,-7.5E-02));
#4325 = CIRCLE('',#4326,0.421922271538);
#4326 = AXIS2_PLACEMENT_3D('',#4327,#4328,#4329);
#4327 = CARTESIAN_POINT('',(1.341458796109,28.378141383617,-7.5E-02));
#4328 = DIRECTION('',(0.,0.,-1.));
#4329 = DIRECTION('',(-0.963821593552,0.266548186644,0.));
#4330 = ORIENTED_EDGE('',*,*,#4331,.T.);
#4331 = EDGE_CURVE('',#4323,#4332,#4334,.T.);
#4332 = VERTEX_POINT('',#4333);
#4333 = CARTESIAN_POINT('',(1.265189,28.787699,-7.5E-02));
#4334 = LINE('',#4335,#4336);
#4335 = CARTESIAN_POINT('',(1.234411,28.786258,-7.5E-02));
#4336 = VECTOR('',#4337,1.);
#4337 = DIRECTION('',(0.998905781884,4.676792617113E-02,0.));
#4338 = ORIENTED_EDGE('',*,*,#4339,.T.);
#4339 = EDGE_CURVE('',#4332,#4162,#4340,.T.);
#4340 = LINE('',#4341,#4342);
#4341 = CARTESIAN_POINT('',(1.265189,28.787699,-7.5E-02));
#4342 = VECTOR('',#4343,1.);
#4343 = DIRECTION('',(-0.656299170339,0.754500761439,0.));
#4344 = PLANE('',#4345);
#4345 = AXIS2_PLACEMENT_3D('',#4346,#4347,#4348);
#4346 = CARTESIAN_POINT('',(0.,0.,-7.5E-02));
#4347 = DIRECTION('',(-0.,-0.,-1.));
#4348 = DIRECTION('',(-1.,0.,0.));
#4349 = SHELL_BASED_SURFACE_MODEL('',(#4350));
#4350 = OPEN_SHELL('',(#4351));
#4351 = ADVANCED_FACE('',(#4352),#4501,.T.);
#4352 = FACE_BOUND('',#4353,.T.);
#4353 = EDGE_LOOP('',(#4354,#4364,#4372,#4380,#4388,#4396,#4404,#4412,
    #4421,#4429,#4437,#4445,#4453,#4462,#4470,#4479,#4487,#4495));
#4354 = ORIENTED_EDGE('',*,*,#4355,.T.);
#4355 = EDGE_CURVE('',#4356,#4358,#4360,.T.);
#4356 = VERTEX_POINT('',#4357);
#4357 = CARTESIAN_POINT('',(50.477021,29.349561,-7.5E-02));
#4358 = VERTEX_POINT('',#4359);
#4359 = CARTESIAN_POINT('',(50.515367,29.370032,-7.5E-02));
#4360 = LINE('',#4361,#4362);
#4361 = CARTESIAN_POINT('',(50.477021,29.349561,-7.5E-02));
#4362 = VECTOR('',#4363,1.);
#4363 = DIRECTION('',(0.882163732375,0.470942830163,0.));
#4364 = ORIENTED_EDGE('',*,*,#4365,.T.);
#4365 = EDGE_CURVE('',#4358,#4366,#4368,.T.);
#4366 = VERTEX_POINT('',#4367);
#4367 = CARTESIAN_POINT('',(50.537283,29.370032,-7.5E-02));
#4368 = LINE('',#4369,#4370);
#4369 = CARTESIAN_POINT('',(50.515367,29.370032,-7.5E-02));
#4370 = VECTOR('',#4371,1.);
#4371 = DIRECTION('',(1.,0.,0.));
#4372 = ORIENTED_EDGE('',*,*,#4373,.T.);
#4373 = EDGE_CURVE('',#4366,#4374,#4376,.T.);
#4374 = VERTEX_POINT('',#4375);
#4375 = CARTESIAN_POINT('',(50.571667,29.358833,-7.5E-02));
#4376 = LINE('',#4377,#4378);
#4377 = CARTESIAN_POINT('',(50.537283,29.370032,-7.5E-02));
#4378 = VECTOR('',#4379,1.);
#4379 = DIRECTION('',(0.950837159691,-0.309691291048,0.));
#4380 = ORIENTED_EDGE('',*,*,#4381,.T.);
#4381 = EDGE_CURVE('',#4374,#4382,#4384,.T.);
#4382 = VERTEX_POINT('',#4383);
#4383 = CARTESIAN_POINT('',(50.592403,29.338076,-7.5E-02));
#4384 = LINE('',#4385,#4386);
#4385 = CARTESIAN_POINT('',(50.571667,29.358833,-7.5E-02));
#4386 = VECTOR('',#4387,1.);
#4387 = DIRECTION('',(0.706748817237,-0.707464564013,0.));
#4388 = ORIENTED_EDGE('',*,*,#4389,.T.);
#4389 = EDGE_CURVE('',#4382,#4390,#4392,.T.);
#4390 = VERTEX_POINT('',#4391);
#4391 = CARTESIAN_POINT('',(50.709237,29.162825,-7.5E-02));
#4392 = LINE('',#4393,#4394);
#4393 = CARTESIAN_POINT('',(50.592403,29.338076,-7.5E-02));
#4394 = VECTOR('',#4395,1.);
#4395 = DIRECTION('',(0.554700196225,-0.832050294338,0.));
#4396 = ORIENTED_EDGE('',*,*,#4397,.T.);
#4397 = EDGE_CURVE('',#4390,#4398,#4400,.T.);
#4398 = VERTEX_POINT('',#4399);
#4399 = CARTESIAN_POINT('',(50.81633,29.055731,-7.5E-02));
#4400 = LINE('',#4401,#4402);
#4401 = CARTESIAN_POINT('',(50.709237,29.162825,-7.5E-02));
#4402 = VECTOR('',#4403,1.);
#4403 = DIRECTION('',(0.707103479826,-0.707110082531,0.));
#4404 = ORIENTED_EDGE('',*,*,#4405,.T.);
#4405 = EDGE_CURVE('',#4398,#4406,#4408,.T.);
#4406 = VERTEX_POINT('',#4407);
#4407 = CARTESIAN_POINT('',(50.938839,28.992866,-7.5E-02));
#4408 = LINE('',#4409,#4410);
#4409 = CARTESIAN_POINT('',(50.81633,29.055731,-7.5E-02));
#4410 = VECTOR('',#4411,1.);
#4411 = DIRECTION('',(0.889699860019,-0.456545900302,0.));
#4412 = ORIENTED_EDGE('',*,*,#4413,.T.);
#4413 = EDGE_CURVE('',#4406,#4414,#4416,.T.);
#4414 = VERTEX_POINT('',#4415);
#4415 = CARTESIAN_POINT('',(50.859315,28.866534,-7.5E-02));
#4416 = CIRCLE('',#4417,7.49999426631E-02);
#4417 = AXIS2_PLACEMENT_3D('',#4418,#4419,#4420);
#4418 = CARTESIAN_POINT('',(50.892856280019,28.933615845041,-7.5E-02));
#4419 = DIRECTION('',(0.,0.,-1.));
#4420 = DIRECTION('',(0.613103401791,0.790002670066,0.));
#4421 = ORIENTED_EDGE('',*,*,#4422,.T.);
#4422 = EDGE_CURVE('',#4414,#4423,#4425,.T.);
#4423 = VERTEX_POINT('',#4424);
#4424 = CARTESIAN_POINT('',(50.72462,28.936339,-7.5E-02));
#4425 = LINE('',#4426,#4427);
#4426 = CARTESIAN_POINT('',(50.859315,28.866534,-7.5E-02));
#4427 = VECTOR('',#4428,1.);
#4428 = DIRECTION('',(-0.88785377654,0.460125712695,0.));
#4429 = ORIENTED_EDGE('',*,*,#4430,.T.);
#4430 = EDGE_CURVE('',#4423,#4431,#4433,.T.);
#4431 = VERTEX_POINT('',#4432);
#4432 = CARTESIAN_POINT('',(50.604999,29.054931,-7.5E-02));
#4433 = LINE('',#4434,#4435);
#4434 = CARTESIAN_POINT('',(50.72462,28.936339,-7.5E-02));
#4435 = VECTOR('',#4436,1.);
#4436 = DIRECTION('',(-0.710154619004,0.7040457493,0.));
#4437 = ORIENTED_EDGE('',*,*,#4438,.T.);
#4438 = EDGE_CURVE('',#4431,#4439,#4441,.T.);
#4439 = VERTEX_POINT('',#4440);
#4440 = CARTESIAN_POINT('',(50.604999,28.101473,-7.5E-02));
#4441 = LINE('',#4442,#4443);
#4442 = CARTESIAN_POINT('',(50.604999,29.054931,-7.5E-02));
#4443 = VECTOR('',#4444,1.);
#4444 = DIRECTION('',(0.,-1.,0.));
#4445 = ORIENTED_EDGE('',*,*,#4446,.T.);
#4446 = EDGE_CURVE('',#4439,#4447,#4449,.T.);
#4447 = VERTEX_POINT('',#4448);
#4448 = CARTESIAN_POINT('',(50.907488,28.100032,-7.5E-02));
#4449 = LINE('',#4450,#4451);
#4450 = CARTESIAN_POINT('',(50.604999,28.101473,-7.5E-02));
#4451 = VECTOR('',#4452,1.);
#4452 = DIRECTION('',(0.999988653252,-4.763755539329E-03,0.));
#4453 = ORIENTED_EDGE('',*,*,#4454,.T.);
#4454 = EDGE_CURVE('',#4447,#4455,#4457,.T.);
#4455 = VERTEX_POINT('',#4456);
#4456 = CARTESIAN_POINT('',(50.892856,27.951473,-7.5E-02));
#4457 = CIRCLE('',#4458,7.500006711464E-02);
#4458 = AXIS2_PLACEMENT_3D('',#4459,#4460,#4461);
#4459 = CARTESIAN_POINT('',(50.892856067115,28.026473067115,-7.5E-02));
#4460 = DIRECTION('',(0.,0.,-1.));
#4461 = DIRECTION('',(0.195092263891,0.980784894138,0.));
#4462 = ORIENTED_EDGE('',*,*,#4463,.T.);
#4463 = EDGE_CURVE('',#4455,#4464,#4466,.T.);
#4464 = VERTEX_POINT('',#4465);
#4465 = CARTESIAN_POINT('',(50.152509,27.952914,-7.5E-02));
#4466 = LINE('',#4467,#4468);
#4467 = CARTESIAN_POINT('',(50.892856,27.951473,-7.5E-02));
#4468 = VECTOR('',#4469,1.);
#4469 = DIRECTION('',(-0.999998105799,1.94638091389E-03,0.));
#4470 = ORIENTED_EDGE('',*,*,#4471,.T.);
#4471 = EDGE_CURVE('',#4464,#4472,#4474,.T.);
#4472 = VERTEX_POINT('',#4473);
#4473 = CARTESIAN_POINT('',(50.167141,28.101473,-7.5E-02));
#4474 = CIRCLE('',#4475,7.500006711464E-02);
#4475 = AXIS2_PLACEMENT_3D('',#4476,#4477,#4478);
#4476 = CARTESIAN_POINT('',(50.167140932885,28.026472932885,-7.5E-02));
#4477 = DIRECTION('',(0.,0.,-1.));
#4478 = DIRECTION('',(-0.195092263891,-0.980784894138,-0.));
#4479 = ORIENTED_EDGE('',*,*,#4480,.T.);
#4480 = EDGE_CURVE('',#4472,#4481,#4483,.T.);
#4481 = VERTEX_POINT('',#4482);
#4482 = CARTESIAN_POINT('',(50.454999,28.101473,-7.5E-02));
#4483 = LINE('',#4484,#4485);
#4484 = CARTESIAN_POINT('',(50.167141,28.101473,-7.5E-02));
#4485 = VECTOR('',#4486,1.);
#4486 = DIRECTION('',(1.,0.,0.));
#4487 = ORIENTED_EDGE('',*,*,#4488,.T.);
#4488 = EDGE_CURVE('',#4481,#4489,#4491,.T.);
#4489 = VERTEX_POINT('',#4490);
#4490 = CARTESIAN_POINT('',(50.45644,29.311105,-7.5E-02));
#4491 = LINE('',#4492,#4493);
#4492 = CARTESIAN_POINT('',(50.454999,28.101473,-7.5E-02));
#4493 = VECTOR('',#4494,1.);
#4494 = DIRECTION('',(1.191270549654E-03,0.999999290437,0.));
#4495 = ORIENTED_EDGE('',*,*,#4496,.T.);
#4496 = EDGE_CURVE('',#4489,#4356,#4497,.T.);
#4497 = LINE('',#4498,#4499);
#4498 = CARTESIAN_POINT('',(50.45644,29.311105,-7.5E-02));
#4499 = VECTOR('',#4500,1.);
#4500 = DIRECTION('',(0.471857451169,0.881674852639,0.));
#4501 = PLANE('',#4502);
#4502 = AXIS2_PLACEMENT_3D('',#4503,#4504,#4505);
#4503 = CARTESIAN_POINT('',(0.,0.,-7.5E-02));
#4504 = DIRECTION('',(-0.,-0.,-1.));
#4505 = DIRECTION('',(-1.,0.,0.));
#4506 = ( GEOMETRIC_REPRESENTATION_CONTEXT(3) 
GLOBAL_UNCERTAINTY_ASSIGNED_CONTEXT((#4510)) 
GLOBAL_UNIT_ASSIGNED_CONTEXT((#4507,#4508,#4509)) REPRESENTATION_CONTEXT
('Context #1','3D Context with UNIT and UNCERTAINTY') );
#4507 = ( LENGTH_UNIT() NAMED_UNIT(*) SI_UNIT(.MILLI.,.METRE.) );
#4508 = ( NAMED_UNIT(*) PLANE_ANGLE_UNIT() SI_UNIT($,.RADIAN.) );
#4509 = ( NAMED_UNIT(*) SI_UNIT($,.STERADIAN.) SOLID_ANGLE_UNIT() );
#4510 = UNCERTAINTY_MEASURE_WITH_UNIT(LENGTH_MEASURE(1.E-07),#4507,
  'distance_accuracy_value','confusion accuracy');
#4511 = CONTEXT_DEPENDENT_SHAPE_REPRESENTATION(#4512,#4514);
#4512 = ( REPRESENTATION_RELATIONSHIP('','',#1358,#10) 
REPRESENTATION_RELATIONSHIP_WITH_TRANSFORMATION(#4513) 
SHAPE_REPRESENTATION_RELATIONSHIP() );
#4513 = ITEM_DEFINED_TRANSFORMATION('','',#11,#19);
#4514 = PRODUCT_DEFINITION_SHAPE('Placement','Placement of an item',
  #4515);
#4515 = NEXT_ASSEMBLY_USAGE_OCCURRENCE('2','=>[0:1:1:3]','',#5,#1353,$);
#4516 = PRODUCT_RELATED_PRODUCT_CATEGORY('part',$,(#1355));
#4517 = SHAPE_DEFINITION_REPRESENTATION(#4518,#4524);
#4518 = PRODUCT_DEFINITION_SHAPE('','',#4519);
#4519 = PRODUCT_DEFINITION('design','',#4520,#4523);
#4520 = PRODUCT_DEFINITION_FORMATION('','',#4521);
#4521 = PRODUCT('touch-pad-left_soldermask','touch-pad-left_soldermask',
  '',(#4522));
#4522 = PRODUCT_CONTEXT('',#2,'mechanical');
#4523 = PRODUCT_DEFINITION_CONTEXT('part definition',#2,'design');
#4524 = MANIFOLD_SURFACE_SHAPE_REPRESENTATION('',(#11,#4525),#5959);
#4525 = SHELL_BASED_SURFACE_MODEL('',(#4526));
#4526 = OPEN_SHELL('',(#4527));
#4527 = ADVANCED_FACE('',(#4528,#5599,#5610,#5637,#5664,#5675,#5686,
    #5820),#5954,.T.);
#4528 = FACE_BOUND('',#4529,.F.);
#4529 = EDGE_LOOP('',(#4530,#4541,#4549,#4557,#4565,#4573,#4581,#4589,
    #4597,#4605,#4613,#4622,#4630,#4638,#4646,#4655,#4663,#4671,#4679,
    #4688,#4696,#4704,#4712,#4721,#4729,#4737,#4745,#4754,#4762,#4770,
    #4778,#4787,#4795,#4803,#4811,#4820,#4828,#4836,#4844,#4853,#4861,
    #4869,#4877,#4886,#4894,#4902,#4910,#4919,#4927,#4935,#4943,#4951,
    #4959,#4968,#4976,#4984,#4992,#5001,#5009,#5017,#5025,#5034,#5042,
    #5050,#5058,#5067,#5075,#5083,#5091,#5100,#5108,#5116,#5124,#5133,
    #5141,#5149,#5157,#5166,#5174,#5182,#5190,#5199,#5207,#5215,#5223,
    #5232,#5240,#5248,#5256,#5265,#5273,#5281,#5289,#5298,#5306,#5314,
    #5322,#5331,#5339,#5347,#5355,#5364,#5372,#5380,#5388,#5397,#5405,
    #5413,#5421,#5430,#5438,#5446,#5454,#5463,#5471,#5479,#5487,#5495,
    #5503,#5511,#5519,#5527,#5536,#5544,#5552,#5560,#5569,#5577,#5585,
    #5593));
#4530 = ORIENTED_EDGE('',*,*,#4531,.T.);
#4531 = EDGE_CURVE('',#4532,#4534,#4536,.T.);
#4532 = VERTEX_POINT('',#4533);
#4533 = CARTESIAN_POINT('',(42.005601,28.725418,1.56));
#4534 = VERTEX_POINT('',#4535);
#4535 = CARTESIAN_POINT('',(48.000525,28.725418,1.56));
#4536 = CIRCLE('',#4537,3.002541797452);
#4537 = AXIS2_PLACEMENT_3D('',#4538,#4539,#4540);
#4538 = CARTESIAN_POINT('',(45.003063,28.899999797452,1.56));
#4539 = DIRECTION('',(0.,0.,1.));
#4540 = DIRECTION('',(-0.998308167614,-5.814466849389E-02,0.));
#4541 = ORIENTED_EDGE('',*,*,#4542,.T.);
#4542 = EDGE_CURVE('',#4534,#4543,#4545,.T.);
#4543 = VERTEX_POINT('',#4544);
#4544 = CARTESIAN_POINT('',(48.003063,28.9,1.56));
#4545 = LINE('',#4546,#4547);
#4546 = CARTESIAN_POINT('',(48.000525,28.725418,1.56));
#4547 = VECTOR('',#4548,1.);
#4548 = DIRECTION('',(1.453604524194E-02,0.999894346113,0.));
#4549 = ORIENTED_EDGE('',*,*,#4550,.T.);
#4550 = EDGE_CURVE('',#4543,#4551,#4553,.T.);
#4551 = VERTEX_POINT('',#4552);
#4552 = CARTESIAN_POINT('',(48.003063,32.169,1.56));
#4553 = LINE('',#4554,#4555);
#4554 = CARTESIAN_POINT('',(48.003063,28.9,1.56));
#4555 = VECTOR('',#4556,1.);
#4556 = DIRECTION('',(0.,1.,0.));
#4557 = ORIENTED_EDGE('',*,*,#4558,.T.);
#4558 = EDGE_CURVE('',#4551,#4559,#4561,.T.);
#4559 = VERTEX_POINT('',#4560);
#4560 = CARTESIAN_POINT('',(55.11226,32.148743,1.56));
#4561 = LINE('',#4562,#4563);
#4562 = CARTESIAN_POINT('',(48.003063,32.169,1.56));
#4563 = VECTOR('',#4564,1.);
#4564 = DIRECTION('',(0.999995940463,-2.849396038111E-03,0.));
#4565 = ORIENTED_EDGE('',*,*,#4566,.T.);
#4566 = EDGE_CURVE('',#4559,#4567,#4569,.T.);
#4567 = VERTEX_POINT('',#4568);
#4568 = CARTESIAN_POINT('',(55.151725,32.128809,1.56));
#4569 = LINE('',#4570,#4571);
#4570 = CARTESIAN_POINT('',(55.11226,32.148743,1.56));
#4571 = VECTOR('',#4572,1.);
#4572 = DIRECTION('',(0.892596795372,-0.450855809425,0.));
#4573 = ORIENTED_EDGE('',*,*,#4574,.T.);
#4574 = EDGE_CURVE('',#4567,#4575,#4577,.T.);
#4575 = VERTEX_POINT('',#4576);
#4576 = CARTESIAN_POINT('',(55.212934,32.065114,1.56));
#4577 = LINE('',#4578,#4579);
#4578 = CARTESIAN_POINT('',(55.151725,32.128809,1.56));
#4579 = VECTOR('',#4580,1.);
#4580 = DIRECTION('',(0.69289580433,-0.721037727406,0.));
#4581 = ORIENTED_EDGE('',*,*,#4582,.T.);
#4582 = EDGE_CURVE('',#4575,#4583,#4585,.T.);
#4583 = VERTEX_POINT('',#4584);
#4584 = CARTESIAN_POINT('',(55.245953,31.983178,1.56));
#4585 = LINE('',#4586,#4587);
#4586 = CARTESIAN_POINT('',(55.212934,32.065114,1.56));
#4587 = VECTOR('',#4588,1.);
#4588 = DIRECTION('',(0.373776416203,-0.927518835761,0.));
#4589 = ORIENTED_EDGE('',*,*,#4590,.T.);
#4590 = EDGE_CURVE('',#4583,#4591,#4593,.T.);
#4591 = VERTEX_POINT('',#4592);
#4592 = CARTESIAN_POINT('',(55.247949,31.93901,1.56));
#4593 = LINE('',#4594,#4595);
#4594 = CARTESIAN_POINT('',(55.245953,31.983178,1.56));
#4595 = VECTOR('',#4596,1.);
#4596 = DIRECTION('',(4.514501373082E-02,-0.998980444121,0.));
#4597 = ORIENTED_EDGE('',*,*,#4598,.T.);
#4598 = EDGE_CURVE('',#4591,#4599,#4601,.T.);
#4599 = VERTEX_POINT('',#4600);
#4600 = CARTESIAN_POINT('',(55.789998,13.406199,1.56));
#4601 = LINE('',#4602,#4603);
#4602 = CARTESIAN_POINT('',(55.247949,31.93901,1.56));
#4603 = VECTOR('',#4604,1.);
#4604 = DIRECTION('',(2.923557040565E-02,-0.999572549355,0.));
#4605 = ORIENTED_EDGE('',*,*,#4606,.T.);
#4606 = EDGE_CURVE('',#4599,#4607,#4609,.T.);
#4607 = VERTEX_POINT('',#4608);
#4608 = CARTESIAN_POINT('',(55.787811,13.343189,1.56));
#4609 = LINE('',#4610,#4611);
#4610 = CARTESIAN_POINT('',(55.789998,13.406199,1.56));
#4611 = VECTOR('',#4612,1.);
#4612 = DIRECTION('',(-3.468788843872E-02,-0.999398194113,0.));
#4613 = ORIENTED_EDGE('',*,*,#4614,.T.);
#4614 = EDGE_CURVE('',#4607,#4615,#4617,.T.);
#4615 = VERTEX_POINT('',#4616);
#4616 = CARTESIAN_POINT('',(55.453009,13.008354,1.56));
#4617 = CIRCLE('',#4618,0.402762212643);
#4618 = AXIS2_PLACEMENT_3D('',#4619,#4620,#4621);
#4619 = CARTESIAN_POINT('',(55.390001504489,13.40615728737,1.56));
#4620 = DIRECTION('',(0.,0.,-1.));
#4621 = DIRECTION('',(0.987703123638,-0.156341100018,0.));
#4622 = ORIENTED_EDGE('',*,*,#4623,.T.);
#4623 = EDGE_CURVE('',#4615,#4624,#4626,.T.);
#4624 = VERTEX_POINT('',#4625);
#4625 = CARTESIAN_POINT('',(55.389999,13.006199,1.56));
#4626 = LINE('',#4627,#4628);
#4627 = CARTESIAN_POINT('',(55.453009,13.008354,1.56));
#4628 = VECTOR('',#4629,1.);
#4629 = DIRECTION('',(-0.999415661096,-3.418093556042E-02,0.));
#4630 = ORIENTED_EDGE('',*,*,#4631,.T.);
#4631 = EDGE_CURVE('',#4624,#4632,#4634,.T.);
#4632 = VERTEX_POINT('',#4633);
#4633 = CARTESIAN_POINT('',(54.489999,13.006199,1.56));
#4634 = LINE('',#4635,#4636);
#4635 = CARTESIAN_POINT('',(55.389999,13.006199,1.56));
#4636 = VECTOR('',#4637,1.);
#4637 = DIRECTION('',(-1.,0.,0.));
#4638 = ORIENTED_EDGE('',*,*,#4639,.T.);
#4639 = EDGE_CURVE('',#4632,#4640,#4642,.T.);
#4640 = VERTEX_POINT('',#4641);
#4641 = CARTESIAN_POINT('',(54.427033,13.003737,1.56));
#4642 = LINE('',#4643,#4644);
#4643 = CARTESIAN_POINT('',(54.489999,13.006199,1.56));
#4644 = VECTOR('',#4645,1.);
#4645 = DIRECTION('',(-0.999236452143,-3.907061184094E-02,0.));
#4646 = ORIENTED_EDGE('',*,*,#4647,.T.);
#4647 = EDGE_CURVE('',#4640,#4648,#4650,.T.);
#4648 = VERTEX_POINT('',#4649);
#4649 = CARTESIAN_POINT('',(54.092428,12.669165,1.56));
#4650 = CIRCLE('',#4651,0.402537247635);
#4651 = AXIS2_PLACEMENT_3D('',#4652,#4653,#4654);
#4652 = CARTESIAN_POINT('',(54.490003210858,12.606155576543,1.56));
#4653 = DIRECTION('',(0.,0.,1.));
#4654 = DIRECTION('',(-0.156433252397,0.987688532658,0.));
#4655 = ORIENTED_EDGE('',*,*,#4656,.T.);
#4656 = EDGE_CURVE('',#4648,#4657,#4659,.T.);
#4657 = VERTEX_POINT('',#4658);
#4658 = CARTESIAN_POINT('',(54.089999,12.606199,1.56));
#4659 = LINE('',#4660,#4661);
#4660 = CARTESIAN_POINT('',(54.092428,12.669165,1.56));
#4661 = VECTOR('',#4662,1.);
#4662 = DIRECTION('',(-3.854770308881E-02,-0.999256761091,0.));
#4663 = ORIENTED_EDGE('',*,*,#4664,.T.);
#4664 = EDGE_CURVE('',#4657,#4665,#4667,.T.);
#4665 = VERTEX_POINT('',#4666);
#4666 = CARTESIAN_POINT('',(54.090045,9.406199,1.56));
#4667 = LINE('',#4668,#4669);
#4668 = CARTESIAN_POINT('',(54.089999,12.606199,1.56));
#4669 = VECTOR('',#4670,1.);
#4670 = DIRECTION('',(1.437499999997E-05,-0.999999999897,0.));
#4671 = ORIENTED_EDGE('',*,*,#4672,.T.);
#4672 = EDGE_CURVE('',#4665,#4673,#4675,.T.);
#4673 = VERTEX_POINT('',#4674);
#4674 = CARTESIAN_POINT('',(54.092232,9.343195,1.56));
#4675 = LINE('',#4676,#4677);
#4676 = CARTESIAN_POINT('',(54.090045,9.406199,1.56));
#4677 = VECTOR('',#4678,1.);
#4678 = DIRECTION('',(3.469118786202E-02,-0.999398079588,0.));
#4679 = ORIENTED_EDGE('',*,*,#4680,.T.);
#4680 = EDGE_CURVE('',#4673,#4681,#4683,.T.);
#4681 = VERTEX_POINT('',#4682);
#4682 = CARTESIAN_POINT('',(54.426996,9.008394,1.56));
#4683 = CIRCLE('',#4684,0.40272580144);
#4684 = AXIS2_PLACEMENT_3D('',#4685,#4686,#4687);
#4685 = CARTESIAN_POINT('',(54.490005125363,9.406160164054,1.56));
#4686 = DIRECTION('',(0.,0.,1.));
#4687 = DIRECTION('',(-0.987702113798,-0.156347479672,0.));
#4688 = ORIENTED_EDGE('',*,*,#4689,.T.);
#4689 = EDGE_CURVE('',#4681,#4690,#4692,.T.);
#4690 = VERTEX_POINT('',#4691);
#4691 = CARTESIAN_POINT('',(54.489999,9.006199,1.56));
#4692 = LINE('',#4693,#4694);
#4693 = CARTESIAN_POINT('',(54.426996,9.008394,1.56));
#4694 = VECTOR('',#4695,1.);
#4695 = DIRECTION('',(0.999393652691,-3.48184859079E-02,0.));
#4696 = ORIENTED_EDGE('',*,*,#4697,.T.);
#4697 = EDGE_CURVE('',#4690,#4698,#4700,.T.);
#4698 = VERTEX_POINT('',#4699);
#4699 = CARTESIAN_POINT('',(55.530002,9.006199,1.56));
#4700 = LINE('',#4701,#4702);
#4701 = CARTESIAN_POINT('',(54.489999,9.006199,1.56));
#4702 = VECTOR('',#4703,1.);
#4703 = DIRECTION('',(1.,0.,0.));
#4704 = ORIENTED_EDGE('',*,*,#4705,.T.);
#4705 = EDGE_CURVE('',#4698,#4706,#4708,.T.);
#4706 = VERTEX_POINT('',#4707);
#4707 = CARTESIAN_POINT('',(55.592968,9.003737,1.56));
#4708 = LINE('',#4709,#4710);
#4709 = CARTESIAN_POINT('',(55.530002,9.006199,1.56));
#4710 = VECTOR('',#4711,1.);
#4711 = DIRECTION('',(0.999236452143,-3.907061184094E-02,0.));
#4712 = ORIENTED_EDGE('',*,*,#4713,.T.);
#4713 = EDGE_CURVE('',#4706,#4714,#4716,.T.);
#4714 = VERTEX_POINT('',#4715);
#4715 = CARTESIAN_POINT('',(55.927576,8.669165,1.56));
#4716 = CIRCLE('',#4717,0.402533022595);
#4717 = AXIS2_PLACEMENT_3D('',#4718,#4719,#4720);
#4718 = CARTESIAN_POINT('',(55.530004558894,8.606158782081,1.56));
#4719 = DIRECTION('',(0.,0.,-1.));
#4720 = DIRECTION('',(0.156418076461,0.987690936152,0.));
#4721 = ORIENTED_EDGE('',*,*,#4722,.T.);
#4722 = EDGE_CURVE('',#4714,#4723,#4725,.T.);
#4723 = VERTEX_POINT('',#4724);
#4724 = CARTESIAN_POINT('',(55.929999,8.606199,1.56));
#4725 = LINE('',#4726,#4727);
#4726 = CARTESIAN_POINT('',(55.927576,8.669165,1.56));
#4727 = VECTOR('',#4728,1.);
#4728 = DIRECTION('',(3.845262535522E-02,-0.999260424316,0.));
#4729 = ORIENTED_EDGE('',*,*,#4730,.T.);
#4730 = EDGE_CURVE('',#4723,#4731,#4733,.T.);
#4731 = VERTEX_POINT('',#4732);
#4732 = CARTESIAN_POINT('',(56.679853,-15.297943,1.56));
#4733 = LINE('',#4734,#4735);
#4734 = CARTESIAN_POINT('',(55.929999,8.606199,1.56));
#4735 = VECTOR('',#4736,1.);
#4736 = DIRECTION('',(3.135378520147E-02,-0.999508349217,0.));
#4737 = ORIENTED_EDGE('',*,*,#4738,.T.);
#4738 = EDGE_CURVE('',#4731,#4739,#4741,.T.);
#4739 = VERTEX_POINT('',#4740);
#4740 = CARTESIAN_POINT('',(56.677515,-15.353767,1.56));
#4741 = LINE('',#4742,#4743);
#4742 = CARTESIAN_POINT('',(56.679853,-15.297943,1.56));
#4743 = VECTOR('',#4744,1.);
#4744 = DIRECTION('',(-4.184494455606E-02,-0.999124116722,0.));
#4745 = ORIENTED_EDGE('',*,*,#4746,.T.);
#4746 = EDGE_CURVE('',#4739,#4747,#4749,.T.);
#4747 = VERTEX_POINT('',#4748);
#4748 = CARTESIAN_POINT('',(56.452677,-15.578565,1.56));
#4749 = CIRCLE('',#4750,0.286112010097);
#4750 = AXIS2_PLACEMENT_3D('',#4751,#4752,#4753);
#4751 = CARTESIAN_POINT('',(56.396901994109,-15.29794206608,1.56));
#4752 = DIRECTION('',(0.,0.,-1.));
#4753 = DIRECTION('',(0.980780239863,-0.195115660811,0.));
#4754 = ORIENTED_EDGE('',*,*,#4755,.T.);
#4755 = EDGE_CURVE('',#4747,#4756,#4758,.T.);
#4756 = VERTEX_POINT('',#4757);
#4757 = CARTESIAN_POINT('',(56.396853,-15.580965,1.56));
#4758 = LINE('',#4759,#4760);
#4759 = CARTESIAN_POINT('',(56.452677,-15.578565,1.56));
#4760 = VECTOR('',#4761,1.);
#4761 = DIRECTION('',(-0.999077111888,-4.295258434602E-02,0.));
#4762 = ORIENTED_EDGE('',*,*,#4763,.T.);
#4763 = EDGE_CURVE('',#4756,#4764,#4766,.T.);
#4764 = VERTEX_POINT('',#4765);
#4765 = CARTESIAN_POINT('',(41.165053,-15.571906,1.56));
#4766 = LINE('',#4767,#4768);
#4767 = CARTESIAN_POINT('',(56.396853,-15.580965,1.56));
#4768 = VECTOR('',#4769,1.);
#4769 = DIRECTION('',(-0.999999823141,5.947424728418E-04,0.));
#4770 = ORIENTED_EDGE('',*,*,#4771,.T.);
#4771 = EDGE_CURVE('',#4764,#4772,#4774,.T.);
#4772 = VERTEX_POINT('',#4773);
#4773 = CARTESIAN_POINT('',(41.110799,-15.569643,1.56));
#4774 = LINE('',#4775,#4776);
#4775 = CARTESIAN_POINT('',(41.165053,-15.571906,1.56));
#4776 = VECTOR('',#4777,1.);
#4777 = DIRECTION('',(-0.999131220949,4.167497240772E-02,0.));
#4778 = ORIENTED_EDGE('',*,*,#4779,.T.);
#4779 = EDGE_CURVE('',#4772,#4780,#4782,.T.);
#4780 = VERTEX_POINT('',#4781);
#4781 = CARTESIAN_POINT('',(40.892304,-15.351154,1.56));
#4782 = CIRCLE('',#4783,0.27803621014);
#4783 = AXIS2_PLACEMENT_3D('',#4784,#4785,#4786);
#4784 = CARTESIAN_POINT('',(41.165003770928,-15.29694174045,1.56));
#4785 = DIRECTION('',(0.,0.,-1.));
#4786 = DIRECTION('',(-0.194955796946,-0.980812029513,-0.));
#4787 = ORIENTED_EDGE('',*,*,#4788,.T.);
#4788 = EDGE_CURVE('',#4780,#4789,#4791,.T.);
#4789 = VERTEX_POINT('',#4790);
#4790 = CARTESIAN_POINT('',(40.890047,-15.2969,1.56));
#4791 = LINE('',#4792,#4793);
#4792 = CARTESIAN_POINT('',(40.892304,-15.351154,1.56));
#4793 = VECTOR('',#4794,1.);
#4794 = DIRECTION('',(-4.15646687092E-02,0.99913581575,0.));
#4795 = ORIENTED_EDGE('',*,*,#4796,.T.);
#4796 = EDGE_CURVE('',#4789,#4797,#4799,.T.);
#4797 = VERTEX_POINT('',#4798);
#4798 = CARTESIAN_POINT('',(40.890044,-2.268168,1.56));
#4799 = LINE('',#4800,#4801);
#4800 = CARTESIAN_POINT('',(40.890047,-15.2969,1.56));
#4801 = VECTOR('',#4802,1.);
#4802 = DIRECTION('',(-2.302603200013E-07,1.,0.));
#4803 = ORIENTED_EDGE('',*,*,#4804,.T.);
#4804 = EDGE_CURVE('',#4797,#4805,#4807,.T.);
#4805 = VERTEX_POINT('',#4806);
#4806 = CARTESIAN_POINT('',(40.892366,-2.178291,1.56));
#4807 = LINE('',#4808,#4809);
#4808 = CARTESIAN_POINT('',(40.890044,-2.268168,1.56));
#4809 = VECTOR('',#4810,1.);
#4810 = DIRECTION('',(2.582669051024E-02,0.999666435396,0.));
#4811 = ORIENTED_EDGE('',*,*,#4812,.T.);
#4812 = EDGE_CURVE('',#4805,#4813,#4815,.T.);
#4813 = VERTEX_POINT('',#4814);
#4814 = CARTESIAN_POINT('',(41.600166,-1.470505,1.56));
#4815 = CIRCLE('',#4816,0.802679199221);
#4816 = AXIS2_PLACEMENT_3D('',#4817,#4818,#4819);
#4817 = CARTESIAN_POINT('',(41.690000516329,-2.268141293393,1.56));
#4818 = DIRECTION('',(0.,0.,-1.));
#4819 = DIRECTION('',(-0.993715194193,0.111937986533,0.));
#4820 = ORIENTED_EDGE('',*,*,#4821,.T.);
#4821 = EDGE_CURVE('',#4813,#4822,#4824,.T.);
#4822 = VERTEX_POINT('',#4823);
#4823 = CARTESIAN_POINT('',(41.690043,-1.468168,1.56));
#4824 = LINE('',#4825,#4826);
#4825 = CARTESIAN_POINT('',(41.600166,-1.470505,1.56));
#4826 = VECTOR('',#4827,1.);
#4827 = DIRECTION('',(0.999662114047,2.599341723163E-02,0.));
#4828 = ORIENTED_EDGE('',*,*,#4829,.T.);
#4829 = EDGE_CURVE('',#4822,#4830,#4832,.T.);
#4830 = VERTEX_POINT('',#4831);
#4831 = CARTESIAN_POINT('',(42.414843,-1.468133,1.56));
#4832 = LINE('',#4833,#4834);
#4833 = CARTESIAN_POINT('',(41.690043,-1.468168,1.56));
#4834 = VECTOR('',#4835,1.);
#4835 = DIRECTION('',(0.999999998834,4.828918316667E-05,0.));
#4836 = ORIENTED_EDGE('',*,*,#4837,.T.);
#4837 = EDGE_CURVE('',#4830,#4838,#4840,.T.);
#4838 = VERTEX_POINT('',#4839);
#4839 = CARTESIAN_POINT('',(42.504694,-1.465614,1.56));
#4840 = LINE('',#4841,#4842);
#4841 = CARTESIAN_POINT('',(42.414843,-1.468133,1.56));
#4842 = VECTOR('',#4843,1.);
#4843 = DIRECTION('',(0.999607242405,2.80242918122E-02,0.));
#4844 = ORIENTED_EDGE('',*,*,#4845,.T.);
#4845 = EDGE_CURVE('',#4838,#4846,#4848,.T.);
#4846 = VERTEX_POINT('',#4847);
#4847 = CARTESIAN_POINT('',(43.212278,-0.757986,1.56));
#4848 = CIRCLE('',#4849,0.802521766625);
#4849 = AXIS2_PLACEMENT_3D('',#4850,#4851,#4852);
#4850 = CARTESIAN_POINT('',(42.414801122999,-0.668142711131,1.56));
#4851 = DIRECTION('',(0.,0.,1.));
#4852 = DIRECTION('',(0.11201300792,-0.993706740471,0.));
#4853 = ORIENTED_EDGE('',*,*,#4854,.T.);
#4854 = EDGE_CURVE('',#4846,#4855,#4857,.T.);
#4855 = VERTEX_POINT('',#4856);
#4856 = CARTESIAN_POINT('',(43.214841,-0.668134,1.56));
#4857 = LINE('',#4858,#4859);
#4858 = CARTESIAN_POINT('',(43.212278,-0.757986,1.56));
#4859 = VECTOR('',#4860,1.);
#4860 = DIRECTION('',(2.851308745032E-02,0.999593419268,0.));
#4861 = ORIENTED_EDGE('',*,*,#4862,.T.);
#4862 = EDGE_CURVE('',#4855,#4863,#4865,.T.);
#4863 = VERTEX_POINT('',#4864);
#4864 = CARTESIAN_POINT('',(43.214841,3.406235,1.56));
#4865 = LINE('',#4866,#4867);
#4866 = CARTESIAN_POINT('',(43.214841,-0.668134,1.56));
#4867 = VECTOR('',#4868,1.);
#4868 = DIRECTION('',(0.,1.,0.));
#4869 = ORIENTED_EDGE('',*,*,#4870,.T.);
#4870 = EDGE_CURVE('',#4863,#4871,#4873,.T.);
#4871 = VERTEX_POINT('',#4872);
#4872 = CARTESIAN_POINT('',(43.212328,3.496093,1.56));
#4873 = LINE('',#4874,#4875);
#4874 = CARTESIAN_POINT('',(43.214841,3.406235,1.56));
#4875 = VECTOR('',#4876,1.);
#4876 = DIRECTION('',(-2.795541684241E-02,0.999609170961,0.));
#4877 = ORIENTED_EDGE('',*,*,#4878,.T.);
#4878 = EDGE_CURVE('',#4871,#4879,#4881,.T.);
#4879 = VERTEX_POINT('',#4880);
#4880 = CARTESIAN_POINT('',(42.504701,4.203776,1.56));
#4881 = CIRCLE('',#4882,0.802570105596);
#4882 = AXIS2_PLACEMENT_3D('',#4883,#4884,#4885);
#4883 = CARTESIAN_POINT('',(42.414801680578,3.406256792229,1.56));
#4884 = DIRECTION('',(0.,0.,1.));
#4885 = DIRECTION('',(0.993715457205,0.111935651658,-0.));
#4886 = ORIENTED_EDGE('',*,*,#4887,.T.);
#4887 = EDGE_CURVE('',#4879,#4888,#4890,.T.);
#4888 = VERTEX_POINT('',#4889);
#4889 = CARTESIAN_POINT('',(42.414843,4.206234,1.56));
#4890 = LINE('',#4891,#4892);
#4891 = CARTESIAN_POINT('',(42.504701,4.203776,1.56));
#4892 = VECTOR('',#4893,1.);
#4893 = DIRECTION('',(-0.999626081781,2.734404181062E-02,0.));
#4894 = ORIENTED_EDGE('',*,*,#4895,.T.);
#4895 = EDGE_CURVE('',#4888,#4896,#4898,.T.);
#4896 = VERTEX_POINT('',#4897);
#4897 = CARTESIAN_POINT('',(41.690002,4.206199,1.56));
#4898 = LINE('',#4899,#4900);
#4899 = CARTESIAN_POINT('',(42.414843,4.206234,1.56));
#4900 = VECTOR('',#4901,1.);
#4901 = DIRECTION('',(-0.999999998834,-4.828645173169E-05,0.));
#4902 = ORIENTED_EDGE('',*,*,#4903,.T.);
#4903 = EDGE_CURVE('',#4896,#4904,#4906,.T.);
#4904 = VERTEX_POINT('',#4905);
#4905 = CARTESIAN_POINT('',(41.600127,4.208523,1.56));
#4906 = LINE('',#4907,#4908);
#4907 = CARTESIAN_POINT('',(41.690002,4.206199,1.56));
#4908 = VECTOR('',#4909,1.);
#4909 = DIRECTION('',(-0.999665845957,2.584949569961E-02,0.));
#4910 = ORIENTED_EDGE('',*,*,#4911,.T.);
#4911 = EDGE_CURVE('',#4904,#4912,#4914,.T.);
#4912 = VERTEX_POINT('',#4913);
#4913 = CARTESIAN_POINT('',(40.892364,4.916324,1.56));
#4914 = CIRCLE('',#4915,0.802682309018);
#4915 = AXIS2_PLACEMENT_3D('',#4916,#4917,#4918);
#4916 = CARTESIAN_POINT('',(41.690003515744,5.006157691527,1.56));
#4917 = DIRECTION('',(0.,0.,-1.));
#4918 = DIRECTION('',(-0.111970221262,-0.993711562552,-0.));
#4919 = ORIENTED_EDGE('',*,*,#4920,.T.);
#4920 = EDGE_CURVE('',#4912,#4921,#4923,.T.);
#4921 = VERTEX_POINT('',#4922);
#4922 = CARTESIAN_POINT('',(40.889999,5.006199,1.56));
#4923 = LINE('',#4924,#4925);
#4924 = CARTESIAN_POINT('',(40.892364,4.916324,1.56));
#4925 = VECTOR('',#4926,1.);
#4926 = DIRECTION('',(-2.630521958594E-02,0.999653957839,0.));
#4927 = ORIENTED_EDGE('',*,*,#4928,.T.);
#4928 = EDGE_CURVE('',#4921,#4929,#4931,.T.);
#4929 = VERTEX_POINT('',#4930);
#4930 = CARTESIAN_POINT('',(40.889994,23.849243,1.56));
#4931 = LINE('',#4932,#4933);
#4932 = CARTESIAN_POINT('',(40.889999,5.006199,1.56));
#4933 = VECTOR('',#4934,1.);
#4934 = DIRECTION('',(-2.653499085173E-07,1.,0.));
#4935 = ORIENTED_EDGE('',*,*,#4936,.T.);
#4936 = EDGE_CURVE('',#4929,#4937,#4939,.T.);
#4937 = VERTEX_POINT('',#4938);
#4938 = CARTESIAN_POINT('',(35.889997,23.856596,1.56));
#4939 = LINE('',#4940,#4941);
#4940 = CARTESIAN_POINT('',(40.889994,23.849243,1.56));
#4941 = VECTOR('',#4942,1.);
#4942 = DIRECTION('',(-0.999998918668,1.470599292153E-03,0.));
#4943 = ORIENTED_EDGE('',*,*,#4944,.T.);
#4944 = EDGE_CURVE('',#4937,#4945,#4947,.T.);
#4945 = VERTEX_POINT('',#4946);
#4946 = CARTESIAN_POINT('',(35.889997,24.531596,1.56));
#4947 = LINE('',#4948,#4949);
#4948 = CARTESIAN_POINT('',(35.889997,23.856596,1.56));
#4949 = VECTOR('',#4950,1.);
#4950 = DIRECTION('',(0.,1.,0.));
#4951 = ORIENTED_EDGE('',*,*,#4952,.T.);
#4952 = EDGE_CURVE('',#4945,#4953,#4955,.T.);
#4953 = VERTEX_POINT('',#4954);
#4954 = CARTESIAN_POINT('',(35.888147,24.679755,1.56));
#4955 = LINE('',#4956,#4957);
#4956 = CARTESIAN_POINT('',(35.889997,24.531596,1.56));
#4957 = VECTOR('',#4958,1.);
#4958 = DIRECTION('',(-1.248561204965E-02,0.999922051708,0.));
#4959 = ORIENTED_EDGE('',*,*,#4960,.T.);
#4960 = EDGE_CURVE('',#4953,#4961,#4963,.T.);
#4961 = VERTEX_POINT('',#4962);
#4962 = CARTESIAN_POINT('',(33.78015,26.794631,1.56));
#4963 = CIRCLE('',#4964,2.260534079985);
#4964 = AXIS2_PLACEMENT_3D('',#4965,#4966,#4967);
#4965 = CARTESIAN_POINT('',(33.632002020554,24.538956709913,1.56));
#4966 = DIRECTION('',(0.,0.,1.));
#4967 = DIRECTION('',(0.998058378957,6.228540915761E-02,-0.));
#4968 = ORIENTED_EDGE('',*,*,#4969,.T.);
#4969 = EDGE_CURVE('',#4961,#4970,#4972,.T.);
#4970 = VERTEX_POINT('',#4971);
#4971 = CARTESIAN_POINT('',(33.631997,26.796964,1.56));
#4972 = LINE('',#4973,#4974);
#4973 = CARTESIAN_POINT('',(33.78015,26.794631,1.56));
#4974 = VECTOR('',#4975,1.);
#4975 = DIRECTION('',(-0.999876035361,1.574528217787E-02,0.));
#4976 = ORIENTED_EDGE('',*,*,#4977,.T.);
#4977 = EDGE_CURVE('',#4970,#4978,#4980,.T.);
#4978 = VERTEX_POINT('',#4979);
#4979 = CARTESIAN_POINT('',(13.268,26.797,1.56));
#4980 = LINE('',#4981,#4982);
#4981 = CARTESIAN_POINT('',(33.631997,26.796964,1.56));
#4982 = VECTOR('',#4983,1.);
#4983 = DIRECTION('',(-0.999999999998,1.767825835047E-06,0.));
#4984 = ORIENTED_EDGE('',*,*,#4985,.T.);
#4985 = EDGE_CURVE('',#4978,#4986,#4988,.T.);
#4986 = VERTEX_POINT('',#4987);
#4987 = CARTESIAN_POINT('',(13.12016,26.794583,1.56));
#4988 = LINE('',#4989,#4990);
#4989 = CARTESIAN_POINT('',(13.268,26.797,1.56));
#4990 = VECTOR('',#4991,1.);
#4991 = DIRECTION('',(-0.999866385882,-1.634657098673E-02,0.));
#4992 = ORIENTED_EDGE('',*,*,#4993,.T.);
#4993 = EDGE_CURVE('',#4986,#4994,#4996,.T.);
#4994 = VERTEX_POINT('',#4995);
#4995 = CARTESIAN_POINT('',(11.012379,24.68684,1.56));
#4996 = CIRCLE('',#4997,2.260467836205);
#4997 = AXIS2_PLACEMENT_3D('',#4998,#4999,#5000);
#4998 = CARTESIAN_POINT('',(13.268004171316,24.538955162894,1.56));
#4999 = DIRECTION('',(0.,0.,1.));
#5000 = DIRECTION('',(-6.540423577262E-02,0.997858850711,0.));
#5001 = ORIENTED_EDGE('',*,*,#5002,.T.);
#5002 = EDGE_CURVE('',#4994,#5003,#5005,.T.);
#5003 = VERTEX_POINT('',#5004);
#5004 = CARTESIAN_POINT('',(11.01,24.539,1.56));
#5005 = LINE('',#5006,#5007);
#5006 = CARTESIAN_POINT('',(11.012379,24.68684,1.56));
#5007 = VECTOR('',#5008,1.);
#5008 = DIRECTION('',(-1.608963776068E-02,-0.9998705534,0.));
#5009 = ORIENTED_EDGE('',*,*,#5010,.T.);
#5010 = EDGE_CURVE('',#5003,#5011,#5013,.T.);
#5011 = VERTEX_POINT('',#5012);
#5012 = CARTESIAN_POINT('',(11.009997,5.006233,1.56));
#5013 = LINE('',#5014,#5015);
#5014 = CARTESIAN_POINT('',(11.01,24.539,1.56));
#5015 = VECTOR('',#5016,1.);
#5016 = DIRECTION('',(-1.535880707291E-07,-1.,0.));
#5017 = ORIENTED_EDGE('',*,*,#5018,.T.);
#5018 = EDGE_CURVE('',#5011,#5019,#5021,.T.);
#5019 = VERTEX_POINT('',#5020);
#5020 = CARTESIAN_POINT('',(11.007479,4.91638,1.56));
#5021 = LINE('',#5022,#5023);
#5022 = CARTESIAN_POINT('',(11.009997,5.006233,1.56));
#5023 = VECTOR('',#5024,1.);
#5024 = DIRECTION('',(-2.801255233466E-02,-0.999607571456,0.));
#5025 = ORIENTED_EDGE('',*,*,#5026,.T.);
#5026 = EDGE_CURVE('',#5019,#5027,#5029,.T.);
#5027 = VERTEX_POINT('',#5028);
#5028 = CARTESIAN_POINT('',(10.29985,4.208776,1.56));
#5029 = CIRCLE('',#5030,0.802526513458);
#5030 = AXIS2_PLACEMENT_3D('',#5031,#5032,#5033);
#5031 = CARTESIAN_POINT('',(10.210001147765,5.006257027082,1.56));
#5032 = DIRECTION('',(0.,0.,-1.));
#5033 = DIRECTION('',(0.993709041212,-0.111992595353,0.));
#5034 = ORIENTED_EDGE('',*,*,#5035,.T.);
#5035 = EDGE_CURVE('',#5027,#5036,#5038,.T.);
#5036 = VERTEX_POINT('',#5037);
#5037 = CARTESIAN_POINT('',(10.209997,4.206233,1.56));
#5038 = LINE('',#5039,#5040);
#5039 = CARTESIAN_POINT('',(10.29985,4.208776,1.56));
#5040 = VECTOR('',#5041,1.);
#5041 = DIRECTION('',(-0.999599745008,-2.829045386971E-02,0.));
#5042 = ORIENTED_EDGE('',*,*,#5043,.T.);
#5043 = EDGE_CURVE('',#5036,#5044,#5046,.T.);
#5044 = VERTEX_POINT('',#5045);
#5045 = CARTESIAN_POINT('',(9.47143,4.206233,1.56));
#5046 = LINE('',#5047,#5048);
#5047 = CARTESIAN_POINT('',(10.209997,4.206233,1.56));
#5048 = VECTOR('',#5049,1.);
#5049 = DIRECTION('',(-1.,0.,0.));
#5050 = ORIENTED_EDGE('',*,*,#5051,.T.);
#5051 = EDGE_CURVE('',#5044,#5052,#5054,.T.);
#5052 = VERTEX_POINT('',#5053);
#5053 = CARTESIAN_POINT('',(9.382064,4.203036,1.56));
#5054 = LINE('',#5055,#5056);
#5055 = CARTESIAN_POINT('',(9.47143,4.206233,1.56));
#5056 = VECTOR('',#5057,1.);
#5057 = DIRECTION('',(-0.999360715719,-3.575136190669E-02,0.));
#5058 = ORIENTED_EDGE('',*,*,#5059,.T.);
#5059 = EDGE_CURVE('',#5052,#5060,#5062,.T.);
#5060 = VERTEX_POINT('',#5061);
#5061 = CARTESIAN_POINT('',(8.680459,3.495624,1.56));
#5062 = CIRCLE('',#5063,0.802534328888);
#5063 = AXIS2_PLACEMENT_3D('',#5064,#5065,#5066);
#5064 = CARTESIAN_POINT('',(9.478001998921,3.406256702197,1.56));
#5065 = DIRECTION('',(0.,0.,1.));
#5066 = DIRECTION('',(-0.119543794536,0.99282892846,0.));
#5067 = ORIENTED_EDGE('',*,*,#5068,.T.);
#5068 = EDGE_CURVE('',#5060,#5069,#5071,.T.);
#5069 = VERTEX_POINT('',#5070);
#5070 = CARTESIAN_POINT('',(8.677999,3.406235,1.56));
#5071 = LINE('',#5072,#5073);
#5072 = CARTESIAN_POINT('',(8.680459,3.495624,1.56));
#5073 = VECTOR('',#5074,1.);
#5074 = DIRECTION('',(-2.750974926072E-02,-0.99962153523,0.));
#5075 = ORIENTED_EDGE('',*,*,#5076,.T.);
#5076 = EDGE_CURVE('',#5069,#5077,#5079,.T.);
#5077 = VERTEX_POINT('',#5078);
#5078 = CARTESIAN_POINT('',(8.677999,-0.662347,1.56));
#5079 = LINE('',#5080,#5081);
#5080 = CARTESIAN_POINT('',(8.677999,3.406235,1.56));
#5081 = VECTOR('',#5082,1.);
#5082 = DIRECTION('',(0.,-1.,0.));
#5083 = ORIENTED_EDGE('',*,*,#5084,.T.);
#5084 = EDGE_CURVE('',#5077,#5085,#5087,.T.);
#5085 = VERTEX_POINT('',#5086);
#5086 = CARTESIAN_POINT('',(8.679716,-0.752653,1.56));
#5087 = LINE('',#5088,#5089);
#5088 = CARTESIAN_POINT('',(8.677999,-0.662347,1.56));
#5089 = VECTOR('',#5090,1.);
#5090 = DIRECTION('',(1.900969744013E-02,-0.999819299375,0.));
#5091 = ORIENTED_EDGE('',*,*,#5092,.T.);
#5092 = EDGE_CURVE('',#5085,#5093,#5095,.T.);
#5093 = VERTEX_POINT('',#5094);
#5094 = CARTESIAN_POINT('',(9.387705,-1.465795,1.56));
#5095 = CIRCLE('',#5096,0.802746518648);
#5096 = AXIS2_PLACEMENT_3D('',#5097,#5098,#5099);
#5097 = CARTESIAN_POINT('',(9.478001699405,-0.668143146572,1.56));
#5098 = DIRECTION('',(0.,0.,1.));
#5099 = DIRECTION('',(-0.994443053767,-0.105275889045,0.));
#5100 = ORIENTED_EDGE('',*,*,#5101,.T.);
#5101 = EDGE_CURVE('',#5093,#5102,#5104,.T.);
#5102 = VERTEX_POINT('',#5103);
#5103 = CARTESIAN_POINT('',(9.477997,-1.468167,1.56));
#5104 = LINE('',#5105,#5106);
#5105 = CARTESIAN_POINT('',(9.387705,-1.465795,1.56));
#5106 = VECTOR('',#5107,1.);
#5107 = DIRECTION('',(0.999655113568,-2.626126267425E-02,0.));
#5108 = ORIENTED_EDGE('',*,*,#5109,.T.);
#5109 = EDGE_CURVE('',#5102,#5110,#5112,.T.);
#5110 = VERTEX_POINT('',#5111);
#5111 = CARTESIAN_POINT('',(10.216564,-1.468167,1.56));
#5112 = LINE('',#5113,#5114);
#5113 = CARTESIAN_POINT('',(9.477997,-1.468167,1.56));
#5114 = VECTOR('',#5115,1.);
#5115 = DIRECTION('',(1.,0.,0.));
#5116 = ORIENTED_EDGE('',*,*,#5117,.T.);
#5117 = EDGE_CURVE('',#5110,#5118,#5120,.T.);
#5118 = VERTEX_POINT('',#5119);
#5119 = CARTESIAN_POINT('',(10.306442,-1.470487,1.56));
#5120 = LINE('',#5121,#5122);
#5121 = CARTESIAN_POINT('',(10.216564,-1.468167,1.56));
#5122 = VECTOR('',#5123,1.);
#5123 = DIRECTION('',(0.999667016884,-2.580417320335E-02,0.));
#5124 = ORIENTED_EDGE('',*,*,#5125,.T.);
#5125 = EDGE_CURVE('',#5118,#5126,#5128,.T.);
#5126 = VERTEX_POINT('',#5127);
#5127 = CARTESIAN_POINT('',(11.014256,-2.178289,1.56));
#5128 = CIRCLE('',#5129,0.802699374735);
#5129 = AXIS2_PLACEMENT_3D('',#5130,#5131,#5132);
#5130 = CARTESIAN_POINT('',(10.216601590514,-2.268142932733,1.56));
#5131 = DIRECTION('',(0.,0.,-1.));
#5132 = DIRECTION('',(0.111922859683,0.993716898055,0.));
#5133 = ORIENTED_EDGE('',*,*,#5134,.T.);
#5134 = EDGE_CURVE('',#5126,#5135,#5137,.T.);
#5135 = VERTEX_POINT('',#5136);
#5136 = CARTESIAN_POINT('',(11.016564,-2.268167,1.56));
#5137 = LINE('',#5138,#5139);
#5138 = CARTESIAN_POINT('',(11.014256,-2.178289,1.56));
#5139 = VECTOR('',#5140,1.);
#5140 = DIRECTION('',(2.567079152571E-02,-0.99967045093,0.));
#5141 = ORIENTED_EDGE('',*,*,#5142,.T.);
#5142 = EDGE_CURVE('',#5135,#5143,#5145,.T.);
#5143 = VERTEX_POINT('',#5144);
#5144 = CARTESIAN_POINT('',(11.016569,-15.296899,1.56));
#5145 = LINE('',#5146,#5147);
#5146 = CARTESIAN_POINT('',(11.016564,-2.268167,1.56));
#5147 = VECTOR('',#5148,1.);
#5148 = DIRECTION('',(3.837672000476E-07,-1.,0.));
#5149 = ORIENTED_EDGE('',*,*,#5150,.T.);
#5150 = EDGE_CURVE('',#5143,#5151,#5153,.T.);
#5151 = VERTEX_POINT('',#5152);
#5152 = CARTESIAN_POINT('',(11.014305,-15.351152,1.56));
#5153 = LINE('',#5154,#5155);
#5154 = CARTESIAN_POINT('',(11.016569,-15.296899,1.56));
#5155 = VECTOR('',#5156,1.);
#5156 = DIRECTION('',(-4.16941233721E-02,-0.999130421955,0.));
#5157 = ORIENTED_EDGE('',*,*,#5158,.T.);
#5158 = EDGE_CURVE('',#5151,#5159,#5161,.T.);
#5159 = VERTEX_POINT('',#5160);
#5160 = CARTESIAN_POINT('',(10.795816,-15.569645,1.56));
#5161 = CIRCLE('',#5162,0.278039407358);
#5162 = AXIS2_PLACEMENT_3D('',#5163,#5164,#5165);
#5163 = CARTESIAN_POINT('',(10.741601435111,-15.29694242759,1.56));
#5164 = DIRECTION('',(0.,0.,-1.));
#5165 = DIRECTION('',(0.980809042433,-0.194970824182,0.));
#5166 = ORIENTED_EDGE('',*,*,#5167,.T.);
#5167 = EDGE_CURVE('',#5159,#5168,#5170,.T.);
#5168 = VERTEX_POINT('',#5169);
#5169 = CARTESIAN_POINT('',(10.741563,-15.571905,1.56));
#5170 = LINE('',#5171,#5172);
#5171 = CARTESIAN_POINT('',(10.795816,-15.569645,1.56));
#5172 = VECTOR('',#5173,1.);
#5173 = DIRECTION('',(-0.999133487966,-4.162058656299E-02,0.));
#5174 = ORIENTED_EDGE('',*,*,#5175,.T.);
#5175 = EDGE_CURVE('',#5168,#5176,#5178,.T.);
#5176 = VERTEX_POINT('',#5177);
#5177 = CARTESIAN_POINT('',(-4.503998,-15.580999,1.56));
#5178 = LINE('',#5179,#5180);
#5179 = CARTESIAN_POINT('',(10.741563,-15.571905,1.56));
#5180 = VECTOR('',#5181,1.);
#5181 = DIRECTION('',(-0.999999822093,-5.965013935607E-04,0.));
#5182 = ORIENTED_EDGE('',*,*,#5183,.T.);
#5183 = EDGE_CURVE('',#5176,#5184,#5186,.T.);
#5184 = VERTEX_POINT('',#5185);
#5185 = CARTESIAN_POINT('',(-4.559822,-15.578661,1.56));
#5186 = LINE('',#5187,#5188);
#5187 = CARTESIAN_POINT('',(-4.503998,-15.580999,1.56));
#5188 = VECTOR('',#5189,1.);
#5189 = DIRECTION('',(-0.999124116722,4.184494455602E-02,0.));
#5190 = ORIENTED_EDGE('',*,*,#5191,.T.);
#5191 = EDGE_CURVE('',#5184,#5192,#5194,.T.);
#5192 = VERTEX_POINT('',#5193);
#5193 = CARTESIAN_POINT('',(-4.784624,-15.353823,1.56));
#5194 = CIRCLE('',#5195,0.286114871047);
#5195 = AXIS2_PLACEMENT_3D('',#5196,#5197,#5198);
#5196 = CARTESIAN_POINT('',(-4.50399879741,-15.29804473267,1.56));
#5197 = DIRECTION('',(0.,0.,-1.));
#5198 = DIRECTION('',(-0.195107658633,-0.980781831776,-0.));
#5199 = ORIENTED_EDGE('',*,*,#5200,.T.);
#5200 = EDGE_CURVE('',#5192,#5201,#5203,.T.);
#5201 = VERTEX_POINT('',#5202);
#5202 = CARTESIAN_POINT('',(-4.787003,-15.297999,1.56));
#5203 = LINE('',#5204,#5205);
#5204 = CARTESIAN_POINT('',(-4.784624,-15.353823,1.56));
#5205 = VECTOR('',#5206,1.);
#5206 = DIRECTION('',(-4.257743356271E-02,0.999093169905,0.));
#5207 = ORIENTED_EDGE('',*,*,#5208,.T.);
#5208 = EDGE_CURVE('',#5201,#5209,#5211,.T.);
#5209 = VERTEX_POINT('',#5210);
#5210 = CARTESIAN_POINT('',(-4.685797,-11.693766,1.56));
#5211 = LINE('',#5212,#5213);
#5212 = CARTESIAN_POINT('',(-4.787003,-15.297999,1.56));
#5213 = VECTOR('',#5214,1.);
#5214 = DIRECTION('',(2.806869713526E-02,0.999605996501,0.));
#5215 = ORIENTED_EDGE('',*,*,#5216,.T.);
#5216 = EDGE_CURVE('',#5209,#5217,#5219,.T.);
#5217 = VERTEX_POINT('',#5218);
#5218 = CARTESIAN_POINT('',(-4.683607,-11.630757,1.56));
#5219 = LINE('',#5220,#5221);
#5220 = CARTESIAN_POINT('',(-4.685797,-11.693766,1.56));
#5221 = VECTOR('',#5222,1.);
#5222 = DIRECTION('',(3.47359645162E-02,0.999396524293,0.));
#5223 = ORIENTED_EDGE('',*,*,#5224,.T.);
#5224 = EDGE_CURVE('',#5217,#5225,#5227,.T.);
#5225 = VERTEX_POINT('',#5226);
#5226 = CARTESIAN_POINT('',(-4.348807,-11.295938,1.56));
#5227 = CIRCLE('',#5228,0.402763591774);
#5228 = AXIS2_PLACEMENT_3D('',#5229,#5230,#5231);
#5229 = CARTESIAN_POINT('',(-4.285798845667,-11.69374257934,1.56));
#5230 = DIRECTION('',(0.,0.,-1.));
#5231 = DIRECTION('',(-0.987696411635,0.156383497986,0.));
#5232 = ORIENTED_EDGE('',*,*,#5233,.T.);
#5233 = EDGE_CURVE('',#5225,#5234,#5236,.T.);
#5234 = VERTEX_POINT('',#5235);
#5235 = CARTESIAN_POINT('',(-4.285798,-11.293766,1.56));
#5236 = LINE('',#5237,#5238);
#5237 = CARTESIAN_POINT('',(-4.348807,-11.295938,1.56));
#5238 = VECTOR('',#5239,1.);
#5239 = DIRECTION('',(0.999406394879,3.445080368959E-02,0.));
#5240 = ORIENTED_EDGE('',*,*,#5241,.T.);
#5241 = EDGE_CURVE('',#5234,#5242,#5244,.T.);
#5242 = VERTEX_POINT('',#5243);
#5243 = CARTESIAN_POINT('',(-2.690004,-11.293766,1.56));
#5244 = LINE('',#5245,#5246);
#5245 = CARTESIAN_POINT('',(-4.285798,-11.293766,1.56));
#5246 = VECTOR('',#5247,1.);
#5247 = DIRECTION('',(1.,0.,0.));
#5248 = ORIENTED_EDGE('',*,*,#5249,.T.);
#5249 = EDGE_CURVE('',#5242,#5250,#5252,.T.);
#5250 = VERTEX_POINT('',#5251);
#5251 = CARTESIAN_POINT('',(-2.627038,-11.291305,1.56));
#5252 = LINE('',#5253,#5254);
#5253 = CARTESIAN_POINT('',(-2.690004,-11.293766,1.56));
#5254 = VECTOR('',#5255,1.);
#5255 = DIRECTION('',(0.999237071573,3.905476659058E-02,0.));
#5256 = ORIENTED_EDGE('',*,*,#5257,.T.);
#5257 = EDGE_CURVE('',#5250,#5258,#5260,.T.);
#5258 = VERTEX_POINT('',#5259);
#5259 = CARTESIAN_POINT('',(-2.292441,-10.956732,1.56));
#5260 = CIRCLE('',#5261,0.402519144778);
#5261 = AXIS2_PLACEMENT_3D('',#5262,#5263,#5264);
#5262 = CARTESIAN_POINT('',(-2.690000757954,-10.89374072466,1.56));
#5263 = DIRECTION('',(0.,0.,1.));
#5264 = DIRECTION('',(0.156421772158,-0.987690350867,0.));
#5265 = ORIENTED_EDGE('',*,*,#5266,.T.);
#5266 = EDGE_CURVE('',#5258,#5267,#5269,.T.);
#5267 = VERTEX_POINT('',#5268);
#5268 = CARTESIAN_POINT('',(-2.290004,-10.893766,1.56));
#5269 = LINE('',#5270,#5271);
#5270 = CARTESIAN_POINT('',(-2.292441,-10.956732,1.56));
#5271 = VECTOR('',#5272,1.);
#5272 = DIRECTION('',(3.867447177129E-02,0.999251862762,0.));
#5273 = ORIENTED_EDGE('',*,*,#5274,.T.);
#5274 = EDGE_CURVE('',#5267,#5275,#5277,.T.);
#5275 = VERTEX_POINT('',#5276);
#5276 = CARTESIAN_POINT('',(-2.290004,-7.693766,1.56));
#5277 = LINE('',#5278,#5279);
#5278 = CARTESIAN_POINT('',(-2.290004,-10.893766,1.56));
#5279 = VECTOR('',#5280,1.);
#5280 = DIRECTION('',(0.,1.,0.));
#5281 = ORIENTED_EDGE('',*,*,#5282,.T.);
#5282 = EDGE_CURVE('',#5275,#5283,#5285,.T.);
#5283 = VERTEX_POINT('',#5284);
#5284 = CARTESIAN_POINT('',(-2.292194,-7.630758,1.56));
#5285 = LINE('',#5286,#5287);
#5286 = CARTESIAN_POINT('',(-2.290004,-7.693766,1.56));
#5287 = VECTOR('',#5288,1.);
#5288 = DIRECTION('',(-3.473651514552E-02,0.999396505155,0.));
#5289 = ORIENTED_EDGE('',*,*,#5290,.T.);
#5290 = EDGE_CURVE('',#5283,#5291,#5293,.T.);
#5291 = VERTEX_POINT('',#5292);
#5292 = CARTESIAN_POINT('',(-2.626996,-7.295942,1.56));
#5293 = CIRCLE('',#5294,0.402758011124);
#5294 = AXIS2_PLACEMENT_3D('',#5295,#5296,#5297);
#5295 = CARTESIAN_POINT('',(-2.689996737794,-7.693742103773,1.56));
#5296 = DIRECTION('',(0.,0.,1.));
#5297 = DIRECTION('',(0.987696648625,0.156382001185,-0.));
#5298 = ORIENTED_EDGE('',*,*,#5299,.T.);
#5299 = EDGE_CURVE('',#5291,#5300,#5302,.T.);
#5300 = VERTEX_POINT('',#5301);
#5301 = CARTESIAN_POINT('',(-2.690004,-7.293766,1.56));
#5302 = LINE('',#5303,#5304);
#5303 = CARTESIAN_POINT('',(-2.626996,-7.295942,1.56));
#5304 = VECTOR('',#5305,1.);
#5305 = DIRECTION('',(-0.999404189535,3.451472061372E-02,0.));
#5306 = ORIENTED_EDGE('',*,*,#5307,.T.);
#5307 = EDGE_CURVE('',#5300,#5308,#5310,.T.);
#5308 = VERTEX_POINT('',#5309);
#5309 = CARTESIAN_POINT('',(-4.155798,-7.293765,1.56));
#5310 = LINE('',#5311,#5312);
#5311 = CARTESIAN_POINT('',(-2.690004,-7.293766,1.56));
#5312 = VECTOR('',#5313,1.);
#5313 = DIRECTION('',(-1.,6.82224105256E-07,0.));
#5314 = ORIENTED_EDGE('',*,*,#5315,.T.);
#5315 = EDGE_CURVE('',#5308,#5316,#5318,.T.);
#5316 = VERTEX_POINT('',#5317);
#5317 = CARTESIAN_POINT('',(-4.218763,-7.291303,1.56));
#5318 = LINE('',#5319,#5320);
#5319 = CARTESIAN_POINT('',(-4.155798,-7.293765,1.56));
#5320 = VECTOR('',#5321,1.);
#5321 = DIRECTION('',(-0.999236427917,3.907123140683E-02,0.));
#5322 = ORIENTED_EDGE('',*,*,#5323,.T.);
#5323 = EDGE_CURVE('',#5316,#5324,#5326,.T.);
#5324 = VERTEX_POINT('',#5325);
#5325 = CARTESIAN_POINT('',(-4.553354,-6.95673,1.56));
#5326 = CIRCLE('',#5327,0.402515611276);
#5327 = AXIS2_PLACEMENT_3D('',#5328,#5329,#5330);
#5328 = CARTESIAN_POINT('',(-4.155797175858,-6.893742787817,1.56));
#5329 = DIRECTION('',(0.,0.,-1.));
#5330 = DIRECTION('',(-0.156430762879,-0.987688926953,-0.));
#5331 = ORIENTED_EDGE('',*,*,#5332,.T.);
#5332 = EDGE_CURVE('',#5324,#5333,#5335,.T.);
#5333 = VERTEX_POINT('',#5334);
#5334 = CARTESIAN_POINT('',(-4.555798,-6.893765,1.56));
#5335 = LINE('',#5336,#5337);
#5336 = CARTESIAN_POINT('',(-4.553354,-6.95673,1.56));
#5337 = VECTOR('',#5338,1.);
#5338 = DIRECTION('',(-3.878600789361E-02,0.999247539698,0.));
#5339 = ORIENTED_EDGE('',*,*,#5340,.T.);
#5340 = EDGE_CURVE('',#5333,#5341,#5343,.T.);
#5341 = VERTEX_POINT('',#5342);
#5342 = CARTESIAN_POINT('',(-4.130003,8.606234,1.56));
#5343 = LINE('',#5344,#5345);
#5344 = CARTESIAN_POINT('',(-4.555798,-6.893765,1.56));
#5345 = VECTOR('',#5346,1.);
#5346 = DIRECTION('',(2.746028762071E-02,0.999622895198,0.));
#5347 = ORIENTED_EDGE('',*,*,#5348,.T.);
#5348 = EDGE_CURVE('',#5341,#5349,#5351,.T.);
#5349 = VERTEX_POINT('',#5350);
#5350 = CARTESIAN_POINT('',(-4.127813,8.669243,1.56));
#5351 = LINE('',#5352,#5353);
#5352 = CARTESIAN_POINT('',(-4.130003,8.606234,1.56));
#5353 = VECTOR('',#5354,1.);
#5354 = DIRECTION('',(3.473596451622E-02,0.999396524293,0.));
#5355 = ORIENTED_EDGE('',*,*,#5356,.T.);
#5356 = EDGE_CURVE('',#5349,#5357,#5359,.T.);
#5357 = VERTEX_POINT('',#5358);
#5358 = CARTESIAN_POINT('',(-3.793013,9.004068,1.56));
#5359 = CIRCLE('',#5360,0.402773115581);
#5360 = AXIS2_PLACEMENT_3D('',#5361,#5362,#5363);
#5361 = CARTESIAN_POINT('',(-3.72999554674,8.606255251059,1.56));
#5362 = DIRECTION('',(0.,0.,-1.));
#5363 = DIRECTION('',(-0.987696144233,0.156385186856,0.));
#5364 = ORIENTED_EDGE('',*,*,#5365,.T.);
#5365 = EDGE_CURVE('',#5357,#5366,#5368,.T.);
#5366 = VERTEX_POINT('',#5367);
#5367 = CARTESIAN_POINT('',(-3.730004,9.006234,1.56));
#5368 = LINE('',#5369,#5370);
#5369 = CARTESIAN_POINT('',(-3.793013,9.004068,1.56));
#5370 = VECTOR('',#5371,1.);
#5371 = DIRECTION('',(0.999409667036,3.435574820738E-02,0.));
#5372 = ORIENTED_EDGE('',*,*,#5373,.T.);
#5373 = EDGE_CURVE('',#5366,#5374,#5376,.T.);
#5374 = VERTEX_POINT('',#5375);
#5375 = CARTESIAN_POINT('',(-2.690004,9.006234,1.56));
#5376 = LINE('',#5377,#5378);
#5377 = CARTESIAN_POINT('',(-3.730004,9.006234,1.56));
#5378 = VECTOR('',#5379,1.);
#5379 = DIRECTION('',(1.,0.,0.));
#5380 = ORIENTED_EDGE('',*,*,#5381,.T.);
#5381 = EDGE_CURVE('',#5374,#5382,#5384,.T.);
#5382 = VERTEX_POINT('',#5383);
#5383 = CARTESIAN_POINT('',(-2.627038,9.008695,1.56));
#5384 = LINE('',#5385,#5386);
#5385 = CARTESIAN_POINT('',(-2.690004,9.006234,1.56));
#5386 = VECTOR('',#5387,1.);
#5387 = DIRECTION('',(0.999237071573,3.905476659058E-02,0.));
#5388 = ORIENTED_EDGE('',*,*,#5389,.T.);
#5389 = EDGE_CURVE('',#5382,#5390,#5392,.T.);
#5390 = VERTEX_POINT('',#5391);
#5391 = CARTESIAN_POINT('',(-2.292441,9.343268,1.56));
#5392 = CIRCLE('',#5393,0.402519144778);
#5393 = AXIS2_PLACEMENT_3D('',#5394,#5395,#5396);
#5394 = CARTESIAN_POINT('',(-2.690000757954,9.406259275336,1.56));
#5395 = DIRECTION('',(0.,0.,1.));
#5396 = DIRECTION('',(0.156421772158,-0.987690350867,0.));
#5397 = ORIENTED_EDGE('',*,*,#5398,.T.);
#5398 = EDGE_CURVE('',#5390,#5399,#5401,.T.);
#5399 = VERTEX_POINT('',#5400);
#5400 = CARTESIAN_POINT('',(-2.290004,9.406234,1.56));
#5401 = LINE('',#5402,#5403);
#5402 = CARTESIAN_POINT('',(-2.292441,9.343268,1.56));
#5403 = VECTOR('',#5404,1.);
#5404 = DIRECTION('',(3.867447177129E-02,0.999251862762,0.));
#5405 = ORIENTED_EDGE('',*,*,#5406,.T.);
#5406 = EDGE_CURVE('',#5399,#5407,#5409,.T.);
#5407 = VERTEX_POINT('',#5408);
#5408 = CARTESIAN_POINT('',(-2.290022,12.606234,1.56));
#5409 = LINE('',#5410,#5411);
#5410 = CARTESIAN_POINT('',(-2.290004,9.406234,1.56));
#5411 = VECTOR('',#5412,1.);
#5412 = DIRECTION('',(-5.624999999865E-06,0.999999999984,0.));
#5413 = ORIENTED_EDGE('',*,*,#5414,.T.);
#5414 = EDGE_CURVE('',#5407,#5415,#5417,.T.);
#5415 = VERTEX_POINT('',#5416);
#5416 = CARTESIAN_POINT('',(-2.292212,12.66924,1.56));
#5417 = LINE('',#5418,#5419);
#5418 = CARTESIAN_POINT('',(-2.290022,12.606234,1.56));
#5419 = VECTOR('',#5420,1.);
#5420 = DIRECTION('',(-3.473761645648E-02,0.999396466875,0.));
#5421 = ORIENTED_EDGE('',*,*,#5422,.T.);
#5422 = EDGE_CURVE('',#5415,#5423,#5425,.T.);
#5423 = VERTEX_POINT('',#5424);
#5424 = CARTESIAN_POINT('',(-2.626998,13.004041,1.56));
#5425 = CIRCLE('',#5426,0.402743748546);
#5426 = AXIS2_PLACEMENT_3D('',#5427,#5428,#5429);
#5427 = CARTESIAN_POINT('',(-2.690000246774,12.606255575563,1.56));
#5428 = DIRECTION('',(0.,0.,1.));
#5429 = DIRECTION('',(0.987695645705,0.156388335422,-0.));
#5430 = ORIENTED_EDGE('',*,*,#5431,.T.);
#5431 = EDGE_CURVE('',#5423,#5432,#5434,.T.);
#5432 = VERTEX_POINT('',#5433);
#5433 = CARTESIAN_POINT('',(-2.690004,13.006234,1.56));
#5434 = LINE('',#5435,#5436);
#5435 = CARTESIAN_POINT('',(-2.626998,13.004041,1.56));
#5436 = VECTOR('',#5437,1.);
#5437 = DIRECTION('',(-0.999394813729,3.478514469267E-02,0.));
#5438 = ORIENTED_EDGE('',*,*,#5439,.T.);
#5439 = EDGE_CURVE('',#5432,#5440,#5442,.T.);
#5440 = VERTEX_POINT('',#5441);
#5441 = CARTESIAN_POINT('',(-3.590004,13.006234,1.56));
#5442 = LINE('',#5443,#5444);
#5443 = CARTESIAN_POINT('',(-2.690004,13.006234,1.56));
#5444 = VECTOR('',#5445,1.);
#5445 = DIRECTION('',(-1.,0.,0.));
#5446 = ORIENTED_EDGE('',*,*,#5447,.T.);
#5447 = EDGE_CURVE('',#5440,#5448,#5450,.T.);
#5448 = VERTEX_POINT('',#5449);
#5449 = CARTESIAN_POINT('',(-3.652968,13.008697,1.56));
#5450 = LINE('',#5451,#5452);
#5451 = CARTESIAN_POINT('',(-3.590004,13.006234,1.56));
#5452 = VECTOR('',#5453,1.);
#5453 = DIRECTION('',(-0.99923578397,3.908769671428E-02,0.));
#5454 = ORIENTED_EDGE('',*,*,#5455,.T.);
#5455 = EDGE_CURVE('',#5448,#5456,#5458,.T.);
#5456 = VERTEX_POINT('',#5457);
#5457 = CARTESIAN_POINT('',(-3.987555,13.34327,1.56));
#5458 = CIRCLE('',#5459,0.402514254188);
#5459 = AXIS2_PLACEMENT_3D('',#5460,#5461,#5462);
#5460 = CARTESIAN_POINT('',(-3.589999258989,13.406255376192,1.56));
#5461 = DIRECTION('',(0.,0.,-1.));
#5462 = DIRECTION('',(-0.15643853691,-0.987687695666,-0.));
#5463 = ORIENTED_EDGE('',*,*,#5464,.T.);
#5464 = EDGE_CURVE('',#5456,#5465,#5467,.T.);
#5465 = VERTEX_POINT('',#5466);
#5466 = CARTESIAN_POINT('',(-3.990004,13.406234,1.56));
#5467 = LINE('',#5468,#5469);
#5468 = CARTESIAN_POINT('',(-3.987555,13.34327,1.56));
#5469 = VECTOR('',#5470,1.);
#5470 = DIRECTION('',(-3.886585393008E-02,0.999244437262,0.));
#5471 = ORIENTED_EDGE('',*,*,#5472,.T.);
#5472 = EDGE_CURVE('',#5465,#5473,#5475,.T.);
#5473 = VERTEX_POINT('',#5474);
#5474 = CARTESIAN_POINT('',(-3.476452,31.936457,1.56));
#5475 = LINE('',#5476,#5477);
#5476 = CARTESIAN_POINT('',(-3.990004,13.406234,1.56));
#5477 = VECTOR('',#5478,1.);
#5478 = DIRECTION('',(2.770365410771E-02,0.999616180116,0.));
#5479 = ORIENTED_EDGE('',*,*,#5480,.T.);
#5480 = EDGE_CURVE('',#5473,#5481,#5483,.T.);
#5481 = VERTEX_POINT('',#5482);
#5482 = CARTESIAN_POINT('',(-3.474463,31.980634,1.56));
#5483 = LINE('',#5484,#5485);
#5484 = CARTESIAN_POINT('',(-3.476452,31.936457,1.56));
#5485 = VECTOR('',#5486,1.);
#5486 = DIRECTION('',(4.49778640412E-02,0.998987983785,0.));
#5487 = ORIENTED_EDGE('',*,*,#5488,.T.);
#5488 = EDGE_CURVE('',#5481,#5489,#5491,.T.);
#5489 = VERTEX_POINT('',#5490);
#5490 = CARTESIAN_POINT('',(-3.441459,32.062592,1.56));
#5491 = LINE('',#5492,#5493);
#5492 = CARTESIAN_POINT('',(-3.474463,31.980634,1.56));
#5493 = VECTOR('',#5494,1.);
#5494 = DIRECTION('',(0.373544026783,0.927612451434,0.));
#5495 = ORIENTED_EDGE('',*,*,#5496,.T.);
#5496 = EDGE_CURVE('',#5489,#5497,#5499,.T.);
#5497 = VERTEX_POINT('',#5498);
#5498 = CARTESIAN_POINT('',(-3.380229,32.126289,1.56));
#5499 = LINE('',#5500,#5501);
#5500 = CARTESIAN_POINT('',(-3.441459,32.062592,1.56));
#5501 = VECTOR('',#5502,1.);
#5502 = DIRECTION('',(0.693008055715,0.720929840354,0.));
#5503 = ORIENTED_EDGE('',*,*,#5504,.T.);
#5504 = EDGE_CURVE('',#5497,#5505,#5507,.T.);
#5505 = VERTEX_POINT('',#5506);
#5506 = CARTESIAN_POINT('',(-3.340763,32.146243,1.56));
#5507 = LINE('',#5508,#5509);
#5508 = CARTESIAN_POINT('',(-3.380229,32.126289,1.56));
#5509 = VECTOR('',#5510,1.);
#5510 = DIRECTION('',(0.892419323775,0.451206993022,0.));
#5511 = ORIENTED_EDGE('',*,*,#5512,.T.);
#5512 = EDGE_CURVE('',#5505,#5513,#5515,.T.);
#5513 = VERTEX_POINT('',#5514);
#5514 = CARTESIAN_POINT('',(15.397997,32.159,1.56));
#5515 = LINE('',#5516,#5517);
#5516 = CARTESIAN_POINT('',(-3.340763,32.146243,1.56));
#5517 = VECTOR('',#5518,1.);
#5518 = DIRECTION('',(0.999999768268,6.807812813548E-04,0.));
#5519 = ORIENTED_EDGE('',*,*,#5520,.T.);
#5520 = EDGE_CURVE('',#5513,#5521,#5523,.T.);
#5521 = VERTEX_POINT('',#5522);
#5522 = CARTESIAN_POINT('',(15.457074,32.156793,1.56));
#5523 = LINE('',#5524,#5525);
#5524 = CARTESIAN_POINT('',(15.397997,32.159,1.56));
#5525 = VECTOR('',#5526,1.);
#5526 = DIRECTION('',(0.999302918573,-3.733198268851E-02,0.));
#5527 = ORIENTED_EDGE('',*,*,#5528,.T.);
#5528 = EDGE_CURVE('',#5521,#5529,#5531,.T.);
#5529 = VERTEX_POINT('',#5530);
#5530 = CARTESIAN_POINT('',(15.693385,31.918147,1.56));
#5531 = CIRCLE('',#5532,0.298346637234);
#5532 = AXIS2_PLACEMENT_3D('',#5533,#5534,#5535);
#5533 = CARTESIAN_POINT('',(15.400001172884,31.863956171111,1.56));
#5534 = DIRECTION('',(0.,0.,-1.));
#5535 = DIRECTION('',(0.191297035036,0.981532192231,0.));
#5536 = ORIENTED_EDGE('',*,*,#5537,.T.);
#5537 = EDGE_CURVE('',#5529,#5538,#5540,.T.);
#5538 = VERTEX_POINT('',#5539);
#5539 = CARTESIAN_POINT('',(15.694962,31.859052,1.56));
#5540 = LINE('',#5541,#5542);
#5541 = CARTESIAN_POINT('',(15.693385,31.918147,1.56));
#5542 = VECTOR('',#5543,1.);
#5543 = DIRECTION('',(2.667634794523E-02,-0.999644122906,0.));
#5544 = ORIENTED_EDGE('',*,*,#5545,.T.);
#5545 = EDGE_CURVE('',#5538,#5546,#5548,.T.);
#5546 = VERTEX_POINT('',#5547);
#5547 = CARTESIAN_POINT('',(35.704997,31.863957,1.56));
#5548 = LINE('',#5549,#5550);
#5549 = CARTESIAN_POINT('',(15.694962,31.859052,1.56));
#5550 = VECTOR('',#5551,1.);
#5551 = DIRECTION('',(0.999999969956,2.451270001595E-04,0.));
#5552 = ORIENTED_EDGE('',*,*,#5553,.T.);
#5553 = EDGE_CURVE('',#5546,#5554,#5556,.T.);
#5554 = VERTEX_POINT('',#5555);
#5555 = CARTESIAN_POINT('',(35.707831,31.922073,1.56));
#5556 = LINE('',#5557,#5558);
#5557 = CARTESIAN_POINT('',(35.704997,31.863957,1.56));
#5558 = VECTOR('',#5559,1.);
#5559 = DIRECTION('',(4.870666252991E-02,0.998813126178,0.));
#5560 = ORIENTED_EDGE('',*,*,#5561,.T.);
#5561 = EDGE_CURVE('',#5554,#5562,#5564,.T.);
#5562 = VERTEX_POINT('',#5563);
#5563 = CARTESIAN_POINT('',(35.941881,32.156127,1.56));
#5564 = CIRCLE('',#5565,0.297897501579);
#5565 = AXIS2_PLACEMENT_3D('',#5566,#5567,#5568);
#5566 = CARTESIAN_POINT('',(36.000004223835,31.863954769461,1.56));
#5567 = DIRECTION('',(0.,0.,-1.));
#5568 = DIRECTION('',(-0.980784404992,0.195094722952,0.));
#5569 = ORIENTED_EDGE('',*,*,#5570,.T.);
#5570 = EDGE_CURVE('',#5562,#5571,#5573,.T.);
#5571 = VERTEX_POINT('',#5572);
#5572 = CARTESIAN_POINT('',(35.999997,32.159001,1.56));
#5573 = LINE('',#5574,#5575);
#5574 = CARTESIAN_POINT('',(35.941881,32.156127,1.56));
#5575 = VECTOR('',#5576,1.);
#5576 = DIRECTION('',(0.998779447635,4.939245874647E-02,0.));
#5577 = ORIENTED_EDGE('',*,*,#5578,.T.);
#5578 = EDGE_CURVE('',#5571,#5579,#5581,.T.);
#5579 = VERTEX_POINT('',#5580);
#5580 = CARTESIAN_POINT('',(42.003063,32.169,1.56));
#5581 = LINE('',#5582,#5583);
#5582 = CARTESIAN_POINT('',(35.999997,32.159001,1.56));
#5583 = VECTOR('',#5584,1.);
#5584 = DIRECTION('',(0.99999861281,1.665646542863E-03,0.));
#5585 = ORIENTED_EDGE('',*,*,#5586,.T.);
#5586 = EDGE_CURVE('',#5579,#5587,#5589,.T.);
#5587 = VERTEX_POINT('',#5588);
#5588 = CARTESIAN_POINT('',(42.003063,28.9,1.56));
#5589 = LINE('',#5590,#5591);
#5590 = CARTESIAN_POINT('',(42.003063,32.169,1.56));
#5591 = VECTOR('',#5592,1.);
#5592 = DIRECTION('',(0.,-1.,0.));
#5593 = ORIENTED_EDGE('',*,*,#5594,.T.);
#5594 = EDGE_CURVE('',#5587,#4532,#5595,.T.);
#5595 = LINE('',#5596,#5597);
#5596 = CARTESIAN_POINT('',(42.003063,28.9,1.56));
#5597 = VECTOR('',#5598,1.);
#5598 = DIRECTION('',(1.453604524198E-02,-0.999894346113,0.));
#5599 = FACE_BOUND('',#5600,.F.);
#5600 = EDGE_LOOP('',(#5601));
#5601 = ORIENTED_EDGE('',*,*,#5602,.T.);
#5602 = EDGE_CURVE('',#5603,#5603,#5605,.T.);
#5603 = VERTEX_POINT('',#5604);
#5604 = CARTESIAN_POINT('',(8.522251,-3.568766,1.56));
#5605 = CIRCLE('',#5606,0.237255);
#5606 = AXIS2_PLACEMENT_3D('',#5607,#5608,#5609);
#5607 = CARTESIAN_POINT('',(8.284996,-3.568766,1.56));
#5608 = DIRECTION('',(0.,0.,1.));
#5609 = DIRECTION('',(1.,0.,-0.));
#5610 = FACE_BOUND('',#5611,.F.);
#5611 = EDGE_LOOP('',(#5612,#5622,#5631));
#5612 = ORIENTED_EDGE('',*,*,#5613,.T.);
#5613 = EDGE_CURVE('',#5614,#5616,#5618,.T.);
#5614 = VERTEX_POINT('',#5615);
#5615 = CARTESIAN_POINT('',(3.,-0.,1.56));
#5616 = VERTEX_POINT('',#5617);
#5617 = CARTESIAN_POINT('',(2.997462,0.174582,1.56));
#5618 = LINE('',#5619,#5620);
#5619 = CARTESIAN_POINT('',(3.,-0.,1.56));
#5620 = VECTOR('',#5621,1.);
#5621 = DIRECTION('',(-1.453604524198E-02,0.999894346113,0.));
#5622 = ORIENTED_EDGE('',*,*,#5623,.T.);
#5623 = EDGE_CURVE('',#5616,#5624,#5626,.T.);
#5624 = VERTEX_POINT('',#5625);
#5625 = CARTESIAN_POINT('',(2.997462,-0.174582,1.56));
#5626 = CIRCLE('',#5627,3.002545265835);
#5627 = AXIS2_PLACEMENT_3D('',#5628,#5629,#5630);
#5628 = CARTESIAN_POINT('',(-3.462463457177E-06,7.020290006749E-15,1.56)
  );
#5629 = DIRECTION('',(0.,0.,1.));
#5630 = DIRECTION('',(0.998308167597,5.814466878702E-02,-0.));
#5631 = ORIENTED_EDGE('',*,*,#5632,.T.);
#5632 = EDGE_CURVE('',#5624,#5614,#5633,.T.);
#5633 = LINE('',#5634,#5635);
#5634 = CARTESIAN_POINT('',(2.997462,-0.174582,1.56));
#5635 = VECTOR('',#5636,1.);
#5636 = DIRECTION('',(1.453604524198E-02,0.999894346113,0.));
#5637 = FACE_BOUND('',#5638,.F.);
#5638 = EDGE_LOOP('',(#5639,#5649,#5658));
#5639 = ORIENTED_EDGE('',*,*,#5640,.T.);
#5640 = EDGE_CURVE('',#5641,#5643,#5645,.T.);
#5641 = VERTEX_POINT('',#5642);
#5642 = CARTESIAN_POINT('',(51.003063,1.9,1.56));
#5643 = VERTEX_POINT('',#5644);
#5644 = CARTESIAN_POINT('',(51.000525,2.074582,1.56));
#5645 = LINE('',#5646,#5647);
#5646 = CARTESIAN_POINT('',(51.003063,1.9,1.56));
#5647 = VECTOR('',#5648,1.);
#5648 = DIRECTION('',(-1.453604524194E-02,0.999894346113,0.));
#5649 = ORIENTED_EDGE('',*,*,#5650,.T.);
#5650 = EDGE_CURVE('',#5643,#5651,#5653,.T.);
#5651 = VERTEX_POINT('',#5652);
#5652 = CARTESIAN_POINT('',(51.000525,1.725418,1.56));
#5653 = CIRCLE('',#5654,3.002545265835);
#5654 = AXIS2_PLACEMENT_3D('',#5655,#5656,#5657);
#5655 = CARTESIAN_POINT('',(48.003059537537,1.9,1.56));
#5656 = DIRECTION('',(0.,0.,1.));
#5657 = DIRECTION('',(0.998308167597,5.814466878702E-02,-0.));
#5658 = ORIENTED_EDGE('',*,*,#5659,.T.);
#5659 = EDGE_CURVE('',#5651,#5641,#5660,.T.);
#5660 = LINE('',#5661,#5662);
#5661 = CARTESIAN_POINT('',(51.000525,1.725418,1.56));
#5662 = VECTOR('',#5663,1.);
#5663 = DIRECTION('',(1.453604524194E-02,0.999894346113,0.));
#5664 = FACE_BOUND('',#5665,.F.);
#5665 = EDGE_LOOP('',(#5666));
#5666 = ORIENTED_EDGE('',*,*,#5667,.T.);
#5667 = EDGE_CURVE('',#5668,#5668,#5670,.T.);
#5668 = VERTEX_POINT('',#5669);
#5669 = CARTESIAN_POINT('',(9.972251,6.731234,1.56));
#5670 = CIRCLE('',#5671,0.237255);
#5671 = AXIS2_PLACEMENT_3D('',#5672,#5673,#5674);
#5672 = CARTESIAN_POINT('',(9.734996,6.731234,1.56));
#5673 = DIRECTION('',(0.,0.,1.));
#5674 = DIRECTION('',(1.,0.,-0.));
#5675 = FACE_BOUND('',#5676,.F.);
#5676 = EDGE_LOOP('',(#5677));
#5677 = ORIENTED_EDGE('',*,*,#5678,.T.);
#5678 = EDGE_CURVE('',#5679,#5679,#5681,.T.);
#5679 = VERTEX_POINT('',#5680);
#5680 = CARTESIAN_POINT('',(42.452254,6.781199,1.56));
#5681 = CIRCLE('',#5682,0.237255);
#5682 = AXIS2_PLACEMENT_3D('',#5683,#5684,#5685);
#5683 = CARTESIAN_POINT('',(42.214999,6.781199,1.56));
#5684 = DIRECTION('',(0.,0.,1.));
#5685 = DIRECTION('',(1.,0.,-0.));
#5686 = FACE_BOUND('',#5687,.F.);
#5687 = EDGE_LOOP('',(#5688,#5699,#5707,#5715,#5723,#5732,#5740,#5748,
    #5756,#5765,#5773,#5781,#5789,#5798,#5806,#5814));
#5688 = ORIENTED_EDGE('',*,*,#5689,.T.);
#5689 = EDGE_CURVE('',#5690,#5692,#5694,.T.);
#5690 = VERTEX_POINT('',#5691);
#5691 = CARTESIAN_POINT('',(49.987576,24.069165,1.56));
#5692 = VERTEX_POINT('',#5693);
#5693 = CARTESIAN_POINT('',(49.652966,24.403738,1.56));
#5694 = CIRCLE('',#5695,0.402534789266);
#5695 = AXIS2_PLACEMENT_3D('',#5696,#5697,#5698);
#5696 = CARTESIAN_POINT('',(49.590002903822,24.006157938768,1.56));
#5697 = DIRECTION('',(0.,0.,1.));
#5698 = DIRECTION('',(0.987673877586,0.156525753579,-0.));
#5699 = ORIENTED_EDGE('',*,*,#5700,.T.);
#5700 = EDGE_CURVE('',#5692,#5701,#5703,.T.);
#5701 = VERTEX_POINT('',#5702);
#5702 = CARTESIAN_POINT('',(49.589999,24.406199,1.56));
#5703 = LINE('',#5704,#5705);
#5704 = CARTESIAN_POINT('',(49.652966,24.403738,1.56));
#5705 = VECTOR('',#5706,1.);
#5706 = DIRECTION('',(-0.999237095778,3.905414729478E-02,0.));
#5707 = ORIENTED_EDGE('',*,*,#5708,.T.);
#5708 = EDGE_CURVE('',#5701,#5709,#5711,.T.);
#5709 = VERTEX_POINT('',#5710);
#5710 = CARTESIAN_POINT('',(46.389999,24.406199,1.56));
#5711 = LINE('',#5712,#5713);
#5712 = CARTESIAN_POINT('',(49.589999,24.406199,1.56));
#5713 = VECTOR('',#5714,1.);
#5714 = DIRECTION('',(-1.,0.,0.));
#5715 = ORIENTED_EDGE('',*,*,#5716,.T.);
#5716 = EDGE_CURVE('',#5709,#5717,#5719,.T.);
#5717 = VERTEX_POINT('',#5718);
#5718 = CARTESIAN_POINT('',(46.327039,24.403697,1.56));
#5719 = LINE('',#5720,#5721);
#5720 = CARTESIAN_POINT('',(46.389999,24.406199,1.56));
#5721 = VECTOR('',#5722,1.);
#5722 = DIRECTION('',(-0.999211319396,-3.970817536735E-02,0.));
#5723 = ORIENTED_EDGE('',*,*,#5724,.T.);
#5724 = EDGE_CURVE('',#5717,#5725,#5727,.T.);
#5725 = VERTEX_POINT('',#5726);
#5726 = CARTESIAN_POINT('',(45.992468,24.069158,1.56));
#5727 = CIRCLE('',#5728,0.402495793953);
#5728 = AXIS2_PLACEMENT_3D('',#5729,#5730,#5731);
#5729 = CARTESIAN_POINT('',(46.390002492837,24.006156482921,1.56));
#5730 = DIRECTION('',(0.,0.,1.));
#5731 = DIRECTION('',(-0.156432672796,0.987688624457,0.));
#5732 = ORIENTED_EDGE('',*,*,#5733,.T.);
#5733 = EDGE_CURVE('',#5725,#5734,#5736,.T.);
#5734 = VERTEX_POINT('',#5735);
#5735 = CARTESIAN_POINT('',(45.99,24.006199,1.56));
#5736 = LINE('',#5737,#5738);
#5737 = CARTESIAN_POINT('',(45.992468,24.069158,1.56));
#5738 = VECTOR('',#5739,1.);
#5739 = DIRECTION('',(-3.917003061922E-02,-0.999232559868,0.));
#5740 = ORIENTED_EDGE('',*,*,#5741,.T.);
#5741 = EDGE_CURVE('',#5734,#5742,#5744,.T.);
#5742 = VERTEX_POINT('',#5743);
#5743 = CARTESIAN_POINT('',(45.989999,22.006199,1.56));
#5744 = LINE('',#5745,#5746);
#5745 = CARTESIAN_POINT('',(45.99,24.006199,1.56));
#5746 = VECTOR('',#5747,1.);
#5747 = DIRECTION('',(-5.000000022903E-07,-1.,0.));
#5748 = ORIENTED_EDGE('',*,*,#5749,.T.);
#5749 = EDGE_CURVE('',#5742,#5750,#5752,.T.);
#5750 = VERTEX_POINT('',#5751);
#5751 = CARTESIAN_POINT('',(45.992231,21.943195,1.56));
#5752 = LINE('',#5753,#5754);
#5753 = CARTESIAN_POINT('',(45.989999,22.006199,1.56));
#5754 = VECTOR('',#5755,1.);
#5755 = DIRECTION('',(3.540411259364E-02,-0.99937307789,0.));
#5756 = ORIENTED_EDGE('',*,*,#5757,.T.);
#5757 = EDGE_CURVE('',#5750,#5758,#5760,.T.);
#5758 = VERTEX_POINT('',#5759);
#5759 = CARTESIAN_POINT('',(46.326998,21.608393,1.56));
#5760 = CIRCLE('',#5761,0.402724163843);
#5761 = AXIS2_PLACEMENT_3D('',#5762,#5763,#5764);
#5762 = CARTESIAN_POINT('',(46.390002779143,22.006158194491,1.56));
#5763 = DIRECTION('',(0.,0.,1.));
#5764 = DIRECTION('',(-0.987702787305,-0.156343224827,0.));
#5765 = ORIENTED_EDGE('',*,*,#5766,.T.);
#5766 = EDGE_CURVE('',#5758,#5767,#5769,.T.);
#5767 = VERTEX_POINT('',#5768);
#5768 = CARTESIAN_POINT('',(46.390002,21.606199,1.56));
#5769 = LINE('',#5770,#5771);
#5770 = CARTESIAN_POINT('',(46.326998,21.608393,1.56));
#5771 = VECTOR('',#5772,1.);
#5772 = DIRECTION('',(0.999394223757,-3.480209077077E-02,0.));
#5773 = ORIENTED_EDGE('',*,*,#5774,.T.);
#5774 = EDGE_CURVE('',#5767,#5775,#5777,.T.);
#5775 = VERTEX_POINT('',#5776);
#5776 = CARTESIAN_POINT('',(49.589999,21.606199,1.56));
#5777 = LINE('',#5778,#5779);
#5778 = CARTESIAN_POINT('',(46.390002,21.606199,1.56));
#5779 = VECTOR('',#5780,1.);
#5780 = DIRECTION('',(1.,0.,0.));
#5781 = ORIENTED_EDGE('',*,*,#5782,.T.);
#5782 = EDGE_CURVE('',#5775,#5783,#5785,.T.);
#5783 = VERTEX_POINT('',#5784);
#5784 = CARTESIAN_POINT('',(49.653005,21.608353,1.56));
#5785 = LINE('',#5786,#5787);
#5786 = CARTESIAN_POINT('',(49.589999,21.606199,1.56));
#5787 = VECTOR('',#5788,1.);
#5788 = DIRECTION('',(0.999416128742,3.416725932945E-02,0.));
#5789 = ORIENTED_EDGE('',*,*,#5790,.T.);
#5790 = EDGE_CURVE('',#5783,#5791,#5793,.T.);
#5791 = VERTEX_POINT('',#5792);
#5792 = CARTESIAN_POINT('',(49.987806,21.943151,1.56));
#5793 = CIRCLE('',#5794,0.40276279605);
#5794 = AXIS2_PLACEMENT_3D('',#5795,#5796,#5797);
#5795 = CARTESIAN_POINT('',(49.590001977987,22.006157586573,1.56));
#5796 = DIRECTION('',(0.,0.,1.));
#5797 = DIRECTION('',(0.156427114499,-0.987689504779,0.));
#5798 = ORIENTED_EDGE('',*,*,#5799,.T.);
#5799 = EDGE_CURVE('',#5791,#5800,#5802,.T.);
#5800 = VERTEX_POINT('',#5801);
#5801 = CARTESIAN_POINT('',(49.989999,22.006157,1.56));
#5802 = LINE('',#5803,#5804);
#5803 = CARTESIAN_POINT('',(49.987806,21.943151,1.56));
#5804 = VECTOR('',#5805,1.);
#5805 = DIRECTION('',(3.478514469267E-02,0.999394813729,0.));
#5806 = ORIENTED_EDGE('',*,*,#5807,.T.);
#5807 = EDGE_CURVE('',#5800,#5808,#5810,.T.);
#5808 = VERTEX_POINT('',#5809);
#5809 = CARTESIAN_POINT('',(49.989999,24.006199,1.56));
#5810 = LINE('',#5811,#5812);
#5811 = CARTESIAN_POINT('',(49.989999,22.006157,1.56));
#5812 = VECTOR('',#5813,1.);
#5813 = DIRECTION('',(0.,1.,0.));
#5814 = ORIENTED_EDGE('',*,*,#5815,.T.);
#5815 = EDGE_CURVE('',#5808,#5690,#5816,.T.);
#5816 = LINE('',#5817,#5818);
#5817 = CARTESIAN_POINT('',(49.989999,24.006199,1.56));
#5818 = VECTOR('',#5819,1.);
#5819 = DIRECTION('',(-3.845262535522E-02,0.999260424316,0.));
#5820 = FACE_BOUND('',#5821,.F.);
#5821 = EDGE_LOOP('',(#5822,#5833,#5841,#5849,#5857,#5866,#5874,#5882,
    #5890,#5899,#5907,#5915,#5923,#5932,#5940,#5948));
#5822 = ORIENTED_EDGE('',*,*,#5823,.T.);
#5823 = EDGE_CURVE('',#5824,#5826,#5828,.T.);
#5824 = VERTEX_POINT('',#5825);
#5825 = CARTESIAN_POINT('',(6.007789,24.06924,1.56));
#5826 = VERTEX_POINT('',#5827);
#5827 = CARTESIAN_POINT('',(5.673002,24.404042,1.56));
#5828 = CIRCLE('',#5829,0.402742929645);
#5829 = AXIS2_PLACEMENT_3D('',#5830,#5831,#5832);
#5830 = CARTESIAN_POINT('',(5.610001332316,24.006257154574,1.56));
#5831 = DIRECTION('',(0.,0.,1.));
#5832 = DIRECTION('',(0.98769621613,0.156384732766,-0.));
#5833 = ORIENTED_EDGE('',*,*,#5834,.T.);
#5834 = EDGE_CURVE('',#5826,#5835,#5837,.T.);
#5835 = VERTEX_POINT('',#5836);
#5836 = CARTESIAN_POINT('',(5.609996,24.406234,1.56));
#5837 = LINE('',#5838,#5839);
#5838 = CARTESIAN_POINT('',(5.673002,24.404042,1.56));
#5839 = VECTOR('',#5840,1.);
#5840 = DIRECTION('',(-0.999395365028,3.476930197351E-02,0.));
#5841 = ORIENTED_EDGE('',*,*,#5842,.T.);
#5842 = EDGE_CURVE('',#5835,#5843,#5845,.T.);
#5843 = VERTEX_POINT('',#5844);
#5844 = CARTESIAN_POINT('',(2.409996,24.406234,1.56));
#5845 = LINE('',#5846,#5847);
#5846 = CARTESIAN_POINT('',(5.609996,24.406234,1.56));
#5847 = VECTOR('',#5848,1.);
#5848 = DIRECTION('',(-1.,0.,0.));
#5849 = ORIENTED_EDGE('',*,*,#5850,.T.);
#5850 = EDGE_CURVE('',#5843,#5851,#5853,.T.);
#5851 = VERTEX_POINT('',#5852);
#5852 = CARTESIAN_POINT('',(2.346987,24.404069,1.56));
#5853 = LINE('',#5854,#5855);
#5854 = CARTESIAN_POINT('',(2.409996,24.406234,1.56));
#5855 = VECTOR('',#5856,1.);
#5856 = DIRECTION('',(-0.999410211519,-3.433990553634E-02,0.));
#5857 = ORIENTED_EDGE('',*,*,#5858,.T.);
#5858 = EDGE_CURVE('',#5851,#5859,#5861,.T.);
#5859 = VERTEX_POINT('',#5860);
#5860 = CARTESIAN_POINT('',(2.012186,24.069243,1.56));
#5861 = CIRCLE('',#5862,0.40277229659);
#5862 = AXIS2_PLACEMENT_3D('',#5863,#5864,#5865);
#5863 = CARTESIAN_POINT('',(2.41000287408,24.006256830107,1.56));
#5864 = DIRECTION('',(0.,0.,1.));
#5865 = DIRECTION('',(-0.15645533373,0.987685035093,0.));
#5866 = ORIENTED_EDGE('',*,*,#5867,.T.);
#5867 = EDGE_CURVE('',#5859,#5868,#5870,.T.);
#5868 = VERTEX_POINT('',#5869);
#5869 = CARTESIAN_POINT('',(2.009996,24.006234,1.56));
#5870 = LINE('',#5871,#5872);
#5871 = CARTESIAN_POINT('',(2.012186,24.069243,1.56));
#5872 = VECTOR('',#5873,1.);
#5873 = DIRECTION('',(-3.47359645162E-02,-0.999396524293,0.));
#5874 = ORIENTED_EDGE('',*,*,#5875,.T.);
#5875 = EDGE_CURVE('',#5868,#5876,#5878,.T.);
#5876 = VERTEX_POINT('',#5877);
#5877 = CARTESIAN_POINT('',(2.009996,22.009944,1.56));
#5878 = LINE('',#5879,#5880);
#5879 = CARTESIAN_POINT('',(2.009996,24.006234,1.56));
#5880 = VECTOR('',#5881,1.);
#5881 = DIRECTION('',(0.,-1.,0.));
#5882 = ORIENTED_EDGE('',*,*,#5883,.T.);
#5883 = EDGE_CURVE('',#5876,#5884,#5886,.T.);
#5884 = VERTEX_POINT('',#5885);
#5885 = CARTESIAN_POINT('',(2.011664,21.94655,1.56));
#5886 = LINE('',#5887,#5888);
#5887 = CARTESIAN_POINT('',(2.009996,22.009944,1.56));
#5888 = VECTOR('',#5889,1.);
#5889 = DIRECTION('',(2.630253524767E-02,-0.999654028472,0.));
#5890 = ORIENTED_EDGE('',*,*,#5891,.T.);
#5891 = EDGE_CURVE('',#5884,#5892,#5894,.T.);
#5892 = VERTEX_POINT('',#5893);
#5893 = CARTESIAN_POINT('',(2.34662,21.608488,1.56));
#5894 = CIRCLE('',#5895,0.402788922969);
#5895 = AXIS2_PLACEMENT_3D('',#5896,#5897,#5898);
#5896 = CARTESIAN_POINT('',(2.410002783183,22.006258711922,1.56));
#5897 = DIRECTION('',(0.,0.,1.));
#5898 = DIRECTION('',(-0.988951682797,-0.148238217381,0.));
#5899 = ORIENTED_EDGE('',*,*,#5900,.T.);
#5900 = EDGE_CURVE('',#5892,#5901,#5903,.T.);
#5901 = VERTEX_POINT('',#5902);
#5902 = CARTESIAN_POINT('',(2.409996,21.606235,1.56));
#5903 = LINE('',#5904,#5905);
#5904 = CARTESIAN_POINT('',(2.34662,21.608488,1.56));
#5905 = VECTOR('',#5906,1.);
#5906 = DIRECTION('',(0.999368706475,-3.552729259794E-02,0.));
#5907 = ORIENTED_EDGE('',*,*,#5908,.T.);
#5908 = EDGE_CURVE('',#5901,#5909,#5911,.T.);
#5909 = VERTEX_POINT('',#5910);
#5910 = CARTESIAN_POINT('',(5.609996,21.606234,1.56));
#5911 = LINE('',#5912,#5913);
#5912 = CARTESIAN_POINT('',(2.409996,21.606235,1.56));
#5913 = VECTOR('',#5914,1.);
#5914 = DIRECTION('',(1.,-3.125000003212E-07,0.));
#5915 = ORIENTED_EDGE('',*,*,#5916,.T.);
#5916 = EDGE_CURVE('',#5909,#5917,#5919,.T.);
#5917 = VERTEX_POINT('',#5918);
#5918 = CARTESIAN_POINT('',(5.673002,21.608455,1.56));
#5919 = LINE('',#5920,#5921);
#5920 = CARTESIAN_POINT('',(5.609996,21.606234,1.56));
#5921 = VECTOR('',#5922,1.);
#5922 = DIRECTION('',(0.999379275637,3.52287301398E-02,0.));
#5923 = ORIENTED_EDGE('',*,*,#5924,.T.);
#5924 = EDGE_CURVE('',#5917,#5925,#5927,.T.);
#5925 = VERTEX_POINT('',#5926);
#5926 = CARTESIAN_POINT('',(6.007803,21.943251,1.56));
#5927 = CIRCLE('',#5928,0.402760619827);
#5928 = AXIS2_PLACEMENT_3D('',#5929,#5930,#5931);
#5929 = CARTESIAN_POINT('',(5.610001204993,22.006257735928,1.56));
#5930 = DIRECTION('',(0.,0.,1.));
#5931 = DIRECTION('',(0.156422430362,-0.987690246626,0.));
#5932 = ORIENTED_EDGE('',*,*,#5933,.T.);
#5933 = EDGE_CURVE('',#5925,#5934,#5936,.T.);
#5934 = VERTEX_POINT('',#5935);
#5935 = CARTESIAN_POINT('',(6.009996,22.006257,1.56));
#5936 = LINE('',#5937,#5938);
#5937 = CARTESIAN_POINT('',(6.007803,21.943251,1.56));
#5938 = VECTOR('',#5939,1.);
#5939 = DIRECTION('',(3.47851446927E-02,0.999394813729,0.));
#5940 = ORIENTED_EDGE('',*,*,#5941,.T.);
#5941 = EDGE_CURVE('',#5934,#5942,#5944,.T.);
#5942 = VERTEX_POINT('',#5943);
#5943 = CARTESIAN_POINT('',(6.009996,24.006234,1.56));
#5944 = LINE('',#5945,#5946);
#5945 = CARTESIAN_POINT('',(6.009996,22.006257,1.56));
#5946 = VECTOR('',#5947,1.);
#5947 = DIRECTION('',(0.,1.,0.));
#5948 = ORIENTED_EDGE('',*,*,#5949,.T.);
#5949 = EDGE_CURVE('',#5942,#5824,#5950,.T.);
#5950 = LINE('',#5951,#5952);
#5951 = CARTESIAN_POINT('',(6.009996,24.006234,1.56));
#5952 = VECTOR('',#5953,1.);
#5953 = DIRECTION('',(-3.500694000253E-02,0.999387069234,0.));
#5954 = PLANE('',#5955);
#5955 = AXIS2_PLACEMENT_3D('',#5956,#5957,#5958);
#5956 = CARTESIAN_POINT('',(0.,0.,1.56));
#5957 = DIRECTION('',(0.,0.,1.));
#5958 = DIRECTION('',(1.,0.,-0.));
#5959 = ( GEOMETRIC_REPRESENTATION_CONTEXT(3) 
GLOBAL_UNCERTAINTY_ASSIGNED_CONTEXT((#5963)) 
GLOBAL_UNIT_ASSIGNED_CONTEXT((#5960,#5961,#5962)) REPRESENTATION_CONTEXT
('Context #1','3D Context with UNIT and UNCERTAINTY') );
#5960 = ( LENGTH_UNIT() NAMED_UNIT(*) SI_UNIT(.MILLI.,.METRE.) );
#5961 = ( NAMED_UNIT(*) PLANE_ANGLE_UNIT() SI_UNIT($,.RADIAN.) );
#5962 = ( NAMED_UNIT(*) SI_UNIT($,.STERADIAN.) SOLID_ANGLE_UNIT() );
#5963 = UNCERTAINTY_MEASURE_WITH_UNIT(LENGTH_MEASURE(1.E-07),#5960,
  'distance_accuracy_value','confusion accuracy');
#5964 = CONTEXT_DEPENDENT_SHAPE_REPRESENTATION(#5965,#5967);
#5965 = ( REPRESENTATION_RELATIONSHIP('','',#4524,#10) 
REPRESENTATION_RELATIONSHIP_WITH_TRANSFORMATION(#5966) 
SHAPE_REPRESENTATION_RELATIONSHIP() );
#5966 = ITEM_DEFINED_TRANSFORMATION('','',#11,#23);
#5967 = PRODUCT_DEFINITION_SHAPE('Placement','Placement of an item',
  #5968);
#5968 = NEXT_ASSEMBLY_USAGE_OCCURRENCE('3','=>[0:1:1:4]','',#5,#4519,$);
#5969 = PRODUCT_RELATED_PRODUCT_CATEGORY('part',$,(#4521));
#5970 = SHAPE_DEFINITION_REPRESENTATION(#5971,#5977);
#5971 = PRODUCT_DEFINITION_SHAPE('','',#5972);
#5972 = PRODUCT_DEFINITION('design','',#5973,#5976);
#5973 = PRODUCT_DEFINITION_FORMATION('','',#5974);
#5974 = PRODUCT('touch-pad-left_soldermask','touch-pad-left_soldermask',
  '',(#5975));
#5975 = PRODUCT_CONTEXT('',#2,'mechanical');
#5976 = PRODUCT_DEFINITION_CONTEXT('part definition',#2,'design');
#5977 = MANIFOLD_SURFACE_SHAPE_REPRESENTATION('',(#11,#5978),#7412);
#5978 = SHELL_BASED_SURFACE_MODEL('',(#5979));
#5979 = OPEN_SHELL('',(#5980));
#5980 = ADVANCED_FACE('',(#5981,#7052,#7063,#7090,#7117,#7128,#7139,
    #7273),#7407,.T.);
#5981 = FACE_BOUND('',#5982,.T.);
#5982 = EDGE_LOOP('',(#5983,#5994,#6002,#6010,#6018,#6026,#6034,#6042,
    #6050,#6058,#6066,#6075,#6083,#6091,#6099,#6108,#6116,#6124,#6132,
    #6141,#6149,#6157,#6165,#6174,#6182,#6190,#6198,#6207,#6215,#6223,
    #6231,#6240,#6248,#6256,#6264,#6273,#6281,#6289,#6297,#6306,#6314,
    #6322,#6330,#6339,#6347,#6355,#6363,#6372,#6380,#6388,#6396,#6404,
    #6412,#6421,#6429,#6437,#6445,#6454,#6462,#6470,#6478,#6487,#6495,
    #6503,#6511,#6520,#6528,#6536,#6544,#6553,#6561,#6569,#6577,#6586,
    #6594,#6602,#6610,#6619,#6627,#6635,#6643,#6652,#6660,#6668,#6676,
    #6685,#6693,#6701,#6709,#6718,#6726,#6734,#6742,#6751,#6759,#6767,
    #6775,#6784,#6792,#6800,#6808,#6817,#6825,#6833,#6841,#6850,#6858,
    #6866,#6874,#6883,#6891,#6899,#6907,#6916,#6924,#6932,#6940,#6948,
    #6956,#6964,#6972,#6980,#6989,#6997,#7005,#7013,#7022,#7030,#7038,
    #7046));
#5983 = ORIENTED_EDGE('',*,*,#5984,.T.);
#5984 = EDGE_CURVE('',#5985,#5987,#5989,.T.);
#5985 = VERTEX_POINT('',#5986);
#5986 = CARTESIAN_POINT('',(42.005601,28.725418,-5.E-02));
#5987 = VERTEX_POINT('',#5988);
#5988 = CARTESIAN_POINT('',(48.000525,28.725418,-5.E-02));
#5989 = CIRCLE('',#5990,3.002541797452);
#5990 = AXIS2_PLACEMENT_3D('',#5991,#5992,#5993);
#5991 = CARTESIAN_POINT('',(45.003063,28.899999797452,-5.E-02));
#5992 = DIRECTION('',(0.,0.,1.));
#5993 = DIRECTION('',(-0.998308167614,-5.814466849389E-02,0.));
#5994 = ORIENTED_EDGE('',*,*,#5995,.T.);
#5995 = EDGE_CURVE('',#5987,#5996,#5998,.T.);
#5996 = VERTEX_POINT('',#5997);
#5997 = CARTESIAN_POINT('',(48.003063,28.9,-5.E-02));
#5998 = LINE('',#5999,#6000);
#5999 = CARTESIAN_POINT('',(48.000525,28.725418,-5.E-02));
#6000 = VECTOR('',#6001,1.);
#6001 = DIRECTION('',(1.453604524194E-02,0.999894346113,0.));
#6002 = ORIENTED_EDGE('',*,*,#6003,.T.);
#6003 = EDGE_CURVE('',#5996,#6004,#6006,.T.);
#6004 = VERTEX_POINT('',#6005);
#6005 = CARTESIAN_POINT('',(48.003063,32.169,-5.E-02));
#6006 = LINE('',#6007,#6008);
#6007 = CARTESIAN_POINT('',(48.003063,28.9,-5.E-02));
#6008 = VECTOR('',#6009,1.);
#6009 = DIRECTION('',(0.,1.,0.));
#6010 = ORIENTED_EDGE('',*,*,#6011,.T.);
#6011 = EDGE_CURVE('',#6004,#6012,#6014,.T.);
#6012 = VERTEX_POINT('',#6013);
#6013 = CARTESIAN_POINT('',(55.11226,32.148743,-5.E-02));
#6014 = LINE('',#6015,#6016);
#6015 = CARTESIAN_POINT('',(48.003063,32.169,-5.E-02));
#6016 = VECTOR('',#6017,1.);
#6017 = DIRECTION('',(0.999995940463,-2.849396038111E-03,0.));
#6018 = ORIENTED_EDGE('',*,*,#6019,.T.);
#6019 = EDGE_CURVE('',#6012,#6020,#6022,.T.);
#6020 = VERTEX_POINT('',#6021);
#6021 = CARTESIAN_POINT('',(55.151725,32.128809,-5.E-02));
#6022 = LINE('',#6023,#6024);
#6023 = CARTESIAN_POINT('',(55.11226,32.148743,-5.E-02));
#6024 = VECTOR('',#6025,1.);
#6025 = DIRECTION('',(0.892596795372,-0.450855809425,0.));
#6026 = ORIENTED_EDGE('',*,*,#6027,.T.);
#6027 = EDGE_CURVE('',#6020,#6028,#6030,.T.);
#6028 = VERTEX_POINT('',#6029);
#6029 = CARTESIAN_POINT('',(55.212934,32.065114,-5.E-02));
#6030 = LINE('',#6031,#6032);
#6031 = CARTESIAN_POINT('',(55.151725,32.128809,-5.E-02));
#6032 = VECTOR('',#6033,1.);
#6033 = DIRECTION('',(0.69289580433,-0.721037727406,0.));
#6034 = ORIENTED_EDGE('',*,*,#6035,.T.);
#6035 = EDGE_CURVE('',#6028,#6036,#6038,.T.);
#6036 = VERTEX_POINT('',#6037);
#6037 = CARTESIAN_POINT('',(55.245953,31.983178,-5.E-02));
#6038 = LINE('',#6039,#6040);
#6039 = CARTESIAN_POINT('',(55.212934,32.065114,-5.E-02));
#6040 = VECTOR('',#6041,1.);
#6041 = DIRECTION('',(0.373776416203,-0.927518835761,0.));
#6042 = ORIENTED_EDGE('',*,*,#6043,.T.);
#6043 = EDGE_CURVE('',#6036,#6044,#6046,.T.);
#6044 = VERTEX_POINT('',#6045);
#6045 = CARTESIAN_POINT('',(55.247949,31.93901,-5.E-02));
#6046 = LINE('',#6047,#6048);
#6047 = CARTESIAN_POINT('',(55.245953,31.983178,-5.E-02));
#6048 = VECTOR('',#6049,1.);
#6049 = DIRECTION('',(4.514501373082E-02,-0.998980444121,0.));
#6050 = ORIENTED_EDGE('',*,*,#6051,.T.);
#6051 = EDGE_CURVE('',#6044,#6052,#6054,.T.);
#6052 = VERTEX_POINT('',#6053);
#6053 = CARTESIAN_POINT('',(55.789998,13.406199,-5.E-02));
#6054 = LINE('',#6055,#6056);
#6055 = CARTESIAN_POINT('',(55.247949,31.93901,-5.E-02));
#6056 = VECTOR('',#6057,1.);
#6057 = DIRECTION('',(2.923557040565E-02,-0.999572549355,0.));
#6058 = ORIENTED_EDGE('',*,*,#6059,.T.);
#6059 = EDGE_CURVE('',#6052,#6060,#6062,.T.);
#6060 = VERTEX_POINT('',#6061);
#6061 = CARTESIAN_POINT('',(55.787811,13.343189,-5.E-02));
#6062 = LINE('',#6063,#6064);
#6063 = CARTESIAN_POINT('',(55.789998,13.406199,-5.E-02));
#6064 = VECTOR('',#6065,1.);
#6065 = DIRECTION('',(-3.468788843872E-02,-0.999398194113,0.));
#6066 = ORIENTED_EDGE('',*,*,#6067,.T.);
#6067 = EDGE_CURVE('',#6060,#6068,#6070,.T.);
#6068 = VERTEX_POINT('',#6069);
#6069 = CARTESIAN_POINT('',(55.453009,13.008354,-5.E-02));
#6070 = CIRCLE('',#6071,0.402762212643);
#6071 = AXIS2_PLACEMENT_3D('',#6072,#6073,#6074);
#6072 = CARTESIAN_POINT('',(55.390001504489,13.40615728737,-5.E-02));
#6073 = DIRECTION('',(0.,0.,-1.));
#6074 = DIRECTION('',(0.987703123638,-0.156341100018,0.));
#6075 = ORIENTED_EDGE('',*,*,#6076,.T.);
#6076 = EDGE_CURVE('',#6068,#6077,#6079,.T.);
#6077 = VERTEX_POINT('',#6078);
#6078 = CARTESIAN_POINT('',(55.389999,13.006199,-5.E-02));
#6079 = LINE('',#6080,#6081);
#6080 = CARTESIAN_POINT('',(55.453009,13.008354,-5.E-02));
#6081 = VECTOR('',#6082,1.);
#6082 = DIRECTION('',(-0.999415661096,-3.418093556042E-02,0.));
#6083 = ORIENTED_EDGE('',*,*,#6084,.T.);
#6084 = EDGE_CURVE('',#6077,#6085,#6087,.T.);
#6085 = VERTEX_POINT('',#6086);
#6086 = CARTESIAN_POINT('',(54.489999,13.006199,-5.E-02));
#6087 = LINE('',#6088,#6089);
#6088 = CARTESIAN_POINT('',(55.389999,13.006199,-5.E-02));
#6089 = VECTOR('',#6090,1.);
#6090 = DIRECTION('',(-1.,0.,0.));
#6091 = ORIENTED_EDGE('',*,*,#6092,.T.);
#6092 = EDGE_CURVE('',#6085,#6093,#6095,.T.);
#6093 = VERTEX_POINT('',#6094);
#6094 = CARTESIAN_POINT('',(54.427033,13.003737,-5.E-02));
#6095 = LINE('',#6096,#6097);
#6096 = CARTESIAN_POINT('',(54.489999,13.006199,-5.E-02));
#6097 = VECTOR('',#6098,1.);
#6098 = DIRECTION('',(-0.999236452143,-3.907061184094E-02,0.));
#6099 = ORIENTED_EDGE('',*,*,#6100,.T.);
#6100 = EDGE_CURVE('',#6093,#6101,#6103,.T.);
#6101 = VERTEX_POINT('',#6102);
#6102 = CARTESIAN_POINT('',(54.092428,12.669165,-5.E-02));
#6103 = CIRCLE('',#6104,0.402537247635);
#6104 = AXIS2_PLACEMENT_3D('',#6105,#6106,#6107);
#6105 = CARTESIAN_POINT('',(54.490003210858,12.606155576543,-5.E-02));
#6106 = DIRECTION('',(0.,0.,1.));
#6107 = DIRECTION('',(-0.156433252397,0.987688532658,0.));
#6108 = ORIENTED_EDGE('',*,*,#6109,.T.);
#6109 = EDGE_CURVE('',#6101,#6110,#6112,.T.);
#6110 = VERTEX_POINT('',#6111);
#6111 = CARTESIAN_POINT('',(54.089999,12.606199,-5.E-02));
#6112 = LINE('',#6113,#6114);
#6113 = CARTESIAN_POINT('',(54.092428,12.669165,-5.E-02));
#6114 = VECTOR('',#6115,1.);
#6115 = DIRECTION('',(-3.854770308881E-02,-0.999256761091,0.));
#6116 = ORIENTED_EDGE('',*,*,#6117,.T.);
#6117 = EDGE_CURVE('',#6110,#6118,#6120,.T.);
#6118 = VERTEX_POINT('',#6119);
#6119 = CARTESIAN_POINT('',(54.090045,9.406199,-5.E-02));
#6120 = LINE('',#6121,#6122);
#6121 = CARTESIAN_POINT('',(54.089999,12.606199,-5.E-02));
#6122 = VECTOR('',#6123,1.);
#6123 = DIRECTION('',(1.437499999997E-05,-0.999999999897,0.));
#6124 = ORIENTED_EDGE('',*,*,#6125,.T.);
#6125 = EDGE_CURVE('',#6118,#6126,#6128,.T.);
#6126 = VERTEX_POINT('',#6127);
#6127 = CARTESIAN_POINT('',(54.092232,9.343195,-5.E-02));
#6128 = LINE('',#6129,#6130);
#6129 = CARTESIAN_POINT('',(54.090045,9.406199,-5.E-02));
#6130 = VECTOR('',#6131,1.);
#6131 = DIRECTION('',(3.469118786202E-02,-0.999398079588,0.));
#6132 = ORIENTED_EDGE('',*,*,#6133,.T.);
#6133 = EDGE_CURVE('',#6126,#6134,#6136,.T.);
#6134 = VERTEX_POINT('',#6135);
#6135 = CARTESIAN_POINT('',(54.426996,9.008394,-5.E-02));
#6136 = CIRCLE('',#6137,0.40272580144);
#6137 = AXIS2_PLACEMENT_3D('',#6138,#6139,#6140);
#6138 = CARTESIAN_POINT('',(54.490005125363,9.406160164054,-5.E-02));
#6139 = DIRECTION('',(0.,0.,1.));
#6140 = DIRECTION('',(-0.987702113798,-0.156347479672,0.));
#6141 = ORIENTED_EDGE('',*,*,#6142,.T.);
#6142 = EDGE_CURVE('',#6134,#6143,#6145,.T.);
#6143 = VERTEX_POINT('',#6144);
#6144 = CARTESIAN_POINT('',(54.489999,9.006199,-5.E-02));
#6145 = LINE('',#6146,#6147);
#6146 = CARTESIAN_POINT('',(54.426996,9.008394,-5.E-02));
#6147 = VECTOR('',#6148,1.);
#6148 = DIRECTION('',(0.999393652691,-3.48184859079E-02,0.));
#6149 = ORIENTED_EDGE('',*,*,#6150,.T.);
#6150 = EDGE_CURVE('',#6143,#6151,#6153,.T.);
#6151 = VERTEX_POINT('',#6152);
#6152 = CARTESIAN_POINT('',(55.530002,9.006199,-5.E-02));
#6153 = LINE('',#6154,#6155);
#6154 = CARTESIAN_POINT('',(54.489999,9.006199,-5.E-02));
#6155 = VECTOR('',#6156,1.);
#6156 = DIRECTION('',(1.,0.,0.));
#6157 = ORIENTED_EDGE('',*,*,#6158,.T.);
#6158 = EDGE_CURVE('',#6151,#6159,#6161,.T.);
#6159 = VERTEX_POINT('',#6160);
#6160 = CARTESIAN_POINT('',(55.592968,9.003737,-5.E-02));
#6161 = LINE('',#6162,#6163);
#6162 = CARTESIAN_POINT('',(55.530002,9.006199,-5.E-02));
#6163 = VECTOR('',#6164,1.);
#6164 = DIRECTION('',(0.999236452143,-3.907061184094E-02,0.));
#6165 = ORIENTED_EDGE('',*,*,#6166,.T.);
#6166 = EDGE_CURVE('',#6159,#6167,#6169,.T.);
#6167 = VERTEX_POINT('',#6168);
#6168 = CARTESIAN_POINT('',(55.927576,8.669165,-5.E-02));
#6169 = CIRCLE('',#6170,0.402533022595);
#6170 = AXIS2_PLACEMENT_3D('',#6171,#6172,#6173);
#6171 = CARTESIAN_POINT('',(55.530004558894,8.606158782081,-5.E-02));
#6172 = DIRECTION('',(0.,0.,-1.));
#6173 = DIRECTION('',(0.156418076461,0.987690936152,0.));
#6174 = ORIENTED_EDGE('',*,*,#6175,.T.);
#6175 = EDGE_CURVE('',#6167,#6176,#6178,.T.);
#6176 = VERTEX_POINT('',#6177);
#6177 = CARTESIAN_POINT('',(55.929999,8.606199,-5.E-02));
#6178 = LINE('',#6179,#6180);
#6179 = CARTESIAN_POINT('',(55.927576,8.669165,-5.E-02));
#6180 = VECTOR('',#6181,1.);
#6181 = DIRECTION('',(3.845262535522E-02,-0.999260424316,0.));
#6182 = ORIENTED_EDGE('',*,*,#6183,.T.);
#6183 = EDGE_CURVE('',#6176,#6184,#6186,.T.);
#6184 = VERTEX_POINT('',#6185);
#6185 = CARTESIAN_POINT('',(56.679853,-15.297943,-5.E-02));
#6186 = LINE('',#6187,#6188);
#6187 = CARTESIAN_POINT('',(55.929999,8.606199,-5.E-02));
#6188 = VECTOR('',#6189,1.);
#6189 = DIRECTION('',(3.135378520147E-02,-0.999508349217,0.));
#6190 = ORIENTED_EDGE('',*,*,#6191,.T.);
#6191 = EDGE_CURVE('',#6184,#6192,#6194,.T.);
#6192 = VERTEX_POINT('',#6193);
#6193 = CARTESIAN_POINT('',(56.677515,-15.353767,-5.E-02));
#6194 = LINE('',#6195,#6196);
#6195 = CARTESIAN_POINT('',(56.679853,-15.297943,-5.E-02));
#6196 = VECTOR('',#6197,1.);
#6197 = DIRECTION('',(-4.184494455606E-02,-0.999124116722,0.));
#6198 = ORIENTED_EDGE('',*,*,#6199,.T.);
#6199 = EDGE_CURVE('',#6192,#6200,#6202,.T.);
#6200 = VERTEX_POINT('',#6201);
#6201 = CARTESIAN_POINT('',(56.452677,-15.578565,-5.E-02));
#6202 = CIRCLE('',#6203,0.286112010097);
#6203 = AXIS2_PLACEMENT_3D('',#6204,#6205,#6206);
#6204 = CARTESIAN_POINT('',(56.396901994109,-15.29794206608,-5.E-02));
#6205 = DIRECTION('',(0.,0.,-1.));
#6206 = DIRECTION('',(0.980780239863,-0.195115660811,0.));
#6207 = ORIENTED_EDGE('',*,*,#6208,.T.);
#6208 = EDGE_CURVE('',#6200,#6209,#6211,.T.);
#6209 = VERTEX_POINT('',#6210);
#6210 = CARTESIAN_POINT('',(56.396853,-15.580965,-5.E-02));
#6211 = LINE('',#6212,#6213);
#6212 = CARTESIAN_POINT('',(56.452677,-15.578565,-5.E-02));
#6213 = VECTOR('',#6214,1.);
#6214 = DIRECTION('',(-0.999077111888,-4.295258434602E-02,0.));
#6215 = ORIENTED_EDGE('',*,*,#6216,.T.);
#6216 = EDGE_CURVE('',#6209,#6217,#6219,.T.);
#6217 = VERTEX_POINT('',#6218);
#6218 = CARTESIAN_POINT('',(41.165053,-15.571906,-5.E-02));
#6219 = LINE('',#6220,#6221);
#6220 = CARTESIAN_POINT('',(56.396853,-15.580965,-5.E-02));
#6221 = VECTOR('',#6222,1.);
#6222 = DIRECTION('',(-0.999999823141,5.947424728418E-04,0.));
#6223 = ORIENTED_EDGE('',*,*,#6224,.T.);
#6224 = EDGE_CURVE('',#6217,#6225,#6227,.T.);
#6225 = VERTEX_POINT('',#6226);
#6226 = CARTESIAN_POINT('',(41.110799,-15.569643,-5.E-02));
#6227 = LINE('',#6228,#6229);
#6228 = CARTESIAN_POINT('',(41.165053,-15.571906,-5.E-02));
#6229 = VECTOR('',#6230,1.);
#6230 = DIRECTION('',(-0.999131220949,4.167497240772E-02,0.));
#6231 = ORIENTED_EDGE('',*,*,#6232,.T.);
#6232 = EDGE_CURVE('',#6225,#6233,#6235,.T.);
#6233 = VERTEX_POINT('',#6234);
#6234 = CARTESIAN_POINT('',(40.892304,-15.351154,-5.E-02));
#6235 = CIRCLE('',#6236,0.27803621014);
#6236 = AXIS2_PLACEMENT_3D('',#6237,#6238,#6239);
#6237 = CARTESIAN_POINT('',(41.165003770928,-15.29694174045,-5.E-02));
#6238 = DIRECTION('',(0.,0.,-1.));
#6239 = DIRECTION('',(-0.194955796946,-0.980812029513,-0.));
#6240 = ORIENTED_EDGE('',*,*,#6241,.T.);
#6241 = EDGE_CURVE('',#6233,#6242,#6244,.T.);
#6242 = VERTEX_POINT('',#6243);
#6243 = CARTESIAN_POINT('',(40.890047,-15.2969,-5.E-02));
#6244 = LINE('',#6245,#6246);
#6245 = CARTESIAN_POINT('',(40.892304,-15.351154,-5.E-02));
#6246 = VECTOR('',#6247,1.);
#6247 = DIRECTION('',(-4.15646687092E-02,0.99913581575,0.));
#6248 = ORIENTED_EDGE('',*,*,#6249,.T.);
#6249 = EDGE_CURVE('',#6242,#6250,#6252,.T.);
#6250 = VERTEX_POINT('',#6251);
#6251 = CARTESIAN_POINT('',(40.890044,-2.268168,-5.E-02));
#6252 = LINE('',#6253,#6254);
#6253 = CARTESIAN_POINT('',(40.890047,-15.2969,-5.E-02));
#6254 = VECTOR('',#6255,1.);
#6255 = DIRECTION('',(-2.302603200013E-07,1.,0.));
#6256 = ORIENTED_EDGE('',*,*,#6257,.T.);
#6257 = EDGE_CURVE('',#6250,#6258,#6260,.T.);
#6258 = VERTEX_POINT('',#6259);
#6259 = CARTESIAN_POINT('',(40.892366,-2.178291,-5.E-02));
#6260 = LINE('',#6261,#6262);
#6261 = CARTESIAN_POINT('',(40.890044,-2.268168,-5.E-02));
#6262 = VECTOR('',#6263,1.);
#6263 = DIRECTION('',(2.582669051024E-02,0.999666435396,0.));
#6264 = ORIENTED_EDGE('',*,*,#6265,.T.);
#6265 = EDGE_CURVE('',#6258,#6266,#6268,.T.);
#6266 = VERTEX_POINT('',#6267);
#6267 = CARTESIAN_POINT('',(41.600166,-1.470505,-5.E-02));
#6268 = CIRCLE('',#6269,0.802679199221);
#6269 = AXIS2_PLACEMENT_3D('',#6270,#6271,#6272);
#6270 = CARTESIAN_POINT('',(41.690000516329,-2.268141293393,-5.E-02));
#6271 = DIRECTION('',(0.,0.,-1.));
#6272 = DIRECTION('',(-0.993715194193,0.111937986533,0.));
#6273 = ORIENTED_EDGE('',*,*,#6274,.T.);
#6274 = EDGE_CURVE('',#6266,#6275,#6277,.T.);
#6275 = VERTEX_POINT('',#6276);
#6276 = CARTESIAN_POINT('',(41.690043,-1.468168,-5.E-02));
#6277 = LINE('',#6278,#6279);
#6278 = CARTESIAN_POINT('',(41.600166,-1.470505,-5.E-02));
#6279 = VECTOR('',#6280,1.);
#6280 = DIRECTION('',(0.999662114047,2.599341723163E-02,0.));
#6281 = ORIENTED_EDGE('',*,*,#6282,.T.);
#6282 = EDGE_CURVE('',#6275,#6283,#6285,.T.);
#6283 = VERTEX_POINT('',#6284);
#6284 = CARTESIAN_POINT('',(42.414843,-1.468133,-5.E-02));
#6285 = LINE('',#6286,#6287);
#6286 = CARTESIAN_POINT('',(41.690043,-1.468168,-5.E-02));
#6287 = VECTOR('',#6288,1.);
#6288 = DIRECTION('',(0.999999998834,4.828918316667E-05,0.));
#6289 = ORIENTED_EDGE('',*,*,#6290,.T.);
#6290 = EDGE_CURVE('',#6283,#6291,#6293,.T.);
#6291 = VERTEX_POINT('',#6292);
#6292 = CARTESIAN_POINT('',(42.504694,-1.465614,-5.E-02));
#6293 = LINE('',#6294,#6295);
#6294 = CARTESIAN_POINT('',(42.414843,-1.468133,-5.E-02));
#6295 = VECTOR('',#6296,1.);
#6296 = DIRECTION('',(0.999607242405,2.80242918122E-02,0.));
#6297 = ORIENTED_EDGE('',*,*,#6298,.T.);
#6298 = EDGE_CURVE('',#6291,#6299,#6301,.T.);
#6299 = VERTEX_POINT('',#6300);
#6300 = CARTESIAN_POINT('',(43.212278,-0.757986,-5.E-02));
#6301 = CIRCLE('',#6302,0.802521766625);
#6302 = AXIS2_PLACEMENT_3D('',#6303,#6304,#6305);
#6303 = CARTESIAN_POINT('',(42.414801122999,-0.668142711131,-5.E-02));
#6304 = DIRECTION('',(0.,0.,1.));
#6305 = DIRECTION('',(0.11201300792,-0.993706740471,0.));
#6306 = ORIENTED_EDGE('',*,*,#6307,.T.);
#6307 = EDGE_CURVE('',#6299,#6308,#6310,.T.);
#6308 = VERTEX_POINT('',#6309);
#6309 = CARTESIAN_POINT('',(43.214841,-0.668134,-5.E-02));
#6310 = LINE('',#6311,#6312);
#6311 = CARTESIAN_POINT('',(43.212278,-0.757986,-5.E-02));
#6312 = VECTOR('',#6313,1.);
#6313 = DIRECTION('',(2.851308745032E-02,0.999593419268,0.));
#6314 = ORIENTED_EDGE('',*,*,#6315,.T.);
#6315 = EDGE_CURVE('',#6308,#6316,#6318,.T.);
#6316 = VERTEX_POINT('',#6317);
#6317 = CARTESIAN_POINT('',(43.214841,3.406235,-5.E-02));
#6318 = LINE('',#6319,#6320);
#6319 = CARTESIAN_POINT('',(43.214841,-0.668134,-5.E-02));
#6320 = VECTOR('',#6321,1.);
#6321 = DIRECTION('',(0.,1.,0.));
#6322 = ORIENTED_EDGE('',*,*,#6323,.T.);
#6323 = EDGE_CURVE('',#6316,#6324,#6326,.T.);
#6324 = VERTEX_POINT('',#6325);
#6325 = CARTESIAN_POINT('',(43.212328,3.496093,-5.E-02));
#6326 = LINE('',#6327,#6328);
#6327 = CARTESIAN_POINT('',(43.214841,3.406235,-5.E-02));
#6328 = VECTOR('',#6329,1.);
#6329 = DIRECTION('',(-2.795541684241E-02,0.999609170961,0.));
#6330 = ORIENTED_EDGE('',*,*,#6331,.T.);
#6331 = EDGE_CURVE('',#6324,#6332,#6334,.T.);
#6332 = VERTEX_POINT('',#6333);
#6333 = CARTESIAN_POINT('',(42.504701,4.203776,-5.E-02));
#6334 = CIRCLE('',#6335,0.802570105596);
#6335 = AXIS2_PLACEMENT_3D('',#6336,#6337,#6338);
#6336 = CARTESIAN_POINT('',(42.414801680578,3.406256792229,-5.E-02));
#6337 = DIRECTION('',(0.,0.,1.));
#6338 = DIRECTION('',(0.993715457205,0.111935651658,-0.));
#6339 = ORIENTED_EDGE('',*,*,#6340,.T.);
#6340 = EDGE_CURVE('',#6332,#6341,#6343,.T.);
#6341 = VERTEX_POINT('',#6342);
#6342 = CARTESIAN_POINT('',(42.414843,4.206234,-5.E-02));
#6343 = LINE('',#6344,#6345);
#6344 = CARTESIAN_POINT('',(42.504701,4.203776,-5.E-02));
#6345 = VECTOR('',#6346,1.);
#6346 = DIRECTION('',(-0.999626081781,2.734404181062E-02,0.));
#6347 = ORIENTED_EDGE('',*,*,#6348,.T.);
#6348 = EDGE_CURVE('',#6341,#6349,#6351,.T.);
#6349 = VERTEX_POINT('',#6350);
#6350 = CARTESIAN_POINT('',(41.690002,4.206199,-5.E-02));
#6351 = LINE('',#6352,#6353);
#6352 = CARTESIAN_POINT('',(42.414843,4.206234,-5.E-02));
#6353 = VECTOR('',#6354,1.);
#6354 = DIRECTION('',(-0.999999998834,-4.828645173169E-05,0.));
#6355 = ORIENTED_EDGE('',*,*,#6356,.T.);
#6356 = EDGE_CURVE('',#6349,#6357,#6359,.T.);
#6357 = VERTEX_POINT('',#6358);
#6358 = CARTESIAN_POINT('',(41.600127,4.208523,-5.E-02));
#6359 = LINE('',#6360,#6361);
#6360 = CARTESIAN_POINT('',(41.690002,4.206199,-5.E-02));
#6361 = VECTOR('',#6362,1.);
#6362 = DIRECTION('',(-0.999665845957,2.584949569961E-02,0.));
#6363 = ORIENTED_EDGE('',*,*,#6364,.T.);
#6364 = EDGE_CURVE('',#6357,#6365,#6367,.T.);
#6365 = VERTEX_POINT('',#6366);
#6366 = CARTESIAN_POINT('',(40.892364,4.916324,-5.E-02));
#6367 = CIRCLE('',#6368,0.802682309018);
#6368 = AXIS2_PLACEMENT_3D('',#6369,#6370,#6371);
#6369 = CARTESIAN_POINT('',(41.690003515744,5.006157691527,-5.E-02));
#6370 = DIRECTION('',(0.,0.,-1.));
#6371 = DIRECTION('',(-0.111970221262,-0.993711562552,-0.));
#6372 = ORIENTED_EDGE('',*,*,#6373,.T.);
#6373 = EDGE_CURVE('',#6365,#6374,#6376,.T.);
#6374 = VERTEX_POINT('',#6375);
#6375 = CARTESIAN_POINT('',(40.889999,5.006199,-5.E-02));
#6376 = LINE('',#6377,#6378);
#6377 = CARTESIAN_POINT('',(40.892364,4.916324,-5.E-02));
#6378 = VECTOR('',#6379,1.);
#6379 = DIRECTION('',(-2.630521958594E-02,0.999653957839,0.));
#6380 = ORIENTED_EDGE('',*,*,#6381,.T.);
#6381 = EDGE_CURVE('',#6374,#6382,#6384,.T.);
#6382 = VERTEX_POINT('',#6383);
#6383 = CARTESIAN_POINT('',(40.889994,23.849243,-5.E-02));
#6384 = LINE('',#6385,#6386);
#6385 = CARTESIAN_POINT('',(40.889999,5.006199,-5.E-02));
#6386 = VECTOR('',#6387,1.);
#6387 = DIRECTION('',(-2.653499085173E-07,1.,0.));
#6388 = ORIENTED_EDGE('',*,*,#6389,.T.);
#6389 = EDGE_CURVE('',#6382,#6390,#6392,.T.);
#6390 = VERTEX_POINT('',#6391);
#6391 = CARTESIAN_POINT('',(35.889997,23.856596,-5.E-02));
#6392 = LINE('',#6393,#6394);
#6393 = CARTESIAN_POINT('',(40.889994,23.849243,-5.E-02));
#6394 = VECTOR('',#6395,1.);
#6395 = DIRECTION('',(-0.999998918668,1.470599292153E-03,0.));
#6396 = ORIENTED_EDGE('',*,*,#6397,.T.);
#6397 = EDGE_CURVE('',#6390,#6398,#6400,.T.);
#6398 = VERTEX_POINT('',#6399);
#6399 = CARTESIAN_POINT('',(35.889997,24.531596,-5.E-02));
#6400 = LINE('',#6401,#6402);
#6401 = CARTESIAN_POINT('',(35.889997,23.856596,-5.E-02));
#6402 = VECTOR('',#6403,1.);
#6403 = DIRECTION('',(0.,1.,0.));
#6404 = ORIENTED_EDGE('',*,*,#6405,.T.);
#6405 = EDGE_CURVE('',#6398,#6406,#6408,.T.);
#6406 = VERTEX_POINT('',#6407);
#6407 = CARTESIAN_POINT('',(35.888147,24.679755,-5.E-02));
#6408 = LINE('',#6409,#6410);
#6409 = CARTESIAN_POINT('',(35.889997,24.531596,-5.E-02));
#6410 = VECTOR('',#6411,1.);
#6411 = DIRECTION('',(-1.248561204965E-02,0.999922051708,0.));
#6412 = ORIENTED_EDGE('',*,*,#6413,.T.);
#6413 = EDGE_CURVE('',#6406,#6414,#6416,.T.);
#6414 = VERTEX_POINT('',#6415);
#6415 = CARTESIAN_POINT('',(33.78015,26.794631,-5.E-02));
#6416 = CIRCLE('',#6417,2.260534079985);
#6417 = AXIS2_PLACEMENT_3D('',#6418,#6419,#6420);
#6418 = CARTESIAN_POINT('',(33.632002020554,24.538956709913,-5.E-02));
#6419 = DIRECTION('',(0.,0.,1.));
#6420 = DIRECTION('',(0.998058378957,6.228540915761E-02,-0.));
#6421 = ORIENTED_EDGE('',*,*,#6422,.T.);
#6422 = EDGE_CURVE('',#6414,#6423,#6425,.T.);
#6423 = VERTEX_POINT('',#6424);
#6424 = CARTESIAN_POINT('',(33.631997,26.796964,-5.E-02));
#6425 = LINE('',#6426,#6427);
#6426 = CARTESIAN_POINT('',(33.78015,26.794631,-5.E-02));
#6427 = VECTOR('',#6428,1.);
#6428 = DIRECTION('',(-0.999876035361,1.574528217787E-02,0.));
#6429 = ORIENTED_EDGE('',*,*,#6430,.T.);
#6430 = EDGE_CURVE('',#6423,#6431,#6433,.T.);
#6431 = VERTEX_POINT('',#6432);
#6432 = CARTESIAN_POINT('',(13.268,26.797,-5.E-02));
#6433 = LINE('',#6434,#6435);
#6434 = CARTESIAN_POINT('',(33.631997,26.796964,-5.E-02));
#6435 = VECTOR('',#6436,1.);
#6436 = DIRECTION('',(-0.999999999998,1.767825835047E-06,0.));
#6437 = ORIENTED_EDGE('',*,*,#6438,.T.);
#6438 = EDGE_CURVE('',#6431,#6439,#6441,.T.);
#6439 = VERTEX_POINT('',#6440);
#6440 = CARTESIAN_POINT('',(13.12016,26.794583,-5.E-02));
#6441 = LINE('',#6442,#6443);
#6442 = CARTESIAN_POINT('',(13.268,26.797,-5.E-02));
#6443 = VECTOR('',#6444,1.);
#6444 = DIRECTION('',(-0.999866385882,-1.634657098673E-02,0.));
#6445 = ORIENTED_EDGE('',*,*,#6446,.T.);
#6446 = EDGE_CURVE('',#6439,#6447,#6449,.T.);
#6447 = VERTEX_POINT('',#6448);
#6448 = CARTESIAN_POINT('',(11.012379,24.68684,-5.E-02));
#6449 = CIRCLE('',#6450,2.260467836205);
#6450 = AXIS2_PLACEMENT_3D('',#6451,#6452,#6453);
#6451 = CARTESIAN_POINT('',(13.268004171316,24.538955162894,-5.E-02));
#6452 = DIRECTION('',(0.,0.,1.));
#6453 = DIRECTION('',(-6.540423577262E-02,0.997858850711,0.));
#6454 = ORIENTED_EDGE('',*,*,#6455,.T.);
#6455 = EDGE_CURVE('',#6447,#6456,#6458,.T.);
#6456 = VERTEX_POINT('',#6457);
#6457 = CARTESIAN_POINT('',(11.01,24.539,-5.E-02));
#6458 = LINE('',#6459,#6460);
#6459 = CARTESIAN_POINT('',(11.012379,24.68684,-5.E-02));
#6460 = VECTOR('',#6461,1.);
#6461 = DIRECTION('',(-1.608963776068E-02,-0.9998705534,0.));
#6462 = ORIENTED_EDGE('',*,*,#6463,.T.);
#6463 = EDGE_CURVE('',#6456,#6464,#6466,.T.);
#6464 = VERTEX_POINT('',#6465);
#6465 = CARTESIAN_POINT('',(11.009997,5.006233,-5.E-02));
#6466 = LINE('',#6467,#6468);
#6467 = CARTESIAN_POINT('',(11.01,24.539,-5.E-02));
#6468 = VECTOR('',#6469,1.);
#6469 = DIRECTION('',(-1.535880707291E-07,-1.,0.));
#6470 = ORIENTED_EDGE('',*,*,#6471,.T.);
#6471 = EDGE_CURVE('',#6464,#6472,#6474,.T.);
#6472 = VERTEX_POINT('',#6473);
#6473 = CARTESIAN_POINT('',(11.007479,4.91638,-5.E-02));
#6474 = LINE('',#6475,#6476);
#6475 = CARTESIAN_POINT('',(11.009997,5.006233,-5.E-02));
#6476 = VECTOR('',#6477,1.);
#6477 = DIRECTION('',(-2.801255233466E-02,-0.999607571456,0.));
#6478 = ORIENTED_EDGE('',*,*,#6479,.T.);
#6479 = EDGE_CURVE('',#6472,#6480,#6482,.T.);
#6480 = VERTEX_POINT('',#6481);
#6481 = CARTESIAN_POINT('',(10.29985,4.208776,-5.E-02));
#6482 = CIRCLE('',#6483,0.802526513458);
#6483 = AXIS2_PLACEMENT_3D('',#6484,#6485,#6486);
#6484 = CARTESIAN_POINT('',(10.210001147765,5.006257027082,-5.E-02));
#6485 = DIRECTION('',(0.,0.,-1.));
#6486 = DIRECTION('',(0.993709041212,-0.111992595353,0.));
#6487 = ORIENTED_EDGE('',*,*,#6488,.T.);
#6488 = EDGE_CURVE('',#6480,#6489,#6491,.T.);
#6489 = VERTEX_POINT('',#6490);
#6490 = CARTESIAN_POINT('',(10.209997,4.206233,-5.E-02));
#6491 = LINE('',#6492,#6493);
#6492 = CARTESIAN_POINT('',(10.29985,4.208776,-5.E-02));
#6493 = VECTOR('',#6494,1.);
#6494 = DIRECTION('',(-0.999599745008,-2.829045386971E-02,0.));
#6495 = ORIENTED_EDGE('',*,*,#6496,.T.);
#6496 = EDGE_CURVE('',#6489,#6497,#6499,.T.);
#6497 = VERTEX_POINT('',#6498);
#6498 = CARTESIAN_POINT('',(9.47143,4.206233,-5.E-02));
#6499 = LINE('',#6500,#6501);
#6500 = CARTESIAN_POINT('',(10.209997,4.206233,-5.E-02));
#6501 = VECTOR('',#6502,1.);
#6502 = DIRECTION('',(-1.,0.,0.));
#6503 = ORIENTED_EDGE('',*,*,#6504,.T.);
#6504 = EDGE_CURVE('',#6497,#6505,#6507,.T.);
#6505 = VERTEX_POINT('',#6506);
#6506 = CARTESIAN_POINT('',(9.382064,4.203036,-5.E-02));
#6507 = LINE('',#6508,#6509);
#6508 = CARTESIAN_POINT('',(9.47143,4.206233,-5.E-02));
#6509 = VECTOR('',#6510,1.);
#6510 = DIRECTION('',(-0.999360715719,-3.575136190669E-02,0.));
#6511 = ORIENTED_EDGE('',*,*,#6512,.T.);
#6512 = EDGE_CURVE('',#6505,#6513,#6515,.T.);
#6513 = VERTEX_POINT('',#6514);
#6514 = CARTESIAN_POINT('',(8.680459,3.495624,-5.E-02));
#6515 = CIRCLE('',#6516,0.802534328888);
#6516 = AXIS2_PLACEMENT_3D('',#6517,#6518,#6519);
#6517 = CARTESIAN_POINT('',(9.478001998921,3.406256702197,-5.E-02));
#6518 = DIRECTION('',(0.,0.,1.));
#6519 = DIRECTION('',(-0.119543794536,0.99282892846,0.));
#6520 = ORIENTED_EDGE('',*,*,#6521,.T.);
#6521 = EDGE_CURVE('',#6513,#6522,#6524,.T.);
#6522 = VERTEX_POINT('',#6523);
#6523 = CARTESIAN_POINT('',(8.677999,3.406235,-5.E-02));
#6524 = LINE('',#6525,#6526);
#6525 = CARTESIAN_POINT('',(8.680459,3.495624,-5.E-02));
#6526 = VECTOR('',#6527,1.);
#6527 = DIRECTION('',(-2.750974926072E-02,-0.99962153523,0.));
#6528 = ORIENTED_EDGE('',*,*,#6529,.T.);
#6529 = EDGE_CURVE('',#6522,#6530,#6532,.T.);
#6530 = VERTEX_POINT('',#6531);
#6531 = CARTESIAN_POINT('',(8.677999,-0.662347,-5.E-02));
#6532 = LINE('',#6533,#6534);
#6533 = CARTESIAN_POINT('',(8.677999,3.406235,-5.E-02));
#6534 = VECTOR('',#6535,1.);
#6535 = DIRECTION('',(0.,-1.,0.));
#6536 = ORIENTED_EDGE('',*,*,#6537,.T.);
#6537 = EDGE_CURVE('',#6530,#6538,#6540,.T.);
#6538 = VERTEX_POINT('',#6539);
#6539 = CARTESIAN_POINT('',(8.679716,-0.752653,-5.E-02));
#6540 = LINE('',#6541,#6542);
#6541 = CARTESIAN_POINT('',(8.677999,-0.662347,-5.E-02));
#6542 = VECTOR('',#6543,1.);
#6543 = DIRECTION('',(1.900969744013E-02,-0.999819299375,0.));
#6544 = ORIENTED_EDGE('',*,*,#6545,.T.);
#6545 = EDGE_CURVE('',#6538,#6546,#6548,.T.);
#6546 = VERTEX_POINT('',#6547);
#6547 = CARTESIAN_POINT('',(9.387705,-1.465795,-5.E-02));
#6548 = CIRCLE('',#6549,0.802746518648);
#6549 = AXIS2_PLACEMENT_3D('',#6550,#6551,#6552);
#6550 = CARTESIAN_POINT('',(9.478001699405,-0.668143146572,-5.E-02));
#6551 = DIRECTION('',(0.,0.,1.));
#6552 = DIRECTION('',(-0.994443053767,-0.105275889045,0.));
#6553 = ORIENTED_EDGE('',*,*,#6554,.T.);
#6554 = EDGE_CURVE('',#6546,#6555,#6557,.T.);
#6555 = VERTEX_POINT('',#6556);
#6556 = CARTESIAN_POINT('',(9.477997,-1.468167,-5.E-02));
#6557 = LINE('',#6558,#6559);
#6558 = CARTESIAN_POINT('',(9.387705,-1.465795,-5.E-02));
#6559 = VECTOR('',#6560,1.);
#6560 = DIRECTION('',(0.999655113568,-2.626126267425E-02,0.));
#6561 = ORIENTED_EDGE('',*,*,#6562,.T.);
#6562 = EDGE_CURVE('',#6555,#6563,#6565,.T.);
#6563 = VERTEX_POINT('',#6564);
#6564 = CARTESIAN_POINT('',(10.216564,-1.468167,-5.E-02));
#6565 = LINE('',#6566,#6567);
#6566 = CARTESIAN_POINT('',(9.477997,-1.468167,-5.E-02));
#6567 = VECTOR('',#6568,1.);
#6568 = DIRECTION('',(1.,0.,0.));
#6569 = ORIENTED_EDGE('',*,*,#6570,.T.);
#6570 = EDGE_CURVE('',#6563,#6571,#6573,.T.);
#6571 = VERTEX_POINT('',#6572);
#6572 = CARTESIAN_POINT('',(10.306442,-1.470487,-5.E-02));
#6573 = LINE('',#6574,#6575);
#6574 = CARTESIAN_POINT('',(10.216564,-1.468167,-5.E-02));
#6575 = VECTOR('',#6576,1.);
#6576 = DIRECTION('',(0.999667016884,-2.580417320335E-02,0.));
#6577 = ORIENTED_EDGE('',*,*,#6578,.T.);
#6578 = EDGE_CURVE('',#6571,#6579,#6581,.T.);
#6579 = VERTEX_POINT('',#6580);
#6580 = CARTESIAN_POINT('',(11.014256,-2.178289,-5.E-02));
#6581 = CIRCLE('',#6582,0.802699374735);
#6582 = AXIS2_PLACEMENT_3D('',#6583,#6584,#6585);
#6583 = CARTESIAN_POINT('',(10.216601590514,-2.268142932733,-5.E-02));
#6584 = DIRECTION('',(0.,0.,-1.));
#6585 = DIRECTION('',(0.111922859683,0.993716898055,0.));
#6586 = ORIENTED_EDGE('',*,*,#6587,.T.);
#6587 = EDGE_CURVE('',#6579,#6588,#6590,.T.);
#6588 = VERTEX_POINT('',#6589);
#6589 = CARTESIAN_POINT('',(11.016564,-2.268167,-5.E-02));
#6590 = LINE('',#6591,#6592);
#6591 = CARTESIAN_POINT('',(11.014256,-2.178289,-5.E-02));
#6592 = VECTOR('',#6593,1.);
#6593 = DIRECTION('',(2.567079152571E-02,-0.99967045093,0.));
#6594 = ORIENTED_EDGE('',*,*,#6595,.T.);
#6595 = EDGE_CURVE('',#6588,#6596,#6598,.T.);
#6596 = VERTEX_POINT('',#6597);
#6597 = CARTESIAN_POINT('',(11.016569,-15.296899,-5.E-02));
#6598 = LINE('',#6599,#6600);
#6599 = CARTESIAN_POINT('',(11.016564,-2.268167,-5.E-02));
#6600 = VECTOR('',#6601,1.);
#6601 = DIRECTION('',(3.837672000476E-07,-1.,0.));
#6602 = ORIENTED_EDGE('',*,*,#6603,.T.);
#6603 = EDGE_CURVE('',#6596,#6604,#6606,.T.);
#6604 = VERTEX_POINT('',#6605);
#6605 = CARTESIAN_POINT('',(11.014305,-15.351152,-5.E-02));
#6606 = LINE('',#6607,#6608);
#6607 = CARTESIAN_POINT('',(11.016569,-15.296899,-5.E-02));
#6608 = VECTOR('',#6609,1.);
#6609 = DIRECTION('',(-4.16941233721E-02,-0.999130421955,0.));
#6610 = ORIENTED_EDGE('',*,*,#6611,.T.);
#6611 = EDGE_CURVE('',#6604,#6612,#6614,.T.);
#6612 = VERTEX_POINT('',#6613);
#6613 = CARTESIAN_POINT('',(10.795816,-15.569645,-5.E-02));
#6614 = CIRCLE('',#6615,0.278039407358);
#6615 = AXIS2_PLACEMENT_3D('',#6616,#6617,#6618);
#6616 = CARTESIAN_POINT('',(10.741601435111,-15.29694242759,-5.E-02));
#6617 = DIRECTION('',(0.,0.,-1.));
#6618 = DIRECTION('',(0.980809042433,-0.194970824182,0.));
#6619 = ORIENTED_EDGE('',*,*,#6620,.T.);
#6620 = EDGE_CURVE('',#6612,#6621,#6623,.T.);
#6621 = VERTEX_POINT('',#6622);
#6622 = CARTESIAN_POINT('',(10.741563,-15.571905,-5.E-02));
#6623 = LINE('',#6624,#6625);
#6624 = CARTESIAN_POINT('',(10.795816,-15.569645,-5.E-02));
#6625 = VECTOR('',#6626,1.);
#6626 = DIRECTION('',(-0.999133487966,-4.162058656299E-02,0.));
#6627 = ORIENTED_EDGE('',*,*,#6628,.T.);
#6628 = EDGE_CURVE('',#6621,#6629,#6631,.T.);
#6629 = VERTEX_POINT('',#6630);
#6630 = CARTESIAN_POINT('',(-4.503998,-15.580999,-5.E-02));
#6631 = LINE('',#6632,#6633);
#6632 = CARTESIAN_POINT('',(10.741563,-15.571905,-5.E-02));
#6633 = VECTOR('',#6634,1.);
#6634 = DIRECTION('',(-0.999999822093,-5.965013935607E-04,0.));
#6635 = ORIENTED_EDGE('',*,*,#6636,.T.);
#6636 = EDGE_CURVE('',#6629,#6637,#6639,.T.);
#6637 = VERTEX_POINT('',#6638);
#6638 = CARTESIAN_POINT('',(-4.559822,-15.578661,-5.E-02));
#6639 = LINE('',#6640,#6641);
#6640 = CARTESIAN_POINT('',(-4.503998,-15.580999,-5.E-02));
#6641 = VECTOR('',#6642,1.);
#6642 = DIRECTION('',(-0.999124116722,4.184494455602E-02,0.));
#6643 = ORIENTED_EDGE('',*,*,#6644,.T.);
#6644 = EDGE_CURVE('',#6637,#6645,#6647,.T.);
#6645 = VERTEX_POINT('',#6646);
#6646 = CARTESIAN_POINT('',(-4.784624,-15.353823,-5.E-02));
#6647 = CIRCLE('',#6648,0.286114871047);
#6648 = AXIS2_PLACEMENT_3D('',#6649,#6650,#6651);
#6649 = CARTESIAN_POINT('',(-4.50399879741,-15.29804473267,-5.E-02));
#6650 = DIRECTION('',(0.,0.,-1.));
#6651 = DIRECTION('',(-0.195107658633,-0.980781831776,-0.));
#6652 = ORIENTED_EDGE('',*,*,#6653,.T.);
#6653 = EDGE_CURVE('',#6645,#6654,#6656,.T.);
#6654 = VERTEX_POINT('',#6655);
#6655 = CARTESIAN_POINT('',(-4.787003,-15.297999,-5.E-02));
#6656 = LINE('',#6657,#6658);
#6657 = CARTESIAN_POINT('',(-4.784624,-15.353823,-5.E-02));
#6658 = VECTOR('',#6659,1.);
#6659 = DIRECTION('',(-4.257743356271E-02,0.999093169905,0.));
#6660 = ORIENTED_EDGE('',*,*,#6661,.T.);
#6661 = EDGE_CURVE('',#6654,#6662,#6664,.T.);
#6662 = VERTEX_POINT('',#6663);
#6663 = CARTESIAN_POINT('',(-4.685797,-11.693766,-5.E-02));
#6664 = LINE('',#6665,#6666);
#6665 = CARTESIAN_POINT('',(-4.787003,-15.297999,-5.E-02));
#6666 = VECTOR('',#6667,1.);
#6667 = DIRECTION('',(2.806869713526E-02,0.999605996501,0.));
#6668 = ORIENTED_EDGE('',*,*,#6669,.T.);
#6669 = EDGE_CURVE('',#6662,#6670,#6672,.T.);
#6670 = VERTEX_POINT('',#6671);
#6671 = CARTESIAN_POINT('',(-4.683607,-11.630757,-5.E-02));
#6672 = LINE('',#6673,#6674);
#6673 = CARTESIAN_POINT('',(-4.685797,-11.693766,-5.E-02));
#6674 = VECTOR('',#6675,1.);
#6675 = DIRECTION('',(3.47359645162E-02,0.999396524293,0.));
#6676 = ORIENTED_EDGE('',*,*,#6677,.T.);
#6677 = EDGE_CURVE('',#6670,#6678,#6680,.T.);
#6678 = VERTEX_POINT('',#6679);
#6679 = CARTESIAN_POINT('',(-4.348807,-11.295938,-5.E-02));
#6680 = CIRCLE('',#6681,0.402763591774);
#6681 = AXIS2_PLACEMENT_3D('',#6682,#6683,#6684);
#6682 = CARTESIAN_POINT('',(-4.285798845667,-11.69374257934,-5.E-02));
#6683 = DIRECTION('',(0.,0.,-1.));
#6684 = DIRECTION('',(-0.987696411635,0.156383497986,0.));
#6685 = ORIENTED_EDGE('',*,*,#6686,.T.);
#6686 = EDGE_CURVE('',#6678,#6687,#6689,.T.);
#6687 = VERTEX_POINT('',#6688);
#6688 = CARTESIAN_POINT('',(-4.285798,-11.293766,-5.E-02));
#6689 = LINE('',#6690,#6691);
#6690 = CARTESIAN_POINT('',(-4.348807,-11.295938,-5.E-02));
#6691 = VECTOR('',#6692,1.);
#6692 = DIRECTION('',(0.999406394879,3.445080368959E-02,0.));
#6693 = ORIENTED_EDGE('',*,*,#6694,.T.);
#6694 = EDGE_CURVE('',#6687,#6695,#6697,.T.);
#6695 = VERTEX_POINT('',#6696);
#6696 = CARTESIAN_POINT('',(-2.690004,-11.293766,-5.E-02));
#6697 = LINE('',#6698,#6699);
#6698 = CARTESIAN_POINT('',(-4.285798,-11.293766,-5.E-02));
#6699 = VECTOR('',#6700,1.);
#6700 = DIRECTION('',(1.,0.,0.));
#6701 = ORIENTED_EDGE('',*,*,#6702,.T.);
#6702 = EDGE_CURVE('',#6695,#6703,#6705,.T.);
#6703 = VERTEX_POINT('',#6704);
#6704 = CARTESIAN_POINT('',(-2.627038,-11.291305,-5.E-02));
#6705 = LINE('',#6706,#6707);
#6706 = CARTESIAN_POINT('',(-2.690004,-11.293766,-5.E-02));
#6707 = VECTOR('',#6708,1.);
#6708 = DIRECTION('',(0.999237071573,3.905476659058E-02,0.));
#6709 = ORIENTED_EDGE('',*,*,#6710,.T.);
#6710 = EDGE_CURVE('',#6703,#6711,#6713,.T.);
#6711 = VERTEX_POINT('',#6712);
#6712 = CARTESIAN_POINT('',(-2.292441,-10.956732,-5.E-02));
#6713 = CIRCLE('',#6714,0.402519144778);
#6714 = AXIS2_PLACEMENT_3D('',#6715,#6716,#6717);
#6715 = CARTESIAN_POINT('',(-2.690000757954,-10.89374072466,-5.E-02));
#6716 = DIRECTION('',(0.,0.,1.));
#6717 = DIRECTION('',(0.156421772158,-0.987690350867,0.));
#6718 = ORIENTED_EDGE('',*,*,#6719,.T.);
#6719 = EDGE_CURVE('',#6711,#6720,#6722,.T.);
#6720 = VERTEX_POINT('',#6721);
#6721 = CARTESIAN_POINT('',(-2.290004,-10.893766,-5.E-02));
#6722 = LINE('',#6723,#6724);
#6723 = CARTESIAN_POINT('',(-2.292441,-10.956732,-5.E-02));
#6724 = VECTOR('',#6725,1.);
#6725 = DIRECTION('',(3.867447177129E-02,0.999251862762,0.));
#6726 = ORIENTED_EDGE('',*,*,#6727,.T.);
#6727 = EDGE_CURVE('',#6720,#6728,#6730,.T.);
#6728 = VERTEX_POINT('',#6729);
#6729 = CARTESIAN_POINT('',(-2.290004,-7.693766,-5.E-02));
#6730 = LINE('',#6731,#6732);
#6731 = CARTESIAN_POINT('',(-2.290004,-10.893766,-5.E-02));
#6732 = VECTOR('',#6733,1.);
#6733 = DIRECTION('',(0.,1.,0.));
#6734 = ORIENTED_EDGE('',*,*,#6735,.T.);
#6735 = EDGE_CURVE('',#6728,#6736,#6738,.T.);
#6736 = VERTEX_POINT('',#6737);
#6737 = CARTESIAN_POINT('',(-2.292194,-7.630758,-5.E-02));
#6738 = LINE('',#6739,#6740);
#6739 = CARTESIAN_POINT('',(-2.290004,-7.693766,-5.E-02));
#6740 = VECTOR('',#6741,1.);
#6741 = DIRECTION('',(-3.473651514552E-02,0.999396505155,0.));
#6742 = ORIENTED_EDGE('',*,*,#6743,.T.);
#6743 = EDGE_CURVE('',#6736,#6744,#6746,.T.);
#6744 = VERTEX_POINT('',#6745);
#6745 = CARTESIAN_POINT('',(-2.626996,-7.295942,-5.E-02));
#6746 = CIRCLE('',#6747,0.402758011124);
#6747 = AXIS2_PLACEMENT_3D('',#6748,#6749,#6750);
#6748 = CARTESIAN_POINT('',(-2.689996737794,-7.693742103773,-5.E-02));
#6749 = DIRECTION('',(0.,0.,1.));
#6750 = DIRECTION('',(0.987696648625,0.156382001185,-0.));
#6751 = ORIENTED_EDGE('',*,*,#6752,.T.);
#6752 = EDGE_CURVE('',#6744,#6753,#6755,.T.);
#6753 = VERTEX_POINT('',#6754);
#6754 = CARTESIAN_POINT('',(-2.690004,-7.293766,-5.E-02));
#6755 = LINE('',#6756,#6757);
#6756 = CARTESIAN_POINT('',(-2.626996,-7.295942,-5.E-02));
#6757 = VECTOR('',#6758,1.);
#6758 = DIRECTION('',(-0.999404189535,3.451472061372E-02,0.));
#6759 = ORIENTED_EDGE('',*,*,#6760,.T.);
#6760 = EDGE_CURVE('',#6753,#6761,#6763,.T.);
#6761 = VERTEX_POINT('',#6762);
#6762 = CARTESIAN_POINT('',(-4.155798,-7.293765,-5.E-02));
#6763 = LINE('',#6764,#6765);
#6764 = CARTESIAN_POINT('',(-2.690004,-7.293766,-5.E-02));
#6765 = VECTOR('',#6766,1.);
#6766 = DIRECTION('',(-1.,6.82224105256E-07,0.));
#6767 = ORIENTED_EDGE('',*,*,#6768,.T.);
#6768 = EDGE_CURVE('',#6761,#6769,#6771,.T.);
#6769 = VERTEX_POINT('',#6770);
#6770 = CARTESIAN_POINT('',(-4.218763,-7.291303,-5.E-02));
#6771 = LINE('',#6772,#6773);
#6772 = CARTESIAN_POINT('',(-4.155798,-7.293765,-5.E-02));
#6773 = VECTOR('',#6774,1.);
#6774 = DIRECTION('',(-0.999236427917,3.907123140683E-02,0.));
#6775 = ORIENTED_EDGE('',*,*,#6776,.T.);
#6776 = EDGE_CURVE('',#6769,#6777,#6779,.T.);
#6777 = VERTEX_POINT('',#6778);
#6778 = CARTESIAN_POINT('',(-4.553354,-6.95673,-5.E-02));
#6779 = CIRCLE('',#6780,0.402515611276);
#6780 = AXIS2_PLACEMENT_3D('',#6781,#6782,#6783);
#6781 = CARTESIAN_POINT('',(-4.155797175858,-6.893742787817,-5.E-02));
#6782 = DIRECTION('',(0.,0.,-1.));
#6783 = DIRECTION('',(-0.156430762879,-0.987688926953,-0.));
#6784 = ORIENTED_EDGE('',*,*,#6785,.T.);
#6785 = EDGE_CURVE('',#6777,#6786,#6788,.T.);
#6786 = VERTEX_POINT('',#6787);
#6787 = CARTESIAN_POINT('',(-4.555798,-6.893765,-5.E-02));
#6788 = LINE('',#6789,#6790);
#6789 = CARTESIAN_POINT('',(-4.553354,-6.95673,-5.E-02));
#6790 = VECTOR('',#6791,1.);
#6791 = DIRECTION('',(-3.878600789361E-02,0.999247539698,0.));
#6792 = ORIENTED_EDGE('',*,*,#6793,.T.);
#6793 = EDGE_CURVE('',#6786,#6794,#6796,.T.);
#6794 = VERTEX_POINT('',#6795);
#6795 = CARTESIAN_POINT('',(-4.130003,8.606234,-5.E-02));
#6796 = LINE('',#6797,#6798);
#6797 = CARTESIAN_POINT('',(-4.555798,-6.893765,-5.E-02));
#6798 = VECTOR('',#6799,1.);
#6799 = DIRECTION('',(2.746028762071E-02,0.999622895198,0.));
#6800 = ORIENTED_EDGE('',*,*,#6801,.T.);
#6801 = EDGE_CURVE('',#6794,#6802,#6804,.T.);
#6802 = VERTEX_POINT('',#6803);
#6803 = CARTESIAN_POINT('',(-4.127813,8.669243,-5.E-02));
#6804 = LINE('',#6805,#6806);
#6805 = CARTESIAN_POINT('',(-4.130003,8.606234,-5.E-02));
#6806 = VECTOR('',#6807,1.);
#6807 = DIRECTION('',(3.473596451622E-02,0.999396524293,0.));
#6808 = ORIENTED_EDGE('',*,*,#6809,.T.);
#6809 = EDGE_CURVE('',#6802,#6810,#6812,.T.);
#6810 = VERTEX_POINT('',#6811);
#6811 = CARTESIAN_POINT('',(-3.793013,9.004068,-5.E-02));
#6812 = CIRCLE('',#6813,0.402773115581);
#6813 = AXIS2_PLACEMENT_3D('',#6814,#6815,#6816);
#6814 = CARTESIAN_POINT('',(-3.72999554674,8.606255251059,-5.E-02));
#6815 = DIRECTION('',(0.,0.,-1.));
#6816 = DIRECTION('',(-0.987696144233,0.156385186856,0.));
#6817 = ORIENTED_EDGE('',*,*,#6818,.T.);
#6818 = EDGE_CURVE('',#6810,#6819,#6821,.T.);
#6819 = VERTEX_POINT('',#6820);
#6820 = CARTESIAN_POINT('',(-3.730004,9.006234,-5.E-02));
#6821 = LINE('',#6822,#6823);
#6822 = CARTESIAN_POINT('',(-3.793013,9.004068,-5.E-02));
#6823 = VECTOR('',#6824,1.);
#6824 = DIRECTION('',(0.999409667036,3.435574820738E-02,0.));
#6825 = ORIENTED_EDGE('',*,*,#6826,.T.);
#6826 = EDGE_CURVE('',#6819,#6827,#6829,.T.);
#6827 = VERTEX_POINT('',#6828);
#6828 = CARTESIAN_POINT('',(-2.690004,9.006234,-5.E-02));
#6829 = LINE('',#6830,#6831);
#6830 = CARTESIAN_POINT('',(-3.730004,9.006234,-5.E-02));
#6831 = VECTOR('',#6832,1.);
#6832 = DIRECTION('',(1.,0.,0.));
#6833 = ORIENTED_EDGE('',*,*,#6834,.T.);
#6834 = EDGE_CURVE('',#6827,#6835,#6837,.T.);
#6835 = VERTEX_POINT('',#6836);
#6836 = CARTESIAN_POINT('',(-2.627038,9.008695,-5.E-02));
#6837 = LINE('',#6838,#6839);
#6838 = CARTESIAN_POINT('',(-2.690004,9.006234,-5.E-02));
#6839 = VECTOR('',#6840,1.);
#6840 = DIRECTION('',(0.999237071573,3.905476659058E-02,0.));
#6841 = ORIENTED_EDGE('',*,*,#6842,.T.);
#6842 = EDGE_CURVE('',#6835,#6843,#6845,.T.);
#6843 = VERTEX_POINT('',#6844);
#6844 = CARTESIAN_POINT('',(-2.292441,9.343268,-5.E-02));
#6845 = CIRCLE('',#6846,0.402519144778);
#6846 = AXIS2_PLACEMENT_3D('',#6847,#6848,#6849);
#6847 = CARTESIAN_POINT('',(-2.690000757954,9.406259275336,-5.E-02));
#6848 = DIRECTION('',(0.,0.,1.));
#6849 = DIRECTION('',(0.156421772158,-0.987690350867,0.));
#6850 = ORIENTED_EDGE('',*,*,#6851,.T.);
#6851 = EDGE_CURVE('',#6843,#6852,#6854,.T.);
#6852 = VERTEX_POINT('',#6853);
#6853 = CARTESIAN_POINT('',(-2.290004,9.406234,-5.E-02));
#6854 = LINE('',#6855,#6856);
#6855 = CARTESIAN_POINT('',(-2.292441,9.343268,-5.E-02));
#6856 = VECTOR('',#6857,1.);
#6857 = DIRECTION('',(3.867447177129E-02,0.999251862762,0.));
#6858 = ORIENTED_EDGE('',*,*,#6859,.T.);
#6859 = EDGE_CURVE('',#6852,#6860,#6862,.T.);
#6860 = VERTEX_POINT('',#6861);
#6861 = CARTESIAN_POINT('',(-2.290022,12.606234,-5.E-02));
#6862 = LINE('',#6863,#6864);
#6863 = CARTESIAN_POINT('',(-2.290004,9.406234,-5.E-02));
#6864 = VECTOR('',#6865,1.);
#6865 = DIRECTION('',(-5.624999999865E-06,0.999999999984,0.));
#6866 = ORIENTED_EDGE('',*,*,#6867,.T.);
#6867 = EDGE_CURVE('',#6860,#6868,#6870,.T.);
#6868 = VERTEX_POINT('',#6869);
#6869 = CARTESIAN_POINT('',(-2.292212,12.66924,-5.E-02));
#6870 = LINE('',#6871,#6872);
#6871 = CARTESIAN_POINT('',(-2.290022,12.606234,-5.E-02));
#6872 = VECTOR('',#6873,1.);
#6873 = DIRECTION('',(-3.473761645648E-02,0.999396466875,0.));
#6874 = ORIENTED_EDGE('',*,*,#6875,.T.);
#6875 = EDGE_CURVE('',#6868,#6876,#6878,.T.);
#6876 = VERTEX_POINT('',#6877);
#6877 = CARTESIAN_POINT('',(-2.626998,13.004041,-5.E-02));
#6878 = CIRCLE('',#6879,0.402743748546);
#6879 = AXIS2_PLACEMENT_3D('',#6880,#6881,#6882);
#6880 = CARTESIAN_POINT('',(-2.690000246774,12.606255575563,-5.E-02));
#6881 = DIRECTION('',(0.,0.,1.));
#6882 = DIRECTION('',(0.987695645705,0.156388335422,-0.));
#6883 = ORIENTED_EDGE('',*,*,#6884,.T.);
#6884 = EDGE_CURVE('',#6876,#6885,#6887,.T.);
#6885 = VERTEX_POINT('',#6886);
#6886 = CARTESIAN_POINT('',(-2.690004,13.006234,-5.E-02));
#6887 = LINE('',#6888,#6889);
#6888 = CARTESIAN_POINT('',(-2.626998,13.004041,-5.E-02));
#6889 = VECTOR('',#6890,1.);
#6890 = DIRECTION('',(-0.999394813729,3.478514469267E-02,0.));
#6891 = ORIENTED_EDGE('',*,*,#6892,.T.);
#6892 = EDGE_CURVE('',#6885,#6893,#6895,.T.);
#6893 = VERTEX_POINT('',#6894);
#6894 = CARTESIAN_POINT('',(-3.590004,13.006234,-5.E-02));
#6895 = LINE('',#6896,#6897);
#6896 = CARTESIAN_POINT('',(-2.690004,13.006234,-5.E-02));
#6897 = VECTOR('',#6898,1.);
#6898 = DIRECTION('',(-1.,0.,0.));
#6899 = ORIENTED_EDGE('',*,*,#6900,.T.);
#6900 = EDGE_CURVE('',#6893,#6901,#6903,.T.);
#6901 = VERTEX_POINT('',#6902);
#6902 = CARTESIAN_POINT('',(-3.652968,13.008697,-5.E-02));
#6903 = LINE('',#6904,#6905);
#6904 = CARTESIAN_POINT('',(-3.590004,13.006234,-5.E-02));
#6905 = VECTOR('',#6906,1.);
#6906 = DIRECTION('',(-0.99923578397,3.908769671428E-02,0.));
#6907 = ORIENTED_EDGE('',*,*,#6908,.T.);
#6908 = EDGE_CURVE('',#6901,#6909,#6911,.T.);
#6909 = VERTEX_POINT('',#6910);
#6910 = CARTESIAN_POINT('',(-3.987555,13.34327,-5.E-02));
#6911 = CIRCLE('',#6912,0.402514254188);
#6912 = AXIS2_PLACEMENT_3D('',#6913,#6914,#6915);
#6913 = CARTESIAN_POINT('',(-3.589999258989,13.406255376192,-5.E-02));
#6914 = DIRECTION('',(0.,0.,-1.));
#6915 = DIRECTION('',(-0.15643853691,-0.987687695666,-0.));
#6916 = ORIENTED_EDGE('',*,*,#6917,.T.);
#6917 = EDGE_CURVE('',#6909,#6918,#6920,.T.);
#6918 = VERTEX_POINT('',#6919);
#6919 = CARTESIAN_POINT('',(-3.990004,13.406234,-5.E-02));
#6920 = LINE('',#6921,#6922);
#6921 = CARTESIAN_POINT('',(-3.987555,13.34327,-5.E-02));
#6922 = VECTOR('',#6923,1.);
#6923 = DIRECTION('',(-3.886585393008E-02,0.999244437262,0.));
#6924 = ORIENTED_EDGE('',*,*,#6925,.T.);
#6925 = EDGE_CURVE('',#6918,#6926,#6928,.T.);
#6926 = VERTEX_POINT('',#6927);
#6927 = CARTESIAN_POINT('',(-3.476452,31.936457,-5.E-02));
#6928 = LINE('',#6929,#6930);
#6929 = CARTESIAN_POINT('',(-3.990004,13.406234,-5.E-02));
#6930 = VECTOR('',#6931,1.);
#6931 = DIRECTION('',(2.770365410771E-02,0.999616180116,0.));
#6932 = ORIENTED_EDGE('',*,*,#6933,.T.);
#6933 = EDGE_CURVE('',#6926,#6934,#6936,.T.);
#6934 = VERTEX_POINT('',#6935);
#6935 = CARTESIAN_POINT('',(-3.474463,31.980634,-5.E-02));
#6936 = LINE('',#6937,#6938);
#6937 = CARTESIAN_POINT('',(-3.476452,31.936457,-5.E-02));
#6938 = VECTOR('',#6939,1.);
#6939 = DIRECTION('',(4.49778640412E-02,0.998987983785,0.));
#6940 = ORIENTED_EDGE('',*,*,#6941,.T.);
#6941 = EDGE_CURVE('',#6934,#6942,#6944,.T.);
#6942 = VERTEX_POINT('',#6943);
#6943 = CARTESIAN_POINT('',(-3.441459,32.062592,-5.E-02));
#6944 = LINE('',#6945,#6946);
#6945 = CARTESIAN_POINT('',(-3.474463,31.980634,-5.E-02));
#6946 = VECTOR('',#6947,1.);
#6947 = DIRECTION('',(0.373544026783,0.927612451434,0.));
#6948 = ORIENTED_EDGE('',*,*,#6949,.T.);
#6949 = EDGE_CURVE('',#6942,#6950,#6952,.T.);
#6950 = VERTEX_POINT('',#6951);
#6951 = CARTESIAN_POINT('',(-3.380229,32.126289,-5.E-02));
#6952 = LINE('',#6953,#6954);
#6953 = CARTESIAN_POINT('',(-3.441459,32.062592,-5.E-02));
#6954 = VECTOR('',#6955,1.);
#6955 = DIRECTION('',(0.693008055715,0.720929840354,0.));
#6956 = ORIENTED_EDGE('',*,*,#6957,.T.);
#6957 = EDGE_CURVE('',#6950,#6958,#6960,.T.);
#6958 = VERTEX_POINT('',#6959);
#6959 = CARTESIAN_POINT('',(-3.340763,32.146243,-5.E-02));
#6960 = LINE('',#6961,#6962);
#6961 = CARTESIAN_POINT('',(-3.380229,32.126289,-5.E-02));
#6962 = VECTOR('',#6963,1.);
#6963 = DIRECTION('',(0.892419323775,0.451206993022,0.));
#6964 = ORIENTED_EDGE('',*,*,#6965,.T.);
#6965 = EDGE_CURVE('',#6958,#6966,#6968,.T.);
#6966 = VERTEX_POINT('',#6967);
#6967 = CARTESIAN_POINT('',(15.397997,32.159,-5.E-02));
#6968 = LINE('',#6969,#6970);
#6969 = CARTESIAN_POINT('',(-3.340763,32.146243,-5.E-02));
#6970 = VECTOR('',#6971,1.);
#6971 = DIRECTION('',(0.999999768268,6.807812813548E-04,0.));
#6972 = ORIENTED_EDGE('',*,*,#6973,.T.);
#6973 = EDGE_CURVE('',#6966,#6974,#6976,.T.);
#6974 = VERTEX_POINT('',#6975);
#6975 = CARTESIAN_POINT('',(15.457074,32.156793,-5.E-02));
#6976 = LINE('',#6977,#6978);
#6977 = CARTESIAN_POINT('',(15.397997,32.159,-5.E-02));
#6978 = VECTOR('',#6979,1.);
#6979 = DIRECTION('',(0.999302918573,-3.733198268851E-02,0.));
#6980 = ORIENTED_EDGE('',*,*,#6981,.T.);
#6981 = EDGE_CURVE('',#6974,#6982,#6984,.T.);
#6982 = VERTEX_POINT('',#6983);
#6983 = CARTESIAN_POINT('',(15.693385,31.918147,-5.E-02));
#6984 = CIRCLE('',#6985,0.298346637234);
#6985 = AXIS2_PLACEMENT_3D('',#6986,#6987,#6988);
#6986 = CARTESIAN_POINT('',(15.400001172884,31.863956171111,-5.E-02));
#6987 = DIRECTION('',(0.,0.,-1.));
#6988 = DIRECTION('',(0.191297035036,0.981532192231,0.));
#6989 = ORIENTED_EDGE('',*,*,#6990,.T.);
#6990 = EDGE_CURVE('',#6982,#6991,#6993,.T.);
#6991 = VERTEX_POINT('',#6992);
#6992 = CARTESIAN_POINT('',(15.694962,31.859052,-5.E-02));
#6993 = LINE('',#6994,#6995);
#6994 = CARTESIAN_POINT('',(15.693385,31.918147,-5.E-02));
#6995 = VECTOR('',#6996,1.);
#6996 = DIRECTION('',(2.667634794523E-02,-0.999644122906,0.));
#6997 = ORIENTED_EDGE('',*,*,#6998,.T.);
#6998 = EDGE_CURVE('',#6991,#6999,#7001,.T.);
#6999 = VERTEX_POINT('',#7000);
#7000 = CARTESIAN_POINT('',(35.704997,31.863957,-5.E-02));
#7001 = LINE('',#7002,#7003);
#7002 = CARTESIAN_POINT('',(15.694962,31.859052,-5.E-02));
#7003 = VECTOR('',#7004,1.);
#7004 = DIRECTION('',(0.999999969956,2.451270001595E-04,0.));
#7005 = ORIENTED_EDGE('',*,*,#7006,.T.);
#7006 = EDGE_CURVE('',#6999,#7007,#7009,.T.);
#7007 = VERTEX_POINT('',#7008);
#7008 = CARTESIAN_POINT('',(35.707831,31.922073,-5.E-02));
#7009 = LINE('',#7010,#7011);
#7010 = CARTESIAN_POINT('',(35.704997,31.863957,-5.E-02));
#7011 = VECTOR('',#7012,1.);
#7012 = DIRECTION('',(4.870666252991E-02,0.998813126178,0.));
#7013 = ORIENTED_EDGE('',*,*,#7014,.T.);
#7014 = EDGE_CURVE('',#7007,#7015,#7017,.T.);
#7015 = VERTEX_POINT('',#7016);
#7016 = CARTESIAN_POINT('',(35.941881,32.156127,-5.E-02));
#7017 = CIRCLE('',#7018,0.297897501579);
#7018 = AXIS2_PLACEMENT_3D('',#7019,#7020,#7021);
#7019 = CARTESIAN_POINT('',(36.000004223835,31.863954769461,-5.E-02));
#7020 = DIRECTION('',(0.,0.,-1.));
#7021 = DIRECTION('',(-0.980784404992,0.195094722952,0.));
#7022 = ORIENTED_EDGE('',*,*,#7023,.T.);
#7023 = EDGE_CURVE('',#7015,#7024,#7026,.T.);
#7024 = VERTEX_POINT('',#7025);
#7025 = CARTESIAN_POINT('',(35.999997,32.159001,-5.E-02));
#7026 = LINE('',#7027,#7028);
#7027 = CARTESIAN_POINT('',(35.941881,32.156127,-5.E-02));
#7028 = VECTOR('',#7029,1.);
#7029 = DIRECTION('',(0.998779447635,4.939245874647E-02,0.));
#7030 = ORIENTED_EDGE('',*,*,#7031,.T.);
#7031 = EDGE_CURVE('',#7024,#7032,#7034,.T.);
#7032 = VERTEX_POINT('',#7033);
#7033 = CARTESIAN_POINT('',(42.003063,32.169,-5.E-02));
#7034 = LINE('',#7035,#7036);
#7035 = CARTESIAN_POINT('',(35.999997,32.159001,-5.E-02));
#7036 = VECTOR('',#7037,1.);
#7037 = DIRECTION('',(0.99999861281,1.665646542863E-03,0.));
#7038 = ORIENTED_EDGE('',*,*,#7039,.T.);
#7039 = EDGE_CURVE('',#7032,#7040,#7042,.T.);
#7040 = VERTEX_POINT('',#7041);
#7041 = CARTESIAN_POINT('',(42.003063,28.9,-5.E-02));
#7042 = LINE('',#7043,#7044);
#7043 = CARTESIAN_POINT('',(42.003063,32.169,-5.E-02));
#7044 = VECTOR('',#7045,1.);
#7045 = DIRECTION('',(0.,-1.,0.));
#7046 = ORIENTED_EDGE('',*,*,#7047,.T.);
#7047 = EDGE_CURVE('',#7040,#5985,#7048,.T.);
#7048 = LINE('',#7049,#7050);
#7049 = CARTESIAN_POINT('',(42.003063,28.9,-5.E-02));
#7050 = VECTOR('',#7051,1.);
#7051 = DIRECTION('',(1.453604524198E-02,-0.999894346113,0.));
#7052 = FACE_BOUND('',#7053,.T.);
#7053 = EDGE_LOOP('',(#7054));
#7054 = ORIENTED_EDGE('',*,*,#7055,.T.);
#7055 = EDGE_CURVE('',#7056,#7056,#7058,.T.);
#7056 = VERTEX_POINT('',#7057);
#7057 = CARTESIAN_POINT('',(8.522251,-3.568766,-5.E-02));
#7058 = CIRCLE('',#7059,0.237255);
#7059 = AXIS2_PLACEMENT_3D('',#7060,#7061,#7062);
#7060 = CARTESIAN_POINT('',(8.284996,-3.568766,-5.E-02));
#7061 = DIRECTION('',(0.,0.,1.));
#7062 = DIRECTION('',(1.,0.,-0.));
#7063 = FACE_BOUND('',#7064,.T.);
#7064 = EDGE_LOOP('',(#7065,#7075,#7084));
#7065 = ORIENTED_EDGE('',*,*,#7066,.T.);
#7066 = EDGE_CURVE('',#7067,#7069,#7071,.T.);
#7067 = VERTEX_POINT('',#7068);
#7068 = CARTESIAN_POINT('',(3.,-0.,-5.E-02));
#7069 = VERTEX_POINT('',#7070);
#7070 = CARTESIAN_POINT('',(2.997462,0.174582,-5.E-02));
#7071 = LINE('',#7072,#7073);
#7072 = CARTESIAN_POINT('',(3.,-0.,-5.E-02));
#7073 = VECTOR('',#7074,1.);
#7074 = DIRECTION('',(-1.453604524198E-02,0.999894346113,0.));
#7075 = ORIENTED_EDGE('',*,*,#7076,.T.);
#7076 = EDGE_CURVE('',#7069,#7077,#7079,.T.);
#7077 = VERTEX_POINT('',#7078);
#7078 = CARTESIAN_POINT('',(2.997462,-0.174582,-5.E-02));
#7079 = CIRCLE('',#7080,3.002545265835);
#7080 = AXIS2_PLACEMENT_3D('',#7081,#7082,#7083);
#7081 = CARTESIAN_POINT('',(-3.462463457177E-06,7.020290006749E-15,
    -5.E-02));
#7082 = DIRECTION('',(0.,0.,1.));
#7083 = DIRECTION('',(0.998308167597,5.814466878702E-02,-0.));
#7084 = ORIENTED_EDGE('',*,*,#7085,.T.);
#7085 = EDGE_CURVE('',#7077,#7067,#7086,.T.);
#7086 = LINE('',#7087,#7088);
#7087 = CARTESIAN_POINT('',(2.997462,-0.174582,-5.E-02));
#7088 = VECTOR('',#7089,1.);
#7089 = DIRECTION('',(1.453604524198E-02,0.999894346113,0.));
#7090 = FACE_BOUND('',#7091,.T.);
#7091 = EDGE_LOOP('',(#7092,#7102,#7111));
#7092 = ORIENTED_EDGE('',*,*,#7093,.T.);
#7093 = EDGE_CURVE('',#7094,#7096,#7098,.T.);
#7094 = VERTEX_POINT('',#7095);
#7095 = CARTESIAN_POINT('',(51.003063,1.9,-5.E-02));
#7096 = VERTEX_POINT('',#7097);
#7097 = CARTESIAN_POINT('',(51.000525,2.074582,-5.E-02));
#7098 = LINE('',#7099,#7100);
#7099 = CARTESIAN_POINT('',(51.003063,1.9,-5.E-02));
#7100 = VECTOR('',#7101,1.);
#7101 = DIRECTION('',(-1.453604524194E-02,0.999894346113,0.));
#7102 = ORIENTED_EDGE('',*,*,#7103,.T.);
#7103 = EDGE_CURVE('',#7096,#7104,#7106,.T.);
#7104 = VERTEX_POINT('',#7105);
#7105 = CARTESIAN_POINT('',(51.000525,1.725418,-5.E-02));
#7106 = CIRCLE('',#7107,3.002545265835);
#7107 = AXIS2_PLACEMENT_3D('',#7108,#7109,#7110);
#7108 = CARTESIAN_POINT('',(48.003059537537,1.9,-5.E-02));
#7109 = DIRECTION('',(0.,0.,1.));
#7110 = DIRECTION('',(0.998308167597,5.814466878702E-02,-0.));
#7111 = ORIENTED_EDGE('',*,*,#7112,.T.);
#7112 = EDGE_CURVE('',#7104,#7094,#7113,.T.);
#7113 = LINE('',#7114,#7115);
#7114 = CARTESIAN_POINT('',(51.000525,1.725418,-5.E-02));
#7115 = VECTOR('',#7116,1.);
#7116 = DIRECTION('',(1.453604524194E-02,0.999894346113,0.));
#7117 = FACE_BOUND('',#7118,.T.);
#7118 = EDGE_LOOP('',(#7119));
#7119 = ORIENTED_EDGE('',*,*,#7120,.T.);
#7120 = EDGE_CURVE('',#7121,#7121,#7123,.T.);
#7121 = VERTEX_POINT('',#7122);
#7122 = CARTESIAN_POINT('',(9.972251,6.731234,-5.E-02));
#7123 = CIRCLE('',#7124,0.237255);
#7124 = AXIS2_PLACEMENT_3D('',#7125,#7126,#7127);
#7125 = CARTESIAN_POINT('',(9.734996,6.731234,-5.E-02));
#7126 = DIRECTION('',(0.,0.,1.));
#7127 = DIRECTION('',(1.,0.,-0.));
#7128 = FACE_BOUND('',#7129,.T.);
#7129 = EDGE_LOOP('',(#7130));
#7130 = ORIENTED_EDGE('',*,*,#7131,.T.);
#7131 = EDGE_CURVE('',#7132,#7132,#7134,.T.);
#7132 = VERTEX_POINT('',#7133);
#7133 = CARTESIAN_POINT('',(42.452254,6.781199,-5.E-02));
#7134 = CIRCLE('',#7135,0.237255);
#7135 = AXIS2_PLACEMENT_3D('',#7136,#7137,#7138);
#7136 = CARTESIAN_POINT('',(42.214999,6.781199,-5.E-02));
#7137 = DIRECTION('',(0.,0.,1.));
#7138 = DIRECTION('',(1.,0.,-0.));
#7139 = FACE_BOUND('',#7140,.T.);
#7140 = EDGE_LOOP('',(#7141,#7152,#7160,#7168,#7176,#7185,#7193,#7201,
    #7209,#7218,#7226,#7234,#7242,#7251,#7259,#7267));
#7141 = ORIENTED_EDGE('',*,*,#7142,.T.);
#7142 = EDGE_CURVE('',#7143,#7145,#7147,.T.);
#7143 = VERTEX_POINT('',#7144);
#7144 = CARTESIAN_POINT('',(49.987576,24.069165,-5.E-02));
#7145 = VERTEX_POINT('',#7146);
#7146 = CARTESIAN_POINT('',(49.652966,24.403738,-5.E-02));
#7147 = CIRCLE('',#7148,0.402534789266);
#7148 = AXIS2_PLACEMENT_3D('',#7149,#7150,#7151);
#7149 = CARTESIAN_POINT('',(49.590002903822,24.006157938768,-5.E-02));
#7150 = DIRECTION('',(0.,0.,1.));
#7151 = DIRECTION('',(0.987673877586,0.156525753579,-0.));
#7152 = ORIENTED_EDGE('',*,*,#7153,.T.);
#7153 = EDGE_CURVE('',#7145,#7154,#7156,.T.);
#7154 = VERTEX_POINT('',#7155);
#7155 = CARTESIAN_POINT('',(49.589999,24.406199,-5.E-02));
#7156 = LINE('',#7157,#7158);
#7157 = CARTESIAN_POINT('',(49.652966,24.403738,-5.E-02));
#7158 = VECTOR('',#7159,1.);
#7159 = DIRECTION('',(-0.999237095778,3.905414729478E-02,0.));
#7160 = ORIENTED_EDGE('',*,*,#7161,.T.);
#7161 = EDGE_CURVE('',#7154,#7162,#7164,.T.);
#7162 = VERTEX_POINT('',#7163);
#7163 = CARTESIAN_POINT('',(46.389999,24.406199,-5.E-02));
#7164 = LINE('',#7165,#7166);
#7165 = CARTESIAN_POINT('',(49.589999,24.406199,-5.E-02));
#7166 = VECTOR('',#7167,1.);
#7167 = DIRECTION('',(-1.,0.,0.));
#7168 = ORIENTED_EDGE('',*,*,#7169,.T.);
#7169 = EDGE_CURVE('',#7162,#7170,#7172,.T.);
#7170 = VERTEX_POINT('',#7171);
#7171 = CARTESIAN_POINT('',(46.327039,24.403697,-5.E-02));
#7172 = LINE('',#7173,#7174);
#7173 = CARTESIAN_POINT('',(46.389999,24.406199,-5.E-02));
#7174 = VECTOR('',#7175,1.);
#7175 = DIRECTION('',(-0.999211319396,-3.970817536735E-02,0.));
#7176 = ORIENTED_EDGE('',*,*,#7177,.T.);
#7177 = EDGE_CURVE('',#7170,#7178,#7180,.T.);
#7178 = VERTEX_POINT('',#7179);
#7179 = CARTESIAN_POINT('',(45.992468,24.069158,-5.E-02));
#7180 = CIRCLE('',#7181,0.402495793953);
#7181 = AXIS2_PLACEMENT_3D('',#7182,#7183,#7184);
#7182 = CARTESIAN_POINT('',(46.390002492837,24.006156482921,-5.E-02));
#7183 = DIRECTION('',(0.,0.,1.));
#7184 = DIRECTION('',(-0.156432672796,0.987688624457,0.));
#7185 = ORIENTED_EDGE('',*,*,#7186,.T.);
#7186 = EDGE_CURVE('',#7178,#7187,#7189,.T.);
#7187 = VERTEX_POINT('',#7188);
#7188 = CARTESIAN_POINT('',(45.99,24.006199,-5.E-02));
#7189 = LINE('',#7190,#7191);
#7190 = CARTESIAN_POINT('',(45.992468,24.069158,-5.E-02));
#7191 = VECTOR('',#7192,1.);
#7192 = DIRECTION('',(-3.917003061922E-02,-0.999232559868,0.));
#7193 = ORIENTED_EDGE('',*,*,#7194,.T.);
#7194 = EDGE_CURVE('',#7187,#7195,#7197,.T.);
#7195 = VERTEX_POINT('',#7196);
#7196 = CARTESIAN_POINT('',(45.989999,22.006199,-5.E-02));
#7197 = LINE('',#7198,#7199);
#7198 = CARTESIAN_POINT('',(45.99,24.006199,-5.E-02));
#7199 = VECTOR('',#7200,1.);
#7200 = DIRECTION('',(-5.000000022903E-07,-1.,0.));
#7201 = ORIENTED_EDGE('',*,*,#7202,.T.);
#7202 = EDGE_CURVE('',#7195,#7203,#7205,.T.);
#7203 = VERTEX_POINT('',#7204);
#7204 = CARTESIAN_POINT('',(45.992231,21.943195,-5.E-02));
#7205 = LINE('',#7206,#7207);
#7206 = CARTESIAN_POINT('',(45.989999,22.006199,-5.E-02));
#7207 = VECTOR('',#7208,1.);
#7208 = DIRECTION('',(3.540411259364E-02,-0.99937307789,0.));
#7209 = ORIENTED_EDGE('',*,*,#7210,.T.);
#7210 = EDGE_CURVE('',#7203,#7211,#7213,.T.);
#7211 = VERTEX_POINT('',#7212);
#7212 = CARTESIAN_POINT('',(46.326998,21.608393,-5.E-02));
#7213 = CIRCLE('',#7214,0.402724163843);
#7214 = AXIS2_PLACEMENT_3D('',#7215,#7216,#7217);
#7215 = CARTESIAN_POINT('',(46.390002779143,22.006158194491,-5.E-02));
#7216 = DIRECTION('',(0.,0.,1.));
#7217 = DIRECTION('',(-0.987702787305,-0.156343224827,0.));
#7218 = ORIENTED_EDGE('',*,*,#7219,.T.);
#7219 = EDGE_CURVE('',#7211,#7220,#7222,.T.);
#7220 = VERTEX_POINT('',#7221);
#7221 = CARTESIAN_POINT('',(46.390002,21.606199,-5.E-02));
#7222 = LINE('',#7223,#7224);
#7223 = CARTESIAN_POINT('',(46.326998,21.608393,-5.E-02));
#7224 = VECTOR('',#7225,1.);
#7225 = DIRECTION('',(0.999394223757,-3.480209077077E-02,0.));
#7226 = ORIENTED_EDGE('',*,*,#7227,.T.);
#7227 = EDGE_CURVE('',#7220,#7228,#7230,.T.);
#7228 = VERTEX_POINT('',#7229);
#7229 = CARTESIAN_POINT('',(49.589999,21.606199,-5.E-02));
#7230 = LINE('',#7231,#7232);
#7231 = CARTESIAN_POINT('',(46.390002,21.606199,-5.E-02));
#7232 = VECTOR('',#7233,1.);
#7233 = DIRECTION('',(1.,0.,0.));
#7234 = ORIENTED_EDGE('',*,*,#7235,.T.);
#7235 = EDGE_CURVE('',#7228,#7236,#7238,.T.);
#7236 = VERTEX_POINT('',#7237);
#7237 = CARTESIAN_POINT('',(49.653005,21.608353,-5.E-02));
#7238 = LINE('',#7239,#7240);
#7239 = CARTESIAN_POINT('',(49.589999,21.606199,-5.E-02));
#7240 = VECTOR('',#7241,1.);
#7241 = DIRECTION('',(0.999416128742,3.416725932945E-02,0.));
#7242 = ORIENTED_EDGE('',*,*,#7243,.T.);
#7243 = EDGE_CURVE('',#7236,#7244,#7246,.T.);
#7244 = VERTEX_POINT('',#7245);
#7245 = CARTESIAN_POINT('',(49.987806,21.943151,-5.E-02));
#7246 = CIRCLE('',#7247,0.40276279605);
#7247 = AXIS2_PLACEMENT_3D('',#7248,#7249,#7250);
#7248 = CARTESIAN_POINT('',(49.590001977987,22.006157586573,-5.E-02));
#7249 = DIRECTION('',(0.,0.,1.));
#7250 = DIRECTION('',(0.156427114499,-0.987689504779,0.));
#7251 = ORIENTED_EDGE('',*,*,#7252,.T.);
#7252 = EDGE_CURVE('',#7244,#7253,#7255,.T.);
#7253 = VERTEX_POINT('',#7254);
#7254 = CARTESIAN_POINT('',(49.989999,22.006157,-5.E-02));
#7255 = LINE('',#7256,#7257);
#7256 = CARTESIAN_POINT('',(49.987806,21.943151,-5.E-02));
#7257 = VECTOR('',#7258,1.);
#7258 = DIRECTION('',(3.478514469267E-02,0.999394813729,0.));
#7259 = ORIENTED_EDGE('',*,*,#7260,.T.);
#7260 = EDGE_CURVE('',#7253,#7261,#7263,.T.);
#7261 = VERTEX_POINT('',#7262);
#7262 = CARTESIAN_POINT('',(49.989999,24.006199,-5.E-02));
#7263 = LINE('',#7264,#7265);
#7264 = CARTESIAN_POINT('',(49.989999,22.006157,-5.E-02));
#7265 = VECTOR('',#7266,1.);
#7266 = DIRECTION('',(0.,1.,0.));
#7267 = ORIENTED_EDGE('',*,*,#7268,.T.);
#7268 = EDGE_CURVE('',#7261,#7143,#7269,.T.);
#7269 = LINE('',#7270,#7271);
#7270 = CARTESIAN_POINT('',(49.989999,24.006199,-5.E-02));
#7271 = VECTOR('',#7272,1.);
#7272 = DIRECTION('',(-3.845262535522E-02,0.999260424316,0.));
#7273 = FACE_BOUND('',#7274,.T.);
#7274 = EDGE_LOOP('',(#7275,#7286,#7294,#7302,#7310,#7319,#7327,#7335,
    #7343,#7352,#7360,#7368,#7376,#7385,#7393,#7401));
#7275 = ORIENTED_EDGE('',*,*,#7276,.T.);
#7276 = EDGE_CURVE('',#7277,#7279,#7281,.T.);
#7277 = VERTEX_POINT('',#7278);
#7278 = CARTESIAN_POINT('',(6.007789,24.06924,-5.E-02));
#7279 = VERTEX_POINT('',#7280);
#7280 = CARTESIAN_POINT('',(5.673002,24.404042,-5.E-02));
#7281 = CIRCLE('',#7282,0.402742929645);
#7282 = AXIS2_PLACEMENT_3D('',#7283,#7284,#7285);
#7283 = CARTESIAN_POINT('',(5.610001332316,24.006257154574,-5.E-02));
#7284 = DIRECTION('',(0.,0.,1.));
#7285 = DIRECTION('',(0.98769621613,0.156384732766,-0.));
#7286 = ORIENTED_EDGE('',*,*,#7287,.T.);
#7287 = EDGE_CURVE('',#7279,#7288,#7290,.T.);
#7288 = VERTEX_POINT('',#7289);
#7289 = CARTESIAN_POINT('',(5.609996,24.406234,-5.E-02));
#7290 = LINE('',#7291,#7292);
#7291 = CARTESIAN_POINT('',(5.673002,24.404042,-5.E-02));
#7292 = VECTOR('',#7293,1.);
#7293 = DIRECTION('',(-0.999395365028,3.476930197351E-02,0.));
#7294 = ORIENTED_EDGE('',*,*,#7295,.T.);
#7295 = EDGE_CURVE('',#7288,#7296,#7298,.T.);
#7296 = VERTEX_POINT('',#7297);
#7297 = CARTESIAN_POINT('',(2.409996,24.406234,-5.E-02));
#7298 = LINE('',#7299,#7300);
#7299 = CARTESIAN_POINT('',(5.609996,24.406234,-5.E-02));
#7300 = VECTOR('',#7301,1.);
#7301 = DIRECTION('',(-1.,0.,0.));
#7302 = ORIENTED_EDGE('',*,*,#7303,.T.);
#7303 = EDGE_CURVE('',#7296,#7304,#7306,.T.);
#7304 = VERTEX_POINT('',#7305);
#7305 = CARTESIAN_POINT('',(2.346987,24.404069,-5.E-02));
#7306 = LINE('',#7307,#7308);
#7307 = CARTESIAN_POINT('',(2.409996,24.406234,-5.E-02));
#7308 = VECTOR('',#7309,1.);
#7309 = DIRECTION('',(-0.999410211519,-3.433990553634E-02,0.));
#7310 = ORIENTED_EDGE('',*,*,#7311,.T.);
#7311 = EDGE_CURVE('',#7304,#7312,#7314,.T.);
#7312 = VERTEX_POINT('',#7313);
#7313 = CARTESIAN_POINT('',(2.012186,24.069243,-5.E-02));
#7314 = CIRCLE('',#7315,0.40277229659);
#7315 = AXIS2_PLACEMENT_3D('',#7316,#7317,#7318);
#7316 = CARTESIAN_POINT('',(2.41000287408,24.006256830107,-5.E-02));
#7317 = DIRECTION('',(0.,0.,1.));
#7318 = DIRECTION('',(-0.15645533373,0.987685035093,0.));
#7319 = ORIENTED_EDGE('',*,*,#7320,.T.);
#7320 = EDGE_CURVE('',#7312,#7321,#7323,.T.);
#7321 = VERTEX_POINT('',#7322);
#7322 = CARTESIAN_POINT('',(2.009996,24.006234,-5.E-02));
#7323 = LINE('',#7324,#7325);
#7324 = CARTESIAN_POINT('',(2.012186,24.069243,-5.E-02));
#7325 = VECTOR('',#7326,1.);
#7326 = DIRECTION('',(-3.47359645162E-02,-0.999396524293,0.));
#7327 = ORIENTED_EDGE('',*,*,#7328,.T.);
#7328 = EDGE_CURVE('',#7321,#7329,#7331,.T.);
#7329 = VERTEX_POINT('',#7330);
#7330 = CARTESIAN_POINT('',(2.009996,22.009944,-5.E-02));
#7331 = LINE('',#7332,#7333);
#7332 = CARTESIAN_POINT('',(2.009996,24.006234,-5.E-02));
#7333 = VECTOR('',#7334,1.);
#7334 = DIRECTION('',(0.,-1.,0.));
#7335 = ORIENTED_EDGE('',*,*,#7336,.T.);
#7336 = EDGE_CURVE('',#7329,#7337,#7339,.T.);
#7337 = VERTEX_POINT('',#7338);
#7338 = CARTESIAN_POINT('',(2.011664,21.94655,-5.E-02));
#7339 = LINE('',#7340,#7341);
#7340 = CARTESIAN_POINT('',(2.009996,22.009944,-5.E-02));
#7341 = VECTOR('',#7342,1.);
#7342 = DIRECTION('',(2.630253524767E-02,-0.999654028472,0.));
#7343 = ORIENTED_EDGE('',*,*,#7344,.T.);
#7344 = EDGE_CURVE('',#7337,#7345,#7347,.T.);
#7345 = VERTEX_POINT('',#7346);
#7346 = CARTESIAN_POINT('',(2.34662,21.608488,-5.E-02));
#7347 = CIRCLE('',#7348,0.402788922969);
#7348 = AXIS2_PLACEMENT_3D('',#7349,#7350,#7351);
#7349 = CARTESIAN_POINT('',(2.410002783183,22.006258711922,-5.E-02));
#7350 = DIRECTION('',(0.,0.,1.));
#7351 = DIRECTION('',(-0.988951682797,-0.148238217381,0.));
#7352 = ORIENTED_EDGE('',*,*,#7353,.T.);
#7353 = EDGE_CURVE('',#7345,#7354,#7356,.T.);
#7354 = VERTEX_POINT('',#7355);
#7355 = CARTESIAN_POINT('',(2.409996,21.606235,-5.E-02));
#7356 = LINE('',#7357,#7358);
#7357 = CARTESIAN_POINT('',(2.34662,21.608488,-5.E-02));
#7358 = VECTOR('',#7359,1.);
#7359 = DIRECTION('',(0.999368706475,-3.552729259794E-02,0.));
#7360 = ORIENTED_EDGE('',*,*,#7361,.T.);
#7361 = EDGE_CURVE('',#7354,#7362,#7364,.T.);
#7362 = VERTEX_POINT('',#7363);
#7363 = CARTESIAN_POINT('',(5.609996,21.606234,-5.E-02));
#7364 = LINE('',#7365,#7366);
#7365 = CARTESIAN_POINT('',(2.409996,21.606235,-5.E-02));
#7366 = VECTOR('',#7367,1.);
#7367 = DIRECTION('',(1.,-3.125000003212E-07,0.));
#7368 = ORIENTED_EDGE('',*,*,#7369,.T.);
#7369 = EDGE_CURVE('',#7362,#7370,#7372,.T.);
#7370 = VERTEX_POINT('',#7371);
#7371 = CARTESIAN_POINT('',(5.673002,21.608455,-5.E-02));
#7372 = LINE('',#7373,#7374);
#7373 = CARTESIAN_POINT('',(5.609996,21.606234,-5.E-02));
#7374 = VECTOR('',#7375,1.);
#7375 = DIRECTION('',(0.999379275637,3.52287301398E-02,0.));
#7376 = ORIENTED_EDGE('',*,*,#7377,.T.);
#7377 = EDGE_CURVE('',#7370,#7378,#7380,.T.);
#7378 = VERTEX_POINT('',#7379);
#7379 = CARTESIAN_POINT('',(6.007803,21.943251,-5.E-02));
#7380 = CIRCLE('',#7381,0.402760619827);
#7381 = AXIS2_PLACEMENT_3D('',#7382,#7383,#7384);
#7382 = CARTESIAN_POINT('',(5.610001204993,22.006257735928,-5.E-02));
#7383 = DIRECTION('',(0.,0.,1.));
#7384 = DIRECTION('',(0.156422430362,-0.987690246626,0.));
#7385 = ORIENTED_EDGE('',*,*,#7386,.T.);
#7386 = EDGE_CURVE('',#7378,#7387,#7389,.T.);
#7387 = VERTEX_POINT('',#7388);
#7388 = CARTESIAN_POINT('',(6.009996,22.006257,-5.E-02));
#7389 = LINE('',#7390,#7391);
#7390 = CARTESIAN_POINT('',(6.007803,21.943251,-5.E-02));
#7391 = VECTOR('',#7392,1.);
#7392 = DIRECTION('',(3.47851446927E-02,0.999394813729,0.));
#7393 = ORIENTED_EDGE('',*,*,#7394,.T.);
#7394 = EDGE_CURVE('',#7387,#7395,#7397,.T.);
#7395 = VERTEX_POINT('',#7396);
#7396 = CARTESIAN_POINT('',(6.009996,24.006234,-5.E-02));
#7397 = LINE('',#7398,#7399);
#7398 = CARTESIAN_POINT('',(6.009996,22.006257,-5.E-02));
#7399 = VECTOR('',#7400,1.);
#7400 = DIRECTION('',(0.,1.,0.));
#7401 = ORIENTED_EDGE('',*,*,#7402,.T.);
#7402 = EDGE_CURVE('',#7395,#7277,#7403,.T.);
#7403 = LINE('',#7404,#7405);
#7404 = CARTESIAN_POINT('',(6.009996,24.006234,-5.E-02));
#7405 = VECTOR('',#7406,1.);
#7406 = DIRECTION('',(-3.500694000253E-02,0.999387069234,0.));
#7407 = PLANE('',#7408);
#7408 = AXIS2_PLACEMENT_3D('',#7409,#7410,#7411);
#7409 = CARTESIAN_POINT('',(0.,0.,-5.E-02));
#7410 = DIRECTION('',(-0.,-0.,-1.));
#7411 = DIRECTION('',(-1.,0.,0.));
#7412 = ( GEOMETRIC_REPRESENTATION_CONTEXT(3) 
GLOBAL_UNCERTAINTY_ASSIGNED_CONTEXT((#7416)) 
GLOBAL_UNIT_ASSIGNED_CONTEXT((#7413,#7414,#7415)) REPRESENTATION_CONTEXT
('Context #1','3D Context with UNIT and UNCERTAINTY') );
#7413 = ( LENGTH_UNIT() NAMED_UNIT(*) SI_UNIT(.MILLI.,.METRE.) );
#7414 = ( NAMED_UNIT(*) PLANE_ANGLE_UNIT() SI_UNIT($,.RADIAN.) );
#7415 = ( NAMED_UNIT(*) SI_UNIT($,.STERADIAN.) SOLID_ANGLE_UNIT() );
#7416 = UNCERTAINTY_MEASURE_WITH_UNIT(LENGTH_MEASURE(1.E-07),#7413,
  'distance_accuracy_value','confusion accuracy');
#7417 = CONTEXT_DEPENDENT_SHAPE_REPRESENTATION(#7418,#7420);
#7418 = ( REPRESENTATION_RELATIONSHIP('','',#5977,#10) 
REPRESENTATION_RELATIONSHIP_WITH_TRANSFORMATION(#7419) 
SHAPE_REPRESENTATION_RELATIONSHIP() );
#7419 = ITEM_DEFINED_TRANSFORMATION('','',#11,#27);
#7420 = PRODUCT_DEFINITION_SHAPE('Placement','Placement of an item',
  #7421);
#7421 = NEXT_ASSEMBLY_USAGE_OCCURRENCE('4','=>[0:1:1:5]','',#5,#5972,$);
#7422 = PRODUCT_RELATED_PRODUCT_CATEGORY('part',$,(#5974));
#7423 = SHAPE_DEFINITION_REPRESENTATION(#7424,#7430);
#7424 = PRODUCT_DEFINITION_SHAPE('','',#7425);
#7425 = PRODUCT_DEFINITION('design','',#7426,#7429);
#7426 = PRODUCT_DEFINITION_FORMATION('','',#7427);
#7427 = PRODUCT('touch-pad-left_PCB','touch-pad-left_PCB','',(#7428));
#7428 = PRODUCT_CONTEXT('',#2,'mechanical');
#7429 = PRODUCT_DEFINITION_CONTEXT('part definition',#2,'design');
#7430 = ADVANCED_BREP_SHAPE_REPRESENTATION('',(#11,#7431),#10436);
#7431 = MANIFOLD_SOLID_BREP('',#7432);
#7432 = CLOSED_SHELL('',(#7433,#7475,#7506,#7537,#8275,#9013,#9030,#9047
    ,#9064,#9081,#9098,#9115,#9132,#9149,#9166,#9183,#9200,#9217,#9234,
    #9251,#9268,#9285,#9302,#9319,#9336,#9353,#9370,#9387,#9404,#9421,
    #9438,#9455,#9472,#9489,#9506,#9523,#9540,#9557,#9574,#9591,#9608,
    #9625,#9642,#9659,#9676,#9693,#9710,#9727,#9744,#9761,#9778,#9795,
    #9812,#9829,#9846,#9863,#9880,#9897,#9914,#9931,#9948,#9965,#9982,
    #9999,#10016,#10033,#10050,#10067,#10079,#10096,#10113,#10130,#10147
    ,#10164,#10186,#10203,#10220,#10237,#10254,#10271,#10288,#10300,
    #10322,#10339,#10356,#10373,#10390,#10407,#10424));
#7433 = ADVANCED_FACE('',(#7434),#7470,.T.);
#7434 = FACE_BOUND('',#7435,.T.);
#7435 = EDGE_LOOP('',(#7436,#7446,#7455,#7463));
#7436 = ORIENTED_EDGE('',*,*,#7437,.T.);
#7437 = EDGE_CURVE('',#7438,#7440,#7442,.T.);
#7438 = VERTEX_POINT('',#7439);
#7439 = CARTESIAN_POINT('',(55.11226,32.148743,0.));
#7440 = VERTEX_POINT('',#7441);
#7441 = CARTESIAN_POINT('',(55.11226,32.148743,1.51));
#7442 = LINE('',#7443,#7444);
#7443 = CARTESIAN_POINT('',(55.11226,32.148743,0.));
#7444 = VECTOR('',#7445,1.);
#7445 = DIRECTION('',(0.,0.,1.));
#7446 = ORIENTED_EDGE('',*,*,#7447,.T.);
#7447 = EDGE_CURVE('',#7440,#7448,#7450,.T.);
#7448 = VERTEX_POINT('',#7449);
#7449 = CARTESIAN_POINT('',(55.247949,31.93901,1.51));
#7450 = CIRCLE('',#7451,0.230174834717);
#7451 = AXIS2_PLACEMENT_3D('',#7452,#7453,#7454);
#7452 = CARTESIAN_POINT('',(55.017774217342,31.938855193274,1.51));
#7453 = DIRECTION('',(0.,0.,-1.));
#7454 = DIRECTION('',(0.410495711986,0.911862528258,0.));
#7455 = ORIENTED_EDGE('',*,*,#7456,.F.);
#7456 = EDGE_CURVE('',#7457,#7448,#7459,.T.);
#7457 = VERTEX_POINT('',#7458);
#7458 = CARTESIAN_POINT('',(55.247949,31.93901,0.));
#7459 = LINE('',#7460,#7461);
#7460 = CARTESIAN_POINT('',(55.247949,31.93901,0.));
#7461 = VECTOR('',#7462,1.);
#7462 = DIRECTION('',(0.,0.,1.));
#7463 = ORIENTED_EDGE('',*,*,#7464,.F.);
#7464 = EDGE_CURVE('',#7438,#7457,#7465,.T.);
#7465 = CIRCLE('',#7466,0.230174834717);
#7466 = AXIS2_PLACEMENT_3D('',#7467,#7468,#7469);
#7467 = CARTESIAN_POINT('',(55.017774217342,31.938855193274,0.));
#7468 = DIRECTION('',(0.,0.,-1.));
#7469 = DIRECTION('',(0.410495711986,0.911862528258,0.));
#7470 = CYLINDRICAL_SURFACE('',#7471,0.230174834717);
#7471 = AXIS2_PLACEMENT_3D('',#7472,#7473,#7474);
#7472 = CARTESIAN_POINT('',(55.017774217342,31.938855193274,0.));
#7473 = DIRECTION('',(0.,0.,-1.));
#7474 = DIRECTION('',(0.410495711986,0.911862528258,0.));
#7475 = ADVANCED_FACE('',(#7476),#7501,.T.);
#7476 = FACE_BOUND('',#7477,.T.);
#7477 = EDGE_LOOP('',(#7478,#7488,#7494,#7495));
#7478 = ORIENTED_EDGE('',*,*,#7479,.T.);
#7479 = EDGE_CURVE('',#7480,#7482,#7484,.T.);
#7480 = VERTEX_POINT('',#7481);
#7481 = CARTESIAN_POINT('',(48.003063,32.169,0.));
#7482 = VERTEX_POINT('',#7483);
#7483 = CARTESIAN_POINT('',(48.003063,32.169,1.51));
#7484 = LINE('',#7485,#7486);
#7485 = CARTESIAN_POINT('',(48.003063,32.169,0.));
#7486 = VECTOR('',#7487,1.);
#7487 = DIRECTION('',(0.,0.,1.));
#7488 = ORIENTED_EDGE('',*,*,#7489,.T.);
#7489 = EDGE_CURVE('',#7482,#7440,#7490,.T.);
#7490 = LINE('',#7491,#7492);
#7491 = CARTESIAN_POINT('',(48.003063,32.169,1.51));
#7492 = VECTOR('',#7493,1.);
#7493 = DIRECTION('',(0.999995940463,-2.849396038111E-03,0.));
#7494 = ORIENTED_EDGE('',*,*,#7437,.F.);
#7495 = ORIENTED_EDGE('',*,*,#7496,.F.);
#7496 = EDGE_CURVE('',#7480,#7438,#7497,.T.);
#7497 = LINE('',#7498,#7499);
#7498 = CARTESIAN_POINT('',(48.003063,32.169,0.));
#7499 = VECTOR('',#7500,1.);
#7500 = DIRECTION('',(0.999995940463,-2.849396038111E-03,0.));
#7501 = PLANE('',#7502);
#7502 = AXIS2_PLACEMENT_3D('',#7503,#7504,#7505);
#7503 = CARTESIAN_POINT('',(48.003063,32.169,0.));
#7504 = DIRECTION('',(2.849396038111E-03,0.999995940463,-0.));
#7505 = DIRECTION('',(0.999995940463,-2.849396038111E-03,0.));
#7506 = ADVANCED_FACE('',(#7507),#7532,.T.);
#7507 = FACE_BOUND('',#7508,.T.);
#7508 = EDGE_LOOP('',(#7509,#7510,#7518,#7526));
#7509 = ORIENTED_EDGE('',*,*,#7456,.T.);
#7510 = ORIENTED_EDGE('',*,*,#7511,.T.);
#7511 = EDGE_CURVE('',#7448,#7512,#7514,.T.);
#7512 = VERTEX_POINT('',#7513);
#7513 = CARTESIAN_POINT('',(55.789998,13.406199,1.51));
#7514 = LINE('',#7515,#7516);
#7515 = CARTESIAN_POINT('',(55.247949,31.93901,1.51));
#7516 = VECTOR('',#7517,1.);
#7517 = DIRECTION('',(2.923557040565E-02,-0.999572549355,0.));
#7518 = ORIENTED_EDGE('',*,*,#7519,.F.);
#7519 = EDGE_CURVE('',#7520,#7512,#7522,.T.);
#7520 = VERTEX_POINT('',#7521);
#7521 = CARTESIAN_POINT('',(55.789998,13.406199,0.));
#7522 = LINE('',#7523,#7524);
#7523 = CARTESIAN_POINT('',(55.789998,13.406199,0.));
#7524 = VECTOR('',#7525,1.);
#7525 = DIRECTION('',(0.,0.,1.));
#7526 = ORIENTED_EDGE('',*,*,#7527,.F.);
#7527 = EDGE_CURVE('',#7457,#7520,#7528,.T.);
#7528 = LINE('',#7529,#7530);
#7529 = CARTESIAN_POINT('',(55.247949,31.93901,0.));
#7530 = VECTOR('',#7531,1.);
#7531 = DIRECTION('',(2.923557040565E-02,-0.999572549355,0.));
#7532 = PLANE('',#7533);
#7533 = AXIS2_PLACEMENT_3D('',#7534,#7535,#7536);
#7534 = CARTESIAN_POINT('',(55.247949,31.93901,0.));
#7535 = DIRECTION('',(0.999572549355,2.923557040565E-02,-0.));
#7536 = DIRECTION('',(2.923557040565E-02,-0.999572549355,0.));
#7537 = ADVANCED_FACE('',(#7538,#8075,#8086,#8097,#8108,#8119,#8130,
    #8200),#8270,.F.);
#7538 = FACE_BOUND('',#7539,.F.);
#7539 = EDGE_LOOP('',(#7540,#7541,#7542,#7550,#7559,#7567,#7575,#7584,
    #7592,#7601,#7609,#7618,#7626,#7635,#7643,#7652,#7660,#7669,#7677,
    #7686,#7694,#7703,#7711,#7720,#7728,#7737,#7745,#7754,#7762,#7771,
    #7779,#7788,#7796,#7805,#7813,#7822,#7830,#7839,#7847,#7856,#7864,
    #7873,#7881,#7890,#7898,#7906,#7914,#7923,#7931,#7940,#7948,#7957,
    #7965,#7974,#7982,#7991,#7999,#8008,#8016,#8025,#8033,#8042,#8050,
    #8059,#8067,#8074));
#7540 = ORIENTED_EDGE('',*,*,#7464,.F.);
#7541 = ORIENTED_EDGE('',*,*,#7496,.F.);
#7542 = ORIENTED_EDGE('',*,*,#7543,.F.);
#7543 = EDGE_CURVE('',#7544,#7480,#7546,.T.);
#7544 = VERTEX_POINT('',#7545);
#7545 = CARTESIAN_POINT('',(48.003063,28.9,0.));
#7546 = LINE('',#7547,#7548);
#7547 = CARTESIAN_POINT('',(48.003063,28.9,0.));
#7548 = VECTOR('',#7549,1.);
#7549 = DIRECTION('',(0.,1.,0.));
#7550 = ORIENTED_EDGE('',*,*,#7551,.F.);
#7551 = EDGE_CURVE('',#7552,#7544,#7554,.T.);
#7552 = VERTEX_POINT('',#7553);
#7553 = CARTESIAN_POINT('',(42.003063,28.9,0.));
#7554 = CIRCLE('',#7555,3.);
#7555 = AXIS2_PLACEMENT_3D('',#7556,#7557,#7558);
#7556 = CARTESIAN_POINT('',(45.003063,28.9,0.));
#7557 = DIRECTION('',(0.,0.,1.));
#7558 = DIRECTION('',(-1.,0.,-0.));
#7559 = ORIENTED_EDGE('',*,*,#7560,.F.);
#7560 = EDGE_CURVE('',#7561,#7552,#7563,.T.);
#7561 = VERTEX_POINT('',#7562);
#7562 = CARTESIAN_POINT('',(42.003063,32.169,0.));
#7563 = LINE('',#7564,#7565);
#7564 = CARTESIAN_POINT('',(42.003063,32.169,0.));
#7565 = VECTOR('',#7566,1.);
#7566 = DIRECTION('',(0.,-1.,0.));
#7567 = ORIENTED_EDGE('',*,*,#7568,.F.);
#7568 = EDGE_CURVE('',#7569,#7561,#7571,.T.);
#7569 = VERTEX_POINT('',#7570);
#7570 = CARTESIAN_POINT('',(35.999997,32.159001,0.));
#7571 = LINE('',#7572,#7573);
#7572 = CARTESIAN_POINT('',(35.999997,32.159001,0.));
#7573 = VECTOR('',#7574,1.);
#7574 = DIRECTION('',(0.99999861281,1.665646542863E-03,0.));
#7575 = ORIENTED_EDGE('',*,*,#7576,.F.);
#7576 = EDGE_CURVE('',#7577,#7569,#7579,.T.);
#7577 = VERTEX_POINT('',#7578);
#7578 = CARTESIAN_POINT('',(35.704997,31.863957,0.));
#7579 = CIRCLE('',#7580,0.294998300481);
#7580 = AXIS2_PLACEMENT_3D('',#7581,#7582,#7583);
#7581 = CARTESIAN_POINT('',(35.999995296941,31.864002699524,0.));
#7582 = DIRECTION('',(0.,0.,-1.));
#7583 = DIRECTION('',(-0.999999988001,-1.549145333027E-04,-0.));
#7584 = ORIENTED_EDGE('',*,*,#7585,.F.);
#7585 = EDGE_CURVE('',#7586,#7577,#7588,.T.);
#7586 = VERTEX_POINT('',#7587);
#7587 = CARTESIAN_POINT('',(15.694962,31.859052,0.));
#7588 = LINE('',#7589,#7590);
#7589 = CARTESIAN_POINT('',(15.694962,31.859052,0.));
#7590 = VECTOR('',#7591,1.);
#7591 = DIRECTION('',(0.999999969956,2.451270001595E-04,0.));
#7592 = ORIENTED_EDGE('',*,*,#7593,.F.);
#7593 = EDGE_CURVE('',#7594,#7586,#7596,.T.);
#7594 = VERTEX_POINT('',#7595);
#7595 = CARTESIAN_POINT('',(15.397997,32.159,0.));
#7596 = CIRCLE('',#7597,0.2950053017);
#7597 = AXIS2_PLACEMENT_3D('',#7598,#7599,#7600);
#7598 = CARTESIAN_POINT('',(15.399998221516,31.864001486201,0.));
#7599 = DIRECTION('',(0.,0.,-1.));
#7600 = DIRECTION('',(-6.783679833793E-03,0.999976990579,0.));
#7601 = ORIENTED_EDGE('',*,*,#7602,.F.);
#7602 = EDGE_CURVE('',#7603,#7594,#7605,.T.);
#7603 = VERTEX_POINT('',#7604);
#7604 = CARTESIAN_POINT('',(-3.340763,32.146243,0.));
#7605 = LINE('',#7606,#7607);
#7606 = CARTESIAN_POINT('',(-3.340763,32.146243,0.));
#7607 = VECTOR('',#7608,1.);
#7608 = DIRECTION('',(0.999999768268,6.807812813548E-04,0.));
#7609 = ORIENTED_EDGE('',*,*,#7610,.F.);
#7610 = EDGE_CURVE('',#7611,#7603,#7613,.T.);
#7611 = VERTEX_POINT('',#7612);
#7612 = CARTESIAN_POINT('',(-3.476452,31.936457,0.));
#7613 = CIRCLE('',#7614,0.229951672705);
#7614 = AXIS2_PLACEMENT_3D('',#7615,#7616,#7617);
#7615 = CARTESIAN_POINT('',(-3.246500331229,31.936499535129,0.));
#7616 = DIRECTION('',(0.,0.,-1.));
#7617 = DIRECTION('',(-0.999999982892,-1.849742102507E-04,-0.));
#7618 = ORIENTED_EDGE('',*,*,#7619,.F.);
#7619 = EDGE_CURVE('',#7620,#7611,#7622,.T.);
#7620 = VERTEX_POINT('',#7621);
#7621 = CARTESIAN_POINT('',(-3.990004,13.406234,0.));
#7622 = LINE('',#7623,#7624);
#7623 = CARTESIAN_POINT('',(-3.990004,13.406234,0.));
#7624 = VECTOR('',#7625,1.);
#7625 = DIRECTION('',(2.770365410771E-02,0.999616180116,0.));
#7626 = ORIENTED_EDGE('',*,*,#7627,.F.);
#7627 = EDGE_CURVE('',#7628,#7620,#7630,.T.);
#7628 = VERTEX_POINT('',#7629);
#7629 = CARTESIAN_POINT('',(-3.590004,13.006234,0.));
#7630 = CIRCLE('',#7631,0.399999018331);
#7631 = AXIS2_PLACEMENT_3D('',#7632,#7633,#7634);
#7632 = CARTESIAN_POINT('',(-3.59000498167,13.40623301833,0.));
#7633 = DIRECTION('',(0.,0.,-1.));
#7634 = DIRECTION('',(2.454181388136E-06,-0.999999999997,0.));
#7635 = ORIENTED_EDGE('',*,*,#7636,.F.);
#7636 = EDGE_CURVE('',#7637,#7628,#7639,.T.);
#7637 = VERTEX_POINT('',#7638);
#7638 = CARTESIAN_POINT('',(-2.690004,13.006234,0.));
#7639 = LINE('',#7640,#7641);
#7640 = CARTESIAN_POINT('',(-2.690004,13.006234,0.));
#7641 = VECTOR('',#7642,1.);
#7642 = DIRECTION('',(-1.,0.,0.));
#7643 = ORIENTED_EDGE('',*,*,#7644,.F.);
#7644 = EDGE_CURVE('',#7645,#7637,#7647,.T.);
#7645 = VERTEX_POINT('',#7646);
#7646 = CARTESIAN_POINT('',(-2.290022,12.606234,0.));
#7647 = CIRCLE('',#7648,0.399968292463);
#7648 = AXIS2_PLACEMENT_3D('',#7649,#7650,#7651);
#7649 = CARTESIAN_POINT('',(-2.689990291206,12.606265707772,0.));
#7650 = DIRECTION('',(0.,0.,1.));
#7651 = DIRECTION('',(0.999999996858,-7.927571488696E-05,0.));
#7652 = ORIENTED_EDGE('',*,*,#7653,.F.);
#7653 = EDGE_CURVE('',#7654,#7645,#7656,.T.);
#7654 = VERTEX_POINT('',#7655);
#7655 = CARTESIAN_POINT('',(-2.290004,9.406234,0.));
#7656 = LINE('',#7657,#7658);
#7657 = CARTESIAN_POINT('',(-2.290004,9.406234,0.));
#7658 = VECTOR('',#7659,1.);
#7659 = DIRECTION('',(-5.624999999865E-06,0.999999999984,0.));
#7660 = ORIENTED_EDGE('',*,*,#7661,.F.);
#7661 = EDGE_CURVE('',#7662,#7654,#7664,.T.);
#7662 = VERTEX_POINT('',#7663);
#7663 = CARTESIAN_POINT('',(-2.690004,9.006234,0.));
#7664 = CIRCLE('',#7665,0.399999018331);
#7665 = AXIS2_PLACEMENT_3D('',#7666,#7667,#7668);
#7666 = CARTESIAN_POINT('',(-2.69000301833,9.40623301833,0.));
#7667 = DIRECTION('',(0.,0.,1.));
#7668 = DIRECTION('',(-2.454181387026E-06,-0.999999999997,0.));
#7669 = ORIENTED_EDGE('',*,*,#7670,.F.);
#7670 = EDGE_CURVE('',#7671,#7662,#7673,.T.);
#7671 = VERTEX_POINT('',#7672);
#7672 = CARTESIAN_POINT('',(-3.730004,9.006234,0.));
#7673 = LINE('',#7674,#7675);
#7674 = CARTESIAN_POINT('',(-3.730004,9.006234,0.));
#7675 = VECTOR('',#7676,1.);
#7676 = DIRECTION('',(1.,0.,0.));
#7677 = ORIENTED_EDGE('',*,*,#7678,.F.);
#7678 = EDGE_CURVE('',#7679,#7671,#7681,.T.);
#7679 = VERTEX_POINT('',#7680);
#7680 = CARTESIAN_POINT('',(-4.130003,8.606234,0.));
#7681 = CIRCLE('',#7682,0.39999731124);
#7682 = AXIS2_PLACEMENT_3D('',#7683,#7684,#7685);
#7683 = CARTESIAN_POINT('',(-3.730005688769,8.606236688763,0.));
#7684 = DIRECTION('',(0.,0.,-1.));
#7685 = DIRECTION('',(-0.999999999977,-6.721953676344E-06,-0.));
#7686 = ORIENTED_EDGE('',*,*,#7687,.F.);
#7687 = EDGE_CURVE('',#7688,#7679,#7690,.T.);
#7688 = VERTEX_POINT('',#7689);
#7689 = CARTESIAN_POINT('',(-4.555798,-6.893765,0.));
#7690 = LINE('',#7691,#7692);
#7691 = CARTESIAN_POINT('',(-4.555798,-6.893765,0.));
#7692 = VECTOR('',#7693,1.);
#7693 = DIRECTION('',(2.746028762071E-02,0.999622895198,0.));
#7694 = ORIENTED_EDGE('',*,*,#7695,.F.);
#7695 = EDGE_CURVE('',#7696,#7688,#7698,.T.);
#7696 = VERTEX_POINT('',#7697);
#7697 = CARTESIAN_POINT('',(-4.155798,-7.293765,0.));
#7698 = CIRCLE('',#7699,0.399999018331);
#7699 = AXIS2_PLACEMENT_3D('',#7700,#7701,#7702);
#7700 = CARTESIAN_POINT('',(-4.15579898167,-6.89376598167,0.));
#7701 = DIRECTION('',(0.,0.,-1.));
#7702 = DIRECTION('',(2.454181390356E-06,-0.999999999997,0.));
#7703 = ORIENTED_EDGE('',*,*,#7704,.F.);
#7704 = EDGE_CURVE('',#7705,#7696,#7707,.T.);
#7705 = VERTEX_POINT('',#7706);
#7706 = CARTESIAN_POINT('',(-2.690004,-7.293766,0.));
#7707 = LINE('',#7708,#7709);
#7708 = CARTESIAN_POINT('',(-2.690004,-7.293766,0.));
#7709 = VECTOR('',#7710,1.);
#7710 = DIRECTION('',(-1.,6.82224105256E-07,0.));
#7711 = ORIENTED_EDGE('',*,*,#7712,.F.);
#7712 = EDGE_CURVE('',#7713,#7705,#7715,.T.);
#7713 = VERTEX_POINT('',#7714);
#7714 = CARTESIAN_POINT('',(-2.290004,-7.693766,0.));
#7715 = CIRCLE('',#7716,0.399999018331);
#7716 = AXIS2_PLACEMENT_3D('',#7717,#7718,#7719);
#7717 = CARTESIAN_POINT('',(-2.69000301833,-7.69376501833,0.));
#7718 = DIRECTION('',(0.,0.,1.));
#7719 = DIRECTION('',(0.999999999997,-2.454181390356E-06,0.));
#7720 = ORIENTED_EDGE('',*,*,#7721,.F.);
#7721 = EDGE_CURVE('',#7722,#7713,#7724,.T.);
#7722 = VERTEX_POINT('',#7723);
#7723 = CARTESIAN_POINT('',(-2.290004,-10.893766,0.));
#7724 = LINE('',#7725,#7726);
#7725 = CARTESIAN_POINT('',(-2.290004,-10.893766,0.));
#7726 = VECTOR('',#7727,1.);
#7727 = DIRECTION('',(0.,1.,0.));
#7728 = ORIENTED_EDGE('',*,*,#7729,.F.);
#7729 = EDGE_CURVE('',#7730,#7722,#7732,.T.);
#7730 = VERTEX_POINT('',#7731);
#7731 = CARTESIAN_POINT('',(-2.690004,-11.293766,0.));
#7732 = CIRCLE('',#7733,0.399999018331);
#7733 = AXIS2_PLACEMENT_3D('',#7734,#7735,#7736);
#7734 = CARTESIAN_POINT('',(-2.69000301833,-10.89376698167,0.));
#7735 = DIRECTION('',(0.,0.,1.));
#7736 = DIRECTION('',(-2.454181389246E-06,-0.999999999997,0.));
#7737 = ORIENTED_EDGE('',*,*,#7738,.F.);
#7738 = EDGE_CURVE('',#7739,#7730,#7741,.T.);
#7739 = VERTEX_POINT('',#7740);
#7740 = CARTESIAN_POINT('',(-4.285798,-11.293766,0.));
#7741 = LINE('',#7742,#7743);
#7742 = CARTESIAN_POINT('',(-4.285798,-11.293766,0.));
#7743 = VECTOR('',#7744,1.);
#7744 = DIRECTION('',(1.,0.,0.));
#7745 = ORIENTED_EDGE('',*,*,#7746,.F.);
#7746 = EDGE_CURVE('',#7747,#7739,#7749,.T.);
#7747 = VERTEX_POINT('',#7748);
#7748 = CARTESIAN_POINT('',(-4.685797,-11.693766,0.));
#7749 = CIRCLE('',#7750,0.39999731124);
#7750 = AXIS2_PLACEMENT_3D('',#7751,#7752,#7753);
#7751 = CARTESIAN_POINT('',(-4.285799688769,-11.69376331123,0.));
#7752 = DIRECTION('',(0.,0.,-1.));
#7753 = DIRECTION('',(-0.999999999977,-6.721953676344E-06,-0.));
#7754 = ORIENTED_EDGE('',*,*,#7755,.F.);
#7755 = EDGE_CURVE('',#7756,#7747,#7758,.T.);
#7756 = VERTEX_POINT('',#7757);
#7757 = CARTESIAN_POINT('',(-4.787003,-15.297999,0.));
#7758 = LINE('',#7759,#7760);
#7759 = CARTESIAN_POINT('',(-4.787003,-15.297999,0.));
#7760 = VECTOR('',#7761,1.);
#7761 = DIRECTION('',(2.806869713526E-02,0.999605996501,0.));
#7762 = ORIENTED_EDGE('',*,*,#7763,.F.);
#7763 = EDGE_CURVE('',#7764,#7756,#7766,.T.);
#7764 = VERTEX_POINT('',#7765);
#7765 = CARTESIAN_POINT('',(-4.503998,-15.580999,0.));
#7766 = CIRCLE('',#7767,0.283000748028);
#7767 = AXIS2_PLACEMENT_3D('',#7768,#7769,#7770);
#7768 = CARTESIAN_POINT('',(-4.504002251973,-15.297998252,0.));
#7769 = DIRECTION('',(0.,0.,-1.));
#7770 = DIRECTION('',(1.502460066754E-05,-0.999999999887,0.));
#7771 = ORIENTED_EDGE('',*,*,#7772,.F.);
#7772 = EDGE_CURVE('',#7773,#7764,#7775,.T.);
#7773 = VERTEX_POINT('',#7774);
#7774 = CARTESIAN_POINT('',(10.741563,-15.571905,0.));
#7775 = LINE('',#7776,#7777);
#7776 = CARTESIAN_POINT('',(10.741563,-15.571905,0.));
#7777 = VECTOR('',#7778,1.);
#7778 = DIRECTION('',(-0.999999822093,-5.965013935607E-04,0.));
#7779 = ORIENTED_EDGE('',*,*,#7780,.F.);
#7780 = EDGE_CURVE('',#7781,#7773,#7783,.T.);
#7781 = VERTEX_POINT('',#7782);
#7782 = CARTESIAN_POINT('',(11.016569,-15.296899,0.));
#7783 = CIRCLE('',#7784,0.27500465982);
#7784 = AXIS2_PLACEMENT_3D('',#7785,#7786,#7787);
#7785 = CARTESIAN_POINT('',(10.741564340184,-15.29690034018,0.));
#7786 = DIRECTION('',(0.,0.,-1.));
#7787 = DIRECTION('',(0.999999999988,4.873312517851E-06,0.));
#7788 = ORIENTED_EDGE('',*,*,#7789,.F.);
#7789 = EDGE_CURVE('',#7790,#7781,#7792,.T.);
#7790 = VERTEX_POINT('',#7791);
#7791 = CARTESIAN_POINT('',(11.016564,-2.268167,0.));
#7792 = LINE('',#7793,#7794);
#7793 = CARTESIAN_POINT('',(11.016564,-2.268167,0.));
#7794 = VECTOR('',#7795,1.);
#7795 = DIRECTION('',(3.837672000476E-07,-1.,0.));
#7796 = ORIENTED_EDGE('',*,*,#7797,.F.);
#7797 = EDGE_CURVE('',#7798,#7790,#7800,.T.);
#7798 = VERTEX_POINT('',#7799);
#7799 = CARTESIAN_POINT('',(10.216564,-1.468167,0.));
#7800 = CIRCLE('',#7801,0.800001450872);
#7801 = AXIS2_PLACEMENT_3D('',#7802,#7803,#7804);
#7802 = CARTESIAN_POINT('',(10.216562549129,-2.268168450871,0.));
#7803 = DIRECTION('',(0.,0.,-1.));
#7804 = DIRECTION('',(1.813584997115E-06,0.999999999998,0.));
#7805 = ORIENTED_EDGE('',*,*,#7806,.F.);
#7806 = EDGE_CURVE('',#7807,#7798,#7809,.T.);
#7807 = VERTEX_POINT('',#7808);
#7808 = CARTESIAN_POINT('',(9.477997,-1.468167,0.));
#7809 = LINE('',#7810,#7811);
#7810 = CARTESIAN_POINT('',(9.477997,-1.468167,0.));
#7811 = VECTOR('',#7812,1.);
#7812 = DIRECTION('',(1.,0.,0.));
#7813 = ORIENTED_EDGE('',*,*,#7814,.F.);
#7814 = EDGE_CURVE('',#7815,#7807,#7817,.T.);
#7815 = VERTEX_POINT('',#7816);
#7816 = CARTESIAN_POINT('',(8.677999,-0.662347,0.));
#7817 = CIRCLE('',#7818,0.800035443676);
#7818 = AXIS2_PLACEMENT_3D('',#7819,#7820,#7821);
#7819 = CARTESIAN_POINT('',(9.478013531145,-0.668131556495,0.));
#7820 = DIRECTION('',(0.,0.,1.));
#7821 = DIRECTION('',(-0.999973860495,7.23037528005E-03,0.));
#7822 = ORIENTED_EDGE('',*,*,#7823,.F.);
#7823 = EDGE_CURVE('',#7824,#7815,#7826,.T.);
#7824 = VERTEX_POINT('',#7825);
#7825 = CARTESIAN_POINT('',(8.677999,3.406235,0.));
#7826 = LINE('',#7827,#7828);
#7827 = CARTESIAN_POINT('',(8.677999,3.406235,0.));
#7828 = VECTOR('',#7829,1.);
#7829 = DIRECTION('',(0.,-1.,0.));
#7830 = ORIENTED_EDGE('',*,*,#7831,.F.);
#7831 = EDGE_CURVE('',#7832,#7824,#7834,.T.);
#7832 = VERTEX_POINT('',#7833);
#7833 = CARTESIAN_POINT('',(9.47143,4.206233,0.));
#7834 = CIRCLE('',#7835,0.800046435418);
#7835 = AXIS2_PLACEMENT_3D('',#7836,#7837,#7838);
#7836 = CARTESIAN_POINT('',(9.47804543514,3.406213915951,0.));
#7837 = DIRECTION('',(0.,0.,1.));
#7838 = DIRECTION('',(-8.268813968209E-03,0.999965812773,0.));
#7839 = ORIENTED_EDGE('',*,*,#7840,.F.);
#7840 = EDGE_CURVE('',#7841,#7832,#7843,.T.);
#7841 = VERTEX_POINT('',#7842);
#7842 = CARTESIAN_POINT('',(10.209997,4.206233,0.));
#7843 = LINE('',#7844,#7845);
#7844 = CARTESIAN_POINT('',(10.209997,4.206233,0.));
#7845 = VECTOR('',#7846,1.);
#7846 = DIRECTION('',(-1.,0.,0.));
#7847 = ORIENTED_EDGE('',*,*,#7848,.F.);
#7848 = EDGE_CURVE('',#7849,#7841,#7851,.T.);
#7849 = VERTEX_POINT('',#7850);
#7850 = CARTESIAN_POINT('',(11.009997,5.006233,0.));
#7851 = CIRCLE('',#7852,0.800001450872);
#7852 = AXIS2_PLACEMENT_3D('',#7853,#7854,#7855);
#7853 = CARTESIAN_POINT('',(10.209995549129,5.006234450871,0.));
#7854 = DIRECTION('',(0.,0.,-1.));
#7855 = DIRECTION('',(0.999999999998,-1.813584997115E-06,0.));
#7856 = ORIENTED_EDGE('',*,*,#7857,.F.);
#7857 = EDGE_CURVE('',#7858,#7849,#7860,.T.);
#7858 = VERTEX_POINT('',#7859);
#7859 = CARTESIAN_POINT('',(11.01,24.539,0.));
#7860 = LINE('',#7861,#7862);
#7861 = CARTESIAN_POINT('',(11.01,24.539,0.));
#7862 = VECTOR('',#7863,1.);
#7863 = DIRECTION('',(-1.535880707291E-07,-1.,0.));
#7864 = ORIENTED_EDGE('',*,*,#7865,.F.);
#7865 = EDGE_CURVE('',#7866,#7858,#7868,.T.);
#7866 = VERTEX_POINT('',#7867);
#7867 = CARTESIAN_POINT('',(13.268,26.797,0.));
#7868 = CIRCLE('',#7869,2.258000382116);
#7869 = AXIS2_PLACEMENT_3D('',#7870,#7871,#7872);
#7870 = CARTESIAN_POINT('',(13.268000382116,24.538999617884,0.));
#7871 = DIRECTION('',(0.,0.,1.));
#7872 = DIRECTION('',(-1.692277013114E-07,1.,0.));
#7873 = ORIENTED_EDGE('',*,*,#7874,.F.);
#7874 = EDGE_CURVE('',#7875,#7866,#7877,.T.);
#7875 = VERTEX_POINT('',#7876);
#7876 = CARTESIAN_POINT('',(33.631997,26.796964,0.));
#7877 = LINE('',#7878,#7879);
#7878 = CARTESIAN_POINT('',(33.631997,26.796964,0.));
#7879 = VECTOR('',#7880,1.);
#7880 = DIRECTION('',(-0.999999999998,1.767825835047E-06,0.));
#7881 = ORIENTED_EDGE('',*,*,#7882,.F.);
#7882 = EDGE_CURVE('',#7883,#7875,#7885,.T.);
#7883 = VERTEX_POINT('',#7884);
#7884 = CARTESIAN_POINT('',(35.889997,24.531596,0.));
#7885 = CIRCLE('',#7886,2.258020787694);
#7886 = AXIS2_PLACEMENT_3D('',#7887,#7888,#7889);
#7887 = CARTESIAN_POINT('',(33.631988165622,24.538943212323,0.));
#7888 = DIRECTION('',(0.,0.,1.));
#7889 = DIRECTION('',(0.999994706286,-3.253828469236E-03,0.));
#7890 = ORIENTED_EDGE('',*,*,#7891,.F.);
#7891 = EDGE_CURVE('',#7892,#7883,#7894,.T.);
#7892 = VERTEX_POINT('',#7893);
#7893 = CARTESIAN_POINT('',(35.889997,23.856596,0.));
#7894 = LINE('',#7895,#7896);
#7895 = CARTESIAN_POINT('',(35.889997,23.856596,0.));
#7896 = VECTOR('',#7897,1.);
#7897 = DIRECTION('',(0.,1.,0.));
#7898 = ORIENTED_EDGE('',*,*,#7899,.F.);
#7899 = EDGE_CURVE('',#7900,#7892,#7902,.T.);
#7900 = VERTEX_POINT('',#7901);
#7901 = CARTESIAN_POINT('',(40.889994,23.849243,0.));
#7902 = LINE('',#7903,#7904);
#7903 = CARTESIAN_POINT('',(40.889994,23.849243,0.));
#7904 = VECTOR('',#7905,1.);
#7905 = DIRECTION('',(-0.999998918668,1.470599292153E-03,0.));
#7906 = ORIENTED_EDGE('',*,*,#7907,.F.);
#7907 = EDGE_CURVE('',#7908,#7900,#7910,.T.);
#7908 = VERTEX_POINT('',#7909);
#7909 = CARTESIAN_POINT('',(40.889999,5.006199,0.));
#7910 = LINE('',#7911,#7912);
#7911 = CARTESIAN_POINT('',(40.889999,5.006199,0.));
#7912 = VECTOR('',#7913,1.);
#7913 = DIRECTION('',(-2.653499085173E-07,1.,0.));
#7914 = ORIENTED_EDGE('',*,*,#7915,.F.);
#7915 = EDGE_CURVE('',#7916,#7908,#7918,.T.);
#7916 = VERTEX_POINT('',#7917);
#7917 = CARTESIAN_POINT('',(41.690002,4.206199,0.));
#7918 = CIRCLE('',#7919,0.800001450872);
#7919 = AXIS2_PLACEMENT_3D('',#7920,#7921,#7922);
#7920 = CARTESIAN_POINT('',(41.690000450871,5.006200450871,0.));
#7921 = DIRECTION('',(0.,0.,-1.));
#7922 = DIRECTION('',(1.936407821653E-06,-0.999999999998,0.));
#7923 = ORIENTED_EDGE('',*,*,#7924,.F.);
#7924 = EDGE_CURVE('',#7925,#7916,#7927,.T.);
#7925 = VERTEX_POINT('',#7926);
#7926 = CARTESIAN_POINT('',(42.414843,4.206234,0.));
#7927 = LINE('',#7928,#7929);
#7928 = CARTESIAN_POINT('',(42.414843,4.206234,0.));
#7929 = VECTOR('',#7930,1.);
#7930 = DIRECTION('',(-0.999999998834,-4.828645173169E-05,0.));
#7931 = ORIENTED_EDGE('',*,*,#7932,.F.);
#7932 = EDGE_CURVE('',#7933,#7925,#7935,.T.);
#7933 = VERTEX_POINT('',#7934);
#7934 = CARTESIAN_POINT('',(43.214841,3.406235,0.));
#7935 = CIRCLE('',#7936,0.799999743764);
#7936 = AXIS2_PLACEMENT_3D('',#7937,#7938,#7939);
#7937 = CARTESIAN_POINT('',(42.414841256237,3.406234256238,0.));
#7938 = DIRECTION('',(0.,0.,1.));
#7939 = DIRECTION('',(1.,9.297026056963E-07,-0.));
#7940 = ORIENTED_EDGE('',*,*,#7941,.F.);
#7941 = EDGE_CURVE('',#7942,#7933,#7944,.T.);
#7942 = VERTEX_POINT('',#7943);
#7943 = CARTESIAN_POINT('',(43.214841,-0.668134,0.));
#7944 = LINE('',#7945,#7946);
#7945 = CARTESIAN_POINT('',(43.214841,-0.668134,0.));
#7946 = VECTOR('',#7947,1.);
#7947 = DIRECTION('',(0.,1.,0.));
#7948 = ORIENTED_EDGE('',*,*,#7949,.F.);
#7949 = EDGE_CURVE('',#7950,#7942,#7952,.T.);
#7950 = VERTEX_POINT('',#7951);
#7951 = CARTESIAN_POINT('',(42.414843,-1.468133,0.));
#7952 = CIRCLE('',#7953,0.799999743764);
#7953 = AXIS2_PLACEMENT_3D('',#7954,#7955,#7956);
#7954 = CARTESIAN_POINT('',(42.414841256237,-0.668133256238,0.));
#7955 = DIRECTION('',(0.,0.,1.));
#7956 = DIRECTION('',(2.179704946356E-06,-0.999999999998,0.));
#7957 = ORIENTED_EDGE('',*,*,#7958,.F.);
#7958 = EDGE_CURVE('',#7959,#7950,#7961,.T.);
#7959 = VERTEX_POINT('',#7960);
#7960 = CARTESIAN_POINT('',(41.690043,-1.468168,0.));
#7961 = LINE('',#7962,#7963);
#7962 = CARTESIAN_POINT('',(41.690043,-1.468168,0.));
#7963 = VECTOR('',#7964,1.);
#7964 = DIRECTION('',(0.999999998834,4.828918316667E-05,0.));
#7965 = ORIENTED_EDGE('',*,*,#7966,.F.);
#7966 = EDGE_CURVE('',#7967,#7959,#7969,.T.);
#7967 = VERTEX_POINT('',#7968);
#7968 = CARTESIAN_POINT('',(40.890044,-2.268168,0.));
#7969 = CIRCLE('',#7970,0.799999743761);
#7970 = AXIS2_PLACEMENT_3D('',#7971,#7972,#7973);
#7971 = CARTESIAN_POINT('',(41.690043743761,-2.26816774376,0.));
#7972 = DIRECTION('',(0.,0.,-1.));
#7973 = DIRECTION('',(-1.,-3.202998193413E-07,-0.));
#7974 = ORIENTED_EDGE('',*,*,#7975,.F.);
#7975 = EDGE_CURVE('',#7976,#7967,#7978,.T.);
#7976 = VERTEX_POINT('',#7977);
#7977 = CARTESIAN_POINT('',(40.890047,-15.2969,0.));
#7978 = LINE('',#7979,#7980);
#7979 = CARTESIAN_POINT('',(40.890047,-15.2969,0.));
#7980 = VECTOR('',#7981,1.);
#7981 = DIRECTION('',(-2.302603200013E-07,1.,0.));
#7982 = ORIENTED_EDGE('',*,*,#7983,.F.);
#7983 = EDGE_CURVE('',#7984,#7976,#7986,.T.);
#7984 = VERTEX_POINT('',#7985);
#7985 = CARTESIAN_POINT('',(41.165053,-15.571906,0.));
#7986 = CIRCLE('',#7987,0.27500465982);
#7987 = AXIS2_PLACEMENT_3D('',#7988,#7989,#7990);
#7988 = CARTESIAN_POINT('',(41.165051659816,-15.29690134018,0.));
#7989 = DIRECTION('',(0.,0.,-1.));
#7990 = DIRECTION('',(4.873312517851E-06,-0.999999999988,0.));
#7991 = ORIENTED_EDGE('',*,*,#7992,.F.);
#7992 = EDGE_CURVE('',#7993,#7984,#7995,.T.);
#7993 = VERTEX_POINT('',#7994);
#7994 = CARTESIAN_POINT('',(56.396853,-15.580965,0.));
#7995 = LINE('',#7996,#7997);
#7996 = CARTESIAN_POINT('',(56.396853,-15.580965,0.));
#7997 = VECTOR('',#7998,1.);
#7998 = DIRECTION('',(-0.999999823141,5.947424728418E-04,0.));
#7999 = ORIENTED_EDGE('',*,*,#8000,.F.);
#8000 = EDGE_CURVE('',#8001,#7993,#8003,.T.);
#8001 = VERTEX_POINT('',#8002);
#8002 = CARTESIAN_POINT('',(56.679853,-15.297943,0.));
#8003 = CIRCLE('',#8004,0.282997335614);
#8004 = AXIS2_PLACEMENT_3D('',#8005,#8006,#8007);
#8005 = CARTESIAN_POINT('',(56.396855665461,-15.29796766439,0.));
#8006 = DIRECTION('',(0.,0.,-1.));
#8007 = DIRECTION('',(0.999999996202,8.715417154628E-05,0.));
#8008 = ORIENTED_EDGE('',*,*,#8009,.F.);
#8009 = EDGE_CURVE('',#8010,#8001,#8012,.T.);
#8010 = VERTEX_POINT('',#8011);
#8011 = CARTESIAN_POINT('',(55.929999,8.606199,0.));
#8012 = LINE('',#8013,#8014);
#8013 = CARTESIAN_POINT('',(55.929999,8.606199,0.));
#8014 = VECTOR('',#8015,1.);
#8015 = DIRECTION('',(3.135378520147E-02,-0.999508349217,0.));
#8016 = ORIENTED_EDGE('',*,*,#8017,.F.);
#8017 = EDGE_CURVE('',#8018,#8010,#8020,.T.);
#8018 = VERTEX_POINT('',#8019);
#8019 = CARTESIAN_POINT('',(55.530002,9.006199,0.));
#8020 = CIRCLE('',#8021,0.399999018338);
#8021 = AXIS2_PLACEMENT_3D('',#8022,#8023,#8024);
#8022 = CARTESIAN_POINT('',(55.529999981664,8.606199981667,0.));
#8023 = DIRECTION('',(0.,0.,-1.));
#8024 = DIRECTION('',(5.045853585955E-06,0.999999999987,0.));
#8025 = ORIENTED_EDGE('',*,*,#8026,.F.);
#8026 = EDGE_CURVE('',#8027,#8018,#8029,.T.);
#8027 = VERTEX_POINT('',#8028);
#8028 = CARTESIAN_POINT('',(54.489999,9.006199,0.));
#8029 = LINE('',#8030,#8031);
#8030 = CARTESIAN_POINT('',(54.489999,9.006199,0.));
#8031 = VECTOR('',#8032,1.);
#8032 = DIRECTION('',(1.,0.,0.));
#8033 = ORIENTED_EDGE('',*,*,#8034,.F.);
#8034 = EDGE_CURVE('',#8035,#8027,#8037,.T.);
#8035 = VERTEX_POINT('',#8036);
#8036 = CARTESIAN_POINT('',(54.090045,9.406199,0.));
#8037 = CIRCLE('',#8038,0.399920504107);
#8038 = AXIS2_PLACEMENT_3D('',#8039,#8040,#8041);
#8039 = CARTESIAN_POINT('',(54.489965496205,9.406119502703,0.));
#8040 = DIRECTION('',(0.,0.,1.));
#8041 = DIRECTION('',(-0.999999980243,1.987827478541E-04,0.));
#8042 = ORIENTED_EDGE('',*,*,#8043,.F.);
#8043 = EDGE_CURVE('',#8044,#8035,#8046,.T.);
#8044 = VERTEX_POINT('',#8045);
#8045 = CARTESIAN_POINT('',(54.089999,12.606199,0.));
#8046 = LINE('',#8047,#8048);
#8047 = CARTESIAN_POINT('',(54.089999,12.606199,0.));
#8048 = VECTOR('',#8049,1.);
#8049 = DIRECTION('',(1.437499999997E-05,-0.999999999897,0.));
#8050 = ORIENTED_EDGE('',*,*,#8051,.F.);
#8051 = EDGE_CURVE('',#8052,#8044,#8054,.T.);
#8052 = VERTEX_POINT('',#8053);
#8053 = CARTESIAN_POINT('',(54.489999,13.006199,0.));
#8054 = CIRCLE('',#8055,0.399999018331);
#8055 = AXIS2_PLACEMENT_3D('',#8056,#8057,#8058);
#8056 = CARTESIAN_POINT('',(54.48999801833,12.60619998167,0.));
#8057 = DIRECTION('',(0.,0.,1.));
#8058 = DIRECTION('',(2.454181392577E-06,0.999999999997,-0.));
#8059 = ORIENTED_EDGE('',*,*,#8060,.F.);
#8060 = EDGE_CURVE('',#8061,#8052,#8063,.T.);
#8061 = VERTEX_POINT('',#8062);
#8062 = CARTESIAN_POINT('',(55.389999,13.006199,0.));
#8063 = LINE('',#8064,#8065);
#8064 = CARTESIAN_POINT('',(55.389999,13.006199,0.));
#8065 = VECTOR('',#8066,1.);
#8066 = DIRECTION('',(-1.,0.,0.));
#8067 = ORIENTED_EDGE('',*,*,#8068,.F.);
#8068 = EDGE_CURVE('',#7520,#8061,#8069,.T.);
#8069 = CIRCLE('',#8070,0.39999731124);
#8070 = AXIS2_PLACEMENT_3D('',#8071,#8072,#8073);
#8071 = CARTESIAN_POINT('',(55.390000688769,13.406196311237,0.));
#8072 = DIRECTION('',(0.,0.,-1.));
#8073 = DIRECTION('',(0.999999999977,6.721953707431E-06,0.));
#8074 = ORIENTED_EDGE('',*,*,#7527,.F.);
#8075 = FACE_BOUND('',#8076,.F.);
#8076 = EDGE_LOOP('',(#8077));
#8077 = ORIENTED_EDGE('',*,*,#8078,.T.);
#8078 = EDGE_CURVE('',#8079,#8079,#8081,.T.);
#8079 = VERTEX_POINT('',#8080);
#8080 = CARTESIAN_POINT('',(8.284996,-3.818766,0.));
#8081 = CIRCLE('',#8082,0.25);
#8082 = AXIS2_PLACEMENT_3D('',#8083,#8084,#8085);
#8083 = CARTESIAN_POINT('',(8.284996,-3.568766,0.));
#8084 = DIRECTION('',(-0.,0.,-1.));
#8085 = DIRECTION('',(-0.,-1.,0.));
#8086 = FACE_BOUND('',#8087,.F.);
#8087 = EDGE_LOOP('',(#8088));
#8088 = ORIENTED_EDGE('',*,*,#8089,.F.);
#8089 = EDGE_CURVE('',#8090,#8090,#8092,.T.);
#8090 = VERTEX_POINT('',#8091);
#8091 = CARTESIAN_POINT('',(3.,0.,0.));
#8092 = CIRCLE('',#8093,3.);
#8093 = AXIS2_PLACEMENT_3D('',#8094,#8095,#8096);
#8094 = CARTESIAN_POINT('',(0.,-0.,0.));
#8095 = DIRECTION('',(0.,0.,1.));
#8096 = DIRECTION('',(1.,0.,-0.));
#8097 = FACE_BOUND('',#8098,.F.);
#8098 = EDGE_LOOP('',(#8099));
#8099 = ORIENTED_EDGE('',*,*,#8100,.T.);
#8100 = EDGE_CURVE('',#8101,#8101,#8103,.T.);
#8101 = VERTEX_POINT('',#8102);
#8102 = CARTESIAN_POINT('',(9.734996,6.481234,0.));
#8103 = CIRCLE('',#8104,0.25);
#8104 = AXIS2_PLACEMENT_3D('',#8105,#8106,#8107);
#8105 = CARTESIAN_POINT('',(9.734996,6.731234,0.));
#8106 = DIRECTION('',(-0.,0.,-1.));
#8107 = DIRECTION('',(-0.,-1.,0.));
#8108 = FACE_BOUND('',#8109,.F.);
#8109 = EDGE_LOOP('',(#8110));
#8110 = ORIENTED_EDGE('',*,*,#8111,.F.);
#8111 = EDGE_CURVE('',#8112,#8112,#8114,.T.);
#8112 = VERTEX_POINT('',#8113);
#8113 = CARTESIAN_POINT('',(51.003063,1.9,0.));
#8114 = CIRCLE('',#8115,3.);
#8115 = AXIS2_PLACEMENT_3D('',#8116,#8117,#8118);
#8116 = CARTESIAN_POINT('',(48.003063,1.9,0.));
#8117 = DIRECTION('',(0.,0.,1.));
#8118 = DIRECTION('',(1.,0.,-0.));
#8119 = FACE_BOUND('',#8120,.F.);
#8120 = EDGE_LOOP('',(#8121));
#8121 = ORIENTED_EDGE('',*,*,#8122,.T.);
#8122 = EDGE_CURVE('',#8123,#8123,#8125,.T.);
#8123 = VERTEX_POINT('',#8124);
#8124 = CARTESIAN_POINT('',(42.214999,6.531199,0.));
#8125 = CIRCLE('',#8126,0.25);
#8126 = AXIS2_PLACEMENT_3D('',#8127,#8128,#8129);
#8127 = CARTESIAN_POINT('',(42.214999,6.781199,0.));
#8128 = DIRECTION('',(-0.,0.,-1.));
#8129 = DIRECTION('',(-0.,-1.,0.));
#8130 = FACE_BOUND('',#8131,.F.);
#8131 = EDGE_LOOP('',(#8132,#8143,#8151,#8160,#8168,#8177,#8185,#8194));
#8132 = ORIENTED_EDGE('',*,*,#8133,.F.);
#8133 = EDGE_CURVE('',#8134,#8136,#8138,.T.);
#8134 = VERTEX_POINT('',#8135);
#8135 = CARTESIAN_POINT('',(2.409996,24.406234,0.));
#8136 = VERTEX_POINT('',#8137);
#8137 = CARTESIAN_POINT('',(2.009996,24.006234,0.));
#8138 = CIRCLE('',#8139,0.399999018331);
#8139 = AXIS2_PLACEMENT_3D('',#8140,#8141,#8142);
#8140 = CARTESIAN_POINT('',(2.40999501833,24.00623498167,0.));
#8141 = DIRECTION('',(0.,0.,1.));
#8142 = DIRECTION('',(2.454181380364E-06,0.999999999997,-0.));
#8143 = ORIENTED_EDGE('',*,*,#8144,.F.);
#8144 = EDGE_CURVE('',#8145,#8134,#8147,.T.);
#8145 = VERTEX_POINT('',#8146);
#8146 = CARTESIAN_POINT('',(5.609996,24.406234,0.));
#8147 = LINE('',#8148,#8149);
#8148 = CARTESIAN_POINT('',(5.609996,24.406234,0.));
#8149 = VECTOR('',#8150,1.);
#8150 = DIRECTION('',(-1.,0.,0.));
#8151 = ORIENTED_EDGE('',*,*,#8152,.F.);
#8152 = EDGE_CURVE('',#8153,#8145,#8155,.T.);
#8153 = VERTEX_POINT('',#8154);
#8154 = CARTESIAN_POINT('',(6.009996,24.006234,0.));
#8155 = CIRCLE('',#8156,0.399999018331);
#8156 = AXIS2_PLACEMENT_3D('',#8157,#8158,#8159);
#8157 = CARTESIAN_POINT('',(5.60999698167,24.00623498167,0.));
#8158 = DIRECTION('',(0.,0.,1.));
#8159 = DIRECTION('',(0.999999999997,-2.454181383695E-06,0.));
#8160 = ORIENTED_EDGE('',*,*,#8161,.F.);
#8161 = EDGE_CURVE('',#8162,#8153,#8164,.T.);
#8162 = VERTEX_POINT('',#8163);
#8163 = CARTESIAN_POINT('',(6.009996,22.006257,0.));
#8164 = LINE('',#8165,#8166);
#8165 = CARTESIAN_POINT('',(6.009996,22.006257,0.));
#8166 = VECTOR('',#8167,1.);
#8167 = DIRECTION('',(0.,1.,0.));
#8168 = ORIENTED_EDGE('',*,*,#8169,.F.);
#8169 = EDGE_CURVE('',#8170,#8162,#8172,.T.);
#8170 = VERTEX_POINT('',#8171);
#8171 = CARTESIAN_POINT('',(5.609996,21.606234,0.));
#8172 = CIRCLE('',#8173,0.399999019556);
#8173 = AXIS2_PLACEMENT_3D('',#8174,#8175,#8176);
#8174 = CARTESIAN_POINT('',(5.609996981163,22.006233019555,0.));
#8175 = DIRECTION('',(0.,0.,1.));
#8176 = DIRECTION('',(-2.452912803376E-06,-0.999999999997,0.));
#8177 = ORIENTED_EDGE('',*,*,#8178,.F.);
#8178 = EDGE_CURVE('',#8179,#8170,#8181,.T.);
#8179 = VERTEX_POINT('',#8180);
#8180 = CARTESIAN_POINT('',(2.409996,21.606235,0.));
#8181 = LINE('',#8182,#8183);
#8182 = CARTESIAN_POINT('',(2.409996,21.606235,0.));
#8183 = VECTOR('',#8184,1.);
#8184 = DIRECTION('',(1.,-3.125000003212E-07,0.));
#8185 = ORIENTED_EDGE('',*,*,#8186,.F.);
#8186 = EDGE_CURVE('',#8187,#8179,#8189,.T.);
#8187 = VERTEX_POINT('',#8188);
#8188 = CARTESIAN_POINT('',(2.009996,22.009944,0.));
#8189 = CIRCLE('',#8190,0.400026250732);
#8190 = AXIS2_PLACEMENT_3D('',#8191,#8192,#8193);
#8191 = CARTESIAN_POINT('',(2.410005298182,22.006261250624,0.));
#8192 = DIRECTION('',(0.,0.,1.));
#8193 = DIRECTION('',(-0.999957621405,9.206269261598E-03,0.));
#8194 = ORIENTED_EDGE('',*,*,#8195,.F.);
#8195 = EDGE_CURVE('',#8136,#8187,#8196,.T.);
#8196 = LINE('',#8197,#8198);
#8197 = CARTESIAN_POINT('',(2.009996,24.006234,0.));
#8198 = VECTOR('',#8199,1.);
#8199 = DIRECTION('',(0.,-1.,0.));
#8200 = FACE_BOUND('',#8201,.F.);
#8201 = EDGE_LOOP('',(#8202,#8213,#8221,#8230,#8238,#8247,#8255,#8264));
#8202 = ORIENTED_EDGE('',*,*,#8203,.F.);
#8203 = EDGE_CURVE('',#8204,#8206,#8208,.T.);
#8204 = VERTEX_POINT('',#8205);
#8205 = CARTESIAN_POINT('',(46.389999,24.406199,0.));
#8206 = VERTEX_POINT('',#8207);
#8207 = CARTESIAN_POINT('',(45.99,24.006199,0.));
#8208 = CIRCLE('',#8209,0.39999731124);
#8209 = AXIS2_PLACEMENT_3D('',#8210,#8211,#8212);
#8210 = CARTESIAN_POINT('',(46.389997311231,24.006201688763,0.));
#8211 = DIRECTION('',(0.,0.,1.));
#8212 = DIRECTION('',(4.221950551393E-06,0.999999999991,-0.));
#8213 = ORIENTED_EDGE('',*,*,#8214,.F.);
#8214 = EDGE_CURVE('',#8215,#8204,#8217,.T.);
#8215 = VERTEX_POINT('',#8216);
#8216 = CARTESIAN_POINT('',(49.589999,24.406199,0.));
#8217 = LINE('',#8218,#8219);
#8218 = CARTESIAN_POINT('',(49.589999,24.406199,0.));
#8219 = VECTOR('',#8220,1.);
#8220 = DIRECTION('',(-1.,0.,0.));
#8221 = ORIENTED_EDGE('',*,*,#8222,.F.);
#8222 = EDGE_CURVE('',#8223,#8215,#8225,.T.);
#8223 = VERTEX_POINT('',#8224);
#8224 = CARTESIAN_POINT('',(49.989999,24.006199,0.));
#8225 = CIRCLE('',#8226,0.399999018331);
#8226 = AXIS2_PLACEMENT_3D('',#8227,#8228,#8229);
#8227 = CARTESIAN_POINT('',(49.58999998167,24.00619998167,0.));
#8228 = DIRECTION('',(0.,0.,1.));
#8229 = DIRECTION('',(0.999999999997,-2.454181383695E-06,0.));
#8230 = ORIENTED_EDGE('',*,*,#8231,.F.);
#8231 = EDGE_CURVE('',#8232,#8223,#8234,.T.);
#8232 = VERTEX_POINT('',#8233);
#8233 = CARTESIAN_POINT('',(49.989999,22.006157,0.));
#8234 = LINE('',#8235,#8236);
#8235 = CARTESIAN_POINT('',(49.989999,22.006157,0.));
#8236 = VECTOR('',#8237,1.);
#8237 = DIRECTION('',(0.,1.,0.));
#8238 = ORIENTED_EDGE('',*,*,#8239,.F.);
#8239 = EDGE_CURVE('',#8240,#8232,#8242,.T.);
#8240 = VERTEX_POINT('',#8241);
#8241 = CARTESIAN_POINT('',(49.589999,21.606199,0.));
#8242 = CIRCLE('',#8243,0.39999902192);
#8243 = AXIS2_PLACEMENT_3D('',#8244,#8245,#8246);
#8244 = CARTESIAN_POINT('',(49.589999980184,22.006198021919,0.));
#8245 = DIRECTION('',(0.,0.,1.));
#8246 = DIRECTION('',(-2.4504650098E-06,-0.999999999997,0.));
#8247 = ORIENTED_EDGE('',*,*,#8248,.F.);
#8248 = EDGE_CURVE('',#8249,#8240,#8251,.T.);
#8249 = VERTEX_POINT('',#8250);
#8250 = CARTESIAN_POINT('',(46.390002,21.606199,0.));
#8251 = LINE('',#8252,#8253);
#8252 = CARTESIAN_POINT('',(46.390002,21.606199,0.));
#8253 = VECTOR('',#8254,1.);
#8254 = DIRECTION('',(1.,0.,0.));
#8255 = ORIENTED_EDGE('',*,*,#8256,.F.);
#8256 = EDGE_CURVE('',#8257,#8249,#8259,.T.);
#8257 = VERTEX_POINT('',#8258);
#8258 = CARTESIAN_POINT('',(45.989999,22.006199,0.));
#8259 = CIRCLE('',#8260,0.399999018363);
#8260 = AXIS2_PLACEMENT_3D('',#8261,#8262,#8263);
#8261 = CARTESIAN_POINT('',(46.389998018362,22.006198018343,0.));
#8262 = DIRECTION('',(0.,0.,1.));
#8263 = DIRECTION('',(-0.999999999997,2.454148458645E-06,0.));
#8264 = ORIENTED_EDGE('',*,*,#8265,.F.);
#8265 = EDGE_CURVE('',#8206,#8257,#8266,.T.);
#8266 = LINE('',#8267,#8268);
#8267 = CARTESIAN_POINT('',(45.99,24.006199,0.));
#8268 = VECTOR('',#8269,1.);
#8269 = DIRECTION('',(-5.000000022903E-07,-1.,0.));
#8270 = PLANE('',#8271);
#8271 = AXIS2_PLACEMENT_3D('',#8272,#8273,#8274);
#8272 = CARTESIAN_POINT('',(0.,0.,0.));
#8273 = DIRECTION('',(0.,0.,1.));
#8274 = DIRECTION('',(1.,0.,-0.));
#8275 = ADVANCED_FACE('',(#8276,#8813,#8824,#8835,#8846,#8857,#8868,
    #8938),#9008,.T.);
#8276 = FACE_BOUND('',#8277,.T.);
#8277 = EDGE_LOOP('',(#8278,#8279,#8280,#8288,#8297,#8305,#8313,#8322,
    #8330,#8339,#8347,#8356,#8364,#8373,#8381,#8390,#8398,#8407,#8415,
    #8424,#8432,#8441,#8449,#8458,#8466,#8475,#8483,#8492,#8500,#8509,
    #8517,#8526,#8534,#8543,#8551,#8560,#8568,#8577,#8585,#8594,#8602,
    #8611,#8619,#8628,#8636,#8644,#8652,#8661,#8669,#8678,#8686,#8695,
    #8703,#8712,#8720,#8729,#8737,#8746,#8754,#8763,#8771,#8780,#8788,
    #8797,#8805,#8812));
#8278 = ORIENTED_EDGE('',*,*,#7447,.F.);
#8279 = ORIENTED_EDGE('',*,*,#7489,.F.);
#8280 = ORIENTED_EDGE('',*,*,#8281,.F.);
#8281 = EDGE_CURVE('',#8282,#7482,#8284,.T.);
#8282 = VERTEX_POINT('',#8283);
#8283 = CARTESIAN_POINT('',(48.003063,28.9,1.51));
#8284 = LINE('',#8285,#8286);
#8285 = CARTESIAN_POINT('',(48.003063,28.9,1.51));
#8286 = VECTOR('',#8287,1.);
#8287 = DIRECTION('',(0.,1.,0.));
#8288 = ORIENTED_EDGE('',*,*,#8289,.F.);
#8289 = EDGE_CURVE('',#8290,#8282,#8292,.T.);
#8290 = VERTEX_POINT('',#8291);
#8291 = CARTESIAN_POINT('',(42.003063,28.9,1.51));
#8292 = CIRCLE('',#8293,3.);
#8293 = AXIS2_PLACEMENT_3D('',#8294,#8295,#8296);
#8294 = CARTESIAN_POINT('',(45.003063,28.9,1.51));
#8295 = DIRECTION('',(0.,0.,1.));
#8296 = DIRECTION('',(-1.,0.,-0.));
#8297 = ORIENTED_EDGE('',*,*,#8298,.F.);
#8298 = EDGE_CURVE('',#8299,#8290,#8301,.T.);
#8299 = VERTEX_POINT('',#8300);
#8300 = CARTESIAN_POINT('',(42.003063,32.169,1.51));
#8301 = LINE('',#8302,#8303);
#8302 = CARTESIAN_POINT('',(42.003063,32.169,1.51));
#8303 = VECTOR('',#8304,1.);
#8304 = DIRECTION('',(0.,-1.,0.));
#8305 = ORIENTED_EDGE('',*,*,#8306,.F.);
#8306 = EDGE_CURVE('',#8307,#8299,#8309,.T.);
#8307 = VERTEX_POINT('',#8308);
#8308 = CARTESIAN_POINT('',(35.999997,32.159001,1.51));
#8309 = LINE('',#8310,#8311);
#8310 = CARTESIAN_POINT('',(35.999997,32.159001,1.51));
#8311 = VECTOR('',#8312,1.);
#8312 = DIRECTION('',(0.99999861281,1.665646542863E-03,0.));
#8313 = ORIENTED_EDGE('',*,*,#8314,.F.);
#8314 = EDGE_CURVE('',#8315,#8307,#8317,.T.);
#8315 = VERTEX_POINT('',#8316);
#8316 = CARTESIAN_POINT('',(35.704997,31.863957,1.51));
#8317 = CIRCLE('',#8318,0.294998300481);
#8318 = AXIS2_PLACEMENT_3D('',#8319,#8320,#8321);
#8319 = CARTESIAN_POINT('',(35.999995296941,31.864002699524,1.51));
#8320 = DIRECTION('',(0.,0.,-1.));
#8321 = DIRECTION('',(-0.999999988001,-1.549145333027E-04,-0.));
#8322 = ORIENTED_EDGE('',*,*,#8323,.F.);
#8323 = EDGE_CURVE('',#8324,#8315,#8326,.T.);
#8324 = VERTEX_POINT('',#8325);
#8325 = CARTESIAN_POINT('',(15.694962,31.859052,1.51));
#8326 = LINE('',#8327,#8328);
#8327 = CARTESIAN_POINT('',(15.694962,31.859052,1.51));
#8328 = VECTOR('',#8329,1.);
#8329 = DIRECTION('',(0.999999969956,2.451270001595E-04,0.));
#8330 = ORIENTED_EDGE('',*,*,#8331,.F.);
#8331 = EDGE_CURVE('',#8332,#8324,#8334,.T.);
#8332 = VERTEX_POINT('',#8333);
#8333 = CARTESIAN_POINT('',(15.397997,32.159,1.51));
#8334 = CIRCLE('',#8335,0.2950053017);
#8335 = AXIS2_PLACEMENT_3D('',#8336,#8337,#8338);
#8336 = CARTESIAN_POINT('',(15.399998221516,31.864001486201,1.51));
#8337 = DIRECTION('',(0.,0.,-1.));
#8338 = DIRECTION('',(-6.783679833793E-03,0.999976990579,0.));
#8339 = ORIENTED_EDGE('',*,*,#8340,.F.);
#8340 = EDGE_CURVE('',#8341,#8332,#8343,.T.);
#8341 = VERTEX_POINT('',#8342);
#8342 = CARTESIAN_POINT('',(-3.340763,32.146243,1.51));
#8343 = LINE('',#8344,#8345);
#8344 = CARTESIAN_POINT('',(-3.340763,32.146243,1.51));
#8345 = VECTOR('',#8346,1.);
#8346 = DIRECTION('',(0.999999768268,6.807812813548E-04,0.));
#8347 = ORIENTED_EDGE('',*,*,#8348,.F.);
#8348 = EDGE_CURVE('',#8349,#8341,#8351,.T.);
#8349 = VERTEX_POINT('',#8350);
#8350 = CARTESIAN_POINT('',(-3.476452,31.936457,1.51));
#8351 = CIRCLE('',#8352,0.229951672705);
#8352 = AXIS2_PLACEMENT_3D('',#8353,#8354,#8355);
#8353 = CARTESIAN_POINT('',(-3.246500331229,31.936499535129,1.51));
#8354 = DIRECTION('',(0.,0.,-1.));
#8355 = DIRECTION('',(-0.999999982892,-1.849742102507E-04,-0.));
#8356 = ORIENTED_EDGE('',*,*,#8357,.F.);
#8357 = EDGE_CURVE('',#8358,#8349,#8360,.T.);
#8358 = VERTEX_POINT('',#8359);
#8359 = CARTESIAN_POINT('',(-3.990004,13.406234,1.51));
#8360 = LINE('',#8361,#8362);
#8361 = CARTESIAN_POINT('',(-3.990004,13.406234,1.51));
#8362 = VECTOR('',#8363,1.);
#8363 = DIRECTION('',(2.770365410771E-02,0.999616180116,0.));
#8364 = ORIENTED_EDGE('',*,*,#8365,.F.);
#8365 = EDGE_CURVE('',#8366,#8358,#8368,.T.);
#8366 = VERTEX_POINT('',#8367);
#8367 = CARTESIAN_POINT('',(-3.590004,13.006234,1.51));
#8368 = CIRCLE('',#8369,0.399999018331);
#8369 = AXIS2_PLACEMENT_3D('',#8370,#8371,#8372);
#8370 = CARTESIAN_POINT('',(-3.59000498167,13.40623301833,1.51));
#8371 = DIRECTION('',(0.,0.,-1.));
#8372 = DIRECTION('',(2.454181388136E-06,-0.999999999997,0.));
#8373 = ORIENTED_EDGE('',*,*,#8374,.F.);
#8374 = EDGE_CURVE('',#8375,#8366,#8377,.T.);
#8375 = VERTEX_POINT('',#8376);
#8376 = CARTESIAN_POINT('',(-2.690004,13.006234,1.51));
#8377 = LINE('',#8378,#8379);
#8378 = CARTESIAN_POINT('',(-2.690004,13.006234,1.51));
#8379 = VECTOR('',#8380,1.);
#8380 = DIRECTION('',(-1.,0.,0.));
#8381 = ORIENTED_EDGE('',*,*,#8382,.F.);
#8382 = EDGE_CURVE('',#8383,#8375,#8385,.T.);
#8383 = VERTEX_POINT('',#8384);
#8384 = CARTESIAN_POINT('',(-2.290022,12.606234,1.51));
#8385 = CIRCLE('',#8386,0.399968292463);
#8386 = AXIS2_PLACEMENT_3D('',#8387,#8388,#8389);
#8387 = CARTESIAN_POINT('',(-2.689990291206,12.606265707772,1.51));
#8388 = DIRECTION('',(0.,0.,1.));
#8389 = DIRECTION('',(0.999999996858,-7.927571488696E-05,0.));
#8390 = ORIENTED_EDGE('',*,*,#8391,.F.);
#8391 = EDGE_CURVE('',#8392,#8383,#8394,.T.);
#8392 = VERTEX_POINT('',#8393);
#8393 = CARTESIAN_POINT('',(-2.290004,9.406234,1.51));
#8394 = LINE('',#8395,#8396);
#8395 = CARTESIAN_POINT('',(-2.290004,9.406234,1.51));
#8396 = VECTOR('',#8397,1.);
#8397 = DIRECTION('',(-5.624999999865E-06,0.999999999984,0.));
#8398 = ORIENTED_EDGE('',*,*,#8399,.F.);
#8399 = EDGE_CURVE('',#8400,#8392,#8402,.T.);
#8400 = VERTEX_POINT('',#8401);
#8401 = CARTESIAN_POINT('',(-2.690004,9.006234,1.51));
#8402 = CIRCLE('',#8403,0.399999018331);
#8403 = AXIS2_PLACEMENT_3D('',#8404,#8405,#8406);
#8404 = CARTESIAN_POINT('',(-2.69000301833,9.40623301833,1.51));
#8405 = DIRECTION('',(0.,0.,1.));
#8406 = DIRECTION('',(-2.454181387026E-06,-0.999999999997,0.));
#8407 = ORIENTED_EDGE('',*,*,#8408,.F.);
#8408 = EDGE_CURVE('',#8409,#8400,#8411,.T.);
#8409 = VERTEX_POINT('',#8410);
#8410 = CARTESIAN_POINT('',(-3.730004,9.006234,1.51));
#8411 = LINE('',#8412,#8413);
#8412 = CARTESIAN_POINT('',(-3.730004,9.006234,1.51));
#8413 = VECTOR('',#8414,1.);
#8414 = DIRECTION('',(1.,0.,0.));
#8415 = ORIENTED_EDGE('',*,*,#8416,.F.);
#8416 = EDGE_CURVE('',#8417,#8409,#8419,.T.);
#8417 = VERTEX_POINT('',#8418);
#8418 = CARTESIAN_POINT('',(-4.130003,8.606234,1.51));
#8419 = CIRCLE('',#8420,0.39999731124);
#8420 = AXIS2_PLACEMENT_3D('',#8421,#8422,#8423);
#8421 = CARTESIAN_POINT('',(-3.730005688769,8.606236688763,1.51));
#8422 = DIRECTION('',(0.,0.,-1.));
#8423 = DIRECTION('',(-0.999999999977,-6.721953676344E-06,-0.));
#8424 = ORIENTED_EDGE('',*,*,#8425,.F.);
#8425 = EDGE_CURVE('',#8426,#8417,#8428,.T.);
#8426 = VERTEX_POINT('',#8427);
#8427 = CARTESIAN_POINT('',(-4.555798,-6.893765,1.51));
#8428 = LINE('',#8429,#8430);
#8429 = CARTESIAN_POINT('',(-4.555798,-6.893765,1.51));
#8430 = VECTOR('',#8431,1.);
#8431 = DIRECTION('',(2.746028762071E-02,0.999622895198,0.));
#8432 = ORIENTED_EDGE('',*,*,#8433,.F.);
#8433 = EDGE_CURVE('',#8434,#8426,#8436,.T.);
#8434 = VERTEX_POINT('',#8435);
#8435 = CARTESIAN_POINT('',(-4.155798,-7.293765,1.51));
#8436 = CIRCLE('',#8437,0.399999018331);
#8437 = AXIS2_PLACEMENT_3D('',#8438,#8439,#8440);
#8438 = CARTESIAN_POINT('',(-4.15579898167,-6.89376598167,1.51));
#8439 = DIRECTION('',(0.,0.,-1.));
#8440 = DIRECTION('',(2.454181390356E-06,-0.999999999997,0.));
#8441 = ORIENTED_EDGE('',*,*,#8442,.F.);
#8442 = EDGE_CURVE('',#8443,#8434,#8445,.T.);
#8443 = VERTEX_POINT('',#8444);
#8444 = CARTESIAN_POINT('',(-2.690004,-7.293766,1.51));
#8445 = LINE('',#8446,#8447);
#8446 = CARTESIAN_POINT('',(-2.690004,-7.293766,1.51));
#8447 = VECTOR('',#8448,1.);
#8448 = DIRECTION('',(-1.,6.82224105256E-07,0.));
#8449 = ORIENTED_EDGE('',*,*,#8450,.F.);
#8450 = EDGE_CURVE('',#8451,#8443,#8453,.T.);
#8451 = VERTEX_POINT('',#8452);
#8452 = CARTESIAN_POINT('',(-2.290004,-7.693766,1.51));
#8453 = CIRCLE('',#8454,0.399999018331);
#8454 = AXIS2_PLACEMENT_3D('',#8455,#8456,#8457);
#8455 = CARTESIAN_POINT('',(-2.69000301833,-7.69376501833,1.51));
#8456 = DIRECTION('',(0.,0.,1.));
#8457 = DIRECTION('',(0.999999999997,-2.454181390356E-06,0.));
#8458 = ORIENTED_EDGE('',*,*,#8459,.F.);
#8459 = EDGE_CURVE('',#8460,#8451,#8462,.T.);
#8460 = VERTEX_POINT('',#8461);
#8461 = CARTESIAN_POINT('',(-2.290004,-10.893766,1.51));
#8462 = LINE('',#8463,#8464);
#8463 = CARTESIAN_POINT('',(-2.290004,-10.893766,1.51));
#8464 = VECTOR('',#8465,1.);
#8465 = DIRECTION('',(0.,1.,0.));
#8466 = ORIENTED_EDGE('',*,*,#8467,.F.);
#8467 = EDGE_CURVE('',#8468,#8460,#8470,.T.);
#8468 = VERTEX_POINT('',#8469);
#8469 = CARTESIAN_POINT('',(-2.690004,-11.293766,1.51));
#8470 = CIRCLE('',#8471,0.399999018331);
#8471 = AXIS2_PLACEMENT_3D('',#8472,#8473,#8474);
#8472 = CARTESIAN_POINT('',(-2.69000301833,-10.89376698167,1.51));
#8473 = DIRECTION('',(0.,0.,1.));
#8474 = DIRECTION('',(-2.454181389246E-06,-0.999999999997,0.));
#8475 = ORIENTED_EDGE('',*,*,#8476,.F.);
#8476 = EDGE_CURVE('',#8477,#8468,#8479,.T.);
#8477 = VERTEX_POINT('',#8478);
#8478 = CARTESIAN_POINT('',(-4.285798,-11.293766,1.51));
#8479 = LINE('',#8480,#8481);
#8480 = CARTESIAN_POINT('',(-4.285798,-11.293766,1.51));
#8481 = VECTOR('',#8482,1.);
#8482 = DIRECTION('',(1.,0.,0.));
#8483 = ORIENTED_EDGE('',*,*,#8484,.F.);
#8484 = EDGE_CURVE('',#8485,#8477,#8487,.T.);
#8485 = VERTEX_POINT('',#8486);
#8486 = CARTESIAN_POINT('',(-4.685797,-11.693766,1.51));
#8487 = CIRCLE('',#8488,0.39999731124);
#8488 = AXIS2_PLACEMENT_3D('',#8489,#8490,#8491);
#8489 = CARTESIAN_POINT('',(-4.285799688769,-11.69376331123,1.51));
#8490 = DIRECTION('',(0.,0.,-1.));
#8491 = DIRECTION('',(-0.999999999977,-6.721953676344E-06,-0.));
#8492 = ORIENTED_EDGE('',*,*,#8493,.F.);
#8493 = EDGE_CURVE('',#8494,#8485,#8496,.T.);
#8494 = VERTEX_POINT('',#8495);
#8495 = CARTESIAN_POINT('',(-4.787003,-15.297999,1.51));
#8496 = LINE('',#8497,#8498);
#8497 = CARTESIAN_POINT('',(-4.787003,-15.297999,1.51));
#8498 = VECTOR('',#8499,1.);
#8499 = DIRECTION('',(2.806869713526E-02,0.999605996501,0.));
#8500 = ORIENTED_EDGE('',*,*,#8501,.F.);
#8501 = EDGE_CURVE('',#8502,#8494,#8504,.T.);
#8502 = VERTEX_POINT('',#8503);
#8503 = CARTESIAN_POINT('',(-4.503998,-15.580999,1.51));
#8504 = CIRCLE('',#8505,0.283000748028);
#8505 = AXIS2_PLACEMENT_3D('',#8506,#8507,#8508);
#8506 = CARTESIAN_POINT('',(-4.504002251973,-15.297998252,1.51));
#8507 = DIRECTION('',(0.,0.,-1.));
#8508 = DIRECTION('',(1.502460066754E-05,-0.999999999887,0.));
#8509 = ORIENTED_EDGE('',*,*,#8510,.F.);
#8510 = EDGE_CURVE('',#8511,#8502,#8513,.T.);
#8511 = VERTEX_POINT('',#8512);
#8512 = CARTESIAN_POINT('',(10.741563,-15.571905,1.51));
#8513 = LINE('',#8514,#8515);
#8514 = CARTESIAN_POINT('',(10.741563,-15.571905,1.51));
#8515 = VECTOR('',#8516,1.);
#8516 = DIRECTION('',(-0.999999822093,-5.965013935607E-04,0.));
#8517 = ORIENTED_EDGE('',*,*,#8518,.F.);
#8518 = EDGE_CURVE('',#8519,#8511,#8521,.T.);
#8519 = VERTEX_POINT('',#8520);
#8520 = CARTESIAN_POINT('',(11.016569,-15.296899,1.51));
#8521 = CIRCLE('',#8522,0.27500465982);
#8522 = AXIS2_PLACEMENT_3D('',#8523,#8524,#8525);
#8523 = CARTESIAN_POINT('',(10.741564340184,-15.29690034018,1.51));
#8524 = DIRECTION('',(0.,0.,-1.));
#8525 = DIRECTION('',(0.999999999988,4.873312517851E-06,0.));
#8526 = ORIENTED_EDGE('',*,*,#8527,.F.);
#8527 = EDGE_CURVE('',#8528,#8519,#8530,.T.);
#8528 = VERTEX_POINT('',#8529);
#8529 = CARTESIAN_POINT('',(11.016564,-2.268167,1.51));
#8530 = LINE('',#8531,#8532);
#8531 = CARTESIAN_POINT('',(11.016564,-2.268167,1.51));
#8532 = VECTOR('',#8533,1.);
#8533 = DIRECTION('',(3.837672000476E-07,-1.,0.));
#8534 = ORIENTED_EDGE('',*,*,#8535,.F.);
#8535 = EDGE_CURVE('',#8536,#8528,#8538,.T.);
#8536 = VERTEX_POINT('',#8537);
#8537 = CARTESIAN_POINT('',(10.216564,-1.468167,1.51));
#8538 = CIRCLE('',#8539,0.800001450872);
#8539 = AXIS2_PLACEMENT_3D('',#8540,#8541,#8542);
#8540 = CARTESIAN_POINT('',(10.216562549129,-2.268168450871,1.51));
#8541 = DIRECTION('',(0.,0.,-1.));
#8542 = DIRECTION('',(1.813584997115E-06,0.999999999998,0.));
#8543 = ORIENTED_EDGE('',*,*,#8544,.F.);
#8544 = EDGE_CURVE('',#8545,#8536,#8547,.T.);
#8545 = VERTEX_POINT('',#8546);
#8546 = CARTESIAN_POINT('',(9.477997,-1.468167,1.51));
#8547 = LINE('',#8548,#8549);
#8548 = CARTESIAN_POINT('',(9.477997,-1.468167,1.51));
#8549 = VECTOR('',#8550,1.);
#8550 = DIRECTION('',(1.,0.,0.));
#8551 = ORIENTED_EDGE('',*,*,#8552,.F.);
#8552 = EDGE_CURVE('',#8553,#8545,#8555,.T.);
#8553 = VERTEX_POINT('',#8554);
#8554 = CARTESIAN_POINT('',(8.677999,-0.662347,1.51));
#8555 = CIRCLE('',#8556,0.800035443676);
#8556 = AXIS2_PLACEMENT_3D('',#8557,#8558,#8559);
#8557 = CARTESIAN_POINT('',(9.478013531145,-0.668131556495,1.51));
#8558 = DIRECTION('',(0.,0.,1.));
#8559 = DIRECTION('',(-0.999973860495,7.23037528005E-03,0.));
#8560 = ORIENTED_EDGE('',*,*,#8561,.F.);
#8561 = EDGE_CURVE('',#8562,#8553,#8564,.T.);
#8562 = VERTEX_POINT('',#8563);
#8563 = CARTESIAN_POINT('',(8.677999,3.406235,1.51));
#8564 = LINE('',#8565,#8566);
#8565 = CARTESIAN_POINT('',(8.677999,3.406235,1.51));
#8566 = VECTOR('',#8567,1.);
#8567 = DIRECTION('',(0.,-1.,0.));
#8568 = ORIENTED_EDGE('',*,*,#8569,.F.);
#8569 = EDGE_CURVE('',#8570,#8562,#8572,.T.);
#8570 = VERTEX_POINT('',#8571);
#8571 = CARTESIAN_POINT('',(9.47143,4.206233,1.51));
#8572 = CIRCLE('',#8573,0.800046435418);
#8573 = AXIS2_PLACEMENT_3D('',#8574,#8575,#8576);
#8574 = CARTESIAN_POINT('',(9.47804543514,3.406213915951,1.51));
#8575 = DIRECTION('',(0.,0.,1.));
#8576 = DIRECTION('',(-8.268813968209E-03,0.999965812773,0.));
#8577 = ORIENTED_EDGE('',*,*,#8578,.F.);
#8578 = EDGE_CURVE('',#8579,#8570,#8581,.T.);
#8579 = VERTEX_POINT('',#8580);
#8580 = CARTESIAN_POINT('',(10.209997,4.206233,1.51));
#8581 = LINE('',#8582,#8583);
#8582 = CARTESIAN_POINT('',(10.209997,4.206233,1.51));
#8583 = VECTOR('',#8584,1.);
#8584 = DIRECTION('',(-1.,0.,0.));
#8585 = ORIENTED_EDGE('',*,*,#8586,.F.);
#8586 = EDGE_CURVE('',#8587,#8579,#8589,.T.);
#8587 = VERTEX_POINT('',#8588);
#8588 = CARTESIAN_POINT('',(11.009997,5.006233,1.51));
#8589 = CIRCLE('',#8590,0.800001450872);
#8590 = AXIS2_PLACEMENT_3D('',#8591,#8592,#8593);
#8591 = CARTESIAN_POINT('',(10.209995549129,5.006234450871,1.51));
#8592 = DIRECTION('',(0.,0.,-1.));
#8593 = DIRECTION('',(0.999999999998,-1.813584997115E-06,0.));
#8594 = ORIENTED_EDGE('',*,*,#8595,.F.);
#8595 = EDGE_CURVE('',#8596,#8587,#8598,.T.);
#8596 = VERTEX_POINT('',#8597);
#8597 = CARTESIAN_POINT('',(11.01,24.539,1.51));
#8598 = LINE('',#8599,#8600);
#8599 = CARTESIAN_POINT('',(11.01,24.539,1.51));
#8600 = VECTOR('',#8601,1.);
#8601 = DIRECTION('',(-1.535880707291E-07,-1.,0.));
#8602 = ORIENTED_EDGE('',*,*,#8603,.F.);
#8603 = EDGE_CURVE('',#8604,#8596,#8606,.T.);
#8604 = VERTEX_POINT('',#8605);
#8605 = CARTESIAN_POINT('',(13.268,26.797,1.51));
#8606 = CIRCLE('',#8607,2.258000382116);
#8607 = AXIS2_PLACEMENT_3D('',#8608,#8609,#8610);
#8608 = CARTESIAN_POINT('',(13.268000382116,24.538999617884,1.51));
#8609 = DIRECTION('',(0.,0.,1.));
#8610 = DIRECTION('',(-1.692277013114E-07,1.,0.));
#8611 = ORIENTED_EDGE('',*,*,#8612,.F.);
#8612 = EDGE_CURVE('',#8613,#8604,#8615,.T.);
#8613 = VERTEX_POINT('',#8614);
#8614 = CARTESIAN_POINT('',(33.631997,26.796964,1.51));
#8615 = LINE('',#8616,#8617);
#8616 = CARTESIAN_POINT('',(33.631997,26.796964,1.51));
#8617 = VECTOR('',#8618,1.);
#8618 = DIRECTION('',(-0.999999999998,1.767825835047E-06,0.));
#8619 = ORIENTED_EDGE('',*,*,#8620,.F.);
#8620 = EDGE_CURVE('',#8621,#8613,#8623,.T.);
#8621 = VERTEX_POINT('',#8622);
#8622 = CARTESIAN_POINT('',(35.889997,24.531596,1.51));
#8623 = CIRCLE('',#8624,2.258020787694);
#8624 = AXIS2_PLACEMENT_3D('',#8625,#8626,#8627);
#8625 = CARTESIAN_POINT('',(33.631988165622,24.538943212323,1.51));
#8626 = DIRECTION('',(0.,0.,1.));
#8627 = DIRECTION('',(0.999994706286,-3.253828469236E-03,0.));
#8628 = ORIENTED_EDGE('',*,*,#8629,.F.);
#8629 = EDGE_CURVE('',#8630,#8621,#8632,.T.);
#8630 = VERTEX_POINT('',#8631);
#8631 = CARTESIAN_POINT('',(35.889997,23.856596,1.51));
#8632 = LINE('',#8633,#8634);
#8633 = CARTESIAN_POINT('',(35.889997,23.856596,1.51));
#8634 = VECTOR('',#8635,1.);
#8635 = DIRECTION('',(0.,1.,0.));
#8636 = ORIENTED_EDGE('',*,*,#8637,.F.);
#8637 = EDGE_CURVE('',#8638,#8630,#8640,.T.);
#8638 = VERTEX_POINT('',#8639);
#8639 = CARTESIAN_POINT('',(40.889994,23.849243,1.51));
#8640 = LINE('',#8641,#8642);
#8641 = CARTESIAN_POINT('',(40.889994,23.849243,1.51));
#8642 = VECTOR('',#8643,1.);
#8643 = DIRECTION('',(-0.999998918668,1.470599292153E-03,0.));
#8644 = ORIENTED_EDGE('',*,*,#8645,.F.);
#8645 = EDGE_CURVE('',#8646,#8638,#8648,.T.);
#8646 = VERTEX_POINT('',#8647);
#8647 = CARTESIAN_POINT('',(40.889999,5.006199,1.51));
#8648 = LINE('',#8649,#8650);
#8649 = CARTESIAN_POINT('',(40.889999,5.006199,1.51));
#8650 = VECTOR('',#8651,1.);
#8651 = DIRECTION('',(-2.653499085173E-07,1.,0.));
#8652 = ORIENTED_EDGE('',*,*,#8653,.F.);
#8653 = EDGE_CURVE('',#8654,#8646,#8656,.T.);
#8654 = VERTEX_POINT('',#8655);
#8655 = CARTESIAN_POINT('',(41.690002,4.206199,1.51));
#8656 = CIRCLE('',#8657,0.800001450872);
#8657 = AXIS2_PLACEMENT_3D('',#8658,#8659,#8660);
#8658 = CARTESIAN_POINT('',(41.690000450871,5.006200450871,1.51));
#8659 = DIRECTION('',(0.,0.,-1.));
#8660 = DIRECTION('',(1.936407821653E-06,-0.999999999998,0.));
#8661 = ORIENTED_EDGE('',*,*,#8662,.F.);
#8662 = EDGE_CURVE('',#8663,#8654,#8665,.T.);
#8663 = VERTEX_POINT('',#8664);
#8664 = CARTESIAN_POINT('',(42.414843,4.206234,1.51));
#8665 = LINE('',#8666,#8667);
#8666 = CARTESIAN_POINT('',(42.414843,4.206234,1.51));
#8667 = VECTOR('',#8668,1.);
#8668 = DIRECTION('',(-0.999999998834,-4.828645173169E-05,0.));
#8669 = ORIENTED_EDGE('',*,*,#8670,.F.);
#8670 = EDGE_CURVE('',#8671,#8663,#8673,.T.);
#8671 = VERTEX_POINT('',#8672);
#8672 = CARTESIAN_POINT('',(43.214841,3.406235,1.51));
#8673 = CIRCLE('',#8674,0.799999743764);
#8674 = AXIS2_PLACEMENT_3D('',#8675,#8676,#8677);
#8675 = CARTESIAN_POINT('',(42.414841256237,3.406234256238,1.51));
#8676 = DIRECTION('',(0.,0.,1.));
#8677 = DIRECTION('',(1.,9.297026056963E-07,-0.));
#8678 = ORIENTED_EDGE('',*,*,#8679,.F.);
#8679 = EDGE_CURVE('',#8680,#8671,#8682,.T.);
#8680 = VERTEX_POINT('',#8681);
#8681 = CARTESIAN_POINT('',(43.214841,-0.668134,1.51));
#8682 = LINE('',#8683,#8684);
#8683 = CARTESIAN_POINT('',(43.214841,-0.668134,1.51));
#8684 = VECTOR('',#8685,1.);
#8685 = DIRECTION('',(0.,1.,0.));
#8686 = ORIENTED_EDGE('',*,*,#8687,.F.);
#8687 = EDGE_CURVE('',#8688,#8680,#8690,.T.);
#8688 = VERTEX_POINT('',#8689);
#8689 = CARTESIAN_POINT('',(42.414843,-1.468133,1.51));
#8690 = CIRCLE('',#8691,0.799999743764);
#8691 = AXIS2_PLACEMENT_3D('',#8692,#8693,#8694);
#8692 = CARTESIAN_POINT('',(42.414841256237,-0.668133256238,1.51));
#8693 = DIRECTION('',(0.,0.,1.));
#8694 = DIRECTION('',(2.179704946356E-06,-0.999999999998,0.));
#8695 = ORIENTED_EDGE('',*,*,#8696,.F.);
#8696 = EDGE_CURVE('',#8697,#8688,#8699,.T.);
#8697 = VERTEX_POINT('',#8698);
#8698 = CARTESIAN_POINT('',(41.690043,-1.468168,1.51));
#8699 = LINE('',#8700,#8701);
#8700 = CARTESIAN_POINT('',(41.690043,-1.468168,1.51));
#8701 = VECTOR('',#8702,1.);
#8702 = DIRECTION('',(0.999999998834,4.828918316667E-05,0.));
#8703 = ORIENTED_EDGE('',*,*,#8704,.F.);
#8704 = EDGE_CURVE('',#8705,#8697,#8707,.T.);
#8705 = VERTEX_POINT('',#8706);
#8706 = CARTESIAN_POINT('',(40.890044,-2.268168,1.51));
#8707 = CIRCLE('',#8708,0.799999743761);
#8708 = AXIS2_PLACEMENT_3D('',#8709,#8710,#8711);
#8709 = CARTESIAN_POINT('',(41.690043743761,-2.26816774376,1.51));
#8710 = DIRECTION('',(0.,0.,-1.));
#8711 = DIRECTION('',(-1.,-3.202998193413E-07,-0.));
#8712 = ORIENTED_EDGE('',*,*,#8713,.F.);
#8713 = EDGE_CURVE('',#8714,#8705,#8716,.T.);
#8714 = VERTEX_POINT('',#8715);
#8715 = CARTESIAN_POINT('',(40.890047,-15.2969,1.51));
#8716 = LINE('',#8717,#8718);
#8717 = CARTESIAN_POINT('',(40.890047,-15.2969,1.51));
#8718 = VECTOR('',#8719,1.);
#8719 = DIRECTION('',(-2.302603200013E-07,1.,0.));
#8720 = ORIENTED_EDGE('',*,*,#8721,.F.);
#8721 = EDGE_CURVE('',#8722,#8714,#8724,.T.);
#8722 = VERTEX_POINT('',#8723);
#8723 = CARTESIAN_POINT('',(41.165053,-15.571906,1.51));
#8724 = CIRCLE('',#8725,0.27500465982);
#8725 = AXIS2_PLACEMENT_3D('',#8726,#8727,#8728);
#8726 = CARTESIAN_POINT('',(41.165051659816,-15.29690134018,1.51));
#8727 = DIRECTION('',(0.,0.,-1.));
#8728 = DIRECTION('',(4.873312517851E-06,-0.999999999988,0.));
#8729 = ORIENTED_EDGE('',*,*,#8730,.F.);
#8730 = EDGE_CURVE('',#8731,#8722,#8733,.T.);
#8731 = VERTEX_POINT('',#8732);
#8732 = CARTESIAN_POINT('',(56.396853,-15.580965,1.51));
#8733 = LINE('',#8734,#8735);
#8734 = CARTESIAN_POINT('',(56.396853,-15.580965,1.51));
#8735 = VECTOR('',#8736,1.);
#8736 = DIRECTION('',(-0.999999823141,5.947424728418E-04,0.));
#8737 = ORIENTED_EDGE('',*,*,#8738,.F.);
#8738 = EDGE_CURVE('',#8739,#8731,#8741,.T.);
#8739 = VERTEX_POINT('',#8740);
#8740 = CARTESIAN_POINT('',(56.679853,-15.297943,1.51));
#8741 = CIRCLE('',#8742,0.282997335614);
#8742 = AXIS2_PLACEMENT_3D('',#8743,#8744,#8745);
#8743 = CARTESIAN_POINT('',(56.396855665461,-15.29796766439,1.51));
#8744 = DIRECTION('',(0.,0.,-1.));
#8745 = DIRECTION('',(0.999999996202,8.715417154628E-05,0.));
#8746 = ORIENTED_EDGE('',*,*,#8747,.F.);
#8747 = EDGE_CURVE('',#8748,#8739,#8750,.T.);
#8748 = VERTEX_POINT('',#8749);
#8749 = CARTESIAN_POINT('',(55.929999,8.606199,1.51));
#8750 = LINE('',#8751,#8752);
#8751 = CARTESIAN_POINT('',(55.929999,8.606199,1.51));
#8752 = VECTOR('',#8753,1.);
#8753 = DIRECTION('',(3.135378520147E-02,-0.999508349217,0.));
#8754 = ORIENTED_EDGE('',*,*,#8755,.F.);
#8755 = EDGE_CURVE('',#8756,#8748,#8758,.T.);
#8756 = VERTEX_POINT('',#8757);
#8757 = CARTESIAN_POINT('',(55.530002,9.006199,1.51));
#8758 = CIRCLE('',#8759,0.399999018338);
#8759 = AXIS2_PLACEMENT_3D('',#8760,#8761,#8762);
#8760 = CARTESIAN_POINT('',(55.529999981664,8.606199981667,1.51));
#8761 = DIRECTION('',(0.,0.,-1.));
#8762 = DIRECTION('',(5.045853585955E-06,0.999999999987,0.));
#8763 = ORIENTED_EDGE('',*,*,#8764,.F.);
#8764 = EDGE_CURVE('',#8765,#8756,#8767,.T.);
#8765 = VERTEX_POINT('',#8766);
#8766 = CARTESIAN_POINT('',(54.489999,9.006199,1.51));
#8767 = LINE('',#8768,#8769);
#8768 = CARTESIAN_POINT('',(54.489999,9.006199,1.51));
#8769 = VECTOR('',#8770,1.);
#8770 = DIRECTION('',(1.,0.,0.));
#8771 = ORIENTED_EDGE('',*,*,#8772,.F.);
#8772 = EDGE_CURVE('',#8773,#8765,#8775,.T.);
#8773 = VERTEX_POINT('',#8774);
#8774 = CARTESIAN_POINT('',(54.090045,9.406199,1.51));
#8775 = CIRCLE('',#8776,0.399920504107);
#8776 = AXIS2_PLACEMENT_3D('',#8777,#8778,#8779);
#8777 = CARTESIAN_POINT('',(54.489965496205,9.406119502703,1.51));
#8778 = DIRECTION('',(0.,0.,1.));
#8779 = DIRECTION('',(-0.999999980243,1.987827478541E-04,0.));
#8780 = ORIENTED_EDGE('',*,*,#8781,.F.);
#8781 = EDGE_CURVE('',#8782,#8773,#8784,.T.);
#8782 = VERTEX_POINT('',#8783);
#8783 = CARTESIAN_POINT('',(54.089999,12.606199,1.51));
#8784 = LINE('',#8785,#8786);
#8785 = CARTESIAN_POINT('',(54.089999,12.606199,1.51));
#8786 = VECTOR('',#8787,1.);
#8787 = DIRECTION('',(1.437499999997E-05,-0.999999999897,0.));
#8788 = ORIENTED_EDGE('',*,*,#8789,.F.);
#8789 = EDGE_CURVE('',#8790,#8782,#8792,.T.);
#8790 = VERTEX_POINT('',#8791);
#8791 = CARTESIAN_POINT('',(54.489999,13.006199,1.51));
#8792 = CIRCLE('',#8793,0.399999018331);
#8793 = AXIS2_PLACEMENT_3D('',#8794,#8795,#8796);
#8794 = CARTESIAN_POINT('',(54.48999801833,12.60619998167,1.51));
#8795 = DIRECTION('',(0.,0.,1.));
#8796 = DIRECTION('',(2.454181392577E-06,0.999999999997,-0.));
#8797 = ORIENTED_EDGE('',*,*,#8798,.F.);
#8798 = EDGE_CURVE('',#8799,#8790,#8801,.T.);
#8799 = VERTEX_POINT('',#8800);
#8800 = CARTESIAN_POINT('',(55.389999,13.006199,1.51));
#8801 = LINE('',#8802,#8803);
#8802 = CARTESIAN_POINT('',(55.389999,13.006199,1.51));
#8803 = VECTOR('',#8804,1.);
#8804 = DIRECTION('',(-1.,0.,0.));
#8805 = ORIENTED_EDGE('',*,*,#8806,.F.);
#8806 = EDGE_CURVE('',#7512,#8799,#8807,.T.);
#8807 = CIRCLE('',#8808,0.39999731124);
#8808 = AXIS2_PLACEMENT_3D('',#8809,#8810,#8811);
#8809 = CARTESIAN_POINT('',(55.390000688769,13.406196311237,1.51));
#8810 = DIRECTION('',(0.,0.,-1.));
#8811 = DIRECTION('',(0.999999999977,6.721953707431E-06,0.));
#8812 = ORIENTED_EDGE('',*,*,#7511,.F.);
#8813 = FACE_BOUND('',#8814,.T.);
#8814 = EDGE_LOOP('',(#8815));
#8815 = ORIENTED_EDGE('',*,*,#8816,.T.);
#8816 = EDGE_CURVE('',#8817,#8817,#8819,.T.);
#8817 = VERTEX_POINT('',#8818);
#8818 = CARTESIAN_POINT('',(8.284996,-3.818766,1.51));
#8819 = CIRCLE('',#8820,0.25);
#8820 = AXIS2_PLACEMENT_3D('',#8821,#8822,#8823);
#8821 = CARTESIAN_POINT('',(8.284996,-3.568766,1.51));
#8822 = DIRECTION('',(-0.,0.,-1.));
#8823 = DIRECTION('',(-0.,-1.,0.));
#8824 = FACE_BOUND('',#8825,.T.);
#8825 = EDGE_LOOP('',(#8826));
#8826 = ORIENTED_EDGE('',*,*,#8827,.F.);
#8827 = EDGE_CURVE('',#8828,#8828,#8830,.T.);
#8828 = VERTEX_POINT('',#8829);
#8829 = CARTESIAN_POINT('',(3.,0.,1.51));
#8830 = CIRCLE('',#8831,3.);
#8831 = AXIS2_PLACEMENT_3D('',#8832,#8833,#8834);
#8832 = CARTESIAN_POINT('',(0.,0.,1.51));
#8833 = DIRECTION('',(0.,0.,1.));
#8834 = DIRECTION('',(1.,0.,-0.));
#8835 = FACE_BOUND('',#8836,.T.);
#8836 = EDGE_LOOP('',(#8837));
#8837 = ORIENTED_EDGE('',*,*,#8838,.T.);
#8838 = EDGE_CURVE('',#8839,#8839,#8841,.T.);
#8839 = VERTEX_POINT('',#8840);
#8840 = CARTESIAN_POINT('',(9.734996,6.481234,1.51));
#8841 = CIRCLE('',#8842,0.25);
#8842 = AXIS2_PLACEMENT_3D('',#8843,#8844,#8845);
#8843 = CARTESIAN_POINT('',(9.734996,6.731234,1.51));
#8844 = DIRECTION('',(-0.,0.,-1.));
#8845 = DIRECTION('',(-0.,-1.,0.));
#8846 = FACE_BOUND('',#8847,.T.);
#8847 = EDGE_LOOP('',(#8848));
#8848 = ORIENTED_EDGE('',*,*,#8849,.F.);
#8849 = EDGE_CURVE('',#8850,#8850,#8852,.T.);
#8850 = VERTEX_POINT('',#8851);
#8851 = CARTESIAN_POINT('',(51.003063,1.9,1.51));
#8852 = CIRCLE('',#8853,3.);
#8853 = AXIS2_PLACEMENT_3D('',#8854,#8855,#8856);
#8854 = CARTESIAN_POINT('',(48.003063,1.9,1.51));
#8855 = DIRECTION('',(0.,0.,1.));
#8856 = DIRECTION('',(1.,0.,-0.));
#8857 = FACE_BOUND('',#8858,.T.);
#8858 = EDGE_LOOP('',(#8859));
#8859 = ORIENTED_EDGE('',*,*,#8860,.T.);
#8860 = EDGE_CURVE('',#8861,#8861,#8863,.T.);
#8861 = VERTEX_POINT('',#8862);
#8862 = CARTESIAN_POINT('',(42.214999,6.531199,1.51));
#8863 = CIRCLE('',#8864,0.25);
#8864 = AXIS2_PLACEMENT_3D('',#8865,#8866,#8867);
#8865 = CARTESIAN_POINT('',(42.214999,6.781199,1.51));
#8866 = DIRECTION('',(-0.,0.,-1.));
#8867 = DIRECTION('',(-0.,-1.,0.));
#8868 = FACE_BOUND('',#8869,.T.);
#8869 = EDGE_LOOP('',(#8870,#8881,#8889,#8898,#8906,#8915,#8923,#8932));
#8870 = ORIENTED_EDGE('',*,*,#8871,.F.);
#8871 = EDGE_CURVE('',#8872,#8874,#8876,.T.);
#8872 = VERTEX_POINT('',#8873);
#8873 = CARTESIAN_POINT('',(2.409996,24.406234,1.51));
#8874 = VERTEX_POINT('',#8875);
#8875 = CARTESIAN_POINT('',(2.009996,24.006234,1.51));
#8876 = CIRCLE('',#8877,0.399999018331);
#8877 = AXIS2_PLACEMENT_3D('',#8878,#8879,#8880);
#8878 = CARTESIAN_POINT('',(2.40999501833,24.00623498167,1.51));
#8879 = DIRECTION('',(0.,0.,1.));
#8880 = DIRECTION('',(2.454181380364E-06,0.999999999997,-0.));
#8881 = ORIENTED_EDGE('',*,*,#8882,.F.);
#8882 = EDGE_CURVE('',#8883,#8872,#8885,.T.);
#8883 = VERTEX_POINT('',#8884);
#8884 = CARTESIAN_POINT('',(5.609996,24.406234,1.51));
#8885 = LINE('',#8886,#8887);
#8886 = CARTESIAN_POINT('',(5.609996,24.406234,1.51));
#8887 = VECTOR('',#8888,1.);
#8888 = DIRECTION('',(-1.,0.,0.));
#8889 = ORIENTED_EDGE('',*,*,#8890,.F.);
#8890 = EDGE_CURVE('',#8891,#8883,#8893,.T.);
#8891 = VERTEX_POINT('',#8892);
#8892 = CARTESIAN_POINT('',(6.009996,24.006234,1.51));
#8893 = CIRCLE('',#8894,0.399999018331);
#8894 = AXIS2_PLACEMENT_3D('',#8895,#8896,#8897);
#8895 = CARTESIAN_POINT('',(5.60999698167,24.00623498167,1.51));
#8896 = DIRECTION('',(0.,0.,1.));
#8897 = DIRECTION('',(0.999999999997,-2.454181383695E-06,0.));
#8898 = ORIENTED_EDGE('',*,*,#8899,.F.);
#8899 = EDGE_CURVE('',#8900,#8891,#8902,.T.);
#8900 = VERTEX_POINT('',#8901);
#8901 = CARTESIAN_POINT('',(6.009996,22.006257,1.51));
#8902 = LINE('',#8903,#8904);
#8903 = CARTESIAN_POINT('',(6.009996,22.006257,1.51));
#8904 = VECTOR('',#8905,1.);
#8905 = DIRECTION('',(0.,1.,0.));
#8906 = ORIENTED_EDGE('',*,*,#8907,.F.);
#8907 = EDGE_CURVE('',#8908,#8900,#8910,.T.);
#8908 = VERTEX_POINT('',#8909);
#8909 = CARTESIAN_POINT('',(5.609996,21.606234,1.51));
#8910 = CIRCLE('',#8911,0.399999019556);
#8911 = AXIS2_PLACEMENT_3D('',#8912,#8913,#8914);
#8912 = CARTESIAN_POINT('',(5.609996981163,22.006233019555,1.51));
#8913 = DIRECTION('',(0.,0.,1.));
#8914 = DIRECTION('',(-2.452912803376E-06,-0.999999999997,0.));
#8915 = ORIENTED_EDGE('',*,*,#8916,.F.);
#8916 = EDGE_CURVE('',#8917,#8908,#8919,.T.);
#8917 = VERTEX_POINT('',#8918);
#8918 = CARTESIAN_POINT('',(2.409996,21.606235,1.51));
#8919 = LINE('',#8920,#8921);
#8920 = CARTESIAN_POINT('',(2.409996,21.606235,1.51));
#8921 = VECTOR('',#8922,1.);
#8922 = DIRECTION('',(1.,-3.125000003212E-07,0.));
#8923 = ORIENTED_EDGE('',*,*,#8924,.F.);
#8924 = EDGE_CURVE('',#8925,#8917,#8927,.T.);
#8925 = VERTEX_POINT('',#8926);
#8926 = CARTESIAN_POINT('',(2.009996,22.009944,1.51));
#8927 = CIRCLE('',#8928,0.400026250732);
#8928 = AXIS2_PLACEMENT_3D('',#8929,#8930,#8931);
#8929 = CARTESIAN_POINT('',(2.410005298182,22.006261250624,1.51));
#8930 = DIRECTION('',(0.,0.,1.));
#8931 = DIRECTION('',(-0.999957621405,9.206269261598E-03,0.));
#8932 = ORIENTED_EDGE('',*,*,#8933,.F.);
#8933 = EDGE_CURVE('',#8874,#8925,#8934,.T.);
#8934 = LINE('',#8935,#8936);
#8935 = CARTESIAN_POINT('',(2.009996,24.006234,1.51));
#8936 = VECTOR('',#8937,1.);
#8937 = DIRECTION('',(0.,-1.,0.));
#8938 = FACE_BOUND('',#8939,.T.);
#8939 = EDGE_LOOP('',(#8940,#8951,#8959,#8968,#8976,#8985,#8993,#9002));
#8940 = ORIENTED_EDGE('',*,*,#8941,.F.);
#8941 = EDGE_CURVE('',#8942,#8944,#8946,.T.);
#8942 = VERTEX_POINT('',#8943);
#8943 = CARTESIAN_POINT('',(46.389999,24.406199,1.51));
#8944 = VERTEX_POINT('',#8945);
#8945 = CARTESIAN_POINT('',(45.99,24.006199,1.51));
#8946 = CIRCLE('',#8947,0.39999731124);
#8947 = AXIS2_PLACEMENT_3D('',#8948,#8949,#8950);
#8948 = CARTESIAN_POINT('',(46.389997311231,24.006201688763,1.51));
#8949 = DIRECTION('',(0.,0.,1.));
#8950 = DIRECTION('',(4.221950551393E-06,0.999999999991,-0.));
#8951 = ORIENTED_EDGE('',*,*,#8952,.F.);
#8952 = EDGE_CURVE('',#8953,#8942,#8955,.T.);
#8953 = VERTEX_POINT('',#8954);
#8954 = CARTESIAN_POINT('',(49.589999,24.406199,1.51));
#8955 = LINE('',#8956,#8957);
#8956 = CARTESIAN_POINT('',(49.589999,24.406199,1.51));
#8957 = VECTOR('',#8958,1.);
#8958 = DIRECTION('',(-1.,0.,0.));
#8959 = ORIENTED_EDGE('',*,*,#8960,.F.);
#8960 = EDGE_CURVE('',#8961,#8953,#8963,.T.);
#8961 = VERTEX_POINT('',#8962);
#8962 = CARTESIAN_POINT('',(49.989999,24.006199,1.51));
#8963 = CIRCLE('',#8964,0.399999018331);
#8964 = AXIS2_PLACEMENT_3D('',#8965,#8966,#8967);
#8965 = CARTESIAN_POINT('',(49.58999998167,24.00619998167,1.51));
#8966 = DIRECTION('',(0.,0.,1.));
#8967 = DIRECTION('',(0.999999999997,-2.454181383695E-06,0.));
#8968 = ORIENTED_EDGE('',*,*,#8969,.F.);
#8969 = EDGE_CURVE('',#8970,#8961,#8972,.T.);
#8970 = VERTEX_POINT('',#8971);
#8971 = CARTESIAN_POINT('',(49.989999,22.006157,1.51));
#8972 = LINE('',#8973,#8974);
#8973 = CARTESIAN_POINT('',(49.989999,22.006157,1.51));
#8974 = VECTOR('',#8975,1.);
#8975 = DIRECTION('',(0.,1.,0.));
#8976 = ORIENTED_EDGE('',*,*,#8977,.F.);
#8977 = EDGE_CURVE('',#8978,#8970,#8980,.T.);
#8978 = VERTEX_POINT('',#8979);
#8979 = CARTESIAN_POINT('',(49.589999,21.606199,1.51));
#8980 = CIRCLE('',#8981,0.39999902192);
#8981 = AXIS2_PLACEMENT_3D('',#8982,#8983,#8984);
#8982 = CARTESIAN_POINT('',(49.589999980184,22.006198021919,1.51));
#8983 = DIRECTION('',(0.,0.,1.));
#8984 = DIRECTION('',(-2.4504650098E-06,-0.999999999997,0.));
#8985 = ORIENTED_EDGE('',*,*,#8986,.F.);
#8986 = EDGE_CURVE('',#8987,#8978,#8989,.T.);
#8987 = VERTEX_POINT('',#8988);
#8988 = CARTESIAN_POINT('',(46.390002,21.606199,1.51));
#8989 = LINE('',#8990,#8991);
#8990 = CARTESIAN_POINT('',(46.390002,21.606199,1.51));
#8991 = VECTOR('',#8992,1.);
#8992 = DIRECTION('',(1.,0.,0.));
#8993 = ORIENTED_EDGE('',*,*,#8994,.F.);
#8994 = EDGE_CURVE('',#8995,#8987,#8997,.T.);
#8995 = VERTEX_POINT('',#8996);
#8996 = CARTESIAN_POINT('',(45.989999,22.006199,1.51));
#8997 = CIRCLE('',#8998,0.399999018363);
#8998 = AXIS2_PLACEMENT_3D('',#8999,#9000,#9001);
#8999 = CARTESIAN_POINT('',(46.389998018362,22.006198018343,1.51));
#9000 = DIRECTION('',(0.,0.,1.));
#9001 = DIRECTION('',(-0.999999999997,2.454148458645E-06,0.));
#9002 = ORIENTED_EDGE('',*,*,#9003,.F.);
#9003 = EDGE_CURVE('',#8944,#8995,#9004,.T.);
#9004 = LINE('',#9005,#9006);
#9005 = CARTESIAN_POINT('',(45.99,24.006199,1.51));
#9006 = VECTOR('',#9007,1.);
#9007 = DIRECTION('',(-5.000000022903E-07,-1.,0.));
#9008 = PLANE('',#9009);
#9009 = AXIS2_PLACEMENT_3D('',#9010,#9011,#9012);
#9010 = CARTESIAN_POINT('',(0.,0.,1.51));
#9011 = DIRECTION('',(0.,0.,1.));
#9012 = DIRECTION('',(1.,0.,-0.));
#9013 = ADVANCED_FACE('',(#9014),#9025,.T.);
#9014 = FACE_BOUND('',#9015,.T.);
#9015 = EDGE_LOOP('',(#9016,#9022,#9023,#9024));
#9016 = ORIENTED_EDGE('',*,*,#9017,.T.);
#9017 = EDGE_CURVE('',#7544,#8282,#9018,.T.);
#9018 = LINE('',#9019,#9020);
#9019 = CARTESIAN_POINT('',(48.003063,28.9,0.));
#9020 = VECTOR('',#9021,1.);
#9021 = DIRECTION('',(0.,0.,1.));
#9022 = ORIENTED_EDGE('',*,*,#8281,.T.);
#9023 = ORIENTED_EDGE('',*,*,#7479,.F.);
#9024 = ORIENTED_EDGE('',*,*,#7543,.F.);
#9025 = PLANE('',#9026);
#9026 = AXIS2_PLACEMENT_3D('',#9027,#9028,#9029);
#9027 = CARTESIAN_POINT('',(48.003063,28.9,0.));
#9028 = DIRECTION('',(-1.,0.,0.));
#9029 = DIRECTION('',(0.,1.,0.));
#9030 = ADVANCED_FACE('',(#9031),#9042,.T.);
#9031 = FACE_BOUND('',#9032,.T.);
#9032 = EDGE_LOOP('',(#9033,#9034,#9035,#9041));
#9033 = ORIENTED_EDGE('',*,*,#7519,.T.);
#9034 = ORIENTED_EDGE('',*,*,#8806,.T.);
#9035 = ORIENTED_EDGE('',*,*,#9036,.F.);
#9036 = EDGE_CURVE('',#8061,#8799,#9037,.T.);
#9037 = LINE('',#9038,#9039);
#9038 = CARTESIAN_POINT('',(55.389999,13.006199,0.));
#9039 = VECTOR('',#9040,1.);
#9040 = DIRECTION('',(0.,0.,1.));
#9041 = ORIENTED_EDGE('',*,*,#8068,.F.);
#9042 = CYLINDRICAL_SURFACE('',#9043,0.39999731124);
#9043 = AXIS2_PLACEMENT_3D('',#9044,#9045,#9046);
#9044 = CARTESIAN_POINT('',(55.390000688769,13.406196311237,0.));
#9045 = DIRECTION('',(0.,0.,-1.));
#9046 = DIRECTION('',(0.999999999977,6.721953707431E-06,0.));
#9047 = ADVANCED_FACE('',(#9048),#9059,.F.);
#9048 = FACE_BOUND('',#9049,.T.);
#9049 = EDGE_LOOP('',(#9050,#9056,#9057,#9058));
#9050 = ORIENTED_EDGE('',*,*,#9051,.T.);
#9051 = EDGE_CURVE('',#7552,#8290,#9052,.T.);
#9052 = LINE('',#9053,#9054);
#9053 = CARTESIAN_POINT('',(42.003063,28.9,0.));
#9054 = VECTOR('',#9055,1.);
#9055 = DIRECTION('',(0.,0.,1.));
#9056 = ORIENTED_EDGE('',*,*,#8289,.T.);
#9057 = ORIENTED_EDGE('',*,*,#9017,.F.);
#9058 = ORIENTED_EDGE('',*,*,#7551,.F.);
#9059 = CYLINDRICAL_SURFACE('',#9060,3.);
#9060 = AXIS2_PLACEMENT_3D('',#9061,#9062,#9063);
#9061 = CARTESIAN_POINT('',(45.003063,28.9,0.));
#9062 = DIRECTION('',(-0.,-0.,-1.));
#9063 = DIRECTION('',(-1.,0.,-0.));
#9064 = ADVANCED_FACE('',(#9065),#9076,.T.);
#9065 = FACE_BOUND('',#9066,.T.);
#9066 = EDGE_LOOP('',(#9067,#9068,#9069,#9075));
#9067 = ORIENTED_EDGE('',*,*,#9036,.T.);
#9068 = ORIENTED_EDGE('',*,*,#8798,.T.);
#9069 = ORIENTED_EDGE('',*,*,#9070,.F.);
#9070 = EDGE_CURVE('',#8052,#8790,#9071,.T.);
#9071 = LINE('',#9072,#9073);
#9072 = CARTESIAN_POINT('',(54.489999,13.006199,0.));
#9073 = VECTOR('',#9074,1.);
#9074 = DIRECTION('',(0.,0.,1.));
#9075 = ORIENTED_EDGE('',*,*,#8060,.F.);
#9076 = PLANE('',#9077);
#9077 = AXIS2_PLACEMENT_3D('',#9078,#9079,#9080);
#9078 = CARTESIAN_POINT('',(55.389999,13.006199,0.));
#9079 = DIRECTION('',(0.,-1.,0.));
#9080 = DIRECTION('',(-1.,0.,0.));
#9081 = ADVANCED_FACE('',(#9082),#9093,.T.);
#9082 = FACE_BOUND('',#9083,.T.);
#9083 = EDGE_LOOP('',(#9084,#9090,#9091,#9092));
#9084 = ORIENTED_EDGE('',*,*,#9085,.T.);
#9085 = EDGE_CURVE('',#7561,#8299,#9086,.T.);
#9086 = LINE('',#9087,#9088);
#9087 = CARTESIAN_POINT('',(42.003063,32.169,0.));
#9088 = VECTOR('',#9089,1.);
#9089 = DIRECTION('',(0.,0.,1.));
#9090 = ORIENTED_EDGE('',*,*,#8298,.T.);
#9091 = ORIENTED_EDGE('',*,*,#9051,.F.);
#9092 = ORIENTED_EDGE('',*,*,#7560,.F.);
#9093 = PLANE('',#9094);
#9094 = AXIS2_PLACEMENT_3D('',#9095,#9096,#9097);
#9095 = CARTESIAN_POINT('',(42.003063,32.169,0.));
#9096 = DIRECTION('',(1.,0.,-0.));
#9097 = DIRECTION('',(0.,-1.,0.));
#9098 = ADVANCED_FACE('',(#9099),#9110,.F.);
#9099 = FACE_BOUND('',#9100,.T.);
#9100 = EDGE_LOOP('',(#9101,#9102,#9103,#9109));
#9101 = ORIENTED_EDGE('',*,*,#9070,.T.);
#9102 = ORIENTED_EDGE('',*,*,#8789,.T.);
#9103 = ORIENTED_EDGE('',*,*,#9104,.F.);
#9104 = EDGE_CURVE('',#8044,#8782,#9105,.T.);
#9105 = LINE('',#9106,#9107);
#9106 = CARTESIAN_POINT('',(54.089999,12.606199,0.));
#9107 = VECTOR('',#9108,1.);
#9108 = DIRECTION('',(0.,0.,1.));
#9109 = ORIENTED_EDGE('',*,*,#8051,.F.);
#9110 = CYLINDRICAL_SURFACE('',#9111,0.399999018331);
#9111 = AXIS2_PLACEMENT_3D('',#9112,#9113,#9114);
#9112 = CARTESIAN_POINT('',(54.48999801833,12.60619998167,0.));
#9113 = DIRECTION('',(-0.,-0.,-1.));
#9114 = DIRECTION('',(2.454181392577E-06,0.999999999997,-0.));
#9115 = ADVANCED_FACE('',(#9116),#9127,.T.);
#9116 = FACE_BOUND('',#9117,.T.);
#9117 = EDGE_LOOP('',(#9118,#9124,#9125,#9126));
#9118 = ORIENTED_EDGE('',*,*,#9119,.T.);
#9119 = EDGE_CURVE('',#7569,#8307,#9120,.T.);
#9120 = LINE('',#9121,#9122);
#9121 = CARTESIAN_POINT('',(35.999997,32.159001,0.));
#9122 = VECTOR('',#9123,1.);
#9123 = DIRECTION('',(0.,0.,1.));
#9124 = ORIENTED_EDGE('',*,*,#8306,.T.);
#9125 = ORIENTED_EDGE('',*,*,#9085,.F.);
#9126 = ORIENTED_EDGE('',*,*,#7568,.F.);
#9127 = PLANE('',#9128);
#9128 = AXIS2_PLACEMENT_3D('',#9129,#9130,#9131);
#9129 = CARTESIAN_POINT('',(35.999997,32.159001,0.));
#9130 = DIRECTION('',(-1.665646542863E-03,0.99999861281,0.));
#9131 = DIRECTION('',(0.99999861281,1.665646542863E-03,0.));
#9132 = ADVANCED_FACE('',(#9133),#9144,.T.);
#9133 = FACE_BOUND('',#9134,.T.);
#9134 = EDGE_LOOP('',(#9135,#9136,#9137,#9143));
#9135 = ORIENTED_EDGE('',*,*,#9104,.T.);
#9136 = ORIENTED_EDGE('',*,*,#8781,.T.);
#9137 = ORIENTED_EDGE('',*,*,#9138,.F.);
#9138 = EDGE_CURVE('',#8035,#8773,#9139,.T.);
#9139 = LINE('',#9140,#9141);
#9140 = CARTESIAN_POINT('',(54.090045,9.406199,0.));
#9141 = VECTOR('',#9142,1.);
#9142 = DIRECTION('',(0.,0.,1.));
#9143 = ORIENTED_EDGE('',*,*,#8043,.F.);
#9144 = PLANE('',#9145);
#9145 = AXIS2_PLACEMENT_3D('',#9146,#9147,#9148);
#9146 = CARTESIAN_POINT('',(54.089999,12.606199,0.));
#9147 = DIRECTION('',(0.999999999897,1.437499999997E-05,-0.));
#9148 = DIRECTION('',(1.437499999997E-05,-0.999999999897,0.));
#9149 = ADVANCED_FACE('',(#9150),#9161,.T.);
#9150 = FACE_BOUND('',#9151,.T.);
#9151 = EDGE_LOOP('',(#9152,#9158,#9159,#9160));
#9152 = ORIENTED_EDGE('',*,*,#9153,.T.);
#9153 = EDGE_CURVE('',#7577,#8315,#9154,.T.);
#9154 = LINE('',#9155,#9156);
#9155 = CARTESIAN_POINT('',(35.704997,31.863957,0.));
#9156 = VECTOR('',#9157,1.);
#9157 = DIRECTION('',(0.,0.,1.));
#9158 = ORIENTED_EDGE('',*,*,#8314,.T.);
#9159 = ORIENTED_EDGE('',*,*,#9119,.F.);
#9160 = ORIENTED_EDGE('',*,*,#7576,.F.);
#9161 = CYLINDRICAL_SURFACE('',#9162,0.294998300481);
#9162 = AXIS2_PLACEMENT_3D('',#9163,#9164,#9165);
#9163 = CARTESIAN_POINT('',(35.999995296941,31.864002699524,0.));
#9164 = DIRECTION('',(0.,0.,-1.));
#9165 = DIRECTION('',(-0.999999988001,-1.549145333027E-04,-0.));
#9166 = ADVANCED_FACE('',(#9167),#9178,.F.);
#9167 = FACE_BOUND('',#9168,.T.);
#9168 = EDGE_LOOP('',(#9169,#9170,#9171,#9177));
#9169 = ORIENTED_EDGE('',*,*,#9138,.T.);
#9170 = ORIENTED_EDGE('',*,*,#8772,.T.);
#9171 = ORIENTED_EDGE('',*,*,#9172,.F.);
#9172 = EDGE_CURVE('',#8027,#8765,#9173,.T.);
#9173 = LINE('',#9174,#9175);
#9174 = CARTESIAN_POINT('',(54.489999,9.006199,0.));
#9175 = VECTOR('',#9176,1.);
#9176 = DIRECTION('',(0.,0.,1.));
#9177 = ORIENTED_EDGE('',*,*,#8034,.F.);
#9178 = CYLINDRICAL_SURFACE('',#9179,0.399920504107);
#9179 = AXIS2_PLACEMENT_3D('',#9180,#9181,#9182);
#9180 = CARTESIAN_POINT('',(54.489965496205,9.406119502703,0.));
#9181 = DIRECTION('',(-0.,-0.,-1.));
#9182 = DIRECTION('',(-0.999999980243,1.987827478541E-04,0.));
#9183 = ADVANCED_FACE('',(#9184),#9195,.T.);
#9184 = FACE_BOUND('',#9185,.T.);
#9185 = EDGE_LOOP('',(#9186,#9192,#9193,#9194));
#9186 = ORIENTED_EDGE('',*,*,#9187,.T.);
#9187 = EDGE_CURVE('',#7586,#8324,#9188,.T.);
#9188 = LINE('',#9189,#9190);
#9189 = CARTESIAN_POINT('',(15.694962,31.859052,0.));
#9190 = VECTOR('',#9191,1.);
#9191 = DIRECTION('',(0.,0.,1.));
#9192 = ORIENTED_EDGE('',*,*,#8323,.T.);
#9193 = ORIENTED_EDGE('',*,*,#9153,.F.);
#9194 = ORIENTED_EDGE('',*,*,#7585,.F.);
#9195 = PLANE('',#9196);
#9196 = AXIS2_PLACEMENT_3D('',#9197,#9198,#9199);
#9197 = CARTESIAN_POINT('',(15.694962,31.859052,0.));
#9198 = DIRECTION('',(-2.451270001595E-04,0.999999969956,0.));
#9199 = DIRECTION('',(0.999999969956,2.451270001595E-04,0.));
#9200 = ADVANCED_FACE('',(#9201),#9212,.T.);
#9201 = FACE_BOUND('',#9202,.T.);
#9202 = EDGE_LOOP('',(#9203,#9204,#9205,#9211));
#9203 = ORIENTED_EDGE('',*,*,#9172,.T.);
#9204 = ORIENTED_EDGE('',*,*,#8764,.T.);
#9205 = ORIENTED_EDGE('',*,*,#9206,.F.);
#9206 = EDGE_CURVE('',#8018,#8756,#9207,.T.);
#9207 = LINE('',#9208,#9209);
#9208 = CARTESIAN_POINT('',(55.530002,9.006199,0.));
#9209 = VECTOR('',#9210,1.);
#9210 = DIRECTION('',(0.,0.,1.));
#9211 = ORIENTED_EDGE('',*,*,#8026,.F.);
#9212 = PLANE('',#9213);
#9213 = AXIS2_PLACEMENT_3D('',#9214,#9215,#9216);
#9214 = CARTESIAN_POINT('',(54.489999,9.006199,0.));
#9215 = DIRECTION('',(0.,1.,0.));
#9216 = DIRECTION('',(1.,0.,0.));
#9217 = ADVANCED_FACE('',(#9218),#9229,.T.);
#9218 = FACE_BOUND('',#9219,.T.);
#9219 = EDGE_LOOP('',(#9220,#9226,#9227,#9228));
#9220 = ORIENTED_EDGE('',*,*,#9221,.T.);
#9221 = EDGE_CURVE('',#7594,#8332,#9222,.T.);
#9222 = LINE('',#9223,#9224);
#9223 = CARTESIAN_POINT('',(15.397997,32.159,0.));
#9224 = VECTOR('',#9225,1.);
#9225 = DIRECTION('',(0.,0.,1.));
#9226 = ORIENTED_EDGE('',*,*,#8331,.T.);
#9227 = ORIENTED_EDGE('',*,*,#9187,.F.);
#9228 = ORIENTED_EDGE('',*,*,#7593,.F.);
#9229 = CYLINDRICAL_SURFACE('',#9230,0.2950053017);
#9230 = AXIS2_PLACEMENT_3D('',#9231,#9232,#9233);
#9231 = CARTESIAN_POINT('',(15.399998221516,31.864001486201,0.));
#9232 = DIRECTION('',(0.,0.,-1.));
#9233 = DIRECTION('',(-6.783679833793E-03,0.999976990579,0.));
#9234 = ADVANCED_FACE('',(#9235),#9246,.T.);
#9235 = FACE_BOUND('',#9236,.T.);
#9236 = EDGE_LOOP('',(#9237,#9238,#9239,#9245));
#9237 = ORIENTED_EDGE('',*,*,#9206,.T.);
#9238 = ORIENTED_EDGE('',*,*,#8755,.T.);
#9239 = ORIENTED_EDGE('',*,*,#9240,.F.);
#9240 = EDGE_CURVE('',#8010,#8748,#9241,.T.);
#9241 = LINE('',#9242,#9243);
#9242 = CARTESIAN_POINT('',(55.929999,8.606199,0.));
#9243 = VECTOR('',#9244,1.);
#9244 = DIRECTION('',(0.,0.,1.));
#9245 = ORIENTED_EDGE('',*,*,#8017,.F.);
#9246 = CYLINDRICAL_SURFACE('',#9247,0.399999018338);
#9247 = AXIS2_PLACEMENT_3D('',#9248,#9249,#9250);
#9248 = CARTESIAN_POINT('',(55.529999981664,8.606199981667,0.));
#9249 = DIRECTION('',(0.,0.,-1.));
#9250 = DIRECTION('',(5.045853585955E-06,0.999999999987,0.));
#9251 = ADVANCED_FACE('',(#9252),#9263,.T.);
#9252 = FACE_BOUND('',#9253,.T.);
#9253 = EDGE_LOOP('',(#9254,#9260,#9261,#9262));
#9254 = ORIENTED_EDGE('',*,*,#9255,.T.);
#9255 = EDGE_CURVE('',#7603,#8341,#9256,.T.);
#9256 = LINE('',#9257,#9258);
#9257 = CARTESIAN_POINT('',(-3.340763,32.146243,0.));
#9258 = VECTOR('',#9259,1.);
#9259 = DIRECTION('',(0.,0.,1.));
#9260 = ORIENTED_EDGE('',*,*,#8340,.T.);
#9261 = ORIENTED_EDGE('',*,*,#9221,.F.);
#9262 = ORIENTED_EDGE('',*,*,#7602,.F.);
#9263 = PLANE('',#9264);
#9264 = AXIS2_PLACEMENT_3D('',#9265,#9266,#9267);
#9265 = CARTESIAN_POINT('',(-3.340763,32.146243,0.));
#9266 = DIRECTION('',(-6.807812813548E-04,0.999999768268,0.));
#9267 = DIRECTION('',(0.999999768268,6.807812813548E-04,0.));
#9268 = ADVANCED_FACE('',(#9269),#9280,.T.);
#9269 = FACE_BOUND('',#9270,.T.);
#9270 = EDGE_LOOP('',(#9271,#9272,#9273,#9279));
#9271 = ORIENTED_EDGE('',*,*,#9240,.T.);
#9272 = ORIENTED_EDGE('',*,*,#8747,.T.);
#9273 = ORIENTED_EDGE('',*,*,#9274,.F.);
#9274 = EDGE_CURVE('',#8001,#8739,#9275,.T.);
#9275 = LINE('',#9276,#9277);
#9276 = CARTESIAN_POINT('',(56.679853,-15.297943,0.));
#9277 = VECTOR('',#9278,1.);
#9278 = DIRECTION('',(0.,0.,1.));
#9279 = ORIENTED_EDGE('',*,*,#8009,.F.);
#9280 = PLANE('',#9281);
#9281 = AXIS2_PLACEMENT_3D('',#9282,#9283,#9284);
#9282 = CARTESIAN_POINT('',(55.929999,8.606199,0.));
#9283 = DIRECTION('',(0.999508349217,3.135378520147E-02,-0.));
#9284 = DIRECTION('',(3.135378520147E-02,-0.999508349217,0.));
#9285 = ADVANCED_FACE('',(#9286),#9297,.T.);
#9286 = FACE_BOUND('',#9287,.T.);
#9287 = EDGE_LOOP('',(#9288,#9294,#9295,#9296));
#9288 = ORIENTED_EDGE('',*,*,#9289,.T.);
#9289 = EDGE_CURVE('',#7611,#8349,#9290,.T.);
#9290 = LINE('',#9291,#9292);
#9291 = CARTESIAN_POINT('',(-3.476452,31.936457,0.));
#9292 = VECTOR('',#9293,1.);
#9293 = DIRECTION('',(0.,0.,1.));
#9294 = ORIENTED_EDGE('',*,*,#8348,.T.);
#9295 = ORIENTED_EDGE('',*,*,#9255,.F.);
#9296 = ORIENTED_EDGE('',*,*,#7610,.F.);
#9297 = CYLINDRICAL_SURFACE('',#9298,0.229951672705);
#9298 = AXIS2_PLACEMENT_3D('',#9299,#9300,#9301);
#9299 = CARTESIAN_POINT('',(-3.246500331229,31.936499535129,0.));
#9300 = DIRECTION('',(0.,0.,-1.));
#9301 = DIRECTION('',(-0.999999982892,-1.849742102507E-04,-0.));
#9302 = ADVANCED_FACE('',(#9303),#9314,.T.);
#9303 = FACE_BOUND('',#9304,.T.);
#9304 = EDGE_LOOP('',(#9305,#9306,#9307,#9313));
#9305 = ORIENTED_EDGE('',*,*,#9274,.T.);
#9306 = ORIENTED_EDGE('',*,*,#8738,.T.);
#9307 = ORIENTED_EDGE('',*,*,#9308,.F.);
#9308 = EDGE_CURVE('',#7993,#8731,#9309,.T.);
#9309 = LINE('',#9310,#9311);
#9310 = CARTESIAN_POINT('',(56.396853,-15.580965,0.));
#9311 = VECTOR('',#9312,1.);
#9312 = DIRECTION('',(0.,0.,1.));
#9313 = ORIENTED_EDGE('',*,*,#8000,.F.);
#9314 = CYLINDRICAL_SURFACE('',#9315,0.282997335614);
#9315 = AXIS2_PLACEMENT_3D('',#9316,#9317,#9318);
#9316 = CARTESIAN_POINT('',(56.396855665461,-15.29796766439,0.));
#9317 = DIRECTION('',(0.,0.,-1.));
#9318 = DIRECTION('',(0.999999996202,8.715417154628E-05,0.));
#9319 = ADVANCED_FACE('',(#9320),#9331,.T.);
#9320 = FACE_BOUND('',#9321,.T.);
#9321 = EDGE_LOOP('',(#9322,#9328,#9329,#9330));
#9322 = ORIENTED_EDGE('',*,*,#9323,.T.);
#9323 = EDGE_CURVE('',#7620,#8358,#9324,.T.);
#9324 = LINE('',#9325,#9326);
#9325 = CARTESIAN_POINT('',(-3.990004,13.406234,0.));
#9326 = VECTOR('',#9327,1.);
#9327 = DIRECTION('',(0.,0.,1.));
#9328 = ORIENTED_EDGE('',*,*,#8357,.T.);
#9329 = ORIENTED_EDGE('',*,*,#9289,.F.);
#9330 = ORIENTED_EDGE('',*,*,#7619,.F.);
#9331 = PLANE('',#9332);
#9332 = AXIS2_PLACEMENT_3D('',#9333,#9334,#9335);
#9333 = CARTESIAN_POINT('',(-3.990004,13.406234,0.));
#9334 = DIRECTION('',(-0.999616180116,2.770365410771E-02,0.));
#9335 = DIRECTION('',(2.770365410771E-02,0.999616180116,0.));
#9336 = ADVANCED_FACE('',(#9337),#9348,.T.);
#9337 = FACE_BOUND('',#9338,.T.);
#9338 = EDGE_LOOP('',(#9339,#9340,#9341,#9347));
#9339 = ORIENTED_EDGE('',*,*,#9308,.T.);
#9340 = ORIENTED_EDGE('',*,*,#8730,.T.);
#9341 = ORIENTED_EDGE('',*,*,#9342,.F.);
#9342 = EDGE_CURVE('',#7984,#8722,#9343,.T.);
#9343 = LINE('',#9344,#9345);
#9344 = CARTESIAN_POINT('',(41.165053,-15.571906,0.));
#9345 = VECTOR('',#9346,1.);
#9346 = DIRECTION('',(0.,0.,1.));
#9347 = ORIENTED_EDGE('',*,*,#7992,.F.);
#9348 = PLANE('',#9349);
#9349 = AXIS2_PLACEMENT_3D('',#9350,#9351,#9352);
#9350 = CARTESIAN_POINT('',(56.396853,-15.580965,0.));
#9351 = DIRECTION('',(-5.947424728418E-04,-0.999999823141,0.));
#9352 = DIRECTION('',(-0.999999823141,5.947424728418E-04,0.));
#9353 = ADVANCED_FACE('',(#9354),#9365,.T.);
#9354 = FACE_BOUND('',#9355,.T.);
#9355 = EDGE_LOOP('',(#9356,#9362,#9363,#9364));
#9356 = ORIENTED_EDGE('',*,*,#9357,.T.);
#9357 = EDGE_CURVE('',#7628,#8366,#9358,.T.);
#9358 = LINE('',#9359,#9360);
#9359 = CARTESIAN_POINT('',(-3.590004,13.006234,0.));
#9360 = VECTOR('',#9361,1.);
#9361 = DIRECTION('',(0.,0.,1.));
#9362 = ORIENTED_EDGE('',*,*,#8365,.T.);
#9363 = ORIENTED_EDGE('',*,*,#9323,.F.);
#9364 = ORIENTED_EDGE('',*,*,#7627,.F.);
#9365 = CYLINDRICAL_SURFACE('',#9366,0.399999018331);
#9366 = AXIS2_PLACEMENT_3D('',#9367,#9368,#9369);
#9367 = CARTESIAN_POINT('',(-3.59000498167,13.40623301833,0.));
#9368 = DIRECTION('',(0.,0.,-1.));
#9369 = DIRECTION('',(2.454181388136E-06,-0.999999999997,0.));
#9370 = ADVANCED_FACE('',(#9371),#9382,.T.);
#9371 = FACE_BOUND('',#9372,.T.);
#9372 = EDGE_LOOP('',(#9373,#9374,#9375,#9381));
#9373 = ORIENTED_EDGE('',*,*,#9342,.T.);
#9374 = ORIENTED_EDGE('',*,*,#8721,.T.);
#9375 = ORIENTED_EDGE('',*,*,#9376,.F.);
#9376 = EDGE_CURVE('',#7976,#8714,#9377,.T.);
#9377 = LINE('',#9378,#9379);
#9378 = CARTESIAN_POINT('',(40.890047,-15.2969,0.));
#9379 = VECTOR('',#9380,1.);
#9380 = DIRECTION('',(0.,0.,1.));
#9381 = ORIENTED_EDGE('',*,*,#7983,.F.);
#9382 = CYLINDRICAL_SURFACE('',#9383,0.27500465982);
#9383 = AXIS2_PLACEMENT_3D('',#9384,#9385,#9386);
#9384 = CARTESIAN_POINT('',(41.165051659816,-15.29690134018,0.));
#9385 = DIRECTION('',(0.,0.,-1.));
#9386 = DIRECTION('',(4.873312517851E-06,-0.999999999988,0.));
#9387 = ADVANCED_FACE('',(#9388),#9399,.T.);
#9388 = FACE_BOUND('',#9389,.T.);
#9389 = EDGE_LOOP('',(#9390,#9396,#9397,#9398));
#9390 = ORIENTED_EDGE('',*,*,#9391,.T.);
#9391 = EDGE_CURVE('',#7637,#8375,#9392,.T.);
#9392 = LINE('',#9393,#9394);
#9393 = CARTESIAN_POINT('',(-2.690004,13.006234,0.));
#9394 = VECTOR('',#9395,1.);
#9395 = DIRECTION('',(0.,0.,1.));
#9396 = ORIENTED_EDGE('',*,*,#8374,.T.);
#9397 = ORIENTED_EDGE('',*,*,#9357,.F.);
#9398 = ORIENTED_EDGE('',*,*,#7636,.F.);
#9399 = PLANE('',#9400);
#9400 = AXIS2_PLACEMENT_3D('',#9401,#9402,#9403);
#9401 = CARTESIAN_POINT('',(-2.690004,13.006234,0.));
#9402 = DIRECTION('',(0.,-1.,0.));
#9403 = DIRECTION('',(-1.,0.,0.));
#9404 = ADVANCED_FACE('',(#9405),#9416,.T.);
#9405 = FACE_BOUND('',#9406,.T.);
#9406 = EDGE_LOOP('',(#9407,#9408,#9409,#9415));
#9407 = ORIENTED_EDGE('',*,*,#9376,.T.);
#9408 = ORIENTED_EDGE('',*,*,#8713,.T.);
#9409 = ORIENTED_EDGE('',*,*,#9410,.F.);
#9410 = EDGE_CURVE('',#7967,#8705,#9411,.T.);
#9411 = LINE('',#9412,#9413);
#9412 = CARTESIAN_POINT('',(40.890044,-2.268168,0.));
#9413 = VECTOR('',#9414,1.);
#9414 = DIRECTION('',(0.,0.,1.));
#9415 = ORIENTED_EDGE('',*,*,#7975,.F.);
#9416 = PLANE('',#9417);
#9417 = AXIS2_PLACEMENT_3D('',#9418,#9419,#9420);
#9418 = CARTESIAN_POINT('',(40.890047,-15.2969,0.));
#9419 = DIRECTION('',(-1.,-2.302603200013E-07,0.));
#9420 = DIRECTION('',(-2.302603200013E-07,1.,0.));
#9421 = ADVANCED_FACE('',(#9422),#9433,.F.);
#9422 = FACE_BOUND('',#9423,.T.);
#9423 = EDGE_LOOP('',(#9424,#9430,#9431,#9432));
#9424 = ORIENTED_EDGE('',*,*,#9425,.T.);
#9425 = EDGE_CURVE('',#7645,#8383,#9426,.T.);
#9426 = LINE('',#9427,#9428);
#9427 = CARTESIAN_POINT('',(-2.290022,12.606234,0.));
#9428 = VECTOR('',#9429,1.);
#9429 = DIRECTION('',(0.,0.,1.));
#9430 = ORIENTED_EDGE('',*,*,#8382,.T.);
#9431 = ORIENTED_EDGE('',*,*,#9391,.F.);
#9432 = ORIENTED_EDGE('',*,*,#7644,.F.);
#9433 = CYLINDRICAL_SURFACE('',#9434,0.399968292463);
#9434 = AXIS2_PLACEMENT_3D('',#9435,#9436,#9437);
#9435 = CARTESIAN_POINT('',(-2.689990291206,12.606265707772,0.));
#9436 = DIRECTION('',(-0.,-0.,-1.));
#9437 = DIRECTION('',(0.999999996858,-7.927571488696E-05,0.));
#9438 = ADVANCED_FACE('',(#9439),#9450,.T.);
#9439 = FACE_BOUND('',#9440,.T.);
#9440 = EDGE_LOOP('',(#9441,#9442,#9443,#9449));
#9441 = ORIENTED_EDGE('',*,*,#9410,.T.);
#9442 = ORIENTED_EDGE('',*,*,#8704,.T.);
#9443 = ORIENTED_EDGE('',*,*,#9444,.F.);
#9444 = EDGE_CURVE('',#7959,#8697,#9445,.T.);
#9445 = LINE('',#9446,#9447);
#9446 = CARTESIAN_POINT('',(41.690043,-1.468168,0.));
#9447 = VECTOR('',#9448,1.);
#9448 = DIRECTION('',(0.,0.,1.));
#9449 = ORIENTED_EDGE('',*,*,#7966,.F.);
#9450 = CYLINDRICAL_SURFACE('',#9451,0.799999743761);
#9451 = AXIS2_PLACEMENT_3D('',#9452,#9453,#9454);
#9452 = CARTESIAN_POINT('',(41.690043743761,-2.26816774376,0.));
#9453 = DIRECTION('',(0.,0.,-1.));
#9454 = DIRECTION('',(-1.,-3.202998193413E-07,-0.));
#9455 = ADVANCED_FACE('',(#9456),#9467,.T.);
#9456 = FACE_BOUND('',#9457,.T.);
#9457 = EDGE_LOOP('',(#9458,#9464,#9465,#9466));
#9458 = ORIENTED_EDGE('',*,*,#9459,.T.);
#9459 = EDGE_CURVE('',#7654,#8392,#9460,.T.);
#9460 = LINE('',#9461,#9462);
#9461 = CARTESIAN_POINT('',(-2.290004,9.406234,0.));
#9462 = VECTOR('',#9463,1.);
#9463 = DIRECTION('',(0.,0.,1.));
#9464 = ORIENTED_EDGE('',*,*,#8391,.T.);
#9465 = ORIENTED_EDGE('',*,*,#9425,.F.);
#9466 = ORIENTED_EDGE('',*,*,#7653,.F.);
#9467 = PLANE('',#9468);
#9468 = AXIS2_PLACEMENT_3D('',#9469,#9470,#9471);
#9469 = CARTESIAN_POINT('',(-2.290004,9.406234,0.));
#9470 = DIRECTION('',(-0.999999999984,-5.624999999865E-06,0.));
#9471 = DIRECTION('',(-5.624999999865E-06,0.999999999984,0.));
#9472 = ADVANCED_FACE('',(#9473),#9484,.T.);
#9473 = FACE_BOUND('',#9474,.T.);
#9474 = EDGE_LOOP('',(#9475,#9476,#9477,#9483));
#9475 = ORIENTED_EDGE('',*,*,#9444,.T.);
#9476 = ORIENTED_EDGE('',*,*,#8696,.T.);
#9477 = ORIENTED_EDGE('',*,*,#9478,.F.);
#9478 = EDGE_CURVE('',#7950,#8688,#9479,.T.);
#9479 = LINE('',#9480,#9481);
#9480 = CARTESIAN_POINT('',(42.414843,-1.468133,0.));
#9481 = VECTOR('',#9482,1.);
#9482 = DIRECTION('',(0.,0.,1.));
#9483 = ORIENTED_EDGE('',*,*,#7958,.F.);
#9484 = PLANE('',#9485);
#9485 = AXIS2_PLACEMENT_3D('',#9486,#9487,#9488);
#9486 = CARTESIAN_POINT('',(41.690043,-1.468168,0.));
#9487 = DIRECTION('',(-4.828918316667E-05,0.999999998834,0.));
#9488 = DIRECTION('',(0.999999998834,4.828918316667E-05,0.));
#9489 = ADVANCED_FACE('',(#9490),#9501,.F.);
#9490 = FACE_BOUND('',#9491,.T.);
#9491 = EDGE_LOOP('',(#9492,#9498,#9499,#9500));
#9492 = ORIENTED_EDGE('',*,*,#9493,.T.);
#9493 = EDGE_CURVE('',#7662,#8400,#9494,.T.);
#9494 = LINE('',#9495,#9496);
#9495 = CARTESIAN_POINT('',(-2.690004,9.006234,0.));
#9496 = VECTOR('',#9497,1.);
#9497 = DIRECTION('',(0.,0.,1.));
#9498 = ORIENTED_EDGE('',*,*,#8399,.T.);
#9499 = ORIENTED_EDGE('',*,*,#9459,.F.);
#9500 = ORIENTED_EDGE('',*,*,#7661,.F.);
#9501 = CYLINDRICAL_SURFACE('',#9502,0.399999018331);
#9502 = AXIS2_PLACEMENT_3D('',#9503,#9504,#9505);
#9503 = CARTESIAN_POINT('',(-2.69000301833,9.40623301833,0.));
#9504 = DIRECTION('',(-0.,-0.,-1.));
#9505 = DIRECTION('',(-2.454181387026E-06,-0.999999999997,0.));
#9506 = ADVANCED_FACE('',(#9507),#9518,.F.);
#9507 = FACE_BOUND('',#9508,.T.);
#9508 = EDGE_LOOP('',(#9509,#9510,#9511,#9517));
#9509 = ORIENTED_EDGE('',*,*,#9478,.T.);
#9510 = ORIENTED_EDGE('',*,*,#8687,.T.);
#9511 = ORIENTED_EDGE('',*,*,#9512,.F.);
#9512 = EDGE_CURVE('',#7942,#8680,#9513,.T.);
#9513 = LINE('',#9514,#9515);
#9514 = CARTESIAN_POINT('',(43.214841,-0.668134,0.));
#9515 = VECTOR('',#9516,1.);
#9516 = DIRECTION('',(0.,0.,1.));
#9517 = ORIENTED_EDGE('',*,*,#7949,.F.);
#9518 = CYLINDRICAL_SURFACE('',#9519,0.799999743764);
#9519 = AXIS2_PLACEMENT_3D('',#9520,#9521,#9522);
#9520 = CARTESIAN_POINT('',(42.414841256237,-0.668133256238,0.));
#9521 = DIRECTION('',(-0.,-0.,-1.));
#9522 = DIRECTION('',(2.179704946356E-06,-0.999999999998,0.));
#9523 = ADVANCED_FACE('',(#9524),#9535,.T.);
#9524 = FACE_BOUND('',#9525,.T.);
#9525 = EDGE_LOOP('',(#9526,#9532,#9533,#9534));
#9526 = ORIENTED_EDGE('',*,*,#9527,.T.);
#9527 = EDGE_CURVE('',#7671,#8409,#9528,.T.);
#9528 = LINE('',#9529,#9530);
#9529 = CARTESIAN_POINT('',(-3.730004,9.006234,0.));
#9530 = VECTOR('',#9531,1.);
#9531 = DIRECTION('',(0.,0.,1.));
#9532 = ORIENTED_EDGE('',*,*,#8408,.T.);
#9533 = ORIENTED_EDGE('',*,*,#9493,.F.);
#9534 = ORIENTED_EDGE('',*,*,#7670,.F.);
#9535 = PLANE('',#9536);
#9536 = AXIS2_PLACEMENT_3D('',#9537,#9538,#9539);
#9537 = CARTESIAN_POINT('',(-3.730004,9.006234,0.));
#9538 = DIRECTION('',(0.,1.,0.));
#9539 = DIRECTION('',(1.,0.,0.));
#9540 = ADVANCED_FACE('',(#9541),#9552,.T.);
#9541 = FACE_BOUND('',#9542,.T.);
#9542 = EDGE_LOOP('',(#9543,#9544,#9545,#9551));
#9543 = ORIENTED_EDGE('',*,*,#9512,.T.);
#9544 = ORIENTED_EDGE('',*,*,#8679,.T.);
#9545 = ORIENTED_EDGE('',*,*,#9546,.F.);
#9546 = EDGE_CURVE('',#7933,#8671,#9547,.T.);
#9547 = LINE('',#9548,#9549);
#9548 = CARTESIAN_POINT('',(43.214841,3.406235,0.));
#9549 = VECTOR('',#9550,1.);
#9550 = DIRECTION('',(0.,0.,1.));
#9551 = ORIENTED_EDGE('',*,*,#7941,.F.);
#9552 = PLANE('',#9553);
#9553 = AXIS2_PLACEMENT_3D('',#9554,#9555,#9556);
#9554 = CARTESIAN_POINT('',(43.214841,-0.668134,0.));
#9555 = DIRECTION('',(-1.,0.,0.));
#9556 = DIRECTION('',(0.,1.,0.));
#9557 = ADVANCED_FACE('',(#9558),#9569,.T.);
#9558 = FACE_BOUND('',#9559,.T.);
#9559 = EDGE_LOOP('',(#9560,#9566,#9567,#9568));
#9560 = ORIENTED_EDGE('',*,*,#9561,.T.);
#9561 = EDGE_CURVE('',#7679,#8417,#9562,.T.);
#9562 = LINE('',#9563,#9564);
#9563 = CARTESIAN_POINT('',(-4.130003,8.606234,0.));
#9564 = VECTOR('',#9565,1.);
#9565 = DIRECTION('',(0.,0.,1.));
#9566 = ORIENTED_EDGE('',*,*,#8416,.T.);
#9567 = ORIENTED_EDGE('',*,*,#9527,.F.);
#9568 = ORIENTED_EDGE('',*,*,#7678,.F.);
#9569 = CYLINDRICAL_SURFACE('',#9570,0.39999731124);
#9570 = AXIS2_PLACEMENT_3D('',#9571,#9572,#9573);
#9571 = CARTESIAN_POINT('',(-3.730005688769,8.606236688763,0.));
#9572 = DIRECTION('',(0.,0.,-1.));
#9573 = DIRECTION('',(-0.999999999977,-6.721953676344E-06,-0.));
#9574 = ADVANCED_FACE('',(#9575),#9586,.F.);
#9575 = FACE_BOUND('',#9576,.T.);
#9576 = EDGE_LOOP('',(#9577,#9578,#9579,#9585));
#9577 = ORIENTED_EDGE('',*,*,#9546,.T.);
#9578 = ORIENTED_EDGE('',*,*,#8670,.T.);
#9579 = ORIENTED_EDGE('',*,*,#9580,.F.);
#9580 = EDGE_CURVE('',#7925,#8663,#9581,.T.);
#9581 = LINE('',#9582,#9583);
#9582 = CARTESIAN_POINT('',(42.414843,4.206234,0.));
#9583 = VECTOR('',#9584,1.);
#9584 = DIRECTION('',(0.,0.,1.));
#9585 = ORIENTED_EDGE('',*,*,#7932,.F.);
#9586 = CYLINDRICAL_SURFACE('',#9587,0.799999743764);
#9587 = AXIS2_PLACEMENT_3D('',#9588,#9589,#9590);
#9588 = CARTESIAN_POINT('',(42.414841256237,3.406234256238,0.));
#9589 = DIRECTION('',(-0.,-0.,-1.));
#9590 = DIRECTION('',(1.,9.297026056963E-07,-0.));
#9591 = ADVANCED_FACE('',(#9592),#9603,.T.);
#9592 = FACE_BOUND('',#9593,.T.);
#9593 = EDGE_LOOP('',(#9594,#9600,#9601,#9602));
#9594 = ORIENTED_EDGE('',*,*,#9595,.T.);
#9595 = EDGE_CURVE('',#7688,#8426,#9596,.T.);
#9596 = LINE('',#9597,#9598);
#9597 = CARTESIAN_POINT('',(-4.555798,-6.893765,0.));
#9598 = VECTOR('',#9599,1.);
#9599 = DIRECTION('',(0.,0.,1.));
#9600 = ORIENTED_EDGE('',*,*,#8425,.T.);
#9601 = ORIENTED_EDGE('',*,*,#9561,.F.);
#9602 = ORIENTED_EDGE('',*,*,#7687,.F.);
#9603 = PLANE('',#9604);
#9604 = AXIS2_PLACEMENT_3D('',#9605,#9606,#9607);
#9605 = CARTESIAN_POINT('',(-4.555798,-6.893765,0.));
#9606 = DIRECTION('',(-0.999622895198,2.746028762071E-02,0.));
#9607 = DIRECTION('',(2.746028762071E-02,0.999622895198,0.));
#9608 = ADVANCED_FACE('',(#9609),#9620,.T.);
#9609 = FACE_BOUND('',#9610,.T.);
#9610 = EDGE_LOOP('',(#9611,#9612,#9613,#9619));
#9611 = ORIENTED_EDGE('',*,*,#9580,.T.);
#9612 = ORIENTED_EDGE('',*,*,#8662,.T.);
#9613 = ORIENTED_EDGE('',*,*,#9614,.F.);
#9614 = EDGE_CURVE('',#7916,#8654,#9615,.T.);
#9615 = LINE('',#9616,#9617);
#9616 = CARTESIAN_POINT('',(41.690002,4.206199,0.));
#9617 = VECTOR('',#9618,1.);
#9618 = DIRECTION('',(0.,0.,1.));
#9619 = ORIENTED_EDGE('',*,*,#7924,.F.);
#9620 = PLANE('',#9621);
#9621 = AXIS2_PLACEMENT_3D('',#9622,#9623,#9624);
#9622 = CARTESIAN_POINT('',(42.414843,4.206234,0.));
#9623 = DIRECTION('',(4.828645173169E-05,-0.999999998834,0.));
#9624 = DIRECTION('',(-0.999999998834,-4.828645173169E-05,0.));
#9625 = ADVANCED_FACE('',(#9626),#9637,.T.);
#9626 = FACE_BOUND('',#9627,.T.);
#9627 = EDGE_LOOP('',(#9628,#9634,#9635,#9636));
#9628 = ORIENTED_EDGE('',*,*,#9629,.T.);
#9629 = EDGE_CURVE('',#7696,#8434,#9630,.T.);
#9630 = LINE('',#9631,#9632);
#9631 = CARTESIAN_POINT('',(-4.155798,-7.293765,0.));
#9632 = VECTOR('',#9633,1.);
#9633 = DIRECTION('',(0.,0.,1.));
#9634 = ORIENTED_EDGE('',*,*,#8433,.T.);
#9635 = ORIENTED_EDGE('',*,*,#9595,.F.);
#9636 = ORIENTED_EDGE('',*,*,#7695,.F.);
#9637 = CYLINDRICAL_SURFACE('',#9638,0.399999018331);
#9638 = AXIS2_PLACEMENT_3D('',#9639,#9640,#9641);
#9639 = CARTESIAN_POINT('',(-4.15579898167,-6.89376598167,0.));
#9640 = DIRECTION('',(0.,0.,-1.));
#9641 = DIRECTION('',(2.454181390356E-06,-0.999999999997,0.));
#9642 = ADVANCED_FACE('',(#9643),#9654,.T.);
#9643 = FACE_BOUND('',#9644,.T.);
#9644 = EDGE_LOOP('',(#9645,#9646,#9647,#9653));
#9645 = ORIENTED_EDGE('',*,*,#9614,.T.);
#9646 = ORIENTED_EDGE('',*,*,#8653,.T.);
#9647 = ORIENTED_EDGE('',*,*,#9648,.F.);
#9648 = EDGE_CURVE('',#7908,#8646,#9649,.T.);
#9649 = LINE('',#9650,#9651);
#9650 = CARTESIAN_POINT('',(40.889999,5.006199,0.));
#9651 = VECTOR('',#9652,1.);
#9652 = DIRECTION('',(0.,0.,1.));
#9653 = ORIENTED_EDGE('',*,*,#7915,.F.);
#9654 = CYLINDRICAL_SURFACE('',#9655,0.800001450872);
#9655 = AXIS2_PLACEMENT_3D('',#9656,#9657,#9658);
#9656 = CARTESIAN_POINT('',(41.690000450871,5.006200450871,0.));
#9657 = DIRECTION('',(0.,0.,-1.));
#9658 = DIRECTION('',(1.936407821653E-06,-0.999999999998,0.));
#9659 = ADVANCED_FACE('',(#9660),#9671,.T.);
#9660 = FACE_BOUND('',#9661,.T.);
#9661 = EDGE_LOOP('',(#9662,#9668,#9669,#9670));
#9662 = ORIENTED_EDGE('',*,*,#9663,.T.);
#9663 = EDGE_CURVE('',#7705,#8443,#9664,.T.);
#9664 = LINE('',#9665,#9666);
#9665 = CARTESIAN_POINT('',(-2.690004,-7.293766,0.));
#9666 = VECTOR('',#9667,1.);
#9667 = DIRECTION('',(0.,0.,1.));
#9668 = ORIENTED_EDGE('',*,*,#8442,.T.);
#9669 = ORIENTED_EDGE('',*,*,#9629,.F.);
#9670 = ORIENTED_EDGE('',*,*,#7704,.F.);
#9671 = PLANE('',#9672);
#9672 = AXIS2_PLACEMENT_3D('',#9673,#9674,#9675);
#9673 = CARTESIAN_POINT('',(-2.690004,-7.293766,0.));
#9674 = DIRECTION('',(-6.82224105256E-07,-1.,0.));
#9675 = DIRECTION('',(-1.,6.82224105256E-07,0.));
#9676 = ADVANCED_FACE('',(#9677),#9688,.T.);
#9677 = FACE_BOUND('',#9678,.T.);
#9678 = EDGE_LOOP('',(#9679,#9680,#9681,#9687));
#9679 = ORIENTED_EDGE('',*,*,#9648,.T.);
#9680 = ORIENTED_EDGE('',*,*,#8645,.T.);
#9681 = ORIENTED_EDGE('',*,*,#9682,.F.);
#9682 = EDGE_CURVE('',#7900,#8638,#9683,.T.);
#9683 = LINE('',#9684,#9685);
#9684 = CARTESIAN_POINT('',(40.889994,23.849243,0.));
#9685 = VECTOR('',#9686,1.);
#9686 = DIRECTION('',(0.,0.,1.));
#9687 = ORIENTED_EDGE('',*,*,#7907,.F.);
#9688 = PLANE('',#9689);
#9689 = AXIS2_PLACEMENT_3D('',#9690,#9691,#9692);
#9690 = CARTESIAN_POINT('',(40.889999,5.006199,0.));
#9691 = DIRECTION('',(-1.,-2.653499085173E-07,0.));
#9692 = DIRECTION('',(-2.653499085173E-07,1.,0.));
#9693 = ADVANCED_FACE('',(#9694),#9705,.F.);
#9694 = FACE_BOUND('',#9695,.T.);
#9695 = EDGE_LOOP('',(#9696,#9702,#9703,#9704));
#9696 = ORIENTED_EDGE('',*,*,#9697,.T.);
#9697 = EDGE_CURVE('',#7713,#8451,#9698,.T.);
#9698 = LINE('',#9699,#9700);
#9699 = CARTESIAN_POINT('',(-2.290004,-7.693766,0.));
#9700 = VECTOR('',#9701,1.);
#9701 = DIRECTION('',(0.,0.,1.));
#9702 = ORIENTED_EDGE('',*,*,#8450,.T.);
#9703 = ORIENTED_EDGE('',*,*,#9663,.F.);
#9704 = ORIENTED_EDGE('',*,*,#7712,.F.);
#9705 = CYLINDRICAL_SURFACE('',#9706,0.399999018331);
#9706 = AXIS2_PLACEMENT_3D('',#9707,#9708,#9709);
#9707 = CARTESIAN_POINT('',(-2.69000301833,-7.69376501833,0.));
#9708 = DIRECTION('',(-0.,-0.,-1.));
#9709 = DIRECTION('',(0.999999999997,-2.454181390356E-06,0.));
#9710 = ADVANCED_FACE('',(#9711),#9722,.T.);
#9711 = FACE_BOUND('',#9712,.T.);
#9712 = EDGE_LOOP('',(#9713,#9714,#9715,#9721));
#9713 = ORIENTED_EDGE('',*,*,#9682,.T.);
#9714 = ORIENTED_EDGE('',*,*,#8637,.T.);
#9715 = ORIENTED_EDGE('',*,*,#9716,.F.);
#9716 = EDGE_CURVE('',#7892,#8630,#9717,.T.);
#9717 = LINE('',#9718,#9719);
#9718 = CARTESIAN_POINT('',(35.889997,23.856596,0.));
#9719 = VECTOR('',#9720,1.);
#9720 = DIRECTION('',(0.,0.,1.));
#9721 = ORIENTED_EDGE('',*,*,#7899,.F.);
#9722 = PLANE('',#9723);
#9723 = AXIS2_PLACEMENT_3D('',#9724,#9725,#9726);
#9724 = CARTESIAN_POINT('',(40.889994,23.849243,0.));
#9725 = DIRECTION('',(-1.470599292153E-03,-0.999998918668,0.));
#9726 = DIRECTION('',(-0.999998918668,1.470599292153E-03,0.));
#9727 = ADVANCED_FACE('',(#9728),#9739,.T.);
#9728 = FACE_BOUND('',#9729,.T.);
#9729 = EDGE_LOOP('',(#9730,#9736,#9737,#9738));
#9730 = ORIENTED_EDGE('',*,*,#9731,.T.);
#9731 = EDGE_CURVE('',#7722,#8460,#9732,.T.);
#9732 = LINE('',#9733,#9734);
#9733 = CARTESIAN_POINT('',(-2.290004,-10.893766,0.));
#9734 = VECTOR('',#9735,1.);
#9735 = DIRECTION('',(0.,0.,1.));
#9736 = ORIENTED_EDGE('',*,*,#8459,.T.);
#9737 = ORIENTED_EDGE('',*,*,#9697,.F.);
#9738 = ORIENTED_EDGE('',*,*,#7721,.F.);
#9739 = PLANE('',#9740);
#9740 = AXIS2_PLACEMENT_3D('',#9741,#9742,#9743);
#9741 = CARTESIAN_POINT('',(-2.290004,-10.893766,0.));
#9742 = DIRECTION('',(-1.,0.,0.));
#9743 = DIRECTION('',(0.,1.,0.));
#9744 = ADVANCED_FACE('',(#9745),#9756,.T.);
#9745 = FACE_BOUND('',#9746,.T.);
#9746 = EDGE_LOOP('',(#9747,#9748,#9749,#9755));
#9747 = ORIENTED_EDGE('',*,*,#9716,.T.);
#9748 = ORIENTED_EDGE('',*,*,#8629,.T.);
#9749 = ORIENTED_EDGE('',*,*,#9750,.F.);
#9750 = EDGE_CURVE('',#7883,#8621,#9751,.T.);
#9751 = LINE('',#9752,#9753);
#9752 = CARTESIAN_POINT('',(35.889997,24.531596,0.));
#9753 = VECTOR('',#9754,1.);
#9754 = DIRECTION('',(0.,0.,1.));
#9755 = ORIENTED_EDGE('',*,*,#7891,.F.);
#9756 = PLANE('',#9757);
#9757 = AXIS2_PLACEMENT_3D('',#9758,#9759,#9760);
#9758 = CARTESIAN_POINT('',(35.889997,23.856596,0.));
#9759 = DIRECTION('',(-1.,0.,0.));
#9760 = DIRECTION('',(0.,1.,0.));
#9761 = ADVANCED_FACE('',(#9762),#9773,.F.);
#9762 = FACE_BOUND('',#9763,.T.);
#9763 = EDGE_LOOP('',(#9764,#9770,#9771,#9772));
#9764 = ORIENTED_EDGE('',*,*,#9765,.T.);
#9765 = EDGE_CURVE('',#7730,#8468,#9766,.T.);
#9766 = LINE('',#9767,#9768);
#9767 = CARTESIAN_POINT('',(-2.690004,-11.293766,0.));
#9768 = VECTOR('',#9769,1.);
#9769 = DIRECTION('',(0.,0.,1.));
#9770 = ORIENTED_EDGE('',*,*,#8467,.T.);
#9771 = ORIENTED_EDGE('',*,*,#9731,.F.);
#9772 = ORIENTED_EDGE('',*,*,#7729,.F.);
#9773 = CYLINDRICAL_SURFACE('',#9774,0.399999018331);
#9774 = AXIS2_PLACEMENT_3D('',#9775,#9776,#9777);
#9775 = CARTESIAN_POINT('',(-2.69000301833,-10.89376698167,0.));
#9776 = DIRECTION('',(-0.,-0.,-1.));
#9777 = DIRECTION('',(-2.454181389246E-06,-0.999999999997,0.));
#9778 = ADVANCED_FACE('',(#9779),#9790,.F.);
#9779 = FACE_BOUND('',#9780,.T.);
#9780 = EDGE_LOOP('',(#9781,#9782,#9783,#9789));
#9781 = ORIENTED_EDGE('',*,*,#9750,.T.);
#9782 = ORIENTED_EDGE('',*,*,#8620,.T.);
#9783 = ORIENTED_EDGE('',*,*,#9784,.F.);
#9784 = EDGE_CURVE('',#7875,#8613,#9785,.T.);
#9785 = LINE('',#9786,#9787);
#9786 = CARTESIAN_POINT('',(33.631997,26.796964,0.));
#9787 = VECTOR('',#9788,1.);
#9788 = DIRECTION('',(0.,0.,1.));
#9789 = ORIENTED_EDGE('',*,*,#7882,.F.);
#9790 = CYLINDRICAL_SURFACE('',#9791,2.258020787694);
#9791 = AXIS2_PLACEMENT_3D('',#9792,#9793,#9794);
#9792 = CARTESIAN_POINT('',(33.631988165622,24.538943212323,0.));
#9793 = DIRECTION('',(-0.,-0.,-1.));
#9794 = DIRECTION('',(0.999994706286,-3.253828469236E-03,0.));
#9795 = ADVANCED_FACE('',(#9796),#9807,.T.);
#9796 = FACE_BOUND('',#9797,.T.);
#9797 = EDGE_LOOP('',(#9798,#9804,#9805,#9806));
#9798 = ORIENTED_EDGE('',*,*,#9799,.T.);
#9799 = EDGE_CURVE('',#7739,#8477,#9800,.T.);
#9800 = LINE('',#9801,#9802);
#9801 = CARTESIAN_POINT('',(-4.285798,-11.293766,0.));
#9802 = VECTOR('',#9803,1.);
#9803 = DIRECTION('',(0.,0.,1.));
#9804 = ORIENTED_EDGE('',*,*,#8476,.T.);
#9805 = ORIENTED_EDGE('',*,*,#9765,.F.);
#9806 = ORIENTED_EDGE('',*,*,#7738,.F.);
#9807 = PLANE('',#9808);
#9808 = AXIS2_PLACEMENT_3D('',#9809,#9810,#9811);
#9809 = CARTESIAN_POINT('',(-4.285798,-11.293766,0.));
#9810 = DIRECTION('',(0.,1.,0.));
#9811 = DIRECTION('',(1.,0.,0.));
#9812 = ADVANCED_FACE('',(#9813),#9824,.T.);
#9813 = FACE_BOUND('',#9814,.T.);
#9814 = EDGE_LOOP('',(#9815,#9816,#9817,#9823));
#9815 = ORIENTED_EDGE('',*,*,#9784,.T.);
#9816 = ORIENTED_EDGE('',*,*,#8612,.T.);
#9817 = ORIENTED_EDGE('',*,*,#9818,.F.);
#9818 = EDGE_CURVE('',#7866,#8604,#9819,.T.);
#9819 = LINE('',#9820,#9821);
#9820 = CARTESIAN_POINT('',(13.268,26.797,0.));
#9821 = VECTOR('',#9822,1.);
#9822 = DIRECTION('',(0.,0.,1.));
#9823 = ORIENTED_EDGE('',*,*,#7874,.F.);
#9824 = PLANE('',#9825);
#9825 = AXIS2_PLACEMENT_3D('',#9826,#9827,#9828);
#9826 = CARTESIAN_POINT('',(33.631997,26.796964,0.));
#9827 = DIRECTION('',(-1.767825835047E-06,-0.999999999998,0.));
#9828 = DIRECTION('',(-0.999999999998,1.767825835047E-06,0.));
#9829 = ADVANCED_FACE('',(#9830),#9841,.T.);
#9830 = FACE_BOUND('',#9831,.T.);
#9831 = EDGE_LOOP('',(#9832,#9838,#9839,#9840));
#9832 = ORIENTED_EDGE('',*,*,#9833,.T.);
#9833 = EDGE_CURVE('',#7747,#8485,#9834,.T.);
#9834 = LINE('',#9835,#9836);
#9835 = CARTESIAN_POINT('',(-4.685797,-11.693766,0.));
#9836 = VECTOR('',#9837,1.);
#9837 = DIRECTION('',(0.,0.,1.));
#9838 = ORIENTED_EDGE('',*,*,#8484,.T.);
#9839 = ORIENTED_EDGE('',*,*,#9799,.F.);
#9840 = ORIENTED_EDGE('',*,*,#7746,.F.);
#9841 = CYLINDRICAL_SURFACE('',#9842,0.39999731124);
#9842 = AXIS2_PLACEMENT_3D('',#9843,#9844,#9845);
#9843 = CARTESIAN_POINT('',(-4.285799688769,-11.69376331123,0.));
#9844 = DIRECTION('',(0.,0.,-1.));
#9845 = DIRECTION('',(-0.999999999977,-6.721953676344E-06,-0.));
#9846 = ADVANCED_FACE('',(#9847),#9858,.F.);
#9847 = FACE_BOUND('',#9848,.T.);
#9848 = EDGE_LOOP('',(#9849,#9850,#9851,#9857));
#9849 = ORIENTED_EDGE('',*,*,#9818,.T.);
#9850 = ORIENTED_EDGE('',*,*,#8603,.T.);
#9851 = ORIENTED_EDGE('',*,*,#9852,.F.);
#9852 = EDGE_CURVE('',#7858,#8596,#9853,.T.);
#9853 = LINE('',#9854,#9855);
#9854 = CARTESIAN_POINT('',(11.01,24.539,0.));
#9855 = VECTOR('',#9856,1.);
#9856 = DIRECTION('',(0.,0.,1.));
#9857 = ORIENTED_EDGE('',*,*,#7865,.F.);
#9858 = CYLINDRICAL_SURFACE('',#9859,2.258000382116);
#9859 = AXIS2_PLACEMENT_3D('',#9860,#9861,#9862);
#9860 = CARTESIAN_POINT('',(13.268000382116,24.538999617884,0.));
#9861 = DIRECTION('',(-0.,-0.,-1.));
#9862 = DIRECTION('',(-1.692277013114E-07,1.,0.));
#9863 = ADVANCED_FACE('',(#9864),#9875,.T.);
#9864 = FACE_BOUND('',#9865,.T.);
#9865 = EDGE_LOOP('',(#9866,#9872,#9873,#9874));
#9866 = ORIENTED_EDGE('',*,*,#9867,.T.);
#9867 = EDGE_CURVE('',#7756,#8494,#9868,.T.);
#9868 = LINE('',#9869,#9870);
#9869 = CARTESIAN_POINT('',(-4.787003,-15.297999,0.));
#9870 = VECTOR('',#9871,1.);
#9871 = DIRECTION('',(0.,0.,1.));
#9872 = ORIENTED_EDGE('',*,*,#8493,.T.);
#9873 = ORIENTED_EDGE('',*,*,#9833,.F.);
#9874 = ORIENTED_EDGE('',*,*,#7755,.F.);
#9875 = PLANE('',#9876);
#9876 = AXIS2_PLACEMENT_3D('',#9877,#9878,#9879);
#9877 = CARTESIAN_POINT('',(-4.787003,-15.297999,0.));
#9878 = DIRECTION('',(-0.999605996501,2.806869713526E-02,0.));
#9879 = DIRECTION('',(2.806869713526E-02,0.999605996501,0.));
#9880 = ADVANCED_FACE('',(#9881),#9892,.T.);
#9881 = FACE_BOUND('',#9882,.T.);
#9882 = EDGE_LOOP('',(#9883,#9884,#9885,#9891));
#9883 = ORIENTED_EDGE('',*,*,#9852,.T.);
#9884 = ORIENTED_EDGE('',*,*,#8595,.T.);
#9885 = ORIENTED_EDGE('',*,*,#9886,.F.);
#9886 = EDGE_CURVE('',#7849,#8587,#9887,.T.);
#9887 = LINE('',#9888,#9889);
#9888 = CARTESIAN_POINT('',(11.009997,5.006233,0.));
#9889 = VECTOR('',#9890,1.);
#9890 = DIRECTION('',(0.,0.,1.));
#9891 = ORIENTED_EDGE('',*,*,#7857,.F.);
#9892 = PLANE('',#9893);
#9893 = AXIS2_PLACEMENT_3D('',#9894,#9895,#9896);
#9894 = CARTESIAN_POINT('',(11.01,24.539,0.));
#9895 = DIRECTION('',(1.,-1.535880707291E-07,0.));
#9896 = DIRECTION('',(-1.535880707291E-07,-1.,0.));
#9897 = ADVANCED_FACE('',(#9898),#9909,.T.);
#9898 = FACE_BOUND('',#9899,.T.);
#9899 = EDGE_LOOP('',(#9900,#9906,#9907,#9908));
#9900 = ORIENTED_EDGE('',*,*,#9901,.T.);
#9901 = EDGE_CURVE('',#7764,#8502,#9902,.T.);
#9902 = LINE('',#9903,#9904);
#9903 = CARTESIAN_POINT('',(-4.503998,-15.580999,0.));
#9904 = VECTOR('',#9905,1.);
#9905 = DIRECTION('',(0.,0.,1.));
#9906 = ORIENTED_EDGE('',*,*,#8501,.T.);
#9907 = ORIENTED_EDGE('',*,*,#9867,.F.);
#9908 = ORIENTED_EDGE('',*,*,#7763,.F.);
#9909 = CYLINDRICAL_SURFACE('',#9910,0.283000748028);
#9910 = AXIS2_PLACEMENT_3D('',#9911,#9912,#9913);
#9911 = CARTESIAN_POINT('',(-4.504002251973,-15.297998252,0.));
#9912 = DIRECTION('',(0.,0.,-1.));
#9913 = DIRECTION('',(1.502460066754E-05,-0.999999999887,0.));
#9914 = ADVANCED_FACE('',(#9915),#9926,.T.);
#9915 = FACE_BOUND('',#9916,.T.);
#9916 = EDGE_LOOP('',(#9917,#9918,#9919,#9925));
#9917 = ORIENTED_EDGE('',*,*,#9886,.T.);
#9918 = ORIENTED_EDGE('',*,*,#8586,.T.);
#9919 = ORIENTED_EDGE('',*,*,#9920,.F.);
#9920 = EDGE_CURVE('',#7841,#8579,#9921,.T.);
#9921 = LINE('',#9922,#9923);
#9922 = CARTESIAN_POINT('',(10.209997,4.206233,0.));
#9923 = VECTOR('',#9924,1.);
#9924 = DIRECTION('',(0.,0.,1.));
#9925 = ORIENTED_EDGE('',*,*,#7848,.F.);
#9926 = CYLINDRICAL_SURFACE('',#9927,0.800001450872);
#9927 = AXIS2_PLACEMENT_3D('',#9928,#9929,#9930);
#9928 = CARTESIAN_POINT('',(10.209995549129,5.006234450871,0.));
#9929 = DIRECTION('',(0.,0.,-1.));
#9930 = DIRECTION('',(0.999999999998,-1.813584997115E-06,0.));
#9931 = ADVANCED_FACE('',(#9932),#9943,.T.);
#9932 = FACE_BOUND('',#9933,.T.);
#9933 = EDGE_LOOP('',(#9934,#9940,#9941,#9942));
#9934 = ORIENTED_EDGE('',*,*,#9935,.T.);
#9935 = EDGE_CURVE('',#7773,#8511,#9936,.T.);
#9936 = LINE('',#9937,#9938);
#9937 = CARTESIAN_POINT('',(10.741563,-15.571905,0.));
#9938 = VECTOR('',#9939,1.);
#9939 = DIRECTION('',(0.,0.,1.));
#9940 = ORIENTED_EDGE('',*,*,#8510,.T.);
#9941 = ORIENTED_EDGE('',*,*,#9901,.F.);
#9942 = ORIENTED_EDGE('',*,*,#7772,.F.);
#9943 = PLANE('',#9944);
#9944 = AXIS2_PLACEMENT_3D('',#9945,#9946,#9947);
#9945 = CARTESIAN_POINT('',(10.741563,-15.571905,0.));
#9946 = DIRECTION('',(5.965013935607E-04,-0.999999822093,0.));
#9947 = DIRECTION('',(-0.999999822093,-5.965013935607E-04,0.));
#9948 = ADVANCED_FACE('',(#9949),#9960,.T.);
#9949 = FACE_BOUND('',#9950,.T.);
#9950 = EDGE_LOOP('',(#9951,#9952,#9953,#9959));
#9951 = ORIENTED_EDGE('',*,*,#9920,.T.);
#9952 = ORIENTED_EDGE('',*,*,#8578,.T.);
#9953 = ORIENTED_EDGE('',*,*,#9954,.F.);
#9954 = EDGE_CURVE('',#7832,#8570,#9955,.T.);
#9955 = LINE('',#9956,#9957);
#9956 = CARTESIAN_POINT('',(9.47143,4.206233,0.));
#9957 = VECTOR('',#9958,1.);
#9958 = DIRECTION('',(0.,0.,1.));
#9959 = ORIENTED_EDGE('',*,*,#7840,.F.);
#9960 = PLANE('',#9961);
#9961 = AXIS2_PLACEMENT_3D('',#9962,#9963,#9964);
#9962 = CARTESIAN_POINT('',(10.209997,4.206233,0.));
#9963 = DIRECTION('',(0.,-1.,0.));
#9964 = DIRECTION('',(-1.,0.,0.));
#9965 = ADVANCED_FACE('',(#9966),#9977,.T.);
#9966 = FACE_BOUND('',#9967,.T.);
#9967 = EDGE_LOOP('',(#9968,#9974,#9975,#9976));
#9968 = ORIENTED_EDGE('',*,*,#9969,.T.);
#9969 = EDGE_CURVE('',#7781,#8519,#9970,.T.);
#9970 = LINE('',#9971,#9972);
#9971 = CARTESIAN_POINT('',(11.016569,-15.296899,0.));
#9972 = VECTOR('',#9973,1.);
#9973 = DIRECTION('',(0.,0.,1.));
#9974 = ORIENTED_EDGE('',*,*,#8518,.T.);
#9975 = ORIENTED_EDGE('',*,*,#9935,.F.);
#9976 = ORIENTED_EDGE('',*,*,#7780,.F.);
#9977 = CYLINDRICAL_SURFACE('',#9978,0.27500465982);
#9978 = AXIS2_PLACEMENT_3D('',#9979,#9980,#9981);
#9979 = CARTESIAN_POINT('',(10.741564340184,-15.29690034018,0.));
#9980 = DIRECTION('',(0.,0.,-1.));
#9981 = DIRECTION('',(0.999999999988,4.873312517851E-06,0.));
#9982 = ADVANCED_FACE('',(#9983),#9994,.F.);
#9983 = FACE_BOUND('',#9984,.T.);
#9984 = EDGE_LOOP('',(#9985,#9986,#9987,#9993));
#9985 = ORIENTED_EDGE('',*,*,#9954,.T.);
#9986 = ORIENTED_EDGE('',*,*,#8569,.T.);
#9987 = ORIENTED_EDGE('',*,*,#9988,.F.);
#9988 = EDGE_CURVE('',#7824,#8562,#9989,.T.);
#9989 = LINE('',#9990,#9991);
#9990 = CARTESIAN_POINT('',(8.677999,3.406235,0.));
#9991 = VECTOR('',#9992,1.);
#9992 = DIRECTION('',(0.,0.,1.));
#9993 = ORIENTED_EDGE('',*,*,#7831,.F.);
#9994 = CYLINDRICAL_SURFACE('',#9995,0.800046435418);
#9995 = AXIS2_PLACEMENT_3D('',#9996,#9997,#9998);
#9996 = CARTESIAN_POINT('',(9.47804543514,3.406213915951,0.));
#9997 = DIRECTION('',(-0.,-0.,-1.));
#9998 = DIRECTION('',(-8.268813968209E-03,0.999965812773,0.));
#9999 = ADVANCED_FACE('',(#10000),#10011,.T.);
#10000 = FACE_BOUND('',#10001,.T.);
#10001 = EDGE_LOOP('',(#10002,#10008,#10009,#10010));
#10002 = ORIENTED_EDGE('',*,*,#10003,.T.);
#10003 = EDGE_CURVE('',#7790,#8528,#10004,.T.);
#10004 = LINE('',#10005,#10006);
#10005 = CARTESIAN_POINT('',(11.016564,-2.268167,0.));
#10006 = VECTOR('',#10007,1.);
#10007 = DIRECTION('',(0.,0.,1.));
#10008 = ORIENTED_EDGE('',*,*,#8527,.T.);
#10009 = ORIENTED_EDGE('',*,*,#9969,.F.);
#10010 = ORIENTED_EDGE('',*,*,#7789,.F.);
#10011 = PLANE('',#10012);
#10012 = AXIS2_PLACEMENT_3D('',#10013,#10014,#10015);
#10013 = CARTESIAN_POINT('',(11.016564,-2.268167,0.));
#10014 = DIRECTION('',(1.,3.837672000476E-07,-0.));
#10015 = DIRECTION('',(3.837672000476E-07,-1.,0.));
#10016 = ADVANCED_FACE('',(#10017),#10028,.T.);
#10017 = FACE_BOUND('',#10018,.T.);
#10018 = EDGE_LOOP('',(#10019,#10020,#10021,#10027));
#10019 = ORIENTED_EDGE('',*,*,#9988,.T.);
#10020 = ORIENTED_EDGE('',*,*,#8561,.T.);
#10021 = ORIENTED_EDGE('',*,*,#10022,.F.);
#10022 = EDGE_CURVE('',#7815,#8553,#10023,.T.);
#10023 = LINE('',#10024,#10025);
#10024 = CARTESIAN_POINT('',(8.677999,-0.662347,0.));
#10025 = VECTOR('',#10026,1.);
#10026 = DIRECTION('',(0.,0.,1.));
#10027 = ORIENTED_EDGE('',*,*,#7823,.F.);
#10028 = PLANE('',#10029);
#10029 = AXIS2_PLACEMENT_3D('',#10030,#10031,#10032);
#10030 = CARTESIAN_POINT('',(8.677999,3.406235,0.));
#10031 = DIRECTION('',(1.,0.,-0.));
#10032 = DIRECTION('',(0.,-1.,0.));
#10033 = ADVANCED_FACE('',(#10034),#10045,.T.);
#10034 = FACE_BOUND('',#10035,.T.);
#10035 = EDGE_LOOP('',(#10036,#10042,#10043,#10044));
#10036 = ORIENTED_EDGE('',*,*,#10037,.T.);
#10037 = EDGE_CURVE('',#7798,#8536,#10038,.T.);
#10038 = LINE('',#10039,#10040);
#10039 = CARTESIAN_POINT('',(10.216564,-1.468167,0.));
#10040 = VECTOR('',#10041,1.);
#10041 = DIRECTION('',(0.,0.,1.));
#10042 = ORIENTED_EDGE('',*,*,#8535,.T.);
#10043 = ORIENTED_EDGE('',*,*,#10003,.F.);
#10044 = ORIENTED_EDGE('',*,*,#7797,.F.);
#10045 = CYLINDRICAL_SURFACE('',#10046,0.800001450872);
#10046 = AXIS2_PLACEMENT_3D('',#10047,#10048,#10049);
#10047 = CARTESIAN_POINT('',(10.216562549129,-2.268168450871,0.));
#10048 = DIRECTION('',(0.,0.,-1.));
#10049 = DIRECTION('',(1.813584997115E-06,0.999999999998,0.));
#10050 = ADVANCED_FACE('',(#10051),#10062,.F.);
#10051 = FACE_BOUND('',#10052,.T.);
#10052 = EDGE_LOOP('',(#10053,#10054,#10055,#10061));
#10053 = ORIENTED_EDGE('',*,*,#10022,.T.);
#10054 = ORIENTED_EDGE('',*,*,#8552,.T.);
#10055 = ORIENTED_EDGE('',*,*,#10056,.F.);
#10056 = EDGE_CURVE('',#7807,#8545,#10057,.T.);
#10057 = LINE('',#10058,#10059);
#10058 = CARTESIAN_POINT('',(9.477997,-1.468167,0.));
#10059 = VECTOR('',#10060,1.);
#10060 = DIRECTION('',(0.,0.,1.));
#10061 = ORIENTED_EDGE('',*,*,#7814,.F.);
#10062 = CYLINDRICAL_SURFACE('',#10063,0.800035443676);
#10063 = AXIS2_PLACEMENT_3D('',#10064,#10065,#10066);
#10064 = CARTESIAN_POINT('',(9.478013531145,-0.668131556495,0.));
#10065 = DIRECTION('',(-0.,-0.,-1.));
#10066 = DIRECTION('',(-0.999973860495,7.23037528005E-03,0.));
#10067 = ADVANCED_FACE('',(#10068),#10074,.T.);
#10068 = FACE_BOUND('',#10069,.T.);
#10069 = EDGE_LOOP('',(#10070,#10071,#10072,#10073));
#10070 = ORIENTED_EDGE('',*,*,#10056,.T.);
#10071 = ORIENTED_EDGE('',*,*,#8544,.T.);
#10072 = ORIENTED_EDGE('',*,*,#10037,.F.);
#10073 = ORIENTED_EDGE('',*,*,#7806,.F.);
#10074 = PLANE('',#10075);
#10075 = AXIS2_PLACEMENT_3D('',#10076,#10077,#10078);
#10076 = CARTESIAN_POINT('',(9.477997,-1.468167,0.));
#10077 = DIRECTION('',(0.,1.,0.));
#10078 = DIRECTION('',(1.,0.,0.));
#10079 = ADVANCED_FACE('',(#10080),#10091,.F.);
#10080 = FACE_BOUND('',#10081,.T.);
#10081 = EDGE_LOOP('',(#10082,#10083,#10089,#10090));
#10082 = ORIENTED_EDGE('',*,*,#8078,.T.);
#10083 = ORIENTED_EDGE('',*,*,#10084,.T.);
#10084 = EDGE_CURVE('',#8079,#8817,#10085,.T.);
#10085 = LINE('',#10086,#10087);
#10086 = CARTESIAN_POINT('',(8.284996,-3.818766,-4.6E-02));
#10087 = VECTOR('',#10088,1.);
#10088 = DIRECTION('',(0.,0.,1.));
#10089 = ORIENTED_EDGE('',*,*,#8816,.F.);
#10090 = ORIENTED_EDGE('',*,*,#10084,.F.);
#10091 = CYLINDRICAL_SURFACE('',#10092,0.25);
#10092 = AXIS2_PLACEMENT_3D('',#10093,#10094,#10095);
#10093 = CARTESIAN_POINT('',(8.284996,-3.568766,-4.6E-02));
#10094 = DIRECTION('',(-0.,-0.,-1.));
#10095 = DIRECTION('',(-0.,-1.,0.));
#10096 = ADVANCED_FACE('',(#10097),#10108,.F.);
#10097 = FACE_BOUND('',#10098,.T.);
#10098 = EDGE_LOOP('',(#10099,#10105,#10106,#10107));
#10099 = ORIENTED_EDGE('',*,*,#10100,.T.);
#10100 = EDGE_CURVE('',#8090,#8828,#10101,.T.);
#10101 = LINE('',#10102,#10103);
#10102 = CARTESIAN_POINT('',(3.,0.,0.));
#10103 = VECTOR('',#10104,1.);
#10104 = DIRECTION('',(0.,0.,1.));
#10105 = ORIENTED_EDGE('',*,*,#8827,.T.);
#10106 = ORIENTED_EDGE('',*,*,#10100,.F.);
#10107 = ORIENTED_EDGE('',*,*,#8089,.F.);
#10108 = CYLINDRICAL_SURFACE('',#10109,3.);
#10109 = AXIS2_PLACEMENT_3D('',#10110,#10111,#10112);
#10110 = CARTESIAN_POINT('',(0.,-0.,0.));
#10111 = DIRECTION('',(-0.,-0.,-1.));
#10112 = DIRECTION('',(1.,0.,-0.));
#10113 = ADVANCED_FACE('',(#10114),#10125,.F.);
#10114 = FACE_BOUND('',#10115,.T.);
#10115 = EDGE_LOOP('',(#10116,#10117,#10123,#10124));
#10116 = ORIENTED_EDGE('',*,*,#8100,.T.);
#10117 = ORIENTED_EDGE('',*,*,#10118,.T.);
#10118 = EDGE_CURVE('',#8101,#8839,#10119,.T.);
#10119 = LINE('',#10120,#10121);
#10120 = CARTESIAN_POINT('',(9.734996,6.481234,-4.6E-02));
#10121 = VECTOR('',#10122,1.);
#10122 = DIRECTION('',(0.,0.,1.));
#10123 = ORIENTED_EDGE('',*,*,#8838,.F.);
#10124 = ORIENTED_EDGE('',*,*,#10118,.F.);
#10125 = CYLINDRICAL_SURFACE('',#10126,0.25);
#10126 = AXIS2_PLACEMENT_3D('',#10127,#10128,#10129);
#10127 = CARTESIAN_POINT('',(9.734996,6.731234,-4.6E-02));
#10128 = DIRECTION('',(-0.,-0.,-1.));
#10129 = DIRECTION('',(-0.,-1.,0.));
#10130 = ADVANCED_FACE('',(#10131),#10142,.F.);
#10131 = FACE_BOUND('',#10132,.T.);
#10132 = EDGE_LOOP('',(#10133,#10139,#10140,#10141));
#10133 = ORIENTED_EDGE('',*,*,#10134,.T.);
#10134 = EDGE_CURVE('',#8112,#8850,#10135,.T.);
#10135 = LINE('',#10136,#10137);
#10136 = CARTESIAN_POINT('',(51.003063,1.9,0.));
#10137 = VECTOR('',#10138,1.);
#10138 = DIRECTION('',(0.,0.,1.));
#10139 = ORIENTED_EDGE('',*,*,#8849,.T.);
#10140 = ORIENTED_EDGE('',*,*,#10134,.F.);
#10141 = ORIENTED_EDGE('',*,*,#8111,.F.);
#10142 = CYLINDRICAL_SURFACE('',#10143,3.);
#10143 = AXIS2_PLACEMENT_3D('',#10144,#10145,#10146);
#10144 = CARTESIAN_POINT('',(48.003063,1.9,0.));
#10145 = DIRECTION('',(-0.,-0.,-1.));
#10146 = DIRECTION('',(1.,0.,-0.));
#10147 = ADVANCED_FACE('',(#10148),#10159,.F.);
#10148 = FACE_BOUND('',#10149,.T.);
#10149 = EDGE_LOOP('',(#10150,#10151,#10157,#10158));
#10150 = ORIENTED_EDGE('',*,*,#8122,.T.);
#10151 = ORIENTED_EDGE('',*,*,#10152,.T.);
#10152 = EDGE_CURVE('',#8123,#8861,#10153,.T.);
#10153 = LINE('',#10154,#10155);
#10154 = CARTESIAN_POINT('',(42.214999,6.531199,-4.6E-02));
#10155 = VECTOR('',#10156,1.);
#10156 = DIRECTION('',(0.,0.,1.));
#10157 = ORIENTED_EDGE('',*,*,#8860,.F.);
#10158 = ORIENTED_EDGE('',*,*,#10152,.F.);
#10159 = CYLINDRICAL_SURFACE('',#10160,0.25);
#10160 = AXIS2_PLACEMENT_3D('',#10161,#10162,#10163);
#10161 = CARTESIAN_POINT('',(42.214999,6.781199,-4.6E-02));
#10162 = DIRECTION('',(-0.,-0.,-1.));
#10163 = DIRECTION('',(-0.,-1.,0.));
#10164 = ADVANCED_FACE('',(#10165),#10181,.F.);
#10165 = FACE_BOUND('',#10166,.T.);
#10166 = EDGE_LOOP('',(#10167,#10173,#10174,#10180));
#10167 = ORIENTED_EDGE('',*,*,#10168,.T.);
#10168 = EDGE_CURVE('',#8134,#8872,#10169,.T.);
#10169 = LINE('',#10170,#10171);
#10170 = CARTESIAN_POINT('',(2.409996,24.406234,0.));
#10171 = VECTOR('',#10172,1.);
#10172 = DIRECTION('',(0.,0.,1.));
#10173 = ORIENTED_EDGE('',*,*,#8871,.T.);
#10174 = ORIENTED_EDGE('',*,*,#10175,.F.);
#10175 = EDGE_CURVE('',#8136,#8874,#10176,.T.);
#10176 = LINE('',#10177,#10178);
#10177 = CARTESIAN_POINT('',(2.009996,24.006234,0.));
#10178 = VECTOR('',#10179,1.);
#10179 = DIRECTION('',(0.,0.,1.));
#10180 = ORIENTED_EDGE('',*,*,#8133,.F.);
#10181 = CYLINDRICAL_SURFACE('',#10182,0.399999018331);
#10182 = AXIS2_PLACEMENT_3D('',#10183,#10184,#10185);
#10183 = CARTESIAN_POINT('',(2.40999501833,24.00623498167,0.));
#10184 = DIRECTION('',(-0.,-0.,-1.));
#10185 = DIRECTION('',(2.454181380364E-06,0.999999999997,-0.));
#10186 = ADVANCED_FACE('',(#10187),#10198,.T.);
#10187 = FACE_BOUND('',#10188,.T.);
#10188 = EDGE_LOOP('',(#10189,#10195,#10196,#10197));
#10189 = ORIENTED_EDGE('',*,*,#10190,.T.);
#10190 = EDGE_CURVE('',#8145,#8883,#10191,.T.);
#10191 = LINE('',#10192,#10193);
#10192 = CARTESIAN_POINT('',(5.609996,24.406234,0.));
#10193 = VECTOR('',#10194,1.);
#10194 = DIRECTION('',(0.,0.,1.));
#10195 = ORIENTED_EDGE('',*,*,#8882,.T.);
#10196 = ORIENTED_EDGE('',*,*,#10168,.F.);
#10197 = ORIENTED_EDGE('',*,*,#8144,.F.);
#10198 = PLANE('',#10199);
#10199 = AXIS2_PLACEMENT_3D('',#10200,#10201,#10202);
#10200 = CARTESIAN_POINT('',(5.609996,24.406234,0.));
#10201 = DIRECTION('',(0.,-1.,0.));
#10202 = DIRECTION('',(-1.,0.,0.));
#10203 = ADVANCED_FACE('',(#10204),#10215,.T.);
#10204 = FACE_BOUND('',#10205,.T.);
#10205 = EDGE_LOOP('',(#10206,#10207,#10208,#10214));
#10206 = ORIENTED_EDGE('',*,*,#10175,.T.);
#10207 = ORIENTED_EDGE('',*,*,#8933,.T.);
#10208 = ORIENTED_EDGE('',*,*,#10209,.F.);
#10209 = EDGE_CURVE('',#8187,#8925,#10210,.T.);
#10210 = LINE('',#10211,#10212);
#10211 = CARTESIAN_POINT('',(2.009996,22.009944,0.));
#10212 = VECTOR('',#10213,1.);
#10213 = DIRECTION('',(0.,0.,1.));
#10214 = ORIENTED_EDGE('',*,*,#8195,.F.);
#10215 = PLANE('',#10216);
#10216 = AXIS2_PLACEMENT_3D('',#10217,#10218,#10219);
#10217 = CARTESIAN_POINT('',(2.009996,24.006234,0.));
#10218 = DIRECTION('',(1.,0.,-0.));
#10219 = DIRECTION('',(0.,-1.,0.));
#10220 = ADVANCED_FACE('',(#10221),#10232,.F.);
#10221 = FACE_BOUND('',#10222,.T.);
#10222 = EDGE_LOOP('',(#10223,#10229,#10230,#10231));
#10223 = ORIENTED_EDGE('',*,*,#10224,.T.);
#10224 = EDGE_CURVE('',#8153,#8891,#10225,.T.);
#10225 = LINE('',#10226,#10227);
#10226 = CARTESIAN_POINT('',(6.009996,24.006234,0.));
#10227 = VECTOR('',#10228,1.);
#10228 = DIRECTION('',(0.,0.,1.));
#10229 = ORIENTED_EDGE('',*,*,#8890,.T.);
#10230 = ORIENTED_EDGE('',*,*,#10190,.F.);
#10231 = ORIENTED_EDGE('',*,*,#8152,.F.);
#10232 = CYLINDRICAL_SURFACE('',#10233,0.399999018331);
#10233 = AXIS2_PLACEMENT_3D('',#10234,#10235,#10236);
#10234 = CARTESIAN_POINT('',(5.60999698167,24.00623498167,0.));
#10235 = DIRECTION('',(-0.,-0.,-1.));
#10236 = DIRECTION('',(0.999999999997,-2.454181383695E-06,0.));
#10237 = ADVANCED_FACE('',(#10238),#10249,.F.);
#10238 = FACE_BOUND('',#10239,.T.);
#10239 = EDGE_LOOP('',(#10240,#10241,#10242,#10248));
#10240 = ORIENTED_EDGE('',*,*,#10209,.T.);
#10241 = ORIENTED_EDGE('',*,*,#8924,.T.);
#10242 = ORIENTED_EDGE('',*,*,#10243,.F.);
#10243 = EDGE_CURVE('',#8179,#8917,#10244,.T.);
#10244 = LINE('',#10245,#10246);
#10245 = CARTESIAN_POINT('',(2.409996,21.606235,0.));
#10246 = VECTOR('',#10247,1.);
#10247 = DIRECTION('',(0.,0.,1.));
#10248 = ORIENTED_EDGE('',*,*,#8186,.F.);
#10249 = CYLINDRICAL_SURFACE('',#10250,0.400026250732);
#10250 = AXIS2_PLACEMENT_3D('',#10251,#10252,#10253);
#10251 = CARTESIAN_POINT('',(2.410005298182,22.006261250624,0.));
#10252 = DIRECTION('',(-0.,-0.,-1.));
#10253 = DIRECTION('',(-0.999957621405,9.206269261598E-03,0.));
#10254 = ADVANCED_FACE('',(#10255),#10266,.T.);
#10255 = FACE_BOUND('',#10256,.T.);
#10256 = EDGE_LOOP('',(#10257,#10263,#10264,#10265));
#10257 = ORIENTED_EDGE('',*,*,#10258,.T.);
#10258 = EDGE_CURVE('',#8162,#8900,#10259,.T.);
#10259 = LINE('',#10260,#10261);
#10260 = CARTESIAN_POINT('',(6.009996,22.006257,0.));
#10261 = VECTOR('',#10262,1.);
#10262 = DIRECTION('',(0.,0.,1.));
#10263 = ORIENTED_EDGE('',*,*,#8899,.T.);
#10264 = ORIENTED_EDGE('',*,*,#10224,.F.);
#10265 = ORIENTED_EDGE('',*,*,#8161,.F.);
#10266 = PLANE('',#10267);
#10267 = AXIS2_PLACEMENT_3D('',#10268,#10269,#10270);
#10268 = CARTESIAN_POINT('',(6.009996,22.006257,0.));
#10269 = DIRECTION('',(-1.,0.,0.));
#10270 = DIRECTION('',(0.,1.,0.));
#10271 = ADVANCED_FACE('',(#10272),#10283,.T.);
#10272 = FACE_BOUND('',#10273,.T.);
#10273 = EDGE_LOOP('',(#10274,#10275,#10276,#10282));
#10274 = ORIENTED_EDGE('',*,*,#10243,.T.);
#10275 = ORIENTED_EDGE('',*,*,#8916,.T.);
#10276 = ORIENTED_EDGE('',*,*,#10277,.F.);
#10277 = EDGE_CURVE('',#8170,#8908,#10278,.T.);
#10278 = LINE('',#10279,#10280);
#10279 = CARTESIAN_POINT('',(5.609996,21.606234,0.));
#10280 = VECTOR('',#10281,1.);
#10281 = DIRECTION('',(0.,0.,1.));
#10282 = ORIENTED_EDGE('',*,*,#8178,.F.);
#10283 = PLANE('',#10284);
#10284 = AXIS2_PLACEMENT_3D('',#10285,#10286,#10287);
#10285 = CARTESIAN_POINT('',(2.409996,21.606235,0.));
#10286 = DIRECTION('',(3.125000003212E-07,1.,-0.));
#10287 = DIRECTION('',(1.,-3.125000003212E-07,0.));
#10288 = ADVANCED_FACE('',(#10289),#10295,.F.);
#10289 = FACE_BOUND('',#10290,.T.);
#10290 = EDGE_LOOP('',(#10291,#10292,#10293,#10294));
#10291 = ORIENTED_EDGE('',*,*,#10277,.T.);
#10292 = ORIENTED_EDGE('',*,*,#8907,.T.);
#10293 = ORIENTED_EDGE('',*,*,#10258,.F.);
#10294 = ORIENTED_EDGE('',*,*,#8169,.F.);
#10295 = CYLINDRICAL_SURFACE('',#10296,0.399999019556);
#10296 = AXIS2_PLACEMENT_3D('',#10297,#10298,#10299);
#10297 = CARTESIAN_POINT('',(5.609996981163,22.006233019555,0.));
#10298 = DIRECTION('',(-0.,-0.,-1.));
#10299 = DIRECTION('',(-2.452912803376E-06,-0.999999999997,0.));
#10300 = ADVANCED_FACE('',(#10301),#10317,.F.);
#10301 = FACE_BOUND('',#10302,.T.);
#10302 = EDGE_LOOP('',(#10303,#10309,#10310,#10316));
#10303 = ORIENTED_EDGE('',*,*,#10304,.T.);
#10304 = EDGE_CURVE('',#8204,#8942,#10305,.T.);
#10305 = LINE('',#10306,#10307);
#10306 = CARTESIAN_POINT('',(46.389999,24.406199,0.));
#10307 = VECTOR('',#10308,1.);
#10308 = DIRECTION('',(0.,0.,1.));
#10309 = ORIENTED_EDGE('',*,*,#8941,.T.);
#10310 = ORIENTED_EDGE('',*,*,#10311,.F.);
#10311 = EDGE_CURVE('',#8206,#8944,#10312,.T.);
#10312 = LINE('',#10313,#10314);
#10313 = CARTESIAN_POINT('',(45.99,24.006199,0.));
#10314 = VECTOR('',#10315,1.);
#10315 = DIRECTION('',(0.,0.,1.));
#10316 = ORIENTED_EDGE('',*,*,#8203,.F.);
#10317 = CYLINDRICAL_SURFACE('',#10318,0.39999731124);
#10318 = AXIS2_PLACEMENT_3D('',#10319,#10320,#10321);
#10319 = CARTESIAN_POINT('',(46.389997311231,24.006201688763,0.));
#10320 = DIRECTION('',(-0.,-0.,-1.));
#10321 = DIRECTION('',(4.221950551393E-06,0.999999999991,-0.));
#10322 = ADVANCED_FACE('',(#10323),#10334,.T.);
#10323 = FACE_BOUND('',#10324,.T.);
#10324 = EDGE_LOOP('',(#10325,#10331,#10332,#10333));
#10325 = ORIENTED_EDGE('',*,*,#10326,.T.);
#10326 = EDGE_CURVE('',#8215,#8953,#10327,.T.);
#10327 = LINE('',#10328,#10329);
#10328 = CARTESIAN_POINT('',(49.589999,24.406199,0.));
#10329 = VECTOR('',#10330,1.);
#10330 = DIRECTION('',(0.,0.,1.));
#10331 = ORIENTED_EDGE('',*,*,#8952,.T.);
#10332 = ORIENTED_EDGE('',*,*,#10304,.F.);
#10333 = ORIENTED_EDGE('',*,*,#8214,.F.);
#10334 = PLANE('',#10335);
#10335 = AXIS2_PLACEMENT_3D('',#10336,#10337,#10338);
#10336 = CARTESIAN_POINT('',(49.589999,24.406199,0.));
#10337 = DIRECTION('',(0.,-1.,0.));
#10338 = DIRECTION('',(-1.,0.,0.));
#10339 = ADVANCED_FACE('',(#10340),#10351,.T.);
#10340 = FACE_BOUND('',#10341,.T.);
#10341 = EDGE_LOOP('',(#10342,#10343,#10344,#10350));
#10342 = ORIENTED_EDGE('',*,*,#10311,.T.);
#10343 = ORIENTED_EDGE('',*,*,#9003,.T.);
#10344 = ORIENTED_EDGE('',*,*,#10345,.F.);
#10345 = EDGE_CURVE('',#8257,#8995,#10346,.T.);
#10346 = LINE('',#10347,#10348);
#10347 = CARTESIAN_POINT('',(45.989999,22.006199,0.));
#10348 = VECTOR('',#10349,1.);
#10349 = DIRECTION('',(0.,0.,1.));
#10350 = ORIENTED_EDGE('',*,*,#8265,.F.);
#10351 = PLANE('',#10352);
#10352 = AXIS2_PLACEMENT_3D('',#10353,#10354,#10355);
#10353 = CARTESIAN_POINT('',(45.99,24.006199,0.));
#10354 = DIRECTION('',(1.,-5.000000022903E-07,0.));
#10355 = DIRECTION('',(-5.000000022903E-07,-1.,0.));
#10356 = ADVANCED_FACE('',(#10357),#10368,.F.);
#10357 = FACE_BOUND('',#10358,.T.);
#10358 = EDGE_LOOP('',(#10359,#10365,#10366,#10367));
#10359 = ORIENTED_EDGE('',*,*,#10360,.T.);
#10360 = EDGE_CURVE('',#8223,#8961,#10361,.T.);
#10361 = LINE('',#10362,#10363);
#10362 = CARTESIAN_POINT('',(49.989999,24.006199,0.));
#10363 = VECTOR('',#10364,1.);
#10364 = DIRECTION('',(0.,0.,1.));
#10365 = ORIENTED_EDGE('',*,*,#8960,.T.);
#10366 = ORIENTED_EDGE('',*,*,#10326,.F.);
#10367 = ORIENTED_EDGE('',*,*,#8222,.F.);
#10368 = CYLINDRICAL_SURFACE('',#10369,0.399999018331);
#10369 = AXIS2_PLACEMENT_3D('',#10370,#10371,#10372);
#10370 = CARTESIAN_POINT('',(49.58999998167,24.00619998167,0.));
#10371 = DIRECTION('',(-0.,-0.,-1.));
#10372 = DIRECTION('',(0.999999999997,-2.454181383695E-06,0.));
#10373 = ADVANCED_FACE('',(#10374),#10385,.F.);
#10374 = FACE_BOUND('',#10375,.T.);
#10375 = EDGE_LOOP('',(#10376,#10377,#10378,#10384));
#10376 = ORIENTED_EDGE('',*,*,#10345,.T.);
#10377 = ORIENTED_EDGE('',*,*,#8994,.T.);
#10378 = ORIENTED_EDGE('',*,*,#10379,.F.);
#10379 = EDGE_CURVE('',#8249,#8987,#10380,.T.);
#10380 = LINE('',#10381,#10382);
#10381 = CARTESIAN_POINT('',(46.390002,21.606199,0.));
#10382 = VECTOR('',#10383,1.);
#10383 = DIRECTION('',(0.,0.,1.));
#10384 = ORIENTED_EDGE('',*,*,#8256,.F.);
#10385 = CYLINDRICAL_SURFACE('',#10386,0.399999018363);
#10386 = AXIS2_PLACEMENT_3D('',#10387,#10388,#10389);
#10387 = CARTESIAN_POINT('',(46.389998018362,22.006198018343,0.));
#10388 = DIRECTION('',(-0.,-0.,-1.));
#10389 = DIRECTION('',(-0.999999999997,2.454148458645E-06,0.));
#10390 = ADVANCED_FACE('',(#10391),#10402,.T.);
#10391 = FACE_BOUND('',#10392,.T.);
#10392 = EDGE_LOOP('',(#10393,#10399,#10400,#10401));
#10393 = ORIENTED_EDGE('',*,*,#10394,.T.);
#10394 = EDGE_CURVE('',#8232,#8970,#10395,.T.);
#10395 = LINE('',#10396,#10397);
#10396 = CARTESIAN_POINT('',(49.989999,22.006157,0.));
#10397 = VECTOR('',#10398,1.);
#10398 = DIRECTION('',(0.,0.,1.));
#10399 = ORIENTED_EDGE('',*,*,#8969,.T.);
#10400 = ORIENTED_EDGE('',*,*,#10360,.F.);
#10401 = ORIENTED_EDGE('',*,*,#8231,.F.);
#10402 = PLANE('',#10403);
#10403 = AXIS2_PLACEMENT_3D('',#10404,#10405,#10406);
#10404 = CARTESIAN_POINT('',(49.989999,22.006157,0.));
#10405 = DIRECTION('',(-1.,0.,0.));
#10406 = DIRECTION('',(0.,1.,0.));
#10407 = ADVANCED_FACE('',(#10408),#10419,.T.);
#10408 = FACE_BOUND('',#10409,.T.);
#10409 = EDGE_LOOP('',(#10410,#10411,#10412,#10418));
#10410 = ORIENTED_EDGE('',*,*,#10379,.T.);
#10411 = ORIENTED_EDGE('',*,*,#8986,.T.);
#10412 = ORIENTED_EDGE('',*,*,#10413,.F.);
#10413 = EDGE_CURVE('',#8240,#8978,#10414,.T.);
#10414 = LINE('',#10415,#10416);
#10415 = CARTESIAN_POINT('',(49.589999,21.606199,0.));
#10416 = VECTOR('',#10417,1.);
#10417 = DIRECTION('',(0.,0.,1.));
#10418 = ORIENTED_EDGE('',*,*,#8248,.F.);
#10419 = PLANE('',#10420);
#10420 = AXIS2_PLACEMENT_3D('',#10421,#10422,#10423);
#10421 = CARTESIAN_POINT('',(46.390002,21.606199,0.));
#10422 = DIRECTION('',(0.,1.,0.));
#10423 = DIRECTION('',(1.,0.,0.));
#10424 = ADVANCED_FACE('',(#10425),#10431,.F.);
#10425 = FACE_BOUND('',#10426,.T.);
#10426 = EDGE_LOOP('',(#10427,#10428,#10429,#10430));
#10427 = ORIENTED_EDGE('',*,*,#10413,.T.);
#10428 = ORIENTED_EDGE('',*,*,#8977,.T.);
#10429 = ORIENTED_EDGE('',*,*,#10394,.F.);
#10430 = ORIENTED_EDGE('',*,*,#8239,.F.);
#10431 = CYLINDRICAL_SURFACE('',#10432,0.39999902192);
#10432 = AXIS2_PLACEMENT_3D('',#10433,#10434,#10435);
#10433 = CARTESIAN_POINT('',(49.589999980184,22.006198021919,0.));
#10434 = DIRECTION('',(-0.,-0.,-1.));
#10435 = DIRECTION('',(-2.4504650098E-06,-0.999999999997,0.));
#10436 = ( GEOMETRIC_REPRESENTATION_CONTEXT(3) 
GLOBAL_UNCERTAINTY_ASSIGNED_CONTEXT((#10440)) 
GLOBAL_UNIT_ASSIGNED_CONTEXT((#10437,#10438,#10439)) 
REPRESENTATION_CONTEXT('Context #1',
  '3D Context with UNIT and UNCERTAINTY') );
#10437 = ( LENGTH_UNIT() NAMED_UNIT(*) SI_UNIT(.MILLI.,.METRE.) );
#10438 = ( NAMED_UNIT(*) PLANE_ANGLE_UNIT() SI_UNIT($,.RADIAN.) );
#10439 = ( NAMED_UNIT(*) SI_UNIT($,.STERADIAN.) SOLID_ANGLE_UNIT() );
#10440 = UNCERTAINTY_MEASURE_WITH_UNIT(LENGTH_MEASURE(1.E-07),#10437,
  'distance_accuracy_value','confusion accuracy');
#10441 = CONTEXT_DEPENDENT_SHAPE_REPRESENTATION(#10442,#10444);
#10442 = ( REPRESENTATION_RELATIONSHIP('','',#7430,#10) 
REPRESENTATION_RELATIONSHIP_WITH_TRANSFORMATION(#10443) 
SHAPE_REPRESENTATION_RELATIONSHIP() );
#10443 = ITEM_DEFINED_TRANSFORMATION('','',#11,#31);
#10444 = PRODUCT_DEFINITION_SHAPE('Placement','Placement of an item',
  #10445);
#10445 = NEXT_ASSEMBLY_USAGE_OCCURRENCE('5','=>[0:1:1:6]','',#5,#7425,$
  );
#10446 = PRODUCT_RELATED_PRODUCT_CATEGORY('part',$,(#7427));
#10447 = MECHANICAL_DESIGN_GEOMETRIC_PRESENTATION_REPRESENTATION('',(
    #10448,#10456,#10463,#10470,#10477,#10484,#10491,#10498,#10505),
  #1340);
#10448 = STYLED_ITEM('color',(#10449),#51);
#10449 = PRESENTATION_STYLE_ASSIGNMENT((#10450));
#10450 = SURFACE_STYLE_USAGE(.BOTH.,#10451);
#10451 = SURFACE_SIDE_STYLE('',(#10452));
#10452 = SURFACE_STYLE_FILL_AREA(#10453);
#10453 = FILL_AREA_STYLE('',(#10454));
#10454 = FILL_AREA_STYLE_COLOUR('',#10455);
#10455 = COLOUR_RGB('',0.229735100727,0.229735100727,0.229735100727);
#10456 = STYLED_ITEM('color',(#10457),#222);
#10457 = PRESENTATION_STYLE_ASSIGNMENT((#10458));
#10458 = SURFACE_STYLE_USAGE(.BOTH.,#10459);
#10459 = SURFACE_SIDE_STYLE('',(#10460));
#10460 = SURFACE_STYLE_FILL_AREA(#10461);
#10461 = FILL_AREA_STYLE('',(#10462));
#10462 = FILL_AREA_STYLE_COLOUR('',#10455);
#10463 = STYLED_ITEM('color',(#10464),#412);
#10464 = PRESENTATION_STYLE_ASSIGNMENT((#10465));
#10465 = SURFACE_STYLE_USAGE(.BOTH.,#10466);
#10466 = SURFACE_SIDE_STYLE('',(#10467));
#10467 = SURFACE_STYLE_FILL_AREA(#10468);
#10468 = FILL_AREA_STYLE('',(#10469));
#10469 = FILL_AREA_STYLE_COLOUR('',#10455);
#10470 = STYLED_ITEM('color',(#10471),#489);
#10471 = PRESENTATION_STYLE_ASSIGNMENT((#10472));
#10472 = SURFACE_STYLE_USAGE(.BOTH.,#10473);
#10473 = SURFACE_SIDE_STYLE('',(#10474));
#10474 = SURFACE_STYLE_FILL_AREA(#10475);
#10475 = FILL_AREA_STYLE('',(#10476));
#10476 = FILL_AREA_STYLE_COLOUR('',#10455);
#10477 = STYLED_ITEM('color',(#10478),#660);
#10478 = PRESENTATION_STYLE_ASSIGNMENT((#10479));
#10479 = SURFACE_STYLE_USAGE(.BOTH.,#10480);
#10480 = SURFACE_SIDE_STYLE('',(#10481));
#10481 = SURFACE_STYLE_FILL_AREA(#10482);
#10482 = FILL_AREA_STYLE('',(#10483));
#10483 = FILL_AREA_STYLE_COLOUR('',#10455);
#10484 = STYLED_ITEM('color',(#10485),#831);
#10485 = PRESENTATION_STYLE_ASSIGNMENT((#10486));
#10486 = SURFACE_STYLE_USAGE(.BOTH.,#10487);
#10487 = SURFACE_SIDE_STYLE('',(#10488));
#10488 = SURFACE_STYLE_FILL_AREA(#10489);
#10489 = FILL_AREA_STYLE('',(#10490));
#10490 = FILL_AREA_STYLE_COLOUR('',#10455);
#10491 = STYLED_ITEM('color',(#10492),#980);
#10492 = PRESENTATION_STYLE_ASSIGNMENT((#10493));
#10493 = SURFACE_STYLE_USAGE(.BOTH.,#10494);
#10494 = SURFACE_SIDE_STYLE('',(#10495));
#10495 = SURFACE_STYLE_FILL_AREA(#10496);
#10496 = FILL_AREA_STYLE('',(#10497));
#10497 = FILL_AREA_STYLE_COLOUR('',#10455);
#10498 = STYLED_ITEM('color',(#10499),#1057);
#10499 = PRESENTATION_STYLE_ASSIGNMENT((#10500));
#10500 = SURFACE_STYLE_USAGE(.BOTH.,#10501);
#10501 = SURFACE_SIDE_STYLE('',(#10502));
#10502 = SURFACE_STYLE_FILL_AREA(#10503);
#10503 = FILL_AREA_STYLE('',(#10504));
#10504 = FILL_AREA_STYLE_COLOUR('',#10455);
#10505 = STYLED_ITEM('color',(#10506),#1265);
#10506 = PRESENTATION_STYLE_ASSIGNMENT((#10507));
#10507 = SURFACE_STYLE_USAGE(.BOTH.,#10508);
#10508 = SURFACE_SIDE_STYLE('',(#10509));
#10509 = SURFACE_STYLE_FILL_AREA(#10510);
#10510 = FILL_AREA_STYLE('',(#10511));
#10511 = FILL_AREA_STYLE_COLOUR('',#10455);
#10512 = MECHANICAL_DESIGN_GEOMETRIC_PRESENTATION_REPRESENTATION('',(
    #10513),#7412);
#10513 = STYLED_ITEM('color',(#10514),#5980);
#10514 = PRESENTATION_STYLE_ASSIGNMENT((#10515));
#10515 = SURFACE_STYLE_USAGE(.BOTH.,#10516);
#10516 = SURFACE_SIDE_STYLE('',(#10517,#10521));
#10517 = SURFACE_STYLE_FILL_AREA(#10518);
#10518 = FILL_AREA_STYLE('',(#10519));
#10519 = FILL_AREA_STYLE_COLOUR('',#10520);
#10520 = COLOUR_RGB('',0.890440242649,0.890440242649,0.890440242649);
#10521 = SURFACE_STYLE_RENDERING_WITH_PROPERTIES(.NORMAL_SHADING.,#10520
  ,(#10522));
#10522 = SURFACE_STYLE_TRANSPARENT(0.170000016689);
#10523 = MECHANICAL_DESIGN_GEOMETRIC_PRESENTATION_REPRESENTATION('',(
    #10524),#5959);
#10524 = STYLED_ITEM('color',(#10525),#4527);
#10525 = PRESENTATION_STYLE_ASSIGNMENT((#10526));
#10526 = SURFACE_STYLE_USAGE(.BOTH.,#10527);
#10527 = SURFACE_SIDE_STYLE('',(#10528,#10531));
#10528 = SURFACE_STYLE_FILL_AREA(#10529);
#10529 = FILL_AREA_STYLE('',(#10530));
#10530 = FILL_AREA_STYLE_COLOUR('',#10520);
#10531 = SURFACE_STYLE_RENDERING_WITH_PROPERTIES(.NORMAL_SHADING.,#10520
  ,(#10532));
#10532 = SURFACE_STYLE_TRANSPARENT(0.170000016689);
#10533 = MECHANICAL_DESIGN_GEOMETRIC_PRESENTATION_REPRESENTATION('',(
    #10534),#10436);
#10534 = STYLED_ITEM('color',(#10535),#7431);
#10535 = PRESENTATION_STYLE_ASSIGNMENT((#10536));
#10536 = SURFACE_STYLE_USAGE(.BOTH.,#10537);
#10537 = SURFACE_SIDE_STYLE('',(#10538));
#10538 = SURFACE_STYLE_FILL_AREA(#10539);
#10539 = FILL_AREA_STYLE('',(#10540));
#10540 = FILL_AREA_STYLE_COLOUR('',#10541);
#10541 = COLOUR_RGB('',0.583831500637,0.583831500637,0.583831500637);
#10542 = MECHANICAL_DESIGN_GEOMETRIC_PRESENTATION_REPRESENTATION('',(
    #10543,#10550,#10557,#10564,#10571,#10578,#10585,#10592,#10599,
    #10606,#10613,#10620,#10627,#10634,#10641,#10648,#10655,#10662,
    #10669),#4506);
#10543 = STYLED_ITEM('color',(#10544),#1361);
#10544 = PRESENTATION_STYLE_ASSIGNMENT((#10545));
#10545 = SURFACE_STYLE_USAGE(.BOTH.,#10546);
#10546 = SURFACE_SIDE_STYLE('',(#10547));
#10547 = SURFACE_STYLE_FILL_AREA(#10548);
#10548 = FILL_AREA_STYLE('',(#10549));
#10549 = FILL_AREA_STYLE_COLOUR('',#10455);
#10550 = STYLED_ITEM('color',(#10551),#1528);
#10551 = PRESENTATION_STYLE_ASSIGNMENT((#10552));
#10552 = SURFACE_STYLE_USAGE(.BOTH.,#10553);
#10553 = SURFACE_SIDE_STYLE('',(#10554));
#10554 = SURFACE_STYLE_FILL_AREA(#10555);
#10555 = FILL_AREA_STYLE('',(#10556));
#10556 = FILL_AREA_STYLE_COLOUR('',#10455);
#10557 = STYLED_ITEM('color',(#10558),#1685);
#10558 = PRESENTATION_STYLE_ASSIGNMENT((#10559));
#10559 = SURFACE_STYLE_USAGE(.BOTH.,#10560);
#10560 = SURFACE_SIDE_STYLE('',(#10561));
#10561 = SURFACE_STYLE_FILL_AREA(#10562);
#10562 = FILL_AREA_STYLE('',(#10563));
#10563 = FILL_AREA_STYLE_COLOUR('',#10455);
#10564 = STYLED_ITEM('color',(#10565),#1836);
#10565 = PRESENTATION_STYLE_ASSIGNMENT((#10566));
#10566 = SURFACE_STYLE_USAGE(.BOTH.,#10567);
#10567 = SURFACE_SIDE_STYLE('',(#10568));
#10568 = SURFACE_STYLE_FILL_AREA(#10569);
#10569 = FILL_AREA_STYLE('',(#10570));
#10570 = FILL_AREA_STYLE_COLOUR('',#10455);
#10571 = STYLED_ITEM('color',(#10572),#2030);
#10572 = PRESENTATION_STYLE_ASSIGNMENT((#10573));
#10573 = SURFACE_STYLE_USAGE(.BOTH.,#10574);
#10574 = SURFACE_SIDE_STYLE('',(#10575));
#10575 = SURFACE_STYLE_FILL_AREA(#10576);
#10576 = FILL_AREA_STYLE('',(#10577));
#10577 = FILL_AREA_STYLE_COLOUR('',#10455);
#10578 = STYLED_ITEM('color',(#10579),#2197);
#10579 = PRESENTATION_STYLE_ASSIGNMENT((#10580));
#10580 = SURFACE_STYLE_USAGE(.BOTH.,#10581);
#10581 = SURFACE_SIDE_STYLE('',(#10582));
#10582 = SURFACE_STYLE_FILL_AREA(#10583);
#10583 = FILL_AREA_STYLE('',(#10584));
#10584 = FILL_AREA_STYLE_COLOUR('',#10455);
#10585 = STYLED_ITEM('color',(#10586),#2354);
#10586 = PRESENTATION_STYLE_ASSIGNMENT((#10587));
#10587 = SURFACE_STYLE_USAGE(.BOTH.,#10588);
#10588 = SURFACE_SIDE_STYLE('',(#10589));
#10589 = SURFACE_STYLE_FILL_AREA(#10590);
#10590 = FILL_AREA_STYLE('',(#10591));
#10591 = FILL_AREA_STYLE_COLOUR('',#10455);
#10592 = STYLED_ITEM('color',(#10593),#2505);
#10593 = PRESENTATION_STYLE_ASSIGNMENT((#10594));
#10594 = SURFACE_STYLE_USAGE(.BOTH.,#10595);
#10595 = SURFACE_SIDE_STYLE('',(#10596));
#10596 = SURFACE_STYLE_FILL_AREA(#10597);
#10597 = FILL_AREA_STYLE('',(#10598));
#10598 = FILL_AREA_STYLE_COLOUR('',#10455);
#10599 = STYLED_ITEM('color',(#10600),#2699);
#10600 = PRESENTATION_STYLE_ASSIGNMENT((#10601));
#10601 = SURFACE_STYLE_USAGE(.BOTH.,#10602);
#10602 = SURFACE_SIDE_STYLE('',(#10603));
#10603 = SURFACE_STYLE_FILL_AREA(#10604);
#10604 = FILL_AREA_STYLE('',(#10605));
#10605 = FILL_AREA_STYLE_COLOUR('',#10455);
#10606 = STYLED_ITEM('color',(#10607),#2866);
#10607 = PRESENTATION_STYLE_ASSIGNMENT((#10608));
#10608 = SURFACE_STYLE_USAGE(.BOTH.,#10609);
#10609 = SURFACE_SIDE_STYLE('',(#10610));
#10610 = SURFACE_STYLE_FILL_AREA(#10611);
#10611 = FILL_AREA_STYLE('',(#10612));
#10612 = FILL_AREA_STYLE_COLOUR('',#10455);
#10613 = STYLED_ITEM('color',(#10614),#3023);
#10614 = PRESENTATION_STYLE_ASSIGNMENT((#10615));
#10615 = SURFACE_STYLE_USAGE(.BOTH.,#10616);
#10616 = SURFACE_SIDE_STYLE('',(#10617));
#10617 = SURFACE_STYLE_FILL_AREA(#10618);
#10618 = FILL_AREA_STYLE('',(#10619));
#10619 = FILL_AREA_STYLE_COLOUR('',#10455);
#10620 = STYLED_ITEM('color',(#10621),#3174);
#10621 = PRESENTATION_STYLE_ASSIGNMENT((#10622));
#10622 = SURFACE_STYLE_USAGE(.BOTH.,#10623);
#10623 = SURFACE_SIDE_STYLE('',(#10624));
#10624 = SURFACE_STYLE_FILL_AREA(#10625);
#10625 = FILL_AREA_STYLE('',(#10626));
#10626 = FILL_AREA_STYLE_COLOUR('',#10455);
#10627 = STYLED_ITEM('color',(#10628),#3368);
#10628 = PRESENTATION_STYLE_ASSIGNMENT((#10629));
#10629 = SURFACE_STYLE_USAGE(.BOTH.,#10630);
#10630 = SURFACE_SIDE_STYLE('',(#10631));
#10631 = SURFACE_STYLE_FILL_AREA(#10632);
#10632 = FILL_AREA_STYLE('',(#10633));
#10633 = FILL_AREA_STYLE_COLOUR('',#10455);
#10634 = STYLED_ITEM('color',(#10635),#3525);
#10635 = PRESENTATION_STYLE_ASSIGNMENT((#10636));
#10636 = SURFACE_STYLE_USAGE(.BOTH.,#10637);
#10637 = SURFACE_SIDE_STYLE('',(#10638));
#10638 = SURFACE_STYLE_FILL_AREA(#10639);
#10639 = FILL_AREA_STYLE('',(#10640));
#10640 = FILL_AREA_STYLE_COLOUR('',#10455);
#10641 = STYLED_ITEM('color',(#10642),#3682);
#10642 = PRESENTATION_STYLE_ASSIGNMENT((#10643));
#10643 = SURFACE_STYLE_USAGE(.BOTH.,#10644);
#10644 = SURFACE_SIDE_STYLE('',(#10645));
#10645 = SURFACE_STYLE_FILL_AREA(#10646);
#10646 = FILL_AREA_STYLE('',(#10647));
#10647 = FILL_AREA_STYLE_COLOUR('',#10455);
#10648 = STYLED_ITEM('color',(#10649),#3849);
#10649 = PRESENTATION_STYLE_ASSIGNMENT((#10650));
#10650 = SURFACE_STYLE_USAGE(.BOTH.,#10651);
#10651 = SURFACE_SIDE_STYLE('',(#10652));
#10652 = SURFACE_STYLE_FILL_AREA(#10653);
#10653 = FILL_AREA_STYLE('',(#10654));
#10654 = FILL_AREA_STYLE_COLOUR('',#10455);
#10655 = STYLED_ITEM('color',(#10656),#4006);
#10656 = PRESENTATION_STYLE_ASSIGNMENT((#10657));
#10657 = SURFACE_STYLE_USAGE(.BOTH.,#10658);
#10658 = SURFACE_SIDE_STYLE('',(#10659));
#10659 = SURFACE_STYLE_FILL_AREA(#10660);
#10660 = FILL_AREA_STYLE('',(#10661));
#10661 = FILL_AREA_STYLE_COLOUR('',#10455);
#10662 = STYLED_ITEM('color',(#10663),#4157);
#10663 = PRESENTATION_STYLE_ASSIGNMENT((#10664));
#10664 = SURFACE_STYLE_USAGE(.BOTH.,#10665);
#10665 = SURFACE_SIDE_STYLE('',(#10666));
#10666 = SURFACE_STYLE_FILL_AREA(#10667);
#10667 = FILL_AREA_STYLE('',(#10668));
#10668 = FILL_AREA_STYLE_COLOUR('',#10455);
#10669 = STYLED_ITEM('color',(#10670),#4351);
#10670 = PRESENTATION_STYLE_ASSIGNMENT((#10671));
#10671 = SURFACE_STYLE_USAGE(.BOTH.,#10672);
#10672 = SURFACE_SIDE_STYLE('',(#10673));
#10673 = SURFACE_STYLE_FILL_AREA(#10674);
#10674 = FILL_AREA_STYLE('',(#10675));
#10675 = FILL_AREA_STYLE_COLOUR('',#10455);
ENDSEC;
END-ISO-10303-21;
