ISO-10303-21;
HEADER;
FILE_DESCRIPTION(('KiCad electronic assembly'),'2;1');
FILE_NAME('touch-pad-left.step','2026-05-15T15:53:28',('Pcbnew'),(
    'Kicad'),'Open CASCADE STEP processor 7.9','KiCad to STEP converter'
  ,'Unknown');
FILE_SCHEMA(('AUTOMOTIVE_DESIGN { 1 0 10303 214 1 1 1 1 }'));
ENDSEC;
DATA;
#1 = APPLICATION_PROTOCOL_DEFINITION('international standard',
  'automotive_design',2000,#2);
#2 = APPLICATION_CONTEXT(
  'core data for automotive mechanical design processes');
#3 = SHAPE_DEFINITION_REPRESENTATION(#4,#10);
#4 = PRODUCT_DEFINITION_SHAPE('','',#5);
#5 = PRODUCT_DEFINITION('design','',#6,#9);
#6 = PRODUCT_DEFINITION_FORMATION('','',#7);
#7 = PRODUCT('touch-pad-left 1','touch-pad-left 1','',(#8));
#8 = PRODUCT_CONTEXT('',#2,'mechanical');
#9 = PRODUCT_DEFINITION_CONTEXT('part definition',#2,'design');
#10 = SHAPE_REPRESENTATION('',(#11,#15,#19,#23,#27,#31),#35);
#11 = AXIS2_PLACEMENT_3D('',#12,#13,#14);
#12 = CARTESIAN_POINT('',(0.,0.,0.));
#13 = DIRECTION('',(0.,0.,1.));
#14 = DIRECTION('',(1.,0.,-0.));
#15 = AXIS2_PLACEMENT_3D('',#16,#17,#18);
#16 = CARTESIAN_POINT('',(0.,0.,0.));
#17 = DIRECTION('',(0.,0.,1.));
#18 = DIRECTION('',(1.,0.,-0.));
#19 = AXIS2_PLACEMENT_3D('',#20,#21,#22);
#20 = CARTESIAN_POINT('',(0.,0.,0.));
#21 = DIRECTION('',(0.,0.,1.));
#22 = DIRECTION('',(1.,0.,-0.));
#23 = AXIS2_PLACEMENT_3D('',#24,#25,#26);
#24 = CARTESIAN_POINT('',(0.,0.,0.));
#25 = DIRECTION('',(0.,0.,1.));
#26 = DIRECTION('',(1.,0.,-0.));
#27 = AXIS2_PLACEMENT_3D('',#28,#29,#30);
#28 = CARTESIAN_POINT('',(0.,0.,0.));
#29 = DIRECTION('',(0.,0.,1.));
#30 = DIRECTION('',(1.,0.,-0.));
#31 = AXIS2_PLACEMENT_3D('',#32,#33,#34);
#32 = CARTESIAN_POINT('',(0.,0.,0.));
#33 = DIRECTION('',(0.,0.,1.));
#34 = DIRECTION('',(1.,0.,-0.));
#35 = ( GEOMETRIC_REPRESENTATION_CONTEXT(3) 
GLOBAL_UNCERTAINTY_ASSIGNED_CONTEXT((#39)) GLOBAL_UNIT_ASSIGNED_CONTEXT(
(#36,#37,#38)) REPRESENTATION_CONTEXT('Context #1',
  '3D Context with UNIT and UNCERTAINTY') );
#36 = ( LENGTH_UNIT() NAMED_UNIT(*) SI_UNIT(.MILLI.,.METRE.) );
#37 = ( NAMED_UNIT(*) PLANE_ANGLE_UNIT() SI_UNIT($,.RADIAN.) );
#38 = ( NAMED_UNIT(*) SI_UNIT($,.STERADIAN.) SOLID_ANGLE_UNIT() );
#39 = UNCERTAINTY_MEASURE_WITH_UNIT(LENGTH_MEASURE(1.E-07),#36,
  'distance_accuracy_value','confusion accuracy');
#40 = PRODUCT_RELATED_PRODUCT_CATEGORY('part',$,(#7));
#41 = SHAPE_DEFINITION_REPRESENTATION(#42,#48);
#42 = PRODUCT_DEFINITION_SHAPE('','',#43);
#43 = PRODUCT_DEFINITION('design','',#44,#47);
#44 = PRODUCT_DEFINITION_FORMATION('','',#45);
#45 = PRODUCT('touch-pad-left_silkscreen','touch-pad-left_silkscreen',''
  ,(#46));
#46 = PRODUCT_CONTEXT('',#2,'mechanical');
#47 = PRODUCT_DEFINITION_CONTEXT('part definition',#2,'design');
#48 = SHAPE_REPRESENTATION('',(#11,#49,#115,#227,#301,#413,#457,#476,
    #520),#632);
#49 = SHELL_BASED_SURFACE_MODEL('',(#50));
#50 = OPEN_SHELL('',(#51));
#51 = ADVANCED_FACE('',(#52),#110,.T.);
#52 = FACE_BOUND('',#53,.F.);
#53 = EDGE_LOOP('',(#54,#64,#72,#80,#88,#96,#104));
#54 = ORIENTED_EDGE('',*,*,#55,.T.);
#55 = EDGE_CURVE('',#56,#58,#60,.T.);
#56 = VERTEX_POINT('',#57);
#57 = CARTESIAN_POINT('',(170.972399,-63.102329,0.985));
#58 = VERTEX_POINT('',#59);
#59 = CARTESIAN_POINT('',(170.972399,-60.423423,0.985));
#60 = LINE('',#61,#62);
#61 = CARTESIAN_POINT('',(170.972399,-63.102329,0.985));
#62 = VECTOR('',#63,1.);
#63 = DIRECTION('',(0.,1.,0.));
#64 = ORIENTED_EDGE('',*,*,#65,.T.);
#65 = EDGE_CURVE('',#58,#66,#68,.T.);
#66 = VERTEX_POINT('',#67);
#67 = CARTESIAN_POINT('',(173.14279,-60.423423,0.985));
#68 = LINE('',#69,#70);
#69 = CARTESIAN_POINT('',(170.972399,-60.423423,0.985));
#70 = VECTOR('',#71,1.);
#71 = DIRECTION('',(1.,0.,0.));
#72 = ORIENTED_EDGE('',*,*,#73,.T.);
#73 = EDGE_CURVE('',#66,#74,#76,.T.);
#74 = VERTEX_POINT('',#75);
#75 = CARTESIAN_POINT('',(173.14279,-63.102329,0.985));
#76 = LINE('',#77,#78);
#77 = CARTESIAN_POINT('',(173.14279,-60.423423,0.985));
#78 = VECTOR('',#79,1.);
#79 = DIRECTION('',(0.,-1.,0.));
#80 = ORIENTED_EDGE('',*,*,#81,.T.);
#81 = EDGE_CURVE('',#74,#82,#84,.T.);
#82 = VERTEX_POINT('',#83);
#83 = CARTESIAN_POINT('',(175.300797,-63.102329,0.985));
#84 = LINE('',#85,#86);
#85 = CARTESIAN_POINT('',(173.14279,-63.102329,0.985));
#86 = VECTOR('',#87,1.);
#87 = DIRECTION('',(1.,0.,0.));
#88 = ORIENTED_EDGE('',*,*,#89,.T.);
#89 = EDGE_CURVE('',#82,#90,#92,.T.);
#90 = VERTEX_POINT('',#91);
#91 = CARTESIAN_POINT('',(172.125798,-66.773423,0.985));
#92 = LINE('',#93,#94);
#93 = CARTESIAN_POINT('',(175.300797,-63.102329,0.985));
#94 = VECTOR('',#95,1.);
#95 = DIRECTION('',(-0.654151789579,-0.756363296433,0.));
#96 = ORIENTED_EDGE('',*,*,#97,.T.);
#97 = EDGE_CURVE('',#90,#98,#100,.T.);
#98 = VERTEX_POINT('',#99);
#99 = CARTESIAN_POINT('',(168.950797,-63.102329,0.985));
#100 = LINE('',#101,#102);
#101 = CARTESIAN_POINT('',(172.125798,-66.773423,0.985));
#102 = VECTOR('',#103,1.);
#103 = DIRECTION('',(-0.654152025315,0.756363092553,0.));
#104 = ORIENTED_EDGE('',*,*,#105,.T.);
#105 = EDGE_CURVE('',#98,#56,#106,.T.);
#106 = LINE('',#107,#108);
#107 = CARTESIAN_POINT('',(168.950797,-63.102329,0.985));
#108 = VECTOR('',#109,1.);
#109 = DIRECTION('',(1.,0.,0.));
#110 = PLANE('',#111);
#111 = AXIS2_PLACEMENT_3D('',#112,#113,#114);
#112 = CARTESIAN_POINT('',(0.,0.,0.985));
#113 = DIRECTION('',(0.,0.,1.));
#114 = DIRECTION('',(1.,0.,-0.));
#115 = SHELL_BASED_SURFACE_MODEL('',(#116));
#116 = OPEN_SHELL('',(#117));
#117 = ADVANCED_FACE('',(#118,#188),#222,.T.);
#118 = FACE_BOUND('',#119,.F.);
#119 = EDGE_LOOP('',(#120,#131,#139,#148,#156,#165,#173,#182));
#120 = ORIENTED_EDGE('',*,*,#121,.T.);
#121 = EDGE_CURVE('',#122,#124,#126,.T.);
#122 = VERTEX_POINT('',#123);
#123 = CARTESIAN_POINT('',(167.027718,-58.678914,0.985));
#124 = VERTEX_POINT('',#125);
#125 = CARTESIAN_POINT('',(167.106288,-58.600344,0.985));
#126 = CIRCLE('',#127,0.100002891901);
#127 = AXIS2_PLACEMENT_3D('',#128,#129,#130);
#128 = CARTESIAN_POINT('',(167.12579907103,-58.69842507103,0.985));
#129 = DIRECTION('',(0.,0.,-1.));
#130 = DIRECTION('',(-0.980782347106,0.195105068117,0.));
#131 = ORIENTED_EDGE('',*,*,#132,.T.);
#132 = EDGE_CURVE('',#124,#133,#135,.T.);
#133 = VERTEX_POINT('',#134);
#134 = CARTESIAN_POINT('',(177.145306,-58.600344,0.985));
#135 = LINE('',#136,#137);
#136 = CARTESIAN_POINT('',(167.106288,-58.600344,0.985));
#137 = VECTOR('',#138,1.);
#138 = DIRECTION('',(1.,0.,0.));
#139 = ORIENTED_EDGE('',*,*,#140,.T.);
#140 = EDGE_CURVE('',#133,#141,#143,.T.);
#141 = VERTEX_POINT('',#142);
#142 = CARTESIAN_POINT('',(177.223876,-58.678914,0.985));
#143 = CIRCLE('',#144,0.100002891901);
#144 = AXIS2_PLACEMENT_3D('',#145,#146,#147);
#145 = CARTESIAN_POINT('',(177.12579492896,-58.69842507103,0.985));
#146 = DIRECTION('',(0.,0.,-1.));
#147 = DIRECTION('',(0.195105068116,0.980782347106,0.));
#148 = ORIENTED_EDGE('',*,*,#149,.T.);
#149 = EDGE_CURVE('',#141,#150,#152,.T.);
#150 = VERTEX_POINT('',#151);
#151 = CARTESIAN_POINT('',(177.223876,-68.717932,0.985));
#152 = LINE('',#153,#154);
#153 = CARTESIAN_POINT('',(177.223876,-58.678914,0.985));
#154 = VECTOR('',#155,1.);
#155 = DIRECTION('',(0.,-1.,0.));
#156 = ORIENTED_EDGE('',*,*,#157,.T.);
#157 = EDGE_CURVE('',#150,#158,#160,.T.);
#158 = VERTEX_POINT('',#159);
#159 = CARTESIAN_POINT('',(177.145306,-68.796502,0.985));
#160 = CIRCLE('',#161,0.100002891901);
#161 = AXIS2_PLACEMENT_3D('',#162,#163,#164);
#162 = CARTESIAN_POINT('',(177.12579492896,-68.69842092896,0.985));
#163 = DIRECTION('',(0.,0.,-1.));
#164 = DIRECTION('',(0.980782347106,-0.195105068116,0.));
#165 = ORIENTED_EDGE('',*,*,#166,.T.);
#166 = EDGE_CURVE('',#158,#167,#169,.T.);
#167 = VERTEX_POINT('',#168);
#168 = CARTESIAN_POINT('',(167.106288,-68.796502,0.985));
#169 = LINE('',#170,#171);
#170 = CARTESIAN_POINT('',(177.145306,-68.796502,0.985));
#171 = VECTOR('',#172,1.);
#172 = DIRECTION('',(-1.,0.,0.));
#173 = ORIENTED_EDGE('',*,*,#174,.T.);
#174 = EDGE_CURVE('',#167,#175,#177,.T.);
#175 = VERTEX_POINT('',#176);
#176 = CARTESIAN_POINT('',(167.027718,-68.717932,0.985));
#177 = CIRCLE('',#178,0.100002891901);
#178 = AXIS2_PLACEMENT_3D('',#179,#180,#181);
#179 = CARTESIAN_POINT('',(167.12579907103,-68.69842092896,0.985));
#180 = DIRECTION('',(0.,0.,-1.));
#181 = DIRECTION('',(-0.195105068116,-0.980782347106,-0.));
#182 = ORIENTED_EDGE('',*,*,#183,.T.);
#183 = EDGE_CURVE('',#175,#122,#184,.T.);
#184 = LINE('',#185,#186);
#185 = CARTESIAN_POINT('',(167.027718,-68.717932,0.985));
#186 = VECTOR('',#187,1.);
#187 = DIRECTION('',(0.,1.,0.));
#188 = FACE_BOUND('',#189,.F.);
#189 = EDGE_LOOP('',(#190,#200,#208,#216));
#190 = ORIENTED_EDGE('',*,*,#191,.T.);
#191 = EDGE_CURVE('',#192,#194,#196,.T.);
#192 = VERTEX_POINT('',#193);
#193 = CARTESIAN_POINT('',(177.025797,-68.598423,0.985));
#194 = VERTEX_POINT('',#195);
#195 = CARTESIAN_POINT('',(177.025797,-58.798423,0.985));
#196 = LINE('',#197,#198);
#197 = CARTESIAN_POINT('',(177.025797,-68.598423,0.985));
#198 = VECTOR('',#199,1.);
#199 = DIRECTION('',(0.,1.,0.));
#200 = ORIENTED_EDGE('',*,*,#201,.T.);
#201 = EDGE_CURVE('',#194,#202,#204,.T.);
#202 = VERTEX_POINT('',#203);
#203 = CARTESIAN_POINT('',(167.225797,-58.798423,0.985));
#204 = LINE('',#205,#206);
#205 = CARTESIAN_POINT('',(177.025797,-58.798423,0.985));
#206 = VECTOR('',#207,1.);
#207 = DIRECTION('',(-1.,0.,0.));
#208 = ORIENTED_EDGE('',*,*,#209,.T.);
#209 = EDGE_CURVE('',#202,#210,#212,.T.);
#210 = VERTEX_POINT('',#211);
#211 = CARTESIAN_POINT('',(167.225797,-68.598423,0.985));
#212 = LINE('',#213,#214);
#213 = CARTESIAN_POINT('',(167.225797,-58.798423,0.985));
#214 = VECTOR('',#215,1.);
#215 = DIRECTION('',(0.,-1.,0.));
#216 = ORIENTED_EDGE('',*,*,#217,.T.);
#217 = EDGE_CURVE('',#210,#192,#218,.T.);
#218 = LINE('',#219,#220);
#219 = CARTESIAN_POINT('',(167.225797,-68.598423,0.985));
#220 = VECTOR('',#221,1.);
#221 = DIRECTION('',(1.,0.,0.));
#222 = PLANE('',#223);
#223 = AXIS2_PLACEMENT_3D('',#224,#225,#226);
#224 = CARTESIAN_POINT('',(0.,0.,0.985));
#225 = DIRECTION('',(0.,0.,1.));
#226 = DIRECTION('',(1.,0.,-0.));
#227 = SHELL_BASED_SURFACE_MODEL('',(#228));
#228 = OPEN_SHELL('',(#229));
#229 = ADVANCED_FACE('',(#230),#296,.T.);
#230 = FACE_BOUND('',#231,.F.);
#231 = EDGE_LOOP('',(#232,#242,#250,#258,#266,#274,#282,#290));
#232 = ORIENTED_EDGE('',*,*,#233,.T.);
#233 = EDGE_CURVE('',#234,#236,#238,.T.);
#234 = VERTEX_POINT('',#235);
#235 = CARTESIAN_POINT('',(171.108804,-43.794517,0.985));
#236 = VERTEX_POINT('',#237);
#237 = CARTESIAN_POINT('',(168.950797,-43.794517,0.985));
#238 = LINE('',#239,#240);
#239 = CARTESIAN_POINT('',(171.108804,-43.794517,0.985));
#240 = VECTOR('',#241,1.);
#241 = DIRECTION('',(-1.,0.,0.));
#242 = ORIENTED_EDGE('',*,*,#243,.T.);
#243 = EDGE_CURVE('',#236,#244,#246,.T.);
#244 = VERTEX_POINT('',#245);
#245 = CARTESIAN_POINT('',(172.125796,-40.123423,0.985));
#246 = LINE('',#247,#248);
#247 = CARTESIAN_POINT('',(168.950797,-43.794517,0.985));
#248 = VECTOR('',#249,1.);
#249 = DIRECTION('',(0.654151789579,0.756363296433,0.));
#250 = ORIENTED_EDGE('',*,*,#251,.T.);
#251 = EDGE_CURVE('',#244,#252,#254,.T.);
#252 = VERTEX_POINT('',#253);
#253 = CARTESIAN_POINT('',(173.713296,-41.95897,0.985));
#254 = LINE('',#255,#256);
#255 = CARTESIAN_POINT('',(172.125796,-40.123423,0.985));
#256 = VECTOR('',#257,1.);
#257 = DIRECTION('',(0.654151907447,-0.756363194493,0.));
#258 = ORIENTED_EDGE('',*,*,#259,.T.);
#259 = EDGE_CURVE('',#252,#260,#262,.T.);
#260 = VERTEX_POINT('',#261);
#261 = CARTESIAN_POINT('',(175.300797,-43.794517,0.985));
#262 = LINE('',#263,#264);
#263 = CARTESIAN_POINT('',(173.713296,-41.95897,0.985));
#264 = VECTOR('',#265,1.);
#265 = DIRECTION('',(0.654152143182,-0.756362990614,0.));
#266 = ORIENTED_EDGE('',*,*,#267,.T.);
#267 = EDGE_CURVE('',#260,#268,#270,.T.);
#268 = VERTEX_POINT('',#269);
#269 = CARTESIAN_POINT('',(173.279195,-43.794517,0.985));
#270 = LINE('',#271,#272);
#271 = CARTESIAN_POINT('',(175.300797,-43.794517,0.985));
#272 = VECTOR('',#273,1.);
#273 = DIRECTION('',(-1.,0.,0.));
#274 = ORIENTED_EDGE('',*,*,#275,.T.);
#275 = EDGE_CURVE('',#268,#276,#278,.T.);
#276 = VERTEX_POINT('',#277);
#277 = CARTESIAN_POINT('',(173.279195,-46.473423,0.985));
#278 = LINE('',#279,#280);
#279 = CARTESIAN_POINT('',(173.279195,-43.794517,0.985));
#280 = VECTOR('',#281,1.);
#281 = DIRECTION('',(0.,-1.,0.));
#282 = ORIENTED_EDGE('',*,*,#283,.T.);
#283 = EDGE_CURVE('',#276,#284,#286,.T.);
#284 = VERTEX_POINT('',#285);
#285 = CARTESIAN_POINT('',(171.108804,-46.473423,0.985));
#286 = LINE('',#287,#288);
#287 = CARTESIAN_POINT('',(173.279195,-46.473423,0.985));
#288 = VECTOR('',#289,1.);
#289 = DIRECTION('',(-1.,0.,0.));
#290 = ORIENTED_EDGE('',*,*,#291,.T.);
#291 = EDGE_CURVE('',#284,#234,#292,.T.);
#292 = LINE('',#293,#294);
#293 = CARTESIAN_POINT('',(171.108804,-46.473423,0.985));
#294 = VECTOR('',#295,1.);
#295 = DIRECTION('',(0.,1.,0.));
#296 = PLANE('',#297);
#297 = AXIS2_PLACEMENT_3D('',#298,#299,#300);
#298 = CARTESIAN_POINT('',(0.,0.,0.985));
#299 = DIRECTION('',(0.,0.,1.));
#300 = DIRECTION('',(1.,0.,-0.));
#301 = SHELL_BASED_SURFACE_MODEL('',(#302));
#302 = OPEN_SHELL('',(#303));
#303 = ADVANCED_FACE('',(#304,#374),#408,.T.);
#304 = FACE_BOUND('',#305,.F.);
#305 = EDGE_LOOP('',(#306,#317,#325,#334,#342,#351,#359,#368));
#306 = ORIENTED_EDGE('',*,*,#307,.T.);
#307 = EDGE_CURVE('',#308,#310,#312,.T.);
#308 = VERTEX_POINT('',#309);
#309 = CARTESIAN_POINT('',(166.917718,-38.253204,0.985));
#310 = VERTEX_POINT('',#311);
#311 = CARTESIAN_POINT('',(166.996288,-38.174634,0.985));
#312 = CIRCLE('',#313,0.100002891901);
#313 = AXIS2_PLACEMENT_3D('',#314,#315,#316);
#314 = CARTESIAN_POINT('',(167.01579907103,-38.27271507103,0.985));
#315 = DIRECTION('',(0.,0.,-1.));
#316 = DIRECTION('',(-0.980782347106,0.195105068116,0.));
#317 = ORIENTED_EDGE('',*,*,#318,.T.);
#318 = EDGE_CURVE('',#310,#319,#321,.T.);
#319 = VERTEX_POINT('',#320);
#320 = CARTESIAN_POINT('',(177.035306,-38.174634,0.985));
#321 = LINE('',#322,#323);
#322 = CARTESIAN_POINT('',(166.996288,-38.174634,0.985));
#323 = VECTOR('',#324,1.);
#324 = DIRECTION('',(1.,0.,0.));
#325 = ORIENTED_EDGE('',*,*,#326,.T.);
#326 = EDGE_CURVE('',#319,#327,#329,.T.);
#327 = VERTEX_POINT('',#328);
#328 = CARTESIAN_POINT('',(177.113876,-38.253204,0.985));
#329 = CIRCLE('',#330,0.100002891901);
#330 = AXIS2_PLACEMENT_3D('',#331,#332,#333);
#331 = CARTESIAN_POINT('',(177.01579492896,-38.27271507103,0.985));
#332 = DIRECTION('',(0.,0.,-1.));
#333 = DIRECTION('',(0.195105068116,0.980782347106,0.));
#334 = ORIENTED_EDGE('',*,*,#335,.T.);
#335 = EDGE_CURVE('',#327,#336,#338,.T.);
#336 = VERTEX_POINT('',#337);
#337 = CARTESIAN_POINT('',(177.113876,-48.292222,0.985));
#338 = LINE('',#339,#340);
#339 = CARTESIAN_POINT('',(177.113876,-38.253204,0.985));
#340 = VECTOR('',#341,1.);
#341 = DIRECTION('',(0.,-1.,0.));
#342 = ORIENTED_EDGE('',*,*,#343,.T.);
#343 = EDGE_CURVE('',#336,#344,#346,.T.);
#344 = VERTEX_POINT('',#345);
#345 = CARTESIAN_POINT('',(177.035306,-48.370792,0.985));
#346 = CIRCLE('',#347,0.100002891901);
#347 = AXIS2_PLACEMENT_3D('',#348,#349,#350);
#348 = CARTESIAN_POINT('',(177.01579492896,-48.27271092896,0.985));
#349 = DIRECTION('',(0.,0.,-1.));
#350 = DIRECTION('',(0.980782347106,-0.195105068117,0.));
#351 = ORIENTED_EDGE('',*,*,#352,.T.);
#352 = EDGE_CURVE('',#344,#353,#355,.T.);
#353 = VERTEX_POINT('',#354);
#354 = CARTESIAN_POINT('',(166.996288,-48.370792,0.985));
#355 = LINE('',#356,#357);
#356 = CARTESIAN_POINT('',(177.035306,-48.370792,0.985));
#357 = VECTOR('',#358,1.);
#358 = DIRECTION('',(-1.,0.,0.));
#359 = ORIENTED_EDGE('',*,*,#360,.T.);
#360 = EDGE_CURVE('',#353,#361,#363,.T.);
#361 = VERTEX_POINT('',#362);
#362 = CARTESIAN_POINT('',(166.917718,-48.292222,0.985));
#363 = CIRCLE('',#364,0.100002891901);
#364 = AXIS2_PLACEMENT_3D('',#365,#366,#367);
#365 = CARTESIAN_POINT('',(167.01579907103,-48.27271092896,0.985));
#366 = DIRECTION('',(0.,0.,-1.));
#367 = DIRECTION('',(-0.195105068116,-0.980782347106,-0.));
#368 = ORIENTED_EDGE('',*,*,#369,.T.);
#369 = EDGE_CURVE('',#361,#308,#370,.T.);
#370 = LINE('',#371,#372);
#371 = CARTESIAN_POINT('',(166.917718,-48.292222,0.985));
#372 = VECTOR('',#373,1.);
#373 = DIRECTION('',(0.,1.,0.));
#374 = FACE_BOUND('',#375,.F.);
#375 = EDGE_LOOP('',(#376,#386,#394,#402));
#376 = ORIENTED_EDGE('',*,*,#377,.T.);
#377 = EDGE_CURVE('',#378,#380,#382,.T.);
#378 = VERTEX_POINT('',#379);
#379 = CARTESIAN_POINT('',(176.915797,-48.172713,0.985));
#380 = VERTEX_POINT('',#381);
#381 = CARTESIAN_POINT('',(176.915797,-38.372713,0.985));
#382 = LINE('',#383,#384);
#383 = CARTESIAN_POINT('',(176.915797,-48.172713,0.985));
#384 = VECTOR('',#385,1.);
#385 = DIRECTION('',(0.,1.,0.));
#386 = ORIENTED_EDGE('',*,*,#387,.T.);
#387 = EDGE_CURVE('',#380,#388,#390,.T.);
#388 = VERTEX_POINT('',#389);
#389 = CARTESIAN_POINT('',(167.115797,-38.372713,0.985));
#390 = LINE('',#391,#392);
#391 = CARTESIAN_POINT('',(176.915797,-38.372713,0.985));
#392 = VECTOR('',#393,1.);
#393 = DIRECTION('',(-1.,0.,0.));
#394 = ORIENTED_EDGE('',*,*,#395,.T.);
#395 = EDGE_CURVE('',#388,#396,#398,.T.);
#396 = VERTEX_POINT('',#397);
#397 = CARTESIAN_POINT('',(167.115797,-48.172713,0.985));
#398 = LINE('',#399,#400);
#399 = CARTESIAN_POINT('',(167.115797,-38.372713,0.985));
#400 = VECTOR('',#401,1.);
#401 = DIRECTION('',(0.,-1.,0.));
#402 = ORIENTED_EDGE('',*,*,#403,.T.);
#403 = EDGE_CURVE('',#396,#378,#404,.T.);
#404 = LINE('',#405,#406);
#405 = CARTESIAN_POINT('',(167.115797,-48.172713,0.985));
#406 = VECTOR('',#407,1.);
#407 = DIRECTION('',(1.,0.,0.));
#408 = PLANE('',#409);
#409 = AXIS2_PLACEMENT_3D('',#410,#411,#412);
#410 = CARTESIAN_POINT('',(0.,0.,0.985));
#411 = DIRECTION('',(0.,0.,1.));
#412 = DIRECTION('',(1.,0.,-0.));
#413 = SHELL_BASED_SURFACE_MODEL('',(#414));
#414 = OPEN_SHELL('',(#415));
#415 = ADVANCED_FACE('',(#416),#452,.T.);
#416 = FACE_BOUND('',#417,.F.);
#417 = EDGE_LOOP('',(#418,#429,#437,#446));
#418 = ORIENTED_EDGE('',*,*,#419,.T.);
#419 = EDGE_CURVE('',#420,#422,#424,.T.);
#420 = VERTEX_POINT('',#421);
#421 = CARTESIAN_POINT('',(210.959958,-46.571224,0.985));
#422 = VERTEX_POINT('',#423);
#423 = CARTESIAN_POINT('',(210.959958,-45.265868,0.985));
#424 = CIRCLE('',#425,0.652678);
#425 = AXIS2_PLACEMENT_3D('',#426,#427,#428);
#426 = CARTESIAN_POINT('',(210.9599581407,-45.918546,0.985));
#427 = DIRECTION('',(0.,0.,-1.));
#428 = DIRECTION('',(-2.155778983084E-07,-1.,-0.));
#429 = ORIENTED_EDGE('',*,*,#430,.T.);
#430 = EDGE_CURVE('',#422,#431,#433,.T.);
#431 = VERTEX_POINT('',#432);
#432 = CARTESIAN_POINT('',(217.591636,-45.265868,0.985));
#433 = LINE('',#434,#435);
#434 = CARTESIAN_POINT('',(210.959958,-45.265868,0.985));
#435 = VECTOR('',#436,1.);
#436 = DIRECTION('',(1.,0.,0.));
#437 = ORIENTED_EDGE('',*,*,#438,.T.);
#438 = EDGE_CURVE('',#431,#439,#441,.T.);
#439 = VERTEX_POINT('',#440);
#440 = CARTESIAN_POINT('',(217.591636,-46.571224,0.985));
#441 = CIRCLE('',#442,0.652678);
#442 = AXIS2_PLACEMENT_3D('',#443,#444,#445);
#443 = CARTESIAN_POINT('',(217.59163585929,-45.918546,0.985));
#444 = DIRECTION('',(0.,0.,-1.));
#445 = DIRECTION('',(2.155778983084E-07,1.,0.));
#446 = ORIENTED_EDGE('',*,*,#447,.T.);
#447 = EDGE_CURVE('',#439,#420,#448,.T.);
#448 = LINE('',#449,#450);
#449 = CARTESIAN_POINT('',(217.591636,-46.571224,0.985));
#450 = VECTOR('',#451,1.);
#451 = DIRECTION('',(-1.,0.,0.));
#452 = PLANE('',#453);
#453 = AXIS2_PLACEMENT_3D('',#454,#455,#456);
#454 = CARTESIAN_POINT('',(0.,0.,0.985));
#455 = DIRECTION('',(0.,0.,1.));
#456 = DIRECTION('',(1.,0.,-0.));
#457 = SHELL_BASED_SURFACE_MODEL('',(#458));
#458 = OPEN_SHELL('',(#459));
#459 = ADVANCED_FACE('',(#460),#471,.T.);
#460 = FACE_BOUND('',#461,.T.);
#461 = EDGE_LOOP('',(#462));
#462 = ORIENTED_EDGE('',*,*,#463,.T.);
#463 = EDGE_CURVE('',#464,#464,#466,.T.);
#464 = VERTEX_POINT('',#465);
#465 = CARTESIAN_POINT('',(215.903999,-43.272713,0.985));
#466 = CIRCLE('',#467,1.628202);
#467 = AXIS2_PLACEMENT_3D('',#468,#469,#470);
#468 = CARTESIAN_POINT('',(214.275797,-43.272713,0.985));
#469 = DIRECTION('',(0.,0.,1.));
#470 = DIRECTION('',(1.,0.,-0.));
#471 = PLANE('',#472);
#472 = AXIS2_PLACEMENT_3D('',#473,#474,#475);
#473 = CARTESIAN_POINT('',(0.,0.,0.985));
#474 = DIRECTION('',(0.,0.,1.));
#475 = DIRECTION('',(1.,0.,-0.));
#476 = SHELL_BASED_SURFACE_MODEL('',(#477));
#477 = OPEN_SHELL('',(#478));
#478 = ADVANCED_FACE('',(#479),#515,.T.);
#479 = FACE_BOUND('',#480,.F.);
#480 = EDGE_LOOP('',(#481,#492,#500,#509));
#481 = ORIENTED_EDGE('',*,*,#482,.T.);
#482 = EDGE_CURVE('',#483,#485,#487,.T.);
#483 = VERTEX_POINT('',#484);
#484 = CARTESIAN_POINT('',(210.959958,-41.279558,0.985));
#485 = VERTEX_POINT('',#486);
#486 = CARTESIAN_POINT('',(210.959958,-39.974202,0.985));
#487 = CIRCLE('',#488,0.652678);
#488 = AXIS2_PLACEMENT_3D('',#489,#490,#491);
#489 = CARTESIAN_POINT('',(210.9599581407,-40.62688,0.985));
#490 = DIRECTION('',(0.,0.,-1.));
#491 = DIRECTION('',(-2.155778983084E-07,-1.,-0.));
#492 = ORIENTED_EDGE('',*,*,#493,.T.);
#493 = EDGE_CURVE('',#485,#494,#496,.T.);
#494 = VERTEX_POINT('',#495);
#495 = CARTESIAN_POINT('',(217.591636,-39.974202,0.985));
#496 = LINE('',#497,#498);
#497 = CARTESIAN_POINT('',(210.959958,-39.974202,0.985));
#498 = VECTOR('',#499,1.);
#499 = DIRECTION('',(1.,0.,0.));
#500 = ORIENTED_EDGE('',*,*,#501,.T.);
#501 = EDGE_CURVE('',#494,#502,#504,.T.);
#502 = VERTEX_POINT('',#503);
#503 = CARTESIAN_POINT('',(217.591636,-41.279558,0.985));
#504 = CIRCLE('',#505,0.652678);
#505 = AXIS2_PLACEMENT_3D('',#506,#507,#508);
#506 = CARTESIAN_POINT('',(217.59163585929,-40.62688,0.985));
#507 = DIRECTION('',(0.,0.,-1.));
#508 = DIRECTION('',(2.155778983084E-07,1.,0.));
#509 = ORIENTED_EDGE('',*,*,#510,.T.);
#510 = EDGE_CURVE('',#502,#483,#511,.T.);
#511 = LINE('',#512,#513);
#512 = CARTESIAN_POINT('',(217.591636,-41.279558,0.985));
#513 = VECTOR('',#514,1.);
#514 = DIRECTION('',(-1.,0.,0.));
#515 = PLANE('',#516);
#516 = AXIS2_PLACEMENT_3D('',#517,#518,#519);
#517 = CARTESIAN_POINT('',(0.,0.,0.985));
#518 = DIRECTION('',(0.,0.,1.));
#519 = DIRECTION('',(1.,0.,-0.));
#520 = SHELL_BASED_SURFACE_MODEL('',(#521));
#521 = OPEN_SHELL('',(#522));
#522 = ADVANCED_FACE('',(#523,#593),#627,.T.);
#523 = FACE_BOUND('',#524,.F.);
#524 = EDGE_LOOP('',(#525,#536,#544,#553,#561,#570,#578,#587));
#525 = ORIENTED_EDGE('',*,*,#526,.T.);
#526 = EDGE_CURVE('',#527,#529,#531,.T.);
#527 = VERTEX_POINT('',#528);
#528 = CARTESIAN_POINT('',(209.177718,-38.153204,0.985));
#529 = VERTEX_POINT('',#530);
#530 = CARTESIAN_POINT('',(209.256288,-38.074634,0.985));
#531 = CIRCLE('',#532,0.100002891901);
#532 = AXIS2_PLACEMENT_3D('',#533,#534,#535);
#533 = CARTESIAN_POINT('',(209.27579907103,-38.17271507103,0.985));
#534 = DIRECTION('',(0.,0.,-1.));
#535 = DIRECTION('',(-0.980782347106,0.195105068116,0.));
#536 = ORIENTED_EDGE('',*,*,#537,.T.);
#537 = EDGE_CURVE('',#529,#538,#540,.T.);
#538 = VERTEX_POINT('',#539);
#539 = CARTESIAN_POINT('',(219.295306,-38.074634,0.985));
#540 = LINE('',#541,#542);
#541 = CARTESIAN_POINT('',(209.256288,-38.074634,0.985));
#542 = VECTOR('',#543,1.);
#543 = DIRECTION('',(1.,0.,0.));
#544 = ORIENTED_EDGE('',*,*,#545,.T.);
#545 = EDGE_CURVE('',#538,#546,#548,.T.);
#546 = VERTEX_POINT('',#547);
#547 = CARTESIAN_POINT('',(219.373876,-38.153204,0.985));
#548 = CIRCLE('',#549,0.100002891901);
#549 = AXIS2_PLACEMENT_3D('',#550,#551,#552);
#550 = CARTESIAN_POINT('',(219.27579492896,-38.17271507103,0.985));
#551 = DIRECTION('',(0.,0.,-1.));
#552 = DIRECTION('',(0.195105068116,0.980782347106,0.));
#553 = ORIENTED_EDGE('',*,*,#554,.T.);
#554 = EDGE_CURVE('',#546,#555,#557,.T.);
#555 = VERTEX_POINT('',#556);
#556 = CARTESIAN_POINT('',(219.373876,-48.192222,0.985));
#557 = LINE('',#558,#559);
#558 = CARTESIAN_POINT('',(219.373876,-38.153204,0.985));
#559 = VECTOR('',#560,1.);
#560 = DIRECTION('',(0.,-1.,0.));
#561 = ORIENTED_EDGE('',*,*,#562,.T.);
#562 = EDGE_CURVE('',#555,#563,#565,.T.);
#563 = VERTEX_POINT('',#564);
#564 = CARTESIAN_POINT('',(219.295306,-48.270792,0.985));
#565 = CIRCLE('',#566,0.100002891901);
#566 = AXIS2_PLACEMENT_3D('',#567,#568,#569);
#567 = CARTESIAN_POINT('',(219.27579492896,-48.17271092896,0.985));
#568 = DIRECTION('',(0.,0.,-1.));
#569 = DIRECTION('',(0.980782347106,-0.195105068116,0.));
#570 = ORIENTED_EDGE('',*,*,#571,.T.);
#571 = EDGE_CURVE('',#563,#572,#574,.T.);
#572 = VERTEX_POINT('',#573);
#573 = CARTESIAN_POINT('',(209.256288,-48.270792,0.985));
#574 = LINE('',#575,#576);
#575 = CARTESIAN_POINT('',(219.295306,-48.270792,0.985));
#576 = VECTOR('',#577,1.);
#577 = DIRECTION('',(-1.,0.,0.));
#578 = ORIENTED_EDGE('',*,*,#579,.T.);
#579 = EDGE_CURVE('',#572,#580,#582,.T.);
#580 = VERTEX_POINT('',#581);
#581 = CARTESIAN_POINT('',(209.177718,-48.192222,0.985));
#582 = CIRCLE('',#583,0.100002891901);
#583 = AXIS2_PLACEMENT_3D('',#584,#585,#586);
#584 = CARTESIAN_POINT('',(209.27579907103,-48.17271092896,0.985));
#585 = DIRECTION('',(0.,0.,-1.));
#586 = DIRECTION('',(-0.195105068116,-0.980782347106,-0.));
#587 = ORIENTED_EDGE('',*,*,#588,.T.);
#588 = EDGE_CURVE('',#580,#527,#589,.T.);
#589 = LINE('',#590,#591);
#590 = CARTESIAN_POINT('',(209.177718,-48.192222,0.985));
#591 = VECTOR('',#592,1.);
#592 = DIRECTION('',(0.,1.,0.));
#593 = FACE_BOUND('',#594,.F.);
#594 = EDGE_LOOP('',(#595,#605,#613,#621));
#595 = ORIENTED_EDGE('',*,*,#596,.T.);
#596 = EDGE_CURVE('',#597,#599,#601,.T.);
#597 = VERTEX_POINT('',#598);
#598 = CARTESIAN_POINT('',(219.175797,-48.072713,0.985));
#599 = VERTEX_POINT('',#600);
#600 = CARTESIAN_POINT('',(219.175797,-38.272713,0.985));
#601 = LINE('',#602,#603);
#602 = CARTESIAN_POINT('',(219.175797,-48.072713,0.985));
#603 = VECTOR('',#604,1.);
#604 = DIRECTION('',(0.,1.,0.));
#605 = ORIENTED_EDGE('',*,*,#606,.T.);
#606 = EDGE_CURVE('',#599,#607,#609,.T.);
#607 = VERTEX_POINT('',#608);
#608 = CARTESIAN_POINT('',(209.375797,-38.272713,0.985));
#609 = LINE('',#610,#611);
#610 = CARTESIAN_POINT('',(219.175797,-38.272713,0.985));
#611 = VECTOR('',#612,1.);
#612 = DIRECTION('',(-1.,0.,0.));
#613 = ORIENTED_EDGE('',*,*,#614,.T.);
#614 = EDGE_CURVE('',#607,#615,#617,.T.);
#615 = VERTEX_POINT('',#616);
#616 = CARTESIAN_POINT('',(209.375797,-48.072713,0.985));
#617 = LINE('',#618,#619);
#618 = CARTESIAN_POINT('',(209.375797,-38.272713,0.985));
#619 = VECTOR('',#620,1.);
#620 = DIRECTION('',(0.,-1.,0.));
#621 = ORIENTED_EDGE('',*,*,#622,.T.);
#622 = EDGE_CURVE('',#615,#597,#623,.T.);
#623 = LINE('',#624,#625);
#624 = CARTESIAN_POINT('',(209.375797,-48.072713,0.985));
#625 = VECTOR('',#626,1.);
#626 = DIRECTION('',(1.,0.,0.));
#627 = PLANE('',#628);
#628 = AXIS2_PLACEMENT_3D('',#629,#630,#631);
#629 = CARTESIAN_POINT('',(0.,0.,0.985));
#630 = DIRECTION('',(0.,0.,1.));
#631 = DIRECTION('',(1.,0.,-0.));
#632 = ( GEOMETRIC_REPRESENTATION_CONTEXT(3) 
GLOBAL_UNCERTAINTY_ASSIGNED_CONTEXT((#636)) GLOBAL_UNIT_ASSIGNED_CONTEXT
((#633,#634,#635)) REPRESENTATION_CONTEXT('Context #1',
  '3D Context with UNIT and UNCERTAINTY') );
#633 = ( LENGTH_UNIT() NAMED_UNIT(*) SI_UNIT(.MILLI.,.METRE.) );
#634 = ( NAMED_UNIT(*) PLANE_ANGLE_UNIT() SI_UNIT($,.RADIAN.) );
#635 = ( NAMED_UNIT(*) SI_UNIT($,.STERADIAN.) SOLID_ANGLE_UNIT() );
#636 = UNCERTAINTY_MEASURE_WITH_UNIT(LENGTH_MEASURE(1.E-07),#633,
  'distance_accuracy_value','confusion accuracy');
#637 = CONTEXT_DEPENDENT_SHAPE_REPRESENTATION(#638,#640);
#638 = ( REPRESENTATION_RELATIONSHIP('','',#48,#10) 
REPRESENTATION_RELATIONSHIP_WITH_TRANSFORMATION(#639) 
SHAPE_REPRESENTATION_RELATIONSHIP() );
#639 = ITEM_DEFINED_TRANSFORMATION('','',#11,#15);
#640 = PRODUCT_DEFINITION_SHAPE('Placement','Placement of an item',#641
  );
#641 = NEXT_ASSEMBLY_USAGE_OCCURRENCE('1','=>[0:1:1:2]','',#5,#43,$);
#642 = PRODUCT_RELATED_PRODUCT_CATEGORY('part',$,(#45));
#643 = SHAPE_DEFINITION_REPRESENTATION(#644,#650);
#644 = PRODUCT_DEFINITION_SHAPE('','',#645);
#645 = PRODUCT_DEFINITION('design','',#646,#649);
#646 = PRODUCT_DEFINITION_FORMATION('','',#647);
#647 = PRODUCT('touch-pad-left_silkscreen','touch-pad-left_silkscreen',
  '',(#648));
#648 = PRODUCT_CONTEXT('',#2,'mechanical');
#649 = PRODUCT_DEFINITION_CONTEXT('part definition',#2,'design');
#650 = SHAPE_REPRESENTATION('',(#11,#651,#818,#975,#1126,#1320),#1477);
#651 = SHELL_BASED_SURFACE_MODEL('',(#652));
#652 = OPEN_SHELL('',(#653));
#653 = ADVANCED_FACE('',(#654),#813,.T.);
#654 = FACE_BOUND('',#655,.T.);
#655 = EDGE_LOOP('',(#656,#667,#675,#684,#692,#701,#709,#717,#725,#733,
    #741,#750,#758,#767,#775,#783,#791,#799,#807));
#656 = ORIENTED_EDGE('',*,*,#657,.T.);
#657 = EDGE_CURVE('',#658,#660,#662,.T.);
#658 = VERTEX_POINT('',#659);
#659 = CARTESIAN_POINT('',(170.844048,-34.605507,-7.5E-02));
#660 = VERTEX_POINT('',#661);
#661 = CARTESIAN_POINT('',(171.475455,-34.610871,-7.5E-02));
#662 = CIRCLE('',#663,0.552470011207);
#663 = AXIS2_PLACEMENT_3D('',#664,#665,#666);
#664 = CARTESIAN_POINT('',(171.15590009216,-35.06154579867,-7.5E-02));
#665 = DIRECTION('',(0.,0.,-1.));
#666 = DIRECTION('',(-0.564468814302,0.82545439467,0.));
#667 = ORIENTED_EDGE('',*,*,#668,.T.);
#668 = EDGE_CURVE('',#660,#669,#671,.T.);
#669 = VERTEX_POINT('',#670);
#670 = CARTESIAN_POINT('',(171.551011,-34.687433,-7.5E-02));
#671 = LINE('',#672,#673);
#672 = CARTESIAN_POINT('',(171.475455,-34.610871,-7.5E-02));
#673 = VECTOR('',#674,1.);
#674 = DIRECTION('',(0.702415120972,-0.711767516701,0.));
#675 = ORIENTED_EDGE('',*,*,#676,.T.);
#676 = EDGE_CURVE('',#669,#677,#679,.T.);
#677 = VERTEX_POINT('',#678);
#678 = CARTESIAN_POINT('',(171.435618,-34.782134,-7.5E-02));
#679 = CIRCLE('',#680,7.499996838526E-02);
#680 = AXIS2_PLACEMENT_3D('',#681,#682,#683);
#681 = CARTESIAN_POINT('',(171.48865097246,-34.729101,-7.5E-02));
#682 = DIRECTION('',(0.,0.,-1.));
#683 = DIRECTION('',(0.831467384248,0.555573567524,0.));
#684 = ORIENTED_EDGE('',*,*,#685,.T.);
#685 = EDGE_CURVE('',#677,#686,#688,.T.);
#686 = VERTEX_POINT('',#687);
#687 = CARTESIAN_POINT('',(171.383748,-34.730264,-7.5E-02));
#688 = LINE('',#689,#690);
#689 = CARTESIAN_POINT('',(171.435618,-34.782134,-7.5E-02));
#690 = VECTOR('',#691,1.);
#691 = DIRECTION('',(-0.707106781187,0.707106781186,0.));
#692 = ORIENTED_EDGE('',*,*,#693,.T.);
#693 = EDGE_CURVE('',#686,#694,#696,.T.);
#694 = VERTEX_POINT('',#695);
#695 = CARTESIAN_POINT('',(170.928316,-34.730264,-7.5E-02));
#696 = CIRCLE('',#697,0.40725949745);
#697 = AXIS2_PLACEMENT_3D('',#698,#699,#700);
#698 = CARTESIAN_POINT('',(171.156032,-35.06791133318,-7.5E-02));
#699 = DIRECTION('',(0.,0.,1.));
#700 = DIRECTION('',(0.559142270287,0.829071722819,-0.));
#701 = ORIENTED_EDGE('',*,*,#702,.T.);
#702 = EDGE_CURVE('',#694,#703,#705,.T.);
#703 = VERTEX_POINT('',#704);
#704 = CARTESIAN_POINT('',(170.885051,-34.773528,-7.5E-02));
#705 = LINE('',#706,#707);
#706 = CARTESIAN_POINT('',(170.928316,-34.730264,-7.5E-02));
#707 = VECTOR('',#708,1.);
#708 = DIRECTION('',(-0.707114953044,-0.707098609234,0.));
#709 = ORIENTED_EDGE('',*,*,#710,.T.);
#710 = EDGE_CURVE('',#703,#711,#713,.T.);
#711 = VERTEX_POINT('',#712);
#712 = CARTESIAN_POINT('',(170.837936,-34.867758,-7.5E-02));
#713 = LINE('',#714,#715);
#714 = CARTESIAN_POINT('',(170.885051,-34.773528,-7.5E-02));
#715 = VECTOR('',#716,1.);
#716 = DIRECTION('',(-0.4472135955,-0.894427191,0.));
#717 = ORIENTED_EDGE('',*,*,#718,.T.);
#718 = EDGE_CURVE('',#711,#719,#721,.T.);
#719 = VERTEX_POINT('',#720);
#720 = CARTESIAN_POINT('',(170.837936,-34.958835,-7.5E-02));
#721 = LINE('',#722,#723);
#722 = CARTESIAN_POINT('',(170.837936,-34.867758,-7.5E-02));
#723 = VECTOR('',#724,1.);
#724 = DIRECTION('',(0.,-1.,0.));
#725 = ORIENTED_EDGE('',*,*,#726,.T.);
#726 = EDGE_CURVE('',#719,#727,#729,.T.);
#727 = VERTEX_POINT('',#728);
#728 = CARTESIAN_POINT('',(170.888965,-35.11192,-7.5E-02));
#729 = LINE('',#730,#731);
#730 = CARTESIAN_POINT('',(170.837936,-34.958835,-7.5E-02));
#731 = VECTOR('',#732,1.);
#732 = DIRECTION('',(0.316231484271,-0.948682058625,0.));
#733 = ORIENTED_EDGE('',*,*,#734,.T.);
#734 = EDGE_CURVE('',#727,#735,#737,.T.);
#735 = VERTEX_POINT('',#736);
#736 = CARTESIAN_POINT('',(171.611487,-35.836481,-7.5E-02));
#737 = LINE('',#738,#739);
#738 = CARTESIAN_POINT('',(170.888965,-35.11192,-7.5E-02));
#739 = VECTOR('',#740,1.);
#740 = DIRECTION('',(0.706109737433,-0.708102421054,0.));
#741 = ORIENTED_EDGE('',*,*,#742,.T.);
#742 = EDGE_CURVE('',#735,#743,#745,.T.);
#743 = VERTEX_POINT('',#744);
#744 = CARTESIAN_POINT('',(171.549127,-35.953149,-7.5E-02));
#745 = CIRCLE('',#746,7.499979580333E-02);
#746 = AXIS2_PLACEMENT_3D('',#747,#748,#749);
#747 = CARTESIAN_POINT('',(171.54912731647,-35.87814920419,-7.5E-02));
#748 = DIRECTION('',(0.,0.,-1.));
#749 = DIRECTION('',(0.831464710783,0.555577568592,0.));
#750 = ORIENTED_EDGE('',*,*,#751,.T.);
#751 = EDGE_CURVE('',#743,#752,#754,.T.);
#752 = VERTEX_POINT('',#753);
#753 = CARTESIAN_POINT('',(170.748304,-35.951708,-7.5E-02));
#754 = LINE('',#755,#756);
#755 = CARTESIAN_POINT('',(171.549127,-35.953149,-7.5E-02));
#756 = VECTOR('',#757,1.);
#757 = DIRECTION('',(-0.999998381086,1.799395955341E-03,0.));
#758 = ORIENTED_EDGE('',*,*,#759,.T.);
#759 = EDGE_CURVE('',#752,#760,#762,.T.);
#760 = VERTEX_POINT('',#761);
#761 = CARTESIAN_POINT('',(170.762936,-35.803149,-7.5E-02));
#762 = CIRCLE('',#763,7.500006711464E-02);
#763 = AXIS2_PLACEMENT_3D('',#764,#765,#766);
#764 = CARTESIAN_POINT('',(170.76293593288,-35.87814906711,-7.5E-02));
#765 = DIRECTION('',(0.,0.,-1.));
#766 = DIRECTION('',(-0.195092263891,-0.980784894138,-0.));
#767 = ORIENTED_EDGE('',*,*,#768,.T.);
#768 = EDGE_CURVE('',#760,#769,#771,.T.);
#769 = VERTEX_POINT('',#770);
#770 = CARTESIAN_POINT('',(171.368061,-35.803149,-7.5E-02));
#771 = LINE('',#772,#773);
#772 = CARTESIAN_POINT('',(170.762936,-35.803149,-7.5E-02));
#773 = VECTOR('',#774,1.);
#774 = DIRECTION('',(1.,0.,0.));
#775 = ORIENTED_EDGE('',*,*,#776,.T.);
#776 = EDGE_CURVE('',#769,#777,#779,.T.);
#777 = VERTEX_POINT('',#778);
#778 = CARTESIAN_POINT('',(170.758256,-35.189577,-7.5E-02));
#779 = LINE('',#780,#781);
#780 = CARTESIAN_POINT('',(171.368061,-35.803149,-7.5E-02));
#781 = VECTOR('',#782,1.);
#782 = DIRECTION('',(-0.704926129146,0.709280728941,0.));
#783 = ORIENTED_EDGE('',*,*,#784,.T.);
#784 = EDGE_CURVE('',#777,#785,#787,.T.);
#785 = VERTEX_POINT('',#786);
#786 = CARTESIAN_POINT('',(170.688665,-34.978411,-7.5E-02));
#787 = LINE('',#788,#789);
#788 = CARTESIAN_POINT('',(170.758256,-35.189577,-7.5E-02));
#789 = VECTOR('',#790,1.);
#790 = DIRECTION('',(-0.312997060143,0.94975409467,0.));
#791 = ORIENTED_EDGE('',*,*,#792,.T.);
#792 = EDGE_CURVE('',#785,#793,#795,.T.);
#793 = VERTEX_POINT('',#794);
#794 = CARTESIAN_POINT('',(170.690599,-34.830243,-7.5E-02));
#795 = LINE('',#796,#797);
#796 = CARTESIAN_POINT('',(170.688665,-34.978411,-7.5E-02));
#797 = VECTOR('',#798,1.);
#798 = DIRECTION('',(1.305163914678E-02,0.99991482373,0.));
#799 = ORIENTED_EDGE('',*,*,#800,.T.);
#800 = EDGE_CURVE('',#793,#801,#803,.T.);
#801 = VERTEX_POINT('',#802);
#802 = CARTESIAN_POINT('',(170.765659,-34.681819,-7.5E-02));
#803 = LINE('',#804,#805);
#804 = CARTESIAN_POINT('',(170.690599,-34.830243,-7.5E-02));
#805 = VECTOR('',#806,1.);
#806 = DIRECTION('',(0.451287730359,0.892378498412,0.));
#807 = ORIENTED_EDGE('',*,*,#808,.T.);
#808 = EDGE_CURVE('',#801,#658,#809,.T.);
#809 = LINE('',#810,#811);
#810 = CARTESIAN_POINT('',(170.765659,-34.681819,-7.5E-02));
#811 = VECTOR('',#812,1.);
#812 = DIRECTION('',(0.716535748826,0.69755037141,0.));
#813 = PLANE('',#814);
#814 = AXIS2_PLACEMENT_3D('',#815,#816,#817);
#815 = CARTESIAN_POINT('',(0.,0.,-7.5E-02));
#816 = DIRECTION('',(-0.,-0.,-1.));
#817 = DIRECTION('',(-1.,0.,0.));
#818 = SHELL_BASED_SURFACE_MODEL('',(#819));
#819 = OPEN_SHELL('',(#820));
#820 = ADVANCED_FACE('',(#821),#970,.T.);
#821 = FACE_BOUND('',#822,.T.);
#822 = EDGE_LOOP('',(#823,#833,#841,#849,#857,#865,#873,#881,#890,#898,
    #906,#914,#922,#931,#939,#948,#956,#964));
#823 = ORIENTED_EDGE('',*,*,#824,.T.);
#824 = EDGE_CURVE('',#825,#827,#829,.T.);
#825 = VERTEX_POINT('',#826);
#826 = CARTESIAN_POINT('',(173.612816,-34.555061,-7.5E-02));
#827 = VERTEX_POINT('',#828);
#828 = CARTESIAN_POINT('',(173.651162,-34.53459,-7.5E-02));
#829 = LINE('',#830,#831);
#830 = CARTESIAN_POINT('',(173.612816,-34.555061,-7.5E-02));
#831 = VECTOR('',#832,1.);
#832 = DIRECTION('',(0.882163732375,0.470942830164,0.));
#833 = ORIENTED_EDGE('',*,*,#834,.T.);
#834 = EDGE_CURVE('',#827,#835,#837,.T.);
#835 = VERTEX_POINT('',#836);
#836 = CARTESIAN_POINT('',(173.673078,-34.53459,-7.5E-02));
#837 = LINE('',#838,#839);
#838 = CARTESIAN_POINT('',(173.651162,-34.53459,-7.5E-02));
#839 = VECTOR('',#840,1.);
#840 = DIRECTION('',(1.,0.,0.));
#841 = ORIENTED_EDGE('',*,*,#842,.T.);
#842 = EDGE_CURVE('',#835,#843,#845,.T.);
#843 = VERTEX_POINT('',#844);
#844 = CARTESIAN_POINT('',(173.707462,-34.545789,-7.5E-02));
#845 = LINE('',#846,#847);
#846 = CARTESIAN_POINT('',(173.673078,-34.53459,-7.5E-02));
#847 = VECTOR('',#848,1.);
#848 = DIRECTION('',(0.950837159691,-0.309691291048,0.));
#849 = ORIENTED_EDGE('',*,*,#850,.T.);
#850 = EDGE_CURVE('',#843,#851,#853,.T.);
#851 = VERTEX_POINT('',#852);
#852 = CARTESIAN_POINT('',(173.728198,-34.566546,-7.5E-02));
#853 = LINE('',#854,#855);
#854 = CARTESIAN_POINT('',(173.707462,-34.545789,-7.5E-02));
#855 = VECTOR('',#856,1.);
#856 = DIRECTION('',(0.706748817237,-0.707464564013,0.));
#857 = ORIENTED_EDGE('',*,*,#858,.T.);
#858 = EDGE_CURVE('',#851,#859,#861,.T.);
#859 = VERTEX_POINT('',#860);
#860 = CARTESIAN_POINT('',(173.845032,-34.741797,-7.5E-02));
#861 = LINE('',#862,#863);
#862 = CARTESIAN_POINT('',(173.728198,-34.566546,-7.5E-02));
#863 = VECTOR('',#864,1.);
#864 = DIRECTION('',(0.554700196225,-0.832050294338,0.));
#865 = ORIENTED_EDGE('',*,*,#866,.T.);
#866 = EDGE_CURVE('',#859,#867,#869,.T.);
#867 = VERTEX_POINT('',#868);
#868 = CARTESIAN_POINT('',(173.952125,-34.848891,-7.5E-02));
#869 = LINE('',#870,#871);
#870 = CARTESIAN_POINT('',(173.845032,-34.741797,-7.5E-02));
#871 = VECTOR('',#872,1.);
#872 = DIRECTION('',(0.707103479826,-0.707110082531,0.));
#873 = ORIENTED_EDGE('',*,*,#874,.T.);
#874 = EDGE_CURVE('',#867,#875,#877,.T.);
#875 = VERTEX_POINT('',#876);
#876 = CARTESIAN_POINT('',(174.074634,-34.911756,-7.5E-02));
#877 = LINE('',#878,#879);
#878 = CARTESIAN_POINT('',(173.952125,-34.848891,-7.5E-02));
#879 = VECTOR('',#880,1.);
#880 = DIRECTION('',(0.889699860019,-0.456545900302,0.));
#881 = ORIENTED_EDGE('',*,*,#882,.T.);
#882 = EDGE_CURVE('',#875,#883,#885,.T.);
#883 = VERTEX_POINT('',#884);
#884 = CARTESIAN_POINT('',(173.99511,-35.038088,-7.5E-02));
#885 = CIRCLE('',#886,7.499994266311E-02);
#886 = AXIS2_PLACEMENT_3D('',#887,#888,#889);
#887 = CARTESIAN_POINT('',(174.02865128001,-34.97100615495,-7.5E-02));
#888 = DIRECTION('',(0.,0.,-1.));
#889 = DIRECTION('',(0.613103401792,0.790002670066,0.));
#890 = ORIENTED_EDGE('',*,*,#891,.T.);
#891 = EDGE_CURVE('',#883,#892,#894,.T.);
#892 = VERTEX_POINT('',#893);
#893 = CARTESIAN_POINT('',(173.860415,-34.968283,-7.5E-02));
#894 = LINE('',#895,#896);
#895 = CARTESIAN_POINT('',(173.99511,-35.038088,-7.5E-02));
#896 = VECTOR('',#897,1.);
#897 = DIRECTION('',(-0.887853776541,0.460125712695,0.));
#898 = ORIENTED_EDGE('',*,*,#899,.T.);
#899 = EDGE_CURVE('',#892,#900,#902,.T.);
#900 = VERTEX_POINT('',#901);
#901 = CARTESIAN_POINT('',(173.740794,-34.849691,-7.5E-02));
#902 = LINE('',#903,#904);
#903 = CARTESIAN_POINT('',(173.860415,-34.968283,-7.5E-02));
#904 = VECTOR('',#905,1.);
#905 = DIRECTION('',(-0.710154619004,0.7040457493,0.));
#906 = ORIENTED_EDGE('',*,*,#907,.T.);
#907 = EDGE_CURVE('',#900,#908,#910,.T.);
#908 = VERTEX_POINT('',#909);
#909 = CARTESIAN_POINT('',(173.740794,-35.803149,-7.5E-02));
#910 = LINE('',#911,#912);
#911 = CARTESIAN_POINT('',(173.740794,-34.849691,-7.5E-02));
#912 = VECTOR('',#913,1.);
#913 = DIRECTION('',(0.,-1.,0.));
#914 = ORIENTED_EDGE('',*,*,#915,.T.);
#915 = EDGE_CURVE('',#908,#916,#918,.T.);
#916 = VERTEX_POINT('',#917);
#917 = CARTESIAN_POINT('',(174.043283,-35.80459,-7.5E-02));
#918 = LINE('',#919,#920);
#919 = CARTESIAN_POINT('',(173.740794,-35.803149,-7.5E-02));
#920 = VECTOR('',#921,1.);
#921 = DIRECTION('',(0.999988653252,-4.763755539329E-03,0.));
#922 = ORIENTED_EDGE('',*,*,#923,.T.);
#923 = EDGE_CURVE('',#916,#924,#926,.T.);
#924 = VERTEX_POINT('',#925);
#925 = CARTESIAN_POINT('',(174.028651,-35.953149,-7.5E-02));
#926 = CIRCLE('',#927,7.500006711465E-02);
#927 = AXIS2_PLACEMENT_3D('',#928,#929,#930);
#928 = CARTESIAN_POINT('',(174.02865106711,-35.87814893288,-7.5E-02));
#929 = DIRECTION('',(0.,0.,-1.));
#930 = DIRECTION('',(0.195092263891,0.980784894138,0.));
#931 = ORIENTED_EDGE('',*,*,#932,.T.);
#932 = EDGE_CURVE('',#924,#933,#935,.T.);
#933 = VERTEX_POINT('',#934);
#934 = CARTESIAN_POINT('',(173.288304,-35.951708,-7.5E-02));
#935 = LINE('',#936,#937);
#936 = CARTESIAN_POINT('',(174.028651,-35.953149,-7.5E-02));
#937 = VECTOR('',#938,1.);
#938 = DIRECTION('',(-0.999998105799,1.94638091389E-03,0.));
#939 = ORIENTED_EDGE('',*,*,#940,.T.);
#940 = EDGE_CURVE('',#933,#941,#943,.T.);
#941 = VERTEX_POINT('',#942);
#942 = CARTESIAN_POINT('',(173.302936,-35.803149,-7.5E-02));
#943 = CIRCLE('',#944,7.500006711464E-02);
#944 = AXIS2_PLACEMENT_3D('',#945,#946,#947);
#945 = CARTESIAN_POINT('',(173.30293593288,-35.87814906711,-7.5E-02));
#946 = DIRECTION('',(0.,0.,-1.));
#947 = DIRECTION('',(-0.195092263891,-0.980784894138,-0.));
#948 = ORIENTED_EDGE('',*,*,#949,.T.);
#949 = EDGE_CURVE('',#941,#950,#952,.T.);
#950 = VERTEX_POINT('',#951);
#951 = CARTESIAN_POINT('',(173.590794,-35.803149,-7.5E-02));
#952 = LINE('',#953,#954);
#953 = CARTESIAN_POINT('',(173.302936,-35.803149,-7.5E-02));
#954 = VECTOR('',#955,1.);
#955 = DIRECTION('',(1.,0.,0.));
#956 = ORIENTED_EDGE('',*,*,#957,.T.);
#957 = EDGE_CURVE('',#950,#958,#960,.T.);
#958 = VERTEX_POINT('',#959);
#959 = CARTESIAN_POINT('',(173.592235,-34.593517,-7.5E-02));
#960 = LINE('',#961,#962);
#961 = CARTESIAN_POINT('',(173.590794,-35.803149,-7.5E-02));
#962 = VECTOR('',#963,1.);
#963 = DIRECTION('',(1.191270549654E-03,0.999999290437,0.));
#964 = ORIENTED_EDGE('',*,*,#965,.T.);
#965 = EDGE_CURVE('',#958,#825,#966,.T.);
#966 = LINE('',#967,#968);
#967 = CARTESIAN_POINT('',(173.592235,-34.593517,-7.5E-02));
#968 = VECTOR('',#969,1.);
#969 = DIRECTION('',(0.47185745117,0.881674852639,0.));
#970 = PLANE('',#971);
#971 = AXIS2_PLACEMENT_3D('',#972,#973,#974);
#972 = CARTESIAN_POINT('',(0.,0.,-7.5E-02));
#973 = DIRECTION('',(-0.,-0.,-1.));
#974 = DIRECTION('',(-1.,0.,0.));
#975 = SHELL_BASED_SURFACE_MODEL('',(#976));
#976 = OPEN_SHELL('',(#977));
#977 = ADVANCED_FACE('',(#978),#1121,.T.);
#978 = FACE_BOUND('',#979,.T.);
#979 = EDGE_LOOP('',(#980,#991,#999,#1008,#1016,#1024,#1033,#1041,#1049,
    #1058,#1066,#1074,#1083,#1091,#1099,#1107,#1115));
#980 = ORIENTED_EDGE('',*,*,#981,.T.);
#981 = EDGE_CURVE('',#982,#984,#986,.T.);
#982 = VERTEX_POINT('',#983);
#983 = CARTESIAN_POINT('',(166.04702,-34.50169,-7.5E-02));
#984 = VERTEX_POINT('',#985);
#985 = CARTESIAN_POINT('',(166.177421,-34.523956,-7.5E-02));
#986 = CIRCLE('',#987,7.500013401236E-02);
#987 = AXIS2_PLACEMENT_3D('',#988,#989,#990);
#988 = CARTESIAN_POINT('',(166.10626976296,-34.54767353717,-7.5E-02));
#989 = DIRECTION('',(0.,0.,-1.));
#990 = DIRECTION('',(-0.789995427882,0.613112733456,0.));
#991 = ORIENTED_EDGE('',*,*,#992,.T.);
#992 = EDGE_CURVE('',#984,#993,#995,.T.);
#993 = VERTEX_POINT('',#994);
#994 = CARTESIAN_POINT('',(166.483062,-35.445435,-7.5E-02));
#995 = LINE('',#996,#997);
#996 = CARTESIAN_POINT('',(166.177421,-34.523956,-7.5E-02));
#997 = VECTOR('',#998,1.);
#998 = DIRECTION('',(0.314819572033,-0.949151535354,0.));
#999 = ORIENTED_EDGE('',*,*,#1000,.T.);
#1000 = EDGE_CURVE('',#993,#1001,#1003,.T.);
#1001 = VERTEX_POINT('',#1002);
#1002 = CARTESIAN_POINT('',(166.408651,-35.529815,-7.5E-02));
#1003 = CIRCLE('',#1004,7.499861641288E-02);
#1004 = AXIS2_PLACEMENT_3D('',#1005,#1006,#1007);
#1005 = CARTESIAN_POINT('',(166.40865244345,-35.4548163836,-7.5E-02));
#1006 = DIRECTION('',(0.,0.,-1.));
#1007 = DIRECTION('',(0.992145723566,0.125087422272,0.));
#1008 = ORIENTED_EDGE('',*,*,#1009,.T.);
#1009 = EDGE_CURVE('',#1001,#1010,#1012,.T.);
#1010 = VERTEX_POINT('',#1011);
#1011 = CARTESIAN_POINT('',(165.878889,-35.529815,-7.5E-02));
#1012 = LINE('',#1013,#1014);
#1013 = CARTESIAN_POINT('',(166.408651,-35.529815,-7.5E-02));
#1014 = VECTOR('',#1015,1.);
#1015 = DIRECTION('',(-1.,0.,0.));
#1016 = ORIENTED_EDGE('',*,*,#1017,.T.);
#1017 = EDGE_CURVE('',#1010,#1018,#1020,.T.);
#1018 = VERTEX_POINT('',#1019);
#1019 = CARTESIAN_POINT('',(165.877448,-35.892781,-7.5E-02));
#1020 = LINE('',#1021,#1022);
#1021 = CARTESIAN_POINT('',(165.878889,-35.529815,-7.5E-02));
#1022 = VECTOR('',#1023,1.);
#1023 = DIRECTION('',(-3.970037535229E-03,-0.99999211937,0.));
#1024 = ORIENTED_EDGE('',*,*,#1025,.T.);
#1025 = EDGE_CURVE('',#1018,#1026,#1028,.T.);
#1026 = VERTEX_POINT('',#1027);
#1027 = CARTESIAN_POINT('',(165.728889,-35.878149,-7.5E-02));
#1028 = CIRCLE('',#1029,7.500006711463E-02);
#1029 = AXIS2_PLACEMENT_3D('',#1030,#1031,#1032);
#1030 = CARTESIAN_POINT('',(165.80388906711,-35.87814906711,-7.5E-02));
#1031 = DIRECTION('',(-0.,0.,-1.));
#1032 = DIRECTION('',(0.980784894138,-0.195092263891,-0.));
#1033 = ORIENTED_EDGE('',*,*,#1034,.T.);
#1034 = EDGE_CURVE('',#1026,#1035,#1037,.T.);
#1035 = VERTEX_POINT('',#1036);
#1036 = CARTESIAN_POINT('',(165.728889,-35.529815,-7.5E-02));
#1037 = LINE('',#1038,#1039);
#1038 = CARTESIAN_POINT('',(165.728889,-35.878149,-7.5E-02));
#1039 = VECTOR('',#1040,1.);
#1040 = DIRECTION('',(0.,1.,0.));
#1041 = ORIENTED_EDGE('',*,*,#1042,.T.);
#1042 = EDGE_CURVE('',#1035,#1043,#1045,.T.);
#1043 = VERTEX_POINT('',#1044);
#1044 = CARTESIAN_POINT('',(165.607828,-35.528374,-7.5E-02));
#1045 = LINE('',#1046,#1047);
#1046 = CARTESIAN_POINT('',(165.728889,-35.529815,-7.5E-02));
#1047 = VECTOR('',#1048,1.);
#1048 = DIRECTION('',(-0.999929165749,1.19022470312E-02,0.));
#1049 = ORIENTED_EDGE('',*,*,#1050,.T.);
#1050 = EDGE_CURVE('',#1043,#1051,#1053,.T.);
#1051 = VERTEX_POINT('',#1052);
#1052 = CARTESIAN_POINT('',(165.62246,-35.379815,-7.5E-02));
#1053 = CIRCLE('',#1054,7.500006711464E-02);
#1054 = AXIS2_PLACEMENT_3D('',#1055,#1056,#1057);
#1055 = CARTESIAN_POINT('',(165.62245993288,-35.45481506711,-7.5E-02));
#1056 = DIRECTION('',(0.,0.,-1.));
#1057 = DIRECTION('',(-0.195092263891,-0.980784894138,-0.));
#1058 = ORIENTED_EDGE('',*,*,#1059,.T.);
#1059 = EDGE_CURVE('',#1051,#1060,#1062,.T.);
#1060 = VERTEX_POINT('',#1061);
#1061 = CARTESIAN_POINT('',(165.728889,-35.379815,-7.5E-02));
#1062 = LINE('',#1063,#1064);
#1063 = CARTESIAN_POINT('',(165.62246,-35.379815,-7.5E-02));
#1064 = VECTOR('',#1065,1.);
#1065 = DIRECTION('',(1.,0.,0.));
#1066 = ORIENTED_EDGE('',*,*,#1067,.T.);
#1067 = EDGE_CURVE('',#1060,#1068,#1070,.T.);
#1068 = VERTEX_POINT('',#1069);
#1069 = CARTESIAN_POINT('',(165.73033,-35.01685,-7.5E-02));
#1070 = LINE('',#1071,#1072);
#1071 = CARTESIAN_POINT('',(165.728889,-35.379815,-7.5E-02));
#1072 = VECTOR('',#1073,1.);
#1073 = DIRECTION('',(3.970048472854E-03,0.999992119327,0.));
#1074 = ORIENTED_EDGE('',*,*,#1075,.T.);
#1075 = EDGE_CURVE('',#1068,#1076,#1078,.T.);
#1076 = VERTEX_POINT('',#1077);
#1077 = CARTESIAN_POINT('',(165.878889,-35.031482,-7.5E-02));
#1078 = CIRCLE('',#1079,7.500006711463E-02);
#1079 = AXIS2_PLACEMENT_3D('',#1080,#1081,#1082);
#1080 = CARTESIAN_POINT('',(165.80388893288,-35.03148193288,-7.5E-02));
#1081 = DIRECTION('',(0.,0.,-1.));
#1082 = DIRECTION('',(-0.980784894138,0.195092263891,0.));
#1083 = ORIENTED_EDGE('',*,*,#1084,.T.);
#1084 = EDGE_CURVE('',#1076,#1085,#1087,.T.);
#1085 = VERTEX_POINT('',#1086);
#1086 = CARTESIAN_POINT('',(165.878889,-35.379815,-7.5E-02));
#1087 = LINE('',#1088,#1089);
#1088 = CARTESIAN_POINT('',(165.878889,-35.031482,-7.5E-02));
#1089 = VECTOR('',#1090,1.);
#1090 = DIRECTION('',(0.,-1.,0.));
#1091 = ORIENTED_EDGE('',*,*,#1092,.T.);
#1092 = EDGE_CURVE('',#1085,#1093,#1095,.T.);
#1093 = VERTEX_POINT('',#1094);
#1094 = CARTESIAN_POINT('',(166.304594,-35.379815,-7.5E-02));
#1095 = LINE('',#1096,#1097);
#1096 = CARTESIAN_POINT('',(165.878889,-35.379815,-7.5E-02));
#1097 = VECTOR('',#1098,1.);
#1098 = DIRECTION('',(1.,0.,0.));
#1099 = ORIENTED_EDGE('',*,*,#1100,.T.);
#1100 = EDGE_CURVE('',#1093,#1101,#1103,.T.);
#1101 = VERTEX_POINT('',#1102);
#1102 = CARTESIAN_POINT('',(166.031859,-34.557053,-7.5E-02));
#1103 = LINE('',#1104,#1105);
#1104 = CARTESIAN_POINT('',(166.304594,-35.379815,-7.5E-02));
#1105 = VECTOR('',#1106,1.);
#1106 = DIRECTION('',(-0.314650126992,0.949207720989,0.));
#1107 = ORIENTED_EDGE('',*,*,#1108,.T.);
#1108 = EDGE_CURVE('',#1101,#1109,#1111,.T.);
#1109 = VERTEX_POINT('',#1110);
#1110 = CARTESIAN_POINT('',(166.033934,-34.527863,-7.5E-02));
#1111 = LINE('',#1112,#1113);
#1112 = CARTESIAN_POINT('',(166.031859,-34.557053,-7.5E-02));
#1113 = VECTOR('',#1114,1.);
#1114 = DIRECTION('',(7.090705970239E-02,0.997482926613,0.));
#1115 = ORIENTED_EDGE('',*,*,#1116,.T.);
#1116 = EDGE_CURVE('',#1109,#982,#1117,.T.);
#1117 = LINE('',#1118,#1119);
#1118 = CARTESIAN_POINT('',(166.033934,-34.527863,-7.5E-02));
#1119 = VECTOR('',#1120,1.);
#1120 = DIRECTION('',(0.44719992588,0.894434025679,0.));
#1121 = PLANE('',#1122);
#1122 = AXIS2_PLACEMENT_3D('',#1123,#1124,#1125);
#1123 = CARTESIAN_POINT('',(0.,0.,-7.5E-02));
#1124 = DIRECTION('',(-0.,-0.,-1.));
#1125 = DIRECTION('',(-1.,0.,0.));
#1126 = SHELL_BASED_SURFACE_MODEL('',(#1127));
#1127 = OPEN_SHELL('',(#1128));
#1128 = ADVANCED_FACE('',(#1129),#1315,.T.);
#1129 = FACE_BOUND('',#1130,.T.);
#1130 = EDGE_LOOP('',(#1131,#1142,#1150,#1159,#1167,#1175,#1184,#1192,
    #1201,#1209,#1218,#1226,#1234,#1242,#1251,#1259,#1267,#1275,#1284,
    #1292,#1301,#1309));
#1131 = ORIENTED_EDGE('',*,*,#1132,.T.);
#1132 = EDGE_CURVE('',#1133,#1135,#1137,.T.);
#1133 = VERTEX_POINT('',#1134);
#1134 = CARTESIAN_POINT('',(168.157942,-34.645576,-7.5E-02));
#1135 = VERTEX_POINT('',#1136);
#1136 = CARTESIAN_POINT('',(168.222936,-34.533149,-7.5E-02));
#1137 = CIRCLE('',#1138,7.499979513922E-02);
#1138 = AXIS2_PLACEMENT_3D('',#1139,#1140,#1141);
#1139 = CARTESIAN_POINT('',(168.22293564282,-34.60814879513,-7.5E-02));
#1140 = DIRECTION('',(0.,0.,-1.));
#1141 = DIRECTION('',(-0.866584271338,-0.499030761246,-0.));
#1142 = ORIENTED_EDGE('',*,*,#1143,.T.);
#1143 = EDGE_CURVE('',#1135,#1144,#1146,.T.);
#1144 = VERTEX_POINT('',#1145);
#1145 = CARTESIAN_POINT('',(169.023759,-34.53459,-7.5E-02));
#1146 = LINE('',#1147,#1148);
#1147 = CARTESIAN_POINT('',(168.222936,-34.533149,-7.5E-02));
#1148 = VECTOR('',#1149,1.);
#1149 = DIRECTION('',(0.999998381086,-1.799395955341E-03,0.));
#1150 = ORIENTED_EDGE('',*,*,#1151,.T.);
#1151 = EDGE_CURVE('',#1144,#1152,#1154,.T.);
#1152 = VERTEX_POINT('',#1153);
#1153 = CARTESIAN_POINT('',(169.009127,-34.683149,-7.5E-02));
#1154 = CIRCLE('',#1155,7.500006711464E-02);
#1155 = AXIS2_PLACEMENT_3D('',#1156,#1157,#1158);
#1156 = CARTESIAN_POINT('',(169.00912706711,-34.60814893288,-7.5E-02));
#1157 = DIRECTION('',(0.,0.,-1.));
#1158 = DIRECTION('',(0.195092263891,0.980784894138,0.));
#1159 = ORIENTED_EDGE('',*,*,#1160,.T.);
#1160 = EDGE_CURVE('',#1152,#1161,#1163,.T.);
#1161 = VERTEX_POINT('',#1162);
#1162 = CARTESIAN_POINT('',(168.388219,-34.683149,-7.5E-02));
#1163 = LINE('',#1164,#1165);
#1164 = CARTESIAN_POINT('',(169.009127,-34.683149,-7.5E-02));
#1165 = VECTOR('',#1166,1.);
#1166 = DIRECTION('',(-1.,0.,0.));
#1167 = ORIENTED_EDGE('',*,*,#1168,.T.);
#1168 = EDGE_CURVE('',#1161,#1169,#1171,.T.);
#1169 = VERTEX_POINT('',#1170);
#1170 = CARTESIAN_POINT('',(168.711264,-35.054531,-7.5E-02));
#1171 = LINE('',#1172,#1173);
#1172 = CARTESIAN_POINT('',(168.388219,-34.683149,-7.5E-02));
#1173 = VECTOR('',#1174,1.);
#1174 = DIRECTION('',(0.656299170339,-0.754500761439,0.));
#1175 = ORIENTED_EDGE('',*,*,#1176,.T.);
#1176 = EDGE_CURVE('',#1169,#1177,#1179,.T.);
#1177 = VERTEX_POINT('',#1178);
#1178 = CARTESIAN_POINT('',(168.64627,-35.166958,-7.5E-02));
#1179 = CIRCLE('',#1180,7.499979513922E-02);
#1180 = AXIS2_PLACEMENT_3D('',#1181,#1182,#1183);
#1181 = CARTESIAN_POINT('',(168.64627035717,-35.09195820486,-7.5E-02));
#1182 = DIRECTION('',(0.,0.,-1.));
#1183 = DIRECTION('',(0.866584271338,0.499030761246,0.));
#1184 = ORIENTED_EDGE('',*,*,#1185,.T.);
#1185 = EDGE_CURVE('',#1177,#1186,#1188,.T.);
#1186 = VERTEX_POINT('',#1187);
#1187 = CARTESIAN_POINT('',(168.482546,-35.166958,-7.5E-02));
#1188 = LINE('',#1189,#1190);
#1189 = CARTESIAN_POINT('',(168.64627,-35.166958,-7.5E-02));
#1190 = VECTOR('',#1191,1.);
#1191 = DIRECTION('',(-1.,0.,0.));
#1192 = ORIENTED_EDGE('',*,*,#1193,.T.);
#1193 = EDGE_CURVE('',#1186,#1194,#1196,.T.);
#1194 = VERTEX_POINT('',#1195);
#1195 = CARTESIAN_POINT('',(168.297936,-35.351568,-7.5E-02));
#1196 = CIRCLE('',#1197,0.260155315882);
#1197 = AXIS2_PLACEMENT_3D('',#1198,#1199,#1200);
#1198 = CARTESIAN_POINT('',(168.54936416351,-35.41838616351,-7.5E-02));
#1199 = DIRECTION('',(0.,0.,1.));
#1200 = DIRECTION('',(-0.256839508679,0.966454068635,0.));
#1201 = ORIENTED_EDGE('',*,*,#1202,.T.);
#1202 = EDGE_CURVE('',#1194,#1203,#1205,.T.);
#1203 = VERTEX_POINT('',#1204);
#1204 = CARTESIAN_POINT('',(168.297936,-35.618538,-7.5E-02));
#1205 = LINE('',#1206,#1207);
#1206 = CARTESIAN_POINT('',(168.297936,-35.351568,-7.5E-02));
#1207 = VECTOR('',#1208,1.);
#1208 = DIRECTION('',(0.,-1.,0.));
#1209 = ORIENTED_EDGE('',*,*,#1210,.T.);
#1210 = EDGE_CURVE('',#1203,#1211,#1213,.T.);
#1211 = VERTEX_POINT('',#1212);
#1212 = CARTESIAN_POINT('',(168.482546,-35.803149,-7.5E-02));
#1213 = CIRCLE('',#1214,0.260159421501);
#1214 = AXIS2_PLACEMENT_3D('',#1215,#1216,#1217);
#1215 = CARTESIAN_POINT('',(168.54936780566,-35.55171755629,-7.5E-02));
#1216 = DIRECTION('',(0.,0.,1.));
#1217 = DIRECTION('',(-0.966452816554,-0.256844220055,0.));
#1218 = ORIENTED_EDGE('',*,*,#1219,.T.);
#1219 = EDGE_CURVE('',#1211,#1220,#1222,.T.);
#1220 = VERTEX_POINT('',#1221);
#1221 = CARTESIAN_POINT('',(168.809993,-35.803149,-7.5E-02));
#1222 = LINE('',#1223,#1224);
#1223 = CARTESIAN_POINT('',(168.482546,-35.803149,-7.5E-02));
#1224 = VECTOR('',#1225,1.);
#1225 = DIRECTION('',(1.,0.,0.));
#1226 = ORIENTED_EDGE('',*,*,#1227,.T.);
#1227 = EDGE_CURVE('',#1220,#1228,#1230,.T.);
#1228 = VERTEX_POINT('',#1229);
#1229 = CARTESIAN_POINT('',(168.904223,-35.756034,-7.5E-02));
#1230 = LINE('',#1231,#1232);
#1231 = CARTESIAN_POINT('',(168.809993,-35.803149,-7.5E-02));
#1232 = VECTOR('',#1233,1.);
#1233 = DIRECTION('',(0.894427191,0.4472135955,0.));
#1234 = ORIENTED_EDGE('',*,*,#1235,.T.);
#1235 = EDGE_CURVE('',#1228,#1236,#1238,.T.);
#1236 = VERTEX_POINT('',#1237);
#1237 = CARTESIAN_POINT('',(168.967459,-35.694836,-7.5E-02));
#1238 = LINE('',#1239,#1240);
#1239 = CARTESIAN_POINT('',(168.904223,-35.756034,-7.5E-02));
#1240 = VECTOR('',#1241,1.);
#1241 = DIRECTION('',(0.718591516887,0.69543240639,0.));
#1242 = ORIENTED_EDGE('',*,*,#1243,.T.);
#1243 = EDGE_CURVE('',#1236,#1244,#1246,.T.);
#1244 = VERTEX_POINT('',#1245);
#1245 = CARTESIAN_POINT('',(169.062161,-35.810228,-7.5E-02));
#1246 = CIRCLE('',#1247,7.499993690527E-02);
#1247 = AXIS2_PLACEMENT_3D('',#1248,#1249,#1250);
#1248 = CARTESIAN_POINT('',(169.0091272483,-35.75719582375,-7.5E-02));
#1249 = DIRECTION('',(0.,0.,-1.));
#1250 = DIRECTION('',(-0.555577111505,0.831465016204,0.));
#1251 = ORIENTED_EDGE('',*,*,#1252,.T.);
#1252 = EDGE_CURVE('',#1244,#1253,#1255,.T.);
#1253 = VERTEX_POINT('',#1254);
#1254 = CARTESIAN_POINT('',(168.988488,-35.880791,-7.5E-02));
#1255 = LINE('',#1256,#1257);
#1256 = CARTESIAN_POINT('',(169.062161,-35.810228,-7.5E-02));
#1257 = VECTOR('',#1258,1.);
#1258 = DIRECTION('',(-0.722185478189,-0.69169945431,0.));
#1259 = ORIENTED_EDGE('',*,*,#1260,.T.);
#1260 = EDGE_CURVE('',#1253,#1261,#1263,.T.);
#1261 = VERTEX_POINT('',#1262);
#1262 = CARTESIAN_POINT('',(168.84233,-35.951708,-7.5E-02));
#1263 = LINE('',#1264,#1265);
#1264 = CARTESIAN_POINT('',(168.988488,-35.880791,-7.5E-02));
#1265 = VECTOR('',#1266,1.);
#1266 = DIRECTION('',(-0.899687168086,-0.436535221467,0.));
#1267 = ORIENTED_EDGE('',*,*,#1268,.T.);
#1268 = EDGE_CURVE('',#1261,#1269,#1271,.T.);
#1269 = VERTEX_POINT('',#1270);
#1270 = CARTESIAN_POINT('',(168.445031,-35.950486,-7.5E-02));
#1271 = LINE('',#1272,#1273);
#1272 = CARTESIAN_POINT('',(168.84233,-35.951708,-7.5E-02));
#1273 = VECTOR('',#1274,1.);
#1274 = DIRECTION('',(-0.999995269856,3.07575458224E-03,0.));
#1275 = ORIENTED_EDGE('',*,*,#1276,.T.);
#1276 = EDGE_CURVE('',#1269,#1277,#1279,.T.);
#1277 = VERTEX_POINT('',#1278);
#1278 = CARTESIAN_POINT('',(168.149377,-35.650876,-7.5E-02));
#1279 = CIRCLE('',#1280,0.421920315128);
#1280 = AXIS2_PLACEMENT_3D('',#1281,#1282,#1283);
#1281 = CARTESIAN_POINT('',(168.55749200966,-35.54382978939,-7.5E-02));
#1282 = DIRECTION('',(0.,0.,-1.));
#1283 = DIRECTION('',(-0.266545614496,-0.963822304885,-0.));
#1284 = ORIENTED_EDGE('',*,*,#1285,.T.);
#1285 = EDGE_CURVE('',#1277,#1286,#1288,.T.);
#1286 = VERTEX_POINT('',#1287);
#1287 = CARTESIAN_POINT('',(168.150599,-35.314053,-7.5E-02));
#1288 = LINE('',#1289,#1290);
#1289 = CARTESIAN_POINT('',(168.149377,-35.650876,-7.5E-02));
#1290 = VECTOR('',#1291,1.);
#1291 = DIRECTION('',(3.62799440001E-03,0.999993418807,0.));
#1292 = ORIENTED_EDGE('',*,*,#1293,.T.);
#1293 = EDGE_CURVE('',#1286,#1294,#1296,.T.);
#1294 = VERTEX_POINT('',#1295);
#1295 = CARTESIAN_POINT('',(168.450209,-35.018399,-7.5E-02));
#1296 = CIRCLE('',#1297,0.421922271538);
#1297 = AXIS2_PLACEMENT_3D('',#1298,#1299,#1300);
#1298 = CARTESIAN_POINT('',(168.5572567961,-35.42651561638,-7.5E-02));
#1299 = DIRECTION('',(0.,0.,-1.));
#1300 = DIRECTION('',(-0.963821593552,0.266548186644,0.));
#1301 = ORIENTED_EDGE('',*,*,#1302,.T.);
#1302 = EDGE_CURVE('',#1294,#1303,#1305,.T.);
#1303 = VERTEX_POINT('',#1304);
#1304 = CARTESIAN_POINT('',(168.480987,-35.016958,-7.5E-02));
#1305 = LINE('',#1306,#1307);
#1306 = CARTESIAN_POINT('',(168.450209,-35.018399,-7.5E-02));
#1307 = VECTOR('',#1308,1.);
#1308 = DIRECTION('',(0.998905781884,4.676792617113E-02,0.));
#1309 = ORIENTED_EDGE('',*,*,#1310,.T.);
#1310 = EDGE_CURVE('',#1303,#1133,#1311,.T.);
#1311 = LINE('',#1312,#1313);
#1312 = CARTESIAN_POINT('',(168.480987,-35.016958,-7.5E-02));
#1313 = VECTOR('',#1314,1.);
#1314 = DIRECTION('',(-0.656299170339,0.754500761439,0.));
#1315 = PLANE('',#1316);
#1316 = AXIS2_PLACEMENT_3D('',#1317,#1318,#1319);
#1317 = CARTESIAN_POINT('',(0.,0.,-7.5E-02));
#1318 = DIRECTION('',(-0.,-0.,-1.));
#1319 = DIRECTION('',(-1.,0.,0.));
#1320 = SHELL_BASED_SURFACE_MODEL('',(#1321));
#1321 = OPEN_SHELL('',(#1322));
#1322 = ADVANCED_FACE('',(#1323),#1472,.T.);
#1323 = FACE_BOUND('',#1324,.T.);
#1324 = EDGE_LOOP('',(#1325,#1335,#1343,#1351,#1359,#1367,#1375,#1383,
    #1392,#1400,#1408,#1416,#1424,#1433,#1441,#1450,#1458,#1466));
#1325 = ORIENTED_EDGE('',*,*,#1326,.T.);
#1326 = EDGE_CURVE('',#1327,#1329,#1331,.T.);
#1327 = VERTEX_POINT('',#1328);
#1328 = CARTESIAN_POINT('',(173.612816,-25.055061,-7.5E-02));
#1329 = VERTEX_POINT('',#1330);
#1330 = CARTESIAN_POINT('',(173.651162,-25.03459,-7.5E-02));
#1331 = LINE('',#1332,#1333);
#1332 = CARTESIAN_POINT('',(173.612816,-25.055061,-7.5E-02));
#1333 = VECTOR('',#1334,1.);
#1334 = DIRECTION('',(0.882163732375,0.470942830163,0.));
#1335 = ORIENTED_EDGE('',*,*,#1336,.T.);
#1336 = EDGE_CURVE('',#1329,#1337,#1339,.T.);
#1337 = VERTEX_POINT('',#1338);
#1338 = CARTESIAN_POINT('',(173.673078,-25.03459,-7.5E-02));
#1339 = LINE('',#1340,#1341);
#1340 = CARTESIAN_POINT('',(173.651162,-25.03459,-7.5E-02));
#1341 = VECTOR('',#1342,1.);
#1342 = DIRECTION('',(1.,0.,0.));
#1343 = ORIENTED_EDGE('',*,*,#1344,.T.);
#1344 = EDGE_CURVE('',#1337,#1345,#1347,.T.);
#1345 = VERTEX_POINT('',#1346);
#1346 = CARTESIAN_POINT('',(173.707462,-25.045789,-7.5E-02));
#1347 = LINE('',#1348,#1349);
#1348 = CARTESIAN_POINT('',(173.673078,-25.03459,-7.5E-02));
#1349 = VECTOR('',#1350,1.);
#1350 = DIRECTION('',(0.950837159691,-0.309691291048,0.));
#1351 = ORIENTED_EDGE('',*,*,#1352,.T.);
#1352 = EDGE_CURVE('',#1345,#1353,#1355,.T.);
#1353 = VERTEX_POINT('',#1354);
#1354 = CARTESIAN_POINT('',(173.728198,-25.066546,-7.5E-02));
#1355 = LINE('',#1356,#1357);
#1356 = CARTESIAN_POINT('',(173.707462,-25.045789,-7.5E-02));
#1357 = VECTOR('',#1358,1.);
#1358 = DIRECTION('',(0.706748817237,-0.707464564013,0.));
#1359 = ORIENTED_EDGE('',*,*,#1360,.T.);
#1360 = EDGE_CURVE('',#1353,#1361,#1363,.T.);
#1361 = VERTEX_POINT('',#1362);
#1362 = CARTESIAN_POINT('',(173.845032,-25.241797,-7.5E-02));
#1363 = LINE('',#1364,#1365);
#1364 = CARTESIAN_POINT('',(173.728198,-25.066546,-7.5E-02));
#1365 = VECTOR('',#1366,1.);
#1366 = DIRECTION('',(0.554700196225,-0.832050294338,0.));
#1367 = ORIENTED_EDGE('',*,*,#1368,.T.);
#1368 = EDGE_CURVE('',#1361,#1369,#1371,.T.);
#1369 = VERTEX_POINT('',#1370);
#1370 = CARTESIAN_POINT('',(173.952125,-25.348891,-7.5E-02));
#1371 = LINE('',#1372,#1373);
#1372 = CARTESIAN_POINT('',(173.845032,-25.241797,-7.5E-02));
#1373 = VECTOR('',#1374,1.);
#1374 = DIRECTION('',(0.707103479826,-0.707110082531,0.));
#1375 = ORIENTED_EDGE('',*,*,#1376,.T.);
#1376 = EDGE_CURVE('',#1369,#1377,#1379,.T.);
#1377 = VERTEX_POINT('',#1378);
#1378 = CARTESIAN_POINT('',(174.074634,-25.411756,-7.5E-02));
#1379 = LINE('',#1380,#1381);
#1380 = CARTESIAN_POINT('',(173.952125,-25.348891,-7.5E-02));
#1381 = VECTOR('',#1382,1.);
#1382 = DIRECTION('',(0.889699860019,-0.456545900302,0.));
#1383 = ORIENTED_EDGE('',*,*,#1384,.T.);
#1384 = EDGE_CURVE('',#1377,#1385,#1387,.T.);
#1385 = VERTEX_POINT('',#1386);
#1386 = CARTESIAN_POINT('',(173.99511,-25.538088,-7.5E-02));
#1387 = CIRCLE('',#1388,7.49999426631E-02);
#1388 = AXIS2_PLACEMENT_3D('',#1389,#1390,#1391);
#1389 = CARTESIAN_POINT('',(174.02865128001,-25.47100615495,-7.5E-02));
#1390 = DIRECTION('',(0.,0.,-1.));
#1391 = DIRECTION('',(0.613103401791,0.790002670066,0.));
#1392 = ORIENTED_EDGE('',*,*,#1393,.T.);
#1393 = EDGE_CURVE('',#1385,#1394,#1396,.T.);
#1394 = VERTEX_POINT('',#1395);
#1395 = CARTESIAN_POINT('',(173.860415,-25.468283,-7.5E-02));
#1396 = LINE('',#1397,#1398);
#1397 = CARTESIAN_POINT('',(173.99511,-25.538088,-7.5E-02));
#1398 = VECTOR('',#1399,1.);
#1399 = DIRECTION('',(-0.887853776541,0.460125712695,0.));
#1400 = ORIENTED_EDGE('',*,*,#1401,.T.);
#1401 = EDGE_CURVE('',#1394,#1402,#1404,.T.);
#1402 = VERTEX_POINT('',#1403);
#1403 = CARTESIAN_POINT('',(173.740794,-25.349691,-7.5E-02));
#1404 = LINE('',#1405,#1406);
#1405 = CARTESIAN_POINT('',(173.860415,-25.468283,-7.5E-02));
#1406 = VECTOR('',#1407,1.);
#1407 = DIRECTION('',(-0.710154619004,0.7040457493,0.));
#1408 = ORIENTED_EDGE('',*,*,#1409,.T.);
#1409 = EDGE_CURVE('',#1402,#1410,#1412,.T.);
#1410 = VERTEX_POINT('',#1411);
#1411 = CARTESIAN_POINT('',(173.740794,-26.303149,-7.5E-02));
#1412 = LINE('',#1413,#1414);
#1413 = CARTESIAN_POINT('',(173.740794,-25.349691,-7.5E-02));
#1414 = VECTOR('',#1415,1.);
#1415 = DIRECTION('',(0.,-1.,0.));
#1416 = ORIENTED_EDGE('',*,*,#1417,.T.);
#1417 = EDGE_CURVE('',#1410,#1418,#1420,.T.);
#1418 = VERTEX_POINT('',#1419);
#1419 = CARTESIAN_POINT('',(174.043283,-26.30459,-7.5E-02));
#1420 = LINE('',#1421,#1422);
#1421 = CARTESIAN_POINT('',(173.740794,-26.303149,-7.5E-02));
#1422 = VECTOR('',#1423,1.);
#1423 = DIRECTION('',(0.999988653252,-4.763755539329E-03,0.));
#1424 = ORIENTED_EDGE('',*,*,#1425,.T.);
#1425 = EDGE_CURVE('',#1418,#1426,#1428,.T.);
#1426 = VERTEX_POINT('',#1427);
#1427 = CARTESIAN_POINT('',(174.028651,-26.453149,-7.5E-02));
#1428 = CIRCLE('',#1429,7.500006711464E-02);
#1429 = AXIS2_PLACEMENT_3D('',#1430,#1431,#1432);
#1430 = CARTESIAN_POINT('',(174.02865106711,-26.37814893288,-7.5E-02));
#1431 = DIRECTION('',(0.,0.,-1.));
#1432 = DIRECTION('',(0.195092263891,0.980784894138,0.));
#1433 = ORIENTED_EDGE('',*,*,#1434,.T.);
#1434 = EDGE_CURVE('',#1426,#1435,#1437,.T.);
#1435 = VERTEX_POINT('',#1436);
#1436 = CARTESIAN_POINT('',(173.288304,-26.451708,-7.5E-02));
#1437 = LINE('',#1438,#1439);
#1438 = CARTESIAN_POINT('',(174.028651,-26.453149,-7.5E-02));
#1439 = VECTOR('',#1440,1.);
#1440 = DIRECTION('',(-0.999998105799,1.94638091389E-03,0.));
#1441 = ORIENTED_EDGE('',*,*,#1442,.T.);
#1442 = EDGE_CURVE('',#1435,#1443,#1445,.T.);
#1443 = VERTEX_POINT('',#1444);
#1444 = CARTESIAN_POINT('',(173.302936,-26.303149,-7.5E-02));
#1445 = CIRCLE('',#1446,7.500006711464E-02);
#1446 = AXIS2_PLACEMENT_3D('',#1447,#1448,#1449);
#1447 = CARTESIAN_POINT('',(173.30293593288,-26.37814906711,-7.5E-02));
#1448 = DIRECTION('',(0.,0.,-1.));
#1449 = DIRECTION('',(-0.195092263891,-0.980784894138,-0.));
#1450 = ORIENTED_EDGE('',*,*,#1451,.T.);
#1451 = EDGE_CURVE('',#1443,#1452,#1454,.T.);
#1452 = VERTEX_POINT('',#1453);
#1453 = CARTESIAN_POINT('',(173.590794,-26.303149,-7.5E-02));
#1454 = LINE('',#1455,#1456);
#1455 = CARTESIAN_POINT('',(173.302936,-26.303149,-7.5E-02));
#1456 = VECTOR('',#1457,1.);
#1457 = DIRECTION('',(1.,0.,0.));
#1458 = ORIENTED_EDGE('',*,*,#1459,.T.);
#1459 = EDGE_CURVE('',#1452,#1460,#1462,.T.);
#1460 = VERTEX_POINT('',#1461);
#1461 = CARTESIAN_POINT('',(173.592235,-25.093517,-7.5E-02));
#1462 = LINE('',#1463,#1464);
#1463 = CARTESIAN_POINT('',(173.590794,-26.303149,-7.5E-02));
#1464 = VECTOR('',#1465,1.);
#1465 = DIRECTION('',(1.191270549654E-03,0.999999290437,0.));
#1466 = ORIENTED_EDGE('',*,*,#1467,.T.);
#1467 = EDGE_CURVE('',#1460,#1327,#1468,.T.);
#1468 = LINE('',#1469,#1470);
#1469 = CARTESIAN_POINT('',(173.592235,-25.093517,-7.5E-02));
#1470 = VECTOR('',#1471,1.);
#1471 = DIRECTION('',(0.47185745117,0.881674852639,0.));
#1472 = PLANE('',#1473);
#1473 = AXIS2_PLACEMENT_3D('',#1474,#1475,#1476);
#1474 = CARTESIAN_POINT('',(0.,0.,-7.5E-02));
#1475 = DIRECTION('',(-0.,-0.,-1.));
#1476 = DIRECTION('',(-1.,0.,0.));
#1477 = ( GEOMETRIC_REPRESENTATION_CONTEXT(3) 
GLOBAL_UNCERTAINTY_ASSIGNED_CONTEXT((#1481)) 
GLOBAL_UNIT_ASSIGNED_CONTEXT((#1478,#1479,#1480)) REPRESENTATION_CONTEXT
('Context #1','3D Context with UNIT and UNCERTAINTY') );
#1478 = ( LENGTH_UNIT() NAMED_UNIT(*) SI_UNIT(.MILLI.,.METRE.) );
#1479 = ( NAMED_UNIT(*) PLANE_ANGLE_UNIT() SI_UNIT($,.RADIAN.) );
#1480 = ( NAMED_UNIT(*) SI_UNIT($,.STERADIAN.) SOLID_ANGLE_UNIT() );
#1481 = UNCERTAINTY_MEASURE_WITH_UNIT(LENGTH_MEASURE(1.E-07),#1478,
  'distance_accuracy_value','confusion accuracy');
#1482 = CONTEXT_DEPENDENT_SHAPE_REPRESENTATION(#1483,#1485);
#1483 = ( REPRESENTATION_RELATIONSHIP('','',#650,#10) 
REPRESENTATION_RELATIONSHIP_WITH_TRANSFORMATION(#1484) 
SHAPE_REPRESENTATION_RELATIONSHIP() );
#1484 = ITEM_DEFINED_TRANSFORMATION('','',#11,#19);
#1485 = PRODUCT_DEFINITION_SHAPE('Placement','Placement of an item',
  #1486);
#1486 = NEXT_ASSEMBLY_USAGE_OCCURRENCE('2','=>[0:1:1:3]','',#5,#645,$);
#1487 = PRODUCT_RELATED_PRODUCT_CATEGORY('part',$,(#647));
#1488 = SHAPE_DEFINITION_REPRESENTATION(#1489,#1495);
#1489 = PRODUCT_DEFINITION_SHAPE('','',#1490);
#1490 = PRODUCT_DEFINITION('design','',#1491,#1494);
#1491 = PRODUCT_DEFINITION_FORMATION('','',#1492);
#1492 = PRODUCT('touch-pad-left_soldermask','touch-pad-left_soldermask',
  '',(#1493));
#1493 = PRODUCT_CONTEXT('',#2,'mechanical');
#1494 = PRODUCT_DEFINITION_CONTEXT('part definition',#2,'design');
#1495 = MANIFOLD_SURFACE_SHAPE_REPRESENTATION('',(#11,#1496),#4203);
#1496 = SHELL_BASED_SURFACE_MODEL('',(#1497));
#1497 = OPEN_SHELL('',(#1498));
#1498 = ADVANCED_FACE('',(#1499,#2540,#3348,#3876,#3903,#3930,#4064),
  #4198,.T.);
#1499 = FACE_BOUND('',#1500,.F.);
#1500 = EDGE_LOOP('',(#1501,#1512,#1520,#1528,#1536,#1544,#1553,#1561,
    #1569,#1577,#1585,#1594,#1602,#1610,#1618,#1627,#1635,#1643,#1651,
    #1660,#1668,#1676,#1684,#1693,#1701,#1709,#1717,#1726,#1734,#1742,
    #1750,#1759,#1767,#1775,#1783,#1792,#1800,#1808,#1816,#1825,#1833,
    #1841,#1849,#1858,#1866,#1874,#1882,#1891,#1899,#1907,#1915,#1924,
    #1932,#1940,#1948,#1956,#1965,#1973,#1981,#1990,#1998,#2006,#2014,
    #2023,#2031,#2039,#2048,#2056,#2064,#2072,#2080,#2089,#2097,#2105,
    #2113,#2122,#2130,#2138,#2146,#2155,#2163,#2171,#2179,#2188,#2196,
    #2204,#2212,#2221,#2229,#2237,#2245,#2254,#2262,#2270,#2278,#2287,
    #2295,#2303,#2311,#2320,#2328,#2336,#2344,#2353,#2361,#2369,#2377,
    #2386,#2394,#2402,#2410,#2419,#2427,#2435,#2443,#2452,#2460,#2468,
    #2476,#2485,#2493,#2501,#2509,#2518,#2526,#2534));
#1501 = ORIENTED_EDGE('',*,*,#1502,.T.);
#1502 = EDGE_CURVE('',#1503,#1505,#1507,.T.);
#1503 = VERTEX_POINT('',#1504);
#1504 = CARTESIAN_POINT('',(164.257275,-22.675787,0.96));
#1505 = VERTEX_POINT('',#1506);
#1506 = CARTESIAN_POINT('',(164.926419,-22.138038,0.96));
#1507 = CIRCLE('',#1508,0.80276827793);
#1508 = AXIS2_PLACEMENT_3D('',#1509,#1510,#1511);
#1509 = CARTESIAN_POINT('',(165.01680189636,-22.93570198946,0.96));
#1510 = DIRECTION('',(0.,0.,-1.));
#1511 = DIRECTION('',(-0.946134665812,0.323773368498,0.));
#1512 = ORIENTED_EDGE('',*,*,#1513,.T.);
#1513 = EDGE_CURVE('',#1505,#1514,#1516,.T.);
#1514 = VERTEX_POINT('',#1515);
#1515 = CARTESIAN_POINT('',(165.0168,-22.135657,0.96));
#1516 = LINE('',#1517,#1518);
#1517 = CARTESIAN_POINT('',(164.926419,-22.138038,0.96));
#1518 = VECTOR('',#1519,1.);
#1519 = DIRECTION('',(0.99965317649,2.633489575492E-02,0.));
#1520 = ORIENTED_EDGE('',*,*,#1521,.T.);
#1521 = EDGE_CURVE('',#1514,#1522,#1524,.T.);
#1522 = VERTEX_POINT('',#1523);
#1523 = CARTESIAN_POINT('',(209.218861,-22.135657,0.96));
#1524 = LINE('',#1525,#1526);
#1525 = CARTESIAN_POINT('',(165.0168,-22.135657,0.96));
#1526 = VECTOR('',#1527,1.);
#1527 = DIRECTION('',(1.,0.,0.));
#1528 = ORIENTED_EDGE('',*,*,#1529,.T.);
#1529 = EDGE_CURVE('',#1522,#1530,#1532,.T.);
#1530 = VERTEX_POINT('',#1531);
#1531 = CARTESIAN_POINT('',(209.218861,-25.404657,0.96));
#1532 = LINE('',#1533,#1534);
#1533 = CARTESIAN_POINT('',(209.218861,-22.135657,0.96));
#1534 = VECTOR('',#1535,1.);
#1535 = DIRECTION('',(0.,-1.,0.));
#1536 = ORIENTED_EDGE('',*,*,#1537,.T.);
#1537 = EDGE_CURVE('',#1530,#1538,#1540,.T.);
#1538 = VERTEX_POINT('',#1539);
#1539 = CARTESIAN_POINT('',(209.221399,-25.579239,0.96));
#1540 = LINE('',#1541,#1542);
#1541 = CARTESIAN_POINT('',(209.218861,-25.404657,0.96));
#1542 = VECTOR('',#1543,1.);
#1543 = DIRECTION('',(1.45360452419E-02,-0.999894346113,0.));
#1544 = ORIENTED_EDGE('',*,*,#1545,.T.);
#1545 = EDGE_CURVE('',#1538,#1546,#1548,.T.);
#1546 = VERTEX_POINT('',#1547);
#1547 = CARTESIAN_POINT('',(215.216323,-25.579239,0.96));
#1548 = CIRCLE('',#1549,3.002541797452);
#1549 = AXIS2_PLACEMENT_3D('',#1550,#1551,#1552);
#1550 = CARTESIAN_POINT('',(212.218861,-25.40465720254,0.96));
#1551 = DIRECTION('',(0.,0.,1.));
#1552 = DIRECTION('',(-0.998308167614,-5.814466849389E-02,0.));
#1553 = ORIENTED_EDGE('',*,*,#1554,.T.);
#1554 = EDGE_CURVE('',#1546,#1555,#1557,.T.);
#1555 = VERTEX_POINT('',#1556);
#1556 = CARTESIAN_POINT('',(215.218861,-25.404657,0.96));
#1557 = LINE('',#1558,#1559);
#1558 = CARTESIAN_POINT('',(215.216323,-25.579239,0.96));
#1559 = VECTOR('',#1560,1.);
#1560 = DIRECTION('',(1.453604524207E-02,0.999894346113,0.));
#1561 = ORIENTED_EDGE('',*,*,#1562,.T.);
#1562 = EDGE_CURVE('',#1555,#1563,#1565,.T.);
#1563 = VERTEX_POINT('',#1564);
#1564 = CARTESIAN_POINT('',(215.218861,-22.135657,0.96));
#1565 = LINE('',#1566,#1567);
#1566 = CARTESIAN_POINT('',(215.218861,-25.404657,0.96));
#1567 = VECTOR('',#1568,1.);
#1568 = DIRECTION('',(0.,1.,0.));
#1569 = ORIENTED_EDGE('',*,*,#1570,.T.);
#1570 = EDGE_CURVE('',#1563,#1571,#1573,.T.);
#1571 = VERTEX_POINT('',#1572);
#1572 = CARTESIAN_POINT('',(221.347675,-22.135657,0.96));
#1573 = LINE('',#1574,#1575);
#1574 = CARTESIAN_POINT('',(215.218861,-22.135657,0.96));
#1575 = VECTOR('',#1576,1.);
#1576 = DIRECTION('',(1.,0.,0.));
#1577 = ORIENTED_EDGE('',*,*,#1578,.T.);
#1578 = EDGE_CURVE('',#1571,#1579,#1581,.T.);
#1579 = VERTEX_POINT('',#1580);
#1580 = CARTESIAN_POINT('',(221.438051,-22.138093,0.96));
#1581 = LINE('',#1582,#1583);
#1582 = CARTESIAN_POINT('',(221.347675,-22.135657,0.96));
#1583 = VECTOR('',#1584,1.);
#1584 = DIRECTION('',(0.99963693718,-2.694427258314E-02,0.));
#1585 = ORIENTED_EDGE('',*,*,#1586,.T.);
#1586 = EDGE_CURVE('',#1579,#1587,#1589,.T.);
#1587 = VERTEX_POINT('',#1588);
#1588 = CARTESIAN_POINT('',(222.107168,-22.675799,0.96));
#1589 = CIRCLE('',#1590,0.802707827158);
#1590 = AXIS2_PLACEMENT_3D('',#1591,#1592,#1593);
#1591 = CARTESIAN_POINT('',(221.3477001337,-22.93569978077,0.96));
#1592 = DIRECTION('',(0.,0.,-1.));
#1593 = DIRECTION('',(0.11255759971,0.993645201643,0.));
#1594 = ORIENTED_EDGE('',*,*,#1595,.T.);
#1595 = EDGE_CURVE('',#1587,#1596,#1598,.T.);
#1596 = VERTEX_POINT('',#1597);
#1597 = CARTESIAN_POINT('',(222.128942,-22.763545,0.96));
#1598 = LINE('',#1599,#1600);
#1599 = CARTESIAN_POINT('',(222.107168,-22.675799,0.96));
#1600 = VECTOR('',#1601,1.);
#1601 = DIRECTION('',(0.24084356446,-0.970563948155,0.));
#1602 = ORIENTED_EDGE('',*,*,#1603,.T.);
#1603 = EDGE_CURVE('',#1596,#1604,#1606,.T.);
#1604 = VERTEX_POINT('',#1605);
#1605 = CARTESIAN_POINT('',(222.638681,-40.898423,0.96));
#1606 = LINE('',#1607,#1608);
#1607 = CARTESIAN_POINT('',(222.128942,-22.763545,0.96));
#1608 = VECTOR('',#1609,1.);
#1609 = DIRECTION('',(2.809711507784E-02,-0.999605198128,0.));
#1610 = ORIENTED_EDGE('',*,*,#1611,.T.);
#1611 = EDGE_CURVE('',#1604,#1612,#1614,.T.);
#1612 = VERTEX_POINT('',#1613);
#1613 = CARTESIAN_POINT('',(222.636257,-40.96139,0.96));
#1614 = LINE('',#1615,#1616);
#1615 = CARTESIAN_POINT('',(222.638681,-40.898423,0.96));
#1616 = VECTOR('',#1617,1.);
#1617 = DIRECTION('',(-3.846786168997E-02,-0.999259837889,0.));
#1618 = ORIENTED_EDGE('',*,*,#1619,.T.);
#1619 = EDGE_CURVE('',#1612,#1620,#1622,.T.);
#1620 = VERTEX_POINT('',#1621);
#1621 = CARTESIAN_POINT('',(222.301648,-41.295963,0.96));
#1622 = CIRCLE('',#1623,0.402514229922);
#1623 = AXIS2_PLACEMENT_3D('',#1624,#1625,#1626);
#1624 = CARTESIAN_POINT('',(222.23870184638,-40.89840107144,0.96));
#1625 = DIRECTION('',(0.,0.,-1.));
#1626 = DIRECTION('',(0.987679749103,-0.156488699951,0.));
#1627 = ORIENTED_EDGE('',*,*,#1628,.T.);
#1628 = EDGE_CURVE('',#1620,#1629,#1631,.T.);
#1629 = VERTEX_POINT('',#1630);
#1630 = CARTESIAN_POINT('',(222.238681,-41.298423,0.96));
#1631 = LINE('',#1632,#1633);
#1632 = CARTESIAN_POINT('',(222.301648,-41.295963,0.96));
#1633 = VECTOR('',#1634,1.);
#1634 = DIRECTION('',(-0.999237714939,-3.903830226546E-02,0.));
#1635 = ORIENTED_EDGE('',*,*,#1636,.T.);
#1636 = EDGE_CURVE('',#1629,#1637,#1639,.T.);
#1637 = VERTEX_POINT('',#1638);
#1638 = CARTESIAN_POINT('',(220.809093,-41.301363,0.96));
#1639 = LINE('',#1640,#1641);
#1640 = CARTESIAN_POINT('',(222.238681,-41.298423,0.96));
#1641 = VECTOR('',#1642,1.);
#1642 = DIRECTION('',(-0.999997885335,-2.056532219694E-03,0.));
#1643 = ORIENTED_EDGE('',*,*,#1644,.T.);
#1644 = EDGE_CURVE('',#1637,#1645,#1647,.T.);
#1645 = VERTEX_POINT('',#1646);
#1646 = CARTESIAN_POINT('',(220.746133,-41.303856,0.96));
#1647 = LINE('',#1648,#1649);
#1648 = CARTESIAN_POINT('',(220.809093,-41.301363,0.96));
#1649 = VECTOR('',#1650,1.);
#1650 = DIRECTION('',(-0.999216976502,-3.956556420616E-02,0.));
#1651 = ORIENTED_EDGE('',*,*,#1652,.T.);
#1652 = EDGE_CURVE('',#1645,#1653,#1655,.T.);
#1653 = VERTEX_POINT('',#1654);
#1654 = CARTESIAN_POINT('',(220.411561,-41.638403,0.96));
#1655 = CIRCLE('',#1656,0.402498098189);
#1656 = AXIS2_PLACEMENT_3D('',#1657,#1658,#1659);
#1657 = CARTESIAN_POINT('',(220.80909878133,-41.70139848757,0.96));
#1658 = DIRECTION('',(0.,0.,1.));
#1659 = DIRECTION('',(-0.156437462987,0.987687865762,0.));
#1660 = ORIENTED_EDGE('',*,*,#1661,.T.);
#1661 = EDGE_CURVE('',#1653,#1662,#1664,.T.);
#1662 = VERTEX_POINT('',#1663);
#1663 = CARTESIAN_POINT('',(220.409093,-41.701363,0.96));
#1664 = LINE('',#1665,#1666);
#1665 = CARTESIAN_POINT('',(220.411561,-41.638403,0.96));
#1666 = VECTOR('',#1667,1.);
#1667 = DIRECTION('',(-3.91694094321E-02,-0.999232584219,0.));
#1668 = ORIENTED_EDGE('',*,*,#1669,.T.);
#1669 = EDGE_CURVE('',#1662,#1670,#1672,.T.);
#1670 = VERTEX_POINT('',#1671);
#1671 = CARTESIAN_POINT('',(220.409093,-44.901363,0.96));
#1672 = LINE('',#1673,#1674);
#1673 = CARTESIAN_POINT('',(220.409093,-41.701363,0.96));
#1674 = VECTOR('',#1675,1.);
#1675 = DIRECTION('',(0.,-1.,0.));
#1676 = ORIENTED_EDGE('',*,*,#1677,.T.);
#1677 = EDGE_CURVE('',#1670,#1678,#1680,.T.);
#1678 = VERTEX_POINT('',#1679);
#1679 = CARTESIAN_POINT('',(220.411325,-44.964367,0.96));
#1680 = LINE('',#1681,#1682);
#1681 = CARTESIAN_POINT('',(220.409093,-44.901363,0.96));
#1682 = VECTOR('',#1683,1.);
#1683 = DIRECTION('',(3.540411259353E-02,-0.99937307789,0.));
#1684 = ORIENTED_EDGE('',*,*,#1685,.T.);
#1685 = EDGE_CURVE('',#1678,#1686,#1688,.T.);
#1686 = VERTEX_POINT('',#1687);
#1687 = CARTESIAN_POINT('',(220.74609,-45.299168,0.96));
#1688 = CIRCLE('',#1689,0.402728387031);
#1689 = AXIS2_PLACEMENT_3D('',#1690,#1691,#1692);
#1690 = CARTESIAN_POINT('',(220.8091003597,-44.90139941364,0.96));
#1691 = DIRECTION('',(0.,0.,1.));
#1692 = DIRECTION('',(-0.987701320581,-0.156352490617,0.));
#1693 = ORIENTED_EDGE('',*,*,#1694,.T.);
#1694 = EDGE_CURVE('',#1686,#1695,#1697,.T.);
#1695 = VERTEX_POINT('',#1696);
#1696 = CARTESIAN_POINT('',(220.809093,-45.301363,0.96));
#1697 = LINE('',#1698,#1699);
#1698 = CARTESIAN_POINT('',(220.74609,-45.299168,0.96));
#1699 = VECTOR('',#1700,1.);
#1700 = DIRECTION('',(0.999393652691,-3.481848590794E-02,0.));
#1701 = ORIENTED_EDGE('',*,*,#1702,.T.);
#1702 = EDGE_CURVE('',#1695,#1703,#1705,.T.);
#1703 = VERTEX_POINT('',#1704);
#1704 = CARTESIAN_POINT('',(222.344271,-45.301363,0.96));
#1705 = LINE('',#1706,#1707);
#1706 = CARTESIAN_POINT('',(220.809093,-45.301363,0.96));
#1707 = VECTOR('',#1708,1.);
#1708 = DIRECTION('',(1.,0.,0.));
#1709 = ORIENTED_EDGE('',*,*,#1710,.T.);
#1710 = EDGE_CURVE('',#1703,#1711,#1713,.T.);
#1711 = VERTEX_POINT('',#1712);
#1712 = CARTESIAN_POINT('',(222.40723,-45.303886,0.96));
#1713 = LINE('',#1714,#1715);
#1714 = CARTESIAN_POINT('',(222.344271,-45.301363,0.96));
#1715 = VECTOR('',#1716,1.);
#1716 = DIRECTION('',(0.999198015136,-4.004156025644E-02,0.));
#1717 = ORIENTED_EDGE('',*,*,#1718,.T.);
#1718 = EDGE_CURVE('',#1711,#1719,#1721,.T.);
#1719 = VERTEX_POINT('',#1720);
#1720 = CARTESIAN_POINT('',(222.741803,-45.638405,0.96));
#1721 = CIRCLE('',#1722,0.402461229624);
#1722 = AXIS2_PLACEMENT_3D('',#1723,#1724,#1725);
#1723 = CARTESIAN_POINT('',(222.34430201758,-45.70139714497,0.96));
#1724 = DIRECTION('',(0.,0.,-1.));
#1725 = DIRECTION('',(0.15635787446,0.987700468307,0.));
#1726 = ORIENTED_EDGE('',*,*,#1727,.T.);
#1727 = EDGE_CURVE('',#1719,#1728,#1730,.T.);
#1728 = VERTEX_POINT('',#1729);
#1729 = CARTESIAN_POINT('',(222.744271,-45.701363,0.96));
#1730 = LINE('',#1731,#1732);
#1731 = CARTESIAN_POINT('',(222.741803,-45.638405,0.96));
#1732 = VECTOR('',#1733,1.);
#1733 = DIRECTION('',(3.91706518258E-02,-0.999232535517,0.));
#1734 = ORIENTED_EDGE('',*,*,#1735,.T.);
#1735 = EDGE_CURVE('',#1728,#1736,#1738,.T.);
#1736 = VERTEX_POINT('',#1737);
#1737 = CARTESIAN_POINT('',(223.485905,-72.252273,0.96));
#1738 = LINE('',#1739,#1740);
#1739 = CARTESIAN_POINT('',(222.744271,-45.701363,0.96));
#1740 = VECTOR('',#1741,1.);
#1741 = DIRECTION('',(2.792163613644E-02,-0.999610115113,0.));
#1742 = ORIENTED_EDGE('',*,*,#1743,.T.);
#1743 = EDGE_CURVE('',#1736,#1744,#1746,.T.);
#1744 = VERTEX_POINT('',#1745);
#1745 = CARTESIAN_POINT('',(223.464075,-72.340007,0.96));
#1746 = LINE('',#1747,#1748);
#1747 = CARTESIAN_POINT('',(223.485905,-72.252273,0.96));
#1748 = VECTOR('',#1749,1.);
#1749 = DIRECTION('',(-0.241458020036,-0.970411265681,0.));
#1750 = ORIENTED_EDGE('',*,*,#1751,.T.);
#1751 = EDGE_CURVE('',#1744,#1752,#1754,.T.);
#1752 = VERTEX_POINT('',#1753);
#1753 = CARTESIAN_POINT('',(222.795013,-72.877776,0.96));
#1754 = CIRCLE('',#1755,0.802682603586);
#1755 = AXIS2_PLACEMENT_3D('',#1756,#1757,#1758);
#1756 = CARTESIAN_POINT('',(222.70460118896,-72.08020151036,0.96));
#1757 = DIRECTION('',(0.,0.,-1.));
#1758 = DIRECTION('',(0.946169516625,-0.323671509111,0.));
#1759 = ORIENTED_EDGE('',*,*,#1760,.T.);
#1760 = EDGE_CURVE('',#1752,#1761,#1763,.T.);
#1761 = VERTEX_POINT('',#1762);
#1762 = CARTESIAN_POINT('',(222.704638,-72.880161,0.96));
#1763 = LINE('',#1764,#1765);
#1764 = CARTESIAN_POINT('',(222.795013,-72.877776,0.96));
#1765 = VECTOR('',#1766,1.);
#1766 = DIRECTION('',(-0.999651964632,-2.638085682602E-02,0.));
#1767 = ORIENTED_EDGE('',*,*,#1768,.T.);
#1768 = EDGE_CURVE('',#1761,#1769,#1771,.T.);
#1769 = VERTEX_POINT('',#1770);
#1770 = CARTESIAN_POINT('',(208.90587,-72.880161,0.96));
#1771 = LINE('',#1772,#1773);
#1772 = CARTESIAN_POINT('',(222.704638,-72.880161,0.96));
#1773 = VECTOR('',#1774,1.);
#1774 = DIRECTION('',(-1.,0.,0.));
#1775 = ORIENTED_EDGE('',*,*,#1776,.T.);
#1776 = EDGE_CURVE('',#1769,#1777,#1779,.T.);
#1777 = VERTEX_POINT('',#1778);
#1778 = CARTESIAN_POINT('',(208.815991,-72.877842,0.96));
#1779 = LINE('',#1780,#1781);
#1780 = CARTESIAN_POINT('',(208.90587,-72.880161,0.96));
#1781 = VECTOR('',#1782,1.);
#1782 = DIRECTION('',(-0.999667311133,2.579277133164E-02,0.));
#1783 = ORIENTED_EDGE('',*,*,#1784,.T.);
#1784 = EDGE_CURVE('',#1777,#1785,#1787,.T.);
#1785 = VERTEX_POINT('',#1786);
#1786 = CARTESIAN_POINT('',(208.108162,-72.170047,0.96));
#1787 = CIRCLE('',#1788,0.802684655166);
#1788 = AXIS2_PLACEMENT_3D('',#1789,#1790,#1791);
#1789 = CARTESIAN_POINT('',(208.90580210514,-72.08019757982,0.96));
#1790 = DIRECTION('',(0.,0.,-1.));
#1791 = DIRECTION('',(-0.111888404202,-0.993720778189,-0.));
#1792 = ORIENTED_EDGE('',*,*,#1793,.T.);
#1793 = EDGE_CURVE('',#1785,#1794,#1796,.T.);
#1794 = VERTEX_POINT('',#1795);
#1795 = CARTESIAN_POINT('',(208.105841,-72.080168,0.96));
#1796 = LINE('',#1797,#1798);
#1797 = CARTESIAN_POINT('',(208.108162,-72.170047,0.96));
#1798 = VECTOR('',#1799,1.);
#1799 = DIRECTION('',(-2.58150012497E-02,0.999666737323,0.));
#1800 = ORIENTED_EDGE('',*,*,#1801,.T.);
#1801 = EDGE_CURVE('',#1794,#1802,#1804,.T.);
#1802 = VERTEX_POINT('',#1803);
#1803 = CARTESIAN_POINT('',(208.105841,-56.572825,0.96));
#1804 = LINE('',#1805,#1806);
#1805 = CARTESIAN_POINT('',(208.105841,-72.080168,0.96));
#1806 = VECTOR('',#1807,1.);
#1807 = DIRECTION('',(0.,1.,0.));
#1808 = ORIENTED_EDGE('',*,*,#1809,.T.);
#1809 = EDGE_CURVE('',#1802,#1810,#1812,.T.);
#1810 = VERTEX_POINT('',#1811);
#1811 = CARTESIAN_POINT('',(208.108147,-56.482947,0.96));
#1812 = LINE('',#1813,#1814);
#1813 = CARTESIAN_POINT('',(208.105841,-56.572825,0.96));
#1814 = VECTOR('',#1815,1.);
#1815 = DIRECTION('',(2.564856111265E-02,0.999671021543,0.));
#1816 = ORIENTED_EDGE('',*,*,#1817,.T.);
#1817 = EDGE_CURVE('',#1810,#1818,#1820,.T.);
#1818 = VERTEX_POINT('',#1819);
#1819 = CARTESIAN_POINT('',(208.815963,-55.775145,0.96));
#1820 = CIRCLE('',#1821,0.802696328098);
#1821 = AXIS2_PLACEMENT_3D('',#1822,#1823,#1824);
#1822 = CARTESIAN_POINT('',(208.90579862828,-56.57279840532,0.96));
#1823 = DIRECTION('',(0.,0.,-1.));
#1824 = DIRECTION('',(-0.993715307223,0.111936983121,0.));
#1825 = ORIENTED_EDGE('',*,*,#1826,.T.);
#1826 = EDGE_CURVE('',#1818,#1827,#1829,.T.);
#1827 = VERTEX_POINT('',#1828);
#1828 = CARTESIAN_POINT('',(208.905841,-55.772825,0.96));
#1829 = LINE('',#1830,#1831);
#1830 = CARTESIAN_POINT('',(208.815963,-55.775145,0.96));
#1831 = VECTOR('',#1832,1.);
#1832 = DIRECTION('',(0.999667016884,2.58041732034E-02,0.));
#1833 = ORIENTED_EDGE('',*,*,#1834,.T.);
#1834 = EDGE_CURVE('',#1827,#1835,#1837,.T.);
#1835 = VERTEX_POINT('',#1836);
#1836 = CARTESIAN_POINT('',(209.630641,-55.77279,0.96));
#1837 = LINE('',#1838,#1839);
#1838 = CARTESIAN_POINT('',(208.905841,-55.772825,0.96));
#1839 = VECTOR('',#1840,1.);
#1840 = DIRECTION('',(0.999999998834,4.828918316238E-05,0.));
#1841 = ORIENTED_EDGE('',*,*,#1842,.T.);
#1842 = EDGE_CURVE('',#1835,#1843,#1845,.T.);
#1843 = VERTEX_POINT('',#1844);
#1844 = CARTESIAN_POINT('',(209.720498,-55.770319,0.96));
#1845 = LINE('',#1846,#1847);
#1846 = CARTESIAN_POINT('',(209.630641,-55.77279,0.96));
#1847 = VECTOR('',#1848,1.);
#1848 = DIRECTION('',(0.999622109967,2.748885711439E-02,0.));
#1849 = ORIENTED_EDGE('',*,*,#1850,.T.);
#1850 = EDGE_CURVE('',#1843,#1851,#1853,.T.);
#1851 = VERTEX_POINT('',#1852);
#1852 = CARTESIAN_POINT('',(210.428125,-55.062648,0.96));
#1853 = CIRCLE('',#1854,0.802570651026);
#1854 = AXIS2_PLACEMENT_3D('',#1855,#1856,#1857);
#1855 = CARTESIAN_POINT('',(209.63059955647,-54.97279914461,0.96));
#1856 = DIRECTION('',(0.,0.,1.));
#1857 = DIRECTION('',(0.112013121104,-0.993706727712,0.));
#1858 = ORIENTED_EDGE('',*,*,#1859,.T.);
#1859 = EDGE_CURVE('',#1851,#1860,#1862,.T.);
#1860 = VERTEX_POINT('',#1861);
#1861 = CARTESIAN_POINT('',(210.430639,-54.972791,0.96));
#1862 = LINE('',#1863,#1864);
#1863 = CARTESIAN_POINT('',(210.428125,-55.062648,0.96));
#1864 = VECTOR('',#1865,1.);
#1865 = DIRECTION('',(2.796684345432E-02,0.999608851335,0.));
#1866 = ORIENTED_EDGE('',*,*,#1867,.T.);
#1867 = EDGE_CURVE('',#1860,#1868,#1870,.T.);
#1868 = VERTEX_POINT('',#1869);
#1869 = CARTESIAN_POINT('',(210.430639,-50.898422,0.96));
#1870 = LINE('',#1871,#1872);
#1871 = CARTESIAN_POINT('',(210.430639,-54.972791,0.96));
#1872 = VECTOR('',#1873,1.);
#1873 = DIRECTION('',(0.,1.,0.));
#1874 = ORIENTED_EDGE('',*,*,#1875,.T.);
#1875 = EDGE_CURVE('',#1868,#1876,#1878,.T.);
#1876 = VERTEX_POINT('',#1877);
#1877 = CARTESIAN_POINT('',(210.428065,-50.808571,0.96));
#1878 = LINE('',#1879,#1880);
#1879 = CARTESIAN_POINT('',(210.430639,-50.898422,0.96));
#1880 = VECTOR('',#1881,1.);
#1881 = DIRECTION('',(-2.863567952298E-02,0.999589914844,0.));
#1882 = ORIENTED_EDGE('',*,*,#1883,.T.);
#1883 = EDGE_CURVE('',#1876,#1884,#1886,.T.);
#1884 = VERTEX_POINT('',#1885);
#1885 = CARTESIAN_POINT('',(209.720492,-50.100942,0.96));
#1886 = CIRCLE('',#1887,0.802509128713);
#1887 = AXIS2_PLACEMENT_3D('',#1888,#1889,#1890);
#1888 = CARTESIAN_POINT('',(209.63059929771,-50.89840059061,0.96));
#1889 = DIRECTION('',(0.,0.,1.));
#1890 = DIRECTION('',(0.993715427963,0.111935911256,-0.));
#1891 = ORIENTED_EDGE('',*,*,#1892,.T.);
#1892 = EDGE_CURVE('',#1884,#1893,#1895,.T.);
#1893 = VERTEX_POINT('',#1894);
#1894 = CARTESIAN_POINT('',(209.630641,-50.098423,0.96));
#1895 = LINE('',#1896,#1897);
#1896 = CARTESIAN_POINT('',(209.720492,-50.100942,0.96));
#1897 = VECTOR('',#1898,1.);
#1898 = DIRECTION('',(-0.999607242405,2.802429181227E-02,0.));
#1899 = ORIENTED_EDGE('',*,*,#1900,.T.);
#1900 = EDGE_CURVE('',#1893,#1901,#1903,.T.);
#1901 = VERTEX_POINT('',#1902);
#1902 = CARTESIAN_POINT('',(208.905797,-50.098458,0.96));
#1903 = LINE('',#1904,#1905);
#1904 = CARTESIAN_POINT('',(209.630641,-50.098423,0.96));
#1905 = VECTOR('',#1906,1.);
#1906 = DIRECTION('',(-0.999999998834,-4.828625188758E-05,0.));
#1907 = ORIENTED_EDGE('',*,*,#1908,.T.);
#1908 = EDGE_CURVE('',#1901,#1909,#1911,.T.);
#1909 = VERTEX_POINT('',#1910);
#1910 = CARTESIAN_POINT('',(208.815917,-50.096178,0.96));
#1911 = LINE('',#1912,#1913);
#1912 = CARTESIAN_POINT('',(208.905797,-50.098458,0.96));
#1913 = VECTOR('',#1914,1.);
#1914 = DIRECTION('',(-0.999678408891,2.535899835636E-02,0.));
#1915 = ORIENTED_EDGE('',*,*,#1916,.T.);
#1916 = EDGE_CURVE('',#1909,#1917,#1919,.T.);
#1917 = VERTEX_POINT('',#1918);
#1918 = CARTESIAN_POINT('',(208.108117,-49.388338,0.96));
#1919 = CIRCLE('',#1920,0.802726157269);
#1920 = AXIS2_PLACEMENT_3D('',#1921,#1922,#1923);
#1921 = CARTESIAN_POINT('',(208.90580014809,-49.29849993006,0.96));
#1922 = DIRECTION('',(0.,0.,-1.));
#1923 = DIRECTION('',(-0.111972367265,-0.993711320741,-0.));
#1924 = ORIENTED_EDGE('',*,*,#1925,.T.);
#1925 = EDGE_CURVE('',#1917,#1926,#1928,.T.);
#1926 = VERTEX_POINT('',#1927);
#1927 = CARTESIAN_POINT('',(208.105797,-49.298458,0.96));
#1928 = LINE('',#1929,#1930);
#1929 = CARTESIAN_POINT('',(208.108117,-49.388338,0.96));
#1930 = VECTOR('',#1931,1.);
#1931 = DIRECTION('',(-2.580359939397E-02,0.999667031695,0.));
#1932 = ORIENTED_EDGE('',*,*,#1933,.T.);
#1933 = EDGE_CURVE('',#1926,#1934,#1936,.T.);
#1934 = VERTEX_POINT('',#1935);
#1935 = CARTESIAN_POINT('',(208.105792,-30.455414,0.96));
#1936 = LINE('',#1937,#1938);
#1937 = CARTESIAN_POINT('',(208.105797,-49.298458,0.96));
#1938 = VECTOR('',#1939,1.);
#1939 = DIRECTION('',(-2.653499077631E-07,1.,0.));
#1940 = ORIENTED_EDGE('',*,*,#1941,.T.);
#1941 = EDGE_CURVE('',#1934,#1942,#1944,.T.);
#1942 = VERTEX_POINT('',#1943);
#1943 = CARTESIAN_POINT('',(203.795517,-30.448061,0.96));
#1944 = LINE('',#1945,#1946);
#1945 = CARTESIAN_POINT('',(208.105792,-30.455414,0.96));
#1946 = VECTOR('',#1947,1.);
#1947 = DIRECTION('',(-0.999998544915,1.7059211537E-03,0.));
#1948 = ORIENTED_EDGE('',*,*,#1949,.T.);
#1949 = EDGE_CURVE('',#1942,#1950,#1952,.T.);
#1950 = VERTEX_POINT('',#1951);
#1951 = CARTESIAN_POINT('',(203.705711,-30.445177,0.96));
#1952 = LINE('',#1953,#1954);
#1953 = CARTESIAN_POINT('',(203.795517,-30.448061,0.96));
#1954 = VECTOR('',#1955,1.);
#1955 = DIRECTION('',(-0.999484754679,3.209712082146E-02,0.));
#1956 = ORIENTED_EDGE('',*,*,#1957,.T.);
#1957 = EDGE_CURVE('',#1950,#1958,#1960,.T.);
#1958 = VERTEX_POINT('',#1959);
#1959 = CARTESIAN_POINT('',(203.109627,-29.855463,0.96));
#1960 = CIRCLE('',#1961,0.692722393685);
#1961 = AXIS2_PLACEMENT_3D('',#1962,#1963,#1964);
#1962 = CARTESIAN_POINT('',(203.79550117174,-29.75829852474,0.96));
#1963 = DIRECTION('',(0.,0.,-1.));
#1964 = DIRECTION('',(-0.129619271095,-0.991563837865,-0.));
#1965 = ORIENTED_EDGE('',*,*,#1966,.T.);
#1966 = EDGE_CURVE('',#1958,#1967,#1969,.T.);
#1967 = VERTEX_POINT('',#1968);
#1968 = CARTESIAN_POINT('',(203.105795,-29.765693,0.96));
#1969 = LINE('',#1970,#1971);
#1970 = CARTESIAN_POINT('',(203.109627,-29.855463,0.96));
#1971 = VECTOR('',#1972,1.);
#1972 = DIRECTION('',(-4.264802817256E-02,0.999090158941,0.));
#1973 = ORIENTED_EDGE('',*,*,#1974,.T.);
#1974 = EDGE_CURVE('',#1967,#1975,#1977,.T.);
#1975 = VERTEX_POINT('',#1976);
#1976 = CARTESIAN_POINT('',(203.103389,-29.617854,0.96));
#1977 = LINE('',#1978,#1979);
#1978 = CARTESIAN_POINT('',(203.105795,-29.765693,0.96));
#1979 = VECTOR('',#1980,1.);
#1980 = DIRECTION('',(-1.627230594786E-02,0.999867597264,0.));
#1981 = ORIENTED_EDGE('',*,*,#1982,.T.);
#1982 = EDGE_CURVE('',#1975,#1983,#1985,.T.);
#1983 = VERTEX_POINT('',#1984);
#1984 = CARTESIAN_POINT('',(200.995634,-27.51011,0.96));
#1985 = CIRCLE('',#1986,2.260429003891);
#1986 = AXIS2_PLACEMENT_3D('',#1987,#1988,#1989);
#1987 = CARTESIAN_POINT('',(200.84780017214,-29.76569959941,0.96));
#1988 = DIRECTION('',(0.,0.,1.));
#1989 = DIRECTION('',(0.997858735655,6.540599114447E-02,-0.));
#1990 = ORIENTED_EDGE('',*,*,#1991,.T.);
#1991 = EDGE_CURVE('',#1983,#1992,#1994,.T.);
#1992 = VERTEX_POINT('',#1993);
#1993 = CARTESIAN_POINT('',(200.847795,-27.507693,0.96));
#1994 = LINE('',#1995,#1996);
#1995 = CARTESIAN_POINT('',(200.995634,-27.51011,0.96));
#1996 = VECTOR('',#1997,1.);
#1997 = DIRECTION('',(-0.999866384075,1.634668152727E-02,0.));
#1998 = ORIENTED_EDGE('',*,*,#1999,.T.);
#1999 = EDGE_CURVE('',#1992,#2000,#2002,.T.);
#2000 = VERTEX_POINT('',#2001);
#2001 = CARTESIAN_POINT('',(185.463794,-27.507666,0.96));
#2002 = LINE('',#2003,#2004);
#2003 = CARTESIAN_POINT('',(200.847795,-27.507693,0.96));
#2004 = VECTOR('',#2005,1.);
#2005 = DIRECTION('',(-0.999999999998,1.755070088678E-06,0.));
#2006 = ORIENTED_EDGE('',*,*,#2007,.T.);
#2007 = EDGE_CURVE('',#2000,#2008,#2010,.T.);
#2008 = VERTEX_POINT('',#2009);
#2009 = CARTESIAN_POINT('',(185.315957,-27.510112,0.96));
#2010 = LINE('',#2011,#2012);
#2011 = CARTESIAN_POINT('',(185.463794,-27.507666,0.96));
#2012 = VECTOR('',#2013,1.);
#2013 = DIRECTION('',(-0.99986315546,-1.654298503253E-02,0.));
#2014 = ORIENTED_EDGE('',*,*,#2015,.T.);
#2015 = EDGE_CURVE('',#2008,#2016,#2018,.T.);
#2016 = VERTEX_POINT('',#2017);
#2017 = CARTESIAN_POINT('',(183.208213,-29.617829,0.96));
#2018 = CIRCLE('',#2019,2.260428260826);
#2019 = AXIS2_PLACEMENT_3D('',#2020,#2021,#2022);
#2020 = CARTESIAN_POINT('',(185.46379939893,-29.76570029297,0.96));
#2021 = DIRECTION('',(0.,0.,1.));
#2022 = DIRECTION('',(-6.540459677294E-02,0.99785882705,0.));
#2023 = ORIENTED_EDGE('',*,*,#2024,.T.);
#2024 = EDGE_CURVE('',#2016,#2025,#2027,.T.);
#2025 = VERTEX_POINT('',#2026);
#2026 = CARTESIAN_POINT('',(183.205794,-29.765666,0.96));
#2027 = LINE('',#2028,#2029);
#2028 = CARTESIAN_POINT('',(183.208213,-29.617829,0.96));
#2029 = VECTOR('',#2030,1.);
#2030 = DIRECTION('',(-1.636042559916E-02,-0.99986615928,0.));
#2031 = ORIENTED_EDGE('',*,*,#2032,.T.);
#2032 = EDGE_CURVE('',#2025,#2033,#2035,.T.);
#2033 = VERTEX_POINT('',#2034);
#2034 = CARTESIAN_POINT('',(183.201987,-29.855445,0.96));
#2035 = LINE('',#2036,#2037);
#2036 = CARTESIAN_POINT('',(183.205794,-29.765666,0.96));
#2037 = VECTOR('',#2038,1.);
#2038 = DIRECTION('',(-4.236605338373E-02,-0.999102155698,0.));
#2039 = ORIENTED_EDGE('',*,*,#2040,.T.);
#2040 = EDGE_CURVE('',#2033,#2041,#2043,.T.);
#2041 = VERTEX_POINT('',#2042);
#2042 = CARTESIAN_POINT('',(182.605924,-30.44527,0.96));
#2043 = CIRCLE('',#2044,0.692719375084);
#2044 = AXIS2_PLACEMENT_3D('',#2045,#2046,#2047);
#2045 = CARTESIAN_POINT('',(182.5160990878,-29.75839911128,0.96));
#2046 = DIRECTION('',(0.,0.,-1.));
#2047 = DIRECTION('',(0.990138195738,-0.140094087457,0.));
#2048 = ORIENTED_EDGE('',*,*,#2049,.T.);
#2049 = EDGE_CURVE('',#2041,#2050,#2052,.T.);
#2050 = VERTEX_POINT('',#2051);
#2051 = CARTESIAN_POINT('',(182.51611,-30.448142,0.96));
#2052 = LINE('',#2053,#2054);
#2053 = CARTESIAN_POINT('',(182.605924,-30.44527,0.96));
#2054 = VECTOR('',#2055,1.);
#2055 = DIRECTION('',(-0.999489121188,-3.196086084634E-02,0.));
#2056 = ORIENTED_EDGE('',*,*,#2057,.T.);
#2057 = EDGE_CURVE('',#2050,#2058,#2060,.T.);
#2058 = VERTEX_POINT('',#2059);
#2059 = CARTESIAN_POINT('',(178.205797,-30.448061,0.96));
#2060 = LINE('',#2061,#2062);
#2061 = CARTESIAN_POINT('',(182.51611,-30.448142,0.96));
#2062 = VECTOR('',#2063,1.);
#2063 = DIRECTION('',(-0.999999999823,1.879213875819E-05,0.));
#2064 = ORIENTED_EDGE('',*,*,#2065,.T.);
#2065 = EDGE_CURVE('',#2058,#2066,#2068,.T.);
#2066 = VERTEX_POINT('',#2067);
#2067 = CARTESIAN_POINT('',(178.225795,-49.298424,0.96));
#2068 = LINE('',#2069,#2070);
#2069 = CARTESIAN_POINT('',(178.205797,-30.448061,0.96));
#2070 = VECTOR('',#2071,1.);
#2071 = DIRECTION('',(1.060880830064E-03,-0.999999437266,0.));
#2072 = ORIENTED_EDGE('',*,*,#2073,.T.);
#2073 = EDGE_CURVE('',#2066,#2074,#2076,.T.);
#2074 = VERTEX_POINT('',#2075);
#2075 = CARTESIAN_POINT('',(178.223306,-49.38828,0.96));
#2076 = LINE('',#2077,#2078);
#2077 = CARTESIAN_POINT('',(178.225795,-49.298424,0.96));
#2078 = VECTOR('',#2079,1.);
#2079 = DIRECTION('',(-2.768925464448E-02,-0.999616579083,0.));
#2080 = ORIENTED_EDGE('',*,*,#2081,.T.);
#2081 = EDGE_CURVE('',#2074,#2082,#2084,.T.);
#2082 = VERTEX_POINT('',#2083);
#2083 = CARTESIAN_POINT('',(177.515651,-50.095909,0.96));
#2084 = CIRCLE('',#2085,0.80255397075);
#2085 = AXIS2_PLACEMENT_3D('',#2086,#2087,#2088);
#2086 = CARTESIAN_POINT('',(177.425800796,-49.2984004942,0.96));
#2087 = DIRECTION('',(0.,0.,-1.));
#2088 = DIRECTION('',(0.99370912495,-0.111991852344,0.));
#2089 = ORIENTED_EDGE('',*,*,#2090,.T.);
#2090 = EDGE_CURVE('',#2082,#2091,#2093,.T.);
#2091 = VERTEX_POINT('',#2092);
#2092 = CARTESIAN_POINT('',(177.425795,-50.098424,0.96));
#2093 = LINE('',#2094,#2095);
#2094 = CARTESIAN_POINT('',(177.515651,-50.095909,0.96));
#2095 = VECTOR('',#2096,1.);
#2096 = DIRECTION('',(-0.999608531571,-2.797827030922E-02,0.));
#2097 = ORIENTED_EDGE('',*,*,#2098,.T.);
#2098 = EDGE_CURVE('',#2091,#2099,#2101,.T.);
#2099 = VERTEX_POINT('',#2100);
#2100 = CARTESIAN_POINT('',(176.693796,-50.098424,0.96));
#2101 = LINE('',#2102,#2103);
#2102 = CARTESIAN_POINT('',(177.425795,-50.098424,0.96));
#2103 = VECTOR('',#2104,1.);
#2104 = DIRECTION('',(-1.,0.,0.));
#2105 = ORIENTED_EDGE('',*,*,#2106,.T.);
#2106 = EDGE_CURVE('',#2099,#2107,#2109,.T.);
#2107 = VERTEX_POINT('',#2108);
#2108 = CARTESIAN_POINT('',(176.603918,-50.100722,0.96));
#2109 = LINE('',#2110,#2111);
#2110 = CARTESIAN_POINT('',(176.693796,-50.098424,0.96));
#2111 = VECTOR('',#2112,1.);
#2112 = DIRECTION('',(-0.999673299058,-2.555963908E-02,0.));
#2113 = ORIENTED_EDGE('',*,*,#2114,.T.);
#2114 = EDGE_CURVE('',#2107,#2115,#2117,.T.);
#2115 = VERTEX_POINT('',#2116);
#2116 = CARTESIAN_POINT('',(175.896119,-50.808544,0.96));
#2117 = CIRCLE('',#2118,0.802725963917);
#2118 = AXIS2_PLACEMENT_3D('',#2119,#2120,#2121);
#2119 = CARTESIAN_POINT('',(176.69379993257,-50.89840001232,0.96));
#2120 = DIRECTION('',(0.,0.,1.));
#2121 = DIRECTION('',(-0.111970879997,0.993711488327,0.));
#2122 = ORIENTED_EDGE('',*,*,#2123,.T.);
#2123 = EDGE_CURVE('',#2115,#2124,#2126,.T.);
#2124 = VERTEX_POINT('',#2125);
#2125 = CARTESIAN_POINT('',(175.893797,-50.898422,0.96));
#2126 = LINE('',#2127,#2128);
#2127 = CARTESIAN_POINT('',(175.896119,-50.808544,0.96));
#2128 = VECTOR('',#2129,1.);
#2129 = DIRECTION('',(-2.582640334908E-02,-0.999666442815,0.));
#2130 = ORIENTED_EDGE('',*,*,#2131,.T.);
#2131 = EDGE_CURVE('',#2124,#2132,#2134,.T.);
#2132 = VERTEX_POINT('',#2133);
#2133 = CARTESIAN_POINT('',(175.893797,-54.972825,0.96));
#2134 = LINE('',#2135,#2136);
#2135 = CARTESIAN_POINT('',(175.893797,-50.898422,0.96));
#2136 = VECTOR('',#2137,1.);
#2137 = DIRECTION('',(0.,-1.,0.));
#2138 = ORIENTED_EDGE('',*,*,#2139,.T.);
#2139 = EDGE_CURVE('',#2132,#2140,#2142,.T.);
#2140 = VERTEX_POINT('',#2141);
#2141 = CARTESIAN_POINT('',(175.896294,-55.06268,0.96));
#2142 = LINE('',#2143,#2144);
#2143 = CARTESIAN_POINT('',(175.893797,-54.972825,0.96));
#2144 = VECTOR('',#2145,1.);
#2145 = DIRECTION('',(2.777849219036E-02,-0.999614103228,0.));
#2146 = ORIENTED_EDGE('',*,*,#2147,.T.);
#2147 = EDGE_CURVE('',#2140,#2148,#2150,.T.);
#2148 = VERTEX_POINT('',#2149);
#2149 = CARTESIAN_POINT('',(176.60394,-55.770308,0.96));
#2150 = CIRCLE('',#2151,0.802554002922);
#2151 = AXIS2_PLACEMENT_3D('',#2152,#2153,#2154);
#2152 = CARTESIAN_POINT('',(176.69379923469,-54.97280047931,0.96));
#2153 = DIRECTION('',(0.,0.,1.));
#2154 = DIRECTION('',(-0.993709123364,-0.111991866411,0.));
#2155 = ORIENTED_EDGE('',*,*,#2156,.T.);
#2156 = EDGE_CURVE('',#2148,#2157,#2159,.T.);
#2157 = VERTEX_POINT('',#2158);
#2158 = CARTESIAN_POINT('',(176.693795,-55.772824,0.96));
#2159 = LINE('',#2160,#2161);
#2160 = CARTESIAN_POINT('',(176.60394,-55.770308,0.96));
#2161 = VECTOR('',#2162,1.);
#2162 = DIRECTION('',(0.99960821167,-2.798969740763E-02,0.));
#2163 = ORIENTED_EDGE('',*,*,#2164,.T.);
#2164 = EDGE_CURVE('',#2157,#2165,#2167,.T.);
#2165 = VERTEX_POINT('',#2166);
#2166 = CARTESIAN_POINT('',(177.432362,-55.772824,0.96));
#2167 = LINE('',#2168,#2169);
#2168 = CARTESIAN_POINT('',(176.693795,-55.772824,0.96));
#2169 = VECTOR('',#2170,1.);
#2170 = DIRECTION('',(1.,0.,0.));
#2171 = ORIENTED_EDGE('',*,*,#2172,.T.);
#2172 = EDGE_CURVE('',#2165,#2173,#2175,.T.);
#2173 = VERTEX_POINT('',#2174);
#2174 = CARTESIAN_POINT('',(177.522239,-55.775158,0.96));
#2175 = LINE('',#2176,#2177);
#2176 = CARTESIAN_POINT('',(177.432362,-55.772824,0.96));
#2177 = VECTOR('',#2178,1.);
#2178 = DIRECTION('',(0.999662980538,-2.596007206041E-02,0.));
#2179 = ORIENTED_EDGE('',*,*,#2180,.T.);
#2180 = EDGE_CURVE('',#2173,#2181,#2183,.T.);
#2181 = VERTEX_POINT('',#2182);
#2182 = CARTESIAN_POINT('',(178.23004,-56.482947,0.96));
#2183 = CIRCLE('',#2184,0.802685774247);
#2184 = AXIS2_PLACEMENT_3D('',#2185,#2186,#2187);
#2185 = CARTESIAN_POINT('',(177.43239920752,-56.57280031574,0.96));
#2186 = DIRECTION('',(0.,0.,-1.));
#2187 = DIRECTION('',(0.111923987396,0.99371677104,0.));
#2188 = ORIENTED_EDGE('',*,*,#2189,.T.);
#2189 = EDGE_CURVE('',#2181,#2190,#2192,.T.);
#2190 = VERTEX_POINT('',#2191);
#2191 = CARTESIAN_POINT('',(178.232362,-56.572824,0.96));
#2192 = LINE('',#2193,#2194);
#2193 = CARTESIAN_POINT('',(178.23004,-56.482947,0.96));
#2194 = VECTOR('',#2195,1.);
#2195 = DIRECTION('',(2.582669051016E-02,-0.999666435396,0.));
#2196 = ORIENTED_EDGE('',*,*,#2197,.T.);
#2197 = EDGE_CURVE('',#2190,#2198,#2200,.T.);
#2198 = VERTEX_POINT('',#2199);
#2199 = CARTESIAN_POINT('',(178.232367,-72.080167,0.96));
#2200 = LINE('',#2201,#2202);
#2201 = CARTESIAN_POINT('',(178.232362,-56.572824,0.96));
#2202 = VECTOR('',#2203,1.);
#2203 = DIRECTION('',(3.224278985638E-07,-1.,0.));
#2204 = ORIENTED_EDGE('',*,*,#2205,.T.);
#2205 = EDGE_CURVE('',#2198,#2206,#2208,.T.);
#2206 = VERTEX_POINT('',#2207);
#2207 = CARTESIAN_POINT('',(178.230039,-72.170046,0.96));
#2208 = LINE('',#2209,#2210);
#2209 = CARTESIAN_POINT('',(178.232367,-72.080167,0.96));
#2210 = VECTOR('',#2211,1.);
#2211 = DIRECTION('',(-2.589280566145E-02,-0.999664725103,0.));
#2212 = ORIENTED_EDGE('',*,*,#2213,.T.);
#2213 = EDGE_CURVE('',#2206,#2214,#2216,.T.);
#2214 = VERTEX_POINT('',#2215);
#2215 = CARTESIAN_POINT('',(177.522217,-72.877842,0.96));
#2216 = CIRCLE('',#2217,0.802683660208);
#2217 = AXIS2_PLACEMENT_3D('',#2218,#2219,#2220);
#2218 = CARTESIAN_POINT('',(177.43239959072,-72.08019929091,0.96));
#2219 = DIRECTION('',(0.,0.,-1.));
#2220 = DIRECTION('',(0.993715767268,-0.111932899022,0.));
#2221 = ORIENTED_EDGE('',*,*,#2222,.T.);
#2222 = EDGE_CURVE('',#2214,#2223,#2225,.T.);
#2223 = VERTEX_POINT('',#2224);
#2224 = CARTESIAN_POINT('',(177.432338,-72.88016,0.96));
#2225 = LINE('',#2226,#2227);
#2226 = CARTESIAN_POINT('',(177.522217,-72.877842,0.96));
#2227 = VECTOR('',#2228,1.);
#2228 = DIRECTION('',(-0.999667597852,-2.578165635825E-02,0.));
#2229 = ORIENTED_EDGE('',*,*,#2230,.T.);
#2230 = EDGE_CURVE('',#2223,#2231,#2233,.T.);
#2231 = VERTEX_POINT('',#2232);
#2232 = CARTESIAN_POINT('',(163.63357,-72.88016,0.96));
#2233 = LINE('',#2234,#2235);
#2234 = CARTESIAN_POINT('',(177.432338,-72.88016,0.96));
#2235 = VECTOR('',#2236,1.);
#2236 = DIRECTION('',(-1.,0.,0.));
#2237 = ORIENTED_EDGE('',*,*,#2238,.T.);
#2238 = EDGE_CURVE('',#2231,#2239,#2241,.T.);
#2239 = VERTEX_POINT('',#2240);
#2240 = CARTESIAN_POINT('',(163.543187,-72.877836,0.96));
#2241 = LINE('',#2242,#2243);
#2242 = CARTESIAN_POINT('',(163.63357,-72.88016,0.96));
#2243 = VECTOR('',#2244,1.);
#2244 = DIRECTION('',(-0.999669589787,2.570430420175E-02,0.));
#2245 = ORIENTED_EDGE('',*,*,#2246,.T.);
#2246 = EDGE_CURVE('',#2239,#2247,#2249,.T.);
#2247 = VERTEX_POINT('',#2248);
#2248 = CARTESIAN_POINT('',(162.874069,-72.340027,0.96));
#2249 = CIRCLE('',#2250,0.802740214952);
#2250 = AXIS2_PLACEMENT_3D('',#2251,#2252,#2253);
#2251 = CARTESIAN_POINT('',(163.63359749837,-72.08020338125,0.96));
#2252 = DIRECTION('',(0.,0.,-1.));
#2253 = DIRECTION('',(-0.112627344054,-0.993637298702,-0.));
#2254 = ORIENTED_EDGE('',*,*,#2255,.T.);
#2255 = EDGE_CURVE('',#2247,#2256,#2258,.T.);
#2256 = VERTEX_POINT('',#2257);
#2257 = CARTESIAN_POINT('',(162.852303,-72.252272,0.96));
#2258 = LINE('',#2259,#2260);
#2259 = CARTESIAN_POINT('',(162.874069,-72.340027,0.96));
#2260 = VECTOR('',#2261,1.);
#2261 = DIRECTION('',(-0.240736945255,0.970590399288,0.));
#2262 = ORIENTED_EDGE('',*,*,#2263,.T.);
#2263 = EDGE_CURVE('',#2256,#2264,#2266,.T.);
#2264 = VERTEX_POINT('',#2265);
#2265 = CARTESIAN_POINT('',(163.025794,-65.998423,0.96));
#2266 = LINE('',#2267,#2268);
#2267 = CARTESIAN_POINT('',(162.852303,-72.252272,0.96));
#2268 = VECTOR('',#2269,1.);
#2269 = DIRECTION('',(2.773080707322E-02,0.999615427221,0.));
#2270 = ORIENTED_EDGE('',*,*,#2271,.T.);
#2271 = EDGE_CURVE('',#2264,#2272,#2274,.T.);
#2272 = VERTEX_POINT('',#2273);
#2273 = CARTESIAN_POINT('',(163.028013,-65.935418,0.96));
#2274 = LINE('',#2275,#2276);
#2275 = CARTESIAN_POINT('',(163.025794,-65.998423,0.96));
#2276 = VECTOR('',#2277,1.);
#2277 = DIRECTION('',(3.519760409922E-02,0.999380372364,0.));
#2278 = ORIENTED_EDGE('',*,*,#2279,.T.);
#2279 = EDGE_CURVE('',#2272,#2280,#2282,.T.);
#2280 = VERTEX_POINT('',#2281);
#2281 = CARTESIAN_POINT('',(163.36279,-65.600617,0.96));
#2282 = CIRCLE('',#2283,0.402741443695);
#2283 = AXIS2_PLACEMENT_3D('',#2284,#2285,#2286);
#2284 = CARTESIAN_POINT('',(163.42579946368,-65.99839894775,0.96));
#2285 = DIRECTION('',(0.,0.,-1.));
#2286 = DIRECTION('',(-0.987696870812,0.156380597864,0.));
#2287 = ORIENTED_EDGE('',*,*,#2288,.T.);
#2288 = EDGE_CURVE('',#2280,#2289,#2291,.T.);
#2289 = VERTEX_POINT('',#2290);
#2290 = CARTESIAN_POINT('',(163.425794,-65.598423,0.96));
#2291 = LINE('',#2292,#2293);
#2292 = CARTESIAN_POINT('',(163.36279,-65.600617,0.96));
#2293 = VECTOR('',#2294,1.);
#2294 = DIRECTION('',(0.999394223757,3.480209077082E-02,0.));
#2295 = ORIENTED_EDGE('',*,*,#2296,.T.);
#2296 = EDGE_CURVE('',#2289,#2297,#2299,.T.);
#2297 = VERTEX_POINT('',#2298);
#2298 = CARTESIAN_POINT('',(165.525794,-65.598423,0.96));
#2299 = LINE('',#2300,#2301);
#2300 = CARTESIAN_POINT('',(163.425794,-65.598423,0.96));
#2301 = VECTOR('',#2302,1.);
#2302 = DIRECTION('',(1.,0.,0.));
#2303 = ORIENTED_EDGE('',*,*,#2304,.T.);
#2304 = EDGE_CURVE('',#2297,#2305,#2307,.T.);
#2305 = VERTEX_POINT('',#2306);
#2306 = CARTESIAN_POINT('',(165.588755,-65.595933,0.96));
#2307 = LINE('',#2308,#2309);
#2308 = CARTESIAN_POINT('',(165.525794,-65.598423,0.96));
#2309 = VECTOR('',#2310,1.);
#2310 = DIRECTION('',(0.999218882479,3.951739993594E-02,0.));
#2311 = ORIENTED_EDGE('',*,*,#2312,.T.);
#2312 = EDGE_CURVE('',#2305,#2313,#2315,.T.);
#2313 = VERTEX_POINT('',#2314);
#2314 = CARTESIAN_POINT('',(165.923328,-65.261384,0.96));
#2315 = CIRCLE('',#2316,0.402484886499);
#2316 = AXIS2_PLACEMENT_3D('',#2317,#2318,#2319);
#2317 = CARTESIAN_POINT('',(165.52580146613,-65.19840194909,0.96));
#2318 = DIRECTION('',(0.,0.,1.));
#2319 = DIRECTION('',(0.156412168439,-0.987691871772,0.));
#2320 = ORIENTED_EDGE('',*,*,#2321,.T.);
#2321 = EDGE_CURVE('',#2313,#2322,#2324,.T.);
#2322 = VERTEX_POINT('',#2323);
#2323 = CARTESIAN_POINT('',(165.925794,-65.198423,0.96));
#2324 = LINE('',#2325,#2326);
#2325 = CARTESIAN_POINT('',(165.923328,-65.261384,0.96));
#2326 = VECTOR('',#2327,1.);
#2327 = DIRECTION('',(3.913709558362E-02,0.999233850382,0.));
#2328 = ORIENTED_EDGE('',*,*,#2329,.T.);
#2329 = EDGE_CURVE('',#2322,#2330,#2332,.T.);
#2330 = VERTEX_POINT('',#2331);
#2331 = CARTESIAN_POINT('',(165.925794,-61.998423,0.96));
#2332 = LINE('',#2333,#2334);
#2333 = CARTESIAN_POINT('',(165.925794,-65.198423,0.96));
#2334 = VECTOR('',#2335,1.);
#2335 = DIRECTION('',(0.,1.,0.));
#2336 = ORIENTED_EDGE('',*,*,#2337,.T.);
#2337 = EDGE_CURVE('',#2330,#2338,#2340,.T.);
#2338 = VERTEX_POINT('',#2339);
#2339 = CARTESIAN_POINT('',(165.923587,-61.935417,0.96));
#2340 = LINE('',#2341,#2342);
#2341 = CARTESIAN_POINT('',(165.925794,-61.998423,0.96));
#2342 = VECTOR('',#2343,1.);
#2343 = DIRECTION('',(-3.50069400025E-02,0.999387069234,0.));
#2344 = ORIENTED_EDGE('',*,*,#2345,.T.);
#2345 = EDGE_CURVE('',#2338,#2346,#2348,.T.);
#2346 = VERTEX_POINT('',#2347);
#2347 = CARTESIAN_POINT('',(165.5888,-61.600615,0.96));
#2348 = CIRCLE('',#2349,0.402742929645);
#2349 = AXIS2_PLACEMENT_3D('',#2350,#2351,#2352);
#2350 = CARTESIAN_POINT('',(165.52579933231,-61.99839984542,0.96));
#2351 = DIRECTION('',(0.,0.,1.));
#2352 = DIRECTION('',(0.98769621613,0.156384732766,-0.));
#2353 = ORIENTED_EDGE('',*,*,#2354,.T.);
#2354 = EDGE_CURVE('',#2346,#2355,#2357,.T.);
#2355 = VERTEX_POINT('',#2356);
#2356 = CARTESIAN_POINT('',(165.525794,-61.598423,0.96));
#2357 = LINE('',#2358,#2359);
#2358 = CARTESIAN_POINT('',(165.5888,-61.600615,0.96));
#2359 = VECTOR('',#2360,1.);
#2360 = DIRECTION('',(-0.999395365028,3.476930197351E-02,0.));
#2361 = ORIENTED_EDGE('',*,*,#2362,.T.);
#2362 = EDGE_CURVE('',#2355,#2363,#2365,.T.);
#2363 = VERTEX_POINT('',#2364);
#2364 = CARTESIAN_POINT('',(163.56,-61.598423,0.96));
#2365 = LINE('',#2366,#2367);
#2366 = CARTESIAN_POINT('',(165.525794,-61.598423,0.96));
#2367 = VECTOR('',#2368,1.);
#2368 = DIRECTION('',(-1.,0.,0.));
#2369 = ORIENTED_EDGE('',*,*,#2370,.T.);
#2370 = EDGE_CURVE('',#2363,#2371,#2373,.T.);
#2371 = VERTEX_POINT('',#2372);
#2372 = CARTESIAN_POINT('',(163.497039,-61.595938,0.96));
#2373 = LINE('',#2374,#2375);
#2374 = CARTESIAN_POINT('',(163.56,-61.598423,0.96));
#2375 = VECTOR('',#2376,1.);
#2376 = DIRECTION('',(-0.999222012691,3.943817127329E-02,0.));
#2377 = ORIENTED_EDGE('',*,*,#2378,.T.);
#2378 = EDGE_CURVE('',#2371,#2379,#2381,.T.);
#2379 = VERTEX_POINT('',#2380);
#2380 = CARTESIAN_POINT('',(163.162466,-61.261384,0.96));
#2381 = CIRCLE('',#2382,0.402491824933);
#2382 = AXIS2_PLACEMENT_3D('',#2383,#2384,#2385);
#2383 = CARTESIAN_POINT('',(163.55999941056,-61.19840101324,0.96));
#2384 = DIRECTION('',(0.,0.,-1.));
#2385 = DIRECTION('',(-0.156426557428,-0.987689593005,-0.));
#2386 = ORIENTED_EDGE('',*,*,#2387,.T.);
#2387 = EDGE_CURVE('',#2379,#2388,#2390,.T.);
#2388 = VERTEX_POINT('',#2389);
#2389 = CARTESIAN_POINT('',(163.16,-61.198423,0.96));
#2390 = LINE('',#2391,#2392);
#2391 = CARTESIAN_POINT('',(163.162466,-61.261384,0.96));
#2392 = VECTOR('',#2393,1.);
#2393 = DIRECTION('',(-3.913709558362E-02,0.999233850382,0.));
#2394 = ORIENTED_EDGE('',*,*,#2395,.T.);
#2395 = EDGE_CURVE('',#2388,#2396,#2398,.T.);
#2396 = VERTEX_POINT('',#2397);
#2397 = CARTESIAN_POINT('',(163.590616,-45.698423,0.96));
#2398 = LINE('',#2399,#2400);
#2399 = CARTESIAN_POINT('',(163.16,-61.198423,0.96));
#2400 = VECTOR('',#2401,1.);
#2401 = DIRECTION('',(2.777096237217E-02,0.999614312447,0.));
#2402 = ORIENTED_EDGE('',*,*,#2403,.T.);
#2403 = EDGE_CURVE('',#2396,#2404,#2406,.T.);
#2404 = VERTEX_POINT('',#2405);
#2405 = CARTESIAN_POINT('',(163.592813,-45.635416,0.96));
#2406 = LINE('',#2407,#2408);
#2407 = CARTESIAN_POINT('',(163.590616,-45.698423,0.96));
#2408 = VECTOR('',#2409,1.);
#2409 = DIRECTION('',(3.484796288914E-02,0.999392625289,0.));
#2410 = ORIENTED_EDGE('',*,*,#2411,.T.);
#2411 = EDGE_CURVE('',#2404,#2412,#2414,.T.);
#2412 = VERTEX_POINT('',#2413);
#2413 = CARTESIAN_POINT('',(163.927609,-45.300614,0.96));
#2414 = CIRCLE('',#2415,0.402745234676);
#2415 = AXIS2_PLACEMENT_3D('',#2416,#2417,#2418);
#2416 = CARTESIAN_POINT('',(163.99060245094,-45.69840232209,0.96));
#2417 = DIRECTION('',(0.,0.,-1.));
#2418 = DIRECTION('',(-0.987694991018,0.156392470147,0.));
#2419 = ORIENTED_EDGE('',*,*,#2420,.T.);
#2420 = EDGE_CURVE('',#2412,#2421,#2423,.T.);
#2421 = VERTEX_POINT('',#2422);
#2422 = CARTESIAN_POINT('',(163.990616,-45.298423,0.96));
#2423 = LINE('',#2424,#2425);
#2424 = CARTESIAN_POINT('',(163.927609,-45.300614,0.96));
#2425 = VECTOR('',#2426,1.);
#2426 = DIRECTION('',(0.999395935235,3.475290831341E-02,0.));
#2427 = ORIENTED_EDGE('',*,*,#2428,.T.);
#2428 = EDGE_CURVE('',#2421,#2429,#2431,.T.);
#2429 = VERTEX_POINT('',#2430);
#2430 = CARTESIAN_POINT('',(165.525794,-45.298423,0.96));
#2431 = LINE('',#2432,#2433);
#2432 = CARTESIAN_POINT('',(163.990616,-45.298423,0.96));
#2433 = VECTOR('',#2434,1.);
#2434 = DIRECTION('',(1.,0.,0.));
#2435 = ORIENTED_EDGE('',*,*,#2436,.T.);
#2436 = EDGE_CURVE('',#2429,#2437,#2439,.T.);
#2437 = VERTEX_POINT('',#2438);
#2438 = CARTESIAN_POINT('',(165.588755,-45.295933,0.96));
#2439 = LINE('',#2440,#2441);
#2440 = CARTESIAN_POINT('',(165.525794,-45.298423,0.96));
#2441 = VECTOR('',#2442,1.);
#2442 = DIRECTION('',(0.999218882479,3.951739993605E-02,0.));
#2443 = ORIENTED_EDGE('',*,*,#2444,.T.);
#2444 = EDGE_CURVE('',#2437,#2445,#2447,.T.);
#2445 = VERTEX_POINT('',#2446);
#2446 = CARTESIAN_POINT('',(165.923328,-44.961384,0.96));
#2447 = CIRCLE('',#2448,0.402484886499);
#2448 = AXIS2_PLACEMENT_3D('',#2449,#2450,#2451);
#2449 = CARTESIAN_POINT('',(165.52580146613,-44.89840194909,0.96));
#2450 = DIRECTION('',(0.,0.,1.));
#2451 = DIRECTION('',(0.156412168439,-0.987691871772,0.));
#2452 = ORIENTED_EDGE('',*,*,#2453,.T.);
#2453 = EDGE_CURVE('',#2445,#2454,#2456,.T.);
#2454 = VERTEX_POINT('',#2455);
#2455 = CARTESIAN_POINT('',(165.925794,-44.898423,0.96));
#2456 = LINE('',#2457,#2458);
#2457 = CARTESIAN_POINT('',(165.923328,-44.961384,0.96));
#2458 = VECTOR('',#2459,1.);
#2459 = DIRECTION('',(3.913709558362E-02,0.999233850382,0.));
#2460 = ORIENTED_EDGE('',*,*,#2461,.T.);
#2461 = EDGE_CURVE('',#2454,#2462,#2464,.T.);
#2462 = VERTEX_POINT('',#2463);
#2463 = CARTESIAN_POINT('',(165.925794,-41.698423,0.96));
#2464 = LINE('',#2465,#2466);
#2465 = CARTESIAN_POINT('',(165.925794,-44.898423,0.96));
#2466 = VECTOR('',#2467,1.);
#2467 = DIRECTION('',(0.,1.,0.));
#2468 = ORIENTED_EDGE('',*,*,#2469,.T.);
#2469 = EDGE_CURVE('',#2462,#2470,#2472,.T.);
#2470 = VERTEX_POINT('',#2471);
#2471 = CARTESIAN_POINT('',(165.923587,-41.635417,0.96));
#2472 = LINE('',#2473,#2474);
#2473 = CARTESIAN_POINT('',(165.925794,-41.698423,0.96));
#2474 = VECTOR('',#2475,1.);
#2475 = DIRECTION('',(-3.50069400025E-02,0.999387069234,0.));
#2476 = ORIENTED_EDGE('',*,*,#2477,.T.);
#2477 = EDGE_CURVE('',#2470,#2478,#2480,.T.);
#2478 = VERTEX_POINT('',#2479);
#2479 = CARTESIAN_POINT('',(165.5888,-41.300615,0.96));
#2480 = CIRCLE('',#2481,0.402742929645);
#2481 = AXIS2_PLACEMENT_3D('',#2482,#2483,#2484);
#2482 = CARTESIAN_POINT('',(165.52579933231,-41.69839984542,0.96));
#2483 = DIRECTION('',(0.,0.,1.));
#2484 = DIRECTION('',(0.98769621613,0.156384732766,-0.));
#2485 = ORIENTED_EDGE('',*,*,#2486,.T.);
#2486 = EDGE_CURVE('',#2478,#2487,#2489,.T.);
#2487 = VERTEX_POINT('',#2488);
#2488 = CARTESIAN_POINT('',(165.525794,-41.298423,0.96));
#2489 = LINE('',#2490,#2491);
#2490 = CARTESIAN_POINT('',(165.5888,-41.300615,0.96));
#2491 = VECTOR('',#2492,1.);
#2492 = DIRECTION('',(-0.999395365028,3.476930197351E-02,0.));
#2493 = ORIENTED_EDGE('',*,*,#2494,.T.);
#2494 = EDGE_CURVE('',#2487,#2495,#2497,.T.);
#2495 = VERTEX_POINT('',#2496);
#2496 = CARTESIAN_POINT('',(164.125794,-41.298423,0.96));
#2497 = LINE('',#2498,#2499);
#2498 = CARTESIAN_POINT('',(165.525794,-41.298423,0.96));
#2499 = VECTOR('',#2500,1.);
#2500 = DIRECTION('',(-1.,0.,0.));
#2501 = ORIENTED_EDGE('',*,*,#2502,.T.);
#2502 = EDGE_CURVE('',#2495,#2503,#2505,.T.);
#2503 = VERTEX_POINT('',#2504);
#2504 = CARTESIAN_POINT('',(164.062832,-41.295943,0.96));
#2505 = LINE('',#2506,#2507);
#2506 = CARTESIAN_POINT('',(164.125794,-41.298423,0.96));
#2507 = VECTOR('',#2508,1.);
#2508 = DIRECTION('',(-0.999225161226,3.935831771287E-02,0.));
#2509 = ORIENTED_EDGE('',*,*,#2510,.T.);
#2510 = EDGE_CURVE('',#2503,#2511,#2513,.T.);
#2511 = VERTEX_POINT('',#2512);
#2512 = CARTESIAN_POINT('',(163.72826,-40.961385,0.96));
#2513 = CIRCLE('',#2514,0.402496587223);
#2514 = AXIS2_PLACEMENT_3D('',#2515,#2516,#2517);
#2515 = CARTESIAN_POINT('',(164.12579824857,-40.89840211623,0.96));
#2516 = DIRECTION('',(0.,0.,-1.));
#2517 = DIRECTION('',(-0.156439211094,-0.987687588882,-0.));
#2518 = ORIENTED_EDGE('',*,*,#2519,.T.);
#2519 = EDGE_CURVE('',#2511,#2520,#2522,.T.);
#2520 = VERTEX_POINT('',#2521);
#2521 = CARTESIAN_POINT('',(163.725794,-40.898423,0.96));
#2522 = LINE('',#2523,#2524);
#2523 = CARTESIAN_POINT('',(163.72826,-40.961385,0.96));
#2524 = VECTOR('',#2525,1.);
#2525 = DIRECTION('',(-3.913647493704E-02,0.999233874691,0.));
#2526 = ORIENTED_EDGE('',*,*,#2527,.T.);
#2527 = EDGE_CURVE('',#2520,#2528,#2530,.T.);
#2528 = VERTEX_POINT('',#2529);
#2529 = CARTESIAN_POINT('',(164.235533,-22.763545,0.96));
#2530 = LINE('',#2531,#2532);
#2531 = CARTESIAN_POINT('',(163.725794,-40.898423,0.96));
#2532 = VECTOR('',#2533,1.);
#2533 = DIRECTION('',(2.809711507784E-02,0.999605198128,0.));
#2534 = ORIENTED_EDGE('',*,*,#2535,.T.);
#2535 = EDGE_CURVE('',#2528,#1503,#2536,.T.);
#2536 = LINE('',#2537,#2538);
#2537 = CARTESIAN_POINT('',(164.235533,-22.763545,0.96));
#2538 = VECTOR('',#2539,1.);
#2539 = DIRECTION('',(0.240479113905,0.970654313222,0.));
#2540 = FACE_BOUND('',#2541,.F.);
#2541 = EDGE_LOOP('',(#2542,#2553,#2561,#2570,#2578,#2587,#2595,#2604,
    #2612,#2621,#2629,#2638,#2646,#2655,#2663,#2672,#2680,#2689,#2697,
    #2705,#2713,#2722,#2730,#2739,#2747,#2756,#2764,#2772,#2781,#2789,
    #2797,#2805,#2813,#2821,#2829,#2837,#2845,#2853,#2862,#2870,#2878,
    #2886,#2894,#2902,#2910,#2919,#2927,#2936,#2944,#2953,#2961,#2970,
    #2978,#2987,#2995,#3003,#3011,#3019,#3027,#3036,#3044,#3053,#3061,
    #3069,#3077,#3086,#3094,#3103,#3111,#3120,#3128,#3137,#3145,#3153,
    #3161,#3169,#3177,#3186,#3194,#3203,#3211,#3219,#3227,#3235,#3243,
    #3251,#3259,#3267,#3275,#3283,#3292,#3300,#3308,#3316,#3324,#3333,
    #3341));
#2542 = ORIENTED_EDGE('',*,*,#2543,.T.);
#2543 = EDGE_CURVE('',#2544,#2546,#2548,.T.);
#2544 = VERTEX_POINT('',#2545);
#2545 = CARTESIAN_POINT('',(215.933048,-59.753954,0.96));
#2546 = VERTEX_POINT('',#2547);
#2547 = CARTESIAN_POINT('',(215.042998,-59.744581,0.96));
#2548 = CIRCLE('',#2549,3.850593650128);
#2549 = AXIS2_PLACEMENT_3D('',#2550,#2551,#2552);
#2550 = CARTESIAN_POINT('',(215.44774689302,-63.57384330389,0.96));
#2551 = DIRECTION('',(0.,0.,1.));
#2552 = DIRECTION('',(0.126032801969,0.992026074671,-0.));
#2553 = ORIENTED_EDGE('',*,*,#2554,.T.);
#2554 = EDGE_CURVE('',#2546,#2555,#2557,.T.);
#2555 = VERTEX_POINT('',#2556);
#2556 = CARTESIAN_POINT('',(214.823412,-59.773582,0.96));
#2557 = LINE('',#2558,#2559);
#2558 = CARTESIAN_POINT('',(215.042998,-59.744581,0.96));
#2559 = VECTOR('',#2560,1.);
#2560 = DIRECTION('',(-0.991391051903,-0.130934266739,0.));
#2561 = ORIENTED_EDGE('',*,*,#2562,.T.);
#2562 = EDGE_CURVE('',#2555,#2563,#2565,.T.);
#2563 = VERTEX_POINT('',#2564);
#2564 = CARTESIAN_POINT('',(214.176052,-59.929806,0.96));
#2565 = CIRCLE('',#2566,4.30134037145);
#2566 = AXIS2_PLACEMENT_3D('',#2567,#2568,#2569);
#2567 = CARTESIAN_POINT('',(215.50575736922,-64.02045541324,0.96));
#2568 = DIRECTION('',(0.,0.,1.));
#2569 = DIRECTION('',(-0.158635520629,0.987337212706,0.));
#2570 = ORIENTED_EDGE('',*,*,#2571,.T.);
#2571 = EDGE_CURVE('',#2563,#2572,#2574,.T.);
#2572 = VERTEX_POINT('',#2573);
#2573 = CARTESIAN_POINT('',(213.96499,-60.003701,0.96));
#2574 = LINE('',#2575,#2576);
#2575 = CARTESIAN_POINT('',(214.176052,-59.929806,0.96));
#2576 = VECTOR('',#2577,1.);
#2577 = DIRECTION('',(-0.943825864066,-0.330443245232,0.));
#2578 = ORIENTED_EDGE('',*,*,#2579,.T.);
#2579 = EDGE_CURVE('',#2572,#2580,#2582,.T.);
#2580 = VERTEX_POINT('',#2581);
#2581 = CARTESIAN_POINT('',(213.349825,-60.285612,0.96));
#2582 = CIRCLE('',#2583,4.971851497917);
#2583 = AXIS2_PLACEMENT_3D('',#2584,#2585,#2586);
#2584 = CARTESIAN_POINT('',(215.72391056033,-64.65402419089,0.96));
#2585 = DIRECTION('',(0.,0.,1.));
#2586 = DIRECTION('',(-0.35377576363,0.935330267375,0.));
#2587 = ORIENTED_EDGE('',*,*,#2588,.T.);
#2588 = EDGE_CURVE('',#2580,#2589,#2591,.T.);
#2589 = VERTEX_POINT('',#2590);
#2590 = CARTESIAN_POINT('',(213.151696,-60.398407,0.96));
#2591 = LINE('',#2592,#2593);
#2592 = CARTESIAN_POINT('',(213.349825,-60.285612,0.96));
#2593 = VECTOR('',#2594,1.);
#2594 = DIRECTION('',(-0.869038561787,-0.494744356337,0.));
#2595 = ORIENTED_EDGE('',*,*,#2596,.T.);
#2596 = EDGE_CURVE('',#2589,#2597,#2599,.T.);
#2597 = VERTEX_POINT('',#2598);
#2598 = CARTESIAN_POINT('',(212.581925,-60.787991,0.96));
#2599 = CIRCLE('',#2600,5.707026071239);
#2600 = AXIS2_PLACEMENT_3D('',#2601,#2602,#2603);
#2601 = CARTESIAN_POINT('',(216.08212065071,-65.29562640944,0.96));
#2602 = DIRECTION('',(0.,0.,1.));
#2603 = DIRECTION('',(-0.513476653889,0.858103563628,0.));
#2604 = ORIENTED_EDGE('',*,*,#2605,.T.);
#2605 = EDGE_CURVE('',#2597,#2606,#2608,.T.);
#2606 = VERTEX_POINT('',#2607);
#2607 = CARTESIAN_POINT('',(212.401128,-60.933667,0.96));
#2608 = LINE('',#2609,#2610);
#2609 = CARTESIAN_POINT('',(212.581925,-60.787991,0.96));
#2610 = VECTOR('',#2611,1.);
#2611 = DIRECTION('',(-0.778682423281,-0.627418268521,0.));
#2612 = ORIENTED_EDGE('',*,*,#2613,.T.);
#2613 = EDGE_CURVE('',#2606,#2614,#2616,.T.);
#2614 = VERTEX_POINT('',#2615);
#2615 = CARTESIAN_POINT('',(211.730907,-61.585488,0.96));
#2616 = CIRCLE('',#2617,6.383308389161);
#2617 = AXIS2_PLACEMENT_3D('',#2618,#2619,#2620);
#2618 = CARTESIAN_POINT('',(216.5044968789,-65.82334897685,0.96));
#2619 = DIRECTION('',(0.,0.,1.));
#2620 = DIRECTION('',(-0.64282792382,0.766010613736,0.));
#2621 = ORIENTED_EDGE('',*,*,#2622,.T.);
#2622 = EDGE_CURVE('',#2614,#2623,#2625,.T.);
#2623 = VERTEX_POINT('',#2624);
#2624 = CARTESIAN_POINT('',(211.577976,-61.763837,0.96));
#2625 = LINE('',#2626,#2627);
#2626 = CARTESIAN_POINT('',(211.730907,-61.585488,0.96));
#2627 = VECTOR('',#2628,1.);
#2628 = DIRECTION('',(-0.650939634932,-0.759129495985,0.));
#2629 = ORIENTED_EDGE('',*,*,#2630,.T.);
#2630 = EDGE_CURVE('',#2623,#2631,#2633,.T.);
#2631 = VERTEX_POINT('',#2632);
#2632 = CARTESIAN_POINT('',(211.158653,-62.329848,0.96));
#2633 = CIRCLE('',#2634,6.60480576086);
#2634 = AXIS2_PLACEMENT_3D('',#2635,#2636,#2637);
#2635 = CARTESIAN_POINT('',(216.66785321645,-65.97294724566,0.96));
#2636 = DIRECTION('',(0.,0.,1.));
#2637 = DIRECTION('',(-0.770632385075,0.637279944038,0.));
#2638 = ORIENTED_EDGE('',*,*,#2639,.T.);
#2639 = EDGE_CURVE('',#2631,#2640,#2642,.T.);
#2640 = VERTEX_POINT('',#2641);
#2641 = CARTESIAN_POINT('',(211.036502,-62.561693,0.96));
#2642 = LINE('',#2643,#2644);
#2643 = CARTESIAN_POINT('',(211.158653,-62.329848,0.96));
#2644 = VECTOR('',#2645,1.);
#2645 = DIRECTION('',(-0.46612683807,-0.884717904663,0.));
#2646 = ORIENTED_EDGE('',*,*,#2647,.T.);
#2647 = EDGE_CURVE('',#2640,#2648,#2650,.T.);
#2648 = VERTEX_POINT('',#2649);
#2649 = CARTESIAN_POINT('',(210.74852,-63.297137,0.96));
#2650 = CIRCLE('',#2651,4.857230295305);
#2651 = AXIS2_PLACEMENT_3D('',#2652,#2653,#2654);
#2652 = CARTESIAN_POINT('',(215.40038175785,-64.69458765296,0.96));
#2653 = DIRECTION('',(0.,0.,1.));
#2654 = DIRECTION('',(-0.898429658991,0.439117464747,0.));
#2655 = ORIENTED_EDGE('',*,*,#2656,.T.);
#2656 = EDGE_CURVE('',#2648,#2657,#2659,.T.);
#2657 = VERTEX_POINT('',#2658);
#2658 = CARTESIAN_POINT('',(210.677925,-63.55295,0.96));
#2659 = LINE('',#2660,#2661);
#2660 = CARTESIAN_POINT('',(210.74852,-63.297137,0.96));
#2661 = VECTOR('',#2662,1.);
#2662 = DIRECTION('',(-0.266019680639,-0.963967597751,0.));
#2663 = ORIENTED_EDGE('',*,*,#2664,.T.);
#2664 = EDGE_CURVE('',#2657,#2665,#2667,.T.);
#2665 = VERTEX_POINT('',#2666);
#2666 = CARTESIAN_POINT('',(210.539147,-64.34132,0.96));
#2667 = CIRCLE('',#2668,5.763408430799);
#2668 = AXIS2_PLACEMENT_3D('',#2669,#2670,#2671);
#2669 = CARTESIAN_POINT('',(216.2709680018,-64.94390173179,0.96));
#2670 = DIRECTION('',(0.,0.,1.));
#2671 = DIRECTION('',(-0.97044016036,0.241341863673,0.));
#2672 = ORIENTED_EDGE('',*,*,#2673,.T.);
#2673 = EDGE_CURVE('',#2665,#2674,#2676,.T.);
#2674 = VERTEX_POINT('',#2675);
#2675 = CARTESIAN_POINT('',(210.516473,-64.608449,0.96));
#2676 = LINE('',#2677,#2678);
#2677 = CARTESIAN_POINT('',(210.539147,-64.34132,0.96));
#2678 = VECTOR('',#2679,1.);
#2679 = DIRECTION('',(-8.457621357552E-02,-0.996417013151,0.));
#2680 = ORIENTED_EDGE('',*,*,#2681,.T.);
#2681 = EDGE_CURVE('',#2674,#2682,#2684,.T.);
#2682 = VERTEX_POINT('',#2683);
#2683 = CARTESIAN_POINT('',(210.537642,-65.677592,0.96));
#2684 = CIRCLE('',#2685,6.524755491967);
#2685 = AXIS2_PLACEMENT_3D('',#2686,#2687,#2688);
#2686 = CARTESIAN_POINT('',(217.02859455167,-65.01429025732,0.96));
#2687 = DIRECTION('',(0.,0.,1.));
#2688 = DIRECTION('',(-0.998063691382,6.220022464015E-02,0.));
#2689 = ORIENTED_EDGE('',*,*,#2690,.T.);
#2690 = EDGE_CURVE('',#2682,#2691,#2693,.T.);
#2691 = VERTEX_POINT('',#2692);
#2692 = CARTESIAN_POINT('',(210.569769,-65.941072,0.96));
#2693 = LINE('',#2694,#2695);
#2694 = CARTESIAN_POINT('',(210.537642,-65.677592,0.96));
#2695 = VECTOR('',#2696,1.);
#2696 = DIRECTION('',(0.121036900591,-0.992648008458,0.));
#2697 = ORIENTED_EDGE('',*,*,#2698,.T.);
#2698 = EDGE_CURVE('',#2691,#2699,#2701,.T.);
#2699 = VERTEX_POINT('',#2700);
#2700 = CARTESIAN_POINT('',(210.612177,-66.201456,0.96));
#2701 = LINE('',#2702,#2703);
#2702 = CARTESIAN_POINT('',(210.569769,-65.941072,0.96));
#2703 = VECTOR('',#2704,1.);
#2704 = DIRECTION('',(0.1607491117,-0.986995300438,0.));
#2705 = ORIENTED_EDGE('',*,*,#2706,.T.);
#2706 = EDGE_CURVE('',#2699,#2707,#2709,.T.);
#2707 = VERTEX_POINT('',#2708);
#2708 = CARTESIAN_POINT('',(210.664637,-66.457955,0.96));
#2709 = LINE('',#2710,#2711);
#2710 = CARTESIAN_POINT('',(210.612177,-66.201456,0.96));
#2711 = VECTOR('',#2712,1.);
#2712 = DIRECTION('',(0.200375322135,-0.979719209917,0.));
#2713 = ORIENTED_EDGE('',*,*,#2714,.T.);
#2714 = EDGE_CURVE('',#2707,#2715,#2717,.T.);
#2715 = VERTEX_POINT('',#2716);
#2716 = CARTESIAN_POINT('',(210.955609,-67.185674,0.96));
#2717 = CIRCLE('',#2718,8.920419377606);
#2718 = AXIS2_PLACEMENT_3D('',#2719,#2720,#2721);
#2719 = CARTESIAN_POINT('',(219.08498220065,-63.513185302,0.96));
#2720 = DIRECTION('',(0.,0.,1.));
#2721 = DIRECTION('',(-0.9439405082,-0.330115611535,0.));
#2722 = ORIENTED_EDGE('',*,*,#2723,.T.);
#2723 = EDGE_CURVE('',#2715,#2724,#2726,.T.);
#2724 = VERTEX_POINT('',#2725);
#2725 = CARTESIAN_POINT('',(211.06419,-67.413084,0.96));
#2726 = LINE('',#2727,#2728);
#2727 = CARTESIAN_POINT('',(210.955609,-67.185674,0.96));
#2728 = VECTOR('',#2729,1.);
#2729 = DIRECTION('',(0.430873111073,-0.90241252327,0.));
#2730 = ORIENTED_EDGE('',*,*,#2731,.T.);
#2731 = EDGE_CURVE('',#2724,#2732,#2734,.T.);
#2732 = VERTEX_POINT('',#2733);
#2733 = CARTESIAN_POINT('',(211.432394,-68.051316,0.96));
#2734 = CIRCLE('',#2735,6.028181857129);
#2735 = AXIS2_PLACEMENT_3D('',#2736,#2737,#2738);
#2736 = CARTESIAN_POINT('',(216.4600796635,-64.72545470228,0.96));
#2737 = DIRECTION('',(0.,0.,1.));
#2738 = DIRECTION('',(-0.895110630599,-0.445844097178,0.));
#2739 = ORIENTED_EDGE('',*,*,#2740,.T.);
#2740 = EDGE_CURVE('',#2732,#2741,#2743,.T.);
#2741 = VERTEX_POINT('',#2742);
#2742 = CARTESIAN_POINT('',(211.571096,-68.249766,0.96));
#2743 = LINE('',#2744,#2745);
#2744 = CARTESIAN_POINT('',(211.432394,-68.051316,0.96));
#2745 = VECTOR('',#2746,1.);
#2746 = DIRECTION('',(0.572871765953,-0.819645008387,0.));
#2747 = ORIENTED_EDGE('',*,*,#2748,.T.);
#2748 = EDGE_CURVE('',#2741,#2749,#2751,.T.);
#2749 = VERTEX_POINT('',#2750);
#2750 = CARTESIAN_POINT('',(212.821882,-69.449836,0.96));
#2751 = CIRCLE('',#2752,5.032853418095);
#2752 = AXIS2_PLACEMENT_3D('',#2753,#2754,#2755);
#2753 = CARTESIAN_POINT('',(215.6288116691,-65.27242539524,0.96));
#2754 = DIRECTION('',(0.,0.,1.));
#2755 = DIRECTION('',(-0.806245549397,-0.591581029173,0.));
#2756 = ORIENTED_EDGE('',*,*,#2757,.T.);
#2757 = EDGE_CURVE('',#2749,#2758,#2760,.T.);
#2758 = VERTEX_POINT('',#2759);
#2759 = CARTESIAN_POINT('',(213.047115,-69.59557,0.96));
#2760 = LINE('',#2761,#2762);
#2761 = CARTESIAN_POINT('',(212.821882,-69.449836,0.96));
#2762 = VECTOR('',#2763,1.);
#2763 = DIRECTION('',(0.839578657797,-0.543238140572,0.));
#2764 = ORIENTED_EDGE('',*,*,#2765,.T.);
#2765 = EDGE_CURVE('',#2758,#2766,#2768,.T.);
#2766 = VERTEX_POINT('',#2767);
#2767 = CARTESIAN_POINT('',(213.453303,-69.827507,0.96));
#2768 = LINE('',#2769,#2770);
#2769 = CARTESIAN_POINT('',(213.047115,-69.59557,0.96));
#2770 = VECTOR('',#2771,1.);
#2771 = DIRECTION('',(0.868400055367,-0.495864239322,0.));
#2772 = ORIENTED_EDGE('',*,*,#2773,.T.);
#2773 = EDGE_CURVE('',#2766,#2774,#2776,.T.);
#2774 = VERTEX_POINT('',#2775);
#2775 = CARTESIAN_POINT('',(214.048555,-70.088686,0.96));
#2776 = CIRCLE('',#2777,3.695487126071);
#2777 = AXIS2_PLACEMENT_3D('',#2778,#2779,#2780);
#2778 = CARTESIAN_POINT('',(215.23000387045,-66.58714295936,0.96));
#2779 = DIRECTION('',(0.,0.,1.));
#2780 = DIRECTION('',(-0.480775824633,-0.876843547304,0.));
#2781 = ORIENTED_EDGE('',*,*,#2782,.T.);
#2782 = EDGE_CURVE('',#2774,#2783,#2785,.T.);
#2783 = VERTEX_POINT('',#2784);
#2784 = CARTESIAN_POINT('',(214.196919,-70.135,0.96));
#2785 = LINE('',#2786,#2787);
#2786 = CARTESIAN_POINT('',(214.048555,-70.088686,0.96));
#2787 = VECTOR('',#2788,1.);
#2788 = DIRECTION('',(0.954571062463,-0.297983366497,0.));
#2789 = ORIENTED_EDGE('',*,*,#2790,.T.);
#2790 = EDGE_CURVE('',#2783,#2791,#2793,.T.);
#2791 = VERTEX_POINT('',#2792);
#2792 = CARTESIAN_POINT('',(214.345881,-70.174672,0.96));
#2793 = LINE('',#2794,#2795);
#2794 = CARTESIAN_POINT('',(214.196919,-70.135,0.96));
#2795 = VECTOR('',#2796,1.);
#2796 = DIRECTION('',(0.966317579,-0.25735255296,0.));
#2797 = ORIENTED_EDGE('',*,*,#2798,.T.);
#2798 = EDGE_CURVE('',#2791,#2799,#2801,.T.);
#2799 = VERTEX_POINT('',#2800);
#2800 = CARTESIAN_POINT('',(214.647144,-70.23596,0.96));
#2801 = LINE('',#2802,#2803);
#2802 = CARTESIAN_POINT('',(214.345881,-70.174672,0.96));
#2803 = VECTOR('',#2804,1.);
#2804 = DIRECTION('',(0.979927659508,-0.19935341013,0.));
#2805 = ORIENTED_EDGE('',*,*,#2806,.T.);
#2806 = EDGE_CURVE('',#2799,#2807,#2809,.T.);
#2807 = VERTEX_POINT('',#2808);
#2808 = CARTESIAN_POINT('',(214.955463,-70.276339,0.96));
#2809 = LINE('',#2810,#2811);
#2810 = CARTESIAN_POINT('',(214.647144,-70.23596,0.96));
#2811 = VECTOR('',#2812,1.);
#2812 = DIRECTION('',(0.991532849471,-0.129856106593,0.));
#2813 = ORIENTED_EDGE('',*,*,#2814,.T.);
#2814 = EDGE_CURVE('',#2807,#2815,#2817,.T.);
#2815 = VERTEX_POINT('',#2816);
#2816 = CARTESIAN_POINT('',(215.273937,-70.299585,0.96));
#2817 = LINE('',#2818,#2819);
#2818 = CARTESIAN_POINT('',(214.955463,-70.276339,0.96));
#2819 = VECTOR('',#2820,1.);
#2820 = DIRECTION('',(0.997346693925,-7.279816012289E-02,0.));
#2821 = ORIENTED_EDGE('',*,*,#2822,.T.);
#2822 = EDGE_CURVE('',#2815,#2823,#2825,.T.);
#2823 = VERTEX_POINT('',#2824);
#2824 = CARTESIAN_POINT('',(216.304912,-70.321984,0.96));
#2825 = LINE('',#2826,#2827);
#2826 = CARTESIAN_POINT('',(215.273937,-70.299585,0.96));
#2827 = VECTOR('',#2828,1.);
#2828 = DIRECTION('',(0.999764073198,-2.172091027965E-02,0.));
#2829 = ORIENTED_EDGE('',*,*,#2830,.T.);
#2830 = EDGE_CURVE('',#2823,#2831,#2833,.T.);
#2831 = VERTEX_POINT('',#2832);
#2832 = CARTESIAN_POINT('',(216.473081,-70.314274,0.96));
#2833 = LINE('',#2834,#2835);
#2834 = CARTESIAN_POINT('',(216.304912,-70.321984,0.96));
#2835 = VECTOR('',#2836,1.);
#2836 = DIRECTION('',(0.998950692214,4.579863016948E-02,0.));
#2837 = ORIENTED_EDGE('',*,*,#2838,.T.);
#2838 = EDGE_CURVE('',#2831,#2839,#2841,.T.);
#2839 = VERTEX_POINT('',#2840);
#2840 = CARTESIAN_POINT('',(216.63534,-70.290141,0.96));
#2841 = LINE('',#2842,#2843);
#2842 = CARTESIAN_POINT('',(216.473081,-70.314274,0.96));
#2843 = VECTOR('',#2844,1.);
#2844 = DIRECTION('',(0.989119676585,0.147113104081,0.));
#2845 = ORIENTED_EDGE('',*,*,#2846,.T.);
#2846 = EDGE_CURVE('',#2839,#2847,#2849,.T.);
#2847 = VERTEX_POINT('',#2848);
#2848 = CARTESIAN_POINT('',(216.752404,-70.257417,0.96));
#2849 = LINE('',#2850,#2851);
#2850 = CARTESIAN_POINT('',(216.63534,-70.290141,0.96));
#2851 = VECTOR('',#2852,1.);
#2852 = DIRECTION('',(0.963079109089,0.269218553662,0.));
#2853 = ORIENTED_EDGE('',*,*,#2854,.T.);
#2854 = EDGE_CURVE('',#2847,#2855,#2857,.T.);
#2855 = VERTEX_POINT('',#2856);
#2856 = CARTESIAN_POINT('',(217.074121,-70.055208,0.96));
#2857 = CIRCLE('',#2858,0.836614948994);
#2858 = AXIS2_PLACEMENT_3D('',#2859,#2860,#2861);
#2859 = CARTESIAN_POINT('',(216.47969280856,-69.46649780125,0.96));
#2860 = DIRECTION('',(0.,0.,1.));
#2861 = DIRECTION('',(0.325969780676,-0.945380189176,0.));
#2862 = ORIENTED_EDGE('',*,*,#2863,.T.);
#2863 = EDGE_CURVE('',#2855,#2864,#2866,.T.);
#2864 = VERTEX_POINT('',#2865);
#2865 = CARTESIAN_POINT('',(216.106255,-69.99703,0.96));
#2866 = LINE('',#2867,#2868);
#2867 = CARTESIAN_POINT('',(217.074121,-70.055208,0.96));
#2868 = VECTOR('',#2869,1.);
#2869 = DIRECTION('',(-0.998198301262,6.000126130148E-02,0.));
#2870 = ORIENTED_EDGE('',*,*,#2871,.T.);
#2871 = EDGE_CURVE('',#2864,#2872,#2874,.T.);
#2872 = VERTEX_POINT('',#2873);
#2873 = CARTESIAN_POINT('',(215.502447,-69.950428,0.96));
#2874 = LINE('',#2875,#2876);
#2875 = CARTESIAN_POINT('',(216.106255,-69.99703,0.96));
#2876 = VECTOR('',#2877,1.);
#2877 = DIRECTION('',(-0.997034851692,7.695131260029E-02,0.));
#2878 = ORIENTED_EDGE('',*,*,#2879,.T.);
#2879 = EDGE_CURVE('',#2872,#2880,#2882,.T.);
#2880 = VERTEX_POINT('',#2881);
#2881 = CARTESIAN_POINT('',(214.881349,-69.745566,0.96));
#2882 = LINE('',#2883,#2884);
#2883 = CARTESIAN_POINT('',(215.502447,-69.950428,0.96));
#2884 = VECTOR('',#2885,1.);
#2885 = DIRECTION('',(-0.949674296322,0.31323909543,0.));
#2886 = ORIENTED_EDGE('',*,*,#2887,.T.);
#2887 = EDGE_CURVE('',#2880,#2888,#2890,.T.);
#2888 = VERTEX_POINT('',#2889);
#2889 = CARTESIAN_POINT('',(214.585928,-69.637441,0.96));
#2890 = LINE('',#2891,#2892);
#2891 = CARTESIAN_POINT('',(214.881349,-69.745566,0.96));
#2892 = VECTOR('',#2893,1.);
#2893 = DIRECTION('',(-0.9390775639,0.34370529379,0.));
#2894 = ORIENTED_EDGE('',*,*,#2895,.T.);
#2895 = EDGE_CURVE('',#2888,#2896,#2898,.T.);
#2896 = VERTEX_POINT('',#2897);
#2897 = CARTESIAN_POINT('',(214.300711,-69.519012,0.96));
#2898 = LINE('',#2899,#2900);
#2899 = CARTESIAN_POINT('',(214.585928,-69.637441,0.96));
#2900 = VECTOR('',#2901,1.);
#2901 = DIRECTION('',(-0.92354919237,0.383479972453,0.));
#2902 = ORIENTED_EDGE('',*,*,#2903,.T.);
#2903 = EDGE_CURVE('',#2896,#2904,#2906,.T.);
#2904 = VERTEX_POINT('',#2905);
#2905 = CARTESIAN_POINT('',(214.024554,-69.388012,0.96));
#2906 = LINE('',#2907,#2908);
#2907 = CARTESIAN_POINT('',(214.300711,-69.519012,0.96));
#2908 = VECTOR('',#2909,1.);
#2909 = DIRECTION('',(-0.90349873925,0.428590746719,0.));
#2910 = ORIENTED_EDGE('',*,*,#2911,.T.);
#2911 = EDGE_CURVE('',#2904,#2912,#2914,.T.);
#2912 = VERTEX_POINT('',#2913);
#2913 = CARTESIAN_POINT('',(213.239075,-68.896982,0.96));
#2914 = CIRCLE('',#2915,5.124478247681);
#2915 = AXIS2_PLACEMENT_3D('',#2916,#2917,#2918);
#2916 = CARTESIAN_POINT('',(216.33708478241,-64.81499563316,0.96));
#2917 = DIRECTION('',(0.,0.,-1.));
#2918 = DIRECTION('',(-0.451271460359,-0.892386726182,-0.));
#2919 = ORIENTED_EDGE('',*,*,#2920,.T.);
#2920 = EDGE_CURVE('',#2912,#2921,#2923,.T.);
#2921 = VERTEX_POINT('',#2922);
#2922 = CARTESIAN_POINT('',(212.987768,-68.693091,0.96));
#2923 = LINE('',#2924,#2925);
#2924 = CARTESIAN_POINT('',(213.239075,-68.896982,0.96));
#2925 = VECTOR('',#2926,1.);
#2926 = DIRECTION('',(-0.7765613588,0.630041630385,0.));
#2927 = ORIENTED_EDGE('',*,*,#2928,.T.);
#2928 = EDGE_CURVE('',#2921,#2929,#2931,.T.);
#2929 = VERTEX_POINT('',#2930);
#2930 = CARTESIAN_POINT('',(212.555352,-68.213918,0.96));
#2931 = CIRCLE('',#2932,5.947771564487);
#2932 = AXIS2_PLACEMENT_3D('',#2933,#2934,#2935);
#2933 = CARTESIAN_POINT('',(217.18067861026,-64.47462123033,0.96));
#2934 = DIRECTION('',(0.,0.,-1.));
#2935 = DIRECTION('',(-0.70495488349,-0.709252149975,-0.));
#2936 = ORIENTED_EDGE('',*,*,#2937,.T.);
#2937 = EDGE_CURVE('',#2929,#2938,#2940,.T.);
#2938 = VERTEX_POINT('',#2939);
#2939 = CARTESIAN_POINT('',(212.427049,-68.047595,0.96));
#2940 = LINE('',#2941,#2942);
#2941 = CARTESIAN_POINT('',(212.555352,-68.213918,0.96));
#2942 = VECTOR('',#2943,1.);
#2943 = DIRECTION('',(-0.610793562813,0.791789886034,0.));
#2944 = ORIENTED_EDGE('',*,*,#2945,.T.);
#2945 = EDGE_CURVE('',#2938,#2946,#2948,.T.);
#2946 = VERTEX_POINT('',#2947);
#2947 = CARTESIAN_POINT('',(212.092388,-67.52676,0.96));
#2948 = CIRCLE('',#2949,4.659766917899);
#2949 = AXIS2_PLACEMENT_3D('',#2950,#2951,#2952);
#2950 = CARTESIAN_POINT('',(216.171307798,-65.27379728158,0.96));
#2951 = DIRECTION('',(0.,0.,-1.));
#2952 = DIRECTION('',(-0.803529203065,-0.595265335647,-0.));
#2953 = ORIENTED_EDGE('',*,*,#2954,.T.);
#2954 = EDGE_CURVE('',#2946,#2955,#2957,.T.);
#2955 = VERTEX_POINT('',#2956);
#2956 = CARTESIAN_POINT('',(211.998243,-67.345364,0.96));
#2957 = LINE('',#2958,#2959);
#2958 = CARTESIAN_POINT('',(212.092388,-67.52676,0.96));
#2959 = VECTOR('',#2960,1.);
#2960 = DIRECTION('',(-0.460655766741,0.887578877942,0.));
#2961 = ORIENTED_EDGE('',*,*,#2962,.T.);
#2962 = EDGE_CURVE('',#2955,#2963,#2965,.T.);
#2963 = VERTEX_POINT('',#2964);
#2964 = CARTESIAN_POINT('',(211.713949,-66.576894,0.96));
#2965 = CIRCLE('',#2966,4.052643452719);
#2966 = AXIS2_PLACEMENT_3D('',#2967,#2968,#2969);
#2967 = CARTESIAN_POINT('',(215.637508662,-65.5622026511,0.96));
#2968 = DIRECTION('',(0.,0.,-1.));
#2969 = DIRECTION('',(-0.897997986862,-0.439999563173,-0.));
#2970 = ORIENTED_EDGE('',*,*,#2971,.T.);
#2971 = EDGE_CURVE('',#2963,#2972,#2974,.T.);
#2972 = VERTEX_POINT('',#2973);
#2973 = CARTESIAN_POINT('',(211.666936,-66.373317,0.96));
#2974 = LINE('',#2975,#2976);
#2975 = CARTESIAN_POINT('',(211.713949,-66.576894,0.96));
#2976 = VECTOR('',#2977,1.);
#2977 = DIRECTION('',(-0.225012607856,0.974355851989,0.));
#2978 = ORIENTED_EDGE('',*,*,#2979,.T.);
#2979 = EDGE_CURVE('',#2972,#2980,#2982,.T.);
#2980 = VERTEX_POINT('',#2981);
#2981 = CARTESIAN_POINT('',(211.583551,-65.443807,0.96));
#2982 = CIRCLE('',#2983,4.195720128076);
#2983 = AXIS2_PLACEMENT_3D('',#2984,#2985,#2986);
#2984 = CARTESIAN_POINT('',(215.77825809931,-65.53600105674,0.96));
#2985 = DIRECTION('',(0.,0.,-1.));
#2986 = DIRECTION('',(-0.979884733446,-0.199564298307,-0.));
#2987 = ORIENTED_EDGE('',*,*,#2988,.T.);
#2988 = EDGE_CURVE('',#2980,#2989,#2991,.T.);
#2989 = VERTEX_POINT('',#2990);
#2990 = CARTESIAN_POINT('',(211.587137,-65.162771,0.96));
#2991 = LINE('',#2992,#2993);
#2992 = CARTESIAN_POINT('',(211.583551,-65.443807,0.96));
#2993 = VECTOR('',#2994,1.);
#2994 = DIRECTION('',(1.275889247944E-02,0.999918602019,0.));
#2995 = ORIENTED_EDGE('',*,*,#2996,.T.);
#2996 = EDGE_CURVE('',#2989,#2997,#2999,.T.);
#2997 = VERTEX_POINT('',#2998);
#2998 = CARTESIAN_POINT('',(211.598438,-64.889115,0.96));
#2999 = LINE('',#3000,#3001);
#3000 = CARTESIAN_POINT('',(211.587137,-65.162771,0.96));
#3001 = VECTOR('',#3002,1.);
#3002 = DIRECTION('',(4.126120384562E-02,0.999148393912,0.));
#3003 = ORIENTED_EDGE('',*,*,#3004,.T.);
#3004 = EDGE_CURVE('',#2997,#3005,#3007,.T.);
#3005 = VERTEX_POINT('',#3006);
#3006 = CARTESIAN_POINT('',(211.61836,-64.62236,0.96));
#3007 = LINE('',#3008,#3009);
#3008 = CARTESIAN_POINT('',(211.598438,-64.889115,0.96));
#3009 = VECTOR('',#3010,1.);
#3010 = DIRECTION('',(7.447535643131E-02,0.997222854373,0.));
#3011 = ORIENTED_EDGE('',*,*,#3012,.T.);
#3012 = EDGE_CURVE('',#3005,#3013,#3015,.T.);
#3013 = VERTEX_POINT('',#3014);
#3014 = CARTESIAN_POINT('',(211.647817,-64.36204,0.96));
#3015 = LINE('',#3016,#3017);
#3016 = CARTESIAN_POINT('',(211.61836,-64.62236,0.96));
#3017 = VECTOR('',#3018,1.);
#3018 = DIRECTION('',(0.1124393101,0.993658594057,0.));
#3019 = ORIENTED_EDGE('',*,*,#3020,.T.);
#3020 = EDGE_CURVE('',#3013,#3021,#3023,.T.);
#3021 = VERTEX_POINT('',#3022);
#3022 = CARTESIAN_POINT('',(211.687719,-64.107692,0.96));
#3023 = LINE('',#3024,#3025);
#3024 = CARTESIAN_POINT('',(211.647817,-64.36204,0.96));
#3025 = VECTOR('',#3026,1.);
#3026 = DIRECTION('',(0.1549839728,0.987916984455,0.));
#3027 = ORIENTED_EDGE('',*,*,#3028,.T.);
#3028 = EDGE_CURVE('',#3021,#3029,#3031,.T.);
#3029 = VERTEX_POINT('',#3030);
#3030 = CARTESIAN_POINT('',(211.879185,-63.375757,0.96));
#3031 = CIRCLE('',#3032,4.77236307933);
#3032 = AXIS2_PLACEMENT_3D('',#3033,#3034,#3035);
#3033 = CARTESIAN_POINT('',(216.38593374672,-64.94568218766,0.96));
#3034 = DIRECTION('',(0.,0.,-1.));
#3035 = DIRECTION('',(-0.984462973296,0.175592295417,0.));
#3036 = ORIENTED_EDGE('',*,*,#3037,.T.);
#3037 = EDGE_CURVE('',#3029,#3038,#3040,.T.);
#3038 = VERTEX_POINT('',#3039);
#3039 = CARTESIAN_POINT('',(211.969959,-63.140585,0.96));
#3040 = LINE('',#3041,#3042);
#3041 = CARTESIAN_POINT('',(211.879185,-63.375757,0.96));
#3042 = VECTOR('',#3043,1.);
#3043 = DIRECTION('',(0.360095825088,0.93291532132,0.));
#3044 = ORIENTED_EDGE('',*,*,#3045,.T.);
#3045 = EDGE_CURVE('',#3038,#3046,#3048,.T.);
#3046 = VERTEX_POINT('',#3047);
#3047 = CARTESIAN_POINT('',(212.335881,-62.454923,0.96));
#3048 = CIRCLE('',#3049,4.241080063409);
#3049 = AXIS2_PLACEMENT_3D('',#3050,#3051,#3052);
#3050 = CARTESIAN_POINT('',(215.878776116,-64.78615750155,0.96));
#3051 = DIRECTION('',(0.,0.,-1.));
#3052 = DIRECTION('',(-0.921656054016,0.388007884065,0.));
#3053 = ORIENTED_EDGE('',*,*,#3054,.T.);
#3054 = EDGE_CURVE('',#3046,#3055,#3057,.T.);
#3055 = VERTEX_POINT('',#3056);
#3056 = CARTESIAN_POINT('',(212.492086,-62.231418,0.96));
#3057 = LINE('',#3058,#3059);
#3058 = CARTESIAN_POINT('',(212.335881,-62.454923,0.96));
#3059 = VECTOR('',#3060,1.);
#3060 = DIRECTION('',(0.572850557704,0.81965983099,0.));
#3061 = ORIENTED_EDGE('',*,*,#3062,.T.);
#3062 = EDGE_CURVE('',#3055,#3063,#3065,.T.);
#3063 = VERTEX_POINT('',#3064);
#3064 = CARTESIAN_POINT('',(212.66692,-62.009661,0.96));
#3065 = LINE('',#3066,#3067);
#3066 = CARTESIAN_POINT('',(212.492086,-62.231418,0.96));
#3067 = VECTOR('',#3068,1.);
#3068 = DIRECTION('',(0.619126440058,0.785291316151,0.));
#3069 = ORIENTED_EDGE('',*,*,#3070,.T.);
#3070 = EDGE_CURVE('',#3063,#3071,#3073,.T.);
#3071 = VERTEX_POINT('',#3072);
#3072 = CARTESIAN_POINT('',(212.861297,-61.789176,0.96));
#3073 = LINE('',#3074,#3075);
#3074 = CARTESIAN_POINT('',(212.66692,-62.009661,0.96));
#3075 = VECTOR('',#3076,1.);
#3076 = DIRECTION('',(0.6612990868,0.750122335221,0.));
#3077 = ORIENTED_EDGE('',*,*,#3078,.T.);
#3078 = EDGE_CURVE('',#3071,#3079,#3081,.T.);
#3079 = VERTEX_POINT('',#3080);
#3080 = CARTESIAN_POINT('',(213.303053,-61.408331,0.96));
#3081 = CIRCLE('',#3082,5.561287080967);
#3082 = AXIS2_PLACEMENT_3D('',#3083,#3084,#3085);
#3083 = CARTESIAN_POINT('',(216.70847755458,-65.80503403749,0.96));
#3084 = DIRECTION('',(0.,0.,-1.));
#3085 = DIRECTION('',(-0.691778809217,0.722109464775,0.));
#3086 = ORIENTED_EDGE('',*,*,#3087,.T.);
#3087 = EDGE_CURVE('',#3079,#3088,#3090,.T.);
#3088 = VERTEX_POINT('',#3089);
#3089 = CARTESIAN_POINT('',(213.456446,-61.294851,0.96));
#3090 = LINE('',#3091,#3092);
#3091 = CARTESIAN_POINT('',(213.303053,-61.408331,0.96));
#3092 = VECTOR('',#3093,1.);
#3093 = DIRECTION('',(0.803919127125,0.594738629183,0.));
#3094 = ORIENTED_EDGE('',*,*,#3095,.T.);
#3095 = EDGE_CURVE('',#3088,#3096,#3098,.T.);
#3096 = VERTEX_POINT('',#3097);
#3097 = CARTESIAN_POINT('',(213.936201,-60.998779,0.96));
#3098 = CIRCLE('',#3099,4.329952898896);
#3099 = AXIS2_PLACEMENT_3D('',#3100,#3101,#3102);
#3100 = CARTESIAN_POINT('',(215.96548439736,-64.82376279079,0.96));
#3101 = DIRECTION('',(0.,0.,-1.));
#3102 = DIRECTION('',(-0.579460898525,0.815000041154,0.));
#3103 = ORIENTED_EDGE('',*,*,#3104,.T.);
#3104 = EDGE_CURVE('',#3096,#3105,#3107,.T.);
#3105 = VERTEX_POINT('',#3106);
#3106 = CARTESIAN_POINT('',(214.102911,-60.915822,0.96));
#3107 = LINE('',#3108,#3109);
#3108 = CARTESIAN_POINT('',(213.936201,-60.998779,0.96));
#3109 = VECTOR('',#3110,1.);
#3110 = DIRECTION('',(0.895280506222,0.445502878979,0.));
#3111 = ORIENTED_EDGE('',*,*,#3112,.T.);
#3112 = EDGE_CURVE('',#3105,#3113,#3115,.T.);
#3113 = VERTEX_POINT('',#3114);
#3114 = CARTESIAN_POINT('',(214.805809,-60.670199,0.96));
#3115 = CIRCLE('',#3116,3.611001720798);
#3116 = AXIS2_PLACEMENT_3D('',#3117,#3118,#3119);
#3117 = CARTESIAN_POINT('',(215.63921744929,-64.18371060297,0.96));
#3118 = DIRECTION('',(0.,0.,-1.));
#3119 = DIRECTION('',(-0.425451597114,0.904981181304,0.));
#3120 = ORIENTED_EDGE('',*,*,#3121,.T.);
#3121 = EDGE_CURVE('',#3113,#3122,#3124,.T.);
#3122 = VERTEX_POINT('',#3123);
#3123 = CARTESIAN_POINT('',(214.990948,-60.63176,0.96));
#3124 = LINE('',#3125,#3126);
#3125 = CARTESIAN_POINT('',(214.805809,-60.670199,0.96));
#3126 = VECTOR('',#3127,1.);
#3127 = DIRECTION('',(0.979119182174,0.203287055907,0.));
#3128 = ORIENTED_EDGE('',*,*,#3129,.T.);
#3129 = EDGE_CURVE('',#3122,#3130,#3132,.T.);
#3130 = VERTEX_POINT('',#3131);
#3131 = CARTESIAN_POINT('',(215.570262,-60.576092,0.96));
#3132 = CIRCLE('',#3133,3.572828979394);
#3133 = AXIS2_PLACEMENT_3D('',#3134,#3135,#3136);
#3134 = CARTESIAN_POINT('',(215.62121915832,-64.14855757492,0.96));
#3135 = DIRECTION('',(0.,0.,-1.));
#3136 = DIRECTION('',(-0.176406752731,0.984317356136,0.));
#3137 = ORIENTED_EDGE('',*,*,#3138,.T.);
#3138 = EDGE_CURVE('',#3130,#3139,#3141,.T.);
#3139 = VERTEX_POINT('',#3140);
#3140 = CARTESIAN_POINT('',(215.810234,-60.579315,0.96));
#3141 = LINE('',#3142,#3143);
#3142 = CARTESIAN_POINT('',(215.570262,-60.576092,0.96));
#3143 = VECTOR('',#3144,1.);
#3144 = DIRECTION('',(0.999909819898,-1.342952240065E-02,0.));
#3145 = ORIENTED_EDGE('',*,*,#3146,.T.);
#3146 = EDGE_CURVE('',#3139,#3147,#3149,.T.);
#3147 = VERTEX_POINT('',#3148);
#3148 = CARTESIAN_POINT('',(216.258348,-60.590678,0.96));
#3149 = LINE('',#3150,#3151);
#3150 = CARTESIAN_POINT('',(215.810234,-60.579315,0.96));
#3151 = VECTOR('',#3152,1.);
#3152 = DIRECTION('',(0.999678656428,-2.534923830317E-02,0.));
#3153 = ORIENTED_EDGE('',*,*,#3154,.T.);
#3154 = EDGE_CURVE('',#3147,#3155,#3157,.T.);
#3155 = VERTEX_POINT('',#3156);
#3156 = CARTESIAN_POINT('',(216.474473,-60.606379,0.96));
#3157 = LINE('',#3158,#3159);
#3158 = CARTESIAN_POINT('',(216.258348,-60.590678,0.96));
#3159 = VECTOR('',#3160,1.);
#3160 = DIRECTION('',(0.997371550081,-7.245682224554E-02,0.));
#3161 = ORIENTED_EDGE('',*,*,#3162,.T.);
#3162 = EDGE_CURVE('',#3155,#3163,#3165,.T.);
#3163 = VERTEX_POINT('',#3164);
#3164 = CARTESIAN_POINT('',(216.686544,-60.633036,0.96));
#3165 = LINE('',#3166,#3167);
#3166 = CARTESIAN_POINT('',(216.474473,-60.606379,0.96));
#3167 = VECTOR('',#3168,1.);
#3168 = DIRECTION('',(0.992192347882,-0.124717058992,0.));
#3169 = ORIENTED_EDGE('',*,*,#3170,.T.);
#3170 = EDGE_CURVE('',#3163,#3171,#3173,.T.);
#3171 = VERTEX_POINT('',#3172);
#3172 = CARTESIAN_POINT('',(216.895494,-60.673852,0.96));
#3173 = LINE('',#3174,#3175);
#3174 = CARTESIAN_POINT('',(216.686544,-60.633036,0.96));
#3175 = VECTOR('',#3176,1.);
#3176 = DIRECTION('',(0.981450603924,-0.191715184732,0.));
#3177 = ORIENTED_EDGE('',*,*,#3178,.T.);
#3178 = EDGE_CURVE('',#3171,#3179,#3181,.T.);
#3179 = VERTEX_POINT('',#3180);
#3180 = CARTESIAN_POINT('',(217.51288,-60.913297,0.96));
#3181 = CIRCLE('',#3182,2.349202917254);
#3182 = AXIS2_PLACEMENT_3D('',#3183,#3184,#3185);
#3183 = CARTESIAN_POINT('',(216.36320835104,-62.9619574028,0.96));
#3184 = DIRECTION('',(0.,0.,-1.));
#3185 = DIRECTION('',(0.226581384283,0.973992236261,0.));
#3186 = ORIENTED_EDGE('',*,*,#3187,.T.);
#3187 = EDGE_CURVE('',#3179,#3188,#3190,.T.);
#3188 = VERTEX_POINT('',#3189);
#3189 = CARTESIAN_POINT('',(217.702795,-61.044265,0.96));
#3190 = LINE('',#3191,#3192);
#3191 = CARTESIAN_POINT('',(217.51288,-60.913297,0.96));
#3192 = VECTOR('',#3193,1.);
#3193 = DIRECTION('',(0.823228713337,-0.567709860349,0.));
#3194 = ORIENTED_EDGE('',*,*,#3195,.T.);
#3195 = EDGE_CURVE('',#3188,#3196,#3198,.T.);
#3196 = VERTEX_POINT('',#3197);
#3197 = CARTESIAN_POINT('',(218.418252,-61.697229,0.96));
#3198 = CIRCLE('',#3199,3.151911463291);
#3199 = AXIS2_PLACEMENT_3D('',#3200,#3201,#3202);
#3200 = CARTESIAN_POINT('',(215.96101493979,-63.67119250076,0.96));
#3201 = DIRECTION('',(0.,0.,-1.));
#3202 = DIRECTION('',(0.552610719081,0.833439495798,0.));
#3203 = ORIENTED_EDGE('',*,*,#3204,.T.);
#3204 = EDGE_CURVE('',#3196,#3205,#3207,.T.);
#3205 = VERTEX_POINT('',#3206);
#3206 = CARTESIAN_POINT('',(218.560747,-61.884556,0.96));
#3207 = LINE('',#3208,#3209);
#3208 = CARTESIAN_POINT('',(218.418252,-61.697229,0.96));
#3209 = VECTOR('',#3210,1.);
#3210 = DIRECTION('',(0.605423843691,-0.795903241286,0.));
#3211 = ORIENTED_EDGE('',*,*,#3212,.T.);
#3212 = EDGE_CURVE('',#3205,#3213,#3215,.T.);
#3213 = VERTEX_POINT('',#3214);
#3214 = CARTESIAN_POINT('',(218.724717,-62.129375,0.96));
#3215 = LINE('',#3216,#3217);
#3216 = CARTESIAN_POINT('',(218.560747,-61.884556,0.96));
#3217 = VECTOR('',#3218,1.);
#3218 = DIRECTION('',(0.556478313407,-0.830862134597,0.));
#3219 = ORIENTED_EDGE('',*,*,#3220,.T.);
#3220 = EDGE_CURVE('',#3213,#3221,#3223,.T.);
#3221 = VERTEX_POINT('',#3222);
#3222 = CARTESIAN_POINT('',(218.78199,-62.241341,0.96));
#3223 = LINE('',#3224,#3225);
#3224 = CARTESIAN_POINT('',(218.724717,-62.129375,0.96));
#3225 = VECTOR('',#3226,1.);
#3226 = DIRECTION('',(0.455400620535,-0.890286625091,0.));
#3227 = ORIENTED_EDGE('',*,*,#3228,.T.);
#3228 = EDGE_CURVE('',#3221,#3229,#3231,.T.);
#3229 = VERTEX_POINT('',#3230);
#3230 = CARTESIAN_POINT('',(219.064913,-62.72072,0.96));
#3231 = LINE('',#3232,#3233);
#3232 = CARTESIAN_POINT('',(218.78199,-62.241341,0.96));
#3233 = VECTOR('',#3234,1.);
#3234 = DIRECTION('',(0.508267978939,-0.861198967478,0.));
#3235 = ORIENTED_EDGE('',*,*,#3236,.T.);
#3236 = EDGE_CURVE('',#3229,#3237,#3239,.T.);
#3237 = VERTEX_POINT('',#3238);
#3238 = CARTESIAN_POINT('',(219.136945,-62.550454,0.96));
#3239 = LINE('',#3240,#3241);
#3240 = CARTESIAN_POINT('',(219.064913,-62.72072,0.96));
#3241 = VECTOR('',#3242,1.);
#3242 = DIRECTION('',(0.38962340398,0.920974268409,0.));
#3243 = ORIENTED_EDGE('',*,*,#3244,.T.);
#3244 = EDGE_CURVE('',#3237,#3245,#3247,.T.);
#3245 = VERTEX_POINT('',#3246);
#3246 = CARTESIAN_POINT('',(219.169687,-62.301606,0.96));
#3247 = LINE('',#3248,#3249);
#3248 = CARTESIAN_POINT('',(219.136945,-62.550454,0.96));
#3249 = VECTOR('',#3250,1.);
#3250 = DIRECTION('',(0.130449977821,0.99145489221,0.));
#3251 = ORIENTED_EDGE('',*,*,#3252,.T.);
#3252 = EDGE_CURVE('',#3245,#3253,#3255,.T.);
#3253 = VERTEX_POINT('',#3254);
#3254 = CARTESIAN_POINT('',(219.11695,-62.165334,0.96));
#3255 = LINE('',#3256,#3257);
#3256 = CARTESIAN_POINT('',(219.169687,-62.301606,0.96));
#3257 = VECTOR('',#3258,1.);
#3258 = DIRECTION('',(-0.360914039708,0.932599086393,0.));
#3259 = ORIENTED_EDGE('',*,*,#3260,.T.);
#3260 = EDGE_CURVE('',#3253,#3261,#3263,.T.);
#3261 = VERTEX_POINT('',#3262);
#3262 = CARTESIAN_POINT('',(219.041103,-62.005821,0.96));
#3263 = LINE('',#3264,#3265);
#3264 = CARTESIAN_POINT('',(219.11695,-62.165334,0.96));
#3265 = VECTOR('',#3266,1.);
#3266 = DIRECTION('',(-0.429418594034,0.903105570295,0.));
#3267 = ORIENTED_EDGE('',*,*,#3268,.T.);
#3268 = EDGE_CURVE('',#3261,#3269,#3271,.T.);
#3269 = VERTEX_POINT('',#3270);
#3270 = CARTESIAN_POINT('',(218.855352,-61.672938,0.96));
#3271 = LINE('',#3272,#3273);
#3272 = CARTESIAN_POINT('',(219.041103,-62.005821,0.96));
#3273 = VECTOR('',#3274,1.);
#3274 = DIRECTION('',(-0.48727782292,0.873247000161,0.));
#3275 = ORIENTED_EDGE('',*,*,#3276,.T.);
#3276 = EDGE_CURVE('',#3269,#3277,#3279,.T.);
#3277 = VERTEX_POINT('',#3278);
#3278 = CARTESIAN_POINT('',(218.848581,-61.672938,0.96));
#3279 = LINE('',#3280,#3281);
#3280 = CARTESIAN_POINT('',(218.855352,-61.672938,0.96));
#3281 = VECTOR('',#3282,1.);
#3282 = DIRECTION('',(-1.,0.,0.));
#3283 = ORIENTED_EDGE('',*,*,#3284,.T.);
#3284 = EDGE_CURVE('',#3277,#3285,#3287,.T.);
#3285 = VERTEX_POINT('',#3286);
#3286 = CARTESIAN_POINT('',(218.478925,-61.185846,0.96));
#3287 = CIRCLE('',#3288,3.935671887343);
#3288 = AXIS2_PLACEMENT_3D('',#3289,#3290,#3291);
#3289 = CARTESIAN_POINT('',(215.53813920509,-63.80143238039,0.96));
#3290 = DIRECTION('',(0.,0.,1.));
#3291 = DIRECTION('',(0.841137648072,0.540821095184,-0.));
#3292 = ORIENTED_EDGE('',*,*,#3293,.T.);
#3293 = EDGE_CURVE('',#3285,#3294,#3296,.T.);
#3294 = VERTEX_POINT('',#3295);
#3295 = CARTESIAN_POINT('',(218.252479,-60.94637,0.96));
#3296 = LINE('',#3297,#3298);
#3297 = CARTESIAN_POINT('',(218.478925,-61.185846,0.96));
#3298 = VECTOR('',#3299,1.);
#3299 = DIRECTION('',(-0.687063170866,0.726597687335,0.));
#3300 = ORIENTED_EDGE('',*,*,#3301,.T.);
#3301 = EDGE_CURVE('',#3294,#3302,#3304,.T.);
#3302 = VERTEX_POINT('',#3303);
#3303 = CARTESIAN_POINT('',(218.010674,-60.721199,0.96));
#3304 = LINE('',#3305,#3306);
#3305 = CARTESIAN_POINT('',(218.252479,-60.94637,0.96));
#3306 = VECTOR('',#3307,1.);
#3307 = DIRECTION('',(-0.731830263725,0.681486951523,0.));
#3308 = ORIENTED_EDGE('',*,*,#3309,.T.);
#3309 = EDGE_CURVE('',#3302,#3310,#3312,.T.);
#3310 = VERTEX_POINT('',#3311);
#3311 = CARTESIAN_POINT('',(217.756569,-60.509594,0.96));
#3312 = LINE('',#3313,#3314);
#3313 = CARTESIAN_POINT('',(218.010674,-60.721199,0.96));
#3314 = VECTOR('',#3315,1.);
#3315 = DIRECTION('',(-0.768443084627,0.639918139834,0.));
#3316 = ORIENTED_EDGE('',*,*,#3317,.T.);
#3317 = EDGE_CURVE('',#3310,#3318,#3320,.T.);
#3318 = VERTEX_POINT('',#3319);
#3319 = CARTESIAN_POINT('',(217.493237,-60.310825,0.96));
#3320 = LINE('',#3321,#3322);
#3321 = CARTESIAN_POINT('',(217.756569,-60.509594,0.96));
#3322 = VECTOR('',#3323,1.);
#3323 = DIRECTION('',(-0.798148534079,0.602460718676,0.));
#3324 = ORIENTED_EDGE('',*,*,#3325,.T.);
#3325 = EDGE_CURVE('',#3318,#3326,#3328,.T.);
#3326 = VERTEX_POINT('',#3327);
#3327 = CARTESIAN_POINT('',(216.828578,-59.981929,0.96));
#3328 = CIRCLE('',#3329,4.216646760896);
#3329 = AXIS2_PLACEMENT_3D('',#3330,#3331,#3332);
#3330 = CARTESIAN_POINT('',(215.29804465819,-63.91099728596,0.96));
#3331 = DIRECTION('',(0.,0.,1.));
#3332 = DIRECTION('',(0.520601431964,0.853799829607,-0.));
#3333 = ORIENTED_EDGE('',*,*,#3334,.T.);
#3334 = EDGE_CURVE('',#3326,#3335,#3337,.T.);
#3335 = VERTEX_POINT('',#3336);
#3336 = CARTESIAN_POINT('',(216.605145,-59.903131,0.96));
#3337 = LINE('',#3338,#3339);
#3338 = CARTESIAN_POINT('',(216.828578,-59.981929,0.96));
#3339 = VECTOR('',#3340,1.);
#3340 = DIRECTION('',(-0.943070722439,0.332592261603,0.));
#3341 = ORIENTED_EDGE('',*,*,#3342,.T.);
#3342 = EDGE_CURVE('',#3335,#2544,#3343,.T.);
#3343 = CIRCLE('',#3344,3.801169459736);
#3344 = AXIS2_PLACEMENT_3D('',#3345,#3346,#3347);
#3345 = CARTESIAN_POINT('',(215.44882730515,-63.52415553046,0.96));
#3346 = DIRECTION('',(0.,0.,1.));
#3347 = DIRECTION('',(0.304200511735,0.952608024667,-0.));
#3348 = FACE_BOUND('',#3349,.F.);
#3349 = EDGE_LOOP('',(#3350,#3360,#3368,#3377,#3385,#3394,#3402,#3411,
    #3419,#3428,#3436,#3445,#3453,#3461,#3470,#3478,#3487,#3495,#3504,
    #3512,#3521,#3529,#3538,#3546,#3555,#3563,#3572,#3580,#3588,#3596,
    #3604,#3612,#3620,#3629,#3637,#3645,#3653,#3661,#3669,#3677,#3685,
    #3694,#3702,#3711,#3719,#3728,#3736,#3745,#3753,#3762,#3770,#3779,
    #3787,#3796,#3804,#3813,#3821,#3830,#3838,#3846,#3854,#3862,#3870));
#3350 = ORIENTED_EDGE('',*,*,#3351,.T.);
#3351 = EDGE_CURVE('',#3352,#3354,#3356,.T.);
#3352 = VERTEX_POINT('',#3353);
#3353 = CARTESIAN_POINT('',(212.987768,-62.825498,0.96));
#3354 = VERTEX_POINT('',#3355);
#3355 = CARTESIAN_POINT('',(213.302104,-62.301606,0.96));
#3356 = LINE('',#3357,#3358);
#3357 = CARTESIAN_POINT('',(212.987768,-62.825498,0.96));
#3358 = VECTOR('',#3359,1.);
#3359 = DIRECTION('',(0.514496718235,0.857492348027,0.));
#3360 = ORIENTED_EDGE('',*,*,#3361,.T.);
#3361 = EDGE_CURVE('',#3354,#3362,#3364,.T.);
#3362 = VERTEX_POINT('',#3363);
#3363 = CARTESIAN_POINT('',(213.197326,-62.09205,0.96));
#3364 = LINE('',#3365,#3366);
#3365 = CARTESIAN_POINT('',(213.302104,-62.301606,0.96));
#3366 = VECTOR('',#3367,1.);
#3367 = DIRECTION('',(-0.4472135955,0.894427191,0.));
#3368 = ORIENTED_EDGE('',*,*,#3369,.T.);
#3369 = EDGE_CURVE('',#3362,#3370,#3372,.T.);
#3370 = VERTEX_POINT('',#3371);
#3371 = CARTESIAN_POINT('',(212.822951,-62.542446,0.96));
#3372 = CIRCLE('',#3373,3.229569333854);
#3373 = AXIS2_PLACEMENT_3D('',#3374,#3375,#3376);
#3374 = CARTESIAN_POINT('',(215.48351951799,-64.37315439928,0.96));
#3375 = DIRECTION('',(0.,0.,1.));
#3376 = DIRECTION('',(-0.707894236557,0.706318447904,0.));
#3377 = ORIENTED_EDGE('',*,*,#3378,.T.);
#3378 = EDGE_CURVE('',#3370,#3379,#3381,.T.);
#3379 = VERTEX_POINT('',#3380);
#3380 = CARTESIAN_POINT('',(212.742002,-62.665637,0.96));
#3381 = LINE('',#3382,#3383);
#3382 = CARTESIAN_POINT('',(212.822951,-62.542446,0.96));
#3383 = VECTOR('',#3384,1.);
#3384 = DIRECTION('',(-0.549153790654,-0.835721313722,0.));
#3385 = ORIENTED_EDGE('',*,*,#3386,.T.);
#3386 = EDGE_CURVE('',#3379,#3387,#3389,.T.);
#3387 = VERTEX_POINT('',#3388);
#3388 = CARTESIAN_POINT('',(212.474646,-63.19118,0.96));
#3389 = CIRCLE('',#3390,3.325045263123);
#3390 = AXIS2_PLACEMENT_3D('',#3391,#3392,#3393);
#3391 = CARTESIAN_POINT('',(215.56024948333,-64.43012194594,0.96));
#3392 = DIRECTION('',(0.,0.,1.));
#3393 = DIRECTION('',(-0.847581689968,0.530664940269,0.));
#3394 = ORIENTED_EDGE('',*,*,#3395,.T.);
#3395 = EDGE_CURVE('',#3387,#3396,#3398,.T.);
#3396 = VERTEX_POINT('',#3397);
#3397 = CARTESIAN_POINT('',(212.355981,-63.509843,0.96));
#3398 = LINE('',#3399,#3400);
#3399 = CARTESIAN_POINT('',(212.474646,-63.19118,0.96));
#3400 = VECTOR('',#3401,1.);
#3401 = DIRECTION('',(-0.348973215261,-0.937132698731,0.));
#3402 = ORIENTED_EDGE('',*,*,#3403,.T.);
#3403 = EDGE_CURVE('',#3396,#3404,#3406,.T.);
#3404 = VERTEX_POINT('',#3405);
#3405 = CARTESIAN_POINT('',(212.189922,-64.114319,0.96));
#3406 = CIRCLE('',#3407,4.246720785379);
#3407 = AXIS2_PLACEMENT_3D('',#3408,#3409,#3410);
#3408 = CARTESIAN_POINT('',(216.35679138451,-64.93397561183,0.96));
#3409 = DIRECTION('',(0.,0.,1.));
#3410 = DIRECTION('',(-0.942094050142,0.335348774692,0.));
#3411 = ORIENTED_EDGE('',*,*,#3412,.T.);
#3412 = EDGE_CURVE('',#3404,#3413,#3415,.T.);
#3413 = VERTEX_POINT('',#3414);
#3414 = CARTESIAN_POINT('',(212.15624,-64.31441,0.96));
#3415 = LINE('',#3416,#3417);
#3416 = CARTESIAN_POINT('',(212.189922,-64.114319,0.96));
#3417 = VECTOR('',#3418,1.);
#3418 = DIRECTION('',(-0.165997966572,-0.986126094926,0.));
#3419 = ORIENTED_EDGE('',*,*,#3420,.T.);
#3420 = EDGE_CURVE('',#3413,#3421,#3423,.T.);
#3421 = VERTEX_POINT('',#3422);
#3422 = CARTESIAN_POINT('',(212.142535,-65.311582,0.96));
#3423 = CIRCLE('',#3424,3.942653943961);
#3424 = AXIS2_PLACEMENT_3D('',#3425,#3426,#3427);
#3425 = CARTESIAN_POINT('',(216.06001358951,-64.86674312743,0.96));
#3426 = DIRECTION('',(0.,0.,1.));
#3427 = DIRECTION('',(-0.990138532318,0.140091708601,0.));
#3428 = ORIENTED_EDGE('',*,*,#3429,.T.);
#3429 = EDGE_CURVE('',#3421,#3430,#3432,.T.);
#3430 = VERTEX_POINT('',#3431);
#3431 = CARTESIAN_POINT('',(212.169512,-65.511486,0.96));
#3432 = LINE('',#3433,#3434);
#3433 = CARTESIAN_POINT('',(212.142535,-65.311582,0.96));
#3434 = VECTOR('',#3435,1.);
#3435 = DIRECTION('',(0.133737494031,-0.991016792335,0.));
#3436 = ORIENTED_EDGE('',*,*,#3437,.T.);
#3437 = EDGE_CURVE('',#3430,#3438,#3440,.T.);
#3438 = VERTEX_POINT('',#3439);
#3439 = CARTESIAN_POINT('',(212.306746,-66.115039,0.96));
#3440 = CIRCLE('',#3441,4.774538236974);
#3441 = AXIS2_PLACEMENT_3D('',#3442,#3443,#3444);
#3442 = CARTESIAN_POINT('',(216.88404261901,-64.75688914158,0.96));
#3443 = DIRECTION('',(0.,0.,1.));
#3444 = DIRECTION('',(-0.987431744185,-0.15804603942,0.));
#3445 = ORIENTED_EDGE('',*,*,#3446,.T.);
#3446 = EDGE_CURVE('',#3438,#3447,#3449,.T.);
#3447 = VERTEX_POINT('',#3448);
#3448 = CARTESIAN_POINT('',(212.370679,-66.318037,0.96));
#3449 = LINE('',#3450,#3451);
#3450 = CARTESIAN_POINT('',(212.306746,-66.115039,0.96));
#3451 = VECTOR('',#3452,1.);
#3452 = DIRECTION('',(0.30039797194,-0.953813953795,0.));
#3453 = ORIENTED_EDGE('',*,*,#3454,.T.);
#3454 = EDGE_CURVE('',#3447,#3455,#3457,.T.);
#3455 = VERTEX_POINT('',#3456);
#3456 = CARTESIAN_POINT('',(212.443412,-66.522213,0.96));
#3457 = LINE('',#3458,#3459);
#3458 = CARTESIAN_POINT('',(212.370679,-66.318037,0.96));
#3459 = VECTOR('',#3460,1.);
#3460 = DIRECTION('',(0.335571115028,-0.942014876081,0.));
#3461 = ORIENTED_EDGE('',*,*,#3462,.T.);
#3462 = EDGE_CURVE('',#3455,#3463,#3465,.T.);
#3463 = VERTEX_POINT('',#3464);
#3464 = CARTESIAN_POINT('',(212.835362,-67.248018,0.96));
#3465 = CIRCLE('',#3466,5.060316593948);
#3466 = AXIS2_PLACEMENT_3D('',#3467,#3468,#3469);
#3467 = CARTESIAN_POINT('',(217.07713395672,-64.48863859547,0.96));
#3468 = DIRECTION('',(0.,0.,1.));
#3469 = DIRECTION('',(-0.915698034046,-0.401867030801,0.));
#3470 = ORIENTED_EDGE('',*,*,#3471,.T.);
#3471 = EDGE_CURVE('',#3463,#3472,#3474,.T.);
#3472 = VERTEX_POINT('',#3473);
#3473 = CARTESIAN_POINT('',(212.987991,-67.468761,0.96));
#3474 = LINE('',#3475,#3476);
#3475 = CARTESIAN_POINT('',(212.835362,-67.248018,0.96));
#3476 = VECTOR('',#3477,1.);
#3477 = DIRECTION('',(0.568723537884,-0.822528745672,0.));
#3478 = ORIENTED_EDGE('',*,*,#3479,.T.);
#3479 = EDGE_CURVE('',#3472,#3480,#3482,.T.);
#3480 = VERTEX_POINT('',#3481);
#3481 = CARTESIAN_POINT('',(213.699747,-68.250679,0.96));
#3482 = CIRCLE('',#3483,5.03164452436);
#3483 = AXIS2_PLACEMENT_3D('',#3484,#3485,#3486);
#3484 = CARTESIAN_POINT('',(217.04420502368,-64.49141748378,0.96));
#3485 = DIRECTION('',(0.,0.,1.));
#3486 = DIRECTION('',(-0.806140816198,-0.591723739983,0.));
#3487 = ORIENTED_EDGE('',*,*,#3488,.T.);
#3488 = EDGE_CURVE('',#3480,#3489,#3491,.T.);
#3489 = VERTEX_POINT('',#3490);
#3490 = CARTESIAN_POINT('',(213.901372,-68.421812,0.96));
#3491 = LINE('',#3492,#3493);
#3492 = CARTESIAN_POINT('',(213.699747,-68.250679,0.96));
#3493 = VECTOR('',#3494,1.);
#3494 = DIRECTION('',(0.762402344462,-0.64710328786,0.));
#3495 = ORIENTED_EDGE('',*,*,#3496,.T.);
#3496 = EDGE_CURVE('',#3489,#3497,#3499,.T.);
#3497 = VERTEX_POINT('',#3498);
#3498 = CARTESIAN_POINT('',(214.557923,-68.879708,0.96));
#3499 = CIRCLE('',#3500,5.781597340488);
#3500 = AXIS2_PLACEMENT_3D('',#3501,#3502,#3503);
#3501 = CARTESIAN_POINT('',(217.52904604951,-63.91994030058,0.96));
#3502 = DIRECTION('',(0.,0.,1.));
#3503 = DIRECTION('',(-0.627451867689,-0.778655349775,0.));
#3504 = ORIENTED_EDGE('',*,*,#3505,.T.);
#3505 = EDGE_CURVE('',#3497,#3506,#3508,.T.);
#3506 = VERTEX_POINT('',#3507);
#3507 = CARTESIAN_POINT('',(214.792906,-69.01446,0.96));
#3508 = LINE('',#3509,#3510);
#3509 = CARTESIAN_POINT('',(214.557923,-68.879708,0.96));
#3510 = VECTOR('',#3511,1.);
#3511 = DIRECTION('',(0.867485164061,-0.49746305404,0.));
#3512 = ORIENTED_EDGE('',*,*,#3513,.T.);
#3513 = EDGE_CURVE('',#3506,#3514,#3516,.T.);
#3514 = VERTEX_POINT('',#3515);
#3515 = CARTESIAN_POINT('',(215.54174,-69.367595,0.96));
#3516 = CIRCLE('',#3517,7.144802284558);
#3517 = AXIS2_PLACEMENT_3D('',#3518,#3519,#3520);
#3518 = CARTESIAN_POINT('',(218.20968438353,-62.73960341492,0.96));
#3519 = DIRECTION('',(0.,0.,1.));
#3520 = DIRECTION('',(-0.478218745244,-0.878240759528,0.));
#3521 = ORIENTED_EDGE('',*,*,#3522,.T.);
#3522 = EDGE_CURVE('',#3514,#3523,#3525,.T.);
#3523 = VERTEX_POINT('',#3524);
#3524 = CARTESIAN_POINT('',(215.800541,-69.440096,0.96));
#3525 = LINE('',#3526,#3527);
#3526 = CARTESIAN_POINT('',(215.54174,-69.367595,0.96));
#3527 = VECTOR('',#3528,1.);
#3528 = DIRECTION('',(0.96292853748,-0.269756615685,0.));
#3529 = ORIENTED_EDGE('',*,*,#3530,.T.);
#3530 = EDGE_CURVE('',#3523,#3531,#3533,.T.);
#3531 = VERTEX_POINT('',#3532);
#3532 = CARTESIAN_POINT('',(216.605434,-69.581838,0.96));
#3533 = CIRCLE('',#3534,5.654696318285);
#3534 = AXIS2_PLACEMENT_3D('',#3535,#3536,#3537);
#3535 = CARTESIAN_POINT('',(217.18112743257,-63.95652311781,0.96));
#3536 = DIRECTION('',(0.,0.,1.));
#3537 = DIRECTION('',(-0.24414864298,-0.969737820306,0.));
#3538 = ORIENTED_EDGE('',*,*,#3539,.T.);
#3539 = EDGE_CURVE('',#3531,#3540,#3542,.T.);
#3540 = VERTEX_POINT('',#3541);
#3541 = CARTESIAN_POINT('',(216.880166,-69.604107,0.96));
#3542 = LINE('',#3543,#3544);
#3543 = CARTESIAN_POINT('',(216.605434,-69.581838,0.96));
#3544 = VECTOR('',#3545,1.);
#3545 = DIRECTION('',(0.996730967152,-8.079219715032E-02,0.));
#3546 = ORIENTED_EDGE('',*,*,#3547,.T.);
#3547 = EDGE_CURVE('',#3540,#3548,#3550,.T.);
#3548 = VERTEX_POINT('',#3549);
#3549 = CARTESIAN_POINT('',(218.26082,-69.531904,0.96));
#3550 = CIRCLE('',#3551,6.304679018948);
#3551 = AXIS2_PLACEMENT_3D('',#3552,#3553,#3554);
#3552 = CARTESIAN_POINT('',(217.24321713288,-63.30988970101,0.96));
#3553 = DIRECTION('',(0.,0.,1.));
#3554 = DIRECTION('',(-5.758439593752E-02,-0.998340641938,0.));
#3555 = ORIENTED_EDGE('',*,*,#3556,.T.);
#3556 = EDGE_CURVE('',#3548,#3557,#3559,.T.);
#3557 = VERTEX_POINT('',#3558);
#3558 = CARTESIAN_POINT('',(218.531923,-69.481336,0.96));
#3559 = LINE('',#3560,#3561);
#3560 = CARTESIAN_POINT('',(218.26082,-69.531904,0.96));
#3561 = VECTOR('',#3562,1.);
#3562 = DIRECTION('',(0.983045025065,0.183364333215,0.));
#3563 = ORIENTED_EDGE('',*,*,#3564,.T.);
#3564 = EDGE_CURVE('',#3557,#3565,#3567,.T.);
#3565 = VERTEX_POINT('',#3566);
#3566 = CARTESIAN_POINT('',(219.318678,-69.258875,0.96));
#3567 = CIRCLE('',#3568,5.891033250999);
#3568 = AXIS2_PLACEMENT_3D('',#3569,#3570,#3571);
#3569 = CARTESIAN_POINT('',(217.32627479064,-63.71499529209,0.96));
#3570 = DIRECTION('',(0.,0.,1.));
#3571 = DIRECTION('',(0.204658191184,-0.978833502073,0.));
#3572 = ORIENTED_EDGE('',*,*,#3573,.T.);
#3573 = EDGE_CURVE('',#3565,#3574,#3576,.T.);
#3574 = VERTEX_POINT('',#3575);
#3575 = CARTESIAN_POINT('',(219.569016,-69.161414,0.96));
#3576 = LINE('',#3577,#3578);
#3577 = CARTESIAN_POINT('',(219.318678,-69.258875,0.96));
#3578 = VECTOR('',#3579,1.);
#3579 = DIRECTION('',(0.931869640819,0.362793291725,0.));
#3580 = ORIENTED_EDGE('',*,*,#3581,.T.);
#3581 = EDGE_CURVE('',#3574,#3582,#3584,.T.);
#3582 = VERTEX_POINT('',#3583);
#3583 = CARTESIAN_POINT('',(219.811866,-69.052447,0.96));
#3584 = LINE('',#3585,#3586);
#3585 = CARTESIAN_POINT('',(219.569016,-69.161414,0.96));
#3586 = VECTOR('',#3587,1.);
#3587 = DIRECTION('',(0.912364537258,0.409378738033,0.));
#3588 = ORIENTED_EDGE('',*,*,#3589,.T.);
#3589 = EDGE_CURVE('',#3582,#3590,#3592,.T.);
#3590 = VERTEX_POINT('',#3591);
#3591 = CARTESIAN_POINT('',(220.112692,-68.902642,0.96));
#3592 = LINE('',#3593,#3594);
#3593 = CARTESIAN_POINT('',(219.811866,-69.052447,0.96));
#3594 = VECTOR('',#3595,1.);
#3595 = DIRECTION('',(0.895149695456,0.445765658978,0.));
#3596 = ORIENTED_EDGE('',*,*,#3597,.T.);
#3597 = EDGE_CURVE('',#3590,#3598,#3600,.T.);
#3598 = VERTEX_POINT('',#3599);
#3599 = CARTESIAN_POINT('',(220.248154,-68.840234,0.96));
#3600 = LINE('',#3601,#3602);
#3601 = CARTESIAN_POINT('',(220.112692,-68.902642,0.96));
#3602 = VECTOR('',#3603,1.);
#3603 = DIRECTION('',(0.908247247933,0.418433909503,0.));
#3604 = ORIENTED_EDGE('',*,*,#3605,.T.);
#3605 = EDGE_CURVE('',#3598,#3606,#3608,.T.);
#3606 = VERTEX_POINT('',#3607);
#3607 = CARTESIAN_POINT('',(220.504041,-68.712897,0.96));
#3608 = LINE('',#3609,#3610);
#3609 = CARTESIAN_POINT('',(220.248154,-68.840234,0.96));
#3610 = VECTOR('',#3611,1.);
#3611 = DIRECTION('',(0.895274367056,0.445515216005,0.));
#3612 = ORIENTED_EDGE('',*,*,#3613,.T.);
#3613 = EDGE_CURVE('',#3606,#3614,#3616,.T.);
#3614 = VERTEX_POINT('',#3615);
#3615 = CARTESIAN_POINT('',(220.68277,-68.606251,0.96));
#3616 = LINE('',#3617,#3618);
#3617 = CARTESIAN_POINT('',(220.504041,-68.712897,0.96));
#3618 = VECTOR('',#3619,1.);
#3619 = DIRECTION('',(0.858743989986,0.512404878649,0.));
#3620 = ORIENTED_EDGE('',*,*,#3621,.T.);
#3621 = EDGE_CURVE('',#3614,#3622,#3624,.T.);
#3622 = VERTEX_POINT('',#3623);
#3623 = CARTESIAN_POINT('',(221.0557,-68.273975,0.96));
#3624 = CIRCLE('',#3625,1.66985010083);
#3625 = AXIS2_PLACEMENT_3D('',#3626,#3627,#3628);
#3626 = CARTESIAN_POINT('',(219.77088008478,-67.20737425711,0.96));
#3627 = DIRECTION('',(0.,0.,1.));
#3628 = DIRECTION('',(0.546090882504,-0.837725938506,0.));
#3629 = ORIENTED_EDGE('',*,*,#3630,.T.);
#3630 = EDGE_CURVE('',#3622,#3631,#3633,.T.);
#3631 = VERTEX_POINT('',#3632);
#3632 = CARTESIAN_POINT('',(221.080473,-68.114179,0.96));
#3633 = LINE('',#3634,#3635);
#3634 = CARTESIAN_POINT('',(221.0557,-68.273975,0.96));
#3635 = VECTOR('',#3636,1.);
#3636 = DIRECTION('',(0.153198854617,0.988195380957,0.));
#3637 = ORIENTED_EDGE('',*,*,#3638,.T.);
#3638 = EDGE_CURVE('',#3631,#3639,#3641,.T.);
#3639 = VERTEX_POINT('',#3640);
#3640 = CARTESIAN_POINT('',(221.101751,-67.878761,0.96));
#3641 = LINE('',#3642,#3643);
#3642 = CARTESIAN_POINT('',(221.080473,-68.114179,0.96));
#3643 = VECTOR('',#3644,1.);
#3644 = DIRECTION('',(9.001697508373E-02,0.995940231237,0.));
#3645 = ORIENTED_EDGE('',*,*,#3646,.T.);
#3646 = EDGE_CURVE('',#3639,#3647,#3649,.T.);
#3647 = VERTEX_POINT('',#3648);
#3648 = CARTESIAN_POINT('',(221.106252,-67.645969,0.96));
#3649 = LINE('',#3650,#3651);
#3650 = CARTESIAN_POINT('',(221.101751,-67.878761,0.96));
#3651 = VECTOR('',#3652,1.);
#3652 = DIRECTION('',(1.933124384149E-02,0.999813134046,0.));
#3653 = ORIENTED_EDGE('',*,*,#3654,.T.);
#3654 = EDGE_CURVE('',#3647,#3655,#3657,.T.);
#3655 = VERTEX_POINT('',#3656);
#3656 = CARTESIAN_POINT('',(221.090576,-67.334807,0.96));
#3657 = LINE('',#3658,#3659);
#3658 = CARTESIAN_POINT('',(221.106252,-67.645969,0.96));
#3659 = VECTOR('',#3660,1.);
#3660 = DIRECTION('',(-5.031509206854E-02,0.998733393609,0.));
#3661 = ORIENTED_EDGE('',*,*,#3662,.T.);
#3662 = EDGE_CURVE('',#3655,#3663,#3665,.T.);
#3663 = VERTEX_POINT('',#3664);
#3664 = CARTESIAN_POINT('',(221.0557,-67.01663,0.96));
#3665 = LINE('',#3666,#3667);
#3666 = CARTESIAN_POINT('',(221.090576,-67.334807,0.96));
#3667 = VECTOR('',#3668,1.);
#3668 = DIRECTION('',(-0.108959338765,0.994046207425,0.));
#3669 = ORIENTED_EDGE('',*,*,#3670,.T.);
#3670 = EDGE_CURVE('',#3663,#3671,#3673,.T.);
#3671 = VERTEX_POINT('',#3672);
#3672 = CARTESIAN_POINT('',(220.729587,-67.259082,0.96));
#3673 = LINE('',#3674,#3675);
#3674 = CARTESIAN_POINT('',(221.0557,-67.01663,0.96));
#3675 = VECTOR('',#3676,1.);
#3676 = DIRECTION('',(-0.802512160277,-0.596635762093,0.));
#3677 = ORIENTED_EDGE('',*,*,#3678,.T.);
#3678 = EDGE_CURVE('',#3671,#3679,#3681,.T.);
#3679 = VERTEX_POINT('',#3680);
#3680 = CARTESIAN_POINT('',(220.391419,-67.484453,0.96));
#3681 = LINE('',#3682,#3683);
#3682 = CARTESIAN_POINT('',(220.729587,-67.259082,0.96));
#3683 = VECTOR('',#3684,1.);
#3684 = DIRECTION('',(-0.832134706118,-0.554573557677,0.));
#3685 = ORIENTED_EDGE('',*,*,#3686,.T.);
#3686 = EDGE_CURVE('',#3679,#3687,#3689,.T.);
#3687 = VERTEX_POINT('',#3688);
#3688 = CARTESIAN_POINT('',(219.565941,-67.895704,0.96));
#3689 = CIRCLE('',#3690,8.458548471317);
#3690 = AXIS2_PLACEMENT_3D('',#3691,#3692,#3693);
#3691 = CARTESIAN_POINT('',(216.21243309639,-60.13033041065,0.96));
#3692 = DIRECTION('',(0.,0.,-1.));
#3693 = DIRECTION('',(0.49405473265,-0.869430802966,0.));
#3694 = ORIENTED_EDGE('',*,*,#3695,.T.);
#3695 = EDGE_CURVE('',#3687,#3696,#3698,.T.);
#3696 = VERTEX_POINT('',#3697);
#3697 = CARTESIAN_POINT('',(219.284996,-68.009747,0.96));
#3698 = LINE('',#3699,#3700);
#3699 = CARTESIAN_POINT('',(219.565941,-67.895704,0.96));
#3700 = VECTOR('',#3701,1.);
#3701 = DIRECTION('',(-0.926571086574,-0.376119690424,0.));
#3702 = ORIENTED_EDGE('',*,*,#3703,.T.);
#3703 = EDGE_CURVE('',#3696,#3704,#3706,.T.);
#3704 = VERTEX_POINT('',#3705);
#3705 = CARTESIAN_POINT('',(218.426243,-68.276108,0.96));
#3706 = CIRCLE('',#3707,6.868007620698);
#3707 = AXIS2_PLACEMENT_3D('',#3708,#3709,#3710);
#3708 = CARTESIAN_POINT('',(216.82534595632,-61.59728644724,0.96));
#3709 = DIRECTION('',(0.,0.,-1.));
#3710 = DIRECTION('',(0.358131525111,-0.93367114699,0.));
#3711 = ORIENTED_EDGE('',*,*,#3712,.T.);
#3712 = EDGE_CURVE('',#3704,#3713,#3715,.T.);
#3713 = VERTEX_POINT('',#3714);
#3714 = CARTESIAN_POINT('',(218.135027,-68.338059,0.96));
#3715 = LINE('',#3716,#3717);
#3716 = CARTESIAN_POINT('',(218.426243,-68.276108,0.96));
#3717 = VECTOR('',#3718,1.);
#3718 = DIRECTION('',(-0.978112663366,-0.208075990358,0.));
#3719 = ORIENTED_EDGE('',*,*,#3720,.T.);
#3720 = EDGE_CURVE('',#3713,#3721,#3723,.T.);
#3721 = VERTEX_POINT('',#3722);
#3722 = CARTESIAN_POINT('',(217.247881,-68.436806,0.96));
#3723 = CIRCLE('',#3724,5.912485634276);
#3724 = AXIS2_PLACEMENT_3D('',#3725,#3726,#3727);
#3725 = CARTESIAN_POINT('',(217.03924891076,-62.52800248093,0.96));
#3726 = DIRECTION('',(0.,0.,-1.));
#3727 = DIRECTION('',(0.185332896689,-0.982675794657,0.));
#3728 = ORIENTED_EDGE('',*,*,#3729,.T.);
#3729 = EDGE_CURVE('',#3721,#3730,#3732,.T.);
#3730 = VERTEX_POINT('',#3731);
#3731 = CARTESIAN_POINT('',(216.948005,-68.439104,0.96));
#3732 = LINE('',#3733,#3734);
#3733 = CARTESIAN_POINT('',(217.247881,-68.436806,0.96));
#3734 = VECTOR('',#3735,1.);
#3735 = DIRECTION('',(-0.999970639226,-7.662942445999E-03,0.));
#3736 = ORIENTED_EDGE('',*,*,#3737,.T.);
#3737 = EDGE_CURVE('',#3730,#3738,#3740,.T.);
#3738 = VERTEX_POINT('',#3739);
#3739 = CARTESIAN_POINT('',(215.730421,-68.282572,0.96));
#3740 = CIRCLE('',#3741,5.660681208168);
#3741 = AXIS2_PLACEMENT_3D('',#3742,#3743,#3744);
#3742 = CARTESIAN_POINT('',(217.05675125323,-62.77946743985,0.96));
#3743 = DIRECTION('',(0.,0.,-1.));
#3744 = DIRECTION('',(-1.921080683236E-02,-0.999815455422,-0.));
#3745 = ORIENTED_EDGE('',*,*,#3746,.T.);
#3746 = EDGE_CURVE('',#3738,#3747,#3749,.T.);
#3747 = VERTEX_POINT('',#3748);
#3748 = CARTESIAN_POINT('',(215.504684,-68.200271,0.96));
#3749 = LINE('',#3750,#3751);
#3750 = CARTESIAN_POINT('',(215.730421,-68.282572,0.96));
#3751 = VECTOR('',#3752,1.);
#3752 = DIRECTION('',(-0.939505947623,0.342532588788,0.));
#3753 = ORIENTED_EDGE('',*,*,#3754,.T.);
#3754 = EDGE_CURVE('',#3747,#3755,#3757,.T.);
#3755 = VERTEX_POINT('',#3756);
#3756 = CARTESIAN_POINT('',(214.874259,-67.904672,0.96));
#3757 = CIRCLE('',#3758,5.102561254589);
#3758 = AXIS2_PLACEMENT_3D('',#3759,#3760,#3761);
#3759 = CARTESIAN_POINT('',(217.35064773936,-63.44332353027,0.96));
#3760 = DIRECTION('',(0.,0.,-1.));
#3761 = DIRECTION('',(-0.361771990039,-0.932266607373,-0.));
#3762 = ORIENTED_EDGE('',*,*,#3763,.T.);
#3763 = EDGE_CURVE('',#3755,#3764,#3766,.T.);
#3764 = VERTEX_POINT('',#3765);
#3765 = CARTESIAN_POINT('',(214.679246,-67.78975,0.96));
#3766 = LINE('',#3767,#3768);
#3767 = CARTESIAN_POINT('',(214.874259,-67.904672,0.96));
#3768 = VECTOR('',#3769,1.);
#3769 = DIRECTION('',(-0.861531456735,0.507704194443,0.));
#3770 = ORIENTED_EDGE('',*,*,#3771,.T.);
#3771 = EDGE_CURVE('',#3764,#3772,#3774,.T.);
#3772 = VERTEX_POINT('',#3773);
#3773 = CARTESIAN_POINT('',(213.511802,-66.750875,0.96));
#3774 = CIRCLE('',#3775,4.613778646484);
#3775 = AXIS2_PLACEMENT_3D('',#3776,#3777,#3778);
#3776 = CARTESIAN_POINT('',(217.11833777285,-63.87340160866,0.96));
#3777 = DIRECTION('',(0.,0.,-1.));
#3778 = DIRECTION('',(-0.528653834469,-0.848837512897,-0.));
#3779 = ORIENTED_EDGE('',*,*,#3780,.T.);
#3780 = EDGE_CURVE('',#3772,#3781,#3783,.T.);
#3781 = VERTEX_POINT('',#3782);
#3782 = CARTESIAN_POINT('',(213.371591,-66.568404,0.96));
#3783 = LINE('',#3784,#3785);
#3784 = CARTESIAN_POINT('',(213.511802,-66.750875,0.96));
#3785 = VECTOR('',#3786,1.);
#3786 = DIRECTION('',(-0.609297589831,0.792941641627,0.));
#3787 = ORIENTED_EDGE('',*,*,#3788,.T.);
#3788 = EDGE_CURVE('',#3781,#3789,#3791,.T.);
#3789 = VERTEX_POINT('',#3790);
#3790 = CARTESIAN_POINT('',(212.987768,-65.968848,0.96));
#3791 = CIRCLE('',#3792,5.709158515819);
#3792 = AXIS2_PLACEMENT_3D('',#3793,#3794,#3795);
#3793 = CARTESIAN_POINT('',(217.97859608432,-63.19646166481,0.96));
#3794 = DIRECTION('',(0.,0.,-1.));
#3795 = DIRECTION('',(-0.806949933437,-0.590619848063,-0.));
#3796 = ORIENTED_EDGE('',*,*,#3797,.T.);
#3797 = EDGE_CURVE('',#3789,#3798,#3800,.T.);
#3798 = VERTEX_POINT('',#3799);
#3799 = CARTESIAN_POINT('',(212.921333,-65.791274,0.96));
#3800 = LINE('',#3801,#3802);
#3801 = CARTESIAN_POINT('',(212.987768,-65.968848,0.96));
#3802 = VECTOR('',#3803,1.);
#3803 = DIRECTION('',(-0.350405440581,0.936598114033,0.));
#3804 = ORIENTED_EDGE('',*,*,#3805,.T.);
#3805 = EDGE_CURVE('',#3798,#3806,#3808,.T.);
#3806 = VERTEX_POINT('',#3807);
#3807 = CARTESIAN_POINT('',(212.775787,-65.217136,0.96));
#3808 = CIRCLE('',#3809,3.795220323039);
#3809 = AXIS2_PLACEMENT_3D('',#3810,#3811,#3812);
#3810 = CARTESIAN_POINT('',(216.51619444714,-64.57444678291,0.96));
#3811 = DIRECTION('',(0.,0.,-1.));
#3812 = DIRECTION('',(-0.947207577205,-0.320620968881,-0.));
#3813 = ORIENTED_EDGE('',*,*,#3814,.T.);
#3814 = EDGE_CURVE('',#3806,#3815,#3817,.T.);
#3815 = VERTEX_POINT('',#3816);
#3816 = CARTESIAN_POINT('',(212.745109,-65.015605,0.96));
#3817 = LINE('',#3818,#3819);
#3818 = CARTESIAN_POINT('',(212.775787,-65.217136,0.96));
#3819 = VECTOR('',#3820,1.);
#3820 = DIRECTION('',(-0.150491088106,0.988611365705,0.));
#3821 = ORIENTED_EDGE('',*,*,#3822,.T.);
#3822 = EDGE_CURVE('',#3815,#3823,#3825,.T.);
#3823 = VERTEX_POINT('',#3824);
#3824 = CARTESIAN_POINT('',(212.708611,-64.289437,0.96));
#3825 = CIRCLE('',#3826,4.672176142274);
#3826 = AXIS2_PLACEMENT_3D('',#3827,#3828,#3829);
#3827 = CARTESIAN_POINT('',(217.37899868565,-64.41869940809,0.96));
#3828 = DIRECTION('',(0.,0.,-1.));
#3829 = DIRECTION('',(-0.991805433816,-0.127757510361,-0.));
#3830 = ORIENTED_EDGE('',*,*,#3831,.T.);
#3831 = EDGE_CURVE('',#3823,#3832,#3834,.T.);
#3832 = VERTEX_POINT('',#3833);
#3833 = CARTESIAN_POINT('',(212.728865,-64.055829,0.96));
#3834 = LINE('',#3835,#3836);
#3835 = CARTESIAN_POINT('',(212.708611,-64.289437,0.96));
#3836 = VECTOR('',#3837,1.);
#3837 = DIRECTION('',(8.637675746545E-02,0.996262543595,0.));
#3838 = ORIENTED_EDGE('',*,*,#3839,.T.);
#3839 = EDGE_CURVE('',#3832,#3840,#3842,.T.);
#3840 = VERTEX_POINT('',#3841);
#3841 = CARTESIAN_POINT('',(212.757278,-63.806812,0.96));
#3842 = LINE('',#3843,#3844);
#3843 = CARTESIAN_POINT('',(212.728865,-64.055829,0.96));
#3844 = VECTOR('',#3845,1.);
#3845 = DIRECTION('',(0.113365082488,0.993553399709,0.));
#3846 = ORIENTED_EDGE('',*,*,#3847,.T.);
#3847 = EDGE_CURVE('',#3840,#3848,#3850,.T.);
#3848 = VERTEX_POINT('',#3849);
#3849 = CARTESIAN_POINT('',(212.794855,-63.559559,0.96));
#3850 = LINE('',#3851,#3852);
#3851 = CARTESIAN_POINT('',(212.757278,-63.806812,0.96));
#3852 = VECTOR('',#3853,1.);
#3853 = DIRECTION('',(0.150252624757,0.988647636296,0.));
#3854 = ORIENTED_EDGE('',*,*,#3855,.T.);
#3855 = EDGE_CURVE('',#3848,#3856,#3858,.T.);
#3856 = VERTEX_POINT('',#3857);
#3857 = CARTESIAN_POINT('',(212.844115,-63.313778,0.96));
#3858 = LINE('',#3859,#3860);
#3859 = CARTESIAN_POINT('',(212.794855,-63.559559,0.96));
#3860 = VECTOR('',#3861,1.);
#3861 = DIRECTION('',(0.196514284566,0.980500961734,0.));
#3862 = ORIENTED_EDGE('',*,*,#3863,.T.);
#3863 = EDGE_CURVE('',#3856,#3864,#3866,.T.);
#3864 = VERTEX_POINT('',#3865);
#3865 = CARTESIAN_POINT('',(212.90758,-63.069185,0.96));
#3866 = LINE('',#3867,#3868);
#3867 = CARTESIAN_POINT('',(212.844115,-63.313778,0.96));
#3868 = VECTOR('',#3869,1.);
#3869 = DIRECTION('',(0.25115497678,0.967946887819,0.));
#3870 = ORIENTED_EDGE('',*,*,#3871,.T.);
#3871 = EDGE_CURVE('',#3864,#3352,#3872,.T.);
#3872 = LINE('',#3873,#3874);
#3873 = CARTESIAN_POINT('',(212.90758,-63.069185,0.96));
#3874 = VECTOR('',#3875,1.);
#3875 = DIRECTION('',(0.312573380165,0.949893616155,0.));
#3876 = FACE_BOUND('',#3877,.F.);
#3877 = EDGE_LOOP('',(#3878,#3888,#3897));
#3878 = ORIENTED_EDGE('',*,*,#3879,.T.);
#3879 = EDGE_CURVE('',#3880,#3882,#3884,.T.);
#3880 = VERTEX_POINT('',#3881);
#3881 = CARTESIAN_POINT('',(218.218861,-52.935607,0.96));
#3882 = VERTEX_POINT('',#3883);
#3883 = CARTESIAN_POINT('',(218.216323,-52.761025,0.96));
#3884 = LINE('',#3885,#3886);
#3885 = CARTESIAN_POINT('',(218.218861,-52.935607,0.96));
#3886 = VECTOR('',#3887,1.);
#3887 = DIRECTION('',(-1.453604524207E-02,0.999894346113,0.));
#3888 = ORIENTED_EDGE('',*,*,#3889,.T.);
#3889 = EDGE_CURVE('',#3882,#3890,#3892,.T.);
#3890 = VERTEX_POINT('',#3891);
#3891 = CARTESIAN_POINT('',(218.216323,-53.110189,0.96));
#3892 = CIRCLE('',#3893,3.002545265835);
#3893 = AXIS2_PLACEMENT_3D('',#3894,#3895,#3896);
#3894 = CARTESIAN_POINT('',(215.21885753753,-52.935607,0.96));
#3895 = DIRECTION('',(0.,0.,1.));
#3896 = DIRECTION('',(0.998308167597,5.814466878703E-02,-0.));
#3897 = ORIENTED_EDGE('',*,*,#3898,.T.);
#3898 = EDGE_CURVE('',#3890,#3880,#3899,.T.);
#3899 = LINE('',#3900,#3901);
#3900 = CARTESIAN_POINT('',(218.216323,-53.110189,0.96));
#3901 = VECTOR('',#3902,1.);
#3902 = DIRECTION('',(1.453604524207E-02,0.999894346113,0.));
#3903 = FACE_BOUND('',#3904,.F.);
#3904 = EDGE_LOOP('',(#3905,#3915,#3924));
#3905 = ORIENTED_EDGE('',*,*,#3906,.T.);
#3906 = EDGE_CURVE('',#3907,#3909,#3911,.T.);
#3907 = VERTEX_POINT('',#3908);
#3908 = CARTESIAN_POINT('',(174.105797,-52.932713,0.96));
#3909 = VERTEX_POINT('',#3910);
#3910 = CARTESIAN_POINT('',(174.103259,-52.758131,0.96));
#3911 = LINE('',#3912,#3913);
#3912 = CARTESIAN_POINT('',(174.105797,-52.932713,0.96));
#3913 = VECTOR('',#3914,1.);
#3914 = DIRECTION('',(-1.45360452419E-02,0.999894346113,0.));
#3915 = ORIENTED_EDGE('',*,*,#3916,.T.);
#3916 = EDGE_CURVE('',#3909,#3917,#3919,.T.);
#3917 = VERTEX_POINT('',#3918);
#3918 = CARTESIAN_POINT('',(174.103259,-53.107295,0.96));
#3919 = CIRCLE('',#3920,3.002545265835);
#3920 = AXIS2_PLACEMENT_3D('',#3921,#3922,#3923);
#3921 = CARTESIAN_POINT('',(171.10579353753,-52.932713,0.96));
#3922 = DIRECTION('',(0.,0.,1.));
#3923 = DIRECTION('',(0.998308167597,5.814466878706E-02,-0.));
#3924 = ORIENTED_EDGE('',*,*,#3925,.T.);
#3925 = EDGE_CURVE('',#3917,#3907,#3926,.T.);
#3926 = LINE('',#3927,#3928);
#3927 = CARTESIAN_POINT('',(174.103259,-53.107295,0.96));
#3928 = VECTOR('',#3929,1.);
#3929 = DIRECTION('',(1.45360452419E-02,0.999894346113,0.));
#3930 = FACE_BOUND('',#3931,.F.);
#3931 = EDGE_LOOP('',(#3932,#3943,#3951,#3959,#3967,#3976,#3984,#3992,
    #4000,#4009,#4017,#4025,#4033,#4042,#4050,#4058));
#3932 = ORIENTED_EDGE('',*,*,#3933,.T.);
#3933 = EDGE_CURVE('',#3934,#3936,#3938,.T.);
#3934 = VERTEX_POINT('',#3935);
#3935 = CARTESIAN_POINT('',(217.203612,-30.235446,0.96));
#3936 = VERTEX_POINT('',#3937);
#3937 = CARTESIAN_POINT('',(216.868809,-29.900597,0.96));
#3938 = CIRCLE('',#3939,0.40275906777);
#3939 = AXIS2_PLACEMENT_3D('',#3940,#3941,#3942);
#3940 = CARTESIAN_POINT('',(216.80580300649,-30.29839734119,0.96));
#3941 = DIRECTION('',(0.,0.,1.));
#3942 = DIRECTION('',(0.987709589524,0.156300245558,-0.));
#3943 = ORIENTED_EDGE('',*,*,#3944,.T.);
#3944 = EDGE_CURVE('',#3936,#3945,#3947,.T.);
#3945 = VERTEX_POINT('',#3946);
#3946 = CARTESIAN_POINT('',(216.805797,-29.898458,0.96));
#3947 = LINE('',#3948,#3949);
#3948 = CARTESIAN_POINT('',(216.868809,-29.900597,0.96));
#3949 = VECTOR('',#3950,1.);
#3950 = DIRECTION('',(-0.999424334893,3.392637358496E-02,0.));
#3951 = ORIENTED_EDGE('',*,*,#3952,.T.);
#3952 = EDGE_CURVE('',#3945,#3953,#3955,.T.);
#3953 = VERTEX_POINT('',#3954);
#3954 = CARTESIAN_POINT('',(213.605797,-29.898458,0.96));
#3955 = LINE('',#3956,#3957);
#3956 = CARTESIAN_POINT('',(216.805797,-29.898458,0.96));
#3957 = VECTOR('',#3958,1.);
#3958 = DIRECTION('',(-1.,0.,0.));
#3959 = ORIENTED_EDGE('',*,*,#3960,.T.);
#3960 = EDGE_CURVE('',#3953,#3961,#3963,.T.);
#3961 = VERTEX_POINT('',#3962);
#3962 = CARTESIAN_POINT('',(213.542842,-29.900934,0.96));
#3963 = LINE('',#3964,#3965);
#3964 = CARTESIAN_POINT('',(213.605797,-29.898458,0.96));
#3965 = VECTOR('',#3966,1.);
#3966 = DIRECTION('',(-0.999227484232,-3.929929713219E-02,0.));
#3967 = ORIENTED_EDGE('',*,*,#3968,.T.);
#3968 = EDGE_CURVE('',#3961,#3969,#3971,.T.);
#3969 = VERTEX_POINT('',#3970);
#3970 = CARTESIAN_POINT('',(213.208325,-30.235502,0.96));
#3971 = CIRCLE('',#3972,0.402536007169);
#3972 = AXIS2_PLACEMENT_3D('',#3973,#3974,#3975);
#3973 = CARTESIAN_POINT('',(213.60590074375,-30.29850013525,0.96));
#3974 = DIRECTION('',(0.,0.,1.));
#3975 = DIRECTION('',(-0.156653672295,0.98765359664,0.));
#3976 = ORIENTED_EDGE('',*,*,#3977,.T.);
#3977 = EDGE_CURVE('',#3969,#3978,#3980,.T.);
#3978 = VERTEX_POINT('',#3979);
#3979 = CARTESIAN_POINT('',(213.205797,-30.298458,0.96));
#3980 = LINE('',#3981,#3982);
#3981 = CARTESIAN_POINT('',(213.208325,-30.235502,0.96));
#3982 = VECTOR('',#3983,1.);
#3983 = DIRECTION('',(-4.012269449339E-02,-0.999194760488,0.));
#3984 = ORIENTED_EDGE('',*,*,#3985,.T.);
#3985 = EDGE_CURVE('',#3978,#3986,#3988,.T.);
#3986 = VERTEX_POINT('',#3987);
#3987 = CARTESIAN_POINT('',(213.205797,-32.298458,0.96));
#3988 = LINE('',#3989,#3990);
#3989 = CARTESIAN_POINT('',(213.205797,-30.298458,0.96));
#3990 = VECTOR('',#3991,1.);
#3991 = DIRECTION('',(0.,-1.,0.));
#3992 = ORIENTED_EDGE('',*,*,#3993,.T.);
#3993 = EDGE_CURVE('',#3986,#3994,#3996,.T.);
#3994 = VERTEX_POINT('',#3995);
#3995 = CARTESIAN_POINT('',(213.208268,-32.361416,0.96));
#3996 = LINE('',#3997,#3998);
#3997 = CARTESIAN_POINT('',(213.205797,-32.298458,0.96));
#3998 = VECTOR('',#3999,1.);
#3999 = DIRECTION('',(3.921819288116E-02,-0.99923067074,0.));
#4000 = ORIENTED_EDGE('',*,*,#4001,.T.);
#4001 = EDGE_CURVE('',#3994,#4002,#4004,.T.);
#4002 = VERTEX_POINT('',#4003);
#4003 = CARTESIAN_POINT('',(213.542839,-32.695941,0.96));
#4004 = CIRCLE('',#4005,0.402495539321);
#4005 = AXIS2_PLACEMENT_3D('',#4006,#4007,#4008);
#4006 = CARTESIAN_POINT('',(213.60579999418,-32.29840034499,0.96));
#4007 = DIRECTION('',(0.,0.,1.));
#4008 = DIRECTION('',(-0.987668074163,-0.156562368655,0.));
#4009 = ORIENTED_EDGE('',*,*,#4010,.T.);
#4010 = EDGE_CURVE('',#4002,#4011,#4013,.T.);
#4011 = VERTEX_POINT('',#4012);
#4012 = CARTESIAN_POINT('',(213.605797,-32.698458,0.96));
#4013 = LINE('',#4014,#4015);
#4014 = CARTESIAN_POINT('',(213.542839,-32.695941,0.96));
#4015 = VECTOR('',#4016,1.);
#4016 = DIRECTION('',(0.999201795149,-3.994712218296E-02,0.));
#4017 = ORIENTED_EDGE('',*,*,#4018,.T.);
#4018 = EDGE_CURVE('',#4011,#4019,#4021,.T.);
#4019 = VERTEX_POINT('',#4020);
#4020 = CARTESIAN_POINT('',(216.805797,-32.698458,0.96));
#4021 = LINE('',#4022,#4023);
#4022 = CARTESIAN_POINT('',(213.605797,-32.698458,0.96));
#4023 = VECTOR('',#4024,1.);
#4024 = DIRECTION('',(1.,0.,0.));
#4025 = ORIENTED_EDGE('',*,*,#4026,.T.);
#4026 = EDGE_CURVE('',#4019,#4027,#4029,.T.);
#4027 = VERTEX_POINT('',#4028);
#4028 = CARTESIAN_POINT('',(216.868812,-32.696279,0.96));
#4029 = LINE('',#4030,#4031);
#4030 = CARTESIAN_POINT('',(216.805797,-32.698458,0.96));
#4031 = VECTOR('',#4032,1.);
#4032 = DIRECTION('',(0.999402679626,3.455841369373E-02,0.));
#4033 = ORIENTED_EDGE('',*,*,#4034,.T.);
#4034 = EDGE_CURVE('',#4027,#4035,#4037,.T.);
#4035 = VERTEX_POINT('',#4036);
#4036 = CARTESIAN_POINT('',(217.203669,-32.361472,0.96));
#4037 = CIRCLE('',#4038,0.402724216346);
#4038 = AXIS2_PLACEMENT_3D('',#4039,#4040,#4041);
#4039 = CARTESIAN_POINT('',(216.80589867609,-32.2984992769,0.96));
#4040 = DIRECTION('',(0.,0.,1.));
#4041 = DIRECTION('',(0.156219371343,-0.987722384082,0.));
#4042 = ORIENTED_EDGE('',*,*,#4043,.T.);
#4043 = EDGE_CURVE('',#4035,#4044,#4046,.T.);
#4044 = VERTEX_POINT('',#4045);
#4045 = CARTESIAN_POINT('',(217.205797,-32.298458,0.96));
#4046 = LINE('',#4047,#4048);
#4047 = CARTESIAN_POINT('',(217.203669,-32.361472,0.96));
#4048 = VECTOR('',#4049,1.);
#4049 = DIRECTION('',(3.375103338807E-02,0.999430271577,0.));
#4050 = ORIENTED_EDGE('',*,*,#4051,.T.);
#4051 = EDGE_CURVE('',#4044,#4052,#4054,.T.);
#4052 = VERTEX_POINT('',#4053);
#4053 = CARTESIAN_POINT('',(217.205797,-30.298458,0.96));
#4054 = LINE('',#4055,#4056);
#4055 = CARTESIAN_POINT('',(217.205797,-32.298458,0.96));
#4056 = VECTOR('',#4057,1.);
#4057 = DIRECTION('',(0.,1.,0.));
#4058 = ORIENTED_EDGE('',*,*,#4059,.T.);
#4059 = EDGE_CURVE('',#4052,#3934,#4060,.T.);
#4060 = LINE('',#4061,#4062);
#4061 = CARTESIAN_POINT('',(217.205797,-30.298458,0.96));
#4062 = VECTOR('',#4063,1.);
#4063 = DIRECTION('',(-3.465510599781E-02,0.999399331413,0.));
#4064 = FACE_BOUND('',#4065,.F.);
#4065 = EDGE_LOOP('',(#4066,#4077,#4085,#4093,#4101,#4110,#4118,#4126,
    #4134,#4143,#4151,#4159,#4167,#4176,#4184,#4192));
#4066 = ORIENTED_EDGE('',*,*,#4067,.T.);
#4067 = EDGE_CURVE('',#4068,#4070,#4072,.T.);
#4068 = VERTEX_POINT('',#4069);
#4069 = CARTESIAN_POINT('',(173.223604,-30.235415,0.96));
#4070 = VERTEX_POINT('',#4071);
#4071 = CARTESIAN_POINT('',(172.888802,-29.900599,0.96));
#4072 = CIRCLE('',#4073,0.402758011124);
#4073 = AXIS2_PLACEMENT_3D('',#4074,#4075,#4076);
#4074 = CARTESIAN_POINT('',(172.8258012622,-30.29839910377,0.96));
#4075 = DIRECTION('',(0.,0.,1.));
#4076 = DIRECTION('',(0.987696648625,0.156382001185,-0.));
#4077 = ORIENTED_EDGE('',*,*,#4078,.T.);
#4078 = EDGE_CURVE('',#4070,#4079,#4081,.T.);
#4079 = VERTEX_POINT('',#4080);
#4080 = CARTESIAN_POINT('',(172.825794,-29.898423,0.96));
#4081 = LINE('',#4082,#4083);
#4082 = CARTESIAN_POINT('',(172.888802,-29.900599,0.96));
#4083 = VECTOR('',#4084,1.);
#4084 = DIRECTION('',(-0.999404189535,3.45147206137E-02,0.));
#4085 = ORIENTED_EDGE('',*,*,#4086,.T.);
#4086 = EDGE_CURVE('',#4079,#4087,#4089,.T.);
#4087 = VERTEX_POINT('',#4088);
#4088 = CARTESIAN_POINT('',(169.625794,-29.898423,0.96));
#4089 = LINE('',#4090,#4091);
#4090 = CARTESIAN_POINT('',(172.825794,-29.898423,0.96));
#4091 = VECTOR('',#4092,1.);
#4092 = DIRECTION('',(-1.,0.,0.));
#4093 = ORIENTED_EDGE('',*,*,#4094,.T.);
#4094 = EDGE_CURVE('',#4087,#4095,#4097,.T.);
#4095 = VERTEX_POINT('',#4096);
#4096 = CARTESIAN_POINT('',(169.56279,-29.900617,0.96));
#4097 = LINE('',#4098,#4099);
#4098 = CARTESIAN_POINT('',(169.625794,-29.898423,0.96));
#4099 = VECTOR('',#4100,1.);
#4100 = DIRECTION('',(-0.999394223757,-3.480209077076E-02,0.));
#4101 = ORIENTED_EDGE('',*,*,#4102,.T.);
#4102 = EDGE_CURVE('',#4095,#4103,#4105,.T.);
#4103 = VERTEX_POINT('',#4104);
#4104 = CARTESIAN_POINT('',(169.228013,-30.235418,0.96));
#4105 = CIRCLE('',#4106,0.402741443695);
#4106 = AXIS2_PLACEMENT_3D('',#4107,#4108,#4109);
#4107 = CARTESIAN_POINT('',(169.62579946368,-30.29839894775,0.96));
#4108 = DIRECTION('',(0.,0.,1.));
#4109 = DIRECTION('',(-0.156451402432,0.987685657827,0.));
#4110 = ORIENTED_EDGE('',*,*,#4111,.T.);
#4111 = EDGE_CURVE('',#4103,#4112,#4114,.T.);
#4112 = VERTEX_POINT('',#4113);
#4113 = CARTESIAN_POINT('',(169.225794,-30.298423,0.96));
#4114 = LINE('',#4115,#4116);
#4115 = CARTESIAN_POINT('',(169.228013,-30.235418,0.96));
#4116 = VECTOR('',#4117,1.);
#4117 = DIRECTION('',(-3.519760409922E-02,-0.999380372364,0.));
#4118 = ORIENTED_EDGE('',*,*,#4119,.T.);
#4119 = EDGE_CURVE('',#4112,#4120,#4122,.T.);
#4120 = VERTEX_POINT('',#4121);
#4121 = CARTESIAN_POINT('',(169.225794,-32.298423,0.96));
#4122 = LINE('',#4123,#4124);
#4123 = CARTESIAN_POINT('',(169.225794,-30.298423,0.96));
#4124 = VECTOR('',#4125,1.);
#4125 = DIRECTION('',(0.,-1.,0.));
#4126 = ORIENTED_EDGE('',*,*,#4127,.T.);
#4127 = EDGE_CURVE('',#4120,#4128,#4130,.T.);
#4128 = VERTEX_POINT('',#4129);
#4129 = CARTESIAN_POINT('',(169.22826,-32.361385,0.96));
#4130 = LINE('',#4131,#4132);
#4131 = CARTESIAN_POINT('',(169.225794,-32.298423,0.96));
#4132 = VECTOR('',#4133,1.);
#4133 = DIRECTION('',(3.913647493704E-02,-0.999233874691,0.));
#4134 = ORIENTED_EDGE('',*,*,#4135,.T.);
#4135 = EDGE_CURVE('',#4128,#4136,#4138,.T.);
#4136 = VERTEX_POINT('',#4137);
#4137 = CARTESIAN_POINT('',(169.562832,-32.695943,0.96));
#4138 = CIRCLE('',#4139,0.402496587223);
#4139 = AXIS2_PLACEMENT_3D('',#4140,#4141,#4142);
#4140 = CARTESIAN_POINT('',(169.62579824857,-32.29840211623,0.96));
#4141 = DIRECTION('',(0.,0.,1.));
#4142 = DIRECTION('',(-0.987681041759,-0.156480541121,0.));
#4143 = ORIENTED_EDGE('',*,*,#4144,.T.);
#4144 = EDGE_CURVE('',#4136,#4145,#4147,.T.);
#4145 = VERTEX_POINT('',#4146);
#4146 = CARTESIAN_POINT('',(169.625794,-32.698423,0.96));
#4147 = LINE('',#4148,#4149);
#4148 = CARTESIAN_POINT('',(169.562832,-32.695943,0.96));
#4149 = VECTOR('',#4150,1.);
#4150 = DIRECTION('',(0.999225161226,-3.935831771287E-02,0.));
#4151 = ORIENTED_EDGE('',*,*,#4152,.T.);
#4152 = EDGE_CURVE('',#4145,#4153,#4155,.T.);
#4153 = VERTEX_POINT('',#4154);
#4154 = CARTESIAN_POINT('',(172.825794,-32.698423,0.96));
#4155 = LINE('',#4156,#4157);
#4156 = CARTESIAN_POINT('',(169.625794,-32.698423,0.96));
#4157 = VECTOR('',#4158,1.);
#4158 = DIRECTION('',(1.,0.,0.));
#4159 = ORIENTED_EDGE('',*,*,#4160,.T.);
#4160 = EDGE_CURVE('',#4153,#4161,#4163,.T.);
#4161 = VERTEX_POINT('',#4162);
#4162 = CARTESIAN_POINT('',(172.88876,-32.695962,0.96));
#4163 = LINE('',#4164,#4165);
#4164 = CARTESIAN_POINT('',(172.825794,-32.698423,0.96));
#4165 = VECTOR('',#4166,1.);
#4166 = DIRECTION('',(0.999237071573,3.905476659053E-02,0.));
#4167 = ORIENTED_EDGE('',*,*,#4168,.T.);
#4168 = EDGE_CURVE('',#4161,#4169,#4171,.T.);
#4169 = VERTEX_POINT('',#4170);
#4170 = CARTESIAN_POINT('',(173.223357,-32.361389,0.96));
#4171 = CIRCLE('',#4172,0.402519144778);
#4172 = AXIS2_PLACEMENT_3D('',#4173,#4174,#4175);
#4173 = CARTESIAN_POINT('',(172.82579724204,-32.29839772466,0.96));
#4174 = DIRECTION('',(0.,0.,1.));
#4175 = DIRECTION('',(0.156421772158,-0.987690350867,0.));
#4176 = ORIENTED_EDGE('',*,*,#4177,.T.);
#4177 = EDGE_CURVE('',#4169,#4178,#4180,.T.);
#4178 = VERTEX_POINT('',#4179);
#4179 = CARTESIAN_POINT('',(173.225794,-32.298423,0.96));
#4180 = LINE('',#4181,#4182);
#4181 = CARTESIAN_POINT('',(173.223357,-32.361389,0.96));
#4182 = VECTOR('',#4183,1.);
#4183 = DIRECTION('',(3.867447177152E-02,0.999251862762,0.));
#4184 = ORIENTED_EDGE('',*,*,#4185,.T.);
#4185 = EDGE_CURVE('',#4178,#4186,#4188,.T.);
#4186 = VERTEX_POINT('',#4187);
#4187 = CARTESIAN_POINT('',(173.225794,-30.298423,0.96));
#4188 = LINE('',#4189,#4190);
#4189 = CARTESIAN_POINT('',(173.225794,-32.298423,0.96));
#4190 = VECTOR('',#4191,1.);
#4191 = DIRECTION('',(0.,1.,0.));
#4192 = ORIENTED_EDGE('',*,*,#4193,.T.);
#4193 = EDGE_CURVE('',#4186,#4068,#4194,.T.);
#4194 = LINE('',#4195,#4196);
#4195 = CARTESIAN_POINT('',(173.225794,-30.298423,0.96));
#4196 = VECTOR('',#4197,1.);
#4197 = DIRECTION('',(-3.473651514573E-02,0.999396505155,0.));
#4198 = PLANE('',#4199);
#4199 = AXIS2_PLACEMENT_3D('',#4200,#4201,#4202);
#4200 = CARTESIAN_POINT('',(0.,0.,0.96));
#4201 = DIRECTION('',(0.,0.,1.));
#4202 = DIRECTION('',(1.,0.,-0.));
#4203 = ( GEOMETRIC_REPRESENTATION_CONTEXT(3) 
GLOBAL_UNCERTAINTY_ASSIGNED_CONTEXT((#4207)) 
GLOBAL_UNIT_ASSIGNED_CONTEXT((#4204,#4205,#4206)) REPRESENTATION_CONTEXT
('Context #1','3D Context with UNIT and UNCERTAINTY') );
#4204 = ( LENGTH_UNIT() NAMED_UNIT(*) SI_UNIT(.MILLI.,.METRE.) );
#4205 = ( NAMED_UNIT(*) PLANE_ANGLE_UNIT() SI_UNIT($,.RADIAN.) );
#4206 = ( NAMED_UNIT(*) SI_UNIT($,.STERADIAN.) SOLID_ANGLE_UNIT() );
#4207 = UNCERTAINTY_MEASURE_WITH_UNIT(LENGTH_MEASURE(1.E-07),#4204,
  'distance_accuracy_value','confusion accuracy');
#4208 = CONTEXT_DEPENDENT_SHAPE_REPRESENTATION(#4209,#4211);
#4209 = ( REPRESENTATION_RELATIONSHIP('','',#1495,#10) 
REPRESENTATION_RELATIONSHIP_WITH_TRANSFORMATION(#4210) 
SHAPE_REPRESENTATION_RELATIONSHIP() );
#4210 = ITEM_DEFINED_TRANSFORMATION('','',#11,#23);
#4211 = PRODUCT_DEFINITION_SHAPE('Placement','Placement of an item',
  #4212);
#4212 = NEXT_ASSEMBLY_USAGE_OCCURRENCE('3','=>[0:1:1:4]','',#5,#1490,$);
#4213 = PRODUCT_RELATED_PRODUCT_CATEGORY('part',$,(#1492));
#4214 = SHAPE_DEFINITION_REPRESENTATION(#4215,#4221);
#4215 = PRODUCT_DEFINITION_SHAPE('','',#4216);
#4216 = PRODUCT_DEFINITION('design','',#4217,#4220);
#4217 = PRODUCT_DEFINITION_FORMATION('','',#4218);
#4218 = PRODUCT('touch-pad-left_soldermask','touch-pad-left_soldermask',
  '',(#4219));
#4219 = PRODUCT_CONTEXT('',#2,'mechanical');
#4220 = PRODUCT_DEFINITION_CONTEXT('part definition',#2,'design');
#4221 = MANIFOLD_SURFACE_SHAPE_REPRESENTATION('',(#11,#4222),#5626);
#4222 = SHELL_BASED_SURFACE_MODEL('',(#4223));
#4223 = OPEN_SHELL('',(#4224));
#4224 = ADVANCED_FACE('',(#4225,#5266,#5277,#5304,#5331,#5342,#5353,
    #5487),#5621,.T.);
#4225 = FACE_BOUND('',#4226,.T.);
#4226 = EDGE_LOOP('',(#4227,#4238,#4246,#4254,#4262,#4270,#4279,#4287,
    #4295,#4303,#4311,#4320,#4328,#4336,#4344,#4353,#4361,#4369,#4377,
    #4386,#4394,#4402,#4410,#4419,#4427,#4435,#4443,#4452,#4460,#4468,
    #4476,#4485,#4493,#4501,#4509,#4518,#4526,#4534,#4542,#4551,#4559,
    #4567,#4575,#4584,#4592,#4600,#4608,#4617,#4625,#4633,#4641,#4650,
    #4658,#4666,#4674,#4682,#4691,#4699,#4707,#4716,#4724,#4732,#4740,
    #4749,#4757,#4765,#4774,#4782,#4790,#4798,#4806,#4815,#4823,#4831,
    #4839,#4848,#4856,#4864,#4872,#4881,#4889,#4897,#4905,#4914,#4922,
    #4930,#4938,#4947,#4955,#4963,#4971,#4980,#4988,#4996,#5004,#5013,
    #5021,#5029,#5037,#5046,#5054,#5062,#5070,#5079,#5087,#5095,#5103,
    #5112,#5120,#5128,#5136,#5145,#5153,#5161,#5169,#5178,#5186,#5194,
    #5202,#5211,#5219,#5227,#5235,#5244,#5252,#5260));
#4227 = ORIENTED_EDGE('',*,*,#4228,.T.);
#4228 = EDGE_CURVE('',#4229,#4231,#4233,.T.);
#4229 = VERTEX_POINT('',#4230);
#4230 = CARTESIAN_POINT('',(164.257275,-22.675787,-5.E-02));
#4231 = VERTEX_POINT('',#4232);
#4232 = CARTESIAN_POINT('',(164.926419,-22.138038,-5.E-02));
#4233 = CIRCLE('',#4234,0.80276827793);
#4234 = AXIS2_PLACEMENT_3D('',#4235,#4236,#4237);
#4235 = CARTESIAN_POINT('',(165.01680189636,-22.93570198946,-5.E-02));
#4236 = DIRECTION('',(0.,0.,-1.));
#4237 = DIRECTION('',(-0.946134665812,0.323773368498,0.));
#4238 = ORIENTED_EDGE('',*,*,#4239,.T.);
#4239 = EDGE_CURVE('',#4231,#4240,#4242,.T.);
#4240 = VERTEX_POINT('',#4241);
#4241 = CARTESIAN_POINT('',(165.0168,-22.135657,-5.E-02));
#4242 = LINE('',#4243,#4244);
#4243 = CARTESIAN_POINT('',(164.926419,-22.138038,-5.E-02));
#4244 = VECTOR('',#4245,1.);
#4245 = DIRECTION('',(0.99965317649,2.633489575492E-02,0.));
#4246 = ORIENTED_EDGE('',*,*,#4247,.T.);
#4247 = EDGE_CURVE('',#4240,#4248,#4250,.T.);
#4248 = VERTEX_POINT('',#4249);
#4249 = CARTESIAN_POINT('',(209.218861,-22.135657,-5.E-02));
#4250 = LINE('',#4251,#4252);
#4251 = CARTESIAN_POINT('',(165.0168,-22.135657,-5.E-02));
#4252 = VECTOR('',#4253,1.);
#4253 = DIRECTION('',(1.,0.,0.));
#4254 = ORIENTED_EDGE('',*,*,#4255,.T.);
#4255 = EDGE_CURVE('',#4248,#4256,#4258,.T.);
#4256 = VERTEX_POINT('',#4257);
#4257 = CARTESIAN_POINT('',(209.218861,-25.404657,-5.E-02));
#4258 = LINE('',#4259,#4260);
#4259 = CARTESIAN_POINT('',(209.218861,-22.135657,-5.E-02));
#4260 = VECTOR('',#4261,1.);
#4261 = DIRECTION('',(0.,-1.,0.));
#4262 = ORIENTED_EDGE('',*,*,#4263,.T.);
#4263 = EDGE_CURVE('',#4256,#4264,#4266,.T.);
#4264 = VERTEX_POINT('',#4265);
#4265 = CARTESIAN_POINT('',(209.221399,-25.579239,-5.E-02));
#4266 = LINE('',#4267,#4268);
#4267 = CARTESIAN_POINT('',(209.218861,-25.404657,-5.E-02));
#4268 = VECTOR('',#4269,1.);
#4269 = DIRECTION('',(1.45360452419E-02,-0.999894346113,0.));
#4270 = ORIENTED_EDGE('',*,*,#4271,.T.);
#4271 = EDGE_CURVE('',#4264,#4272,#4274,.T.);
#4272 = VERTEX_POINT('',#4273);
#4273 = CARTESIAN_POINT('',(215.216323,-25.579239,-5.E-02));
#4274 = CIRCLE('',#4275,3.002541797452);
#4275 = AXIS2_PLACEMENT_3D('',#4276,#4277,#4278);
#4276 = CARTESIAN_POINT('',(212.218861,-25.40465720254,-5.E-02));
#4277 = DIRECTION('',(0.,0.,1.));
#4278 = DIRECTION('',(-0.998308167614,-5.814466849389E-02,0.));
#4279 = ORIENTED_EDGE('',*,*,#4280,.T.);
#4280 = EDGE_CURVE('',#4272,#4281,#4283,.T.);
#4281 = VERTEX_POINT('',#4282);
#4282 = CARTESIAN_POINT('',(215.218861,-25.404657,-5.E-02));
#4283 = LINE('',#4284,#4285);
#4284 = CARTESIAN_POINT('',(215.216323,-25.579239,-5.E-02));
#4285 = VECTOR('',#4286,1.);
#4286 = DIRECTION('',(1.453604524207E-02,0.999894346113,0.));
#4287 = ORIENTED_EDGE('',*,*,#4288,.T.);
#4288 = EDGE_CURVE('',#4281,#4289,#4291,.T.);
#4289 = VERTEX_POINT('',#4290);
#4290 = CARTESIAN_POINT('',(215.218861,-22.135657,-5.E-02));
#4291 = LINE('',#4292,#4293);
#4292 = CARTESIAN_POINT('',(215.218861,-25.404657,-5.E-02));
#4293 = VECTOR('',#4294,1.);
#4294 = DIRECTION('',(0.,1.,0.));
#4295 = ORIENTED_EDGE('',*,*,#4296,.T.);
#4296 = EDGE_CURVE('',#4289,#4297,#4299,.T.);
#4297 = VERTEX_POINT('',#4298);
#4298 = CARTESIAN_POINT('',(221.347675,-22.135657,-5.E-02));
#4299 = LINE('',#4300,#4301);
#4300 = CARTESIAN_POINT('',(215.218861,-22.135657,-5.E-02));
#4301 = VECTOR('',#4302,1.);
#4302 = DIRECTION('',(1.,0.,0.));
#4303 = ORIENTED_EDGE('',*,*,#4304,.T.);
#4304 = EDGE_CURVE('',#4297,#4305,#4307,.T.);
#4305 = VERTEX_POINT('',#4306);
#4306 = CARTESIAN_POINT('',(221.438051,-22.138093,-5.E-02));
#4307 = LINE('',#4308,#4309);
#4308 = CARTESIAN_POINT('',(221.347675,-22.135657,-5.E-02));
#4309 = VECTOR('',#4310,1.);
#4310 = DIRECTION('',(0.99963693718,-2.694427258314E-02,0.));
#4311 = ORIENTED_EDGE('',*,*,#4312,.T.);
#4312 = EDGE_CURVE('',#4305,#4313,#4315,.T.);
#4313 = VERTEX_POINT('',#4314);
#4314 = CARTESIAN_POINT('',(222.107168,-22.675799,-5.E-02));
#4315 = CIRCLE('',#4316,0.802707827158);
#4316 = AXIS2_PLACEMENT_3D('',#4317,#4318,#4319);
#4317 = CARTESIAN_POINT('',(221.3477001337,-22.93569978077,-5.E-02));
#4318 = DIRECTION('',(0.,0.,-1.));
#4319 = DIRECTION('',(0.11255759971,0.993645201643,0.));
#4320 = ORIENTED_EDGE('',*,*,#4321,.T.);
#4321 = EDGE_CURVE('',#4313,#4322,#4324,.T.);
#4322 = VERTEX_POINT('',#4323);
#4323 = CARTESIAN_POINT('',(222.128942,-22.763545,-5.E-02));
#4324 = LINE('',#4325,#4326);
#4325 = CARTESIAN_POINT('',(222.107168,-22.675799,-5.E-02));
#4326 = VECTOR('',#4327,1.);
#4327 = DIRECTION('',(0.24084356446,-0.970563948155,0.));
#4328 = ORIENTED_EDGE('',*,*,#4329,.T.);
#4329 = EDGE_CURVE('',#4322,#4330,#4332,.T.);
#4330 = VERTEX_POINT('',#4331);
#4331 = CARTESIAN_POINT('',(222.638681,-40.898423,-5.E-02));
#4332 = LINE('',#4333,#4334);
#4333 = CARTESIAN_POINT('',(222.128942,-22.763545,-5.E-02));
#4334 = VECTOR('',#4335,1.);
#4335 = DIRECTION('',(2.809711507784E-02,-0.999605198128,0.));
#4336 = ORIENTED_EDGE('',*,*,#4337,.T.);
#4337 = EDGE_CURVE('',#4330,#4338,#4340,.T.);
#4338 = VERTEX_POINT('',#4339);
#4339 = CARTESIAN_POINT('',(222.636257,-40.96139,-5.E-02));
#4340 = LINE('',#4341,#4342);
#4341 = CARTESIAN_POINT('',(222.638681,-40.898423,-5.E-02));
#4342 = VECTOR('',#4343,1.);
#4343 = DIRECTION('',(-3.846786168997E-02,-0.999259837889,0.));
#4344 = ORIENTED_EDGE('',*,*,#4345,.T.);
#4345 = EDGE_CURVE('',#4338,#4346,#4348,.T.);
#4346 = VERTEX_POINT('',#4347);
#4347 = CARTESIAN_POINT('',(222.301648,-41.295963,-5.E-02));
#4348 = CIRCLE('',#4349,0.402514229922);
#4349 = AXIS2_PLACEMENT_3D('',#4350,#4351,#4352);
#4350 = CARTESIAN_POINT('',(222.23870184638,-40.89840107144,-5.E-02));
#4351 = DIRECTION('',(0.,0.,-1.));
#4352 = DIRECTION('',(0.987679749103,-0.156488699951,0.));
#4353 = ORIENTED_EDGE('',*,*,#4354,.T.);
#4354 = EDGE_CURVE('',#4346,#4355,#4357,.T.);
#4355 = VERTEX_POINT('',#4356);
#4356 = CARTESIAN_POINT('',(222.238681,-41.298423,-5.E-02));
#4357 = LINE('',#4358,#4359);
#4358 = CARTESIAN_POINT('',(222.301648,-41.295963,-5.E-02));
#4359 = VECTOR('',#4360,1.);
#4360 = DIRECTION('',(-0.999237714939,-3.903830226546E-02,0.));
#4361 = ORIENTED_EDGE('',*,*,#4362,.T.);
#4362 = EDGE_CURVE('',#4355,#4363,#4365,.T.);
#4363 = VERTEX_POINT('',#4364);
#4364 = CARTESIAN_POINT('',(220.809093,-41.301363,-5.E-02));
#4365 = LINE('',#4366,#4367);
#4366 = CARTESIAN_POINT('',(222.238681,-41.298423,-5.E-02));
#4367 = VECTOR('',#4368,1.);
#4368 = DIRECTION('',(-0.999997885335,-2.056532219694E-03,0.));
#4369 = ORIENTED_EDGE('',*,*,#4370,.T.);
#4370 = EDGE_CURVE('',#4363,#4371,#4373,.T.);
#4371 = VERTEX_POINT('',#4372);
#4372 = CARTESIAN_POINT('',(220.746133,-41.303856,-5.E-02));
#4373 = LINE('',#4374,#4375);
#4374 = CARTESIAN_POINT('',(220.809093,-41.301363,-5.E-02));
#4375 = VECTOR('',#4376,1.);
#4376 = DIRECTION('',(-0.999216976502,-3.956556420616E-02,0.));
#4377 = ORIENTED_EDGE('',*,*,#4378,.T.);
#4378 = EDGE_CURVE('',#4371,#4379,#4381,.T.);
#4379 = VERTEX_POINT('',#4380);
#4380 = CARTESIAN_POINT('',(220.411561,-41.638403,-5.E-02));
#4381 = CIRCLE('',#4382,0.402498098189);
#4382 = AXIS2_PLACEMENT_3D('',#4383,#4384,#4385);
#4383 = CARTESIAN_POINT('',(220.80909878133,-41.70139848757,-5.E-02));
#4384 = DIRECTION('',(0.,0.,1.));
#4385 = DIRECTION('',(-0.156437462987,0.987687865762,0.));
#4386 = ORIENTED_EDGE('',*,*,#4387,.T.);
#4387 = EDGE_CURVE('',#4379,#4388,#4390,.T.);
#4388 = VERTEX_POINT('',#4389);
#4389 = CARTESIAN_POINT('',(220.409093,-41.701363,-5.E-02));
#4390 = LINE('',#4391,#4392);
#4391 = CARTESIAN_POINT('',(220.411561,-41.638403,-5.E-02));
#4392 = VECTOR('',#4393,1.);
#4393 = DIRECTION('',(-3.91694094321E-02,-0.999232584219,0.));
#4394 = ORIENTED_EDGE('',*,*,#4395,.T.);
#4395 = EDGE_CURVE('',#4388,#4396,#4398,.T.);
#4396 = VERTEX_POINT('',#4397);
#4397 = CARTESIAN_POINT('',(220.409093,-44.901363,-5.E-02));
#4398 = LINE('',#4399,#4400);
#4399 = CARTESIAN_POINT('',(220.409093,-41.701363,-5.E-02));
#4400 = VECTOR('',#4401,1.);
#4401 = DIRECTION('',(0.,-1.,0.));
#4402 = ORIENTED_EDGE('',*,*,#4403,.T.);
#4403 = EDGE_CURVE('',#4396,#4404,#4406,.T.);
#4404 = VERTEX_POINT('',#4405);
#4405 = CARTESIAN_POINT('',(220.411325,-44.964367,-5.E-02));
#4406 = LINE('',#4407,#4408);
#4407 = CARTESIAN_POINT('',(220.409093,-44.901363,-5.E-02));
#4408 = VECTOR('',#4409,1.);
#4409 = DIRECTION('',(3.540411259353E-02,-0.99937307789,0.));
#4410 = ORIENTED_EDGE('',*,*,#4411,.T.);
#4411 = EDGE_CURVE('',#4404,#4412,#4414,.T.);
#4412 = VERTEX_POINT('',#4413);
#4413 = CARTESIAN_POINT('',(220.74609,-45.299168,-5.E-02));
#4414 = CIRCLE('',#4415,0.402728387031);
#4415 = AXIS2_PLACEMENT_3D('',#4416,#4417,#4418);
#4416 = CARTESIAN_POINT('',(220.8091003597,-44.90139941364,-5.E-02));
#4417 = DIRECTION('',(0.,0.,1.));
#4418 = DIRECTION('',(-0.987701320581,-0.156352490617,0.));
#4419 = ORIENTED_EDGE('',*,*,#4420,.T.);
#4420 = EDGE_CURVE('',#4412,#4421,#4423,.T.);
#4421 = VERTEX_POINT('',#4422);
#4422 = CARTESIAN_POINT('',(220.809093,-45.301363,-5.E-02));
#4423 = LINE('',#4424,#4425);
#4424 = CARTESIAN_POINT('',(220.74609,-45.299168,-5.E-02));
#4425 = VECTOR('',#4426,1.);
#4426 = DIRECTION('',(0.999393652691,-3.481848590794E-02,0.));
#4427 = ORIENTED_EDGE('',*,*,#4428,.T.);
#4428 = EDGE_CURVE('',#4421,#4429,#4431,.T.);
#4429 = VERTEX_POINT('',#4430);
#4430 = CARTESIAN_POINT('',(222.344271,-45.301363,-5.E-02));
#4431 = LINE('',#4432,#4433);
#4432 = CARTESIAN_POINT('',(220.809093,-45.301363,-5.E-02));
#4433 = VECTOR('',#4434,1.);
#4434 = DIRECTION('',(1.,0.,0.));
#4435 = ORIENTED_EDGE('',*,*,#4436,.T.);
#4436 = EDGE_CURVE('',#4429,#4437,#4439,.T.);
#4437 = VERTEX_POINT('',#4438);
#4438 = CARTESIAN_POINT('',(222.40723,-45.303886,-5.E-02));
#4439 = LINE('',#4440,#4441);
#4440 = CARTESIAN_POINT('',(222.344271,-45.301363,-5.E-02));
#4441 = VECTOR('',#4442,1.);
#4442 = DIRECTION('',(0.999198015136,-4.004156025644E-02,0.));
#4443 = ORIENTED_EDGE('',*,*,#4444,.T.);
#4444 = EDGE_CURVE('',#4437,#4445,#4447,.T.);
#4445 = VERTEX_POINT('',#4446);
#4446 = CARTESIAN_POINT('',(222.741803,-45.638405,-5.E-02));
#4447 = CIRCLE('',#4448,0.402461229624);
#4448 = AXIS2_PLACEMENT_3D('',#4449,#4450,#4451);
#4449 = CARTESIAN_POINT('',(222.34430201758,-45.70139714497,-5.E-02));
#4450 = DIRECTION('',(0.,0.,-1.));
#4451 = DIRECTION('',(0.15635787446,0.987700468307,0.));
#4452 = ORIENTED_EDGE('',*,*,#4453,.T.);
#4453 = EDGE_CURVE('',#4445,#4454,#4456,.T.);
#4454 = VERTEX_POINT('',#4455);
#4455 = CARTESIAN_POINT('',(222.744271,-45.701363,-5.E-02));
#4456 = LINE('',#4457,#4458);
#4457 = CARTESIAN_POINT('',(222.741803,-45.638405,-5.E-02));
#4458 = VECTOR('',#4459,1.);
#4459 = DIRECTION('',(3.91706518258E-02,-0.999232535517,0.));
#4460 = ORIENTED_EDGE('',*,*,#4461,.T.);
#4461 = EDGE_CURVE('',#4454,#4462,#4464,.T.);
#4462 = VERTEX_POINT('',#4463);
#4463 = CARTESIAN_POINT('',(223.485905,-72.252273,-5.E-02));
#4464 = LINE('',#4465,#4466);
#4465 = CARTESIAN_POINT('',(222.744271,-45.701363,-5.E-02));
#4466 = VECTOR('',#4467,1.);
#4467 = DIRECTION('',(2.792163613644E-02,-0.999610115113,0.));
#4468 = ORIENTED_EDGE('',*,*,#4469,.T.);
#4469 = EDGE_CURVE('',#4462,#4470,#4472,.T.);
#4470 = VERTEX_POINT('',#4471);
#4471 = CARTESIAN_POINT('',(223.464075,-72.340007,-5.E-02));
#4472 = LINE('',#4473,#4474);
#4473 = CARTESIAN_POINT('',(223.485905,-72.252273,-5.E-02));
#4474 = VECTOR('',#4475,1.);
#4475 = DIRECTION('',(-0.241458020036,-0.970411265681,0.));
#4476 = ORIENTED_EDGE('',*,*,#4477,.T.);
#4477 = EDGE_CURVE('',#4470,#4478,#4480,.T.);
#4478 = VERTEX_POINT('',#4479);
#4479 = CARTESIAN_POINT('',(222.795013,-72.877776,-5.E-02));
#4480 = CIRCLE('',#4481,0.802682603586);
#4481 = AXIS2_PLACEMENT_3D('',#4482,#4483,#4484);
#4482 = CARTESIAN_POINT('',(222.70460118896,-72.08020151036,-5.E-02));
#4483 = DIRECTION('',(0.,0.,-1.));
#4484 = DIRECTION('',(0.946169516625,-0.323671509111,0.));
#4485 = ORIENTED_EDGE('',*,*,#4486,.T.);
#4486 = EDGE_CURVE('',#4478,#4487,#4489,.T.);
#4487 = VERTEX_POINT('',#4488);
#4488 = CARTESIAN_POINT('',(222.704638,-72.880161,-5.E-02));
#4489 = LINE('',#4490,#4491);
#4490 = CARTESIAN_POINT('',(222.795013,-72.877776,-5.E-02));
#4491 = VECTOR('',#4492,1.);
#4492 = DIRECTION('',(-0.999651964632,-2.638085682602E-02,0.));
#4493 = ORIENTED_EDGE('',*,*,#4494,.T.);
#4494 = EDGE_CURVE('',#4487,#4495,#4497,.T.);
#4495 = VERTEX_POINT('',#4496);
#4496 = CARTESIAN_POINT('',(208.90587,-72.880161,-5.E-02));
#4497 = LINE('',#4498,#4499);
#4498 = CARTESIAN_POINT('',(222.704638,-72.880161,-5.E-02));
#4499 = VECTOR('',#4500,1.);
#4500 = DIRECTION('',(-1.,0.,0.));
#4501 = ORIENTED_EDGE('',*,*,#4502,.T.);
#4502 = EDGE_CURVE('',#4495,#4503,#4505,.T.);
#4503 = VERTEX_POINT('',#4504);
#4504 = CARTESIAN_POINT('',(208.815991,-72.877842,-5.E-02));
#4505 = LINE('',#4506,#4507);
#4506 = CARTESIAN_POINT('',(208.90587,-72.880161,-5.E-02));
#4507 = VECTOR('',#4508,1.);
#4508 = DIRECTION('',(-0.999667311133,2.579277133164E-02,0.));
#4509 = ORIENTED_EDGE('',*,*,#4510,.T.);
#4510 = EDGE_CURVE('',#4503,#4511,#4513,.T.);
#4511 = VERTEX_POINT('',#4512);
#4512 = CARTESIAN_POINT('',(208.108162,-72.170047,-5.E-02));
#4513 = CIRCLE('',#4514,0.802684655166);
#4514 = AXIS2_PLACEMENT_3D('',#4515,#4516,#4517);
#4515 = CARTESIAN_POINT('',(208.90580210514,-72.08019757982,-5.E-02));
#4516 = DIRECTION('',(0.,0.,-1.));
#4517 = DIRECTION('',(-0.111888404202,-0.993720778189,-0.));
#4518 = ORIENTED_EDGE('',*,*,#4519,.T.);
#4519 = EDGE_CURVE('',#4511,#4520,#4522,.T.);
#4520 = VERTEX_POINT('',#4521);
#4521 = CARTESIAN_POINT('',(208.105841,-72.080168,-5.E-02));
#4522 = LINE('',#4523,#4524);
#4523 = CARTESIAN_POINT('',(208.108162,-72.170047,-5.E-02));
#4524 = VECTOR('',#4525,1.);
#4525 = DIRECTION('',(-2.58150012497E-02,0.999666737323,0.));
#4526 = ORIENTED_EDGE('',*,*,#4527,.T.);
#4527 = EDGE_CURVE('',#4520,#4528,#4530,.T.);
#4528 = VERTEX_POINT('',#4529);
#4529 = CARTESIAN_POINT('',(208.105841,-56.572825,-5.E-02));
#4530 = LINE('',#4531,#4532);
#4531 = CARTESIAN_POINT('',(208.105841,-72.080168,-5.E-02));
#4532 = VECTOR('',#4533,1.);
#4533 = DIRECTION('',(0.,1.,0.));
#4534 = ORIENTED_EDGE('',*,*,#4535,.T.);
#4535 = EDGE_CURVE('',#4528,#4536,#4538,.T.);
#4536 = VERTEX_POINT('',#4537);
#4537 = CARTESIAN_POINT('',(208.108147,-56.482947,-5.E-02));
#4538 = LINE('',#4539,#4540);
#4539 = CARTESIAN_POINT('',(208.105841,-56.572825,-5.E-02));
#4540 = VECTOR('',#4541,1.);
#4541 = DIRECTION('',(2.564856111265E-02,0.999671021543,0.));
#4542 = ORIENTED_EDGE('',*,*,#4543,.T.);
#4543 = EDGE_CURVE('',#4536,#4544,#4546,.T.);
#4544 = VERTEX_POINT('',#4545);
#4545 = CARTESIAN_POINT('',(208.815963,-55.775145,-5.E-02));
#4546 = CIRCLE('',#4547,0.802696328098);
#4547 = AXIS2_PLACEMENT_3D('',#4548,#4549,#4550);
#4548 = CARTESIAN_POINT('',(208.90579862828,-56.57279840532,-5.E-02));
#4549 = DIRECTION('',(0.,0.,-1.));
#4550 = DIRECTION('',(-0.993715307223,0.111936983121,0.));
#4551 = ORIENTED_EDGE('',*,*,#4552,.T.);
#4552 = EDGE_CURVE('',#4544,#4553,#4555,.T.);
#4553 = VERTEX_POINT('',#4554);
#4554 = CARTESIAN_POINT('',(208.905841,-55.772825,-5.E-02));
#4555 = LINE('',#4556,#4557);
#4556 = CARTESIAN_POINT('',(208.815963,-55.775145,-5.E-02));
#4557 = VECTOR('',#4558,1.);
#4558 = DIRECTION('',(0.999667016884,2.58041732034E-02,0.));
#4559 = ORIENTED_EDGE('',*,*,#4560,.T.);
#4560 = EDGE_CURVE('',#4553,#4561,#4563,.T.);
#4561 = VERTEX_POINT('',#4562);
#4562 = CARTESIAN_POINT('',(209.630641,-55.77279,-5.E-02));
#4563 = LINE('',#4564,#4565);
#4564 = CARTESIAN_POINT('',(208.905841,-55.772825,-5.E-02));
#4565 = VECTOR('',#4566,1.);
#4566 = DIRECTION('',(0.999999998834,4.828918316238E-05,0.));
#4567 = ORIENTED_EDGE('',*,*,#4568,.T.);
#4568 = EDGE_CURVE('',#4561,#4569,#4571,.T.);
#4569 = VERTEX_POINT('',#4570);
#4570 = CARTESIAN_POINT('',(209.720498,-55.770319,-5.E-02));
#4571 = LINE('',#4572,#4573);
#4572 = CARTESIAN_POINT('',(209.630641,-55.77279,-5.E-02));
#4573 = VECTOR('',#4574,1.);
#4574 = DIRECTION('',(0.999622109967,2.748885711439E-02,0.));
#4575 = ORIENTED_EDGE('',*,*,#4576,.T.);
#4576 = EDGE_CURVE('',#4569,#4577,#4579,.T.);
#4577 = VERTEX_POINT('',#4578);
#4578 = CARTESIAN_POINT('',(210.428125,-55.062648,-5.E-02));
#4579 = CIRCLE('',#4580,0.802570651026);
#4580 = AXIS2_PLACEMENT_3D('',#4581,#4582,#4583);
#4581 = CARTESIAN_POINT('',(209.63059955647,-54.97279914461,-5.E-02));
#4582 = DIRECTION('',(0.,0.,1.));
#4583 = DIRECTION('',(0.112013121104,-0.993706727712,0.));
#4584 = ORIENTED_EDGE('',*,*,#4585,.T.);
#4585 = EDGE_CURVE('',#4577,#4586,#4588,.T.);
#4586 = VERTEX_POINT('',#4587);
#4587 = CARTESIAN_POINT('',(210.430639,-54.972791,-5.E-02));
#4588 = LINE('',#4589,#4590);
#4589 = CARTESIAN_POINT('',(210.428125,-55.062648,-5.E-02));
#4590 = VECTOR('',#4591,1.);
#4591 = DIRECTION('',(2.796684345432E-02,0.999608851335,0.));
#4592 = ORIENTED_EDGE('',*,*,#4593,.T.);
#4593 = EDGE_CURVE('',#4586,#4594,#4596,.T.);
#4594 = VERTEX_POINT('',#4595);
#4595 = CARTESIAN_POINT('',(210.430639,-50.898422,-5.E-02));
#4596 = LINE('',#4597,#4598);
#4597 = CARTESIAN_POINT('',(210.430639,-54.972791,-5.E-02));
#4598 = VECTOR('',#4599,1.);
#4599 = DIRECTION('',(0.,1.,0.));
#4600 = ORIENTED_EDGE('',*,*,#4601,.T.);
#4601 = EDGE_CURVE('',#4594,#4602,#4604,.T.);
#4602 = VERTEX_POINT('',#4603);
#4603 = CARTESIAN_POINT('',(210.428065,-50.808571,-5.E-02));
#4604 = LINE('',#4605,#4606);
#4605 = CARTESIAN_POINT('',(210.430639,-50.898422,-5.E-02));
#4606 = VECTOR('',#4607,1.);
#4607 = DIRECTION('',(-2.863567952298E-02,0.999589914844,0.));
#4608 = ORIENTED_EDGE('',*,*,#4609,.T.);
#4609 = EDGE_CURVE('',#4602,#4610,#4612,.T.);
#4610 = VERTEX_POINT('',#4611);
#4611 = CARTESIAN_POINT('',(209.720492,-50.100942,-5.E-02));
#4612 = CIRCLE('',#4613,0.802509128713);
#4613 = AXIS2_PLACEMENT_3D('',#4614,#4615,#4616);
#4614 = CARTESIAN_POINT('',(209.63059929771,-50.89840059061,-5.E-02));
#4615 = DIRECTION('',(0.,0.,1.));
#4616 = DIRECTION('',(0.993715427963,0.111935911256,-0.));
#4617 = ORIENTED_EDGE('',*,*,#4618,.T.);
#4618 = EDGE_CURVE('',#4610,#4619,#4621,.T.);
#4619 = VERTEX_POINT('',#4620);
#4620 = CARTESIAN_POINT('',(209.630641,-50.098423,-5.E-02));
#4621 = LINE('',#4622,#4623);
#4622 = CARTESIAN_POINT('',(209.720492,-50.100942,-5.E-02));
#4623 = VECTOR('',#4624,1.);
#4624 = DIRECTION('',(-0.999607242405,2.802429181227E-02,0.));
#4625 = ORIENTED_EDGE('',*,*,#4626,.T.);
#4626 = EDGE_CURVE('',#4619,#4627,#4629,.T.);
#4627 = VERTEX_POINT('',#4628);
#4628 = CARTESIAN_POINT('',(208.905797,-50.098458,-5.E-02));
#4629 = LINE('',#4630,#4631);
#4630 = CARTESIAN_POINT('',(209.630641,-50.098423,-5.E-02));
#4631 = VECTOR('',#4632,1.);
#4632 = DIRECTION('',(-0.999999998834,-4.828625188758E-05,0.));
#4633 = ORIENTED_EDGE('',*,*,#4634,.T.);
#4634 = EDGE_CURVE('',#4627,#4635,#4637,.T.);
#4635 = VERTEX_POINT('',#4636);
#4636 = CARTESIAN_POINT('',(208.815917,-50.096178,-5.E-02));
#4637 = LINE('',#4638,#4639);
#4638 = CARTESIAN_POINT('',(208.905797,-50.098458,-5.E-02));
#4639 = VECTOR('',#4640,1.);
#4640 = DIRECTION('',(-0.999678408891,2.535899835636E-02,0.));
#4641 = ORIENTED_EDGE('',*,*,#4642,.T.);
#4642 = EDGE_CURVE('',#4635,#4643,#4645,.T.);
#4643 = VERTEX_POINT('',#4644);
#4644 = CARTESIAN_POINT('',(208.108117,-49.388338,-5.E-02));
#4645 = CIRCLE('',#4646,0.802726157269);
#4646 = AXIS2_PLACEMENT_3D('',#4647,#4648,#4649);
#4647 = CARTESIAN_POINT('',(208.90580014809,-49.29849993006,-5.E-02));
#4648 = DIRECTION('',(0.,0.,-1.));
#4649 = DIRECTION('',(-0.111972367265,-0.993711320741,-0.));
#4650 = ORIENTED_EDGE('',*,*,#4651,.T.);
#4651 = EDGE_CURVE('',#4643,#4652,#4654,.T.);
#4652 = VERTEX_POINT('',#4653);
#4653 = CARTESIAN_POINT('',(208.105797,-49.298458,-5.E-02));
#4654 = LINE('',#4655,#4656);
#4655 = CARTESIAN_POINT('',(208.108117,-49.388338,-5.E-02));
#4656 = VECTOR('',#4657,1.);
#4657 = DIRECTION('',(-2.580359939397E-02,0.999667031695,0.));
#4658 = ORIENTED_EDGE('',*,*,#4659,.T.);
#4659 = EDGE_CURVE('',#4652,#4660,#4662,.T.);
#4660 = VERTEX_POINT('',#4661);
#4661 = CARTESIAN_POINT('',(208.105792,-30.455414,-5.E-02));
#4662 = LINE('',#4663,#4664);
#4663 = CARTESIAN_POINT('',(208.105797,-49.298458,-5.E-02));
#4664 = VECTOR('',#4665,1.);
#4665 = DIRECTION('',(-2.653499077631E-07,1.,0.));
#4666 = ORIENTED_EDGE('',*,*,#4667,.T.);
#4667 = EDGE_CURVE('',#4660,#4668,#4670,.T.);
#4668 = VERTEX_POINT('',#4669);
#4669 = CARTESIAN_POINT('',(203.795517,-30.448061,-5.E-02));
#4670 = LINE('',#4671,#4672);
#4671 = CARTESIAN_POINT('',(208.105792,-30.455414,-5.E-02));
#4672 = VECTOR('',#4673,1.);
#4673 = DIRECTION('',(-0.999998544915,1.7059211537E-03,0.));
#4674 = ORIENTED_EDGE('',*,*,#4675,.T.);
#4675 = EDGE_CURVE('',#4668,#4676,#4678,.T.);
#4676 = VERTEX_POINT('',#4677);
#4677 = CARTESIAN_POINT('',(203.705711,-30.445177,-5.E-02));
#4678 = LINE('',#4679,#4680);
#4679 = CARTESIAN_POINT('',(203.795517,-30.448061,-5.E-02));
#4680 = VECTOR('',#4681,1.);
#4681 = DIRECTION('',(-0.999484754679,3.209712082146E-02,0.));
#4682 = ORIENTED_EDGE('',*,*,#4683,.T.);
#4683 = EDGE_CURVE('',#4676,#4684,#4686,.T.);
#4684 = VERTEX_POINT('',#4685);
#4685 = CARTESIAN_POINT('',(203.109627,-29.855463,-5.E-02));
#4686 = CIRCLE('',#4687,0.692722393685);
#4687 = AXIS2_PLACEMENT_3D('',#4688,#4689,#4690);
#4688 = CARTESIAN_POINT('',(203.79550117174,-29.75829852474,-5.E-02));
#4689 = DIRECTION('',(0.,0.,-1.));
#4690 = DIRECTION('',(-0.129619271095,-0.991563837865,-0.));
#4691 = ORIENTED_EDGE('',*,*,#4692,.T.);
#4692 = EDGE_CURVE('',#4684,#4693,#4695,.T.);
#4693 = VERTEX_POINT('',#4694);
#4694 = CARTESIAN_POINT('',(203.105795,-29.765693,-5.E-02));
#4695 = LINE('',#4696,#4697);
#4696 = CARTESIAN_POINT('',(203.109627,-29.855463,-5.E-02));
#4697 = VECTOR('',#4698,1.);
#4698 = DIRECTION('',(-4.264802817256E-02,0.999090158941,0.));
#4699 = ORIENTED_EDGE('',*,*,#4700,.T.);
#4700 = EDGE_CURVE('',#4693,#4701,#4703,.T.);
#4701 = VERTEX_POINT('',#4702);
#4702 = CARTESIAN_POINT('',(203.103389,-29.617854,-5.E-02));
#4703 = LINE('',#4704,#4705);
#4704 = CARTESIAN_POINT('',(203.105795,-29.765693,-5.E-02));
#4705 = VECTOR('',#4706,1.);
#4706 = DIRECTION('',(-1.627230594786E-02,0.999867597264,0.));
#4707 = ORIENTED_EDGE('',*,*,#4708,.T.);
#4708 = EDGE_CURVE('',#4701,#4709,#4711,.T.);
#4709 = VERTEX_POINT('',#4710);
#4710 = CARTESIAN_POINT('',(200.995634,-27.51011,-5.E-02));
#4711 = CIRCLE('',#4712,2.260429003891);
#4712 = AXIS2_PLACEMENT_3D('',#4713,#4714,#4715);
#4713 = CARTESIAN_POINT('',(200.84780017214,-29.76569959941,-5.E-02));
#4714 = DIRECTION('',(0.,0.,1.));
#4715 = DIRECTION('',(0.997858735655,6.540599114447E-02,-0.));
#4716 = ORIENTED_EDGE('',*,*,#4717,.T.);
#4717 = EDGE_CURVE('',#4709,#4718,#4720,.T.);
#4718 = VERTEX_POINT('',#4719);
#4719 = CARTESIAN_POINT('',(200.847795,-27.507693,-5.E-02));
#4720 = LINE('',#4721,#4722);
#4721 = CARTESIAN_POINT('',(200.995634,-27.51011,-5.E-02));
#4722 = VECTOR('',#4723,1.);
#4723 = DIRECTION('',(-0.999866384075,1.634668152727E-02,0.));
#4724 = ORIENTED_EDGE('',*,*,#4725,.T.);
#4725 = EDGE_CURVE('',#4718,#4726,#4728,.T.);
#4726 = VERTEX_POINT('',#4727);
#4727 = CARTESIAN_POINT('',(185.463794,-27.507666,-5.E-02));
#4728 = LINE('',#4729,#4730);
#4729 = CARTESIAN_POINT('',(200.847795,-27.507693,-5.E-02));
#4730 = VECTOR('',#4731,1.);
#4731 = DIRECTION('',(-0.999999999998,1.755070088678E-06,0.));
#4732 = ORIENTED_EDGE('',*,*,#4733,.T.);
#4733 = EDGE_CURVE('',#4726,#4734,#4736,.T.);
#4734 = VERTEX_POINT('',#4735);
#4735 = CARTESIAN_POINT('',(185.315957,-27.510112,-5.E-02));
#4736 = LINE('',#4737,#4738);
#4737 = CARTESIAN_POINT('',(185.463794,-27.507666,-5.E-02));
#4738 = VECTOR('',#4739,1.);
#4739 = DIRECTION('',(-0.99986315546,-1.654298503253E-02,0.));
#4740 = ORIENTED_EDGE('',*,*,#4741,.T.);
#4741 = EDGE_CURVE('',#4734,#4742,#4744,.T.);
#4742 = VERTEX_POINT('',#4743);
#4743 = CARTESIAN_POINT('',(183.208213,-29.617829,-5.E-02));
#4744 = CIRCLE('',#4745,2.260428260826);
#4745 = AXIS2_PLACEMENT_3D('',#4746,#4747,#4748);
#4746 = CARTESIAN_POINT('',(185.46379939893,-29.76570029297,-5.E-02));
#4747 = DIRECTION('',(0.,0.,1.));
#4748 = DIRECTION('',(-6.540459677294E-02,0.99785882705,0.));
#4749 = ORIENTED_EDGE('',*,*,#4750,.T.);
#4750 = EDGE_CURVE('',#4742,#4751,#4753,.T.);
#4751 = VERTEX_POINT('',#4752);
#4752 = CARTESIAN_POINT('',(183.205794,-29.765666,-5.E-02));
#4753 = LINE('',#4754,#4755);
#4754 = CARTESIAN_POINT('',(183.208213,-29.617829,-5.E-02));
#4755 = VECTOR('',#4756,1.);
#4756 = DIRECTION('',(-1.636042559916E-02,-0.99986615928,0.));
#4757 = ORIENTED_EDGE('',*,*,#4758,.T.);
#4758 = EDGE_CURVE('',#4751,#4759,#4761,.T.);
#4759 = VERTEX_POINT('',#4760);
#4760 = CARTESIAN_POINT('',(183.201987,-29.855445,-5.E-02));
#4761 = LINE('',#4762,#4763);
#4762 = CARTESIAN_POINT('',(183.205794,-29.765666,-5.E-02));
#4763 = VECTOR('',#4764,1.);
#4764 = DIRECTION('',(-4.236605338373E-02,-0.999102155698,0.));
#4765 = ORIENTED_EDGE('',*,*,#4766,.T.);
#4766 = EDGE_CURVE('',#4759,#4767,#4769,.T.);
#4767 = VERTEX_POINT('',#4768);
#4768 = CARTESIAN_POINT('',(182.605924,-30.44527,-5.E-02));
#4769 = CIRCLE('',#4770,0.692719375084);
#4770 = AXIS2_PLACEMENT_3D('',#4771,#4772,#4773);
#4771 = CARTESIAN_POINT('',(182.5160990878,-29.75839911128,-5.E-02));
#4772 = DIRECTION('',(0.,0.,-1.));
#4773 = DIRECTION('',(0.990138195738,-0.140094087457,0.));
#4774 = ORIENTED_EDGE('',*,*,#4775,.T.);
#4775 = EDGE_CURVE('',#4767,#4776,#4778,.T.);
#4776 = VERTEX_POINT('',#4777);
#4777 = CARTESIAN_POINT('',(182.51611,-30.448142,-5.E-02));
#4778 = LINE('',#4779,#4780);
#4779 = CARTESIAN_POINT('',(182.605924,-30.44527,-5.E-02));
#4780 = VECTOR('',#4781,1.);
#4781 = DIRECTION('',(-0.999489121188,-3.196086084634E-02,0.));
#4782 = ORIENTED_EDGE('',*,*,#4783,.T.);
#4783 = EDGE_CURVE('',#4776,#4784,#4786,.T.);
#4784 = VERTEX_POINT('',#4785);
#4785 = CARTESIAN_POINT('',(178.205797,-30.448061,-5.E-02));
#4786 = LINE('',#4787,#4788);
#4787 = CARTESIAN_POINT('',(182.51611,-30.448142,-5.E-02));
#4788 = VECTOR('',#4789,1.);
#4789 = DIRECTION('',(-0.999999999823,1.879213875819E-05,0.));
#4790 = ORIENTED_EDGE('',*,*,#4791,.T.);
#4791 = EDGE_CURVE('',#4784,#4792,#4794,.T.);
#4792 = VERTEX_POINT('',#4793);
#4793 = CARTESIAN_POINT('',(178.225795,-49.298424,-5.E-02));
#4794 = LINE('',#4795,#4796);
#4795 = CARTESIAN_POINT('',(178.205797,-30.448061,-5.E-02));
#4796 = VECTOR('',#4797,1.);
#4797 = DIRECTION('',(1.060880830064E-03,-0.999999437266,0.));
#4798 = ORIENTED_EDGE('',*,*,#4799,.T.);
#4799 = EDGE_CURVE('',#4792,#4800,#4802,.T.);
#4800 = VERTEX_POINT('',#4801);
#4801 = CARTESIAN_POINT('',(178.223306,-49.38828,-5.E-02));
#4802 = LINE('',#4803,#4804);
#4803 = CARTESIAN_POINT('',(178.225795,-49.298424,-5.E-02));
#4804 = VECTOR('',#4805,1.);
#4805 = DIRECTION('',(-2.768925464448E-02,-0.999616579083,0.));
#4806 = ORIENTED_EDGE('',*,*,#4807,.T.);
#4807 = EDGE_CURVE('',#4800,#4808,#4810,.T.);
#4808 = VERTEX_POINT('',#4809);
#4809 = CARTESIAN_POINT('',(177.515651,-50.095909,-5.E-02));
#4810 = CIRCLE('',#4811,0.80255397075);
#4811 = AXIS2_PLACEMENT_3D('',#4812,#4813,#4814);
#4812 = CARTESIAN_POINT('',(177.425800796,-49.2984004942,-5.E-02));
#4813 = DIRECTION('',(0.,0.,-1.));
#4814 = DIRECTION('',(0.99370912495,-0.111991852344,0.));
#4815 = ORIENTED_EDGE('',*,*,#4816,.T.);
#4816 = EDGE_CURVE('',#4808,#4817,#4819,.T.);
#4817 = VERTEX_POINT('',#4818);
#4818 = CARTESIAN_POINT('',(177.425795,-50.098424,-5.E-02));
#4819 = LINE('',#4820,#4821);
#4820 = CARTESIAN_POINT('',(177.515651,-50.095909,-5.E-02));
#4821 = VECTOR('',#4822,1.);
#4822 = DIRECTION('',(-0.999608531571,-2.797827030922E-02,0.));
#4823 = ORIENTED_EDGE('',*,*,#4824,.T.);
#4824 = EDGE_CURVE('',#4817,#4825,#4827,.T.);
#4825 = VERTEX_POINT('',#4826);
#4826 = CARTESIAN_POINT('',(176.693796,-50.098424,-5.E-02));
#4827 = LINE('',#4828,#4829);
#4828 = CARTESIAN_POINT('',(177.425795,-50.098424,-5.E-02));
#4829 = VECTOR('',#4830,1.);
#4830 = DIRECTION('',(-1.,0.,0.));
#4831 = ORIENTED_EDGE('',*,*,#4832,.T.);
#4832 = EDGE_CURVE('',#4825,#4833,#4835,.T.);
#4833 = VERTEX_POINT('',#4834);
#4834 = CARTESIAN_POINT('',(176.603918,-50.100722,-5.E-02));
#4835 = LINE('',#4836,#4837);
#4836 = CARTESIAN_POINT('',(176.693796,-50.098424,-5.E-02));
#4837 = VECTOR('',#4838,1.);
#4838 = DIRECTION('',(-0.999673299058,-2.555963908E-02,0.));
#4839 = ORIENTED_EDGE('',*,*,#4840,.T.);
#4840 = EDGE_CURVE('',#4833,#4841,#4843,.T.);
#4841 = VERTEX_POINT('',#4842);
#4842 = CARTESIAN_POINT('',(175.896119,-50.808544,-5.E-02));
#4843 = CIRCLE('',#4844,0.802725963917);
#4844 = AXIS2_PLACEMENT_3D('',#4845,#4846,#4847);
#4845 = CARTESIAN_POINT('',(176.69379993257,-50.89840001232,-5.E-02));
#4846 = DIRECTION('',(0.,0.,1.));
#4847 = DIRECTION('',(-0.111970879997,0.993711488327,0.));
#4848 = ORIENTED_EDGE('',*,*,#4849,.T.);
#4849 = EDGE_CURVE('',#4841,#4850,#4852,.T.);
#4850 = VERTEX_POINT('',#4851);
#4851 = CARTESIAN_POINT('',(175.893797,-50.898422,-5.E-02));
#4852 = LINE('',#4853,#4854);
#4853 = CARTESIAN_POINT('',(175.896119,-50.808544,-5.E-02));
#4854 = VECTOR('',#4855,1.);
#4855 = DIRECTION('',(-2.582640334908E-02,-0.999666442815,0.));
#4856 = ORIENTED_EDGE('',*,*,#4857,.T.);
#4857 = EDGE_CURVE('',#4850,#4858,#4860,.T.);
#4858 = VERTEX_POINT('',#4859);
#4859 = CARTESIAN_POINT('',(175.893797,-54.972825,-5.E-02));
#4860 = LINE('',#4861,#4862);
#4861 = CARTESIAN_POINT('',(175.893797,-50.898422,-5.E-02));
#4862 = VECTOR('',#4863,1.);
#4863 = DIRECTION('',(0.,-1.,0.));
#4864 = ORIENTED_EDGE('',*,*,#4865,.T.);
#4865 = EDGE_CURVE('',#4858,#4866,#4868,.T.);
#4866 = VERTEX_POINT('',#4867);
#4867 = CARTESIAN_POINT('',(175.896294,-55.06268,-5.E-02));
#4868 = LINE('',#4869,#4870);
#4869 = CARTESIAN_POINT('',(175.893797,-54.972825,-5.E-02));
#4870 = VECTOR('',#4871,1.);
#4871 = DIRECTION('',(2.777849219036E-02,-0.999614103228,0.));
#4872 = ORIENTED_EDGE('',*,*,#4873,.T.);
#4873 = EDGE_CURVE('',#4866,#4874,#4876,.T.);
#4874 = VERTEX_POINT('',#4875);
#4875 = CARTESIAN_POINT('',(176.60394,-55.770308,-5.E-02));
#4876 = CIRCLE('',#4877,0.802554002922);
#4877 = AXIS2_PLACEMENT_3D('',#4878,#4879,#4880);
#4878 = CARTESIAN_POINT('',(176.69379923469,-54.97280047931,-5.E-02));
#4879 = DIRECTION('',(0.,0.,1.));
#4880 = DIRECTION('',(-0.993709123364,-0.111991866411,0.));
#4881 = ORIENTED_EDGE('',*,*,#4882,.T.);
#4882 = EDGE_CURVE('',#4874,#4883,#4885,.T.);
#4883 = VERTEX_POINT('',#4884);
#4884 = CARTESIAN_POINT('',(176.693795,-55.772824,-5.E-02));
#4885 = LINE('',#4886,#4887);
#4886 = CARTESIAN_POINT('',(176.60394,-55.770308,-5.E-02));
#4887 = VECTOR('',#4888,1.);
#4888 = DIRECTION('',(0.99960821167,-2.798969740763E-02,0.));
#4889 = ORIENTED_EDGE('',*,*,#4890,.T.);
#4890 = EDGE_CURVE('',#4883,#4891,#4893,.T.);
#4891 = VERTEX_POINT('',#4892);
#4892 = CARTESIAN_POINT('',(177.432362,-55.772824,-5.E-02));
#4893 = LINE('',#4894,#4895);
#4894 = CARTESIAN_POINT('',(176.693795,-55.772824,-5.E-02));
#4895 = VECTOR('',#4896,1.);
#4896 = DIRECTION('',(1.,0.,0.));
#4897 = ORIENTED_EDGE('',*,*,#4898,.T.);
#4898 = EDGE_CURVE('',#4891,#4899,#4901,.T.);
#4899 = VERTEX_POINT('',#4900);
#4900 = CARTESIAN_POINT('',(177.522239,-55.775158,-5.E-02));
#4901 = LINE('',#4902,#4903);
#4902 = CARTESIAN_POINT('',(177.432362,-55.772824,-5.E-02));
#4903 = VECTOR('',#4904,1.);
#4904 = DIRECTION('',(0.999662980538,-2.596007206041E-02,0.));
#4905 = ORIENTED_EDGE('',*,*,#4906,.T.);
#4906 = EDGE_CURVE('',#4899,#4907,#4909,.T.);
#4907 = VERTEX_POINT('',#4908);
#4908 = CARTESIAN_POINT('',(178.23004,-56.482947,-5.E-02));
#4909 = CIRCLE('',#4910,0.802685774247);
#4910 = AXIS2_PLACEMENT_3D('',#4911,#4912,#4913);
#4911 = CARTESIAN_POINT('',(177.43239920752,-56.57280031574,-5.E-02));
#4912 = DIRECTION('',(0.,0.,-1.));
#4913 = DIRECTION('',(0.111923987396,0.99371677104,0.));
#4914 = ORIENTED_EDGE('',*,*,#4915,.T.);
#4915 = EDGE_CURVE('',#4907,#4916,#4918,.T.);
#4916 = VERTEX_POINT('',#4917);
#4917 = CARTESIAN_POINT('',(178.232362,-56.572824,-5.E-02));
#4918 = LINE('',#4919,#4920);
#4919 = CARTESIAN_POINT('',(178.23004,-56.482947,-5.E-02));
#4920 = VECTOR('',#4921,1.);
#4921 = DIRECTION('',(2.582669051016E-02,-0.999666435396,0.));
#4922 = ORIENTED_EDGE('',*,*,#4923,.T.);
#4923 = EDGE_CURVE('',#4916,#4924,#4926,.T.);
#4924 = VERTEX_POINT('',#4925);
#4925 = CARTESIAN_POINT('',(178.232367,-72.080167,-5.E-02));
#4926 = LINE('',#4927,#4928);
#4927 = CARTESIAN_POINT('',(178.232362,-56.572824,-5.E-02));
#4928 = VECTOR('',#4929,1.);
#4929 = DIRECTION('',(3.224278985638E-07,-1.,0.));
#4930 = ORIENTED_EDGE('',*,*,#4931,.T.);
#4931 = EDGE_CURVE('',#4924,#4932,#4934,.T.);
#4932 = VERTEX_POINT('',#4933);
#4933 = CARTESIAN_POINT('',(178.230039,-72.170046,-5.E-02));
#4934 = LINE('',#4935,#4936);
#4935 = CARTESIAN_POINT('',(178.232367,-72.080167,-5.E-02));
#4936 = VECTOR('',#4937,1.);
#4937 = DIRECTION('',(-2.589280566145E-02,-0.999664725103,0.));
#4938 = ORIENTED_EDGE('',*,*,#4939,.T.);
#4939 = EDGE_CURVE('',#4932,#4940,#4942,.T.);
#4940 = VERTEX_POINT('',#4941);
#4941 = CARTESIAN_POINT('',(177.522217,-72.877842,-5.E-02));
#4942 = CIRCLE('',#4943,0.802683660208);
#4943 = AXIS2_PLACEMENT_3D('',#4944,#4945,#4946);
#4944 = CARTESIAN_POINT('',(177.43239959072,-72.08019929091,-5.E-02));
#4945 = DIRECTION('',(0.,0.,-1.));
#4946 = DIRECTION('',(0.993715767268,-0.111932899022,0.));
#4947 = ORIENTED_EDGE('',*,*,#4948,.T.);
#4948 = EDGE_CURVE('',#4940,#4949,#4951,.T.);
#4949 = VERTEX_POINT('',#4950);
#4950 = CARTESIAN_POINT('',(177.432338,-72.88016,-5.E-02));
#4951 = LINE('',#4952,#4953);
#4952 = CARTESIAN_POINT('',(177.522217,-72.877842,-5.E-02));
#4953 = VECTOR('',#4954,1.);
#4954 = DIRECTION('',(-0.999667597852,-2.578165635825E-02,0.));
#4955 = ORIENTED_EDGE('',*,*,#4956,.T.);
#4956 = EDGE_CURVE('',#4949,#4957,#4959,.T.);
#4957 = VERTEX_POINT('',#4958);
#4958 = CARTESIAN_POINT('',(163.63357,-72.88016,-5.E-02));
#4959 = LINE('',#4960,#4961);
#4960 = CARTESIAN_POINT('',(177.432338,-72.88016,-5.E-02));
#4961 = VECTOR('',#4962,1.);
#4962 = DIRECTION('',(-1.,0.,0.));
#4963 = ORIENTED_EDGE('',*,*,#4964,.T.);
#4964 = EDGE_CURVE('',#4957,#4965,#4967,.T.);
#4965 = VERTEX_POINT('',#4966);
#4966 = CARTESIAN_POINT('',(163.543187,-72.877836,-5.E-02));
#4967 = LINE('',#4968,#4969);
#4968 = CARTESIAN_POINT('',(163.63357,-72.88016,-5.E-02));
#4969 = VECTOR('',#4970,1.);
#4970 = DIRECTION('',(-0.999669589787,2.570430420175E-02,0.));
#4971 = ORIENTED_EDGE('',*,*,#4972,.T.);
#4972 = EDGE_CURVE('',#4965,#4973,#4975,.T.);
#4973 = VERTEX_POINT('',#4974);
#4974 = CARTESIAN_POINT('',(162.874069,-72.340027,-5.E-02));
#4975 = CIRCLE('',#4976,0.802740214952);
#4976 = AXIS2_PLACEMENT_3D('',#4977,#4978,#4979);
#4977 = CARTESIAN_POINT('',(163.63359749837,-72.08020338125,-5.E-02));
#4978 = DIRECTION('',(0.,0.,-1.));
#4979 = DIRECTION('',(-0.112627344054,-0.993637298702,-0.));
#4980 = ORIENTED_EDGE('',*,*,#4981,.T.);
#4981 = EDGE_CURVE('',#4973,#4982,#4984,.T.);
#4982 = VERTEX_POINT('',#4983);
#4983 = CARTESIAN_POINT('',(162.852303,-72.252272,-5.E-02));
#4984 = LINE('',#4985,#4986);
#4985 = CARTESIAN_POINT('',(162.874069,-72.340027,-5.E-02));
#4986 = VECTOR('',#4987,1.);
#4987 = DIRECTION('',(-0.240736945255,0.970590399288,0.));
#4988 = ORIENTED_EDGE('',*,*,#4989,.T.);
#4989 = EDGE_CURVE('',#4982,#4990,#4992,.T.);
#4990 = VERTEX_POINT('',#4991);
#4991 = CARTESIAN_POINT('',(163.025794,-65.998423,-5.E-02));
#4992 = LINE('',#4993,#4994);
#4993 = CARTESIAN_POINT('',(162.852303,-72.252272,-5.E-02));
#4994 = VECTOR('',#4995,1.);
#4995 = DIRECTION('',(2.773080707322E-02,0.999615427221,0.));
#4996 = ORIENTED_EDGE('',*,*,#4997,.T.);
#4997 = EDGE_CURVE('',#4990,#4998,#5000,.T.);
#4998 = VERTEX_POINT('',#4999);
#4999 = CARTESIAN_POINT('',(163.028013,-65.935418,-5.E-02));
#5000 = LINE('',#5001,#5002);
#5001 = CARTESIAN_POINT('',(163.025794,-65.998423,-5.E-02));
#5002 = VECTOR('',#5003,1.);
#5003 = DIRECTION('',(3.519760409922E-02,0.999380372364,0.));
#5004 = ORIENTED_EDGE('',*,*,#5005,.T.);
#5005 = EDGE_CURVE('',#4998,#5006,#5008,.T.);
#5006 = VERTEX_POINT('',#5007);
#5007 = CARTESIAN_POINT('',(163.36279,-65.600617,-5.E-02));
#5008 = CIRCLE('',#5009,0.402741443695);
#5009 = AXIS2_PLACEMENT_3D('',#5010,#5011,#5012);
#5010 = CARTESIAN_POINT('',(163.42579946368,-65.99839894775,-5.E-02));
#5011 = DIRECTION('',(0.,0.,-1.));
#5012 = DIRECTION('',(-0.987696870812,0.156380597864,0.));
#5013 = ORIENTED_EDGE('',*,*,#5014,.T.);
#5014 = EDGE_CURVE('',#5006,#5015,#5017,.T.);
#5015 = VERTEX_POINT('',#5016);
#5016 = CARTESIAN_POINT('',(163.425794,-65.598423,-5.E-02));
#5017 = LINE('',#5018,#5019);
#5018 = CARTESIAN_POINT('',(163.36279,-65.600617,-5.E-02));
#5019 = VECTOR('',#5020,1.);
#5020 = DIRECTION('',(0.999394223757,3.480209077082E-02,0.));
#5021 = ORIENTED_EDGE('',*,*,#5022,.T.);
#5022 = EDGE_CURVE('',#5015,#5023,#5025,.T.);
#5023 = VERTEX_POINT('',#5024);
#5024 = CARTESIAN_POINT('',(165.525794,-65.598423,-5.E-02));
#5025 = LINE('',#5026,#5027);
#5026 = CARTESIAN_POINT('',(163.425794,-65.598423,-5.E-02));
#5027 = VECTOR('',#5028,1.);
#5028 = DIRECTION('',(1.,0.,0.));
#5029 = ORIENTED_EDGE('',*,*,#5030,.T.);
#5030 = EDGE_CURVE('',#5023,#5031,#5033,.T.);
#5031 = VERTEX_POINT('',#5032);
#5032 = CARTESIAN_POINT('',(165.588755,-65.595933,-5.E-02));
#5033 = LINE('',#5034,#5035);
#5034 = CARTESIAN_POINT('',(165.525794,-65.598423,-5.E-02));
#5035 = VECTOR('',#5036,1.);
#5036 = DIRECTION('',(0.999218882479,3.951739993594E-02,0.));
#5037 = ORIENTED_EDGE('',*,*,#5038,.T.);
#5038 = EDGE_CURVE('',#5031,#5039,#5041,.T.);
#5039 = VERTEX_POINT('',#5040);
#5040 = CARTESIAN_POINT('',(165.923328,-65.261384,-5.E-02));
#5041 = CIRCLE('',#5042,0.402484886499);
#5042 = AXIS2_PLACEMENT_3D('',#5043,#5044,#5045);
#5043 = CARTESIAN_POINT('',(165.52580146613,-65.19840194909,-5.E-02));
#5044 = DIRECTION('',(0.,0.,1.));
#5045 = DIRECTION('',(0.156412168439,-0.987691871772,0.));
#5046 = ORIENTED_EDGE('',*,*,#5047,.T.);
#5047 = EDGE_CURVE('',#5039,#5048,#5050,.T.);
#5048 = VERTEX_POINT('',#5049);
#5049 = CARTESIAN_POINT('',(165.925794,-65.198423,-5.E-02));
#5050 = LINE('',#5051,#5052);
#5051 = CARTESIAN_POINT('',(165.923328,-65.261384,-5.E-02));
#5052 = VECTOR('',#5053,1.);
#5053 = DIRECTION('',(3.913709558362E-02,0.999233850382,0.));
#5054 = ORIENTED_EDGE('',*,*,#5055,.T.);
#5055 = EDGE_CURVE('',#5048,#5056,#5058,.T.);
#5056 = VERTEX_POINT('',#5057);
#5057 = CARTESIAN_POINT('',(165.925794,-61.998423,-5.E-02));
#5058 = LINE('',#5059,#5060);
#5059 = CARTESIAN_POINT('',(165.925794,-65.198423,-5.E-02));
#5060 = VECTOR('',#5061,1.);
#5061 = DIRECTION('',(0.,1.,0.));
#5062 = ORIENTED_EDGE('',*,*,#5063,.T.);
#5063 = EDGE_CURVE('',#5056,#5064,#5066,.T.);
#5064 = VERTEX_POINT('',#5065);
#5065 = CARTESIAN_POINT('',(165.923587,-61.935417,-5.E-02));
#5066 = LINE('',#5067,#5068);
#5067 = CARTESIAN_POINT('',(165.925794,-61.998423,-5.E-02));
#5068 = VECTOR('',#5069,1.);
#5069 = DIRECTION('',(-3.50069400025E-02,0.999387069234,0.));
#5070 = ORIENTED_EDGE('',*,*,#5071,.T.);
#5071 = EDGE_CURVE('',#5064,#5072,#5074,.T.);
#5072 = VERTEX_POINT('',#5073);
#5073 = CARTESIAN_POINT('',(165.5888,-61.600615,-5.E-02));
#5074 = CIRCLE('',#5075,0.402742929645);
#5075 = AXIS2_PLACEMENT_3D('',#5076,#5077,#5078);
#5076 = CARTESIAN_POINT('',(165.52579933231,-61.99839984542,-5.E-02));
#5077 = DIRECTION('',(0.,0.,1.));
#5078 = DIRECTION('',(0.98769621613,0.156384732766,-0.));
#5079 = ORIENTED_EDGE('',*,*,#5080,.T.);
#5080 = EDGE_CURVE('',#5072,#5081,#5083,.T.);
#5081 = VERTEX_POINT('',#5082);
#5082 = CARTESIAN_POINT('',(165.525794,-61.598423,-5.E-02));
#5083 = LINE('',#5084,#5085);
#5084 = CARTESIAN_POINT('',(165.5888,-61.600615,-5.E-02));
#5085 = VECTOR('',#5086,1.);
#5086 = DIRECTION('',(-0.999395365028,3.476930197351E-02,0.));
#5087 = ORIENTED_EDGE('',*,*,#5088,.T.);
#5088 = EDGE_CURVE('',#5081,#5089,#5091,.T.);
#5089 = VERTEX_POINT('',#5090);
#5090 = CARTESIAN_POINT('',(163.56,-61.598423,-5.E-02));
#5091 = LINE('',#5092,#5093);
#5092 = CARTESIAN_POINT('',(165.525794,-61.598423,-5.E-02));
#5093 = VECTOR('',#5094,1.);
#5094 = DIRECTION('',(-1.,0.,0.));
#5095 = ORIENTED_EDGE('',*,*,#5096,.T.);
#5096 = EDGE_CURVE('',#5089,#5097,#5099,.T.);
#5097 = VERTEX_POINT('',#5098);
#5098 = CARTESIAN_POINT('',(163.497039,-61.595938,-5.E-02));
#5099 = LINE('',#5100,#5101);
#5100 = CARTESIAN_POINT('',(163.56,-61.598423,-5.E-02));
#5101 = VECTOR('',#5102,1.);
#5102 = DIRECTION('',(-0.999222012691,3.943817127329E-02,0.));
#5103 = ORIENTED_EDGE('',*,*,#5104,.T.);
#5104 = EDGE_CURVE('',#5097,#5105,#5107,.T.);
#5105 = VERTEX_POINT('',#5106);
#5106 = CARTESIAN_POINT('',(163.162466,-61.261384,-5.E-02));
#5107 = CIRCLE('',#5108,0.402491824933);
#5108 = AXIS2_PLACEMENT_3D('',#5109,#5110,#5111);
#5109 = CARTESIAN_POINT('',(163.55999941056,-61.19840101324,-5.E-02));
#5110 = DIRECTION('',(0.,0.,-1.));
#5111 = DIRECTION('',(-0.156426557428,-0.987689593005,-0.));
#5112 = ORIENTED_EDGE('',*,*,#5113,.T.);
#5113 = EDGE_CURVE('',#5105,#5114,#5116,.T.);
#5114 = VERTEX_POINT('',#5115);
#5115 = CARTESIAN_POINT('',(163.16,-61.198423,-5.E-02));
#5116 = LINE('',#5117,#5118);
#5117 = CARTESIAN_POINT('',(163.162466,-61.261384,-5.E-02));
#5118 = VECTOR('',#5119,1.);
#5119 = DIRECTION('',(-3.913709558362E-02,0.999233850382,0.));
#5120 = ORIENTED_EDGE('',*,*,#5121,.T.);
#5121 = EDGE_CURVE('',#5114,#5122,#5124,.T.);
#5122 = VERTEX_POINT('',#5123);
#5123 = CARTESIAN_POINT('',(163.590616,-45.698423,-5.E-02));
#5124 = LINE('',#5125,#5126);
#5125 = CARTESIAN_POINT('',(163.16,-61.198423,-5.E-02));
#5126 = VECTOR('',#5127,1.);
#5127 = DIRECTION('',(2.777096237217E-02,0.999614312447,0.));
#5128 = ORIENTED_EDGE('',*,*,#5129,.T.);
#5129 = EDGE_CURVE('',#5122,#5130,#5132,.T.);
#5130 = VERTEX_POINT('',#5131);
#5131 = CARTESIAN_POINT('',(163.592813,-45.635416,-5.E-02));
#5132 = LINE('',#5133,#5134);
#5133 = CARTESIAN_POINT('',(163.590616,-45.698423,-5.E-02));
#5134 = VECTOR('',#5135,1.);
#5135 = DIRECTION('',(3.484796288914E-02,0.999392625289,0.));
#5136 = ORIENTED_EDGE('',*,*,#5137,.T.);
#5137 = EDGE_CURVE('',#5130,#5138,#5140,.T.);
#5138 = VERTEX_POINT('',#5139);
#5139 = CARTESIAN_POINT('',(163.927609,-45.300614,-5.E-02));
#5140 = CIRCLE('',#5141,0.402745234676);
#5141 = AXIS2_PLACEMENT_3D('',#5142,#5143,#5144);
#5142 = CARTESIAN_POINT('',(163.99060245094,-45.69840232209,-5.E-02));
#5143 = DIRECTION('',(0.,0.,-1.));
#5144 = DIRECTION('',(-0.987694991018,0.156392470147,0.));
#5145 = ORIENTED_EDGE('',*,*,#5146,.T.);
#5146 = EDGE_CURVE('',#5138,#5147,#5149,.T.);
#5147 = VERTEX_POINT('',#5148);
#5148 = CARTESIAN_POINT('',(163.990616,-45.298423,-5.E-02));
#5149 = LINE('',#5150,#5151);
#5150 = CARTESIAN_POINT('',(163.927609,-45.300614,-5.E-02));
#5151 = VECTOR('',#5152,1.);
#5152 = DIRECTION('',(0.999395935235,3.475290831341E-02,0.));
#5153 = ORIENTED_EDGE('',*,*,#5154,.T.);
#5154 = EDGE_CURVE('',#5147,#5155,#5157,.T.);
#5155 = VERTEX_POINT('',#5156);
#5156 = CARTESIAN_POINT('',(165.525794,-45.298423,-5.E-02));
#5157 = LINE('',#5158,#5159);
#5158 = CARTESIAN_POINT('',(163.990616,-45.298423,-5.E-02));
#5159 = VECTOR('',#5160,1.);
#5160 = DIRECTION('',(1.,0.,0.));
#5161 = ORIENTED_EDGE('',*,*,#5162,.T.);
#5162 = EDGE_CURVE('',#5155,#5163,#5165,.T.);
#5163 = VERTEX_POINT('',#5164);
#5164 = CARTESIAN_POINT('',(165.588755,-45.295933,-5.E-02));
#5165 = LINE('',#5166,#5167);
#5166 = CARTESIAN_POINT('',(165.525794,-45.298423,-5.E-02));
#5167 = VECTOR('',#5168,1.);
#5168 = DIRECTION('',(0.999218882479,3.951739993605E-02,0.));
#5169 = ORIENTED_EDGE('',*,*,#5170,.T.);
#5170 = EDGE_CURVE('',#5163,#5171,#5173,.T.);
#5171 = VERTEX_POINT('',#5172);
#5172 = CARTESIAN_POINT('',(165.923328,-44.961384,-5.E-02));
#5173 = CIRCLE('',#5174,0.402484886499);
#5174 = AXIS2_PLACEMENT_3D('',#5175,#5176,#5177);
#5175 = CARTESIAN_POINT('',(165.52580146613,-44.89840194909,-5.E-02));
#5176 = DIRECTION('',(0.,0.,1.));
#5177 = DIRECTION('',(0.156412168439,-0.987691871772,0.));
#5178 = ORIENTED_EDGE('',*,*,#5179,.T.);
#5179 = EDGE_CURVE('',#5171,#5180,#5182,.T.);
#5180 = VERTEX_POINT('',#5181);
#5181 = CARTESIAN_POINT('',(165.925794,-44.898423,-5.E-02));
#5182 = LINE('',#5183,#5184);
#5183 = CARTESIAN_POINT('',(165.923328,-44.961384,-5.E-02));
#5184 = VECTOR('',#5185,1.);
#5185 = DIRECTION('',(3.913709558362E-02,0.999233850382,0.));
#5186 = ORIENTED_EDGE('',*,*,#5187,.T.);
#5187 = EDGE_CURVE('',#5180,#5188,#5190,.T.);
#5188 = VERTEX_POINT('',#5189);
#5189 = CARTESIAN_POINT('',(165.925794,-41.698423,-5.E-02));
#5190 = LINE('',#5191,#5192);
#5191 = CARTESIAN_POINT('',(165.925794,-44.898423,-5.E-02));
#5192 = VECTOR('',#5193,1.);
#5193 = DIRECTION('',(0.,1.,0.));
#5194 = ORIENTED_EDGE('',*,*,#5195,.T.);
#5195 = EDGE_CURVE('',#5188,#5196,#5198,.T.);
#5196 = VERTEX_POINT('',#5197);
#5197 = CARTESIAN_POINT('',(165.923587,-41.635417,-5.E-02));
#5198 = LINE('',#5199,#5200);
#5199 = CARTESIAN_POINT('',(165.925794,-41.698423,-5.E-02));
#5200 = VECTOR('',#5201,1.);
#5201 = DIRECTION('',(-3.50069400025E-02,0.999387069234,0.));
#5202 = ORIENTED_EDGE('',*,*,#5203,.T.);
#5203 = EDGE_CURVE('',#5196,#5204,#5206,.T.);
#5204 = VERTEX_POINT('',#5205);
#5205 = CARTESIAN_POINT('',(165.5888,-41.300615,-5.E-02));
#5206 = CIRCLE('',#5207,0.402742929645);
#5207 = AXIS2_PLACEMENT_3D('',#5208,#5209,#5210);
#5208 = CARTESIAN_POINT('',(165.52579933231,-41.69839984542,-5.E-02));
#5209 = DIRECTION('',(0.,0.,1.));
#5210 = DIRECTION('',(0.98769621613,0.156384732766,-0.));
#5211 = ORIENTED_EDGE('',*,*,#5212,.T.);
#5212 = EDGE_CURVE('',#5204,#5213,#5215,.T.);
#5213 = VERTEX_POINT('',#5214);
#5214 = CARTESIAN_POINT('',(165.525794,-41.298423,-5.E-02));
#5215 = LINE('',#5216,#5217);
#5216 = CARTESIAN_POINT('',(165.5888,-41.300615,-5.E-02));
#5217 = VECTOR('',#5218,1.);
#5218 = DIRECTION('',(-0.999395365028,3.476930197351E-02,0.));
#5219 = ORIENTED_EDGE('',*,*,#5220,.T.);
#5220 = EDGE_CURVE('',#5213,#5221,#5223,.T.);
#5221 = VERTEX_POINT('',#5222);
#5222 = CARTESIAN_POINT('',(164.125794,-41.298423,-5.E-02));
#5223 = LINE('',#5224,#5225);
#5224 = CARTESIAN_POINT('',(165.525794,-41.298423,-5.E-02));
#5225 = VECTOR('',#5226,1.);
#5226 = DIRECTION('',(-1.,0.,0.));
#5227 = ORIENTED_EDGE('',*,*,#5228,.T.);
#5228 = EDGE_CURVE('',#5221,#5229,#5231,.T.);
#5229 = VERTEX_POINT('',#5230);
#5230 = CARTESIAN_POINT('',(164.062832,-41.295943,-5.E-02));
#5231 = LINE('',#5232,#5233);
#5232 = CARTESIAN_POINT('',(164.125794,-41.298423,-5.E-02));
#5233 = VECTOR('',#5234,1.);
#5234 = DIRECTION('',(-0.999225161226,3.935831771287E-02,0.));
#5235 = ORIENTED_EDGE('',*,*,#5236,.T.);
#5236 = EDGE_CURVE('',#5229,#5237,#5239,.T.);
#5237 = VERTEX_POINT('',#5238);
#5238 = CARTESIAN_POINT('',(163.72826,-40.961385,-5.E-02));
#5239 = CIRCLE('',#5240,0.402496587223);
#5240 = AXIS2_PLACEMENT_3D('',#5241,#5242,#5243);
#5241 = CARTESIAN_POINT('',(164.12579824857,-40.89840211623,-5.E-02));
#5242 = DIRECTION('',(0.,0.,-1.));
#5243 = DIRECTION('',(-0.156439211094,-0.987687588882,-0.));
#5244 = ORIENTED_EDGE('',*,*,#5245,.T.);
#5245 = EDGE_CURVE('',#5237,#5246,#5248,.T.);
#5246 = VERTEX_POINT('',#5247);
#5247 = CARTESIAN_POINT('',(163.725794,-40.898423,-5.E-02));
#5248 = LINE('',#5249,#5250);
#5249 = CARTESIAN_POINT('',(163.72826,-40.961385,-5.E-02));
#5250 = VECTOR('',#5251,1.);
#5251 = DIRECTION('',(-3.913647493704E-02,0.999233874691,0.));
#5252 = ORIENTED_EDGE('',*,*,#5253,.T.);
#5253 = EDGE_CURVE('',#5246,#5254,#5256,.T.);
#5254 = VERTEX_POINT('',#5255);
#5255 = CARTESIAN_POINT('',(164.235533,-22.763545,-5.E-02));
#5256 = LINE('',#5257,#5258);
#5257 = CARTESIAN_POINT('',(163.725794,-40.898423,-5.E-02));
#5258 = VECTOR('',#5259,1.);
#5259 = DIRECTION('',(2.809711507784E-02,0.999605198128,0.));
#5260 = ORIENTED_EDGE('',*,*,#5261,.T.);
#5261 = EDGE_CURVE('',#5254,#4229,#5262,.T.);
#5262 = LINE('',#5263,#5264);
#5263 = CARTESIAN_POINT('',(164.235533,-22.763545,-5.E-02));
#5264 = VECTOR('',#5265,1.);
#5265 = DIRECTION('',(0.240479113905,0.970654313222,0.));
#5266 = FACE_BOUND('',#5267,.T.);
#5267 = EDGE_LOOP('',(#5268));
#5268 = ORIENTED_EDGE('',*,*,#5269,.T.);
#5269 = EDGE_CURVE('',#5270,#5270,#5272,.T.);
#5270 = VERTEX_POINT('',#5271);
#5271 = CARTESIAN_POINT('',(176.673052,-57.862713,-5.E-02));
#5272 = CIRCLE('',#5273,0.237255);
#5273 = AXIS2_PLACEMENT_3D('',#5274,#5275,#5276);
#5274 = CARTESIAN_POINT('',(176.435797,-57.862713,-5.E-02));
#5275 = DIRECTION('',(0.,0.,1.));
#5276 = DIRECTION('',(1.,0.,-0.));
#5277 = FACE_BOUND('',#5278,.T.);
#5278 = EDGE_LOOP('',(#5279,#5289,#5298));
#5279 = ORIENTED_EDGE('',*,*,#5280,.T.);
#5280 = EDGE_CURVE('',#5281,#5283,#5285,.T.);
#5281 = VERTEX_POINT('',#5282);
#5282 = CARTESIAN_POINT('',(218.218861,-52.935607,-5.E-02));
#5283 = VERTEX_POINT('',#5284);
#5284 = CARTESIAN_POINT('',(218.216323,-52.761025,-5.E-02));
#5285 = LINE('',#5286,#5287);
#5286 = CARTESIAN_POINT('',(218.218861,-52.935607,-5.E-02));
#5287 = VECTOR('',#5288,1.);
#5288 = DIRECTION('',(-1.453604524207E-02,0.999894346113,0.));
#5289 = ORIENTED_EDGE('',*,*,#5290,.T.);
#5290 = EDGE_CURVE('',#5283,#5291,#5293,.T.);
#5291 = VERTEX_POINT('',#5292);
#5292 = CARTESIAN_POINT('',(218.216323,-53.110189,-5.E-02));
#5293 = CIRCLE('',#5294,3.002545265835);
#5294 = AXIS2_PLACEMENT_3D('',#5295,#5296,#5297);
#5295 = CARTESIAN_POINT('',(215.21885753753,-52.935607,-5.E-02));
#5296 = DIRECTION('',(0.,0.,1.));
#5297 = DIRECTION('',(0.998308167597,5.814466878703E-02,-0.));
#5298 = ORIENTED_EDGE('',*,*,#5299,.T.);
#5299 = EDGE_CURVE('',#5291,#5281,#5300,.T.);
#5300 = LINE('',#5301,#5302);
#5301 = CARTESIAN_POINT('',(218.216323,-53.110189,-5.E-02));
#5302 = VECTOR('',#5303,1.);
#5303 = DIRECTION('',(1.453604524207E-02,0.999894346113,0.));
#5304 = FACE_BOUND('',#5305,.T.);
#5305 = EDGE_LOOP('',(#5306,#5316,#5325));
#5306 = ORIENTED_EDGE('',*,*,#5307,.T.);
#5307 = EDGE_CURVE('',#5308,#5310,#5312,.T.);
#5308 = VERTEX_POINT('',#5309);
#5309 = CARTESIAN_POINT('',(174.105797,-52.932713,-5.E-02));
#5310 = VERTEX_POINT('',#5311);
#5311 = CARTESIAN_POINT('',(174.103259,-52.758131,-5.E-02));
#5312 = LINE('',#5313,#5314);
#5313 = CARTESIAN_POINT('',(174.105797,-52.932713,-5.E-02));
#5314 = VECTOR('',#5315,1.);
#5315 = DIRECTION('',(-1.45360452419E-02,0.999894346113,0.));
#5316 = ORIENTED_EDGE('',*,*,#5317,.T.);
#5317 = EDGE_CURVE('',#5310,#5318,#5320,.T.);
#5318 = VERTEX_POINT('',#5319);
#5319 = CARTESIAN_POINT('',(174.103259,-53.107295,-5.E-02));
#5320 = CIRCLE('',#5321,3.002545265835);
#5321 = AXIS2_PLACEMENT_3D('',#5322,#5323,#5324);
#5322 = CARTESIAN_POINT('',(171.10579353753,-52.932713,-5.E-02));
#5323 = DIRECTION('',(0.,0.,1.));
#5324 = DIRECTION('',(0.998308167597,5.814466878706E-02,-0.));
#5325 = ORIENTED_EDGE('',*,*,#5326,.T.);
#5326 = EDGE_CURVE('',#5318,#5308,#5327,.T.);
#5327 = LINE('',#5328,#5329);
#5328 = CARTESIAN_POINT('',(174.103259,-53.107295,-5.E-02));
#5329 = VECTOR('',#5330,1.);
#5330 = DIRECTION('',(1.45360452419E-02,0.999894346113,0.));
#5331 = FACE_BOUND('',#5332,.T.);
#5332 = EDGE_LOOP('',(#5333));
#5333 = ORIENTED_EDGE('',*,*,#5334,.T.);
#5334 = EDGE_CURVE('',#5335,#5335,#5337,.T.);
#5335 = VERTEX_POINT('',#5336);
#5336 = CARTESIAN_POINT('',(211.856116,-49.335607,-5.E-02));
#5337 = CIRCLE('',#5338,0.237255);
#5338 = AXIS2_PLACEMENT_3D('',#5339,#5340,#5341);
#5339 = CARTESIAN_POINT('',(211.618861,-49.335607,-5.E-02));
#5340 = DIRECTION('',(0.,0.,1.));
#5341 = DIRECTION('',(1.,0.,-0.));
#5342 = FACE_BOUND('',#5343,.T.);
#5343 = EDGE_LOOP('',(#5344));
#5344 = ORIENTED_EDGE('',*,*,#5345,.T.);
#5345 = EDGE_CURVE('',#5346,#5346,#5348,.T.);
#5346 = VERTEX_POINT('',#5347);
#5347 = CARTESIAN_POINT('',(174.943052,-49.332713,-5.E-02));
#5348 = CIRCLE('',#5349,0.237255);
#5349 = AXIS2_PLACEMENT_3D('',#5350,#5351,#5352);
#5350 = CARTESIAN_POINT('',(174.705797,-49.332713,-5.E-02));
#5351 = DIRECTION('',(0.,0.,1.));
#5352 = DIRECTION('',(1.,0.,-0.));
#5353 = FACE_BOUND('',#5354,.T.);
#5354 = EDGE_LOOP('',(#5355,#5366,#5374,#5382,#5390,#5399,#5407,#5415,
    #5423,#5432,#5440,#5448,#5456,#5465,#5473,#5481));
#5355 = ORIENTED_EDGE('',*,*,#5356,.T.);
#5356 = EDGE_CURVE('',#5357,#5359,#5361,.T.);
#5357 = VERTEX_POINT('',#5358);
#5358 = CARTESIAN_POINT('',(217.203612,-30.235446,-5.E-02));
#5359 = VERTEX_POINT('',#5360);
#5360 = CARTESIAN_POINT('',(216.868809,-29.900597,-5.E-02));
#5361 = CIRCLE('',#5362,0.40275906777);
#5362 = AXIS2_PLACEMENT_3D('',#5363,#5364,#5365);
#5363 = CARTESIAN_POINT('',(216.80580300649,-30.29839734119,-5.E-02));
#5364 = DIRECTION('',(0.,0.,1.));
#5365 = DIRECTION('',(0.987709589524,0.156300245558,-0.));
#5366 = ORIENTED_EDGE('',*,*,#5367,.T.);
#5367 = EDGE_CURVE('',#5359,#5368,#5370,.T.);
#5368 = VERTEX_POINT('',#5369);
#5369 = CARTESIAN_POINT('',(216.805797,-29.898458,-5.E-02));
#5370 = LINE('',#5371,#5372);
#5371 = CARTESIAN_POINT('',(216.868809,-29.900597,-5.E-02));
#5372 = VECTOR('',#5373,1.);
#5373 = DIRECTION('',(-0.999424334893,3.392637358496E-02,0.));
#5374 = ORIENTED_EDGE('',*,*,#5375,.T.);
#5375 = EDGE_CURVE('',#5368,#5376,#5378,.T.);
#5376 = VERTEX_POINT('',#5377);
#5377 = CARTESIAN_POINT('',(213.605797,-29.898458,-5.E-02));
#5378 = LINE('',#5379,#5380);
#5379 = CARTESIAN_POINT('',(216.805797,-29.898458,-5.E-02));
#5380 = VECTOR('',#5381,1.);
#5381 = DIRECTION('',(-1.,0.,0.));
#5382 = ORIENTED_EDGE('',*,*,#5383,.T.);
#5383 = EDGE_CURVE('',#5376,#5384,#5386,.T.);
#5384 = VERTEX_POINT('',#5385);
#5385 = CARTESIAN_POINT('',(213.542842,-29.900934,-5.E-02));
#5386 = LINE('',#5387,#5388);
#5387 = CARTESIAN_POINT('',(213.605797,-29.898458,-5.E-02));
#5388 = VECTOR('',#5389,1.);
#5389 = DIRECTION('',(-0.999227484232,-3.929929713219E-02,0.));
#5390 = ORIENTED_EDGE('',*,*,#5391,.T.);
#5391 = EDGE_CURVE('',#5384,#5392,#5394,.T.);
#5392 = VERTEX_POINT('',#5393);
#5393 = CARTESIAN_POINT('',(213.208325,-30.235502,-5.E-02));
#5394 = CIRCLE('',#5395,0.402536007169);
#5395 = AXIS2_PLACEMENT_3D('',#5396,#5397,#5398);
#5396 = CARTESIAN_POINT('',(213.60590074375,-30.29850013525,-5.E-02));
#5397 = DIRECTION('',(0.,0.,1.));
#5398 = DIRECTION('',(-0.156653672295,0.98765359664,0.));
#5399 = ORIENTED_EDGE('',*,*,#5400,.T.);
#5400 = EDGE_CURVE('',#5392,#5401,#5403,.T.);
#5401 = VERTEX_POINT('',#5402);
#5402 = CARTESIAN_POINT('',(213.205797,-30.298458,-5.E-02));
#5403 = LINE('',#5404,#5405);
#5404 = CARTESIAN_POINT('',(213.208325,-30.235502,-5.E-02));
#5405 = VECTOR('',#5406,1.);
#5406 = DIRECTION('',(-4.012269449339E-02,-0.999194760488,0.));
#5407 = ORIENTED_EDGE('',*,*,#5408,.T.);
#5408 = EDGE_CURVE('',#5401,#5409,#5411,.T.);
#5409 = VERTEX_POINT('',#5410);
#5410 = CARTESIAN_POINT('',(213.205797,-32.298458,-5.E-02));
#5411 = LINE('',#5412,#5413);
#5412 = CARTESIAN_POINT('',(213.205797,-30.298458,-5.E-02));
#5413 = VECTOR('',#5414,1.);
#5414 = DIRECTION('',(0.,-1.,0.));
#5415 = ORIENTED_EDGE('',*,*,#5416,.T.);
#5416 = EDGE_CURVE('',#5409,#5417,#5419,.T.);
#5417 = VERTEX_POINT('',#5418);
#5418 = CARTESIAN_POINT('',(213.208268,-32.361416,-5.E-02));
#5419 = LINE('',#5420,#5421);
#5420 = CARTESIAN_POINT('',(213.205797,-32.298458,-5.E-02));
#5421 = VECTOR('',#5422,1.);
#5422 = DIRECTION('',(3.921819288116E-02,-0.99923067074,0.));
#5423 = ORIENTED_EDGE('',*,*,#5424,.T.);
#5424 = EDGE_CURVE('',#5417,#5425,#5427,.T.);
#5425 = VERTEX_POINT('',#5426);
#5426 = CARTESIAN_POINT('',(213.542839,-32.695941,-5.E-02));
#5427 = CIRCLE('',#5428,0.402495539321);
#5428 = AXIS2_PLACEMENT_3D('',#5429,#5430,#5431);
#5429 = CARTESIAN_POINT('',(213.60579999418,-32.29840034499,-5.E-02));
#5430 = DIRECTION('',(0.,0.,1.));
#5431 = DIRECTION('',(-0.987668074163,-0.156562368655,0.));
#5432 = ORIENTED_EDGE('',*,*,#5433,.T.);
#5433 = EDGE_CURVE('',#5425,#5434,#5436,.T.);
#5434 = VERTEX_POINT('',#5435);
#5435 = CARTESIAN_POINT('',(213.605797,-32.698458,-5.E-02));
#5436 = LINE('',#5437,#5438);
#5437 = CARTESIAN_POINT('',(213.542839,-32.695941,-5.E-02));
#5438 = VECTOR('',#5439,1.);
#5439 = DIRECTION('',(0.999201795149,-3.994712218296E-02,0.));
#5440 = ORIENTED_EDGE('',*,*,#5441,.T.);
#5441 = EDGE_CURVE('',#5434,#5442,#5444,.T.);
#5442 = VERTEX_POINT('',#5443);
#5443 = CARTESIAN_POINT('',(216.805797,-32.698458,-5.E-02));
#5444 = LINE('',#5445,#5446);
#5445 = CARTESIAN_POINT('',(213.605797,-32.698458,-5.E-02));
#5446 = VECTOR('',#5447,1.);
#5447 = DIRECTION('',(1.,0.,0.));
#5448 = ORIENTED_EDGE('',*,*,#5449,.T.);
#5449 = EDGE_CURVE('',#5442,#5450,#5452,.T.);
#5450 = VERTEX_POINT('',#5451);
#5451 = CARTESIAN_POINT('',(216.868812,-32.696279,-5.E-02));
#5452 = LINE('',#5453,#5454);
#5453 = CARTESIAN_POINT('',(216.805797,-32.698458,-5.E-02));
#5454 = VECTOR('',#5455,1.);
#5455 = DIRECTION('',(0.999402679626,3.455841369373E-02,0.));
#5456 = ORIENTED_EDGE('',*,*,#5457,.T.);
#5457 = EDGE_CURVE('',#5450,#5458,#5460,.T.);
#5458 = VERTEX_POINT('',#5459);
#5459 = CARTESIAN_POINT('',(217.203669,-32.361472,-5.E-02));
#5460 = CIRCLE('',#5461,0.402724216346);
#5461 = AXIS2_PLACEMENT_3D('',#5462,#5463,#5464);
#5462 = CARTESIAN_POINT('',(216.80589867609,-32.2984992769,-5.E-02));
#5463 = DIRECTION('',(0.,0.,1.));
#5464 = DIRECTION('',(0.156219371343,-0.987722384082,0.));
#5465 = ORIENTED_EDGE('',*,*,#5466,.T.);
#5466 = EDGE_CURVE('',#5458,#5467,#5469,.T.);
#5467 = VERTEX_POINT('',#5468);
#5468 = CARTESIAN_POINT('',(217.205797,-32.298458,-5.E-02));
#5469 = LINE('',#5470,#5471);
#5470 = CARTESIAN_POINT('',(217.203669,-32.361472,-5.E-02));
#5471 = VECTOR('',#5472,1.);
#5472 = DIRECTION('',(3.375103338807E-02,0.999430271577,0.));
#5473 = ORIENTED_EDGE('',*,*,#5474,.T.);
#5474 = EDGE_CURVE('',#5467,#5475,#5477,.T.);
#5475 = VERTEX_POINT('',#5476);
#5476 = CARTESIAN_POINT('',(217.205797,-30.298458,-5.E-02));
#5477 = LINE('',#5478,#5479);
#5478 = CARTESIAN_POINT('',(217.205797,-32.298458,-5.E-02));
#5479 = VECTOR('',#5480,1.);
#5480 = DIRECTION('',(0.,1.,0.));
#5481 = ORIENTED_EDGE('',*,*,#5482,.T.);
#5482 = EDGE_CURVE('',#5475,#5357,#5483,.T.);
#5483 = LINE('',#5484,#5485);
#5484 = CARTESIAN_POINT('',(217.205797,-30.298458,-5.E-02));
#5485 = VECTOR('',#5486,1.);
#5486 = DIRECTION('',(-3.465510599781E-02,0.999399331413,0.));
#5487 = FACE_BOUND('',#5488,.T.);
#5488 = EDGE_LOOP('',(#5489,#5500,#5508,#5516,#5524,#5533,#5541,#5549,
    #5557,#5566,#5574,#5582,#5590,#5599,#5607,#5615));
#5489 = ORIENTED_EDGE('',*,*,#5490,.T.);
#5490 = EDGE_CURVE('',#5491,#5493,#5495,.T.);
#5491 = VERTEX_POINT('',#5492);
#5492 = CARTESIAN_POINT('',(173.223604,-30.235415,-5.E-02));
#5493 = VERTEX_POINT('',#5494);
#5494 = CARTESIAN_POINT('',(172.888802,-29.900599,-5.E-02));
#5495 = CIRCLE('',#5496,0.402758011124);
#5496 = AXIS2_PLACEMENT_3D('',#5497,#5498,#5499);
#5497 = CARTESIAN_POINT('',(172.8258012622,-30.29839910377,-5.E-02));
#5498 = DIRECTION('',(0.,0.,1.));
#5499 = DIRECTION('',(0.987696648625,0.156382001185,-0.));
#5500 = ORIENTED_EDGE('',*,*,#5501,.T.);
#5501 = EDGE_CURVE('',#5493,#5502,#5504,.T.);
#5502 = VERTEX_POINT('',#5503);
#5503 = CARTESIAN_POINT('',(172.825794,-29.898423,-5.E-02));
#5504 = LINE('',#5505,#5506);
#5505 = CARTESIAN_POINT('',(172.888802,-29.900599,-5.E-02));
#5506 = VECTOR('',#5507,1.);
#5507 = DIRECTION('',(-0.999404189535,3.45147206137E-02,0.));
#5508 = ORIENTED_EDGE('',*,*,#5509,.T.);
#5509 = EDGE_CURVE('',#5502,#5510,#5512,.T.);
#5510 = VERTEX_POINT('',#5511);
#5511 = CARTESIAN_POINT('',(169.625794,-29.898423,-5.E-02));
#5512 = LINE('',#5513,#5514);
#5513 = CARTESIAN_POINT('',(172.825794,-29.898423,-5.E-02));
#5514 = VECTOR('',#5515,1.);
#5515 = DIRECTION('',(-1.,0.,0.));
#5516 = ORIENTED_EDGE('',*,*,#5517,.T.);
#5517 = EDGE_CURVE('',#5510,#5518,#5520,.T.);
#5518 = VERTEX_POINT('',#5519);
#5519 = CARTESIAN_POINT('',(169.56279,-29.900617,-5.E-02));
#5520 = LINE('',#5521,#5522);
#5521 = CARTESIAN_POINT('',(169.625794,-29.898423,-5.E-02));
#5522 = VECTOR('',#5523,1.);
#5523 = DIRECTION('',(-0.999394223757,-3.480209077076E-02,0.));
#5524 = ORIENTED_EDGE('',*,*,#5525,.T.);
#5525 = EDGE_CURVE('',#5518,#5526,#5528,.T.);
#5526 = VERTEX_POINT('',#5527);
#5527 = CARTESIAN_POINT('',(169.228013,-30.235418,-5.E-02));
#5528 = CIRCLE('',#5529,0.402741443695);
#5529 = AXIS2_PLACEMENT_3D('',#5530,#5531,#5532);
#5530 = CARTESIAN_POINT('',(169.62579946368,-30.29839894775,-5.E-02));
#5531 = DIRECTION('',(0.,0.,1.));
#5532 = DIRECTION('',(-0.156451402432,0.987685657827,0.));
#5533 = ORIENTED_EDGE('',*,*,#5534,.T.);
#5534 = EDGE_CURVE('',#5526,#5535,#5537,.T.);
#5535 = VERTEX_POINT('',#5536);
#5536 = CARTESIAN_POINT('',(169.225794,-30.298423,-5.E-02));
#5537 = LINE('',#5538,#5539);
#5538 = CARTESIAN_POINT('',(169.228013,-30.235418,-5.E-02));
#5539 = VECTOR('',#5540,1.);
#5540 = DIRECTION('',(-3.519760409922E-02,-0.999380372364,0.));
#5541 = ORIENTED_EDGE('',*,*,#5542,.T.);
#5542 = EDGE_CURVE('',#5535,#5543,#5545,.T.);
#5543 = VERTEX_POINT('',#5544);
#5544 = CARTESIAN_POINT('',(169.225794,-32.298423,-5.E-02));
#5545 = LINE('',#5546,#5547);
#5546 = CARTESIAN_POINT('',(169.225794,-30.298423,-5.E-02));
#5547 = VECTOR('',#5548,1.);
#5548 = DIRECTION('',(0.,-1.,0.));
#5549 = ORIENTED_EDGE('',*,*,#5550,.T.);
#5550 = EDGE_CURVE('',#5543,#5551,#5553,.T.);
#5551 = VERTEX_POINT('',#5552);
#5552 = CARTESIAN_POINT('',(169.22826,-32.361385,-5.E-02));
#5553 = LINE('',#5554,#5555);
#5554 = CARTESIAN_POINT('',(169.225794,-32.298423,-5.E-02));
#5555 = VECTOR('',#5556,1.);
#5556 = DIRECTION('',(3.913647493704E-02,-0.999233874691,0.));
#5557 = ORIENTED_EDGE('',*,*,#5558,.T.);
#5558 = EDGE_CURVE('',#5551,#5559,#5561,.T.);
#5559 = VERTEX_POINT('',#5560);
#5560 = CARTESIAN_POINT('',(169.562832,-32.695943,-5.E-02));
#5561 = CIRCLE('',#5562,0.402496587223);
#5562 = AXIS2_PLACEMENT_3D('',#5563,#5564,#5565);
#5563 = CARTESIAN_POINT('',(169.62579824857,-32.29840211623,-5.E-02));
#5564 = DIRECTION('',(0.,0.,1.));
#5565 = DIRECTION('',(-0.987681041759,-0.156480541121,0.));
#5566 = ORIENTED_EDGE('',*,*,#5567,.T.);
#5567 = EDGE_CURVE('',#5559,#5568,#5570,.T.);
#5568 = VERTEX_POINT('',#5569);
#5569 = CARTESIAN_POINT('',(169.625794,-32.698423,-5.E-02));
#5570 = LINE('',#5571,#5572);
#5571 = CARTESIAN_POINT('',(169.562832,-32.695943,-5.E-02));
#5572 = VECTOR('',#5573,1.);
#5573 = DIRECTION('',(0.999225161226,-3.935831771287E-02,0.));
#5574 = ORIENTED_EDGE('',*,*,#5575,.T.);
#5575 = EDGE_CURVE('',#5568,#5576,#5578,.T.);
#5576 = VERTEX_POINT('',#5577);
#5577 = CARTESIAN_POINT('',(172.825794,-32.698423,-5.E-02));
#5578 = LINE('',#5579,#5580);
#5579 = CARTESIAN_POINT('',(169.625794,-32.698423,-5.E-02));
#5580 = VECTOR('',#5581,1.);
#5581 = DIRECTION('',(1.,0.,0.));
#5582 = ORIENTED_EDGE('',*,*,#5583,.T.);
#5583 = EDGE_CURVE('',#5576,#5584,#5586,.T.);
#5584 = VERTEX_POINT('',#5585);
#5585 = CARTESIAN_POINT('',(172.88876,-32.695962,-5.E-02));
#5586 = LINE('',#5587,#5588);
#5587 = CARTESIAN_POINT('',(172.825794,-32.698423,-5.E-02));
#5588 = VECTOR('',#5589,1.);
#5589 = DIRECTION('',(0.999237071573,3.905476659053E-02,0.));
#5590 = ORIENTED_EDGE('',*,*,#5591,.T.);
#5591 = EDGE_CURVE('',#5584,#5592,#5594,.T.);
#5592 = VERTEX_POINT('',#5593);
#5593 = CARTESIAN_POINT('',(173.223357,-32.361389,-5.E-02));
#5594 = CIRCLE('',#5595,0.402519144778);
#5595 = AXIS2_PLACEMENT_3D('',#5596,#5597,#5598);
#5596 = CARTESIAN_POINT('',(172.82579724204,-32.29839772466,-5.E-02));
#5597 = DIRECTION('',(0.,0.,1.));
#5598 = DIRECTION('',(0.156421772158,-0.987690350867,0.));
#5599 = ORIENTED_EDGE('',*,*,#5600,.T.);
#5600 = EDGE_CURVE('',#5592,#5601,#5603,.T.);
#5601 = VERTEX_POINT('',#5602);
#5602 = CARTESIAN_POINT('',(173.225794,-32.298423,-5.E-02));
#5603 = LINE('',#5604,#5605);
#5604 = CARTESIAN_POINT('',(173.223357,-32.361389,-5.E-02));
#5605 = VECTOR('',#5606,1.);
#5606 = DIRECTION('',(3.867447177152E-02,0.999251862762,0.));
#5607 = ORIENTED_EDGE('',*,*,#5608,.T.);
#5608 = EDGE_CURVE('',#5601,#5609,#5611,.T.);
#5609 = VERTEX_POINT('',#5610);
#5610 = CARTESIAN_POINT('',(173.225794,-30.298423,-5.E-02));
#5611 = LINE('',#5612,#5613);
#5612 = CARTESIAN_POINT('',(173.225794,-32.298423,-5.E-02));
#5613 = VECTOR('',#5614,1.);
#5614 = DIRECTION('',(0.,1.,0.));
#5615 = ORIENTED_EDGE('',*,*,#5616,.T.);
#5616 = EDGE_CURVE('',#5609,#5491,#5617,.T.);
#5617 = LINE('',#5618,#5619);
#5618 = CARTESIAN_POINT('',(173.225794,-30.298423,-5.E-02));
#5619 = VECTOR('',#5620,1.);
#5620 = DIRECTION('',(-3.473651514573E-02,0.999396505155,0.));
#5621 = PLANE('',#5622);
#5622 = AXIS2_PLACEMENT_3D('',#5623,#5624,#5625);
#5623 = CARTESIAN_POINT('',(0.,0.,-5.E-02));
#5624 = DIRECTION('',(-0.,-0.,-1.));
#5625 = DIRECTION('',(-1.,0.,0.));
#5626 = ( GEOMETRIC_REPRESENTATION_CONTEXT(3) 
GLOBAL_UNCERTAINTY_ASSIGNED_CONTEXT((#5630)) 
GLOBAL_UNIT_ASSIGNED_CONTEXT((#5627,#5628,#5629)) REPRESENTATION_CONTEXT
('Context #1','3D Context with UNIT and UNCERTAINTY') );
#5627 = ( LENGTH_UNIT() NAMED_UNIT(*) SI_UNIT(.MILLI.,.METRE.) );
#5628 = ( NAMED_UNIT(*) PLANE_ANGLE_UNIT() SI_UNIT($,.RADIAN.) );
#5629 = ( NAMED_UNIT(*) SI_UNIT($,.STERADIAN.) SOLID_ANGLE_UNIT() );
#5630 = UNCERTAINTY_MEASURE_WITH_UNIT(LENGTH_MEASURE(1.E-07),#5627,
  'distance_accuracy_value','confusion accuracy');
#5631 = CONTEXT_DEPENDENT_SHAPE_REPRESENTATION(#5632,#5634);
#5632 = ( REPRESENTATION_RELATIONSHIP('','',#4221,#10) 
REPRESENTATION_RELATIONSHIP_WITH_TRANSFORMATION(#5633) 
SHAPE_REPRESENTATION_RELATIONSHIP() );
#5633 = ITEM_DEFINED_TRANSFORMATION('','',#11,#27);
#5634 = PRODUCT_DEFINITION_SHAPE('Placement','Placement of an item',
  #5635);
#5635 = NEXT_ASSEMBLY_USAGE_OCCURRENCE('4','=>[0:1:1:5]','',#5,#4216,$);
#5636 = PRODUCT_RELATED_PRODUCT_CATEGORY('part',$,(#4218));
#5637 = SHAPE_DEFINITION_REPRESENTATION(#5638,#5644);
#5638 = PRODUCT_DEFINITION_SHAPE('','',#5639);
#5639 = PRODUCT_DEFINITION('design','',#5640,#5643);
#5640 = PRODUCT_DEFINITION_FORMATION('','',#5641);
#5641 = PRODUCT('touch-pad-left_PCB','touch-pad-left_PCB','',(#5642));
#5642 = PRODUCT_CONTEXT('',#2,'mechanical');
#5643 = PRODUCT_DEFINITION_CONTEXT('part definition',#2,'design');
#5644 = ADVANCED_BREP_SHAPE_REPRESENTATION('',(#11,#5645),#8584);
#5645 = MANIFOLD_SOLID_BREP('',#5646);
#5646 = CLOSED_SHELL('',(#5647,#5689,#5720,#5751,#6473,#7195,#7212,#7229
    ,#7246,#7263,#7280,#7297,#7314,#7331,#7348,#7365,#7382,#7399,#7416,
    #7433,#7450,#7467,#7484,#7501,#7518,#7535,#7552,#7569,#7586,#7603,
    #7620,#7637,#7654,#7671,#7688,#7705,#7722,#7739,#7756,#7773,#7790,
    #7807,#7824,#7841,#7858,#7875,#7892,#7909,#7926,#7943,#7960,#7977,
    #7994,#8011,#8028,#8045,#8062,#8079,#8096,#8113,#8130,#8147,#8164,
    #8181,#8198,#8215,#8227,#8244,#8261,#8278,#8295,#8312,#8334,#8351,
    #8368,#8385,#8402,#8419,#8436,#8448,#8470,#8487,#8504,#8521,#8538,
    #8555,#8572));
#5647 = ADVANCED_FACE('',(#5648),#5684,.F.);
#5648 = FACE_BOUND('',#5649,.T.);
#5649 = EDGE_LOOP('',(#5650,#5660,#5669,#5677));
#5650 = ORIENTED_EDGE('',*,*,#5651,.T.);
#5651 = EDGE_CURVE('',#5652,#5654,#5656,.T.);
#5652 = VERTEX_POINT('',#5653);
#5653 = CARTESIAN_POINT('',(209.218861,-25.404657,0.));
#5654 = VERTEX_POINT('',#5655);
#5655 = CARTESIAN_POINT('',(209.218861,-25.404657,0.91));
#5656 = LINE('',#5657,#5658);
#5657 = CARTESIAN_POINT('',(209.218861,-25.404657,0.));
#5658 = VECTOR('',#5659,1.);
#5659 = DIRECTION('',(0.,0.,1.));
#5660 = ORIENTED_EDGE('',*,*,#5661,.T.);
#5661 = EDGE_CURVE('',#5654,#5662,#5664,.T.);
#5662 = VERTEX_POINT('',#5663);
#5663 = CARTESIAN_POINT('',(215.218861,-25.404657,0.91));
#5664 = CIRCLE('',#5665,3.);
#5665 = AXIS2_PLACEMENT_3D('',#5666,#5667,#5668);
#5666 = CARTESIAN_POINT('',(212.218861,-25.404657,0.91));
#5667 = DIRECTION('',(0.,0.,1.));
#5668 = DIRECTION('',(-1.,0.,-0.));
#5669 = ORIENTED_EDGE('',*,*,#5670,.F.);
#5670 = EDGE_CURVE('',#5671,#5662,#5673,.T.);
#5671 = VERTEX_POINT('',#5672);
#5672 = CARTESIAN_POINT('',(215.218861,-25.404657,0.));
#5673 = LINE('',#5674,#5675);
#5674 = CARTESIAN_POINT('',(215.218861,-25.404657,0.));
#5675 = VECTOR('',#5676,1.);
#5676 = DIRECTION('',(0.,0.,1.));
#5677 = ORIENTED_EDGE('',*,*,#5678,.F.);
#5678 = EDGE_CURVE('',#5652,#5671,#5679,.T.);
#5679 = CIRCLE('',#5680,3.);
#5680 = AXIS2_PLACEMENT_3D('',#5681,#5682,#5683);
#5681 = CARTESIAN_POINT('',(212.218861,-25.404657,0.));
#5682 = DIRECTION('',(0.,0.,1.));
#5683 = DIRECTION('',(-1.,0.,-0.));
#5684 = CYLINDRICAL_SURFACE('',#5685,3.);
#5685 = AXIS2_PLACEMENT_3D('',#5686,#5687,#5688);
#5686 = CARTESIAN_POINT('',(212.218861,-25.404657,0.));
#5687 = DIRECTION('',(-0.,-0.,-1.));
#5688 = DIRECTION('',(-1.,0.,-0.));
#5689 = ADVANCED_FACE('',(#5690),#5715,.T.);
#5690 = FACE_BOUND('',#5691,.T.);
#5691 = EDGE_LOOP('',(#5692,#5702,#5708,#5709));
#5692 = ORIENTED_EDGE('',*,*,#5693,.T.);
#5693 = EDGE_CURVE('',#5694,#5696,#5698,.T.);
#5694 = VERTEX_POINT('',#5695);
#5695 = CARTESIAN_POINT('',(209.218861,-22.135657,0.));
#5696 = VERTEX_POINT('',#5697);
#5697 = CARTESIAN_POINT('',(209.218861,-22.135657,0.91));
#5698 = LINE('',#5699,#5700);
#5699 = CARTESIAN_POINT('',(209.218861,-22.135657,0.));
#5700 = VECTOR('',#5701,1.);
#5701 = DIRECTION('',(0.,0.,1.));
#5702 = ORIENTED_EDGE('',*,*,#5703,.T.);
#5703 = EDGE_CURVE('',#5696,#5654,#5704,.T.);
#5704 = LINE('',#5705,#5706);
#5705 = CARTESIAN_POINT('',(209.218861,-22.135657,0.91));
#5706 = VECTOR('',#5707,1.);
#5707 = DIRECTION('',(0.,-1.,0.));
#5708 = ORIENTED_EDGE('',*,*,#5651,.F.);
#5709 = ORIENTED_EDGE('',*,*,#5710,.F.);
#5710 = EDGE_CURVE('',#5694,#5652,#5711,.T.);
#5711 = LINE('',#5712,#5713);
#5712 = CARTESIAN_POINT('',(209.218861,-22.135657,0.));
#5713 = VECTOR('',#5714,1.);
#5714 = DIRECTION('',(0.,-1.,0.));
#5715 = PLANE('',#5716);
#5716 = AXIS2_PLACEMENT_3D('',#5717,#5718,#5719);
#5717 = CARTESIAN_POINT('',(209.218861,-22.135657,0.));
#5718 = DIRECTION('',(1.,0.,-0.));
#5719 = DIRECTION('',(0.,-1.,0.));
#5720 = ADVANCED_FACE('',(#5721),#5746,.T.);
#5721 = FACE_BOUND('',#5722,.T.);
#5722 = EDGE_LOOP('',(#5723,#5724,#5732,#5740));
#5723 = ORIENTED_EDGE('',*,*,#5670,.T.);
#5724 = ORIENTED_EDGE('',*,*,#5725,.T.);
#5725 = EDGE_CURVE('',#5662,#5726,#5728,.T.);
#5726 = VERTEX_POINT('',#5727);
#5727 = CARTESIAN_POINT('',(215.218861,-22.135657,0.91));
#5728 = LINE('',#5729,#5730);
#5729 = CARTESIAN_POINT('',(215.218861,-25.404657,0.91));
#5730 = VECTOR('',#5731,1.);
#5731 = DIRECTION('',(0.,1.,0.));
#5732 = ORIENTED_EDGE('',*,*,#5733,.F.);
#5733 = EDGE_CURVE('',#5734,#5726,#5736,.T.);
#5734 = VERTEX_POINT('',#5735);
#5735 = CARTESIAN_POINT('',(215.218861,-22.135657,0.));
#5736 = LINE('',#5737,#5738);
#5737 = CARTESIAN_POINT('',(215.218861,-22.135657,0.));
#5738 = VECTOR('',#5739,1.);
#5739 = DIRECTION('',(0.,0.,1.));
#5740 = ORIENTED_EDGE('',*,*,#5741,.F.);
#5741 = EDGE_CURVE('',#5671,#5734,#5742,.T.);
#5742 = LINE('',#5743,#5744);
#5743 = CARTESIAN_POINT('',(215.218861,-25.404657,0.));
#5744 = VECTOR('',#5745,1.);
#5745 = DIRECTION('',(0.,1.,0.));
#5746 = PLANE('',#5747);
#5747 = AXIS2_PLACEMENT_3D('',#5748,#5749,#5750);
#5748 = CARTESIAN_POINT('',(215.218861,-25.404657,0.));
#5749 = DIRECTION('',(-1.,0.,0.));
#5750 = DIRECTION('',(0.,1.,0.));
#5751 = ADVANCED_FACE('',(#5752,#6273,#6284,#6295,#6306,#6317,#6328,
    #6398),#6468,.F.);
#5752 = FACE_BOUND('',#5753,.F.);
#5753 = EDGE_LOOP('',(#5754,#5755,#5756,#5764,#5773,#5781,#5790,#5798,
    #5807,#5815,#5824,#5832,#5841,#5849,#5858,#5866,#5875,#5883,#5892,
    #5900,#5909,#5917,#5926,#5934,#5943,#5951,#5960,#5968,#5977,#5985,
    #5994,#6002,#6011,#6019,#6027,#6036,#6045,#6053,#6062,#6071,#6079,
    #6087,#6096,#6104,#6113,#6121,#6130,#6138,#6147,#6155,#6164,#6172,
    #6181,#6189,#6198,#6206,#6215,#6223,#6232,#6240,#6249,#6257,#6266,
    #6272));
#5754 = ORIENTED_EDGE('',*,*,#5678,.F.);
#5755 = ORIENTED_EDGE('',*,*,#5710,.F.);
#5756 = ORIENTED_EDGE('',*,*,#5757,.F.);
#5757 = EDGE_CURVE('',#5758,#5694,#5760,.T.);
#5758 = VERTEX_POINT('',#5759);
#5759 = CARTESIAN_POINT('',(165.0168,-22.135657,0.));
#5760 = LINE('',#5761,#5762);
#5761 = CARTESIAN_POINT('',(165.0168,-22.135657,0.));
#5762 = VECTOR('',#5763,1.);
#5763 = DIRECTION('',(1.,0.,0.));
#5764 = ORIENTED_EDGE('',*,*,#5765,.F.);
#5765 = EDGE_CURVE('',#5766,#5758,#5768,.T.);
#5766 = VERTEX_POINT('',#5767);
#5767 = CARTESIAN_POINT('',(164.235533,-22.763545,0.));
#5768 = CIRCLE('',#5769,0.799998486289);
#5769 = AXIS2_PLACEMENT_3D('',#5770,#5771,#5772);
#5770 = CARTESIAN_POINT('',(165.01679835733,-22.93565548628,0.));
#5771 = DIRECTION('',(0.,0.,-1.));
#5772 = DIRECTION('',(-0.976583544503,0.215138514931,0.));
#5773 = ORIENTED_EDGE('',*,*,#5774,.F.);
#5774 = EDGE_CURVE('',#5775,#5766,#5777,.T.);
#5775 = VERTEX_POINT('',#5776);
#5776 = CARTESIAN_POINT('',(163.725794,-40.898423,0.));
#5777 = LINE('',#5778,#5779);
#5778 = CARTESIAN_POINT('',(163.725794,-40.898423,0.));
#5779 = VECTOR('',#5780,1.);
#5780 = DIRECTION('',(2.809711507784E-02,0.999605198128,0.));
#5781 = ORIENTED_EDGE('',*,*,#5782,.F.);
#5782 = EDGE_CURVE('',#5783,#5775,#5785,.T.);
#5783 = VERTEX_POINT('',#5784);
#5784 = CARTESIAN_POINT('',(164.125794,-41.298423,0.));
#5785 = CIRCLE('',#5786,0.399999018331);
#5786 = AXIS2_PLACEMENT_3D('',#5787,#5788,#5789);
#5787 = CARTESIAN_POINT('',(164.12579301833,-40.89842398167,0.));
#5788 = DIRECTION('',(0.,0.,-1.));
#5789 = DIRECTION('',(2.454181481395E-06,-0.999999999997,0.));
#5790 = ORIENTED_EDGE('',*,*,#5791,.F.);
#5791 = EDGE_CURVE('',#5792,#5783,#5794,.T.);
#5792 = VERTEX_POINT('',#5793);
#5793 = CARTESIAN_POINT('',(165.525794,-41.298423,0.));
#5794 = LINE('',#5795,#5796);
#5795 = CARTESIAN_POINT('',(165.525794,-41.298423,0.));
#5796 = VECTOR('',#5797,1.);
#5797 = DIRECTION('',(-1.,0.,0.));
#5798 = ORIENTED_EDGE('',*,*,#5799,.F.);
#5799 = EDGE_CURVE('',#5800,#5792,#5802,.T.);
#5800 = VERTEX_POINT('',#5801);
#5801 = CARTESIAN_POINT('',(165.925794,-41.698423,0.));
#5802 = CIRCLE('',#5803,0.399999018331);
#5803 = AXIS2_PLACEMENT_3D('',#5804,#5805,#5806);
#5804 = CARTESIAN_POINT('',(165.52579498167,-41.69842201833,0.));
#5805 = DIRECTION('',(0.,0.,1.));
#5806 = DIRECTION('',(0.999999999997,-2.454181445868E-06,0.));
#5807 = ORIENTED_EDGE('',*,*,#5808,.F.);
#5808 = EDGE_CURVE('',#5809,#5800,#5811,.T.);
#5809 = VERTEX_POINT('',#5810);
#5810 = CARTESIAN_POINT('',(165.925794,-44.898423,0.));
#5811 = LINE('',#5812,#5813);
#5812 = CARTESIAN_POINT('',(165.925794,-44.898423,0.));
#5813 = VECTOR('',#5814,1.);
#5814 = DIRECTION('',(0.,1.,0.));
#5815 = ORIENTED_EDGE('',*,*,#5816,.F.);
#5816 = EDGE_CURVE('',#5817,#5809,#5819,.T.);
#5817 = VERTEX_POINT('',#5818);
#5818 = CARTESIAN_POINT('',(165.525794,-45.298423,0.));
#5819 = CIRCLE('',#5820,0.399999018331);
#5820 = AXIS2_PLACEMENT_3D('',#5821,#5822,#5823);
#5821 = CARTESIAN_POINT('',(165.52579498167,-44.89842398167,0.));
#5822 = DIRECTION('',(0.,0.,1.));
#5823 = DIRECTION('',(-2.454181481395E-06,-0.999999999997,0.));
#5824 = ORIENTED_EDGE('',*,*,#5825,.F.);
#5825 = EDGE_CURVE('',#5826,#5817,#5828,.T.);
#5826 = VERTEX_POINT('',#5827);
#5827 = CARTESIAN_POINT('',(163.990616,-45.298423,0.));
#5828 = LINE('',#5829,#5830);
#5829 = CARTESIAN_POINT('',(163.990616,-45.298423,0.));
#5830 = VECTOR('',#5831,1.);
#5831 = DIRECTION('',(1.,0.,0.));
#5832 = ORIENTED_EDGE('',*,*,#5833,.F.);
#5833 = EDGE_CURVE('',#5834,#5826,#5836,.T.);
#5834 = VERTEX_POINT('',#5835);
#5835 = CARTESIAN_POINT('',(163.590616,-45.698423,0.));
#5836 = CIRCLE('',#5837,0.399999018331);
#5837 = AXIS2_PLACEMENT_3D('',#5838,#5839,#5840);
#5838 = CARTESIAN_POINT('',(163.99061501833,-45.69842201833,0.));
#5839 = DIRECTION('',(0.,0.,-1.));
#5840 = DIRECTION('',(-0.999999999997,-2.454181428104E-06,-0.));
#5841 = ORIENTED_EDGE('',*,*,#5842,.F.);
#5842 = EDGE_CURVE('',#5843,#5834,#5845,.T.);
#5843 = VERTEX_POINT('',#5844);
#5844 = CARTESIAN_POINT('',(163.16,-61.198423,0.));
#5845 = LINE('',#5846,#5847);
#5846 = CARTESIAN_POINT('',(163.16,-61.198423,0.));
#5847 = VECTOR('',#5848,1.);
#5848 = DIRECTION('',(2.777096237217E-02,0.999614312447,0.));
#5849 = ORIENTED_EDGE('',*,*,#5850,.F.);
#5850 = EDGE_CURVE('',#5851,#5843,#5853,.T.);
#5851 = VERTEX_POINT('',#5852);
#5852 = CARTESIAN_POINT('',(163.56,-61.598423,0.));
#5853 = CIRCLE('',#5854,0.399999018331);
#5854 = AXIS2_PLACEMENT_3D('',#5855,#5856,#5857);
#5855 = CARTESIAN_POINT('',(163.55999901833,-61.19842398167,0.));
#5856 = DIRECTION('',(0.,0.,-1.));
#5857 = DIRECTION('',(2.454181410341E-06,-0.999999999997,0.));
#5858 = ORIENTED_EDGE('',*,*,#5859,.F.);
#5859 = EDGE_CURVE('',#5860,#5851,#5862,.T.);
#5860 = VERTEX_POINT('',#5861);
#5861 = CARTESIAN_POINT('',(165.525794,-61.598423,0.));
#5862 = LINE('',#5863,#5864);
#5863 = CARTESIAN_POINT('',(165.525794,-61.598423,0.));
#5864 = VECTOR('',#5865,1.);
#5865 = DIRECTION('',(-1.,0.,0.));
#5866 = ORIENTED_EDGE('',*,*,#5867,.F.);
#5867 = EDGE_CURVE('',#5868,#5860,#5870,.T.);
#5868 = VERTEX_POINT('',#5869);
#5869 = CARTESIAN_POINT('',(165.925794,-61.998423,0.));
#5870 = CIRCLE('',#5871,0.399999018331);
#5871 = AXIS2_PLACEMENT_3D('',#5872,#5873,#5874);
#5872 = CARTESIAN_POINT('',(165.52579498167,-61.99842201833,0.));
#5873 = DIRECTION('',(0.,0.,1.));
#5874 = DIRECTION('',(0.999999999997,-2.454181428104E-06,0.));
#5875 = ORIENTED_EDGE('',*,*,#5876,.F.);
#5876 = EDGE_CURVE('',#5877,#5868,#5879,.T.);
#5877 = VERTEX_POINT('',#5878);
#5878 = CARTESIAN_POINT('',(165.925794,-65.198423,0.));
#5879 = LINE('',#5880,#5881);
#5880 = CARTESIAN_POINT('',(165.925794,-65.198423,0.));
#5881 = VECTOR('',#5882,1.);
#5882 = DIRECTION('',(0.,1.,0.));
#5883 = ORIENTED_EDGE('',*,*,#5884,.F.);
#5884 = EDGE_CURVE('',#5885,#5877,#5887,.T.);
#5885 = VERTEX_POINT('',#5886);
#5886 = CARTESIAN_POINT('',(165.525794,-65.598423,0.));
#5887 = CIRCLE('',#5888,0.399999018331);
#5888 = AXIS2_PLACEMENT_3D('',#5889,#5890,#5891);
#5889 = CARTESIAN_POINT('',(165.52579498167,-65.19842398167,0.));
#5890 = DIRECTION('',(0.,0.,1.));
#5891 = DIRECTION('',(-2.454181481395E-06,-0.999999999997,0.));
#5892 = ORIENTED_EDGE('',*,*,#5893,.F.);
#5893 = EDGE_CURVE('',#5894,#5885,#5896,.T.);
#5894 = VERTEX_POINT('',#5895);
#5895 = CARTESIAN_POINT('',(163.425794,-65.598423,0.));
#5896 = LINE('',#5897,#5898);
#5897 = CARTESIAN_POINT('',(163.425794,-65.598423,0.));
#5898 = VECTOR('',#5899,1.);
#5899 = DIRECTION('',(1.,0.,0.));
#5900 = ORIENTED_EDGE('',*,*,#5901,.F.);
#5901 = EDGE_CURVE('',#5902,#5894,#5904,.T.);
#5902 = VERTEX_POINT('',#5903);
#5903 = CARTESIAN_POINT('',(163.025794,-65.998423,0.));
#5904 = CIRCLE('',#5905,0.399999018331);
#5905 = AXIS2_PLACEMENT_3D('',#5906,#5907,#5908);
#5906 = CARTESIAN_POINT('',(163.42579301833,-65.99842201833,0.));
#5907 = DIRECTION('',(0.,0.,-1.));
#5908 = DIRECTION('',(-0.999999999997,-2.454181303759E-06,-0.));
#5909 = ORIENTED_EDGE('',*,*,#5910,.F.);
#5910 = EDGE_CURVE('',#5911,#5902,#5913,.T.);
#5911 = VERTEX_POINT('',#5912);
#5912 = CARTESIAN_POINT('',(162.852303,-72.252272,0.));
#5913 = LINE('',#5914,#5915);
#5914 = CARTESIAN_POINT('',(162.852303,-72.252272,0.));
#5915 = VECTOR('',#5916,1.);
#5916 = DIRECTION('',(2.773080707322E-02,0.999615427221,0.));
#5917 = ORIENTED_EDGE('',*,*,#5918,.F.);
#5918 = EDGE_CURVE('',#5919,#5911,#5921,.T.);
#5919 = VERTEX_POINT('',#5920);
#5920 = CARTESIAN_POINT('',(163.63357,-72.88016,0.));
#5921 = CIRCLE('',#5922,0.800001241303);
#5922 = AXIS2_PLACEMENT_3D('',#5923,#5924,#5925);
#5923 = CARTESIAN_POINT('',(163.63357057148,-72.08015875869,0.));
#5924 = DIRECTION('',(0.,0.,-1.));
#5925 = DIRECTION('',(-7.143552523176E-07,-1.,-0.));
#5926 = ORIENTED_EDGE('',*,*,#5927,.F.);
#5927 = EDGE_CURVE('',#5928,#5919,#5930,.T.);
#5928 = VERTEX_POINT('',#5929);
#5929 = CARTESIAN_POINT('',(177.432338,-72.88016,0.));
#5930 = LINE('',#5931,#5932);
#5931 = CARTESIAN_POINT('',(177.432338,-72.88016,0.));
#5932 = VECTOR('',#5933,1.);
#5933 = DIRECTION('',(-1.,0.,0.));
#5934 = ORIENTED_EDGE('',*,*,#5935,.F.);
#5935 = EDGE_CURVE('',#5936,#5928,#5938,.T.);
#5936 = VERTEX_POINT('',#5937);
#5937 = CARTESIAN_POINT('',(178.232367,-72.080167,0.));
#5938 = CIRCLE('',#5939,0.799999744251);
#5939 = AXIS2_PLACEMENT_3D('',#5940,#5941,#5942);
#5940 = CARTESIAN_POINT('',(177.43236725577,-72.08016025628,0.));
#5941 = DIRECTION('',(0.,0.,-1.));
#5942 = DIRECTION('',(0.999999999964,-8.429647641361E-06,0.));
#5943 = ORIENTED_EDGE('',*,*,#5944,.F.);
#5944 = EDGE_CURVE('',#5945,#5936,#5947,.T.);
#5945 = VERTEX_POINT('',#5946);
#5946 = CARTESIAN_POINT('',(178.232362,-56.572824,0.));
#5947 = LINE('',#5948,#5949);
#5948 = CARTESIAN_POINT('',(178.232362,-56.572824,0.));
#5949 = VECTOR('',#5950,1.);
#5950 = DIRECTION('',(3.224278985638E-07,-1.,0.));
#5951 = ORIENTED_EDGE('',*,*,#5952,.F.);
#5952 = EDGE_CURVE('',#5953,#5945,#5955,.T.);
#5953 = VERTEX_POINT('',#5954);
#5954 = CARTESIAN_POINT('',(177.432362,-55.772824,0.));
#5955 = CIRCLE('',#5956,0.800001450872);
#5956 = AXIS2_PLACEMENT_3D('',#5957,#5958,#5959);
#5957 = CARTESIAN_POINT('',(177.43236054912,-56.57282545087,0.));
#5958 = DIRECTION('',(0.,0.,-1.));
#5959 = DIRECTION('',(1.813584959368E-06,0.999999999998,0.));
#5960 = ORIENTED_EDGE('',*,*,#5961,.F.);
#5961 = EDGE_CURVE('',#5962,#5953,#5964,.T.);
#5962 = VERTEX_POINT('',#5963);
#5963 = CARTESIAN_POINT('',(176.693795,-55.772824,0.));
#5964 = LINE('',#5965,#5966);
#5965 = CARTESIAN_POINT('',(176.693795,-55.772824,0.));
#5966 = VECTOR('',#5967,1.);
#5967 = DIRECTION('',(1.,0.,0.));
#5968 = ORIENTED_EDGE('',*,*,#5969,.F.);
#5969 = EDGE_CURVE('',#5970,#5962,#5972,.T.);
#5970 = VERTEX_POINT('',#5971);
#5971 = CARTESIAN_POINT('',(175.893797,-54.972825,0.));
#5972 = CIRCLE('',#5973,0.799999743764);
#5973 = AXIS2_PLACEMENT_3D('',#5974,#5975,#5976);
#5974 = CARTESIAN_POINT('',(176.69379674376,-54.97282425623,0.));
#5975 = DIRECTION('',(0.,0.,1.));
#5976 = DIRECTION('',(-1.,-9.297025862674E-07,0.));
#5977 = ORIENTED_EDGE('',*,*,#5978,.F.);
#5978 = EDGE_CURVE('',#5979,#5970,#5981,.T.);
#5979 = VERTEX_POINT('',#5980);
#5980 = CARTESIAN_POINT('',(175.893797,-50.898422,0.));
#5981 = LINE('',#5982,#5983);
#5982 = CARTESIAN_POINT('',(175.893797,-50.898422,0.));
#5983 = VECTOR('',#5984,1.);
#5984 = DIRECTION('',(0.,-1.,0.));
#5985 = ORIENTED_EDGE('',*,*,#5986,.F.);
#5986 = EDGE_CURVE('',#5987,#5979,#5989,.T.);
#5987 = VERTEX_POINT('',#5988);
#5988 = CARTESIAN_POINT('',(176.693796,-50.098424,0.));
#5989 = CIRCLE('',#5990,0.799999743764);
#5990 = AXIS2_PLACEMENT_3D('',#5991,#5992,#5993);
#5991 = CARTESIAN_POINT('',(176.69379674376,-50.89842374376,0.));
#5992 = DIRECTION('',(0.,0.,1.));
#5993 = DIRECTION('',(-9.297025862674E-07,1.,0.));
#5994 = ORIENTED_EDGE('',*,*,#5995,.F.);
#5995 = EDGE_CURVE('',#5996,#5987,#5998,.T.);
#5996 = VERTEX_POINT('',#5997);
#5997 = CARTESIAN_POINT('',(177.425795,-50.098424,0.));
#5998 = LINE('',#5999,#6000);
#5999 = CARTESIAN_POINT('',(177.425795,-50.098424,0.));
#6000 = VECTOR('',#6001,1.);
#6001 = DIRECTION('',(-1.,0.,0.));
#6002 = ORIENTED_EDGE('',*,*,#6003,.F.);
#6003 = EDGE_CURVE('',#6004,#5996,#6006,.T.);
#6004 = VERTEX_POINT('',#6005);
#6005 = CARTESIAN_POINT('',(178.225795,-49.298424,0.));
#6006 = CIRCLE('',#6007,0.800001450872);
#6007 = AXIS2_PLACEMENT_3D('',#6008,#6009,#6010);
#6008 = CARTESIAN_POINT('',(177.42579354912,-49.29842254912,0.));
#6009 = DIRECTION('',(0.,0.,-1.));
#6010 = DIRECTION('',(0.999999999998,-1.813584994895E-06,0.));
#6011 = ORIENTED_EDGE('',*,*,#6012,.F.);
#6012 = EDGE_CURVE('',#6013,#6004,#6015,.T.);
#6013 = VERTEX_POINT('',#6014);
#6014 = CARTESIAN_POINT('',(178.205797,-30.448061,0.));
#6015 = LINE('',#6016,#6017);
#6016 = CARTESIAN_POINT('',(178.205797,-30.448061,0.));
#6017 = VECTOR('',#6018,1.);
#6018 = DIRECTION('',(1.060880830064E-03,-0.999999437266,0.));
#6019 = ORIENTED_EDGE('',*,*,#6020,.F.);
#6020 = EDGE_CURVE('',#6021,#6013,#6023,.T.);
#6021 = VERTEX_POINT('',#6022);
#6022 = CARTESIAN_POINT('',(182.51611,-30.448142,0.));
#6023 = LINE('',#6024,#6025);
#6024 = CARTESIAN_POINT('',(182.51611,-30.448142,0.));
#6025 = VECTOR('',#6026,1.);
#6026 = DIRECTION('',(-0.999999999823,1.879213875819E-05,0.));
#6027 = ORIENTED_EDGE('',*,*,#6028,.F.);
#6028 = EDGE_CURVE('',#6029,#6021,#6031,.T.);
#6029 = VERTEX_POINT('',#6030);
#6030 = CARTESIAN_POINT('',(183.205794,-29.765666,0.));
#6031 = CIRCLE('',#6032,0.689723409185);
#6032 = AXIS2_PLACEMENT_3D('',#6033,#6034,#6035);
#6033 = CARTESIAN_POINT('',(182.51610866868,-29.75841859081,0.));
#6034 = DIRECTION('',(0.,0.,-1.));
#6035 = DIRECTION('',(0.999944792558,-1.050770364874E-02,0.));
#6036 = ORIENTED_EDGE('',*,*,#6037,.F.);
#6037 = EDGE_CURVE('',#6038,#6029,#6040,.T.);
#6038 = VERTEX_POINT('',#6039);
#6039 = CARTESIAN_POINT('',(185.463794,-27.507666,0.));
#6040 = CIRCLE('',#6041,2.258000382116);
#6041 = AXIS2_PLACEMENT_3D('',#6042,#6043,#6044);
#6042 = CARTESIAN_POINT('',(185.46379438211,-29.76566638211,0.));
#6043 = DIRECTION('',(0.,0.,1.));
#6044 = DIRECTION('',(-1.692276879376E-07,1.,0.));
#6045 = ORIENTED_EDGE('',*,*,#6046,.F.);
#6046 = EDGE_CURVE('',#6047,#6038,#6049,.T.);
#6047 = VERTEX_POINT('',#6048);
#6048 = CARTESIAN_POINT('',(200.847795,-27.507693,0.));
#6049 = LINE('',#6050,#6051);
#6050 = CARTESIAN_POINT('',(200.847795,-27.507693,0.));
#6051 = VECTOR('',#6052,1.);
#6052 = DIRECTION('',(-0.999999999998,1.755070088678E-06,0.));
#6053 = ORIENTED_EDGE('',*,*,#6054,.F.);
#6054 = EDGE_CURVE('',#6055,#6047,#6057,.T.);
#6055 = VERTEX_POINT('',#6056);
#6056 = CARTESIAN_POINT('',(203.105795,-29.765693,0.));
#6057 = CIRCLE('',#6058,2.258000382116);
#6058 = AXIS2_PLACEMENT_3D('',#6059,#6060,#6061);
#6059 = CARTESIAN_POINT('',(200.84779461788,-29.76569338211,0.));
#6060 = DIRECTION('',(0.,0.,1.));
#6061 = DIRECTION('',(1.,1.692276989514E-07,-0.));
#6062 = ORIENTED_EDGE('',*,*,#6063,.F.);
#6063 = EDGE_CURVE('',#6064,#6055,#6066,.T.);
#6064 = VERTEX_POINT('',#6065);
#6065 = CARTESIAN_POINT('',(203.795517,-30.448061,0.));
#6066 = CIRCLE('',#6067,0.689791106999);
#6067 = AXIS2_PLACEMENT_3D('',#6068,#6069,#6070);
#6068 = CARTESIAN_POINT('',(203.79554616439,-29.75826989361,0.));
#6069 = DIRECTION('',(0.,0.,-1.));
#6070 = DIRECTION('',(-4.228004150886E-05,-0.999999999106,-0.));
#6071 = ORIENTED_EDGE('',*,*,#6072,.F.);
#6072 = EDGE_CURVE('',#6073,#6064,#6075,.T.);
#6073 = VERTEX_POINT('',#6074);
#6074 = CARTESIAN_POINT('',(208.105792,-30.455414,0.));
#6075 = LINE('',#6076,#6077);
#6076 = CARTESIAN_POINT('',(208.105792,-30.455414,0.));
#6077 = VECTOR('',#6078,1.);
#6078 = DIRECTION('',(-0.999998544915,1.7059211537E-03,0.));
#6079 = ORIENTED_EDGE('',*,*,#6080,.F.);
#6080 = EDGE_CURVE('',#6081,#6073,#6083,.T.);
#6081 = VERTEX_POINT('',#6082);
#6082 = CARTESIAN_POINT('',(208.105797,-49.298458,0.));
#6083 = LINE('',#6084,#6085);
#6084 = CARTESIAN_POINT('',(208.105797,-49.298458,0.));
#6085 = VECTOR('',#6086,1.);
#6086 = DIRECTION('',(-2.653499077631E-07,1.,0.));
#6087 = ORIENTED_EDGE('',*,*,#6088,.F.);
#6088 = EDGE_CURVE('',#6089,#6081,#6091,.T.);
#6089 = VERTEX_POINT('',#6090);
#6090 = CARTESIAN_POINT('',(208.905797,-50.098458,0.));
#6091 = CIRCLE('',#6092,0.800001450872);
#6092 = AXIS2_PLACEMENT_3D('',#6093,#6094,#6095);
#6093 = CARTESIAN_POINT('',(208.90579845087,-49.29845654912,0.));
#6094 = DIRECTION('',(0.,0.,-1.));
#6095 = DIRECTION('',(-1.813584994895E-06,-0.999999999998,-0.));
#6096 = ORIENTED_EDGE('',*,*,#6097,.F.);
#6097 = EDGE_CURVE('',#6098,#6089,#6100,.T.);
#6098 = VERTEX_POINT('',#6099);
#6099 = CARTESIAN_POINT('',(209.630641,-50.098423,0.));
#6100 = LINE('',#6101,#6102);
#6101 = CARTESIAN_POINT('',(209.630641,-50.098423,0.));
#6102 = VECTOR('',#6103,1.);
#6103 = DIRECTION('',(-0.999999998834,-4.828625188758E-05,0.));
#6104 = ORIENTED_EDGE('',*,*,#6105,.F.);
#6105 = EDGE_CURVE('',#6106,#6098,#6108,.T.);
#6106 = VERTEX_POINT('',#6107);
#6107 = CARTESIAN_POINT('',(210.430639,-50.898422,0.));
#6108 = CIRCLE('',#6109,0.799999743764);
#6109 = AXIS2_PLACEMENT_3D('',#6110,#6111,#6112);
#6110 = CARTESIAN_POINT('',(209.63063925623,-50.89842274376,0.));
#6111 = DIRECTION('',(0.,0.,1.));
#6112 = DIRECTION('',(1.,9.297026484398E-07,-0.));
#6113 = ORIENTED_EDGE('',*,*,#6114,.F.);
#6114 = EDGE_CURVE('',#6115,#6106,#6117,.T.);
#6115 = VERTEX_POINT('',#6116);
#6116 = CARTESIAN_POINT('',(210.430639,-54.972791,0.));
#6117 = LINE('',#6118,#6119);
#6118 = CARTESIAN_POINT('',(210.430639,-54.972791,0.));
#6119 = VECTOR('',#6120,1.);
#6120 = DIRECTION('',(0.,1.,0.));
#6121 = ORIENTED_EDGE('',*,*,#6122,.F.);
#6122 = EDGE_CURVE('',#6123,#6115,#6125,.T.);
#6123 = VERTEX_POINT('',#6124);
#6124 = CARTESIAN_POINT('',(209.630641,-55.77279,0.));
#6125 = CIRCLE('',#6126,0.799999743764);
#6126 = AXIS2_PLACEMENT_3D('',#6127,#6128,#6129);
#6127 = CARTESIAN_POINT('',(209.63063925623,-54.97279025623,0.));
#6128 = DIRECTION('',(0.,0.,1.));
#6129 = DIRECTION('',(2.179704973001E-06,-0.999999999998,0.));
#6130 = ORIENTED_EDGE('',*,*,#6131,.F.);
#6131 = EDGE_CURVE('',#6132,#6123,#6134,.T.);
#6132 = VERTEX_POINT('',#6133);
#6133 = CARTESIAN_POINT('',(208.905841,-55.772825,0.));
#6134 = LINE('',#6135,#6136);
#6135 = CARTESIAN_POINT('',(208.905841,-55.772825,0.));
#6136 = VECTOR('',#6137,1.);
#6137 = DIRECTION('',(0.999999998834,4.828918316238E-05,0.));
#6138 = ORIENTED_EDGE('',*,*,#6139,.F.);
#6139 = EDGE_CURVE('',#6140,#6132,#6142,.T.);
#6140 = VERTEX_POINT('',#6141);
#6141 = CARTESIAN_POINT('',(208.105841,-56.572825,0.));
#6142 = CIRCLE('',#6143,0.800001450872);
#6143 = AXIS2_PLACEMENT_3D('',#6144,#6145,#6146);
#6144 = CARTESIAN_POINT('',(208.90584245087,-56.57282645087,0.));
#6145 = DIRECTION('',(0.,0.,-1.));
#6146 = DIRECTION('',(-0.999999999998,1.813584994895E-06,0.));
#6147 = ORIENTED_EDGE('',*,*,#6148,.F.);
#6148 = EDGE_CURVE('',#6149,#6140,#6151,.T.);
#6149 = VERTEX_POINT('',#6150);
#6150 = CARTESIAN_POINT('',(208.105841,-72.080168,0.));
#6151 = LINE('',#6152,#6153);
#6152 = CARTESIAN_POINT('',(208.105841,-72.080168,0.));
#6153 = VECTOR('',#6154,1.);
#6154 = DIRECTION('',(0.,1.,0.));
#6155 = ORIENTED_EDGE('',*,*,#6156,.F.);
#6156 = EDGE_CURVE('',#6157,#6149,#6159,.T.);
#6157 = VERTEX_POINT('',#6158);
#6158 = CARTESIAN_POINT('',(208.90587,-72.880161,0.));
#6159 = CIRCLE('',#6160,0.799999744251);
#6160 = AXIS2_PLACEMENT_3D('',#6161,#6162,#6163);
#6161 = CARTESIAN_POINT('',(208.90584074422,-72.08016125628,0.));
#6162 = DIRECTION('',(0.,0.,-1.));
#6163 = DIRECTION('',(3.656973359043E-05,-0.999999999331,0.));
#6164 = ORIENTED_EDGE('',*,*,#6165,.F.);
#6165 = EDGE_CURVE('',#6166,#6157,#6168,.T.);
#6166 = VERTEX_POINT('',#6167);
#6167 = CARTESIAN_POINT('',(222.704638,-72.880161,0.));
#6168 = LINE('',#6169,#6170);
#6169 = CARTESIAN_POINT('',(222.704638,-72.880161,0.));
#6170 = VECTOR('',#6171,1.);
#6171 = DIRECTION('',(-1.,0.,0.));
#6172 = ORIENTED_EDGE('',*,*,#6173,.F.);
#6173 = EDGE_CURVE('',#6174,#6166,#6176,.T.);
#6174 = VERTEX_POINT('',#6175);
#6175 = CARTESIAN_POINT('',(223.485905,-72.252273,0.));
#6176 = CIRCLE('',#6177,0.800001241303);
#6177 = AXIS2_PLACEMENT_3D('',#6178,#6179,#6180);
#6178 = CARTESIAN_POINT('',(222.70463742851,-72.08015975869,0.));
#6179 = DIRECTION('',(0.,0.,-1.));
#6180 = DIRECTION('',(0.976582949063,-0.215141217809,0.));
#6181 = ORIENTED_EDGE('',*,*,#6182,.F.);
#6182 = EDGE_CURVE('',#6183,#6174,#6185,.T.);
#6183 = VERTEX_POINT('',#6184);
#6184 = CARTESIAN_POINT('',(222.744271,-45.701363,0.));
#6185 = LINE('',#6186,#6187);
#6186 = CARTESIAN_POINT('',(222.744271,-45.701363,0.));
#6187 = VECTOR('',#6188,1.);
#6188 = DIRECTION('',(2.792163613644E-02,-0.999610115113,0.));
#6189 = ORIENTED_EDGE('',*,*,#6190,.F.);
#6190 = EDGE_CURVE('',#6191,#6183,#6193,.T.);
#6191 = VERTEX_POINT('',#6192);
#6192 = CARTESIAN_POINT('',(222.344271,-45.301363,0.));
#6193 = CIRCLE('',#6194,0.399999018331);
#6194 = AXIS2_PLACEMENT_3D('',#6195,#6196,#6197);
#6195 = CARTESIAN_POINT('',(222.34427198167,-45.70136201833,0.));
#6196 = DIRECTION('',(0.,0.,-1.));
#6197 = DIRECTION('',(-2.454181410341E-06,0.999999999997,0.));
#6198 = ORIENTED_EDGE('',*,*,#6199,.F.);
#6199 = EDGE_CURVE('',#6200,#6191,#6202,.T.);
#6200 = VERTEX_POINT('',#6201);
#6201 = CARTESIAN_POINT('',(220.809093,-45.301363,0.));
#6202 = LINE('',#6203,#6204);
#6203 = CARTESIAN_POINT('',(220.809093,-45.301363,0.));
#6204 = VECTOR('',#6205,1.);
#6205 = DIRECTION('',(1.,0.,0.));
#6206 = ORIENTED_EDGE('',*,*,#6207,.F.);
#6207 = EDGE_CURVE('',#6208,#6200,#6210,.T.);
#6208 = VERTEX_POINT('',#6209);
#6209 = CARTESIAN_POINT('',(220.409093,-44.901363,0.));
#6210 = CIRCLE('',#6211,0.399997311249);
#6211 = AXIS2_PLACEMENT_3D('',#6212,#6213,#6214);
#6212 = CARTESIAN_POINT('',(220.80909031124,-44.90136568876,0.));
#6213 = DIRECTION('',(0.,0.,1.));
#6214 = DIRECTION('',(-0.999999999977,6.721944026064E-06,0.));
#6215 = ORIENTED_EDGE('',*,*,#6216,.F.);
#6216 = EDGE_CURVE('',#6217,#6208,#6219,.T.);
#6217 = VERTEX_POINT('',#6218);
#6218 = CARTESIAN_POINT('',(220.409093,-41.701363,0.));
#6219 = LINE('',#6220,#6221);
#6220 = CARTESIAN_POINT('',(220.409093,-41.701363,0.));
#6221 = VECTOR('',#6222,1.);
#6222 = DIRECTION('',(0.,-1.,0.));
#6223 = ORIENTED_EDGE('',*,*,#6224,.F.);
#6224 = EDGE_CURVE('',#6225,#6217,#6227,.T.);
#6225 = VERTEX_POINT('',#6226);
#6226 = CARTESIAN_POINT('',(220.809093,-41.301363,0.));
#6227 = CIRCLE('',#6228,0.400000725434);
#6228 = AXIS2_PLACEMENT_3D('',#6229,#6230,#6231);
#6229 = CARTESIAN_POINT('',(220.80909372543,-41.70136372543,0.));
#6230 = DIRECTION('',(0.,0.,1.));
#6231 = DIRECTION('',(-1.813581157978E-06,0.999999999998,0.));
#6232 = ORIENTED_EDGE('',*,*,#6233,.F.);
#6233 = EDGE_CURVE('',#6234,#6225,#6236,.T.);
#6234 = VERTEX_POINT('',#6235);
#6235 = CARTESIAN_POINT('',(222.238681,-41.298423,0.));
#6236 = LINE('',#6237,#6238);
#6237 = CARTESIAN_POINT('',(222.238681,-41.298423,0.));
#6238 = VECTOR('',#6239,1.);
#6239 = DIRECTION('',(-0.999997885335,-2.056532219694E-03,0.));
#6240 = ORIENTED_EDGE('',*,*,#6241,.F.);
#6241 = EDGE_CURVE('',#6242,#6234,#6244,.T.);
#6242 = VERTEX_POINT('',#6243);
#6243 = CARTESIAN_POINT('',(222.638681,-40.898423,0.));
#6244 = CIRCLE('',#6245,0.399999018331);
#6245 = AXIS2_PLACEMENT_3D('',#6246,#6247,#6248);
#6246 = CARTESIAN_POINT('',(222.23868198167,-40.89842398167,0.));
#6247 = DIRECTION('',(0.,0.,-1.));
#6248 = DIRECTION('',(0.999999999997,2.454181428104E-06,0.));
#6249 = ORIENTED_EDGE('',*,*,#6250,.F.);
#6250 = EDGE_CURVE('',#6251,#6242,#6253,.T.);
#6251 = VERTEX_POINT('',#6252);
#6252 = CARTESIAN_POINT('',(222.128942,-22.763545,0.));
#6253 = LINE('',#6254,#6255);
#6254 = CARTESIAN_POINT('',(222.128942,-22.763545,0.));
#6255 = VECTOR('',#6256,1.);
#6256 = DIRECTION('',(2.809711507784E-02,-0.999605198128,0.));
#6257 = ORIENTED_EDGE('',*,*,#6258,.F.);
#6258 = EDGE_CURVE('',#6259,#6251,#6261,.T.);
#6259 = VERTEX_POINT('',#6260);
#6260 = CARTESIAN_POINT('',(221.347675,-22.135657,0.));
#6261 = CIRCLE('',#6262,0.799998486289);
#6262 = AXIS2_PLACEMENT_3D('',#6263,#6264,#6265);
#6263 = CARTESIAN_POINT('',(221.34767664266,-22.93565548628,0.));
#6264 = DIRECTION('',(0.,0.,-1.));
#6265 = DIRECTION('',(-2.053333018581E-06,0.999999999998,0.));
#6266 = ORIENTED_EDGE('',*,*,#6267,.F.);
#6267 = EDGE_CURVE('',#5734,#6259,#6268,.T.);
#6268 = LINE('',#6269,#6270);
#6269 = CARTESIAN_POINT('',(215.218861,-22.135657,0.));
#6270 = VECTOR('',#6271,1.);
#6271 = DIRECTION('',(1.,0.,0.));
#6272 = ORIENTED_EDGE('',*,*,#5741,.F.);
#6273 = FACE_BOUND('',#6274,.F.);
#6274 = EDGE_LOOP('',(#6275));
#6275 = ORIENTED_EDGE('',*,*,#6276,.T.);
#6276 = EDGE_CURVE('',#6277,#6277,#6279,.T.);
#6277 = VERTEX_POINT('',#6278);
#6278 = CARTESIAN_POINT('',(176.435797,-58.112713,0.));
#6279 = CIRCLE('',#6280,0.25);
#6280 = AXIS2_PLACEMENT_3D('',#6281,#6282,#6283);
#6281 = CARTESIAN_POINT('',(176.435797,-57.862713,0.));
#6282 = DIRECTION('',(-0.,0.,-1.));
#6283 = DIRECTION('',(-0.,-1.,0.));
#6284 = FACE_BOUND('',#6285,.F.);
#6285 = EDGE_LOOP('',(#6286));
#6286 = ORIENTED_EDGE('',*,*,#6287,.F.);
#6287 = EDGE_CURVE('',#6288,#6288,#6290,.T.);
#6288 = VERTEX_POINT('',#6289);
#6289 = CARTESIAN_POINT('',(174.105797,-52.932713,0.));
#6290 = CIRCLE('',#6291,3.);
#6291 = AXIS2_PLACEMENT_3D('',#6292,#6293,#6294);
#6292 = CARTESIAN_POINT('',(171.105797,-52.932713,0.));
#6293 = DIRECTION('',(0.,0.,1.));
#6294 = DIRECTION('',(1.,0.,-0.));
#6295 = FACE_BOUND('',#6296,.F.);
#6296 = EDGE_LOOP('',(#6297));
#6297 = ORIENTED_EDGE('',*,*,#6298,.T.);
#6298 = EDGE_CURVE('',#6299,#6299,#6301,.T.);
#6299 = VERTEX_POINT('',#6300);
#6300 = CARTESIAN_POINT('',(174.705797,-49.582713,0.));
#6301 = CIRCLE('',#6302,0.25);
#6302 = AXIS2_PLACEMENT_3D('',#6303,#6304,#6305);
#6303 = CARTESIAN_POINT('',(174.705797,-49.332713,0.));
#6304 = DIRECTION('',(-0.,0.,-1.));
#6305 = DIRECTION('',(-0.,-1.,0.));
#6306 = FACE_BOUND('',#6307,.F.);
#6307 = EDGE_LOOP('',(#6308));
#6308 = ORIENTED_EDGE('',*,*,#6309,.F.);
#6309 = EDGE_CURVE('',#6310,#6310,#6312,.T.);
#6310 = VERTEX_POINT('',#6311);
#6311 = CARTESIAN_POINT('',(218.218861,-52.935607,0.));
#6312 = CIRCLE('',#6313,3.);
#6313 = AXIS2_PLACEMENT_3D('',#6314,#6315,#6316);
#6314 = CARTESIAN_POINT('',(215.218861,-52.935607,0.));
#6315 = DIRECTION('',(0.,0.,1.));
#6316 = DIRECTION('',(1.,0.,-0.));
#6317 = FACE_BOUND('',#6318,.F.);
#6318 = EDGE_LOOP('',(#6319));
#6319 = ORIENTED_EDGE('',*,*,#6320,.T.);
#6320 = EDGE_CURVE('',#6321,#6321,#6323,.T.);
#6321 = VERTEX_POINT('',#6322);
#6322 = CARTESIAN_POINT('',(211.618861,-49.585607,0.));
#6323 = CIRCLE('',#6324,0.25);
#6324 = AXIS2_PLACEMENT_3D('',#6325,#6326,#6327);
#6325 = CARTESIAN_POINT('',(211.618861,-49.335607,0.));
#6326 = DIRECTION('',(-0.,0.,-1.));
#6327 = DIRECTION('',(-0.,-1.,0.));
#6328 = FACE_BOUND('',#6329,.F.);
#6329 = EDGE_LOOP('',(#6330,#6341,#6349,#6358,#6366,#6375,#6383,#6392));
#6330 = ORIENTED_EDGE('',*,*,#6331,.F.);
#6331 = EDGE_CURVE('',#6332,#6334,#6336,.T.);
#6332 = VERTEX_POINT('',#6333);
#6333 = CARTESIAN_POINT('',(169.625794,-29.898423,0.));
#6334 = VERTEX_POINT('',#6335);
#6335 = CARTESIAN_POINT('',(169.225794,-30.298423,0.));
#6336 = CIRCLE('',#6337,0.399999018331);
#6337 = AXIS2_PLACEMENT_3D('',#6338,#6339,#6340);
#6338 = CARTESIAN_POINT('',(169.62579301833,-30.29842201833,0.));
#6339 = DIRECTION('',(0.,0.,1.));
#6340 = DIRECTION('',(2.454181481395E-06,0.999999999997,-0.));
#6341 = ORIENTED_EDGE('',*,*,#6342,.F.);
#6342 = EDGE_CURVE('',#6343,#6332,#6345,.T.);
#6343 = VERTEX_POINT('',#6344);
#6344 = CARTESIAN_POINT('',(172.825794,-29.898423,0.));
#6345 = LINE('',#6346,#6347);
#6346 = CARTESIAN_POINT('',(172.825794,-29.898423,0.));
#6347 = VECTOR('',#6348,1.);
#6348 = DIRECTION('',(-1.,0.,0.));
#6349 = ORIENTED_EDGE('',*,*,#6350,.F.);
#6350 = EDGE_CURVE('',#6351,#6343,#6353,.T.);
#6351 = VERTEX_POINT('',#6352);
#6352 = CARTESIAN_POINT('',(173.225794,-30.298423,0.));
#6353 = CIRCLE('',#6354,0.399999018331);
#6354 = AXIS2_PLACEMENT_3D('',#6355,#6356,#6357);
#6355 = CARTESIAN_POINT('',(172.82579498167,-30.29842201833,0.));
#6356 = DIRECTION('',(0.,0.,1.));
#6357 = DIRECTION('',(0.999999999997,-2.454181321522E-06,0.));
#6358 = ORIENTED_EDGE('',*,*,#6359,.F.);
#6359 = EDGE_CURVE('',#6360,#6351,#6362,.T.);
#6360 = VERTEX_POINT('',#6361);
#6361 = CARTESIAN_POINT('',(173.225794,-32.298423,0.));
#6362 = LINE('',#6363,#6364);
#6363 = CARTESIAN_POINT('',(173.225794,-32.298423,0.));
#6364 = VECTOR('',#6365,1.);
#6365 = DIRECTION('',(0.,1.,0.));
#6366 = ORIENTED_EDGE('',*,*,#6367,.F.);
#6367 = EDGE_CURVE('',#6368,#6360,#6370,.T.);
#6368 = VERTEX_POINT('',#6369);
#6369 = CARTESIAN_POINT('',(172.825794,-32.698423,0.));
#6370 = CIRCLE('',#6371,0.399999018331);
#6371 = AXIS2_PLACEMENT_3D('',#6372,#6373,#6374);
#6372 = CARTESIAN_POINT('',(172.82579498167,-32.29842398167,0.));
#6373 = DIRECTION('',(0.,0.,1.));
#6374 = DIRECTION('',(-2.454181339286E-06,-0.999999999997,0.));
#6375 = ORIENTED_EDGE('',*,*,#6376,.F.);
#6376 = EDGE_CURVE('',#6377,#6368,#6379,.T.);
#6377 = VERTEX_POINT('',#6378);
#6378 = CARTESIAN_POINT('',(169.625794,-32.698423,0.));
#6379 = LINE('',#6380,#6381);
#6380 = CARTESIAN_POINT('',(169.625794,-32.698423,0.));
#6381 = VECTOR('',#6382,1.);
#6382 = DIRECTION('',(1.,0.,0.));
#6383 = ORIENTED_EDGE('',*,*,#6384,.F.);
#6384 = EDGE_CURVE('',#6385,#6377,#6387,.T.);
#6385 = VERTEX_POINT('',#6386);
#6386 = CARTESIAN_POINT('',(169.225794,-32.298423,0.));
#6387 = CIRCLE('',#6388,0.399999018331);
#6388 = AXIS2_PLACEMENT_3D('',#6389,#6390,#6391);
#6389 = CARTESIAN_POINT('',(169.62579301833,-32.29842398167,0.));
#6390 = DIRECTION('',(0.,0.,1.));
#6391 = DIRECTION('',(-0.999999999997,2.454181445868E-06,0.));
#6392 = ORIENTED_EDGE('',*,*,#6393,.F.);
#6393 = EDGE_CURVE('',#6334,#6385,#6394,.T.);
#6394 = LINE('',#6395,#6396);
#6395 = CARTESIAN_POINT('',(169.225794,-30.298423,0.));
#6396 = VECTOR('',#6397,1.);
#6397 = DIRECTION('',(0.,-1.,0.));
#6398 = FACE_BOUND('',#6399,.F.);
#6399 = EDGE_LOOP('',(#6400,#6411,#6419,#6428,#6436,#6445,#6453,#6462));
#6400 = ORIENTED_EDGE('',*,*,#6401,.F.);
#6401 = EDGE_CURVE('',#6402,#6404,#6406,.T.);
#6402 = VERTEX_POINT('',#6403);
#6403 = CARTESIAN_POINT('',(213.605797,-29.898458,0.));
#6404 = VERTEX_POINT('',#6405);
#6405 = CARTESIAN_POINT('',(213.205797,-30.298458,0.));
#6406 = CIRCLE('',#6407,0.400069029852);
#6407 = AXIS2_PLACEMENT_3D('',#6408,#6409,#6410);
#6408 = CARTESIAN_POINT('',(213.60586602389,-30.29852702389,0.));
#6409 = DIRECTION('',(0.,0.,1.));
#6410 = DIRECTION('',(-1.725299694785E-04,0.999999985117,0.));
#6411 = ORIENTED_EDGE('',*,*,#6412,.F.);
#6412 = EDGE_CURVE('',#6413,#6402,#6415,.T.);
#6413 = VERTEX_POINT('',#6414);
#6414 = CARTESIAN_POINT('',(216.805797,-29.898458,0.));
#6415 = LINE('',#6416,#6417);
#6416 = CARTESIAN_POINT('',(216.805797,-29.898458,0.));
#6417 = VECTOR('',#6418,1.);
#6418 = DIRECTION('',(-1.,0.,0.));
#6419 = ORIENTED_EDGE('',*,*,#6420,.F.);
#6420 = EDGE_CURVE('',#6421,#6413,#6423,.T.);
#6421 = VERTEX_POINT('',#6422);
#6422 = CARTESIAN_POINT('',(217.205797,-30.298458,0.));
#6423 = CIRCLE('',#6424,0.399966587808);
#6424 = AXIS2_PLACEMENT_3D('',#6425,#6426,#6427);
#6425 = CARTESIAN_POINT('',(216.80583041358,-30.29842458641,0.));
#6426 = DIRECTION('',(0.,0.,1.));
#6427 = DIRECTION('',(0.99999999651,-8.354094669547E-05,0.));
#6428 = ORIENTED_EDGE('',*,*,#6429,.F.);
#6429 = EDGE_CURVE('',#6430,#6421,#6432,.T.);
#6430 = VERTEX_POINT('',#6431);
#6431 = CARTESIAN_POINT('',(217.205797,-32.298458,0.));
#6432 = LINE('',#6433,#6434);
#6433 = CARTESIAN_POINT('',(217.205797,-32.298458,0.));
#6434 = VECTOR('',#6435,1.);
#6435 = DIRECTION('',(0.,1.,0.));
#6436 = ORIENTED_EDGE('',*,*,#6437,.F.);
#6437 = EDGE_CURVE('',#6438,#6430,#6440,.T.);
#6438 = VERTEX_POINT('',#6439);
#6439 = CARTESIAN_POINT('',(216.805797,-32.698458,0.));
#6440 = CIRCLE('',#6441,0.399930754309);
#6441 = AXIS2_PLACEMENT_3D('',#6442,#6443,#6444);
#6442 = CARTESIAN_POINT('',(216.80586625168,-32.29852725168,0.));
#6443 = DIRECTION('',(0.,0.,1.));
#6444 = DIRECTION('',(-1.731591925985E-04,-0.999999985008,0.));
#6445 = ORIENTED_EDGE('',*,*,#6446,.F.);
#6446 = EDGE_CURVE('',#6447,#6438,#6449,.T.);
#6447 = VERTEX_POINT('',#6448);
#6448 = CARTESIAN_POINT('',(213.605797,-32.698458,0.));
#6449 = LINE('',#6450,#6451);
#6450 = CARTESIAN_POINT('',(213.605797,-32.698458,0.));
#6451 = VECTOR('',#6452,1.);
#6452 = DIRECTION('',(1.,0.,0.));
#6453 = ORIENTED_EDGE('',*,*,#6454,.F.);
#6454 = EDGE_CURVE('',#6455,#6447,#6457,.T.);
#6455 = VERTEX_POINT('',#6456);
#6456 = CARTESIAN_POINT('',(213.205797,-32.298458,0.));
#6457 = CIRCLE('',#6458,0.400034872503);
#6458 = AXIS2_PLACEMENT_3D('',#6459,#6460,#6461);
#6459 = CARTESIAN_POINT('',(213.60583187098,-32.29842312901,0.));
#6460 = DIRECTION('',(0.,0.,1.));
#6461 = DIRECTION('',(-0.999999996201,-8.716985946911E-05,0.));
#6462 = ORIENTED_EDGE('',*,*,#6463,.F.);
#6463 = EDGE_CURVE('',#6404,#6455,#6464,.T.);
#6464 = LINE('',#6465,#6466);
#6465 = CARTESIAN_POINT('',(213.205797,-30.298458,0.));
#6466 = VECTOR('',#6467,1.);
#6467 = DIRECTION('',(0.,-1.,0.));
#6468 = PLANE('',#6469);
#6469 = AXIS2_PLACEMENT_3D('',#6470,#6471,#6472);
#6470 = CARTESIAN_POINT('',(0.,0.,0.));
#6471 = DIRECTION('',(0.,0.,1.));
#6472 = DIRECTION('',(1.,0.,-0.));
#6473 = ADVANCED_FACE('',(#6474,#6995,#7006,#7017,#7028,#7039,#7050,
    #7120),#7190,.T.);
#6474 = FACE_BOUND('',#6475,.T.);
#6475 = EDGE_LOOP('',(#6476,#6477,#6478,#6486,#6495,#6503,#6512,#6520,
    #6529,#6537,#6546,#6554,#6563,#6571,#6580,#6588,#6597,#6605,#6614,
    #6622,#6631,#6639,#6648,#6656,#6665,#6673,#6682,#6690,#6699,#6707,
    #6716,#6724,#6733,#6741,#6749,#6758,#6767,#6775,#6784,#6793,#6801,
    #6809,#6818,#6826,#6835,#6843,#6852,#6860,#6869,#6877,#6886,#6894,
    #6903,#6911,#6920,#6928,#6937,#6945,#6954,#6962,#6971,#6979,#6988,
    #6994));
#6476 = ORIENTED_EDGE('',*,*,#5661,.F.);
#6477 = ORIENTED_EDGE('',*,*,#5703,.F.);
#6478 = ORIENTED_EDGE('',*,*,#6479,.F.);
#6479 = EDGE_CURVE('',#6480,#5696,#6482,.T.);
#6480 = VERTEX_POINT('',#6481);
#6481 = CARTESIAN_POINT('',(165.0168,-22.135657,0.91));
#6482 = LINE('',#6483,#6484);
#6483 = CARTESIAN_POINT('',(165.0168,-22.135657,0.91));
#6484 = VECTOR('',#6485,1.);
#6485 = DIRECTION('',(1.,0.,0.));
#6486 = ORIENTED_EDGE('',*,*,#6487,.F.);
#6487 = EDGE_CURVE('',#6488,#6480,#6490,.T.);
#6488 = VERTEX_POINT('',#6489);
#6489 = CARTESIAN_POINT('',(164.235533,-22.763545,0.91));
#6490 = CIRCLE('',#6491,0.799998486289);
#6491 = AXIS2_PLACEMENT_3D('',#6492,#6493,#6494);
#6492 = CARTESIAN_POINT('',(165.01679835733,-22.93565548628,0.91));
#6493 = DIRECTION('',(0.,0.,-1.));
#6494 = DIRECTION('',(-0.976583544503,0.215138514931,0.));
#6495 = ORIENTED_EDGE('',*,*,#6496,.F.);
#6496 = EDGE_CURVE('',#6497,#6488,#6499,.T.);
#6497 = VERTEX_POINT('',#6498);
#6498 = CARTESIAN_POINT('',(163.725794,-40.898423,0.91));
#6499 = LINE('',#6500,#6501);
#6500 = CARTESIAN_POINT('',(163.725794,-40.898423,0.91));
#6501 = VECTOR('',#6502,1.);
#6502 = DIRECTION('',(2.809711507784E-02,0.999605198128,0.));
#6503 = ORIENTED_EDGE('',*,*,#6504,.F.);
#6504 = EDGE_CURVE('',#6505,#6497,#6507,.T.);
#6505 = VERTEX_POINT('',#6506);
#6506 = CARTESIAN_POINT('',(164.125794,-41.298423,0.91));
#6507 = CIRCLE('',#6508,0.399999018331);
#6508 = AXIS2_PLACEMENT_3D('',#6509,#6510,#6511);
#6509 = CARTESIAN_POINT('',(164.12579301833,-40.89842398167,0.91));
#6510 = DIRECTION('',(0.,0.,-1.));
#6511 = DIRECTION('',(2.454181481395E-06,-0.999999999997,0.));
#6512 = ORIENTED_EDGE('',*,*,#6513,.F.);
#6513 = EDGE_CURVE('',#6514,#6505,#6516,.T.);
#6514 = VERTEX_POINT('',#6515);
#6515 = CARTESIAN_POINT('',(165.525794,-41.298423,0.91));
#6516 = LINE('',#6517,#6518);
#6517 = CARTESIAN_POINT('',(165.525794,-41.298423,0.91));
#6518 = VECTOR('',#6519,1.);
#6519 = DIRECTION('',(-1.,0.,0.));
#6520 = ORIENTED_EDGE('',*,*,#6521,.F.);
#6521 = EDGE_CURVE('',#6522,#6514,#6524,.T.);
#6522 = VERTEX_POINT('',#6523);
#6523 = CARTESIAN_POINT('',(165.925794,-41.698423,0.91));
#6524 = CIRCLE('',#6525,0.399999018331);
#6525 = AXIS2_PLACEMENT_3D('',#6526,#6527,#6528);
#6526 = CARTESIAN_POINT('',(165.52579498167,-41.69842201833,0.91));
#6527 = DIRECTION('',(0.,0.,1.));
#6528 = DIRECTION('',(0.999999999997,-2.454181445868E-06,0.));
#6529 = ORIENTED_EDGE('',*,*,#6530,.F.);
#6530 = EDGE_CURVE('',#6531,#6522,#6533,.T.);
#6531 = VERTEX_POINT('',#6532);
#6532 = CARTESIAN_POINT('',(165.925794,-44.898423,0.91));
#6533 = LINE('',#6534,#6535);
#6534 = CARTESIAN_POINT('',(165.925794,-44.898423,0.91));
#6535 = VECTOR('',#6536,1.);
#6536 = DIRECTION('',(0.,1.,0.));
#6537 = ORIENTED_EDGE('',*,*,#6538,.F.);
#6538 = EDGE_CURVE('',#6539,#6531,#6541,.T.);
#6539 = VERTEX_POINT('',#6540);
#6540 = CARTESIAN_POINT('',(165.525794,-45.298423,0.91));
#6541 = CIRCLE('',#6542,0.399999018331);
#6542 = AXIS2_PLACEMENT_3D('',#6543,#6544,#6545);
#6543 = CARTESIAN_POINT('',(165.52579498167,-44.89842398167,0.91));
#6544 = DIRECTION('',(0.,0.,1.));
#6545 = DIRECTION('',(-2.454181481395E-06,-0.999999999997,0.));
#6546 = ORIENTED_EDGE('',*,*,#6547,.F.);
#6547 = EDGE_CURVE('',#6548,#6539,#6550,.T.);
#6548 = VERTEX_POINT('',#6549);
#6549 = CARTESIAN_POINT('',(163.990616,-45.298423,0.91));
#6550 = LINE('',#6551,#6552);
#6551 = CARTESIAN_POINT('',(163.990616,-45.298423,0.91));
#6552 = VECTOR('',#6553,1.);
#6553 = DIRECTION('',(1.,0.,0.));
#6554 = ORIENTED_EDGE('',*,*,#6555,.F.);
#6555 = EDGE_CURVE('',#6556,#6548,#6558,.T.);
#6556 = VERTEX_POINT('',#6557);
#6557 = CARTESIAN_POINT('',(163.590616,-45.698423,0.91));
#6558 = CIRCLE('',#6559,0.399999018331);
#6559 = AXIS2_PLACEMENT_3D('',#6560,#6561,#6562);
#6560 = CARTESIAN_POINT('',(163.99061501833,-45.69842201833,0.91));
#6561 = DIRECTION('',(0.,0.,-1.));
#6562 = DIRECTION('',(-0.999999999997,-2.454181428104E-06,-0.));
#6563 = ORIENTED_EDGE('',*,*,#6564,.F.);
#6564 = EDGE_CURVE('',#6565,#6556,#6567,.T.);
#6565 = VERTEX_POINT('',#6566);
#6566 = CARTESIAN_POINT('',(163.16,-61.198423,0.91));
#6567 = LINE('',#6568,#6569);
#6568 = CARTESIAN_POINT('',(163.16,-61.198423,0.91));
#6569 = VECTOR('',#6570,1.);
#6570 = DIRECTION('',(2.777096237217E-02,0.999614312447,0.));
#6571 = ORIENTED_EDGE('',*,*,#6572,.F.);
#6572 = EDGE_CURVE('',#6573,#6565,#6575,.T.);
#6573 = VERTEX_POINT('',#6574);
#6574 = CARTESIAN_POINT('',(163.56,-61.598423,0.91));
#6575 = CIRCLE('',#6576,0.399999018331);
#6576 = AXIS2_PLACEMENT_3D('',#6577,#6578,#6579);
#6577 = CARTESIAN_POINT('',(163.55999901833,-61.19842398167,0.91));
#6578 = DIRECTION('',(0.,0.,-1.));
#6579 = DIRECTION('',(2.454181410341E-06,-0.999999999997,0.));
#6580 = ORIENTED_EDGE('',*,*,#6581,.F.);
#6581 = EDGE_CURVE('',#6582,#6573,#6584,.T.);
#6582 = VERTEX_POINT('',#6583);
#6583 = CARTESIAN_POINT('',(165.525794,-61.598423,0.91));
#6584 = LINE('',#6585,#6586);
#6585 = CARTESIAN_POINT('',(165.525794,-61.598423,0.91));
#6586 = VECTOR('',#6587,1.);
#6587 = DIRECTION('',(-1.,0.,0.));
#6588 = ORIENTED_EDGE('',*,*,#6589,.F.);
#6589 = EDGE_CURVE('',#6590,#6582,#6592,.T.);
#6590 = VERTEX_POINT('',#6591);
#6591 = CARTESIAN_POINT('',(165.925794,-61.998423,0.91));
#6592 = CIRCLE('',#6593,0.399999018331);
#6593 = AXIS2_PLACEMENT_3D('',#6594,#6595,#6596);
#6594 = CARTESIAN_POINT('',(165.52579498167,-61.99842201833,0.91));
#6595 = DIRECTION('',(0.,0.,1.));
#6596 = DIRECTION('',(0.999999999997,-2.454181428104E-06,0.));
#6597 = ORIENTED_EDGE('',*,*,#6598,.F.);
#6598 = EDGE_CURVE('',#6599,#6590,#6601,.T.);
#6599 = VERTEX_POINT('',#6600);
#6600 = CARTESIAN_POINT('',(165.925794,-65.198423,0.91));
#6601 = LINE('',#6602,#6603);
#6602 = CARTESIAN_POINT('',(165.925794,-65.198423,0.91));
#6603 = VECTOR('',#6604,1.);
#6604 = DIRECTION('',(0.,1.,0.));
#6605 = ORIENTED_EDGE('',*,*,#6606,.F.);
#6606 = EDGE_CURVE('',#6607,#6599,#6609,.T.);
#6607 = VERTEX_POINT('',#6608);
#6608 = CARTESIAN_POINT('',(165.525794,-65.598423,0.91));
#6609 = CIRCLE('',#6610,0.399999018331);
#6610 = AXIS2_PLACEMENT_3D('',#6611,#6612,#6613);
#6611 = CARTESIAN_POINT('',(165.52579498167,-65.19842398167,0.91));
#6612 = DIRECTION('',(0.,0.,1.));
#6613 = DIRECTION('',(-2.454181481395E-06,-0.999999999997,0.));
#6614 = ORIENTED_EDGE('',*,*,#6615,.F.);
#6615 = EDGE_CURVE('',#6616,#6607,#6618,.T.);
#6616 = VERTEX_POINT('',#6617);
#6617 = CARTESIAN_POINT('',(163.425794,-65.598423,0.91));
#6618 = LINE('',#6619,#6620);
#6619 = CARTESIAN_POINT('',(163.425794,-65.598423,0.91));
#6620 = VECTOR('',#6621,1.);
#6621 = DIRECTION('',(1.,0.,0.));
#6622 = ORIENTED_EDGE('',*,*,#6623,.F.);
#6623 = EDGE_CURVE('',#6624,#6616,#6626,.T.);
#6624 = VERTEX_POINT('',#6625);
#6625 = CARTESIAN_POINT('',(163.025794,-65.998423,0.91));
#6626 = CIRCLE('',#6627,0.399999018331);
#6627 = AXIS2_PLACEMENT_3D('',#6628,#6629,#6630);
#6628 = CARTESIAN_POINT('',(163.42579301833,-65.99842201833,0.91));
#6629 = DIRECTION('',(0.,0.,-1.));
#6630 = DIRECTION('',(-0.999999999997,-2.454181303759E-06,-0.));
#6631 = ORIENTED_EDGE('',*,*,#6632,.F.);
#6632 = EDGE_CURVE('',#6633,#6624,#6635,.T.);
#6633 = VERTEX_POINT('',#6634);
#6634 = CARTESIAN_POINT('',(162.852303,-72.252272,0.91));
#6635 = LINE('',#6636,#6637);
#6636 = CARTESIAN_POINT('',(162.852303,-72.252272,0.91));
#6637 = VECTOR('',#6638,1.);
#6638 = DIRECTION('',(2.773080707322E-02,0.999615427221,0.));
#6639 = ORIENTED_EDGE('',*,*,#6640,.F.);
#6640 = EDGE_CURVE('',#6641,#6633,#6643,.T.);
#6641 = VERTEX_POINT('',#6642);
#6642 = CARTESIAN_POINT('',(163.63357,-72.88016,0.91));
#6643 = CIRCLE('',#6644,0.800001241303);
#6644 = AXIS2_PLACEMENT_3D('',#6645,#6646,#6647);
#6645 = CARTESIAN_POINT('',(163.63357057148,-72.08015875869,0.91));
#6646 = DIRECTION('',(0.,0.,-1.));
#6647 = DIRECTION('',(-7.143552523176E-07,-1.,-0.));
#6648 = ORIENTED_EDGE('',*,*,#6649,.F.);
#6649 = EDGE_CURVE('',#6650,#6641,#6652,.T.);
#6650 = VERTEX_POINT('',#6651);
#6651 = CARTESIAN_POINT('',(177.432338,-72.88016,0.91));
#6652 = LINE('',#6653,#6654);
#6653 = CARTESIAN_POINT('',(177.432338,-72.88016,0.91));
#6654 = VECTOR('',#6655,1.);
#6655 = DIRECTION('',(-1.,0.,0.));
#6656 = ORIENTED_EDGE('',*,*,#6657,.F.);
#6657 = EDGE_CURVE('',#6658,#6650,#6660,.T.);
#6658 = VERTEX_POINT('',#6659);
#6659 = CARTESIAN_POINT('',(178.232367,-72.080167,0.91));
#6660 = CIRCLE('',#6661,0.799999744251);
#6661 = AXIS2_PLACEMENT_3D('',#6662,#6663,#6664);
#6662 = CARTESIAN_POINT('',(177.43236725577,-72.08016025628,0.91));
#6663 = DIRECTION('',(0.,0.,-1.));
#6664 = DIRECTION('',(0.999999999964,-8.429647641361E-06,0.));
#6665 = ORIENTED_EDGE('',*,*,#6666,.F.);
#6666 = EDGE_CURVE('',#6667,#6658,#6669,.T.);
#6667 = VERTEX_POINT('',#6668);
#6668 = CARTESIAN_POINT('',(178.232362,-56.572824,0.91));
#6669 = LINE('',#6670,#6671);
#6670 = CARTESIAN_POINT('',(178.232362,-56.572824,0.91));
#6671 = VECTOR('',#6672,1.);
#6672 = DIRECTION('',(3.224278985638E-07,-1.,0.));
#6673 = ORIENTED_EDGE('',*,*,#6674,.F.);
#6674 = EDGE_CURVE('',#6675,#6667,#6677,.T.);
#6675 = VERTEX_POINT('',#6676);
#6676 = CARTESIAN_POINT('',(177.432362,-55.772824,0.91));
#6677 = CIRCLE('',#6678,0.800001450872);
#6678 = AXIS2_PLACEMENT_3D('',#6679,#6680,#6681);
#6679 = CARTESIAN_POINT('',(177.43236054912,-56.57282545087,0.91));
#6680 = DIRECTION('',(0.,0.,-1.));
#6681 = DIRECTION('',(1.813584959368E-06,0.999999999998,0.));
#6682 = ORIENTED_EDGE('',*,*,#6683,.F.);
#6683 = EDGE_CURVE('',#6684,#6675,#6686,.T.);
#6684 = VERTEX_POINT('',#6685);
#6685 = CARTESIAN_POINT('',(176.693795,-55.772824,0.91));
#6686 = LINE('',#6687,#6688);
#6687 = CARTESIAN_POINT('',(176.693795,-55.772824,0.91));
#6688 = VECTOR('',#6689,1.);
#6689 = DIRECTION('',(1.,0.,0.));
#6690 = ORIENTED_EDGE('',*,*,#6691,.F.);
#6691 = EDGE_CURVE('',#6692,#6684,#6694,.T.);
#6692 = VERTEX_POINT('',#6693);
#6693 = CARTESIAN_POINT('',(175.893797,-54.972825,0.91));
#6694 = CIRCLE('',#6695,0.799999743764);
#6695 = AXIS2_PLACEMENT_3D('',#6696,#6697,#6698);
#6696 = CARTESIAN_POINT('',(176.69379674376,-54.97282425623,0.91));
#6697 = DIRECTION('',(0.,0.,1.));
#6698 = DIRECTION('',(-1.,-9.297025862674E-07,0.));
#6699 = ORIENTED_EDGE('',*,*,#6700,.F.);
#6700 = EDGE_CURVE('',#6701,#6692,#6703,.T.);
#6701 = VERTEX_POINT('',#6702);
#6702 = CARTESIAN_POINT('',(175.893797,-50.898422,0.91));
#6703 = LINE('',#6704,#6705);
#6704 = CARTESIAN_POINT('',(175.893797,-50.898422,0.91));
#6705 = VECTOR('',#6706,1.);
#6706 = DIRECTION('',(0.,-1.,0.));
#6707 = ORIENTED_EDGE('',*,*,#6708,.F.);
#6708 = EDGE_CURVE('',#6709,#6701,#6711,.T.);
#6709 = VERTEX_POINT('',#6710);
#6710 = CARTESIAN_POINT('',(176.693796,-50.098424,0.91));
#6711 = CIRCLE('',#6712,0.799999743764);
#6712 = AXIS2_PLACEMENT_3D('',#6713,#6714,#6715);
#6713 = CARTESIAN_POINT('',(176.69379674376,-50.89842374376,0.91));
#6714 = DIRECTION('',(0.,0.,1.));
#6715 = DIRECTION('',(-9.297025862674E-07,1.,0.));
#6716 = ORIENTED_EDGE('',*,*,#6717,.F.);
#6717 = EDGE_CURVE('',#6718,#6709,#6720,.T.);
#6718 = VERTEX_POINT('',#6719);
#6719 = CARTESIAN_POINT('',(177.425795,-50.098424,0.91));
#6720 = LINE('',#6721,#6722);
#6721 = CARTESIAN_POINT('',(177.425795,-50.098424,0.91));
#6722 = VECTOR('',#6723,1.);
#6723 = DIRECTION('',(-1.,0.,0.));
#6724 = ORIENTED_EDGE('',*,*,#6725,.F.);
#6725 = EDGE_CURVE('',#6726,#6718,#6728,.T.);
#6726 = VERTEX_POINT('',#6727);
#6727 = CARTESIAN_POINT('',(178.225795,-49.298424,0.91));
#6728 = CIRCLE('',#6729,0.800001450872);
#6729 = AXIS2_PLACEMENT_3D('',#6730,#6731,#6732);
#6730 = CARTESIAN_POINT('',(177.42579354912,-49.29842254912,0.91));
#6731 = DIRECTION('',(0.,0.,-1.));
#6732 = DIRECTION('',(0.999999999998,-1.813584994895E-06,0.));
#6733 = ORIENTED_EDGE('',*,*,#6734,.F.);
#6734 = EDGE_CURVE('',#6735,#6726,#6737,.T.);
#6735 = VERTEX_POINT('',#6736);
#6736 = CARTESIAN_POINT('',(178.205797,-30.448061,0.91));
#6737 = LINE('',#6738,#6739);
#6738 = CARTESIAN_POINT('',(178.205797,-30.448061,0.91));
#6739 = VECTOR('',#6740,1.);
#6740 = DIRECTION('',(1.060880830064E-03,-0.999999437266,0.));
#6741 = ORIENTED_EDGE('',*,*,#6742,.F.);
#6742 = EDGE_CURVE('',#6743,#6735,#6745,.T.);
#6743 = VERTEX_POINT('',#6744);
#6744 = CARTESIAN_POINT('',(182.51611,-30.448142,0.91));
#6745 = LINE('',#6746,#6747);
#6746 = CARTESIAN_POINT('',(182.51611,-30.448142,0.91));
#6747 = VECTOR('',#6748,1.);
#6748 = DIRECTION('',(-0.999999999823,1.879213875819E-05,0.));
#6749 = ORIENTED_EDGE('',*,*,#6750,.F.);
#6750 = EDGE_CURVE('',#6751,#6743,#6753,.T.);
#6751 = VERTEX_POINT('',#6752);
#6752 = CARTESIAN_POINT('',(183.205794,-29.765666,0.91));
#6753 = CIRCLE('',#6754,0.689723409185);
#6754 = AXIS2_PLACEMENT_3D('',#6755,#6756,#6757);
#6755 = CARTESIAN_POINT('',(182.51610866868,-29.75841859081,0.91));
#6756 = DIRECTION('',(0.,0.,-1.));
#6757 = DIRECTION('',(0.999944792558,-1.050770364874E-02,0.));
#6758 = ORIENTED_EDGE('',*,*,#6759,.F.);
#6759 = EDGE_CURVE('',#6760,#6751,#6762,.T.);
#6760 = VERTEX_POINT('',#6761);
#6761 = CARTESIAN_POINT('',(185.463794,-27.507666,0.91));
#6762 = CIRCLE('',#6763,2.258000382116);
#6763 = AXIS2_PLACEMENT_3D('',#6764,#6765,#6766);
#6764 = CARTESIAN_POINT('',(185.46379438211,-29.76566638211,0.91));
#6765 = DIRECTION('',(0.,0.,1.));
#6766 = DIRECTION('',(-1.692276879376E-07,1.,0.));
#6767 = ORIENTED_EDGE('',*,*,#6768,.F.);
#6768 = EDGE_CURVE('',#6769,#6760,#6771,.T.);
#6769 = VERTEX_POINT('',#6770);
#6770 = CARTESIAN_POINT('',(200.847795,-27.507693,0.91));
#6771 = LINE('',#6772,#6773);
#6772 = CARTESIAN_POINT('',(200.847795,-27.507693,0.91));
#6773 = VECTOR('',#6774,1.);
#6774 = DIRECTION('',(-0.999999999998,1.755070088678E-06,0.));
#6775 = ORIENTED_EDGE('',*,*,#6776,.F.);
#6776 = EDGE_CURVE('',#6777,#6769,#6779,.T.);
#6777 = VERTEX_POINT('',#6778);
#6778 = CARTESIAN_POINT('',(203.105795,-29.765693,0.91));
#6779 = CIRCLE('',#6780,2.258000382116);
#6780 = AXIS2_PLACEMENT_3D('',#6781,#6782,#6783);
#6781 = CARTESIAN_POINT('',(200.84779461788,-29.76569338211,0.91));
#6782 = DIRECTION('',(0.,0.,1.));
#6783 = DIRECTION('',(1.,1.692276989514E-07,-0.));
#6784 = ORIENTED_EDGE('',*,*,#6785,.F.);
#6785 = EDGE_CURVE('',#6786,#6777,#6788,.T.);
#6786 = VERTEX_POINT('',#6787);
#6787 = CARTESIAN_POINT('',(203.795517,-30.448061,0.91));
#6788 = CIRCLE('',#6789,0.689791106999);
#6789 = AXIS2_PLACEMENT_3D('',#6790,#6791,#6792);
#6790 = CARTESIAN_POINT('',(203.79554616439,-29.75826989361,0.91));
#6791 = DIRECTION('',(0.,0.,-1.));
#6792 = DIRECTION('',(-4.228004150886E-05,-0.999999999106,-0.));
#6793 = ORIENTED_EDGE('',*,*,#6794,.F.);
#6794 = EDGE_CURVE('',#6795,#6786,#6797,.T.);
#6795 = VERTEX_POINT('',#6796);
#6796 = CARTESIAN_POINT('',(208.105792,-30.455414,0.91));
#6797 = LINE('',#6798,#6799);
#6798 = CARTESIAN_POINT('',(208.105792,-30.455414,0.91));
#6799 = VECTOR('',#6800,1.);
#6800 = DIRECTION('',(-0.999998544915,1.7059211537E-03,0.));
#6801 = ORIENTED_EDGE('',*,*,#6802,.F.);
#6802 = EDGE_CURVE('',#6803,#6795,#6805,.T.);
#6803 = VERTEX_POINT('',#6804);
#6804 = CARTESIAN_POINT('',(208.105797,-49.298458,0.91));
#6805 = LINE('',#6806,#6807);
#6806 = CARTESIAN_POINT('',(208.105797,-49.298458,0.91));
#6807 = VECTOR('',#6808,1.);
#6808 = DIRECTION('',(-2.653499077631E-07,1.,0.));
#6809 = ORIENTED_EDGE('',*,*,#6810,.F.);
#6810 = EDGE_CURVE('',#6811,#6803,#6813,.T.);
#6811 = VERTEX_POINT('',#6812);
#6812 = CARTESIAN_POINT('',(208.905797,-50.098458,0.91));
#6813 = CIRCLE('',#6814,0.800001450872);
#6814 = AXIS2_PLACEMENT_3D('',#6815,#6816,#6817);
#6815 = CARTESIAN_POINT('',(208.90579845087,-49.29845654912,0.91));
#6816 = DIRECTION('',(0.,0.,-1.));
#6817 = DIRECTION('',(-1.813584994895E-06,-0.999999999998,-0.));
#6818 = ORIENTED_EDGE('',*,*,#6819,.F.);
#6819 = EDGE_CURVE('',#6820,#6811,#6822,.T.);
#6820 = VERTEX_POINT('',#6821);
#6821 = CARTESIAN_POINT('',(209.630641,-50.098423,0.91));
#6822 = LINE('',#6823,#6824);
#6823 = CARTESIAN_POINT('',(209.630641,-50.098423,0.91));
#6824 = VECTOR('',#6825,1.);
#6825 = DIRECTION('',(-0.999999998834,-4.828625188758E-05,0.));
#6826 = ORIENTED_EDGE('',*,*,#6827,.F.);
#6827 = EDGE_CURVE('',#6828,#6820,#6830,.T.);
#6828 = VERTEX_POINT('',#6829);
#6829 = CARTESIAN_POINT('',(210.430639,-50.898422,0.91));
#6830 = CIRCLE('',#6831,0.799999743764);
#6831 = AXIS2_PLACEMENT_3D('',#6832,#6833,#6834);
#6832 = CARTESIAN_POINT('',(209.63063925623,-50.89842274376,0.91));
#6833 = DIRECTION('',(0.,0.,1.));
#6834 = DIRECTION('',(1.,9.297026484398E-07,-0.));
#6835 = ORIENTED_EDGE('',*,*,#6836,.F.);
#6836 = EDGE_CURVE('',#6837,#6828,#6839,.T.);
#6837 = VERTEX_POINT('',#6838);
#6838 = CARTESIAN_POINT('',(210.430639,-54.972791,0.91));
#6839 = LINE('',#6840,#6841);
#6840 = CARTESIAN_POINT('',(210.430639,-54.972791,0.91));
#6841 = VECTOR('',#6842,1.);
#6842 = DIRECTION('',(0.,1.,0.));
#6843 = ORIENTED_EDGE('',*,*,#6844,.F.);
#6844 = EDGE_CURVE('',#6845,#6837,#6847,.T.);
#6845 = VERTEX_POINT('',#6846);
#6846 = CARTESIAN_POINT('',(209.630641,-55.77279,0.91));
#6847 = CIRCLE('',#6848,0.799999743764);
#6848 = AXIS2_PLACEMENT_3D('',#6849,#6850,#6851);
#6849 = CARTESIAN_POINT('',(209.63063925623,-54.97279025623,0.91));
#6850 = DIRECTION('',(0.,0.,1.));
#6851 = DIRECTION('',(2.179704973001E-06,-0.999999999998,0.));
#6852 = ORIENTED_EDGE('',*,*,#6853,.F.);
#6853 = EDGE_CURVE('',#6854,#6845,#6856,.T.);
#6854 = VERTEX_POINT('',#6855);
#6855 = CARTESIAN_POINT('',(208.905841,-55.772825,0.91));
#6856 = LINE('',#6857,#6858);
#6857 = CARTESIAN_POINT('',(208.905841,-55.772825,0.91));
#6858 = VECTOR('',#6859,1.);
#6859 = DIRECTION('',(0.999999998834,4.828918316238E-05,0.));
#6860 = ORIENTED_EDGE('',*,*,#6861,.F.);
#6861 = EDGE_CURVE('',#6862,#6854,#6864,.T.);
#6862 = VERTEX_POINT('',#6863);
#6863 = CARTESIAN_POINT('',(208.105841,-56.572825,0.91));
#6864 = CIRCLE('',#6865,0.800001450872);
#6865 = AXIS2_PLACEMENT_3D('',#6866,#6867,#6868);
#6866 = CARTESIAN_POINT('',(208.90584245087,-56.57282645087,0.91));
#6867 = DIRECTION('',(0.,0.,-1.));
#6868 = DIRECTION('',(-0.999999999998,1.813584994895E-06,0.));
#6869 = ORIENTED_EDGE('',*,*,#6870,.F.);
#6870 = EDGE_CURVE('',#6871,#6862,#6873,.T.);
#6871 = VERTEX_POINT('',#6872);
#6872 = CARTESIAN_POINT('',(208.105841,-72.080168,0.91));
#6873 = LINE('',#6874,#6875);
#6874 = CARTESIAN_POINT('',(208.105841,-72.080168,0.91));
#6875 = VECTOR('',#6876,1.);
#6876 = DIRECTION('',(0.,1.,0.));
#6877 = ORIENTED_EDGE('',*,*,#6878,.F.);
#6878 = EDGE_CURVE('',#6879,#6871,#6881,.T.);
#6879 = VERTEX_POINT('',#6880);
#6880 = CARTESIAN_POINT('',(208.90587,-72.880161,0.91));
#6881 = CIRCLE('',#6882,0.799999744251);
#6882 = AXIS2_PLACEMENT_3D('',#6883,#6884,#6885);
#6883 = CARTESIAN_POINT('',(208.90584074422,-72.08016125628,0.91));
#6884 = DIRECTION('',(0.,0.,-1.));
#6885 = DIRECTION('',(3.656973359043E-05,-0.999999999331,0.));
#6886 = ORIENTED_EDGE('',*,*,#6887,.F.);
#6887 = EDGE_CURVE('',#6888,#6879,#6890,.T.);
#6888 = VERTEX_POINT('',#6889);
#6889 = CARTESIAN_POINT('',(222.704638,-72.880161,0.91));
#6890 = LINE('',#6891,#6892);
#6891 = CARTESIAN_POINT('',(222.704638,-72.880161,0.91));
#6892 = VECTOR('',#6893,1.);
#6893 = DIRECTION('',(-1.,0.,0.));
#6894 = ORIENTED_EDGE('',*,*,#6895,.F.);
#6895 = EDGE_CURVE('',#6896,#6888,#6898,.T.);
#6896 = VERTEX_POINT('',#6897);
#6897 = CARTESIAN_POINT('',(223.485905,-72.252273,0.91));
#6898 = CIRCLE('',#6899,0.800001241303);
#6899 = AXIS2_PLACEMENT_3D('',#6900,#6901,#6902);
#6900 = CARTESIAN_POINT('',(222.70463742851,-72.08015975869,0.91));
#6901 = DIRECTION('',(0.,0.,-1.));
#6902 = DIRECTION('',(0.976582949063,-0.215141217809,0.));
#6903 = ORIENTED_EDGE('',*,*,#6904,.F.);
#6904 = EDGE_CURVE('',#6905,#6896,#6907,.T.);
#6905 = VERTEX_POINT('',#6906);
#6906 = CARTESIAN_POINT('',(222.744271,-45.701363,0.91));
#6907 = LINE('',#6908,#6909);
#6908 = CARTESIAN_POINT('',(222.744271,-45.701363,0.91));
#6909 = VECTOR('',#6910,1.);
#6910 = DIRECTION('',(2.792163613644E-02,-0.999610115113,0.));
#6911 = ORIENTED_EDGE('',*,*,#6912,.F.);
#6912 = EDGE_CURVE('',#6913,#6905,#6915,.T.);
#6913 = VERTEX_POINT('',#6914);
#6914 = CARTESIAN_POINT('',(222.344271,-45.301363,0.91));
#6915 = CIRCLE('',#6916,0.399999018331);
#6916 = AXIS2_PLACEMENT_3D('',#6917,#6918,#6919);
#6917 = CARTESIAN_POINT('',(222.34427198167,-45.70136201833,0.91));
#6918 = DIRECTION('',(0.,0.,-1.));
#6919 = DIRECTION('',(-2.454181410341E-06,0.999999999997,0.));
#6920 = ORIENTED_EDGE('',*,*,#6921,.F.);
#6921 = EDGE_CURVE('',#6922,#6913,#6924,.T.);
#6922 = VERTEX_POINT('',#6923);
#6923 = CARTESIAN_POINT('',(220.809093,-45.301363,0.91));
#6924 = LINE('',#6925,#6926);
#6925 = CARTESIAN_POINT('',(220.809093,-45.301363,0.91));
#6926 = VECTOR('',#6927,1.);
#6927 = DIRECTION('',(1.,0.,0.));
#6928 = ORIENTED_EDGE('',*,*,#6929,.F.);
#6929 = EDGE_CURVE('',#6930,#6922,#6932,.T.);
#6930 = VERTEX_POINT('',#6931);
#6931 = CARTESIAN_POINT('',(220.409093,-44.901363,0.91));
#6932 = CIRCLE('',#6933,0.399997311249);
#6933 = AXIS2_PLACEMENT_3D('',#6934,#6935,#6936);
#6934 = CARTESIAN_POINT('',(220.80909031124,-44.90136568876,0.91));
#6935 = DIRECTION('',(0.,0.,1.));
#6936 = DIRECTION('',(-0.999999999977,6.721944026064E-06,0.));
#6937 = ORIENTED_EDGE('',*,*,#6938,.F.);
#6938 = EDGE_CURVE('',#6939,#6930,#6941,.T.);
#6939 = VERTEX_POINT('',#6940);
#6940 = CARTESIAN_POINT('',(220.409093,-41.701363,0.91));
#6941 = LINE('',#6942,#6943);
#6942 = CARTESIAN_POINT('',(220.409093,-41.701363,0.91));
#6943 = VECTOR('',#6944,1.);
#6944 = DIRECTION('',(0.,-1.,0.));
#6945 = ORIENTED_EDGE('',*,*,#6946,.F.);
#6946 = EDGE_CURVE('',#6947,#6939,#6949,.T.);
#6947 = VERTEX_POINT('',#6948);
#6948 = CARTESIAN_POINT('',(220.809093,-41.301363,0.91));
#6949 = CIRCLE('',#6950,0.400000725434);
#6950 = AXIS2_PLACEMENT_3D('',#6951,#6952,#6953);
#6951 = CARTESIAN_POINT('',(220.80909372543,-41.70136372543,0.91));
#6952 = DIRECTION('',(0.,0.,1.));
#6953 = DIRECTION('',(-1.813581157978E-06,0.999999999998,0.));
#6954 = ORIENTED_EDGE('',*,*,#6955,.F.);
#6955 = EDGE_CURVE('',#6956,#6947,#6958,.T.);
#6956 = VERTEX_POINT('',#6957);
#6957 = CARTESIAN_POINT('',(222.238681,-41.298423,0.91));
#6958 = LINE('',#6959,#6960);
#6959 = CARTESIAN_POINT('',(222.238681,-41.298423,0.91));
#6960 = VECTOR('',#6961,1.);
#6961 = DIRECTION('',(-0.999997885335,-2.056532219694E-03,0.));
#6962 = ORIENTED_EDGE('',*,*,#6963,.F.);
#6963 = EDGE_CURVE('',#6964,#6956,#6966,.T.);
#6964 = VERTEX_POINT('',#6965);
#6965 = CARTESIAN_POINT('',(222.638681,-40.898423,0.91));
#6966 = CIRCLE('',#6967,0.399999018331);
#6967 = AXIS2_PLACEMENT_3D('',#6968,#6969,#6970);
#6968 = CARTESIAN_POINT('',(222.23868198167,-40.89842398167,0.91));
#6969 = DIRECTION('',(0.,0.,-1.));
#6970 = DIRECTION('',(0.999999999997,2.454181428104E-06,0.));
#6971 = ORIENTED_EDGE('',*,*,#6972,.F.);
#6972 = EDGE_CURVE('',#6973,#6964,#6975,.T.);
#6973 = VERTEX_POINT('',#6974);
#6974 = CARTESIAN_POINT('',(222.128942,-22.763545,0.91));
#6975 = LINE('',#6976,#6977);
#6976 = CARTESIAN_POINT('',(222.128942,-22.763545,0.91));
#6977 = VECTOR('',#6978,1.);
#6978 = DIRECTION('',(2.809711507784E-02,-0.999605198128,0.));
#6979 = ORIENTED_EDGE('',*,*,#6980,.F.);
#6980 = EDGE_CURVE('',#6981,#6973,#6983,.T.);
#6981 = VERTEX_POINT('',#6982);
#6982 = CARTESIAN_POINT('',(221.347675,-22.135657,0.91));
#6983 = CIRCLE('',#6984,0.799998486289);
#6984 = AXIS2_PLACEMENT_3D('',#6985,#6986,#6987);
#6985 = CARTESIAN_POINT('',(221.34767664266,-22.93565548628,0.91));
#6986 = DIRECTION('',(0.,0.,-1.));
#6987 = DIRECTION('',(-2.053333018581E-06,0.999999999998,0.));
#6988 = ORIENTED_EDGE('',*,*,#6989,.F.);
#6989 = EDGE_CURVE('',#5726,#6981,#6990,.T.);
#6990 = LINE('',#6991,#6992);
#6991 = CARTESIAN_POINT('',(215.218861,-22.135657,0.91));
#6992 = VECTOR('',#6993,1.);
#6993 = DIRECTION('',(1.,0.,0.));
#6994 = ORIENTED_EDGE('',*,*,#5725,.F.);
#6995 = FACE_BOUND('',#6996,.T.);
#6996 = EDGE_LOOP('',(#6997));
#6997 = ORIENTED_EDGE('',*,*,#6998,.T.);
#6998 = EDGE_CURVE('',#6999,#6999,#7001,.T.);
#6999 = VERTEX_POINT('',#7000);
#7000 = CARTESIAN_POINT('',(176.435797,-58.112713,0.91));
#7001 = CIRCLE('',#7002,0.25);
#7002 = AXIS2_PLACEMENT_3D('',#7003,#7004,#7005);
#7003 = CARTESIAN_POINT('',(176.435797,-57.862713,0.91));
#7004 = DIRECTION('',(-0.,0.,-1.));
#7005 = DIRECTION('',(-0.,-1.,0.));
#7006 = FACE_BOUND('',#7007,.T.);
#7007 = EDGE_LOOP('',(#7008));
#7008 = ORIENTED_EDGE('',*,*,#7009,.F.);
#7009 = EDGE_CURVE('',#7010,#7010,#7012,.T.);
#7010 = VERTEX_POINT('',#7011);
#7011 = CARTESIAN_POINT('',(174.105797,-52.932713,0.91));
#7012 = CIRCLE('',#7013,3.);
#7013 = AXIS2_PLACEMENT_3D('',#7014,#7015,#7016);
#7014 = CARTESIAN_POINT('',(171.105797,-52.932713,0.91));
#7015 = DIRECTION('',(0.,0.,1.));
#7016 = DIRECTION('',(1.,0.,-0.));
#7017 = FACE_BOUND('',#7018,.T.);
#7018 = EDGE_LOOP('',(#7019));
#7019 = ORIENTED_EDGE('',*,*,#7020,.T.);
#7020 = EDGE_CURVE('',#7021,#7021,#7023,.T.);
#7021 = VERTEX_POINT('',#7022);
#7022 = CARTESIAN_POINT('',(174.705797,-49.582713,0.91));
#7023 = CIRCLE('',#7024,0.25);
#7024 = AXIS2_PLACEMENT_3D('',#7025,#7026,#7027);
#7025 = CARTESIAN_POINT('',(174.705797,-49.332713,0.91));
#7026 = DIRECTION('',(-0.,0.,-1.));
#7027 = DIRECTION('',(-0.,-1.,0.));
#7028 = FACE_BOUND('',#7029,.T.);
#7029 = EDGE_LOOP('',(#7030));
#7030 = ORIENTED_EDGE('',*,*,#7031,.F.);
#7031 = EDGE_CURVE('',#7032,#7032,#7034,.T.);
#7032 = VERTEX_POINT('',#7033);
#7033 = CARTESIAN_POINT('',(218.218861,-52.935607,0.91));
#7034 = CIRCLE('',#7035,3.);
#7035 = AXIS2_PLACEMENT_3D('',#7036,#7037,#7038);
#7036 = CARTESIAN_POINT('',(215.218861,-52.935607,0.91));
#7037 = DIRECTION('',(0.,0.,1.));
#7038 = DIRECTION('',(1.,0.,-0.));
#7039 = FACE_BOUND('',#7040,.T.);
#7040 = EDGE_LOOP('',(#7041));
#7041 = ORIENTED_EDGE('',*,*,#7042,.T.);
#7042 = EDGE_CURVE('',#7043,#7043,#7045,.T.);
#7043 = VERTEX_POINT('',#7044);
#7044 = CARTESIAN_POINT('',(211.618861,-49.585607,0.91));
#7045 = CIRCLE('',#7046,0.25);
#7046 = AXIS2_PLACEMENT_3D('',#7047,#7048,#7049);
#7047 = CARTESIAN_POINT('',(211.618861,-49.335607,0.91));
#7048 = DIRECTION('',(-0.,0.,-1.));
#7049 = DIRECTION('',(-0.,-1.,0.));
#7050 = FACE_BOUND('',#7051,.T.);
#7051 = EDGE_LOOP('',(#7052,#7063,#7071,#7080,#7088,#7097,#7105,#7114));
#7052 = ORIENTED_EDGE('',*,*,#7053,.F.);
#7053 = EDGE_CURVE('',#7054,#7056,#7058,.T.);
#7054 = VERTEX_POINT('',#7055);
#7055 = CARTESIAN_POINT('',(169.625794,-29.898423,0.91));
#7056 = VERTEX_POINT('',#7057);
#7057 = CARTESIAN_POINT('',(169.225794,-30.298423,0.91));
#7058 = CIRCLE('',#7059,0.399999018331);
#7059 = AXIS2_PLACEMENT_3D('',#7060,#7061,#7062);
#7060 = CARTESIAN_POINT('',(169.62579301833,-30.29842201833,0.91));
#7061 = DIRECTION('',(0.,0.,1.));
#7062 = DIRECTION('',(2.454181481395E-06,0.999999999997,-0.));
#7063 = ORIENTED_EDGE('',*,*,#7064,.F.);
#7064 = EDGE_CURVE('',#7065,#7054,#7067,.T.);
#7065 = VERTEX_POINT('',#7066);
#7066 = CARTESIAN_POINT('',(172.825794,-29.898423,0.91));
#7067 = LINE('',#7068,#7069);
#7068 = CARTESIAN_POINT('',(172.825794,-29.898423,0.91));
#7069 = VECTOR('',#7070,1.);
#7070 = DIRECTION('',(-1.,0.,0.));
#7071 = ORIENTED_EDGE('',*,*,#7072,.F.);
#7072 = EDGE_CURVE('',#7073,#7065,#7075,.T.);
#7073 = VERTEX_POINT('',#7074);
#7074 = CARTESIAN_POINT('',(173.225794,-30.298423,0.91));
#7075 = CIRCLE('',#7076,0.399999018331);
#7076 = AXIS2_PLACEMENT_3D('',#7077,#7078,#7079);
#7077 = CARTESIAN_POINT('',(172.82579498167,-30.29842201833,0.91));
#7078 = DIRECTION('',(0.,0.,1.));
#7079 = DIRECTION('',(0.999999999997,-2.454181321522E-06,0.));
#7080 = ORIENTED_EDGE('',*,*,#7081,.F.);
#7081 = EDGE_CURVE('',#7082,#7073,#7084,.T.);
#7082 = VERTEX_POINT('',#7083);
#7083 = CARTESIAN_POINT('',(173.225794,-32.298423,0.91));
#7084 = LINE('',#7085,#7086);
#7085 = CARTESIAN_POINT('',(173.225794,-32.298423,0.91));
#7086 = VECTOR('',#7087,1.);
#7087 = DIRECTION('',(0.,1.,0.));
#7088 = ORIENTED_EDGE('',*,*,#7089,.F.);
#7089 = EDGE_CURVE('',#7090,#7082,#7092,.T.);
#7090 = VERTEX_POINT('',#7091);
#7091 = CARTESIAN_POINT('',(172.825794,-32.698423,0.91));
#7092 = CIRCLE('',#7093,0.399999018331);
#7093 = AXIS2_PLACEMENT_3D('',#7094,#7095,#7096);
#7094 = CARTESIAN_POINT('',(172.82579498167,-32.29842398167,0.91));
#7095 = DIRECTION('',(0.,0.,1.));
#7096 = DIRECTION('',(-2.454181339286E-06,-0.999999999997,0.));
#7097 = ORIENTED_EDGE('',*,*,#7098,.F.);
#7098 = EDGE_CURVE('',#7099,#7090,#7101,.T.);
#7099 = VERTEX_POINT('',#7100);
#7100 = CARTESIAN_POINT('',(169.625794,-32.698423,0.91));
#7101 = LINE('',#7102,#7103);
#7102 = CARTESIAN_POINT('',(169.625794,-32.698423,0.91));
#7103 = VECTOR('',#7104,1.);
#7104 = DIRECTION('',(1.,0.,0.));
#7105 = ORIENTED_EDGE('',*,*,#7106,.F.);
#7106 = EDGE_CURVE('',#7107,#7099,#7109,.T.);
#7107 = VERTEX_POINT('',#7108);
#7108 = CARTESIAN_POINT('',(169.225794,-32.298423,0.91));
#7109 = CIRCLE('',#7110,0.399999018331);
#7110 = AXIS2_PLACEMENT_3D('',#7111,#7112,#7113);
#7111 = CARTESIAN_POINT('',(169.62579301833,-32.29842398167,0.91));
#7112 = DIRECTION('',(0.,0.,1.));
#7113 = DIRECTION('',(-0.999999999997,2.454181445868E-06,0.));
#7114 = ORIENTED_EDGE('',*,*,#7115,.F.);
#7115 = EDGE_CURVE('',#7056,#7107,#7116,.T.);
#7116 = LINE('',#7117,#7118);
#7117 = CARTESIAN_POINT('',(169.225794,-30.298423,0.91));
#7118 = VECTOR('',#7119,1.);
#7119 = DIRECTION('',(0.,-1.,0.));
#7120 = FACE_BOUND('',#7121,.T.);
#7121 = EDGE_LOOP('',(#7122,#7133,#7141,#7150,#7158,#7167,#7175,#7184));
#7122 = ORIENTED_EDGE('',*,*,#7123,.F.);
#7123 = EDGE_CURVE('',#7124,#7126,#7128,.T.);
#7124 = VERTEX_POINT('',#7125);
#7125 = CARTESIAN_POINT('',(213.605797,-29.898458,0.91));
#7126 = VERTEX_POINT('',#7127);
#7127 = CARTESIAN_POINT('',(213.205797,-30.298458,0.91));
#7128 = CIRCLE('',#7129,0.400069029852);
#7129 = AXIS2_PLACEMENT_3D('',#7130,#7131,#7132);
#7130 = CARTESIAN_POINT('',(213.60586602389,-30.29852702389,0.91));
#7131 = DIRECTION('',(0.,0.,1.));
#7132 = DIRECTION('',(-1.725299694785E-04,0.999999985117,0.));
#7133 = ORIENTED_EDGE('',*,*,#7134,.F.);
#7134 = EDGE_CURVE('',#7135,#7124,#7137,.T.);
#7135 = VERTEX_POINT('',#7136);
#7136 = CARTESIAN_POINT('',(216.805797,-29.898458,0.91));
#7137 = LINE('',#7138,#7139);
#7138 = CARTESIAN_POINT('',(216.805797,-29.898458,0.91));
#7139 = VECTOR('',#7140,1.);
#7140 = DIRECTION('',(-1.,0.,0.));
#7141 = ORIENTED_EDGE('',*,*,#7142,.F.);
#7142 = EDGE_CURVE('',#7143,#7135,#7145,.T.);
#7143 = VERTEX_POINT('',#7144);
#7144 = CARTESIAN_POINT('',(217.205797,-30.298458,0.91));
#7145 = CIRCLE('',#7146,0.399966587808);
#7146 = AXIS2_PLACEMENT_3D('',#7147,#7148,#7149);
#7147 = CARTESIAN_POINT('',(216.80583041358,-30.29842458641,0.91));
#7148 = DIRECTION('',(0.,0.,1.));
#7149 = DIRECTION('',(0.99999999651,-8.354094669547E-05,0.));
#7150 = ORIENTED_EDGE('',*,*,#7151,.F.);
#7151 = EDGE_CURVE('',#7152,#7143,#7154,.T.);
#7152 = VERTEX_POINT('',#7153);
#7153 = CARTESIAN_POINT('',(217.205797,-32.298458,0.91));
#7154 = LINE('',#7155,#7156);
#7155 = CARTESIAN_POINT('',(217.205797,-32.298458,0.91));
#7156 = VECTOR('',#7157,1.);
#7157 = DIRECTION('',(0.,1.,0.));
#7158 = ORIENTED_EDGE('',*,*,#7159,.F.);
#7159 = EDGE_CURVE('',#7160,#7152,#7162,.T.);
#7160 = VERTEX_POINT('',#7161);
#7161 = CARTESIAN_POINT('',(216.805797,-32.698458,0.91));
#7162 = CIRCLE('',#7163,0.399930754309);
#7163 = AXIS2_PLACEMENT_3D('',#7164,#7165,#7166);
#7164 = CARTESIAN_POINT('',(216.80586625168,-32.29852725168,0.91));
#7165 = DIRECTION('',(0.,0.,1.));
#7166 = DIRECTION('',(-1.731591925985E-04,-0.999999985008,0.));
#7167 = ORIENTED_EDGE('',*,*,#7168,.F.);
#7168 = EDGE_CURVE('',#7169,#7160,#7171,.T.);
#7169 = VERTEX_POINT('',#7170);
#7170 = CARTESIAN_POINT('',(213.605797,-32.698458,0.91));
#7171 = LINE('',#7172,#7173);
#7172 = CARTESIAN_POINT('',(213.605797,-32.698458,0.91));
#7173 = VECTOR('',#7174,1.);
#7174 = DIRECTION('',(1.,0.,0.));
#7175 = ORIENTED_EDGE('',*,*,#7176,.F.);
#7176 = EDGE_CURVE('',#7177,#7169,#7179,.T.);
#7177 = VERTEX_POINT('',#7178);
#7178 = CARTESIAN_POINT('',(213.205797,-32.298458,0.91));
#7179 = CIRCLE('',#7180,0.400034872503);
#7180 = AXIS2_PLACEMENT_3D('',#7181,#7182,#7183);
#7181 = CARTESIAN_POINT('',(213.60583187098,-32.29842312901,0.91));
#7182 = DIRECTION('',(0.,0.,1.));
#7183 = DIRECTION('',(-0.999999996201,-8.716985946911E-05,0.));
#7184 = ORIENTED_EDGE('',*,*,#7185,.F.);
#7185 = EDGE_CURVE('',#7126,#7177,#7186,.T.);
#7186 = LINE('',#7187,#7188);
#7187 = CARTESIAN_POINT('',(213.205797,-30.298458,0.91));
#7188 = VECTOR('',#7189,1.);
#7189 = DIRECTION('',(0.,-1.,0.));
#7190 = PLANE('',#7191);
#7191 = AXIS2_PLACEMENT_3D('',#7192,#7193,#7194);
#7192 = CARTESIAN_POINT('',(0.,0.,0.91));
#7193 = DIRECTION('',(0.,0.,1.));
#7194 = DIRECTION('',(1.,0.,-0.));
#7195 = ADVANCED_FACE('',(#7196),#7207,.T.);
#7196 = FACE_BOUND('',#7197,.T.);
#7197 = EDGE_LOOP('',(#7198,#7204,#7205,#7206));
#7198 = ORIENTED_EDGE('',*,*,#7199,.T.);
#7199 = EDGE_CURVE('',#5758,#6480,#7200,.T.);
#7200 = LINE('',#7201,#7202);
#7201 = CARTESIAN_POINT('',(165.0168,-22.135657,0.));
#7202 = VECTOR('',#7203,1.);
#7203 = DIRECTION('',(0.,0.,1.));
#7204 = ORIENTED_EDGE('',*,*,#6479,.T.);
#7205 = ORIENTED_EDGE('',*,*,#5693,.F.);
#7206 = ORIENTED_EDGE('',*,*,#5757,.F.);
#7207 = PLANE('',#7208);
#7208 = AXIS2_PLACEMENT_3D('',#7209,#7210,#7211);
#7209 = CARTESIAN_POINT('',(165.0168,-22.135657,0.));
#7210 = DIRECTION('',(0.,1.,0.));
#7211 = DIRECTION('',(1.,0.,0.));
#7212 = ADVANCED_FACE('',(#7213),#7224,.T.);
#7213 = FACE_BOUND('',#7214,.T.);
#7214 = EDGE_LOOP('',(#7215,#7216,#7217,#7223));
#7215 = ORIENTED_EDGE('',*,*,#5733,.T.);
#7216 = ORIENTED_EDGE('',*,*,#6989,.T.);
#7217 = ORIENTED_EDGE('',*,*,#7218,.F.);
#7218 = EDGE_CURVE('',#6259,#6981,#7219,.T.);
#7219 = LINE('',#7220,#7221);
#7220 = CARTESIAN_POINT('',(221.347675,-22.135657,0.));
#7221 = VECTOR('',#7222,1.);
#7222 = DIRECTION('',(0.,0.,1.));
#7223 = ORIENTED_EDGE('',*,*,#6267,.F.);
#7224 = PLANE('',#7225);
#7225 = AXIS2_PLACEMENT_3D('',#7226,#7227,#7228);
#7226 = CARTESIAN_POINT('',(215.218861,-22.135657,0.));
#7227 = DIRECTION('',(0.,1.,0.));
#7228 = DIRECTION('',(1.,0.,0.));
#7229 = ADVANCED_FACE('',(#7230),#7241,.T.);
#7230 = FACE_BOUND('',#7231,.T.);
#7231 = EDGE_LOOP('',(#7232,#7238,#7239,#7240));
#7232 = ORIENTED_EDGE('',*,*,#7233,.T.);
#7233 = EDGE_CURVE('',#5766,#6488,#7234,.T.);
#7234 = LINE('',#7235,#7236);
#7235 = CARTESIAN_POINT('',(164.235533,-22.763545,0.));
#7236 = VECTOR('',#7237,1.);
#7237 = DIRECTION('',(0.,0.,1.));
#7238 = ORIENTED_EDGE('',*,*,#6487,.T.);
#7239 = ORIENTED_EDGE('',*,*,#7199,.F.);
#7240 = ORIENTED_EDGE('',*,*,#5765,.F.);
#7241 = CYLINDRICAL_SURFACE('',#7242,0.799998486289);
#7242 = AXIS2_PLACEMENT_3D('',#7243,#7244,#7245);
#7243 = CARTESIAN_POINT('',(165.01679835733,-22.93565548628,0.));
#7244 = DIRECTION('',(0.,0.,-1.));
#7245 = DIRECTION('',(-0.976583544503,0.215138514931,0.));
#7246 = ADVANCED_FACE('',(#7247),#7258,.T.);
#7247 = FACE_BOUND('',#7248,.T.);
#7248 = EDGE_LOOP('',(#7249,#7250,#7251,#7257));
#7249 = ORIENTED_EDGE('',*,*,#7218,.T.);
#7250 = ORIENTED_EDGE('',*,*,#6980,.T.);
#7251 = ORIENTED_EDGE('',*,*,#7252,.F.);
#7252 = EDGE_CURVE('',#6251,#6973,#7253,.T.);
#7253 = LINE('',#7254,#7255);
#7254 = CARTESIAN_POINT('',(222.128942,-22.763545,0.));
#7255 = VECTOR('',#7256,1.);
#7256 = DIRECTION('',(0.,0.,1.));
#7257 = ORIENTED_EDGE('',*,*,#6258,.F.);
#7258 = CYLINDRICAL_SURFACE('',#7259,0.799998486289);
#7259 = AXIS2_PLACEMENT_3D('',#7260,#7261,#7262);
#7260 = CARTESIAN_POINT('',(221.34767664266,-22.93565548628,0.));
#7261 = DIRECTION('',(0.,0.,-1.));
#7262 = DIRECTION('',(-2.053333018581E-06,0.999999999998,0.));
#7263 = ADVANCED_FACE('',(#7264),#7275,.T.);
#7264 = FACE_BOUND('',#7265,.T.);
#7265 = EDGE_LOOP('',(#7266,#7272,#7273,#7274));
#7266 = ORIENTED_EDGE('',*,*,#7267,.T.);
#7267 = EDGE_CURVE('',#5775,#6497,#7268,.T.);
#7268 = LINE('',#7269,#7270);
#7269 = CARTESIAN_POINT('',(163.725794,-40.898423,0.));
#7270 = VECTOR('',#7271,1.);
#7271 = DIRECTION('',(0.,0.,1.));
#7272 = ORIENTED_EDGE('',*,*,#6496,.T.);
#7273 = ORIENTED_EDGE('',*,*,#7233,.F.);
#7274 = ORIENTED_EDGE('',*,*,#5774,.F.);
#7275 = PLANE('',#7276);
#7276 = AXIS2_PLACEMENT_3D('',#7277,#7278,#7279);
#7277 = CARTESIAN_POINT('',(163.725794,-40.898423,0.));
#7278 = DIRECTION('',(-0.999605198128,2.809711507784E-02,0.));
#7279 = DIRECTION('',(2.809711507784E-02,0.999605198128,0.));
#7280 = ADVANCED_FACE('',(#7281),#7292,.T.);
#7281 = FACE_BOUND('',#7282,.T.);
#7282 = EDGE_LOOP('',(#7283,#7284,#7285,#7291));
#7283 = ORIENTED_EDGE('',*,*,#7252,.T.);
#7284 = ORIENTED_EDGE('',*,*,#6972,.T.);
#7285 = ORIENTED_EDGE('',*,*,#7286,.F.);
#7286 = EDGE_CURVE('',#6242,#6964,#7287,.T.);
#7287 = LINE('',#7288,#7289);
#7288 = CARTESIAN_POINT('',(222.638681,-40.898423,0.));
#7289 = VECTOR('',#7290,1.);
#7290 = DIRECTION('',(0.,0.,1.));
#7291 = ORIENTED_EDGE('',*,*,#6250,.F.);
#7292 = PLANE('',#7293);
#7293 = AXIS2_PLACEMENT_3D('',#7294,#7295,#7296);
#7294 = CARTESIAN_POINT('',(222.128942,-22.763545,0.));
#7295 = DIRECTION('',(0.999605198128,2.809711507784E-02,-0.));
#7296 = DIRECTION('',(2.809711507784E-02,-0.999605198128,0.));
#7297 = ADVANCED_FACE('',(#7298),#7309,.T.);
#7298 = FACE_BOUND('',#7299,.T.);
#7299 = EDGE_LOOP('',(#7300,#7306,#7307,#7308));
#7300 = ORIENTED_EDGE('',*,*,#7301,.T.);
#7301 = EDGE_CURVE('',#5783,#6505,#7302,.T.);
#7302 = LINE('',#7303,#7304);
#7303 = CARTESIAN_POINT('',(164.125794,-41.298423,0.));
#7304 = VECTOR('',#7305,1.);
#7305 = DIRECTION('',(0.,0.,1.));
#7306 = ORIENTED_EDGE('',*,*,#6504,.T.);
#7307 = ORIENTED_EDGE('',*,*,#7267,.F.);
#7308 = ORIENTED_EDGE('',*,*,#5782,.F.);
#7309 = CYLINDRICAL_SURFACE('',#7310,0.399999018331);
#7310 = AXIS2_PLACEMENT_3D('',#7311,#7312,#7313);
#7311 = CARTESIAN_POINT('',(164.12579301833,-40.89842398167,0.));
#7312 = DIRECTION('',(0.,0.,-1.));
#7313 = DIRECTION('',(2.454181481395E-06,-0.999999999997,0.));
#7314 = ADVANCED_FACE('',(#7315),#7326,.T.);
#7315 = FACE_BOUND('',#7316,.T.);
#7316 = EDGE_LOOP('',(#7317,#7318,#7319,#7325));
#7317 = ORIENTED_EDGE('',*,*,#7286,.T.);
#7318 = ORIENTED_EDGE('',*,*,#6963,.T.);
#7319 = ORIENTED_EDGE('',*,*,#7320,.F.);
#7320 = EDGE_CURVE('',#6234,#6956,#7321,.T.);
#7321 = LINE('',#7322,#7323);
#7322 = CARTESIAN_POINT('',(222.238681,-41.298423,0.));
#7323 = VECTOR('',#7324,1.);
#7324 = DIRECTION('',(0.,0.,1.));
#7325 = ORIENTED_EDGE('',*,*,#6241,.F.);
#7326 = CYLINDRICAL_SURFACE('',#7327,0.399999018331);
#7327 = AXIS2_PLACEMENT_3D('',#7328,#7329,#7330);
#7328 = CARTESIAN_POINT('',(222.23868198167,-40.89842398167,0.));
#7329 = DIRECTION('',(0.,0.,-1.));
#7330 = DIRECTION('',(0.999999999997,2.454181428104E-06,0.));
#7331 = ADVANCED_FACE('',(#7332),#7343,.T.);
#7332 = FACE_BOUND('',#7333,.T.);
#7333 = EDGE_LOOP('',(#7334,#7340,#7341,#7342));
#7334 = ORIENTED_EDGE('',*,*,#7335,.T.);
#7335 = EDGE_CURVE('',#5792,#6514,#7336,.T.);
#7336 = LINE('',#7337,#7338);
#7337 = CARTESIAN_POINT('',(165.525794,-41.298423,0.));
#7338 = VECTOR('',#7339,1.);
#7339 = DIRECTION('',(0.,0.,1.));
#7340 = ORIENTED_EDGE('',*,*,#6513,.T.);
#7341 = ORIENTED_EDGE('',*,*,#7301,.F.);
#7342 = ORIENTED_EDGE('',*,*,#5791,.F.);
#7343 = PLANE('',#7344);
#7344 = AXIS2_PLACEMENT_3D('',#7345,#7346,#7347);
#7345 = CARTESIAN_POINT('',(165.525794,-41.298423,0.));
#7346 = DIRECTION('',(0.,-1.,0.));
#7347 = DIRECTION('',(-1.,0.,0.));
#7348 = ADVANCED_FACE('',(#7349),#7360,.T.);
#7349 = FACE_BOUND('',#7350,.T.);
#7350 = EDGE_LOOP('',(#7351,#7352,#7353,#7359));
#7351 = ORIENTED_EDGE('',*,*,#7320,.T.);
#7352 = ORIENTED_EDGE('',*,*,#6955,.T.);
#7353 = ORIENTED_EDGE('',*,*,#7354,.F.);
#7354 = EDGE_CURVE('',#6225,#6947,#7355,.T.);
#7355 = LINE('',#7356,#7357);
#7356 = CARTESIAN_POINT('',(220.809093,-41.301363,0.));
#7357 = VECTOR('',#7358,1.);
#7358 = DIRECTION('',(0.,0.,1.));
#7359 = ORIENTED_EDGE('',*,*,#6233,.F.);
#7360 = PLANE('',#7361);
#7361 = AXIS2_PLACEMENT_3D('',#7362,#7363,#7364);
#7362 = CARTESIAN_POINT('',(222.238681,-41.298423,0.));
#7363 = DIRECTION('',(2.056532219694E-03,-0.999997885335,0.));
#7364 = DIRECTION('',(-0.999997885335,-2.056532219694E-03,0.));
#7365 = ADVANCED_FACE('',(#7366),#7377,.F.);
#7366 = FACE_BOUND('',#7367,.T.);
#7367 = EDGE_LOOP('',(#7368,#7374,#7375,#7376));
#7368 = ORIENTED_EDGE('',*,*,#7369,.T.);
#7369 = EDGE_CURVE('',#5800,#6522,#7370,.T.);
#7370 = LINE('',#7371,#7372);
#7371 = CARTESIAN_POINT('',(165.925794,-41.698423,0.));
#7372 = VECTOR('',#7373,1.);
#7373 = DIRECTION('',(0.,0.,1.));
#7374 = ORIENTED_EDGE('',*,*,#6521,.T.);
#7375 = ORIENTED_EDGE('',*,*,#7335,.F.);
#7376 = ORIENTED_EDGE('',*,*,#5799,.F.);
#7377 = CYLINDRICAL_SURFACE('',#7378,0.399999018331);
#7378 = AXIS2_PLACEMENT_3D('',#7379,#7380,#7381);
#7379 = CARTESIAN_POINT('',(165.52579498167,-41.69842201833,0.));
#7380 = DIRECTION('',(-0.,-0.,-1.));
#7381 = DIRECTION('',(0.999999999997,-2.454181445868E-06,0.));
#7382 = ADVANCED_FACE('',(#7383),#7394,.F.);
#7383 = FACE_BOUND('',#7384,.T.);
#7384 = EDGE_LOOP('',(#7385,#7386,#7387,#7393));
#7385 = ORIENTED_EDGE('',*,*,#7354,.T.);
#7386 = ORIENTED_EDGE('',*,*,#6946,.T.);
#7387 = ORIENTED_EDGE('',*,*,#7388,.F.);
#7388 = EDGE_CURVE('',#6217,#6939,#7389,.T.);
#7389 = LINE('',#7390,#7391);
#7390 = CARTESIAN_POINT('',(220.409093,-41.701363,0.));
#7391 = VECTOR('',#7392,1.);
#7392 = DIRECTION('',(0.,0.,1.));
#7393 = ORIENTED_EDGE('',*,*,#6224,.F.);
#7394 = CYLINDRICAL_SURFACE('',#7395,0.400000725434);
#7395 = AXIS2_PLACEMENT_3D('',#7396,#7397,#7398);
#7396 = CARTESIAN_POINT('',(220.80909372543,-41.70136372543,0.));
#7397 = DIRECTION('',(-0.,-0.,-1.));
#7398 = DIRECTION('',(-1.813581157978E-06,0.999999999998,0.));
#7399 = ADVANCED_FACE('',(#7400),#7411,.T.);
#7400 = FACE_BOUND('',#7401,.T.);
#7401 = EDGE_LOOP('',(#7402,#7408,#7409,#7410));
#7402 = ORIENTED_EDGE('',*,*,#7403,.T.);
#7403 = EDGE_CURVE('',#5809,#6531,#7404,.T.);
#7404 = LINE('',#7405,#7406);
#7405 = CARTESIAN_POINT('',(165.925794,-44.898423,0.));
#7406 = VECTOR('',#7407,1.);
#7407 = DIRECTION('',(0.,0.,1.));
#7408 = ORIENTED_EDGE('',*,*,#6530,.T.);
#7409 = ORIENTED_EDGE('',*,*,#7369,.F.);
#7410 = ORIENTED_EDGE('',*,*,#5808,.F.);
#7411 = PLANE('',#7412);
#7412 = AXIS2_PLACEMENT_3D('',#7413,#7414,#7415);
#7413 = CARTESIAN_POINT('',(165.925794,-44.898423,0.));
#7414 = DIRECTION('',(-1.,0.,0.));
#7415 = DIRECTION('',(0.,1.,0.));
#7416 = ADVANCED_FACE('',(#7417),#7428,.T.);
#7417 = FACE_BOUND('',#7418,.T.);
#7418 = EDGE_LOOP('',(#7419,#7420,#7421,#7427));
#7419 = ORIENTED_EDGE('',*,*,#7388,.T.);
#7420 = ORIENTED_EDGE('',*,*,#6938,.T.);
#7421 = ORIENTED_EDGE('',*,*,#7422,.F.);
#7422 = EDGE_CURVE('',#6208,#6930,#7423,.T.);
#7423 = LINE('',#7424,#7425);
#7424 = CARTESIAN_POINT('',(220.409093,-44.901363,0.));
#7425 = VECTOR('',#7426,1.);
#7426 = DIRECTION('',(0.,0.,1.));
#7427 = ORIENTED_EDGE('',*,*,#6216,.F.);
#7428 = PLANE('',#7429);
#7429 = AXIS2_PLACEMENT_3D('',#7430,#7431,#7432);
#7430 = CARTESIAN_POINT('',(220.409093,-41.701363,0.));
#7431 = DIRECTION('',(1.,0.,-0.));
#7432 = DIRECTION('',(0.,-1.,0.));
#7433 = ADVANCED_FACE('',(#7434),#7445,.F.);
#7434 = FACE_BOUND('',#7435,.T.);
#7435 = EDGE_LOOP('',(#7436,#7442,#7443,#7444));
#7436 = ORIENTED_EDGE('',*,*,#7437,.T.);
#7437 = EDGE_CURVE('',#5817,#6539,#7438,.T.);
#7438 = LINE('',#7439,#7440);
#7439 = CARTESIAN_POINT('',(165.525794,-45.298423,0.));
#7440 = VECTOR('',#7441,1.);
#7441 = DIRECTION('',(0.,0.,1.));
#7442 = ORIENTED_EDGE('',*,*,#6538,.T.);
#7443 = ORIENTED_EDGE('',*,*,#7403,.F.);
#7444 = ORIENTED_EDGE('',*,*,#5816,.F.);
#7445 = CYLINDRICAL_SURFACE('',#7446,0.399999018331);
#7446 = AXIS2_PLACEMENT_3D('',#7447,#7448,#7449);
#7447 = CARTESIAN_POINT('',(165.52579498167,-44.89842398167,0.));
#7448 = DIRECTION('',(-0.,-0.,-1.));
#7449 = DIRECTION('',(-2.454181481395E-06,-0.999999999997,0.));
#7450 = ADVANCED_FACE('',(#7451),#7462,.F.);
#7451 = FACE_BOUND('',#7452,.T.);
#7452 = EDGE_LOOP('',(#7453,#7454,#7455,#7461));
#7453 = ORIENTED_EDGE('',*,*,#7422,.T.);
#7454 = ORIENTED_EDGE('',*,*,#6929,.T.);
#7455 = ORIENTED_EDGE('',*,*,#7456,.F.);
#7456 = EDGE_CURVE('',#6200,#6922,#7457,.T.);
#7457 = LINE('',#7458,#7459);
#7458 = CARTESIAN_POINT('',(220.809093,-45.301363,0.));
#7459 = VECTOR('',#7460,1.);
#7460 = DIRECTION('',(0.,0.,1.));
#7461 = ORIENTED_EDGE('',*,*,#6207,.F.);
#7462 = CYLINDRICAL_SURFACE('',#7463,0.399997311249);
#7463 = AXIS2_PLACEMENT_3D('',#7464,#7465,#7466);
#7464 = CARTESIAN_POINT('',(220.80909031124,-44.90136568876,0.));
#7465 = DIRECTION('',(-0.,-0.,-1.));
#7466 = DIRECTION('',(-0.999999999977,6.721944026064E-06,0.));
#7467 = ADVANCED_FACE('',(#7468),#7479,.T.);
#7468 = FACE_BOUND('',#7469,.T.);
#7469 = EDGE_LOOP('',(#7470,#7476,#7477,#7478));
#7470 = ORIENTED_EDGE('',*,*,#7471,.T.);
#7471 = EDGE_CURVE('',#5826,#6548,#7472,.T.);
#7472 = LINE('',#7473,#7474);
#7473 = CARTESIAN_POINT('',(163.990616,-45.298423,0.));
#7474 = VECTOR('',#7475,1.);
#7475 = DIRECTION('',(0.,0.,1.));
#7476 = ORIENTED_EDGE('',*,*,#6547,.T.);
#7477 = ORIENTED_EDGE('',*,*,#7437,.F.);
#7478 = ORIENTED_EDGE('',*,*,#5825,.F.);
#7479 = PLANE('',#7480);
#7480 = AXIS2_PLACEMENT_3D('',#7481,#7482,#7483);
#7481 = CARTESIAN_POINT('',(163.990616,-45.298423,0.));
#7482 = DIRECTION('',(0.,1.,0.));
#7483 = DIRECTION('',(1.,0.,0.));
#7484 = ADVANCED_FACE('',(#7485),#7496,.T.);
#7485 = FACE_BOUND('',#7486,.T.);
#7486 = EDGE_LOOP('',(#7487,#7488,#7489,#7495));
#7487 = ORIENTED_EDGE('',*,*,#7456,.T.);
#7488 = ORIENTED_EDGE('',*,*,#6921,.T.);
#7489 = ORIENTED_EDGE('',*,*,#7490,.F.);
#7490 = EDGE_CURVE('',#6191,#6913,#7491,.T.);
#7491 = LINE('',#7492,#7493);
#7492 = CARTESIAN_POINT('',(222.344271,-45.301363,0.));
#7493 = VECTOR('',#7494,1.);
#7494 = DIRECTION('',(0.,0.,1.));
#7495 = ORIENTED_EDGE('',*,*,#6199,.F.);
#7496 = PLANE('',#7497);
#7497 = AXIS2_PLACEMENT_3D('',#7498,#7499,#7500);
#7498 = CARTESIAN_POINT('',(220.809093,-45.301363,0.));
#7499 = DIRECTION('',(0.,1.,0.));
#7500 = DIRECTION('',(1.,0.,0.));
#7501 = ADVANCED_FACE('',(#7502),#7513,.T.);
#7502 = FACE_BOUND('',#7503,.T.);
#7503 = EDGE_LOOP('',(#7504,#7510,#7511,#7512));
#7504 = ORIENTED_EDGE('',*,*,#7505,.T.);
#7505 = EDGE_CURVE('',#5834,#6556,#7506,.T.);
#7506 = LINE('',#7507,#7508);
#7507 = CARTESIAN_POINT('',(163.590616,-45.698423,0.));
#7508 = VECTOR('',#7509,1.);
#7509 = DIRECTION('',(0.,0.,1.));
#7510 = ORIENTED_EDGE('',*,*,#6555,.T.);
#7511 = ORIENTED_EDGE('',*,*,#7471,.F.);
#7512 = ORIENTED_EDGE('',*,*,#5833,.F.);
#7513 = CYLINDRICAL_SURFACE('',#7514,0.399999018331);
#7514 = AXIS2_PLACEMENT_3D('',#7515,#7516,#7517);
#7515 = CARTESIAN_POINT('',(163.99061501833,-45.69842201833,0.));
#7516 = DIRECTION('',(0.,0.,-1.));
#7517 = DIRECTION('',(-0.999999999997,-2.454181428104E-06,-0.));
#7518 = ADVANCED_FACE('',(#7519),#7530,.T.);
#7519 = FACE_BOUND('',#7520,.T.);
#7520 = EDGE_LOOP('',(#7521,#7522,#7523,#7529));
#7521 = ORIENTED_EDGE('',*,*,#7490,.T.);
#7522 = ORIENTED_EDGE('',*,*,#6912,.T.);
#7523 = ORIENTED_EDGE('',*,*,#7524,.F.);
#7524 = EDGE_CURVE('',#6183,#6905,#7525,.T.);
#7525 = LINE('',#7526,#7527);
#7526 = CARTESIAN_POINT('',(222.744271,-45.701363,0.));
#7527 = VECTOR('',#7528,1.);
#7528 = DIRECTION('',(0.,0.,1.));
#7529 = ORIENTED_EDGE('',*,*,#6190,.F.);
#7530 = CYLINDRICAL_SURFACE('',#7531,0.399999018331);
#7531 = AXIS2_PLACEMENT_3D('',#7532,#7533,#7534);
#7532 = CARTESIAN_POINT('',(222.34427198167,-45.70136201833,0.));
#7533 = DIRECTION('',(0.,0.,-1.));
#7534 = DIRECTION('',(-2.454181410341E-06,0.999999999997,0.));
#7535 = ADVANCED_FACE('',(#7536),#7547,.T.);
#7536 = FACE_BOUND('',#7537,.T.);
#7537 = EDGE_LOOP('',(#7538,#7544,#7545,#7546));
#7538 = ORIENTED_EDGE('',*,*,#7539,.T.);
#7539 = EDGE_CURVE('',#5843,#6565,#7540,.T.);
#7540 = LINE('',#7541,#7542);
#7541 = CARTESIAN_POINT('',(163.16,-61.198423,0.));
#7542 = VECTOR('',#7543,1.);
#7543 = DIRECTION('',(0.,0.,1.));
#7544 = ORIENTED_EDGE('',*,*,#6564,.T.);
#7545 = ORIENTED_EDGE('',*,*,#7505,.F.);
#7546 = ORIENTED_EDGE('',*,*,#5842,.F.);
#7547 = PLANE('',#7548);
#7548 = AXIS2_PLACEMENT_3D('',#7549,#7550,#7551);
#7549 = CARTESIAN_POINT('',(163.16,-61.198423,0.));
#7550 = DIRECTION('',(-0.999614312447,2.777096237217E-02,0.));
#7551 = DIRECTION('',(2.777096237217E-02,0.999614312447,0.));
#7552 = ADVANCED_FACE('',(#7553),#7564,.T.);
#7553 = FACE_BOUND('',#7554,.T.);
#7554 = EDGE_LOOP('',(#7555,#7556,#7557,#7563));
#7555 = ORIENTED_EDGE('',*,*,#7524,.T.);
#7556 = ORIENTED_EDGE('',*,*,#6904,.T.);
#7557 = ORIENTED_EDGE('',*,*,#7558,.F.);
#7558 = EDGE_CURVE('',#6174,#6896,#7559,.T.);
#7559 = LINE('',#7560,#7561);
#7560 = CARTESIAN_POINT('',(223.485905,-72.252273,0.));
#7561 = VECTOR('',#7562,1.);
#7562 = DIRECTION('',(0.,0.,1.));
#7563 = ORIENTED_EDGE('',*,*,#6182,.F.);
#7564 = PLANE('',#7565);
#7565 = AXIS2_PLACEMENT_3D('',#7566,#7567,#7568);
#7566 = CARTESIAN_POINT('',(222.744271,-45.701363,0.));
#7567 = DIRECTION('',(0.999610115113,2.792163613644E-02,-0.));
#7568 = DIRECTION('',(2.792163613644E-02,-0.999610115113,0.));
#7569 = ADVANCED_FACE('',(#7570),#7581,.T.);
#7570 = FACE_BOUND('',#7571,.T.);
#7571 = EDGE_LOOP('',(#7572,#7578,#7579,#7580));
#7572 = ORIENTED_EDGE('',*,*,#7573,.T.);
#7573 = EDGE_CURVE('',#5851,#6573,#7574,.T.);
#7574 = LINE('',#7575,#7576);
#7575 = CARTESIAN_POINT('',(163.56,-61.598423,0.));
#7576 = VECTOR('',#7577,1.);
#7577 = DIRECTION('',(0.,0.,1.));
#7578 = ORIENTED_EDGE('',*,*,#6572,.T.);
#7579 = ORIENTED_EDGE('',*,*,#7539,.F.);
#7580 = ORIENTED_EDGE('',*,*,#5850,.F.);
#7581 = CYLINDRICAL_SURFACE('',#7582,0.399999018331);
#7582 = AXIS2_PLACEMENT_3D('',#7583,#7584,#7585);
#7583 = CARTESIAN_POINT('',(163.55999901833,-61.19842398167,0.));
#7584 = DIRECTION('',(0.,0.,-1.));
#7585 = DIRECTION('',(2.454181410341E-06,-0.999999999997,0.));
#7586 = ADVANCED_FACE('',(#7587),#7598,.T.);
#7587 = FACE_BOUND('',#7588,.T.);
#7588 = EDGE_LOOP('',(#7589,#7590,#7591,#7597));
#7589 = ORIENTED_EDGE('',*,*,#7558,.T.);
#7590 = ORIENTED_EDGE('',*,*,#6895,.T.);
#7591 = ORIENTED_EDGE('',*,*,#7592,.F.);
#7592 = EDGE_CURVE('',#6166,#6888,#7593,.T.);
#7593 = LINE('',#7594,#7595);
#7594 = CARTESIAN_POINT('',(222.704638,-72.880161,0.));
#7595 = VECTOR('',#7596,1.);
#7596 = DIRECTION('',(0.,0.,1.));
#7597 = ORIENTED_EDGE('',*,*,#6173,.F.);
#7598 = CYLINDRICAL_SURFACE('',#7599,0.800001241303);
#7599 = AXIS2_PLACEMENT_3D('',#7600,#7601,#7602);
#7600 = CARTESIAN_POINT('',(222.70463742851,-72.08015975869,0.));
#7601 = DIRECTION('',(0.,0.,-1.));
#7602 = DIRECTION('',(0.976582949063,-0.215141217809,0.));
#7603 = ADVANCED_FACE('',(#7604),#7615,.T.);
#7604 = FACE_BOUND('',#7605,.T.);
#7605 = EDGE_LOOP('',(#7606,#7612,#7613,#7614));
#7606 = ORIENTED_EDGE('',*,*,#7607,.T.);
#7607 = EDGE_CURVE('',#5860,#6582,#7608,.T.);
#7608 = LINE('',#7609,#7610);
#7609 = CARTESIAN_POINT('',(165.525794,-61.598423,0.));
#7610 = VECTOR('',#7611,1.);
#7611 = DIRECTION('',(0.,0.,1.));
#7612 = ORIENTED_EDGE('',*,*,#6581,.T.);
#7613 = ORIENTED_EDGE('',*,*,#7573,.F.);
#7614 = ORIENTED_EDGE('',*,*,#5859,.F.);
#7615 = PLANE('',#7616);
#7616 = AXIS2_PLACEMENT_3D('',#7617,#7618,#7619);
#7617 = CARTESIAN_POINT('',(165.525794,-61.598423,0.));
#7618 = DIRECTION('',(0.,-1.,0.));
#7619 = DIRECTION('',(-1.,0.,0.));
#7620 = ADVANCED_FACE('',(#7621),#7632,.T.);
#7621 = FACE_BOUND('',#7622,.T.);
#7622 = EDGE_LOOP('',(#7623,#7624,#7625,#7631));
#7623 = ORIENTED_EDGE('',*,*,#7592,.T.);
#7624 = ORIENTED_EDGE('',*,*,#6887,.T.);
#7625 = ORIENTED_EDGE('',*,*,#7626,.F.);
#7626 = EDGE_CURVE('',#6157,#6879,#7627,.T.);
#7627 = LINE('',#7628,#7629);
#7628 = CARTESIAN_POINT('',(208.90587,-72.880161,0.));
#7629 = VECTOR('',#7630,1.);
#7630 = DIRECTION('',(0.,0.,1.));
#7631 = ORIENTED_EDGE('',*,*,#6165,.F.);
#7632 = PLANE('',#7633);
#7633 = AXIS2_PLACEMENT_3D('',#7634,#7635,#7636);
#7634 = CARTESIAN_POINT('',(222.704638,-72.880161,0.));
#7635 = DIRECTION('',(0.,-1.,0.));
#7636 = DIRECTION('',(-1.,0.,0.));
#7637 = ADVANCED_FACE('',(#7638),#7649,.F.);
#7638 = FACE_BOUND('',#7639,.T.);
#7639 = EDGE_LOOP('',(#7640,#7646,#7647,#7648));
#7640 = ORIENTED_EDGE('',*,*,#7641,.T.);
#7641 = EDGE_CURVE('',#5868,#6590,#7642,.T.);
#7642 = LINE('',#7643,#7644);
#7643 = CARTESIAN_POINT('',(165.925794,-61.998423,0.));
#7644 = VECTOR('',#7645,1.);
#7645 = DIRECTION('',(0.,0.,1.));
#7646 = ORIENTED_EDGE('',*,*,#6589,.T.);
#7647 = ORIENTED_EDGE('',*,*,#7607,.F.);
#7648 = ORIENTED_EDGE('',*,*,#5867,.F.);
#7649 = CYLINDRICAL_SURFACE('',#7650,0.399999018331);
#7650 = AXIS2_PLACEMENT_3D('',#7651,#7652,#7653);
#7651 = CARTESIAN_POINT('',(165.52579498167,-61.99842201833,0.));
#7652 = DIRECTION('',(-0.,-0.,-1.));
#7653 = DIRECTION('',(0.999999999997,-2.454181428104E-06,0.));
#7654 = ADVANCED_FACE('',(#7655),#7666,.T.);
#7655 = FACE_BOUND('',#7656,.T.);
#7656 = EDGE_LOOP('',(#7657,#7658,#7659,#7665));
#7657 = ORIENTED_EDGE('',*,*,#7626,.T.);
#7658 = ORIENTED_EDGE('',*,*,#6878,.T.);
#7659 = ORIENTED_EDGE('',*,*,#7660,.F.);
#7660 = EDGE_CURVE('',#6149,#6871,#7661,.T.);
#7661 = LINE('',#7662,#7663);
#7662 = CARTESIAN_POINT('',(208.105841,-72.080168,0.));
#7663 = VECTOR('',#7664,1.);
#7664 = DIRECTION('',(0.,0.,1.));
#7665 = ORIENTED_EDGE('',*,*,#6156,.F.);
#7666 = CYLINDRICAL_SURFACE('',#7667,0.799999744251);
#7667 = AXIS2_PLACEMENT_3D('',#7668,#7669,#7670);
#7668 = CARTESIAN_POINT('',(208.90584074422,-72.08016125628,0.));
#7669 = DIRECTION('',(0.,0.,-1.));
#7670 = DIRECTION('',(3.656973359043E-05,-0.999999999331,0.));
#7671 = ADVANCED_FACE('',(#7672),#7683,.T.);
#7672 = FACE_BOUND('',#7673,.T.);
#7673 = EDGE_LOOP('',(#7674,#7680,#7681,#7682));
#7674 = ORIENTED_EDGE('',*,*,#7675,.T.);
#7675 = EDGE_CURVE('',#5877,#6599,#7676,.T.);
#7676 = LINE('',#7677,#7678);
#7677 = CARTESIAN_POINT('',(165.925794,-65.198423,0.));
#7678 = VECTOR('',#7679,1.);
#7679 = DIRECTION('',(0.,0.,1.));
#7680 = ORIENTED_EDGE('',*,*,#6598,.T.);
#7681 = ORIENTED_EDGE('',*,*,#7641,.F.);
#7682 = ORIENTED_EDGE('',*,*,#5876,.F.);
#7683 = PLANE('',#7684);
#7684 = AXIS2_PLACEMENT_3D('',#7685,#7686,#7687);
#7685 = CARTESIAN_POINT('',(165.925794,-65.198423,0.));
#7686 = DIRECTION('',(-1.,0.,0.));
#7687 = DIRECTION('',(0.,1.,0.));
#7688 = ADVANCED_FACE('',(#7689),#7700,.T.);
#7689 = FACE_BOUND('',#7690,.T.);
#7690 = EDGE_LOOP('',(#7691,#7692,#7693,#7699));
#7691 = ORIENTED_EDGE('',*,*,#7660,.T.);
#7692 = ORIENTED_EDGE('',*,*,#6870,.T.);
#7693 = ORIENTED_EDGE('',*,*,#7694,.F.);
#7694 = EDGE_CURVE('',#6140,#6862,#7695,.T.);
#7695 = LINE('',#7696,#7697);
#7696 = CARTESIAN_POINT('',(208.105841,-56.572825,0.));
#7697 = VECTOR('',#7698,1.);
#7698 = DIRECTION('',(0.,0.,1.));
#7699 = ORIENTED_EDGE('',*,*,#6148,.F.);
#7700 = PLANE('',#7701);
#7701 = AXIS2_PLACEMENT_3D('',#7702,#7703,#7704);
#7702 = CARTESIAN_POINT('',(208.105841,-72.080168,0.));
#7703 = DIRECTION('',(-1.,0.,0.));
#7704 = DIRECTION('',(0.,1.,0.));
#7705 = ADVANCED_FACE('',(#7706),#7717,.F.);
#7706 = FACE_BOUND('',#7707,.T.);
#7707 = EDGE_LOOP('',(#7708,#7714,#7715,#7716));
#7708 = ORIENTED_EDGE('',*,*,#7709,.T.);
#7709 = EDGE_CURVE('',#5885,#6607,#7710,.T.);
#7710 = LINE('',#7711,#7712);
#7711 = CARTESIAN_POINT('',(165.525794,-65.598423,0.));
#7712 = VECTOR('',#7713,1.);
#7713 = DIRECTION('',(0.,0.,1.));
#7714 = ORIENTED_EDGE('',*,*,#6606,.T.);
#7715 = ORIENTED_EDGE('',*,*,#7675,.F.);
#7716 = ORIENTED_EDGE('',*,*,#5884,.F.);
#7717 = CYLINDRICAL_SURFACE('',#7718,0.399999018331);
#7718 = AXIS2_PLACEMENT_3D('',#7719,#7720,#7721);
#7719 = CARTESIAN_POINT('',(165.52579498167,-65.19842398167,0.));
#7720 = DIRECTION('',(-0.,-0.,-1.));
#7721 = DIRECTION('',(-2.454181481395E-06,-0.999999999997,0.));
#7722 = ADVANCED_FACE('',(#7723),#7734,.T.);
#7723 = FACE_BOUND('',#7724,.T.);
#7724 = EDGE_LOOP('',(#7725,#7726,#7727,#7733));
#7725 = ORIENTED_EDGE('',*,*,#7694,.T.);
#7726 = ORIENTED_EDGE('',*,*,#6861,.T.);
#7727 = ORIENTED_EDGE('',*,*,#7728,.F.);
#7728 = EDGE_CURVE('',#6132,#6854,#7729,.T.);
#7729 = LINE('',#7730,#7731);
#7730 = CARTESIAN_POINT('',(208.905841,-55.772825,0.));
#7731 = VECTOR('',#7732,1.);
#7732 = DIRECTION('',(0.,0.,1.));
#7733 = ORIENTED_EDGE('',*,*,#6139,.F.);
#7734 = CYLINDRICAL_SURFACE('',#7735,0.800001450872);
#7735 = AXIS2_PLACEMENT_3D('',#7736,#7737,#7738);
#7736 = CARTESIAN_POINT('',(208.90584245087,-56.57282645087,0.));
#7737 = DIRECTION('',(0.,0.,-1.));
#7738 = DIRECTION('',(-0.999999999998,1.813584994895E-06,0.));
#7739 = ADVANCED_FACE('',(#7740),#7751,.T.);
#7740 = FACE_BOUND('',#7741,.T.);
#7741 = EDGE_LOOP('',(#7742,#7748,#7749,#7750));
#7742 = ORIENTED_EDGE('',*,*,#7743,.T.);
#7743 = EDGE_CURVE('',#5894,#6616,#7744,.T.);
#7744 = LINE('',#7745,#7746);
#7745 = CARTESIAN_POINT('',(163.425794,-65.598423,0.));
#7746 = VECTOR('',#7747,1.);
#7747 = DIRECTION('',(0.,0.,1.));
#7748 = ORIENTED_EDGE('',*,*,#6615,.T.);
#7749 = ORIENTED_EDGE('',*,*,#7709,.F.);
#7750 = ORIENTED_EDGE('',*,*,#5893,.F.);
#7751 = PLANE('',#7752);
#7752 = AXIS2_PLACEMENT_3D('',#7753,#7754,#7755);
#7753 = CARTESIAN_POINT('',(163.425794,-65.598423,0.));
#7754 = DIRECTION('',(0.,1.,0.));
#7755 = DIRECTION('',(1.,0.,0.));
#7756 = ADVANCED_FACE('',(#7757),#7768,.T.);
#7757 = FACE_BOUND('',#7758,.T.);
#7758 = EDGE_LOOP('',(#7759,#7760,#7761,#7767));
#7759 = ORIENTED_EDGE('',*,*,#7728,.T.);
#7760 = ORIENTED_EDGE('',*,*,#6853,.T.);
#7761 = ORIENTED_EDGE('',*,*,#7762,.F.);
#7762 = EDGE_CURVE('',#6123,#6845,#7763,.T.);
#7763 = LINE('',#7764,#7765);
#7764 = CARTESIAN_POINT('',(209.630641,-55.77279,0.));
#7765 = VECTOR('',#7766,1.);
#7766 = DIRECTION('',(0.,0.,1.));
#7767 = ORIENTED_EDGE('',*,*,#6131,.F.);
#7768 = PLANE('',#7769);
#7769 = AXIS2_PLACEMENT_3D('',#7770,#7771,#7772);
#7770 = CARTESIAN_POINT('',(208.905841,-55.772825,0.));
#7771 = DIRECTION('',(-4.828918316238E-05,0.999999998834,0.));
#7772 = DIRECTION('',(0.999999998834,4.828918316238E-05,0.));
#7773 = ADVANCED_FACE('',(#7774),#7785,.T.);
#7774 = FACE_BOUND('',#7775,.T.);
#7775 = EDGE_LOOP('',(#7776,#7782,#7783,#7784));
#7776 = ORIENTED_EDGE('',*,*,#7777,.T.);
#7777 = EDGE_CURVE('',#5902,#6624,#7778,.T.);
#7778 = LINE('',#7779,#7780);
#7779 = CARTESIAN_POINT('',(163.025794,-65.998423,0.));
#7780 = VECTOR('',#7781,1.);
#7781 = DIRECTION('',(0.,0.,1.));
#7782 = ORIENTED_EDGE('',*,*,#6623,.T.);
#7783 = ORIENTED_EDGE('',*,*,#7743,.F.);
#7784 = ORIENTED_EDGE('',*,*,#5901,.F.);
#7785 = CYLINDRICAL_SURFACE('',#7786,0.399999018331);
#7786 = AXIS2_PLACEMENT_3D('',#7787,#7788,#7789);
#7787 = CARTESIAN_POINT('',(163.42579301833,-65.99842201833,0.));
#7788 = DIRECTION('',(0.,0.,-1.));
#7789 = DIRECTION('',(-0.999999999997,-2.454181303759E-06,-0.));
#7790 = ADVANCED_FACE('',(#7791),#7802,.F.);
#7791 = FACE_BOUND('',#7792,.T.);
#7792 = EDGE_LOOP('',(#7793,#7794,#7795,#7801));
#7793 = ORIENTED_EDGE('',*,*,#7762,.T.);
#7794 = ORIENTED_EDGE('',*,*,#6844,.T.);
#7795 = ORIENTED_EDGE('',*,*,#7796,.F.);
#7796 = EDGE_CURVE('',#6115,#6837,#7797,.T.);
#7797 = LINE('',#7798,#7799);
#7798 = CARTESIAN_POINT('',(210.430639,-54.972791,0.));
#7799 = VECTOR('',#7800,1.);
#7800 = DIRECTION('',(0.,0.,1.));
#7801 = ORIENTED_EDGE('',*,*,#6122,.F.);
#7802 = CYLINDRICAL_SURFACE('',#7803,0.799999743764);
#7803 = AXIS2_PLACEMENT_3D('',#7804,#7805,#7806);
#7804 = CARTESIAN_POINT('',(209.63063925623,-54.97279025623,0.));
#7805 = DIRECTION('',(-0.,-0.,-1.));
#7806 = DIRECTION('',(2.179704973001E-06,-0.999999999998,0.));
#7807 = ADVANCED_FACE('',(#7808),#7819,.T.);
#7808 = FACE_BOUND('',#7809,.T.);
#7809 = EDGE_LOOP('',(#7810,#7816,#7817,#7818));
#7810 = ORIENTED_EDGE('',*,*,#7811,.T.);
#7811 = EDGE_CURVE('',#5911,#6633,#7812,.T.);
#7812 = LINE('',#7813,#7814);
#7813 = CARTESIAN_POINT('',(162.852303,-72.252272,0.));
#7814 = VECTOR('',#7815,1.);
#7815 = DIRECTION('',(0.,0.,1.));
#7816 = ORIENTED_EDGE('',*,*,#6632,.T.);
#7817 = ORIENTED_EDGE('',*,*,#7777,.F.);
#7818 = ORIENTED_EDGE('',*,*,#5910,.F.);
#7819 = PLANE('',#7820);
#7820 = AXIS2_PLACEMENT_3D('',#7821,#7822,#7823);
#7821 = CARTESIAN_POINT('',(162.852303,-72.252272,0.));
#7822 = DIRECTION('',(-0.999615427221,2.773080707322E-02,0.));
#7823 = DIRECTION('',(2.773080707322E-02,0.999615427221,0.));
#7824 = ADVANCED_FACE('',(#7825),#7836,.T.);
#7825 = FACE_BOUND('',#7826,.T.);
#7826 = EDGE_LOOP('',(#7827,#7828,#7829,#7835));
#7827 = ORIENTED_EDGE('',*,*,#7796,.T.);
#7828 = ORIENTED_EDGE('',*,*,#6836,.T.);
#7829 = ORIENTED_EDGE('',*,*,#7830,.F.);
#7830 = EDGE_CURVE('',#6106,#6828,#7831,.T.);
#7831 = LINE('',#7832,#7833);
#7832 = CARTESIAN_POINT('',(210.430639,-50.898422,0.));
#7833 = VECTOR('',#7834,1.);
#7834 = DIRECTION('',(0.,0.,1.));
#7835 = ORIENTED_EDGE('',*,*,#6114,.F.);
#7836 = PLANE('',#7837);
#7837 = AXIS2_PLACEMENT_3D('',#7838,#7839,#7840);
#7838 = CARTESIAN_POINT('',(210.430639,-54.972791,0.));
#7839 = DIRECTION('',(-1.,0.,0.));
#7840 = DIRECTION('',(0.,1.,0.));
#7841 = ADVANCED_FACE('',(#7842),#7853,.T.);
#7842 = FACE_BOUND('',#7843,.T.);
#7843 = EDGE_LOOP('',(#7844,#7850,#7851,#7852));
#7844 = ORIENTED_EDGE('',*,*,#7845,.T.);
#7845 = EDGE_CURVE('',#5919,#6641,#7846,.T.);
#7846 = LINE('',#7847,#7848);
#7847 = CARTESIAN_POINT('',(163.63357,-72.88016,0.));
#7848 = VECTOR('',#7849,1.);
#7849 = DIRECTION('',(0.,0.,1.));
#7850 = ORIENTED_EDGE('',*,*,#6640,.T.);
#7851 = ORIENTED_EDGE('',*,*,#7811,.F.);
#7852 = ORIENTED_EDGE('',*,*,#5918,.F.);
#7853 = CYLINDRICAL_SURFACE('',#7854,0.800001241303);
#7854 = AXIS2_PLACEMENT_3D('',#7855,#7856,#7857);
#7855 = CARTESIAN_POINT('',(163.63357057148,-72.08015875869,0.));
#7856 = DIRECTION('',(0.,0.,-1.));
#7857 = DIRECTION('',(-7.143552523176E-07,-1.,-0.));
#7858 = ADVANCED_FACE('',(#7859),#7870,.F.);
#7859 = FACE_BOUND('',#7860,.T.);
#7860 = EDGE_LOOP('',(#7861,#7862,#7863,#7869));
#7861 = ORIENTED_EDGE('',*,*,#7830,.T.);
#7862 = ORIENTED_EDGE('',*,*,#6827,.T.);
#7863 = ORIENTED_EDGE('',*,*,#7864,.F.);
#7864 = EDGE_CURVE('',#6098,#6820,#7865,.T.);
#7865 = LINE('',#7866,#7867);
#7866 = CARTESIAN_POINT('',(209.630641,-50.098423,0.));
#7867 = VECTOR('',#7868,1.);
#7868 = DIRECTION('',(0.,0.,1.));
#7869 = ORIENTED_EDGE('',*,*,#6105,.F.);
#7870 = CYLINDRICAL_SURFACE('',#7871,0.799999743764);
#7871 = AXIS2_PLACEMENT_3D('',#7872,#7873,#7874);
#7872 = CARTESIAN_POINT('',(209.63063925623,-50.89842274376,0.));
#7873 = DIRECTION('',(-0.,-0.,-1.));
#7874 = DIRECTION('',(1.,9.297026484398E-07,-0.));
#7875 = ADVANCED_FACE('',(#7876),#7887,.T.);
#7876 = FACE_BOUND('',#7877,.T.);
#7877 = EDGE_LOOP('',(#7878,#7884,#7885,#7886));
#7878 = ORIENTED_EDGE('',*,*,#7879,.T.);
#7879 = EDGE_CURVE('',#5928,#6650,#7880,.T.);
#7880 = LINE('',#7881,#7882);
#7881 = CARTESIAN_POINT('',(177.432338,-72.88016,0.));
#7882 = VECTOR('',#7883,1.);
#7883 = DIRECTION('',(0.,0.,1.));
#7884 = ORIENTED_EDGE('',*,*,#6649,.T.);
#7885 = ORIENTED_EDGE('',*,*,#7845,.F.);
#7886 = ORIENTED_EDGE('',*,*,#5927,.F.);
#7887 = PLANE('',#7888);
#7888 = AXIS2_PLACEMENT_3D('',#7889,#7890,#7891);
#7889 = CARTESIAN_POINT('',(177.432338,-72.88016,0.));
#7890 = DIRECTION('',(0.,-1.,0.));
#7891 = DIRECTION('',(-1.,0.,0.));
#7892 = ADVANCED_FACE('',(#7893),#7904,.T.);
#7893 = FACE_BOUND('',#7894,.T.);
#7894 = EDGE_LOOP('',(#7895,#7896,#7897,#7903));
#7895 = ORIENTED_EDGE('',*,*,#7864,.T.);
#7896 = ORIENTED_EDGE('',*,*,#6819,.T.);
#7897 = ORIENTED_EDGE('',*,*,#7898,.F.);
#7898 = EDGE_CURVE('',#6089,#6811,#7899,.T.);
#7899 = LINE('',#7900,#7901);
#7900 = CARTESIAN_POINT('',(208.905797,-50.098458,0.));
#7901 = VECTOR('',#7902,1.);
#7902 = DIRECTION('',(0.,0.,1.));
#7903 = ORIENTED_EDGE('',*,*,#6097,.F.);
#7904 = PLANE('',#7905);
#7905 = AXIS2_PLACEMENT_3D('',#7906,#7907,#7908);
#7906 = CARTESIAN_POINT('',(209.630641,-50.098423,0.));
#7907 = DIRECTION('',(4.828625188758E-05,-0.999999998834,0.));
#7908 = DIRECTION('',(-0.999999998834,-4.828625188758E-05,0.));
#7909 = ADVANCED_FACE('',(#7910),#7921,.T.);
#7910 = FACE_BOUND('',#7911,.T.);
#7911 = EDGE_LOOP('',(#7912,#7918,#7919,#7920));
#7912 = ORIENTED_EDGE('',*,*,#7913,.T.);
#7913 = EDGE_CURVE('',#5936,#6658,#7914,.T.);
#7914 = LINE('',#7915,#7916);
#7915 = CARTESIAN_POINT('',(178.232367,-72.080167,0.));
#7916 = VECTOR('',#7917,1.);
#7917 = DIRECTION('',(0.,0.,1.));
#7918 = ORIENTED_EDGE('',*,*,#6657,.T.);
#7919 = ORIENTED_EDGE('',*,*,#7879,.F.);
#7920 = ORIENTED_EDGE('',*,*,#5935,.F.);
#7921 = CYLINDRICAL_SURFACE('',#7922,0.799999744251);
#7922 = AXIS2_PLACEMENT_3D('',#7923,#7924,#7925);
#7923 = CARTESIAN_POINT('',(177.43236725577,-72.08016025628,0.));
#7924 = DIRECTION('',(0.,0.,-1.));
#7925 = DIRECTION('',(0.999999999964,-8.429647641361E-06,0.));
#7926 = ADVANCED_FACE('',(#7927),#7938,.T.);
#7927 = FACE_BOUND('',#7928,.T.);
#7928 = EDGE_LOOP('',(#7929,#7930,#7931,#7937));
#7929 = ORIENTED_EDGE('',*,*,#7898,.T.);
#7930 = ORIENTED_EDGE('',*,*,#6810,.T.);
#7931 = ORIENTED_EDGE('',*,*,#7932,.F.);
#7932 = EDGE_CURVE('',#6081,#6803,#7933,.T.);
#7933 = LINE('',#7934,#7935);
#7934 = CARTESIAN_POINT('',(208.105797,-49.298458,0.));
#7935 = VECTOR('',#7936,1.);
#7936 = DIRECTION('',(0.,0.,1.));
#7937 = ORIENTED_EDGE('',*,*,#6088,.F.);
#7938 = CYLINDRICAL_SURFACE('',#7939,0.800001450872);
#7939 = AXIS2_PLACEMENT_3D('',#7940,#7941,#7942);
#7940 = CARTESIAN_POINT('',(208.90579845087,-49.29845654912,0.));
#7941 = DIRECTION('',(0.,0.,-1.));
#7942 = DIRECTION('',(-1.813584994895E-06,-0.999999999998,-0.));
#7943 = ADVANCED_FACE('',(#7944),#7955,.T.);
#7944 = FACE_BOUND('',#7945,.T.);
#7945 = EDGE_LOOP('',(#7946,#7952,#7953,#7954));
#7946 = ORIENTED_EDGE('',*,*,#7947,.T.);
#7947 = EDGE_CURVE('',#5945,#6667,#7948,.T.);
#7948 = LINE('',#7949,#7950);
#7949 = CARTESIAN_POINT('',(178.232362,-56.572824,0.));
#7950 = VECTOR('',#7951,1.);
#7951 = DIRECTION('',(0.,0.,1.));
#7952 = ORIENTED_EDGE('',*,*,#6666,.T.);
#7953 = ORIENTED_EDGE('',*,*,#7913,.F.);
#7954 = ORIENTED_EDGE('',*,*,#5944,.F.);
#7955 = PLANE('',#7956);
#7956 = AXIS2_PLACEMENT_3D('',#7957,#7958,#7959);
#7957 = CARTESIAN_POINT('',(178.232362,-56.572824,0.));
#7958 = DIRECTION('',(1.,3.224278985638E-07,-0.));
#7959 = DIRECTION('',(3.224278985638E-07,-1.,0.));
#7960 = ADVANCED_FACE('',(#7961),#7972,.T.);
#7961 = FACE_BOUND('',#7962,.T.);
#7962 = EDGE_LOOP('',(#7963,#7964,#7965,#7971));
#7963 = ORIENTED_EDGE('',*,*,#7932,.T.);
#7964 = ORIENTED_EDGE('',*,*,#6802,.T.);
#7965 = ORIENTED_EDGE('',*,*,#7966,.F.);
#7966 = EDGE_CURVE('',#6073,#6795,#7967,.T.);
#7967 = LINE('',#7968,#7969);
#7968 = CARTESIAN_POINT('',(208.105792,-30.455414,0.));
#7969 = VECTOR('',#7970,1.);
#7970 = DIRECTION('',(0.,0.,1.));
#7971 = ORIENTED_EDGE('',*,*,#6080,.F.);
#7972 = PLANE('',#7973);
#7973 = AXIS2_PLACEMENT_3D('',#7974,#7975,#7976);
#7974 = CARTESIAN_POINT('',(208.105797,-49.298458,0.));
#7975 = DIRECTION('',(-1.,-2.653499077631E-07,0.));
#7976 = DIRECTION('',(-2.653499077631E-07,1.,0.));
#7977 = ADVANCED_FACE('',(#7978),#7989,.T.);
#7978 = FACE_BOUND('',#7979,.T.);
#7979 = EDGE_LOOP('',(#7980,#7986,#7987,#7988));
#7980 = ORIENTED_EDGE('',*,*,#7981,.T.);
#7981 = EDGE_CURVE('',#5953,#6675,#7982,.T.);
#7982 = LINE('',#7983,#7984);
#7983 = CARTESIAN_POINT('',(177.432362,-55.772824,0.));
#7984 = VECTOR('',#7985,1.);
#7985 = DIRECTION('',(0.,0.,1.));
#7986 = ORIENTED_EDGE('',*,*,#6674,.T.);
#7987 = ORIENTED_EDGE('',*,*,#7947,.F.);
#7988 = ORIENTED_EDGE('',*,*,#5952,.F.);
#7989 = CYLINDRICAL_SURFACE('',#7990,0.800001450872);
#7990 = AXIS2_PLACEMENT_3D('',#7991,#7992,#7993);
#7991 = CARTESIAN_POINT('',(177.43236054912,-56.57282545087,0.));
#7992 = DIRECTION('',(0.,0.,-1.));
#7993 = DIRECTION('',(1.813584959368E-06,0.999999999998,0.));
#7994 = ADVANCED_FACE('',(#7995),#8006,.T.);
#7995 = FACE_BOUND('',#7996,.T.);
#7996 = EDGE_LOOP('',(#7997,#7998,#7999,#8005));
#7997 = ORIENTED_EDGE('',*,*,#7966,.T.);
#7998 = ORIENTED_EDGE('',*,*,#6794,.T.);
#7999 = ORIENTED_EDGE('',*,*,#8000,.F.);
#8000 = EDGE_CURVE('',#6064,#6786,#8001,.T.);
#8001 = LINE('',#8002,#8003);
#8002 = CARTESIAN_POINT('',(203.795517,-30.448061,0.));
#8003 = VECTOR('',#8004,1.);
#8004 = DIRECTION('',(0.,0.,1.));
#8005 = ORIENTED_EDGE('',*,*,#6072,.F.);
#8006 = PLANE('',#8007);
#8007 = AXIS2_PLACEMENT_3D('',#8008,#8009,#8010);
#8008 = CARTESIAN_POINT('',(208.105792,-30.455414,0.));
#8009 = DIRECTION('',(-1.7059211537E-03,-0.999998544915,0.));
#8010 = DIRECTION('',(-0.999998544915,1.7059211537E-03,0.));
#8011 = ADVANCED_FACE('',(#8012),#8023,.T.);
#8012 = FACE_BOUND('',#8013,.T.);
#8013 = EDGE_LOOP('',(#8014,#8020,#8021,#8022));
#8014 = ORIENTED_EDGE('',*,*,#8015,.T.);
#8015 = EDGE_CURVE('',#5962,#6684,#8016,.T.);
#8016 = LINE('',#8017,#8018);
#8017 = CARTESIAN_POINT('',(176.693795,-55.772824,0.));
#8018 = VECTOR('',#8019,1.);
#8019 = DIRECTION('',(0.,0.,1.));
#8020 = ORIENTED_EDGE('',*,*,#6683,.T.);
#8021 = ORIENTED_EDGE('',*,*,#7981,.F.);
#8022 = ORIENTED_EDGE('',*,*,#5961,.F.);
#8023 = PLANE('',#8024);
#8024 = AXIS2_PLACEMENT_3D('',#8025,#8026,#8027);
#8025 = CARTESIAN_POINT('',(176.693795,-55.772824,0.));
#8026 = DIRECTION('',(0.,1.,0.));
#8027 = DIRECTION('',(1.,0.,0.));
#8028 = ADVANCED_FACE('',(#8029),#8040,.T.);
#8029 = FACE_BOUND('',#8030,.T.);
#8030 = EDGE_LOOP('',(#8031,#8032,#8033,#8039));
#8031 = ORIENTED_EDGE('',*,*,#8000,.T.);
#8032 = ORIENTED_EDGE('',*,*,#6785,.T.);
#8033 = ORIENTED_EDGE('',*,*,#8034,.F.);
#8034 = EDGE_CURVE('',#6055,#6777,#8035,.T.);
#8035 = LINE('',#8036,#8037);
#8036 = CARTESIAN_POINT('',(203.105795,-29.765693,0.));
#8037 = VECTOR('',#8038,1.);
#8038 = DIRECTION('',(0.,0.,1.));
#8039 = ORIENTED_EDGE('',*,*,#6063,.F.);
#8040 = CYLINDRICAL_SURFACE('',#8041,0.689791106999);
#8041 = AXIS2_PLACEMENT_3D('',#8042,#8043,#8044);
#8042 = CARTESIAN_POINT('',(203.79554616439,-29.75826989361,0.));
#8043 = DIRECTION('',(0.,0.,-1.));
#8044 = DIRECTION('',(-4.228004150886E-05,-0.999999999106,-0.));
#8045 = ADVANCED_FACE('',(#8046),#8057,.F.);
#8046 = FACE_BOUND('',#8047,.T.);
#8047 = EDGE_LOOP('',(#8048,#8054,#8055,#8056));
#8048 = ORIENTED_EDGE('',*,*,#8049,.T.);
#8049 = EDGE_CURVE('',#5970,#6692,#8050,.T.);
#8050 = LINE('',#8051,#8052);
#8051 = CARTESIAN_POINT('',(175.893797,-54.972825,0.));
#8052 = VECTOR('',#8053,1.);
#8053 = DIRECTION('',(0.,0.,1.));
#8054 = ORIENTED_EDGE('',*,*,#6691,.T.);
#8055 = ORIENTED_EDGE('',*,*,#8015,.F.);
#8056 = ORIENTED_EDGE('',*,*,#5969,.F.);
#8057 = CYLINDRICAL_SURFACE('',#8058,0.799999743764);
#8058 = AXIS2_PLACEMENT_3D('',#8059,#8060,#8061);
#8059 = CARTESIAN_POINT('',(176.69379674376,-54.97282425623,0.));
#8060 = DIRECTION('',(-0.,-0.,-1.));
#8061 = DIRECTION('',(-1.,-9.297025862674E-07,0.));
#8062 = ADVANCED_FACE('',(#8063),#8074,.F.);
#8063 = FACE_BOUND('',#8064,.T.);
#8064 = EDGE_LOOP('',(#8065,#8066,#8067,#8073));
#8065 = ORIENTED_EDGE('',*,*,#8034,.T.);
#8066 = ORIENTED_EDGE('',*,*,#6776,.T.);
#8067 = ORIENTED_EDGE('',*,*,#8068,.F.);
#8068 = EDGE_CURVE('',#6047,#6769,#8069,.T.);
#8069 = LINE('',#8070,#8071);
#8070 = CARTESIAN_POINT('',(200.847795,-27.507693,0.));
#8071 = VECTOR('',#8072,1.);
#8072 = DIRECTION('',(0.,0.,1.));
#8073 = ORIENTED_EDGE('',*,*,#6054,.F.);
#8074 = CYLINDRICAL_SURFACE('',#8075,2.258000382116);
#8075 = AXIS2_PLACEMENT_3D('',#8076,#8077,#8078);
#8076 = CARTESIAN_POINT('',(200.84779461788,-29.76569338211,0.));
#8077 = DIRECTION('',(-0.,-0.,-1.));
#8078 = DIRECTION('',(1.,1.692276989514E-07,-0.));
#8079 = ADVANCED_FACE('',(#8080),#8091,.T.);
#8080 = FACE_BOUND('',#8081,.T.);
#8081 = EDGE_LOOP('',(#8082,#8088,#8089,#8090));
#8082 = ORIENTED_EDGE('',*,*,#8083,.T.);
#8083 = EDGE_CURVE('',#5979,#6701,#8084,.T.);
#8084 = LINE('',#8085,#8086);
#8085 = CARTESIAN_POINT('',(175.893797,-50.898422,0.));
#8086 = VECTOR('',#8087,1.);
#8087 = DIRECTION('',(0.,0.,1.));
#8088 = ORIENTED_EDGE('',*,*,#6700,.T.);
#8089 = ORIENTED_EDGE('',*,*,#8049,.F.);
#8090 = ORIENTED_EDGE('',*,*,#5978,.F.);
#8091 = PLANE('',#8092);
#8092 = AXIS2_PLACEMENT_3D('',#8093,#8094,#8095);
#8093 = CARTESIAN_POINT('',(175.893797,-50.898422,0.));
#8094 = DIRECTION('',(1.,0.,-0.));
#8095 = DIRECTION('',(0.,-1.,0.));
#8096 = ADVANCED_FACE('',(#8097),#8108,.T.);
#8097 = FACE_BOUND('',#8098,.T.);
#8098 = EDGE_LOOP('',(#8099,#8100,#8101,#8107));
#8099 = ORIENTED_EDGE('',*,*,#8068,.T.);
#8100 = ORIENTED_EDGE('',*,*,#6768,.T.);
#8101 = ORIENTED_EDGE('',*,*,#8102,.F.);
#8102 = EDGE_CURVE('',#6038,#6760,#8103,.T.);
#8103 = LINE('',#8104,#8105);
#8104 = CARTESIAN_POINT('',(185.463794,-27.507666,0.));
#8105 = VECTOR('',#8106,1.);
#8106 = DIRECTION('',(0.,0.,1.));
#8107 = ORIENTED_EDGE('',*,*,#6046,.F.);
#8108 = PLANE('',#8109);
#8109 = AXIS2_PLACEMENT_3D('',#8110,#8111,#8112);
#8110 = CARTESIAN_POINT('',(200.847795,-27.507693,0.));
#8111 = DIRECTION('',(-1.755070088678E-06,-0.999999999998,0.));
#8112 = DIRECTION('',(-0.999999999998,1.755070088678E-06,0.));
#8113 = ADVANCED_FACE('',(#8114),#8125,.F.);
#8114 = FACE_BOUND('',#8115,.T.);
#8115 = EDGE_LOOP('',(#8116,#8122,#8123,#8124));
#8116 = ORIENTED_EDGE('',*,*,#8117,.T.);
#8117 = EDGE_CURVE('',#5987,#6709,#8118,.T.);
#8118 = LINE('',#8119,#8120);
#8119 = CARTESIAN_POINT('',(176.693796,-50.098424,0.));
#8120 = VECTOR('',#8121,1.);
#8121 = DIRECTION('',(0.,0.,1.));
#8122 = ORIENTED_EDGE('',*,*,#6708,.T.);
#8123 = ORIENTED_EDGE('',*,*,#8083,.F.);
#8124 = ORIENTED_EDGE('',*,*,#5986,.F.);
#8125 = CYLINDRICAL_SURFACE('',#8126,0.799999743764);
#8126 = AXIS2_PLACEMENT_3D('',#8127,#8128,#8129);
#8127 = CARTESIAN_POINT('',(176.69379674376,-50.89842374376,0.));
#8128 = DIRECTION('',(-0.,-0.,-1.));
#8129 = DIRECTION('',(-9.297025862674E-07,1.,0.));
#8130 = ADVANCED_FACE('',(#8131),#8142,.F.);
#8131 = FACE_BOUND('',#8132,.T.);
#8132 = EDGE_LOOP('',(#8133,#8134,#8135,#8141));
#8133 = ORIENTED_EDGE('',*,*,#8102,.T.);
#8134 = ORIENTED_EDGE('',*,*,#6759,.T.);
#8135 = ORIENTED_EDGE('',*,*,#8136,.F.);
#8136 = EDGE_CURVE('',#6029,#6751,#8137,.T.);
#8137 = LINE('',#8138,#8139);
#8138 = CARTESIAN_POINT('',(183.205794,-29.765666,0.));
#8139 = VECTOR('',#8140,1.);
#8140 = DIRECTION('',(0.,0.,1.));
#8141 = ORIENTED_EDGE('',*,*,#6037,.F.);
#8142 = CYLINDRICAL_SURFACE('',#8143,2.258000382116);
#8143 = AXIS2_PLACEMENT_3D('',#8144,#8145,#8146);
#8144 = CARTESIAN_POINT('',(185.46379438211,-29.76566638211,0.));
#8145 = DIRECTION('',(-0.,-0.,-1.));
#8146 = DIRECTION('',(-1.692276879376E-07,1.,0.));
#8147 = ADVANCED_FACE('',(#8148),#8159,.T.);
#8148 = FACE_BOUND('',#8149,.T.);
#8149 = EDGE_LOOP('',(#8150,#8156,#8157,#8158));
#8150 = ORIENTED_EDGE('',*,*,#8151,.T.);
#8151 = EDGE_CURVE('',#5996,#6718,#8152,.T.);
#8152 = LINE('',#8153,#8154);
#8153 = CARTESIAN_POINT('',(177.425795,-50.098424,0.));
#8154 = VECTOR('',#8155,1.);
#8155 = DIRECTION('',(0.,0.,1.));
#8156 = ORIENTED_EDGE('',*,*,#6717,.T.);
#8157 = ORIENTED_EDGE('',*,*,#8117,.F.);
#8158 = ORIENTED_EDGE('',*,*,#5995,.F.);
#8159 = PLANE('',#8160);
#8160 = AXIS2_PLACEMENT_3D('',#8161,#8162,#8163);
#8161 = CARTESIAN_POINT('',(177.425795,-50.098424,0.));
#8162 = DIRECTION('',(0.,-1.,0.));
#8163 = DIRECTION('',(-1.,0.,0.));
#8164 = ADVANCED_FACE('',(#8165),#8176,.T.);
#8165 = FACE_BOUND('',#8166,.T.);
#8166 = EDGE_LOOP('',(#8167,#8168,#8169,#8175));
#8167 = ORIENTED_EDGE('',*,*,#8136,.T.);
#8168 = ORIENTED_EDGE('',*,*,#6750,.T.);
#8169 = ORIENTED_EDGE('',*,*,#8170,.F.);
#8170 = EDGE_CURVE('',#6021,#6743,#8171,.T.);
#8171 = LINE('',#8172,#8173);
#8172 = CARTESIAN_POINT('',(182.51611,-30.448142,0.));
#8173 = VECTOR('',#8174,1.);
#8174 = DIRECTION('',(0.,0.,1.));
#8175 = ORIENTED_EDGE('',*,*,#6028,.F.);
#8176 = CYLINDRICAL_SURFACE('',#8177,0.689723409185);
#8177 = AXIS2_PLACEMENT_3D('',#8178,#8179,#8180);
#8178 = CARTESIAN_POINT('',(182.51610866868,-29.75841859081,0.));
#8179 = DIRECTION('',(0.,0.,-1.));
#8180 = DIRECTION('',(0.999944792558,-1.050770364874E-02,0.));
#8181 = ADVANCED_FACE('',(#8182),#8193,.T.);
#8182 = FACE_BOUND('',#8183,.T.);
#8183 = EDGE_LOOP('',(#8184,#8190,#8191,#8192));
#8184 = ORIENTED_EDGE('',*,*,#8185,.T.);
#8185 = EDGE_CURVE('',#6004,#6726,#8186,.T.);
#8186 = LINE('',#8187,#8188);
#8187 = CARTESIAN_POINT('',(178.225795,-49.298424,0.));
#8188 = VECTOR('',#8189,1.);
#8189 = DIRECTION('',(0.,0.,1.));
#8190 = ORIENTED_EDGE('',*,*,#6725,.T.);
#8191 = ORIENTED_EDGE('',*,*,#8151,.F.);
#8192 = ORIENTED_EDGE('',*,*,#6003,.F.);
#8193 = CYLINDRICAL_SURFACE('',#8194,0.800001450872);
#8194 = AXIS2_PLACEMENT_3D('',#8195,#8196,#8197);
#8195 = CARTESIAN_POINT('',(177.42579354912,-49.29842254912,0.));
#8196 = DIRECTION('',(0.,0.,-1.));
#8197 = DIRECTION('',(0.999999999998,-1.813584994895E-06,0.));
#8198 = ADVANCED_FACE('',(#8199),#8210,.T.);
#8199 = FACE_BOUND('',#8200,.T.);
#8200 = EDGE_LOOP('',(#8201,#8202,#8203,#8209));
#8201 = ORIENTED_EDGE('',*,*,#8170,.T.);
#8202 = ORIENTED_EDGE('',*,*,#6742,.T.);
#8203 = ORIENTED_EDGE('',*,*,#8204,.F.);
#8204 = EDGE_CURVE('',#6013,#6735,#8205,.T.);
#8205 = LINE('',#8206,#8207);
#8206 = CARTESIAN_POINT('',(178.205797,-30.448061,0.));
#8207 = VECTOR('',#8208,1.);
#8208 = DIRECTION('',(0.,0.,1.));
#8209 = ORIENTED_EDGE('',*,*,#6020,.F.);
#8210 = PLANE('',#8211);
#8211 = AXIS2_PLACEMENT_3D('',#8212,#8213,#8214);
#8212 = CARTESIAN_POINT('',(182.51611,-30.448142,0.));
#8213 = DIRECTION('',(-1.879213875819E-05,-0.999999999823,0.));
#8214 = DIRECTION('',(-0.999999999823,1.879213875819E-05,0.));
#8215 = ADVANCED_FACE('',(#8216),#8222,.T.);
#8216 = FACE_BOUND('',#8217,.T.);
#8217 = EDGE_LOOP('',(#8218,#8219,#8220,#8221));
#8218 = ORIENTED_EDGE('',*,*,#8204,.T.);
#8219 = ORIENTED_EDGE('',*,*,#6734,.T.);
#8220 = ORIENTED_EDGE('',*,*,#8185,.F.);
#8221 = ORIENTED_EDGE('',*,*,#6012,.F.);
#8222 = PLANE('',#8223);
#8223 = AXIS2_PLACEMENT_3D('',#8224,#8225,#8226);
#8224 = CARTESIAN_POINT('',(178.205797,-30.448061,0.));
#8225 = DIRECTION('',(0.999999437266,1.060880830064E-03,-0.));
#8226 = DIRECTION('',(1.060880830064E-03,-0.999999437266,0.));
#8227 = ADVANCED_FACE('',(#8228),#8239,.F.);
#8228 = FACE_BOUND('',#8229,.T.);
#8229 = EDGE_LOOP('',(#8230,#8231,#8237,#8238));
#8230 = ORIENTED_EDGE('',*,*,#6276,.T.);
#8231 = ORIENTED_EDGE('',*,*,#8232,.T.);
#8232 = EDGE_CURVE('',#6277,#6999,#8233,.T.);
#8233 = LINE('',#8234,#8235);
#8234 = CARTESIAN_POINT('',(176.435797,-58.112713,-4.6E-02));
#8235 = VECTOR('',#8236,1.);
#8236 = DIRECTION('',(0.,0.,1.));
#8237 = ORIENTED_EDGE('',*,*,#6998,.F.);
#8238 = ORIENTED_EDGE('',*,*,#8232,.F.);
#8239 = CYLINDRICAL_SURFACE('',#8240,0.25);
#8240 = AXIS2_PLACEMENT_3D('',#8241,#8242,#8243);
#8241 = CARTESIAN_POINT('',(176.435797,-57.862713,-4.6E-02));
#8242 = DIRECTION('',(-0.,-0.,-1.));
#8243 = DIRECTION('',(-0.,-1.,0.));
#8244 = ADVANCED_FACE('',(#8245),#8256,.F.);
#8245 = FACE_BOUND('',#8246,.T.);
#8246 = EDGE_LOOP('',(#8247,#8253,#8254,#8255));
#8247 = ORIENTED_EDGE('',*,*,#8248,.T.);
#8248 = EDGE_CURVE('',#6288,#7010,#8249,.T.);
#8249 = LINE('',#8250,#8251);
#8250 = CARTESIAN_POINT('',(174.105797,-52.932713,0.));
#8251 = VECTOR('',#8252,1.);
#8252 = DIRECTION('',(0.,0.,1.));
#8253 = ORIENTED_EDGE('',*,*,#7009,.T.);
#8254 = ORIENTED_EDGE('',*,*,#8248,.F.);
#8255 = ORIENTED_EDGE('',*,*,#6287,.F.);
#8256 = CYLINDRICAL_SURFACE('',#8257,3.);
#8257 = AXIS2_PLACEMENT_3D('',#8258,#8259,#8260);
#8258 = CARTESIAN_POINT('',(171.105797,-52.932713,0.));
#8259 = DIRECTION('',(-0.,-0.,-1.));
#8260 = DIRECTION('',(1.,0.,-0.));
#8261 = ADVANCED_FACE('',(#8262),#8273,.F.);
#8262 = FACE_BOUND('',#8263,.T.);
#8263 = EDGE_LOOP('',(#8264,#8265,#8271,#8272));
#8264 = ORIENTED_EDGE('',*,*,#6298,.T.);
#8265 = ORIENTED_EDGE('',*,*,#8266,.T.);
#8266 = EDGE_CURVE('',#6299,#7021,#8267,.T.);
#8267 = LINE('',#8268,#8269);
#8268 = CARTESIAN_POINT('',(174.705797,-49.582713,-4.6E-02));
#8269 = VECTOR('',#8270,1.);
#8270 = DIRECTION('',(0.,0.,1.));
#8271 = ORIENTED_EDGE('',*,*,#7020,.F.);
#8272 = ORIENTED_EDGE('',*,*,#8266,.F.);
#8273 = CYLINDRICAL_SURFACE('',#8274,0.25);
#8274 = AXIS2_PLACEMENT_3D('',#8275,#8276,#8277);
#8275 = CARTESIAN_POINT('',(174.705797,-49.332713,-4.6E-02));
#8276 = DIRECTION('',(-0.,-0.,-1.));
#8277 = DIRECTION('',(-0.,-1.,0.));
#8278 = ADVANCED_FACE('',(#8279),#8290,.F.);
#8279 = FACE_BOUND('',#8280,.T.);
#8280 = EDGE_LOOP('',(#8281,#8287,#8288,#8289));
#8281 = ORIENTED_EDGE('',*,*,#8282,.T.);
#8282 = EDGE_CURVE('',#6310,#7032,#8283,.T.);
#8283 = LINE('',#8284,#8285);
#8284 = CARTESIAN_POINT('',(218.218861,-52.935607,0.));
#8285 = VECTOR('',#8286,1.);
#8286 = DIRECTION('',(0.,0.,1.));
#8287 = ORIENTED_EDGE('',*,*,#7031,.T.);
#8288 = ORIENTED_EDGE('',*,*,#8282,.F.);
#8289 = ORIENTED_EDGE('',*,*,#6309,.F.);
#8290 = CYLINDRICAL_SURFACE('',#8291,3.);
#8291 = AXIS2_PLACEMENT_3D('',#8292,#8293,#8294);
#8292 = CARTESIAN_POINT('',(215.218861,-52.935607,0.));
#8293 = DIRECTION('',(-0.,-0.,-1.));
#8294 = DIRECTION('',(1.,0.,-0.));
#8295 = ADVANCED_FACE('',(#8296),#8307,.F.);
#8296 = FACE_BOUND('',#8297,.T.);
#8297 = EDGE_LOOP('',(#8298,#8299,#8305,#8306));
#8298 = ORIENTED_EDGE('',*,*,#6320,.T.);
#8299 = ORIENTED_EDGE('',*,*,#8300,.T.);
#8300 = EDGE_CURVE('',#6321,#7043,#8301,.T.);
#8301 = LINE('',#8302,#8303);
#8302 = CARTESIAN_POINT('',(211.618861,-49.585607,-4.6E-02));
#8303 = VECTOR('',#8304,1.);
#8304 = DIRECTION('',(0.,0.,1.));
#8305 = ORIENTED_EDGE('',*,*,#7042,.F.);
#8306 = ORIENTED_EDGE('',*,*,#8300,.F.);
#8307 = CYLINDRICAL_SURFACE('',#8308,0.25);
#8308 = AXIS2_PLACEMENT_3D('',#8309,#8310,#8311);
#8309 = CARTESIAN_POINT('',(211.618861,-49.335607,-4.6E-02));
#8310 = DIRECTION('',(-0.,-0.,-1.));
#8311 = DIRECTION('',(-0.,-1.,0.));
#8312 = ADVANCED_FACE('',(#8313),#8329,.F.);
#8313 = FACE_BOUND('',#8314,.T.);
#8314 = EDGE_LOOP('',(#8315,#8321,#8322,#8328));
#8315 = ORIENTED_EDGE('',*,*,#8316,.T.);
#8316 = EDGE_CURVE('',#6332,#7054,#8317,.T.);
#8317 = LINE('',#8318,#8319);
#8318 = CARTESIAN_POINT('',(169.625794,-29.898423,0.));
#8319 = VECTOR('',#8320,1.);
#8320 = DIRECTION('',(0.,0.,1.));
#8321 = ORIENTED_EDGE('',*,*,#7053,.T.);
#8322 = ORIENTED_EDGE('',*,*,#8323,.F.);
#8323 = EDGE_CURVE('',#6334,#7056,#8324,.T.);
#8324 = LINE('',#8325,#8326);
#8325 = CARTESIAN_POINT('',(169.225794,-30.298423,0.));
#8326 = VECTOR('',#8327,1.);
#8327 = DIRECTION('',(0.,0.,1.));
#8328 = ORIENTED_EDGE('',*,*,#6331,.F.);
#8329 = CYLINDRICAL_SURFACE('',#8330,0.399999018331);
#8330 = AXIS2_PLACEMENT_3D('',#8331,#8332,#8333);
#8331 = CARTESIAN_POINT('',(169.62579301833,-30.29842201833,0.));
#8332 = DIRECTION('',(-0.,-0.,-1.));
#8333 = DIRECTION('',(2.454181481395E-06,0.999999999997,-0.));
#8334 = ADVANCED_FACE('',(#8335),#8346,.T.);
#8335 = FACE_BOUND('',#8336,.T.);
#8336 = EDGE_LOOP('',(#8337,#8343,#8344,#8345));
#8337 = ORIENTED_EDGE('',*,*,#8338,.T.);
#8338 = EDGE_CURVE('',#6343,#7065,#8339,.T.);
#8339 = LINE('',#8340,#8341);
#8340 = CARTESIAN_POINT('',(172.825794,-29.898423,0.));
#8341 = VECTOR('',#8342,1.);
#8342 = DIRECTION('',(0.,0.,1.));
#8343 = ORIENTED_EDGE('',*,*,#7064,.T.);
#8344 = ORIENTED_EDGE('',*,*,#8316,.F.);
#8345 = ORIENTED_EDGE('',*,*,#6342,.F.);
#8346 = PLANE('',#8347);
#8347 = AXIS2_PLACEMENT_3D('',#8348,#8349,#8350);
#8348 = CARTESIAN_POINT('',(172.825794,-29.898423,0.));
#8349 = DIRECTION('',(0.,-1.,0.));
#8350 = DIRECTION('',(-1.,0.,0.));
#8351 = ADVANCED_FACE('',(#8352),#8363,.T.);
#8352 = FACE_BOUND('',#8353,.T.);
#8353 = EDGE_LOOP('',(#8354,#8355,#8356,#8362));
#8354 = ORIENTED_EDGE('',*,*,#8323,.T.);
#8355 = ORIENTED_EDGE('',*,*,#7115,.T.);
#8356 = ORIENTED_EDGE('',*,*,#8357,.F.);
#8357 = EDGE_CURVE('',#6385,#7107,#8358,.T.);
#8358 = LINE('',#8359,#8360);
#8359 = CARTESIAN_POINT('',(169.225794,-32.298423,0.));
#8360 = VECTOR('',#8361,1.);
#8361 = DIRECTION('',(0.,0.,1.));
#8362 = ORIENTED_EDGE('',*,*,#6393,.F.);
#8363 = PLANE('',#8364);
#8364 = AXIS2_PLACEMENT_3D('',#8365,#8366,#8367);
#8365 = CARTESIAN_POINT('',(169.225794,-30.298423,0.));
#8366 = DIRECTION('',(1.,0.,-0.));
#8367 = DIRECTION('',(0.,-1.,0.));
#8368 = ADVANCED_FACE('',(#8369),#8380,.F.);
#8369 = FACE_BOUND('',#8370,.T.);
#8370 = EDGE_LOOP('',(#8371,#8377,#8378,#8379));
#8371 = ORIENTED_EDGE('',*,*,#8372,.T.);
#8372 = EDGE_CURVE('',#6351,#7073,#8373,.T.);
#8373 = LINE('',#8374,#8375);
#8374 = CARTESIAN_POINT('',(173.225794,-30.298423,0.));
#8375 = VECTOR('',#8376,1.);
#8376 = DIRECTION('',(0.,0.,1.));
#8377 = ORIENTED_EDGE('',*,*,#7072,.T.);
#8378 = ORIENTED_EDGE('',*,*,#8338,.F.);
#8379 = ORIENTED_EDGE('',*,*,#6350,.F.);
#8380 = CYLINDRICAL_SURFACE('',#8381,0.399999018331);
#8381 = AXIS2_PLACEMENT_3D('',#8382,#8383,#8384);
#8382 = CARTESIAN_POINT('',(172.82579498167,-30.29842201833,0.));
#8383 = DIRECTION('',(-0.,-0.,-1.));
#8384 = DIRECTION('',(0.999999999997,-2.454181321522E-06,0.));
#8385 = ADVANCED_FACE('',(#8386),#8397,.F.);
#8386 = FACE_BOUND('',#8387,.T.);
#8387 = EDGE_LOOP('',(#8388,#8389,#8390,#8396));
#8388 = ORIENTED_EDGE('',*,*,#8357,.T.);
#8389 = ORIENTED_EDGE('',*,*,#7106,.T.);
#8390 = ORIENTED_EDGE('',*,*,#8391,.F.);
#8391 = EDGE_CURVE('',#6377,#7099,#8392,.T.);
#8392 = LINE('',#8393,#8394);
#8393 = CARTESIAN_POINT('',(169.625794,-32.698423,0.));
#8394 = VECTOR('',#8395,1.);
#8395 = DIRECTION('',(0.,0.,1.));
#8396 = ORIENTED_EDGE('',*,*,#6384,.F.);
#8397 = CYLINDRICAL_SURFACE('',#8398,0.399999018331);
#8398 = AXIS2_PLACEMENT_3D('',#8399,#8400,#8401);
#8399 = CARTESIAN_POINT('',(169.62579301833,-32.29842398167,0.));
#8400 = DIRECTION('',(-0.,-0.,-1.));
#8401 = DIRECTION('',(-0.999999999997,2.454181445868E-06,0.));
#8402 = ADVANCED_FACE('',(#8403),#8414,.T.);
#8403 = FACE_BOUND('',#8404,.T.);
#8404 = EDGE_LOOP('',(#8405,#8411,#8412,#8413));
#8405 = ORIENTED_EDGE('',*,*,#8406,.T.);
#8406 = EDGE_CURVE('',#6360,#7082,#8407,.T.);
#8407 = LINE('',#8408,#8409);
#8408 = CARTESIAN_POINT('',(173.225794,-32.298423,0.));
#8409 = VECTOR('',#8410,1.);
#8410 = DIRECTION('',(0.,0.,1.));
#8411 = ORIENTED_EDGE('',*,*,#7081,.T.);
#8412 = ORIENTED_EDGE('',*,*,#8372,.F.);
#8413 = ORIENTED_EDGE('',*,*,#6359,.F.);
#8414 = PLANE('',#8415);
#8415 = AXIS2_PLACEMENT_3D('',#8416,#8417,#8418);
#8416 = CARTESIAN_POINT('',(173.225794,-32.298423,0.));
#8417 = DIRECTION('',(-1.,0.,0.));
#8418 = DIRECTION('',(0.,1.,0.));
#8419 = ADVANCED_FACE('',(#8420),#8431,.T.);
#8420 = FACE_BOUND('',#8421,.T.);
#8421 = EDGE_LOOP('',(#8422,#8423,#8424,#8430));
#8422 = ORIENTED_EDGE('',*,*,#8391,.T.);
#8423 = ORIENTED_EDGE('',*,*,#7098,.T.);
#8424 = ORIENTED_EDGE('',*,*,#8425,.F.);
#8425 = EDGE_CURVE('',#6368,#7090,#8426,.T.);
#8426 = LINE('',#8427,#8428);
#8427 = CARTESIAN_POINT('',(172.825794,-32.698423,0.));
#8428 = VECTOR('',#8429,1.);
#8429 = DIRECTION('',(0.,0.,1.));
#8430 = ORIENTED_EDGE('',*,*,#6376,.F.);
#8431 = PLANE('',#8432);
#8432 = AXIS2_PLACEMENT_3D('',#8433,#8434,#8435);
#8433 = CARTESIAN_POINT('',(169.625794,-32.698423,0.));
#8434 = DIRECTION('',(0.,1.,0.));
#8435 = DIRECTION('',(1.,0.,0.));
#8436 = ADVANCED_FACE('',(#8437),#8443,.F.);
#8437 = FACE_BOUND('',#8438,.T.);
#8438 = EDGE_LOOP('',(#8439,#8440,#8441,#8442));
#8439 = ORIENTED_EDGE('',*,*,#8425,.T.);
#8440 = ORIENTED_EDGE('',*,*,#7089,.T.);
#8441 = ORIENTED_EDGE('',*,*,#8406,.F.);
#8442 = ORIENTED_EDGE('',*,*,#6367,.F.);
#8443 = CYLINDRICAL_SURFACE('',#8444,0.399999018331);
#8444 = AXIS2_PLACEMENT_3D('',#8445,#8446,#8447);
#8445 = CARTESIAN_POINT('',(172.82579498167,-32.29842398167,0.));
#8446 = DIRECTION('',(-0.,-0.,-1.));
#8447 = DIRECTION('',(-2.454181339286E-06,-0.999999999997,0.));
#8448 = ADVANCED_FACE('',(#8449),#8465,.F.);
#8449 = FACE_BOUND('',#8450,.T.);
#8450 = EDGE_LOOP('',(#8451,#8457,#8458,#8464));
#8451 = ORIENTED_EDGE('',*,*,#8452,.T.);
#8452 = EDGE_CURVE('',#6402,#7124,#8453,.T.);
#8453 = LINE('',#8454,#8455);
#8454 = CARTESIAN_POINT('',(213.605797,-29.898458,0.));
#8455 = VECTOR('',#8456,1.);
#8456 = DIRECTION('',(0.,0.,1.));
#8457 = ORIENTED_EDGE('',*,*,#7123,.T.);
#8458 = ORIENTED_EDGE('',*,*,#8459,.F.);
#8459 = EDGE_CURVE('',#6404,#7126,#8460,.T.);
#8460 = LINE('',#8461,#8462);
#8461 = CARTESIAN_POINT('',(213.205797,-30.298458,0.));
#8462 = VECTOR('',#8463,1.);
#8463 = DIRECTION('',(0.,0.,1.));
#8464 = ORIENTED_EDGE('',*,*,#6401,.F.);
#8465 = CYLINDRICAL_SURFACE('',#8466,0.400069029852);
#8466 = AXIS2_PLACEMENT_3D('',#8467,#8468,#8469);
#8467 = CARTESIAN_POINT('',(213.60586602389,-30.29852702389,0.));
#8468 = DIRECTION('',(-0.,-0.,-1.));
#8469 = DIRECTION('',(-1.725299694785E-04,0.999999985117,0.));
#8470 = ADVANCED_FACE('',(#8471),#8482,.T.);
#8471 = FACE_BOUND('',#8472,.T.);
#8472 = EDGE_LOOP('',(#8473,#8479,#8480,#8481));
#8473 = ORIENTED_EDGE('',*,*,#8474,.T.);
#8474 = EDGE_CURVE('',#6413,#7135,#8475,.T.);
#8475 = LINE('',#8476,#8477);
#8476 = CARTESIAN_POINT('',(216.805797,-29.898458,0.));
#8477 = VECTOR('',#8478,1.);
#8478 = DIRECTION('',(0.,0.,1.));
#8479 = ORIENTED_EDGE('',*,*,#7134,.T.);
#8480 = ORIENTED_EDGE('',*,*,#8452,.F.);
#8481 = ORIENTED_EDGE('',*,*,#6412,.F.);
#8482 = PLANE('',#8483);
#8483 = AXIS2_PLACEMENT_3D('',#8484,#8485,#8486);
#8484 = CARTESIAN_POINT('',(216.805797,-29.898458,0.));
#8485 = DIRECTION('',(0.,-1.,0.));
#8486 = DIRECTION('',(-1.,0.,0.));
#8487 = ADVANCED_FACE('',(#8488),#8499,.T.);
#8488 = FACE_BOUND('',#8489,.T.);
#8489 = EDGE_LOOP('',(#8490,#8491,#8492,#8498));
#8490 = ORIENTED_EDGE('',*,*,#8459,.T.);
#8491 = ORIENTED_EDGE('',*,*,#7185,.T.);
#8492 = ORIENTED_EDGE('',*,*,#8493,.F.);
#8493 = EDGE_CURVE('',#6455,#7177,#8494,.T.);
#8494 = LINE('',#8495,#8496);
#8495 = CARTESIAN_POINT('',(213.205797,-32.298458,0.));
#8496 = VECTOR('',#8497,1.);
#8497 = DIRECTION('',(0.,0.,1.));
#8498 = ORIENTED_EDGE('',*,*,#6463,.F.);
#8499 = PLANE('',#8500);
#8500 = AXIS2_PLACEMENT_3D('',#8501,#8502,#8503);
#8501 = CARTESIAN_POINT('',(213.205797,-30.298458,0.));
#8502 = DIRECTION('',(1.,0.,-0.));
#8503 = DIRECTION('',(0.,-1.,0.));
#8504 = ADVANCED_FACE('',(#8505),#8516,.F.);
#8505 = FACE_BOUND('',#8506,.T.);
#8506 = EDGE_LOOP('',(#8507,#8513,#8514,#8515));
#8507 = ORIENTED_EDGE('',*,*,#8508,.T.);
#8508 = EDGE_CURVE('',#6421,#7143,#8509,.T.);
#8509 = LINE('',#8510,#8511);
#8510 = CARTESIAN_POINT('',(217.205797,-30.298458,0.));
#8511 = VECTOR('',#8512,1.);
#8512 = DIRECTION('',(0.,0.,1.));
#8513 = ORIENTED_EDGE('',*,*,#7142,.T.);
#8514 = ORIENTED_EDGE('',*,*,#8474,.F.);
#8515 = ORIENTED_EDGE('',*,*,#6420,.F.);
#8516 = CYLINDRICAL_SURFACE('',#8517,0.399966587808);
#8517 = AXIS2_PLACEMENT_3D('',#8518,#8519,#8520);
#8518 = CARTESIAN_POINT('',(216.80583041358,-30.29842458641,0.));
#8519 = DIRECTION('',(-0.,-0.,-1.));
#8520 = DIRECTION('',(0.99999999651,-8.354094669547E-05,0.));
#8521 = ADVANCED_FACE('',(#8522),#8533,.F.);
#8522 = FACE_BOUND('',#8523,.T.);
#8523 = EDGE_LOOP('',(#8524,#8525,#8526,#8532));
#8524 = ORIENTED_EDGE('',*,*,#8493,.T.);
#8525 = ORIENTED_EDGE('',*,*,#7176,.T.);
#8526 = ORIENTED_EDGE('',*,*,#8527,.F.);
#8527 = EDGE_CURVE('',#6447,#7169,#8528,.T.);
#8528 = LINE('',#8529,#8530);
#8529 = CARTESIAN_POINT('',(213.605797,-32.698458,0.));
#8530 = VECTOR('',#8531,1.);
#8531 = DIRECTION('',(0.,0.,1.));
#8532 = ORIENTED_EDGE('',*,*,#6454,.F.);
#8533 = CYLINDRICAL_SURFACE('',#8534,0.400034872503);
#8534 = AXIS2_PLACEMENT_3D('',#8535,#8536,#8537);
#8535 = CARTESIAN_POINT('',(213.60583187098,-32.29842312901,0.));
#8536 = DIRECTION('',(-0.,-0.,-1.));
#8537 = DIRECTION('',(-0.999999996201,-8.716985946911E-05,0.));
#8538 = ADVANCED_FACE('',(#8539),#8550,.T.);
#8539 = FACE_BOUND('',#8540,.T.);
#8540 = EDGE_LOOP('',(#8541,#8547,#8548,#8549));
#8541 = ORIENTED_EDGE('',*,*,#8542,.T.);
#8542 = EDGE_CURVE('',#6430,#7152,#8543,.T.);
#8543 = LINE('',#8544,#8545);
#8544 = CARTESIAN_POINT('',(217.205797,-32.298458,0.));
#8545 = VECTOR('',#8546,1.);
#8546 = DIRECTION('',(0.,0.,1.));
#8547 = ORIENTED_EDGE('',*,*,#7151,.T.);
#8548 = ORIENTED_EDGE('',*,*,#8508,.F.);
#8549 = ORIENTED_EDGE('',*,*,#6429,.F.);
#8550 = PLANE('',#8551);
#8551 = AXIS2_PLACEMENT_3D('',#8552,#8553,#8554);
#8552 = CARTESIAN_POINT('',(217.205797,-32.298458,0.));
#8553 = DIRECTION('',(-1.,0.,0.));
#8554 = DIRECTION('',(0.,1.,0.));
#8555 = ADVANCED_FACE('',(#8556),#8567,.T.);
#8556 = FACE_BOUND('',#8557,.T.);
#8557 = EDGE_LOOP('',(#8558,#8559,#8560,#8566));
#8558 = ORIENTED_EDGE('',*,*,#8527,.T.);
#8559 = ORIENTED_EDGE('',*,*,#7168,.T.);
#8560 = ORIENTED_EDGE('',*,*,#8561,.F.);
#8561 = EDGE_CURVE('',#6438,#7160,#8562,.T.);
#8562 = LINE('',#8563,#8564);
#8563 = CARTESIAN_POINT('',(216.805797,-32.698458,0.));
#8564 = VECTOR('',#8565,1.);
#8565 = DIRECTION('',(0.,0.,1.));
#8566 = ORIENTED_EDGE('',*,*,#6446,.F.);
#8567 = PLANE('',#8568);
#8568 = AXIS2_PLACEMENT_3D('',#8569,#8570,#8571);
#8569 = CARTESIAN_POINT('',(213.605797,-32.698458,0.));
#8570 = DIRECTION('',(0.,1.,0.));
#8571 = DIRECTION('',(1.,0.,0.));
#8572 = ADVANCED_FACE('',(#8573),#8579,.F.);
#8573 = FACE_BOUND('',#8574,.T.);
#8574 = EDGE_LOOP('',(#8575,#8576,#8577,#8578));
#8575 = ORIENTED_EDGE('',*,*,#8561,.T.);
#8576 = ORIENTED_EDGE('',*,*,#7159,.T.);
#8577 = ORIENTED_EDGE('',*,*,#8542,.F.);
#8578 = ORIENTED_EDGE('',*,*,#6437,.F.);
#8579 = CYLINDRICAL_SURFACE('',#8580,0.399930754309);
#8580 = AXIS2_PLACEMENT_3D('',#8581,#8582,#8583);
#8581 = CARTESIAN_POINT('',(216.80586625168,-32.29852725168,0.));
#8582 = DIRECTION('',(-0.,-0.,-1.));
#8583 = DIRECTION('',(-1.731591925985E-04,-0.999999985008,0.));
#8584 = ( GEOMETRIC_REPRESENTATION_CONTEXT(3) 
GLOBAL_UNCERTAINTY_ASSIGNED_CONTEXT((#8588)) 
GLOBAL_UNIT_ASSIGNED_CONTEXT((#8585,#8586,#8587)) REPRESENTATION_CONTEXT
('Context #1','3D Context with UNIT and UNCERTAINTY') );
#8585 = ( LENGTH_UNIT() NAMED_UNIT(*) SI_UNIT(.MILLI.,.METRE.) );
#8586 = ( NAMED_UNIT(*) PLANE_ANGLE_UNIT() SI_UNIT($,.RADIAN.) );
#8587 = ( NAMED_UNIT(*) SI_UNIT($,.STERADIAN.) SOLID_ANGLE_UNIT() );
#8588 = UNCERTAINTY_MEASURE_WITH_UNIT(LENGTH_MEASURE(1.E-07),#8585,
  'distance_accuracy_value','confusion accuracy');
#8589 = CONTEXT_DEPENDENT_SHAPE_REPRESENTATION(#8590,#8592);
#8590 = ( REPRESENTATION_RELATIONSHIP('','',#5644,#10) 
REPRESENTATION_RELATIONSHIP_WITH_TRANSFORMATION(#8591) 
SHAPE_REPRESENTATION_RELATIONSHIP() );
#8591 = ITEM_DEFINED_TRANSFORMATION('','',#11,#31);
#8592 = PRODUCT_DEFINITION_SHAPE('Placement','Placement of an item',
  #8593);
#8593 = NEXT_ASSEMBLY_USAGE_OCCURRENCE('5','=>[0:1:1:6]','',#5,#5639,$);
#8594 = PRODUCT_RELATED_PRODUCT_CATEGORY('part',$,(#5641));
#8595 = MECHANICAL_DESIGN_GEOMETRIC_PRESENTATION_REPRESENTATION('',(
    #8596),#8584);
#8596 = STYLED_ITEM('color',(#8597),#5645);
#8597 = PRESENTATION_STYLE_ASSIGNMENT((#8598));
#8598 = SURFACE_STYLE_USAGE(.BOTH.,#8599);
#8599 = SURFACE_SIDE_STYLE('',(#8600,#8604));
#8600 = SURFACE_STYLE_FILL_AREA(#8601);
#8601 = FILL_AREA_STYLE('',(#8602));
#8602 = FILL_AREA_STYLE_COLOUR('',#8603);
#8603 = COLOUR_RGB('',0.679975718802,0.701410709185,0.574871009914);
#8604 = SURFACE_STYLE_RENDERING_WITH_PROPERTIES(.NORMAL_SHADING.,#8603,(
    #8605));
#8605 = SURFACE_STYLE_TRANSPARENT(1.999998092651E-02);
#8606 = MECHANICAL_DESIGN_GEOMETRIC_PRESENTATION_REPRESENTATION('',(
    #8607),#4203);
#8607 = STYLED_ITEM('color',(#8608),#1498);
#8608 = PRESENTATION_STYLE_ASSIGNMENT((#8609));
#8609 = SURFACE_STYLE_USAGE(.BOTH.,#8610);
#8610 = SURFACE_SIDE_STYLE('',(#8611,#8615));
#8611 = SURFACE_STYLE_FILL_AREA(#8612);
#8612 = FILL_AREA_STYLE('',(#8613));
#8613 = FILL_AREA_STYLE_COLOUR('',#8614);
#8614 = COLOUR_RGB('',0.890440242649,0.890440242649,0.890440242649);
#8615 = SURFACE_STYLE_RENDERING_WITH_PROPERTIES(.NORMAL_SHADING.,#8614,(
    #8616));
#8616 = SURFACE_STYLE_TRANSPARENT(0.170000016689);
#8617 = MECHANICAL_DESIGN_GEOMETRIC_PRESENTATION_REPRESENTATION('',(
    #8618),#5626);
#8618 = STYLED_ITEM('color',(#8619),#4224);
#8619 = PRESENTATION_STYLE_ASSIGNMENT((#8620));
#8620 = SURFACE_STYLE_USAGE(.BOTH.,#8621);
#8621 = SURFACE_SIDE_STYLE('',(#8622,#8625));
#8622 = SURFACE_STYLE_FILL_AREA(#8623);
#8623 = FILL_AREA_STYLE('',(#8624));
#8624 = FILL_AREA_STYLE_COLOUR('',#8614);
#8625 = SURFACE_STYLE_RENDERING_WITH_PROPERTIES(.NORMAL_SHADING.,#8614,(
    #8626));
#8626 = SURFACE_STYLE_TRANSPARENT(0.170000016689);
#8627 = MECHANICAL_DESIGN_GEOMETRIC_PRESENTATION_REPRESENTATION('',(
    #8628,#8636,#8643,#8650,#8657,#8664,#8671,#8678),#632);
#8628 = STYLED_ITEM('color',(#8629),#51);
#8629 = PRESENTATION_STYLE_ASSIGNMENT((#8630));
#8630 = SURFACE_STYLE_USAGE(.BOTH.,#8631);
#8631 = SURFACE_SIDE_STYLE('',(#8632));
#8632 = SURFACE_STYLE_FILL_AREA(#8633);
#8633 = FILL_AREA_STYLE('',(#8634));
#8634 = FILL_AREA_STYLE_COLOUR('',#8635);
#8635 = COLOUR_RGB('',0.229735100727,0.229735100727,0.229735100727);
#8636 = STYLED_ITEM('color',(#8637),#117);
#8637 = PRESENTATION_STYLE_ASSIGNMENT((#8638));
#8638 = SURFACE_STYLE_USAGE(.BOTH.,#8639);
#8639 = SURFACE_SIDE_STYLE('',(#8640));
#8640 = SURFACE_STYLE_FILL_AREA(#8641);
#8641 = FILL_AREA_STYLE('',(#8642));
#8642 = FILL_AREA_STYLE_COLOUR('',#8635);
#8643 = STYLED_ITEM('color',(#8644),#229);
#8644 = PRESENTATION_STYLE_ASSIGNMENT((#8645));
#8645 = SURFACE_STYLE_USAGE(.BOTH.,#8646);
#8646 = SURFACE_SIDE_STYLE('',(#8647));
#8647 = SURFACE_STYLE_FILL_AREA(#8648);
#8648 = FILL_AREA_STYLE('',(#8649));
#8649 = FILL_AREA_STYLE_COLOUR('',#8635);
#8650 = STYLED_ITEM('color',(#8651),#303);
#8651 = PRESENTATION_STYLE_ASSIGNMENT((#8652));
#8652 = SURFACE_STYLE_USAGE(.BOTH.,#8653);
#8653 = SURFACE_SIDE_STYLE('',(#8654));
#8654 = SURFACE_STYLE_FILL_AREA(#8655);
#8655 = FILL_AREA_STYLE('',(#8656));
#8656 = FILL_AREA_STYLE_COLOUR('',#8635);
#8657 = STYLED_ITEM('color',(#8658),#415);
#8658 = PRESENTATION_STYLE_ASSIGNMENT((#8659));
#8659 = SURFACE_STYLE_USAGE(.BOTH.,#8660);
#8660 = SURFACE_SIDE_STYLE('',(#8661));
#8661 = SURFACE_STYLE_FILL_AREA(#8662);
#8662 = FILL_AREA_STYLE('',(#8663));
#8663 = FILL_AREA_STYLE_COLOUR('',#8635);
#8664 = STYLED_ITEM('color',(#8665),#459);
#8665 = PRESENTATION_STYLE_ASSIGNMENT((#8666));
#8666 = SURFACE_STYLE_USAGE(.BOTH.,#8667);
#8667 = SURFACE_SIDE_STYLE('',(#8668));
#8668 = SURFACE_STYLE_FILL_AREA(#8669);
#8669 = FILL_AREA_STYLE('',(#8670));
#8670 = FILL_AREA_STYLE_COLOUR('',#8635);
#8671 = STYLED_ITEM('color',(#8672),#478);
#8672 = PRESENTATION_STYLE_ASSIGNMENT((#8673));
#8673 = SURFACE_STYLE_USAGE(.BOTH.,#8674);
#8674 = SURFACE_SIDE_STYLE('',(#8675));
#8675 = SURFACE_STYLE_FILL_AREA(#8676);
#8676 = FILL_AREA_STYLE('',(#8677));
#8677 = FILL_AREA_STYLE_COLOUR('',#8635);
#8678 = STYLED_ITEM('color',(#8679),#522);
#8679 = PRESENTATION_STYLE_ASSIGNMENT((#8680));
#8680 = SURFACE_STYLE_USAGE(.BOTH.,#8681);
#8681 = SURFACE_SIDE_STYLE('',(#8682));
#8682 = SURFACE_STYLE_FILL_AREA(#8683);
#8683 = FILL_AREA_STYLE('',(#8684));
#8684 = FILL_AREA_STYLE_COLOUR('',#8635);
#8685 = MECHANICAL_DESIGN_GEOMETRIC_PRESENTATION_REPRESENTATION('',(
    #8686,#8693,#8700,#8707,#8714),#1477);
#8686 = STYLED_ITEM('color',(#8687),#653);
#8687 = PRESENTATION_STYLE_ASSIGNMENT((#8688));
#8688 = SURFACE_STYLE_USAGE(.BOTH.,#8689);
#8689 = SURFACE_SIDE_STYLE('',(#8690));
#8690 = SURFACE_STYLE_FILL_AREA(#8691);
#8691 = FILL_AREA_STYLE('',(#8692));
#8692 = FILL_AREA_STYLE_COLOUR('',#8635);
#8693 = STYLED_ITEM('color',(#8694),#820);
#8694 = PRESENTATION_STYLE_ASSIGNMENT((#8695));
#8695 = SURFACE_STYLE_USAGE(.BOTH.,#8696);
#8696 = SURFACE_SIDE_STYLE('',(#8697));
#8697 = SURFACE_STYLE_FILL_AREA(#8698);
#8698 = FILL_AREA_STYLE('',(#8699));
#8699 = FILL_AREA_STYLE_COLOUR('',#8635);
#8700 = STYLED_ITEM('color',(#8701),#977);
#8701 = PRESENTATION_STYLE_ASSIGNMENT((#8702));
#8702 = SURFACE_STYLE_USAGE(.BOTH.,#8703);
#8703 = SURFACE_SIDE_STYLE('',(#8704));
#8704 = SURFACE_STYLE_FILL_AREA(#8705);
#8705 = FILL_AREA_STYLE('',(#8706));
#8706 = FILL_AREA_STYLE_COLOUR('',#8635);
#8707 = STYLED_ITEM('color',(#8708),#1128);
#8708 = PRESENTATION_STYLE_ASSIGNMENT((#8709));
#8709 = SURFACE_STYLE_USAGE(.BOTH.,#8710);
#8710 = SURFACE_SIDE_STYLE('',(#8711));
#8711 = SURFACE_STYLE_FILL_AREA(#8712);
#8712 = FILL_AREA_STYLE('',(#8713));
#8713 = FILL_AREA_STYLE_COLOUR('',#8635);
#8714 = STYLED_ITEM('color',(#8715),#1322);
#8715 = PRESENTATION_STYLE_ASSIGNMENT((#8716));
#8716 = SURFACE_STYLE_USAGE(.BOTH.,#8717);
#8717 = SURFACE_SIDE_STYLE('',(#8718));
#8718 = SURFACE_STYLE_FILL_AREA(#8719);
#8719 = FILL_AREA_STYLE('',(#8720));
#8720 = FILL_AREA_STYLE_COLOUR('',#8635);
ENDSEC;
END-ISO-10303-21;
